C:\Users\USER\Desktop\all tests\Wang-04-15\04-15-events.TXT
C:\Users\USER\Desktop\all tests\Wang-04-15\04-15-events.TXT
Express-8 (r) Location Version 
Version V5.94

4/15/2026, 17:03:41

128            0.0000000		Acquisition Running
 ID     SSSSSSSS.mmmuuun  CH  RISE  COUN  ENER  DURATION AMP  ABS-ENERGY
* Gp# 1[3,2,1,6,5] x,y,z = -7.226, 19.51, -20.24, q = 0.8328 dT[7, 12, 21, 30] Src Amplitude = 60.0
*             39.0627115   3     8    14     7       266  60   1.604E+03
*             39.0627180   2     1     7     1        41  57 513.655E+00
*             39.0627230   1     1    10     3       100  62 939.210E+00
*             39.0627325   6    13     9     2       122  55 507.199E+00
*             39.0627410   5     2     3     0         2  48   5.628E+00
* Gp# 1[3,6,1,2,4,5] x,y,z = -0.6134, 58.05, -0.319, q = 1 dT[0, 1, 1, 1, 1] Src Amplitude = 60.0
*            124.8955965   3     2     6     2       193  60 655.896E+00
*            124.8955965   6     2     6     1       191  61 613.722E+00
*            124.8955970   1     2     5     1       194  58 429.123E+00
*            124.8955970   2     2     4     4       194  62   1.531E+03
*            124.8955970   4     2     5     1       194  58 412.627E+00
*            124.8955970   5     2     6     1       194  58 480.997E+00
* Gp# 1[1,3,2,6] x,y,z = -2.184, 0.692, 11.51, q = 1 dT[5, 5, 26] Src Amplitude = 59.0
*            417.3492780   1    15    29     7       195  59   1.832E+03
*            417.3492825   3     9    23     8       198  61   2.553E+03
*            417.3492830   2     1    17     5       127  60   1.289E+03
*            417.3493035   6     2    20     4       140  55 874.093E+00
* Gp# 1[1,3,2,6] x,y,z = -2.184, 0.692, 11.51, q = 1 dT[5, 5, 26] Src Amplitude = 59.0
*            419.9378610   1    15    29     7       195  59   1.856E+03
*            419.9378655   3     9    21     8       194  61   2.558E+03
*            419.9378660   2     1    16     6       193  59   1.498E+03
*            419.9378865   6     2    19     4       140  56 882.518E+00
* Gp# 1[1,3,2,6] x,y,z = -2.184, 0.692, 11.51, q = 1 dT[5, 5, 26] Src Amplitude = 59.0
*            429.6372470   1    15    29     7       198  59   1.948E+03
*            429.6372515   3     9    24     8       194  61   2.705E+03
*            429.6372520   2     2    16     4       121  60   1.255E+03
*            429.6372725   6    66    19     5       206  56 993.131E+00
* Gp# 1[1,3,2,6] x,y,z = -2.184, 0.692, 11.51, q = 1 dT[5, 5, 26] Src Amplitude = 59.0
*            441.9885310   1    15    27     7       201  59   2.028E+03
*            441.9885355   3     9    24     8       194  61   2.792E+03
*            441.9885360   2     5    19     6       186  60   1.586E+03
*            441.9885565   6    66    19     5       209  56   1.030E+03
* Gp# 1[1,3,2,6] x,y,z = -2.184, 0.692, 11.51, q = 1 dT[5, 5, 26] Src Amplitude = 60.0
*            448.0986420   1    15    28     7       201  60   2.054E+03
*            448.0986465   3     9    24     8       194  61   2.815E+03
*            448.0986470   2     1    19     7       195  59   1.583E+03
*            448.0986675   6    66    20     5       202  56   1.028E+03
* Gp# 1[1,3,2,6] x,y,z = -2.184, 0.692, 11.51, q = 1 dT[5, 5, 26] Src Amplitude = 60.0
*            453.9862900   1    15    27     8       210  60   2.102E+03
*            453.9862945   3     9    25     8       153  61   2.758E+03
*            453.9862950   2     1    20     7       201  59   1.658E+03
*            453.9863155   6    66    20     5       205  56   1.030E+03
* Gp# 1[1,3,2,6] x,y,z = -2.184, 0.692, 11.51, q = 1 dT[5, 5, 26] Src Amplitude = 60.0
*            463.6684270   1    15    34     8       210  60   2.161E+03
*            463.6684315   3     9    27     9       193  61   2.900E+03
*            463.6684320   2     1    21     7       204  59   1.698E+03
*            463.6684525   6    63    20     5       208  56   1.060E+03
* Gp# 1[1,3,2,6] x,y,z = -2.184, 0.692, 11.51, q = 1 dT[5, 5, 26] Src Amplitude = 60.0
*            469.6218470   1    15    33     8       197  60   2.153E+03
*            469.6218515   3     9    27     9       193  61   2.934E+03
*            469.6218520   2     1    20     7       201  59   1.655E+03
*            469.6218725   6    62    20     4       142  56 986.820E+00
* Gp# 1[1,3,2,6] x,y,z = -2.184, 0.692, 11.51, q = 1 dT[5, 5, 26] Src Amplitude = 60.0
*            473.1693040   1    15    33     8       210  60   2.206E+03
*            473.1693085   3    13    27     9       193  61   2.930E+03
*            473.1693090   2     1    19     7       198  58   1.694E+03
*            473.1693295   6    62    21     5       201  56   1.061E+03
* Gp# 1[4,5,6,1] x,y,z = -1.128, 91.97, -19.24, q = 1 dT[13, 14, 29] Src Amplitude = 48.0
*            575.0554970   4     1     1     0         1  48   0.000E+00
*            575.0555100   5     1     6     0        43  50 121.168E+00
*            575.0555105   6     2     9     1        76  52 214.282E+00
*            575.0555260   1     2    11     2        71  55 402.845E+00
* Gp# 1[1,3,2,6,5] x,y,z = 4.525, 14.33, 3.606, q = 0.924 dT[2, 2, 18, 26] Src Amplitude = 60.0
*            577.5910160   1     9    28     8       195  60   2.554E+03
*            577.5910175   3    13    30    10       238  62   3.072E+03
*            577.5910180   2     1    19     7       202  60   1.835E+03
*            577.5910335   6    70    26     7       252  57   1.449E+03
*            577.5910420   5    20    14     3        99  56 767.773E+00
* Gp# 1[1,3,2,6,5] x,y,z = -3.681, 2.413, 7.54, q = 0.9767 dT[2, 5, 23, 26] Src Amplitude = 59.0
*            602.2962350   1    12    27     7       191  59   1.720E+03
*            602.2962365   3    13    28     7       213  60   1.953E+03
*            602.2962400   2     1    15     4       117  59 981.477E+00
*            602.2962575   6    68    19     4       170  56 921.145E+00
*            602.2962610   5    17    13     2        96  54 537.328E+00
* Gp# 1[1,2,3,6,5] x,y,z = 7.343, 9.326, 1.825, q = 0.9421 dT[0, 2, 18, 26] Src Amplitude = 61.0
*            621.1119410   1     9    27     8       194  61   2.683E+03
*            621.1119410   2     2    20     6       140  60   1.914E+03
*            621.1119425   3    13    32     9       213  62   2.966E+03
*            621.1119585   6    73    26     6       175  58   1.454E+03
*            621.1119670   5    40    15     3        92  56 798.910E+00
* Gp# 1[1,3,2,6,5] x,y,z = -3.681, 2.413, 7.54, q = 0.9767 dT[2, 5, 23, 26] Src Amplitude = 59.0
*            624.6093620   1     9    27     7       194  59   1.758E+03
*            624.6093635   3    13    27     7       210  60   1.939E+03
*            624.6093670   2     1    15     4       113  59   1.071E+03
*            624.6093845   6     1    20     4       167  56 925.739E+00
*            624.6093880   5    34    13     2        92  54 522.762E+00
* Gp# 1[1,3,2,6,5] x,y,z = -3.681, 2.413, 7.54, q = 0.9767 dT[2, 5, 23, 26] Src Amplitude = 59.0
*            624.8010010   1     9    27     7       191  59   1.754E+03
*            624.8010025   3    13    27     7       213  60   1.927E+03
*            624.8010060   2     3    15     4       113  58   1.050E+03
*            624.8010235   6     1    21     4       170  56 937.200E+00
*            624.8010270   5    17    13     2        92  54 523.470E+00
* Gp# 1[1,3,2,6,5] x,y,z = -3.681, 2.413, 7.54, q = 0.9767 dT[2, 5, 23, 26] Src Amplitude = 59.0
*            636.8166600   1     9    26     7       194  59   1.780E+03
*            636.8166615   3    13    27     7       182  60   1.903E+03
*            636.8166650   2     1    14     5       162  58   1.190E+03
*            636.8166825   6    68    20     4       166  56 938.126E+00
*            636.8166860   5    40    13     2        92  54 522.439E+00
* Gp# 1[1,2,3,6,5] x,y,z = 7.343, 9.326, 1.825, q = 0.9421 dT[0, 2, 18, 26] Src Amplitude = 61.0
*            640.0594240   1     9    29     8       194  61   2.722E+03
*            640.0594240   2     5    20     8       197  61   2.311E+03
*            640.0594255   3    13    30     9       213  62   2.944E+03
*            640.0594415   6    73    25     7       250  58   1.582E+03
*            640.0594500   5    40    15     3        92  55 804.876E+00
* Gp# 1[1,2,3,6,5] x,y,z = 5.845, 2.614, 8.655, q = 1 dT[3, 5, 23, 26] Src Amplitude = 59.0
*            642.8810430   1     6    27     7       194  59   1.785E+03
*            642.8810460   2     5    15     4       118  59   1.200E+03
*            642.8810475   3     7    25     7       210  60   1.894E+03
*            642.8810655   6    24    19     4       167  56 945.940E+00
*            642.8810690   5    20    13     2        92  54 528.555E+00
* Gp# 1[1,2,3,6,5] x,y,z = 5.63, 11.91, 2.788, q = 0.9335 dT[1, 2, 18, 26] Src Amplitude = 60.0
*            646.0349330   1     9    30     8       194  60   2.726E+03
*            646.0349340   2     7    23     8       199  60   2.226E+03
*            646.0349345   3    10    31     9       213  62   2.975E+03
*            646.0349505   6    73    24     6       180  58   1.518E+03
*            646.0349590   5    40    15     3        92  56 811.015E+00
* Gp# 1[1,2,3,6,5] x,y,z = 7.343, 9.326, 1.825, q = 0.9421 dT[0, 2, 18, 26] Src Amplitude = 60.0
*            649.5781320   1     6    31     8       194  60   2.727E+03
*            649.5781320   2     8    20     6       140  61   2.166E+03
*            649.5781335   3    10    30     9       213  62   2.957E+03
*            649.5781495   6    73    23     7       250  58   1.583E+03
*            649.5781580   5    34    16     3        96  56 813.114E+00
* Gp# 1[1,2,3,6,5] x,y,z = 5.845, 2.614, 8.655, q = 1 dT[3, 5, 23, 26] Src Amplitude = 59.0
*            652.6581690   1    13    27     7       194  59   1.790E+03
*            652.6581720   2     1    13     5       115  59   1.403E+03
*            652.6581735   3     7    25     6       179  60   1.832E+03
*            652.6581915   6    24    19     4       167  56 952.535E+00
*            652.6581950   5    20    13     2        92  54 533.320E+00
* Gp# 1[1,2,3,6,5] x,y,z = 5.845, 2.614, 8.655, q = 1 dT[3, 5, 23, 26] Src Amplitude = 61.0
*            652.9459070   1    13    31     9       194  61   2.737E+03
*            652.9459100   2     5    20     8       197  61   2.351E+03
*            652.9459115   3     7    29     9       210  61   2.879E+03
*            652.9459295   6    68    22     7       245  58   1.573E+03
*            652.9459330   5    34    16     3        92  56 792.315E+00
* Gp# 1[1,3,2,6,5] x,y,z = 2.897, 15.37, 4.378, q = 0.9137 dT[2, 3, 18, 26] Src Amplitude = 60.0
*            655.5687340   1     6    31     8       194  60   2.737E+03
*            655.5687355   3    10    31     9       213  62   2.938E+03
*            655.5687370   2     2    19     6       115  60   2.110E+03
*            655.5687515   6    73    22     6       174  58   1.501E+03
*            655.5687600   5    34    15     3        92  56 807.876E+00
* Gp# 1[1,2,3,6,5] x,y,z = 7.343, 9.326, 1.825, q = 0.9421 dT[0, 2, 18, 26] Src Amplitude = 61.0
*            655.9518370   1     9    31     8       194  61   2.737E+03
*            655.9518370   2     8    21     8       197  60   2.454E+03
*            655.9518385   3     7    31     9       213  62   2.954E+03
*            655.9518545   6    73    24     6       177  58   1.511E+03
*            655.9518630   5    40    14     4       120  56 864.437E+00
* Gp# 1[1,3,2,6,5] x,y,z = 0.6992, 1.511, 5.312, q = 0.9763 dT[2, 3, 22, 26] Src Amplitude = 61.0
*            656.1445330   1     9    31     8       194  61   2.745E+03
*            656.1445345   3    10    31     9       216  62   2.937E+03
*            656.1445360   2     5    20     8       194  60   2.331E+03
*            656.1445545   6    69    22     6       173  58   1.488E+03
*            656.1445590   5    40    15     3        92  56 797.881E+00
* Gp# 1[1,3,2,6,5] x,y,z = 4.525, 14.33, 3.606, q = 0.924 dT[2, 2, 18, 26] Src Amplitude = 61.0
*            658.7054130   1     9    30     8       194  61   2.735E+03
*            658.7054145   3    13    30     9       206  62   2.950E+03
*            658.7054150   2     1    22     7       137  60   2.087E+03
*            658.7054305   6    25    23     6       174  58   1.493E+03
*            658.7054390   5     2    15     3       110  56 844.322E+00
* Gp# 1[1,2,3,6,5] x,y,z = 5.845, 2.614, 8.655, q = 1 dT[3, 5, 23, 26] Src Amplitude = 59.0
*            661.6796490   1    13    26     7       194  59   1.808E+03
*            661.6796520   2     1    16     5       140  58   1.527E+03
*            661.6796535   3     7    25     6       175  60   1.827E+03
*            661.6796715   6    68    18     4       166  56 963.581E+00
*            661.6796750   5    34    13     2        92  54 532.337E+00
* Gp# 1[1,3,2,6,5] x,y,z = 1.737, 3.481, 3.922, q = 0.9874 dT[2, 2, 22, 25] Src Amplitude = 61.0
*            661.9671780   1    12    31     9       193  61   2.741E+03
*            661.9671795   3    13    32     9       209  62   2.926E+03
*            661.9671800   2     9    21     6       130  61   2.129E+03
*            661.9671995   6    65    22     6       175  57   1.481E+03
*            661.9672030   5    20    17     3        96  56 816.263E+00
* Gp# 1[1,3,2,6,5] x,y,z = 4.525, 14.33, 3.606, q = 0.924 dT[2, 2, 18, 26] Src Amplitude = 61.0
*            662.3507170   1    12    31     9       194  61   2.751E+03
*            662.3507185   3    13    31     9       209  62   2.928E+03
*            662.3507190   2     9    21     7       133  60   2.193E+03
*            662.3507345   6    49    23     6       174  58   1.507E+03
*            662.3507430   5     5    15     3        95  56 819.551E+00
* Gp# 1[1,2,3,6,5] x,y,z = 7.343, 9.326, 1.825, q = 0.9421 dT[0, 2, 18, 26] Src Amplitude = 61.0
*            664.9335510   1     9    30     8       197  61   2.774E+03
*            664.9335510   2     2    22     8       197  61   2.455E+03
*            664.9335525   3    13    32     9       197  62   2.939E+03
*            664.9335685   6    73    23     6       174  58   1.512E+03
*            664.9335770   5    40    16     3        92  56 813.166E+00
* Gp# 1[1,3,2,6,5] x,y,z = -3.681, 2.413, 7.54, q = 0.9767 dT[2, 5, 23, 26] Src Amplitude = 58.0
*            665.2209170   1     6    27     7       194  58   1.810E+03
*            665.2209185   3    10    26     7       181  60   1.897E+03
*            665.2209220   2     3    17     4       113  58   1.274E+03
*            665.2209395   6    68    19     4       169  56 968.412E+00
*            665.2209430   5    17    13     3       110  54 554.632E+00
* Gp# 1[1,3,2,6,5] x,y,z = 1.737, 3.481, 3.922, q = 0.9874 dT[2, 2, 22, 25] Src Amplitude = 59.0
*            665.4128350   1    12    26     7       193  59   1.801E+03
*            665.4128365   3     9    25     6       177  60   1.884E+03
*            665.4128370   2     1    16     5       133  58   1.445E+03
*            665.4128565   6    68    17     4       166  56 961.615E+00
*            665.4128600   5    20    13     2        92  54 529.666E+00
* Gp# 1[1,3,2,6,5] x,y,z = 4.525, 14.33, 3.606, q = 0.924 dT[2, 2, 18, 26] Src Amplitude = 61.0
*            668.1282640   1    12    30     9       194  61   2.754E+03
*            668.1282655   3    13    31     9       209  62   2.949E+03
*            668.1282660   2     1    21     7       130  61   2.261E+03
*            668.1282815   6     1    22     6       171  58   1.496E+03
*            668.1282900   5     2    16     3        95  56 822.427E+00
* Gp# 1[1,3,2,6,5] x,y,z = -3.681, 2.413, 7.54, q = 0.9767 dT[2, 5, 23, 26] Src Amplitude = 59.0
*            668.2242850   1     6    28     7       194  59   1.807E+03
*            668.2242865   3    13    26     7       181  60   1.906E+03
*            668.2242900   2     3    16     4       109  59   1.267E+03
*            668.2243075   6    68    18     4       169  56 969.992E+00
*            668.2243110   5    40    12     2        89  54 526.029E+00
* Gp# 1[1,2,3,6,5] x,y,z = 7.343, 9.326, 1.825, q = 0.9421 dT[0, 2, 18, 26] Src Amplitude = 61.0
*            668.3200270   1     9    30     8       197  61   2.778E+03
*            668.3200270   2     8    23     7       132  60   2.355E+03
*            668.3200285   3    13    33     9       200  62   2.945E+03
*            668.3200445   6    73    22     6       174  58   1.516E+03
*            668.3200530   5    40    16     3       110  56 849.949E+00
* Gp# 1[1,2,3,6,5] x,y,z = 7.343, 9.326, 1.825, q = 0.9421 dT[0, 2, 18, 26] Src Amplitude = 61.0
*            668.7035660   1    12    30     8       197  61   2.763E+03
*            668.7035660   2     2    23     7       132  60   2.327E+03
*            668.7035675   3    13    31     9       209  62   2.933E+03
*            668.7035835   6    25    22     6       174  58   1.510E+03
*            668.7035920   5    40    16     3        95  56 830.003E+00
* Gp# 1[1,2,3,6,5] x,y,z = 4.935, 7.224, 5.826, q = 1 dT[2, 4, 22, 25] Src Amplitude = 59.0
*            671.1334260   1    12    25     7       193  59   1.807E+03
*            671.1334280   2     5    16     5       115  59   1.490E+03
*            671.1334295   3     7    26     7       191  60   1.874E+03
*            671.1334475   6    68    17     4       169  56 976.828E+00
*            671.1334510   5    17    13     2        92  53 519.045E+00
* Gp# 1[1,3,2,6,5] x,y,z = 4.963, 10.39, 9.366, q = 0.9189 dT[5, 5, 20, 28] Src Amplitude = 61.0
*            674.3034400   1    15    31     9       196  61   2.814E+03
*            674.3034445   3     9    30     9       197  62   2.938E+03
*            674.3034450   2     1    24     6       115  61   2.264E+03
*            674.3034595   6    73    22     6       177  57   1.519E+03
*            674.3034680   5    34    16     3        92  55 813.776E+00
* Gp# 1[1,2,3,6,5] x,y,z = 7.343, 9.326, 1.825, q = 0.9421 dT[0, 2, 18, 26] Src Amplitude = 61.0
*            674.8803710   1     9    30     8       197  61   2.787E+03
*            674.8803710   2     5    23     8       167  61   2.683E+03
*            674.8803725   3    10    31     9       197  62   2.951E+03
*            674.8803885   6    73    21     6       174  58   1.513E+03
*            674.8803970   5    40    16     3       110  56 847.493E+00
* Gp# 1[1,3,2,6,5] x,y,z = 0.6992, 1.511, 5.312, q = 0.9763 dT[2, 3, 22, 26] Src Amplitude = 61.0
*            677.4682200   1     9    30     8       197  61   2.789E+03
*            677.4682215   3    10    31     9       197  62   2.951E+03
*            677.4682230   2     5    20     8       194  60   2.543E+03
*            677.4682415   6    69    22     6       170  58   1.497E+03
*            677.4682460   5    40    16     3       110  56 851.518E+00
* Gp# 1[1,3,2,6,5] x,y,z = 1.737, 3.481, 3.922, q = 0.9874 dT[2, 2, 22, 25] Src Amplitude = 61.0
*            677.6600670   1    12    31     9       193  61   2.783E+03
*            677.6600685   3    13    32     9       197  62   2.972E+03
*            677.6600690   2     9    20     7       137  60   2.212E+03
*            677.6600885   6    24    22     6       167  57   1.482E+03
*            677.6600920   5    20    15     3        96  56 817.514E+00
* Gp# 1[1,3,2,6,5] x,y,z = -0.3289, 1.568, 2.947, q = 0.9852 dT[1, 2, 22, 25] Src Amplitude = 59.0
*            680.4856280   1    12    28     7       193  59   1.821E+03
*            680.4856285   3    10    24     7       178  60   1.920E+03
*            680.4856300   2     2    15     5       133  59   1.602E+03
*            680.4856495   6    68    17     4       166  56 970.790E+00
*            680.4856530   5    17    13     2        92  54 549.737E+00
* Gp# 1[1,3,2,6,5] x,y,z = 1.737, 3.481, 3.922, q = 0.9874 dT[2, 2, 22, 25] Src Amplitude = 60.0
*            680.6782570   1    12    28     7       193  60   1.816E+03
*            680.6782585   3     9    25     7       177  60   1.889E+03
*            680.6782590   2     1    16     5       115  58   1.460E+03
*            680.6782785   6    24    18     4       166  56 968.571E+00
*            680.6782820   5    20    13     2        89  54 532.364E+00
* Gp# 1[1,3,2,6,5] x,y,z = 2.897, 15.37, 4.378, q = 0.9137 dT[2, 3, 18, 26] Src Amplitude = 60.0
*            681.1575350   1     6    30     9       197  60   2.794E+03
*            681.1575365   3    10    31     9       197  62   2.963E+03
*            681.1575380   2     5    20     8       164  60   2.566E+03
*            681.1575525   6    73    22     6       174  58   1.527E+03
*            681.1575610   5    40    15     3       110  56 867.965E+00
* Gp# 1[1,3,2,6,5] x,y,z = 1.737, 3.481, 3.922, q = 0.9874 dT[2, 2, 22, 25] Src Amplitude = 59.0
*            683.5454660   1    12    27     7       193  59   1.820E+03
*            683.5454675   3     9    26     7       225  60   1.986E+03
*            683.5454680   2     1    17     5       133  59   1.555E+03
*            683.5454875   6    68    18     4       169  56 975.540E+00
*            683.5454910   5     1    12     2        89  54 535.315E+00
* Gp# 1[1,3,2,6,5] x,y,z = 1.737, 3.481, 3.922, q = 0.9874 dT[2, 2, 22, 25] Src Amplitude = 59.0
*            683.7381300   1    12    27     7       193  59   1.821E+03
*            683.7381315   3     9    25     7       177  60   1.894E+03
*            683.7381320   2     1    19     6       140  59   1.738E+03
*            683.7381515   6    68    18     4       169  56 972.291E+00
*            683.7381550   5    17    13     2        92  54 542.063E+00
* Gp# 1[1,2,3,6,5] x,y,z = 7.343, 9.326, 1.825, q = 0.9421 dT[0, 2, 18, 26] Src Amplitude = 60.0
*            683.8339580   1     6    30     8       197  60   2.802E+03
*            683.8339580   2     5    20     8       167  61   2.564E+03
*            683.8339595   3    10    31     9       197  62   2.968E+03
*            683.8339755   6    73    22     6       174  58   1.509E+03
*            683.8339840   5    40    15     3       110  56 844.248E+00
* Gp# 1[1,2,3,6,5] x,y,z = 7.343, 9.326, 1.825, q = 0.9421 dT[0, 2, 18, 26] Src Amplitude = 60.0
*            684.2184800   1     9    30     8       197  60   2.792E+03
*            684.2184800   2     8    22     7       139  60   2.543E+03
*            684.2184815   3    10    32     9       209  62   2.984E+03
*            684.2184975   6    73    22     6       199  58   1.565E+03
*            684.2185060   5    40    17     3        92  56 827.373E+00
* Gp# 1[1,2,3,6,5] x,y,z = 5.845, 2.614, 8.655, q = 1 dT[3, 5, 23, 26] Src Amplitude = 59.0
*            686.7012940   1     6    27     7       194  59   1.830E+03
*            686.7012970   2     2    14     6       132  58   1.640E+03
*            686.7012985   3     7    25     6       178  60   1.868E+03
*            686.7013165   6    68    18     4       166  56 967.522E+00
*            686.7013200   5    40    14     2        89  54 527.302E+00
* Gp# 1[1,3,2,6,5] x,y,z = 2.897, 15.37, 4.378, q = 0.9137 dT[2, 3, 18, 26] Src Amplitude = 61.0
*            686.9888700   1     6    30     9       197  61   2.798E+03
*            686.9888715   3    10    31     9       197  62   2.970E+03
*            686.9888730   2     5    19     7       137  61   2.587E+03
*            686.9888875   6    73    21     6       174  58   1.517E+03
*            686.9888960   5    40    16     3       110  56 858.375E+00
* Gp# 1[1,2,3,6,5] x,y,z = 4.935, 7.224, 5.826, q = 1 dT[2, 4, 22, 25] Src Amplitude = 59.0
*            687.0847750   1    12    28     7       196  59   1.828E+03
*            687.0847770   2     1    19     6       133  58   1.624E+03
*            687.0847785   3     7    26     6       178  60   1.880E+03
*            687.0847965   6    68    18     4       169  56 971.696E+00
*            687.0848000   5    17    13     3       110  54 556.655E+00
* Gp# 1[1,3,2,6,5] x,y,z = 4.963, 10.39, 9.366, q = 0.9189 dT[5, 5, 20, 28] Src Amplitude = 61.0
*            687.1805620   1    15    31     9       199  61   2.832E+03
*            687.1805665   3     9    31     8       181  62   2.931E+03
*            687.1805670   2     1    22     8       194  60   2.606E+03
*            687.1805815   6    73    23     6       174  58   1.515E+03
*            687.1805900   5    20    15     4       120  56 877.126E+00
* Gp# 1[1,3,2,6,5] x,y,z = -3.681, 2.413, 7.54, q = 0.9767 dT[2, 5, 23, 26] Src Amplitude = 59.0
*            687.2766380   1     9    27     7       194  59   1.823E+03
*            687.2766395   3    13    24     7       181  60   1.917E+03
*            687.2766430   2     3    15     6       162  59   1.479E+03
*            687.2766605   6    68    18     4       166  56 966.929E+00
*            687.2766640   5    40    13     2        51  54 469.401E+00
* Gp# 1[1,3,2,6,5] x,y,z = 1.737, 3.481, 3.922, q = 0.9874 dT[2, 2, 22, 25] Src Amplitude = 59.0
*            689.8912040   1    12    27     7       196  59   1.833E+03
*            689.8912055   3     9    25     7       177  60   1.917E+03
*            689.8912060   2     1    15     5       111  58   1.363E+03
*            689.8912255   6    68    17     4       166  56 965.927E+00
*            689.8912290   5    17    13     2        89  54 539.458E+00
* Gp# 1[1,3,2,6,5] x,y,z = 1.737, 3.481, 3.922, q = 0.9874 dT[2, 2, 22, 25] Src Amplitude = 61.0
*            690.5623400   1    12    30     9       196  61   2.794E+03
*            690.5623415   3     9    30     9       193  62   2.962E+03
*            690.5623420   2     9    22     7       136  60   2.474E+03
*            690.5623615   6    68    22     6       172  58   1.505E+03
*            690.5623650   5    20    16     4       120  56 877.037E+00
* Gp# 1[1,3,2,6,5] x,y,z = -2.869, 5.84, 6.792, q = 0.9654 dT[2, 5, 22, 26] Src Amplitude = 59.0
*            693.0249630   1     9    27     7       194  59   1.827E+03
*            693.0249645   3     7    27     7       200  60   1.950E+03
*            693.0249680   2     3    16     5       130  58   1.482E+03
*            693.0249845   6    69    18     4       167  56 965.502E+00
*            693.0249890   5    40    13     2        51  54 467.884E+00
* Gp# 1[1,3,2,6,5] x,y,z = 0.6992, 1.511, 5.312, q = 0.9763 dT[2, 3, 22, 26] Src Amplitude = 59.0
*            693.4087120   1     6    27     7       194  59   1.836E+03
*            693.4087135   3    10    27     7       181  60   1.935E+03
*            693.4087150   2     2    14     5       114  59   1.565E+03
*            693.4087335   6    69    18     4       167  56 966.422E+00
*            693.4087380   5    40    13     2        86  54 529.332E+00
* Gp# 1[1,3,2,6,5] x,y,z = 4.525, 14.33, 3.606, q = 0.924 dT[2, 2, 18, 26] Src Amplitude = 61.0
*            693.5044540   1    12    30     9       194  61   2.794E+03
*            693.5044555   3    13    34     9       200  62   2.990E+03
*            693.5044560   2     1    22     7       130  60   2.355E+03
*            693.5044715   6    25    22     6       171  58   1.495E+03
*            693.5044800   5     2    16     3        95  56 827.129E+00
* Gp# 1[1,2,3,6,5] x,y,z = 4.935, 7.224, 5.826, q = 1 dT[2, 4, 22, 25] Src Amplitude = 59.0
*            693.6002320   1    12    27     7       193  59   1.841E+03
*            693.6002340   2     1    18     6       133  58   1.589E+03
*            693.6002355   3     7    26     6       178  60   1.895E+03
*            693.6002535   6    68    18     4       169  56 972.583E+00
*            693.6002570   5    34    13     3       110  54 567.013E+00
* Gp# 1[1,3,2,6,5] x,y,z = 0.6992, 1.511, 5.312, q = 0.9763 dT[2, 3, 22, 26] Src Amplitude = 59.0
*            696.3498080   1     6    28     7       194  59   1.835E+03
*            696.3498095   3    10    25     7       181  60   1.921E+03
*            696.3498110   2     2    16     6       132  59   1.678E+03
*            696.3498295   6    69    18     4       167  56 963.798E+00
*            696.3498340   5    43    13     2        51  54 467.816E+00
* Gp# 1[1,2,3,6,5] x,y,z = 7.343, 9.326, 1.825, q = 0.9421 dT[0, 2, 18, 26] Src Amplitude = 61.0
*            696.6383440   1     9    31     8       197  61   2.810E+03
*            696.6383440   2     8    22     8       167  60   2.673E+03
*            696.6383455   3    10    31     9       197  62   2.981E+03
*            696.6383615   6    73    22     6       171  58   1.506E+03
*            696.6383700   5    40    15     3       110  56 855.979E+00
* Gp# 1[1,2,3,6,5] x,y,z = 4.935, 7.224, 5.826, q = 1 dT[2, 4, 22, 25] Src Amplitude = 59.0
*            699.3258930   1    12    27     7       193  59   1.844E+03
*            699.3258950   2     1    18     5       115  59   1.630E+03
*            699.3258965   3     7    25     7       191  60   1.907E+03
*            699.3259145   6    68    18     4       166  56 969.490E+00
*            699.3259180   5    20    13     3       110  54 566.718E+00
* Gp# 1[1,2,3,6,5] x,y,z = 14.15, 11.49, 6.143, q = 0.9552 dT[0, 5, 18, 26] Src Amplitude = 61.0
*            699.6145710   1     6    30     9       197  61   2.817E+03
*            699.6145710   2     8    22     7       139  60   2.564E+03
*            699.6145755   3     7    31     9       200  62   2.930E+03
*            699.6145885   6    73    21     6       174  58   1.505E+03
*            699.6145970   5    40    16     3       110  56 863.813E+00
* Gp# 1[1,3,2,6,5] x,y,z = 1.737, 3.481, 3.922, q = 0.9874 dT[2, 2, 22, 25] Src Amplitude = 62.0
*            702.9611590   1    12    31     9       193  62   2.795E+03
*            702.9611605   3    13    31     9       225  62   3.037E+03
*            702.9611610   2     9    22     7       136  60   2.641E+03
*            702.9611805   6    65    21     6       172  57   1.490E+03
*            702.9611840   5    20    15     4       120  56 866.984E+00
* Gp# 1[1,3,2,6,5] x,y,z = 0.6992, 1.511, 5.312, q = 0.9763 dT[2, 3, 22, 26] Src Amplitude = 61.0
*            703.1531230   1     9    29     8       197  61   2.823E+03
*            703.1531245   3    10    31     9       197  62   2.970E+03
*            703.1531260   2     2    21     7       129  61   2.627E+03
*            703.1531445   6    21    20     5       167  58   1.482E+03
*            703.1531490   5    40    16     3        95  56 826.754E+00
* Gp# 1[1,3,2,6,5] x,y,z = 1.737, 3.481, 3.922, q = 0.9874 dT[2, 2, 22, 25] Src Amplitude = 62.0
*            706.1352450   1    12    31     9       196  62   2.815E+03
*            706.1352465   3    13    31    10       228  62   3.063E+03
*            706.1352470   2     9    22     8       136  61   2.693E+03
*            706.1352665   6    68    20     6       169  58   1.488E+03
*            706.1352700   5    34    15     4       120  56 862.005E+00
* Gp# 1[1,3,2,6,5] x,y,z = 4.963, 10.39, 9.366, q = 0.9189 dT[5, 5, 20, 28] Src Amplitude = 61.0
*            706.3267520   1    15    30     9       199  61   2.868E+03
*            706.3267565   3     9    31     9       196  62   3.002E+03
*            706.3267570   2     2    21     7       132  61   2.638E+03
*            706.3267715   6    73    20     6       174  58   1.511E+03
*            706.3267800   5    34    16     3       110  56 845.221E+00
* Gp# 1[1,3,2,6,5] x,y,z = 0.6992, 1.511, 5.312, q = 0.9763 dT[2, 3, 22, 26] Src Amplitude = 59.0
*            708.9704880   1     6    26     7       193  59   1.845E+03
*            708.9704895   3    13    26     7       181  60   1.946E+03
*            708.9704910   2     2    17     6       132  59   1.739E+03
*            708.9705095   6     2    18     4       164  56 958.521E+00
*            708.9705140   5    40    13     2        51  54 467.204E+00
* Gp# 1[1,3,2,6,5] x,y,z = 4.963, 10.39, 9.366, q = 0.9189 dT[5, 5, 20, 28] Src Amplitude = 62.0
*            709.2581630   1    15    30     9       199  62   2.871E+03
*            709.2581675   3     9    31     9       196  62   3.018E+03
*            709.2581680   2     1    20     8       136  60   2.714E+03
*            709.2581825   6    73    21     6       174  58   1.519E+03
*            709.2581910   5    34    16     3       110  56 852.005E+00
* Gp# 1[1,3,2,6,5] x,y,z = 0.6992, 1.511, 5.312, q = 0.9763 dT[2, 3, 22, 26] Src Amplitude = 60.0
*            711.9288390   1     6    30     8       197  60   2.829E+03
*            711.9288405   3    10    31     9       197  62   3.010E+03
*            711.9288420   2     5    20     7       132  60   2.740E+03
*            711.9288605   6    69    20     5       167  58   1.478E+03
*            711.9288650   5    40    15     3        95  56 820.062E+00
* Gp# 1[1,2,3,6,5] x,y,z = 4.935, 7.224, 5.826, q = 1 dT[2, 4, 22, 25] Src Amplitude = 59.0
*            712.4081230   1    12    27     7       193  59   1.851E+03
*            712.4081250   2     1    17     6       132  59   1.841E+03
*            712.4081265   3     7    25     7       178  60   1.917E+03
*            712.4081445   6    68    17     4       166  56 966.546E+00
*            712.4081480   5    43    13     2        86  54 527.938E+00
* Gp# 1[1,3,2,6,5] x,y,z = 4.525, 14.33, 3.606, q = 0.924 dT[2, 2, 18, 26] Src Amplitude = 61.0
*            712.5038680   1     9    30     8       194  61   2.832E+03
*            712.5038695   3    13    31    10       264  62   3.111E+03
*            712.5038700   2     6    21     7       133  61   2.815E+03
*            712.5038855   6    25    20     6       168  58   1.485E+03
*            712.5038940   5     2    15     3        95  56 816.177E+00
* Gp# 1[1,3,2,6,5] x,y,z = 1.737, 3.481, 3.922, q = 0.9874 dT[2, 2, 22, 25] Src Amplitude = 60.0
*            714.9481610   1    12    28     7       193  60   1.845E+03
*            714.9481625   3     9    27     7       180  60   1.961E+03
*            714.9481630   2     1    18     6       129  59   1.815E+03
*            714.9481825   6     1    17     4       166  56 972.172E+00
*            714.9481860   5    20    13     3       110  54 558.053E+00
* Gp# 1[1,3,2,6,5] x,y,z = 4.963, 10.39, 9.366, q = 0.9189 dT[5, 5, 20, 28] Src Amplitude = 61.0
*            715.0447020   1    15    29     9       199  61   2.878E+03
*            715.0447065   3     9    31     9       196  62   3.026E+03
*            715.0447070   2     1    22     8       136  61   2.751E+03
*            715.0447215   6    73    20     6       202  58   1.547E+03
*            715.0447300   5    34    16     3       110  56 841.575E+00
* Gp# 1[1,3,2,6,5] x,y,z = 1.737, 3.481, 3.922, q = 0.9874 dT[2, 2, 22, 25] Src Amplitude = 62.0
*            715.2364890   1    12    30     9       196  62   2.842E+03
*            715.2364905   3     9    30     9       196  62   3.006E+03
*            715.2364910   2     9    19     8       132  61   2.771E+03
*            715.2365105   6    68    20     5       166  58   1.476E+03
*            715.2365140   5    34    15     4       120  56 855.868E+00
* Gp# 1[1,2,3,6,5] x,y,z = 7.343, 9.326, 1.825, q = 0.9421 dT[0, 2, 18, 26] Src Amplitude = 61.0
*            715.4280880   1     9    31     8       193  61   2.826E+03
*            715.4280880   2     8    21     8       135  61   2.881E+03
*            715.4280895   3    10    31     9       200  62   3.030E+03
*            715.4281055   6    49    21     6       168  57   1.491E+03
*            715.4281140   5     2    15     3        95  56 835.605E+00
* Gp# 1[1,3,2,6,5] x,y,z = 1.737, 3.481, 3.922, q = 0.9874 dT[2, 2, 22, 25] Src Amplitude = 60.0
*            715.5239340   1    12    26     7       193  60   1.850E+03
*            715.5239355   3     9    26     7       196  60   1.995E+03
*            715.5239360   2     1    18     5       114  60   1.757E+03
*            715.5239555   6    68    17     4       166  56 961.172E+00
*            715.5239590   5    31    13     3       110  54 558.934E+00
* Gp# 1[1,2,3,6,5] x,y,z = 8.638, 19.85, 2.15, q = 0.8572 dT[0, 2, 14, 26] Src Amplitude = 61.0
*            715.6202960   1     6    29     9       197  61   2.853E+03
*            715.6202960   2     8    22     8       135  60   2.861E+03
*            715.6202975   3    10    31     9       197  62   3.013E+03
*            715.6203095   6    77    22     6       175  58   1.515E+03
*            715.6203220   5    40    16     3        95  56 829.432E+00
* Gp# 1[1,2,3,6,5] x,y,z = 7.769, 18.52, 7.187, q = 0.9261 dT[3, 5, 18, 26] Src Amplitude = 61.0
*            718.1876660   1     6    29     9       194  61   2.840E+03
*            718.1876690   2     5    22     8       164  61   3.001E+03
*            718.1876705   3     7    30     9       225  62   3.009E+03
*            718.1876835   6    73    21     6       171  58   1.502E+03
*            718.1876920   5    40    16     3       110  56 859.960E+00
* Gp# 1[1,3,2,6,5] x,y,z = 2.897, 15.37, 4.378, q = 0.9137 dT[2, 3, 18, 26] Src Amplitude = 61.0
*            718.5711730   1     6    30     9       197  61   2.851E+03
*            718.5711745   3    10    32     9       200  62   3.074E+03
*            718.5711760   2     5    20     8       135  61   2.877E+03
*            718.5711905   6    73    21     6       171  58   1.501E+03
*            718.5711990   5    40    15     3        95  56 820.988E+00
* Gp# 1[1,2,3,6,5] x,y,z = 6.307, 6.702, 8.134, q = 0.9845 dT[3, 5, 22, 26] Src Amplitude = 61.0
*            718.7627150   1    13    29     9       197  61   2.845E+03
*            718.7627180   2     1    20     8       132  61   2.826E+03
*            718.7627195   3     7    30     9       194  62   2.967E+03
*            718.7627365   6    69    20     5       167  58   1.485E+03
*            718.7627410   5    40    15     3       110  56 844.184E+00
* Gp# 1[1,3,2,6,5] x,y,z = -2.869, 5.84, 6.792, q = 0.9654 dT[2, 5, 22, 26] Src Amplitude = 59.0
*            721.2508600   1     9    27     7       193  59   1.855E+03
*            721.2508615   3    13    27     8       225  60   2.034E+03
*            721.2508650   2     1    17     6       130  59   1.689E+03
*            721.2508815   6     1    16     4       161  56 942.811E+00
*            721.2508860   5     2    11     2        88  54 535.592E+00
* Gp# 1[1,3,2,6,5] x,y,z = 1.737, 3.481, 3.922, q = 0.9874 dT[2, 2, 22, 25] Src Amplitude = 62.0
*            721.3466050   1    12    30     9       196  62   2.845E+03
*            721.3466065   3    13    32     9       193  62   3.026E+03
*            721.3466070   2     9    21     7       129  61   2.693E+03
*            721.3466265   6    68    19     5       166  58   1.483E+03
*            721.3466300   5    20    15     4       120  56 866.721E+00
* Gp# 1[1,3,2,6,5] x,y,z = -2.869, 5.84, 6.792, q = 0.9654 dT[2, 5, 22, 26] Src Amplitude = 59.0
*            721.4434740   1     9    27     7       193  59   1.858E+03
*            721.4434755   3    13    26     7       177  60   1.946E+03
*            721.4434790   2     1    18     6       130  59   1.771E+03
*            721.4434955   6     1    17     4       161  56 941.457E+00
*            721.4435000   5     2    12     2        88  54 534.950E+00
* Gp# 1[1,3,2,6,5] x,y,z = 2.897, 15.37, 4.378, q = 0.9137 dT[2, 3, 18, 26] Src Amplitude = 61.0
*            721.5403390   1     9    29     8       193  61   2.827E+03
*            721.5403405   3    10    31     9       200  62   3.055E+03
*            721.5403420   2     2    20     8       132  61   2.874E+03
*            721.5403565   6    25    20     5       168  58   1.483E+03
*            721.5403650   5     1    16     3        88  56 809.018E+00
* Gp# 1[1,2,3,6,5] x,y,z = 5.845, 2.614, 8.655, q = 1 dT[3, 5, 23, 26] Src Amplitude = 59.0
*            721.6360890   1     6    27     7       193  59   1.857E+03
*            721.6360920   2     1    18     6       132  59   1.830E+03
*            721.6360935   3     7    26     7       194  60   1.947E+03
*            721.6361115   6    68    16     4       163  56 955.410E+00
*            721.6361150   5    40    13     2        51  54 474.508E+00
* Gp# 1[1,3,2,6,5] x,y,z = 1.737, 3.481, 3.922, q = 0.9874 dT[2, 2, 22, 25] Src Amplitude = 62.0
*            721.7319600   1    12    31     9       196  62   2.855E+03
*            721.7319615   3    13    33    10       228  62   3.098E+03
*            721.7319620   2     1    21     8       133  61   2.939E+03
*            721.7319815   6    24    21     5       169  57   1.496E+03
*            721.7319850   5    20    17     4       120  56 885.325E+00
* Gp# 1[1,3,2,6,5] x,y,z = 1.737, 3.481, 3.922, q = 0.9874 dT[2, 2, 22, 25] Src Amplitude = 59.0
*            721.8277830   1    12    28     7       193  59   1.858E+03
*            721.8277845   3     9    27     7       196  60   1.996E+03
*            721.8277850   2     1    17     6       132  59   1.924E+03
*            721.8278045   6     1    17     4       166  56 961.134E+00
*            721.8278080   5    34    12     2        51  54 465.635E+00
* Gp# 1[1,3,2,6,5] x,y,z = 1.737, 3.481, 3.922, q = 0.9874 dT[2, 2, 22, 25] Src Amplitude = 62.0
*            724.5185210   1    12    29     9       196  62   2.848E+03
*            724.5185225   3    13    32     9       180  62   3.001E+03
*            724.5185230   2     9    21     8       135  61   2.888E+03
*            724.5185425   6    68    21     5       169  57   1.492E+03
*            724.5185460   5    20    15     3       110  56 860.958E+00
* Gp# 1[1,3,2,6,5] x,y,z = 1.737, 3.481, 3.922, q = 0.9874 dT[2, 2, 22, 25] Src Amplitude = 60.0
*            724.8070140   1    12    28     7       196  60   1.868E+03
*            724.8070155   3    13    27     7       180  61   1.972E+03
*            724.8070160   2     1    17     6       132  59   1.853E+03
*            724.8070355   6    24    17     4       166  56 963.394E+00
*            724.8070390   5    20    12     2        86  55 527.992E+00
* Gp# 1[1,3,2,6,5] x,y,z = 4.963, 10.39, 9.366, q = 0.9189 dT[5, 5, 20, 28] Src Amplitude = 61.0
*            727.6174800   1    15    29     9       199  61   2.898E+03
*            727.6174845   3     9    30     9       196  62   3.046E+03
*            727.6174850   2     5    22     9       182  61   3.177E+03
*            727.6174995   6    73    21     6       171  58   1.504E+03
*            727.6175080   5    40    16     3       110  56 846.715E+00
* Gp# 1[1,3,2,6,5] x,y,z = 1.737, 3.481, 3.922, q = 0.9874 dT[2, 2, 22, 25] Src Amplitude = 62.0
*            727.8103990   1    12    30     9       196  62   2.857E+03
*            727.8104005   3    13    31     9       193  62   3.031E+03
*            727.8104010   2     1    20     8       132  60   2.857E+03
*            727.8104205   6    24    20     6       194  58   1.527E+03
*            727.8104240   5    20    16     4       120  56 870.249E+00
* Gp# 1[1,2,3,6,5] x,y,z = 7.343, 9.326, 1.825, q = 0.9421 dT[0, 2, 18, 26] Src Amplitude = 61.0
*            730.7536600   1     9    30     9       196  61   2.858E+03
*            730.7536600   2     5    21     8       135  61   3.022E+03
*            730.7536615   3    13    32    10       228  62   3.081E+03
*            730.7536775   6    49    21     6       170  57   1.498E+03
*            730.7536860   5     5    16     3       119  56 845.112E+00
* Gp# 1[1,3,2,6,5] x,y,z = 4.963, 10.39, 9.366, q = 0.9189 dT[5, 5, 20, 28] Src Amplitude = 61.0
*            730.9451450   1    15    29     9       199  61   2.905E+03
*            730.9451495   3     9    31    10       263  62   3.121E+03
*            730.9451500   2     1    22     8       135  61   2.993E+03
*            730.9451645   6    73    22     6       171  58   1.498E+03
*            730.9451730   5    40    15     3        86  56 797.105E+00
* Gp# 1[1,2,3,6,5] x,y,z = 5.845, 2.614, 8.655, q = 1 dT[3, 5, 23, 26] Src Amplitude = 59.0
*            731.2326470   1     6    26     7       193  59   1.863E+03
*            731.2326500   2     1    17     6       132  59   1.878E+03
*            731.2326515   3     7    26     7       194  60   1.968E+03
*            731.2326695   6    68    17     4       163  56 961.113E+00
*            731.2326730   5     1    13     2        51  54 468.201E+00
* Gp# 1[1,3,2,6,5] x,y,z = 1.737, 3.481, 3.922, q = 0.9874 dT[2, 2, 22, 25] Src Amplitude = 62.0
*            731.3286840   1    12    29     9       196  62   2.853E+03
*            731.3286855   3    13    31    10       228  62   3.135E+03
*            731.3286860   2     9    21     8       132  61   2.991E+03
*            731.3287055   6    68    20     6       191  57   1.517E+03
*            731.3287090   5    34    15     3       117  56 856.934E+00
* Gp# 1[1,3,2,6,5] x,y,z = 1.737, 3.481, 3.922, q = 0.9874 dT[2, 2, 22, 25] Src Amplitude = 62.0
*            734.1030150   1    12    29     9       196  62   2.852E+03
*            734.1030165   3    13    30    10       228  62   3.149E+03
*            734.1030170   2     9    21     8       132  61   2.816E+03
*            734.1030365   6    68    19     6       191  57   1.515E+03
*            734.1030400   5    20    16     3       120  56 864.269E+00
* Gp# 1[1,3,2,6,5] x,y,z = 4.963, 10.39, 9.366, q = 0.9189 dT[5, 5, 20, 28] Src Amplitude = 61.0
*            734.4865400   1    15    30     9       199  61   2.916E+03
*            734.4865445   3     9    30     9       196  62   3.073E+03
*            734.4865450   2     1    21     8       135  60   2.878E+03
*            734.4865595   6    73    22     5       171  58   1.495E+03
*            734.4865680   5    40    15     3        72  56 772.277E+00
* Gp# 1[1,3,2,6,5] x,y,z = 0.6992, 1.511, 5.312, q = 0.9763 dT[2, 3, 22, 26] Src Amplitude = 59.0
*            736.9873730   1     6    27     7       193  59   1.864E+03
*            736.9873745   3    10    27     7       184  60   1.989E+03
*            736.9873760   2     5    19     6       132  58   1.938E+03
*            736.9873945   6    21    17     4       161  56 942.218E+00
*            736.9873990   5    43    13     2        51  54 469.586E+00
* Gp# 1[1,3,2,6,5] x,y,z = 3.936, 18.75, 3.291, q = 0.9166 dT[2, 2, 17, 25] Src Amplitude = 62.0
*            737.0834190   1    12    29     9       196  62   2.864E+03
*            737.0834205   3     9    30     9       196  62   3.053E+03
*            737.0834210   2     1    20     8       135  61   3.163E+03
*            737.0834355   6    73    21     5       171  58   1.491E+03
*            737.0834440   5    40    15     3       110  56 852.932E+00
* Gp# 1[1,3,2,6,5] x,y,z = 1.737, 3.481, 3.922, q = 0.9874 dT[2, 2, 22, 25] Src Amplitude = 60.0
*            740.2088270   1    12    27     7       193  60   1.872E+03
*            740.2088285   3     9    26     7       180  60   1.975E+03
*            740.2088290   2     1    19     6       132  59   2.053E+03
*            740.2088485   6    68    16     4       163  56 954.294E+00
*            740.2088520   5    40    13     2        51  54 475.599E+00
* Gp# 1[1,3,2,6,5] x,y,z = 3.936, 18.75, 3.291, q = 0.9166 dT[2, 2, 17, 25] Src Amplitude = 62.0
*            740.3050400   1    12    29     9       196  62   2.863E+03
*            740.3050415   3    13    30     9       196  62   3.071E+03
*            740.3050420   2     1    21     9       164  61   3.232E+03
*            740.3050565   6    29    20     6       171  58   1.496E+03
*            740.3050650   5    40    16     3       110  56 845.043E+00
* Gp# 1[1,3,2,6,5] x,y,z = 1.737, 3.481, 3.922, q = 0.9874 dT[2, 2, 22, 25] Src Amplitude = 62.0
*            740.4969690   1     9    29     9       196  62   2.848E+03
*            740.4969705   3    13    32     9       180  62   3.019E+03
*            740.4969710   2     9    21     8       135  61   3.153E+03
*            740.4969905   6    24    20     6       191  57   1.502E+03
*            740.4969940   5    20    15     4       120  56 865.873E+00
* Gp# 1[1,2,3,6,5] x,y,z = 5.845, 2.614, 8.655, q = 1 dT[3, 5, 23, 26] Src Amplitude = 59.0
*            740.5926930   1     6    27     7       193  59   1.876E+03
*            740.5926960   2     2    18     6       132  59   1.977E+03
*            740.5926975   3     7    26     7       178  60   1.928E+03
*            740.5927155   6     1    16     4       160  56 933.039E+00
*            740.5927190   5    40    13     2        51  54 473.339E+00
* Gp# 1[1,3,2,6,5] x,y,z = 2.897, 15.37, 4.378, q = 0.9137 dT[2, 3, 18, 26] Src Amplitude = 61.0
*            740.6884350   1     6    29     9       196  61   2.879E+03
*            740.6884365   3    10    32     9       200  62   3.075E+03
*            740.6884380   2     5    20     8       135  61   3.081E+03
*            740.6884525   6    73    21     5       168  58   1.486E+03
*            740.6884610   5    40    15     3        88  56 810.812E+00
* Gp# 1[1,3,2,6,5] x,y,z = 0.6992, 1.511, 5.312, q = 0.9763 dT[2, 3, 22, 26] Src Amplitude = 59.0
*            740.7842650   1     6    27     7       196  59   1.890E+03
*            740.7842665   3    13    28     8       225  60   2.057E+03
*            740.7842680   2     5    19     6       132  59   2.029E+03
*            740.7842865   6     1    17     4       161  56 934.545E+00
*            740.7842910   5    43    13     2        88  54 541.440E+00
* Gp# 1[1,3,2,6,5] x,y,z = 3.936, 18.75, 3.291, q = 0.9166 dT[2, 2, 17, 25] Src Amplitude = 62.0
*            740.8801050   1    12    29     9       196  62   2.864E+03
*            740.8801065   3    13    32     9       196  62   3.049E+03
*            740.8801070   2     1    21     8       136  61   3.215E+03
*            740.8801215   6    73    21     5       171  58   1.495E+03
*            740.8801300   5    40    16     3        89  56 813.548E+00
* Gp# 1[1,3,2,6,5] x,y,z = 3.936, 18.75, 3.291, q = 0.9166 dT[2, 2, 17, 25] Src Amplitude = 62.0
*            743.4559780   1    12    29     9       196  62   2.864E+03
*            743.4559795   3     9    30     9       196  62   3.066E+03
*            743.4559800   2     9    20     8       132  61   3.086E+03
*            743.4559945   6    73    21     6       171  58   1.497E+03
*            743.4560030   5    34    15     3       110  56 841.735E+00
* Gp# 1[1,2,3,6,5] x,y,z = 4.935, 7.224, 5.826, q = 1 dT[2, 4, 22, 25] Src Amplitude = 59.0
*            743.7437840   1    12    26     7       192  59   1.869E+03
*            743.7437860   2     1    19     6       132  59   2.012E+03
*            743.7437875   3     7    28     7       194  60   1.981E+03
*            743.7438055   6    68    16     4       163  56 941.246E+00
*            743.7438090   5    40    13     2        51  54 486.120E+00
* Gp# 1[1,3,2,6,5] x,y,z = 3.936, 18.75, 3.291, q = 0.9166 dT[2, 2, 17, 25] Src Amplitude = 62.0
*            743.8395140   1    12    29     9       196  62   2.863E+03
*            743.8395155   3    13    31     9       196  62   3.087E+03
*            743.8395160   2     9    20     8       136  61   3.042E+03
*            743.8395305   6    73    21     5       171  58   1.495E+03
*            743.8395390   5    34    17     3        89  56 825.725E+00
* Gp# 1[1,3,2,6,5] x,y,z = 1.737, 3.481, 3.922, q = 0.9874 dT[2, 2, 22, 25] Src Amplitude = 60.0
*            743.9352620   1    12    27     7       192  60   1.870E+03
*            743.9352635   3     9    26     7       183  61   2.002E+03
*            743.9352640   2     1    19     6       132  59   2.014E+03
*            743.9352835   6     1    17     4       163  56 951.437E+00
*            743.9352870   5     1    12     2        51  54 472.530E+00
* Gp# 1[1,3,2,6,5] x,y,z = 1.737, 3.481, 3.922, q = 0.9874 dT[2, 2, 22, 25] Src Amplitude = 62.0
*            744.0321270   1    12    29     9       196  62   2.872E+03
*            744.0321285   3    13    30     9       196  62   3.080E+03
*            744.0321290   2     9    21     8       135  60   3.119E+03
*            744.0321485   6    68    20     5       166  58   1.472E+03
*            744.0321520   5    34    15     3        89  56 817.552E+00
* Gp# 1[1,2,3,6,5] x,y,z = 5.277, 10.95, 5.592, q = 0.9839 dT[2, 4, 21, 25] Src Amplitude = 59.0
*            746.4191980   1     5    26     7       192  59   1.873E+03
*            746.4192000   2     1    18     6       132  59   2.041E+03
*            746.4192015   3     7    26     7       197  60   1.990E+03
*            746.4192185   6     2    17     4       161  56 938.519E+00
*            746.4192230   5    43    13     2        88  54 546.158E+00
* Gp# 1[1,3,2,6,5] x,y,z = 4.963, 10.39, 9.366, q = 0.9189 dT[5, 5, 20, 28] Src Amplitude = 61.0
*            746.5160280   1    15    30     9       196  61   2.897E+03
*            746.5160325   3     9    30     9       224  62   3.133E+03
*            746.5160330   2     1    20     8       135  60   3.070E+03
*            746.5160475   6    73    21     5       168  58   1.473E+03
*            746.5160560   5    40    16     3        88  56 814.965E+00
* Gp# 1[1,3,2,6,5] x,y,z = 1.737, 3.481, 3.922, q = 0.9874 dT[2, 2, 22, 25] Src Amplitude = 60.0
*            746.8036730   1    12    27     7       193  60   1.876E+03
*            746.8036745   3    10    26     7       196  60   2.025E+03
*            746.8036750   2     1    18     6       132  58   2.038E+03
*            746.8036945   6     1    17     4       163  56 952.949E+00
*            746.8036980   5    17    13     2        86  54 533.175E+00
* Gp# 1[1,2,3,6,5] x,y,z = 9.539, 12.44, 11.73, q = 0.9292 dT[5, 7, 20, 28] Src Amplitude = 61.0
*            746.8994120   1    15    29     9       198  61   2.919E+03
*            746.8994170   2     5    21     8       135  61   3.110E+03
*            746.8994185   3     7    31     9       222  62   3.074E+03
*            746.8994315   6    73    21     5       168  58   1.485E+03
*            746.8994400   5    40    16     3        88  56 816.385E+00
* Gp# 1[1,3,2,6,5] x,y,z = 1.737, 3.481, 3.922, q = 0.9874 dT[2, 2, 22, 25] Src Amplitude = 60.0
*            746.9952600   1    12    26     7       193  60   1.880E+03
*            746.9952615   3     9    27     7       196  60   2.026E+03
*            746.9952620   2     1    19     6       132  59   2.058E+03
*            746.9952815   6     4    17     4       163  56 947.995E+00
*            746.9952850   5    34    12     2        51  54 476.610E+00
* Gp# 1[1,3,2,6,5] x,y,z = -1.17, 8.501, 7.629, q = 0.9684 dT[3, 5, 22, 26] Src Amplitude = 59.0
*            749.6522820   1     6    26     7       193  59   1.885E+03
*            749.6522845   3     9    26     7       196  60   2.020E+03
*            749.6522870   2     2    18     6       130  59   1.972E+03
*            749.6523035   6     2    17     3        97  56 874.418E+00
*            749.6523080   5    40    12     2        51  54 470.826E+00
* Gp# 1[1,2,3,6,5] x,y,z = 9.539, 12.44, 11.73, q = 0.9292 dT[5, 7, 20, 28] Src Amplitude = 61.0
*            749.7488280   1    15    29     9       198  61   2.929E+03
*            749.7488330   2     2    21     8       136  61   3.333E+03
*            749.7488345   3     7    32     9       222  62   3.075E+03
*            749.7488475   6    73    21     5       168  58   1.478E+03
*            749.7488560   5    40    16     3        88  56 799.494E+00
* Gp# 1[1,3,2,6,5] x,y,z = 1.737, 3.481, 3.922, q = 0.9874 dT[2, 2, 22, 25] Src Amplitude = 60.0
*            749.8448750   1    12    26     7       192  60   1.871E+03
*            749.8448765   3     9    28     7       180  60   1.999E+03
*            749.8448770   2     1    18     7       132  59   2.186E+03
*            749.8448965   6     1    17     4       163  56 945.457E+00
*            749.8449000   5    43    13     2        51  54 484.869E+00
* Gp# 1[1,3,2,6,5] x,y,z = 3.407, 8.263, 8.64, q = 0.9149 dT[4, 5, 20, 28] Src Amplitude = 61.0
*            749.9406150   1    15    29     9       198  61   2.927E+03
*            749.9406185   3    10    32     9       225  62   3.147E+03
*            749.9406200   2     5    19     8       135  60   3.076E+03
*            749.9406345   6    73    21     5       168  58   1.485E+03
*            749.9406430   5    40    16     3        88  56 808.326E+00
* Gp# 1[1,3,2,6,5] x,y,z = 2.897, 15.37, 4.378, q = 0.9137 dT[2, 3, 18, 26] Src Amplitude = 61.0
*            752.6073670   1     6    29     9       196  61   2.886E+03
*            752.6073685   3    14    30    10       228  62   3.153E+03
*            752.6073700   2     5    20     8       135  61   3.231E+03
*            752.6073845   6    25    21     5       168  58   1.479E+03
*            752.6073930   5     1    15     3       119  56 851.600E+00
* Gp# 1[1,3,2,6,5] x,y,z = -2.869, 5.84, 6.792, q = 0.9654 dT[2, 5, 22, 26] Src Amplitude = 59.0
*            752.7042190   1     9    27     7       196  59   1.887E+03
*            752.7042205   3    13    28     7       180  60   1.995E+03
*            752.7042240   2     3    19     6       129  59   2.034E+03
*            752.7042405   6     1    16     4       166  55 957.885E+00
*            752.7042450   5     2    12     2        88  54 529.745E+00
* Gp# 1[1,3,2,6,5] x,y,z = 4.963, 10.39, 9.366, q = 0.9189 dT[5, 5, 20, 28] Src Amplitude = 62.0
*            752.7999580   1    15    30     9       196  62   2.896E+03
*            752.7999625   3     9    30     9       221  62   3.144E+03
*            752.7999630   2     1    22     8       135  61   3.245E+03
*            752.7999775   6    73    20     5       168  58   1.477E+03
*            752.7999860   5    40    15     3        72  56 780.967E+00
* Gp# 1[1,3,2,6,5] x,y,z = 0.6992, 1.511, 5.312, q = 0.9763 dT[2, 3, 22, 26] Src Amplitude = 59.0
*            752.8957630   1     6    26     7       196  59   1.896E+03
*            752.8957645   3    10    25     7       184  60   2.014E+03
*            752.8957660   2     2    19     6       117  59   2.004E+03
*            752.8957845   6    21    17     3        97  55 874.203E+00
*            752.8957890   5     1    13     2        51  54 471.194E+00
* Gp# 1[1,3,2,6,5] x,y,z = 1.737, 3.481, 3.922, q = 0.9874 dT[2, 2, 22, 25] Src Amplitude = 60.0
*            753.0874600   1    12    27     7       193  60   1.867E+03
*            753.0874615   3    13    27     7       180  61   2.013E+03
*            753.0874620   2     9    19     7       132  59   2.145E+03
*            753.0874815   6    24    16     4       163  56 947.322E+00
*            753.0874850   5    20    12     2        69  54 509.586E+00
* Gp# 1[1,3,2,6,5] x,y,z = 1.737, 3.481, 3.922, q = 0.9874 dT[2, 2, 22, 25] Src Amplitude = 62.0
*            753.1834970   1    12    29     9       196  62   2.866E+03
*            753.1834985   3    13    31     9       196  62   3.104E+03
*            753.1834990   2     6    22     8       136  61   3.285E+03
*            753.1835185   6    24    19     6       194  58   1.507E+03
*            753.1835220   5    34    16     3       110  56 835.302E+00
* Gp# 1[1,3,2,6,5] x,y,z = 4.963, 10.39, 9.366, q = 0.9189 dT[5, 5, 20, 28] Src Amplitude = 61.0
*            755.8520630   1    15    29     9       198  61   2.922E+03
*            755.8520675   3     9    31     9       224  62   3.146E+03
*            755.8520680   2     2    21     9       135  61   3.472E+03
*            755.8520825   6    73    21     5       168  58   1.475E+03
*            755.8520910   5    40    16     3        88  56 812.039E+00
* Gp# 1[1,2,3,6,5] x,y,z = 5.63, 11.91, 2.788, q = 0.9335 dT[1, 2, 18, 26] Src Amplitude = 61.0
*            756.0439690   1     9    29     9       196  61   2.901E+03
*            756.0439700   2     4    20     9       137  61   3.427E+03
*            756.0439705   3     6    31    10       228  62   3.187E+03
*            756.0439865   6    49    22     6       198  57   1.536E+03
*            756.0439950   5     5    15     3       119  56 859.855E+00
* Gp# 1[1,3,2,6,5] x,y,z = 0.6992, 1.511, 5.312, q = 0.9763 dT[2, 3, 22, 26] Src Amplitude = 59.0
*            756.1397130   1     9    27     7       196  59   1.890E+03
*            756.1397145   3    13    27     7       180  60   2.014E+03
*            756.1397160   2     5    18     7       132  60   2.205E+03
*            756.1397345   6     1    16     4       166  56 956.889E+00
*            756.1397390   5     2    12     2        88  55 536.426E+00
* Gp# 1[1,3,2,6,5] x,y,z = 0.6992, 1.511, 5.312, q = 0.9763 dT[2, 3, 22, 26] Src Amplitude = 61.0
*            756.2354550   1     6    29     9       196  61   2.876E+03
*            756.2354565   3    10    32    10       228  62   3.187E+03
*            756.2354580   2     5    21     8       132  61   3.283E+03
*            756.2354765   6    45    20     5       166  57   1.465E+03
*            756.2354810   5     2    14     3       119  56 856.190E+00
* Gp# 1[1,3,2,6,5] x,y,z = 4.963, 10.39, 9.366, q = 0.9189 dT[5, 5, 20, 28] Src Amplitude = 62.0
*            758.7534990   1    15    30     9       198  62   2.927E+03
*            758.7535035   3     9    31    10       224  62   3.186E+03
*            758.7535040   2     1    20     8       135  61   3.269E+03
*            758.7535185   6    73    21     5       168  58   1.483E+03
*            758.7535270   5    40    15     3        88  56 809.464E+00
* Gp# 1[1,3,2,6,5] x,y,z = 1.737, 3.481, 3.922, q = 0.9874 dT[2, 2, 22, 25] Src Amplitude = 60.0
*            758.8492500   1    12    26     7       195  60   1.894E+03
*            758.8492515   3     9    27     7       183  60   2.033E+03
*            758.8492520   2     2    18     7       132  58   2.185E+03
*            758.8492715   6     1    16     3        96  56 879.053E+00
*            758.8492750   5    43    13     2        51  54 478.438E+00
* Gp# 1[1,3,2,6,5] x,y,z = 3.936, 18.75, 3.291, q = 0.9166 dT[2, 2, 17, 25] Src Amplitude = 62.0
*            758.9450190   1    12    29     9       195  62   2.888E+03
*            758.9450205   3    13    31    10       224  62   3.162E+03
*            758.9450210   2     1    21     9       135  60   3.334E+03
*            758.9450355   6    12    21     5       168  58   1.474E+03
*            758.9450440   5    40    14     3        72  56 775.629E+00
* Gp# 1[1,2,3,6,5] x,y,z = 4.935, 7.224, 5.826, q = 1 dT[2, 4, 22, 25] Src Amplitude = 60.0
*            759.0408780   1    12    26     7       195  60   1.883E+03
*            759.0408800   2     1    19     7       135  59   2.252E+03
*            759.0408815   3     7    26     7       197  60   2.006E+03
*            759.0408995   6     1    16     4       160  56 931.771E+00
*            759.0409030   5    40    13     2        51  54 471.324E+00
* Gp# 1[1,3,2,6,5] x,y,z = -2.869, 5.84, 6.792, q = 0.9654 dT[2, 5, 22, 26] Src Amplitude = 59.0
*            759.2330870   1     9    28     7       196  59   1.906E+03
*            759.2330885   3    10    28     7       180  60   2.017E+03
*            759.2330920   2     3    18     6       130  59   2.147E+03
*            759.2331085   6     1    16     4       163  55 948.259E+00
*            759.2331130   5     2    12     2        88  54 532.863E+00
* Gp# 1[1,3,2,6,5] x,y,z = 3.936, 18.75, 3.291, q = 0.9166 dT[2, 2, 17, 25] Src Amplitude = 62.0
*            759.3296560   1    12    29     9       195  62   2.879E+03
*            759.3296575   3    13    31     9       199  62   3.126E+03
*            759.3296580   2     9    21     9       135  61   3.362E+03
*            759.3296725   6     1    21     5       168  58   1.479E+03
*            759.3296810   5    40    15     3       113  56 840.785E+00
* Gp# 1[1,3,2,6,5] x,y,z = 0.6992, 1.511, 5.312, q = 0.9763 dT[2, 3, 22, 26] Src Amplitude = 59.0
*            761.7415060   1     9    28     7       196  59   1.893E+03
*            761.7415075   3    13    28     7       180  60   2.015E+03
*            761.7415090   2     2    18     7       131  59   2.222E+03
*            761.7415275   6     1    16     4       166  55 956.543E+00
*            761.7415320   5     5    10     2        88  54 522.535E+00
* Gp# 1[1,3,2,6,5] x,y,z = 3.936, 18.75, 3.291, q = 0.9166 dT[2, 2, 17, 25] Src Amplitude = 62.0
*            761.8375840   1    12    29     9       195  62   2.889E+03
*            761.8375855   3    13    31     9       196  62   3.116E+03
*            761.8375860   2     9    21     9       135  61   3.388E+03
*            761.8376005   6    29    22     5       168  58   1.486E+03
*            761.8376090   5    34    15     3        72  55 783.906E+00
* Gp# 1[1,3,2,6,5] x,y,z = 1.737, 3.481, 3.922, q = 0.9874 dT[2, 2, 22, 25] Src Amplitude = 62.0
*            762.0290530   1    12    29     9       193  62   2.867E+03
*            762.0290545   3    13    31     9       196  62   3.137E+03
*            762.0290550   2     9    22     9       135  61   3.347E+03
*            762.0290745   6    24    21     5       163  58   1.457E+03
*            762.0290780   5    40    14     3       110  56 829.118E+00
* Gp# 1[1,3,2,6,5] x,y,z = 1.737, 3.481, 3.922, q = 0.9874 dT[2, 2, 22, 25] Src Amplitude = 60.0
*            762.1249120   1    12    26     7       192  60   1.876E+03
*            762.1249135   3    13    27     7       183  61   2.028E+03
*            762.1249140   2     9    19     7       132  59   2.229E+03
*            762.1249335   6     4    17     4       163  56 951.878E+00
*            762.1249370   5    34    13     2        48  54 461.515E+00
* Gp# 1[1,3,2,6,5] x,y,z = 1.737, 3.481, 3.922, q = 0.9874 dT[2, 2, 22, 25] Src Amplitude = 62.0
*            762.2207470   1    12    29     9       193  62   2.870E+03
*            762.2207485   3    13    30     9       196  62   3.116E+03
*            762.2207490   2     9    23     9       135  62   3.433E+03
*            762.2207685   6    24    20     5       163  58   1.447E+03
*            762.2207720   5    20    15     3       110  55 826.881E+00
* Gp# 1[1,3,2,6,5] x,y,z = 4.963, 10.39, 9.366, q = 0.9189 dT[5, 5, 20, 28] Src Amplitude = 62.0
*            762.4137080   1    15    29     9       198  62   2.924E+03
*            762.4137125   3     9    29    10       227  62   3.182E+03
*            762.4137130   2     1    21     8       135  61   3.425E+03
*            762.4137275   6     1    21     7       256  58   1.575E+03
*            762.4137360   5    40    15     3        88  56 809.274E+00
* Gp# 1[1,3,2,6,5] x,y,z = 1.737, 3.481, 3.922, q = 0.9874 dT[2, 2, 22, 25] Src Amplitude = 60.0
*            764.8135830   1    12    26     7       192  60   1.893E+03
*            764.8135845   3     9    29     8       224  60   2.078E+03
*            764.8135850   2     1    20     7       132  59   2.214E+03
*            764.8136045   6     1    17     4       160  56 933.655E+00
*            764.8136080   5    34    12     2        51  54 479.261E+00
* Gp# 1[1,3,2,6,5] x,y,z = 3.936, 18.75, 3.291, q = 0.9166 dT[2, 2, 17, 25] Src Amplitude = 62.0
*            764.9104240   1    12    28     9       195  62   2.876E+03
*            764.9104255   3    13    31    10       227  62   3.193E+03
*            764.9104260   2     9    21     9       135  61   3.448E+03
*            764.9104405   6     1    21     5       168  58   1.469E+03
*            764.9104490   5    40    14     3        88  56 818.375E+00
* Gp# 1[1,2,3,6,5] x,y,z = 6.307, 6.702, 8.134, q = 0.9845 dT[3, 5, 22, 26] Src Amplitude = 59.0
*            765.0062610   1     6    26     7       196  59   1.891E+03
*            765.0062640   2     5    19     7       132  59   2.263E+03
*            765.0062655   3     7    27     7       177  60   1.979E+03
*            765.0062825   6     2    16     4       166  55 957.895E+00
*            765.0062870   5    43    12     2        88  54 534.667E+00
* Gp# 1[1,2,3,6,5] x,y,z = 7.343, 9.326, 1.825, q = 0.9421 dT[0, 2, 18, 26] Src Amplitude = 61.0
*            765.1021320   1     9    30     9       196  61   2.910E+03
*            765.1021320   2     8    24     9       138  61   3.624E+03
*            765.1021335   3    10    31    10       228  62   3.222E+03
*            765.1021495   6    49    20     6       198  57   1.533E+03
*            765.1021580   5     2    15     3       116  56 862.938E+00
* Gp# 1[1,3,2,6,5] x,y,z = 3.936, 18.75, 3.291, q = 0.9166 dT[2, 2, 17, 25] Src Amplitude = 62.0
*            765.2938960   1     9    29     9       196  62   2.890E+03
*            765.2938975   3    13    31     9       196  62   3.160E+03
*            765.2938980   2     9    22     9       135  62   3.408E+03
*            765.2939125   6    29    21     6       199  58   1.533E+03
*            765.2939210   5    20    15     3       110  56 835.742E+00
* Gp# 1[1,3,2,6,5] x,y,z = 1.737, 3.481, 3.922, q = 0.9874 dT[2, 2, 22, 25] Src Amplitude = 60.0
*            765.3896460   1    12    26     7       192  60   1.876E+03
*            765.3896475   3     9    26     8       224  60   2.099E+03
*            765.3896480   2     1    18     7       132  59   2.187E+03
*            765.3896675   6     1    16     4       160  56 931.567E+00
*            765.3896710   5    31    13     2        48  53 467.432E+00
* Gp# 1[1,3,2,6,5] x,y,z = 4.963, 10.39, 9.366, q = 0.9189 dT[5, 5, 20, 28] Src Amplitude = 61.0
*            765.4854940   1    15    29     9       198  61   2.932E+03
*            765.4854985   3     9    31    10       227  62   3.182E+03
*            765.4854990   2     2    21     9       135  61   3.580E+03
*            765.4855135   6    25    21     5       167  57   1.471E+03
*            765.4855220   5     1    16     3       119  56 847.790E+00
* Gp# 1[1,3,2,6,5] x,y,z = -2.869, 5.84, 6.792, q = 0.9654 dT[2, 5, 22, 26] Src Amplitude = 59.0
*            767.8936120   1     9    27     7       196  59   1.896E+03
*            767.8936135   3    13    28     7       180  60   2.040E+03
*            767.8936170   2     3    17     7       129  59   2.158E+03
*            767.8936335   6    24    16     4       163  56 942.591E+00
*            767.8936380   5     5    12     2       109  54 552.132E+00
* Gp# 1[1,3,2,6,5] x,y,z = 3.936, 18.75, 3.291, q = 0.9166 dT[2, 2, 17, 25] Src Amplitude = 62.0
*            767.9902710   1    12    29     9       195  62   2.884E+03
*            767.9902725   3    13    31     9       196  62   3.146E+03
*            767.9902730   2     9    22     9       135  62   3.498E+03
*            767.9902875   6    29    21     5       168  58   1.485E+03
*            767.9902960   5    34    15     3        69  56 774.032E+00
* Gp# 1[1,3,2,6,5] x,y,z = 3.936, 18.75, 3.291, q = 0.9166 dT[2, 2, 17, 25] Src Amplitude = 62.0
*            768.1821680   1    12    28     9       195  62   2.893E+03
*            768.1821695   3     9    30    10       227  62   3.182E+03
*            768.1821700   2     1    23     9       135  61   3.566E+03
*            768.1821845   6    73    21     5       168  58   1.472E+03
*            768.1821930   5    40    15     3        88  56 822.341E+00
* Gp# 1[1,3,2,6,5] x,y,z = 1.747, 7.962, 3.665, q = 0.9787 dT[2, 2, 21, 25] Src Amplitude = 60.0
*            768.2782730   1    12    26     7       195  60   1.895E+03
*            768.2782745   3     9    27     7       199  60   2.073E+03
*            768.2782750   2     1    19     7       135  59   2.278E+03
*            768.2782935   6     2    17     4       160  56 931.060E+00
*            768.2782980   5    43    12     2        51  54 472.720E+00
* Gp# 1[1,2,3,6,5] x,y,z = 8.051, 12.97, 1.991, q = 0.9244 dT[0, 2, 17, 26] Src Amplitude = 61.0
*            768.5655310   1     9    29     9       196  61   2.894E+03
*            768.5655310   2     8    22     9       137  61   3.668E+03
*            768.5655325   3     7    32     9       180  62   3.104E+03
*            768.5655475   6    29    21     6       199  58   1.532E+03
*            768.5655570   5    19    15     3       119  56 870.424E+00
* Gp# 1[1,3,2,6,5] x,y,z = 4.963, 10.39, 9.366, q = 0.9189 dT[5, 5, 20, 28] Src Amplitude = 62.0
*            771.1505650   1    15    29     9       198  62   2.933E+03
*            771.1505695   3     9    30    10       224  62   3.190E+03
*            771.1505700   2     1    21     9       135  61   3.541E+03
*            771.1505845   6     1    21     5       165  58   1.461E+03
*            771.1505930   5    40    14     3        88  56 824.106E+00
* Gp# 1[1,3,2,6,5] x,y,z = 1.737, 3.481, 3.922, q = 0.9874 dT[2, 2, 22, 25] Src Amplitude = 60.0
*            771.4379140   1    12    27     7       192  60   1.882E+03
*            771.4379155   3    13    28     7       183  60   2.038E+03
*            771.4379160   2     9    18     7       135  59   2.432E+03
*            771.4379355   6    24    17     4       163  56 954.467E+00
*            771.4379390   5    20    13     2        69  54 514.781E+00
* Gp# 1[1,3,2,6,5] x,y,z = 1.737, 3.481, 3.922, q = 0.9874 dT[2, 2, 22, 25] Src Amplitude = 62.0
*            771.7267420   1    12    29     9       195  62   2.893E+03
*            771.7267435   3    13    31    10       227  63   3.204E+03
*            771.7267440   2     9    23    10       175  61   3.801E+03
*            771.7267635   6    24    19     5       163  58   1.460E+03
*            771.7267670   5    34    15     3       110  56 838.732E+00
* Gp# 1[1,3,2,6,5] x,y,z = 4.963, 10.39, 9.366, q = 0.9189 dT[5, 5, 20, 28] Src Amplitude = 62.0
*            774.3542030   1    15    29     9       198  62   2.934E+03
*            774.3542075   3     9    31    10       227  62   3.221E+03
*            774.3542080   2     9    21     9       135  61   3.546E+03
*            774.3542225   6    73    22     5       167  58   1.481E+03
*            774.3542310   5    40    16     3       119  56 852.613E+00
* Gp# 1[1,3,2,6,5] x,y,z = 0.6992, 1.511, 5.312, q = 0.9763 dT[2, 3, 22, 26] Src Amplitude = 59.0
*            774.4503370   1     6    26     7       196  59   1.902E+03
*            774.4503385   3    10    27     7       197  60   2.071E+03
*            774.4503400   2     2    19     7       135  59   2.381E+03
*            774.4503585   6    45    15     4       166  55 952.986E+00
*            774.4503630   5     2    12     2        54  54 492.545E+00
* Gp# 1[1,3,2,6,5] x,y,z = 3.936, 18.75, 3.291, q = 0.9166 dT[2, 2, 17, 25] Src Amplitude = 62.0
*            774.5460750   1     9    29     9       196  62   2.897E+03
*            774.5460765   3    13    31     9       196  62   3.166E+03
*            774.5460770   2     3    23     9       135  61   3.514E+03
*            774.5460915   6    29    21     7       298  58   1.617E+03
*            774.5461000   5    20    15     3       110  56 843.108E+00
* Gp# 1[1,2,3,6,5] x,y,z = 7.769, 18.52, 7.187, q = 0.9261 dT[3, 5, 18, 26] Src Amplitude = 61.0
*            774.7375920   1     6    29     9       196  61   2.911E+03
*            774.7375950   2     5    21     9       132  61   3.545E+03
*            774.7375965   3     7    31     9       197  62   3.078E+03
*            774.7376095   6    49    21     6       198  57   1.516E+03
*            774.7376180   5     2    14     3       119  56 859.982E+00
* Gp# 1[1,3,2,6,5] x,y,z = 1.737, 3.481, 3.922, q = 0.9874 dT[2, 2, 22, 25] Src Amplitude = 60.0
*            774.8334540   1    12    26     7       192  60   1.895E+03
*            774.8334555   3    13    28     8       224  61   2.093E+03
*            774.8334560   2     9    18     7       132  59   2.371E+03
*            774.8334755   6     1    17     3        96  56 877.940E+00
*            774.8334790   5    40    12     2        48  54 466.124E+00
* Gp# 1[1,3,2,6,5] x,y,z = 1.737, 3.481, 3.922, q = 0.9874 dT[2, 2, 22, 25] Src Amplitude = 62.0
*            777.5141170   1    12    28     9       196  62   2.899E+03
*            777.5141185   3    13    30    10       224  62   3.208E+03
*            777.5141190   2     9    22     9       135  61   3.688E+03
*            777.5141385   6    24    21     5       166  58   1.461E+03
*            777.5141420   5    20    15     3        89  56 818.823E+00
* Gp# 1[1,3,2,6,5] x,y,z = 1.737, 3.481, 3.922, q = 0.9874 dT[2, 2, 22, 25] Src Amplitude = 60.0
*            777.6099780   1    12    26     7       192  60   1.887E+03
*            777.6099795   3    13    27     7       180  60   2.048E+03
*            777.6099800   2     1    19     7       135  59   2.388E+03
*            777.6099995   6     4    16     3        96  56 883.067E+00
*            777.6100030   5    17    13     2        51  54 482.433E+00
* Gp# 1[1,3,2,6,5] x,y,z = 3.936, 18.75, 3.291, q = 0.9166 dT[2, 2, 17, 25] Src Amplitude = 62.0
*            777.8976540   1    12    29     9       195  62   2.893E+03
*            777.8976555   3    13    33    10       224  62   3.213E+03
*            777.8976560   2     9    22     9       135  61   3.585E+03
*            777.8976705   6    29    23     5       168  58   1.466E+03
*            777.8976790   5    40    16     3        72  56 792.153E+00
* Gp# 1[1,3,2,6,5] x,y,z = -2.869, 5.84, 6.792, q = 0.9654 dT[2, 5, 22, 26] Src Amplitude = 59.0
*            777.9934010   1     9    28     7       196  59   1.907E+03
*            777.9934025   3    13    27     7       183  60   2.044E+03
*            777.9934060   2     3    19     7       129  60   2.338E+03
*            777.9934225   6    24    16     4       163  56 956.313E+00
*            777.9934270   5    19    12     2        85  55 530.441E+00
* Gp# 1[1,3,2,6,5] x,y,z = 3.936, 18.75, 3.291, q = 0.9166 dT[2, 2, 17, 25] Src Amplitude = 62.0
*            778.0900080   1    12    28     9       195  62   2.884E+03
*            778.0900095   3    13    31    10       224  62   3.222E+03
*            778.0900100   2     9    21     9       136  61   3.699E+03
*            778.0900245   6    29    22     5       168  58   1.480E+03
*            778.0900330   5    34    15     3       113  56 841.651E+00
* Gp# 1[1,3,2,6,5] x,y,z = 1.737, 3.481, 3.922, q = 0.9874 dT[2, 2, 22, 25] Src Amplitude = 60.0
*            780.5475180   1    12    26     7       195  60   1.905E+03
*            780.5475195   3    13    28     8       224  61   2.129E+03
*            780.5475200   2     9    20     7       132  60   2.308E+03
*            780.5475395   6     1    17     3        96  56 879.602E+00
*            780.5475430   5    17    12     2        48  54 469.300E+00
* Gp# 1[1,3,2,6,5] x,y,z = 3.936, 18.75, 3.291, q = 0.9166 dT[2, 2, 17, 25] Src Amplitude = 62.0
*            780.6443590   1     9    28     9       195  62   2.905E+03
*            780.6443605   3    13    30    10       227  62   3.224E+03
*            780.6443610   2     9    21     9       135  62   3.686E+03
*            780.6443755   6     1    21     5       167  58   1.477E+03
*            780.6443840   5    40    16     3       119  56 852.977E+00
* Gp# 1[1,3,2,6,5] x,y,z = 5.166, 22.85, 4.04, q = 0.807 dT[2, 3, 14, 26] Src Amplitude = 61.0
*            780.8358490   1     6    29     9       196  61   2.917E+03
*            780.8358505   3    10    32    10       263  62   3.272E+03
*            780.8358520   2     5    23     9       134  61   3.637E+03
*            780.8358625   6    53    22     6       199  57   1.524E+03
*            780.8358750   5    43    15     3       119  56 855.909E+00
* Gp# 1[1,3,2,6,5] x,y,z = 1.737, 3.481, 3.922, q = 0.9874 dT[2, 2, 22, 25] Src Amplitude = 60.0
*            780.9317010   1    12    26     7       195  60   1.900E+03
*            780.9317025   3    13    27     7       180  61   2.041E+03
*            780.9317030   2     9    20     7       132  59   2.366E+03
*            780.9317225   6     1    18     4       160  56 936.887E+00
*            780.9317260   5    17    13     2        51  54 481.499E+00
* Gp# 1[1,3,2,6,5] x,y,z = 5.166, 22.85, 4.04, q = 0.807 dT[2, 3, 14, 26] Src Amplitude = 61.0
*            781.0274730   1     6    29     9       196  61   2.910E+03
*            781.0274745   3    10    30    10       228  62   3.214E+03
*            781.0274760   2     5    20     9       135  61   3.693E+03
*            781.0274865   6    29    22     6       199  57   1.528E+03
*            781.0274990   5     2    15     3       119  56 858.530E+00
* Gp# 1[1,2,3,6,5] x,y,z = 5.277, 10.95, 5.592, q = 0.9839 dT[2, 4, 21, 25] Src Amplitude = 60.0
*            783.7143430   1    12    25     7       195  60   1.903E+03
*            783.7143450   2     1    19     7       135  59   2.498E+03
*            783.7143465   3     7    28     7       197  60   2.049E+03
*            783.7143635   6    21    16     4       163  56 948.311E+00
*            783.7143680   5     1    12     2        51  54 479.836E+00
* Gp# 1[1,3,2,6,5] x,y,z = 3.936, 18.75, 3.291, q = 0.9166 dT[2, 2, 17, 25] Src Amplitude = 62.0
*            783.8108860   1    12    29     9       195  62   2.894E+03
*            783.8108875   3    13    30    10       227  62   3.246E+03
*            783.8108880   2     9    21     9       135  61   3.717E+03
*            783.8109025   6    12    22     5       168  58   1.472E+03
*            783.8109110   5    34    14     2        52  56 736.905E+00
* Gp# 1[1,3,2,6,5] x,y,z = 1.737, 3.481, 3.922, q = 0.9874 dT[2, 2, 22, 25] Src Amplitude = 60.0
*            783.9069770   1    12    26     7       195  60   1.902E+03
*            783.9069785   3    13    27     7       199  60   2.082E+03
*            783.9069790   2     1    19     7       135  59   2.486E+03
*            783.9069985   6     1    17     3        96  56 880.457E+00
*            783.9070020   5     1    12     2        57  54 495.578E+00
* Gp# 1[1,2,3,6,5] x,y,z = 5.277, 10.95, 5.592, q = 0.9839 dT[2, 4, 21, 25] Src Amplitude = 60.0
*            784.0985300   1    12    26     7       195  60   1.907E+03
*            784.0985320   2     1    20     7       132  59   2.460E+03
*            784.0985335   3     7    27     7       177  60   2.022E+03
*            784.0985505   6    21    16     4       163  56 952.607E+00
*            784.0985550   5    43    13     3       116  54 566.283E+00
* Gp# 1[1,3,2,6,5] x,y,z = 4.525, 14.33, 3.606, q = 0.924 dT[2, 2, 18, 26] Src Amplitude = 61.0
*            784.1944200   1     9    29     8       196  61   2.914E+03
*            784.1944215   3    10    31     9       196  62   3.155E+03
*            784.1944220   2     3    23    10       172  61   3.993E+03
*            784.1944375   6    28    21     6       198  58   1.534E+03
*            784.1944460   5    19    16     3       119  56 878.058E+00
* Gp# 1[1,2,3,6,5] x,y,z = 6.307, 6.702, 8.134, q = 0.9845 dT[3, 5, 22, 26] Src Amplitude = 59.0
*            784.2904940   1     6    27     7       196  59   1.911E+03
*            784.2904970   2     5    18     7       128  59   2.368E+03
*            784.2904985   3     7    27     7       177  60   2.008E+03
*            784.2905155   6     1    16     4       163  55 946.082E+00
*            784.2905200   5    43    12     2        54  54 497.099E+00
* Gp# 1[1,3,2,6,5] x,y,z = 1.737, 3.481, 3.922, q = 0.9874 dT[2, 2, 22, 25] Src Amplitude = 60.0
*            786.9090220   1    12    26     7       195  60   1.899E+03
*            786.9090235   3     9    28     7       199  60   2.078E+03
*            786.9090240   2     1    20     8       164  59   2.501E+03
*            786.9090435   6     1    17     3        96  56 886.755E+00
*            786.9090470   5    43    12     2        51  54 485.612E+00
* Gp# 1[1,3,2,6,5] x,y,z = 4.963, 10.39, 9.366, q = 0.9189 dT[5, 5, 20, 28] Src Amplitude = 62.0
*            787.0050910   1    15    29     9       198  62   2.948E+03
*            787.0050955   3     9    31    10       227  62   3.226E+03
*            787.0050960   2     1    23     9       135  61   3.717E+03
*            787.0051105   6    25    21     5       167  58   1.470E+03
*            787.0051190   5    40    16     3       119  56 849.104E+00
* Gp# 1[1,3,2,6,5] x,y,z = 1.747, 7.962, 3.665, q = 0.9787 dT[2, 2, 21, 25] Src Amplitude = 60.0
*            787.1008400   1    12    26     7       195  60   1.905E+03
*            787.1008415   3     9    27     7       199  60   2.099E+03
*            787.1008420   2     1    18     7       135  59   2.416E+03
*            787.1008605   6     2    17     3        97  56 887.008E+00
*            787.1008650   5    43    13     2        51  54 468.977E+00
* Gp# 1[1,3,2,6,5] x,y,z = 3.936, 18.75, 3.291, q = 0.9166 dT[2, 2, 17, 25] Src Amplitude = 62.0
*            787.3882360   1    12    29     9       195  62   2.907E+03
*            787.3882375   3     9    31     9       202  62   3.192E+03
*            787.3882380   2     2    21     9       132  61   3.640E+03
*            787.3882525   6     1    22     7       259  58   1.583E+03
*            787.3882610   5    40    15     3       119  56 854.056E+00
* Gp# 1[1,3,2,6,5] x,y,z = 0.6992, 1.511, 5.312, q = 0.9763 dT[2, 3, 22, 26] Src Amplitude = 59.0
*            787.4840780   1     6    26     7       196  59   1.914E+03
*            787.4840795   3    10    27     7       180  60   2.038E+03
*            787.4840810   2     2    19     7       131  59   2.488E+03
*            787.4840995   6    45    15     4       163  56 951.250E+00
*            787.4841040   5     2    11     2        88  54 534.751E+00
* Gp# 1[1,3,2,6,5] x,y,z = 3.936, 18.75, 3.291, q = 0.9166 dT[2, 2, 17, 25] Src Amplitude = 62.0
*            787.5801180   1    12    28     9       195  62   2.891E+03
*            787.5801195   3    13    32    10       224  62   3.224E+03
*            787.5801200   2     9    23     9       135  61   3.619E+03
*            787.5801345   6     1    21     5       165  58   1.457E+03
*            787.5801430   5    40    15     3        66  56 787.977E+00
* Gp# 1[1,3,2,6,5] x,y,z = 1.737, 3.481, 3.922, q = 0.9874 dT[2, 2, 22, 25] Src Amplitude = 60.0
*            790.0908790   1    12    26     7       195  60   1.901E+03
*            790.0908805   3     9    28     7       199  60   2.079E+03
*            790.0908810   2     1    21     7       132  59   2.442E+03
*            790.0909005   6     1    17     4       159  56 933.726E+00
*            790.0909040   5    43    13     2        51  54 481.190E+00
* Gp# 1[1,3,2,6,5] x,y,z = 0.6992, 1.511, 5.312, q = 0.9763 dT[2, 3, 22, 26] Src Amplitude = 59.0
*            790.2845870   1     6    28     7       196  59   1.917E+03
*            790.2845885   3    10    27     7       180  60   2.048E+03
*            790.2845900   2     2    18     7       131  59   2.443E+03
*            790.2846085   6     1    16     4       163  55 952.511E+00
*            790.2846130   5     2    12     2        54  55 492.646E+00
* Gp# 1[1,3,2,6,5] x,y,z = 3.936, 18.75, 3.291, q = 0.9166 dT[2, 2, 17, 25] Src Amplitude = 62.0
*            790.3804100   1     9    28     9       195  62   2.885E+03
*            790.3804115   3    13    31    10       224  62   3.234E+03
*            790.3804120   2     9    22     9       135  62   3.811E+03
*            790.3804265   6    29    21     7       256  58   1.580E+03
*            790.3804350   5    34    15     3        72  56 796.033E+00
* Gp# 1[1,3,2,6,5] x,y,z = 1.737, 3.481, 3.922, q = 0.9874 dT[2, 2, 22, 25] Src Amplitude = 60.0
*            790.4762770   1    12    27     7       195  60   1.905E+03
*            790.4762785   3    10    28     8       224  61   2.116E+03
*            790.4762790   2     9    19     7       132  59   2.430E+03
*            790.4762985   6     1    17     3        96  56 874.759E+00
*            790.4763020   5    40    12     2        51  54 479.895E+00
* Gp# 1[1,2,3,6,5] x,y,z = 6.307, 6.702, 8.134, q = 0.9845 dT[3, 5, 22, 26] Src Amplitude = 59.0
*            790.6681330   1     6    27     7       196  59   1.917E+03
*            790.6681360   2     5    20     7       131  59   2.463E+03
*            790.6681375   3     7    27     7       177  60   1.989E+03
*            790.6681545   6    45    16     4       166  56 958.712E+00
*            790.6681590   5     2    13     2        54  54 499.866E+00
* Gp# 1[1,3,2,6,5] x,y,z = 4.963, 10.39, 9.366, q = 0.9189 dT[5, 5, 20, 28] Src Amplitude = 62.0
*            790.7638590   1    15    28     9       198  62   2.953E+03
*            790.7638635   3     9    30    10       227  62   3.258E+03
*            790.7638640   2     9    22     9       135  61   3.696E+03
*            790.7638785   6     1    22     5       167  58   1.477E+03
*            790.7638870   5    40    15     3       119  56 869.650E+00
* Gp# 1[1,3,2,6,5] x,y,z = -2.869, 5.84, 6.792, q = 0.9654 dT[2, 5, 22, 26] Src Amplitude = 59.0
*            793.2779760   1     9    27     7       193  59   1.896E+03
*            793.2779775   3    10    28     7       180  60   2.053E+03
*            793.2779810   2     3    20     7       129  59   2.331E+03
*            793.2779975   6    24    16     4       163  56 940.606E+00
*            793.2780020   5     5    13     2        54  54 500.072E+00
* Gp# 1[1,3,2,6,5] x,y,z = 4.726, 16.09, 3.492, q = 0.9032 dT[2, 2, 17, 26] Src Amplitude = 62.0
*            793.3748370   1    12    29     9       193  62   2.894E+03
*            793.3748385   3     6    32    10       221  62   3.206E+03
*            793.3748390   2    71    23    10       165  61   3.875E+03
*            793.3748535   6    29    21     7       298  58   1.627E+03
*            793.3748630   5    19    15     3        68  56 783.410E+00
* Gp# 1[1,3,2,6,5] x,y,z = 1.737, 3.481, 3.922, q = 0.9874 dT[2, 2, 22, 25] Src Amplitude = 60.0
*            793.4705860   1    12    26     7       195  60   1.911E+03
*            793.4705875   3    13    27     7       183  61   2.081E+03
*            793.4705880   2     9    19     7       135  60   2.416E+03
*            793.4706075   6     4    17     3        96  56 880.585E+00
*            793.4706110   5     1    12     2        51  54 484.963E+00
* Gp# 1[1,3,2,6,5] x,y,z = 4.963, 10.39, 9.366, q = 0.9189 dT[5, 5, 20, 28] Src Amplitude = 62.0
*            793.5663470   1    15    30     9       198  62   2.961E+03
*            793.5663515   3     9    31     9       202  62   3.191E+03
*            793.5663520   2     9    22     9       135  61   3.752E+03
*            793.5663665   6    25    22     5       167  58   1.465E+03
*            793.5663750   5    40    15     3       119  56 856.920E+00
* Gp# 1[1,3,2,6,5] x,y,z = 3.936, 18.75, 3.291, q = 0.9166 dT[2, 2, 17, 25] Src Amplitude = 62.0
*            793.7579650   1    12    29     9       195  62   2.900E+03
*            793.7579665   3    13    30    10       224  62   3.229E+03
*            793.7579670   2     9    21     9       135  61   3.817E+03
*            793.7579815   6    29    21     7       256  58   1.579E+03
*            793.7579900   5    20    14     3       113  56 841.114E+00
* Gp# 1[1,3,2,6,5] x,y,z = 1.737, 3.481, 3.922, q = 0.9874 dT[2, 2, 22, 25] Src Amplitude = 60.0
*            793.8538230   1    12    27     7       195  60   1.907E+03
*            793.8538245   3     9    27     7       199  61   2.084E+03
*            793.8538250   2     1    20     7       135  59   2.541E+03
*            793.8538445   6     1    18     4       159  56 932.616E+00
*            793.8538480   5    43    12     2        51  54 478.593E+00
* Gp# 1[1,2,3,6,5] x,y,z = 5.294, 16.8, 2.543, q = 0.9268 dT[1, 2, 17, 25] Src Amplitude = 62.0
*            793.9506840   1    12    29     9       195  62   2.909E+03
*            793.9506850   2    10    24     9       136  63   4.005E+03
*            793.9506855   3    13    31    10       224  62   3.202E+03
*            793.9507005   6    29    22     5       168  58   1.471E+03
*            793.9507090   5    34    16     3        69  56 782.273E+00
* Gp# 1[1,3,2,6,5] x,y,z = 1.737, 3.481, 3.922, q = 0.9874 dT[2, 2, 22, 25] Src Amplitude = 60.0
*            796.6154690   1    12    26     7       195  60   1.899E+03
*            796.6154705   3    13    28     7       196  61   2.086E+03
*            796.6154710   2     9    21     7       135  59   2.522E+03
*            796.6154905   6     1    18     3        96  56 883.751E+00
*            796.6154940   5    40    13     2        51  54 476.714E+00
* Gp# 1[1,3,2,6,5] x,y,z = 1.737, 3.481, 3.922, q = 0.9874 dT[2, 2, 22, 25] Src Amplitude = 62.0
*            796.7112330   1    12    29     9       195  62   2.909E+03
*            796.7112345   3    13    31    10       227  62   3.237E+03
*            796.7112350   2     1    21     9       135  61   3.790E+03
*            796.7112545   6    24    20     5       163  58   1.448E+03
*            796.7112580   5     6    15     3        72  56 803.163E+00
* Gp# 1[1,3,2,6,5] x,y,z = 1.737, 3.481, 3.922, q = 0.9874 dT[2, 2, 22, 25] Src Amplitude = 60.0
*            796.8071240   1    12    26     7       195  60   1.905E+03
*            796.8071255   3    13    28     8       224  60   2.115E+03
*            796.8071260   2     9    20     7       135  59   2.513E+03
*            796.8071455   6     1    16     3        96  56 885.184E+00
*            796.8071490   5    40    13     2        48  54 462.669E+00
* Gp# 1[1,3,2,6,5] x,y,z = 1.737, 3.481, 3.922, q = 0.9874 dT[2, 2, 22, 25] Src Amplitude = 62.0
*            796.9029080   1    12    28     9       195  62   2.900E+03
*            796.9029095   3    13    31    10       227  63   3.239E+03
*            796.9029100   2    74    24    10       168  61   4.040E+03
*            796.9029295   6    24    21     5       160  58   1.430E+03
*            796.9029330   5    20    15     3        69  56 790.029E+00
* Gp# 1[1,3,2,6,5] x,y,z = 1.737, 3.481, 3.922, q = 0.9874 dT[2, 2, 22, 25] Src Amplitude = 60.0
*            796.9990090   1    12    26     7       195  60   1.910E+03
*            796.9990105   3    10    28     7       199  61   2.077E+03
*            796.9990110   2     9    19     7       135  60   2.528E+03
*            796.9990305   6     1    16     3        96  56 888.815E+00
*            796.9990340   5    43    12     2        51  54 494.450E+00
* Gp# 1[1,3,2,6,5] x,y,z = 1.737, 3.481, 3.922, q = 0.9874 dT[2, 2, 22, 25] Src Amplitude = 60.0
*            799.5717060   1    12    26     7       195  60   1.906E+03
*            799.5717075   3     9    27     7       196  61   2.082E+03
*            799.5717080   2     1    21     7       135  60   2.559E+03
*            799.5717275   6     1    16     3        96  57 888.895E+00
*            799.5717310   5    40    13     2        51  54 486.453E+00
* Gp# 1[1,3,2,6,5] x,y,z = 3.936, 18.75, 3.291, q = 0.9166 dT[2, 2, 17, 25] Src Amplitude = 62.0
*            799.8591480   1    12    28     9       195  62   2.901E+03
*            799.8591495   3    13    32    10       224  62   3.244E+03
*            799.8591500   2     9    20     9       135  61   3.946E+03
*            799.8591645   6    29    21     5       168  58   1.470E+03
*            799.8591730   5    40    16     2        60  56 771.287E+00
* Gp# 1[1,3,2,6,5] x,y,z = 1.737, 3.481, 3.922, q = 0.9874 dT[2, 2, 22, 25] Src Amplitude = 60.0
*            799.9552260   1    12    27     7       192  60   1.905E+03
*            799.9552275   3    13    27     7       183  61   2.086E+03
*            799.9552280   2     9    20     7       135  59   2.479E+03
*            799.9552475   6    24    17     4       160  56 931.934E+00
*            799.9552510   5    20    13     2        69  55 524.760E+00
* Gp# 1[1,3,2,6,5] x,y,z = 3.936, 18.75, 3.291, q = 0.9166 dT[2, 2, 17, 25] Src Amplitude = 62.0
*            800.0509910   1    12    27     9       195  62   2.908E+03
*            800.0509925   3     9    30     9       202  62   3.218E+03
*            800.0509930   2     9    21     9       135  61   3.963E+03
*            800.0510075   6    25    22     5       167  58   1.477E+03
*            800.0510160   5    43    15     3        88  56 832.615E+00
* Gp# 1[1,3,2,6,5] x,y,z = 1.737, 3.481, 3.922, q = 0.9874 dT[2, 2, 22, 25] Src Amplitude = 60.0
*            800.1467100   1     9    26     7       195  60   1.900E+03
*            800.1467115   3    13    27     7       199  61   2.094E+03
*            800.1467120   2     1    19     7       135  60   2.601E+03
*            800.1467315   6     1    17     3        96  56 879.515E+00
*            800.1467350   5    17    13     2        52  54 491.821E+00
* Gp# 1[1,2,3,6,5] x,y,z = 3.598, 1.063, 3.083, q = 0.9904 dT[1, 2, 22, 25] Src Amplitude = 62.0
*            800.2435750   1     9    29     8       193  62   2.899E+03
*            800.2435760   2     2    23     9       136  61   3.858E+03
*            800.2435765   3    13    33    10       224  62   3.223E+03
*            800.2435965   6    24    21     6       221  58   1.534E+03
*            800.2436000   5    20    14     3        72  56 801.835E+00
* Gp# 1[1,3,2,6,5] x,y,z = 1.747, 7.962, 3.665, q = 0.9787 dT[2, 2, 21, 25] Src Amplitude = 60.0
*            802.7544910   1    12    26     7       195  60   1.912E+03
*            802.7544925   3     9    28     7       179  60   2.062E+03
*            802.7544930   2     1    20     7       132  59   2.509E+03
*            802.7545115   6     2    17     4       163  56 944.282E+00
*            802.7545160   5    43    12     2        51  54 481.037E+00
* Gp# 1[1,3,2,6,5] x,y,z = 3.407, 8.263, 8.64, q = 0.9149 dT[4, 5, 20, 28] Src Amplitude = 61.0
*            802.8513520   1    15    29     9       198  61   2.953E+03
*            802.8513555   3    10    30     9       200  62   3.189E+03
*            802.8513570   2    77    22     9       135  61   3.916E+03
*            802.8513715   6    25    21     6       198  57   1.513E+03
*            802.8513800   5    43    15     3       119  56 847.818E+00
* Gp# 1[1,3,2,6,5] x,y,z = -2.869, 5.84, 6.792, q = 0.9654 dT[2, 5, 22, 26] Src Amplitude = 60.0
*            802.9471840   1     9    28     7       192  60   1.894E+03
*            802.9471855   3    13    28     7       183  60   2.078E+03
*            802.9471890   2     3    19     7       132  60   2.630E+03
*            802.9472055   6    24    17     4       160  56 942.514E+00
*            802.9472100   5    19    12     2        68  55 523.065E+00
* Gp# 1[1,3,2,6,5] x,y,z = 0.6992, 1.511, 5.312, q = 0.9763 dT[2, 3, 22, 26] Src Amplitude = 61.0
*            803.0432210   1     6    29     9       196  61   2.918E+03
*            803.0432225   3    10    31     9       183  62   3.136E+03
*            803.0432240   2     5    22    10       171  61   4.057E+03
*            803.0432425   6    24    21     6       197  57   1.498E+03
*            803.0432470   5     5    14     3       119  56 846.443E+00
* Gp# 1[1,3,2,6,5] x,y,z = 1.737, 3.481, 3.922, q = 0.9874 dT[2, 2, 22, 25] Src Amplitude = 60.0
*            803.1390080   1    12    26     7       195  60   1.908E+03
*            803.1390095   3    13    28     7       196  61   2.094E+03
*            803.1390100   2     9    20     7       132  60   2.543E+03
*            803.1390295   6     4    18     3        96  56 877.590E+00
*            803.1390330   5    17    12     2        52  54 487.185E+00
* Gp# 1[1,3,2,6,5] x,y,z = 3.936, 18.75, 3.291, q = 0.9166 dT[2, 2, 17, 25] Src Amplitude = 62.0
*            803.2347110   1    12    29     9       195  62   2.910E+03
*            803.2347125   3     9    30     9       199  62   3.185E+03
*            803.2347130   2     9    20     9       135  61   3.842E+03
*            803.2347275   6     1    20     5       167  58   1.466E+03
*            803.2347360   5    40    15     3       113  56 829.703E+00
* Gp# 1[1,3,2,6,5] x,y,z = 1.737, 3.481, 3.922, q = 0.9874 dT[2, 2, 22, 25] Src Amplitude = 60.0
*            803.3305880   1    12    26     7       195  60   1.908E+03
*            803.3305895   3    13    28     8       224  61   2.135E+03
*            803.3305900   2     9    19     7       135  60   2.688E+03
*            803.3306095   6     1    18     3        96  56 888.647E+00
*            803.3306130   5    17    13     2        52  54 484.688E+00
* Gp# 1[1,3,2,6,5] x,y,z = 3.936, 18.75, 3.291, q = 0.9166 dT[2, 2, 17, 25] Src Amplitude = 62.0
*            803.4264040   1    12    28     9       195  62   2.908E+03
*            803.4264055   3    13    31    10       227  62   3.238E+03
*            803.4264060   2     9    22     9       135  61   3.970E+03
*            803.4264205   6     1    23     5       167  58   1.478E+03
*            803.4264290   5    40    15     3       119  56 852.128E+00
* Gp# 1[1,2,3,6,5] x,y,z = 5.277, 10.95, 5.592, q = 0.9839 dT[2, 4, 21, 25] Src Amplitude = 60.0
*            805.9361830   1     5    26     7       195  60   1.912E+03
*            805.9361850   2     2    18     7       132  59   2.439E+03
*            805.9361865   3     7    28     7       177  60   2.029E+03
*            805.9362035   6    45    16     4       163  55 947.076E+00
*            805.9362080   5    43    12     2        51  54 479.522E+00
* Gp# 1[1,3,2,6,5] x,y,z = 3.936, 18.75, 3.291, q = 0.9166 dT[2, 2, 17, 25] Src Amplitude = 62.0
*            806.0322130   1    12    28     9       195  62   2.906E+03
*            806.0322145   3    13    30    10       227  62   3.249E+03
*            806.0322150   2     9    21     9       135  62   3.948E+03
*            806.0322295   6     1    21     5       164  58   1.442E+03
*            806.0322380   5    40    15     3       119  56 849.381E+00
* Gp# 1[1,2,3,6,5] x,y,z = 6.307, 6.702, 8.134, q = 0.9845 dT[3, 5, 22, 26] Src Amplitude = 59.0
*            806.1280580   1     6    27     7       196  59   1.909E+03
*            806.1280610   2     2    19     7       131  60   2.618E+03
*            806.1280625   3     7    28     7       180  60   2.040E+03
*            806.1280795   6     1    16     5       194  55 979.739E+00
*            806.1280840   5     2    12     2        51  54 487.218E+00
* Gp# 1[1,2,3,6,5] x,y,z = 7.343, 9.326, 1.825, q = 0.9421 dT[0, 2, 18, 26] Src Amplitude = 61.0
*            806.2241530   1     6    30     9       196  61   2.925E+03
*            806.2241530   2     5    23    10       170  61   4.128E+03
*            806.2241545   3    10    30     9       183  62   3.174E+03
*            806.2241705   6    49    22     6       201  57   1.525E+03
*            806.2241790   5     5    14     3       119  56 852.658E+00
* Gp# 1[1,2,3,6,5] x,y,z = 5.277, 10.95, 5.592, q = 0.9839 dT[2, 4, 21, 25] Src Amplitude = 60.0
*            806.3198990   1    12    26     7       195  60   1.914E+03
*            806.3199010   2     2    20     7       135  59   2.578E+03
*            806.3199025   3     7    27     7       177  60   2.037E+03
*            806.3199195   6    21    16     4       163  55 942.195E+00
*            806.3199240   5    43    10     2        54  54 493.611E+00
* Gp# 1[1,3,2,6,5] x,y,z = 0.6992, 1.511, 5.312, q = 0.9763 dT[2, 3, 22, 26] Src Amplitude = 61.0
*            806.4164590   1     9    30     8       196  61   2.925E+03
*            806.4164605   3    10    31     9       196  62   3.199E+03
*            806.4164620   2     2    22     9       134  61   3.886E+03
*            806.4164805   6    24    21     6       221  58   1.527E+03
*            806.4164850   5    19    15     3       109  56 822.314E+00
* Gp# 1[1,2,3,6,5] x,y,z = 6.692, 16.05, 1.987, q = 0.936 dT[0, 2, 17, 25] Src Amplitude = 62.0
*            806.6082810   1    12    28     9       195  62   2.900E+03
*            806.6082810   2    11    24    10       170  62   4.193E+03
*            806.6082825   3    13    30    10       224  62   3.269E+03
*            806.6082975   6    29    21     5       168  58   1.470E+03
*            806.6083060   5    20    15     3        72  56 788.664E+00
* Gp# 1[1,3,2,6,5] x,y,z = 3.936, 18.75, 3.291, q = 0.9166 dT[2, 2, 17, 25] Src Amplitude = 62.0
*            809.1781420   1     9    29     9       195  62   2.913E+03
*            809.1781435   3    13    31    10       227  62   3.267E+03
*            809.1781440   2     9    23     9       135  61   4.033E+03
*            809.1781585   6     1    22     5       167  58   1.469E+03
*            809.1781670   5    40    16     3       119  56 862.452E+00
* Gp# 1[1,3,2,6,5] x,y,z = 3.936, 18.75, 3.291, q = 0.9166 dT[2, 2, 17, 25] Src Amplitude = 62.0
*            809.3708600   1    12    28     9       195  62   2.900E+03
*            809.3708615   3     9    31     9       199  62   3.199E+03
*            809.3708620   2     9    21     9       135  61   4.049E+03
*            809.3708765   6    25    21     7       259  58   1.585E+03
*            809.3708850   5    43    15     3       119  56 856.811E+00
* Gp# 1[1,2,3,6,5] x,y,z = 8.051, 12.97, 1.991, q = 0.9244 dT[0, 2, 17, 26] Src Amplitude = 61.0
*            809.5627760   1     9    29     8       195  61   2.905E+03
*            809.5627760   2     2    21     9       137  61   4.054E+03
*            809.5627775   3     7    31     9       196  62   3.202E+03
*            809.5627925   6    29    21     6       226  58   1.554E+03
*            809.5628020   5     5    15     3       109  56 832.913E+00
* Gp# 1[1,3,2,6,5] x,y,z = 1.737, 3.481, 3.922, q = 0.9874 dT[2, 2, 22, 25] Src Amplitude = 60.0
*            809.6593230   1    12    26     7       195  60   1.900E+03
*            809.6593245   3    13    27     7       199  61   2.100E+03
*            809.6593250   2     9    20     7       135  59   2.619E+03
*            809.6593445   6     1    18     3        96  56 886.311E+00
*            809.6593480   5    17    13     2        52  54 488.111E+00
* Gp# 1[1,3,2,6,5] x,y,z = 1.737, 3.481, 3.922, q = 0.9874 dT[2, 2, 22, 25] Src Amplitude = 62.0
*            809.7554120   1     9    28     9       195  62   2.908E+03
*            809.7554135   3    13    31    10       224  62   3.257E+03
*            809.7554140   2     9    22    10       168  62   4.170E+03
*            809.7554335   6    24    21     5       163  58   1.448E+03
*            809.7554370   5     6    15     3        72  56 793.385E+00
* Gp# 1[1,3,2,6,5] x,y,z = 1.747, 7.962, 3.665, q = 0.9787 dT[2, 2, 21, 25] Src Amplitude = 60.0
*            812.2162320   1    12    25     7       195  60   1.910E+03
*            812.2162335   3     9    27     7       179  60   2.076E+03
*            812.2162340   2    77    20     7       131  60   2.531E+03
*            812.2162525   6    21    15     4       194  56 970.719E+00
*            812.2162570   5    43    12     2        51  54 481.001E+00
* Gp# 1[1,2,3,6,5] x,y,z = 5.897, 14.91, 2.818, q = 0.9142 dT[1, 2, 17, 26] Src Amplitude = 61.0
*            812.3122960   1     9    29     8       195  61   2.929E+03
*            812.3122970   2     2    25    12       267  61   4.462E+03
*            812.3122975   3    10    31     9       193  62   3.174E+03
*            812.3123125   6    29    20     6       226  58   1.565E+03
*            812.3123220   5     5    14     3        68  56 783.324E+00
* Gp# 1[1,3,2,6,5] x,y,z = -2.869, 5.84, 6.792, q = 0.9654 dT[2, 5, 22, 26] Src Amplitude = 59.0
*            812.4080440   1     9    27     7       192  59   1.898E+03
*            812.4080455   3    10    28     7       183  60   2.092E+03
*            812.4080490   2     2    19     7       129  59   2.365E+03
*            812.4080655   6    24    17     4       160  56 928.341E+00
*            812.4080700   5    19    10     2        54  54 494.660E+00
* Gp# 1[1,3,2,6,5] x,y,z = 0.6992, 1.511, 5.312, q = 0.9763 dT[2, 3, 22, 26] Src Amplitude = 61.0
*            812.5037880   1     6    29     8       196  61   2.923E+03
*            812.5037895   3    10    30     9       200  62   3.220E+03
*            812.5037910   2     5    20    10       164  61   4.195E+03
*            812.5038095   6    24    22     7       293  57   1.601E+03
*            812.5038140   5     5    15     3        88  56 802.028E+00
* Gp# 1[1,2,3,6,5] x,y,z = 6.307, 6.702, 8.134, q = 0.9845 dT[3, 5, 22, 26] Src Amplitude = 61.0
*            812.8873210   1    13    29     9       196  61   2.921E+03
*            812.8873240   2     5    23     9       135  61   3.981E+03
*            812.8873255   3     7    29     9       200  62   3.140E+03
*            812.8873425   6    45    20     6       197  57   1.503E+03
*            812.8873470   5    43    15     3        88  56 803.224E+00
* Gp# 1[1,2,3,6,5] x,y,z = 3.598, 1.063, 3.083, q = 0.9904 dT[1, 2, 22, 25] Src Amplitude = 61.0
*            815.3913090   1     9    30     8       195  61   2.922E+03
*            815.3913100   2     7    22     9       136  61   4.213E+03
*            815.3913105   3    10    31    10       224  62   3.262E+03
*            815.3913305   6    24    22     6       221  58   1.525E+03
*            815.3913340   5    20    14     3        72  56 794.420E+00
* Gp# 1[1,2,3,6,5] x,y,z = 5.277, 10.95, 5.592, q = 0.9839 dT[2, 4, 21, 25] Src Amplitude = 59.0
*            815.4881610   1     5    26     7       195  59   1.914E+03
*            815.4881630   2     2    19     7       131  60   2.730E+03
*            815.4881645   3     7    28     7       180  60   2.033E+03
*            815.4881815   6     2    16     4       163  55 943.001E+00
*            815.4881860   5     2    12     2        54  54 492.700E+00
* Gp# 1[1,3,2,6,5] x,y,z = 1.737, 3.481, 3.922, q = 0.9874 dT[2, 2, 22, 25] Src Amplitude = 60.0
*            815.6797330   1    12    25     7       195  60   1.912E+03
*            815.6797345   3    13    27     8       199  61   2.126E+03
*            815.6797350   2     9    20     7       135  60   2.698E+03
*            815.6797545   6     1    18     3        96  56 879.456E+00
*            815.6797580   5     1    12     2        51  54 484.221E+00
* Gp# 1[1,3,2,6,5] x,y,z = 1.747, 7.962, 3.665, q = 0.9787 dT[2, 2, 21, 25] Src Amplitude = 60.0
*            815.8713720   1    12    26     7       195  60   1.915E+03
*            815.8713735   3     9    27     7       182  60   2.080E+03
*            815.8713740   2    77    21     7       131  59   2.575E+03
*            815.8713925   6    21    16     4       163  56 940.787E+00
*            815.8713970   5    43    11     2        51  54 485.075E+00
* Gp# 1[1,3,2,6,5] x,y,z = 0.6992, 1.511, 5.312, q = 0.9763 dT[2, 3, 22, 26] Src Amplitude = 61.0
*            815.9674380   1     9    30     8       196  61   2.929E+03
*            815.9674395   3    10    30    10       224  62   3.260E+03
*            815.9674410   2     5    22     9       135  61   4.052E+03
*            815.9674595   6    24    21     6       221  58   1.537E+03
*            815.9674640   5    19    15     3       109  56 834.202E+00
* Gp# 1[1,3,2,6,5] x,y,z = 0.2788, 5.644, 2.612, q = 0.9763 dT[1, 2, 21, 25] Src Amplitude = 59.0
*            818.5581410   1     5    26     7       192  59   1.904E+03
*            818.5581415   3    10    27     7       183  60   2.089E+03
*            818.5581430   2     2    20     7       131  60   2.730E+03
*            818.5581615   6     1    15     4       163  56 934.839E+00
*            818.5581660   5     2    11     2        54  54 494.807E+00
* Gp# 1[1,3,2,6,5] x,y,z = 3.936, 18.75, 3.291, q = 0.9166 dT[2, 2, 17, 25] Src Amplitude = 62.0
*            818.6538880   1    12    28     9       195  62   2.921E+03
*            818.6538895   3    13    31     9       202  62   3.229E+03
*            818.6538900   2    77    23    10       135  61   4.086E+03
*            818.6539045   6     9    22     6       198  58   1.510E+03
*            818.6539130   5    40    16     3        66  56 785.420E+00
* Gp# 1[1,2,3,6,5] x,y,z = 5.277, 10.95, 5.592, q = 0.9839 dT[2, 4, 21, 25] Src Amplitude = 60.0
*            818.7497410   1    12    25     7       195  60   1.901E+03
*            818.7497430   2     1    19     7       131  59   2.559E+03
*            818.7497445   3     7    27     7       180  61   2.075E+03
*            818.7497615   6    21    17     4       163  56 939.980E+00
*            818.7497660   5    43    12     2        51  54 477.603E+00
* Gp# 1[1,2,3,6,5] x,y,z = 5.294, 16.8, 2.543, q = 0.9268 dT[1, 2, 17, 25] Src Amplitude = 62.0
*            818.8456010   1     9    31     8       195  62   2.914E+03
*            818.8456020   2     7    22     9       136  61   4.224E+03
*            818.8456025   3    13    31    10       224  62   3.267E+03
*            818.8456175   6    29    22     6       202  58   1.516E+03
*            818.8456260   5    20    16     3        72  56 790.308E+00
* Gp# 1[1,3,2,6,5] x,y,z = 1.737, 3.481, 3.922, q = 0.9874 dT[2, 2, 22, 25] Src Amplitude = 60.0
*            818.9417060   1    12    26     7       195  60   1.917E+03
*            818.9417075   3     9    27     7       179  61   2.076E+03
*            818.9417080   2     1    20     7       132  60   2.659E+03
*            818.9417275   6     1    16     4       162  56 938.254E+00
*            818.9417310   5    43    12     2        51  54 477.311E+00
* Gp# 1[1,3,2,6,5] x,y,z = 3.936, 18.75, 3.291, q = 0.9166 dT[2, 2, 17, 25] Src Amplitude = 62.0
*            819.0374200   1    12    29     9       195  62   2.901E+03
*            819.0374215   3    13    31    10       227  62   3.260E+03
*            819.0374220   2    77    25    14       342  61   4.696E+03
*            819.0374365   6     1    21     5       161  58   1.437E+03
*            819.0374450   5    40    15     3       119  56 852.061E+00
* Gp# 1[1,2,3,6,5] x,y,z = 5.277, 10.95, 5.592, q = 0.9839 dT[2, 4, 21, 25] Src Amplitude = 60.0
*            821.5230770   1    12    26     7       195  60   1.908E+03
*            821.5230790   2     1    20     8       132  59   2.703E+03
*            821.5230805   3     7    27     7       197  60   2.074E+03
*            821.5230975   6    21    15     4       194  55 963.218E+00
*            821.5231020   5    43    12     2        54  54 489.468E+00
* Gp# 1[1,3,2,6,5] x,y,z = 3.936, 18.75, 3.291, q = 0.9166 dT[2, 2, 17, 25] Src Amplitude = 62.0
*            821.6191220   1    12    28     9       195  62   2.903E+03
*            821.6191235   3    13    32     9       199  62   3.243E+03
*            821.6191240   2     9    25    10       171  62   4.306E+03
*            821.6191385   6     1    21     5       167  58   1.465E+03
*            821.6191470   5    40    16     3       119  56 852.623E+00
* Gp# 1[1,2,3,6,5] x,y,z = 6.307, 6.702, 8.134, q = 0.9845 dT[3, 5, 22, 26] Src Amplitude = 59.0
*            821.7149660   1     6    26     7       193  59   1.902E+03
*            821.7149690   2     2    19     8       134  60   2.786E+03
*            821.7149705   3     7    27     7       180  60   2.035E+03
*            821.7149875   6    24    16     4       163  56 934.324E+00
*            821.7149920   5     2    11     2        54  55 490.752E+00
* Gp# 1[1,3,2,6,5] x,y,z = 3.296, 17.73, 4.014, q = 0.8911 dT[2, 3, 17, 26] Src Amplitude = 61.0
*            821.8108260   1     9    31     8       195  61   2.929E+03
*            821.8108275   3    10    31    10       221  62   3.297E+03
*            821.8108290   2     5    22     9       134  61   4.049E+03
*            821.8108425   6    29    22     6       226  58   1.558E+03
*            821.8108520   5     5    15     3        71  56 801.693E+00
* Gp# 1[1,3,2,6,5] x,y,z = 1.747, 7.962, 3.665, q = 0.9787 dT[2, 2, 21, 25] Src Amplitude = 60.0
*            821.9069040   1    12    26     7       195  60   1.912E+03
*            821.9069055   3     9    28     7       199  60   2.118E+03
*            821.9069060   2    77    19     8       131  59   2.732E+03
*            821.9069245   6    21    17     4       163  56 936.071E+00
*            821.9069290   5    43    11     2        51  54 480.943E+00
* Gp# 1[1,3,2,6,5] x,y,z = 3.936, 18.75, 3.291, q = 0.9166 dT[2, 2, 17, 25] Src Amplitude = 62.0
*            822.0026460   1    12    29     9       195  62   2.910E+03
*            822.0026475   3    13    32    10       227  62   3.290E+03
*            822.0026480   2     1    25    10       135  61   4.212E+03
*            822.0026625   6     1    22     6       198  58   1.504E+03
*            822.0026710   5    40    16     3       119  56 847.720E+00
* Gp# 1[1,3,2,6,5] x,y,z = 1.737, 3.481, 3.922, q = 0.9874 dT[2, 2, 22, 25] Src Amplitude = 60.0
*            822.0983900   1    12    26     7       195  60   1.914E+03
*            822.0983915   3    13    28     7       196  61   2.114E+03
*            822.0983920   2     9    20     7       132  60   2.610E+03
*            822.0984115   6     1    17     4       162  56 935.868E+00
*            822.0984150   5    43    11     2        51  54 488.731E+00
* Gp# 1[1,3,2,6,5] x,y,z = 7.322, 20.24, 8.368, q = 0.8135 dT[5, 5, 16, 28] Src Amplitude = 62.0
*            822.1941860   1    15    29     9       198  62   2.959E+03
*            822.1941905   3     9    31     9       202  62   3.246E+03
*            822.1941910   2    77    21    10       167  62   4.392E+03
*            822.1942015   6    29    23     6       205  57   1.522E+03
*            822.1942140   5    43    15     3       119  56 853.022E+00
* Gp# 1[1,3,2,6,5] x,y,z = 1.737, 3.481, 3.922, q = 0.9874 dT[2, 2, 22, 25] Src Amplitude = 60.0
*            824.6561200   1    12    27     7       195  60   1.908E+03
*            824.6561215   3    13    27     7       196  61   2.126E+03
*            824.6561220   2     9    19     8       135  60   2.793E+03
*            824.6561415   6     1    16     3        96  56 885.189E+00
*            824.6561450   5    20    13     2        52  54 492.984E+00
* Gp# 1[1,3,2,6,5] x,y,z = 3.936, 18.75, 3.291, q = 0.9166 dT[2, 2, 17, 25] Src Amplitude = 62.0
*            824.9438050   1    12    28     9       195  62   2.925E+03
*            824.9438065   3     9    31     9       202  62   3.258E+03
*            824.9438070   2    77    24    10       135  61   4.140E+03
*            824.9438215   6    25    22     6       219  58   1.531E+03
*            824.9438300   5     1    15     3       119  56 831.680E+00
* Gp# 1[1,2,3,6,5] x,y,z = 5.277, 10.95, 5.592, q = 0.9839 dT[2, 4, 21, 25] Src Amplitude = 60.0
*            825.0396720   1    12    26     7       192  60   1.897E+03
*            825.0396740   2    77    21     8       134  60   2.775E+03
*            825.0396755   3     7    27     7       180  60   2.071E+03
*            825.0396925   6    45    15     4       194  55 966.771E+00
*            825.0396970   5     2    11     2        51  54 476.071E+00
* Gp# 1[1,3,2,6,5] x,y,z = 2.089, 11.61, 8.911, q = 0.9745 dT[5, 5, 22, 26] Src Amplitude = 59.0
*            825.2314480   1     6    26     7       193  59   1.907E+03
*            825.2314525   3     7    26     8       221  60   2.101E+03
*            825.2314530   2     3    20     7       129  60   2.657E+03
*            825.2314695   6    24    16     4       163  56 939.796E+00
*            825.2314740   5    19    12     2        54  55 490.185E+00
* Gp# 1[1,3,2,6,5] x,y,z = 3.936, 18.75, 3.291, q = 0.9166 dT[2, 2, 17, 25] Src Amplitude = 62.0
*            825.3271900   1    12    29     9       195  62   2.917E+03
*            825.3271915   3    13    33    10       227  62   3.283E+03
*            825.3271920   2     9    23    10       135  61   4.221E+03
*            825.3272065   6    29    22     5       161  58   1.429E+03
*            825.3272150   5    20    16     3       113  56 831.321E+00
* Gp# 1[1,2,3,6,5] x,y,z = 6.307, 6.702, 8.134, q = 0.9845 dT[3, 5, 22, 26] Src Amplitude = 59.0
*            827.7962630   1     6    27     7       193  59   1.908E+03
*            827.7962660   2     5    19     8       134  59   2.817E+03
*            827.7962675   3     7    27     7       180  60   2.034E+03
*            827.7962845   6    24    17     4       163  56 938.969E+00
*            827.7962890   5     2    13     2        54  54 503.575E+00
* Gp# 1[1,3,2,6,5] x,y,z = 3.936, 18.75, 3.291, q = 0.9166 dT[2, 2, 17, 25] Src Amplitude = 62.0
*            827.8942350   1     9    28     9       195  62   2.918E+03
*            827.8942365   3    13    30    10       227  62   3.314E+03
*            827.8942370   2    77    22    10       135  61   4.174E+03
*            827.8942515   6     1    23     5       167  58   1.453E+03
*            827.8942600   5    40    15     3       119  56 855.894E+00
* Gp# 1[1,3,2,6,5] x,y,z = 0.6992, 1.511, 5.312, q = 0.9763 dT[2, 3, 22, 26] Src Amplitude = 59.0
*            827.9899850   1     9    26     7       195  59   1.912E+03
*            827.9899865   3    13    28     7       183  60   2.101E+03
*            827.9899880   2     2    19     8       134  59   2.780E+03
*            827.9900065   6    24    16     4       160  56 940.434E+00
*            827.9900110   5    19    11     2        68  55 521.314E+00
* Gp# 1[1,3,2,6,5] x,y,z = 7.322, 20.24, 8.368, q = 0.8135 dT[5, 5, 16, 28] Src Amplitude = 62.0
*            828.0857400   1    15    30     9       198  62   2.966E+03
*            828.0857445   3     9    29    10       220  62   3.307E+03
*            828.0857450   2     2    22     9       135  62   4.228E+03
*            828.0857555   6    29    23     6       229  57   1.566E+03
*            828.0857680   5    43    14     2        54  56 750.596E+00
* Gp# 1[1,3,2,6,5] x,y,z = 0.6992, 1.511, 5.312, q = 0.9763 dT[2, 3, 22, 26] Src Amplitude = 59.0
*            828.1815570   1     6    26     7       192  59   1.908E+03
*            828.1815585   3    10    27     7       183  60   2.095E+03
*            828.1815600   2     2    20     8       134  59   2.890E+03
*            828.1815785   6    24    17     4       160  56 930.079E+00
*            828.1815830   5    19    12     2        68  55 519.334E+00
* Gp# 1[1,3,2,6,5] x,y,z = 3.936, 18.75, 3.291, q = 0.9166 dT[2, 2, 17, 25] Src Amplitude = 62.0
*            828.2773930   1    12    30     9       195  62   2.921E+03
*            828.2773945   3    13    31    10       227  62   3.299E+03
*            828.2773950   2     9    24    13       336  62   4.595E+03
*            828.2774095   6    29    22     4       105  58   1.383E+03
*            828.2774180   5     6    15     3        88  55 805.264E+00
* Gp# 1[1,3,2,6,5] x,y,z = 1.737, 3.481, 3.922, q = 0.9874 dT[2, 2, 22, 25] Src Amplitude = 60.0
*            828.3735180   1    12    26     7       195  60   1.913E+03
*            828.3735195   3    13    27     8       199  61   2.105E+03
*            828.3735200   2     1    20     8       135  59   2.769E+03
*            828.3735395   6     1    17     3        96  56 875.308E+00
*            828.3735430   5     1    12     2        52  54 488.085E+00
* Gp# 1[1,3,2,6,5] x,y,z = 7.322, 20.24, 8.368, q = 0.8135 dT[5, 5, 16, 28] Src Amplitude = 62.0
*            828.4692570   1    15    29     9       198  62   2.961E+03
*            828.4692615   3     9    31     9       202  62   3.254E+03
*            828.4692620   2    77    22    10       168  62   4.295E+03
*            828.4692725   6    29    22     6       205  58   1.532E+03
*            828.4692850   5     1    15     3       119  56 856.341E+00
* Gp# 1[1,3,2,6,5] x,y,z = 3.936, 18.75, 3.291, q = 0.9166 dT[2, 2, 17, 25] Src Amplitude = 62.0
*            831.2576420   1    12    28     9       195  62   2.914E+03
*            831.2576435   3    13    31     9       202  62   3.249E+03
*            831.2576440   2    77    22    11       168  62   4.436E+03
*            831.2576585   6    25    22     6       201  58   1.510E+03
*            831.2576670   5     1    15     3       119  56 846.059E+00
* Gp# 1[1,3,2,5,6] x,y,z = -2.125, 33.58, 3.019, q = 1 dT[2, 2, 14, 17] Src Amplitude = 62.0
*            831.4492810   1    12    28     9       195  62   2.918E+03
*            831.4492825   3    13    32     9       202  62   3.243E+03
*            831.4492830   2    77    24    11       168  61   4.437E+03
*            831.4492950   5    51    15     3       130  56 882.612E+00
*            831.4492975   6     1    22     6       219  58   1.546E+03
* Gp# 1[1,3,2,6,5] x,y,z = 1.747, 7.962, 3.665, q = 0.9787 dT[2, 2, 21, 25] Src Amplitude = 60.0
*            831.5451610   1    12    26     7       195  60   1.920E+03
*            831.5451625   3    10    27     7       199  60   2.113E+03
*            831.5451630   2     2    21     8       131  59   2.787E+03
*            831.5451815   6     2    16     4       160  56 925.463E+00
*            831.5451860   5    43    11     2        51  54 494.007E+00
* Gp# 1[1,3,2,6,5] x,y,z = 3.936, 18.75, 3.291, q = 0.9166 dT[2, 2, 17, 25] Src Amplitude = 62.0
*            831.6411800   1    12    29     9       195  62   2.928E+03
*            831.6411815   3    13    31     9       199  62   3.246E+03
*            831.6411820   2     9    24    10       168  61   4.357E+03
*            831.6411965   6    12    22     5       167  58   1.453E+03
*            831.6412050   5    20    14     3       119  56 855.063E+00
* Gp# 1[1,2,3,6,5] x,y,z = 5.277, 10.95, 5.592, q = 0.9839 dT[2, 4, 21, 25] Src Amplitude = 60.0
*            834.1419580   1    12    26     7       192  60   1.925E+03
*            834.1419600   2     1    20     8       134  61   2.798E+03
*            834.1419615   3     7    28     7       197  60   2.084E+03
*            834.1419785   6     2    17     4       160  55 930.814E+00
*            834.1419830   5     2    12     2        54  54 498.334E+00
* Gp# 1[1,3,2,6,5] x,y,z = 1.747, 7.962, 3.665, q = 0.9787 dT[2, 2, 21, 25] Src Amplitude = 60.0
*            834.3346500   1    12    26     7       195  60   1.934E+03
*            834.3346515   3     9    27     7       182  61   2.108E+03
*            834.3346520   2    77    19     8       131  60   2.823E+03
*            834.3346705   6    21    18     4       163  56 940.554E+00
*            834.3346750   5    43    11     2        51  54 480.608E+00
* Gp# 1[1,2,3,6,5] x,y,z = 6.692, 16.05, 1.987, q = 0.936 dT[0, 2, 17, 25] Src Amplitude = 62.0
*            834.4307490   1    12    30     9       195  62   2.967E+03
*            834.4307490   2     2    24    12       239  62   4.794E+03
*            834.4307505   3     7    33     9       196  62   3.242E+03
*            834.4307655   6    29    23     6       226  58   1.549E+03
*            834.4307740   5    20    15     3        66  56 783.893E+00
* Gp# 1[1,3,2,6,5] x,y,z = 1.747, 7.962, 3.665, q = 0.9787 dT[2, 2, 21, 25] Src Amplitude = 60.0
*            834.5264320   1    12    26     7       195  60   1.944E+03
*            834.5264335   3     9    28     7       199  60   2.131E+03
*            834.5264340   2     1    21     8       131  59   2.739E+03
*            834.5264525   6    21    16     4       194  56 966.797E+00
*            834.5264570   5    43    13     2        51  54 488.540E+00
* Gp# 1[1,2,3,6,5] x,y,z = 5.277, 10.95, 5.592, q = 0.9839 dT[2, 4, 21, 25] Src Amplitude = 60.0
*            834.7180320   1    12    27     7       192  60   1.935E+03
*            834.7180340   2     5    21     8       131  59   2.762E+03
*            834.7180355   3     7    27     7       180  60   2.063E+03
*            834.7180525   6     1    16     4       163  56 931.338E+00
*            834.7180570   5     2    12     2        54  54 502.151E+00
* Gp# 1[1,3,2,6,5] x,y,z = 1.737, 3.481, 3.922, q = 0.9874 dT[2, 2, 22, 25] Src Amplitude = 60.0
*            837.3069310   1    12    27     7       195  60   1.940E+03
*            837.3069325   3    13    27     7       183  61   2.098E+03
*            837.3069330   2     9    20     8       135  60   2.914E+03
*            837.3069525   6    24    17     3        96  56 880.503E+00
*            837.3069560   5    20    11     2        52  55 489.080E+00
* Gp# 1[1,2,3,6,5] x,y,z = 6.692, 16.05, 1.987, q = 0.936 dT[0, 2, 17, 25] Src Amplitude = 62.0
*            837.4034970   1     9    30     9       195  62   2.960E+03
*            837.4034970   2     8    23    10       137  61   4.399E+03
*            837.4034985   3     6    31    10       224  62   3.292E+03
*            837.4035135   6    29    22     5       122  58   1.396E+03
*            837.4035220   5     6    14     2        60  56 776.735E+00
* Gp# 1[1,3,2,6,5] x,y,z = 1.737, 3.481, 3.922, q = 0.9874 dT[2, 2, 22, 25] Src Amplitude = 60.0
*            837.4995460   1    12    27     7       195  60   1.944E+03
*            837.4995475   3    13    26     7       179  60   2.104E+03
*            837.4995480   2     1    20     8       135  60   2.773E+03
*            837.4995675   6     1    17     3        96  56 877.750E+00
*            837.4995710   5    20    12     2        69  54 522.717E+00
* Gp# 1[1,3,2,6,5] x,y,z = 3.936, 18.75, 3.291, q = 0.9166 dT[2, 2, 17, 25] Src Amplitude = 62.0
*            837.5964090   1    12    29     9       195  62   2.961E+03
*            837.5964105   3    13    31    10       227  62   3.290E+03
*            837.5964110   2    77    22    10       135  61   4.246E+03
*            837.5964255   6     9    22     6       195  58   1.475E+03
*            837.5964340   5    17    14     3       119  55 843.997E+00
* Gp# 1[1,3,2,6,5] x,y,z = 0.6992, 1.511, 5.312, q = 0.9763 dT[2, 3, 22, 26] Src Amplitude = 59.0
*            837.6922420   1     6    28     7       193  59   1.939E+03
*            837.6922435   3    10    28     8       224  60   2.168E+03
*            837.6922450   2     2    20     8       134  60   2.916E+03
*            837.6922635   6    24    16     4       160  56 927.429E+00
*            837.6922680   5     5    12     2        54  55 502.554E+00
* Gp# 1[1,2,3,6,5] x,y,z = 6.692, 16.05, 1.987, q = 0.936 dT[0, 2, 17, 25] Src Amplitude = 62.0
*            837.7881200   1    12    29     9       195  62   2.961E+03
*            837.7881200   2     8    24    10       137  61   4.468E+03
*            837.7881215   3    13    30     9       199  62   3.251E+03
*            837.7881365   6    29    22     6       226  58   1.557E+03
*            837.7881450   5    20    16     3       119  56 854.075E+00
* Gp# 1[1,2,3,6,5] x,y,z = 6.307, 6.702, 8.134, q = 0.9845 dT[3, 5, 22, 26] Src Amplitude = 59.0
*            837.8842070   1     6    28     7       192  59   1.935E+03
*            837.8842100   2     2    20     8       164  59   2.943E+03
*            837.8842115   3     7    27     7       180  60   2.071E+03
*            837.8842285   6    24    16     4       160  56 928.427E+00
*            837.8842330   5     2    12     2        54  55 503.501E+00
* Gp# 1[1,3,2,6,5] x,y,z = 1.737, 3.481, 3.922, q = 0.9874 dT[2, 2, 22, 25] Src Amplitude = 62.0
*            837.9799700   1    12    29     9       195  62   2.955E+03
*            837.9799715   3    13    31     9       199  62   3.271E+03
*            837.9799720   2     9    21    10       135  61   4.279E+03
*            837.9799915   6    24    22     5       117  58   1.380E+03
*            837.9799950   5     1    15     2        60  56 765.928E+00
* Gp# 1[1,3,2,6,5] x,y,z = 1.737, 3.481, 3.922, q = 0.9874 dT[2, 2, 22, 25] Src Amplitude = 60.0
*            840.4935580   1    12    25     7       195  60   1.938E+03
*            840.4935595   3    13    27     7       199  61   2.136E+03
*            840.4935600   2     9    22     8       132  60   2.687E+03
*            840.4935795   6     1    17     3        96  56 878.426E+00
*            840.4935830   5     1    11     2        51  54 490.605E+00
* Gp# 1[1,2,3,6,5] x,y,z = 6.692, 16.05, 1.987, q = 0.936 dT[0, 2, 17, 25] Src Amplitude = 62.0
*            840.5898050   1    12    29     9       195  62   2.949E+03
*            840.5898050   2    76    25    11       170  61   4.476E+03
*            840.5898065   3    13    31    10       227  62   3.317E+03
*            840.5898215   6    29    22     5       161  58   1.419E+03
*            840.5898300   5    20    15     3       119  56 846.938E+00
* Gp# 1[1,3,2,6,5] x,y,z = 1.737, 3.481, 3.922, q = 0.9874 dT[2, 2, 22, 25] Src Amplitude = 60.0
*            840.6855620   1    12    26     7       195  60   1.944E+03
*            840.6855635   3    13    28     8       199  61   2.132E+03
*            840.6855640   2     9    21     8       135  60   2.840E+03
*            840.6855835   6     1    18     4       159  56 928.338E+00
*            840.6855870   5    43    12     2        51  54 481.040E+00
* Gp# 1[1,2,3,6,5] x,y,z = 6.692, 16.05, 1.987, q = 0.936 dT[0, 2, 17, 25] Src Amplitude = 62.0
*            840.9729480   1    12    29     9       195  62   2.964E+03
*            840.9729480   2     8    23    14       344  62   5.022E+03
*            840.9729495   3     6    30    10       227  62   3.289E+03
*            840.9729645   6    29    22     5       122  58   1.403E+03
*            840.9729730   5    20    15     3       113  56 836.559E+00
* Gp# 1[1,2,3,6,5] x,y,z = 5.277, 10.95, 5.592, q = 0.9839 dT[2, 4, 21, 25] Src Amplitude = 60.0
*            841.0690800   1    12    27     7       192  60   1.929E+03
*            841.0690820   2    77    20     8       134  59   2.914E+03
*            841.0690835   3     7    28     7       180  60   2.065E+03
*            841.0691005   6    24    17     4       163  56 936.642E+00
*            841.0691050   5     2    10     2        51  55 494.714E+00
* Gp# 1[1,3,2,6,5] x,y,z = 3.936, 18.75, 3.291, q = 0.9166 dT[2, 2, 17, 25] Src Amplitude = 62.0
*            841.1648420   1     9    28     9       195  62   2.966E+03
*            841.1648435   3    13    30    10       202  62   3.265E+03
*            841.1648440   2    77    23    10       135  62   4.355E+03
*            841.1648585   6     1    23     6       198  58   1.492E+03
*            841.1648670   5    40    14     3       119  56 836.056E+00
* Gp# 1[1,3,2,6,5] x,y,z = 1.737, 3.481, 3.922, q = 0.9874 dT[2, 2, 22, 25] Src Amplitude = 60.0
*            843.6428840   1    12    26     7       195  60   1.935E+03
*            843.6428855   3    13    28     8       199  61   2.138E+03
*            843.6428860   2     9    20     8       135  60   2.978E+03
*            843.6429055   6     1    16     4       159  56 927.688E+00
*            843.6429090   5    17    11     2        52  54 489.772E+00
* Gp# 1[1,3,2,6,5] x,y,z = 0.6992, 1.511, 5.312, q = 0.9763 dT[2, 3, 22, 26] Src Amplitude = 61.0
*            843.7397480   1     6    29     9       195  61   2.975E+03
*            843.7397495   3    10    31    10       224  62   3.320E+03
*            843.7397510   2    77    23    10       134  61   4.388E+03
*            843.7397695   6    24    21     6       221  58   1.530E+03
*            843.7397740   5     5    13     2        54  56 754.116E+00
* Gp# 1[1,3,2,6,5] x,y,z = 1.737, 3.481, 3.922, q = 0.9874 dT[2, 2, 22, 25] Src Amplitude = 60.0
*            843.8355170   1    12    25     7       195  60   1.936E+03
*            843.8355185   3    13    27     8       199  60   2.131E+03
*            843.8355190   2    77    20     8       135  61   2.846E+03
*            843.8355385   6     1    17     3        96  56 874.666E+00
*            843.8355420   5     1    11     2        48  54 477.381E+00
* Gp# 1[1,3,2,6,5] x,y,z = 4.963, 10.39, 9.366, q = 0.9189 dT[5, 5, 20, 28] Src Amplitude = 62.0
*            843.9312330   1    15    29     9       198  62   3.017E+03
*            843.9312375   3     9    31    10       220  62   3.278E+03
*            843.9312380   2    77    21    11       164  61   4.508E+03
*            843.9312525   6    49    22     6       225  57   1.542E+03
*            843.9312610   5    43    15     2        54  56 761.642E+00
* Gp# 1[1,2,3,6,5] x,y,z = 6.307, 6.702, 8.134, q = 0.9845 dT[3, 5, 22, 26] Src Amplitude = 60.0
*            844.0270400   1     6    26     7       192  60   1.922E+03
*            844.0270430   2     1    20     8       134  60   2.877E+03
*            844.0270445   3     7    26     7       180  60   2.065E+03
*            844.0270615   6    24    17     5       194  56 970.780E+00
*            844.0270660   5     2    11     2        54  55 496.630E+00
* Gp# 1[1,2,3,6,5] x,y,z = 14.49, 13.85, 6.031, q = 0.9393 dT[0, 5, 17, 26] Src Amplitude = 61.0
*            844.1228740   1     6    29     9       195  61   2.980E+03
*            844.1228740   2     8    23    11       170  61   4.542E+03
*            844.1228785   3     7    30    10       221  62   3.248E+03
*            844.1228905   6    29    22     6       226  57   1.550E+03
*            844.1229000   5     5    15     3        71  56 789.993E+00
* Gp# 1[1,3,2,6,5] x,y,z = 1.737, 3.481, 3.922, q = 0.9874 dT[2, 2, 22, 25] Src Amplitude = 60.0
*            844.2187360   1    12    25     7       195  60   1.945E+03
*            844.2187375   3    13    28     8       199  61   2.132E+03
*            844.2187380   2    77    22     8       135  60   2.887E+03
*            844.2187575   6     1    18     3        96  57 876.738E+00
*            844.2187610   5     1    12     2        48  54 478.455E+00
* Gp# 1[1,3,2,6,5] x,y,z = 1.737, 3.481, 3.922, q = 0.9874 dT[2, 2, 22, 25] Src Amplitude = 62.0
*            844.3155720   1    12    29     9       195  62   2.965E+03
*            844.3155735   3    13    32     9       199  62   3.249E+03
*            844.3155740   2     9    26    11       168  61   4.495E+03
*            844.3155935   6    24    23     5       156  58   1.409E+03
*            844.3155970   5    20    14     3       119  56 860.353E+00
* Gp# 1[1,3,2,6,5] x,y,z = 1.737, 3.481, 3.922, q = 0.9874 dT[2, 2, 22, 25] Src Amplitude = 60.0
*            846.7025300   1    12    25     7       195  60   1.949E+03
*            846.7025315   3    13    28     7       199  61   2.116E+03
*            846.7025320   2     9    20     8       135  60   2.938E+03
*            846.7025515   6     1    17     4       193  56 957.807E+00
*            846.7025550   5    43    11     2        51  54 482.247E+00
* Gp# 1[1,3,2,6,5] x,y,z = 3.936, 18.75, 3.291, q = 0.9166 dT[2, 2, 17, 25] Src Amplitude = 62.0
*            846.7985800   1    12    30     9       195  62   2.956E+03
*            846.7985815   3     6    32     9       199  62   3.245E+03
*            846.7985820   2     1    24    10       135  62   4.458E+03
*            846.7985965   6    29    22     5       161  58   1.420E+03
*            846.7986050   5    20    15     3        69  56 800.359E+00
* Gp# 1[1,3,2,6,5] x,y,z = 1.737, 3.481, 3.922, q = 0.9874 dT[2, 2, 22, 25] Src Amplitude = 60.0
*            846.8944210   1     9    26     7       195  60   1.938E+03
*            846.8944225   3    13    28     8       199  61   2.136E+03
*            846.8944230   2     9    20     8       135  60   2.912E+03
*            846.8944425   6     1    17     3        96  57 872.236E+00
*            846.8944460   5     1    11     2        52  54 489.494E+00
* Gp# 1[1,3,2,6,5] x,y,z = 3.936, 18.75, 3.291, q = 0.9166 dT[2, 2, 17, 25] Src Amplitude = 62.0
*            846.9905400   1    12    29     9       195  62   2.962E+03
*            846.9905415   3    13    31     9       202  62   3.255E+03
*            846.9905420   2    77    23    10       135  62   4.577E+03
*            846.9905565   6    25    23     6       201  58   1.506E+03
*            846.9905650   5     1    14     3       119  56 856.671E+00
* Gp# 1[1,3,2,6,5] x,y,z = 1.747, 7.962, 3.665, q = 0.9787 dT[2, 2, 21, 25] Src Amplitude = 60.0
*            847.0862620   1    12    26     7       195  60   1.929E+03
*            847.0862635   3    13    29     7       199  61   2.137E+03
*            847.0862640   2     1    20     8       134  60   2.899E+03
*            847.0862825   6     2    16     4       194  56 962.171E+00
*            847.0862870   5    43    10     2        51  54 476.537E+00
* Gp# 1[1,2,3,6,5] x,y,z = 5.897, 14.91, 2.818, q = 0.9142 dT[1, 2, 17, 26] Src Amplitude = 61.0
*            847.1820030   1     9    29     8       195  61   2.973E+03
*            847.1820040   2     4    23    10       136  61   4.458E+03
*            847.1820045   3    10    31    10       224  62   3.306E+03
*            847.1820195   6    29    23     6       226  58   1.546E+03
*            847.1820290   5    19    15     3        68  56 782.107E+00
* Gp# 1[1,3,2,6,5] x,y,z = 3.936, 18.75, 3.291, q = 0.9166 dT[2, 2, 17, 25] Src Amplitude = 62.0
*            847.3746750   1    12    29     9       195  62   2.965E+03
*            847.3746765   3    13    30     9       202  62   3.256E+03
*            847.3746770   2     9    21    11       171  62   4.637E+03
*            847.3746915   6    25    23     6       219  58   1.531E+03
*            847.3747000   5     1    15     3       119  56 854.024E+00
* Gp# 1[1,3,2,6,5] x,y,z = -3.244, 9.699, 6.306, q = 0.9749 dT[2, 5, 22, 25] Src Amplitude = 60.0
*            850.0183990   1    12    25     7       195  60   1.950E+03
*            850.0184005   3    13    28     7       196  61   2.158E+03
*            850.0184040   2     1    20     7       132  60   2.728E+03
*            850.0184205   6     7    18     3        96  57 871.080E+00
*            850.0184240   5    20    11     2        52  55 493.962E+00
* Gp# 1[1,3,2,6,5] x,y,z = 3.936, 18.75, 3.291, q = 0.9166 dT[2, 2, 17, 25] Src Amplitude = 62.0
*            850.1142390   1    12    28     9       195  62   2.951E+03
*            850.1142405   3    13    31     9       202  62   3.262E+03
*            850.1142410   2    74    23    10       135  62   4.442E+03
*            850.1142555   6     1    23     6       198  58   1.498E+03
*            850.1142640   5    40    15     3       119  55 853.798E+00
* Gp# 1[1,3,2,6,5] x,y,z = 1.747, 7.962, 3.665, q = 0.9787 dT[2, 2, 21, 25] Src Amplitude = 60.0
*            850.2103310   1    12    25     7       195  60   1.941E+03
*            850.2103325   3     9    28     7       199  61   2.126E+03
*            850.2103330   2     1    20     8       135  60   2.997E+03
*            850.2103515   6    21    17     4       194  56 957.556E+00
*            850.2103560   5     1    11     2        51  54 490.152E+00
* Gp# 1[1,3,2,6,5] x,y,z = 7.322, 20.24, 8.368, q = 0.8135 dT[5, 5, 16, 28] Src Amplitude = 62.0
*            850.4976220   1    15    30     9       198  62   3.013E+03
*            850.4976265   3     9    30    10       220  62   3.294E+03
*            850.4976270   2    77    24    11       167  62   4.529E+03
*            850.4976375   6    29    22     6       229  57   1.557E+03
*            850.4976500   5     2    15     2        54  56 766.550E+00
* Gp# 1[1,2,3,6,5] x,y,z = 5.277, 10.95, 5.592, q = 0.9839 dT[2, 4, 21, 25] Src Amplitude = 60.0
*            852.9986970   1    12    26     7       192  60   1.927E+03
*            852.9986990   2     1    21     8       134  60   2.942E+03
*            852.9987005   3     7    28     7       180  60   2.061E+03
*            852.9987175   6     1    16     4       194  56 959.976E+00
*            852.9987220   5     2    11     2        54  54 498.027E+00
* Gp# 1[1,3,2,6,5] x,y,z = 3.936, 18.75, 3.291, q = 0.9166 dT[2, 2, 17, 25] Src Amplitude = 62.0
*            853.0955790   1    12    29     9       195  62   2.964E+03
*            853.0955805   3    13    30    10       227  62   3.347E+03
*            853.0955810   2     9    24    11       168  61   4.485E+03
*            853.0955955   6    12    23     5       161  58   1.423E+03
*            853.0956040   5    20    15     3       119  56 863.665E+00
* Gp# 1[1,3,2,6,5] x,y,z = 3.936, 18.75, 3.291, q = 0.9166 dT[2, 2, 17, 25] Src Amplitude = 62.0
*            853.2871740   1    12    28     9       195  62   2.962E+03
*            853.2871755   3     9    31    10       223  62   3.329E+03
*            853.2871760   2    77    22    10       135  62   4.345E+03
*            853.2871905   6    49    21     6       225  57   1.547E+03
*            853.2871990   5     1    15     3       119  56 853.305E+00
* Gp# 1[1,3,2,6,5] x,y,z = 1.737, 3.481, 3.922, q = 0.9874 dT[2, 2, 22, 25] Src Amplitude = 60.0
*            853.3829770   1    12    27     7       195  60   1.948E+03
*            853.3829785   3    13    27     7       196  61   2.125E+03
*            853.3829790   2     9    21     8       135  60   2.996E+03
*            853.3829985   6     1    17     3        96  57 877.442E+00
*            853.3830020   5    20    11     2        52  54 497.100E+00
* Gp# 1[1,2,3,6,5] x,y,z = 8.051, 12.97, 1.991, q = 0.9244 dT[0, 2, 17, 26] Src Amplitude = 61.0
*            853.4790960   1     9    29     8       195  61   2.978E+03
*            853.4790960   2     8    23    10       137  61   4.518E+03
*            853.4790975   3    10    32    10       224  62   3.299E+03
*            853.4791125   6    29    22     6       226  58   1.551E+03
*            853.4791220   5    19    15     3        68  56 792.055E+00
* Gp# 1[1,3,2,6,5] x,y,z = 1.737, 3.481, 3.922, q = 0.9874 dT[2, 2, 22, 25] Src Amplitude = 60.0
*            853.5748650   1    12    26     7       195  60   1.942E+03
*            853.5748665   3    13    27     7       182  60   2.091E+03
*            853.5748670   2     9    20     8       135  61   2.996E+03
*            853.5748865   6     1    17     4       159  56 919.177E+00
*            853.5748900   5     1    12     2        52  54 496.835E+00
* Gp# 1[1,2,3,6,5] x,y,z = 5.294, 16.8, 2.543, q = 0.9268 dT[1, 2, 17, 25] Src Amplitude = 61.0
*            853.6705800   1     9    28     8       195  61   2.967E+03
*            853.6705810   2     7    24    10       136  61   4.564E+03
*            853.6705815   3    10    32    10       224  62   3.309E+03
*            853.6705965   6    29    23     6       226  58   1.544E+03
*            853.6706050   5    20    15     3        69  56 799.935E+00
* Gp# 1[1,3,2,6,5] x,y,z = 0.6992, 1.511, 5.312, q = 0.9763 dT[2, 3, 22, 26] Src Amplitude = 59.0
*            856.1425350   1     9    27     7       195  59   1.945E+03
*            856.1425365   3    10    26     7       193  60   2.125E+03
*            856.1425380   2     5    22     8       134  60   2.964E+03
*            856.1425565   6    24    17     3        96  56 874.047E+00
*            856.1425610   5    19    11     2        51  55 489.808E+00
* Gp# 1[1,3,2,6,5] x,y,z = 1.737, 3.481, 3.922, q = 0.9874 dT[2, 2, 22, 25] Src Amplitude = 60.0
*            856.3345000   1    12    26     7       195  60   1.940E+03
*            856.3345015   3    13    28     8       199  61   2.131E+03
*            856.3345020   2     9    21     8       135  60   2.877E+03
*            856.3345215   6     1    17     4       193  56 968.907E+00
*            856.3345250   5    43    11     2        51  54 492.529E+00
* Gp# 1[1,3,2,6,5] x,y,z = 1.747, 7.962, 3.665, q = 0.9787 dT[2, 2, 21, 25] Src Amplitude = 62.0
*            856.4303080   1    12    28     9       195  62   2.974E+03
*            856.4303095   3    13    31     9       202  62   3.257E+03
*            856.4303100   2     9    23    10       135  61   4.392E+03
*            856.4303285   6    21    22     6       197  58   1.495E+03
*            856.4303330   5    40    14     3       119  55 841.681E+00
* Gp# 1[1,2,3,6,5] x,y,z = 6.307, 6.702, 8.134, q = 0.9845 dT[3, 5, 22, 26] Src Amplitude = 59.0
*            856.5259850   1     6    26     7       195  59   1.945E+03
*            856.5259880   2     5    22     8       138  60   3.093E+03
*            856.5259895   3     7    28     8       221  60   2.125E+03
*            856.5260065   6    24    17     5       194  56 959.923E+00
*            856.5260110   5    19    12     2        68  55 532.335E+00
* Gp# 1[1,2,3,6,5] x,y,z = 5.277, 10.95, 5.592, q = 0.9839 dT[2, 4, 21, 25] Src Amplitude = 60.0
*            859.2205640   1    12    27     7       192  60   1.929E+03
*            859.2205660   2     1    20     8       134  60   2.987E+03
*            859.2205675   3     7    27     7       180  60   2.067E+03
*            859.2205845   6    21    16     5       221  56 998.460E+00
*            859.2205890   5     2    10     2        54  54 492.572E+00
* Gp# 1[1,3,2,6,5] x,y,z = 3.936, 18.75, 3.291, q = 0.9166 dT[2, 2, 17, 25] Src Amplitude = 62.0
*            859.3166200   1     9    29     9       195  62   2.965E+03
*            859.3166215   3    13    32    10       202  62   3.271E+03
*            859.3166220   2     9    24    10       138  62   4.592E+03
*            859.3166365   6    12    24     6       198  58   1.494E+03
*            859.3166450   5    20    15     3       119  56 850.305E+00
* Gp# 1[1,3,2,6,5] x,y,z = 1.737, 3.481, 3.922, q = 0.9874 dT[2, 2, 22, 25] Src Amplitude = 60.0
*            859.4134900   1    12    26     7       195  60   1.950E+03
*            859.4134915   3    13    26     8       199  61   2.155E+03
*            859.4134920   2    74    20     8       135  60   2.908E+03
*            859.4135115   6    24    17     3        96  56 870.782E+00
*            859.4135150   5    20    12     2        52  55 503.621E+00
* Gp# 1[1,3,2,6,5] x,y,z = 1.737, 3.481, 3.922, q = 0.9874 dT[2, 2, 22, 25] Src Amplitude = 60.0
*            859.6049990   1    12    26     7       195  60   1.943E+03
*            859.6050005   3    13    28     8       199  61   2.146E+03
*            859.6050010   2     6    21     8       135  60   2.967E+03
*            859.6050205   6     1    17     3        96  56 869.269E+00
*            859.6050240   5    20    11     2        55  55 502.422E+00
* Gp# 1[1,2,3,6,5] x,y,z = 6.692, 16.05, 1.987, q = 0.936 dT[0, 2, 17, 25] Src Amplitude = 62.0
*            859.7008060   1     9    30     9       195  62   2.971E+03
*            859.7008060   2     8    23    14       341  61   5.086E+03
*            859.7008075   3    10    30     9       199  62   3.264E+03
*            859.7008225   6    29    22     6       226  58   1.555E+03
*            859.7008310   5     6    13     2        55  56 772.269E+00
* Gp# 1[1,3,2,6,5] x,y,z = 1.737, 3.481, 3.922, q = 0.9874 dT[2, 2, 22, 25] Src Amplitude = 61.0
*            859.7966480   1    12    26     7       195  61   1.942E+03
*            859.7966495   3    13    28     8       199  61   2.142E+03
*            859.7966500   2    77    20     8       135  60   2.975E+03
*            859.7966695   6     1    18     3        96  56 865.252E+00
*            859.7966730   5    17    12     2        57  54 510.289E+00
* Gp# 1[1,2,3,6,5] x,y,z = 5.277, 10.95, 5.592, q = 0.9839 dT[2, 4, 21, 25] Src Amplitude = 60.0
*            862.2725030   1     5    26     7       194  60   1.942E+03
*            862.2725050   2     5    20     8       134  60   2.998E+03
*            862.2725065   3     7    27     8       221  60   2.129E+03
*            862.2725235   6    24    17     5       221  56 989.934E+00
*            862.2725280   5     5    11     2        54  55 507.237E+00
* Gp# 1[1,3,2,6,5] x,y,z = 3.936, 18.75, 3.291, q = 0.9166 dT[2, 2, 17, 25] Src Amplitude = 62.0
*            862.3685780   1     9    28     9       195  62   2.969E+03
*            862.3685795   3     6    32    10       227  62   3.328E+03
*            862.3685800   2    74    24    10       135  62   4.507E+03
*            862.3685945   6     1    23     6       195  58   1.482E+03
*            862.3686030   5    20    14     3       119  56 841.401E+00
* Gp# 1[1,3,2,6,5] x,y,z = 6.015, 25.75, 3.682, q = 0.8098 dT[2, 2, 13, 25] Src Amplitude = 62.0
*            862.5602260   1    12    28     9       195  62   2.947E+03
*            862.5602275   3    13    31    10       220  62   3.294E+03
*            862.5602280   2    77    24    13       332  62   4.907E+03
*            862.5602385   6    29    24     6       229  58   1.548E+03
*            862.5602510   5    43    14     3       119  55 849.951E+00
* Gp# 1[1,3,2,6,5] x,y,z = 3.936, 18.75, 3.291, q = 0.9166 dT[2, 2, 17, 25] Src Amplitude = 62.0
*            862.7521220   1    12    28     9       195  62   2.967E+03
*            862.7521235   3    13    32     9       199  62   3.271E+03
*            862.7521240   2    74    26    14       338  62   5.171E+03
*            862.7521385   6     1    24     6       201  58   1.507E+03
*            862.7521470   5    20    16     3       119  56 874.817E+00
* Gp# 1[1,2,3,6,5] x,y,z = 6.692, 16.05, 1.987, q = 0.936 dT[0, 2, 17, 25] Src Amplitude = 62.0
*            862.9441910   1     9    29     9       195  62   2.982E+03
*            862.9441910   2     8    26    11       170  61   4.647E+03
*            862.9441925   3    10    32    10       227  62   3.322E+03
*            862.9442075   6    29    23     6       226  58   1.546E+03
*            862.9442160   5    20    14     3       119  56 845.543E+00
* Gp# 1[1,3,2,6,5] x,y,z = 1.747, 7.962, 3.665, q = 0.9787 dT[2, 2, 21, 25] Src Amplitude = 60.0
*            865.3577010   1    12    27     7       192  60   1.932E+03
*            865.3577025   3    10    28     7       199  61   2.153E+03
*            865.3577030   2     1    20     8       132  60   2.898E+03
*            865.3577215   6    21    17     5       197  56 971.491E+00
*            865.3577260   5    43    11     2        62  54 526.832E+00
* Gp# 1[1,3,2,6,5] x,y,z = 3.936, 18.75, 3.291, q = 0.9166 dT[2, 2, 17, 25] Src Amplitude = 62.0
*            865.4545380   1    12    28     9       195  62   2.957E+03
*            865.4545395   3    13    31     9       202  62   3.252E+03
*            865.4545400   2     9    24    11       168  62   4.645E+03
*            865.4545545   6     1    22     6       219  58   1.532E+03
*            865.4545630   5    40    14     3       119  55 842.224E+00
* Gp# 1[1,3,2,6,5] x,y,z = 3.936, 18.75, 3.291, q = 0.9166 dT[2, 2, 17, 25] Src Amplitude = 62.0
*            865.6464180   1    12    29     9       195  62   2.955E+03
*            865.6464195   3    13    32    10       202  62   3.277E+03
*            865.6464200   2     9    24    11       168  62   4.595E+03
*            865.6464345   6     1    24     6       198  58   1.488E+03
*            865.6464430   5    20    15     3       119  55 840.659E+00
* Gp# 1[1,3,2,6,5] x,y,z = 1.747, 7.962, 3.665, q = 0.9787 dT[2, 2, 21, 25] Src Amplitude = 60.0
*            865.7421240   1    12    26     7       192  60   1.927E+03
*            865.7421255   3    10    27     7       199  61   2.155E+03
*            865.7421260   2    77    20     8       134  60   3.037E+03
*            865.7421445   6     2    17     4       194  56 958.771E+00
*            865.7421490   5    43    11     2        51  54 499.633E+00
* Gp# 1[1,2,3,6,5] x,y,z = 5.277, 10.95, 5.592, q = 0.9839 dT[2, 4, 21, 25] Src Amplitude = 60.0
*            865.9345820   1     5    26     7       194  60   1.952E+03
*            865.9345840   2     5    20     8       134  60   2.914E+03
*            865.9345855   3     7    28     7       180  60   2.101E+03
*            865.9346025   6    24    18     3       100  56 878.169E+00
*            865.9346070   5     2    11     2        54  55 503.386E+00
* Gp# 1[1,3,2,6,5] x,y,z = 0.6992, 1.511, 5.312, q = 0.9763 dT[2, 3, 22, 26] Src Amplitude = 61.0
*            866.0306160   1     6    28     8       195  61   2.973E+03
*            866.0306175   3    10    30    10       224  62   3.316E+03
*            866.0306190   2     2    25    12       264  62   4.897E+03
*            866.0306375   6    24    22     6       224  58   1.542E+03
*            866.0306420   5     5    16     3        71  56 800.228E+00
* Gp# 1[1,3,2,6,5] x,y,z = 1.747, 7.962, 3.665, q = 0.9787 dT[2, 2, 21, 25] Src Amplitude = 60.0
*            868.4237640   1    12    25     7       192  60   1.937E+03
*            868.4237655   3    10    27     8       223  61   2.167E+03
*            868.4237660   2    77    20     8       135  60   2.972E+03
*            868.4237845   6    21    17     4       194  56 957.063E+00
*            868.4237890   5    43    11     2        51  54 482.582E+00
* Gp# 1[1,3,2,6,5] x,y,z = 3.936, 18.75, 3.291, q = 0.9166 dT[2, 2, 17, 25] Src Amplitude = 62.0
*            868.5198030   1    12    28     9       195  62   2.968E+03
*            868.5198045   3     9    30    10       223  62   3.301E+03
*            868.5198050   2    77    23    11       168  62   4.715E+03
*            868.5198195   6    25    22     6       225  58   1.550E+03
*            868.5198280   5    43    15     2        57  55 766.379E+00
* Gp# 1[1,3,2,6,5] x,y,z = 1.737, 3.481, 3.922, q = 0.9874 dT[2, 2, 22, 25] Src Amplitude = 60.0
*            868.6166730   1    12    25     7       195  60   1.942E+03
*            868.6166745   3    13    27     7       199  61   2.123E+03
*            868.6166750   2     9    21     8       131  60   3.047E+03
*            868.6166945   6     1    17     4       162  56 934.970E+00
*            868.6166980   5    43    11     2        52  54 496.724E+00
* Gp# 1[1,3,2,6,5] x,y,z = 6.015, 25.75, 3.682, q = 0.8098 dT[2, 2, 13, 25] Src Amplitude = 62.0
*            868.7124160   1    12    29     9       195  62   2.963E+03
*            868.7124175   3    13    30    10       220  62   3.302E+03
*            868.7124180   2    77    25    11       168  62   4.738E+03
*            868.7124285   6    29    24     6       229  57   1.558E+03
*            868.7124410   5    43    15     3       119  56 856.582E+00
* Gp# 1[1,3,2,6,5] x,y,z = 1.737, 3.481, 3.922, q = 0.9874 dT[2, 2, 22, 25] Src Amplitude = 60.0
*            868.8081610   1    12    26     7       195  60   1.936E+03
*            868.8081625   3    13    28     8       199  61   2.149E+03
*            868.8081630   2     9    20     8       135  60   2.914E+03
*            868.8081825   6     1    17     3        96  57 863.744E+00
*            868.8081860   5    20    12     2        52  55 494.870E+00
* Gp# 1[1,3,2,6,5] x,y,z = 3.936, 18.75, 3.291, q = 0.9166 dT[2, 2, 17, 25] Src Amplitude = 62.0
*            868.9039880   1    12    28     9       195  62   2.979E+03
*            868.9039895   3    13    31    10       202  63   3.302E+03
*            868.9039900   2     9    23    10       135  62   4.657E+03
*            868.9040045   6     1    23     6       225  58   1.550E+03
*            868.9040130   5    17    14     3       119  55 847.987E+00
* Gp# 1[1,3,2,6,5] x,y,z = 1.737, 3.481, 3.922, q = 0.9874 dT[2, 2, 22, 25] Src Amplitude = 60.0
*            868.9998520   1    12    25     7       195  60   1.935E+03
*            868.9998535   3    13    27     7       199  61   2.134E+03
*            868.9998540   2     9    20     8       135  60   2.991E+03
*            868.9998735   6     1    16     4       193  56 954.864E+00
*            868.9998770   5    43    11     2        51  54 489.218E+00
* Gp# 1[1,3,2,6,5] x,y,z = 3.936, 18.75, 3.291, q = 0.9166 dT[2, 2, 17, 25] Src Amplitude = 62.0
*            869.0959500   1    12    28     9       195  62   2.965E+03
*            869.0959515   3    13    31     9       202  62   3.284E+03
*            869.0959520   2    77    23    11       171  62   4.779E+03
*            869.0959665   6    25    23     7       297  58   1.621E+03
*            869.0959750   5    43    13     2        54  56 767.206E+00
* Gp# 1[1,3,2,6,5] x,y,z = 1.747, 7.962, 3.665, q = 0.9787 dT[2, 2, 21, 25] Src Amplitude = 60.0
*            871.5056080   1    12    26     7       195  60   1.945E+03
*            871.5056095   3    13    27     7       199  61   2.156E+03
*            871.5056100   2     9    21     8       135  60   2.969E+03
*            871.5056285   6    21    16     4       194  56 954.990E+00
*            871.5056330   5    43    11     2        51  54 493.203E+00
* Gp# 1[1,3,2,6,5] x,y,z = 3.936, 18.75, 3.291, q = 0.9166 dT[2, 2, 17, 25] Src Amplitude = 62.0
*            871.6016390   1    12    29     9       195  62   2.959E+03
*            871.6016405   3     9    31    10       223  62   3.319E+03
*            871.6016410   2    77    24    10       135  62   4.519E+03
*            871.6016555   6    25    22     6       225  58   1.544E+03
*            871.6016640   5    43    14     2        62  56 771.294E+00
* Gp# 1[2,1,3,6,5] x,y,z = 10.98, 2.486, 4.674, q = 1 dT[1, 5, 22, 26] Src Amplitude = 60.0
*            871.6975000   2     5    22     8       137  60   3.182E+03
*            871.6975010   1     5    26     7       194  59   1.953E+03
*            871.6975045   3     7    26     7       180  60   2.082E+03
*            871.6975215   6    24    18     3        96  56 864.999E+00
*            871.6975260   5     5    11     2        54  55 501.512E+00
* Gp# 1[1,3,2,6,5] x,y,z = 4.801, 1.984, 11.25, q = 0.9552 dT[5, 5, 22, 28] Src Amplitude = 59.0
*            871.8894060   1     6    25     7       195  59   1.953E+03
*            871.8894105   3     7    26     8       221  60   2.124E+03
*            871.8894110   2     3    18     8       132  60   3.028E+03
*            871.8894275   6    24    18     3        96  56 872.070E+00
*            871.8894340   5    17    12     2        66  55 488.224E+00
* Gp# 1[1,3,2,6,5] x,y,z = 3.936, 18.75, 3.291, q = 0.9166 dT[2, 2, 17, 25] Src Amplitude = 62.0
*            871.9851670   1    12    28     9       195  62   2.965E+03
*            871.9851685   3    13    31     9       202  62   3.265E+03
*            871.9851690   2    77    25    11       168  62   4.752E+03
*            871.9851835   6    25    24     6       225  58   1.544E+03
*            871.9851920   5    43    14     3       119  56 846.192E+00
* Gp# 1[1,3,2,6,5] x,y,z = 1.737, 3.481, 3.922, q = 0.9874 dT[2, 2, 22, 25] Src Amplitude = 61.0
*            872.0808920   1    12    26     7       195  61   1.942E+03
*            872.0808935   3    13    27     8       199  61   2.156E+03
*            872.0808940   2     9    21     8       135  60   3.070E+03
*            872.0809135   6     1    18     4       193  56 958.711E+00
*            872.0809170   5     1    11     2        51  54 494.787E+00
* Gp# 1[1,3,2,6,5] x,y,z = 6.015, 25.75, 3.682, q = 0.8098 dT[2, 2, 13, 25] Src Amplitude = 62.0
*            872.1767190   1    12    29     9       195  62   2.963E+03
*            872.1767205   3    13    31    10       220  62   3.304E+03
*            872.1767210   2    77    26    12       225  63   5.070E+03
*            872.1767315   6    29    24     7       301  58   1.625E+03
*            872.1767440   5     1    15     3       134  56 847.325E+00
* Gp# 1[1,3,2,6,5] x,y,z = 1.747, 7.962, 3.665, q = 0.9787 dT[2, 2, 21, 25] Src Amplitude = 60.0
*            874.6577530   1    12    26     7       191  60   1.938E+03
*            874.6577545   3     9    28     7       199  61   2.179E+03
*            874.6577550   2    77    19     8       134  61   2.991E+03
*            874.6577735   6    21    17     4       194  56 960.684E+00
*            874.6577780   5     2    11     2        54  54 502.993E+00
* Gp# 1[1,2,3,6,5] x,y,z = 6.692, 16.05, 1.987, q = 0.936 dT[0, 2, 17, 25] Src Amplitude = 62.0
*            874.7538150   1     9    30     8       195  62   2.982E+03
*            874.7538150   2     5    26    12       227  62   4.900E+03
*            874.7538165   3    10    31    10       227  62   3.335E+03
*            874.7538315   6    29    23     5       122  58   1.385E+03
*            874.7538400   5    20    13     2        60  56 776.334E+00
* Gp# 1[1,3,2,6,5] x,y,z = 3.936, 18.75, 3.291, q = 0.9166 dT[2, 2, 17, 25] Src Amplitude = 62.0
*            875.1369430   1    12    30     9       195  62   2.978E+03
*            875.1369445   3    13    32    10       227  62   3.358E+03
*            875.1369450   2    74    24    11       171  61   4.714E+03
*            875.1369595   6    12    23     6       198  58   1.484E+03
*            875.1369680   5    20    15     3       119  56 846.830E+00
* Gp# 1[1,2,3,6,5] x,y,z = 11.92, 17.3, 6.287, q = 0.9287 dT[1, 5, 17, 26] Src Amplitude = 61.0
*            875.3288400   1     6    29     8       195  61   2.978E+03
*            875.3288410   2     4    25    11       169  62   4.915E+03
*            875.3288445   3     7    31    10       224  62   3.254E+03
*            875.3288565   6    29    22     7       229  58   1.553E+03
*            875.3288660   5    19    14     3        68  56 793.204E+00
* Gp# 1[1,3,2,6,5] x,y,z = 1.747, 7.962, 3.665, q = 0.9787 dT[2, 2, 21, 25] Src Amplitude = 60.0
*            877.8245990   1    12    25     7       191  60   1.927E+03
*            877.8246005   3     9    27     7       199  61   2.133E+03
*            877.8246010   2     1    20     8       134  60   3.062E+03
*            877.8246195   6    21    16     4       194  56 959.178E+00
*            877.8246240   5     2    12     2        51  55 494.306E+00
* Gp# 1[1,3,2,6,5] x,y,z = 3.936, 18.75, 3.291, q = 0.9166 dT[2, 2, 17, 25] Src Amplitude = 62.0
*            877.9206870   1     9    29     9       195  62   2.972E+03
*            877.9206885   3    13    31     9       202  63   3.256E+03
*            877.9206890   2    74    23    11       168  62   5.007E+03
*            877.9207035   6     1    24     6       219  58   1.535E+03
*            877.9207120   5     1    15     3       119  56 860.591E+00
* Gp# 1[1,2,3,6,5] x,y,z = 6.307, 6.702, 8.134, q = 0.9845 dT[3, 5, 22, 26] Src Amplitude = 59.0
*            878.0164110   1     6    25     7       195  59   1.956E+03
*            878.0164140   2     2    19     8       134  60   3.031E+03
*            878.0164155   3     7    26     7       180  60   2.085E+03
*            878.0164325   6    24    18     3        96  56 861.276E+00
*            878.0164370   5    19    12     2        68  55 518.296E+00
* Gp# 1[1,3,2,6,5] x,y,z = 3.936, 18.75, 3.291, q = 0.9166 dT[2, 2, 17, 25] Src Amplitude = 62.0
*            878.1121600   1    12    29     9       195  62   2.968E+03
*            878.1121615   3    13    30    10       202  62   3.280E+03
*            878.1121620   2    74    24    11       168  62   4.879E+03
*            878.1121765   6     1    23     6       225  58   1.535E+03
*            878.1121850   5    40    15     3       119  55 840.084E+00
* Gp# 1[1,3,2,6,5] x,y,z = 1.747, 7.962, 3.665, q = 0.9787 dT[2, 2, 21, 25] Src Amplitude = 60.0
*            878.2080120   1    12    25     7       192  60   1.933E+03
*            878.2080135   3     9    27     7       199  60   2.127E+03
*            878.2080140   2     9    23     8       134  60   3.082E+03
*            878.2080325   6    21    18     4       197  56 958.660E+00
*            878.2080370   5     2    10     2        51  54 488.622E+00
* Gp# 1[1,3,2,6,5] x,y,z = 0.6992, 1.511, 5.312, q = 0.9763 dT[2, 3, 22, 26] Src Amplitude = 61.0
*            878.3038500   1     9    29     8       195  61   2.979E+03
*            878.3038515   3    10    30    10       221  62   3.331E+03
*            878.3038530   2     5    24    11       167  61   4.702E+03
*            878.3038715   6    24    24     6       221  58   1.520E+03
*            878.3038760   5    19    14     3        71  56 797.993E+00
* Gp# 1[1,3,2,6,5] x,y,z = 1.747, 7.962, 3.665, q = 0.9787 dT[2, 2, 21, 25] Src Amplitude = 60.0
*            878.4007760   1    12    26     7       192  60   1.947E+03
*            878.4007775   3     9    27     7       182  61   2.123E+03
*            878.4007780   2    77    21     8       134  60   3.125E+03
*            878.4007965   6    21    18     5       218  56 993.917E+00
*            878.4008010   5     1    11     2        51  54 490.413E+00
* Gp# 1[1,2,3,6,5] x,y,z = 6.692, 16.05, 1.987, q = 0.936 dT[0, 2, 17, 25] Src Amplitude = 62.0
*            878.4968140   1    12    29     9       195  62   2.968E+03
*            878.4968140   2    11    24    11       173  62   4.919E+03
*            878.4968155   3     6    32     9       199  62   3.259E+03
*            878.4968305   6    12    23     6       219  58   1.522E+03
*            878.4968390   5    20    15     3       119  56 835.791E+00
* Gp# 1[1,3,2,6,5] x,y,z = 1.737, 3.481, 3.922, q = 0.9874 dT[2, 2, 22, 25] Src Amplitude = 60.0
*            881.3522230   1    12    26     7       195  60   1.953E+03
*            881.3522245   3    13    27     8       199  61   2.162E+03
*            881.3522250   2     9    20     8       135  61   3.085E+03
*            881.3522445   6     1    17     3        96  56 866.289E+00
*            881.3522480   5     1    11     2        51  54 491.284E+00
* Gp# 1[1,3,2,6,5] x,y,z = 3.936, 18.75, 3.291, q = 0.9166 dT[2, 2, 17, 25] Src Amplitude = 62.0
*            881.4479610   1    12    27     9       195  62   2.972E+03
*            881.4479625   3    13    31     9       202  63   3.281E+03
*            881.4479630   2    77    22    10       135  62   4.747E+03
*            881.4479775   6    25    22     6       225  58   1.544E+03
*            881.4479860   5     1    14     2        57  55 765.194E+00
* Gp# 1[1,3,2,6,5] x,y,z = 3.936, 18.75, 3.291, q = 0.9166 dT[2, 2, 17, 25] Src Amplitude = 62.0
*            881.6395000   1    12    29     9       194  62   2.968E+03
*            881.6395015   3    13    30     9       199  62   3.262E+03
*            881.6395020   2     9    24    10       138  62   4.779E+03
*            881.6395165   6    25    23     6       228  57   1.552E+03
*            881.6395250   5    43    14     2        62  56 777.033E+00
* Gp# 1[1,2,3,6,5] x,y,z = 5.277, 10.95, 5.592, q = 0.9839 dT[2, 4, 21, 25] Src Amplitude = 60.0
*            884.1255050   1     5    24     7       194  60   1.944E+03
*            884.1255070   2     2    20     9       170  61   3.332E+03
*            884.1255085   3     7    28     7       180  60   2.079E+03
*            884.1255255   6    24    18     3        96  56 857.908E+00
*            884.1255300   5     5    11     2        54  55 509.604E+00
* Gp# 1[1,3,2,6,5] x,y,z = 7.322, 20.24, 8.368, q = 0.8135 dT[5, 5, 16, 28] Src Amplitude = 62.0
*            884.2213210   1    15    30     9       197  62   3.015E+03
*            884.2213255   3     9    31    10       226  62   3.326E+03
*            884.2213260   2    77    23    10       138  62   4.824E+03
*            884.2213365   6    32    24     7       232  58   1.559E+03
*            884.2213490   5     2    14     2        57  56 771.294E+00
* Gp# 1[1,3,2,6,5] x,y,z = 3.8, 12.6, 8.082, q = 0.8924 dT[4, 5, 19, 28] Src Amplitude = 62.0
*            884.4140130   1    15    30     9       197  62   3.012E+03
*            884.4140165   3    10    30    10       224  62   3.318E+03
*            884.4140180   2    77    25    11       170  62   4.748E+03
*            884.4140315   6    29    24     6       229  58   1.545E+03
*            884.4140410   5     5    14     2        54  56 753.341E+00
* Gp# 1[1,3,2,6,5] x,y,z = 1.747, 7.962, 3.665, q = 0.9787 dT[2, 2, 21, 25] Src Amplitude = 61.0
*            884.5100820   1    12    26     7       192  61   1.936E+03
*            884.5100835   3    13    26     7       199  61   2.142E+03
*            884.5100840   2    77    22     8       134  60   3.125E+03
*            884.5101025   6     2    17     4       194  56 951.286E+00
*            884.5101070   5    43    11     2        51  54 492.714E+00
* Gp# 1[1,3,2,6,5] x,y,z = 1.737, 3.481, 3.922, q = 0.9874 dT[2, 2, 22, 25] Src Amplitude = 61.0
*            884.7015500   1    12    25     7       192  61   1.937E+03
*            884.7015515   3    13    27     8       199  61   2.150E+03
*            884.7015520   2    77    19     8       135  60   3.095E+03
*            884.7015715   6     1    17     5       196  56 956.401E+00
*            884.7015750   5    43    11     2        51  54 487.809E+00
* Gp# 1[1,2,3,6,5] x,y,z = 6.692, 16.05, 1.987, q = 0.936 dT[0, 2, 17, 25] Src Amplitude = 62.0
*            884.7973990   1    12    30     8       195  62   2.977E+03
*            884.7973990   2     8    26    11       173  62   5.050E+03
*            884.7974005   3    10    31     9       199  62   3.274E+03
*            884.7974155   6    29    24     5       122  58   1.383E+03
*            884.7974240   5    20    16     3       119  56 847.969E+00
* Gp# 1[1,3,2,6,5] x,y,z = 3.936, 18.75, 3.291, q = 0.9166 dT[2, 2, 17, 25] Src Amplitude = 62.0
*            887.4392390   1     9    29     9       195  62   2.977E+03
*            887.4392405   3     7    31     9       199  62   3.271E+03
*            887.4392410   2     6    24    11       171  62   5.065E+03
*            887.4392555   6    29    26     6       195  58   1.478E+03
*            887.4392640   5    20    15     3       119  56 857.217E+00
* Gp# 1[1,2,3,6,5] x,y,z = 6.307, 6.702, 8.134, q = 0.9845 dT[3, 5, 22, 26] Src Amplitude = 59.0
*            887.5361120   1     6    27     7       195  59   1.955E+03
*            887.5361150   2     2    21     8       134  59   3.056E+03
*            887.5361165   3     7    26     7       180  60   2.082E+03
*            887.5361335   6    24    18     3        96  56 860.204E+00
*            887.5361380   5    19    10     2        54  55 502.734E+00
* Gp# 1[1,3,2,6,5] x,y,z = 3.936, 18.75, 3.291, q = 0.9166 dT[2, 2, 17, 25] Src Amplitude = 62.0
*            887.6318510   1     9    29     9       195  62   2.963E+03
*            887.6318525   3    13    32    10       211  62   3.310E+03
*            887.6318530   2    74    26    11       168  62   4.897E+03
*            887.6318675   6     1    25     6       225  58   1.545E+03
*            887.6318760   5     1    16     3       119  56 851.744E+00
* Gp# 1[1,3,2,6,5] x,y,z = 6.015, 25.75, 3.682, q = 0.8098 dT[2, 2, 13, 25] Src Amplitude = 62.0
*            887.8235180   1    12    28     9       195  62   2.953E+03
*            887.8235195   3    13    31     9       202  63   3.262E+03
*            887.8235200   2    77    25    14       335  62   5.423E+03
*            887.8235305   6    29    24     6       229  58   1.549E+03
*            887.8235430   5    43    14     3       119  55 832.563E+00
* Gp# 1[1,2,3,6,5] x,y,z = 5.277, 10.95, 5.592, q = 0.9839 dT[2, 4, 21, 25] Src Amplitude = 60.0
*            887.9196700   1    12    26     7       194  60   1.953E+03
*            887.9196720   2     1    20     8       134  59   2.978E+03
*            887.9196735   3     7    26     7       197  61   2.112E+03
*            887.9196905   6    24    18     5       194  56 957.614E+00
*            887.9196950   5     2    11     2        54  54 499.658E+00
* Gp# 1[1,2,3,6,5] x,y,z = 6.692, 16.05, 1.987, q = 0.936 dT[0, 2, 17, 25] Src Amplitude = 62.0
*            888.0153870   1    12    30     8       195  62   2.973E+03
*            888.0153870   2     5    24    11       173  62   5.039E+03
*            888.0153885   3     7    32    10       227  62   3.348E+03
*            888.0154035   6    29    26     5       161  58   1.408E+03
*            888.0154120   5    20    14     3       119  56 835.974E+00
* Gp# 1[1,3,2,6,5] x,y,z = 0.6992, 1.511, 5.312, q = 0.9763 dT[2, 3, 22, 26] Src Amplitude = 59.0
*            890.4883830   1     6    26     7       195  59   1.957E+03
*            890.4883845   3    10    29     8       224  60   2.184E+03
*            890.4883860   2     2    21     8       134  60   3.100E+03
*            890.4884045   6    24    19     3        96  56 855.037E+00
*            890.4884090   5     5    11     2        54  55 500.452E+00
* Gp# 1[1,3,2,6,5] x,y,z = 3.936, 18.75, 3.291, q = 0.9166 dT[2, 2, 17, 25] Src Amplitude = 62.0
*            890.5860820   1     9    27     9       194  62   2.975E+03
*            890.5860835   3    13    32    10       223  63   3.335E+03
*            890.5860840   2     9    23    10       135  62   4.754E+03
*            890.5860985   6    25    23     6       228  58   1.547E+03
*            890.5861070   5     1    15     2        62  55 780.946E+00
* Gp# 1[1,3,2,6,5] x,y,z = 6.015, 25.75, 3.682, q = 0.8098 dT[2, 2, 13, 25] Src Amplitude = 62.0
*            890.7778630   1    12    28     9       195  62   2.969E+03
*            890.7778645   3    13    32    10       220  63   3.332E+03
*            890.7778650   2    77    25    11       167  62   5.051E+03
*            890.7778755   6     1    25     6       229  58   1.558E+03
*            890.7778880   5     1    15     2        52  56 758.607E+00
* Gp# 1[1,3,2,6,5] x,y,z = 1.747, 7.962, 3.665, q = 0.9787 dT[2, 2, 21, 25] Src Amplitude = 60.0
*            890.8736130   1    12    25     7       192  60   1.935E+03
*            890.8736145   3    10    27     7       182  61   2.130E+03
*            890.8736150   2    77    22     9       164  60   3.211E+03
*            890.8736335   6    21    17     5       197  56 965.353E+00
*            890.8736380   5    43    11     2        51  54 489.535E+00
* Gp# 1[1,3,2,6,5] x,y,z = 1.747, 7.962, 3.665, q = 0.9787 dT[2, 2, 21, 25] Src Amplitude = 60.0
*            891.0653100   1    12    25     7       194  60   1.949E+03
*            891.0653115   3     9    27     7       182  61   2.125E+03
*            891.0653120   2     1    22     8       134  60   3.084E+03
*            891.0653305   6    24    18     4       194  56 946.201E+00
*            891.0653350   5     2    12     2        54  55 505.599E+00
* Gp# 1[1,3,2,6,5] x,y,z = 3.936, 18.75, 3.291, q = 0.9166 dT[2, 2, 17, 25] Src Amplitude = 62.0
*            891.1621470   1    12    28     9       194  62   2.973E+03
*            891.1621485   3    13    30    10       223  62   3.322E+03
*            891.1621490   2    77    24    10       135  62   4.941E+03
*            891.1621635   6    25    22     6       228  58   1.546E+03
*            891.1621720   5     1    13     2        54  56 757.719E+00
* Gp# 1[1,3,2,6,5] x,y,z = 1.747, 7.962, 3.665, q = 0.9787 dT[2, 2, 21, 25] Src Amplitude = 62.0
*            893.7031120   1    12    28     9       194  62   2.983E+03
*            893.7031135   3     9    31    10       220  62   3.335E+03
*            893.7031140   2    77    25    10       138  62   4.787E+03
*            893.7031325   6    24    22     6       224  58   1.539E+03
*            893.7031370   5     2    14     2        62  56 782.413E+00
* Gp# 1[1,2,3,6,5] x,y,z = 5.277, 10.95, 5.592, q = 0.9839 dT[2, 4, 21, 25] Src Amplitude = 60.0
*            893.7989060   1    12    25     7       194  60   1.960E+03
*            893.7989080   2     2    20     8       134  60   3.115E+03
*            893.7989095   3     7    26     7       180  60   2.094E+03
*            893.7989265   6    24    18     3        96  56 855.132E+00
*            893.7989310   5     2    11     2        54  55 495.506E+00
* Gp# 1[1,3,2,6,5] x,y,z = 6.265, 12.99, 9.248, q = 0.8964 dT[5, 5, 19, 28] Src Amplitude = 62.0
*            893.8947620   1    15    29     9       197  62   3.032E+03
*            893.8947665   3     9    30     9       182  62   3.227E+03
*            893.8947670   2    77    23    11       164  62   5.015E+03
*            893.8947805   6    29    25     7       229  58   1.558E+03
*            893.8947900   5     5    14     2        54  56 767.906E+00
* Gp# 1[1,2,3,6,5] x,y,z = 3.598, 1.063, 3.083, q = 0.9904 dT[1, 2, 22, 25] Src Amplitude = 60.0
*            893.9906030   1    12    25     7       195  60   1.959E+03
*            893.9906040   2    75    23     8       139  61   3.266E+03
*            893.9906045   3    13    26     7       196  61   2.155E+03
*            893.9906245   6     7    19     3        96  57 857.239E+00
*            893.9906280   5    20    12     2        52  55 487.730E+00
* Gp# 1[1,3,2,6,5] x,y,z = 6.015, 25.75, 3.682, q = 0.8098 dT[2, 2, 13, 25] Src Amplitude = 62.0
*            894.0866400   1    12    28     9       194  62   2.974E+03
*            894.0866415   3    13    31    10       223  63   3.323E+03
*            894.0866420   2     9    25    14       335  62   5.318E+03
*            894.0866525   6    29    25     6       229  58   1.562E+03
*            894.0866650   5    43    13     2        54  56 766.898E+00
* Gp# 1[1,3,2,6,5] x,y,z = 1.747, 7.962, 3.665, q = 0.9787 dT[2, 2, 21, 25] Src Amplitude = 62.0
*            894.2781290   1    12    28     9       194  62   2.968E+03
*            894.2781305   3    13    32    10       223  62   3.327E+03
*            894.2781310   2    77    25    11       164  62   4.850E+03
*            894.2781495   6    21    22     6       224  58   1.539E+03
*            894.2781540   5     2    13     2        54  56 751.327E+00
* Gp# 1[1,3,2,6,5] x,y,z = 1.747, 7.962, 3.665, q = 0.9787 dT[2, 2, 21, 25] Src Amplitude = 60.0
*            896.7911100   1    12    25     7       194  60   1.951E+03
*            896.7911115   3    13    27     8       223  61   2.197E+03
*            896.7911120   2    77    21     8       134  60   3.226E+03
*            896.7911305   6    21    18     5       221  56 987.035E+00
*            896.7911350   5     1    11     2        51  54 487.095E+00
* Gp# 1[1,2,3,6,5] x,y,z = 5.277, 10.95, 5.592, q = 0.9839 dT[2, 4, 21, 25] Src Amplitude = 60.0
*            896.9827780   1    12    25     7       194  60   1.958E+03
*            896.9827800   2     1    21     8       134  60   3.179E+03
*            896.9827815   3     7    27     7       180  61   2.088E+03
*            896.9827985   6    24    17     5       194  56 952.670E+00
*            896.9828030   5     2    11     2        54  55 499.209E+00
* Gp# 1[1,3,2,6,5] x,y,z = 1.747, 7.962, 3.665, q = 0.9787 dT[2, 2, 21, 25] Src Amplitude = 60.0
*            897.1746690   1    12    24     7       194  60   1.966E+03
*            897.1746705   3     9    27     8       223  61   2.196E+03
*            897.1746710   2    77    21     9       164  61   3.337E+03
*            897.1746895   6    24    18     5       194  56 947.989E+00
*            897.1746940   5     2    11     2        54  55 513.667E+00
* Gp# 1[1,2,3,6,5] x,y,z = 6.692, 16.05, 1.987, q = 0.936 dT[0, 2, 17, 25] Src Amplitude = 61.0
*            897.2703870   1     6    29     8       195  61   3.012E+03
*            897.2703870   2     8    26    12       170  62   5.260E+03
*            897.2703885   3    10    30    10       227  62   3.312E+03
*            897.2704035   6    29    25     7       226  58   1.547E+03
*            897.2704120   5    20    14     3       113  56 825.376E+00
* Gp# 1[1,2,3,6,5] x,y,z = 3.598, 1.063, 3.083, q = 0.9904 dT[1, 2, 22, 25] Src Amplitude = 60.0
*            897.3661620   1    12    25     7       195  60   1.960E+03
*            897.3661630   2     2    21     8       136  60   3.313E+03
*            897.3661635   3    13    28     8       199  61   2.151E+03
*            897.3661835   6     1    19     3        96  57 865.755E+00
*            897.3661870   5     1    12     2        52  55 495.566E+00
* Gp# 1[1,3,2,6,5] x,y,z = 3.936, 18.75, 3.291, q = 0.9166 dT[2, 2, 17, 25] Src Amplitude = 62.0
*            900.0289170   1    12    29     9       195  62   2.982E+03
*            900.0289185   3    13    31    10       220  62   3.332E+03
*            900.0289190   2     9    23    11       168  62   4.855E+03
*            900.0289335   6     1    24     6       225  58   1.542E+03
*            900.0289420   5     1    14     3       119  56 849.281E+00
* Gp# 1[1,3,2,6,5] x,y,z = 1.737, 3.481, 3.922, q = 0.9874 dT[2, 2, 22, 25] Src Amplitude = 61.0
*            900.1257890   1    12    26     7       192  61   1.943E+03
*            900.1257905   3    13    28     8       199  61   2.145E+03
*            900.1257910   2     9    22     8       135  61   3.251E+03
*            900.1258105   6     1    18     5       193  57 953.285E+00
*            900.1258140   5     1    11     2        51  54 490.010E+00
* Gp# 1[1,3,2,6,5] x,y,z = 3.936, 18.75, 3.291, q = 0.9166 dT[2, 2, 17, 25] Src Amplitude = 62.0
*            900.2215620   1    12    28     9       195  62   2.989E+03
*            900.2215635   3    13    31    10       220  63   3.323E+03
*            900.2215640   2    77    25    11       164  63   4.962E+03
*            900.2215785   6    25    24     6       228  58   1.557E+03
*            900.2215870   5    43    13     2        51  55 748.215E+00
* Gp# 1[1,3,2,6,5] x,y,z = 1.747, 7.962, 3.665, q = 0.9787 dT[2, 2, 21, 25] Src Amplitude = 61.0
*            900.3174170   1    12    26     7       192  61   1.938E+03
*            900.3174185   3    13    27     7       199  61   2.155E+03
*            900.3174190   2     9    21     9       164  61   3.351E+03
*            900.3174375   6     2    19     5       218  56 994.463E+00
*            900.3174420   5    43    11     2        52  54 492.581E+00
* Gp# 1[1,3,2,6,5] x,y,z = 6.015, 25.75, 3.682, q = 0.8098 dT[2, 2, 13, 25] Src Amplitude = 62.0
*            900.4132560   1     9    28     9       195  62   2.999E+03
*            900.4132575   3    13    31    10       220  63   3.345E+03
*            900.4132580   2    77    27    13       221  62   5.213E+03
*            900.4132685   6    29    25     7       232  58   1.563E+03
*            900.4132810   5    43    13     2        57  56 781.381E+00
* Gp# 1[1,2,3,6,5] x,y,z = 6.692, 16.05, 1.987, q = 0.936 dT[0, 2, 17, 25] Src Amplitude = 62.0
*            900.6050660   1    12    29     9       195  62   2.989E+03
*            900.6050660   2     8    25    11       170  62   5.005E+03
*            900.6050675   3     7    33    10       227  62   3.335E+03
*            900.6050825   6    29    24     6       198  59   1.486E+03
*            900.6050910   5    20    14     3       119  56 843.409E+00
* Gp# 1[1,3,2,6,5] x,y,z = 6.015, 25.75, 3.682, q = 0.8098 dT[2, 2, 13, 25] Src Amplitude = 62.0
*            903.1580330   1    12    27     9       194  62   2.977E+03
*            903.1580345   3    13    30    10       220  63   3.323E+03
*            903.1580350   2    77    27    15       332  62   5.561E+03
*            903.1580455   6    29    25     7       232  58   1.570E+03
*            903.1580580   5     2    14     2        62  56 792.853E+00
* Gp# 1[1,3,2,6,5] x,y,z = 1.747, 7.962, 3.665, q = 0.9787 dT[2, 2, 21, 25] Src Amplitude = 61.0
*            903.2538230   1    12    26     7       192  61   1.944E+03
*            903.2538245   3    13    28     7       182  61   2.125E+03
*            903.2538250   2     9    20     8       134  61   3.197E+03
*            903.2538435   6    21    17     5       221  56 999.709E+00
*            903.2538480   5    43    11     2        51  54 490.046E+00
* Gp# 1[1,3,2,6,5] x,y,z = 3.8, 12.6, 8.082, q = 0.8924 dT[4, 5, 19, 28] Src Amplitude = 61.0
*            903.3495960   1     8    29     8       197  61   3.017E+03
*            903.3495995   3    10    33    10       224  62   3.328E+03
*            903.3496010   2     5    26    11       167  62   4.986E+03
*            903.3496145   6    29    25     7       229  58   1.554E+03
*            903.3496240   5    19    12     2        54  57 756.665E+00
* Gp# 1[1,3,2,6,5] x,y,z = 1.737, 3.481, 3.922, q = 0.9874 dT[2, 2, 22, 25] Src Amplitude = 61.0
*            903.4453790   1    12    25     7       191  61   1.948E+03
*            903.4453805   3    13    27     7       182  61   2.134E+03
*            903.4453810   2    77    22     9       164  61   3.361E+03
*            903.4454005   6    20    18     5       220  56 999.600E+00
*            903.4454040   5     1    11     2        51  54 498.461E+00
* Gp# 1[1,3,2,6,5] x,y,z = 6.015, 25.75, 3.682, q = 0.8098 dT[2, 2, 13, 25] Src Amplitude = 62.0
*            903.5412180   1    12    28     9       194  62   2.986E+03
*            903.5412195   3    13    32    10       220  63   3.324E+03
*            903.5412200   2    77    26    10       134  62   4.847E+03
*            903.5412305   6    29    25     7       232  57   1.577E+03
*            903.5412430   5     2    13     2        54  56 770.899E+00
* Gp# 1[1,3,2,6,5] x,y,z = 1.737, 3.481, 3.922, q = 0.9874 dT[2, 2, 22, 25] Src Amplitude = 61.0
*            903.6373160   1    12    25     7       195  61   1.959E+03
*            903.6373175   3    13    27     7       182  61   2.104E+03
*            903.6373180   2     9    23     8       135  61   3.334E+03
*            903.6373375   6     1    18     5       196  56 954.183E+00
*            903.6373410   5     1    10     2        48  54 481.987E+00
* Gp# 1[1,3,2,6,5] x,y,z = 6.015, 25.75, 3.682, q = 0.8098 dT[2, 2, 13, 25] Src Amplitude = 62.0
*            903.7330620   1    12    28     9       195  62   2.986E+03
*            903.7330635   3    13    32     9       202  63   3.275E+03
*            903.7330640   2    77    26    12       168  62   5.173E+03
*            903.7330745   6    29    24     7       232  58   1.570E+03
*            903.7330870   5     1    13     2        52  55 745.412E+00
* Gp# 1[6,5,3,2,4,1] x,y,z = 7.824, 77.67, 8.31, q = 0 dT[5, 5, 14, 15, 26] Src Amplitude = 55.0
*            905.6068415   6     4     8     1       104  55 218.611E+00
*            905.6068460   5     2     3     0        56  50 119.011E+00
*            905.6068465   3     6    13     3       130  56 514.273E+00
*            905.6068550   2     2     6     1        41  57 449.182E+00
*            905.6068560   4     1     1     0         1  45   0.000E+00
*            905.6068670   1    12     6     1       113  52 206.532E+00
* Gp# 1[1,3,2,6,5] x,y,z = 6.015, 25.75, 3.682, q = 0.8098 dT[2, 2, 13, 25] Src Amplitude = 62.0
*            906.3526900   1    12    29     9       195  62   2.981E+03
*            906.3526915   3    13    31    10       214  63   3.314E+03
*            906.3526920   2     9    27    10       138  62   4.838E+03
*            906.3527025   6     1    25     6       229  58   1.563E+03
*            906.3527150   5    17    13     3       119  56 848.388E+00
* Gp# 1[1,3,2,6,5] x,y,z = 1.737, 3.481, 3.922, q = 0.9874 dT[2, 2, 22, 25] Src Amplitude = 61.0
*            906.4487910   1    12    25     7       192  61   1.945E+03
*            906.4487925   3    13    27     7       199  61   2.132E+03
*            906.4487930   2    74    22     8       135  60   3.162E+03
*            906.4488125   6     1    18     5       220  56 992.943E+00
*            906.4488160   5     1    11     2        51  54 491.993E+00
* Gp# 1[1,2,3,6,5] x,y,z = 6.692, 16.05, 1.987, q = 0.936 dT[0, 2, 17, 25] Src Amplitude = 62.0
*            906.5445510   1    12    29     9       195  62   2.999E+03
*            906.5445510   2    11    25    12       173  62   5.249E+03
*            906.5445525   3     6    32     9       202  62   3.270E+03
*            906.5445675   6    12    25     7       225  58   1.551E+03
*            906.5445760   5     1    14     3       119  56 843.944E+00
* Gp# 1[1,3,2,6,5] x,y,z = 1.747, 7.962, 3.665, q = 0.9787 dT[2, 2, 21, 25] Src Amplitude = 60.0
*            906.6402760   1    12    25     7       194  60   1.956E+03
*            906.6402775   3    10    26     7       182  61   2.125E+03
*            906.6402780   2     1    22     8       134  61   3.240E+03
*            906.6402965   6    21    17     5       224  56   1.007E+03
*            906.6403010   5    43    11     2        51  54 491.913E+00
* Gp# 1[1,3,2,6,5] x,y,z = 1.747, 7.962, 3.665, q = 0.9787 dT[2, 2, 21, 25] Src Amplitude = 62.0
*            906.7360750   1    12    28     8       194  62   2.989E+03
*            906.7360765   3     9    31     9       202  62   3.290E+03
*            906.7360770   2    77    25    11       167  62   5.061E+03
*            906.7360955   6    24    25     7       233  58   1.543E+03
*            906.7361000   5     2    13     2        54  56 774.466E+00
* Gp# 1[1,3,2,6,5] x,y,z = 3.936, 18.75, 3.291, q = 0.9166 dT[2, 2, 17, 25] Src Amplitude = 62.0
*            906.9277700   1    12    29     9       195  62   2.979E+03
*            906.9277715   3    13    33     9       202  62   3.257E+03
*            906.9277720   2    77    25    12       171  63   5.200E+03
*            906.9277865   6     1    24     6       225  58   1.547E+03
*            906.9277950   5    17    13     3       119  56 841.599E+00
* Gp# 1[1,3,2,6,5] x,y,z = 3.936, 18.75, 3.291, q = 0.9166 dT[2, 2, 17, 25] Src Amplitude = 62.0
*            909.4889190   1    12    29     9       195  62   2.998E+03
*            909.4889205   3     6    31    10       227  62   3.332E+03
*            909.4889210   2    74    25    11       171  61   5.073E+03
*            909.4889355   6    12    26     6       222  58   1.525E+03
*            909.4889440   5    20    15     3       119  56 849.780E+00
* Gp# 1[1,3,2,6,5] x,y,z = 1.747, 7.962, 3.665, q = 0.9787 dT[2, 2, 21, 25] Src Amplitude = 61.0
*            909.5846880   1    12    25     7       194  61   1.970E+03
*            909.5846895   3     9    28     7       182  61   2.112E+03
*            909.5846900   2     1    21     8       134  60   3.198E+03
*            909.5847085   6    21    18     5       224  55   1.008E+03
*            909.5847130   5    43    11     2        54  54 512.547E+00
* Gp# 1[1,3,2,6,5] x,y,z = 1.737, 3.481, 3.922, q = 0.9874 dT[2, 2, 22, 25] Src Amplitude = 61.0
*            909.7761820   1    12    25     7       192  61   1.943E+03
*            909.7761835   3    13    27     7       199  61   2.141E+03
*            909.7761840   2     1    21     8       134  60   3.265E+03
*            909.7762035   6     1    19     5       196  56 946.806E+00
*            909.7762070   5    17    11     2        52  54 491.120E+00
* Gp# 1[1,2,3,6,5] x,y,z = 10.89, 14.54, 11.74, q = 0.9077 dT[5, 7, 19, 28] Src Amplitude = 62.0
*            909.8720290   1     8    30     9       197  62   3.036E+03
*            909.8720340   2     5    24    11       170  62   5.321E+03
*            909.8720355   3     7    32     9       180  62   3.145E+03
*            909.8720475   6    29    26     7       229  58   1.558E+03
*            909.8720570   5     5    14     4       192  57 892.941E+00
* Gp# 1[1,3,2,6,5] x,y,z = 1.737, 3.481, 3.922, q = 0.9874 dT[2, 2, 22, 25] Src Amplitude = 61.0
*            909.9678770   1    12    25     7       192  61   1.944E+03
*            909.9678785   3    13    28     7       199  61   2.134E+03
*            909.9678790   2    74    21     9       135  60   3.358E+03
*            909.9678985   6     1    19     5       196  56 958.144E+00
*            909.9679020   5     1    11     2        52  54 494.174E+00
* Gp# 1[1,3,2,6,5] x,y,z = 6.015, 25.75, 3.682, q = 0.8098 dT[2, 2, 13, 25] Src Amplitude = 62.0
*            910.0639620   1    12    28     9       195  62   2.992E+03
*            910.0639635   3    13    32    10       220  63   3.328E+03
*            910.0639640   2     9    23    12       171  62   5.069E+03
*            910.0639745   6    29    24     6       229  58   1.552E+03
*            910.0639870   5     1    13     2        52  55 741.245E+00
* Gp# 1[1,3,2,6,5] x,y,z = 1.737, 3.481, 3.922, q = 0.9874 dT[2, 2, 22, 25] Src Amplitude = 60.0
*            912.4797300   1    12    25     7       195  60   1.962E+03
*            912.4797315   3     6    27     7       182  60   2.121E+03
*            912.4797320   2     6    20     8       135  60   3.213E+03
*            912.4797515   6     1    19     3        96  56 841.837E+00
*            912.4797550   5    20    11     2        52  54 492.290E+00
* Gp# 1[1,3,2,6,5] x,y,z = 1.747, 7.962, 3.665, q = 0.9787 dT[2, 2, 21, 25] Src Amplitude = 62.0
*            912.5757950   1    12    29     9       195  62   2.987E+03
*            912.5757965   3    13    30     9       199  63   3.254E+03
*            912.5757970   2     9    26    11       138  62   4.943E+03
*            912.5758155   6     2    24     6       221  58   1.524E+03
*            912.5758200   5    17    15     2        52  56 742.358E+00
* Gp# 1[1,3,2,6,5] x,y,z = 1.747, 7.962, 3.665, q = 0.9787 dT[2, 2, 21, 25] Src Amplitude = 61.0
*            912.6726740   1    12    25     7       192  61   1.953E+03
*            912.6726755   3    13    27     7       199  61   2.136E+03
*            912.6726760   2     9    21     8       137  60   3.149E+03
*            912.6726945   6    21    17     5       221  56 987.082E+00
*            912.6726990   5    43    10     2        51  54 491.379E+00
* Gp# 1[1,3,2,6,5] x,y,z = 6.015, 25.75, 3.682, q = 0.8098 dT[2, 2, 13, 25] Src Amplitude = 62.0
*            912.7684080   1    12    28     9       195  62   2.999E+03
*            912.7684095   3    13    33    10       211  63   3.305E+03
*            912.7684100   2     9    25    12       171  63   5.064E+03
*            912.7684205   6     1    25     6       229  58   1.554E+03
*            912.7684330   5    17    14     2        57  56 762.898E+00
* Gp# 1[1,3,2,6,5] x,y,z = 1.737, 3.481, 3.922, q = 0.9874 dT[2, 2, 22, 25] Src Amplitude = 61.0
*            912.8642320   1     9    25     7       192  61   1.940E+03
*            912.8642335   3    13    28     7       199  61   2.125E+03
*            912.8642340   2     9    21     8       135  61   3.193E+03
*            912.8642535   6     1    18     5       196  56 951.167E+00
*            912.8642570   5     1    11     2        52  54 480.457E+00
* Gp# 1[1,2,3,6,5] x,y,z = 6.692, 16.05, 1.987, q = 0.936 dT[0, 2, 17, 25] Src Amplitude = 61.0
*            912.9600450   1     9    28     8       195  61   3.012E+03
*            912.9600450   2     5    26    11       173  62   5.240E+03
*            912.9600465   3    10    31    10       227  62   3.334E+03
*            912.9600615   6    29    26     4       105  58   1.333E+03
*            912.9600700   5     6    13     3       119  57 843.074E+00
* Gp# 1[1,3,2,6,5] x,y,z = 1.747, 7.962, 3.665, q = 0.9787 dT[2, 2, 21, 25] Src Amplitude = 61.0
*            913.0559070   1    12    25     7       192  61   1.951E+03
*            913.0559085   3    13    27     7       182  61   2.119E+03
*            913.0559090   2    77    22     8       135  60   3.225E+03
*            913.0559275   6    21    18     5       218  56 986.411E+00
*            913.0559320   5     1    10     2        51  54 489.487E+00
* Gp# 1[1,3,2,6,5] x,y,z = 6.265, 12.99, 9.248, q = 0.8964 dT[5, 5, 19, 28] Src Amplitude = 62.0
*            913.1519400   1     5    28     9       197  62   3.055E+03
*            913.1519445   3     9    32    10       226  62   3.339E+03
*            913.1519450   2    77    24    11       164  62   5.159E+03
*            913.1519585   6    29    25     7       238  58   1.582E+03
*            913.1519680   5     5    13     2        54  56 760.067E+00
* Gp# 1[1,3,2,6,5] x,y,z = 1.737, 3.481, 3.922, q = 0.9874 dT[2, 2, 22, 25] Src Amplitude = 60.0
*            915.6397580   1    12    25     7       195  60   1.973E+03
*            915.6397595   3     6    27     7       199  60   2.145E+03
*            915.6397600   2     9    22     8       135  60   3.293E+03
*            915.6397795   6     1    18     5       193  57 945.020E+00
*            915.6397830   5    20    11     2        52  55 500.311E+00
* Gp# 1[1,3,2,6,5] x,y,z = 1.737, 3.481, 3.922, q = 0.9874 dT[2, 2, 22, 25] Src Amplitude = 60.0
*            915.8316320   1    12    25     7       195  60   1.958E+03
*            915.8316335   3    13    26     7       199  61   2.129E+03
*            915.8316340   2     9    23     9       138  60   3.404E+03
*            915.8316535   6     1    18     5       193  57 949.531E+00
*            915.8316570   5    20    11     2        52  55 498.469E+00
* Gp# 1[1,3,2,6,5] x,y,z = 6.015, 25.75, 3.682, q = 0.8098 dT[2, 2, 13, 25] Src Amplitude = 62.0
*            915.9273720   1    12    28     9       194  62   3.003E+03
*            915.9273735   3    13    31    10       245  62   3.362E+03
*            915.9273740   2    77    28    13       261  62   5.411E+03
*            915.9273845   6    29    26     7       241  58   1.587E+03
*            915.9273970   5     1    14     3       112  56 820.141E+00
* Gp# 1[1,3,2,6,5] x,y,z = -3.244, 9.699, 6.306, q = 0.9749 dT[2, 5, 22, 25] Src Amplitude = 60.0
*            916.0231250   1     9    24     7       195  60   1.977E+03
*            916.0231265   3    13    27     7       182  60   2.119E+03
*            916.0231300   2     3    20     8       132  61   3.059E+03
*            916.0231465   6     7    19     4       117  57 865.959E+00
*            916.0231500   5    20    11     2        52  55 497.316E+00
* Gp# 1[1,3,2,6,5] x,y,z = 1.737, 3.481, 3.922, q = 0.9874 dT[2, 2, 22, 25] Src Amplitude = 61.0
*            916.2148140   1    12    25     7       192  61   1.956E+03
*            916.2148155   3    13    28     7       199  61   2.148E+03
*            916.2148160   2     9    22     9       168  60   3.296E+03
*            916.2148355   6     1    18     5       196  57 954.919E+00
*            916.2148390   5     1    11     2        52  54 499.128E+00
* Gp# 1[1,3,2,6,5] x,y,z = 3.8, 12.6, 8.082, q = 0.8924 dT[4, 5, 19, 28] Src Amplitude = 62.0
*            916.3116530   1    15    28     9       197  62   3.045E+03
*            916.3116565   3    10    32    10       224  62   3.314E+03
*            916.3116580   2    77    25    11       164  62   5.003E+03
*            916.3116715   6    29    25     7       232  58   1.561E+03
*            916.3116810   5     5    13     4       192  57 866.849E+00
* Gp# 1[1,2,3,6,5] x,y,z = 3.598, 1.063, 3.083, q = 0.9904 dT[1, 2, 22, 25] Src Amplitude = 60.0
*            918.7986610   1    12    25     7       195  60   1.974E+03
*            918.7986620   2    10    23     8       136  61   3.347E+03
*            918.7986625   3    13    28     7       182  61   2.124E+03
*            918.7986825   6     1    18     5       193  56 940.276E+00
*            918.7986860   5    20    11     2        52  55 496.670E+00
* Gp# 1[1,3,2,6,5] x,y,z = 3.936, 18.75, 3.291, q = 0.9166 dT[2, 2, 17, 25] Src Amplitude = 62.0
*            918.8945230   1    12    29     9       195  62   2.996E+03
*            918.8945245   3    13    32     9       202  63   3.273E+03
*            918.8945250   2     9    27    13       264  63   5.370E+03
*            918.8945395   6     1    26     6       225  58   1.537E+03
*            918.8945480   5    20    13     2        55  56 762.023E+00
* Gp# 1[1,3,2,6,5] x,y,z = 1.747, 7.962, 3.665, q = 0.9787 dT[2, 2, 21, 25] Src Amplitude = 60.0
*            918.9905970   1     5    24     7       194  60   1.974E+03
*            918.9905985   3     9    27     7       182  60   2.111E+03
*            918.9905990   2     5    21     8       137  60   3.304E+03
*            918.9906175   6    24    20     3        96  56 839.223E+00
*            918.9906220   5     5    12     2        54  55 507.373E+00
* Gp# 1[1,3,2,6,5] x,y,z = 1.747, 7.962, 3.665, q = 0.9787 dT[2, 2, 21, 25] Src Amplitude = 62.0
*            919.0863390   1     9    29     9       195  62   3.011E+03
*            919.0863405   3    13    31    10       220  63   3.342E+03
*            919.0863410   2    74    29    12       174  62   5.353E+03
*            919.0863595   6     2    24     6       224  58   1.553E+03
*            919.0863640   5    17    16     2        52  56 777.075E+00
* Gp# 1[1,3,2,6,5] x,y,z = 1.737, 3.481, 3.922, q = 0.9874 dT[2, 2, 22, 25] Src Amplitude = 61.0
*            919.1820830   1    12    24     7       192  61   1.962E+03
*            919.1820845   3    13    27     7       196  61   2.132E+03
*            919.1820850   2     9    22     9       138  60   3.295E+03
*            919.1821045   6     1    19     5       193  57 941.921E+00
*            919.1821080   5     1    11     2        48  55 486.000E+00
* Gp# 1[1,3,2,6,5] x,y,z = 6.015, 25.75, 3.682, q = 0.8098 dT[2, 2, 13, 25] Src Amplitude = 62.0
*            919.2779380   1    12    27     9       195  62   3.008E+03
*            919.2779395   3    13    32    10       214  62   3.301E+03
*            919.2779400   2    77    26    12       171  63   5.158E+03
*            919.2779505   6    29    24     7       232  58   1.565E+03
*            919.2779630   5     1    14     2        52  55 756.303E+00
* Gp# 1[1,3,2,6,5] x,y,z = 1.747, 7.962, 3.665, q = 0.9787 dT[2, 2, 21, 25] Src Amplitude = 61.0
*            919.3737470   1    12    25     7       194  61   1.971E+03
*            919.3737485   3    13    28     7       199  61   2.137E+03
*            919.3737490   2     9    21     8       134  61   3.271E+03
*            919.3737675   6    21    19     5       221  56 998.498E+00
*            919.3737720   5    43    11     2        51  54 490.886E+00
* Gp# 1[1,2,3,6,5] x,y,z = 6.692, 16.05, 1.987, q = 0.936 dT[0, 2, 17, 25] Src Amplitude = 62.0
*            919.4695780   1     9    28     9       195  62   3.023E+03
*            919.4695780   2     8    25    15       334  62   5.675E+03
*            919.4695795   3    10    33     9       199  62   3.285E+03
*            919.4695945   6    12    26     7       225  58   1.553E+03
*            919.4696030   5    20    15     3       119  57 857.909E+00
* Gp# 1[1,3,2,6,5] x,y,z = 1.737, 3.481, 3.922, q = 0.9874 dT[2, 2, 22, 25] Src Amplitude = 61.0
*            921.9515870   1    12    24     7       192  61   1.964E+03
*            921.9515885   3    13    26     8       199  61   2.156E+03
*            921.9515890   2     9    23     9       167  61   3.427E+03
*            921.9516085   6     1    20     5       220  56 984.845E+00
*            921.9516120   5    17    12     2        52  54 496.426E+00
* Gp# 1[1,2,3,6,5] x,y,z = 9.135, 24.07, 2.815, q = 0.8451 dT[0, 2, 13, 25] Src Amplitude = 62.0
*            922.0484240   1     9    30     9       195  62   3.004E+03
*            922.0484240   2    11    24    12       170  62   5.298E+03
*            922.0484255   3    13    31    10       227  62   3.334E+03
*            922.0484365   6     1    26     7       229  58   1.555E+03
*            922.0484490   5    17    16     2        52  56 745.797E+00
* Gp# 1[1,3,2,6,5] x,y,z = 1.737, 3.481, 3.922, q = 0.9874 dT[2, 2, 22, 25] Src Amplitude = 61.0
*            922.1445150   1    12    24     7       192  61   1.965E+03
*            922.1445165   3    13    27     7       182  61   2.107E+03
*            922.1445170   2    74    21     8       135  60   3.226E+03
*            922.1445365   6     1    19     5       217  56 983.152E+00
*            922.1445400   5     1    11     2        52  54 494.821E+00
* Gp# 1[1,3,2,6,5] x,y,z = 6.015, 25.75, 3.682, q = 0.8098 dT[2, 2, 13, 25] Src Amplitude = 62.0
*            922.2402330   1    12    28     9       195  62   3.011E+03
*            922.2402345   3    13    31    10       220  63   3.300E+03
*            922.2402350   2     9    26    11       164  62   5.073E+03
*            922.2402455   6    29    25     7       235  58   1.572E+03
*            922.2402580   5     1    14     2        51  55 746.159E+00
* Gp# 1[1,3,2,6,5] x,y,z = 1.737, 3.481, 3.922, q = 0.9874 dT[2, 2, 22, 25] Src Amplitude = 61.0
*            922.3359850   1    12    25     7       195  61   1.977E+03
*            922.3359865   3    13    27     7       182  60   2.111E+03
*            922.3359870   2     1    22     8       135  60   3.205E+03
*            922.3360065   6     1    19     5       193  56 942.547E+00
*            922.3360100   5     1    11     2        52  54 498.958E+00
* Gp# 1[1,3,2,6,5] x,y,z = 1.747, 7.962, 3.665, q = 0.9787 dT[2, 2, 21, 25] Src Amplitude = 62.0
*            922.4318060   1    12    28     8       194  62   3.012E+03
*            922.4318075   3     9    31    10       220  62   3.310E+03
*            922.4318080   2    77    28    13       221  63   5.530E+03
*            922.4318265   6    24    25     7       227  57   1.532E+03
*            922.4318310   5     5    15     4       198  56 889.080E+00
* Gp# 1[1,3,2,6,5] x,y,z = 1.737, 3.481, 3.922, q = 0.9874 dT[2, 2, 22, 25] Src Amplitude = 60.0
*            922.5276500   1    12    25     7       195  60   1.979E+03
*            922.5276515   3    13    26     7       182  61   2.108E+03
*            922.5276520   2     9    23     8       135  61   3.352E+03
*            922.5276715   6     1    20     5       193  57 944.110E+00
*            922.5276750   5     1    12     2        52  55 488.691E+00
* Gp# 1[1,2,3,6,5] x,y,z = 6.692, 16.05, 1.987, q = 0.936 dT[0, 2, 17, 25] Src Amplitude = 62.0
*            925.2313660   1    12    28     9       195  62   3.030E+03
*            925.2313660   2     8    25    12       173  62   5.251E+03
*            925.2313675   3    10    32     9       196  63   3.244E+03
*            925.2313825   6    29    25     7       222  58   1.542E+03
*            925.2313910   5    20    14     3       113  57 837.761E+00
* Gp# 1[1,3,2,6,5] x,y,z = 1.737, 3.481, 3.922, q = 0.9874 dT[2, 2, 22, 25] Src Amplitude = 60.0
*            925.3271440   1    12    25     7       195  60   1.986E+03
*            925.3271455   3    13    27     7       199  61   2.126E+03
*            925.3271460   2     1    24     8       135  61   3.273E+03
*            925.3271655   6     1    20     3        96  57 836.455E+00
*            925.3271690   5    20    12     2        52  55 489.294E+00
* Gp# 1[1,3,2,6,5] x,y,z = 6.015, 25.75, 3.682, q = 0.8098 dT[2, 2, 13, 25] Src Amplitude = 62.0
*            925.6149030   1    12    29     9       195  62   3.015E+03
*            925.6149045   3    13    32    10       214  63   3.281E+03
*            925.6149050   2    77    26    12       164  62   5.277E+03
*            925.6149155   6    29    24     7       229  58   1.552E+03
*            925.6149280   5    17    15     2        52  56 742.916E+00
* Gp# 1[1,2,3,6,5] x,y,z = 3.598, 1.063, 3.083, q = 0.9904 dT[1, 2, 22, 25] Src Amplitude = 60.0
*            925.7106510   1     9    24     7       195  60   1.986E+03
*            925.7106520   2    75    23     9       169  61   3.520E+03
*            925.7106525   3    10    27     7       182  61   2.146E+03
*            925.7106725   6     1    20     3        96  57 835.694E+00
*            925.7106760   5    20    12     2        52  55 506.227E+00
* Gp# 1[1,2,3,6,5] x,y,z = 6.692, 16.05, 1.987, q = 0.936 dT[0, 2, 17, 25] Src Amplitude = 62.0
*            925.8063890   1     9    29     8       195  62   3.021E+03
*            925.8063890   2     5    28    12       170  62   5.401E+03
*            925.8063905   3    10    30    10       227  62   3.319E+03
*            925.8064055   6    29    27     6       195  58   1.451E+03
*            925.8064140   5     6    15     2        60  56 769.644E+00
* Gp# 1[1,3,2,6,5] x,y,z = 1.737, 3.481, 3.922, q = 0.9874 dT[2, 2, 22, 25] Src Amplitude = 61.0
*            928.3126170   1    12    25     7       195  61   1.983E+03
*            928.3126185   3    13    27     7       182  61   2.112E+03
*            928.3126190   2     9    23     9       138  61   3.441E+03
*            928.3126385   6     1    19     5       217  57 981.296E+00
*            928.3126420   5    17    12     2        52  55 503.943E+00
* Gp# 1[1,2,3,6,5] x,y,z = 5.294, 16.8, 2.543, q = 0.9268 dT[1, 2, 17, 25] Src Amplitude = 62.0
*            928.4101840   1    12    28     9       195  62   3.029E+03
*            928.4101850   2     4    27    11       172  62   5.129E+03
*            928.4101855   3    10    32    10       224  62   3.330E+03
*            928.4102005   6    29    26     6       201  58   1.478E+03
*            928.4102090   5    20    14     3       119  56 851.120E+00
* Gp# 1[1,3,2,6,5] x,y,z = 0.6992, 1.511, 5.312, q = 0.9763 dT[2, 3, 22, 26] Src Amplitude = 59.0
*            928.5060290   1     6    24     7       195  59   1.995E+03
*            928.5060305   3    10    27     8       224  60   2.155E+03
*            928.5060320   2     5    21     8       134  60   3.435E+03
*            928.5060505   6    24    21     3        96  57 842.664E+00
*            928.5060550   5    19    11     2        54  55 510.798E+00
* Gp# 1[1,2,3,6,5] x,y,z = 5.294, 16.8, 2.543, q = 0.9268 dT[1, 2, 17, 25] Src Amplitude = 62.0
*            928.6020930   1     9    28     8       195  62   3.033E+03
*            928.6020940   2     7    25    13       226  62   5.603E+03
*            928.6020945   3    10    33    10       224  62   3.309E+03
*            928.6021095   6    29    26     5       122  58   1.347E+03
*            928.6021180   5    20    14     3       116  57 838.238E+00
* Gp# 1[1,3,2,6,5] x,y,z = 1.747, 7.962, 3.665, q = 0.9787 dT[2, 2, 21, 25] Src Amplitude = 61.0
*            928.6978440   1    12    25     7       194  61   1.986E+03
*            928.6978455   3    13    28     7       199  61   2.139E+03
*            928.6978460   2    77    21     8       135  61   3.300E+03
*            928.6978645   6    21    19     5       224  56   1.006E+03
*            928.6978690   5     1    11     2        51  54 498.288E+00
* Gp# 1[1,2,3,6,5] x,y,z = 6.692, 16.05, 1.987, q = 0.936 dT[0, 2, 17, 25] Src Amplitude = 62.0
*            928.7936010   1     9    28     8       195  62   3.039E+03
*            928.7936010   2     2    26    12       173  61   5.133E+03
*            928.7936025   3    10    31     9       196  62   3.255E+03
*            928.7936175   6    29    25     6       198  58   1.471E+03
*            928.7936260   5    20    14     2        60  57 789.294E+00
* Gp# 1[1,3,2,6,5] x,y,z = 1.747, 7.962, 3.665, q = 0.9787 dT[2, 2, 21, 25] Src Amplitude = 61.0
*            928.8894150   1    12    25     7       194  61   1.990E+03
*            928.8894165   3    13    28     7       199  61   2.140E+03
*            928.8894170   2     9    21     8       135  61   3.309E+03
*            928.8894355   6    21    18     5       221  56 995.341E+00
*            928.8894400   5    43    10     2        48  54 479.242E+00
* Gp# 1[1,3,2,6,5] x,y,z = 1.747, 7.962, 3.665, q = 0.9787 dT[2, 2, 21, 25] Src Amplitude = 62.0
*            928.9862550   1    12    28     8       194  62   3.017E+03
*            928.9862565   3     9    32    10       220  62   3.297E+03
*            928.9862570   2    77    24    12       167  62   5.263E+03
*            928.9862755   6    24    26     6       224  58   1.530E+03
*            928.9862800   5     5    13     4       192  56 882.528E+00
* Gp# 1[1,2,3,6,5] x,y,z = 5.277, 10.95, 5.592, q = 0.9839 dT[2, 4, 21, 25] Src Amplitude = 60.0
*            931.4732720   1    12    24     7       194  60   1.987E+03
*            931.4732740   2     5    21     9       170  60   3.385E+03
*            931.4732755   3     7    27     7       180  61   2.076E+03
*            931.4732925   6    24    20     5       194  56 936.326E+00
*            931.4732970   5     2    10     2        54  55 510.565E+00
* Gp# 1[1,3,2,6,5] x,y,z = 6.015, 25.75, 3.682, q = 0.8098 dT[2, 2, 13, 25] Src Amplitude = 62.0
*            931.5701370   1    12    28     9       194  62   3.033E+03
*            931.5701385   3    13    31    10       220  63   3.283E+03
*            931.5701390   2    77    29    12       164  62   5.209E+03
*            931.5701495   6    29    27     7       241  58   1.587E+03
*            931.5701620   5     1    14     2        57  56 770.122E+00
* Gp# 1[1,2,3,6,5] x,y,z = 6.692, 16.05, 1.987, q = 0.936 dT[0, 2, 17, 25] Src Amplitude = 62.0
*            931.7617760   1    12    30     9       195  62   3.036E+03
*            931.7617760   2     2    23    12       170  62   5.484E+03
*            931.7617775   3    13    33     9       199  63   3.236E+03
*            931.7617925   6     1    25     7       225  58   1.544E+03
*            931.7618010   5     1    14     2        52  56 755.479E+00
* Gp# 1[1,2,3,6,5] x,y,z = 6.692, 16.05, 1.987, q = 0.936 dT[0, 2, 17, 25] Src Amplitude = 62.0
*            931.9536940   1    12    29     9       195  62   3.039E+03
*            931.9536940   2    73    28    11       140  62   5.182E+03
*            931.9536955   3    13    32    10       227  62   3.337E+03
*            931.9537105   6     1    26     7       225  58   1.556E+03
*            931.9537190   5    20    15     2        55  56 776.251E+00
* Gp# 1[2,1,3,6,5] x,y,z = 6.854, 1.202, 1.912, q = 0.9885 dT[1, 3, 22, 26] Src Amplitude = 61.0
*            932.0494170   2    80    23     9       167  61   3.474E+03
*            932.0494180   1    12    23     7       194  60   1.993E+03
*            932.0494195   3     9    27     7       182  61   2.107E+03
*            932.0494385   6    24    20     5       221  56   1.000E+03
*            932.0494430   5     2    11     2        51  55 500.210E+00
* Gp# 1[1,3,2,6,5] x,y,z = 3.936, 18.75, 3.291, q = 0.9166 dT[2, 2, 17, 25] Src Amplitude = 62.0
*            932.1451620   1     9    27     8       195  62   3.037E+03
*            932.1451635   3    10    33    10       227  63   3.312E+03
*            932.1451640   2     6    25    11       168  62   5.192E+03
*            932.1451785   6    29    27     6       219  59   1.513E+03
*            932.1451870   5    20    14     3       119  57 843.476E+00
* Gp# 1[1,3,2,6,5] x,y,z = 1.747, 7.962, 3.665, q = 0.9787 dT[2, 2, 21, 25] Src Amplitude = 62.0
*            934.7262840   1    12    27     9       194  62   3.038E+03
*            934.7262855   3     9    31    10       220  62   3.293E+03
*            934.7262860   2     1    25    15       338  62   5.638E+03
*            934.7263045   6    24    27     7       227  58   1.550E+03
*            934.7263090   5     2    13     4       192  56 895.266E+00
* Gp# 1[1,3,2,6,5] x,y,z = 1.747, 7.962, 3.665, q = 0.9787 dT[2, 2, 21, 25] Src Amplitude = 61.0
*            934.8220320   1    12    25     7       194  61   1.984E+03
*            934.8220335   3    13    26     7       199  61   2.135E+03
*            934.8220340   2    77    24    11       264  61   3.606E+03
*            934.8220525   6    21    19     5       221  56 999.333E+00
*            934.8220570   5     1    11     2        51  54 495.620E+00
* Gp# 1[1,3,2,6,5] x,y,z = 6.015, 25.75, 3.682, q = 0.8098 dT[2, 2, 13, 25] Src Amplitude = 63.0
*            934.9177710   1    12    28     9       195  63   3.042E+03
*            934.9177725   3    13    33    10       214  62   3.299E+03
*            934.9177730   2    77    25    11       164  63   5.199E+03
*            934.9177835   6    29    25     7       241  58   1.588E+03
*            934.9177960   5     1    13     2        54  56 776.012E+00
* Gp# 1[1,3,2,6,5] x,y,z = 1.747, 7.962, 3.665, q = 0.9787 dT[2, 2, 21, 25] Src Amplitude = 61.0
*            935.0136260   1    12    24     7       194  61   2.001E+03
*            935.0136275   3     9    28     7       182  61   2.114E+03
*            935.0136280   2     1    21     9       164  60   3.397E+03
*            935.0136465   6    24    21     5       218  56 996.645E+00
*            935.0136510   5     2    10     2        54  55 503.817E+00
* Gp# 1[1,3,2,6,5] x,y,z = 1.737, 3.481, 3.922, q = 0.9874 dT[2, 2, 22, 25] Src Amplitude = 61.0
*            935.2052440   1     9    25     7       195  61   1.992E+03
*            935.2052455   3    13    27     7       199  61   2.163E+03
*            935.2052460   2     9    21     9       164  61   3.240E+03
*            935.2052655   6     1    20     5       193  57 948.346E+00
*            935.2052690   5    17    11     2        52  55 496.802E+00
* Gp# 1[1,3,2,6,5] x,y,z = 6.265, 12.99, 9.248, q = 0.8964 dT[5, 5, 19, 28] Src Amplitude = 62.0
*            935.3013050   1    15    29     9       197  62   3.085E+03
*            935.3013095   3     9    31    10       223  62   3.302E+03
*            935.3013100   2    77    26    12       170  62   5.308E+03
*            935.3013235   6    29    27     7       232  58   1.559E+03
*            935.3013330   5     5    13     4       192  57 883.545E+00
* Gp# 1[1,3,2,6,5] x,y,z = 1.737, 3.481, 3.922, q = 0.9874 dT[2, 2, 22, 25] Src Amplitude = 60.0
*            937.7880870   1    12    25     7       195  60   1.997E+03
*            937.7880885   3    13    27     7       182  61   2.110E+03
*            937.7880890   2    74    23     8       135  61   3.366E+03
*            937.7881085   6     1    21     3        96  57 838.252E+00
*            937.7881120   5     1    11     2        52  55 500.162E+00
* Gp# 1[1,2,3,6,5] x,y,z = 6.692, 16.05, 1.987, q = 0.936 dT[0, 2, 17, 25] Src Amplitude = 62.0
*            937.8849500   1     9    29     8       195  62   3.041E+03
*            937.8849500   2     8    26    12       173  62   5.389E+03
*            937.8849515   3    10    32    10       227  62   3.293E+03
*            937.8849665   6    29    27     6       201  58   1.480E+03
*            937.8849750   5    20    13     3       119  57 846.382E+00
* Gp# 1[1,3,2,6,5] x,y,z = 1.737, 3.481, 3.922, q = 0.9874 dT[2, 2, 22, 25] Src Amplitude = 61.0
*            937.9809950   1    12    25     7       192  61   1.986E+03
*            937.9809965   3    13    25     7       182  61   2.120E+03
*            937.9809970   2    74    22     8       135  61   3.359E+03
*            937.9810165   6     1    20     5       196  56 948.935E+00
*            937.9810200   5     1    12     2        52  55 506.232E+00
* Gp# 1[1,3,2,6,5] x,y,z = 6.015, 25.75, 3.682, q = 0.8098 dT[2, 2, 13, 25] Src Amplitude = 63.0
*            938.0767380   1    12    29     9       195  63   3.046E+03
*            938.0767395   3    13    31     9       199  63   3.242E+03
*            938.0767400   2    77    25    13       221  62   5.502E+03
*            938.0767505   6    29    26     7       229  58   1.555E+03
*            938.0767630   5    17    13     3       119  56 842.223E+00
* Gp# 1[1,3,2,6,5] x,y,z = -0.08515, 5.929, 4.742, q = 0.9838 dT[2, 3, 22, 25] Src Amplitude = 60.0
*            938.1724830   1     9    25     7       195  60   1.994E+03
*            938.1724845   3    10    27     7       183  60   2.116E+03
*            938.1724860   2     2    20     9       167  60   3.428E+03
*            938.1725045   6    24    21     3        96  57 836.808E+00
*            938.1725080   5    20    10     2        55  55 506.558E+00
* Gp# 1[1,3,2,6,5] x,y,z = 3.936, 18.75, 3.291, q = 0.9166 dT[2, 2, 17, 25] Src Amplitude = 63.0
*            938.2683310   1    12    29     9       195  63   3.041E+03
*            938.2683325   3    13    32     9       199  62   3.251E+03
*            938.2683330   2     1    28    12       168  62   5.241E+03
*            938.2683475   6     1    25     7       228  58   1.558E+03
*            938.2683560   5    17    13     2        52  56 749.429E+00
* Gp# 1[1,3,2,6,5] x,y,z = 1.737, 3.481, 3.922, q = 0.9874 dT[2, 2, 22, 25] Src Amplitude = 61.0
*            938.3641520   1    12    25     7       192  61   1.978E+03
*            938.3641535   3    13    26     7       182  61   2.109E+03
*            938.3641540   2     9    22     8       135  61   3.324E+03
*            938.3641735   6     1    18     5       217  56 986.186E+00
*            938.3641770   5     1    11     2        52  54 502.561E+00
* Gp# 1[1,3,2,6,5] x,y,z = 1.747, 7.962, 3.665, q = 0.9787 dT[2, 2, 21, 25] Src Amplitude = 62.0
*            938.4602750   1    12    28     9       194  62   3.038E+03
*            938.4602765   3    13    32    10       223  63   3.312E+03
*            938.4602770   2     9    27    11       164  62   5.196E+03
*            938.4602955   6    21    25     7       233  58   1.567E+03
*            938.4603000   5     2    13     2        54  56 773.408E+00
* Gp# 1[1,3,2,6,5] x,y,z = 1.747, 7.962, 3.665, q = 0.9787 dT[2, 2, 21, 25] Src Amplitude = 61.0
*            940.9529880   1    12    24     7       194  61   1.998E+03
*            940.9529895   3    13    27     7       182  61   2.117E+03
*            940.9529900   2    77    20     8       135  61   3.359E+03
*            940.9530085   6    21    19     5       224  56   1.007E+03
*            940.9530130   5     2     9     2        51  54 490.821E+00
* Gp# 1[1,2,3,6,5] x,y,z = 19.28, 5.608, 11.83, q = 0.9552 dT[2, 7, 19, 27] Src Amplitude = 62.0
*            941.0509730   1    15    28     9       197  62   3.113E+03
*            941.0509750   2     8    24    12       173  62   5.303E+03
*            941.0509795   3     7    31     9       221  62   3.252E+03
*            941.0509915   6    29    26     7       226  58   1.543E+03
*            941.0510000   5    20    13     4       193  57 888.039E+00
* Gp# 1[1,3,2,6,5] x,y,z = 1.747, 7.962, 3.665, q = 0.9787 dT[2, 2, 21, 25] Src Amplitude = 60.0
*            941.1467200   1    12    24     7       194  60   2.004E+03
*            941.1467215   3     9    28     7       182  61   2.107E+03
*            941.1467220   2    77    22    10       224  60   3.634E+03
*            941.1467405   6    24    19     5       194  56 939.217E+00
*            941.1467450   5     2    11     2        54  55 504.908E+00
* Gp# 1[1,3,2,6,5] x,y,z = 6.265, 12.99, 9.248, q = 0.8964 dT[5, 5, 19, 28] Src Amplitude = 62.0
*            941.2425160   1    15    29     9       197  62   3.102E+03
*            941.2425205   3     9    32    10       223  62   3.302E+03
*            941.2425210   2     1    27    12       170  62   5.316E+03
*            941.2425345   6    29    26     7       229  58   1.560E+03
*            941.2425440   5     5    12     4       192  57 874.794E+00
* Gp# 1[1,3,2,6,5] x,y,z = 1.737, 3.481, 3.922, q = 0.9874 dT[2, 2, 22, 25] Src Amplitude = 61.0
*            941.3384250   1    12    25     7       192  61   1.987E+03
*            941.3384265   3    13    27     7       199  61   2.129E+03
*            941.3384270   2     9    23     8       138  60   3.239E+03
*            941.3384465   6     1    18     5       220  56 995.697E+00
*            941.3384500   5     1    10     2        48  54 492.951E+00
* Gp# 1[1,3,2,6,5] x,y,z = 2.674, 18.69, 3.884, q = 0.905 dT[2, 3, 17, 25] Src Amplitude = 62.0
*            941.4342150   1     9    27     8       195  62   3.074E+03
*            941.4342165   3    10    31    10       227  62   3.322E+03
*            941.4342180   2     2    27    11       167  62   5.295E+03
*            941.4342315   6    29    26     6       199  58   1.456E+03
*            941.4342400   5     6    13     4       193  57 889.928E+00
* Gp# 1[1,3,2,6,5] x,y,z = 1.747, 7.962, 3.665, q = 0.9787 dT[2, 2, 21, 25] Src Amplitude = 61.0
*            941.5302570   1    12    25     7       192  61   1.991E+03
*            941.5302585   3    13    27     7       199  61   2.138E+03
*            941.5302590   2     9    22     8       134  60   3.285E+03
*            941.5302775   6     2    19     5       218  56 988.490E+00
*            941.5302820   5    17    11     2        52  54 498.211E+00
* Gp# 1[1,3,2,6,5] x,y,z = 6.015, 25.75, 3.682, q = 0.8098 dT[2, 2, 13, 25] Src Amplitude = 62.0
*            941.6260040   1    12    27     9       194  62   3.051E+03
*            941.6260055   3    13    30    10       220  63   3.310E+03
*            941.6260060   2    77    26    12       206  62   5.204E+03
*            941.6260165   6    29    26     7       238  58   1.581E+03
*            941.6260290   5     2    13     2        57  56 771.003E+00
* Gp# 1[1,2,3,6,5] x,y,z = 3.598, 1.063, 3.083, q = 0.9904 dT[1, 2, 22, 25] Src Amplitude = 60.0
*            944.1350380   1    12    24     7       195  60   2.003E+03
*            944.1350390   2     7    23     9       165  60   3.593E+03
*            944.1350395   3     6    28     7       179  61   2.094E+03
*            944.1350595   6     1    21     3       100  57 840.194E+00
*            944.1350630   5    20    12     2        52  55 499.369E+00
* Gp# 1[1,3,2,6,5] x,y,z = 6.015, 25.75, 3.682, q = 0.8098 dT[2, 2, 13, 25] Src Amplitude = 63.0
*            944.2307800   1    12    29     9       195  63   3.050E+03
*            944.2307815   3    13    30    10       220  63   3.309E+03
*            944.2307820   2     9    24    12       168  63   5.353E+03
*            944.2307925   6    29    26     7       241  58   1.583E+03
*            944.2308050   5    17    14     2        52  56 757.798E+00
* Gp# 1[1,3,2,6,5] x,y,z = 1.747, 7.962, 3.665, q = 0.9787 dT[2, 2, 21, 25] Src Amplitude = 63.0
*            944.4234240   1     9    28     9       194  63   3.055E+03
*            944.4234255   3    13    33    10       220  63   3.288E+03
*            944.4234260   2    77    27    12       167  63   5.358E+03
*            944.4234445   6    21    26     7       230  58   1.551E+03
*            944.4234490   5     2    14     2        57  56 776.204E+00
* Gp# 1[1,3,2,6,5] x,y,z = 1.747, 7.962, 3.665, q = 0.9787 dT[2, 2, 21, 25] Src Amplitude = 60.0
*            944.5192500   1    12    24     7       194  60   2.005E+03
*            944.5192515   3     9    26     7       182  60   2.109E+03
*            944.5192520   2    77    21     9       164  61   3.459E+03
*            944.5192705   6    24    21     5       194  56 935.440E+00
*            944.5192750   5     2    10     2        51  55 500.062E+00
* Gp# 1[1,3,2,6,5] x,y,z = 1.747, 7.962, 3.665, q = 0.9787 dT[2, 2, 21, 25] Src Amplitude = 63.0
*            944.6150920   1    12    29     9       194  63   3.061E+03
*            944.6150935   3    13    31    10       220  63   3.298E+03
*            944.6150940   2    77    25    13       221  63   5.400E+03
*            944.6151125   6    21    25     7       230  58   1.554E+03
*            944.6151170   5     2    14     2        51  56 751.539E+00
* Gp# 1[2,1,3,6,5] x,y,z = 6.851, 18.61, 2.666, q = 0.919 dT[1, 3, 17, 26] Src Amplitude = 62.0
*            944.8069280   2    80    26    12       173  62   5.334E+03
*            944.8069290   1    12    28     8       194  62   3.059E+03
*            944.8069305   3     9    32    10       223  62   3.279E+03
*            944.8069445   6    29    26     7       232  58   1.563E+03
*            944.8069540   5     5    14     4       192  56 867.766E+00
* Gp# 1[1,3,2,6,5] x,y,z = 6.265, 12.99, 9.248, q = 0.8964 dT[5, 5, 19, 28] Src Amplitude = 62.0
*            947.3508790   1    15    28     9       197  62   3.097E+03
*            947.3508835   3     9    31    10       223  62   3.280E+03
*            947.3508840   2    77    28    13       221  62   5.404E+03
*            947.3508975   6    29    25     7       229  58   1.549E+03
*            947.3509070   5     5    13     2        54  57 766.727E+00
* Gp# 1[1,3,2,6,5] x,y,z = 1.747, 7.962, 3.665, q = 0.9787 dT[2, 2, 21, 25] Src Amplitude = 60.0
*            947.4466300   1    12    24     7       194  60   2.005E+03
*            947.4466315   3     9    26     7       182  61   2.110E+03
*            947.4466320   2     1    21     9       167  60   3.472E+03
*            947.4466505   6    24    20     5       221  56 987.930E+00
*            947.4466550   5     2    10     2        51  55 499.732E+00
* Gp# 1[1,2,3,6,5] x,y,z = 5.837, 1.79, 1.806, q = 0.9866 dT[0, 2, 21, 25] Src Amplitude = 63.0
*            947.5423680   1    12    29     9       195  63   3.072E+03
*            947.5423680   2    11    26    14       273  62   5.796E+03
*            947.5423695   3    13    32    10       227  62   3.308E+03
*            947.5423885   6     2    26     6       221  58   1.530E+03
*            947.5423930   5     1    14     2        52  56 756.205E+00
* Gp# 1[1,2,3,6,5] x,y,z = 3.598, 1.063, 3.083, q = 0.9904 dT[1, 2, 22, 25] Src Amplitude = 60.0
*            947.6382500   1    12    25     7       195  60   2.011E+03
*            947.6382510   2     7    23     8       136  60   3.382E+03
*            947.6382515   3     7    28     7       182  61   2.103E+03
*            947.6382715   6     1    20     5       196  56 951.263E+00
*            947.6382750   5    20    11     2        52  55 498.204E+00
* Gp# 1[1,2,3,6,5] x,y,z = 5.277, 10.95, 5.592, q = 0.9839 dT[2, 4, 21, 25] Src Amplitude = 60.0
*            947.8301670   1    12    23     7       194  60   2.011E+03
*            947.8301690   2    77    22     9       170  61   3.440E+03
*            947.8301705   3     7    27     7       180  60   2.071E+03
*            947.8301875   6    24    22     3       114  56 853.570E+00
*            947.8301920   5     5    11     2        54  56 511.789E+00
* Gp# 1[1,3,2,6,5] x,y,z = 3.936, 18.75, 3.291, q = 0.9166 dT[2, 2, 17, 25] Src Amplitude = 63.0
*            947.9267000   1    12    29     9       194  63   3.062E+03
*            947.9267015   3    13    31     9       202  63   3.274E+03
*            947.9267020   2    77    27    15       335  63   5.765E+03
*            947.9267165   6    25    25     7       237  58   1.582E+03
*            947.9267250   5     2    13     2        54  56 774.110E+00
* Gp# 1[5,6,4,1,3] x,y,z = -0.3454, 97.45, 7.267, q = 1 dT[1, 4, 20, 22] Src Amplitude = 65.0
*            949.4268360   5     3    20     6       144  65   2.560E+03
*            949.4268365   6     2    17     5       107  69   3.602E+03
*            949.4268400   4    18    10     3        63  59   1.010E+03
*            949.4268560   1    17    25     7       187  60   2.022E+03
*            949.4268575   3     1    17     3       189  57 574.852E+00
* Gp# 1[1,3,2,6,5] x,y,z = 1.737, 3.481, 3.922, q = 0.9874 dT[2, 2, 22, 25] Src Amplitude = 61.0
*            950.2859690   1    12    25     7       195  61   2.019E+03
*            950.2859705   3    13    28     7       199  61   2.127E+03
*            950.2859710   2     1    23     9       168  61   3.426E+03
*            950.2859905   6     1    20     5       217  56 989.809E+00
*            950.2859940   5    17    12     2        52  55 498.506E+00
* Gp# 1[1,3,2,6,5] x,y,z = 6.015, 25.75, 3.682, q = 0.8098 dT[2, 2, 13, 25] Src Amplitude = 63.0
*            950.3828020   1    12    28     9       195  63   3.070E+03
*            950.3828035   3    13    32     9       199  62   3.254E+03
*            950.3828040   2    77    26    11       164  63   5.238E+03
*            950.3828145   6    29    26     7       238  58   1.576E+03
*            950.3828270   5    17    14     2        52  56 760.270E+00
* Gp# 1[1,2,3,6,5] x,y,z = 6.692, 16.05, 1.987, q = 0.936 dT[0, 2, 17, 25] Src Amplitude = 62.0
*            950.5746140   1    12    29     9       195  62   3.072E+03
*            950.5746140   2     8    26    12       170  62   5.361E+03
*            950.5746155   3     6    32    10       227  62   3.305E+03
*            950.5746305   6     1    27     7       225  58   1.543E+03
*            950.5746390   5    20    14     2        55  56 776.884E+00
* Gp# 1[1,3,2,6,5] x,y,z = 4.47, 20.29, 3.188, q = 0.8938 dT[2, 2, 16, 25] Src Amplitude = 62.0
*            950.7661860   1     9    28     9       194  62   3.064E+03
*            950.7661875   3    13    32    10       220  63   3.275E+03
*            950.7661880   2    77    27    12       170  62   5.247E+03
*            950.7662015   6    29    26     7       235  58   1.575E+03
*            950.7662110   5     5    15     4       192  56 896.035E+00
* Gp# 1[1,3,2,6,5] x,y,z = 1.737, 3.481, 3.922, q = 0.9874 dT[2, 2, 22, 25] Src Amplitude = 61.0
*            953.3368590   1    12    25     7       195  61   2.020E+03
*            953.3368605   3     6    28     7       182  61   2.092E+03
*            953.3368610   2     1    22     9       138  61   3.396E+03
*            953.3368805   6     1    21     5       193  57 936.410E+00
*            953.3368840   5    20    11     2        52  55 503.907E+00
* Gp# 1[1,3,2,6,5] x,y,z = 6.015, 25.75, 3.682, q = 0.8098 dT[2, 2, 13, 25] Src Amplitude = 63.0
*            953.4328910   1    12    28     9       194  63   3.071E+03
*            953.4328925   3    13    33    10       220  63   3.288E+03
*            953.4328930   2    77    25    12       167  62   5.228E+03
*            953.4329035   6    29    26     7       241  58   1.588E+03
*            953.4329160   5    17    14     2        52  56 755.870E+00
* Gp# 1[1,3,2,6,5] x,y,z = 1.747, 7.962, 3.665, q = 0.9787 dT[2, 2, 21, 25] Src Amplitude = 61.0
*            953.5287570   1    12    25     7       194  61   2.026E+03
*            953.5287585   3     9    28     8       223  61   2.170E+03
*            953.5287590   2    77    22     9       164  61   3.348E+03
*            953.5287775   6    24    21     5       194  56 947.349E+00
*            953.5287820   5     2    11     2        51  55 501.004E+00
* Gp# 1[1,2,3,6,5] x,y,z = 9.648, 8.113, 6.056, q = 0.9384 dT[2, 4, 19, 27] Src Amplitude = 61.0
*            953.6245860   1    11    27     9       197  61   3.133E+03
*            953.6245880   2     8    27    12       170  63   5.399E+03
*            953.6245895   3    10    32    10       227  62   3.308E+03
*            953.6246045   6    29    27     5       122  58   1.336E+03
*            953.6246130   5    20    14     4       193  57 883.412E+00
* Gp# 1[1,3,2,6,5] x,y,z = -3.244, 9.699, 6.306, q = 0.9749 dT[2, 5, 22, 25] Src Amplitude = 60.0
*            953.7206300   1    12    24     7       195  60   2.028E+03
*            953.7206315   3    13    27     7       182  60   2.113E+03
*            953.7206350   2     1    22     8       135  60   3.260E+03
*            953.7206515   6     1    20     3        96  56 818.117E+00
*            953.7206550   5    20    11     2        55  55 518.749E+00
* Gp# 1[1,3,2,6,5] x,y,z = 3.936, 18.75, 3.291, q = 0.9166 dT[2, 2, 17, 25] Src Amplitude = 63.0
*            953.8163700   1    12    29     9       195  63   3.075E+03
*            953.8163715   3     6    32    10       227  63   3.318E+03
*            953.8163720   2     9    26    12       168  62   5.238E+03
*            953.8163865   6     1    27     7       225  58   1.547E+03
*            953.8163950   5    17    13     2        52  56 766.359E+00
* Gp# 1[1,3,2,6,5] x,y,z = 1.747, 7.962, 3.665, q = 0.9787 dT[2, 2, 21, 25] Src Amplitude = 61.0
*            953.9121200   1    12    25     7       194  61   2.024E+03
*            953.9121215   3    13    27     7       199  61   2.127E+03
*            953.9121220   2    77    22     8       134  60   3.254E+03
*            953.9121405   6    24    20     5       218  56 989.734E+00
*            953.9121450   5     2    10     2        51  55 501.360E+00
* Gp# 1[1,2,3,6,5] x,y,z = 9.135, 24.07, 2.815, q = 0.8451 dT[0, 2, 13, 25] Src Amplitude = 62.0
*            954.0079980   1     9    29     9       195  62   3.095E+03
*            954.0079980   2    11    28    14       269  63   5.731E+03
*            954.0079995   3    13    32    10       227  63   3.340E+03
*            954.0080105   6     1    28     7       238  58   1.582E+03
*            954.0080230   5    20    14     3       119  57 846.933E+00
* Gp# 1[1,3,2,6,5] x,y,z = 1.747, 7.962, 3.665, q = 0.9787 dT[2, 2, 21, 25] Src Amplitude = 61.0
*            956.4301680   1    12    24     7       194  61   2.022E+03
*            956.4301695   3    13    26     7       199  61   2.112E+03
*            956.4301700   2     9    23     8       131  62   3.325E+03
*            956.4301885   6    21    20     5       218  56 989.653E+00
*            956.4301930   5     1    10     2        51  54 497.423E+00
* Gp# 1[1,3,2,6,5] x,y,z = 1.747, 7.962, 3.665, q = 0.9787 dT[2, 2, 21, 25] Src Amplitude = 63.0
*            956.5270330   1    12    29     9       194  63   3.082E+03
*            956.5270345   3    13    32    10       220  62   3.301E+03
*            956.5270350   2    77    28    11       153  63   5.152E+03
*            956.5270535   6    24    26     7       230  57   1.549E+03
*            956.5270580   5     2    14     2        57  56 789.086E+00
* Gp# 1[1,3,2,6,5] x,y,z = 1.747, 7.962, 3.665, q = 0.9787 dT[2, 2, 21, 25] Src Amplitude = 61.0
*            956.6227780   1    12    25     7       194  61   2.020E+03
*            956.6227795   3    13    26     7       182  61   2.113E+03
*            956.6227800   2    77    20     9       170  61   3.389E+03
*            956.6227985   6    21    20     5       221  56 993.910E+00
*            956.6228030   5     2    10     2        51  54 492.673E+00
* Gp# 1[1,2,3,6,5] x,y,z = 9.135, 24.07, 2.815, q = 0.8451 dT[0, 2, 13, 25] Src Amplitude = 62.0
*            956.7186680   1     9    29     9       195  62   3.095E+03
*            956.7186680   2     8    28    14       267  62   5.588E+03
*            956.7186695   3     6    32     9       199  62   3.241E+03
*            956.7186805   6     1    27     7       229  58   1.558E+03
*            956.7186930   5    20    16     3       119  57 844.710E+00
* Gp# 1[1,3,2,6,5] x,y,z = 1.747, 7.962, 3.665, q = 0.9787 dT[2, 2, 21, 25] Src Amplitude = 61.0
*            956.8145020   1    12    25     7       194  61   2.019E+03
*            956.8145035   3    10    27     7       182  61   2.109E+03
*            956.8145040   2     1    21     9       164  61   3.373E+03
*            956.8145225   6    24    19     5       221  56 990.760E+00
*            956.8145270   5     2     9     2        51  55 496.733E+00
* Gp# 1[1,3,2,6,5] x,y,z = 1.747, 7.962, 3.665, q = 0.9787 dT[2, 2, 21, 25] Src Amplitude = 61.0
*            957.0063140   1    12    24     7       194  61   2.024E+03
*            957.0063155   3    13    26     7       199  61   2.117E+03
*            957.0063160   2     9    22     9       164  61   3.464E+03
*            957.0063345   6     1    19     5       221  56 988.639E+00
*            957.0063390   5     2    10     2        51  55 494.537E+00
* Gp# 1[1,3,2,6,5] x,y,z = 1.747, 7.962, 3.665, q = 0.9787 dT[2, 2, 21, 25] Src Amplitude = 63.0
*            957.1020560   1    12    29     9       194  63   3.089E+03
*            957.1020575   3    13    32    10       220  63   3.274E+03
*            957.1020580   2    77    28    14       261  62   5.499E+03
*            957.1020765   6    25    26     7       233  57   1.555E+03
*            957.1020810   5     2    12     2        57  56 779.416E+00
* Gp# 1[1,3,2,6,5] x,y,z = 1.737, 3.481, 3.922, q = 0.9874 dT[2, 2, 22, 25] Src Amplitude = 61.0
*            959.5959830   1    12    24     7       195  61   2.025E+03
*            959.5959845   3    13    26     7       182  61   2.098E+03
*            959.5959850   2     9    22     8       135  60   3.311E+03
*            959.5960045   6     1    20     5       196  56 945.761E+00
*            959.5960080   5    17    10     2        52  55 497.907E+00
* Gp# 1[1,2,3,6,5] x,y,z = 9.648, 8.113, 6.056, q = 0.9384 dT[2, 4, 19, 27] Src Amplitude = 62.0
*            959.6918060   1    11    27     9       197  62   3.157E+03
*            959.6918080   2     5    27    12       173  62   5.432E+03
*            959.6918095   3    10    32    10       224  62   3.326E+03
*            959.6918245   6    29    28     5       122  58   1.328E+03
*            959.6918330   5    20    14     4       196  57 906.136E+00
* Gp# 1[1,3,2,6,5] x,y,z = 1.737, 3.481, 3.922, q = 0.9874 dT[2, 2, 22, 25] Src Amplitude = 61.0
*            959.7879400   1    12    24     7       192  61   2.014E+03
*            959.7879415   3    13    26     7       182  60   2.089E+03
*            959.7879420   2     1    22     8       138  61   3.415E+03
*            959.7879615   6     1    21     5       193  56 934.208E+00
*            959.7879650   5    20    11     2        52  55 506.966E+00
* Gp# 1[1,3,2,6,5] x,y,z = 1.747, 7.962, 3.665, q = 0.9787 dT[2, 2, 21, 25] Src Amplitude = 63.0
*            959.8837030   1    12    29     9       195  63   3.100E+03
*            959.8837045   3    13    33    10       245  63   3.322E+03
*            959.8837050   2    77    27    12       170  63   5.400E+03
*            959.8837235   6    21    25     7       230  58   1.548E+03
*            959.8837280   5     1    14     2        52  56 759.002E+00
* Gp# 1[1,2,3,6,5] x,y,z = 5.277, 10.95, 5.592, q = 0.9839 dT[2, 4, 21, 25] Src Amplitude = 60.0
*            959.9794240   1    12    24     7       194  60   2.025E+03
*            959.9794260   2    77    20     8       137  61   3.435E+03
*            959.9794275   3     7    26     7       180  61   2.061E+03
*            959.9794445   6    24    21     5       194  56 931.141E+00
*            959.9794490   5     2    10     2        54  55 509.487E+00
* Gp# 1[1,2,3,6,5] x,y,z = 5.837, 1.79, 1.806, q = 0.9866 dT[0, 2, 21, 25] Src Amplitude = 62.0
*            960.0752000   1    12    28     9       195  62   3.105E+03
*            960.0752000   2     8    29    13       209  62   5.519E+03
*            960.0752015   3     6    33    10       227  63   3.318E+03
*            960.0752205   6     2    27     7       221  58   1.528E+03
*            960.0752250   5    20    14     2        55  57 778.535E+00
* Gp# 1[1,3,2,6,5] x,y,z = 1.747, 7.962, 3.665, q = 0.9787 dT[2, 2, 21, 25] Src Amplitude = 61.0
*            960.1720400   1    12    24     7       194  61   2.032E+03
*            960.1720415   3    13    28     7       182  61   2.118E+03
*            960.1720420   2    77    22     9       164  61   3.596E+03
*            960.1720605   6     1    20     5       224  56   1.008E+03
*            960.1720650   5     2    10     2        48  55 489.154E+00
* Gp# 1[1,3,2,6,5] x,y,z = 6.265, 12.99, 9.248, q = 0.8964 dT[5, 5, 19, 28] Src Amplitude = 62.0
*            960.2679100   1    15    29     9       197  62   3.138E+03
*            960.2679145   3     9    32    10       223  62   3.282E+03
*            960.2679150   2    77    27    15       334  62   5.610E+03
*            960.2679285   6    29    27     7       232  58   1.565E+03
*            960.2679380   5     5    13     4       192  57 881.747E+00
* Gp# 1[1,3,2,6,5] x,y,z = 1.747, 7.962, 3.665, q = 0.9787 dT[2, 2, 21, 25] Src Amplitude = 61.0
*            962.7579060   1    12    24     7       194  61   2.033E+03
*            962.7579075   3    10    27     7       182  61   2.091E+03
*            962.7579080   2    77    21     8       134  61   3.302E+03
*            962.7579265   6    24    21     5       224  56 997.342E+00
*            962.7579310   5     2    11     2        51  55 502.301E+00
* Gp# 1[1,2,3,6,5] x,y,z = 5.277, 10.95, 5.592, q = 0.9839 dT[2, 4, 21, 25] Src Amplitude = 60.0
*            962.9497200   1     5    25     7       194  60   2.028E+03
*            962.9497220   2    77    22     8       134  61   3.320E+03
*            962.9497235   3     7    26     7       221  61   2.105E+03
*            962.9497405   6    24    21     3        96  57 817.689E+00
*            962.9497450   5    19    10     2        54  55 505.390E+00
* Gp# 1[1,3,2,6,5] x,y,z = 6.015, 25.75, 3.682, q = 0.8098 dT[2, 2, 13, 25] Src Amplitude = 63.0
*            963.0454610   1    12    28     9       195  63   3.105E+03
*            963.0454625   3    13    32     9       196  63   3.238E+03
*            963.0454630   2    74    28    12       168  63   5.418E+03
*            963.0454735   6     1    27     7       232  58   1.562E+03
*            963.0454860   5    20    13     2        60  57 798.818E+00
* Gp# 1[1,3,2,6,5] x,y,z = 1.747, 7.962, 3.665, q = 0.9787 dT[2, 2, 21, 25] Src Amplitude = 61.0
*            963.1413180   1    12    24     7       194  61   2.032E+03
*            963.1413195   3    13    27     7       182  61   2.091E+03
*            963.1413200   2     9    22     9       164  61   3.484E+03
*            963.1413385   6     1    19     5       221  56 993.163E+00
*            963.1413430   5     2    11     2        51  54 494.677E+00
* Gp# 1[1,3,2,6,5] x,y,z = 6.015, 25.75, 3.682, q = 0.8098 dT[2, 2, 13, 25] Src Amplitude = 63.0
*            963.2371000   1    12    29     9       195  63   3.103E+03
*            963.2371015   3    13    32     9       199  63   3.247E+03
*            963.2371020   2     9    26    12       164  62   5.212E+03
*            963.2371125   6    29    27     7       238  58   1.578E+03
*            963.2371250   5    17    13     2        52  56 755.865E+00
* Gp# 1[1,3,2,6,5] x,y,z = 1.747, 7.962, 3.665, q = 0.9787 dT[2, 2, 21, 25] Src Amplitude = 61.0
*            963.3329800   1    12    24     7       192  61   2.019E+03
*            963.3329815   3    13    27     7       196  61   2.116E+03
*            963.3329820   2     9    22     9       164  61   3.492E+03
*            963.3330005   6    21    20     5       221  56 994.688E+00
*            963.3330050   5     1    11     2        52  54 509.376E+00
* Gp# 1[1,3,2,6,5] x,y,z = 1.747, 7.962, 3.665, q = 0.9787 dT[2, 2, 21, 25] Src Amplitude = 63.0
*            963.4297870   1    12    29     9       194  63   3.099E+03
*            963.4297885   3    13    31    10       220  63   3.272E+03
*            963.4297890   2    77    27    13       221  63   5.545E+03
*            963.4298075   6    24    27     7       233  58   1.553E+03
*            963.4298120   5     5    13     2        62  56 783.375E+00
* Gp# 1[1,3,2,6,5] x,y,z = 6.015, 25.75, 3.682, q = 0.8098 dT[2, 2, 13, 25] Src Amplitude = 63.0
*            965.9726230   1    12    28     9       195  63   3.118E+03
*            965.9726245   3    13    32    10       227  63   3.290E+03
*            965.9726250   2    74    27    15       335  62   5.742E+03
*            965.9726355   6    29    28     7       241  58   1.586E+03
*            965.9726480   5    17    13     2        52  56 776.609E+00
* Gp# 1[1,3,2,6,5] x,y,z = 3.936, 18.75, 3.291, q = 0.9166 dT[2, 2, 17, 25] Src Amplitude = 62.0
*            966.1655640   1    12    29     9       195  62   3.123E+03
*            966.1655655   3     6    32     9       182  63   3.243E+03
*            966.1655660   2    71    29    14       268  62   5.537E+03
*            966.1655805   6     1    27     7       225  58   1.540E+03
*            966.1655890   5    20    14     3       119  57 854.915E+00
* Gp# 1[1,3,2,6,5] x,y,z = 1.747, 7.962, 3.665, q = 0.9787 dT[2, 2, 21, 25] Src Amplitude = 61.0
*            966.2613120   1    12    25     7       194  61   2.036E+03
*            966.2613135   3    13    28     7       182  61   2.100E+03
*            966.2613140   2     9    21     9       164  60   3.413E+03
*            966.2613325   6    21    21     5       224  56 992.175E+00
*            966.2613370   5     2     9     2        51  54 495.608E+00
* Gp# 1[1,2,3,6,5] x,y,z = 9.648, 8.113, 6.056, q = 0.9384 dT[2, 4, 19, 27] Src Amplitude = 62.0
*            966.3570780   1    15    28     9       197  62   3.177E+03
*            966.3570800   2    80    29    13       227  63   5.659E+03
*            966.3570815   3    10    32    10       224  62   3.298E+03
*            966.3570965   6    29    27     7       232  58   1.556E+03
*            966.3571050   5    20    15     4       196  57 913.625E+00
* Gp# 1[1,3,2,6,5] x,y,z = 1.737, 3.481, 3.922, q = 0.9874 dT[2, 2, 22, 25] Src Amplitude = 61.0
*            966.4530020   1    12    24     7       195  61   2.046E+03
*            966.4530035   3    13    28     7       182  61   2.089E+03
*            966.4530040   2     3    22     9       168  60   3.418E+03
*            966.4530235   6     1    22     5       193  57 937.521E+00
*            966.4530270   5    20    11     2        52  56 510.112E+00
* Gp# 1[1,2,3,6,5] x,y,z = 9.135, 24.07, 2.815, q = 0.8451 dT[0, 2, 13, 25] Src Amplitude = 63.0
*            966.5487750   1    12    29     9       195  63   3.113E+03
*            966.5487750   2     2    29    15       334  62   5.815E+03
*            966.5487765   3    13    32    10       227  63   3.299E+03
*            966.5487875   6     1    29     7       232  58   1.557E+03
*            966.5488000   5    17    14     2        52  56 761.830E+00
* Gp# 1[1,2,3,6,5] x,y,z = 5.294, 16.8, 2.543, q = 0.9268 dT[1, 2, 17, 25] Src Amplitude = 62.0
*            969.1373930   1     9    30     9       198  62   3.137E+03
*            969.1373940   2    85    26    13       222  62   5.649E+03
*            969.1373945   3    10    31     9       203  62   3.265E+03
*            969.1374095   6    29    27     6       201  58   1.471E+03
*            969.1374180   5    20    13     3       119  57 841.830E+00
* Gp# 1[1,3,2,6,5] x,y,z = 1.747, 7.962, 3.665, q = 0.9787 dT[2, 2, 21, 25] Src Amplitude = 61.0
*            969.2327320   1    12    25     7       194  61   2.057E+03
*            969.2327335   3    13    27     7       211  61   2.124E+03
*            969.2327340   2    77    19     9       137  61   3.415E+03
*            969.2327525   6    21    20     5       221  56 984.646E+00
*            969.2327570   5     2    10     2        57  54 512.047E+00
* Gp# 1[1,2,3,6,5] x,y,z = 10.89, 14.54, 11.74, q = 0.9077 dT[5, 7, 19, 28] Src Amplitude = 62.0
*            969.3284940   1    15    28     9       197  62   3.165E+03
*            969.3284990   2    77    24    13       221  63   5.435E+03
*            969.3285005   3     7    31     9       221  62   3.234E+03
*            969.3285125   6    29    28     7       229  58   1.547E+03
*            969.3285220   5    19    13     4       192  57 894.266E+00
* Gp# 1[1,2,3,6,5] x,y,z = 6.692, 16.05, 1.987, q = 0.936 dT[0, 2, 17, 25] Src Amplitude = 62.0
*            969.5199900   1    12    28     9       195  62   3.117E+03
*            969.5199900   2    76    28    13       206  62   5.419E+03
*            969.5199915   3     6    33    10       227  63   3.296E+03
*            969.5200065   6     1    28     7       225  58   1.539E+03
*            969.5200150   5    20    13     2        55  57 779.806E+00
* Gp# 1[1,3,2,6,5] x,y,z = 1.747, 7.962, 3.665, q = 0.9787 dT[2, 2, 21, 25] Src Amplitude = 63.0
*            969.7124990   1    12    29     9       194  63   3.125E+03
*            969.7125005   3    13    33    10       220  63   3.276E+03
*            969.7125010   2    77    27    12       170  62   5.213E+03
*            969.7125195   6    24    27     7       233  57   1.555E+03
*            969.7125240   5     2    12     2        51  56 752.840E+00
* Gp# 1[1,3,2,6,5] x,y,z = 6.265, 12.99, 9.248, q = 0.8964 dT[5, 5, 19, 28] Src Amplitude = 62.0
*            972.2555780   1    15    28     9       197  62   3.178E+03
*            972.2555825   3     9    32     9       220  62   3.301E+03
*            972.2555830   2    77    28    13       221  62   5.486E+03
*            972.2555965   6    29    28     7       226  58   1.540E+03
*            972.2556060   5    19    13     2        54  57 793.985E+00
* Gp# 1[1,3,2,6,5] x,y,z = 6.015, 25.75, 3.682, q = 0.8098 dT[2, 2, 13, 25] Src Amplitude = 63.0
*            972.4474500   1    12    29     9       195  63   3.128E+03
*            972.4474515   3    13    34     9       211  63   3.256E+03
*            972.4474520   2     9    28    13       207  62   5.407E+03
*            972.4474625   6     1    27     7       241  58   1.579E+03
*            972.4474750   5    20    14     2        52  56 769.708E+00
* Gp# 1[1,3,2,6,5] x,y,z = 1.747, 7.962, 3.665, q = 0.9787 dT[2, 2, 21, 25] Src Amplitude = 61.0
*            972.5432220   1    12    25     7       194  61   2.049E+03
*            972.5432235   3    13    26     7       182  61   2.087E+03
*            972.5432240   2    74    21     9       135  60   3.307E+03
*            972.5432425   6    21    20     5       221  56 990.783E+00
*            972.5432470   5     1    10     2        48  54 491.676E+00
* Gp# 1[1,3,2,6,5] x,y,z = 6.015, 25.75, 3.682, q = 0.8098 dT[2, 2, 13, 25] Src Amplitude = 63.0
*            972.6389670   1    12    29     9       194  63   3.126E+03
*            972.6389685   3    13    32    10       214  63   3.271E+03
*            972.6389690   2     9    26    15       335  63   5.575E+03
*            972.6389795   6    29    27     7       241  58   1.584E+03
*            972.6389920   5    17    13     2        52  56 763.514E+00
* Gp# 1[1,3,2,6,5] x,y,z = 1.737, 3.481, 3.922, q = 0.9874 dT[2, 2, 22, 25] Src Amplitude = 61.0
*            972.7348290   1    12    26     7       192  61   2.038E+03
*            972.7348305   3    13    29     7       182  61   2.091E+03
*            972.7348310   2     9    25     9       164  60   3.394E+03
*            972.7348505   6     1    22     5       196  56 940.344E+00
*            972.7348540   5     1    11     2        52  55 506.337E+00
* Gp# 1[1,3,2,6,5] x,y,z = 3.936, 18.75, 3.291, q = 0.9166 dT[2, 2, 17, 25] Src Amplitude = 62.0
*            972.8306610   1     9    28     9       195  62   3.133E+03
*            972.8306625   3     6    31    10       227  63   3.296E+03
*            972.8306630   2     9    25    12       171  62   5.245E+03
*            972.8306775   6     1    27     7       219  58   1.523E+03
*            972.8306860   5    20    13     2        55  57 781.272E+00
* Gp# 1[1,3,2,6,5] x,y,z = 1.747, 7.962, 3.665, q = 0.9787 dT[2, 2, 21, 25] Src Amplitude = 60.0
*            975.2428360   1    12    24     7       194  60   2.059E+03
*            975.2428375   3     9    26     8       223  61   2.162E+03
*            975.2428380   2     1    23    11       264  61   3.744E+03
*            975.2428565   6    24    21     5       194  56 942.598E+00
*            975.2428610   5     5    10     2        54  55 515.565E+00
* Gp# 1[1,3,2,6,5] x,y,z = 6.015, 25.75, 3.682, q = 0.8098 dT[2, 2, 13, 25] Src Amplitude = 63.0
*            975.3389190   1    12    29     9       195  63   3.134E+03
*            975.3389205   3    13    33    10       224  62   3.306E+03
*            975.3389210   2     9    27    11       168  62   5.116E+03
*            975.3389315   6     1    28     7       238  58   1.577E+03
*            975.3389440   5    20    15     2        60  56 791.879E+00
* Gp# 1[2,1,3,6,5] x,y,z = 6.854, 1.202, 1.912, q = 0.9885 dT[1, 3, 22, 26] Src Amplitude = 61.0
*            975.4346430   2    80    23    11       267  61   3.711E+03
*            975.4346440   1    12    24     7       194  61   2.055E+03
*            975.4346455   3     9    25     8       223  61   2.136E+03
*            975.4346645   6    24    21     5       221  56 993.044E+00
*            975.4346690   5     2    10     2        51  55 501.477E+00
* Gp# 1[1,3,2,6,5] x,y,z = 4.47, 20.29, 3.188, q = 0.8938 dT[2, 2, 16, 25] Src Amplitude = 63.0
*            975.5303890   1    12    29     9       194  63   3.135E+03
*            975.5303905   3    13    32    10       220  63   3.289E+03
*            975.5303910   2     9    26    12       170  63   5.259E+03
*            975.5304045   6    29    28     7       238  57   1.578E+03
*            975.5304140   5     2    13     2        54  56 780.946E+00
* Gp# 1[1,3,2,6,5] x,y,z = -3.244, 9.699, 6.306, q = 0.9749 dT[2, 5, 22, 25] Src Amplitude = 60.0
*            975.6261600   1     9    24     7       195  60   2.057E+03
*            975.6261615   3    10    26     7       183  61   2.093E+03
*            975.6261650   2     3    22     8       132  61   3.145E+03
*            975.6261815   6     7    22     3        96  57 812.047E+00
*            975.6261850   5    20    11     2        52  56 507.148E+00
* Gp# 1[1,3,2,6,5] x,y,z = 3.8, 12.6, 8.082, q = 0.8924 dT[4, 5, 19, 28] Src Amplitude = 62.0
*            975.7220110   1    15    29     9       197  62   3.180E+03
*            975.7220145   3    10    32     9       221  62   3.268E+03
*            975.7220160   2     2    26    12       170  62   5.413E+03
*            975.7220295   6    29    28     7       235  58   1.567E+03
*            975.7220390   5     5    12     4       192  57 883.180E+00
* Gp# 1[1,3,2,6,5] x,y,z = 1.737, 3.481, 3.922, q = 0.9874 dT[2, 2, 22, 25] Src Amplitude = 61.0
*            975.8178780   1    12    25     7       192  61   2.048E+03
*            975.8178795   3    13    28     8       224  61   2.167E+03
*            975.8178800   2     9    23     8       135  61   3.267E+03
*            975.8178995   6     1    22     5       196  56 943.916E+00
*            975.8179030   5     1    11     2        52  55 508.142E+00
* Gp# 1[1,3,2,6,5] x,y,z = 6.265, 12.99, 9.248, q = 0.8964 dT[5, 5, 19, 28] Src Amplitude = 62.0
*            975.9139180   1    15    29     9       197  62   3.190E+03
*            975.9139225   3     9    31    10       223  62   3.307E+03
*            975.9139230   2    77    26    12       170  62   5.325E+03
*            975.9139365   6    29    28     7       232  58   1.556E+03
*            975.9139460   5     5    13     4       192  57 891.159E+00
* Gp# 1[1,3,2,6,5] x,y,z = -0.08515, 5.929, 4.742, q = 0.9838 dT[2, 3, 22, 25] Src Amplitude = 60.0
*            978.4175760   1     9    25     7       195  60   2.065E+03
*            978.4175775   3    10    26     7       183  61   2.105E+03
*            978.4175790   2     5    22     8       137  61   3.307E+03
*            978.4175975   6     1    21     3        96  57 810.354E+00
*            978.4176010   5    20    11     2        55  56 515.719E+00
* Gp# 1[1,3,2,6,5] x,y,z = 3.936, 18.75, 3.291, q = 0.9166 dT[2, 2, 17, 25] Src Amplitude = 62.0
*            978.5136540   1    12    28     9       195  62   3.143E+03
*            978.5136555   3     6    33    10       224  63   3.290E+03
*            978.5136560   2     9    28    12       171  62   5.343E+03
*            978.5136705   6     1    28     7       219  58   1.514E+03
*            978.5136790   5    20    14     3       119  57 853.639E+00
* Gp# 1[1,3,2,6,5] x,y,z = 1.747, 7.962, 3.665, q = 0.9787 dT[2, 2, 21, 25] Src Amplitude = 61.0
*            978.6093790   1    12    25     7       192  61   2.047E+03
*            978.6093805   3    13    26     7       182  61   2.104E+03
*            978.6093810   2     9    22     8       135  61   3.284E+03
*            978.6093995   6     2    21     5       197  56 949.191E+00
*            978.6094040   5     1    11     2        52  54 509.101E+00
* Gp# 1[1,3,2,6,5] x,y,z = 3.209, 15.64, 7.453, q = 0.9061 dT[4, 5, 19, 27] Src Amplitude = 62.0
*            978.7052600   1     8    28     9       197  62   3.203E+03
*            978.7052635   3    10    32    10       224  62   3.276E+03
*            978.7052650   2     2    29    13       224  62   5.420E+03
*            978.7052785   6    29    28     7       226  58   1.527E+03
*            978.7052870   5    20    14     4       193  57 891.687E+00
* Gp# 1[1,3,2,6,5] x,y,z = 1.747, 7.962, 3.665, q = 0.9787 dT[2, 2, 21, 25] Src Amplitude = 61.0
*            978.8010480   1    12    24     7       194  61   2.055E+03
*            978.8010495   3     9    26     7       182  61   2.084E+03
*            978.8010500   2    77    22     9       164  60   3.499E+03
*            978.8010685   6    24    21     5       230  56   1.017E+03
*            978.8010730   5     2    10     2        51  55 495.050E+00
* Gp# 1[1,2,3,6,5] x,y,z = 3.123, 36.33, 1.413, q = 1 dT[0, 2, 13, 14] Src Amplitude = 63.0
*            978.8971710   1    12    29     9       195  63   3.151E+03
*            978.8971710   2    11    29    13       220  62   5.709E+03
*            978.8971725   3    13    32    10       227  63   3.308E+03
*            978.8971835   6     1    29     7       238  58   1.578E+03
*            978.8971850   5    31    15     3        66  57 827.949E+00
* Gp# 1[1,3,2,6,5] x,y,z = 1.747, 7.962, 3.665, q = 0.9787 dT[2, 2, 21, 25] Src Amplitude = 61.0
*            978.9929400   1    12    25     7       194  61   2.063E+03
*            978.9929415   3    13    27     7       196  61   2.101E+03
*            978.9929420   2    77    22     8       134  61   3.266E+03
*            978.9929605   6     1    21     5       230  56   1.012E+03
*            978.9929650   5     2    10     2        51  55 504.398E+00
* Gp# 1[1,2,3,6,5] x,y,z = 6.692, 16.05, 1.987, q = 0.936 dT[0, 2, 17, 25] Src Amplitude = 62.0
*            979.0886580   1     9    28     9       195  62   3.155E+03
*            979.0886580   2     8    26    12       173  62   5.387E+03
*            979.0886595   3    10    31    10       227  63   3.270E+03
*            979.0886745   6    29    28     5       164  58   1.367E+03
*            979.0886830   5    20    13     2        55  57 777.480E+00
* Gp# 1[1,3,2,6,5] x,y,z = 1.737, 3.481, 3.922, q = 0.9874 dT[2, 2, 22, 25] Src Amplitude = 61.0
*            981.5686570   1    12    24     7       195  61   2.072E+03
*            981.5686585   3     6    27     7       182  61   2.096E+03
*            981.5686590   2     9    23     9       168  60   3.386E+03
*            981.5686785   6     1    22     5       193  56 930.132E+00
*            981.5686820   5    20    11     2        52  55 505.696E+00
* Gp# 1[1,3,2,6,5] x,y,z = 6.015, 25.75, 3.682, q = 0.8098 dT[2, 2, 13, 25] Src Amplitude = 63.0
*            981.6647150   1    12    28     9       195  63   3.156E+03
*            981.6647165   3    13    33    10       227  62   3.301E+03
*            981.6647170   2     9    26    15       338  63   5.748E+03
*            981.6647275   6     1    29     7       232  58   1.553E+03
*            981.6647400   5    20    13     2        52  57 782.082E+00
* Gp# 1[1,2,3,6,5] x,y,z = 5.294, 16.8, 2.543, q = 0.9268 dT[1, 2, 17, 25] Src Amplitude = 62.0
*            981.8562010   1    12    28     9       195  62   3.154E+03
*            981.8562020   2    10    30    12       175  62   5.386E+03
*            981.8562025   3     6    32    10       227  63   3.291E+03
*            981.8562175   6     1    28     6       201  58   1.467E+03
*            981.8562260   5    20    14     2        55  57 777.825E+00
* Gp# 1[1,3,2,6,5] x,y,z = 1.737, 3.481, 3.922, q = 0.9874 dT[2, 2, 22, 25] Src Amplitude = 61.0
*            981.9519750   1    12    25     7       195  61   2.070E+03
*            981.9519765   3    13    27     7       182  61   2.102E+03
*            981.9519770   2     9    23     8       135  61   3.343E+03
*            981.9519965   6     1    21     5       196  56 936.003E+00
*            981.9520000   5    17    11     2        52  55 505.702E+00
* Gp# 1[1,3,2,6,5] x,y,z = 6.015, 25.75, 3.682, q = 0.8098 dT[2, 2, 13, 25] Src Amplitude = 63.0
*            982.0478530   1     9    28     9       194  63   3.154E+03
*            982.0478545   3    13    31    10       227  63   3.289E+03
*            982.0478550   2    77    28    13       224  63   5.459E+03
*            982.0478655   6    29    28     7       241  58   1.579E+03
*            982.0478780   5     2    12     2        51  56 756.544E+00
* Gp# 1[1,2,3,6,5] x,y,z = 9.648, 8.113, 6.056, q = 0.9384 dT[2, 4, 19, 27] Src Amplitude = 62.0
*            982.2397350   1     8    27     9       197  62   3.217E+03
*            982.2397370   2     8    29    12       170  62   5.294E+03
*            982.2397385   3    10    32     9       183  63   3.201E+03
*            982.2397535   6    29    29     5       122  58   1.311E+03
*            982.2397620   5    20    13     4       193  57 891.990E+00
* Gp# 1[1,3,2,6,5] x,y,z = 1.737, 3.481, 3.922, q = 0.9874 dT[2, 2, 22, 25] Src Amplitude = 61.0
*            984.7346970   1    12    24     7       195  61   2.080E+03
*            984.7346985   3    13    26     7       182  61   2.094E+03
*            984.7346990   2     1    23     9       168  60   3.458E+03
*            984.7347185   6     1    22     5       193  57 936.797E+00
*            984.7347220   5    20    11     2        52  56 509.887E+00
* Gp# 1[1,2,3,6,5] x,y,z = 6.692, 16.05, 1.987, q = 0.936 dT[0, 2, 17, 25] Src Amplitude = 62.0
*            984.8304360   1     9    27     8       195  62   3.165E+03
*            984.8304360   2     8    31    14       267  62   5.870E+03
*            984.8304375   3    10    31    10       224  62   3.270E+03
*            984.8304525   6    29    28     5       164  58   1.354E+03
*            984.8304610   5     6    12     4       193  57 897.791E+00
* Gp# 1[1,3,2,6,5] x,y,z = 1.747, 7.962, 3.665, q = 0.9787 dT[2, 2, 21, 25] Src Amplitude = 61.0
*            984.9261900   1    12    25     7       192  61   2.061E+03
*            984.9261915   3    13    26     7       182  61   2.091E+03
*            984.9261920   2    74    22    10       171  61   3.460E+03
*            984.9262105   6    21    21     5       197  56 945.421E+00
*            984.9262150   5    17    10     2        52  55 514.690E+00
* Gp# 1[1,3,2,6,5] x,y,z = 1.747, 7.962, 3.665, q = 0.9787 dT[2, 2, 21, 25] Src Amplitude = 63.0
*            985.0220360   1    12    28     9       195  63   3.162E+03
*            985.0220375   3    13    32     9       196  63   3.220E+03
*            985.0220380   2    77    27    13       221  62   5.362E+03
*            985.0220565   6    21    28     7       233  58   1.553E+03
*            985.0220610   5    17    13     2        57  56 785.233E+00
* Gp# 1[1,2,3,6,5] x,y,z = 5.277, 10.95, 5.592, q = 0.9839 dT[2, 4, 21, 25] Src Amplitude = 60.0
*            985.1179030   1     5    23     7       194  60   2.069E+03
*            985.1179050   2     1    23     9       167  60   3.478E+03
*            985.1179065   3     7    26     7       180  61   2.044E+03
*            985.1179235   6    24    21     3       114  56 836.682E+00
*            985.1179280   5    19    10     2        51  56 507.291E+00
* Gp# 1[1,3,2,6,5] x,y,z = 6.265, 12.99, 9.248, q = 0.8964 dT[5, 5, 19, 28] Src Amplitude = 62.0
*            985.2139700   1    15    29     9       197  62   3.213E+03
*            985.2139745   3     9    32     9       223  62   3.294E+03
*            985.2139750   2    77    27    12       170  62   5.277E+03
*            985.2139885   6    29    29     7       232  58   1.548E+03
*            985.2139980   5     5    13     3       112  57 837.518E+00
* Gp# 1[1,3,2,6,5] x,y,z = 1.747, 7.962, 3.665, q = 0.9787 dT[2, 2, 21, 25] Src Amplitude = 61.0
*            985.3108480   1    12    26     7       194  61   2.064E+03
*            985.3108495   3    13    26     7       182  61   2.098E+03
*            985.3108500   2    77    23     9       170  61   3.515E+03
*            985.3108685   6    21    21     5       218  56 982.663E+00
*            985.3108730   5     1    10     2        48  54 501.470E+00
* Gp# 1[1,3,2,6,5] x,y,z = 3.936, 18.75, 3.291, q = 0.9166 dT[2, 2, 17, 25] Src Amplitude = 63.0
*            988.0384220   1    12    29     9       195  63   3.154E+03
*            988.0384235   3    13    33     9       211  63   3.246E+03
*            988.0384240   2     9    28    13       204  62   5.457E+03
*            988.0384385   6    25    28     7       237  58   1.565E+03
*            988.0384470   5     1    14     2        55  56 778.132E+00
* Gp# 1[1,3,2,6,5] x,y,z = 3.8, 12.6, 8.082, q = 0.8924 dT[4, 5, 19, 28] Src Amplitude = 62.0
*            988.2298860   1     8    28     9       200  62   3.239E+03
*            988.2298895   3    10    31     9       221  62   3.255E+03
*            988.2298910   2    77    29    13       221  62   5.721E+03
*            988.2299045   6    29    29     7       229  58   1.546E+03
*            988.2299140   5    19    13     4       192  57 890.677E+00
* Gp# 1[1,3,2,6,5] x,y,z = 1.737, 3.481, 3.922, q = 0.9874 dT[2, 2, 22, 25] Src Amplitude = 61.0
*            988.3257180   1     9    24     7       195  61   2.070E+03
*            988.3257195   3    13    26     7       182  61   2.086E+03
*            988.3257200   2     6    22     9       138  60   3.386E+03
*            988.3257395   6     1    24     5       193  56 937.566E+00
*            988.3257430   5     1    11     2        52  56 515.282E+00
* Gp# 1[1,2,3,6,5] x,y,z = 19.28, 5.608, 11.83, q = 0.9552 dT[2, 7, 19, 27] Src Amplitude = 62.0
*            988.4215590   1     8    27     9       200  62   3.236E+03
*            988.4215610   2     8    29    13       209  63   5.565E+03
*            988.4215655   3     7    31     9       221  62   3.193E+03
*            988.4215775   6    29    28     7       229  58   1.554E+03
*            988.4215860   5    20    14     4       193  57 909.189E+00
* Gp# 1[1,3,2,6,5] x,y,z = 1.737, 3.481, 3.922, q = 0.9874 dT[2, 2, 22, 25] Src Amplitude = 61.0
*            988.5177040   1    12    25     7       195  61   2.075E+03
*            988.5177055   3    13    27     7       182  61   2.071E+03
*            988.5177060   2     1    21     8       135  61   3.356E+03
*            988.5177255   6     1    22     5       193  57 933.625E+00
*            988.5177290   5    20    10     2        52  55 509.544E+00
* Gp# 1[1,2,3,6,5] x,y,z = 6.692, 16.05, 1.987, q = 0.936 dT[0, 2, 17, 25] Src Amplitude = 62.0
*            988.6142270   1    12    29     9       195  62   3.177E+03
*            988.6142270   2     8    26    12       170  62   5.427E+03
*            988.6142285   3     7    32    10       224  62   3.263E+03
*            988.6142435   6     1    29     6       201  58   1.474E+03
*            988.6142520   5    20    12     2        55  57 776.949E+00
* Gp# 1[1,3,2,6,5] x,y,z = -0.08515, 5.929, 4.742, q = 0.9838 dT[2, 3, 22, 25] Src Amplitude = 60.0
*            991.0882850   1     9    25     7       195  60   2.083E+03
*            991.0882865   3    10    27     7       179  61   2.060E+03
*            991.0882880   2     2    21     9       170  60   3.490E+03
*            991.0883065   6     1    23     3       114  56 828.664E+00
*            991.0883100   5    20    11     2        55  56 514.486E+00
* Gp# 1[1,3,2,6,5] x,y,z = 1.747, 7.962, 3.665, q = 0.9787 dT[2, 2, 21, 25] Src Amplitude = 63.0
*            991.1851180   1    12    28     9       194  63   3.176E+03
*            991.1851195   3    13    32    10       220  63   3.272E+03
*            991.1851200   2    77    25    13       221  62   5.387E+03
*            991.1851385   6    25    27     7       233  58   1.557E+03
*            991.1851430   5     2    12     2        51  56 746.029E+00
* Gp# 1[1,3,2,6,5] x,y,z = 1.747, 7.962, 3.665, q = 0.9787 dT[2, 2, 21, 25] Src Amplitude = 61.0
*            991.2809610   1    12    25     7       194  61   2.090E+03
*            991.2809625   3    13    26     7       182  61   2.079E+03
*            991.2809630   2    77    23     9       164  61   3.494E+03
*            991.2809815   6    24    19     5       221  56 986.106E+00
*            991.2809860   5     2    10     2        51  55 505.560E+00
* Gp# 1[1,3,2,6,5] x,y,z = 1.747, 7.962, 3.665, q = 0.9787 dT[2, 2, 21, 25] Src Amplitude = 63.0
*            991.3770250   1    12    28     9       194  63   3.181E+03
*            991.3770265   3    13    32     9       214  63   3.246E+03
*            991.3770270   2     9    28    13       221  63   5.518E+03
*            991.3770455   6    21    28     7       233  57   1.544E+03
*            991.3770500   5     2    12     2        51  56 755.784E+00
* Gp# 1[1,3,2,6,5] x,y,z = 1.747, 7.962, 3.665, q = 0.9787 dT[2, 2, 21, 25] Src Amplitude = 63.0
*            991.5685120   1    12    28     9       194  63   3.172E+03
*            991.5685135   3    13    31     9       199  63   3.209E+03
*            991.5685140   2    77    27    14       267  62   5.527E+03
*            991.5685325   6    24    27     7       230  58   1.536E+03
*            991.5685370   5     5    13     3       112  57 834.283E+00
* Gp# 1[1,2,3,6,5] x,y,z = 9.135, 24.07, 2.815, q = 0.8451 dT[0, 2, 13, 25] Src Amplitude = 63.0
*            991.7601840   1    12    29     9       195  63   3.186E+03
*            991.7601840   2    11    27    12       170  62   5.399E+03
*            991.7601855   3    13    32    10       224  63   3.293E+03
*            991.7601965   6     1    29     7       229  58   1.543E+03
*            991.7602090   5    20    14     2        55  57 786.742E+00
* Gp# 1[1,3,2,6,5] x,y,z = 1.747, 7.962, 3.665, q = 0.9787 dT[2, 2, 21, 25] Src Amplitude = 61.0
*            994.2493300   1    12    25     7       194  61   2.092E+03
*            994.2493315   3     9    26     7       182  61   2.095E+03
*            994.2493320   2     1    22     9       170  60   3.516E+03
*            994.2493505   6    24    21     5       197  56 939.318E+00
*            994.2493550   5     5    10     2        54  55 522.412E+00
* Gp# 1[1,3,2,6,5] x,y,z = 6.265, 12.99, 9.248, q = 0.8964 dT[5, 5, 19, 28] Src Amplitude = 62.0
*            994.5388110   1    15    29     9       197  62   3.237E+03
*            994.5388155   3     9    31     9       223  62   3.277E+03
*            994.5388160   2    77    26    12       214  63   5.433E+03
*            994.5388295   6    29    29     7       232  58   1.552E+03
*            994.5388390   5     5    14     4       192  57 889.132E+00
* Gp# 1[1,2,3,6,5] x,y,z = 6.692, 16.05, 1.987, q = 0.936 dT[0, 2, 17, 25] Src Amplitude = 62.0
*            994.7304050   1     9    28     9       195  62   3.204E+03
*            994.7304050   2     8    28    15       337  63   5.838E+03
*            994.7304065   3    10    31    10       224  63   3.286E+03
*            994.7304215   6    29    29     6       199  58   1.455E+03
*            994.7304300   5    20    13     4       193  58 903.022E+00
* Gp# 1[1,3,2,6,5] x,y,z = 1.737, 3.481, 3.922, q = 0.9874 dT[2, 2, 22, 25] Src Amplitude = 61.0
*            994.8262510   1    12    26     7       195  61   2.093E+03
*            994.8262525   3    13    27     7       182  61   2.092E+03
*            994.8262530   2     6    23     9       138  61   3.406E+03
*            994.8262725   6     1    21     5       193  56 927.403E+00
*            994.8262760   5     1    11     2        52  55 505.556E+00
* Gp# 1[1,3,2,6,5] x,y,z = 4.47, 20.29, 3.188, q = 0.8938 dT[2, 2, 16, 25] Src Amplitude = 63.0
*            994.9223670   1    12    28     9       194  63   3.193E+03
*            994.9223685   3    13    33     9       214  63   3.252E+03
*            994.9223690   2    77    26    13       221  63   5.432E+03
*            994.9223825   6    29    29     7       238  58   1.568E+03
*            994.9223920   5     5    12     3       112  56 843.813E+00
* Gp# 1[1,3,2,6,5] x,y,z = 1.747, 7.962, 3.665, q = 0.9787 dT[2, 2, 21, 25] Src Amplitude = 61.0
*            997.3961150   1    12    26     7       194  61   2.094E+03
*            997.3961165   3     9    25     7       182  61   2.097E+03
*            997.3961170   2     2    21     9       170  61   3.440E+03
*            997.3961355   6    24    21     5       221  56 983.470E+00
*            997.3961400   5     5    10     2        51  55 505.091E+00
* Gp# 1[1,3,2,6,5] x,y,z = 4.47, 20.29, 3.188, q = 0.8938 dT[2, 2, 16, 25] Src Amplitude = 63.0
*            997.4929730   1    12    28     9       194  63   3.184E+03
*            997.4929745   3    13    32     9       211  63   3.242E+03
*            997.4929750   2    77    27    13       224  63   5.575E+03
*            997.4929885   6    29    29     7       238  57   1.571E+03
*            997.4929980   5     2    13     2        51  57 770.896E+00
* Gp# 1[1,3,2,6,5] x,y,z = 1.747, 7.962, 3.665, q = 0.9787 dT[2, 2, 21, 25] Src Amplitude = 61.0
*            997.5890780   1    12    25     7       194  61   2.085E+03
*            997.5890795   3    13    26     7       182  61   2.067E+03
*            997.5890800   2     1    22    10       170  61   3.620E+03
*            997.5890985   6    25    20     5       230  56   1.002E+03
*            997.5891030   5     2     9     2        51  55 497.327E+00
* Gp# 1[1,3,2,6,5] x,y,z = 4.47, 20.29, 3.188, q = 0.8938 dT[2, 2, 16, 25] Src Amplitude = 63.0
*            997.6848200   1    12    29     9       194  63   3.194E+03
*            997.6848215   3    13    31     9       211  63   3.231E+03
*            997.6848220   2    77    27    13       221  63   5.574E+03
*            997.6848355   6    30    28     7       238  58   1.553E+03
*            997.6848450   5     2    12     2        51  57 762.846E+00
* Gp# 1[1,3,2,6,5] x,y,z = 1.747, 7.962, 3.665, q = 0.9787 dT[2, 2, 21, 25] Src Amplitude = 61.0
*            997.7805640   1    12    25     7       194  61   2.095E+03
*            997.7805655   3     9    26     7       182  61   2.097E+03
*            997.7805660   2    77    21     9       170  61   3.395E+03
*            997.7805845   6    24    21     5       218  56 981.454E+00
*            997.7805890   5     2     9     2        51  55 508.022E+00
* Gp# 1[1,2,3,6,5] x,y,z = 6.692, 16.05, 1.987, q = 0.936 dT[0, 2, 17, 25] Src Amplitude = 62.0
*            997.8763360   1     9    28     9       198  62   3.210E+03
*            997.8763360   2     8    26    13       203  62   5.543E+03
*            997.8763375   3    10    31    10       224  63   3.272E+03
*            997.8763525   6    29    28     5       122  58   1.293E+03
*            997.8763610   5    20    13     2        55  58 794.592E+00
* Gp# 1[1,3,2,6,5] x,y,z = 1.747, 7.962, 3.665, q = 0.9787 dT[2, 2, 21, 25] Src Amplitude = 61.0
*            997.9722140   1    12    25     7       194  61   2.098E+03
*            997.9722155   3    13    27     7       182  61   2.105E+03
*            997.9722160   2    77    22     8       137  60   3.190E+03
*            997.9722345   6    24    20     5       224  56 991.013E+00
*            997.9722390   5     2    10     2        51  55 506.293E+00
* Gp# 1[1,3,2,6,5] x,y,z = 6.015, 25.75, 3.682, q = 0.8098 dT[2, 2, 13, 25] Src Amplitude = 63.0
*            998.0680280   1    12    29     9       195  63   3.201E+03
*            998.0680295   3    13    33    10       227  63   3.281E+03
*            998.0680300   2     6    25    12       168  63   5.297E+03
*            998.0680405   6     1    29     6       205  58   1.470E+03
*            998.0680530   5    20    14     2        55  57 784.504E+00
* Gp# 1[1,3,2,6,5] x,y,z = 1.747, 7.962, 3.665, q = 0.9787 dT[2, 2, 21, 25] Src Amplitude = 61.0
*           1000.4632080   1    12    25     7       194  61   2.099E+03
*           1000.4632095   3     9    25     7       182  61   2.099E+03
*           1000.4632100   2    77    21     9       167  61   3.376E+03
*           1000.4632285   6    24    21     5       224  56 992.455E+00
*           1000.4632330   5     5     9     2        51  56 506.700E+00
* Gp# 1[1,2,3,6,5] x,y,z = 6.692, 16.05, 1.987, q = 0.936 dT[0, 2, 17, 25] Src Amplitude = 62.0
*           1000.5600170   1     9    27     9       198  62   3.229E+03
*           1000.5600170   2     8    27    12       173  62   5.420E+03
*           1000.5600185   3    10    32    10       224  63   3.276E+03
*           1000.5600335   6    29    28     6       199  58   1.446E+03
*           1000.5600420   5    20    12     2        55  57 790.130E+00
* Gp# 1[1,3,2,6,5] x,y,z = 1.737, 3.481, 3.922, q = 0.9874 dT[2, 2, 22, 25] Src Amplitude = 60.0
*           1000.6558620   1     9    25     7       195  60   2.093E+03
*           1000.6558635   3    10    27     8       224  60   2.123E+03
*           1000.6558640   2     6    22     8       135  60   3.327E+03
*           1000.6558835   6     1    22     3        96  57 804.562E+00
*           1000.6558870   5    20    11     2        55  56 521.333E+00
* Gp# 1[1,2,3,5,6] x,y,z = 0.6162, 32.45, 1.291, q = 0.9806 dT[0, 2, 14, 17] Src Amplitude = 62.0
*           1000.7519810   1     9    28     9       198  62   3.219E+03
*           1000.7519810   2     8    29    12       176  62   5.389E+03
*           1000.7519825   3    10    31    10       224  63   3.297E+03
*           1000.7519950   5    31    14     3        66  57 827.666E+00
*           1000.7519975   6    12    29     6       199  58   1.434E+03
* Gp# 1[1,3,2,6,5] x,y,z = 1.747, 7.962, 3.665, q = 0.9787 dT[2, 2, 21, 25] Src Amplitude = 61.0
*           1000.8478100   1    12    25     7       194  61   2.099E+03
*           1000.8478115   3    13    26     7       182  61   2.089E+03
*           1000.8478120   2     9    22     9       164  61   3.499E+03
*           1000.8478305   6    21    22     5       221  56 988.069E+00
*           1000.8478350   5     2    10     2        51  54 500.022E+00
* Gp# 1[1,3,2,6,5] x,y,z = 6.265, 12.99, 9.248, q = 0.8964 dT[5, 5, 19, 28] Src Amplitude = 62.0
*           1000.9434660   1    15    28     9       200  62   3.251E+03
*           1000.9434705   3     9    30     9       220  62   3.252E+03
*           1000.9434710   2    77    27    13       221  63   5.535E+03
*           1000.9434845   6    29    28     7       238  58   1.562E+03
*           1000.9434940   5     5    13     4       192  57 886.762E+00
* Gp# 1[1,3,2,6,5] x,y,z = 1.747, 7.962, 3.665, q = 0.9787 dT[2, 2, 21, 25] Src Amplitude = 61.0
*           1001.0392470   1    12    25     7       194  61   2.102E+03
*           1001.0392485   3    13    27     7       182  61   2.099E+03
*           1001.0392490   2    77    23    12       335  61   3.847E+03
*           1001.0392675   6     1    21     5       230  56   1.006E+03
*           1001.0392720   5     2    10     2        51  55 515.939E+00
* Gp# 1[1,2,3,6,5] x,y,z = 6.692, 16.05, 1.987, q = 0.936 dT[0, 2, 17, 25] Src Amplitude = 62.0
*           1001.1350960   1     9    28     9       198  62   3.219E+03
*           1001.1350960   2     8    28    12       206  62   5.515E+03
*           1001.1350975   3    10    33    10       224  63   3.289E+03
*           1001.1351125   6    29    29     6       199  58   1.448E+03
*           1001.1351210   5    20    13     4       193  57 895.745E+00
* Gp# 1[1,3,2,6,5] x,y,z = 1.747, 7.962, 3.665, q = 0.9787 dT[2, 2, 21, 25] Src Amplitude = 61.0
*           1003.5332930   1    12    25     7       192  61   2.090E+03
*           1003.5332945   3    13    27     7       182  61   2.088E+03
*           1003.5332950   2     9    21     8       135  61   3.392E+03
*           1003.5333135   6     2    21     5       197  56 937.371E+00
*           1003.5333180   5     1    10     2        52  55 505.434E+00
* Gp# 1[1,3,2,6,5] x,y,z = 6.265, 12.99, 9.248, q = 0.8964 dT[5, 5, 19, 28] Src Amplitude = 63.0
*           1003.6293490   1    15    29     9       197  63   3.250E+03
*           1003.6293535   3    13    31     9       220  63   3.250E+03
*           1003.6293540   2    77    27    14       261  62   5.524E+03
*           1003.6293675   6    29    29     7       238  58   1.556E+03
*           1003.6293770   5     5    12     2        54  57 781.994E+00
* Gp# 1[1,3,2,6,5] x,y,z = 1.737, 3.481, 3.922, q = 0.9874 dT[2, 2, 22, 25] Src Amplitude = 61.0
*           1003.7251040   1    12    25     7       195  61   2.106E+03
*           1003.7251055   3    13    27     7       182  61   2.084E+03
*           1003.7251060   2     9    21     8       135  60   3.289E+03
*           1003.7251255   6     1    22     5       196  56 929.705E+00
*           1003.7251290   5    17    11     2        52  55 499.144E+00
* Gp# 1[1,3,2,5,6] x,y,z = -1.77, 40.24, 3.272, q = 1 dT[2, 2, 11, 13] Src Amplitude = 63.0
*           1003.8208380   1    12    29     9       195  63   3.219E+03
*           1003.8208395   3    13    33    10       224  63   3.300E+03
*           1003.8208400   2     9    27    15       332  63   5.837E+03
*           1003.8208490   5    34    15     3        69  56 834.933E+00
*           1003.8208505   6    29    30     7       229  58   1.546E+03
* Gp# 1[1,3,2,6,5] x,y,z = 1.747, 7.962, 3.665, q = 0.9787 dT[2, 2, 21, 25] Src Amplitude = 61.0
*           1003.9166120   1    12    26     7       194  61   2.102E+03
*           1003.9166135   3    13    26     7       182  61   2.090E+03
*           1003.9166140   2     1    22    10       224  60   3.485E+03
*           1003.9166325   6    24    20     5       224  56 989.570E+00
*           1003.9166370   5     2    10     2        51  55 504.235E+00
* Gp# 1[1,3,2,6,5] x,y,z = 6.015, 25.75, 3.682, q = 0.8098 dT[2, 2, 13, 25] Src Amplitude = 63.0
*           1004.0132920   1    12    28     9       194  63   3.202E+03
*           1004.0132935   3    13    31     9       214  63   3.237E+03
*           1004.0132940   2    77    27    13       224  63   5.536E+03
*           1004.0133045   6    29    29     7       241  58   1.564E+03
*           1004.0133170   5     1    14     2        52  56 763.562E+00
* Gp# 1[1,3,2,6,5] x,y,z = 3.936, 18.75, 3.291, q = 0.9166 dT[2, 2, 17, 25] Src Amplitude = 62.0
*           1004.2061490   1     9    28     9       195  62   3.221E+03
*           1004.2061505   3    10    32    10       224  63   3.246E+03
*           1004.2061510   2     6    27    13       227  62   5.633E+03
*           1004.2061655   6    12    29     6       201  58   1.459E+03
*           1004.2061740   5    20    13     4       193  57 881.281E+00
* Gp# 1[2,1,3,6,5] x,y,z = 6.851, 18.61, 2.666, q = 0.919 dT[1, 3, 17, 26] Src Amplitude = 61.0
*           1006.6222640   2     5    23     8       137  61   3.346E+03
*           1006.6222650   1     5    25     7       194  61   2.109E+03
*           1006.6222665   3     9    26     8       223  61   2.155E+03
*           1006.6222805   6    29    22     5       199  56 940.731E+00
*           1006.6222900   5     5    10     2        54  55 516.470E+00
* Gp# 1[1,3,2,6,5] x,y,z = 6.265, 12.99, 9.248, q = 0.8964 dT[5, 5, 19, 28] Src Amplitude = 62.0
*           1006.7191060   1    15    30     9       197  62   3.274E+03
*           1006.7191105   3     9    32     9       220  62   3.252E+03
*           1006.7191110   2    77    28    13       221  63   5.622E+03
*           1006.7191245   6    29    28     7       238  58   1.563E+03
*           1006.7191340   5     5    12     2        57  57 796.830E+00
* Gp# 1[1,3,2,6,5] x,y,z = 1.747, 7.962, 3.665, q = 0.9787 dT[2, 2, 21, 25] Src Amplitude = 61.0
*           1006.8149430   1    12    25     7       194  61   2.106E+03
*           1006.8149445   3    13    25     7       182  61   2.083E+03
*           1006.8149450   2     9    22     9       170  61   3.559E+03
*           1006.8149635   6    24    20     5       233  56   1.005E+03
*           1006.8149680   5     2     9     2        51  55 511.110E+00
* Gp# 1[1,3,2,6,5] x,y,z = 1.747, 7.962, 3.665, q = 0.9787 dT[2, 2, 21, 25] Src Amplitude = 63.0
*           1006.9107960   1    12    28     9       194  63   3.213E+03
*           1006.9107975   3    13    34     9       214  63   3.240E+03
*           1006.9107980   2    77    29    13       224  62   5.455E+03
*           1006.9108165   6    25    29     7       233  57   1.550E+03
*           1006.9108210   5     2    12     2        51  56 766.996E+00
* Gp# 1[1,2,3,6,5] x,y,z = 9.135, 24.07, 2.815, q = 0.8451 dT[0, 2, 13, 25] Src Amplitude = 63.0
*           1007.1026430   1    12    28     9       195  63   3.224E+03
*           1007.1026430   2    79    28    14       267  63   5.858E+03
*           1007.1026445   3    13    32    10       227  63   3.259E+03
*           1007.1026555   6    29    29     7       241  58   1.570E+03
*           1007.1026680   5    17    13     2        55  56 784.458E+00
* Gp# 1[1,3,2,6,5] x,y,z = 1.737, 3.481, 3.922, q = 0.9874 dT[2, 2, 22, 25] Src Amplitude = 61.0
*           1007.1983270   1    12    24     7       195  61   2.117E+03
*           1007.1983285   3    13    26     7       182  61   2.105E+03
*           1007.1983290   2     9    23     9       164  61   3.566E+03
*           1007.1983485   6     1    23     5       193  56 928.708E+00
*           1007.1983520   5    20    11     2        52  56 522.200E+00
* Gp# 1[1,3,2,6,5] x,y,z = 6.015, 25.75, 3.682, q = 0.8098 dT[2, 2, 13, 25] Src Amplitude = 63.0
*           1007.2941800   1    12    29     9       195  63   3.209E+03
*           1007.2941815   3    13    32     9       196  63   3.210E+03
*           1007.2941820   2     9    28    13       207  63   5.391E+03
*           1007.2941925   6    29    30     7       238  58   1.562E+03
*           1007.2942050   5     1    13     2        52  56 763.591E+00
* Gp# 1[1,3,2,6,5] x,y,z = 1.737, 3.481, 3.922, q = 0.9874 dT[2, 2, 22, 25] Src Amplitude = 61.0
*           1009.6883520   1    12    25     7       195  61   2.112E+03
*           1009.6883535   3    13    25     7       179  61   2.067E+03
*           1009.6883540   2     9    22    10       224  61   3.614E+03
*           1009.6883735   6     1    23     3        96  56 793.403E+00
*           1009.6883770   5    20    11     2        52  55 511.118E+00
* Gp# 1[1,3,2,6,5] x,y,z = 4.47, 20.29, 3.188, q = 0.8938 dT[2, 2, 16, 25] Src Amplitude = 63.0
*           1009.7851650   1    12    28     9       194  63   3.224E+03
*           1009.7851665   3    13    32     9       217  63   3.261E+03
*           1009.7851670   2     1    28    12       200  62   5.434E+03
*           1009.7851805   6    29    29     7       238  58   1.558E+03
*           1009.7851900   5     5    12     3       112  57 838.379E+00
* Gp# 1[1,3,2,6,5] x,y,z = 1.747, 7.962, 3.665, q = 0.9787 dT[2, 2, 21, 25] Src Amplitude = 61.0
*           1009.8810100   1    12    26     7       194  61   2.110E+03
*           1009.8810115   3    10    27     7       182  61   2.085E+03
*           1009.8810120   2     1    23    11       224  61   3.600E+03
*           1009.8810305   6    24    20     5       230  56 993.424E+00
*           1009.8810350   5     2     9     2        51  55 506.664E+00
* Gp# 1[1,3,2,6,5] x,y,z = 6.265, 12.99, 9.248, q = 0.8964 dT[5, 5, 19, 28] Src Amplitude = 63.0
*           1009.9771820   1    15    29     9       197  63   3.294E+03
*           1009.9771865   3     9    32    10       254  63   3.301E+03
*           1009.9771870   2    77    30    13       224  62   5.539E+03
*           1009.9772005   6    29    28     7       238  58   1.545E+03
*           1009.9772100   5     5    13     2        54  57 781.660E+00
* Gp# 1[1,3,2,6,5] x,y,z = 1.747, 7.962, 3.665, q = 0.9787 dT[2, 2, 21, 25] Src Amplitude = 61.0
*           1010.0729440   1    12    25     7       194  61   2.104E+03
*           1010.0729455   3    13    26     7       182  61   2.082E+03
*           1010.0729460   2     9    21     9       167  60   3.511E+03
*           1010.0729645   6    21    21     5       224  56 986.533E+00
*           1010.0729690   5     2    10     2        48  55 497.735E+00
* Gp# 1[1,3,2,6,5] x,y,z = 6.015, 25.75, 3.682, q = 0.8098 dT[2, 2, 13, 25] Src Amplitude = 63.0
*           1010.1686160   1    12    28     9       198  63   3.227E+03
*           1010.1686175   3    13    32    10       224  63   3.247E+03
*           1010.1686180   2     9    29    12       168  63   5.382E+03
*           1010.1686285   6     1    30     6       205  58   1.470E+03
*           1010.1686410   5    20    12     2        55  57 796.739E+00
* Gp# 1[1,3,2,6,5] x,y,z = 1.737, 3.481, 3.922, q = 0.9874 dT[2, 2, 22, 25] Src Amplitude = 61.0
*           1010.2643940   1    12    25     7       195  61   2.113E+03
*           1010.2643955   3    10    25     7       183  61   2.082E+03
*           1010.2643960   2     9    22     9       174  61   3.465E+03
*           1010.2644155   6     1    22     3        96  57 799.573E+00
*           1010.2644190   5    20    10     2        55  56 512.953E+00
* Gp# 1[1,3,2,6,5] x,y,z = 4.47, 20.29, 3.188, q = 0.8938 dT[2, 2, 16, 25] Src Amplitude = 63.0
*           1010.3602440   1    12    29     9       194  63   3.234E+03
*           1010.3602455   3    13    31     9       196  63   3.202E+03
*           1010.3602460   2    77    29    13       227  63   5.655E+03
*           1010.3602595   6    30    29     7       235  58   1.558E+03
*           1010.3602690   5     2    12     2        52  56 770.192E+00
* Gp# 1[1,3,2,6,5] x,y,z = 6.015, 25.75, 3.682, q = 0.8098 dT[2, 2, 13, 25] Src Amplitude = 63.0
*           1012.8544960   1    12    29     9       195  63   3.249E+03
*           1012.8544975   3     6    31    10       224  63   3.263E+03
*           1012.8544980   2     6    28    14       268  62   5.664E+03
*           1012.8545085   6     1    29     6       205  58   1.464E+03
*           1012.8545210   5    20    12     2        55  57 800.488E+00
* Gp# 1[1,3,2,6,5] x,y,z = 1.747, 7.962, 3.665, q = 0.9787 dT[2, 2, 21, 25] Src Amplitude = 61.0
*           1013.1417620   1    12    26     7       194  61   2.119E+03
*           1013.1417635   3     9    25     7       182  61   2.100E+03
*           1013.1417640   2     1    23    10       221  61   3.484E+03
*           1013.1417825   6    24    21     5       230  56 992.105E+00
*           1013.1417870   5     2    10     2        51  55 497.216E+00
* Gp# 1[1,3,2,6,5] x,y,z = 1.747, 7.962, 3.665, q = 0.9787 dT[2, 2, 21, 25] Src Amplitude = 63.0
*           1013.2384350   1    12    28     9       194  63   3.237E+03
*           1013.2384365   3    13    31     9       214  63   3.252E+03
*           1013.2384370   2    77    29    13       227  63   5.603E+03
*           1013.2384555   6    24    29     7       233  58   1.538E+03
*           1013.2384600   5     2    11     2        52  57 767.008E+00
* Gp# 1[1,3,2,6,5] x,y,z = 1.747, 7.962, 3.665, q = 0.9787 dT[2, 2, 21, 25] Src Amplitude = 61.0
*           1013.3344560   1    12    25     7       194  61   2.114E+03
*           1013.3344575   3    13    26     7       182  61   2.101E+03
*           1013.3344580   2    77    20     9       170  61   3.495E+03
*           1013.3344765   6    24    21     5       197  56 932.798E+00
*           1013.3344810   5     2    10     2        51  55 505.182E+00
* Gp# 1[1,3,2,6,5] x,y,z = 1.747, 7.962, 3.665, q = 0.9787 dT[2, 2, 21, 25] Src Amplitude = 63.0
*           1013.4302950   1    12    29     9       194  63   3.229E+03
*           1013.4302965   3    13    30     9       220  63   3.259E+03
*           1013.4302970   2     9    31    13       224  62   5.493E+03
*           1013.4303155   6    24    28     7       233  58   1.542E+03
*           1013.4303200   5     5    13     2        51  57 781.544E+00
* Gp# 1[1,3,2,6,5] x,y,z = 1.737, 3.481, 3.922, q = 0.9874 dT[2, 2, 22, 25] Src Amplitude = 61.0
*           1015.7985820   1    12    25     7       195  61   2.134E+03
*           1015.7985835   3     6    26     8       224  61   2.145E+03
*           1015.7985840   2     6    23     9       168  61   3.457E+03
*           1015.7986035   6     1    23     3        96  56 789.714E+00
*           1015.7986070   5    20    11     2        55  55 512.854E+00
* Gp# 1[1,2,3,5,6] x,y,z = -0.9468, 27.98, 1.48, q = 0.9257 dT[0, 2, 14, 21] Src Amplitude = 62.0
*           1015.8943350   1    12    29     9       198  62   3.256E+03
*           1015.8943350   2     8    29    12       173  62   5.302E+03
*           1015.8943365   3    10    31    10       224  63   3.266E+03
*           1015.8943490   5    31    12     3        66  58 839.151E+00
*           1015.8943555   6     8    28     4       118  58   1.273E+03
* Gp# 1[1,3,2,5,6] x,y,z = -2.125, 33.58, 3.019, q = 1 dT[2, 2, 14, 17] Src Amplitude = 63.0
*           1016.0872420   1    12    29     9       195  63   3.246E+03
*           1016.0872435   3     6    31    10       224  63   3.257E+03
*           1016.0872440   2     6    27    12       168  62   5.431E+03
*           1016.0872560   5    31    13     3        66  57 835.587E+00
*           1016.0872585   6     1    29     6       201  58   1.447E+03
* Gp# 1[1,3,2,6,5] x,y,z = 1.747, 7.962, 3.665, q = 0.9787 dT[2, 2, 21, 25] Src Amplitude = 63.0
*           1016.2787280   1    12    28     9       194  63   3.242E+03
*           1016.2787295   3    13    32     9       196  63   3.203E+03
*           1016.2787300   2     9    27    13       224  63   5.604E+03
*           1016.2787485   6    21    28     7       230  58   1.530E+03
*           1016.2787530   5     2    13     2        51  57 765.078E+00
* Gp# 1[1,3,2,6,5] x,y,z = -0.08515, 5.929, 4.742, q = 0.9838 dT[2, 3, 22, 25] Src Amplitude = 60.0
*           1016.3745610   1     9    24     7       195  60   2.143E+03
*           1016.3745625   3    10    26     7       183  61   2.097E+03
*           1016.3745640   2     2    22     9       170  60   3.548E+03
*           1016.3745825   6     7    22     5       194  57 927.923E+00
*           1016.3745860   5    20    10     2        55  56 527.265E+00
* Gp# 1[1,3,2,6,5] x,y,z = 3.209, 15.64, 7.453, q = 0.9061 dT[4, 5, 19, 27] Src Amplitude = 62.0
*           1016.4703920   1     8    29     9       200  62   3.310E+03
*           1016.4703955   3    10    31     9       224  62   3.261E+03
*           1016.4703970   2    77    27    14       267  62   5.644E+03
*           1016.4704105   6    29    27     7       232  58   1.531E+03
*           1016.4704190   5    20    12     3       113  57 848.434E+00
* Gp# 1[1,3,2,6,5] x,y,z = 6.015, 25.75, 3.682, q = 0.8098 dT[2, 2, 13, 25] Src Amplitude = 63.0
*           1018.9524030   1    12    29     9       195  63   3.248E+03
*           1018.9524045   3    13    31     9       196  63   3.218E+03
*           1018.9524050   2     9    27    12       167  62   5.151E+03
*           1018.9524155   6    29    31     7       229  58   1.533E+03
*           1018.9524280   5    17    12     2        55  57 793.788E+00
* Gp# 1[1,3,2,6,5] x,y,z = 6.015, 25.75, 3.682, q = 0.8098 dT[2, 2, 13, 25] Src Amplitude = 63.0
*           1019.1443230   1    12    29     9       195  63   3.251E+03
*           1019.1443245   3    13    31    10       227  63   3.263E+03
*           1019.1443250   2     9    29    14       265  62   5.659E+03
*           1019.1443355   6     1    30     7       229  58   1.529E+03
*           1019.1443480   5    20    13     2        55  57 793.585E+00
* Gp# 1[1,3,2,6,5] x,y,z = 1.747, 7.962, 3.665, q = 0.9787 dT[2, 2, 21, 25] Src Amplitude = 61.0
*           1019.2400160   1    12    26     7       194  61   2.141E+03
*           1019.2400175   3    13    27     7       182  61   2.080E+03
*           1019.2400180   2     1    22     8       135  61   3.340E+03
*           1019.2400365   6    21    21     5       197  55 931.728E+00
*           1019.2400410   5     2     9     2        48  54 495.078E+00
* Gp# 1[2,1,3,6,5] x,y,z = 6.854, 1.202, 1.912, q = 0.9885 dT[1, 3, 22, 26] Src Amplitude = 62.0
*           1019.3357840   2    12    27    13       224  62   5.602E+03
*           1019.3357850   1    12    29     9       194  63   3.255E+03
*           1019.3357865   3    13    30     9       214  63   3.224E+03
*           1019.3358055   6    24    29     7       233  58   1.532E+03
*           1019.3358100   5     5    12     2        51  57 777.114E+00
* Gp# 1[1,3,2,6,5] x,y,z = 1.747, 7.962, 3.665, q = 0.9787 dT[2, 2, 21, 25] Src Amplitude = 61.0
*           1019.4316440   1     9    24     7       195  61   2.140E+03
*           1019.4316455   3    13    27     7       182  61   2.072E+03
*           1019.4316460   2     9    22    10       224  61   3.486E+03
*           1019.4316645   6     2    22     5       197  56 936.175E+00
*           1019.4316690   5     1    11     2        52  55 513.845E+00
* Gp# 1[1,3,2,6,5] x,y,z = 6.015, 25.75, 3.682, q = 0.8098 dT[2, 2, 13, 25] Src Amplitude = 63.0
*           1019.5282900   1    12    29     9       195  63   3.258E+03
*           1019.5282915   3    13    31     9       182  63   3.179E+03
*           1019.5282920   2     9    26    12       168  63   5.312E+03
*           1019.5283025   6     1    30     6       205  58   1.457E+03
*           1019.5283150   5    20    13     2        55  57 789.349E+00
* Gp# 1[1,3,2,6,5] x,y,z = 1.737, 3.481, 3.922, q = 0.9874 dT[2, 2, 22, 25] Src Amplitude = 61.0
*           1022.0005080   1    12    25     7       195  61   2.136E+03
*           1022.0005095   3    13    26     7       182  61   2.076E+03
*           1022.0005100   2     9    23     9       138  61   3.414E+03
*           1022.0005295   6     1    22     5       196  56 939.491E+00
*           1022.0005330   5     1    11     2        52  56 526.827E+00
* Gp# 1[1,3,2,6,5] x,y,z = 4.47, 20.29, 3.188, q = 0.8938 dT[2, 2, 16, 25] Src Amplitude = 63.0
*           1022.0973490   1    12    28     9       194  63   3.269E+03
*           1022.0973505   3    13    32     9       214  63   3.213E+03
*           1022.0973510   2    77    29    13       224  62   5.448E+03
*           1022.0973645   6    29    29     7       238  58   1.556E+03
*           1022.0973740   5     5    12     2        51  57 773.707E+00
* Gp# 1[1,3,2,6,5] x,y,z = 1.737, 3.481, 3.922, q = 0.9874 dT[2, 2, 22, 25] Src Amplitude = 61.0
*           1022.1934350   1    12    24     7       195  61   2.142E+03
*           1022.1934365   3     7    25     7       183  61   2.079E+03
*           1022.1934370   2     6    22     9       168  60   3.438E+03
*           1022.1934565   6     1    23     3        96  56 787.279E+00
*           1022.1934600   5    20    11     2        55  56 522.546E+00
* Gp# 1[1,3,2,6,5] x,y,z = 1.747, 7.962, 3.665, q = 0.9787 dT[2, 2, 21, 25] Src Amplitude = 63.0
*           1022.2892080   1    12    28     9       194  63   3.263E+03
*           1022.2892095   3    13    30     9       214  63   3.252E+03
*           1022.2892100   2    77    28    13       224  62   5.392E+03
*           1022.2892285   6    25    29     7       233  57   1.540E+03
*           1022.2892330   5     2    12     2        51  57 771.958E+00
* Gp# 1[1,2,3,6,5] x,y,z = 5.277, 10.95, 5.592, q = 0.9839 dT[2, 4, 21, 25] Src Amplitude = 60.0
*           1022.3849570   1     5    24     7       194  60   2.143E+03
*           1022.3849590   2    77    25     9       170  60   3.404E+03
*           1022.3849605   3     7    25     7       180  61   2.035E+03
*           1022.3849775   6    24    21     5       194  56 927.485E+00
*           1022.3849820   5    19     9     2        51  56 512.439E+00
* Gp# 1[1,2,3,6,5] x,y,z = 6.692, 16.05, 1.987, q = 0.936 dT[0, 2, 17, 25] Src Amplitude = 63.0
*           1022.4807250   1    12    28     9       198  63   3.294E+03
*           1022.4807250   2     5    27    13       229  63   5.645E+03
*           1022.4807265   3     6    30    10       224  63   3.245E+03
*           1022.4807415   6     1    30     6       201  58   1.451E+03
*           1022.4807500   5    20    13     2        55  57 782.719E+00
* Gp# 1[1,3,2,6,5] x,y,z = 1.747, 7.962, 3.665, q = 0.9787 dT[2, 2, 21, 25] Src Amplitude = 61.0
*           1022.5765700   1    12    25     7       194  61   2.155E+03
*           1022.5765715   3     9    27     7       182  61   2.077E+03
*           1022.5765720   2     1    23    10       224  61   3.560E+03
*           1022.5765905   6    24    23     5       230  56 993.339E+00
*           1022.5765950   5     5     9     2        51  55 511.857E+00
* Gp# 1[1,3,2,6,5] x,y,z = 6.015, 25.75, 3.682, q = 0.8098 dT[2, 2, 13, 25] Src Amplitude = 63.0
*           1022.6726000   1    12    28     9       198  63   3.277E+03
*           1022.6726015   3    13    32    11       310  63   3.319E+03
*           1022.6726020   2     9    28    11       164  62   5.251E+03
*           1022.6726125   6     1    30     6       205  58   1.460E+03
*           1022.6726250   5    20    12     2        55  57 797.301E+00
* Gp# 1[1,3,2,6,5] x,y,z = 1.737, 3.481, 3.922, q = 0.9874 dT[2, 2, 22, 25] Src Amplitude = 61.0
*           1025.2213140   1    12    24     7       195  61   2.137E+03
*           1025.2213155   3    10    25     8       224  61   2.119E+03
*           1025.2213160   2     6    24    11       224  61   3.705E+03
*           1025.2213355   6     1    22     3       114  56 821.553E+00
*           1025.2213390   5    20    10     2        55  56 518.919E+00
* Gp# 1[1,3,2,6,5] x,y,z = 1.747, 7.962, 3.665, q = 0.9787 dT[2, 2, 21, 25] Src Amplitude = 63.0
*           1025.3181830   1    12    29     9       195  63   3.271E+03
*           1025.3181845   3    13    32    10       310  63   3.297E+03
*           1025.3181850   2     9    26    13       224  62   5.404E+03
*           1025.3182035   6    21    29     6       221  58   1.491E+03
*           1025.3182080   5     2    12     2        52  56 780.057E+00
* Gp# 1[1,2,3,6,5] x,y,z = 5.277, 10.95, 5.592, q = 0.9839 dT[2, 4, 21, 25] Src Amplitude = 60.0
*           1025.4140050   1     5    24     7       194  60   2.149E+03
*           1025.4140070   2     5    22     8       137  60   3.320E+03
*           1025.4140085   3     7    25     7       180  61   2.028E+03
*           1025.4140255   6    24    22     5       194  56 915.980E+00
*           1025.4140300   5     5    11     2        54  56 520.426E+00
* Gp# 1[1,2,3,5,6] x,y,z = 0.6162, 32.45, 1.291, q = 0.9806 dT[0, 2, 14, 17] Src Amplitude = 62.0
*           1025.5100710   1     9    29     9       198  62   3.300E+03
*           1025.5100710   2     5    27    13       209  62   5.640E+03
*           1025.5100725   3    10    31     9       224  63   3.243E+03
*           1025.5100850   5    31    14     4       204  58 936.712E+00
*           1025.5100875   6    12    29     6       199  58   1.430E+03
* Gp# 1[1,3,2,5,6] x,y,z = -6.421, 32.83, 3.538, q = 0.8512 dT[2, 2, 11, 21] Src Amplitude = 63.0
*           1025.7015590   1    12    28     9       195  63   3.273E+03
*           1025.7015605   3    13    31     9       214  63   3.218E+03
*           1025.7015610   2     9    27    13       221  63   5.425E+03
*           1025.7015700   5    16    14     3        66  57 833.236E+00
*           1025.7015795   6    25    29     7       233  57   1.533E+03
* Gp# 1[1,2,3,6,5] x,y,z = 3.123, 36.33, 1.413, q = 1 dT[0, 2, 13, 14] Src Amplitude = 62.0
*           1025.8940310   1    12    28     9       198  62   3.281E+03
*           1025.8940310   2     8    26    12       170  62   5.261E+03
*           1025.8940325   3    10    32    10       224  63   3.264E+03
*           1025.8940435   6    16    29     5       168  58   1.343E+03
*           1025.8940450   5    31    13     4       204  57 939.412E+00
* Gp# 1[1,3,2,6,5] x,y,z = 6.015, 25.75, 3.682, q = 0.8098 dT[2, 2, 13, 25] Src Amplitude = 63.0
*           1028.4900520   1    12    29     9       195  63   3.282E+03
*           1028.4900535   3    13    32    10       224  63   3.250E+03
*           1028.4900540   2     9    27    12       168  62   5.147E+03
*           1028.4900645   6    29    31     6       205  58   1.454E+03
*           1028.4900770   5    20    12     2        52  57 784.198E+00
* Gp# 1[1,3,2,6,5] x,y,z = 1.737, 3.481, 3.922, q = 0.9874 dT[2, 2, 22, 25] Src Amplitude = 61.0
*           1028.5868990   1    12    25     7       195  61   2.146E+03
*           1028.5869005   3    13    27     7       179  61   2.066E+03
*           1028.5869010   2     9    22     9       164  61   3.478E+03
*           1028.5869205   6     1    24     5       193  56 924.661E+00
*           1028.5869240   5     1    11     2        52  56 513.352E+00
* Gp# 1[1,2,3,5,6] x,y,z = 0.6162, 32.45, 1.291, q = 0.9806 dT[0, 2, 14, 17] Src Amplitude = 62.0
*           1028.6827630   1     9    27     9       198  62   3.311E+03
*           1028.6827630   2    80    25    12       170  62   5.415E+03
*           1028.6827645   3    10    32     9       221  62   3.256E+03
*           1028.6827770   5    31    12     4       204  57 939.664E+00
*           1028.6827795   6    29    29     7       232  58   1.530E+03
* Gp# 1[1,2,3,6,5] x,y,z = 9.648, 8.113, 6.056, q = 0.9384 dT[2, 4, 19, 27] Src Amplitude = 62.0
*           1028.8746570   1     8    29     9       200  62   3.336E+03
*           1028.8746590   2     8    30    14       264  62   5.589E+03
*           1028.8746605   3    10    31     9       221  63   3.255E+03
*           1028.8746755   6    29    29     7       235  58   1.553E+03
*           1028.8746840   5    20    13     3       113  57 854.876E+00
* Gp# 1[1,3,2,6,5] x,y,z = 1.747, 7.962, 3.665, q = 0.9787 dT[2, 2, 21, 25] Src Amplitude = 61.0
*           1028.9703480   1    12    25     7       192  61   2.133E+03
*           1028.9703495   3    13    28     7       182  61   2.060E+03
*           1028.9703500   2     9    24    10       204  61   3.553E+03
*           1028.9703685   6    21    23     5       200  56 938.142E+00
*           1028.9703730   5     2    10     2        51  55 513.687E+00
* Gp# 1[1,3,2,6,5] x,y,z = 6.265, 12.99, 9.248, q = 0.8964 dT[5, 5, 19, 28] Src Amplitude = 62.0
*           1029.0661180   1    15    30     9       200  62   3.343E+03
*           1029.0661225   3     9    31     9       211  63   3.218E+03
*           1029.0661230   2    77    29    13       224  62   5.478E+03
*           1029.0661365   6    29    29     7       238  58   1.548E+03
*           1029.0661460   5     5    12     3       112  57 847.458E+00
* Gp# 1[1,2,3,6,5] x,y,z = 9.648, 8.113, 6.056, q = 0.9384 dT[2, 4, 19, 27] Src Amplitude = 62.0
*           1031.5531790   1     8    29     9       200  62   3.348E+03
*           1031.5531810   2    80    29    13       224  62   5.446E+03
*           1031.5531825   3    10    31     9       197  62   3.203E+03
*           1031.5531975   6    29    28     7       235  58   1.541E+03
*           1031.5532060   5     6    13     4       193  58 908.732E+00
* Gp# 1[1,3,2,6,5] x,y,z = 1.737, 3.481, 3.922, q = 0.9874 dT[2, 2, 22, 25] Src Amplitude = 61.0
*           1031.6489650   1    12    24     7       195  61   2.161E+03
*           1031.6489665   3    13    24     7       176  61   2.045E+03
*           1031.6489670   2     1    26     9       171  62   3.522E+03
*           1031.6489865   6     1    24     3        96  56 784.661E+00
*           1031.6489900   5    20    11     2        52  56 519.864E+00
* Gp# 1[1,3,2,6,5] x,y,z = 3.936, 18.75, 3.291, q = 0.9166 dT[2, 2, 17, 25] Src Amplitude = 63.0
*           1031.7448020   1    12    29     9       195  63   3.290E+03
*           1031.7448035   3    13    32    10       224  63   3.231E+03
*           1031.7448040   2     9    26    12       204  62   5.356E+03
*           1031.7448185   6    25    29     6       201  58   1.457E+03
*           1031.7448270   5    20    12     2        55  57 800.006E+00
* Gp# 1[1,3,2,6,5] x,y,z = 1.747, 7.962, 3.665, q = 0.9787 dT[2, 2, 21, 25] Src Amplitude = 61.0
*           1031.8406600   1    12    25     7       194  61   2.162E+03
*           1031.8406615   3    13    26     7       182  61   2.081E+03
*           1031.8406620   2    77    21     9       167  60   3.275E+03
*           1031.8406805   6    24    22     5       200  56 942.585E+00
*           1031.8406850   5     2    10     2        48  55 508.310E+00
* Gp# 1[1,2,3,5,6] x,y,z = 0.6162, 32.45, 1.291, q = 0.9806 dT[0, 2, 14, 17] Src Amplitude = 62.0
*           1031.9367020   1    12    29     9       198  62   3.309E+03
*           1031.9367020   2     8    27    12       170  62   5.328E+03
*           1031.9367035   3    10    31     9       224  63   3.244E+03
*           1031.9367160   5    31    12     3        66  58 839.391E+00
*           1031.9367185   6    12    29     7       226  58   1.504E+03
* Gp# 1[1,3,2,6,5] x,y,z = 1.747, 7.962, 3.665, q = 0.9787 dT[2, 2, 21, 25] Src Amplitude = 61.0
*           1032.0324660   1    12    25     7       194  61   2.172E+03
*           1032.0324675   3    10    26     7       182  61   2.082E+03
*           1032.0324680   2     9    25     8       137  60   3.183E+03
*           1032.0324865   6    24    20     5       200  56 933.892E+00
*           1032.0324910   5     2    10     2        51  56 523.580E+00
* Gp# 1[1,3,2,5,6] x,y,z = -2.125, 33.58, 3.019, q = 1 dT[2, 2, 14, 17] Src Amplitude = 63.0
*           1032.1281840   1    12    29     9       195  63   3.308E+03
*           1032.1281855   3     6    31     9       224  63   3.233E+03
*           1032.1281860   2     6    27    12       204  62   5.479E+03
*           1032.1281980   5    31    13     4       204  57 942.969E+00
*           1032.1282005   6     1    29     6       187  58   1.393E+03
* Gp# 1[1,3,2,6,5] x,y,z = 1.747, 7.962, 3.665, q = 0.9787 dT[2, 2, 21, 25] Src Amplitude = 60.0
*           1034.5073710   1    12    25     7       194  60   2.159E+03
*           1034.5073725   3     9    25     7       182  61   2.082E+03
*           1034.5073730   2    77    23     9       164  60   3.384E+03
*           1034.5073915   6    24    22     5       224  56 977.906E+00
*           1034.5073960   5     5     9     2        51  56 515.274E+00
* Gp# 1[1,2,3,6,5] x,y,z = 9.648, 8.113, 6.056, q = 0.9384 dT[2, 4, 19, 27] Src Amplitude = 62.0
*           1034.6034490   1     8    29     9       200  62   3.354E+03
*           1034.6034510   2    80    27    13       224  62   5.594E+03
*           1034.6034525   3    10    30     9       221  63   3.235E+03
*           1034.6034675   6    29    30     7       235  58   1.536E+03
*           1034.6034760   5    20    14     2        55  57 796.571E+00
* Gp# 1[1,3,2,6,5] x,y,z = -3.244, 9.699, 6.306, q = 0.9749 dT[2, 5, 22, 25] Src Amplitude = 61.0
*           1034.7003020   1     9    24     7       195  61   2.161E+03
*           1034.7003035   3    10    26     8       224  61   2.136E+03
*           1034.7003070   2     3    21     9       165  61   3.249E+03
*           1034.7003235   6     1    24     3       114  57 814.084E+00
*           1034.7003270   5    20    11     2        55  56 522.491E+00
* Gp# 1[1,3,2,6,5] x,y,z = 6.265, 12.99, 9.248, q = 0.8964 dT[5, 5, 19, 28] Src Amplitude = 63.0
*           1034.7960420   1    15    29     9       197  63   3.346E+03
*           1034.7960465   3    13    30     9       220  63   3.251E+03
*           1034.7960470   2    77    29    13       221  63   5.290E+03
*           1034.7960605   6    29    29     7       238  58   1.558E+03
*           1034.7960700   5     5    13     2        51  57 773.737E+00
* Gp# 1[1,3,2,6,5] x,y,z = 4.47, 20.29, 3.188, q = 0.8938 dT[2, 2, 16, 25] Src Amplitude = 63.0
*           1034.9876100   1    12    27     9       194  63   3.296E+03
*           1034.9876115   3    13    31     9       214  63   3.223E+03
*           1034.9876120   2    77    29    13       224  62   5.528E+03
*           1034.9876255   6    29    29     7       238  58   1.551E+03
*           1034.9876350   5     5    12     2        51  57 785.511E+00
* Gp# 1[1,3,2,6,5] x,y,z = 1.747, 7.962, 3.665, q = 0.9787 dT[2, 2, 21, 25] Src Amplitude = 61.0
*           1035.0834310   1    12    26     7       194  61   2.159E+03
*           1035.0834325   3    10    25     7       182  61   2.067E+03
*           1035.0834330   2     1    23     9       170  61   3.485E+03
*           1035.0834515   6    24    22     5       197  56 928.256E+00
*           1035.0834560   5     2    10     2        51  55 513.870E+00
* Gp# 1[1,2,3,6,5] x,y,z = 9.648, 8.113, 6.056, q = 0.9384 dT[2, 4, 19, 27] Src Amplitude = 62.0
*           1035.1792810   1    11    29     9       200  62   3.357E+03
*           1035.1792830   2     8    29    12       173  63   5.446E+03
*           1035.1792845   3    10    31     9       221  63   3.232E+03
*           1035.1792995   6    29    29     7       235  58   1.545E+03
*           1035.1793080   5    20    14     4       193  58 903.228E+00
* Gp# 1[1,3,2,6,5] x,y,z = 1.747, 7.962, 3.665, q = 0.9787 dT[2, 2, 21, 25] Src Amplitude = 61.0
*           1037.5702370   1    12    26     7       194  61   2.155E+03
*           1037.5702385   3    13    26     7       182  61   2.068E+03
*           1037.5702390   2     1    23     9       170  60   3.419E+03
*           1037.5702575   6    24    22     5       197  55 926.843E+00
*           1037.5702620   5     2     9     2        48  55 511.755E+00
* Gp# 1[1,2,3,6,5] x,y,z = 9.648, 8.113, 6.056, q = 0.9384 dT[2, 4, 19, 27] Src Amplitude = 62.0
*           1037.6662660   1    15    29     9       197  62   3.359E+03
*           1037.6662680   2     8    29    13       224  62   5.543E+03
*           1037.6662695   3    10    32     9       215  62   3.204E+03
*           1037.6662845   6    29    30     7       238  58   1.547E+03
*           1037.6662930   5     6    14     2        55  58 800.842E+00
* Gp# 1[1,3,2,6,5] x,y,z = 1.737, 3.481, 3.922, q = 0.9874 dT[2, 2, 22, 25] Src Amplitude = 61.0
*           1037.7624000   1    12    24     7       195  61   2.171E+03
*           1037.7624015   3    13    26     8       224  61   2.121E+03
*           1037.7624020   2     9    22     8       138  61   3.317E+03
*           1037.7624215   6     1    22     3        96  56 786.092E+00
*           1037.7624250   5    20    11     2        55  56 530.455E+00
* Gp# 1[1,3,2,6,5] x,y,z = 3.209, 15.64, 7.453, q = 0.9061 dT[4, 5, 19, 27] Src Amplitude = 62.0
*           1037.8581600   1    15    28     9       197  62   3.348E+03
*           1037.8581635   3    10    31     9       215  62   3.240E+03
*           1037.8581650   2    77    28    12       170  62   5.234E+03
*           1037.8581785   6    29    30     7       238  58   1.541E+03
*           1037.8581870   5     6    13     2        58  57 797.271E+00
* Gp# 1[1,3,2,6,5] x,y,z = 1.747, 7.962, 3.665, q = 0.9787 dT[2, 2, 21, 25] Src Amplitude = 61.0
*           1037.9539270   1    12    25     7       192  61   2.156E+03
*           1037.9539285   3    13    28     8       224  61   2.129E+03
*           1037.9539290   2    77    22    10       224  61   3.518E+03
*           1037.9539475   6     1    24     5       197  56 929.158E+00
*           1037.9539520   5     2    10     2        51  55 511.901E+00
* Gp# 1[1,3,2,6,5] x,y,z = 1.747, 7.962, 3.665, q = 0.9787 dT[2, 2, 21, 25] Src Amplitude = 63.0
*           1038.0496570   1    12    28     9       194  63   3.306E+03
*           1038.0496585   3    13    31    10       310  63   3.314E+03
*           1038.0496590   2     9    29    13       227  63   5.601E+03
*           1038.0496775   6    24    29     7       230  58   1.527E+03
*           1038.0496820   5     2    12     3       112  57 870.221E+00
* Gp# 1[1,2,3,6,5] x,y,z = 5.277, 10.95, 5.592, q = 0.9839 dT[2, 4, 21, 25] Src Amplitude = 60.0
*           1038.1455120   1    12    25     7       194  60   2.167E+03
*           1038.1455140   2    77    23     9       170  60   3.356E+03
*           1038.1455155   3     7    26     7       180  61   2.023E+03
*           1038.1455325   6    24    21     5       230  56 988.922E+00
*           1038.1455370   5     5    10     2        51  56 519.001E+00
* Gp# 1[1,2,3,6,5] x,y,z = 9.135, 24.07, 2.815, q = 0.8451 dT[0, 2, 13, 25] Src Amplitude = 63.0
*           1038.2421730   1    12    29     9       198  63   3.320E+03
*           1038.2421730   2    11    26    13       224  63   5.431E+03
*           1038.2421745   3     6    31     9       186  63   3.186E+03
*           1038.2421855   6     1    30     5       171  58   1.347E+03
*           1038.2421980   5    20    12     2        55  57 796.835E+00
* Gp# 1[1,3,2,6,5] x,y,z = 1.737, 3.481, 3.922, q = 0.9874 dT[2, 2, 22, 25] Src Amplitude = 61.0
*           1040.6113430   1    12    25     7       195  61   2.174E+03
*           1040.6113445   3     6    26     7       183  61   2.059E+03
*           1040.6113450   2     6    24    10       204  61   3.527E+03
*           1040.6113645   6     1    24     3       114  56 801.846E+00
*           1040.6113680   5    20    10     2        55  56 528.280E+00
* Gp# 1[1,3,2,6,5] x,y,z = 6.265, 12.99, 9.248, q = 0.8964 dT[5, 5, 19, 28] Src Amplitude = 63.0
*           1040.7073730   1    15    29     9       197  63   3.367E+03
*           1040.7073775   3    13    31    10       310  63   3.301E+03
*           1040.7073780   2    77    28    13       221  62   5.340E+03
*           1040.7073915   6    29    29     7       238  58   1.545E+03
*           1040.7074010   5     5    11     2        52  57 787.051E+00
* Gp# 1[1,3,2,6,5] x,y,z = 6.265, 12.99, 9.248, q = 0.8964 dT[5, 5, 19, 28] Src Amplitude = 63.0
*           1040.8990670   1    15    28     9       197  63   3.370E+03
*           1040.8990715   3     9    30    10       310  63   3.284E+03
*           1040.8990720   2    77    28    13       224  62   5.590E+03
*           1040.8990855   6    29    28     7       238  58   1.541E+03
*           1040.8990950   5     5    11     3       112  57 851.090E+00
* Gp# 1[1,3,2,6,5] x,y,z = 1.747, 7.962, 3.665, q = 0.9787 dT[2, 2, 21, 25] Src Amplitude = 61.0
*           1040.9951440   1    12    26     7       194  61   2.167E+03
*           1040.9951455   3     9    25     7       182  61   2.067E+03
*           1040.9951460   2     1    21     9       167  61   3.377E+03
*           1040.9951645   6    24    21     5       224  56 975.748E+00
*           1040.9951690   5     5    10     2        51  55 524.781E+00
* Gp# 1[1,3,2,6,5] x,y,z = 6.015, 25.75, 3.682, q = 0.8098 dT[2, 2, 13, 25] Src Amplitude = 63.0
*           1041.0908820   1    12    29     9       195  63   3.316E+03
*           1041.0908835   3    13    32     9       183  63   3.178E+03
*           1041.0908840   2     9    28    13       227  62   5.429E+03
*           1041.0908945   6    29    30     6       208  58   1.468E+03
*           1041.0909070   5    20    13     2        52  57 780.371E+00
* Gp# 1[1,3,2,6,5] x,y,z = 1.747, 7.962, 3.665, q = 0.9787 dT[2, 2, 21, 25] Src Amplitude = 61.0
*           1041.1866310   1    12    25     7       192  61   2.151E+03
*           1041.1866325   3    13    26     7       182  61   2.074E+03
*           1041.1866330   2     1    21     8       135  61   3.202E+03
*           1041.1866515   6     1    23     5       197  56 928.905E+00
*           1041.1866560   5     2     9     2        48  55 508.643E+00
* Gp# 1[1,3,2,6,5] x,y,z = 1.747, 7.962, 3.665, q = 0.9787 dT[2, 2, 21, 25] Src Amplitude = 63.0
*           1041.2824800   1    12    29     9       194  63   3.308E+03
*           1041.2824815   3    13    31     9       214  63   3.208E+03
*           1041.2824820   2     9    27    13       224  63   5.526E+03
*           1041.2825005   6    24    29     7       233  58   1.525E+03
*           1041.2825050   5     5    11     2        51  57 781.279E+00
* Gp# 1[1,3,2,6,5] x,y,z = 1.747, 7.962, 3.665, q = 0.9787 dT[2, 2, 21, 25] Src Amplitude = 61.0
*           1043.6905980   1    12    25     7       191  61   2.160E+03
*           1043.6905995   3    13    26     7       182  61   2.061E+03
*           1043.6906000   2     9    23     9       170  61   3.410E+03
*           1043.6906185   6    24    22     5       197  56 925.080E+00
*           1043.6906230   5     2     9     2        48  55 512.467E+00
* Gp# 1[1,3,2,6,5] x,y,z = 5.099, 17.12, 8.511, q = 0.9102 dT[5, 5, 19, 27] Src Amplitude = 63.0
*           1043.7864220   1    15    29     9       197  63   3.373E+03
*           1043.7864265   3     9    30    10       310  63   3.296E+03
*           1043.7864270   2    77    28    14       267  62   5.662E+03
*           1043.7864405   6    29    28     7       238  58   1.549E+03
*           1043.7864490   5     6    12     3       113  57 858.462E+00
* Gp# 1[1,3,2,6,5] x,y,z = 1.747, 7.962, 3.665, q = 0.9787 dT[2, 2, 21, 25] Src Amplitude = 61.0
*           1043.8822670   1    12    25     7       194  61   2.179E+03
*           1043.8822685   3     9    24     7       182  61   2.066E+03
*           1043.8822690   2     2    22     9       170  61   3.489E+03
*           1043.8822875   6    24    21     5       221  56 970.269E+00
*           1043.8822920   5     5    10     2        51  56 521.893E+00
* Gp# 1[1,3,2,6,5] x,y,z = 6.015, 25.75, 3.682, q = 0.8098 dT[2, 2, 13, 25] Src Amplitude = 63.0
*           1043.9784090   1    12    29     9       195  63   3.324E+03
*           1043.9784105   3    13    31     9       224  63   3.237E+03
*           1043.9784110   2     9    28    14       268  62   5.617E+03
*           1043.9784215   6     1    30     6       202  58   1.440E+03
*           1043.9784340   5    20    12     2        55  57 807.293E+00
* Gp# 1[1,3,2,6,5] x,y,z = 6.015, 25.75, 3.682, q = 0.8098 dT[2, 2, 13, 25] Src Amplitude = 63.0
*           1044.1706780   1    12    29     9       198  63   3.336E+03
*           1044.1706795   3    13    31     9       221  63   3.237E+03
*           1044.1706800   2     9    28    12       201  63   5.336E+03
*           1044.1706905   6     1    30     6       205  58   1.453E+03
*           1044.1707030   5    20    12     2        55  57 804.889E+00
* Gp# 1[1,3,2,6,5] x,y,z = 1.737, 3.481, 3.922, q = 0.9874 dT[2, 2, 22, 25] Src Amplitude = 61.0
*           1044.2667460   1     9    25     7       195  61   2.181E+03
*           1044.2667475   3    13    25     7       179  61   2.030E+03
*           1044.2667480   2     9    22     9       168  61   3.446E+03
*           1044.2667675   6     1    23     3       114  56 801.275E+00
*           1044.2667710   5    20    10     2        52  56 526.018E+00
* Gp# 1[1,3,2,6,5] x,y,z = 3.8, 12.6, 8.082, q = 0.8924 dT[4, 5, 19, 28] Src Amplitude = 62.0
*           1044.3636100   1    15    29     9       197  62   3.375E+03
*           1044.3636135   3    10    30     9       215  63   3.222E+03
*           1044.3636150   2     5    27    11       170  62   5.203E+03
*           1044.3636285   6    29    29     7       238  58   1.546E+03
*           1044.3636380   5     5    12     3       112  57 857.306E+00
* Gp# 1[1,3,2,6,5] x,y,z = 1.747, 7.962, 3.665, q = 0.9787 dT[2, 2, 21, 25] Src Amplitude = 61.0
*           1046.8253400   1    12    24     7       195  61   2.182E+03
*           1046.8253415   3    13    27     8       224  61   2.114E+03
*           1046.8253420   2     9    23    11       230  61   3.560E+03
*           1046.8253605   6     1    25     3        97  56 785.307E+00
*           1046.8253650   5     1    10     3       196  55 608.885E+00
* Gp# 1[1,2,3,6,5] x,y,z = 9.135, 24.07, 2.815, q = 0.8451 dT[0, 2, 13, 25] Src Amplitude = 62.0
*           1047.1142610   1     9    29     9       198  62   3.339E+03
*           1047.1142610   2     8    28    14       270  62   5.678E+03
*           1047.1142625   3    10    30     9       221  63   3.237E+03
*           1047.1142735   6    33    30     7       242  58   1.551E+03
*           1047.1142860   5    20    14     4       193  58 902.279E+00
* Gp# 1[1,3,2,6,5] x,y,z = -0.08515, 5.929, 4.742, q = 0.9838 dT[2, 3, 22, 25] Src Amplitude = 60.0
*           1047.2100090   1     9    24     7       195  60   2.183E+03
*           1047.2100105   3    10    24     7       183  61   2.062E+03
*           1047.2100120   2     2    24     9       170  61   3.365E+03
*           1047.2100305   6     7    23     3       114  56 809.700E+00
*           1047.2100340   5    20    11     2        55  56 532.215E+00
* Gp# 1[1,3,2,6,5] x,y,z = 6.265, 12.99, 9.248, q = 0.8964 dT[5, 5, 19, 28] Src Amplitude = 63.0
*           1047.3057510   1    15    30     9       197  63   3.378E+03
*           1047.3057555   3     9    30    10       310  63   3.264E+03
*           1047.3057560   2     9    27    12       170  62   5.290E+03
*           1047.3057695   6    29    29     7       238  58   1.542E+03
*           1047.3057790   5     5    11     2        51  57 795.998E+00
* Gp# 1[1,2,3,6,5] x,y,z = 6.335, 12.01, 6.47, q = 0.9287 dT[3, 4, 19, 27] Src Amplitude = 62.0
*           1047.4974640   1     8    29     9       200  62   3.399E+03
*           1047.4974670   2     7    28    13       229  62   5.486E+03
*           1047.4974675   3    10    29     9       218  63   3.215E+03
*           1047.4974825   6    29    29     7       238  58   1.534E+03
*           1047.4974910   5    20    14     4       193  57 913.641E+00
* Gp# 1[1,3,2,6,5] x,y,z = 6.015, 25.75, 3.682, q = 0.8098 dT[2, 2, 13, 25] Src Amplitude = 63.0
*           1050.0665350   1    12    29     9       198  63   3.343E+03
*           1050.0665365   3    13    32     9       221  63   3.220E+03
*           1050.0665370   2     9    28    14       265  62   5.505E+03
*           1050.0665475   6    29    30     6       205  58   1.453E+03
*           1050.0665600   5    20    13     2        52  57 790.852E+00
* Gp# 1[1,2,3,5,6] x,y,z = 0.6162, 32.45, 1.291, q = 0.9806 dT[0, 2, 14, 17] Src Amplitude = 62.0
*           1050.2580420   1     9    29     9       198  62   3.348E+03
*           1050.2580420   2     5    28    12       173  62   5.299E+03
*           1050.2580435   3    10    30    10       314  63   3.279E+03
*           1050.2580560   5    31    13     3        66  58 846.881E+00
*           1050.2580585   6    12    30     7       235  58   1.535E+03
* Gp# 1[1,3,2,6,5] x,y,z = 6.015, 25.75, 3.682, q = 0.8098 dT[2, 2, 13, 25] Src Amplitude = 63.0
*           1050.4505020   1    12    29     9       195  63   3.343E+03
*           1050.4505035   3    13    31     9       183  63   3.145E+03
*           1050.4505040   2     9    27    13       221  62   5.296E+03
*           1050.4505145   6    29    31     6       208  58   1.465E+03
*           1050.4505270   5     2    12     2        52  57 793.482E+00
* Gp# 1[1,3,2,6,5] x,y,z = 1.747, 7.962, 3.665, q = 0.9787 dT[2, 2, 21, 25] Src Amplitude = 61.0
*           1050.5458170   1    12    25     7       195  61   2.189E+03
*           1050.5458185   3    13    25     7       182  61   2.058E+03
*           1050.5458190   2     9    21    10       224  61   3.536E+03
*           1050.5458375   6     1    24     3       118  56 817.168E+00
*           1050.5458420   5     1    11     2        48  55 502.366E+00
* Gp# 1[1,3,2,6,5] x,y,z = 1.68, 14.28, 8.454, q = 0.9831 dT[5, 5, 22, 25] Src Amplitude = 60.0
*           1053.0814670   1     9    25     7       195  60   2.195E+03
*           1053.0814715   3     7    23     7       180  61   2.012E+03
*           1053.0814720   2     3    21     8       135  61   3.115E+03
*           1053.0814885   6     7    21     5       194  56 919.133E+00
*           1053.0814920   5    20    10     2        55  56 530.959E+00
* Gp# 1[1,2,3,6,5] x,y,z = 9.135, 24.07, 2.815, q = 0.8451 dT[0, 2, 13, 25] Src Amplitude = 63.0
*           1053.1773020   1    12    29     9       198  63   3.365E+03
*           1053.1773020   2     5    27    12       170  62   5.132E+03
*           1053.1773035   3     6    31     9       221  63   3.217E+03
*           1053.1773145   6     1    29     7       230  58   1.521E+03
*           1053.1773270   5    20    12     4       193  57 897.407E+00
* Gp# 1[1,3,2,6,5] x,y,z = 6.015, 25.75, 3.682, q = 0.8098 dT[2, 2, 13, 25] Src Amplitude = 61.0
*           1053.2733960   1     9    25     7       195  61   2.189E+03
*           1053.2733975   3    13    24     7       183  61   2.074E+03
*           1053.2733980   2     1    24     9       171  61   3.548E+03
*           1053.2734085   6     1    23     4       123  56 831.087E+00
*           1053.2734210   5    20    11     2        52  56 531.091E+00
* Gp# 1[1,3,2,6,5] x,y,z = 4.47, 20.29, 3.188, q = 0.8938 dT[2, 2, 16, 25] Src Amplitude = 63.0
*           1053.3691140   1    12    28     9       194  63   3.339E+03
*           1053.3691155   3     9    29    10       310  63   3.270E+03
*           1053.3691160   2     1    26    13       227  62   5.297E+03
*           1053.3691295   6    29    29     7       235  58   1.537E+03
*           1053.3691390   5     5    11     2        54  57 799.654E+00
* Gp# 1[1,3,2,6,5] x,y,z = -0.08515, 5.929, 4.742, q = 0.9838 dT[2, 3, 22, 25] Src Amplitude = 60.0
*           1053.4648660   1     9    25     7       195  60   2.195E+03
*           1053.4648675   3    10    25     7       183  61   2.066E+03
*           1053.4648690   2     5    24     8       137  61   3.300E+03
*           1053.4648875   6     1    22     3       114  56 809.599E+00
*           1053.4648910   5    20    10     2        55  56 528.865E+00
* Gp# 1[1,2,3,6,5] x,y,z = 6.335, 12.01, 6.47, q = 0.9287 dT[3, 4, 19, 27] Src Amplitude = 62.0
*           1053.5606840   1    11    29     9       200  62   3.405E+03
*           1053.5606870   2    79    27    14       260  62   5.473E+03
*           1053.5606875   3    10    32    10       314  63   3.338E+03
*           1053.5607025   6    29    28     7       235  58   1.527E+03
*           1053.5607110   5    20    13     4       193  57 930.016E+00
* Gp# 1[1,3,2,6,5] x,y,z = 1.747, 7.962, 3.665, q = 0.9787 dT[2, 2, 21, 25] Src Amplitude = 61.0
*           1053.6565320   1    12    25     7       192  61   2.175E+03
*           1053.6565335   3    13    26     7       182  61   2.054E+03
*           1053.6565340   2     9    21    10       221  61   3.629E+03
*           1053.6565525   6     1    23     5       194  56 926.990E+00
*           1053.6565570   5     1    11     2        52  55 520.239E+00
* Gp# 1[1,3,2,6,5] x,y,z = 4.47, 20.29, 3.188, q = 0.8938 dT[2, 2, 16, 25] Src Amplitude = 63.0
*           1053.7526720   1    12    29     9       195  63   3.351E+03
*           1053.7526735   3    13    30     9       224  63   3.244E+03
*           1053.7526740   2    77    27    13       230  63   5.440E+03
*           1053.7526875   6    30    30     6       205  57   1.455E+03
*           1053.7526970   5     5    12     2        51  57 788.307E+00
* Gp# 1[1,3,2,6,5] x,y,z = 1.747, 7.962, 3.665, q = 0.9787 dT[2, 2, 21, 25] Src Amplitude = 61.0
*           1056.1456770   1    12    26     7       194  61   2.187E+03
*           1056.1456785   3     9    25     7       182  61   2.063E+03
*           1056.1456790   2     1    21    11       224  61   3.628E+03
*           1056.1456975   6    24    23     5       200  56 937.965E+00
*           1056.1457020   5     2    10     2        51  55 515.310E+00
* Gp# 1[1,2,3,6,5] x,y,z = 9.135, 24.07, 2.815, q = 0.8451 dT[0, 2, 13, 25] Src Amplitude = 63.0
*           1056.2425510   1    12    29     9       198  63   3.364E+03
*           1056.2425510   2    11    28    12       209  63   5.495E+03
*           1056.2425525   3    13    29     9       221  63   3.215E+03
*           1056.2425635   6     1    31     7       230  58   1.519E+03
*           1056.2425760   5    20    12     4       193  57 913.598E+00
* Gp# 1[1,3,2,6,5] x,y,z = 1.747, 7.962, 3.665, q = 0.9787 dT[2, 2, 21, 25] Src Amplitude = 63.0
*           1056.4341110   1    12    29     9       195  63   3.340E+03
*           1056.4341125   3    13    31     9       224  63   3.186E+03
*           1056.4341130   2     9    29    13       227  63   5.350E+03
*           1056.4341315   6    21    29     6       197  58   1.423E+03
*           1056.4341360   5    20    12     2        52  57 787.386E+00
* Gp# 1[1,3,2,6,5] x,y,z = 1.747, 7.962, 3.665, q = 0.9787 dT[2, 2, 21, 25] Src Amplitude = 61.0
*           1056.5299180   1    12    24     7       195  61   2.198E+03
*           1056.5299195   3    13    26     7       183  61   2.058E+03
*           1056.5299200   2     9    21     9       167  61   3.450E+03
*           1056.5299385   6     1    23     3        97  56 787.202E+00
*           1056.5299430   5     1    10     2        48  56 520.423E+00
* Gp# 1[1,3,2,6,5] x,y,z = 3.209, 15.64, 7.453, q = 0.9061 dT[4, 5, 19, 27] Src Amplitude = 62.0
*           1056.6257470   1    15    28     9       200  62   3.409E+03
*           1056.6257505   3    10    29     9       215  63   3.197E+03
*           1056.6257520   2    77    27    13       224  62   5.353E+03
*           1056.6257655   6    29    30     7       238  58   1.532E+03
*           1056.6257740   5     6    12     3       113  57 860.582E+00
* Gp# 1[1,2,3,6,5] x,y,z = 13.82, 12.84, 10.81, q = 0.9448 dT[3, 7, 19, 27] Src Amplitude = 62.0
*           1056.8186860   1     8    28     9       197  62   3.410E+03
*           1056.8186890   2     7    26    12       172  62   5.312E+03
*           1056.8186925   3     7    30    10       308  63   3.217E+03
*           1056.8187045   6    29    30     7       238  58   1.538E+03
*           1056.8187130   5     6    12     2        55  57 809.777E+00
* Gp# 1[1,3,2,6,5] x,y,z = 6.015, 25.75, 3.682, q = 0.8098 dT[2, 2, 13, 25] Src Amplitude = 61.0
*           1059.1905580   1    12    25     7       195  61   2.208E+03
*           1059.1905595   3    13    23     7       183  61   2.069E+03
*           1059.1905600   2     9    23     8       138  61   3.330E+03
*           1059.1905705   6     1    24     4       123  56 825.628E+00
*           1059.1905830   5    20    10     2        52  56 529.337E+00
* Gp# 1[1,2,3,6,5] x,y,z = 10.47, 10.94, 7.182, q = 0.9431 dT[2, 5, 19, 27] Src Amplitude = 63.0
*           1059.2866120   1    15    29     9       197  63   3.418E+03
*           1059.2866140   2    80    30    13       227  63   5.440E+03
*           1059.2866165   3     9    31    10       310  63   3.283E+03
*           1059.2866305   6    29    30     7       235  58   1.533E+03
*           1059.2866390   5     6    12     2        52  57 796.040E+00
* Gp# 1[1,3,2,6,5] x,y,z = 1.747, 7.962, 3.665, q = 0.9787 dT[2, 2, 21, 25] Src Amplitude = 61.0
*           1059.3823590   1    12    26     7       194  61   2.195E+03
*           1059.3823605   3    13    26     7       182  61   2.081E+03
*           1059.3823610   2     1    22     9       170  61   3.323E+03
*           1059.3823795   6    24    23     5       200  56 935.084E+00
*           1059.3823840   5     2     9     2        51  55 524.097E+00
* Gp# 1[1,3,2,6,5] x,y,z = 0.3646, 37.52, 3.152, q = 1 dT[2, 2, 13, 14] Src Amplitude = 62.0
*           1059.4781790   1     9    28     9       198  62   3.365E+03
*           1059.4781805   3    10    30     9       221  63   3.220E+03
*           1059.4781810   2     6    29    13       222  62   5.567E+03
*           1059.4781915   6    16    30     7       239  58   1.537E+03
*           1059.4781930   5    31    13     4       204  58 951.905E+00
* Gp# 1[1,3,2,6,5] x,y,z = 6.015, 25.75, 3.682, q = 0.8098 dT[2, 2, 13, 25] Src Amplitude = 61.0
*           1059.5740550   1    12    26     7       195  61   2.194E+03
*           1059.5740565   3    13    26     7       183  61   2.072E+03
*           1059.5740570   2     9    22     9       164  61   3.335E+03
*           1059.5740675   6     1    24     3       105  56 801.172E+00
*           1059.5740800   5    20    11     2        52  56 522.868E+00
* Gp# 1[1,2,3,6,5] x,y,z = 9.648, 8.113, 6.056, q = 0.9384 dT[2, 4, 19, 27] Src Amplitude = 62.0
*           1059.6698510   1     8    28     9       200  62   3.414E+03
*           1059.6698530   2     8    30    13       221  62   5.493E+03
*           1059.6698545   3    10    30    10       311  62   3.290E+03
*           1059.6698695   6    29    30     7       238  58   1.540E+03
*           1059.6698780   5    20    13     2        55  58 819.846E+00
* Gp# 1[1,3,2,6,5] x,y,z = 1.747, 7.962, 3.665, q = 0.9787 dT[2, 2, 21, 25] Src Amplitude = 61.0
*           1059.7658950   1    12    25     7       192  61   2.179E+03
*           1059.7658965   3    13    27     7       182  61   2.061E+03
*           1059.7658970   2     9    21     9       164  61   3.420E+03
*           1059.7659155   6     1    23     5       194  56 925.918E+00
*           1059.7659200   5     2    10     2        48  55 507.303E+00
* Gp# 1[1,3,2,6,5] x,y,z = 1.747, 7.962, 3.665, q = 0.9787 dT[2, 2, 21, 25] Src Amplitude = 63.0
*           1059.8616370   1    12    28     9       195  63   3.358E+03
*           1059.8616385   3    13    32    10       310  63   3.284E+03
*           1059.8616390   2     9    28    13       227  62   5.363E+03
*           1059.8616575   6    24    29     6       200  58   1.430E+03
*           1059.8616620   5     5    11     2        51  57 795.903E+00
* Gp# 1[1,3,2,6,5] x,y,z = 1.747, 7.962, 3.665, q = 0.9787 dT[2, 2, 21, 25] Src Amplitude = 61.0
*           1062.3076030   1    12    25     7       195  61   2.204E+03
*           1062.3076045   3    13    25     8       224  61   2.106E+03
*           1062.3076050   2     9    22    10       224  61   3.547E+03
*           1062.3076235   6     2    23     3        97  56 785.972E+00
*           1062.3076280   5    20    11     2        52  56 530.204E+00
* Gp# 1[1,2,3,6,5] x,y,z = 9.648, 8.113, 6.056, q = 0.9384 dT[2, 4, 19, 27] Src Amplitude = 62.0
*           1062.4034750   1     8    30     9       197  62   3.413E+03
*           1062.4034770   2    80    27    12       173  62   5.416E+03
*           1062.4034785   3    10    30    10       311  63   3.274E+03
*           1062.4034935   6    29    30     7       238  58   1.535E+03
*           1062.4035020   5    20    13     3       113  57 863.360E+00
* Gp# 1[1,2,3,6,5] x,y,z = 5.277, 10.95, 5.592, q = 0.9839 dT[2, 4, 21, 25] Src Amplitude = 61.0
*           1062.5002970   1    12    25     7       194  61   2.201E+03
*           1062.5002990   2     1    24    10       221  60   3.462E+03
*           1062.5003005   3     7    26     7       180  61   2.016E+03
*           1062.5003175   6    24    22     5       197  56 927.984E+00
*           1062.5003220   5     5     9     2        51  56 529.030E+00
* Gp# 1[1,3,2,6,5] x,y,z = 6.015, 25.75, 3.682, q = 0.8098 dT[2, 2, 13, 25] Src Amplitude = 63.0
*           1062.5961360   1    12    29     9       195  63   3.365E+03
*           1062.5961375   3    13    30     9       224  63   3.229E+03
*           1062.5961380   2     9    26    14       268  63   5.680E+03
*           1062.5961485   6    29    30     6       205  58   1.459E+03
*           1062.5961610   5    20    12     2        55  57 804.174E+00
* Gp# 1[1,3,2,6,5] x,y,z = 1.747, 7.962, 3.665, q = 0.9787 dT[2, 2, 21, 25] Src Amplitude = 61.0
*           1062.6922610   1    12    26     7       195  61   2.207E+03
*           1062.6922625   3    13    26     7       183  61   2.074E+03
*           1062.6922630   2     9    24     9       167  61   3.329E+03
*           1062.6922815   6     2    24     3        97  56 784.438E+00
*           1062.6922860   5     1    11     2        52  55 519.276E+00
* Gp# 1[1,2,3,6,5] x,y,z = 9.648, 8.113, 6.056, q = 0.9384 dT[2, 4, 19, 27] Src Amplitude = 62.0
*           1062.7880240   1     8    29     9       197  62   3.421E+03
*           1062.7880260   2    80    26    13       224  62   5.335E+03
*           1062.7880275   3    10    31     9       215  62   3.212E+03
*           1062.7880425   6    29    31     7       238  58   1.541E+03
*           1062.7880510   5     6    12     2        55  57 803.787E+00
* Gp# 1[1,3,2,6,5] x,y,z = 6.265, 12.99, 9.248, q = 0.8964 dT[5, 5, 19, 28] Src Amplitude = 63.0
*           1062.9795170   1    15    29     9       197  63   3.412E+03
*           1062.9795215   3    13    30    10       310  63   3.265E+03
*           1062.9795220   2     1    28    13       224  62   5.303E+03
*           1062.9795355   6    29    31     6       208  57   1.457E+03
*           1062.9795450   5     5    12     2        51  57 781.939E+00
* Gp# 1[1,2,3,6,5] x,y,z = 3.598, 1.063, 3.083, q = 0.9904 dT[1, 2, 22, 25] Src Amplitude = 60.0
*           1065.4626240   1     9    25     7       195  60   2.218E+03
*           1065.4626250   2    79    23     9       169  61   3.537E+03
*           1065.4626255   3    10    24     7       183  61   2.049E+03
*           1065.4626455   6    24    22     5       230  56 992.630E+00
*           1065.4626490   5    20    11     2        52  56 524.421E+00
* Gp# 1[1,2,3,6,5] x,y,z = 9.648, 8.113, 6.056, q = 0.9384 dT[2, 4, 19, 27] Src Amplitude = 62.0
*           1065.5594870   1     8    29     9       197  62   3.421E+03
*           1065.5594890   2    80    26    13       224  62   5.528E+03
*           1065.5594905   3    10    30     9       215  63   3.190E+03
*           1065.5595055   6    29    30     7       238  58   1.530E+03
*           1065.5595140   5    20    12     3       113  57 867.631E+00
* Gp# 1[1,2,3,5,6] x,y,z = 0.6162, 32.45, 1.291, q = 0.9806 dT[0, 2, 14, 17] Src Amplitude = 62.0
*           1065.7510610   1     9    28     9       198  62   3.394E+03
*           1065.7510610   2     8    28    13       217  62   5.559E+03
*           1065.7510625   3    10    29    10       311  63   3.280E+03
*           1065.7510750   5    31    14     3        66  58 862.194E+00
*           1065.7510775   6    29    28     7       238  58   1.536E+03
* Gp# 1[1,3,2,6,5] x,y,z = 1.737, 3.481, 3.922, q = 0.9874 dT[2, 2, 22, 25] Src Amplitude = 61.0
*           1065.8469070   1    12    25     7       195  61   2.199E+03
*           1065.8469085   3    13    26     8       224  61   2.107E+03
*           1065.8469090   2     9    21     8       138  61   3.177E+03
*           1065.8469285   6     1    24     3        96  56 783.312E+00
*           1065.8469320   5     1    11     2        51  55 518.560E+00
* Gp# 1[1,3,2,6,5] x,y,z = 4.47, 20.29, 3.188, q = 0.8938 dT[2, 2, 16, 25] Src Amplitude = 63.0
*           1065.9430460   1    12    29     9       195  63   3.380E+03
*           1065.9430475   3    13    31     9       182  63   3.133E+03
*           1065.9430480   2     9    27    13       227  62   5.351E+03
*           1065.9430615   6    29    30     6       205  57   1.452E+03
*           1065.9430710   5     2    11     2        51  57 795.131E+00
* Gp# 1[1,3,2,6,5] x,y,z = 1.737, 3.481, 3.922, q = 0.9874 dT[2, 2, 22, 25] Src Amplitude = 61.0
*           1066.0387700   1     9    25     7       195  61   2.201E+03
*           1066.0387715   3    10    24     7       183  61   2.062E+03
*           1066.0387720   2     3    22     8       138  61   3.339E+03
*           1066.0387915   6     1    23     3       114  56 811.317E+00
*           1066.0387950   5    20    10     2        55  56 530.731E+00
* Gp# 1[1,2,3,6,5] x,y,z = 6.335, 12.01, 6.47, q = 0.9287 dT[3, 4, 19, 27] Src Amplitude = 62.0
*           1066.1345100   1    11    29     9       200  62   3.436E+03
*           1066.1345130   2     7    27    13       223  61   5.543E+03
*           1066.1345135   3    10    29     9       197  63   3.164E+03
*           1066.1345285   6    29    28     7       238  58   1.535E+03
*           1066.1345370   5     6    13     2        55  58 806.182E+00
* Gp# 1[1,2,3,6,5] x,y,z = 3.598, 1.063, 3.083, q = 0.9904 dT[1, 2, 22, 25] Src Amplitude = 60.0
*           1068.6055010   1     9    25     7       195  60   2.214E+03
*           1068.6055020   2     7    22     8       139  61   3.304E+03
*           1068.6055025   3    10    25     7       186  61   2.070E+03
*           1068.6055225   6     7    22     5       194  56 918.998E+00
*           1068.6055260   5    20    10     2        55  56 535.789E+00
* Gp# 1[1,3,2,6,5] x,y,z = 6.015, 25.75, 3.682, q = 0.8098 dT[2, 2, 13, 25] Src Amplitude = 63.0
*           1068.7023000   1    12    29     9       198  63   3.402E+03
*           1068.7023015   3     6    30     9       221  63   3.221E+03
*           1068.7023020   2     6    26    14       265  62   5.436E+03
*           1068.7023125   6     1    30     7       239  58   1.540E+03
*           1068.7023250   5    20    12     4       193  57 921.211E+00
* Gp# 1[1,3,2,6,5] x,y,z = 4.47, 20.29, 3.188, q = 0.8938 dT[2, 2, 16, 25] Src Amplitude = 63.0
*           1068.8942260   1    12    29     9       194  63   3.378E+03
*           1068.8942275   3    13    30    10       310  63   3.278E+03
*           1068.8942280   2     9    28    14       265  63   5.588E+03
*           1068.8942415   6    29    30     6       208  57   1.471E+03
*           1068.8942510   5     5    12     3       112  57 855.474E+00
* Gp# 1[1,3,2,6,5] x,y,z = 4.47, 20.29, 3.188, q = 0.8938 dT[2, 2, 16, 25] Src Amplitude = 63.0
*           1069.0856870   1    12    29     9       195  63   3.363E+03
*           1069.0856885   3    13    29     9       224  63   3.227E+03
*           1069.0856890   2     9    27    13       227  63   5.355E+03
*           1069.0857025   6    29    30     6       205  57   1.443E+03
*           1069.0857120   5     5    11     2        52  57 795.886E+00
* Gp# 1[1,3,2,6,5] x,y,z = 1.747, 7.962, 3.665, q = 0.9787 dT[2, 2, 21, 25] Src Amplitude = 61.0
*           1069.1815460   1    12    25     7       194  61   2.208E+03
*           1069.1815475   3     9    26     7       182  61   2.071E+03
*           1069.1815480   2    77    24    10       224  60   3.538E+03
*           1069.1815665   6    24    23     5       200  56 938.637E+00
*           1069.1815710   5     5    10     2        51  56 530.249E+00
* Gp# 1[1,2,3,6,5] x,y,z = 6.335, 12.01, 6.47, q = 0.9287 dT[3, 4, 19, 27] Src Amplitude = 62.0
*           1069.2783800   1    11    29     9       200  62   3.440E+03
*           1069.2783830   2     4    27    11       172  62   5.223E+03
*           1069.2783835   3    10    31     9       197  63   3.168E+03
*           1069.2783985   6    29    30     7       238  58   1.538E+03
*           1069.2784070   5    20    12     3       113  58 873.210E+00
* Gp# 1[1,3,2,6,5] x,y,z = -0.08515, 5.929, 4.742, q = 0.9838 dT[2, 3, 22, 25] Src Amplitude = 60.0
*           1071.8123060   1     6    25     7       195  60   2.229E+03
*           1071.8123075   3    10    25     7       183  61   2.056E+03
*           1071.8123090   2     5    23    10       221  61   3.618E+03
*           1071.8123275   6    24    20     5       194  56 917.217E+00
*           1071.8123310   5    20    10     2        52  56 522.095E+00
* Gp# 1[1,3,2,6,5] x,y,z = 1.747, 7.962, 3.665, q = 0.9787 dT[2, 2, 21, 25] Src Amplitude = 61.0
*           1072.0052670   1    12    25     7       192  61   2.205E+03
*           1072.0052685   3    13    25     7       179  61   2.049E+03
*           1072.0052690   2     9    23     9       167  61   3.417E+03
*           1072.0052875   6    21    24     5       194  56 922.866E+00
*           1072.0052920   5     2    10     2        52  55 533.069E+00
* Gp# 1[1,3,2,6,5] x,y,z = 3.209, 15.64, 7.453, q = 0.9061 dT[4, 5, 19, 27] Src Amplitude = 62.0
*           1072.1018350   1    15    29     9       197  62   3.421E+03
*           1072.1018385   3    10    30     9       212  62   3.188E+03
*           1072.1018400   2    77    30    13       227  62   5.317E+03
*           1072.1018535   6    29    29     7       235  58   1.531E+03
*           1072.1018620   5     6    12     2        52  57 806.846E+00
* Gp# 1[1,2,3,6,5] x,y,z = 9.135, 24.07, 2.815, q = 0.8451 dT[0, 2, 13, 25] Src Amplitude = 63.0
*           1072.2936200   1    12    29     9       198  63   3.394E+03
*           1072.2936200   2     2    29    12       170  62   5.254E+03
*           1072.2936215   3     6    32    10       314  63   3.280E+03
*           1072.2936325   6     1    29     7       239  58   1.543E+03
*           1072.2936450   5    20    12     4       193  57 911.869E+00
* Gp# 1[1,3,2,6,5] x,y,z = 5.099, 17.12, 8.511, q = 0.9102 dT[5, 5, 19, 27] Src Amplitude = 62.0
*           1072.4859350   1    15    29     9       197  62   3.435E+03
*           1072.4859395   3     9    31    10       310  62   3.270E+03
*           1072.4859400   2     5    27    13       227  62   5.421E+03
*           1072.4859535   6    29    30     7       238  58   1.529E+03
*           1072.4859620   5     6    13     2        55  58 823.424E+00
* Gp# 1[1,3,2,6,5] x,y,z = 1.747, 7.962, 3.665, q = 0.9787 dT[2, 2, 21, 25] Src Amplitude = 61.0
*           1074.9873940   1    12    26     7       195  61   2.209E+03
*           1074.9873955   3    13    26     8       224  61   2.103E+03
*           1074.9873960   2     9    23     9       170  61   3.365E+03
*           1074.9874145   6     1    23     5       194  56 925.486E+00
*           1074.9874190   5     2     9     2        48  55 523.367E+00
* Gp# 1[1,2,3,6,5] x,y,z = 7.683, 24.78, 3.382, q = 0.8281 dT[1, 2, 13, 25] Src Amplitude = 62.0
*           1075.0842560   1     9    28     9       198  62   3.396E+03
*           1075.0842570   2     7    29    13       223  62   5.562E+03
*           1075.0842575   3    10    29    10       311  62   3.267E+03
*           1075.0842685   6    33    29     7       242  58   1.536E+03
*           1075.0842810   5    20    14     2        55  58 808.241E+00
* Gp# 1[2,1,3,6,5] x,y,z = 10.98, 2.486, 4.674, q = 1 dT[1, 5, 22, 26] Src Amplitude = 61.0
*           1075.1800010   2     5    25    10       224  61   3.559E+03
*           1075.1800020   1     5    25     7       194  60   2.216E+03
*           1075.1800055   3     7    26     7       180  61   2.002E+03
*           1075.1800225   6    24    21     5       197  56 929.567E+00
*           1075.1800270   5     5     9     2        51  56 520.804E+00
* Gp# 1[1,3,2,6,5] x,y,z = 6.015, 25.75, 3.682, q = 0.8098 dT[2, 2, 13, 25] Src Amplitude = 63.0
*           1075.2757440   1    12    29     9       198  63   3.397E+03
*           1075.2757455   3     6    29     9       221  63   3.203E+03
*           1075.2757460   2     6    27    13       221  62   5.224E+03
*           1075.2757565   6     1    29     7       236  58   1.528E+03
*           1075.2757690   5    20    12     4       193  57 903.436E+00
* Gp# 1[1,3,2,6,5] x,y,z = 1.747, 7.962, 3.665, q = 0.9787 dT[2, 2, 21, 25] Src Amplitude = 61.0
*           1075.3715740   1    12    25     7       195  61   2.208E+03
*           1075.3715755   3    13    27     7       224  61   2.096E+03
*           1075.3715760   2     9    23    10       224  61   3.541E+03
*           1075.3715945   6    21    23     3        97  56 778.685E+00
*           1075.3715990   5     2    10     2        48  55 516.608E+00
* Gp# 1[1,2,3,6,5] x,y,z = 9.135, 24.07, 2.815, q = 0.8451 dT[0, 2, 13, 25] Src Amplitude = 63.0
*           1075.4674330   1     9    29     9       198  63   3.395E+03
*           1075.4674330   2    11    27    12       170  63   5.376E+03
*           1075.4674345   3    13    31    10       314  63   3.283E+03
*           1075.4674455   6     1    30     7       239  58   1.544E+03
*           1075.4674580   5    20    14     4       193  57 907.755E+00
* Gp# 1[1,3,2,6,5] x,y,z = 1.747, 7.962, 3.665, q = 0.9787 dT[2, 2, 21, 25] Src Amplitude = 61.0
*           1075.5642560   1    12    26     7       194  61   2.211E+03
*           1075.5642575   3     9    24     7       182  61   2.053E+03
*           1075.5642580   2     1    22    10       224  60   3.578E+03
*           1075.5642765   6    24    24     5       200  56 936.050E+00
*           1075.5642810   5     2    10     2        51  55 530.062E+00
* Gp# 1[1,3,2,6,5] x,y,z = 4.47, 20.29, 3.188, q = 0.8938 dT[2, 2, 16, 25] Src Amplitude = 63.0
*           1075.6601090   1    12    28     9       195  63   3.384E+03
*           1075.6601105   3    13    29    10       310  63   3.265E+03
*           1075.6601110   2     9    26    13       224  62   5.416E+03
*           1075.6601245   6    29    30     6       205  57   1.449E+03
*           1075.6601340   5     5    11     2        51  57 792.403E+00
* Gp# 1[1,3,2,6,5] x,y,z = 6.015, 25.75, 3.682, q = 0.8098 dT[2, 2, 13, 25] Src Amplitude = 63.0
*           1078.2389520   1    12    29     9       198  63   3.402E+03
*           1078.2389535   3    13    30    10       314  63   3.285E+03
*           1078.2389540   2     6    28    13       224  62   5.372E+03
*           1078.2389645   6     1    30     7       239  58   1.548E+03
*           1078.2389770   5    20    12     4       193  58 913.804E+00
* Gp# 1[1,3,2,6,5] x,y,z = 1.747, 7.962, 3.665, q = 0.9787 dT[2, 2, 21, 25] Src Amplitude = 61.0
*           1078.3358000   1    12    26     7       192  61   2.203E+03
*           1078.3358015   3    13    25     7       182  61   2.065E+03
*           1078.3358020   2     9    21    10       224  61   3.350E+03
*           1078.3358205   6    24    23     5       197  55 926.355E+00
*           1078.3358250   5     2    10     2        48  55 515.600E+00
* Gp# 1[1,3,2,6,5] x,y,z = 4.47, 20.29, 3.188, q = 0.8938 dT[2, 2, 16, 25] Src Amplitude = 63.0
*           1078.4318910   1    12    29     9       195  63   3.390E+03
*           1078.4318925   3    13    31     9       182  63   3.133E+03
*           1078.4318930   2     9    28    13       227  63   5.347E+03
*           1078.4319065   6    29    31     6       205  58   1.451E+03
*           1078.4319160   5     5    11     3       112  57 862.961E+00
* Gp# 1[1,3,2,6,5] x,y,z = 1.737, 3.481, 3.922, q = 0.9874 dT[2, 2, 22, 25] Src Amplitude = 61.0
*           1078.5276590   1    12    25     7       195  61   2.218E+03
*           1078.5276605   3    13    24     7       183  61   2.056E+03
*           1078.5276610   2     6    21     9       171  61   3.460E+03
*           1078.5276805   6     1    24     3       114  56 802.599E+00
*           1078.5276840   5    20    11     2        55  56 534.583E+00
* Gp# 1[1,2,3,6,5] x,y,z = 13.82, 12.84, 10.81, q = 0.9448 dT[3, 7, 19, 27] Src Amplitude = 62.0
*           1078.6233790   1     8    30     9       200  62   3.446E+03
*           1078.6233820   2     7    28    13       229  62   5.562E+03
*           1078.6233855   3     7    30    10       308  63   3.201E+03
*           1078.6233975   6    29    29     7       235  58   1.520E+03
*           1078.6234060   5     6    13     3       113  58 883.264E+00
* Gp# 1[1,2,3,6,5] x,y,z = 5.277, 10.95, 5.592, q = 0.9839 dT[2, 4, 21, 25] Src Amplitude = 61.0
*           1078.7192260   1    12    25     7       194  61   2.211E+03
*           1078.7192280   2    77    23    10       224  60   3.622E+03
*           1078.7192295   3     7    26     7       180  61   2.001E+03
*           1078.7192465   6    24    22     5       197  56 918.990E+00
*           1078.7192510   5     5     9     2        51  56 519.205E+00
* Gp# 1[1,3,2,6,5] x,y,z = 4.47, 20.29, 3.188, q = 0.8938 dT[2, 2, 16, 25] Src Amplitude = 63.0
*           1078.8150170   1    12    28     9       195  63   3.387E+03
*           1078.8150185   3    13    31     9       186  63   3.150E+03
*           1078.8150190   2     9    28    13       224  63   5.469E+03
*           1078.8150325   6    29    30     6       202  57   1.447E+03
*           1078.8150420   5     2    12     3       112  57 884.839E+00
* Gp# 1[1,3,2,6,5] x,y,z = 1.747, 7.962, 3.665, q = 0.9787 dT[2, 2, 21, 25] Src Amplitude = 63.0
*           1081.4208300   1    12    29     9       195  63   3.394E+03
*           1081.4208315   3    13    29     9       224  63   3.201E+03
*           1081.4208320   2     9    28    13       230  63   5.475E+03
*           1081.4208505   6    21    29     6       197  58   1.422E+03
*           1081.4208550   5     2    13     2        55  57 801.615E+00
* Gp# 1[1,3,2,6,5] x,y,z = 3.8, 12.6, 8.082, q = 0.8924 dT[4, 5, 19, 28] Src Amplitude = 62.0
*           1081.6125430   1    15    29     9       197  62   3.458E+03
*           1081.6125465   3    10    31    10       311  62   3.267E+03
*           1081.6125480   2    77    29    13       227  62   5.351E+03
*           1081.6125615   6    29    31     7       238  58   1.541E+03
*           1081.6125710   5     5    12     2        54  58 806.847E+00
* Gp# 1[1,3,2,6,5] x,y,z = 1.737, 3.481, 3.922, q = 0.9874 dT[2, 2, 22, 25] Src Amplitude = 61.0
*           1081.7085670   1    12    25     7       195  61   2.224E+03
*           1081.7085685   3    13    26     7       183  61   2.055E+03
*           1081.7085690   2     9    23     8       138  61   3.207E+03
*           1081.7085885   6     1    23     3        96  56 786.119E+00
*           1081.7085920   5    20    11     2        52  56 526.435E+00
* Gp# 1[1,3,2,5,6] x,y,z = -1.77, 40.24, 3.272, q = 1 dT[2, 2, 11, 13] Src Amplitude = 63.0
*           1081.8043090   1    12    29     9       198  63   3.397E+03
*           1081.8043105   3    13    30     9       221  63   3.193E+03
*           1081.8043110   2     9    25    14       268  63   5.509E+03
*           1081.8043200   5    16    13     3        66  57 850.820E+00
*           1081.8043215   6    29    30     6       205  58   1.455E+03
* Gp# 1[2,1,3,6,5] x,y,z = 6.854, 1.202, 1.912, q = 0.9885 dT[1, 3, 22, 26] Src Amplitude = 60.0
*           1081.9000580   2     8    22     9       170  60   3.419E+03
*           1081.9000590   1     5    25     7       194  61   2.235E+03
*           1081.9000605   3     9    25     7       182  61   2.068E+03
*           1081.9000795   6    24    22     5       200  56 926.283E+00
*           1081.9000840   5     5    11     2        57  55 533.000E+00
* Gp# 1[1,2,3,5,6] x,y,z = 0.5213, 30.34, 4.416, q = 0.9805 dT[2, 4, 16, 19] Src Amplitude = 62.0
*           1081.9959070   1    11    28     9       200  62   3.449E+03
*           1081.9959090   2     8    27    13       227  62   5.525E+03
*           1081.9959105   3    10    30     9       197  63   3.153E+03
*           1081.9959230   5    31    14     3        66  58 853.883E+00
*           1081.9959255   6    29    29     7       238  58   1.528E+03
* Gp# 1[1,3,2,6,5] x,y,z = 1.747, 7.962, 3.665, q = 0.9787 dT[2, 2, 21, 25] Src Amplitude = 61.0
*           1084.4549500   1    12    26     7       192  61   2.203E+03
*           1084.4549515   3    13    25     7       182  61   2.055E+03
*           1084.4549520   2     9    22     9       164  61   3.321E+03
*           1084.4549705   6    25    22     3        97  56 779.277E+00
*           1084.4549750   5     2    10     2        51  55 514.958E+00
* Gp# 1[1,3,2,6,5] x,y,z = 6.265, 12.99, 9.248, q = 0.8964 dT[5, 5, 19, 28] Src Amplitude = 63.0
*           1084.5510110   1    15    31     9       197  63   3.460E+03
*           1084.5510155   3     9    30     9       214  63   3.183E+03
*           1084.5510160   2    77    30    13       227  62   5.362E+03
*           1084.5510295   6    29    31     6       205  58   1.445E+03
*           1084.5510390   5     5    12     2        51  57 790.152E+00
* Gp# 1[1,3,2,6,5] x,y,z = 1.737, 3.481, 3.922, q = 0.9874 dT[2, 2, 22, 25] Src Amplitude = 61.0
*           1084.6467640   1    12    25     7       195  61   2.221E+03
*           1084.6467655   3     7    25     7       183  61   2.057E+03
*           1084.6467660   2     6    23     9       171  60   3.421E+03
*           1084.6467855   6     1    23     3       114  56 803.118E+00
*           1084.6467890   5    20    11     2        52  56 535.163E+00
* Gp# 1[1,3,2,6,5] x,y,z = 6.265, 12.99, 9.248, q = 0.8964 dT[5, 5, 19, 28] Src Amplitude = 63.0
*           1084.7425190   1    15    28     9       197  63   3.443E+03
*           1084.7425235   3     9    29     8       182  63   3.146E+03
*           1084.7425240   2     1    27    13       227  63   5.273E+03
*           1084.7425375   6    29    31     6       208  58   1.461E+03
*           1084.7425470   5     5    12     2        51  57 794.537E+00
* Gp# 1[1,3,2,6,5] x,y,z = -0.08515, 5.929, 4.742, q = 0.9838 dT[2, 3, 22, 25] Src Amplitude = 61.0
*           1084.8383320   1     9    25     7       198  61   2.239E+03
*           1084.8383335   3    10    24     8       314  61   2.142E+03
*           1084.8383350   2     5    24    10       204  61   3.575E+03
*           1084.8383535   6     1    22     3       118  56 811.871E+00
*           1084.8383570   5    20     9     2        52  56 522.575E+00
* Gp# 1[1,2,3,6,5] x,y,z = 5.277, 10.95, 5.592, q = 0.9839 dT[2, 4, 21, 25] Src Amplitude = 61.0
*           1085.0311050   1     5    25     7       194  61   2.225E+03
*           1085.0311070   2    77    21     9       164  60   3.264E+03
*           1085.0311085   3     7    26     7       180  61   2.001E+03
*           1085.0311255   6    24    22     5       197  56 931.110E+00
*           1085.0311300   5     5     9     2        51  56 526.082E+00
* Gp# 1[1,3,2,6,5] x,y,z = 3.209, 15.64, 7.453, q = 0.9061 dT[4, 5, 19, 27] Src Amplitude = 62.0
*           1085.1268850   1     8    29     9       200  62   3.461E+03
*           1085.1268885   3    10    30     9       215  63   3.194E+03
*           1085.1268900   2    77    27    13       227  62   5.319E+03
*           1085.1269035   6    29    30     7       238  58   1.533E+03
*           1085.1269120   5    20    13     2        55  58 822.265E+00
* Gp# 1[1,3,2,6,5] x,y,z = 1.747, 7.962, 3.665, q = 0.9787 dT[2, 2, 21, 25] Src Amplitude = 61.0
*           1087.6016810   1    12    27     7       194  61   2.217E+03
*           1087.6016825   3     9    24     7       182  61   2.056E+03
*           1087.6016830   2     9    22     9       164  61   3.329E+03
*           1087.6017015   6    24    21     5       197  56 923.253E+00
*           1087.6017060   5     5    10     2        51  55 521.380E+00
* Gp# 1[1,2,3,6,5] x,y,z = 9.648, 8.113, 6.056, q = 0.9384 dT[2, 4, 19, 27] Src Amplitude = 62.0
*           1087.6977490   1     8    30     9       197  62   3.462E+03
*           1087.6977510   2     5    32    14       227  62   5.786E+03
*           1087.6977525   3    10    30     9       197  63   3.154E+03
*           1087.6977675   6    29    30     7       238  58   1.534E+03
*           1087.6977760   5     6    11     3       113  58 881.954E+00
* Gp# 1[1,3,2,6,5] x,y,z = 1.747, 7.962, 3.665, q = 0.9787 dT[2, 2, 21, 25] Src Amplitude = 61.0
*           1087.7935730   1    12    26     7       192  61   2.221E+03
*           1087.7935745   3    13    25     7       179  61   2.044E+03
*           1087.7935750   2     9    24    10       227  61   3.438E+03
*           1087.7935935   6    24    25     4       160  55 845.622E+00
*           1087.7935980   5     2    10     2        48  55 525.521E+00
* Gp# 1[1,2,3,6,5] x,y,z = 5.277, 10.95, 5.592, q = 0.9839 dT[2, 4, 21, 25] Src Amplitude = 61.0
*           1087.9854270   1    12    25     7       194  61   2.223E+03
*           1087.9854290   2     1    21    10       224  60   3.528E+03
*           1087.9854305   3     7    24     7       180  61   2.021E+03
*           1087.9854475   6    24    22     5       197  56 928.749E+00
*           1087.9854520   5     5     9     2        51  56 522.062E+00
* Gp# 1[1,2,3,6,5] x,y,z = 3.123, 36.33, 1.413, q = 1 dT[0, 2, 13, 14] Src Amplitude = 62.0
*           1088.0811270   1    12    29     9       198  62   3.418E+03
*           1088.0811270   2     8    28    14       241  62   5.583E+03
*           1088.0811285   3    10    30     9       215  63   3.177E+03
*           1088.0811395   6    16    30     7       239  58   1.534E+03
*           1088.0811410   5    31    13     3        66  58 855.355E+00
* Gp# 1[1,3,2,6,5] x,y,z = 1.737, 3.481, 3.922, q = 0.9874 dT[2, 2, 22, 25] Src Amplitude = 61.0
*           1088.1769790   1     9    26     7       195  61   2.232E+03
*           1088.1769805   3    10    25     7       183  61   2.045E+03
*           1088.1769810   2     6    25     9       168  61   3.415E+03
*           1088.1770005   6     1    23     5       224  56 976.360E+00
*           1088.1770040   5    20    11     2        52  56 535.645E+00
* Gp# 1[1,3,2,6,5] x,y,z = 6.015, 25.75, 3.682, q = 0.8098 dT[2, 2, 13, 25] Src Amplitude = 63.0
*           1090.8537380   1    12    29     9       198  63   3.418E+03
*           1090.8537395   3     6    30     9       186  63   3.148E+03
*           1090.8537400   2     9    30    14       268  62   5.613E+03
*           1090.8537505   6     1    30     7       242  58   1.538E+03
*           1090.8537630   5    20    13     4       193  57 917.702E+00
* Gp# 1[1,2,3,6,5] x,y,z = 9.135, 24.07, 2.815, q = 0.8451 dT[0, 2, 13, 25] Src Amplitude = 63.0
*           1091.0463510   1     9    29     9       198  63   3.410E+03
*           1091.0463510   2    11    27    11       173  62   5.131E+03
*           1091.0463525   3    10    30     9       221  63   3.185E+03
*           1091.0463635   6     1    30     7       242  58   1.531E+03
*           1091.0463760   5    20    13     2        55  57 806.887E+00
* Gp# 1[1,3,2,6,5] x,y,z = 1.737, 3.481, 3.922, q = 0.9874 dT[2, 2, 22, 25] Src Amplitude = 61.0
*           1091.1422050   1    12    26     7       195  61   2.233E+03
*           1091.1422065   3    10    25     7       183  61   2.070E+03
*           1091.1422070   2     6    21     9       168  61   3.383E+03
*           1091.1422265   6     1    24     5       227  56 982.203E+00
*           1091.1422300   5    20    10     2        52  56 532.008E+00
* Gp# 1[1,3,2,6,5] x,y,z = 1.747, 7.962, 3.665, q = 0.9787 dT[2, 2, 21, 25] Src Amplitude = 63.0
*           1091.2380180   1    12    29     9       198  63   3.415E+03
*           1091.2380195   3    13    30     9       221  63   3.194E+03
*           1091.2380200   2     9    28    13       221  62   5.305E+03
*           1091.2380385   6     2    28     4       118  58   1.246E+03
*           1091.2380430   5    20    12     4       193  57 917.951E+00
* Gp# 1[2,1,3,6,5] x,y,z = 10.98, 2.486, 4.674, q = 1 dT[1, 5, 22, 26] Src Amplitude = 61.0
*           1091.3341490   2     8    22    11       227  61   3.610E+03
*           1091.3341500   1     5    25     7       194  60   2.230E+03
*           1091.3341535   3     7    25     7       180  61   2.002E+03
*           1091.3341705   6    24    20     5       197  56 920.033E+00
*           1091.3341750   5     5    10     2        51  56 514.596E+00
* Gp# 1[1,2,3,6,5] x,y,z = 6.692, 16.05, 1.987, q = 0.936 dT[0, 2, 17, 25] Src Amplitude = 63.0
*           1091.4298870   1    12    30     9       198  63   3.425E+03
*           1091.4298870   2     8    28    11       173  63   5.195E+03
*           1091.4298885   3    10    30     9       221  63   3.205E+03
*           1091.4299035   6    12    30     7       235  58   1.529E+03
*           1091.4299120   5    20    13     2        55  58 811.099E+00
* Gp# 1[1,3,2,6,5] x,y,z = 1.747, 7.962, 3.665, q = 0.9787 dT[2, 2, 21, 25] Src Amplitude = 61.0
*           1093.9187160   1    12    25     7       195  61   2.237E+03
*           1093.9187175   3    13    24     7       183  61   2.064E+03
*           1093.9187180   2     9    24     8       138  61   3.192E+03
*           1093.9187365   6     1    22     3        97  56 781.608E+00
*           1093.9187410   5     1    10     2        48  55 507.065E+00
* Gp# 1[1,3,2,6,5] x,y,z = 4.47, 20.29, 3.188, q = 0.8938 dT[2, 2, 16, 25] Src Amplitude = 63.0
*           1094.0166460   1    12    27     9       195  63   3.408E+03
*           1094.0166475   3    13    30     8       182  63   3.144E+03
*           1094.0166480   2     9    28    13       227  62   5.501E+03
*           1094.0166615   6    29    31     6       205  58   1.450E+03
*           1094.0166710   5     5    11     2        51  57 798.982E+00
* Gp# 1[1,3,2,6,5] x,y,z = 1.747, 7.962, 3.665, q = 0.9787 dT[2, 2, 21, 25] Src Amplitude = 61.0
*           1094.1124170   1    12    26     7       192  61   2.218E+03
*           1094.1124185   3    13    25     7       224  61   2.100E+03
*           1094.1124190   2     9    23    11       221  61   3.541E+03
*           1094.1124375   6    24    24     4       180  55 886.962E+00
*           1094.1124420   5     2    10     2        51  55 531.482E+00
* Gp# 1[1,2,3,6,5] x,y,z = 9.135, 24.07, 2.815, q = 0.8451 dT[0, 2, 13, 25] Src Amplitude = 63.0
*           1094.2082450   1    12    30     9       198  63   3.438E+03
*           1094.2082450   2    11    29    11       173  62   5.163E+03
*           1094.2082465   3    10    30    10       311  63   3.246E+03
*           1094.2082575   6    16    29     7       239  58   1.535E+03
*           1094.2082700   5    20    13     4       193  58 912.180E+00
* Gp# 1[1,3,2,6,5] x,y,z = 1.747, 7.962, 3.665, q = 0.9787 dT[2, 2, 21, 25] Src Amplitude = 61.0
*           1094.3040910   1    12    26     7       192  61   2.209E+03
*           1094.3040925   3    13    25     7       182  61   2.041E+03
*           1094.3040930   2     9    21     8       134  62   3.333E+03
*           1094.3041115   6    24    22     5       197  56 924.849E+00
*           1094.3041160   5     2    10     2        48  55 515.359E+00
* Gp# 1[1,3,2,6,5] x,y,z = 6.015, 25.75, 3.682, q = 0.8098 dT[2, 2, 13, 25] Src Amplitude = 63.0
*           1094.4001820   1    12    29     9       198  63   3.424E+03
*           1094.4001835   3    13    30     9       221  63   3.179E+03
*           1094.4001840   2     9    27    13       221  63   5.326E+03
*           1094.4001945   6     1    29     7       230  58   1.497E+03
*           1094.4002070   5    20    12     4       193  57 925.977E+00
* Gp# 1[1,3,2,6,5] x,y,z = 1.747, 7.962, 3.665, q = 0.9787 dT[2, 2, 21, 25] Src Amplitude = 61.0
*           1094.4959310   1    12    26     7       192  61   2.221E+03
*           1094.4959325   3    13    24     7       182  61   2.059E+03
*           1094.4959330   2     9    23     9       170  61   3.378E+03
*           1094.4959515   6    24    23     5       197  56 927.243E+00
*           1094.4959560   5     2     9     2        48  55 527.520E+00
* Gp# 1[1,2,3,6,5] x,y,z = 6.335, 12.01, 6.47, q = 0.9287 dT[3, 4, 19, 27] Src Amplitude = 62.0
*           1094.5916880   1     8    29     9       200  62   3.463E+03
*           1094.5916910   2     4    28    13       226  62   5.522E+03
*           1094.5916915   3    10    30    10       311  62   3.256E+03
*           1094.5917065   6    29    29     7       238  58   1.525E+03
*           1094.5917150   5     6    12     2        55  58 826.912E+00
* Gp# 1[1,3,2,6,5] x,y,z = 6.265, 12.99, 9.248, q = 0.8964 dT[5, 5, 19, 28] Src Amplitude = 62.0
*           1097.1864500   1    15    28     9       197  62   3.458E+03
*           1097.1864545   3     9    30     8       182  63   3.142E+03
*           1097.1864550   2    77    30    14       265  62   5.656E+03
*           1097.1864685   6    29    31     7       229  58   1.502E+03
*           1097.1864780   5     5    11     3       112  57 877.656E+00
* Gp# 1[1,3,2,6,5] x,y,z = 6.265, 12.99, 9.248, q = 0.8964 dT[5, 5, 19, 28] Src Amplitude = 63.0
*           1097.3783590   1    15    28     9       197  63   3.469E+03
*           1097.3783635   3     9    31     8       182  63   3.138E+03
*           1097.3783640   2    77    25    13       227  62   5.307E+03
*           1097.3783775   6    29    31     6       205  58   1.436E+03
*           1097.3783870   5     5    11     3       112  57 876.477E+00
* Gp# 1[1,3,2,6,5] x,y,z = 1.737, 3.481, 3.922, q = 0.9874 dT[2, 2, 22, 25] Src Amplitude = 61.0
*           1097.4741100   1    12    26     7       195  61   2.236E+03
*           1097.4741115   3    13    26     7       183  61   2.055E+03
*           1097.4741120   2     9    25    11       230  61   3.503E+03
*           1097.4741315   6     1    23     3       114  56 799.922E+00
*           1097.4741350   5    20    11     2        52  56 528.292E+00
* Gp# 1[1,3,2,6,5] x,y,z = 3.209, 15.64, 7.453, q = 0.9061 dT[4, 5, 19, 27] Src Amplitude = 62.0
*           1097.5698460   1    15    29     9       197  62   3.471E+03
*           1097.5698495   3    10    30     9       215  63   3.195E+03
*           1097.5698510   2    77    28    13       224  62   5.493E+03
*           1097.5698645   6    29    30     6       205  58   1.453E+03
*           1097.5698730   5     6    12     3       113  57 887.913E+00
* Gp# 1[1,3,2,6,5] x,y,z = 1.747, 7.962, 3.665, q = 0.9787 dT[2, 2, 21, 25] Src Amplitude = 61.0
*           1097.6656820   1    12    26     7       192  61   2.216E+03
*           1097.6656835   3    13    24     7       182  61   2.052E+03
*           1097.6656840   2     9    23    11       224  61   3.498E+03
*           1097.6657025   6    24    24     3        97  56 776.758E+00
*           1097.6657070   5     2     9     2        48  55 521.268E+00
* Gp# 1[1,3,2,6,5] x,y,z = 4.47, 20.29, 3.188, q = 0.8938 dT[2, 2, 16, 25] Src Amplitude = 63.0
*           1097.7623350   1    12    29     9       195  63   3.420E+03
*           1097.7623365   3    13    29     9       224  63   3.234E+03
*           1097.7623370   2     9    30    13       227  62   5.354E+03
*           1097.7623505   6    29    30     6       205  57   1.455E+03
*           1097.7623600   5     5    12     2        51  57 799.333E+00
* Gp# 1[1,3,2,6,5] x,y,z = 6.015, 25.75, 3.682, q = 0.8098 dT[2, 2, 13, 25] Src Amplitude = 63.0
*           1100.3443610   1    12    29     9       198  63   3.422E+03
*           1100.3443625   3    13    30     9       186  63   3.174E+03
*           1100.3443630   2     9    28    11       171  63   5.069E+03
*           1100.3443735   6     1    29     7       236  58   1.532E+03
*           1100.3443860   5    20    12     4       193  58 921.720E+00
* Gp# 1[1,3,2,6,5] x,y,z = 3.209, 15.64, 7.453, q = 0.9061 dT[4, 5, 19, 27] Src Amplitude = 62.0
*           1100.5362530   1    15    29     9       197  62   3.474E+03
*           1100.5362565   3    10    30     8       183  62   3.130E+03
*           1100.5362580   2    77    26    13       227  62   5.366E+03
*           1100.5362715   6    29    30     6       208  58   1.450E+03
*           1100.5362800   5     6    12     2        55  58 831.629E+00
* Gp# 1[1,3,2,6,5] x,y,z = 4.47, 20.29, 3.188, q = 0.8938 dT[2, 2, 16, 25] Src Amplitude = 63.0
*           1100.7277450   1    12    28     9       195  63   3.415E+03
*           1100.7277465   3    13    31    10       314  63   3.263E+03
*           1100.7277470   2     9    31    14       265  63   5.658E+03
*           1100.7277605   6    26    29     6       202  57   1.441E+03
*           1100.7277700   5    20    12     2        52  57 794.611E+00
* Gp# 1[1,3,2,6,5] x,y,z = 1.747, 7.962, 3.665, q = 0.9787 dT[2, 2, 21, 25] Src Amplitude = 61.0
*           1100.8236040   1    12    26     7       194  61   2.238E+03
*           1100.8236055   3     9    26     7       182  61   2.050E+03
*           1100.8236060   2     1    24    10       224  60   3.495E+03
*           1100.8236245   6    24    22     5       200  56 923.944E+00
*           1100.8236290   5     5    10     2        51  55 523.690E+00
* Gp# 1[1,2,3,6,5] x,y,z = 3.123, 36.33, 1.413, q = 1 dT[0, 2, 13, 14] Src Amplitude = 62.0
*           1100.9202400   1     9    28     9       198  62   3.435E+03
*           1100.9202400   2     8    29    12       173  63   5.313E+03
*           1100.9202415   3    10    28     9       215  63   3.181E+03
*           1100.9202525   6    16    30     7       242  58   1.534E+03
*           1100.9202540   5    31    13     3        66  58 859.779E+00
* Gp# 1[1,3,2,6,5] x,y,z = 1.747, 7.962, 3.665, q = 0.9787 dT[2, 2, 21, 25] Src Amplitude = 61.0
*           1103.4234170   1    12    26     7       192  61   2.234E+03
*           1103.4234185   3     9    27     7       182  61   2.032E+03
*           1103.4234190   2     1    23    10       224  60   3.411E+03
*           1103.4234375   6    24    23     5       197  56 926.675E+00
*           1103.4234420   5     2    10     2        51  55 529.331E+00
* Gp# 1[1,3,2,6,5] x,y,z = 5.099, 17.12, 8.511, q = 0.9102 dT[5, 5, 19, 27] Src Amplitude = 63.0
*           1103.5202490   1    15    29     9       197  63   3.485E+03
*           1103.5202535   3     9    30     8       182  63   3.140E+03
*           1103.5202540   2     5    28    13       236  62   5.435E+03
*           1103.5202675   6    29    31     6       205  58   1.449E+03
*           1103.5202760   5     6    12     3       113  57 882.071E+00
* Gp# 1[1,3,2,6,5] x,y,z = 6.015, 25.75, 3.682, q = 0.8098 dT[2, 2, 13, 25] Src Amplitude = 63.0
*           1103.7120880   1    12    29     9       198  63   3.442E+03
*           1103.7120895   3     6    29    10       311  63   3.246E+03
*           1103.7120900   2     9    27    11       168  62   5.137E+03
*           1103.7121005   6     1    29     7       239  58   1.537E+03
*           1103.7121130   5    20    12     4       193  58 913.560E+00
* Gp# 1[1,3,2,6,5] x,y,z = 1.747, 7.962, 3.665, q = 0.9787 dT[2, 2, 21, 25] Src Amplitude = 61.0
*           1103.8078500   1    12    25     7       195  61   2.253E+03
*           1103.8078515   3     6    24     7       183  61   2.047E+03
*           1103.8078520   2     1    23     8       138  61   3.232E+03
*           1103.8078705   6     2    22     3       115  56 799.447E+00
*           1103.8078750   5    20    11     2        52  56 534.974E+00
* Gp# 1[1,3,2,6,5] x,y,z = 3.8, 12.6, 8.082, q = 0.8924 dT[4, 5, 19, 28] Src Amplitude = 62.0
*           1103.9036330   1    15    29     9       197  62   3.457E+03
*           1103.9036365   3    10    30     8       186  63   3.137E+03
*           1103.9036380   2    77    28    13       224  62   5.146E+03
*           1103.9036515   6    29    30     6       208  58   1.441E+03
*           1103.9036610   5     5    12     2        51  57 797.101E+00
* Gp# 1[1,2,3,6,5] x,y,z = 6.692, 16.05, 1.987, q = 0.936 dT[0, 2, 17, 25] Src Amplitude = 62.0
*           1104.0956000   1     9    29     9       198  62   3.452E+03
*           1104.0956000   2     8    28    13       224  62   5.367E+03
*           1104.0956015   3    10    30     9       215  63   3.181E+03
*           1104.0956165   6    29    28     7       238  58   1.525E+03
*           1104.0956250   5    20    13     3       113  58 877.839E+00
* Gp# 1[1,3,2,6,5] x,y,z = 6.015, 25.75, 3.682, q = 0.8098 dT[2, 2, 13, 25] Src Amplitude = 63.0
*           1106.6733470   1    12    29     9       195  63   3.425E+03
*           1106.6733485   3    13    30    10       314  63   3.249E+03
*           1106.6733490   2     9    28    11       167  63   4.998E+03
*           1106.6733595   6    29    29     7       239  58   1.521E+03
*           1106.6733720   5    20    13     2        55  57 804.522E+00
* Gp# 1[1,3,2,6,5] x,y,z = 1.747, 7.962, 3.665, q = 0.9787 dT[2, 2, 21, 25] Src Amplitude = 61.0
*           1106.7690910   1    12    26     7       195  61   2.230E+03
*           1106.7690925   3    13    26     7       179  61   2.028E+03
*           1106.7690930   2     9    22    10       224  61   3.498E+03
*           1106.7691115   6    25    23     3        97  56 772.729E+00
*           1106.7691160   5     2    10     2        48  55 515.790E+00
* Gp# 1[1,3,2,6,5] x,y,z = 6.265, 12.99, 9.248, q = 0.8964 dT[5, 5, 19, 28] Src Amplitude = 63.0
*           1106.8648650   1    15    29     9       198  63   3.480E+03
*           1106.8648695   3     9    30     8       182  63   3.128E+03
*           1106.8648700   2     2    28    13       236  62   5.622E+03
*           1106.8648835   6    29    30     6       205  58   1.447E+03
*           1106.8648930   5     5    12     2        51  57 792.112E+00
* Gp# 1[1,2,3,6,5] x,y,z = 3.123, 36.33, 1.413, q = 1 dT[0, 2, 13, 14] Src Amplitude = 62.0
*           1107.0566640   1    12    28     9       198  62   3.443E+03
*           1107.0566640   2    11    28    13       227  63   5.608E+03
*           1107.0566655   3    10    28    10       311  63   3.260E+03
*           1107.0566765   6    16    29     7       242  58   1.533E+03
*           1107.0566780   5    31    14     3        66  58 868.221E+00
* Gp# 1[1,3,2,6,5] x,y,z = 3.209, 15.64, 7.453, q = 0.9061 dT[4, 5, 19, 27] Src Amplitude = 62.0
*           1107.2494940   1     8    29     9       197  62   3.493E+03
*           1107.2494975   3    10    30    10       311  63   3.265E+03
*           1107.2494990   2     5    29    13       227  62   5.481E+03
*           1107.2495125   6    29    30     6       211  58   1.464E+03
*           1107.2495210   5     6    12     3       113  58 883.471E+00
* Gp# 1[1,3,2,6,5] x,y,z = 3.8, 12.6, 8.082, q = 0.8924 dT[4, 5, 19, 28] Src Amplitude = 62.0
*           1109.7754270   1    15    29     9       197  62   3.481E+03
*           1109.7754305   3    10    31    10       311  63   3.264E+03
*           1109.7754320   2     5    27    13       227  62   5.279E+03
*           1109.7754455   6    29    30     6       208  58   1.455E+03
*           1109.7754550   5     5    12     2        51  58 802.050E+00
* Gp# 1[1,2,3,6,5] x,y,z = 9.135, 24.07, 2.815, q = 0.8451 dT[0, 2, 13, 25] Src Amplitude = 63.0
*           1109.9669360   1    12    29     9       198  63   3.446E+03
*           1109.9669360   2    11    30    13       235  63   5.551E+03
*           1109.9669375   3     6    29     9       186  63   3.126E+03
*           1109.9669485   6     1    30     7       242  58   1.532E+03
*           1109.9669610   5    20    12     4       193  58 910.894E+00
* Gp# 1[1,3,2,6,5] x,y,z = -0.08515, 5.929, 4.742, q = 0.9838 dT[2, 3, 22, 25] Src Amplitude = 60.0
*           1110.0627180   1     6    27     7       195  60   2.256E+03
*           1110.0627195   3    10    25     7       183  61   2.053E+03
*           1110.0627210   2     5    22    10       224  61   3.524E+03
*           1110.0627395   6    24    23     5       197  56 926.551E+00
*           1110.0627430   5    20    10     2        52  56 527.569E+00
* Gp# 1[1,3,2,6,5] x,y,z = 6.015, 25.75, 3.682, q = 0.8098 dT[2, 2, 13, 25] Src Amplitude = 63.0
*           1110.1585620   1    12    29     9       198  63   3.443E+03
*           1110.1585635   3     6    31     9       215  63   3.181E+03
*           1110.1585640   2     9    26    11       168  62   4.944E+03
*           1110.1585745   6     1    30     7       239  58   1.526E+03
*           1110.1585870   5    20    12     2        55  58 822.918E+00
* Gp# 1[1,3,2,6,5] x,y,z = 1.737, 3.481, 3.922, q = 0.9874 dT[2, 2, 22, 25] Src Amplitude = 61.0
*           1110.2544140   1    12    25     7       195  61   2.243E+03
*           1110.2544155   3    13    24     7       183  61   2.038E+03
*           1110.2544160   2     9    22     9       171  61   3.459E+03
*           1110.2544355   6     1    22     3       114  56 797.476E+00
*           1110.2544390   5    20    10     2        52  56 529.577E+00
* Gp# 1[1,2,3,6,5] x,y,z = 9.648, 8.113, 6.056, q = 0.9384 dT[2, 4, 19, 27] Src Amplitude = 62.0
*           1110.3512770   1    15    29     9       197  62   3.487E+03
*           1110.3512790   2    80    30    13       227  62   5.451E+03
*           1110.3512805   3    10    31    10       311  63   3.267E+03
*           1110.3512955   6    29    29     7       229  58   1.497E+03
*           1110.3513040   5     6    12     2        52  58 807.205E+00
* Gp# 1[1,2,3,6,5] x,y,z = 5.277, 10.95, 5.592, q = 0.9839 dT[2, 4, 21, 25] Src Amplitude = 61.0
*           1112.7654370   1    12    25     7       194  61   2.240E+03
*           1112.7654390   2     1    20     9       170  61   3.428E+03
*           1112.7654405   3     7    25     6       180  61   2.005E+03
*           1112.7654575   6    24    23     5       197  56 918.478E+00
*           1112.7654620   5     5     9     2        51  56 525.406E+00
* Gp# 1[1,3,2,6,5] x,y,z = 6.265, 12.99, 9.248, q = 0.8964 dT[5, 5, 19, 28] Src Amplitude = 63.0
*           1112.8612070   1    15    29     9       197  63   3.486E+03
*           1112.8612115   3     9    30     9       214  63   3.177E+03
*           1112.8612120   2     5    27    13       227  62   5.499E+03
*           1112.8612255   6    29    30     6       205  58   1.450E+03
*           1112.8612350   5     5    11     2        51  57 787.684E+00
* Gp# 1[1,3,2,6,5] x,y,z = 1.747, 7.962, 3.665, q = 0.9787 dT[2, 2, 21, 25] Src Amplitude = 61.0
*           1112.9570870   1    12    26     7       194  61   2.265E+03
*           1112.9570885   3     9    25     7       182  61   2.040E+03
*           1112.9570890   2     1    23    10       224  61   3.476E+03
*           1112.9571075   6    24    24     5       200  56 931.731E+00
*           1112.9571120   5     5    10     2        48  55 520.836E+00
* Gp# 1[1,3,2,6,5] x,y,z = 4.47, 20.29, 3.188, q = 0.8938 dT[2, 2, 16, 25] Src Amplitude = 63.0
*           1113.0529440   1    12    29     9       195  63   3.430E+03
*           1113.0529455   3    13    30    10       314  63   3.236E+03
*           1113.0529460   2     9    28    14       268  63   5.515E+03
*           1113.0529595   6    30    29     6       202  57   1.433E+03
*           1113.0529690   5     2    11     2        51  57 796.669E+00
* Gp# 1[1,3,2,6,5] x,y,z = 1.747, 7.962, 3.665, q = 0.9787 dT[2, 2, 21, 25] Src Amplitude = 61.0
*           1113.1489840   1    12    25     7       194  61   2.258E+03
*           1113.1489855   3     9    25     7       182  61   2.050E+03
*           1113.1489860   2     1    21    10       224  61   3.564E+03
*           1113.1490045   6    24    23     5       197  56 919.403E+00
*           1113.1490090   5     5     9     2        48  56 532.324E+00
* Gp# 1[1,3,2,6,5] x,y,z = 1.747, 7.962, 3.665, q = 0.9787 dT[2, 2, 21, 25] Src Amplitude = 61.0
*           1113.3404630   1    12    26     7       192  61   2.247E+03
*           1113.3404645   3     9    25     7       182  61   2.041E+03
*           1113.3404650   2     1    22    10       227  61   3.386E+03
*           1113.3404835   6    24    24     5       197  56 915.680E+00
*           1113.3404880   5     5     9     2        48  55 516.278E+00
* Gp# 1[1,3,2,6,5] x,y,z = 6.015, 25.75, 3.682, q = 0.8098 dT[2, 2, 13, 25] Src Amplitude = 63.0
*           1113.4363080   1    12    28     9       198  63   3.451E+03
*           1113.4363095   3     6    30    10       314  63   3.239E+03
*           1113.4363100   2     9    27    13       227  62   5.484E+03
*           1113.4363205   6    29    28     7       236  58   1.501E+03
*           1113.4363330   5    20    12     4       193  57 921.013E+00
* Gp# 1[1,3,2,6,5] x,y,z = 6.015, 25.75, 3.682, q = 0.8098 dT[2, 2, 13, 25] Src Amplitude = 63.0
*           1115.9863530   1    12    28     9       198  63   3.450E+03
*           1115.9863545   3    13    29     9       183  63   3.121E+03
*           1115.9863550   2     9    28    12       204  63   5.158E+03
*           1115.9863655   6    29    29     7       236  57   1.512E+03
*           1115.9863780   5    20    11     2        52  57 811.842E+00
* Gp# 1[1,3,2,6,5] x,y,z = 6.015, 25.75, 3.682, q = 0.8098 dT[2, 2, 13, 25] Src Amplitude = 61.0
*           1116.0821190   1    12    26     7       195  61   2.257E+03
*           1116.0821205   3    13    23     7       183  61   2.060E+03
*           1116.0821210   2     9    23     9       171  61   3.366E+03
*           1116.0821315   6     1    23     5       203  56 937.200E+00
*           1116.0821440   5    20    10     2        52  56 527.027E+00
* Gp# 1[1,3,2,6,5] x,y,z = 6.015, 25.75, 3.682, q = 0.8098 dT[2, 2, 13, 25] Src Amplitude = 63.0
*           1116.1778710   1    12    29     9       198  63   3.450E+03
*           1116.1778725   3    13    30     9       183  63   3.130E+03
*           1116.1778730   2     9    27    13       224  63   5.553E+03
*           1116.1778835   6    29    29     7       236  58   1.513E+03
*           1116.1778960   5    20    11     2        55  57 831.440E+00
* Gp# 1[1,3,2,6,5] x,y,z = 1.737, 3.481, 3.922, q = 0.9874 dT[2, 2, 22, 25] Src Amplitude = 61.0
*           1116.2737300   1    12    25     7       195  61   2.259E+03
*           1116.2737315   3    13    26     7       183  61   2.055E+03
*           1116.2737320   2     9    22     8       138  61   3.014E+03
*           1116.2737515   6     1    22     5       230  56 972.622E+00
*           1116.2737550   5    20    11     2        48  56 512.421E+00
* Gp# 1[1,3,2,6,5] x,y,z = 6.015, 25.75, 3.682, q = 0.8098 dT[2, 2, 13, 25] Src Amplitude = 63.0
*           1116.3695620   1    12    29     9       198  63   3.452E+03
*           1116.3695635   3    13    29    10       314  63   3.261E+03
*           1116.3695640   2     9    28    13       227  63   5.350E+03
*           1116.3695745   6     1    28     7       242  58   1.532E+03
*           1116.3695870   5    20    12     4       193  58 913.602E+00
* Gp# 1[1,3,2,6,5] x,y,z = 1.747, 7.962, 3.665, q = 0.9787 dT[2, 2, 21, 25] Src Amplitude = 61.0
*           1116.4656360   1    12    26     7       195  61   2.248E+03
*           1116.4656375   3    13    25     7       179  61   2.033E+03
*           1116.4656380   2     9    22     9       164  60   3.224E+03
*           1116.4656565   6     1    23     3        97  56 780.730E+00
*           1116.4656610   5     2    10     2        52  55 530.816E+00
* Gp# 1[1,2,3,6,5] x,y,z = 9.648, 8.113, 6.056, q = 0.9384 dT[2, 4, 19, 27] Src Amplitude = 62.0
*           1116.5621980   1     8    29     9       197  62   3.485E+03
*           1116.5622000   2     8    29    13       227  62   5.430E+03
*           1116.5622015   3    10    30    10       311  63   3.244E+03
*           1116.5622165   6    29    28     6       211  58   1.459E+03
*           1116.5622250   5    20    11     2        55  58 823.291E+00
* Gp# 1[1,3,2,6,5] x,y,z = 1.737, 3.481, 3.922, q = 0.9874 dT[2, 2, 22, 25] Src Amplitude = 61.0
*           1119.0592400   1    12    25     7       195  61   2.265E+03
*           1119.0592415   3    13    27     8       314  61   2.151E+03
*           1119.0592420   2     9    22     9       168  61   3.372E+03
*           1119.0592615   6     1    22     5       230  56 968.755E+00
*           1119.0592650   5    20    11     2        55  56 540.451E+00
* Gp# 1[1,2,3,6,5] x,y,z = 9.135, 24.07, 2.815, q = 0.8451 dT[0, 2, 13, 25] Src Amplitude = 63.0
*           1119.1560790   1    12    28     9       198  63   3.449E+03
*           1119.1560790   2    11    31    14       270  63   5.619E+03
*           1119.1560805   3     6    29    10       311  63   3.297E+03
*           1119.1560915   6     1    30     7       242  58   1.529E+03
*           1119.1561040   5    20    14     2        55  58 812.763E+00
* Gp# 1[1,2,3,6,5] x,y,z = 3.598, 1.063, 3.083, q = 0.9904 dT[1, 2, 22, 25] Src Amplitude = 60.0
*           1119.2519400   1     9    26     7       195  60   2.265E+03
*           1119.2519410   2     4    25     9       169  61   3.350E+03
*           1119.2519415   3    10    24     7       183  61   2.060E+03
*           1119.2519615   6     1    22     5       224  56 957.811E+00
*           1119.2519650   5    20    10     2        55  57 543.286E+00
* Gp# 1[1,2,3,6,5] x,y,z = 9.135, 24.07, 2.815, q = 0.8451 dT[0, 2, 13, 25] Src Amplitude = 63.0
*           1119.3477720   1    12    29     9       198  63   3.443E+03
*           1119.3477720   2    11    28    14       241  63   5.541E+03
*           1119.3477735   3    13    29     9       215  63   3.157E+03
*           1119.3477845   6     1    29     7       239  58   1.516E+03
*           1119.3477970   5    20    14     2        55  58 815.385E+00
* Gp# 1[1,3,2,6,5] x,y,z = 4.47, 20.29, 3.188, q = 0.8938 dT[2, 2, 16, 25] Src Amplitude = 63.0
*           1119.5395790   1    12    28     9       195  63   3.442E+03
*           1119.5395805   3    13    29     8       182  63   3.124E+03
*           1119.5395810   2     9    27    13       227  62   5.244E+03
*           1119.5395945   6    29    29     6       205  57   1.438E+03
*           1119.5396040   5     5    12     2        51  57 801.569E+00
* Gp# 1[1,3,2,6,5] x,y,z = 1.747, 7.962, 3.665, q = 0.9787 dT[2, 2, 21, 25] Src Amplitude = 61.0
*           1119.6353040   1    12    26     7       192  61   2.243E+03
*           1119.6353055   3    13    26     7       179  61   2.036E+03
*           1119.6353060   2     1    24    11       239  61   3.588E+03
*           1119.6353245   6    24    23     3        97  56 773.819E+00
*           1119.6353290   5     2     9     2        48  55 520.408E+00
* Gp# 1[1,3,2,6,5] x,y,z = 4.47, 20.29, 3.188, q = 0.8938 dT[2, 2, 16, 25] Src Amplitude = 63.0
*           1119.7321670   1    12    29     9       195  63   3.436E+03
*           1119.7321685   3    13    30    10       310  63   3.270E+03
*           1119.7321690   2     9    28    13       227  62   5.375E+03
*           1119.7321825   6    29    30     6       205  57   1.443E+03
*           1119.7321920   5     5    12     2        51  57 807.273E+00
* Gp# 1[1,3,2,6,5] x,y,z = 1.747, 7.962, 3.665, q = 0.9787 dT[2, 2, 21, 25] Src Amplitude = 61.0
*           1122.1951830   1    12    26     7       195  61   2.258E+03
*           1122.1951845   3    13    25     7       183  61   2.052E+03
*           1122.1951850   2     9    23    10       218  61   3.414E+03
*           1122.1952035   6     1    24     3        97  56 781.558E+00
*           1122.1952080   5    20    11     2        48  56 527.143E+00
* Gp# 1[1,2,3,6,5] x,y,z = 9.648, 8.113, 6.056, q = 0.9384 dT[2, 4, 19, 27] Src Amplitude = 62.0
*           1122.2920520   1    11    30     9       200  62   3.502E+03
*           1122.2920540   2     5    29    14       271  63   5.698E+03
*           1122.2920555   3    10    28    10       311  63   3.235E+03
*           1122.2920705   6    29    28     7       238  58   1.518E+03
*           1122.2920790   5    20    12     2        55  58 814.988E+00
* Gp# 1[1,3,2,6,5] x,y,z = 1.747, 7.962, 3.665, q = 0.9787 dT[2, 2, 21, 25] Src Amplitude = 61.0
*           1122.3878760   1    12    26     8       195  61   2.266E+03
*           1122.3878775   3    13    26     7       183  61   2.041E+03
*           1122.3878780   2     9    24     9       164  61   3.368E+03
*           1122.3878965   6     1    24     3        97  56 779.658E+00
*           1122.3879010   5     2     9     2        52  55 532.560E+00
* Gp# 1[1,3,2,6,5] x,y,z = 6.265, 12.99, 9.248, q = 0.8964 dT[5, 5, 19, 28] Src Amplitude = 63.0
*           1122.4839400   1    15    29     9       198  63   3.496E+03
*           1122.4839445   3     9    29     8       182  63   3.123E+03
*           1122.4839450   2     2    27    13       227  62   5.419E+03
*           1122.4839585   6    29    30     6       205  58   1.457E+03
*           1122.4839680   5     5    11     3       112  57 864.605E+00
* Gp# 1[1,3,2,6,5] x,y,z = 1.747, 7.962, 3.665, q = 0.9787 dT[2, 2, 21, 25] Src Amplitude = 61.0
*           1122.5796880   1    12    25     8       195  61   2.253E+03
*           1122.5796895   3    13    25     7       179  61   2.023E+03
*           1122.5796900   2     9    23     9       164  61   3.333E+03
*           1122.5797085   6    24    23     4       163  56 851.056E+00
*           1122.5797130   5     2    10     2        51  55 527.981E+00
* Gp# 1[1,3,2,6,5] x,y,z = 0.3646, 37.52, 3.152, q = 1 dT[2, 2, 13, 14] Src Amplitude = 63.0
*           1122.6754300   1    12    29     9       198  63   3.457E+03
*           1122.6754315   3    10    29    10       311  63   3.253E+03
*           1122.6754320   2     6    27    13       222  63   5.337E+03
*           1122.6754425   6    16    29     7       242  58   1.540E+03
*           1122.6754440   5    31    13     3        66  58 880.017E+00
* Gp# 1[1,3,2,6,5] x,y,z = 6.265, 12.99, 9.248, q = 0.8964 dT[5, 5, 19, 28] Src Amplitude = 63.0
*           1122.8670920   1    15    29     9       197  63   3.495E+03
*           1122.8670965   3     9    29    10       310  63   3.269E+03
*           1122.8670970   2     2    27    13       227  62   5.523E+03
*           1122.8671105   6    29    29     6       205  58   1.448E+03
*           1122.8671200   5     5    10     3       112  57 882.638E+00
* Gp# 1[1,3,2,6,5] x,y,z = 1.747, 7.962, 3.665, q = 0.9787 dT[2, 2, 21, 25] Src Amplitude = 61.0
*           1125.2562620   1    12    26     7       195  61   2.263E+03
*           1125.2562635   3    13    26     7       183  61   2.062E+03
*           1125.2562640   2     9    24    10       224  61   3.365E+03
*           1125.2562825   6     2    22     3       115  56 805.645E+00
*           1125.2562870   5    20    11     2        48  56 528.006E+00
* Gp# 1[1,3,2,6,5] x,y,z = 6.015, 25.75, 3.682, q = 0.8098 dT[2, 2, 13, 25] Src Amplitude = 63.0
*           1125.3530980   1    12    29     9       198  63   3.468E+03
*           1125.3530995   3     6    29    10       311  63   3.240E+03
*           1125.3531000   2     1    28    13       230  63   5.530E+03
*           1125.3531105   6     1    28     7       239  58   1.522E+03
*           1125.3531230   5    20    13     4       193  58 926.033E+00
* Gp# 1[1,3,2,6,5] x,y,z = 3.209, 15.64, 7.453, q = 0.9061 dT[4, 5, 19, 27] Src Amplitude = 62.0
*           1125.5449080   1     8    29     9       200  62   3.514E+03
*           1125.5449115   3    10    29    10       311  63   3.242E+03
*           1125.5449130   2     5    26    13       224  62   5.390E+03
*           1125.5449265   6    29    28     6       211  58   1.461E+03
*           1125.5449350   5     6    12     3       113  58 879.856E+00
* Gp# 1[1,3,2,6,5] x,y,z = 6.015, 25.75, 3.682, q = 0.8098 dT[2, 2, 13, 25] Src Amplitude = 63.0
*           1125.7365050   1    12    29     9       198  63   3.459E+03
*           1125.7365065   3    13    29     9       221  63   3.174E+03
*           1125.7365070   2     9    28    13       221  63   5.295E+03
*           1125.7365175   6     1    30     7       239  58   1.526E+03
*           1125.7365300   5    20    13     4       193  58 922.200E+00
* Gp# 1[1,3,2,6,5] x,y,z = 3.209, 15.64, 7.453, q = 0.9061 dT[4, 5, 19, 27] Src Amplitude = 62.0
*           1125.9284540   1    15    29     9       197  62   3.507E+03
*           1125.9284575   3    10    30     8       186  63   3.134E+03
*           1125.9284590   2    77    29    14       265  62   5.653E+03
*           1125.9284725   6    29    30     6       208  58   1.461E+03
*           1125.9284810   5     6    13     2        52  57 809.800E+00
* Gp# 1[1,2,3,5,6] x,y,z = 0.303, 33.74, 9.369, q = 0.969 dT[5, 7, 16, 19] Src Amplitude = 63.0
*           1128.4273660   1    15    29     9       197  63   3.505E+03
*           1128.4273710   2    77    27    14       239  63   5.700E+03
*           1128.4273725   3     7    29     8       180  63   3.032E+03
*           1128.4273820   5    17    13     3       124  58 920.573E+00
*           1128.4273845   6    29    30     6       205  58   1.444E+03
* Gp# 1[1,2,3,6,5] x,y,z = 9.648, 8.113, 6.056, q = 0.9384 dT[2, 4, 19, 27] Src Amplitude = 62.0
*           1128.6188770   1     8    30     9       197  62   3.515E+03
*           1128.6188790   2     8    28    13       224  62   5.420E+03
*           1128.6188805   3    10    29    10       311  63   3.238E+03
*           1128.6188955   6    29    29     7       226  58   1.485E+03
*           1128.6189040   5    20    12     2        52  58 814.292E+00
* Gp# 1[1,3,2,6,5] x,y,z = 1.747, 7.962, 3.665, q = 0.9787 dT[2, 2, 21, 25] Src Amplitude = 61.0
*           1128.7146930   1    12    26     7       192  61   2.251E+03
*           1128.7146945   3     9    26     7       182  61   2.032E+03
*           1128.7146950   2     1    21     9       164  61   3.249E+03
*           1128.7147135   6    24    23     3        97  56 776.218E+00
*           1128.7147180   5     2    10     2        51  56 533.430E+00
* Gp# 1[1,3,2,6,5] x,y,z = 5.099, 17.12, 8.511, q = 0.9102 dT[5, 5, 19, 27] Src Amplitude = 62.0
*           1128.8105290   1    15    29     9       197  62   3.504E+03
*           1128.8105335   3     9    29    10       310  63   3.243E+03
*           1128.8105340   2     5    28    14       265  62   5.477E+03
*           1128.8105475   6    29    30     6       205  58   1.438E+03
*           1128.8105560   5     6    12     3       113  58 886.568E+00
* Gp# 1[1,3,2,6,5] x,y,z = 1.747, 7.962, 3.665, q = 0.9787 dT[2, 2, 21, 25] Src Amplitude = 61.0
*           1128.9066550   1    12    26     7       195  61   2.254E+03
*           1128.9066565   3    13    24     7       176  61   2.017E+03
*           1128.9066570   2     9    24    10       221  61   3.498E+03
*           1128.9066755   6     1    23     3        97  56 773.213E+00
*           1128.9066800   5    17    11     2        52  55 534.076E+00
* Gp# 1[1,3,2,6,5] x,y,z = 1.747, 7.962, 3.665, q = 0.9787 dT[2, 2, 21, 25] Src Amplitude = 63.0
*           1129.0023700   1    12    28     9       195  63   3.442E+03
*           1129.0023715   3    13    30    10       314  63   3.250E+03
*           1129.0023720   2     9    28    14       265  63   5.525E+03
*           1129.0023905   6    25    30     6       183  57   1.361E+03
*           1129.0023950   5     2    11     2        55  57 825.387E+00
* Gp# 1[1,3,2,6,5] x,y,z = -0.08515, 5.929, 4.742, q = 0.9838 dT[2, 3, 22, 25] Src Amplitude = 61.0
*           1131.4063600   1     9    27     7       195  61   2.269E+03
*           1131.4063615   3    13    24     7       183  61   2.057E+03
*           1131.4063630   2     2    25     9       167  61   3.414E+03
*           1131.4063815   6     1    23     5       194  56 915.452E+00
*           1131.4063850   5    20    10     2        52  56 541.276E+00
* Gp# 1[1,3,2,6,5] x,y,z = 6.015, 25.75, 3.682, q = 0.8098 dT[2, 2, 13, 25] Src Amplitude = 63.0
*           1131.5031990   1    12    28     9       198  63   3.462E+03
*           1131.5032005   3    13    30     9       221  63   3.197E+03
*           1131.5032010   2     9    30    14       239  62   5.396E+03
*           1131.5032115   6    29    30     7       236  57   1.512E+03
*           1131.5032240   5    20    12     2        55  57 826.624E+00
* Gp# 1[1,3,2,6,5] x,y,z = 1.747, 7.962, 3.665, q = 0.9787 dT[2, 2, 21, 25] Src Amplitude = 61.0
*           1131.5992680   1    12    26     7       192  61   2.248E+03
*           1131.5992695   3    13    24     7       179  61   2.020E+03
*           1131.5992700   2     1    23     9       167  61   3.250E+03
*           1131.5992885   6    24    24     4       180  56 889.854E+00
*           1131.5992930   5     2     9     2        48  55 524.705E+00
* Gp# 1[1,3,2,6,5] x,y,z = 4.47, 20.29, 3.188, q = 0.8938 dT[2, 2, 16, 25] Src Amplitude = 63.0
*           1131.6950110   1    12    28     9       195  63   3.465E+03
*           1131.6950125   3     9    29     9       214  63   3.166E+03
*           1131.6950130   2     1    28    14       268  62   5.486E+03
*           1131.6950265   6    29    30     6       205  57   1.448E+03
*           1131.6950360   5     5    11     2        51  57 795.025E+00
* Gp# 1[1,3,2,6,5] x,y,z = -3.244, 9.699, 6.306, q = 0.9749 dT[2, 5, 22, 25] Src Amplitude = 61.0
*           1131.7907580   1    12    27     7       195  61   2.269E+03
*           1131.7907595   3     6    25     7       183  61   2.061E+03
*           1131.7907630   2     3    23     9       165  62   3.154E+03
*           1131.7907795   6     1    22     5       224  56 967.416E+00
*           1131.7907830   5    20    10     2        52  56 532.983E+00
* Gp# 1[1,3,2,6,5] x,y,z = 3.209, 15.64, 7.453, q = 0.9061 dT[4, 5, 19, 27] Src Amplitude = 63.0
*           1131.8866010   1    15    29     9       197  63   3.508E+03
*           1131.8866045   3    10    31     9       256  63   3.198E+03
*           1131.8866060   2     5    26    13       239  62   5.587E+03
*           1131.8866195   6    29    31     6       205  58   1.451E+03
*           1131.8866280   5     6    12     3       113  57 887.317E+00
* Gp# 1[1,2,3,6,5] x,y,z = 5.277, 10.95, 5.592, q = 0.9839 dT[2, 4, 21, 25] Src Amplitude = 61.0
*           1131.9824280   1     5    25     7       194  61   2.259E+03
*           1131.9824300   2    77    24    10       224  60   3.506E+03
*           1131.9824315   3     7    23     6       180  61   1.995E+03
*           1131.9824485   6    24    23     5       197  56 918.367E+00
*           1131.9824530   5     5     9     2        51  56 526.758E+00
* Gp# 1[1,3,2,6,5] x,y,z = 4.47, 20.29, 3.188, q = 0.8938 dT[2, 2, 16, 25] Src Amplitude = 63.0
*           1132.0792630   1    12    28     9       195  63   3.447E+03
*           1132.0792645   3    13    29     9       221  63   3.174E+03
*           1132.0792650   2     9    28    13       227  62   5.491E+03
*           1132.0792785   6    30    30     6       202  57   1.430E+03
*           1132.0792880   5     5    11     2        52  57 803.659E+00
* Gp# 1[1,3,2,6,5] x,y,z = 1.747, 7.962, 3.665, q = 0.9787 dT[2, 2, 21, 25] Src Amplitude = 61.0
*           1134.4636880   1    12    26     7       195  61   2.272E+03
*           1134.4636895   3     6    24     7       183  61   2.048E+03
*           1134.4636900   2     1    25    10       224  60   3.513E+03
*           1134.4637085   6     2    22     3       115  56 801.212E+00
*           1134.4637130   5    20    11     2        48  56 523.574E+00
* Gp# 1[1,3,2,6,5] x,y,z = 3.209, 15.64, 7.453, q = 0.9061 dT[4, 5, 19, 27] Src Amplitude = 62.0
*           1134.5605460   1    15    28     9       197  62   3.515E+03
*           1134.5605495   3    10    31     8       183  63   3.129E+03
*           1134.5605510   2     5    28    13       236  62   5.431E+03
*           1134.5605645   6    29    30     6       205  58   1.443E+03
*           1134.5605730   5     6    12     3       113  58 885.285E+00
* Gp# 1[1,3,2,6,5] x,y,z = 1.747, 7.962, 3.665, q = 0.9787 dT[2, 2, 21, 25] Src Amplitude = 61.0
*           1134.6563520   1    12    25     7       195  61   2.260E+03
*           1134.6563535   3    13    26     8       314  61   2.124E+03
*           1134.6563540   2     9    22     8       138  62   3.173E+03
*           1134.6563725   6     1    22     3       115  56 798.452E+00
*           1134.6563770   5    20    11     2        52  56 532.474E+00
* Gp# 1[1,3,2,6,5] x,y,z = 4.47, 20.29, 3.188, q = 0.8938 dT[2, 2, 16, 25] Src Amplitude = 63.0
*           1134.7520580   1    12    28     9       195  63   3.459E+03
*           1134.7520595   3    13    29     9       221  63   3.160E+03
*           1134.7520600   2     9    31    13       224  62   5.317E+03
*           1134.7520735   6    30    29     7       233  57   1.504E+03
*           1134.7520830   5     2    12     2        52  57 804.231E+00
* Gp# 1[1,2,3,6,5] x,y,z = 2.914, 34.75, 4.757, q = 1 dT[2, 4, 15, 16] Src Amplitude = 62.0
*           1134.9436660   1    11    29     9       200  62   3.522E+03
*           1134.9436680   2     5    31    14       268  63   5.667E+03
*           1134.9436695   3    10    30    10       311  63   3.279E+03
*           1134.9436805   6    33    29     7       230  58   1.502E+03
*           1134.9436820   5    31    14     3       124  58 927.869E+00
* Gp# 1[1,3,2,6,5] x,y,z = 1.747, 7.962, 3.665, q = 0.9787 dT[2, 2, 21, 25] Src Amplitude = 61.0
*           1135.0395070   1    12    26     7       192  61   2.253E+03
*           1135.0395085   3     9    24     7       182  61   2.049E+03
*           1135.0395090   2     1    24    10       224  60   3.563E+03
*           1135.0395275   6    24    23     5       197  55 920.560E+00
*           1135.0395320   5     2    10     2        51  55 538.232E+00
* Gp# 1[1,3,2,6,5] x,y,z = 6.015, 25.75, 3.682, q = 0.8098 dT[2, 2, 13, 25] Src Amplitude = 63.0
*           1135.1363680   1    12    29     9       198  63   3.473E+03
*           1135.1363695   3    13    30     9       215  63   3.170E+03
*           1135.1363700   2     9    29    11       171  62   5.067E+03
*           1135.1363805   6     1    29     7       239  58   1.519E+03
*           1135.1363930   5    20    13     4       193  58 917.041E+00
* Gp# 1[1,3,2,6,5] x,y,z = 1.747, 7.962, 3.665, q = 0.9787 dT[2, 2, 21, 25] Src Amplitude = 61.0
*           1137.4913600   1    12    26     7       195  61   2.268E+03
*           1137.4913615   3    13    23     7       183  61   2.048E+03
*           1137.4913620   2     9    22    10       224  61   3.470E+03
*           1137.4913805   6     1    22     3       115  56 806.017E+00
*           1137.4913850   5     1    11     2        52  56 529.503E+00
* Gp# 1[1,3,2,6,5] x,y,z = 6.265, 12.99, 9.248, q = 0.8964 dT[5, 5, 19, 28] Src Amplitude = 63.0
*           1137.5874210   1    15    29     9       197  63   3.525E+03
*           1137.5874255   3     9    29     8       182  63   3.121E+03
*           1137.5874260   2     2    27    13       239  62   5.282E+03
*           1137.5874395   6    29    30     6       205  58   1.446E+03
*           1137.5874490   5     5    11     2        51  58 807.183E+00
* Gp# 1[1,3,2,6,5] x,y,z = 1.747, 7.962, 3.665, q = 0.9787 dT[2, 2, 21, 25] Src Amplitude = 61.0
*           1137.6842460   1    12    26     8       195  61   2.268E+03
*           1137.6842475   3    13    24     7       183  61   2.037E+03
*           1137.6842480   2     9    22    11       236  61   3.490E+03
*           1137.6842665   6     1    24     3        97  55 772.869E+00
*           1137.6842710   5     2    10     2        51  55 526.152E+00
* Gp# 1[1,2,3,6,5] x,y,z = 19.28, 5.608, 11.83, q = 0.9552 dT[2, 7, 19, 27] Src Amplitude = 62.0
*           1137.7803390   1     8    29     9       197  62   3.521E+03
*           1137.7803410   2     8    28    13       224  62   5.463E+03
*           1137.7803455   3     7    30    10       308  63   3.155E+03
*           1137.7803575   6    29    29     6       208  58   1.453E+03
*           1137.7803660   5     6    13     3       113  58 884.875E+00
* Gp# 1[1,3,2,6,5] x,y,z = 1.747, 7.962, 3.665, q = 0.9787 dT[2, 2, 21, 25] Src Amplitude = 61.0
*           1137.8760870   1    12    25     7       194  61   2.268E+03
*           1137.8760885   3     9    23     7       182  61   2.028E+03
*           1137.8760890   2     2    24    10       224  61   3.477E+03
*           1137.8761075   6    24    24     5       197  56 920.582E+00
*           1137.8761120   5     5    10     2        51  56 525.090E+00
* Gp# 1[1,2,3,6,5] x,y,z = 9.648, 8.113, 6.056, q = 0.9384 dT[2, 4, 19, 27] Src Amplitude = 62.0
*           1137.9718460   1    15    30     9       197  62   3.518E+03
*           1137.9718480   2     5    29    13       230  62   5.495E+03
*           1137.9718495   3    10    30     8       183  63   3.119E+03
*           1137.9718645   6    29    30     6       205  58   1.439E+03
*           1137.9718730   5     6    12     2        52  57 810.273E+00
* Gp# 1[1,3,2,6,5] x,y,z = 1.747, 7.962, 3.665, q = 0.9787 dT[2, 2, 21, 25] Src Amplitude = 61.0
*           1138.0676310   1    12    25     7       194  61   2.271E+03
*           1138.0676325   3     9    26     7       182  61   2.037E+03
*           1138.0676330   2     2    22    10       224  61   3.474E+03
*           1138.0676515   6    24    23     5       197  56 919.148E+00
*           1138.0676560   5     5    10     2        51  56 528.713E+00
* Gp# 1[1,2,3,6,5] x,y,z = 3.123, 36.33, 1.413, q = 1 dT[0, 2, 13, 14] Src Amplitude = 63.0
*           1138.1638750   1    12    28     9       198  63   3.483E+03
*           1138.1638750   2     8    29    13       227  62   5.492E+03
*           1138.1638765   3    10    30     9       197  63   3.127E+03
*           1138.1638875   6    16    29     7       242  58   1.530E+03
*           1138.1638890   5    31    14     3        66  58 872.360E+00
* Gp# 1[1,3,2,6,5] x,y,z = 1.747, 7.962, 3.665, q = 0.9787 dT[2, 2, 21, 25] Src Amplitude = 61.0
*           1140.5306700   1    12    26     7       192  61   2.260E+03
*           1140.5306715   3     9    25     7       182  61   2.024E+03
*           1140.5306720   2     1    23    10       224  61   3.505E+03
*           1140.5306905   6    24    22     5       194  56 917.430E+00
*           1140.5306950   5     2     9     2        51  56 541.939E+00
* Gp# 1[1,3,2,6,5] x,y,z = 6.265, 12.99, 9.248, q = 0.8964 dT[5, 5, 19, 28] Src Amplitude = 63.0
*           1140.6275250   1    15    29     9       197  63   3.515E+03
*           1140.6275295   3     9    30     8       182  63   3.114E+03
*           1140.6275300   2     2    27    13       227  62   5.241E+03
*           1140.6275435   6    29    30     6       205  58   1.440E+03
*           1140.6275530   5     5    10     2        51  57 804.957E+00
* Gp# 1[1,3,2,6,5] x,y,z = 1.737, 3.481, 3.922, q = 0.9874 dT[2, 2, 22, 25] Src Amplitude = 61.0
*           1140.7236040   1    12    27     7       195  61   2.275E+03
*           1140.7236055   3     6    23     7       183  61   2.032E+03
*           1140.7236060   2     6    24    10       230  61   3.577E+03
*           1140.7236255   6     1    22     5       224  56 958.863E+00
*           1140.7236290   5    20    10     2        52  56 540.814E+00
* Gp# 1[1,2,3,6,5] x,y,z = 9.648, 8.113, 6.056, q = 0.9384 dT[2, 4, 19, 27] Src Amplitude = 62.0
*           1140.8193440   1     8    29     9       197  62   3.536E+03
*           1140.8193460   2     8    29    14       268  62   5.478E+03
*           1140.8193475   3    10    30    10       311  63   3.243E+03
*           1140.8193625   6    29    29     6       208  58   1.437E+03
*           1140.8193710   5     6    13     2        58  58 824.401E+00
* Gp# 1[2,1,3,6,5] x,y,z = 6.854, 1.202, 1.912, q = 0.9885 dT[1, 3, 22, 26] Src Amplitude = 61.0
*           1140.9150900   2     1    24    10       227  61   3.535E+03
*           1140.9150910   1    12    25     7       192  61   2.261E+03
*           1140.9150925   3     9    25     7       182  61   2.029E+03
*           1140.9151115   6    24    23     5       197  56 915.794E+00
*           1140.9151160   5     5    10     2        51  56 526.927E+00
* Gp# 1[1,3,2,6,5] x,y,z = 1.747, 7.962, 3.665, q = 0.9787 dT[2, 2, 21, 25] Src Amplitude = 63.0
*           1141.0108900   1    12    29     9       195  63   3.468E+03
*           1141.0108915   3    13    30     9       221  63   3.183E+03
*           1141.0108920   2     9    26    13       236  63   5.349E+03
*           1141.0109105   6    24    29     6       197  57   1.408E+03
*           1141.0109150   5     2    11     2        52  57 809.977E+00
* Gp# 1[1,3,2,6,5] x,y,z = 1.747, 7.962, 3.665, q = 0.9787 dT[2, 2, 21, 25] Src Amplitude = 61.0
*           1141.1067620   1    12    26     8       195  61   2.281E+03
*           1141.1067635   3    13    25     7       176  61   2.021E+03
*           1141.1067640   2     9    24     8       138  61   3.212E+03
*           1141.1067825   6    24    24     3        97  56 781.084E+00
*           1141.1067870   5     2     9     2        48  55 523.639E+00
* Gp# 1[1,2,3,5,6] x,y,z = 0.6162, 32.45, 1.291, q = 0.9806 dT[0, 2, 14, 17] Src Amplitude = 62.0
*           1141.2025860   1    12    28     9       198  62   3.486E+03
*           1141.2025860   2     5    27    13       224  62   5.326E+03
*           1141.2025875   3    10    29    10       311  63   3.228E+03
*           1141.2026000   5    31    13     3        66  58 869.905E+00
*           1141.2026025   6    12    27     7       229  58   1.484E+03
* Gp# 1[1,3,2,6,5] x,y,z = -3.244, 9.699, 6.306, q = 0.9749 dT[2, 5, 22, 25] Src Amplitude = 60.0
*           1143.5779010   1     6    27     7       195  60   2.283E+03
*           1143.5779025   3    10    24     7       183  61   2.027E+03
*           1143.5779060   2     3    23    10       222  61   3.475E+03
*           1143.5779225   6    24    23     5       200  56 924.214E+00
*           1143.5779260   5    20    10     2        52  56 529.271E+00
* Gp# 1[1,2,3,6,5] x,y,z = 6.692, 16.05, 1.987, q = 0.936 dT[0, 2, 17, 25] Src Amplitude = 63.0
*           1143.6747470   1    12    29     9       198  63   3.497E+03
*           1143.6747470   2     8    29    12       173  63   5.218E+03
*           1143.6747485   3    10    30    10       311  63   3.238E+03
*           1143.6747635   6    12    28     7       232  58   1.502E+03
*           1143.6747720   5    20    13     2        55  58 813.625E+00
* Gp# 1[1,3,2,6,5] x,y,z = 1.747, 7.962, 3.665, q = 0.9787 dT[2, 2, 21, 25] Src Amplitude = 61.0
*           1143.7704950   1    12    26     7       192  61   2.268E+03
*           1143.7704965   3    13    28     7       183  61   2.046E+03
*           1143.7704970   2     1    22    10       221  60   3.355E+03
*           1143.7705155   6    24    23     3        97  55 772.202E+00
*           1143.7705200   5     2    10     2        51  55 520.239E+00
* Gp# 1[1,2,3,5,6] x,y,z = 0.5213, 30.34, 4.416, q = 0.9805 dT[2, 4, 16, 19] Src Amplitude = 62.0
*           1143.8662890   1    11    28     9       200  62   3.524E+03
*           1143.8662910   2     8    27    13       230  62   5.349E+03
*           1143.8662925   3    10    30    10       311  63   3.238E+03
*           1143.8663050   5    31    13     3        66  58 866.313E+00
*           1143.8663075   6    29    30     7       229  58   1.480E+03
* Gp# 1[1,2,3,6,5] x,y,z = 9.135, 24.07, 2.815, q = 0.8451 dT[0, 2, 13, 25] Src Amplitude = 63.0
*           1144.0579890   1    12    29     9       198  63   3.493E+03
*           1144.0579890   2    11    29    11       173  63   5.155E+03
*           1144.0579905   3    13    30    10       314  63   3.280E+03
*           1144.0580015   6     1    29     7       239  58   1.520E+03
*           1144.0580140   5    20    13     4       193  58 916.201E+00
* Gp# 1[1,3,2,6,5] x,y,z = 1.747, 7.962, 3.665, q = 0.9787 dT[2, 2, 21, 25] Src Amplitude = 61.0
*           1144.1540310   1    12    26     7       192  61   2.261E+03
*           1144.1540325   3     9    25     7       179  61   2.018E+03
*           1144.1540330   2     1    23    11       224  60   3.532E+03
*           1144.1540515   6    24    22     4       160  56 836.668E+00
*           1144.1540560   5     2     9     2        48  55 513.856E+00
* Gp# 1[1,3,2,6,5] x,y,z = 6.265, 12.99, 9.248, q = 0.8964 dT[5, 5, 19, 28] Src Amplitude = 63.0
*           1144.2497710   1    15    29    10       198  63   3.542E+03
*           1144.2497755   3     9    29     9       224  63   3.168E+03
*           1144.2497760   2     1    30    13       227  62   5.274E+03
*           1144.2497895   6    29    29     6       202  57   1.434E+03
*           1144.2497990   5     5    11     2        51  57 806.838E+00
* Gp# 1[1,3,2,6,5] x,y,z = 1.737, 3.481, 3.922, q = 0.9874 dT[2, 2, 22, 25] Src Amplitude = 61.0
*           1146.6058900   1    12    26     7       195  61   2.292E+03
*           1146.6058915   3     6    23     7       183  61   2.037E+03
*           1146.6058920   2     9    24     9       168  61   3.312E+03
*           1146.6059115   6     1    23     4       177  56 876.051E+00
*           1146.6059150   5    20    10     2        52  56 527.601E+00
* Gp# 1[1,2,3,6,5] x,y,z = 2.914, 34.75, 4.757, q = 1 dT[2, 4, 15, 16] Src Amplitude = 62.0
*           1146.7027460   1    11    28     9       200  62   3.561E+03
*           1146.7027480   2     5    28    11       173  62   5.131E+03
*           1146.7027495   3    10    31     9       215  63   3.167E+03
*           1146.7027605   6    33    29     7       233  58   1.508E+03
*           1146.7027620   5    31    13     3        66  58 870.058E+00
* Gp# 1[1,3,2,6,5] x,y,z = 1.737, 3.481, 3.922, q = 0.9874 dT[2, 2, 22, 25] Src Amplitude = 60.0
*           1146.7987960   1     9    26     7       195  60   2.291E+03
*           1146.7987975   3    10    24     7       183  61   2.031E+03
*           1146.7987980   2     6    24     9       168  61   3.393E+03
*           1146.7988175   6     7    23     5       197  56 926.738E+00
*           1146.7988210   5    20    10     2        52  56 545.372E+00
* Gp# 1[1,3,2,6,5] x,y,z = 4.47, 20.29, 3.188, q = 0.8938 dT[2, 2, 16, 25] Src Amplitude = 63.0
*           1146.8945460   1    12    28    10       198  63   3.498E+03
*           1146.8945475   3    13    30    10       314  63   3.221E+03
*           1146.8945480   2     1    30    13       233  63   5.473E+03
*           1146.8945615   6    26    29     6       188  58   1.373E+03
*           1146.8945710   5    20    12     2        52  57 804.403E+00
* Gp# 1[1,2,3,6,5] x,y,z = 5.277, 10.95, 5.592, q = 0.9839 dT[2, 4, 21, 25] Src Amplitude = 61.0
*           1146.9902850   1    12    25     7       194  61   2.283E+03
*           1146.9902870   2     1    23    10       204  61   3.439E+03
*           1146.9902885   3     7    24     6       180  61   1.991E+03
*           1146.9903055   6    24    21     5       197  56 918.362E+00
*           1146.9903100   5     5     9     2        51  56 530.777E+00
* Gp# 1[1,3,2,6,5] x,y,z = 6.265, 12.99, 9.248, q = 0.8964 dT[5, 5, 19, 28] Src Amplitude = 63.0
*           1147.0861120   1    15    28    10       198  63   3.534E+03
*           1147.0861165   3     9    29     9       221  63   3.175E+03
*           1147.0861170   2     1    29    15       332  62   5.436E+03
*           1147.0861305   6    29    29     6       202  58   1.424E+03
*           1147.0861400   5     5    12     2        51  57 818.049E+00
* Gp# 1[1,3,2,6,5] x,y,z = 1.747, 7.962, 3.665, q = 0.9787 dT[2, 2, 21, 25] Src Amplitude = 61.0
*           1147.1819760   1    12    25     7       192  61   2.264E+03
*           1147.1819775   3     9    23     7       182  61   2.038E+03
*           1147.1819780   2     1    24     9       170  61   3.291E+03
*           1147.1819965   6    24    22     4       180  56 880.047E+00
*           1147.1820010   5     5     9     2        51  55 539.847E+00
* Gp# 1[1,3,2,6,5] x,y,z = 4.47, 20.29, 3.188, q = 0.8938 dT[2, 2, 16, 25] Src Amplitude = 63.0
*           1147.2788740   1    12    29     9       195  63   3.490E+03
*           1147.2788755   3    13    27     9       221  63   3.182E+03
*           1147.2788760   2     9    30    14       236  62   5.547E+03
*           1147.2788895   6    29    29     6       202  57   1.430E+03
*           1147.2788990   5     5    11     4       196  57 922.146E+00
* Gp# 1[1,3,2,6,5] x,y,z = 4.47, 20.29, 3.188, q = 0.8938 dT[2, 2, 16, 25] Src Amplitude = 63.0
*           1149.7438340   1    12    29     9       195  63   3.479E+03
*           1149.7438355   3    13    30     9       221  63   3.157E+03
*           1149.7438360   2     1    31    13       227  62   5.380E+03
*           1149.7438495   6    29    30     6       205  57   1.436E+03
*           1149.7438590   5     5    12     2        51  57 801.923E+00
* Gp# 1[1,2,3,6,5] x,y,z = 6.692, 16.05, 1.987, q = 0.936 dT[0, 2, 17, 25] Src Amplitude = 62.0
*           1149.9357940   1     9    29     9       198  62   3.502E+03
*           1149.9357940   2     8    31    14       239  63   5.570E+03
*           1149.9357955   3    10    29    10       311  63   3.251E+03
*           1149.9358105   6    29    28     7       238  58   1.505E+03
*           1149.9358190   5    20    12     2        55  58 806.017E+00
* Gp# 1[1,3,2,6,5] x,y,z = 1.747, 7.962, 3.665, q = 0.9787 dT[2, 2, 21, 25] Src Amplitude = 61.0
*           1150.0315470   1    12    26     8       195  61   2.288E+03
*           1150.0315485   3    13    25     7       179  62   2.025E+03
*           1150.0315490   2     1    24    11       224  61   3.629E+03
*           1150.0315675   6    24    23     3        97  56 776.353E+00
*           1150.0315720   5     2     9     2        51  55 522.297E+00
* Gp# 1[1,3,2,6,5] x,y,z = 6.015, 25.75, 3.682, q = 0.8098 dT[2, 2, 13, 25] Src Amplitude = 63.0
*           1150.1273040   1    12    28    10       198  63   3.497E+03
*           1150.1273055   3    13    29     9       186  63   3.139E+03
*           1150.1273060   2     9    29    13       239  63   5.431E+03
*           1150.1273165   6    33    29     6       191  57   1.385E+03
*           1150.1273290   5     2    11     2        55  57 823.929E+00
* Gp# 1[1,3,2,6,5] x,y,z = 1.747, 7.962, 3.665, q = 0.9787 dT[2, 2, 21, 25] Src Amplitude = 61.0
*           1150.2238540   1    12    25     7       195  61   2.294E+03
*           1150.2238555   3    13    24     7       183  61   2.048E+03
*           1150.2238560   2     9    22     9       168  61   3.307E+03
*           1150.2238745   6     2    22     3       115  56 802.862E+00
*           1150.2238790   5    20    11     2        52  56 526.309E+00
* Gp# 1[1,2,3,5,6] x,y,z = -0.7116, 32.95, 2.132, q = 1 dT[1, 2, 14, 17] Src Amplitude = 62.0
*           1150.3199010   1     9    28     9       198  62   3.502E+03
*           1150.3199020   2     4    28    13       226  62   5.544E+03
*           1150.3199025   3    10    30    10       311  63   3.240E+03
*           1150.3199150   5    31    12     3       124  58 922.624E+00
*           1150.3199175   6    29    28     7       229  58   1.478E+03
* Gp# 1[1,3,2,6,5] x,y,z = 1.737, 3.481, 3.922, q = 0.9874 dT[2, 2, 22, 25] Src Amplitude = 61.0
*           1152.7218410   1    12    26     7       195  61   2.291E+03
*           1152.7218425   3     6    23     7       183  61   2.021E+03
*           1152.7218430   2     1    24     9       168  60   3.269E+03
*           1152.7218625   6     1    21     4       177  56 866.314E+00
*           1152.7218660   5    20     9     2        48  56 517.374E+00
* Gp# 1[1,3,2,6,5] x,y,z = 6.015, 25.75, 3.682, q = 0.8098 dT[2, 2, 13, 25] Src Amplitude = 63.0
*           1152.8179000   1    12    28     9       198  63   3.486E+03
*           1152.8179015   3    13    31     9       221  63   3.155E+03
*           1152.8179020   2     9    29    13       230  63   5.384E+03
*           1152.8179125   6    29    28     7       236  57   1.511E+03
*           1152.8179250   5    20    12     4       193  58 937.062E+00
* Gp# 1[1,3,2,6,5] x,y,z = 4.47, 20.29, 3.188, q = 0.8938 dT[2, 2, 16, 25] Src Amplitude = 63.0
*           1153.0097200   1    12    28     9       198  63   3.499E+03
*           1153.0097215   3    13    28     9       186  63   3.120E+03
*           1153.0097220   2     9    29    13       239  62   5.344E+03
*           1153.0097355   6    26    28     7       236  57   1.491E+03
*           1153.0097450   5    20    11     2        55  57 813.442E+00
* Gp# 1[1,3,2,6,5] x,y,z = 1.737, 3.481, 3.922, q = 0.9874 dT[2, 2, 22, 25] Src Amplitude = 61.0
*           1153.1054640   1    12    27     7       195  61   2.295E+03
*           1153.1054655   3    13    24     7       183  61   2.027E+03
*           1153.1054660   2     9    24     9       168  61   3.464E+03
*           1153.1054855   6     1    22     3       118  56 808.422E+00
*           1153.1054890   5    20    10     2        52  56 539.112E+00
* Gp# 1[1,3,2,6,5] x,y,z = 6.015, 25.75, 3.682, q = 0.8098 dT[2, 2, 13, 25] Src Amplitude = 63.0
*           1153.2012630   1    12    29     9       198  63   3.482E+03
*           1153.2012645   3    13    27     9       221  63   3.147E+03
*           1153.2012650   2     9    29    13       221  63   5.196E+03
*           1153.2012755   6     1    28     7       239  58   1.503E+03
*           1153.2012880   5    20    13     2        55  57 811.744E+00
* Gp# 1[1,3,2,6,5] x,y,z = 1.747, 7.962, 3.665, q = 0.9787 dT[2, 2, 21, 25] Src Amplitude = 61.0
*           1153.2971280   1    12    26     8       195  61   2.293E+03
*           1153.2971295   3    13    23     6       160  61   1.987E+03
*           1153.2971300   2     9    25    11       227  61   3.556E+03
*           1153.2971485   6    24    23     4       183  56 886.012E+00
*           1153.2971530   5     2    10     2        48  55 520.824E+00
* Gp# 1[1,3,2,6,5] x,y,z = 4.47, 20.29, 3.188, q = 0.8938 dT[2, 2, 16, 25] Src Amplitude = 63.0
*           1153.3929600   1    12    28     9       195  63   3.498E+03
*           1153.3929615   3    13    28    10       310  63   3.243E+03
*           1153.3929620   2     1    30    15       335  62   5.689E+03
*           1153.3929755   6    29    29     7       233  57   1.492E+03
*           1153.3929850   5     5    10     2        48  57 783.709E+00
* Gp# 1[1,3,2,6,5] x,y,z = 1.737, 3.481, 3.922, q = 0.9874 dT[2, 2, 22, 25] Src Amplitude = 61.0
*           1155.7848950   1    12    27     7       195  61   2.285E+03
*           1155.7848965   3    13    24     7       183  61   2.037E+03
*           1155.7848970   2     9    22     9       168  61   3.333E+03
*           1155.7849165   6     1    22     3       114  56 793.234E+00
*           1155.7849200   5    20    11     2        52  56 531.543E+00
* Gp# 1[1,3,2,6,5] x,y,z = 6.015, 25.75, 3.682, q = 0.8098 dT[2, 2, 13, 25] Src Amplitude = 63.0
*           1155.8809570   1    12    29     9       198  63   3.502E+03
*           1155.8809585   3    13    30    10       314  63   3.244E+03
*           1155.8809590   2     9    31    14       239  63   5.542E+03
*           1155.8809695   6    29    30     7       239  58   1.510E+03
*           1155.8809820   5    20    13     2        55  58 817.877E+00
* Gp# 1[1,3,2,6,5] x,y,z = 1.737, 3.481, 3.922, q = 0.9874 dT[2, 2, 22, 25] Src Amplitude = 61.0
*           1155.9767910   1    12    26     7       195  61   2.297E+03
*           1155.9767925   3     6    23     7       183  61   2.034E+03
*           1155.9767930   2     9    25     8       138  61   3.147E+03
*           1155.9768125   6     1    21     3       121  56 808.496E+00
*           1155.9768160   5    20    10     2        52  56 533.499E+00
* Gp# 1[1,2,3,5,6] x,y,z = 0.6162, 32.45, 1.291, q = 0.9806 dT[0, 2, 14, 17] Src Amplitude = 62.0
*           1156.0726640   1     9    29     9       195  62   3.492E+03
*           1156.0726640   2     8    29    13       227  63   5.380E+03
*           1156.0726655   3    10    30    10       311  63   3.223E+03
*           1156.0726780   5    31    13     3        66  58 850.269E+00
*           1156.0726805   6    12    27     6       205  58   1.422E+03
* Gp# 1[1,2,3,6,5] x,y,z = 5.277, 10.95, 5.592, q = 0.9839 dT[2, 4, 21, 25] Src Amplitude = 61.0
*           1156.1686860   1    12    25     7       191  61   2.281E+03
*           1156.1686880   2     1    23    11       233  61   3.723E+03
*           1156.1686895   3     7    24     6       180  61   2.009E+03
*           1156.1687065   6    24    24     5       194  56 909.201E+00
*           1156.1687110   5     5    10     2        51  55 527.840E+00
* Gp# 1[1,3,2,6,5] x,y,z = 4.47, 20.29, 3.188, q = 0.8938 dT[2, 2, 16, 25] Src Amplitude = 63.0
*           1156.2644280   1    12    28     9       195  63   3.494E+03
*           1156.2644295   3    13    29     8       183  63   3.120E+03
*           1156.2644300   2     1    27    13       239  63   5.338E+03
*           1156.2644435   6    29    28     6       202  57   1.428E+03
*           1156.2644530   5     5    11     2        51  58 805.039E+00
* Gp# 1[1,3,2,6,5] x,y,z = -0.08515, 5.929, 4.742, q = 0.9838 dT[2, 3, 22, 25] Src Amplitude = 60.0
*           1156.3601770   1     9    26     7       195  60   2.282E+03
*           1156.3601785   3    10    24     7       183  61   2.024E+03
*           1156.3601800   2     5    23    10       224  60   3.543E+03
*           1156.3601985   6    24    21     5       197  56 908.193E+00
*           1156.3602020   5    20    10     2        52  56 528.743E+00
* Gp# 1[1,2,3,6,5] x,y,z = 3.123, 36.33, 1.413, q = 1 dT[0, 2, 13, 14] Src Amplitude = 63.0
*           1156.4560280   1    12    28     9       198  63   3.511E+03
*           1156.4560280   2     8    27    11       173  63   5.213E+03
*           1156.4560295   3    10    29    10       311  63   3.229E+03
*           1156.4560405   6    16    29     7       233  58   1.488E+03
*           1156.4560420   5    31    13     3        66  58 867.907E+00
* Gp# 1[1,2,3,6,5] x,y,z = 9.648, 8.113, 6.056, q = 0.9384 dT[2, 4, 19, 27] Src Amplitude = 62.0
*           1158.9672020   1    11    29     9       197  62   3.552E+03
*           1158.9672040   2     8    28    13       230  62   5.523E+03
*           1158.9672055   3    10    29    10       311  63   3.242E+03
*           1158.9672205   6    29    28     6       205  58   1.420E+03
*           1158.9672290   5     6    12     2        55  58 817.708E+00
* Gp# 1[1,3,2,6,5] x,y,z = -0.08515, 5.929, 4.742, q = 0.9838 dT[2, 3, 22, 25] Src Amplitude = 60.0
*           1159.0629700   1     6    26     7       195  60   2.294E+03
*           1159.0629715   3    10    24     7       183  61   2.023E+03
*           1159.0629730   2     5    22    10       224  61   3.694E+03
*           1159.0629915   6    24    22     5       194  56 909.117E+00
*           1159.0629950   5    20    10     2        52  56 536.314E+00
* Gp# 1[1,3,2,6,5] x,y,z = 4.47, 20.29, 3.188, q = 0.8938 dT[2, 2, 16, 25] Src Amplitude = 63.0
*           1159.1586900   1    12    27    10       195  63   3.505E+03
*           1159.1586915   3    13    30     9       221  63   3.166E+03
*           1159.1586920   2     1    29    14       265  62   5.372E+03
*           1159.1587055   6     1    28     7       233  57   1.491E+03
*           1159.1587150   5     2    11     2        52  57 794.094E+00
* Gp# 1[1,3,2,6,5] x,y,z = 4.47, 20.29, 3.188, q = 0.8938 dT[2, 2, 16, 25] Src Amplitude = 63.0
*           1159.3503570   1    12    28     9       195  63   3.513E+03
*           1159.3503585   3    13    29     8       186  63   3.107E+03
*           1159.3503590   2     9    29    14       265  63   5.530E+03
*           1159.3503725   6    29    30     6       202  57   1.412E+03
*           1159.3503820   5     5    11     2        51  57 803.261E+00
* Gp# 1[1,2,3,5,6] x,y,z = 0.6162, 32.45, 1.291, q = 0.9806 dT[0, 2, 14, 17] Src Amplitude = 63.0
*           1159.5422540   1    12    28     9       198  63   3.525E+03
*           1159.5422540   2     8    28    12       217  62   5.208E+03
*           1159.5422555   3     6    31    10       311  63   3.243E+03
*           1159.5422680   5    31    13     3        66  58 858.693E+00
*           1159.5422705   6    12    26     7       235  58   1.501E+03
* Gp# 1[1,2,3,6,5] x,y,z = 9.648, 8.113, 6.056, q = 0.9384 dT[2, 4, 19, 27] Src Amplitude = 62.0
*           1162.0822390   1    11    28     9       197  62   3.556E+03
*           1162.0822410   2     8    29    13       224  62   5.292E+03
*           1162.0822425   3    10    29    10       311  63   3.223E+03
*           1162.0822575   6    29    28     6       208  58   1.430E+03
*           1162.0822660   5    20    13     3       113  58 869.283E+00
* Gp# 1[1,3,2,6,5] x,y,z = 1.747, 7.962, 3.665, q = 0.9787 dT[2, 2, 21, 25] Src Amplitude = 61.0
*           1162.1780100   1    12    26     8       195  61   2.298E+03
*           1162.1780115   3    13    25     7       183  61   2.034E+03
*           1162.1780120   2     9    24     9       164  62   3.213E+03
*           1162.1780305   6     1    22     3        97  56 771.967E+00
*           1162.1780350   5     2    10     2        52  56 540.775E+00
* Gp# 1[1,3,2,6,5] x,y,z = 4.47, 20.29, 3.188, q = 0.8938 dT[2, 2, 16, 25] Src Amplitude = 63.0
*           1162.2737260   1    12    28     9       195  63   3.511E+03
*           1162.2737275   3    13    29     8       183  63   3.101E+03
*           1162.2737280   2     9    28    13       227  62   5.225E+03
*           1162.2737415   6    29    29     6       202  57   1.416E+03
*           1162.2737510   5     5    11     2        51  57 796.492E+00
* Gp# 1[1,3,2,6,5] x,y,z = 1.747, 7.962, 3.665, q = 0.9787 dT[2, 2, 21, 25] Src Amplitude = 61.0
*           1162.3695040   1    12    26     8       195  61   2.311E+03
*           1162.3695055   3    13    23     7       183  61   2.054E+03
*           1162.3695060   2     9    23    11       227  62   3.608E+03
*           1162.3695245   6     2    23     3       115  56 795.179E+00
*           1162.3695290   5    20    11     2        52  56 532.006E+00
* Gp# 1[1,2,3,6,5] x,y,z = 10.47, 10.94, 7.182, q = 0.9431 dT[2, 5, 19, 27] Src Amplitude = 62.0
*           1162.4653510   1     8    29     9       197  62   3.569E+03
*           1162.4653530   2     8    30    13       230  62   5.649E+03
*           1162.4653555   3     9    30     8       182  63   3.104E+03
*           1162.4653695   6    29    28     6       205  58   1.423E+03
*           1162.4653780   5     6    12     3        83  58 858.800E+00
* Gp# 1[1,3,2,6,5] x,y,z = 1.747, 7.962, 3.665, q = 0.9787 dT[2, 2, 21, 25] Src Amplitude = 61.0
*           1162.5611990   1    12    27     8       195  61   2.297E+03
*           1162.5612005   3    13    24     7       183  61   2.021E+03
*           1162.5612010   2     9    22     8       138  61   3.149E+03
*           1162.5612195   6     1    23     3       115  55 791.492E+00
*           1162.5612240   5     2    10     2        51  55 524.646E+00
* Gp# 1[1,3,2,6,5] x,y,z = 4.47, 20.29, 3.188, q = 0.8938 dT[2, 2, 16, 25] Src Amplitude = 63.0
*           1162.6580860   1    12    28     9       195  63   3.510E+03
*           1162.6580875   3    13    30    10       314  63   3.253E+03
*           1162.6580880   2     9    27    13       227  62   5.367E+03
*           1162.6581015   6    29    29     6       205  58   1.428E+03
*           1162.6581110   5     5    11     2        52  57 819.350E+00
* Gp# 1[1,3,2,6,5] x,y,z = -0.08515, 5.929, 4.742, q = 0.9838 dT[2, 3, 22, 25] Src Amplitude = 60.0
*           1165.0683400   1     6    27     7       195  60   2.300E+03
*           1165.0683415   3    10    24     7       183  61   2.036E+03
*           1165.0683430   2     2    20     9       170  60   3.392E+03
*           1165.0683615   6    24    21     5       197  56 914.023E+00
*           1165.0683650   5     6    10     2        48  56 525.839E+00
* Gp# 1[1,3,2,6,5] x,y,z = 6.015, 25.75, 3.682, q = 0.8098 dT[2, 2, 13, 25] Src Amplitude = 63.0
*           1165.1651730   1    12    28     9       198  63   3.504E+03
*           1165.1651745   3    13    30     9       197  63   3.117E+03
*           1165.1651750   2     9    29    13       225  63   5.230E+03
*           1165.1651855   6     1    29     7       239  58   1.494E+03
*           1165.1651980   5    20    13     2        55  58 811.758E+00
* Gp# 1[1,3,2,6,5] x,y,z = 1.747, 7.962, 3.665, q = 0.9787 dT[2, 2, 21, 25] Src Amplitude = 61.0
*           1165.2609210   1    12    27     8       195  61   2.301E+03
*           1165.2609225   3    13    24     7       183  61   2.047E+03
*           1165.2609230   2     9    23    10       224  60   3.459E+03
*           1165.2609415   6     1    23     3       115  56 793.705E+00
*           1165.2609460   5     2    10     2        48  56 523.174E+00
* Gp# 1[1,3,2,6,5] x,y,z = 1.737, 3.481, 3.922, q = 0.9874 dT[2, 2, 22, 25] Src Amplitude = 61.0
*           1165.4525690   1    12    27     7       195  61   2.302E+03
*           1165.4525705   3    13    23     7       183  61   2.041E+03
*           1165.4525710   2     6    23     9       168  61   3.394E+03
*           1165.4525905   6     1    23     4       177  56 872.331E+00
*           1165.4525940   5    20    11     2        52  56 528.450E+00
* Gp# 1[1,3,2,6,5] x,y,z = 0.3646, 37.52, 3.152, q = 1 dT[2, 2, 13, 14] Src Amplitude = 63.0
*           1165.5483870   1    12    28     9       198  63   3.520E+03
*           1165.5483885   3     6    28    10       311  63   3.221E+03
*           1165.5483890   2     9    28    11       171  62   5.119E+03
*           1165.5483995   6     1    28     7       233  58   1.472E+03
*           1165.5484010   5    31    13     4       204  58 973.820E+00
* Gp# 1[1,3,2,6,5] x,y,z = 1.747, 7.962, 3.665, q = 0.9787 dT[2, 2, 21, 25] Src Amplitude = 61.0
*           1165.6444580   1    12    26     7       192  61   2.288E+03
*           1165.6444595   3    13    24     7       182  61   2.042E+03
*           1165.6444600   2     9    25    10       227  61   3.484E+03
*           1165.6444785   6    24    23     3        97  56 760.717E+00
*           1165.6444830   5     5    10     2        51  56 533.028E+00
* Gp# 1[1,3,2,6,5] x,y,z = 6.015, 25.75, 3.682, q = 0.8098 dT[2, 2, 13, 25] Src Amplitude = 63.0
*           1165.7401960   1    12    28     9       198  63   3.522E+03
*           1165.7401975   3    13    29    10       314  63   3.246E+03
*           1165.7401980   2     9    28    13       233  63   5.439E+03
*           1165.7402085   6     1    27     7       239  58   1.503E+03
*           1165.7402210   5    20    13     2        55  58 822.301E+00
* Gp# 1[1,3,2,6,5] x,y,z = 1.747, 7.962, 3.665, q = 0.9787 dT[2, 2, 21, 25] Src Amplitude = 61.0
*           1168.1481100   1    12    26     8       195  61   2.315E+03
*           1168.1481115   3     9    24     7       179  61   2.017E+03
*           1168.1481120   2     1    23    10       227  60   3.415E+03
*           1168.1481305   6    24    21     3        97  56 773.159E+00
*           1168.1481350   5     2    10     2        48  55 523.190E+00
* Gp# 1[1,3,2,6,5] x,y,z = 6.015, 25.75, 3.682, q = 0.8098 dT[2, 2, 13, 25] Src Amplitude = 63.0
*           1168.2441640   1    12    28     9       198  63   3.522E+03
*           1168.2441655   3    10    29    10       311  63   3.199E+03
*           1168.2441660   2     6    29    14       262  63   5.453E+03
*           1168.2441765   6     1    28     7       233  58   1.484E+03
*           1168.2441890   5    20    13     4       193  58 925.794E+00
* Gp# 1[1,2,3,6,5] x,y,z = 5.277, 10.95, 5.592, q = 0.9839 dT[2, 4, 21, 25] Src Amplitude = 61.0
*           1168.3410400   1    12    26     7       194  61   2.307E+03
*           1168.3410420   2     2    24     9       164  60   3.195E+03
*           1168.3410435   3     7    24     6       180  61   1.983E+03
*           1168.3410605   6    24    22     5       197  56 910.891E+00
*           1168.3410650   5     5     9     2        51  56 535.077E+00
* Gp# 1[1,3,2,6,5] x,y,z = 6.265, 12.99, 9.248, q = 0.8964 dT[5, 5, 19, 28] Src Amplitude = 63.0
*           1168.4367750   1    15    29    10       197  63   3.560E+03
*           1168.4367795   3     9    28     9       214  63   3.130E+03
*           1168.4367800   2    77    29    13       236  62   5.498E+03
*           1168.4367935   6    29    30     6       205  58   1.429E+03
*           1168.4368030   5     5    11     3       112  58 872.229E+00
* Gp# 1[1,2,3,6,5] x,y,z = 3.598, 1.063, 3.083, q = 0.9904 dT[1, 2, 22, 25] Src Amplitude = 60.0
*           1168.5326030   1     6    27     7       195  60   2.302E+03
*           1168.5326040   2     4    22    10       223  61   3.608E+03
*           1168.5326045   3    10    25     7       183  61   2.045E+03
*           1168.5326245   6    24    22     5       197  56 915.591E+00
*           1168.5326280   5     6    10     2        52  56 532.028E+00
* Gp# 1[1,2,3,5,6] x,y,z = 0.5213, 30.34, 4.416, q = 0.9805 dT[2, 4, 16, 19] Src Amplitude = 62.0
*           1168.6284710   1     8    29     9       197  62   3.574E+03
*           1168.6284730   2     8    28    13       239  62   5.376E+03
*           1168.6284745   3    10    31     8       183  63   3.104E+03
*           1168.6284870   5    17    12     3       124  58 920.307E+00
*           1168.6284895   6    29    29     6       205  58   1.426E+03
* Gp# 1[1,3,2,6,5] x,y,z = 6.015, 25.75, 3.682, q = 0.8098 dT[2, 2, 13, 25] Src Amplitude = 63.0
*           1168.8203140   1    12    29     9       198  63   3.543E+03
*           1168.8203155   3     6    29     9       215  63   3.139E+03
*           1168.8203160   2     9    31    13       222  63   5.359E+03
*           1168.8203265   6     1    28     7       239  58   1.485E+03
*           1168.8203390   5    20    14     4       193  58 940.864E+00
* Gp# 1[1,3,2,5,6] x,y,z = -3.639, 37.65, 3.359, q = 0.9495 dT[2, 2, 11, 16] Src Amplitude = 63.0
*           1171.3023180   1    12    28    10       198  63   3.532E+03
*           1171.3023195   3    13    29     9       186  63   3.090E+03
*           1171.3023200   2     9    27    13       224  63   5.306E+03
*           1171.3023290   5    34    13     3        62  57 850.313E+00
*           1171.3023335   6    26    28     7       233  57   1.470E+03
* Gp# 1[1,3,2,6,5] x,y,z = -0.08515, 5.929, 4.742, q = 0.9838 dT[2, 3, 22, 25] Src Amplitude = 61.0
*           1171.3980860   1     9    26     7       195  61   2.312E+03
*           1171.3980875   3    10    25     7       183  61   2.041E+03
*           1171.3980890   2     5    23     9       167  61   3.269E+03
*           1171.3981075   6     1    23     5       194  56 900.985E+00
*           1171.3981110   5    20    10     2        52  56 536.220E+00
* Gp# 1[1,3,2,6,5] x,y,z = 3.209, 15.64, 7.453, q = 0.9061 dT[4, 5, 19, 27] Src Amplitude = 62.0
*           1171.4938020   1     8    29     9       197  62   3.583E+03
*           1171.4938055   3    10    30    10       311  63   3.243E+03
*           1171.4938070   2     5    28    13       236  62   5.334E+03
*           1171.4938205   6    29    28     6       208  58   1.427E+03
*           1171.4938290   5     6    12     3       113  58 877.475E+00
* Gp# 1[1,3,2,6,5] x,y,z = 1.747, 7.962, 3.665, q = 0.9787 dT[2, 2, 21, 25] Src Amplitude = 61.0
*           1171.5896660   1    12    25     8       192  61   2.303E+03
*           1171.5896675   3     9    25     7       183  61   2.027E+03
*           1171.5896680   2     1    22    10       221  61   3.392E+03
*           1171.5896865   6    24    22     3        97  56 763.484E+00
*           1171.5896910   5     2    10     2        51  55 532.964E+00
* Gp# 1[1,3,2,6,5] x,y,z = 1.747, 7.962, 3.665, q = 0.9787 dT[2, 2, 21, 25] Src Amplitude = 63.0
*           1171.6855050   1    12    28    10       195  63   3.537E+03
*           1171.6855065   3    13    29    10       314  63   3.229E+03
*           1171.6855070   2     9    27    13       239  63   5.333E+03
*           1171.6855255   6    25    27     5       180  57   1.342E+03
*           1171.6855300   5     5    11     2        52  57 809.059E+00
* Gp# 1[1,3,2,6,5] x,y,z = 1.747, 7.962, 3.665, q = 0.9787 dT[2, 2, 21, 25] Src Amplitude = 61.0
*           1171.7816030   1    12    26     8       195  61   2.305E+03
*           1171.7816045   3    13    24     7       179  61   2.050E+03
*           1171.7816050   2    77    26    12       265  61   3.750E+03
*           1171.7816235   6    24    22     3        97  55 766.889E+00
*           1171.7816280   5     2    10     2        48  55 532.889E+00
* Gp# 1[1,3,2,6,5] x,y,z = 4.47, 20.29, 3.188, q = 0.8938 dT[2, 2, 16, 25] Src Amplitude = 63.0
*           1171.8773630   1    12    27     9       195  63   3.507E+03
*           1171.8773645   3    13    27     9       221  63   3.166E+03
*           1171.8773650   2     9    29    14       268  62   5.460E+03
*           1171.8773785   6    29    29     6       205  57   1.422E+03
*           1171.8773880   5     5    11     3       112  57 866.000E+00
* Gp# 1[1,3,2,6,5] x,y,z = -0.08515, 5.929, 4.742, q = 0.9838 dT[2, 3, 22, 25] Src Amplitude = 60.0
*           1174.3252640   1     6    27     7       195  60   2.313E+03
*           1174.3252655   3    10    24     7       183  61   2.024E+03
*           1174.3252670   2     5    23    10       221  61   3.518E+03
*           1174.3252855   6    24    22     5       197  56 908.354E+00
*           1174.3252890   5     6    10     2        52  56 531.795E+00
* Gp# 1[1,3,2,5,6] x,y,z = -6.421, 32.83, 3.538, q = 0.8512 dT[2, 2, 11, 21] Src Amplitude = 63.0
*           1174.4220970   1    12    29    10       198  63   3.539E+03
*           1174.4220985   3    13    28    10       314  63   3.231E+03
*           1174.4220990   2     9    28    13       227  63   5.302E+03
*           1174.4221080   5    16    14     3        66  57 849.014E+00
*           1174.4221175   6    25    28     6       180  57   1.343E+03
* Gp# 1[1,3,2,6,5] x,y,z = 6.015, 25.75, 3.682, q = 0.8098 dT[2, 2, 13, 25] Src Amplitude = 63.0
*           1174.6139090   1    12    28    10       198  63   3.532E+03
*           1174.6139105   3    13    28     9       186  63   3.098E+03
*           1174.6139110   2     9    31    13       233  62   5.309E+03
*           1174.6139215   6    29    28     7       236  57   1.484E+03
*           1174.6139340   5    20    13     2        55  57 821.891E+00
* Gp# 1[1,3,2,6,5] x,y,z = 6.265, 12.99, 9.248, q = 0.8964 dT[5, 5, 19, 28] Src Amplitude = 63.0
*           1174.8054780   1    15    30    10       197  63   3.585E+03
*           1174.8054825   3     9    28     8       182  63   3.075E+03
*           1174.8054830   2     5    28    13       236  62   5.379E+03
*           1174.8054965   6    29    29     6       202  58   1.412E+03
*           1174.8055060   5     5    11     2        51  58 797.722E+00
* Gp# 1[1,3,2,6,5] x,y,z = 1.747, 7.962, 3.665, q = 0.9787 dT[2, 2, 21, 25] Src Amplitude = 61.0
*           1174.9013260   1    12    26     8       195  61   2.321E+03
*           1174.9013275   3    13    24     7       183  61   2.035E+03
*           1174.9013280   2     9    22    10       224  61   3.352E+03
*           1174.9013465   6     1    22     3       115  56 794.388E+00
*           1174.9013510   5     2    10     2        48  55 528.794E+00
* Gp# 1[1,2,3,6,5] x,y,z = 9.648, 8.113, 6.056, q = 0.9384 dT[2, 4, 19, 27] Src Amplitude = 62.0
*           1174.9982560   1     8    28     9       197  62   3.582E+03
*           1174.9982580   2     5    30    13       230  62   5.449E+03
*           1174.9982595   3    10    30     8       183  63   3.092E+03
*           1174.9982745   6    29    28     6       205  58   1.422E+03
*           1174.9982830   5     6    12     3       113  58 883.338E+00
* Gp# 1[1,3,2,6,5] x,y,z = 0.2788, 5.644, 2.612, q = 0.9763 dT[1, 2, 21, 25] Src Amplitude = 61.0
*           1177.4574910   1    12    25     7       192  61   2.306E+03
*           1177.4574915   3    10    25     7       183  61   2.032E+03
*           1177.4574930   2     1    21    11       230  62   3.598E+03
*           1177.4575115   6    24    22     4       163  56 844.108E+00
*           1177.4575160   5     5    10     2        51  55 531.232E+00
* Gp# 1[1,3,2,6,5] x,y,z = 4.47, 20.29, 3.188, q = 0.8938 dT[2, 2, 16, 25] Src Amplitude = 63.0
*           1177.5532530   1    12    28    10       195  63   3.522E+03
*           1177.5532545   3    13    28     9       221  63   3.149E+03
*           1177.5532550   2     9    31    15       332  63   5.677E+03
*           1177.5532685   6    29    29     6       199  57   1.399E+03
*           1177.5532780   5     5    12     2        55  57 823.223E+00
* Gp# 1[1,3,2,6,5] x,y,z = 1.747, 7.962, 3.665, q = 0.9787 dT[2, 2, 21, 25] Src Amplitude = 61.0
*           1177.6489740   1    12    27     8       195  61   2.321E+03
*           1177.6489755   3    13    23     7       183  61   2.037E+03
*           1177.6489760   2     9    23     8       138  61   3.133E+03
*           1177.6489945   6     1    21     3       115  56 790.627E+00
*           1177.6489990   5     2    11     2        52  56 529.762E+00
* Gp# 1[1,2,3,6,5] x,y,z = 9.135, 24.07, 2.815, q = 0.8451 dT[0, 2, 13, 25] Src Amplitude = 63.0
*           1177.7447470   1    12    28     9       198  63   3.555E+03
*           1177.7447470   2    11    28    13       220  63   5.332E+03
*           1177.7447485   3     6    28    10       311  63   3.221E+03
*           1177.7447595   6     1    29     7       242  58   1.493E+03
*           1177.7447720   5    20    13     2        55  58 812.601E+00
* Gp# 1[2,1,3,6,5] x,y,z = 6.854, 1.202, 1.912, q = 0.9885 dT[1, 3, 22, 26] Src Amplitude = 60.0
*           1177.8406010   2     1    22    11       227  60   3.499E+03
*           1177.8406020   1    12    26     8       195  61   2.319E+03
*           1177.8406035   3    13    24     6       164  61   1.978E+03
*           1177.8406225   6    25    22     3        81  56 733.978E+00
*           1177.8406270   5     2    10     2        48  56 513.824E+00
* Gp# 1[1,3,2,6,5] x,y,z = 0.4228, 35.64, 6.368, q = 1 dT[4, 4, 15, 16] Src Amplitude = 62.0
*           1177.9364390   1    11    29     9       197  62   3.597E+03
*           1177.9364425   3    10    28     8       183  63   3.122E+03
*           1177.9364430   2     6    31    13       228  62   5.340E+03
*           1177.9364535   6    33    28     6       212  58   1.440E+03
*           1177.9364550   5    31    13     3        63  58 844.966E+00
* Gp# 1[1,3,2,6,5] x,y,z = 1.737, 3.481, 3.922, q = 0.9874 dT[2, 2, 22, 25] Src Amplitude = 61.0
*           1178.0325330   1    12    27     7       195  61   2.322E+03
*           1178.0325345   3    13    23     7       183  61   2.027E+03
*           1178.0325350   2     9    23     9       168  61   3.412E+03
*           1178.0325545   6     1    20     4       177  56 863.924E+00
*           1178.0325580   5    20    11     2        55  57 546.852E+00
* Gp# 1[1,2,3,6,5] x,y,z = 9.135, 24.07, 2.815, q = 0.8451 dT[0, 2, 13, 25] Src Amplitude = 63.0
*           1178.1282550   1    12    28     9       198  63   3.563E+03
*           1178.1282550   2    11    30    13       227  63   5.280E+03
*           1178.1282565   3     6    28    10       292  63   3.217E+03
*           1178.1282675   6     1    28     7       233  58   1.474E+03
*           1178.1282800   5    20    12     2        55  58 808.271E+00
* Gp# 1[1,3,2,6,5] x,y,z = -0.08515, 5.929, 4.742, q = 0.9838 dT[2, 3, 22, 25] Src Amplitude = 61.0
*           1180.5404280   1     9    26     7       195  61   2.321E+03
*           1180.5404295   3    10    24     7       183  61   2.014E+03
*           1180.5404310   2     2    22     9       170  61   3.366E+03
*           1180.5404495   6     1    21     5       194  56 895.971E+00
*           1180.5404530   5    20    10     2        52  56 533.487E+00
* Gp# 1[1,3,2,6,5] x,y,z = 5.099, 17.12, 8.511, q = 0.9102 dT[5, 5, 19, 27] Src Amplitude = 63.0
*           1180.6372860   1    15    29    10       197  63   3.594E+03
*           1180.6372905   3     9    29     8       182  63   3.104E+03
*           1180.6372910   2     5    29    13       239  62   5.382E+03
*           1180.6373045   6    29    28     6       205  58   1.412E+03
*           1180.6373130   5     6    12     2        49  57 784.786E+00
* Gp# 1[1,3,2,6,5] x,y,z = 1.747, 7.962, 3.665, q = 0.9787 dT[2, 2, 21, 25] Src Amplitude = 61.0
*           1180.7330570   1    12    27     8       195  61   2.322E+03
*           1180.7330585   3    13    24     7       183  61   2.041E+03
*           1180.7330590   2     9    23     9       170  61   3.402E+03
*           1180.7330775   6     1    22     3       115  55 786.296E+00
*           1180.7330820   5     2    10     2        52  56 548.644E+00
* Gp# 1[1,2,3,6,5] x,y,z = 9.135, 24.07, 2.815, q = 0.8451 dT[0, 2, 13, 25] Src Amplitude = 63.0
*           1180.8287750   1    12    28     9       198  63   3.571E+03
*           1180.8287750   2    11    28    11       170  63   5.091E+03
*           1180.8287765   3     6    29    10       311  63   3.217E+03
*           1180.8287875   6     1    29     7       233  58   1.468E+03
*           1180.8288000   5    20    12     2        55  58 817.157E+00
* Gp# 1[1,3,2,6,5] x,y,z = 1.747, 7.962, 3.665, q = 0.9787 dT[2, 2, 21, 25] Src Amplitude = 61.0
*           1180.9246360   1    12    26     8       195  61   2.325E+03
*           1180.9246375   3    13    24     7       183  62   2.027E+03
*           1180.9246380   2     9    23    10       224  62   3.485E+03
*           1180.9246565   6     1    20     3       115  56 784.058E+00
*           1180.9246610   5     2    10     2        48  56 518.219E+00
* Gp# 1[1,2,3,6,5] x,y,z = 9.648, 8.113, 6.056, q = 0.9384 dT[2, 4, 19, 27] Src Amplitude = 63.0
*           1181.0204700   1    15    29    10       197  63   3.584E+03
*           1181.0204720   2     8    30    14       268  62   5.441E+03
*           1181.0204735   3    10    29     8       183  63   3.086E+03
*           1181.0204885   6    29    28     6       205  58   1.412E+03
*           1181.0204970   5     6    11     3       113  58 891.151E+00
* Gp# 1[1,3,2,6,5] x,y,z = 0.2788, 5.644, 2.612, q = 0.9763 dT[1, 2, 21, 25] Src Amplitude = 61.0
*           1181.1165740   1    12    25     7       194  61   2.333E+03
*           1181.1165745   3    10    25     7       180  61   2.020E+03
*           1181.1165760   2     2    22    10       224  60   3.327E+03
*           1181.1165945   6    24    21     5       197  56 908.865E+00
*           1181.1165990   5     5     9     2        48  56 525.030E+00
* Gp# 1[1,3,2,5,6] x,y,z = -2.314, 31.55, 6.2, q = 1 dT[4, 4, 16, 19] Src Amplitude = 62.0
*           1181.2123310   1    11    28     9       200  62   3.602E+03
*           1181.2123345   3    10    29    10       311  63   3.206E+03
*           1181.2123350   2     3    29    13       237  62   5.550E+03
*           1181.2123470   5    17    13     3        69  58 886.347E+00
*           1181.2123495   6    29    28     6       205  58   1.398E+03
* Gp# 1[1,3,2,6,5] x,y,z = 1.747, 7.962, 3.665, q = 0.9787 dT[2, 2, 21, 25] Src Amplitude = 61.0
*           1183.6633690   1    12    27     7       195  61   2.330E+03
*           1183.6633705   3    13    23     7       183  61   2.036E+03
*           1183.6633710   2     9    25     9       171  61   3.409E+03
*           1183.6633895   6     1    22     3       115  56 792.333E+00
*           1183.6633940   5    20    11     2        55  56 537.083E+00
* Gp# 1[1,2,3,6,5] x,y,z = 9.648, 8.113, 6.056, q = 0.9384 dT[2, 4, 19, 27] Src Amplitude = 62.0
*           1183.7602070   1     8    29     9       197  62   3.612E+03
*           1183.7602090   2     8    30    14       268  62   5.549E+03
*           1183.7602105   3    10    29     8       183  63   3.087E+03
*           1183.7602255   6    29    29     6       205  58   1.414E+03
*           1183.7602340   5     6    12     3       113  57 884.395E+00
* Gp# 1[1,3,2,6,5] x,y,z = 1.747, 7.962, 3.665, q = 0.9787 dT[2, 2, 21, 25] Src Amplitude = 61.0
*           1183.8559570   1    12    27     7       195  61   2.328E+03
*           1183.8559585   3     6    23     7       183  61   2.009E+03
*           1183.8559590   2     9    24     9       168  61   3.188E+03
*           1183.8559775   6     2    20     4       178  56 868.094E+00
*           1183.8559820   5    20    11     2        48  56 521.610E+00
* Gp# 1[1,3,2,6,5] x,y,z = 6.265, 12.99, 9.248, q = 0.8964 dT[5, 5, 19, 28] Src Amplitude = 63.0
*           1183.9517510   1    15    28    10       198  63   3.608E+03
*           1183.9517555   3     9    28    10       314  63   3.208E+03
*           1183.9517560   2     1    27    14       265  62   5.449E+03
*           1183.9517695   6    29    27     6       202  57   1.410E+03
*           1183.9517790   5     5    11     2        51  57 815.229E+00
* Gp# 1[1,3,2,6,5] x,y,z = 1.747, 7.962, 3.665, q = 0.9787 dT[2, 2, 21, 25] Src Amplitude = 63.0
*           1184.1434510   1    12    29    10       198  63   3.549E+03
*           1184.1434525   3    13    28    10       314  63   3.216E+03
*           1184.1434530   2     9    30    13       227  63   5.267E+03
*           1184.1434715   6     1    27     7       231  57   1.461E+03
*           1184.1434760   5    20    11     2        55  57 815.109E+00
* Gp# 1[1,2,3,6,5] x,y,z = 3.598, 1.063, 3.083, q = 0.9904 dT[1, 2, 22, 25] Src Amplitude = 61.0
*           1184.2402980   1     9    27     7       195  61   2.336E+03
*           1184.2402990   2     7    24     9       169  61   3.297E+03
*           1184.2402995   3    10    24     7       183  61   2.017E+03
*           1184.2403195   6     1    21     4       177  56 864.379E+00
*           1184.2403230   5    20    10     2        52  57 530.594E+00
* Gp# 1[1,3,2,6,5] x,y,z = 1.747, 7.962, 3.665, q = 0.9787 dT[2, 2, 21, 25] Src Amplitude = 63.0
*           1184.3363590   1    12    28    10       198  63   3.549E+03
*           1184.3363605   3    13    29    10       314  63   3.200E+03
*           1184.3363610   2     9    29    13       233  63   5.369E+03
*           1184.3363795   6    21    27     7       228  57   1.456E+03
*           1184.3363840   5    20    12     2        55  57 815.452E+00
* Gp# 1[1,3,2,6,5] x,y,z = 1.747, 7.962, 3.665, q = 0.9787 dT[2, 2, 21, 25] Src Amplitude = 61.0
*           1186.8429200   1    12    27     8       195  61   2.334E+03
*           1186.8429215   3    13    23     7       183  61   2.027E+03
*           1186.8429220   2     9    23    11       236  60   3.510E+03
*           1186.8429405   6     1    22     3       115  55 783.111E+00
*           1186.8429450   5     2    10     2        48  56 518.022E+00
* Gp# 1[1,2,3,6,5] x,y,z = 8.482, 13.11, 7.721, q = 0.9332 dT[3, 5, 19, 27] Src Amplitude = 63.0
*           1186.9389420   1    15    29     9       197  63   3.607E+03
*           1186.9389450   2     7    29    13       238  62   5.516E+03
*           1186.9389465   3     9    29     8       182  63   3.095E+03
*           1186.9389605   6    29    28     6       205  57   1.418E+03
*           1186.9389690   5     6    12     2        52  58 818.184E+00
* Gp# 1[1,3,2,6,5] x,y,z = 1.747, 7.962, 3.665, q = 0.9787 dT[2, 2, 21, 25] Src Amplitude = 61.0
*           1187.0348150   1    12    26     8       195  61   2.328E+03
*           1187.0348165   3     9    23     7       183  61   2.010E+03
*           1187.0348170   2     1    23    10       224  61   3.526E+03
*           1187.0348355   6    24    21     3        97  55 762.471E+00
*           1187.0348400   5     2     9     2        51  55 525.155E+00
* Gp# 1[1,3,2,6,5] x,y,z = 4.47, 20.29, 3.188, q = 0.8938 dT[2, 2, 16, 25] Src Amplitude = 63.0
*           1187.1306390   1    12    28    10       198  63   3.568E+03
*           1187.1306405   3    13    28     8       183  63   3.088E+03
*           1187.1306410   2     9    29    13       239  63   5.489E+03
*           1187.1306545   6    30    29     7       233  57   1.466E+03
*           1187.1306640   5     2    10     2        55  57 809.088E+00
* Gp# 1[1,3,2,6,5] x,y,z = 1.747, 7.962, 3.665, q = 0.9787 dT[2, 2, 21, 25] Src Amplitude = 61.0
*           1187.2266840   1    12    25     8       192  61   2.327E+03
*           1187.2266855   3     9    23     7       182  61   2.029E+03
*           1187.2266860   2     2    22    10       227  60   3.402E+03
*           1187.2267045   6    24    22     3        89  56 746.433E+00
*           1187.2267090   5     5    10     2        51  56 538.986E+00
* Gp# 1[1,2,3,6,5] x,y,z = 9.648, 8.113, 6.056, q = 0.9384 dT[2, 4, 19, 27] Src Amplitude = 62.0
*           1187.3224430   1     8    28     9       197  62   3.602E+03
*           1187.3224450   2     8    27    13       230  62   5.355E+03
*           1187.3224465   3    10    29    10       311  63   3.194E+03
*           1187.3224615   6    29    28     6       208  58   1.412E+03
*           1187.3224700   5     6    13     2        52  58 813.903E+00
* Gp# 1[1,3,2,6,5] x,y,z = 1.747, 7.962, 3.665, q = 0.9787 dT[2, 2, 21, 25] Src Amplitude = 61.0
*           1187.4181720   1    12    27     7       195  61   2.329E+03
*           1187.4181735   3    13    23     7       183  61   2.013E+03
*           1187.4181740   2     9    24     9       168  61   3.311E+03
*           1187.4181925   6     1    21     3       115  56 787.309E+00
*           1187.4181970   5    20    11     2        55  57 542.992E+00
* Gp# 1[1,3,2,5,6] x,y,z = -3.772, 32.06, 7.095, q = 1 dT[4, 5, 16, 19] Src Amplitude = 62.0
*           1187.5140220   1     8    29     9       197  62   3.603E+03
*           1187.5140255   3    10    29     8       183  63   3.086E+03
*           1187.5140270   2     5    30    13       236  63   5.429E+03
*           1187.5140380   5    17    13     4       124  58 931.093E+00
*           1187.5140405   6    29    27     6       205  58   1.412E+03
* Gp# 1[1,3,2,6,5] x,y,z = 4.47, 20.29, 3.188, q = 0.8938 dT[2, 2, 16, 25] Src Amplitude = 63.0
*           1190.1328220   1    12    28    10       198  63   3.564E+03
*           1190.1328235   3    13    28     8       186  63   3.096E+03
*           1190.1328240   2     9    29    13       239  62   5.303E+03
*           1190.1328375   6    30    29     7       233  57   1.463E+03
*           1190.1328470   5     2    11     2        55  57 822.207E+00
* Gp# 1[1,3,2,6,5] x,y,z = 1.747, 7.962, 3.665, q = 0.9787 dT[2, 2, 21, 25] Src Amplitude = 61.0
*           1190.2286570   1    12    27     7       195  61   2.346E+03
*           1190.2286585   3    13    24     7       183  61   2.013E+03
*           1190.2286590   2     9    24     9       168  61   3.299E+03
*           1190.2286775   6     1    21     4       178  56 859.014E+00
*           1190.2286820   5    20    11     2        52  56 538.987E+00
* Gp# 1[1,3,2,6,5] x,y,z = 6.015, 25.75, 3.682, q = 0.8098 dT[2, 2, 13, 25] Src Amplitude = 63.0
*           1190.3244960   1    12    28     9       198  63   3.560E+03
*           1190.3244975   3    13    29    10       311  63   3.225E+03
*           1190.3244980   2     9    29    13       221  63   5.227E+03
*           1190.3245085   6     1    28     7       233  58   1.445E+03
*           1190.3245210   5    20    13     2        55  58 813.522E+00
* Gp# 1[1,3,2,6,5] x,y,z = 3.209, 15.64, 7.453, q = 0.9061 dT[4, 5, 19, 27] Src Amplitude = 62.0
*           1190.5163090   1     8    29     9       197  62   3.610E+03
*           1190.5163125   3    10    29     8       183  63   3.082E+03
*           1190.5163140   2     5    29    13       236  62   5.255E+03
*           1190.5163275   6    29    29     6       205  58   1.413E+03
*           1190.5163360   5     6    12     3       113  58 891.255E+00
* Gp# 1[1,2,3,5,6] x,y,z = 0.6162, 32.45, 1.291, q = 0.9806 dT[0, 2, 14, 17] Src Amplitude = 62.0
*           1190.7089190   1     9    29     9       195  62   3.576E+03
*           1190.7089190   2     8    32    14       268  63   5.654E+03
*           1190.7089205   3    10    30     9       215  63   3.090E+03
*           1190.7089330   5    31    12     3        63  58 856.707E+00
*           1190.7089355   6    29    27     6       205  58   1.408E+03
* Gp# 1[1,3,2,6,5] x,y,z = 1.747, 7.962, 3.665, q = 0.9787 dT[2, 2, 21, 25] Src Amplitude = 61.0
*           1193.1888860   1    12    26     8       195  61   2.337E+03
*           1193.1888875   3    13    24     7       183  61   2.018E+03
*           1193.1888880   2     9    25    10       224  62   3.480E+03
*           1193.1889065   6    24    19     3        97  55 763.932E+00
*           1193.1889110   5     2    10     2        48  56 519.278E+00
* Gp# 1[1,3,2,5,6] x,y,z = -3.639, 37.65, 3.359, q = 0.9495 dT[2, 2, 11, 16] Src Amplitude = 63.0
*           1193.2849770   1    12    28    10       198  63   3.560E+03
*           1193.2849785   3    13    28     8       186  63   3.080E+03
*           1193.2849790   2     9    28    14       239  63   5.710E+03
*           1193.2849880   5    19    13     3        69  57 880.631E+00
*           1193.2849925   6    29    27     7       233  57   1.461E+03
* Gp# 1[1,3,2,6,5] x,y,z = 1.747, 7.962, 3.665, q = 0.9787 dT[2, 2, 21, 25] Src Amplitude = 61.0
*           1193.3807260   1    12    26     8       195  61   2.349E+03
*           1193.3807275   3     9    24     6       176  61   1.981E+03
*           1193.3807280   2     1    22    10       224  61   3.391E+03
*           1193.3807465   6    24    21     3        97  56 763.742E+00
*           1193.3807510   5     2    10     2        52  55 531.216E+00
* Gp# 1[1,3,2,6,5] x,y,z = 3.209, 15.64, 7.453, q = 0.9061 dT[4, 5, 19, 27] Src Amplitude = 62.0
*           1193.4765170   1     8    29     9       197  62   3.621E+03
*           1193.4765205   3    10    29    10       311  63   3.236E+03
*           1193.4765220   2     5    27    12       224  62   5.136E+03
*           1193.4765355   6    29    29     6       205  58   1.407E+03
*           1193.4765440   5     6    12     3       113  58 899.853E+00
* Gp# 1[1,3,2,6,5] x,y,z = 1.747, 7.962, 3.665, q = 0.9787 dT[2, 2, 21, 25] Src Amplitude = 61.0
*           1193.5722900   1    12    27     8       195  61   2.339E+03
*           1193.5722915   3    13    23     7       183  61   2.010E+03
*           1193.5722920   2     9    25     9       168  61   3.148E+03
*           1193.5723105   6     1    20     3       115  56 781.116E+00
*           1193.5723150   5    20    10     2        52  56 529.031E+00
* Gp# 1[1,2,3,6,5] x,y,z = 9.135, 24.07, 2.815, q = 0.8451 dT[0, 2, 13, 25] Src Amplitude = 63.0
*           1193.6689050   1    12    29     9       198  63   3.587E+03
*           1193.6689050   2    11    27    13       241  62   5.319E+03
*           1193.6689065   3     6    31    10       311  63   3.217E+03
*           1193.6689175   6     1    29     6       206  58   1.407E+03
*           1193.6689300   5    20    14     2        55  58 814.703E+00
* Gp# 1[1,3,2,6,5] x,y,z = -0.08515, 5.929, 4.742, q = 0.9838 dT[2, 3, 22, 25] Src Amplitude = 61.0
*           1193.7639640   1     9    26     7       195  61   2.349E+03
*           1193.7639655   3    10    24     7       183  61   2.011E+03
*           1193.7639670   2     5    25    10       224  61   3.541E+03
*           1193.7639855   6     1    21     4       177  56 860.784E+00
*           1193.7639890   5    20    11     2        48  56 525.995E+00
* Gp# 1[1,3,2,6,5] x,y,z = 4.47, 20.29, 3.188, q = 0.8938 dT[2, 2, 16, 25] Src Amplitude = 63.0
*           1193.8600000   1    12    28    10       198  63   3.583E+03
*           1193.8600015   3    13    29    10       292  63   3.160E+03
*           1193.8600020   2     1    29    14       239  62   5.288E+03
*           1193.8600155   6     1    26     7       233  57   1.458E+03
*           1193.8600250   5    20    12     2        55  57 814.524E+00
* Gp# 1[1,2,3,6,5] x,y,z = 9.135, 24.07, 2.815, q = 0.8451 dT[0, 2, 13, 25] Src Amplitude = 63.0
*           1196.4316670   1    12    28     9       198  63   3.590E+03
*           1196.4316670   2     8    27    13       229  63   5.335E+03
*           1196.4316685   3     6    29    10       311  63   3.199E+03
*           1196.4316795   6     1    28     6       206  58   1.407E+03
*           1196.4316920   5    20    12     2        55  58 813.572E+00
* Gp# 1[1,3,2,6,5] x,y,z = 1.747, 7.962, 3.665, q = 0.9787 dT[2, 2, 21, 25] Src Amplitude = 61.0
*           1196.5275310   1    12    27     8       195  61   2.347E+03
*           1196.5275325   3    13    22     7       183  61   2.010E+03
*           1196.5275330   2     9    27    11       236  62   3.643E+03
*           1196.5275515   6     1    20     3       115  56 783.345E+00
*           1196.5275560   5    20    10     2        52  56 536.124E+00
* Gp# 1[1,3,2,6,5] x,y,z = 4.47, 20.29, 3.188, q = 0.8938 dT[2, 2, 16, 25] Src Amplitude = 63.0
*           1196.6236020   1    12    28    10       195  63   3.582E+03
*           1196.6236035   3    13    30     8       183  63   3.069E+03
*           1196.6236040   2     9    31    14       239  62   5.429E+03
*           1196.6236175   6    29    27     7       233  57   1.446E+03
*           1196.6236270   5     5    11     2        51  58 819.017E+00
* Gp# 1[1,3,2,6,5] x,y,z = 4.47, 20.29, 3.188, q = 0.8938 dT[2, 2, 16, 25] Src Amplitude = 63.0
*           1196.8150970   1    12    28    10       198  63   3.575E+03
*           1196.8150985   3    13    29    10       292  63   3.187E+03
*           1196.8150990   2     1    29    13       233  63   5.232E+03
*           1196.8151125   6    26    27     7       236  57   1.467E+03
*           1196.8151220   5    20    12     2        55  57 822.688E+00
* Gp# 1[1,3,2,6,5] x,y,z = 1.747, 7.962, 3.665, q = 0.9787 dT[2, 2, 21, 25] Src Amplitude = 61.0
*           1196.9108940   1    12    28     7       195  61   2.334E+03
*           1196.9108955   3    13    21     7       183  61   2.007E+03
*           1196.9108960   2     9    23     8       138  61   3.077E+03
*           1196.9109145   6     1    20     4       178  56 854.993E+00
*           1196.9109190   5    20    11     2        55  56 554.959E+00
* Gp# 1[1,2,3,6,5] x,y,z = 3.123, 36.33, 1.413, q = 1 dT[0, 2, 13, 14] Src Amplitude = 63.0
*           1197.0067550   1    12    29     9       198  63   3.599E+03
*           1197.0067550   2     8    28    13       230  62   5.180E+03
*           1197.0067565   3    10    29     9       186  63   3.116E+03
*           1197.0067675   6    16    28     6       212  58   1.411E+03
*           1197.0067690   5    31    12     3        96  58 907.773E+00
* Gp# 1[1,3,2,6,5] x,y,z = 1.747, 7.962, 3.665, q = 0.9787 dT[2, 2, 21, 25] Src Amplitude = 61.0
*           1199.4480580   1    12    27     8       195  61   2.349E+03
*           1199.4480595   3    13    23     7       183  61   2.002E+03
*           1199.4480600   2     9    25     9       164  62   3.218E+03
*           1199.4480785   6     1    21     3       115  55 781.602E+00
*           1199.4480830   5     2    10     2        48  56 523.752E+00
* Gp# 1[1,2,3,5,6] x,y,z = 0.5213, 30.34, 4.416, q = 0.9805 dT[2, 4, 16, 19] Src Amplitude = 62.0
*           1199.5448960   1     8    29     9       197  62   3.637E+03
*           1199.5448980   2     8    26    13       239  63   5.458E+03
*           1199.5448995   3    10    31    10       311  63   3.198E+03
*           1199.5449120   5    17    12     3       124  58 934.872E+00
*           1199.5449145   6    29    27     6       205  58   1.396E+03
* Gp# 1[1,3,2,6,5] x,y,z = 1.747, 7.962, 3.665, q = 0.9787 dT[2, 2, 21, 25] Src Amplitude = 61.0
*           1199.6406470   1    12    27     7       195  61   2.354E+03
*           1199.6406485   3    13    22     7       183  61   2.020E+03
*           1199.6406490   2     9    26    11       233  61   3.550E+03
*           1199.6406675   6     1    22     4       178  56 861.531E+00
*           1199.6406720   5    20    11     2        52  56 536.661E+00
* Gp# 1[1,3,2,6,5] x,y,z = 6.015, 25.75, 3.682, q = 0.8098 dT[2, 2, 13, 25] Src Amplitude = 63.0
*           1199.7363850   1    12    28     9       198  63   3.598E+03
*           1199.7363865   3     6    28    10       292  63   3.166E+03
*           1199.7363870   2     9    30    13       233  63   5.446E+03
*           1199.7363975   6     1    27     6       203  58   1.396E+03
*           1199.7364100   5    20    12     2        55  58 813.172E+00
* Gp# 1[1,3,2,6,5] x,y,z = 1.747, 7.962, 3.665, q = 0.9787 dT[2, 2, 21, 25] Src Amplitude = 61.0
*           1199.8322110   1    12    28     8       195  61   2.356E+03
*           1199.8322125   3    13    23     7       183  61   2.009E+03
*           1199.8322130   2     9    25     9       164  61   3.295E+03
*           1199.8322315   6     1    21     4       178  56 867.628E+00
*           1199.8322360   5    20    10     2        55  56 540.850E+00
* Gp# 1[1,2,3,6,5] x,y,z = 3.123, 36.33, 1.413, q = 1 dT[0, 2, 13, 14] Src Amplitude = 62.0
*           1199.9280240   1     9    29     9       198  62   3.604E+03
*           1199.9280240   2     8    31    13       227  62   5.375E+03
*           1199.9280255   3    10    29    10       311  63   3.175E+03
*           1199.9280365   6    16    28     6       209  58   1.405E+03
*           1199.9280380   5    31    12     3        66  58 872.954E+00
* Gp# 1[1,3,2,6,5] x,y,z = 1.747, 7.962, 3.665, q = 0.9787 dT[2, 2, 21, 25] Src Amplitude = 61.0
*           1200.0238860   1    12    27     8       195  61   2.340E+03
*           1200.0238875   3    13    22     7       183  61   2.016E+03
*           1200.0238880   2     9    23     8       138  61   3.033E+03
*           1200.0239065   6     1    21     3       115  56 782.514E+00
*           1200.0239110   5     2    11     2        52  56 539.905E+00
* Gp# 1[1,3,2,6,5] x,y,z = 6.265, 12.99, 9.248, q = 0.8964 dT[5, 5, 19, 28] Src Amplitude = 63.0
*           1200.1199190   1    15    29    10       198  63   3.647E+03
*           1200.1199235   3     9    29    10       292  63   3.173E+03
*           1200.1199240   2     1    29    13       239  62   5.317E+03
*           1200.1199375   6    29    27     6       202  57   1.385E+03
*           1200.1199470   5     5    11     2        48  58 791.882E+00
* Gp# 1[1,3,2,6,5] x,y,z = 1.747, 7.962, 3.665, q = 0.9787 dT[2, 2, 21, 25] Src Amplitude = 61.0
*           1202.5199440   1    12    27     7       195  61   2.358E+03
*           1202.5199455   3    13    23     7       183  61   2.011E+03
*           1202.5199460   2     9    26     9       168  62   3.234E+03
*           1202.5199645   6     1    20     4       178  56 858.646E+00
*           1202.5199690   5    20    10     2        52  56 530.957E+00
* Gp# 1[1,3,2,6,5] x,y,z = 4.47, 20.29, 3.188, q = 0.8938 dT[2, 2, 16, 25] Src Amplitude = 63.0
*           1202.6157080   1    12    28    10       198  63   3.603E+03
*           1202.6157095   3    13    29     8       186  63   3.079E+03
*           1202.6157100   2     9    28    13       233  62   5.265E+03
*           1202.6157235   6    30    27     7       236  57   1.445E+03
*           1202.6157330   5    20    11     2        55  57 811.634E+00
* Gp# 1[1,2,3,6,5] x,y,z = 5.277, 10.95, 5.592, q = 0.9839 dT[2, 4, 21, 25] Src Amplitude = 61.0
*           1202.7117530   1    12    26     8       192  61   2.344E+03
*           1202.7117550   2     2    25    10       227  61   3.444E+03
*           1202.7117565   3     7    22     6       174  61   1.918E+03
*           1202.7117735   6    24    20     3        85  56 734.303E+00
*           1202.7117780   5     5    10     2        48  56 519.240E+00
* Gp# 1[1,2,3,5,6] x,y,z = 0.5213, 30.34, 4.416, q = 0.9805 dT[2, 4, 16, 19] Src Amplitude = 62.0
*           1202.8075190   1    11    29     9       197  62   3.669E+03
*           1202.8075210   2     8    29    13       239  62   5.249E+03
*           1202.8075225   3    10    28     8       183  63   3.091E+03
*           1202.8075350   5    17    12     4       124  58 945.210E+00
*           1202.8075375   6    29    27     6       205  58   1.403E+03
* Gp# 1[1,3,2,6,5] x,y,z = 6.265, 12.99, 9.248, q = 0.8964 dT[5, 5, 19, 28] Src Amplitude = 63.0
*           1202.9990940   1    15    29    10       198  63   3.650E+03
*           1202.9990985   3     9    28     8       183  63   3.057E+03
*           1202.9990990   2     1    31    14       242  63   5.320E+03
*           1202.9991125   6    29    27     7       233  57   1.432E+03
*           1202.9991220   5     5    11     2        51  57 798.485E+00
* Gp# 1[1,3,2,6,5] x,y,z = 1.737, 3.481, 3.922, q = 0.9874 dT[2, 2, 22, 25] Src Amplitude = 61.0
*           1203.0949350   1     9    26     7       195  61   2.366E+03
*           1203.0949365   3    10    23     7       183  61   1.982E+03
*           1203.0949370   2     6    24     9       171  61   3.313E+03
*           1203.0949565   6     1    21     5       197  56 892.567E+00
*           1203.0949600   5    20    10     2        48  56 519.120E+00
* Gp# 1[1,2,3,5,6] x,y,z = 0.5213, 30.34, 4.416, q = 0.9805 dT[2, 4, 16, 19] Src Amplitude = 62.0
*           1203.1908180   1    11    29     9       197  62   3.658E+03
*           1203.1908200   2     8    29    13       242  63   5.460E+03
*           1203.1908215   3    10    28    10       292  63   3.146E+03
*           1203.1908340   5    31    13     3       124  58 928.516E+00
*           1203.1908365   6    29    27     6       205  58   1.389E+03
* Gp# 1[1,3,2,6,5] x,y,z = 1.747, 7.962, 3.665, q = 0.9787 dT[2, 2, 21, 25] Src Amplitude = 61.0
*           1205.5899230   1    12    26     8       192  61   2.354E+03
*           1205.5899245   3     9    22     6       183  61   2.001E+03
*           1205.5899250   2     2    22    10       227  60   3.492E+03
*           1205.5899435   6    24    20     3        89  56 746.662E+00
*           1205.5899480   5     5     9     2        48  56 527.631E+00
* Gp# 1[1,3,2,6,5] x,y,z = 4.47, 20.29, 3.188, q = 0.8938 dT[2, 2, 16, 25] Src Amplitude = 63.0
*           1205.6859860   1    12    28    10       198  63   3.601E+03
*           1205.6859875   3    13    28    10       292  63   3.153E+03
*           1205.6859880   2     9    30    13       233  63   5.243E+03
*           1205.6860015   6    30    27     7       236  57   1.444E+03
*           1205.6860110   5    20    13     2        55  57 826.633E+00
* Gp# 1[1,3,2,6,5] x,y,z = 4.47, 20.29, 3.188, q = 0.8938 dT[2, 2, 16, 25] Src Amplitude = 63.0
*           1205.8785990   1    12    29    10       195  63   3.595E+03
*           1205.8786005   3    13    28    10       314  63   3.164E+03
*           1205.8786010   2     9    31    14       268  63   5.564E+03
*           1205.8786145   6    26    26     6       230  57   1.421E+03
*           1205.8786240   5    20    12     2        55  58 809.831E+00
* Gp# 1[1,3,2,6,5] x,y,z = 4.47, 20.29, 3.188, q = 0.8938 dT[2, 2, 16, 25] Src Amplitude = 63.0
*           1206.0701990   1    12    28    10       198  63   3.620E+03
*           1206.0702005   3    13    30     9       197  63   3.064E+03
*           1206.0702010   2     9    29    13       230  63   5.333E+03
*           1206.0702145   6     1    25     7       233  57   1.446E+03
*           1206.0702240   5    20    12     2        55  58 824.656E+00
* Gp# 1[1,3,2,6,5] x,y,z = 4.47, 20.29, 3.188, q = 0.8938 dT[2, 2, 16, 25] Src Amplitude = 63.0
*           1206.2618630   1    12    28    10       195  63   3.592E+03
*           1206.2618645   3    13    28    10       314  63   3.175E+03
*           1206.2618650   2     1    29    15       332  63   5.381E+03
*           1206.2618785   6    29    27     7       233  57   1.423E+03
*           1206.2618880   5     5    11     2        52  57 800.333E+00
* Gp# 1[1,3,2,6,5] x,y,z = 1.747, 7.962, 3.665, q = 0.9787 dT[2, 2, 21, 25] Src Amplitude = 61.0
*           1208.7229080   1    12    26     8       195  61   2.395E+03
*           1208.7229095   3    13    24     7       183  61   2.013E+03
*           1208.7229100   2     1    23    10       224  60   3.340E+03
*           1208.7229285   6    24    19     3        85  56 728.540E+00
*           1208.7229330   5     2    10     2        48  55 520.967E+00
* Gp# 1[1,2,3,6,5] x,y,z = 9.135, 24.07, 2.815, q = 0.8451 dT[0, 2, 13, 25] Src Amplitude = 62.0
*           1208.8197200   1     9    29     9       198  62   3.639E+03
*           1208.8197200   2     8    28    13       239  63   5.350E+03
*           1208.8197215   3    10    29     9       215  63   3.114E+03
*           1208.8197325   6    33    27     6       206  58   1.392E+03
*           1208.8197450   5    20    12     3       113  58 909.017E+00
* Gp# 1[1,3,2,6,5] x,y,z = 1.747, 7.962, 3.665, q = 0.9787 dT[2, 2, 21, 25] Src Amplitude = 62.0
*           1208.9155660   1    12    27     8       195  62   2.374E+03
*           1208.9155675   3    13    22     7       183  61   1.984E+03
*           1208.9155680   2     1    22    10       230  60   3.433E+03
*           1208.9155865   6     1    20     3       115  55 779.918E+00
*           1208.9155910   5     2    11     2        48  56 528.875E+00
* Gp# 1[1,3,2,6,5] x,y,z = 4.47, 20.29, 3.188, q = 0.8938 dT[2, 2, 16, 25] Src Amplitude = 63.0
*           1209.0116570   1    12    28    10       198  63   3.614E+03
*           1209.0116585   3    13    29     8       186  63   3.067E+03
*           1209.0116590   2     9    30    13       239  63   5.336E+03
*           1209.0116725   6    30    26     5       183  57   1.324E+03
*           1209.0116820   5    20    12     2        55  57 822.916E+00
* Gp# 1[1,3,2,6,5] x,y,z = 4.47, 20.29, 3.188, q = 0.8938 dT[2, 2, 16, 25] Src Amplitude = 63.0
*           1209.2031440   1    12    28    10       198  63   3.622E+03
*           1209.2031455   3    13    29     8       183  63   3.063E+03
*           1209.2031460   2     9    29    13       239  63   5.290E+03
*           1209.2031595   6     1    26     6       233  57   1.433E+03
*           1209.2031690   5    20    12     2        55  58 816.581E+00
* Gp# 1[1,3,2,6,5] x,y,z = 1.747, 7.962, 3.665, q = 0.9787 dT[2, 2, 21, 25] Src Amplitude = 61.0
*           1209.2989500   1    12    27     8       195  61   2.373E+03
*           1209.2989515   3    13    24     7       183  61   1.991E+03
*           1209.2989520   2     9    27     9       167  62   3.273E+03
*           1209.2989705   6     1    20     3       115  56 780.656E+00
*           1209.2989750   5    20    11     2        48  56 522.184E+00
* Gp# 1[1,3,2,6,5] x,y,z = 3.209, 15.64, 7.453, q = 0.9061 dT[4, 5, 19, 27] Src Amplitude = 63.0
*           1209.3947940   1    15    28    10       197  63   3.663E+03
*           1209.3947975   3    10    30     8       183  63   3.048E+03
*           1209.3947990   2     2    28    13       230  62   5.199E+03
*           1209.3948125   6    29    27     6       205  58   1.389E+03
*           1209.3948210   5     6    12     3       113  58 880.964E+00
* Gp# 1[1,3,2,6,5] x,y,z = 3.209, 15.64, 7.453, q = 0.9061 dT[4, 5, 19, 27] Src Amplitude = 63.0
*           1211.9696440   1    15    29    10       195  63   3.638E+03
*           1211.9696475   3    10    30     9       289  63   3.140E+03
*           1211.9696490   2     2    27    13       236  62   5.135E+03
*           1211.9696625   6    29    26     7       233  58   1.427E+03
*           1211.9696710   5     6    12     3       113  58 892.796E+00
* Gp# 1[1,2,3,6,5] x,y,z = 5.277, 10.95, 5.592, q = 0.9839 dT[2, 4, 21, 25] Src Amplitude = 61.0
*           1212.0654920   1     5    26     7       191  61   2.342E+03
*           1212.0654940   2     5    22    10       236  61   3.421E+03
*           1212.0654955   3     7    23     6       177  61   1.951E+03
*           1212.0655125   6    24    19     3        85  56 735.496E+00
*           1212.0655170   5     5    10     2        82  56 557.910E+00
* Gp# 1[1,2,3,6,5] x,y,z = 9.135, 24.07, 2.815, q = 0.8451 dT[0, 2, 13, 25] Src Amplitude = 63.0
*           1212.1616150   1    12    29     9       198  63   3.636E+03
*           1212.1616150   2    11    29    13       239  63   5.451E+03
*           1212.1616165   3    10    29    10       311  63   3.182E+03
*           1212.1616275   6     1    27     6       203  58   1.375E+03
*           1212.1616400   5    20    12     2        55  58 812.335E+00
* Gp# 1[1,3,2,6,5] x,y,z = 1.747, 7.962, 3.665, q = 0.9787 dT[2, 2, 21, 25] Src Amplitude = 61.0
*           1212.2573830   1    12    26     8       195  61   2.368E+03
*           1212.2573845   3    13    24     7       183  61   1.987E+03
*           1212.2573850   2     1    25    11       233  61   3.499E+03
*           1212.2574035   6     1    20     3       115  55 784.361E+00
*           1212.2574080   5     2    10     2        48  56 533.243E+00
* Gp# 1[1,2,3,6,5] x,y,z = 9.135, 24.07, 2.815, q = 0.8451 dT[0, 2, 13, 25] Src Amplitude = 63.0
*           1212.3530980   1    12    28     9       198  63   3.625E+03
*           1212.3530980   2    11    28    13       232  63   5.304E+03
*           1212.3530995   3     6    29    10       292  63   3.142E+03
*           1212.3531105   6     1    28     6       189  58   1.345E+03
*           1212.3531230   5    20    14     2        55  58 820.020E+00
* Gp# 1[1,3,2,6,5] x,y,z = 1.747, 7.962, 3.665, q = 0.9787 dT[2, 2, 21, 25] Src Amplitude = 63.0
*           1212.5457110   1    12    28    10       198  63   3.626E+03
*           1212.5457125   3    13    29    10       292  63   3.145E+03
*           1212.5457130   2     9    29    13       233  63   5.238E+03
*           1212.5457315   6    21    25     5       178  57   1.299E+03
*           1212.5457360   5    20    13     2        55  58 828.925E+00
* Gp# 1[1,3,2,6,5] x,y,z = 4.47, 20.29, 3.188, q = 0.8938 dT[2, 2, 16, 25] Src Amplitude = 63.0
*           1215.1185700   1    12    29    10       198  63   3.633E+03
*           1215.1185715   3    13    29    10       292  63   3.174E+03
*           1215.1185720   2     9    28    13       233  62   5.191E+03
*           1215.1185855   6    29    26     6       233  57   1.435E+03
*           1215.1185950   5     5    11     2        55  57 812.939E+00
* Gp# 1[1,3,2,6,5] x,y,z = 6.015, 25.75, 3.682, q = 0.8098 dT[2, 2, 13, 25] Src Amplitude = 61.0
*           1215.2147010   1     9    28     7       195  61   2.383E+03
*           1215.2147025   3    10    23     7       183  61   2.011E+03
*           1215.2147030   2     3    23     9       171  61   3.209E+03
*           1215.2147135   6     1    19     4       186  56 870.995E+00
*           1215.2147260   5    20    10     2        52  56 538.516E+00
* Gp# 1[1,3,2,6,5] x,y,z = 6.265, 12.99, 9.248, q = 0.8964 dT[5, 5, 19, 28] Src Amplitude = 63.0
*           1215.3104790   1    15    30    10       198  63   3.688E+03
*           1215.3104835   3     9    28    10       295  63   3.167E+03
*           1215.3104840   2     2    29    14       268  62   5.303E+03
*           1215.3104975   6    29    28     6       233  58   1.422E+03
*           1215.3105070   5     5    11     2        51  58 813.748E+00
* Gp# 1[1,3,2,6,5] x,y,z = 1.747, 7.962, 3.665, q = 0.9787 dT[2, 2, 21, 25] Src Amplitude = 61.0
*           1215.4062420   1    12    26     7       191  61   2.352E+03
*           1215.4062435   3     9    22     6       164  61   1.961E+03
*           1215.4062440   2     5    23    10       224  61   3.410E+03
*           1215.4062625   6    24    18     3        85  56 731.322E+00
*           1215.4062670   5     5    10     2        48  56 521.361E+00
* Gp# 1[1,3,2,6,5] x,y,z = 4.47, 20.29, 3.188, q = 0.8938 dT[2, 2, 16, 25] Src Amplitude = 63.0
*           1215.5019780   1    12    28    10       198  63   3.645E+03
*           1215.5019795   3    13    28    10       292  63   3.152E+03
*           1215.5019800   2     9    29    14       266  63   5.320E+03
*           1215.5019935   6     1    24     5       183  57   1.322E+03
*           1215.5020030   5    20    12     2        55  58 811.978E+00
* Gp# 1[1,3,2,6,5] x,y,z = 6.015, 25.75, 3.682, q = 0.8098 dT[2, 2, 13, 25] Src Amplitude = 63.0
*           1215.6944540   1    12    28     9       198  63   3.642E+03
*           1215.6944555   3    10    29     8       183  63   3.028E+03
*           1215.6944560   2     6    30    13       237  63   5.295E+03
*           1215.6944665   6    16    27     6       206  58   1.391E+03
*           1215.6944790   5    20    11     2        55  58 826.208E+00
* Gp# 1[1,3,2,6,5] x,y,z = 6.015, 25.75, 3.682, q = 0.8098 dT[2, 2, 13, 25] Src Amplitude = 63.0
*           1218.2497580   1    12    29     9       195  63   3.646E+03
*           1218.2497595   3    10    28     8       183  63   3.034E+03
*           1218.2497600   2     6    27    13       228  62   5.075E+03
*           1218.2497705   6     1    27     6       206  58   1.381E+03
*           1218.2497830   5    20    12     2        55  58 825.550E+00
* Gp# 1[1,2,3,6,5] x,y,z = 7.796, 22.34, 5.496, q = 0.903 dT[2, 4, 16, 25] Src Amplitude = 61.0
*           1218.3455110   1    12    25     8       191  61   2.358E+03
*           1218.3455130   2     5    24    11       236  60   3.424E+03
*           1218.3455145   3     7    23     6       162  61   1.905E+03
*           1218.3455265   6    29    19     3        90  56 746.048E+00
*           1218.3455360   5     5     9     2        48  56 526.353E+00
* Gp# 1[1,2,3,6,5] x,y,z = 3.123, 36.33, 1.413, q = 1 dT[0, 2, 13, 14] Src Amplitude = 63.0
*           1218.4412450   1    12    29     9       198  63   3.671E+03
*           1218.4412450   2    11    29    13       230  62   5.215E+03
*           1218.4412465   3    10    28     8       183  63   3.061E+03
*           1218.4412575   6    16    27     6       200  58   1.364E+03
*           1218.4412590   5    31    12     3        66  58 875.141E+00
* Gp# 1[1,2,3,6,5] x,y,z = 9.135, 24.07, 2.815, q = 0.8451 dT[0, 2, 13, 25] Src Amplitude = 61.0
*           1218.5370990   1    12    27     7       195  61   2.386E+03
*           1218.5370990   2    11    25    11       239  62   3.548E+03
*           1218.5371005   3     6    23     7       183  61   1.991E+03
*           1218.5371115   6     1    21     4       186  56 863.994E+00
*           1218.5371240   5    20    10     2        52  57 532.197E+00
* Gp# 1[1,3,2,6,5] x,y,z = 4.47, 20.29, 3.188, q = 0.8938 dT[2, 2, 16, 25] Src Amplitude = 63.0
*           1218.6329120   1    12    28    10       198  63   3.650E+03
*           1218.6329135   3    13    28    10       292  63   3.120E+03
*           1218.6329140   2     9    28    13       239  63   5.298E+03
*           1218.6329275   6    30    26     5       183  57   1.311E+03
*           1218.6329370   5    20    12     2        55  57 824.912E+00
* Gp# 1[2,1,3,6,5] x,y,z = 6.854, 1.202, 1.912, q = 0.9885 dT[1, 3, 22, 26] Src Amplitude = 61.0
*           1218.7298330   2     1    23    10       227  61   3.348E+03
*           1218.7298340   1    12    26     8       195  61   2.386E+03
*           1218.7298355   3     9    23     7       183  61   2.008E+03
*           1218.7298545   6    24    18     3       115  56 778.617E+00
*           1218.7298590   5     5    10     2        51  56 541.600E+00
* Gp# 1[1,3,2,6,5] x,y,z = 4.47, 20.29, 3.188, q = 0.8938 dT[2, 2, 16, 25] Src Amplitude = 63.0
*           1218.8256100   1    12    29    10       198  63   3.665E+03
*           1218.8256115   3    13    28    10       292  63   3.133E+03
*           1218.8256120   2     9    29    13       233  63   5.119E+03
*           1218.8256255   6    30    27     5       183  57   1.312E+03
*           1218.8256350   5    20    12     2        55  57 830.129E+00
* Gp# 1[1,3,2,6,5] x,y,z = 1.747, 7.962, 3.665, q = 0.9787 dT[2, 2, 21, 25] Src Amplitude = 61.0
*           1221.2257510   1    12    27     8       195  61   2.397E+03
*           1221.2257525   3    13    23     7       183  61   1.990E+03
*           1221.2257530   2     9    25    11       236  61   3.501E+03
*           1221.2257715   6     1    20     3       115  55 777.327E+00
*           1221.2257760   5     2     9     2        48  56 524.809E+00
* Gp# 1[1,3,2,6,5] x,y,z = 4.47, 20.29, 3.188, q = 0.8938 dT[2, 2, 16, 25] Src Amplitude = 63.0
*           1221.3223920   1    12    28    10       198  63   3.673E+03
*           1221.3223935   3    13    28    10       292  63   3.153E+03
*           1221.3223940   2     9    27    13       233  63   5.121E+03
*           1221.3224075   6    30    27     5       183  57   1.321E+03
*           1221.3224170   5    20    13     2        55  58 812.855E+00
* Gp# 1[1,3,2,6,5] x,y,z = 1.737, 3.481, 3.922, q = 0.9874 dT[2, 2, 22, 25] Src Amplitude = 61.0
*           1221.4174620   1    12    28     7       195  61   2.386E+03
*           1221.4174635   3     6    23     7       183  61   1.982E+03
*           1221.4174640   2     9    25    10       225  61   3.338E+03
*           1221.4174835   6     1    20     4       177  56 834.705E+00
*           1221.4174870   5    20    10     2        55  56 532.795E+00
* Gp# 1[1,3,2,6,5] x,y,z = 4.47, 20.29, 3.188, q = 0.8938 dT[2, 2, 16, 25] Src Amplitude = 63.0
*           1221.5134780   1    12    28    10       198  63   3.659E+03
*           1221.5134795   3    13    27    10       292  63   3.137E+03
*           1221.5134800   2     9    31    14       239  63   5.341E+03
*           1221.5134935   6     1    26     5       183  57   1.313E+03
*           1221.5135030   5    20    12     2        55  58 816.628E+00
* Gp# 1[1,3,2,6,5] x,y,z = 1.737, 3.481, 3.922, q = 0.9874 dT[2, 2, 22, 25] Src Amplitude = 61.0
*           1221.6092850   1     9    27     7       195  61   2.393E+03
*           1221.6092865   3    10    23     7       183  61   1.980E+03
*           1221.6092870   2     3    24     9       171  62   3.323E+03
*           1221.6093065   6     1    18     4       180  56 856.257E+00
*           1221.6093100   5    20    11     2        83  57 557.871E+00
* Gp# 1[1,2,3,6,5] x,y,z = 9.135, 24.07, 2.815, q = 0.8451 dT[0, 2, 13, 25] Src Amplitude = 63.0
*           1221.7049700   1    12    29     9       195  63   3.656E+03
*           1221.7049700   2    11    28    13       230  63   5.229E+03
*           1221.7049715   3    10    29     8       183  63   3.022E+03
*           1221.7049825   6    16    27     6       206  58   1.373E+03
*           1221.7049950   5    20    12     2        52  58 802.092E+00
* Gp# 1[1,3,2,6,5] x,y,z = 1.737, 3.481, 3.922, q = 0.9874 dT[2, 2, 22, 25] Src Amplitude = 61.0
*           1221.8008250   1    12    28     7       195  61   2.401E+03
*           1221.8008265   3    13    23     7       183  61   1.986E+03
*           1221.8008270   2     9    24     9       168  62   3.130E+03
*           1221.8008465   6     1    17     4       177  56 842.960E+00
*           1221.8008500   5    20     9     2        48  56 525.733E+00
* Gp# 1[1,3,2,6,5] x,y,z = 4.47, 20.29, 3.188, q = 0.8938 dT[2, 2, 16, 25] Src Amplitude = 63.0
*           1221.8966840   1    12    28    10       198  63   3.660E+03
*           1221.8966855   3    13    28    10       292  63   3.116E+03
*           1221.8966860   2     9    29    13       233  63   5.323E+03
*           1221.8966995   6    30    25     5       183  57   1.317E+03
*           1221.8967090   5    20    13     2        55  58 813.706E+00
* Gp# 1[1,3,2,6,5] x,y,z = 6.015, 25.75, 3.682, q = 0.8098 dT[2, 2, 13, 25] Src Amplitude = 61.0
*           1224.3779170   1    12    28     7       195  61   2.396E+03
*           1224.3779185   3     7    23     7       183  61   1.997E+03
*           1224.3779190   2     1    28    11       237  61   3.434E+03
*           1224.3779295   6     1    20     4       189  56 858.172E+00
*           1224.3779420   5    20    10     2        52  57 536.293E+00
* Gp# 1[1,3,2,6,5] x,y,z = 0.3646, 37.52, 3.152, q = 1 dT[2, 2, 13, 14] Src Amplitude = 63.0
*           1224.4747610   1    12    30     9       195  63   3.664E+03
*           1224.4747625   3    10    29     8       183  63   3.046E+03
*           1224.4747630   2     6    30    13       237  63   5.222E+03
*           1224.4747735   6    16    27     6       206  58   1.356E+03
*           1224.4747750   5    31    13     3        66  58 872.129E+00
* Gp# 1[1,2,3,6,5] x,y,z = 7.796, 22.34, 5.496, q = 0.903 dT[2, 4, 16, 25] Src Amplitude = 61.0
*           1224.5705180   1    12    26     8       191  61   2.390E+03
*           1224.5705200   2     2    24     9       170  61   3.235E+03
*           1224.5705215   3     7    23     6       181  61   1.940E+03
*           1224.5705335   6    29    17     3        90  56 735.283E+00
*           1224.5705430   5     5    10     2        48  56 536.137E+00
* Gp# 1[1,3,2,5,6] x,y,z = -1.77, 40.24, 3.272, q = 1 dT[2, 2, 11, 13] Src Amplitude = 63.0
*           1224.6662520   1    12    28    10       198  63   3.676E+03
*           1224.6662535   3    13    27     8       183  63   3.017E+03
*           1224.6662540   2     9    29    13       236  63   5.172E+03
*           1224.6662630   5    34    13     3        69  58 882.596E+00
*           1224.6662645   6    29    27     6       189  57   1.338E+03
* Gp# 1[1,2,3,6,5] x,y,z = 9.135, 24.07, 2.815, q = 0.8451 dT[0, 2, 13, 25] Src Amplitude = 63.0
*           1224.8578870   1    12    30     9       195  63   3.662E+03
*           1224.8578870   2     8    29    13       239  63   5.463E+03
*           1224.8578885   3    10    29     8       183  63   3.005E+03
*           1224.8578995   6    16    26     6       206  58   1.374E+03
*           1224.8579120   5    20    12     3       113  59 907.608E+00
* Gp# 1[1,3,2,6,5] x,y,z = 1.747, 7.962, 3.665, q = 0.9787 dT[2, 2, 21, 25] Src Amplitude = 61.0
*           1224.9545530   1    12    27     8       195  61   2.425E+03
*           1224.9545545   3     9    23     6       164  61   1.946E+03
*           1224.9545550   2     1    24    11       233  61   3.510E+03
*           1224.9545735   6    24    19     3       115  55 772.252E+00
*           1224.9545780   5     5     9     2        48  56 531.951E+00
* Gp# 1[1,3,2,5,6] x,y,z = -1.77, 40.24, 3.272, q = 1 dT[2, 2, 11, 13] Src Amplitude = 63.0
*           1225.0505850   1    12    28    10       198  63   3.674E+03
*           1225.0505865   3    13    28    10       292  63   3.132E+03
*           1225.0505870   2     9    28    13       239  63   5.262E+03
*           1225.0505960   5    34    13     3        69  58 875.674E+00
*           1225.0505975   6    36    27     6       186  57   1.321E+03
* Gp# 1[1,2,3,5,6] x,y,z = -5.12, 31.04, 2.633, q = 0.826 dT[1, 2, 11, 22] Src Amplitude = 61.0
*           1227.5317970   1    12    28     7       195  61   2.409E+03
*           1227.5317980   2    10    25    10       226  61   3.436E+03
*           1227.5317985   3    13    23     7       183  61   1.983E+03
*           1227.5318080   5    34    11     2        59  57 548.317E+00
*           1227.5318185   6     1    18     4       177  56 833.120E+00
* Gp# 1[1,2,3,6,5] x,y,z = 2.914, 34.75, 4.757, q = 1 dT[2, 4, 15, 16] Src Amplitude = 62.0
*           1227.6286570   1    11    30    10       197  62   3.731E+03
*           1227.6286590   2     8    29    14       242  62   5.448E+03
*           1227.6286605   3    10    29     8       183  63   3.031E+03
*           1227.6286715   6    33    25     6       206  58   1.363E+03
*           1227.6286730   5    17    13     4       124  58 958.760E+00
* Gp# 1[1,3,2,6,5] x,y,z = 4.47, 20.29, 3.188, q = 0.8938 dT[2, 2, 16, 25] Src Amplitude = 61.0
*           1227.7244050   1    12    26     8       192  61   2.388E+03
*           1227.7244065   3     9    23     6       183  61   1.988E+03
*           1227.7244070   2     2    23    11       236  61   3.528E+03
*           1227.7244205   6    29    17     3        90  56 739.612E+00
*           1227.7244300   5     5    10     2        51  56 532.206E+00
* Gp# 1[1,3,2,6,5] x,y,z = 4.47, 20.29, 3.188, q = 0.8938 dT[2, 2, 16, 25] Src Amplitude = 63.0
*           1227.8201470   1    12    28    10       195  63   3.694E+03
*           1227.8201485   3    13    28    10       292  63   3.137E+03
*           1227.8201490   2     1    30    13       239  62   5.281E+03
*           1227.8201625   6    29    24     5       183  57   1.303E+03
*           1227.8201720   5    20    12     2        55  57 822.911E+00
* Gp# 1[1,3,2,6,5] x,y,z = 1.747, 7.962, 3.665, q = 0.9787 dT[2, 2, 21, 25] Src Amplitude = 62.0
*           1227.9159770   1    12    27     8       195  62   2.410E+03
*           1227.9159785   3    13    23     7       183  61   1.979E+03
*           1227.9159790   2     9    24     9       168  62   3.191E+03
*           1227.9159975   6     1    17     4       178  56 838.353E+00
*           1227.9160020   5    20    10     2        52  56 533.604E+00
* Gp# 1[1,3,2,6,5] x,y,z = 6.265, 12.99, 9.248, q = 0.8964 dT[5, 5, 19, 28] Src Amplitude = 63.0
*           1228.0118340   1    15    29    10       198  63   3.723E+03
*           1228.0118385   3     9    28     9       292  63   3.130E+03
*           1228.0118390   2     9    28    13       239  62   5.281E+03
*           1228.0118525   6    29    24     6       199  58   1.339E+03
*           1228.0118620   5     5    12     2        52  58 809.173E+00
* Gp# 1[1,2,3,6,5] x,y,z = 3.123, 36.33, 1.413, q = 1 dT[0, 2, 13, 14] Src Amplitude = 63.0
*           1228.2036850   1    12    29     9       198  63   3.692E+03
*           1228.2036850   2     8    29    13       239  63   5.328E+03
*           1228.2036865   3    10    28     9       289  63   3.131E+03
*           1228.2036975   6    16    26     6       206  58   1.365E+03
*           1228.2036990   5    31    12     3        63  58 853.326E+00
* Gp# 1[1,2,3,6,5] x,y,z = 3.123, 36.33, 1.413, q = 1 dT[0, 2, 13, 14] Src Amplitude = 63.0
*           1230.7206050   1     9    30     9       195  63   3.697E+03
*           1230.7206050   2     5    28    13       239  63   5.230E+03
*           1230.7206065   3    10    30     9       289  63   3.125E+03
*           1230.7206175   6    16    24     6       206  58   1.356E+03
*           1230.7206190   5    31    13     4       124  58 945.505E+00
* Gp# 1[1,3,2,5,6] x,y,z = -1.77, 40.24, 3.272, q = 1 dT[2, 2, 11, 13] Src Amplitude = 63.0
*           1230.9121700   1    12    28    10       198  63   3.700E+03
*           1230.9121715   3    13    27     8       186  63   3.034E+03
*           1230.9121720   2     9    30    13       237  63   5.219E+03
*           1230.9121810   5    34    14     3        69  58 881.050E+00
*           1230.9121825   6     1    26     6       189  57   1.318E+03
* Gp# 1[1,3,2,6,5] x,y,z = 1.747, 7.962, 3.665, q = 0.9787 dT[2, 2, 21, 25] Src Amplitude = 61.0
*           1231.0079910   1    12    27     8       195  61   2.420E+03
*           1231.0079925   3    13    23     7       183  61   1.979E+03
*           1231.0079930   2     9    24    10       230  61   3.338E+03
*           1231.0080115   6    24    18     3       115  56 771.315E+00
*           1231.0080160   5     2    10     2        52  56 541.737E+00
* Gp# 1[1,3,2,6,5] x,y,z = 4.47, 20.29, 3.188, q = 0.8938 dT[2, 2, 16, 25] Src Amplitude = 63.0
*           1231.1038440   1    12    28    10       198  63   3.689E+03
*           1231.1038455   3    13    27     9       292  63   3.102E+03
*           1231.1038460   2     9    29    13       233  63   5.097E+03
*           1231.1038595   6    26    26     5       186  57   1.310E+03
*           1231.1038690   5    20    12     3        85  58 849.430E+00
* Gp# 1[1,3,2,6,5] x,y,z = 4.47, 20.29, 3.188, q = 0.8938 dT[2, 2, 16, 25] Src Amplitude = 63.0
*           1231.2964420   1    12    28    10       198  63   3.701E+03
*           1231.2964435   3    13    28    10       292  63   3.133E+03
*           1231.2964440   2     9    30    13       233  63   5.175E+03
*           1231.2964575   6    30    25     5       183  57   1.306E+03
*           1231.2964670   5    20    12     2        55  58 810.645E+00
* Gp# 1[1,3,2,6,5] x,y,z = 1.747, 7.962, 3.665, q = 0.9787 dT[2, 2, 21, 25] Src Amplitude = 62.0
*           1233.7845350   1    12    27     8       195  62   2.437E+03
*           1233.7845365   3    13    24     7       183  61   1.981E+03
*           1233.7845370   2     9    24     8       138  61   2.872E+03
*           1233.7845555   6     1    18     4       178  56 832.476E+00
*           1233.7845600   5    20     9     2        48  57 539.811E+00
* Gp# 1[1,2,3,6,5] x,y,z = 10.86, 19.94, 6.249, q = 0.8489 dT[2, 4, 15, 27] Src Amplitude = 62.0
*           1233.8803690   1     8    29    10       197  62   3.765E+03
*           1233.8803710   2     8    30    13       239  62   5.294E+03
*           1233.8803725   3    10    28     9       289  63   3.121E+03
*           1233.8803835   6    33    24     6       206  58   1.349E+03
*           1233.8803960   5     6    13     3        83  58 868.063E+00
* Gp# 1[1,3,2,6,5] x,y,z = 4.47, 20.29, 3.188, q = 0.8938 dT[2, 2, 16, 25] Src Amplitude = 63.0
*           1234.0722040   1    12    29    10       198  63   3.725E+03
*           1234.0722055   3    13    28     8       186  63   3.029E+03
*           1234.0722060   2     9    31    13       236  63   5.190E+03
*           1234.0722195   6    33    25     5       186  57   1.310E+03
*           1234.0722290   5    20    13     3        85  58 876.297E+00
* Gp# 1[1,3,2,6,5] x,y,z = 1.747, 7.962, 3.665, q = 0.9787 dT[2, 2, 21, 25] Src Amplitude = 61.0
*           1234.1679290   1    12    25     8       195  61   2.427E+03
*           1234.1679305   3     9    23     6       183  61   1.983E+03
*           1234.1679310   2     2    23    10       236  60   3.321E+03
*           1234.1679495   6    24    18     3        89  56 733.344E+00
*           1234.1679540   5     5    10     2        82  56 565.259E+00
* Gp# 1[1,2,3,5,6] x,y,z = 0.5213, 30.34, 4.416, q = 0.9805 dT[2, 4, 16, 19] Src Amplitude = 62.0
*           1234.2637530   1     8    30    10       197  62   3.762E+03
*           1234.2637550   2     8    28    13       242  62   5.321E+03
*           1234.2637565   3    10    28     9       293  63   3.101E+03
*           1234.2637690   5    17    13     3        94  58 908.916E+00
*           1234.2637715   6    29    23     6       202  58   1.331E+03
* Gp# 1[1,3,2,6,5] x,y,z = 4.47, 20.29, 3.188, q = 0.8938 dT[2, 2, 16, 25] Src Amplitude = 61.0
*           1234.3603970   1    12    27     8       195  61   2.429E+03
*           1234.3603985   3    13    23     7       183  61   1.981E+03
*           1234.3603990   2     9    23    10       239  61   3.383E+03
*           1234.3604125   6    29    18     4       183  55 841.281E+00
*           1234.3604220   5     2    10     2        48  56 525.968E+00
* Gp# 1[1,3,2,6,5] x,y,z = 3.8, 12.6, 8.082, q = 0.8924 dT[4, 5, 19, 28] Src Amplitude = 63.0
*           1234.4564550   1    15    29    10       198  63   3.770E+03
*           1234.4564585   3    10    28     9       293  63   3.130E+03
*           1234.4564600   2     5    30    13       239  62   5.049E+03
*           1234.4564735   6    29    22     6       202  58   1.338E+03
*           1234.4564830   5     5    12     3        82  58 861.352E+00
* Gp# 1[1,2,3,6,5] x,y,z = 9.135, 24.07, 2.815, q = 0.8451 dT[0, 2, 13, 25] Src Amplitude = 63.0
*           1237.0475660   1     9    30     9       195  63   3.725E+03
*           1237.0475660   2    11    29    13       239  63   5.115E+03
*           1237.0475675   3    10    29     9       289  63   3.096E+03
*           1237.0475785   6    16    23     6       192  58   1.321E+03
*           1237.0475910   5    20    13     3       113  58 891.290E+00
* Gp# 1[1,3,2,6,5] x,y,z = 1.737, 3.481, 3.922, q = 0.9874 dT[2, 2, 22, 25] Src Amplitude = 61.0
*           1237.1432910   1    12    28     8       195  61   2.444E+03
*           1237.1432925   3     6    23     7       183  61   1.977E+03
*           1237.1432930   2     9    24     8       168  61   2.987E+03
*           1237.1433125   6     1    17     4       177  56 830.083E+00
*           1237.1433160   5    20    10     2        46  57 517.601E+00
* Gp# 1[1,3,2,5,6] x,y,z = -3.772, 32.06, 7.095, q = 1 dT[4, 5, 16, 19] Src Amplitude = 63.0
*           1237.2390310   1    15    30    10       198  63   3.778E+03
*           1237.2390345   3    10    28     9       293  63   3.110E+03
*           1237.2390360   2     5    27    13       239  63   5.266E+03
*           1237.2390470   5    17    13     4       124  58 958.061E+00
*           1237.2390495   6    29    22     6       199  58   1.326E+03
* Gp# 1[1,3,2,6,5] x,y,z = -3.244, 9.699, 6.306, q = 0.9749 dT[2, 5, 22, 25] Src Amplitude = 61.0
*           1237.3348070   1     9    28     8       195  61   2.440E+03
*           1237.3348085   3    10    24     6       165  61   1.930E+03
*           1237.3348120   2     3    23    10       237  61   3.244E+03
*           1237.3348285   6     1    17     3        88  56 720.047E+00
*           1237.3348320   5    20    11     2        83  57 572.116E+00
* Gp# 1[1,3,2,6,5] x,y,z = 4.47, 20.29, 3.188, q = 0.8938 dT[2, 2, 16, 25] Src Amplitude = 63.0
*           1237.4306610   1    12    30    10       198  63   3.740E+03
*           1237.4306625   3    13    28    10       292  63   3.122E+03
*           1237.4306630   2     1    29    13       240  63   5.304E+03
*           1237.4306765   6    26    25     5       186  57   1.305E+03
*           1237.4306860   5    20    13     3        85  58 860.798E+00
* Gp# 1[1,2,3,6,5] x,y,z = 7.796, 22.34, 5.496, q = 0.903 dT[2, 4, 16, 25] Src Amplitude = 61.0
*           1237.5265240   1    12    26     8       192  61   2.432E+03
*           1237.5265260   2     2    24    10       230  60   3.289E+03
*           1237.5265275   3     7    24     6       181  61   1.922E+03
*           1237.5265395   6    29    16     3       120  56 773.620E+00
*           1237.5265490   5     5    10     2        48  56 528.109E+00
* Gp# 1[1,3,2,6,5] x,y,z = 6.265, 12.99, 9.248, q = 0.8964 dT[5, 5, 19, 28] Src Amplitude = 63.0
*           1237.6233390   1    15    30    10       198  63   3.777E+03
*           1237.6233435   3     9    27     9       292  63   3.090E+03
*           1237.6233440   2     1    29    13       239  62   5.185E+03
*           1237.6233575   6    29    23     5       183  57   1.287E+03
*           1237.6233670   5     5    12     3        82  58 863.576E+00
* Gp# 1[1,3,2,6,5] x,y,z = 1.747, 7.962, 3.665, q = 0.9787 dT[2, 2, 21, 25] Src Amplitude = 62.0
*           1240.0843890   1    12    27     8       195  62   2.459E+03
*           1240.0843905   3    13    23     7       183  61   1.962E+03
*           1240.0843910   2     9    24     8       138  61   2.784E+03
*           1240.0844095   6     1    18     4       178  55 828.796E+00
*           1240.0844140   5    20    10     2        48  56 528.172E+00
* Gp# 1[1,2,3,6,5] x,y,z = 9.135, 24.07, 2.815, q = 0.8451 dT[0, 2, 13, 25] Src Amplitude = 63.0
*           1240.1812250   1     9    30     9       195  63   3.743E+03
*           1240.1812250   2    11    29    13       239  63   5.255E+03
*           1240.1812265   3    10    29     8       183  63   3.004E+03
*           1240.1812375   6     1    22     6       189  58   1.308E+03
*           1240.1812500   5    20    13     3        83  58 867.554E+00
* Gp# 1[1,3,2,6,5] x,y,z = 1.747, 7.962, 3.665, q = 0.9787 dT[2, 2, 21, 25] Src Amplitude = 61.0
*           1240.2770900   1    12    27     8       192  61   2.441E+03
*           1240.2770915   3     9    24     7       241  61   1.981E+03
*           1240.2770920   2     1    24    11       236  61   3.433E+03
*           1240.2771105   6    24    16     3        97  55 740.957E+00
*           1240.2771150   5     5     9     2        48  56 527.806E+00
* Gp# 1[1,3,2,6,5] x,y,z = 6.015, 25.75, 3.682, q = 0.8098 dT[2, 2, 13, 25] Src Amplitude = 63.0
*           1240.3729220   1    12    29    10       198  63   3.738E+03
*           1240.3729235   3    13    28    10       296  63   3.111E+03
*           1240.3729240   2     9    31    13       236  62   4.991E+03
*           1240.3729345   6     1    24     6       189  57   1.299E+03
*           1240.3729470   5    20    11     3        85  58 853.875E+00
* Gp# 1[1,2,3,6,5] x,y,z = 5.277, 10.95, 5.592, q = 0.9839 dT[2, 4, 21, 25] Src Amplitude = 61.0
*           1240.4689640   1    12    27     8       192  61   2.439E+03
*           1240.4689660   2     2    23    10       239  60   3.355E+03
*           1240.4689675   3     7    24     6       181  61   1.919E+03
*           1240.4689845   6    24    17     3        85  56 713.192E+00
*           1240.4689890   5     5    11     2        48  56 531.687E+00
* Gp# 1[1,2,3,6,5] x,y,z = 9.135, 24.07, 2.815, q = 0.8451 dT[0, 2, 13, 25] Src Amplitude = 63.0
*           1240.5647030   1    12    30     9       195  63   3.747E+03
*           1240.5647030   2    11    28    13       239  63   5.090E+03
*           1240.5647045   3     6    29     9       289  63   3.101E+03
*           1240.5647155   6     1    24     6       189  57   1.300E+03
*           1240.5647280   5    20    11     3       113  58 898.473E+00
* Gp# 1[1,3,2,6,5] x,y,z = 1.747, 7.962, 3.665, q = 0.9787 dT[2, 2, 21, 25] Src Amplitude = 62.0
*           1240.6604530   1    12    27     8       195  62   2.451E+03
*           1240.6604545   3    13    25     7       183  61   1.967E+03
*           1240.6604550   2     9    25    11       240  60   3.440E+03
*           1240.6604735   6     1    17     4       178  56 837.649E+00
*           1240.6604780   5    20    10     2        48  57 539.702E+00
* Gp# 1[1,3,2,6,5] x,y,z = 1.747, 7.962, 3.665, q = 0.9787 dT[2, 2, 21, 25] Src Amplitude = 63.0
*           1240.7563250   1    12    30    10       198  63   3.735E+03
*           1240.7563265   3    13    28    10       292  63   3.132E+03
*           1240.7563270   2     9    29    13       228  63   4.915E+03
*           1240.7563455   6    28    24     5       181  57   1.284E+03
*           1240.7563500   5    20    12     2        55  58 833.391E+00
* Gp# 1[1,3,2,6,5] x,y,z = 1.747, 7.962, 3.665, q = 0.9787 dT[2, 2, 21, 25] Src Amplitude = 62.0
*           1243.1714190   1    12    27     8       195  62   2.460E+03
*           1243.1714205   3    13    25     7       183  61   1.971E+03
*           1243.1714210   2     9    26     8       167  61   2.922E+03
*           1243.1714395   6     1    17     4       178  55 826.078E+00
*           1243.1714440   5    20     9     2        48  56 536.553E+00
* Gp# 1[1,2,3,6,5] x,y,z = 9.135, 24.07, 2.815, q = 0.8451 dT[0, 2, 13, 25] Src Amplitude = 63.0
*           1243.2682550   1    12    30     9       195  63   3.745E+03
*           1243.2682550   2    11    27    13       242  63   5.178E+03
*           1243.2682565   3     6    28     8       180  63   2.959E+03
*           1243.2682675   6     1    22     6       206  58   1.342E+03
*           1243.2682800   5    20    11     3       113  58 893.918E+00
* Gp# 1[1,3,2,6,5] x,y,z = 4.47, 20.29, 3.188, q = 0.8938 dT[2, 2, 16, 25] Src Amplitude = 61.0
*           1243.3643530   1    12    27     8       195  61   2.459E+03
*           1243.3643545   3     9    22     6       183  61   1.967E+03
*           1243.3643550   2     1    25    10       233  61   3.197E+03
*           1243.3643685   6    29    17     4       183  56 840.862E+00
*           1243.3643780   5     5    10     2        48  56 531.305E+00
* Gp# 1[1,2,3,5,6] x,y,z = 0.5213, 30.34, 4.416, q = 0.9805 dT[2, 4, 16, 19] Src Amplitude = 63.0
*           1243.4600960   1     8    29    10       198  63   3.809E+03
*           1243.4600980   2     8    28    13       242  62   5.223E+03
*           1243.4600995   3    10    29     9       293  63   3.087E+03
*           1243.4601120   5    17    14     3       124  58 949.114E+00
*           1243.4601145   6    29    22     5       180  57   1.275E+03
* Gp# 1[1,3,2,6,5] x,y,z = 1.747, 7.962, 3.665, q = 0.9787 dT[2, 2, 21, 25] Src Amplitude = 62.0
*           1243.5558390   1    12    28     8       195  62   2.459E+03
*           1243.5558405   3    13    24     6       183  61   1.950E+03
*           1243.5558410   2     9    24     9       171  61   3.093E+03
*           1243.5558595   6     1    17     4       178  55 827.664E+00
*           1243.5558640   5    20    10     2        48  57 539.253E+00
* Gp# 1[1,3,2,6,5] x,y,z = 6.015, 25.75, 3.682, q = 0.8098 dT[2, 2, 13, 25] Src Amplitude = 63.0
*           1243.6516600   1    12    30     9       195  63   3.764E+03
*           1243.6516615   3    13    29     9       289  63   3.073E+03
*           1243.6516620   2     9    28    13       240  63   4.944E+03
*           1243.6516725   6     1    24     6       189  58   1.300E+03
*           1243.6516850   5    20    13     3        85  59 875.956E+00
* Gp# 1[1,3,2,6,5] x,y,z = 4.47, 20.29, 3.188, q = 0.8938 dT[2, 2, 16, 25] Src Amplitude = 63.0
*           1243.8433340   1    12    31    10       198  63   3.770E+03
*           1243.8433355   3     6    29     9       289  63   3.095E+03
*           1243.8433360   2     9    27    13       237  63   4.906E+03
*           1243.8433495   6     1    22     5       186  57   1.297E+03
*           1243.8433590   5    20    12     3        85  58 859.503E+00
* Gp# 1[1,3,2,6,5] x,y,z = 6.265, 12.99, 9.248, q = 0.8964 dT[5, 5, 19, 28] Src Amplitude = 63.0
*           1246.3313210   1    15    31    10       198  63   3.825E+03
*           1246.3313255   3     9    28     9       292  63   3.098E+03
*           1246.3313260   2     5    30    13       233  62   4.892E+03
*           1246.3313395   6    29    23     5       183  57   1.285E+03
*           1246.3313490   5     5    12     2        48  58 810.562E+00
* Gp# 1[1,3,2,6,5] x,y,z = 1.747, 7.962, 3.665, q = 0.9787 dT[2, 2, 21, 25] Src Amplitude = 62.0
*           1246.4271880   1    12    27     8       195  62   2.467E+03
*           1246.4271895   3    13    25     6       183  61   1.954E+03
*           1246.4271900   2     9    25     9       167  62   3.009E+03
*           1246.4272085   6     1    17     4       178  55 820.714E+00
*           1246.4272130   5    20    10     2        48  56 527.303E+00
* Gp# 1[1,2,3,6,5] x,y,z = 10.86, 19.94, 6.249, q = 0.8489 dT[2, 4, 15, 27] Src Amplitude = 62.0
*           1246.5230180   1    11    29    10       197  62   3.803E+03
*           1246.5230200   2     5    29    13       242  63   5.072E+03
*           1246.5230215   3    10    28     9       293  63   3.110E+03
*           1246.5230325   6    33    22     6       206  58   1.331E+03
*           1246.5230450   5     6    13     3        83  58 855.402E+00
* Gp# 1[1,3,2,6,5] x,y,z = 1.747, 7.962, 3.665, q = 0.9787 dT[2, 2, 21, 25] Src Amplitude = 62.0
*           1246.6190620   1    12    27     8       195  62   2.467E+03
*           1246.6190635   3    13    25     6       183  61   1.947E+03
*           1246.6190640   2     9    26    11       236  61   3.380E+03
*           1246.6190825   6     1    17     4       178  55 822.279E+00
*           1246.6190870   5    20     9     2        48  57 529.334E+00
* Gp# 1[1,3,2,5,6] x,y,z = -3.772, 32.06, 7.095, q = 1 dT[4, 5, 16, 19] Src Amplitude = 63.0
*           1246.7147990   1    15    30    10       198  63   3.830E+03
*           1246.7148025   3    10    30     9       293  63   3.106E+03
*           1246.7148040   2     5    29    13       236  62   5.060E+03
*           1246.7148150   5    17    15     3        94  58 928.709E+00
*           1246.7148175   6    29    21     6       199  57   1.314E+03
* Gp# 1[1,3,2,6,5] x,y,z = -0.08515, 5.929, 4.742, q = 0.9838 dT[2, 3, 22, 25] Src Amplitude = 60.0
*           1246.8105510   1     9    27     8       192  60   2.461E+03
*           1246.8105525   3    10    25     6       184  61   1.964E+03
*           1246.8105540   2     2    26    10       236  61   3.283E+03
*           1246.8105725   6     7    17     3        85  56 707.706E+00
*           1246.8105760   5     6    10     2        83  56 575.271E+00
* Gp# 1[1,3,2,5,6] x,y,z = -3.639, 37.65, 3.359, q = 0.9495 dT[2, 2, 11, 16] Src Amplitude = 63.0
*           1246.9064220   1    12    30    10       198  63   3.782E+03
*           1246.9064235   3    13    29     9       292  63   3.082E+03
*           1246.9064240   2     9    28    13       240  63   4.998E+03
*           1246.9064330   5    34    14     3        66  58 886.136E+00
*           1246.9064375   6    27    23     5       186  57   1.288E+03
* Gp# 1[1,3,2,6,5] x,y,z = 1.747, 7.962, 3.665, q = 0.9787 dT[2, 2, 21, 25] Src Amplitude = 62.0
*           1249.3924950   1    12    27     8       195  62   2.479E+03
*           1249.3924965   3    13    24     6       183  62   1.945E+03
*           1249.3924970   2     9    26     8       168  61   2.958E+03
*           1249.3925155   6     1    17     4       181  55 835.105E+00
*           1249.3925200   5    20     9     2        48  57 530.780E+00
* Gp# 1[1,3,2,6,5] x,y,z = 6.015, 25.75, 3.682, q = 0.8098 dT[2, 2, 13, 25] Src Amplitude = 63.0
*           1249.4882480   1    12    30    10       198  63   3.798E+03
*           1249.4882495   3    13    28     9       289  63   3.065E+03
*           1249.4882500   2     9    29    13       240  63   4.914E+03
*           1249.4882605   6    30    22     6       189  57   1.295E+03
*           1249.4882730   5    20    12     3        85  58 870.792E+00
* Gp# 1[1,3,2,6,5] x,y,z = 4.47, 20.29, 3.188, q = 0.8938 dT[2, 2, 16, 25] Src Amplitude = 63.0
*           1249.6811550   1    12    30    10       198  63   3.798E+03
*           1249.6811565   3    13    28     9       292  63   3.067E+03
*           1249.6811570   2     9    28    13       237  63   4.888E+03
*           1249.6811705   6     1    22     5       186  57   1.286E+03
*           1249.6811800   5    20    13     3       115  58 930.682E+00
* Gp# 1[1,3,2,6,5] x,y,z = -0.08515, 5.929, 4.742, q = 0.9838 dT[2, 3, 22, 25] Src Amplitude = 60.0
*           1249.7769250   1     9    27     8       192  60   2.473E+03
*           1249.7769265   3    10    24     6       184  61   1.961E+03
*           1249.7769280   2     5    24    10       230  61   3.228E+03
*           1249.7769465   6    24    17     3        85  56 703.112E+00
*           1249.7769500   5     6    10     2        83  56 571.456E+00
* Gp# 1[1,3,2,6,5] x,y,z = 4.47, 20.29, 3.188, q = 0.8938 dT[2, 2, 16, 25] Src Amplitude = 63.0
*           1249.8726410   1    12    30    10       195  63   3.789E+03
*           1249.8726425   3    13    29     9       292  63   3.063E+03
*           1249.8726430   2     9    30    13       233  63   4.942E+03
*           1249.8726565   6    29    22     5       183  57   1.273E+03
*           1249.8726660   5     5    12     2        48  58 808.979E+00
* Gp# 1[1,3,2,6,5] x,y,z = 1.747, 7.962, 3.665, q = 0.9787 dT[2, 2, 21, 25] Src Amplitude = 62.0
*           1249.9692100   1    12    26     8       195  62   2.487E+03
*           1249.9692115   3    13    24     6       183  61   1.936E+03
*           1249.9692120   2     9    25    10       236  61   3.268E+03
*           1249.9692305   6    24    17     4       178  55 824.219E+00
*           1249.9692350   5    20     9     2        48  56 533.351E+00
* Gp# 1[1,3,2,6,5] x,y,z = 4.47, 20.29, 3.188, q = 0.8938 dT[2, 2, 16, 25] Src Amplitude = 63.0
*           1250.0653110   1    12    30    10       198  63   3.798E+03
*           1250.0653125   3    13    29     9       292  63   3.093E+03
*           1250.0653130   2     9    28    13       237  63   4.862E+03
*           1250.0653265   6     1    21     5       186  57   1.287E+03
*           1250.0653360   5    20    12     3        85  58 858.992E+00
* Gp# 1[1,3,2,6,5] x,y,z = 1.747, 7.962, 3.665, q = 0.9787 dT[2, 2, 21, 25] Src Amplitude = 62.0
*           1252.6132160   1    12    27     8       195  62   2.505E+03
*           1252.6132175   3    13    25     6       183  61   1.950E+03
*           1252.6132180   2     1    26     8       167  61   2.884E+03
*           1252.6132365   6    24    16     4       178  55 819.140E+00
*           1252.6132410   5     2     9     2        48  56 539.502E+00
* Gp# 1[1,3,2,6,5] x,y,z = 4.47, 20.29, 3.188, q = 0.8938 dT[2, 2, 16, 25] Src Amplitude = 63.0
*           1252.7100530   1    12    30    10       198  63   3.816E+03
*           1252.7100545   3    13    28     9       289  63   3.089E+03
*           1252.7100550   2     9    28    12       231  63   4.610E+03
*           1252.7100685   6     1    22     5       186  57   1.287E+03
*           1252.7100780   5    20    12     3        85  58 872.206E+00
* Gp# 1[1,3,2,6,5] x,y,z = 1.747, 7.962, 3.665, q = 0.9787 dT[2, 2, 21, 25] Src Amplitude = 61.0
*           1252.8059080   1    12    27     8       195  61   2.488E+03
*           1252.8059095   3     9    24     6       183  61   1.946E+03
*           1252.8059100   2     1    24    10       230  61   3.331E+03
*           1252.8059285   6    24    16     4       178  55 821.462E+00
*           1252.8059330   5     5    10     2        48  56 538.667E+00
* Gp# 1[1,2,3,6,5] x,y,z = 2.914, 34.75, 4.757, q = 1 dT[2, 4, 15, 16] Src Amplitude = 63.0
*           1252.9017660   1     8    30    10       195  63   3.846E+03
*           1252.9017680   2     8    28    13       242  62   5.062E+03
*           1252.9017695   3    10    28     9       293  63   3.079E+03
*           1252.9017805   6    33    21     6       203  57   1.307E+03
*           1252.9017820   5    17    13     3        94  58 926.439E+00
* Gp# 1[1,3,2,6,5] x,y,z = 1.747, 7.962, 3.665, q = 0.9787 dT[2, 2, 21, 25] Src Amplitude = 62.0
*           1252.9978160   1    12    27     8       195  62   2.493E+03
*           1252.9978175   3    13    24     6       180  62   1.947E+03
*           1252.9978180   2     9    26    10       222  61   3.124E+03
*           1252.9978365   6     1    16     4       178  55 818.003E+00
*           1252.9978410   5    20    10     2        48  56 540.837E+00
* Gp# 1[1,2,3,6,5] x,y,z = 2.914, 34.75, 4.757, q = 1 dT[2, 4, 15, 16] Src Amplitude = 63.0
*           1253.0935570   1    11    30    10       197  63   3.857E+03
*           1253.0935590   2     8    31    13       242  62   5.067E+03
*           1253.0935605   3    10    29     9       245  63   3.024E+03
*           1253.0935715   6    33    22     6       206  57   1.316E+03
*           1253.0935730   5    17    14     4       124  58 961.758E+00
* Gp# 1[1,3,2,6,5] x,y,z = 1.737, 3.481, 3.922, q = 0.9874 dT[2, 2, 22, 25] Src Amplitude = 61.0
*           1253.1893040   1    12    28     8       192  61   2.483E+03
*           1253.1893055   3    13    24     6       165  61   1.908E+03
*           1253.1893060   2     3    26    10       234  62   3.160E+03
*           1253.1893255   6    41    17     3        88  56 711.464E+00
*           1253.1893290   5    20    10     2        83  57 572.023E+00
* Gp# 1[1,3,2,6,5] x,y,z = 6.015, 25.75, 3.682, q = 0.8098 dT[2, 2, 13, 25] Src Amplitude = 63.0
*           1253.2851310   1    12    30    10       195  63   3.816E+03
*           1253.2851325   3     6    29     9       293  63   3.087E+03
*           1253.2851330   2     6    31    13       240  63   4.951E+03
*           1253.2851435   6     1    22     6       189  57   1.295E+03
*           1253.2851560   5    20    13     3       113  58 919.388E+00
* Gp# 1[1,3,2,6,5] x,y,z = 4.47, 20.29, 3.188, q = 0.8938 dT[2, 2, 16, 25] Src Amplitude = 63.0
*           1255.8370470   1    12    31    10       198  63   3.816E+03
*           1255.8370485   3    13    28     9       292  63   3.081E+03
*           1255.8370490   2     9    30    12       224  63   4.618E+03
*           1255.8370625   6    29    22     5       186  57   1.265E+03
*           1255.8370720   5    20    11     3        85  58 876.682E+00
* Gp# 1[1,3,2,5,6] x,y,z = -1.77, 40.24, 3.272, q = 1 dT[2, 2, 11, 13] Src Amplitude = 63.0
*           1256.0289350   1     9    31    10       198  63   3.847E+03
*           1256.0289365   3    13    29     9       289  63   3.062E+03
*           1256.0289370   2     9    30    13       237  64   5.137E+03
*           1256.0289460   5    34    15     3        99  58 941.470E+00
*           1256.0289475   6     1    22     6       189  57   1.292E+03
* Gp# 1[1,3,2,6,5] x,y,z = 1.737, 3.481, 3.922, q = 0.9874 dT[2, 2, 22, 25] Src Amplitude = 61.0
*           1256.1246800   1     9    28     8       192  61   2.478E+03
*           1256.1246815   3    10    25     6       184  61   1.932E+03
*           1256.1246820   2     1    24    10       237  61   3.335E+03
*           1256.1247015   6     1    16     3        85  56 704.856E+00
*           1256.1247050   5     1    11     2        83  56 566.595E+00
* Gp# 1[1,3,2,6,5] x,y,z = 3.209, 15.64, 7.453, q = 0.9061 dT[4, 5, 19, 27] Src Amplitude = 63.0
*           1256.2204200   1    15    31    10       198  63   3.882E+03
*           1256.2204235   3    10    29     9       293  63   3.063E+03
*           1256.2204250   2     5    30    13       236  63   4.822E+03
*           1256.2204385   6    29    22     5       186  57   1.268E+03
*           1256.2204470   5     6    13     2        49  58 823.879E+00
* Gp# 1[1,3,2,6,5] x,y,z = 1.747, 7.962, 3.665, q = 0.9787 dT[2, 2, 21, 25] Src Amplitude = 62.0
*           1256.3162820   1    12    28     8       195  62   2.494E+03
*           1256.3162835   3    13    24     6       180  61   1.934E+03
*           1256.3162840   2     9    23    10       237  61   3.183E+03
*           1256.3163025   6     1    17     3        97  55 720.299E+00
*           1256.3163070   5    20    10     2        48  57 533.449E+00
* Gp# 1[1,2,3,6,5] x,y,z = 2.914, 34.75, 4.757, q = 1 dT[2, 4, 15, 16] Src Amplitude = 62.0
*           1256.4120850   1    11    29    10       195  62   3.856E+03
*           1256.4120870   2     8    30    13       242  62   5.090E+03
*           1256.4120885   3    10    29     9       293  63   3.060E+03
*           1256.4120995   6    33    22     6       206  58   1.304E+03
*           1256.4121010   5    17    13     3        94  58 913.685E+00
* Gp# 1[1,3,2,6,5] x,y,z = 6.015, 25.75, 3.682, q = 0.8098 dT[2, 2, 13, 25] Src Amplitude = 61.0
*           1258.8054960   1    12    27     8       192  61   2.512E+03
*           1258.8054975   3     6    24     6       165  61   1.877E+03
*           1258.8054980   2     6    26    10       228  61   3.294E+03
*           1258.8055085   6    50    17     3        94  56 721.166E+00
*           1258.8055210   5    20    10     2        83  57 573.987E+00
* Gp# 1[1,3,2,6,5] x,y,z = 4.47, 20.29, 3.188, q = 0.8938 dT[2, 2, 16, 25] Src Amplitude = 63.0
*           1258.9023810   1    12    31    10       198  63   3.838E+03
*           1258.9023825   3    13    29     9       289  63   3.059E+03
*           1258.9023830   2     9    29    13       237  63   4.847E+03
*           1258.9023965   6    29    22     5       186  57   1.273E+03
*           1258.9024060   5    20    12     3        85  58 872.512E+00
* Gp# 1[1,3,2,6,5] x,y,z = 1.747, 7.962, 3.665, q = 0.9787 dT[2, 2, 21, 25] Src Amplitude = 62.0
*           1258.9981050   1    12    27     8       195  62   2.524E+03
*           1258.9981065   3    13    24     7       289  61   1.996E+03
*           1258.9981070   2     9    26    10       237  61   3.212E+03
*           1258.9981255   6     1    17     3        89  55 706.795E+00
*           1258.9981300   5    20    10     2        46  57 527.358E+00
* Gp# 1[1,3,2,6,5] x,y,z = 4.47, 20.29, 3.188, q = 0.8938 dT[2, 2, 16, 25] Src Amplitude = 63.0
*           1259.0938470   1    12    30    10       195  63   3.838E+03
*           1259.0938485   3    13    28     9       293  63   3.051E+03
*           1259.0938490   2     9    30    13       240  63   4.961E+03
*           1259.0938625   6     1    20     5       169  57   1.214E+03
*           1259.0938720   5    20    13     3        85  58 876.617E+00
* Gp# 1[1,2,3,5,6] x,y,z = 0.9146, 39.26, 1.374, q = 1 dT[0, 2, 11, 13] Src Amplitude = 63.0
*           1259.2855160   1    12    30    10       195  63   3.866E+03
*           1259.2855160   2    11    28    13       242  63   4.971E+03
*           1259.2855175   3    10    28     9       293  63   3.052E+03
*           1259.2855270   5    34    14     3        97  58 929.936E+00
*           1259.2855285   6     1    21     5       172  57   1.219E+03
* Gp# 1[1,3,2,6,5] x,y,z = 6.015, 25.75, 3.682, q = 0.8098 dT[2, 2, 13, 25] Src Amplitude = 63.0
*           1259.4773820   1    12    31    10       198  63   3.857E+03
*           1259.4773835   3    13    29     9       293  63   3.062E+03
*           1259.4773840   2     9    29    13       240  63   4.720E+03
*           1259.4773945   6    30    22     5       189  57   1.267E+03
*           1259.4774070   5    20    12     3        85  58 872.426E+00
* Gp# 1[1,3,2,6,5] x,y,z = 4.47, 20.29, 3.188, q = 0.8938 dT[2, 2, 16, 25] Src Amplitude = 61.0
*           1261.9602340   1    12    27     8       195  61   2.526E+03
*           1261.9602355   3     9    25     6       183  61   1.938E+03
*           1261.9602360   2     1    25    10       230  60   2.979E+03
*           1261.9602495   6    29    16     4       183  56 816.566E+00
*           1261.9602590   5     5     9     2        48  56 532.355E+00
* Gp# 1[1,2,3,6,5] x,y,z = 9.135, 24.07, 2.815, q = 0.8451 dT[0, 2, 13, 25] Src Amplitude = 63.0
*           1262.0562550   1    12    30    10       195  63   3.853E+03
*           1262.0562550   2    11    30    13       239  63   4.868E+03
*           1262.0562565   3    10    28     9       293  63   3.038E+03
*           1262.0562675   6    50    21     5       175  57   1.229E+03
*           1262.0562800   5     1    12     3        83  58 862.228E+00
* Gp# 1[1,3,2,6,5] x,y,z = 4.47, 20.29, 3.188, q = 0.8938 dT[2, 2, 16, 25] Src Amplitude = 61.0
*           1262.1520240   1    12    27     8       195  61   2.536E+03
*           1262.1520255   3     9    23     6       183  61   1.918E+03
*           1262.1520260   2     2    25    10       230  61   3.209E+03
*           1262.1520395   6    29    17     4       183  56 817.868E+00
*           1262.1520490   5     5    10     2        48  56 525.822E+00
* Gp# 1[1,3,2,6,5] x,y,z = 4.47, 20.29, 3.188, q = 0.8938 dT[2, 2, 16, 25] Src Amplitude = 64.0
*           1262.2477420   1    12    31    10       198  64   3.872E+03
*           1262.2477435   3    13    29     9       289  63   3.037E+03
*           1262.2477440   2     1    29    13       240  62   4.956E+03
*           1262.2477575   6    33    23     5       186  57   1.265E+03
*           1262.2477670   5    20    12     3        85  58 869.875E+00
* Gp# 1[1,3,2,5,6] x,y,z = -1.77, 40.24, 3.272, q = 1 dT[2, 2, 11, 13] Src Amplitude = 63.0
*           1262.4393810   1    12    30    10       195  63   3.871E+03
*           1262.4393825   3     6    27     9       296  63   3.043E+03
*           1262.4393830   2     9    28    13       240  63   4.949E+03
*           1262.4393920   5    34    15     4       127  58 979.003E+00
*           1262.4393935   6     1    23     5       175  57   1.226E+03
* Gp# 1[1,3,2,6,5] x,y,z = -0.08515, 5.929, 4.742, q = 0.9838 dT[2, 3, 22, 25] Src Amplitude = 61.0
*           1262.5352420   1     9    28     8       190  61   2.513E+03
*           1262.5352435   3    10    25     6       184  61   1.932E+03
*           1262.5352450   2     5    24    10       236  61   3.193E+03
*           1262.5352635   6    24    16     3        85  56 692.960E+00
*           1262.5352670   5     1    10     2        83  56 577.695E+00
* Gp# 1[1,3,2,6,5] x,y,z = 4.47, 20.29, 3.188, q = 0.8938 dT[2, 2, 16, 25] Src Amplitude = 64.0
*           1262.6313000   1    12    30    10       198  64   3.877E+03
*           1262.6313015   3    13    28     9       293  63   3.054E+03
*           1262.6313020   2     9    31    13       240  63   4.913E+03
*           1262.6313155   6    30    23     5       186  57   1.266E+03
*           1262.6313250   5    20    13     3        85  59 883.007E+00
* Gp# 1[1,3,2,6,5] x,y,z = -0.08515, 5.929, 4.742, q = 0.9838 dT[2, 3, 22, 25] Src Amplitude = 61.0
*           1265.1388740   1     6    29     8       193  61   2.538E+03
*           1265.1388755   3    10    25     6       184  61   1.936E+03
*           1265.1388770   2     5    24    10       230  61   3.092E+03
*           1265.1388955   6    24    16     4       175  56 791.256E+00
*           1265.1388990   5     6    10     2        83  56 576.253E+00
* Gp# 1[1,2,3,5,6] x,y,z = 0.5213, 30.34, 4.416, q = 0.9805 dT[2, 4, 16, 19] Src Amplitude = 63.0
*           1265.2349300   1     8    31    10       198  63   3.937E+03
*           1265.2349320   2     8    31    13       236  62   4.748E+03
*           1265.2349335   3    10    30     9       293  63   3.020E+03
*           1265.2349460   5    17    12     2        60  58 863.235E+00
*           1265.2349485   6    29    21     6       202  57   1.271E+03
* Gp# 1[1,3,2,6,5] x,y,z = 4.47, 20.29, 3.188, q = 0.8938 dT[2, 2, 16, 25] Src Amplitude = 62.0
*           1265.3307380   1    12    27     8       195  62   2.543E+03
*           1265.3307395   3    13    25     7       289  61   1.976E+03
*           1265.3307400   2     1    24    11       243  61   3.234E+03
*           1265.3307535   6    29    18     4       183  55 822.799E+00
*           1265.3307630   5    20    10     2        48  56 533.027E+00
* Gp# 1[1,2,3,6,5] x,y,z = 2.914, 34.75, 4.757, q = 1 dT[2, 4, 15, 16] Src Amplitude = 63.0
*           1265.4265930   1     8    30    10       195  63   3.920E+03
*           1265.4265950   2     8    30    13       236  62   5.013E+03
*           1265.4265965   3    10    28     9       293  63   3.009E+03
*           1265.4266075   6    33    21     6       206  57   1.284E+03
*           1265.4266090   5    17    13     2        60  58 865.141E+00
* Gp# 1[1,3,2,5,6] x,y,z = -3.639, 37.65, 3.359, q = 0.9495 dT[2, 2, 11, 16] Src Amplitude = 63.0
*           1265.6184710   1    12    30    10       195  63   3.855E+03
*           1265.6184725   3    13    28     8       180  63   2.924E+03
*           1265.6184730   2     9    28    13       240  63   4.778E+03
*           1265.6184820   5    34    14     3        97  58 929.808E+00
*           1265.6184865   6    27    21     5       169  57   1.215E+03
* Gp# 1[1,3,2,6,5] x,y,z = 0.3646, 37.52, 3.152, q = 1 dT[2, 2, 13, 14] Src Amplitude = 63.0
*           1265.8107790   1    12    30    10       195  63   3.878E+03
*           1265.8107805   3    10    27     9       293  63   3.035E+03
*           1265.8107810   2     9    32    13       240  63   4.940E+03
*           1265.8107915   6     1    21     5       187  57   1.253E+03
*           1265.8107930   5     1    14     3        94  58 947.635E+00
* Gp# 1[1,3,2,6,5] x,y,z = 4.47, 20.29, 3.188, q = 0.8938 dT[2, 2, 16, 25] Src Amplitude = 64.0
*           1268.4047790   1    12    31    10       198  64   3.896E+03
*           1268.4047805   3    13    28     8       180  63   2.923E+03
*           1268.4047810   2     1    29    13       237  63   4.805E+03
*           1268.4047945   6    29    22     5       169  57   1.211E+03
*           1268.4048040   5    20    13     3        85  58 881.116E+00
* Gp# 1[1,3,2,6,5] x,y,z = 1.747, 7.962, 3.665, q = 0.9787 dT[2, 2, 21, 25] Src Amplitude = 62.0
*           1268.5009180   1    12    27     8       195  62   2.541E+03
*           1268.5009195   3    13    24     6       165  62   1.871E+03
*           1268.5009200   2     9    25    10       237  62   3.057E+03
*           1268.5009385   6     1    17     3        81  55 670.076E+00
*           1268.5009430   5    20    10     2        83  57 574.499E+00
* Gp# 1[1,3,2,6,5] x,y,z = 4.47, 20.29, 3.188, q = 0.8938 dT[2, 2, 16, 25] Src Amplitude = 64.0
*           1268.5966730   1    12    31    10       198  64   3.906E+03
*           1268.5966745   3    13    28     9       289  63   3.039E+03
*           1268.5966750   2     9    29    13       240  63   4.683E+03
*           1268.5966885   6    29    23     5       186  57   1.252E+03
*           1268.5966980   5    20    13     3        85  58 877.570E+00
* Gp# 1[1,3,2,6,5] x,y,z = 1.747, 7.962, 3.665, q = 0.9787 dT[2, 2, 21, 25] Src Amplitude = 62.0
*           1268.6923940   1    12    27     8       192  62   2.543E+03
*           1268.6923955   3    13    24     6       184  61   1.941E+03
*           1268.6923960   2     1    26    10       237  61   3.252E+03
*           1268.6924145   6    42    16     3        81  55 686.477E+00
*           1268.6924190   5    20    11     2        46  57 536.769E+00
* Gp# 1[1,3,2,6,5] x,y,z = 0.3646, 37.52, 3.152, q = 1 dT[2, 2, 13, 14] Src Amplitude = 63.0
*           1268.7881670   1    12    30    10       192  63   3.872E+03
*           1268.7881685   3    10    29     9       293  63   3.020E+03
*           1268.7881690   2     9    30    13       240  62   4.875E+03
*           1268.7881795   6     1    21     6       206  57   1.289E+03
*           1268.7881810   5     1    13     4       124  58 977.150E+00
* Gp# 1[1,3,2,6,5] x,y,z = 4.47, 20.29, 3.188, q = 0.8938 dT[2, 2, 16, 25] Src Amplitude = 63.0
*           1268.9798610   1    12    30    10       195  63   3.883E+03
*           1268.9798625   3    13    28     9       293  63   3.032E+03
*           1268.9798630   2     9    30    12       237  63   4.655E+03
*           1268.9798765   6    33    22     5       172  57   1.202E+03
*           1268.9798860   5    20    14     3        83  58 866.477E+00
* Gp# 1[1,3,2,6,5] x,y,z = 1.747, 7.962, 3.665, q = 0.9787 dT[2, 2, 21, 25] Src Amplitude = 62.0
*           1271.4568230   1    12    27     8       195  62   2.558E+03
*           1271.4568245   3    13    23     6       177  61   1.873E+03
*           1271.4568250   2     9    25    10       237  61   3.082E+03
*           1271.4568435   6     1    16     3        81  55 671.544E+00
*           1271.4568480   5    20    10     1        42  57 506.782E+00
* Gp# 1[1,3,2,6,5] x,y,z = 4.47, 20.29, 3.188, q = 0.8938 dT[2, 2, 16, 25] Src Amplitude = 63.0
*           1271.5528660   1    12    29    10       195  63   3.910E+03
*           1271.5528675   3     9    28     9       292  63   3.008E+03
*           1271.5528680   2     5    29    13       237  62   4.645E+03
*           1271.5528815   6    29    23     5       186  57   1.242E+03
*           1271.5528910   5     5    13     3        85  58 882.770E+00
* Gp# 1[1,3,2,6,5] x,y,z = 4.47, 20.29, 3.188, q = 0.8938 dT[2, 2, 16, 25] Src Amplitude = 64.0
*           1271.7454780   1    12    30    10       195  64   3.905E+03
*           1271.7454795   3    13    29     9       286  63   3.016E+03
*           1271.7454800   2     9    30    12       240  63   4.560E+03
*           1271.7454935   6    47    22     5       172  57   1.209E+03
*           1271.7455030   5    20    11     3        85  58 883.238E+00
* Gp# 1[1,3,2,5,6] x,y,z = -1.77, 40.24, 3.272, q = 1 dT[2, 2, 11, 13] Src Amplitude = 63.0
*           1271.9371040   1    12    30    10       192  63   3.912E+03
*           1271.9371055   3     6    28     9       293  63   3.020E+03
*           1271.9371060   2     9    30    13       237  63   4.852E+03
*           1271.9371150   5     1    15     3        97  58 939.589E+00
*           1271.9371165   6    36    22     5       187  57   1.251E+03
* Gp# 1[1,3,2,6,5] x,y,z = 1.747, 7.962, 3.665, q = 0.9787 dT[2, 2, 21, 25] Src Amplitude = 62.0
*           1272.0329490   1    12    28     8       195  62   2.558E+03
*           1272.0329505   3    13    24     6       180  61   1.915E+03
*           1272.0329510   2     9    25    10       240  61   3.120E+03
*           1272.0329695   6    24    17     3        81  55 674.813E+00
*           1272.0329740   5    20     9     2        83  57 578.430E+00
* Gp# 1[1,3,2,5,6] x,y,z = -3.639, 37.65, 3.359, q = 0.9495 dT[2, 2, 11, 16] Src Amplitude = 63.0
*           1272.1290130   1    12    30    10       195  63   3.925E+03
*           1272.1290145   3     6    28     9       293  63   2.997E+03
*           1272.1290150   2     9    28    13       240  63   4.895E+03
*           1272.1290240   5    34    16     4       127  58 977.132E+00
*           1272.1290285   6    47    22     5       169  57   1.202E+03
* Gp# 1[1,3,2,6,5] x,y,z = 1.747, 7.962, 3.665, q = 0.9787 dT[2, 2, 21, 25] Src Amplitude = 62.0
*           1274.5808490   1    12    27     8       192  62   2.564E+03
*           1274.5808505   3    13    23     6       165  61   1.865E+03
*           1274.5808510   2     9    26    10       234  61   3.036E+03
*           1274.5808695   6    42    16     3        90  56 692.348E+00
*           1274.5808740   5    20    10     2        83  57 576.759E+00
* Gp# 1[1,2,3,6,5] x,y,z = 3.598, 1.063, 3.083, q = 0.9904 dT[1, 2, 22, 25] Src Amplitude = 61.0
*           1274.7737830   1     9    29     8       190  61   2.565E+03
*           1274.7737840   2     7    25    10       232  61   3.071E+03
*           1274.7737845   3    10    24     6       184  61   1.909E+03
*           1274.7738045   6     7    16     3       112  56 726.723E+00
*           1274.7738080   5     1    10     2        49  57 545.880E+00
* Gp# 1[1,3,2,6,5] x,y,z = 6.265, 12.99, 9.248, q = 0.8964 dT[5, 5, 19, 28] Src Amplitude = 63.0
*           1274.8695650   1    15    30    10       198  63   3.970E+03
*           1274.8695695   3     9    28     9       289  63   2.990E+03
*           1274.8695700   2     5    29    13       243  62   4.740E+03
*           1274.8695835   6    29    24     5       186  57   1.241E+03
*           1274.8695930   5     5    14     3        85  58 878.597E+00
* Gp# 1[1,3,2,5,6] x,y,z = -2.423, 32.65, 7.803, q = 1 dT[5, 5, 16, 19] Src Amplitude = 63.0
*           1275.0610920   1    15    30    10       198  63   3.988E+03
*           1275.0610965   3     9    27     8       241  63   2.946E+03
*           1275.0610970   2     5    29    13       240  62   4.599E+03
*           1275.0611080   5    17    13     3        97  58 944.868E+00
*           1275.0611105   6    29    22     5       186  57   1.239E+03
* Gp# 1[1,2,3,6,5] x,y,z = 3.123, 36.33, 1.413, q = 1 dT[0, 2, 13, 14] Src Amplitude = 63.0
*           1275.2527640   1    12    30    10       193  63   3.930E+03
*           1275.2527640   2     8    33    13       246  63   4.956E+03
*           1275.2527655   3    10    28     9       293  63   2.999E+03
*           1275.2527765   6    50    22     5       184  57   1.233E+03
*           1275.2527780   5     1    15     3        94  58 926.830E+00
* Gp# 1[1,3,2,6,5] x,y,z = 6.015, 25.75, 3.682, q = 0.8098 dT[2, 2, 13, 25] Src Amplitude = 63.0
*           1277.7796990   1    12    30    10       193  63   3.941E+03
*           1277.7797005   3    10    27     9       293  63   2.984E+03
*           1277.7797010   2     6    30    13       238  63   4.750E+03
*           1277.7797115   6     1    23     6       206  57   1.274E+03
*           1277.7797240   5     1    13     3        86  58 909.199E+00
* Gp# 1[1,3,2,6,5] x,y,z = 4.47, 20.29, 3.188, q = 0.8938 dT[2, 2, 16, 25] Src Amplitude = 64.0
*           1277.9716290   1    12    29    10       195  64   3.954E+03
*           1277.9716305   3     6    28     9       293  63   2.999E+03
*           1277.9716310   2     9    30    12       240  63   4.548E+03
*           1277.9716445   6    33    22     5       181  57   1.220E+03
*           1277.9716540   5    20    13     3        83  58 873.644E+00
* Gp# 1[1,3,2,6,5] x,y,z = 4.47, 20.29, 3.188, q = 0.8938 dT[2, 2, 16, 25] Src Amplitude = 62.0
*           1278.0673530   1    12    27     8       195  62   2.590E+03
*           1278.0673545   3    13    25     6       165  61   1.841E+03
*           1278.0673550   2     1    25    10       225  61   2.976E+03
*           1278.0673685   6    29    17     3       114  55 738.020E+00
*           1278.0673780   5    20     9     2        48  56 536.803E+00
* Gp# 1[1,2,3,6,5] x,y,z = 9.135, 24.07, 2.815, q = 0.8451 dT[0, 2, 13, 25] Src Amplitude = 63.0
*           1278.1630950   1    12    30    10       193  63   3.930E+03
*           1278.1630950   2     8    31    13       239  63   4.734E+03
*           1278.1630965   3    10    27     9       245  63   2.944E+03
*           1278.1631075   6    50    22     5       187  57   1.236E+03
*           1278.1631200   5     1    13     3        83  58 868.367E+00
* Gp# 1[1,3,2,6,5] x,y,z = 4.47, 20.29, 3.188, q = 0.8938 dT[2, 2, 16, 25] Src Amplitude = 64.0
*           1278.3547640   1    12    29    10       198  64   3.956E+03
*           1278.3547655   3    13    28     9       293  63   3.008E+03
*           1278.3547660   2     9    30    13       240  63   4.601E+03
*           1278.3547795   6    33    22     5       169  57   1.195E+03
*           1278.3547890   5    20    12     3        85  58 892.770E+00
* Gp# 1[1,2,3,6,5] x,y,z = 2.914, 34.75, 4.757, q = 1 dT[2, 4, 15, 16] Src Amplitude = 63.0
*           1280.8197980   1    11    30    10       195  63   4.003E+03
*           1280.8198000   2     8    30    13       240  63   4.837E+03
*           1280.8198015   3    10    28     9       290  63   3.005E+03
*           1280.8198125   6    33    22     6       206  57   1.269E+03
*           1280.8198140   5    17    13     3        85  59 925.626E+00
* Gp# 1[1,3,2,6,5] x,y,z = 1.747, 7.962, 3.665, q = 0.9787 dT[2, 2, 21, 25] Src Amplitude = 62.0
*           1280.9156460   1    12    28     8       192  62   2.583E+03
*           1280.9156475   3    13    23     6       165  61   1.840E+03
*           1280.9156480   2     9    26    10       234  61   2.964E+03
*           1280.9156665   6     1    16     3        90  55 683.450E+00
*           1280.9156710   5    20    10     2        83  57 578.874E+00
* Gp# 1[1,3,2,5,6] x,y,z = -2.423, 32.65, 7.803, q = 1 dT[5, 5, 16, 19] Src Amplitude = 63.0
*           1281.0117630   1    15    31    10       198  63   4.009E+03
*           1281.0117675   3    13    28     9       245  63   2.956E+03
*           1281.0117680   2     1    30    13       240  63   4.681E+03
*           1281.0117790   5    17    14     3        97  58 941.663E+00
*           1281.0117815   6    29    23     5       169  57   1.191E+03
* Gp# 1[1,3,2,6,5] x,y,z = 1.747, 7.962, 3.665, q = 0.9787 dT[2, 2, 21, 25] Src Amplitude = 62.0
*           1281.1074840   1    12    27     8       192  62   2.585E+03
*           1281.1074855   3    13    23     6       184  61   1.891E+03
*           1281.1074860   2     9    25    10       237  61   3.069E+03
*           1281.1075045   6     1    17     3        90  55 687.647E+00
*           1281.1075090   5    20    11     2        83  57 577.186E+00
* Gp# 1[1,3,2,6,5] x,y,z = 6.015, 25.75, 3.682, q = 0.8098 dT[2, 2, 13, 25] Src Amplitude = 63.0
*           1281.2040230   1    12    30    10       192  63   3.953E+03
*           1281.2040245   3     6    26     9       293  63   3.017E+03
*           1281.2040250   2     1    32    12       234  63   4.316E+03
*           1281.2040355   6    50    22     5       187  57   1.239E+03
*           1281.2040480   5    20    13     3        83  58 890.097E+00
* Gp# 1[1,3,2,6,5] x,y,z = 1.747, 7.962, 3.665, q = 0.9787 dT[2, 2, 21, 25] Src Amplitude = 62.0
*           1281.3000960   1    12    27     8       195  62   2.609E+03
*           1281.3000975   3    13    22     6       180  61   1.872E+03
*           1281.3000980   2     1    27    10       240  61   2.994E+03
*           1281.3001165   6    24    17     3       109  55 717.630E+00
*           1281.3001210   5    20     9     2        48  57 541.237E+00
* Gp# 1[1,3,2,6,5] x,y,z = 4.47, 20.29, 3.188, q = 0.8938 dT[2, 2, 16, 25] Src Amplitude = 63.0
*           1281.3969660   1    12    29    10       195  63   3.962E+03
*           1281.3969675   3    13    28     9       293  63   2.970E+03
*           1281.3969680   2     9    31    13       241  63   4.651E+03
*           1281.3969815   6    47    21     5       184  57   1.230E+03
*           1281.3969910   5    20    12     3        83  58 871.757E+00
* Gp# 1[1,3,2,6,5] x,y,z = 4.47, 20.29, 3.188, q = 0.8938 dT[2, 2, 16, 25] Src Amplitude = 63.0
*           1283.8678880   1    12    30    10       198  63   3.985E+03
*           1283.8678895   3    13    26     9       248  63   2.952E+03
*           1283.8678900   2     9    30    13       240  63   4.483E+03
*           1283.8679035   6    29    22     5       169  57   1.190E+03
*           1283.8679130   5    20    12     3        85  58 890.763E+00
* Gp# 1[1,3,2,5,6] x,y,z = -2.423, 32.65, 7.803, q = 1 dT[5, 5, 16, 19] Src Amplitude = 63.0
*           1284.0597550   1    15    31    10       198  63   4.033E+03
*           1284.0597595   3     9    28     8       244  63   2.937E+03
*           1284.0597600   2     5    28    12       237  62   4.430E+03
*           1284.0597710   5    17    13     3        97  58 957.101E+00
*           1284.0597735   6    29    23     5       169  57   1.182E+03
* Gp# 1[2,1,3,6,5] x,y,z = 6.851, 18.61, 2.666, q = 0.919 dT[1, 3, 17, 26] Src Amplitude = 62.0
*           1284.1554980   2     5    25    10       240  62   3.086E+03
*           1284.1554990   1    12    26     8       192  61   2.606E+03
*           1284.1555005   3     9    24     6       177  61   1.879E+03
*           1284.1555145   6    29    17     3       114  56 729.035E+00
*           1284.1555240   5     5     9     2        48  56 537.143E+00
* Gp# 1[1,3,2,6,5] x,y,z = 4.47, 20.29, 3.188, q = 0.8938 dT[2, 2, 16, 25] Src Amplitude = 64.0
*           1284.2512920   1    12    29    10       195  64   3.972E+03
*           1284.2512935   3    13    28     9       293  63   2.974E+03
*           1284.2512940   2     9    28    12       237  63   4.433E+03
*           1284.2513075   6    33    22     5       181  57   1.216E+03
*           1284.2513170   5    20    12     3        83  58 877.568E+00
* Gp# 1[1,3,2,6,5] x,y,z = -0.9936, 36.06, 7.133, q = 1 dT[4, 5, 15, 16] Src Amplitude = 63.0
*           1284.4439650   1    15    30    10       198  63   4.045E+03
*           1284.4439685   3    10    27     8       242  63   2.922E+03
*           1284.4439700   2     5    29    13       240  63   4.598E+03
*           1284.4439795   6    33    23     5       173  57   1.201E+03
*           1284.4439810   5    17    13     3        97  58 939.752E+00
* Gp# 1[1,3,2,6,5] x,y,z = 1.747, 7.962, 3.665, q = 0.9787 dT[2, 2, 21, 25] Src Amplitude = 62.0
*           1286.8461020   1    12    27     8       192  62   2.610E+03
*           1286.8461035   3    13    23     6       165  61   1.830E+03
*           1286.8461040   2     9    24    10       234  62   3.022E+03
*           1286.8461225   6     1    17     3        94  55 688.868E+00
*           1286.8461270   5    20    10     2        83  57 589.298E+00
* Gp# 1[1,3,2,6,5] x,y,z = 4.47, 20.29, 3.188, q = 0.8938 dT[2, 2, 16, 25] Src Amplitude = 64.0
*           1286.9429370   1    12    30    10       192  64   3.987E+03
*           1286.9429385   3    13    27     9       293  63   3.002E+03
*           1286.9429390   2     9    30    13       240  63   4.595E+03
*           1286.9429525   6    33    21     5       184  57   1.224E+03
*           1286.9429620   5    20    14     3        83  59 902.530E+00
* Gp# 1[1,3,2,6,5] x,y,z = 6.015, 25.75, 3.682, q = 0.8098 dT[2, 2, 13, 25] Src Amplitude = 62.0
*           1287.0390620   1    12    27     8       190  62   2.601E+03
*           1287.0390635   3     6    23     7       245  61   1.919E+03
*           1287.0390640   2     9    24    10       237  62   3.031E+03
*           1287.0390745   6    50    17     4       187  55 799.185E+00
*           1287.0390870   5     1    10     2        83  56 583.688E+00
* Gp# 1[1,3,2,6,5] x,y,z = 4.47, 20.29, 3.188, q = 0.8938 dT[2, 2, 16, 25] Src Amplitude = 64.0
*           1287.1348040   1    12    29    10       195  64   3.982E+03
*           1287.1348055   3    13    28     9       245  63   2.905E+03
*           1287.1348060   2     9    30    12       237  63   4.460E+03
*           1287.1348195   6    47    21     5       181  57   1.207E+03
*           1287.1348290   5    20    12     3        83  58 877.803E+00
* Gp# 1[1,3,2,6,5] x,y,z = 4.47, 20.29, 3.188, q = 0.8938 dT[2, 2, 16, 25] Src Amplitude = 62.0
*           1287.2305480   1    12    26     8       195  62   2.616E+03
*           1287.2305495   3    13    23     6       168  61   1.836E+03
*           1287.2305500   2     1    24    10       237  61   3.011E+03
*           1287.2305635   6    29    18     3       114  55 725.107E+00
*           1287.2305730   5    20    10     2        45  56 533.226E+00
* Gp# 1[1,3,2,5,6] x,y,z = -1.77, 40.24, 3.272, q = 1 dT[2, 2, 11, 13] Src Amplitude = 64.0
*           1287.3263410   1    12    31    10       192  64   3.994E+03
*           1287.3263425   3    13    28     9       248  63   2.921E+03
*           1287.3263430   2     9    28    12       234  63   4.619E+03
*           1287.3263520   5    34    15     3        97  58 950.037E+00
*           1287.3263535   6    50    23     6       206  57   1.258E+03
* Gp# 1[1,3,2,6,5] x,y,z = 6.265, 12.99, 9.248, q = 0.8964 dT[5, 5, 19, 28] Src Amplitude = 63.0
*           1287.5188140   1    15    30    10       198  63   4.055E+03
*           1287.5188185   3    13    25     8       245  63   2.915E+03
*           1287.5188190   2     1    30    12       240  62   4.443E+03
*           1287.5188325   6    29    22     5       169  57   1.184E+03
*           1287.5188420   5    20    12     3        83  58 892.279E+00
* Gp# 1[1,3,2,6,5] x,y,z = -0.08515, 5.929, 4.742, q = 0.9838 dT[2, 3, 22, 25] Src Amplitude = 61.0
*           1289.9290690   1     6    27     8       193  61   2.621E+03
*           1289.9290705   3    10    24     6       178  61   1.860E+03
*           1289.9290720   2     5    25     9       222  61   2.768E+03
*           1289.9290905   6    24    16     3       112  56 723.464E+00
*           1289.9290940   5     6    10     2        49  56 546.604E+00
* Gp# 1[1,3,2,6,5] x,y,z = 0.3646, 37.52, 3.152, q = 1 dT[2, 2, 13, 14] Src Amplitude = 63.0
*           1290.0251230   1    12    31    10       190  63   3.997E+03
*           1290.0251245   3    10    27     8       245  63   2.897E+03
*           1290.0251250   2     9    29    12       241  63   4.429E+03
*           1290.0251355   6     1    23     6       206  57   1.256E+03
*           1290.0251370   5     1    13     3        94  58 939.833E+00
* Gp# 1[1,3,2,6,5] x,y,z = 1.747, 7.962, 3.665, q = 0.9787 dT[2, 2, 21, 25] Src Amplitude = 62.0
*           1290.1208710   1    12    26     8       192  62   2.618E+03
*           1290.1208725   3    13    23     6       165  62   1.823E+03
*           1290.1208730   2     9    25     9       231  61   2.841E+03
*           1290.1208915   6    24    17     3       109  55 719.076E+00
*           1290.1208960   5    20    10     2        83  57 580.773E+00
* Gp# 1[1,3,2,6,5] x,y,z = -0.9936, 36.06, 7.133, q = 1 dT[4, 5, 15, 16] Src Amplitude = 63.0
*           1290.2166870   1    15    29    10       198  63   4.058E+03
*           1290.2166905   3    10    27     8       242  63   2.920E+03
*           1290.2166920   2     2    27    12       240  62   4.443E+03
*           1290.2167015   6    33    23     5       173  57   1.194E+03
*           1290.2167030   5    17    14     4       130  58 990.826E+00
* Gp# 1[1,3,2,6,5] x,y,z = -0.08515, 5.929, 4.742, q = 0.9838 dT[2, 3, 22, 25] Src Amplitude = 61.0
*           1290.3125110   1     9    27     8       193  61   2.642E+03
*           1290.3125125   3    10    23     6       181  61   1.872E+03
*           1290.3125140   2     5    25     9       225  61   2.766E+03
*           1290.3125325   6    24    16     3       112  55 721.230E+00
*           1290.3125360   5     6    11     2        49  56 547.344E+00
* Gp# 1[1,2,3,6,5] x,y,z = 3.123, 36.33, 1.413, q = 1 dT[0, 2, 13, 14] Src Amplitude = 63.0
*           1290.4083640   1     9    30    10       193  63   4.009E+03
*           1290.4083640   2     8    31    13       243  63   4.518E+03
*           1290.4083655   3    10    27     9       290  63   2.962E+03
*           1290.4083765   6    33    23     6       206  57   1.259E+03
*           1290.4083780   5    17    13     3        85  59 923.697E+00
* Gp# 1[1,3,2,6,5] x,y,z = 3.8, 12.6, 8.082, q = 0.8924 dT[4, 5, 19, 28] Src Amplitude = 61.0
*           1290.5044030   1    15    26     8       198  61   2.664E+03
*           1290.5044065   3    10    22     6       181  61   1.872E+03
*           1290.5044080   2     2    24    10       240  61   2.953E+03
*           1290.5044215   6    29    17     3       117  56 730.296E+00
*           1290.5044310   5     5     9     2        48  56 544.857E+00
* Gp# 1[1,3,2,6,5] x,y,z = 6.456, 21.27, 7.744, q = 0.777 dT[4, 5, 15, 28] Src Amplitude = 63.0
*           1290.6001450   1    15    30    10       198  63   4.072E+03
*           1290.6001485   3    10    28     8       181  63   2.855E+03
*           1290.6001500   2     5    27    12       237  62   4.211E+03
*           1290.6001595   6    33    24     5       173  57   1.195E+03
*           1290.6001730   5     5    12     3        85  58 883.669E+00
* Gp# 1[1,3,2,6,5,4] x,y,z = 3.451, 37.22, 17.98, q = 0.6792 dT[7, 10, 12, 19, 29] Src Amplitude = 59.0
*           1290.6449280   1    11    26     7       205  59   1.876E+03
*           1290.6449345   3     5    19     6       210  64   1.652E+03
*           1290.6449380   2    63    24    11       172  64   4.916E+03
*           1290.6449395   6     1    17     4       139  61   1.253E+03
*           1290.6449470   5    17    21     4       136  57 932.028E+00
*           1290.6449570   4     1     1     0         1  48   0.000E+00
* Gp# 1[1,3,2,6,5] x,y,z = 4.47, 20.29, 3.188, q = 0.8938 dT[2, 2, 16, 25] Src Amplitude = 61.0
*           1293.0052390   1    12    26     8       195  61   2.639E+03
*           1293.0052405   3     9    22     6       165  61   1.832E+03
*           1293.0052410   2     2    26    10       237  62   2.901E+03
*           1293.0052545   6    29    17     3       117  55 732.272E+00
*           1293.0052640   5     5    10     2        45  57 532.924E+00
* Gp# 1[1,3,2,6,5] x,y,z = 4.47, 20.29, 3.188, q = 0.8938 dT[2, 2, 16, 25] Src Amplitude = 64.0
*           1293.1013010   1    12    30    10       192  64   4.011E+03
*           1293.1013025   3    13    28     9       245  63   2.914E+03
*           1293.1013030   2     1    28    12       234  63   4.329E+03
*           1293.1013165   6    33    23     6       203  57   1.247E+03
*           1293.1013260   5    20    13     3        83  58 886.453E+00
* Gp# 1[1,2,3,5,6] x,y,z = 0.9146, 39.26, 1.374, q = 1 dT[0, 2, 11, 13] Src Amplitude = 63.0
*           1293.2927850   1    12    29    10       190  63   4.007E+03
*           1293.2927850   2    11    31    13       246  63   4.534E+03
*           1293.2927865   3    10    24     8       242  63   2.904E+03
*           1293.2927960   5     1    15     3        97  58 953.279E+00
*           1293.2927975   6    13    24     6       206  57   1.253E+03
* Gp# 1[1,3,2,6,5] x,y,z = 4.47, 20.29, 3.188, q = 0.8938 dT[2, 2, 16, 25] Src Amplitude = 62.0
*           1293.3885670   1    12    25     8       186  62   2.611E+03
*           1293.3885685   3    13    22     6       165  61   1.827E+03
*           1293.3885690   2     9    26     8       188  61   2.681E+03
*           1293.3885825   6    47    18     3        86  55 665.214E+00
*           1293.3885920   5    20    10     2        83  56 586.231E+00
* Gp# 1[1,3,2,6,5] x,y,z = 4.47, 20.29, 3.188, q = 0.8938 dT[2, 2, 16, 25] Src Amplitude = 64.0
*           1293.4844130   1    12    28    10       195  64   4.033E+03
*           1293.4844145   3    13    26     8       245  63   2.897E+03
*           1293.4844150   2     2    28    12       234  62   4.295E+03
*           1293.4844285   6    29    22     4       117  57   1.129E+03
*           1293.4844380   5    20    13     3        83  58 885.715E+00
* Gp# 1[1,2,3,6,5] x,y,z = 3.598, 1.063, 3.083, q = 0.9904 dT[1, 2, 22, 25] Src Amplitude = 61.0
*           1293.5802580   1     9    27     8       190  61   2.630E+03
*           1293.5802590   2     7    26    10       233  61   2.929E+03
*           1293.5802595   3    10    22     6       181  61   1.870E+03
*           1293.5802795   6    24    17     3       112  56 732.529E+00
*           1293.5802830   5     6    10     2        49  56 555.871E+00
* Gp# 1[1,3,2,6,5] x,y,z = 0.4228, 35.64, 6.368, q = 1 dT[4, 4, 15, 16] Src Amplitude = 63.0
*           1293.6771470   1    11    29    10       195  63   4.087E+03
*           1293.6771505   3    10    26     9       245  63   2.910E+03
*           1293.6771510   2     6    29    12       241  62   4.459E+03
*           1293.6771615   6    33    23     6       206  57   1.247E+03
*           1293.6771630   5    17    13     3        97  59 954.631E+00
* Gp# 1[1,3,2,6,5] x,y,z = 1.747, 7.962, 3.665, q = 0.9787 dT[2, 2, 21, 25] Src Amplitude = 62.0
*           1296.0394980   1    12    25     8       186  62   2.610E+03
*           1296.0394995   3    13    23     6       178  61   1.842E+03
*           1296.0395000   2     1    23     9       222  62   2.797E+03
*           1296.0395185   6     1    17     3        90  55 669.400E+00
*           1296.0395230   5    20    10     2        83  56 586.754E+00
* Gp# 1[1,2,3,6,5] x,y,z = 9.135, 24.07, 2.815, q = 0.8451 dT[0, 2, 13, 25] Src Amplitude = 63.0
*           1296.1363620   1     9    29    10       193  63   4.045E+03
*           1296.1363620   2     8    30    12       243  63   4.425E+03
*           1296.1363635   3    10    26     9       245  63   2.918E+03
*           1296.1363745   6    33    22     5       173  57   1.194E+03
*           1296.1363870   5     6    12     3        86  59 901.522E+00
* Gp# 1[1,2,3,5,6] x,y,z = 1.817, 30.77, 5.187, q = 0.973 dT[2, 5, 16, 19] Src Amplitude = 64.0
*           1296.3278450   1    15    29    10       198  64   4.102E+03
*           1296.3278470   2     5    28    12       237  63   4.352E+03
*           1296.3278495   3    13    26     8       245  63   2.899E+03
*           1296.3278610   5    32    14     3        97  58 953.041E+00
*           1296.3278635   6    29    23     5       147  57   1.158E+03
* Gp# 1[1,2,3,6,5] x,y,z = 9.135, 24.07, 2.815, q = 0.8451 dT[0, 2, 13, 25] Src Amplitude = 61.0
*           1296.4236810   1     9    27     8       190  61   2.643E+03
*           1296.4236810   2     8    24    10       240  61   2.814E+03
*           1296.4236825   3    10    21     6       181  61   1.872E+03
*           1296.4236935   6     1    19     3       121  55 745.323E+00
*           1296.4237060   5     1    10     2        49  56 552.119E+00
* Gp# 1[1,3,2,6,5] x,y,z = -0.9936, 36.06, 7.133, q = 1 dT[4, 5, 15, 16] Src Amplitude = 63.0
*           1296.5195120   1    15    30    10       198  63   4.098E+03
*           1296.5195155   3    10    26     8       178  63   2.832E+03
*           1296.5195170   2     5    29    12       234  62   4.336E+03
*           1296.5195265   6    33    23     5       179  57   1.218E+03
*           1296.5195280   5    17    14     4       130  58   1.007E+03
* Gp# 1[1,2,3,6,5] x,y,z = 9.135, 24.07, 2.815, q = 0.8451 dT[0, 2, 13, 25] Src Amplitude = 61.0
*           1296.6156460   1    12    26     8       190  61   2.642E+03
*           1296.6156460   2    11    24     8       173  61   2.718E+03
*           1296.6156475   3    10    22     6       181  61   1.853E+03
*           1296.6156585   6     1    17     3       121  55 736.427E+00
*           1296.6156710   5     1    10     2        46  56 536.304E+00
* Gp# 1[1,2,3,6,5] x,y,z = 3.123, 36.33, 1.413, q = 1 dT[0, 2, 13, 14] Src Amplitude = 63.0
*           1296.7114080   1     9    29    10       193  63   4.049E+03
*           1296.7114080   2     8    30    13       243  63   4.548E+03
*           1296.7114095   3    10    27     8       181  63   2.848E+03
*           1296.7114205   6    33    23     5       173  57   1.201E+03
*           1296.7114220   5    17    14     3        85  59 925.039E+00
* Gp# 1[1,3,2,6,5] x,y,z = 4.47, 20.29, 3.188, q = 0.8938 dT[2, 2, 16, 25] Src Amplitude = 62.0
*           1299.0724400   1    12    26     8       186  62   2.637E+03
*           1299.0724415   3    13    23     6       165  61   1.801E+03
*           1299.0724420   2     2    23    10       231  61   2.790E+03
*           1299.0724555   6    29    18     3       114  56 724.945E+00
*           1299.0724650   5    20    10     2        46  56 539.433E+00
* Gp# 1[1,3,2,6,5] x,y,z = -0.9936, 36.06, 7.133, q = 1 dT[4, 5, 15, 16] Src Amplitude = 63.0
*           1299.1682520   1    15    29    10       198  63   4.108E+03
*           1299.1682555   3    10    25     9       246  63   2.920E+03
*           1299.1682570   2     5    28    12       237  63   4.145E+03
*           1299.1682665   6    33    23     5       176  57   1.203E+03
*           1299.1682680   5    17    14     3        97  58 961.139E+00
* Gp# 1[1,3,2,6,5] x,y,z = 6.259, 23.78, 7.727, q = 0.7915 dT[4, 5, 15, 27] Src Amplitude = 63.0
*           1299.3612170   1    15    30    10       198  63   4.116E+03
*           1299.3612205   3    10    27     8       249  63   2.920E+03
*           1299.3612220   2     5    29    12       244  62   4.237E+03
*           1299.3612315   6    33    23     4       121  57   1.142E+03
*           1299.3612440   5     6    15     3        86  58 915.357E+00
* Gp# 1[1,3,2,6,5] x,y,z = 4.47, 20.29, 3.188, q = 0.8938 dT[2, 2, 16, 25] Src Amplitude = 64.0
*           1299.5527070   1    12    30    10       195  64   4.062E+03
*           1299.5527085   3    13    26     9       245  63   2.896E+03
*           1299.5527090   2     2    29    12       237  62   4.168E+03
*           1299.5527225   6    29    22     6       203  57   1.238E+03
*           1299.5527320   5     5    13     3       118  58 920.526E+00
* Gp# 1[1,3,2,6,5] x,y,z = 4.47, 20.29, 3.188, q = 0.8938 dT[2, 2, 16, 25] Src Amplitude = 62.0
*           1299.6484930   1    12    26     8       186  62   2.631E+03
*           1299.6484945   3    13    21     6       165  61   1.793E+03
*           1299.6484950   2     1    26     9       231  61   2.741E+03
*           1299.6485085   6     1    18     3       114  55 717.947E+00
*           1299.6485180   5    20    10     2        83  57 582.196E+00
* Gp# 1[1,3,2,6,5] x,y,z = -0.9936, 36.06, 7.133, q = 1 dT[4, 5, 15, 16] Src Amplitude = 63.0
*           1299.7443320   1    15    29    10       198  63   4.109E+03
*           1299.7443355   3    10    27     9       252  63   2.911E+03
*           1299.7443370   2     2    31    12       234  62   4.155E+03
*           1299.7443465   6    33    23     5       151  57   1.170E+03
*           1299.7443480   5    17    14     3        97  59 964.711E+00
* Gp# 1[1,3,2,6,5] x,y,z = 6.015, 25.75, 3.682, q = 0.8098 dT[2, 2, 13, 25] Src Amplitude = 61.0
*           1302.1154820   1     9    26     8       190  61   2.663E+03
*           1302.1154835   3    10    22     6       178  61   1.848E+03
*           1302.1154840   2     6    24    10       232  60   2.855E+03
*           1302.1154945   6     1    17     3       121  56 745.803E+00
*           1302.1155070   5     6    11     2        77  57 584.416E+00
* Gp# 1[1,2,3,5,6] x,y,z = 0.9146, 39.26, 1.374, q = 1 dT[0, 2, 11, 13] Src Amplitude = 63.0
*           1302.2115540   1     9    29    10       193  63   4.053E+03
*           1302.2115540   2     8    31    12       234  62   4.229E+03
*           1302.2115555   3    10    27     8       181  63   2.823E+03
*           1302.2115650   5    20    14     3       100  59 968.078E+00
*           1302.2115665   6    33    23     4       124  57   1.142E+03
* Gp# 1[1,3,2,6,5] x,y,z = 4.47, 20.29, 3.188, q = 0.8938 dT[2, 2, 16, 25] Src Amplitude = 62.0
*           1302.3073230   1    12    26     8       186  62   2.640E+03
*           1302.3073245   3    13    21     6       165  61   1.794E+03
*           1302.3073250   2     9    25    10       234  61   2.734E+03
*           1302.3073385   6    29    18     3       111  55 702.214E+00
*           1302.3073480   5    20    11     2        83  57 588.385E+00
* Gp# 1[1,3,2,6,5] x,y,z = 4.47, 20.29, 3.188, q = 0.8938 dT[2, 2, 16, 25] Src Amplitude = 64.0
*           1302.4030410   1    12    28    10       186  64   4.038E+03
*           1302.4030425   3    13    26     8       245  63   2.890E+03
*           1302.4030430   2     9    28    12       241  63   4.328E+03
*           1302.4030565   6    29    23     6       203  57   1.245E+03
*           1302.4030660   5    20    14     4       193  58 987.530E+00
* Gp# 1[1,2,3,6,5] x,y,z = 10.89, 14.54, 11.74, q = 0.9077 dT[5, 7, 19, 28] Src Amplitude = 61.0
*           1302.4988990   1    15    25     8       195  61   2.691E+03
*           1302.4989040   2     2    25     9       231  60   2.725E+03
*           1302.4989055   3     7    22     6       175  61   1.783E+03
*           1302.4989175   6    29    19     3       117  55 733.810E+00
*           1302.4989270   5    20    10     2        45  56 535.145E+00
* Gp# 1[1,3,2,6,5] x,y,z = 6.015, 25.75, 3.682, q = 0.8098 dT[2, 2, 13, 25] Src Amplitude = 63.0
*           1302.5947380   1    12    28    10       190  63   4.064E+03
*           1302.5947395   3     6    26     8       181  63   2.840E+03
*           1302.5947400   2     9    29    12       247  63   4.264E+03
*           1302.5947505   6    50    24     5       187  57   1.230E+03
*           1302.5947630   5     1    14     3        83  58 882.873E+00
* Gp# 1[1,2,3,6,5] x,y,z = 10.86, 19.94, 6.249, q = 0.8489 dT[2, 4, 15, 27] Src Amplitude = 63.0
*           1302.7873920   1    11    28    10       195  63   4.144E+03
*           1302.7873940   2     8    30    12       237  63   4.414E+03
*           1302.7873955   3    10    26     8       181  63   2.827E+03
*           1302.7874065   6    33    24     5       173  57   1.206E+03
*           1302.7874190   5     6    14     3        86  59 910.536E+00
* Gp# 1[1,3,2,6,5] x,y,z = 1.747, 7.962, 3.665, q = 0.9787 dT[2, 2, 21, 25] Src Amplitude = 62.0
*           1305.1825960   1    12    26     8       184  62   2.635E+03
*           1305.1825975   3    13    21     6       184  61   1.833E+03
*           1305.1825980   2     9    26    10       241  61   2.777E+03
*           1305.1826165   6    42    17     4       179  55 786.178E+00
*           1305.1826210   5    20    11     2        83  57 586.328E+00
* Gp# 1[1,3,2,6,5] x,y,z = 4.47, 20.29, 3.188, q = 0.8938 dT[2, 2, 16, 25] Src Amplitude = 64.0
*           1305.2794250   1    12    28    10       187  64   4.046E+03
*           1305.2794265   3    13    27     9       245  63   2.881E+03
*           1305.2794270   2     9    29    12       231  63   4.007E+03
*           1305.2794405   6    47    23     6       203  57   1.242E+03
*           1305.2794500   5    20    12     4       193  58 973.940E+00
* Gp# 1[1,3,2,6,5] x,y,z = 1.747, 7.962, 3.665, q = 0.9787 dT[2, 2, 21, 25] Src Amplitude = 62.0
*           1305.3752680   1    12    26     8       184  62   2.646E+03
*           1305.3752695   3    13    21     6       172  62   1.822E+03
*           1305.3752700   2     9    24    10       238  62   2.773E+03
*           1305.3752885   6    42    17     3       113  55 729.020E+00
*           1305.3752930   5    20    11     2        83  57 591.858E+00
* Gp# 1[1,3,2,6,5] x,y,z = 4.47, 20.29, 3.188, q = 0.8938 dT[2, 2, 16, 25] Src Amplitude = 64.0
*           1305.4713320   1    12    30    10       187  64   4.067E+03
*           1305.4713335   3    13    26     9       245  63   2.897E+03
*           1305.4713340   2     9    28    12       234  63   4.186E+03
*           1305.4713475   6    33    23     6       203  57   1.243E+03
*           1305.4713570   5    20    13     3        83  58 890.675E+00
* Gp# 1[1,3,2,6,5] x,y,z = 4.47, 20.29, 3.188, q = 0.8938 dT[2, 2, 16, 25] Src Amplitude = 64.0
*           1305.6628190   1    12    29    10       187  64   4.041E+03
*           1305.6628205   3    13    26     9       245  63   2.881E+03
*           1305.6628210   2     9    28    12       241  63   4.221E+03
*           1305.6628345   6    29    22     6       203  57   1.259E+03
*           1305.6628440   5    20    14     4       193  58 981.302E+00
* Gp# 1[1,2,3,6,5] x,y,z = 3.123, 36.33, 1.413, q = 1 dT[0, 2, 13, 14] Src Amplitude = 63.0
*           1305.8552780   1    12    29    10       193  63   4.086E+03
*           1305.8552780   2     8    29    12       243  63   4.382E+03
*           1305.8552795   3    10    27     8       181  63   2.817E+03
*           1305.8552905   6    13    23     5       173  57   1.200E+03
*           1305.8552920   5     1    14     2        60  58 897.265E+00
* Gp# 1[1,2,3,6,5] x,y,z = 9.135, 24.07, 2.815, q = 0.8451 dT[0, 2, 13, 25] Src Amplitude = 62.0
*           1308.3375210   1    12    26     8       190  62   2.687E+03
*           1308.3375210   2     8    24     8       173  60   2.481E+03
*           1308.3375225   3    13    21     6       178  61   1.844E+03
*           1308.3375335   6    50    18     3       121  55 745.743E+00
*           1308.3375460   5     1    10     2        46  56 549.415E+00
* Gp# 1[1,2,3,5,6] x,y,z = 0.5213, 30.34, 4.416, q = 0.9805 dT[2, 4, 16, 19] Src Amplitude = 64.0
*           1308.4343400   1    15    29    10       195  64   4.142E+03
*           1308.4343420   2     8    31    13       247  63   4.441E+03
*           1308.4343435   3    10    26     9       246  63   2.886E+03
*           1308.4343560   5    32    13     4       205  59   1.065E+03
*           1308.4343585   6    29    22     6       203  57   1.257E+03
* Gp# 1[1,3,2,6,5] x,y,z = -0.9936, 36.06, 7.133, q = 1 dT[4, 5, 15, 16] Src Amplitude = 63.0
*           1308.6260270   1    15    29    10       198  63   4.162E+03
*           1308.6260305   3    10    28     8       249  63   2.895E+03
*           1308.6260320   2     5    30    12       234  62   4.013E+03
*           1308.6260415   6    33    23     5       188  57   1.238E+03
*           1308.6260430   5    17    13     3        97  58 965.222E+00
* Gp# 1[1,2,3,6,5] x,y,z = 10.86, 19.94, 6.249, q = 0.8489 dT[2, 4, 15, 27] Src Amplitude = 63.0
*           1308.8178390   1    14    29    10       195  63   4.146E+03
*           1308.8178410   2    11    31    12       234  63   4.053E+03
*           1308.8178425   3    10    27     8       181  63   2.794E+03
*           1308.8178535   6    16    24     5       176  57   1.207E+03
*           1308.8178660   5     6    12     3        86  59 900.836E+00
* Gp# 1[1,2,3,6,5] x,y,z = 4.932, 34.72, 5.904, q = 1 dT[2, 5, 15, 16] Src Amplitude = 63.0
*           1309.0094110   1    15    29    10       195  63   4.153E+03
*           1309.0094130   2     8    31    12       237  63   4.262E+03
*           1309.0094155   3     9    25     8       245  63   2.889E+03
*           1309.0094255   6    33    23     6       207  57   1.274E+03
*           1309.0094270   5    17    15     4       130  59   1.008E+03
* Gp# 1[1,3,2,6,5] x,y,z = 6.015, 25.75, 3.682, q = 0.8098 dT[2, 2, 13, 25] Src Amplitude = 61.0
*           1311.5234360   1     9    25     8       190  61   2.683E+03
*           1311.5234375   3    10    22     6       169  61   1.797E+03
*           1311.5234380   2     9    26     9       226  61   2.676E+03
*           1311.5234485   6     1    18     3       121  55 750.567E+00
*           1311.5234610   5     1    10     2        46  57 544.464E+00
* Gp# 1[1,2,3,6,5] x,y,z = 10.86, 19.94, 6.249, q = 0.8489 dT[2, 4, 15, 27] Src Amplitude = 63.0
*           1311.6192070   1    11    30    10       195  63   4.179E+03
*           1311.6192090   2     8    31    12       240  63   4.309E+03
*           1311.6192105   3    10    29     8       181  63   2.815E+03
*           1311.6192215   6    33    24     4       121  57   1.146E+03
*           1311.6192340   5     6    14     3       119  59 952.220E+00
* Gp# 1[1,3,2,6,5] x,y,z = 4.47, 20.29, 3.188, q = 0.8938 dT[2, 2, 16, 25] Src Amplitude = 64.0
*           1311.8109040   1    12    27    10       187  64   4.098E+03
*           1311.8109055   3    13    26    10       335  63   2.944E+03
*           1311.8109060   2     9    28    10       171  63   3.764E+03
*           1311.8109195   6     1    23     5       184  57   1.231E+03
*           1311.8109290   5    20    13     3        83  58 889.065E+00
* Gp# 1[1,3,2,6,5] x,y,z = 4.47, 20.29, 3.188, q = 0.8938 dT[2, 2, 16, 25] Src Amplitude = 62.0
*           1311.9069960   1    12    26     8       184  62   2.669E+03
*           1311.9069975   3     9    22     5       138  61   1.743E+03
*           1311.9069980   2     1    25     8       171  61   2.429E+03
*           1311.9070115   6    29    17     3       114  56 727.903E+00
*           1311.9070210   5    20    10     2        83  57 592.359E+00
* Gp# 1[1,2,3,6,5] x,y,z = 9.135, 24.07, 2.815, q = 0.8451 dT[0, 2, 13, 25] Src Amplitude = 63.0
*           1312.0027130   1    12    29    10       193  63   4.107E+03
*           1312.0027130   2    11    29    12       237  63   4.268E+03
*           1312.0027145   3    10    27     8       181  63   2.798E+03
*           1312.0027255   6    36    24     5       151  57   1.171E+03
*           1312.0027380   5     1    13     3        86  59 913.398E+00
* Gp# 1[1,2,3,6,5] x,y,z = 7.796, 22.34, 5.496, q = 0.903 dT[2, 4, 16, 25] Src Amplitude = 62.0
*           1312.0995890   1    12    25     8       181  62   2.641E+03
*           1312.0995910   2    12    25     8       171  60   2.512E+03
*           1312.0995925   3     7    22     6       176  61   1.797E+03
*           1312.0996045   6    29    17     3       114  55 727.523E+00
*           1312.0996140   5    20     9     2        83  56 597.146E+00
* Gp# 1[1,3,2,5,6] x,y,z = -2.423, 32.65, 7.803, q = 1 dT[5, 5, 16, 19] Src Amplitude = 64.0
*           1312.1953240   1    15    28    10       195  64   4.150E+03
*           1312.1953285   3     9    26     9       335  63   2.929E+03
*           1312.1953290   2     2    28    12       244  63   3.992E+03
*           1312.1953400   5    17    13     4       205  58   1.039E+03
*           1312.1953425   6    29    23     6       203  57   1.245E+03
* Gp# 1[1,3,2,6,5] x,y,z = 1.747, 7.962, 3.665, q = 0.9787 dT[2, 2, 21, 25] Src Amplitude = 62.0
*           1314.6463640   1    12    26     8       184  62   2.672E+03
*           1314.6463655   3    13    22     6       181  61   1.831E+03
*           1314.6463660   2     9    22     8       171  61   2.453E+03
*           1314.6463845   6    28    18     3       113  55 733.891E+00
*           1314.6463890   5    20    10     2        46  56 546.855E+00
* Gp# 1[1,2,3,6,5] x,y,z = 9.135, 24.07, 2.815, q = 0.8451 dT[0, 2, 13, 25] Src Amplitude = 63.0
*           1314.7432260   1    12    28    10       193  63   4.119E+03
*           1314.7432260   2    11    29    12       237  63   4.029E+03
*           1314.7432275   3    10    26     8       181  63   2.771E+03
*           1314.7432385   6    16    24     5       151  57   1.177E+03
*           1314.7432510   5     1    13     3        86  59 909.269E+00
* Gp# 1[1,2,3,6,5] x,y,z = 10.89, 14.54, 11.74, q = 0.9077 dT[5, 7, 19, 28] Src Amplitude = 62.0
*           1314.8390260   1    15    26     8       186  62   2.719E+03
*           1314.8390310   2     1    24     8       171  60   2.304E+03
*           1314.8390325   3     7    21     5       163  61   1.758E+03
*           1314.8390445   6    29    17     3       114  56 727.585E+00
*           1314.8390540   5     8     9     2        83  56 593.223E+00
* Gp# 1[1,2,3,6,5] x,y,z = 9.135, 24.07, 2.815, q = 0.8451 dT[0, 2, 13, 25] Src Amplitude = 63.0
*           1314.9348650   1    12    29    10       190  63   4.124E+03
*           1314.9348650   2    11    29    12       237  63   4.135E+03
*           1314.9348665   3    10    27    10       332  63   2.952E+03
*           1314.9348775   6    16    24     5       173  57   1.209E+03
*           1314.9348900   5     1    14     3        86  59 917.523E+00
* Gp# 1[1,2,3,6,5] x,y,z = 9.135, 24.07, 2.815, q = 0.8451 dT[0, 2, 13, 25] Src Amplitude = 61.0
*           1315.0307270   1    12    24     8       187  61   2.691E+03
*           1315.0307270   2    11    26     9       234  61   2.773E+03
*           1315.0307285   3    10    22     6       178  61   1.821E+03
*           1315.0307395   6     1    17     3       121  55 744.555E+00
*           1315.0307520   5     1    10     1        43  56 529.951E+00
* Gp# 1[4,6,5,1,2] x,y,z = 1.662, 82.75, -3.5, q = 0.8847 dT[2, 4, 13, 18] Src Amplitude = 49.0
*           1315.1034900   4     2     2     0         2  49   4.148E+00
*           1315.1034915   6     3    23     6       216  61   1.630E+03
*           1315.1034940   5     1    15     2        87  60 671.414E+00
*           1315.1035030   1    23    18     5       166  62   1.342E+03
*           1315.1035080   2    22    15     6       152  61   2.162E+03
* Gp# 1[1,3,2,6,5] x,y,z = -0.9936, 36.06, 7.133, q = 1 dT[4, 5, 15, 16] Src Amplitude = 63.0
*           1315.1267810   1    15    28    10       195  63   4.186E+03
*           1315.1267845   3    10    27     8       182  63   2.802E+03
*           1315.1267860   2     5    28    12       231  62   4.035E+03
*           1315.1267955   6    33    23     6       207  57   1.278E+03
*           1315.1267970   5    17    13     4       205  59   1.059E+03
* Gp# 1[1,3,2,5,6] x,y,z = -3.639, 37.65, 3.359, q = 0.9495 dT[2, 2, 11, 16] Src Amplitude = 64.0
*           1315.3182520   1    12    28    10       190  64   4.120E+03
*           1315.3182535   3    13    27     8       181  63   2.790E+03
*           1315.3182540   2     9    27    11       232  64   3.929E+03
*           1315.3182630   5     1    15     3        97  58 968.409E+00
*           1315.3182675   6    47    23     5       170  57   1.202E+03
* Gp# 1[1,3,2,6,5] x,y,z = 6.015, 25.75, 3.682, q = 0.8098 dT[2, 2, 13, 25] Src Amplitude = 62.0
*           1317.7074350   1    12    25     8       187  62   2.700E+03
*           1317.7074365   3     6    22     6       178  61   1.835E+03
*           1317.7074370   2     9    23     8       171  61   2.395E+03
*           1317.7074475   6     1    17     3       121  55 743.378E+00
*           1317.7074600   5     1    10     2        46  57 549.545E+00
* Gp# 1[1,3,2,6,5] x,y,z = 4.47, 20.29, 3.188, q = 0.8938 dT[2, 2, 16, 25] Src Amplitude = 64.0
*           1317.8032480   1    12    27    10       187  64   4.124E+03
*           1317.8032495   3    13    29     8       245  63   2.861E+03
*           1317.8032500   2     9    29    11       220  63   3.919E+03
*           1317.8032635   6    29    23     5       184  57   1.228E+03
*           1317.8032730   5    20    13     4       193  58 980.587E+00
* Gp# 1[1,2,3,5,6] x,y,z = 0.9146, 39.26, 1.374, q = 1 dT[0, 2, 11, 13] Src Amplitude = 61.0
*           1317.8993790   1     9    25     8       187  61   2.705E+03
*           1317.8993790   2    11    21     9       231  61   2.627E+03
*           1317.8993805   3    10    22     6       178  61   1.846E+03
*           1317.8993900   5     1    10     2        53  56 576.887E+00
*           1317.8993915   6     1    18     3       121  55 753.079E+00
* Gp# 1[1,3,2,5,6] x,y,z = -3.639, 37.65, 3.359, q = 0.9495 dT[2, 2, 11, 16] Src Amplitude = 64.0
*           1317.9951170   1    12    29    10       190  64   4.142E+03
*           1317.9951185   3     6    29     8       181  63   2.789E+03
*           1317.9951190   2     9    29    12       232  63   4.170E+03
*           1317.9951280   5     1    15     3        88  58 937.688E+00
*           1317.9951325   6    47    23     5       170  57   1.205E+03
* Gp# 1[1,3,2,6,5] x,y,z = 4.47, 20.29, 3.188, q = 0.8938 dT[2, 2, 16, 25] Src Amplitude = 62.0
*           1318.0908650   1    12    25     8       187  62   2.697E+03
*           1318.0908665   3    13    22     6       181  62   1.819E+03
*           1318.0908670   2     9    24     7       168  61   2.355E+03
*           1318.0908805   6     1    19     3       118  55 740.004E+00
*           1318.0908900   5    20    11     2        83  57 589.443E+00
* Gp# 1[1,3,2,5,6] x,y,z = -2.423, 32.65, 7.803, q = 1 dT[5, 5, 16, 19] Src Amplitude = 64.0
*           1318.1867070   1    15    29    10       187  64   4.168E+03
*           1318.1867115   3     9    27     8       245  63   2.873E+03
*           1318.1867120   2     5    28     9       171  63   3.628E+03
*           1318.1867230   5    32    13     4       205  58   1.037E+03
*           1318.1867255   6    29    22     6       203  57   1.261E+03
* Gp# 1[1,2,3,6,5] x,y,z = 2.914, 34.75, 4.757, q = 1 dT[2, 4, 15, 16] Src Amplitude = 63.0
*           1318.3783280   1     8    27    10       195  63   4.198E+03
*           1318.3783300   2     8    30    11       231  62   3.974E+03
*           1318.3783315   3    10    28     9       246  63   2.885E+03
*           1318.3783425   6    33    22     6       207  57   1.267E+03
*           1318.3783440   5    17    13     3        97  59 983.305E+00
* Gp# 1[1,3,2,6,5] x,y,z = 5.153, 26.16, 3.976, q = 0.7895 dT[2, 3, 13, 25] Src Amplitude = 61.0
*           1320.7832910   1     9    25     8       184  61   2.724E+03
*           1320.7832925   3    10    21     6       178  61   1.818E+03
*           1320.7832940   2     2    22     8       171  62   2.665E+03
*           1320.7833035   6    33    19     3       121  55 755.869E+00
*           1320.7833160   5     1    10     2        77  57 584.287E+00
* Gp# 1[1,3,2,6,5] x,y,z = 4.47, 20.29, 3.188, q = 0.8938 dT[2, 2, 16, 25] Src Amplitude = 64.0
*           1320.8793010   1    12    28    10       187  64   4.152E+03
*           1320.8793025   3    13    29     8       245  63   2.869E+03
*           1320.8793030   2     9    27    11       241  62   4.011E+03
*           1320.8793165   6    29    24     6       187  57   1.266E+03
*           1320.8793260   5    20    13     4       193  58 977.518E+00
* Gp# 1[1,2,3,6,5] x,y,z = 9.135, 24.07, 2.815, q = 0.8451 dT[0, 2, 13, 25] Src Amplitude = 63.0
*           1321.0709950   1    12    27    10       187  63   4.213E+03
*           1321.0709950   2    11    30    11       231  63   3.998E+03
*           1321.0709965   3    10    29     8       215  63   2.842E+03
*           1321.0710075   6    16    22     5       185  57   1.244E+03
*           1321.0710200   5     1    13     3        86  59 908.895E+00
* Gp# 1[1,3,2,6,5] x,y,z = 1.747, 7.962, 3.665, q = 0.9787 dT[2, 2, 21, 25] Src Amplitude = 62.0
*           1321.1671040   1    12    25     8       187  62   2.764E+03
*           1321.1671055   3    13    21     6       181  61   1.832E+03
*           1321.1671060   2     9    21     7       171  61   2.336E+03
*           1321.1671245   6     1    18     3       113  55 732.866E+00
*           1321.1671290   5    20     9     2        74  56 577.011E+00
* Gp# 1[1,2,3,5,6] x,y,z = 0.5213, 30.34, 4.416, q = 0.9805 dT[2, 4, 16, 19] Src Amplitude = 64.0
*           1321.2627770   1    15    28    10       187  64   4.261E+03
*           1321.2627790   2     5    28    11       223  63   3.903E+03
*           1321.2627805   3    14    29     8       246  63   2.890E+03
*           1321.2627930   5    20    13     4       205  58   1.058E+03
*           1321.2627955   6    29    24     5       187  57   1.248E+03
* Gp# 1[1,2,3,6,5] x,y,z = 2.914, 34.75, 4.757, q = 1 dT[2, 4, 15, 16] Src Amplitude = 63.0
*           1321.4545300   1    11    27    10       189  63   4.263E+03
*           1321.4545320   2     8    29    12       237  63   4.074E+03
*           1321.4545335   3    10    28     8       215  63   2.806E+03
*           1321.4545445   6    33    22     6       207  58   1.278E+03
*           1321.4545460   5    17    13     4       205  59   1.048E+03
* Gp# 1[1,2,3,6,5] x,y,z = 10.86, 19.94, 6.249, q = 0.8489 dT[2, 4, 15, 27] Src Amplitude = 63.0
*           1323.9464050   1    11    26    10       184  63   4.291E+03
*           1323.9464070   2     8    30    11       220  63   3.918E+03
*           1323.9464085   3    10    29     8       208  63   2.820E+03
*           1323.9464195   6    33    22     6       188  57   1.264E+03
*           1323.9464320   5     6    12     4       194  59 990.030E+00
* Gp# 1[1,3,2,6,5] x,y,z = 6.015, 25.75, 3.682, q = 0.8098 dT[2, 2, 13, 25] Src Amplitude = 61.0
*           1324.0422330   1    12    24     7       150  61   2.736E+03
*           1324.0422345   3    10    23     6       166  61   1.787E+03
*           1324.0422350   2     9    22     8       189  62   2.455E+03
*           1324.0422455   6     1    18     3       121  55 756.905E+00
*           1324.0422580   5     1     9     1        43  57 552.954E+00
* Gp# 1[1,3,2,6,5] x,y,z = 7.98, 22.55, 8.675, q = 0.782 dT[5, 5, 15, 28] Src Amplitude = 64.0
*           1324.1380440   1    15    29    10       187  64   4.311E+03
*           1324.1380485   3    13    28     8       227  63   2.857E+03
*           1324.1380490   2     2    27     9       175  63   3.592E+03
*           1324.1380585   6    33    23     6       191  57   1.280E+03
*           1324.1380720   5     5    12     4       193  58 992.058E+00
* Gp# 1[1,3,2,6,5] x,y,z = 4.47, 20.29, 3.188, q = 0.8938 dT[2, 2, 16, 25] Src Amplitude = 64.0
*           1324.3299440   1    12    27    10       187  64   4.263E+03
*           1324.3299455   3    13    29     8       181  63   2.782E+03
*           1324.3299460   2     9    28    11       235  63   3.798E+03
*           1324.3299595   6    33    22     6       204  57   1.280E+03
*           1324.3299690   5     1    13     3        86  58 905.951E+00
* Gp# 1[1,3,2,6,5] x,y,z = 1.747, 7.962, 3.665, q = 0.9787 dT[2, 2, 21, 25] Src Amplitude = 62.0
*           1324.4265170   1    12    25     8       184  62   2.797E+03
*           1324.4265185   3    13    22     6       178  61   1.826E+03
*           1324.4265190   2     9    21     9       220  62   2.575E+03
*           1324.4265375   6    28    18     3       113  55 739.041E+00
*           1324.4265420   5     1    11     2        46  56 546.899E+00
* Gp# 1[1,2,3,6,5] x,y,z = 2.914, 34.75, 4.757, q = 1 dT[2, 4, 15, 16] Src Amplitude = 63.0
*           1324.5225540   1    11    26    10       184  63   4.293E+03
*           1324.5225560   2     8    27    10       174  63   3.791E+03
*           1324.5225575   3    10    29    10       336  63   2.963E+03
*           1324.5225685   6    33    22     6       207  58   1.291E+03
*           1324.5225700   5    17    13     4       205  59   1.053E+03
* Gp# 1[1,3,2,6,5] x,y,z = 4.47, 20.29, 3.188, q = 0.8938 dT[2, 2, 16, 25] Src Amplitude = 62.0
*           1326.8836370   1    12    24     8       184  62   2.772E+03
*           1326.8836385   3    13    22     6       211  61   1.835E+03
*           1326.8836390   2     9    21     8       171  61   2.376E+03
*           1326.8836525   6     1    18     4       148  55 773.748E+00
*           1326.8836620   5     2    10     2        46  57 554.610E+00
* Gp# 1[1,2,3,6,5] x,y,z = 3.123, 36.33, 1.413, q = 1 dT[0, 2, 13, 14] Src Amplitude = 63.0
*           1326.9804840   1    12    28    10       184  63   4.222E+03
*           1326.9804840   2    11    29    11       231  62   3.837E+03
*           1326.9804855   3    10    31    10       336  63   2.956E+03
*           1326.9804965   6    16    23     6       207  57   1.308E+03
*           1326.9804980   5     1    14     3        97  59 971.047E+00
* Gp# 1[1,3,2,6,5] x,y,z = 4.47, 20.29, 3.188, q = 0.8938 dT[2, 2, 16, 25] Src Amplitude = 64.0
*           1327.1724150   1    12    27    10       187  64   4.190E+03
*           1327.1724165   3    13    30     9       305  63   2.891E+03
*           1327.1724170   2     9    24    11       223  63   3.669E+03
*           1327.1724305   6    33    23     5       176  57   1.243E+03
*           1327.1724400   5     1    14     2        74  58 875.404E+00
* Gp# 1[1,3,2,6,5] x,y,z = 1.747, 7.962, 3.665, q = 0.9787 dT[2, 2, 21, 25] Src Amplitude = 62.0
*           1327.2681960   1    12    26     8       184  62   2.730E+03
*           1327.2681975   3    13    22     6       181  61   1.822E+03
*           1327.2681980   2     9    21     7       172  61   2.254E+03
*           1327.2682165   6     1    18     4       143  55 770.707E+00
*           1327.2682210   5    20     9     2        46  56 554.734E+00
* Gp# 1[1,3,2,5,6] x,y,z = -1.77, 40.24, 3.272, q = 1 dT[2, 2, 11, 13] Src Amplitude = 63.0
*           1327.3638820   1    12    27    10       187  63   4.161E+03
*           1327.3638835   3     6    30     8       181  63   2.795E+03
*           1327.3638840   2     9    26    11       239  63   3.802E+03
*           1327.3638930   5     1    15     4       133  59   1.014E+03
*           1327.3638945   6    13    23     6       207  57   1.302E+03
* Gp# 1[1,3,2,6,5] x,y,z = 4.47, 20.29, 3.188, q = 0.8938 dT[2, 2, 16, 25] Src Amplitude = 62.0
*           1327.4597120   1    12    25     8       184  62   2.711E+03
*           1327.4597135   3    13    23     6       211  61   1.868E+03
*           1327.4597140   2     1    22     7       168  61   2.188E+03
*           1327.4597275   6    29    18     4       148  56 786.737E+00
*           1327.4597370   5     8     9     2        46  57 558.128E+00
* Gp# 1[1,2,3,5,6] x,y,z = 0.5213, 30.34, 4.416, q = 0.9805 dT[2, 4, 16, 19] Src Amplitude = 63.0
*           1327.5555480   1    15    29    10       187  63   4.205E+03
*           1327.5555500   2     5    25    10       174  63   3.621E+03
*           1327.5555515   3    10    29     8       246  63   2.876E+03
*           1327.5555640   5    17    13     3        95  58 964.139E+00
*           1327.5555665   6    29    23     6       187  58   1.282E+03
* Gp# 1[1,3,2,6,5] x,y,z = 4.47, 20.29, 3.188, q = 0.8938 dT[2, 2, 16, 25] Src Amplitude = 62.0
*           1329.9407400   1    12    24     8       184  62   2.710E+03
*           1329.9407415   3    13    23     6       181  61   1.817E+03
*           1329.9407420   2     9    22     7       172  62   2.375E+03
*           1329.9407555   6     1    18     3       118  56 752.746E+00
*           1329.9407650   5    20     9     2        46  57 561.676E+00
* Gp# 1[1,3,2,6,5] x,y,z = 4.47, 20.29, 3.188, q = 0.8938 dT[2, 2, 16, 25] Src Amplitude = 64.0
*           1330.0368080   1    12    26    10       187  64   4.133E+03
*           1330.0368095   3    13    32    10       336  63   2.945E+03
*           1330.0368100   2     9    28    11       229  64   3.813E+03
*           1330.0368235   6     1    23     6       204  57   1.296E+03
*           1330.0368330   5    20    13     2        74  58 865.045E+00
* Gp# 1[1,3,2,6,5] x,y,z = 6.015, 25.75, 3.682, q = 0.8098 dT[2, 2, 13, 25] Src Amplitude = 62.0
*           1330.1336800   1    12    25     7       150  62   2.650E+03
*           1330.1336815   3     6    23     5       152  61   1.774E+03
*           1330.1336820   2     9    20     7       172  61   2.253E+03
*           1330.1336925   6     1    20     4       188  55 842.136E+00
*           1330.1337050   5     1     9     1        39  57 549.030E+00
* Gp# 1[1,3,2,6,5] x,y,z = 4.47, 20.29, 3.188, q = 0.8938 dT[2, 2, 16, 25] Src Amplitude = 64.0
*           1330.2294220   1    12    26    10       187  64   4.145E+03
*           1330.2294235   3    13    29     9       305  63   2.911E+03
*           1330.2294240   2     1    25    10       220  63   3.695E+03
*           1330.2294375   6    29    24     5       170  57   1.235E+03
*           1330.2294470   5     8    12     3        83  58 900.475E+00
* Gp# 1[1,3,2,5,6] x,y,z = -2.423, 32.65, 7.803, q = 1 dT[5, 5, 16, 19] Src Amplitude = 64.0
*           1330.4209360   1    15    28    10       187  64   4.199E+03
*           1330.4209405   3    13    31     9       305  63   2.898E+03
*           1330.4209410   2     9    25    10       229  63   3.571E+03
*           1330.4209520   5    32    14     3        95  58 987.248E+00
*           1330.4209545   6    29    23     6       187  57   1.283E+03
* Gp# 1[1,3,2,6,5] x,y,z = 6.015, 25.75, 3.682, q = 0.8098 dT[2, 2, 13, 25] Src Amplitude = 64.0
*           1330.6126310   1    12    27    10       187  64   4.143E+03
*           1330.6126325   3     6    29     8       215  63   2.828E+03
*           1330.6126330   2     9    28     9       175  63   3.510E+03
*           1330.6126435   6    30    23     6       207  57   1.311E+03
*           1330.6126560   5     1    13     3       119  59 951.718E+00
* Gp# 1[1,2,3,6,5] x,y,z = 9.135, 24.07, 2.815, q = 0.8451 dT[0, 2, 13, 25] Src Amplitude = 62.0
*           1332.9829090   1    12    25     7       150  62   2.660E+03
*           1332.9829090   2    11    22     7       174  62   2.263E+03
*           1332.9829105   3     6    24     6       178  61   1.813E+03
*           1332.9829215   6     1    20     4       188  55 845.896E+00
*           1332.9829340   5     1     9     1        39  57 548.091E+00
* Gp# 1[1,3,2,6,5] x,y,z = 4.47, 20.29, 3.188, q = 0.8938 dT[2, 2, 16, 25] Src Amplitude = 64.0
*           1333.0786580   1    12    26    10       187  64   4.158E+03
*           1333.0786595   3    13    31     8       181  63   2.826E+03
*           1333.0786600   2     9    24    11       226  63   3.722E+03
*           1333.0786735   6     1    23     6       204  57   1.314E+03
*           1333.0786830   5    20    12     2        74  58 875.845E+00
* Gp# 1[1,3,2,6,5] x,y,z = 4.47, 20.29, 3.188, q = 0.8938 dT[2, 2, 16, 25] Src Amplitude = 62.0
*           1333.1745200   1    12    23     8       184  62   2.716E+03
*           1333.1745215   3    13    23     6       178  61   1.812E+03
*           1333.1745220   2     1    17     7       172  61   2.230E+03
*           1333.1745355   6     1    19     3       118  56 759.849E+00
*           1333.1745450   5    20     9     1        39  56 538.505E+00
* Gp# 1[1,3,2,5,6] x,y,z = -3.639, 37.65, 3.359, q = 0.9495 dT[2, 2, 11, 16] Src Amplitude = 64.0
*           1333.2703520   1    12    26    10       184  64   4.150E+03
*           1333.2703535   3     6    32     8       215  63   2.843E+03
*           1333.2703540   2     9    26     9       172  63   3.392E+03
*           1333.2703630   5     1    14     3       100  59   1.003E+03
*           1333.2703675   6    27    24     6       185  57   1.294E+03
* Gp# 1[1,3,2,6,5] x,y,z = 4.47, 20.29, 3.188, q = 0.8938 dT[2, 2, 16, 25] Src Amplitude = 62.0
*           1333.3664260   1    12    23     8       184  62   2.722E+03
*           1333.3664275   3    13    23     6       181  61   1.830E+03
*           1333.3664280   2     1    20     7       172  62   2.251E+03
*           1333.3664415   6     1    18     3       118  56 756.301E+00
*           1333.3664510   5    20    10     1        39  56 557.253E+00
* Gp# 1[1,2,3,6,5] x,y,z = 4.932, 34.72, 5.904, q = 1 dT[2, 5, 15, 16] Src Amplitude = 64.0
*           1333.4621860   1    15    27    10       190  64   4.212E+03
*           1333.4621880   2     8    26     9       178  63   3.574E+03
*           1333.4621905   3     9    29     9       305  63   2.912E+03
*           1333.4622005   6    33    23     6       208  58   1.333E+03
*           1333.4622020   5    20    14     3        95  58 974.243E+00
* Gp# 1[1,3,2,6,5] x,y,z = 6.015, 25.75, 3.682, q = 0.8098 dT[2, 2, 13, 25] Src Amplitude = 64.0
*           1333.6559050   1    12    26    10       184  64   4.154E+03
*           1333.6559065   3     6    31     8       215  63   2.857E+03
*           1333.6559070   2     9    26     9       176  63   3.514E+03
*           1333.6559175   6    30    25     6       191  57   1.317E+03
*           1333.6559300   5     1    13     3        77  59 893.230E+00
* Gp# 1[1,2,3,6,5] x,y,z = 9.607, 22.14, 2.865, q = 0.8309 dT[0, 2, 13, 26] Src Amplitude = 61.0
*           1336.0618790   1     6    23     8       182  61   2.718E+03
*           1336.0618790   2     8    19     7       171  61   2.326E+03
*           1336.0618805   3    10    22     6       179  61   1.811E+03
*           1336.0618915   6    33    20     4       122  56 770.652E+00
*           1336.0619050   5     8    10     2        83  57 612.483E+00
* Gp# 1[1,2,3,6,5] x,y,z = 2.914, 34.75, 4.757, q = 1 dT[2, 4, 15, 16] Src Amplitude = 63.0
*           1336.1577250   1    11    26    10       187  63   4.221E+03
*           1336.1577270   2    11    24     9       178  63   3.592E+03
*           1336.1577285   3    10    29     9       306  63   2.933E+03
*           1336.1577395   6    33    24     6       191  57   1.331E+03
*           1336.1577410   5    17    14     4       205  59   1.062E+03
* Gp# 1[1,3,2,6,5] x,y,z = 4.871, 29.83, 3.534, q = 0.8588 dT[2, 2, 13, 22] Src Amplitude = 63.0
*           1336.3496710   1    12    26     9       182  63   4.141E+03
*           1336.3496725   3    10    33     9       252  63   2.902E+03
*           1336.3496730   2     9    25     9       172  62   3.272E+03
*           1336.3496835   6    16    24     6       191  57   1.337E+03
*           1336.3496930   5     1    13     4       197  59   1.057E+03
* Gp# 1[1,3,2,6,5] x,y,z = -0.9936, 36.06, 7.133, q = 1 dT[4, 5, 15, 16] Src Amplitude = 63.0
*           1336.5411550   1    15    27    10       187  63   4.207E+03
*           1336.5411585   3    10    29     9       306  63   2.939E+03
*           1336.5411600   2     5    24     9       175  63   3.397E+03
*           1336.5411695   6    33    24     5       174  58   1.285E+03
*           1336.5411710   5    20    14     3        95  58 974.555E+00
* Gp# 1[1,2,3,6,5] x,y,z = 2.914, 34.75, 4.757, q = 1 dT[2, 4, 15, 16] Src Amplitude = 63.0
*           1336.7337660   1    11    27    10       187  63   4.209E+03
*           1336.7337680   2     8    23     9       178  62   3.464E+03
*           1336.7337695   3    10    31     8       246  63   2.879E+03
*           1336.7337805   6    33    24     6       191  58   1.339E+03
*           1336.7337820   5    17    13     3        95  59 981.836E+00
* Gp# 1[2,1,3,6,5] x,y,z = 6.851, 18.61, 2.666, q = 0.919 dT[1, 3, 17, 26] Src Amplitude = 60.0
*           1339.1431450   2     8    19     7       168  60   2.175E+03
*           1339.1431460   1    12    24     8       184  62   2.716E+03
*           1339.1431475   3     9    23     6       181  61   1.828E+03
*           1339.1431615   6    29    19     4       152  56 811.763E+00
*           1339.1431710   5     8     9     2        74  57 589.577E+00
* Gp# 1[1,3,2,5,6] x,y,z = -2.156, 35.49, 3.063, q = 1 dT[2, 2, 13, 16] Src Amplitude = 64.0
*           1339.2396730   1    12    26    10       184  64   4.162E+03
*           1339.2396745   3    13    27     9       305  63   2.916E+03
*           1339.2396750   2     1    23    10       211  63   3.449E+03
*           1339.2396860   5    20    14     3        86  58 961.611E+00
*           1339.2396885   6    29    24     6       185  58   1.329E+03
* Gp# 1[1,3,2,6,5] x,y,z = 4.47, 20.29, 3.188, q = 0.8938 dT[2, 2, 16, 25] Src Amplitude = 62.0
*           1339.3357390   1    12    22     7       138  62   2.647E+03
*           1339.3357405   3     9    23     6       181  61   1.824E+03
*           1339.3357410   2     5    18     7       168  61   2.231E+03
*           1339.3357545   6    29    20     4       131  56 798.539E+00
*           1339.3357640   5     8     9     2        74  57 592.503E+00
* Gp# 1[1,2,3,5,6] x,y,z = 1.817, 30.77, 5.187, q = 0.973 dT[2, 5, 16, 19] Src Amplitude = 64.0
*           1339.4326250   1    15    27    10       187  64   4.204E+03
*           1339.4326270   2     8    25     9       175  63   3.444E+03
*           1339.4326295   3    13    28     8       227  63   2.860E+03
*           1339.4326410   5    20    14     3        95  58 981.054E+00
*           1339.4326435   6    29    25     6       185  58   1.330E+03
* Gp# 1[1,3,2,6,5] x,y,z = 0.4729, 36.61, 8.112, q = 1 dT[5, 5, 15, 16] Src Amplitude = 64.0
*           1339.6241190   1    15    29    10       187  64   4.218E+03
*           1339.6241235   3     9    31     9       305  63   2.927E+03
*           1339.6241240   2     5    23    10       218  62   3.450E+03
*           1339.6241335   6    33    25     6       189  58   1.351E+03
*           1339.6241350   5    20    13     3        86  59 960.252E+00
* Gp# 1[1,2,3,6,5] x,y,z = 13.81, 10.72, 12.07, q = 0.9216 dT[4, 7, 19, 28] Src Amplitude = 61.0
*           1339.7199740   1     8    23     8       181  61   2.737E+03
*           1339.7199780   2     6    17     7       173  61   2.234E+03
*           1339.7199805   3     7    23     6       209  61   1.786E+03
*           1339.7199925   6    29    20     4       148  56 810.906E+00
*           1339.7200020   5     8     9     2        74  57 588.487E+00
* Gp# 1[1,3,2,5,6] x,y,z = -1.77, 40.24, 3.272, q = 1 dT[2, 2, 11, 13] Src Amplitude = 63.0
*           1339.8158160   1    12    26     9       182  63   4.147E+03
*           1339.8158175   3    10    28     9       306  63   2.919E+03
*           1339.8158180   2     9    25    10       221  63   3.589E+03
*           1339.8158270   5     1    14     4       208  59   1.065E+03
*           1339.8158285   6    13    24     6       191  57   1.355E+03
* Gp# 1[1,3,2,6,5] x,y,z = 4.47, 20.29, 3.188, q = 0.8938 dT[2, 2, 16, 25] Src Amplitude = 62.0
*           1342.1620990   1    12    23     7       147  62   2.673E+03
*           1342.1621005   3     9    23     6       181  61   1.820E+03
*           1342.1621010   2     5    16     6       169  61   2.053E+03
*           1342.1621145   6    29    20     4       179  56 866.864E+00
*           1342.1621240   5     8     8     1        36  57 545.734E+00
* Gp# 1[1,2,3,6,5] x,y,z = 2.914, 34.75, 4.757, q = 1 dT[2, 4, 15, 16] Src Amplitude = 63.0
*           1342.2581760   1    11    27     9       184  63   4.205E+03
*           1342.2581780   2    11    23     9       178  63   3.421E+03
*           1342.2581795   3    10    31     9       306  63   2.950E+03
*           1342.2581905   6    33    26     6       191  58   1.380E+03
*           1342.2581920   5    17    13     3        95  59 991.205E+00
* Gp# 1[1,3,2,6,5] x,y,z = 4.47, 20.29, 3.188, q = 0.8938 dT[2, 2, 16, 25] Src Amplitude = 62.0
*           1342.3547320   1    12    23     7       147  62   2.673E+03
*           1342.3547335   3    13    23     6       181  62   1.822E+03
*           1342.3547340   2     1    17     7       172  61   2.123E+03
*           1342.3547475   6    29    20     5       185  56 883.661E+00
*           1342.3547570   5     2     9     1        39  57 553.966E+00
* Gp# 1[1,3,2,5,6] x,y,z = -1.77, 40.24, 3.272, q = 1 dT[2, 2, 11, 13] Src Amplitude = 64.0
*           1342.4507710   1    12    27     9       182  64   4.130E+03
*           1342.4507725   3     6    31     8       231  63   2.872E+03
*           1342.4507730   2     9    23    10       221  63   3.505E+03
*           1342.4507820   5     1    14     4       208  59   1.079E+03
*           1342.4507835   6    30    26     6       191  57   1.377E+03
* Gp# 1[1,2,3,6,5] x,y,z = 9.135, 24.07, 2.815, q = 0.8451 dT[0, 2, 13, 25] Src Amplitude = 61.0
*           1342.5465150   1     9    23     7       179  61   2.701E+03
*           1342.5465150   2    11    18     7       171  61   2.182E+03
*           1342.5465165   3    10    22     7       228  61   1.885E+03
*           1342.5465275   6     1    21     4       159  56 841.668E+00
*           1342.5465400   5     9    10     1        39  57 568.004E+00
* Gp# 1[1,2,3,6,5] x,y,z = 9.135, 24.07, 2.815, q = 0.8451 dT[0, 2, 13, 25] Src Amplitude = 63.0
*           1342.6422850   1     9    27     9       182  63   4.141E+03
*           1342.6422850   2     8    21     9       178  63   3.369E+03
*           1342.6422865   3    10    30    10       340  63   2.974E+03
*           1342.6422975   6    33    26     6       191  58   1.380E+03
*           1342.6423100   5     6    12     3        84  59 913.417E+00
* Gp# 1[1,3,2,6,5] x,y,z = 3.8, 12.6, 8.082, q = 0.8924 dT[4, 5, 19, 28] Src Amplitude = 62.0
*           1342.7381130   1     8    22     7       141  62   2.698E+03
*           1342.7381165   3    10    23     6       182  61   1.821E+03
*           1342.7381180   2     5    17     7       172  61   2.217E+03
*           1342.7381315   6    29    20     4       148  56 820.410E+00
*           1342.7381410   5     8     8     2        74  57 587.040E+00
* Gp# 1[1,2,3,6,5] x,y,z = 2.914, 34.75, 4.757, q = 1 dT[2, 4, 15, 16] Src Amplitude = 63.0
*           1342.8347580   1    15    28    10       187  63   4.218E+03
*           1342.8347600   2     8    24     9       175  63   3.511E+03
*           1342.8347615   3    10    31     9       306  63   2.940E+03
*           1342.8347725   6    33    27     6       189  58   1.370E+03
*           1342.8347740   5    17    14     3        95  59 989.442E+00
* Gp# 1[1,3,2,6,5] x,y,z = 4.47, 20.29, 3.188, q = 0.8938 dT[2, 2, 16, 25] Src Amplitude = 62.0
*           1345.2712590   1    12    22     7       138  62   2.663E+03
*           1345.2712605   3    13    24     7       231  61   1.902E+03
*           1345.2712610   2     2    17     7       172  61   2.145E+03
*           1345.2712745   6    29    20     5       185  56 895.773E+00
*           1345.2712840   5     2     9     1        39  57 563.673E+00
* Gp# 1[1,3,2,6,5] x,y,z = 6.015, 25.75, 3.682, q = 0.8098 dT[2, 2, 13, 25] Src Amplitude = 63.0
*           1345.3670000   1    12    27     9       182  63   4.129E+03
*           1345.3670015   3     6    30     9       306  63   2.936E+03
*           1345.3670020   2     9    24     9       173  63   3.240E+03
*           1345.3670125   6    16    26     6       191  58   1.390E+03
*           1345.3670250   5     1    11     3        84  59 922.081E+00
* Gp# 1[1,2,3,6,5] x,y,z = 2.914, 34.75, 4.757, q = 1 dT[2, 4, 15, 16] Src Amplitude = 64.0
*           1345.5585670   1    15    28     9       150  64   4.147E+03
*           1345.5585690   2     8    21     9       175  62   3.418E+03
*           1345.5585705   3    10    31     8       232  63   2.881E+03
*           1345.5585815   6    33    27     6       192  58   1.400E+03
*           1345.5585830   5    20    12     3        86  59 966.126E+00
* Gp# 1[1,3,2,6,5] x,y,z = 4.47, 20.29, 3.188, q = 0.8938 dT[2, 2, 16, 25] Src Amplitude = 62.0
*           1345.6544140   1    12    22     7       135  62   2.643E+03
*           1345.6544155   3    13    24     7       231  61   1.885E+03
*           1345.6544160   2     9    18     7       172  62   2.189E+03
*           1345.6544295   6     1    21     5       188  55 901.952E+00
*           1345.6544390   5     1     9     1        39  56 557.453E+00
* Gp# 1[1,3,2,6,5] x,y,z = -0.9936, 36.06, 7.133, q = 1 dT[4, 5, 15, 16] Src Amplitude = 64.0
*           1345.7510530   1    15    29     9       150  64   4.156E+03
*           1345.7510565   3    10    31    10       337  63   3.022E+03
*           1345.7510580   2     5    21     9       175  63   3.257E+03
*           1345.7510675   6    33    27     6       192  58   1.393E+03
*           1345.7510690   5    20    13     3        86  59 965.079E+00
* Gp# 1[1,3,2,6,5] x,y,z = 4.47, 20.29, 3.188, q = 0.8938 dT[2, 2, 16, 25] Src Amplitude = 62.0
*           1345.8471310   1    12    23     7       135  62   2.655E+03
*           1345.8471325   3    13    24     6       212  61   1.858E+03
*           1345.8471330   2     9    18     7       176  61   2.269E+03
*           1345.8471465   6     1    20     5       188  56 907.597E+00
*           1345.8471560   5     1    10     1        39  57 563.311E+00
* Gp# 1[1,2,3,6,5] x,y,z = 4.932, 34.72, 5.904, q = 1 dT[2, 5, 15, 16] Src Amplitude = 64.0
*           1345.9431440   1    15    28     9       150  64   4.157E+03
*           1345.9431460   2     8    23    10       221  62   3.442E+03
*           1345.9431485   3     9    30     8       231  63   2.898E+03
*           1345.9431585   6    33    27     6       192  58   1.399E+03
*           1345.9431600   5    20    12     3        86  59 968.569E+00
* Gp# 1[1,3,2,6,5] x,y,z = 4.47, 20.29, 3.188, q = 0.8938 dT[2, 2, 16, 25] Src Amplitude = 62.0
*           1348.4090810   1    12    22     7       135  62   2.657E+03
*           1348.4090825   3    13    22     7       231  62   1.897E+03
*           1348.4090830   2     9    16     7       172  62   2.093E+03
*           1348.4090965   6     1    20     5       188  56 915.130E+00
*           1348.4091060   5     2     8     1        39  57 566.614E+00
* Gp# 1[1,3,2,6,5] x,y,z = 4.47, 20.29, 3.188, q = 0.8938 dT[2, 2, 16, 25] Src Amplitude = 64.0
*           1348.5048270   1    12    26     9       166  64   4.135E+03
*           1348.5048285   3    13    30     8       228  63   2.900E+03
*           1348.5048290   2     9    20     9       176  63   3.376E+03
*           1348.5048425   6     1    27     6       208  57   1.428E+03
*           1348.5048520   5     1    10     2        39  58 851.444E+00
* Gp# 1[1,3,2,6,5] x,y,z = 4.47, 20.29, 3.188, q = 0.8938 dT[2, 2, 16, 25] Src Amplitude = 62.0
*           1348.6016740   1    12    22     7       138  62   2.669E+03
*           1348.6016755   3    13    21     7       231  61   1.892E+03
*           1348.6016760   2     2    14     7       172  61   2.114E+03
*           1348.6016895   6    29    22     5       188  56 923.364E+00
*           1348.6016990   5     2     8     1        39  57 559.661E+00
* Gp# 1[1,2,3,6,5] x,y,z = 3.123, 36.33, 1.413, q = 1 dT[0, 2, 13, 14] Src Amplitude = 63.0
*           1348.6977590   1    12    28     9       179  63   4.142E+03
*           1348.6977590   2    11    22     9       175  63   3.292E+03
*           1348.6977605   3    10    31     9       306  63   2.953E+03
*           1348.6977715   6    33    28     6       189  58   1.402E+03
*           1348.6977730   5    17    15     3        95  59 984.259E+00
* Gp# 1[1,3,2,6,5] x,y,z = 4.47, 20.29, 3.188, q = 0.8938 dT[2, 2, 16, 25] Src Amplitude = 62.0
*           1348.7935260   1    12    22     7       135  62   2.656E+03
*           1348.7935275   3    13    23     7       231  61   1.898E+03
*           1348.7935280   2     1    17     7       169  62   2.057E+03
*           1348.7935415   6     1    23     5       188  56 920.493E+00
*           1348.7935510   5    20     9     2        39  56 577.469E+00
* Gp# 1[1,3,2,6,5] x,y,z = 4.47, 20.29, 3.188, q = 0.8938 dT[2, 2, 16, 25] Src Amplitude = 64.0
*           1348.8892330   1    12    27     9       166  64   4.132E+03
*           1348.8892345   3    13    31    10       333  63   2.993E+03
*           1348.8892350   2     9    19     9       176  62   3.196E+03
*           1348.8892485   6     1    27     6       208  57   1.426E+03
*           1348.8892580   5     1    12     4       194  58 994.461E+00
* Gp# 1[1,3,2,5,6] x,y,z = -1.77, 40.24, 3.272, q = 1 dT[2, 2, 11, 13] Src Amplitude = 62.0
*           1348.9850560   1    12    22     7       136  62   2.663E+03
*           1348.9850575   3    13    22     7       231  61   1.902E+03
*           1348.9850580   2     9    18     7       169  62   2.164E+03
*           1348.9850670   5     1    10     2        53  57 608.553E+00
*           1348.9850685   6     1    21     4       159  56 869.006E+00
* Gp# 1[1,2,3,6,5] x,y,z = 2.914, 34.75, 4.757, q = 1 dT[2, 4, 15, 16] Src Amplitude = 63.0
*           1349.0808930   1    11    27     9       150  63   4.164E+03
*           1349.0808950   2     8    20     9       179  63   3.331E+03
*           1349.0808965   3    10    31     9       306  63   2.984E+03
*           1349.0809075   6    33    27     6       189  58   1.407E+03
*           1349.0809090   5    17    12     3        95  59 987.630E+00
* Gp# 1[1,3,2,5,6] x,y,z = -3.639, 37.65, 3.359, q = 0.9495 dT[2, 2, 11, 16] Src Amplitude = 62.0
*           1351.5610320   1    12    22     7       125  62   2.624E+03
*           1351.5610335   3    13    24     7       228  61   1.896E+03
*           1351.5610340   2     9    17     7       169  62   2.117E+03
*           1351.5610430   5     1    10     2        53  57 607.497E+00
*           1351.5610475   6    27    20     4       156  56 869.372E+00
* Gp# 1[1,2,3,6,5] x,y,z = 2.914, 34.75, 4.757, q = 1 dT[2, 4, 15, 16] Src Amplitude = 63.0
*           1351.6579140   1     8    27     9       150  63   4.154E+03
*           1351.6579160   2     8    21     9       179  62   3.248E+03
*           1351.6579175   3    10    32     8       232  63   2.934E+03
*           1351.6579285   6    33    27     6       192  58   1.440E+03
*           1351.6579300   5    20    12     3        86  59 987.337E+00
* Gp# 1[1,3,2,6,5] x,y,z = 4.47, 20.29, 3.188, q = 0.8938 dT[2, 2, 16, 25] Src Amplitude = 62.0
*           1351.7536410   1    12    22     7       128  62   2.647E+03
*           1351.7536425   3    13    23     6       212  62   1.894E+03
*           1351.7536430   2     9    19     8       221  61   2.349E+03
*           1351.7536565   6     1    22     5       188  56 935.492E+00
*           1351.7536660   5     1     9     1        39  56 568.997E+00
* Gp# 1[1,3,2,6,5] x,y,z = 6.015, 25.75, 3.682, q = 0.8098 dT[2, 2, 13, 25] Src Amplitude = 64.0
*           1351.8494960   1    12    26     9       179  64   4.137E+03
*           1351.8494975   3     6    31     9       306  63   2.970E+03
*           1351.8494980   2     9    21     9       173  63   3.236E+03
*           1351.8495085   6    30    27     6       189  58   1.424E+03
*           1351.8495210   5     1    11     2        75  59 907.044E+00
* Gp# 1[1,3,2,6,5] x,y,z = 6.015, 25.75, 3.682, q = 0.8098 dT[2, 2, 13, 25] Src Amplitude = 62.0
*           1351.9452820   1    12    22     7       139  62   2.686E+03
*           1351.9452835   3     7    22     6       179  61   1.847E+03
*           1351.9452840   2     9    15     7       173  62   2.125E+03
*           1351.9452945   6     1    21     5       189  56 931.959E+00
*           1351.9453070   5     1     9     2        84  57 613.833E+00
* Gp# 1[1,2,3,6,5] x,y,z = 1.72, 35.16, 5.53, q = 1 dT[3, 4, 15, 16] Src Amplitude = 63.0
*           1352.0411330   1    15    26     9       150  63   4.104E+03
*           1352.0411360   2     7    20     9       178  63   3.425E+03
*           1352.0411365   3    10    32     8       232  63   2.929E+03
*           1352.0411475   6    33    27     7       212  58   1.498E+03
*           1352.0411490   5    20    13     3        86  59 999.070E+00
* Gp# 1[1,3,2,6,5] x,y,z = 6.739, 23.72, 3.634, q = 0.7949 dT[2, 2, 13, 26] Src Amplitude = 61.0
*           1352.1371990   1     6    22     7       139  61   2.692E+03
*           1352.1372005   3    10    21     7       232  61   1.905E+03
*           1352.1372010   2     6    16     7       173  61   2.171E+03
*           1352.1372115   6    33    22     5       189  56 933.013E+00
*           1352.1372250   5     8     7     1        39  57 571.670E+00
* Gp# 1[1,3,2,6,5] x,y,z = 6.265, 12.99, 9.248, q = 0.8964 dT[5, 5, 19, 28] Src Amplitude = 64.0
*           1352.2329150   1    15    26     9       148  64   4.167E+03
*           1352.2329195   3    13    30     8       234  63   2.913E+03
*           1352.2329200   2    12    19    10       218  62   3.306E+03
*           1352.2329335   6    29    28     6       188  57   1.424E+03
*           1352.2329430   5     2    11     4       194  59   1.019E+03
* Gp# 1[1,3,2,6,5] x,y,z = 4.47, 20.29, 3.188, q = 0.8938 dT[2, 2, 16, 25] Src Amplitude = 64.0
*           1354.8805590   1    12    27     9       145  64   4.103E+03
*           1354.8805605   3    13    32     8       228  63   2.912E+03
*           1354.8805610   2     9    20     8       176  62   3.106E+03
*           1354.8805745   6     1    29     6       188  57   1.446E+03
*           1354.8805840   5     1    10     2        39  58 867.114E+00
* Gp# 1[1,2,3,6,5] x,y,z = 9.935, 19.99, 7.043, q = 0.8171 dT[3, 4, 15, 28] Src Amplitude = 61.0
*           1354.9764020   1     8    21     7       141  61   2.723E+03
*           1354.9764050   2     7    15     7       174  61   2.121E+03
*           1354.9764055   3    10    24     7       232  61   1.931E+03
*           1354.9764165   6    33    23     5       192  57 963.510E+00
*           1354.9764300   5     8     7     1        36  57 561.001E+00
* Gp# 1[1,3,2,6,5] x,y,z = 4.47, 20.29, 3.188, q = 0.8938 dT[2, 2, 16, 25] Src Amplitude = 64.0
*           1355.0722750   1    12    27     9       179  64   4.154E+03
*           1355.0722765   3    13    33     9       306  63   3.000E+03
*           1355.0722770   2     9    20     8       169  63   3.196E+03
*           1355.0722905   6     1    28     6       186  57   1.436E+03
*           1355.0723000   5     1    10     2        75  59 907.529E+00
* Gp# 1[1,3,2,6,5] x,y,z = 4.47, 20.29, 3.188, q = 0.8938 dT[2, 2, 16, 25] Src Amplitude = 62.0
*           1355.1682970   1    12    21     7       128  62   2.645E+03
*           1355.1682985   3    13    22     5       152  61   1.785E+03
*           1355.1682990   2     9    13     6       169  61   2.036E+03
*           1355.1683125   6     1    22     5       188  55 949.435E+00
*           1355.1683220   5     1     8     1        39  57 568.010E+00
* Gp# 1[1,3,2,6,5] x,y,z = 4.47, 20.29, 3.188, q = 0.8938 dT[2, 2, 16, 25] Src Amplitude = 64.0
*           1355.2640390   1    12    27     9       166  64   4.122E+03
*           1355.2640405   3    13    31     9       299  63   2.984E+03
*           1355.2640410   2     9    18     8       169  62   3.041E+03
*           1355.2640545   6     1    28     6       188  58   1.459E+03
*           1355.2640640   5     2    10     2        43  58 860.531E+00
* Gp# 1[1,2,3,6,5] x,y,z = 9.607, 22.14, 2.865, q = 0.8309 dT[0, 2, 13, 26] Src Amplitude = 61.0
*           1355.3597960   1     9    21     7       139  61   2.693E+03
*           1355.3597960   2     5    16     7       175  61   2.217E+03
*           1355.3597975   3    10    24     7       232  61   1.910E+03
*           1355.3598085   6    33    23     5       192  56 955.141E+00
*           1355.3598220   5     8     8     1        36  57 560.064E+00
* Gp# 1[1,3,2,6,5] x,y,z = 4.47, 20.29, 3.188, q = 0.8938 dT[2, 2, 16, 25] Src Amplitude = 64.0
*           1355.4556390   1    12    26     9       139  64   4.089E+03
*           1355.4556405   3    13    31    10       337  63   3.025E+03
*           1355.4556410   2     9    20     9       176  63   3.311E+03
*           1355.4556545   6     1    27     6       188  57   1.461E+03
*           1355.4556640   5     1    11     3        81  58 916.232E+00
* Gp# 1[1,3,2,6,5] x,y,z = 6.265, 12.99, 9.248, q = 0.8964 dT[5, 5, 19, 28] Src Amplitude = 62.0
*           1357.9334680   1    15    22     7       138  62   2.719E+03
*           1357.9334725   3     9    23     7       231  61   1.924E+03
*           1357.9334730   2     5    13     6       169  61   2.027E+03
*           1357.9334865   6    29    23     5       188  57 959.044E+00
*           1357.9334960   5     8     8     2        39  57 571.908E+00
* Gp# 1[1,3,2,6,5] x,y,z = 0.4729, 36.61, 8.112, q = 1 dT[5, 5, 15, 16] Src Amplitude = 64.0
*           1358.0294790   1    15    27     9       148  64   4.175E+03
*           1358.0294835   3     9    32     9       302  63   3.002E+03
*           1358.0294840   2     5    21     8       169  62   3.160E+03
*           1358.0294935   6    33    30     7       209  58   1.511E+03
*           1358.0294950   5    20    11     2        51  59 931.169E+00
* Gp# 1[1,3,2,6,5] x,y,z = 0.4177, 39.36, 3.251, q = 1 dT[2, 2, 12, 13] Src Amplitude = 64.0
*           1358.2213790   1    12    26     9       166  64   4.149E+03
*           1358.2213805   3    13    32     9       231  63   2.968E+03
*           1358.2213810   2     5    20     9       176  62   3.277E+03
*           1358.2213905   6    33    28     6       192  58   1.501E+03
*           1358.2213920   5    14    11     4       206  59   1.071E+03
* Gp# 1[1,2,3,6,5] x,y,z = 4.932, 34.72, 5.904, q = 1 dT[2, 5, 15, 16] Src Amplitude = 64.0
*           1358.4129070   1    15    27     9       148  64   4.165E+03
*           1358.4129090   2     8    21     9       179  62   3.256E+03
*           1358.4129115   3     9    31     9       252  63   2.953E+03
*           1358.4129215   6    33    29     6       192  58   1.491E+03
*           1358.4129230   5    20    10     2        51  59 929.454E+00
* Gp# 1[1,3,2,6,5] x,y,z = 3.296, 17.73, 4.014, q = 0.8911 dT[2, 3, 17, 26] Src Amplitude = 62.0
*           1358.5087260   1    13    22     7       136  62   2.685E+03
*           1358.5087275   3    10    24     7       229  61   1.914E+03
*           1358.5087290   2     5    15     6       169  61   2.042E+03
*           1358.5087425   6    29    24     5       188  56 964.030E+00
*           1358.5087520   5     8     8     1        36  58 569.557E+00
* Gp# 1[1,3,2,6,5] x,y,z = -0.9936, 36.06, 7.133, q = 1 dT[4, 5, 15, 16] Src Amplitude = 64.0
*           1358.6045600   1    15    27     9       148  64   4.181E+03
*           1358.6045635   3    10    31     9       303  63   3.021E+03
*           1358.6045650   2     5    19     8       172  63   3.218E+03
*           1358.6045745   6    33    29     8       315  58   1.588E+03
*           1358.6045760   5    20    11     2        51  59 931.565E+00
* Gp# 1[6,5,4,1,3,2] x,y,z = 0.7392, 83.09, 13.23, q = 1 dT[1, 8, 16, 16, 18] Src Amplitude = 65.0
*           1359.2370525   6     2    25     8       226  65   2.875E+03
*           1359.2370530   5     2    23     7       163  60   2.185E+03
*           1359.2370600   4     1     5     0        47  50  94.459E+00
*           1359.2370680   1    34    30     9       239  60   2.450E+03
*           1359.2370685   3    21    27    10       256  61   3.169E+03
*           1359.2370700   2   113    28    13       238  64   5.622E+03
* Gp# 1[1,2,3,6,5] x,y,z = 9.135, 24.07, 2.815, q = 0.8451 dT[0, 2, 13, 25] Src Amplitude = 61.0
*           1361.0346590   1     9    21     7       139  61   2.695E+03
*           1361.0346590   2    11    15     6       175  61   2.053E+03
*           1361.0346605   3    10    23     7       232  61   1.924E+03
*           1361.0346715   6    33    23     5       192  57 993.198E+00
*           1361.0346840   5     9     7     1        37  57 569.433E+00
* Gp# 1[1,3,2,6,5] x,y,z = -0.9936, 36.06, 7.133, q = 1 dT[4, 5, 15, 16] Src Amplitude = 64.0
*           1361.1304930   1    15    26     9       148  64   4.187E+03
*           1361.1304965   3    10    30     8       232  63   2.961E+03
*           1361.1304980   2     5    20     8       176  62   3.156E+03
*           1361.1305075   6    33    29     8       312  58   1.615E+03
*           1361.1305090   5    20    10     2        51  59 938.092E+00
* Gp# 1[1,3,2,6,5] x,y,z = 7.329, 27.33, 3.981, q = 0.7776 dT[2, 2, 12, 25] Src Amplitude = 62.0
*           1361.2265970   1    12    21     7       145  62   2.696E+03
*           1361.2265985   3     9    23     6       212  61   1.893E+03
*           1361.2265990   2     5    16     6       169  61   2.014E+03
*           1361.2266085   6    33    24     5       192  56 991.484E+00
*           1361.2266220   5     8     8     2        39  57 579.230E+00
* Gp# 1[1,2,3,6,5] x,y,z = 4.932, 34.72, 5.904, q = 1 dT[2, 5, 15, 16] Src Amplitude = 64.0
*           1361.3223540   1    15    26     9       148  64   4.182E+03
*           1361.3223560   2     5    22     8       176  63   3.303E+03
*           1361.3223585   3    13    31    10       337  63   3.071E+03
*           1361.3223685   6    33    30     6       192  58   1.523E+03
*           1361.3223700   5    17    11     2        51  59 939.865E+00
* Gp# 1[1,2,3,6,5] x,y,z = 7.683, 24.78, 3.382, q = 0.8281 dT[1, 2, 13, 25] Src Amplitude = 61.0
*           1361.4180810   1     9    22     7       139  61   2.707E+03
*           1361.4180820   2     7    17     7       178  62   2.236E+03
*           1361.4180825   3    10    22     7       232  61   1.924E+03
*           1361.4180935   6    33    24     5       192  56 988.544E+00
*           1361.4181060   5     9     8     1        37  57 559.228E+00
* Gp# 1[1,3,2,6,5] x,y,z = 0.3646, 37.52, 3.152, q = 1 dT[2, 2, 13, 14] Src Amplitude = 63.0
*           1361.5138800   1     9    26     9       139  63   4.105E+03
*           1361.5138815   3    10    30     9       235  63   2.938E+03
*           1361.5138820   2     9    19     9       222  63   3.482E+03
*           1361.5138925   6    33    30     7       215  58   1.562E+03
*           1361.5138940   5    17    11     3        86  59 978.694E+00
* Gp# 1[1,3,2,6,5] x,y,z = 4.47, 20.29, 3.188, q = 0.8938 dT[2, 2, 16, 25] Src Amplitude = 62.0
*           1361.6097230   1    12    22     7       139  62   2.700E+03
*           1361.6097245   3     6    25     7       232  61   1.932E+03
*           1361.6097250   2     1    14     6       173  61   2.069E+03
*           1361.6097385   6    26    23     5       186  56 973.792E+00
*           1361.6097480   5     1     8     1        34  57 544.361E+00
* Gp# 1[1,3,2,6,5] x,y,z = 4.47, 20.29, 3.188, q = 0.8938 dT[2, 2, 16, 25] Src Amplitude = 64.0
*           1361.7063790   1    12    26     9       139  64   4.115E+03
*           1361.7063805   3     6    29    10       337  63   3.036E+03
*           1361.7063810   2     9    19     8       177  63   3.138E+03
*           1361.7063945   6    26    28     7       209  57   1.541E+03
*           1361.7064040   5     1    10     2        75  59 920.295E+00
* Gp# 1[1,3,2,6,5] x,y,z = 4.47, 20.29, 3.188, q = 0.8938 dT[2, 2, 16, 25] Src Amplitude = 62.0
*           1364.1157950   1    12    22     7       136  62   2.690E+03
*           1364.1157965   3    13    24     7       235  61   1.937E+03
*           1364.1157970   2     1    16     6       166  61   2.017E+03
*           1364.1158105   6     1    23     5       186  56 991.495E+00
*           1364.1158200   5     1     8     1        39  57 568.751E+00
* Gp# 1[1,3,2,6,5] x,y,z = 0.4228, 35.64, 6.368, q = 1 dT[4, 4, 15, 16] Src Amplitude = 63.0
*           1364.2126750   1    11    26     9       148  63   4.188E+03
*           1364.2126785   3    10    32     9       303  63   3.046E+03
*           1364.2126790   2     6    20     8       177  63   3.118E+03
*           1364.2126895   6    33    30     7       192  58   1.554E+03
*           1364.2126910   5    20    12     2        51  59 941.627E+00
* Gp# 1[2,1,3,6,5] x,y,z = 4.775, 16.97, 1.322, q = 0.9151 dT[1, 2, 17, 26] Src Amplitude = 61.0
*           1364.3084020   2     8    16     6       172  61   2.124E+03
*           1364.3084030   1    12    21     7       128  62   2.659E+03
*           1364.3084035   3    10    23     7       233  61   1.964E+03
*           1364.3084185   6    29    24     4       159  57 931.699E+00
*           1364.3084280   5     8     8     2        39  57 569.046E+00
* Gp# 1[1,2,3,6,5] x,y,z = 2.914, 34.75, 4.757, q = 1 dT[2, 4, 15, 16] Src Amplitude = 63.0
*           1364.4042830   1    15    26     9       148  63   4.191E+03
*           1364.4042850   2     8    20     8       179  63   3.345E+03
*           1364.4042865   3    10    31     9       303  63   3.060E+03
*           1364.4042975   6    33    30     7       192  58   1.551E+03
*           1364.4042990   5    20    12     2        51  59 926.518E+00
* Gp# 1[1,3,2,6,5] x,y,z = 4.47, 20.29, 3.188, q = 0.8938 dT[2, 2, 16, 25] Src Amplitude = 64.0
*           1364.5961950   1    12    26     9       139  64   4.113E+03
*           1364.5961965   3    13    31     9       299  63   3.026E+03
*           1364.5961970   2     9    18     8       177  63   3.100E+03
*           1364.5962105   6     1    29     7       212  58   1.583E+03
*           1364.5962200   5     1    10     2        75  58 912.017E+00
* Gp# 1[1,3,2,6,5] x,y,z = 4.47, 20.29, 3.188, q = 0.8938 dT[2, 2, 16, 25] Src Amplitude = 62.0
*           1364.6919630   1    12    22     7       139  62   2.706E+03
*           1364.6919645   3    13    23     7       235  61   1.965E+03
*           1364.6919650   2     1    13     6       177  61   2.000E+03
*           1364.6919785   6    26    24     5       192  56   1.014E+03
*           1364.6919880   5     1     8     1        34  57 552.225E+00
* Gp# 1[1,3,2,5,6] x,y,z = -1.77, 40.24, 3.272, q = 1 dT[2, 2, 11, 13] Src Amplitude = 64.0
*           1364.7888050   1    12    26     9       139  64   4.103E+03
*           1364.7888065   3     6    30     9       299  63   3.035E+03
*           1364.7888070   2     9    18     8       180  63   3.189E+03
*           1364.7888160   5     1    12     3        89  59 993.796E+00
*           1364.7888175   6    30    29     8       315  58   1.668E+03
* Gp# 1[3,1,2,6,5] x,y,z = -11.26, 23.2, -5.293, q = 0.7733 dT[8, 11, 20, 28] Src Amplitude = 63.0
*           1365.8723505   3     2    16     5       226  63   1.289E+03
*           1365.8723580   1     4    15     2       114  55 492.162E+00
*           1365.8723610   2     4    12     5       134  59   1.493E+03
*           1365.8723705   6    47    12     3       133  56 453.616E+00
*           1365.8723780   5    27    13     1        39  55 424.567E+00
* Gp# 1[1,3,2,6,5] x,y,z = 4.47, 20.29, 3.188, q = 0.8938 dT[2, 2, 16, 25] Src Amplitude = 62.0
*           1367.1790120   1    12    23     7       139  62   2.701E+03
*           1367.1790135   3    13    24     7       232  62   1.965E+03
*           1367.1790140   2     9    14     6       177  62   2.020E+03
*           1367.1790275   6     1    24     5       209  56   1.046E+03
*           1367.1790370   5     1     8     1        34  57 551.193E+00
* Gp# 1[1,3,2,6,5] x,y,z = 0.4729, 36.61, 8.112, q = 1 dT[5, 5, 15, 16] Src Amplitude = 64.0
*           1367.2747510   1    15    26     9       142  64   4.176E+03
*           1367.2747555   3    13    31     9       299  63   3.057E+03
*           1367.2747560   2     9    20     9       219  63   3.380E+03
*           1367.2747655   6    33    32     7       213  58   1.643E+03
*           1367.2747670   5    14    11     3        87  58 991.805E+00
* Gp# 1[1,3,2,6,5] x,y,z = 0.4729, 36.61, 8.112, q = 1 dT[5, 5, 15, 16] Src Amplitude = 64.0
*           1367.4673840   1    15    25     9       142  64   4.184E+03
*           1367.4673885   3    13    29     9       299  63   3.075E+03
*           1367.4673890   2     2    18     8       180  63   3.229E+03
*           1367.4673985   6    33    32     7       216  58   1.664E+03
*           1367.4674000   5    14    10     2        51  59 951.515E+00
* Gp# 1[1,3,2,6,5] x,y,z = 4.47, 20.29, 3.188, q = 0.8938 dT[2, 2, 16, 25] Src Amplitude = 62.0
*           1367.5631410   1    12    22     7       139  62   2.694E+03
*           1367.5631425   3    13    23     7       232  61   1.939E+03
*           1367.5631430   2     1    14     7       177  61   2.188E+03
*           1367.5631565   6     1    25     6       209  56   1.063E+03
*           1367.5631660   5     1     8     1        34  57 554.791E+00
* Gp# 1[1,3,2,6,5] x,y,z = 0.4729, 36.61, 8.112, q = 1 dT[5, 5, 15, 16] Src Amplitude = 64.0
*           1367.6589940   1    15    26     9       142  64   4.174E+03
*           1367.6589985   3    13    31    10       341  63   3.117E+03
*           1367.6589990   2     5    17     8       177  63   3.250E+03
*           1367.6590085   6    33    30     8       316  58   1.730E+03
*           1367.6590100   5    14    10     2        51  58 943.037E+00
* Gp# 1[1,3,2,6,5] x,y,z = 1.398, 31.07, 5.381, q = 0.7936 dT[2, 5, 13, 22] Src Amplitude = 61.0
*           1367.7548350   1     9    22     7       146  61   2.716E+03
*           1367.7548365   3    10    24     6       201  61   1.897E+03
*           1367.7548400   2     3    14     6       167  61   1.921E+03
*           1367.7548475   6    33    25     5       192  57   1.047E+03
*           1367.7548570   5    12     8     2        43  58 615.082E+00
* Gp# 1[1,2,3,6,5] x,y,z = 2.914, 34.75, 4.757, q = 1 dT[2, 4, 15, 16] Src Amplitude = 64.0
*           1367.8509000   1    15    26     9       142  64   4.179E+03
*           1367.8509020   2     8    20     9       225  62   3.381E+03
*           1367.8509035   3    10    30     9       300  63   3.083E+03
*           1367.8509145   6    33    32     7       216  58   1.655E+03
*           1367.8509160   5    20    11     2        51  59 940.921E+00
* Gp# 1[1,3,2,6,5] x,y,z = 4.47, 20.29, 3.188, q = 0.8938 dT[2, 2, 16, 25] Src Amplitude = 62.0
*           1370.3199600   1    12    22     7       139  62   2.693E+03
*           1370.3199615   3    13    24     7       232  61   1.956E+03
*           1370.3199620   2     1    15     7       177  62   2.105E+03
*           1370.3199755   6     1    25     5       189  56   1.056E+03
*           1370.3199850   5     1     8     1        34  57 561.309E+00
* Gp# 1[1,2,3,6,5] x,y,z = 2.914, 34.75, 4.757, q = 1 dT[2, 4, 15, 16] Src Amplitude = 63.0
*           1370.4168180   1    11    26     9       142  63   4.177E+03
*           1370.4168200   2     8    17     9       222  63   3.289E+03
*           1370.4168215   3    10    30    10       307  63   3.124E+03
*           1370.4168325   6    33    32     7       216  59   1.695E+03
*           1370.4168340   5    20    13     2        51  59 955.685E+00
* Gp# 1[1,2,3,6,5] x,y,z = 9.135, 24.07, 2.815, q = 0.8451 dT[0, 2, 13, 25] Src Amplitude = 61.0
*           1370.5125920   1     9    22     7       129  61   2.677E+03
*           1370.5125920   2    11    16     6       172  61   2.173E+03
*           1370.5125935   3    10    24     7       233  61   1.969E+03
*           1370.5126045   6    33    27     5       166  57   1.000E+03
*           1370.5126170   5     9     8     2        40  58 586.547E+00
* Gp# 1[1,3,2,6,5] x,y,z = -0.9936, 36.06, 7.133, q = 1 dT[4, 5, 15, 16] Src Amplitude = 64.0
*           1370.6083050   1    15    25     9       142  64   4.155E+03
*           1370.6083085   3    10    32     9       300  63   3.063E+03
*           1370.6083100   2     5    19     9       219  63   3.304E+03
*           1370.6083195   6    33    31     8       316  58   1.767E+03
*           1370.6083210   5    14    10     3        87  59 996.180E+00
* Gp# 1[1,3,2,6,5] x,y,z = 4.47, 20.29, 3.188, q = 0.8938 dT[2, 2, 16, 25] Src Amplitude = 64.0
*           1370.7999380   1    12    26     9       143  64   4.117E+03
*           1370.7999395   3    13    31    10       306  63   3.131E+03
*           1370.7999400   2     9    18     8       180  63   3.209E+03
*           1370.7999535   6    26    31     7       212  58   1.676E+03
*           1370.7999630   5     1    11     2        75  59 932.785E+00
* Gp# 1[1,3,2,6,5] x,y,z = 4.47, 20.29, 3.188, q = 0.8938 dT[2, 2, 16, 25] Src Amplitude = 62.0
*           1370.8957810   1    12    23     7       139  62   2.682E+03
*           1370.8957825   3    13    24     8       295  62   2.016E+03
*           1370.8957830   2     9    14     6       177  61   2.087E+03
*           1370.8957965   6     1    25     5       189  56   1.060E+03
*           1370.8958060   5     1     8     1        39  56 581.379E+00
* Gp# 1[1,3,2,6,5] x,y,z = 0.4729, 36.61, 8.112, q = 1 dT[5, 5, 15, 16] Src Amplitude = 64.0
*           1370.9918640   1    15    25     9       142  64   4.187E+03
*           1370.9918685   3    13    30     9       299  63   3.091E+03
*           1370.9918690   2     5    18     8       180  63   3.225E+03
*           1370.9918785   6    33    32     8       316  58   1.783E+03
*           1370.9918800   5    14    10     3        87  59   1.007E+03
* Gp# 1[3,2,1,5] x,y,z = -0.2608, 44.76, -10.43, q = 1 dT[1, 5, 11] Src Amplitude = 55.0
*           1371.6426795   3     2     7     2       126  55 247.224E+00
*           1371.6426800   2    20    20    10       176  66   5.197E+03
*           1371.6426840   1    33    18     4       125  57 869.311E+00
*           1371.6426900   5    54    17     4       102  58   1.223E+03
* Gp# 1[1,3,2,6,5] x,y,z = 4.47, 20.29, 3.188, q = 0.8938 dT[2, 2, 16, 25] Src Amplitude = 62.0
*           1373.4974100   1    12    23     7       139  62   2.698E+03
*           1373.4974115   3    13    25     8       303  61   2.034E+03
*           1373.4974120   2     1    15     7       180  61   2.110E+03
*           1373.4974255   6     1    26     5       189  56   1.084E+03
*           1373.4974350   5     1     8     1        34  57 561.117E+00
* Gp# 1[1,3,2,6,5] x,y,z = -0.9936, 36.06, 7.133, q = 1 dT[4, 5, 15, 16] Src Amplitude = 64.0
*           1373.5934260   1    15    26     9       146  64   4.184E+03
*           1373.5934295   3    14    29    10       339  63   3.169E+03
*           1373.5934310   2     2    17     8       180  63   3.145E+03
*           1373.5934405   6    33    32     7       216  58   1.724E+03
*           1373.5934420   5    14    11     3        87  59   1.002E+03
* Gp# 1[1,3,2,5,6] x,y,z = -1.77, 40.24, 3.272, q = 1 dT[2, 2, 11, 13] Src Amplitude = 61.0
*           1373.6895570   1     9    22     7       129  61   2.673E+03
*           1373.6895585   3    10    25     8       296  61   2.017E+03
*           1373.6895590   2     9    16     6       132  62   2.093E+03
*           1373.6895680   5    23     9     2        54  58 641.808E+00
*           1373.6895695   6    33    26     5       190  57   1.082E+03
* Gp# 1[1,3,2,6,5] x,y,z = 6.015, 25.75, 3.682, q = 0.8098 dT[2, 2, 13, 25] Src Amplitude = 64.0
*           1373.7852950   1    12    27     9       146  64   4.120E+03
*           1373.7852965   3     6    31    10       303  63   3.110E+03
*           1373.7852970   2     9    17     8       177  63   3.071E+03
*           1373.7853075   6     1    31     7       213  58   1.712E+03
*           1373.7853200   5     6    12     2        37  59 887.504E+00
* Gp# 1[1,3,2,6,5] x,y,z = 3.685, 23.58, 8.909, q = 0.731 dT[4, 7, 15, 28] Src Amplitude = 62.0
*           1373.8810410   1     8    22     7       139  62   2.732E+03
*           1373.8810445   3    10    25     7       296  61   2.027E+03
*           1373.8810480   2     3    14     6       171  61   1.987E+03
*           1373.8810555   6    33    27     6       219  57   1.132E+03
*           1373.8810690   5     8     7     2        39  57 589.815E+00
* Gp# 1[1,3,2,5,6] x,y,z = -3.639, 37.65, 3.359, q = 0.9495 dT[2, 2, 11, 16] Src Amplitude = 64.0
*           1373.9768340   1    12    26     9       146  64   4.124E+03
*           1373.9768355   3     6    32    10       299  63   3.131E+03
*           1373.9768360   2     9    19     8       177  63   3.105E+03
*           1373.9768450   5     1    13     2        51  59 954.080E+00
*           1373.9768495   6    27    33     7       189  58   1.657E+03
* Gp# 1[1,2,3,6,5] x,y,z = 15.15, 22.05, 12.53, q = 0.7994 dT[5, 7, 15, 28] Src Amplitude = 62.0
*           1374.0734650   1    15    23     7       142  62   2.738E+03
*           1374.0734700   2     5    15     7       180  60   2.113E+03
*           1374.0734715   3     7    25     7       297  61   1.985E+03
*           1374.0734795   6    33    26     6       216  57   1.136E+03
*           1374.0734930   5     2     8     1        36  58 581.924E+00
* Gp# 1[1,3,2,6,5] x,y,z = 4.871, 29.83, 3.534, q = 0.8588 dT[2, 2, 13, 22] Src Amplitude = 64.0
*           1374.1695100   1    12    27     9       146  64   4.130E+03
*           1374.1695115   3     6    32    10       303  63   3.115E+03
*           1374.1695120   2     9    17     9       223  63   3.366E+03
*           1374.1695225   6    30    32     7       192  58   1.668E+03
*           1374.1695320   5     1    12     2        40  59 937.908E+00
* Gp# 1[1,3,2,6,5] x,y,z = 4.47, 20.29, 3.188, q = 0.8938 dT[2, 2, 16, 25] Src Amplitude = 64.0
*           1376.6774820   1    12    27     9       146  64   4.118E+03
*           1376.6774835   3    13    33    10       303  63   3.159E+03
*           1376.6774840   2     9    18     9       220  62   3.288E+03
*           1376.6774975   6    26    32     7       189  58   1.676E+03
*           1376.6775070   5     1    10     2        37  59 879.357E+00
* Gp# 1[1,3,2,6,5] x,y,z = -0.9936, 36.06, 7.133, q = 1 dT[4, 5, 15, 16] Src Amplitude = 64.0
*           1376.8693550   1    15    27     9       159  64   4.213E+03
*           1376.8693585   3    10    32    10       339  63   3.184E+03
*           1376.8693600   2     5    19     8       180  62   3.214E+03
*           1376.8693695   6    33    34     8       216  59   1.769E+03
*           1376.8693710   5    14    11     3        87  59   1.006E+03
* Gp# 1[1,3,2,6,5] x,y,z = 4.47, 20.29, 3.188, q = 0.8938 dT[2, 2, 16, 25] Src Amplitude = 62.0
*           1376.9651020   1    12    23     7       136  62   2.681E+03
*           1376.9651035   3    13    26     8       303  62   2.066E+03
*           1376.9651040   2     2    14     7       180  61   2.144E+03
*           1376.9651175   6     1    27     5       189  57   1.110E+03
*           1376.9651270   5     1     8     1        34  57 562.692E+00
* Gp# 1[1,3,2,5,6] x,y,z = -2.156, 35.49, 3.063, q = 1 dT[2, 2, 13, 16] Src Amplitude = 64.0
*           1377.0608470   1    12    27    10       244  64   4.229E+03
*           1377.0608485   3    13    32    10       338  63   3.197E+03
*           1377.0608490   2     9    19     8       177  63   3.139E+03
*           1377.0608600   5     1    11     2        49  58 959.238E+00
*           1377.0608625   6     1    33     7       212  58   1.751E+03
* Gp# 1[2,1,3,6,5] x,y,z = 6.851, 18.61, 2.666, q = 0.919 dT[1, 3, 17, 26] Src Amplitude = 61.0
*           1377.1567230   2     1    14     7       183  61   2.294E+03
*           1377.1567240   1    12    23     6       116  62   2.615E+03
*           1377.1567255   3    13    25     8       303  62   2.058E+03
*           1377.1567395   6     1    25     5       189  57   1.096E+03
*           1377.1567490   5     1     8     1        34  57 566.049E+00
* Gp# 1[1,3,2,6,5] x,y,z = 4.47, 20.29, 3.188, q = 0.8938 dT[2, 2, 16, 25] Src Amplitude = 64.0
*           1377.2533440   1    12    28     9       149  64   4.120E+03
*           1377.2533455   3    13    31    10       303  63   3.151E+03
*           1377.2533460   2     9    19     9       223  63   3.438E+03
*           1377.2533595   6    26    32     8       306  58   1.817E+03
*           1377.2533690   5     1    11     2        37  59 881.954E+00
* Gp# 1[1,3,2,6,5] x,y,z = 4.47, 20.29, 3.188, q = 0.8938 dT[2, 2, 16, 25] Src Amplitude = 62.0
*           1379.6416370   1    12    24     7       146  62   2.681E+03
*           1379.6416385   3    13    25     8       296  62   2.051E+03
*           1379.6416390   2     9    15     7       177  61   2.191E+03
*           1379.6416525   6    26    25     5       187  57   1.107E+03
*           1379.6416620   5     1     9     1        37  57 575.875E+00
* Gp# 1[1,3,2,6,5] x,y,z = 0.4729, 36.61, 8.112, q = 1 dT[5, 5, 15, 16] Src Amplitude = 64.0
*           1379.7377340   1    15    27    10       247  64   4.266E+03
*           1379.7377385   3    13    30    10       303  63   3.171E+03
*           1379.7377390   2     5    17     8       177  63   3.225E+03
*           1379.7377485   6    33    33     7       193  58   1.732E+03
*           1379.7377500   5    14    13     3        87  59   1.014E+03
* Gp# 1[1,3,2,6,5] x,y,z = 6.456, 21.27, 7.744, q = 0.777 dT[4, 5, 15, 28] Src Amplitude = 62.0
*           1379.8334550   1    15    23     7       139  62   2.695E+03
*           1379.8334585   3    10    27     7       233  61   2.013E+03
*           1379.8334600   2     2    13     6       180  61   2.128E+03
*           1379.8334695   6    33    27     6       193  57   1.128E+03
*           1379.8334830   5     2     7     1        36  57 576.209E+00
* Gp# 1[1,2,3,6,5] x,y,z = 2.914, 34.75, 4.757, q = 1 dT[2, 4, 15, 16] Src Amplitude = 64.0
*           1379.9292280   1    15    27     9       159  64   4.205E+03
*           1379.9292300   2     8    19    10       236  62   3.685E+03
*           1379.9292315   3    10    31    10       339  63   3.234E+03
*           1379.9292425   6    33    32     8       216  59   1.811E+03
*           1379.9292440   5    14    13     4       152  59   1.086E+03
* Gp# 1[1,3,2,6,5] x,y,z = 6.456, 21.27, 7.744, q = 0.777 dT[4, 5, 15, 28] Src Amplitude = 62.0
*           1380.0250830   1    15    24     7       139  62   2.696E+03
*           1380.0250865   3    10    26     8       293  61   2.050E+03
*           1380.0250880   2     5    14     6       180  61   2.115E+03
*           1380.0250975   6    33    27     6       193  57   1.121E+03
*           1380.0251110   5     2     7     1        36  58 593.004E+00
* Gp# 1[1,3,2,6,5] x,y,z = -0.9936, 36.06, 7.133, q = 1 dT[4, 5, 15, 16] Src Amplitude = 64.0
*           1380.1209290   1    15    27     9       159  64   4.172E+03
*           1380.1209325   3    14    33    10       304  63   3.181E+03
*           1380.1209340   2     2    20    12       315  63   3.753E+03
*           1380.1209435   6    33    33     8       216  59   1.796E+03
*           1380.1209450   5    14    14     3       124  59   1.059E+03
* Gp# 1[1,3,2,6,5] x,y,z = 11.01, 30.74, 4.815, q = 0.6749 dT[2, 2, 9, 25] Src Amplitude = 64.0
*           1380.3127350   1    12    27     9       153  64   4.099E+03
*           1380.3127365   3    13    32    10       342  63   3.205E+03
*           1380.3127370   2     9    20    10       233  63   3.577E+03
*           1380.3127435   6    33    32     8       217  58   1.799E+03
*           1380.3127600   5     1    13     4       164  59   1.026E+03
* Gp# 1[1,2,3,5,6] x,y,z = 0.9933, 37.43, 4.76, q = 1 dT[2, 4, 13, 15] Src Amplitude = 63.0
*           1382.8675230   1    11    28     9       159  63   4.182E+03
*           1382.8675250   2    11    20    10       236  63   3.714E+03
*           1382.8675265   3    10    34    10       339  63   3.204E+03
*           1382.8675360   5    23    14     3        54  59 986.852E+00
*           1382.8675375   6    33    33     8       216  59   1.829E+03
* Gp# 1[1,2,3,6,5] x,y,z = 2.914, 34.75, 4.757, q = 1 dT[2, 4, 15, 16] Src Amplitude = 64.0
*           1383.0594950   1    15    28     9       159  64   4.169E+03
*           1383.0594970   2     8    20    10       236  62   3.643E+03
*           1383.0594985   3    10    32    10       304  63   3.184E+03
*           1383.0595095   6    33    33     7       196  59   1.766E+03
*           1383.0595110   5    17    13     3       124  59   1.053E+03
* Gp# 1[1,3,2,6,5] x,y,z = 4.47, 20.29, 3.188, q = 0.8938 dT[2, 2, 16, 25] Src Amplitude = 62.0
*           1383.1551880   1    12    25     7       153  62   2.685E+03
*           1383.1551895   3    13    28     8       303  62   2.071E+03
*           1383.1551900   2     1    15     7       177  61   2.205E+03
*           1383.1552035   6     1    26     5       166  57   1.091E+03
*           1383.1552130   5     1     8     1        34  57 566.838E+00
* Gp# 1[1,2,3,6,5] x,y,z = 2.914, 34.75, 4.757, q = 1 dT[2, 4, 15, 16] Src Amplitude = 63.0
*           1383.2509270   1    11    29     9       159  63   4.174E+03
*           1383.2509290   2     8    21     9       183  63   3.487E+03
*           1383.2509305   3    10    33    10       304  63   3.183E+03
*           1383.2509415   6    33    31     8       216  59   1.832E+03
*           1383.2509430   5    20    15     2        51  59 970.300E+00
* Gp# 1[1,3,2,6,5] x,y,z = 6.739, 23.72, 3.634, q = 0.7949 dT[2, 2, 13, 26] Src Amplitude = 61.0
*           1383.3467530   1     9    24     7       157  61   2.688E+03
*           1383.3467545   3    10    26     8       296  61   2.065E+03
*           1383.3467550   2     9    15     7       181  61   2.215E+03
*           1383.3467655   6    33    28     6       216  57   1.193E+03
*           1383.3467790   5     8     8     2        39  58 586.793E+00
* Gp# 1[1,3,2,6,5] x,y,z = 0.4729, 36.61, 8.112, q = 1 dT[5, 5, 15, 16] Src Amplitude = 64.0
*           1383.4425640   1    15    29     9       159  64   4.188E+03
*           1383.4425685   3    13    30    10       303  63   3.184E+03
*           1383.4425690   2     5    18     9       220  63   3.554E+03
*           1383.4425785   6    33    32     8       217  58   1.836E+03
*           1383.4425800   5    14    14     2        49  58 948.520E+00
* Gp# 1[1,3,2,6,5] x,y,z = 6.015, 25.75, 3.682, q = 0.8098 dT[2, 2, 13, 25] Src Amplitude = 62.0
*           1385.9015580   1    12    26     7       150  62   2.680E+03
*           1385.9015595   3     6    28     8       300  61   2.083E+03
*           1385.9015600   2     9    17     7       181  61   2.259E+03
*           1385.9015705   6    33    27     6       219  57   1.217E+03
*           1385.9015830   5     9     9     2        40  58 598.516E+00
* Gp# 1[1,3,2,6,5] x,y,z = 4.47, 20.29, 3.188, q = 0.8938 dT[2, 2, 16, 25] Src Amplitude = 64.0
*           1385.9976580   1    12    28     9       156  64   4.090E+03
*           1385.9976595   3    13    32    10       300  63   3.176E+03
*           1385.9976600   2     9    20     9       181  63   3.454E+03
*           1385.9976735   6    26    33     8       219  59   1.851E+03
*           1385.9976830   5     1    15     2        40  59 898.098E+00
* Gp# 1[1,3,2,6,5] x,y,z = 6.015, 25.75, 3.682, q = 0.8098 dT[2, 2, 13, 25] Src Amplitude = 62.0
*           1386.0933790   1    12    24     7       153  62   2.686E+03
*           1386.0933805   3     6    27     8       300  61   2.072E+03
*           1386.0933810   2     9    15     8       234  62   2.473E+03
*           1386.0933915   6     1    28     6       216  57   1.207E+03
*           1386.0934040   5     9     9     2        40  58 606.343E+00
* Gp# 1[1,3,2,6,5] x,y,z = 2.69, 25.48, 3.051, q = 0.9371 dT[2, 2, 16, 22] Src Amplitude = 64.0
*           1386.1891520   1    12    28     9       153  64   4.114E+03
*           1386.1891535   3     6    33    10       339  63   3.227E+03
*           1386.1891540   2     9    22     9       181  63   3.445E+03
*           1386.1891675   6    27    33     8       219  59   1.859E+03
*           1386.1891740   5     1    15     4       170  59   1.117E+03
* Gp# 1[1,3,2,6,5] x,y,z = 4.47, 20.29, 3.188, q = 0.8938 dT[2, 2, 16, 25] Src Amplitude = 62.0
*           1386.2850070   1    12    26     7       153  62   2.679E+03
*           1386.2850085   3    13    27     8       293  62   2.045E+03
*           1386.2850090   2     9    15     7       181  62   2.328E+03
*           1386.2850225   6    26    27     6       216  57   1.204E+03
*           1386.2850320   5     9     8     1        37  57 588.354E+00
* Gp# 1[1,3,2,6,5] x,y,z = -0.9936, 36.06, 7.133, q = 1 dT[4, 5, 15, 16] Src Amplitude = 64.0
*           1386.3808440   1    15    27     9       162  64   4.168E+03
*           1386.3808475   3    10    32    10       301  63   3.206E+03
*           1386.3808490   2     5    19     9       220  62   3.536E+03
*           1386.3808585   6    33    32     8       220  59   1.873E+03
*           1386.3808600   5    14    15     5       194  58   1.157E+03
* Gp# 1[1,3,2,6,5] x,y,z = 4.47, 20.29, 3.188, q = 0.8938 dT[2, 2, 16, 25] Src Amplitude = 62.0
*           1386.4769420   1    12    24     7       156  62   2.688E+03
*           1386.4769435   3    13    27     8       296  61   2.077E+03
*           1386.4769440   2     1    15     6       129  61   2.158E+03
*           1386.4769575   6     1    27     6       210  57   1.194E+03
*           1386.4769670   5     1     8     1        37  57 597.124E+00
* Gp# 1[1,3,2,6,5] x,y,z = 0.4729, 36.61, 8.112, q = 1 dT[5, 5, 15, 16] Src Amplitude = 64.0
*           1386.5737800   1    15    28     9       159  64   4.173E+03
*           1386.5737845   3    13    35    10       300  63   3.188E+03
*           1386.5737850   2     2    23     9       178  63   3.479E+03
*           1386.5737945   6    30    32     8       220  58   1.874E+03
*           1386.5737960   5     1    14     4       194  58   1.154E+03
* Gp# 1[2,1,3,6,5] x,y,z = 6.851, 18.61, 2.666, q = 0.919 dT[1, 3, 17, 26] Src Amplitude = 61.0
*           1388.9556950   2     1    16     7       181  61   2.250E+03
*           1388.9556960   1    12    24     7       153  62   2.583E+03
*           1388.9556975   3    13    28     7       233  62   2.036E+03
*           1388.9557115   6    26    26     6       216  57   1.225E+03
*           1388.9557210   5     1     9     3       167  57 714.288E+00
* Gp# 1[1,2,3,6,5] x,y,z = 2.914, 34.75, 4.757, q = 1 dT[2, 4, 15, 16] Src Amplitude = 64.0
*           1389.0525680   1    15    25     9       159  64   4.011E+03
*           1389.0525700   2     8    22    10       226  62   3.729E+03
*           1389.0525715   3    10    33    10       297  63   3.201E+03
*           1389.0525825   6    33    31     8       217  59   1.885E+03
*           1389.0525840   5    14    15     4       176  59   1.129E+03
* Gp# 1[1,3,2,6,5] x,y,z = 4.47, 20.29, 3.188, q = 0.8938 dT[2, 2, 16, 25] Src Amplitude = 62.0
*           1389.1483920   1    12    24     7       153  62   2.575E+03
*           1389.1483935   3    13    26     8       300  61   2.090E+03
*           1389.1483940   2     9    15     7       181  61   2.297E+03
*           1389.1484075   6     1    28     6       216  57   1.219E+03
*           1389.1484170   5     9     9     1        37  58 584.355E+00
* Gp# 1[1,3,2,6,5] x,y,z = 4.47, 20.29, 3.188, q = 0.8938 dT[2, 2, 16, 25] Src Amplitude = 64.0
*           1389.2444630   1    12    25     9       156  64   3.954E+03
*           1389.2444645   3    13    34    10       339  63   3.233E+03
*           1389.2444650   2     1    22    10       231  63   3.713E+03
*           1389.2444785   6    26    33     8       219  58   1.889E+03
*           1389.2444880   5     1    15     4       167  59   1.074E+03
* Gp# 1[1,3,2,6,5] x,y,z = 4.47, 20.29, 3.188, q = 0.8938 dT[2, 2, 16, 25] Src Amplitude = 62.0
*           1389.3402080   1    12    24     7       153  62   2.578E+03
*           1389.3402095   3    13    27     8       296  62   2.078E+03
*           1389.3402100   2     1    16     5       129  62   2.083E+03
*           1389.3402235   6    26    26     6       216  57   1.226E+03
*           1389.3402330   5     1     9     1        37  57 590.778E+00
* Gp# 1[1,2,3,5,6] x,y,z = 0.9146, 39.26, 1.374, q = 1 dT[0, 2, 11, 13] Src Amplitude = 63.0
*           1389.4359460   1     9    25     9       160  63   3.968E+03
*           1389.4359460   2    11    24    10       236  63   3.934E+03
*           1389.4359475   3    10    32    10       340  63   3.249E+03
*           1389.4359570   5    23    17     4       127  60   1.079E+03
*           1389.4359585   6    33    33     8       216  59   1.890E+03
* Gp# 1[1,2,3,6,5] x,y,z = 9.607, 22.14, 2.865, q = 0.8309 dT[0, 2, 13, 26] Src Amplitude = 62.0
*           1389.5317980   1    10    22     7       157  62   2.597E+03
*           1389.5317980   2     8    18    10       293  61   2.727E+03
*           1389.5317995   3    10    27     8       297  61   2.084E+03
*           1389.5318105   6    33    28     5       170  58   1.133E+03
*           1389.5318240   5     8     9     1        36  58 581.034E+00
* Gp# 1[1,2,3,5,6] x,y,z = 0.9933, 37.43, 4.76, q = 1 dT[2, 4, 13, 15] Src Amplitude = 63.0
*           1389.6276150   1    11    25     9       162  63   4.040E+03
*           1389.6276170   2    11    21    10       236  63   3.864E+03
*           1389.6276185   3    10    33    10       297  64   3.201E+03
*           1389.6276280   5    23    16     5       184  60   1.173E+03
*           1389.6276295   6    33    31     8       216  59   1.881E+03
* Gp# 1[1,3,2,5,6] x,y,z = -1.77, 40.24, 3.272, q = 1 dT[2, 2, 11, 13] Src Amplitude = 62.0
*           1392.0677870   1    12    25     7       157  62   2.600E+03
*           1392.0677885   3     6    28     8       297  61   2.086E+03
*           1392.0677890   2     9    17     8       221  62   2.538E+03
*           1392.0677980   5    23    12     2        54  58 657.978E+00
*           1392.0677995   6    33    29     5       170  58   1.145E+03
* Gp# 1[1,3,2,6,5] x,y,z = 11.01, 30.74, 4.815, q = 0.6749 dT[2, 2, 9, 25] Src Amplitude = 64.0
*           1392.1646280   1    12    25     9       157  64   3.962E+03
*           1392.1646295   3    13    34    10       300  63   3.230E+03
*           1392.1646300   2     9    23    10       234  62   3.796E+03
*           1392.1646365   6    33    32     8       232  59   1.944E+03
*           1392.1646530   5     1    17     4       167  59   1.094E+03
* Gp# 1[1,2,3,6,5] x,y,z = 8.593, 22.89, 3.175, q = 0.8135 dT[1, 2, 13, 26] Src Amplitude = 62.0
*           1392.2603810   1     9    23     7       157  62   2.604E+03
*           1392.2603820   2     7    17     5       127  62   2.070E+03
*           1392.2603825   3    10    27     8       297  61   2.096E+03
*           1392.2603935   6    33    27     6       220  58   1.250E+03
*           1392.2604070   5     8     9     2        39  58 593.378E+00
* Gp# 1[1,2,3,5,6] x,y,z = 0.9146, 39.26, 1.374, q = 1 dT[0, 2, 11, 13] Src Amplitude = 63.0
*           1392.3562270   1     9    25     9       160  63   3.970E+03
*           1392.3562270   2    11    22    11       236  63   4.005E+03
*           1392.3562285   3    10    34    10       297  63   3.186E+03
*           1392.3562380   5    23    18     4       179  59   1.164E+03
*           1392.3562395   6    33    31     8       220  60   1.927E+03
* Gp# 1[1,3,2,6,5] x,y,z = 4.47, 20.29, 3.188, q = 0.8938 dT[2, 2, 16, 25] Src Amplitude = 62.0
*           1392.4520940   1    12    25     7       153  62   2.590E+03
*           1392.4520955   3    13    26     7       205  61   2.003E+03
*           1392.4520960   2     1    17     7       178  61   2.382E+03
*           1392.4521095   6     1    26     6       216  57   1.252E+03
*           1392.4521190   5     1    11     3       167  58 722.490E+00
* Gp# 1[1,3,2,5,6] x,y,z = -1.77, 40.24, 3.272, q = 1 dT[2, 2, 11, 13] Src Amplitude = 64.0
*           1392.5481640   1    12    25     9       160  64   3.981E+03
*           1392.5481655   3    10    33    10       300  63   3.215E+03
*           1392.5481660   2     9    22    11       237  63   3.965E+03
*           1392.5481750   5    23    18     5       184  60   1.181E+03
*           1392.5481765   6    33    31     7       185  59   1.796E+03
* Gp# 1[1,3,2,6,5] x,y,z = 4.47, 20.29, 3.188, q = 0.8938 dT[2, 2, 16, 25] Src Amplitude = 62.0
*           1392.6439130   1    12    24     7       156  62   2.592E+03
*           1392.6439145   3    13    26     7       233  62   2.030E+03
*           1392.6439150   2     5    16     7       181  61   2.498E+03
*           1392.6439285   6    26    27     6       216  57   1.239E+03
*           1392.6439380   5     1    11     3       167  57 725.108E+00
* Gp# 1[1,3,2,6,5] x,y,z = 0.4729, 36.61, 8.112, q = 1 dT[5, 5, 15, 16] Src Amplitude = 64.0
*           1392.7396480   1    15    26     9       159  64   4.008E+03
*           1392.7396525   3    13    33    10       300  63   3.213E+03
*           1392.7396530   2     2    24    10       231  63   3.819E+03
*           1392.7396625   6    30    32     8       229  59   1.951E+03
*           1392.7396640   5     1    16     4       179  59   1.148E+03
* Gp# 1[1,3,2,6,5] x,y,z = 6.015, 25.75, 3.682, q = 0.8098 dT[2, 2, 13, 25] Src Amplitude = 62.0
*           1395.2616480   1    12    24     7       160  62   2.604E+03
*           1395.2616495   3     6    26     7       219  61   2.034E+03
*           1395.2616500   2     9    19     6       133  61   2.106E+03
*           1395.2616605   6    33    27     5       167  58   1.154E+03
*           1395.2616730   5     9    10     2        40  58 611.004E+00
* Gp# 1[1,3,2,5,6] x,y,z = -1.77, 40.24, 3.272, q = 1 dT[2, 2, 11, 13] Src Amplitude = 64.0
*           1395.3585130   1    12    26     9       160  64   3.986E+03
*           1395.3585145   3     6    34    10       297  63   3.200E+03
*           1395.3585150   2     9    25    11       234  63   3.927E+03
*           1395.3585240   5    23    17     5       184  60   1.195E+03
*           1395.3585255   6    33    32     8       220  59   1.951E+03
* Gp# 1[1,3,2,5,6] x,y,z = -1.77, 40.24, 3.272, q = 1 dT[2, 2, 11, 13] Src Amplitude = 63.0
*           1395.5500850   1    12    26     9       174  63   3.996E+03
*           1395.5500865   3    10    34    10       340  63   3.234E+03
*           1395.5500870   2     9    25    11       234  64   3.890E+03
*           1395.5500960   5    23    18     5       179  60   1.194E+03
*           1395.5500975   6    33    33     8       223  59   1.958E+03
* Gp# 1[1,2,3,6,5] x,y,z = 8.593, 22.89, 3.175, q = 0.8135 dT[1, 2, 13, 26] Src Amplitude = 62.0
*           1395.6459840   1     9    24     7       157  62   2.605E+03
*           1395.6459850   2     7    17     7       180  61   2.391E+03
*           1395.6459855   3    10    26     7       199  61   1.997E+03
*           1395.6459965   6    33    26     6       220  58   1.273E+03
*           1395.6460100   5     8     9     1        34  58 582.867E+00
* Gp# 1[1,2,3,6,5] x,y,z = 6.996, 37.9, 6.396, q = 1 dT[2, 5, 12, 16] Src Amplitude = 64.0
*           1395.7420670   1    15    26     9       160  64   4.055E+03
*           1395.7420690   2    12    23    11       234  63   3.991E+03
*           1395.7420715   3    13    33    10       293  63   3.186E+03
*           1395.7420785   6    33    31     8       226  59   1.973E+03
*           1395.7420830   5     1    19     4       182  59   1.197E+03
* Gp# 1[1,3,2,5,6] x,y,z = -1.77, 40.24, 3.272, q = 1 dT[2, 2, 11, 13] Src Amplitude = 62.0
*           1395.8385960   1    12    24     7       160  62   2.616E+03
*           1395.8385975   3     6    26     8       297  61   2.096E+03
*           1395.8385980   2     9    16     7       181  62   2.397E+03
*           1395.8386070   5    23    12     2        54  58 650.360E+00
*           1395.8386085   6    33    28     6       214  58   1.254E+03
* Gp# 1[1,2,3,6,5] x,y,z = 2.914, 34.75, 4.757, q = 1 dT[2, 4, 15, 16] Src Amplitude = 63.0
*           1395.9346600   1    11    25     9       176  63   4.070E+03
*           1395.9346620   2    11    24    10       223  63   3.978E+03
*           1395.9346635   3    10    34    10       340  63   3.243E+03
*           1395.9346745   6    33    32     8       223  60   1.961E+03
*           1395.9346760   5    20    18     4       176  59   1.176E+03
* Gp# 1[1,3,2,6,5] x,y,z = 0.3646, 37.52, 3.152, q = 1 dT[2, 2, 13, 14] Src Amplitude = 62.0
*           1398.4465220   1     6    24     7       157  62   2.615E+03
*           1398.4465235   3    10    26     7       199  61   1.998E+03
*           1398.4465240   2     6    18     7       182  61   2.538E+03
*           1398.4465345   6    33    26     6       223  58   1.284E+03
*           1398.4465360   5    20    13     2        68  58 675.515E+00
* Gp# 1[1,2,3,6,5] x,y,z = 2.914, 34.75, 4.757, q = 1 dT[2, 4, 15, 16] Src Amplitude = 64.0
*           1398.5433830   1    15    26     9       176  64   4.096E+03
*           1398.5433850   2     8    24    11       237  63   4.109E+03
*           1398.5433865   3    10    34    10       294  63   3.194E+03
*           1398.5433975   6    33    31     8       226  59   1.971E+03
*           1398.5433990   5    23    19     5       179  59   1.212E+03
* Gp# 1[1,2,3,6,5] x,y,z = 12.13, 17.25, 6.708, q = 0.8355 dT[2, 4, 15, 28] Src Amplitude = 62.0
*           1398.6391280   1    12    24     7       176  62   2.679E+03
*           1398.6391300   2     8    19     8       184  61   2.571E+03
*           1398.6391315   3    10    26     7       199  61   1.994E+03
*           1398.6391425   6    33    26     6       223  58   1.281E+03
*           1398.6391560   5     2    13     3       167  57 747.964E+00
* Gp# 1[1,3,2,6,5] x,y,z = 0.4729, 36.61, 8.112, q = 1 dT[5, 5, 15, 16] Src Amplitude = 64.0
*           1398.7349550   1    15    26     9       160  64   4.050E+03
*           1398.7349595   3    13    32    10       340  63   3.232E+03
*           1398.7349600   2     5    27    11       234  63   3.996E+03
*           1398.7349695   6    30    30     8       223  59   1.967E+03
*           1398.7349710   5     1    18     4       182  59   1.210E+03
* Gp# 1[1,3,2,6,5] x,y,z = 3.685, 23.58, 8.909, q = 0.731 dT[4, 7, 15, 28] Src Amplitude = 62.0
*           1398.8307970   1     8    24     7       159  62   2.648E+03
*           1398.8308005   3    10    28     7       206  61   2.027E+03
*           1398.8308040   2     3    17     7       182  61   2.449E+03
*           1398.8308115   6    33    27     6       220  58   1.281E+03
*           1398.8308250   5     2    11     3       167  57 743.467E+00
* Gp# 1[1,2,3,5,6] x,y,z = 0.9146, 39.26, 1.374, q = 1 dT[0, 2, 11, 13] Src Amplitude = 63.0
*           1398.9269420   1     9    26     9       174  63   4.025E+03
*           1398.9269420   2    11    25    11       240  63   4.307E+03
*           1398.9269435   3    10    34    10       294  63   3.200E+03
*           1398.9269530   5    23    17     5       182  60   1.204E+03
*           1398.9269545   6    33    32     8       229  60   1.987E+03
* Gp# 1[1,2,3,6,5] x,y,z = 12.13, 17.25, 6.708, q = 0.8355 dT[2, 4, 15, 28] Src Amplitude = 62.0
*           1399.0226640   1     8    24     7       159  62   2.635E+03
*           1399.0226660   2     8    18     9       237  61   2.808E+03
*           1399.0226675   3    10    27     7       206  61   2.030E+03
*           1399.0226785   6    33    26     6       220  58   1.271E+03
*           1399.0226920   5     2    12     3       167  57 740.712E+00
* Gp# 1[1,3,2,5,6] x,y,z = -1.77, 40.24, 3.272, q = 1 dT[2, 2, 11, 13] Src Amplitude = 63.0
*           1399.1192080   1    12    26     9       177  63   4.038E+03
*           1399.1192095   3    10    33    10       340  63   3.227E+03
*           1399.1192100   2     9    26    11       235  63   4.106E+03
*           1399.1192190   5    23    21     5       179  60   1.193E+03
*           1399.1192205   6    33    31     8       226  60   1.981E+03
* Gp# 1[1,3,2,6,5] x,y,z = 4.47, 20.29, 3.188, q = 0.8938 dT[2, 2, 16, 25] Src Amplitude = 62.0
*           1401.6153260   1    12    25     7       160  62   2.623E+03
*           1401.6153275   3    13    27     7       202  62   2.011E+03
*           1401.6153280   2     1    19     7       175  61   2.444E+03
*           1401.6153415   6    10    26     5       164  58   1.166E+03
*           1401.6153510   5     1    14     2        54  57 619.264E+00
* Gp# 1[1,3,2,6,5] x,y,z = 2.69, 25.48, 3.051, q = 0.9371 dT[2, 2, 16, 22] Src Amplitude = 64.0
*           1401.7121840   1    12    26     9       174  64   4.027E+03
*           1401.7121855   3    13    33     9       237  63   3.141E+03
*           1401.7121860   2     9    25    10       221  63   4.070E+03
*           1401.7121995   6    30    31     8       226  60   1.981E+03
*           1401.7122060   5    12    18     5       173  60   1.196E+03
* Gp# 1[1,3,2,6,5] x,y,z = 4.47, 20.29, 3.188, q = 0.8938 dT[2, 2, 16, 25] Src Amplitude = 62.0
*           1401.8082320   1    12    25     7       160  62   2.630E+03
*           1401.8082335   3    13    27     7       202  62   2.017E+03
*           1401.8082340   2     9    18     7       175  62   2.576E+03
*           1401.8082475   6     1    25     6       217  58   1.276E+03
*           1401.8082570   5     9    13     3       165  58 744.925E+00
* Gp# 1[1,3,2,5,6] x,y,z = -3.639, 37.65, 3.359, q = 0.9495 dT[2, 2, 11, 16] Src Amplitude = 64.0
*           1401.9039750   1    12    26     9       177  64   4.024E+03
*           1401.9039765   3    13    31     9       237  63   3.169E+03
*           1401.9039770   2     9    26    10       208  64   3.916E+03
*           1401.9039860   5    23    20     5       184  60   1.252E+03
*           1401.9039905   6    10    29     8       220  60   1.970E+03
* Gp# 1[1,2,3,5,6] x,y,z = 0.9146, 39.26, 1.374, q = 1 dT[0, 2, 11, 13] Src Amplitude = 62.0
*           1401.9997200   1    12    24     7       174  62   2.652E+03
*           1401.9997200   2    11    20     9       237  61   2.828E+03
*           1401.9997215   3     6    27     7       199  61   1.997E+03
*           1401.9997310   5    23    15     4       182  58 802.357E+00
*           1401.9997325   6    33    25     6       220  58   1.281E+03
* Gp# 1[1,3,2,5,6] x,y,z = -1.77, 40.24, 3.272, q = 1 dT[2, 2, 11, 13] Src Amplitude = 64.0
*           1402.0955470   1    12    26     9       177  64   4.042E+03
*           1402.0955485   3     6    31     9       234  63   3.120E+03
*           1402.0955490   2     9    24    10       185  63   3.968E+03
*           1402.0955580   5    23    21     5       179  60   1.219E+03
*           1402.0955595   6    33    30     8       229  60   2.001E+03
* Gp# 1[1,3,2,6,5] x,y,z = 6.739, 23.72, 3.634, q = 0.7949 dT[2, 2, 13, 26] Src Amplitude = 61.0
*           1402.1914110   1     9    25     7       157  61   2.628E+03
*           1402.1914125   3    10    26     7       206  61   2.022E+03
*           1402.1914130   2     9    19     8       182  61   2.552E+03
*           1402.1914235   6    33    24     6       223  58   1.284E+03
*           1402.1914370   5     8    13     3       115  58 721.690E+00
* Gp# 1[1,3,2,6,5] x,y,z = 4.871, 29.83, 3.534, q = 0.8588 dT[2, 2, 13, 22] Src Amplitude = 64.0
*           1402.2883190   1    12    26     9       177  64   4.047E+03
*           1402.2883205   3     6    31     9       234  63   3.141E+03
*           1402.2883210   2     9    25    11       225  63   4.001E+03
*           1402.2883315   6    33    30     8       229  60   1.991E+03
*           1402.2883410   5    12    18     4       168  60   1.189E+03
* Gp# 1[1,3,2,6,5] x,y,z = 4.47, 20.29, 3.188, q = 0.8938 dT[2, 2, 16, 25] Src Amplitude = 62.0
*           1404.7852920   1    12    25     7       160  62   2.640E+03
*           1404.7852935   3    13    26     7       219  61   2.040E+03
*           1404.7852940   2     2    19     9       221  60   2.717E+03
*           1404.7853075   6     1    23     6       217  58   1.272E+03
*           1404.7853170   5     9    16     3       162  58 765.990E+00
* Gp# 1[1,3,2,5,6] x,y,z = -1.77, 40.24, 3.272, q = 1 dT[2, 2, 11, 13] Src Amplitude = 64.0
*           1404.8821820   1    12    27     9       177  64   4.066E+03
*           1404.8821835   3     6    31     9       203  63   3.088E+03
*           1404.8821840   2     9    28    12       250  63   4.226E+03
*           1404.8821930   5    23    22     5       191  60   1.267E+03
*           1404.8821945   6    33    30     8       226  60   1.990E+03
* Gp# 1[1,2,3,6,5] x,y,z = 12.13, 17.25, 6.708, q = 0.8355 dT[2, 4, 15, 28] Src Amplitude = 62.0
*           1404.9778990   1    15    26     7       160  62   2.666E+03
*           1404.9779010   2     8    23     8       181  61   2.715E+03
*           1404.9779025   3    10    27     7       206  61   2.027E+03
*           1404.9779135   6    33    24     5       171  58   1.203E+03
*           1404.9779270   5     2    15     3       170  57 782.223E+00
* Gp# 1[1,3,2,5,6] x,y,z = -1.77, 40.24, 3.272, q = 1 dT[2, 2, 11, 13] Src Amplitude = 63.0
*           1405.0737570   1    12    28     9       177  63   4.071E+03
*           1405.0737585   3    10    31     9       220  63   3.116E+03
*           1405.0737590   2     9    26    11       235  64   4.282E+03
*           1405.0737680   5    23    22     5       194  60   1.272E+03
*           1405.0737695   6    33    30     8       223  60   1.986E+03
* Gp# 1[1,2,3,5,6] x,y,z = 0.9146, 39.26, 1.374, q = 1 dT[0, 2, 11, 13] Src Amplitude = 61.0
*           1405.1696510   1     9    25     7       174  61   2.658E+03
*           1405.1696510   2    11    20     8       184  62   2.708E+03
*           1405.1696525   3    10    25     7       203  61   2.014E+03
*           1405.1696620   5    23    16     4       182  58 810.893E+00
*           1405.1696635   6    33    26     6       220  58   1.288E+03
* Gp# 1[1,3,2,5,6] x,y,z = -1.77, 40.24, 3.272, q = 1 dT[2, 2, 11, 13] Src Amplitude = 64.0
*           1405.2656910   1    12    27     9       177  64   4.065E+03
*           1405.2656925   3     6    31     9       220  63   3.104E+03
*           1405.2656930   2     9    26    12       241  64   4.382E+03
*           1405.2657020   5    23    20     5       191  60   1.267E+03
*           1405.2657035   6    33    30     8       223  60   2.002E+03
* Gp# 1[1,2,3,5,6] x,y,z = 0.9146, 39.26, 1.374, q = 1 dT[0, 2, 11, 13] Src Amplitude = 62.0
*           1405.3614570   1    10    25     7       158  62   2.630E+03
*           1405.3614570   2     8    20     8       181  61   2.690E+03
*           1405.3614585   3    10    27     7       203  61   2.017E+03
*           1405.3614680   5    17    15     4       182  57 816.051E+00
*           1405.3614695   6    33    23     5       171  58   1.199E+03
* Gp# 1[1,3,2,6,5] x,y,z = -0.9936, 36.06, 7.133, q = 1 dT[4, 5, 15, 16] Src Amplitude = 64.0
*           1405.4571730   1    15    29     9       177  64   4.128E+03
*           1405.4571765   3    10    31    10       341  63   3.229E+03
*           1405.4571780   2     5    25    10       185  62   3.952E+03
*           1405.4571875   6    30    29     8       224  59   1.997E+03
*           1405.4571890   5     1    19     5       185  59   1.247E+03
* Gp# 1[1,3,2,5,6] x,y,z = -3.639, 37.65, 3.359, q = 0.9495 dT[2, 2, 11, 16] Src Amplitude = 62.0
*           1407.9409540   1    12    25     7       174  62   2.669E+03
*           1407.9409555   3     6    27     7       203  61   2.031E+03
*           1407.9409560   2     9    21     8       182  62   2.692E+03
*           1407.9409650   5    23    17     4       182  58 828.613E+00
*           1407.9409695   6    30    23     6       217  58   1.280E+03
* Gp# 1[1,2,3,6,5] x,y,z = 2.914, 34.75, 4.757, q = 1 dT[2, 4, 15, 16] Src Amplitude = 64.0
*           1408.0371990   1    15    28     9       180  64   4.151E+03
*           1408.0372010   2     8    26    11       224  63   4.357E+03
*           1408.0372025   3    10    31     9       220  63   3.122E+03
*           1408.0372135   6    30    29     8       224  60   2.005E+03
*           1408.0372150   5    14    19     5       185  59   1.271E+03
* Gp# 1[1,3,2,6,5] x,y,z = 6.456, 21.27, 7.744, q = 0.777 dT[4, 5, 15, 28] Src Amplitude = 62.0
*           1408.1340450   1    15    26     7       163  62   2.677E+03
*           1408.1340485   3    10    27     7       203  61   2.002E+03
*           1408.1340500   2     5    21     8       175  61   2.634E+03
*           1408.1340595   6    30    22     6       221  58   1.298E+03
*           1408.1340730   5     1    14     2        54  57 626.515E+00
* Gp# 1[1,2,3,6,5] x,y,z = 2.914, 34.75, 4.757, q = 1 dT[2, 4, 15, 16] Src Amplitude = 64.0
*           1408.2297880   1    15    28     9       177  64   4.132E+03
*           1408.2297900   2     8    27    11       237  63   4.365E+03
*           1408.2297915   3    10    30     9       220  63   3.111E+03
*           1408.2298025   6    33    28     8       224  60   1.997E+03
*           1408.2298040   5    23    19     5       188  59   1.261E+03
* Gp# 1[1,2,3,6,5] x,y,z = 12.13, 17.25, 6.708, q = 0.8355 dT[2, 4, 15, 28] Src Amplitude = 62.0
*           1408.3255330   1     8    26     7       163  62   2.688E+03
*           1408.3255350   2     8    20     9       224  61   2.911E+03
*           1408.3255365   3    10    28     7       203  61   2.014E+03
*           1408.3255475   6    33    23     5       168  58   1.195E+03
*           1408.3255610   5     2    15     3       167  57 780.419E+00
* Gp# 1[1,3,2,5,6] x,y,z = -1.77, 40.24, 3.272, q = 1 dT[2, 2, 11, 13] Src Amplitude = 63.0
*           1408.4213830   1    12    28     9       174  63   4.081E+03
*           1408.4213845   3    10    31    10       341  63   3.188E+03
*           1408.4213850   2     9    26    12       235  63   4.393E+03
*           1408.4213940   5    23    22     5       191  60   1.290E+03
*           1408.4213955   6    33    28     8       223  60   2.011E+03
* Gp# 1[1,2,3,5,6] x,y,z = 0.9146, 39.26, 1.374, q = 1 dT[0, 2, 11, 13] Src Amplitude = 61.0
*           1408.5172040   1     9    25     7       158  61   2.633E+03
*           1408.5172040   2    11    20     9       227  61   2.895E+03
*           1408.5172055   3    10    25     7       203  61   2.005E+03
*           1408.5172150   5    17    16     4       185  58 837.051E+00
*           1408.5172165   6    33    24     5       168  58   1.201E+03
* Gp# 1[1,2,3,6,5] x,y,z = 2.914, 34.75, 4.757, q = 1 dT[2, 4, 15, 16] Src Amplitude = 64.0
*           1408.6133250   1    15    29    10       183  64   4.153E+03
*           1408.6133270   2     8    27    11       224  62   4.319E+03
*           1408.6133285   3    10    30     9       220  63   3.118E+03
*           1408.6133395   6    33    28     8       227  60   2.004E+03
*           1408.6133410   5    23    20     5       185  59   1.272E+03
* Gp# 1[1,3,2,6,5] x,y,z = -1.033, 38.85, 2.295, q = 1 dT[1, 2, 12, 13] Src Amplitude = 62.0
*           1411.0102900   1    12    26     7       177  62   2.681E+03
*           1411.0102905   3    10    27     7       203  61   1.998E+03
*           1411.0102920   2     5    20     8       182  61   2.712E+03
*           1411.0103015   6    30    22     6       224  58   1.309E+03
*           1411.0103030   5     1    16     4       177  57 817.333E+00
* Gp# 1[1,2,3,6,5] x,y,z = 2.914, 34.75, 4.757, q = 1 dT[2, 4, 15, 16] Src Amplitude = 63.0
*           1411.1060350   1    11    28     9       176  63   4.140E+03
*           1411.1060370   2    11    26    11       227  63   4.469E+03
*           1411.1060385   3    10    30     9       220  63   3.075E+03
*           1411.1060495   6    33    28     8       224  60   2.013E+03
*           1411.1060510   5    23    21     5       188  59   1.283E+03
* Gp# 1[1,3,2,6,5] x,y,z = 4.47, 20.29, 3.188, q = 0.8938 dT[2, 2, 16, 25] Src Amplitude = 62.0
*           1411.2029050   1    12    26     7       177  62   2.680E+03
*           1411.2029065   3    13    26     7       199  62   1.959E+03
*           1411.2029070   2     1    19     8       182  62   2.900E+03
*           1411.2029205   6     1    22     6       217  58   1.280E+03
*           1411.2029300   5     9    16     4       168  58 802.342E+00
* Gp# 1[1,2,3,6,5] x,y,z = 1.72, 35.16, 5.53, q = 1 dT[3, 4, 15, 16] Src Amplitude = 64.0
*           1411.2987260   1    15    30    10       183  64   4.164E+03
*           1411.2987290   2     7    28    13       313  63   4.910E+03
*           1411.2987295   3    10    30     9       220  63   3.110E+03
*           1411.2987405   6    30    29     8       230  60   2.014E+03
*           1411.2987420   5    14    21     5       188  59   1.304E+03
* Gp# 1[1,3,2,5,6] x,y,z = -3.639, 37.65, 3.359, q = 0.9495 dT[2, 2, 11, 16] Src Amplitude = 62.0
*           1411.3945770   1    12    25     7       174  62   2.672E+03
*           1411.3945785   3    13    25     7       203  61   1.996E+03
*           1411.3945790   2     9    22     8       182  62   2.805E+03
*           1411.3945880   5    23    16     4       185  58 855.314E+00
*           1411.3945925   6    30    23     6       217  59   1.282E+03
* Gp# 1[1,3,2,6,5] x,y,z = 2.69, 25.48, 3.051, q = 0.9371 dT[2, 2, 16, 22] Src Amplitude = 64.0
*           1411.4906930   1    12    29     9       177  64   4.090E+03
*           1411.4906945   3    13    31     9       206  63   3.092E+03
*           1411.4906950   2     9    27    11       221  64   4.377E+03
*           1411.4907085   6    30    27     8       220  60   1.979E+03
*           1411.4907150   5    12    20     5       183  60   1.285E+03
* Gp# 1[1,3,2,5,6] x,y,z = -1.77, 40.24, 3.272, q = 1 dT[2, 2, 11, 13] Src Amplitude = 62.0
*           1411.5864640   1    12    26     7       174  62   2.674E+03
*           1411.5864655   3     6    25     7       220  61   2.029E+03
*           1411.5864660   2     9    22     8       182  62   2.730E+03
*           1411.5864750   5    23    17     4       188  58 852.290E+00
*           1411.5864765   6    33    23     5       168  59   1.213E+03
* Gp# 1[1,3,2,5,6] x,y,z = -1.77, 40.24, 3.272, q = 1 dT[2, 2, 11, 13] Src Amplitude = 63.0
*           1411.6821790   1    12    29     9       174  63   4.094E+03
*           1411.6821805   3     6    30     9       220  63   3.071E+03
*           1411.6821810   2     9    28    11       185  63   4.305E+03
*           1411.6821900   5    26    21     5       191  59   1.312E+03
*           1411.6821915   6    33    26     7       217  60   1.963E+03
* Gp# 1[1,3,2,6,5] x,y,z = 6.015, 25.75, 3.682, q = 0.8098 dT[2, 2, 13, 25] Src Amplitude = 62.0
*           1414.0660680   1    12    27     7       158  62   2.649E+03
*           1414.0660695   3     6    25     7       203  61   1.998E+03
*           1414.0660700   2     9    21     9       225  62   2.999E+03
*           1414.0660805   6    33    22     5       168  59   1.207E+03
*           1414.0660930   5     9    17     4       174  58 823.451E+00
* Gp# 1[1,3,2,5,6] x,y,z = -1.77, 40.24, 3.272, q = 1 dT[2, 2, 11, 13] Src Amplitude = 63.0
*           1414.1621350   1     9    28     9       175  63   4.106E+03
*           1414.1621365   3    10    28     9       220  63   3.087E+03
*           1414.1621370   2     9    27    12       222  63   4.475E+03
*           1414.1621460   5    26    22     5       191  59   1.330E+03
*           1414.1621475   6    33    27     8       227  60   2.006E+03
* Gp# 1[1,3,2,5,6] x,y,z = -1.77, 40.24, 3.272, q = 1 dT[2, 2, 11, 13] Src Amplitude = 62.0
*           1414.2582400   1     9    26     7       158  62   2.649E+03
*           1414.2582415   3    10    26     7       203  62   1.992E+03
*           1414.2582420   2     9    24    10       225  62   3.155E+03
*           1414.2582510   5    23    18     4       185  58 863.203E+00
*           1414.2582525   6    33    22     5       175  59   1.233E+03
* Gp# 1[1,3,2,5,6] x,y,z = -2.156, 35.49, 3.063, q = 1 dT[2, 2, 13, 16] Src Amplitude = 64.0
*           1414.3539820   1    12    29     9       177  64   4.112E+03
*           1414.3539835   3    13    30     9       220  63   3.092E+03
*           1414.3539840   2     9    26    11       208  63   4.440E+03
*           1414.3539950   5    21    22     5       183  60   1.302E+03
*           1414.3539975   6    30    27     8       220  60   1.976E+03
* Gp# 1[1,3,2,6,5] x,y,z = 4.47, 20.29, 3.188, q = 0.8938 dT[2, 2, 16, 25] Src Amplitude = 62.0
*           1414.4497260   1    12    27     8       177  62   2.698E+03
*           1414.4497275   3    13    26     7       199  61   1.978E+03
*           1414.4497280   2     5    21     7       164  62   2.663E+03
*           1414.4497415   6     1    22     6       220  58   1.295E+03
*           1414.4497510   5     1    16     3       168  58 803.295E+00
* Gp# 1[1,3,2,6,5] x,y,z = 11.4, 27.08, 9.817, q = 0.6819 dT[5, 5, 12, 28] Src Amplitude = 64.0
*           1414.5455000   1    15    30    10       180  64   4.172E+03
*           1414.5455045   3    13    29     9       220  63   3.076E+03
*           1414.5455050   2     2    27    10       185  63   4.348E+03
*           1414.5455115   6     1    27     8       227  60   2.022E+03
*           1414.5455280   5     9    19     5       171  60   1.246E+03
* Gp# 1[1,3,2,6,5] x,y,z = 6.739, 23.72, 3.634, q = 0.7949 dT[2, 2, 13, 26] Src Amplitude = 61.0
*           1414.6413760   1     9    26     7       158  61   2.644E+03
*           1414.6413775   3    10    25     7       203  62   1.998E+03
*           1414.6413780   2     1    26     9       222  61   2.985E+03
*           1414.6413885   6    33    22     5       175  59   1.235E+03
*           1414.6414020   5     8    16     4       173  58 837.868E+00
* Gp# 1[1,3,2,6,5] x,y,z = -0.9936, 36.06, 7.133, q = 1 dT[4, 5, 15, 16] Src Amplitude = 64.0
*           1414.7371880   1    15    30    10       180  64   4.183E+03
*           1414.7371915   3    10    30     9       220  63   3.096E+03
*           1414.7371930   2     5    27    10       185  63   4.385E+03
*           1414.7372025   6    37    27     8       224  60   2.006E+03
*           1414.7372040   5     1    22     5       180  59   1.298E+03
* Gp# 1[1,3,2,6,5] x,y,z = 4.47, 20.29, 3.188, q = 0.8938 dT[2, 2, 16, 25] Src Amplitude = 62.0
*           1417.1241660   1    12    26     7       174  62   2.691E+03
*           1417.1241675   3     6    26     7       203  61   1.971E+03
*           1417.1241680   2     9    21     8       179  62   2.880E+03
*           1417.1241815   6    30    21     6       214  59   1.280E+03
*           1417.1241910   5     9    16     4       174  58 832.725E+00
* Gp# 1[1,2,3,6,5] x,y,z = 4.932, 34.72, 5.904, q = 1 dT[2, 5, 15, 16] Src Amplitude = 64.0
*           1417.2201940   1    15    31    10       183  64   4.194E+03
*           1417.2201960   2     8    30    12       238  63   4.790E+03
*           1417.2201985   3     9    30     8       203  63   3.029E+03
*           1417.2202085   6    37    27     7       224  60   1.997E+03
*           1417.2202100   5     1    22     5       183  59   1.321E+03
* Gp# 1[1,2,3,5,6] x,y,z = 0.9146, 39.26, 1.374, q = 1 dT[0, 2, 11, 13] Src Amplitude = 62.0
*           1417.3160420   1     9    28     7       158  62   2.651E+03
*           1417.3160420   2    11    22     8       181  61   2.980E+03
*           1417.3160435   3    10    26     7       203  61   1.974E+03
*           1417.3160530   5    23    18     4       188  58 897.074E+00
*           1417.3160545   6    33    22     6       227  59   1.319E+03
* Gp# 1[1,3,2,6,5] x,y,z = 2.69, 25.48, 3.051, q = 0.9371 dT[2, 2, 16, 22] Src Amplitude = 64.0
*           1417.4121580   1    12    30     9       177  64   4.111E+03
*           1417.4121595   3    13    30     9       206  63   3.042E+03
*           1417.4121600   2     9    26    12       222  63   4.589E+03
*           1417.4121735   6    30    26     7       220  60   1.988E+03
*           1417.4121800   5    12    22     5       180  60   1.319E+03
* Gp# 1[1,2,3,6,5] x,y,z = 4.932, 34.72, 5.904, q = 1 dT[2, 5, 15, 16] Src Amplitude = 62.0
*           1417.5078780   1    15    28     8       180  62   2.731E+03
*           1417.5078800   2     8    24     9       188  61   2.991E+03
*           1417.5078825   3     9    26     7       199  61   1.971E+03
*           1417.5078925   6    30    24     6       224  58   1.304E+03
*           1417.5078940   5     1    18     4       180  57 854.433E+00
* Gp# 1[1,3,2,5,6] x,y,z = -1.77, 40.24, 3.272, q = 1 dT[2, 2, 11, 13] Src Amplitude = 64.0
*           1417.6044280   1    12    29     9       178  64   4.133E+03
*           1417.6044295   3     6    29     9       220  63   3.059E+03
*           1417.6044300   2     9    28    12       222  63   4.621E+03
*           1417.6044390   5    23    24     5       188  60   1.350E+03
*           1417.6044405   6    33    26     8       227  61   2.009E+03
* Gp# 1[1,3,2,6,5] x,y,z = 6.015, 25.75, 3.682, q = 0.8098 dT[2, 2, 13, 25] Src Amplitude = 62.0
*           1417.7004920   1    12    26     7       174  62   2.688E+03
*           1417.7004935   3    13    25     7       203  62   1.991E+03
*           1417.7004940   2     9    22     8       182  61   2.804E+03
*           1417.7005045   6    33    23     6       217  59   1.286E+03
*           1417.7005170   5     9    17     4       174  58 842.413E+00
* Gp# 1[1,3,2,5,6] x,y,z = -1.77, 40.24, 3.272, q = 1 dT[2, 2, 11, 13] Src Amplitude = 64.0
*           1417.7962850   1    12    30    10       225  64   4.184E+03
*           1417.7962865   3     6    29     9       220  63   3.054E+03
*           1417.7962870   2    33    26    12       222  63   4.601E+03
*           1417.7962960   5    23    23     5       191  60   1.373E+03
*           1417.7962975   6    33    26     8       227  61   2.011E+03
* Gp# 1[1,3,2,6,5] x,y,z = 4.47, 20.29, 3.188, q = 0.8938 dT[2, 2, 16, 25] Src Amplitude = 62.0
*           1420.1682750   1    12    26     7       158  62   2.645E+03
*           1420.1682765   3    13    25     7       203  61   1.972E+03
*           1420.1682770   2     9    22     8       182  61   2.949E+03
*           1420.1682905   6    30    21     5       172  59   1.223E+03
*           1420.1683000   5     9    18     4       174  58 850.314E+00
* Gp# 1[1,3,2,5,6] x,y,z = -1.77, 40.24, 3.272, q = 1 dT[2, 2, 11, 13] Src Amplitude = 64.0
*           1420.2643000   1    12    30    10       225  64   4.188E+03
*           1420.2643015   3     6    28     9       220  63   3.042E+03
*           1420.2643020   2     9    26    12       222  63   4.725E+03
*           1420.2643110   5    23    24     5       191  60   1.381E+03
*           1420.2643125   6    33    25     8       227  61   2.017E+03
* Gp# 1[1,3,2,6,5] x,y,z = 6.015, 25.75, 3.682, q = 0.8098 dT[2, 2, 13, 25] Src Amplitude = 62.0
*           1420.3601430   1    12    27     7       175  62   2.694E+03
*           1420.3601445   3     6    26     7       200  61   1.953E+03
*           1420.3601450   2     9    22     9       186  62   2.999E+03
*           1420.3601555   6    33    22     6       224  59   1.303E+03
*           1420.3601680   5    12    18     4       166  57 845.191E+00
* Gp# 1[1,2,3,6,5] x,y,z = 2.914, 34.75, 4.757, q = 1 dT[2, 4, 15, 16] Src Amplitude = 64.0
*           1420.4562120   1    15    32    10       180  64   4.173E+03
*           1420.4562140   2     8    26    11       188  62   4.571E+03
*           1420.4562155   3    10    31     8       204  63   3.005E+03
*           1420.4562265   6    37    27     7       224  60   1.998E+03
*           1420.4562280   5     1    22     5       183  59   1.337E+03
* Gp# 1[1,3,2,6,5] x,y,z = 2.69, 25.48, 3.051, q = 0.9371 dT[2, 2, 16, 22] Src Amplitude = 62.0
*           1420.5519760   1    12    27     7       174  62   2.696E+03
*           1420.5519775   3    13    25     7       203  62   1.972E+03
*           1420.5519780   2     1    22     9       182  61   3.087E+03
*           1420.5519915   6    30    21     6       214  59   1.273E+03
*           1420.5519980   5    12    19     4       177  58 885.671E+00
* Gp# 1[2,1,3,5,6] x,y,z = 2.083, 35.21, -0.3765, q = 0.9148 dT[1, 3, 12, 17] Src Amplitude = 63.0
*           1420.6476930   2    12    26    11       189  63   4.688E+03
*           1420.6476940   1    12    31    10       225  64   4.189E+03
*           1420.6476955   3     6    30     9       220  63   3.029E+03
*           1420.6477050   5    23    23     6       191  60   1.387E+03
*           1420.6477095   6    30    24     7       224  61   2.000E+03
* Gp# 1[1,3,2,6,5] x,y,z = -0.9936, 36.06, 7.133, q = 1 dT[4, 5, 15, 16] Src Amplitude = 62.0
*           1420.7443120   1    15    28     8       180  62   2.752E+03
*           1420.7443155   3    10    25     6       194  61   1.924E+03
*           1420.7443170   2     5    22     9       185  61   3.074E+03
*           1420.7443265   6    37    23     6       221  58   1.305E+03
*           1420.7443280   5     1    19     4       186  58 894.528E+00
* Gp# 1[1,3,2,5,6] x,y,z = -1.77, 40.24, 3.272, q = 1 dT[2, 2, 11, 13] Src Amplitude = 64.0
*           1420.8403640   1    12    31    10       225  64   4.193E+03
*           1420.8403655   3    10    30     9       220  63   3.032E+03
*           1420.8403660   2     9    26    11       186  63   4.451E+03
*           1420.8403750   5    26    24     5       191  60   1.385E+03
*           1420.8403765   6    33    25     8       224  61   2.015E+03
* Gp# 1[1,3,2,6,5] x,y,z = 6.739, 23.72, 3.634, q = 0.7949 dT[2, 2, 13, 26] Src Amplitude = 61.0
*           1423.2215330   1     9    28     7       178  61   2.712E+03
*           1423.2215345   3    10    25     7       200  61   1.942E+03
*           1423.2215350   2     9    21     9       186  61   3.097E+03
*           1423.2215455   6    33    22     6       224  59   1.305E+03
*           1423.2215590   5     2    19     4       168  58 852.152E+00
* Gp# 1[1,3,2,5,6] x,y,z = -1.77, 40.24, 3.272, q = 1 dT[2, 2, 11, 13] Src Amplitude = 64.0
*           1423.3174080   1    12    33     9       181  64   4.160E+03
*           1423.3174095   3     6    30     8       203  64   3.000E+03
*           1423.3174100   2     9    26    12       222  63   4.913E+03
*           1423.3174190   5    23    25     5       180  60   1.356E+03
*           1423.3174205   6    33    25     7       224  61   2.002E+03
* Gp# 1[1,2,3,6,5] x,y,z = 12.13, 17.25, 6.708, q = 0.8355 dT[2, 4, 15, 28] Src Amplitude = 62.0
*           1423.4142250   1     8    29     8       180  62   2.748E+03
*           1423.4142270   2     8    25     9       185  61   3.112E+03
*           1423.4142285   3    10    26     7       200  61   1.949E+03
*           1423.4142395   6    30    23     6       221  58   1.309E+03
*           1423.4142530   5     1    19     4       174  58 881.867E+00
* Gp# 1[1,2,3,6,5] x,y,z = 2.914, 34.75, 4.757, q = 1 dT[2, 4, 15, 16] Src Amplitude = 63.0
*           1423.5100640   1     8    32    10       183  63   4.204E+03
*           1423.5100660   2     8    26    12       211  63   5.065E+03
*           1423.5100675   3    10    29     8       197  63   2.949E+03
*           1423.5100785   6    33    27     7       224  60   2.013E+03
*           1423.5100800   5    14    26     5       183  60   1.368E+03
* Gp# 1[1,3,2,6,5] x,y,z = 6.015, 25.75, 3.682, q = 0.8098 dT[2, 2, 13, 25] Src Amplitude = 62.0
*           1423.6061640   1    12    28     7       178  62   2.712E+03
*           1423.6061655   3     6    25     7       200  61   1.933E+03
*           1423.6061660   2     9    24     9       186  61   3.145E+03
*           1423.6061765   6    33    23     6       224  59   1.316E+03
*           1423.6061890   5     9    20     4       166  58 854.567E+00
* Gp# 1[1,2,3,6,5] x,y,z = 2.914, 34.75, 4.757, q = 1 dT[2, 4, 15, 16] Src Amplitude = 64.0
*           1423.7019800   1    15    32    10       231  64   4.270E+03
*           1423.7019820   2     8    26    11       188  63   4.794E+03
*           1423.7019835   3    10    30     8       204  63   2.975E+03
*           1423.7019945   6    37    27     7       224  60   2.018E+03
*           1423.7019960   5     1    24     5       186  59   1.375E+03
* Gp# 1[1,3,2,6,5] x,y,z = 4.47, 20.29, 3.188, q = 0.8938 dT[2, 2, 16, 25] Src Amplitude = 62.0
*           1423.7976510   1    12    28     8       222  62   2.741E+03
*           1423.7976525   3    13    24     7       200  62   1.955E+03
*           1423.7976530   2     1    22    10       225  61   3.232E+03
*           1423.7976665   6    30    22     6       218  59   1.293E+03
*           1423.7976760   5     9    20     3       116  58 811.957E+00
* Gp# 1[1,3,2,6,5] x,y,z = 4.871, 29.83, 3.534, q = 0.8588 dT[2, 2, 13, 22] Src Amplitude = 64.0
*           1423.8934500   1    12    34    10       225  64   4.210E+03
*           1423.8934515   3     6    29     9       220  63   2.999E+03
*           1423.8934520   2     9    27    12       219  63   4.803E+03
*           1423.8934625   6    33    25     7       224  61   2.020E+03
*           1423.8934720   5    15    23     5       180  60   1.380E+03
* Gp# 1[1,3,2,6,5] x,y,z = 6.015, 25.75, 3.682, q = 0.8098 dT[2, 2, 13, 25] Src Amplitude = 62.0
*           1426.2494840   1    12    27     7       178  62   2.713E+03
*           1426.2494855   3    13    24     6       200  61   1.921E+03
*           1426.2494860   2     9    21     9       183  61   3.085E+03
*           1426.2494965   6    33    22     6       224  59   1.324E+03
*           1426.2495090   5     9    20     4       166  58 860.979E+00
* Gp# 1[1,2,3,6] x,y,z = 1.994, 35.88, 4.99, q = 1 dT[2, 4, 15] Src Amplitude = 64.0
*           1426.3455450   1     8    33    10       231  64   4.267E+03
*           1426.3455470   2     8    27    12       222  63   5.042E+03
*           1426.3455485   3    10    29     8       204  63   2.943E+03
*           1426.3455595   6    30    26     7       228  60   1.988E+03
* Gp# 1[1,3,2,6,5] x,y,z = 4.47, 20.29, 3.188, q = 0.8938 dT[2, 2, 16, 25] Src Amplitude = 62.0
*           1426.4413500   1    12    28     7       178  62   2.723E+03
*           1426.4413515   3    13    23     6       200  61   1.923E+03
*           1426.4413520   2    33    24     9       186  62   3.290E+03
*           1426.4413655   6    30    22     6       221  59   1.301E+03
*           1426.4413750   5     9    21     4       166  58 868.342E+00
* Gp# 1[1,3,2,5,6] x,y,z = -1.77, 40.24, 3.272, q = 1 dT[2, 2, 11, 13] Src Amplitude = 63.0
*           1426.5372090   1     9    33    10       229  63   4.223E+03
*           1426.5372105   3    10    29     8       200  63   2.952E+03
*           1426.5372110   2     9    27    11       193  63   4.768E+03
*           1426.5372200   5    26    26     5       189  60   1.413E+03
*           1426.5372215   6    33    27     7       224  61   2.021E+03
* Gp# 1[1,3,2,6,5] x,y,z = 6.739, 23.72, 3.634, q = 0.7949 dT[2, 2, 13, 26] Src Amplitude = 62.0
*           1426.6330510   1     9    30     8       229  62   2.766E+03
*           1426.6330525   3    10    25     6       197  61   1.885E+03
*           1426.6330530   2     6    21     9       183  61   3.152E+03
*           1426.6330635   6    30    22     6       221  59   1.307E+03
*           1426.6330770   5     2    19     4       171  58 867.655E+00
* Gp# 1[1,3,2,6,5] x,y,z = 6.015, 25.75, 3.682, q = 0.8098 dT[2, 2, 13, 25] Src Amplitude = 64.0
*           1426.7290840   1    12    33    10       225  64   4.215E+03
*           1426.7290855   3     6    28     8       220  63   2.962E+03
*           1426.7290860   2     9    26    11       193  63   4.874E+03
*           1426.7290965   6    33    25     7       224  61   2.029E+03
*           1426.7291090   5     9    24     5       177  60   1.361E+03
* Gp# 1[1,3,2,5,6] x,y,z = -1.77, 40.24, 3.272, q = 1 dT[2, 2, 11, 13] Src Amplitude = 62.0
*           1426.8248280   1     9    29     7       178  62   2.713E+03
*           1426.8248295   3     6    24     6       197  61   1.913E+03
*           1426.8248300   2     9    22     9       186  61   3.186E+03
*           1426.8248390   5    26    23     4       183  58 914.249E+00
*           1426.8248405   6    33    24     6       224  59   1.323E+03
* Gp# 1[1,3,2,5,6] x,y,z = -2.156, 35.49, 3.063, q = 1 dT[2, 2, 13, 16] Src Amplitude = 64.0
*           1426.9213880   1    12    33    10       228  64   4.223E+03
*           1426.9213895   3     6    28     8       220  63   2.954E+03
*           1426.9213900   2    33    27    11       186  63   4.974E+03
*           1426.9214010   5    21    23     6       195  60   1.432E+03
*           1426.9214035   6    30    24     7       221  61   2.016E+03
* Gp# 1[3,2,1,5,6] x,y,z = -15.01, 41.12, -15.03, q = 1 dT[10, 12, 17, 20] Src Amplitude = 57.0
*           1427.8838625   3     2     5     1        68  57 200.689E+00
*           1427.8838720   2     2     7     2        70  56 448.168E+00
*           1427.8838740   1     2     6     0        21  54 101.752E+00
*           1427.8838790   5     3     5     0         4  48  27.763E+00
*           1427.8838825   6     1     8     0        24  56 205.590E+00
* Gp# 1[1,3,2,5,6] x,y,z = -1.77, 40.24, 3.272, q = 1 dT[2, 2, 11, 13] Src Amplitude = 62.0
*           1429.3166460   1     9    29     8       226  62   2.767E+03
*           1429.3166475   3     6    23     6       194  62   1.889E+03
*           1429.3166480   2     9    23     9       186  61   3.069E+03
*           1429.3166570   5    26    22     4       183  58 925.287E+00
*           1429.3166585   6    33    23     6       221  59   1.320E+03
* Gp# 1[1,3,2,6,5] x,y,z = 2.69, 25.48, 3.051, q = 0.9371 dT[2, 2, 16, 22] Src Amplitude = 64.0
*           1429.4127320   1    12    34    10       228  64   4.228E+03
*           1429.4127335   3    13    28     8       220  63   2.931E+03
*           1429.4127340   2     9    28    12       196  63   4.991E+03
*           1429.4127475   6    30    24     7       221  61   2.028E+03
*           1429.4127540   5    12    25     5       175  60   1.391E+03
* Gp# 1[1,3,2,6,5] x,y,z = 6.739, 23.72, 3.634, q = 0.7949 dT[2, 2, 13, 26] Src Amplitude = 61.0
*           1429.5084560   1     9    30     8       229  61   2.778E+03
*           1429.5084575   3    10    24     6       201  61   1.914E+03
*           1429.5084580   2     9    24     9       186  61   3.195E+03
*           1429.5084685   6    30    23     6       228  59   1.338E+03
*           1429.5084820   5     2    20     4       174  58 909.560E+00
* Gp# 1[2,1,3,5,6] x,y,z = 2.633, 33.45, -0.0833, q = 0.969 dT[1, 3, 14, 17] Src Amplitude = 63.0
*           1429.6042550   2    36    28    12       196  63   5.216E+03
*           1429.6042560   1    12    33    10       228  64   4.236E+03
*           1429.6042575   3    13    29     8       220  63   2.930E+03
*           1429.6042690   5    21    25     6       189  60   1.452E+03
*           1429.6042715   6    30    25     7       221  61   2.021E+03
* Gp# 1[1,3,2,6,5] x,y,z = 7.329, 27.33, 3.981, q = 0.7776 dT[2, 2, 12, 25] Src Amplitude = 62.0
*           1429.7000980   1    12    28     8       225  62   2.756E+03
*           1429.7000995   3     9    25     6       200  61   1.909E+03
*           1429.7001000   2     2    22     9       176  61   3.145E+03
*           1429.7001095   6     1    23     6       225  59   1.349E+03
*           1429.7001230   5     9    21     4       163  58 885.147E+00
* Gp# 1[1,3,2,6,5] x,y,z = 4.871, 29.83, 3.534, q = 0.8588 dT[2, 2, 13, 22] Src Amplitude = 64.0
*           1429.7959510   1    12    33    10       229  64   4.232E+03
*           1429.7959525   3     6    28     8       220  63   2.925E+03
*           1429.7959530   2     9    25    11       193  63   4.973E+03
*           1429.7959635   6    33    25     7       224  61   2.042E+03
*           1429.7959730   5    15    26     5       175  60   1.409E+03
* Gp# 1[1,3,2,6,5] x,y,z = 4.47, 20.29, 3.188, q = 0.8938 dT[2, 2, 16, 25] Src Amplitude = 62.0
*           1429.8920150   1    12    29     7       178  62   2.715E+03
*           1429.8920165   3    13    24     6       194  61   1.878E+03
*           1429.8920170   2     9    24     9       193  62   3.277E+03
*           1429.8920305   6    30    22     6       218  60   1.315E+03
*           1429.8920400   5     9    22     4       169  58 899.444E+00
* Gp# 1[1,3,2,6,5] x,y,z = 0.3646, 37.52, 3.152, q = 1 dT[2, 2, 13, 14] Src Amplitude = 63.0
*           1429.9885400   1     9    34    10       232  63   4.252E+03
*           1429.9885415   3    10    28     8       204  63   2.909E+03
*           1429.9885420   2     9    27    12       223  63   5.028E+03
*           1429.9885525   6    33    25     8       228  61   2.049E+03
*           1429.9885540   5    14    27     6       189  60   1.447E+03
* Gp# 1[6,5,1,3] x,y,z = 10.86, 83.25, 13.88, q = 1 dT[9, 19, 23] Src Amplitude = 52.0
*           1431.0500155   6     2     8     0        36  52 143.933E+00
*           1431.0500240   5     2    11     2       107  54 412.068E+00
*           1431.0500340   1     4     8     1        85  51 205.475E+00
*           1431.0500385   3     1     6     1        63  53 193.940E+00
* Gp# 1[1,3,2,6,5] x,y,z = 4.47, 20.29, 3.188, q = 0.8938 dT[2, 2, 16, 25] Src Amplitude = 62.0
*           1432.4238100   1    12    29     7       178  62   2.690E+03
*           1432.4238115   3    13    23     6       194  62   1.851E+03
*           1432.4238120   2     9    23     9       189  62   3.522E+03
*           1432.4238255   6    30    23     6       218  60   1.321E+03
*           1432.4238350   5     9    22     4       169  58 908.725E+00
* Gp# 1[1,3,2,5,6] x,y,z = -1.77, 40.24, 3.272, q = 1 dT[2, 2, 11, 13] Src Amplitude = 64.0
*           1432.5195640   1    12    33    10       232  64   4.218E+03
*           1432.5195655   3     6    27     8       237  63   2.897E+03
*           1432.5195660   2     1    27    12       194  63   5.122E+03
*           1432.5195750   5    26    28     6       192  60   1.506E+03
*           1432.5195765   6    33    26     8       228  61   2.058E+03
* Gp# 1[1,3,2,5,6] x,y,z = -1.77, 40.24, 3.272, q = 1 dT[2, 2, 11, 13] Src Amplitude = 62.0
*           1432.6156520   1    12    29     8       229  62   2.781E+03
*           1432.6156535   3     6    23     6       194  61   1.857E+03
*           1432.6156540   2     9    22     9       186  62   3.284E+03
*           1432.6156630   5    26    23     5       189  58 982.466E+00
*           1432.6156645   6    33    23     6       221  60   1.332E+03
* Gp# 1[2,1,3,6,5] x,y,z = 5.37, 23.55, 1.587, q = 0.9579 dT[1, 3, 17, 23] Src Amplitude = 63.0
*           1432.7113510   2    36    27    12       196  63   5.154E+03
*           1432.7113520   1    12    32    10       229  64   4.228E+03
*           1432.7113535   3    13    28     8       220  63   2.900E+03
*           1432.7113675   6    30    25     7       225  61   2.053E+03
*           1432.7113740   5    15    27     6       178  60   1.449E+03
* Gp# 1[1,3,2,6,5] x,y,z = 4.47, 20.29, 3.188, q = 0.8938 dT[2, 2, 16, 25] Src Amplitude = 62.0
*           1432.8071200   1    12    29     7       178  62   2.697E+03
*           1432.8071215   3    13    23     6       194  62   1.859E+03
*           1432.8071220   2     1    23     9       193  61   3.359E+03
*           1432.8071355   6    30    22     6       218  60   1.324E+03
*           1432.8071450   5     9    21     4       169  58 907.805E+00
* Gp# 1[1,2,3,6,5] x,y,z = 2.914, 34.75, 4.757, q = 1 dT[2, 4, 15, 16] Src Amplitude = 64.0
*           1432.9029450   1    15    34    11       231  64   4.291E+03
*           1432.9029470   2     8    30    13       225  62   5.376E+03
*           1432.9029485   3    10    30     8       201  63   2.888E+03
*           1432.9029595   6     1    26     7       225  61   2.068E+03
*           1432.9029610   5    21    26     6       189  60   1.480E+03
* Gp# 1[1,3,2,6,5] x,y,z = 2.874, 19.13, 2.105, q = 0.8905 dT[1, 2, 16, 25] Src Amplitude = 62.0
*           1432.9995990   1    12    28     7       158  62   2.646E+03
*           1432.9995995   3    14    22     6       195  61   1.862E+03
*           1432.9996010   2     2    20     9       186  61   3.269E+03
*           1432.9996145   6    30    24     6       221  60   1.333E+03
*           1432.9996240   5     9    21     4       166  58 904.550E+00
* Gp# 1[1,2,3,6,5] x,y,z = 2.914, 34.75, 4.757, q = 1 dT[2, 4, 15, 16] Src Amplitude = 64.0
*           1433.0956660   1     8    33    10       234  64   4.289E+03
*           1433.0956680   2     8    28    13       225  63   5.519E+03
*           1433.0956695   3    10    29     8       201  63   2.881E+03
*           1433.0956805   6    37    26     7       225  61   2.073E+03
*           1433.0956820   5     1    27     6       195  59   1.500E+03
* Gp# 1[1,3,2,6,5] x,y,z = -0.9936, 36.06, 7.133, q = 1 dT[4, 5, 15, 16] Src Amplitude = 62.0
*           1435.5228440   1    15    29     7       161  62   2.685E+03
*           1435.5228475   3    10    23     6       195  61   1.844E+03
*           1435.5228490   2     2    23    10       193  62   3.586E+03
*           1435.5228585   6     1    24     6       222  60   1.353E+03
*           1435.5228600   5    21    24     4       178  58 967.419E+00
* Gp# 1[1,3,2,5,6] x,y,z = -3.639, 37.65, 3.359, q = 0.9495 dT[2, 2, 11, 16] Src Amplitude = 64.0
*           1435.6185650   1    12    32    10       232  64   4.232E+03
*           1435.6185665   3    13    27     8       237  63   2.901E+03
*           1435.6185670   2     9    27    12       187  63   5.166E+03
*           1435.6185760   5    26    27     6       189  60   1.514E+03
*           1435.6185805   6    30    26     7       225  62   2.077E+03
* Gp# 1[1,3,2,5,6] x,y,z = -1.77, 40.24, 3.272, q = 1 dT[2, 2, 11, 13] Src Amplitude = 62.0
*           1435.7144260   1    12    30     8       232  62   2.785E+03
*           1435.7144275   3     6    22     6       188  62   1.844E+03
*           1435.7144280   2     1    27    11       220  62   3.642E+03
*           1435.7144370   5    26    24     5       189  58 995.122E+00
*           1435.7144385   6    33    22     6       225  59   1.362E+03
* Gp# 1[1,3,2,6,5] x,y,z = -0.9936, 36.06, 7.133, q = 1 dT[4, 5, 15, 16] Src Amplitude = 64.0
*           1435.8102600   1    15    33    11       232  64   4.295E+03
*           1435.8102635   3    14    26     8       238  63   2.927E+03
*           1435.8102650   2     5    27    12       193  63   5.338E+03
*           1435.8102745   6    34    27     8       229  61   2.109E+03
*           1435.8102760   5    21    26     6       201  60   1.525E+03
* Gp# 1[1,3,2,5,6] x,y,z = -1.77, 40.24, 3.272, q = 1 dT[2, 2, 11, 13] Src Amplitude = 62.0
*           1435.9063630   1    12    30     8       229  62   2.769E+03
*           1435.9063645   3     6    22     6       191  61   1.834E+03
*           1435.9063650   2     9    25    10       220  61   3.583E+03
*           1435.9063740   5    26    24     4       134  58 943.926E+00
*           1435.9063755   6    33    23     6       225  60   1.370E+03
* Gp# 1[1,3,2,5,6] x,y,z = -3.639, 37.65, 3.359, q = 0.9495 dT[2, 2, 11, 16] Src Amplitude = 64.0
*           1436.0021230   1    12    32    10       232  64   4.217E+03
*           1436.0021245   3     6    28     8       220  63   2.859E+03
*           1436.0021250   2     9    28    12       193  63   5.250E+03
*           1436.0021340   5    26    29     6       192  60   1.523E+03
*           1436.0021385   6    30    25     7       222  62   2.077E+03
* Gp# 1[1,2,3,6,5] x,y,z = 12.13, 17.25, 6.708, q = 0.8355 dT[2, 4, 15, 28] Src Amplitude = 62.0
*           1436.0978450   1    15    29     7       161  62   2.677E+03
*           1436.0978470   2     8    25    10       193  61   3.569E+03
*           1436.0978485   3    10    22     7       238  61   1.898E+03
*           1436.0978595   6    34    24     6       222  60   1.355E+03
*           1436.0978730   5     9    22     4       169  58 941.673E+00
* Gp# 1[1,3,2,6,5] x,y,z = 5.782, 38.79, 2.18, q = 0.7865 dT[1, 1, 8, 17] Src Amplitude = 52.0
*           1436.1287600   1    31    10     2       102  52 312.385E+00
*           1436.1287605   3     1     5     0         1  48   0.000E+00
*           1436.1287610   2    11     6     2        45  58 612.642E+00
*           1436.1287675   6    40     8     1        50  51 169.273E+00
*           1436.1287770   5     1     7     1        48  53 165.077E+00
* Gp# 1[1,2,3,5,6] x,y,z = 0.9933, 37.43, 4.76, q = 1 dT[2, 4, 13, 15] Src Amplitude = 63.0
*           1436.1944470   1    11    33    10       231  63   4.275E+03
*           1436.1944490   2    11    27    12       196  63   5.424E+03
*           1436.1944505   3    10    28     8       201  63   2.846E+03
*           1436.1944600   5     1    28     6       192  60   1.533E+03
*           1436.1944615   6    37    26     7       225  61   2.094E+03
* Gp# 1[1,3,2,5,6] x,y,z = -1.77, 40.24, 3.272, q = 1 dT[2, 2, 11, 13] Src Amplitude = 62.0
*           1438.6796550   1    12    30     8       229  62   2.742E+03
*           1438.6796565   3     6    22     6       195  61   1.844E+03
*           1438.6796570   2     9    25    10       190  61   3.623E+03
*           1438.6796660   5    17    23     4       178  58 994.904E+00
*           1438.6796675   6    30    23     6       225  59   1.395E+03
* Gp# 1[1,2,3,6,5] x,y,z = 2.914, 34.75, 4.757, q = 1 dT[2, 4, 15, 16] Src Amplitude = 64.0
*           1438.7764860   1    15    32    11       238  64   4.237E+03
*           1438.7764880   2     8    28    13       199  62   5.612E+03
*           1438.7764895   3    10    27     8       241  63   2.885E+03
*           1438.7765005   6    34    27     8       229  62   2.148E+03
*           1438.7765020   5    21    27     6       178  60   1.499E+03
* Gp# 1[1,2,3,6,5] x,y,z = 8.593, 22.89, 3.175, q = 0.8135 dT[1, 2, 13, 26] Src Amplitude = 62.0
*           1438.8723550   1     6    30     7       159  62   2.641E+03
*           1438.8723560   2    10    26    10       191  61   3.556E+03
*           1438.8723565   3    10    22     6       195  61   1.853E+03
*           1438.8723675   6     1    23     6       229  59   1.412E+03
*           1438.8723810   5     1    22     4       163  58 939.219E+00
* Gp# 1[1,3,2,5,6] x,y,z = -1.77, 40.24, 3.272, q = 1 dT[2, 2, 11, 13] Src Amplitude = 64.0
*           1438.9684530   1    12    33    10       232  64   4.190E+03
*           1438.9684545   3     6    28     8       217  63   2.855E+03
*           1438.9684550   2     9    28    12       194  63   5.295E+03
*           1438.9684640   5    26    27     6       192  60   1.551E+03
*           1438.9684655   6    33    27     8       225  61   2.144E+03
* Gp# 1[1,3,2,5,6] x,y,z = -1.77, 40.24, 3.272, q = 1 dT[2, 2, 11, 13] Src Amplitude = 62.0
*           1439.0642010   1    12    30     8       229  62   2.728E+03
*           1439.0642025   3     6    22     6       195  62   1.839E+03
*           1439.0642030   2     9    25    10       190  62   3.486E+03
*           1439.0642120   5    17    25     4       178  58 996.943E+00
*           1439.0642135   6    30    23     6       222  60   1.392E+03
* Gp# 1[1,2,3,6,5] x,y,z = 2.914, 34.75, 4.757, q = 1 dT[2, 4, 15, 16] Src Amplitude = 64.0
*           1439.1599380   1    15    32    10       235  64   4.254E+03
*           1439.1599400   2     8    29    13       223  63   5.772E+03
*           1439.1599415   3    10    29     8       241  63   2.907E+03
*           1439.1599525   6    34    29     8       229  62   2.161E+03
*           1439.1599540   5    21    27     6       204  60   1.580E+03
* Gp# 1[1,2,3,6,5] x,y,z = 12.13, 17.25, 6.708, q = 0.8355 dT[2, 4, 15, 28] Src Amplitude = 62.0
*           1439.2557160   1    12    30     8       229  62   2.766E+03
*           1439.2557180   2     8    26    10       199  61   3.599E+03
*           1439.2557195   3    10    22     7       238  61   1.892E+03
*           1439.2557305   6     1    24     6       226  60   1.407E+03
*           1439.2557440   5     1    22     5       192  58   1.002E+03
* Gp# 1[1,2,3,6,5] x,y,z = 2.914, 34.75, 4.757, q = 1 dT[2, 4, 15, 16] Src Amplitude = 64.0
*           1439.3515870   1    15    33    10       235  64   4.241E+03
*           1439.3515890   2     8    28    13       226  63   5.623E+03
*           1439.3515905   3    10    29     8       241  63   2.900E+03
*           1439.3516015   6     1    29     8       229  61   2.164E+03
*           1439.3516030   5    21    27     6       201  60   1.548E+03
* Gp# 1[1,3,2,5,6] x,y,z = -1.77, 40.24, 3.272, q = 1 dT[2, 2, 11, 13] Src Amplitude = 62.0
*           1441.8345640   1    12    29     7       161  62   2.616E+03
*           1441.8345655   3     6    23     6       168  61   1.813E+03
*           1441.8345660   2     9    25    10       197  61   3.724E+03
*           1441.8345750   5    17    23     4       131  58 992.005E+00
*           1441.8345765   6    33    23     6       229  60   1.444E+03
* Gp# 1[1,2,3,5,6] x,y,z = 0.9933, 37.43, 4.76, q = 1 dT[2, 4, 13, 15] Src Amplitude = 64.0
*           1441.9304110   1    12    32    10       241  64   4.210E+03
*           1441.9304130   2     8    29    13       196  63   5.540E+03
*           1441.9304145   3    10    28     8       241  63   2.939E+03
*           1441.9304240   5    24    26     6       207  60   1.597E+03
*           1441.9304255   6     1    29     8       226  62   2.217E+03
* Gp# 1[1,3,2,5,6] x,y,z = -1.77, 40.24, 3.272, q = 1 dT[2, 2, 11, 13] Src Amplitude = 62.0
*           1442.0262590   1    12    29     8       229  62   2.705E+03
*           1442.0262605   3     6    22     6       188  61   1.825E+03
*           1442.0262610   2     9    25    10       194  62   3.815E+03
*           1442.0262700   5    26    22     4       131  58 981.503E+00
*           1442.0262715   6    33    24     6       229  60   1.458E+03
* Gp# 1[1,3,2,6,5] x,y,z = 1.616, 39.05, 7.691, q = 0.8935 dT[4, 5, 12, 16] Src Amplitude = 64.0
*           1442.1223720   1    15    32    10       235  64   4.206E+03
*           1442.1223755   3    14    30     8       221  63   2.911E+03
*           1442.1223770   2     5    28    13       197  62   5.513E+03
*           1442.1223835   6    37    30     8       233  62   2.241E+03
*           1442.1223880   5    24    26     6       190  60   1.573E+03
* Gp# 1[1,3,2,6,5] x,y,z = 0.4177, 39.36, 3.251, q = 1 dT[2, 2, 12, 13] Src Amplitude = 62.0
*           1442.2181050   1    12    26     8       232  62   2.702E+03
*           1442.2181065   3    13    22     6       217  61   1.893E+03
*           1442.2181070   2     5    26    10       190  61   3.650E+03
*           1442.2181165   6    34    24     6       226  60   1.439E+03
*           1442.2181180   5    21    22     4       135  58 991.606E+00
* Gp# 1[1,3,2,6,5] x,y,z = 0.4228, 35.64, 6.368, q = 1 dT[4, 4, 15, 16] Src Amplitude = 63.0
*           1442.3149700   1     8    33    10       235  63   4.192E+03
*           1442.3149735   3    10    29     9       244  63   2.936E+03
*           1442.3149740   2     9    30    14       279  63   5.881E+03
*           1442.3149845   6    37    29     8       229  62   2.225E+03
*           1442.3149860   5     1    25     6       201  60   1.590E+03
* Gp# 1[2,1,3,6,5] x,y,z = 6.851, 18.61, 2.666, q = 0.919 dT[1, 3, 17, 26] Src Amplitude = 61.0
*           1442.4118570   2    36    26    10       197  61   3.781E+03
*           1442.4118580   1    12    28     8       229  62   2.684E+03
*           1442.4118595   3    13    23     6       184  61   1.834E+03
*           1442.4118735   6    30    23     6       222  60   1.421E+03
*           1442.4118830   5    12    22     4       123  58 974.167E+00
* Gp# 1[1,2,3,5,6] x,y,z = 0.9146, 39.26, 1.374, q = 1 dT[0, 2, 11, 13] Src Amplitude = 63.0
*           1442.5075760   1     9    32    10       233  63   4.117E+03
*           1442.5075760   2    11    30    14       275  64   5.977E+03
*           1442.5075775   3    10    30     9       244  63   2.941E+03
*           1442.5075870   5    21    26     6       204  60   1.610E+03
*           1442.5075885   6    37    28     8       229  62   2.226E+03
* Gp# 1[1,3,2,6,5] x,y,z = 6.739, 23.72, 3.634, q = 0.7949 dT[2, 2, 13, 26] Src Amplitude = 62.0
*           1444.9795090   1     6    27     8       233  62   2.659E+03
*           1444.9795105   3    10    25     7       221  61   1.923E+03
*           1444.9795110   2     6    28    10       194  61   3.642E+03
*           1444.9795215   6     1    26     6       226  60   1.489E+03
*           1444.9795350   5     1    21     4       123  58 966.743E+00
* Gp# 1[1,2,3,6,5] x,y,z = 5.307, 37.49, 5.233, q = 0.9591 dT[2, 4, 12, 16] Src Amplitude = 64.0
*           1445.0774580   1    15    32    10       235  64   4.138E+03
*           1445.0774600   2    36    30    14       276  63   5.947E+03
*           1445.0774615   3    14    30     9       245  63   2.999E+03
*           1445.0774695   6    37    30     8       233  62   2.313E+03
*           1445.0774740   5    24    23     6       202  61   1.618E+03
* Gp# 1[1,3,2,6,5] x,y,z = 0.4729, 36.61, 8.112, q = 1 dT[5, 5, 15, 16] Src Amplitude = 62.0
*           1445.1731850   1    15    27     8       232  62   2.682E+03
*           1445.1731895   3     9    23     6       217  61   1.925E+03
*           1445.1731900   2     5    26    10       190  60   3.684E+03
*           1445.1731995   6    34    27     6       227  60   1.489E+03
*           1445.1732010   5    21    22     4       129  58 997.672E+00
* Gp# 1[1,3,2,5,6] x,y,z = -1.77, 40.24, 3.272, q = 1 dT[2, 2, 11, 13] Src Amplitude = 64.0
*           1445.2690410   1    12    32    10       239  64   4.097E+03
*           1445.2690425   3     6    28     9       251  63   2.998E+03
*           1445.2690430   2     9    32    15       276  63   5.933E+03
*           1445.2690520   5    17    26     6       207  60   1.622E+03
*           1445.2690535   6    33    30     8       226  61   2.299E+03
* Gp# 1[1,3,2,6,5] x,y,z = 4.47, 20.29, 3.188, q = 0.8938 dT[2, 2, 16, 25] Src Amplitude = 62.0
*           1445.3648830   1    12    27     7       158  62   2.574E+03
*           1445.3648845   3    13    25     7       241  62   1.954E+03
*           1445.3648850   2     1    27    10       194  62   3.858E+03
*           1445.3648985   6    30    26     6       223  60   1.475E+03
*           1445.3649080   5    12    21     5       193  58   1.027E+03
* Gp# 1[1,3,2,5,6] x,y,z = -1.77, 40.24, 3.272, q = 1 dT[2, 2, 11, 13] Src Amplitude = 64.0
*           1445.4609770   1    12    31    10       239  64   4.080E+03
*           1445.4609785   3     6    29     9       251  63   3.000E+03
*           1445.4609790   2     9    32    13       197  63   5.598E+03
*           1445.4609880   5    21    25     5       138  60   1.575E+03
*           1445.4609895   6    37    31     8       226  62   2.299E+03
* Gp# 1[1,2,3,6,5] x,y,z = 7.821, 17.02, 6.368, q = 0.9644 dT[2, 5, 19, 25] Src Amplitude = 62.0
*           1445.5567410   1    15    28     8       232  62   2.681E+03
*           1445.5567430   2     5    27    10       193  61   3.665E+03
*           1445.5567455   3    13    22     6       168  61   1.855E+03
*           1445.5567595   6    30    24     6       226  60   1.502E+03
*           1445.5567660   5    12    21     4       120  58 983.593E+00
* Gp# 1[1,2,3,6,5] x,y,z = 4.089, 38.06, 6.035, q = 0.9426 dT[3, 4, 12, 16] Src Amplitude = 64.0
*           1445.6524590   1    15    31    10       235  64   4.115E+03
*           1445.6524620   2    35    30    13       226  63   5.690E+03
*           1445.6524625   3    14    30     9       245  63   3.011E+03
*           1445.6524705   6    37    31     8       233  62   2.338E+03
*           1445.6524750   5    24    23     5       133  60   1.529E+03
* Gp# 1[1,2,3,6,5] x,y,z = 1.631, 36.99, 2.25, q = 1 dT[1, 2, 13, 14] Src Amplitude = 62.0
*           1448.1384170   1     9    26     7       230  62   2.616E+03
*           1448.1384180   2    10    27    10       192  61   3.727E+03
*           1448.1384185   3    10    24     7       245  61   2.011E+03
*           1448.1384295   6     1    27     7       230  60   1.562E+03
*           1448.1384310   5     1    21     4       132  58   1.009E+03
* Gp# 1[1,3,2,6,5] x,y,z = 6.265, 12.99, 9.248, q = 0.8964 dT[5, 5, 19, 28] Src Amplitude = 64.0
*           1448.2352770   1    15    29    10       236  64   4.066E+03
*           1448.2352815   3    13    29     9       241  63   3.049E+03
*           1448.2352820   2     1    30    13       197  63   5.760E+03
*           1448.2352955   6    30    31     8       223  62   2.359E+03
*           1448.2353050   5    12    23     5       124  60   1.511E+03
* Gp# 1[1,3,2,5,6] x,y,z = -2.156, 35.49, 3.063, q = 1 dT[2, 2, 13, 16] Src Amplitude = 62.0
*           1448.3311100   1    12    24     7       158  62   2.548E+03
*           1448.3311115   3    13    24     7       241  61   2.008E+03
*           1448.3311120   2     2    28    10       194  61   3.679E+03
*           1448.3311230   5    24    21     4       136  58   1.019E+03
*           1448.3311255   6    30    27     6       223  60   1.548E+03
* Gp# 1[1,2,3,6,5] x,y,z = 5.307, 37.49, 5.233, q = 0.9591 dT[2, 4, 12, 16] Src Amplitude = 64.0
*           1448.4269670   1    15    30    10       230  64   4.037E+03
*           1448.4269690   2     8    30    15       282  63   6.012E+03
*           1448.4269705   3    14    31     9       242  63   3.091E+03
*           1448.4269785   6    37    31     8       230  62   2.405E+03
*           1448.4269830   5    24    23     6       202  61   1.612E+03
* Gp# 1[1,2,3,6,5] x,y,z = 1.72, 35.16, 5.53, q = 1 dT[3, 4, 15, 16] Src Amplitude = 62.0
*           1448.5230720   1    15    24     7       161  62   2.586E+03
*           1448.5230750   2     7    25    10       199  60   3.791E+03
*           1448.5230755   3    10    25     7       242  61   2.003E+03
*           1448.5230865   6    34    28     7       227  60   1.563E+03
*           1448.5230880   5    24    22     4       136  58   1.025E+03
* Gp# 1[1,3,2,5,6] x,y,z = -1.77, 40.24, 3.272, q = 1 dT[2, 2, 11, 13] Src Amplitude = 64.0
*           1448.6188160   1    12    29     9       236  64   3.996E+03
*           1448.6188175   3     6    31     9       245  63   3.064E+03
*           1448.6188180   2     9    31    13       194  63   5.708E+03
*           1448.6188270   5    17    24     6       138  60   1.588E+03
*           1448.6188285   6    37    30     8       230  62   2.413E+03
* Gp# 1[1,3,2,6,5] x,y,z = 4.47, 20.29, 3.188, q = 0.8938 dT[2, 2, 16, 25] Src Amplitude = 63.0
*           1448.7145600   1    12    24     7       158  63   2.535E+03
*           1448.7145615   3    13    24     7       241  62   2.009E+03
*           1448.7145620   2    33    26    10       194  61   3.696E+03
*           1448.7145755   6    30    28     6       223  60   1.536E+03
*           1448.7145850   5    12    21     4       124  58 994.036E+00
* Gp# 1[1,3,2,5,6] x,y,z = -1.837, 38.41, 6.617, q = 1 dT[4, 4, 13, 15] Src Amplitude = 63.0
*           1448.8103420   1    11    29    10       235  63   4.070E+03
*           1448.8103455   3    10    30     9       245  63   3.055E+03
*           1448.8103460   2     9    32    13       198  64   5.805E+03
*           1448.8103550   5    24    25     6       179  59   1.597E+03
*           1448.8103565   6    34    31     8       230  62   2.421E+03
* Gp# 1[2,3,1,6,5] x,y,z = 9.898, 43.36, -21.37, q = 0.8919 dT[5, 11, 13, 20] Src Amplitude = 71.0
*           1450.5224960   2     2    28    15       210  71   9.568E+03
*           1450.5225005   3    10    29     9       282  61   2.382E+03
*           1450.5225070   1    18    39    13       228  68   7.349E+03
*           1450.5225085   6    60    29     8       274  60   1.870E+03
*           1450.5225160   5    70    40    11       238  63   4.248E+03
* Gp# 1[1,3,2,5,6] x,y,z = -1.77, 40.24, 3.272, q = 1 dT[2, 2, 11, 13] Src Amplitude = 62.0
*           1451.3183020   1    12    22     7       230  62   2.584E+03
*           1451.3183035   3     6    24     7       218  61   2.020E+03
*           1451.3183040   2     9    27    10       194  62   3.688E+03
*           1451.3183130   5    17    22     4       135  58   1.038E+03
*           1451.3183145   6    37    29     7       227  60   1.628E+03
* Gp# 1[1,3,2,5,6] x,y,z = -1.77, 40.24, 3.272, q = 1 dT[2, 2, 11, 13] Src Amplitude = 63.0
*           1451.4141350   1     9    28    10       295  63   4.000E+03
*           1451.4141365   3    10    30     9       245  63   3.168E+03
*           1451.4141370   2     9    30    15       283  63   6.039E+03
*           1451.4141460   5    24    24     5       136  60   1.590E+03
*           1451.4141475   6    37    32     9       227  62   2.497E+03
* Gp# 1[2,1,3,6,5] x,y,z = 6.851, 18.61, 2.666, q = 0.919 dT[1, 3, 17, 26] Src Amplitude = 61.0
*           1451.5102660   2    36    26    11       200  61   3.839E+03
*           1451.5102670   1    12    22     6       155  62   2.466E+03
*           1451.5102685   3    13    22     7       218  62   2.024E+03
*           1451.5102825   6    30    28     7       224  60   1.608E+03
*           1451.5102920   5    12    20     4       124  59   1.020E+03
* Gp# 1[1,3,2,6,5] x,y,z = 6.015, 25.75, 3.682, q = 0.8098 dT[2, 2, 13, 25] Src Amplitude = 64.0
*           1451.6060150   1    12    28     9       239  64   3.986E+03
*           1451.6060165   3     6    30     9       245  63   3.182E+03
*           1451.6060170   2     2    31    12       194  63   5.386E+03
*           1451.6060275   6    33    32     9       230  62   2.521E+03
*           1451.6060400   5    12    22     5       124  60   1.528E+03
* Gp# 1[1,3,2,6,5] x,y,z = 4.47, 20.29, 3.188, q = 0.8938 dT[2, 2, 16, 25] Src Amplitude = 62.0
*           1451.7017740   1    12    22     7       230  62   2.580E+03
*           1451.7017755   3    13    23     7       218  62   2.046E+03
*           1451.7017760   2    33    25    10       194  61   3.648E+03
*           1451.7017895   6    27    28     7       224  60   1.622E+03
*           1451.7017990   5     3    20     4       121  58   1.010E+03
* Gp# 1[1,2,3,6,5] x,y,z = 2.914, 34.75, 4.757, q = 1 dT[2, 4, 15, 16] Src Amplitude = 64.0
*           1451.7975190   1    15    29    10       236  64   4.020E+03
*           1451.7975210   2    39    32    15       282  63   5.958E+03
*           1451.7975225   3    14    31     9       242  63   3.174E+03
*           1451.7975335   6    34    33     9       231  62   2.535E+03
*           1451.7975350   5    24    24     6       136  61   1.579E+03
* Gp# 1[1,3,2,5,6] x,y,z = -1.77, 40.24, 3.272, q = 1 dT[2, 2, 11, 13] Src Amplitude = 62.0
*           1451.8933830   1     9    23     6       159  62   2.521E+03
*           1451.8933845   3    10    24     7       242  62   2.076E+03
*           1451.8933850   2     9    27    10       192  61   3.657E+03
*           1451.8933940   5    24    22     4       136  58   1.054E+03
*           1451.8933955   6    34    27     7       227  60   1.639E+03
* Gp# 1[1,3,2,5,6] x,y,z = -1.77, 40.24, 3.272, q = 1 dT[2, 2, 11, 13] Src Amplitude = 64.0
*           1451.9892190   1    12    28     9       233  64   3.952E+03
*           1451.9892205   3     6    30     9       245  63   3.165E+03
*           1451.9892210   2    33    31    15       280  63   5.874E+03
*           1451.9892300   5    17    25     5       135  60   1.586E+03
*           1451.9892315   6    37    31     9       230  62   2.533E+03
* Gp# 1[1,3,2,5,6] x,y,z = -1.77, 40.24, 3.272, q = 1 dT[2, 2, 11, 13] Src Amplitude = 62.0
*           1454.5022180   1    12    21     6       127  62   2.462E+03
*           1454.5022195   3     6    25     7       215  61   2.079E+03
*           1454.5022200   2     9    28    10       198  62   3.717E+03
*           1454.5022290   5    17    22     4       139  58   1.053E+03
*           1454.5022305   6    37    28     7       227  60   1.694E+03
* Gp# 1[1,3,2,5,6] x,y,z = -2.156, 35.49, 3.063, q = 1 dT[2, 2, 13, 16] Src Amplitude = 64.0
*           1454.5982730   1    12    27     9       233  64   3.943E+03
*           1454.5982745   3    13    28     9       221  63   3.221E+03
*           1454.5982750   2    43    31    15       286  63   5.853E+03
*           1454.5982860   5    24    25     6       146  61   1.636E+03
*           1454.5982885   6    30    32     9       224  62   2.592E+03
* Gp# 1[1,3,2,6,5] x,y,z = 4.47, 20.29, 3.188, q = 0.8938 dT[2, 2, 16, 25] Src Amplitude = 62.0
*           1454.6940110   1    12    22     7       230  62   2.569E+03
*           1454.6940125   3     6    24     7       212  61   2.082E+03
*           1454.6940130   2     1    26    10       198  61   3.676E+03
*           1454.6940265   6    34    28     7       224  60   1.689E+03
*           1454.6940360   5     3    21     4       125  58   1.034E+03
* Gp# 1[1,2,3,6,5] x,y,z = 6.996, 37.9, 6.396, q = 1 dT[2, 5, 12, 16] Src Amplitude = 64.0
*           1454.7897500   1    15    28     9       236  64   4.015E+03
*           1454.7897520   2    36    34    15       283  63   5.978E+03
*           1454.7897545   3    13    28     9       221  63   3.226E+03
*           1454.7897615   6    37    33     9       231  62   2.635E+03
*           1454.7897660   5    24    24     6       136  61   1.609E+03
* Gp# 1[1,3,2,6,5] x,y,z = 4.47, 20.29, 3.188, q = 0.8938 dT[2, 2, 16, 25] Src Amplitude = 62.0
*           1454.8855550   1    12    21     6       123  62   2.432E+03
*           1454.8855565   3    13    24     7       218  62   2.089E+03
*           1454.8855570   2    33    25    10       194  61   3.558E+03
*           1454.8855705   6    30    29     7       224  60   1.700E+03
*           1454.8855800   5     3    20     4       121  58 997.560E+00
* Gp# 1[1,3,2,5,6] x,y,z = -1.77, 40.24, 3.272, q = 1 dT[2, 2, 11, 13] Src Amplitude = 64.0
*           1454.9814140   1    12    29     9       230  64   3.928E+03
*           1454.9814155   3     6    27     9       245  63   3.252E+03
*           1454.9814160   2     9    31    15       280  64   5.990E+03
*           1454.9814250   5    21    24     6       139  60   1.611E+03
*           1454.9814265   6    37    31     9       231  62   2.622E+03
* Gp# 1[1,3,2,6,5] x,y,z = 6.739, 23.72, 3.634, q = 0.7949 dT[2, 2, 13, 26] Src Amplitude = 62.0
*           1455.0772520   1     9    21     6       156  62   2.492E+03
*           1455.0772535   3    10    24     7       222  61   2.098E+03
*           1455.0772540   2     6    27    10       195  61   3.503E+03
*           1455.0772645   6    34    29     7       228  61   1.713E+03
*           1455.0772780   5    12    21     4       124  58   1.033E+03
* Gp# 1[1,3,2,6,5] x,y,z = -0.7859, 38.33, 3.052, q = 1 dT[2, 2, 13, 13] Src Amplitude = 64.0
*           1455.1732890   1    12    27     9       230  64   3.905E+03
*           1455.1732905   3    13    28     9       222  63   3.230E+03
*           1455.1732910   2    33    31    15       295  63   5.888E+03
*           1455.1733015   6    33    33     9       227  62   2.601E+03
*           1455.1733020   5    18    24     6       137  60   1.581E+03
* Gp# 1[1,2,3,6,5] x,y,z = 2.914, 34.75, 4.757, q = 1 dT[2, 4, 15, 16] Src Amplitude = 62.0
*           1457.6441190   1    15    19     6       126  62   2.489E+03
*           1457.6441210   2     8    27    10       200  61   3.734E+03
*           1457.6441225   3    10    24     7       219  61   2.170E+03
*           1457.6441335   6    34    29     7       225  61   1.760E+03
*           1457.6441350   5    24    21     4       133  59   1.035E+03
* Gp# 1[1,2,3,6,5] x,y,z = 1.72, 35.16, 5.53, q = 1 dT[3, 4, 15, 16] Src Amplitude = 64.0
*           1457.7409520   1    15    27     9       211  64   3.979E+03
*           1457.7409550   2    35    31    14       279  63   5.960E+03
*           1457.7409555   3    14    27     9       223  63   3.331E+03
*           1457.7409665   6    34    34     9       232  62   2.713E+03
*           1457.7409680   5    24    24     6       158  60   1.640E+03
* Gp# 1[1,2,3,6,5] x,y,z = 12.13, 17.25, 6.708, q = 0.8355 dT[2, 4, 15, 28] Src Amplitude = 62.0
*           1457.8368180   1     8    20     7       211  62   2.606E+03
*           1457.8368200   2     8    26    10       201  62   3.656E+03
*           1457.8368215   3    10    25     7       176  61   2.123E+03
*           1457.8368325   6    34    31     7       228  61   1.782E+03
*           1457.8368460   5    12    21     4       121  58   1.007E+03
* Gp# 1[1,3,2,5,6] x,y,z = -1.77, 40.24, 3.272, q = 1 dT[2, 2, 11, 13] Src Amplitude = 63.0
*           1457.9326940   1     9    29     9       227  63   3.943E+03
*           1457.9326955   3    10    27     9       222  63   3.327E+03
*           1457.9326960   2     9    31    15       281  63   5.741E+03
*           1457.9327050   5    27    24     6       146  60   1.624E+03
*           1457.9327065   6    34    33     9       228  62   2.711E+03
* Gp# 1[1,2,3,6,5] x,y,z = 2.914, 34.75, 4.757, q = 1 dT[2, 4, 15, 16] Src Amplitude = 62.0
*           1458.0287470   1    15    21     6       129  62   2.514E+03
*           1458.0287490   2     8    26    10       197  61   3.687E+03
*           1458.0287505   3    10    25     7       219  61   2.183E+03
*           1458.0287615   6    34    31     7       225  61   1.773E+03
*           1458.0287630   5    24    21     4       133  59   1.037E+03
* Gp# 1[1,2,3,6,5] x,y,z = 2.914, 34.75, 4.757, q = 1 dT[2, 4, 15, 16] Src Amplitude = 64.0
*           1458.1244310   1    15    26     9       211  64   3.983E+03
*           1458.1244330   2     8    32    15       280  63   5.858E+03
*           1458.1244345   3    10    28     9       219  63   3.332E+03
*           1458.1244455   6    34    34     9       229  62   2.739E+03
*           1458.1244470   5    24    24     6       161  60   1.646E+03
* Gp# 1[1,2,3,6,5] x,y,z = 3.123, 36.33, 1.413, q = 1 dT[0, 2, 13, 14] Src Amplitude = 62.0
*           1458.2201830   1     6    22     7       209  62   2.566E+03
*           1458.2201830   2     8    26    10       197  61   3.470E+03
*           1458.2201845   3    10    25     7       219  61   2.197E+03
*           1458.2201955   6    34    30     7       225  61   1.774E+03
*           1458.2201970   5    24    20     5       143  58   1.061E+03
* Gp# 1[1,2,3,5,6] x,y,z = 0.9146, 39.26, 1.374, q = 1 dT[0, 2, 11, 13] Src Amplitude = 63.0
*           1458.3160580   1     9    28     9       212  63   3.920E+03
*           1458.3160580   2    11    32    13       203  64   5.653E+03
*           1458.3160595   3    10    27     9       222  63   3.318E+03
*           1458.3160690   5    27    25     6       149  60   1.639E+03
*           1458.3160705   6    34    34     9       228  63   2.749E+03
* Gp# 1[1,3,2,6,5] x,y,z = 6.739, 23.72, 3.634, q = 0.7949 dT[2, 2, 13, 26] Src Amplitude = 62.0
*           1460.8339750   1     9    23     7       209  62   2.591E+03
*           1460.8339765   3    10    24     7       213  61   2.195E+03
*           1460.8339770   2     9    26    10       198  61   3.421E+03
*           1460.8339875   6    34    30     7       229  61   1.846E+03
*           1460.8340010   5    12    22     4       149  58   1.053E+03
* Gp# 1[1,3,2,5,6] x,y,z = -1.77, 40.24, 3.272, q = 1 dT[2, 2, 11, 13] Src Amplitude = 64.0
*           1460.9298310   1     9    27     9       227  64   3.998E+03
*           1460.9298325   3    10    27     9       219  64   3.395E+03
*           1460.9298330   2     9    31    13       226  63   5.447E+03
*           1460.9298420   5    27    24     6       149  60   1.626E+03
*           1460.9298435   6    34    33     9       229  63   2.839E+03
* Gp# 1[1,2,3,6,5] x,y,z = 2.914, 34.75, 4.757, q = 1 dT[2, 4, 15, 16] Src Amplitude = 62.0
*           1461.0266900   1    15    23     7       191  62   2.582E+03
*           1461.0266920   2     8    27    10       201  62   3.658E+03
*           1461.0266935   3    10    26     7       213  61   2.226E+03
*           1461.0267045   6    34    32     7       229  61   1.841E+03
*           1461.0267060   5    24    22     4       137  59   1.050E+03
* Gp# 1[1,3,2,6,5] x,y,z = -0.7859, 38.33, 3.052, q = 1 dT[2, 2, 13, 13] Src Amplitude = 64.0
*           1461.1225080   1    12    28     9       230  64   4.027E+03
*           1461.1225095   3    10    27     9       222  63   3.417E+03
*           1461.1225100   2    33    32    15       284  63   5.675E+03
*           1461.1225205   6    37    33     9       228  63   2.833E+03
*           1461.1225210   5    19    24     6       144  60   1.600E+03
* Gp# 1[1,3,2,6,5] x,y,z = 0.3646, 37.52, 3.152, q = 1 dT[2, 2, 13, 14] Src Amplitude = 62.0
*           1461.2186360   1    10    23     7       200  62   2.582E+03
*           1461.2186375   3    10    24     7       176  61   2.198E+03
*           1461.2186380   2     6    26    12       302  61   3.780E+03
*           1461.2186485   6    34    32     7       229  61   1.860E+03
*           1461.2186500   5    24    22     4       137  59   1.040E+03
* Gp# 1[1,2,3,6,5] x,y,z = 2.914, 34.75, 4.757, q = 1 dT[2, 4, 15, 16] Src Amplitude = 64.0
*           1461.3144160   1    15    27     9       205  64   4.014E+03
*           1461.3144180   2     8    31    15       283  63   5.841E+03
*           1461.3144195   3    10    28     9       223  63   3.443E+03
*           1461.3144305   6    34    34     9       229  62   2.847E+03
*           1461.3144320   5    24    24     6       158  60   1.624E+03
* Gp# 1[1,3,2,6,5] x,y,z = 6.349, 9.629, 7.657, q = 0.9052 dT[4, 4, 19, 28] Src Amplitude = 62.0
*           1461.4101200   1    15    24     7       197  62   2.603E+03
*           1461.4101235   3    10    25     7       176  61   2.175E+03
*           1461.4101240   2     6    27    10       199  61   3.417E+03
*           1461.4101385   6    30    30     7       225  60   1.852E+03
*           1461.4101480   5    12    22     4       125  58   1.003E+03
* Gp# 1[1,3,2,5,6] x,y,z = -1.77, 40.24, 3.272, q = 1 dT[2, 2, 11, 13] Src Amplitude = 63.0
*           1461.5059130   1     9    28     9       230  63   4.034E+03
*           1461.5059145   3    10    27     9       219  63   3.408E+03
*           1461.5059150   2     9    31    13       226  63   5.367E+03
*           1461.5059240   5    27    25     6       164  60   1.666E+03
*           1461.5059255   6    34    34     9       229  63   2.872E+03
* Gp# 1[2,3,1,5] x,y,z = 2.94, 30.45, -9.204, q = 1 dT[3, 6, 19] Src Amplitude = 55.0
*           1463.9243400   2     2     4     1        40  55 262.734E+00
*           1463.9243425   3     1     1     0         4  47  11.822E+00
*           1463.9243460   1     4     7     0        16  53 163.898E+00
*           1463.9243590   5     2     6     0         2  48   3.695E+00
* Gp# 1[1,3,2,5,6] x,y,z = -2.314, 31.55, 6.2, q = 1 dT[4, 4, 16, 19] Src Amplitude = 63.0
*           1463.9771900   1    15    26     8       212  63   2.705E+03
*           1463.9771935   3    10    25     7       173  61   2.227E+03
*           1463.9771940   2     6    24    10       199  61   3.467E+03
*           1463.9772060   5     1    23     4       137  58   1.018E+03
*           1463.9772085   6    30    30     7       222  61   1.899E+03
* Gp# 1[1,2,3,6,5] x,y,z = 5.307, 37.49, 5.233, q = 0.9591 dT[2, 4, 12, 16] Src Amplitude = 64.0
*           1464.0729050   1    15    29    10       236  64   4.198E+03
*           1464.0729070   2    46    30    13       229  63   5.366E+03
*           1464.0729085   3    14    30     9       220  63   3.481E+03
*           1464.0729165   6    41    35    10       233  63   2.975E+03
*           1464.0729210   5    15    24     6       165  60   1.627E+03
* Gp# 1[1,3,2,5,6] x,y,z = -1.77, 40.24, 3.272, q = 1 dT[2, 2, 11, 13] Src Amplitude = 62.0
*           1464.1686550   1     9    25     7       203  62   2.645E+03
*           1464.1686565   3    10    25     7       176  62   2.228E+03
*           1464.1686570   2     9    25    10       199  61   3.385E+03
*           1464.1686660   5    27    23     4       143  58   1.058E+03
*           1464.1686675   6    34    31     7       226  61   1.921E+03
* Gp# 1[1,3,2,5,6] x,y,z = -1.77, 40.24, 3.272, q = 1 dT[2, 2, 11, 13] Src Amplitude = 64.0
*           1464.2644930   1     9    29     9       221  64   4.104E+03
*           1464.2644945   3     6    30     9       213  64   3.446E+03
*           1464.2644950   2     9    32    13       230  63   5.221E+03
*           1464.2645040   5    27    25     7       235  60   1.672E+03
*           1464.2645055   6    34    34     9       229  62   2.988E+03
* Gp# 1[1,2,3,6,5] x,y,z = 2.914, 34.75, 4.757, q = 1 dT[2, 4, 15, 16] Src Amplitude = 62.0
*           1464.3602950   1    15    25     7       197  62   2.665E+03
*           1464.3602970   2     5    29    10       201  61   3.519E+03
*           1464.3602985   3    10    25     7       176  61   2.237E+03
*           1464.3603095   6    34    31     7       226  60   1.935E+03
*           1464.3603110   5    24    22     4       137  58   1.015E+03
* Gp# 1[1,3,2,5,6] x,y,z = -1.892, 37.56, 8.293, q = 1 dT[5, 5, 14, 16] Src Amplitude = 64.0
*           1464.4561650   1    15    30    10       233  64   4.207E+03
*           1464.4561695   3    13    28     9       216  63   3.445E+03
*           1464.4561700   2     2    30    15       302  63   5.605E+03
*           1464.4561790   5    21    23     6       164  59   1.641E+03
*           1464.4561805   6    37    35    10       229  63   2.957E+03
* Gp# 1[1,3,2,5,6] x,y,z = -1.77, 40.24, 3.272, q = 1 dT[2, 2, 11, 13] Src Amplitude = 62.0
*           1464.5521900   1    12    24     7       209  62   2.674E+03
*           1464.5521915   3     6    23     7       176  61   2.231E+03
*           1464.5521920   2     1    25     9       195  61   3.282E+03
*           1464.5522010   5     1    22     5       164  58   1.078E+03
*           1464.5522025   6    37    30     7       226  61   1.931E+03
* Gp# 1[1,3,2,5,6] x,y,z = -1.77, 40.24, 3.272, q = 1 dT[2, 2, 11, 13] Src Amplitude = 64.0
*           1464.6487370   1     9    29     9       224  64   4.115E+03
*           1464.6487385   3     6    31     9       210  64   3.443E+03
*           1464.6487390   2     9    31    13       233  63   5.306E+03
*           1464.6487480   5    27    25     6       161  60   1.617E+03
*           1464.6487495   6    34    33     9       229  63   2.974E+03
* Gp# 1[4,5,6,3,1,2] x,y,z = -9.171, 74.29, -9.814, q = 0.8187 dT[4, 5, 8, 15, 16] Src Amplitude = 54.0
*           1466.5847510   4     3     7     1        47  54 208.401E+00
*           1466.5847550   5     3    23     7       176  62   2.361E+03
*           1466.5847555   6     4    20     6       158  64   2.075E+03
*           1466.5847585   3    10    17     4       135  60 824.564E+00
*           1466.5847660   1     9    32     8       174  62   2.829E+03
*           1466.5847670   2     1    16     7       170  60   2.093E+03
* Gp# 1[1,3,2,6,5] x,y,z = -0.9936, 36.06, 7.133, q = 1 dT[4, 5, 15, 16] Src Amplitude = 62.0
*           1467.0487840   1    15    27     8       212  62   2.771E+03
*           1467.0487875   3    10    25     7       177  61   2.271E+03
*           1467.0487890   2     5    27     9       195  61   3.157E+03
*           1467.0487985   6    38    30     8       227  61   1.988E+03
*           1467.0488000   5     1    21     5       162  58   1.036E+03
* Gp# 1[1,3,2,5,6] x,y,z = -1.837, 38.41, 6.617, q = 1 dT[4, 4, 13, 15] Src Amplitude = 64.0
*           1467.1448270   1     8    32    10       236  64   4.287E+03
*           1467.1448305   3    10    29     9       186  63   3.468E+03
*           1467.1448310   2     9    31    13       255  63   5.098E+03
*           1467.1448400   5    27    24     6       168  60   1.612E+03
*           1467.1448415   6    34    34    10       230  62   3.075E+03
* Gp# 1[1,3,2,5,6] x,y,z = -1.77, 40.24, 3.272, q = 1 dT[2, 2, 11, 13] Src Amplitude = 62.0
*           1467.2408860   1     9    27     8       207  62   2.721E+03
*           1467.2408875   3     6    24     7       173  62   2.238E+03
*           1467.2408880   2     1    27    12       303  61   3.673E+03
*           1467.2408970   5    27    22     4       143  58   1.005E+03
*           1467.2408985   6    34    30     8       227  60   2.001E+03
* Gp# 1[1,2,3,5,6] x,y,z = 0.9933, 37.43, 4.76, q = 1 dT[2, 4, 13, 15] Src Amplitude = 64.0
*           1467.3366470   1    15    31    10       236  64   4.311E+03
*           1467.3366490   2     8    32    15       311  63   5.465E+03
*           1467.3366505   3    10    27     9       177  63   3.474E+03
*           1467.3366600   5    27    25     6       168  60   1.604E+03
*           1467.3366615   6    34    35    10       230  63   3.082E+03
* Gp# 1[2,1,3,6,5] x,y,z = 7.042, 15.64, 2.771, q = 0.9059 dT[1, 3, 17, 27] Src Amplitude = 62.0
*           1467.4324150   2     1    26    12       309  62   3.616E+03
*           1467.4324160   1    12    26     7       203  62   2.716E+03
*           1467.4324175   3    13    25     7       176  61   2.250E+03
*           1467.4324315   6    34    30     7       220  61   1.974E+03
*           1467.4324420   5     1    21     4       128  58 978.781E+00
* Gp# 1[1,3,2,5,6] x,y,z = -1.837, 38.41, 6.617, q = 1 dT[4, 4, 13, 15] Src Amplitude = 64.0
*           1467.5281990   1     8    33    10       236  64   4.332E+03
*           1467.5282025   3    10    28     9       177  63   3.463E+03
*           1467.5282030   2     9    31    13       258  63   5.066E+03
*           1467.5282120   5    27    25     6       171  60   1.616E+03
*           1467.5282135   6    34    35    10       230  62   3.084E+03
* Gp# 1[1,3,2,5,6] x,y,z = -1.77, 40.24, 3.272, q = 1 dT[2, 2, 11, 13] Src Amplitude = 62.0
*           1467.6240430   1     9    28     8       207  62   2.737E+03
*           1467.6240445   3     6    25     7       173  61   2.257E+03
*           1467.6240450   2     9    22     9       199  61   3.186E+03
*           1467.6240540   5    27    24     4       140  58 995.072E+00
*           1467.6240555   6    34    31     8       227  61   2.009E+03
* Gp# 1[1,3,2,5,6] x,y,z = -1.77, 40.24, 3.272, q = 1 dT[2, 2, 11, 13] Src Amplitude = 64.0
*           1467.7201660   1     9    32    10       234  64   4.263E+03
*           1467.7201675   3    10    28     9       176  63   3.435E+03
*           1467.7201680   2     9    30    15       333  64   5.606E+03
*           1467.7201770   5    27    26     6       168  60   1.605E+03
*           1467.7201785   6    34    35    10       230  62   3.095E+03
* Gp# 1[2,1,3,6,5] x,y,z = 4.775, 16.97, 1.322, q = 0.9151 dT[1, 2, 17, 26] Src Amplitude = 61.0
*           1470.1939090   2    36    25     9       202  61   3.249E+03
*           1470.1939100   1    12    28     8       195  62   2.763E+03
*           1470.1939105   3    14    25     7       177  61   2.274E+03
*           1470.1939255   6    34    29     8       224  61   2.049E+03
*           1470.1939350   5     3    22     4       154  58 998.339E+00
* Gp# 1[1,3,2,5,6] x,y,z = -1.77, 40.24, 3.272, q = 1 dT[2, 2, 11, 13] Src Amplitude = 64.0
*           1470.2907420   1     9    33    10       234  64   4.360E+03
*           1470.2907435   3     6    29     9       176  63   3.473E+03
*           1470.2907440   2     9    30    12       234  63   4.867E+03
*           1470.2907530   5    27    26     6       168  60   1.549E+03
*           1470.2907545   6    34    32    10       231  62   3.182E+03
* Gp# 1[1,3,2,6,5] x,y,z = 0.4228, 35.64, 6.368, q = 1 dT[4, 4, 15, 16] Src Amplitude = 62.0
*           1470.3866210   1    15    29     8       195  62   2.821E+03
*           1470.3866245   3    10    24     7       174  61   2.293E+03
*           1470.3866250   2     6    25     9       200  61   3.137E+03
*           1470.3866355   6    38    29     8       228  61   2.117E+03
*           1470.3866370   5     1    22     4       141  57 966.523E+00
* Gp# 1[1,2,3,5,6] x,y,z = 0.9146, 39.26, 1.374, q = 1 dT[0, 2, 11, 13] Src Amplitude = 63.0
*           1470.4826390   1     9    32    10       237  63   4.369E+03
*           1470.4826390   2    42    33    12       233  63   4.916E+03
*           1470.4826405   3    10    29     9       177  63   3.449E+03
*           1470.4826500   5    27    25     6       168  60   1.548E+03
*           1470.4826515   6    34    34    10       231  62   3.199E+03
* Gp# 1[1,2,3,6,5] x,y,z = 2.914, 34.75, 4.757, q = 1 dT[2, 4, 15, 16] Src Amplitude = 62.0
*           1470.5783890   1    15    28     7       186  62   2.770E+03
*           1470.5783910   2     8    23     8       195  62   3.048E+03
*           1470.5783925   3    10    25     7       174  61   2.250E+03
*           1470.5784035   6    38    30     8       228  61   2.090E+03
*           1470.5784050   5     1    22     5       162  58 997.956E+00
* Gp# 1[1,2,3,6,5] x,y,z = 2.914, 34.75, 4.757, q = 1 dT[2, 4, 15, 16] Src Amplitude = 64.0
*           1470.6741290   1    15    33    11       234  64   4.434E+03
*           1470.6741310   2     8    31    14       285  62   5.095E+03
*           1470.6741325   3    14    30     9       204  63   3.510E+03
*           1470.6741435   6    38    33    10       228  63   3.198E+03
*           1470.6741450   5    15    24     6       166  59   1.522E+03
* Gp# 1[1,3,2,5,6] x,y,z = -2.156, 35.49, 3.063, q = 1 dT[2, 2, 13, 16] Src Amplitude = 62.0
*           1470.7708150   1    12    27     8       207  62   2.833E+03
*           1470.7708165   3    13    25     7       176  62   2.279E+03
*           1470.7708170   2     5    23     9       199  61   3.092E+03
*           1470.7708280   5    15    22     4       144  57 976.297E+00
*           1470.7708305   6    34    29     8       224  61   2.068E+03
* Gp# 1[1,2,3,6,5] x,y,z = 5.307, 37.49, 5.233, q = 0.9591 dT[2, 4, 12, 16] Src Amplitude = 64.0
*           1470.8668210   1    15    33    10       206  64   4.372E+03
*           1470.8668230   2     8    32    14       309  63   5.223E+03
*           1470.8668245   3    10    29    10       287  63   3.581E+03
*           1470.8668325   6    41    34    10       234  63   3.228E+03
*           1470.8668370   5    15    25     7       233  60   1.586E+03
* Gp# 1[1,6,3,2,5] x,y,z = 10.84, 54.65, 15.81, q = 0.4903 dT[1, 6, 6, 9] Src Amplitude = 60.0
*           1472.1572410   1    87    18     4       127  60   1.306E+03
*           1472.1572415   6     1    14     2        84  54 533.111E+00
*           1472.1572465   3     7     7     1        51  54 191.496E+00
*           1472.1572470   2    27    16     5       127  59   1.506E+03
*           1472.1572500   5    29    17     3       115  55 597.445E+00
* Gp# 1[1,3,2,5,6] x,y,z = -1.77, 40.24, 3.272, q = 1 dT[2, 2, 11, 13] Src Amplitude = 62.0
*           1473.4219900   1     9    31     8       187  62   2.830E+03
*           1473.4219915   3    10    25     7       174  62   2.272E+03
*           1473.4219920   2     9    21     9       235  61   2.898E+03
*           1473.4220010   5    27    22     5       190  58 994.914E+00
*           1473.4220025   6    34    30     8       225  61   2.143E+03
* Gp# 1[1,3,2,5,6] x,y,z = -1.77, 40.24, 3.272, q = 1 dT[2, 2, 11, 13] Src Amplitude = 63.0
*           1473.5188270   1     9    33    11       232  63   4.480E+03
*           1473.5188285   3    10    32     9       204  63   3.514E+03
*           1473.5188290   2     9    27    12       259  63   4.600E+03
*           1473.5188380   5    27    26     6       190  60   1.510E+03
*           1473.5188395   6    34    32    10       232  63   3.316E+03
* Gp# 1[1,3,2,6,5] x,y,z = 0.4228, 35.64, 6.368, q = 1 dT[4, 4, 15, 16] Src Amplitude = 62.0
*           1473.6145730   1    15    31     9       237  62   2.990E+03
*           1473.6145765   3    10    26     7       174  61   2.267E+03
*           1473.6145770   2     6    20     6       105  61   2.484E+03
*           1473.6145875   6    38    29     8       225  61   2.155E+03
*           1473.6145890   5     1    22     4       141  57 931.980E+00
* Gp# 1[1,2,3,6,5] x,y,z = 2.914, 34.75, 4.757, q = 1 dT[2, 4, 15, 16] Src Amplitude = 64.0
*           1473.7103120   1    15    32    11       237  64   4.555E+03
*           1473.7103140   2    11    30    13       292  63   4.936E+03
*           1473.7103155   3    10    32     9       177  63   3.456E+03
*           1473.7103265   6    38    33    10       232  63   3.302E+03
*           1473.7103280   5    15    25     6       184  59   1.472E+03
* Gp# 1[1,2,3,6,5] x,y,z = 5.307, 37.49, 5.233, q = 0.9591 dT[2, 4, 12, 16] Src Amplitude = 64.0
*           1473.9019400   1    15    33    11       240  64   4.569E+03
*           1473.9019420   2     8    31    14       315  62   5.052E+03
*           1473.9019435   3    14    32    10       291  63   3.573E+03
*           1473.9019515   6    41    33    10       235  63   3.326E+03
*           1473.9019560   5    25    26     6       184  59   1.452E+03
* Gp# 1[1,3,2,6,5] x,y,z = 6.739, 23.72, 3.634, q = 0.7949 dT[2, 2, 13, 26] Src Amplitude = 62.0
*           1473.9977880   1    12    29     8       201  62   2.907E+03
*           1473.9977895   3    13    27     7       173  62   2.249E+03
*           1473.9977900   2     2    21     8       196  61   2.804E+03
*           1473.9978005   6    34    30     8       228  61   2.157E+03
*           1473.9978140   5     9    21     4       122  58 867.503E+00
* Gp# 1[1,3,2,5,6] x,y,z = -1.837, 38.41, 6.617, q = 1 dT[4, 4, 13, 15] Src Amplitude = 64.0
*           1474.0938490   1     8    33    11       237  64   4.571E+03
*           1474.0938525   3    10    32     9       177  63   3.473E+03
*           1474.0938530   2     6    31    11       238  63   4.443E+03
*           1474.0938620   5     1    25     6       187  60   1.478E+03
*           1474.0938635   6    38    33    10       232  63   3.322E+03
* Gp# 1[1,3,2,5,6] x,y,z = -1.77, 40.24, 3.272, q = 1 dT[2, 2, 11, 13] Src Amplitude = 62.0
*           1476.5888170   1     9    31     9       235  62   2.987E+03
*           1476.5888185   3    10    26     7       174  61   2.250E+03
*           1476.5888190   2     9    18    10       287  61   3.025E+03
*           1476.5888280   5     1    21     4       184  58 915.674E+00
*           1476.5888295   6    38    29     8       222  61   2.210E+03
* Gp# 1[1,3,2,5,6] x,y,z = -1.77, 40.24, 3.272, q = 1 dT[2, 2, 11, 13] Src Amplitude = 63.0
*           1476.6856780   1     6    33    11       238  63   4.574E+03
*           1476.6856795   3    10    33    11       328  63   3.603E+03
*           1476.6856800   2     9    29    13       290  63   4.883E+03
*           1476.6856890   5     1    26     6       184  60   1.404E+03
*           1476.6856905   6    38    32    10       229  63   3.404E+03
* Gp# 1[1,3,2,5,6] x,y,z = -1.77, 40.24, 3.272, q = 1 dT[2, 2, 11, 13] Src Amplitude = 62.0
*           1476.7814460   1    12    29     9       235  62   2.997E+03
*           1476.7814475   3    13    27     7       173  61   2.250E+03
*           1476.7814480   2     1    17     9       235  62   2.848E+03
*           1476.7814570   5    27    21     4       144  58 885.856E+00
*           1476.7814585   6    34    29     8       225  61   2.213E+03
* Gp# 1[1,3,2,5,6] x,y,z = -1.837, 38.41, 6.617, q = 1 dT[4, 4, 13, 15] Src Amplitude = 64.0
*           1476.8772170   1    15    33    11       240  64   4.655E+03
*           1476.8772205   3    10    32    11       328  63   3.593E+03
*           1476.8772210   2     9    25    12       260  63   4.515E+03
*           1476.8772300   5    18    25     6       187  59   1.408E+03
*           1476.8772315   6    38    33    10       229  63   3.399E+03
* Gp# 1[1,3,2,6,5] x,y,z = 5.123, 18.32, 3.272, q = 0.8796 dT[2, 2, 16, 26] Src Amplitude = 62.0
*           1476.9730400   1    12    30     8       184  62   2.913E+03
*           1476.9730415   3    13    27     7       174  61   2.240E+03
*           1476.9730420   2     2    18     6       117  61   2.568E+03
*           1476.9730555   6    31    28     8       222  61   2.197E+03
*           1476.9730660   5     9    21     4       126  58 841.798E+00
* Gp# 1[1,3,2,5,6] x,y,z = -3.772, 32.06, 7.095, q = 1 dT[4, 5, 16, 19] Src Amplitude = 64.0
*           1477.0688290   1    15    33    11       238  64   4.660E+03
*           1477.0688325   3    14    34    10       246  63   3.542E+03
*           1477.0688340   2    43    28    12       269  62   4.372E+03
*           1477.0688450   5    22    26     5       139  59   1.303E+03
*           1477.0688475   6    34    32    10       229  63   3.394E+03
* Gp# 1[1,3,2,6,5] x,y,z = 7.145, 10.27, 9.819, q = 0.8834 dT[5, 5, 19, 29] Src Amplitude = 62.0
*           1477.1649680   1    15    30     8       187  62   2.974E+03
*           1477.1649725   3    13    27     7       173  61   2.231E+03
*           1477.1649730   2     2    19     8       196  61   2.788E+03
*           1477.1649865   6    34    28     8       219  61   2.179E+03
*           1477.1649970   5     9    22     4       122  58 834.565E+00
* Gp# 1[1,3,2,5,6] x,y,z = -1.77, 40.24, 3.272, q = 1 dT[2, 2, 11, 13] Src Amplitude = 64.0
*           1477.2607260   1    12    32    11       265  64   4.640E+03
*           1477.2607275   3     6    35    10       291  63   3.555E+03
*           1477.2607280   2    40    24    11       235  63   4.306E+03
*           1477.2607370   5    27    27     6       193  60   1.423E+03
*           1477.2607385   6    34    32    10       232  62   3.433E+03
* Gp# 1[1,2,3,5,6] x,y,z = 0.5213, 30.34, 4.416, q = 0.9805 dT[2, 4, 16, 19] Src Amplitude = 62.0
*           1479.6728710   1    15    29     9       238  62   3.084E+03
*           1479.6728730   2     5    20     9       238  60   2.759E+03
*           1479.6728745   3    10    26     7       174  61   2.222E+03
*           1479.6728870   5    22    22     4       188  57 871.686E+00
*           1479.6728895   6    34    29     8       226  61   2.271E+03
* Gp# 1[5,6,2,1,3] x,y,z = -8.15, 78.65, 7.288, q = 0.4165 dT[8, 13, 15, 20] Src Amplitude = 61.0
*           1479.7027300   5     1    19     4       117  61   1.143E+03
*           1479.7027375   6     2    13     3       111  58 766.394E+00
*           1479.7027430   2    31    12     4       105  59   1.415E+03
*           1479.7027450   1    42    15     1        58  56 358.609E+00
*           1479.7027495   3     2     6     1        76  52 210.685E+00
* Gp# 1[1,2,3,6,5] x,y,z = 5.307, 37.49, 5.233, q = 0.9591 dT[2, 4, 12, 16] Src Amplitude = 64.0
*           1479.7686090   1    15    32    11       241  64   4.737E+03
*           1479.7686110   2     8    23    11       241  63   4.417E+03
*           1479.7686125   3    14    31    11       329  63   3.543E+03
*           1479.7686205   6    41    33    10       233  63   3.489E+03
*           1479.7686250   5    25    23     6       191  59   1.352E+03
* Gp# 1[1,2,3,6,5] x,y,z = 2.914, 34.75, 4.757, q = 1 dT[2, 4, 15, 16] Src Amplitude = 64.0
*           1479.9601890   1    15    31    11       241  64   4.736E+03
*           1479.9601910   2     5    23    11       238  62   4.390E+03
*           1479.9601925   3    10    32     9       187  63   3.424E+03
*           1479.9602035   6    38    33    10       230  63   3.490E+03
*           1479.9602050   5    22    24     6       191  59   1.323E+03
* Gp# 1[1,3,2,5,6] x,y,z = -1.77, 40.24, 3.272, q = 1 dT[2, 2, 11, 13] Src Amplitude = 62.0
*           1480.0560510   1    12    28     8       190  62   3.003E+03
*           1480.0560525   3    13    27     7       174  61   2.205E+03
*           1480.0560530   2     9    18     6       105  61   2.468E+03
*           1480.0560620   5    27    23     4       141  58 830.852E+00
*           1480.0560635   6    34    29     8       219  60   2.256E+03
* Gp# 1[1,3,2,5,6] x,y,z = -1.77, 40.24, 3.272, q = 1 dT[2, 2, 11, 13] Src Amplitude = 64.0
*           1480.1521490   1    12    31    11       238  64   4.671E+03
*           1480.1521505   3    13    33    11       328  63   3.545E+03
*           1480.1521510   2     2    24    11       260  63   4.242E+03
*           1480.1521600   5    27    26     6       187  59   1.327E+03
*           1480.1521615   6    34    31    10       229  62   3.480E+03
* Gp# 1[1,3,2,6,5] x,y,z = 6.739, 23.72, 3.634, q = 0.7949 dT[2, 2, 13, 26] Src Amplitude = 62.0
*           1480.2478960   1    12    29     8       187  62   2.996E+03
*           1480.2478975   3    13    26     7       174  61   2.222E+03
*           1480.2478980   2    40    17    10       270  61   2.883E+03
*           1480.2479085   6    34    29     8       219  61   2.259E+03
*           1480.2479220   5    12    20     4       126  57 796.453E+00
* Gp# 1[1,2,3,6,5] x,y,z = 3.617, 34.15, 5.473, q = 1 dT[2, 5, 16, 16] Src Amplitude = 64.0
*           1480.3436320   1    15    32    11       241  64   4.765E+03
*           1480.3436340   2     8    26     8       124  63   3.923E+03
*           1480.3436365   3    13    32    11       328  63   3.535E+03
*           1480.3436475   6    34    32    10       229  62   3.488E+03
*           1480.3436480   5    25    25     5       185  60   1.307E+03
* Gp# 1[2,3,6,1,5] x,y,z = 6.447, 57.02, -19.62, q = 1 dT[3, 6, 8, 8] Src Amplitude = 54.0
*           1480.6491860   2     1     5     1        57  54 211.862E+00
*           1480.6491885   3     1     3     0        10  51  34.215E+00
*           1480.6491915   6     2     6     0        34  53 152.901E+00
*           1480.6491940   1    14     7     1        40  58 490.605E+00
*           1480.6491940   5     2     9     1        40  57 563.437E+00
* Gp# 1[1,3,2,6,5] x,y,z = 0.4228, 35.64, 6.368, q = 1 dT[4, 4, 15, 16] Src Amplitude = 64.0
*           1482.8275660   1    11    30    11       241  64   4.861E+03
*           1482.8275695   3    10    31    11       329  64   3.488E+03
*           1482.8275700   2     6    23    11       239  63   4.237E+03
*           1482.8275805   6    38    33    10       230  63   3.542E+03
*           1482.8275820   5    15    24     5       185  59   1.271E+03
* Gp# 1[1,3,2,5,6] x,y,z = -1.77, 40.24, 3.272, q = 1 dT[2, 2, 11, 13] Src Amplitude = 62.0
*           1482.9236370   1     9    29     9       236  62   3.119E+03
*           1482.9236385   3     6    25     7       174  61   2.167E+03
*           1482.9236390   2     9    16     8       236  61   2.660E+03
*           1482.9236480   5     1    20     4       135  57 784.849E+00
*           1482.9236495   6    38    29     8       223  61   2.303E+03
* Gp# 1[1,2,3,6,5] x,y,z = 2.914, 34.75, 4.757, q = 1 dT[2, 4, 15, 16] Src Amplitude = 64.0
*           1483.0193780   1    15    30    11       241  64   4.865E+03
*           1483.0193800   2     8    23    12       276  63   4.467E+03
*           1483.0193815   3    10    31     9       188  63   3.392E+03
*           1483.0193925   6    38    32    10       230  63   3.548E+03
*           1483.0193940   5    22    25     5       191  59   1.288E+03
* Gp# 1[1,3,2,6,5] x,y,z = 0.3646, 37.52, 3.152, q = 1 dT[2, 2, 13, 14] Src Amplitude = 62.0
*           1483.1151250   1    13    28     8       185  62   3.083E+03
*           1483.1151265   3    10    24     7       171  61   2.163E+03
*           1483.1151270   2     9    17     6       105  61   2.402E+03
*           1483.1151375   6    38    29     8       220  61   2.311E+03
*           1483.1151390   5     1    20     3       132  57 767.665E+00
* Gp# 1[1,3,2,5,6] x,y,z = -1.892, 37.56, 8.293, q = 1 dT[5, 5, 14, 16] Src Amplitude = 64.0
*           1483.2109700   1    15    31    11       239  64   4.834E+03
*           1483.2109745   3    13    30    10       246  63   3.417E+03
*           1483.2109750   2     9    22    11       236  63   4.053E+03
*           1483.2109840   5    27    26     5       187  60   1.271E+03
*           1483.2109855   6    34    31    11       280  62   3.570E+03
* Gp# 1[1,3,2,5,6] x,y,z = -1.77, 40.24, 3.272, q = 1 dT[2, 2, 11, 13] Src Amplitude = 62.0
*           1483.3067940   1     9    28     9       239  62   3.145E+03
*           1483.3067955   3     6    24     7       174  61   2.191E+03
*           1483.3067960   2     9    16     6       105  61   2.439E+03
*           1483.3068050   5     1    21     4       138  58 793.941E+00
*           1483.3068065   6    38    30     8       223  61   2.304E+03
* Gp# 1[1,3,2,5,6] x,y,z = -5.285, 43.89, 3.971, q = 0.8773 dT[2, 2, 7, 13] Src Amplitude = 64.0
*           1483.4029170   1    12    31    11       236  64   4.810E+03
*           1483.4029185   3     6    30     9       187  63   3.355E+03
*           1483.4029190   2     9    22    11       242  63   4.013E+03
*           1483.4029240   5    31    25     5       166  59   1.231E+03
*           1483.4029295   6    34    32    10       226  63   3.575E+03
* Gp# 1[1,2,5,6] x,y,z = -4.527, 43.7, 3.015, q = 1 dT[3, 9, 11] Src Amplitude = 60.0
*           1484.5438120   1    21    16     4       111  60   1.128E+03
*           1484.5438150   2     2    11     4       120  60   1.504E+03
*           1484.5438210   5    39    12     2        69  56 684.566E+00
*           1484.5438225   6     1    11     2       123  53 390.792E+00
* Gp# 1[1,3,2,5,6] x,y,z = -1.77, 40.24, 3.272, q = 1 dT[2, 2, 11, 13] Src Amplitude = 62.0
*           1485.7559520   1     9    28     8       185  62   3.128E+03
*           1485.7559535   3     6    25     7       171  61   2.149E+03
*           1485.7559540   2     9    15     6       105  61   2.211E+03
*           1485.7559630   5     1    18     4       138  57 758.502E+00
*           1485.7559645   6    38    27     8       220  61   2.324E+03
* Gp# 1[1,2,3,6,5] x,y,z = 2.914, 34.75, 4.757, q = 1 dT[2, 4, 15, 16] Src Amplitude = 64.0
*           1485.8517510   1    15    32    12       242  64   4.948E+03
*           1485.8517530   2     8    23    11       245  63   4.167E+03
*           1485.8517545   3    10    27     9       188  63   3.319E+03
*           1485.8517655   6    38    33    10       227  62   3.597E+03
*           1485.8517670   5    22    23     5       185  59   1.203E+03
* Gp# 1[2,1,3,6,5] x,y,z = 7.042, 15.64, 2.771, q = 0.9059 dT[1, 3, 17, 27] Src Amplitude = 61.0
*           1485.9485700   2     5    18     8       172  61   2.677E+03
*           1485.9485710   1    12    28     9       239  62   3.192E+03
*           1485.9485725   3    13    24     7       171  61   2.124E+03
*           1485.9485865   6    31    28     8       214  60   2.319E+03
*           1485.9485970   5     9    19     3       120  57 724.388E+00
* Gp# 1[1,2,3,6,5] x,y,z = 2.914, 34.75, 4.757, q = 1 dT[2, 4, 15, 16] Src Amplitude = 64.0
*           1486.0443880   1    15    32    12       242  64   4.960E+03
*           1486.0443900   2     8    23    11       242  62   4.189E+03
*           1486.0443915   3    10    29     9       188  63   3.297E+03
*           1486.0444025   6    35    32    10       227  62   3.586E+03
*           1486.0444040   5    22    23     5       185  59   1.229E+03
* Gp# 1[1,3,2,5,6] x,y,z = -2.314, 31.55, 6.2, q = 1 dT[4, 4, 16, 19] Src Amplitude = 62.0
*           1486.1402300   1    15    28     9       190  62   3.199E+03
*           1486.1402335   3    10    23     7       172  61   2.149E+03
*           1486.1402340   2     6    17     8       240  61   2.633E+03
*           1486.1402460   5    22    18     3       101  58 692.093E+00
*           1486.1402485   6    34    27     8       220  61   2.328E+03
* Gp# 1[1,3,2,5,6] x,y,z = -1.77, 40.24, 3.272, q = 1 dT[2, 2, 11, 13] Src Amplitude = 64.0
*           1486.2363790   1     9    31    11       239  64   4.874E+03
*           1486.2363805   3     6    27     8       171  63   3.260E+03
*           1486.2363810   2     1    23    11       239  63   4.168E+03
*           1486.2363900   5    27    23     5       162  59   1.204E+03
*           1486.2363915   6    38    31    11       284  63   3.638E+03
* Gp# 1[1,3,2,5,6] x,y,z = -2.314, 31.55, 6.2, q = 1 dT[4, 4, 16, 19] Src Amplitude = 62.0
*           1486.3320970   1    15    28     9       190  62   3.200E+03
*           1486.3321005   3    10    25     7       172  61   2.132E+03
*           1486.3321010   2     1    19     6       103  61   2.309E+03
*           1486.3321130   5    15    18     3       101  57 689.676E+00
*           1486.3321155   6    34    28     8       220  61   2.325E+03
* Gp# 1[1,2,3,6,5] x,y,z = 5.307, 37.49, 5.233, q = 0.9591 dT[2, 4, 12, 16] Src Amplitude = 64.0
*           1486.4278390   1    15    32    12       242  64   4.988E+03
*           1486.4278410   2     8    25    11       239  63   4.304E+03
*           1486.4278425   3    10    27     9       188  63   3.319E+03
*           1486.4278505   6    38    33    10       227  62   3.608E+03
*           1486.4278550   5    25    23     5       160  59   1.172E+03
* Gp# 1[1,3,2,5,6] x,y,z = -1.77, 40.24, 3.272, q = 1 dT[2, 2, 11, 13] Src Amplitude = 62.0
*           1488.8008300   1    12    28     8       185  62   3.183E+03
*           1488.8008315   3     6    24     7       168  61   2.109E+03
*           1488.8008320   2     9    17     6       122  61   2.327E+03
*           1488.8008410   5     1    18     3       104  57 711.182E+00
*           1488.8008425   6    38    27     8       224  61   2.360E+03
* Gp# 1[1,2,3,6,5] x,y,z = 2.914, 34.75, 4.757, q = 1 dT[2, 4, 15, 16] Src Amplitude = 64.0
*           1488.8969100   1    15    31    12       245  64   5.058E+03
*           1488.8969120   2    11    23    11       239  63   4.242E+03
*           1488.8969135   3    10    26     9       192  63   3.276E+03
*           1488.8969245   6    35    32    11       285  62   3.657E+03
*           1488.8969260   5    25    23     4       136  59   1.130E+03
* Gp# 1[1,3,2,6,5] x,y,z = 6.739, 23.72, 3.634, q = 0.7949 dT[2, 2, 13, 26] Src Amplitude = 62.0
*           1488.9937630   1    12    29     8       185  62   3.192E+03
*           1488.9937645   3     6    24     7       168  61   2.098E+03
*           1488.9937650   2     1    19     8       217  61   2.603E+03
*           1488.9937755   6    38    26     8       224  61   2.354E+03
*           1488.9937890   5     1    16     3        89  57 677.828E+00
* Gp# 1[1,3,2,5,6] x,y,z = -1.77, 40.24, 3.272, q = 1 dT[2, 2, 11, 13] Src Amplitude = 64.0
*           1489.0895050   1     9    32    11       240  64   4.969E+03
*           1489.0895065   3     6    29     9       192  63   3.276E+03
*           1489.0895070   2     1    21    11       237  63   4.346E+03
*           1489.0895160   5     1    24     6       221  58   1.263E+03
*           1489.0895175   6    38    32    10       224  63   3.605E+03
* Gp# 1[1,3,2,5,6] x,y,z = -1.77, 40.24, 3.272, q = 1 dT[2, 2, 11, 13] Src Amplitude = 64.0
*           1489.2811950   1     9    31    11       237  64   4.972E+03
*           1489.2811965   3     6    28     9       255  63   3.320E+03
*           1489.2811970   2     9    23    10       220  63   3.941E+03
*           1489.2812060   5     1    25     5       215  59   1.244E+03
*           1489.2812075   6    38    31    10       227  63   3.624E+03
* Gp# 1[1,3,2,5,6] x,y,z = -1.837, 38.41, 6.617, q = 1 dT[4, 4, 13, 15] Src Amplitude = 64.0
*           1489.4730390   1    11    31    12       242  64   5.076E+03
*           1489.4730425   3    10    30     9       188  63   3.256E+03
*           1489.4730430   2     9    24    11       240  63   4.267E+03
*           1489.4730520   5    25    26     5       159  59   1.187E+03
*           1489.4730535   6    38    31    11       285  63   3.669E+03
* Gp# 1[1,3,2,5,6] x,y,z = -1.77, 40.24, 3.272, q = 1 dT[2, 2, 11, 13] Src Amplitude = 62.0
*           1491.8452230   1     6    29     9       223  62   3.288E+03
*           1491.8452245   3    10    22     6       169  61   2.090E+03
*           1491.8452250   2     9    20     5       103  61   2.264E+03
*           1491.8452340   5    25    21     3       107  57 723.376E+00
*           1491.8452355   6     1    27     8       221  60   2.351E+03
* Gp# 1[1,3,2,5,6] x,y,z = -1.77, 40.24, 3.272, q = 1 dT[2, 2, 11, 13] Src Amplitude = 64.0
*           1491.9409770   1     9    33    12       243  64   5.086E+03
*           1491.9409785   3     6    27     9       263  63   3.318E+03
*           1491.9409790   2     9    23    11       220  63   4.044E+03
*           1491.9409880   5     1    26     5       162  58   1.207E+03
*           1491.9409895   6    38    31    10       221  63   3.605E+03
* Gp# 1[1,3,2,5,6] x,y,z = -1.77, 40.24, 3.272, q = 1 dT[2, 2, 11, 13] Src Amplitude = 62.0
*           1492.0378380   1    12    29     9       240  62   3.329E+03
*           1492.0378395   3    13    23     6       169  61   2.096E+03
*           1492.0378400   2     9    21     8       217  61   2.546E+03
*           1492.0378490   5     1    22     4       159  56 777.477E+00
*           1492.0378505   6    38    27     7       159  61   2.281E+03
* Gp# 1[1,2,3,6,5] x,y,z = 2.914, 34.75, 4.757, q = 1 dT[2, 4, 15, 16] Src Amplitude = 64.0
*           1492.1335740   1    15    33    12       231  64   5.120E+03
*           1492.1335760   2    11    26    11       220  63   4.172E+03
*           1492.1335775   3    10    27     9       196  63   3.282E+03
*           1492.1335885   6    35    31    10       228  62   3.617E+03
*           1492.1335900   5    22    26     6       213  59   1.268E+03
* Gp# 1[1,3,2,5,6] x,y,z = -1.77, 40.24, 3.272, q = 1 dT[2, 2, 11, 13] Src Amplitude = 62.0
*           1492.2294930   1     9    27     9       223  62   3.294E+03
*           1492.2294945   3    10    22     6       169  61   2.101E+03
*           1492.2294950   2     9    18     9       234  62   2.989E+03
*           1492.2295040   5     1    19     4       159  57 796.040E+00
*           1492.2295055   6    38    27     8       218  61   2.345E+03
* Gp# 1[1,2,3,5,6] x,y,z = 0.9933, 37.43, 4.76, q = 1 dT[2, 4, 13, 15] Src Amplitude = 64.0
*           1492.3252710   1    15    33    12       231  64   5.124E+03
*           1492.3252730   2    11    23    11       223  63   4.253E+03
*           1492.3252745   3    10    27     9       264  64   3.336E+03
*           1492.3252840   5    25    26     6       216  59   1.285E+03
*           1492.3252855   6    38    31    10       228  62   3.622E+03
* Gp# 1[1,3,2,6,5] x,y,z = 0.3646, 37.52, 3.152, q = 1 dT[2, 2, 13, 14] Src Amplitude = 62.0
*           1492.4213980   1     9    28     9       223  62   3.295E+03
*           1492.4213995   3    10    24     7       260  62   2.171E+03
*           1492.4214000   2     6    21     6       106  61   2.156E+03
*           1492.4214105   6    38    27     7       156  60   2.262E+03
*           1492.4214120   5    22    20     3       104  57 721.366E+00
* Gp# 1[1,2,3,6,5] x,y,z = 5.307, 37.49, 5.233, q = 0.9591 dT[2, 4, 12, 16] Src Amplitude = 64.0
*           1492.5182360   1    15    31    12       246  64   5.158E+03
*           1492.5182380   2     8    24    11       240  62   4.348E+03
*           1492.5182395   3    14    27     8       173  63   3.241E+03
*           1492.5182475   6    38    31    10       228  62   3.633E+03
*           1492.5182520   5    25    24     6       219  59   1.288E+03
* Gp# 1[3,1,2,5,6] x,y,z = -8.787, 10.6, -3.426, q = 1 dT[5, 6, 25, 25] Src Amplitude = 54.0
*           1493.2553425   3     2     9     2       135  54 324.629E+00
*           1493.2553470   1     2    12     2        97  62 558.071E+00
*           1493.2553480   2     1     7     1        36  57 361.572E+00
*           1493.2553670   5    25    12     3       135  54 475.993E+00
*           1493.2553675   6    23    12     2        89  58 418.640E+00
* Gp# 1[2,1,3,5,6] x,y,z = 3.036, 38.54, -0.0904, q = 1 dT[1, 3, 12, 14] Src Amplitude = 61.0
*           1494.9332330   2     5    21     9       223  61   2.904E+03
*           1494.9332340   1    12    27     9       223  63   3.331E+03
*           1494.9332355   3    13    22     6       166  61   2.081E+03
*           1494.9332450   5     1    23     5       219  56 893.447E+00
*           1494.9332465   6    38    28     7       175  60   2.276E+03
* Gp# 1[1,3,2,6,5] x,y,z = 0.4228, 35.64, 6.368, q = 1 dT[4, 4, 15, 16] Src Amplitude = 64.0
*           1495.0300920   1     8    31    12       243  64   5.204E+03
*           1495.0300955   3    10    28     9       264  63   3.318E+03
*           1495.0300960   2     9    27    12       238  63   4.480E+03
*           1495.0301065   6    38    32    10       225  62   3.579E+03
*           1495.0301080   5    22    25     6       219  59   1.365E+03
* Gp# 1[1,2,3,5,6] x,y,z = 1.102, 35.55, 4.704, q = 1 dT[2, 4, 14, 16] Src Amplitude = 64.0
*           1495.2227030   1    15    32    12       246  64   5.243E+03
*           1495.2227050   2     8    28    12       223  63   4.347E+03
*           1495.2227065   3    14    26     9       261  63   3.340E+03
*           1495.2227170   5     2    26     6       222  58   1.382E+03
*           1495.2227185   6    38    31    10       221  62   3.550E+03
* Gp# 1[1,3,2,5,6] x,y,z = -3.639, 37.65, 3.359, q = 0.9495 dT[2, 2, 11, 16] Src Amplitude = 63.0
*           1495.3184560   1    12    28     9       243  63   3.369E+03
*           1495.3184575   3    13    21     6       169  61   2.087E+03
*           1495.3184580   2     2    20     9       220  61   2.752E+03
*           1495.3184670   5     1    22     4       162  56 834.659E+00
*           1495.3184715   6    35    27     8       215  60   2.292E+03
* Gp# 1[1,3,2,5,6] x,y,z = -1.77, 40.24, 3.272, q = 1 dT[2, 2, 11, 13] Src Amplitude = 64.0
*           1495.4143050   1     9    31    11       229  64   5.115E+03
*           1495.4143065   3     6    27     9       264  63   3.316E+03
*           1495.4143070   2     9    26    11       224  63   4.210E+03
*           1495.4143160   5    25    26     6       222  58   1.394E+03
*           1495.4143175   6    38    32    10       225  62   3.546E+03
* Gp# 1[1,2,3,5,6] x,y,z = 0.5213, 30.34, 4.416, q = 0.9805 dT[2, 4, 16, 19] Src Amplitude = 63.0
*           1495.5101510   1    15    27    10       246  63   3.435E+03
*           1495.5101530   2     8    23    10       237  62   3.064E+03
*           1495.5101545   3    10    23     6       170  61   2.107E+03
*           1495.5101670   5    22    22     4       163  57 847.310E+00
*           1495.5101695   6    31    26     7       175  60   2.268E+03
* Gp# 1[1,2,3,5,6] x,y,z = 2.413, 35.92, 5.551, q = 1 dT[2, 5, 14, 16] Src Amplitude = 64.0
*           1495.6061370   1    15    33    12       246  64   5.242E+03
*           1495.6061390   2     5    27    11       224  63   4.151E+03
*           1495.6061415   3    10    25     9       264  63   3.360E+03
*           1495.6061510   5    22    28     6       222  58   1.396E+03
*           1495.6061525   6    38    31    10       218  62   3.548E+03
* Gp# 1[1,3,2,5,6] x,y,z = -1.77, 40.24, 3.272, q = 1 dT[2, 2, 11, 13] Src Amplitude = 62.0
*           1498.0792410   1     9    28     9       241  62   3.426E+03
*           1498.0792425   3     6    22     7       193  62   2.154E+03
*           1498.0792430   2     9    19     9       224  61   2.751E+03
*           1498.0792520   5    25    25     5       220  57 955.888E+00
*           1498.0792535   6    38    28     7       179  60   2.211E+03
* Gp# 1[1,3,2,5,6] x,y,z = -1.837, 38.41, 6.617, q = 1 dT[4, 4, 13, 15] Src Amplitude = 64.0
*           1498.1761040   1    15    33    12       246  64   5.330E+03
*           1498.1761075   3    10    26     9       265  64   3.390E+03
*           1498.1761080   2     9    25    11       224  63   4.184E+03
*           1498.1761170   5    25    29     7       223  59   1.480E+03
*           1498.1761185   6    35    31     9       199  62   3.424E+03
* Gp# 1[1,3,2,5,6] x,y,z = -1.77, 40.24, 3.272, q = 1 dT[2, 2, 11, 13] Src Amplitude = 62.0
*           1498.2718720   1     6    27    10       244  62   3.449E+03
*           1498.2718735   3    10    21     6       153  61   2.126E+03
*           1498.2718740   2     9    21     9       224  62   2.800E+03
*           1498.2718830   5    25    24     5       220  57 948.076E+00
*           1498.2718845   6    35    28     7       179  60   2.207E+03
* Gp# 1[2,1,3,5,6] x,y,z = 3.036, 38.54, -0.0904, q = 1 dT[1, 3, 12, 14] Src Amplitude = 63.0
*           1498.3675900   2    12    25    12       241  63   4.536E+03
*           1498.3675910   1     9    32    12       244  64   5.260E+03
*           1498.3675925   3     6    28     8       177  63   3.243E+03
*           1498.3676020   5    25    27     7       222  58   1.492E+03
*           1498.3676035   6    38    31    10       222  62   3.437E+03
* Gp# 1[1,3,2,6,5] x,y,z = 0.4228, 35.64, 6.368, q = 1 dT[4, 4, 15, 16] Src Amplitude = 62.0
*           1498.4633950   1    15    29    10       243  62   3.495E+03
*           1498.4633985   3    10    21     6       174  62   2.132E+03
*           1498.4633990   2     9    21     9       222  61   2.988E+03
*           1498.4634095   6    35    27     7       179  60   2.198E+03
*           1498.4634110   5    22    24     5       217  57 966.525E+00
* Gp# 1[1,3,2,5,6] x,y,z = -3.604, 37.23, 7.573, q = 1 dT[4, 5, 14, 16] Src Amplitude = 64.0
*           1498.5592280   1    15    34    12       247  64   5.350E+03
*           1498.5592315   3    11    28     8       181  63   3.310E+03
*           1498.5592330   2     2    26    11       221  63   4.172E+03
*           1498.5592420   5     1    27     7       234  58   1.522E+03
*           1498.5592435   6    38    30    10       219  62   3.427E+03
* Gp# 1[1,3,2,5,6] x,y,z = -1.77, 40.24, 3.272, q = 1 dT[2, 2, 11, 13] Src Amplitude = 63.0
*           1498.6550920   1    12    28     9       229  63   3.420E+03
*           1498.6550935   3    10    22     6       177  61   2.156E+03
*           1498.6550940   2     2    21     9       224  61   2.761E+03
*           1498.6551030   5     1    24     5       219  56 966.190E+00
*           1498.6551045   6    38    27     7       179  60   2.198E+03
* Gp# 1[1,2,3,6,5] x,y,z = 5.307, 37.49, 5.233, q = 0.9591 dT[2, 4, 12, 16] Src Amplitude = 64.0
*           1498.7517820   1    15    34    12       246  64   5.336E+03
*           1498.7517840   2     8    25    12       224  63   4.438E+03
*           1498.7517855   3    10    26     8       197  63   3.306E+03
*           1498.7517935   6    38    31    10       202  62   3.391E+03
*           1498.7517980   5    25    27     7       226  58   1.495E+03
* Gp# 1[1,3,2,6,5] x,y,z = 0.3646, 37.52, 3.152, q = 1 dT[2, 2, 13, 14] Src Amplitude = 62.0
*           1501.2367520   1    13    28     9       227  62   3.471E+03
*           1501.2367535   3    10    21     7       181  61   2.216E+03
*           1501.2367540   2     9    21     9       222  61   2.804E+03
*           1501.2367645   6    35    26     7       176  60   2.084E+03
*           1501.2367660   5    22    24     5       220  57   1.026E+03
* Gp# 1[1,3,2,5,6] x,y,z = -1.77, 40.24, 3.272, q = 1 dT[2, 2, 11, 13] Src Amplitude = 64.0
*           1501.3328170   1     9    33    12       247  64   5.395E+03
*           1501.3328185   3     6    28     9       235  63   3.453E+03
*           1501.3328190   2     9    26    12       224  63   4.259E+03
*           1501.3328280   5    25    29     7       235  58   1.603E+03
*           1501.3328295   6    38    29     9       199  62   3.244E+03
* Gp# 1[2,1,3,5,6] x,y,z = 1.593, 38.14, -0.9178, q = 1 dT[1, 2, 12, 14] Src Amplitude = 61.0
*           1501.4286220   2     5    21     9       224  61   2.839E+03
*           1501.4286230   1    12    30    10       244  63   3.530E+03
*           1501.4286235   3    14    21     7       178  61   2.210E+03
*           1501.4286340   5     1    25     5       220  56   1.035E+03
*           1501.4286355   6    38    26     7       179  60   2.106E+03
* Gp# 1[2,1,3,5,6] x,y,z = 3.036, 38.54, -0.0904, q = 1 dT[1, 3, 12, 14] Src Amplitude = 63.0
*           1501.5244670   2    12    30    12       257  63   4.313E+03
*           1501.5244680   1     9    32    12       244  64   5.386E+03
*           1501.5244695   3     6    28     9       235  63   3.451E+03
*           1501.5244790   5    25    31     7       232  58   1.605E+03
*           1501.5244805   6    38    29     9       199  62   3.236E+03
* Gp# 1[1,3,2,5,6] x,y,z = -1.77, 40.24, 3.272, q = 1 dT[2, 2, 11, 13] Src Amplitude = 62.0
*           1501.6203180   1    12    30    10       244  62   3.530E+03
*           1501.6203195   3     6    20     6       174  61   2.197E+03
*           1501.6203200   2     1    20     9       218  60   2.615E+03
*           1501.6203290   5    25    25     5       223  57   1.041E+03
*           1501.6203305   6    38    27     7       179  60   2.076E+03
* Gp# 1[1,2,3,5,6] x,y,z = 0.5213, 30.34, 4.416, q = 0.9805 dT[2, 4, 16, 19] Src Amplitude = 65.0
*           1501.7163730   1    15    35    13       247  65   5.471E+03
*           1501.7163750   2     8    26    12       227  62   4.364E+03
*           1501.7163765   3    10    29     9       236  63   3.473E+03
*           1501.7163890   5     1    29     7       221  58   1.570E+03
*           1501.7163915   6    35    28     9       199  62   3.213E+03
* Gp# 1[1,2,3,5,6] x,y,z = 0.5213, 30.34, 4.416, q = 0.9805 dT[2, 4, 16, 19] Src Amplitude = 63.0
*           1501.8120970   1    15    29    10       244  63   3.580E+03
*           1501.8120990   2     8    21     9       224  61   2.940E+03
*           1501.8121005   3    10    23     7       178  61   2.210E+03
*           1501.8121130   5     1    26     5       218  56   1.031E+03
*           1501.8121155   6    35    26     7       179  60   2.060E+03
* Gp# 1[1,2,3,5,6] x,y,z = 0.5213, 30.34, 4.416, q = 0.9805 dT[2, 4, 16, 19] Src Amplitude = 65.0
*           1501.9078420   1    15    34    12       247  65   5.472E+03
*           1501.9078440   2     8    26    12       227  62   4.372E+03
*           1501.9078455   3    14    28     9       236  63   3.477E+03
*           1501.9078580   5     1    28     7       221  57   1.582E+03
*           1501.9078605   6    35    30     9       199  62   3.195E+03
* Gp# 1[1,3,2,5,6] x,y,z = -2.314, 31.55, 6.2, q = 1 dT[4, 4, 16, 19] Src Amplitude = 63.0
*           1504.3788230   1    15    30    10       247  63   3.642E+03
*           1504.3788265   3    10    23     7       178  61   2.278E+03
*           1504.3788270   2     6    22     9       219  61   2.717E+03
*           1504.3788390   5     1    24     5       221  56   1.063E+03
*           1504.3788415   6    35    26     7       176  60   1.954E+03
* Gp# 1[1,3,2,5,6] x,y,z = -1.837, 38.41, 6.617, q = 1 dT[4, 4, 13, 15] Src Amplitude = 64.0
*           1504.4748860   1    15    35    13       247  64   5.536E+03
*           1504.4748895   3    10    29    10       236  63   3.566E+03
*           1504.4748900   2     9    26    12       222  63   4.318E+03
*           1504.4748990   5    23    28     7       224  58   1.629E+03
*           1504.4749005   6    35    27     9       203  61   3.025E+03
* Gp# 1[1,2,3,6] x,y,z = 2.581, 25.65, 4.459, q = 1 dT[2, 4, 19] Src Amplitude = 63.0
*           1504.5717790   1    15    31    10       247  63   3.639E+03
*           1504.5717810   2     8    24     9       222  60   2.776E+03
*           1504.5717825   3    14    24     8       233  61   2.340E+03
*           1504.5717975   6    35    24     7       176  60   1.923E+03
* Gp# 1[1,2,3,5,6] x,y,z = 1.102, 35.55, 4.704, q = 1 dT[2, 4, 14, 16] Src Amplitude = 65.0
*           1504.6674970   1    15    35    13       247  65   5.571E+03
*           1504.6674990   2     8    27    13       261  63   4.526E+03
*           1504.6675005   3    14    29    10       293  63   3.625E+03
*           1504.6675110   5    25    29     7       217  58   1.637E+03
*           1504.6675125   6    38    27     9       203  62   3.029E+03
* Gp# 1[1,2,3,5,6] x,y,z = 2.413, 35.92, 5.551, q = 1 dT[2, 5, 14, 16] Src Amplitude = 63.0
*           1504.7632470   1    15    32    10       244  63   3.639E+03
*           1504.7632490   2     5    23     9       225  61   2.876E+03
*           1504.7632515   3    13    24     8       232  61   2.325E+03
*           1504.7632610   5    25    24     5       221  56   1.052E+03
*           1504.7632625   6    38    26     7       203  60   1.966E+03
* Gp# 1[1,3,2,5,6] x,y,z = -1.77, 40.24, 3.272, q = 1 dT[2, 2, 11, 13] Src Amplitude = 64.0
*           1504.8590990   1     9    35    12       245  64   5.503E+03
*           1504.8591005   3     6    29    10       236  64   3.612E+03
*           1504.8591010   2     9    26    11       222  63   4.172E+03
*           1504.8591100   5    25    29     7       224  59   1.644E+03
*           1504.8591115   6    35    28     9       203  61   3.005E+03
* Gp# 1[1,3,2,5,6] x,y,z = -2.314, 31.55, 6.2, q = 1 dT[4, 4, 16, 19] Src Amplitude = 63.0
*           1504.9549420   1    15    32    10       247  63   3.668E+03
*           1504.9549455   3    10    24     8       233  61   2.330E+03
*           1504.9549460   2     6    22     9       216  61   2.650E+03
*           1504.9549580   5     1    25     5       215  56   1.035E+03
*           1504.9549605   6    35    24     7       176  60   1.922E+03
* Gp# 1[1,3,2,6,5] x,y,z = 0.4228, 35.64, 6.368, q = 1 dT[4, 4, 15, 16] Src Amplitude = 64.0
*           1505.0510580   1    15    36    13       247  64   5.566E+03
*           1505.0510615   3    10    29    11       303  63   3.637E+03
*           1505.0510620   2     9    26    12       222  63   4.162E+03
*           1505.0510725   6    35    28     9       200  61   2.979E+03
*           1505.0510740   5    20    27     7       221  58   1.629E+03
* Gp# 1[1,3,2,6,5] x,y,z = 0.4228, 35.64, 6.368, q = 1 dT[4, 4, 15, 16] Src Amplitude = 64.0
*           1507.6147010   1    15    37    13       244  64   5.569E+03
*           1507.6147045   3    10    28    10       240  63   3.731E+03
*           1507.6147050   2     9    27    12       220  63   4.116E+03
*           1507.6147155   6    35    28     9       204  61   2.817E+03
*           1507.6147170   5    20    26     7       212  58   1.592E+03
* Gp# 1[1,2,3,5,6] x,y,z = 0.5213, 30.34, 4.416, q = 0.9805 dT[2, 4, 16, 19] Src Amplitude = 63.0
*           1507.7105060   1    15    31     9       186  63   3.569E+03
*           1507.7105080   2     2    22     9       222  60   2.670E+03
*           1507.7105095   3    10    25     8       237  61   2.417E+03
*           1507.7105220   5     1    24     5       219  55   1.056E+03
*           1507.7105245   6    35    24     6       176  59   1.778E+03
* Gp# 1[1,3,2,5,6] x,y,z = -1.77, 40.24, 3.272, q = 1 dT[2, 2, 11, 13] Src Amplitude = 64.0
*           1507.8063700   1     9    38    12       245  64   5.518E+03
*           1507.8063715   3     6    29    10       240  63   3.744E+03
*           1507.8063720   2     9    28    11       222  63   4.063E+03
*           1507.8063810   5    25    27     7       215  58   1.591E+03
*           1507.8063825   6    35    28     8       204  61   2.791E+03
* Gp# 1[1,3,2,6,5] x,y,z = 0.3646, 37.52, 3.152, q = 1 dT[2, 2, 13, 14] Src Amplitude = 62.0
*           1507.9022050   1    13    32     9       181  62   3.507E+03
*           1507.9022065   3    10    24     8       237  62   2.428E+03
*           1507.9022070   2     9    22     9       220  61   2.688E+03
*           1507.9022175   6    35    24     6       180  59   1.787E+03
*           1507.9022190   5     1    22     4       145  56 962.580E+00
* Gp# 1[1,2,3,6,5] x,y,z = 2.644, 33.41, 4.642, q = 1 dT[2, 4, 16, 16] Src Amplitude = 65.0
*           1507.9982390   1    15    37    13       282  65   5.651E+03
*           1507.9982410   2     8    27    12       228  63   4.271E+03
*           1507.9982425   3    14    28    10       237  63   3.753E+03
*           1507.9982545   6    38    27     9       207  61   2.795E+03
*           1507.9982550   5    23    26     7       216  58   1.614E+03
* Gp# 1[1,3,2,5,6] x,y,z = -1.77, 40.24, 3.272, q = 1 dT[2, 2, 11, 13] Src Amplitude = 63.0
*           1508.0939860   1    12    30    10       242  63   3.600E+03
*           1508.0939875   3    13    26     8       240  61   2.445E+03
*           1508.0939880   2     2    23     9       219  60   2.668E+03
*           1508.0939970   5    25    23     5       215  57   1.047E+03
*           1508.0939985   6    31    25     7       183  59   1.794E+03
* Gp# 1[1,2,3,5,6] x,y,z = 0.689, 42.8, 5.272, q = 1 dT[2, 4, 10, 12] Src Amplitude = 65.0
*           1508.1908720   1    15    38    13       245  65   5.610E+03
*           1508.1908740   2     8    28    12       225  63   4.425E+03
*           1508.1908755   3    14    29    10       241  63   3.767E+03
*           1508.1908820   5    29    27     7       222  58   1.641E+03
*           1508.1908835   6    35    27     9       211  61   2.811E+03
* Gp# 1[1,3,2,6,5] x,y,z = 0.3646, 37.52, 3.152, q = 1 dT[2, 2, 13, 14] Src Amplitude = 62.0
*           1510.6787320   1     9    31     9       184  62   3.565E+03
*           1510.6787335   3    10    26     8       237  61   2.506E+03
*           1510.6787340   2     9    23    10       223  61   2.850E+03
*           1510.6787445   6    35    26     6       180  59   1.700E+03
*           1510.6787460   5    20    20     4       142  56 993.586E+00
* Gp# 1[1,2,3,6,5] x,y,z = 5.307, 37.49, 5.233, q = 0.9591 dT[2, 4, 12, 16] Src Amplitude = 65.0
*           1510.7755670   1    15    38    13       245  65   5.635E+03
*           1510.7755690   2    11    27    12       225  63   4.279E+03
*           1510.7755705   3    10    28    10       241  63   3.856E+03
*           1510.7755785   6    42    30     9       208  61   2.653E+03
*           1510.7755830   5    23    22     5       145  58   1.522E+03
* Gp# 1[1,3,2,5,6] x,y,z = -1.77, 40.24, 3.272, q = 1 dT[2, 2, 11, 13] Src Amplitude = 62.0
*           1510.8717490   1     6    31    10       213  62   3.601E+03
*           1510.8717505   3    10    25     8       237  62   2.512E+03
*           1510.8717510   2     9    21     9       223  62   2.755E+03
*           1510.8717600   5    23    18     4       148  56   1.022E+03
*           1510.8717615   6    39    25     6       180  59   1.701E+03
* Gp# 1[1,2,3,6,5] x,y,z = 4.974, 34.53, 4.44, q = 1 dT[1, 4, 15, 16] Src Amplitude = 64.0
*           1510.9674610   1    15    39    13       242  64   5.635E+03
*           1510.9674620   2    12    29    12       226  63   4.389E+03
*           1510.9674645   3    10    28    10       237  63   3.831E+03
*           1510.9674755   6    39    29     8       184  61   2.613E+03
*           1510.9674770   5    20    22     6       148  57   1.522E+03
* Gp# 1[2,1,3,5,6] x,y,z = 3.036, 38.54, -0.0904, q = 1 dT[1, 3, 12, 14] Src Amplitude = 61.0
*           1511.0631550   2     5    22     9       223  61   2.751E+03
*           1511.0631560   1    12    31     9       184  63   3.569E+03
*           1511.0631575   3     6    26     8       237  61   2.524E+03
*           1511.0631670   5    25    20     4       111  57 951.511E+00
*           1511.0631685   6    35    27     6       180  59   1.697E+03
* Gp# 1[1,2,3,6,5] x,y,z = 2.644, 33.41, 4.642, q = 1 dT[2, 4, 16, 16] Src Amplitude = 65.0
*           1511.1589500   1    15    37    14       283  65   5.699E+03
*           1511.1589520   2     8    27    12       225  62   4.383E+03
*           1511.1589535   3    10    29    10       241  63   3.880E+03
*           1511.1589655   6    31    31     9       244  61   2.665E+03
*           1511.1589660   5    23    23     5       130  58   1.488E+03
* Gp# 1[1,3,2,6,5] x,y,z = 0.3646, 37.52, 3.152, q = 1 dT[2, 2, 13, 14] Src Amplitude = 63.0
*           1511.2547980   1    13    30    10       216  63   3.607E+03
*           1511.2547995   3    10    25     8       237  61   2.507E+03
*           1511.2548000   2     9    23     9       220  61   2.753E+03
*           1511.2548105   6    39    26     6       175  59   1.660E+03
*           1511.2548120   5     1    18     4       145  55 992.990E+00
* Gp# 1[1,3,2,5,6] x,y,z = -1.77, 40.24, 3.272, q = 1 dT[2, 2, 11, 13] Src Amplitude = 64.0
*           1511.3506690   1     9    37    12       216  64   5.510E+03
*           1511.3506705   3     6    28    10       237  63   3.849E+03
*           1511.3506710   2     9    26    12       226  63   4.138E+03
*           1511.3506800   5     1    23     6       158  58   1.545E+03
*           1511.3506815   6    35    30     9       208  61   2.632E+03
* Gp# 1[6,1,5,3] x,y,z = 7.023, 61.09, 9.061, q = 1 dT[3, 4, 7] Src Amplitude = 50.0
*           1513.6824575   6     1     2     0         1  50   0.000E+00
*           1513.6824600   1     2     5     0        47  50  94.370E+00
*           1513.6824610   5     7     6     1        48  54 238.650E+00
*           1513.6824645   3     1     1     0         1  45   0.000E+00
* Gp# 1[1,2,3,6,5] x,y,z = 2.914, 34.75, 4.757, q = 1 dT[2, 4, 15, 16] Src Amplitude = 63.0
*           1513.8546160   1    15    27     9       187  63   3.617E+03
*           1513.8546180   2    11    21     9       226  61   2.865E+03
*           1513.8546195   3    10    26     8       241  62   2.561E+03
*           1513.8546305   6    32    28     7       184  59   1.678E+03
*           1513.8546320   5     1    18     4       109  56 957.777E+00
* Gp# 1[1,3,2,5,6] x,y,z = -1.77, 40.24, 3.272, q = 1 dT[2, 2, 11, 13] Src Amplitude = 64.0
*           1513.9506580   1     9    35    13       321  64   5.628E+03
*           1513.9506595   3     6    27    10       241  63   3.899E+03
*           1513.9506600   2     9    26    12       224  63   4.242E+03
*           1513.9506690   5    23    22     6       148  57   1.558E+03
*           1513.9506705   6    35    32    10       272  60   2.675E+03
* Gp# 1[1,2,3,5,6] x,y,z = 0.5213, 30.34, 4.416, q = 0.9805 dT[2, 4, 16, 19] Src Amplitude = 63.0
*           1514.0464220   1    15    28    10       187  63   3.675E+03
*           1514.0464240   2     8    23     9       226  60   2.879E+03
*           1514.0464255   3    10    26     8       238  62   2.570E+03
*           1514.0464380   5    23    18     4       109  56 950.094E+00
*           1514.0464405   6    28    28     7       180  59   1.730E+03
* Gp# 1[2,1,3,5,6] x,y,z = 3.036, 38.54, -0.0904, q = 1 dT[1, 3, 12, 14] Src Amplitude = 62.0
*           1514.1421420   2    12    28    12       223  62   4.378E+03
*           1514.1421430   1     9    33    13       321  64   5.602E+03
*           1514.1421445   3     6    28    10       241  63   3.906E+03
*           1514.1421540   5    23    23     6       145  57   1.552E+03
*           1514.1421555   6    35    33    10       272  60   2.664E+03
* Gp# 1[1,3,2,5,6] x,y,z = -1.77, 40.24, 3.272, q = 1 dT[2, 2, 11, 13] Src Amplitude = 62.0
*           1514.2380070   1     6    28     9       182  62   3.552E+03
*           1514.2380085   3    10    26     8       238  62   2.555E+03
*           1514.2380090   2     9    25     9       221  61   2.818E+03
*           1514.2380180   5     1    20     4       148  55   1.020E+03
*           1514.2380195   6    35    28     7       184  58   1.674E+03
* Gp# 1[1,3,2,6,5] x,y,z = 2.754, 38.49, 6.723, q = 0.921 dT[4, 4, 12, 16] Src Amplitude = 65.0
*           1514.3338790   1    15    34    13       222  65   5.610E+03
*           1514.3338825   3    10    28    10       238  63   3.913E+03
*           1514.3338830   2     9    26    12       224  63   4.226E+03
*           1514.3338905   6    35    34    10       272  60   2.681E+03
*           1514.3338950   5    23    22     5       109  58   1.447E+03
* Gp# 1[1,3,2,6,5] x,y,z = 0.3646, 37.52, 3.152, q = 1 dT[2, 2, 13, 14] Src Amplitude = 62.0
*           1514.4299450   1     6    28    10       213  62   3.602E+03
*           1514.4299465   3     6    26     8       238  61   2.541E+03
*           1514.4299470   2     9    23     9       221  62   2.725E+03
*           1514.4299575   6    39    26     7       184  58   1.670E+03
*           1514.4299590   5     1    19     4       108  56 961.926E+00
* Gp# 1[1,3,2,5,6] x,y,z = -1.77, 40.24, 3.272, q = 1 dT[2, 2, 11, 13] Src Amplitude = 64.0
*           1514.5257010   1     6    34    13       281  64   5.583E+03
*           1514.5257025   3    10    28    10       241  63   3.933E+03
*           1514.5257030   2     9    29    13       253  63   4.668E+03
*           1514.5257120   5    28    23     5       133  57   1.532E+03
*           1514.5257135   6    35    33    10       269  60   2.678E+03
* Gp# 1[1,3,2,5,6] x,y,z = -2.796, 39.43, 2.128, q = 1 dT[1, 2, 11, 13] Src Amplitude = 62.0
*           1516.9896640   1    12    26     9       185  62   3.550E+03
*           1516.9896645   3     7    25     8       239  61   2.552E+03
*           1516.9896660   2     1    25    10       253  61   2.938E+03
*           1516.9896750   5    42    18     4       111  56 970.178E+00
*           1516.9896765   6    35    31     8       249  58   1.753E+03
* Gp# 1[1,3,2,6,5] x,y,z = 2.754, 38.49, 6.723, q = 0.921 dT[4, 4, 12, 16] Src Amplitude = 65.0
*           1517.0854060   1    15    30    12       226  65   5.617E+03
*           1517.0854095   3    10    29    10       239  63   3.916E+03
*           1517.0854100   2     6    29    12       228  62   4.354E+03
*           1517.0854175   6    32    35    10       273  60   2.753E+03
*           1517.0854220   5    23    19     5       131  58   1.511E+03
* Gp# 1[2,1,3,5,6] x,y,z = 3.036, 38.54, -0.0904, q = 1 dT[1, 3, 12, 14] Src Amplitude = 60.0
*           1517.1812840   2     5    22    10       227  60   2.898E+03
*           1517.1812850   1    12    27     9       213  63   3.608E+03
*           1517.1812865   3    13    24     8       238  61   2.539E+03
*           1517.1812960   5    42    18     4       111  56 971.728E+00
*           1517.1812975   6    35    31     8       246  59   1.760E+03
* Gp# 1[1,2,3,6] x,y,z = 2.581, 25.65, 4.459, q = 1 dT[2, 4, 19] Src Amplitude = 63.0
*           1517.3732000   1    15    28    10       219  63   3.663E+03
*           1517.3732020   2     8    23     8       170  60   2.640E+03
*           1517.3732035   3    10    25     8       239  61   2.572E+03
*           1517.3732185   6    25    30     7       180  59   1.689E+03
* Gp# 1[1,3,2,5,6] x,y,z = -1.837, 38.41, 6.617, q = 1 dT[4, 4, 13, 15] Src Amplitude = 64.0
*           1517.4689390   1    15    29    12       226  64   5.630E+03
*           1517.4689425   3    10    29    10       242  63   3.913E+03
*           1517.4689430   2     9    30    13       250  63   4.569E+03
*           1517.4689520   5    26    20     5       134  58   1.540E+03
*           1517.4689535   6    32    36    10       270  60   2.759E+03
* Gp# 1[1,3,2,6] x,y,z = -0.7805, 28.3, 6.097, q = 1 dT[4, 4, 19] Src Amplitude = 63.0
*           1517.5646860   1    15    27    10       219  63   3.675E+03
*           1517.5646895   3    10    27     8       235  62   2.599E+03
*           1517.5646900   2     9    25     9       218  61   2.739E+03
*           1517.5647045   6    28    30     7       196  58   1.682E+03
* Gp# 1[1,2,3,6,5] x,y,z = 5.307, 37.49, 5.233, q = 0.9591 dT[2, 4, 12, 16] Src Amplitude = 65.0
*           1517.6605050   1    15    30    12       219  65   5.606E+03
*           1517.6605070   2    11    28    13       259  62   4.533E+03
*           1517.6605085   3    10    30    10       239  63   3.904E+03
*           1517.6605165   6    35    37    10       253  60   2.740E+03
*           1517.6605210   5    23    20     5       112  58   1.481E+03
* Gp# 1[5,6,4,2,3,1] x,y,z = -1.138, 69.36, 2.704, q = 0.7838 dT[1, 3, 6, 8, 9] Src Amplitude = 63.0
*           1518.2150340   5    14    30     9       181  63   3.384E+03
*           1518.2150345   6     2    21     4       168  58   1.141E+03
*           1518.2150370   4     2     3     0        41  50  93.525E+00
*           1518.2150400   2    30    25    10       178  65   4.500E+03
*           1518.2150415   3     1    11     2       109  58 426.521E+00
*           1518.2150430   1    22    24     7       180  60   2.186E+03
* Gp# 1[1,3,2,6,5] x,y,z = 0.4228, 35.64, 6.368, q = 1 dT[4, 4, 15, 16] Src Amplitude = 63.0
*           1520.0324930   1    15    26    10       219  63   3.628E+03
*           1520.0324965   3    10    24     7       157  61   2.402E+03
*           1520.0324970   2     9    25     9       222  61   2.819E+03
*           1520.0325075   6    32    31     8       247  58   1.838E+03
*           1520.0325090   5    23    17     4       105  56 963.348E+00
* Gp# 1[1,3,2,5,6] x,y,z = -1.837, 38.41, 6.617, q = 1 dT[4, 4, 13, 15] Src Amplitude = 64.0
*           1520.1285020   1    15    29    12       219  64   5.552E+03
*           1520.1285055   3    10    30    11       284  64   3.917E+03
*           1520.1285060   2     9    28    13       254  63   4.565E+03
*           1520.1285150   5    26    20     6       223  58   1.615E+03
*           1520.1285165   6    32    37    10       274  60   2.859E+03
* Gp# 1[1,3,2,6] x,y,z = -0.7805, 28.3, 6.097, q = 1 dT[4, 4, 19] Src Amplitude = 63.0
*           1520.2243630   1    15    27     9       167  63   3.570E+03
*           1520.2243665   3     4    26     8       236  61   2.527E+03
*           1520.2243670   2     6    24    10       258  60   3.040E+03
*           1520.2243815   6    32    31     7       184  58   1.750E+03
* Gp# 1[1,3,2,5,6] x,y,z = -1.77, 40.24, 3.272, q = 1 dT[2, 2, 11, 13] Src Amplitude = 64.0
*           1520.3204010   1    13    29    12       217  64   5.472E+03
*           1520.3204025   3    10    31    10       239  63   3.891E+03
*           1520.3204030   2     9    29    13       264  63   4.600E+03
*           1520.3204120   5    26    21     6       223  57   1.602E+03
*           1520.3204135   6    32    37    10       271  60   2.866E+03
* Gp# 1[1,3,2,6] x,y,z = -0.7805, 28.3, 6.097, q = 1 dT[4, 4, 19] Src Amplitude = 63.0
*           1520.4161670   1    15    27     9       167  63   3.571E+03
*           1520.4161705   3    10    24     8       236  61   2.522E+03
*           1520.4161710   2     6    25    10       261  60   3.094E+03
*           1520.4161855   6    32    31     7       184  58   1.751E+03
* Gp# 1[1,3,2,5,6] x,y,z = -5.285, 43.89, 3.971, q = 0.8773 dT[2, 2, 7, 13] Src Amplitude = 64.0
*           1520.5118880   1     6    30    12       217  64   5.465E+03
*           1520.5118895   3     6    30    10       239  64   3.875E+03
*           1520.5118900   2     9    30    13       257  63   4.558E+03
*           1520.5118950   5    30    21     6       227  57   1.622E+03
*           1520.5119005   6    32    38    10       271  60   2.870E+03
* Gp# 1[1,3,2,6,5] x,y,z = 0.3646, 37.52, 3.152, q = 1 dT[2, 2, 13, 14] Src Amplitude = 62.0
*           1520.6077490   1     6    27     9       217  62   3.574E+03
*           1520.6077505   3     6    24     8       194  62   2.481E+03
*           1520.6077510   2     1    24     9       222  61   2.830E+03
*           1520.6077615   6    32    31     7       184  58   1.749E+03
*           1520.6077630   5    23    18     4       105  56 975.003E+00
* Gp# 1[1,3,2,6,5] x,y,z = 0.4228, 35.64, 6.368, q = 1 dT[4, 4, 15, 16] Src Amplitude = 65.0
*           1520.7035870   1    15    29    12       219  65   5.539E+03
*           1520.7035905   3    10    30    10       236  63   3.874E+03
*           1520.7035910   2     9    29    13       264  63   4.541E+03
*           1520.7036015   6    32    36    10       247  60   2.853E+03
*           1520.7036030   5    40    21     5       106  58   1.466E+03
* Gp# 1[6,3,1,5,2] x,y,z = 7.106, 71.44, 23.36, q = 0 dT[7, 8, 9, 22] Src Amplitude = 59.0
*           1521.0274395   6     6    16     3       141  59 778.468E+00
*           1521.0274465   3     1     7     0        30  48  61.863E+00
*           1521.0274470   1     9    13     2       114  56 505.193E+00
*           1521.0274480   5    63    23     6       121  57   1.837E+03
*           1521.0274610   2     8    11     5       101  63   2.201E+03
* Gp# 1[2,1,3,5,6] x,y,z = 3.036, 38.54, -0.0904, q = 1 dT[1, 3, 12, 14] Src Amplitude = 62.0
*           1523.0659850   2     5    25    10       232  62   3.167E+03
*           1523.0659860   1     6    26     9       217  62   3.575E+03
*           1523.0659875   3     6    23     8       194  61   2.480E+03
*           1523.0659970   5    23    18     5       220  56   1.085E+03
*           1523.0659985   6    32    32     8       227  57   1.922E+03
* Gp# 1[1,2,3,6,5] x,y,z = 5.307, 37.49, 5.233, q = 0.9591 dT[2, 4, 12, 16] Src Amplitude = 65.0
*           1523.1625350   1    15    30    12       223  65   5.592E+03
*           1523.1625370   2     8    30    13       254  62   4.699E+03
*           1523.1625385   3    10    27    10       198  63   3.808E+03
*           1523.1625465   6    39    35    10       234  60   2.957E+03
*           1523.1625510   5    40    22     7       224  59   1.645E+03
* Gp# 1[1,3,2,6,5] x,y,z = 11.22, 13.6, 4.573, q = 0.7447 dT[2, 2, 13, 30] Src Amplitude = 62.0
*           1523.2585970   1     9    26     9       217  62   3.595E+03
*           1523.2585985   3     6    24     8       218  61   2.487E+03
*           1523.2585990   2     1    24     9       226  61   2.894E+03
*           1523.2586095   6    32    31     8       227  57   1.916E+03
*           1523.2586270   5     4    20     4       140  56 973.738E+00
* Gp# 1[1,2,3,5,6] x,y,z = 1.102, 35.55, 4.704, q = 1 dT[2, 4, 14, 16] Src Amplitude = 64.0
*           1523.3554630   1    15    31    12       220  64   5.586E+03
*           1523.3554650   2     8    29    13       267  62   4.670E+03
*           1523.3554665   3     7    28    10       219  63   3.864E+03
*           1523.3554770   5    23    25     7       226  58   1.673E+03
*           1523.3554785   6    32    37    11       272  59   3.014E+03
* Gp# 1[1,2,3,6] x,y,z = 2.581, 25.65, 4.459, q = 1 dT[2, 4, 19] Src Amplitude = 63.0
*           1523.4512290   1    15    28    10       220  63   3.666E+03
*           1523.4512310   2     8    23     9       225  61   2.943E+03
*           1523.4512325   3    10    22     8       195  61   2.479E+03
*           1523.4512475   6    32    31     8       212  58   1.892E+03
* Gp# 1[1,2,3,5,6] x,y,z = -2.184, 39.48, 5.253, q = 0.8679 dT[2, 4, 10, 16] Src Amplitude = 64.0
*           1523.5470090   1    15    31    12       220  64   5.590E+03
*           1523.5470110   2     8    29    13       264  62   4.765E+03
*           1523.5470125   3    11    28    10       198  63   3.805E+03
*           1523.5470190   5    27    26     7       227  58   1.691E+03
*           1523.5470245   6    35    36    10       227  59   2.954E+03
* Gp# 1[1,2,3,5,6] x,y,z = -1.25, 33.54, 4.527, q = 0.9147 dT[2, 4, 13, 19] Src Amplitude = 63.0
*           1523.6428550   1    15    27     9       196  63   3.629E+03
*           1523.6428570   2    11    25    11       264  61   3.386E+03
*           1523.6428585   3    10    24     8       191  62   2.457E+03
*           1523.6428680   5    43    19     5       227  57   1.104E+03
*           1523.6428735   6     1    32     7       212  58   1.889E+03
* Gp# 1[5,1,4,6,2,3] x,y,z = -11.21, 67.15, 16.1, q = 0.1827 dT[6, 8, 9, 11, 14] Src Amplitude = 67.0
*           1523.7051760   5     6    41    14       269  67   5.532E+03
*           1523.7051820   1    54    35    11       298  59   2.964E+03
*           1523.7051840   4     4     5     1        62  56 260.250E+00
*           1523.7051845   6     3    37    13       270  66   6.050E+03
*           1523.7051870   2    16    32    15       206  66   8.318E+03
*           1523.7051895   3    12    19     7       204  59   1.755E+03
* Gp# 1[1,3,2,6,5] x,y,z = 0.4228, 35.64, 6.368, q = 1 dT[4, 4, 15, 16] Src Amplitude = 64.0
*           1523.7387010   1    15    31    12       220  64   5.621E+03
*           1523.7387045   3    10    27    10       198  63   3.797E+03
*           1523.7387050   2     9    27    13       258  63   4.609E+03
*           1523.7387155   6    32    35    11       276  59   3.036E+03
*           1523.7387170   5    40    23     7       221  58   1.641E+03
* Gp# 1[1,3,2,6,5] x,y,z = -1.246, 34.04, 11.71, q = 0.6838 dT[5, 10, 14, 22] Src Amplitude = 56.0
*           1523.9850840   1    38    15     3       111  56 852.375E+00
*           1523.9850885   3     2     5     0        21  54 166.758E+00
*           1523.9850940   2     2     8     2        84  54 445.060E+00
*           1523.9850975   6    53     7     1        62  53 186.350E+00
*           1523.9851060   5     6    10     2        73  59 711.925E+00
* Gp# 1[1,2,3,6] x,y,z = 2.581, 25.65, 4.459, q = 1 dT[2, 4, 19] Src Amplitude = 63.0
*           1526.1198700   1    15    30    10       220  63   3.663E+03
*           1526.1198720   2     8    22     9       229  60   2.864E+03
*           1526.1198735   3    10    24     8       195  61   2.480E+03
*           1526.1198885   6   118    31     8       216  58   1.936E+03
* Gp# 1[3,1,5,2,4,6] x,y,z = -17.14, 49.9, 2.502, q = 0.8089 dT[4, 4, 6, 10, 14] Src Amplitude = 60.0
*           1526.1402425   3     5    19     6       198  60   1.686E+03
*           1526.1402460   1    23    33    16       299  69  10.518E+03
*           1526.1402460   5    30    45    17       189  68  10.402E+03
*           1526.1402480   2     8    30    16       198  71  10.734E+03
*           1526.1402520   4     2     6     1        82  49 195.689E+00
*           1526.1402565   6    15    27     9       179  61   3.473E+03
* Gp# 1[1,3,2,5,6] x,y,z = -1.77, 40.24, 3.272, q = 1 dT[2, 2, 11, 13] Src Amplitude = 64.0
*           1526.2167370   1    13    32    12       214  64   5.491E+03
*           1526.2167385   3     6    25    10       198  63   3.801E+03
*           1526.2167390   2     9    27    12       262  63   4.438E+03
*           1526.2167480   5    43    22     7       224  59   1.741E+03
*           1526.2167495   6    32    34    10       219  59   2.973E+03
* Gp# 1[2,1,3,5,6] x,y,z = 3.036, 38.54, -0.0904, q = 1 dT[1, 3, 12, 14] Src Amplitude = 60.0
*           1526.3128090   2     5    23     9       226  60   2.956E+03
*           1526.3128100   1     9    29    10       214  62   3.602E+03
*           1526.3128115   3     6    24     8       198  61   2.470E+03
*           1526.3128210   5    26    20     5       169  57   1.093E+03
*           1526.3128225   6   121    31     8       222  57   1.956E+03
* Gp# 1[1,2,3,5,6] x,y,z = 1.102, 35.55, 4.704, q = 1 dT[2, 4, 14, 16] Src Amplitude = 64.0
*           1526.4096710   1    15    35    13       251  64   5.626E+03
*           1526.4096730   2     8    28    12       229  62   4.334E+03
*           1526.4096745   3    11    27    10       199  63   3.813E+03
*           1526.4096850   5    57    25     7       224  58   1.734E+03
*           1526.4096865   6   121    34    10       228  59   3.014E+03
* Gp# 1[1,3,2,5,6] x,y,z = -1.77, 40.24, 3.272, q = 1 dT[2, 2, 11, 13] Src Amplitude = 62.0
*           1526.5054220   1     9    29    10       214  62   3.583E+03
*           1526.5054235   3     6    23     8       195  61   2.479E+03
*           1526.5054240   2    12    22     9       223  61   2.805E+03
*           1526.5054330   5    43    20     5       166  56   1.076E+03
*           1526.5054345   6   121    31     8       222  57   1.961E+03
* Gp# 1[1,3,2,5,6] x,y,z = -1.77, 40.24, 3.272, q = 1 dT[2, 2, 11, 13] Src Amplitude = 64.0
*           1526.6011870   1     6    34    12       214  64   5.477E+03
*           1526.6011885   3     6    27    10       198  64   3.783E+03
*           1526.6011890   2     1    26    12       262  62   4.410E+03
*           1526.6011980   5    43    23     7       224  58   1.752E+03
*           1526.6011995   6    32    34    10       219  59   2.973E+03
* Gp# 1[1,3,2,6,5] x,y,z = 0.3646, 37.52, 3.152, q = 1 dT[2, 2, 13, 14] Src Amplitude = 62.0
*           1526.6969370   1    13    30     9       156  62   3.501E+03
*           1526.6969385   3    10    23     8       198  62   2.469E+03
*           1526.6969390   2     9    21     9       227  61   2.848E+03
*           1526.6969495   6    29    30     8       211  57   1.926E+03
*           1526.6969510   5    40    20     5       163  57   1.078E+03
* Gp# 1[1,2,3,5,6] x,y,z = 2.413, 35.92, 5.551, q = 1 dT[2, 5, 14, 16] Src Amplitude = 64.0
*           1526.7935970   1    12    34    13       251  64   5.630E+03
*           1526.7935990   2     5    24    11       229  62   4.276E+03
*           1526.7936015   3    10    26    10       198  63   3.789E+03
*           1526.7936110   5    57    25     7       224  58   1.746E+03
*           1526.7936125   6    32    34    10       225  59   3.003E+03
* Gp# 1[3,2,1,6,5] x,y,z = -10.42, 49.44, -21.59, q = 0.644 dT[7, 11, 12, 13] Src Amplitude = 53.0
*           1527.3185175   3     1     4     1        76  53 139.036E+00
*           1527.3185240   2     2    10     2        45  65   1.210E+03
*           1527.3185280   1    11    18     4       130  63   1.423E+03
*           1527.3185295   6     1    12     2       105  54 430.695E+00
*           1527.3185300   5     2    12     2        99  58 497.375E+00
* Gp# 1[6,5,1,3,2] x,y,z = 0.7777, 85.11, 6.916, q = 1 dT[1, 16, 17, 18] Src Amplitude = 60.0
*           1528.4987375   6    18    13     4       192  60 762.707E+00
*           1528.4987380   5    26    21     4       139  54 676.163E+00
*           1528.4987530   1    65    17     4       161  55 693.074E+00
*           1528.4987545   3    13     8     2       104  55 335.602E+00
*           1528.4987550   2     1    10     3        79  59   1.171E+03
* Gp# 1[1,3,2,6,5] x,y,z = 0.3646, 37.52, 3.152, q = 1 dT[2, 2, 13, 14] Src Amplitude = 62.0
*           1529.2039080   1    13    30     9       156  62   3.395E+03
*           1529.2039095   3    10    24     8       195  61   2.434E+03
*           1529.2039100   2     9    18     7       152  61   2.659E+03
*           1529.2039205   6   122    31     8       223  57   1.874E+03
*           1529.2039220   5    40    22     5       160  57   1.107E+03
* Gp# 1[1,2,3,5,6] x,y,z = 1.102, 35.55, 4.704, q = 1 dT[2, 4, 14, 16] Src Amplitude = 64.0
*           1529.3007360   1    15    36    12       217  64   5.498E+03
*           1529.3007380   2     8    21    10       165  62   4.117E+03
*           1529.3007395   3     7    28    10       199  63   3.766E+03
*           1529.3007500   5    57    31     7       218  59   1.843E+03
*           1529.3007515   6    32    36    10       229  59   3.019E+03
* Gp# 1[1,3,2,5,6] x,y,z = -1.77, 40.24, 3.272, q = 1 dT[2, 2, 11, 13] Src Amplitude = 62.0
*           1529.3968900   1     9    30     9       161  62   3.430E+03
*           1529.3968915   3     6    25     8       195  61   2.445E+03
*           1529.3968920   2     1    19     7       152  61   2.496E+03
*           1529.3969010   5    43    23     6       209  58   1.193E+03
*           1529.3969025   6    32    31     8       223  57   1.860E+03
* Gp# 1[1,3,2,6,5] x,y,z = 0.4228, 35.64, 6.368, q = 1 dT[4, 4, 15, 16] Src Amplitude = 64.0
*           1529.4926060   1    15    34    13       251  64   5.428E+03
*           1529.4926095   3    10    27    10       199  64   3.762E+03
*           1529.4926100   2     9    23    10       196  62   4.127E+03
*           1529.4926205   6   122    35    10       230  59   2.880E+03
*           1529.4926220   5    40    28     7       222  59   1.815E+03
* Gp# 1[1,3,2,6,5] x,y,z = 0.4228, 35.64, 6.368, q = 1 dT[4, 4, 15, 16] Src Amplitude = 62.0
*           1529.5884100   1    15    30     9       194  62   3.503E+03
*           1529.5884135   3    10    24     8       195  62   2.459E+03
*           1529.5884140   2     9    19     7       159  61   2.530E+03
*           1529.5884245   6   122    31     7       212  57   1.807E+03
*           1529.5884260   5     1    22     5       206  57   1.169E+03
* Gp# 1[1,3,2,6,5] x,y,z = 0.4228, 35.64, 6.368, q = 1 dT[4, 4, 15, 16] Src Amplitude = 64.0
*           1529.6841230   1    15    35    13       251  64   5.436E+03
*           1529.6841265   3    10    29    10       199  63   3.755E+03
*           1529.6841270   2     9    23     9       159  63   3.784E+03
*           1529.6841375   6   122    34    10       230  59   2.845E+03
*           1529.6841390   5     1    29     7       222  59   1.828E+03
* Gp# 1[1,3,2,5,6] x,y,z = -4.548, 34.64, 6.55, q = 0.9309 dT[4, 4, 13, 19] Src Amplitude = 62.0
*           1529.7799820   1    15    31     9       194  62   3.517E+03
*           1529.7799855   3    10    24     8       195  61   2.434E+03
*           1529.7799860   2     9    18     7       156  60   2.447E+03
*           1529.7799950   5    58    23     5       197  57   1.160E+03
*           1529.7800005   6   118    30     8       223  57   1.856E+03
* Gp# 1[1,2,3,5,6] x,y,z = -2.184, 39.48, 5.253, q = 0.8679 dT[2, 4, 10, 16] Src Amplitude = 64.0
*           1529.8758470   1    15    35    13       290  64   5.469E+03
*           1529.8758490   2     8    21     9       165  63   4.091E+03
*           1529.8758505   3    10    28    10       199  63   3.776E+03
*           1529.8758570   5    61    31     7       222  58   1.837E+03
*           1529.8758625   6    35    35    10       263  58   2.887E+03
* Gp# 1[3,2,1,5,6] x,y,z = -8.359, 22.07, -5.213, q = 0.9785 dT[6, 7, 21, 26] Src Amplitude = 49.0
*           1531.4405465   3     1     7     1       117  49 169.056E+00
*           1531.4405520   2     1     8     2        71  54 638.685E+00
*           1531.4405530   1     9    10     1        62  56 367.948E+00
*           1531.4405670   5     1     7     2        77  54 356.510E+00
*           1531.4405725   6     1    11     2       119  51 256.681E+00
* Gp# 1[3,2,1,5,6] x,y,z = -9.508, 39.39, -4.088, q = 0.877 dT[5, 6, 12, 20] Src Amplitude = 45.0
*           1531.6497335   3     1     2     0         1  45   0.000E+00
*           1531.6497380   2     2     3     1        51  59 417.143E+00
*           1531.6497390   1     1    10     1        85  58 343.143E+00
*           1531.6497450   5     2     9     1        42  52 203.374E+00
*           1531.6497535   6     1     2     0        28  53  84.640E+00
* Gp# 1[1,2,3,5,6] x,y,z = 1.102, 35.55, 4.704, q = 1 dT[2, 4, 14, 16] Src Amplitude = 63.0
*           1532.4157350   1    15    36    12       294  63   4.934E+03
*           1532.4157370   2     8    21     9       162  62   3.822E+03
*           1532.4157385   3     3    28    10       200  63   3.656E+03
*           1532.4157490   5    43    28     7       212  58   1.832E+03
*           1532.4157505   6    32    38     9       230  58   2.509E+03
* Gp# 1[1,3,2,5,6] x,y,z = -2.125, 33.58, 3.019, q = 1 dT[2, 2, 14, 17] Src Amplitude = 62.0
*           1532.5116000   1    13    30     9       212  62   3.084E+03
*           1532.5116015   3    10    25     8       196  62   2.388E+03
*           1532.5116020   2     9    16     7       146  61   2.304E+03
*           1532.5116140   5     1    25     6       207  57   1.194E+03
*           1532.5116165   6    32    33     7       220  56   1.605E+03
* Gp# 1[1,2,3,5,6] x,y,z = 1.102, 35.55, 4.704, q = 1 dT[2, 4, 14, 16] Src Amplitude = 63.0
*           1532.6076420   1    12    35    12       294  63   4.899E+03
*           1532.6076440   2     8    20     9       158  62   3.900E+03
*           1532.6076455   3     7    27    10       200  63   3.663E+03
*           1532.6076560   5    43    29     7       209  59   1.816E+03
*           1532.6076575   6   119    38    10       255  58   2.537E+03
* Gp# 1[1,3,2,6] x,y,z = -1.247, 17.47, 6.276, q = 1 dT[4, 4, 23] Src Amplitude = 62.0
*           1532.7034320   1    15    30     8       167  62   3.061E+03
*           1532.7034355   3    10    25     8       196  62   2.380E+03
*           1532.7034360   2     6    17     7       153  60   2.312E+03
*           1532.7034545   6    28    28     7       223  56   1.578E+03
* Gp# 1[1,2,3,5,6] x,y,z = -0.3676, 36.06, 5.543, q = 1 dT[3, 4, 14, 16] Src Amplitude = 63.0
*           1532.7991290   1    12    36    12       294  63   4.830E+03
*           1532.7991320   2     8    21     9       157  62   3.833E+03
*           1532.7991325   3     7    27    10       200  63   3.651E+03
*           1532.7991430   5    43    29     7       209  59   1.828E+03
*           1532.7991445   6    32    38    10       252  58   2.490E+03
* Gp# 1[1,3,2,6,5] x,y,z = 0.3646, 37.52, 3.152, q = 1 dT[2, 2, 13, 14] Src Amplitude = 62.0
*           1532.8949650   1    13    30     8       162  62   2.959E+03
*           1532.8949665   3    10    25     8       196  62   2.358E+03
*           1532.8949670   2     9    17     7       159  61   2.490E+03
*           1532.8949775   6    36    32     7       231  57   1.579E+03
*           1532.8949790   5    55    25     5       207  56   1.179E+03
* Gp# 1[1,3,2,5,6] x,y,z = -1.77, 40.24, 3.272, q = 1 dT[2, 2, 11, 13] Src Amplitude = 63.0
*           1532.9908220   1     6    34    12       252  63   4.643E+03
*           1532.9908235   3     6    28    10       199  63   3.642E+03
*           1532.9908240   2     9    19     9       159  63   3.801E+03
*           1532.9908330   5    43    30     7       219  59   1.838E+03
*           1532.9908345   6   119    38     9       231  58   2.424E+03
* Gp# 1[5,6,2,1,3] x,y,z = -1.451, 76.1, 4.358, q = 0.6961 dT[3, 9, 11, 16] Src Amplitude = 61.0
*           1533.3546500   5     4    22     6       148  61   2.078E+03
*           1533.3546525   6    14    21     6       191  65   1.847E+03
*           1533.3546590   2     1    16     7       166  62   2.085E+03
*           1533.3546610   1    68    22     4       163  58 793.428E+00
*           1533.3546655   3     1     9     2       151  53 378.225E+00
* Gp# 1[5,6,1,2,3] x,y,z = -8.574, 88.25, 11.84, q = 0.9562 dT[8, 20, 22, 24] Src Amplitude = 68.0
*           1534.8661690   5     4    21     8       138  68   6.652E+03
*           1534.8661765   6     2    12     3       112  58 750.230E+00
*           1534.8661890   1    14    14     2       108  54 454.271E+00
*           1534.8661910   2    20     8     1        41  58 582.109E+00
*           1534.8661925   3     1     8     1       124  52 218.563E+00
* Gp# 1[1,3,2,6,5] x,y,z = 0.3646, 37.52, 3.152, q = 1 dT[2, 2, 13, 14] Src Amplitude = 61.0
*           1535.4929000   1     6    32     9       253  61   2.620E+03
*           1535.4929015   3     6    23     7       196  61   2.274E+03
*           1535.4929020   2     9    19     5        87  61   2.230E+03
*           1535.4929125   6     1    29     6       225  57   1.345E+03
*           1535.4929140   5    55    24     4       146  57   1.023E+03
* Gp# 1[1,2,3,6] x,y,z = 2.65, 40.29, 4.569, q = 1 dT[2, 4, 12] Src Amplitude = 63.0
*           1535.5897660   1    15    33    11       292  63   4.132E+03
*           1535.5897680   2     8    26    10       182  62   4.045E+03
*           1535.5897695   3    10    27    10       215  63   3.518E+03
*           1535.5897775   6    36    36     9       254  58   2.129E+03
* Gp# 1[1,3,2,5,6] x,y,z = -2.796, 39.43, 2.128, q = 1 dT[1, 2, 11, 13] Src Amplitude = 61.0
*           1535.6855130   1     9    28     8       247  61   2.648E+03
*           1535.6855135   3     7    25     7       197  61   2.285E+03
*           1535.6855150   2     2    17     6       131  60   2.386E+03
*           1535.6855240   5    43    23     5       161  57   1.111E+03
*           1535.6855255   6    32    28     7       231  56   1.359E+03
* Gp# 1[1,3,2,6,5] x,y,z = 0.4228, 35.64, 6.368, q = 1 dT[4, 4, 15, 16] Src Amplitude = 63.0
*           1535.7813310   1    15    34    11       292  63   4.070E+03
*           1535.7813345   3    10    27     9       196  64   3.459E+03
*           1535.7813350   2     9    22     9       159  62   3.781E+03
*           1535.7813455   6    36    36     9       303  58   2.151E+03
*           1535.7813470   5    41    26     6       205  58   1.665E+03
* Gp# 1[1,3,2,5] x,y,z = -0.5967, 37.19, 6.49, q = 1 dT[4, 4, 14] Src Amplitude = 61.0
*           1535.8771520   1    12    29     8       250  61   2.586E+03
*           1535.8771555   3     4    24     7       193  62   2.246E+03
*           1535.8771560   2     1    19     6       132  61   2.311E+03
*           1535.8771660   5    43    23     4       154  57   1.023E+03
* Gp# 1[1,3,2,6,5] x,y,z = 2.754, 38.49, 6.723, q = 0.921 dT[4, 4, 12, 16] Src Amplitude = 63.0
*           1535.9730040   1    15    35    11       292  63   4.015E+03
*           1535.9730075   3    10    27    10       215  64   3.489E+03
*           1535.9730080   2     9    22     9       162  62   3.774E+03
*           1535.9730155   6    39    37     8       241  58   2.063E+03
*           1535.9730200   5    41    26     6       205  59   1.652E+03
* Gp# 1[1,3,2,5,6] x,y,z = -1.77, 40.24, 3.272, q = 1 dT[2, 2, 11, 13] Src Amplitude = 61.0
*           1536.0690610   1     6    29     8       250  61   2.505E+03
*           1536.0690625   3     6    25     7       196  61   2.247E+03
*           1536.0690630   2     2    20     9       236  61   2.721E+03
*           1536.0690720   5     1    24     5       154  57   1.024E+03
*           1536.0690735   6    32    28     7       244  56   1.346E+03
* Gp# 1[1,2,3,6,5] x,y,z = 12.5, 23.93, 19.11, q = 1 dT[8, 13, 21, 25] Src Amplitude = 70.0
*           1537.0520520   1     2    28    11       164  70   7.660E+03
*           1537.0520600   2    37    15     5        87  61   1.851E+03
*           1537.0520645   3     3    13     3       114  58 649.820E+00
*           1537.0520725   6     7    16     4       135  60   1.002E+03
*           1537.0520770   5    30    22     4       131  56   1.086E+03
* Gp# 1[6,1,5,3] x,y,z = 15.93, 61.99, 9.789, q = 1 dT[6, 8, 11] Src Amplitude = 53.0
*           1537.1078755   6     2     5     0        34  53 105.133E+00
*           1537.1078810   1     1     3     0         1  48   0.000E+00
*           1537.1078830   5     1    10     1        82  51 188.504E+00
*           1537.1078865   3     1     1     0         1  45   0.000E+00
* Gp# 1[1,3,2,6] x,y,z = -0.7805, 28.3, 6.097, q = 1 dT[4, 4, 19] Src Amplitude = 61.0
*           1538.6796460   1     8    28     6       151  61   2.114E+03
*           1538.6796495   3    10    24     7       193  62   2.201E+03
*           1538.6796500   2     9    22     9       234  61   2.760E+03
*           1538.6796645   6    29    29     7       242  57   1.355E+03
* Gp# 1[2,1,3,5,6] x,y,z = 1.318, 41.45, -1.192, q = 0.7897 dT[1, 3, 8, 14] Src Amplitude = 62.0
*           1538.7765040   2    36    28    12       243  62   4.234E+03
*           1538.7765050   1     6    37    10       254  63   3.284E+03
*           1538.7765065   3     6    30     9       212  63   3.389E+03
*           1538.7765120   5     1    23     5       162  57   1.442E+03
*           1538.7765175   6     1    33     8       242  58   2.000E+03
* Gp# 1[2,1,3,5,6] x,y,z = 1.593, 38.14, -0.9178, q = 1 dT[1, 2, 12, 14] Src Amplitude = 60.0
*           1538.8723420   2     5    20     7       135  60   2.419E+03
*           1538.8723430   1     3    30     8       251  61   2.130E+03
*           1538.8723435   3     7    24     7       194  62   2.186E+03
*           1538.8723540   5     1    19     3       103  57 843.888E+00
*           1538.8723555   6    32    28     6       239  56   1.296E+03
* Gp# 1[2,1,3,5,6] x,y,z = 1.318, 41.45, -1.192, q = 0.7897 dT[1, 3, 8, 14] Src Amplitude = 63.0
*           1538.9683790   2    36    29    12       246  63   4.329E+03
*           1538.9683800   1     6    38    10       254  63   3.255E+03
*           1538.9683815   3     6    30     9       215  63   3.366E+03
*           1538.9683870   5     1    23     6       233  58   1.491E+03
*           1538.9683925   6    54    32     8       246  58   2.015E+03
* Gp# 1[1,3,2,6] x,y,z = -0.7805, 28.3, 6.097, q = 1 dT[4, 4, 19] Src Amplitude = 61.0
*           1539.0641290   1     8    31     8       251  61   2.176E+03
*           1539.0641325   3    10    24     7       190  61   2.177E+03
*           1539.0641330   2     6    21     8       221  61   2.586E+03
*           1539.0641475   6    29    28     6       242  57   1.307E+03
* Gp# 1[1,3,2,6,5] x,y,z = 2.754, 38.49, 6.723, q = 0.921 dT[4, 4, 12, 16] Src Amplitude = 63.0
*           1539.1598670   1     8    36    10       251  63   3.268E+03
*           1539.1598705   3    10    29     9       239  63   3.395E+03
*           1539.1598710   2     9    24    11       237  62   4.193E+03
*           1539.1598785   6    36    33     9       332  58   2.098E+03
*           1539.1598830   5    41    23     5       155  59   1.384E+03
* Gp# 1[1,3,2,6] x,y,z = -0.7805, 28.3, 6.097, q = 1 dT[4, 4, 19] Src Amplitude = 61.0
*           1539.2557440   1     8    30     8       248  61   2.137E+03
*           1539.2557475   3    10    24     7       190  62   2.151E+03
*           1539.2557480   2     9    20     7       135  61   2.308E+03
*           1539.2557625   6    29    27     6       242  56   1.306E+03
* Gp# 1[1,3,2,6,5] x,y,z = 0.4228, 35.64, 6.368, q = 1 dT[4, 4, 15, 16] Src Amplitude = 63.0
*           1539.3523480   1     8    36    10       254  63   3.259E+03
*           1539.3523515   3    10    30     9       239  63   3.427E+03
*           1539.3523520   2     9    24    11       234  63   4.064E+03
*           1539.3523625   6    33    31     8       246  58   2.020E+03
*           1539.3523640   5    41    23     6       227  59   1.448E+03
* Gp# 1[1,2,5,3,6] x,y,z = 7.603, 36.1, 13.59, q = 0.3458 dT[1, 10, 15, 24] Src Amplitude = 75.0
*           1540.2448950   1     7    40    19       241  75  19.300E+03
*           1540.2448960   2    38    27    13       230  63   5.890E+03
*           1540.2449050   5    27    35    11       229  62   4.574E+03
*           1540.2449095   3    15    17     4       169  59 890.711E+00
*           1540.2449185   6     2    26     8       195  65   3.097E+03
* Gp# 1[2,3,5,1,6] x,y,z = 1.948, 57.25, -16.42, q = 0.08881 dT[3, 3, 6, 7] Src Amplitude = 68.0
*           1540.4631070   2     2    22    11       147  68   7.485E+03
*           1540.4631095   3    40    22     6       241  59   1.462E+03
*           1540.4631100   5    15    26     9       200  65   3.788E+03
*           1540.4631130   1    17    27    10       242  64   4.067E+03
*           1540.4631135   6    16    30    11       241  65   4.828E+03
* Gp# 1[3,1,2,6,5] x,y,z = -14.77, 34.13, -1.911, q = 0.5369 dT[7, 13, 16, 22] Src Amplitude = 47.0
*           1540.6293575   3     1     2     0         4  47  10.125E+00
*           1540.6293640   1     1    10     0        21  52  59.965E+00
*           1540.6293700   2     1     7     0         1  61   0.000E+00
*           1540.6293735   6    15     8     1        68  52 254.300E+00
*           1540.6293790   5    35    16     2        86  56 534.608E+00
* Gp# 1[3,1,2,6,5] x,y,z = -5.45, 38.32, 0.4696, q = 0.6956 dT[2, 6, 10, 17] Src Amplitude = 63.0
*           1540.6540555   3     6    14     7       244  63   2.443E+03
*           1540.6540570   1    14    22     6       204  58   1.345E+03
*           1540.6540610   2     2    10     5       107  62   1.600E+03
*           1540.6540655   6    15    21     9       199  65   3.388E+03
*           1540.6540720   5     2    12     2       107  54 377.896E+00
* Gp# 1[1,2,3,5,6] x,y,z = 1.102, 35.55, 4.704, q = 1 dT[2, 4, 14, 16] Src Amplitude = 61.0
*           1541.8727820   1     6    29     7       252  61   1.855E+03
*           1541.8727840   2     8    23     9       237  61   2.850E+03
*           1541.8727855   3     7    22     7       191  61   2.187E+03
*           1541.8727960   5     1    19     4       173  56 843.857E+00
*           1541.8727975   6    54    26     6       168  57   1.320E+03
* Gp# 1[1,2,3,6,5] x,y,z = 2.914, 34.75, 4.757, q = 1 dT[2, 4, 15, 16] Src Amplitude = 63.0
*           1541.9685200   1     8    37     9       252  63   2.827E+03
*           1541.9685220   2     2    28    11       237  62   4.214E+03
*           1541.9685235   3    10    28     9       243  64   3.399E+03
*           1541.9685345   6    33    30     8       241  58   2.175E+03
*           1541.9685360   5     1    25     6       234  57   1.395E+03
* Gp# 1[2,1,3,5,6] x,y,z = 3.036, 38.54, -0.0904, q = 1 dT[1, 3, 12, 14] Src Amplitude = 60.0
*           1542.0653950   2    12    22     9       214  60   2.658E+03
*           1542.0653960   1     6    30     6       215  62   1.686E+03
*           1542.0653975   3     6    24     7       190  62   2.160E+03
*           1542.0654070   5    44    21     3        94  57 723.598E+00
*           1542.0654085   6    54    26     6       165  56   1.344E+03
* Gp# 1[1,3,2,6,5] x,y,z = 2.754, 38.49, 6.723, q = 0.921 dT[4, 4, 12, 16] Src Amplitude = 63.0
*           1542.1611550   1     8    35     9       246  63   2.790E+03
*           1542.1611585   3    10    28     9       243  64   3.418E+03
*           1542.1611590   2     9    28    11       235  63   4.036E+03
*           1542.1611665   6    36    31     8       244  58   2.163E+03
*           1542.1611710   5    24    27     6       231  58   1.385E+03
* Gp# 1[1,3,2,5,6] x,y,z = -1.77, 40.24, 3.272, q = 1 dT[2, 2, 11, 13] Src Amplitude = 62.0
*           1542.2568920   1     6    31     6       215  62   1.684E+03
*           1542.2568935   3     6    23     7       190  62   2.206E+03
*           1542.2568940   2     1    21     7       145  60   2.411E+03
*           1542.2569030   5    44    22     3        94  56 717.966E+00
*           1542.2569045   6    54    26     6       165  57   1.350E+03
* Gp# 1[1,2,3,5,6] x,y,z = 1.102, 35.55, 4.704, q = 1 dT[2, 4, 14, 16] Src Amplitude = 63.0
*           1542.3527900   1     1    37     9       255  63   2.778E+03
*           1542.3527920   2     5    29    12       241  62   4.077E+03
*           1542.3527935   3     7    27     9       247  63   3.436E+03
*           1542.3528040   5    44    27     6       227  58   1.376E+03
*           1542.3528055   6    54    32     8       244  59   2.178E+03
* Gp# 1[1,3,2,6] x,y,z = -0.7805, 28.3, 6.097, q = 1 dT[4, 4, 19] Src Amplitude = 61.0
*           1542.4486180   1     8    28     6       226  61   1.800E+03
*           1542.4486215   3    10    24     7       191  62   2.215E+03
*           1542.4486220   2     9    22     7       145  61   2.508E+03
*           1542.4486365   6    29    24     6       165  56   1.345E+03
* Gp# 1[1,3,2,5,6] x,y,z = -7.254, 40.6, 8.388, q = 0.9138 dT[4, 5, 10, 16] Src Amplitude = 63.0
*           1542.5446710   1     6    37     9       255  63   2.746E+03
*           1542.5446745   3     7    28     9       247  63   3.449E+03
*           1542.5446760   2    33    27     9       145  62   3.595E+03
*           1542.5446810   5    48    28     6       234  57   1.375E+03
*           1542.5446865   6    54    31     8       244  59   2.206E+03
* Gp# 1[3,1,2,5] x,y,z = -18.57, 10.33, 1.915, q = 1 dT[5, 10, 24] Src Amplitude = 52.0
*           1542.7646735   3     1     2     0        44  52  72.370E+00
*           1542.7646780   1     1     7     0        22  50  92.937E+00
*           1542.7646830   2     1     2     0         1  53   0.000E+00
*           1542.7646970   5     1     4     0         1  51   0.000E+00
* Gp# 1[1,2,5,3,6] x,y,z = -0.955, 47.01, 21.38, q = 0.1276 dT[8, 9, 12, 14] Src Amplitude = 53.0
*           1543.1987930   1     1    13     2        91  53 385.411E+00
*           1543.1988010   2     1     8     2        65  56 404.486E+00
*           1543.1988020   5     1    11     2       125  57 391.765E+00
*           1543.1988045   3    14    10     3       202  58 658.075E+00
*           1543.1988065   6     2    18     4       141  58 981.390E+00
* Gp# 1[2,1,5,3,6] x,y,z = 9.483, 50.92, -5.449, q = 0 dT[5, 5, 9, 11] Src Amplitude = 61.0
*           1543.7973340   2    10    14     6       109  61   2.505E+03
*           1543.7973390   1    18    25     7       222  65   2.425E+03
*           1543.7973390   5     1    17     4       128  58   1.054E+03
*           1543.7973425   3     3    16     4       168  55 909.295E+00
*           1543.7973445   6    41    22     8       229  63   2.246E+03
* Gp# 1[3,5,6,4,1,2] x,y,z = -17.59, 57.9, -2.739, q = 0 dT[4, 4, 5, 6, 11] Src Amplitude = 59.0
*           1544.1226905   3    56    22     8       215  59   1.987E+03
*           1544.1226940   5    11    39    12       186  65   6.282E+03
*           1544.1226945   6     5    31    11       217  64   4.970E+03
*           1544.1226950   4     4    10     2        48  58 661.840E+00
*           1544.1226960   1    34    33    11       206  64   5.082E+03
*           1544.1227010   2    25    28    15       191  68   9.208E+03
* Gp# 1[3,6,1,2,5] x,y,z = -12.95, 44.57, -21.48, q = 0 dT[3, 14, 15, 26] Src Amplitude = 58.0
*           1544.4408155   3     1     7     1        63  58 282.048E+00
*           1544.4408185   6     1    15     3       138  58 594.653E+00
*           1544.4408290   1     8    23     5       166  58   1.011E+03
*           1544.4408300   2     9    12     3       101  57   1.043E+03
*           1544.4408410   5     3    10     1        68  53 301.103E+00
* Gp# 1[3,1,6,2,5] x,y,z = -11, 44.51, -0.09855, q = 0 dT[4, 5, 12, 17] Src Amplitude = 58.0
*           1544.6703175   3     2     7     1        58  58 484.357E+00
*           1544.6703210   1    13    14     3        97  57 677.793E+00
*           1544.6703225   6    18    17     3       162  56 658.971E+00
*           1544.6703290   2     1     5     2        67  54 361.587E+00
*           1544.6703340   5     2     8     1        56  54 189.662E+00
* Gp# 1[3,1,5,6] x,y,z = -16.16, 27.07, 3.995, q = 1 dT[4, 19, 23] Src Amplitude = 53.0
*           1544.6781435   3     2     4     0        42  53 129.431E+00
*           1544.6781470   1     4     8     1        67  52 213.277E+00
*           1544.6781620   5     2     4     0         2  48   6.414E+00
*           1544.6781665   6    16     5     0        29  50  97.168E+00
* Gp# 1[5,6,3,1,2] x,y,z = -11.55, 74.05, 4.085, q = 0.8824 dT[6, 11, 13, 18] Src Amplitude = 68.0
*           1544.9758690   5     5    34    11       170  68   5.382E+03
*           1544.9758745   6    30    24     7       162  65   2.884E+03
*           1544.9758795   3     1    17     4       148  58 841.843E+00
*           1544.9758820   1    25    25     7       200  60   2.138E+03
*           1544.9758870   2    18    18     9       174  65   4.159E+03
* Gp# 1[1,3,2,5,6] x,y,z = -2.796, 39.43, 2.128, q = 1 dT[1, 2, 11, 13] Src Amplitude = 62.0
*           1545.0114980   1     6    26     7       289  62   1.641E+03
*           1545.0114985   3     7    23     7       188  62   2.248E+03
*           1545.0115000   2    36    21     7       151  61   2.540E+03
*           1545.0115090   5    44    26     5       216  56 833.952E+00
*           1545.0115105   6    33    26     6       175  56   1.542E+03
* Gp# 1[1,3,2,5,6] x,y,z = -1.837, 38.41, 6.617, q = 1 dT[4, 4, 13, 15] Src Amplitude = 64.0
*           1545.1083370   1     8    30     9       291  64   2.653E+03
*           1545.1083405   3    10    26     9       191  64   3.461E+03
*           1545.1083410   2     9    26     9       154  62   3.741E+03
*           1545.1083500   5    27    31     6       231  57   1.315E+03
*           1545.1083515   6    33    29     9       286  59   2.533E+03
* Gp# 1[1,3,2,6] x,y,z = -1.775, 37.47, 6.232, q = 1 dT[4, 4, 15] Src Amplitude = 61.0
*           1545.2041420   1     8    27     6       226  61   1.640E+03
*           1545.2041455   3    10    23     7       191  62   2.264E+03
*           1545.2041460   2     9    22     7       146  61   2.425E+03
*           1545.2041565   6     1    25     6       173  57   1.549E+03
* Gp# 1[1,3,2,6,5] x,y,z = 2.754, 38.49, 6.723, q = 0.921 dT[4, 4, 12, 16] Src Amplitude = 63.0
*           1545.2999760   1     8    31     9       289  63   2.637E+03
*           1545.2999795   3    10    27     9       191  64   3.430E+03
*           1545.2999800   2     1    26    10       179  62   3.872E+03
*           1545.2999875   6    58    29     9       296  58   2.504E+03
*           1545.2999920   5    27    29     6       211  57   1.242E+03
* Gp# 1[2,1,3,5,6] x,y,z = 3.036, 38.54, -0.0904, q = 1 dT[1, 3, 12, 14] Src Amplitude = 60.0
*           1545.3958590   2     5    20     8       178  60   2.547E+03
*           1545.3958600   1     1    25     7       289  62   1.652E+03
*           1545.3958615   3     6    23     7       184  62   2.235E+03
*           1545.3958710   5     1    23     5       228  56 839.196E+00
*           1545.3958725   6     1    26     6       172  56   1.536E+03
* Gp# 1[1,2,3,5,6] x,y,z = -2.184, 39.48, 5.253, q = 0.8679 dT[2, 4, 10, 16] Src Amplitude = 63.0
*           1545.4918730   1     1    31     9       295  63   2.655E+03
*           1545.4918750   2     8    23     9       157  62   3.899E+03
*           1545.4918765   3    11    27     9       245  63   3.512E+03
*           1545.4918830   5    31    30     6       235  57   1.298E+03
*           1545.4918885   6    54    28     9       286  58   2.504E+03
* Gp# 1[2,1,3,5,6] x,y,z = 1.593, 38.14, -0.9178, q = 1 dT[1, 2, 12, 14] Src Amplitude = 61.0
*           1545.5876230   2     5    23     8       178  61   2.727E+03
*           1545.5876240   1     1    24     6       238  61   1.594E+03
*           1545.5876245   3     7    23     7       188  61   2.269E+03
*           1545.5876350   5     1    25     5       228  56 847.828E+00
*           1545.5876365   6     1    26     6       172  56   1.561E+03
* Gp# 1[1,3,2,5,6] x,y,z = -7.254, 40.6, 8.388, q = 0.9138 dT[4, 5, 10, 16] Src Amplitude = 64.0
*           1545.6833650   1     9    30     9       292  64   2.648E+03
*           1545.6833685   3     7    28     9       189  64   3.487E+03
*           1545.6833700   2     2    26     9       154  62   3.687E+03
*           1545.6833750   5    31    32     6       232  57   1.284E+03
*           1545.6833805   6    33    29     9       286  58   2.500E+03
* Gp# 1[3,1,2,6,5] x,y,z = -10.62, 18.11, -1.786, q = 0.7718 dT[5, 10, 19, 29] Src Amplitude = 53.0
*           1547.6657305   3     1    10     2       107  53 363.713E+00
*           1547.6657350   1     6    18     4       165  60   1.043E+03
*           1547.6657400   2     2     9     3        97  60 968.016E+00
*           1547.6657495   6    30    11     2       118  57 407.362E+00
*           1547.6657590   5     3    13     2       115  53 401.791E+00
* Gp# 1[3,1,5,6,2] x,y,z = -15.33, 52.98, -1.427, q = 0 dT[5, 7, 7, 10] Src Amplitude = 55.0
*           1547.7075195   3     4    16     4       209  55 782.099E+00
*           1547.7075240   1    17    23     6       156  61   1.818E+03
*           1547.7075260   5    26    19     4       135  57 898.553E+00
*           1547.7075265   6     1    18     4       196  59 830.250E+00
*           1547.7075290   2     1    13     4        97  60   1.178E+03
* Gp# 1[3,1,6,2,5] x,y,z = -9.593, 35.95, -6.88, q = 0.03866 dT[8, 10, 12, 26] Src Amplitude = 59.0
*           1547.8875305   3     2     7     2        88  59 565.376E+00
*           1547.8875380   1     8    16     3       140  56 748.334E+00
*           1547.8875405   6    42    16     3       172  56 509.156E+00
*           1547.8875420   2    55     9     4       119  59   1.019E+03
*           1547.8875560   5     9     7     1        57  53 231.005E+00
* Gp# 1[2,1,3,5,6] x,y,z = 3.036, 38.54, -0.0904, q = 1 dT[1, 3, 12, 14] Src Amplitude = 61.0
*           1548.0845060   2     5    25     8       158  61   2.579E+03
*           1548.0845070   1     6    24     6       236  62   1.658E+03
*           1548.0845085   3     6    24     7       191  61   2.311E+03
*           1548.0845180   5    27    21     4       157  56 672.190E+00
*           1548.0845195   6    98    29     8       269  57   1.800E+03
* Gp# 1[1,2,3,5,6] x,y,z = 1.102, 35.55, 4.704, q = 1 dT[2, 4, 14, 16] Src Amplitude = 63.0
*           1548.1805740   1     5    29     8       239  63   2.649E+03
*           1548.1805760   2     8    28    11       223  62   4.273E+03
*           1548.1805775   3     4    26     9       192  63   3.544E+03
*           1548.1805880   5    27    29     6       220  58   1.144E+03
*           1548.1805895   6    33    33    10       269  58   2.765E+03
* Gp# 1[3,1,2,5,6,4] x,y,z = -12.95, 46.52, 2.993, q = 0.5331 dT[5, 6, 7, 9, 15] Src Amplitude = 61.0
*           1548.1842065   3     2    20     6       217  61   1.617E+03
*           1548.1842110   1    20    29     8       181  64   2.948E+03
*           1548.1842120   2     8    19     9       192  64   3.746E+03
*           1548.1842130   5    28    26     6       146  61   1.831E+03
*           1548.1842155   6    43    21     5       131  61   1.309E+03
*           1548.1842210   4     1     2     0         1  48   0.000E+00
* Gp# 1[1,3,2,6,5] x,y,z = 0.3646, 37.52, 3.152, q = 1 dT[2, 2, 13, 14] Src Amplitude = 62.0
*           1548.2781920   1     6    23     6       236  62   1.671E+03
*           1548.2781935   3     6    23     7       188  62   2.296E+03
*           1548.2781940   2     1    22     9       218  60   2.690E+03
*           1548.2782045   6    98    30     8       269  57   1.813E+03
*           1548.2782060   5    24    21     3       106  56 592.329E+00
* Gp# 1[4,5,6,3,2,1] x,y,z = -15.5, 95.69, -14.99, q = 1 dT[4, 11, 20, 24, 25] Src Amplitude = 51.0
*           1548.3365150   4     2     3     1        65  51 145.633E+00
*           1548.3365190   5    39    32    13       183  66   7.955E+03
*           1548.3365255   6     7    20     7       148  63   2.953E+03
*           1548.3365345   3    50    14     4       216  59 880.080E+00
*           1548.3365390   2     1    21     8       169  63   3.268E+03
*           1548.3365400   1    11    29    10       313  65   4.191E+03
* Gp# 1[2,1,3,5,6] x,y,z = 1.318, 41.45, -1.192, q = 0.7897 dT[1, 3, 8, 14] Src Amplitude = 62.0
*           1548.3743100   2    12    30    12       224  62   4.453E+03
*           1548.3743110   1     6    30     8       291  64   2.627E+03
*           1548.3743125   3     6    26     9       191  64   3.561E+03
*           1548.3743180   5    31    31     6       230  57   1.150E+03
*           1548.3743235   6    98    32    10       269  59   2.800E+03
* Gp# 1[3,1,6,2,5] x,y,z = -15.63, 44.3, -3.82, q = 0 dT[7, 9, 14, 17] Src Amplitude = 58.0
*           1548.3896485   3     2     7     2        88  58 523.289E+00
*           1548.3896550   1     9    14     2        93  56 553.281E+00
*           1548.3896575   6    43    13     2       123  56 453.258E+00
*           1548.3896620   2     5    11     4       120  59   1.046E+03
*           1548.3896650   5    10     9     1        75  53 263.214E+00
* Gp# 1[1,3,2,6,5] x,y,z = 0.4228, 35.64, 6.368, q = 1 dT[4, 4, 15, 16] Src Amplitude = 62.0
*           1548.4700570   1     8    23     6       221  62   1.722E+03
*           1548.4700605   3    10    24     7       185  62   2.293E+03
*           1548.4700610   2     9    22     9       221  61   2.765E+03
*           1548.4700715   6     1    30     7       244  56   1.783E+03
*           1548.4700730   5     1    22     3       148  55 652.273E+00
* Gp# 1[1,2,3,5,6] x,y,z = 1.679, 36.56, 4.802, q = 1 dT[2, 4, 14, 15] Src Amplitude = 63.0
*           1548.5658180   1     5    30     8       291  63   2.741E+03
*           1548.5658200   2     2    29    12       221  62   4.313E+03
*           1548.5658215   3     3    25     9       192  63   3.569E+03
*           1548.5658320   5    27    28     6       232  58   1.153E+03
*           1548.5658325   6    99    34    10       273  58   2.815E+03
* Gp# 1[1,3,2,5,6] x,y,z = -2.125, 33.58, 3.019, q = 1 dT[2, 2, 14, 17] Src Amplitude = 62.0
*           1548.6615740   1     6    24     6       222  62   1.657E+03
*           1548.6615755   3    10    23     7       185  62   2.265E+03
*           1548.6615760   2     9    24     9       221  60   2.745E+03
*           1548.6615880   5    27    20     3       148  55 639.092E+00
*           1548.6615905   6    94    29     7       240  57   1.796E+03
* Gp# 1[1,3,2,5,6] x,y,z = -2.796, 39.43, 2.128, q = 1 dT[1, 2, 11, 13] Src Amplitude = 64.0
*           1548.7574310   1     6    29     8       236  64   2.602E+03
*           1548.7574315   3     7    25     9       192  64   3.607E+03
*           1548.7574330   2     2    28    12       224  62   4.256E+03
*           1548.7574420   5    27    29     5       157  57   1.034E+03
*           1548.7574435   6    98    32    10       247  59   2.741E+03
* Gp# 1[5,6,3,1] x,y,z = -11.28, 66.93, 5.065, q = 1 dT[6, 8, 8] Src Amplitude = 66.0
*           1548.8912990   5     4    17     7       179  66   3.035E+03
*           1548.8913045   6    25    16     4       152  60   1.122E+03
*           1548.8913065   3     3     8     2        83  59 528.675E+00
*           1548.8913070   1     1    18     4       147  56 834.316E+00
* Gp# 1[1,3,6,5] x,y,z = 12.41, 41.42, 21.09, q = 1 dT[13, 13, 16] Src Amplitude = 64.0
*           1550.2165200   1     7    23     7       218  64   2.623E+03
*           1550.2165325   3    14     9     1        31  61 765.148E+00
*           1550.2165325   6     1    10     2        98  57 505.283E+00
*           1550.2165360   5    21    14     3       111  56 671.103E+00
* Gp# 1[5,6,1,2] x,y,z = -16.84, 88.7, 15.45, q = 1 dT[14, 24, 29] Src Amplitude = 67.0
*           1550.7591680   5     3    14     6       119  67   2.727E+03
*           1550.7591815   6    15    13     4       132  61   1.214E+03
*           1550.7591920   1    14    11     1        71  55 353.166E+00
*           1550.7591970   2     1     8     2        72  59 617.988E+00
* Gp# 1[1,3,2,6,5] x,y,z = 7.135, 22.85, 7.153, q = 0.8122 dT[4, 4, 15, 27] Src Amplitude = 62.0
*           1551.1565830   1     8    23     6       168  62   1.999E+03
*           1551.1565865   3    10    24     7       186  62   2.294E+03
*           1551.1565870   2     9    24     9       228  61   2.818E+03
*           1551.1565975   6   102    27     8       249  57   1.770E+03
*           1551.1566100   5     1    17     2        99  56 526.839E+00
* Gp# 1[1,2,3,5,6] x,y,z = -2.184, 39.48, 5.253, q = 0.8679 dT[2, 4, 10, 16] Src Amplitude = 64.0
*           1551.2533960   1     9    30     9       254  64   3.238E+03
*           1551.2533980   2     5    28    12       231  62   4.131E+03
*           1551.2533995   3     7    26     9       193  63   3.488E+03
*           1551.2534060   5    31    24     4       145  57 912.602E+00
*           1551.2534115   6     1    32     9       249  58   2.710E+03
* Gp# 1[1,3,2,6,5] x,y,z = 0.3646, 37.52, 3.152, q = 1 dT[2, 2, 13, 14] Src Amplitude = 62.0
*           1551.3492580   1     6    23     6       169  62   1.983E+03
*           1551.3492595   3     6    24     7       189  62   2.276E+03
*           1551.3492600   2     1    22     9       225  61   2.693E+03
*           1551.3492705   6     1    27     8       249  57   1.796E+03
*           1551.3492720   5     1    18     3       142  55 590.038E+00
* Gp# 1[2,1,3,6,5] x,y,z = 4.042, 35.55, 0.7447, q = 1 dT[1, 3, 14, 15] Src Amplitude = 62.0
*           1551.4451020   2    12    26    12       231  62   4.213E+03
*           1551.4451030   1     6    28     8       208  64   3.126E+03
*           1551.4451045   3     6    26     9       189  64   3.467E+03
*           1551.4451155   6   102    31    10       271  58   2.719E+03
*           1551.4451170   5    27    22     4       151  57 938.040E+00
* Gp# 1[1,3,2,6] x,y,z = -1.775, 37.47, 6.232, q = 1 dT[4, 4, 15] Src Amplitude = 62.0
*           1551.5411850   1     8    25     6       175  62   2.089E+03
*           1551.5411885   3    10    24     7       189  62   2.259E+03
*           1551.5411890   2     9    22     7       159  61   2.423E+03
*           1551.5411995   6    34    27     8       246  56   1.739E+03
* Gp# 1[1,6,3,5] x,y,z = 11.99, 45.87, 22.15, q = 1 dT[10, 12, 13] Src Amplitude = 59.0
*           1551.5567230   1     2    17     3       126  59 654.444E+00
*           1551.5567325   6     1    12     2        89  55 333.241E+00
*           1551.5567345   3     1     6     1        90  51 146.845E+00
*           1551.5567360   5     1    10     1        74  53 306.980E+00
* Gp# 1[1,3,2,6,5] x,y,z = 0.4228, 35.64, 6.368, q = 1 dT[4, 4, 15, 16] Src Amplitude = 64.0
*           1551.6369030   1     8    29     9       213  64   3.315E+03
*           1551.6369065   3    10    26     9       192  64   3.469E+03
*           1551.6369070   2     9    27    11       228  62   4.041E+03
*           1551.6369175   6   102    31    10       253  58   2.679E+03
*           1551.6369190   5    13    23     4       145  57 918.556E+00
* Gp# 1[1,3,2,6,5] x,y,z = 0.4228, 35.64, 6.368, q = 1 dT[4, 4, 15, 16] Src Amplitude = 64.0
*           1551.8295160   1     8    28     8       178  64   3.342E+03
*           1551.8295195   3    10    27     9       189  64   3.438E+03
*           1551.8295200   2     9    26    11       219  62   3.931E+03
*           1551.8295305   6    59    30    10       250  58   2.656E+03
*           1551.8295320   5     1    23     4       145  58 897.462E+00
* Gp# 1[5,6,2,1,3] x,y,z = -11.19, 85.96, 15.06, q = 0.3417 dT[12, 18, 19, 29] Src Amplitude = 67.0
*           1552.0329480   5    14    25    10       175  67   5.957E+03
*           1552.0329595   6     8    22     9       174  70   6.139E+03
*           1552.0329660   2    39    18     7       165  62   2.817E+03
*           1552.0329670   1     1    20     5       165  59   1.291E+03
*           1552.0329765   3     2    12     3       144  54 471.504E+00
* Gp# 1[2,5,1,6,3] x,y,z = 21.54, 54.51, -2.609, q = 0 dT[5, 6, 8, 15] Src Amplitude = 59.0
*           1552.7435330   2    43    16     6       123  59   1.922E+03
*           1552.7435380   5     9    28     7       166  62   2.401E+03
*           1552.7435390   1    41    27     8       180  63   3.381E+03
*           1552.7435405   6    14    23     6       169  58   1.472E+03
*           1552.7435475   3     1    15     2       129  56 427.019E+00
* Gp# 1[5,2,6,1,3] x,y,z = -11.04, 83.35, 10.73, q = 0 dT[12, 14, 18, 30] Src Amplitude = 65.0
*           1553.0312700   5    11    17     5        68  65   2.951E+03
*           1553.0312820   2     1     7     1        49  56 386.294E+00
*           1553.0312835   6     1    11     3       161  58 591.410E+00
*           1553.0312880   1    11    10     1        51  59 443.792E+00
*           1553.0312995   3     2     8     1       111  53 232.816E+00
* Gp# 1[4,5,2,3,1,6] x,y,z = -14.44, 58.72, -19.12, q = 0.3563 dT[1, 2, 4, 6, 16] Src Amplitude = 49.0
*           1553.0881460   4     1     2     0         9  49  28.865E+00
*           1553.0881470   5    16    25     7       142  63   2.760E+03
*           1553.0881480   2    10    10     3        81  64   1.197E+03
*           1553.0881495   3     2     9     2        97  54 344.293E+00
*           1553.0881520   1    51    23     5       153  59   1.453E+03
*           1553.0881615   6     9    17     3        95  59 924.542E+00
* Gp# 1[6,1,5,2,3] x,y,z = 11.79, 62.85, 17.4, q = 1 dT[4, 6, 8, 11] Src Amplitude = 59.0
*           1553.2971245   6     2    23     6       190  59   1.554E+03
*           1553.2971280   1    33    20     4       169  57 993.582E+00
*           1553.2971300   5    53    25     7       140  61   2.498E+03
*           1553.2971320   2     1    14     6       173  59   1.375E+03
*           1553.2971355   3     1    12     2       116  55 433.001E+00
* Gp# 1[6,5,1,3,2] x,y,z = 0.7556, 68.17, 10.59, q = 0.8035 dT[2, 6, 7, 11] Src Amplitude = 74.0
*           1553.5597435   6    10    40    23       315  74  19.669E+03
*           1553.5597450   5    37    39    14       231  67   6.804E+03
*           1553.5597490   1    10    39    16       276  66   7.658E+03
*           1553.5597505   3    25    26    10       274  61   3.625E+03
*           1553.5597540   2    16    38    16       226  63   7.992E+03
* Gp# 1[1,2,6,3,5,4] x,y,z = 12.53, 44.88, 16.75, q = 0.8915 dT[4, 11, 12, 12, 15] Src Amplitude = 79.0
*           1554.2015090   1    13    58    46       357  79  80.942E+03
*           1554.2015130   2    12    51    49       323  77  72.936E+03
*           1554.2015195   6    15    50    32       397  75  30.943E+03
*           1554.2015205   3    17    38    22       385  70  14.217E+03
*           1554.2015210   5    22    55    30       351  70  25.353E+03
*           1554.2015240   4    24    12     4        80  60   1.377E+03
* Gp# 1[1,3,2,6,5] x,y,z = 7.135, 22.85, 7.153, q = 0.8122 dT[4, 4, 15, 27] Src Amplitude = 64.0
*           1554.3933360   1     8    29    11       235  64   4.516E+03
*           1554.3933395   3    10    28     9       278  64   3.193E+03
*           1554.3933400   2     9    21     8       149  62   3.262E+03
*           1554.3933505   6    34    35     9       269  57   2.173E+03
*           1554.3933630   5    14    23     5       158  58   1.042E+03
* Gp# 1[3,2,1,6,5] x,y,z = 1.454, 24.85, -20.62, q = 0.8217 dT[1, 8, 15, 27] Src Amplitude = 62.0
*           1554.4892005   3     3    23     6       174  62   1.999E+03
*           1554.4892010   2     1    17     7       149  60   2.212E+03
*           1554.4892088   1     4    25     7       221  61   2.287E+03
*           1554.4892155   6    63    31     7       265  56   1.387E+03
*           1554.4892270   5     2    18     3       133  56 656.265E+00
* Gp# 1[1,3,2,5,6] x,y,z = -3.558, 53.14, 8.572, q = 1 dT[3, 4, 4, 6] Src Amplitude = 54.0
*           1554.4946680   1     1     7     1        64  54 153.055E+00
*           1554.4946705   3     2     3     0        26  49  57.799E+00
*           1554.4946720   2     1     5     1        48  53 273.651E+00
*           1554.4946720   5     3    10     1        42  55 424.972E+00
*           1554.4946735   6     2     6     1        51  55 269.539E+00
* Gp# 1[1,3,2,6,5] x,y,z = 7.135, 22.85, 7.153, q = 0.8122 dT[4, 4, 15, 27] Src Amplitude = 64.0
*           1554.5852330   1     8    30    11       235  64   4.595E+03
*           1554.5852365   3    10    27     9       275  64   3.148E+03
*           1554.5852370   2     9    21     8       149  62   3.250E+03
*           1554.5852475   6    67    34     9       269  58   2.150E+03
*           1554.5852600   5    14    24     5       158  58   1.046E+03
* Gp# 1[6,5,3,2,1] x,y,z = 8.488, 69.97, -6.921, q = 0.01161 dT[6, 7, 8, 10] Src Amplitude = 69.0
*           1554.6657905   6     4    25    10       194  69   5.894E+03
*           1554.6657960   5    13    31     6       123  64   2.906E+03
*           1554.6657975   3     2    18     5       219  60   1.284E+03
*           1554.6657980   2    43    17     6       123  61   2.257E+03
*           1554.6658000   1    47    23     5       144  58   1.214E+03
* Gp# 1[1,3,2,6] x,y,z = -1.775, 37.47, 6.232, q = 1 dT[4, 4, 15] Src Amplitude = 62.0
*           1554.6810050   1     8    26     9       232  62   3.059E+03
*           1554.6810085   3    10    23     6       174  62   2.002E+03
*           1554.6810090   2     9    17     6       149  61   2.199E+03
*           1554.6810195   6    67    30     7       266  56   1.372E+03
* Gp# 1[1,3,2,6,5] x,y,z = 0.4228, 35.64, 6.368, q = 1 dT[4, 4, 15, 16] Src Amplitude = 64.0
*           1554.7767200   1     8    30    11       235  64   4.701E+03
*           1554.7767235   3    10    28     9       275  64   3.175E+03
*           1554.7767240   2     9    22     8       149  62   3.363E+03
*           1554.7767345   6    34    35     9       269  58   2.105E+03
*           1554.7767360   5    25    23     5       169  58   1.081E+03
* Gp# 1[1,3,2,6] x,y,z = -1.775, 37.47, 6.232, q = 1 dT[4, 4, 15] Src Amplitude = 62.0
*           1554.8725810   1     8    26     8       172  62   3.022E+03
*           1554.8725845   3    10    24     7       275  62   2.056E+03
*           1554.8725850   2     9    16     7       149  61   2.217E+03
*           1554.8725955   6    20    31     7       263  56   1.352E+03
* Gp# 1[1,3,2,6,5] x,y,z = 7.135, 22.85, 7.153, q = 0.8122 dT[4, 4, 15, 27] Src Amplitude = 64.0
*           1554.9684170   1     8    31    11       235  64   4.794E+03
*           1554.9684205   3    10    28     9       275  64   3.128E+03
*           1554.9684210   2     9    20    10       205  62   3.513E+03
*           1554.9684315   6    67    37     9       266  58   2.065E+03
*           1554.9684440   5    14    23     5       161  58   1.086E+03
* Gp# 1[3,2,5,1,6] x,y,z = -13.42, 53.16, -14.78, q = 0.6461 dT[4, 5, 9, 16] Src Amplitude = 47.0
*           1555.2392185   3     1     2     0         1  47   0.000E+00
*           1555.2392220   2     1     4     0         1  54   0.000E+00
*           1555.2392230   5     4     6     1        27  56 486.906E+00
*           1555.2392270   1     1     9     1        29  55 214.158E+00
*           1555.2392345   6     1     6     0        13  50  33.481E+00
* Gp# 1[2,3,1,5,6] x,y,z = 2.731, 40.04, -22.97, q = 0.7152 dT[4, 10, 12, 20] Src Amplitude = 56.0
*           1555.3935960   2     2     4     1        32  56 248.702E+00
*           1555.3935995   3     2     8     1        57  55 279.326E+00
*           1555.3936060   1     1     9     1        78  54 254.442E+00
*           1555.3936080   5    33     7     1        34  55 260.691E+00
*           1555.3936155   6     1     4     0        24  49  48.427E+00
* Gp# 1[3,1,4,5,2,6] x,y,z = -17.33, 49.86, -2.299, q = 0.4799 dT[1, 4, 9, 11, 18] Src Amplitude = 52.0
*           1555.7318745   3     1     8     1        61  52 156.031E+00
*           1555.7318750   1    18    15     4       155  57 759.963E+00
*           1555.7318780   4     1     2     0         1  46   0.000E+00
*           1555.7318830   5     7    12     3        80  60   1.047E+03
*           1555.7318850   2     1     4     0        35  53 140.379E+00
*           1555.7318925   6     1    10     2        89  57 461.563E+00
* Gp# 1[3,5,4,2,6,1] x,y,z = -14.72, 59.29, -12.97, q = 0.7777 dT[2, 3, 5, 8, 10] Src Amplitude = 55.0
*           1556.1775145   3     4    11     3       147  55 480.131E+00
*           1556.1775160   5    12    19     5       167  62   1.563E+03
*           1556.1775170   4     1     1     0         1  48   0.000E+00
*           1556.1775190   2    22    17     5       101  61   1.891E+03
*           1556.1775225   6     1    16     3       107  55 577.866E+00
*           1556.1775240   1    62    23     6       203  59   1.383E+03
* Gp# 1[5,6,1,2] x,y,z = -7.459, 74.56, 3.915, q = 1 dT[5, 12, 14] Src Amplitude = 56.0
*           1556.2480280   5     3     8     2        58  56 484.935E+00
*           1556.2480325   6     1     7     1        56  53 205.923E+00
*           1556.2480400   1     1     4     0         4  50  15.186E+00
*           1556.2480420   2    58     4     1        59  55 242.594E+00
* Gp# 1[1,2,5,3,6] x,y,z = 1.875, 40.14, 21.03, q = 0.3818 dT[8, 13, 15, 20] Src Amplitude = 72.0
*           1556.9372810   1     9    37    18       262  72  16.826E+03
*           1556.9372890   2    19    32    15       185  67   8.772E+03
*           1556.9372940   5    33    42    10       220  62   3.124E+03
*           1556.9372955   3     8    19     6       196  60   1.545E+03
*           1556.9373005   6     4    27    10       210  65   4.546E+03
* Gp# 1[1,2,3,6,5] x,y,z = 4.974, 34.53, 4.44, q = 1 dT[1, 4, 15, 16] Src Amplitude = 64.0
*           1557.5774950   1     8    35    13       212  64   6.273E+03
*           1557.5774960   2    12    23     9       155  61   3.368E+03
*           1557.5774985   3    10    21     7       170  64   2.750E+03
*           1557.5775095   6    64    31     8       256  58   2.005E+03
*           1557.5775110   5    25    23     5       168  58   1.200E+03
* Gp# 1[1,2,3,6,5] x,y,z = 12.07, 17.35, 5.682, q = 0.865 dT[1, 4, 15, 27] Src Amplitude = 63.0
*           1557.6740680   1     8    33    10       212  63   4.129E+03
*           1557.6740690   2    12    20     7       152  60   2.228E+03
*           1557.6740715   3    10    18     5       156  62   1.806E+03
*           1557.6740825   6    64    26     7       253  56   1.307E+03
*           1557.6740950   5    14    20     4       157  57 762.468E+00
* Gp# 1[1,3,2,6,5] x,y,z = 13.72, 22.97, 9.319, q = 0.6794 dT[4, 4, 12, 30] Src Amplitude = 64.0
*           1557.7701070   1     8    35    14       215  64   6.381E+03
*           1557.7701105   3    10    22     7       174  64   2.841E+03
*           1557.7701110   2     9    23     9       177  62   3.406E+03
*           1557.7701185   6    71    31     9       260  58   2.051E+03
*           1557.7701370   5     2    21     5       157  57   1.146E+03
* Gp# 1[3,1,2,6] x,y,z = -12.24, 52.99, 4.91, q = 1 dT[1, 6, 7] Src Amplitude = 55.0
*           1557.8203885   3     3     8     1        75  55 252.313E+00
*           1557.8203890   1    17    15     3        96  55 699.160E+00
*           1557.8203940   2     4     9     2        72  55 701.675E+00
*           1557.8203955   6     6    14     2       100  56 503.724E+00
* Gp# 1[1,3,2,6,5] x,y,z = 6.749, 20.67, 2.333, q = 0.7959 dT[1, 1, 13, 27] Src Amplitude = 63.0
*           1557.8658760   1     9    33    11       207  63   4.099E+03
*           1557.8658765   3     7    18     5       157  62   1.812E+03
*           1557.8658770   2     6    20     7       153  60   2.132E+03
*           1557.8658885   6    67    27     7       256  57   1.363E+03
*           1557.8659030   5    12    19     4       152  57 746.174E+00
* Gp# 1[3,2,1,5,6] x,y,z = -6.807, 48.19, -5.489, q = 0.7196 dT[2, 5, 6, 14] Src Amplitude = 56.0
*           1557.9180595   3     5     9     2       105  56 461.072E+00
*           1557.9180610   2     4    15     5       106  61   1.652E+03
*           1557.9180640   1    53    21     4       122  55   1.006E+03
*           1557.9180650   5    24    18     4       131  59   1.023E+03
*           1557.9180735   6     4    12     2        99  56 565.572E+00
* Gp# 1[1,2,3,5,6] x,y,z = 0.689, 42.8, 5.272, q = 1 dT[2, 4, 10, 12] Src Amplitude = 64.0
*           1557.9615920   1    12    35    14       210  64   6.404E+03
*           1557.9615940   2     8    26    10       193  61   3.669E+03
*           1557.9615955   3     7    22     7       160  63   2.745E+03
*           1557.9616020   5    20    24     5       172  58   1.188E+03
*           1557.9616035   6    71    32     9       260  58   2.032E+03
* Gp# 1[1,3,2,6,5] x,y,z = 6.015, 25.75, 3.682, q = 0.8098 dT[2, 2, 13, 25] Src Amplitude = 63.0
*           1558.0574550   1     6    33    10       210  63   4.178E+03
*           1558.0574565   3    10    19     5       118  62   1.736E+03
*           1558.0574570   2     9    20     7       152  61   2.047E+03
*           1558.0574675   6    64    27     7       253  56   1.360E+03
*           1558.0574800   5    14    20     4       157  57 756.842E+00
* Gp# 1[6,5,1,3] x,y,z = 13.26, 75.44, 16.57, q = 1 dT[9, 14, 20] Src Amplitude = 68.0
*           1558.0910805   6     5    13     5        84  68   3.658E+03
*           1558.0910890   5     1    10     0        27  52 131.715E+00
*           1558.0910940   1    26    11     2        77  54 354.319E+00
*           1558.0911005   3     1     6     0        33  50  96.100E+00
* Gp# 1[1,2,3,5,6] x,y,z = -2.184, 39.48, 5.253, q = 0.8679 dT[2, 4, 10, 16] Src Amplitude = 65.0
*           1558.1532890   1    12    34    14       213  65   6.572E+03
*           1558.1532910   2     5    24    12       277  62   3.886E+03
*           1558.1532925   3     7    21     7       157  64   2.769E+03
*           1558.1532990   5    32    24     5       175  58   1.209E+03
*           1558.1533045   6    67    33     9       260  58   2.156E+03
* Gp# 1[6,5,3,1,2] x,y,z = 11.06, 80.7, 6.596, q = 0.03971 dT[11, 14, 18, 23] Src Amplitude = 69.0
*           1558.4492625   6     7    33    14       212  69   8.780E+03
*           1558.4492730   5    22    34     8       208  61   2.448E+03
*           1558.4492765   3    24    22     6       159  61   1.905E+03
*           1558.4492800   1     2    36    15       269  68   8.081E+03
*           1558.4492850   2     2    26    10       163  62   3.978E+03
* Gp# 1[3,4,2,5,1,6] x,y,z = -12.39, 55.72, -16.63, q = 1 dT[3, 6, 7, 9, 10] Src Amplitude = 67.0
*           1558.4677535   3    23    38    20       316  67  10.305E+03
*           1558.4677560   4    32    22     6       180  59   1.755E+03
*           1558.4677590   2     9    45    40       276  78  58.516E+03
*           1558.4677600   5    38    60    32       357  70  26.899E+03
*           1558.4677620   1    20    56    35       356  75  39.482E+03
*           1558.4677635   6    21    44    28       309  73  24.526E+03
* Gp# 1[2,3,6,1,5] x,y,z = 9.956, 51.4, -14.41, q = 0.8028 dT[4, 7, 8, 14] Src Amplitude = 65.0
*           1558.5320540   2     4    16     6       144  65   2.569E+03
*           1558.5320575   3     2    11     3       182  56 539.956E+00
*           1558.5320605   6     1    16     4       127  62 970.920E+00
*           1558.5320620   1    60    19     4       145  56 912.389E+00
*           1558.5320680   5     2    12     3       130  56 567.517E+00
* Gp# 1[3,1,2,5,6] x,y,z = -14.5, 43.5, -1.807, q = 0.8944 dT[6, 7, 10, 18] Src Amplitude = 51.0
*           1558.7267745   3     1     1     0         5  51  32.245E+00
*           1558.7267800   1     1     2     0        21  51  44.330E+00
*           1558.7267810   2     2     1     0         9  51  56.066E+00
*           1558.7267840   5     2     2     0         2  48   8.896E+00
*           1558.7267925   6     1     3     0        29  51  38.124E+00
* Gp# 1[1,6,2,5,3] x,y,z = 3.774, 56.46, 11, q = 1 dT[2, 4, 4, 5] Src Amplitude = 56.0
*           1559.5481110   1    15    17     3       128  56 750.676E+00
*           1559.5481125   6    12    17     4       117  57   1.138E+03
*           1559.5481150   2    35    15     5       112  60   1.544E+03
*           1559.5481150   5     2    13     2        56  61 887.520E+00
*           1559.5481155   3     1    11     2        91  54 306.268E+00
* Gp# 1[6,1,5,3] x,y,z = 18.32, 57.65, 10.53, q = 1 dT[3, 8, 9] Src Amplitude = 63.0
*           1559.9847945   6     1    16     4       144  63   1.605E+03
*           1559.9847970   1    93    24     6       141  62   2.013E+03
*           1559.9848020   5    26    22     6       145  58   1.808E+03
*           1559.9848035   3     1    10     2        85  53 272.263E+00
* Gp# 1[1,6,2,5,3] x,y,z = 8.476, 55.24, 22.63, q = 0.7922 dT[3, 8, 8, 9] Src Amplitude = 62.0
*           1560.2456040   1    49    31     9       185  62   3.865E+03
*           1560.2456065   6     3    23     7       195  59   1.860E+03
*           1560.2456120   2    24    20     9       206  61   3.087E+03
*           1560.2456120   5     9    21     5       184  60   1.449E+03
*           1560.2456125   3    26    16     3       115  57 917.969E+00
* Gp# 1[1,3,2,6,5] x,y,z = 6.349, 9.629, 7.657, q = 0.9052 dT[4, 4, 19, 28] Src Amplitude = 63.0
*           1560.6612830   1    12    31    12       247  63   5.069E+03
*           1560.6612865   3     7    20     5       158  62   1.789E+03
*           1560.6612870   2     6    17     6       147  60   2.092E+03
*           1560.6613015   6    45    37     9       259  58   2.115E+03
*           1560.6613110   5    14    13     3       141  57 645.557E+00
* Gp# 1[3,1,2,6,5] x,y,z = -1.559, 34.64, -1.68, q = 1 dT[2, 2, 14, 16] Src Amplitude = 64.0
*           1560.7580975   3     9    25     7       171  64   2.843E+03
*           1560.7580990   1     9    35    15       245  65   7.697E+03
*           1560.7580990   2     4    19     9       191  63   3.564E+03
*           1560.7581115   6    42    41    12       301  60   3.332E+03
*           1560.7581130   5    25    20     4       146  58 982.911E+00
* Gp# 1[1,3,2,6,5] x,y,z = 6.015, 25.75, 3.682, q = 0.8098 dT[2, 2, 13, 25] Src Amplitude = 63.0
*           1560.8541730   1     9    32    10       158  63   4.884E+03
*           1560.8541745   3     6    20     6       174  62   1.833E+03
*           1560.8541750   2     2    14     5        92  59   1.835E+03
*           1560.8541855   6    42    36     9       259  58   2.124E+03
*           1560.8541980   5    14    15     3       132  57 632.563E+00
* Gp# 1[1,3,2,5,6] x,y,z = -2.008, 43.64, 7.365, q = 1 dT[4, 4, 10, 12] Src Amplitude = 65.0
*           1560.9499120   1    30    35    16       250  65   7.859E+03
*           1560.9499155   3    10    24     8       201  63   2.852E+03
*           1560.9499160   2     1    20     9       184  61   3.338E+03
*           1560.9499220   5    32    18     4       162  58 983.828E+00
*           1560.9499235   6    49    42    12       287  60   3.420E+03
* Gp# 1[1,3,2,6,5] x,y,z = 7.89, 20.82, 3.853, q = 0.7676 dT[2, 2, 13, 28] Src Amplitude = 63.0
*           1561.0456840   1    28    32    12       248  63   5.094E+03
*           1561.0456855   3    10    21     6       201  62   1.852E+03
*           1561.0456860   2     9    17     7       147  60   2.233E+03
*           1561.0456965   6    45    34     9       256  59   2.222E+03
*           1561.0457120   5     2    12     2       106  56 559.917E+00
* Gp# 1[1,2,3,5,6] x,y,z = 0.689, 42.8, 5.272, q = 1 dT[2, 4, 10, 12] Src Amplitude = 65.0
*           1561.1414810   1    12    37    16       251  65   7.950E+03
*           1561.1414830   2     8    20     8       129  61   3.224E+03
*           1561.1414845   3     7    25     8       202  63   2.866E+03
*           1561.1414910   5    32    19     4       150  58 969.190E+00
*           1561.1414925   6    46    42    12       305  61   3.538E+03
* Gp# 1[1,3,2,6,5] x,y,z = 6.015, 25.75, 3.682, q = 0.8098 dT[2, 2, 13, 25] Src Amplitude = 63.0
*           1561.2373280   1     9    31    12       248  63   5.122E+03
*           1561.2373295   3     6    21     6       171  62   1.820E+03
*           1561.2373300   2     2    16     5        92  60   1.900E+03
*           1561.2373405   6    45    37     9       260  59   2.255E+03
*           1561.2373530   5     5    12     2       106  57 567.084E+00
* Gp# 1[1,3,2,6,5] x,y,z = 0.4228, 35.64, 6.368, q = 1 dT[4, 4, 15, 16] Src Amplitude = 64.0
*           1561.3342530   1    30    35    16       253  64   8.047E+03
*           1561.3342565   3    10    24     8       201  64   2.870E+03
*           1561.3342570   2     9    18     9       181  62   3.283E+03
*           1561.3342675   6    45    43    11       274  61   3.554E+03
*           1561.3342690   5    16    18     4       144  57 942.136E+00
* Gp# 1[5,6,3,1] x,y,z = -11.62, 81.59, 6.522, q = 1 dT[9, 18, 18] Src Amplitude = 62.0
*           1561.3352720   5     6    23     5        84  62   2.139E+03
*           1561.3352805   6     3    15     4       105  64   1.389E+03
*           1561.3352895   3     1     7     1        61  53 204.012E+00
*           1561.3352900   1     1    19     3       133  53 444.901E+00
* Gp# 1[5,6,1,2,3] x,y,z = -1.083, 67.98, 13.62, q = 0.2359 dT[4, 5, 5, 14] Src Amplitude = 63.0
*           1561.3753310   5    22    29     8       142  63   3.022E+03
*           1561.3753345   6     2    26     7       198  61   1.990E+03
*           1561.3753360   1    21    25     6       222  60   1.571E+03
*           1561.3753360   2    53    19     7       142  61   2.346E+03
*           1561.3753445   3    18    13     3       139  58 700.781E+00
* Gp# 1[1,2,3,6,5] x,y,z = 15.4, 26, 9.25, q = 0.7491 dT[3, 5, 12, 27] Src Amplitude = 61.0
*           1561.4708430   1     6    18     3       111  61 922.283E+00
*           1561.4708460   2     1     8     3        94  57 634.801E+00
*           1561.4708475   3     2    10     2        90  57 529.289E+00
*           1561.4708545   6     1    12     2        73  56 551.136E+00
*           1561.4708700   5    50    15     3       109  55 653.720E+00
* Gp# 1[1,3,6,2,5] x,y,z = -3.646, 47.3, 10.93, q = 0.153 dT[1, 5, 10, 13] Src Amplitude = 57.0
*           1561.7614290   1     9    16     3       122  57 671.598E+00
*           1561.7614295   3     2     4     0        40  50  77.007E+00
*           1561.7614335   6     1    13     2       124  53 406.100E+00
*           1561.7614390   2     1     6     0         1  55   0.000E+00
*           1561.7614420   5     1    14     2        90  54 420.731E+00
* Gp# 1[2,5,1,3,6] x,y,z = 6.387, 54.91, 0.05979, q = 0 dT[1, 2, 6, 6] Src Amplitude = 58.0
*           1562.1747840   2     1     9     2        62  58 631.766E+00
*           1562.1747850   5    77    12     2        78  55 344.231E+00
*           1562.1747860   1     1    15     2        93  55 502.908E+00
*           1562.1747895   3     1     8     1        94  52 202.585E+00
*           1562.1747895   6     2    16     3       136  55 609.596E+00
* Gp# 1[1,3,6,5] x,y,z = 7.661, 30.07, 21.38, q = 1 dT[15, 22, 23] Src Amplitude = 58.0
*           1562.6093730   1     2     4     0        37  58 222.239E+00
*           1562.6093875   3     1     1     0         1  45   0.000E+00
*           1562.6093945   6     1     2     0        16  50  26.062E+00
*           1562.6093960   5    13     4     0        14  51  67.825E+00
* Gp# 1[4,6,5,1,3] x,y,z = 6.566, 94.37, -22.72, q = 0.9597 dT[13, 15, 28, 29] Src Amplitude = 47.0
*           1562.6468430   4     1     1     0         4  47  10.040E+00
*           1562.6468555   6     1     6     0        21  53  91.629E+00
*           1562.6468580   5     1     6     0         1  55   0.000E+00
*           1562.6468710   1    38     4     0        39  53 110.241E+00
*           1562.6468715   3     1     3     0         5  46  10.072E+00
* Gp# 1[2,3,1,6,5] x,y,z = 3.913, 37.63, -14.28, q = 1 dT[3, 8, 16, 18] Src Amplitude = 60.0
*           1562.7933730   2     1     9     2        41  60 822.198E+00
*           1562.7933755   3     1     7     1        77  53 179.055E+00
*           1562.7933810   1    17    19     4       101  59   1.298E+03
*           1562.7933885   6     1    14     3       168  56 636.462E+00
*           1562.7933910   5     6    15     4       131  56 831.598E+00
* Gp# 1[1,2,3,5,6] x,y,z = -6.86, 20.75, 16.39, q = 0.8106 dT[9, 11, 19, 30] Src Amplitude = 84.0
*           1562.8286110   1     8    44    39       335  84 105.702E+03
*           1562.8286200   2    10    36    21       259  71  15.447E+03
*           1562.8286215   3    18    31    14       289  69   7.481E+03
*           1562.8286300   5    45    32    11       241  67   5.411E+03
*           1562.8286405   6    10    31    16       353  69   8.900E+03
* Gp# 1[2,3,1,6,5] x,y,z = 15.08, 44.99, -3.156, q = 0.655 dT[5, 6, 7, 21] Src Amplitude = 57.0
*           1562.9817820   2     1     9     2        55  57 506.269E+00
*           1562.9817865   3     2     4     0         9  51  47.559E+00
*           1562.9817880   1    19     5     1       101  49 168.643E+00
*           1562.9817885   6     1     8     1        74  54 182.688E+00
*           1562.9818030   5     1     7     0        25  49  54.687E+00
* Gp# 1[1,3,6,2] x,y,z = -1.467, 55.97, 6.951, q = 1 dT[3, 3, 3] Src Amplitude = 61.0
*           1563.0969940   1     1    26     6       178  61   1.549E+03
*           1563.0969965   3    15    10     2       127  57 489.333E+00
*           1563.0969965   6     7    18     5       171  59   1.282E+03
*           1563.0969970   2    18    18     6        92  64   2.741E+03
* Gp# 1[5,3,1,2] x,y,z = -14.36, 73, -9.169, q = 1 dT[8, 12, 12] Src Amplitude = 61.0
*           1563.2826840   5    17    19     3        72  61   1.446E+03
*           1563.2826915   3     9     5     1        76  54 191.820E+00
*           1563.2826960   1     1    11     1        65  52 291.588E+00
*           1563.2826960   2     1     7     2        76  58 767.204E+00
* Gp# 1[5,3,1,2] x,y,z = -2.24, 77.01, 0.5145, q = 1 dT[12, 12, 12] Src Amplitude = 64.0
*           1563.2928830   5    21    22     5        95  64   2.713E+03
*           1563.2928945   3     3     7     1        57  54 143.589E+00
*           1563.2928950   1    70    20     4       130  59   1.143E+03
*           1563.2928950   2     2     8     2        63  57 797.091E+00
* Gp# 1[2,6,1,3,5] x,y,z = 5.775, 55.77, 0.8262, q = 1 dT[1, 1, 2, 5] Src Amplitude = 72.0
*           1563.6445770   2    25    33    24       233  72  21.413E+03
*           1563.6445775   6     6    38    19       306  71  13.347E+03
*           1563.6445780   1    25    44    18       261  67  10.047E+03
*           1563.6445785   3    24    30    11       248  64   4.286E+03
*           1563.6445820   5    16    34    12       254  66   5.297E+03
* Gp# 1[1,3,6,2,5] x,y,z = 2.644, 51.37, 7.893, q = 0.4467 dT[3, 4, 4, 8] Src Amplitude = 58.0
*           1563.7196290   1    23    22     4       159  58 970.080E+00
*           1563.7196315   3    22     8     2       118  54 306.591E+00
*           1563.7196325   6     2    15     5       174  62   1.402E+03
*           1563.7196330   2    20    15     5       112  62   1.586E+03
*           1563.7196370   5     2     9     2       102  54 351.878E+00
* Gp# 1[1,2,5,6,3] x,y,z = 1.194, 49.67, 24.2, q = 0.01067 dT[7, 7, 13, 14] Src Amplitude = 60.0
*           1563.7787280   1     6    15     3       129  60 815.459E+00
*           1563.7787350   2     1    11     2        48  59 628.095E+00
*           1563.7787350   5    28    14     3       158  56 712.229E+00
*           1563.7787405   6     2    15     2        90  59 643.786E+00
*           1563.7787415   3     1     7     0        25  53 160.662E+00
* Gp# 1[2,1,3,6,5] x,y,z = 6.127, 22.96, 2.478, q = 0.8412 dT[1, 2, 14, 26] Src Amplitude = 60.0
*           1563.8431380   2     2    14     5       108  60   1.745E+03
*           1563.8431390   1     9    32    11       194  63   5.095E+03
*           1563.8431395   3     7    19     6       210  62   1.916E+03
*           1563.8431515   6    49    27     8       202  61   2.501E+03
*           1563.8431640   5     5    11     2       110  56 567.602E+00
* Gp# 1[1,3,2,6] x,y,z = -0.9162, 32.92, 22.68, q = 1 dT[14, 14, 23] Src Amplitude = 65.0
*           1563.9485290   1     4    27     8       174  65   3.340E+03
*           1563.9485425   3     1    11     2       111  54 303.257E+00
*           1563.9485430   2    13    12     3        58  60   1.424E+03
*           1563.9485515   6     1    16     4       163  57 822.992E+00
* Gp# 1[1,3,2,6,5] x,y,z = 7.89, 20.82, 3.853, q = 0.7676 dT[2, 2, 13, 28] Src Amplitude = 63.0
*           1564.0358460   1     9    31    11       177  63   5.030E+03
*           1564.0358475   3     6    19     6       206  62   1.888E+03
*           1564.0358480   2     2    16     4        83  60   1.522E+03
*           1564.0358585   6    46    27    10       396  61   2.599E+03
*           1564.0358740   5     2     9     2       107  55 522.869E+00
* Gp# 1[6,4,5,1,3] x,y,z = 17.29, 75.61, 9.602, q = 0.9548 dT[10, 11, 15, 22] Src Amplitude = 68.0
*           1564.0966385   6     5    30    13       236  68   6.953E+03
*           1564.0966480   4     2     5     1        62  57 361.087E+00
*           1564.0966490   5    25    30    13       185  65   6.831E+03
*           1564.0966530   1    15    33     8       194  60   2.430E+03
*           1564.0966605   3     1    17     4       209  57 836.427E+00
* Gp# 1[1,3,2,5,6] x,y,z = -2.008, 43.64, 7.365, q = 1 dT[4, 4, 10, 12] Src Amplitude = 65.0
*           1564.1316710   1    12    37    16       352  65   7.918E+03
*           1564.1316745   3     7    25     8       210  64   2.928E+03
*           1564.1316750   2     1    21     8       168  61   2.768E+03
*           1564.1316810   5    32    14     3       131  57 874.499E+00
*           1564.1316825   6    46    30    10       206  63   3.900E+03
* Gp# 1[1,3,2,6,5] x,y,z = 11.35, 13.54, 8.176, q = 0.7724 dT[4, 4, 15, 30] Src Amplitude = 63.0
*           1564.2285230   1     9    31    12       197  63   5.104E+03
*           1564.2285265   3     3    19     6       213  62   1.912E+03
*           1564.2285270   2     1    16     5       109  59   1.609E+03
*           1564.2285375   6     1    27     8       203  60   2.571E+03
*           1564.2285530   5    12     9     2        75  56 491.898E+00
* Gp# 1[1,2,6,5] x,y,z = 6.933, 35.06, 18.08, q = 1 dT[9, 18, 20] Src Amplitude = 63.0
*           1564.2440310   1    22    17     4        75  63   2.034E+03
*           1564.2440400   2    20    18     6       101  63   2.820E+03
*           1564.2440485   6     8    11     2       122  55 362.346E+00
*           1564.2440510   5     8    15     3       113  57 703.603E+00
* Gp# 1[1,3,2,6,5] x,y,z = 0.1798, 32.42, 1.276, q = 1 dT[1, 1, 15, 16] Src Amplitude = 65.0
*           1564.3245790   1    36    34    15       212  65   7.767E+03
*           1564.3245795   3    13    25     8       213  64   2.977E+03
*           1564.3245800   2    12    21     8       170  61   2.895E+03
*           1564.3245935   6    46    29    11       203  63   3.920E+03
*           1564.3245950   5    16    15     3       124  57 868.921E+00
* Gp# 1[1,3,2,6,5] x,y,z = 3.904, 22.42, 4.299, q = 0.7251 dT[1, 4, 13, 28] Src Amplitude = 63.0
*           1564.4203580   1     9    32    11       195  63   4.988E+03
*           1564.4203585   3     7    18     5       164  62   1.837E+03
*           1564.4203620   2     3    15     5       104  59   1.504E+03
*           1564.4203705   6    46    26     8       199  61   2.604E+03
*           1564.4203860   5     2     9     2        75  55 474.645E+00
* Gp# 1[1,3,2,5,6] x,y,z = -2.008, 43.64, 7.365, q = 1 dT[4, 4, 10, 12] Src Amplitude = 65.0
*           1564.5160650   1    12    34    14       198  65   7.685E+03
*           1564.5160685   3     7    24     8       210  63   2.889E+03
*           1564.5160690   2     1    20     8       168  61   2.768E+03
*           1564.5160750   5    23    16     3       128  57 871.002E+00
*           1564.5160765   6    50    29    10       207  63   3.991E+03
* Gp# 1[6,5,3,1,2] x,y,z = 4.314, 74.85, 15.5, q = 0.3696 dT[6, 10, 11, 20] Src Amplitude = 69.0
*           1564.5267475   6     8    23    10       201  69   6.317E+03
*           1564.5267530   5    41    26     6       135  59   1.644E+03
*           1564.5267575   3     2    12     3       154  54 523.552E+00
*           1564.5267580   1     2    20     7       144  65   3.515E+03
*           1564.5267670   2    14    17     6       148  60   1.894E+03
* Gp# 1[5,6,1,2] x,y,z = -9.897, 79.84, 1.837, q = 1 dT[7, 16, 18] Src Amplitude = 56.0
*           1564.5888020   5    13    11     2        68  56 421.344E+00
*           1564.5888085   6     1    13     2       126  52 386.394E+00
*           1564.5888180   1    33    14     3       121  59 763.926E+00
*           1564.5888200   2     1     6     0         7  53  53.091E+00
* Gp# 1[1,3,2,5] x,y,z = -4.123, 26.93, 17.86, q = 1 dT[11, 13, 23] Src Amplitude = 81.0
*           1564.8417640   1     3    53    46       307  81  98.319E+03
*           1564.8417745   3    14    29    13       285  68   5.596E+03
*           1564.8417770   2    12    38    30       270  71  29.952E+03
*           1564.8417870   5    72    44    19       249  65  10.078E+03
* Gp# 1[3,2,1,5,6,4] x,y,z = -8.321, 52.84, -5.155, q = 0 dT[5, 6, 6, 6, 7] Src Amplitude = 64.0
*           1564.9452645   3    24    26    12       323  64   4.405E+03
*           1564.9452690   2    18    33    18       291  66  10.060E+03
*           1564.9452700   1    20    41    13       283  65   4.507E+03
*           1564.9452700   5    12    38    15       234  70   9.551E+03
*           1564.9452705   6    22    35    14       264  67   6.204E+03
*           1564.9452710   4     2     6     2       108  55 294.445E+00
* Gp# 1[3,2,1,5,6] x,y,z = -6.984, 32.07, -20.42, q = 1 dT[6, 12, 21, 22] Src Amplitude = 55.0
*           1565.0375415   3     2     3     1        45  55 217.841E+00
*           1565.0375470   2     1     4     0        24  55 165.334E+00
*           1565.0375530   1     2     8     1        68  54 234.377E+00
*           1565.0375620   5     1     7     1        38  54 211.749E+00
*           1565.0375635   6     1     6     0        41  51 110.411E+00
* Gp# 1[3,2,1,5,6] x,y,z = -4.277, 46.08, -12.15, q = 0.7562 dT[1, 7, 8, 16] Src Amplitude = 54.0
*           1565.4578675   3     1    12     2        83  54 381.845E+00
*           1565.4578680   2     7    15     5       128  60   1.313E+03
*           1565.4578740   1    12    26     6       215  59   1.438E+03
*           1565.4578750   5     5    19     5       115  66   2.259E+03
*           1565.4578835   6    22    18     5       205  59   1.323E+03
* Gp# 1[3,2,4,5,6,1] x,y,z = -4.243, 55.28, -18.19, q = 1 dT[2, 2, 6, 7, 9] Src Amplitude = 72.0
*           1565.5148015   3    77    46    44       500  72  40.854E+03
*           1565.5148030   2    16    60    76       429  80 162.814E+03
*           1565.5148030   4    13    29    12       223  66   7.382E+03
*           1565.5148070   5    12    62    58       397  83 139.853E+03
*           1565.5148085   6    52    62    53       506  75  68.123E+03
*           1565.5148100   1    22    61    49       415  78  73.637E+03
* Gp# 1[3,1,2,4,5,6] x,y,z = -13.97, 48.88, -9.88, q = 0.6438 dT[6, 6, 7, 8, 20] Src Amplitude = 57.0
*           1565.5175165   3    75    19     7       406  57   1.205E+03
*           1565.5175220   1    19    21     5       137  60   1.672E+03
*           1565.5175220   2    60    23    11       347  60   3.227E+03
*           1565.5175230   4     1     4     0        55  52 107.739E+00
*           1565.5175240   5     9    20     5       113  66   2.690E+03
*           1565.5175365   6     1    18     4       116  59   1.245E+03
* Gp# 1[3,2,5,1,6] x,y,z = -13.24, 45.93, -14.8, q = 0.6765 dT[5, 9, 10, 22] Src Amplitude = 45.0
*           1565.5325315   3     1     1     0         1  45   0.000E+00
*           1565.5325360   2     1     2     0         4  55  59.015E+00
*           1565.5325400   5     2     4     0         7  53  78.127E+00
*           1565.5325410   1     1     6     1        57  50 126.412E+00
*           1565.5325535   6     1     4     0        21  47  34.624E+00
* Gp# 1[5,4,2,3,1] x,y,z = -2.386, 62.85, -1.69, q = 0.3705 dT[1, 2, 3, 5] Src Amplitude = 64.0
*           1565.5341440   5    13    19     5       134  64   1.931E+03
*           1565.5341450   4     4     7     1        63  54 332.296E+00
*           1565.5341460   2    19    16     6       132  63   2.490E+03
*           1565.5341465   3    16    16     3       116  55 708.352E+00
*           1565.5341490   1    16    19     5       123  63   2.010E+03
* Gp# 1[6,1,2,3] x,y,z = 18.04, 78.58, 12.68, q = 1 dT[18, 19, 23] Src Amplitude = 64.0
*           1565.5730065   6     1    11     3        71  64   1.182E+03
*           1565.5730240   1     1     9     2        99  56 401.108E+00
*           1565.5730250   2     1    10     2        76  55 556.513E+00
*           1565.5730295   3     1     5     1        63  51 108.044E+00
* Gp# 1[4,1,5,3,2] x,y,z = -2.178, 73.01, -11.75, q = 0 dT[7, 10, 12, 18] Src Amplitude = 52.0
*           1565.6247270   4     2     5     0        30  52 137.869E+00
*           1565.6247340   1     1    15     2       137  54 364.107E+00
*           1565.6247370   5     8    21     5       170  64   1.896E+03
*           1565.6247385   3     2     9     1       111  53 261.055E+00
*           1565.6247450   2    33    11     3        87  57 879.440E+00
* Gp# 1[3,4,2,1,5,6] x,y,z = -5.424, 52.7, -22.9, q = 0.8352 dT[1, 3, 7, 9, 13] Src Amplitude = 59.0
*           1565.6254745   3    20    19     5       221  59   1.283E+03
*           1565.6254750   4     1     2     0        42  47  45.946E+00
*           1565.6254770   2    11    26    12       254  64   4.814E+03
*           1565.6254810   1     2    29     7       189  60   2.164E+03
*           1565.6254830   5    13    26     7       136  63   2.777E+03
*           1565.6254875   6    12    24     6       171  59   1.513E+03
* Gp# 1[6,5,3,1,2] x,y,z = 7.176, 82.93, 7.156, q = 0.2631 dT[9, 13, 17, 25] Src Amplitude = 72.0
*           1565.6476475   6    13    22    12       142  72  12.057E+03
*           1565.6476560   5     2    24     5       157  57   1.156E+03
*           1565.6476605   3     1    14     4       164  59   1.129E+03
*           1565.6476640   1    48    28     7       161  63   3.041E+03
*           1565.6476720   2    45    18     7       202  61   2.060E+03
* Gp# 1[6,5,1,3] x,y,z = 21.68, 90.01, 12.5, q = 1 dT[21, 30, 33] Src Amplitude = 75.0
*           1565.6773735   6    18    33    20       465  75  25.917E+03
*           1565.6773940   5    14    23     5       145  62   1.279E+03
*           1565.6774030   1    63    20     4       149  58 905.111E+00
*           1565.6774065   3     1    10     3       125  60 634.993E+00
* Gp# 1[2,3,1,5,6] x,y,z = 0.4417, 53.01, -9.945, q = 0.5438 dT[2, 4, 4, 8] Src Amplitude = 61.0
*           1565.8702110   2     1    21     7       143  61   2.435E+03
*           1565.8702125   3     2    15     4       143  59   1.158E+03
*           1565.8702150   1    16    20     6       153  60   1.690E+03
*           1565.8702150   5    15    28     7       133  61   2.976E+03
*           1565.8702185   6    18    20     6       156  61   1.780E+03
* Gp# 1[5,3,1,2,6] x,y,z = -22.9, 57.62, 5.037, q = 0.6758 dT[3, 4, 7, 12] Src Amplitude = 58.0
*           1565.9722450   5    20    17     3        93  58 964.679E+00
*           1565.9722475   3     2    10     2        96  53 301.489E+00
*           1565.9722490   1    29    12     2        85  56 383.870E+00
*           1565.9722520   2     1     9     2        62  56 614.063E+00
*           1565.9722565   6     3     8     1        81  54 297.689E+00
* Gp# 1[5,1,3,2] x,y,z = -11.75, 66.9, 17.52, q = 1 dT[7, 11, 14] Src Amplitude = 59.0
*           1565.9957720   5     4    11     1        12  59 474.296E+00
*           1565.9957790   1    46    13     2        78  53 347.335E+00
*           1565.9957825   3     1     1     0         1  47   0.000E+00
*           1565.9957860   2     1     1     0         1  52   0.000E+00
* Gp# 1[5,2,1,3] x,y,z = 6.496, 70.85, 2.223, q = 1 dT[5, 6, 8] Src Amplitude = 54.0
*           1566.0221420   5     1    10     1        42  54 292.773E+00
*           1566.0221470   2    34     7     2        73  55 493.369E+00
*           1566.0221480   1     2    11     2       114  52 315.997E+00
*           1566.0221495   3     1     5     1        83  48 109.625E+00
* Gp# 1[5,3,1,2] x,y,z = -23.54, 58.95, 6.317, q = 1 dT[3, 5, 11] Src Amplitude = 57.0
*           1566.0407670   5    26    19     3       111  57 943.688E+00
*           1566.0407695   3     9    12     2        59  57 506.926E+00
*           1566.0407720   1    38    18     3        99  55 729.112E+00
*           1566.0407780   2    19    16     7       113  63   3.054E+03
* Gp# 1[6,1,2,3] x,y,z = 8.329, 66.8, 22.94, q = 1 dT[5, 11, 13] Src Amplitude = 66.0
*           1566.0501605   6     1    21     8       153  66   3.922E+03
*           1566.0501650   1    13    21     5       114  59   1.370E+03
*           1566.0501710   2    17    19     7       217  59   1.653E+03
*           1566.0501735   3     1    13     3       161  53 452.105E+00
* Gp# 1[1,3,2,5,6] x,y,z = -17.26, 32.03, 9.45, q = 0.9521 dT[1, 7, 12, 21] Src Amplitude = 53.0
*           1566.1072600   1     1     8     1        57  53 194.126E+00
*           1566.1072605   3     2     4     0        25  51  81.444E+00
*           1566.1072670   2     1     6     2        74  55 409.855E+00
*           1566.1072720   5     1     4     0        24  52 122.132E+00
*           1566.1072805   6     1     4     0        13  50  27.909E+00
* Gp# 1[2,4,5,3,1,6] x,y,z = 0.6638, 53.2, -13.27, q = 0.03042 dT[2, 2, 4, 5, 11] Src Amplitude = 67.0
*           1566.1890960   2     1    25    11       205  67   5.194E+03
*           1566.1890980   4     1     3     1        49  53 154.036E+00
*           1566.1890980   5    19    28    10       218  67   4.766E+03
*           1566.1890995   3    28    20     6       183  59   1.415E+03
*           1566.1891010   1    22    31     9       200  64   3.693E+03
*           1566.1891065   6    49    26     8       240  62   2.240E+03
* Gp# 1[5,3,1,2] x,y,z = -24.42, 70.67, -4.943, q = 1 dT[8, 13, 15] Src Amplitude = 54.0
*           1566.2248280   5     2     8     2       100  54 279.547E+00
*           1566.2248355   3     7     4     1        17  59 390.918E+00
*           1566.2248410   1     1    11     1        89  51 215.971E+00
*           1566.2248430   2     1     4     1        30  55 199.805E+00
* Gp# 1[1,3,5,6] x,y,z = -0.7437, 32.76, 23.29, q = 1 dT[15, 22, 23] Src Amplitude = 54.0
*           1566.4165710   1     2     6     1        45  54 217.230E+00
*           1566.4165855   3     1     1     0         1  45   0.000E+00
*           1566.4165930   5     2     5     0         2  47   6.726E+00
*           1566.4165935   6     1     4     0         8  47  18.897E+00
* Gp# 1[6,5,2,1,3] x,y,z = 21.64, 80.18, 3.146, q = 0.263 dT[15, 19, 20, 20] Src Amplitude = 67.0
*           1566.4633845   6    19    22     8       161  67   3.964E+03
*           1566.4633990   5     1    23     8       264  61   2.668E+03
*           1566.4634030   2    54    16     5       111  60   1.435E+03
*           1566.4634040   1     1    21     4       159  57 958.938E+00
*           1566.4634045   3    12    10     2        92  54 416.854E+00
* Gp# 1[1,2,3,6,5] x,y,z = 8.278, 39.69, 22.6, q = 1 dT[10, 13, 15, 18] Src Amplitude = 67.0
*           1566.5057880   1    18    28    10       142  67   5.447E+03
*           1566.5057980   2    22    13     9       169  64   3.395E+03
*           1566.5058005   3     9    17     5       237  60   1.055E+03
*           1566.5058025   6    52    26     7       171  64   2.702E+03
*           1566.5058060   5    71    26     7       166  60   2.154E+03
* Gp# 1[3,1,2,5,6] x,y,z = -16.88, 42.93, 5.423, q = 0.8929 dT[3, 7, 8, 17] Src Amplitude = 53.0
*           1566.5339755   3     2     8     1        83  53 286.115E+00
*           1566.5339780   1     2    13     2       118  54 433.310E+00
*           1566.5339820   2     9    11     4        84  61   1.283E+03
*           1566.5339830   5     3    16     3        81  63   1.102E+03
*           1566.5339925   6     1    11     2        71  56 369.444E+00
* Gp# 1[3,1,6,2,5] x,y,z = -10.95, 45.55, -0.9492, q = 0 dT[4, 6, 11, 15] Src Amplitude = 51.0
*           1566.5528895   3     4     4     1        92  51 161.822E+00
*           1566.5528930   1    32     8     1        68  52 173.403E+00
*           1566.5528955   6     1     8     1        60  52 220.588E+00
*           1566.5529000   2     1     3     0         1  53   0.000E+00
*           1566.5529040   5     2     8     1        60  53 358.525E+00
* Gp# 1[5,2,6,3,1] x,y,z = -24.56, 78.85, -0.3067, q = 0 dT[16, 17, 18, 19] Src Amplitude = 62.0
*           1566.6687890   5     4    16     3        92  62   1.217E+03
*           1566.6688050   2    30    11     2        89  58 695.026E+00
*           1566.6688055   6     1    14     3        88  58 764.597E+00
*           1566.6688065   3     1    11     2       110  56 486.735E+00
*           1566.6688080   1    62    19     3       152  54 620.781E+00
* Gp# 1[4,1,5,2,3,6] x,y,z = -4.448, 71.41, -23.29, q = 0 dT[6, 10, 14, 20, 21] Src Amplitude = 45.0
*           1566.8304940   4     1     1     0         1  45   0.000E+00
*           1566.8305000   1    21    12     2       122  53 293.232E+00
*           1566.8305040   5     5    13     2        83  58 571.220E+00
*           1566.8305080   2     1     6     2        61  57 484.931E+00
*           1566.8305135   3     1     5     0        49  51 103.012E+00
*           1566.8305145   6    18    11     2        71  56 443.046E+00
* Gp# 1[1,2,3,6,5] x,y,z = 18.62, 30.48, 8.241, q = 0.727 dT[1, 4, 9, 25] Src Amplitude = 62.0
*           1566.9840780   1     8    25     9       203  62   4.280E+03
*           1566.9840790   2     1    21     7       161  59   1.903E+03
*           1566.9840815   3    10    18     7       287  62   1.860E+03
*           1566.9840865   6   241    34    11       280  61   3.378E+03
*           1566.9841030   5    17    23     6       291  57   1.055E+03
* Gp# 1[3,4,2,5,1,6] x,y,z = -11.73, 55.21, -17.21, q = 0.6805 dT[2, 4, 5, 7, 15] Src Amplitude = 65.0
*           1567.0322245   3     3    29    12       267  65   4.813E+03
*           1567.0322260   4     2     6     1        66  54 206.788E+00
*           1567.0322280   2    13    35    18       265  68  10.735E+03
*           1567.0322290   5    10    35    16       253  69  11.311E+03
*           1567.0322310   1    25    35    16       328  66   7.738E+03
*           1567.0322395   6    11    30    14       209  65   6.838E+03
* Gp# 1[3,2,1,5,6] x,y,z = -4.235, 36.2, -23.21, q = 0.8976 dT[2, 11, 15, 22] Src Amplitude = 46.0
*           1567.0681015   3     1     1     0         1  46   0.000E+00
*           1567.0681030   2     1     6     2        68  58 496.447E+00
*           1567.0681120   1     1     6     0        30  51  70.613E+00
*           1567.0681160   5     2     2     0         2  47   5.921E+00
*           1567.0681235   6     1     3     0         5  50  15.223E+00
* Gp# 1[1,3,2,5,6] x,y,z = -2.008, 43.64, 7.365, q = 1 dT[4, 4, 10, 12] Src Amplitude = 65.0
*           1567.0809390   1    12    28    12       207  65   6.564E+03
*           1567.0809425   3     7    20     6       196  64   2.590E+03
*           1567.0809430   2     1    22     8       139  61   2.964E+03
*           1567.0809490   5    23    15     3        93  57 741.016E+00
*           1567.0809505   6    51    30    11       240  63   4.444E+03
* Gp# 1[3,1,2,6,5] x,y,z = -8.558, 46.3, 3.829, q = 0.5479 dT[1, 7, 7, 10] Src Amplitude = 53.0
*           1567.0829155   3     2     9     2       100  53 311.775E+00
*           1567.0829160   1    17     9     1        92  55 309.181E+00
*           1567.0829220   2     1     6     1        62  54 359.912E+00
*           1567.0829225   6    42     9     1        62  52 161.528E+00
*           1567.0829250   5     2    11     1        46  57 330.616E+00
* Gp# 1[1,2,3,5,4,6] x,y,z = 8.465, 33.69, 11.05, q = 0.7434 dT[2, 12, 14, 19, 21] Src Amplitude = 67.0
*           1567.0844680   1     7    33    10       180  67   4.299E+03
*           1567.0844700   2    42    24    11       166  64   5.078E+03
*           1567.0844795   3     5    18     5       143  61   1.771E+03
*           1567.0844820   5    20    27     7       140  61   2.336E+03
*           1567.0844870   4     2     2     0        29  49  43.530E+00
*           1567.0844888   6     8    22     5       154  60   1.551E+03
* Gp# 1[1,2,3,6,4,5] x,y,z = 7.376, 41.5, 18.88, q = 0.5437 dT[10, 11, 13, 16, 19] Src Amplitude = 85.0
*           1567.1210200   1     7    64    58       577  85 135.643E+03
*           1567.1210300   2    20    55    48       530  77  62.082E+03
*           1567.1210305   3    30    45    22       529  65  10.216E+03
*           1567.1210325   6    17    51    35       541  77  42.684E+03
*           1567.1210360   4    23    13     3       137  55 579.318E+00
*           1567.1210390   5    23    66    31       528  73  25.213E+03
* Gp# 1[4,2,1,3] x,y,z = 17.68, 74.86, -3.208, q = 1 dT[7, 11, 13] Src Amplitude = 47.0
*           1567.1384080   4     1     2     0         1  47   0.000E+00
*           1567.1384150   2    31     9     2        81  58 605.132E+00
*           1567.1384190   1    40    11     2        63  55 450.189E+00
*           1567.1384205   3     1    12     2       114  53 450.132E+00
* Gp# 1[5,6,2,1,3] x,y,z = -11.62, 88.11, 3.169, q = 0.457 dT[11, 17, 22, 25] Src Amplitude = 68.0
*           1567.1501160   5     7    22     8       189  68   5.011E+03
*           1567.1501265   6    16    20     8       345  65   2.406E+03
*           1567.1501330   2    23    14     4       105  58   1.275E+03
*           1567.1501380   1     1    14     3       115  54 515.975E+00
*           1567.1501405   3    17    11     2        68  55 508.034E+00
* Gp# 1[6,5,1,3] x,y,z = 9.212, 65.55, 11.73, q = 1 dT[5, 6, 11] Src Amplitude = 56.0
*           1567.1655765   6     2     9     1        49  56 286.324E+00
*           1567.1655810   5     1     9     1        78  54 315.731E+00
*           1567.1655820   1    42     7     1        56  50 119.711E+00
*           1567.1655875   3     1     3     0        52  48  59.303E+00
* Gp# 1[1,3,2,6,5] x,y,z = 10.63, 26.16, 8.163, q = 0.701 dT[4, 4, 12, 28] Src Amplitude = 63.0
*           1567.1767600   1    12    25     9       204  63   4.272E+03
*           1567.1767635   3     3    16     4        99  62   1.603E+03
*           1567.1767640   2     1    17     6       158  58   1.919E+03
*           1567.1767715   6    51    26     9       237  61   2.940E+03
*           1567.1767880   5     1    13     3       111  54 517.438E+00
* Gp# 1[2,3,5,4] x,y,z = 0.9107, 35.46, 16.89, q = 1 dT[1, 9, 13] Src Amplitude = 75.0
*           1567.2765930   2    11    28    24       227  75  29.742E+03
*           1567.2765935   3     9    28    13       312  66   5.577E+03
*           1567.2766020   5    12    32    10       213  67   5.250E+03
*           1567.2766060   4     2     5     0        42  51  59.005E+00
* Gp# 1[4,2,3,5,1] x,y,z = 3.929, 60.24, -16.47, q = 1 dT[2, 5, 6, 10] Src Amplitude = 53.0
*           1567.2785860   4     3     8     1        44  53 250.484E+00
*           1567.2785880   2     1    30    20       230  69  13.976E+03
*           1567.2785905   3    30    29    12       314  64   4.564E+03
*           1567.2785920   5    32    36    13       203  67   7.009E+03
*           1567.2785960   1    38    40    17       244  67   9.857E+03
* Gp# 1[5,2,1,6,3] x,y,z = -18.47, 69.45, 10.5, q = 0 dT[11, 12, 14, 15] Src Amplitude = 65.0
*           1567.2808990   5    19    25     7       164  65   3.206E+03
*           1567.2809100   2     5    13     4        66  62   1.983E+03
*           1567.2809110   1     9    20     4       118  59   1.058E+03
*           1567.2809125   6    17    18     5       159  63   1.555E+03
*           1567.2809135   3     1    10     2        91  54 383.098E+00
* Gp# 1[1,2,3,6,5] x,y,z = 6.377, 26.11, 17.13, q = 1 dT[9, 13, 23, 24] Src Amplitude = 63.0
*           1567.3232070   1     7    26     7       146  63   3.462E+03
*           1567.3232160   2    20    19     7       138  65   3.201E+03
*           1567.3232195   3     6    17     3       111  57 774.950E+00
*           1567.3232295   6     3    21     6       205  61   1.438E+03
*           1567.3232310   5    16    20     5       212  61   1.345E+03
* Gp# 1[1,3,2,6,5] x,y,z = 7.58, 20.44, 7.101, q = 0.7979 dT[4, 4, 15, 28] Src Amplitude = 63.0
*           1567.3686590   1     9    32    12       402  63   4.461E+03
*           1567.3686625   3    10    23     8       421  62   2.189E+03
*           1567.3686630   2     1    23    11       393  59   2.708E+03
*           1567.3686735   6    48    29    10       393  61   2.880E+03
*           1567.3686870   5     5    11     2        67  55 453.124E+00
* Gp# 1[1,3,6,5] x,y,z = 7.519, 39.23, 17.07, q = 1 dT[11, 15, 17] Src Amplitude = 51.0
*           1567.4099170   1     1     9     1       109  51 231.731E+00
*           1567.4099275   3     2     6     1        88  51 157.967E+00
*           1567.4099315   6     2     9     2       105  55 378.059E+00
*           1567.4099340   5     1     8     1       126  50 178.511E+00
* Gp# 1[6,5,1,3] x,y,z = 0.7344, 80.68, 18.94, q = 1 dT[1, 13, 17] Src Amplitude = 64.0
*           1567.4138085   6     6    16     4       151  64   1.217E+03
*           1567.4138090   5     2    15     4       160  58 685.422E+00
*           1567.4138210   1    15    17     3       135  57 561.839E+00
*           1567.4138255   3    31    13     4       146  57   1.028E+03
* Gp# 1[1,3,2,6,5] x,y,z = 7.167, 12.65, 2.065, q = 0.8387 dT[1, 1, 15, 28] Src Amplitude = 64.0
*           1567.4643970   1    15    31    12       204  64   6.329E+03
*           1567.4643975   3    13    20     7       196  64   2.676E+03
*           1567.4643980   2     5    20     8       151  62   3.022E+03
*           1567.4644115   6    44    28    11       237  63   4.265E+03
*           1567.4644250   5     2    12     3        87  57 716.030E+00
* Gp# 1[2,1,3,5] x,y,z = 11.94, 39.32, -0.2061, q = 1 dT[4, 8, 17] Src Amplitude = 65.0
*           1567.4823520   2    97    31    15       278  65   6.321E+03
*           1567.4823560   1    90    51    14       310  62   4.658E+03
*           1567.4823595   3    86    23    10       343  61   2.719E+03
*           1567.4823690   5    82    41    12       264  64   4.908E+03
* Gp# 1[5,6,1,3] x,y,z = -21.68, 90.02, 12.54, q = 1 dT[20, 26, 30] Src Amplitude = 56.0
*           1567.5040830   5     2     8     3       233  56 427.247E+00
*           1567.5041025   6    11     7     1        76  51 178.683E+00
*           1567.5041090   1     1     5     0         1  51   0.000E+00
*           1567.5041125   3     1     2     0        71  45  70.131E+00
* Gp# 1[3,1,2,5] x,y,z = -4.522, 33.45, 1.738, q = 1 dT[1, 3, 15] Src Amplitude = 54.0
*           1567.6931045   3     1     5     0        17  54  79.513E+00
*           1567.6931050   1    15    19     5       236  61   1.077E+03
*           1567.6931070   2     2     4     0        12  55 184.699E+00
*           1567.6931190   5    65    11     2        66  53 340.431E+00
* Gp# 1[5,1,2,3,6] x,y,z = -4.102, 58.93, 2.131, q = 0 dT[1, 1, 3, 4] Src Amplitude = 57.0
*           1567.6950980   5    23    14     2        79  57 460.228E+00
*           1567.6950990   1    65    21     4       151  58 792.139E+00
*           1567.6950990   2     1    15     2        60  58 800.721E+00
*           1567.6951005   3     2    10     1        72  51 211.300E+00
*           1567.6951015   6    14    18     5       178  62   1.618E+03
* Gp# 1[3,2,5,1] x,y,z = -0.7504, 57.37, -12.2, q = 1 dT[1, 4, 5] Src Amplitude = 53.0
*           1568.0534895   3     1     8     1        79  53 259.408E+00
*           1568.0534900   2     1     8     3       105  57 789.274E+00
*           1568.0534930   5     1     7     1        62  52 161.421E+00
*           1568.0534940   1     2    11     2        78  54 321.644E+00
* Gp# 1[6,3,5,2,1] x,y,z = 15.62, 75.38, -7.487, q = 0 dT[10, 11, 13, 15] Src Amplitude = 76.0
*           1568.0733005   6     9    28    18       234  76  22.440E+03
*           1568.0733105   3    49    21     9       210  65   3.675E+03
*           1568.0733110   5    39    37    10       184  63   3.748E+03
*           1568.0733130   2    48    23    10       152  64   4.845E+03
*           1568.0733150   1    29    28     9       197  62   3.409E+03
* Gp# 1[1,3,6,2,5] x,y,z = -9.53, 43.01, 19.41, q = 0.1109 dT[3, 8, 17, 18] Src Amplitude = 64.0
*           1568.0767890   1    14    31    10       177  64   4.092E+03
*           1568.0767915   3     6    18     5       134  59   1.553E+03
*           1568.0767965   6    42    24     7       204  61   2.036E+03
*           1568.0768060   2    35    19     8       161  63   3.093E+03
*           1568.0768070   5    34    30     8       161  62   2.728E+03
* Gp# 1[3,2,5,1,6] x,y,z = -7.469, 49.37, -8.144, q = 0.544 dT[1, 4, 6, 16] Src Amplitude = 58.0
*           1568.1414345   3     2    17     6       227  58   1.355E+03
*           1568.1414350   2     2    18     8       127  69   5.044E+03
*           1568.1414380   5    36    28     9       170  62   3.475E+03
*           1568.1414400   1    31    33     9       269  63   2.495E+03
*           1568.1414505   6    18    25     6       191  61   1.816E+03
* Gp# 1[6,5,3,1,2] x,y,z = 10.16, 88.04, 6.295, q = 0.2573 dT[11, 15, 22, 28] Src Amplitude = 68.0
*           1568.3507535   6    23    24    11       195  68   6.953E+03
*           1568.3507640   5    29    29     7       121  61   2.499E+03
*           1568.3507685   3     1    15     4       158  60   1.071E+03
*           1568.3507750   1    24    19     5       135  60   1.537E+03
*           1568.3507810   2     1    18     7       159  63   2.588E+03
* Gp# 1[6,2,5,3,4] x,y,z = 9.216, 53.1, 19.14, q = 1 dT[1, 3, 6, 8] Src Amplitude = 68.0
*           1568.4169195   6    31    34    13       273  68   6.376E+03
*           1568.4169200   2    21    29    18       183  71  15.674E+03
*           1568.4169220   5    29    40    12       235  67   5.219E+03
*           1568.4169255   3    10    24     9       199  62   3.251E+03
*           1568.4169270   4     2     4     0         2  47   3.324E+00
* Gp# 1[1,3,5,6] x,y,z = -16.41, 0.6864, 12.82, q = 1 dT[2, 23, 26] Src Amplitude = 52.0
*           1568.4608680   1     2    10     1        66  52 177.026E+00
*           1568.4608695   3     1     5     1        29  53 212.875E+00
*           1568.4608910   5     1     3     0         1  50   0.000E+00
*           1568.4608935   6     1     4     0        53  50  87.056E+00
* Gp# 1[6,5,2,3,4,1] x,y,z = 6.258, 85.08, 20.62, q = 0.2327 dT[1, 15, 15, 21, 27] Src Amplitude = 72.0
*           1568.5285165   6     9    38    18       305  72  12.428E+03
*           1568.5285170   5     6    33    13       269  68   6.744E+03
*           1568.5285310   2    67    30    12       188  65   5.787E+03
*           1568.5285315   3    37    25    11       276  64   4.580E+03
*           1568.5285370   4     1     5     0         1  51   0.000E+00
*           1568.5285430   1     8    35    12       316  63   4.204E+03
* Gp# 1[5,6,1,3,2] x,y,z = -6.164, 93.85, 5.357, q = 1 dT[5, 21, 22, 23] Src Amplitude = 68.0
*           1568.5481840   5     2    18     6       128  68   3.107E+03
*           1568.5481885   6    25    22     9       172  65   3.944E+03
*           1568.5482050   1    76    12     2        94  52 305.999E+00
*           1568.5482055   3     2    15     5       185  56   1.019E+03
*           1568.5482070   2     1    13     5       163  58   1.338E+03
* Gp# 1[1,2,3,4] x,y,z = 2.085, 54.4, 18.89, q = 1 dT[7, 8, 11] Src Amplitude = 79.0
*           1568.5808420   1    11    53    43       373  79  60.012E+03
*           1568.5808490   2    22    45    43       380  74  50.262E+03
*           1568.5808495   3    30    36    30       487  69  19.987E+03
*           1568.5808530   4    18    26     5       159  56   1.248E+03
* Gp# 1[1,5,3,2] x,y,z = -4.614, 58.09, 8.019, q = 1 dT[0, 3, 4] Src Amplitude = 61.0
*           1568.6313430   1    68    26     7       204  61   2.062E+03
*           1568.6313430   5     6    28     8       158  64   3.017E+03
*           1568.6313455   3     2    12     2       118  55 353.942E+00
*           1568.6313470   2    12    21     7       142  61   2.671E+03
* Gp# 1[2,3,1,6,4,5] x,y,z = 16.34, 27.15, -15.31, q = 0.7447 dT[10, 17, 19, 27, 33] Src Amplitude = 58.0
*           1568.6983890   2     1     8     4       123  58 921.706E+00
*           1568.6983985   3     2     3     0        32  50  97.284E+00
*           1568.6984060   1     1     8     2        86  54 291.175E+00
*           1568.6984075   6     1     6     1        89  53 228.234E+00
*           1568.6984160   4     1     1     0         1  45   0.000E+00
*           1568.6984220   5     1     8     1        67  52 238.350E+00
* Gp# 1[1,5,2,3,6] x,y,z = -7.295, 53.35, 20.09, q = 0.383 dT[3, 7, 9, 10] Src Amplitude = 61.0
*           1568.7263500   1    30    22     6       171  61   1.811E+03
*           1568.7263530   5     2    25     6       162  60   1.468E+03
*           1568.7263570   2    25    14     6       155  59   1.828E+03
*           1568.7263585   3     2    10     2       107  52 301.393E+00
*           1568.7263595   6    10    17     5       213  61   1.150E+03
* Gp# 1[5,1,2,3] x,y,z = 3.698, 79.89, 19.62, q = 1 dT[10, 15, 16] Src Amplitude = 60.0
*           1568.7290010   5     4     6     1        38  60 718.863E+00
*           1568.7290110   1     2     4     0         2  48  12.046E+00
*           1568.7290160   2     1     3     0         1  52   0.000E+00
*           1568.7290165   3     1     2     0         1  46   0.000E+00
* Gp# 1[1,3,5,6] x,y,z = -11.9, 40.33, 9.827, q = 1 dT[2, 11, 15] Src Amplitude = 47.0
*           1568.7439660   1     1     2     0         1  47   0.000E+00
*           1568.7439675   3     2     3     0         6  49  25.363E+00
*           1568.7439770   5     3     2     0         4  51  15.261E+00
*           1568.7439805   6     1     8     2       193  53 203.251E+00
* Gp# 1[6,5,1,2,3] x,y,z = 20.01, 73.57, 9.748, q = 0.5336 dT[13, 15, 16, 18] Src Amplitude = 77.0
*           1568.7536305   6     5    32    19       286  77  26.910E+03
*           1568.7536430   5    34    26     8       166  62   2.911E+03
*           1568.7536450   1    31    23     8       289  61   2.295E+03
*           1568.7536460   2     2    24    10       180  64   3.848E+03
*           1568.7536485   3     1    16     4       137  62   1.409E+03
* Gp# 1[4,2,3,1,5] x,y,z = 3.632, 55.59, -18.58, q = 0.7835 dT[1, 2, 5, 9] Src Amplitude = 52.0
*           1568.7561580   4     2     2     0        21  52  90.624E+00
*           1568.7561590   2    17    20     9       141  65   4.270E+03
*           1568.7561595   3     5    18     4       156  60 931.276E+00
*           1568.7561630   1    24    26     7       201  64   2.371E+03
*           1568.7561670   5     9    26     8       153  65   4.110E+03
* Gp# 1[6,5,4,1,2,3] x,y,z = 9.276, 75.65, 15.21, q = 1 dT[6, 11, 14, 15, 18] Src Amplitude = 92.0
*           1568.8471945   6     9    77   124      1044  92 828.313E+03
*           1568.8472000   5    86    63    51       456  75  65.922E+03
*           1568.8472050   4     5    25     8       195  64   3.220E+03
*           1568.8472080   1    29    70    67       614  80 112.403E+03
*           1568.8472090   2    45    54    61       382  77  87.721E+03
*           1568.8472125   3    40    48    53       593  74  60.392E+03
* Gp# 1[1,5,2,4,3] x,y,z = 8.618, 62.45, 8.771, q = 1 dT[0, 1, 2, 5] Src Amplitude = 62.0
*           1568.8524440   1    22    33    11       222  62   4.225E+03
*           1568.8524440   5    18    34     9       207  61   2.940E+03
*           1568.8524450   2    28    27    11       224  64   4.567E+03
*           1568.8524460   4     1     5     0        31  51  64.535E+00
*           1568.8524485   3    43    24    12       293  65   4.980E+03
* Gp# 1[1,2,5,4,3] x,y,z = 10.54, 62.31, 7.881, q = 1 dT[0, 0, 2, 5] Src Amplitude = 86.0
*           1568.8579030   1  2417   738   646      5547  86   1.429E+06
*           1568.8579030   2  2689   553   732      4259  85   2.009E+06
*           1568.8579030   5  2431   694   494      5471  82 745.820E+03
*           1568.8579050   4    22    50    15       648  60   2.772E+03
*           1568.8579075   3  2702   503   579      5445  82   1.095E+06
* Gp# 1[5,4,1,2,3] x,y,z = 8.413, 78.48, 22.75, q = 0.6263 dT[8, 9, 10, 15] Src Amplitude = 64.0
*           1568.8702600   5    36    54    20       567  64   7.789E+03
*           1568.8702680   4    10    11     2        99  58 585.026E+00
*           1568.8702690   1    50    55    21       616  66   7.937E+03
*           1568.8702700   2    44    49    30       576  66  14.556E+03
*           1568.8702745   3    37    45    26       620  69  15.737E+03
* Gp# 1[5,1,2,3,4] x,y,z = -0.6488, 64.84, 20.89, q = 0.7036 dT[3, 7, 9, 9] Src Amplitude = 71.0
*           1568.8725030   5    34    49    30       442  71  22.274E+03
*           1568.8725060   1    62    52    38       460  70  32.561E+03
*           1568.8725100   2    35    46    55       376  76  77.201E+03
*           1568.8725115   3     6    41    44       521  74  53.281E+03
*           1568.8725120   4    61    18     9       310  57   1.912E+03
* Gp# 1[6,5,4,1,2] x,y,z = 4.925, 75.94, 10.91, q = 1 dT[4, 7, 12, 15] Src Amplitude = 91.0
*           1568.9193565   6    20    88   178      1209  91   1.269E+06
*           1568.9193600   5    48    54    56       699  73  51.179E+03
*           1568.9193630   4    20    30    23       543  62   7.088E+03
*           1568.9193680   1    68    56    56       592  73  59.311E+03
*           1568.9193710   2    33    48    75       530  77 107.542E+03
* Gp# 1[5,1,4,3,2] x,y,z = -16.78, 67.6, 13.08, q = 0.6625 dT[6, 6, 11, 20] Src Amplitude = 64.0
*           1568.9273630   5    19    34    11       227  64   4.144E+03
*           1568.9273690   1    52    30     9       256  65   3.263E+03
*           1568.9273690   4     1    10     2       110  55 366.811E+00
*           1568.9273735   3    21    33    15       607  62   4.430E+03
*           1568.9273830   2    22    24    10       142  65   4.738E+03
* Gp# 1[5,4,1,2,3] x,y,z = -2.196, 71.8, 12.92, q = 1 dT[7, 9, 11, 12] Src Amplitude = 61.0
*           1568.9498020   5    14    39    12       243  61   3.901E+03
*           1568.9498090   4    32    13     3       153  54 587.956E+00
*           1568.9498110   1    42    37    12       287  62   3.940E+03
*           1568.9498130   2     9    29    15       271  63   6.626E+03
*           1568.9498135   3    57    26    14       309  65   5.984E+03
* Gp# 1[2,3,5,1,4] x,y,z = 10.7, 50.43, -4.263, q = 0 dT[6, 6, 8, 11] Src Amplitude = 61.0
*           1568.9604450   2    83    21     7       151  61   2.805E+03
*           1568.9604505   3    37    19     8       312  63   2.559E+03
*           1568.9604510   5    25    26     7       200  61   2.147E+03
*           1568.9604530   1    49    25     8       185  60   2.333E+03
*           1568.9604560   4     2     9     1        48  51 185.381E+00
* Gp# 1[5,4,6,3,1,2] x,y,z = -21.5, 70.45, 10.65, q = 1 dT[10, 11, 12, 12, 20] Src Amplitude = 66.0
*           1568.9710560   5    49    38    15       256  66   7.844E+03
*           1568.9710660   4     2     5     2        92  54 288.527E+00
*           1568.9710665   6     1    26     7       294  59   1.601E+03
*           1568.9710675   3     1    16     3       144  55 572.129E+00
*           1568.9710680   1    18    27    10       195  66   4.725E+03
*           1568.9710760   2    27    22     9       120  67   5.746E+03
* Gp# 1[6,5,2,1,3] x,y,z = 15.65, 83.28, -10.4, q = 1 dT[8, 13, 18, 18] Src Amplitude = 73.0
*           1568.9780035   6     3    40    21       330  73  21.051E+03
*           1568.9780110   5    23    34     9       214  59   2.653E+03
*           1568.9780160   2    38    21    11       179  65   5.115E+03
*           1568.9780210   1    16    30    10       236  66   3.855E+03
*           1568.9780215   3    59    26    10       244  62   3.682E+03
* Gp# 1[5,3,1,2] x,y,z = -21.64, 73.55, -7.566, q = 1 dT[9, 14, 15] Src Amplitude = 56.0
*           1569.0030140   5    15    18     4       148  56 917.330E+00
*           1569.0030225   3    43    16     4       202  55 542.582E+00
*           1569.0030280   1     1    21     5       157  60   1.440E+03
*           1569.0030290   2     2    16     5       121  59   1.622E+03
* Gp# 1[5,1,2,3] x,y,z = 2.516, 65.47, 7.922, q = 1 dT[3, 5, 7] Src Amplitude = 59.0
*           1569.0258770   5     2    29     8       298  59   2.153E+03
*           1569.0258800   1    10    28     8       247  63   2.069E+03
*           1569.0258820   2    31    28    12       212  62   4.624E+03
*           1569.0258835   3    41    20    11       280  64   4.695E+03
* Gp# 1[6,5,4,2,1,3] x,y,z = 8.791, 77.58, 15.76, q = 0.8144 dT[5, 13, 15, 17, 18] Src Amplitude = 83.0
*           1569.0547585   6     5    55    50       508  83 117.875E+03
*           1569.0547630   5    46    36    17       282  65   9.041E+03
*           1569.0547710   4     1     9     2        91  55 365.977E+00
*           1569.0547730   2    51    32    19       223  68  12.474E+03
*           1569.0547750   1     1    41    18       425  68   9.087E+03
*           1569.0547765   3    38    34    20       329  69  10.424E+03
* Gp# 1[5,6,1,3] x,y,z = -1.158, 78.42, 16.09, q = 1 dT[1, 12, 16] Src Amplitude = 52.0
*           1569.1509700   5     1     6     0        35  52 106.370E+00
*           1569.1509707   6     2     7     2        76  55 369.694E+00
*           1569.1509820   1    34     7     0        35  49  74.176E+00
*           1569.1509855   3     1     2     0        22  52  75.268E+00
* Gp# 1[5,3,1,2] x,y,z = -17.74, 59.63, 7.639, q = 1 dT[4, 4, 10] Src Amplitude = 76.0
*           1569.2226600   5     9    48    35       317  76  42.705E+03
*           1569.2226635   3    21    32    18       283  71  12.566E+03
*           1569.2226640   1    40    54    31       366  70  24.257E+03
*           1569.2226700   2    11    41    33       283  73  33.539E+03
* Gp# 1[5,2,6,1,3] x,y,z = -18.84, 80.37, 12.42, q = 0 dT[16, 18, 19, 27] Src Amplitude = 64.0
*           1569.2607770   5    10    14     3        66  64   1.758E+03
*           1569.2607930   2     1     8     2        48  57 535.729E+00
*           1569.2607945   6     7    19     4       110  63   1.432E+03
*           1569.2607960   1     1    11     2       145  54 376.587E+00
*           1569.2608035   3     2    11     3       128  60 648.617E+00
* Gp# 1[6,5,2,3,4,1] x,y,z = 7.113, 69.19, 9.147, q = 0 dT[2, 7, 8, 11, 14] Src Amplitude = 69.0
*           1569.2836737   6    15    32    13       236  69   8.117E+03
*           1569.2836760   5    37    38    10       242  63   3.398E+03
*           1569.2836810   2    16    24    11       189  63   4.355E+03
*           1569.2836815   3     3    18     6       143  62   2.161E+03
*           1569.2836850   4     1     2     0         6  51  29.207E+00
*           1569.2836880   1    48    37    11       361  60   3.278E+03
* Gp# 1[3,1,2,4,6,5] x,y,z = -7.003, 36.49, -18.08, q = 0.5844 dT[6, 9, 9, 20, 25] Src Amplitude = 56.0
*           1569.2956695   3     2    10     3       131  56 551.156E+00
*           1569.2956750   1     3    16     3       103  57 663.460E+00
*           1569.2956780   2     1    11     3       116  56 732.712E+00
*           1569.2956780   4     2     1     0         2  45   4.693E+00
*           1569.2956895   6    29    19     4       149  57   1.131E+03
*           1569.2956940   5     3    20     3       131  54 639.971E+00
* Gp# 1[5,6,2,1,3] x,y,z = -19.25, 88.52, 8.951, q = 0 dT[19, 19, 27, 31] Src Amplitude = 68.0
*           1569.3321950   5     3    26    10       163  68   6.807E+03
*           1569.3322135   6    20    13     3       140  59 735.495E+00
*           1569.3322140   2     1     8     0         4  55  62.718E+00
*           1569.3322220   1    23    13     2       133  52 373.830E+00
*           1569.3322255   3     1     7     1       110  53 213.432E+00
* Gp# 1[6,3,1,5,2] x,y,z = 14.53, 79.75, 14.63, q = 0 dT[12, 15, 17, 31] Src Amplitude = 68.0
*           1569.3529415   6    10    28    10       280  68   4.641E+03
*           1569.3529535   3    21    13     4       117  59   1.040E+03
*           1569.3529560   1     3    20     4       144  61   1.261E+03
*           1569.3529580   5    59    22     4       158  56 936.831E+00
*           1569.3529720   2     2    10     3        91  57 790.178E+00
* Gp# 1[3,1,2,5] x,y,z = -21.08, 33.94, -6.27, q = 1 dT[12, 14, 20] Src Amplitude = 65.0
*           1569.4923225   3     5    20     7       162  65   2.887E+03
*           1569.4923340   1    17    21     7       156  63   2.881E+03
*           1569.4923360   2    16    18     6       109  65   2.981E+03
*           1569.4923420   5    14    15     3       158  55 593.174E+00
* Gp# 1[5,2,6,1,3] x,y,z = -13.21, 70.45, 6.809, q = 0 dT[10, 11, 11, 15] Src Amplitude = 55.0
*           1569.4930310   5     3     9     1        53  55 414.856E+00
*           1569.4930410   2     1     8     1        30  55 265.993E+00
*           1569.4930415   6     5    11     1        70  53 231.250E+00
*           1569.4930420   1     5    21     3       116  57 712.250E+00
*           1569.4930455   3     1     5     1        73  50 129.531E+00
* Gp# 1[5,3,1,2] x,y,z = -11.35, 58.44, 1.01, q = 1 dT[1, 3, 5] Src Amplitude = 59.0
*           1569.5657400   5    16    24     4       106  59   1.467E+03
*           1569.5657405   3     1    19     4       205  56 816.983E+00
*           1569.5657430   1    73    33     6       185  57   1.344E+03
*           1569.5657450   2     1    17     5       140  58   1.335E+03
* Gp# 1[5,6,2,1,3] x,y,z = -0.9193, 77.79, 2.987, q = 0.9183 dT[2, 11, 12, 15] Src Amplitude = 57.0
*           1569.6463650   5    30    16     3       120  57 664.063E+00
*           1569.6463665   6    17    27    12       452  67   4.621E+03
*           1569.6463760   2     1    12     2        67  57 658.353E+00
*           1569.6463770   1    15    20     3        96  60   1.059E+03
*           1569.6463795   3     2     9     2       113  52 347.427E+00
* Gp# 1[5,6,1,2] x,y,z = -22.78, 91.01, -1.194, q = 1 dT[14, 24, 26] Src Amplitude = 55.0
*           1569.6488700   5     3    13     2        78  55 513.983E+00
*           1569.6488835   6    14     8     3       309  52 309.177E+00
*           1569.6488940   1     1     5     0         1  50   0.000E+00
*           1569.6488960   2     1     1     0         1  50   0.000E+00
* Gp# 1[2,1,3,5] x,y,z = 5.916, 34.39, -0.05401, q = 1 dT[2, 4, 17] Src Amplitude = 60.0
*           1569.6796030   2    33    12     3        78  60 969.448E+00
*           1569.6796050   1    12    15     2        92  58 582.150E+00
*           1569.6796065   3    28    11     2        77  58 640.085E+00
*           1569.6796200   5     4     9     1        41  53 155.903E+00
* Gp# 1[5,3,1,2] x,y,z = -23.03, 68.35, -6.261, q = 1 dT[6, 11, 13] Src Amplitude = 57.0
*           1569.6912890   5    77    22     4       141  57 894.151E+00
*           1569.6912945   3     1    17     5       187  57   1.034E+03
*           1569.6913000   1     8    24     6       173  60   1.797E+03
*           1569.6913020   2    72    20     7       161  60   2.116E+03
* Gp# 1[2,3,5,6,4] x,y,z = 3.584, 52.24, 5.305, q = 1 dT[3, 3, 4, 5] Src Amplitude = 71.0
*           1569.7231180   2    78    38    29       240  71  28.074E+03
*           1569.7231205   3    10    37    25       363  72  23.425E+03
*           1569.7231210   5    84    45    18       279  65   8.644E+03
*           1569.7231215   6    29    66    35       685  71  23.449E+03
*           1569.7231230   4    65    15     2        71  57 673.476E+00
* Gp# 1[5,1,4,2,3] x,y,z = 9.276, 65.44, 10.69, q = 1 dT[1, 2, 3, 7] Src Amplitude = 86.0
*           1569.7840510   5    39    93   153       973  86 400.535E+03
*           1569.7840520   1    30   123   215       964  86 898.697E+03
*           1569.7840530   4    34    43    37       357  73  42.232E+03
*           1569.7840540   2    39   107   235       938  88   1.059E+06
*           1569.7840575   3    59    79   220      1647  84 745.516E+03
* Gp# 1[5,6,2,1,3] x,y,z = -14.44, 83.58, 10.89, q = 0.1638 dT[14, 19, 20, 26] Src Amplitude = 58.0
*           1569.7902320   5     3    14     3       137  58 789.397E+00
*           1569.7902455   6   451    29    11       480  63   3.109E+03
*           1569.7902510   2    32    12     3        85  61   1.163E+03
*           1569.7902520   1    27     9     1        81  55 309.296E+00
*           1569.7902575   3     1    11     2       132  53 349.295E+00
* Gp# 1[5,2,1,3] x,y,z = 21.57, 85.16, 0.5416, q = 1 dT[6, 9, 12] Src Amplitude = 55.0
*           1569.7922500   5     3     9     2       119  55 427.898E+00
*           1569.7922560   2     1     3     0        15  52  72.750E+00
*           1569.7922590   1     6    10     0        38  52 148.548E+00
*           1569.7922615   3    29     5     0        33  49  79.336E+00
* Gp# 1[1,3,2,6,5] x,y,z = 1.726, 21, 14.55, q = 0.8162 dT[8, 11, 20, 29] Src Amplitude = 61.0
*           1569.8299350   1    12    23     7       178  61   2.226E+03
*           1569.8299425   3     1    13     3       153  54 520.122E+00
*           1569.8299460   2    23    18     7       120  61   2.793E+03
*           1569.8299545   6   807    54    18       987  64   3.796E+03
*           1569.8299640   5     2    18     3       124  54 510.103E+00
* Gp# 1[1,2,5,3] x,y,z = 10.94, 61.32, 11.86, q = 1 dT[2, 2, 6] Src Amplitude = 65.0
*           1569.8519140   1     2    19     6       152  65   2.325E+03
*           1569.8519160   2     1    19     6       158  58   1.800E+03
*           1569.8519160   5    11    28     7       201  64   2.485E+03
*           1569.8519195   3     2    15     3       122  55 579.554E+00
* Gp# 1[1,3,2,5] x,y,z = -6.172, 35.77, 3.744, q = 1 dT[1, 4, 13] Src Amplitude = 63.0
*           1569.8552430   1   198    44    12       370  63   3.959E+03
*           1569.8552435   3   231    22     5       309  53 760.247E+00
*           1569.8552470   2   166    22    12       278  62   4.341E+03
*           1569.8552560   5   157    38    15       378  71  10.712E+03
* Gp# 1[5,1,3,4,2] x,y,z = -11.67, 64.45, 12.03, q = 1 dT[6, 8, 8, 11] Src Amplitude = 75.0
*           1569.8591690   5     9    50    26       317  75  28.834E+03
*           1569.8591750   1    57    55    24       348  66  13.165E+03
*           1569.8591765   3    44    37    14       251  65   6.047E+03
*           1569.8591770   4    33    16     6        88  64   2.957E+03
*           1569.8591800   2    26    37    26       288  72  20.394E+03
* Gp# 1[5,3,1,2] x,y,z = -21.62, 77.99, -11.67, q = 1 dT[10, 16, 16] Src Amplitude = 50.0
*           1569.9385340   5     1    12     2       162  50 281.526E+00
*           1569.9385435   3     2     8     1       115  52 229.168E+00
*           1569.9385500   1    19    15     3       158  52 415.408E+00
*           1569.9385500   2     1     7     0        25  53 103.602E+00
* Gp# 1[1,2,5,3] x,y,z = 20.25, 59.82, 11.19, q = 1 dT[0, 4, 7] Src Amplitude = 69.0
*           1569.9505460   1    12    37    15       258  69   7.841E+03
*           1569.9505460   2    39    23    10       183  64   4.542E+03
*           1569.9505500   5    42    33     8       242  61   2.199E+03
*           1569.9505525   3     3    24     9       218  63   3.226E+03
* Gp# 1[5,4,2,3] x,y,z = 14.98, 68.55, 11.82, q = 1 dT[1, 3, 8] Src Amplitude = 56.0
*           1569.9957630   5    27    29     6       301  56   1.060E+03
*           1569.9957640   4     1     2     0         1  49   0.000E+00
*           1569.9957660   2    12    18     7       244  57   1.490E+03
*           1569.9957705   3    41    29     9       603  55   1.123E+03
* Gp# 1[5,4,2,1,3] x,y,z = -5.096, 75.25, 13.55, q = 0 dT[10, 12, 14, 15] Src Amplitude = 66.0
*           1569.9973350   5    34    41    16       275  66   7.908E+03
*           1569.9973450   4     1     7     2       106  52 297.743E+00
*           1569.9973470   2    16    34    19       230  69  13.712E+03
*           1569.9973490   1    58    44    17       277  68   9.580E+03
*           1569.9973495   3    18    29    14       283  65   5.924E+03
* Gp# 1[3,1,2,5] x,y,z = -22.57, 39.5, 0.6586, q = 1 dT[7, 12, 14] Src Amplitude = 52.0
*           1570.0021155   3     1     9     2       132  52 315.350E+00
*           1570.0021220   1    33    17     4       122  56 970.860E+00
*           1570.0021270   2     1     8     3       117  58 777.339E+00
*           1570.0021290   5   140    13     3       153  56 674.744E+00
* Gp# 1[5,2,3,1] x,y,z = 2.944, 78.6, -7.181, q = 1 dT[9, 10, 11] Src Amplitude = 67.0
*           1570.0049350   5    20    36    14       207  67   9.817E+03
*           1570.0049440   2    31    23    11       160  67   6.308E+03
*           1570.0049445   3     9    13     3       183  53 427.250E+00
*           1570.0049460   1    59    33    12       193  65   7.460E+03
* Gp# 1[6,5,2,3,4,1] x,y,z = 19.9, 80.42, 7.356, q = 0.01439 dT[10, 14, 17, 18, 30] Src Amplitude = 74.0
*           1570.0699475   6     7    33    18       380  74  17.034E+03
*           1570.0699570   5    10    22     5       247  56 959.031E+00
*           1570.0699610   2     2    18     6       167  60   1.661E+03
*           1570.0699645   3    18    18     5       213  58   1.226E+03
*           1570.0699650   4     1     2     0         6  50  19.002E+00
*           1570.0699770   1    11    20     6       269  59   1.112E+03
* Gp# 1[6,1,2,3,5] x,y,z = 19.45, 58.81, 11.22, q = 0.8262 dT[4, 5, 9, 10] Src Amplitude = 70.0
*           1570.1092925   6   603    54    29       747  70  17.508E+03
*           1570.1092960   1    42    33     9       256  61   2.651E+03
*           1570.1092970   2     1    20     7       102  64   4.084E+03
*           1570.1093015   3    12    18     7       166  59   2.000E+03
*           1570.1093020   5    39    22     5       172  57   1.074E+03
* Gp# 1[1,2,3,5] x,y,z = 2.576, 45.26, 5.844, q = 1 dT[2, 4, 10] Src Amplitude = 51.0
*           1570.1144710   1     1    10     2       113  51 245.210E+00
*           1570.1144730   2     1     3     0         1  53   0.000E+00
*           1570.1144745   3     1     2     0        21  50  64.255E+00
*           1570.1144810   5     1     2     0         1  49   0.000E+00
* Gp# 1[3,2,1,4] x,y,z = -4.295, 26.47, -8.754, q = 1 dT[4, 7, 20] Src Amplitude = 63.0
*           1570.1206875   3    22    20     7       226  63   2.297E+03
*           1570.1206910   2    46    27    10       135  65   4.939E+03
*           1570.1206940   1    25    34     9       241  61   2.756E+03
*           1570.1207070   4    17     8     1        36  55 386.979E+00
* Gp# 1[2,1,3,5] x,y,z = 12.99, 46.73, -0.5283, q = 1 dT[4, 7, 13] Src Amplitude = 58.0
*           1570.1271780   2     1    24     8       244  58   1.874E+03
*           1570.1271820   1    42    36     9       414  58   1.832E+03
*           1570.1271845   3     1    22     5       305  54 674.250E+00
*           1570.1271908   5   158    27     7       223  59   1.659E+03
* Gp# 1[5,4,2,3] x,y,z = 6.306, 70.19, 20.18, q = 1 dT[6, 9, 11] Src Amplitude = 73.0
*           1570.1361770   5    70    64    56       768  73  45.811E+03
*           1570.1361830   4    26    24    11       245  65   4.841E+03
*           1570.1361860   2    46    73    69       690  76  86.171E+03
*           1570.1361875   3    23    78    98       878  78 178.176E+03
* Gp# 1[3,2,1,5] x,y,z = -6.529, 53.7, -17.56, q = 1 dT[4, 8, 8] Src Amplitude = 52.0
*           1570.1425645   3     2     5     2       258  52 230.228E+00
*           1570.1425680   2     1     3     0        28  52 139.383E+00
*           1570.1425720   1    31     8     2       250  51 243.102E+00
*           1570.1425720   5     6     9     3       241  57 454.591E+00
* Gp# 1[1,5,2,3,4] x,y,z = 2.139, 61.02, 14.51, q = 1 dT[0, 4, 6, 6] Src Amplitude = 64.0
*           1570.1809800   1    47    57    16       401  64   5.313E+03
*           1570.1809800   5    29    51    18       666  65   5.663E+03
*           1570.1809840   2    37    36    17       346  64   6.424E+03
*           1570.1809855   3    20    35    15       381  65   5.792E+03
*           1570.1809860   4     1     5     1        49  55 322.543E+00
* Gp# 1[1,2,3,5,4] x,y,z = 3.476, 41.32, 10.92, q = 0.5816 dT[1, 7, 7, 24] Src Amplitude = 66.0
*           1570.2112380   1    21    38    15       250  66   7.842E+03
*           1570.2112390   2    12    25    13       287  63   5.172E+03
*           1570.2112445   3    34    24    11       226  65   4.272E+03
*           1570.2112450   5    13    27     7       202  61   2.333E+03
*           1570.2112620   4     1     1     0         1  45   0.000E+00
* Gp# 1[1,5,3,2] x,y,z = -1.321, 60.52, 13.03, q = 1 dT[0, 5, 5] Src Amplitude = 61.0
*           1570.2130390   1     9    28     8       330  61   2.101E+03
*           1570.2130390   5     1    19     4       183  55 713.467E+00
*           1570.2130435   3     7    24     8       291  60   1.991E+03
*           1570.2130440   2    28    16     7       135  63   2.610E+03
* Gp# 1[3,2,1,5] x,y,z = -4.322, 24.88, -13.06, q = 1 dT[4, 9, 22] Src Amplitude = 59.0
*           1570.2608415   3    37     8     2        56  59 495.220E+00
*           1570.2608450   2     1     4     1        60  54 297.345E+00
*           1570.2608500   1     6    12     2        92  54 319.783E+00
*           1570.2608630   5     6     8     1        89  53 219.834E+00
* Gp# 1[5,3,2,1] x,y,z = -7.568, 77.81, -17.17, q = 1 dT[8, 10, 13] Src Amplitude = 56.0
*           1570.4245170   5     3    22     6       307  56   1.119E+03
*           1570.4245245   3    30    10     3       233  58 434.571E+00
*           1570.4245270   2     1     8     1        59  58 396.442E+00
*           1570.4245300   1     2    17     5       263  55 675.502E+00
* Gp# 1[1,2,3,5,4] x,y,z = 2.261, 44.36, 7.994, q = 0.7194 dT[1, 5, 7, 17] Src Amplitude = 62.0
*           1570.4659870   1   100    41    13       367  62   4.110E+03
*           1570.4659880   2    19    22    11       224  62   3.851E+03
*           1570.4659918   3    34    22     7       223  60   2.015E+03
*           1570.4659940   5     2    29     8       313  58   1.811E+03
*           1570.4660040   4     1     4     0        51  48  68.688E+00
* Gp# 1[2,3,1,5,4] x,y,z = 7.686, 36.57, -8.887, q = 0.8396 dT[6, 9, 16, 18] Src Amplitude = 62.0
*           1570.4904110   2    41    23     9       177  62   3.747E+03
*           1570.4904165   3    26    56    18      1043  56   2.712E+03
*           1570.4904200   1    26    33     8       176  61   2.867E+03
*           1570.4904270   5    47    29    10       352  62   2.746E+03
*           1570.4904290   4     2     6     0        20  53 102.239E+00
 15                     		Acquisition Aborted
