Time,CH,RISE,COUN,ENER,DURATION,AMP,ABS_E
2.787216,1,2,1,0,2,45.0,3.784
5.834608,1,12,11,2,43,55.0,528.826
5.8346095,3,13,16,4,172,59.0,961.788
5.83463,2,1,1,0,1,51.0,0.0
5.8346515,6,1,8,1,50,51.0,242.169
5.930433,1,9,17,4,166,57.0,1005.0
5.9304345,3,13,18,5,172,60.0,1456.0
5.930458,2,1,1,0,1,51.0,0.0
5.9304685,6,1,13,2,115,53.0,488.927
8.984529,1,32,19,4,132,57.0,989.845
8.9845335,3,9,17,5,175,61.0,1464.0
8.984554,2,1,2,0,4,53.0,38.322
8.9845635,6,40,14,2,61,54.0,423.864
10.0605155,3,1,2,0,43,49.0,40.225
11.956738,1,12,13,2,43,55.0,527.747
11.9567395,3,9,15,4,172,58.0,956.33
11.95676,2,1,1,0,4,50.0,20.938
11.9567815,6,1,8,1,47,52.0,232.811
12.053568,1,11,18,4,137,57.0,1005.0
12.0535745,3,3,17,5,169,60.0,1395.0
12.053593,2,1,1,0,1,52.0,0.0
12.0536055,6,1,13,2,115,54.0,494.51
15.060801,1,9,11,2,43,55.0,528.196
15.0608055,3,10,16,4,169,58.0,917.676
15.060826,2,1,1,0,1,50.0,0.0
15.0608445,6,1,8,1,47,51.0,237.219
15.156571,1,32,18,4,132,57.0,985.101
15.1565755,3,9,18,5,175,61.0,1486.0
15.156593,2,1,2,0,7,53.0,81.469
15.1566055,6,40,14,2,102,54.0,481.978
18.142045,1,32,14,2,48,55.0,556.467
18.1420495,3,9,17,4,172,59.0,958.806
18.142067,2,1,2,0,4,52.0,31.313
18.1420915,6,1,8,1,44,52.0,222.864
18.237783,1,29,18,4,125,57.0,974.239
18.2377895,3,3,17,5,169,61.0,1412.0
18.237808,2,1,2,0,1,53.0,0.0
18.2378205,6,37,14,2,58,54.0,411.322
21.199865,1,32,14,2,48,55.0,563.623
21.1998715,3,2,16,4,169,59.0,930.916
21.199887,2,1,2,0,1,52.0,0.0
21.1999145,6,25,8,1,46,52.0,216.667
21.295936,1,32,18,3,113,57.0,960.328
21.2959405,3,5,17,5,171,61.0,1471.0
21.295961,2,2,2,0,6,53.0,65.606
21.2959735,6,11,14,2,58,54.0,409.999
22.4301015,3,2,1,0,6,50.0,27.397
22.430123,1,1,1,0,1,45.0,0.0
24.267926,1,9,12,3,132,55.0,646.292
24.2679305,3,10,16,4,169,59.0,921.091
24.267945,2,1,2,0,7,53.0,64.593
24.2679695,6,1,8,1,47,51.0,233.64
24.36375,1,1,18,4,135,57.0,1019.0
24.3637545,3,9,18,5,175,61.0,1501.0
24.363772,2,1,2,0,7,54.0,69.972
24.3637935,6,1,13,2,93,54.0,456.914
27.349966,1,12,14,3,129,55.0,641.573
27.3499675,3,9,17,4,172,59.0,969.095
27.349985,2,1,2,0,4,53.0,31.06
27.3500095,6,1,8,1,47,52.0,232.477
27.3880125,3,1,1,0,1,45.0,0.0
27.446033,1,1,18,4,172,57.0,1064.0
27.4460375,3,13,18,5,175,60.0,1494.0
27.446055,2,1,2,0,7,54.0,81.137
27.4460675,6,1,15,2,84,54.0,455.531
30.333135,1,9,17,4,169,57.0,1033.0
30.3331365,3,13,18,5,175,60.0,1489.0
30.333154,2,1,3,0,7,54.0,101.941
30.3331705,6,1,13,2,115,53.0,486.529
30.428991,1,1,13,3,132,55.0,653.868
30.4289925,3,9,16,4,175,59.0,978.98
30.42901,2,1,2,0,7,52.0,61.638
30.4290315,6,1,9,1,50,52.0,246.865
30.525049,1,9,17,4,169,57.0,1036.0
30.5250505,3,13,17,5,175,60.0,1485.0
30.525071,2,1,2,0,7,54.0,106.281
30.5250845,6,1,13,2,77,53.0,429.016
33.401265,1,32,18,4,135,57.0,1032.0
33.4012695,3,9,18,5,175,61.0,1484.0
33.401287,2,1,3,0,7,55.0,101.302
33.4012995,6,40,14,2,102,54.0,473.229
33.497847,1,9,11,2,43,55.0,545.982
33.4978515,3,3,16,4,169,59.0,932.379
33.497869,2,1,2,0,7,53.0,63.123
33.4978825,6,1,10,1,55,52.0,257.803
33.593878,1,32,18,4,132,57.0,1021.0
33.5938825,3,9,18,5,175,61.0,1493.0
33.5939,2,1,3,0,7,54.0,89.911
33.5939125,6,40,14,2,102,54.0,474.086
35.5691425,3,1,1,0,5,48.0,15.632
35.7725085,3,1,1,0,1,45.0,0.0
36.462266,1,32,18,4,132,57.0,1028.0
36.4622705,3,9,19,5,175,61.0,1498.0
36.462288,2,1,4,0,7,55.0,116.918
36.4623005,6,40,13,1,56,54.0,381.86
36.558121,1,32,12,2,62,55.0,605.325
36.5581275,3,3,16,4,169,59.0,931.438
36.558148,2,1,1,0,4,51.0,31.587
36.5581585,6,1,9,1,58,52.0,263.293
39.0108615,3,1,1,0,6,45.0,10.017
39.606206,1,9,17,4,169,57.0,1056.0
39.6062075,3,13,18,5,175,60.0,1483.0
39.606225,2,1,3,0,7,54.0,94.626
39.6062415,6,1,13,2,77,54.0,420.599
39.702307,1,9,14,3,132,55.0,671.113
39.7023085,3,13,15,4,172,59.0,958.578
39.702326,2,1,2,0,7,52.0,68.852
39.7023505,6,1,9,1,44,52.0,211.495
42.709214,1,9,12,2,60,55.0,593.978
42.7092185,3,3,15,4,169,59.0,927.071
42.709236,2,1,2,0,7,52.0,55.871
42.7092495,6,1,9,1,55,52.0,247.861
42.805082,1,9,19,4,166,57.0,1055.0
42.8050865,3,10,18,5,172,60.0,1384.0
42.805099,2,2,2,0,9,55.0,157.625
42.8051175,6,1,13,2,77,53.0,414.619
42.8716455,3,1,2,0,5,48.0,15.976
42.87167,1,1,1,0,1,45.0,0.0
42.901686,1,15,15,3,132,55.0,683.835
42.9016905,3,9,16,4,172,59.0,958.827
42.901708,2,1,2,0,7,53.0,72.532
42.9017325,6,1,8,1,44,52.0,209.596
44.2093095,3,2,1,0,2,45.0,3.213
45.876112,1,32,13,2,62,55.0,611.074
45.8761165,3,9,15,4,171,59.0,966.971
45.87614,2,1,1,0,1,52.0,0.0
45.8761495,6,1,10,1,58,52.0,252.269
45.971964,1,32,20,4,137,57.0,1072.0
45.9719685,3,9,17,5,171,61.0,1468.0
45.971986,2,1,3,0,7,56.0,120.583
45.9719985,6,40,14,3,118,54.0,477.701
46.06782,1,9,13,3,132,55.0,672.042
46.0678215,3,13,15,4,172,59.0,959.037
46.067837,2,2,2,0,12,54.0,153.13
46.0678635,6,1,8,1,47,52.0,215.676
46.9344035,3,1,1,0,1,45.0,0.0
49.014243,1,9,12,3,132,55.0,679.236
49.0142475,3,10,15,4,169,59.0,913.03
49.014268,2,1,2,0,4,51.0,32.272
49.0142865,6,1,8,1,47,51.0,216.147
49.109945,1,9,18,4,132,57.0,1035.0
49.1099465,3,13,19,5,175,60.0,1471.0
49.109964,2,1,3,0,10,54.0,145.773
49.1099855,6,1,12,2,75,54.0,394.387
49.205753,1,29,14,2,62,55.0,616.885
49.2057575,3,9,14,4,171,59.0,949.024
49.205772,2,1,3,0,12,55.0,176.86
49.2057905,6,37,10,1,55,53.0,241.58
50.58255,1,1,1,0,1,47.0,0.0
52.177096,1,9,13,3,132,55.0,677.82
52.1771005,3,3,15,4,169,58.0,917.442
52.177113,2,1,3,0,12,54.0,139.526
52.1771315,6,1,9,1,55,51.0,240.729
52.272833,1,11,20,4,137,57.0,1076.0
52.2728395,3,3,18,5,169,60.0,1391.0
52.272852,2,1,3,0,12,56.0,228.577
52.2728705,6,1,13,2,77,54.0,397.53
52.368662,1,32,13,3,132,55.0,693.424
52.3686665,3,9,15,3,94,59.0,885.969
52.368684,2,1,3,0,7,54.0,79.486
52.3686965,6,1,10,1,53,52.0,221.666
53.7417465,3,1,1,0,1,45.0,0.0
53.741763,1,1,1,0,1,45.0,0.0
55.2113345,3,1,1,0,5,45.0,7.626
55.325916,1,1,14,3,132,55.0,694.959
55.3259205,3,9,16,4,168,58.0,935.455
55.325938,2,1,2,0,4,54.0,52.693
55.3259625,6,1,8,1,41,52.0,182.685
55.421743,1,32,20,4,137,57.0,1085.0
55.4217475,3,9,18,5,171,61.0,1462.0
55.421762,2,1,4,0,10,57.0,222.077
55.4217775,6,1,13,2,61,54.0,393.679
55.517585,1,32,13,3,134,55.0,703.592
55.5175915,3,3,15,4,169,59.0,914.221
55.517604,2,1,3,0,12,55.0,163.644
55.5176225,6,1,9,1,55,52.0,238.959
58.404959,1,32,13,3,132,55.0,692.968
58.4049635,3,9,15,4,168,59.0,939.969
58.404981,2,1,3,0,7,54.0,98.626
58.4049935,6,40,10,1,55,52.0,235.86
58.500792,1,32,19,4,137,57.0,1080.0
58.5007965,3,9,17,5,171,61.0,1471.0
58.500811,2,1,5,0,10,57.0,205.914
58.5008265,6,14,14,2,80,54.0,407.046
58.596636,1,9,13,3,132,55.0,684.054
58.5966405,3,10,16,3,140,58.0,869.706
58.596655,2,1,3,0,10,53.0,118.468
58.5966765,6,1,9,1,47,52.0,217.626
61.539918,1,9,19,4,135,57.0,1052.0
61.5399225,3,10,18,5,223,60.0,1435.0
61.539932,2,1,6,0,15,57.0,316.832
61.5399495,6,1,13,2,84,53.0,419.25
61.63596,1,11,12,3,134,55.0,705.907
61.6359665,3,10,15,4,223,58.0,939.927
61.635979,2,5,4,0,15,56.0,213.816
61.6360055,6,1,8,1,47,51.0,212.941
64.534166,1,11,13,3,137,55.0,711.872
64.5341725,3,3,16,4,169,59.0,919.217
64.534185,2,1,4,0,12,55.0,179.995
64.5342035,6,1,9,1,55,51.0,239.189
64.5987245,3,1,1,0,1,45.0,0.0
64.629931,1,12,18,4,135,57.0,1082.0
64.6299355,3,13,19,5,168,60.0,1449.0
64.629953,2,1,5,0,13,56.0,249.655
64.6299655,6,1,13,2,118,54.0,461.571
67.61428,1,12,18,4,135,57.0,1084.0
67.6142845,3,13,19,5,168,60.0,1452.0
67.614297,2,1,7,1,18,56.0,388.961
67.6143145,6,1,12,2,118,54.0,457.962
67.710091,1,32,14,2,48,55.0,598.385
67.7100955,3,9,16,4,168,59.0,952.526
67.710113,2,1,4,0,13,55.0,178.746
67.7101285,6,1,10,1,58,52.0,247.877
67.805797,1,12,19,4,135,57.0,1082.0
67.8058015,3,13,20,5,168,60.0,1437.0
67.805819,2,1,5,0,13,57.0,241.169
67.8058315,6,1,12,2,118,54.0,452.093
70.809988,1,32,20,4,140,57.0,1100.0
70.8099925,3,9,20,5,171,60.0,1459.0
70.809996,2,1,8,1,27,56.0,433.203
70.8100225,6,40,12,2,118,54.0,451.025
70.905809,1,32,13,3,132,55.0,695.179
70.9058135,3,9,16,4,168,58.0,951.42
70.905831,2,1,3,0,10,55.0,142.224
70.9058465,6,37,8,1,47,52.0,196.312
71.001905,1,32,19,4,137,57.0,1098.0
71.0019095,3,9,19,6,229,61.0,1502.0
71.001916,2,1,9,1,24,57.0,410.321
71.0019395,6,1,12,1,58,54.0,374.161
71.7378785,3,1,1,0,1,45.0,0.0
74.015026,1,32,13,2,48,55.0,594.542
74.0150305,3,9,16,4,171,59.0,943.729
74.015051,2,1,3,0,10,55.0,138.859
74.0150635,6,1,9,1,52,52.0,225.898
74.110744,1,32,18,4,137,57.0,1095.0
74.1107505,3,3,20,5,223,61.0,1449.0
74.110763,2,1,7,0,12,59.0,357.131
74.1107815,6,11,13,1,55,53.0,365.085
77.064916,1,9,13,3,132,55.0,685.812
77.0649205,3,10,16,3,88,58.0,831.606
77.064933,2,2,4,0,18,55.0,238.874
77.0649565,6,1,8,1,47,52.0,215.59
77.161011,1,32,19,4,140,57.0,1097.0
77.1610155,3,9,19,5,168,60.0,1464.0
77.161033,2,1,6,0,16,57.0,326.262
77.1610455,6,40,13,2,95,54.0,426.175
80.161161,1,9,13,3,132,55.0,680.97
80.1611655,3,10,16,3,91,59.0,839.352
80.161172,2,8,5,1,21,56.0,338.84
80.1612045,6,1,8,1,44,52.0,198.653
80.256901,1,29,18,4,135,57.0,1079.0
80.2569055,3,13,19,5,171,60.0,1480.0
80.256912,2,1,8,3,107,58.0,855.34
80.2569355,6,40,11,2,61,54.0,387.798
83.211991,1,29,18,4,140,57.0,1087.0
83.2119955,3,9,20,5,222,60.0,1515.0
83.212002,2,1,12,3,83,58.0,772.733
83.2120255,6,40,12,2,58,54.0,377.257
83.307853,1,26,12,3,129,55.0,667.641
83.3078545,3,13,18,3,94,59.0,906.847
83.307872,2,1,5,0,16,54.0,196.66
83.3078845,6,1,9,1,53,52.0,232.329
83.403685,1,32,19,4,140,57.0,1083.0
83.4036895,3,9,18,5,171,60.0,1490.0
83.403704,2,1,7,1,19,57.0,417.61
83.4037195,6,40,13,2,58,54.0,377.751
86.385056,1,9,17,4,135,57.0,1043.0
86.3850605,3,3,20,5,223,60.0,1473.0
86.38507,2,5,9,3,98,59.0,941.492
86.3850875,6,1,12,2,118,54.0,458.78
86.480778,1,32,13,2,48,55.0,586.403
86.4807855,3,6,16,4,165,58.0,919.921
86.4808,2,1,6,0,16,56.0,222.755
86.4808125,6,40,9,1,53,52.0,229.587
86.576577,1,32,19,4,140,57.0,1086.0
86.5765815,3,9,19,6,225,61.0,1522.0
86.576596,2,1,8,3,98,57.0,758.326
86.5766115,6,1,13,2,58,54.0,382.766
89.456141,1,1,13,3,137,55.0,698.966
89.4561455,3,9,17,4,142,59.0,964.24
89.45616,2,1,6,0,12,58.0,263.544
89.4561785,6,11,9,1,52,52.0,233.861
89.551883,1,11,17,5,184,57.0,1108.0
89.5518875,3,5,19,5,164,61.0,1492.0
89.551899,2,5,9,3,101,58.0,899.239
89.5519165,6,15,12,1,59,53.0,376.623
89.647635,1,9,13,3,132,55.0,665.98
89.6476395,3,10,16,4,223,58.0,957.736
89.647652,2,2,5,1,18,56.0,320.598
89.6476755,6,1,8,1,47,52.0,219.725
89.743483,1,32,19,4,137,57.0,1062.0
89.7434875,3,9,19,6,225,61.0,1544.0
89.743502,2,5,8,3,95,58.0,783.059
89.7435175,6,14,12,2,58,54.0,381.514
92.619048,1,32,12,3,132,55.0,672.755
92.6190525,3,9,16,3,97,59.0,938.728
92.619067,2,1,7,1,19,57.0,323.603
92.6190915,6,31,8,1,44,51.0,203.086
92.714811,1,32,19,4,140,57.0,1067.0
92.7148155,3,13,20,5,171,60.0,1507.0
92.714819,2,11,12,3,89,58.0,996.765
92.7148455,6,40,12,1,56,54.0,363.562
92.810542,1,32,13,3,137,55.0,690.396
92.8105465,3,9,17,4,142,59.0,956.769
92.810561,2,1,7,0,13,55.0,217.1
92.8105795,6,11,9,1,52,52.0,231.345
93.5515185,3,1,1,0,4,48.0,10.434
93.551531,1,4,1,0,5,46.0,18.014
95.775763,1,32,12,3,137,55.0,698.58
95.7757705,3,10,17,3,136,59.0,912.801
95.775771,2,1,9,1,27,57.0,424.003
95.7757975,6,40,9,1,53,52.0,227.121
95.871671,1,32,18,4,137,57.0,1060.0
95.8716755,3,9,19,6,229,61.0,1545.0
95.871679,2,19,12,3,103,58.0,953.725
95.8717055,6,1,13,2,58,54.0,373.572
95.967457,1,32,13,3,137,55.0,691.18
95.9674615,3,9,17,3,94,59.0,911.357
95.967476,2,5,7,0,12,57.0,227.842
95.9674945,6,11,9,1,52,52.0,229.311
98.974737,1,9,14,3,132,55.0,666.931
98.9747415,3,3,16,4,140,58.0,924.948
98.974751,2,1,8,1,33,57.0,455.298
98.9747775,6,1,8,1,47,52.0,212.916
99.070453,1,32,20,4,140,57.0,1078.0
99.0704575,3,9,19,6,225,60.0,1541.0
99.070464,2,8,12,4,103,58.0,1033.0
99.0704875,6,40,10,2,58,54.0,372.587
99.166316,1,9,13,3,132,55.0,670.775
99.1663205,3,3,15,3,92,59.0,878.41
99.166333,2,2,5,0,12,57.0,262.781
99.1663595,6,1,7,1,44,52.0,195.915
102.112842,1,9,13,3,132,55.0,673.931
102.1128465,3,3,16,4,136,59.0,934.133
102.112859,2,1,7,3,101,57.0,635.439
102.1128855,6,1,7,1,44,52.0,198.178
102.208581,1,12,19,4,140,57.0,1090.0
102.2085885,3,10,20,5,222,60.0,1501.0
102.208589,2,14,13,4,110,58.0,1157.0
102.2086155,6,40,13,1,56,54.0,372.744
102.304348,1,1,14,3,134,55.0,693.038
102.3043545,3,7,17,4,140,59.0,936.987
102.304367,2,1,7,3,95,58.0,630.302
102.3043935,6,1,7,1,44,52.0,201.886
105.251532,1,32,20,4,140,57.0,1086.0
105.2515365,3,13,21,6,225,60.0,1588.0
105.25154,2,1,12,4,110,57.0,1138.0
105.2515665,6,40,13,1,56,54.0,374.698
105.347361,1,9,14,3,129,55.0,654.183
105.3473655,3,3,16,3,91,59.0,902.748
105.347372,2,8,8,1,21,57.0,412.506
105.3474015,6,1,8,1,47,52.0,222.117
108.299624,1,29,15,3,137,55.0,699.037
108.2996285,3,13,17,4,142,59.0,995.076
108.299635,2,1,10,3,103,57.0,770.194
108.2996615,6,37,8,1,50,52.0,225.659
108.395438,1,11,19,4,134,56.0,1049.0
108.395443,2,16,14,4,115,60.0,1286.0
108.3954445,3,3,21,5,165,61.0,1519.0
108.3954715,6,1,12,1,56,54.0,375.342
108.491357,1,9,15,3,129,55.0,650.158
108.4913615,3,10,16,4,136,59.0,943.366
108.491371,2,5,8,1,18,57.0,398.839
108.4913885,6,1,8,1,56,52.0,248.851
111.474512,1,1,14,3,134,55.0,687.704
111.4745165,3,9,16,4,138,59.0,992.94
111.474528,2,8,8,1,22,57.0,442.477
111.4745495,6,1,8,1,52,52.0,238.594
111.570585,1,9,18,4,137,56.0,1036.0
111.5705895,3,3,21,5,165,61.0,1522.0
111.57059,2,14,14,5,113,59.0,1421.0
111.5706165,6,1,13,1,56,54.0,384.013
111.666331,1,32,15,3,137,55.0,695.405
111.6663355,3,9,17,4,142,59.0,1001.0
111.666345,2,1,10,3,100,57.0,817.68
111.6663685,6,1,9,1,50,52.0,227.927
114.614681,1,29,16,3,137,55.0,694.663
114.6146885,3,6,14,4,139,59.0,960.654
114.614692,2,1,9,3,106,57.0,876.884
114.6147185,6,1,8,1,47,52.0,211.75
114.710399,1,11,18,4,139,56.0,1060.0
114.7104055,3,3,21,5,165,61.0,1551.0
114.71041,2,13,14,4,109,60.0,1378.0
114.7104325,6,1,14,1,56,54.0,381.434
114.80615,1,12,14,3,132,54.0,661.307
114.8061525,3,2,16,3,93,59.0,959.398
114.806158,2,1,9,3,110,58.0,905.839
114.8061935,6,1,7,1,44,52.0,205.785
117.773628,1,32,15,3,134,55.0,674.125
117.7736325,3,9,16,4,142,59.0,1022.0
117.773642,2,1,10,1,33,57.0,549.917
117.7736655,6,11,8,1,52,52.0,241.822
117.869389,1,11,19,4,139,56.0,1052.0
117.8693935,3,5,21,5,167,61.0,1594.0
117.869394,2,16,15,5,112,59.0,1392.0
117.8694225,6,1,14,1,56,54.0,380.617
117.96511,1,11,16,3,134,54.0,674.573
117.9651165,3,3,16,4,139,59.0,973.991
117.965126,2,5,10,3,101,57.0,815.407
117.9651555,6,1,7,1,44,52.0,206.514
119.2327955,3,2,1,0,2,45.0,6.846
120.918513,1,9,14,3,129,54.0,631.787
120.9185175,3,3,16,3,89,59.0,910.147
120.918525,2,7,10,1,21,57.0,496.723
120.9185565,6,1,7,1,44,52.0,206.986
121.014271,1,11,19,4,139,56.0,1061.0
121.0142775,3,3,22,5,165,61.0,1557.0
121.014281,2,11,12,4,107,59.0,1343.0
121.0143045,6,1,13,1,56,54.0,390.171
123.984571,1,9,14,3,129,54.0,633.778
123.9845755,3,2,15,4,139,59.0,1007.0
123.984585,2,8,9,3,104,57.0,880.557
123.9846115,6,1,8,1,47,52.0,232.358
124.080287,1,32,19,4,137,57.0,1040.0
124.0802915,3,9,20,5,167,60.0,1642.0
124.080295,2,11,15,5,113,59.0,1547.0
124.0803215,6,14,11,3,133,54.0,488.091
125.1757445,3,1,1,0,1,45.0,0.0
127.051416,1,26,15,3,134,55.0,653.587
127.0514205,3,10,15,4,139,59.0,1003.0
127.051421,2,14,11,3,89,58.0,917.084
127.0514475,6,1,8,1,56,52.0,251.738
127.147453,1,11,20,4,139,56.0,1048.0
127.1474575,3,9,21,5,145,61.0,1604.0
127.147463,2,1,14,5,110,59.0,1553.0
127.1474865,6,1,13,1,56,54.0,385.0
130.129602,1,32,21,5,187,56.0,1106.0
130.1296095,3,10,21,5,164,60.0,1590.0
130.12961,2,14,15,5,106,61.0,1610.0
130.1296365,6,40,13,3,150,54.0,507.226
130.225319,1,32,17,3,134,55.0,674.47
130.2253235,3,13,18,4,142,59.0,1056.0
130.225333,2,1,12,3,100,58.0,963.696
130.2253565,6,1,8,1,44,52.0,207.417
130.321146,1,29,21,5,187,57.0,1105.0
130.321152,2,2,15,5,112,60.0,1724.0
130.3211535,3,10,22,5,164,60.0,1589.0
130.3211805,6,40,13,3,150,54.0,513.359
133.1701145,3,1,1,0,1,45.0,0.0
133.170129,1,1,1,0,1,45.0,0.0
133.308337,1,26,21,5,184,56.0,1073.0
133.30834,2,16,16,5,115,61.0,1783.0
133.3083415,3,10,21,5,164,61.0,1618.0
133.3083685,6,40,13,3,150,54.0,515.856
133.404201,1,11,17,3,136,54.0,687.464
133.4042075,3,3,17,4,139,59.0,1020.0
133.404217,2,1,10,3,87,58.0,869.377
133.4042345,6,1,9,1,56,52.0,254.063
133.500353,1,32,21,4,137,57.0,1050.0
133.5003575,3,13,21,6,167,61.0,1681.0
133.500359,2,13,14,5,108,59.0,1779.0
133.5003875,6,1,14,1,52,54.0,374.328
136.455387,1,1,21,5,183,56.0,1108.0
136.4553915,3,9,21,5,145,61.0,1649.0
136.455392,2,11,17,5,112,60.0,1800.0
136.4554205,6,1,14,3,136,54.0,501.13
136.551136,1,1,17,3,139,54.0,697.716
136.5511405,3,9,18,4,141,59.0,1076.0
136.551144,2,1,13,3,89,59.0,1004.0
136.5511735,6,1,10,1,52,52.0,248.757
136.646961,1,26,21,5,184,56.0,1076.0
136.6469655,3,3,20,5,164,61.0,1634.0
136.646969,2,11,14,5,107,61.0,1715.0
136.6469925,6,40,13,3,150,54.0,519.1
137.4006355,3,2,1,0,41,47.0,35.086
137.400644,1,1,2,0,1,46.0,0.0
139.628434,1,29,20,5,181,56.0,1067.0
139.6284385,3,3,21,5,164,60.0,1631.0
139.628439,2,1,16,6,113,60.0,1903.0
139.6284655,6,40,15,2,56,54.0,393.536
139.724206,1,26,17,3,131,54.0,641.583
139.7242105,3,10,17,4,139,59.0,1027.0
139.724211,2,1,14,4,106,58.0,1161.0
139.7242405,6,1,11,1,44,52.0,211.127
139.819919,1,8,22,5,186,56.0,1097.0
139.819924,2,16,16,5,112,61.0,1894.0
139.8199255,3,4,22,5,164,61.0,1642.0
139.8199525,6,40,14,3,153,54.0,528.379
142.778089,1,32,22,4,139,56.0,1042.0
142.778095,2,13,17,6,140,59.0,2087.0
142.7780965,3,10,21,5,150,61.0,1638.0
142.7781235,6,14,14,2,83,54.0,439.582
142.874936,1,9,17,3,134,54.0,658.267
142.8749385,3,5,18,4,141,59.0,1091.0
142.874947,2,11,12,4,107,58.0,1207.0
142.8749675,6,40,10,1,56,53.0,257.543
142.971,1,32,22,4,139,57.0,1045.0
142.9710045,3,13,22,5,149,61.0,1685.0
142.971008,2,11,16,5,113,61.0,1903.0
142.9710345,6,14,14,2,83,54.0,435.086
142.971051,5,1,1,0,1,45.0,0.0
145.891169,1,32,21,4,139,56.0,1037.0
145.8911735,3,9,22,5,149,60.0,1694.0
145.891177,2,11,16,5,112,59.0,1939.0
145.8912025,6,1,13,3,150,54.0,525.206
145.988046,1,1,18,3,139,54.0,680.078
145.9880505,3,9,18,4,145,59.0,1095.0
145.988054,2,11,13,4,103,58.0,1234.0
145.9880835,6,1,9,2,132,52.0,314.199
146.083803,1,32,22,4,139,56.0,1039.0
146.0838075,3,13,22,6,167,61.0,1728.0
146.083811,2,1,16,5,106,60.0,1936.0
146.0838375,6,14,14,3,135,54.0,488.256
148.960136,1,8,20,5,186,56.0,1086.0
148.9601405,3,9,21,6,213,61.0,1764.0
148.960141,2,16,17,6,115,60.0,2021.0
148.9601695,6,40,15,3,153,54.0,526.452
149.055984,1,29,18,3,131,55.0,624.968
149.055984,2,1,15,4,118,58.0,1334.0
149.0559885,3,10,17,4,146,59.0,1075.0
149.0560185,6,11,11,2,132,52.0,314.323
152.030183,1,32,21,5,186,56.0,1074.0
152.0301875,3,13,22,6,213,61.0,1789.0
152.030191,2,11,18,5,103,59.0,1980.0
152.0302205,6,1,13,3,149,54.0,515.397
152.127035,1,6,18,3,131,54.0,625.54
152.1270395,3,10,17,4,142,59.0,1076.0
152.127043,2,1,14,2,42,59.0,965.144
152.1270695,6,1,10,1,41,53.0,209.466
155.122213,1,32,21,5,186,56.0,1062.0
155.1222175,3,13,23,6,166,60.0,1762.0
155.122221,2,11,18,5,109,60.0,2027.0
155.1222505,6,1,12,3,149,54.0,523.695
155.218258,1,1,18,4,183,54.0,691.411
155.2182625,3,9,18,4,148,59.0,1131.0
155.218266,2,11,16,4,109,58.0,1339.0
155.2183035,6,1,9,2,141,52.0,311.369
158.211229,1,1,21,5,186,55.0,1046.0
158.2112335,3,9,24,7,216,61.0,1822.0
158.211234,2,1,17,6,112,60.0,2119.0
158.2112625,6,40,14,3,153,54.0,535.432
158.307093,1,29,17,3,133,54.0,617.287
158.3070945,3,13,17,4,148,59.0,1128.0
158.307098,2,11,16,4,98,58.0,1252.0
158.3071275,6,1,10,2,149,52.0,338.337
161.269126,1,2,17,3,133,54.0,626.067
161.2691305,3,2,20,4,148,59.0,1144.0
161.269131,2,25,16,5,115,58.0,1490.0
161.2691595,6,1,10,2,135,53.0,326.381
161.365153,1,1,20,4,133,55.0,949.713
161.3651575,3,9,24,5,151,61.0,1742.0
161.365161,2,8,16,7,140,60.0,2303.0
161.3651865,6,40,14,3,135,55.0,490.716
161.462005,1,1,18,4,183,54.0,650.5
161.4620065,3,13,20,5,216,59.0,1217.0
161.46201,2,11,14,4,89,59.0,1303.0
161.4620395,6,1,11,2,149,52.0,344.261
163.873864,1,1,1,0,1,45.0,0.0
164.441214,1,1,18,3,133,53.0,613.087
164.4412185,3,9,20,4,151,59.0,1141.0
164.441219,2,1,13,5,115,58.0,1474.0
164.4412475,6,40,10,2,135,53.0,322.139
164.53805,1,9,20,5,183,56.0,967.846
164.538053,2,16,19,5,100,61.0,2133.0
164.5380545,3,10,23,6,213,61.0,1775.0
164.5380815,6,14,14,3,152,54.0,532.234
164.633927,1,1,18,3,133,53.0,613.051
164.6339315,3,9,20,4,144,59.0,1138.0
164.633935,2,11,16,5,143,59.0,1582.0
164.6339605,6,40,10,1,56,53.0,260.201
167.577968,1,5,17,3,130,54.0,589.424
167.5779725,3,12,20,5,212,59.0,1214.0
167.577981,2,8,14,4,107,60.0,1406.0
167.5780015,6,1,12,2,152,53.0,352.579
167.674036,1,1,21,4,136,55.0,935.37
167.6740405,3,13,23,7,213,61.0,1844.0
167.674044,2,11,17,7,140,61.0,2419.0
167.6740695,6,1,15,3,153,55.0,531.824
167.769847,1,1,18,3,136,54.0,613.886
167.7698545,3,10,20,4,145,59.0,1103.0
167.769855,2,1,12,4,98,59.0,1421.0
167.7698845,6,1,10,2,149,52.0,342.937
170.716283,1,1,18,3,133,54.0,592.059
170.7162875,3,13,20,4,148,59.0,1158.0
170.716291,2,1,15,4,95,60.0,1387.0
170.7163285,6,1,9,1,44,52.0,219.095
170.813968,1,1,20,4,133,55.0,901.641
170.8139725,3,9,23,6,212,61.0,1852.0
170.813973,2,14,18,7,140,61.0,2446.0
170.8140015,6,40,15,3,149,55.0,525.401
170.910019,1,6,17,3,133,54.0,576.317
170.910019,2,19,16,6,145,59.0,1685.0
170.9100235,3,10,19,5,213,59.0,1188.0
170.9100535,6,1,11,2,149,53.0,344.072
172.6552465,3,1,1,0,1,45.0,0.0
173.827372,1,1,18,3,133,54.0,580.536
173.8273765,3,9,20,4,140,59.0,1140.0
173.82738,2,11,15,6,140,59.0,1717.0
173.8274055,6,40,10,2,135,53.0,319.24
173.923116,1,6,20,4,133,56.0,847.321
173.923119,2,16,19,7,145,60.0,2532.0
173.9231205,3,10,23,5,148,61.0,1692.0
173.9231465,6,1,14,3,156,54.0,534.282
173.92324,5,1,1,0,1,45.0,0.0
174.01888,1,1,17,3,135,54.0,589.128
174.0188845,3,9,20,5,215,59.0,1219.0
174.018885,2,19,15,5,115,59.0,1538.0
174.0189135,6,1,11,2,152,53.0,344.027
177.738609,1,6,16,3,130,54.0,531.02
177.738612,2,2,15,6,163,59.0,1786.0
177.7386135,3,10,19,4,145,59.0,1119.0
177.7386435,6,1,10,2,131,52.0,304.781
177.834649,1,1,20,4,133,56.0,862.696
177.8346535,3,13,22,7,212,61.0,1861.0
177.834657,2,11,19,7,164,61.0,2659.0
177.8346825,6,40,16,3,176,55.0,559.522
181.695433,1,3,15,3,130,54.0,517.406
181.695433,2,1,17,4,100,59.0,1580.0
181.6954375,3,10,19,5,206,59.0,1179.0
181.6954675,6,1,11,2,131,52.0,299.264
181.792263,1,1,19,4,133,56.0,829.215
181.7922675,3,13,24,7,215,61.0,1889.0
181.792271,2,11,20,8,164,61.0,2769.0
181.7922965,6,40,16,3,179,55.0,555.796
182.7460055,3,1,2,0,5,51.0,27.499
184.809697,1,3,15,3,130,54.0,494.972
184.809697,2,1,16,6,166,59.0,1845.0
184.8097015,3,10,18,4,111,59.0,1080.0
184.8097315,6,1,10,2,148,53.0,319.599
184.90628,1,1,17,3,135,55.0,807.157
184.9062845,3,9,24,7,259,61.0,1902.0
184.906285,2,14,20,7,143,61.0,2619.0
184.9063135,6,1,16,2,83,54.0,425.082
184.906327,5,1,5,0,4,46.0,7.904
187.886275,1,1,16,2,117,54.0,476.79
187.8862795,3,9,18,4,143,59.0,1144.0
187.88628,2,25,17,7,163,59.0,1951.0
187.8863115,6,11,10,1,41,52.0,214.656
187.982308,1,9,17,3,127,56.0,750.46
187.982311,2,19,23,8,169,61.0,3003.0
187.9823125,3,13,24,7,215,61.0,1869.0
187.9823415,6,40,15,3,155,55.0,500.097
190.958334,1,5,13,2,114,54.0,456.785
190.9583385,3,12,17,5,214,59.0,1227.0
190.958339,2,16,16,7,169,59.0,1934.0
190.9583705,6,1,11,1,52,53.0,243.807
191.0544,1,9,17,3,130,56.0,740.45
191.0544045,3,13,23,7,259,61.0,1886.0
191.054406,2,2,20,7,145,61.0,2805.0
191.0544335,6,40,16,2,86,55.0,422.667
194.010409,1,1,13,2,114,54.0,442.556
194.0104135,3,9,16,4,93,59.0,1120.0
194.010414,2,11,17,5,122,60.0,1745.0
194.0104455,6,1,10,1,41,53.0,215.847
194.106466,1,5,15,3,114,56.0,684.566
194.106468,2,19,21,8,169,61.0,3023.0
194.1064705,3,5,22,7,258,61.0,1896.0
194.1064985,6,2,16,2,86,54.0,416.897
194.106557,5,1,4,0,1,46.0,0.0
197.091887,1,6,12,2,92,54.0,367.401
197.09189,2,2,18,6,145,59.0,1870.0
197.0918915,3,10,15,3,88,59.0,1058.0
197.0919175,6,1,10,2,178,52.0,347.799
197.187602,1,5,14,3,114,56.0,664.522
197.1876065,3,9,21,5,146,61.0,1798.0
197.187607,2,19,21,9,169,62.0,3122.0
197.1876355,6,1,16,2,82,54.0,409.171
197.187652,5,1,5,0,42,49.0,35.656
200.196781,1,1,12,2,108,54.0,409.17
200.1967855,3,9,16,3,90,59.0,1104.0
200.196789,2,11,18,6,160,59.0,1895.0
200.1968145,6,1,11,1,47,53.0,234.958
200.196904,5,1,1,0,1,45.0,0.0
200.293627,1,1,15,3,114,55.0,645.927
200.2936315,3,9,19,5,146,61.0,1795.0
200.293632,2,14,21,8,166,61.0,3027.0
200.2936605,6,14,17,2,82,54.0,403.264
200.293677,5,1,5,1,74,47.0,99.258
203.347846,1,1,12,2,92,54.0,378.785
203.3478505,3,13,16,3,90,59.0,1132.0
203.347854,2,11,18,6,160,60.0,1958.0
203.3478795,6,1,10,1,47,52.0,229.537
203.347969,5,1,1,0,1,45.0,0.0
204.7030455,3,1,1,0,1,45.0,0.0
206.508838,1,3,11,2,92,55.0,348.771
206.5088425,3,10,15,3,91,59.0,1111.0
206.508843,2,1,17,6,143,60.0,1866.0
206.5088685,6,1,9,1,47,52.0,232.982
206.508958,5,1,1,0,1,45.0,0.0
209.596524,1,1,10,2,89,55.0,338.091
209.596527,2,2,16,6,162,59.0,2054.0
209.5965285,3,10,14,4,143,59.0,1160.0
209.5965545,6,1,11,1,47,52.0,233.981
209.596568,5,1,3,0,54,46.0,50.591
212.659398,1,3,9,1,86,54.0,327.026
212.6594005,3,2,15,4,93,59.0,1162.0
212.659401,2,31,18,7,162,60.0,2059.0
212.6594285,6,1,10,1,45,52.0,223.375
215.713598,1,3,10,2,89,55.0,326.984
215.713598,2,5,19,6,127,60.0,1893.0
215.7136025,3,10,15,4,91,59.0,1146.0
215.7136285,6,1,10,3,177,52.0,350.523
218.758007,1,1,9,2,88,54.0,351.498
218.7580115,3,9,15,3,90,60.0,1184.0
218.758015,2,11,17,5,115,60.0,1796.0
218.7580435,6,1,9,1,41,53.0,210.709
221.825819,1,1,11,1,85,55.0,311.615
221.825819,2,16,18,7,171,60.0,2188.0
221.8258205,3,13,16,4,94,60.0,1184.0
221.8258495,6,1,10,1,44,53.0,226.902
224.876818,1,1,9,1,85,54.0,335.054
224.8768225,3,9,16,4,145,59.0,1235.0
224.876823,2,25,16,6,124,61.0,1935.0
224.8768505,6,1,12,3,180,52.0,363.412
227.956118,1,1,10,1,85,55.0,331.419
227.9561225,3,9,17,4,145,60.0,1257.0
227.956126,2,11,18,5,118,60.0,1876.0
227.9561545,6,1,11,3,179,53.0,359.301
302.8152245,3,1,2,0,22,52.0,73.021
311.976138,5,2,2,0,8,48.0,34.89
575.0555695,3,1,6,1,80,52.0,168.892
755.241213,1,1,2,0,19,48.0,25.759
798.1739065,3,1,1,0,1,45.0,0.0
820.2005325,3,1,1,0,1,45.0,0.0
827.6494465,6,1,1,0,1,45.0,0.0
844.315572,1,12,29,9,195,62.0,2965.0
844.3155735,3,13,32,9,199,62.0,3249.0
844.315574,2,9,26,11,168,61.0,4495.0
844.3155935,6,24,23,5,156,58.0,1409.0
844.315597,5,20,14,3,119,56.0,860.353
847.374675,1,12,29,9,195,62.0,2965.0
847.3746765,3,13,30,9,202,62.0,3256.0
847.374677,2,9,21,11,171,62.0,4637.0
847.3746915,6,25,23,6,219,58.0,1531.0
847.3747,5,1,15,3,119,56.0,854.024
850.497622,1,15,30,9,198,62.0,3013.0
850.4976265,3,9,30,10,220,62.0,3294.0
850.497627,2,77,24,11,167,62.0,4529.0
850.4976375,6,29,22,6,229,57.0,1557.0
850.49765,5,2,15,2,54,56.0,766.55
853.67058,1,9,28,8,195,61.0,2967.0
853.670581,2,7,24,10,136,61.0,4564.0
853.6705815,3,10,32,10,224,62.0,3309.0
853.6705965,6,29,23,6,226,58.0,1544.0
853.670605,5,20,15,3,69,56.0,799.935
856.814474,1,6,29,8,195,61.0,2978.0
856.814475,2,7,24,11,169,61.0,4672.0
856.8144755,3,10,31,10,224,62.0,3315.0
856.8144955,6,24,21,6,224,58.0,1534.0
856.8145,5,19,15,3,68,56.0,807.041
859.892765,1,15,30,9,197,62.0,3011.0
859.8927695,3,9,30,10,220,62.0,3311.0
859.89277,2,77,23,11,168,62.0,4566.0
859.8927885,6,24,22,6,221,57.0,1525.0
859.892793,5,2,15,2,54,56.0,768.955
862.944191,2,8,26,11,170,61.0,4647.0
862.944191,1,9,29,9,195,62.0,2982.0
862.9441925,3,10,32,10,227,62.0,3322.0
862.9442075,6,29,23,6,226,58.0,1546.0
862.944216,5,20,14,3,119,56.0,845.543
866.030616,1,6,28,8,195,61.0,2973.0
866.0306175,3,10,30,10,224,62.0,3316.0
866.030619,2,2,25,12,264,62.0,4897.0
866.0306375,6,24,22,6,224,58.0,1542.0
866.030642,5,5,16,3,71,56.0,800.228
869.09595,1,12,28,9,195,62.0,2965.0
869.0959515,3,13,31,9,202,62.0,3284.0
869.095952,2,77,23,11,171,62.0,4779.0
869.0959665,6,25,23,7,297,58.0,1621.0
869.095975,5,43,13,2,54,56.0,767.206
872.080892,1,12,26,7,195,61.0,1942.0
872.0808935,3,13,27,8,199,61.0,2156.0
872.080894,2,9,21,8,135,60.0,3070.0
872.0809135,6,1,18,4,193,56.0,958.711
872.080917,5,1,11,2,51,54.0,494.787
872.176719,1,12,29,9,195,62.0,2963.0
872.1767205,3,13,31,10,220,62.0,3304.0
872.176721,2,77,26,12,225,63.0,5070.0
872.1767315,6,29,24,7,301,58.0,1625.0
872.176744,5,1,15,3,134,56.0,847.325
875.2328,1,12,26,7,195,60.0,1946.0
875.2328015,3,13,27,8,199,61.0,2139.0
875.232802,2,71,22,8,138,60.0,3069.0
875.2328215,6,24,18,3,96,56.0,864.153
875.232828,5,17,11,2,49,55.0,454.069
875.32884,1,6,29,8,195,61.0,2978.0
875.328841,2,4,25,11,169,62.0,4915.0
875.3288445,3,7,31,10,224,62.0,3254.0
875.3288565,6,29,22,7,229,58.0,1553.0
875.328866,5,19,14,3,68,56.0,793.204
878.400776,1,12,26,7,192,60.0,1947.0
878.4007775,3,9,27,7,182,61.0,2123.0
878.400778,2,77,21,8,134,60.0,3125.0
878.4007965,6,21,18,5,218,56.0,993.917
878.400801,5,1,11,2,51,54.0,490.413
878.496814,1,12,29,9,195,62.0,2968.0
878.496814,2,11,24,11,173,62.0,4919.0
878.4968155,3,6,32,9,199,62.0,3259.0
878.4968305,6,12,23,6,219,58.0,1522.0
878.496839,5,20,15,3,119,56.0,835.791
881.543709,1,9,26,7,195,60.0,1956.0
881.5437105,3,13,28,7,196,61.0,2143.0
881.543711,2,1,20,8,135,60.0,3159.0
881.5437305,6,24,19,3,96,57.0,863.374
881.543737,5,17,11,2,49,54.0,452.876
881.6395,1,12,29,9,194,62.0,2968.0
881.6395015,3,13,30,9,199,62.0,3262.0
881.639502,2,9,24,10,138,62.0,4779.0
881.6395165,6,25,23,6,228,57.0,1552.0
881.639525,5,43,14,2,62,56.0,777.033
884.70155,1,12,25,7,192,61.0,1937.0
884.7015515,3,13,27,8,199,61.0,2150.0
884.701552,2,77,19,8,135,60.0,3095.0
884.7015715,6,1,17,5,196,56.0,956.401
884.701575,5,43,11,2,51,54.0,487.809
884.797399,1,12,30,8,195,62.0,2977.0
884.797399,2,8,26,11,173,62.0,5050.0
884.7974005,3,10,31,9,199,62.0,3274.0
884.7974155,6,29,24,5,122,58.0,1383.0
884.797424,5,20,16,3,119,56.0,847.969
887.91967,1,12,26,7,194,60.0,1953.0
887.919672,2,1,20,8,134,59.0,2978.0
887.9196735,3,7,26,7,197,61.0,2112.0
887.9196905,6,24,18,5,194,56.0,957.614
887.919695,5,2,11,2,54,54.0,499.658
888.015387,1,12,30,8,195,62.0,2973.0
888.015387,2,5,24,11,173,62.0,5039.0
888.0153885,3,7,32,10,227,62.0,3348.0
888.0154035,6,29,26,5,161,58.0,1408.0
888.015412,5,20,14,3,119,56.0,835.974
890.684433,1,1,1,0,1,45.0,0.0
891.06531,1,12,25,7,194,60.0,1949.0
891.0653115,3,9,27,7,182,61.0,2125.0
891.065312,2,1,22,8,134,60.0,3084.0
891.0653305,6,24,18,4,194,56.0,946.201
891.065335,5,2,12,2,54,55.0,505.599
891.162147,1,12,28,9,194,62.0,2973.0
891.1621485,3,13,30,10,223,62.0,3322.0
891.162149,2,77,24,10,135,62.0,4941.0
891.1621635,6,25,22,6,228,58.0,1546.0
891.162172,5,1,13,2,54,56.0,757.719
894.182384,1,9,24,7,195,60.0,1958.0
894.182386,2,74,20,8,135,60.0,3190.0
894.1823885,3,10,25,7,193,60.0,2093.0
894.1824055,6,24,18,3,96,57.0,856.425
894.182412,5,17,10,2,52,55.0,462.808
894.278129,1,12,28,9,194,62.0,2968.0
894.2781305,3,13,32,10,223,62.0,3327.0
894.278131,2,77,25,11,164,62.0,4850.0
894.2781495,6,21,22,6,224,58.0,1539.0
894.278154,5,2,13,2,54,56.0,751.327
897.270387,1,6,29,8,195,61.0,3012.0
897.270387,2,8,26,12,170,62.0,5260.0
897.2703885,3,10,30,10,227,62.0,3312.0
897.2704035,6,29,25,7,226,58.0,1547.0
897.270412,5,20,14,3,113,56.0,825.376
897.366162,1,12,25,7,195,60.0,1960.0
897.366163,2,2,21,8,136,60.0,3313.0
897.3661635,3,13,28,8,199,61.0,2151.0
897.3661835,6,1,19,3,96,57.0,865.755
897.366187,5,1,12,2,52,55.0,495.566
897.462009,1,15,29,9,197,62.0,3028.0
897.4620135,3,9,31,10,223,62.0,3329.0
897.462014,2,77,24,10,134,63.0,4919.0
897.4620325,6,24,24,6,227,58.0,1540.0
897.462037,5,5,14,2,54,56.0,753.249
900.413256,1,9,28,9,195,62.0,2999.0
900.4132575,3,13,31,10,220,63.0,3345.0
900.413258,2,77,27,13,221,62.0,5213.0
900.4132685,6,29,25,7,232,58.0,1563.0
900.413281,5,43,13,2,57,56.0,781.381
900.509348,1,6,24,7,195,59.0,1957.0
900.509348,2,5,22,8,140,60.0,3208.0
900.5093525,3,7,26,8,221,60.0,2139.0
900.5093695,6,24,20,3,96,57.0,857.693
900.509374,5,19,11,2,68,55.0,526.145
900.605066,1,12,29,9,195,62.0,2989.0
900.605066,2,8,25,11,170,62.0,5005.0
900.6050675,3,7,33,10,227,62.0,3335.0
900.6050825,6,29,24,6,198,59.0,1486.0
900.605091,5,20,14,3,119,56.0,843.409
903.541218,1,12,28,9,194,62.0,2986.0
903.5412195,3,13,32,10,220,63.0,3324.0
903.54122,2,77,26,10,134,62.0,4847.0
903.5412305,6,29,25,7,232,57.0,1577.0
903.541243,5,2,13,2,54,56.0,770.899
903.637316,1,12,25,7,195,61.0,1959.0
903.6373175,3,13,27,7,182,61.0,2104.0
903.637318,2,9,23,8,135,61.0,3334.0
903.6373375,6,1,18,5,196,56.0,954.183
903.637341,5,1,10,2,48,54.0,481.987
903.733062,1,12,28,9,195,62.0,2986.0
903.7330635,3,13,32,9,202,63.0,3275.0
903.733064,2,77,26,12,168,62.0,5173.0
903.7330745,6,29,24,7,232,58.0,1570.0
903.733087,5,1,13,2,52,55.0,745.412
905.4731345,6,1,1,0,1,47.0,0.0
906.736075,1,12,28,8,194,62.0,2989.0
906.7360765,3,9,31,9,202,62.0,3290.0
906.736077,2,77,25,11,167,62.0,5061.0
906.7360955,6,24,25,7,233,58.0,1543.0
906.7361,5,2,13,2,54,56.0,774.466
906.831917,1,9,26,7,195,60.0,1966.0
906.8319185,3,10,28,7,179,60.0,2124.0
906.83192,2,5,23,8,134,60.0,3141.0
906.8319385,6,24,19,3,96,57.0,850.398
906.831945,5,17,10,2,49,55.0,452.359
906.92777,1,12,29,9,195,62.0,2979.0
906.9277715,3,13,33,9,202,62.0,3257.0
906.927772,2,77,25,12,171,63.0,5200.0
906.9277865,6,1,24,6,225,58.0,1547.0
906.927795,5,17,13,3,119,56.0,841.599
907.9279895,3,2,1,0,5,47.0,14.116
909.872029,1,8,30,9,197,62.0,3036.0
909.872034,2,5,24,11,170,62.0,5321.0
909.8720355,3,7,32,9,180,62.0,3145.0
909.8720475,6,29,26,7,229,58.0,1558.0
909.872057,5,5,14,4,192,57.0,892.941
909.967877,1,12,25,7,192,61.0,1944.0
909.9678785,3,13,28,7,199,61.0,2134.0
909.967879,2,74,21,9,135,60.0,3358.0
909.9678985,6,1,19,5,196,56.0,958.144
909.967902,5,1,11,2,52,54.0,494.174
912.960045,1,9,28,8,195,61.0,3012.0
912.960045,2,5,26,11,173,62.0,5240.0
912.9600465,3,10,31,10,227,62.0,3334.0
912.9600615,6,29,26,4,105,58.0,1333.0
912.96007,5,6,13,3,119,57.0,843.074
913.055907,1,12,25,7,192,61.0,1951.0
913.0559085,3,13,27,7,182,61.0,2119.0
913.055909,2,77,22,8,135,60.0,3225.0
913.0559275,6,21,18,5,218,56.0,986.411
913.055932,5,1,10,2,51,54.0,489.487
913.15194,1,5,28,9,197,62.0,3055.0
913.1519445,3,9,32,10,226,62.0,3339.0
913.151945,2,77,24,11,164,62.0,5159.0
913.1519585,6,29,25,7,238,58.0,1582.0
913.151968,5,5,13,2,54,56.0,760.067
915.413622,1,2,1,0,2,46.0,5.921
916.119418,1,15,30,9,197,62.0,3041.0
916.11942,2,80,26,13,224,62.0,5399.0
916.1194245,3,7,32,9,221,62.0,3237.0
916.1194415,6,24,26,6,224,58.0,1539.0
916.119446,5,5,13,4,192,56.0,866.554
916.214814,1,12,25,7,192,61.0,1956.0
916.2148155,3,13,28,7,199,61.0,2148.0
916.214816,2,9,22,9,168,60.0,3296.0
916.2148355,6,1,18,5,196,57.0,954.919
916.214839,5,1,11,2,52,54.0,499.128
916.311653,1,15,28,9,197,62.0,3045.0
916.3116565,3,10,32,10,224,62.0,3314.0
916.311658,2,77,25,11,164,62.0,5003.0
916.3116715,6,29,25,7,232,58.0,1561.0
916.311681,5,5,13,4,192,57.0,866.849
919.277938,1,12,27,9,195,62.0,3008.0
919.2779395,3,13,32,10,214,62.0,3301.0
919.27794,2,77,26,12,171,63.0,5158.0
919.2779505,6,29,24,7,232,58.0,1565.0
919.277963,5,1,14,2,52,55.0,756.303
919.373747,1,12,25,7,194,61.0,1971.0
919.3737485,3,13,28,7,199,61.0,2137.0
919.373749,2,9,21,8,134,61.0,3271.0
919.3737675,6,21,19,5,221,56.0,998.498
919.373772,5,43,11,2,51,54.0,490.886
919.469578,1,9,28,9,195,62.0,3023.0
919.469578,2,8,25,15,334,62.0,5675.0
919.4695795,3,10,33,9,199,62.0,3285.0
919.4695945,6,12,26,7,225,58.0,1553.0
919.469603,5,20,15,3,119,57.0,857.909
922.431806,1,12,28,8,194,62.0,3012.0
922.4318075,3,9,31,10,220,62.0,3310.0
922.431808,2,77,28,13,221,63.0,5530.0
922.4318265,6,24,25,7,227,57.0,1532.0
922.431831,5,5,15,4,198,56.0,889.08
922.52765,1,12,25,7,195,60.0,1979.0
922.5276515,3,13,26,7,182,61.0,2108.0
922.527652,2,9,23,8,135,61.0,3352.0
922.5276715,6,1,20,5,193,57.0,944.11
922.527675,5,1,12,2,52,55.0,488.691
922.623789,1,15,29,9,197,62.0,3061.0
922.6237935,3,9,32,10,223,62.0,3325.0
922.623794,2,77,27,12,170,63.0,5165.0
922.6238125,6,24,25,7,233,58.0,1554.0
922.623817,5,5,13,2,54,56.0,769.39
925.518914,1,6,24,7,195,59.0,1990.0
925.5189155,3,10,27,8,224,60.0,2183.0
925.518917,2,2,23,8,134,60.0,3223.0
925.5189355,6,24,20,3,96,57.0,837.445
925.518942,5,17,10,2,52,55.0,466.94
925.614903,1,12,29,9,195,62.0,3015.0
925.6149045,3,13,32,10,214,63.0,3281.0
925.614905,2,77,26,12,164,62.0,5277.0
925.6149155,6,29,24,7,229,58.0,1552.0
925.614928,5,17,15,2,52,56.0,742.916
925.710651,1,9,24,7,195,60.0,1986.0
925.710652,2,75,23,9,169,61.0,3520.0
925.7106525,3,10,27,7,182,61.0,2146.0
925.7106725,6,1,20,3,96,57.0,835.694
925.710676,5,20,12,2,52,55.0,506.227
925.806389,2,5,28,12,170,62.0,5401.0
925.806389,1,9,29,8,195,62.0,3021.0
925.8063905,3,10,30,10,227,62.0,3319.0
925.8064055,6,29,27,6,195,58.0,1451.0
925.806414,5,6,15,2,60,56.0,769.644
928.697844,1,12,25,7,194,61.0,1986.0
928.6978455,3,13,28,7,199,61.0,2139.0
928.697846,2,77,21,8,135,61.0,3300.0
928.6978645,6,21,19,5,224,56.0,1006.0
928.697869,5,1,11,2,51,54.0,498.288
928.793601,2,2,26,12,173,61.0,5133.0
928.793601,1,9,28,8,195,62.0,3039.0
928.7936025,3,10,31,9,196,62.0,3255.0
928.7936175,6,29,25,6,198,58.0,1471.0
928.793626,5,20,14,2,60,57.0,789.294
928.889415,1,12,25,7,194,61.0,1990.0
928.8894165,3,13,28,7,199,61.0,2140.0
928.889417,2,9,21,8,135,61.0,3309.0
928.8894355,6,21,18,5,221,56.0,995.341
928.88944,5,43,10,2,48,54.0,479.242
931.857633,1,9,24,7,195,60.0,1992.0
931.857633,2,2,24,10,173,60.0,3663.0
931.8576345,3,13,26,7,179,60.0,2080.0
931.8576545,6,7,20,3,96,57.0,830.978
931.857658,5,20,12,2,52,55.0,500.89
931.953694,1,12,29,9,195,62.0,3039.0
931.953694,2,73,28,11,140,62.0,5182.0
931.9536955,3,13,32,10,227,62.0,3337.0
931.9537105,6,1,26,7,225,58.0,1556.0
931.953719,5,20,15,2,55,56.0,776.251
932.049417,2,80,23,9,167,61.0,3474.0
932.049418,1,12,23,7,194,60.0,1993.0
932.0494195,3,9,27,7,182,61.0,2107.0
932.0494385,6,24,20,5,221,56.0,1000.0
932.049443,5,2,11,2,51,55.0,500.21
935.013626,1,12,24,7,194,61.0,2001.0
935.0136275,3,9,28,7,182,61.0,2114.0
935.013628,2,1,21,9,164,60.0,3397.0
935.0136465,6,24,21,5,218,56.0,996.645
935.013651,5,2,10,2,54,55.0,503.817
935.109396,1,8,28,9,197,62.0,3089.0
935.109398,2,8,26,12,176,62.0,5269.0
935.1093995,3,10,31,9,196,62.0,3250.0
935.1094145,6,29,26,7,226,58.0,1548.0
935.109424,5,19,13,3,112,57.0,836.878
935.205244,1,9,25,7,195,61.0,1992.0
935.2052455,3,13,27,7,199,61.0,2163.0
935.205246,2,9,21,9,164,61.0,3240.0
935.2052655,6,1,20,5,193,57.0,948.346
935.205269,5,17,11,2,52,55.0,496.802
938.172483,1,9,25,7,195,60.0,1994.0
938.1724845,3,10,27,7,183,60.0,2116.0
938.172486,2,2,20,9,167,60.0,3428.0
938.1725045,6,24,21,3,96,57.0,836.808
938.172508,5,20,10,2,55,55.0,506.558
938.268331,1,12,29,9,195,63.0,3041.0
938.2683325,3,13,32,9,199,62.0,3251.0
938.268333,2,1,28,12,168,62.0,5241.0
938.2683475,6,1,25,7,228,58.0,1558.0
938.268356,5,17,13,2,52,56.0,749.429
938.364152,1,12,25,7,192,61.0,1978.0
938.3641535,3,13,26,7,182,61.0,2109.0
938.364154,2,9,22,8,135,61.0,3324.0
938.3641735,6,1,18,5,217,56.0,986.186
938.364177,5,1,11,2,52,54.0,502.561
941.338425,1,12,25,7,192,61.0,1987.0
941.3384265,3,13,27,7,199,61.0,2129.0
941.338427,2,9,23,8,138,60.0,3239.0
941.3384465,6,1,18,5,220,56.0,995.697
941.33845,5,1,10,2,48,54.0,492.951
941.434215,1,9,27,8,195,62.0,3074.0
941.4342165,3,10,31,10,227,62.0,3322.0
941.434218,2,2,27,11,167,62.0,5295.0
941.4342315,6,29,26,6,199,58.0,1456.0
941.43424,5,6,13,4,193,57.0,889.928
941.530257,1,12,25,7,192,61.0,1991.0
941.5302585,3,13,27,7,199,61.0,2138.0
941.530259,2,9,22,8,134,60.0,3285.0
941.5302775,6,2,19,5,218,56.0,988.49
941.530282,5,17,11,2,52,54.0,498.211
943.3180095,6,1,1,0,1,45.0,0.0
944.51925,1,12,24,7,194,60.0,2005.0
944.5192515,3,9,26,7,182,60.0,2109.0
944.519252,2,77,21,9,164,61.0,3459.0
944.5192705,6,24,21,5,194,56.0,935.44
944.519275,5,2,10,2,51,55.0,500.062
944.615092,1,12,29,9,194,63.0,3061.0
944.6150935,3,13,31,10,220,63.0,3298.0
944.615094,2,77,25,13,221,63.0,5400.0
944.6151125,6,21,25,7,230,58.0,1554.0
944.615117,5,2,14,2,51,56.0,751.539
947.63825,1,12,25,7,195,60.0,2011.0
947.638251,2,7,23,8,136,60.0,3382.0
947.6382515,3,7,28,7,182,61.0,2103.0
947.6382715,6,1,20,5,196,56.0,951.263
947.638275,5,20,11,2,52,55.0,498.204
949.4268365,6,2,17,5,107,69.0,3602.0
950.574614,1,12,29,9,195,62.0,3072.0
950.574614,2,8,26,12,170,62.0,5361.0
950.5746155,3,6,32,10,227,62.0,3305.0
950.5746305,6,1,27,7,225,58.0,1543.0
950.574639,5,20,14,2,55,56.0,776.884
950.670363,2,76,21,10,173,60.0,3617.0
950.670363,1,9,24,7,195,60.0,2014.0
950.6703645,3,7,26,7,182,61.0,2097.0
950.6703845,6,1,20,5,193,56.0,935.075
950.670388,5,20,11,2,55,55.0,512.505
953.624586,1,11,27,9,197,61.0,3133.0
953.624588,2,8,27,12,170,63.0,5399.0
953.6245895,3,10,32,10,227,62.0,3308.0
953.6246045,6,29,27,5,122,58.0,1336.0
953.624613,5,20,14,4,193,57.0,883.412
953.72063,1,12,24,7,195,60.0,2028.0
953.7206315,3,13,27,7,182,60.0,2113.0
953.720635,2,1,22,8,135,60.0,3260.0
953.7206515,6,1,20,3,96,56.0,818.117
953.720655,5,20,11,2,55,55.0,518.749
953.81637,1,12,29,9,195,63.0,3075.0
953.8163715,3,6,32,10,227,63.0,3318.0
953.816372,2,9,26,12,168,62.0,5238.0
953.8163865,6,1,27,7,225,58.0,1547.0
953.816395,5,17,13,2,52,56.0,766.359
956.718668,1,9,29,9,195,62.0,3095.0
956.718668,2,8,28,14,267,62.0,5588.0
956.7186695,3,6,32,9,199,62.0,3241.0
956.7186805,6,1,27,7,229,58.0,1558.0
956.718693,5,20,16,3,119,57.0,844.71
956.814502,1,12,25,7,194,61.0,2019.0
956.8145035,3,10,27,7,182,61.0,2109.0
956.814504,2,1,21,9,164,61.0,3373.0
956.8145225,6,24,19,5,221,56.0,990.76
956.814527,5,2,9,2,51,55.0,496.733
956.910567,1,15,29,9,197,62.0,3133.0
956.910569,2,80,26,13,227,63.0,5682.0
956.9105715,3,9,32,10,223,62.0,3302.0
956.9105855,6,29,27,7,238,58.0,1571.0
956.910595,5,5,12,4,195,57.0,886.347
957.846592,1,2,1,0,2,45.0,6.375
959.883703,1,12,29,9,195,63.0,3100.0
959.8837045,3,13,33,10,245,63.0,3322.0
959.883705,2,77,27,12,170,63.0,5400.0
959.8837235,6,21,25,7,230,58.0,1548.0
959.883728,5,1,14,2,52,56.0,759.002
959.979424,1,12,24,7,194,60.0,2025.0
959.979426,2,77,20,8,137,61.0,3435.0
959.9794275,3,7,26,7,180,61.0,2061.0
959.9794445,6,24,21,5,194,56.0,931.141
959.979449,5,2,10,2,54,55.0,509.487
960.0752,1,12,28,9,195,62.0,3105.0
960.0752,2,8,29,13,209,62.0,5519.0
960.0752015,3,6,33,10,227,63.0,3318.0
960.0752205,6,2,27,7,221,58.0,1528.0
960.075225,5,20,14,2,55,57.0,778.535
963.045461,1,12,28,9,195,63.0,3105.0
963.0454625,3,13,32,9,196,63.0,3238.0
963.045463,2,74,28,12,168,63.0,5418.0
963.0454735,6,1,27,7,232,58.0,1562.0
963.045486,5,20,13,2,60,57.0,798.818
963.141318,1,12,24,7,194,61.0,2032.0
963.1413195,3,13,27,7,182,61.0,2091.0
963.14132,2,9,22,9,164,61.0,3484.0
963.1413385,6,1,19,5,221,56.0,993.163
963.141343,5,2,11,2,51,54.0,494.677
963.2371,1,12,29,9,195,63.0,3103.0
963.2371015,3,13,32,9,199,63.0,3247.0
963.237102,2,9,26,12,164,62.0,5212.0
963.2371125,6,29,27,7,238,58.0,1578.0
963.237125,5,17,13,2,52,56.0,755.865
966.165564,1,12,29,9,195,62.0,3123.0
966.1655655,3,6,32,9,182,63.0,3243.0
966.165566,2,71,29,14,268,62.0,5537.0
966.1655805,6,1,27,7,225,58.0,1540.0
966.165589,5,20,14,3,119,57.0,854.915
966.261312,1,12,25,7,194,61.0,2036.0
966.2613135,3,13,28,7,182,61.0,2100.0
966.261314,2,9,21,9,164,60.0,3413.0
966.2613325,6,21,21,5,224,56.0,992.175
966.261337,5,2,9,2,51,54.0,495.608
966.357078,1,15,28,9,197,62.0,3177.0
966.35708,2,80,29,13,227,63.0,5659.0
966.3570815,3,10,32,10,224,62.0,3298.0
966.3570965,6,29,27,7,232,58.0,1556.0
966.357105,5,20,15,4,196,57.0,913.625
969.328494,1,15,28,9,197,62.0,3165.0
969.328499,2,77,24,13,221,63.0,5435.0
969.3285005,3,7,31,9,221,62.0,3234.0
969.3285125,6,29,28,7,229,58.0,1547.0
969.328522,5,19,13,4,192,57.0,894.266
969.424217,1,9,25,7,195,60.0,2049.0
969.424217,2,5,24,9,140,60.0,3506.0
969.4242185,3,10,27,8,224,61.0,2147.0
969.4242385,6,7,22,3,96,56.0,821.566
969.424242,5,20,10,2,55,55.0,509.988
972.44745,1,12,29,9,195,63.0,3128.0
972.4474515,3,13,34,9,211,63.0,3256.0
972.447452,2,9,28,13,207,62.0,5407.0
972.4474625,6,1,27,7,241,58.0,1579.0
972.447475,5,20,14,2,52,56.0,769.708
972.543222,1,12,25,7,194,61.0,2049.0
972.5432235,3,13,26,7,182,61.0,2087.0
972.543224,2,74,21,9,135,60.0,3307.0
972.5432425,6,21,20,5,221,56.0,990.783
972.543247,5,1,10,2,48,54.0,491.676
975.530389,1,12,29,9,194,63.0,3135.0
975.5303905,3,13,32,10,220,63.0,3289.0
975.530391,2,9,26,12,170,63.0,5259.0
975.5304045,6,29,28,7,238,57.0,1578.0
975.530414,5,2,13,2,54,56.0,780.946
975.62616,1,9,24,7,195,60.0,2057.0
975.6261615,3,10,26,7,183,61.0,2093.0
975.626165,2,3,22,8,132,61.0,3145.0
975.6261815,6,7,22,3,96,57.0,812.047
975.626185,5,20,11,2,52,56.0,507.148
975.722011,1,15,29,9,197,62.0,3180.0
975.7220145,3,10,32,9,221,62.0,3268.0
975.722016,2,2,26,12,170,62.0,5413.0
975.7220295,6,29,28,7,235,58.0,1567.0
975.722039,5,5,12,4,192,57.0,883.18
978.70526,1,8,28,9,197,62.0,3203.0
978.7052635,3,10,32,10,224,62.0,3276.0
978.705265,2,2,29,13,224,62.0,5420.0
978.7052785,6,29,28,7,226,58.0,1527.0
978.705287,5,20,14,4,193,57.0,891.687
978.801048,1,12,24,7,194,61.0,2055.0
978.8010495,3,9,26,7,182,61.0,2084.0
978.80105,2,77,22,9,164,60.0,3499.0
978.8010685,6,24,21,5,230,56.0,1017.0
978.801073,5,2,10,2,51,55.0,495.05
981.760467,1,9,25,7,195,60.0,2070.0
981.760467,2,5,23,9,140,60.0,3515.0
981.7604715,3,7,26,7,221,60.0,2094.0
981.7604885,6,24,22,3,96,57.0,815.479
981.760495,5,17,10,2,52,56.0,467.491
981.856201,1,12,28,9,195,62.0,3154.0
981.856202,2,10,30,12,175,62.0,5386.0
981.8562025,3,6,32,10,227,63.0,3291.0
981.8562175,6,1,28,6,201,58.0,1467.0
981.856226,5,20,14,2,55,57.0,777.825
981.951975,1,12,25,7,195,61.0,2070.0
981.9519765,3,13,27,7,182,61.0,2102.0
981.951977,2,9,23,8,135,61.0,3343.0
981.9519965,6,1,21,5,196,56.0,936.003
981.952,5,17,11,2,52,55.0,505.702
982.047853,1,9,28,9,194,63.0,3154.0
982.0478545,3,13,31,10,227,63.0,3289.0
982.047855,2,77,28,13,224,63.0,5459.0
982.0478655,6,29,28,7,241,58.0,1579.0
982.047878,5,2,12,2,51,56.0,756.544
984.92619,1,12,25,7,192,61.0,2061.0
984.9261915,3,13,26,7,182,61.0,2091.0
984.926192,2,74,22,10,171,61.0,3460.0
984.9262105,6,21,21,5,197,56.0,945.421
984.926215,5,17,10,2,52,55.0,514.69
985.022036,1,12,28,9,195,63.0,3162.0
985.0220375,3,13,32,9,196,63.0,3220.0
985.022038,2,77,27,13,221,62.0,5362.0
985.0220565,6,21,28,7,233,58.0,1553.0
985.022061,5,17,13,2,57,56.0,785.233
985.117903,1,5,23,7,194,60.0,2069.0
985.117905,2,1,23,9,167,60.0,3478.0
985.1179065,3,7,26,7,180,61.0,2044.0
985.1179235,6,24,21,3,114,56.0,836.682
985.117928,5,19,10,2,51,56.0,507.291
985.21397,1,15,29,9,197,62.0,3213.0
985.2139745,3,9,32,9,223,62.0,3294.0
985.213975,2,77,27,12,170,62.0,5277.0
985.2139885,6,29,29,7,232,58.0,1548.0
985.213998,5,5,13,3,112,57.0,837.518
988.134146,1,12,25,7,195,61.0,2085.0
988.134146,2,8,22,10,170,61.0,3635.0
988.1341475,3,10,27,7,183,61.0,2089.0
988.1341675,6,1,23,5,193,57.0,930.279
988.134171,5,20,11,2,52,55.0,504.66
988.229886,1,8,28,9,200,62.0,3239.0
988.2298895,3,10,31,9,221,62.0,3255.0
988.229891,2,77,29,13,221,62.0,5721.0
988.2299045,6,29,29,7,229,58.0,1546.0
988.229914,5,19,13,4,192,57.0,890.677
988.325718,1,9,24,7,195,61.0,2070.0
988.3257195,3,13,26,7,182,61.0,2086.0
988.32572,2,6,22,9,138,60.0,3386.0
988.3257395,6,1,24,5,193,56.0,937.566
988.325743,5,1,11,2,52,56.0,515.282
991.280961,1,12,25,7,194,61.0,2090.0
991.2809625,3,13,26,7,182,61.0,2079.0
991.280963,2,77,23,9,164,61.0,3494.0
991.2809815,6,24,19,5,221,56.0,986.106
991.280986,5,2,10,2,51,55.0,505.56
991.377025,1,12,28,9,194,63.0,3181.0
991.3770265,3,13,32,9,214,63.0,3246.0
991.377027,2,9,28,13,221,63.0,5518.0
991.3770455,6,21,28,7,233,57.0,1544.0
991.37705,5,2,12,2,51,56.0,755.784
991.472793,1,9,24,7,195,60.0,2094.0
991.4727945,3,10,27,8,224,61.0,2168.0
991.472796,2,5,23,9,170,60.0,3444.0
991.4728145,6,7,22,3,96,56.0,805.925
991.472821,5,17,10,2,52,56.0,471.705
994.443087,1,6,24,7,195,60.0,2093.0
994.44309,2,2,22,9,170,60.0,3462.0
994.4430915,3,7,25,7,221,61.0,2101.0
994.4431085,6,24,21,5,194,57.0,941.541
994.443115,5,17,11,2,52,56.0,462.331
994.538811,1,15,29,9,197,62.0,3237.0
994.5388155,3,9,31,9,223,62.0,3277.0
994.538816,2,77,26,12,214,63.0,5433.0
994.5388295,6,29,29,7,232,58.0,1552.0
994.538839,5,5,14,4,192,57.0,889.132
994.634612,2,8,24,9,170,60.0,3475.0
994.634612,1,6,25,7,195,60.0,2103.0
994.6346135,3,10,26,7,183,61.0,2093.0
994.6346335,6,24,22,3,114,56.0,823.684
994.63464,5,17,10,2,52,55.0,476.801
997.589078,1,12,25,7,194,61.0,2085.0
997.5890795,3,13,26,7,182,61.0,2067.0
997.58908,2,1,22,10,170,61.0,3620.0
997.5890985,6,25,20,5,230,56.0,1002.0
997.589103,5,2,9,2,51,55.0,497.327
997.68482,1,12,29,9,194,63.0,3194.0
997.6848215,3,13,31,9,211,63.0,3231.0
997.684822,2,77,27,13,221,63.0,5574.0
997.6848355,6,30,28,7,238,58.0,1553.0
997.684845,5,2,12,2,51,57.0,762.846
1000.655862,1,9,25,7,195,60.0,2093.0
1000.6558635,3,10,27,8,224,60.0,2123.0
1000.655864,2,6,22,8,135,60.0,3327.0
1000.6558835,6,1,22,3,96,57.0,804.562
1000.655887,5,20,11,2,55,56.0,521.333
1000.751981,1,9,28,9,198,62.0,3219.0
1000.751981,2,8,29,12,176,62.0,5389.0
1000.7519825,3,10,31,10,224,63.0,3297.0
1000.751995,5,31,14,3,66,57.0,827.666
1000.7519975,6,12,29,6,199,58.0,1434.0
1001.3519225,3,1,1,0,1,45.0,0.0
1003.725104,1,12,25,7,195,61.0,2106.0
1003.7251055,3,13,27,7,182,61.0,2084.0
1003.725106,2,9,21,8,135,60.0,3289.0
1003.7251255,6,1,22,5,196,56.0,929.705
1003.725129,5,17,11,2,52,55.0,499.144
1003.820838,1,12,29,9,195,63.0,3219.0
1003.8208395,3,13,33,10,224,63.0,3300.0
1003.82084,2,9,27,15,332,63.0,5837.0
1003.820849,5,34,15,3,69,56.0,834.933
1003.8208505,6,29,30,7,229,58.0,1546.0
1006.719106,1,15,30,9,197,62.0,3274.0
1006.7191105,3,9,32,9,220,62.0,3252.0
1006.719111,2,77,28,13,221,63.0,5622.0
1006.7191245,6,29,28,7,238,58.0,1563.0
1006.719134,5,5,12,2,57,57.0,796.83
1006.814943,1,12,25,7,194,61.0,2106.0
1006.8149445,3,13,25,7,182,61.0,2083.0
1006.814945,2,9,22,9,170,61.0,3559.0
1006.8149635,6,24,20,5,233,56.0,1005.0
1006.814968,5,2,9,2,51,55.0,511.11
1006.910796,1,12,28,9,194,63.0,3213.0
1006.9107975,3,13,34,9,214,63.0,3240.0
1006.910798,2,77,29,13,224,62.0,5455.0
1006.9108165,6,25,29,7,233,57.0,1550.0
1006.910821,5,2,12,2,51,56.0,766.996
1009.785165,1,12,28,9,194,63.0,3224.0
1009.7851665,3,13,32,9,217,63.0,3261.0
1009.785167,2,1,28,12,200,62.0,5434.0
1009.7851805,6,29,29,7,238,58.0,1558.0
1009.78519,5,5,12,3,112,57.0,838.379
1009.88101,1,12,26,7,194,61.0,2110.0
1009.8810115,3,10,27,7,182,61.0,2085.0
1009.881012,2,1,23,11,224,61.0,3600.0
1009.8810305,6,24,20,5,230,56.0,993.424
1009.881035,5,2,9,2,51,55.0,506.664
1009.977182,1,15,29,9,197,63.0,3294.0
1009.9771865,3,9,32,10,254,63.0,3301.0
1009.977187,2,77,30,13,224,62.0,5539.0
1009.9772005,6,29,28,7,238,58.0,1545.0
1009.97721,5,5,13,2,54,57.0,781.66
1011.5672605,6,1,1,0,1,45.0,0.0
1012.854496,1,12,29,9,195,63.0,3249.0
1012.8544975,3,6,31,10,224,63.0,3263.0
1012.854498,2,6,28,14,268,62.0,5664.0
1012.8545085,6,1,29,6,205,58.0,1464.0
1012.854521,5,20,12,2,55,57.0,800.488
1012.950244,1,9,24,7,195,60.0,2121.0
1012.950245,2,7,23,9,169,60.0,3564.0
1012.9502455,3,10,26,7,183,61.0,2082.0
1012.9502655,6,1,21,3,114,57.0,807.817
1012.950272,5,17,10,2,52,56.0,473.099
1014.8992105,3,1,1,0,1,45.0,0.0
1015.894335,1,12,29,9,198,62.0,3256.0
1015.894335,2,8,29,12,173,62.0,5302.0
1015.8943365,3,10,31,10,224,63.0,3266.0
1015.894349,5,31,12,3,66,58.0,839.151
1015.8943555,6,8,28,4,118,58.0,1273.0
1015.991175,2,8,24,10,206,61.0,3623.0
1015.991175,1,9,24,7,195,60.0,2129.0
1015.9911765,3,10,26,7,183,61.0,2086.0
1015.9911965,6,1,23,3,114,57.0,819.752
1015.9912,5,20,11,2,55,56.0,522.529
1018.952403,1,12,29,9,195,63.0,3248.0
1018.9524045,3,13,31,9,196,63.0,3218.0
1018.952405,2,9,27,12,167,62.0,5151.0
1018.9524155,6,29,31,7,229,58.0,1533.0
1018.952428,5,17,12,2,55,57.0,793.788
1019.048548,1,6,25,7,195,60.0,2140.0
1019.0485495,3,10,25,7,183,60.0,2078.0
1019.048551,2,2,21,9,167,60.0,3444.0
1019.0485695,6,24,23,3,114,56.0,813.524
1019.048576,5,17,9,2,49,56.0,465.656
1019.144323,1,12,29,9,195,63.0,3251.0
1019.1443245,3,13,31,10,227,63.0,3263.0
1019.144325,2,9,29,14,265,62.0,5659.0
1019.1443355,6,1,30,7,229,58.0,1529.0
1019.144348,5,20,13,2,55,57.0,793.585
1022.097349,1,12,28,9,194,63.0,3269.0
1022.0973505,3,13,32,9,214,63.0,3213.0
1022.097351,2,77,29,13,224,62.0,5448.0
1022.0973645,6,29,29,7,238,58.0,1556.0
1022.097374,5,5,12,2,51,57.0,773.707
1022.193435,1,12,24,7,195,61.0,2142.0
1022.1934365,3,7,25,7,183,61.0,2079.0
1022.193437,2,6,22,9,168,60.0,3438.0
1022.1934565,6,1,23,3,96,56.0,787.279
1022.19346,5,20,11,2,55,56.0,522.546
1022.289208,1,12,28,9,194,63.0,3263.0
1022.2892095,3,13,30,9,214,63.0,3252.0
1022.28921,2,77,28,13,224,62.0,5392.0
1022.2892285,6,25,29,7,233,57.0,1540.0
1022.289233,5,2,12,2,51,57.0,771.958
1022.384957,1,5,24,7,194,60.0,2143.0
1022.384959,2,77,25,9,170,60.0,3404.0
1022.3849605,3,7,25,7,180,61.0,2035.0
1022.3849775,6,24,21,5,194,56.0,927.485
1022.384982,5,19,9,2,51,56.0,512.439
1025.318183,1,12,29,9,195,63.0,3271.0
1025.3181845,3,13,32,10,310,63.0,3297.0
1025.318185,2,9,26,13,224,62.0,5404.0
1025.3182035,6,21,29,6,221,58.0,1491.0
1025.318208,5,2,12,2,52,56.0,780.057
1025.414005,1,5,24,7,194,60.0,2149.0
1025.414007,2,5,22,8,137,60.0,3320.0
1025.4140085,3,7,25,7,180,61.0,2028.0
1025.4140255,6,24,22,5,194,56.0,915.98
1025.41403,5,5,11,2,54,56.0,520.426
1025.510071,1,9,29,9,198,62.0,3300.0
1025.510071,2,5,27,13,209,62.0,5640.0
1025.5100725,3,10,31,9,224,63.0,3243.0
1025.510085,5,31,14,4,204,58.0,936.712
1025.5100875,6,12,29,6,199,58.0,1430.0
1028.490052,1,12,29,9,195,63.0,3282.0
1028.4900535,3,13,32,10,224,63.0,3250.0
1028.490054,2,9,27,12,168,62.0,5147.0
1028.4900645,6,29,31,6,205,58.0,1454.0
1028.490077,5,20,12,2,52,57.0,784.198
1028.586899,1,12,25,7,195,61.0,2146.0
1028.5869005,3,13,27,7,179,61.0,2066.0
1028.586901,2,9,22,9,164,61.0,3478.0
1028.5869205,6,1,24,5,193,56.0,924.661
1028.586924,5,1,11,2,52,56.0,513.352
1031.553179,1,8,29,9,200,62.0,3348.0
1031.553181,2,80,29,13,224,62.0,5446.0
1031.5531825,3,10,31,9,197,62.0,3203.0
1031.5531975,6,29,28,7,235,58.0,1541.0
1031.553206,5,6,13,4,193,58.0,908.732
1031.648965,1,12,24,7,195,61.0,2161.0
1031.6489665,3,13,24,7,176,61.0,2045.0
1031.648967,2,1,26,9,171,62.0,3522.0
1031.6489865,6,1,24,3,96,56.0,784.661
1031.64899,5,20,11,2,52,56.0,519.864
1034.603449,1,8,29,9,200,62.0,3354.0
1034.603451,2,80,27,13,224,62.0,5594.0
1034.6034525,3,10,30,9,221,63.0,3235.0
1034.6034675,6,29,30,7,235,58.0,1536.0
1034.603476,5,20,14,2,55,57.0,796.571
1037.570237,1,12,26,7,194,61.0,2155.0
1037.5702385,3,13,26,7,182,61.0,2068.0
1037.570239,2,1,23,9,170,60.0,3419.0
1037.5702575,6,24,22,5,197,55.0,926.843
1037.570262,5,2,9,2,48,55.0,511.755
1037.666266,1,15,29,9,197,62.0,3359.0
1037.666268,2,8,29,13,224,62.0,5543.0
1037.6662695,3,10,32,9,215,62.0,3204.0
1037.6662845,6,29,30,7,238,58.0,1547.0
1037.666293,5,6,14,2,55,58.0,800.842
1040.611343,1,12,25,7,195,61.0,2174.0
1040.6113445,3,6,26,7,183,61.0,2059.0
1040.611345,2,6,24,10,204,61.0,3527.0
1040.6113645,6,1,24,3,114,56.0,801.846
1040.611368,5,20,10,2,55,56.0,528.28
1040.707373,1,15,29,9,197,63.0,3367.0
1040.7073775,3,13,31,10,310,63.0,3301.0
1040.707378,2,77,28,13,221,62.0,5340.0
1040.7073915,6,29,29,7,238,58.0,1545.0
1040.707401,5,5,11,2,52,57.0,787.051
1043.690598,1,12,25,7,191,61.0,2160.0
1043.6905995,3,13,26,7,182,61.0,2061.0
1043.6906,2,9,23,9,170,61.0,3410.0
1043.6906185,6,24,22,5,197,56.0,925.08
1043.690623,5,2,9,2,48,55.0,512.467
1043.786422,1,15,29,9,197,63.0,3373.0
1043.7864265,3,9,30,10,310,63.0,3296.0
1043.786427,2,77,28,14,267,62.0,5662.0
1043.7864405,6,29,28,7,238,58.0,1549.0
1043.786449,5,6,12,3,113,57.0,858.462
1043.882267,1,12,25,7,194,61.0,2179.0
1043.8822685,3,9,24,7,182,61.0,2066.0
1043.882269,2,2,22,9,170,61.0,3489.0
1043.8822875,6,24,21,5,221,56.0,970.269
1043.882292,5,5,10,2,51,56.0,521.893
1046.82534,1,12,24,7,195,61.0,2182.0
1046.8253415,3,13,27,8,224,61.0,2114.0
1046.825342,2,9,23,11,230,61.0,3560.0
1046.8253605,6,1,25,3,97,56.0,785.307
1046.825365,5,1,10,3,196,55.0,608.885
1046.921648,1,15,29,9,197,62.0,3384.0
1046.92165,2,80,27,13,227,62.0,5546.0
1046.9216525,3,9,31,10,310,62.0,3292.0
1046.9216665,6,29,30,7,238,58.0,1540.0
1046.921676,5,5,12,3,112,58.0,863.588
1047.018257,2,8,25,9,173,60.0,3573.0
1047.018257,1,6,25,7,195,60.0,2190.0
1047.0182585,3,10,26,7,183,61.0,2072.0
1047.0182785,6,24,20,5,194,56.0,923.671
1047.018285,5,17,9,2,52,56.0,491.197
1049.970468,1,9,25,7,195,60.0,2192.0
1049.970468,2,8,23,10,220,60.0,3614.0
1049.9704695,3,10,25,7,183,61.0,2070.0
1049.9704895,6,7,23,3,114,56.0,811.841
1049.970493,5,20,10,2,55,56.0,519.245
1050.066535,1,12,29,9,198,63.0,3343.0
1050.0665365,3,13,32,9,221,63.0,3220.0
1050.066537,2,9,28,14,265,62.0,5505.0
1050.0665475,6,29,30,6,205,58.0,1453.0
1050.06656,5,20,13,2,52,57.0,790.852
1053.081467,1,9,25,7,195,60.0,2195.0
1053.0814715,3,7,23,7,180,61.0,2012.0
1053.081472,2,3,21,8,135,61.0,3115.0
1053.0814885,6,7,21,5,194,56.0,919.133
1053.081492,5,20,10,2,55,56.0,530.959
1053.177302,1,12,29,9,198,63.0,3365.0
1053.177302,2,5,27,12,170,62.0,5132.0
1053.1773035,3,6,31,9,221,63.0,3217.0
1053.1773145,6,1,29,7,230,58.0,1521.0
1053.177327,5,20,12,4,193,57.0,897.407
1056.145677,1,12,26,7,194,61.0,2187.0
1056.1456785,3,9,25,7,182,61.0,2063.0
1056.145679,2,1,21,11,224,61.0,3628.0
1056.1456975,6,24,23,5,200,56.0,937.965
1056.145702,5,2,10,2,51,55.0,515.31
1056.242551,1,12,29,9,198,63.0,3364.0
1056.242551,2,11,28,12,209,63.0,5495.0
1056.2425525,3,13,29,9,221,63.0,3215.0
1056.2425635,6,1,31,7,230,58.0,1519.0
1056.242576,5,20,12,4,193,57.0,913.598
1059.190558,1,12,25,7,195,61.0,2208.0
1059.1905595,3,13,23,7,183,61.0,2069.0
1059.19056,2,9,23,8,138,61.0,3330.0
1059.1905705,6,1,24,4,123,56.0,825.628
1059.190583,5,20,10,2,52,56.0,529.337
1059.286612,1,15,29,9,197,63.0,3418.0
1059.286614,2,80,30,13,227,63.0,5440.0
1059.2866165,3,9,31,10,310,63.0,3283.0
1059.2866305,6,29,30,7,235,58.0,1533.0
1059.286639,5,6,12,2,52,57.0,796.04
1062.307603,1,12,25,7,195,61.0,2204.0
1062.3076045,3,13,25,8,224,61.0,2106.0
1062.307605,2,9,22,10,224,61.0,3547.0
1062.3076235,6,2,23,3,97,56.0,785.972
1062.307628,5,20,11,2,52,56.0,530.204
1062.403475,1,8,30,9,197,62.0,3413.0
1062.403477,2,80,27,12,173,62.0,5416.0
1062.4034785,3,10,30,10,311,63.0,3274.0
1062.4034935,6,29,30,7,238,58.0,1535.0
1062.403502,5,20,13,3,113,57.0,863.36
1065.462624,1,9,25,7,195,60.0,2218.0
1065.462625,2,79,23,9,169,61.0,3537.0
1065.4626255,3,10,24,7,183,61.0,2049.0
1065.4626455,6,24,22,5,230,56.0,992.63
1065.462649,5,20,11,2,52,56.0,524.421
1065.559487,1,8,29,9,197,62.0,3421.0
1065.559489,2,80,26,13,224,62.0,5528.0
1065.5594905,3,10,30,9,215,63.0,3190.0
1065.5595055,6,29,30,7,238,58.0,1530.0
1065.559514,5,20,12,3,113,57.0,867.631
1068.605501,1,9,25,7,195,60.0,2214.0
1068.605502,2,7,22,8,139,61.0,3304.0
1068.6055025,3,10,25,7,186,61.0,2070.0
1068.6055225,6,7,22,5,194,56.0,918.998
1068.605526,5,20,10,2,55,56.0,535.789
1068.7023,1,12,29,9,198,63.0,3402.0
1068.7023015,3,6,30,9,221,63.0,3221.0
1068.702302,2,6,26,14,265,62.0,5436.0
1068.7023125,6,1,30,7,239,58.0,1540.0
1068.702325,5,20,12,4,193,57.0,921.211
1068.798451,1,6,26,7,195,60.0,2202.0
1068.798454,2,2,21,9,167,60.0,3242.0
1068.7984555,3,7,24,7,180,61.0,2015.0
1068.7984725,6,24,21,5,224,56.0,977.541
1068.798479,5,3,9,2,49,56.0,472.029
1071.812306,1,6,25,7,195,60.0,2229.0
1071.8123075,3,10,25,7,183,61.0,2056.0
1071.812309,2,5,23,10,221,61.0,3618.0
1071.8123275,6,24,20,5,194,56.0,917.217
1071.812331,5,20,10,2,52,56.0,522.095
1071.909139,1,15,30,9,197,62.0,3435.0
1071.909141,2,5,28,13,227,62.0,5446.0
1071.9091435,3,9,29,10,310,62.0,3291.0
1071.9091575,6,29,29,7,238,58.0,1531.0
1071.909167,5,5,12,3,112,57.0,870.301
1074.987394,1,12,26,7,195,61.0,2209.0
1074.9873955,3,13,26,8,224,61.0,2103.0
1074.987396,2,9,23,9,170,61.0,3365.0
1074.9874145,6,1,23,5,194,56.0,925.486
1074.987419,5,2,9,2,48,55.0,523.367
1075.084256,1,9,28,9,198,62.0,3396.0
1075.084257,2,7,29,13,223,62.0,5562.0
1075.0842575,3,10,29,10,311,62.0,3267.0
1075.0842685,6,33,29,7,242,58.0,1536.0
1075.084281,5,20,14,2,55,58.0,808.241
1078.142682,1,6,25,7,195,60.0,2218.0
1078.1426835,3,10,25,7,183,61.0,2055.0
1078.142685,2,77,22,10,224,61.0,3544.0
1078.1427035,6,24,21,5,197,56.0,923.544
1078.14271,5,17,10,2,49,56.0,476.591
1078.238952,1,12,29,9,198,63.0,3402.0
1078.2389535,3,13,30,10,314,63.0,3285.0
1078.238954,2,6,28,13,224,62.0,5372.0
1078.2389645,6,1,30,7,239,58.0,1548.0
1078.238977,5,20,12,4,193,58.0,913.804
1081.323993,1,9,26,7,195,60.0,2222.0
1081.323993,2,8,23,9,173,61.0,3451.0
1081.3239945,3,10,25,7,183,61.0,2090.0
1081.3240145,6,7,23,5,230,56.0,980.369
1081.324018,5,20,11,2,52,56.0,525.473
1084.45495,1,12,26,7,192,61.0,2203.0
1084.4549515,3,13,25,7,182,61.0,2055.0
1084.454952,2,9,22,9,164,61.0,3321.0
1084.4549705,6,25,22,3,97,56.0,779.277
1084.454975,5,2,10,2,51,55.0,514.958
1087.601681,1,12,27,7,194,61.0,2217.0
1087.6016825,3,9,24,7,182,61.0,2056.0
1087.601683,2,9,22,9,164,61.0,3329.0
1087.6017015,6,24,21,5,197,56.0,923.253
1087.601706,5,5,10,2,51,55.0,521.38
1090.757696,1,12,26,7,195,61.0,2226.0
1090.7576975,3,13,25,7,183,61.0,2063.0
1090.757698,2,9,24,9,168,62.0,3353.0
1090.7577205,6,2,23,3,93,56.0,757.486
1090.757721,5,20,10,2,52,56.0,529.589
1093.918716,1,12,25,7,195,61.0,2237.0
1093.9187175,3,13,24,7,183,61.0,2064.0
1093.918718,2,9,24,8,138,61.0,3192.0
1093.9187365,6,1,22,3,97,56.0,781.608
1093.918741,5,1,10,2,48,55.0,507.065
1097.089606,1,12,26,7,195,61.0,2231.0
1097.0896075,3,13,25,7,183,61.0,2041.0
1097.089608,2,9,25,11,227,60.0,3534.0
1097.0896305,6,2,23,4,159,56.0,828.624
1097.089631,5,2,10,2,52,55.0,523.083
1100.247547,1,6,26,7,195,60.0,2244.0
1100.2475485,3,10,25,7,183,61.0,2052.0
1100.24755,2,2,25,10,224,61.0,3507.0
1100.2475685,6,24,23,5,197,56.0,925.116
1100.247575,5,17,10,2,49,56.0,474.295
1103.423417,1,12,26,7,192,61.0,2234.0
1103.4234185,3,9,27,7,182,61.0,2032.0
1103.423419,2,1,23,10,224,60.0,3411.0
1103.4234375,6,24,23,5,197,56.0,926.675
1103.423442,5,2,10,2,51,55.0,529.331
1115.890611,2,2,24,9,173,61.0,3399.0
1115.890611,1,9,26,7,195,61.0,2265.0
1115.8906125,3,10,24,7,183,61.0,2067.0
1115.8906325,6,1,22,5,224,56.0,967.647
1115.890636,5,20,10,2,52,56.0,530.041
1138.3613825,3,1,1,0,1,45.0,0.0
1139.4905765,3,1,1,0,4,47.0,10.548
1173.0318975,3,1,3,0,12,51.0,53.838
1179.8788955,6,1,1,0,1,45.0,0.0
1179.8789045,3,1,1,0,1,46.0,0.0
1194.504717,1,1,2,0,1,47.0,0.0
1207.797955,1,1,1,0,1,45.0,0.0
1212.4039325,3,1,1,0,1,45.0,0.0
1218.3030075,3,1,1,0,1,48.0,0.0
1218.303023,1,1,1,0,1,45.0,0.0
1223.867313,1,2,2,0,13,58.0,119.764
1229.5888435,6,1,1,0,1,45.0,0.0
1234.8905605,6,2,1,0,3,46.0,8.36
1234.8946615,3,1,3,0,31,51.0,73.53
1235.1215755,3,1,1,0,1,45.0,0.0
1244.6956675,3,1,2,0,7,49.0,28.543
1255.9571835,3,1,1,0,1,45.0,0.0
1258.267697,1,1,1,0,1,47.0,0.0
1258.2677075,3,2,1,0,5,46.0,11.145
1263.1939955,6,1,1,0,1,45.0,0.0
1264.2333505,3,1,7,0,38,50.0,69.247
1269.7045885,3,1,1,0,1,45.0,0.0
1284.8123395,6,1,2,0,1,46.0,0.0
1285.8031425,6,1,1,0,1,45.0,0.0
1293.524699,1,2,1,0,3,46.0,9.452
1295.1302275,6,1,1,0,1,45.0,0.0
1295.8443475,6,2,1,0,2,45.0,6.26
1297.3147425,3,1,4,0,1,47.0,0.0
1305.6316485,3,1,3,1,93,48.0,92.788
1305.6317045,6,1,1,0,1,45.0,0.0
1315.1035275,3,46,15,4,182,54.0,610.484
1322.8601105,3,1,1,0,1,45.0,0.0
1324.7319945,3,1,6,1,73,51.0,117.504
1325.465301,1,1,1,0,1,47.0,0.0
1325.4653145,6,1,2,0,1,45.0,0.0
1328.223578,1,1,1,0,1,49.0,0.0
1328.5257935,3,2,4,0,16,50.0,51.565
1328.525892,1,1,1,0,1,46.0,0.0
1330.473159,1,1,1,0,1,45.0,0.0
1333.4181865,3,1,2,0,24,47.0,20.702
1333.4182175,6,1,2,0,1,47.0,0.0
1338.186863,5,2,2,0,17,54.0,103.426
1340.0185495,6,1,1,0,1,45.0,0.0
1345.1206325,3,1,1,0,4,45.0,7.39
1345.7122995,3,1,1,0,1,45.0,0.0
1349.7575795,3,1,1,0,1,45.0,0.0
1355.0511095,3,1,1,0,1,46.0,0.0
1362.7024325,6,1,2,0,71,46.0,48.348
1363.784161,1,2,1,0,3,47.0,10.686
1364.980771,1,1,1,0,1,45.0,0.0
1365.8717965,3,1,1,0,1,45.0,0.0
1373.553357,5,2,7,2,38,66.0,1482.0
1373.7149495,6,1,1,0,1,45.0,0.0
1376.724035,1,1,1,0,1,45.0,0.0
1376.9786765,3,1,1,0,1,45.0,0.0
1377.7047225,3,1,1,0,1,46.0,0.0
1380.0222085,6,1,1,0,1,45.0,0.0
1380.090486,1,1,1,0,1,45.0,0.0
1385.445735,1,2,1,0,3,46.0,9.266
1386.0955885,6,2,1,0,2,45.0,3.324
1386.3027105,3,1,1,0,1,47.0,0.0
1386.6032905,3,1,5,0,43,48.0,66.216
1386.603386,1,1,1,0,1,48.0,0.0
1390.8854095,6,1,2,0,8,48.0,19.33
1397.279101,1,1,1,0,1,45.0,0.0
1397.994619,1,1,1,0,1,45.0,0.0
1398.2446735,6,1,1,0,1,46.0,0.0
1403.0412455,6,1,1,0,1,45.0,0.0
1403.0772295,6,1,1,0,1,45.0,0.0
1403.308733,1,2,2,0,2,49.0,24.132
1406.1282095,6,1,1,0,1,45.0,0.0
1409.749746,2,2,3,1,22,59.0,570.842
1409.752197,1,2,3,0,9,50.0,59.519
1409.7522105,3,2,1,0,5,50.0,27.195
1415.77107,5,2,4,0,18,54.0,139.988
1418.7354175,6,1,2,0,1,46.0,0.0
1419.7320575,3,1,1,0,1,45.0,0.0
1420.484654,1,1,1,0,1,45.0,0.0
1424.227633,1,2,1,0,2,46.0,7.333
1424.968947,5,2,1,0,3,45.0,8.227
1430.4507865,6,2,1,0,5,47.0,16.215
1430.7710605,3,1,1,0,1,45.0,0.0
1430.771069,1,1,4,0,1,49.0,0.0
1430.83484,5,3,7,1,18,66.0,2001.0
1431.0500155,6,2,8,0,36,52.0,143.933
1431.050024,5,2,11,2,107,54.0,412.068
1431.050034,1,4,8,1,85,51.0,205.475
1431.0500385,3,1,6,1,63,53.0,193.94
1431.0607015,6,1,1,0,1,45.0,0.0
1431.9028285,3,1,1,0,1,45.0,0.0
1435.4593375,3,1,1,0,1,48.0,0.0
1435.8776355,3,1,3,0,4,53.0,32.375
1435.877675,1,1,2,0,1,46.0,0.0
1436.1287605,3,1,5,0,1,48.0,0.0
1436.879277,1,1,1,0,1,45.0,0.0
1437.330047,1,2,1,0,3,49.0,17.396
1437.3300695,3,1,2,0,4,48.0,10.099
1437.4514,5,2,1,0,3,47.0,8.751
1437.4671845,3,1,1,0,1,45.0,0.0
1437.467192,1,1,1,0,1,45.0,0.0
1439.3722035,3,1,1,0,1,45.0,0.0
1440.13117,1,1,1,0,1,45.0,0.0
1442.5316375,3,1,5,1,75,51.0,133.519
1442.68711,1,1,1,0,1,46.0,0.0
1443.0321875,6,1,1,0,1,47.0,0.0
1443.621936,5,2,2,0,6,52.0,67.314
1445.6827195,3,1,1,0,1,45.0,0.0
1445.936295,1,1,1,0,1,48.0,0.0
1445.9483585,3,1,2,0,48,50.0,47.906
1446.711449,1,2,3,0,2,49.0,5.064
1446.7630895,6,1,1,0,1,45.0,0.0
1448.1286775,6,1,1,0,1,45.0,0.0
1448.4651845,6,1,1,0,1,46.0,0.0
1448.8233065,3,1,2,0,1,49.0,0.0
1449.2440445,6,1,1,0,1,45.0,0.0
1449.5027045,3,1,1,0,1,45.0,0.0
1449.507886,1,1,1,0,1,47.0,0.0
1449.86586,5,2,2,0,3,50.0,16.333
1449.8987175,6,1,2,0,1,47.0,0.0
1449.929544,1,1,1,0,1,45.0,0.0
1451.8204565,6,1,1,0,4,46.0,7.609
1452.948118,1,2,2,0,2,46.0,7.837
1452.9481235,3,1,2,0,7,53.0,47.234
1454.3651515,6,1,1,0,1,45.0,0.0
1454.7353355,6,1,1,0,4,46.0,7.613
1454.7561755,6,1,1,0,1,47.0,0.0
1455.5756825,6,1,1,0,1,45.0,0.0
1455.7682355,3,1,2,0,1,51.0,0.0
1455.9538555,6,1,1,0,1,47.0,0.0
1456.178551,1,1,2,0,1,51.0,0.0
1456.4085005,3,1,1,0,1,45.0,0.0
1456.4094685,3,1,1,0,1,45.0,0.0
1458.2288365,6,1,1,0,1,45.0,0.0
1460.35052,1,1,1,0,1,45.0,0.0
1461.0602235,3,1,1,0,1,45.0,0.0
1461.4333645,3,2,9,2,109,52.0,256.562
1461.7113085,6,1,1,0,1,45.0,0.0
1462.1044775,3,1,1,0,48,46.0,40.901
1462.6372,5,2,4,1,38,62.0,398.832
1463.2912505,3,1,2,0,1,45.0,0.0
1463.291265,1,1,3,0,1,49.0,0.0
1463.9243425,3,1,1,0,4,47.0,11.822
1463.9243865,6,1,1,0,1,45.0,0.0
1464.1179965,6,1,1,0,1,45.0,0.0
1464.8594445,6,1,2,0,1,46.0,0.0
1465.221826,1,1,1,0,1,45.0,0.0
1466.3560425,6,1,2,0,1,46.0,0.0
1466.5091755,3,1,1,0,4,46.0,9.892
1467.547348,1,2,1,0,2,47.0,17.22
1467.724962,1,2,1,0,2,45.0,3.324
1467.8992945,3,1,1,0,1,45.0,0.0
1467.899318,1,2,1,0,3,46.0,8.051
1468.051376,1,2,2,0,2,49.0,31.863
1468.087785,1,1,1,0,1,45.0,0.0
1468.2546375,6,2,1,0,2,45.0,17.988
1468.458326,1,2,1,0,2,46.0,3.435
1468.8169805,6,1,4,0,16,58.0,334.53
1468.8170315,3,1,1,0,1,45.0,0.0
1469.571358,1,2,1,0,2,47.0,5.628
1470.201225,1,1,2,0,1,47.0,0.0
1470.2458675,3,1,1,0,1,45.0,0.0
1470.3232865,3,2,1,0,2,45.0,8.535
1470.985855,1,1,1,0,1,46.0,0.0
1470.9876025,3,1,1,0,1,45.0,0.0
1470.9876255,6,1,1,0,1,46.0,0.0
1471.8280325,3,1,1,0,1,45.0,0.0
1472.986697,1,2,19,10,145,74.0,10051.0
1473.189199,1,2,1,0,2,45.0,10.021
1473.9541755,3,1,1,0,1,45.0,0.0
1474.391524,1,3,1,0,4,48.0,27.412
1474.3915335,3,1,3,0,13,50.0,64.032
1474.5572535,6,1,1,0,1,45.0,0.0
1476.2908615,6,2,1,0,3,47.0,10.243
1477.41956,1,2,2,0,2,45.0,11.214
1477.427455,1,2,4,0,3,49.0,21.27
1477.761596,1,2,2,0,5,48.0,32.453
1478.161937,1,2,1,0,3,50.0,27.879
1478.1619465,3,1,1,0,1,45.0,0.0
1478.8256165,6,1,1,0,1,46.0,0.0
1479.5442345,6,2,2,0,2,47.0,24.132
1479.5442575,3,2,3,0,10,49.0,42.241
1479.544278,1,1,4,0,1,48.0,0.0
1479.6099785,6,1,1,0,1,45.0,0.0
1479.6140755,6,2,1,0,2,45.0,4.055
1479.7027495,3,2,6,1,76,52.0,210.685
1480.6491885,3,1,3,0,10,51.0,34.215
1480.9017835,3,1,1,0,1,45.0,0.0
1480.901797,1,2,1,0,3,48.0,12.188
1481.9600665,3,1,1,0,1,45.0,0.0
1481.960075,1,2,3,0,3,48.0,13.413
1482.061499,1,2,18,8,118,72.0,6964.0
1482.062168,1,2,1,0,2,46.0,3.665
1482.1321905,3,1,2,0,4,49.0,14.869
1482.3182835,3,1,1,0,1,45.0,0.0
1482.5046255,3,2,1,0,6,49.0,22.328
1482.664071,1,1,1,0,1,45.0,0.0
1482.671161,1,2,2,0,2,47.0,15.493
1482.8722775,3,1,1,0,1,45.0,0.0
1483.1685515,3,1,1,0,1,45.0,0.0
1483.969111,1,2,1,0,2,45.0,10.07
1484.006544,1,3,2,0,4,47.0,18.317
1484.1496065,6,1,2,0,8,53.0,57.748
1484.1820875,3,1,1,0,1,48.0,0.0
1484.182094,5,3,7,1,47,51.0,184.593
1484.182105,2,1,2,0,1,54.0,0.0
1484.314358,5,1,2,0,1,50.0,0.0
1485.2858215,6,2,1,0,2,46.0,3.903
1485.4510405,3,1,2,0,24,46.0,24.582
1485.4852335,3,1,7,1,39,54.0,170.323
1485.547563,1,2,3,0,3,47.0,11.256
1485.7963925,3,1,2,0,7,54.0,56.878
1485.9263655,3,1,1,0,1,45.0,0.0
1487.029688,1,1,3,0,1,48.0,0.0
1487.261798,2,1,1,0,1,50.0,0.0
1487.31271,1,3,3,0,4,50.0,22.365
1488.9079675,3,1,2,0,5,50.0,20.066
1489.274768,1,1,4,0,23,47.0,48.608
1489.2747715,6,1,2,0,1,45.0,0.0
1489.304004,1,1,1,0,1,45.0,0.0
1489.427736,1,1,1,0,1,45.0,0.0
1490.272376,1,2,1,0,3,50.0,16.379
1490.414752,1,1,1,0,1,45.0,0.0
1491.009449,1,1,4,0,1,47.0,0.0
1491.4367985,3,1,1,0,1,45.0,0.0
1492.779046,1,3,16,8,118,72.0,9347.0
1492.784221,1,1,1,0,1,45.0,0.0
1493.0681735,6,1,1,0,1,45.0,0.0
1493.2553425,3,2,9,2,135,54.0,324.629
1493.2560055,3,1,3,1,91,46.0,78.074
1493.303537,5,1,1,0,1,45.0,0.0
1493.3547285,3,5,5,0,57,51.0,112.145
1493.3547335,6,1,3,0,32,48.0,57.275
1493.354735,1,2,4,0,24,57.0,152.202
1493.35474,5,8,5,0,17,55.0,290.622
1493.354753,2,1,2,0,1,53.0,0.0
1493.429012,1,2,1,0,3,50.0,18.888
1493.5206795,6,2,3,0,3,54.0,69.06
1493.5207085,3,1,3,0,17,52.0,115.531
1493.520734,5,1,2,0,1,46.0,0.0
1493.520737,1,1,1,0,13,46.0,14.438
1493.550902,5,2,2,0,6,48.0,30.119
1496.1234765,3,1,1,0,1,46.0,0.0
1496.123491,1,1,2,0,4,47.0,10.891
1496.1235115,6,1,1,0,1,47.0,0.0
1497.26452,1,2,1,0,2,46.0,6.414
1497.466355,1,1,1,0,1,47.0,0.0
1498.547073,1,1,1,0,1,45.0,0.0
1498.9184945,3,2,3,0,40,49.0,51.739
1499.2055115,3,1,1,0,1,47.0,0.0
1499.2973815,6,1,2,0,1,45.0,0.0
1499.297384,1,2,2,0,5,48.0,24.468
1499.64117,1,2,10,2,43,65.0,1823.0
1500.4507935,6,1,1,0,1,45.0,0.0
1500.5113285,3,1,1,0,1,45.0,0.0
1500.560325,1,1,1,0,1,47.0,0.0
1500.708528,1,1,1,0,1,45.0,0.0
1500.8392655,6,1,1,0,1,45.0,0.0
1500.8759135,6,2,1,0,2,45.0,4.562
1500.920054,1,2,1,0,3,45.0,7.054
1501.1145185,3,1,3,0,10,48.0,25.571
1501.256687,1,3,2,0,4,49.0,19.939
1501.6227315,6,2,3,0,2,46.0,8.58
1501.7035355,6,2,1,0,3,47.0,9.423
1501.703536,1,1,1,0,1,45.0,0.0
1501.816754,1,2,2,0,10,49.0,61.412
1502.3154865,6,1,1,0,1,45.0,0.0
1502.404023,1,1,2,0,1,48.0,0.0
1502.485466,1,1,2,0,1,47.0,0.0
1502.4942895,3,1,1,0,1,45.0,0.0
1502.758273,1,1,2,0,1,49.0,0.0
1502.790521,1,6,12,4,79,62.0,2113.0
1503.5626785,6,1,1,0,1,45.0,0.0
1503.6342405,3,1,1,0,45,47.0,32.005
1503.8255235,3,1,1,0,1,45.0,0.0
1503.9509785,6,1,1,0,1,45.0,0.0
1504.0883425,6,1,1,0,1,45.0,0.0
1504.5336475,6,1,1,0,1,47.0,0.0
1504.6528865,3,1,1,0,1,46.0,0.0
1504.6529245,6,1,1,0,1,45.0,0.0
1504.668287,1,2,1,0,3,47.0,11.694
1504.695319,1,1,2,0,1,47.0,0.0
1504.7045825,3,2,3,0,35,51.0,96.504
1504.7286765,6,1,1,0,1,45.0,0.0
1504.8929315,6,1,1,0,1,45.0,0.0
1504.96893,1,2,2,0,2,49.0,3.695
1505.3401665,6,1,1,0,1,45.0,0.0
1505.4836385,3,1,1,0,1,45.0,0.0
1505.668522,1,1,3,0,6,47.0,16.053
1505.6755335,3,1,1,0,1,45.0,0.0
1505.770098,1,1,1,0,1,47.0,0.0
1505.8726245,6,1,1,0,4,51.0,18.672
1505.8837925,3,1,2,0,4,52.0,27.072
1505.883797,2,1,2,0,1,51.0,0.0
1505.883818,5,1,3,0,1,51.0,0.0
1505.883824,1,1,1,0,1,45.0,0.0
1505.8838455,6,1,2,0,1,45.0,0.0
1506.015023,1,2,1,0,3,56.0,54.185
1506.835003,1,1,1,0,1,45.0,0.0
1506.8404125,6,1,1,0,1,46.0,0.0
1506.8663665,6,1,1,0,1,45.0,0.0
1506.9215505,3,1,1,0,1,46.0,0.0
1507.187155,1,2,1,0,4,47.0,12.58
1507.3927465,6,1,1,0,1,46.0,0.0
1507.444152,1,2,2,0,7,49.0,43.545
1507.5144925,6,1,1,0,1,45.0,0.0
1507.587429,1,1,1,0,1,45.0,0.0
1507.7082915,3,1,1,0,1,45.0,0.0
1507.791855,1,2,1,0,2,46.0,4.529
1508.042526,1,1,1,0,1,45.0,0.0
1508.0844935,3,1,1,0,4,47.0,9.193
1508.8946455,3,1,1,0,1,45.0,0.0
1508.9231905,6,1,1,0,1,45.0,0.0
1508.984687,5,2,4,0,13,47.0,44.762
1509.12024,1,4,2,0,5,49.0,25.129
1509.224935,5,2,3,0,14,49.0,82.557
1509.2249455,3,1,1,0,1,45.0,0.0
1509.2516655,6,3,3,1,25,61.0,417.077
1509.2756125,6,1,2,0,9,57.0,83.361
1509.9134975,6,2,1,0,2,45.0,4.693
1509.988812,1,2,1,0,5,47.0,18.282
1510.015522,1,2,3,0,2,47.0,5.484
1510.082985,1,1,2,0,1,48.0,0.0
1510.09311,1,2,1,0,4,45.0,13.095
1510.5063755,6,1,1,0,1,47.0,0.0
1510.6055215,6,1,1,0,1,45.0,0.0
1510.6149375,6,20,3,0,46,47.0,57.329
1510.614959,1,1,2,0,1,49.0,0.0
1510.6959595,3,1,1,0,1,45.0,0.0
1510.7137265,6,1,1,0,1,46.0,0.0
1510.9194215,6,1,1,0,1,45.0,0.0
1511.0296905,6,1,1,0,1,45.0,0.0
1511.262481,1,3,2,0,5,49.0,30.218
1511.3888475,6,1,1,0,1,45.0,0.0
1511.4493845,6,1,1,0,1,45.0,0.0
1511.612102,1,2,3,0,2,47.0,3.665
1511.6121165,3,1,1,0,1,45.0,0.0
1511.983912,1,1,1,0,1,45.0,0.0
1512.028218,1,1,2,0,1,49.0,0.0
1512.1036025,6,1,1,0,1,46.0,0.0
1512.175309,1,3,3,0,8,53.0,84.363
1512.203957,5,2,2,0,6,48.0,36.072
1512.227248,1,3,2,0,6,49.0,35.385
1512.25402,1,2,1,0,2,50.0,17.923
1512.280259,5,2,2,0,3,48.0,9.895
1512.300108,5,4,2,0,15,51.0,90.145
1512.368749,1,1,1,0,1,45.0,0.0
1513.4320145,6,1,1,0,1,45.0,0.0
1513.635465,1,2,1,0,3,49.0,23.48
1513.6824645,3,1,1,0,1,45.0,0.0
1513.699481,1,2,3,0,3,48.0,10.281
1513.7789895,6,1,1,0,1,45.0,0.0
1513.9065125,6,1,1,0,1,45.0,0.0
1514.2453785,6,1,2,0,1,46.0,0.0
1514.7621085,6,1,1,0,1,45.0,0.0
1514.8391305,6,1,1,0,1,46.0,0.0
1515.0203355,3,1,2,0,1,46.0,0.0
1515.1226585,3,1,1,0,4,49.0,18.325
1515.1226995,6,1,2,0,1,46.0,0.0
1515.218666,1,1,4,0,67,47.0,78.946
1515.268,1,6,3,0,7,49.0,42.837
1515.2722985,6,1,1,0,1,45.0,0.0
1515.3517675,6,1,1,0,1,45.0,0.0
1515.361732,1,2,3,0,2,51.0,54.975
1515.3735405,6,1,2,0,4,55.0,42.819
1515.3767795,6,1,2,0,4,54.0,30.77
1515.4106935,6,2,1,0,3,49.0,32.445
1516.0944025,6,1,1,0,1,45.0,0.0
1516.1185135,6,1,1,0,1,45.0,0.0
1516.249349,1,1,2,0,1,47.0,0.0
1516.2493635,6,1,1,0,1,45.0,0.0
1516.293687,1,2,1,0,3,49.0,15.112
1516.396138,1,1,1,0,1,45.0,0.0
1516.530177,1,1,1,0,1,45.0,0.0
1516.6313455,6,1,2,0,1,47.0,0.0
1517.0387775,6,1,1,0,1,45.0,0.0
1517.065273,1,1,1,0,1,45.0,0.0
1517.0786275,6,1,1,0,1,46.0,0.0
1517.2838515,6,2,1,0,3,46.0,8.507
1517.502966,1,1,1,0,1,45.0,0.0
1517.568834,1,2,1,0,2,45.0,4.179
1517.707722,1,1,1,0,1,45.0,0.0
1517.788175,1,3,19,10,161,75.0,13337.0
1517.8039015,3,1,1,0,1,46.0,0.0
1517.813337,1,2,1,0,2,45.0,7.169
1517.8374305,6,1,1,0,1,46.0,0.0
1517.861713,1,1,1,0,1,46.0,0.0
1517.9363815,3,1,3,0,87,48.0,81.643
1517.961833,1,2,1,0,2,45.0,8.402
1517.9632645,6,1,1,0,1,47.0,0.0
1518.217949,1,1,1,0,1,45.0,0.0
1518.28318,1,2,2,0,3,46.0,7.46
1518.299251,1,2,2,0,3,53.0,28.157
1518.3355765,6,1,1,0,1,45.0,0.0
1518.3647965,6,1,2,0,4,49.0,16.941
1518.3891805,6,2,1,0,2,45.0,13.8
1518.434153,1,2,1,0,2,48.0,6.886
1518.44492,1,1,5,0,33,48.0,77.278
1518.4449395,6,1,2,0,5,48.0,13.795
1518.445585,1,2,1,0,3,45.0,7.629
1519.071827,1,1,4,0,4,49.0,10.418
1519.0850955,3,1,2,0,4,50.0,18.921
1519.2922445,6,1,1,0,1,45.0,0.0
1519.326539,1,2,1,0,3,45.0,8.067
1519.522861,1,1,1,0,1,47.0,0.0
1519.7415495,3,1,1,0,1,47.0,0.0
1519.7988375,6,1,1,0,1,45.0,0.0
1519.8335585,3,1,1,0,1,45.0,0.0
1519.836581,2,3,15,7,149,68.0,4521.0
1519.8604835,3,1,1,0,1,45.0,0.0
1519.9423645,6,1,2,0,4,47.0,9.357
1519.9641335,6,1,1,0,1,45.0,0.0
1520.0217325,3,1,2,0,8,51.0,29.403
1520.1705135,6,2,1,0,2,45.0,3.324
1520.255258,1,2,1,0,3,48.0,10.523
1520.27873,1,3,3,0,4,49.0,21.967
1520.44614,1,2,29,24,254,81.0,58207.0
1520.611121,1,1,1,0,1,47.0,0.0
1520.680779,1,2,1,0,2,45.0,5.064
1520.860412,1,1,2,0,1,49.0,0.0
1520.9126265,6,1,1,0,1,45.0,0.0
1520.9336545,6,1,1,0,1,46.0,0.0
1520.940711,1,3,3,0,4,49.0,22.586
1520.9407375,6,1,1,0,1,45.0,0.0
1520.9955475,3,1,1,0,1,46.0,0.0
1521.0274465,3,1,7,0,30,48.0,61.863
1521.3297935,3,1,1,0,1,45.0,0.0
1521.329807,5,1,1,0,1,45.0,0.0
1521.329816,1,1,1,0,1,45.0,0.0
1521.3298375,6,1,1,0,1,45.0,0.0
1521.332206,1,2,4,0,24,55.0,179.394
1521.346076,1,2,4,0,39,54.0,163.203
1521.361231,1,2,1,0,4,47.0,25.15
1521.36234,1,2,1,0,2,45.0,3.435
1521.376694,1,6,6,1,41,60.0,609.309
1521.378595,1,4,2,0,5,51.0,41.764
1521.400763,1,1,1,0,1,46.0,0.0
1521.413749,1,1,2,0,7,56.0,88.032
1521.4437885,3,2,1,0,4,55.0,62.239
1522.191185,1,1,1,0,1,49.0,0.0
1522.3746955,6,1,1,0,1,45.0,0.0
1522.417969,1,2,1,0,2,47.0,5.064
1522.4786525,6,1,1,0,1,45.0,0.0
1522.506826,1,1,1,0,1,45.0,0.0
1522.611724,1,1,2,0,1,45.0,0.0
1522.793475,1,2,1,0,2,45.0,8.535
1523.060275,1,2,2,0,3,47.0,11.667
1523.0736655,6,2,1,0,2,45.0,4.562
1523.2772955,3,1,1,0,1,47.0,0.0
1523.5142665,6,1,1,0,1,45.0,0.0
1523.705176,5,6,41,14,269,67.0,5532.0
1523.797606,1,2,1,0,3,47.0,8.871
1523.8628885,3,5,3,0,14,53.0,116.414
1523.909605,1,1,4,0,28,49.0,54.446
1523.9288065,3,1,1,0,1,48.0,0.0
1523.931473,1,1,1,0,1,47.0,0.0
1523.9850885,3,2,5,0,21,54.0,166.758
1524.1600625,3,2,1,0,2,45.0,8.535
1524.184783,1,2,1,0,3,48.0,9.134
1524.2006985,6,1,1,0,1,45.0,0.0
1524.354526,1,1,1,0,1,45.0,0.0
1524.360043,1,4,40,86,420,91.0,671235.0
1524.360059,2,7,27,13,164,67.0,8449.0
1524.3600605,3,13,25,7,198,65.0,2774.0
1524.36007,5,36,29,8,210,62.0,2959.0
1524.3600795,6,2,25,6,152,63.0,2224.0
1524.376654,1,2,10,3,61,67.0,2310.0
1524.39211,1,3,4,0,32,54.0,185.381
1524.431449,5,2,1,0,2,51.0,16.967
1524.46167,1,2,4,1,41,60.0,499.111
1524.504026,1,2,2,0,9,58.0,130.112
1524.535146,1,3,3,0,38,55.0,164.745
1524.561959,5,2,7,1,105,58.0,278.763
1524.56198,1,1,1,0,1,45.0,0.0
1524.5619815,6,1,3,0,13,54.0,62.241
1524.5619905,3,1,1,0,1,45.0,0.0
1524.562005,2,2,1,0,3,51.0,24.937
1525.3522105,6,1,1,0,1,45.0,0.0
1525.5028595,6,1,2,0,1,47.0,0.0
1525.523378,1,1,1,0,10,49.0,25.901
1525.7679065,6,1,1,0,1,45.0,0.0
1525.7679225,3,1,1,0,1,45.0,0.0
1525.7967045,6,1,2,0,1,47.0,0.0
1526.140246,1,23,33,16,299,69.0,10518.0
1526.140246,5,30,45,17,189,68.0,10402.0
1526.140248,2,8,30,16,198,71.0,10734.0
1526.2689665,3,1,2,0,4,50.0,20.149
1526.3638315,6,2,1,0,2,45.0,9.125
1526.5010345,6,1,2,0,4,45.0,8.48
1526.508369,1,11,6,1,100,49.0,135.902
1526.524127,1,2,1,0,2,45.0,4.4
1526.5440285,6,1,2,0,6,47.0,11.749
1526.5603125,3,1,3,0,10,51.0,65.812
1526.560346,1,2,4,0,36,48.0,58.335
1526.596018,1,1,1,0,1,49.0,0.0
1526.646601,1,1,1,0,1,45.0,0.0
1526.6708535,3,1,2,0,7,51.0,36.932
1526.7144175,3,1,1,0,1,45.0,0.0
1526.776071,1,2,1,0,3,47.0,9.387
1526.78843,1,1,2,0,1,48.0,0.0
1526.8379795,3,1,1,0,1,45.0,0.0
1527.00362,1,1,1,0,1,45.0,0.0
1527.007606,1,1,1,0,1,45.0,0.0
1527.026332,1,1,1,0,6,48.0,13.809
1527.158257,1,2,1,0,3,45.0,8.051
1527.3185175,3,1,4,1,76,53.0,139.036
1527.348489,1,2,2,0,2,48.0,10.659
1527.3556505,3,1,3,0,16,52.0,58.192
1527.4022,1,1,1,0,1,47.0,0.0
1527.4318495,6,1,1,0,1,47.0,0.0
1527.460778,5,6,4,0,7,51.0,62.342
1527.4684435,6,1,1,0,1,45.0,0.0
1527.484794,1,6,11,4,63,67.0,3642.0
1527.542065,1,1,1,0,1,45.0,0.0
1527.602785,5,1,1,0,1,45.0,0.0
1527.664064,1,1,2,0,1,47.0,0.0
1527.666174,5,1,7,1,28,57.0,485.221
1528.2472095,6,1,4,1,85,47.0,88.414
1528.280736,1,1,6,0,1,48.0,0.0
1528.2807445,3,1,5,0,13,49.0,45.294
1528.2815185,6,1,3,0,7,46.0,13.821
1528.3510905,6,2,1,0,2,46.0,14.547
1528.367369,1,2,1,0,5,49.0,32.154
1528.461513,1,1,1,0,1,45.0,0.0
1528.515421,1,1,1,0,1,45.0,0.0
1528.659813,1,5,17,9,142,71.0,8891.0
1528.6803105,6,2,1,0,2,45.0,5.52
1528.7253415,3,2,1,0,2,45.0,6.222
1528.832449,1,1,2,0,1,47.0,0.0
1528.9098725,6,1,1,0,1,45.0,0.0
1528.922447,1,2,1,0,3,48.0,11.308
1528.9322865,3,1,1,0,1,45.0,0.0
1529.0415725,3,1,1,0,1,45.0,0.0
1529.0917025,3,1,1,0,1,45.0,0.0
1529.124676,1,1,2,0,1,49.0,0.0
1529.130848,1,2,1,0,3,48.0,10.281
1529.18909,1,3,35,27,171,83.0,83440.0
1529.195573,1,1,2,0,1,49.0,0.0
1529.2503365,3,1,2,0,1,47.0,0.0
1529.326724,1,48,5,1,51,49.0,115.942
1529.3267425,3,2,1,0,3,45.0,6.996
1529.3267445,6,1,3,0,26,47.0,42.69
1529.4422305,3,1,1,0,4,49.0,15.246
1529.5019035,6,1,1,0,1,46.0,0.0
1529.523331,1,1,1,0,1,45.0,0.0
1529.6471815,6,1,1,0,1,45.0,0.0
1529.658076,1,1,1,0,1,46.0,0.0
1529.755769,1,1,1,0,1,47.0,0.0
1529.8367535,6,1,1,0,1,45.0,0.0
1529.8810655,3,1,1,0,1,45.0,0.0
1529.8821155,3,1,1,0,1,45.0,0.0
1529.922999,1,5,23,17,129,79.0,44719.0
1529.9817865,3,1,2,0,4,49.0,7.725
1530.000058,1,1,1,0,1,45.0,0.0
1530.072564,1,2,1,0,3,47.0,13.295
1530.1588815,6,1,1,0,1,45.0,0.0
1530.2576855,6,2,1,0,3,46.0,7.46
1530.273656,1,4,1,0,5,48.0,40.646
1530.393168,1,2,1,0,3,49.0,14.19
1530.5631145,3,1,1,0,1,45.0,0.0
1530.563132,1,1,1,0,1,48.0,0.0
1530.5971475,6,1,1,0,5,47.0,13.653
1530.612729,1,4,4,0,39,57.0,215.138
1530.62708,1,1,2,0,1,50.0,0.0
1530.680415,5,1,3,0,1,52.0,0.0
1530.6982185,6,2,1,0,2,45.0,7.374
1530.7112255,6,1,1,0,1,45.0,0.0
1530.7189365,6,1,2,0,1,47.0,0.0
1530.7738795,6,1,3,0,6,55.0,54.963
1530.799819,1,2,1,0,2,45.0,3.435
1530.8077365,6,1,1,0,1,46.0,0.0
1531.3955075,3,1,1,0,5,47.0,11.452
1531.4295525,6,1,1,0,1,45.0,0.0
1531.4405465,3,1,7,1,117,49.0,169.056
1531.4497075,3,1,2,0,9,50.0,38.424
1531.549248,1,1,1,0,1,45.0,0.0
1531.625361,1,1,1,0,1,47.0,0.0
1531.6394335,6,2,1,0,2,45.0,4.562
1531.6497335,3,1,2,0,1,45.0,0.0
1531.788523,1,1,2,0,1,47.0,0.0
1531.839256,1,1,1,0,1,45.0,0.0
1531.8587565,6,1,2,0,1,47.0,0.0
1531.8625295,6,1,1,0,1,45.0,0.0
1531.8922875,3,1,1,0,1,45.0,0.0
1531.8978535,6,1,1,0,1,45.0,0.0
1531.9240695,6,1,1,0,1,45.0,0.0
1532.018823,1,1,1,0,1,45.0,0.0
1532.0748655,6,1,1,0,1,46.0,0.0
1532.1260215,3,1,1,0,1,45.0,0.0
1532.132959,1,1,1,0,1,48.0,0.0
1532.244563,1,1,2,0,1,48.0,0.0
1532.363952,1,1,1,0,1,45.0,0.0
1532.4557075,6,1,1,0,1,45.0,0.0
1532.4594515,3,1,1,0,1,45.0,0.0
1532.4811705,6,1,1,0,1,45.0,0.0
1532.4889625,3,1,3,0,14,51.0,86.486
1532.5207835,3,1,1,0,1,46.0,0.0
1532.520811,1,1,2,0,1,47.0,0.0
1532.5749175,6,1,1,0,1,45.0,0.0
1532.5758015,3,1,5,0,11,54.0,117.271
1532.586364,1,1,1,0,1,48.0,0.0
1532.593139,1,1,1,0,1,45.0,0.0
1532.649508,1,2,3,0,3,48.0,13.351
1532.7374025,3,2,2,0,3,51.0,18.593
1532.7802225,3,1,2,0,5,48.0,19.451
1532.804666,1,2,1,0,3,45.0,6.705
1532.8296185,6,1,1,0,1,45.0,0.0
1532.901721,1,1,2,0,1,49.0,0.0
1533.0106025,6,1,1,0,1,45.0,0.0
1533.0159055,3,1,1,0,1,45.0,0.0
1533.256918,1,2,9,4,76,69.0,2800.0
1533.2797865,6,1,1,0,1,46.0,0.0
1533.3546655,3,1,9,2,151,53.0,378.225
1533.634138,1,1,1,0,1,45.0,0.0
1533.703697,1,2,2,0,5,54.0,67.916
1533.7086435,6,2,3,0,16,51.0,60.679
1533.710085,1,1,2,0,1,50.0,0.0
1533.7269465,6,2,3,0,19,61.0,474.827
1533.730426,1,3,3,0,4,51.0,26.543
1533.799198,1,1,1,0,1,47.0,0.0
1533.812591,5,1,1,0,1,47.0,0.0
1533.8429435,6,1,3,0,1,48.0,0.0
1533.8429455,3,1,2,0,8,49.0,26.668
1533.885579,5,2,5,0,6,55.0,94.17
1533.924482,1,1,1,0,1,47.0,0.0
1533.9449665,6,1,1,0,1,48.0,0.0
1533.9737705,6,1,1,0,5,57.0,86.913
1534.018075,5,1,5,0,6,56.0,79.973
1534.0180985,6,2,4,0,7,48.0,23.077
1534.6149415,3,7,2,0,9,52.0,67.046
1534.6150205,6,1,1,0,1,45.0,0.0
1534.6528855,6,1,1,0,1,45.0,0.0
1534.65712,1,1,2,0,4,46.0,10.793
1534.7016975,3,1,1,0,1,45.0,0.0
1534.7453535,3,4,2,0,10,52.0,46.443
1534.745371,1,1,1,0,1,48.0,0.0
1534.7453885,6,1,1,0,1,46.0,0.0
1534.8161525,6,2,2,0,2,47.0,4.305
1534.8195875,6,1,2,0,1,46.0,0.0
1534.835329,1,1,1,0,1,46.0,0.0
1534.8392025,3,3,5,0,26,53.0,144.64
1534.8653785,6,1,1,0,1,45.0,0.0
1534.866169,5,4,21,8,138,68.0,6652.0
1534.8661925,3,1,8,1,124,52.0,218.563
1534.9082095,6,1,2,0,1,46.0,0.0
1534.9199675,6,1,1,0,1,45.0,0.0
1534.9322405,6,1,1,0,1,46.0,0.0
1534.936694,1,1,1,0,1,47.0,0.0
1534.9464345,6,1,2,0,1,47.0,0.0
1534.96933,1,2,1,0,3,47.0,9.267
1535.0788985,6,1,1,0,1,45.0,0.0
1535.0845865,3,2,4,0,37,50.0,75.327
1535.169601,1,1,2,0,1,45.0,0.0
1535.1749205,6,1,1,0,1,45.0,0.0
1535.202303,1,4,2,0,5,49.0,24.793
1535.218098,1,1,1,0,1,46.0,0.0
1535.227949,5,12,20,7,170,66.0,3741.0
1535.2279755,3,1,8,1,83,54.0,245.088
1535.2607435,6,1,1,0,1,45.0,0.0
1535.275923,1,1,3,0,36,49.0,64.9
1535.310539,1,1,2,0,1,48.0,0.0
1535.3521965,6,1,1,0,7,46.0,11.859
1535.374035,1,2,2,0,37,48.0,46.765
1535.4549165,6,1,1,0,1,45.0,0.0
1535.498835,1,1,1,0,1,46.0,0.0
1535.5598915,6,2,1,0,2,45.0,3.665
1535.574766,1,1,1,0,1,48.0,0.0
1535.595014,1,2,1,0,3,46.0,8.067
1535.8591695,3,1,3,0,4,50.0,8.339
1535.8591905,6,1,4,0,1,47.0,0.0
1535.864682,1,1,1,0,1,45.0,0.0
1535.928598,1,3,31,17,174,78.0,29633.0
1535.9286235,3,1,3,0,6,54.0,56.26
1535.963182,1,3,3,0,5,47.0,32.043
1535.9860215,3,1,2,0,4,52.0,28.608
1535.986027,1,1,3,0,1,48.0,0.0
1536.009943,1,1,2,0,1,48.0,0.0
1536.084423,1,1,1,0,1,48.0,0.0
1536.103412,1,2,3,0,30,47.0,44.762
1536.1435365,3,1,1,0,1,45.0,0.0
1536.143543,1,1,3,0,22,49.0,60.591
1536.166344,1,3,81,138,679,95.0,1404000.0
1536.166359,2,23,29,15,153,69.0,10923.0
1536.174937,1,2,1,0,3,46.0,10.263
1536.2128335,6,1,1,0,1,45.0,0.0
1536.2528305,6,1,1,0,1,45.0,0.0
1536.2666395,6,1,1,0,1,46.0,0.0
1536.2799165,3,1,2,0,5,50.0,22.378
1536.2799905,6,1,2,0,1,46.0,0.0
1536.3018595,3,1,2,0,1,47.0,0.0
1536.346791,1,1,2,0,35,47.0,34.613
1536.4209115,6,1,1,0,1,45.0,0.0
1536.4561745,3,2,1,0,5,47.0,12.338
1536.4666345,6,1,1,0,1,45.0,0.0
1536.4716165,6,1,1,0,1,45.0,0.0
1536.5523975,3,2,9,2,94,52.0,281.793
1536.5762465,6,1,1,0,1,45.0,0.0
1536.5774685,6,1,1,0,1,47.0,0.0
1536.5898535,6,1,1,0,1,46.0,0.0
1536.5908005,3,1,1,0,1,45.0,0.0
1536.5990455,6,1,1,0,1,45.0,0.0
1536.6989995,6,1,1,0,1,45.0,0.0
1536.7440035,6,2,1,0,3,46.0,13.15
1536.856709,1,1,1,0,1,45.0,0.0
1536.8567115,6,1,1,0,1,45.0,0.0
1536.8660045,6,1,1,0,1,45.0,0.0
1536.871708,1,3,3,0,37,49.0,88.3
1536.87812,1,2,2,0,7,47.0,26.698
1536.895822,5,1,4,0,38,52.0,130.121
1536.8958475,6,1,1,0,1,45.0,0.0
1536.90759,1,1,1,0,1,45.0,0.0
1536.9130085,6,2,2,0,11,55.0,72.803
1536.9305305,6,2,1,0,2,45.0,10.07
1536.955844,5,3,25,8,205,64.0,3177.0
1536.9558445,3,1,11,3,150,59.0,601.145
1536.955845,1,32,33,8,191,60.0,2522.0
1536.9558535,6,11,23,7,176,66.0,3075.0
1536.955859,2,23,17,8,197,63.0,2589.0
1536.995498,1,2,2,0,4,47.0,12.139
1537.000165,1,4,5,1,44,58.0,304.8
1537.018476,5,3,2,0,6,48.0,30.126
1537.052052,1,2,28,11,164,70.0,7660.0
1537.05206,2,37,15,5,87,61.0,1851.0
1537.0520645,3,3,13,3,114,58.0,649.82
1537.0520725,6,7,16,4,135,60.0,1002.0
1537.052077,5,30,22,4,131,56.0,1086.0
1537.052863,5,2,3,0,2,50.0,6.108
1537.0617095,6,1,1,0,1,45.0,0.0
1537.1078755,6,2,5,0,34,53.0,105.133
1537.107881,1,1,3,0,1,48.0,0.0
1537.107883,5,1,10,1,82,51.0,188.504
1537.1078865,3,1,1,0,1,45.0,0.0
1537.120426,1,1,1,0,1,45.0,0.0
1537.1250645,6,1,1,0,1,45.0,0.0
1537.1339885,6,1,2,0,10,56.0,98.61
1537.134015,1,1,3,0,1,47.0,0.0
1537.780471,1,1,1,0,1,47.0,0.0
1537.8246435,3,1,4,0,12,50.0,57.137
1537.899503,1,1,1,0,1,45.0,0.0
1538.0816515,6,1,1,0,1,46.0,0.0
1538.1169445,6,2,1,0,2,45.0,9.263
1538.1701465,6,1,1,0,1,45.0,0.0
1538.211969,1,1,1,0,1,45.0,0.0
1538.255799,1,4,18,5,133,70.0,3413.0
1538.2791575,3,1,1,0,4,47.0,9.377
1538.3805685,6,1,1,0,4,47.0,10.175
1538.39654,1,1,1,0,1,49.0,0.0
1538.3969555,3,1,1,0,1,45.0,0.0
1538.426156,1,2,2,0,3,48.0,12.502
1538.5523815,3,1,1,0,1,47.0,0.0
1538.6070115,3,1,1,0,1,45.0,0.0
1538.6070505,6,1,1,0,1,45.0,0.0
1538.8325635,6,1,1,0,1,46.0,0.0
1538.8379345,6,1,2,0,4,47.0,9.735
1538.888413,1,1,1,0,1,47.0,0.0
1538.9705615,6,1,1,0,1,45.0,0.0
1538.996022,1,1,1,0,1,48.0,0.0
1539.0109395,6,1,1,0,1,45.0,0.0
1539.2293315,6,1,2,0,1,47.0,0.0
1539.236116,1,1,4,0,1,48.0,0.0
1539.2361365,3,1,1,0,1,45.0,0.0
1539.25087,5,2,25,25,231,82.0,71221.0
1539.2508995,3,37,10,2,81,53.0,284.424
1539.2611435,3,1,3,0,14,48.0,36.838
1539.2733505,6,1,3,0,1,47.0,0.0
1539.3188655,3,2,1,0,47,47.0,40.472
1539.327804,1,1,1,0,1,45.0,0.0
1539.391814,1,1,1,0,1,45.0,0.0
1539.422948,1,2,1,0,5,49.0,23.904
1539.4265465,6,1,6,2,29,67.0,1481.0
1539.4531035,6,1,1,0,1,45.0,0.0
1539.459542,1,2,9,4,64,71.0,3884.0
1539.4969035,6,1,2,0,1,47.0,0.0
1539.5356315,6,1,1,0,4,46.0,7.803
1539.542554,1,1,3,0,1,49.0,0.0
1539.5425615,3,1,1,0,1,46.0,0.0
1539.5484865,6,1,1,0,1,45.0,0.0
1539.5541585,3,1,9,1,92,51.0,223.351
1539.6012885,6,1,1,0,1,45.0,0.0
1539.7824595,3,1,1,0,1,45.0,0.0
1539.7876895,6,1,1,0,1,45.0,0.0
1539.7988175,6,1,2,0,1,46.0,0.0
1539.817638,1,2,1,0,33,48.0,38.964
1539.9315405,6,1,3,0,41,47.0,58.551
1539.9840795,6,1,1,0,1,45.0,0.0
1540.02545,1,1,1,0,1,45.0,0.0
1540.0304995,6,2,1,0,2,47.0,7.667
1540.0361615,6,1,1,0,1,45.0,0.0
1540.0939655,6,1,1,0,1,48.0,0.0
1540.105886,1,2,1,0,2,51.0,7.71
1540.1058965,3,1,2,0,4,48.0,11.178
1540.1059125,6,1,2,0,4,50.0,13.039
1540.1106885,6,18,5,1,21,63.0,692.528
1540.1450315,6,1,3,0,17,56.0,92.104
1540.145838,5,2,4,0,6,50.0,43.147
1540.1585855,6,2,4,1,24,62.0,452.12
1540.2333525,6,1,2,0,1,46.0,0.0
1540.242038,1,6,8,1,79,51.0,171.995
1540.2420395,3,1,5,0,21,53.0,176.361
1540.2420425,6,1,8,1,94,52.0,172.14
1540.242061,5,2,3,0,2,48.0,5.237
1540.244895,1,7,40,19,241,75.0,19300.0
1540.244896,2,38,27,13,230,63.0,5890.0
1540.244905,5,27,35,11,229,62.0,4574.0
1540.2449095,3,15,17,4,169,59.0,890.711
1540.2449185,6,2,26,8,195,65.0,3097.0
1540.244941,4,1,3,0,1,50.0,0.0
1540.2801565,3,1,1,0,4,46.0,9.936
1540.280158,5,2,1,0,3,48.0,12.451
1540.301234,5,3,3,0,20,50.0,68.3
1540.301284,1,1,1,0,1,45.0,0.0
1540.3101035,6,1,1,0,1,45.0,0.0
1540.9106865,3,2,4,0,14,54.0,120.752
1540.910701,1,1,1,0,1,45.0,0.0
1540.9438025,6,1,1,0,1,45.0,0.0
1540.9494015,6,1,1,0,4,47.0,9.584
1540.9510825,6,1,1,0,1,45.0,0.0
1540.962376,1,3,15,4,92,69.0,3122.0
1540.972973,1,1,1,0,1,47.0,0.0
1541.0161235,6,1,1,0,1,46.0,0.0
1541.0265655,6,1,1,0,1,45.0,0.0
1541.0832955,3,1,1,0,1,45.0,0.0
1541.1191465,6,1,1,0,1,45.0,0.0
1541.124415,1,2,1,0,3,49.0,16.499
1541.1422805,3,2,3,0,5,53.0,36.248
1541.1539965,6,1,1,0,1,45.0,0.0
1541.2131025,6,1,1,0,1,45.0,0.0
1541.280617,1,2,1,0,2,45.0,3.352
1541.3571595,6,1,1,0,1,45.0,0.0
1541.3726465,6,1,1,0,1,45.0,0.0
1541.398401,1,1,1,0,1,45.0,0.0
1541.4732095,6,1,2,0,1,46.0,0.0
1541.473243,1,2,1,0,2,48.0,7.169
1541.473997,1,1,1,0,1,45.0,0.0
1541.4851375,6,1,2,0,1,45.0,0.0
1541.5159025,6,1,1,0,1,45.0,0.0
1541.5184435,6,1,2,0,1,45.0,0.0
1541.5219195,6,1,1,0,1,47.0,0.0
1541.6171525,6,2,2,0,2,47.0,5.098
1541.6434135,3,1,1,0,1,45.0,0.0
1541.661776,1,1,1,0,1,49.0,0.0
1541.6634725,6,1,1,0,1,45.0,0.0
1541.6657205,3,2,4,0,8,54.0,80.046
1541.6834465,6,2,2,0,2,47.0,8.226
1541.687442,1,1,2,0,22,48.0,50.418
1541.714717,1,1,1,0,4,46.0,8.581
1541.7539705,3,1,1,0,1,45.0,0.0
1541.9119585,3,1,6,1,81,53.0,181.057
1541.916637,1,5,19,12,142,75.0,18698.0
1541.921751,1,2,13,5,64,70.0,5145.0
1542.0095105,6,1,1,0,1,45.0,0.0
1542.116238,1,1,1,0,1,45.0,0.0
1542.1281775,6,1,1,0,1,45.0,0.0
1542.1591015,3,3,2,0,11,53.0,85.129
1542.1859635,3,1,1,0,1,45.0,0.0
1542.1883975,3,1,1,0,1,45.0,0.0
1542.1917445,6,1,1,0,1,45.0,0.0
1542.2539435,6,1,1,0,1,45.0,0.0
1542.317749,1,2,2,0,3,49.0,14.19
1542.343845,1,1,2,0,1,47.0,0.0
1542.3495805,6,2,1,0,2,46.0,6.07
1542.3730035,3,1,1,0,1,45.0,0.0
1542.37301,1,1,1,0,1,46.0,0.0
1542.382487,1,1,1,0,1,45.0,0.0
1542.432623,1,1,1,0,1,45.0,0.0
1542.4339145,6,1,1,0,1,45.0,0.0
1542.4446285,3,1,1,0,1,45.0,0.0
1542.537082,1,2,36,39,222,83.0,157937.0
1542.5370995,3,1,6,0,24,52.0,107.283
1542.5664455,3,1,2,0,11,48.0,31.396
1542.5852335,6,1,1,0,1,45.0,0.0
1542.673236,1,2,7,1,61,49.0,128.59
1542.732205,1,2,3,0,5,47.0,21.526
1542.7322155,3,2,1,0,2,45.0,4.025
1542.7646735,3,1,2,0,44,52.0,72.37
1542.79242,1,1,1,0,1,45.0,0.0
1542.8195485,3,1,1,0,1,45.0,0.0
1542.8383485,6,1,1,0,1,47.0,0.0
1542.8836635,6,1,1,0,1,45.0,0.0
1543.019426,1,1,1,0,1,45.0,0.0
1543.0656185,6,1,1,0,1,45.0,0.0
1543.198793,1,1,13,2,91,53.0,385.411
1543.198801,2,1,8,2,65,56.0,404.486
1543.198802,5,1,11,2,125,57.0,391.765
1543.1988045,3,14,10,3,202,58.0,658.075
1543.1988065,6,2,18,4,141,58.0,981.39
1543.204957,5,2,8,1,44,62.0,776.952
1543.204968,1,2,5,0,35,50.0,94.861
1543.2049725,3,15,4,1,85,50.0,112.988
1543.2049775,6,2,10,2,111,55.0,315.01
1543.2109825,6,2,4,0,12,49.0,37.572
1543.210991,5,2,3,0,3,48.0,14.513
1543.2397045,6,2,1,0,3,50.0,30.515
1543.2589695,6,1,1,0,1,45.0,0.0
1543.2606015,3,2,1,0,3,49.0,22.615
1543.268987,1,2,1,0,3,49.0,15.12
1543.280162,5,2,3,0,23,52.0,104.505
1543.283427,5,3,9,0,17,54.0,187.295
1543.283453,1,3,1,0,4,48.0,15.24
1543.2853835,6,2,2,0,10,47.0,28.819
1543.2886565,6,1,7,0,21,57.0,155.163
1543.288657,1,2,5,0,25,50.0,53.775
1543.288665,5,2,4,1,76,52.0,190.466
1543.2915015,6,2,1,0,3,50.0,20.923
1543.3025915,6,1,1,0,1,45.0,0.0
1543.328396,1,1,4,0,38,53.0,155.914
1543.3284175,6,1,2,0,4,48.0,12.549
1543.328445,5,1,1,0,1,45.0,0.0
1543.3397505,3,1,1,0,1,45.0,0.0
1543.370198,1,3,3,0,9,58.0,193.941
1543.3718395,6,1,1,0,1,45.0,0.0
1543.371865,5,2,2,0,2,46.0,3.903
1543.3888065,6,2,1,0,2,47.0,5.377
1543.9629235,3,1,1,0,1,45.0,0.0
1544.0043745,6,2,2,0,3,47.0,16.257
1544.0125565,6,1,1,0,1,46.0,0.0
1544.0149105,3,1,1,0,5,49.0,18.304
1544.014931,1,1,2,0,1,47.0,0.0
1544.0229395,6,2,2,0,2,46.0,18.707
1544.0442645,6,1,2,0,4,47.0,11.01
1544.061637,1,2,2,0,12,49.0,42.45
1544.0748335,3,1,2,0,9,50.0,35.562
1544.1021495,6,1,1,0,1,46.0,0.0
1544.1174355,3,1,1,0,1,45.0,0.0
1544.1214905,3,1,1,0,4,46.0,11.945
1544.122701,2,25,28,15,191,68.0,9208.0
1544.1878905,3,1,1,0,1,45.0,0.0
1544.191105,1,1,1,0,1,45.0,0.0
1544.2000955,3,1,2,0,7,52.0,48.72
1544.200153,1,1,1,0,1,47.0,0.0
1544.227147,1,1,1,0,1,45.0,0.0
1544.259574,1,2,1,0,3,47.0,14.964
1544.2689295,6,1,1,0,12,46.0,17.889
1544.2856335,3,1,1,0,1,45.0,0.0
1544.324137,1,2,1,0,2,45.0,4.025
1544.330639,1,2,2,0,33,47.0,62.423
1544.3321035,6,2,1,0,5,47.0,13.944
1544.3684925,3,1,1,0,1,45.0,0.0
1544.4342845,6,1,2,0,4,46.0,8.467
1544.443879,1,1,3,0,1,49.0,0.0
1544.4527925,3,1,1,0,1,45.0,0.0
1544.468966,1,1,1,0,1,46.0,0.0
1544.4792915,3,1,3,0,9,54.0,97.302
1544.4833915,6,3,14,7,112,70.0,9373.0
1544.5437135,6,2,1,0,2,45.0,4.179
1544.580941,1,2,1,0,3,49.0,12.759
1544.6126595,6,3,28,18,210,80.0,49173.0
1544.6781435,3,2,4,0,42,53.0,129.431
1544.731368,1,1,1,0,1,45.0,0.0
1544.7992005,6,1,1,0,1,45.0,0.0
1544.822841,1,2,1,0,2,45.0,16.655
1544.8494655,6,1,1,0,1,45.0,0.0
1544.871415,1,1,9,0,13,49.0,32.17
1544.8714235,3,1,3,0,1,48.0,0.0
1544.8762955,6,2,1,0,4,47.0,13.675
1544.9028075,6,1,2,0,5,47.0,12.209
1544.9517485,3,1,2,0,1,45.0,0.0
1544.975869,5,5,34,11,170,68.0,5382.0
1545.0033295,6,2,6,2,35,69.0,2020.0
1545.0415115,3,1,2,0,8,48.0,23.546
1545.0844975,6,1,1,0,1,45.0,0.0
1545.1163585,6,2,2,0,4,47.0,19.003
1545.2400675,6,1,1,0,1,45.0,0.0
1545.2771675,6,1,1,0,1,45.0,0.0
1545.3135165,3,1,2,0,1,46.0,0.0
1545.540487,1,1,1,0,1,46.0,0.0
1545.5668995,6,2,1,0,2,45.0,7.374
1545.5908165,3,1,2,0,1,47.0,0.0
1545.600028,1,1,2,0,1,47.0,0.0
1545.6193545,3,1,2,0,8,47.0,18.356
1545.6316145,6,1,1,0,1,46.0,0.0
1545.6497105,6,1,1,0,1,45.0,0.0
1545.712753,1,1,3,0,4,48.0,10.843
1545.7158725,6,1,1,0,1,47.0,0.0
1545.7351835,6,1,2,0,1,45.0,0.0
1545.798095,1,1,1,0,1,45.0,0.0
1545.9279685,3,1,5,0,47,53.0,131.493
1545.9907635,6,2,1,0,2,45.0,7.837
1546.0048945,6,1,1,0,1,45.0,0.0
1546.020732,1,1,4,0,28,47.0,57.837
1546.0207555,3,1,1,0,1,45.0,0.0
1546.025131,1,1,1,0,1,45.0,0.0
1546.0291505,6,1,1,0,1,45.0,0.0
1546.095106,1,1,2,0,1,47.0,0.0
1546.0973065,6,1,1,0,1,45.0,0.0
1546.1078425,3,3,8,1,99,52.0,246.189
1546.1189235,6,1,1,0,1,45.0,0.0
1546.1263765,6,1,1,0,1,45.0,0.0
1546.1566665,3,1,1,0,1,45.0,0.0
1546.1618425,3,1,2,0,1,45.0,0.0
1546.161855,1,2,3,0,3,49.0,12.669
1546.1618615,6,1,2,0,1,46.0,0.0
1546.1807355,3,1,3,0,9,53.0,76.24
1546.255612,1,1,1,0,1,45.0,0.0
1546.292163,5,2,4,0,25,50.0,38.339
1546.2921665,6,1,4,0,45,49.0,70.671
1546.29217,1,1,3,0,24,48.0,40.792
1546.2922135,3,1,1,0,1,45.0,0.0
1546.3008945,6,1,1,0,1,45.0,0.0
1546.310975,1,1,2,0,1,48.0,0.0
1546.315864,1,1,4,0,11,52.0,82.927
1546.326189,5,1,2,0,1,48.0,0.0
1546.3407085,6,6,7,1,38,59.0,403.777
1546.34072,1,1,1,0,1,46.0,0.0
1546.340727,5,2,6,0,5,51.0,15.355
1546.3407425,3,1,2,0,5,52.0,28.613
1546.344365,1,1,2,0,15,47.0,20.55
1546.35018,1,1,1,0,1,45.0,0.0
1546.3524605,6,1,1,0,1,45.0,0.0
1546.358767,1,2,2,0,3,56.0,82.915
1546.3919315,6,1,2,0,7,52.0,38.521
1546.40478,1,2,1,0,7,51.0,39.771
1546.428565,1,4,3,0,8,49.0,36.38
1546.4285905,6,7,2,0,14,56.0,100.803
1546.428615,5,7,4,0,12,51.0,92.862
1546.4392005,6,1,13,2,86,52.0,283.675
1546.439205,5,4,10,1,61,55.0,400.498
1546.439212,1,1,10,1,91,52.0,216.862
1546.4420005,6,1,1,0,1,45.0,0.0
1547.0281755,6,1,1,0,1,45.0,0.0
1547.077298,1,1,1,0,1,47.0,0.0
1547.091296,1,1,2,0,1,48.0,0.0
1547.16787,1,1,1,0,1,45.0,0.0
1547.185568,1,1,1,0,1,49.0,0.0
1547.2130235,3,1,1,0,18,50.0,24.523
1547.213078,1,1,1,0,1,45.0,0.0
1547.2142155,6,1,1,0,1,46.0,0.0
1547.225657,1,2,1,0,2,45.0,3.55
1547.303249,5,4,33,10,194,66.0,5026.0
1547.3032555,6,11,24,9,180,67.0,4974.0
1547.3049035,6,1,1,0,1,45.0,0.0
1547.3574215,3,1,4,0,62,50.0,77.953
1547.4928055,3,1,2,0,4,49.0,14.876
1547.5286935,3,1,2,0,1,46.0,0.0
1547.561362,1,1,1,0,1,46.0,0.0
1547.5683155,6,1,1,0,1,45.0,0.0
1547.5737865,3,2,2,0,3,49.0,12.849
1547.597076,1,1,1,0,1,45.0,0.0
1547.6007125,3,1,15,4,236,53.0,539.487
1547.6137475,3,2,2,0,5,51.0,31.929
1547.6397545,6,3,27,10,185,73.0,10107.0
1547.6518305,6,1,1,0,1,46.0,0.0
1547.6621785,6,1,1,0,1,45.0,0.0
1547.6657305,3,1,10,2,107,53.0,363.713
1547.6726585,6,1,2,0,1,47.0,0.0
1547.679678,1,1,1,0,1,46.0,0.0
1547.6839365,3,8,4,0,21,51.0,95.273
1547.6876585,3,1,2,0,5,50.0,20.538
1547.687752,1,1,1,0,1,45.0,0.0
1547.6926205,6,2,1,0,2,47.0,4.055
1547.7114555,3,1,1,0,1,45.0,0.0
1547.7114875,6,1,2,0,1,46.0,0.0
1547.755233,1,1,1,0,1,49.0,0.0
1547.7618145,3,1,1,0,1,45.0,0.0
1547.7643865,6,1,1,0,1,45.0,0.0
1547.7652625,3,2,1,0,2,45.0,3.933
1547.768869,1,1,1,0,1,45.0,0.0
1547.774406,1,2,1,0,3,46.0,8.096
1547.8456905,6,1,1,0,1,47.0,0.0
1547.949857,1,1,2,0,1,47.0,0.0
1547.950948,1,1,1,0,1,45.0,0.0
1547.958906,5,4,12,3,40,66.0,2620.0
1547.9589775,3,1,1,0,1,45.0,0.0
1547.9717935,6,1,2,0,18,46.0,20.6
1547.9845925,6,1,1,0,1,45.0,0.0
1547.9935255,6,1,1,0,1,45.0,0.0
1548.0022445,6,2,1,0,2,47.0,15.977
1548.011972,1,1,5,0,65,49.0,81.984
1548.0119845,3,1,4,0,23,50.0,77.979
1548.0672795,6,1,1,0,1,45.0,0.0
1548.097438,1,1,1,0,1,45.0,0.0
1548.1353775,3,1,1,0,1,45.0,0.0
1548.1789625,3,1,5,1,50,52.0,128.182
1548.1896975,3,1,4,1,163,48.0,86.54
1548.190732,1,1,1,0,1,45.0,0.0
1548.2295995,6,2,2,0,4,47.0,21.54
1548.238005,1,1,1,0,1,49.0,0.0
1548.2380285,3,1,1,0,1,45.0,0.0
1548.257526,1,2,9,4,67,70.0,4481.0
1548.2722835,3,1,2,0,8,48.0,23.528
1548.310458,1,1,2,0,21,46.0,18.912
1548.3352435,6,1,1,0,1,45.0,0.0
1548.336519,5,39,32,13,183,66.0,7955.0
1548.3693945,6,2,1,0,2,45.0,28.757
1548.4063745,3,2,2,0,5,49.0,14.875
1548.408062,1,1,2,0,1,46.0,0.0
1548.415237,1,1,1,0,1,45.0,0.0
1548.4268455,6,1,1,0,1,45.0,0.0
1548.4394325,6,2,2,0,2,47.0,7.169
1548.442629,1,1,1,0,1,45.0,0.0
1548.4426515,3,1,1,0,1,45.0,0.0
1548.4741775,6,1,1,0,1,46.0,0.0
1548.4777795,3,1,5,1,71,48.0,106.388
1548.525386,1,1,1,0,1,45.0,0.0
1548.5262945,3,1,1,0,1,45.0,0.0
1548.532277,1,1,3,0,1,48.0,0.0
1548.5568415,6,2,2,0,2,47.0,4.562
1548.57472,5,2,9,2,31,66.0,1963.0
1548.5908835,3,1,2,0,13,46.0,22.531
1548.6123415,6,1,2,0,1,45.0,0.0
1548.616768,1,1,1,0,1,45.0,0.0
1548.6235185,6,1,1,0,1,47.0,0.0
1548.638543,1,1,2,0,1,46.0,0.0
1548.6569365,6,1,1,0,4,47.0,10.302
1548.6681735,3,3,4,0,5,52.0,40.974
1548.7086175,3,1,2,0,4,50.0,18.978
1548.7086425,6,1,1,0,1,45.0,0.0
1548.7286255,6,1,2,0,4,46.0,9.401
1548.73252,5,8,34,24,193,76.0,44718.0
1548.7325395,6,10,28,9,186,69.0,5311.0
1548.7465625,3,3,2,0,8,52.0,56.594
1548.748994,1,2,1,0,2,45.0,4.025
1548.7504645,3,1,1,0,1,45.0,0.0
1548.7701895,3,1,1,0,1,45.0,0.0
1548.8143685,3,1,1,0,4,49.0,16.148
1548.8404885,6,1,1,0,1,45.0,0.0
1548.841063,1,1,1,0,1,46.0,0.0
1548.8749235,3,1,1,0,1,45.0,0.0
1548.8814155,3,1,2,0,4,48.0,9.924
1548.891299,5,4,17,7,179,66.0,3035.0
1548.9197405,6,1,1,0,1,45.0,0.0
1548.9210845,6,1,1,0,1,45.0,0.0
1548.9335195,6,1,3,0,4,47.0,10.473
1548.933563,1,1,1,0,1,45.0,0.0
1549.05262,1,2,2,0,2,48.0,14.315
1549.079638,1,2,1,0,3,48.0,11.131
1549.1085655,3,1,1,0,1,45.0,0.0
1549.108578,1,2,4,0,3,48.0,11.899
1549.1563265,6,1,1,0,1,45.0,0.0
1549.1571425,6,1,1,0,1,45.0,0.0
1549.1639175,6,2,1,0,2,45.0,3.241
1549.164682,1,1,1,0,1,45.0,0.0
1549.1646925,6,1,1,0,1,47.0,0.0
1549.1720265,6,1,1,0,1,45.0,0.0
1549.2128435,6,1,2,0,1,47.0,0.0
1549.2244285,6,1,1,0,1,45.0,0.0
1549.2265855,6,1,1,0,1,46.0,0.0
1549.2275345,6,1,1,0,1,45.0,0.0
1549.2285515,6,1,1,0,1,45.0,0.0
1549.26344,1,1,2,0,8,48.0,24.806
1549.3155875,6,2,1,0,3,48.0,16.483
1549.32539,1,2,1,0,3,46.0,8.929
1549.3265865,6,1,2,0,1,48.0,0.0
1549.331319,1,3,2,0,8,53.0,101.054
1549.345506,5,7,4,0,18,52.0,100.473
1549.358708,5,1,1,0,1,46.0,0.0
1549.3587495,6,1,1,0,1,45.0,0.0
1549.370027,5,1,6,0,4,51.0,15.144
1549.381348,5,4,6,1,46,59.0,516.141
1549.3813575,3,2,2,0,8,53.0,62.789
1549.3813875,6,1,1,0,1,45.0,0.0
1549.381416,1,1,2,0,1,47.0,0.0
1549.394698,1,2,3,0,17,51.0,92.609
1549.402354,5,42,9,3,125,56.0,584.943
1549.4023585,3,7,5,2,83,61.0,578.006
1549.402364,2,31,7,1,32,58.0,477.727
1549.4023665,6,2,8,2,107,55.0,355.98
1549.402377,1,2,8,1,66,53.0,265.318
1549.411656,5,1,3,0,1,47.0,0.0
1549.4186185,6,1,1,0,1,46.0,0.0
1549.4273175,6,1,1,0,1,45.0,0.0
1549.4434285,6,1,2,0,4,50.0,15.966
1549.465309,5,2,5,0,16,48.0,77.302
1549.4653315,6,1,1,0,1,45.0,0.0
1549.4686445,6,1,3,0,1,46.0,0.0
1549.468649,5,2,6,0,32,50.0,136.015
1549.468653,1,2,1,0,5,48.0,16.683
1549.471124,5,1,4,0,21,52.0,122.316
1549.4711465,6,1,3,0,11,48.0,39.635
1549.4778505,6,1,4,1,67,53.0,143.878
1549.479556,1,2,1,0,2,47.0,6.222
1549.4802545,6,1,3,0,7,52.0,40.404
1549.491405,1,3,2,0,4,48.0,47.215
1549.492052,1,3,2,0,5,53.0,101.84
1549.4952055,6,3,6,1,33,65.0,947.027
1549.495234,5,1,3,0,66,48.0,91.045
1549.4952645,3,1,1,0,1,45.0,0.0
1549.497804,1,1,4,0,35,54.0,113.76
1549.503923,2,2,1,0,2,51.0,10.07
1549.503929,1,1,1,0,1,47.0,0.0
1549.508103,1,2,2,0,6,52.0,37.477
1549.522761,5,1,5,0,11,55.0,106.757
1549.5227675,6,3,3,0,16,56.0,102.187
1549.522804,1,1,2,0,1,48.0,0.0
1549.534994,1,4,9,2,44,63.0,1205.0
1549.56981,1,30,8,1,43,54.0,262.727
1549.5698365,6,1,2,0,4,50.0,17.732
1549.571488,5,3,7,0,23,54.0,241.925
1549.5715205,6,2,1,0,3,51.0,19.413
1549.572837,5,8,10,2,43,60.0,879.418
1549.5728575,6,14,4,0,17,53.0,176.972
1549.572863,1,1,3,0,41,48.0,48.216
1549.576975,1,7,9,2,62,61.0,818.572
1550.135079,1,1,3,0,28,48.0,27.568
1550.145909,1,1,2,0,4,45.0,9.261
1550.159481,1,2,2,0,2,49.0,14.957
1550.1700875,3,1,2,0,8,45.0,14.592
1550.172856,1,1,4,0,1,48.0,0.0
1550.21763,1,2,1,0,2,45.0,11.888
1550.220966,1,2,3,0,58,48.0,89.684
1550.2209835,3,1,1,0,1,45.0,0.0
1550.2290985,6,1,1,0,1,47.0,0.0
1550.230554,1,1,2,0,1,47.0,0.0
1550.2305725,6,1,1,0,1,45.0,0.0
1550.2324465,3,1,2,0,5,49.0,19.267
1550.2346525,3,1,2,0,5,48.0,11.841
1550.2475645,6,1,1,0,1,46.0,0.0
1550.2633315,3,1,2,0,11,52.0,83.993
1550.3062455,6,1,1,0,1,45.0,0.0
1550.3089045,3,1,2,0,11,46.0,14.905
1550.3125345,6,1,1,0,1,46.0,0.0
1550.3191375,6,1,3,0,1,46.0,0.0
1550.3227815,6,1,1,0,1,45.0,0.0
1550.35695,1,1,2,0,1,48.0,0.0
1550.386627,1,1,1,0,1,45.0,0.0
1550.3972265,6,1,1,0,1,45.0,0.0
1550.4038325,3,1,1,0,1,46.0,0.0
1550.4038435,6,1,1,0,1,45.0,0.0
1550.4095055,6,1,1,0,1,46.0,0.0
1550.4326375,6,1,1,0,1,45.0,0.0
1550.442265,1,2,37,24,253,81.0,61199.0
1550.4480615,6,2,1,0,3,46.0,9.72
1550.463556,1,2,1,0,2,45.0,9.686
1550.4776575,3,1,2,0,1,50.0,0.0
1550.5065465,6,1,1,0,1,47.0,0.0
1550.508926,1,1,1,0,1,47.0,0.0
1550.5227795,3,7,2,0,12,54.0,106.292
1550.5265805,6,1,1,0,1,46.0,0.0
1550.5419335,3,1,1,0,4,47.0,10.287
1550.5454415,6,1,1,0,1,46.0,0.0
1550.5549465,3,1,4,0,15,49.0,35.255
1550.554959,1,1,2,0,1,47.0,0.0
1550.5725785,3,1,1,0,1,45.0,0.0
1550.5942415,6,1,1,0,1,47.0,0.0
1550.6060575,6,1,2,0,1,47.0,0.0
1550.633225,1,1,1,0,1,48.0,0.0
1550.6334535,6,1,1,0,1,45.0,0.0
1550.6411195,3,1,2,0,5,50.0,17.838
1550.671593,1,2,2,0,2,46.0,8.226
1550.6811915,3,1,1,0,1,45.0,0.0
1550.6854655,6,1,1,0,8,46.0,16.872
1550.700135,1,1,1,0,1,45.0,0.0
1550.702107,5,12,52,45,480,78.0,77645.0
1550.7021185,6,24,42,25,323,73.0,30797.0
1550.702123,2,33,39,27,257,72.0,25775.0
1550.7037885,6,2,1,0,2,45.0,4.305
1550.7389615,6,2,2,0,3,47.0,9.977
1550.740531,1,41,3,0,42,49.0,59.267
1550.7448765,6,2,1,0,3,47.0,15.835
1550.759168,5,3,14,6,119,67.0,2727.0
1550.7592035,3,1,4,0,41,52.0,129.946
1550.76779,5,15,90,54,767,75.0,45142.0
1550.7678065,6,18,76,30,672,72.0,16476.0
1550.7693925,3,1,4,0,50,51.0,113.818
1550.7738335,6,2,3,0,4,47.0,30.889
1550.7778115,6,1,2,0,1,47.0,0.0
1550.7923965,3,1,3,0,24,47.0,30.425
1550.7970755,3,1,1,0,5,49.0,16.49
1550.806625,1,1,6,0,1,48.0,0.0
1550.8066475,3,1,2,0,1,46.0,0.0
1550.8355285,6,2,10,4,113,67.0,2322.0
1550.8355755,3,2,3,0,2,46.0,3.435
1550.8366035,3,1,6,1,135,54.0,210.04
1550.8434165,6,1,1,0,1,47.0,0.0
1550.8470825,3,1,3,0,12,47.0,20.672
1550.8525845,6,1,2,0,1,47.0,0.0
1550.8587245,6,1,2,0,9,47.0,23.295
1550.863593,1,1,5,0,16,48.0,20.19
1550.8636045,3,1,2,0,87,49.0,65.33
1550.900471,1,2,1,0,3,46.0,12.068
1550.9128815,3,1,11,2,86,53.0,335.454
1550.9210415,6,2,2,0,12,46.0,25.58
1550.922206,1,1,1,0,1,45.0,0.0
1550.9222285,6,2,1,0,2,47.0,3.55
1550.932898,1,1,3,0,1,48.0,0.0
1550.9561995,6,1,1,0,1,45.0,0.0
1550.9651985,3,1,4,0,31,47.0,43.494
1550.9707385,6,1,1,0,1,46.0,0.0
1550.9846675,6,1,1,0,1,45.0,0.0
1551.0074375,3,1,1,0,74,46.0,41.235
1551.011238,1,1,1,0,1,45.0,0.0
1551.0582845,6,1,2,0,30,47.0,26.415
1551.058286,1,1,3,0,36,47.0,62.643
1551.059596,1,2,1,0,2,46.0,9.263
1551.0807015,3,1,1,0,1,45.0,0.0
1551.0989835,6,1,2,0,1,46.0,0.0
1551.1103015,6,1,1,0,1,45.0,0.0
1551.1129015,6,1,1,0,1,47.0,0.0
1551.1588255,6,2,1,0,2,45.0,3.784
1551.1756985,6,1,1,0,1,46.0,0.0
1551.1857855,6,1,1,0,1,45.0,0.0
1551.2022565,6,1,1,0,1,45.0,0.0
1551.2221,1,1,1,0,1,45.0,0.0
1551.225884,1,2,1,0,4,46.0,16.823
1551.2572215,3,1,1,0,4,45.0,6.731
1551.2929015,6,1,1,0,1,45.0,0.0
1551.2957865,6,1,1,0,1,45.0,0.0
1551.3344215,6,1,1,0,1,45.0,0.0
1551.3409365,6,1,2,0,1,45.0,0.0
1551.34441,1,1,1,0,1,45.0,0.0
1551.3444195,3,1,1,0,4,47.0,9.3
1551.3444245,6,1,1,0,1,45.0,0.0
1551.385384,1,1,2,0,1,48.0,0.0
1551.3903305,6,1,1,0,1,46.0,0.0
1551.3984055,3,1,4,0,71,50.0,92.62
1551.4020485,3,1,4,0,24,51.0,79.155
1551.402051,1,1,4,1,79,48.0,87.247
1551.4261465,6,1,1,0,1,45.0,0.0
1551.4339025,3,1,2,0,4,53.0,28.372
1551.458825,1,2,1,0,2,45.0,3.352
1551.4727485,3,1,1,0,5,50.0,21.381
1551.4805765,3,1,1,0,1,45.0,0.0
1551.4949445,6,1,1,0,1,45.0,0.0
1551.511695,1,1,1,0,1,46.0,0.0
1551.5136395,6,1,1,0,1,45.0,0.0
1551.518503,1,1,4,0,1,47.0,0.0
1551.5185225,6,1,3,0,4,46.0,9.63
1551.5454005,3,1,1,0,4,46.0,7.491
1551.5567345,3,1,6,1,90,51.0,146.845
1551.5627565,3,1,1,0,4,49.0,13.281
1551.571699,1,1,1,0,1,46.0,0.0
1551.5901315,6,1,1,0,1,45.0,0.0
1551.6094925,3,2,1,0,2,45.0,9.639
1551.641551,1,1,3,0,1,48.0,0.0
1551.6415555,3,1,2,0,9,51.0,50.089
1551.6580705,3,2,1,0,3,48.0,12.767
1551.658129,1,1,1,0,1,45.0,0.0
1551.6879235,6,1,1,0,5,47.0,11.03
1551.6912635,6,2,6,3,31,69.0,4121.0
1551.7075725,6,1,2,0,1,45.0,0.0
1551.7092245,3,1,6,0,18,49.0,49.109
1551.736633,1,1,6,0,63,49.0,90.877
1551.7366385,3,1,2,0,1,48.0,0.0
1551.758124,1,1,1,0,1,45.0,0.0
1551.771383,1,1,6,0,44,48.0,67.066
1551.7821495,3,1,1,0,1,45.0,0.0
1551.8129485,6,1,1,0,5,46.0,9.08
1551.8338145,6,1,1,0,1,45.0,0.0
1551.8410345,3,1,3,0,18,51.0,61.767
1551.860587,5,8,41,21,279,72.0,19389.0
1551.8605985,6,24,31,15,247,72.0,12312.0
1551.860605,2,29,29,16,184,67.0,11427.0
1551.8630675,3,1,1,0,4,48.0,11.368
1551.902004,1,1,1,0,1,47.0,0.0
1551.9031285,6,1,2,0,90,45.0,54.036
1551.916182,1,2,1,0,2,45.0,3.903
1551.9227795,3,1,1,0,1,45.0,0.0
1551.954178,1,1,1,0,1,46.0,0.0
1551.9619685,3,1,1,0,5,47.0,11.781
1551.97025,1,1,3,0,1,45.0,0.0
1551.9928275,6,1,1,0,1,45.0,0.0
1552.032948,5,14,25,10,175,67.0,5957.0
1552.0329595,6,8,22,9,174,70.0,6139.0
1552.0329765,3,2,12,3,144,54.0,471.504
1552.0359885,3,1,1,0,1,45.0,0.0
1552.036002,1,2,1,0,2,47.0,3.55
1552.0441375,6,1,1,0,1,45.0,0.0
1552.0493365,6,1,1,0,1,45.0,0.0
1552.0749485,6,1,1,0,1,45.0,0.0
1552.128761,1,1,3,0,12,49.0,23.19
1552.1287625,3,1,3,0,13,52.0,48.429
1552.1332745,6,1,2,0,1,47.0,0.0
1552.137364,1,1,1,0,1,45.0,0.0
1552.1373645,3,1,2,0,1,45.0,0.0
1552.1472535,6,2,1,0,10,46.0,46.638
1552.1494795,3,1,1,0,1,45.0,0.0
1552.150598,5,5,28,11,193,69.0,7445.0
1552.1506145,3,12,10,2,131,53.0,389.075
1552.1587755,6,1,1,0,1,45.0,0.0
1552.1633175,6,1,1,0,1,45.0,0.0
1552.1714375,6,1,1,0,1,47.0,0.0
1552.1731505,6,1,2,0,11,47.0,17.657
1552.18218,1,2,5,0,18,48.0,53.693
1552.1821895,3,1,3,0,9,48.0,28.179
1552.1858775,6,1,1,0,4,47.0,11.706
1552.2076605,3,1,1,0,1,45.0,0.0
1552.2259865,3,1,1,0,4,48.0,11.311
1552.2742045,3,1,2,0,11,52.0,39.28
1552.2797865,3,1,1,0,1,45.0,0.0
1552.3053445,6,1,2,0,8,46.0,14.558
1552.3071035,6,1,1,0,1,45.0,0.0
1552.397939,1,2,1,0,2,46.0,5.201
1552.431107,1,1,1,0,1,45.0,0.0
1552.4406745,6,1,2,0,1,48.0,0.0
1552.450195,5,1,1,0,1,45.0,0.0
1552.456254,1,2,11,4,62,68.0,2498.0
1552.467561,5,1,1,0,1,45.0,0.0
1552.4694285,6,1,1,0,1,45.0,0.0
1552.477088,1,1,1,0,1,50.0,0.0
1552.478642,5,2,3,0,11,49.0,46.259
1552.491766,5,2,2,0,2,45.0,4.961
1552.5149025,6,1,1,0,1,45.0,0.0
1552.521557,5,1,4,0,18,54.0,101.156
1552.542915,5,2,2,0,25,51.0,90.237
1552.567878,1,3,6,0,10,57.0,160.675
1552.567889,2,1,4,0,30,56.0,193.127
1552.5678915,6,1,7,1,58,55.0,233.752
1552.5678985,3,1,3,0,19,50.0,64.475
1552.567899,5,4,14,1,53,57.0,348.802
1552.5735015,6,1,1,0,1,45.0,0.0
1552.579304,5,2,2,0,3,48.0,10.953
1552.596734,1,2,6,1,42,55.0,218.275
1552.5989635,6,2,1,0,2,45.0,3.352
1552.60585,5,1,1,0,1,45.0,0.0
1552.619285,5,3,5,1,18,57.0,417.45
1552.6199815,6,2,4,0,16,54.0,133.598
1552.6307585,6,1,1,0,1,46.0,0.0
1552.632132,5,26,19,3,135,55.0,697.796
1552.6321365,3,2,6,1,80,52.0,186.139
1552.6321365,6,1,11,1,75,54.0,307.215
1552.632138,4,1,1,0,1,45.0,0.0
1552.632153,1,59,11,2,91,53.0,297.249
1552.632153,2,1,5,0,23,55.0,200.528
1552.638657,5,13,6,1,32,55.0,310.791
1552.638657,2,1,2,0,1,51.0,0.0
1552.638664,1,2,6,0,30,51.0,86.49
1552.6386665,6,1,4,0,49,51.0,73.387
1552.6414875,6,4,7,1,20,62.0,604.424
1552.641505,1,1,8,1,63,51.0,160.799
1552.6415175,3,2,1,0,2,45.0,4.529
1552.64152,2,1,2,0,33,55.0,109.06
1552.641526,5,2,4,0,25,52.0,101.162
1552.660604,5,2,6,0,18,53.0,147.955
1552.6606175,3,1,1,0,4,46.0,7.549
1552.6606375,6,1,1,0,11,47.0,15.33
1552.6648435,6,1,1,0,1,45.0,0.0
1552.667389,1,2,1,0,5,47.0,21.096
1552.6794565,3,1,2,0,8,53.0,43.669
1552.6871255,6,1,3,0,20,56.0,183.09
1552.687612,1,2,2,0,3,52.0,31.23
1552.6915365,6,1,2,0,1,48.0,0.0
1552.695624,5,2,6,1,22,56.0,265.962
1552.695644,1,1,2,0,1,46.0,0.0
1552.697848,1,4,7,1,42,61.0,587.876
1552.699368,1,30,4,0,31,53.0,86.428
1552.701241,1,3,1,0,4,56.0,103.659
1552.7016215,6,2,1,0,3,53.0,26.097
1552.707179,5,7,6,0,16,57.0,388.668
1552.7071985,6,6,3,0,10,56.0,90.802
1552.7316725,6,2,2,0,15,48.0,42.333
1552.734131,1,1,1,0,1,47.0,0.0
1552.737642,5,1,1,0,1,45.0,0.0
1552.738428,5,1,1,0,1,47.0,0.0
1552.7414555,6,1,1,0,1,47.0,0.0
1552.743533,2,43,16,6,123,59.0,1922.0
1552.743538,5,9,28,7,166,62.0,2401.0
1552.743539,1,41,27,8,180,63.0,3381.0
1552.7435405,6,14,23,6,169,58.0,1472.0
1552.7435475,3,1,15,2,129,56.0,427.019
1553.317527,1,1,1,0,1,48.0,0.0
1553.3601965,6,1,1,0,1,45.0,0.0
1553.3777615,6,1,1,0,1,45.0,0.0
1553.4172035,6,1,2,0,9,47.0,23.517
1553.4355105,6,1,1,0,1,46.0,0.0
1553.4464945,6,1,1,0,1,46.0,0.0
1553.4507955,3,1,4,0,34,51.0,75.219
1553.5167405,6,1,1,0,1,47.0,0.0
1553.5178545,6,1,1,0,1,45.0,0.0
1553.523989,1,1,3,0,9,48.0,24.55
1553.5316185,3,1,1,0,1,45.0,0.0
1553.5429255,6,1,1,0,1,46.0,0.0
1553.5437965,6,1,1,0,1,46.0,0.0
1553.5482545,6,1,1,0,1,45.0,0.0
1553.5566815,6,17,28,10,151,71.0,8486.0
1553.5597435,6,10,40,23,315,74.0,19669.0
1553.559745,5,37,39,14,231,67.0,6804.0
1553.582688,1,1,2,0,17,47.0,37.712
1553.5983305,6,1,1,0,5,47.0,10.125
1553.6183705,6,1,2,0,9,47.0,19.064
1553.6509905,6,1,1,0,1,45.0,0.0
1553.65866,1,1,1,0,1,45.0,0.0
1553.676992,1,2,1,0,10,48.0,22.22
1553.6803595,3,1,2,0,12,47.0,16.994
1553.6921935,6,1,1,0,1,47.0,0.0
1553.7025915,6,1,2,0,14,47.0,15.956
1553.720937,5,9,19,10,101,71.0,13406.0
1553.7209615,3,1,5,0,45,53.0,127.513
1553.7460095,6,2,1,0,2,47.0,3.352
1553.772553,1,2,1,0,2,47.0,23.241
1553.800455,1,6,2,0,7,49.0,32.166
1553.810313,1,1,1,0,1,45.0,0.0
1553.819818,5,2,14,5,38,66.0,4033.0
1553.819837,1,1,3,0,12,49.0,34.778
1553.8198895,3,1,1,0,1,45.0,0.0
1553.8245755,3,1,2,0,4,50.0,7.818
1553.836487,1,1,1,0,1,45.0,0.0
1553.858728,1,1,1,0,1,45.0,0.0
1553.8747485,3,2,7,1,46,53.0,229.33
1553.879617,1,2,1,0,3,46.0,8.067
1553.8938595,6,1,1,0,1,45.0,0.0
1553.904436,1,1,2,0,10,49.0,15.349
1553.9261425,3,2,1,0,2,49.0,12.046
1553.9390945,6,1,1,0,1,45.0,0.0
1553.9442555,3,2,1,0,2,45.0,14.488
1553.9505935,3,1,1,0,1,45.0,0.0
1553.9536305,6,1,1,0,1,45.0,0.0
1553.963485,1,2,2,0,2,48.0,10.215
1553.9635135,3,1,1,0,1,45.0,0.0
1553.985449,1,1,1,0,1,45.0,0.0
1553.9986645,6,1,1,0,1,45.0,0.0
1554.023438,1,1,2,0,1,48.0,0.0
1554.0236495,3,1,2,0,159,48.0,36.523
1554.0313395,3,1,6,1,96,52.0,172.257
1554.0354735,6,1,1,0,1,45.0,0.0
1554.0490685,6,1,1,0,1,47.0,0.0
1554.0541105,6,1,1,0,1,47.0,0.0
1554.0656875,6,2,1,0,6,47.0,26.077
1554.0843905,3,2,5,1,35,54.0,257.982
1554.1333575,6,2,1,0,2,46.0,4.179
1554.1559765,6,1,1,0,1,45.0,0.0
1554.157625,1,1,3,0,11,48.0,21.811
1554.1623395,6,1,1,0,4,47.0,9.345
1554.175151,1,2,1,0,3,46.0,7.965
1554.1852245,3,1,1,0,1,46.0,0.0
1554.1975005,3,1,2,0,1,48.0,0.0
1554.201509,1,13,58,46,357,79.0,80942.0
1554.201513,2,12,51,49,323,77.0,72936.0
1554.2015195,6,15,50,32,397,75.0,30943.0
1554.2015205,3,17,38,22,385,70.0,14217.0
1554.201521,5,22,55,30,351,70.0,25353.0
1554.2118395,3,1,1,0,1,45.0,0.0
1554.2188905,3,1,1,0,13,47.0,12.197
1554.227809,1,5,4,0,17,48.0,51.573
1554.232851,1,1,2,0,1,46.0,0.0
1554.2526195,6,1,1,0,1,46.0,0.0
1554.2705055,6,2,4,1,23,67.0,1122.0
1554.2847635,3,1,4,0,22,52.0,80.029
1554.2854495,3,1,1,0,1,45.0,0.0
1554.2882295,6,1,1,0,1,45.0,0.0
1554.3524035,3,1,2,0,9,47.0,20.833
1554.3524765,6,1,1,0,1,45.0,0.0
1554.360751,1,1,2,0,1,46.0,0.0
1554.3710575,6,1,1,0,1,45.0,0.0
1554.3795475,3,2,3,0,9,52.0,68.446
1554.3983795,6,1,1,0,1,45.0,0.0
1554.411298,1,1,2,0,1,45.0,0.0
1554.4150805,3,56,9,2,119,52.0,242.309
1554.4225665,3,1,1,0,4,47.0,11.342
1554.4225805,6,1,3,0,1,46.0,0.0
1554.4231475,6,1,1,0,1,45.0,0.0
1554.4321955,6,1,2,0,1,47.0,0.0
1554.47757,1,1,1,0,1,45.0,0.0
1554.4837555,3,1,2,0,4,45.0,7.326
1554.4946705,3,2,3,0,26,49.0,57.799
1554.529445,5,1,14,4,105,67.0,1546.0
1554.5294875,3,1,4,0,40,49.0,90.786
1554.5347095,6,1,1,0,1,47.0,0.0
1554.5351555,3,1,2,0,8,54.0,97.327
1554.5595355,3,1,4,1,78,54.0,212.005
1554.572166,1,1,2,0,1,48.0,0.0
1554.576492,1,1,1,0,1,48.0,0.0
1554.5986345,6,1,1,0,1,45.0,0.0
1554.6001235,6,1,1,0,1,45.0,0.0
1554.6104085,3,1,2,0,5,47.0,11.583
1554.610411,1,1,3,0,35,49.0,58.742
1554.6251555,6,1,3,0,1,47.0,0.0
1554.6330325,6,1,1,0,1,45.0,0.0
1554.638643,1,1,1,0,1,45.0,0.0
1554.6465485,6,1,1,0,1,45.0,0.0
1554.6625795,3,1,1,0,5,48.0,14.148
1554.6657905,6,4,25,10,194,69.0,5894.0
1554.6733145,3,1,6,1,78,54.0,233.489
1554.684809,1,1,1,0,1,46.0,0.0
1554.690613,1,1,4,0,42,49.0,60.116
1554.693538,1,1,3,0,19,48.0,32.71
1554.7645865,6,1,1,0,1,45.0,0.0
1554.76775,1,1,1,0,1,45.0,0.0
1554.7745405,3,1,2,0,6,51.0,28.831
1554.7810015,3,1,3,0,38,48.0,56.497
1554.8240795,6,1,1,0,1,45.0,0.0
1554.8249665,3,1,3,0,38,49.0,39.096
1554.8317435,6,2,1,0,2,45.0,15.493
1554.8393375,3,1,1,0,1,48.0,0.0
1554.8522705,3,1,2,0,9,45.0,13.669
1554.8697065,6,1,1,0,8,45.0,11.477
1554.9017495,3,1,2,0,1,45.0,0.0
1554.9110645,3,1,10,2,103,53.0,319.408
1554.9247625,6,1,2,0,1,47.0,0.0
1554.9269885,6,1,2,0,4,47.0,9.225
1554.9693685,3,1,3,0,35,51.0,92.048
1554.996031,1,1,1,0,1,47.0,0.0
1554.9960385,6,1,1,0,1,45.0,0.0
1555.0020345,6,1,1,0,1,45.0,0.0
1555.00744,1,2,2,0,2,48.0,5.098
1555.0125585,3,1,1,0,1,45.0,0.0
1555.0179445,3,9,8,2,130,54.0,275.074
1555.0228075,6,1,1,0,1,45.0,0.0
1555.0280735,3,4,3,0,11,52.0,57.579
1555.0340975,3,1,1,0,1,45.0,0.0
1555.049878,1,2,1,0,2,45.0,3.132
1555.0530205,3,2,2,0,2,48.0,4.432
1555.0726855,6,1,1,0,1,45.0,0.0
1555.0784855,6,1,1,0,1,45.0,0.0
1555.0913885,6,1,1,0,1,45.0,0.0
1555.123717,1,4,20,8,112,73.0,10475.0
1555.1237415,3,2,1,0,6,51.0,32.612
1555.127414,1,1,1,0,1,47.0,0.0
1555.1405015,3,1,7,1,66,53.0,201.658
1555.1504255,3,1,1,0,1,45.0,0.0
1555.1590475,3,1,1,0,1,45.0,0.0
1555.1959355,6,1,1,0,1,45.0,0.0
1555.220161,1,2,2,0,3,49.0,16.013
1555.22399,1,1,3,0,1,49.0,0.0
1555.2392185,3,1,2,0,1,47.0,0.0
1555.2399095,6,1,1,0,1,45.0,0.0
1555.2534535,6,1,1,0,11,46.0,14.775
1555.27568,1,2,2,0,3,49.0,12.849
1555.303626,1,1,2,0,1,47.0,0.0
1555.3048995,6,1,1,0,5,46.0,10.776
1555.3065915,3,2,3,0,5,49.0,21.123
1555.3140665,6,1,1,0,1,45.0,0.0
1555.3156705,3,12,11,2,138,53.0,316.227
1555.3228655,6,1,1,0,1,45.0,0.0
1555.3379615,3,1,1,0,1,45.0,0.0
1555.3615745,3,1,2,0,4,48.0,10.288
1555.3736555,6,1,1,0,1,45.0,0.0
1555.3790725,6,1,1,0,1,45.0,0.0
1555.3837155,6,1,1,0,1,45.0,0.0
1555.3976835,6,1,1,0,1,45.0,0.0
1555.4152105,3,1,7,1,93,50.0,192.754
1555.432543,1,1,1,0,1,45.0,0.0
1555.4363535,6,1,1,0,1,45.0,0.0
1555.4543175,6,2,1,0,2,45.0,4.562
1555.5126835,3,2,1,0,2,49.0,9.45
1555.5195555,3,1,1,0,1,45.0,0.0
1555.5286795,3,1,1,0,4,46.0,8.582
1555.5291855,6,1,1,0,1,45.0,0.0
1555.5297435,6,1,3,0,1,45.0,0.0
1555.5355515,6,1,1,0,1,47.0,0.0
1555.5530145,3,1,2,0,27,49.0,46.56
1555.5541705,3,1,1,0,1,45.0,0.0
1555.5704105,3,1,2,0,14,48.0,30.714
1555.5877055,6,1,2,0,1,46.0,0.0
1555.6081905,6,1,1,0,1,46.0,0.0
1555.614756,5,3,4,0,22,57.0,304.156
1555.6162965,6,1,1,0,1,46.0,0.0
1555.62559,5,2,1,0,2,49.0,3.55
1555.626156,1,1,2,0,5,52.0,30.757
1555.626418,5,1,1,0,1,45.0,0.0
1555.6301055,6,6,9,2,70,65.0,1328.0
1555.630122,1,1,9,1,59,51.0,213.573
1555.630133,5,48,7,1,51,51.0,161.397
1555.647325,5,7,4,0,11,54.0,177.024
1555.647344,1,1,5,0,16,51.0,33.497
1555.6473765,6,1,1,0,1,46.0,0.0
1555.6487215,6,2,2,0,4,51.0,22.908
1555.6502615,6,1,1,0,1,45.0,0.0
1555.6524775,3,1,1,0,1,45.0,0.0
1555.6721455,6,2,4,0,16,53.0,79.306
1555.674888,5,1,1,0,1,45.0,0.0
1555.6819065,6,2,1,0,3,48.0,7.884
1555.689556,5,1,1,0,1,47.0,0.0
1555.7102935,6,3,5,0,17,57.0,218.527
1555.710299,5,1,5,0,42,49.0,94.131
1555.710329,1,1,2,0,1,50.0,0.0
1555.711518,1,1,1,0,1,45.0,0.0
1555.7115285,6,1,3,0,5,48.0,14.085
1555.7115385,3,1,1,0,1,45.0,0.0
1555.7153125,6,2,1,0,6,51.0,32.012
1555.7204615,6,1,5,1,24,60.0,376.924
1555.722134,1,1,8,1,76,56.0,281.058
1555.7221445,6,3,5,0,19,54.0,152.184
1555.722158,5,1,6,0,1,50.0,0.0
1555.7231215,6,1,3,0,16,56.0,154.733
1555.723125,1,1,1,0,1,48.0,0.0
1555.728069,1,2,3,0,33,53.0,73.178
1555.7318745,3,1,8,1,61,52.0,156.031
1555.731875,1,18,15,4,155,57.0,759.963
1555.731878,4,1,2,0,1,46.0,0.0
1555.731883,5,7,12,3,80,60.0,1047.0
1555.731885,2,1,4,0,35,53.0,140.379
1555.7318925,6,1,10,2,89,57.0,461.563
1555.73486,1,1,1,0,1,45.0,0.0
1555.744062,5,8,7,1,24,57.0,455.126
1555.7440885,6,2,2,0,2,51.0,13.406
1555.7480955,6,1,1,0,1,45.0,0.0
1555.753218,5,3,7,0,4,56.0,16.441
1555.753223,1,10,3,0,11,52.0,71.842
1555.7599405,6,1,1,0,1,45.0,0.0
1555.762883,5,2,4,0,2,49.0,6.726
1555.7628835,3,1,1,0,1,45.0,0.0
1555.7689815,6,2,1,0,3,53.0,35.073
1555.7827135,6,1,14,3,132,57.0,576.205
1555.7827275,3,4,4,1,83,51.0,133.502
1555.782729,1,2,12,1,87,55.0,301.662
1555.782736,5,31,4,0,32,48.0,84.617
1555.7838335,6,1,1,0,1,45.0,0.0
1555.785489,1,2,1,0,3,49.0,13.453
1555.787212,5,2,5,0,20,51.0,145.418
1555.792194,5,3,16,4,106,62.0,1568.0
1555.7921975,3,1,4,0,70,48.0,83.965
1555.792199,1,1,13,2,128,54.0,379.252
1555.7922115,6,2,8,1,66,53.0,245.832
1555.792237,2,1,3,1,36,53.0,217.111
1555.8080105,6,1,1,0,1,49.0,0.0
1555.8136855,6,2,1,0,4,48.0,19.799
1555.8243635,6,1,1,0,4,49.0,13.818
1555.830361,2,2,3,0,3,56.0,99.19
1555.8303795,6,1,3,0,1,47.0,0.0
1555.8303845,3,1,2,0,7,48.0,23.355
1555.834553,5,3,10,0,23,57.0,247.487
1555.8345725,6,2,3,0,11,50.0,42.61
1555.837404,1,4,6,2,42,64.0,1724.0
1555.8385615,6,1,1,0,1,45.0,0.0
1555.8431405,3,1,1,0,5,50.0,23.987
1555.8431735,6,1,2,0,4,47.0,10.075
1555.8510995,6,1,2,0,11,52.0,65.706
1555.8633205,6,2,1,0,2,45.0,3.352
1555.8749995,3,1,1,0,1,45.0,0.0
1555.899115,5,2,2,0,3,50.0,21.522
1555.905856,1,1,3,0,4,47.0,10.971
1555.9117495,3,1,1,0,1,45.0,0.0
1555.912681,5,5,2,0,6,47.0,26.285
1555.9126985,3,1,1,0,1,45.0,0.0
1555.9127025,6,1,1,0,4,49.0,12.522
1555.9142205,6,1,2,0,4,47.0,10.901
1555.916322,1,2,2,0,16,53.0,50.568
1556.496854,1,2,1,0,3,49.0,12.476
1556.5009175,6,2,1,0,3,45.0,8.627
1556.502017,1,1,2,0,1,46.0,0.0
1556.5198345,6,1,2,0,1,46.0,0.0
1556.5518215,3,1,1,0,4,50.0,21.084
1556.551843,1,1,2,0,1,47.0,0.0
1556.569392,1,1,1,0,1,46.0,0.0
1556.5805455,6,1,1,0,1,46.0,0.0
1556.5843905,3,1,1,0,1,46.0,0.0
1556.594873,1,1,1,0,1,46.0,0.0
1556.5960888,1,2,2,0,3,49.0,12.703
1556.604549,1,90,17,7,181,70.0,5090.0
1556.6162335,6,1,1,0,1,45.0,0.0
1556.6251925,3,10,4,0,20,52.0,91.228
1556.6627185,6,1,1,0,1,46.0,0.0
1556.6838365,6,1,1,0,1,45.0,0.0
1556.684718,1,1,1,0,1,45.0,0.0
1556.711895,1,1,1,0,1,46.0,0.0
1556.7355525,3,1,2,0,4,51.0,27.734
1556.7459405,6,1,1,0,1,46.0,0.0
1556.7730765,3,1,2,0,1,46.0,0.0
1556.773083,1,1,2,0,1,47.0,0.0
1556.7792815,3,1,2,0,10,49.0,32.632
1556.779293,1,1,2,0,1,49.0,0.0
1556.7870985,3,1,1,0,1,45.0,0.0
1556.7945745,6,1,1,0,1,45.0,0.0
1556.8018635,3,1,2,0,19,53.0,71.556
1556.8127615,3,1,1,0,1,45.0,0.0
1556.812782,1,1,1,0,1,46.0,0.0
1556.816728,1,1,2,0,1,45.0,0.0
1556.820334,1,1,1,0,1,45.0,0.0
1556.8289605,3,1,2,0,4,50.0,18.733
1556.8380745,6,2,3,0,2,47.0,16.717
1556.8443985,3,1,2,0,7,52.0,38.421
1556.880453,1,2,2,0,30,49.0,55.557
1556.8825915,6,1,1,0,1,45.0,0.0
1556.9313605,6,1,1,0,1,45.0,0.0
1556.937281,1,9,37,18,262,72.0,16826.0
1556.937289,2,19,32,15,185,67.0,8772.0
1556.9422765,3,1,1,0,1,45.0,0.0
1556.9430765,6,1,1,0,1,46.0,0.0
1556.9613765,6,1,1,0,1,45.0,0.0
1556.969212,1,1,5,0,11,49.0,45.372
1556.975639,1,2,1,0,3,49.0,11.928
1556.989448,1,1,1,0,1,46.0,0.0
1556.9931725,6,1,1,0,1,45.0,0.0
1556.9971815,6,1,2,0,1,45.0,0.0
1557.005201,1,1,2,0,1,46.0,0.0
1557.0484215,6,1,1,0,1,46.0,0.0
1557.0763825,3,1,3,0,9,52.0,51.634
1557.082473,1,1,2,0,1,45.0,0.0
1557.0867975,6,1,1,0,1,45.0,0.0
1557.0913315,3,1,1,0,1,45.0,0.0
1557.091358,1,3,1,0,4,45.0,9.586
1557.0937375,3,2,4,0,11,53.0,89.248
1557.103764,1,1,1,0,4,49.0,12.446
1557.1226675,3,1,8,1,55,52.0,163.53
1557.1238545,6,1,1,0,4,47.0,8.451
1557.125364,1,1,1,0,1,46.0,0.0
1557.1255435,3,1,1,0,1,45.0,0.0
1557.1704245,3,1,2,0,4,50.0,23.975
1557.1910515,6,1,1,0,1,47.0,0.0
1557.2074545,3,1,1,0,1,46.0,0.0
1557.2081705,3,1,5,1,143,49.0,145.435
1557.211902,1,1,1,0,1,47.0,0.0
1557.2152935,3,1,9,1,38,52.0,205.389
1557.234683,1,1,4,0,54,47.0,96.142
1557.2457625,6,1,1,0,4,47.0,9.212
1557.2510095,6,1,1,0,1,45.0,0.0
1557.2514225,3,1,1,0,1,46.0,0.0
1557.251449,1,1,1,0,1,45.0,0.0
1557.2752185,3,2,1,0,2,46.0,3.55
1557.2752565,6,1,1,0,1,45.0,0.0
1557.3029005,6,1,1,0,1,45.0,0.0
1557.3034475,6,2,1,0,2,45.0,3.241
1557.3355605,6,1,1,0,1,46.0,0.0
1557.3360605,3,1,1,0,1,45.0,0.0
1557.336093,1,1,3,0,1,48.0,0.0
1557.3394445,6,1,1,0,1,45.0,0.0
1557.365239,1,1,1,0,1,48.0,0.0
1557.3907375,6,1,1,0,1,45.0,0.0
1557.4196095,6,1,1,0,1,45.0,0.0
1557.4340125,3,2,9,2,99,52.0,276.746
1557.4417015,3,1,4,0,50,52.0,104.483
1557.4477615,6,2,2,0,2,45.0,3.695
1557.4492495,6,1,1,0,1,47.0,0.0
1557.462634,1,2,2,0,3,48.0,16.834
1557.4626365,6,2,1,0,5,47.0,16.498
1557.4690235,6,1,1,0,1,46.0,0.0
1557.474629,1,1,1,0,1,48.0,0.0
1557.4801125,6,1,1,0,1,47.0,0.0
1557.4938665,3,1,1,0,1,45.0,0.0
1557.5067585,6,1,1,0,4,47.0,9.604
1557.514011,1,1,1,0,1,45.0,0.0
1557.5188985,6,1,1,0,1,45.0,0.0
1557.5273825,6,1,1,0,1,45.0,0.0
1557.5311035,6,1,1,0,1,47.0,0.0
1557.560933,1,1,2,0,1,47.0,0.0
1557.5609525,6,1,1,0,1,45.0,0.0
1557.5700215,6,1,1,0,1,45.0,0.0
1557.5722585,6,2,1,0,2,45.0,5.377
1557.5889255,6,1,1,0,1,45.0,0.0
1557.589929,1,1,1,0,1,49.0,0.0
1557.5918745,6,1,1,0,1,45.0,0.0
1557.5937865,3,1,5,1,68,50.0,122.849
1557.597593,5,11,36,52,555,80.0,80853.0
1557.5976065,6,16,39,27,309,77.0,33893.0
1557.5976095,3,23,36,21,394,67.0,10806.0
1557.597613,2,28,40,28,327,69.0,21599.0
1557.6010955,3,1,1,0,4,47.0,9.579
1557.6013295,6,1,1,0,1,46.0,0.0
1557.6271085,3,1,15,3,178,53.0,510.818
1557.627116,2,2,25,13,171,67.0,7357.0
1557.6380925,3,1,1,0,4,46.0,9.171
1557.6477565,6,1,1,0,1,45.0,0.0
1557.6591225,6,1,1,0,1,45.0,0.0
1557.661341,1,1,1,0,1,45.0,0.0
1557.662807,1,1,3,0,4,49.0,15.734
1557.6711585,3,1,1,0,1,45.0,0.0
1557.6752145,6,1,1,0,1,45.0,0.0
1557.6783585,6,1,1,1,185,47.0,65.646
1557.6841995,3,2,2,0,18,51.0,57.98
1557.705704,1,1,1,0,1,45.0,0.0
1557.70704,1,2,1,0,3,48.0,11.57
1557.7170435,6,1,1,0,4,46.0,8.067
1557.7335215,6,1,1,0,1,45.0,0.0
1557.7657925,6,1,2,0,1,46.0,0.0
1557.8185355,3,1,1,0,1,45.0,0.0
1557.8231395,3,1,2,0,1,46.0,0.0
1557.837873,1,2,1,0,3,49.0,13.636
1557.8417325,6,1,1,0,1,47.0,0.0
1557.8557635,6,1,1,0,1,45.0,0.0
1557.8639655,6,1,1,0,1,47.0,0.0
1557.8725485,6,1,1,0,1,45.0,0.0
1557.8769665,3,1,1,0,1,46.0,0.0
1557.876985,1,2,2,0,2,49.0,11.678
1557.8769925,6,1,2,0,1,46.0,0.0
1557.8880445,3,2,1,0,3,45.0,7.724
1557.8880785,6,1,1,0,1,45.0,0.0
1557.8955435,6,2,8,3,51,69.0,3394.0
1557.9337635,6,1,2,0,1,45.0,0.0
1557.9631205,6,1,1,0,4,47.0,11.629
1557.9706705,6,1,1,0,1,45.0,0.0
1557.978144,1,1,3,0,1,49.0,0.0
1557.991678,1,2,1,0,6,47.0,25.054
1558.005479,1,1,2,0,1,47.0,0.0
1558.0088705,6,1,1,0,1,45.0,0.0
1558.0220895,6,1,1,0,1,45.0,0.0
1558.0560405,6,1,1,0,1,45.0,0.0
1558.0632625,6,1,1,0,1,46.0,0.0
1558.0658635,6,1,1,0,1,47.0,0.0
1558.0828795,6,1,1,0,1,45.0,0.0
1558.0910805,6,5,13,5,84,68.0,3658.0
1558.0911005,3,1,6,0,33,50.0,96.1
1558.101302,5,41,34,14,237,66.0,7881.0
1558.107517,1,5,5,0,6,49.0,19.897
1558.1170395,6,1,1,0,1,45.0,0.0
1558.224467,1,1,1,0,1,46.0,0.0
1558.2312245,3,1,2,0,7,48.0,21.055
1558.2331365,3,1,2,0,12,47.0,20.098
1558.2729655,3,1,4,0,15,52.0,76.048
1558.273001,1,1,4,0,25,48.0,48.199
1558.291677,1,1,1,0,1,45.0,0.0
1558.294118,1,1,1,0,1,46.0,0.0
1558.3067275,3,1,5,1,55,51.0,145.436
1558.3184825,6,1,1,0,1,45.0,0.0
1558.3325865,6,1,3,0,1,46.0,0.0
1558.334288,1,1,1,0,1,45.0,0.0
1558.3347115,6,1,1,0,4,47.0,10.094
1558.3451755,6,1,2,0,89,47.0,53.027
1558.3741875,3,8,6,1,76,54.0,196.559
1558.3795785,3,1,6,1,69,54.0,184.272
1558.388049,1,1,1,0,1,45.0,0.0
1558.3986185,3,1,1,0,4,49.0,12.418
1558.3986325,6,1,2,0,1,47.0,0.0
1558.4054435,6,1,1,0,1,46.0,0.0
1558.4091895,3,1,1,0,7,45.0,8.088
1558.4111525,6,1,1,0,1,45.0,0.0
1558.4116585,3,1,2,0,1,45.0,0.0
1558.4122015,6,1,1,0,1,45.0,0.0
1558.4274195,3,1,5,1,84,50.0,106.869
1558.429284,1,2,1,0,3,49.0,16.066
1558.4295295,6,1,1,0,1,45.0,0.0
1558.4492625,6,7,33,14,212,69.0,8780.0
1558.4505105,6,1,1,0,1,45.0,0.0
1558.4603825,3,1,1,0,1,47.0,0.0
1558.4609745,3,10,10,2,119,54.0,343.454
1558.4658465,6,1,1,0,1,45.0,0.0
1558.4677535,3,23,38,20,316,67.0,10305.0
1558.467759,2,9,45,40,276,78.0,58516.0
1558.46776,5,38,60,32,357,70.0,26899.0
1558.467762,1,20,56,35,356,75.0,39482.0
1558.4677635,6,21,44,28,309,73.0,24526.0
1558.4731505,6,1,2,0,8,46.0,18.109
1558.4757325,3,1,2,0,1,47.0,0.0
1558.4932525,6,1,1,0,4,47.0,11.405
1558.4952395,3,1,4,0,14,48.0,34.704
1558.5083245,3,1,1,0,1,45.0,0.0
1558.508928,1,2,1,0,2,45.0,15.254
1558.5090185,3,1,1,0,1,45.0,0.0
1558.5228865,6,2,2,0,3,47.0,9.923
1558.530051,5,11,22,9,104,70.0,8375.0
1558.5300545,3,1,8,1,88,51.0,165.611
1558.5399,5,5,36,19,223,75.0,17917.0
1558.544493,1,1,5,0,62,48.0,85.011
1558.5444965,3,2,7,1,71,51.0,168.428
1558.55243,1,1,2,0,1,47.0,0.0
1558.5544455,3,1,1,0,4,46.0,8.627
1558.5588445,3,1,2,0,4,49.0,12.607
1558.5588655,6,1,2,0,19,47.0,20.097
1558.5621545,6,1,1,0,1,46.0,0.0
1558.5899725,3,1,3,0,29,49.0,57.568
1558.5944615,6,1,1,0,1,45.0,0.0
1558.603504,1,1,1,0,1,45.0,0.0
1558.604524,1,1,3,0,9,47.0,20.654
1558.616669,1,1,1,0,1,45.0,0.0
1558.6185675,3,11,4,1,62,54.0,145.033
1558.618574,1,1,5,0,14,48.0,29.248
1558.6220755,6,6,33,18,255,77.0,29677.0
1558.625735,1,1,1,0,1,47.0,0.0
1558.6269835,3,1,1,0,19,46.0,21.631
1558.638432,1,1,4,0,1,49.0,0.0
1558.677116,1,1,5,0,1,47.0,0.0
1558.7211255,6,2,2,0,2,46.0,6.26
1558.7248925,6,1,2,0,1,46.0,0.0
1558.7267745,3,1,1,0,5,51.0,32.245
1558.7484405,3,1,1,0,1,46.0,0.0
1558.751373,1,2,1,0,3,45.0,6.711
1558.752753,1,1,1,0,1,45.0,0.0
1558.7546465,3,1,1,0,4,48.0,11.754
1558.7641495,6,1,1,0,1,45.0,0.0
1558.769837,1,1,1,0,1,47.0,0.0
1558.7864435,6,1,4,0,21,58.0,236.622
1558.7893255,6,1,2,0,1,49.0,0.0
1558.789326,1,1,2,0,1,49.0,0.0
1558.789521,5,2,2,0,3,50.0,22.33
1558.791955,1,1,2,0,1,48.0,0.0
1558.7929665,6,2,4,0,14,58.0,124.552
1558.794418,1,2,5,1,40,61.0,374.201
1558.799908,5,1,2,0,1,50.0,0.0
1558.803916,5,2,21,18,289,78.0,26652.0
1558.8039395,6,1,6,0,27,51.0,115.816
1558.83253,5,1,2,0,4,53.0,35.849
1558.8325565,6,1,1,0,1,45.0,0.0
1558.8341625,6,3,3,0,4,53.0,48.237
1558.8408425,6,1,1,0,1,48.0,0.0
1558.8447395,6,2,4,0,22,56.0,217.699
1558.844755,5,1,3,0,42,50.0,62.195
1558.844809,1,1,1,0,1,45.0,0.0
1558.853966,5,4,15,5,105,65.0,3433.0
1558.8539985,6,2,4,0,22,55.0,154.04
1558.8571025,6,2,8,4,58,71.0,4069.0
1558.860926,5,2,8,1,31,59.0,460.953
1558.8609495,6,2,4,1,28,55.0,235.233
1558.860964,1,1,1,0,1,47.0,0.0
1558.8632645,6,2,1,0,3,45.0,7.564
1558.8659985,6,1,12,2,93,58.0,682.172
1558.866007,5,16,12,2,53,55.0,514.394
1558.866009,1,2,13,3,92,62.0,876.455
1558.8660295,3,1,1,0,1,45.0,0.0
1558.875964,5,2,1,0,2,46.0,4.179
1558.880221,1,1,2,0,4,48.0,13.621
1558.880985,5,2,1,0,2,50.0,6.726
1558.8859715,6,1,1,0,1,45.0,0.0
1558.886189,5,2,2,0,2,52.0,17.41
1558.8891235,6,2,3,0,22,53.0,68.426
1558.8951525,6,1,1,0,1,47.0,0.0
1558.89642,2,2,7,1,35,58.0,405.841
1558.896429,1,43,13,2,131,55.0,421.68
1558.8964435,3,1,2,0,7,55.0,63.21
1558.89647,5,2,6,0,21,50.0,66.717
1558.8964915,6,2,3,0,12,52.0,54.067
1558.899548,5,11,4,0,12,50.0,71.253
1558.8995515,6,6,4,0,20,55.0,146.454
1558.899576,1,1,2,0,1,46.0,0.0
1558.9033505,6,1,2,0,1,48.0,0.0
1558.9146175,6,2,1,0,2,45.0,3.579
1558.9159465,6,1,1,0,1,45.0,0.0
1558.919255,1,2,4,0,49,50.0,83.351
1558.9192685,6,1,2,0,1,49.0,0.0
1558.9220515,6,4,4,0,25,55.0,146.806
1558.9224885,3,1,1,0,1,45.0,0.0
1558.9255875,6,2,1,0,3,49.0,10.904
1558.929519,1,1,5,1,51,54.0,184.308
1558.9295305,6,1,3,0,4,49.0,13.945
1558.930838,1,1,2,0,1,50.0,0.0
1558.9390825,6,2,2,0,2,47.0,6.26
1558.948222,1,1,3,0,9,47.0,19.747
1558.958957,5,2,1,0,3,50.0,14.302
1558.95966,1,1,2,0,1,47.0,0.0
1558.95967,5,1,1,0,1,47.0,0.0
1558.9659005,6,1,1,0,1,45.0,0.0
1558.967615,5,2,13,1,78,55.0,363.044
1558.9676795,3,1,4,0,20,52.0,127.285
1558.9676975,6,1,3,0,20,50.0,68.826
1558.967699,1,15,6,0,19,53.0,99.685
1558.9685685,6,1,2,0,4,46.0,7.78
1558.9728515,6,1,4,0,24,50.0,51.121
1558.9754395,6,1,2,0,1,46.0,0.0
1558.979797,1,2,14,4,67,67.0,2665.0
1558.983749,2,2,1,0,2,51.0,37.147
1558.98776,5,2,9,1,39,58.0,329.873
1558.9877975,6,1,2,0,4,49.0,14.02
1558.995951,1,1,1,0,1,45.0,0.0
1558.9983665,6,1,2,0,4,45.0,6.763
1559.00259,5,9,4,0,17,54.0,195.988
1559.007181,5,2,16,4,68,64.0,2180.0
1559.0071875,3,1,2,0,43,48.0,49.043
1559.0071975,6,10,10,1,53,57.0,269.458
1559.007214,2,1,1,0,1,56.0,0.0
1559.007253,1,1,1,0,1,47.0,0.0
1559.0101645,6,1,1,0,1,45.0,0.0
1559.021245,1,4,16,3,87,64.0,926.845
1559.0212545,3,1,5,1,98,51.0,160.457
1559.021258,2,1,8,1,19,57.0,406.84
1559.021264,5,37,8,2,95,53.0,283.176
1559.0212725,6,1,11,2,91,55.0,377.266
1559.033424,1,2,6,1,75,52.0,231.452
1559.0334395,6,1,4,0,24,51.0,71.81
1559.0334425,3,1,3,0,32,48.0,57.027
1559.033445,2,1,4,0,10,56.0,181.451
1559.033487,5,2,1,0,3,47.0,12.368
1559.0340495,6,1,2,0,70,48.0,56.623
1559.0340685,3,1,1,0,1,45.0,0.0
1559.047142,5,1,1,0,1,45.0,0.0
1559.0538415,6,1,2,0,5,57.0,64.529
1559.0603755,6,1,1,0,4,49.0,13.626
1559.0673475,6,2,2,0,3,53.0,28.719
1559.069879,1,2,5,0,18,60.0,322.231
1559.0712045,3,2,2,0,6,53.0,47.817
1559.072569,1,2,4,0,14,53.0,89.072
1559.072772,5,2,1,0,3,52.0,21.354
1559.083167,5,1,2,0,4,52.0,17.601
1559.0834355,6,1,1,0,1,45.0,0.0
1559.6405895,6,1,1,0,1,45.0,0.0
1559.6500705,3,1,1,0,1,45.0,0.0
1559.6658875,6,1,1,0,1,45.0,0.0
1559.708142,1,1,2,0,1,47.0,0.0
1559.7151475,3,1,9,1,96,49.0,160.035
1559.7160695,6,1,1,0,1,45.0,0.0
1559.7421675,6,5,10,5,60,73.0,5501.0
1559.7461955,3,1,1,0,1,45.0,0.0
1559.748846,5,15,37,16,217,71.0,13998.0
1559.748846,2,1,31,18,253,71.0,11410.0
1559.754183,1,1,2,0,21,47.0,29.598
1559.75588,1,1,1,0,1,49.0,0.0
1559.7597335,3,1,6,1,115,48.0,151.11
1559.7608825,3,1,2,0,31,47.0,34.619
1559.775405,1,1,3,0,1,49.0,0.0
1559.7793635,3,1,1,0,1,45.0,0.0
1559.7794055,6,1,1,0,1,45.0,0.0
1559.7840445,3,2,2,0,2,47.0,4.927
1559.796523,1,1,1,0,1,45.0,0.0
1559.8037855,6,1,1,0,1,45.0,0.0
1559.810781,1,1,1,0,1,45.0,0.0
1559.8136375,6,1,1,0,1,47.0,0.0
1559.8186615,6,1,1,0,1,45.0,0.0
1559.823317,5,2,14,4,93,67.0,2830.0
1559.8233995,3,1,4,0,29,51.0,70.345
1559.8271705,3,1,3,0,17,52.0,86.768
1559.8325875,6,2,1,0,4,46.0,13.678
1559.8598235,6,1,1,0,1,46.0,0.0
1559.8617265,3,1,1,0,1,47.0,0.0
1559.875539,1,1,2,0,8,49.0,24.273
1559.8804425,6,1,1,0,1,45.0,0.0
1559.8823365,6,1,1,0,1,45.0,0.0
1559.885868,1,1,3,0,1,47.0,0.0
1559.893346,5,14,23,10,132,67.0,7460.0
1559.8933795,3,1,4,0,1,49.0,0.0
1559.89932,1,6,2,0,7,49.0,28.46
1559.9163155,3,1,6,1,74,54.0,216.453
1559.9190775,6,1,1,0,1,45.0,0.0
1559.9310045,3,1,2,0,8,49.0,25.309
1559.9475725,3,1,1,0,1,45.0,0.0
1559.9495205,3,1,1,0,4,48.0,14.525
1559.9541595,3,1,2,0,4,50.0,16.647
1559.9578645,6,11,10,3,54,68.0,2680.0
1559.9578945,3,1,2,0,4,48.0,13.23
1559.9586655,6,1,1,0,1,45.0,0.0
1559.9784065,6,2,1,0,2,45.0,24.964
1559.9840375,6,1,1,0,1,45.0,0.0
1559.9848035,3,1,10,2,85,53.0,272.263
1559.9869285,6,2,1,0,2,45.0,10.461
1559.9961115,3,1,2,0,26,46.0,25.053
1559.9971475,6,1,1,0,1,47.0,0.0
1560.0031835,3,2,3,0,10,50.0,50.835
1560.0251075,6,1,1,0,1,45.0,0.0
1560.0347455,6,1,1,0,1,45.0,0.0
1560.03746,1,1,2,0,1,47.0,0.0
1560.0378265,6,1,1,0,1,45.0,0.0
1560.040165,1,1,4,0,1,48.0,0.0
1560.0421395,6,1,1,0,1,45.0,0.0
1560.046563,1,1,1,0,1,47.0,0.0
1560.0487975,6,1,1,0,1,45.0,0.0
1560.0577915,6,1,1,0,1,45.0,0.0
1560.0850095,3,1,1,0,1,45.0,0.0
1560.0865075,3,1,1,0,1,46.0,0.0
1560.1003645,6,1,1,0,8,47.0,16.054
1560.1013735,6,1,1,0,1,45.0,0.0
1560.107049,1,2,1,0,3,45.0,8.775
1560.109603,1,1,1,0,1,45.0,0.0
1560.1138225,3,1,2,0,4,49.0,11.766
1560.1218065,6,1,1,0,1,46.0,0.0
1560.1249285,3,1,1,0,1,45.0,0.0
1560.1304005,6,1,1,0,1,45.0,0.0
1560.1445855,3,1,6,1,67,51.0,155.74
1560.1463045,6,2,1,0,2,46.0,11.626
1560.1606385,6,1,1,0,1,45.0,0.0
1560.174645,1,1,1,0,1,47.0,0.0
1560.2230865,6,1,1,0,4,45.0,9.233
1560.228724,1,1,1,0,1,45.0,0.0
1560.2377555,6,2,1,0,2,45.0,34.679
1560.2403205,6,1,1,0,1,46.0,0.0
1560.2474835,6,1,3,0,14,47.0,28.219
1560.247499,1,1,2,0,1,46.0,0.0
1560.2613755,3,1,17,4,262,53.0,545.043
1560.261385,5,130,35,12,251,67.0,5399.0
1560.2631175,6,1,1,0,1,45.0,0.0
1560.2703615,6,1,1,0,1,45.0,0.0
1560.2728645,6,1,1,0,1,45.0,0.0
1560.2753875,6,1,1,0,1,45.0,0.0
1560.2817645,6,1,2,0,1,46.0,0.0
1560.2879575,6,1,1,0,1,45.0,0.0
1560.293253,1,1,1,0,1,48.0,0.0
1560.2932685,6,1,2,0,1,47.0,0.0
1560.3053675,6,1,2,0,4,47.0,10.197
1560.3296665,6,1,1,0,1,45.0,0.0
1560.3380025,6,4,8,3,59,72.0,4318.0
1560.3572835,3,1,2,0,4,47.0,9.426
1560.371569,1,2,22,8,123,72.0,7535.0
1560.3716155,6,1,1,0,1,45.0,0.0
1560.378169,1,1,1,0,1,49.0,0.0
1560.4094615,6,1,1,0,1,46.0,0.0
1560.4168595,6,1,1,0,1,45.0,0.0
1560.4171945,3,1,1,0,4,50.0,18.553
1560.4307475,3,1,1,0,4,49.0,14.69
1560.433209,1,1,2,0,5,47.0,15.52
1560.4335325,3,1,1,0,4,45.0,6.753
1560.436003,1,1,1,0,1,45.0,0.0
1560.4460515,3,2,3,0,5,49.0,19.281
1560.4657205,6,1,1,0,1,45.0,0.0
1560.4676605,6,1,1,0,1,45.0,0.0
1560.4903545,6,1,1,0,1,45.0,0.0
1560.4921995,6,1,1,0,1,47.0,0.0
1560.4976535,6,1,1,0,1,45.0,0.0
1560.5047755,6,2,1,0,2,45.0,3.132
1560.5127975,3,1,3,0,45,49.0,77.077
1560.52551,1,1,2,0,1,48.0,0.0
1560.5259235,3,1,2,0,8,52.0,47.9
1560.5261025,6,1,1,0,1,45.0,0.0
1560.5328105,6,1,1,0,1,46.0,0.0
1560.5498615,6,1,1,0,1,45.0,0.0
1560.55879,1,1,1,0,1,47.0,0.0
1560.5638645,6,1,1,0,1,45.0,0.0
1560.569958,1,3,16,5,103,70.0,4600.0
1560.5704565,3,1,1,0,4,49.0,13.613
1560.5712705,3,1,2,0,8,52.0,38.739
1560.5865925,6,1,1,0,1,45.0,0.0
1560.604103,1,1,1,0,1,45.0,0.0
1560.627904,1,1,1,0,1,48.0,0.0
1560.6291725,6,1,1,0,1,45.0,0.0
1560.6430205,6,1,1,0,1,45.0,0.0
1560.6475385,6,1,1,0,1,46.0,0.0
1560.6739485,3,1,1,0,1,45.0,0.0
1560.6769045,6,1,1,0,1,45.0,0.0
1560.6798655,6,2,2,0,10,47.0,27.566
1560.6891705,3,1,9,3,162,54.0,417.76
1560.694055,1,1,1,0,1,45.0,0.0
1560.6960795,6,1,1,0,1,45.0,0.0
1560.6973865,6,1,1,0,1,46.0,0.0
1560.697695,1,1,1,0,1,45.0,0.0
1560.6995575,6,1,1,0,1,45.0,0.0
1560.7010675,6,1,1,0,1,45.0,0.0
1560.7016155,6,1,1,0,1,45.0,0.0
1560.7057785,6,1,1,0,1,45.0,0.0
1560.7137835,6,1,1,0,4,46.0,9.173
1560.7222445,3,1,1,0,1,45.0,0.0
1560.730645,1,1,1,0,1,49.0,0.0
1560.732081,1,1,3,0,1,47.0,0.0
1560.7381525,6,1,1,0,1,45.0,0.0
1560.7435855,6,1,1,0,1,45.0,0.0
1560.7471465,3,1,1,0,1,45.0,0.0
1560.747149,1,2,3,0,3,49.0,13.18
1560.7595785,3,1,3,0,25,50.0,73.028
1560.766446,1,1,1,0,1,45.0,0.0
1560.773009,1,2,4,0,4,49.0,15.92
1560.8050435,6,1,3,0,1,46.0,0.0
1560.805055,1,1,5,0,1,49.0,0.0
1560.8224235,6,1,1,0,1,45.0,0.0
1560.832345,1,1,2,0,1,46.0,0.0
1560.8337175,6,1,1,0,1,46.0,0.0
1560.8456885,6,1,2,0,1,45.0,0.0
1560.860021,1,1,2,0,1,45.0,0.0
1560.8615445,6,1,2,0,1,46.0,0.0
1560.863839,1,1,1,0,1,45.0,0.0
1560.869563,1,1,3,0,1,49.0,0.0
1560.875879,1,2,2,0,2,47.0,36.131
1560.8880615,3,1,2,0,5,48.0,16.556
1560.8916215,6,1,1,0,1,45.0,0.0
1560.8947415,6,2,1,0,2,45.0,4.4
1560.8971545,6,1,1,0,1,45.0,0.0
1560.9005615,6,1,1,0,10,46.0,12.861
1560.9066335,3,2,1,0,2,46.0,3.324
1560.9393655,6,1,3,0,5,47.0,9.284
1560.9439875,6,1,1,0,1,46.0,0.0
1560.9475675,3,1,3,0,19,47.0,36.379
1560.9507865,3,1,1,0,1,45.0,0.0
1560.966284,1,7,27,17,173,76.0,23940.0
1560.9663235,3,1,3,0,18,50.0,44.262
1560.9663635,6,1,2,0,1,45.0,0.0
1560.9733385,3,1,1,0,5,47.0,11.043
1560.974227,1,1,1,0,1,45.0,0.0
1560.9813415,3,1,2,0,14,47.0,26.377
1560.9956665,6,1,1,0,1,45.0,0.0
1561.0028975,6,1,1,0,1,46.0,0.0
1561.0289445,6,1,2,0,1,45.0,0.0
1561.0337845,3,1,1,0,1,45.0,0.0
1561.0338065,6,1,1,0,1,45.0,0.0
1561.0361335,6,1,1,0,1,45.0,0.0
1561.038235,1,1,1,0,4,48.0,11.23
1561.0482865,3,1,2,0,1,46.0,0.0
1561.0486265,6,1,1,0,1,45.0,0.0
1561.0587865,6,1,1,0,1,45.0,0.0
1561.0603095,6,1,3,0,1,46.0,0.0
1561.0726285,6,1,1,0,1,45.0,0.0
1561.0810285,6,1,1,0,1,45.0,0.0
1561.087175,1,2,14,4,88,69.0,2910.0
1561.098513,1,1,1,0,1,47.0,0.0
1561.1277785,6,1,1,0,1,46.0,0.0
1561.1335325,3,1,1,0,1,45.0,0.0
1561.1392285,3,1,1,0,1,45.0,0.0
1561.1514055,6,1,1,0,4,46.0,8.697
1561.1674915,3,1,1,0,1,45.0,0.0
1561.241508,1,24,2,0,25,46.0,32.551
1561.2417775,3,1,1,0,1,45.0,0.0
1561.242083,1,1,1,0,1,46.0,0.0
1561.2439185,6,1,2,0,15,47.0,32.339
1561.2439205,3,1,1,0,1,45.0,0.0
1561.245005,1,1,1,0,1,47.0,0.0
1561.2462245,3,1,1,0,1,46.0,0.0
1561.252365,1,1,1,0,1,45.0,0.0
1561.2644165,6,1,1,0,1,45.0,0.0
1561.3005815,6,1,2,0,1,47.0,0.0
1561.3206905,3,1,2,0,10,49.0,35.675
1561.329373,5,2,36,22,351,71.0,16738.0
1561.3352895,3,1,7,1,61,53.0,204.012
1561.3394505,6,1,1,0,1,45.0,0.0
1561.3416335,6,1,1,0,1,45.0,0.0
1561.353116,1,1,1,0,4,46.0,8.948
1561.3546655,6,1,1,0,1,45.0,0.0
1561.3595085,3,1,3,0,36,47.0,48.486
1561.3844575,6,1,1,0,6,46.0,7.724
1561.3978115,3,1,1,0,5,48.0,14.754
1561.404593,1,1,2,0,1,46.0,0.0
1561.4178915,6,2,1,0,2,45.0,8.76
1561.420917,5,2,23,16,146,78.0,31148.0
1561.4209465,3,1,3,0,45,48.0,56.332
1561.4221355,6,1,1,0,1,45.0,0.0
1561.435309,1,2,2,0,8,49.0,66.957
1561.4384645,6,1,1,0,1,45.0,0.0
1561.4399545,6,1,1,0,1,45.0,0.0
1561.4502645,3,1,1,0,1,45.0,0.0
1561.4596875,6,1,1,0,1,45.0,0.0
1561.463142,1,2,2,0,2,49.0,9.639
1561.485898,1,1,1,0,1,45.0,0.0
1561.4932985,6,1,3,0,1,47.0,0.0
1561.4958515,3,1,2,0,35,46.0,28.795
1561.5029175,6,1,1,0,1,45.0,0.0
1561.5097925,6,4,11,4,60,68.0,2587.0
1561.5098465,3,1,2,0,21,48.0,39.082
1561.5123325,6,1,1,0,1,46.0,0.0
1561.5147555,3,1,1,0,4,48.0,12.773
1561.5249795,6,1,3,0,1,46.0,0.0
1561.5368095,6,1,1,0,1,45.0,0.0
1561.5429235,3,3,2,0,13,52.0,42.749
1561.563988,1,2,1,0,2,45.0,3.784
1561.5816275,6,1,2,0,1,46.0,0.0
1561.594869,1,1,1,0,1,45.0,0.0
1561.5976405,6,1,2,0,1,47.0,0.0
1561.6019715,6,1,1,0,1,45.0,0.0
1561.6152145,6,1,1,0,1,45.0,0.0
1561.6213185,6,1,2,0,4,47.0,12.044
1561.6248265,6,1,1,0,4,47.0,11.698
1561.6368495,3,1,1,0,1,45.0,0.0
1561.6383225,3,1,1,0,1,45.0,0.0
1561.6436915,6,1,3,0,1,47.0,0.0
1561.645764,1,1,2,0,26,49.0,35.637
1561.6473585,3,1,4,0,21,54.0,117.329
1561.6483495,3,1,7,1,41,53.0,178.793
1561.6572165,3,3,5,0,29,54.0,162.564
1561.6586275,6,1,1,0,1,47.0,0.0
1561.666555,1,2,1,0,3,47.0,9.736
1561.681242,1,1,1,0,1,45.0,0.0
1561.6832905,6,1,1,0,1,45.0,0.0
1561.7238745,6,4,7,4,52,74.0,4243.0
1561.7373585,3,1,2,0,1,46.0,0.0
1561.737401,1,1,2,0,1,46.0,0.0
1561.754881,1,2,1,0,2,45.0,4.826
1561.7571545,3,1,1,0,1,46.0,0.0
1561.7614295,3,2,4,0,40,50.0,77.007
1561.7796905,6,1,1,0,1,45.0,0.0
1561.7813745,6,1,2,0,4,47.0,10.983
1561.7828165,6,1,1,0,1,46.0,0.0
1561.7853375,6,1,1,0,1,45.0,0.0
1561.7977995,3,1,3,0,8,51.0,49.163
1561.797837,1,1,4,0,51,49.0,76.129
1561.8166185,3,1,2,0,4,49.0,16.917
1561.8221615,6,1,1,0,1,45.0,0.0
1561.826328,1,1,1,0,1,45.0,0.0
1561.8266655,6,1,2,0,1,47.0,0.0
1561.827799,5,1,9,3,95,69.0,1654.0
1561.8429455,3,1,6,0,42,53.0,112.319
1561.8506675,6,1,1,0,1,47.0,0.0
1561.8669795,6,1,1,0,1,45.0,0.0
1561.8724815,3,1,1,0,4,49.0,16.512
1561.8790365,6,1,1,0,1,45.0,0.0
1561.8998435,6,1,1,0,1,46.0,0.0
1561.905519,1,2,1,0,2,45.0,5.484
1561.9060865,6,1,1,0,1,45.0,0.0
1561.9079625,6,1,1,0,1,45.0,0.0
1561.933043,5,3,19,5,118,66.0,2799.0
1561.9330585,3,1,8,2,123,53.0,227.703
1561.9407175,3,1,5,0,20,50.0,34.853
1561.9487395,6,3,6,1,30,60.0,369.776
1561.948745,1,7,6,1,65,56.0,231.528
1561.948763,5,1,2,0,1,46.0,0.0
1561.9487635,3,1,2,0,25,47.0,34.116
1561.965925,1,1,5,0,45,53.0,115.704
1561.9659415,6,1,2,0,4,49.0,13.358
1561.9659515,3,1,4,0,21,51.0,91.681
1561.9731295,6,1,1,0,1,45.0,0.0
1561.9745135,6,1,8,1,98,55.0,276.44
1561.974533,5,2,9,0,28,53.0,174.244
1561.9745385,3,1,3,0,1,50.0,0.0
1561.974558,1,1,5,0,1,51.0,0.0
1561.980861,1,1,1,0,1,45.0,0.0
1561.981627,1,1,1,0,1,47.0,0.0
1561.9854055,6,1,2,0,1,49.0,0.0
1561.98777,5,1,3,0,1,46.0,0.0
1561.9878585,6,1,4,0,21,52.0,100.726
1561.991277,1,3,2,0,11,57.0,175.336
1561.9934455,6,1,1,0,1,51.0,0.0
1562.0019055,3,2,1,0,2,45.0,3.784
1562.004385,5,1,1,0,4,48.0,12.546
1562.006886,5,1,2,0,1,46.0,0.0
1562.006888,1,1,4,0,1,52.0,0.0
1562.008615,1,2,7,1,38,59.0,437.422
1562.008742,5,2,3,0,6,53.0,60.817
1562.0087715,6,1,2,0,14,47.0,18.563
1562.013142,1,1,2,0,1,51.0,0.0
1562.0131485,6,1,1,0,1,45.0,0.0
1562.0141165,6,1,1,0,1,45.0,0.0
1562.016855,5,2,1,0,2,46.0,13.574
1562.0168705,6,1,1,0,1,45.0,0.0
1562.021027,5,2,5,0,20,55.0,103.958
1562.0210525,6,1,1,0,7,49.0,20.177
1562.021303,1,2,8,1,71,53.0,232.529
1562.0252275,6,1,1,0,1,45.0,0.0
1562.032698,1,3,7,1,43,61.0,402.066
1562.0331525,3,8,6,1,83,56.0,297.64
1562.033167,2,1,3,0,13,55.0,125.166
1562.033174,5,2,8,1,56,55.0,276.62
1562.0331805,6,2,8,2,115,53.0,312.391
1562.033246,1,2,2,0,3,47.0,10.614
1562.0357845,6,11,4,1,34,59.0,282.131
1562.035807,5,2,4,0,2,53.0,9.686
1562.03583,1,1,2,0,1,51.0,0.0
1562.040414,5,3,3,0,11,51.0,61.704
1562.041088,1,2,5,1,37,57.0,210.081
1562.041908,5,5,3,0,11,53.0,92.331
1562.0419185,6,1,2,0,1,47.0,0.0
1562.042936,1,10,6,0,27,51.0,130.043
1562.0429465,6,1,5,0,51,51.0,96.203
1562.0429475,3,1,2,0,5,49.0,18.824
1562.042964,5,2,4,0,7,48.0,17.122
1562.0440915,6,1,2,0,21,47.0,30.969
1562.0453875,6,2,1,0,2,47.0,5.098
1562.053387,5,1,1,0,1,47.0,0.0
1562.054769,1,2,1,0,4,47.0,14.646
1562.0582195,6,4,2,0,5,49.0,20.723
1562.05823,5,1,1,0,1,47.0,0.0
1562.05955,1,2,2,0,3,50.0,19.571
1562.0625485,6,1,2,0,5,46.0,8.925
1562.0660605,6,12,10,3,43,65.0,2385.0
1562.066089,5,1,3,0,26,48.0,47.063
1562.066098,1,1,5,0,38,52.0,116.207
1562.0735725,6,3,5,0,17,55.0,156.415
1562.073955,5,7,4,0,18,57.0,259.227
1562.0743935,6,1,2,0,5,47.0,13.751
1562.074398,1,1,1,0,1,45.0,0.0
1562.077364,5,2,4,0,2,51.0,13.128
1562.0773675,6,1,5,0,11,52.0,49.293
1562.0773855,3,1,2,0,1,45.0,0.0
1562.086091,1,11,24,8,228,63.0,2911.0
1562.086105,2,38,19,8,127,61.0,3015.0
1562.0861085,6,5,20,8,188,63.0,2748.0
1562.0861115,3,12,15,5,176,62.0,1471.0
1562.086118,5,2,22,5,175,59.0,1214.0
1562.0874815,6,2,3,0,19,50.0,71.41
1562.0955085,6,2,3,0,4,55.0,55.415
1562.0962565,6,1,2,0,4,51.0,19.964
1562.0997305,6,1,1,0,1,45.0,0.0
1562.103489,5,2,3,0,2,47.0,6.26
1562.105213,1,1,4,0,19,57.0,179.839
1562.105215,5,1,3,0,1,48.0,0.0
1562.1084035,6,1,1,0,1,45.0,0.0
1562.1140165,6,1,1,0,1,47.0,0.0
1562.118628,5,2,5,0,2,54.0,24.964
1562.1188005,6,22,14,4,74,68.0,3235.0
1562.1188325,3,41,4,0,53,50.0,99.917
1562.118837,1,1,13,1,73,51.0,204.109
1562.1268085,6,2,3,0,6,50.0,26.535
1562.132527,5,1,1,0,1,49.0,0.0
1562.136612,5,3,3,0,5,47.0,19.977
1562.137156,5,2,5,0,122,48.0,57.711
1562.137258,1,1,10,1,78,52.0,177.937
1562.1372665,3,1,1,0,1,45.0,0.0
1562.1372665,6,1,5,0,22,54.0,118.48
1562.137277,2,1,3,0,1,57.0,0.0
1562.1382325,6,2,2,0,2,49.0,6.569
1562.140394,1,1,7,1,51,52.0,167.641
1562.1404275,6,1,2,0,1,48.0,0.0
1562.1473475,3,1,1,0,4,46.0,10.14
1562.147361,1,1,2,0,1,48.0,0.0
1562.1478185,6,1,2,0,1,53.0,0.0
1562.14908,5,3,4,0,8,53.0,72.415
1562.150764,5,1,1,0,1,45.0,0.0
1562.151507,5,2,2,0,2,47.0,3.813
1562.152379,5,2,2,0,4,46.0,13.782
1562.1579145,3,1,2,0,8,51.0,36.733
1562.1579415,6,1,2,0,4,48.0,12.587
1562.1597905,3,1,1,0,1,45.0,0.0
1562.1598055,6,1,2,0,4,48.0,11.895
1562.17248,1,3,3,0,13,51.0,134.602
1562.1733495,6,1,3,0,10,47.0,21.242
1562.174784,2,1,9,2,62,58.0,631.766
1562.174785,5,77,12,2,78,55.0,344.231
1562.174786,1,1,15,2,93,55.0,502.908
1562.1747895,3,1,8,1,94,52.0,202.585
1562.1747895,6,2,16,3,136,55.0,609.596
1562.175533,1,1,2,0,1,50.0,0.0
1562.175756,5,3,2,0,4,49.0,24.525
1562.1774215,3,1,1,0,4,52.0,27.715
1562.177432,5,1,1,0,1,45.0,0.0
1562.1774635,6,1,1,0,1,45.0,0.0
1562.179251,1,4,3,0,8,53.0,91.236
1562.1797115,6,3,4,1,20,63.0,484.156
1562.1805235,6,2,1,0,2,48.0,8.402
1562.1813025,6,1,3,0,7,49.0,32.51
1562.189602,5,1,3,0,1,48.0,0.0
1562.1916575,6,2,12,3,123,61.0,734.883
1562.1916605,3,1,4,0,44,50.0,60.979
1562.191663,1,1,12,2,97,55.0,425.572
1562.191681,5,27,8,1,53,52.0,217.257
1562.194637,5,1,2,0,1,53.0,0.0
1562.1972255,6,1,2,0,7,52.0,50.032
1562.2025765,6,1,2,0,4,52.0,24.345
1562.206645,5,14,11,1,59,51.0,325.21
1562.20665,1,2,4,0,13,50.0,35.956
1562.2066545,6,1,2,0,1,47.0,0.0
1562.2096095,6,1,1,0,1,45.0,0.0
1562.215798,5,1,2,0,1,45.0,0.0
1562.771981,1,1,2,0,4,48.0,12.263
1562.785606,1,1,3,0,42,48.0,56.623
1562.7878395,6,1,1,0,1,47.0,0.0
1562.7933755,3,1,7,1,77,53.0,179.055
1562.7947185,3,1,2,0,1,46.0,0.0
1562.8000765,6,1,1,0,11,45.0,11.499
1562.8023965,6,1,1,0,1,45.0,0.0
1562.804669,5,3,20,7,166,68.0,3711.0
1562.80472,1,1,5,0,70,48.0,91.71
1562.8047585,3,1,2,0,5,49.0,14.452
1562.8067995,6,1,1,0,1,45.0,0.0
1562.8106995,6,1,2,0,1,47.0,0.0
1562.8107075,3,1,4,0,14,50.0,58.223
1562.811864,1,1,2,0,1,46.0,0.0
1562.8126105,3,1,1,0,1,46.0,0.0
1562.818201,1,1,1,0,1,47.0,0.0
1562.8235865,3,1,3,0,9,50.0,40.431
1562.8278145,6,1,1,0,1,47.0,0.0
1562.828611,1,8,44,39,335,84.0,105702.0
1562.82862,2,10,36,21,259,71.0,15447.0
1562.8286215,3,18,31,14,289,69.0,7481.0
1562.82863,5,45,32,11,241,67.0,5411.0
1562.8286405,6,10,31,16,353,69.0,8900.0
1562.8345685,3,1,1,0,4,50.0,20.369
1562.8365015,6,1,2,0,1,46.0,0.0
1562.8367765,3,1,3,0,9,46.0,15.933
1562.8414595,6,1,2,0,1,46.0,0.0
1562.8457585,3,1,1,0,1,45.0,0.0
1562.8575785,3,1,1,0,1,45.0,0.0
1562.8599555,6,1,2,0,1,47.0,0.0
1562.8702785,3,1,1,0,1,45.0,0.0
1562.8712745,3,1,3,0,4,49.0,12.73
1562.8779565,3,1,1,0,1,45.0,0.0
1562.8845215,3,1,3,0,15,54.0,75.792
1562.8863635,6,1,1,0,4,45.0,8.65
1562.8966285,6,1,1,0,1,45.0,0.0
1562.9051585,6,1,1,0,1,46.0,0.0
1562.9060825,3,2,1,0,2,45.0,4.055
1562.9088685,3,1,1,0,1,45.0,0.0
1562.927401,1,1,1,0,1,45.0,0.0
1562.930939,1,2,5,0,40,49.0,101.332
1562.9309545,3,1,1,0,1,45.0,0.0
1562.9381395,6,1,2,0,1,46.0,0.0
1562.9572785,3,1,1,0,1,45.0,0.0
1562.969653,1,2,1,0,3,45.0,11.57
1562.971556,1,1,1,0,1,45.0,0.0
1562.9817865,3,2,4,0,9,51.0,47.559
1562.981788,1,19,5,1,101,49.0,168.643
1562.994386,1,1,4,1,75,49.0,89.049
1562.9943965,3,2,6,0,45,48.0,114.257
1562.9999595,3,1,1,0,4,47.0,9.107
1563.0034005,6,1,1,0,1,45.0,0.0
1563.0359875,6,1,1,0,1,45.0,0.0
1563.037532,1,2,6,0,3,48.0,7.897
1563.0512615,6,1,1,0,1,45.0,0.0
1563.0542725,3,1,4,0,32,53.0,161.477
1563.0573325,6,1,2,0,8,47.0,16.519
1563.063583,1,1,2,0,1,45.0,0.0
1563.0706895,6,1,2,0,1,47.0,0.0
1563.077705,1,1,1,0,1,45.0,0.0
1563.0812985,6,1,1,0,1,47.0,0.0
1563.082166,1,2,1,0,2,46.0,7.006
1563.102489,1,1,1,0,1,45.0,0.0
1563.1025375,6,1,1,0,1,45.0,0.0
1563.1029685,3,2,7,1,84,51.0,157.968
1563.106485,1,2,1,0,3,48.0,11.07
1563.1173575,3,2,5,0,30,52.0,137.652
1563.1231865,6,1,1,0,4,47.0,11.191
1563.1501835,6,1,1,0,1,45.0,0.0
1563.16011,5,9,23,7,159,68.0,4142.0
1563.1835025,6,2,11,6,162,70.0,5084.0
1563.1835505,3,1,3,0,10,46.0,13.693
1563.1844955,3,1,1,0,1,45.0,0.0
1563.1858915,3,1,2,0,8,48.0,23.687
1563.1881725,6,2,2,0,2,45.0,4.927
1563.1954705,6,1,1,0,1,45.0,0.0
1563.196087,1,1,1,0,1,45.0,0.0
1563.1997555,6,1,1,0,1,46.0,0.0
1563.209101,1,1,1,0,1,47.0,0.0
1563.209762,1,1,4,0,1,49.0,0.0
1563.2128105,3,1,3,0,178,47.0,50.402
1563.217209,1,1,1,0,1,45.0,0.0
1563.2281815,3,1,1,0,1,45.0,0.0
1563.2284805,6,1,2,0,1,47.0,0.0
1563.247915,1,1,1,0,1,45.0,0.0
1563.2485035,3,1,4,1,153,51.0,168.826
1563.2516015,3,1,3,0,34,50.0,66.075
1563.2609925,3,1,1,0,1,45.0,0.0
1563.2656905,3,1,1,0,5,47.0,13.132
1563.265732,1,1,1,0,1,45.0,0.0
1563.280609,5,26,85,178,631,89.0,1170000.0
1563.2806125,3,17,61,99,706,83.0,246835.0
1563.280613,1,13,83,125,551,83.0,382019.0
1563.280618,2,27,72,155,528,83.0,576001.0
1563.2806205,6,27,73,134,625,86.0,523311.0
1563.280622,4,9,36,22,269,73.0,19802.0
1563.2826915,3,9,5,1,76,54.0,191.82
1563.2849475,3,1,1,0,4,48.0,12.113
1563.287828,5,11,22,8,159,68.0,4879.0
1563.2878375,3,2,9,1,87,54.0,230.434
1563.2928945,3,3,7,1,57,54.0,143.589
1563.2945235,6,1,1,0,1,45.0,0.0
1563.3029585,3,1,2,0,5,52.0,36.609
1563.3089685,3,2,5,0,24,50.0,73.34
1563.3128725,3,1,1,0,1,45.0,0.0
1563.3167165,6,1,1,0,1,45.0,0.0
1563.3175745,3,1,2,0,1,47.0,0.0
1563.3236405,3,2,2,0,2,47.0,3.435
1563.327441,1,1,1,0,1,45.0,0.0
1563.3304655,6,1,1,0,4,46.0,9.099
1563.3383915,3,1,3,1,204,48.0,70.718
1563.340113,1,1,2,0,1,48.0,0.0
1563.3523745,6,1,1,0,1,45.0,0.0
1563.354166,5,4,40,11,294,67.0,4550.0
1563.358794,1,1,1,0,1,45.0,0.0
1563.3712065,6,1,2,0,5,46.0,10.463
1563.3759415,6,1,1,0,1,45.0,0.0
1563.3800285,3,1,1,0,1,45.0,0.0
1563.380034,1,1,1,0,1,45.0,0.0
1563.3873625,6,1,1,0,1,45.0,0.0
1563.396449,1,3,3,0,8,48.0,58.195
1563.4227935,6,1,1,0,1,45.0,0.0
1563.429459,1,104,81,39,563,70.0,26600.0
1563.429523,5,9,75,49,524,81.0,107094.0
1563.429533,2,18,60,35,462,70.0,23382.0
1563.4295345,6,20,63,34,693,72.0,26948.0
1563.4309545,3,1,3,0,4,51.0,21.918
1563.430971,1,1,1,0,1,48.0,0.0
1563.4314845,3,1,2,0,1,48.0,0.0
1563.4352545,3,2,2,0,5,50.0,23.424
1563.4352765,6,1,3,0,1,46.0,0.0
1563.4451425,6,1,1,0,1,45.0,0.0
1563.4550355,6,1,1,0,1,45.0,0.0
1563.464656,1,1,1,0,1,45.0,0.0
1563.4666025,6,2,1,0,2,45.0,11.626
1563.468864,1,1,1,0,1,49.0,0.0
1563.4849605,6,1,1,0,1,46.0,0.0
1563.4858145,3,1,1,0,1,45.0,0.0
1563.5017165,6,1,1,0,1,46.0,0.0
1563.5039845,6,1,2,0,1,47.0,0.0
1563.507525,1,3,3,0,4,48.0,23.309
1563.513355,1,1,2,0,1,47.0,0.0
1563.5266495,6,7,26,15,246,74.0,19785.0
1563.527326,1,1,6,2,183,49.0,162.301
1563.5274365,3,1,3,0,9,48.0,26.053
1563.532688,1,1,2,0,1,47.0,0.0
1563.5328985,3,1,2,0,5,52.0,28.282
1563.5341115,3,1,1,0,1,45.0,0.0
1563.5341365,6,1,1,0,1,45.0,0.0
1563.538465,1,1,2,0,1,45.0,0.0
1563.5394015,6,1,1,0,1,45.0,0.0
1563.5410925,6,1,1,0,1,45.0,0.0
1563.54522,1,1,8,2,170,49.0,183.175
1563.550007,1,1,1,0,1,45.0,0.0
1563.5538875,3,1,8,2,114,53.0,250.675
1563.5705555,3,1,9,2,146,52.0,309.514
1563.581824,1,2,1,0,3,45.0,13.005
1563.5871075,6,1,1,0,1,45.0,0.0
1563.58968,1,2,2,0,28,46.0,40.855
1563.5911005,6,1,2,0,97,46.0,43.399
1563.591817,5,8,33,13,192,70.0,9285.0
1563.5971315,6,16,16,6,180,67.0,3097.0
1563.5971785,3,1,6,1,64,49.0,126.678
1563.5983075,6,1,2,0,1,47.0,0.0
1563.5993995,3,1,2,0,4,52.0,25.992
1563.6003935,6,1,2,0,1,46.0,0.0
1563.6026105,6,2,2,0,9,47.0,26.98
1563.6053785,3,1,4,0,29,50.0,61.502
1563.6061105,6,1,1,0,1,45.0,0.0
1563.6093405,3,2,3,0,2,49.0,4.4
1563.616899,1,19,46,24,315,71.0,23362.0
1563.616913,2,65,34,18,190,68.0,12622.0
1563.616913,5,34,47,22,308,70.0,14697.0
1563.6169135,6,15,41,15,300,67.0,6941.0
1563.6251225,6,1,1,0,1,45.0,0.0
1563.6269675,3,1,1,0,1,45.0,0.0
1563.644577,2,25,33,24,233,72.0,21413.0
1563.6445775,6,6,38,19,306,71.0,13347.0
1563.644582,5,16,34,12,254,66.0,5297.0
1563.6715885,3,18,4,0,29,53.0,121.209
1563.681866,1,1,7,0,33,49.0,71.698
1563.6858955,3,24,34,18,329,67.0,9055.0
1563.685902,2,13,40,33,342,73.0,38633.0
1563.685903,5,14,50,29,335,74.0,35265.0
1563.6859125,6,11,40,21,277,69.0,13406.0
1563.69193,1,1,4,0,34,49.0,64.288
1563.6928355,3,1,1,0,1,45.0,0.0
1563.692854,1,1,2,0,1,48.0,0.0
1563.697645,1,1,3,0,1,49.0,0.0
1563.698964,1,9,47,30,296,76.0,35851.0
1563.6989665,6,17,40,23,308,71.0,18349.0
1563.698971,5,51,39,21,250,68.0,16271.0
1563.6989765,3,21,33,15,272,68.0,7981.0
1563.698978,2,24,37,24,288,69.0,18164.0
1563.7196315,3,22,8,2,118,54.0,306.591
1563.7214805,6,1,2,0,1,45.0,0.0
1563.7235865,6,1,1,0,1,45.0,0.0
1563.7330925,3,1,1,0,4,50.0,18.218
1563.7419215,6,1,1,0,1,45.0,0.0
1563.7469725,6,1,1,0,1,45.0,0.0
1563.7535985,3,1,1,0,1,46.0,0.0
1563.7630175,6,1,1,0,1,47.0,0.0
1563.7751845,6,1,1,0,1,45.0,0.0
1563.77711,1,1,2,0,1,46.0,0.0
1563.7787415,3,1,7,0,25,53.0,160.662
1563.7866365,6,1,1,0,1,45.0,0.0
1563.787422,1,1,1,0,1,45.0,0.0
1563.7903045,6,1,2,0,8,46.0,15.753
1563.82864,1,1,1,0,1,45.0,0.0
1563.830972,1,2,4,0,3,48.0,15.251
1563.8309925,3,1,2,0,1,47.0,0.0
1563.8348525,6,1,1,0,1,45.0,0.0
1563.836312,1,1,1,0,1,45.0,0.0
1563.8387795,6,1,1,0,1,45.0,0.0
1563.8402345,3,1,1,0,1,45.0,0.0
1563.8410555,6,1,3,0,5,46.0,9.753
1563.8410895,3,1,1,0,1,45.0,0.0
1563.8520165,6,1,1,0,1,46.0,0.0
1563.862719,1,1,1,0,1,45.0,0.0
1563.8659025,6,1,1,0,1,45.0,0.0
1563.8701245,6,1,1,0,1,47.0,0.0
1563.8773455,3,1,3,1,151,49.0,94.415
1563.8837715,3,1,1,0,1,49.0,0.0
1563.88475,1,2,1,0,3,47.0,14.104
1563.8861965,3,1,3,0,13,49.0,45.646
1563.887739,1,1,1,0,1,45.0,0.0
1563.8965565,3,1,2,0,4,51.0,29.686
1563.9016875,3,1,3,0,40,48.0,50.321
1563.9029465,3,1,3,0,55,47.0,66.197
1563.9100545,3,1,3,0,7,51.0,51.291
1563.9180765,3,1,5,0,34,51.0,109.465
1563.9233845,3,1,1,0,1,45.0,0.0
1563.93827,1,1,1,0,1,48.0,0.0
1563.9439835,6,1,1,0,1,45.0,0.0
1563.9485425,3,1,11,2,111,54.0,303.257
1563.9538685,6,1,1,0,1,47.0,0.0
1563.9591205,6,2,1,0,2,45.0,4.529
1563.969149,1,1,2,0,4,49.0,16.501
1563.9752945,3,1,4,0,11,51.0,50.802
1563.9817765,6,1,1,0,1,45.0,0.0
1563.986985,1,1,2,0,4,48.0,10.875
1563.994156,5,23,33,11,209,67.0,5853.0
1564.0064565,6,1,1,0,1,45.0,0.0
1564.0245155,3,1,2,0,1,45.0,0.0
1564.024538,1,1,2,0,21,46.0,23.921
1564.025286,1,1,3,0,1,46.0,0.0
1564.0322345,6,1,1,0,1,45.0,0.0
1564.0435915,3,1,6,0,39,51.0,103.552
1564.0459095,3,1,4,0,29,47.0,50.023
1564.0465535,3,4,4,0,18,53.0,111.01
1564.046571,1,1,6,0,30,49.0,77.545
1564.0484745,6,1,1,0,1,45.0,0.0
1564.0558465,3,1,2,0,9,53.0,74.748
1564.0569975,6,9,23,11,182,74.0,11828.0
1564.0710885,3,17,5,0,30,50.0,69.921
1564.074253,1,1,1,0,1,48.0,0.0
1564.0767,1,1,2,0,15,45.0,18.172
1564.0878815,6,1,2,0,1,47.0,0.0
1564.090958,1,1,1,0,1,45.0,0.0
1564.0933705,6,1,2,0,4,47.0,10.928
1564.0945315,3,1,1,0,1,45.0,0.0
1564.0966385,6,5,30,13,236,68.0,6953.0
1564.0985015,3,1,1,0,1,45.0,0.0
1564.105681,1,1,1,0,1,45.0,0.0
1564.1059265,3,1,1,0,1,45.0,0.0
1564.1075865,3,1,2,0,1,46.0,0.0
1564.1116865,6,1,2,0,5,47.0,12.118
1564.1187075,6,1,1,0,1,45.0,0.0
1564.1198495,6,2,1,0,2,47.0,8.226
1564.1203745,3,1,4,0,16,51.0,61.417
1564.1211315,6,1,1,0,1,45.0,0.0
1564.1235625,6,1,1,0,1,45.0,0.0
1564.1241685,6,1,2,0,1,47.0,0.0
1564.12763,1,1,1,0,1,45.0,0.0
1564.1357925,6,7,12,6,135,67.0,3692.0
1564.1358265,3,2,5,1,31,54.0,250.71
1564.1481985,3,1,1,0,1,45.0,0.0
1564.1500315,6,1,1,0,1,45.0,0.0
1564.1536365,6,1,1,0,1,45.0,0.0
1564.159134,5,11,34,15,230,67.0,10893.0
1564.1635225,6,1,2,0,1,46.0,0.0
1564.165578,1,1,1,0,1,45.0,0.0
1564.1657685,6,1,2,0,8,46.0,13.14
1564.1792735,3,1,1,0,1,45.0,0.0
1564.1921785,6,1,2,0,1,47.0,0.0
1564.194713,1,2,1,0,3,45.0,6.936
1564.1990565,6,2,2,0,3,46.0,23.8
1564.207855,1,1,1,0,1,47.0,0.0
1564.210374,1,1,1,0,1,45.0,0.0
1564.2143375,6,10,22,7,196,67.0,3770.0
1564.2188725,3,1,1,0,6,51.0,24.356
1564.2189135,6,1,1,0,1,45.0,0.0
1564.231214,1,2,1,0,3,49.0,12.073
1564.2352575,6,1,1,0,1,45.0,0.0
1564.2378765,3,1,1,0,1,45.0,0.0
1564.2378965,6,1,1,0,1,47.0,0.0
1564.2397395,3,1,3,0,36,49.0,74.499
1564.2423925,3,1,4,0,11,49.0,32.233
1564.2440585,3,1,4,0,46,50.0,107.674
1564.2538185,6,1,1,0,1,46.0,0.0
1564.2559505,3,1,6,1,69,50.0,132.783
1564.2581925,6,4,6,2,60,69.0,1846.0
1564.2668335,6,1,1,0,1,46.0,0.0
1564.267879,1,1,1,0,1,48.0,0.0
1564.2708825,6,1,1,0,1,45.0,0.0
1564.273439,5,10,35,13,250,68.0,7231.0
1564.276285,1,1,1,0,1,45.0,0.0
1564.2777735,3,1,3,0,1,46.0,0.0
1564.2817415,6,1,1,0,1,45.0,0.0
1564.2841965,6,1,1,0,1,45.0,0.0
1564.2847255,6,2,1,0,2,45.0,4.4
1564.2910765,3,1,1,0,1,45.0,0.0
1564.291485,1,1,1,0,1,45.0,0.0
1564.29216,1,2,1,0,3,45.0,11.821
1564.2977325,6,1,1,0,4,46.0,7.635
1564.2987675,6,1,2,0,1,47.0,0.0
1564.314173,1,1,1,0,1,45.0,0.0
1564.3181485,6,1,1,0,1,45.0,0.0
1564.3294265,3,1,2,0,5,52.0,30.053
1564.335726,1,1,4,0,1,48.0,0.0
1564.3396715,3,1,2,0,4,54.0,33.113
1564.3568225,6,1,1,0,1,45.0,0.0
1564.3592065,3,1,1,0,1,45.0,0.0
1564.3612915,6,1,3,0,14,47.0,14.656
1564.3621515,3,1,3,0,4,51.0,23.966
1564.373282,1,1,1,0,1,45.0,0.0
1564.379221,1,1,1,0,1,45.0,0.0
1564.397444,1,1,2,0,1,46.0,0.0
1564.4071445,3,1,1,0,1,45.0,0.0
1564.4182705,6,1,1,0,1,45.0,0.0
1564.4270335,6,1,1,0,1,45.0,0.0
1564.428781,1,1,1,0,1,49.0,0.0
1564.4326725,6,1,2,0,9,47.0,23.259
1564.433388,1,1,1,0,1,48.0,0.0
1564.442211,1,1,2,0,1,49.0,0.0
1564.4422275,6,1,1,0,1,46.0,0.0
1564.4489795,3,1,3,0,5,52.0,29.533
1564.4545975,6,1,2,0,1,47.0,0.0
1564.455736,1,1,2,0,1,48.0,0.0
1564.46868,1,2,3,0,6,49.0,35.758
1564.4692685,6,1,1,0,1,45.0,0.0
1564.4768505,6,1,2,0,1,45.0,0.0
1564.4778085,6,1,1,0,4,46.0,8.749
1564.479691,1,1,2,0,1,49.0,0.0
1564.4844175,3,1,4,0,19,50.0,52.918
1564.485124,1,1,2,0,1,49.0,0.0
1564.4862355,6,1,1,0,1,45.0,0.0
1564.4926945,3,1,1,0,1,45.0,0.0
1564.4969465,6,1,1,0,1,45.0,0.0
1564.504543,1,1,5,0,34,47.0,51.068
1564.507626,1,1,1,0,1,49.0,0.0
1564.5187555,6,1,1,0,1,45.0,0.0
1564.5204035,6,1,1,0,1,45.0,0.0
1564.521045,1,1,3,0,37,49.0,60.395
1564.522229,1,1,2,0,1,49.0,0.0
1564.5267475,6,8,23,10,201,69.0,6317.0
1564.5267575,3,2,12,3,154,54.0,523.552
1564.5285925,6,2,1,0,2,45.0,13.128
1564.5326255,3,1,3,0,20,47.0,18.182
1564.5343775,3,1,1,0,1,45.0,0.0
1564.5478405,6,1,1,0,1,45.0,0.0
1564.551389,1,1,1,0,1,47.0,0.0
1564.5572225,3,1,2,0,9,49.0,30.465
1564.557978,1,1,2,0,7,46.0,16.265
1564.5642055,3,1,1,0,1,45.0,0.0
1564.567092,1,1,3,0,26,49.0,35.585
1564.5671065,3,1,1,0,1,45.0,0.0
1564.5737815,3,1,2,0,82,47.0,47.687
1564.5787695,6,1,1,0,1,46.0,0.0
1564.578843,1,1,2,0,1,48.0,0.0
1564.5851235,6,1,1,0,1,45.0,0.0
1564.5888615,3,1,2,0,8,49.0,30.205
1564.6022935,6,1,1,0,4,46.0,8.833
1564.60379,1,1,4,0,1,48.0,0.0
1564.6038095,3,1,1,0,1,45.0,0.0
1564.60632,1,1,2,0,1,48.0,0.0
1564.6232995,6,1,1,0,1,47.0,0.0
1564.627336,1,2,2,0,3,47.0,9.854
1564.6295635,3,1,1,0,4,50.0,18.346
1564.63546,1,1,1,0,1,45.0,0.0
1564.641156,1,1,1,0,1,45.0,0.0
1564.645647,1,1,2,0,5,45.0,10.223
1564.6499145,6,1,1,0,1,45.0,0.0
1564.6532435,3,1,1,0,1,48.0,0.0
1564.6609095,6,1,1,0,1,45.0,0.0
1564.6660485,6,1,2,0,21,45.0,22.54
1564.6683535,3,1,4,0,66,50.0,88.641
1564.66837,1,1,5,0,14,49.0,51.738
1564.673564,1,1,2,0,47,46.0,46.988
1564.6793505,3,1,2,0,4,50.0,18.736
1564.686935,1,1,2,0,1,47.0,0.0
1564.7029675,3,1,3,0,18,49.0,44.026
1564.703023,1,2,2,0,2,48.0,3.352
1564.7068775,6,1,1,0,1,45.0,0.0
1564.7080205,6,1,1,0,1,45.0,0.0
1564.709577,1,1,1,0,1,45.0,0.0
1564.7197805,3,3,3,0,24,53.0,73.781
1564.7232455,3,1,3,0,64,49.0,75.616
1564.7274275,6,1,1,0,1,45.0,0.0
1564.7401625,3,1,2,0,8,52.0,51.436
1564.742214,1,1,1,0,1,46.0,0.0
1564.7428425,3,1,2,0,1,48.0,0.0
1564.743604,1,1,3,0,1,49.0,0.0
1564.7564985,6,1,1,0,1,45.0,0.0
1564.7685455,6,1,1,0,1,45.0,0.0
1564.7773465,3,1,1,0,4,47.0,8.802
1564.78793,1,2,1,0,2,47.0,6.222
1564.790703,1,1,2,0,1,49.0,0.0
1564.7907055,6,1,2,0,1,46.0,0.0
1564.7931155,6,1,1,0,1,45.0,0.0
1564.7949875,3,1,2,0,8,48.0,27.121
1564.7997805,3,2,1,0,2,46.0,7.837
1564.8026485,6,1,1,0,1,46.0,0.0
1564.8080035,3,1,2,0,18,48.0,47.671
1564.8161385,6,1,1,0,1,47.0,0.0
1564.8163505,3,1,4,0,48,51.0,91.094
1564.8182365,3,1,2,0,9,50.0,44.411
1564.8264825,3,1,1,0,1,45.0,0.0
1564.826599,1,2,1,0,2,45.0,5.377
1564.8349975,6,1,1,0,1,45.0,0.0
1564.841764,1,3,53,46,307,81.0,98319.0
1564.8417745,3,14,29,13,285,68.0,5596.0
1564.841777,2,12,38,30,270,71.0,29952.0
1564.8463335,6,1,1,0,1,45.0,0.0
1564.8493405,3,1,1,0,1,45.0,0.0
1564.8570725,3,1,1,0,1,45.0,0.0
1564.859955,1,2,3,0,20,49.0,49.696
1564.8686805,6,3,13,4,64,69.0,2825.0
1564.868715,1,1,5,0,35,47.0,55.337
1564.8687335,3,2,2,0,5,50.0,24.125
1564.87463,1,1,4,0,16,49.0,55.474
1564.885243,1,1,3,0,26,49.0,40.285
1564.8884015,6,1,1,0,1,45.0,0.0
1564.894161,1,1,2,0,1,48.0,0.0
1564.898238,1,7,4,0,9,49.0,43.759
1564.8982545,6,1,2,0,1,46.0,0.0
1564.8982605,3,1,1,0,1,45.0,0.0
1564.9027445,6,1,1,0,1,45.0,0.0
1564.9047175,6,2,1,0,3,47.0,12.528
1564.9104025,6,1,1,0,1,45.0,0.0
1564.9141245,3,2,3,0,14,48.0,36.086
1564.9141535,6,1,1,0,15,46.0,22.784
1564.9157245,3,1,2,0,1,45.0,0.0
1564.9163475,6,1,1,0,1,47.0,0.0
1564.921649,1,1,4,0,10,47.0,25.076
1564.9310555,6,1,1,0,1,45.0,0.0
1564.9370305,3,1,1,0,1,45.0,0.0
1564.9416075,6,1,1,0,1,46.0,0.0
1564.9416215,3,1,1,0,1,45.0,0.0
1564.94527,5,12,38,15,234,70.0,9551.0
1564.9452705,6,22,35,14,264,67.0,6204.0
1564.9507245,3,1,1,0,1,45.0,0.0
1564.953858,1,1,1,0,1,45.0,0.0
1564.9567525,3,2,1,0,5,45.0,11.601
1564.9616565,3,1,1,0,8,47.0,13.85
1564.961658,1,1,5,0,59,48.0,74.643
1564.9637055,6,1,2,0,4,47.0,12.988
1564.9665465,6,1,1,0,5,46.0,8.543
1564.9727985,6,1,1,0,1,45.0,0.0
1564.9862985,6,1,1,0,1,45.0,0.0
1564.9900735,3,1,7,1,96,49.0,122.667
1564.991087,1,1,2,0,15,46.0,23.695
1565.005016,1,1,2,0,1,47.0,0.0
1565.0050375,3,1,1,0,1,45.0,0.0
1565.0057575,3,1,1,0,1,45.0,0.0
1565.005804,1,1,2,0,1,47.0,0.0
1565.01214,1,1,1,0,1,45.0,0.0
1565.0137305,6,1,1,0,1,46.0,0.0
1565.0154205,6,1,1,0,1,47.0,0.0
1565.019163,1,2,1,0,3,45.0,6.985
1565.0191835,3,1,2,0,20,45.0,15.18
1565.0207195,3,1,2,0,12,46.0,19.835
1565.0243635,6,2,2,0,13,47.0,32.049
1565.0280195,3,1,3,0,34,48.0,51.212
1565.028905,5,22,60,72,386,81.0,180697.0
1565.0289085,3,11,40,37,479,74.0,32891.0
1565.02891,1,27,63,53,398,74.0,74342.0
1565.028914,4,14,28,7,155,62.0,2529.0
1565.028914,2,42,54,62,341,80.0,138142.0
1565.0289165,6,20,53,56,472,78.0,97045.0
1565.0303775,6,1,1,0,1,45.0,0.0
1565.0309355,3,1,1,0,4,48.0,12.029
1565.0334055,3,1,2,0,1,46.0,0.0
1565.038598,1,1,2,0,1,49.0,0.0
1565.0397405,3,2,1,0,2,49.0,11.835
1565.039932,1,1,1,0,1,47.0,0.0
1565.0399385,6,1,2,0,16,46.0,23.119
1565.0416985,3,6,25,14,266,75.0,15809.0
1565.041713,2,22,37,17,239,70.0,11597.0
1565.044572,1,1,3,0,1,48.0,0.0
1565.0445755,3,1,1,0,1,45.0,0.0
1565.0476185,3,1,1,0,4,52.0,35.935
1565.0512595,6,1,1,0,1,45.0,0.0
1565.0589495,6,1,1,0,1,45.0,0.0
1565.0613445,6,1,3,0,4,47.0,10.406
1565.061596,5,10,32,11,221,67.0,5652.0
1565.0625405,6,1,3,0,4,47.0,14.022
1565.080723,1,2,1,0,2,45.0,3.784
1565.08174,1,1,2,0,1,49.0,0.0
1565.08175,5,1,1,0,1,45.0,0.0
1565.0820555,6,1,1,0,1,48.0,0.0
1565.087259,5,1,4,0,15,54.0,61.358
1565.0877435,6,2,1,0,3,53.0,41.757
1565.094628,5,3,5,1,58,58.0,338.632
1565.094633,1,17,8,0,35,51.0,114.225
1565.0946355,3,1,2,0,1,46.0,0.0
1565.0946495,6,2,3,0,15,56.0,100.191
1565.0953165,6,3,8,0,22,57.0,271.201
1565.0984285,3,4,15,5,197,62.0,1479.0
1565.098439,1,17,22,6,175,63.0,2353.0
1565.098444,5,46,20,4,126,58.0,1255.0
1565.098451,2,9,11,6,152,62.0,1894.0
1565.0984605,6,9,18,5,155,60.0,1322.0
1565.1117105,6,1,1,0,1,45.0,0.0
1565.111755,1,2,1,0,3,49.0,11.467
1565.1135405,6,3,10,1,52,58.0,406.813
1565.1135525,3,1,2,0,1,46.0,0.0
1565.113555,1,1,4,0,4,48.0,8.513
1565.113626,5,1,1,0,1,45.0,0.0
1565.114222,1,4,21,7,175,66.0,2885.0
1565.1142335,3,1,14,2,115,53.0,391.347
1565.114247,2,2,7,1,24,61.0,738.489
1565.1142485,6,5,14,3,106,57.0,857.469
1565.114252,5,26,16,2,107,56.0,505.749
1565.1174745,3,1,1,0,1,45.0,0.0
1565.1246295,6,1,7,0,20,51.0,38.356
1565.124656,2,1,1,0,1,51.0,0.0
1565.124673,1,1,4,0,12,49.0,43.972
1565.125861,1,1,2,0,1,48.0,0.0
1565.1289855,6,2,2,0,7,51.0,33.523
1565.1312355,6,2,2,0,19,53.0,94.407
1565.1341105,6,1,2,1,202,48.0,82.787
1565.138329,5,1,2,0,5,48.0,10.645
1565.14176,1,1,3,0,1,49.0,0.0
1565.1417625,3,1,3,0,25,50.0,60.144
1565.1417965,6,1,3,0,1,48.0,0.0
1565.1447055,6,1,1,0,1,45.0,0.0
1565.149326,5,1,1,0,1,45.0,0.0
1565.15323,1,2,1,0,2,45.0,3.665
1565.1537155,6,2,4,0,11,60.0,358.337
1565.153773,1,1,1,0,9,46.0,14.666
1565.1547925,6,1,2,0,4,48.0,12.141
1565.1560255,6,1,2,0,1,45.0,0.0
1565.1575455,6,1,6,1,164,54.0,125.139
1565.157692,5,3,8,1,35,58.0,426.147
1565.1656705,3,1,2,0,1,46.0,0.0
1565.165686,1,1,3,0,1,49.0,0.0
1565.1668585,6,1,1,0,1,45.0,0.0
1565.17127,5,7,12,3,44,65.0,2326.0
1565.1712855,6,9,10,2,117,56.0,491.629
1565.171291,2,1,2,0,1,51.0,0.0
1565.1712965,3,1,4,0,21,50.0,56.217
1565.171359,1,1,2,0,1,48.0,0.0
1565.1754275,6,1,2,0,8,49.0,27.246
1565.176779,1,3,5,0,13,55.0,141.526
1565.1769105,6,1,1,0,1,47.0,0.0
1565.1781345,3,1,2,0,1,45.0,0.0
1565.178142,2,1,2,0,1,52.0,0.0
1565.1820805,6,2,1,0,5,52.0,34.837
1565.1836225,6,2,1,0,3,49.0,18.279
1565.183881,5,2,9,1,49,58.0,341.272
1565.183925,1,2,4,0,52,47.0,74.516
1565.186219,5,4,1,0,5,48.0,24.099
1565.1884395,3,1,2,0,1,47.0,0.0
1565.1884775,6,1,2,0,1,47.0,0.0
1565.1890255,6,1,1,0,1,48.0,0.0
1565.191023,1,191,13,3,240,53.0,506.427
1565.191187,5,3,5,0,10,58.0,262.654
1565.1911885,3,2,4,0,37,52.0,117.901
1565.191207,2,2,2,0,3,52.0,38.844
1565.1912265,6,2,7,0,49,51.0,122.087
1565.192681,1,4,8,1,42,60.0,541.76
1565.200005,1,1,19,4,84,65.0,1627.0
1565.2000185,3,1,4,1,62,50.0,110.102
1565.2000265,6,1,12,3,161,56.0,666.197
1565.200031,2,4,7,1,32,58.0,669.341
1565.200045,5,3,6,0,23,51.0,103.067
1565.2021955,3,1,3,0,48,49.0,59.124
1565.202199,2,1,6,1,44,59.0,366.825
1565.202211,1,1,2,0,1,46.0,0.0
1565.202212,5,2,2,0,2,46.0,5.773
1565.2022355,6,191,4,1,201,51.0,132.116
1565.2109985,6,1,1,0,1,45.0,0.0
1565.216444,5,4,3,0,22,57.0,201.693
1565.2164755,6,1,2,0,1,47.0,0.0
1565.219388,1,8,12,3,122,60.0,559.676
1565.2193935,6,1,11,2,115,57.0,409.664
1565.219402,5,2,9,0,27,54.0,167.398
1565.2194045,3,1,5,0,32,51.0,79.774
1565.221321,5,2,1,0,2,49.0,6.569
1565.2260685,6,1,1,0,4,48.0,15.537
1565.2352945,6,1,1,0,1,47.0,0.0
1565.235652,5,1,3,0,1,47.0,0.0
1565.24172,1,1,2,0,1,47.0,0.0
1565.2417945,6,1,1,0,1,49.0,0.0
1565.242839,5,1,7,1,141,50.0,140.426
1565.2428555,6,82,12,3,118,65.0,1564.0
1565.2429985,3,1,1,0,1,45.0,0.0
1565.24301,1,1,2,0,59,48.0,42.881
1565.2437695,6,1,3,0,7,53.0,46.348
1565.2443265,6,1,2,0,1,45.0,0.0
1565.245815,1,1,1,0,1,49.0,0.0
1565.2468685,3,2,7,1,59,61.0,702.169
1565.246882,1,19,11,1,65,55.0,350.946
1565.246887,5,14,12,2,91,55.0,588.644
1565.246897,2,2,4,2,65,59.0,571.881
1565.2469025,6,1,4,1,88,51.0,130.185
1565.2485915,3,2,1,0,7,56.0,94.129
1565.248598,5,7,4,0,17,53.0,181.308
1565.248608,2,1,2,0,1,51.0,0.0
1565.253615,5,4,4,0,34,55.0,158.638
1565.254536,5,13,3,0,14,51.0,48.123
1565.2578195,6,1,1,0,1,50.0,0.0
1565.264305,2,23,32,23,258,70.0,16549.0
1565.264311,1,10,47,25,239,73.0,25087.0
1565.2643125,3,6,27,14,300,66.0,5723.0
1565.2643125,6,39,38,17,329,65.0,8068.0
1565.264319,5,18,48,17,301,66.0,8028.0
1565.264331,4,42,5,1,68,55.0,326.579
1565.2666645,6,2,3,0,19,58.0,234.718
1565.2683165,6,1,1,0,1,48.0,0.0
1565.269214,1,1,2,0,1,47.0,0.0
1565.2697115,6,1,2,0,4,50.0,19.771
1565.270339,5,14,21,4,102,63.0,1650.0
1565.270344,1,1,18,3,101,55.0,634.419
1565.2703515,3,1,7,1,79,52.0,186.68
1565.2703535,6,23,8,3,100,61.0,994.119
1565.270356,2,1,11,2,61,59.0,738.747
1565.271324,5,2,5,1,42,63.0,713.571
1565.2713525,6,1,1,0,1,47.0,0.0
1565.271794,1,1,5,0,1,48.0,0.0
1565.2718145,3,1,1,0,1,45.0,0.0
1565.272707,5,2,5,0,2,52.0,9.125
1565.2786475,6,1,1,0,1,45.0,0.0
1565.2793225,6,1,3,0,1,46.0,0.0
1565.279326,5,2,2,0,2,49.0,5.064
1565.2793275,3,1,1,0,1,47.0,0.0
1565.281835,1,2,1,0,3,51.0,28.178
1565.2885625,6,20,43,23,280,72.0,17773.0
1565.288563,1,8,51,26,354,74.0,21689.0
1565.288568,2,111,42,25,264,69.0,17478.0
1565.28857,5,28,52,19,319,68.0,10195.0
1565.2885745,3,12,27,12,249,65.0,5251.0
1565.288594,4,2,7,2,92,52.0,316.263
1565.290113,5,2,1,0,3,48.0,12.778
1565.2906625,6,1,1,0,1,45.0,0.0
1565.29548,5,4,4,0,5,53.0,54.053
1565.2955115,6,1,1,0,1,46.0,0.0
1565.2994455,6,1,2,0,5,46.0,9.201
1565.301934,1,1,3,0,6,53.0,43.423
1565.3019475,6,1,2,0,8,48.0,19.047
1565.3031805,6,1,7,1,24,59.0,302.613
1565.304823,5,2,2,0,3,46.0,7.144
1565.3056905,6,1,2,0,1,48.0,0.0
1565.3081095,6,1,6,0,21,56.0,228.763
1565.308139,1,1,1,0,1,45.0,0.0
1565.3122795,6,2,3,0,26,51.0,75.964
1565.31229,1,1,2,0,1,46.0,0.0
1565.314046,5,1,1,0,1,45.0,0.0
1565.314876,1,4,38,18,280,76.0,21288.0
1565.3148905,3,6,18,5,269,59.0,1015.0
1565.314899,2,1,16,7,235,61.0,2002.0
1565.314903,5,5,29,7,285,57.0,1394.0
1565.3149065,6,5,19,6,245,62.0,1777.0
1565.3159565,3,1,1,0,1,45.0,0.0
1565.322126,1,1,2,0,7,48.0,15.069
1565.331125,5,2,5,0,15,54.0,128.624
1565.3312655,6,2,6,1,33,59.0,320.654
1565.335777,5,13,24,11,182,69.0,8407.0
1565.3357885,3,14,15,4,201,58.0,828.412
1565.335792,2,2,16,5,115,60.0,1932.0
1565.3357935,6,10,20,6,146,61.0,1936.0
1565.335799,1,35,19,4,177,57.0,913.157
1565.337466,1,1,2,0,1,50.0,0.0
1565.338758,1,1,1,0,1,45.0,0.0
1565.339277,5,2,2,0,3,50.0,25.719
1565.343687,5,2,3,0,2,47.0,4.305
1565.3436935,6,1,4,0,1,48.0,0.0
1565.345359,1,1,3,0,17,48.0,20.405
1565.3453595,6,11,6,0,40,53.0,139.153
1565.3453705,3,1,1,0,1,45.0,0.0
1565.3459195,6,1,3,0,4,50.0,17.083
1565.9031875,3,1,1,0,4,45.0,7.337
1565.9075085,6,3,15,5,136,68.0,2417.0
1565.9075275,3,1,5,1,116,53.0,211.774
1565.911386,1,1,2,0,1,45.0,0.0
1565.91279,1,1,2,0,1,47.0,0.0
1565.913841,1,1,1,0,1,45.0,0.0
1565.9141745,3,1,1,0,5,51.0,23.96
1565.9169995,6,6,28,11,222,68.0,6957.0
1565.9236,1,2,1,0,2,49.0,15.915
1565.9236295,6,1,1,0,1,45.0,0.0
1565.926216,1,1,3,0,1,46.0,0.0
1565.92821,1,1,1,0,1,47.0,0.0
1565.930468,1,1,1,0,1,45.0,0.0
1565.9306035,6,1,1,0,1,45.0,0.0
1565.931557,1,1,5,0,1,47.0,0.0
1565.9315745,3,1,3,0,49,49.0,84.144
1565.935311,1,1,2,0,4,47.0,11.016
1565.9353655,6,1,1,0,1,46.0,0.0
1565.9428465,6,1,3,0,1,47.0,0.0
1565.946052,1,1,1,0,1,45.0,0.0
1565.9461075,6,1,1,0,1,45.0,0.0
1565.9479365,6,1,1,0,1,45.0,0.0
1565.9493345,3,1,1,0,1,45.0,0.0
1565.951372,1,8,28,13,185,70.0,8960.0
1565.958465,1,2,2,0,3,48.0,11.698
1565.9591335,6,1,1,0,1,45.0,0.0
1565.9722475,3,2,10,2,96,53.0,301.489
1565.9740095,6,1,2,0,1,47.0,0.0
1565.9786645,6,1,1,0,1,45.0,0.0
1565.980531,1,1,1,0,1,45.0,0.0
1565.9870075,3,1,3,1,86,52.0,97.496
1565.988384,1,1,1,0,1,45.0,0.0
1565.988977,1,1,1,0,4,49.0,14.496
1565.9913255,3,1,5,0,39,51.0,100.923
1565.9924385,3,1,2,0,7,53.0,77.841
1565.9957825,3,1,1,0,1,47.0,0.0
1566.0030235,3,1,2,0,8,52.0,43.159
1566.0063215,3,1,1,0,1,45.0,0.0
1566.006359,1,1,2,0,1,46.0,0.0
1566.0094625,3,1,2,0,8,52.0,51.661
1566.0154975,3,1,1,0,5,48.0,18.586
1566.0167245,6,1,1,0,1,45.0,0.0
1566.0204665,6,1,1,0,1,45.0,0.0
1566.021244,1,1,3,0,24,47.0,37.335
1566.0221495,3,1,5,1,83,48.0,109.625
1566.033774,5,8,13,7,86,69.0,6892.0
1566.0356565,6,151,30,11,333,68.0,5401.0
1566.037112,1,1,1,0,1,45.0,0.0
1566.039438,1,1,1,0,1,45.0,0.0
1566.0417775,6,1,1,0,1,45.0,0.0
1566.0469705,6,4,2,0,8,47.0,24.903
1566.047676,1,1,1,0,1,45.0,0.0
1566.0501735,3,1,13,3,161,53.0,452.105
1566.0586785,6,1,1,0,1,45.0,0.0
1566.0595145,6,1,1,0,1,45.0,0.0
1566.0615355,3,1,1,0,1,45.0,0.0
1566.063951,1,1,5,0,22,48.0,54.444
1566.0665405,3,1,3,1,130,49.0,98.582
1566.0673365,3,2,1,0,3,47.0,9.705
1566.067689,1,1,7,0,1,49.0,0.0
1566.0689245,6,1,1,0,1,46.0,0.0
1566.0750525,6,1,1,0,1,45.0,0.0
1566.077307,5,3,12,6,46,66.0,4940.0
1566.079328,1,1,1,0,1,45.0,0.0
1566.0805285,3,1,1,0,4,47.0,10.305
1566.081726,1,1,1,0,1,48.0,0.0
1566.0943885,6,1,1,0,1,45.0,0.0
1566.100437,1,1,4,0,4,48.0,9.171
1566.1025875,3,1,4,0,38,50.0,81.681
1566.1044825,6,1,1,0,1,45.0,0.0
1566.1072605,3,2,4,0,25,51.0,81.444
1566.1116885,3,1,4,0,29,49.0,65.017
1566.125977,1,2,2,0,2,46.0,6.53
1566.132286,1,1,1,0,1,45.0,0.0
1566.1370405,6,1,1,0,1,45.0,0.0
1566.1392805,3,1,1,0,1,45.0,0.0
1566.14188,1,1,2,0,5,48.0,13.604
1566.1418995,3,2,1,0,5,50.0,26.574
1566.1458635,3,1,5,1,51,51.0,124.571
1566.1466755,3,2,1,0,2,47.0,7.499
1566.1473675,6,1,1,0,1,46.0,0.0
1566.1541585,3,1,1,0,1,45.0,0.0
1566.1549795,6,1,1,0,1,45.0,0.0
1566.1645165,6,1,2,0,14,47.0,24.44
1566.1651915,6,2,2,0,3,47.0,9.246
1566.1694505,3,1,2,0,13,53.0,59.775
1566.1699695,3,1,3,0,41,47.0,46.478
1566.1716895,3,1,7,1,90,52.0,177.691
1566.1723375,3,1,1,0,4,50.0,19.07
1566.1771465,3,2,5,0,44,48.0,78.842
1566.177195,1,1,8,0,54,48.0,97.116
1566.178448,1,1,2,0,6,49.0,21.187
1566.1854905,6,1,1,0,1,46.0,0.0
1566.189096,2,1,25,11,205,67.0,5194.0
1566.189098,5,19,28,10,218,67.0,4766.0
1566.190462,1,1,5,1,77,48.0,106.517
1566.1904695,3,1,4,0,36,49.0,81.74
1566.191642,1,1,1,0,1,46.0,0.0
1566.195703,1,1,3,0,1,47.0,0.0
1566.200157,1,1,2,0,1,45.0,0.0
1566.20412,1,1,3,0,1,45.0,0.0
1566.2079645,3,1,7,0,56,50.0,98.317
1566.2084848,5,12,40,16,248,68.0,10465.0
1566.208488,2,5,30,15,212,67.0,8701.0
1566.2221515,6,1,1,0,1,45.0,0.0
1566.222522,1,1,7,1,59,48.0,110.904
1566.2225275,3,1,3,0,12,50.0,48.668
1566.2238085,3,1,4,0,49,49.0,105.417
1566.228521,1,2,1,0,2,47.0,3.903
1566.229506,1,1,1,0,1,46.0,0.0
1566.2306195,3,4,5,1,60,48.0,107.667
1566.2306865,6,1,2,0,5,47.0,9.83
1566.2315675,6,1,1,0,1,45.0,0.0
1566.2423335,6,7,12,5,131,69.0,2546.0
1566.2423725,3,1,2,0,1,47.0,0.0
1566.243679,1,1,2,0,1,46.0,0.0
1566.2454295,6,2,1,0,2,45.0,3.324
1566.2532415,6,2,1,0,2,45.0,3.933
1566.254324,5,13,17,5,86,66.0,3113.0
1566.254425,1,2,1,0,2,45.0,4.793
1566.255173,1,1,3,0,1,49.0,0.0
1566.256853,5,2,17,7,91,69.0,5337.0
1566.2648125,3,1,6,2,79,53.0,308.52
1566.269703,1,1,1,0,1,45.0,0.0
1566.2707835,3,1,2,0,1,47.0,0.0
1566.272913,1,1,1,0,1,45.0,0.0
1566.2763345,3,1,2,0,29,46.0,36.999
1566.279694,1,1,1,0,1,45.0,0.0
1566.283812,1,1,1,0,1,46.0,0.0
1566.2846645,6,1,1,0,1,45.0,0.0
1566.287437,1,1,1,0,1,45.0,0.0
1566.2890095,3,1,1,0,1,45.0,0.0
1566.289012,1,1,4,0,54,47.0,50.193
1566.2905055,6,1,1,0,1,45.0,0.0
1566.294849,1,1,1,0,1,47.0,0.0
1566.3030525,6,1,2,1,189,47.0,62.591
1566.3032105,3,1,2,0,7,50.0,31.779
1566.3068165,3,2,9,2,106,51.0,276.593
1566.3148135,3,1,1,0,1,45.0,0.0
1566.31587,1,1,2,0,1,48.0,0.0
1566.3205545,3,1,4,0,43,49.0,75.246
1566.3229165,3,1,2,0,1,47.0,0.0
1566.3229615,6,1,3,0,1,46.0,0.0
1566.3251215,6,1,1,0,1,45.0,0.0
1566.3281415,6,1,1,0,1,46.0,0.0
1566.3299095,6,1,2,0,1,47.0,0.0
1566.3417775,6,1,1,0,1,45.0,0.0
1566.3421325,3,9,6,1,43,53.0,163.235
1566.3482215,6,1,1,0,1,45.0,0.0
1566.3514105,6,1,1,0,1,46.0,0.0
1566.3539205,6,1,1,0,1,46.0,0.0
1566.3566185,3,6,11,4,82,67.0,2530.0
1566.3641475,3,1,2,1,98,48.0,72.406
1566.366605,1,1,1,0,1,46.0,0.0
1566.368202,1,1,4,0,1,48.0,0.0
1566.3691085,3,1,1,0,1,46.0,0.0
1566.369125,1,2,3,0,3,49.0,12.852
1566.371476,1,2,2,0,7,47.0,27.249
1566.3792175,6,1,2,0,11,47.0,12.624
1566.387487,1,1,1,0,1,45.0,0.0
1566.3890725,3,1,1,0,1,45.0,0.0
1566.391023,5,3,13,4,113,67.0,2729.0
1566.4001675,6,1,1,0,4,47.0,9.686
1566.403055,1,1,1,0,1,45.0,0.0
1566.4063125,3,2,1,0,3,47.0,25.134
1566.406946,1,1,3,0,1,49.0,0.0
1566.4069945,3,1,1,0,1,45.0,0.0
1566.4098005,3,1,1,0,1,45.0,0.0
1566.4119765,6,1,1,0,1,45.0,0.0
1566.4136385,3,1,7,1,42,52.0,172.527
1566.4157515,6,1,1,0,1,45.0,0.0
1566.4165855,3,1,1,0,1,45.0,0.0
1566.4165935,6,1,4,0,8,47.0,18.897
1566.4287395,3,1,1,0,1,45.0,0.0
1566.4313365,3,1,4,0,24,50.0,72.261
1566.4347955,6,1,1,0,1,47.0,0.0
1566.4392825,3,1,2,0,1,48.0,0.0
1566.440257,1,1,2,0,1,48.0,0.0
1566.4429885,6,1,2,0,1,46.0,0.0
1566.4487665,6,1,3,0,1,47.0,0.0
1566.4561085,3,1,1,0,1,45.0,0.0
1566.4596495,3,4,1,0,5,51.0,33.015
1566.4624405,6,1,1,0,1,45.0,0.0
1566.4633845,6,19,22,8,161,67.0,3964.0
1566.4634045,3,12,10,2,92,54.0,416.854
1566.4662745,3,1,2,0,5,47.0,10.445
1566.4695655,6,1,1,0,1,46.0,0.0
1566.4708065,6,1,1,0,5,46.0,10.2
1566.471466,1,2,2,0,4,46.0,13.255
1566.473491,1,1,1,0,1,49.0,0.0
1566.4785305,6,1,1,0,1,45.0,0.0
1566.4792495,3,1,3,0,4,52.0,30.604
1566.479283,1,1,2,0,1,49.0,0.0
1566.4825465,3,1,4,0,22,48.0,46.486
1566.482615,1,1,1,0,1,46.0,0.0
1566.488163,1,1,1,0,1,45.0,0.0
1566.494392,1,1,1,0,1,45.0,0.0
1566.5026995,3,1,1,0,4,49.0,16.239
1566.50272,1,1,2,0,32,46.0,39.827
1566.5031665,6,1,2,0,1,47.0,0.0
1566.5166055,3,1,1,0,1,45.0,0.0
1566.51662,1,1,3,0,7,47.0,11.134
1566.5221605,3,1,1,0,1,45.0,0.0
1566.5240605,6,1,1,0,1,45.0,0.0
1566.5268015,6,1,1,0,1,45.0,0.0
1566.5270005,3,51,37,26,336,67.0,16223.0
1566.527005,5,63,51,25,311,71.0,19865.0
1566.52702,2,17,44,32,255,72.0,33308.0
1566.5273245,6,1,5,0,68,47.0,83.1
1566.5321845,6,1,1,0,1,45.0,0.0
1566.5339755,3,2,8,1,83,53.0,286.115
1566.534965,1,1,1,0,1,47.0,0.0
1566.5395665,3,1,1,0,9,47.0,14.393
1566.542107,1,2,1,0,2,46.0,5.628
1566.5428765,6,55,20,8,143,72.0,7435.0
1566.5428955,3,1,12,3,177,50.0,359.301
1566.5441405,3,1,5,1,74,50.0,158.169
1566.5450335,6,1,1,0,1,45.0,0.0
1566.5521025,3,1,1,0,1,45.0,0.0
1566.5528895,3,4,4,1,92,51.0,161.822
1566.5589445,6,1,1,0,1,46.0,0.0
1566.5590455,3,1,1,0,1,45.0,0.0
1566.5628215,6,1,2,0,1,46.0,0.0
1566.5713415,3,1,2,0,10,51.0,45.591
1566.5778605,3,1,1,0,1,45.0,0.0
1566.579914,1,2,1,0,3,47.0,10.343
1566.5940765,3,1,2,0,1,47.0,0.0
1566.6024515,6,1,1,0,1,45.0,0.0
1566.6040195,6,1,1,0,1,45.0,0.0
1566.6044035,3,1,1,0,1,45.0,0.0
1566.6049115,3,2,4,0,8,50.0,49.534
1566.604914,1,1,5,0,63,49.0,83.58
1566.605689,1,1,6,0,26,48.0,89.079
1566.6057215,3,1,1,0,1,45.0,0.0
1566.6076505,3,1,3,0,13,48.0,24.648
1566.608216,1,2,2,0,2,45.0,3.324
1566.609037,1,1,1,0,1,45.0,0.0
1566.6122055,6,2,2,0,2,46.0,3.213
1566.6184875,3,1,1,0,1,45.0,0.0
1566.6260275,3,2,6,0,58,48.0,105.682
1566.6298415,6,1,1,0,1,46.0,0.0
1566.630193,1,1,1,0,1,45.0,0.0
1566.6406935,6,1,1,0,1,45.0,0.0
1566.6415925,3,1,1,0,5,50.0,22.917
1566.6424945,3,1,2,0,1,49.0,0.0
1566.6510845,6,7,28,19,261,74.0,19804.0
1566.659028,1,1,6,1,71,49.0,118.718
1566.6619295,3,1,4,0,28,48.0,35.795
1566.6628745,6,1,3,0,21,47.0,34.17
1566.6659525,6,1,1,0,1,46.0,0.0
1566.6843355,3,1,2,0,1,50.0,0.0
1566.68506,1,1,1,0,1,46.0,0.0
1566.6863515,3,1,1,0,4,48.0,12.139
1566.6899205,6,1,1,0,1,45.0,0.0
1566.691377,1,1,3,0,1,47.0,0.0
1566.6934875,3,1,3,0,1,46.0,0.0
1566.6956175,3,1,1,0,1,45.0,0.0
1566.6962655,6,1,1,0,1,45.0,0.0
1566.7018345,6,1,1,0,1,45.0,0.0
1566.7035215,3,1,1,0,1,45.0,0.0
1566.7056105,3,2,1,0,2,45.0,4.529
1566.7093045,3,1,2,0,36,46.0,34.463
1566.7130725,3,1,2,0,58,46.0,52.993
1566.71892,1,1,1,0,1,45.0,0.0
1566.7211245,3,1,1,0,1,45.0,0.0
1566.722627,1,1,1,0,1,46.0,0.0
1566.7257995,3,1,1,0,4,49.0,17.269
1566.72638,1,1,1,0,1,49.0,0.0
1566.7297975,3,1,1,0,1,46.0,0.0
1566.7309265,6,1,1,0,1,47.0,0.0
1566.731365,1,1,2,0,1,49.0,0.0
1566.7313855,3,1,1,0,4,47.0,9.506
1566.732247,1,1,1,0,1,46.0,0.0
1566.732846,1,1,1,0,1,46.0,0.0
1566.7346795,6,1,1,0,1,46.0,0.0
1566.7427735,3,1,1,0,1,45.0,0.0
1566.7550145,3,1,6,1,165,51.0,131.503
1566.7582635,6,3,11,5,97,70.0,4830.0
1566.760388,1,2,1,0,3,49.0,12.587
1566.761499,1,1,2,0,1,47.0,0.0
1566.7677475,6,1,1,0,1,45.0,0.0
1566.7687715,3,1,1,0,1,45.0,0.0
1566.7717135,6,1,1,0,1,45.0,0.0
1566.773592,1,1,3,0,9,49.0,32.073
1566.7745215,3,1,1,0,1,45.0,0.0
1566.7770605,6,1,1,0,1,45.0,0.0
1566.7812285,3,1,1,0,1,46.0,0.0
1566.7819655,3,1,3,0,7,53.0,61.775
1566.78197,1,1,4,0,1,48.0,0.0
1566.7820145,6,1,2,0,1,46.0,0.0
1566.789795,1,1,1,0,1,49.0,0.0
1566.7902735,3,1,1,0,1,47.0,0.0
1566.7947225,3,1,2,1,194,49.0,71.621
1566.7997405,6,1,1,0,1,45.0,0.0
1566.805818,1,1,1,0,1,47.0,0.0
1566.808047,1,1,2,0,38,48.0,40.583
1566.8111635,3,1,4,1,66,53.0,146.603
1566.81564,1,1,1,0,1,46.0,0.0
1566.8209065,3,1,3,0,12,50.0,54.834
1566.822211,1,1,6,0,45,49.0,107.091
1566.8234105,3,5,3,0,7,53.0,74.561
1566.8250695,3,1,1,0,5,50.0,23.038
1566.8272885,6,1,2,0,1,47.0,0.0
1566.8305135,3,1,5,0,49,51.0,103.012
1566.832693,1,1,1,0,1,45.0,0.0
1566.841562,1,2,1,0,2,45.0,3.695
1566.8417765,3,1,3,0,5,51.0,31.26
1566.8459915,3,1,2,0,5,49.0,14.06
1566.8519355,3,1,1,0,1,45.0,0.0
1566.8546745,3,1,6,1,108,50.0,139.561
1566.8640915,3,1,1,0,1,45.0,0.0
1566.8657225,3,1,2,0,1,48.0,0.0
1566.8666985,3,1,2,0,1,46.0,0.0
1566.8712515,3,4,4,0,35,51.0,107.656
1566.871276,1,1,3,0,37,46.0,35.189
1566.873142,1,1,1,0,1,47.0,0.0
1566.8732105,3,1,1,0,1,45.0,0.0
1566.89107,1,2,2,0,3,47.0,8.525
1566.8910795,3,1,1,0,1,45.0,0.0
1566.8951875,3,2,3,0,51,51.0,90.86
1566.895238,1,2,1,0,3,49.0,13.211
1566.89804,1,1,1,0,1,47.0,0.0
1566.900842,1,1,1,0,1,45.0,0.0
1566.9026795,3,1,1,0,1,45.0,0.0
1566.905602,1,1,4,0,1,49.0,0.0
1566.908889,1,4,2,0,7,46.0,21.414
1566.911727,1,1,2,0,1,47.0,0.0
1566.9196535,3,1,1,0,1,45.0,0.0
1566.92088,1,1,1,0,1,46.0,0.0
1566.924601,5,4,35,23,243,76.0,32121.0
1566.9246175,6,21,22,10,163,67.0,5314.0
1566.9304255,6,5,18,8,253,70.0,4586.0
1566.9304685,3,1,7,1,59,53.0,250.968
1566.934368,1,1,2,0,1,46.0,0.0
1566.9356685,6,1,1,0,1,45.0,0.0
1566.9374305,3,1,3,0,33,52.0,59.734
1566.9436265,3,1,5,0,40,51.0,85.023
1566.9475615,6,1,1,0,1,45.0,0.0
1566.947564,1,1,1,0,1,45.0,0.0
1566.9483355,6,1,1,0,1,45.0,0.0
1566.9519065,3,1,3,0,12,53.0,107.073
1566.9574765,6,1,1,0,1,46.0,0.0
1566.9599655,6,1,1,0,69,46.0,37.191
1566.9616325,3,1,1,0,1,45.0,0.0
1566.961916,1,1,3,0,1,46.0,0.0
1566.9647885,3,1,1,0,1,45.0,0.0
1566.9671715,6,3,12,3,81,68.0,2318.0
1566.9672125,3,15,2,0,16,49.0,38.519
1566.968965,1,1,1,0,1,46.0,0.0
1566.978394,1,1,1,0,1,45.0,0.0
1566.9817845,3,2,2,0,9,49.0,39.288
1566.984997,1,2,1,0,3,48.0,10.614
1566.9882805,3,1,1,0,4,50.0,17.496
1566.9891675,6,1,1,0,1,45.0,0.0
1566.9908595,6,1,1,0,1,46.0,0.0
1566.992647,1,9,3,0,10,49.0,33.977
1566.9941715,3,1,1,0,4,49.0,16.947
1566.9949825,6,1,2,0,4,47.0,9.158
1567.0117035,3,1,1,0,1,45.0,0.0
1567.018203,1,1,1,0,1,45.0,0.0
1567.019621,1,1,1,0,1,46.0,0.0
1567.0203565,3,1,1,0,1,45.0,0.0
1567.0209945,6,1,2,0,1,45.0,0.0
1567.032228,2,13,35,18,265,68.0,10735.0
1567.032229,5,10,35,16,253,69.0,11311.0
1567.0361785,6,1,1,0,1,45.0,0.0
1567.0376725,3,1,2,0,1,45.0,0.0
1567.038421,1,1,3,0,1,47.0,0.0
1567.0410285,6,1,1,0,1,46.0,0.0
1567.041613,1,1,1,0,1,45.0,0.0
1567.0470455,6,1,4,0,18,47.0,25.198
1567.0494635,3,1,5,0,24,50.0,93.383
1567.0630945,3,2,1,0,8,47.0,16.827
1567.0650875,3,1,1,0,1,45.0,0.0
1567.067328,1,1,2,0,8,47.0,22.263
1567.0681015,3,1,1,0,1,46.0,0.0
1567.0691295,6,1,3,1,180,47.0,65.912
1567.0732865,6,1,1,0,1,45.0,0.0
1567.07379,1,3,3,0,35,49.0,76.328
1567.0818935,3,1,2,0,5,49.0,14.63
1567.0829155,3,2,9,2,100,53.0,311.775
1567.0839875,6,1,2,0,1,46.0,0.0
1567.085124,5,84,45,17,258,67.0,9178.0
1567.0851275,3,26,32,16,297,68.0,8543.0
1567.0851358,2,30,39,24,333,69.0,16327.0
1567.0851427,6,4,48,25,460,75.0,25808.0
1567.0851478,1,1,38,16,246,70.0,9610.0
1567.0883115,6,1,1,0,1,47.0,0.0
1567.0975645,3,2,1,0,5,51.0,38.825
1567.098302,1,1,3,0,34,47.0,42.104
1567.0993475,3,1,4,0,23,49.0,61.457
1567.099369,1,1,1,0,1,45.0,0.0
1567.1006795,3,28,5,1,70,51.0,136.307
1567.1084005,3,2,4,1,93,48.0,103.723
1567.1111675,6,1,1,0,1,45.0,0.0
1567.11342,1,27,7,1,64,49.0,109.003
1567.1154615,6,1,1,0,1,45.0,0.0
1567.1186895,3,2,4,0,20,48.0,42.036
1567.12102,1,7,64,58,577,85.0,135643.0
1567.12103,2,20,55,48,530,77.0,62082.0
1567.1210325,6,17,51,35,541,77.0,42684.0
1567.121039,5,23,66,31,528,73.0,25213.0
1567.1224935,3,1,1,0,4,50.0,17.263
1567.1238115,6,1,1,0,1,47.0,0.0
1567.125976,1,2,1,0,2,46.0,6.375
1567.1284355,3,1,9,1,80,54.0,293.95
1567.1323835,6,1,1,0,1,46.0,0.0
1567.1365075,6,1,26,9,221,67.0,3749.0
1567.137566,1,1,1,0,1,45.0,0.0
1567.1384205,3,1,12,2,114,53.0,450.132
1567.1398075,6,1,1,0,1,45.0,0.0
1567.1403695,3,2,3,0,19,50.0,53.98
1567.145731,1,2,1,0,3,49.0,9.051
1567.1474775,6,1,4,0,20,46.0,39.35
1567.1474935,3,1,1,0,1,45.0,0.0
1567.150116,5,7,22,8,189,68.0,5011.0
1567.1553905,6,1,1,0,1,45.0,0.0
1567.156153,1,3,1,0,4,47.0,19.129
1567.160069,1,1,2,0,1,46.0,0.0
1567.1606415,3,1,3,0,33,47.0,50.007
1567.161669,1,1,1,0,1,45.0,0.0
1567.1638345,3,1,1,0,1,45.0,0.0
1567.1644675,3,1,2,0,10,47.0,15.642
1567.1646295,6,1,2,0,1,47.0,0.0
1567.164686,1,2,2,0,30,48.0,45.854
1567.1655875,3,1,3,0,52,48.0,59.303
1567.166386,1,1,3,0,1,49.0,0.0
1567.1667395,6,1,1,0,1,45.0,0.0
1567.1705215,3,1,2,0,5,48.0,16.948
1567.1751895,6,1,1,0,1,45.0,0.0
1567.1793145,6,1,1,0,1,45.0,0.0
1567.1821515,3,1,10,2,210,53.0,308.046
1567.1897745,6,1,1,0,1,46.0,0.0
1567.1906895,6,1,1,0,1,45.0,0.0
1567.1940225,3,1,8,1,103,52.0,203.815
1567.1975855,3,2,7,1,90,54.0,273.626
1567.215654,1,1,2,0,164,48.0,35.223
1567.2216725,6,1,1,0,1,45.0,0.0
1567.2225685,6,1,1,0,1,47.0,0.0
1567.2235045,6,1,1,0,1,47.0,0.0
1567.2248265,3,1,1,0,1,45.0,0.0
1567.2253665,6,75,36,16,292,67.0,8242.0
1567.225413,5,25,46,20,276,68.0,12442.0
1567.225421,2,9,23,15,193,69.0,10393.0
1567.2274595,3,1,2,0,14,50.0,50.577
1567.2294425,3,1,2,0,1,47.0,0.0
1567.229484,1,1,1,0,1,48.0,0.0
1567.230754,1,2,1,0,3,47.0,11.405
1567.2429655,3,16,10,2,103,53.0,334.127
1567.2455825,3,1,2,0,9,46.0,18.708
1567.247986,1,1,1,0,4,49.0,13.037
1567.2504235,3,2,6,1,100,53.0,233.066
1567.253244,1,4,37,23,235,76.0,34195.0
1567.2574415,3,1,9,1,85,52.0,222.51
1567.258085,1,1,1,0,1,47.0,0.0
1567.262984,1,1,1,0,1,45.0,0.0
1567.2630155,6,1,1,0,1,45.0,0.0
1567.2658545,6,1,1,0,1,45.0,0.0
1567.2699435,3,1,1,0,1,45.0,0.0
1567.270934,1,1,1,0,1,45.0,0.0
1567.276593,2,11,28,24,227,75.0,29742.0
1567.276602,5,12,32,10,213,67.0,5250.0
1567.278588,2,1,30,20,230,69.0,13976.0
1567.278592,5,32,36,13,203,67.0,7009.0
1567.2809135,3,1,10,2,91,54.0,383.098
1567.2880905,3,1,1,0,4,48.0,12.239
1567.2886105,3,1,2,0,1,47.0,0.0
1567.29063,1,1,1,0,1,45.0,0.0
1567.2930245,6,1,1,0,1,45.0,0.0
1567.2939915,6,1,2,0,1,46.0,0.0
1567.298091,1,1,1,0,1,46.0,0.0
1567.3042445,6,5,18,10,290,70.0,9803.0
1567.306035,1,1,1,0,1,47.0,0.0
1567.3067955,6,1,1,0,1,47.0,0.0
1567.3089035,3,1,1,0,1,45.0,0.0
1567.3118205,6,1,1,0,1,45.0,0.0
1567.3139745,3,1,5,0,52,49.0,103.495
1567.3183835,3,1,2,0,10,49.0,27.599
1567.3184865,6,1,1,0,1,45.0,0.0
1567.3275825,3,1,2,0,1,46.0,0.0
1567.3393735,6,1,2,0,1,45.0,0.0
1567.3398975,3,2,1,0,2,49.0,3.352
1567.3419655,6,1,1,0,1,45.0,0.0
1567.3445895,6,1,1,0,1,45.0,0.0
1567.3468185,3,2,6,1,119,54.0,214.032
1567.3504865,3,8,8,1,102,53.0,279.413
1567.3524505,6,1,1,0,1,45.0,0.0
1567.352986,1,1,1,0,1,45.0,0.0
1567.3541235,6,1,1,0,1,45.0,0.0
1567.356782,1,1,1,0,1,49.0,0.0
1567.3659595,6,2,1,0,3,45.0,8.051
1567.375809,1,1,3,0,1,49.0,0.0
1567.3778385,3,2,2,0,2,47.0,4.66
1567.377879,1,2,4,0,37,49.0,78.38
1567.383184,1,1,2,0,1,47.0,0.0
1567.3874905,3,1,1,0,1,45.0,0.0
1567.3895035,6,6,20,8,306,67.0,3248.0
1567.3895065,3,1,10,2,108,54.0,273.108
1567.395601,1,1,2,0,1,45.0,0.0
1567.396541,1,1,1,0,1,45.0,0.0
1567.398476,1,1,3,0,6,47.0,13.885
1567.3984915,3,1,1,0,1,45.0,0.0
1567.3985105,6,1,2,0,1,45.0,0.0
1567.4046575,6,1,1,0,1,45.0,0.0
1567.4065405,3,1,9,3,209,53.0,355.307
1567.4099275,3,2,6,1,88,51.0,157.967
1567.4121065,6,2,1,0,2,46.0,6.07
1567.412795,1,1,2,0,1,48.0,0.0
1567.4173345,3,1,2,0,25,49.0,51.877
1567.419189,1,1,1,0,1,46.0,0.0
1567.4249555,6,1,1,0,1,45.0,0.0
1567.4271105,6,1,1,0,1,45.0,0.0
1567.427423,1,1,2,0,1,45.0,0.0
1567.4278345,3,2,3,0,18,50.0,69.204
1567.428547,1,1,1,0,1,45.0,0.0
1567.4292305,3,1,1,0,1,46.0,0.0
1567.4292575,6,1,1,0,1,47.0,0.0
1567.432122,1,8,4,0,40,48.0,60.376
1567.4347195,3,2,1,0,2,45.0,3.435
1567.435017,1,8,27,13,172,70.0,10196.0
1567.4429565,6,1,1,0,1,46.0,0.0
1567.45107,1,1,1,0,1,45.0,0.0
1567.4567825,3,1,3,0,16,51.0,56.554
1567.4579515,3,1,1,0,4,48.0,12.437
1567.4713805,6,1,1,0,1,45.0,0.0
1567.471671,1,1,1,0,1,47.0,0.0
1567.4775145,6,1,1,0,1,46.0,0.0
1567.481678,1,2,2,0,3,47.0,10.321
1567.4841245,3,1,1,0,1,46.0,0.0
1567.486886,1,1,1,0,1,45.0,0.0
1567.491389,1,1,1,0,1,46.0,0.0
1567.4919435,3,1,2,0,31,48.0,48.576
1567.4931945,6,1,1,0,1,46.0,0.0
1567.4955205,6,1,4,0,46,47.0,58.032
1567.4955275,3,1,1,0,1,45.0,0.0
1567.4983925,6,1,1,0,1,45.0,0.0
1567.4989275,3,2,2,0,6,47.0,16.771
1567.499619,1,1,3,0,1,47.0,0.0
1567.5041125,3,1,2,0,71,45.0,70.131
1567.506603,5,11,29,11,170,68.0,6593.0
1567.5089655,6,1,1,0,1,45.0,0.0
1567.5093065,3,1,2,0,8,48.0,22.773
1567.5146005,6,1,2,0,1,47.0,0.0
1567.5165395,3,1,1,0,1,45.0,0.0
1567.5180115,3,1,5,0,41,49.0,78.233
1567.5211045,6,1,6,2,32,67.0,1225.0
1567.522864,1,1,1,0,1,49.0,0.0
1567.5258795,3,1,2,0,49,46.0,37.49
1567.525885,1,1,5,0,9,49.0,24.619
1567.5309335,6,1,1,0,1,45.0,0.0
1567.5350045,6,1,1,0,1,45.0,0.0
1567.535444,1,2,2,0,2,47.0,11.01
1567.5365435,6,2,1,0,2,45.0,4.025
1567.5382095,6,2,2,0,2,47.0,5.628
1567.5406565,6,1,1,0,1,45.0,0.0
1567.543673,1,1,2,0,48,48.0,62.328
1567.5436745,3,1,2,0,1,47.0,0.0
1567.545902,1,2,1,0,2,46.0,8.402
1567.548629,1,2,1,0,2,48.0,14.027
1567.5549285,3,1,2,0,22,48.0,39.761
1567.556591,1,1,1,0,1,45.0,0.0
1567.5575555,6,1,1,0,1,45.0,0.0
1567.5611085,6,1,2,0,1,47.0,0.0
1567.5625175,6,1,2,0,1,47.0,0.0
1567.563897,1,1,2,0,1,47.0,0.0
1567.5659295,3,1,6,1,57,52.0,148.242
1567.5660975,6,1,1,0,1,45.0,0.0
1567.5678555,6,2,2,0,3,47.0,10.391
1567.572209,1,1,2,0,35,49.0,62.339
1567.5722105,3,1,1,0,1,45.0,0.0
1567.5754735,3,1,2,0,157,45.0,43.793
1567.575646,1,2,5,0,9,49.0,36.85
1567.579209,1,1,3,0,1,47.0,0.0
1567.5794525,3,1,1,0,1,47.0,0.0
1567.5794595,6,1,2,0,1,45.0,0.0
1567.5838855,6,1,1,0,1,45.0,0.0
1567.584317,1,5,7,1,63,47.0,106.168
1567.5843175,3,1,2,0,17,47.0,36.542
1567.5849015,6,1,1,0,1,45.0,0.0
1567.5860565,6,1,1,0,1,46.0,0.0
1567.587314,1,1,3,0,17,49.0,37.571
1567.589186,1,1,1,0,1,45.0,0.0
1567.5902085,3,1,2,0,4,50.0,19.122
1567.5919365,6,1,1,0,4,46.0,9.454
1567.595948,1,1,2,0,1,47.0,0.0
1567.6012275,6,1,2,0,1,47.0,0.0
1567.602516,1,1,3,0,1,48.0,0.0
1567.609603,1,2,1,0,2,45.0,3.324
1567.610692,1,1,2,0,1,49.0,0.0
1567.6111975,6,1,1,0,1,45.0,0.0
1567.6155245,3,1,2,0,18,49.0,55.741
1567.6160515,6,1,1,0,1,46.0,0.0
1567.6192195,3,1,1,0,1,45.0,0.0
1567.6231965,6,1,1,0,1,45.0,0.0
1567.6324455,3,1,2,0,1,47.0,0.0
1567.634265,1,1,1,0,1,45.0,0.0
1567.6389845,3,1,2,0,5,50.0,16.94
1567.6454485,3,1,1,0,1,45.0,0.0
1567.6456975,6,1,1,0,1,45.0,0.0
1567.6469995,3,2,4,1,81,53.0,137.675
1567.6478015,3,1,2,0,1,46.0,0.0
1567.652471,1,1,6,1,83,49.0,123.729
1567.6525715,3,1,1,0,10,46.0,15.478
1567.6549715,6,2,7,1,38,67.0,1382.0
1567.654999,1,1,5,0,26,49.0,63.658
1567.6570085,6,1,1,0,1,46.0,0.0
1567.6656965,3,1,11,2,133,52.0,329.179
1567.671695,1,1,2,0,1,47.0,0.0
1567.6761185,6,1,2,0,1,45.0,0.0
1567.67768,1,1,20,8,222,71.0,5397.0
1567.6783655,3,1,1,0,1,46.0,0.0
1567.6810755,6,1,1,0,1,45.0,0.0
1567.6818025,3,1,2,0,4,46.0,7.63
1567.6871895,3,1,1,0,1,45.0,0.0
1567.6881195,6,1,1,0,1,46.0,0.0
1567.692603,1,1,1,0,1,45.0,0.0
1567.6931045,3,1,5,0,17,54.0,79.513
1567.6940995,6,1,1,0,1,45.0,0.0
1567.6951005,3,2,10,1,72,51.0,211.3
1567.697182,1,1,1,0,1,45.0,0.0
1567.6977165,6,1,1,0,1,45.0,0.0
1567.7044065,6,1,1,0,1,45.0,0.0
1567.7074495,3,1,3,0,8,49.0,16.798
1567.7127505,3,1,1,0,1,46.0,0.0
1567.7180385,3,1,4,0,47,49.0,66.962
1567.7189995,6,1,1,0,1,46.0,0.0
1567.719557,1,1,1,0,1,45.0,0.0
1567.72059,1,2,1,0,2,46.0,23.537
1567.7231355,3,1,3,0,51,49.0,92.413
1567.7260905,6,1,3,0,1,46.0,0.0
1567.7297555,3,1,3,1,73,48.0,104.049
1567.7328225,6,1,1,0,1,45.0,0.0
1567.7362695,3,1,1,0,1,45.0,0.0
1567.7390785,3,1,1,0,27,50.0,34.626
1567.7393985,6,1,1,0,1,47.0,0.0
1567.7428315,3,1,1,0,1,45.0,0.0
1567.743418,1,2,1,0,3,45.0,7.825
1567.7439075,3,2,1,0,5,51.0,25.98
1567.745068,1,1,2,0,1,48.0,0.0
1567.7450815,3,2,1,0,2,45.0,3.665
1567.7503595,6,1,1,0,1,46.0,0.0
1567.751013,1,1,2,1,182,47.0,55.487
1567.751987,1,1,1,0,1,45.0,0.0
1567.754235,1,1,1,0,1,48.0,0.0
1567.7542555,6,1,2,0,4,47.0,9.36
1567.757123,1,2,2,0,16,46.0,42.455
1567.759152,1,1,1,0,1,45.0,0.0
1567.7638115,3,1,2,0,1,50.0,0.0
1567.7638985,6,1,1,0,1,45.0,0.0
1567.7653275,6,1,1,0,1,45.0,0.0
1567.7659865,3,1,5,0,42,49.0,93.583
1567.7702995,6,2,2,0,9,47.0,18.507
1567.7728275,3,1,1,0,1,45.0,0.0
1567.7739045,6,1,2,0,1,45.0,0.0
1567.7790915,3,1,9,2,129,52.0,269.042
1567.78312,1,2,1,0,3,47.0,10.115
1567.7851715,6,9,17,7,117,70.0,5661.0
1567.7852075,3,1,7,1,50,53.0,203.954
1567.7866995,6,1,2,0,6,47.0,10.769
1567.7872085,6,1,3,0,1,47.0,0.0
1567.7882095,3,1,3,0,15,54.0,170.279
1567.788224,1,1,3,0,51,48.0,61.807
1567.7882495,6,1,2,0,1,45.0,0.0
1567.7906405,3,3,2,0,10,52.0,58.156
1567.792247,1,1,1,0,1,45.0,0.0
1567.7942235,3,1,1,0,1,45.0,0.0
1567.7967165,6,1,3,0,1,46.0,0.0
1567.7972265,6,1,1,0,1,45.0,0.0
1567.80166,1,2,1,0,2,45.0,7.047
1567.8080375,3,1,3,0,67,48.0,86.353
1567.809705,1,1,4,0,1,49.0,0.0
1567.8097215,3,1,1,0,1,45.0,0.0
1567.810882,1,2,1,0,2,45.0,7.047
1567.8126725,3,2,2,0,17,46.0,25.489
1567.812699,1,1,3,0,1,47.0,0.0
1567.814586,1,2,1,0,3,46.0,7.784
1567.816913,1,2,2,0,2,46.0,7.333
1567.8196935,3,1,1,0,1,45.0,0.0
1567.823609,1,1,3,0,13,49.0,37.699
1567.824233,1,2,1,0,3,48.0,13.69
1567.8266485,3,1,1,0,1,45.0,0.0
1567.827193,1,1,2,0,1,46.0,0.0
1567.8290225,6,4,19,6,180,67.0,2668.0
1567.838492,1,1,1,0,1,45.0,0.0
1567.8424155,3,1,3,0,1,47.0,0.0
1567.8432255,6,1,2,0,19,47.0,37.789
1567.847371,1,1,2,0,1,45.0,0.0
1567.852862,1,1,1,0,1,45.0,0.0
1567.8530705,3,1,1,0,1,46.0,0.0
1567.8538295,6,1,2,0,1,46.0,0.0
1567.8561075,6,1,1,0,1,45.0,0.0
1567.8613625,3,1,2,0,5,52.0,32.901
1567.862745,1,1,1,0,1,45.0,0.0
1567.8632335,6,1,2,0,1,46.0,0.0
1567.863864,1,1,4,0,1,47.0,0.0
1567.865911,1,2,1,0,3,46.0,9.632
1567.8673545,3,1,1,0,1,47.0,0.0
1567.872487,1,1,2,0,1,47.0,0.0
1567.8808355,6,1,1,0,1,45.0,0.0
1567.885618,1,1,1,0,1,45.0,0.0
1567.8858745,6,1,1,0,1,45.0,0.0
1567.8881885,3,1,1,0,1,45.0,0.0
1567.889456,1,1,1,0,1,49.0,0.0
1567.8901235,6,1,2,0,8,47.0,19.899
1567.8929425,6,1,1,0,1,45.0,0.0
1567.901205,1,2,1,0,3,47.0,8.796
1567.9024165,6,16,17,9,84,70.0,9365.0
1567.9024575,3,1,8,1,65,52.0,221.201
1567.9059175,6,2,1,0,2,47.0,4.148
1567.9077885,3,1,1,0,1,45.0,0.0
1567.9086755,3,1,1,0,1,45.0,0.0
1567.910571,1,1,1,0,1,45.0,0.0
1567.915402,1,1,2,0,74,46.0,43.741
1567.9177745,6,1,5,0,29,47.0,52.788
1567.917791,1,2,4,0,25,49.0,65.439
1567.9243955,6,1,2,0,167,46.0,42.714
1567.9248455,3,1,1,0,4,48.0,10.734
1567.926463,1,2,1,0,2,48.0,3.241
1567.927592,1,1,1,0,1,49.0,0.0
1567.9307945,6,1,2,0,1,47.0,0.0
1567.9307965,3,2,1,0,6,50.0,21.292
1567.931127,1,2,5,0,57,48.0,81.278
1567.932388,1,1,1,0,1,45.0,0.0
1567.934182,1,2,1,0,3,47.0,9.439
1567.9365715,3,1,2,0,17,50.0,43.98
1567.936602,1,1,1,0,1,45.0,0.0
1567.9394495,6,1,1,0,1,45.0,0.0
1567.9402405,3,3,4,0,45,52.0,96.158
1567.9411385,6,1,1,0,1,46.0,0.0
1567.945852,1,2,18,8,118,75.0,10009.0
1567.946761,1,1,1,0,1,45.0,0.0
1567.9471765,3,1,1,0,1,47.0,0.0
1567.9505865,6,1,1,0,1,47.0,0.0
1567.95356,1,1,3,0,1,49.0,0.0
1567.9541885,6,1,1,0,1,45.0,0.0
1567.954927,1,1,1,0,1,45.0,0.0
1567.9582775,3,2,2,0,5,49.0,27.331
1567.9631565,6,1,1,0,1,45.0,0.0
1567.9655485,3,1,2,0,8,51.0,46.969
1567.967243,1,1,7,0,39,48.0,53.154
1567.968411,1,1,1,0,1,45.0,0.0
1567.9706585,3,1,1,0,1,45.0,0.0
1567.970866,1,1,2,0,1,47.0,0.0
1567.9711605,3,2,6,1,95,50.0,183.056
1567.9719135,6,4,14,5,138,67.0,2443.0
1567.9719345,3,1,5,1,87,54.0,148.516
1567.9725355,3,1,1,0,1,45.0,0.0
1567.9741155,3,1,2,0,1,48.0,0.0
1567.9783075,6,1,1,0,1,45.0,0.0
1567.9800695,3,1,1,0,1,45.0,0.0
1567.980464,1,1,1,0,1,46.0,0.0
1567.9810845,6,1,2,0,5,46.0,9.722
1567.981559,1,1,2,0,1,49.0,0.0
1567.987774,1,1,1,0,1,45.0,0.0
1567.9901065,6,2,1,0,2,45.0,5.52
1567.991187,1,1,1,0,1,45.0,0.0
1567.9931735,6,1,1,0,1,45.0,0.0
1567.9956905,6,1,2,0,1,47.0,0.0
1567.9963665,6,1,1,0,1,45.0,0.0
1567.998609,1,1,2,0,1,48.0,0.0
1567.9995525,6,1,2,0,1,47.0,0.0
1568.0002255,6,1,1,0,1,45.0,0.0
1568.0014285,6,14,20,9,143,69.0,6872.0
1568.0021285,3,1,1,0,1,46.0,0.0
1568.0115235,3,1,1,0,4,47.0,11.413
1568.0152535,6,1,1,0,1,45.0,0.0
1568.015782,1,1,1,0,1,48.0,0.0
1568.0158525,6,1,3,0,14,47.0,22.291
1568.0166545,6,1,1,0,1,45.0,0.0
1568.018881,1,1,1,0,1,48.0,0.0
1568.0196755,3,1,3,0,18,49.0,24.082
1568.020921,1,1,5,0,52,49.0,97.405
1568.0209425,3,2,2,0,8,47.0,13.74
1568.0275645,3,1,1,0,1,46.0,0.0
1568.035099,1,1,2,0,6,48.0,17.209
1568.0359335,3,1,4,0,44,47.0,68.765
1568.037629,1,2,4,0,33,48.0,61.034
1568.045208,1,1,1,0,1,47.0,0.0
1568.0515035,3,1,3,0,20,53.0,78.898
1568.0531745,6,1,1,0,1,45.0,0.0
1568.0534895,3,1,8,1,79,53.0,259.408
1568.0542275,6,1,2,0,1,45.0,0.0
1568.0571745,3,1,1,0,1,47.0,0.0
1568.0602145,6,2,1,0,2,47.0,5.628
1568.0602435,3,1,2,0,5,49.0,17.632
1568.066905,1,1,1,0,1,45.0,0.0
1568.0703935,6,1,1,0,1,45.0,0.0
1568.0714435,3,1,4,0,17,47.0,33.965
1568.0733005,6,9,28,18,234,76.0,22440.0
1568.0743465,6,1,1,0,1,47.0,0.0
1568.0750645,6,1,2,0,1,47.0,0.0
1568.0754815,3,1,2,0,1,45.0,0.0
1568.0787435,6,1,1,0,1,45.0,0.0
1568.080446,1,1,1,0,1,45.0,0.0
1568.0847495,3,1,2,0,5,50.0,27.148
1568.0851215,6,1,1,0,1,45.0,0.0
1568.085786,1,1,1,0,1,45.0,0.0
1568.0873485,6,1,1,0,1,45.0,0.0
1568.089452,1,1,1,0,1,45.0,0.0
1568.0952645,6,1,1,0,1,46.0,0.0
1568.0959375,3,1,1,0,1,45.0,0.0
1568.0967815,6,1,1,0,1,45.0,0.0
1568.1046785,6,1,1,0,1,45.0,0.0
1568.1076545,3,1,1,0,1,45.0,0.0
1568.1081615,6,1,1,0,4,45.0,7.057
1568.1100985,3,1,2,0,1,45.0,0.0
1568.1134665,6,1,1,0,1,45.0,0.0
1568.1148345,6,1,1,0,4,46.0,7.44
1568.1167685,6,1,1,0,4,45.0,6.761
1568.1180125,3,1,4,0,45,50.0,74.292
1568.1196735,3,1,2,0,5,49.0,20.333
1568.119714,1,1,1,0,1,45.0,0.0
1568.1241715,3,1,4,1,81,48.0,97.134
1568.130735,1,1,1,0,1,47.0,0.0
1568.1337895,3,1,1,0,4,48.0,11.119
1568.1375175,3,1,2,0,7,53.0,59.899
1568.1380485,3,1,1,0,1,45.0,0.0
1568.1406325,3,1,1,0,1,45.0,0.0
1568.141435,2,2,18,8,127,69.0,5044.0
1568.14363,1,2,2,0,2,47.0,6.375
1568.1480385,6,1,1,0,4,46.0,8.349
1568.148533,1,1,1,0,1,45.0,0.0
1568.1489675,3,1,3,0,37,49.0,94.479
1568.1518895,6,1,1,0,1,46.0,0.0
1568.154005,1,1,1,0,1,45.0,0.0
1568.155127,1,2,3,0,2,48.0,9.078
1568.1564765,3,1,5,1,57,49.0,103.218
1568.1576095,3,1,1,0,1,46.0,0.0
1568.157617,1,1,2,0,1,47.0,0.0
1568.1654245,3,1,6,1,89,50.0,148.572
1568.1699725,6,1,1,0,4,46.0,7.972
1568.170629,1,2,1,0,2,45.0,4.562
1568.1707085,6,1,1,0,1,45.0,0.0
1568.1713585,3,1,1,0,1,45.0,0.0
1568.1719175,3,1,1,0,1,45.0,0.0
1568.176237,1,1,3,0,4,49.0,14.786
1568.1762775,3,1,1,0,1,45.0,0.0
1568.1787665,6,3,14,5,194,67.0,2038.0
1568.1788005,3,1,2,0,15,50.0,26.939
1568.178804,1,1,2,0,1,47.0,0.0
1568.1801795,6,1,1,0,1,45.0,0.0
1568.181225,1,1,1,0,1,47.0,0.0
1568.1860835,3,1,6,0,33,50.0,111.56
1568.1898095,3,34,7,1,60,51.0,183.438
1568.189867,1,1,4,0,54,48.0,76.596
1568.1912535,6,1,1,0,1,47.0,0.0
1568.192615,1,2,1,0,2,46.0,8.402
1568.196949,1,1,2,0,1,49.0,0.0
1568.1998615,3,2,1,0,2,45.0,3.132
1568.200647,1,2,1,0,2,46.0,3.579
1568.201195,1,7,5,0,11,49.0,41.436
1568.2012325,6,1,2,0,1,47.0,0.0
1568.203496,1,1,1,0,1,45.0,0.0
1568.2052715,6,364,42,25,642,71.0,16655.0
1568.2053165,3,1,2,0,1,46.0,0.0
1568.205345,1,1,4,0,1,48.0,0.0
1568.205617,2,26,33,17,178,68.0,12603.0
1568.2058215,3,2,5,1,94,49.0,130.4
1568.205869,1,1,2,0,1,47.0,0.0
1568.208062,5,1,8,1,55,60.0,296.072
1568.2080945,6,1,2,0,15,48.0,30.97
1568.2080965,3,1,1,0,1,45.0,0.0
1568.208628,1,1,2,0,4,54.0,49.348
1568.2086425,3,1,2,0,4,50.0,21.19
1568.2086685,6,1,1,0,1,46.0,0.0
1568.2096525,6,2,11,1,43,60.0,504.696
1568.209673,1,2,13,2,79,54.0,336.649
1568.209681,2,1,4,0,31,54.0,116.05
1568.2096825,3,1,4,0,19,48.0,27.605
1568.209684,5,51,13,1,57,52.0,274.085
1568.210302,5,3,21,6,357,56.0,1021.0
1568.2103295,6,1,13,4,345,51.0,410.753
1568.210423,1,1,5,0,22,55.0,127.426
1568.211339,1,3,27,25,275,83.0,71317.0
1568.2113945,6,1,1,0,1,45.0,0.0
1568.212885,5,1,3,0,1,48.0,0.0
1568.2139425,3,1,1,0,1,48.0,0.0
1568.2144345,6,2,1,0,2,45.0,8.008
1568.215877,5,4,6,1,19,63.0,1198.0
1568.216826,5,3,9,1,49,54.0,266.011
1568.2168455,6,1,6,1,41,53.0,152.67
1568.2175505,6,2,1,0,3,47.0,9.632
1568.218276,1,1,1,0,1,45.0,0.0
1568.218729,4,1,1,0,7,51.0,36.122
1568.218739,2,30,7,2,46,57.0,647.591
1568.2187395,6,15,13,2,141,56.0,396.783
1568.218741,5,2,13,3,159,55.0,499.739
1568.218784,1,3,13,1,73,55.0,275.428
1568.2187885,3,1,2,0,1,47.0,0.0
1568.2218385,6,1,7,0,16,54.0,101.184
1568.221841,1,9,3,0,10,49.0,27.276
1568.221851,5,1,1,0,1,45.0,0.0
1568.2218585,3,2,2,0,5,49.0,21.026
1568.223546,5,1,1,0,1,46.0,0.0
1568.2241675,6,1,2,0,4,50.0,15.711
1568.224226,1,1,1,0,1,45.0,0.0
1568.225357,5,3,2,0,4,46.0,13.544
1568.227055,5,2,2,0,2,48.0,7.541
1568.2270865,6,2,2,0,18,47.0,35.897
1568.2274285,3,2,10,2,119,56.0,355.462
1568.227429,1,9,15,3,140,56.0,597.534
1568.22745,2,8,8,2,84,56.0,532.094
1568.2305195,6,1,1,0,1,46.0,0.0
1568.230747,5,2,2,0,2,47.0,3.903
1568.2311915,6,1,1,0,1,45.0,0.0
1568.2317215,6,1,2,0,1,47.0,0.0
1568.2324555,6,2,2,0,142,46.0,33.269
1568.2338805,6,2,3,0,23,57.0,189.606
1568.2354095,6,1,1,0,1,45.0,0.0
1568.2372795,6,2,3,0,3,53.0,27.828
1568.2379195,6,14,10,2,121,58.0,566.887
1568.2379275,3,1,5,0,42,54.0,136.068
1568.237933,1,1,12,1,57,57.0,300.077
1568.237943,2,1,4,0,4,54.0,25.776
1568.238001,5,1,4,0,1,52.0,0.0
1568.2394965,6,1,4,0,16,54.0,73.63
1568.2403,5,1,3,0,15,55.0,94.704
1568.2413075,6,5,17,5,97,66.0,2819.0
1568.241334,5,1,4,0,8,50.0,15.171
1568.241344,1,1,4,0,39,50.0,83.877
1568.2413545,3,1,3,0,18,47.0,33.363
1568.2422755,6,1,2,0,4,48.0,14.182
1568.2425815,3,7,14,4,117,64.0,1512.0
1568.242598,5,2,13,3,130,59.0,771.432
1568.242599,2,1,11,5,123,64.0,2297.0
1568.242602,1,74,19,5,286,56.0,983.073
1568.2428215,6,1,1,0,1,47.0,0.0
1568.243427,1,1,3,0,1,47.0,0.0
1568.2435115,6,3,10,2,108,62.0,762.701
1568.2446275,6,1,4,1,196,50.0,107.054
1568.2451975,3,1,2,0,1,46.0,0.0
1568.245201,1,1,4,0,7,48.0,14.541
1568.245267,5,2,6,2,43,61.0,1007.0
1568.2458275,6,29,34,13,352,66.0,6032.0
1568.245873,5,30,14,2,81,55.0,459.504
1568.245886,1,1,18,4,291,54.0,580.828
1568.2458925,3,1,7,0,34,50.0,142.526
1568.245917,2,2,5,1,53,54.0,245.498
1568.2467445,6,1,3,0,123,50.0,71.299
1568.2479465,6,1,1,0,1,46.0,0.0
1568.248732,1,1,3,0,6,52.0,35.639
1568.249068,5,9,13,2,49,60.0,804.84
1568.2491135,6,73,7,1,88,57.0,247.855
1568.249864,1,1,3,0,1,52.0,0.0
1568.250791,5,3,9,2,76,61.0,769.889
1568.2508295,6,1,2,0,1,45.0,0.0
1568.250858,1,1,2,0,6,54.0,47.798
1568.251537,1,2,2,0,2,47.0,4.693
1568.251961,2,1,1,0,1,52.0,0.0
1568.251968,5,1,4,0,1,50.0,0.0
1568.254922,1,4,12,2,85,56.0,554.302
1568.2549315,6,8,11,2,125,55.0,516.759
1568.254944,5,22,11,2,98,52.0,304.2
1568.254982,2,1,4,0,1,58.0,0.0
1568.257088,5,3,6,1,54,51.0,187.057
1568.257778,1,2,4,0,35,57.0,229.538
1568.258781,1,1,2,0,1,45.0,0.0
1568.2591225,6,1,1,0,1,46.0,0.0
1568.2612895,6,7,11,2,91,63.0,1074.0
1568.261303,1,1,1,0,1,45.0,0.0
1568.261865,1,1,3,0,1,52.0,0.0
1568.2621785,6,4,6,1,48,55.0,354.809
1568.2622235,3,1,1,0,1,45.0,0.0
1568.2642745,6,4,23,7,219,63.0,2489.0
1568.2642885,3,1,7,1,85,51.0,200.046
1568.264289,1,8,20,3,111,58.0,805.662
1568.264299,5,2,18,3,96,56.0,692.405
1568.264317,2,1,12,3,67,56.0,759.363
1568.2677665,6,2,2,0,3,55.0,42.243
1568.2713835,6,2,4,0,24,49.0,57.513
1568.271638,5,2,9,1,44,55.0,372.346
1568.271644,1,1,2,0,1,46.0,0.0
1568.2716455,3,1,1,0,1,45.0,0.0
1568.271671,2,1,1,0,1,50.0,0.0
1568.2734175,6,1,1,0,1,45.0,0.0
1568.2740115,6,3,30,16,217,73.0,16946.0
1568.274026,2,77,18,6,135,58.0,1568.0
1568.274026,5,126,21,4,163,56.0,800.64
1568.2740335,3,1,17,5,210,60.0,1198.0
1568.274036,1,40,24,6,201,59.0,1460.0
1568.27673,5,10,8,1,51,57.0,416.94
1568.2768535,6,1,1,0,1,45.0,0.0
1568.2781815,6,1,4,0,48,50.0,88.952
1568.278218,5,2,1,0,3,50.0,16.879
1568.2789645,6,6,9,2,63,63.0,948.779
1568.2800325,6,2,1,0,2,45.0,3.324
1568.2809815,6,1,1,0,1,49.0,0.0
1568.2831105,6,1,2,0,1,50.0,0.0
1568.2841765,6,11,10,3,64,64.0,1161.0
1568.284198,5,16,6,0,19,50.0,117.205
1568.284204,1,1,2,0,1,46.0,0.0
1568.2842085,3,2,2,0,2,46.0,3.903
1568.2848955,6,2,1,0,2,45.0,4.66
1568.285222,1,1,5,0,4,51.0,24.249
1568.2869745,3,1,3,0,18,49.0,61.844
1568.2869835,6,1,2,0,4,48.0,10.406
1568.286986,1,1,2,0,1,45.0,0.0
1568.2887615,6,1,2,0,4,49.0,17.191
1568.2894235,6,22,13,1,45,57.0,516.849
1568.289438,5,29,12,1,68,50.0,240.972
1568.2894515,3,1,3,0,48,52.0,101.487
1568.289473,1,1,3,0,31,47.0,39.742
1568.2919445,6,2,6,2,124,62.0,583.027
1568.29203,5,7,7,0,14,54.0,154.24
1568.292632,5,1,1,0,1,45.0,0.0
1568.2928655,6,1,4,0,25,56.0,186.469
1568.295725,1,2,2,0,80,50.0,74.901
1568.2957905,6,2,1,0,3,50.0,16.071
1568.2963255,6,1,1,0,1,48.0,0.0
1568.296369,1,1,2,0,12,47.0,18.671
1568.297226,1,2,1,0,3,45.0,7.873
1568.2984365,6,1,1,0,1,45.0,0.0
1568.3014215,6,1,1,0,1,45.0,0.0
1568.301914,1,142,5,1,173,55.0,237.124
1568.304754,1,2,13,3,199,58.0,576.894
1568.3049565,6,1,3,0,9,50.0,34.442
1568.3062385,6,1,2,0,4,46.0,8.068
1568.306824,5,2,3,0,15,51.0,69.019
1568.306846,1,1,3,0,6,50.0,24.174
1568.3073945,6,1,1,0,1,49.0,0.0
1568.309373,1,1,1,0,1,47.0,0.0
1568.3093895,6,1,2,0,4,47.0,13.001
1568.310175,5,2,15,3,89,60.0,890.049
1568.310179,1,47,14,2,96,55.0,467.283
1568.31018,2,2,9,4,140,57.0,857.326
1568.3101805,3,2,5,0,20,50.0,81.182
1568.3101925,6,7,11,2,70,59.0,623.748
1568.3107628,6,1,6,0,34,58.0,175.432
1568.310767,5,1,1,0,7,47.0,10.383
1568.311638,1,1,1,0,1,46.0,0.0
1568.3116415,6,2,5,0,35,50.0,79.38
1568.3122425,6,1,2,0,11,51.0,66.257
1568.313599,1,11,5,0,18,53.0,188.912
1568.3137425,6,1,3,0,4,50.0,22.528
1568.318601,5,2,1,0,5,48.0,28.617
1568.3196575,6,1,1,0,1,45.0,0.0
1568.319806,1,1,1,0,1,45.0,0.0
1568.3234845,6,2,7,1,27,60.0,406.445
1568.324016,1,2,6,0,18,49.0,62.403
1568.3250425,6,1,3,0,5,47.0,9.804
1568.3256275,3,4,3,0,12,52.0,74.854
1568.325629,5,3,4,0,4,48.0,12.409
1568.3256605,6,1,4,0,13,47.0,27.47
1568.3263225,6,1,1,0,1,46.0,0.0
1568.3285965,6,3,3,0,12,47.0,25.984
1568.329949,1,1,1,0,1,45.0,0.0
1568.3304405,3,1,3,0,18,52.0,57.478
1568.330458,1,2,9,0,40,50.0,118.275
1568.3304665,6,111,10,2,133,58.0,408.49
1568.33048,2,1,3,0,1,51.0,0.0
1568.332033,5,3,5,0,25,51.0,92.225
1568.332064,1,1,4,0,10,47.0,20.677
1568.333109,5,3,5,0,44,52.0,118.916
1568.3331175,6,1,3,0,27,49.0,42.734
1568.3331315,3,1,1,0,1,45.0,0.0
1568.3336465,6,1,1,0,1,47.0,0.0
1568.335585,1,1,2,0,4,49.0,16.778
1568.3357315,6,1,1,0,5,46.0,10.702
1568.3362505,6,2,2,0,3,52.0,27.261
1568.3367885,6,1,1,0,1,48.0,0.0
1568.337497,1,5,12,3,70,63.0,1355.0
1568.3379825,6,1,1,0,1,45.0,0.0
1568.338869,5,6,9,1,44,56.0,391.03
1568.338879,1,1,4,0,1,48.0,0.0
1568.3389075,6,1,3,0,1,49.0,0.0
1568.340634,1,1,2,0,4,48.0,13.028
1568.34172,5,2,3,0,11,51.0,65.466
1568.342129,1,2,4,0,39,51.0,98.336
1568.3443525,6,2,1,0,3,54.0,66.023
1568.344604,5,5,13,3,48,66.0,2174.0
1568.3446315,3,1,1,0,7,50.0,25.025
1568.344667,1,3,4,1,74,49.0,108.432
1568.3455815,6,1,2,0,1,48.0,0.0
1568.3469005,6,1,3,0,12,51.0,33.854
1568.347664,1,9,6,0,21,52.0,153.134
1568.3477285,6,1,3,0,5,49.0,15.818
1568.3507535,6,23,24,11,195,68.0,6953.0
1568.350764,5,29,29,7,121,61.0,2499.0
1568.3507685,3,1,15,4,158,60.0,1071.0
1568.350775,1,24,19,5,135,60.0,1537.0
1568.350778,4,17,2,0,20,48.0,48.814
1568.350781,2,1,18,7,159,63.0,2588.0
1568.351419,1,5,19,4,160,62.0,1240.0
1568.351431,5,2,16,3,152,53.0,568.675
1568.3514375,3,2,5,1,84,54.0,215.551
1568.3514495,6,14,13,2,78,53.0,385.32
1568.35146,2,2,4,0,15,57.0,126.411
1568.3540415,6,1,11,2,87,56.0,446.324
1568.354078,1,9,14,3,105,57.0,696.584
1568.354091,5,2,6,0,3,48.0,10.028
1568.354113,2,1,4,0,1,53.0,0.0
1568.3541215,3,1,3,0,1,47.0,0.0
1568.3582415,6,1,1,0,1,47.0,0.0
1568.3595885,3,1,1,0,1,49.0,0.0
1568.3599235,6,182,16,4,231,65.0,1693.0
1568.360098,5,1,8,1,95,54.0,262.181
1568.360107,1,12,15,2,144,54.0,404.104
1568.3601205,3,1,6,1,57,56.0,317.174
1568.360154,2,1,2,0,1,51.0,0.0
1568.361293,5,4,3,0,11,54.0,114.142
1568.361587,1,12,9,1,88,50.0,141.462
1568.3615895,6,4,4,0,25,49.0,90.837
1568.3618995,3,1,7,1,101,52.0,191.886
1568.361908,2,2,8,2,76,61.0,762.661
1568.361924,5,15,13,3,228,54.0,523.544
1568.362696,1,1,2,0,1,49.0,0.0
1568.362755,5,8,6,0,13,55.0,164.118
1568.3627995,6,1,4,0,25,52.0,88.291
1568.3641705,6,2,9,3,70,70.0,3181.0
1568.3649155,6,1,4,0,13,56.0,81.441
1568.3663865,6,1,1,0,1,45.0,0.0
1568.3670265,6,41,26,31,195,85.0,105152.0
1568.36707,5,67,16,3,148,55.0,670.669
1568.367072,1,31,15,3,166,54.0,557.311
1568.3670985,3,1,5,1,81,52.0,211.222
1568.367128,2,1,2,0,1,57.0,0.0
1568.3680295,6,4,2,0,8,55.0,61.176
1568.3681075,3,1,1,0,1,45.0,0.0
1568.368286,1,1,2,0,1,51.0,0.0
1568.368495,5,3,3,0,11,52.0,69.238
1568.370566,1,2,2,0,2,49.0,12.908
1568.3706155,6,1,8,2,229,51.0,164.716
1568.370772,5,3,15,3,67,57.0,1186.0
1568.371078,1,1,5,1,45,55.0,174.376
1568.372336,1,9,2,0,10,50.0,34.021
1568.373595,5,5,5,0,12,58.0,272.137
1568.374431,1,2,5,1,38,61.0,588.177
1568.3747015,6,7,4,0,10,51.0,50.888
1568.375047,1,2,3,0,3,50.0,18.472
1568.3769425,6,1,3,0,7,51.0,29.361
1568.3775095,6,1,1,0,1,46.0,0.0
1568.3783915,6,1,12,3,130,60.0,760.301
1568.37845,5,1,5,0,52,50.0,115.331
1568.3784755,3,2,3,0,21,50.0,48.761
1568.379347,1,1,1,0,1,48.0,0.0
1568.3799525,6,1,2,0,5,47.0,11.435
1568.380307,5,34,8,1,80,54.0,286.902
1568.380355,1,1,4,0,1,50.0,0.0
1568.381333,1,15,37,9,325,58.0,1954.0
1568.381454,2,1,11,4,152,55.0,945.432
1568.3814575,6,63,24,7,186,65.0,2551.0
1568.3814755,3,1,13,3,168,54.0,456.871
1568.38148,5,3,18,3,115,55.0,620.093
1568.3834025,6,1,1,0,1,45.0,0.0
1568.383683,1,1,5,0,57,48.0,73.992
1568.3836845,3,1,2,0,16,46.0,31.896
1568.3840075,6,1,3,0,1,49.0,0.0
1568.384103,5,1,1,0,1,45.0,0.0
1568.384982,1,1,2,0,1,49.0,0.0
1568.3849955,6,1,3,0,12,48.0,32.511
1568.3851845,3,1,1,0,1,45.0,0.0
1568.387644,5,1,4,0,8,50.0,30.74
1568.387756,1,1,2,0,1,48.0,0.0
1568.3894235,6,1,1,0,1,45.0,0.0
1568.3908715,6,6,2,0,7,50.0,36.264
1568.391745,1,1,2,0,1,50.0,0.0
1568.3929825,6,2,11,2,72,66.0,1080.0
1568.393058,5,1,1,0,1,48.0,0.0
1568.3930605,3,1,1,0,1,45.0,0.0
1568.393755,1,1,1,0,1,45.0,0.0
1568.3944295,3,2,3,0,13,55.0,147.041
1568.3944815,6,1,2,0,1,49.0,0.0
1568.395936,5,1,4,0,27,51.0,54.116
1568.3959475,6,1,4,0,17,54.0,93.28
1568.39803,1,2,7,1,41,63.0,1102.0
1568.3994395,6,1,1,0,1,45.0,0.0
1568.401702,5,2,7,1,75,53.0,198.371
1568.4017135,3,1,2,0,1,48.0,0.0
1568.4017395,6,1,2,0,1,48.0,0.0
1568.4023635,6,5,10,3,49,67.0,2507.0
1568.4032285,6,6,7,1,27,61.0,521.409
1568.403271,1,1,2,0,1,47.0,0.0
1568.403981,5,6,10,2,89,58.0,756.68
1568.4039835,3,2,2,0,30,48.0,43.27
1568.4039955,6,1,7,0,32,51.0,104.583
1568.404029,1,2,10,2,214,49.0,187.53
1568.404032,2,1,3,0,1,54.0,0.0
1568.4047185,3,1,2,0,4,46.0,6.996
1568.4050825,6,1,4,0,20,52.0,88.713
1568.405131,5,2,4,0,2,46.0,4.305
1568.407804,5,2,3,0,10,57.0,197.271
1568.4078245,6,1,5,0,26,51.0,70.478
1568.4078395,3,1,1,0,1,45.0,0.0
1568.408131,1,1,1,0,1,45.0,0.0
1568.4094975,6,1,1,0,1,45.0,0.0
1568.4103915,6,9,8,1,36,56.0,306.584
1568.410426,1,1,1,0,1,46.0,0.0
1568.4110655,6,1,1,0,1,45.0,0.0
1568.412433,1,1,3,0,1,50.0,0.0
1568.412448,5,1,3,0,1,48.0,0.0
1568.4124495,6,1,1,0,1,46.0,0.0
1568.4145735,6,1,1,0,1,50.0,0.0
1568.4160075,6,1,6,1,35,55.0,217.78
1568.416024,1,1,5,0,40,51.0,109.688
1568.416039,5,1,2,0,1,46.0,0.0
1568.416049,2,1,1,0,1,51.0,0.0
1568.416737,1,175,52,29,423,74.0,38532.0
1568.4169195,6,31,34,13,273,68.0,6376.0
1568.41692,2,21,29,18,183,71.0,15674.0
1568.416922,5,29,40,12,235,67.0,5219.0
1568.4169255,3,10,24,9,199,62.0,3251.0
1568.416927,4,2,4,0,2,47.0,3.324
1568.4177625,6,1,1,0,1,47.0,0.0
1568.4187075,6,2,3,0,13,53.0,130.67
1568.420801,1,4,1,0,5,50.0,42.066
1568.4211955,6,2,3,0,22,50.0,72.49
1568.422068,1,2,2,0,3,52.0,40.852
1568.4243445,6,1,1,0,5,47.0,9.988
1568.425217,1,1,2,0,5,53.0,38.082
1568.4255705,6,3,3,0,4,50.0,16.351
1568.42613,1,2,3,0,8,58.0,126.059
1568.4263915,6,1,1,0,1,45.0,0.0
1568.4284285,6,1,3,0,14,54.0,85.316
1568.428453,1,1,1,0,1,46.0,0.0
1568.4306695,6,22,7,2,119,55.0,439.158
1568.430677,5,1,6,0,5,53.0,40.028
1568.4306945,3,1,3,0,15,48.0,33.523
1568.430754,1,1,1,0,1,45.0,0.0
1568.431186,5,3,5,0,22,51.0,94.359
1568.4312115,3,2,4,0,61,51.0,123.769
1568.4314155,6,1,2,0,20,48.0,14.108
1568.431428,2,1,1,0,1,50.0,0.0
1568.43144,1,1,3,0,23,51.0,62.124
1568.431865,5,2,1,0,2,45.0,4.148
1568.4331335,6,1,2,0,41,47.0,27.791
1568.4342065,6,2,3,0,4,56.0,51.075
1568.437493,5,2,3,0,19,54.0,157.058
1568.437536,1,2,1,0,3,45.0,8.228
1568.4397735,6,1,2,0,13,46.0,24.57
1568.441463,1,1,1,0,1,45.0,0.0
1568.4425475,6,1,6,2,31,63.0,1268.0
1568.442608,1,1,1,0,1,45.0,0.0
1568.4435885,6,2,7,1,33,57.0,451.829
1568.4443005,6,7,9,1,58,55.0,321.091
1568.444301,5,2,10,1,28,53.0,297.657
1568.444326,1,1,4,0,35,52.0,84.678
1568.4448945,6,1,4,0,88,50.0,87.853
1568.4450075,3,1,1,0,1,45.0,0.0
1568.4458675,6,2,12,1,103,53.0,254.943
1568.445876,5,43,11,2,77,52.0,306.303
1568.4458995,3,1,6,1,116,48.0,136.378
1568.44591,1,2,5,1,94,49.0,129.297
1568.445913,2,2,2,0,3,54.0,56.703
1568.4471525,3,1,1,0,4,52.0,29.674
1568.448367,5,2,5,0,39,52.0,83.095
1568.4483685,6,2,3,0,26,60.0,237.587
1568.4500115,6,6,8,2,61,64.0,1018.0
1568.450061,1,1,2,0,1,47.0,0.0
1568.450095,5,1,2,0,1,46.0,0.0
1568.451461,1,1,2,0,1,46.0,0.0
1568.4515415,6,2,1,0,2,51.0,9.497
1568.452329,1,1,9,2,66,67.0,1199.0
1568.4525235,6,2,4,0,20,53.0,131.213
1568.454134,5,3,5,0,6,61.0,306.872
1568.4548215,6,1,1,0,1,45.0,0.0
1568.4550455,3,1,2,0,5,49.0,18.473
1568.455049,5,2,5,0,24,53.0,120.26
1568.455359,1,2,2,0,3,53.0,25.43
1568.455969,5,2,7,1,25,60.0,821.55
1568.456751,1,1,1,0,1,47.0,0.0
1568.4574505,6,214,11,3,222,58.0,512.634
1568.457624,1,1,1,0,1,45.0,0.0
1568.4587355,6,1,1,0,1,45.0,0.0
1568.4594005,6,1,1,0,1,47.0,0.0
1568.4601025,3,1,2,0,4,54.0,40.836
1568.460868,1,2,10,1,66,52.0,177.026
1568.4608695,3,1,5,1,29,53.0,212.875
1568.460891,5,1,3,0,1,50.0,0.0
1568.4608935,6,1,4,0,53,50.0,87.056
1568.460904,2,1,1,0,1,53.0,0.0
1568.4615155,6,1,19,4,158,58.0,1004.0
1568.461521,5,21,12,4,209,58.0,904.868
1568.461535,4,1,1,0,1,45.0,0.0
1568.4615385,3,1,8,2,139,54.0,428.972
1568.461544,1,19,16,3,160,55.0,524.432
1568.46156,2,10,5,0,22,56.0,258.289
1568.462777,1,1,1,0,1,45.0,0.0
1568.4641815,6,1,2,0,4,48.0,11.267
1568.465306,1,2,1,0,14,53.0,123.55
1568.46616,5,2,4,0,8,50.0,46.516
1568.467501,5,3,3,0,7,51.0,41.78
1568.4675165,6,1,4,0,48,52.0,74.646
1568.4699595,6,1,2,0,10,49.0,28.578
1568.471481,1,2,1,0,2,48.0,4.273
1568.4726435,6,1,15,4,148,62.0,1454.0
1568.472661,5,1,6,0,37,52.0,110.137
1568.472686,1,313,21,6,428,62.0,1241.0
1568.4726955,3,2,2,0,3,46.0,8.387
1568.473199,5,3,5,0,6,58.0,158.023
1568.4740855,6,1,1,0,1,45.0,0.0
1568.4781435,6,2,1,0,5,46.0,14.862
1568.478906,1,1,2,0,4,47.0,11.441
1568.4789345,6,1,1,0,1,46.0,0.0
1568.4797575,6,514,13,6,533,59.0,980.567
1568.479767,5,1,2,0,33,50.0,53.584
1569.0326905,6,1,1,0,1,45.0,0.0
1569.0332945,3,1,8,1,50,49.0,110.922
1569.0338845,3,1,1,0,1,46.0,0.0
1569.0344815,3,1,1,0,1,45.0,0.0
1569.0351175,3,1,1,0,1,45.0,0.0
1569.039793,1,1,1,0,1,47.0,0.0
1569.0441765,3,1,2,0,8,49.0,29.574
1569.0448235,6,1,1,0,1,45.0,0.0
1569.0463765,3,1,4,0,12,48.0,34.869
1569.051624,1,2,1,0,3,49.0,23.153
1569.0521235,6,1,2,0,1,46.0,0.0
1569.0532555,3,1,2,0,1,47.0,0.0
1569.0547585,6,5,55,50,508,83.0,117875.0
1569.054773,2,51,32,19,223,68.0,12474.0
1569.0547765,3,38,34,20,329,69.0,10424.0
1569.0560815,3,1,1,0,16,45.0,15.909
1569.0595935,3,1,2,0,7,53.0,68.874
1569.059608,1,1,2,0,1,46.0,0.0
1569.0615395,3,1,6,2,248,51.0,196.33
1569.0627235,3,1,1,0,1,45.0,0.0
1569.0639485,6,1,2,0,1,47.0,0.0
1569.0649935,3,1,6,1,34,53.0,200.404
1569.0668915,6,1,1,0,1,46.0,0.0
1569.068312,1,1,2,0,1,48.0,0.0
1569.0692535,6,1,1,0,1,47.0,0.0
1569.0699295,6,1,2,0,1,47.0,0.0
1569.07043,1,1,2,0,8,46.0,16.238
1569.072455,1,1,3,0,1,48.0,0.0
1569.0731995,3,1,3,1,107,52.0,128.896
1569.0739005,6,1,1,0,1,45.0,0.0
1569.0754175,6,1,1,0,1,45.0,0.0
1569.0767055,6,36,8,3,60,67.0,1635.0
1569.0783285,3,1,1,0,1,45.0,0.0
1569.0820905,6,1,1,0,10,46.0,17.069
1569.0829525,6,1,1,0,1,46.0,0.0
1569.0846695,6,1,1,0,1,45.0,0.0
1569.0907525,3,1,1,0,1,45.0,0.0
1569.094115,1,1,8,0,48,49.0,117.924
1569.0941235,3,1,2,0,32,51.0,64.543
1569.0947605,6,1,1,0,1,47.0,0.0
1569.095737,1,2,2,0,3,49.0,12.636
1569.0971785,6,1,1,0,1,46.0,0.0
1569.0979285,6,3,38,16,281,70.0,11102.0
1569.0996855,3,1,2,0,1,46.0,0.0
1569.101358,1,1,1,0,1,48.0,0.0
1569.1050485,3,1,2,0,1,46.0,0.0
1569.106572,1,1,1,0,1,46.0,0.0
1569.1071825,3,1,3,0,40,50.0,72.788
1569.1084815,3,5,9,1,43,53.0,228.467
1569.111325,1,1,2,0,1,49.0,0.0
1569.1133225,6,1,3,0,4,47.0,9.132
1569.1138535,3,1,1,0,1,46.0,0.0
1569.1147435,6,2,3,0,2,46.0,3.324
1569.1156725,6,1,1,0,1,47.0,0.0
1569.1163865,6,1,1,0,6,47.0,11.245
1569.1167245,3,1,2,0,52,48.0,32.298
1569.119516,1,1,3,0,48,48.0,57.103
1569.1197855,3,1,3,0,19,50.0,73.459
1569.1203845,6,1,1,0,8,47.0,13.735
1569.1217395,3,1,2,0,32,48.0,59.666
1569.121794,1,1,1,0,1,46.0,0.0
1569.1222775,3,1,5,1,96,48.0,124.919
1569.1250875,3,1,1,0,1,45.0,0.0
1569.125951,1,1,2,0,1,45.0,0.0
1569.1289835,6,1,2,0,1,45.0,0.0
1569.1294845,3,1,1,0,1,46.0,0.0
1569.1331985,3,1,6,0,51,47.0,70.237
1569.1339055,3,2,1,0,67,45.0,44.36
1569.1339985,6,1,1,0,1,45.0,0.0
1569.1353525,3,2,1,0,2,45.0,4.025
1569.1368185,6,1,2,0,1,45.0,0.0
1569.1376535,3,1,9,2,114,54.0,247.828
1569.138385,1,1,2,0,1,47.0,0.0
1569.1402935,3,1,4,1,69,50.0,116.054
1569.1410915,6,10,12,4,75,67.0,2321.0
1569.1411425,3,1,1,0,1,45.0,0.0
1569.1434965,3,1,1,0,1,45.0,0.0
1569.1457095,3,1,5,0,38,53.0,115.12
1569.1463385,3,1,3,0,22,50.0,63.129
1569.147472,1,2,3,0,17,47.0,36.846
1569.1482525,3,1,5,0,63,48.0,90.488
1569.150982,1,34,7,0,35,49.0,74.176
1569.1509855,3,1,2,0,22,52.0,75.268
1569.1516535,6,4,71,34,1000,72.0,15947.0
1569.1517265,3,1,1,0,5,46.0,9.686
1569.152257,5,26,42,21,241,73.0,22279.0
1569.152266,2,39,35,24,250,70.0,20002.0
1569.155051,1,1,1,0,1,48.0,0.0
1569.155821,1,1,3,0,1,48.0,0.0
1569.1558325,3,2,1,0,9,46.0,19.736
1569.1572925,3,2,1,0,6,47.0,15.843
1569.1580365,3,1,3,0,13,50.0,56.838
1569.1589495,3,2,9,1,85,52.0,266.835
1569.1598405,6,1,1,0,1,46.0,0.0
1569.1603845,6,6,14,6,92,67.0,3811.0
1569.1604055,3,34,10,1,63,54.0,345.166
1569.1637355,6,1,1,0,1,45.0,0.0
1569.1650715,6,2,7,2,23,69.0,1761.0
1569.1658605,3,1,3,0,24,50.0,68.364
1569.167369,1,1,1,0,1,45.0,0.0
1569.1707565,6,1,1,0,5,45.0,9.733
1569.1722425,6,1,1,0,1,45.0,0.0
1569.1733245,6,1,2,0,1,46.0,0.0
1569.174494,1,2,1,0,3,49.0,15.254
1569.1750125,6,1,2,0,1,46.0,0.0
1569.175535,1,1,3,0,1,47.0,0.0
1569.179165,1,5,3,0,6,48.0,25.596
1569.180521,1,1,1,0,1,45.0,0.0
1569.1812795,6,41,41,27,317,76.0,37564.0
1569.1822245,3,1,2,0,4,48.0,11.001
1569.1833055,6,1,2,0,1,47.0,0.0
1569.1846525,6,1,1,0,1,45.0,0.0
1569.1867645,3,1,2,0,1,46.0,0.0
1569.1868025,6,1,1,0,1,45.0,0.0
1569.1886035,3,1,1,0,4,47.0,10.872
1569.1902865,3,1,1,0,1,45.0,0.0
1569.1909265,3,1,2,0,1,46.0,0.0
1569.192296,1,1,4,0,1,49.0,0.0
1569.1923465,3,1,1,0,1,45.0,0.0
1569.1929225,3,1,1,0,1,45.0,0.0
1569.1935665,3,1,2,0,1,45.0,0.0
1569.193571,1,1,2,0,1,46.0,0.0
1569.1959025,3,1,1,0,4,48.0,10.706
1569.1964495,3,1,2,0,8,48.0,21.15
1569.1987355,3,1,2,0,1,47.0,0.0
1569.1995225,6,1,1,0,63,47.0,48.138
1569.2029445,3,1,3,0,13,50.0,56.57
1569.2035725,6,1,1,0,1,46.0,0.0
1569.2051745,3,1,2,0,1,47.0,0.0
1569.2090815,3,1,1,0,1,45.0,0.0
1569.2092095,6,1,1,0,1,46.0,0.0
1569.2113935,3,2,1,0,6,47.0,17.216
1569.2127925,3,1,5,2,193,51.0,175.443
1569.2140135,6,1,3,0,1,47.0,0.0
1569.217644,1,1,2,0,1,46.0,0.0
1569.2177225,6,1,1,0,1,45.0,0.0
1569.2225795,6,115,49,26,525,68.0,15271.0
1569.22266,5,9,48,35,317,76.0,42705.0
1569.2226635,3,21,32,18,283,71.0,12566.0
1569.222664,1,40,54,31,366,70.0,24257.0
1569.22267,2,11,41,33,283,73.0,33539.0
1569.2239885,6,1,1,0,1,45.0,0.0
1569.2245385,3,1,1,0,1,45.0,0.0
1569.2258205,3,2,10,3,264,49.0,246.886
1569.2275865,3,1,4,0,42,48.0,66.327
1569.2283405,3,1,1,0,1,45.0,0.0
1569.2296285,3,2,5,1,63,51.0,116.302
1569.2300865,6,1,1,0,1,45.0,0.0
1569.2319275,3,15,3,0,20,49.0,51.224
1569.2343055,3,1,1,0,1,45.0,0.0
1569.234314,1,1,2,0,1,46.0,0.0
1569.2346975,6,1,3,1,182,46.0,77.935
1569.23514,1,1,4,0,54,48.0,66.72
1569.2351465,3,2,4,0,54,50.0,113.157
1569.2370375,3,1,1,0,1,45.0,0.0
1569.2381125,3,1,1,0,18,46.0,22.769
1569.239323,1,2,1,0,3,46.0,8.23
1569.240892,1,2,6,1,118,48.0,142.803
1569.2417145,3,1,5,1,58,49.0,123.072
1569.2435385,3,1,3,0,5,50.0,19.719
1569.245586,1,1,1,0,1,45.0,0.0
1569.2472695,6,1,1,0,1,45.0,0.0
1569.2477775,6,1,2,0,4,47.0,12.704
1569.248893,1,2,2,0,2,49.0,7.837
1569.249672,1,1,3,1,122,49.0,107.908
1569.254543,1,1,1,0,1,49.0,0.0
1569.25601,1,2,1,0,3,47.0,7.449
1569.2598075,3,5,6,1,43,51.0,163.407
1569.261657,1,1,1,0,1,45.0,0.0
1569.2630065,3,2,5,1,63,51.0,170.505
1569.2639815,6,93,39,21,425,68.0,11177.0
1569.264048,5,12,34,16,262,70.0,10714.0
1569.2640655,3,17,28,15,286,71.0,9994.0
1569.264066,2,5,28,16,227,68.0,9508.0
1569.2652585,3,1,1,0,1,45.0,0.0
1569.2666495,6,1,1,0,4,47.0,10.447
1569.2670425,3,1,2,0,1,45.0,0.0
1569.267643,1,24,4,0,25,49.0,75.003
1569.2693795,3,1,1,0,5,46.0,9.617
1569.2701325,3,2,1,0,5,51.0,32.023
1569.272527,1,1,1,0,1,47.0,0.0
1569.273178,1,1,3,0,45,49.0,57.56
1569.2750325,6,1,1,0,1,45.0,0.0
1569.2787335,3,1,6,2,171,50.0,181.848
1569.2793995,6,7,48,20,980,68.0,8196.0
1569.2794195,3,2,8,1,75,51.0,267.477
1569.281302,1,1,1,0,1,45.0,0.0
1569.2813445,6,1,1,0,1,45.0,0.0
1569.2822695,6,1,1,0,1,47.0,0.0
1569.2836737,6,15,32,13,236,69.0,8117.0
1569.2843265,3,2,2,0,8,46.0,18.34
1569.2858335,6,1,1,0,1,46.0,0.0
1569.2863095,3,1,3,0,56,47.0,62.341
1569.2885335,6,1,1,0,1,45.0,0.0
1569.2891785,6,1,1,0,1,47.0,0.0
1569.28954,1,1,3,0,1,49.0,0.0
1569.2895455,3,1,1,0,1,48.0,0.0
1569.2900375,6,129,37,20,436,72.0,15244.0
1569.2921285,3,2,8,1,64,53.0,278.206
1569.2930675,3,1,12,3,186,51.0,344.134
1569.2951435,6,1,5,0,44,47.0,43.497
1569.2996825,3,1,1,0,1,45.0,0.0
1569.3005985,6,1,3,0,12,47.0,27.159
1569.3010295,3,1,5,1,182,50.0,135.269
1569.302253,1,3,1,0,4,48.0,27.294
1569.302821,1,2,3,0,2,49.0,23.462
1569.3028885,6,1,2,0,1,47.0,0.0
1569.3039915,6,3,38,19,846,71.0,10081.0
1569.3058395,3,1,10,2,129,54.0,381.895
1569.3066545,6,1,1,0,1,46.0,0.0
1569.306983,1,3,24,12,472,73.0,6914.0
1569.3073645,6,3,14,7,298,68.0,3285.0
1569.3074185,3,1,1,0,1,46.0,0.0
1569.308909,1,1,1,0,1,45.0,0.0
1569.309503,1,1,1,0,1,45.0,0.0
1569.3099985,3,1,3,0,25,49.0,50.228
1569.3119815,6,1,1,0,1,45.0,0.0
1569.3128535,3,1,4,0,23,49.0,52.764
1569.313717,1,1,1,0,1,46.0,0.0
1569.314296,1,1,1,0,1,45.0,0.0
1569.3147775,3,1,8,2,266,50.0,244.779
1569.3157025,3,1,2,0,6,53.0,41.878
1569.316038,1,1,1,0,1,45.0,0.0
1569.319738,1,1,1,0,1,47.0,0.0
1569.3198975,6,1,1,0,1,46.0,0.0
1569.3201375,3,2,2,0,12,54.0,100.46
1569.323336,1,1,1,0,1,45.0,0.0
1569.3237285,3,1,1,0,1,45.0,0.0
1569.3245955,6,1,1,0,1,46.0,0.0
1569.3258095,3,1,1,0,4,49.0,17.95
1569.325849,1,1,1,0,1,45.0,0.0
1569.3274145,3,1,1,0,1,47.0,0.0
1569.328334,1,1,3,0,1,47.0,0.0
1569.3294015,6,5,43,16,774,68.0,5357.0
1569.329434,1,1,5,0,16,49.0,39.108
1569.3296555,3,1,7,1,97,50.0,153.163
1569.330693,1,1,3,0,1,48.0,0.0
1569.3314945,3,1,1,0,1,45.0,0.0
1569.332195,5,3,26,10,163,68.0,6807.0
1569.3322255,3,1,7,1,110,53.0,213.432
1569.33341,5,367,34,13,478,66.0,5174.0
1569.3337985,3,2,2,0,2,46.0,9.877
1569.3348255,3,1,1,0,1,45.0,0.0
1569.335818,1,1,1,0,1,45.0,0.0
1569.336682,1,1,1,0,1,45.0,0.0
1569.337864,1,1,1,0,1,46.0,0.0
1569.3414435,3,4,6,1,104,52.0,214.938
1569.3417345,6,13,17,9,97,71.0,8355.0
1569.3428665,3,1,1,0,1,45.0,0.0
1569.3433535,6,571,45,17,692,72.0,9728.0
1569.3434895,3,1,1,0,1,45.0,0.0
1569.3440005,3,2,5,1,46,53.0,159.83
1569.344888,5,3,18,7,90,69.0,5804.0
1569.3449215,3,3,3,0,37,53.0,108.535
1569.3467315,3,2,6,2,118,51.0,257.064
1569.34688,1,1,1,0,1,45.0,0.0
1569.3474725,3,1,1,0,5,45.0,8.678
1569.347778,1,1,1,0,1,45.0,0.0
1569.3493195,3,1,2,0,39,47.0,36.604
1569.349897,1,2,2,0,3,49.0,12.935
1569.3507295,3,1,1,0,1,46.0,0.0
1569.3516215,6,1,2,0,5,46.0,8.688
1569.3520445,3,1,4,0,13,52.0,57.162
1569.3529415,6,10,28,10,280,68.0,4641.0
1569.3543915,3,2,1,0,2,45.0,3.903
1569.3556955,6,1,1,0,1,47.0,0.0
1569.3565345,6,150,42,19,526,74.0,14793.0
1569.3583635,3,1,7,1,61,52.0,152.526
1569.3599675,3,2,3,0,19,54.0,84.849
1569.3627825,3,1,2,0,10,49.0,31.402
1569.3666765,3,1,1,0,1,45.0,0.0
1569.3668745,6,1,1,0,1,45.0,0.0
1569.3692965,3,1,2,0,1,47.0,0.0
1569.36931,1,1,1,0,1,46.0,0.0
1569.3704495,6,1,1,0,1,45.0,0.0
1569.376506,1,1,5,0,20,48.0,38.404
1569.3765165,3,1,2,0,12,48.0,27.671
1569.3784245,3,5,3,0,10,53.0,65.719
1569.3786355,6,2,14,5,158,68.0,3559.0
1569.3814055,3,1,1,0,1,45.0,0.0
1569.3822385,3,1,7,1,95,54.0,255.866
1569.382257,1,1,10,2,193,48.0,207.54
1569.3841605,3,1,2,0,1,46.0,0.0
1569.384829,1,1,1,0,1,47.0,0.0
1569.3901145,3,1,1,0,4,45.0,7.542
1569.3911705,3,1,2,0,1,45.0,0.0
1569.392292,1,1,2,0,1,49.0,0.0
1569.3925915,3,1,1,0,1,45.0,0.0
1569.3931935,3,1,1,0,34,46.0,27.037
1569.3959515,3,1,1,0,1,45.0,0.0
1569.3983475,3,1,6,0,28,52.0,121.473
1569.40078,1,1,3,0,1,47.0,0.0
1569.4007855,3,1,2,0,5,51.0,27.979
1569.4018515,6,1,2,0,1,46.0,0.0
1569.4021295,3,2,4,0,19,47.0,40.104
1569.408027,1,1,4,0,1,48.0,0.0
1569.4080465,3,2,2,0,19,49.0,32.274
1569.4086395,3,1,1,0,1,45.0,0.0
1569.411285,1,1,1,0,1,47.0,0.0
1569.414853,1,1,1,0,1,45.0,0.0
1569.4151585,3,2,3,0,17,51.0,68.353
1569.415549,1,1,2,0,5,49.0,14.219
1569.4161785,3,1,2,0,5,51.0,32.27
1569.4184545,3,1,1,0,1,46.0,0.0
1569.4204225,6,1,2,0,1,47.0,0.0
1569.4212315,3,1,1,0,1,45.0,0.0
1569.4224775,3,1,1,0,1,45.0,0.0
1569.4258595,3,1,7,2,167,48.0,189.583
1569.4266005,3,1,2,0,9,47.0,22.934
1569.426878,1,3,1,0,4,46.0,14.731
1569.4274045,6,15,24,9,136,69.0,6773.0
1569.42921,1,1,1,0,7,47.0,13.404
1569.4301035,3,1,1,0,1,45.0,0.0
1569.4309155,3,2,5,0,34,52.0,160.164
1569.4314725,3,1,3,0,16,49.0,47.871
1569.431518,1,2,4,0,21,48.0,31.961
1569.432622,1,1,7,1,78,49.0,129.778
1569.4326515,3,1,2,0,5,51.0,25.265
1569.4338205,3,1,1,0,1,45.0,0.0
1569.4367775,3,2,7,1,101,49.0,193.344
1569.4389945,3,34,6,1,58,53.0,202.135
1569.441494,1,2,10,1,77,49.0,180.312
1569.4414975,3,2,2,0,6,52.0,39.426
1569.4421725,6,1,24,9,366,67.0,3572.0
1569.4422005,3,2,10,3,218,52.0,346.381
1569.4430635,3,2,7,2,136,49.0,200.896
1569.44318,1,1,2,0,13,48.0,25.509
1569.4447135,3,1,3,0,17,51.0,51.393
1569.446896,1,1,1,0,1,45.0,0.0
1569.4474445,6,1,2,0,1,47.0,0.0
1569.4480925,6,1,4,0,22,46.0,33.916
1569.4496295,6,1,2,0,5,47.0,10.815
1569.4514895,6,1,1,0,1,45.0,0.0
1569.4529035,3,1,1,0,5,45.0,8.702
1569.452942,1,1,1,0,1,45.0,0.0
1569.4576155,3,1,2,0,4,48.0,12.466
1569.45909,1,1,4,0,27,48.0,45.151
1569.4591165,3,1,2,0,5,47.0,12.609
1569.461971,1,1,2,0,1,48.0,0.0
1569.4619965,3,1,1,0,1,45.0,0.0
1569.4639785,3,1,5,0,26,50.0,66.675
1569.464537,1,1,5,0,45,47.0,71.296
1569.4645405,3,1,3,0,48,53.0,110.17
1569.4660655,6,2,2,0,2,47.0,4.055
1569.4666165,3,2,1,0,2,45.0,4.273
1569.4671405,3,1,4,0,41,49.0,79.052
1569.4685215,3,2,4,0,10,49.0,44.915
1569.4705925,6,1,2,0,1,47.0,0.0
1569.4744525,3,1,2,0,42,48.0,47.126
1569.476137,1,1,1,0,1,45.0,0.0
1569.4775235,6,2,2,0,6,47.0,17.087
1569.4779375,3,1,1,0,1,46.0,0.0
1569.4785375,6,1,1,0,1,45.0,0.0
1569.479468,1,1,3,0,1,47.0,0.0
1569.4799245,6,6,20,10,284,72.0,9332.0
1569.4799495,3,1,8,1,56,53.0,195.669
1569.4823305,3,1,7,1,122,50.0,176.322
1569.4829795,3,1,3,0,1,46.0,0.0
1569.483305,1,1,4,0,26,48.0,59.053
1569.4843095,3,1,2,0,7,52.0,39.061
1569.485013,1,1,3,0,4,46.0,10.461
1569.4850215,3,1,1,0,5,52.0,32.032
1569.4856785,6,1,1,0,1,45.0,0.0
1569.4867905,3,1,1,0,1,45.0,0.0
1569.4868615,6,210,38,21,449,70.0,15829.0
1569.4873015,3,1,4,0,27,47.0,48.561
1569.4887265,6,1,1,0,1,45.0,0.0
1569.4894035,6,1,1,0,1,46.0,0.0
1569.4930455,3,1,5,1,73,50.0,129.531
1569.494915,1,1,1,0,1,45.0,0.0
1569.4949315,3,1,1,0,1,45.0,0.0
1569.4957135,3,1,2,0,34,49.0,56.878
1569.4967115,3,1,1,0,1,45.0,0.0
1569.4972565,3,1,3,1,93,50.0,94.0
1569.497826,1,2,2,0,5,48.0,14.423
1569.4996285,3,1,1,0,1,45.0,0.0
1569.5003065,6,1,3,0,11,46.0,15.074
1569.50033,1,1,1,0,1,45.0,0.0
1569.5009815,3,1,4,0,31,51.0,108.417
1569.5032645,3,1,3,0,1,45.0,0.0
1569.5111735,3,1,11,2,111,52.0,327.33
1569.511943,1,2,2,0,2,49.0,6.726
1569.5119535,3,1,1,0,1,45.0,0.0
1569.5147065,3,1,4,0,25,50.0,41.822
1569.5148395,6,1,1,0,1,46.0,0.0
1569.5168415,3,2,5,0,46,53.0,128.809
1569.5182745,3,1,1,0,1,45.0,0.0
1569.5200625,3,1,3,0,18,47.0,20.619
1569.520171,1,2,2,0,2,48.0,5.342
1569.5206205,3,1,1,0,1,45.0,0.0
1569.5214695,6,23,38,21,359,76.0,22448.0
1569.522404,1,1,2,0,1,47.0,0.0
1569.525333,1,1,1,0,1,45.0,0.0
1569.5271415,3,1,7,2,139,53.0,328.779
1569.5281135,3,1,2,0,22,48.0,34.235
1569.528135,1,1,2,0,1,49.0,0.0
1569.528676,1,2,6,0,44,49.0,71.838
1569.5287095,3,1,1,0,18,48.0,17.795
1569.5312095,3,1,1,0,1,45.0,0.0
1569.531306,1,1,1,0,1,45.0,0.0
1569.5340795,6,1,1,0,1,45.0,0.0
1569.5352325,3,5,10,2,104,54.0,442.544
1569.540266,1,1,1,0,1,45.0,0.0
1569.541031,1,1,3,0,55,49.0,72.929
1569.5410555,3,1,3,0,34,48.0,46.15
1569.541703,1,4,4,0,9,49.0,45.462
1569.5421055,3,1,1,0,1,45.0,0.0
1569.542571,1,1,3,0,53,47.0,47.83
1569.5436035,3,1,1,0,1,45.0,0.0
1569.5443405,3,1,2,0,14,47.0,28.066
1569.544397,1,2,1,0,3,47.0,9.051
1569.5453655,3,1,1,0,1,45.0,0.0
1569.5480515,6,1,2,0,1,46.0,0.0
1569.5486455,6,1,2,0,1,46.0,0.0
1569.5491395,3,24,8,1,71,52.0,275.245
1569.5498725,3,1,9,2,110,51.0,263.246
1569.5518195,3,1,2,0,63,48.0,62.494
1569.552162,1,1,2,0,1,47.0,0.0
1569.5525635,3,1,2,0,62,50.0,39.468
1569.5533125,3,2,1,0,6,47.0,17.914
1569.553323,1,1,1,0,1,46.0,0.0
1569.5547565,3,1,3,1,226,51.0,108.568
1569.560078,1,2,1,0,3,46.0,8.141
1569.5611415,3,1,1,0,1,45.0,0.0
1569.5678355,6,1,1,0,1,45.0,0.0
1569.568967,1,12,3,0,13,49.0,31.558
1569.5689815,3,1,3,0,4,49.0,13.452
1569.5695855,3,1,1,0,1,45.0,0.0
1569.5710525,3,1,1,0,4,46.0,7.966
1569.5717115,6,1,1,0,1,45.0,0.0
1569.572872,1,1,1,0,1,45.0,0.0
1569.5730695,6,4,16,6,134,67.0,4032.0
1569.573861,1,1,4,0,71,48.0,69.16
1569.576511,1,1,6,1,124,48.0,123.993
1569.5765205,3,1,3,0,15,49.0,42.321
1569.5779875,6,2,2,0,2,47.0,3.55
1569.5791685,3,1,8,0,31,50.0,82.615
1569.5811105,6,3,19,13,149,72.0,14322.0
1569.5811395,3,1,8,1,37,53.0,250.104
1569.582949,1,1,3,0,1,46.0,0.0
1569.5844145,3,1,1,0,5,48.0,16.826
1569.5850885,3,1,3,0,13,51.0,54.289
1569.5856575,3,1,3,0,19,50.0,47.142
1569.5862135,3,1,3,0,1,47.0,0.0
1569.5902335,3,2,1,0,2,45.0,3.213
1569.5905705,6,10,16,9,144,69.0,6470.0
1569.591746,1,1,2,0,1,48.0,0.0
1569.593813,1,1,1,0,1,45.0,0.0
1569.5938265,3,1,3,0,1,48.0,0.0
1569.5959825,6,120,45,19,1207,69.0,7401.0
1569.5961225,3,1,4,1,74,52.0,123.929
1569.5966985,3,1,1,0,1,45.0,0.0
1569.596714,1,1,3,0,60,46.0,46.915
1569.5979665,6,1,2,0,1,45.0,0.0
1569.599282,1,1,1,0,1,46.0,0.0
1569.6000685,3,1,1,0,1,45.0,0.0
1569.6010965,3,1,2,0,1,45.0,0.0
1569.601772,1,1,1,0,1,45.0,0.0
1569.6041045,6,1,2,0,1,47.0,0.0
1569.6059015,6,496,66,46,662,79.0,83131.0
1569.606624,1,1,2,0,1,48.0,0.0
1569.6080245,3,1,1,0,1,45.0,0.0
1569.6087835,3,1,4,0,12,52.0,76.183
1569.6100758,6,301,31,14,687,72.0,8463.0
1569.6115915,3,2,11,2,96,54.0,551.433
1569.612475,1,1,1,0,1,45.0,0.0
1569.6132385,3,1,2,0,13,51.0,41.064
1569.613242,1,1,2,0,1,45.0,0.0
1569.6147715,3,1,4,0,64,50.0,75.828
1569.61534,1,1,2,0,1,45.0,0.0
1569.6154415,3,1,1,0,1,45.0,0.0
1569.6162235,3,1,2,0,17,45.0,22.971
1569.6169945,6,525,66,29,1174,68.0,13028.0
1569.6171105,3,12,15,4,223,54.0,670.437
1569.6194785,3,1,3,0,4,49.0,14.601
1569.6201115,3,1,2,0,25,48.0,33.264
1569.620138,1,2,2,0,2,46.0,5.201
1569.621034,1,1,2,0,1,49.0,0.0
1569.6211785,6,3,1,0,4,47.0,12.758
1569.622005,1,1,4,1,125,48.0,93.1
1569.6221275,3,1,1,0,1,45.0,0.0
1569.622367,5,8,29,11,146,71.0,9217.0
1569.622373,2,4,27,17,200,71.0,13910.0
1569.6223745,6,58,58,23,580,67.0,9751.0
1569.6228455,3,2,4,1,92,48.0,112.648
1569.6240685,6,10,32,11,399,68.0,4243.0
1569.625845,1,1,2,0,7,48.0,25.73
1569.6294885,6,3,24,10,219,68.0,5953.0
1569.6313005,6,7,58,46,869,83.0,96620.0
1569.6313205,3,2,30,16,531,68.0,6563.0
1569.6326695,3,1,1,0,1,46.0,0.0
1569.6328075,6,1,2,0,1,47.0,0.0
1569.6333545,6,555,50,24,845,77.0,22601.0
1569.633583,1,1,1,0,1,47.0,0.0
1569.6357705,3,1,2,0,1,45.0,0.0
1569.635777,1,1,3,0,1,48.0,0.0
1569.636515,1,1,4,0,1,49.0,0.0
1569.6365185,3,1,2,0,11,46.0,15.438
1569.6379355,3,1,13,3,222,51.0,328.567
1569.6390925,3,1,2,0,1,49.0,0.0
1569.639906,1,1,1,0,1,46.0,0.0
1569.644406,1,1,5,0,23,48.0,29.628
1569.6463665,6,17,27,12,452,67.0,4621.0
1569.6463795,3,2,9,2,113,52.0,347.427
1569.6483535,6,1,3,0,11,46.0,13.674
1569.6489055,3,2,3,0,31,49.0,58.508
1569.6501105,3,1,1,0,1,45.0,0.0
1569.650879,1,1,1,0,1,45.0,0.0
1569.6520045,3,1,2,0,1,46.0,0.0
1569.652613,1,1,2,0,42,47.0,29.11
1569.65416,5,2,31,10,417,68.0,3456.0
1569.6543965,3,74,14,2,122,53.0,402.412
1569.6553935,6,219,25,10,516,69.0,4073.0
1569.6574105,3,1,2,0,6,46.0,12.863
1569.6583115,3,1,1,0,1,45.0,0.0
1569.6609165,6,64,17,11,182,73.0,13901.0
1569.661023,1,1,1,0,1,45.0,0.0
1569.6620385,3,1,1,0,1,47.0,0.0
1569.6642425,6,1,2,0,1,45.0,0.0
1569.6648445,6,5,79,31,1013,70.0,12225.0
1569.6648565,3,200,21,4,254,54.0,566.267
1569.6656125,3,2,7,1,82,53.0,257.503
1569.6668665,3,1,1,0,6,45.0,10.005
1569.666897,1,1,3,0,1,49.0,0.0
1569.668025,1,1,1,0,1,47.0,0.0
1569.6691355,3,1,4,1,153,50.0,175.225
1569.6706555,3,1,5,0,21,52.0,97.315
1569.6715685,6,15,43,20,416,72.0,14006.0
1569.6723575,3,2,7,0,42,49.0,120.09
1569.6729435,3,1,1,0,4,50.0,16.508
1569.6735435,3,1,1,0,1,45.0,0.0
1569.6740447,3,1,1,0,1,45.0,0.0
1569.6747005,3,1,6,1,82,51.0,227.13
1569.6754615,3,1,1,0,1,45.0,0.0
1569.6760115,3,1,9,3,204,52.0,333.721
1569.6770555,6,2,3,0,69,47.0,78.804
1569.6777745,3,2,3,0,24,48.0,41.255
1569.6787935,3,1,2,0,1,48.0,0.0
1569.678794,1,1,10,1,157,48.0,145.739
1569.6788955,6,8,44,20,1015,68.0,7492.0
1569.6816295,3,1,2,0,32,49.0,46.614
1569.6836525,6,1,2,0,1,45.0,0.0
1569.6841995,6,1,1,0,1,47.0,0.0
1569.6853975,6,1,2,0,1,45.0,0.0
1569.686291,1,2,1,0,2,46.0,3.903
1569.6900505,3,1,9,1,108,52.0,201.255
1569.6951495,6,1,1,0,1,47.0,0.0
1569.6961205,6,331,22,10,552,70.0,5125.0
1569.6964995,3,1,2,0,6,47.0,12.684
1569.6978365,3,2,2,0,6,47.0,16.386
1569.7009235,3,1,9,2,134,52.0,350.879
1569.7020725,6,4,33,12,436,67.0,4437.0
1569.7021995,3,1,2,0,11,48.0,29.643
1569.7035695,3,1,3,0,37,47.0,52.213
1569.7039415,6,302,44,20,700,73.0,12595.0
1569.705795,1,1,2,0,12,49.0,33.77
1569.7065145,3,1,4,0,21,50.0,51.95
1569.7085095,6,66,16,9,237,72.0,8582.0
1569.709339,1,1,3,1,98,48.0,78.749
1569.7093595,3,1,4,0,28,46.0,50.986
1569.7100255,6,123,10,4,177,70.0,3278.0
1569.7119925,3,1,1,0,5,47.0,9.519
1569.711994,1,1,1,0,1,45.0,0.0
1569.712507,1,1,1,0,1,47.0,0.0
1569.7136745,3,1,7,1,65,52.0,194.6
1569.7143465,6,910,79,29,1209,70.0,10481.0
1569.7144445,3,2,2,0,6,47.0,18.368
1569.7149735,3,1,9,2,101,53.0,284.528
1569.7170585,3,1,3,0,25,51.0,60.599
1569.7191285,3,1,3,0,48,50.0,87.362
1569.719151,1,2,4,0,30,48.0,60.394
1569.7196785,3,1,17,4,311,53.0,502.585
1569.7207485,3,1,10,1,83,51.0,206.388
1569.721564,1,1,3,0,1,47.0,0.0
1569.7217475,3,1,1,0,1,45.0,0.0
1569.7225905,6,1,2,0,4,45.0,7.341
1569.723049,1,75,46,32,429,75.0,31091.0
1569.723118,2,78,38,29,240,71.0,28074.0
1569.7231205,3,10,37,25,363,72.0,23425.0
1569.7231215,6,29,66,35,685,71.0,23449.0
1569.725195,1,1,1,0,1,45.0,0.0
1569.7259325,3,1,1,0,1,45.0,0.0
1569.7264365,3,5,6,0,26,51.0,103.144
1569.727306,1,1,8,1,167,48.0,137.282
1569.7274745,3,1,1,0,1,45.0,0.0
1569.7287555,3,1,4,0,54,49.0,81.794
1569.731493,1,1,3,0,7,48.0,21.027
1569.7319845,3,1,1,0,1,45.0,0.0
1569.7327275,3,1,7,1,48,51.0,134.117
1569.7338765,3,1,2,0,15,47.0,36.278
1569.733912,1,1,7,0,36,49.0,73.212
1569.736756,1,1,6,0,4,48.0,8.912
1569.739297,1,1,1,0,1,45.0,0.0
1569.7394375,6,272,46,19,534,70.0,11332.0
1569.740892,1,1,1,0,1,45.0,0.0
1569.7411265,3,1,2,0,1,47.0,0.0
1569.7421425,3,1,2,0,4,46.0,7.437
1569.742158,1,1,2,0,1,45.0,0.0
1569.7437105,6,5,13,5,72,68.0,4394.0
1569.7437555,3,1,3,0,24,48.0,64.996
1569.743787,1,1,1,0,1,46.0,0.0
1569.7450665,6,403,31,13,600,72.0,6395.0
1569.7452475,3,1,1,0,1,45.0,0.0
1569.746336,5,1,20,6,116,67.0,3128.0
1569.747214,1,2,4,0,11,49.0,43.78
1569.7499235,3,1,2,0,1,46.0,0.0
1569.7506405,3,1,2,0,5,47.0,11.98
1569.750718,1,1,1,0,1,47.0,0.0
1569.7515985,3,1,3,0,1,46.0,0.0
1569.7521125,3,1,1,0,11,47.0,13.784
1569.7532995,3,1,4,0,27,52.0,97.036
1569.7533085,6,897,48,17,1102,67.0,4094.0
1569.7541745,3,17,7,1,111,54.0,239.08
1569.7556935,6,1,1,0,1,46.0,0.0
1569.7570305,6,6,13,6,242,67.0,2636.0
1569.7570495,3,1,4,0,33,48.0,81.319
1569.7583675,3,1,2,0,55,48.0,39.214
1569.7612595,3,1,4,0,1,47.0,0.0
1569.7622995,6,10,26,13,191,73.0,14478.0
1569.7640075,6,2,39,14,625,72.0,5868.0
1569.7654965,6,1,1,0,1,45.0,0.0
1569.7658295,3,1,2,0,1,45.0,0.0
1569.7660045,6,373,23,9,413,69.0,3934.0
1569.7670015,6,1,1,0,1,47.0,0.0
1569.7674355,3,1,1,0,1,45.0,0.0
1569.767441,1,1,4,0,1,48.0,0.0
1569.7680335,3,2,3,0,28,48.0,62.543
1569.7690615,6,1,1,0,1,47.0,0.0
1569.7698255,3,1,1,0,1,45.0,0.0
1569.771292,1,1,3,0,1,46.0,0.0
1569.7713055,3,1,1,0,1,45.0,0.0
1569.7726295,6,217,40,20,453,72.0,11006.0
1569.773779,1,1,1,0,1,45.0,0.0
1569.7738715,6,1,1,0,1,46.0,0.0
1569.7744655,3,1,2,1,93,51.0,107.571
1569.7772935,3,1,1,0,1,45.0,0.0
1569.779073,1,2,1,0,2,45.0,3.352
1569.7797435,6,549,34,18,659,75.0,14363.0
1569.7803155,3,1,9,2,100,52.0,241.464
1569.7811805,6,1,4,1,165,46.0,87.358
1569.7820195,3,2,1,0,6,54.0,65.506
1569.782052,1,1,2,0,1,47.0,0.0
1569.7827595,3,2,1,0,2,45.0,3.324
1569.7839195,6,128,165,415,2436,98.0,4739000.0
1569.784051,5,39,93,153,973,86.0,400535.0
1569.784052,1,30,123,215,964,86.0,898697.0
1569.784053,4,34,43,37,357,73.0,42232.0
1569.784054,2,39,107,235,938,88.0,1059000.0
1569.7840575,3,59,79,220,1647,84.0,745516.0
1569.785653,1,1,2,0,4,48.0,10.22
1569.7865915,3,2,5,0,33,52.0,180.204
1569.7869215,6,1,81,36,1164,68.0,15508.0
1569.7871435,3,2,4,0,2,46.0,6.375
1569.789052,1,1,1,0,1,45.0,0.0
1569.7897255,6,1,2,0,1,46.0,0.0
1569.7902575,3,1,11,2,132,53.0,349.295
1569.7913215,6,1,3,0,1,47.0,0.0
1569.7919395,6,250,28,9,426,68.0,3267.0
1569.7922615,3,29,5,0,33,49.0,79.336
1569.7928895,6,1,1,0,5,47.0,13.378
1569.7931805,3,1,3,1,146,49.0,114.0
1569.7934175,6,111,56,22,817,71.0,8919.0
1569.7939615,3,1,7,2,174,52.0,280.845
1569.795544,1,1,1,0,1,45.0,0.0
1569.7961735,3,1,6,1,93,53.0,179.853
1569.7968335,6,1,1,0,1,45.0,0.0
1569.79714,1,1,1,0,1,45.0,0.0
1569.7983145,6,164,54,50,965,82.0,100394.0
1569.798476,5,16,45,23,376,71.0,15111.0
1569.798486,1,14,48,20,306,69.0,11906.0
1569.798491,2,33,32,21,243,70.0,15044.0
1569.7996775,3,1,7,1,92,53.0,223.275
1569.80023,1,1,3,0,1,49.0,0.0
1569.8012635,3,1,1,0,4,53.0,37.793
1569.8041135,3,2,3,0,16,48.0,41.929
1569.804777,1,1,5,0,22,48.0,42.428
1569.8051405,3,1,1,0,1,45.0,0.0
1569.8060935,6,10,16,5,145,67.0,2726.0
1569.8074025,6,1,5,0,5,47.0,7.999
1569.8087235,3,1,2,0,1,48.0,0.0
1569.8092905,3,4,3,0,15,52.0,70.03
1569.8099135,3,1,2,0,6,50.0,30.45
1569.809918,1,1,3,0,18,47.0,36.082
1569.8110105,6,1,1,0,1,46.0,0.0
1569.811304,1,1,2,0,5,46.0,11.89
1569.811989,1,1,3,0,1,47.0,0.0
1569.8124905,6,217,55,32,838,74.0,29004.0
1569.8148405,3,9,3,0,15,54.0,91.699
1569.8148845,6,1,1,0,25,46.0,16.917
1569.8160135,3,2,2,1,143,47.0,86.177
1569.818181,1,1,1,0,1,45.0,0.0
1569.8185015,3,1,1,0,1,45.0,0.0
1569.818922,1,1,4,0,50,49.0,53.451
1569.8194875,3,1,5,1,55,50.0,146.964
1569.8214655,3,1,5,1,93,54.0,246.52
1569.826296,1,3,10,1,65,49.0,238.363
1569.827038,1,1,4,1,155,49.0,102.149
1569.8271725,3,1,1,0,1,45.0,0.0
1569.8282285,3,5,9,2,93,53.0,314.079
1569.8299425,3,1,13,3,153,54.0,520.122
1569.8307655,3,1,5,0,41,51.0,122.815
1569.8318945,3,1,4,1,72,50.0,90.015
1569.8325315,3,1,9,3,333,52.0,338.963
1569.833967,1,1,3,0,23,48.0,40.343
1569.8339815,3,1,1,0,1,45.0,0.0
1569.8346215,6,444,75,29,1296,67.0,8828.0
1569.8357415,3,1,2,0,6,50.0,29.171
1569.837573,1,1,3,0,4,47.0,8.372
1569.8406565,3,2,4,0,85,52.0,101.879
1569.8419565,6,1,3,0,79,47.0,70.572
1569.8427955,3,1,10,2,231,51.0,255.366
1569.8441335,3,1,2,0,5,52.0,33.224
1569.844747,1,1,1,0,1,45.0,0.0
1569.8450885,3,1,7,1,68,51.0,165.557
1569.8457455,3,2,2,0,2,46.0,7.006
1569.8464295,3,1,3,0,26,50.0,52.327
1569.8470625,6,1,4,0,46,46.0,39.657
1569.8487925,3,1,1,0,5,48.0,12.838
1569.8490398,6,853,79,45,1188,76.0,40708.0
1569.849353,5,3,31,7,264,67.0,2431.0
1569.8507255,3,1,3,0,9,51.0,41.486
1569.8514875,6,1,2,0,1,47.0,0.0
1569.8519887,6,1104,99,35,1378,68.0,12001.0
1569.8527915,3,2,5,0,33,54.0,131.854
1569.8547155,3,1,2,0,15,47.0,22.809
1569.854741,1,1,2,0,1,45.0,0.0
1569.8552435,3,231,22,5,309,53.0,760.247
1569.855256,5,157,38,15,378,71.0,10712.0
1569.8590865,6,112,49,31,469,70.0,23438.0
1569.859169,5,9,50,26,317,75.0,28834.0
1569.859177,4,33,16,6,88,64.0,2957.0
1569.85918,2,26,37,26,288,72.0,20394.0
1569.8606525,6,1,1,0,1,46.0,0.0
1569.8617465,3,1,2,0,6,48.0,17.868
1569.8627368,6,697,67,33,993,74.0,24021.0
1569.863418,5,25,35,12,226,67.0,5911.0
1569.863419,2,25,35,19,247,68.0,11825.0
1569.8643935,3,1,7,1,72,51.0,158.983
1569.8653845,6,1,1,0,1,47.0,0.0
1569.8658785,3,1,4,0,16,49.0,50.463
1569.8672065,6,17,30,18,305,71.0,13771.0
1569.8684845,3,1,9,2,114,52.0,243.11
1569.8691035,3,2,2,0,16,46.0,25.301
1569.8696785,3,2,9,1,81,53.0,256.143
1569.870902,1,12,52,24,362,74.0,20173.0
1569.8730665,3,1,2,1,183,50.0,68.968
1569.8734415,6,19,22,10,246,68.0,6327.0
1569.8750105,3,1,8,1,98,49.0,181.746
1569.8752805,6,318,36,13,663,69.0,4847.0
1569.8774105,3,1,8,1,110,52.0,197.565
1569.8783575,3,1,7,1,44,50.0,150.906
1569.8791675,3,39,10,2,101,52.0,267.393
1569.8809405,6,2,2,0,2,47.0,7.047
1569.88129,1,1,4,0,16,48.0,35.471
1569.8814865,6,8,19,7,135,71.0,5748.0
1569.8815055,3,1,4,0,34,51.0,102.769
1569.884703,1,1,2,0,1,46.0,0.0
1569.885462,1,1,1,0,1,45.0,0.0
1569.8860495,3,2,5,0,45,48.0,102.396
1569.8864595,6,50,35,27,252,78.0,47389.0
1569.8873965,3,2,3,0,3,51.0,17.835
1569.8897845,6,1,1,0,1,45.0,0.0
1569.890455,5,5,27,13,194,73.0,13190.0
1569.8920965,3,1,4,1,191,47.0,118.694
1569.8932205,3,1,1,0,1,45.0,0.0
1569.8936985,6,1,1,0,1,45.0,0.0
1569.8954785,6,529,72,27,1348,71.0,9445.0
1569.8955145,3,1,3,0,21,51.0,55.436
1569.8963725,3,1,2,0,1,45.0,0.0
1569.8974015,3,1,3,0,1,48.0,0.0
1569.8998215,3,1,2,0,4,50.0,17.583
1569.9004565,6,658,48,17,885,68.0,5493.0
1569.9008145,3,1,3,0,21,51.0,91.867
1569.900822,1,1,1,0,1,45.0,0.0
1569.901766,1,2,2,0,2,46.0,3.813
1569.9017765,3,1,2,0,22,48.0,50.802
1569.9019975,6,574,64,30,1061,71.0,15700.0
1569.9037685,3,1,1,0,1,45.0,0.0
1569.904997,1,1,6,0,18,48.0,36.817
1569.908032,1,2,1,0,2,45.0,6.569
1569.9084195,6,1,1,0,5,47.0,10.285
1569.9088945,3,1,5,0,59,49.0,88.16
1569.9102455,6,1,3,0,21,47.0,26.637
1569.9125275,6,1,2,0,12,46.0,17.467
1569.9132945,6,1,1,0,1,45.0,0.0
1569.913789,1,2,4,0,42,49.0,64.751
1569.9144605,6,3,15,5,117,67.0,2875.0
1569.91453,1,52,3,0,53,49.0,57.225
1569.9158565,3,1,2,0,7,47.0,14.637
1569.9172485,6,1,3,0,1,46.0,0.0
1569.9175955,3,1,13,3,151,53.0,510.665
1569.9189735,3,2,6,1,62,52.0,180.244
1569.921442,1,1,2,0,4,49.0,17.856
1569.922067,1,1,1,0,1,45.0,0.0
1569.9224895,6,1,1,0,1,45.0,0.0
1569.9231715,6,612,46,22,769,76.0,17969.0
1569.9232925,3,1,2,0,12,47.0,24.968
1569.9238048,3,1,6,1,49,53.0,178.554
1569.9273085,3,1,8,1,52,51.0,128.842
1569.927342,1,1,5,0,1,47.0,0.0
1569.9279895,3,1,1,0,1,45.0,0.0
1569.9287985,3,1,1,0,1,45.0,0.0
1569.9293535,3,2,13,4,231,53.0,513.847
1569.9318445,6,2,32,12,337,71.0,7593.0
1569.9318795,3,1,8,2,219,51.0,258.084
1569.9332185,3,1,6,1,80,50.0,141.226
1569.9347945,6,625,44,23,902,75.0,15829.0
1569.935053,1,1,2,0,32,47.0,42.198
1569.9350705,3,1,1,0,1,45.0,0.0
1569.9363085,6,1,1,0,1,46.0,0.0
1569.9385435,3,2,8,1,115,52.0,229.168
1569.9394455,3,1,2,0,12,51.0,34.985
1569.93945,1,1,2,0,1,45.0,0.0
1569.9409955,6,1,1,0,1,47.0,0.0
1569.941242,1,1,1,0,1,45.0,0.0
1569.9419405,6,1,1,0,1,45.0,0.0
1569.9423065,3,1,6,1,114,48.0,140.263
1569.943035,1,1,2,0,1,46.0,0.0
1569.944261,1,1,3,0,17,48.0,17.127
1569.9445185,3,1,3,0,55,49.0,82.975
1569.9450715,6,274,46,22,499,72.0,15477.0
1569.947186,1,1,4,0,8,48.0,11.637
1569.947793,1,1,3,0,9,49.0,24.34
1569.9480005,3,1,2,0,12,48.0,28.432
1569.9489345,3,1,4,0,23,49.0,50.908
1569.9495515,6,261,42,18,660,68.0,7480.0
1569.950546,1,12,37,15,258,69.0,7841.0
1569.9512715,3,1,9,5,502,49.0,385.569
1569.9543565,6,1,2,0,4,47.0,9.499
1569.95473,1,1,2,0,1,48.0,0.0
1569.9562705,3,1,4,0,23,50.0,81.397
1569.9581885,6,1,2,0,1,46.0,0.0
1569.959876,1,1,2,0,1,46.0,0.0
1569.9606565,6,684,83,33,1298,73.0,14849.0
1569.9625555,6,1,2,0,1,46.0,0.0
1569.962886,1,1,1,0,1,45.0,0.0
1569.963597,1,1,4,0,4,47.0,8.363
1569.9642435,3,4,16,4,254,53.0,575.322
1569.9652185,3,1,2,0,4,51.0,19.0
1569.9654538,6,164,44,21,375,71.0,15163.0
1569.9657265,3,2,6,1,72,52.0,166.225
1569.9663645,3,1,1,0,1,45.0,0.0
1569.9680045,3,1,4,0,17,51.0,96.59
1569.9688015,3,1,1,0,1,45.0,0.0
1569.9697915,3,1,2,0,4,46.0,8.284
1569.9704445,3,1,9,2,114,53.0,334.505
1569.9709395,6,29,46,20,770,67.0,7709.0
1569.9713665,3,1,1,0,5,46.0,10.549
1569.971408,1,1,1,0,1,46.0,0.0
1569.9720255,3,1,5,1,111,49.0,118.3
1569.972293,1,1,1,0,1,45.0,0.0
1569.9729075,6,192,28,15,549,72.0,9295.0
1569.9731355,3,1,9,1,87,53.0,272.218
1569.9741485,3,1,7,1,76,52.0,194.418
1569.97513,1,1,1,0,1,46.0,0.0
1569.9765045,3,1,4,0,13,49.0,34.205
1569.9771815,3,1,8,1,93,49.0,163.868
1569.9780955,6,994,74,33,1228,71.0,15782.0
1569.9781365,3,1,1,0,1,45.0,0.0
1569.978854,1,1,2,0,1,45.0,0.0
1569.9804645,3,1,13,3,197,54.0,333.404
1569.9816955,3,2,7,2,164,52.0,236.649
1569.982698,1,2,4,0,15,49.0,42.638
1569.9827055,3,1,3,1,197,51.0,122.344
1569.9834315,3,1,1,0,1,45.0,0.0
1569.9840035,3,1,1,0,1,45.0,0.0
1569.9851355,3,2,3,0,16,50.0,64.035
1569.986632,1,1,1,0,1,45.0,0.0
1569.9872055,6,10,23,11,460,67.0,4833.0
1569.9872345,3,1,6,1,46,51.0,172.984
1569.9887715,6,1201,103,57,2275,75.0,32539.0
1569.9889455,3,1,3,0,1,50.0,0.0
1569.989226,1,1,1,0,1,46.0,0.0
1569.9897268,1,1,2,0,1,48.0,0.0
1569.9897445,3,1,1,0,1,45.0,0.0
1569.989972,2,43,42,24,275,68.0,15323.0
1569.9905445,3,1,1,0,1,45.0,0.0
1569.991067,1,2,2,0,3,49.0,13.381
1569.9915635,6,7,24,13,207,71.0,11072.0
1569.9915805,3,2,16,4,215,54.0,586.098
1569.9926045,3,1,7,1,60,53.0,183.782
1569.9956185,6,149,75,30,875,72.0,14770.0
1569.997335,5,34,41,16,275,66.0,7908.0
1569.997347,2,16,34,19,230,69.0,13712.0
1569.9981355,3,1,4,0,45,48.0,68.384
1570.0005235,3,1,5,0,72,50.0,93.797
1570.0019155,6,183,25,10,309,68.0,5514.0
1570.0021155,3,1,9,2,132,52.0,315.35
1570.0028015,6,1,2,0,1,46.0,0.0
1570.0031565,3,1,2,0,1,46.0,0.0
1570.003167,1,1,2,0,1,48.0,0.0
1570.003868,5,2,12,5,164,67.0,2699.0
1570.004019,1,1,1,0,1,45.0,0.0
1570.004935,5,20,36,14,207,67.0,9817.0
1570.004944,2,31,23,11,160,67.0,6308.0
1570.0049445,3,9,13,3,183,53.0,427.25
1570.0057805,3,1,3,0,6,47.0,12.379
1570.0068335,3,1,2,0,16,50.0,38.107
1570.0090535,6,252,63,29,787,71.0,16802.0
1570.0107175,6,18,73,26,1250,68.0,6645.0
1570.0107375,3,1,9,2,175,52.0,273.55
1570.0116225,3,1,5,1,81,49.0,133.47
1570.0133385,6,1323,79,38,1592,74.0,22117.0
1570.0138415,3,1,4,0,22,48.0,45.403
1570.013855,1,1,2,0,7,48.0,20.421
1570.0154385,6,1,1,0,43,47.0,46.916
1570.018363,1,1,1,0,1,46.0,0.0
1570.020344,1,1,1,0,1,45.0,0.0
1570.0209275,3,1,4,1,112,52.0,138.152
1570.021902,1,197,22,10,312,73.0,8596.0
1570.0225975,3,1,5,0,27,50.0,54.096
1570.0236,1,1,1,0,1,45.0,0.0
1570.024178,1,2,2,0,3,49.0,12.331
1570.025855,1,1,2,0,1,46.0,0.0
1570.0274005,3,37,7,1,52,52.0,182.6
1570.028536,1,1,1,0,1,45.0,0.0
1570.0308205,6,6,31,15,379,71.0,10205.0
1570.0308545,3,1,7,1,134,50.0,194.926
1570.031728,1,1,2,0,1,47.0,0.0
1570.0342975,3,1,1,0,1,46.0,0.0
1570.036711,5,5,31,22,323,75.0,27974.0
1570.037742,1,1,4,0,1,48.0,0.0
1570.0378255,6,288,115,61,1513,75.0,47960.0
1570.0403115,3,1,10,3,282,53.0,347.74
1570.0410708,5,146,27,10,273,71.0,5661.0
1570.0412265,6,680,69,30,1000,67.0,11158.0
1570.0419325,3,1,10,2,140,54.0,383.901
1570.0427405,6,8,12,10,64,74.0,20311.0
1570.0431965,3,1,4,0,30,48.0,54.814
1570.043209,1,1,2,0,1,49.0,0.0
1570.0438825,6,1,1,0,1,45.0,0.0
1570.044757,1,17,9,0,27,49.0,97.209
1570.0449365,6,291,37,16,568,67.0,6141.0
1570.0449805,3,2,1,0,2,45.0,3.435
1570.0480385,6,1,4,0,70,47.0,67.687
1570.0486165,6,193,51,23,367,74.0,18373.0
1570.050874,1,2,35,17,297,72.0,12434.0
1570.050887,2,2,26,15,210,68.0,10267.0
1570.0527055,3,1,1,0,1,46.0,0.0
1570.055481,1,1,1,0,1,45.0,0.0
1570.0585915,3,1,2,0,4,48.0,12.407
1570.0588775,6,2,2,0,2,46.0,4.529
1570.0595595,3,1,5,0,30,50.0,74.595
1570.059612,1,1,5,0,1,48.0,0.0
1570.0600945,3,1,5,1,160,50.0,104.34
1570.0613615,3,1,5,0,45,49.0,76.461
1570.0623995,6,258,73,35,1481,71.0,15520.0
1570.0626785,3,38,9,2,129,54.0,324.699
1570.0635645,3,1,8,2,130,52.0,294.972
1570.0657305,3,1,2,0,6,50.0,27.261
1570.068472,1,1,5,0,58,47.0,79.291
1570.0684725,3,5,2,0,13,51.0,74.758
1570.0699475,6,7,33,18,380,74.0,17034.0
1570.0709495,6,233,55,24,567,69.0,12821.0
1570.0726585,3,1,2,0,9,46.0,19.036
1570.072948,1,1,8,1,84,49.0,152.817
1570.074325,1,1,1,0,1,46.0,0.0
1570.0746925,3,1,7,2,213,50.0,242.796
1570.07496,1,1,1,0,1,45.0,0.0
1570.0760405,6,391,98,49,1642,77.0,49036.0
1570.0774995,3,1,9,1,114,50.0,207.316
1570.078906,1,1,5,0,81,48.0,70.212
1570.0790235,3,1,3,1,134,46.0,60.609
1570.0797705,3,1,4,0,56,50.0,89.605
1570.0803345,3,2,5,0,49,50.0,112.636
1570.0827845,3,1,4,1,175,48.0,125.4
1570.083246,2,16,34,17,236,67.0,8906.0
1570.0835345,3,1,1,0,1,45.0,0.0
1570.0841775,3,2,1,0,6,51.0,37.837
1570.0850065,3,1,4,1,69,48.0,102.796
1570.0863575,3,1,6,0,49,50.0,120.901
1570.0869365,3,1,5,1,103,50.0,134.65
1570.0878955,6,102,119,54,1712,77.0,40483.0
1570.089414,1,1,2,0,1,46.0,0.0
1570.0901095,6,607,132,75,1462,75.0,61852.0
1570.090555,2,183,49,30,369,70.0,19685.0
1570.0921815,6,547,142,141,1429,83.0,338813.0
1570.092257,1,535,149,71,1134,76.0,65299.0
1570.0922795,3,507,91,56,1128,73.0,39390.0
1570.092281,5,458,136,70,1123,71.0,54480.0
1570.09235,2,400,105,86,872,78.0,113047.0
1570.0965235,3,1,1,0,1,45.0,0.0
1570.096829,1,1,3,0,1,48.0,0.0
1570.0973385,3,1,1,0,1,45.0,0.0
1570.0984495,6,4,19,7,118,69.0,5397.0
1570.0984785,3,1,10,1,87,53.0,276.164
1570.099527,1,1,6,0,40,48.0,86.663
1570.0995465,3,1,1,0,1,45.0,0.0
1570.1001185,3,1,1,0,4,45.0,6.711
1570.1009105,3,1,2,0,12,51.0,63.49
1570.1019835,3,1,3,0,29,50.0,61.611
1570.1055135,3,1,2,0,11,49.0,46.618
1570.106682,1,1,4,0,1,48.0,0.0
1570.1066855,3,1,2,0,12,48.0,28.246
1570.1077455,6,348,54,20,817,67.0,6467.0
1570.1079075,3,1,9,3,232,53.0,332.179
1570.1086765,3,2,2,0,2,45.0,4.927
1570.1092925,6,603,54,29,747,70.0,17508.0
1570.1099695,3,1,4,1,131,49.0,153.565
1570.1105665,6,744,170,229,1948,96.0,2195000.0
1570.110638,1,1,2,0,1,47.0,0.0
1570.1108895,3,1,3,1,176,45.0,98.818
1570.111321,1,71,80,55,509,76.0,61256.0
1570.111323,4,12,22,8,198,68.0,3901.0
1570.1131315,3,2,9,2,165,51.0,333.734
1570.1142115,6,1061,109,45,1472,72.0,24863.0
1570.1144745,3,1,2,0,21,50.0,64.255
1570.117279,1,1,3,0,11,49.0,36.92
1570.118071,1,1,1,0,1,45.0,0.0
1570.1180825,3,1,1,0,1,45.0,0.0
1570.1196825,3,1,5,0,1,49.0,0.0
1570.1205195,6,182,88,38,1488,73.0,21655.0
1570.1214155,3,1,5,1,111,52.0,148.27
1570.1224165,3,2,9,4,318,49.0,360.181
1570.1232725,3,1,7,1,47,51.0,155.308
1570.125188,1,1,1,0,1,45.0,0.0
1570.1255295,6,11,28,15,205,76.0,22420.0
1570.1255485,3,1,11,2,101,52.0,292.017
1570.125707,1,1,3,0,35,48.0,49.315
1570.1262495,6,348,38,22,622,79.0,32583.0
1570.1265405,3,1,10,2,109,52.0,239.914
1570.1271845,3,1,22,5,305,54.0,674.25
1570.1285025,6,34,37,30,327,79.0,55447.0
1570.1296055,3,1,7,1,89,52.0,222.793
1570.130497,1,1,6,0,60,47.0,77.568
1570.1305155,3,1,3,0,9,53.0,48.327
1570.1311055,3,11,3,0,12,52.0,57.818
1570.1327835,3,1,5,1,188,47.0,112.84
1570.1336385,3,1,1,0,6,49.0,20.358
1570.133827,1,1,2,0,1,48.0,0.0
1570.1346205,6,1561,281,230,4444,92.0,975751.0
1570.134901,1,1,4,0,36,48.0,41.868
1570.1349205,3,1,2,0,105,46.0,53.278
1570.135598,1,1,4,1,138,48.0,103.672
1570.1356455,3,1,1,0,1,45.0,0.0
1570.136177,5,70,64,56,768,73.0,45811.0
1570.136183,4,26,24,11,245,65.0,4841.0
1570.136186,2,46,73,69,690,76.0,86171.0
1570.1361875,3,23,78,98,878,78.0,178176.0
1570.1362358,1,48,105,59,1274,74.0,50167.0
1570.1377715,3,1,10,3,275,51.0,285.611
1570.1387855,3,2,5,0,18,49.0,35.891
1570.138808,1,1,1,0,1,46.0,0.0
1570.1396515,3,2,3,1,158,49.0,96.213
1570.139889,1,1,1,0,1,46.0,0.0
1570.1403535,3,1,3,0,1,46.0,0.0
1570.1404165,6,443,96,58,1260,81.0,77214.0
1570.1425645,3,2,5,2,258,52.0,230.228
1570.1430435,6,170,32,16,358,67.0,8032.0
1570.1441215,6,362,123,105,1682,85.0,319992.0
1570.144241,1,273,60,30,642,69.0,17559.0
1570.1442475,3,282,40,33,768,71.0,21117.0
1570.14427,2,287,45,28,521,71.0,17733.0
1570.1465465,3,1,2,0,1,46.0,0.0
1570.1471615,3,1,7,1,61,51.0,148.597
1570.1488265,3,1,2,0,1,46.0,0.0
1570.1492985,6,119,142,72,2409,78.0,67046.0
1570.1502345,3,2,1,0,4,53.0,32.084
1570.15026,1,6,4,0,40,49.0,87.888
1570.1508015,3,2,1,0,2,45.0,4.025
1570.1516835,3,1,2,0,1,45.0,0.0
1570.151753,1,1,2,0,1,48.0,0.0
1570.1524635,3,1,12,3,235,53.0,436.846
1570.153298,1,74,4,1,75,49.0,90.694
1570.1540065,3,1,1,0,1,45.0,0.0
1570.1541565,6,856,83,35,1346,69.0,12416.0
1570.1545185,3,149,7,2,175,53.0,226.165
1570.1557885,3,1,4,1,161,48.0,132.05
1570.156829,1,1,4,0,22,49.0,75.452
1570.1568505,3,1,1,0,1,45.0,0.0
1570.1574665,3,2,4,0,26,48.0,38.484
1570.1592525,3,4,14,3,112,54.0,461.377
1570.1599815,3,1,3,0,69,48.0,58.221
1570.160671,1,1,3,0,1,47.0,0.0
1570.1609115,3,1,5,0,9,48.0,14.069
1570.1615595,6,1,4,0,1,47.0,0.0
1570.163094,1,2,1,0,3,47.0,8.842
1570.1635825,6,284,57,20,758,68.0,7807.0
1570.1635825,3,1,4,0,70,49.0,78.028
1570.16424,1,1,1,0,1,46.0,0.0
1570.1653095,3,1,4,0,99,47.0,74.544
1570.1660545,3,10,15,4,239,54.0,541.675
1570.1671865,3,1,3,0,43,52.0,102.46
1570.1695817,6,126,46,18,448,69.0,8353.0
1570.1697245,3,35,15,4,240,53.0,512.713
1570.1705785,3,1,4,0,36,51.0,87.73
1570.1711985,3,2,2,0,2,45.0,3.784
1570.172539,1,1,2,0,1,48.0,0.0
1570.173062,1,1,2,0,1,47.0,0.0
1570.1743195,3,2,7,2,192,51.0,212.461
1570.1764825,3,1,14,4,344,52.0,467.931
1570.177416,1,1,5,0,1,48.0,0.0
1570.1782035,6,966,177,85,2521,76.0,61257.0
1570.1785145,3,1,6,1,47,52.0,154.187
1570.1812248,6,778,136,56,1543,71.0,27327.0
1570.1819945,3,50,4,1,89,49.0,106.833
1570.1825838,3,2,6,1,110,51.0,178.055
1570.182678,1,1,6,1,101,49.0,124.492
1570.1832205,3,1,10,2,181,54.0,290.023
1570.1832685,6,3224,287,146,4005,84.0,219051.0
1570.183815,1,1,4,0,1,47.0,0.0
1570.1842345,3,2,36,11,653,54.0,1437.0
1570.186431,1,102,46,22,501,69.0,12406.0
1570.186493,2,37,34,21,400,67.0,11039.0
1570.1877875,6,407,74,35,1375,79.0,32334.0
1570.1879585,3,1,5,0,17,48.0,29.064
1570.1902245,3,1,1,0,1,45.0,0.0
1570.191739,1,1,4,0,11,47.0,16.68
1570.1920255,6,165,142,51,2621,70.0,12895.0
1570.1955175,3,1,2,0,12,49.0,25.473
1570.1961905,6,940,79,36,1235,74.0,28802.0
1570.196207,1,1,1,0,1,48.0,0.0
1570.1966775,3,1,2,0,5,46.0,11.48
1570.197937,1,1,1,0,1,45.0,0.0
1570.1982345,3,1,2,0,1,48.0,0.0
1570.1987515,3,1,4,0,12,51.0,63.601
1570.1994175,3,1,1,0,4,48.0,11.78
1570.2004215,3,1,10,2,223,50.0,249.032
1570.200471,5,140,22,11,227,71.0,8854.0
1570.2011545,3,2,6,1,53,53.0,155.054
1570.201263,1,1,2,0,1,48.0,0.0
1570.2024335,6,1,2,0,1,45.0,0.0
1570.2026375,3,1,3,0,4,47.0,7.519
1570.2029375,6,364,46,20,1265,70.0,5255.0
1570.2033075,3,1,3,0,69,48.0,78.464
1570.203322,1,2,3,0,3,46.0,6.93
1570.2047205,6,87,316,125,4619,69.0,42309.0
1570.2058105,3,1,1,0,1,45.0,0.0
1570.2065685,3,1,5,1,76,52.0,217.582
1570.2071675,3,1,1,0,1,45.0,0.0
1570.2082645,3,1,5,1,68,48.0,100.973
1570.208539,5,345,58,27,628,71.0,18265.0
1570.208674,2,216,49,25,533,69.0,12263.0
1570.2088605,3,56,32,17,387,67.0,7448.0
1570.2098275,3,1,1,0,1,45.0,0.0
1570.2098545,6,1383,361,150,5587,73.0,57705.0
1570.2103345,3,1,8,3,337,50.0,246.019
1570.2120225,3,1,2,0,1,46.0,0.0
1570.21205,1,1,5,1,104,48.0,98.122
1570.2138825,3,2,6,1,89,50.0,146.706
1570.2144845,3,165,19,5,338,52.0,600.818
1570.2166915,6,3510,287,132,4045,81.0,113329.0
1570.2171155,3,1,6,1,72,49.0,110.881
1570.2179285,3,1,5,1,175,51.0,159.338
1570.2189815,3,1,1,0,1,45.0,0.0
1570.219035,1,1,2,0,1,47.0,0.0
1570.2199235,3,333,49,24,691,68.0,8749.0
1570.219979,2,346,45,31,665,67.0,15317.0
1570.220199,5,57,48,19,362,66.0,9824.0
1570.2212725,6,3545,417,197,4939,79.0,178630.0
1570.2237065,3,1,1,0,56,47.0,40.838
1570.2242995,3,1,6,2,200,49.0,202.897
1570.224818,2,27,60,33,910,68.0,12223.0
1570.2250005,3,1,44,13,697,54.0,1734.0
1570.2276705,3,2,7,3,362,50.0,261.622
1570.2287135,3,1,1,0,88,46.0,53.088
1570.2295025,3,1,10,3,282,50.0,345.287
1570.229787,1,2,2,0,3,48.0,11.262
1570.2304885,3,1,8,1,111,50.0,195.201
1570.2308465,6,2,24,8,202,69.0,4923.0
1570.2331155,6,669,117,64,1750,81.0,67688.0
1570.2348765,3,1,1,0,1,45.0,0.0
1570.236104,1,1,3,1,125,47.0,71.288
1570.236638,5,76,50,29,389,77.0,41321.0
1570.2376685,3,1,2,1,194,47.0,59.118
1570.2385065,3,1,3,1,159,47.0,68.593
1570.2394025,3,2,5,2,257,50.0,266.127
1570.2406085,6,114,81,29,907,68.0,10077.0
1570.2407895,3,1,13,6,492,53.0,493.792
1570.2419835,3,1,1,0,22,48.0,18.224
1570.241994,1,1,2,0,1,47.0,0.0
1570.2429075,6,45,59,22,663,70.0,9951.0
1570.2437825,3,1,1,0,1,45.0,0.0
1570.2441155,6,955,387,152,5680,70.0,48185.0
1570.2452775,3,1,6,0,22,53.0,108.988
1570.2459,1,1,4,0,9,48.0,28.152
1570.2460675,3,1,1,0,1,45.0,0.0
1570.2465825,3,1,1,0,1,45.0,0.0
1570.2470885,3,2,9,3,240,50.0,322.307
1570.2480795,3,1,1,0,5,47.0,12.519
1570.2485855,3,1,21,5,259,53.0,696.651
1570.250046,1,1,5,0,53,47.0,58.009
1570.2509305,3,1,1,0,1,45.0,0.0
1570.2513617,6,90,73,34,1160,74.0,18113.0
1570.2523815,3,32,7,2,105,54.0,285.711
1570.2530355,6,19,48,22,502,69.0,12543.0
1570.2540165,3,1,2,0,26,49.0,27.161
1570.2547815,6,2,47,35,416,78.0,69656.0
1570.256293,1,1,3,1,67,49.0,90.531
1570.2572265,6,156,159,66,2352,70.0,28944.0
1570.2589125,3,1,2,0,1,45.0,0.0
1570.2594225,3,17,7,2,99,52.0,277.402
1570.2600245,3,1,3,0,12,50.0,50.495
1570.2610685,6,94,186,65,3118,71.0,15795.0
1570.2614125,3,1,11,3,162,52.0,373.5
1570.262094,1,3,5,0,78,48.0,90.143
1570.2621635,3,1,1,0,1,45.0,0.0
1570.2639985,3,1,5,0,42,48.0,67.691
1570.2646905,6,947,106,40,2300,69.0,8838.0
1570.2651965,3,2,1,0,3,52.0,21.965
1570.265788,1,2,2,0,3,47.0,8.872
1570.266883,1,1,6,0,41,49.0,84.372
1570.2669025,3,1,3,0,46,53.0,83.763
1570.267888,1,133,106,65,1004,78.0,82268.0
1570.2679085,3,126,72,53,1140,71.0,35393.0
1570.267926,2,102,87,62,901,72.0,51456.0
1570.268005,5,22,95,45,850,70.0,27688.0
1570.2681558,6,444,90,48,942,72.0,28345.0
1570.2696275,6,750,87,38,1318,68.0,13338.0
1570.2699545,3,1,3,1,134,47.0,85.114
1570.2715045,6,818,353,174,5202,85.0,198788.0
1570.2715905,3,1,13,5,541,51.0,481.992
1570.2726635,3,195,10,3,263,53.0,315.869
1570.2739905,3,1,5,1,95,49.0,111.6
1570.2746665,3,48,4,0,49,51.0,115.74
1570.2764325,3,2,1,0,2,45.0,4.025
1570.2778305,6,1273,73,26,1418,67.0,6551.0
1570.2781565,3,1,2,0,1,46.0,0.0
1570.2788095,3,2,8,3,213,54.0,461.5
1570.2796015,3,42,32,18,460,68.0,7586.0
1570.281595,1,1,9,0,45,49.0,104.898
1570.2818795,3,1,7,2,150,52.0,269.668
1570.282562,5,474,56,27,774,71.0,15676.0
1570.2828165,3,238,45,28,590,70.0,20401.0
1570.282822,2,211,49,35,517,71.0,26669.0
1570.282946,1,126,58,31,485,70.0,20311.0
1570.2829645,6,59,107,80,1224,82.0,120223.0
1570.283012,4,4,25,6,173,63.0,2252.0
1570.2839067,3,2,9,3,277,52.0,337.633
1570.2851795,3,1,1,0,1,45.0,0.0
1570.285191,1,1,2,0,1,46.0,0.0
1570.2858265,3,200,17,7,671,53.0,687.872
1570.2865995,6,1627,154,60,2033,71.0,23533.0
1570.2870205,3,1,6,2,186,50.0,202.419
1570.2877515,3,1,1,0,1,45.0,0.0
1570.2891585,6,356,62,26,851,67.0,10290.0
1570.2891925,3,2,2,0,10,46.0,20.555
1570.2897085,3,1,9,2,204,51.0,273.404
1570.2905098,6,2,23,15,274,78.0,24409.0
1570.2905425,3,1,3,0,54,49.0,70.453
1570.290552,1,1,6,0,23,49.0,45.015
1570.2912445,3,1,6,0,63,51.0,85.462
1570.2918565,3,1,12,3,229,51.0,303.755
1570.2919115,6,2093,331,292,4297,88.0,1049000.0
1570.2931075,3,1,1,0,1,45.0,0.0
1570.293633,5,385,78,73,1000,78.0,112394.0
1570.2937315,3,276,69,93,1114,81.0,212988.0
1570.293808,2,201,61,105,700,80.0,256801.0
1570.293991,4,18,28,14,298,66.0,5191.0
1570.2957545,3,1,8,1,90,51.0,211.027
1570.2965005,3,1,1,0,1,45.0,0.0
1570.296527,1,1,2,0,1,45.0,0.0
1570.2974665,3,1,2,0,1,45.0,0.0
1570.2987055,3,1,2,0,5,47.0,13.359
1570.298729,1,1,3,0,13,47.0,27.134
1570.2998065,3,1,4,0,31,48.0,51.066
1570.3004385,3,1,2,0,18,46.0,22.755
1570.3009568,3,9,4,0,20,52.0,121.047
1570.3014945,3,2,1,0,6,48.0,19.302
1570.301575,1,1,1,0,1,45.0,0.0
1570.3024055,6,788,73,30,1038,77.0,17897.0
1570.3025665,3,1,2,0,1,45.0,0.0
1570.3031995,3,2,7,0,49,48.0,72.908
1570.3039185,3,1,3,1,80,50.0,88.545
1570.303933,1,1,3,0,73,46.0,72.415
1570.3050315,6,664,263,115,3444,73.0,56372.0
1570.306602,5,623,71,22,985,68.0,5629.0
1570.308121,5,3,16,5,86,66.0,2663.0
1570.3081555,3,170,6,1,182,49.0,147.64
1570.3088975,3,1,2,0,97,47.0,60.637
1570.309464,5,18,42,16,326,70.0,9412.0
1570.3103515,3,1,6,2,121,54.0,290.532
1570.3109735,3,1,7,1,44,54.0,171.204
1570.3111465,6,1392,256,124,3848,75.0,77883.0
1570.3119175,3,2,9,2,240,51.0,285.58
1570.314932,1,1,2,0,1,46.0,0.0
1570.3153275,3,2,1,0,2,45.0,4.66
1570.3158525,3,1,4,0,17,47.0,48.151
1570.3168905,3,1,8,2,184,54.0,279.802
1570.316926,1,1,7,2,188,48.0,213.171
1570.3170815,6,3110,435,219,5591,82.0,177185.0
1570.3179955,3,1,9,1,76,54.0,236.359
1570.318536,2,12,50,25,361,67.0,13193.0
1570.3202537,3,1,27,14,261,70.0,8484.0
1570.3232475,6,100,61,28,636,70.0,14693.0
1570.323324,1,53,47,19,324,70.0,12023.0
1570.323337,5,35,35,11,291,66.0,3755.0
1570.3244565,6,212,165,84,2065,82.0,106336.0
1570.3259065,3,136,27,9,569,53.0,1042.0
1570.3271915,3,1,2,0,1,47.0,0.0
1570.3280415,3,1,10,3,256,52.0,343.636
1570.3296905,3,1,1,0,1,46.0,0.0
1570.329707,1,1,1,0,1,47.0,0.0
1570.3302235,3,1,9,2,91,54.0,443.166
1570.3304485,6,2390,214,81,3257,72.0,29371.0
1570.330885,1,173,60,22,424,70.0,12885.0
1570.330886,2,180,44,22,447,68.0,9036.0
1570.3321965,3,1,3,0,1,49.0,0.0
1570.3340745,3,1,2,0,36,49.0,69.005
1570.334097,1,1,6,0,33,49.0,71.236
1570.3349875,6,22,34,15,248,70.0,9998.0
1570.3350915,3,1,4,0,37,53.0,120.661
1570.3357665,6,1458,566,253,8931,83.0,179404.0
1570.3368905,3,1,5,0,30,52.0,163.503
1570.3385465,3,1,1,0,1,45.0,0.0
1570.3390555,3,27,9,2,65,54.0,355.568
1570.3411875,3,1,1,0,1,45.0,0.0
1570.3433875,3,1,2,0,1,46.0,0.0
1570.343414,1,2,5,0,6,49.0,36.177
1570.3442995,3,2,10,3,175,52.0,373.022
1570.3449785,3,1,1,0,1,45.0,0.0
1570.3456355,3,1,7,2,126,53.0,252.516
1570.3465155,6,702,194,83,3165,71.0,30696.0
1570.3467135,3,2,3,0,39,49.0,70.841
1570.3472545,3,2,7,2,116,52.0,281.263
1570.3487245,3,1,6,1,58,52.0,159.189
1570.349353,1,1,10,1,138,49.0,172.681
1570.3494485,3,1,1,0,53,47.0,40.282
1570.3501807,6,1203,153,68,1988,77.0,38326.0
1570.3511085,3,2,3,0,34,48.0,53.896
1570.3516975,3,1,1,0,1,45.0,0.0
1570.3528075,6,1131,144,61,2434,77.0,37463.0
1570.3531025,3,1,2,0,17,51.0,40.904
1570.3537505,3,2,20,5,291,54.0,826.997
1570.3558155,3,1,5,3,329,49.0,197.365
1570.356091,1,1,1,0,1,45.0,0.0
1570.3568715,3,1,9,3,211,52.0,312.504
1570.357863,1,1,1,0,1,45.0,0.0
1570.3579085,6,736,263,120,3397,82.0,105959.0
1570.359609,1,1,1,0,1,47.0,0.0
1570.3603045,3,1,32,10,643,54.0,1301.0
1570.3618715,6,1661,142,58,2319,69.0,18744.0
1570.3620885,3,14,9,2,119,54.0,381.914
1570.362955,1,2,4,0,3,49.0,9.546
1570.3632655,3,1,4,0,24,52.0,75.397
1570.3639515,3,1,1,0,1,47.0,0.0
1570.3646915,6,2322,272,182,3254,85.0,317815.0
1570.366999,2,34,39,28,267,72.0,24765.0
1570.3684535,6,213,492,209,7815,75.0,93275.0
1570.3697195,3,1,7,0,36,51.0,108.582
1570.371419,1,1,2,0,1,48.0,0.0
1570.371616,5,220,72,30,641,70.0,19286.0
1570.3728785,3,1,2,0,1,47.0,0.0
1570.3734645,3,1,12,3,236,52.0,311.787
1570.3742155,3,1,1,0,1,45.0,0.0
1570.3749695,3,1,6,1,133,49.0,180.222
1570.3767715,3,1,8,2,238,51.0,245.765
1570.3768175,6,569,81,35,962,71.0,18886.0
1570.3782865,6,197,119,54,1560,73.0,26819.0
1570.378453,1,38,78,25,739,69.0,10073.0
1570.378469,5,262,65,21,716,67.0,7523.0
1570.378473,2,19,39,20,357,67.0,9450.0
1570.379841,1,1,1,0,1,49.0,0.0
1570.3798655,3,1,1,0,1,45.0,0.0
1570.3804265,6,2731,253,142,3141,82.0,149320.0
1570.3809,1,228,107,40,1058,72.0,21847.0
1570.3811095,3,35,55,27,815,67.0,10888.0
1570.3825595,3,1,9,2,168,49.0,195.884
1570.3832425,3,1,2,0,4,47.0,9.275
1570.383286,1,1,6,2,164,47.0,149.173
1570.3841175,6,6826,847,519,10719,91.0,1026000.0
1570.3842855,3,25,11,3,128,54.0,556.522
1570.385736,1,59,44,19,280,69.0,11595.0
1570.385748,2,29,32,18,228,67.0,10887.0
1570.3857498,5,12,47,24,660,70.0,14551.0
1570.38689,2,203,46,25,489,67.0,10958.0
1570.3892035,3,2,5,0,23,49.0,72.797
1570.3897785,3,1,2,0,1,45.0,0.0
1570.390813,1,1040,165,84,1865,76.0,75383.0
1570.3909725,3,885,99,55,1226,72.0,35891.0
1570.3919158,5,22,40,14,305,66.0,6851.0
1570.3919297,2,10,29,15,229,67.0,9220.0
1570.3927675,3,1,1,0,1,45.0,0.0
1570.394055,2,19,33,14,226,67.0,6127.0
1570.3941978,3,1,22,7,484,53.0,810.131
1570.3953368,6,401,57,23,664,71.0,10633.0
1570.396149,1,1,1,0,1,45.0,0.0
1570.3963775,3,1,1,0,1,45.0,0.0
1570.396862,1,1,7,0,4,47.0,7.111
1570.3968845,3,1,10,3,281,50.0,269.077
1570.397704,1,1,3,0,1,48.0,0.0
1570.3979975,3,1,2,0,4,49.0,14.813
1570.3987305,3,1,6,1,136,52.0,192.281
1570.398826,1,1,3,0,1,48.0,0.0
1570.4000655,3,1,1,0,4,47.0,10.405
1570.4002675,6,724,214,95,2896,75.0,44169.0
1570.4016218,3,1,11,3,155,54.0,438.031
1570.401987,1,1,10,1,141,49.0,156.467
1570.4024695,3,1,4,0,34,51.0,130.374
1570.4036835,3,1,5,2,308,47.0,189.214
1570.4050568,6,1823,546,256,6837,78.0,169360.0
1570.40656,1,359,89,32,605,69.0,15533.0
1570.4065615,3,331,81,44,1510,70.0,18921.0
1570.408563,1,1,4,0,91,48.0,62.561
1570.4089275,3,1,6,2,275,46.0,181.405
1570.4098835,3,1,8,2,120,53.0,303.996
1570.4105105,3,1,5,2,221,49.0,170.75
1570.4114775,3,1,5,1,74,50.0,125.88
1570.411485,1,1,9,1,65,48.0,97.53
1570.412192,5,335,77,32,825,68.0,17813.0
1570.412236,1,484,83,37,850,70.0,20287.0
1570.4122375,3,2,12,1,64,53.0,260.702
1570.4123938,6,115,244,120,3217,76.0,83294.0
1570.4128035,3,15,14,4,277,54.0,561.172
1570.4135905,3,1,5,0,39,48.0,60.12
1570.4141625,3,1,1,0,1,45.0,0.0
1570.4146655,3,2,6,0,31,51.0,89.696
1570.4152125,3,1,1,0,1,45.0,0.0
1570.415353,1,1,1,0,1,45.0,0.0
1570.4167945,3,2,4,0,20,51.0,103.911
1570.4173535,3,1,4,0,10,46.0,19.319
1570.4175025,6,992,104,36,1742,67.0,8744.0
1570.4183745,3,1,3,1,166,48.0,82.717
1570.4197515,6,1956,292,130,3839,73.0,65860.0
1570.4206258,3,1,6,1,121,52.0,178.555
1570.4215395,3,172,50,24,728,69.0,9209.0
1570.421568,2,123,41,20,287,67.0,10624.0
1570.423134,1,1,1,0,1,45.0,0.0
1570.4234005,3,1,1,0,1,46.0,0.0
1570.4242485,6,2082,182,76,2816,72.0,30450.0
1570.4253705,3,1,1,0,1,45.0,0.0
1570.425379,1,1,8,0,11,48.0,26.206
1570.4275648,6,7775,965,423,13599,84.0,318840.0
1570.4283665,3,2,17,5,373,53.0,625.604
1570.4292535,3,2,9,2,140,53.0,297.64
1570.432206,1,1,1,0,1,45.0,0.0
1570.435339,5,30,54,28,372,72.0,26562.0
1570.4353618,3,2,28,14,461,67.0,6349.0
1570.4369625,3,1,6,2,225,48.0,188.936
1570.4377755,3,1,9,1,92,52.0,251.391
1570.4386375,3,8,11,3,196,50.0,345.593
1570.4398235,3,1,3,0,1,47.0,0.0
1570.439887,1,1,2,0,1,46.0,0.0
1570.4403865,3,1,8,4,398,50.0,338.077
1570.440444,1,1,5,0,1,49.0,0.0
1570.4419655,3,1,1,0,1,45.0,0.0
1570.4424675,3,1,11,2,208,49.0,272.105
1570.4426417,6,9873,1529,771,18470,89.0,1065000.0
1570.4460335,3,1,17,5,368,53.0,662.847
1570.4473005,3,1,9,1,102,51.0,190.935
1570.447351,1,1,12,3,307,49.0,333.817
1570.4499285,3,1,10,3,212,50.0,310.713
1570.4507345,3,1,11,3,327,49.0,303.374
1570.4527505,3,1,3,0,39,48.0,40.055
1570.452772,1,1,6,0,10,48.0,22.138
1570.453417,1,1,2,0,49,48.0,41.688
1570.4534335,3,1,2,0,8,49.0,25.178
1570.4540915,3,1,15,8,707,51.0,645.252
1570.455258,1,1,2,0,1,48.0,0.0
1570.457518,5,6,119,54,928,69.0,30985.0
1570.4575225,3,31,83,70,878,72.0,55372.0
1570.457531,2,381,104,65,800,71.0,41479.0
1570.4578007,1,130,78,33,589,70.0,17104.0
1570.4596555,3,1,2,0,1,48.0,0.0
1570.459761,1,1,4,1,133,49.0,138.5
1570.4601715,3,1,4,0,25,51.0,45.562
1570.4616195,6,1779,383,156,4109,78.0,86893.0
1570.4616495,3,2,2,0,5,47.0,19.276
1570.4648575,3,1,23,8,634,54.0,829.291
1570.4662335,6,33080,10880,51815,350000,99.0,219910000.0
1570.46825,5,1585,396,276,3607,88.0,791960.0
1570.468263,1,1597,435,332,4194,87.0,766374.0
1570.46827,2,1572,360,396,3411,89.0,1208000.0
1570.4682865,3,1587,307,390,4069,91.0,1360000.0
1570.4696738,4,154,64,86,1016,74.0,79112.0
1570.4728565,3,1,5,1,94,48.0,94.901
1570.473103,5,161,192,68,2213,70.0,24330.0
1570.4750978,3,2,7,2,134,51.0,215.047
1570.4767005,3,1,2,0,6,46.0,8.46
1570.4772125,3,1,25,9,628,54.0,1042.0
1570.4783445,3,1,10,2,143,52.0,344.036
1570.4789758,1,1039,116,52,1301,69.0,28049.0
1570.4790115,3,248,43,34,782,73.0,24979.0
1570.4803065,3,1,6,2,244,48.0,203.292
1570.48078,5,1055,186,69,2123,68.0,24516.0
1570.480783,2,1033,125,72,1442,71.0,36745.0
1570.480785,1,1079,174,61,1573,69.0,24500.0
1570.4812105,3,625,90,64,1214,76.0,62243.0
1570.4829355,3,1,3,0,8,46.0,10.815
1570.483435,1,193,631,253,6482,73.0,131918.0
1570.483502,5,79,385,170,3310,77.0,117911.0
1570.483551,2,26,274,185,2359,76.0,155410.0
1570.483553,4,58,28,9,218,62.0,3613.0
1570.4835565,3,25,434,260,6218,76.0,159314.0
1570.4921325,3,244,123,96,1942,75.0,85035.0
1570.49214,1,261,180,107,1487,78.0,116244.0
1570.492171,2,201,131,104,1060,76.0,112735.0
1570.492336,4,9,39,14,420,65.0,5031.0
1570.4923508,5,24,112,66,826,73.0,57461.0
1570.494342,4,66,32,30,576,63.0,11475.0
1570.494343,1,39,225,143,2050,79.0,175884.0
1570.494347,2,61,131,127,1300,80.0,173013.0
1570.4944037,5,40,219,95,1953,71.0,52595.0
1570.4945748,3,62,152,87,2137,69.0,37858.0
1570.496893,1,1,3,0,1,47.0,0.0
1570.497199,2,123,95,55,906,67.0,29013.0
1570.497201,5,243,114,52,743,73.0,43692.0
1570.4972117,3,15,77,37,746,67.0,15473.0
1570.4984655,3,1044,161,161,1877,84.0,398438.0
1570.498479,5,1042,228,176,1773,83.0,361499.0
1570.498542,1,985,220,152,1777,80.0,247288.0
1570.498623,2,69,61,43,512,71.0,41555.0
1570.498635,4,22,23,9,196,63.0,3252.0
1570.499485,4,11,36,24,580,68.0,11350.0
1570.4996348,2,80,78,51,612,71.0,39878.0
1570.5008427,3,1,9,2,221,51.0,275.78
1570.5017175,3,464,136,78,1704,69.0,32990.0
1570.501719,5,1507,197,68,1747,68.0,24718.0
1570.502115,2,1140,152,86,1404,68.0,44058.0
1570.506416,5,3850,1846,865,16341,84.0,774371.0
1570.5064777,3,1148,1289,976,15465,82.0,1220000.0
1570.5064917,1,3802,1722,881,15442,81.0,879502.0
1570.5067,2,939,649,530,5986,82.0,743354.0
1570.5077337,4,31,42,45,738,69.0,22291.0
1570.509826,4,10,16,6,167,62.0,1795.0
1570.515803,4,2,40,27,375,74.0,20559.0
1570.5159377,2,6,127,75,1166,76.0,58859.0
1570.517607,2,378,241,135,2566,74.0,75556.0
1570.52068,2,288,101,49,1015,68.0,19991.0
1570.5224428,3,10917,2406,1102,31566,77.0,450681.0
1570.526577,5,6771,1490,490,13099,74.0,181713.0
1570.526607,1,11919,1493,507,12935,71.0,183056.0
1570.528933,2,387,126,61,1539,67.0,18813.0
1570.530974,2,2377,410,222,4034,75.0,129585.0
1570.536588,2,1951,238,136,2341,73.0,77699.0
1570.540045,1,24844,16983,45665,350001,99.0,122728000.0
1570.540207,5,4205,624,245,5692,72.0,119244.0
1570.542653,2,1813,252,170,2499,72.0,112384.0
1570.546405,5,8849,1057,319,10799,66.0,75821.0
1570.554471,2,746,199,112,2665,69.0,42696.0
1570.5545185,3,10355,2640,53508,350001,99.0,232011000.0
1570.5576357,2,620,107,70,1027,73.0,55550.0
1570.557711,5,9232,5004,2929,40707,90.0,5849000.0
1570.559165,2,3692,602,396,6143,83.0,499846.0
1570.562795,4,26,30,17,267,71.0,10607.0
1570.565728,4,634,46,17,731,62.0,3617.0
1570.56581,2,1095,2247,2622,20102,96.0,12288000.0
1570.5669587,4,31,199,241,2793,78.0,308106.0
1570.571904,4,1236,120,40,1488,63.0,7898.0
1570.586421,2,5503,1143,707,11495,77.0,482769.0
1570.590964,4,126,29,11,329,65.0,4357.0
1570.591846,4,12,24,10,173,71.0,6102.0
1570.599601,5,20048,19879,44517,350000,99.0,101250000.0
1570.600313,2,715,164,84,1472,69.0,36088.0
1570.602302,2,59,291,252,3285,84.0,485897.0
1570.606094,2,12294,3130,2154,28188,83.0,2384000.0
1570.609246,4,18,42,32,376,75.0,34526.0
1570.618332,4,49,61,39,771,70.0,22202.0
1570.6208698,4,1528,178,87,2697,71.0,37031.0
1570.628022,4,17,76,25,736,63.0,6721.0
1570.634794,2,6264,1225,805,11070,85.0,1021000.0
1570.640856,4,197,61,31,720,68.0,13421.0
1570.648755,2,47185,17553,65535,350001,99.0,302806000.0
1570.657391,4,170,31,11,453,65.0,2988.0
1570.66218,4,868,78,26,1181,64.0,4721.0
1570.669258,4,379,40,16,719,62.0,3506.0
1570.675205,4,2,68,24,706,63.0,6016.0
1570.680503,4,4,20,7,145,62.0,2463.0
1570.692024,4,71,51,18,540,62.0,4792.0
1570.697445,4,2,35,15,381,63.0,4500.0
1570.700164,4,206,43,31,652,67.0,15876.0
1570.713396,4,747,63,36,1052,66.0,11692.0
1570.715,4,246,50,17,697,62.0,3642.0
1570.7185018,4,252,42,16,458,64.0,5003.0
1570.71976,4,148,60,23,864,62.0,5586.0
1570.729651,4,28,28,10,257,62.0,3305.0
1570.739173,4,2,130,40,1478,62.0,8039.0
1570.742417,4,836,92,43,1133,65.0,16174.0
1570.744051,4,106,31,11,474,63.0,3070.0
1570.749768,4,990,90,32,1201,66.0,8785.0
1570.75512,4,279,78,27,1148,62.0,5308.0
1570.75677,4,1362,129,53,1744,67.0,16442.0
1570.759162,4,718,104,36,1037,68.0,12787.0
1570.760916,4,547,2415,1517,28485,87.0,2159000.0
1570.7982347,4,1090,380,154,4736,66.0,43164.0
1570.803471,4,2293,422,152,6235,65.0,28806.0
1570.8113,4,312,75,27,842,62.0,6080.0
1570.812663,4,769,136,79,1883,77.0,72138.0
1570.815672,4,67,435,154,5961,64.0,30930.0
1570.8165348,6,22097,28668,38443,349996,96.0,90454000.0
1570.822158,4,8820,19630,11778,189138,88.0,10168000.0
1570.8903458,1,29041,13821,65535,350001,98.0,216425000.0
1570.9048197,3,28034,5910,65535,350001,99.0,1659000000.0
1570.9499018,5,59867,13732,50175,334007,99.0,218615000.0
1570.9990558,2,14371,10855,65535,281285,99.0,2124000000.0
1571.011833,4,5562,786,318,9875,72.0,94912.0
1571.02221,4,787,121,48,1512,63.0,12053.0
1571.024306,4,742,90,29,923,62.0,6653.0
1571.025734,4,24246,6269,2735,80198,75.0,894733.0
1571.106449,4,6841,1854,881,24711,78.0,447435.0
1571.132291,4,2103,186,65,2579,65.0,13400.0
1571.135428,4,921,404,165,5780,68.0,43784.0
1571.143534,4,2247,192,70,2636,64.0,13448.0
1571.14667,4,19511,1645,717,21475,78.0,252865.0
1571.1668365,6,39812,7708,15615,113523,99.0,114933000.0
1571.168676,4,6499,777,395,11045,83.0,276784.0
1571.18092,4,25179,9842,11598,99420,97.0,40609000.0
1571.2406458,1,31313,4345,27180,43196,99.0,411300000.0
1571.2551215,3,17302,1948,39570,28745,99.0,924974000.0
1571.2808398,2,70,92,877,3169,89.0,5264000.0
1571.2850925,3,1,3,0,27,54.0,113.979
1571.285094,1,1,2,0,1,48.0,0.0
1571.285595,1,1,4,0,1,48.0,0.0
1571.285975,5,160,74,113,2217,70.0,57417.0
1571.2860835,3,1,4,1,122,46.0,134.563
1571.286234,1,1,2,0,1,48.0,0.0
1571.2873895,6,1,1,0,1,46.0,0.0
1571.2879745,3,1,3,0,1,50.0,0.0
1571.288641,1,2,2,0,2,47.0,5.921
1571.290045,1,1,1,0,1,46.0,0.0
1571.2915815,3,1,3,1,106,47.0,78.942
1571.2923145,3,2,2,0,9,47.0,17.593
1571.293757,1,1,2,0,40,47.0,41.254
1571.2938635,3,4,3,1,198,47.0,135.334
1571.300009,1,1,2,0,6,48.0,18.081
1571.3000945,3,1,2,0,1,49.0,0.0
1571.3023535,3,1,30,9,526,54.0,1198.0
1571.3039765,3,30,9,5,179,54.0,871.147
1571.3063465,3,1,3,0,48,47.0,30.838
1571.306418,1,1,2,0,1,45.0,0.0
1571.3101875,3,7,3,1,56,50.0,131.143
1571.3108905,3,72,60,329,2330,81.0,672786.0
1571.310921,2,315,25,348,1371,78.0,791926.0
1571.3123175,6,1,2,0,1,45.0,0.0
1571.312427,1,2,2,0,42,49.0,66.027
1571.313755,2,212,30,572,980,87.0,3777000.0
1571.3137885,3,214,48,274,2180,79.0,549741.0
1571.315685,1,1,1,0,1,45.0,0.0
1571.323917,1,1,2,0,1,48.0,0.0
1571.331735,1,2,3,1,80,48.0,131.856
1571.3372315,3,2,1,0,41,47.0,62.208
1571.337316,1,2,1,0,4,46.0,12.858
1571.3384325,6,1,2,0,27,51.0,54.998
1571.342581,1,1,3,1,141,47.0,124.709
1571.3427645,3,1,2,1,176,49.0,83.178
1571.344772,1,9,5,3,178,53.0,430.817
1571.347136,5,2,5,0,3,49.0,9.141
1571.348539,5,37,55,176,1246,76.0,241797.0
1571.34859,1,46,7,14,331,60.0,4241.0
1571.350918,5,1,2,0,1,47.0,0.0
1571.3509955,3,2,1,0,3,45.0,7.107
1571.351093,1,1,6,3,248,51.0,373.039
1571.3521965,6,43,4,4,147,55.0,784.893
1571.352198,5,61,21,12,657,54.0,1491.0
1571.352209,4,9,6,2,129,52.0,313.379
1571.352248,2,3,7,5,154,54.0,959.653
1571.352262,1,67,3,1,71,49.0,164.11
1571.3522715,3,104,6,2,114,47.0,222.081
1571.355741,5,1,2,0,1,48.0,0.0
1571.357174,2,2,4,1,35,54.0,193.138
1571.357476,5,2,2,0,3,45.0,6.483
1571.358158,1,1,5,1,58,54.0,175.405
1571.358828,5,2,3,0,36,50.0,78.923
1571.3589245,3,1,1,0,1,45.0,0.0
1571.3614795,6,1,1,0,1,45.0,0.0
1571.36256,2,7,5,3,112,57.0,663.205
1571.3632125,6,1,1,0,1,45.0,0.0
1571.368208,1,2,3,0,14,53.0,46.96
1571.3687085,3,100,11,5,229,52.0,786.904
1571.3694525,3,30,16,36,726,63.0,14117.0
1571.369477,2,93,14,35,678,62.0,11727.0
1571.36951,1,82,7,4,288,50.0,406.67
1571.3700005,6,306,8,18,928,50.0,2047.0
1571.370306,1,1,1,0,6,47.0,17.903
1571.370933,1,56,3,0,60,47.0,91.516
1571.3717375,6,2,1,0,2,45.0,3.132
1571.371828,2,2,2,6,184,54.0,1019.0
1571.372318,1,1,1,0,1,45.0,0.0
1571.372948,1,1,1,0,1,45.0,0.0
1571.3750755,3,1,1,0,1,45.0,0.0
1571.3756175,3,2,2,0,9,49.0,35.702
1571.380822,2,1,3,0,10,57.0,203.634
1571.381351,5,1,1,0,1,45.0,0.0
1571.381968,5,1,1,0,1,46.0,0.0
1571.397383,1,1,1,0,1,45.0,0.0
1571.399534,2,20,5,2,56,58.0,560.82
1571.403958,1,70,11,8,352,54.0,1133.0
1571.407295,5,3,3,0,43,50.0,109.935
1571.417265,1,92,22,14,383,55.0,3095.0
1571.428281,1,2,5,0,45,52.0,116.776
1571.438927,1,1,4,0,50,48.0,84.02
1571.45389,1,35,16,23,687,61.0,5052.0
1571.4539315,6,52,3,1,57,48.0,152.474
1571.4539415,3,67,6,3,151,51.0,451.958
1571.454009,2,87,5,3,89,55.0,859.755
1571.464521,4,2,1,0,3,47.0,9.453
1571.468482,1,2,7,2,70,55.0,584.94
1571.477641,2,1,6,3,72,59.0,1125.0
1571.505014,1,1,2,0,21,50.0,38.185
1571.50989,5,10,9,4,214,56.0,612.353
1571.511152,2,1,2,0,1,50.0,0.0
1571.516466,5,1,1,0,1,45.0,0.0
1571.5195135,6,35,7,5,203,57.0,1050.0
1571.5211765,3,47,4,1,58,50.0,161.187
1571.524086,5,13,11,2,45,58.0,863.475
1571.532205,5,2,5,0,12,48.0,20.831
1571.534218,1,1,2,0,10,46.0,17.356
1571.546793,5,48,18,7,226,60.0,2030.0
1571.5469495,3,58,2,0,60,47.0,89.247
1571.548186,1,1,4,1,50,52.0,140.054
1571.5515885,3,1,2,0,28,49.0,51.087
1571.5759555,3,1,1,0,12,45.0,24.335
1571.595537,4,1,3,0,17,50.0,46.624
1571.595543,5,1,2,0,1,45.0,0.0
1571.610286,2,26,5,2,72,53.0,443.185
1571.626475,1,53,15,5,168,59.0,1360.0
1571.637991,1,2,2,0,16,49.0,52.719
1572.1931165,3,1,1,0,1,45.0,0.0
1572.4708565,6,1,1,0,1,45.0,0.0
1572.475458,1,33,5,2,146,49.0,287.355
1572.664202,1,1,3,0,45,47.0,46.502
1572.6963995,3,1,2,0,31,50.0,57.882
1572.7154995,3,2,2,0,48,45.0,51.563
1572.808566,1,2,1,0,5,48.0,22.42
1573.1967735,3,1,3,0,18,52.0,64.645
1573.2320265,3,1,4,0,29,50.0,58.236
1573.263365,1,35,2,1,63,49.0,165.583
1573.5039385,3,2,2,0,2,46.0,13.351
1573.5077075,3,1,1,0,1,45.0,0.0
1574.281423,1,76,2,1,81,47.0,134.918
1574.5337395,3,2,1,0,3,48.0,15.741
1574.566428,1,1,8,2,71,59.0,783.529
1574.8172355,3,9,5,2,102,50.0,270.218
1574.826857,1,41,5,2,85,51.0,350.181
