Time,CH,RISE,COUN,ENER,DURATION,AMP,ABS_E
36.653969,1,9,16,4,135,57.0,1021.0
36.6539735,3,3,18,5,169,60.0,1418.0
36.653988,2,1,4,0,10,55.0,136.226
36.6540045,6,1,13,2,115,54.0,487.153
39.798307,1,9,18,4,166,57.0,1040.0
39.7983115,3,10,17,5,172,60.0,1400.0
39.798324,2,2,3,0,9,55.0,157.062
39.7983425,6,1,13,2,77,53.0,410.83
42.997742,1,29,19,4,137,57.0,1060.0
42.9977465,3,9,18,5,171,61.0,1446.0
42.997764,2,1,3,0,7,55.0,100.497
42.9977765,6,40,14,3,118,54.0,476.544
46.164668,1,32,19,4,137,57.0,1063.0
46.1646725,3,5,17,5,171,61.0,1473.0
46.164687,2,2,3,0,12,57.0,213.159
46.1647055,6,11,13,2,77,54.0,407.046
49.301592,1,1,19,4,135,57.0,1074.0
49.3015965,3,9,17,5,175,60.0,1476.0
49.301614,2,1,4,0,10,57.0,183.613
49.3016265,6,1,13,1,56,54.0,369.728
52.465327,1,9,18,4,132,57.0,1039.0
52.4653315,3,10,18,5,172,60.0,1373.0
52.465341,2,1,5,0,12,57.0,233.485
52.4653585,6,1,13,2,102,54.0,450.382
52.7568245,3,2,1,0,2,45.0,4.025
55.613708,1,11,20,4,137,57.0,1086.0
55.6137145,3,3,18,5,172,60.0,1388.0
55.613727,2,2,4,1,64,57.0,385.409
55.6137455,6,1,13,2,80,53.0,404.86
58.6927,1,12,18,4,135,57.0,1085.0
58.6927045,3,13,19,5,172,60.0,1457.0
58.692717,2,1,6,0,18,55.0,303.885
58.6927345,6,1,13,2,118,54.0,465.534
58.9471155,3,2,1,0,2,45.0,3.213
61.733638,1,11,18,4,137,57.0,1101.0
61.7336445,3,3,18,5,169,60.0,1404.0
61.733657,2,1,6,0,12,57.0,226.516
61.7336755,6,1,13,2,80,53.0,402.692
64.726568,1,32,13,3,137,55.0,717.789
64.7265725,3,9,16,3,97,59.0,884.899
64.72659,2,1,3,0,7,55.0,96.145
64.7266055,6,1,9,1,55,52.0,236.912
64.822606,1,12,19,4,135,57.0,1089.0
64.8226105,3,13,18,6,226,60.0,1495.0
64.822628,2,1,5,0,13,55.0,212.673
64.8226405,6,1,12,1,56,54.0,363.684
67.901662,1,32,14,3,137,55.0,714.654
67.9016665,3,9,16,3,97,59.0,892.705
67.901681,2,1,4,0,6,55.0,97.51
67.9016995,6,1,9,1,55,52.0,234.567
67.997491,1,1,18,4,135,57.0,1085.0
67.9974955,3,13,20,5,168,60.0,1443.0
67.997508,2,1,7,1,18,57.0,383.369
67.9975255,6,1,12,2,118,54.0,457.995
68.3469645,3,1,2,0,7,53.0,61.158
71.09765,1,11,12,3,137,55.0,715.751
71.0976565,3,3,16,4,169,59.0,916.215
71.097669,2,1,4,0,12,56.0,207.193
71.0976875,6,1,9,1,55,52.0,234.125
71.193391,1,12,17,4,135,57.0,1084.0
71.1933985,3,10,19,5,165,60.0,1378.0
71.193402,2,1,8,3,104,56.0,692.281
71.1934255,6,1,12,2,118,54.0,455.138
74.2073,1,9,13,3,132,55.0,688.755
74.2073045,3,10,16,4,165,59.0,921.758
74.207317,2,2,4,0,12,56.0,225.447
74.2073405,6,1,8,1,47,52.0,214.055
74.303357,1,11,19,4,137,57.0,1086.0
74.3033635,3,3,19,5,223,61.0,1420.0
74.303376,2,1,6,2,95,58.0,628.4
74.3033945,6,11,11,2,80,53.0,399.414
77.256762,1,9,13,3,132,55.0,682.306
77.2567665,3,10,16,3,89,59.0,828.144
77.256779,2,1,4,0,12,55.0,227.815
77.2568055,6,1,8,1,44,52.0,200.426
77.352498,1,32,19,4,140,57.0,1094.0
77.3525025,3,9,19,5,222,60.0,1494.0
77.352517,2,1,8,1,16,57.0,372.723
77.3525325,6,40,12,2,61,54.0,383.776
80.352645,1,32,12,3,137,55.0,712.001
80.3526495,3,9,17,4,171,59.0,966.177
80.352664,2,1,4,0,10,56.0,173.532
80.3526825,6,1,9,1,55,52.0,234.92
80.3661985,3,1,1,0,1,45.0,0.0
80.448444,1,29,19,4,140,57.0,1094.0
80.4484485,3,9,18,5,171,60.0,1476.0
80.448455,2,1,8,1,27,57.0,517.064
80.4484785,6,40,13,2,61,54.0,383.262
83.499811,1,1,12,3,129,55.0,665.834
83.4998125,3,13,18,4,168,59.0,965.413
83.49983,2,1,5,0,13,56.0,191.621
83.4998515,6,1,8,1,47,51.0,212.695
83.595528,1,9,19,4,132,57.0,1037.0
83.5955295,3,13,19,5,168,60.0,1479.0
83.595533,2,14,9,3,110,59.0,915.396
83.5955595,6,1,13,1,56,54.0,366.231
86.672422,1,26,12,3,129,55.0,653.69
86.6724265,3,10,16,3,91,59.0,863.401
86.672427,2,1,7,1,27,55.0,363.457
86.6724535,6,1,9,1,56,51.0,238.99
86.768273,1,11,17,4,137,57.0,1074.0
86.7682795,3,3,19,5,223,61.0,1458.0
86.768289,2,5,9,3,101,58.0,880.095
86.7683065,6,1,12,2,59,54.0,387.239
89.839347,1,32,13,3,132,55.0,682.214
89.8393515,3,9,18,4,139,58.0,929.828
89.839366,2,1,7,1,22,55.0,320.028
89.8393815,6,40,9,1,53,52.0,232.134
89.93542,1,9,17,4,135,57.0,1036.0
89.9354245,3,3,19,5,165,60.0,1441.0
89.935434,2,5,9,3,101,58.0,905.951
89.9354515,6,1,12,1,56,53.0,368.784
92.906391,1,11,18,4,137,57.0,1061.0
92.9063955,3,5,19,6,225,61.0,1540.0
92.90641,2,2,9,3,95,58.0,812.54
92.9064245,6,15,12,1,59,54.0,379.08
93.003028,1,9,13,3,132,55.0,663.658
93.0030325,3,10,16,3,91,59.0,879.514
93.003033,2,1,8,3,107,57.0,665.118
93.0030685,6,1,8,1,47,52.0,217.616
93.099093,1,32,19,4,140,57.0,1068.0
93.0990975,3,9,19,6,229,60.0,1551.0
93.099104,2,1,11,1,27,58.0,648.066
93.0991275,6,40,12,1,56,54.0,372.077
96.063553,1,11,18,4,137,57.0,1063.0
96.0635595,3,4,18,5,226,61.0,1511.0
96.063569,2,5,10,3,104,59.0,981.891
96.0635905,6,11,11,1,55,54.0,363.377
96.159322,1,32,13,3,137,55.0,690.997
96.1593265,3,9,17,3,97,59.0,908.735
96.159344,2,1,7,2,92,55.0,555.09
96.1593595,6,1,8,1,44,52.0,184.208
96.255037,1,32,19,4,140,57.0,1075.0
96.2550415,3,13,19,6,229,61.0,1569.0
96.255045,2,11,12,3,89,58.0,948.717
96.2550715,6,40,12,1,56,54.0,366.416
99.26215,1,32,19,4,140,57.0,1084.0
99.2621545,3,13,20,5,168,60.0,1543.0
99.262158,2,11,14,4,112,58.0,1193.0
99.2621845,6,40,12,1,53,54.0,353.321
99.358251,1,32,13,3,137,55.0,702.668
99.3582555,3,9,16,4,142,59.0,971.74
99.35827,2,1,7,2,95,57.0,612.831
99.3582885,6,1,8,1,50,52.0,221.809
99.454816,1,11,18,4,134,57.0,1053.0
99.4548225,3,3,20,6,226,60.0,1504.0
99.454826,2,11,12,4,110,58.0,1104.0
99.4548495,6,1,12,1,56,54.0,365.746
102.400097,1,11,18,4,134,57.0,1056.0
102.4001035,3,3,20,6,226,61.0,1524.0
102.400113,2,5,13,4,101,59.0,1073.0
102.4001305,6,1,11,1,56,54.0,370.151
102.495961,1,9,14,3,129,55.0,655.349
102.4959655,3,3,16,3,136,58.0,922.444
102.495975,2,5,8,3,98,57.0,679.603
102.4959925,6,1,9,1,56,52.0,244.632
102.591793,1,9,18,4,134,56.0,1032.0
102.5917975,3,3,20,5,165,60.0,1477.0
102.591798,2,14,12,4,110,58.0,1095.0
102.5918245,6,1,13,1,56,54.0,373.171
105.443198,1,11,18,4,134,56.0,1048.0
105.4432025,3,5,21,6,228,61.0,1587.0
105.443203,2,19,14,4,112,58.0,1147.0
105.4432315,6,1,13,1,56,54.0,372.257
105.53935,1,9,14,3,132,54.0,669.342
105.5393545,3,10,17,4,140,59.0,952.078
105.539364,2,5,8,3,101,57.0,696.26
105.5393905,6,1,8,1,47,52.0,220.797
105.635894,1,9,18,4,137,57.0,1041.0
105.6358985,3,3,19,6,222,60.0,1535.0
105.635905,2,8,12,4,107,58.0,1170.0
105.6359255,6,1,13,1,56,54.0,376.083
108.587335,1,32,19,4,137,57.0,1060.0
108.5873395,3,9,21,6,228,61.0,1588.0
108.58734,2,14,14,4,112,58.0,1337.0
108.5873725,6,11,12,3,130,54.0,458.003
108.683083,1,32,15,3,137,55.0,702.058
108.6830875,3,9,16,4,142,59.0,990.589
108.683094,2,1,9,1,27,57.0,508.458
108.6831205,6,1,8,1,44,52.0,198.806
108.778845,1,5,19,4,137,57.0,1067.0
108.7788495,3,9,21,6,228,61.0,1594.0
108.77885,2,19,14,4,112,59.0,1309.0
108.7788825,6,11,12,1,52,54.0,365.048
111.76208,1,11,18,4,134,56.0,1042.0
111.762085,2,19,15,5,115,59.0,1335.0
111.7620865,3,3,21,5,165,61.0,1538.0
111.7621135,6,1,12,1,56,54.0,382.084
111.857875,1,1,14,3,134,55.0,683.246
111.8578795,3,9,16,4,142,59.0,1000.0
111.857894,2,5,8,3,98,57.0,699.086
111.8579125,6,1,8,1,52,52.0,239.43
111.953732,1,32,20,5,184,57.0,1109.0
111.9537365,3,9,22,5,157,60.0,1546.0
111.95374,2,11,14,4,110,58.0,1282.0
111.9537665,6,40,13,1,53,54.0,363.453
114.901971,1,32,20,4,137,57.0,1059.0
114.9019755,3,13,21,5,164,61.0,1585.0
114.901979,2,11,14,4,110,58.0,1259.0
114.9020055,6,40,13,1,53,54.0,370.118
114.998631,1,1,15,3,134,55.0,677.879
114.9986355,3,9,15,4,142,59.0,1004.0
114.998639,2,19,11,3,106,57.0,871.079
114.9986685,6,11,8,1,52,52.0,239.618
115.094651,1,32,20,5,184,57.0,1103.0
115.0946555,3,13,20,5,146,60.0,1558.0
115.094659,2,11,13,4,106,58.0,1310.0
115.0946855,6,40,13,2,77,54.0,414.846
118.060883,1,11,20,4,139,56.0,1052.0
118.0608875,3,5,21,5,167,61.0,1601.0
118.060888,2,16,14,5,115,60.0,1496.0
118.0609165,6,1,13,1,56,54.0,386.41
118.15674,1,9,14,3,134,54.0,660.978
118.1567445,3,10,16,4,139,59.0,994.948
118.156754,2,5,11,3,101,58.0,891.402
118.1567715,6,1,9,1,56,52.0,249.781
118.2534,1,32,18,4,137,57.0,1039.0
118.2534045,3,9,23,5,167,61.0,1612.0
118.253405,2,19,15,5,115,59.0,1545.0
118.2534375,6,11,12,1,52,54.0,367.283
121.109996,1,1,15,3,134,55.0,669.29
121.1100005,3,9,15,4,142,59.0,1038.0
121.110015,2,1,11,3,98,58.0,835.958
121.1100335,6,1,9,1,52,52.0,243.507
121.205827,1,32,20,5,184,57.0,1096.0
121.2058315,3,9,21,5,167,60.0,1608.0
121.205835,2,11,15,4,109,59.0,1413.0
121.2058615,6,14,11,3,133,54.0,482.488
121.301665,1,1,16,3,134,55.0,672.569
121.3016695,3,9,16,4,138,59.0,1005.0
121.301684,2,5,10,3,98,58.0,827.854
121.3017025,6,1,9,1,52,52.0,243.678
121.397788,1,32,18,4,137,57.0,1038.0
121.3977925,3,9,22,5,167,61.0,1611.0
121.397796,2,1,14,5,113,59.0,1437.0
121.3978225,6,14,12,3,133,54.0,489.196
124.176037,1,32,15,3,137,55.0,679.488
124.1760415,3,9,16,4,142,59.0,1035.0
124.176045,2,1,13,4,106,58.0,967.36
124.1760745,6,1,8,1,49,52.0,233.669
124.271889,1,29,20,4,137,57.0,1006.0
124.2718935,3,10,22,6,225,61.0,1603.0
124.271894,2,14,15,5,110,61.0,1537.0
124.2719205,6,40,13,2,77,54.0,425.273
124.367732,1,1,16,3,134,54.0,669.287
124.3677395,3,6,16,4,135,59.0,971.922
124.367748,2,1,11,3,98,58.0,880.466
124.3677775,6,1,8,1,44,52.0,211.77
124.463848,1,11,19,4,136,56.0,1035.0
124.4638525,3,6,20,6,167,61.0,1651.0
124.463853,2,16,15,5,115,60.0,1563.0
124.4638815,6,1,14,1,56,54.0,389.943
127.243197,1,32,15,3,134,55.0,673.83
127.2432015,3,9,16,4,142,59.0,1033.0
127.243205,2,1,12,3,78,58.0,858.066
127.2432345,6,1,8,1,49,52.0,228.331
127.33897,1,11,20,4,139,56.0,1045.0
127.3389745,3,5,21,5,145,61.0,1603.0
127.338977,2,1,15,5,113,60.0,1634.0
127.3390035,6,1,14,1,56,54.0,389.18
127.434797,1,32,15,3,134,55.0,668.153
127.4348015,3,9,16,4,142,59.0,1042.0
127.434805,2,1,13,2,39,58.0,737.926
127.4348345,6,11,8,1,52,52.0,244.017
127.530642,1,9,20,4,137,56.0,1006.0
127.530645,2,16,16,5,115,60.0,1678.0
127.5306465,3,3,21,5,161,60.0,1562.0
127.5306735,6,40,13,1,56,54.0,389.706
130.416991,1,29,16,3,131,55.0,640.267
130.4169925,3,13,17,4,142,59.0,1045.0
130.416996,2,1,12,2,42,57.0,767.655
130.4170255,6,1,8,1,44,52.0,205.56
130.513111,1,32,21,4,137,57.0,1050.0
130.5131155,3,13,21,6,167,61.0,1671.0
130.513119,2,11,15,5,113,59.0,1695.0
130.5131455,6,40,13,3,133,54.0,488.175
130.513162,5,1,1,0,1,45.0,0.0
130.60888,1,32,15,3,134,55.0,674.748
130.6088845,3,9,16,4,138,58.0,1044.0
130.608888,2,11,12,2,33,57.0,749.086
130.6089175,6,11,9,1,52,52.0,241.66
130.704598,1,29,21,5,184,57.0,1069.0
130.7046025,3,10,21,5,164,60.0,1587.0
130.704603,2,14,13,5,113,59.0,1557.0
130.7046295,6,40,14,3,150,54.0,517.633
133.596047,1,1,16,3,134,55.0,672.284
133.5960515,3,9,16,4,141,59.0,1052.0
133.596055,2,11,14,4,106,57.0,1082.0
133.5960925,6,1,8,1,44,52.0,213.5
133.692013,1,11,21,4,139,56.0,1066.0
133.6920175,3,6,21,5,145,61.0,1635.0
133.692018,2,16,17,5,115,60.0,1706.0
133.6920465,6,1,13,3,150,54.0,515.958
133.787566,1,9,16,3,134,54.0,667.999
133.7875705,3,3,17,4,139,59.0,1023.0
133.78758,2,5,11,1,19,58.0,519.94
133.7875975,6,1,9,1,56,53.0,257.892
133.883435,1,1,21,4,139,56.0,1059.0
133.8834395,3,9,22,5,149,61.0,1651.0
133.88344,2,1,16,5,115,60.0,1704.0
133.8834685,6,1,15,3,133,54.0,498.585
136.742804,1,1,17,3,139,54.0,698.772
136.7428085,3,9,17,4,145,59.0,1077.0
136.742815,2,1,12,4,109,59.0,1151.0
136.7428495,6,1,7,1,44,52.0,215.002
136.838948,1,26,21,5,184,56.0,1078.0
136.838951,2,19,17,6,115,60.0,1881.0
136.8389525,3,3,20,5,164,60.0,1644.0
136.8389795,6,40,14,3,150,54.0,518.397
136.93467,1,1,17,3,139,55.0,695.286
136.9346745,3,9,17,4,149,59.0,1091.0
136.934678,2,1,13,4,109,58.0,1143.0
136.9347155,6,1,9,1,44,52.0,214.886
137.030412,1,32,21,4,139,56.0,1061.0
137.0304165,3,9,22,5,149,61.0,1659.0
137.03042,2,11,16,5,109,59.0,1765.0
137.0304495,6,11,13,2,80,54.0,425.405
139.915705,1,11,16,3,136,54.0,688.292
139.9157095,3,6,17,4,145,59.0,1086.0
139.915718,2,11,12,4,104,59.0,1065.0
139.9157385,6,1,10,1,56,52.0,256.572
140.011549,1,32,22,4,134,56.0,1034.0
140.0115565,3,10,22,5,146,60.0,1600.0
140.011557,2,14,17,5,107,59.0,1788.0
140.0115835,6,14,14,2,80,55.0,426.909
140.108413,1,32,18,3,134,55.0,673.764
140.1084175,3,13,17,4,142,59.0,1080.0
140.108421,2,11,14,4,113,58.0,1238.0
140.1084505,6,11,10,1,49,52.0,235.845
140.204287,1,26,21,5,181,56.0,1061.0
140.20429,2,19,17,6,115,60.0,1915.0
140.2042915,3,3,21,5,150,61.0,1619.0
140.2043185,6,40,14,3,153,54.0,525.898
143.066748,1,26,18,3,131,54.0,640.301
143.0667525,3,10,17,3,109,59.0,1002.0
143.066756,2,1,12,4,110,58.0,1155.0
143.0667795,6,1,10,1,44,52.0,210.809
143.162492,1,11,21,5,186,56.0,1106.0
143.1624965,3,6,21,6,166,61.0,1716.0
143.162497,2,16,15,5,112,60.0,1865.0
143.1625255,6,40,14,3,153,55.0,529.759
143.25834,1,1,17,3,136,54.0,679.949
143.2583445,3,9,18,4,145,59.0,1096.0
143.258345,2,19,13,4,98,59.0,1152.0
143.2583735,6,1,10,1,56,53.0,257.495
143.354158,1,26,21,4,134,56.0,994.973
143.354161,2,16,17,6,140,60.0,2051.0
143.3541625,3,10,22,6,164,61.0,1676.0
143.3541895,6,40,13,3,153,54.0,526.842
143.354206,5,1,1,0,1,45.0,0.0
146.179614,1,1,18,4,183,54.0,708.932
146.1796185,3,9,17,4,141,59.0,1091.0
146.179625,2,1,13,4,106,59.0,1192.0
146.1796475,6,1,10,1,56,52.0,257.897
146.275508,1,1,20,5,186,56.0,1090.0
146.2755125,3,9,21,6,166,61.0,1710.0
146.275513,2,19,17,6,112,60.0,2082.0
146.2755415,6,1,15,3,153,54.0,522.283
146.371581,1,9,18,3,131,54.0,633.194
146.371584,2,16,14,4,112,58.0,1300.0
146.3715855,3,3,17,4,146,59.0,1058.0
146.3716125,6,40,11,1,56,52.0,254.975
146.467323,1,26,22,4,131,56.0,967.075
146.467326,2,16,16,5,108,60.0,1972.0
146.4673275,3,3,22,5,146,61.0,1636.0
146.4673545,6,40,15,2,80,54.0,423.615
149.152072,1,32,22,4,139,56.0,1030.0
149.1520765,3,13,22,5,149,61.0,1699.0
149.152078,2,2,16,6,115,60.0,2046.0
149.1521065,6,14,14,3,135,54.0,487.597
149.247821,1,1,18,3,136,54.0,666.655
149.2478255,3,9,19,4,145,59.0,1113.0
149.247829,2,1,14,4,98,58.0,1204.0
149.2478665,6,1,9,2,138,52.0,300.852
149.34358,1,29,22,4,139,56.0,1029.0
149.3435875,3,10,22,5,146,61.0,1639.0
149.343588,2,1,16,5,106,60.0,1959.0
149.3436145,6,14,13,3,135,54.0,493.541
149.439363,1,32,18,3,139,54.0,670.689
149.4393675,3,9,20,4,145,59.0,1107.0
149.439371,2,11,14,4,109,58.0,1245.0
149.4394005,6,1,11,2,132,52.0,319.646
149.535206,1,32,21,5,186,56.0,1087.0
149.5352105,3,9,23,5,145,61.0,1699.0
149.535214,2,11,18,5,109,59.0,1888.0
149.5352435,6,1,13,3,146,54.0,508.721
152.222886,1,8,21,4,133,56.0,982.775
152.2228905,3,5,22,6,169,61.0,1758.0
152.222891,2,19,17,6,115,60.0,2099.0
152.2229195,6,40,14,3,153,55.0,533.569
152.318952,1,1,18,4,186,53.0,702.389
152.3189565,3,9,18,4,148,59.0,1119.0
152.318966,2,2,11,4,94,58.0,1152.0
152.3189975,6,1,9,1,44,53.0,216.381
152.414666,1,1,20,5,186,55.0,1077.0
152.4146705,3,9,23,6,213,61.0,1804.0
152.414671,2,19,18,6,140,61.0,2239.0
152.4146995,6,1,14,3,153,54.0,535.208
152.510416,1,5,17,3,133,54.0,647.437
152.5104205,3,2,20,4,148,59.0,1122.0
152.510421,2,25,14,5,115,58.0,1358.0
152.5104495,6,40,11,1,56,53.0,258.337
152.607057,1,6,22,4,136,56.0,970.581
152.60706,2,16,16,6,112,61.0,2081.0
152.6070615,3,3,23,5,146,61.0,1655.0
152.6070885,6,1,13,3,135,55.0,495.285
155.314019,1,12,21,5,186,56.0,1065.0
155.3140235,3,13,23,7,213,61.0,1816.0
155.314027,2,11,16,5,106,59.0,1983.0
155.3140565,6,11,14,3,149,54.0,521.994
155.409746,1,1,18,4,183,54.0,686.871
155.4097505,3,9,19,4,141,59.0,1112.0
155.409751,2,14,15,2,45,59.0,1027.0
155.4097915,6,1,10,2,138,53.0,306.766
155.505599,1,32,20,5,186,56.0,1063.0
155.5056035,3,13,22,6,166,61.0,1742.0
155.505607,2,11,17,5,109,60.0,2081.0
155.5056325,6,1,13,3,153,54.0,535.812
155.601442,1,3,17,3,131,54.0,613.093
155.6014445,3,5,20,4,148,59.0,1123.0
155.601445,2,16,16,4,103,59.0,1350.0
155.6014735,6,1,11,1,44,53.0,220.497
155.697536,1,8,22,4,138,56.0,1011.0
155.6975405,3,5,22,5,151,61.0,1712.0
155.697546,2,17,18,6,138,60.0,2123.0
155.6975695,6,40,14,3,135,54.0,493.629
155.697586,5,1,1,0,1,45.0,0.0
158.403126,1,1,20,5,186,55.0,1042.0
158.4031305,3,9,23,6,213,61.0,1823.0
158.403131,2,14,18,7,143,60.0,2357.0
158.4031595,6,1,13,3,153,54.0,535.432
158.498937,1,1,18,4,186,54.0,685.73
158.4989415,3,9,18,5,213,59.0,1187.0
158.498945,2,11,12,4,103,59.0,1401.0
158.4989825,6,1,10,2,141,52.0,311.482
158.59467,1,12,21,5,186,56.0,1052.0
158.5946775,3,10,23,6,210,60.0,1737.0
158.594678,2,14,19,6,109,60.0,2169.0
158.5947045,6,14,12,3,152,54.0,537.123
158.690474,1,1,18,3,133,54.0,634.422
158.6904785,3,9,20,4,148,59.0,1130.0
158.690479,2,1,16,4,98,59.0,1337.0
158.6905075,6,40,11,1,56,53.0,259.95
158.787105,1,6,21,5,183,56.0,1005.0
158.7871095,3,10,23,6,204,61.0,1731.0
158.78711,2,14,18,6,113,61.0,2153.0
158.7871365,6,14,12,3,152,54.0,537.599
158.787153,5,1,1,0,1,45.0,0.0
161.557851,1,1,20,5,186,55.0,1021.0
161.5578555,3,9,23,7,216,61.0,1830.0
161.557859,2,11,17,6,137,60.0,2315.0
161.5578845,6,1,14,3,153,54.0,537.322
161.653922,1,2,17,3,131,54.0,602.483
161.653925,2,19,14,5,112,59.0,1443.0
161.6539265,3,2,18,4,142,59.0,1096.0
161.6539535,6,1,11,2,135,52.0,321.444
161.749638,1,3,21,4,136,56.0,938.539
161.749641,2,16,19,7,143,60.0,2459.0
161.7496425,3,3,23,6,210,61.0,1773.0
161.7496695,6,14,15,3,152,54.0,531.972
161.749686,5,1,1,0,1,45.0,0.0
161.845388,1,6,19,3,133,54.0,605.529
161.845391,2,1,16,4,100,59.0,1419.0
161.8453925,3,10,18,5,207,59.0,1145.0
161.8454225,6,11,11,2,149,52.0,342.206
161.941239,1,11,22,4,138,56.0,975.773
161.941241,2,31,18,7,143,60.0,2360.0
161.9412435,3,5,24,7,212,61.0,1844.0
161.9412725,6,1,14,3,152,54.0,529.757
161.941289,5,1,2,0,1,45.0,0.0
164.72978,1,9,20,5,189,56.0,1020.0
164.729783,2,19,19,6,114,61.0,2255.0
164.7297845,3,13,25,7,216,61.0,1873.0
164.7298175,6,1,13,3,149,54.0,527.274
164.825818,1,3,17,3,133,54.0,594.881
164.825821,2,19,15,5,139,59.0,1627.0
164.8258225,3,10,19,5,210,59.0,1177.0
164.8258525,6,11,11,2,149,52.0,341.891
164.921556,1,6,20,5,183,56.0,970.299
164.921559,2,16,18,6,112,60.0,2243.0
164.9215605,3,10,22,6,213,61.0,1781.0
164.9215875,6,14,13,3,152,54.0,534.514
164.921604,5,1,1,0,1,45.0,0.0
165.017305,1,6,18,3,133,54.0,595.79
165.017308,2,16,15,4,100,60.0,1437.0
165.0173095,3,10,19,5,213,59.0,1185.0
165.0173395,6,11,11,2,149,52.0,340.891
165.113148,1,5,21,4,138,56.0,956.639
165.1131525,3,9,23,6,206,61.0,1820.0
165.113153,2,19,18,7,143,61.0,2482.0
165.1131815,6,40,14,3,152,55.0,535.599
165.113198,5,1,1,0,1,46.0,0.0
167.865942,1,1,20,4,133,55.0,922.496
167.8659465,3,9,23,7,213,61.0,1848.0
167.86595,2,11,19,7,140,61.0,2528.0
167.8659755,6,40,14,3,138,55.0,504.313
167.961688,1,1,17,3,133,53.0,606.411
167.9616925,3,9,19,4,144,59.0,1132.0
167.961696,2,1,14,4,100,59.0,1441.0
167.9617215,6,40,11,2,135,53.0,320.922
168.05743,1,5,21,4,135,56.0,931.937
168.057432,2,19,20,7,146,61.0,2478.0
168.0574345,3,6,23,7,212,61.0,1859.0
168.0574635,6,1,14,3,152,54.0,534.652
168.057477,5,1,2,0,4,46.0,8.141
168.153256,1,3,16,3,133,54.0,583.568
168.1532605,3,10,18,4,145,59.0,1103.0
168.153264,2,11,15,3,75,59.0,1190.0
168.1532905,6,11,11,2,149,52.0,337.244
168.249067,1,1,20,4,133,55.0,918.455
168.2490715,3,9,23,6,206,61.0,1820.0
168.249075,2,19,20,7,140,60.0,2450.0
168.2491005,6,40,15,3,138,55.0,503.499
171.005759,1,9,20,5,183,56.0,956.785
171.005765,2,16,18,5,100,61.0,2152.0
171.0057665,3,10,24,6,213,61.0,1781.0
171.0057965,6,1,15,3,152,54.0,526.396
171.101505,1,5,17,3,135,54.0,597.693
171.10151,2,19,17,4,86,60.0,1375.0
171.1015115,3,2,19,5,213,59.0,1184.0
171.1015415,6,1,11,2,149,52.0,333.602
171.197332,1,8,20,5,185,56.0,961.066
171.197337,2,16,20,6,118,61.0,2414.0
171.1973385,3,3,23,6,213,61.0,1778.0
171.1973655,6,14,15,3,155,54.0,536.155
171.197382,5,1,3,0,1,46.0,0.0
171.293195,1,1,17,3,133,54.0,589.843
171.2932025,3,6,20,4,145,59.0,1108.0
171.293203,2,11,15,5,137,58.0,1562.0
171.2932405,6,1,10,2,123,53.0,287.12
171.390091,1,1,20,4,133,55.0,897.423
171.3900955,3,9,23,7,212,61.0,1860.0
171.390096,2,14,20,7,146,60.0,2585.0
171.3901245,6,40,14,3,152,55.0,529.159
174.114628,1,9,20,4,136,56.0,895.872
174.114634,2,16,17,7,142,60.0,2499.0
174.1146355,3,10,23,6,213,61.0,1810.0
174.1146655,6,1,14,3,149,54.0,511.812
174.114679,5,1,3,0,77,47.0,67.508
174.21049,1,1,17,3,133,54.0,577.361
174.2104945,3,9,19,5,209,59.0,1213.0
174.210498,2,11,16,6,143,59.0,1751.0
174.2105235,6,1,10,2,135,53.0,317.855
174.306326,1,1,19,4,133,55.0,877.734
174.3063305,3,9,24,7,215,61.0,1871.0
174.306331,2,14,21,7,146,61.0,2544.0
174.3063595,6,40,15,3,152,55.0,528.518
174.402396,1,1,18,3,133,54.0,578.607
174.4024035,3,10,20,4,141,59.0,1099.0
174.402404,2,1,15,4,98,60.0,1374.0
174.4024415,6,1,10,2,123,53.0,282.044
174.498156,1,9,20,4,136,56.0,892.792
174.498162,2,16,19,7,142,60.0,2548.0
174.4981635,3,10,24,5,148,61.0,1693.0
174.4981895,6,1,15,3,153,54.0,528.322
177.930495,1,1,16,3,130,54.0,527.956
177.9304965,3,13,20,4,114,59.0,1093.0
177.9305,2,1,15,6,161,59.0,1761.0
177.9305255,6,1,10,2,135,53.0,317.974
178.026556,1,1,19,4,133,55.0,861.637
178.0265605,3,9,24,7,212,61.0,1876.0
178.026564,2,11,20,7,140,61.0,2551.0
178.0265895,6,40,15,3,152,55.0,526.224
178.026648,5,1,2,0,1,45.0,0.0
178.122325,1,1,17,3,133,54.0,560.235
178.1223295,3,13,20,4,144,59.0,1147.0
178.122333,2,11,15,5,137,59.0,1621.0
178.1223705,6,1,9,2,123,53.0,278.652
178.218043,1,1,19,4,185,55.0,915.621
178.2180475,3,9,23,7,215,61.0,1869.0
178.218048,2,14,20,7,146,61.0,2580.0
178.2180765,6,1,16,3,155,55.0,531.872
178.314689,1,1,17,3,130,54.0,528.747
178.3146935,3,10,19,5,206,59.0,1187.0
178.314694,2,11,15,5,137,59.0,1692.0
178.3147315,6,1,10,2,123,53.0,276.695
178.410713,1,1,19,4,133,56.0,858.281
178.4107175,3,13,23,7,212,61.0,1862.0
178.410721,2,11,18,7,143,60.0,2524.0
178.4107465,6,40,15,3,152,55.0,523.15
181.889115,1,6,16,3,130,54.0,516.428
181.889118,2,16,17,6,145,59.0,1754.0
181.8891195,3,10,19,4,137,59.0,1097.0
181.8891495,6,1,11,2,131,52.0,294.035
181.984961,1,12,18,4,133,56.0,822.706
181.9849655,3,13,24,7,215,61.0,1878.0
181.984969,2,11,20,7,143,61.0,2640.0
181.9849945,6,40,16,3,152,55.0,512.024
182.081028,1,1,15,3,130,53.0,531.413
182.0810325,3,9,19,5,215,59.0,1218.0
182.081036,2,11,16,6,161,60.0,1758.0
182.0810615,6,1,11,2,152,53.0,334.528
182.176749,1,1,18,4,133,56.0,826.757
182.1767535,3,13,23,7,215,61.0,1852.0
182.176755,2,13,20,8,166,60.0,2879.0
182.1767825,6,40,16,3,155,55.0,528.1
182.273625,1,3,15,2,115,54.0,480.95
182.273628,2,16,16,5,139,59.0,1645.0
182.2736295,3,10,19,4,117,59.0,1080.0
182.2736595,6,1,11,2,131,52.0,297.455
182.370507,1,5,17,4,135,56.0,832.295
182.3705115,3,6,23,6,150,61.0,1769.0
182.370512,2,16,22,8,166,61.0,2902.0
182.3705405,6,14,16,2,137,54.0,481.456
182.370557,5,1,2,0,77,46.0,73.166
185.002304,1,1,15,2,112,54.0,453.035
185.0023055,3,13,19,4,104,59.0,1095.0
185.002309,2,11,16,4,98,60.0,1614.0
185.0023385,6,36,10,2,148,52.0,317.33
185.098043,1,9,18,4,133,56.0,795.665
185.098049,2,2,20,7,145,61.0,2799.0
185.0980505,3,10,22,6,212,61.0,1797.0
185.0980765,6,40,14,3,155,54.0,508.563
185.193793,1,1,15,2,117,53.0,486.857
185.1937975,3,9,18,4,147,59.0,1159.0
185.193801,2,16,15,5,112,59.0,1629.0
185.1938265,6,1,12,1,44,52.0,225.844
185.289644,1,1,17,3,130,56.0,781.984
185.2896485,3,9,24,7,259,61.0,1904.0
185.289649,2,14,19,7,143,60.0,2682.0
185.2896775,6,1,16,3,155,55.0,508.488
185.385511,1,1,15,3,127,54.0,504.298
185.3855155,3,13,17,4,147,60.0,1168.0
185.385519,2,11,17,6,140,60.0,1794.0
185.3855445,6,1,11,1,83,53.0,273.619
185.482325,1,5,17,3,117,56.0,741.791
185.4823295,3,9,22,6,211,61.0,1875.0
185.48233,2,16,19,8,166,62.0,2889.0
185.4823585,6,14,16,3,178,54.0,541.996
185.482372,5,1,4,1,80,47.0,91.1
188.078156,1,3,13,2,112,54.0,436.077
188.078156,2,1,17,6,148,60.0,1861.0
188.0781605,3,10,16,4,144,59.0,1124.0
188.0781905,6,1,11,2,148,52.0,307.671
188.174217,1,6,17,4,133,56.0,768.537
188.17422,2,19,22,8,169,61.0,2913.0
188.1742245,3,10,23,7,256,61.0,1822.0
188.1742505,6,40,14,3,155,55.0,501.236
188.269968,1,1,16,2,117,54.0,475.95
188.2699725,3,9,17,3,93,59.0,1108.0
188.269973,2,11,16,6,143,60.0,1735.0
188.2700045,6,11,10,1,44,53.0,220.762
188.365729,1,9,17,3,130,56.0,761.567
188.365735,2,2,21,8,163,60.0,2823.0
188.3657365,3,10,22,7,256,61.0,1828.0
188.3657625,6,40,15,3,155,55.0,500.133
188.461538,1,3,13,2,112,54.0,440.569
188.461541,2,31,17,6,145,59.0,1824.0
188.4615425,3,10,17,4,144,59.0,1130.0
188.4615725,6,1,12,1,52,52.0,240.881
188.557375,1,1,17,3,130,56.0,755.031
188.5573795,3,13,23,5,150,61.0,1775.0
188.557383,2,11,18,7,143,61.0,2580.0
188.5574085,6,1,16,2,83,55.0,414.443
191.150208,1,3,12,2,112,54.0,426.468
191.150211,2,31,18,5,118,59.0,1722.0
191.1502125,3,10,17,4,144,59.0,1124.0
191.1502425,6,1,11,1,52,52.0,241.437
191.246067,1,1,16,3,130,56.0,736.6
191.2460715,3,9,22,6,211,61.0,1876.0
191.246072,2,14,21,8,160,61.0,2864.0
191.2461005,6,1,17,3,181,54.0,538.07
191.341902,1,1,15,2,114,54.0,457.403
191.3419065,3,9,17,3,93,59.0,1118.0
191.341907,2,1,18,6,163,60.0,1917.0
191.3419355,6,14,10,1,47,53.0,231.462
191.341949,5,1,1,0,77,45.0,66.58
191.437939,1,5,16,3,132,56.0,745.4
191.437941,2,34,21,8,169,61.0,2853.0
191.4379435,3,5,21,7,258,61.0,1890.0
191.4379715,6,1,16,3,155,55.0,492.257
191.533683,1,1,14,2,117,54.0,458.309
191.5336875,3,9,18,3,90,59.0,1097.0
191.533691,2,11,17,6,160,60.0,1904.0
191.5337165,6,1,10,2,178,53.0,353.705
191.63024,1,1,16,3,127,56.0,727.346
191.6302445,3,13,23,6,150,61.0,1773.0
191.630246,2,16,20,8,166,61.0,3041.0
191.6302735,6,40,15,3,178,55.0,541.005
194.202287,1,1,13,2,117,54.0,448.303
194.2022915,3,9,16,3,90,59.0,1098.0
194.202295,2,11,17,5,112,59.0,1620.0
194.2023205,6,1,10,1,47,52.0,235.545
194.29841,1,1,16,3,130,56.0,714.869
194.2984145,3,13,22,6,150,61.0,1807.0
194.298418,2,11,22,7,143,61.0,2711.0
194.2984435,6,1,15,3,181,55.0,547.365
194.394154,1,1,12,2,117,54.0,451.235
194.3941585,3,9,17,3,90,59.0,1100.0
194.394162,2,11,15,4,100,59.0,1565.0
194.3941875,6,1,11,1,47,52.0,229.239
194.489902,1,3,15,3,112,56.0,627.882
194.489902,2,19,22,8,169,62.0,2990.0
194.4899065,3,10,22,7,259,61.0,1849.0
194.4899325,6,40,16,3,181,54.0,543.105
194.585696,1,6,12,2,86,54.0,359.53
194.585699,2,2,15,5,124,59.0,1790.0
194.5857005,3,10,15,4,144,59.0,1117.0
194.5857265,6,1,10,3,181,53.0,360.527
194.681522,1,1,16,3,130,56.0,712.128
194.6815265,3,13,22,7,262,61.0,1890.0
194.681528,2,13,21,7,148,61.0,2970.0
194.6815555,6,1,16,3,181,54.0,544.315
197.283351,1,1,12,2,114,54.0,435.165
197.2833555,3,9,16,4,146,59.0,1175.0
197.283359,2,22,17,7,166,60.0,1977.0
197.2833875,6,1,11,1,52,52.0,239.384
197.379173,1,9,14,3,124,56.0,685.33
197.379179,2,16,20,7,148,61.0,2842.0
197.3791805,3,10,21,5,144,61.0,1718.0
197.3792065,6,40,15,3,181,54.0,546.772
197.475019,1,1,12,2,114,54.0,433.135
197.4750235,3,9,16,4,146,59.0,1177.0
197.475024,2,11,17,3,39,60.0,1309.0
197.4750555,6,1,11,1,41,52.0,216.903
197.571163,1,3,15,2,92,56.0,563.397
197.571163,2,19,22,9,169,62.0,3119.0
197.5711675,3,3,21,7,259,61.0,1851.0
197.5711935,6,40,15,3,181,54.0,540.641
197.667694,1,1,13,2,114,54.0,438.03
197.6676985,3,9,16,3,90,59.0,1106.0
197.667699,2,14,18,6,146,59.0,1943.0
197.6677275,6,1,10,1,47,52.0,232.689
197.667797,5,1,1,0,21,45.0,23.239
200.389377,1,3,11,2,86,55.0,350.908
200.3893815,3,10,15,3,91,59.0,1085.0
200.389382,2,23,18,6,140,60.0,1846.0
200.3894075,6,1,10,2,178,52.0,346.255
200.485171,1,1,14,3,117,56.0,655.368
200.4851755,3,13,19,5,143,61.0,1790.0
200.485179,2,11,21,8,166,61.0,2922.0
200.4852045,6,1,16,3,178,54.0,525.152
200.485274,5,1,2,0,1,46.0,0.0
200.581037,1,1,12,2,114,54.0,422.027
200.5810415,3,9,14,4,146,59.0,1171.0
200.581042,2,11,16,7,169,60.0,2001.0
200.5810735,6,1,10,1,41,52.0,213.898
200.676868,1,6,14,3,117,56.0,656.497
200.676874,2,2,19,8,165,61.0,2965.0
200.6768755,3,10,21,5,140,61.0,1725.0
200.6769015,6,1,15,3,181,54.0,543.067
200.676971,5,1,3,0,1,47.0,0.0
200.773095,1,1,12,2,92,54.0,384.924
200.7730995,3,9,15,4,146,59.0,1175.0
200.7731,2,19,18,7,166,60.0,1958.0
200.7731315,6,1,10,1,41,52.0,212.329
203.44441,1,5,13,3,107,56.0,607.201
203.4444145,3,2,18,5,146,61.0,1806.0
203.444415,2,16,21,8,151,62.0,2907.0
203.4444425,6,40,15,3,184,54.0,550.251
203.444501,5,1,5,0,1,47.0,0.0
203.540457,1,3,11,2,105,55.0,372.173
203.54046,2,2,18,6,145,60.0,1873.0
203.5404615,3,10,15,3,88,59.0,1091.0
203.5404875,6,1,10,1,44,52.0,222.284
203.636258,1,5,13,2,94,56.0,593.43
203.6362625,3,2,20,5,142,61.0,1807.0
203.636263,2,25,21,8,166,61.0,3070.0
203.6362905,6,40,15,3,184,54.0,552.051
203.636308,5,1,7,0,1,48.0,0.0
203.731943,1,1,12,2,88,54.0,370.63
203.7319475,3,9,16,4,93,59.0,1149.0
203.731948,2,1,19,6,157,60.0,2001.0
203.7319795,6,1,9,2,174,53.0,333.921
203.827795,1,1,13,3,114,56.0,631.062
203.8277995,3,13,19,7,261,61.0,1901.0
203.827801,2,13,20,8,168,62.0,3129.0
203.8278285,6,14,16,3,151,54.0,466.834
203.827842,5,1,6,1,80,47.0,118.668
203.923637,1,1,12,2,92,54.0,383.001
203.9236415,3,9,16,4,146,60.0,1202.0
203.923645,2,11,17,6,142,59.0,1779.0
203.9236705,6,14,12,1,47,53.0,234.986
203.923737,5,1,1,0,24,45.0,27.37
206.604327,1,5,12,3,107,56.0,600.531
206.6043315,3,5,18,5,149,61.0,1835.0
206.604332,2,16,21,8,166,62.0,3140.0
206.6043595,6,40,15,3,181,54.0,543.727
206.70119,1,3,10,2,86,55.0,337.916
206.701193,2,25,18,6,145,60.0,1867.0
206.7011945,3,10,16,3,91,59.0,1110.0
206.7012205,6,1,10,1,45,52.0,222.798
206.797001,1,1,14,3,114,56.0,613.352
206.7970055,3,9,21,7,261,61.0,1899.0
206.797006,2,14,22,8,169,61.0,3085.0
206.7970345,6,14,17,3,183,54.0,545.66
206.797048,5,1,7,1,80,47.0,122.883
206.892865,1,6,11,2,86,54.0,332.506
206.892868,2,2,19,5,121,60.0,1789.0
206.8928695,3,10,16,4,143,60.0,1156.0
206.8928955,6,1,10,1,47,52.0,232.298
206.988902,1,1,13,3,114,56.0,617.993
206.988905,2,16,20,8,171,61.0,3118.0
206.9889065,3,13,20,5,146,61.0,1823.0
206.9889355,6,14,16,3,180,54.0,538.398
206.988952,5,1,6,1,77,48.0,119.509
207.084649,1,1,11,2,89,55.0,341.416
207.084652,2,13,17,6,145,60.0,1916.0
207.0846535,3,10,15,3,91,60.0,1119.0
207.0846795,6,1,11,1,47,52.0,232.738
207.084769,5,1,1,0,1,45.0,0.0
209.692351,1,5,13,2,107,56.0,592.199
209.6923555,3,9,17,5,142,61.0,1817.0
209.692356,2,11,23,9,169,62.0,3145.0
209.6923835,6,1,14,4,198,54.0,572.328
209.788199,1,6,10,2,89,55.0,337.947
209.788202,2,28,17,6,145,60.0,2027.0
209.7882035,3,10,14,3,91,59.0,1116.0
209.7882295,6,1,10,1,47,52.0,232.342
209.884288,1,5,11,3,116,56.0,614.172
209.8842925,3,5,17,5,142,61.0,1835.0
209.884293,2,31,21,8,166,62.0,3117.0
209.8843205,6,40,16,4,201,54.0,582.157
209.88439,5,1,3,0,1,48.0,0.0
209.980039,1,6,11,2,89,55.0,337.699
209.980042,2,16,16,6,145,60.0,1901.0
209.9800435,3,10,15,3,88,60.0,1106.0
209.9800695,6,1,11,1,47,52.0,234.016
210.075795,1,8,12,2,107,56.0,590.711
210.0757995,3,2,18,5,142,61.0,1823.0
210.0758,2,19,24,9,172,62.0,3192.0
210.0758275,6,40,16,4,201,54.0,576.628
210.075845,5,1,7,1,70,48.0,102.282
210.172646,1,1,11,2,92,55.0,374.39
210.1726505,3,9,16,4,146,59.0,1191.0
210.172654,2,11,17,6,166,60.0,2051.0
210.1726795,6,14,12,1,47,53.0,230.649
212.755461,1,9,13,3,111,56.0,591.996
212.755464,2,16,23,9,171,61.0,3190.0
212.7554655,3,13,17,5,149,61.0,1850.0
212.7554945,6,14,16,3,183,54.0,549.624
212.755511,5,1,6,1,74,48.0,113.978
212.852334,1,1,11,2,88,54.0,357.112
212.8523385,3,9,16,4,90,59.0,1165.0
212.852339,2,11,17,7,169,60.0,2126.0
212.8523705,6,1,9,1,41,52.0,212.499
212.948103,1,5,12,2,107,56.0,586.649
212.9481075,3,2,18,5,142,61.0,1818.0
212.948108,2,19,22,8,148,61.0,2966.0
212.9481355,6,40,15,4,201,54.0,584.176
212.948205,5,1,3,0,1,48.0,0.0
213.043962,1,2,10,2,88,54.0,358.309
213.0439665,3,9,15,4,93,59.0,1161.0
213.043967,2,19,18,6,145,60.0,1894.0
213.0439945,6,40,10,1,45,52.0,224.606
213.139838,1,5,12,2,94,57.0,567.661
213.13984,2,1,22,9,171,61.0,3293.0
213.1398425,3,5,18,5,145,61.0,1841.0
213.1398705,6,1,16,3,160,54.0,486.362
213.139916,5,1,7,0,25,48.0,55.561
213.235891,1,1,11,2,88,54.0,358.408
213.2358955,3,9,14,3,90,59.0,1136.0
213.235899,2,11,16,6,163,59.0,1959.0
213.2359275,6,1,9,2,177,53.0,347.444
215.809672,1,1,15,2,92,56.0,560.333
215.8096765,3,9,18,5,146,61.0,1865.0
215.809677,2,14,22,7,145,62.0,2940.0
215.8097045,6,2,15,4,201,54.0,592.122
215.809722,5,1,7,1,77,48.0,129.498
215.905461,1,6,10,2,89,55.0,331.363
215.905464,2,16,16,6,145,60.0,1945.0
215.9054655,3,10,14,4,143,59.0,1184.0
215.9054915,6,1,10,1,44,52.0,220.237
216.001209,1,1,14,3,114,56.0,587.522
216.001212,2,16,22,9,171,61.0,3339.0
216.0012135,3,13,17,5,146,61.0,1868.0
216.0012425,6,14,16,3,183,54.0,553.645
216.001256,5,1,8,1,80,48.0,141.361
216.097044,1,2,9,2,88,54.0,349.81
216.0970485,3,9,17,4,93,59.0,1178.0
216.097049,2,19,18,6,145,60.0,1985.0
216.0970765,6,1,10,1,45,52.0,227.16
216.19289,1,1,14,2,107,56.0,577.024
216.1928945,3,9,18,5,142,61.0,1874.0
216.192895,2,11,22,8,166,62.0,3111.0
216.1929225,6,2,15,4,201,54.0,585.337
216.19294,5,1,8,0,42,48.0,49.762
216.288952,1,5,9,2,91,55.0,361.882
216.2889565,3,1,15,4,90,59.0,1174.0
216.288957,2,8,18,5,115,60.0,1815.0
216.2889845,6,1,10,1,44,52.0,223.833
218.854872,1,1,14,2,91,56.0,543.637
218.8548765,3,9,19,5,98,61.0,1821.0
218.854877,2,14,20,8,169,61.0,3151.0
218.8549045,6,2,15,3,181,54.0,560.343
218.854922,5,1,7,1,77,48.0,129.216
218.951467,1,1,10,2,88,54.0,348.367
218.9514715,3,9,16,3,90,59.0,1172.0
218.951472,2,14,17,6,148,59.0,1929.0
218.9515005,6,1,11,1,44,53.0,221.879
218.95159,5,1,1,0,1,45.0,0.0
219.047483,1,5,14,3,140,56.0,610.591
219.047485,2,31,21,8,151,62.0,3113.0
219.0474875,3,2,17,5,142,61.0,1857.0
219.0475155,6,1,17,3,183,54.0,554.878
219.047561,5,1,8,0,25,47.0,57.327
219.143231,1,1,10,2,88,54.0,355.678
219.1432355,3,9,16,4,94,60.0,1189.0
219.143236,2,19,19,6,145,60.0,2098.0
219.1432675,6,1,10,1,41,53.0,215.734
219.239013,1,9,14,2,92,57.0,548.09
219.239016,2,16,21,8,171,62.0,3283.0
219.2390175,3,13,18,5,149,61.0,1898.0
219.2390465,6,14,15,4,197,54.0,581.1
219.23906,5,1,8,1,80,49.0,142.578
219.334833,1,3,9,2,89,55.0,325.38
219.334836,2,2,18,6,162,60.0,2061.0
219.3348375,3,10,15,4,91,59.0,1146.0
219.3348635,6,1,11,3,180,53.0,360.962
221.921676,1,5,13,2,94,56.0,550.461
221.9216805,3,2,17,5,145,61.0,1883.0
221.921681,2,31,22,8,165,62.0,3133.0
221.9217085,6,1,18,3,183,54.0,568.928
221.921726,5,1,7,1,76,48.0,132.796
222.018498,1,1,10,2,88,54.0,348.445
222.0185025,3,9,17,4,90,59.0,1196.0
222.018506,2,11,16,6,163,60.0,2022.0
222.0185315,6,1,10,1,44,53.0,222.099
222.114351,1,9,14,2,88,57.0,529.354
222.1143555,3,13,18,5,98,61.0,1836.0
222.114356,2,14,22,8,169,62.0,3287.0
222.1143845,6,14,17,4,200,54.0,597.395
222.114398,5,1,9,1,80,49.0,147.506
222.210397,1,2,8,2,91,54.0,352.131
222.2104015,3,9,15,4,145,59.0,1221.0
222.210402,2,19,17,5,121,60.0,1890.0
222.2104295,6,1,12,3,180,52.0,363.392
222.306214,1,3,14,2,89,57.0,491.353
222.306214,2,5,21,9,171,61.0,3250.0
222.3062185,3,10,18,5,146,61.0,1849.0
222.3062445,6,14,16,4,200,54.0,595.015
222.30629,5,1,6,1,48,48.0,115.29
222.401885,1,3,11,1,40,55.0,255.228
222.401888,2,16,16,6,162,60.0,2064.0
222.4018895,3,10,16,4,143,59.0,1201.0
222.4019155,6,1,11,3,180,53.0,362.763
222.402005,5,1,1,0,1,45.0,0.0
224.972867,1,1,15,3,151,57.0,619.991
224.9728715,3,9,19,5,145,61.0,1917.0
224.972872,2,14,20,8,169,62.0,3148.0
224.9729005,6,1,18,3,179,55.0,554.02
224.972917,5,1,9,1,77,48.0,138.568
225.069741,1,3,10,1,40,55.0,251.797
225.0697435,3,12,14,4,145,59.0,1242.0
225.069744,2,16,18,5,103,60.0,1836.0
225.0697715,6,1,11,2,174,53.0,346.188
225.069841,5,1,2,0,21,46.0,29.313
225.16548,1,1,15,3,151,56.0,622.556
225.1654845,3,9,19,5,145,61.0,1893.0
225.165485,2,14,22,8,166,61.0,3224.0
225.1655125,6,2,18,3,180,54.0,565.353
225.165527,5,1,9,1,80,48.0,152.039
225.261304,1,1,9,1,88,55.0,345.178
225.2613085,3,9,16,4,90,60.0,1192.0
225.261312,2,11,18,6,145,59.0,1894.0
225.2613405,6,1,11,1,41,53.0,208.651
225.35712,1,6,13,2,89,57.0,484.054
225.35712,2,22,22,9,171,62.0,3396.0
225.3571245,3,10,17,5,146,61.0,1846.0
225.3571505,6,14,18,3,180,54.0,557.039
225.357167,5,1,7,1,77,49.0,142.543
228.051878,1,9,14,3,151,57.0,615.928
228.051881,2,16,21,8,150,61.0,3136.0
228.0518825,3,13,19,5,145,61.0,1902.0
228.0519115,6,1,18,3,182,55.0,569.87
228.051925,5,1,9,1,80,48.0,154.619
228.148735,1,1,9,1,85,55.0,307.911
228.148738,2,2,18,7,168,60.0,2187.0
228.1487395,3,10,15,3,91,60.0,1172.0
228.1487655,6,1,13,3,179,53.0,362.086
228.244479,1,6,13,3,151,57.0,571.424
228.244479,2,5,22,8,168,62.0,3285.0
228.2444805,3,13,19,5,142,61.0,1908.0
228.2445095,6,14,20,3,182,55.0,571.134
228.244523,5,1,8,1,80,48.0,153.428
228.340323,2,16,17,4,86,60.0,1695.0
228.340323,1,1,9,1,85,55.0,305.282
228.3403245,3,9,16,4,145,60.0,1241.0
228.3403565,6,1,11,3,176,53.0,350.94
228.340367,5,1,4,0,1,47.0,0.0
228.436193,1,1,15,3,151,56.0,613.153
228.4361975,3,9,19,5,148,61.0,1931.0
228.436198,2,14,21,7,148,61.0,3094.0
228.4362255,6,2,17,4,200,54.0,604.453
228.436243,5,1,9,0,53,48.0,87.929
232.00944,1,5,11,1,87,55.0,336.154
232.0094445,3,12,18,4,90,59.0,1214.0
232.009445,2,25,18,5,106,60.0,1993.0
232.0094725,6,1,13,1,47,53.0,229.323
232.009562,5,1,2,0,1,46.0,0.0
232.106305,1,2,15,3,156,56.0,630.631
232.1063095,3,9,19,6,154,61.0,1987.0
232.10631,2,28,20,9,171,62.0,3269.0
232.1063375,6,1,21,3,179,54.0,555.733
232.106355,5,1,9,1,76,48.0,149.871
232.202107,1,1,11,1,45,55.0,293.417
232.2021115,3,9,16,4,145,60.0,1275.0
232.202112,2,14,17,5,124,60.0,1984.0
232.2021435,6,1,11,2,103,52.0,268.193
232.202157,5,1,5,0,53,48.0,62.846
232.297944,1,1,16,3,156,56.0,628.391
232.2979485,3,9,19,5,148,61.0,1967.0
232.297949,2,14,19,8,168,62.0,3113.0
232.2979765,6,1,20,3,168,54.0,514.429
232.297994,5,1,9,1,76,48.0,151.263
232.393844,1,2,9,2,142,54.0,382.016
232.3938485,3,9,16,4,90,59.0,1238.0
232.393849,2,8,16,5,92,60.0,1832.0
232.3938765,6,1,13,1,47,53.0,221.561
232.393946,5,1,2,0,21,46.0,34.292
232.489862,1,1,16,3,145,56.0,601.298
232.4898665,3,9,19,6,151,61.0,1983.0
232.489867,2,14,20,8,168,61.0,3201.0
232.4898945,6,1,19,3,171,54.0,528.324
232.489912,5,1,9,1,76,50.0,155.374
236.059722,1,1,10,2,142,55.0,382.142
236.0597265,3,9,17,4,94,60.0,1244.0
236.05973,2,11,16,4,95,60.0,1810.0
236.0597545,6,1,13,3,179,52.0,362.648
236.059827,5,1,3,0,18,47.0,27.667
236.155741,1,6,14,3,148,57.0,560.501
236.155741,2,31,21,8,150,62.0,3280.0
236.1557455,3,10,18,6,151,61.0,1947.0
236.1557715,6,1,20,3,173,55.0,524.811
236.155785,5,1,10,1,56,49.0,114.221
236.251584,1,1,11,2,142,55.0,383.537
236.2515885,3,9,16,4,145,60.0,1300.0
236.251592,2,11,16,5,112,60.0,1851.0
236.2516165,6,1,14,3,179,52.0,361.302
236.251683,5,1,3,0,24,47.0,39.649
236.347434,1,8,15,3,150,57.0,609.555
236.347436,2,28,19,7,126,62.0,3203.0
236.3474385,3,12,18,6,147,61.0,1984.0
236.3474665,6,1,20,4,182,55.0,569.174
236.34748,5,1,10,1,80,49.0,172.093
236.443544,2,1,16,6,123,60.0,2055.0
236.443544,1,6,10,1,40,55.0,240.844
236.4435485,3,10,16,4,148,60.0,1272.0
236.4435745,6,1,12,2,167,53.0,333.664
236.443588,5,1,6,0,4,48.0,7.818
236.539221,1,9,16,3,156,57.0,632.25
236.539224,2,16,20,8,170,62.0,3296.0
236.5392255,3,13,18,6,154,61.0,1995.0
236.5392535,6,2,19,4,185,54.0,576.728
236.539271,5,1,10,1,76,49.0,158.285
239.153816,1,1,11,2,142,54.0,382.717
239.1538205,3,9,17,4,144,59.0,1302.0
239.153821,2,14,16,5,98,60.0,1790.0
239.1538485,6,14,15,2,173,53.0,345.809
239.153938,5,1,1,0,1,45.0,0.0
239.249878,1,5,14,3,150,57.0,614.396
239.24988,2,22,19,7,123,62.0,3100.0
239.2498825,3,2,18,6,153,61.0,2023.0
239.2499105,6,1,21,3,170,54.0,520.044
239.249924,5,1,10,1,80,49.0,183.206
239.346753,1,1,10,2,153,55.0,408.284
239.3467575,3,9,16,4,94,60.0,1265.0
239.346761,2,11,14,4,95,59.0,1713.0
239.3467855,6,1,14,3,182,53.0,364.986
239.346875,5,1,1,0,1,45.0,0.0
239.442491,1,1,14,3,156,57.0,634.746
239.4424955,3,9,19,5,141,61.0,1975.0
239.442496,2,14,18,7,118,61.0,2964.0
239.4425235,6,1,20,3,182,54.0,563.946
239.442541,5,1,9,1,79,49.0,168.887
239.538317,1,1,11,2,150,55.0,401.66
239.5383215,3,9,17,4,144,59.0,1293.0
239.538322,2,25,16,5,95,61.0,1880.0
239.5383495,6,1,14,2,173,53.0,344.411
239.538416,5,1,4,0,1,47.0,0.0
239.63413,1,9,15,3,173,57.0,648.743
239.634133,2,19,19,8,170,61.0,3272.0
239.6341345,3,13,19,5,98,61.0,1934.0
239.6341625,6,2,19,3,182,54.0,560.732
239.63418,5,1,9,1,76,49.0,166.737
242.194297,1,1,11,2,142,55.0,382.212
242.1943015,3,9,17,4,94,59.0,1265.0
242.194302,2,14,15,5,120,60.0,1989.0
242.1943295,6,14,14,1,65,53.0,228.58
242.194399,5,1,2,0,1,46.0,0.0
242.291137,1,6,14,3,153,57.0,581.212
242.291137,2,28,18,7,120,62.0,3053.0
242.2911395,3,12,18,6,153,61.0,2025.0
242.2911665,6,2,19,4,185,54.0,574.191
242.291169,5,1,12,1,85,50.0,188.837
242.386883,1,5,11,2,150,55.0,401.105
242.3868875,3,9,16,4,144,59.0,1330.0
242.386888,2,19,16,5,120,61.0,2017.0
242.3869155,6,1,13,2,161,53.0,321.292
242.482622,1,5,15,3,150,57.0,605.985
242.4826265,3,16,18,6,153,61.0,2021.0
242.482627,2,25,17,7,120,62.0,3031.0
242.4826545,6,1,20,3,170,55.0,517.529
242.482668,5,1,10,1,80,49.0,185.917
242.578421,1,1,11,2,142,55.0,381.523
242.5784255,3,9,17,4,90,60.0,1269.0
242.578426,2,14,16,5,124,60.0,2023.0
242.5784535,6,1,14,3,179,53.0,362.587
242.57852,5,1,3,0,27,47.0,47.484
242.674252,1,3,14,3,153,57.0,583.514
242.674252,2,19,17,7,123,62.0,3174.0
242.6742545,3,12,18,6,153,61.0,2015.0
242.6742815,6,2,19,4,185,54.0,572.308
242.674296,5,1,10,1,56,49.0,123.438
245.240117,1,1,11,1,45,54.0,288.706
245.2401215,3,16,16,4,150,59.0,1312.0
245.240122,2,25,14,5,103,60.0,1960.0
245.2401495,6,1,13,2,161,53.0,317.829
245.240216,5,1,3,0,1,47.0,0.0
245.336957,1,5,14,3,147,57.0,597.911
245.336959,2,22,19,10,258,62.0,3349.0
245.3369615,3,9,19,6,153,61.0,2041.0
245.3369895,6,1,20,4,184,54.0,558.3
245.337003,5,1,10,0,48,50.0,100.609
245.432799,1,1,11,2,150,55.0,402.758
245.4328035,3,9,17,4,90,59.0,1252.0
245.432804,2,1,15,5,98,60.0,1841.0
245.4328315,6,1,13,1,65,53.0,221.564
245.432898,5,1,3,0,24,47.0,39.36
245.528672,1,9,14,3,153,57.0,619.891
245.528675,2,1,18,7,120,61.0,3065.0
245.5286765,3,13,20,5,101,61.0,1956.0
245.5287045,6,2,20,4,182,54.0,562.791
245.528719,5,1,9,1,79,50.0,191.648
245.624694,1,1,11,1,45,55.0,284.965
245.6246985,3,9,17,4,144,59.0,1328.0
245.624699,2,25,14,5,98,60.0,1903.0
245.6247265,6,1,13,3,178,53.0,355.037
245.624781,5,1,5,0,1,47.0,0.0
245.720436,1,8,14,3,155,57.0,631.421
245.720438,2,19,17,7,123,63.0,3102.0
245.7204405,3,2,20,6,156,61.0,2041.0
245.7204675,6,2,20,3,182,54.0,565.491
245.720473,5,1,11,1,65,49.0,148.424
248.387176,2,16,15,5,103,60.0,2038.0
248.387176,1,6,11,2,139,55.0,345.473
248.3871775,3,13,17,4,94,60.0,1262.0
248.3872055,6,1,14,1,65,52.0,217.197
248.387254,5,1,5,0,42,47.0,76.782
248.484058,1,5,13,3,144,57.0,588.514
248.4840625,3,16,18,6,153,61.0,2045.0
248.484063,2,19,18,7,120,62.0,3089.0
248.4840905,6,1,18,4,184,54.0,547.233
248.484095,5,1,12,1,65,49.0,149.605
248.579785,1,6,11,2,139,55.0,343.805
248.579788,2,16,15,5,100,60.0,1970.0
248.5797895,3,10,16,4,141,60.0,1270.0
248.5798145,6,1,14,1,65,52.0,214.648
248.579832,5,1,6,1,76,47.0,115.577
248.67564,1,6,13,3,150,57.0,562.179
248.67564,2,28,17,7,120,62.0,3157.0
248.6756445,3,10,19,5,144,62.0,1950.0
248.6756695,6,2,19,3,176,54.0,526.429
248.675684,5,1,10,1,79,49.0,190.365
248.771465,1,1,11,2,150,55.0,399.473
248.7714695,3,9,16,4,144,60.0,1323.0
248.771473,2,11,13,4,95,60.0,1817.0
248.7714975,6,1,14,1,65,53.0,213.672
248.771546,5,1,4,0,45,48.0,83.749
248.867276,1,5,13,3,144,56.0,586.745
248.8672805,3,16,20,7,262,61.0,2109.0
248.867281,2,25,16,7,120,62.0,3125.0
248.8673085,6,1,19,3,181,54.0,550.091
248.867322,5,1,10,1,80,49.0,191.143
251.552743,1,6,10,2,139,56.0,348.954
251.552746,2,16,14,5,97,60.0,1937.0
251.5527475,3,10,16,4,91,60.0,1232.0
251.5527725,6,1,12,2,161,52.0,307.364
251.552845,5,1,2,0,18,46.0,24.514
251.648809,1,1,14,3,172,57.0,640.569
251.6488135,3,9,19,7,262,61.0,2101.0
251.648814,2,14,16,7,120,62.0,3021.0
251.6488415,6,1,18,4,184,54.0,538.003
251.648858,5,1,10,1,77,50.0,189.862
251.74465,1,1,10,2,136,55.0,335.156
251.7446515,3,9,17,4,144,60.0,1319.0
251.744652,2,14,12,5,98,60.0,1904.0
251.7446795,6,1,14,3,181,52.0,353.758
251.744775,5,1,1,0,1,45.0,0.0
251.840687,1,6,14,3,147,57.0,553.432
251.840687,2,19,17,6,103,62.0,3051.0
251.8406885,3,13,20,6,147,61.0,2008.0
251.8407165,6,14,18,3,181,54.0,538.352
251.840731,5,1,10,1,82,50.0,208.521
251.936436,1,1,9,1,45,55.0,287.103
251.9364405,3,9,17,4,90,60.0,1268.0
251.936444,2,11,14,4,92,60.0,1848.0
251.9364685,6,1,13,3,181,52.0,346.397
255.552732,1,5,9,2,141,55.0,382.674
255.5527365,3,16,16,4,93,59.0,1258.0
255.552737,2,25,13,5,95,61.0,1859.0
255.5527635,6,2,11,1,65,51.0,205.744
255.552778,5,1,7,0,45,47.0,72.795
255.648456,1,6,12,3,147,57.0,549.974
255.648456,2,5,16,6,103,62.0,2995.0
255.6484575,3,13,20,7,262,61.0,2107.0
255.6484855,6,1,18,3,184,54.0,528.525
255.6485,5,1,11,1,82,50.0,211.256
255.745329,1,6,10,2,136,56.0,339.548
255.7453305,3,13,17,4,150,60.0,1337.0
255.745334,2,1,14,4,95,60.0,1853.0
255.7453585,6,1,13,3,181,52.0,340.436
255.745419,5,1,4,0,33,46.0,53.482
255.841063,1,8,13,3,149,57.0,594.213
255.8410675,3,12,18,5,146,61.0,2018.0
255.841068,2,25,15,6,103,62.0,2995.0
255.8410945,6,2,18,3,181,53.0,528.372
255.841097,5,1,13,2,94,49.0,242.354
255.936976,1,6,10,2,136,56.0,340.851
255.936979,2,2,13,5,100,61.0,1960.0
255.9369805,3,10,16,4,147,59.0,1282.0
255.9370055,6,1,13,3,181,52.0,347.803
255.937061,5,1,5,0,38,47.0,72.633
259.59421,2,5,14,5,100,60.0,1974.0
259.59421,1,6,9,2,136,55.0,343.455
259.5942145,3,10,16,3,91,60.0,1216.0
259.5942395,6,1,11,3,178,52.0,331.662
259.594257,5,1,8,1,73,48.0,121.429
259.691093,1,6,12,2,136,57.0,525.293
259.691093,2,28,15,6,103,61.0,2899.0
259.6910955,3,12,20,6,152,61.0,2030.0
259.6911225,6,2,19,3,181,53.0,512.553
259.691137,5,1,10,1,82,51.0,221.233
259.786815,1,1,8,2,141,55.0,386.962
259.7868195,3,9,16,4,93,59.0,1259.0
259.786823,2,11,12,5,95,61.0,1804.0
259.7868475,6,1,11,1,64,51.0,189.656
259.786867,5,1,7,0,39,48.0,56.816
259.882557,1,9,12,3,141,57.0,582.896
259.88256,2,16,16,6,103,62.0,2975.0
259.8825615,3,13,21,6,153,61.0,2022.0
259.8825895,6,1,20,3,175,53.0,492.57
259.882607,5,1,11,0,44,50.0,107.44
259.978429,1,1,9,2,141,55.0,380.648
259.9784335,3,9,16,4,90,59.0,1244.0
259.978434,2,14,13,5,98,60.0,1933.0
259.9784615,6,1,11,1,64,51.0,189.318
259.978516,5,1,5,0,7,48.0,18.689
262.800744,2,5,14,5,103,60.0,2058.0
262.800744,1,6,9,2,136,55.0,351.058
262.8007485,3,10,15,3,91,60.0,1190.0
262.8007735,6,1,13,1,68,51.0,201.505
262.800791,5,1,8,0,50,48.0,84.871
262.896779,1,1,10,3,141,57.0,592.938
262.8967835,3,9,21,7,261,61.0,2073.0
262.896784,2,25,15,6,103,62.0,2949.0
262.8968105,6,2,17,3,181,53.0,519.228
262.896825,5,1,11,1,82,51.0,226.568
262.993656,2,5,14,5,103,60.0,1964.0
262.993656,1,6,10,1,40,56.0,238.464
262.9936605,3,10,15,4,150,60.0,1276.0
262.9936855,6,1,12,1,68,51.0,198.013
262.993746,5,1,4,0,1,47.0,0.0
263.089392,1,1,12,3,141,57.0,585.538
263.089395,2,16,15,6,103,62.0,3064.0
263.0893965,3,13,21,7,261,61.0,2080.0
263.0894205,6,1,19,3,173,53.0,497.544
263.089441,5,1,11,0,45,50.0,111.985
263.185249,1,1,8,1,80,56.0,300.373
263.1852505,3,6,17,4,90,60.0,1255.0
263.185251,2,14,13,5,120,60.0,1968.0
263.1852785,6,1,11,1,79,51.0,212.825
263.185336,5,1,4,0,4,48.0,8.062
265.974534,1,6,9,2,136,55.0,354.791
265.9745365,3,12,15,4,152,59.0,1333.0
265.974537,2,19,13,5,100,60.0,1947.0
265.9745635,6,1,14,1,68,50.0,193.306
265.974581,5,1,7,0,1,48.0,0.0
266.070591,1,9,12,3,141,57.0,594.025
266.070594,2,16,14,6,103,62.0,3076.0
266.0705955,3,13,21,7,261,61.0,2082.0
266.0706195,6,1,19,3,173,53.0,497.017
266.07064,5,1,10,0,45,50.0,111.271
266.166697,1,1,9,2,138,55.0,381.756
266.1667015,3,9,16,5,156,59.0,1324.0
266.166702,2,25,13,5,98,60.0,1954.0
266.1667295,6,1,11,3,180,51.0,321.482
266.166731,5,1,8,0,57,48.0,93.047
266.262441,1,6,12,2,136,57.0,538.059
266.262441,2,19,16,8,189,62.0,3171.0
266.2624435,3,12,21,6,152,61.0,2009.0
266.2624665,6,1,19,2,83,53.0,356.671
266.262476,5,1,12,1,88,50.0,229.39
266.3386135,3,1,4,0,22,55.0,127.395
266.338625,1,2,2,0,3,52.0,17.463
266.358185,1,6,10,1,40,56.0,241.354
266.358185,2,19,14,5,103,60.0,1915.0
266.3581895,3,10,16,3,87,60.0,1197.0
266.3582145,6,1,11,1,68,51.0,196.627
266.358275,5,1,4,0,1,47.0,0.0
269.114678,1,6,10,1,43,55.0,261.369
269.1146805,3,12,16,3,90,59.0,1229.0
269.114681,2,16,13,5,97,60.0,1969.0
269.1147075,6,1,12,1,68,51.0,190.124
269.114728,5,1,6,0,53,48.0,89.975
269.210793,2,19,15,6,103,61.0,2927.0
269.210793,1,6,12,3,138,57.0,553.534
269.2107945,3,13,19,7,261,61.0,2079.0
269.2108185,6,1,19,3,184,53.0,521.278
269.21084,5,1,10,0,44,51.0,113.905
269.30765,1,6,9,2,138,56.0,360.774
269.30765,2,16,14,5,97,60.0,1906.0
269.3076515,3,13,17,4,90,60.0,1233.0
269.3076795,6,1,9,1,68,51.0,190.232
269.307734,5,1,5,0,7,47.0,19.334
269.404213,2,19,16,6,103,61.0,2909.0
269.404213,1,6,11,3,138,58.0,554.165
269.4042145,3,13,20,7,261,61.0,2081.0
269.4042385,6,1,18,3,184,53.0,520.738
269.404262,5,1,10,0,42,51.0,103.241
269.500277,1,1,9,1,83,56.0,319.173
269.5002785,3,13,17,4,149,60.0,1314.0
269.500279,2,14,12,5,98,61.0,1886.0
269.5003065,6,1,9,1,64,51.0,178.03
269.500326,5,1,7,0,39,48.0,61.127
272.286642,1,1,9,2,138,55.0,395.154
272.2866465,3,9,16,4,124,59.0,1282.0
272.286647,2,19,14,5,95,60.0,1767.0
272.2866735,6,2,12,1,68,51.0,188.811
272.286676,5,1,8,1,94,48.0,166.126
272.382687,1,6,13,3,138,57.0,566.609
272.382687,2,5,16,6,103,62.0,2857.0
272.3826895,3,12,19,7,260,61.0,2083.0
272.3827125,6,1,17,3,173,53.0,492.793
272.382734,5,1,11,1,53,51.0,144.843
272.478433,1,5,9,2,135,55.0,388.454
272.4784375,3,9,17,4,127,59.0,1279.0
272.478438,2,25,13,5,97,60.0,1816.0
272.4784645,6,2,12,1,68,50.0,184.806
272.478479,5,1,7,1,59,49.0,112.924
272.574172,1,5,12,3,138,57.0,606.623
272.574174,2,31,16,6,106,62.0,2894.0
272.5741765,3,9,19,6,152,61.0,2000.0
272.5742035,6,2,17,2,139,52.0,379.563
272.574206,5,1,13,2,94,51.0,253.902
272.669973,1,6,9,1,43,55.0,267.306
272.669973,2,19,13,5,103,60.0,1877.0
272.6699755,3,12,16,3,89,59.0,1232.0
272.6700025,6,1,10,1,68,51.0,185.622
272.67002,5,1,8,0,44,49.0,81.552
275.482526,1,6,9,1,83,56.0,333.804
275.482526,2,16,13,5,97,60.0,1857.0
275.4825275,3,13,16,4,124,60.0,1275.0
275.4825555,6,1,11,2,154,51.0,267.766
275.482575,5,1,7,1,76,49.0,123.411
275.57939,1,6,12,3,138,58.0,577.601
275.57939,2,19,15,6,103,61.0,2762.0
275.5793925,3,12,19,6,155,61.0,2051.0
275.5794155,6,1,17,3,184,53.0,512.653
275.579425,5,1,13,1,56,51.0,166.258
275.675155,1,3,10,1,50,55.0,282.661
275.6751575,3,9,16,4,155,59.0,1314.0
275.675158,2,16,12,5,97,60.0,1738.0
275.6751845,6,1,10,1,76,51.0,199.391
275.675199,5,1,9,0,7,49.0,21.25
275.770956,1,8,12,3,135,57.0,601.585
275.770958,2,22,15,6,103,62.0,2792.0
275.7709605,3,9,18,6,155,61.0,2001.0
275.7709835,6,1,17,3,167,53.0,469.959
275.77099,5,1,12,1,91,51.0,247.867
275.866857,1,5,9,1,45,55.0,297.778
275.8668615,3,9,16,3,89,59.0,1231.0
275.866862,2,19,13,5,103,60.0,1819.0
275.8668885,6,1,12,1,68,51.0,183.135
275.866903,5,1,7,1,59,49.0,114.51
278.611334,1,1,10,1,45,55.0,302.832
278.6113385,3,9,17,4,127,59.0,1295.0
278.611339,2,28,12,5,97,60.0,1681.0
278.6113655,6,2,11,1,68,51.0,185.718
278.61138,5,1,8,0,42,49.0,75.174
278.707374,1,1,14,3,138,57.0,623.309
278.7073785,3,9,19,6,152,61.0,1998.0
278.707379,2,28,15,6,103,62.0,2583.0
278.707405,5,1,12,1,94,51.0,254.376
278.7074055,6,2,17,2,139,52.0,372.382
278.803124,1,6,10,1,83,55.0,342.205
278.803124,2,19,14,5,100,59.0,1765.0
278.8031285,3,10,15,4,153,60.0,1279.0
278.8031535,6,1,10,1,68,51.0,178.815
278.803208,5,1,5,0,7,49.0,21.533
278.898918,1,1,12,3,138,57.0,621.383
278.8989225,3,9,20,6,152,61.0,2010.0
278.898923,2,19,15,7,122,62.0,2791.0
278.8989465,6,1,17,3,158,53.0,446.202
278.898952,5,1,12,2,94,51.0,260.488
278.994784,1,2,10,1,52,55.0,314.901
278.9947885,3,9,16,4,127,59.0,1291.0
278.994789,2,19,12,5,100,60.0,1747.0
278.9948155,6,1,11,1,79,51.0,204.661
278.99483,5,1,7,0,4,49.0,11.654
281.693446,1,1,10,2,135,56.0,379.987
281.6934475,3,9,15,4,127,60.0,1279.0
281.693448,2,19,14,5,103,61.0,1753.0
281.6934755,6,1,11,2,151,51.0,259.657
281.693477,5,1,9,1,94,49.0,174.814
281.789266,1,8,13,2,88,57.0,588.32
281.7892705,3,9,18,6,155,61.0,2011.0
281.789271,2,16,15,6,100,62.0,2556.0
281.7892935,6,1,16,3,184,53.0,505.255
281.789303,5,1,12,1,68,51.0,205.007
281.885143,1,6,11,2,86,55.0,358.185
281.8851455,3,12,15,4,155,59.0,1315.0
281.885146,2,1,12,5,97,59.0,1733.0
281.8851725,6,1,10,1,79,52.0,205.957
281.88519,5,1,8,0,44,49.0,84.698
281.98123,1,1,12,3,138,57.0,631.662
281.9812345,3,9,19,7,260,61.0,2087.0
281.981235,2,22,15,6,103,62.0,2698.0
281.9812615,6,2,16,3,152,52.0,407.943
281.981264,5,1,13,1,91,51.0,255.762
284.824389,1,6,11,2,86,55.0,361.913
284.8243915,3,2,16,4,155,59.0,1309.0
284.824392,2,16,11,4,97,59.0,1607.0
284.8244185,6,1,11,2,154,51.0,266.233
284.824433,5,1,9,0,47,49.0,96.948
284.920247,1,1,14,3,138,57.0,641.526
284.9202515,3,9,19,6,152,61.0,1998.0
284.920252,2,19,14,6,100,62.0,2418.0
284.920278,5,1,12,2,94,51.0,260.173
284.9202785,6,2,17,2,139,52.0,365.857
285.016295,1,1,11,1,74,55.0,355.813
285.0162995,3,9,16,4,127,59.0,1266.0
285.0163,2,19,12,4,80,60.0,1549.0
285.0163265,6,2,12,1,79,51.0,205.458
285.016329,5,1,8,1,71,49.0,140.73
285.112095,1,6,12,3,135,57.0,590.511
285.112095,2,16,15,6,105,62.0,2603.0
285.1120965,3,13,20,6,152,61.0,1990.0
285.1121205,6,1,17,3,158,53.0,442.507
285.112126,5,1,14,2,94,51.0,261.714
287.961159,1,6,10,2,135,56.0,395.23
287.9611605,3,13,17,4,127,60.0,1257.0
287.961164,2,22,12,4,92,60.0,1466.0
287.9611875,6,2,11,1,68,51.0,178.927
287.961205,5,1,7,0,42,49.0,79.1
288.057167,1,2,14,3,135,57.0,641.075
288.0571715,3,9,20,6,155,61.0,1984.0
288.057172,2,16,15,5,97,62.0,2418.0
288.0571945,6,1,17,3,170,53.0,473.524
288.057198,5,1,13,1,77,51.0,236.355
288.153301,1,3,11,2,86,55.0,376.516
288.1533035,3,9,15,4,123,59.0,1244.0
288.153304,2,16,12,4,97,59.0,1635.0
288.1533305,6,1,10,2,154,52.0,270.969
288.153345,5,1,8,0,47,49.0,95.674
288.249079,1,1,13,3,138,57.0,654.652
288.2490835,3,9,19,6,155,61.0,2016.0
288.249084,2,16,15,6,97,62.0,2630.0
288.2491065,6,1,16,3,167,53.0,465.997
288.249113,5,1,12,1,91,51.0,251.931
291.875037,1,6,12,2,83,56.0,376.919
291.8750395,3,12,15,4,126,59.0,1259.0
291.87504,2,1,12,4,94,59.0,1569.0
291.8750665,6,1,11,2,151,52.0,260.011
291.875098,5,1,5,0,30,48.0,47.127
291.970874,1,1,14,3,138,57.0,674.919
291.9708785,3,9,20,6,155,61.0,1988.0
291.970879,2,16,12,6,97,61.0,2355.0
291.9709015,6,1,16,3,167,53.0,473.225
291.970905,5,1,12,1,77,51.0,238.968
292.067719,1,6,12,2,83,55.0,375.724
292.0677215,3,12,16,4,126,59.0,1256.0
292.067722,2,1,12,4,97,60.0,1515.0
292.0677485,6,1,11,2,151,52.0,256.323
292.06778,5,1,6,0,30,48.0,48.527
292.163842,1,6,13,3,138,58.0,627.722
292.163842,2,16,15,5,97,61.0,2348.0
292.1638435,3,13,20,6,152,61.0,1975.0
292.1638675,6,1,16,3,155,53.0,432.885
292.163885,5,1,10,1,82,52.0,227.841
296.358205,1,6,11,2,135,56.0,423.429
296.3582065,3,13,16,4,130,59.0,1250.0
296.35821,2,22,11,3,75,60.0,1208.0
296.3582335,6,2,11,1,76,51.0,201.23
296.358236,5,1,8,1,57,49.0,122.139
296.4556,1,5,14,2,88,57.0,656.817
296.4556045,3,9,19,5,151,61.0,1964.0
296.455605,2,16,14,5,100,60.0,2183.0
296.4556275,6,1,16,3,161,54.0,457.093
296.455634,5,1,12,2,90,51.0,250.535
296.551696,1,1,11,1,55,56.0,352.906
296.5517005,3,9,15,4,133,59.0,1263.0
296.551701,2,19,12,4,83,60.0,1388.0
296.5517275,6,1,10,1,79,51.0,204.138
296.55173,5,1,9,1,59,49.0,125.679
296.647412,1,5,15,2,88,57.0,659.221
296.6474165,3,9,19,5,155,61.0,1966.0
296.647417,2,16,15,5,100,61.0,2084.0
296.6474395,6,1,16,3,161,54.0,457.602
296.647443,5,1,13,2,93,51.0,273.415
300.041884,1,3,12,2,83,55.0,406.894
300.0418865,3,9,15,4,126,59.0,1246.0
300.041887,2,16,10,3,80,59.0,1243.0
300.0419135,6,1,10,1,67,52.0,177.22
300.041945,5,1,5,0,30,48.0,48.116
300.137727,1,6,14,3,135,58.0,668.587
300.137727,2,24,15,5,97,61.0,2068.0
300.1377285,3,13,19,6,152,61.0,1973.0
300.1377555,6,2,14,2,79,53.0,336.21
300.13777,5,1,10,1,82,51.0,235.296
300.233849,1,1,11,2,82,56.0,401.212
300.2338505,3,9,16,4,133,59.0,1253.0
300.233851,2,19,10,2,32,60.0,1133.0
300.2338775,6,2,10,1,79,51.0,210.907
300.23388,5,1,8,1,57,49.0,124.21
300.329591,1,5,15,3,88,57.0,678.99
300.3295955,3,9,20,5,151,61.0,1971.0
300.329596,2,16,13,4,80,60.0,1829.0
300.3296185,6,1,16,3,158,53.0,447.292
300.329625,5,1,12,2,90,52.0,261.839
303.124916,1,1,11,2,82,56.0,413.905
303.1249175,3,13,16,4,133,60.0,1261.0
303.124918,2,19,11,3,78,59.0,1253.0
303.1249445,6,2,9,2,151,51.0,267.922
303.124947,5,1,8,1,71,49.0,152.171
303.221749,1,5,15,3,140,57.0,732.042
303.2217535,3,9,20,5,151,61.0,1951.0
303.221754,2,1,13,4,80,61.0,1832.0
303.2217765,6,1,16,2,82,53.0,351.323
303.221786,5,11,13,2,90,52.0,257.245
303.317613,1,6,11,2,77,56.0,388.949
303.317613,2,21,11,3,80,59.0,1209.0
303.3176145,3,13,15,4,133,60.0,1266.0
303.3176415,6,2,10,2,148,51.0,254.859
303.317644,5,1,8,0,31,49.0,88.186
303.413646,1,5,16,3,137,57.0,722.026
303.4136505,3,9,19,5,151,61.0,1938.0
303.413651,2,1,12,5,94,60.0,1899.0
303.4136735,6,1,15,3,158,53.0,450.319
303.41368,5,1,11,2,93,52.0,271.082
306.209757,1,6,12,2,80,56.0,418.485
306.209757,2,5,10,3,80,59.0,1159.0
306.2097615,3,10,14,4,152,59.0,1237.0
306.2097865,6,1,10,1,78,52.0,210.297
306.2098,5,1,5,0,45,49.0,102.963
306.305819,1,5,16,3,137,57.0,750.628
306.3058235,3,9,19,6,199,61.0,2003.0
306.305824,2,1,12,4,77,60.0,1602.0
306.3058465,6,1,14,2,82,54.0,360.03
306.305853,5,1,11,2,90,52.0,266.442
306.401643,1,6,12,2,80,56.0,421.776
306.401643,2,24,10,3,80,59.0,1145.0
306.4016475,3,3,14,4,130,59.0,1198.0
306.4016715,6,2,9,1,79,52.0,220.405
306.401686,5,1,7,0,45,49.0,108.88
309.341741,1,6,13,2,82,56.0,440.754
309.3417425,3,13,16,4,133,59.0,1230.0
309.341744,2,18,9,4,120,59.0,1159.0
309.3417695,6,2,10,2,151,52.0,279.767
309.341772,5,1,7,1,54,49.0,127.201
309.437743,2,24,13,5,126,60.0,1794.0
309.437743,1,6,19,4,159,57.0,786.681
309.4377445,3,6,18,7,259,61.0,2054.0
309.4377685,6,1,14,3,160,53.0,478.712
309.437774,5,1,12,1,68,52.0,250.748
309.533605,1,1,15,2,82,56.0,438.485
309.5336065,3,9,16,4,129,60.0,1237.0
309.533607,2,1,10,3,74,58.0,970.364
309.5336335,6,1,11,1,75,52.0,208.398
309.533636,5,1,8,1,59,50.0,146.076
312.504818,1,3,16,3,159,55.0,534.67
312.5048205,3,9,14,4,132,59.0,1226.0
312.504821,2,21,8,3,77,58.0,986.163
312.5048465,6,2,10,2,151,52.0,286.183
312.504864,5,1,6,0,39,49.0,88.166
312.601652,1,12,18,4,161,58.0,860.799
312.6016565,3,9,20,7,246,61.0,2011.0
312.601657,2,1,13,4,78,60.0,1439.0
312.6016795,6,1,14,3,154,54.0,466.526
312.601683,5,1,12,1,62,52.0,244.091
312.697514,1,5,15,3,161,55.0,559.936
312.6975185,3,9,15,4,154,59.0,1257.0
312.697519,2,21,11,3,77,59.0,978.579
312.6975445,6,2,10,2,151,52.0,288.857
312.697562,5,1,6,0,42,50.0,105.947
315.600851,1,1,16,3,161,56.0,592.759
315.6008555,3,9,16,4,132,59.0,1229.0
315.600856,2,1,9,3,71,58.0,833.241
315.6008785,6,1,12,1,82,52.0,247.623
315.600888,5,1,8,1,53,50.0,140.676
315.697664,1,6,21,4,159,57.0,867.087
315.6976665,3,5,19,6,239,61.0,1994.0
315.697667,2,21,12,4,77,60.0,1365.0
315.6976885,6,1,14,3,158,53.0,497.887
315.697695,5,1,11,1,74,52.0,275.667
315.793526,1,1,17,3,158,56.0,561.694
315.7935275,3,9,15,4,154,60.0,1263.0
315.793528,2,1,9,3,74,58.0,915.63
315.7935545,6,1,12,2,113,53.0,266.468
315.793557,5,1,8,1,56,51.0,155.179
318.664699,1,6,19,3,155,56.0,577.077
318.664699,2,5,9,3,80,59.0,985.173
318.6647005,3,13,16,4,129,60.0,1219.0
318.6647275,6,2,12,2,113,51.0,273.692
318.66473,5,1,8,0,31,51.0,116.301
318.760757,1,6,21,4,158,58.0,893.475
318.760757,2,21,13,4,83,59.0,1414.0
318.7607585,3,13,20,7,246,61.0,2024.0
318.7607815,6,1,14,2,117,53.0,459.691
318.760785,5,1,12,2,93,52.0,304.228
318.856593,1,6,19,3,158,56.0,589.046
318.856593,2,1,10,1,31,57.0,724.373
318.8565945,3,13,15,4,132,60.0,1232.0
318.8566215,6,1,12,2,113,52.0,277.154
318.856624,5,1,8,1,56,51.0,160.439
322.179029,1,12,17,3,161,56.0,639.388
322.1790335,3,9,16,4,150,60.0,1251.0
322.179034,2,1,10,4,123,58.0,1045.0
322.1790565,6,1,12,2,117,52.0,303.687
322.179066,5,1,7,1,53,50.0,149.706
322.276201,1,6,21,4,158,58.0,931.653
322.276201,2,5,15,3,80,59.0,1215.0
322.2762025,3,13,19,7,246,61.0,2046.0
322.2762255,6,1,15,2,117,53.0,469.516
322.276229,5,1,11,1,62,52.0,270.608
322.37195,1,6,20,3,158,56.0,613.929
322.371953,2,2,7,3,77,58.0,848.665
322.3719545,3,10,15,4,144,59.0,1211.0
322.3719785,6,2,12,2,113,51.0,278.045
322.371981,5,1,8,0,37,50.0,135.304
325.704624,1,6,20,3,158,56.0,622.829
325.7046255,3,13,16,4,147,60.0,1261.0
325.704629,2,1,9,3,78,57.0,747.758
325.7046525,6,1,11,2,113,52.0,286.005
325.704655,5,1,7,1,59,50.0,171.689
325.80068,1,6,20,4,161,58.0,963.25
325.80068,2,5,12,5,125,59.0,1501.0
325.8006815,3,13,22,7,239,61.0,2051.0
325.8007045,6,1,14,3,117,54.0,487.212
325.800708,5,32,12,1,59,52.0,274.258
325.896432,1,3,20,3,158,56.0,631.506
325.896435,2,2,8,2,74,58.0,753.841
325.8964365,3,10,16,4,129,59.0,1175.0
325.8964605,6,66,12,2,113,52.0,293.846
325.896463,5,1,7,0,37,51.0,138.03
328.788592,2,1,9,3,80,57.0,805.493
328.788592,1,6,20,3,158,56.0,635.682
328.7885935,3,13,17,4,154,59.0,1289.0
328.7886165,6,1,12,2,117,52.0,317.991
328.788623,5,29,7,1,59,51.0,173.132
328.884466,1,5,22,4,160,57.0,1011.0
328.8844705,3,9,22,7,245,61.0,2050.0
328.884471,2,1,13,5,122,59.0,1382.0
328.8844965,6,2,14,2,113,53.0,457.773
328.884499,5,1,10,1,37,52.0,219.21
328.980487,1,9,18,3,158,56.0,636.079
328.9804885,3,9,17,5,239,59.0,1325.0
328.980489,2,1,10,2,74,57.0,744.332
328.9805145,6,2,11,2,110,52.0,291.749
328.980518,5,1,9,1,56,51.0,168.4
331.922355,1,1,20,3,148,56.0,630.888
331.9223595,3,9,16,4,150,60.0,1293.0
331.92236,2,1,9,2,74,58.0,732.074
331.9223855,6,2,11,2,113,52.0,306.817
331.922403,5,1,6,0,42,50.0,122.749
332.018392,1,6,21,4,161,58.0,997.796
332.018392,2,5,14,5,125,60.0,1467.0
332.0183935,3,13,23,7,239,61.0,2046.0
332.0184165,6,1,15,3,117,54.0,495.081
332.01842,5,32,11,1,59,53.0,278.785
332.114269,1,1,20,3,160,56.0,674.592
332.1142735,3,9,16,4,135,59.0,1256.0
332.114274,2,1,10,3,74,57.0,778.095
332.1142995,6,2,12,2,113,52.0,300.413
332.114317,5,1,6,0,39,50.0,113.884
335.120228,1,5,20,4,160,56.0,692.166
335.1202325,3,9,17,4,153,59.0,1280.0
335.120233,2,21,13,1,31,58.0,523.502
335.1202585,6,2,11,2,113,52.0,311.847
335.120261,5,2,8,0,37,51.0,144.285
335.216243,1,5,21,4,160,58.0,1051.0
335.2162475,3,9,22,6,197,61.0,2017.0
335.216248,2,1,12,3,78,60.0,1112.0
335.2162695,6,2,14,3,117,54.0,507.373
335.216276,5,1,10,1,74,53.0,302.516
335.313092,1,6,19,3,158,56.0,658.804
335.3130935,3,13,17,5,242,60.0,1360.0
335.313097,2,1,10,2,75,57.0,696.748
335.3131165,6,1,11,2,117,52.0,329.148
335.313123,5,1,8,1,56,51.0,174.887
338.224425,1,6,19,4,161,56.0,681.683
338.224425,2,5,10,3,80,57.0,743.403
338.2244265,3,13,18,5,242,59.0,1362.0
338.2244495,6,1,12,2,117,52.0,336.328
338.224453,5,1,9,1,40,51.0,165.121
338.320522,1,6,22,4,161,58.0,1047.0
338.3205235,3,13,25,7,245,61.0,2104.0
338.320525,2,2,12,3,80,59.0,1145.0
338.3205465,6,1,14,3,120,54.0,529.022
338.32055,5,29,11,1,62,53.0,296.812
341.259546,1,1,19,4,160,56.0,697.649
341.2595475,3,9,18,5,153,59.0,1301.0
341.259548,2,1,10,2,74,58.0,678.064
341.2595735,6,2,12,2,113,52.0,327.541
341.259576,5,1,8,1,37,51.0,160.627
341.356356,1,5,22,5,163,58.0,1114.0
341.3563605,3,9,25,7,241,61.0,2105.0
341.356361,2,1,13,5,122,60.0,1343.0
341.3563865,6,66,15,3,116,54.0,512.385
341.356389,5,1,9,1,59,53.0,298.941
344.297722,1,3,20,4,158,56.0,712.416
344.297725,2,2,9,3,80,57.0,704.92
344.2977265,3,3,20,5,198,59.0,1295.0
344.2977505,6,1,11,2,116,52.0,341.463
344.297753,5,29,8,1,56,51.0,190.365
344.393467,2,5,14,5,125,59.0,1347.0
344.393467,1,6,22,5,157,58.0,1079.0
344.3934685,3,13,25,7,245,61.0,2095.0
344.3934915,6,1,14,3,120,54.0,564.491
344.393495,5,1,10,1,59,53.0,304.538
347.354529,1,6,19,4,157,56.0,722.09
347.3545305,3,13,20,5,235,59.0,1382.0
347.354532,2,2,10,2,74,58.0,681.661
347.3545535,6,1,12,2,120,52.0,374.69
347.35456,5,1,8,1,56,51.0,190.334
347.450547,1,6,22,5,161,58.0,1134.0
347.4505485,3,10,25,7,245,61.0,2160.0
347.45055,2,1,16,5,125,59.0,1273.0
347.4505715,6,7,16,3,120,54.0,572.453
347.450575,5,32,10,1,59,53.0,316.675
350.476687,1,1,20,4,160,56.0,776.882
350.4766915,3,9,21,5,149,59.0,1346.0
350.476692,2,1,13,4,122,58.0,814.918
350.476717,5,32,8,1,40,52.0,181.72
350.4767175,6,2,11,2,116,52.0,357.498
350.572521,1,6,25,5,195,58.0,1200.0
350.572521,2,5,14,5,128,60.0,1451.0
350.5725225,3,13,25,7,238,61.0,2140.0
350.5725455,6,66,14,4,175,54.0,646.163
350.572549,5,1,10,1,59,53.0,322.789
353.569735,1,6,20,4,160,56.0,769.417
353.569735,2,2,11,2,80,57.0,712.598
353.5697365,3,13,22,6,241,60.0,1437.0
353.5697595,6,1,11,2,119,53.0,389.794
353.569766,5,14,8,1,36,51.0,175.601
353.666539,1,6,24,5,195,58.0,1235.0
353.6665405,3,13,25,7,241,61.0,2193.0
353.666542,2,2,15,4,122,59.0,1257.0
353.6665635,6,66,15,3,120,54.0,598.585
353.666567,5,29,11,1,59,54.0,325.497
356.608802,1,6,21,4,160,56.0,782.634
356.6088035,3,13,22,6,241,59.0,1437.0
356.608807,2,1,9,2,75,56.0,583.619
356.6088265,6,1,11,2,119,53.0,396.457
356.608833,5,14,8,1,37,51.0,177.94
356.705636,1,5,25,6,194,58.0,1299.0
356.7056405,3,9,25,7,237,61.0,2198.0
356.705641,2,1,16,5,125,59.0,1279.0
356.7056625,6,1,16,3,120,54.0,610.729
356.705666,5,32,11,1,62,54.0,345.837
359.679892,1,6,20,4,160,57.0,795.181
359.6798935,3,13,21,6,241,60.0,1443.0
359.679894,2,3,11,3,81,57.0,792.956
359.6799165,6,1,12,2,119,53.0,398.988
359.679923,5,1,8,1,36,51.0,180.197
359.776703,1,5,26,6,194,58.0,1319.0
359.7767075,3,9,25,7,240,61.0,2226.0
359.776708,2,2,17,6,189,59.0,1508.0
359.7767295,6,66,15,4,175,55.0,683.198
359.776733,5,32,10,1,59,53.0,336.308
362.837776,1,1,19,4,159,56.0,807.872
362.8377805,3,9,21,6,234,60.0,1447.0
362.837781,2,1,10,4,122,58.0,910.28
362.837806,5,32,9,1,43,52.0,206.603
362.8378065,6,2,12,2,116,52.0,389.561
362.934636,1,6,24,5,163,58.0,1219.0
362.9346375,3,13,27,7,244,61.0,2254.0
362.934639,2,2,15,6,192,59.0,1505.0
362.9346605,6,1,14,4,175,55.0,689.853
362.934664,5,17,10,1,59,54.0,347.21
366.005506,1,9,19,4,157,56.0,790.824
366.0055075,3,13,21,5,152,60.0,1400.0
366.005508,2,1,11,4,123,56.0,879.89
366.0055335,6,2,11,2,116,53.0,394.557
366.005536,5,1,8,1,40,53.0,199.996
369.140851,1,9,21,4,162,57.0,829.642
369.1408525,3,9,22,6,234,60.0,1467.0
369.140853,2,1,9,2,78,57.0,669.153
369.1408785,6,2,12,2,116,53.0,397.867
369.140881,5,1,8,1,40,52.0,193.818
372.240464,1,1,20,4,162,56.0,845.727
372.2404655,3,9,22,6,234,60.0,1486.0
372.240469,2,1,10,3,119,56.0,780.228
372.2404915,6,2,11,2,116,53.0,403.909
372.240494,5,29,9,1,40,53.0,209.576
375.328474,1,6,22,4,165,56.0,871.341
375.3284755,3,13,22,5,152,60.0,1431.0
375.328477,2,2,13,2,80,57.0,712.443
375.3285015,6,66,11,2,116,53.0,418.388
375.328505,5,1,9,1,42,52.0,218.403
378.824731,1,9,22,4,162,56.0,873.43
378.824731,2,1,13,3,80,58.0,714.344
378.8247325,3,13,22,6,237,60.0,1517.0
378.8247555,6,1,12,2,119,53.0,446.954
378.824765,5,1,8,1,39,53.0,207.473
382.324421,1,9,21,4,173,57.0,921.257
382.3244225,3,9,22,6,196,60.0,1513.0
382.324423,2,1,11,4,128,57.0,837.423
382.324448,5,32,8,1,43,53.0,239.408
382.3244485,6,62,12,2,116,53.0,436.683
385.481414,1,6,23,4,173,57.0,943.276
385.4814155,3,13,22,6,196,60.0,1539.0
385.481416,2,1,11,4,140,56.0,880.495
385.4814415,6,2,12,2,116,53.0,440.364
385.481444,5,2,8,1,40,53.0,229.152
388.66629,1,9,23,5,193,57.0,1012.0
388.6662915,3,9,22,5,151,60.0,1514.0
388.666292,2,1,11,3,108,57.0,757.497
388.6663135,6,1,14,2,119,53.0,478.294
388.666317,5,1,8,1,43,52.0,250.18
391.763322,1,6,24,5,190,57.0,1026.0
391.7633235,3,13,22,5,152,60.0,1526.0
391.763324,2,1,11,3,122,56.0,807.967
391.7633495,6,62,13,2,115,53.0,457.387
391.763352,5,29,8,1,40,53.0,230.213
539.4014445,6,1,1,0,1,45.0,0.0
582.9379805,6,1,1,0,1,45.0,0.0
885.4570455,6,2,16,5,183,65.0,2256.0
885.457048,5,6,16,4,146,61.0,1101.0
885.45707,1,6,22,5,134,61.0,1390.0
885.4570735,3,9,13,4,188,61.0,883.869
885.457085,2,54,13,5,110,60.0,1876.0
910.063962,1,12,28,9,195,62.0,2992.0
910.0639635,3,13,32,10,220,63.0,3328.0
910.063964,2,9,23,12,171,62.0,5069.0
910.0639745,6,29,24,6,229,58.0,1552.0
910.063987,5,1,13,2,52,55.0,741.245
919.9139,1,1,6,0,47,50.0,90.388
919.9139035,6,2,2,0,3,51.0,28.261
919.913925,2,2,1,0,2,51.0,25.269
928.986255,1,12,28,8,194,62.0,3017.0
928.9862565,3,9,32,10,220,62.0,3297.0
928.986257,2,77,24,12,167,62.0,5263.0
928.9862755,6,24,26,6,224,58.0,1530.0
928.98628,5,5,13,4,192,56.0,882.528
932.145162,1,9,27,8,195,62.0,3037.0
932.1451635,3,10,33,10,227,63.0,3312.0
932.145164,2,6,25,11,168,62.0,5192.0
932.1451785,6,29,27,6,219,59.0,1513.0
932.145187,5,20,14,3,119,57.0,843.476
935.301305,1,15,29,9,197,62.0,3085.0
935.3013095,3,9,31,10,223,62.0,3302.0
935.30131,2,77,26,12,170,62.0,5308.0
935.3013235,6,29,27,7,232,58.0,1559.0
935.301333,5,5,13,4,192,57.0,883.545
938.460275,1,12,28,9,194,62.0,3038.0
938.4602765,3,13,32,10,223,63.0,3312.0
938.460277,2,9,27,11,164,62.0,5196.0
938.4602955,6,21,25,7,233,58.0,1567.0
938.4603,5,2,13,2,54,56.0,773.408
941.626004,1,12,27,9,194,62.0,3051.0
941.6260055,3,13,30,10,220,63.0,3310.0
941.626006,2,77,26,12,206,62.0,5204.0
941.6260165,6,29,26,7,238,58.0,1581.0
941.626029,5,2,13,2,57,56.0,771.003
944.711186,1,6,25,7,195,60.0,2012.0
944.7111875,3,10,27,7,183,60.0,2100.0
944.711189,2,5,21,9,167,60.0,3440.0
944.7112075,6,24,21,3,96,56.0,829.56
944.711214,5,17,10,2,52,55.0,468.272
944.806928,2,80,26,12,173,62.0,5334.0
944.806929,1,12,28,8,194,62.0,3059.0
944.8069305,3,9,32,10,223,62.0,3279.0
944.8069445,6,29,26,7,232,58.0,1563.0
944.806954,5,5,14,4,192,56.0,867.766
947.734063,1,15,30,9,197,62.0,3111.0
947.7340675,3,9,30,10,223,62.0,3300.0
947.734068,2,77,27,11,170,63.0,5234.0
947.7340865,6,24,27,7,227,58.0,1533.0
947.734091,5,5,12,4,192,57.0,873.249
947.830167,1,12,23,7,194,60.0,2011.0
947.830169,2,77,22,9,170,61.0,3440.0
947.8301705,3,7,27,7,180,60.0,2071.0
947.8301875,6,24,22,3,114,56.0,853.57
947.830192,5,5,11,2,54,56.0,511.789
947.9267,1,12,29,9,194,63.0,3062.0
947.9267015,3,13,31,9,202,63.0,3274.0
947.926702,2,77,27,15,335,63.0,5765.0
947.9267165,6,25,25,7,237,58.0,1582.0
947.926725,5,2,13,2,54,56.0,774.11
950.766186,1,9,28,9,194,62.0,3064.0
950.7661875,3,13,32,10,220,63.0,3275.0
950.766188,2,77,27,12,170,62.0,5247.0
950.7662015,6,29,26,7,235,58.0,1575.0
950.766211,5,5,15,4,192,56.0,896.035
950.862031,2,2,22,9,137,60.0,3420.0
950.862031,1,12,24,7,195,60.0,2021.0
950.8620325,3,13,26,7,182,61.0,2092.0
950.8620525,6,1,21,5,193,57.0,934.684
950.862056,5,20,11,2,52,55.0,503.483
950.958977,1,15,29,9,197,62.0,3118.0
950.9589815,3,9,32,10,223,62.0,3325.0
950.958982,2,77,26,13,221,62.0,5436.0
950.9590005,6,24,27,7,233,58.0,1563.0
950.959005,5,5,13,2,54,57.0,775.459
953.91212,1,12,25,7,194,61.0,2024.0
953.9121215,3,13,27,7,199,61.0,2127.0
953.912122,2,77,22,8,134,60.0,3254.0
953.9121405,6,24,20,5,218,56.0,989.734
953.912145,5,2,10,2,51,55.0,501.36
954.007998,1,9,29,9,195,62.0,3095.0
954.007998,2,11,28,14,269,63.0,5731.0
954.0079995,3,13,32,10,227,63.0,3340.0
954.0080105,6,1,28,7,238,58.0,1582.0
954.008023,5,20,14,3,119,57.0,846.933
957.006314,1,12,24,7,194,61.0,2024.0
957.0063155,3,13,26,7,199,61.0,2117.0
957.006316,2,9,22,9,164,61.0,3464.0
957.0063345,6,1,19,5,221,56.0,988.639
957.006339,5,2,10,2,51,55.0,494.537
957.102056,1,12,29,9,194,63.0,3089.0
957.1020575,3,13,32,10,220,63.0,3274.0
957.102058,2,77,28,14,261,62.0,5499.0
957.1020765,6,25,26,7,233,57.0,1555.0
957.102081,5,2,12,2,57,56.0,779.416
960.17204,1,12,24,7,194,61.0,2032.0
960.1720415,3,13,28,7,182,61.0,2118.0
960.172042,2,77,22,9,164,61.0,3596.0
960.1720605,6,1,20,5,224,56.0,1008.0
960.172065,5,2,10,2,48,55.0,489.154
960.26791,1,15,29,9,197,62.0,3138.0
960.2679145,3,9,32,10,223,62.0,3282.0
960.267915,2,77,27,15,334,62.0,5610.0
960.2679285,6,29,27,7,232,58.0,1565.0
960.267938,5,5,13,4,192,57.0,881.747
963.33298,1,12,24,7,192,61.0,2019.0
963.3329815,3,13,27,7,196,61.0,2116.0
963.332982,2,9,22,9,164,61.0,3492.0
963.3330005,6,21,20,5,221,56.0,994.688
963.333005,5,1,11,2,52,54.0,509.376
963.429787,1,12,29,9,194,63.0,3099.0
963.4297885,3,13,31,10,220,63.0,3272.0
963.429789,2,77,27,13,221,63.0,5545.0
963.4298075,6,24,27,7,233,58.0,1553.0
963.429812,5,5,13,2,62,56.0,783.375
966.453002,1,12,24,7,195,61.0,2046.0
966.4530035,3,13,28,7,182,61.0,2089.0
966.453004,2,3,22,9,168,60.0,3418.0
966.4530235,6,1,22,5,193,57.0,937.521
966.453027,5,20,11,2,52,56.0,510.112
966.548775,1,12,29,9,195,63.0,3113.0
966.548775,2,2,29,15,334,62.0,5815.0
966.5487765,3,13,32,10,227,63.0,3299.0
966.5487875,6,1,29,7,232,58.0,1557.0
966.5488,5,17,14,2,52,56.0,761.83
969.51999,1,12,28,9,195,62.0,3117.0
969.51999,2,76,28,13,206,62.0,5419.0
969.5199915,3,6,33,10,227,63.0,3296.0
969.5200065,6,1,28,7,225,58.0,1539.0
969.520015,5,20,13,2,55,57.0,779.806
969.615845,1,12,25,7,195,60.0,2043.0
969.615845,2,2,21,8,137,61.0,3468.0
969.6158465,3,13,28,8,224,61.0,2159.0
969.6158665,6,1,22,5,193,57.0,937.139
969.61587,5,20,11,2,52,56.0,503.743
969.712499,1,12,29,9,194,63.0,3125.0
969.7125005,3,13,33,10,220,63.0,3276.0
969.712501,2,77,27,12,170,62.0,5213.0
969.7125195,6,24,27,7,233,57.0,1555.0
969.712524,5,2,12,2,51,56.0,752.84
972.638967,1,12,29,9,194,63.0,3126.0
972.6389685,3,13,32,10,214,63.0,3271.0
972.638969,2,9,26,15,335,63.0,5575.0
972.6389795,6,29,27,7,241,58.0,1584.0
972.638992,5,17,13,2,52,56.0,763.514
972.734829,1,12,26,7,192,61.0,2038.0
972.7348305,3,13,29,7,182,61.0,2091.0
972.734831,2,9,25,9,164,60.0,3394.0
972.7348505,6,1,22,5,196,56.0,940.344
972.734854,5,1,11,2,52,55.0,506.337
972.830661,1,9,28,9,195,62.0,3133.0
972.8306625,3,6,31,10,227,63.0,3296.0
972.830663,2,9,25,12,171,62.0,5245.0
972.8306775,6,1,27,7,219,58.0,1523.0
972.830686,5,20,13,2,55,57.0,781.272
975.817878,1,12,25,7,192,61.0,2048.0
975.8178795,3,13,28,8,224,61.0,2167.0
975.81788,2,9,23,8,135,61.0,3267.0
975.8178995,6,1,22,5,196,56.0,943.916
975.817903,5,1,11,2,52,55.0,508.142
975.913918,1,15,29,9,197,62.0,3190.0
975.9139225,3,9,31,10,223,62.0,3307.0
975.913923,2,77,26,12,170,62.0,5325.0
975.9139365,6,29,28,7,232,58.0,1556.0
975.913946,5,5,13,4,192,57.0,891.159
978.897171,2,11,29,13,220,62.0,5709.0
978.897171,1,12,29,9,195,63.0,3151.0
978.8971725,3,13,32,10,227,63.0,3308.0
978.8971835,6,1,29,7,238,58.0,1578.0
978.897185,5,31,15,3,66,57.0,827.949
978.99294,1,12,25,7,194,61.0,2063.0
978.9929415,3,13,27,7,196,61.0,2101.0
978.992942,2,77,22,8,134,61.0,3266.0
978.9929605,6,1,21,5,230,56.0,1012.0
978.992965,5,2,10,2,51,55.0,504.398
979.088658,2,8,26,12,173,62.0,5387.0
979.088658,1,9,28,9,195,62.0,3155.0
979.0886595,3,10,31,10,227,63.0,3270.0
979.0886745,6,29,28,5,164,58.0,1367.0
979.088683,5,20,13,2,55,57.0,777.48
982.14367,1,6,23,7,195,60.0,2075.0
982.14367,2,5,26,10,173,61.0,3803.0
982.1436715,3,10,26,8,224,61.0,2149.0
982.1436915,6,24,22,3,96,56.0,810.718
982.143698,5,17,10,2,52,56.0,468.895
982.239735,1,8,27,9,197,62.0,3217.0
982.239737,2,8,29,12,170,62.0,5294.0
982.2397385,3,10,32,9,183,63.0,3201.0
982.2397535,6,29,29,5,122,58.0,1311.0
982.239762,5,20,13,4,193,57.0,891.99
985.310848,1,12,26,7,194,61.0,2064.0
985.3108495,3,13,26,7,182,61.0,2098.0
985.31085,2,77,23,9,170,61.0,3515.0
985.3108685,6,21,21,5,218,56.0,982.663
985.310873,5,1,10,2,48,54.0,501.47
985.406583,1,15,29,9,197,62.0,3211.0
985.406585,2,80,27,12,173,62.0,5365.0
985.4065875,3,9,32,9,220,62.0,3268.0
985.4066015,6,29,29,7,238,58.0,1571.0
985.406611,5,5,13,2,54,57.0,782.878
988.421559,1,8,27,9,200,62.0,3236.0
988.421561,2,8,29,13,209,63.0,5565.0
988.4215655,3,7,31,9,221,62.0,3193.0
988.4215775,6,29,28,7,229,58.0,1554.0
988.421586,5,20,14,4,193,57.0,909.189
988.517704,1,12,25,7,195,61.0,2075.0
988.5177055,3,13,27,7,182,61.0,2071.0
988.517706,2,1,21,8,135,61.0,3356.0
988.5177255,6,1,22,5,193,57.0,933.625
988.517729,5,20,10,2,52,55.0,509.544
988.614227,1,12,29,9,195,62.0,3177.0
988.614227,2,8,26,12,170,62.0,5427.0
988.6142285,3,7,32,10,224,62.0,3263.0
988.6142435,6,1,29,6,201,58.0,1474.0
988.614252,5,20,12,2,55,57.0,776.949
991.568512,1,12,28,9,194,63.0,3172.0
991.5685135,3,13,31,9,199,63.0,3209.0
991.568514,2,77,27,14,267,62.0,5527.0
991.5685325,6,24,27,7,230,58.0,1536.0
991.568537,5,5,13,3,112,57.0,834.283
991.664345,1,12,24,7,195,61.0,2082.0
991.664345,2,11,22,8,140,60.0,3372.0
991.6643465,3,13,27,8,224,61.0,2143.0
991.6643665,6,1,22,5,193,56.0,928.186
991.66437,5,20,11,2,52,55.0,498.916
991.760184,1,12,29,9,195,63.0,3186.0
991.760184,2,11,27,12,170,62.0,5399.0
991.7601855,3,13,32,10,224,63.0,3293.0
991.7601965,6,1,29,7,229,58.0,1543.0
991.760209,5,20,14,2,55,57.0,786.742
994.730405,1,9,28,9,195,62.0,3204.0
994.730405,2,8,28,15,337,63.0,5838.0
994.7304065,3,10,31,10,224,63.0,3286.0
994.7304215,6,29,29,6,199,58.0,1455.0
994.73043,5,20,13,4,193,58.0,903.022
994.826251,1,12,26,7,195,61.0,2093.0
994.8262525,3,13,27,7,182,61.0,2092.0
994.826253,2,6,23,9,138,61.0,3406.0
994.8262725,6,1,21,5,193,56.0,927.403
994.826276,5,1,11,2,52,55.0,505.556
994.922367,1,12,28,9,194,63.0,3193.0
994.9223685,3,13,33,9,214,63.0,3252.0
994.922369,2,77,26,13,221,63.0,5432.0
994.9223825,6,29,29,7,238,58.0,1568.0
994.922392,5,5,12,3,112,56.0,843.813
997.780564,1,12,25,7,194,61.0,2095.0
997.7805655,3,9,26,7,182,61.0,2097.0
997.780566,2,77,21,9,170,61.0,3395.0
997.7805845,6,24,21,5,218,56.0,981.454
997.780589,5,2,9,2,51,55.0,508.022
997.876336,1,9,28,9,198,62.0,3210.0
997.876336,2,8,26,13,203,62.0,5543.0
997.8763375,3,10,31,10,224,63.0,3272.0
997.8763525,6,29,28,5,122,58.0,1293.0
997.876361,5,20,13,2,55,58.0,794.592
997.972214,1,12,25,7,194,61.0,2098.0
997.9722155,3,13,27,7,182,61.0,2105.0
997.972216,2,77,22,8,137,60.0,3190.0
997.9722345,6,24,20,5,224,56.0,991.013
997.972239,5,2,10,2,51,55.0,506.293
998.068028,1,12,29,9,195,63.0,3201.0
998.0680295,3,13,33,10,227,63.0,3281.0
998.06803,2,6,25,12,168,63.0,5297.0
998.0680405,6,1,29,6,205,58.0,1470.0
998.068053,5,20,14,2,55,57.0,784.504
1000.84781,1,12,25,7,194,61.0,2099.0
1000.8478115,3,13,26,7,182,61.0,2089.0
1000.847812,2,9,22,9,164,61.0,3499.0
1000.8478305,6,21,22,5,221,56.0,988.069
1000.847835,5,2,10,2,51,54.0,500.022
1000.943466,1,15,28,9,200,62.0,3251.0
1000.9434705,3,9,30,9,220,62.0,3252.0
1000.943471,2,77,27,13,221,63.0,5535.0
1000.9434845,6,29,28,7,238,58.0,1562.0
1000.943494,5,5,13,4,192,57.0,886.762
1001.039247,1,12,25,7,194,61.0,2102.0
1001.0392485,3,13,27,7,182,61.0,2099.0
1001.039249,2,77,23,12,335,61.0,3847.0
1001.0392675,6,1,21,5,230,56.0,1006.0
1001.039272,5,2,10,2,51,55.0,515.939
1001.106601,5,3,1,0,4,47.0,21.028
1001.135096,1,9,28,9,198,62.0,3219.0
1001.135096,2,8,28,12,206,62.0,5515.0
1001.1350975,3,10,33,10,224,63.0,3289.0
1001.1351125,6,29,29,6,199,58.0,1448.0
1001.135121,5,20,13,4,193,57.0,895.745
1003.916612,1,12,26,7,194,61.0,2102.0
1003.9166135,3,13,26,7,182,61.0,2090.0
1003.916614,2,1,22,10,224,60.0,3485.0
1003.9166325,6,24,20,5,224,56.0,989.57
1003.916637,5,2,10,2,51,55.0,504.235
1004.013292,1,12,28,9,194,63.0,3202.0
1004.0132935,3,13,31,9,214,63.0,3237.0
1004.013294,2,77,27,13,224,63.0,5536.0
1004.0133045,6,29,29,7,241,58.0,1564.0
1004.013317,5,1,14,2,52,56.0,763.562
1004.109308,1,9,25,7,195,60.0,2118.0
1004.109308,2,8,23,9,170,60.0,3520.0
1004.1093095,3,10,25,8,224,61.0,2163.0
1004.1093295,6,7,23,3,114,56.0,826.553
1004.109336,5,17,10,2,52,56.0,472.776
1004.206149,1,9,28,9,195,62.0,3221.0
1004.2061505,3,10,32,10,224,63.0,3246.0
1004.206151,2,6,27,13,227,62.0,5633.0
1004.2061655,6,12,29,6,201,58.0,1459.0
1004.206174,5,20,13,4,193,57.0,881.281
1007.006837,1,6,24,7,195,60.0,2117.0
1007.00684,2,77,22,9,170,60.0,3528.0
1007.0068415,3,7,25,7,180,60.0,2027.0
1007.0068585,6,24,22,5,194,56.0,927.637
1007.006865,5,17,10,2,49,56.0,467.828
1007.102643,2,79,28,14,267,63.0,5858.0
1007.102643,1,12,28,9,195,63.0,3224.0
1007.1026445,3,13,32,10,227,63.0,3259.0
1007.1026555,6,29,29,7,241,58.0,1570.0
1007.102668,5,17,13,2,55,56.0,784.458
1007.198327,1,12,24,7,195,61.0,2117.0
1007.1983285,3,13,26,7,182,61.0,2105.0
1007.198329,2,9,23,9,164,61.0,3566.0
1007.1983485,6,1,23,5,193,56.0,928.708
1007.198352,5,20,11,2,52,56.0,522.2
1007.29418,1,12,29,9,195,63.0,3209.0
1007.2941815,3,13,32,9,196,63.0,3210.0
1007.294182,2,9,28,13,207,63.0,5391.0
1007.2941925,6,29,30,7,238,58.0,1562.0
1007.294205,5,1,13,2,52,56.0,763.591
1010.072944,1,12,25,7,194,61.0,2104.0
1010.0729455,3,13,26,7,182,61.0,2082.0
1010.072946,2,9,21,9,167,60.0,3511.0
1010.0729645,6,21,21,5,224,56.0,986.533
1010.072969,5,2,10,2,48,55.0,497.735
1010.168616,1,12,28,9,198,63.0,3227.0
1010.1686175,3,13,32,10,224,63.0,3247.0
1010.168618,2,9,29,12,168,63.0,5382.0
1010.1686285,6,1,30,6,205,58.0,1470.0
1010.168641,5,20,12,2,55,57.0,796.739
1010.264394,1,12,25,7,195,61.0,2113.0
1010.2643955,3,10,25,7,183,61.0,2082.0
1010.264396,2,9,22,9,174,61.0,3465.0
1010.2644155,6,1,22,3,96,57.0,799.573
1010.264419,5,20,10,2,55,56.0,512.953
1010.360244,1,12,29,9,194,63.0,3234.0
1010.3602455,3,13,31,9,196,63.0,3202.0
1010.360246,2,77,29,13,227,63.0,5655.0
1010.3602595,6,30,29,7,235,58.0,1558.0
1010.360269,5,2,12,2,52,56.0,770.192
1013.045981,1,15,29,9,197,62.0,3292.0
1013.045983,2,80,29,12,173,62.0,5345.0
1013.0459855,3,9,30,9,220,63.0,3279.0
1013.0460045,6,24,28,7,233,58.0,1539.0
1013.046008,5,6,12,2,55,57.0,799.678
1013.141762,1,12,26,7,194,61.0,2119.0
1013.1417635,3,9,25,7,182,61.0,2100.0
1013.141764,2,1,23,10,221,61.0,3484.0
1013.1417825,6,24,21,5,230,56.0,992.105
1013.141787,5,2,10,2,51,55.0,497.216
1013.238435,1,12,28,9,194,63.0,3237.0
1013.2384365,3,13,31,9,214,63.0,3252.0
1013.238437,2,77,29,13,227,63.0,5603.0
1013.2384555,6,24,29,7,233,58.0,1538.0
1013.23846,5,2,11,2,52,57.0,767.008
1013.334456,1,12,25,7,194,61.0,2114.0
1013.3344575,3,13,26,7,182,61.0,2101.0
1013.334458,2,77,20,9,170,61.0,3495.0
1013.3344765,6,24,21,5,197,56.0,932.798
1013.334481,5,2,10,2,51,55.0,505.182
1013.430295,1,12,29,9,194,63.0,3229.0
1013.4302965,3,13,30,9,220,63.0,3259.0
1013.430297,2,9,31,13,224,62.0,5493.0
1013.4303155,6,24,28,7,233,58.0,1542.0
1013.43032,5,5,13,2,51,57.0,781.544
1016.087242,1,12,29,9,195,63.0,3246.0
1016.0872435,3,6,31,10,224,63.0,3257.0
1016.087244,2,6,27,12,168,62.0,5431.0
1016.087256,5,31,13,3,66,57.0,835.587
1016.0872585,6,1,29,6,201,58.0,1447.0
1016.183008,2,2,24,10,170,61.0,3581.0
1016.183008,1,12,24,7,195,61.0,2121.0
1016.1830095,3,6,26,8,224,61.0,2138.0
1016.1830295,6,1,22,3,100,57.0,799.965
1016.183033,5,20,11,2,52,56.0,505.971
1016.278728,1,12,28,9,194,63.0,3242.0
1016.2787295,3,13,32,9,196,63.0,3203.0
1016.27873,2,9,27,13,224,63.0,5604.0
1016.2787485,6,21,28,7,230,58.0,1530.0
1016.278753,5,2,13,2,51,57.0,765.078
1016.374561,1,9,24,7,195,60.0,2143.0
1016.3745625,3,10,26,7,183,61.0,2097.0
1016.374564,2,2,22,9,170,60.0,3548.0
1016.3745825,6,7,22,5,194,57.0,927.923
1016.374586,5,20,10,2,55,56.0,527.265
1016.470392,1,8,29,9,200,62.0,3310.0
1016.4703955,3,10,31,9,224,62.0,3261.0
1016.470397,2,77,27,14,267,62.0,5644.0
1016.4704105,6,29,27,7,232,58.0,1531.0
1016.470419,5,20,12,3,113,57.0,848.434
1019.240016,1,12,26,7,194,61.0,2141.0
1019.2400175,3,13,27,7,182,61.0,2080.0
1019.240018,2,1,22,8,135,61.0,3340.0
1019.2400365,6,21,21,5,197,55.0,931.728
1019.240041,5,2,9,2,48,54.0,495.078
1019.335784,2,12,27,13,224,62.0,5602.0
1019.335785,1,12,29,9,194,63.0,3255.0
1019.3357865,3,13,30,9,214,63.0,3224.0
1019.3358055,6,24,29,7,233,58.0,1532.0
1019.33581,5,5,12,2,51,57.0,777.114
1019.431644,1,9,24,7,195,61.0,2140.0
1019.4316455,3,13,27,7,182,61.0,2072.0
1019.431646,2,9,22,10,224,61.0,3486.0
1019.4316645,6,2,22,5,197,56.0,936.175
1019.431669,5,1,11,2,52,55.0,513.845
1019.52829,1,12,29,9,195,63.0,3258.0
1019.5282915,3,13,31,9,182,63.0,3179.0
1019.528292,2,9,26,12,168,63.0,5312.0
1019.5283025,6,1,30,6,205,58.0,1457.0
1019.528315,5,20,13,2,55,57.0,789.349
1022.480725,1,12,28,9,198,63.0,3294.0
1022.480725,2,5,27,13,229,63.0,5645.0
1022.4807265,3,6,30,10,224,63.0,3245.0
1022.4807415,6,1,30,6,201,58.0,1451.0
1022.48075,5,20,13,2,55,57.0,782.719
1022.57657,1,12,25,7,194,61.0,2155.0
1022.5765715,3,9,27,7,182,61.0,2077.0
1022.576572,2,1,23,10,224,61.0,3560.0
1022.5765905,6,24,23,5,230,56.0,993.339
1022.576595,5,5,9,2,51,55.0,511.857
1022.6726,1,12,28,9,198,63.0,3277.0
1022.6726015,3,13,32,11,310,63.0,3319.0
1022.672602,2,9,28,11,164,62.0,5251.0
1022.6726125,6,1,30,6,205,58.0,1460.0
1022.672625,5,20,12,2,55,57.0,797.301
1025.605816,1,6,25,7,195,60.0,2156.0
1025.6058175,3,10,26,7,183,61.0,2077.0
1025.605819,2,2,22,8,137,60.0,3309.0
1025.6058375,6,24,23,5,221,56.0,977.83
1025.605844,5,17,9,2,49,56.0,468.922
1025.701559,1,12,28,9,195,63.0,3273.0
1025.7015605,3,13,31,9,214,63.0,3218.0
1025.701561,2,9,27,13,221,63.0,5425.0
1025.70157,5,16,14,3,66,57.0,833.236
1025.7015795,6,25,29,7,233,57.0,1533.0
1025.797411,1,12,25,7,195,61.0,2152.0
1025.7974125,3,13,26,7,182,61.0,2078.0
1025.797413,2,9,22,9,167,61.0,3369.0
1025.7974355,6,2,22,4,190,56.0,903.471
1025.797436,5,17,11,2,52,55.0,519.899
1025.894031,1,12,28,9,198,62.0,3281.0
1025.894031,2,8,26,12,170,62.0,5261.0
1025.8940325,3,10,32,10,224,63.0,3264.0
1025.8940435,6,16,29,5,168,58.0,1343.0
1025.894045,5,31,13,4,204,57.0,939.412
1028.682763,1,9,27,9,198,62.0,3311.0
1028.682763,2,80,25,12,170,62.0,5415.0
1028.6827645,3,10,32,9,221,62.0,3256.0
1028.682777,5,31,12,4,204,57.0,939.664
1028.6827795,6,29,29,7,232,58.0,1530.0
1028.778862,1,12,25,7,195,61.0,2153.0
1028.7788635,3,13,28,8,224,61.0,2126.0
1028.778864,2,9,22,9,164,61.0,3500.0
1028.7788865,6,2,23,4,190,56.0,890.322
1028.778887,5,1,11,2,48,55.0,487.426
1028.874657,1,8,29,9,200,62.0,3336.0
1028.874659,2,8,30,14,264,62.0,5589.0
1028.8746605,3,10,31,9,221,63.0,3255.0
1028.8746755,6,29,29,7,235,58.0,1553.0
1028.874684,5,20,13,3,113,57.0,854.876
1028.970348,1,12,25,7,192,61.0,2133.0
1028.9703495,3,13,28,7,182,61.0,2060.0
1028.97035,2,9,24,10,204,61.0,3553.0
1028.9703685,6,21,23,5,200,56.0,938.142
1028.970373,5,2,10,2,51,55.0,513.687
1029.066118,1,15,30,9,200,62.0,3343.0
1029.0661225,3,9,31,9,211,63.0,3218.0
1029.066123,2,77,29,13,224,62.0,5478.0
1029.0661365,6,29,29,7,238,58.0,1548.0
1029.066146,5,5,12,3,112,57.0,847.458
1031.744802,1,12,29,9,195,63.0,3290.0
1031.7448035,3,13,32,10,224,63.0,3231.0
1031.744804,2,9,26,12,204,62.0,5356.0
1031.7448185,6,25,29,6,201,58.0,1457.0
1031.744827,5,20,12,2,55,57.0,800.006
1031.84066,1,12,25,7,194,61.0,2162.0
1031.8406615,3,13,26,7,182,61.0,2081.0
1031.840662,2,77,21,9,167,60.0,3275.0
1031.8406805,6,24,22,5,200,56.0,942.585
1031.840685,5,2,10,2,48,55.0,508.31
1031.936702,1,12,29,9,198,62.0,3309.0
1031.936702,2,8,27,12,170,62.0,5328.0
1031.9367035,3,10,31,9,224,63.0,3244.0
1031.936716,5,31,12,3,66,58.0,839.391
1031.9367185,6,12,29,7,226,58.0,1504.0
1032.032466,1,12,25,7,194,61.0,2172.0
1032.0324675,3,10,26,7,182,61.0,2082.0
1032.032468,2,9,25,8,137,60.0,3183.0
1032.0324865,6,24,20,5,200,56.0,933.892
1032.032491,5,2,10,2,51,56.0,523.58
1032.128184,1,12,29,9,195,63.0,3308.0
1032.1281855,3,6,31,9,224,63.0,3233.0
1032.128186,2,6,27,12,204,62.0,5479.0
1032.128198,5,31,13,4,204,57.0,942.969
1032.1282005,6,1,29,6,187,58.0,1393.0
1034.700302,1,9,24,7,195,61.0,2161.0
1034.7003035,3,10,26,8,224,61.0,2136.0
1034.700307,2,3,21,9,165,61.0,3249.0
1034.7003235,6,1,24,3,114,57.0,814.084
1034.700327,5,20,11,2,55,56.0,522.491
1034.796042,1,15,29,9,197,63.0,3346.0
1034.7960465,3,13,30,9,220,63.0,3251.0
1034.796047,2,77,29,13,221,63.0,5290.0
1034.7960605,6,29,29,7,238,58.0,1558.0
1034.79607,5,5,13,2,51,57.0,773.737
1034.891843,2,8,23,9,173,60.0,3601.0
1034.891844,1,5,25,7,194,60.0,2166.0
1034.8918475,3,7,26,7,180,61.0,2033.0
1034.8918645,6,24,21,5,218,56.0,956.124
1034.891871,5,3,9,2,49,55.0,453.465
1034.98761,1,12,27,9,194,63.0,3296.0
1034.9876115,3,13,31,9,214,63.0,3223.0
1034.987612,2,77,29,13,224,62.0,5528.0
1034.9876255,6,29,29,7,238,58.0,1551.0
1034.987635,5,5,12,2,51,57.0,785.511
1035.083431,1,12,26,7,194,61.0,2159.0
1035.0834325,3,10,25,7,182,61.0,2067.0
1035.083433,2,1,23,9,170,61.0,3485.0
1035.0834515,6,24,22,5,197,56.0,928.256
1035.083456,5,2,10,2,51,55.0,513.87
1035.179281,1,11,29,9,200,62.0,3357.0
1035.179283,2,8,29,12,173,63.0,5446.0
1035.1792845,3,10,31,9,221,63.0,3232.0
1035.1792995,6,29,29,7,235,58.0,1545.0
1035.179308,5,20,14,4,193,58.0,903.228
1037.7624,1,12,24,7,195,61.0,2171.0
1037.7624015,3,13,26,8,224,61.0,2121.0
1037.762402,2,9,22,8,138,61.0,3317.0
1037.7624215,6,1,22,3,96,56.0,786.092
1037.762425,5,20,11,2,55,56.0,530.455
1037.85816,1,15,28,9,197,62.0,3348.0
1037.8581635,3,10,31,9,215,62.0,3240.0
1037.858165,2,77,28,12,170,62.0,5234.0
1037.8581785,6,29,30,7,238,58.0,1541.0
1037.858187,5,6,13,2,58,57.0,797.271
1037.953927,1,12,25,7,192,61.0,2156.0
1037.9539285,3,13,28,8,224,61.0,2129.0
1037.953929,2,77,22,10,224,61.0,3518.0
1037.9539475,6,1,24,5,197,56.0,929.158
1037.953952,5,2,10,2,51,55.0,511.901
1038.049657,1,12,28,9,194,63.0,3306.0
1038.0496585,3,13,31,10,310,63.0,3314.0
1038.049659,2,9,29,13,227,63.0,5601.0
1038.0496775,6,24,29,7,230,58.0,1527.0
1038.049682,5,2,12,3,112,57.0,870.221
1038.145512,1,12,25,7,194,60.0,2167.0
1038.145514,2,77,23,9,170,60.0,3356.0
1038.1455155,3,7,26,7,180,61.0,2023.0
1038.1455325,6,24,21,5,230,56.0,988.922
1038.145537,5,5,10,2,51,56.0,519.001
1038.242173,1,12,29,9,198,63.0,3320.0
1038.242173,2,11,26,13,224,63.0,5431.0
1038.2421745,3,6,31,9,186,63.0,3186.0
1038.2421855,6,1,30,5,171,58.0,1347.0
1038.242198,5,20,12,2,55,57.0,796.835
1040.803255,2,11,20,8,137,61.0,3224.0
1040.803255,1,9,24,7,195,60.0,2178.0
1040.8032565,3,10,24,7,183,61.0,2068.0
1040.8032765,6,1,23,3,114,56.0,810.491
1040.80328,5,20,11,2,55,56.0,529.708
1040.899067,1,15,28,9,197,63.0,3370.0
1040.8990715,3,9,30,10,310,63.0,3284.0
1040.899072,2,77,28,13,224,62.0,5590.0
1040.8990855,6,29,28,7,238,58.0,1541.0
1040.899095,5,5,11,3,112,57.0,851.09
1040.995144,1,12,26,7,194,61.0,2167.0
1040.9951455,3,9,25,7,182,61.0,2067.0
1040.995146,2,1,21,9,167,61.0,3377.0
1040.9951645,6,24,21,5,224,56.0,975.748
1040.995169,5,5,10,2,51,55.0,524.781
1041.090882,1,12,29,9,195,63.0,3316.0
1041.0908835,3,13,32,9,183,63.0,3178.0
1041.090884,2,9,28,13,227,62.0,5429.0
1041.0908945,6,29,30,6,208,58.0,1468.0
1041.090907,5,20,13,2,52,57.0,780.371
1041.186631,1,12,25,7,192,61.0,2151.0
1041.1866325,3,13,26,7,182,61.0,2074.0
1041.186633,2,1,21,8,135,61.0,3202.0
1041.1866515,6,1,23,5,197,56.0,928.905
1041.186656,5,2,9,2,48,55.0,508.643
1041.28248,1,12,29,9,194,63.0,3308.0
1041.2824815,3,13,31,9,214,63.0,3208.0
1041.282482,2,9,27,13,224,63.0,5526.0
1041.2825005,6,24,29,7,233,58.0,1525.0
1041.282505,5,5,11,2,51,57.0,781.279
1043.978409,1,12,29,9,195,63.0,3324.0
1043.9784105,3,13,31,9,224,63.0,3237.0
1043.978411,2,9,28,14,268,62.0,5617.0
1043.9784215,6,1,30,6,202,58.0,1440.0
1043.978434,5,20,12,2,55,57.0,807.293
1044.074133,2,8,22,9,170,61.0,3455.0
1044.074133,1,6,25,7,195,60.0,2185.0
1044.0741375,3,7,25,7,180,61.0,2009.0
1044.0741545,6,24,21,5,194,56.0,912.424
1044.074161,5,17,11,2,49,56.0,476.878
1044.170678,1,12,29,9,198,63.0,3336.0
1044.1706795,3,13,31,9,221,63.0,3237.0
1044.17068,2,9,28,12,201,63.0,5336.0
1044.1706905,6,1,30,6,205,58.0,1453.0
1044.170703,5,20,12,2,55,57.0,804.889
1044.266746,1,9,25,7,195,61.0,2181.0
1044.2667475,3,13,25,7,179,61.0,2030.0
1044.266748,2,9,22,9,168,61.0,3446.0
1044.2667675,6,1,23,3,114,56.0,801.275
1044.266771,5,20,10,2,52,56.0,526.018
1044.36361,1,15,29,9,197,62.0,3375.0
1044.3636135,3,10,30,9,215,63.0,3222.0
1044.363615,2,5,27,11,170,62.0,5203.0
1044.3636285,6,29,29,7,238,58.0,1546.0
1044.363638,5,5,12,3,112,57.0,857.306
1047.114261,1,9,29,9,198,62.0,3339.0
1047.114261,2,8,28,14,270,62.0,5678.0
1047.1142625,3,10,30,9,221,63.0,3237.0
1047.1142735,6,33,30,7,242,58.0,1551.0
1047.114286,5,20,14,4,193,58.0,902.279
1047.210009,1,9,24,7,195,60.0,2183.0
1047.2100105,3,10,24,7,183,61.0,2062.0
1047.210012,2,2,24,9,170,61.0,3365.0
1047.2100305,6,7,23,3,114,56.0,809.7
1047.210034,5,20,11,2,55,56.0,532.215
1047.305751,1,15,30,9,197,63.0,3378.0
1047.3057555,3,9,30,10,310,63.0,3264.0
1047.305756,2,9,27,12,170,62.0,5290.0
1047.3057695,6,29,29,7,238,58.0,1542.0
1047.305779,5,5,11,2,51,57.0,795.998
1047.401609,1,12,26,7,195,61.0,2190.0
1047.4016105,3,13,26,8,224,61.0,2096.0
1047.401611,2,9,22,11,224,61.0,3814.0
1047.4016335,6,2,24,3,93,56.0,755.379
1047.401634,5,1,11,2,52,56.0,516.422
1047.497464,1,8,29,9,200,62.0,3399.0
1047.497467,2,7,28,13,229,62.0,5486.0
1047.4974675,3,10,29,9,218,63.0,3215.0
1047.4974825,6,29,29,7,238,58.0,1534.0
1047.497491,5,20,14,4,193,57.0,913.641
1050.162283,1,6,25,7,195,60.0,2195.0
1050.162283,2,8,23,9,173,61.0,3603.0
1050.1622875,3,7,25,7,180,61.0,2011.0
1050.1623045,6,24,22,5,230,56.0,993.655
1050.162311,5,17,11,2,49,56.0,472.773
1050.258042,1,9,29,9,198,62.0,3348.0
1050.258042,2,5,28,12,173,62.0,5299.0
1050.2580435,3,10,30,10,314,63.0,3279.0
1050.258056,5,31,13,3,66,58.0,846.881
1050.2580585,6,12,30,7,235,58.0,1535.0
1050.353852,2,5,23,12,335,60.0,3683.0
1050.353852,1,6,26,7,195,60.0,2191.0
1050.3538565,3,7,25,7,180,61.0,2021.0
1050.3538735,6,24,21,5,224,56.0,968.516
1050.35388,5,3,9,2,49,56.0,469.701
1050.450502,1,12,29,9,195,63.0,3343.0
1050.4505035,3,13,31,9,183,63.0,3145.0
1050.450504,2,9,27,13,221,62.0,5296.0
1050.4505145,6,29,31,6,208,58.0,1465.0
1050.450527,5,2,12,2,52,57.0,793.482
1050.545817,1,12,25,7,195,61.0,2189.0
1050.5458185,3,13,25,7,182,61.0,2058.0
1050.545819,2,9,21,10,224,61.0,3536.0
1050.5458375,6,1,24,3,118,56.0,817.168
1050.545842,5,1,11,2,48,55.0,502.366
1050.642405,1,15,29,9,197,62.0,3387.0
1050.642407,2,80,27,14,239,62.0,5773.0
1050.6424095,3,9,30,10,310,62.0,3295.0
1050.6424235,6,29,28,7,238,58.0,1544.0
1050.642433,5,5,12,3,112,57.0,853.527
1053.273396,1,9,25,7,195,61.0,2189.0
1053.2733975,3,13,24,7,183,61.0,2074.0
1053.273398,2,1,24,9,171,61.0,3548.0
1053.2734085,6,1,23,4,123,56.0,831.087
1053.273421,5,20,11,2,52,56.0,531.091
1053.369114,1,12,28,9,194,63.0,3339.0
1053.3691155,3,9,29,10,310,63.0,3270.0
1053.369116,2,1,26,13,227,62.0,5297.0
1053.3691295,6,29,29,7,235,58.0,1537.0
1053.369139,5,5,11,2,54,57.0,799.654
1053.464866,1,9,25,7,195,60.0,2195.0
1053.4648675,3,10,25,7,183,61.0,2066.0
1053.464869,2,5,24,8,137,61.0,3300.0
1053.4648875,6,1,22,3,114,56.0,809.599
1053.464891,5,20,10,2,55,56.0,528.865
1053.560684,1,11,29,9,200,62.0,3405.0
1053.560687,2,79,27,14,260,62.0,5473.0
1053.5606875,3,10,32,10,314,63.0,3338.0
1053.5607025,6,29,28,7,235,58.0,1527.0
1053.560711,5,20,13,4,193,57.0,930.016
1053.656532,1,12,25,7,192,61.0,2175.0
1053.6565335,3,13,26,7,182,61.0,2054.0
1053.656534,2,9,21,10,221,61.0,3629.0
1053.6565525,6,1,23,5,194,56.0,926.99
1053.656557,5,1,11,2,52,55.0,520.239
1053.752672,1,12,29,9,195,63.0,3351.0
1053.7526735,3,13,30,9,224,63.0,3244.0
1053.752674,2,77,27,13,230,63.0,5440.0
1053.7526875,6,30,30,6,205,57.0,1455.0
1053.752697,5,5,12,2,51,57.0,788.307
1056.338307,1,12,25,7,195,61.0,2203.0
1056.338307,2,11,25,9,170,61.0,3375.0
1056.3383085,3,6,26,7,183,61.0,2066.0
1056.3383285,6,1,24,3,114,56.0,804.536
1056.338332,5,20,10,2,52,56.0,516.314
1056.434111,1,12,29,9,195,63.0,3340.0
1056.4341125,3,13,31,9,224,63.0,3186.0
1056.434113,2,9,29,13,227,63.0,5350.0
1056.4341315,6,21,29,6,197,58.0,1423.0
1056.434136,5,20,12,2,52,57.0,787.386
1056.529918,1,12,24,7,195,61.0,2198.0
1056.5299195,3,13,26,7,183,61.0,2058.0
1056.52992,2,9,21,9,167,61.0,3450.0
1056.5299385,6,1,23,3,97,56.0,787.202
1056.529943,5,1,10,2,48,56.0,520.423
1056.625747,1,15,28,9,200,62.0,3409.0
1056.6257505,3,10,29,9,215,63.0,3197.0
1056.625752,2,77,27,13,224,62.0,5353.0
1056.6257655,6,29,30,7,238,58.0,1532.0
1056.625774,5,6,12,3,113,57.0,860.582
1056.721823,1,6,26,7,195,60.0,2218.0
1056.721823,2,8,24,9,173,60.0,3510.0
1056.7218245,3,10,24,7,183,61.0,2063.0
1056.7218445,6,24,21,5,230,56.0,977.788
1056.721848,5,20,10,2,52,56.0,519.951
1059.382359,1,12,26,7,194,61.0,2195.0
1059.3823605,3,13,26,7,182,61.0,2081.0
1059.382361,2,1,22,9,170,61.0,3323.0
1059.3823795,6,24,23,5,200,56.0,935.084
1059.382384,5,2,9,2,51,55.0,524.097
1059.478179,1,9,28,9,198,62.0,3365.0
1059.4781805,3,10,30,9,221,63.0,3220.0
1059.478181,2,6,29,13,222,62.0,5567.0
1059.4781915,6,16,30,7,239,58.0,1537.0
1059.478193,5,31,13,4,204,58.0,951.905
1059.574055,1,12,26,7,195,61.0,2194.0
1059.5740565,3,13,26,7,183,61.0,2072.0
1059.574057,2,9,22,9,164,61.0,3335.0
1059.5740675,6,1,24,3,105,56.0,801.172
1059.57408,5,20,11,2,52,56.0,522.868
1059.669851,1,8,28,9,200,62.0,3414.0
1059.669853,2,8,30,13,221,62.0,5493.0
1059.6698545,3,10,30,10,311,62.0,3290.0
1059.6698695,6,29,30,7,238,58.0,1540.0
1059.669878,5,20,13,2,55,58.0,819.846
1059.765895,1,12,25,7,192,61.0,2179.0
1059.7658965,3,13,27,7,182,61.0,2061.0
1059.765897,2,9,21,9,164,61.0,3420.0
1059.7659155,6,1,23,5,194,56.0,925.918
1059.76592,5,2,10,2,48,55.0,507.303
1059.861637,1,12,28,9,195,63.0,3358.0
1059.8616385,3,13,32,10,310,63.0,3284.0
1059.861639,2,9,28,13,227,62.0,5363.0
1059.8616575,6,24,29,6,200,58.0,1430.0
1059.861662,5,5,11,2,51,57.0,795.903
1062.500297,1,12,25,7,194,61.0,2201.0
1062.500299,2,1,24,10,221,60.0,3462.0
1062.5003005,3,7,26,7,180,61.0,2016.0
1062.5003175,6,24,22,5,197,56.0,927.984
1062.500322,5,5,9,2,51,56.0,529.03
1062.596136,1,12,29,9,195,63.0,3365.0
1062.5961375,3,13,30,9,224,63.0,3229.0
1062.596138,2,9,26,14,268,63.0,5680.0
1062.5961485,6,29,30,6,205,58.0,1459.0
1062.596161,5,20,12,2,55,57.0,804.174
1062.692261,1,12,26,7,195,61.0,2207.0
1062.6922625,3,13,26,7,183,61.0,2074.0
1062.692263,2,9,24,9,167,61.0,3329.0
1062.6922815,6,2,24,3,97,56.0,784.438
1062.692286,5,1,11,2,52,55.0,519.276
1062.788024,1,8,29,9,197,62.0,3421.0
1062.788026,2,80,26,13,224,62.0,5335.0
1062.7880275,3,10,31,9,215,62.0,3212.0
1062.7880425,6,29,31,7,238,58.0,1541.0
1062.788051,5,6,12,2,55,57.0,803.787
1062.883746,1,9,25,7,195,60.0,2209.0
1062.883746,2,8,22,9,173,61.0,3454.0
1062.8837475,3,10,25,7,183,61.0,2062.0
1062.8837675,6,24,22,5,194,56.0,915.526
1062.883774,5,17,10,2,49,56.0,472.934
1062.979517,1,15,29,9,197,63.0,3412.0
1062.9795215,3,13,30,10,310,63.0,3265.0
1062.979522,2,1,28,13,224,62.0,5303.0
1062.9795355,6,29,31,6,208,57.0,1457.0
1062.979545,5,5,12,2,51,57.0,781.939
1065.655234,1,9,26,7,195,60.0,2210.0
1065.655235,2,7,23,10,226,60.0,3583.0
1065.6552355,3,10,24,7,183,61.0,2046.0
1065.6552555,6,7,21,5,194,56.0,917.529
1065.655262,5,17,9,2,49,56.0,482.547
1065.751061,2,8,28,13,217,62.0,5559.0
1065.751061,1,9,28,9,198,62.0,3394.0
1065.7510625,3,10,29,10,311,63.0,3280.0
1065.751075,5,31,14,3,66,58.0,862.194
1065.7510775,6,29,28,7,238,58.0,1536.0
1065.846907,1,12,25,7,195,61.0,2199.0
1065.8469085,3,13,26,8,224,61.0,2107.0
1065.846909,2,9,21,8,138,61.0,3177.0
1065.8469285,6,1,24,3,96,56.0,783.312
1065.846932,5,1,11,2,51,55.0,518.56
1065.943046,1,12,29,9,195,63.0,3380.0
1065.9430475,3,13,31,9,182,63.0,3133.0
1065.943048,2,9,27,13,227,62.0,5351.0
1065.9430615,6,29,30,6,205,57.0,1452.0
1065.943071,5,2,11,2,51,57.0,795.131
1066.03877,1,9,25,7,195,61.0,2201.0
1066.0387715,3,10,24,7,183,61.0,2062.0
1066.038772,2,3,22,8,138,61.0,3339.0
1066.0387915,6,1,23,3,114,56.0,811.317
1066.038795,5,20,10,2,55,56.0,530.731
1066.13451,1,11,29,9,200,62.0,3436.0
1066.134513,2,7,27,13,223,61.0,5543.0
1066.1345135,3,10,29,9,197,63.0,3164.0
1066.1345285,6,29,28,7,238,58.0,1535.0
1066.134537,5,6,13,2,55,58.0,806.182
1068.894226,1,12,29,9,194,63.0,3378.0
1068.8942275,3,13,30,10,310,63.0,3278.0
1068.894228,2,9,28,14,265,63.0,5588.0
1068.8942415,6,29,30,6,208,57.0,1471.0
1068.894251,5,5,12,3,112,57.0,855.474
1068.989918,1,12,25,7,195,61.0,2222.0
1068.9899195,3,13,25,7,183,61.0,2054.0
1068.98992,2,9,26,8,138,61.0,3300.0
1068.9899425,6,2,22,3,93,56.0,758.035
1068.989943,5,20,11,2,48,56.0,512.284
1069.085687,1,12,29,9,195,63.0,3363.0
1069.0856885,3,13,29,9,224,63.0,3227.0
1069.085689,2,9,27,13,227,63.0,5355.0
1069.0857025,6,29,30,6,205,57.0,1443.0
1069.085712,5,5,11,2,52,57.0,795.886
1069.181546,1,12,25,7,194,61.0,2208.0
1069.1815475,3,9,26,7,182,61.0,2071.0
1069.181548,2,77,24,10,224,60.0,3538.0
1069.1815665,6,24,23,5,200,56.0,938.637
1069.181571,5,5,10,2,51,56.0,530.249
1069.27838,1,11,29,9,200,62.0,3440.0
1069.278383,2,4,27,11,172,62.0,5223.0
1069.2783835,3,10,31,9,197,63.0,3168.0
1069.2783985,6,29,30,7,238,58.0,1538.0
1069.278407,5,20,12,3,113,58.0,873.21
1072.005267,1,12,25,7,192,61.0,2205.0
1072.0052685,3,13,25,7,179,61.0,2049.0
1072.005269,2,9,23,9,167,61.0,3417.0
1072.0052875,6,21,24,5,194,56.0,922.866
1072.005292,5,2,10,2,52,55.0,533.069
1072.101835,1,15,29,9,197,62.0,3421.0
1072.1018385,3,10,30,9,212,62.0,3188.0
1072.10184,2,77,30,13,227,62.0,5317.0
1072.1018535,6,29,29,7,235,58.0,1531.0
1072.101862,5,6,12,2,52,57.0,806.846
1072.197904,1,6,26,7,195,60.0,2213.0
1072.1979055,3,10,24,7,183,61.0,2055.0
1072.197907,2,5,24,9,167,61.0,3370.0
1072.1979255,6,24,21,5,224,56.0,971.781
1072.197932,5,17,10,2,49,56.0,479.427
1072.29362,1,12,29,9,198,63.0,3394.0
1072.29362,2,2,29,12,170,62.0,5254.0
1072.2936215,3,6,32,10,314,63.0,3280.0
1072.2936325,6,1,29,7,239,58.0,1543.0
1072.293645,5,20,12,4,193,57.0,911.869
1072.38937,1,12,25,7,195,61.0,2218.0
1072.3893715,3,13,27,7,176,61.0,2035.0
1072.389372,2,9,22,9,170,61.0,3373.0
1072.3893945,6,2,23,3,93,56.0,761.916
1072.389395,5,1,11,2,52,56.0,527.908
1072.485935,1,15,29,9,197,62.0,3435.0
1072.4859395,3,9,31,10,310,62.0,3270.0
1072.48594,2,5,27,13,227,62.0,5421.0
1072.4859535,6,29,30,7,238,58.0,1529.0
1072.485962,5,6,13,2,55,58.0,823.424
1075.180001,2,5,25,10,224,61.0,3559.0
1075.180002,1,5,25,7,194,60.0,2216.0
1075.1800055,3,7,26,7,180,61.0,2002.0
1075.1800225,6,24,21,5,197,56.0,929.567
1075.180027,5,5,9,2,51,56.0,520.804
1075.275744,1,12,29,9,198,63.0,3397.0
1075.2757455,3,6,29,9,221,63.0,3203.0
1075.275746,2,6,27,13,221,62.0,5224.0
1075.2757565,6,1,29,7,236,58.0,1528.0
1075.275769,5,20,12,4,193,57.0,903.436
1075.371574,1,12,25,7,195,61.0,2208.0
1075.3715755,3,13,27,7,224,61.0,2096.0
1075.371576,2,9,23,10,224,61.0,3541.0
1075.3715945,6,21,23,3,97,56.0,778.685
1075.371599,5,2,10,2,48,55.0,516.608
1075.467433,1,9,29,9,198,63.0,3395.0
1075.467433,2,11,27,12,170,63.0,5376.0
1075.4674345,3,13,31,10,314,63.0,3283.0
1075.4674455,6,1,30,7,239,58.0,1544.0
1075.467458,5,20,14,4,193,57.0,907.755
1075.564256,1,12,26,7,194,61.0,2211.0
1075.5642575,3,9,24,7,182,61.0,2053.0
1075.564258,2,1,22,10,224,60.0,3578.0
1075.5642765,6,24,24,5,200,56.0,936.05
1075.564281,5,2,10,2,51,55.0,530.062
1075.660109,1,12,28,9,195,63.0,3384.0
1075.6601105,3,13,29,10,310,63.0,3265.0
1075.660111,2,9,26,13,224,62.0,5416.0
1075.6601245,6,29,30,6,205,57.0,1449.0
1075.660134,5,5,11,2,51,57.0,792.403
1078.3358,1,12,26,7,192,61.0,2203.0
1078.3358015,3,13,25,7,182,61.0,2065.0
1078.335802,2,9,21,10,224,61.0,3350.0
1078.3358205,6,24,23,5,197,55.0,926.355
1078.335825,5,2,10,2,48,55.0,515.6
1078.431891,1,12,29,9,195,63.0,3390.0
1078.4318925,3,13,31,9,182,63.0,3133.0
1078.431893,2,9,28,13,227,63.0,5347.0
1078.4319065,6,29,31,6,205,58.0,1451.0
1078.431916,5,5,11,3,112,57.0,862.961
1078.527659,1,12,25,7,195,61.0,2218.0
1078.5276605,3,13,24,7,183,61.0,2056.0
1078.527661,2,6,21,9,171,61.0,3460.0
1078.5276805,6,1,24,3,114,56.0,802.599
1078.527684,5,20,11,2,55,56.0,534.583
1078.623379,1,8,30,9,200,62.0,3446.0
1078.623382,2,7,28,13,229,62.0,5562.0
1078.6233855,3,7,30,10,308,63.0,3201.0
1078.6233975,6,29,29,7,235,58.0,1520.0
1078.623406,5,6,13,3,113,58.0,883.264
1078.719226,1,12,25,7,194,61.0,2211.0
1078.719228,2,77,23,10,224,60.0,3622.0
1078.7192295,3,7,26,7,180,61.0,2001.0
1078.7192465,6,24,22,5,197,56.0,918.99
1078.719251,5,5,9,2,51,56.0,519.205
1078.815017,1,12,28,9,195,63.0,3387.0
1078.8150185,3,13,31,9,186,63.0,3150.0
1078.815019,2,9,28,13,224,63.0,5469.0
1078.8150325,6,29,30,6,202,57.0,1447.0
1078.815042,5,2,12,3,112,57.0,884.839
1081.42083,1,12,29,9,195,63.0,3394.0
1081.4208315,3,13,29,9,224,63.0,3201.0
1081.420832,2,9,28,13,230,63.0,5475.0
1081.4208505,6,21,29,6,197,58.0,1422.0
1081.420855,5,2,13,2,55,57.0,801.615
1081.516672,1,9,25,7,195,60.0,2215.0
1081.516672,2,5,24,9,173,61.0,3500.0
1081.5166735,3,10,24,7,183,61.0,2048.0
1081.5166935,6,1,22,3,114,57.0,802.24
1081.516697,5,20,10,2,52,56.0,529.759
1081.612543,1,15,29,9,197,62.0,3458.0
1081.6125465,3,10,31,10,311,62.0,3267.0
1081.612548,2,77,29,13,227,62.0,5351.0
1081.6125615,6,29,31,7,238,58.0,1541.0
1081.612571,5,5,12,2,54,58.0,806.847
1081.708567,1,12,25,7,195,61.0,2224.0
1081.7085685,3,13,26,7,183,61.0,2055.0
1081.708569,2,9,23,8,138,61.0,3207.0
1081.7085885,6,1,23,3,96,56.0,786.119
1081.708592,5,20,11,2,52,56.0,526.435
1081.804309,1,12,29,9,198,63.0,3397.0
1081.8043105,3,13,30,9,221,63.0,3193.0
1081.804311,2,9,25,14,268,63.0,5509.0
1081.80432,5,16,13,3,66,57.0,850.82
1081.8043215,6,29,30,6,205,58.0,1455.0
1081.900058,2,8,22,9,170,60.0,3419.0
1081.900059,1,5,25,7,194,61.0,2235.0
1081.9000605,3,9,25,7,182,61.0,2068.0
1081.9000795,6,24,22,5,200,56.0,926.283
1081.900084,5,5,11,2,57,55.0,533.0
1084.551011,1,15,31,9,197,63.0,3460.0
1084.5510155,3,9,30,9,214,63.0,3183.0
1084.551016,2,77,30,13,227,62.0,5362.0
1084.5510295,6,29,31,6,205,58.0,1445.0
1084.551039,5,5,12,2,51,57.0,790.152
1084.646764,1,12,25,7,195,61.0,2221.0
1084.6467655,3,7,25,7,183,61.0,2057.0
1084.646766,2,6,23,9,171,60.0,3421.0
1084.6467855,6,1,23,3,114,56.0,803.118
1084.646789,5,20,11,2,52,56.0,535.163
1084.742519,1,15,28,9,197,63.0,3443.0
1084.7425235,3,9,29,8,182,63.0,3146.0
1084.742524,2,1,27,13,227,63.0,5273.0
1084.7425375,6,29,31,6,208,58.0,1461.0
1084.742547,5,5,12,2,51,57.0,794.537
1084.838332,1,9,25,7,198,61.0,2239.0
1084.8383335,3,10,24,8,314,61.0,2142.0
1084.838335,2,5,24,10,204,61.0,3575.0
1084.8383535,6,1,22,3,118,56.0,811.871
1084.838357,5,20,9,2,52,56.0,522.575
1084.934169,1,15,28,9,197,62.0,3446.0
1084.934171,2,80,29,13,227,62.0,5415.0
1084.9341735,3,9,29,8,182,62.0,3142.0
1084.9341875,6,29,30,7,235,58.0,1517.0
1084.934197,5,5,11,2,51,57.0,803.427
1085.031105,1,5,25,7,194,61.0,2225.0
1085.031107,2,77,21,9,164,60.0,3264.0
1085.0311085,3,7,26,7,180,61.0,2001.0
1085.0311255,6,24,22,5,197,56.0,931.11
1085.03113,5,5,9,2,51,56.0,526.082
1087.697749,1,8,30,9,197,62.0,3462.0
1087.697751,2,5,32,14,227,62.0,5786.0
1087.6977525,3,10,30,9,197,63.0,3154.0
1087.6977675,6,29,30,7,238,58.0,1534.0
1087.697776,5,6,11,3,113,58.0,881.954
1087.793573,1,12,26,7,192,61.0,2221.0
1087.7935745,3,13,25,7,179,61.0,2044.0
1087.793575,2,9,24,10,227,61.0,3438.0
1087.7935935,6,24,25,4,160,55.0,845.622
1087.793598,5,2,10,2,48,55.0,525.521
1087.889637,1,15,29,9,197,63.0,3458.0
1087.889639,2,80,28,13,227,62.0,5442.0
1087.8896415,3,9,31,10,310,63.0,3268.0
1087.8896555,6,29,30,6,205,58.0,1450.0
1087.889665,5,5,12,3,112,58.0,862.567
1087.985427,1,12,25,7,194,61.0,2223.0
1087.985429,2,1,21,10,224,60.0,3528.0
1087.9854305,3,7,24,7,180,61.0,2021.0
1087.9854475,6,24,22,5,197,56.0,928.749
1087.985452,5,5,9,2,51,56.0,522.062
1088.081127,1,12,29,9,198,62.0,3418.0
1088.081127,2,8,28,14,241,62.0,5583.0
1088.0811285,3,10,30,9,215,63.0,3177.0
1088.0811395,6,16,30,7,239,58.0,1534.0
1088.081141,5,31,13,3,66,58.0,855.355
1088.176979,1,9,26,7,195,61.0,2232.0
1088.1769805,3,10,25,7,183,61.0,2045.0
1088.176981,2,6,25,9,168,61.0,3415.0
1088.1770005,6,1,23,5,224,56.0,976.36
1088.177004,5,20,11,2,52,56.0,535.645
1090.853738,1,12,29,9,198,63.0,3418.0
1090.8537395,3,6,30,9,186,63.0,3148.0
1090.85374,2,9,30,14,268,62.0,5613.0
1090.8537505,6,1,30,7,242,58.0,1538.0
1090.853763,5,20,13,4,193,57.0,917.702
1090.950612,1,6,26,7,195,60.0,2244.0
1090.950615,2,2,23,9,170,60.0,3390.0
1090.9506165,3,7,25,7,180,61.0,1999.0
1090.9506335,6,24,22,5,194,56.0,912.22
1090.95064,5,3,9,2,49,56.0,482.465
1091.046351,1,9,29,9,198,63.0,3410.0
1091.046351,2,11,27,11,173,62.0,5131.0
1091.0463525,3,10,30,9,221,63.0,3185.0
1091.0463635,6,1,30,7,242,58.0,1531.0
1091.046376,5,20,13,2,55,57.0,806.887
1091.142205,1,12,26,7,195,61.0,2233.0
1091.1422065,3,10,25,7,183,61.0,2070.0
1091.142207,2,6,21,9,168,61.0,3383.0
1091.1422265,6,1,24,5,227,56.0,982.203
1091.14223,5,20,10,2,52,56.0,532.008
1091.238018,1,12,29,9,198,63.0,3415.0
1091.2380195,3,13,30,9,221,63.0,3194.0
1091.23802,2,9,28,13,221,62.0,5305.0
1091.2380385,6,2,28,4,118,58.0,1246.0
1091.238043,5,20,12,4,193,57.0,917.951
1091.334149,2,8,22,11,227,61.0,3610.0
1091.33415,1,5,25,7,194,60.0,2230.0
1091.3341535,3,7,25,7,180,61.0,2002.0
1091.3341705,6,24,20,5,197,56.0,920.033
1091.334175,5,5,10,2,51,56.0,514.596
1094.016646,1,12,27,9,195,63.0,3408.0
1094.0166475,3,13,30,8,182,63.0,3144.0
1094.016648,2,9,28,13,227,62.0,5501.0
1094.0166615,6,29,31,6,205,58.0,1450.0
1094.016671,5,5,11,2,51,57.0,798.982
1094.112417,1,12,26,7,192,61.0,2218.0
1094.1124185,3,13,25,7,224,61.0,2100.0
1094.112419,2,9,23,11,221,61.0,3541.0
1094.1124375,6,24,24,4,180,55.0,886.962
1094.112442,5,2,10,2,51,55.0,531.482
1094.208245,1,12,30,9,198,63.0,3438.0
1094.208245,2,11,29,11,173,62.0,5163.0
1094.2082465,3,10,30,10,311,63.0,3246.0
1094.2082575,6,16,29,7,239,58.0,1535.0
1094.20827,5,20,13,4,193,58.0,912.18
1094.304091,1,12,26,7,192,61.0,2209.0
1094.3040925,3,13,25,7,182,61.0,2041.0
1094.304093,2,9,21,8,134,62.0,3333.0
1094.3041115,6,24,22,5,197,56.0,924.849
1094.304116,5,2,10,2,48,55.0,515.359
1094.400182,1,12,29,9,198,63.0,3424.0
1094.4001835,3,13,30,9,221,63.0,3179.0
1094.400184,2,9,27,13,221,63.0,5326.0
1094.4001945,6,1,29,7,230,58.0,1497.0
1094.400207,5,20,12,4,193,57.0,925.977
1094.495931,1,12,26,7,192,61.0,2221.0
1094.4959325,3,13,24,7,182,61.0,2059.0
1094.495933,2,9,23,9,170,61.0,3378.0
1094.4959515,6,24,23,5,197,56.0,927.243
1094.495956,5,2,9,2,48,55.0,527.52
1097.18645,1,15,28,9,197,62.0,3458.0
1097.1864545,3,9,30,8,182,63.0,3142.0
1097.186455,2,77,30,14,265,62.0,5656.0
1097.1864685,6,29,31,7,229,58.0,1502.0
1097.186478,5,5,11,3,112,57.0,877.656
1097.282318,1,12,26,7,195,61.0,2233.0
1097.2823195,3,13,25,7,183,61.0,2057.0
1097.28232,2,9,23,10,224,60.0,3513.0
1097.2823425,6,2,23,3,93,56.0,758.035
1097.282343,5,1,10,2,52,56.0,518.708
1097.378359,1,15,28,9,197,63.0,3469.0
1097.3783635,3,9,31,8,182,63.0,3138.0
1097.378364,2,77,25,13,227,62.0,5307.0
1097.3783775,6,29,31,6,205,58.0,1436.0
1097.378387,5,5,11,3,112,57.0,876.477
1097.47411,1,12,26,7,195,61.0,2236.0
1097.4741115,3,13,26,7,183,61.0,2055.0
1097.474112,2,9,25,11,230,61.0,3503.0
1097.4741315,6,1,23,3,114,56.0,799.922
1097.474135,5,20,11,2,52,56.0,528.292
1097.569846,1,15,29,9,197,62.0,3471.0
1097.5698495,3,10,30,9,215,63.0,3195.0
1097.569851,2,77,28,13,224,62.0,5493.0
1097.5698645,6,29,30,6,205,58.0,1453.0
1097.569873,5,6,12,3,113,57.0,887.913
1097.665682,1,12,26,7,192,61.0,2216.0
1097.6656835,3,13,24,7,182,61.0,2052.0
1097.665684,2,9,23,11,224,61.0,3498.0
1097.6657025,6,24,24,3,97,56.0,776.758
1097.665707,5,2,9,2,48,55.0,521.268
1100.344361,1,12,29,9,198,63.0,3422.0
1100.3443625,3,13,30,9,186,63.0,3174.0
1100.344363,2,9,28,11,171,63.0,5069.0
1100.3443735,6,1,29,7,236,58.0,1532.0
1100.344386,5,20,12,4,193,58.0,921.72
1100.440462,1,9,26,7,195,61.0,2240.0
1100.4404635,3,13,25,7,183,61.0,2065.0
1100.440464,2,9,22,8,138,60.0,3146.0
1100.4404865,6,2,22,3,111,56.0,782.167
1100.440487,5,20,9,2,55,56.0,538.154
1100.536253,1,15,29,9,197,62.0,3474.0
1100.5362565,3,10,30,8,183,62.0,3130.0
1100.536258,2,77,26,13,227,62.0,5366.0
1100.5362715,6,29,30,6,208,58.0,1450.0
1100.53628,5,6,12,2,55,58.0,831.629
1100.632011,1,6,26,7,195,60.0,2253.0
1100.632011,2,8,24,9,173,60.0,3556.0
1100.6320125,3,10,24,7,183,61.0,2051.0
1100.6320325,6,24,23,5,197,56.0,923.509
1100.632039,5,17,10,2,49,56.0,489.494
1100.727745,1,12,28,9,195,63.0,3415.0
1100.7277465,3,13,31,10,314,63.0,3263.0
1100.727747,2,9,31,14,265,63.0,5658.0
1100.7277605,6,26,29,6,202,57.0,1441.0
1100.72777,5,20,12,2,52,57.0,794.611
1100.823604,1,12,26,7,194,61.0,2238.0
1100.8236055,3,9,26,7,182,61.0,2050.0
1100.823606,2,1,24,10,224,60.0,3495.0
1100.8236245,6,24,22,5,200,56.0,923.944
1100.823629,5,5,10,2,51,55.0,523.69
1103.520249,1,15,29,9,197,63.0,3485.0
1103.5202535,3,9,30,8,182,63.0,3140.0
1103.520254,2,5,28,13,236,62.0,5435.0
1103.5202675,6,29,31,6,205,58.0,1449.0
1103.520276,5,6,12,3,113,57.0,882.071
1103.61632,1,9,26,7,195,60.0,2254.0
1103.61632,2,8,24,9,170,60.0,3333.0
1103.6163215,3,10,25,7,183,61.0,2047.0
1103.6163415,6,24,21,5,197,56.0,914.07
1103.616345,5,20,11,2,52,56.0,522.853
1103.712088,1,12,29,9,198,63.0,3442.0
1103.7120895,3,6,29,10,311,63.0,3246.0
1103.71209,2,9,27,11,168,62.0,5137.0
1103.7121005,6,1,29,7,239,58.0,1537.0
1103.712113,5,20,12,4,193,58.0,913.56
1103.80785,1,12,25,7,195,61.0,2253.0
1103.8078515,3,6,24,7,183,61.0,2047.0
1103.807852,2,1,23,8,138,61.0,3232.0
1103.8078705,6,2,22,3,115,56.0,799.447
1103.807875,5,20,11,2,52,56.0,534.974
1103.903633,1,15,29,9,197,62.0,3457.0
1103.9036365,3,10,30,8,186,63.0,3137.0
1103.903638,2,77,28,13,224,62.0,5146.0
1103.9036515,6,29,30,6,208,58.0,1441.0
1103.903661,5,5,12,2,51,57.0,797.101
1103.999477,1,6,26,7,195,60.0,2251.0
1103.999477,2,8,24,9,173,60.0,3504.0
1103.9994785,3,10,26,7,183,61.0,2065.0
1103.9994985,6,24,22,5,197,56.0,922.545
1103.999505,5,3,9,2,49,56.0,482.821
1106.576145,1,12,26,7,195,61.0,2245.0
1106.5761465,3,13,26,7,183,61.0,2044.0
1106.576147,2,9,23,8,138,61.0,3224.0
1106.5761695,6,2,21,3,111,56.0,772.774
1106.57617,5,1,11,2,52,56.0,527.912
1106.673347,1,12,29,9,195,63.0,3425.0
1106.6733485,3,13,30,10,314,63.0,3249.0
1106.673349,2,9,28,11,167,63.0,4998.0
1106.6733595,6,29,29,7,239,58.0,1521.0
1106.673372,5,20,13,2,55,57.0,804.522
1106.769091,1,12,26,7,195,61.0,2230.0
1106.7690925,3,13,26,7,179,61.0,2028.0
1106.769093,2,9,22,10,224,61.0,3498.0
1106.7691115,6,25,23,3,97,56.0,772.729
1106.769116,5,2,10,2,48,55.0,515.79
1106.864865,1,15,29,9,198,63.0,3480.0
1106.8648695,3,9,30,8,182,63.0,3128.0
1106.86487,2,2,28,13,236,62.0,5622.0
1106.8648835,6,29,30,6,205,58.0,1447.0
1106.864893,5,5,12,2,51,57.0,792.112
1106.960731,1,9,25,7,195,60.0,2258.0
1106.960731,2,8,21,8,140,60.0,3254.0
1106.9607325,3,10,25,7,183,61.0,2056.0
1106.9607525,6,1,22,5,230,56.0,976.784
1106.960756,5,20,10,2,55,56.0,536.782
1107.056664,1,12,28,9,198,62.0,3443.0
1107.056664,2,11,28,13,227,63.0,5608.0
1107.0566655,3,10,28,10,311,63.0,3260.0
1107.0566765,6,16,29,7,242,58.0,1533.0
1107.056678,5,31,14,3,66,58.0,868.221
1109.678564,1,12,25,7,195,61.0,2253.0
1109.6785655,3,13,24,7,183,61.0,2046.0
1109.678566,2,1,23,8,138,61.0,3154.0
1109.6785885,6,2,22,3,111,56.0,778.583
1109.678589,5,20,11,2,52,56.0,528.617
1109.775427,1,15,29,9,197,62.0,3481.0
1109.7754305,3,10,31,10,311,63.0,3264.0
1109.775432,2,5,27,13,227,62.0,5279.0
1109.7754455,6,29,30,6,208,58.0,1455.0
1109.775455,5,5,12,2,51,58.0,802.05
1109.871174,1,6,26,7,195,60.0,2262.0
1109.871175,2,7,25,9,169,61.0,3544.0
1109.8711785,3,7,24,7,180,61.0,1993.0
1109.8711955,6,24,23,5,197,56.0,922.152
1109.871202,5,3,9,2,49,56.0,478.793
1109.966936,1,12,29,9,198,63.0,3446.0
1109.966936,2,11,30,13,235,63.0,5551.0
1109.9669375,3,6,29,9,186,63.0,3126.0
1109.9669485,6,1,30,7,242,58.0,1532.0
1109.966961,5,20,12,4,193,58.0,910.894
1110.062718,1,6,27,7,195,60.0,2256.0
1110.0627195,3,10,25,7,183,61.0,2053.0
1110.062721,2,5,22,10,224,61.0,3524.0
1110.0627395,6,24,23,5,197,56.0,926.551
1110.062743,5,20,10,2,52,56.0,527.569
1110.158562,1,12,29,9,198,63.0,3443.0
1110.1585635,3,6,31,9,215,63.0,3181.0
1110.158564,2,9,26,11,168,62.0,4944.0
1110.1585745,6,1,30,7,239,58.0,1526.0
1110.158587,5,20,12,2,55,58.0,822.918
1112.765437,1,12,25,7,194,61.0,2240.0
1112.765439,2,1,20,9,170,61.0,3428.0
1112.7654405,3,7,25,6,180,61.0,2005.0
1112.7654575,6,24,23,5,197,56.0,918.478
1112.765462,5,5,9,2,51,56.0,525.406
1112.861207,1,15,29,9,197,63.0,3486.0
1112.8612115,3,9,30,9,214,63.0,3177.0
1112.861212,2,5,27,13,227,62.0,5499.0
1112.8612255,6,29,30,6,205,58.0,1450.0
1112.861235,5,5,11,2,51,57.0,787.684
1112.957087,1,12,26,7,194,61.0,2265.0
1112.9570885,3,9,25,7,182,61.0,2040.0
1112.957089,2,1,23,10,224,61.0,3476.0
1112.9571075,6,24,24,5,200,56.0,931.731
1112.957112,5,5,10,2,48,55.0,520.836
1113.052944,1,12,29,9,195,63.0,3430.0
1113.0529455,3,13,30,10,314,63.0,3236.0
1113.052946,2,9,28,14,268,63.0,5515.0
1113.0529595,6,30,29,6,202,57.0,1433.0
1113.052969,5,2,11,2,51,57.0,796.669
1113.148984,1,12,25,7,194,61.0,2258.0
1113.1489855,3,9,25,7,182,61.0,2050.0
1113.148986,2,1,21,10,224,61.0,3564.0
1113.1490045,6,24,23,5,197,56.0,919.403
1113.149009,5,5,9,2,48,56.0,532.324
1113.244711,1,15,29,9,197,62.0,3481.0
1113.244713,2,8,30,13,230,62.0,5414.0
1113.2447175,3,7,29,8,180,63.0,3052.0
1113.2447295,6,29,30,7,238,58.0,1532.0
1113.244739,5,5,12,2,51,58.0,809.018
1115.986353,1,12,28,9,198,63.0,3450.0
1115.9863545,3,13,29,9,183,63.0,3121.0
1115.986355,2,9,28,12,204,63.0,5158.0
1115.9863655,6,29,29,7,236,57.0,1512.0
1115.986378,5,20,11,2,52,57.0,811.842
1116.082119,1,12,26,7,195,61.0,2257.0
1116.0821205,3,13,23,7,183,61.0,2060.0
1116.082121,2,9,23,9,171,61.0,3366.0
1116.0821315,6,1,23,5,203,56.0,937.2
1116.082144,5,20,10,2,52,56.0,527.027
1116.177871,1,12,29,9,198,63.0,3450.0
1116.1778725,3,13,30,9,183,63.0,3130.0
1116.177873,2,9,27,13,224,63.0,5553.0
1116.1778835,6,29,29,7,236,58.0,1513.0
1116.177896,5,20,11,2,55,57.0,831.44
1116.27373,1,12,25,7,195,61.0,2259.0
1116.2737315,3,13,26,7,183,61.0,2055.0
1116.273732,2,9,22,8,138,61.0,3014.0
1116.2737515,6,1,22,5,230,56.0,972.622
1116.273755,5,20,11,2,48,56.0,512.421
1116.369562,1,12,29,9,198,63.0,3452.0
1116.3695635,3,13,29,10,314,63.0,3261.0
1116.369564,2,9,28,13,227,63.0,5350.0
1116.3695745,6,1,28,7,242,58.0,1532.0
1116.369587,5,20,12,4,193,58.0,913.602
1119.05924,1,12,25,7,195,61.0,2265.0
1119.0592415,3,13,27,8,314,61.0,2151.0
1119.059242,2,9,22,9,168,61.0,3372.0
1119.0592615,6,1,22,5,230,56.0,968.755
1119.059265,5,20,11,2,55,56.0,540.451
1119.156079,1,12,28,9,198,63.0,3449.0
1119.156079,2,11,31,14,270,63.0,5619.0
1119.1560805,3,6,29,10,311,63.0,3297.0
1119.1560915,6,1,30,7,242,58.0,1529.0
1119.156104,5,20,14,2,55,58.0,812.763
1119.25194,1,9,26,7,195,60.0,2265.0
1119.251941,2,4,25,9,169,61.0,3350.0
1119.2519415,3,10,24,7,183,61.0,2060.0
1119.2519615,6,1,22,5,224,56.0,957.811
1119.251965,5,20,10,2,55,57.0,543.286
1119.347772,1,12,29,9,198,63.0,3443.0
1119.347772,2,11,28,14,241,63.0,5541.0
1119.3477735,3,13,29,9,215,63.0,3157.0
1119.3477845,6,1,29,7,239,58.0,1516.0
1119.347797,5,20,14,2,55,58.0,815.385
1119.443814,1,12,26,7,195,61.0,2262.0
1119.443814,2,8,24,9,170,61.0,3416.0
1119.4438155,3,10,25,7,183,61.0,2051.0
1119.4438355,6,1,22,5,194,56.0,914.423
1119.443839,5,20,11,2,52,56.0,536.302
1119.539579,1,12,28,9,195,63.0,3442.0
1119.5395805,3,13,29,8,182,63.0,3124.0
1119.539581,2,9,27,13,227,62.0,5244.0
1119.5395945,6,29,29,6,205,57.0,1438.0
1119.539604,5,5,12,2,51,57.0,801.569
1122.195183,1,12,26,7,195,61.0,2258.0
1122.1951845,3,13,25,7,183,61.0,2052.0
1122.195185,2,9,23,10,218,61.0,3414.0
1122.1952035,6,1,24,3,97,56.0,781.558
1122.195208,5,20,11,2,48,56.0,527.143
1122.292052,1,11,30,9,200,62.0,3502.0
1122.292054,2,5,29,14,271,63.0,5698.0
1122.2920555,3,10,28,10,311,63.0,3235.0
1122.2920705,6,29,28,7,238,58.0,1518.0
1122.292079,5,20,12,2,55,58.0,814.988
1122.387876,1,12,26,8,195,61.0,2266.0
1122.3878775,3,13,26,7,183,61.0,2041.0
1122.387878,2,9,24,9,164,61.0,3368.0
1122.3878965,6,1,24,3,97,56.0,779.658
1122.387901,5,2,9,2,52,55.0,532.56
1122.48394,1,15,29,9,198,63.0,3496.0
1122.4839445,3,9,29,8,182,63.0,3123.0
1122.483945,2,2,27,13,227,62.0,5419.0
1122.4839585,6,29,30,6,205,58.0,1457.0
1122.483968,5,5,11,3,112,57.0,864.605
1122.579688,1,12,25,8,195,61.0,2253.0
1122.5796895,3,13,25,7,179,61.0,2023.0
1122.57969,2,9,23,9,164,61.0,3333.0
1122.5797085,6,24,23,4,163,56.0,851.056
1122.579713,5,2,10,2,51,55.0,527.981
1125.256262,1,12,26,7,195,61.0,2263.0
1125.2562635,3,13,26,7,183,61.0,2062.0
1125.256264,2,9,24,10,224,61.0,3365.0
1125.2562825,6,2,22,3,115,56.0,805.645
1125.256287,5,20,11,2,48,56.0,528.006
1125.353098,1,12,29,9,198,63.0,3468.0
1125.3530995,3,6,29,10,311,63.0,3240.0
1125.3531,2,1,28,13,230,63.0,5530.0
1125.3531105,6,1,28,7,239,58.0,1522.0
1125.353123,5,20,13,4,193,58.0,926.033
1125.449172,1,12,25,7,195,61.0,2270.0
1125.4491735,3,13,24,7,183,61.0,2031.0
1125.449174,2,9,25,11,230,62.0,3628.0
1125.4491965,6,2,22,3,111,56.0,775.956
1125.449197,5,20,11,2,52,56.0,539.014
1125.544908,1,8,29,9,200,62.0,3514.0
1125.5449115,3,10,29,10,311,63.0,3242.0
1125.544913,2,5,26,13,224,62.0,5390.0
1125.5449265,6,29,28,6,211,58.0,1461.0
1125.544935,5,6,12,3,113,58.0,879.856
1125.640659,1,9,26,7,195,61.0,2269.0
1125.640659,2,8,23,9,173,61.0,3341.0
1125.6406605,3,10,24,7,183,61.0,2050.0
1125.6406805,6,1,22,5,197,56.0,921.12
1125.640684,5,20,9,2,48,56.0,522.059
1128.330483,1,8,27,7,197,61.0,2297.0
1128.3304865,3,10,25,7,183,61.0,2044.0
1128.330488,2,77,23,10,224,61.0,3605.0
1128.3305065,6,24,20,5,197,56.0,918.62
1128.330511,5,5,10,2,48,56.0,525.513
1128.427366,1,15,29,9,197,63.0,3505.0
1128.427371,2,77,27,14,239,63.0,5700.0
1128.4273725,3,7,29,8,180,63.0,3032.0
1128.427382,5,17,13,3,124,58.0,920.573
1128.4273845,6,29,30,6,205,58.0,1444.0
1128.5231,1,12,26,7,195,61.0,2268.0
1128.5231015,3,13,25,7,183,61.0,2044.0
1128.523102,2,9,22,9,168,61.0,3379.0
1128.5231245,6,2,22,5,227,56.0,948.95
1128.523125,5,20,11,2,52,56.0,536.183
1128.618877,1,8,30,9,197,62.0,3515.0
1128.618879,2,8,28,13,224,62.0,5420.0
1128.6188805,3,10,29,10,311,63.0,3238.0
1128.6188955,6,29,29,7,226,58.0,1485.0
1128.618904,5,20,12,2,52,58.0,814.292
1128.714693,1,12,26,7,192,61.0,2251.0
1128.7146945,3,9,26,7,182,61.0,2032.0
1128.714695,2,1,21,9,164,61.0,3249.0
1128.7147135,6,24,23,3,97,56.0,776.218
1128.714718,5,2,10,2,51,56.0,533.43
1131.40636,1,9,27,7,195,61.0,2269.0
1131.4063615,3,13,24,7,183,61.0,2057.0
1131.406363,2,2,25,9,167,61.0,3414.0
1131.4063815,6,1,23,5,194,56.0,915.452
1131.406385,5,20,10,2,52,56.0,541.276
1131.503199,1,12,28,9,198,63.0,3462.0
1131.5032005,3,13,30,9,221,63.0,3197.0
1131.503201,2,9,30,14,239,62.0,5396.0
1131.5032115,6,29,30,7,236,57.0,1512.0
1131.503224,5,20,12,2,55,57.0,826.624
1131.599268,1,12,26,7,192,61.0,2248.0
1131.5992695,3,13,24,7,179,61.0,2020.0
1131.59927,2,1,23,9,167,61.0,3250.0
1131.5992885,6,24,24,4,180,56.0,889.854
1131.599293,5,2,9,2,48,55.0,524.705
1131.695011,1,12,28,9,195,63.0,3465.0
1131.6950125,3,9,29,9,214,63.0,3166.0
1131.695013,2,1,28,14,268,62.0,5486.0
1131.6950265,6,29,30,6,205,57.0,1448.0
1131.695036,5,5,11,2,51,57.0,795.025
1131.790758,1,12,27,7,195,61.0,2269.0
1131.7907595,3,6,25,7,183,61.0,2061.0
1131.790763,2,3,23,9,165,62.0,3154.0
1131.7907795,6,1,22,5,224,56.0,967.416
1131.790783,5,20,10,2,52,56.0,532.983
1134.463688,1,12,26,7,195,61.0,2272.0
1134.4636895,3,6,24,7,183,61.0,2048.0
1134.46369,2,1,25,10,224,60.0,3513.0
1134.4637085,6,2,22,3,115,56.0,801.212
1134.463713,5,20,11,2,48,56.0,523.574
1134.560546,1,15,28,9,197,62.0,3515.0
1134.5605495,3,10,31,8,183,63.0,3129.0
1134.560551,2,5,28,13,236,62.0,5431.0
1134.5605645,6,29,30,6,205,58.0,1443.0
1134.560573,5,6,12,3,113,58.0,885.285
1134.656352,1,12,25,7,195,61.0,2260.0
1134.6563535,3,13,26,8,314,61.0,2124.0
1134.656354,2,9,22,8,138,62.0,3173.0
1134.6563725,6,1,22,3,115,56.0,798.452
1134.656377,5,20,11,2,52,56.0,532.474
1134.752058,1,12,28,9,195,63.0,3459.0
1134.7520595,3,13,29,9,221,63.0,3160.0
1134.75206,2,9,31,13,224,62.0,5317.0
1134.7520735,6,30,29,7,233,57.0,1504.0
1134.752083,5,2,12,2,52,57.0,804.231
1137.49136,1,12,26,7,195,61.0,2268.0
1137.4913615,3,13,23,7,183,61.0,2048.0
1137.491362,2,9,22,10,224,61.0,3470.0
1137.4913805,6,1,22,3,115,56.0,806.017
1137.491385,5,1,11,2,52,56.0,529.503
1137.587421,1,15,29,9,197,63.0,3525.0
1137.5874255,3,9,29,8,182,63.0,3121.0
1137.587426,2,2,27,13,239,62.0,5282.0
1137.5874395,6,29,30,6,205,58.0,1446.0
1137.587449,5,5,11,2,51,58.0,807.183
1137.684246,1,12,26,8,195,61.0,2268.0
1137.6842475,3,13,24,7,183,61.0,2037.0
1137.684248,2,9,22,11,236,61.0,3490.0
1137.6842665,6,1,24,3,97,55.0,772.869
1137.684271,5,2,10,2,51,55.0,526.152
1137.780339,1,8,29,9,197,62.0,3521.0
1137.780341,2,8,28,13,224,62.0,5463.0
1137.7803455,3,7,30,10,308,63.0,3155.0
1137.7803575,6,29,29,6,208,58.0,1453.0
1137.780366,5,6,13,3,113,58.0,884.875
1140.53067,1,12,26,7,192,61.0,2260.0
1140.5306715,3,9,25,7,182,61.0,2024.0
1140.530672,2,1,23,10,224,61.0,3505.0
1140.5306905,6,24,22,5,194,56.0,917.43
1140.530695,5,2,9,2,51,56.0,541.939
1140.627525,1,15,29,9,197,63.0,3515.0
1140.6275295,3,9,30,8,182,63.0,3114.0
1140.62753,2,2,27,13,227,62.0,5241.0
1140.6275435,6,29,30,6,205,58.0,1440.0
1140.627553,5,5,10,2,51,57.0,804.957
1140.723604,1,12,27,7,195,61.0,2275.0
1140.7236055,3,6,23,7,183,61.0,2032.0
1140.723606,2,6,24,10,230,61.0,3577.0
1140.7236255,6,1,22,5,224,56.0,958.863
1140.723629,5,20,10,2,52,56.0,540.814
1140.819344,1,8,29,9,197,62.0,3536.0
1140.819346,2,8,29,14,268,62.0,5478.0
1140.8193475,3,10,30,10,311,63.0,3243.0
1140.8193625,6,29,29,6,208,58.0,1437.0
1140.819371,5,6,13,2,58,58.0,824.401
1143.577901,1,6,27,7,195,60.0,2283.0
1143.5779025,3,10,24,7,183,61.0,2027.0
1143.577906,2,3,23,10,222,61.0,3475.0
1143.5779225,6,24,23,5,200,56.0,924.214
1143.577926,5,20,10,2,52,56.0,529.271
1143.674747,1,12,29,9,198,63.0,3497.0
1143.674747,2,8,29,12,173,63.0,5218.0
1143.6747485,3,10,30,10,311,63.0,3238.0
1143.6747635,6,12,28,7,232,58.0,1502.0
1143.674772,5,20,13,2,55,58.0,813.625
1143.770495,1,12,26,7,192,61.0,2268.0
1143.7704965,3,13,28,7,183,61.0,2046.0
1143.770497,2,1,22,10,221,60.0,3355.0
1143.7705155,6,24,23,3,97,55.0,772.202
1143.77052,5,2,10,2,51,55.0,520.239
1143.866289,1,11,28,9,200,62.0,3524.0
1143.866291,2,8,27,13,230,62.0,5349.0
1143.8662925,3,10,30,10,311,63.0,3238.0
1143.866305,5,31,13,3,66,58.0,866.313
1143.8663075,6,29,30,7,229,58.0,1480.0
1146.60589,1,12,26,7,195,61.0,2292.0
1146.6058915,3,6,23,7,183,61.0,2037.0
1146.605892,2,9,24,9,168,61.0,3312.0
1146.6059115,6,1,23,4,177,56.0,876.051
1146.605915,5,20,10,2,52,56.0,527.601
1146.702746,1,11,28,9,200,62.0,3561.0
1146.702748,2,5,28,11,173,62.0,5131.0
1146.7027495,3,10,31,9,215,63.0,3167.0
1146.7027605,6,33,29,7,233,58.0,1508.0
1146.702762,5,31,13,3,66,58.0,870.058
1146.798796,1,9,26,7,195,60.0,2291.0
1146.7987975,3,10,24,7,183,61.0,2031.0
1146.798798,2,6,24,9,168,61.0,3393.0
1146.7988175,6,7,23,5,197,56.0,926.738
1146.798821,5,20,10,2,52,56.0,545.372
1146.894546,1,12,28,10,198,63.0,3498.0
1146.8945475,3,13,30,10,314,63.0,3221.0
1146.894548,2,1,30,13,233,63.0,5473.0
1146.8945615,6,26,29,6,188,58.0,1373.0
1146.894571,5,20,12,2,52,57.0,804.403
1149.647799,1,15,26,8,197,61.0,2319.0
1149.647801,2,5,25,11,239,61.0,3698.0
1149.6478055,3,7,24,6,180,61.0,2002.0
1149.6478225,6,24,23,5,194,56.0,915.351
1149.647827,5,5,10,2,51,56.0,530.562
1149.743834,1,12,29,9,195,63.0,3479.0
1149.7438355,3,13,30,9,221,63.0,3157.0
1149.743836,2,1,31,13,227,62.0,5380.0
1149.7438495,6,29,30,6,205,57.0,1436.0
1149.743859,5,5,12,2,51,57.0,801.923
1149.839675,2,11,22,9,173,61.0,3429.0
1149.839675,1,12,26,7,195,61.0,2285.0
1149.8396765,3,13,23,7,183,61.0,2039.0
1149.8396965,6,1,22,4,177,56.0,866.04
1149.8397,5,20,10,2,55,56.0,543.242
1149.935794,1,9,29,9,198,62.0,3502.0
1149.935794,2,8,31,14,239,63.0,5570.0
1149.9357955,3,10,29,10,311,63.0,3251.0
1149.9358105,6,29,28,7,238,58.0,1505.0
1149.935819,5,20,12,2,55,58.0,806.017
1152.721841,1,12,26,7,195,61.0,2291.0
1152.7218425,3,6,23,7,183,61.0,2021.0
1152.721843,2,1,24,9,168,60.0,3269.0
1152.7218625,6,1,21,4,177,56.0,866.314
1152.721866,5,20,9,2,48,56.0,517.374
1152.8179,1,12,28,9,198,63.0,3486.0
1152.8179015,3,13,31,9,221,63.0,3155.0
1152.817902,2,9,29,13,230,63.0,5384.0
1152.8179125,6,29,28,7,236,57.0,1511.0
1152.817925,5,20,12,4,193,58.0,937.062
1152.913975,1,8,27,7,197,61.0,2322.0
1152.91398,2,2,24,11,236,60.0,3540.0
1152.9139815,3,7,23,6,180,61.0,1984.0
1152.9139985,6,24,22,5,200,56.0,922.226
1152.914003,5,5,10,2,51,56.0,533.551
1153.00972,1,12,28,9,198,63.0,3499.0
1153.0097215,3,13,28,9,186,63.0,3120.0
1153.009722,2,9,29,13,239,62.0,5344.0
1153.0097355,6,26,28,7,236,57.0,1491.0
1153.009745,5,20,11,2,55,57.0,813.442
1155.784895,1,12,27,7,195,61.0,2285.0
1155.7848965,3,13,24,7,183,61.0,2037.0
1155.784897,2,9,22,9,168,61.0,3333.0
1155.7849165,6,1,22,3,114,56.0,793.234
1155.78492,5,20,11,2,52,56.0,531.543
1155.880957,1,12,29,9,198,63.0,3502.0
1155.8809585,3,13,30,10,314,63.0,3244.0
1155.880959,2,9,31,14,239,63.0,5542.0
1155.8809695,6,29,30,7,239,58.0,1510.0
1155.880982,5,20,13,2,55,58.0,817.877
1155.976791,1,12,26,7,195,61.0,2297.0
1155.9767925,3,6,23,7,183,61.0,2034.0
1155.976793,2,9,25,8,138,61.0,3147.0
1155.9768125,6,1,21,3,121,56.0,808.496
1155.976816,5,20,10,2,52,56.0,533.499
1156.072664,1,9,29,9,195,62.0,3492.0
1156.072664,2,8,29,13,227,63.0,5380.0
1156.0726655,3,10,30,10,311,63.0,3223.0
1156.072678,5,31,13,3,66,58.0,850.269
1156.0726805,6,12,27,6,205,58.0,1422.0
1158.870339,1,9,27,7,195,60.0,2302.0
1158.870339,2,5,26,10,220,62.0,3553.0
1158.8703405,3,10,25,7,183,61.0,2036.0
1158.8703605,6,7,22,5,194,56.0,903.513
1158.870364,5,20,10,2,52,57.0,536.255
1158.967202,1,11,29,9,197,62.0,3552.0
1158.967204,2,8,28,13,230,62.0,5523.0
1158.9672055,3,10,29,10,311,63.0,3242.0
1158.9672205,6,29,28,6,205,58.0,1420.0
1158.967229,5,6,12,2,55,58.0,817.708
1159.06297,1,6,26,7,195,60.0,2294.0
1159.0629715,3,10,24,7,183,61.0,2023.0
1159.062973,2,5,22,10,224,61.0,3694.0
1159.0629915,6,24,22,5,194,56.0,909.117
1159.062995,5,20,10,2,52,56.0,536.314
1159.15869,1,12,27,10,195,63.0,3505.0
1159.1586915,3,13,30,9,221,63.0,3166.0
1159.158692,2,1,29,14,265,62.0,5372.0
1159.1587055,6,1,28,7,233,57.0,1491.0
1159.158715,5,2,11,2,52,57.0,794.094
1161.985376,1,6,26,7,195,60.0,2302.0
1161.9853775,3,10,24,7,183,61.0,2027.0
1161.985379,2,5,23,9,170,61.0,3331.0
1161.9853975,6,24,21,5,197,56.0,908.76
1161.985404,5,3,9,1,43,56.0,456.296
1162.082239,1,11,28,9,197,62.0,3556.0
1162.082241,2,8,29,13,224,62.0,5292.0
1162.0822425,3,10,29,10,311,63.0,3223.0
1162.0822575,6,29,28,6,208,58.0,1430.0
1162.082266,5,20,13,3,113,58.0,869.283
1162.17801,1,12,26,8,195,61.0,2298.0
1162.1780115,3,13,25,7,183,61.0,2034.0
1162.178012,2,9,24,9,164,62.0,3213.0
1162.1780305,6,1,22,3,97,56.0,771.967
1162.178035,5,2,10,2,52,56.0,540.775
1162.273726,1,12,28,9,195,63.0,3511.0
1162.2737275,3,13,29,8,183,63.0,3101.0
1162.273728,2,9,28,13,227,62.0,5225.0
1162.2737415,6,29,29,6,202,57.0,1416.0
1162.273751,5,5,11,2,51,57.0,796.492
1165.06834,1,6,27,7,195,60.0,2300.0
1165.0683415,3,10,24,7,183,61.0,2036.0
1165.068343,2,2,20,9,170,60.0,3392.0
1165.0683615,6,24,21,5,197,56.0,914.023
1165.068365,5,6,10,2,48,56.0,525.839
1165.165173,1,12,28,9,198,63.0,3504.0
1165.1651745,3,13,30,9,197,63.0,3117.0
1165.165175,2,9,29,13,225,63.0,5230.0
1165.1651855,6,1,29,7,239,58.0,1494.0
1165.165198,5,20,13,2,55,58.0,811.758
1165.260921,1,12,27,8,195,61.0,2301.0
1165.2609225,3,13,24,7,183,61.0,2047.0
1165.260923,2,9,23,10,224,60.0,3459.0
1165.2609415,6,1,23,3,115,56.0,793.705
1165.260946,5,2,10,2,48,56.0,523.174
1165.356687,1,15,29,10,198,63.0,3575.0
1165.356689,2,8,30,13,230,63.0,5331.0
1165.3566915,3,9,29,8,182,63.0,3117.0
1165.3567055,6,29,29,6,205,58.0,1424.0
1165.356715,5,5,12,3,82,57.0,851.487
1168.14811,1,12,26,8,195,61.0,2315.0
1168.1481115,3,9,24,7,179,61.0,2017.0
1168.148112,2,1,23,10,227,60.0,3415.0
1168.1481305,6,24,21,3,97,56.0,773.159
1168.148135,5,2,10,2,48,55.0,523.19
1168.244164,1,12,28,9,198,63.0,3522.0
1168.2441655,3,10,29,10,311,63.0,3199.0
1168.244166,2,6,29,14,262,63.0,5453.0
1168.2441765,6,1,28,7,233,58.0,1484.0
1168.244189,5,20,13,4,193,58.0,925.794
1168.34104,1,12,26,7,194,61.0,2307.0
1168.341042,2,2,24,9,164,60.0,3195.0
1168.3410435,3,7,24,6,180,61.0,1983.0
1168.3410605,6,24,22,5,197,56.0,910.891
1168.341065,5,5,9,2,51,56.0,535.077
1171.205456,1,6,26,7,195,60.0,2316.0
1171.205456,2,5,23,9,173,60.0,3376.0
1171.2054605,3,7,24,6,180,61.0,1978.0
1171.2054775,6,24,21,5,197,56.0,914.788
1171.205484,5,3,9,2,49,56.0,486.02
1171.302318,1,12,28,10,198,63.0,3532.0
1171.3023195,3,13,29,9,186,63.0,3090.0
1171.30232,2,9,27,13,224,63.0,5306.0
1171.302329,5,34,13,3,62,57.0,850.313
1171.3023335,6,26,28,7,233,57.0,1470.0
1171.398086,1,9,26,7,195,61.0,2312.0
1171.3980875,3,10,25,7,183,61.0,2041.0
1171.398089,2,5,23,9,167,61.0,3269.0
1171.3981075,6,1,23,5,194,56.0,900.985
1171.398111,5,20,10,2,52,56.0,536.22
1171.493802,1,8,29,9,197,62.0,3583.0
1171.4938055,3,10,30,10,311,63.0,3243.0
1171.493807,2,5,28,13,236,62.0,5334.0
1171.4938205,6,29,28,6,208,58.0,1427.0
1171.493829,5,6,12,3,113,58.0,877.475
1174.325264,1,6,27,7,195,60.0,2313.0
1174.3252655,3,10,24,7,183,61.0,2024.0
1174.325267,2,5,23,10,221,61.0,3518.0
1174.3252855,6,24,22,5,197,56.0,908.354
1174.325289,5,6,10,2,52,56.0,531.795
1174.422097,1,12,29,10,198,63.0,3539.0
1174.4220985,3,13,28,10,314,63.0,3231.0
1174.422099,2,9,28,13,227,63.0,5302.0
1174.422108,5,16,14,3,66,57.0,849.014
1174.4221175,6,25,28,6,180,57.0,1343.0
1174.518191,1,6,26,7,195,60.0,2320.0
1174.518191,2,5,25,10,230,60.0,3416.0
1174.5181955,3,7,23,6,180,61.0,1973.0
1174.5182125,6,24,21,5,197,56.0,908.599
1174.518219,5,3,9,2,49,56.0,483.703
1174.613909,1,12,28,10,198,63.0,3532.0
1174.6139105,3,13,28,9,186,63.0,3098.0
1174.613911,2,9,31,13,233,62.0,5309.0
1174.6139215,6,29,28,7,236,57.0,1484.0
1174.613934,5,20,13,2,55,57.0,821.891
1177.457491,1,12,25,7,192,61.0,2306.0
1177.4574915,3,10,25,7,183,61.0,2032.0
1177.457493,2,1,21,11,230,62.0,3598.0
1177.4575115,6,24,22,4,163,56.0,844.108
1177.457516,5,5,10,2,51,55.0,531.232
1177.553253,1,12,28,10,195,63.0,3522.0
1177.5532545,3,13,28,9,221,63.0,3149.0
1177.553255,2,9,31,15,332,63.0,5677.0
1177.5532685,6,29,29,6,199,57.0,1399.0
1177.553278,5,5,12,2,55,57.0,823.223
1177.648974,1,12,27,8,195,61.0,2321.0
1177.6489755,3,13,23,7,183,61.0,2037.0
1177.648976,2,9,23,8,138,61.0,3133.0
1177.6489945,6,1,21,3,115,56.0,790.627
1177.648999,5,2,11,2,52,56.0,529.762
1180.540428,1,9,26,7,195,61.0,2321.0
1180.5404295,3,10,24,7,183,61.0,2014.0
1180.540431,2,2,22,9,170,61.0,3366.0
1180.5404495,6,1,21,5,194,56.0,895.971
1180.540453,5,20,10,2,52,56.0,533.487
1180.637286,1,15,29,10,197,63.0,3594.0
1180.6372905,3,9,29,8,182,63.0,3104.0
1180.637291,2,5,29,13,239,62.0,5382.0
1180.6373045,6,29,28,6,205,58.0,1412.0
1180.637313,5,6,12,2,49,57.0,784.786
1180.733057,1,12,27,8,195,61.0,2322.0
1180.7330585,3,13,24,7,183,61.0,2041.0
1180.733059,2,9,23,9,170,61.0,3402.0
1180.7330775,6,1,22,3,115,55.0,786.296
1180.733082,5,2,10,2,52,56.0,548.644
1183.663369,1,12,27,7,195,61.0,2330.0
1183.6633705,3,13,23,7,183,61.0,2036.0
1183.663371,2,9,25,9,171,61.0,3409.0
1183.6633895,6,1,22,3,115,56.0,792.333
1183.663394,5,20,11,2,55,56.0,537.083
1183.760207,1,8,29,9,197,62.0,3612.0
1183.760209,2,8,30,14,268,62.0,5549.0
1183.7602105,3,10,29,8,183,63.0,3087.0
1183.7602255,6,29,29,6,205,58.0,1414.0
1183.760234,5,6,12,3,113,57.0,884.395
1183.855957,1,12,27,7,195,61.0,2328.0
1183.8559585,3,6,23,7,183,61.0,2009.0
1183.855959,2,9,24,9,168,61.0,3188.0
1183.8559775,6,2,20,4,178,56.0,868.094
1183.855982,5,20,11,2,48,56.0,521.61
1183.951751,1,15,28,10,198,63.0,3608.0
1183.9517555,3,9,28,10,314,63.0,3208.0
1183.951756,2,1,27,14,265,62.0,5449.0
1183.9517695,6,29,27,6,202,57.0,1410.0
1183.951779,5,5,11,2,51,57.0,815.229
1186.84292,1,12,27,8,195,61.0,2334.0
1186.8429215,3,13,23,7,183,61.0,2027.0
1186.842922,2,9,23,11,236,60.0,3510.0
1186.8429405,6,1,22,3,115,55.0,783.111
1186.842945,5,2,10,2,48,56.0,518.022
1186.938942,1,15,29,9,197,63.0,3607.0
1186.938945,2,7,29,13,238,62.0,5516.0
1186.9389465,3,9,29,8,182,63.0,3095.0
1186.9389605,6,29,28,6,205,57.0,1418.0
1186.938969,5,6,12,2,52,58.0,818.184
1187.034815,1,12,26,8,195,61.0,2328.0
1187.0348165,3,9,23,7,183,61.0,2010.0
1187.034817,2,1,23,10,224,61.0,3526.0
1187.0348355,6,24,21,3,97,55.0,762.471
1187.03484,5,2,9,2,51,55.0,525.155
1187.130639,1,12,28,10,198,63.0,3568.0
1187.1306405,3,13,28,8,183,63.0,3088.0
1187.130641,2,9,29,13,239,63.0,5489.0
1187.1306545,6,30,29,7,233,57.0,1466.0
1187.130664,5,2,10,2,55,57.0,809.088
1190.037031,1,12,28,7,195,61.0,2324.0
1190.037031,2,2,24,10,227,61.0,3568.0
1190.0370325,3,10,23,7,183,61.0,2020.0
1190.0370525,6,1,22,4,177,56.0,857.296
1190.037056,5,20,10,2,52,56.0,530.567
1190.132822,1,12,28,10,198,63.0,3564.0
1190.1328235,3,13,28,8,186,63.0,3096.0
1190.132824,2,9,29,13,239,62.0,5303.0
1190.1328375,6,30,29,7,233,57.0,1463.0
1190.132847,5,2,11,2,55,57.0,822.207
1190.228657,1,12,27,7,195,61.0,2346.0
1190.2286585,3,13,24,7,183,61.0,2013.0
1190.228659,2,9,24,9,168,61.0,3299.0
1190.2286775,6,1,21,4,178,56.0,859.014
1190.228682,5,20,11,2,52,56.0,538.987
1193.188886,1,12,26,8,195,61.0,2337.0
1193.1888875,3,13,24,7,183,61.0,2018.0
1193.188888,2,9,25,10,224,62.0,3480.0
1193.1889065,6,24,19,3,97,55.0,763.932
1193.188911,5,2,10,2,48,56.0,519.278
1193.284977,1,12,28,10,198,63.0,3560.0
1193.2849785,3,13,28,8,186,63.0,3080.0
1193.284979,2,9,28,14,239,63.0,5710.0
1193.284988,5,19,13,3,69,57.0,880.631
1193.2849925,6,29,27,7,233,57.0,1461.0
1193.380726,1,12,26,8,195,61.0,2349.0
1193.3807275,3,9,24,6,176,61.0,1981.0
1193.380728,2,1,22,10,224,61.0,3391.0
1193.3807465,6,24,21,3,97,56.0,763.742
1193.380751,5,2,10,2,52,55.0,531.216
1196.335816,2,8,25,10,227,61.0,3533.0
1196.335816,1,9,27,7,195,61.0,2347.0
1196.3358175,3,10,24,7,183,61.0,1997.0
1196.3358375,6,7,20,5,194,56.0,884.676
1196.335841,5,20,10,2,46,56.0,502.667
1196.431667,1,12,28,9,198,63.0,3590.0
1196.431667,2,8,27,13,229,63.0,5335.0
1196.4316685,3,6,29,10,311,63.0,3199.0
1196.4316795,6,1,28,6,206,58.0,1407.0
1196.431692,5,20,12,2,55,58.0,813.572
1196.527531,1,12,27,8,195,61.0,2347.0
1196.5275325,3,13,22,7,183,61.0,2010.0
1196.527533,2,9,27,11,236,62.0,3643.0
1196.5275515,6,1,20,3,115,56.0,783.345
1196.527556,5,20,10,2,52,56.0,536.124
1199.448058,1,12,27,8,195,61.0,2349.0
1199.4480595,3,13,23,7,183,61.0,2002.0
1199.44806,2,9,25,9,164,62.0,3218.0
1199.4480785,6,1,21,3,115,55.0,781.602
1199.448083,5,2,10,2,48,56.0,523.752
1199.544896,1,8,29,9,197,62.0,3637.0
1199.544898,2,8,26,13,239,63.0,5458.0
1199.5448995,3,10,31,10,311,63.0,3198.0
1199.544912,5,17,12,3,124,58.0,934.872
1199.5449145,6,29,27,6,205,58.0,1396.0
1202.519944,1,12,27,7,195,61.0,2358.0
1202.5199455,3,13,23,7,183,61.0,2011.0
1202.519946,2,9,26,9,168,62.0,3234.0
1202.5199645,6,1,20,4,178,56.0,858.646
1202.519969,5,20,10,2,52,56.0,530.957
1202.615708,1,12,28,10,198,63.0,3603.0
1202.6157095,3,13,29,8,186,63.0,3079.0
1202.61571,2,9,28,13,233,62.0,5265.0
1202.6157235,6,30,27,7,236,57.0,1445.0
1202.615733,5,20,11,2,55,57.0,811.634
1205.589923,1,12,26,8,192,61.0,2354.0
1205.5899245,3,9,22,6,183,61.0,2001.0
1205.589925,2,2,22,10,227,60.0,3492.0
1205.5899435,6,24,20,3,89,56.0,746.662
1205.589948,5,5,9,2,48,56.0,527.631
1205.685986,1,12,28,10,198,63.0,3601.0
1205.6859875,3,13,28,10,292,63.0,3153.0
1205.685988,2,9,30,13,233,63.0,5243.0
1205.6860015,6,30,27,7,236,57.0,1444.0
1205.686011,5,20,13,2,55,57.0,826.633
1205.782884,1,12,28,7,195,61.0,2367.0
1205.7828855,3,13,22,7,183,61.0,2000.0
1205.782886,2,9,23,9,168,62.0,3296.0
1205.7829085,6,2,19,4,174,56.0,837.772
1205.782909,5,20,10,2,52,57.0,535.588
1208.722908,1,12,26,8,195,61.0,2395.0
1208.7229095,3,13,24,7,183,61.0,2013.0
1208.72291,2,1,23,10,224,60.0,3340.0
1208.7229285,6,24,19,3,85,56.0,728.54
1208.722933,5,2,10,2,48,55.0,520.967
1208.81972,1,9,29,9,198,62.0,3639.0
1208.81972,2,8,28,13,239,63.0,5350.0
1208.8197215,3,10,29,9,215,63.0,3114.0
1208.8197325,6,33,27,6,206,58.0,1392.0
1208.819745,5,20,12,3,113,58.0,909.017
1208.915566,1,12,27,8,195,62.0,2374.0
1208.9155675,3,13,22,7,183,61.0,1984.0
1208.915568,2,1,22,10,230,60.0,3433.0
1208.9155865,6,1,20,3,115,55.0,779.918
1208.915591,5,2,11,2,48,56.0,528.875
1211.872829,1,12,28,8,195,61.0,2374.0
1211.8728305,3,13,23,7,183,61.0,2004.0
1211.872831,2,9,25,11,236,61.0,3496.0
1211.8728535,6,2,20,4,174,56.0,833.309
1211.872854,5,20,10,2,55,56.0,548.48
1211.969644,1,15,29,10,195,63.0,3638.0
1211.9696475,3,10,30,9,289,63.0,3140.0
1211.969649,2,2,27,13,236,62.0,5135.0
1211.9696625,6,29,26,7,233,58.0,1427.0
1211.969671,5,6,12,3,113,58.0,892.796
1212.065492,1,5,26,7,191,61.0,2342.0
1212.065494,2,5,22,10,236,61.0,3421.0
1212.0654955,3,7,23,6,177,61.0,1951.0
1212.0655125,6,24,19,3,85,56.0,735.496
1212.065517,5,5,10,2,82,56.0,557.91
1215.021736,1,9,28,7,195,61.0,2379.0
1215.0217375,3,10,22,7,183,61.0,1974.0
1215.021738,2,6,25,10,225,60.0,3430.0
1215.021761,5,20,10,2,48,57.0,526.066
1215.0217615,6,1,17,4,173,56.0,817.951
1215.11857,1,12,29,10,198,63.0,3633.0
1215.1185715,3,13,29,10,292,63.0,3174.0
1215.118572,2,9,28,13,233,62.0,5191.0
1215.1185855,6,29,26,6,233,57.0,1435.0
1215.118595,5,5,11,2,55,57.0,812.939
1218.153694,2,8,24,11,233,61.0,3534.0
1218.153694,1,9,27,7,195,60.0,2392.0
1218.1536955,3,10,22,7,183,61.0,1998.0
1218.1537155,6,7,16,4,180,56.0,850.895
1218.153719,5,6,10,2,52,56.0,536.063
1218.249758,1,12,29,9,195,63.0,3646.0
1218.2497595,3,10,28,8,183,63.0,3034.0
1218.24976,2,6,27,13,228,62.0,5075.0
1218.2497705,6,1,27,6,206,58.0,1381.0
1218.249783,5,20,12,2,55,58.0,825.55
1221.225751,1,12,27,8,195,61.0,2397.0
1221.2257525,3,13,23,7,183,61.0,1990.0
1221.225753,2,9,25,11,236,61.0,3501.0
1221.2257715,6,1,20,3,115,55.0,777.327
1221.225776,5,2,9,2,48,56.0,524.809
1221.322392,1,12,28,10,198,63.0,3673.0
1221.3223935,3,13,28,10,292,63.0,3153.0
1221.322394,2,9,27,13,233,63.0,5121.0
1221.3224075,6,30,27,5,183,57.0,1321.0
1221.322417,5,20,13,2,55,58.0,812.855
1224.182355,5,1,1,0,1,45.0,0.0
1224.377917,1,12,28,7,195,61.0,2396.0
1224.3779185,3,7,23,7,183,61.0,1997.0
1224.377919,2,1,28,11,237,61.0,3434.0
1224.3779295,6,1,20,4,189,56.0,858.172
1224.377942,5,20,10,2,52,57.0,536.293
1224.388457,5,2,3,0,46,52.0,103.378
1224.3884645,6,2,3,0,2,49.0,4.305
1224.388475,1,1,4,0,1,49.0,0.0
1224.474761,1,12,30,9,195,63.0,3664.0
1224.4747625,3,10,29,8,183,63.0,3046.0
1224.474763,2,6,30,13,237,63.0,5222.0
1224.4747735,6,16,27,6,206,58.0,1356.0
1224.474775,5,31,13,3,66,58.0,872.129
1227.531797,1,12,28,7,195,61.0,2409.0
1227.531798,2,10,25,10,226,61.0,3436.0
1227.5317985,3,13,23,7,183,61.0,1983.0
1227.531808,5,34,11,2,59,57.0,548.317
1227.5318185,6,1,18,4,177,56.0,833.12
1230.624863,1,12,27,7,195,61.0,2425.0
1230.624863,2,8,24,9,173,61.0,3191.0
1230.6248645,3,6,24,7,183,61.0,1983.0
1230.6248845,6,1,17,4,177,56.0,825.69
1230.624888,5,20,11,2,48,57.0,522.538
1230.720605,1,9,30,9,195,63.0,3697.0
1230.720605,2,5,28,13,239,63.0,5230.0
1230.7206065,3,10,30,9,289,63.0,3125.0
1230.7206175,6,16,24,6,206,58.0,1356.0
1230.720619,5,31,13,4,124,58.0,945.505
1233.784535,1,12,27,8,195,62.0,2437.0
1233.7845365,3,13,24,7,183,61.0,1981.0
1233.784537,2,9,24,8,138,61.0,2872.0
1233.7845555,6,1,18,4,178,56.0,832.476
1233.78456,5,20,9,2,48,57.0,539.811
1233.880369,1,8,29,10,197,62.0,3765.0
1233.880371,2,8,30,13,239,62.0,5294.0
1233.8803725,3,10,28,9,289,63.0,3121.0
1233.8803835,6,33,24,6,206,58.0,1349.0
1233.880396,5,6,13,3,83,58.0,868.063
1236.951487,1,8,27,8,194,61.0,2454.0
1236.951492,2,2,24,10,236,61.0,3347.0
1236.9514935,3,7,24,6,181,61.0,1922.0
1236.9515105,6,24,17,3,85,56.0,716.242
1236.951517,5,3,9,2,80,56.0,503.414
1237.047566,1,9,30,9,195,63.0,3725.0
1237.047566,2,11,29,13,239,63.0,5115.0
1237.0475675,3,10,29,9,289,63.0,3096.0
1237.0475785,6,16,23,6,192,58.0,1321.0
1237.047591,5,20,13,3,113,58.0,891.29
1239.662734,5,1,1,0,1,46.0,0.0
1240.084389,1,12,27,8,195,62.0,2459.0
1240.0843905,3,13,23,7,183,61.0,1962.0
1240.084391,2,9,24,8,138,61.0,2784.0
1240.0844095,6,1,18,4,178,55.0,828.796
1240.084414,5,20,10,2,48,56.0,528.172
1243.171419,1,12,27,8,195,62.0,2460.0
1243.1714205,3,13,25,7,183,61.0,1971.0
1243.171421,2,9,26,8,167,61.0,2922.0
1243.1714395,6,1,17,4,178,55.0,826.078
1243.171444,5,20,9,2,48,56.0,536.553
1246.23528,1,8,29,8,195,61.0,2490.0
1246.235282,2,8,26,10,239,60.0,3271.0
1246.2352865,3,7,23,6,181,61.0,1917.0
1246.2353035,6,24,17,3,89,56.0,720.657
1246.235308,5,5,10,2,82,56.0,583.771
1249.392495,1,12,27,8,195,62.0,2479.0
1249.3924965,3,13,24,6,183,62.0,1945.0
1249.392497,2,9,26,8,168,61.0,2958.0
1249.3925155,6,1,17,4,181,55.0,835.105
1249.39252,5,20,9,2,48,57.0,530.78
1249.488248,1,12,30,10,198,63.0,3798.0
1249.4882495,3,13,28,9,289,63.0,3065.0
1249.48825,2,9,29,13,240,63.0,4914.0
1249.4882605,6,30,22,6,189,57.0,1295.0
1249.488273,5,20,12,3,85,58.0,870.792
1252.613216,1,12,27,8,195,62.0,2505.0
1252.6132175,3,13,25,6,183,61.0,1950.0
1252.613218,2,1,26,8,167,61.0,2884.0
1252.6132365,6,24,16,4,178,55.0,819.14
1252.613241,5,2,9,2,48,56.0,539.502
1258.594075,1,2,2,0,2,47.0,6.26
1258.594076,5,1,1,0,1,45.0,0.0
1258.5940775,3,1,1,0,1,45.0,0.0
1258.805496,1,12,27,8,192,61.0,2512.0
1258.8054975,3,6,24,6,165,61.0,1877.0
1258.805498,2,6,26,10,228,61.0,3294.0
1258.8055085,6,50,17,3,94,56.0,721.166
1258.805521,5,20,10,2,83,57.0,573.987
1261.701723,1,2,1,0,2,49.0,6.846
1261.960234,1,12,27,8,195,61.0,2526.0
1261.9602355,3,9,25,6,183,61.0,1938.0
1261.960236,2,1,25,10,230,60.0,2979.0
1261.9602495,6,29,16,4,183,56.0,816.566
1261.960259,5,5,9,2,48,56.0,532.355
1265.138874,1,6,29,8,193,61.0,2538.0
1265.1388755,3,10,25,6,184,61.0,1936.0
1265.138877,2,5,24,10,230,61.0,3092.0
1265.1388955,6,24,16,4,175,56.0,791.256
1265.138899,5,6,10,2,83,56.0,576.253
1298.569355,1,1,1,0,1,48.0,0.0
1298.790368,1,1,1,0,1,45.0,0.0
1314.156909,5,2,2,0,4,50.0,34.624
1320.365911,1,2,2,0,11,58.0,119.755
1329.3780485,3,1,1,0,1,45.0,0.0
1335.276243,2,1,1,0,1,50.0,0.0
1335.276256,1,1,2,0,1,49.0,0.0
1344.9670595,6,1,2,0,8,52.0,38.335
1360.463405,5,1,1,0,1,45.0,0.0
1372.585833,5,3,2,0,4,47.0,15.566
1376.046143,2,1,1,0,1,52.0,0.0
1376.0461445,3,1,1,0,1,45.0,0.0
1376.0461555,6,1,2,0,1,45.0,0.0
1384.8838555,6,1,1,0,1,45.0,0.0
1385.162616,1,1,1,0,1,46.0,0.0
1388.454157,5,3,2,0,4,48.0,30.29
1397.6637445,3,1,1,0,1,50.0,0.0
1397.663764,5,2,4,0,2,52.0,12.963
1407.088177,5,2,1,0,3,46.0,10.408
1410.017271,5,3,3,0,20,59.0,392.847
1410.062717,5,1,1,0,1,46.0,0.0
1413.0755915,6,2,1,0,4,51.0,27.185
1416.172245,5,3,2,0,4,53.0,60.588
1416.2113035,3,2,1,0,2,45.0,3.55
1422.349419,1,2,7,1,55,62.0,369.019
1422.3494405,3,1,3,0,19,50.0,71.195
1422.349441,2,31,4,0,32,54.0,193.696
1422.349459,5,2,3,0,3,49.0,12.543
1428.1549355,3,3,29,11,297,63.0,3612.0
1428.154939,5,9,27,10,210,67.0,4820.0
1428.154942,2,7,26,14,197,67.0,8481.0
1428.1549435,6,27,35,14,293,67.0,6366.0
1428.154945,1,10,33,12,283,68.0,5616.0
1428.179877,5,3,3,0,7,52.0,62.181
1428.299655,2,23,10,3,53,64.0,2059.0
1428.299662,1,2,7,1,67,54.0,144.003
1428.2996745,3,2,3,0,25,54.0,116.81
1428.2996775,6,2,6,0,45,54.0,150.783
1428.299685,5,6,12,3,64,63.0,1582.0
1428.443418,5,2,2,0,2,53.0,6.26
1428.5520405,6,2,1,0,3,50.0,17.621
1431.517026,1,2,6,0,22,61.0,398.655
1431.5329465,3,1,1,0,1,45.0,0.0
1431.7406325,3,2,4,1,70,53.0,138.693
1431.7406435,6,1,5,0,18,51.0,47.809
1431.740646,5,1,1,0,1,45.0,0.0
1434.625388,1,1,1,0,1,46.0,0.0
1434.685962,1,2,5,1,39,58.0,239.281
1441.030579,1,1,1,0,1,45.0,0.0
1443.9127235,3,1,2,0,5,55.0,80.767
1444.020318,1,2,1,0,2,48.0,9.078
1447.295954,1,1,5,1,90,52.0,181.038
1447.29597,5,2,2,0,14,51.0,68.75
1447.2960025,6,1,3,0,1,48.0,0.0
1450.1592205,3,1,1,0,1,45.0,0.0
1450.159233,5,1,1,0,1,45.0,0.0
1450.522496,2,2,28,15,210,71.0,9568.0
1450.5225005,3,10,29,9,282,61.0,2382.0
1450.522507,1,18,39,13,228,68.0,7349.0
1450.5225085,6,60,29,8,274,60.0,1870.0
1450.522516,5,70,40,11,238,63.0,4248.0
1450.590829,1,1,1,0,1,45.0,0.0
1450.594177,1,1,7,1,26,56.0,293.312
1456.5888385,3,2,4,0,50,50.0,83.138
1456.588839,5,1,11,2,70,55.0,404.239
1456.5888405,6,2,8,1,69,52.0,199.683
1456.588848,1,4,11,2,103,58.0,633.143
1456.588862,2,5,5,0,16,54.0,155.578
1456.855023,5,2,1,0,3,50.0,43.542
1456.934254,1,1,1,0,1,45.0,0.0
1456.9342565,3,1,3,0,15,52.0,65.707
1456.934271,2,1,1,0,1,52.0,0.0
1456.9342845,6,1,2,0,62,47.0,65.355
1456.934313,5,2,2,0,2,46.0,3.665
1456.9814675,6,1,1,0,4,48.0,11.73
1459.7009865,6,2,4,0,16,57.0,135.276
1459.8288775,6,4,25,7,208,66.0,2303.0
1459.828878,5,8,30,9,244,63.0,2989.0
1459.828893,1,18,24,6,223,58.0,1316.0
1459.828895,2,37,24,9,151,64.0,4316.0
1459.8289035,3,64,20,8,270,59.0,1950.0
1462.738901,1,18,6,1,131,56.0,238.502
1462.7389085,3,1,1,0,1,45.0,0.0
1462.7389375,6,1,3,0,10,47.0,21.023
1463.0191845,6,2,1,0,3,51.0,22.54
1463.1597855,6,1,1,0,1,45.0,0.0
1465.841551,1,2,1,0,2,45.0,3.784
1465.936701,5,2,5,0,19,52.0,85.763
1465.9367025,6,1,1,0,1,48.0,0.0
1465.9367265,3,1,1,0,1,45.0,0.0
1465.936736,1,1,1,0,1,45.0,0.0
1465.975889,5,2,5,1,37,61.0,1016.0
1466.3231725,6,1,4,1,25,65.0,798.393
1472.157241,1,87,18,4,127,60.0,1306.0
1472.1572415,6,1,14,2,84,54.0,533.111
1472.1572465,3,7,7,1,51,54.0,191.496
1472.157247,2,27,16,5,127,59.0,1506.0
1472.15725,5,29,17,3,115,55.0,597.445
1472.4892655,6,1,2,0,1,46.0,0.0
1472.489279,1,1,3,0,1,47.0,0.0
1472.489288,5,2,2,0,3,47.0,11.258
1475.375226,5,4,2,0,17,56.0,145.391
1475.3752405,6,1,2,0,1,50.0,0.0
1475.3752475,3,1,1,0,1,46.0,0.0
1475.404255,5,2,4,0,2,55.0,76.152
1475.436667,5,1,1,0,1,45.0,0.0
1475.515638,1,2,1,0,3,51.0,19.82
1475.751198,5,2,1,0,2,45.0,4.4
1478.604264,1,2,3,0,8,52.0,67.518
1481.477162,5,3,3,0,8,47.0,36.652
1481.584936,5,2,3,0,3,52.0,28.438
1481.5849595,6,1,2,0,4,52.0,25.905
1484.3283595,6,2,3,0,15,52.0,87.081
1484.328381,5,3,6,1,35,54.0,221.016
1484.328415,1,2,2,0,3,49.0,15.721
1484.328419,2,1,1,0,1,50.0,0.0
1484.501363,5,3,3,0,9,47.0,29.52
1484.543812,1,21,16,4,111,60.0,1128.0
1484.543815,2,2,11,4,120,60.0,1504.0
1484.543821,5,39,12,2,69,56.0,684.566
1484.5438225,6,1,11,2,123,53.0,390.792
1484.5438445,3,1,6,0,37,50.0,79.697
1484.6436675,6,1,1,0,1,45.0,0.0
1487.3501525,3,1,1,0,1,45.0,0.0
1487.374654,5,1,2,0,1,46.0,0.0
1487.4214515,6,1,2,0,1,46.0,0.0
1487.421456,5,3,5,0,4,50.0,17.72
1487.421457,1,1,5,0,11,51.0,44.422
1487.5742015,6,1,1,0,1,48.0,0.0
1487.664249,1,1,3,0,6,49.0,21.354
1487.676321,5,2,1,0,2,54.0,4.529
1490.582478,1,1,1,0,1,45.0,0.0
1490.582506,5,1,1,0,1,45.0,0.0
1490.8419465,3,1,1,0,1,45.0,0.0
1490.895706,1,2,1,0,2,45.0,4.793
1490.9112145,6,2,1,0,5,50.0,20.541
1490.91124,5,1,2,0,1,46.0,0.0
1490.928368,2,1,1,0,1,50.0,0.0
1493.583549,5,2,1,0,2,46.0,7.374
1493.5835555,3,1,1,0,1,45.0,0.0
1493.6733905,6,1,2,0,1,45.0,0.0
1493.673403,5,9,5,0,23,52.0,142.21
1493.673442,1,1,2,0,1,48.0,0.0
1493.798467,1,2,1,0,7,52.0,50.804
1493.810523,2,1,1,0,1,50.0,0.0
1493.8300575,6,3,5,1,25,58.0,693.634
1493.830079,5,3,2,0,5,47.0,16.791
1493.8417725,6,1,1,0,1,45.0,0.0
1493.8575565,6,1,1,0,1,46.0,0.0
1493.950341,5,3,2,0,4,47.0,25.249
1493.9503655,6,1,1,0,1,45.0,0.0
1494.034683,1,4,1,0,5,51.0,40.593
1494.0426375,6,1,1,0,1,45.0,0.0
1496.8772375,6,1,1,0,1,45.0,0.0
1499.942085,1,1,6,1,96,50.0,140.966
1499.9420885,6,1,4,0,4,49.0,12.256
1499.942091,5,1,7,0,6,52.0,35.231
1499.9421045,3,1,1,0,1,45.0,0.0
1499.986092,1,1,1,0,1,52.0,0.0
1500.126472,5,3,1,0,4,46.0,13.129
1500.221351,5,3,4,0,9,52.0,54.349
1500.2213715,6,1,2,0,1,47.0,0.0
1500.2507685,6,1,1,0,1,45.0,0.0
1500.2781355,6,4,6,1,25,60.0,912.376
1500.278158,5,8,9,1,26,54.0,215.738
1500.2781805,3,2,2,0,6,50.0,43.407
1500.2782,1,1,2,0,1,50.0,0.0
1500.278203,2,1,2,0,4,52.0,22.22
1500.3763895,6,1,1,0,1,45.0,0.0
1503.057967,5,2,1,0,3,46.0,10.276
1503.117194,1,1,1,0,1,48.0,0.0
1503.162828,1,2,1,0,2,45.0,9.829
1503.211923,1,2,1,0,2,46.0,15.734
1503.399403,5,5,3,1,12,62.0,757.528
1503.443866,5,2,5,0,7,53.0,71.216
1503.4438695,6,1,3,0,1,48.0,0.0
1506.16955,1,2,3,0,14,55.0,185.972
1506.271901,5,2,9,1,49,56.0,325.551
1506.271903,2,1,4,0,1,56.0,0.0
1506.27191,1,3,14,2,87,55.0,455.232
1506.2719145,6,1,7,1,50,52.0,175.74
1506.2719335,3,1,3,0,19,49.0,31.116
1506.303484,1,3,5,1,65,57.0,580.739
1506.341383,1,2,1,0,2,52.0,43.84
1506.4110795,3,1,1,0,1,45.0,0.0
1506.414485,1,2,4,0,22,52.0,211.081
1506.449366,5,2,4,0,6,57.0,189.992
1506.507713,5,1,2,0,1,49.0,0.0
1506.5343185,6,1,1,0,1,48.0,0.0
1506.534344,5,2,1,0,2,45.0,3.241
1506.6656715,6,2,4,0,35,52.0,105.04
1506.665673,5,8,4,0,9,54.0,128.682
1506.665695,1,1,6,1,66,50.0,101.657
1506.6657185,3,1,3,0,23,48.0,50.326
1509.3351855,3,1,1,0,1,45.0,0.0
1509.381144,1,2,2,0,3,57.0,64.925
1509.437821,1,1,2,0,1,48.0,0.0
1509.461996,1,2,2,0,2,49.0,16.967
1509.5794885,3,1,1,0,1,45.0,0.0
1509.5795015,6,1,1,0,1,47.0,0.0
1509.5840825,6,2,1,0,3,48.0,14.606
1509.682916,1,5,6,1,40,60.0,506.041
1509.6829395,6,1,2,0,1,52.0,0.0
1509.692918,5,3,2,0,8,53.0,99.957
1509.692948,1,1,2,0,1,48.0,0.0
1509.7188625,6,1,2,0,8,49.0,29.951
1509.728863,5,4,6,0,11,57.0,280.171
1509.742024,1,1,1,0,1,45.0,0.0
1509.773368,1,1,2,0,1,48.0,0.0
1509.800955,5,2,1,0,3,56.0,49.579
1509.8227715,3,1,1,0,1,45.0,0.0
1512.497251,1,2,6,1,42,60.0,428.292
1512.614169,1,2,20,8,125,68.0,5025.0
1512.614202,5,3,2,0,7,50.0,48.581
1512.6142065,6,1,2,0,1,53.0,0.0
1512.658558,1,5,32,21,216,73.0,25181.0
1512.658578,2,1,4,0,12,53.0,129.1
1512.6585855,3,2,4,0,71,48.0,55.401
1512.658592,5,2,14,1,58,53.0,313.217
1512.6585965,6,2,4,0,34,49.0,99.278
1512.6598,1,22,6,1,57,60.0,415.209
1512.660663,1,2,9,2,46,65.0,1552.0
1512.7413105,6,1,1,0,1,45.0,0.0
1512.890545,5,2,2,0,2,47.0,5.52
1512.8905705,6,1,2,0,1,46.0,0.0
1512.890586,1,1,1,0,1,48.0,0.0
1512.909297,1,1,1,0,1,45.0,0.0
1515.430151,5,1,5,0,31,54.0,75.358
1515.4301655,6,1,3,0,5,51.0,23.458
1515.4302195,3,1,1,0,1,45.0,0.0
1515.430223,1,1,2,0,4,47.0,8.565
1515.438563,1,1,2,0,1,47.0,0.0
1515.473066,1,1,1,0,1,48.0,0.0
1515.6092435,6,1,1,0,1,45.0,0.0
1515.6519905,6,1,2,0,5,48.0,12.189
1515.7613465,3,1,1,0,4,48.0,12.143
1515.80256,1,5,3,0,8,54.0,89.298
1515.8337705,3,1,1,0,1,45.0,0.0
1515.833781,5,2,2,0,3,47.0,17.357
1515.8338005,6,1,1,0,1,45.0,0.0
1515.848055,1,4,2,0,7,50.0,39.702
1515.8787355,6,8,2,0,9,52.0,78.129
1515.8862765,6,2,2,0,23,52.0,90.53
1515.926355,1,1,4,0,7,53.0,60.009
1515.935663,5,2,5,0,12,56.0,148.244
1515.935757,1,1,1,0,1,47.0,0.0
1515.9418765,6,1,1,0,1,45.0,0.0
1515.94874,1,2,1,0,3,49.0,20.699
1515.9736565,6,1,1,0,1,46.0,0.0
1518.5368295,6,1,1,0,1,47.0,0.0
1518.5554165,3,2,1,0,2,45.0,7.169
1518.613531,5,2,2,0,13,51.0,55.957
1518.6161005,6,1,2,0,1,45.0,0.0
1518.695798,5,2,2,0,2,47.0,9.497
1518.7237445,6,1,2,0,1,55.0,0.0
1518.770282,5,1,4,0,6,48.0,20.346
1518.77288,1,4,3,0,7,55.0,113.518
1518.80567,1,3,1,0,4,50.0,32.885
1518.888048,5,2,13,2,76,63.0,982.926
1518.8880595,6,1,9,1,72,54.0,262.977
1518.88806,1,2,4,0,38,50.0,64.598
1518.888071,2,1,8,2,74,56.0,549.899
1518.8881015,3,2,2,0,41,47.0,58.721
1518.911222,5,7,30,10,252,64.0,4098.0
1518.911228,1,46,25,5,164,57.0,1127.0
1518.9112345,6,22,19,5,139,63.0,1515.0
1518.9112385,3,45,12,3,117,57.0,793.428
1518.911251,2,2,11,4,73,64.0,2312.0
1518.9611955,6,1,1,0,1,45.0,0.0
1521.5268955,6,1,3,0,4,57.0,66.732
1521.5509865,6,1,1,0,1,45.0,0.0
1521.556879,5,2,30,34,356,84.0,130318.0
1521.5568965,6,15,8,1,36,59.0,574.371
1521.556949,1,1,2,0,1,53.0,0.0
1521.5788495,6,7,3,0,18,53.0,98.047
1521.583079,1,2,1,0,3,49.0,16.191
1521.6285035,6,1,1,0,1,46.0,0.0
1521.6934445,6,2,1,0,5,46.0,52.173
1521.7289385,6,1,1,0,1,47.0,0.0
1521.788646,1,2,2,0,2,51.0,7.541
1521.7934355,6,1,6,2,24,69.0,1535.0
1521.854287,5,3,7,1,20,61.0,944.915
1521.881164,5,1,1,0,1,45.0,0.0
1521.881807,1,1,1,0,4,47.0,10.723
1521.88879,5,5,3,0,6,53.0,62.837
1521.9144795,6,1,1,0,1,45.0,0.0
1521.9403335,6,1,1,0,1,45.0,0.0
1521.9405285,3,1,1,0,1,45.0,0.0
1522.0207055,6,1,1,0,1,45.0,0.0
1522.022643,1,2,5,0,45,54.0,175.198
1522.041772,5,3,2,0,4,53.0,47.461
1522.0418675,3,2,1,0,2,46.0,4.529
1524.598165,1,3,5,0,11,56.0,177.148
1524.6766485,6,2,9,1,27,60.0,916.315
1524.676657,5,6,17,1,36,59.0,463.963
1524.6766835,3,1,4,0,38,52.0,136.413
1524.676689,2,1,2,0,1,51.0,0.0
1524.676691,1,1,5,1,57,52.0,173.559
1524.705245,5,1,4,0,38,48.0,96.842
1524.7052505,6,2,1,0,8,51.0,56.649
1524.705294,1,1,1,0,1,48.0,0.0
1524.7071885,6,1,2,0,1,52.0,0.0
1524.71808,5,2,3,0,11,53.0,114.619
1524.73063,5,1,3,0,19,50.0,40.672
1524.73783,5,3,5,0,10,54.0,98.265
1524.743873,1,3,4,0,37,56.0,175.759
1524.767046,5,3,4,0,4,48.0,25.42
1524.9088105,3,2,1,0,2,45.0,9.45
1524.910876,1,2,2,0,3,54.0,52.244
1524.9117315,6,2,1,0,3,49.0,12.04
1525.013593,5,6,5,0,32,52.0,141.442
1525.0394505,6,2,2,0,6,54.0,64.563
1525.053134,1,3,4,0,7,52.0,90.926
1525.057764,2,1,4,0,1,56.0,0.0
1525.057768,5,1,6,0,1,55.0,0.0
1525.057774,1,3,8,1,61,56.0,488.525
1525.0577765,6,1,6,1,71,50.0,120.552
1525.077187,5,2,12,8,86,73.0,9834.0
1527.682649,1,2,1,0,6,58.0,115.054
1527.771125,2,2,1,0,7,52.0,69.116
1527.771144,1,2,1,0,2,45.0,3.933
1527.7822245,3,1,1,0,1,45.0,0.0
1527.782227,2,2,2,0,3,52.0,46.058
1527.782239,5,2,1,0,3,54.0,35.238
1527.782249,1,1,1,0,1,50.0,0.0
1527.7822645,6,1,2,0,8,49.0,36.014
1527.797537,1,1,1,0,1,48.0,0.0
1527.8168375,6,1,20,5,179,61.0,1115.0
1527.816844,5,6,15,4,108,64.0,1690.0
1527.816853,1,39,18,4,189,56.0,822.424
1527.816859,2,1,8,2,77,55.0,591.785
1527.8168665,3,18,10,2,102,55.0,476.024
1527.9167595,6,2,4,2,27,67.0,1466.0
1527.9994925,6,1,1,0,1,48.0,0.0
1528.008878,1,2,2,0,5,50.0,39.752
1528.028369,1,2,7,2,47,62.0,804.456
1528.0325225,6,1,1,0,1,45.0,0.0
1528.20284,2,1,3,0,1,53.0,0.0
1528.202844,5,2,1,1,40,52.0,180.715
1528.2028565,6,1,3,0,10,51.0,34.998
1528.202866,1,1,7,1,59,54.0,189.303
1528.2237665,6,2,3,0,17,55.0,113.012
1530.865673,5,1,5,0,18,49.0,68.066
1530.9105815,3,1,1,0,1,45.0,0.0
1530.9106265,6,1,1,0,1,45.0,0.0
1530.9253685,6,2,4,0,10,50.0,51.563
1530.943909,1,4,1,0,5,48.0,26.838
1531.0056505,6,2,2,0,10,52.0,52.733
1531.005716,1,1,1,0,1,45.0,0.0
1531.019119,1,1,2,0,4,48.0,7.656
1531.0199635,3,1,6,1,59,59.0,333.159
1531.019979,2,2,3,0,18,57.0,288.457
1531.01998,1,2,2,0,3,53.0,26.12
1531.0199995,6,1,4,0,11,53.0,82.613
1531.0258105,6,2,1,0,3,46.0,7.852
1531.063506,1,1,1,0,1,47.0,0.0
1531.06627,1,1,1,0,1,45.0,0.0
1531.0962135,6,1,1,0,1,45.0,0.0
1531.115526,1,2,1,0,12,48.0,26.002
1531.155123,1,3,2,0,8,52.0,75.743
1531.1777305,6,1,2,0,5,54.0,55.765
1531.18192,1,2,9,3,64,65.0,2280.0
1531.202938,1,1,3,0,1,50.0,0.0
1531.225765,1,1,1,0,1,45.0,0.0
1531.247791,1,1,5,0,33,56.0,128.01
1531.249519,1,2,1,0,2,51.0,15.194
1531.2503865,6,1,2,0,9,49.0,26.432
1531.250392,5,3,4,0,13,48.0,50.128
1531.250426,1,1,1,0,1,45.0,0.0
1531.268684,1,1,1,0,1,45.0,0.0
1531.315638,1,2,1,0,2,45.0,3.464
1531.3245895,3,1,1,0,1,45.0,0.0
1531.327175,5,2,3,0,4,50.0,37.112
1534.034742,2,1,1,0,1,50.0,0.0
1534.0680135,6,1,3,0,23,54.0,95.347
1534.085373,1,1,15,6,118,71.0,4637.0
1534.0929865,6,2,1,0,6,54.0,54.341
1534.153028,1,1,3,0,10,51.0,45.271
1534.1853305,6,1,1,0,1,49.0,0.0
1534.1877455,6,1,1,0,1,47.0,0.0
1534.187767,5,2,2,0,2,47.0,5.342
1534.188647,5,1,1,0,1,45.0,0.0
1534.228797,1,4,2,0,5,50.0,41.641
1534.2745555,6,1,1,0,1,45.0,0.0
1534.305725,1,2,8,1,47,63.0,666.659
1534.3257,1,3,4,0,33,59.0,296.688
1534.358442,1,1,1,0,1,45.0,0.0
1534.369494,1,4,14,4,114,64.0,1621.0
1534.369518,2,18,3,0,19,54.0,114.819
1534.3695195,6,1,6,1,74,56.0,207.202
1534.369549,5,2,11,0,25,53.0,190.199
1534.3780935,6,1,4,0,5,51.0,27.726
1534.387926,1,2,8,2,44,61.0,967.815
1534.398897,1,1,2,0,1,46.0,0.0
1534.4064365,6,1,4,0,21,61.0,278.836
1534.4205605,6,1,1,0,1,45.0,0.0
1534.47698,1,2,4,1,35,64.0,752.253
1534.483735,5,3,4,0,12,54.0,132.514
1534.4837575,6,1,2,0,1,47.0,0.0
1534.4864505,6,1,2,0,4,50.0,18.061
1534.514911,5,1,2,0,1,47.0,0.0
1534.5428625,6,1,1,0,1,46.0,0.0
1537.2241115,3,1,1,0,1,45.0,0.0
1537.22792,1,3,4,0,12,52.0,82.374
1537.2727405,6,1,1,0,1,49.0,0.0
1537.289542,1,4,19,5,315,64.0,1564.0
1537.2897275,6,3,10,3,130,60.0,773.154
1537.289731,5,52,14,2,80,55.0,408.253
1537.289762,2,2,5,3,122,54.0,509.109
1537.2897755,3,1,1,0,1,46.0,0.0
1537.2931855,6,1,2,0,1,47.0,0.0
1537.2984105,6,1,1,0,1,45.0,0.0
1537.3007025,6,1,1,0,1,45.0,0.0
1537.321059,5,2,1,0,5,49.0,17.808
1537.378409,5,2,4,0,5,48.0,23.719
1537.39799,1,2,1,0,2,45.0,3.695
1537.409791,5,1,3,0,1,51.0,0.0
1537.4308275,3,1,1,0,1,45.0,0.0
1537.4466505,6,1,2,0,1,49.0,0.0
1537.452266,5,1,9,1,55,61.0,444.344
1537.4522855,6,1,3,0,27,50.0,54.252
1537.4674335,6,1,1,0,1,45.0,0.0
1537.4800035,6,1,1,0,1,45.0,0.0
1537.518889,1,2,2,0,8,56.0,121.262
1537.6522475,6,2,1,0,3,46.0,14.973
1537.6668625,6,2,9,2,85,63.0,1243.0
1537.666874,5,66,8,1,69,52.0,243.223
1537.666877,1,1,6,1,82,53.0,159.94
1537.6668965,3,1,2,0,4,49.0,14.878
1537.666907,2,1,2,0,4,51.0,23.131
1537.7086995,6,1,1,0,1,47.0,0.0
1537.7219165,6,1,7,1,98,50.0,136.844
1537.72193,1,1,8,1,63,52.0,184.043
1537.7219335,3,1,3,0,13,47.0,30.018
1537.721952,5,1,4,0,28,52.0,67.43
1540.333807,1,1,1,0,1,45.0,0.0
1540.338959,5,22,6,1,37,51.0,163.739
1540.372732,5,5,26,6,167,63.0,2190.0
1540.3727345,6,2,16,5,185,59.0,1145.0
1540.3727365,3,8,10,1,58,51.0,141.936
1540.37274,2,19,16,5,141,59.0,1389.0
1540.372745,1,2,15,3,155,56.0,622.167
1540.3801605,3,1,1,0,1,45.0,0.0
1540.386084,1,1,3,0,1,49.0,0.0
1540.3861495,6,1,1,0,1,45.0,0.0
1540.3927,5,2,1,0,4,46.0,14.535
1540.392713,1,1,2,0,1,45.0,0.0
1540.398035,2,1,1,0,1,50.0,0.0
1540.398037,5,8,4,0,9,53.0,73.244
1540.398053,1,1,2,0,1,49.0,0.0
1540.423128,1,3,2,0,4,51.0,27.605
1540.438663,2,2,4,0,3,58.0,88.668
1540.438669,5,2,11,1,35,57.0,299.051
1540.438672,1,2,6,0,22,53.0,135.785
1540.4386885,6,2,2,0,3,49.0,13.737
1540.4386975,3,1,1,0,1,45.0,0.0
1540.463107,2,2,22,11,147,68.0,7485.0
1540.4631095,3,40,22,6,241,59.0,1462.0
1540.46311,5,15,26,9,200,65.0,3788.0
1540.463113,1,17,27,10,242,64.0,4067.0
1540.4631135,6,16,30,11,241,65.0,4828.0
1540.473605,1,39,16,3,100,58.0,788.533
1540.473606,5,74,21,4,96,58.0,1216.0
1540.4736105,3,2,8,2,119,58.0,288.924
1540.4736165,6,6,15,4,107,60.0,1217.0
1540.473631,2,2,8,3,49,61.0,1216.0
1540.4845305,6,1,1,0,1,45.0,0.0
1540.502017,5,2,1,0,4,46.0,13.14
1540.507093,5,2,1,0,5,47.0,22.209
1540.520653,1,1,1,0,1,45.0,0.0
1540.5467845,3,1,1,0,1,45.0,0.0
1540.559884,5,3,6,0,31,59.0,319.627
1540.559899,2,1,3,1,44,52.0,223.64
1540.559903,1,1,4,0,8,49.0,17.847
1540.5599085,6,13,5,1,43,53.0,167.988
1540.565951,5,2,9,1,62,59.0,345.227
1540.5659685,6,1,5,0,14,55.0,103.388
1540.5659755,3,1,3,0,15,52.0,63.408
1540.567961,5,1,9,2,219,57.0,303.255
1540.5679915,6,1,5,1,169,57.0,276.155
1540.570766,1,3,2,0,4,49.0,20.448
1540.588719,5,5,10,3,64,61.0,1169.0
1540.5887325,6,19,6,0,20,55.0,174.515
1540.588744,1,1,6,0,48,51.0,84.986
1540.609799,1,1,5,1,40,60.0,362.738
1540.627004,5,2,3,0,3,50.0,14.908
1540.6293575,3,1,2,0,4,47.0,10.125
1540.629364,1,1,10,0,21,52.0,59.965
1540.62937,2,1,7,0,1,61.0,0.0
1540.6293735,6,15,8,1,68,52.0,254.3
1540.629379,5,35,16,2,86,56.0,534.608
1540.634493,2,2,5,2,38,66.0,1222.0
1540.634503,1,2,7,1,50,54.0,252.754
1540.6345035,3,2,2,0,17,51.0,45.157
1540.6345395,6,1,5,0,35,48.0,81.827
1540.634552,5,1,4,0,1,49.0,0.0
1540.6438185,6,2,30,14,269,79.0,24611.0
1540.643832,5,25,26,7,163,62.0,2336.0
1540.643839,1,44,23,6,188,60.0,1692.0
1540.6438445,3,24,11,3,117,56.0,587.214
1540.643861,2,57,13,5,126,58.0,1252.0
1540.6540555,3,6,14,7,244,63.0,2443.0
1540.654057,1,14,22,6,204,58.0,1345.0
1540.654061,2,2,10,5,107,62.0,1600.0
1540.6540655,6,15,21,9,199,65.0,3388.0
1540.654072,5,2,12,2,107,54.0,377.896
1540.658894,5,2,1,0,2,45.0,3.132
1540.685579,1,2,1,0,2,45.0,6.569
1540.760573,5,3,1,0,4,47.0,12.718
1540.7662315,6,1,2,0,1,50.0,0.0
1540.7940885,6,3,12,3,157,58.0,557.521
1540.794092,5,2,11,0,31,54.0,150.857
1540.794095,1,1,8,1,39,52.0,187.991
1540.79414,2,1,1,0,1,50.0,0.0
1540.8153625,6,2,5,1,25,61.0,594.086
1540.815379,5,3,6,0,24,54.0,169.657
1540.815413,1,2,2,0,3,47.0,7.117
1540.8342525,6,1,1,0,1,48.0,0.0
1540.8544565,6,1,1,0,1,47.0,0.0
1540.8655215,6,1,4,0,4,50.0,21.811
1540.865527,1,2,2,0,2,50.0,4.4
1540.865539,5,3,5,0,6,50.0,25.622
1540.8691465,6,1,1,0,1,45.0,0.0
1540.87772,1,1,3,0,1,47.0,0.0
1543.3911255,6,1,6,0,15,54.0,106.582
1543.391126,5,2,8,2,105,53.0,319.521
1543.391199,2,1,1,0,1,50.0,0.0
1543.395047,1,2,1,0,3,54.0,34.31
1543.3950535,3,2,2,0,9,48.0,30.553
1543.3950775,6,1,2,0,10,49.0,33.815
1543.406154,1,2,8,2,56,61.0,1037.0
1543.4362265,6,1,1,0,1,45.0,0.0
1543.454763,5,1,5,0,5,57.0,104.306
1543.4561195,6,2,2,0,2,52.0,51.414
1543.488347,5,2,2,0,3,47.0,10.391
1543.4883625,6,6,6,1,49,54.0,176.17
1543.493544,5,18,27,10,220,64.0,4096.0
1543.4935625,6,6,12,3,49,68.0,3095.0
1543.49357,1,20,16,4,164,57.0,851.252
1543.493579,2,1,11,3,80,57.0,742.773
1543.4935885,3,1,7,1,49,49.0,143.778
1543.5014075,3,1,1,0,1,45.0,0.0
1543.519625,1,1,1,0,1,45.0,0.0
1543.5482605,6,2,3,1,19,63.0,502.957
1543.5848315,6,2,3,0,14,55.0,77.681
1543.614478,5,2,2,0,3,50.0,10.615
1543.62764,5,13,24,9,174,67.0,5797.0
1543.6276485,6,10,13,4,94,65.0,1926.0
1543.62766,1,50,15,2,80,55.0,507.344
1543.6276665,3,1,7,1,61,50.0,172.279
1543.627671,2,1,7,2,80,56.0,601.566
1543.6360235,6,2,2,0,3,50.0,16.311
1543.646881,5,1,2,0,1,56.0,0.0
1543.6469015,6,5,5,0,21,55.0,199.099
1543.648781,1,2,1,0,3,48.0,12.145
1543.659423,1,5,17,5,112,66.0,2180.0
1543.6594455,3,1,3,0,20,53.0,101.585
1543.6594465,6,6,5,0,13,59.0,341.289
1543.659454,5,3,7,0,11,54.0,114.283
1543.659455,2,3,2,0,4,52.0,41.788
1543.6699955,6,5,4,1,26,63.0,814.808
1543.670013,1,2,4,0,47,51.0,95.387
1543.67007,2,1,1,0,1,50.0,0.0
1543.6874895,6,1,3,0,12,54.0,55.162
1543.695534,1,2,5,1,44,61.0,612.11
1543.7030255,6,5,3,0,32,52.0,131.868
1543.703033,5,14,6,1,31,51.0,206.358
1543.7265,5,2,3,0,16,46.0,48.872
1543.7265205,6,1,1,0,1,45.0,0.0
1543.727075,1,1,2,0,1,47.0,0.0
1543.741248,5,2,1,0,3,46.0,8.195
1543.7522745,6,2,1,0,6,55.0,57.23
1543.755091,1,2,3,0,3,51.0,18.981
1543.768204,5,3,3,0,10,56.0,187.135
1543.7682095,3,1,1,0,4,46.0,8.771
1543.770271,5,1,1,0,4,46.0,11.003
1543.796402,1,2,1,0,3,46.0,8.326
1543.797334,2,10,14,6,109,61.0,2505.0
1543.797339,1,18,25,7,222,65.0,2425.0
1543.797339,5,1,17,4,128,58.0,1054.0
1543.7973425,3,3,16,4,168,55.0,909.295
1543.7973445,6,41,22,8,229,63.0,2246.0
1543.813745,5,4,13,2,61,63.0,1145.0
1543.813761,1,12,11,2,83,52.0,287.687
1543.8137625,6,7,10,2,69,58.0,532.904
1543.813801,2,1,6,0,8,56.0,154.985
1543.892716,1,1,1,0,1,47.0,0.0
1543.9227195,6,1,2,0,8,50.0,39.629
1546.458594,1,1,1,0,1,45.0,0.0
1546.47298,5,2,4,0,8,58.0,207.242
1546.4730005,6,1,4,0,18,53.0,85.996
1546.494533,1,2,10,3,64,66.0,2373.0
1546.526962,2,1,1,0,1,52.0,0.0
1546.538917,1,2,1,0,3,53.0,29.829
1546.539835,5,2,1,0,2,45.0,10.215
1546.546941,1,1,1,0,1,45.0,0.0
1546.5561205,6,1,1,0,1,45.0,0.0
1546.5570505,6,1,1,0,1,47.0,0.0
1546.5946195,6,1,1,0,1,47.0,0.0
1546.595998,5,1,2,0,4,50.0,18.177
1546.598431,1,2,5,1,42,58.0,245.794
1546.612196,1,1,24,4,106,58.0,1035.0
1546.6122,2,2,8,1,48,61.0,537.235
1546.6122045,6,4,14,3,105,63.0,1205.0
1546.6122065,3,6,10,1,51,56.0,440.239
1546.612216,5,6,15,3,142,55.0,644.731
1546.6173485,6,1,2,0,6,49.0,16.117
1546.620649,1,8,25,14,149,75.0,17454.0
1546.6206885,3,1,1,0,1,45.0,0.0
1546.620692,5,2,3,0,25,48.0,72.921
1546.622656,1,2,3,0,5,49.0,28.239
1546.623162,1,1,5,0,7,54.0,59.766
1546.625065,1,1,2,0,1,50.0,0.0
1546.6250775,6,1,1,0,1,45.0,0.0
1546.627134,1,1,1,0,1,45.0,0.0
1546.630456,1,2,6,1,42,60.0,463.645
1546.6313535,6,1,2,0,4,47.0,10.835
1546.63823,1,2,1,0,2,45.0,4.305
1546.641401,1,1,3,0,1,50.0,0.0
1546.65373,1,1,3,0,33,51.0,51.644
1546.6541935,3,3,3,0,7,58.0,152.369
1546.654198,5,2,5,0,7,54.0,62.557
1546.65422,2,1,3,0,15,59.0,258.22
1546.6542215,6,1,1,0,1,45.0,0.0
1546.660428,1,3,19,8,137,69.0,6647.0
1546.6604465,3,1,3,0,16,49.0,32.875
1546.660463,5,2,10,2,84,56.0,519.922
1546.6604645,6,2,2,0,9,55.0,93.831
1546.660467,2,1,3,0,1,53.0,0.0
1546.661481,1,1,1,0,1,48.0,0.0
1546.666459,1,1,4,0,1,52.0,0.0
1546.670835,5,2,1,0,2,45.0,4.055
1546.671895,1,3,19,9,140,73.0,7878.0
1546.672623,1,1,1,0,1,48.0,0.0
1546.6867725,6,1,3,0,16,52.0,55.213
1546.6920725,6,2,2,0,5,49.0,27.054
1546.7056365,6,1,1,0,1,45.0,0.0
1546.726503,1,2,2,0,3,52.0,20.82
1546.745682,1,4,4,0,35,55.0,189.942
1546.75027,5,1,1,0,1,47.0,0.0
1546.7649475,6,1,1,0,1,45.0,0.0
1546.778405,1,1,2,0,1,47.0,0.0
1546.7784085,6,1,2,0,10,50.0,31.548
1546.7784275,3,1,1,0,1,45.0,0.0
1546.7973,5,12,5,0,18,52.0,146.664
1546.8055425,6,2,4,0,17,56.0,252.462
1546.819804,5,9,5,0,17,51.0,131.835
1546.834655,5,17,16,3,85,60.0,987.822
1546.8346755,6,3,4,0,19,58.0,273.995
1546.8404235,6,1,1,0,1,45.0,0.0
1546.8448395,6,1,1,0,1,45.0,0.0
1546.8589695,6,2,2,0,21,56.0,126.425
1546.8604765,6,2,1,0,5,47.0,13.618
1546.890008,1,1,2,0,9,53.0,77.258
1546.892371,5,2,1,0,3,52.0,23.236
1546.9124945,6,1,1,0,1,45.0,0.0
1546.9194955,6,1,2,0,8,49.0,27.923
1546.973534,5,2,2,0,2,48.0,3.903
1546.975276,5,2,1,0,3,53.0,29.096
1546.9752925,6,1,1,0,1,45.0,0.0
1546.9969915,6,1,3,0,1,48.0,0.0
1549.597711,1,1,1,0,1,48.0,0.0
1549.6010935,6,1,2,0,1,46.0,0.0
1549.606947,1,1,1,0,1,46.0,0.0
1549.618267,1,2,8,1,46,59.0,444.394
1549.6182965,6,1,1,0,1,46.0,0.0
1549.618314,5,1,2,0,1,49.0,0.0
1549.623471,1,2,6,0,32,54.0,141.528
1549.6234975,6,1,2,0,4,48.0,14.186
1549.6292355,6,1,10,3,130,62.0,1202.0
1549.629252,5,13,13,2,57,60.0,772.732
1549.629263,1,1,9,1,57,52.0,206.964
1549.629272,2,1,1,0,1,50.0,0.0
1549.6292785,3,1,3,0,18,50.0,54.451
1549.6438305,6,1,1,0,4,51.0,17.894
1549.651315,1,1,2,0,1,50.0,0.0
1549.667339,5,1,1,0,1,45.0,0.0
1549.6673845,6,1,1,0,1,45.0,0.0
1549.6707385,6,2,2,0,2,47.0,5.52
1549.6939325,6,8,4,0,24,55.0,231.31
1549.695673,1,4,4,0,35,54.0,149.796
1549.7209135,6,1,3,0,104,48.0,72.544
1549.7306305,6,1,1,0,1,45.0,0.0
1549.7332075,6,1,4,0,22,56.0,168.54
1549.748029,5,1,3,0,7,50.0,25.253
1549.7480335,6,1,1,0,1,45.0,0.0
1549.753014,5,2,2,0,3,50.0,18.18
1549.7530225,6,1,1,0,1,47.0,0.0
1549.756471,5,11,4,0,15,53.0,125.925
1549.756502,1,2,3,0,3,47.0,10.772
1549.7621415,6,1,1,0,1,45.0,0.0
1549.7671815,6,127,4,1,141,53.0,128.26
1549.787701,1,3,5,1,38,56.0,198.411
1549.7877225,6,1,2,0,11,50.0,54.295
1549.799091,5,2,2,0,5,53.0,35.879
1549.7997065,6,1,1,0,1,45.0,0.0
1549.8138295,6,1,1,0,1,45.0,0.0
1549.836614,1,1,1,0,1,45.0,0.0
1549.840281,5,2,2,0,15,52.0,64.173
1549.8453425,6,2,3,0,16,57.0,216.446
1549.8662805,6,1,1,0,1,45.0,0.0
1549.877627,5,8,13,2,74,59.0,801.782
1549.8776515,6,2,2,0,11,54.0,47.441
1549.880532,1,2,3,0,8,54.0,72.116
1549.89765,5,1,1,0,1,46.0,0.0
1549.917513,5,5,16,4,110,63.0,1863.0
1549.9175255,6,1,15,3,90,59.0,700.765
1549.917528,1,52,11,2,74,56.0,403.649
1549.917534,2,34,8,2,79,56.0,630.621
1549.9175355,3,2,6,1,49,51.0,162.604
1549.944284,1,1,3,0,1,47.0,0.0
1549.955894,5,7,12,3,70,61.0,1072.0
1549.9559135,6,1,5,1,18,60.0,411.997
1549.971428,1,2,1,0,3,51.0,21.843
1549.9878815,6,2,3,0,7,53.0,168.374
1550.019148,1,12,10,2,120,53.0,335.183
1550.0191485,3,1,6,1,52,55.0,257.872
1550.0191565,6,1,11,2,101,54.0,395.097
1550.019167,5,2,11,2,73,58.0,747.559
1550.061072,1,2,1,0,3,48.0,11.961
1550.063838,5,1,2,0,6,50.0,20.712
1550.0723005,6,1,1,0,1,47.0,0.0
1550.074951,1,4,1,0,5,49.0,31.61
1550.086845,1,2,7,1,37,59.0,379.473
1550.0868655,6,1,3,0,11,50.0,51.001
1550.08762,1,8,5,1,34,56.0,318.001
1550.087631,2,1,3,1,33,54.0,198.516
1550.0876405,6,1,4,0,42,50.0,65.806
1550.087695,5,1,2,0,1,49.0,0.0
1550.0888565,6,2,2,0,12,50.0,63.416
1550.091753,2,1,4,0,11,53.0,75.53
1550.091762,5,8,9,0,16,55.0,175.774
1550.0917645,6,1,7,1,100,53.0,244.3
1550.091776,1,43,6,1,71,51.0,176.484
1550.094248,2,1,2,0,1,51.0,0.0
1550.094269,5,16,8,1,36,53.0,285.362
1550.0967645,6,1,1,0,1,47.0,0.0
1550.09733,5,3,5,0,20,56.0,308.109
1550.0980225,6,1,1,0,1,45.0,0.0
1550.111257,5,3,4,0,18,56.0,194.195
1550.121509,5,4,4,0,10,52.0,88.02
1552.754255,1,1,2,0,1,45.0,0.0
1552.7542595,6,1,2,0,4,47.0,7.834
1552.754262,5,3,3,0,4,50.0,15.259
1552.75904,5,2,1,0,2,45.0,6.108
1552.76137,5,2,5,0,7,56.0,96.242
1552.7614015,6,1,1,0,1,45.0,0.0
1552.7641185,6,6,15,5,162,69.0,3771.0
1552.764127,5,10,14,2,45,57.0,533.581
1552.764128,1,1,19,4,144,57.0,745.966
1552.7641375,3,1,8,1,79,50.0,196.537
1552.764153,2,1,7,2,68,56.0,498.052
1552.767281,5,6,8,4,141,58.0,1003.0
1552.7673115,6,1,3,0,20,52.0,129.617
1552.767324,1,1,1,0,1,45.0,0.0
1552.77628,1,2,1,0,3,52.0,17.061
1552.791384,5,3,4,0,15,56.0,170.488
1552.800007,5,2,4,0,22,55.0,236.543
1552.802082,5,1,2,0,1,48.0,0.0
1552.8083115,6,1,1,0,1,45.0,0.0
1552.823332,5,1,1,0,1,46.0,0.0
1552.8286485,6,2,4,1,17,61.0,382.407
1552.8303745,6,5,3,0,6,48.0,16.999
1552.830382,5,1,1,0,1,47.0,0.0
1552.837811,5,10,8,1,26,56.0,257.806
1552.839526,5,1,2,0,4,49.0,16.142
1552.839921,1,1,1,0,1,45.0,0.0
1552.842498,5,1,1,0,1,47.0,0.0
1552.849242,5,2,6,0,20,51.0,129.564
1552.850201,5,3,5,0,19,52.0,76.686
1552.8502205,6,1,1,0,4,47.0,9.528
1552.863884,5,5,4,0,22,52.0,130.035
1552.87076,1,1,1,0,1,45.0,0.0
1552.872402,5,2,1,0,3,48.0,11.947
1552.875848,1,6,23,12,125,77.0,20580.0
1552.8758765,3,1,2,0,1,48.0,0.0
1552.8758895,6,1,3,0,19,51.0,97.595
1552.875894,5,1,2,0,1,49.0,0.0
1552.875912,2,1,2,0,7,52.0,54.298
1552.88867,5,17,10,1,36,54.0,302.217
1552.8886975,6,1,2,0,1,47.0,0.0
1552.8966745,6,1,2,0,21,48.0,20.979
1552.900346,5,2,1,0,2,48.0,3.579
1552.9033455,6,1,1,0,1,47.0,0.0
1552.904547,1,1,1,0,1,45.0,0.0
1552.9073595,3,1,1,0,1,45.0,0.0
1552.907405,5,3,5,0,5,47.0,15.383
1552.910035,5,2,1,0,3,47.0,10.614
1552.921769,5,1,1,0,1,46.0,0.0
1552.926387,5,1,1,0,1,45.0,0.0
1552.939849,5,1,3,0,4,49.0,14.053
1552.9494115,6,1,2,0,1,49.0,0.0
1552.9622755,6,1,2,0,4,47.0,11.508
1552.973881,5,1,3,0,8,49.0,29.132
1552.9738975,6,2,2,0,7,53.0,56.646
1552.977254,5,3,6,0,20,56.0,238.234
1552.983575,5,2,5,0,16,54.0,139.82
1552.9835945,6,1,2,0,4,47.0,9.136
1553.022803,5,2,18,3,96,63.0,1238.0
1553.0228095,6,1,11,2,94,56.0,356.803
1553.022822,2,1,10,3,92,57.0,725.317
1553.022839,1,2,5,1,86,53.0,209.249
1553.03127,5,11,17,5,68,65.0,2951.0
1553.031282,2,1,7,1,49,56.0,386.294
1553.0312835,6,1,11,3,161,58.0,591.41
1553.031288,1,11,10,1,51,59.0,443.792
1553.0312995,3,2,8,1,111,53.0,232.816
1553.05583,5,2,6,1,76,54.0,242.573
1553.0558475,6,2,2,0,16,56.0,167.78
1553.058135,5,1,1,0,1,45.0,0.0
1553.061675,5,2,9,1,29,58.0,616.276
1553.0616995,6,3,2,0,4,49.0,19.87
1553.0638065,3,1,1,0,5,53.0,40.265
1553.0660525,6,2,3,0,16,52.0,71.004
1553.076221,1,2,5,0,37,54.0,185.812
1553.079615,1,2,1,0,3,45.0,8.652
1553.0796205,6,1,3,0,13,50.0,53.311
1553.088147,5,16,25,7,142,63.0,2760.0
1553.088148,2,10,10,3,81,64.0,1197.0
1553.0881495,3,2,9,2,97,54.0,344.293
1553.088152,1,51,23,5,153,59.0,1453.0
1553.0881615,6,9,17,3,95,59.0,924.542
1553.0927525,6,1,1,0,1,45.0,0.0
1553.0962055,6,2,3,0,8,56.0,103.631
1553.10014,1,2,6,1,56,59.0,346.911
1553.1001765,6,1,2,0,1,46.0,0.0
1553.112175,1,2,5,1,48,57.0,210.622
1553.11239,5,3,6,1,35,52.0,175.756
1553.1123995,6,1,4,0,1,50.0,0.0
1553.115641,5,13,3,0,16,47.0,51.974
1553.1186965,6,1,1,0,1,45.0,0.0
1553.125662,1,2,13,4,103,67.0,1755.0
1553.1256765,3,1,4,1,98,54.0,152.659
1553.1256945,6,3,6,1,48,54.0,223.238
1553.125722,5,2,2,0,4,47.0,11.786
1553.141113,5,5,3,0,6,58.0,178.388
1553.152549,5,1,5,0,11,54.0,113.592
1553.1564835,6,1,2,0,14,48.0,26.325
1553.1608875,6,1,2,0,4,48.0,13.048
1553.174405,1,1,2,0,1,48.0,0.0
1553.180488,5,4,50,38,377,77.0,56937.0
1553.180501,1,17,48,16,284,64.0,7065.0
1553.1805035,6,15,39,17,313,69.0,9893.0
1553.1805055,3,27,29,12,233,66.0,5554.0
1553.180506,2,34,37,26,263,70.0,21488.0
1553.187406,5,1,1,0,1,46.0,0.0
1553.193538,1,1,6,0,4,50.0,15.117
1553.193566,5,1,1,0,1,45.0,0.0
1553.1935735,6,1,3,0,13,49.0,22.864
1553.194561,5,3,6,0,28,55.0,217.136
1553.1945695,6,2,3,0,12,53.0,79.492
1553.203112,5,2,2,0,2,47.0,4.148
1553.203123,1,1,3,0,15,49.0,27.054
1553.2031285,6,2,1,0,3,45.0,7.159
1553.204694,5,5,8,1,57,58.0,289.682
1553.206481,1,5,10,2,65,60.0,668.157
1553.2064925,3,1,3,0,14,52.0,71.097
1553.206493,2,2,4,0,3,57.0,75.349
1553.2065055,6,1,4,0,46,49.0,87.318
1553.206511,5,7,7,0,8,49.0,45.696
1553.21285,5,1,1,0,1,45.0,0.0
1553.2145705,6,1,1,0,1,45.0,0.0
1553.216336,5,1,1,0,1,45.0,0.0
1553.2165675,3,1,2,0,4,49.0,14.358
1553.2173785,6,5,8,3,49,64.0,1507.0
1553.217411,1,1,3,0,1,49.0,0.0
1553.2174245,3,1,1,0,4,48.0,10.441
1553.220728,1,1,7,1,42,60.0,383.054
1553.2222905,6,2,1,0,3,50.0,20.921
1553.2279865,6,1,2,0,1,46.0,0.0
1553.229339,1,2,2,0,4,46.0,11.911
1553.231095,5,2,1,0,3,47.0,12.07
1553.2318965,6,1,1,0,1,45.0,0.0
1553.2329445,6,2,1,0,3,49.0,17.34
1553.2440175,6,1,1,0,1,54.0,0.0
1553.2474575,6,1,1,0,1,45.0,0.0
1553.24928,1,1,1,0,1,45.0,0.0
1553.252486,5,2,10,2,57,58.0,584.778
1553.2542645,6,57,17,3,129,57.0,718.027
1553.254272,5,25,18,4,149,56.0,811.987
1553.254274,1,73,15,2,93,56.0,435.256
1553.254277,2,1,9,3,111,59.0,787.998
1553.2542785,3,9,10,3,193,51.0,326.015
1553.2595555,6,1,1,0,4,49.0,13.569
1553.268949,5,1,1,0,1,46.0,0.0
1553.2689565,6,1,3,0,22,51.0,67.497
1553.272906,1,4,12,4,64,67.0,3675.0
1553.273628,1,2,3,0,6,58.0,124.595
1553.274814,5,2,8,1,97,50.0,222.666
1553.275503,1,2,4,0,35,55.0,120.142
1553.293239,1,2,21,9,142,71.0,9473.0
1553.293264,2,1,3,0,1,52.0,0.0
1553.2932805,6,1,3,0,10,53.0,92.311
1553.2971245,6,2,23,6,190,59.0,1554.0
1553.297128,1,33,20,4,169,57.0,993.582
1553.29713,5,53,25,7,140,61.0,2498.0
1553.297132,2,1,14,6,173,59.0,1375.0
1553.2971355,3,1,12,2,116,55.0,433.001
1555.9224385,6,1,1,0,1,45.0,0.0
1555.923324,5,1,1,0,1,45.0,0.0
1555.924391,1,2,1,0,3,50.0,15.472
1555.9244165,3,1,2,0,1,46.0,0.0
1555.9271965,3,2,1,0,6,55.0,49.079
1555.9302655,6,2,2,0,3,55.0,43.628
1555.933182,5,3,2,0,12,52.0,87.535
1555.9331985,6,1,1,0,1,47.0,0.0
1555.9344525,6,2,3,0,10,55.0,78.619
1555.93828,1,1,1,0,1,48.0,0.0
1555.939318,1,1,1,0,1,45.0,0.0
1555.93932,5,2,3,0,2,48.0,8.714
1555.9393355,6,1,1,0,1,45.0,0.0
1555.939642,2,1,3,0,1,54.0,0.0
1555.9410575,6,4,2,0,8,56.0,140.781
1555.942261,5,4,4,0,13,51.0,81.124
1555.9470535,6,1,6,1,145,53.0,190.785
1555.952939,1,1,4,0,11,51.0,42.408
1555.9529455,3,1,2,0,11,55.0,150.058
1555.953019,5,1,1,0,1,45.0,0.0
1555.9595455,6,1,1,0,1,47.0,0.0
1555.9640175,6,1,1,0,1,45.0,0.0
1555.965295,1,5,4,0,12,54.0,153.744
1555.969257,1,24,14,2,96,55.0,445.766
1555.969258,5,28,11,3,104,56.0,698.429
1555.9692625,6,1,12,2,92,53.0,418.997
1555.9692645,3,2,4,0,52,51.0,122.532
1555.969288,2,2,4,0,3,54.0,28.191
1555.973011,1,2,10,2,198,60.0,517.245
1555.9752055,6,1,5,1,27,66.0,989.538
1555.9837975,6,2,1,0,3,53.0,41.559
1555.9861915,6,1,8,1,60,53.0,227.184
1555.986195,1,1,4,0,1,48.0,0.0
1555.9862005,3,1,3,0,10,48.0,31.038
1555.986232,5,2,7,0,30,51.0,65.022
1555.994011,1,1,1,0,1,46.0,0.0
1555.9947755,6,1,1,0,1,47.0,0.0
1556.0049105,6,1,3,0,26,61.0,227.302
1556.008198,1,2,1,0,2,48.0,9.686
1556.013611,5,2,3,0,17,56.0,121.958
1556.0195975,6,1,1,0,4,48.0,11.554
1556.0203665,3,1,4,0,4,53.0,28.065
1556.020377,1,1,6,0,19,53.0,103.375
1556.0204115,6,1,3,0,6,47.0,12.288
1556.036213,1,2,5,1,38,64.0,601.461
1556.047001,5,1,3,0,13,54.0,87.279
1556.0470275,6,1,1,0,1,50.0,0.0
1556.0485365,6,1,3,0,8,55.0,67.488
1556.053804,5,2,1,0,2,47.0,5.958
1556.0603305,3,1,3,0,10,56.0,179.963
1556.060334,5,3,7,0,8,57.0,230.189
1556.0603575,6,1,1,0,1,45.0,0.0
1556.0711955,6,2,2,0,2,45.0,5.81
1556.0787295,6,1,1,0,1,46.0,0.0
1556.081368,1,1,1,0,1,46.0,0.0
1556.0815645,3,1,2,0,4,52.0,25.382
1556.0816095,6,1,1,0,1,45.0,0.0
1556.084975,5,1,1,0,1,46.0,0.0
1556.0850345,6,1,1,0,1,45.0,0.0
1556.0896795,6,2,2,0,8,54.0,65.276
1556.0909075,6,1,1,0,1,47.0,0.0
1556.0943505,6,1,1,0,1,49.0,0.0
1556.09725,5,7,26,9,111,72.0,8845.0
1556.097267,2,46,12,4,95,58.0,1144.0
1556.097274,1,3,15,2,95,56.0,471.412
1556.0972755,3,9,9,2,84,54.0,297.212
1556.0972785,6,10,14,4,148,61.0,1051.0
1556.10083,5,7,6,0,8,50.0,49.83
1556.1087945,6,5,5,1,24,62.0,721.495
1556.1109825,6,2,1,0,3,46.0,13.674
1556.1131925,6,1,2,0,4,51.0,14.25
1556.117871,5,2,4,0,36,49.0,56.406
1556.1197885,6,1,5,0,7,59.0,191.226
1556.129224,1,8,23,8,162,69.0,5061.0
1556.129237,2,18,13,3,59,60.0,1560.0
1556.1292405,3,2,13,4,158,60.0,1207.0
1556.1292505,6,7,19,4,147,60.0,1107.0
1556.129259,5,1,9,0,22,53.0,94.378
1556.1311645,3,1,7,1,57,59.0,322.441
1556.131175,1,13,13,3,108,57.0,596.765
1556.13118,5,3,8,1,74,55.0,277.28
1556.1311975,6,2,7,1,53,54.0,211.058
1556.134412,5,2,2,0,4,48.0,19.292
1556.149041,5,17,5,1,22,57.0,605.543
1556.1490655,6,2,2,0,7,52.0,34.674
1556.159995,5,1,5,0,11,54.0,77.429
1556.164268,5,2,7,1,85,58.0,315.602
1556.164295,2,1,1,0,1,50.0,0.0
1556.1643025,6,2,2,0,2,46.0,8.008
1556.169252,5,3,4,0,25,55.0,210.486
1556.1692555,3,2,2,0,6,51.0,30.658
1556.169265,1,1,2,0,1,46.0,0.0
1556.171045,5,4,12,4,58,64.0,2357.0
1556.1710685,6,7,8,1,56,55.0,277.944
1556.171072,1,1,3,0,38,50.0,70.445
1556.1710795,3,1,1,0,1,46.0,0.0
1556.1775145,3,4,11,3,147,55.0,480.131
1556.177516,5,12,19,5,167,62.0,1563.0
1556.177519,2,22,17,5,101,61.0,1891.0
1556.1775225,6,1,16,3,107,55.0,577.866
1556.177524,1,62,23,6,203,59.0,1383.0
1556.1828455,6,1,1,0,1,45.0,0.0
1556.1872115,6,2,2,0,13,49.0,38.214
1556.187353,1,6,6,0,11,52.0,70.626
1556.1884045,6,1,1,0,1,47.0,0.0
1556.1906135,6,2,2,0,3,51.0,20.067
1556.1912415,6,1,3,0,15,54.0,82.363
1556.1949385,6,1,1,0,1,45.0,0.0
1556.195255,5,48,14,2,97,54.0,453.552
1556.1952565,3,1,7,1,75,51.0,178.178
1556.19526,1,8,11,2,59,56.0,428.352
1556.195292,2,1,6,1,36,54.0,292.845
1556.197212,5,3,2,0,4,54.0,72.492
1556.2103425,6,1,1,0,4,52.0,29.319
1556.221574,5,2,1,0,3,47.0,10.304
1556.2231245,3,1,2,0,1,46.0,0.0
1556.223148,1,1,2,0,1,49.0,0.0
1556.230573,1,1,1,0,1,45.0,0.0
1556.233673,5,5,23,11,276,65.0,4567.0
1556.2336825,6,16,16,6,223,66.0,2442.0
1556.2336915,3,1,12,3,167,53.0,383.472
1556.233695,2,27,12,5,188,59.0,1267.0
1556.233705,1,1,19,3,135,54.0,565.323
1556.248028,5,3,8,2,58,56.0,484.935
1556.2480325,6,1,7,1,56,53.0,205.923
1556.24804,1,1,4,0,4,50.0,15.186
1556.248042,2,58,4,1,59,55.0,242.594
1556.2555275,6,1,1,0,1,45.0,0.0
1556.25925,1,7,6,1,45,53.0,158.184
1556.2618045,6,1,2,0,11,46.0,20.178
1556.2629845,6,2,1,0,2,46.0,15.016
1556.266691,5,2,1,0,3,50.0,16.505
1556.269101,2,5,7,2,59,56.0,444.708
1556.269105,5,2,10,1,50,58.0,473.311
1556.269124,1,2,6,0,43,50.0,137.709
1556.2691265,6,2,5,0,17,48.0,33.575
1556.2745975,6,1,1,0,1,45.0,0.0
1556.277868,5,2,3,0,21,50.0,89.514
1556.2925145,6,1,1,0,1,45.0,0.0
1556.2932825,6,1,4,0,9,53.0,64.241
1556.297524,1,2,3,0,3,54.0,36.048
1556.3091405,6,1,1,0,1,47.0,0.0
1556.3157225,3,1,2,0,11,54.0,69.133
1556.315732,5,11,2,0,12,47.0,27.038
1556.3157535,6,1,1,0,1,45.0,0.0
1556.317539,1,3,2,0,6,51.0,51.879
1556.3231965,6,1,1,0,1,45.0,0.0
1556.359283,1,2,1,0,3,55.0,48.523
1556.359865,1,1,1,0,1,45.0,0.0
1556.3683865,6,3,7,2,67,64.0,839.681
1556.3683985,3,1,1,0,1,45.0,0.0
1556.368401,1,1,6,1,46,54.0,168.556
1556.368431,5,1,3,0,1,46.0,0.0
1556.3689537,6,1,2,0,1,46.0,0.0
1556.376623,1,1,4,0,33,48.0,52.011
1556.376628,2,1,2,0,1,53.0,0.0
1556.377823,1,1,1,0,1,45.0,0.0
1556.380093,5,4,4,0,5,51.0,51.661
1556.3801055,6,1,3,0,14,48.0,29.096
1556.38375,1,2,2,0,2,47.0,19.038
1556.39101,2,2,5,0,13,59.0,284.691
1556.391019,1,1,8,1,70,51.0,137.606
1556.3910215,3,1,2,0,1,45.0,0.0
1556.391026,5,4,15,2,84,55.0,526.622
1556.3910445,6,2,5,0,26,52.0,173.075
1556.412457,1,6,3,0,13,48.0,53.091
1556.4212015,6,2,1,0,2,49.0,10.859
1556.4262515,3,1,3,0,15,55.0,133.115
1556.426281,1,1,2,0,1,49.0,0.0
1556.427418,5,3,20,5,150,66.0,2579.0
1556.4274285,6,4,15,5,147,66.0,2574.0
1556.427442,2,1,10,3,83,59.0,924.798
1556.427444,1,41,14,2,114,56.0,493.091
1556.4274655,3,2,13,2,140,53.0,383.961
1556.439992,1,6,10,2,63,63.0,1278.0
1556.4461295,6,2,6,1,68,58.0,324.802
1556.446138,1,1,5,0,42,49.0,91.335
1556.452891,5,5,8,1,60,57.0,402.66
1556.452919,1,1,2,0,1,49.0,0.0
1556.453723,5,1,8,1,39,60.0,574.173
1556.464951,5,2,2,0,3,52.0,25.54
1556.4693595,6,3,4,1,25,62.0,436.932
1559.09365,1,4,3,0,8,53.0,96.54
1559.094815,5,6,17,4,148,62.0,1324.0
1559.0948335,6,1,7,1,68,56.0,285.192
1559.094838,2,1,13,4,125,55.0,841.806
1559.0948485,3,1,5,1,59,52.0,174.416
1559.094855,1,17,9,1,90,52.0,195.202
1559.098515,1,2,7,0,35,58.0,190.715
1559.0985375,3,1,1,0,1,45.0,0.0
1559.0985415,6,1,5,0,24,55.0,135.076
1559.098549,5,2,3,0,8,49.0,19.665
1559.104425,1,1,5,0,6,51.0,30.235
1559.104512,5,1,1,0,1,47.0,0.0
1559.1057315,6,1,2,0,8,52.0,33.489
1559.108003,1,5,6,0,8,56.0,196.874
1559.1080055,3,1,1,0,1,48.0,0.0
1559.109465,1,1,1,0,1,45.0,0.0
1559.123611,1,1,5,1,87,50.0,143.981
1559.1236295,3,1,2,0,9,46.0,16.743
1559.12363,2,1,2,0,1,52.0,0.0
1559.123651,5,2,4,0,7,48.0,29.223
1559.1333465,6,2,1,0,7,53.0,64.99
1559.1431845,6,1,1,0,1,45.0,0.0
1559.157461,1,1,1,0,1,45.0,0.0
1559.1574645,6,1,2,0,8,51.0,40.369
1559.1592775,6,1,1,0,1,45.0,0.0
1559.160261,5,2,2,0,2,52.0,26.198
1559.173639,5,1,2,0,4,50.0,21.783
1559.1746685,6,1,1,0,1,45.0,0.0
1559.1805475,6,1,1,0,1,45.0,0.0
1559.18243,5,2,1,0,2,47.0,3.324
1559.183751,5,1,6,1,44,56.0,436.834
1559.1837675,3,1,2,0,1,47.0,0.0
1559.1837735,6,1,6,1,79,57.0,339.495
1559.1888305,6,1,1,0,1,47.0,0.0
1559.195776,5,2,2,0,2,53.0,11.471
1559.198274,1,16,17,6,153,64.0,2127.0
1559.198282,2,6,8,4,77,63.0,2079.0
1559.1982955,3,1,3,0,21,49.0,64.13
1559.1983015,6,5,12,1,69,54.0,372.875
1559.198311,5,62,24,3,115,54.0,637.985
1559.2018635,3,1,1,0,1,45.0,0.0
1559.2070765,6,2,1,0,2,45.0,11.265
1559.213365,1,4,9,2,73,57.0,610.043
1559.2133835,3,1,2,0,7,49.0,31.476
1559.2133925,6,3,6,1,63,50.0,131.265
1559.2141925,6,1,1,0,1,45.0,0.0
1559.214761,1,14,8,1,41,54.0,224.141
1559.2147905,6,1,3,0,26,47.0,29.26
1559.220742,5,2,5,0,19,51.0,91.651
1559.2429905,6,2,2,0,3,49.0,19.171
1559.245111,1,4,3,0,8,56.0,143.818
1559.258145,1,1,2,0,4,48.0,11.156
1559.2623765,6,1,2,0,9,53.0,49.172
1559.275037,1,33,28,7,160,60.0,2297.0
1559.275052,5,5,19,4,151,61.0,1132.0
1559.275053,2,17,17,5,89,62.0,1782.0
1559.2750555,6,6,20,5,139,62.0,1350.0
1559.2750625,3,8,10,2,105,56.0,464.226
1559.2792965,6,1,2,0,27,48.0,43.767
1559.279314,1,1,4,0,1,47.0,0.0
1559.288763,5,1,1,0,1,45.0,0.0
1559.2963115,6,1,1,0,1,49.0,0.0
1559.2986305,6,1,2,0,8,49.0,22.61
1559.3014145,3,1,1,0,1,45.0,0.0
1559.3014245,6,3,3,0,5,53.0,45.152
1559.3022215,6,1,1,0,1,45.0,0.0
1559.3132995,6,1,1,0,1,45.0,0.0
1559.3223925,6,3,4,1,81,56.0,264.955
1559.3296125,6,2,7,2,33,63.0,1071.0
1559.333146,5,1,1,0,1,47.0,0.0
1559.3339705,3,1,1,0,1,45.0,0.0
1559.338203,5,3,4,0,6,50.0,38.875
1559.344218,5,2,1,0,2,53.0,31.434
1559.347082,1,2,5,0,6,49.0,30.51
1559.3471025,6,1,3,0,8,48.0,26.245
1559.34719,5,2,3,0,2,47.0,4.826
1559.3483575,6,1,2,0,5,52.0,30.279
1559.3490665,6,1,2,0,4,53.0,29.041
1559.3547385,6,1,2,0,4,49.0,15.306
1559.359389,1,2,1,0,3,47.0,8.369
1559.3616305,6,2,2,0,12,48.0,29.633
1559.3664915,6,1,1,0,1,45.0,0.0
1559.3694195,6,1,1,0,1,45.0,0.0
1559.371984,5,2,14,3,109,56.0,736.102
1559.371994,1,28,14,1,77,54.0,276.684
1559.3719965,3,1,5,0,33,52.0,104.26
1559.3719975,6,29,12,2,107,59.0,622.583
1559.372122,2,1,2,0,1,51.0,0.0
1559.373633,5,2,2,0,3,50.0,12.919
1559.3736335,6,1,3,0,8,51.0,24.391
1559.373673,1,1,1,0,1,45.0,0.0
1559.377328,2,2,1,0,6,55.0,106.525
1559.3824665,6,2,1,0,2,45.0,7.047
1559.38779,1,2,2,0,3,51.0,21.028
1559.390945,5,5,4,0,20,53.0,146.259
1559.3955275,6,1,2,0,7,59.0,170.245
1559.409345,5,108,13,3,120,54.0,570.346
1559.4093545,6,2,7,1,80,55.0,255.209
1559.409358,1,45,10,1,80,52.0,204.845
1559.409378,2,1,1,0,1,51.0,0.0
1559.4093805,3,1,1,0,8,48.0,21.813
1559.4122765,6,9,10,1,61,56.0,292.722
1559.41228,1,5,9,2,65,58.0,520.314
1559.412321,5,2,7,0,4,49.0,23.457
1559.4187715,6,2,1,0,2,45.0,4.025
1559.4307175,6,2,1,0,3,48.0,17.346
1559.434038,1,1,1,0,1,47.0,0.0
1559.4390055,6,2,5,1,27,61.0,520.875
1559.439056,5,2,1,0,3,49.0,13.322
1559.4534345,6,1,1,0,1,45.0,0.0
1559.45782,5,3,7,1,27,57.0,427.451
1559.457829,1,1,8,0,30,52.0,134.79
1559.4578365,6,2,2,0,13,52.0,74.221
1559.457852,2,1,2,0,1,54.0,0.0
1559.465928,5,1,1,0,1,45.0,0.0
1559.480408,1,2,13,3,60,64.0,1778.0
1559.4804195,6,1,7,2,86,57.0,430.571
1559.4804295,3,2,5,0,33,53.0,162.292
1559.480443,5,2,5,0,2,53.0,8.535
1559.4815215,6,2,4,1,23,64.0,579.466
1559.4840795,6,1,1,0,1,45.0,0.0
1559.4855745,6,1,1,0,4,48.0,11.614
1559.4913325,6,2,1,0,2,45.0,4.055
1559.498494,5,2,1,0,2,48.0,7.374
1559.5069755,6,1,1,0,1,47.0,0.0
1559.5161305,6,1,1,0,1,45.0,0.0
1559.5301775,3,1,2,0,5,47.0,14.093
1559.53019,2,2,1,0,2,52.0,14.027
1559.530191,1,1,6,0,33,53.0,142.546
1559.530252,5,1,1,0,1,46.0,0.0
1559.5335535,6,8,5,0,16,53.0,159.667
1559.533607,5,7,2,0,9,47.0,30.918
1559.5342325,6,2,6,0,21,60.0,327.873
1559.5377515,6,2,1,0,8,50.0,55.78
1559.539225,2,2,4,1,27,59.0,467.355
1559.5392435,6,1,3,0,1,49.0,0.0
1559.539244,1,2,6,1,47,52.0,181.56
1559.5392535,3,1,2,0,1,46.0,0.0
1559.53926,5,23,9,0,24,51.0,80.034
1559.5427745,6,2,1,0,3,48.0,10.615
1559.544976,5,11,30,11,214,68.0,6706.0
1559.5449785,3,1,9,1,88,52.0,155.912
1559.544983,1,2,22,5,117,60.0,1547.0
1559.54499,2,1,13,3,78,58.0,1020.0
1559.5449925,6,2,15,4,132,57.0,786.2
1559.548111,1,15,17,3,128,56.0,750.676
1559.5481125,6,12,17,4,117,57.0,1138.0
1559.548115,2,35,15,5,112,60.0,1544.0
1559.548115,5,2,13,2,56,61.0,887.52
1559.5481155,3,1,11,2,91,54.0,306.268
1559.550766,1,1,1,0,1,51.0,0.0
1559.554748,5,2,1,0,2,45.0,3.903
1559.5585095,6,1,3,0,13,58.0,283.044
1559.558534,5,1,1,0,1,45.0,0.0
1559.564455,1,2,5,1,41,61.0,400.109
1559.5796445,6,2,9,4,95,66.0,3244.0
1559.5841615,6,2,3,0,6,58.0,93.666
1559.5879595,6,1,1,0,1,47.0,0.0
1559.5904835,6,14,37,22,401,75.0,23389.0
1559.590489,1,17,42,14,354,69.0,6886.0
1559.5904975,3,50,30,9,294,61.0,2426.0
1559.5905,2,27,28,15,198,67.0,8895.0
1559.590505,5,13,34,11,181,66.0,5005.0
1559.592201,5,1,3,0,1,47.0,0.0
1559.593058,1,14,12,1,62,58.0,348.429
1559.593069,5,1,13,1,64,54.0,345.746
1559.5930735,6,7,10,2,112,56.0,468.633
1559.593075,2,1,7,0,24,54.0,164.707
1559.5930765,3,10,6,1,78,53.0,282.171
1559.599323,5,4,1,0,5,47.0,16.953
1559.5993265,6,1,1,0,1,45.0,0.0
1559.6033225,6,1,3,0,7,52.0,42.047
1559.604011,1,1,1,0,1,45.0,0.0
1559.6163045,6,2,5,1,27,58.0,348.814
1559.6209165,6,1,1,0,1,45.0,0.0
1559.6231195,6,2,3,0,7,62.0,321.913
1559.62825,5,2,1,0,2,45.0,4.432
1559.633772,5,3,2,0,5,52.0,39.151
1562.2222175,6,1,3,0,7,54.0,77.335
1562.2262435,6,2,1,0,3,50.0,20.237
1562.23151,1,2,1,0,2,48.0,8.226
1562.2315165,3,1,1,0,1,45.0,0.0
1562.233116,5,2,1,0,2,50.0,19.238
1562.2391475,6,1,1,0,1,45.0,0.0
1562.2418895,6,1,1,0,1,45.0,0.0
1562.2433775,6,3,3,0,7,52.0,51.373
1562.250118,1,2,2,0,3,49.0,23.025
1562.2502585,6,2,3,0,53,50.0,61.012
1562.2504945,3,1,1,0,1,45.0,0.0
1562.260465,1,4,30,12,172,68.0,10019.0
1562.260475,2,2,15,6,129,62.0,2433.0
1562.2604875,3,15,17,4,157,59.0,813.777
1562.2604895,6,1,21,6,195,63.0,2252.0
1562.260494,5,27,19,3,99,60.0,1042.0
1562.2642815,6,1,1,0,4,52.0,27.138
1562.2721715,6,1,2,0,1,47.0,0.0
1562.2725455,3,2,2,0,3,52.0,25.308
1562.274911,5,4,4,0,20,55.0,208.794
1562.278837,1,1,1,0,1,45.0,0.0
1562.2848875,3,1,1,0,1,46.0,0.0
1562.2905565,6,4,7,1,36,66.0,839.988
1562.2975215,6,2,4,0,20,55.0,92.153
1562.2983775,6,3,15,5,187,67.0,1901.0
1562.298379,1,53,19,4,177,55.0,731.495
1562.298379,5,6,21,6,153,61.0,1830.0
1562.2983805,3,8,7,3,186,55.0,496.559
1562.2984,2,1,11,3,89,58.0,690.432
1562.2990975,6,1,5,0,29,51.0,91.279
1562.299116,1,1,2,0,1,50.0,0.0
1562.301945,5,18,15,2,78,55.0,587.887
1562.3019635,6,1,5,0,20,53.0,122.551
1562.301984,1,1,4,0,25,49.0,68.604
1562.3041795,3,1,1,0,1,47.0,0.0
1562.308226,5,2,4,1,30,58.0,261.541
1562.3083255,6,1,1,0,1,45.0,0.0
1562.3099945,3,1,1,0,1,45.0,0.0
1562.3100165,6,1,1,0,1,47.0,0.0
1562.31029,5,3,9,1,36,64.0,728.936
1562.311998,1,1,1,0,1,45.0,0.0
1562.3245015,6,2,2,0,21,57.0,138.147
1562.326456,2,1,1,0,1,50.0,0.0
1562.326459,5,2,6,0,19,57.0,227.76
1562.326471,1,1,1,0,1,47.0,0.0
1562.3264745,6,1,2,0,15,47.0,23.809
1562.3281135,6,2,2,0,2,52.0,3.352
1562.328987,1,1,1,0,1,47.0,0.0
1562.3289875,6,1,2,0,4,51.0,22.921
1562.3330955,6,1,1,0,1,46.0,0.0
1562.334527,5,2,2,0,3,52.0,25.44
1562.3345465,6,1,2,0,9,52.0,51.161
1562.337371,1,2,3,0,2,48.0,17.156
1562.345914,1,6,41,16,238,68.0,9152.0
1562.345923,5,27,35,13,217,67.0,7565.0
1562.3459235,3,5,20,7,263,61.0,1894.0
1562.3459275,6,19,32,11,220,63.0,4358.0
1562.345934,2,24,24,11,165,64.0,5832.0
1562.3466915,6,1,2,0,1,50.0,0.0
1562.3476035,6,15,8,1,36,60.0,706.485
1562.347609,5,1,7,1,58,53.0,225.82
1562.347671,1,156,38,33,350,79.0,72797.0
1562.3478405,3,10,12,3,127,60.0,847.351
1562.347842,2,1,14,3,73,58.0,1183.0
1562.3528365,6,1,1,0,1,47.0,0.0
1562.3547825,6,2,2,0,3,49.0,9.687
1562.357575,5,1,4,0,13,52.0,71.888
1562.358637,1,2,2,0,7,51.0,49.408
1562.359596,1,2,3,0,6,54.0,53.815
1562.364585,1,1,1,0,1,48.0,0.0
1562.3660685,6,18,18,5,144,62.0,1655.0
1562.366077,5,9,15,3,103,60.0,635.018
1562.366093,1,1,13,3,110,55.0,547.55
1562.366099,2,10,7,1,47,58.0,461.026
1562.3661105,3,1,6,0,35,52.0,142.135
1562.367495,1,1,1,0,1,45.0,0.0
1562.369726,5,1,1,0,1,47.0,0.0
1562.3708235,6,1,2,0,1,52.0,0.0
1562.373961,5,2,4,0,3,50.0,17.037
1562.382595,1,2,2,0,3,49.0,13.411
1562.385599,1,2,7,0,34,51.0,149.406
1562.3904615,6,4,5,0,21,59.0,267.312
1562.3941145,6,3,9,2,200,53.0,242.175
1562.394259,1,2,14,4,90,64.0,1873.0
1562.394281,2,4,6,0,12,59.0,344.293
1562.3942875,3,1,1,0,1,45.0,0.0
1562.394289,5,22,8,0,23,54.0,193.21
1562.4020485,6,8,18,6,166,69.0,4246.0
1562.4020555,3,26,12,3,102,58.0,692.901
1562.40206,1,3,21,3,124,60.0,878.102
1562.402061,5,2,16,3,106,58.0,828.204
1562.402115,2,1,7,1,45,57.0,390.907
1562.407872,5,2,3,0,21,54.0,144.972
1562.412637,1,3,5,1,42,54.0,278.071
1562.4126695,6,1,2,0,1,46.0,0.0
1562.414008,1,1,1,0,1,45.0,0.0
1562.4198075,6,1,2,0,9,53.0,71.065
1562.420539,1,1,1,0,1,45.0,0.0
1562.4278645,6,2,4,1,31,59.0,348.034
1562.429872,1,1,9,1,49,55.0,242.946
1562.4298795,6,13,4,0,17,54.0,113.418
1562.4330195,6,3,5,0,5,51.0,49.453
1562.435303,5,1,4,0,15,52.0,101.559
1562.437491,5,2,2,0,40,51.0,121.288
1562.4374935,6,1,2,0,11,51.0,33.955
1562.440355,5,6,6,1,53,58.0,532.111
1562.4403935,6,1,1,0,1,45.0,0.0
1562.446351,5,12,2,0,13,52.0,72.082
1562.4515265,3,1,1,0,1,45.0,0.0
1562.4515365,6,1,2,0,4,52.0,28.722
1562.451546,5,1,1,0,1,47.0,0.0
1562.455916,1,1,6,1,39,55.0,220.621
1562.4559525,6,1,2,0,1,47.0,0.0
1562.4573895,6,1,1,0,4,52.0,22.108
1562.460355,1,1,1,0,1,45.0,0.0
1562.461812,1,1,2,0,8,52.0,56.188
1562.4619315,6,1,1,0,1,45.0,0.0
1562.466363,5,1,1,0,1,45.0,0.0
1562.466969,1,2,2,0,3,54.0,37.71
1562.4677395,6,1,1,0,1,45.0,0.0
1562.473481,1,1,2,0,15,48.0,36.06
1562.4734895,6,2,3,0,17,51.0,44.931
1562.4748775,6,1,2,0,4,46.0,8.781
1562.4766555,6,1,2,0,1,47.0,0.0
1562.478709,1,4,17,5,104,63.0,2474.0
1562.478721,2,2,8,4,129,57.0,865.953
1562.4787215,6,1,11,3,97,60.0,941.499
1562.478725,5,48,12,2,112,55.0,405.196
1562.4787325,3,11,8,1,68,55.0,253.221
1562.4806115,6,1,2,0,9,51.0,66.014
1562.4812265,6,1,1,0,1,45.0,0.0
1562.484329,1,1,1,0,1,47.0,0.0
1562.4843395,3,1,1,0,4,50.0,19.736
1562.4878095,6,1,6,1,34,64.0,598.308
1562.498596,1,5,6,1,38,58.0,306.956
1562.4994675,6,10,2,0,11,53.0,112.53
1562.5003425,6,2,3,0,23,52.0,87.674
1562.502672,5,2,10,1,30,58.0,580.959
1562.502676,1,2,7,1,51,52.0,140.071
1562.5026935,6,4,7,1,85,53.0,221.679
1562.502696,2,1,4,0,18,56.0,242.616
1562.5026975,3,1,2,0,4,46.0,9.888
1562.5034385,6,1,1,0,1,45.0,0.0
1562.505644,5,2,1,0,2,49.0,14.315
1562.505804,1,1,3,0,15,51.0,70.993
1562.506681,1,2,5,0,17,53.0,145.13
1562.508296,1,8,52,89,289,86.0,483429.0
1562.508312,2,15,37,25,249,70.0,19446.0
1562.5083125,3,11,33,15,285,70.0,9162.0
1562.5083135,6,33,40,18,251,72.0,13796.0
1562.508316,5,40,39,13,291,64.0,5102.0
1562.512292,5,1,1,0,1,45.0,0.0
1562.5125845,6,1,1,0,1,45.0,0.0
1562.5153015,6,1,2,0,7,53.0,34.014
1562.520758,5,19,7,2,83,54.0,344.001
1562.520763,1,11,10,1,54,55.0,315.928
1562.5208105,6,1,3,0,8,48.0,20.964
1562.5221285,6,1,1,0,1,45.0,0.0
1562.530726,1,2,8,1,25,57.0,314.506
1562.532224,5,2,3,0,8,52.0,69.117
1562.536202,1,2,5,0,28,55.0,164.145
1562.5362285,6,1,6,1,83,49.0,118.094
1562.5370175,6,1,1,0,1,48.0,0.0
1562.5402965,6,1,2,0,8,48.0,20.826
1562.542336,5,1,1,0,1,47.0,0.0
1562.5450565,6,1,2,0,6,53.0,20.025
1562.560851,1,1,1,0,1,45.0,0.0
1562.5651485,6,2,1,0,2,50.0,4.826
1562.566547,1,1,1,0,1,46.0,0.0
1562.5702705,6,1,1,0,4,49.0,12.317
1562.574894,5,2,1,0,2,46.0,7.006
1562.5749045,6,1,2,0,1,48.0,0.0
1562.574908,1,2,2,0,4,48.0,23.344
1562.576676,1,2,2,0,3,49.0,40.356
1562.582902,1,2,3,0,37,50.0,74.761
1562.5834475,6,2,2,0,5,51.0,28.933
1562.592992,1,2,1,0,3,48.0,12.916
1562.5966265,6,1,3,0,1,49.0,0.0
1562.597884,1,4,3,0,37,56.0,317.522
1562.6015045,6,2,2,0,10,56.0,83.256
1562.609373,1,2,4,0,37,58.0,222.239
1562.6093875,3,1,1,0,1,45.0,0.0
1562.6093945,6,1,2,0,16,50.0,26.062
1562.609396,5,13,4,0,14,51.0,67.825
1562.610497,5,1,7,1,53,51.0,139.174
1562.6105085,6,2,3,0,23,55.0,196.146
1562.612059,1,2,5,0,35,55.0,134.444
1562.617478,5,2,2,0,2,47.0,4.961
1562.628371,1,92,16,4,185,64.0,1479.0
1562.6284755,3,1,3,0,15,49.0,38.424
1562.628495,5,1,2,0,1,46.0,0.0
1562.6285305,6,1,1,0,1,45.0,0.0
1562.6317995,3,1,1,0,1,45.0,0.0
1562.635675,5,3,7,1,43,55.0,267.349
1562.6357015,3,1,1,0,1,45.0,0.0
1562.6357015,6,1,4,0,9,49.0,24.359
1562.637413,1,2,11,2,79,59.0,759.053
1562.6374265,3,1,5,0,23,52.0,106.859
1562.637432,2,1,6,1,35,58.0,371.042
1562.6374325,6,1,7,1,60,53.0,192.467
1562.637433,5,4,8,1,36,55.0,240.035
1562.638644,1,3,2,0,4,46.0,14.007
1562.641268,1,5,6,0,30,54.0,137.245
1562.6412725,3,1,1,0,1,45.0,0.0
1562.6412845,6,1,1,0,1,46.0,0.0
1562.641302,5,28,2,0,29,49.0,59.157
1562.6425395,3,1,2,0,1,50.0,0.0
1562.642553,5,1,2,0,1,50.0,0.0
1562.6468555,6,1,6,0,21,53.0,91.629
1562.646858,5,1,6,0,1,55.0,0.0
1562.646871,1,38,4,0,39,53.0,110.241
1562.6468715,3,1,3,0,5,46.0,10.072
1562.648508,5,1,2,0,1,46.0,0.0
1562.6485195,6,1,2,0,1,47.0,0.0
1562.6519385,6,1,2,0,4,50.0,19.099
1562.654004,5,1,3,0,18,51.0,83.651
1562.654007,1,1,3,0,47,50.0,81.856
1562.6664865,6,1,1,0,5,49.0,15.057
1562.669697,5,1,7,0,14,53.0,78.647
1562.6718325,6,2,4,0,20,55.0,94.847
1562.672753,5,2,1,0,2,47.0,4.432
1562.6734105,3,1,1,0,1,45.0,0.0
1562.6734195,6,1,1,0,4,49.0,12.873
1562.687655,5,16,14,2,126,53.0,478.386
1562.6876665,6,1,9,2,216,54.0,242.309
1562.687676,1,1,4,1,67,49.0,88.635
1562.6877125,3,1,1,0,1,45.0,0.0
1562.6897675,6,1,3,0,14,57.0,158.686
1562.7056795,6,1,2,0,8,54.0,76.046
1562.708922,1,1,5,1,54,52.0,160.356
1562.7089365,6,1,3,0,21,47.0,38.839
1562.709257,5,15,6,1,50,57.0,383.338
1562.7092785,3,1,2,0,1,48.0,0.0
1562.714381,1,1,2,0,1,48.0,0.0
1562.7160145,6,1,1,0,1,45.0,0.0
1562.716859,1,2,7,1,57,58.0,541.111
1562.7168715,6,4,7,1,69,50.0,161.651
1562.716938,5,1,3,0,1,48.0,0.0
1562.7243295,6,1,4,0,29,55.0,147.442
1562.726059,1,1,1,0,1,49.0,0.0
1562.7334485,6,1,1,0,1,45.0,0.0
1562.7410595,6,2,3,0,7,57.0,202.318
1562.74854,5,2,3,1,105,47.0,109.742
1562.7486155,3,2,1,0,3,52.0,23.407
1562.7501715,6,1,2,0,15,48.0,29.242
1562.7512945,6,1,3,0,10,48.0,23.839
1562.7513055,3,1,1,0,1,45.0,0.0
1562.7534615,3,1,2,0,4,53.0,36.267
1562.753471,5,2,2,0,2,50.0,15.915
1562.753492,2,1,1,0,1,50.0,0.0
1562.754413,2,1,4,0,14,54.0,186.617
1562.754415,1,2,11,2,91,57.0,465.357
1562.7544225,6,1,2,0,20,48.0,33.521
1562.754454,5,1,2,0,1,47.0,0.0
1562.7544775,3,1,1,0,1,45.0,0.0
1562.7553405,3,1,2,0,10,47.0,19.511
1562.755364,1,2,1,0,2,46.0,3.579
1562.7566075,6,2,2,0,7,61.0,201.663
1562.7589615,6,2,5,1,23,64.0,679.609
1562.7605915,6,2,2,0,2,55.0,24.358
1562.762623,5,3,6,0,17,51.0,134.697
1562.7639335,6,1,5,1,95,50.0,131.618
1562.7653845,6,1,3,0,1,49.0,0.0
1565.3516315,6,12,4,0,16,51.0,49.978
1565.354291,1,1,1,0,1,45.0,0.0
1565.354822,5,1,1,0,1,45.0,0.0
1565.355719,5,2,2,0,17,54.0,101.809
1565.3612465,6,1,5,0,25,54.0,170.086
1565.361254,1,2,3,0,7,51.0,56.42
1565.361287,5,2,4,0,12,51.0,59.255
1565.361767,1,1,4,0,1,49.0,0.0
1565.36326,1,2,10,1,79,54.0,276.383
1565.3632665,6,1,13,3,110,57.0,636.842
1565.3633015,3,1,5,1,106,51.0,153.335
1565.365061,5,2,1,0,3,49.0,12.261
1565.3668855,6,1,1,0,1,45.0,0.0
1565.36808,5,2,1,0,3,50.0,13.805
1565.369358,5,1,2,0,1,48.0,0.0
1565.3707455,3,1,4,0,5,49.0,21.028
1565.370759,1,1,7,0,30,51.0,114.331
1565.370759,5,2,5,1,41,58.0,321.785
1565.3707715,6,1,4,0,24,49.0,46.093
1565.3731425,6,2,14,3,89,58.0,882.643
1565.373171,5,9,14,4,260,56.0,707.163
1565.3731755,3,5,5,0,37,50.0,113.547
1565.373176,2,1,8,1,59,55.0,376.864
1565.373177,1,1,10,1,107,50.0,233.74
1565.3778285,6,1,1,0,1,47.0,0.0
1565.3796005,6,1,1,0,1,45.0,0.0
1565.383211,2,1,2,0,1,52.0,0.0
1565.383213,5,4,4,0,17,54.0,135.298
1565.3832265,6,17,4,0,18,52.0,65.553
1565.383238,1,1,3,0,1,49.0,0.0
1565.383731,5,2,4,0,2,49.0,4.66
1565.3839525,6,1,1,0,1,45.0,0.0
1565.3847815,6,2,2,0,2,47.0,15.254
1565.384817,5,1,1,0,1,45.0,0.0
1565.3861705,6,1,1,0,1,45.0,0.0
1565.3878005,6,1,2,0,21,48.0,30.454
1565.390138,1,2,1,0,3,51.0,19.428
1565.3917025,6,1,1,0,1,45.0,0.0
1565.3938645,6,10,2,0,11,49.0,42.239
1565.394371,5,3,5,0,19,54.0,274.208
1565.394893,5,2,3,0,3,51.0,24.994
1565.3956505,6,1,2,0,8,50.0,27.928
1565.4013785,6,1,5,0,11,55.0,96.33
1565.4035425,6,1,1,0,1,46.0,0.0
1565.404187,1,2,4,0,3,48.0,14.606
1565.4041955,3,1,2,0,15,47.0,19.458
1565.404234,5,2,1,0,3,49.0,12.024
1565.4054155,6,1,1,0,4,45.0,6.764
1565.4079895,6,1,1,0,4,55.0,50.116
1565.413878,5,19,4,0,20,54.0,189.647
1565.4139035,6,1,1,0,5,49.0,21.292
1565.414593,1,1,3,0,1,48.0,0.0
1565.415913,1,2,1,0,2,45.0,8.896
1565.42029,5,132,40,17,302,69.0,13569.0
1565.4203215,6,114,31,11,299,65.0,4492.0
1565.42038,1,112,37,9,240,61.0,2727.0
1565.4204045,3,1,19,6,207,64.0,1687.0
1565.420412,2,52,26,8,143,61.0,2895.0
1565.4221965,6,1,2,0,1,46.0,0.0
1565.4243775,6,1,2,0,4,49.0,13.945
1565.4265765,6,1,1,0,1,45.0,0.0
1565.429105,5,2,2,0,3,58.0,65.312
1565.429904,1,1,1,0,1,47.0,0.0
1565.429907,5,2,4,0,17,53.0,89.588
1565.4299375,6,1,2,0,1,47.0,0.0
1565.430739,5,1,2,0,17,51.0,51.642
1565.432025,2,2,3,0,3,55.0,56.927
1565.432039,1,1,5,0,29,48.0,50.402
1565.4320445,3,2,1,0,2,45.0,3.213
1565.4320645,6,1,1,0,1,47.0,0.0
1565.432098,5,2,1,0,5,46.0,16.144
1565.4328325,6,1,1,0,1,45.0,0.0
1565.4336055,6,2,2,0,21,50.0,55.652
1565.4386175,6,1,1,0,1,45.0,0.0
1565.442799,1,1,1,0,1,45.0,0.0
1565.445067,1,2,3,0,4,49.0,38.071
1565.4451125,6,1,4,0,1,47.0,0.0
1565.450261,1,3,3,0,4,51.0,29.609
1565.4502725,6,1,3,0,6,51.0,29.776
1565.456348,1,2,1,0,3,45.0,8.045
1565.4578675,3,1,12,2,83,54.0,381.845
1565.457868,2,7,15,5,128,60.0,1313.0
1565.457874,1,12,26,6,215,59.0,1438.0
1565.457875,5,5,19,5,115,66.0,2259.0
1565.4578835,6,22,18,5,205,59.0,1323.0
1565.4612715,6,1,1,0,1,45.0,0.0
1565.464638,5,3,2,0,4,49.0,23.185
1565.4662785,6,1,1,0,1,46.0,0.0
1565.4687785,6,1,1,0,1,47.0,0.0
1565.469483,5,1,1,0,1,47.0,0.0
1565.4695035,6,1,1,0,1,47.0,0.0
1565.475848,1,1,1,0,1,50.0,0.0
1565.477978,5,2,3,0,3,47.0,7.509
1565.4814135,6,1,6,0,29,51.0,92.858
1565.481441,5,2,1,0,2,47.0,6.07
1565.482517,5,60,8,1,70,53.0,239.628
1565.4825495,6,1,3,0,47,50.0,55.026
1565.483623,2,1,1,0,1,51.0,0.0
1565.483628,5,2,4,0,32,51.0,100.035
1565.4847255,6,1,1,0,1,45.0,0.0
1565.484736,1,1,3,0,1,47.0,0.0
1565.485239,5,2,1,0,2,46.0,4.055
1565.488251,5,94,76,59,535,79.0,101732.0
1565.48827,1,100,69,60,514,77.0,104959.0
1565.488274,2,58,57,82,380,82.0,187435.0
1565.4882865,6,84,62,68,476,78.0,141002.0
1565.4883135,3,10,49,41,487,73.0,34802.0
1565.4904995,3,17,61,98,653,80.0,187677.0
1565.490502,2,17,78,160,533,85.0,624142.0
1565.490505,5,15,84,117,545,89.0,528134.0
1565.4905085,6,49,91,135,1081,85.0,464582.0
1565.490509,1,5,87,115,648,83.0,344401.0
1565.4918865,3,1,1,0,1,45.0,0.0
1565.491905,1,1,3,0,1,48.0,0.0
1565.4938735,6,1,1,0,1,47.0,0.0
1565.494289,5,2,5,0,14,48.0,42.654
1565.4945845,6,1,2,0,1,49.0,0.0
1565.4974995,6,1,5,0,8,57.0,135.56
1565.4990775,3,1,2,0,4,52.0,29.129
1565.5001865,6,2,5,1,26,61.0,377.489
1565.5028265,6,3,6,0,25,57.0,182.942
1565.5040315,3,1,1,0,1,45.0,0.0
1565.504037,5,2,5,0,2,48.0,4.562
1565.504042,1,1,3,0,9,51.0,44.101
1565.5040575,6,1,3,0,1,53.0,0.0
1565.5056445,6,6,3,1,22,56.0,324.572
1565.5074025,6,1,12,3,79,63.0,1090.0
1565.5074105,3,2,2,0,35,46.0,33.766
1565.507412,1,32,8,1,40,53.0,207.423
1565.507412,5,1,7,0,51,48.0,104.185
1565.508818,5,2,2,0,3,51.0,21.488
1565.5088235,6,1,2,0,18,52.0,50.007
1565.5102875,6,2,1,0,2,45.0,3.665
1565.513192,1,12,9,2,59,60.0,766.363
1565.513224,5,132,10,3,170,59.0,771.482
1565.5132365,6,1,6,1,147,49.0,116.379
1565.5133815,3,1,1,0,1,45.0,0.0
1565.514054,1,2,2,0,2,47.0,3.213
1565.5148015,3,77,46,44,500,72.0,40854.0
1565.514803,2,16,60,76,429,80.0,162814.0
1565.514807,5,12,62,58,397,83.0,139853.0
1565.5148085,6,52,62,53,506,75.0,68123.0
1565.51481,1,22,61,49,415,78.0,73637.0
1565.5166455,6,2,6,1,29,62.0,661.039
1565.5175165,3,75,19,7,406,57.0,1205.0
1565.517522,1,19,21,5,137,60.0,1672.0
1565.517522,2,60,23,11,347,60.0,3227.0
1565.517524,5,9,20,5,113,66.0,2690.0
1565.5175365,6,1,18,4,116,59.0,1245.0
1565.518263,5,23,9,2,63,54.0,427.261
1565.518278,1,16,9,2,106,61.0,665.567
1565.5182935,6,2,3,0,9,53.0,76.615
1565.518984,1,1,1,0,1,45.0,0.0
1565.5189965,6,1,1,0,1,46.0,0.0
1565.5196735,6,2,3,0,12,55.0,98.137
1565.5211575,6,8,3,0,9,55.0,146.111
1565.52796,5,2,4,0,7,52.0,70.866
1565.528999,2,2,8,2,59,62.0,821.513
1565.5290005,3,1,7,1,98,53.0,219.93
1565.529009,5,1,4,0,17,53.0,92.015
1565.5290105,6,4,9,1,61,51.0,183.786
1565.529011,1,16,7,1,78,51.0,205.92
1565.5314295,6,1,2,0,4,53.0,43.504
1565.5325315,3,1,1,0,1,45.0,0.0
1565.532536,2,1,2,0,4,55.0,59.015
1565.53254,5,2,4,0,7,53.0,78.127
1565.532541,1,1,6,1,57,50.0,126.412
1565.5325535,6,1,4,0,21,47.0,34.624
1565.5338865,6,1,1,0,1,50.0,0.0
1565.534144,5,13,19,5,134,64.0,1931.0
1565.534146,2,19,16,6,132,63.0,2490.0
1565.5341465,3,16,16,3,116,55.0,708.352
1565.534149,1,16,19,5,123,63.0,2010.0
1565.534918,5,10,9,2,156,55.0,358.054
1565.5349435,6,1,3,0,14,50.0,48.874
1565.535751,1,2,4,0,18,51.0,97.777
1565.5357685,6,1,3,0,38,48.0,55.648
1565.5389275,6,3,4,0,17,59.0,238.059
1565.539619,2,1,1,0,1,50.0,0.0
1565.541251,5,1,3,0,6,50.0,29.311
1565.542746,1,2,2,0,3,47.0,8.933
1565.546601,5,1,3,0,8,49.0,18.639
1565.550438,5,3,6,0,18,49.0,74.686
1565.5506615,6,1,2,0,82,46.0,51.898
1565.550723,1,1,1,0,1,45.0,0.0
1565.55111,2,33,34,23,252,70.0,16322.0
1565.551114,5,42,35,15,244,67.0,8816.0
1565.5511165,3,17,27,12,320,67.0,5589.0
1565.5512238,1,1,28,5,169,59.0,1247.0
1565.5512455,6,2,18,5,224,58.0,924.141
1565.5524835,6,1,1,0,1,46.0,0.0
1565.555436,1,2,21,5,258,56.0,778.223
1565.5554375,3,1,6,2,182,52.0,220.761
1565.5554415,6,29,19,5,308,56.0,638.62
1565.555465,5,120,16,5,218,59.0,1715.0
1565.555588,2,1,5,0,1,54.0,0.0
1565.558011,1,2,3,0,2,49.0,3.464
1565.5580195,6,1,2,0,5,50.0,9.85
1565.5582645,3,1,3,0,51,50.0,70.177
1565.55827,5,1,9,1,56,54.0,343.901
1565.558293,2,1,3,0,6,52.0,32.984
1565.56246,1,3,10,2,74,59.0,421.364
1565.5624655,6,1,7,1,54,55.0,176.744
1565.5624795,3,1,4,0,18,50.0,54.5
1565.562507,5,2,3,0,11,48.0,37.728
1565.563606,5,2,7,0,10,50.0,37.527
1565.5636175,6,2,4,0,27,56.0,131.696
1565.5648255,3,1,1,0,1,45.0,0.0
1565.564846,1,15,4,0,19,49.0,57.058
1565.564872,5,1,1,0,1,47.0,0.0
1565.5653545,6,2,1,0,4,50.0,28.935
1565.565618,5,4,2,0,12,52.0,84.071
1565.5670885,6,1,7,1,30,56.0,221.403
1565.567831,5,1,1,0,1,51.0,0.0
1565.5694855,6,1,1,0,4,48.0,11.592
1565.5730065,6,1,11,3,71,64.0,1182.0
1565.573024,1,1,9,2,99,56.0,401.108
1565.573025,2,1,10,2,76,55.0,556.513
1565.5730295,3,1,5,1,63,51.0,108.044
1565.573063,5,1,4,0,4,50.0,7.373
1565.57394,5,2,4,0,14,54.0,109.206
1565.5739715,6,1,1,0,1,46.0,0.0
1565.5746165,6,1,2,0,9,48.0,17.485
1565.575396,1,6,20,5,140,63.0,1665.0
1565.5754125,3,14,7,1,93,56.0,259.539
1565.5754195,6,14,14,2,100,59.0,662.144
1565.57542,2,36,15,5,99,61.0,1934.0
1565.575427,5,10,16,3,99,58.0,919.672
1565.576059,1,2,6,0,3,56.0,68.023
1565.578883,2,1,3,0,7,55.0,48.326
1565.578895,5,4,8,0,14,53.0,133.443
1565.5789085,6,1,1,0,1,45.0,0.0
1565.578974,1,2,1,0,3,47.0,11.651
1565.5809945,6,8,7,2,91,56.0,335.607
1565.5810275,3,1,2,0,6,52.0,33.942
1565.581046,1,1,2,0,1,47.0,0.0
1565.5816885,6,1,1,0,4,45.0,7.23
1565.5830545,6,3,1,0,4,49.0,17.365
1565.583525,1,1,2,0,1,47.0,0.0
1565.584234,5,1,2,0,11,51.0,58.268
1565.5842855,6,1,1,0,1,50.0,0.0
1565.585281,5,11,11,1,67,54.0,315.988
1565.585282,1,7,9,1,74,53.0,241.117
1565.5852825,3,7,5,1,76,54.0,205.683
1565.585285,2,1,7,1,35,57.0,344.556
1565.5852955,6,3,9,2,126,55.0,436.813
1565.587594,1,2,4,0,15,61.0,376.724
1565.588488,1,3,17,6,127,72.0,5140.0
1565.589312,5,1,13,2,113,53.0,349.694
1565.5893145,3,1,2,0,7,50.0,21.196
1565.5893525,6,39,9,2,72,60.0,583.967
1565.58937,1,2,6,0,17,49.0,51.503
1565.5919365,3,1,1,0,1,45.0,0.0
1565.591941,2,1,3,0,1,54.0,0.0
1565.591944,5,2,6,0,19,53.0,149.479
1565.5919505,6,1,2,0,1,46.0,0.0
1565.595371,5,1,4,0,18,53.0,79.123
1565.595708,1,1,1,0,1,50.0,0.0
1565.5962255,6,1,1,0,4,45.0,6.601
1565.6023345,3,1,1,0,1,45.0,0.0
1565.6067635,6,1,4,0,24,48.0,56.275
1565.6068205,3,1,1,0,1,45.0,0.0
1565.610702,5,3,6,1,36,53.0,161.7
1565.612782,5,2,11,1,48,52.0,186.643
1565.6127855,6,1,6,0,35,53.0,162.444
1565.6127885,3,1,3,0,14,51.0,40.977
1565.612793,2,1,3,0,1,55.0,0.0
1565.612799,1,5,8,0,32,50.0,140.246
1565.614258,1,2,1,0,3,51.0,21.116
1565.6142645,3,2,1,0,5,48.0,16.017
1565.6142935,6,1,2,0,1,49.0,0.0
1565.6157215,6,1,3,0,6,55.0,56.632
1565.617292,1,237,62,38,628,72.0,34910.0
1565.6175145,3,24,40,33,445,72.0,24655.0
1565.617518,2,22,48,51,299,77.0,81617.0
1565.617519,5,15,57,40,317,77.0,60420.0
1565.6175315,6,12,47,33,402,73.0,28326.0
1565.618421,1,2,5,0,25,60.0,337.007
1565.619746,1,4,3,0,8,55.0,84.631
1565.620589,5,2,4,1,67,50.0,147.283
1565.6206315,6,1,2,0,1,45.0,0.0
1565.6215575,6,1,1,0,1,45.0,0.0
1565.6223295,6,1,1,0,1,45.0,0.0
1565.624734,1,1,15,2,137,54.0,364.107
1565.624737,5,8,21,5,170,64.0,1896.0
1565.6247385,3,2,9,1,111,53.0,261.055
1565.624745,2,33,11,3,87,57.0,879.44
1565.6247485,6,20,14,3,118,57.0,721.899
1565.6254745,3,20,19,5,221,59.0,1283.0
1565.625477,2,11,26,12,254,64.0,4814.0
1565.625481,1,2,29,7,189,60.0,2164.0
1565.625483,5,13,26,7,136,63.0,2777.0
1565.6254875,6,12,24,6,171,59.0,1513.0
1565.627754,5,2,7,1,43,55.0,252.482
1565.6277935,6,1,1,0,1,45.0,0.0
1565.630191,5,2,4,0,2,53.0,11.471
1565.6301955,3,1,1,0,1,45.0,0.0
1565.6353175,6,1,1,0,1,45.0,0.0
1565.636011,2,1,3,0,1,54.0,0.0
1565.6362505,6,2,2,0,2,48.0,6.846
1565.636445,1,28,13,2,67,56.0,473.774
1565.636459,5,1,8,2,72,55.0,335.806
1565.6364705,3,1,1,0,1,45.0,0.0
1565.637561,1,1,1,0,1,46.0,0.0
1565.6380545,6,2,9,2,111,58.0,433.654
1565.638079,1,1,4,0,1,50.0,0.0
1565.6380935,3,1,2,0,1,46.0,0.0
1565.638096,5,2,3,0,3,51.0,15.638
1565.638114,2,1,1,0,1,50.0,0.0
1565.6445285,6,1,1,0,1,46.0,0.0
1565.6452665,3,1,4,1,66,49.0,91.921
1565.64527,5,13,7,0,17,55.0,202.624
1565.645277,1,1,6,1,57,53.0,150.953
1565.6452865,6,1,6,0,41,52.0,133.052
1565.6476475,6,13,22,12,142,72.0,12057.0
1565.647656,5,2,24,5,157,57.0,1156.0
1565.6476605,3,1,14,4,164,59.0,1129.0
1565.647664,1,48,28,7,161,63.0,3041.0
1565.647672,2,45,18,7,202,61.0,2060.0
1565.6564075,6,1,3,1,172,52.0,102.522
1565.656588,1,1,3,0,1,47.0,0.0
1565.6576545,3,1,2,0,1,47.0,0.0
1565.657656,2,2,7,1,47,57.0,482.994
1565.657657,5,1,7,1,83,52.0,150.849
1565.657665,1,2,6,1,59,52.0,206.378
1565.6576805,6,1,1,0,1,45.0,0.0
1565.658777,5,2,4,0,2,54.0,22.948
1565.659477,1,40,11,1,68,52.0,291.059
1565.659478,5,4,9,1,48,59.0,415.211
1565.6594895,6,2,8,1,49,56.0,251.785
1565.6594945,3,2,5,1,70,49.0,102.859
1565.659548,2,1,2,0,1,51.0,0.0
1565.661684,1,1,1,0,1,45.0,0.0
1565.662183,5,2,1,0,2,45.0,3.665
1565.669509,5,94,18,4,145,59.0,1050.0
1565.6695685,3,1,13,2,124,53.0,353.735
1565.669578,1,50,15,3,134,55.0,576.568
1565.6695825,6,1,13,2,107,54.0,330.728
1565.669583,2,3,10,3,83,59.0,883.353
1565.6704765,6,1,2,0,11,53.0,54.409
1565.671442,5,1,1,0,1,46.0,0.0
1565.672029,5,2,1,0,2,45.0,5.773
1565.67271,5,1,1,0,1,45.0,0.0
1565.674873,1,1,1,0,1,47.0,0.0
1565.675672,1,3,5,0,13,52.0,85.526
1565.6757005,6,1,3,0,17,50.0,64.752
1565.6773735,6,18,33,20,465,75.0,25917.0
1565.677394,5,14,23,5,145,62.0,1279.0
1565.677403,1,63,20,4,149,58.0,905.111
1565.6774065,3,1,10,3,125,60.0,634.993
1565.680631,5,6,8,2,55,63.0,862.11
1565.6806585,6,1,4,1,27,55.0,246.849
1565.680688,2,1,1,0,1,50.0,0.0
1565.6820895,6,108,13,3,145,61.0,890.811
1565.682201,5,1,5,1,72,54.0,143.801
1565.6822165,3,1,2,0,11,47.0,12.486
1565.682264,1,1,2,0,8,48.0,19.035
1565.6855805,6,1,3,0,8,47.0,17.935
1565.685596,1,1,1,0,1,47.0,0.0
1565.688078,5,2,4,0,8,50.0,51.91
1565.6880785,3,1,3,0,1,46.0,0.0
1565.6881,1,10,2,0,56,49.0,101.293
1565.6881135,6,1,4,0,20,47.0,41.011
1565.6897125,3,1,1,0,1,45.0,0.0
1565.6902495,6,2,1,0,7,51.0,39.963
1565.6917745,6,1,1,0,1,45.0,0.0
1565.692799,5,1,2,0,14,48.0,37.087
1565.6936735,6,1,2,0,4,48.0,13.03
1565.694819,5,1,1,0,1,45.0,0.0
1565.6962925,6,1,1,0,1,45.0,0.0
1565.6981665,3,1,2,0,4,52.0,34.838
1565.698177,1,1,2,0,17,49.0,31.652
1565.701778,5,3,3,0,7,55.0,173.436
1565.7020995,6,1,4,0,117,50.0,79.988
1565.7091885,6,2,2,0,2,47.0,6.414
1565.7144345,6,4,5,1,26,63.0,951.556
1565.7192275,6,1,2,0,1,49.0,0.0
1565.7222875,6,3,9,4,91,67.0,2619.0
1565.7223,1,2,12,1,78,52.0,262.639
1565.7223265,3,2,4,0,60,48.0,86.19
1565.722337,2,1,3,0,28,51.0,71.879
1565.722338,5,1,3,0,27,47.0,46.396
1565.722914,1,6,18,3,74,62.0,1402.0
1565.7229325,6,2,13,3,227,55.0,394.669
1565.722944,2,3,5,1,50,56.0,298.979
1565.7229555,3,1,4,0,45,48.0,77.931
1565.722975,5,55,4,0,56,48.0,69.461
1565.7244815,6,1,2,0,10,51.0,38.744
1565.72476,1,2,2,0,2,49.0,9.829
1565.7256225,6,1,1,0,1,48.0,0.0
1565.726039,1,2,1,0,2,45.0,4.66
1565.7265285,6,1,3,0,25,55.0,137.633
1565.7265475,3,1,1,0,1,46.0,0.0
1565.7276345,3,1,2,0,9,52.0,52.197
1565.727637,5,1,1,0,1,45.0,0.0
1565.730822,5,2,3,0,3,53.0,37.788
1565.7308285,3,1,1,0,1,45.0,0.0
1565.7324295,6,2,6,1,26,60.0,426.731
1565.734048,1,1,1,0,1,45.0,0.0
1565.737282,5,5,6,0,7,50.0,51.889
1565.7374485,6,1,2,0,1,49.0,0.0
1565.7383895,6,2,1,0,4,52.0,28.729
1565.7390685,3,1,1,0,1,45.0,0.0
1565.7393305,6,1,1,0,1,45.0,0.0
1565.739353,1,1,1,0,1,46.0,0.0
1565.7404435,6,1,1,0,1,45.0,0.0
1565.742281,5,3,1,0,5,48.0,28.919
1565.742646,1,7,5,0,15,56.0,161.796
1565.7431315,6,1,5,0,4,51.0,28.223
1565.743622,5,14,4,0,15,51.0,67.137
1565.7436535,6,1,1,0,1,47.0,0.0
1565.7449135,6,1,6,0,22,58.0,318.265
1565.745422,1,2,1,0,3,49.0,15.456
1565.7460575,6,1,2,0,1,46.0,0.0
1565.748551,1,1,1,0,1,47.0,0.0
1565.748551,5,1,1,0,1,49.0,0.0
1565.7485555,6,1,1,0,1,46.0,0.0
1565.749556,5,36,7,0,37,51.0,110.989
1565.749567,1,1,2,0,1,48.0,0.0
1565.7496185,3,1,1,0,1,45.0,0.0
1565.7504715,6,1,1,0,1,45.0,0.0
1565.751929,5,1,1,0,1,45.0,0.0
1565.7522065,6,1,1,0,1,47.0,0.0
1565.7556525,6,1,2,0,8,51.0,37.454
1565.7576125,3,1,2,0,4,45.0,7.214
1565.7576265,6,1,2,0,4,48.0,13.257
1565.7593535,3,1,1,0,1,45.0,0.0
1565.759385,5,1,1,0,1,45.0,0.0
1565.7593885,6,1,1,0,1,47.0,0.0
1565.764887,5,1,1,0,1,46.0,0.0
1565.7651075,3,1,1,0,4,51.0,19.582
1565.7657155,6,1,3,0,1,51.0,0.0
1565.7661835,3,12,24,11,249,65.0,5293.0
1565.76619,1,20,35,14,222,66.0,7172.0
1565.766195,5,7,20,7,190,65.0,3215.0
1565.766196,2,54,24,13,167,67.0,8912.0
1565.7662168,6,26,24,7,205,64.0,2734.0
1565.77172,1,74,11,2,88,53.0,305.937
1565.7717225,6,1,13,3,156,59.0,778.205
1565.771727,5,1,11,1,96,53.0,230.286
1565.7717485,3,10,3,0,54,48.0,101.701
1565.77175,2,53,6,2,57,59.0,571.4
1565.772538,5,4,4,0,13,49.0,69.147
1565.7725625,6,1,3,0,4,49.0,13.244
1565.774291,5,6,13,8,94,73.0,10659.0
1565.7743315,6,1,4,0,32,48.0,70.726
1565.7761715,6,1,1,0,1,48.0,0.0
1565.77643,5,2,4,0,2,50.0,7.499
1565.7774385,6,2,7,1,45,59.0,280.477
1565.777689,1,1,2,0,1,54.0,0.0
1565.7786145,6,1,2,0,1,46.0,0.0
1565.778819,5,2,8,2,85,56.0,396.546
1565.7788245,3,6,2,0,14,53.0,89.942
1565.77884,1,1,5,1,56,51.0,141.177
1565.7818985,6,2,1,0,3,52.0,26.355
1565.783021,1,1,1,0,1,47.0,0.0
1565.783345,5,2,8,0,20,51.0,91.38
1565.7833515,3,6,2,0,11,53.0,79.833
1565.7833655,6,1,5,0,23,52.0,114.929
1565.7840505,6,13,10,2,149,54.0,399.457
1565.784105,1,1,6,0,36,52.0,79.821
1565.784118,5,3,7,0,16,57.0,395.503
1565.7841245,3,1,3,0,19,52.0,86.004
1565.784969,1,36,8,1,70,49.0,175.849
1565.7849715,3,1,2,0,1,47.0,0.0
1565.784973,5,33,6,1,58,51.0,186.476
1565.7849965,6,18,7,0,37,53.0,121.854
1565.789382,1,1,2,0,103,51.0,46.935
1565.7933545,6,2,3,0,27,53.0,85.826
1565.7936395,3,1,2,0,4,49.0,13.375
1565.794526,1,2,3,0,8,53.0,63.053
1565.7948495,3,2,4,1,74,52.0,166.985
1565.794851,5,2,11,2,71,58.0,461.506
1565.7948565,6,1,9,1,78,51.0,203.857
1565.794858,2,1,6,1,48,57.0,344.831
1565.7957145,6,1,3,1,129,53.0,100.023
1565.801094,5,3,4,0,27,52.0,138.814
1565.801115,1,1,2,0,1,46.0,0.0
1565.8011185,3,1,2,0,24,49.0,35.54
1565.8011185,6,2,5,1,61,54.0,201.582
1565.801593,2,1,10,2,74,56.0,669.797
1565.8016158,1,1,8,1,62,58.0,414.506
1565.801622,5,1,9,2,118,56.0,376.427
1565.8024355,6,2,7,0,32,52.0,138.08
1565.8041125,6,5,5,0,21,53.0,79.815
1565.804797,1,1,1,0,1,45.0,0.0
1565.806998,5,3,2,0,7,53.0,84.594
1565.8096605,6,5,10,2,60,62.0,905.139
1565.809664,5,2,5,0,4,52.0,28.632
1565.8096875,3,1,3,0,32,51.0,90.692
1565.809692,1,1,5,0,38,49.0,65.303
1565.81444,5,2,1,0,3,47.0,10.037
1565.8165895,6,2,2,0,6,55.0,58.541
1565.816862,5,1,2,0,1,47.0,0.0
1565.816873,1,1,2,0,1,45.0,0.0
1565.8171555,6,1,1,0,1,46.0,0.0
1565.818431,5,1,5,1,134,53.0,181.037
1565.818482,1,1,4,0,42,48.0,74.363
1565.821139,5,2,5,0,3,50.0,16.186
1565.8211815,6,3,6,0,23,56.0,157.276
1565.821198,1,1,3,0,1,47.0,0.0
1565.821928,1,1,1,0,1,45.0,0.0
1565.8245345,6,1,1,0,1,45.0,0.0
1565.828612,1,32,9,2,82,61.0,671.227
1565.8286345,6,1,4,0,4,49.0,9.444
1565.828637,2,1,2,0,1,52.0,0.0
1565.828651,5,1,2,0,1,46.0,0.0
1565.829518,1,1,5,0,22,57.0,161.527
1565.829543,5,3,5,0,17,51.0,80.319
1565.8295435,6,1,2,0,40,48.0,50.821
1565.8311305,6,1,1,0,1,45.0,0.0
1565.831558,5,2,8,2,125,56.0,316.196
1565.831566,1,1,6,0,54,49.0,71.376
1565.8315695,3,1,1,0,1,45.0,0.0
1565.8321197,1,9,14,3,93,58.0,1098.0
1565.8321205,3,1,6,1,75,53.0,198.229
1565.8321385,6,1,8,2,82,54.0,327.702
1565.832207,5,5,3,0,23,49.0,84.903
1565.8335075,6,1,2,0,82,48.0,55.879
1565.833564,1,2,4,0,62,49.0,106.865
1565.833966,5,3,7,0,17,48.0,73.176
1565.8360265,3,1,1,0,1,45.0,0.0
1565.8386525,6,16,7,0,26,56.0,249.607
1565.838668,5,1,2,0,1,46.0,0.0
1565.839135,1,4,2,0,5,55.0,119.322
1565.8391585,3,1,1,0,1,45.0,0.0
1565.8392305,6,1,1,0,1,45.0,0.0
1565.840162,5,2,2,0,3,50.0,16.224
1565.8410555,6,1,8,0,22,53.0,108.446
1565.8410655,3,2,3,0,18,52.0,90.239
1565.84109,5,9,6,1,46,51.0,209.084
1565.841135,1,1,2,0,1,47.0,0.0
1565.8430215,6,2,2,0,12,52.0,55.923
1565.8437235,6,1,2,0,4,48.0,10.82
1565.844077,1,1,5,0,57,52.0,109.708
1565.844081,5,2,5,0,33,51.0,107.436
1565.8440945,3,3,3,0,5,54.0,50.709
1565.8443565,6,4,12,3,101,67.0,1790.0
1565.844434,2,2,3,0,3,57.0,75.703
1565.8455105,6,1,1,0,1,45.0,0.0
1565.846592,1,1,10,1,169,54.0,82.272
1565.846752,5,2,5,0,2,52.0,4.562
1565.8467605,6,1,6,1,54,54.0,228.966
1565.846785,2,1,2,0,1,52.0,0.0
1565.8474625,6,1,2,0,1,47.0,0.0
1565.84892,5,1,1,0,1,45.0,0.0
1565.8498875,6,1,1,0,1,45.0,0.0
1565.852165,2,1,4,0,22,53.0,131.125
1565.852177,1,2,3,0,3,50.0,15.492
1565.852181,5,3,2,0,5,47.0,27.121
1565.8521875,6,1,3,0,7,47.0,19.843
1565.852706,5,10,2,0,11,51.0,33.676
1565.8540635,6,1,2,0,140,47.0,44.09
1565.854163,5,1,5,0,28,57.0,178.063
1565.8547965,6,1,1,0,1,45.0,0.0
1565.856213,5,3,7,1,33,56.0,527.167
1565.8562155,3,1,2,0,8,54.0,91.882
1565.857625,5,1,7,1,31,56.0,253.159
1565.8576595,3,1,1,0,6,45.0,11.88
1565.857854,1,3,11,2,82,61.0,695.834
1565.8578745,6,2,7,1,48,55.0,184.624
1565.857877,2,1,4,0,22,52.0,90.796
1565.8605215,6,1,3,2,314,49.0,138.083
1565.860625,1,1,5,1,183,50.0,123.764
1565.8615785,6,1,3,0,12,52.0,59.33
1565.8629215,3,1,1,0,1,45.0,0.0
1565.862927,5,2,1,0,3,48.0,12.652
1565.862941,1,1,1,0,1,46.0,0.0
1565.863587,1,1,2,0,14,47.0,27.026
1565.86535,1,2,5,0,37,55.0,184.968
1565.8660185,6,1,2,0,1,49.0,0.0
1565.8676045,6,3,6,1,21,63.0,628.204
1565.8694815,6,1,2,0,1,48.0,0.0
1565.870211,2,1,21,7,143,61.0,2435.0
1565.8702125,3,2,15,4,143,59.0,1158.0
1565.870215,1,16,20,6,153,60.0,1690.0
1565.870215,5,15,28,7,133,61.0,2976.0
1565.8702185,6,18,20,6,156,61.0,1780.0
1565.8729075,6,1,2,0,1,47.0,0.0
1565.874085,5,2,1,0,2,45.0,5.201
1565.876945,5,1,5,0,16,52.0,78.326
1565.8769675,6,1,2,0,5,47.0,12.575
1565.882545,5,15,3,0,16,53.0,111.498
1565.8825655,6,1,4,0,17,49.0,35.459
1565.882724,1,1,1,0,1,45.0,0.0
1565.8858925,6,1,1,0,4,49.0,14.91
1565.8869085,6,1,2,0,15,46.0,18.699
1565.887329,5,3,3,0,31,51.0,91.06
1565.8876755,6,2,2,0,3,46.0,10.788
1565.8883305,6,1,2,0,1,47.0,0.0
1565.890715,5,3,4,0,16,54.0,205.841
1565.8907385,6,37,3,0,45,54.0,128.285
1565.8991115,6,1,4,0,39,56.0,237.922
1568.480076,1,1,1,0,1,45.0,0.0
1568.480314,5,1,1,0,1,45.0,0.0
1568.4814185,6,1,1,0,4,45.0,7.539
1568.4832225,6,1,2,0,8,54.0,50.529
1568.4837525,6,1,2,0,4,50.0,16.448
1568.4858475,6,355,5,2,359,53.0,168.088
1568.486702,5,117,63,45,435,73.0,52467.0
1568.4867145,6,62,61,96,556,90.0,515365.0
1568.486726,1,121,64,49,512,73.0,62828.0
1568.486784,2,43,52,58,342,78.0,101319.0
1568.4867855,3,43,40,43,427,76.0,56848.0
1568.4900365,6,1,2,0,4,47.0,9.708
1568.4905375,3,2,2,0,29,47.0,34.078
1568.4905408,6,1,2,0,1,47.0,0.0
1568.490542,1,1,2,0,7,50.0,23.548
1568.4916225,6,118,8,2,132,59.0,524.903
1568.491756,1,1,3,0,1,46.0,0.0
1568.4925155,6,1,2,0,8,52.0,37.033
1568.4934055,6,1,4,0,1,49.0,0.0
1568.49341,5,1,4,0,1,57.0,0.0
1568.4938955,3,1,1,0,1,45.0,0.0
1568.4939565,6,1,1,0,1,46.0,0.0
1568.494185,5,2,9,1,40,54.0,252.132
1568.494196,2,1,3,1,58,52.0,148.554
1568.49426,1,112,8,2,143,60.0,456.988
1568.494995,1,1,1,0,1,45.0,0.0
1568.49562,5,2,10,1,31,54.0,203.063
1568.4956205,6,2,13,3,174,57.0,468.01
1568.4956555,3,2,8,1,124,52.0,209.006
1568.495661,1,83,18,3,152,57.0,703.103
1568.49576,2,2,3,0,3,55.0,44.598
1568.4961508,5,25,22,4,129,57.0,842.167
1568.4962805,3,1,2,0,1,47.0,0.0
1568.496297,2,1,2,0,4,53.0,31.228
1568.4963015,6,2,5,1,77,54.0,170.724
1568.496333,1,1,2,0,40,47.0,49.782
1568.496927,5,1,6,1,48,55.0,267.695
1568.496934,1,13,8,1,92,51.0,219.111
1568.4969425,6,1,3,0,1,49.0,0.0
1568.4969475,3,1,1,0,1,47.0,0.0
1568.4976815,6,206,5,2,211,56.0,258.109
1568.4977145,3,1,1,0,17,46.0,21.474
1568.4985615,6,1,1,0,1,49.0,0.0
1568.5002675,6,2,3,0,23,55.0,111.412
1568.500608,1,2,2,0,13,60.0,254.446
1568.5009715,6,1,1,0,4,49.0,13.043
1568.501414,5,80,23,6,375,61.0,1369.0
1568.5014235,3,1,6,1,40,52.0,173.866
1568.501429,2,1,6,0,15,54.0,131.893
1568.501437,1,2,9,0,34,53.0,163.911
1568.5015295,6,223,5,2,224,52.0,207.718
1568.5026165,6,1,1,0,1,48.0,0.0
1568.503544,2,1,1,0,1,51.0,0.0
1568.5051505,6,1,2,0,1,49.0,0.0
1568.505467,1,3,10,2,41,62.0,973.455
1568.5066315,6,5,10,1,40,57.0,378.725
1568.5066655,3,1,2,0,4,50.0,21.745
1568.50667,1,1,2,0,1,50.0,0.0
1568.507021,5,1,1,0,1,49.0,0.0
1568.507882,1,4,30,17,251,72.0,14084.0
1568.5078955,3,10,21,6,232,61.0,1570.0
1568.5078965,6,13,22,8,212,66.0,3499.0
1568.507899,2,13,31,17,199,69.0,13299.0
1568.507909,5,26,22,6,158,62.0,2286.0
1568.5089395,6,33,7,1,37,56.0,338.823
1568.50898,1,1,4,0,27,49.0,47.41
1568.5089855,3,1,1,0,1,45.0,0.0
1568.5097325,6,1,3,0,5,50.0,23.215
1568.510072,1,1,2,0,1,50.0,0.0
1568.5102865,6,14,19,3,102,62.0,1097.0
1568.510291,5,38,16,2,98,57.0,430.198
1568.5102925,3,1,11,2,109,56.0,364.458
1568.510295,2,17,14,5,135,56.0,1250.0
1568.511735,1,2,3,0,9,55.0,70.747
1568.5125055,6,1,1,0,1,45.0,0.0
1568.513234,1,2,15,3,92,60.0,824.133
1568.5132545,6,1,9,1,76,53.0,201.013
1568.5132695,3,1,2,0,39,47.0,49.237
1568.513301,2,2,1,0,3,50.0,24.704
1568.5139885,6,1,2,0,1,50.0,0.0
1568.514387,5,1,2,0,19,50.0,44.565
1568.516605,1,1,4,0,7,54.0,106.093
1568.5166185,6,93,10,2,123,57.0,482.535
1568.5189985,6,1,2,0,1,46.0,0.0
1568.519151,5,1,2,0,1,46.0,0.0
1568.519455,1,1,3,0,39,49.0,70.604
1568.5194825,3,1,1,0,1,45.0,0.0
1568.522748,5,2,1,0,2,45.0,9.45
1568.5229845,6,1,5,0,29,52.0,116.431
1568.524384,1,1,1,0,1,48.0,0.0
1568.5247535,6,1,1,0,5,45.0,10.072
1568.525635,1,3,4,0,8,54.0,190.696
1568.5257185,6,1,2,0,1,46.0,0.0
1568.525991,2,34,18,7,135,60.0,2407.0
1568.525993,5,1,16,4,121,58.0,1012.0
1568.5259955,3,1,13,4,121,58.0,999.886
1568.526144,1,2,5,0,62,52.0,95.94
1568.5262835,6,1,1,0,5,48.0,16.856
1568.5273465,6,1,1,0,1,45.0,0.0
1568.52779,5,3,14,3,94,61.0,1118.0
1568.5278105,3,1,11,2,67,56.0,492.419
1568.527811,2,1,9,3,99,56.0,594.244
1568.527818,1,31,13,3,92,56.0,720.269
1568.5278495,6,1,10,2,93,52.0,283.85
1568.5285165,6,9,38,18,305,72.0,12428.0
1568.528517,5,6,33,13,269,68.0,6744.0
1568.528531,2,67,30,12,188,65.0,5787.0
1568.5285315,3,37,25,11,276,64.0,4580.0
1568.528543,1,8,35,12,316,63.0,4204.0
1568.529533,1,3,19,6,142,70.0,4113.0
1568.529537,2,2,9,2,49,57.0,654.773
1568.5295435,3,1,11,2,146,49.0,246.695
1568.5295605,6,5,13,3,115,56.0,629.232
1568.52957,5,1,7,0,33,50.0,77.424
1568.53092,1,2,3,0,6,50.0,35.63
1568.5326625,6,1,2,0,1,51.0,0.0
1568.5331,1,1,3,0,1,49.0,0.0
1568.5344705,3,15,5,1,98,55.0,236.735
1568.534498,1,1,5,0,32,52.0,110.757
1568.534503,2,1,1,0,4,51.0,25.071
1568.5345075,6,1,4,0,53,49.0,88.046
1568.5363075,6,1,2,0,5,49.0,10.552
1568.5368955,6,1,1,0,1,45.0,0.0
1568.538346,1,1,5,1,64,51.0,127.429
1568.5383535,3,1,1,0,1,45.0,0.0
1568.538361,5,1,3,0,1,48.0,0.0
1568.5388125,6,1,6,1,68,56.0,208.149
1568.53966,1,1,1,0,4,50.0,17.872
1568.5410215,6,1,2,0,8,47.0,17.985
1568.541564,5,2,3,0,13,59.0,273.239
1568.5417145,6,1,1,0,1,45.0,0.0
1568.542186,1,1,2,0,1,48.0,0.0
1568.542831,5,1,2,0,21,47.0,21.771
1568.5428355,6,2,3,1,165,56.0,112.953
1568.5428645,3,1,1,0,1,45.0,0.0
1568.542879,1,1,3,0,1,47.0,0.0
1568.5436905,6,1,2,0,4,50.0,16.8
1568.5449495,6,1,2,0,8,49.0,24.331
1568.5455015,6,131,5,1,132,53.0,120.084
1568.548184,5,2,18,6,128,68.0,3107.0
1568.5481885,6,25,22,9,172,65.0,3944.0
1568.548205,1,76,12,2,94,52.0,305.999
1568.5482055,3,2,15,5,185,56.0,1019.0
1568.548207,2,1,13,5,163,58.0,1338.0
1568.5491055,6,2,6,1,31,60.0,416.192
1568.5508995,6,3,1,1,39,60.0,485.155
1568.5520855,6,13,4,0,14,53.0,95.154
1568.552808,2,2,1,0,3,53.0,38.543
1568.553202,1,1,1,0,1,46.0,0.0
1568.556619,1,1,1,0,1,46.0,0.0
1568.5571275,6,11,11,3,102,62.0,929.416
1568.5571405,3,1,4,0,65,48.0,81.4
1568.557145,1,8,10,2,91,55.0,318.301
1568.557163,5,1,8,1,94,49.0,162.185
1568.5598885,6,1,15,4,158,59.0,1033.0
1568.559913,1,1,6,0,1,49.0,0.0
1568.559978,5,1,2,0,1,48.0,0.0
1568.5624505,6,2,7,3,454,57.0,376.061
1568.562743,1,2,1,0,2,45.0,3.324
1568.564188,5,1,8,0,34,54.0,129.431
1568.5642055,6,1,1,0,16,47.0,22.755
1568.5642105,3,1,2,0,9,46.0,18.182
1568.564542,2,1,1,0,1,51.0,0.0
1568.564636,1,1,6,0,56,49.0,100.583
1568.5649815,6,1,10,1,129,50.0,205.125
1568.5651115,3,1,1,0,1,46.0,0.0
1568.565681,1,10,7,0,11,55.0,120.381
1568.5657035,6,1,3,0,4,49.0,14.254
1568.566215,1,1,3,0,29,46.0,35.289
1568.5663775,6,1,9,2,176,57.0,471.781
1568.5672965,6,2,1,0,16,52.0,70.134
1568.5692625,6,1,5,1,31,58.0,348.748
1568.569273,5,1,2,0,1,46.0,0.0
1568.5693045,3,1,1,0,1,45.0,0.0
1568.570038,1,1,6,1,103,50.0,129.472
1568.5700585,6,2,5,1,93,49.0,97.438
1568.570145,2,1,1,0,1,50.0,0.0
1568.5714355,6,4,8,0,15,52.0,92.579
1568.571448,1,2,10,2,147,52.0,299.632
1568.571458,5,1,8,2,126,51.0,234.575
1568.571512,2,1,4,0,11,53.0,52.315
1568.5740285,6,1,3,0,16,51.0,84.275
1568.5768715,6,1,2,0,1,45.0,0.0
1568.579078,5,7,8,1,30,56.0,297.986
1568.5790885,6,12,5,0,26,54.0,168.126
1568.5791105,3,1,2,0,12,47.0,22.66
1568.5799735,6,3,13,5,181,65.0,1757.0
1568.5799855,3,42,7,1,75,52.0,198.282
1568.58,1,1,10,2,102,54.0,360.458
1568.580012,5,17,6,0,20,52.0,104.033
1568.580024,2,2,2,0,3,52.0,35.241
1568.580735,5,130,53,30,458,73.0,24925.0
1568.5807585,6,113,54,44,518,74.0,51025.0
1568.580842,1,11,53,43,373,79.0,60012.0
1568.580849,2,22,45,43,380,74.0,50262.0
1568.5808495,3,30,36,30,487,69.0,19987.0
1568.5823035,6,2,3,0,27,56.0,177.277
1568.5829575,6,1,1,0,4,47.0,10.286
1568.583609,1,1,2,0,1,46.0,0.0
1568.5836115,6,1,2,0,1,45.0,0.0
1568.5841435,3,1,6,2,170,49.0,157.46
1568.584145,1,2,8,0,16,55.0,89.976
1568.5842005,6,34,16,7,324,64.0,1993.0
1568.584272,2,1,2,0,1,52.0,0.0
1568.5849665,3,1,2,0,1,45.0,0.0
1568.584972,5,1,5,1,124,49.0,117.828
1568.585087,1,1,1,0,1,47.0,0.0
1568.5857605,6,1,1,0,1,45.0,0.0
1568.586424,1,1,2,0,4,51.0,25.913
1568.5866825,6,1,2,0,12,48.0,26.031
1568.5873595,6,1,2,0,8,55.0,75.907
1568.5896745,6,1,1,0,1,45.0,0.0
1568.5915785,6,1,2,0,8,49.0,19.868
1568.5926375,6,1,2,0,1,51.0,0.0
1568.5932015,6,1,10,2,130,56.0,542.655
1568.593217,1,2,9,1,51,55.0,251.325
1568.59322,5,12,9,0,13,53.0,116.616
1568.5932205,3,1,1,0,1,46.0,0.0
1568.593232,2,1,4,0,1,52.0,0.0
1568.5938825,6,295,14,4,337,60.0,1173.0
1568.594203,1,2,2,0,39,50.0,53.101
1568.5942035,3,1,2,0,1,46.0,0.0
1568.5958885,6,8,20,6,128,65.0,2299.0
1568.595896,1,29,23,5,181,58.0,1225.0
1568.5958965,3,9,8,1,61,55.0,369.001
1568.5959,5,2,15,4,169,55.0,682.201
1568.595921,2,6,9,3,104,61.0,1044.0
1568.59754,1,2,2,1,191,49.0,82.608
1568.60006,5,2,7,1,35,56.0,265.628
1568.6001035,6,1,4,0,27,50.0,85.033
1568.600111,1,2,2,0,3,50.0,14.603
1568.600607,5,1,1,0,1,46.0,0.0
1568.601422,1,2,1,0,2,48.0,9.686
1568.6019575,6,1,3,0,25,48.0,57.011
1568.6038935,6,158,10,3,213,63.0,951.438
1568.604086,1,1,2,0,37,47.0,26.671
1568.606315,5,9,19,5,121,63.0,2264.0
1568.6063265,6,1,12,2,121,55.0,483.19
1568.606332,2,1,7,2,86,55.0,488.805
1568.606346,1,2,10,0,50,52.0,142.22
1568.6063485,3,1,3,0,20,49.0,39.367
1568.6073635,6,1,4,0,9,54.0,101.241
1568.60939,1,4,5,1,35,59.0,311.748
1568.6097835,6,132,13,4,288,57.0,604.946
1568.6099175,3,1,5,1,57,52.0,152.64
1568.6099247,1,4,10,2,125,53.0,376.436
1568.609943,2,1,3,0,1,53.0,0.0
1568.6107235,6,2,2,0,6,50.0,30.712
1568.611381,5,4,2,0,5,49.0,27.124
1568.6119945,6,8,6,2,202,51.0,227.852
1568.612131,5,1,1,0,4,48.0,12.73
1568.6139305,6,3,8,1,61,56.0,217.281
1568.613976,5,2,4,0,18,47.0,45.866
1568.6152755,6,1,3,0,133,55.0,92.007
1568.619312,2,1,1,0,1,50.0,0.0
1568.619316,1,2,5,0,11,55.0,131.709
1568.620344,5,8,21,4,140,55.0,739.819
1568.6203615,6,1,11,2,161,53.0,367.201
1568.6204065,3,1,2,0,5,48.0,9.37
1568.620451,1,1,6,1,58,52.0,200.861
1568.6219755,6,1,1,0,1,45.0,0.0
1568.6228015,3,2,2,0,5,50.0,27.911
1568.622814,5,2,3,0,5,47.0,16.194
1568.6228365,6,1,5,0,36,49.0,76.478
1568.625714,5,11,10,1,48,56.0,307.183
1568.6257365,6,1,5,0,27,53.0,79.451
1568.62574,2,1,2,1,66,53.0,232.473
1568.625741,1,1,5,0,64,50.0,88.853
1568.6257445,3,1,3,0,23,49.0,68.297
1568.626552,5,2,3,0,2,51.0,17.923
1568.6276005,6,2,4,0,25,48.0,68.834
1568.6281395,6,1,5,0,21,53.0,135.151
1568.62816,5,1,3,0,1,48.0,0.0
1568.6293705,6,1,2,0,4,50.0,20.072
1568.6312215,6,154,24,8,350,62.0,2205.0
1568.631343,1,68,26,7,204,61.0,2062.0
1568.631343,5,6,28,8,158,64.0,3017.0
1568.6313455,3,2,12,2,118,55.0,353.942
1568.631347,2,12,21,7,142,61.0,2671.0
1568.6339985,6,2,2,0,12,52.0,61.114
1568.6347255,6,1,1,0,1,45.0,0.0
1568.635568,5,87,6,0,88,51.0,66.328
1568.635747,1,2,4,0,46,48.0,67.096
1568.636623,1,2,1,0,3,50.0,16.033
1568.6366405,6,1,3,0,21,55.0,134.854
1568.639446,1,1,3,0,8,52.0,45.867
1568.6397045,6,1,3,0,19,50.0,52.099
1568.6414585,6,1,1,0,1,45.0,0.0
1568.64191,5,7,15,4,106,65.0,2223.0
1568.641929,1,58,11,2,92,56.0,457.918
1568.6419325,3,1,4,0,62,50.0,94.976
1568.641952,2,2,2,0,3,53.0,43.184
1568.6419598,6,9,8,0,30,52.0,116.712
1568.6425455,6,2,7,3,227,60.0,828.958
1568.6425985,3,1,1,0,1,45.0,0.0
1568.642607,1,1,1,0,8,49.0,14.01
1568.643431,5,1,2,0,17,49.0,56.085
1568.6445795,6,1,7,1,149,54.0,219.329
1568.6454535,6,1,1,0,1,46.0,0.0
1568.646041,5,2,4,0,38,52.0,220.029
1568.6469315,6,6,20,9,163,72.0,7635.0
1568.6469495,3,1,7,2,164,54.0,300.152
1568.646952,1,19,22,5,150,60.0,1341.0
1568.646958,5,62,21,4,123,56.0,863.111
1568.646978,2,1,11,3,103,58.0,896.034
1568.6499105,6,2,2,0,3,49.0,13.328
1568.651109,5,5,1,0,11,49.0,71.52
1568.6522955,6,2,2,0,17,53.0,58.528
1568.654758,5,9,5,0,123,50.0,85.594
1568.6548965,6,1,2,0,1,48.0,0.0
1568.658204,5,1,3,0,1,49.0,0.0
1568.6582305,6,1,1,0,1,45.0,0.0
1568.6620925,6,2,4,1,26,58.0,323.78
1568.6627535,6,13,4,0,50,55.0,147.134
1568.6635065,6,1,6,1,26,58.0,291.889
1568.6644125,6,1,2,0,4,49.0,19.952
1568.6652465,6,1,5,0,39,53.0,150.944
1568.66525,5,2,2,0,33,49.0,79.097
1568.6652935,3,1,1,0,1,45.0,0.0
1568.665299,1,1,2,0,1,46.0,0.0
1568.665683,2,1,1,0,1,50.0,0.0
1568.66853,5,20,18,5,143,63.0,1694.0
1568.668541,1,49,17,2,79,57.0,697.687
1568.6685425,3,3,9,1,77,56.0,290.532
1568.6685465,6,1,9,2,62,60.0,587.503
1568.668572,2,1,6,1,54,56.0,441.112
1568.669798,5,1,1,0,1,45.0,0.0
1568.6723525,6,1,1,0,1,47.0,0.0
1568.672539,1,1,6,0,26,55.0,212.478
1568.6741125,6,2,4,1,36,53.0,237.124
1568.6747315,6,1,6,1,57,54.0,258.031
1568.6761085,6,1,4,0,25,51.0,64.776
1568.678088,5,206,25,7,293,61.0,2244.0
1568.6781075,6,2,15,5,336,55.0,698.085
1568.678277,1,2,16,3,141,56.0,576.656
1568.6782825,3,1,10,2,90,55.0,300.261
1568.678283,2,1,9,2,61,56.0,601.757
1568.678981,2,1,2,0,1,53.0,0.0
1568.678989,1,1,2,0,1,48.0,0.0
1568.678998,5,1,3,0,1,47.0,0.0
1568.6790225,6,1,2,0,1,45.0,0.0
1568.679506,5,2,6,1,47,52.0,168.528
1568.6795115,3,1,3,0,13,48.0,18.835
1568.679521,2,1,2,0,1,53.0,0.0
1568.6795238,6,2,9,2,136,56.0,286.396
1568.679554,1,1,2,0,1,47.0,0.0
1568.6811135,6,1,1,0,1,45.0,0.0
1568.681612,5,1,5,0,1,49.0,0.0
1568.6816315,6,1,1,0,4,47.0,9.69
1568.682215,1,1,1,0,1,50.0,0.0
1568.6822225,6,1,5,0,17,52.0,93.284
1568.6822275,3,1,1,0,1,45.0,0.0
1568.6827655,6,1,1,0,4,47.0,10.776
1568.6834325,6,1,4,0,12,61.0,201.77
1568.685019,5,3,4,0,17,56.0,343.386
1568.6858075,6,102,6,1,119,52.0,197.325
1568.685834,1,2,5,0,3,57.0,68.321
1568.686406,1,1,4,0,1,48.0,0.0
1568.6864445,6,1,3,0,12,53.0,52.322
1568.686911,5,5,8,1,30,53.0,250.421
1568.686972,1,1,2,0,1,48.0,0.0
1568.6873765,3,6,2,0,11,54.0,88.709
1568.6874085,6,1,1,0,1,45.0,0.0
1568.6880605,6,6,19,6,131,70.0,4085.0
1568.6880775,3,40,8,2,75,56.0,392.195
1568.68808,1,28,11,2,90,54.0,428.33
1568.688082,5,1,13,2,128,53.0,360.633
1568.688105,2,2,6,2,68,57.0,595.472
1568.6888775,6,1,1,0,1,45.0,0.0
1568.689322,1,3,8,1,39,63.0,985.187
1568.6895745,6,1,1,0,7,47.0,17.318
1568.690638,1,2,8,1,94,57.0,240.191
1568.6906475,6,1,8,0,17,54.0,136.545
1568.69065,5,1,4,1,121,49.0,120.47
1568.6906585,3,1,1,0,1,45.0,0.0
1568.69173,5,3,8,1,34,51.0,192.206
1568.692352,5,2,2,0,15,53.0,111.116
1568.6943105,6,1,6,0,16,54.0,61.609
1568.694323,1,1,1,0,1,47.0,0.0
1568.6943505,3,1,1,0,1,45.0,0.0
1568.6962485,6,1,3,0,8,50.0,31.502
1568.6967595,6,1,3,0,14,52.0,42.53
1568.697412,1,4,4,0,18,58.0,282.231
1568.6977575,6,1,3,0,17,50.0,44.992
1568.698389,2,1,8,4,123,58.0,921.706
1568.6983985,3,2,3,0,32,50.0,97.284
1568.698406,1,1,8,2,86,54.0,291.175
1568.6984075,6,1,6,1,89,53.0,228.234
1568.698422,5,1,8,1,67,52.0,238.35
1568.700167,2,1,2,0,1,54.0,0.0
1568.7001685,6,1,4,0,8,48.0,25.992
1568.7001915,3,1,1,0,1,45.0,0.0
1568.700209,1,4,1,0,5,47.0,24.19
1568.700221,5,1,1,0,1,47.0,0.0
1568.700737,5,1,3,0,1,49.0,0.0
1568.7018955,6,2,4,0,14,53.0,163.197
1568.7024335,6,1,1,0,1,45.0,0.0
1568.7056365,6,1,3,0,20,48.0,43.613
1568.7061875,6,2,6,1,34,58.0,473.137
1568.706198,1,1,1,0,1,45.0,0.0
1568.706226,5,1,1,0,1,45.0,0.0
1568.7067285,6,1,7,1,54,55.0,246.959
1568.706776,1,1,5,0,42,48.0,76.201
1568.7076515,6,1,11,3,179,62.0,920.098
1568.7087855,6,1,1,0,1,45.0,0.0
1568.710811,1,2,5,2,187,52.0,172.506
1568.7111755,3,1,1,0,1,47.0,0.0
1568.7116055,6,1,1,0,1,45.0,0.0
1568.711902,5,13,17,4,141,57.0,936.799
1568.7119115,3,1,6,1,139,48.0,134.273
1568.711965,1,1,6,1,82,55.0,142.363
1568.7130165,6,1,2,1,146,49.0,70.444
1568.7150375,6,2,1,0,2,49.0,5.201
1568.7157535,6,2,2,0,2,46.0,4.432
1568.716095,1,1,5,0,27,47.0,44.004
1568.717125,1,2,2,0,2,46.0,3.784
1568.7173035,6,1,2,0,1,48.0,0.0
1568.717341,5,1,3,0,4,53.0,27.022
1568.7198205,6,1,2,0,24,50.0,34.005
1568.7207285,6,1,1,0,4,48.0,13.019
1568.72078,1,4,10,3,64,66.0,1672.0
1568.7212675,3,1,2,0,1,45.0,0.0
1568.7213655,6,1,4,0,131,51.0,53.303
1568.721477,5,1,4,0,12,55.0,99.74
1568.7222515,6,3,5,0,21,62.0,447.601
1568.722637,5,2,2,0,17,49.0,45.344
1568.723719,1,1,1,0,1,45.0,0.0
1568.7237275,6,198,20,9,341,68.0,4548.0
1568.723935,5,1,6,0,59,51.0,110.058
1568.7239425,3,34,7,2,69,56.0,450.665
1568.7252945,6,1,5,1,29,57.0,252.773
1568.725306,1,1,2,0,1,52.0,0.0
1568.7253275,3,1,1,0,1,45.0,0.0
1568.72635,1,30,22,6,171,61.0,1811.0
1568.726353,5,2,25,6,162,60.0,1468.0
1568.726357,2,25,14,6,155,59.0,1828.0
1568.7263585,3,2,10,2,107,52.0,301.393
1568.7263595,6,10,17,5,213,61.0,1150.0
1568.727195,5,2,5,0,19,59.0,282.469
1568.7272135,6,2,7,1,89,54.0,226.829
1568.727241,1,1,2,0,31,50.0,50.306
1568.7279325,6,1,1,0,5,47.0,12.385
1568.729001,5,4,6,1,38,60.0,718.863
1568.729011,1,2,4,0,2,48.0,12.046
1568.729016,2,1,3,0,1,52.0,0.0
1568.7290165,3,1,2,0,1,46.0,0.0
1568.7290325,6,1,5,0,46,49.0,86.735
1568.7299,1,1,1,0,1,45.0,0.0
1568.73155,1,5,16,2,57,60.0,820.1
1568.7315715,6,65,10,1,66,51.0,177.762
1568.7315725,3,1,3,0,17,48.0,34.773
1568.731599,2,2,4,0,21,57.0,237.717
1568.7333355,6,1,3,0,1,49.0,0.0
1568.7340605,6,1,13,3,86,62.0,1232.0
1568.734103,5,1,5,0,1,49.0,0.0
1568.734104,1,1,4,0,51,50.0,89.289
1568.7341045,3,1,2,0,1,46.0,0.0
1568.734751,5,1,3,0,1,51.0,0.0
1568.735697,5,16,14,4,145,61.0,1064.0
1568.73571,1,2,10,2,84,53.0,310.47
1568.7357145,3,1,6,0,35,49.0,45.678
1568.7357145,6,10,8,2,116,59.0,596.8
1568.735731,2,1,3,0,1,52.0,0.0
1568.7366865,6,2,5,0,21,60.0,279.665
1568.736725,1,1,1,0,33,47.0,25.921
1568.7371035,3,1,2,0,1,50.0,0.0
1568.737114,5,1,2,0,11,47.0,28.305
1568.7374915,6,1,1,0,1,45.0,0.0
1568.739455,5,26,7,1,41,50.0,143.515
1568.7394645,6,2,8,1,45,58.0,400.642
1568.7400685,6,2,10,3,154,62.0,952.513
1568.7409815,6,1,1,0,1,45.0,0.0
1568.741227,1,2,6,1,48,56.0,284.813
1568.7412605,3,1,3,0,7,51.0,33.361
1568.741305,5,1,2,0,4,49.0,11.368
1568.7425705,6,6,9,2,117,59.0,550.694
1568.742665,5,1,1,0,1,45.0,0.0
1568.743966,1,1,2,0,1,47.0,0.0
1568.7439675,3,2,3,0,6,49.0,25.363
1568.743977,5,3,2,0,4,51.0,15.261
1568.7439805,6,1,8,2,193,53.0,203.251
1568.747834,5,1,9,1,76,56.0,240.682
1568.7478385,3,1,4,0,22,52.0,99.524
1568.7478475,6,1,16,5,277,58.0,865.22
1568.747906,1,1,4,0,42,49.0,68.01
1568.7486455,6,1,3,0,4,50.0,10.903
1568.748762,1,1,1,0,1,45.0,0.0
1568.748869,5,1,4,0,1,52.0,0.0
1568.7494105,6,1,3,0,5,47.0,10.437
1568.749935,5,2,4,0,3,50.0,18.991
1568.7504075,6,1,9,1,182,52.0,201.426
1568.751604,1,2,9,2,85,62.0,796.648
1568.7516685,6,1,2,0,4,49.0,15.683
1568.751983,5,11,8,1,25,55.0,293.481
1568.7519865,3,3,2,0,5,53.0,39.561
1568.752165,2,1,1,0,1,50.0,0.0
1568.7528335,6,1,2,0,1,46.0,0.0
1568.753132,1,1,1,0,1,48.0,0.0
1568.7536305,6,5,32,19,286,77.0,26910.0
1568.753643,5,34,26,8,166,62.0,2911.0
1568.753645,1,31,23,8,289,61.0,2295.0
1568.753646,2,2,24,10,180,64.0,3848.0
1568.7536485,3,1,16,4,137,62.0,1409.0
1568.7551145,3,15,35,12,368,64.0,3154.0
1568.755118,2,23,38,20,377,68.0,10417.0
1568.755125,1,24,52,16,392,65.0,5914.0
1568.75513,5,11,53,16,370,68.0,8055.0
1568.7551305,6,40,47,17,405,68.0,7514.0
1568.756159,2,17,20,9,141,65.0,4270.0
1568.7561595,3,5,18,4,156,60.0,931.276
1568.756163,1,24,26,7,201,64.0,2371.0
1568.756167,5,9,26,8,153,65.0,4110.0
1568.7561795,6,29,26,9,206,65.0,4409.0
1568.7572735,3,359,61,25,880,64.0,6391.0
1568.757275,1,394,98,28,836,65.0,8290.0
1568.757282,5,370,90,28,813,69.0,10785.0
1568.7573125,6,379,78,27,812,66.0,8540.0
1568.757396,2,257,61,31,707,68.0,12304.0
1568.75874,5,3,2,0,4,51.0,35.489
1568.7589355,6,1,4,0,28,54.0,143.897
1568.7601555,6,2,4,1,25,59.0,384.753
1568.7606985,6,3,10,2,200,53.0,314.363
1568.761149,5,2,6,1,20,58.0,328.965
1568.7628655,6,4,11,3,138,63.0,988.484
1568.762981,5,1,2,0,1,49.0,0.0
1568.763521,1,1,4,0,4,52.0,33.921
1568.7639945,6,1,4,1,155,50.0,105.373
1568.764092,5,1,1,0,1,45.0,0.0
1568.7643125,3,4,3,0,12,51.0,61.451
1568.764985,1,10,17,4,136,64.0,1069.0
1568.765,5,7,9,2,73,56.0,417.324
1568.7650025,6,2,13,4,190,58.0,927.195
1568.7650045,3,1,9,2,119,54.0,346.524
1568.765014,2,40,7,3,87,55.0,642.813
1568.765896,1,1,5,0,1,48.0,0.0
1568.7661075,6,1,2,0,1,46.0,0.0
1568.766236,5,1,2,0,17,50.0,57.566
1568.7667685,6,1,1,0,1,45.0,0.0
1568.768833,1,2,11,3,64,64.0,2112.0
1568.7694815,6,24,9,3,60,66.0,1947.0
1568.769821,1,191,13,4,297,56.0,515.337
1568.7699805,3,6,7,2,110,57.0,348.573
1568.769985,5,14,17,3,163,55.0,533.263
1568.770032,2,1,4,0,14,54.0,86.524
1568.7701035,6,6,5,1,42,54.0,205.053
1568.7721245,6,1,1,0,7,50.0,17.742
1568.772823,1,2,3,0,13,49.0,45.71
1568.7728475,6,1,2,0,1,49.0,0.0
1568.773309,5,1,2,0,1,46.0,0.0
1568.77405,5,2,9,0,13,49.0,49.08
1568.7740535,6,1,5,0,14,51.0,53.157
1568.775292,2,1,3,0,22,57.0,206.734
1568.7753065,3,1,6,1,60,52.0,154.984
1568.775309,1,3,5,2,208,52.0,271.683
1568.7753115,6,4,16,4,223,54.0,557.438
1568.7777255,6,1,1,0,1,45.0,0.0
1568.7782535,6,2,4,0,16,55.0,129.945
1568.7788935,6,4,8,3,209,59.0,663.518
1568.7803315,6,1,2,1,189,47.0,56.819
1568.7804835,3,1,2,0,8,52.0,61.763
1568.785147,5,1,1,0,1,45.0,0.0
1568.7853465,6,6,10,3,63,65.0,1400.0
1568.785673,5,5,4,0,8,52.0,81.332
1568.7859155,6,1,3,0,9,51.0,47.526
1568.786239,1,1,6,0,1,50.0,0.0
1568.786445,5,1,3,0,16,50.0,51.478
1568.7864595,6,1,3,0,5,49.0,17.211
1568.7867575,3,10,30,11,486,59.0,2095.0
1568.786758,2,15,32,13,449,60.0,3260.0
1568.786763,1,340,42,12,469,60.0,2817.0
1568.7870605,6,6,25,14,226,76.0,16565.0
1568.787073,5,1,17,4,137,57.0,922.425
1568.788426,5,2,1,0,3,46.0,8.238
1568.789489,5,1,4,1,66,51.0,141.937
1568.7895395,6,5,3,0,19,50.0,78.812
1568.790293,1,10,17,5,300,56.0,788.591
1568.7904215,6,20,18,5,157,60.0,1684.0
1568.790448,5,67,15,3,123,55.0,577.533
1568.7904495,3,6,10,3,239,54.0,477.366
1568.790454,2,2,12,3,86,58.0,1045.0
1568.791373,5,2,4,0,16,49.0,79.124
1568.7917135,6,1,1,0,1,45.0,0.0
1568.7923055,6,1,1,0,1,45.0,0.0
1568.792641,5,1,1,0,1,52.0,0.0
1568.7935665,6,2,20,5,122,63.0,1919.0
1568.793599,1,1,15,3,170,52.0,460.602
1568.7936145,3,1,8,2,122,49.0,192.744
1568.793616,5,2,13,2,106,54.0,413.519
1568.793665,2,2,4,1,40,58.0,270.447
1568.794622,1,1,4,1,175,50.0,101.701
1568.7947545,6,1,9,2,55,61.0,972.575
1568.794786,5,1,3,0,1,50.0,0.0
1568.795301,1,1,2,0,1,49.0,0.0
1568.7953685,6,1,3,0,8,51.0,44.031
1568.795512,5,1,1,0,1,47.0,0.0
1568.7972335,6,316,61,29,568,65.0,12588.0
1568.797339,1,156,66,35,489,75.0,29173.0
1568.7973495,3,174,49,27,528,68.0,14430.0
1568.797356,2,126,57,32,387,69.0,18791.0
1568.797362,5,132,64,24,381,68.0,10664.0
1568.7987455,6,3,6,1,184,57.0,281.924
1568.79936,1,1,1,0,1,48.0,0.0
1568.7995125,6,2,2,0,3,51.0,7.698
1568.800119,5,2,6,0,16,57.0,199.768
1568.8001195,3,2,2,0,12,49.0,41.752
1568.8004635,6,1,1,0,1,45.0,0.0
1568.800549,1,2,4,0,35,57.0,203.145
1568.8010385,6,3,4,0,23,57.0,255.835
1568.8019285,6,1,1,0,1,48.0,0.0
1568.8027865,6,2,3,0,13,54.0,69.186
1568.80313,1,31,6,0,32,49.0,65.726
1568.8041145,6,4,8,2,178,55.0,408.653
1568.804116,1,1,5,0,9,48.0,27.816
1568.8041375,3,1,2,0,8,53.0,51.155
1568.8053365,6,2,3,0,28,56.0,148.163
1568.8058695,6,1,4,0,1,49.0,0.0
1568.8058965,3,2,1,0,2,48.0,6.53
1568.8065325,6,1,1,0,1,45.0,0.0
1568.807361,1,1,1,0,1,45.0,0.0
1568.8075215,6,1,2,0,6,50.0,23.003
1568.8092395,6,1,2,0,1,49.0,0.0
1568.8100035,6,1,15,6,496,59.0,948.754
1568.8119445,6,1,3,0,9,49.0,36.609
1568.812191,5,3,2,0,4,48.0,23.038
1568.8135145,6,6,4,0,11,54.0,113.633
1568.8150885,6,152,28,10,483,67.0,3413.0
1568.815243,5,75,13,4,286,55.0,539.207
1568.8152565,3,35,8,3,243,56.0,554.101
1568.815262,1,175,20,4,227,57.0,621.26
1568.815448,2,1,5,0,21,55.0,204.05
1568.8164685,6,1,2,0,1,47.0,0.0
1568.816939,1,13,35,30,192,82.0,78126.0
1568.816955,5,20,15,4,153,57.0,820.13
1568.8169585,3,1,9,2,93,53.0,305.977
1568.816969,2,2,10,4,63,62.0,1835.0
1568.8169698,6,25,19,6,212,60.0,1620.0
1568.817657,5,2,2,0,5,57.0,100.411
1568.8176835,6,1,8,2,213,59.0,498.348
1568.818595,1,1,5,0,59,50.0,96.215
1568.8185975,6,1,7,1,50,55.0,194.356
1568.819769,1,2,2,0,7,51.0,33.055
1568.820459,1,2,4,0,64,51.0,92.788
1568.8205205,6,1,1,0,4,47.0,12.662
1568.8211035,6,1,1,0,4,47.0,8.63
1568.8221695,6,1,1,0,4,49.0,15.45
1568.822522,1,1,7,1,74,52.0,185.484
1568.822548,2,1,2,0,1,53.0,0.0
1568.822669,5,4,2,0,5,49.0,33.63
1568.8228785,6,1,3,0,4,47.0,8.991
1568.823164,1,1,30,10,210,66.0,4925.0
1568.8231735,3,3,17,4,148,58.0,998.552
1568.823182,2,8,20,8,115,68.0,5283.0
1568.823186,5,11,20,5,155,57.0,1066.0
1568.8241455,6,1,3,0,28,50.0,71.629
1568.824526,5,2,11,2,88,54.0,334.386
1568.824572,1,5,5,0,33,52.0,102.649
1568.8246245,3,1,1,0,1,45.0,0.0
1568.825386,1,4,9,2,59,62.0,706.005
1568.8263965,3,1,1,0,1,45.0,0.0
1568.8264185,6,2,3,0,9,47.0,52.642
1568.827475,1,218,22,6,338,59.0,1126.0
1568.8276595,6,14,25,9,154,68.0,5685.0
1568.827667,5,41,19,4,143,57.0,1004.0
1568.8276825,3,1,11,2,108,54.0,417.07
1568.827705,2,2,11,3,78,57.0,941.577
1568.8286705,6,1,12,3,270,57.0,572.933
1568.828672,1,1,10,1,88,53.0,264.614
1568.828674,5,2,5,1,73,54.0,224.682
1568.828683,2,1,5,0,13,57.0,230.115
1568.8286855,3,1,4,1,99,51.0,148.326
1568.829198,2,58,13,3,71,59.0,915.463
1568.829261,1,2,11,2,81,55.0,327.561
1568.829276,5,3,13,2,120,54.0,311.676
1568.8301415,6,1,2,0,1,46.0,0.0
1568.831059,1,7,4,0,28,49.0,80.123
1568.8315755,6,1,2,0,4,47.0,6.483
1568.831984,5,1,1,0,1,45.0,0.0
1568.8321385,6,2,5,0,45,53.0,142.928
1568.8334235,6,1,3,0,4,49.0,14.802
1568.833745,5,1,1,0,1,47.0,0.0
1568.8343795,6,1,3,0,9,50.0,40.47
1568.8349205,3,1,1,0,1,46.0,0.0
1568.834937,1,1,2,0,1,47.0,0.0
1568.8349705,6,1,2,0,4,47.0,9.556
1568.8358445,6,176,21,9,454,63.0,2402.0
1568.836031,5,1,3,0,1,49.0,0.0
1568.8360665,3,4,4,1,35,52.0,182.798
1568.836075,1,2,1,0,2,47.0,7.047
1568.836636,1,1,4,0,1,49.0,0.0
1568.8371555,6,1,2,0,1,46.0,0.0
1568.837405,1,2,4,0,2,49.0,7.21
1568.837966,1,103,22,5,157,59.0,1279.0
1568.8382305,6,1,7,2,190,52.0,250.297
1568.8394415,6,1,3,0,5,52.0,17.457
1568.8403815,6,2,6,1,41,58.0,369.781
1568.84058,1,1,2,0,1,52.0,0.0
1568.8409575,6,2,2,0,7,52.0,43.637
1568.8420975,6,75,11,4,301,62.0,878.596
1568.842588,1,7,6,1,40,60.0,589.398
1568.8427185,3,1,2,0,6,46.0,11.184
1568.8436945,6,1,4,0,5,49.0,17.538
1568.8444645,6,9,43,39,563,80.0,75352.0
1568.844478,5,11,37,14,246,67.0,6832.0
1568.84448,1,41,37,15,256,65.0,8022.0
1568.84448,2,44,33,17,224,68.0,10951.0
1568.8444845,3,29,22,14,280,66.0,7194.0
1568.845291,5,1,2,0,7,50.0,39.098
1568.845829,1,6,16,3,132,64.0,970.794
1568.845842,5,5,10,2,94,60.0,567.997
1568.8458445,3,5,13,3,267,53.0,390.777
1568.8458455,6,1,19,4,207,55.0,815.597
1568.845851,2,31,8,3,90,57.0,815.335
1568.8471945,6,9,77,124,1044,92.0,828313.0
1568.8472,5,86,63,51,456,75.0,65922.0
1568.847208,1,29,70,67,614,80.0,112403.0
1568.847209,2,45,54,61,382,77.0,87721.0
1568.8472125,3,40,48,53,593,74.0,60392.0
1568.8490635,6,1,6,0,68,58.0,94.1
1568.8496015,3,1,1,0,1,46.0,0.0
1568.8498315,6,9,67,69,847,84.0,173531.0
1568.849845,1,41,56,22,419,67.0,11741.0
1568.849845,5,5,56,20,415,64.0,8268.0
1568.849848,2,44,43,26,390,70.0,16092.0
1568.8501035,3,38,12,4,124,58.0,907.598
1568.8512285,6,8,5,1,32,59.0,403.006
1568.851597,1,6,18,6,125,68.0,3471.0
1568.8516225,3,1,3,0,45,48.0,63.171
1568.851628,2,1,3,0,11,53.0,81.31
1568.851669,5,1,1,0,1,45.0,0.0
1568.8519995,6,445,49,36,792,78.0,44511.0
1568.852444,1,22,33,11,222,62.0,4225.0
1568.852444,5,18,34,9,207,61.0,2940.0
1568.852445,2,28,27,11,224,64.0,4567.0
1568.8524485,3,43,24,12,293,65.0,4980.0
1568.8532835,3,149,31,17,449,67.0,8470.0
1568.8532995,6,118,61,51,501,82.0,117852.0
1568.853312,1,146,48,19,464,66.0,9631.0
1568.853423,5,36,51,19,349,66.0,9166.0
1568.853425,2,44,45,26,297,71.0,17728.0
1568.8543105,6,680,128,79,1654,83.0,119174.0
1568.854517,5,1,10,0,43,50.0,55.468
1568.8545185,3,520,45,20,966,63.0,5073.0
1568.854552,1,470,74,27,956,68.0,10367.0
1568.855,2,1,33,15,190,69.0,9710.0
1568.8550598,5,28,36,11,439,62.0,2917.0
1568.856367,1,50,21,6,340,57.0,951.988
1568.856376,2,20,6,2,57,58.0,502.617
1568.8563815,3,2,5,0,26,51.0,70.834
1568.856402,5,54,13,3,247,53.0,325.275
1568.8564735,6,143,21,7,247,66.0,2331.0
1568.8570795,3,4,7,1,69,51.0,145.319
1568.857094,2,2,3,0,5,55.0,110.198
1568.857153,5,2,3,0,6,47.0,19.134
1568.8572965,6,6,9,2,61,58.0,812.891
1568.857337,1,1,2,0,34,47.0,28.502
1568.8578595,6,2426,1087,1642,8898,98.0,10720000.0
1568.857903,1,2417,738,646,5547,86.0,1429000.0
1568.857903,2,2689,553,732,4259,85.0,2009000.0
1568.857903,5,2431,694,494,5471,82.0,745820.0
1568.8579075,3,2702,503,579,5445,82.0,1095000.0
1568.86267,2,139,49,29,362,69.0,19628.0
1568.86367,2,1,11,7,361,54.0,1100.0
1568.8638655,3,1,7,2,151,52.0,228.336
1568.863981,5,1,9,1,81,54.0,246.683
1568.863995,1,1,14,3,233,55.0,396.281
1568.8646075,3,238,57,23,888,65.0,5971.0
1568.864744,5,34,56,15,671,61.0,3053.0
1568.864746,1,117,73,20,748,67.0,5344.0
1568.864746,2,80,42,17,326,64.0,6128.0
1568.865963,5,2,5,0,18,53.0,39.183
1568.8659937,1,3,7,1,70,55.0,238.684
1568.865995,2,1,2,0,1,53.0,0.0
1568.8660305,3,1,2,0,1,47.0,0.0
1568.866516,5,11,13,1,58,54.0,347.233
1568.866533,2,1,7,0,14,56.0,104.748
1568.8665335,3,2,8,2,113,53.0,250.438
1568.866571,1,2,7,2,88,55.0,368.219
1568.8673895,6,2875,501,294,7531,85.0,481681.0
1568.867513,1,83,4,1,84,50.0,140.426
1568.8678405,3,1,1,0,1,45.0,0.0
1568.868233,2,353,48,26,571,66.0,11239.0
1568.868234,1,332,56,22,802,65.0,7244.0
1568.868244,5,298,46,14,525,61.0,3885.0
1568.8685455,3,42,30,20,464,68.0,11992.0
1568.8696685,3,1,5,1,97,48.0,140.105
1568.869692,5,1,4,0,49,49.0,56.791
1568.869693,1,1,3,0,8,48.0,19.797
1568.869716,2,1,1,0,1,50.0,0.0
1568.87026,5,36,54,20,567,64.0,7789.0
1568.870269,1,50,55,21,616,66.0,7937.0
1568.87027,2,44,49,30,576,66.0,14556.0
1568.8702745,3,37,45,26,620,69.0,15737.0
1568.8718975,3,1,1,0,1,45.0,0.0
1568.872503,5,34,49,30,442,71.0,22274.0
1568.872506,1,62,52,38,460,70.0,32561.0
1568.87251,2,35,46,55,376,76.0,77201.0
1568.8725115,3,6,41,44,521,74.0,53281.0
1568.8736365,3,1,1,0,1,45.0,0.0
1568.8745515,3,1,14,4,276,52.0,491.99
1568.874555,5,29,13,2,106,57.0,424.688
1568.874597,2,1,2,0,1,52.0,0.0
1568.874623,1,3,9,2,178,52.0,246.169
1568.8754225,6,1,9,2,234,50.0,206.851
1568.876128,5,1,2,0,1,47.0,0.0
1568.8761455,3,1,6,0,42,51.0,127.6
1568.8761645,6,1,3,1,78,50.0,102.557
1568.876192,1,1,1,0,1,45.0,0.0
1568.8767865,3,2,7,3,267,48.0,246.182
1568.876794,5,130,15,3,162,55.0,518.746
1568.876807,1,1,8,2,166,50.0,172.607
1568.8768275,6,562,40,12,792,59.0,1964.0
1568.876934,2,1,3,0,4,52.0,29.792
1568.877975,2,1,11,2,82,58.0,648.915
1568.8779775,3,41,11,3,101,58.0,750.392
1568.87798,5,2,25,6,363,54.0,827.721
1568.877993,1,2,19,6,413,57.0,870.685
1568.8781515,6,96,26,12,438,70.0,6997.0
1568.8788315,3,20,8,1,96,55.0,278.142
1568.878863,2,2,5,1,28,57.0,507.135
1568.878864,5,2,6,0,16,54.0,140.11
1568.878939,1,1,2,0,1,47.0,0.0
1568.8791645,6,26,23,10,170,70.0,6459.0
1568.8798645,6,1,19,7,504,56.0,853.343
1568.880653,2,1,7,0,1,55.0,0.0
1568.880655,5,11,12,3,236,54.0,412.06
1568.8806615,3,1,10,3,217,56.0,502.275
1568.88067,1,1,15,3,214,54.0,497.73
1568.8808845,6,1,7,1,86,50.0,117.116
1568.8815305,6,79,40,14,853,62.0,2434.0
1568.882062,1,1,6,1,91,51.0,138.903
1568.882075,5,1,8,1,39,58.0,270.813
1568.8821215,3,1,1,0,1,49.0,0.0
1568.882147,2,1,1,0,1,50.0,0.0
1568.883103,1,1,1,0,1,49.0,0.0
1568.8834535,6,151,11,3,317,55.0,437.524
1568.8842585,3,1,15,5,407,51.0,477.884
1568.8842708,6,320,52,17,691,61.0,4103.0
1568.884277,1,25,24,6,396,53.0,693.731
1568.884329,2,1,2,0,1,53.0,0.0
1568.884527,5,1,6,1,116,48.0,107.107
1568.8854685,6,207,66,25,1126,69.0,9014.0
1568.8857,1,1,9,3,206,52.0,346.486
1568.8857025,3,20,7,2,83,54.0,344.407
1568.885718,2,1,7,1,43,55.0,376.742
1568.885762,5,1,4,0,36,48.0,63.557
1568.886322,2,4,6,1,53,55.0,345.612
1568.8863365,3,1,1,0,1,45.0,0.0
1568.887019,1,1,2,0,15,48.0,30.598
1568.8870335,3,2,2,0,26,48.0,36.385
1568.8874115,6,3,8,3,340,53.0,311.77
1568.888023,1,2,4,0,39,52.0,138.351
1568.888042,2,1,1,0,1,51.0,0.0
1568.8882595,6,5,10,3,154,64.0,1054.0
1568.888765,1,2,4,0,26,58.0,226.299
1568.8890205,6,4,10,3,186,59.0,594.157
1568.8890505,3,1,2,0,12,45.0,17.845
1568.8897695,6,2,8,3,145,63.0,975.032
1568.890143,1,54,13,1,69,52.0,275.506
1568.890147,5,1,6,1,81,53.0,182.593
1568.8901515,3,1,5,0,25,52.0,118.019
1568.890194,2,1,4,1,36,55.0,228.865
1568.8905045,6,4,16,5,472,57.0,730.025
1568.891381,5,1,2,0,1,45.0,0.0
1568.891735,1,47,21,7,176,62.0,2398.0
1568.8917505,3,2,3,0,21,50.0,65.734
1568.8917645,6,1,14,2,125,53.0,344.166
1568.891775,2,1,6,0,14,55.0,192.156
1568.892194,5,4,22,5,341,55.0,748.766
1568.8922885,3,1,2,0,1,47.0,0.0
1568.892312,2,1,2,0,1,55.0,0.0
1568.8923897,6,3,21,7,445,55.0,1007.0
1568.8934785,6,1,2,0,5,48.0,19.391
1568.894828,1,6,5,0,39,53.0,132.452
1568.8948805,6,1,4,0,1,50.0,0.0
1568.8952625,3,25,8,2,79,56.0,506.919
1568.895265,5,33,13,2,85,55.0,491.001
1568.895283,2,48,5,1,49,56.0,336.196
1568.895378,1,2,38,9,459,57.0,1693.0
1568.8954055,6,332,48,13,455,64.0,3577.0
1568.8958615,3,1,1,0,1,45.0,0.0
1568.8963705,6,21,28,10,368,69.0,5749.0
1568.896397,5,2,13,2,66,56.0,475.959
1568.896401,1,2,13,2,107,53.0,384.346
1568.8964045,3,1,6,1,50,52.0,163.746
1568.896478,2,1,3,0,1,51.0,0.0
1568.89697,5,1,3,0,1,47.0,0.0
1568.8969855,3,1,4,1,113,52.0,163.753
1568.897019,1,1,3,0,18,48.0,36.67
1568.8974315,6,1,3,0,6,52.0,35.121
1568.8979765,6,726,63,27,1217,71.0,13980.0
1568.8980305,3,1,1,0,1,45.0,0.0
1568.8987155,3,32,15,7,351,59.0,1413.0
1568.898717,5,5,10,2,105,56.0,413.345
1568.898728,1,6,16,5,173,62.0,1214.0
1568.898729,2,1,9,3,114,55.0,701.43
1568.8998595,6,163,9,4,344,58.0,566.795
1568.900472,2,1,6,0,1,54.0,0.0
1568.9004875,3,2,6,0,32,54.0,144.391
1568.900491,1,2,7,1,96,51.0,161.787
1568.900493,5,2,3,0,42,48.0,61.664
1568.9008005,6,113,7,1,154,54.0,219.004
1568.9014675,6,8,11,4,179,62.0,1381.0
1568.901613,5,2,3,0,7,54.0,60.638
1568.9016545,3,1,1,0,1,45.0,0.0
1568.9024535,6,188,34,11,552,62.0,2634.0
1568.902844,5,1,7,1,75,49.0,117.068
1568.902891,1,1,6,0,26,50.0,62.789
1568.9028995,3,1,3,0,8,50.0,39.697
1568.9035185,6,2,16,6,122,66.0,3657.0
1568.90355,2,1,3,0,40,52.0,145.502
1568.903555,1,18,7,1,55,52.0,166.901
1568.9035585,3,24,5,1,41,52.0,181.619
1568.903572,5,2,4,0,3,48.0,11.005
1568.9042015,6,3,9,1,71,57.0,413.148
1568.9042305,3,1,2,0,9,47.0,23.23
1568.904251,5,3,2,0,4,49.0,21.651
1568.9052225,6,1,18,5,302,57.0,869.062
1568.905401,2,11,9,4,137,59.0,869.007
1568.905413,1,2,11,1,46,57.0,414.088
1568.9054255,3,8,6,1,56,56.0,302.041
1568.9060247,6,505,28,8,524,54.0,1178.0
1568.906956,1,2,2,0,32,57.0,141.703
1568.9071315,6,1,15,5,442,56.0,678.043
1568.907754,5,2,4,0,4,49.0,20.623
1568.9077935,3,1,3,0,17,57.0,124.838
1568.9081205,6,1,3,0,4,51.0,13.031
1568.9091715,6,1,3,0,22,58.0,150.803
1568.9099565,6,1,4,0,37,50.0,65.217
1568.9107985,6,5,10,3,173,63.0,857.345
1568.9108305,3,1,3,0,44,49.0,64.227
1568.910848,1,1,1,0,1,45.0,0.0
1568.9118925,6,34,13,4,262,60.0,1022.0
1568.912147,5,1,2,0,1,46.0,0.0
1568.912518,2,2,19,7,189,61.0,1631.0
1568.9125225,3,15,13,4,216,60.0,844.784
1568.912528,1,8,21,5,317,58.0,983.893
1568.9126555,6,3,23,4,207,57.0,717.362
1568.912682,5,1,8,2,162,51.0,188.873
1568.913379,5,2,9,2,139,52.0,260.027
1568.9134105,6,1,7,0,74,51.0,90.324
1568.9134725,3,1,2,0,20,46.0,24.159
1568.91349,1,2,5,1,52,52.0,119.6
1568.913496,2,2,3,1,58,52.0,172.101
1568.9141175,6,1,3,0,18,50.0,52.229
1568.9147405,6,3,8,1,41,59.0,440.082
1568.915091,5,127,16,3,220,55.0,592.748
1568.915217,2,1,12,3,75,57.0,859.44
1568.9152215,3,15,13,2,98,57.0,592.121
1568.915234,1,38,17,4,189,55.0,654.731
1568.9152818,6,551,46,15,647,68.0,5577.0
1568.915862,5,2,8,0,42,51.0,68.989
1568.9158675,3,39,7,2,145,52.0,253.93
1568.915929,1,1,9,2,120,55.0,319.677
1568.9166045,6,1,8,1,84,52.0,177.126
1568.9173955,6,8,10,4,183,62.0,1141.0
1568.917947,5,1,3,0,1,50.0,0.0
1568.9179845,3,1,1,0,1,45.0,0.0
1568.9182875,6,1,9,4,445,51.0,378.748
1568.918755,1,2,2,0,3,55.0,44.97
1568.9190005,3,1,3,0,35,51.0,57.009
1568.9193565,6,20,88,178,1209,91.0,1269000.0
1568.91936,5,48,54,56,699,73.0,51179.0
1568.919368,1,68,56,56,592,73.0,59311.0
1568.919371,2,33,48,75,530,77.0,107542.0
1568.9195358,3,68,46,39,941,68.0,18618.0
1568.9211035,6,373,33,13,539,65.0,4621.0
1568.921198,1,1,1,0,1,47.0,0.0
1568.9212135,3,1,1,0,5,46.0,9.503
1568.921482,2,1,6,0,15,56.0,184.23
1568.921483,5,36,12,2,87,54.0,357.222
1568.9221595,6,201,21,5,326,57.0,948.371
1568.922367,5,1,1,0,1,45.0,0.0
1568.922378,1,1,3,0,1,49.0,0.0
1568.922901,1,5,17,3,120,57.0,755.402
1568.922923,5,1,10,1,59,54.0,225.222
1568.9229255,3,27,11,1,66,57.0,397.138
1568.922949,2,6,10,4,78,65.0,1995.0
1568.9229965,6,1,5,0,13,51.0,53.582
1568.9235235,6,1,33,9,456,61.0,1808.0
1568.923537,1,7,8,1,66,50.0,153.176
1568.9235445,3,1,4,0,46,48.0,73.505
1568.9245055,6,6,14,4,182,57.0,1030.0
1568.9249595,3,1,5,1,133,49.0,134.75
1568.925064,1,1,3,0,13,51.0,40.496
1568.925101,5,1,2,0,1,47.0,0.0
1568.9252045,6,740,39,27,984,80.0,45303.0
1568.925981,5,2,4,0,34,50.0,86.845
1568.925993,1,1,4,0,38,51.0,75.709
1568.9259945,3,1,1,0,1,46.0,0.0
1568.9267395,6,3,11,3,169,62.0,979.906
1568.927363,5,19,34,11,227,64.0,4144.0
1568.927369,1,52,30,9,256,65.0,3263.0
1568.9273735,3,21,33,15,607,62.0,4430.0
1568.927383,2,22,24,10,142,65.0,4738.0
1568.9274088,6,14,38,13,464,65.0,4032.0
1568.928287,1,59,16,3,164,58.0,577.303
1568.92829,2,15,13,5,131,58.0,1253.0
1568.928292,5,37,14,2,112,56.0,430.625
1568.9283805,6,15,7,0,16,52.0,96.219
1568.9290655,6,1,10,2,117,56.0,443.521
1568.9291615,3,1,2,0,5,47.0,12.006
1568.929167,1,1,2,0,1,49.0,0.0
1568.9297165,6,126,82,37,1214,79.0,29861.0
1568.9298585,3,53,20,6,337,55.0,965.299
1568.929862,5,34,32,9,518,56.0,1344.0
1568.929869,1,234,43,13,719,58.0,2324.0
1568.929896,2,1,16,7,304,57.0,1318.0
1568.931162,2,73,9,3,117,55.0,595.596
1568.9311675,3,2,13,3,122,57.0,855.997
1568.93117,5,11,14,2,75,54.0,375.607
1568.931181,1,1,11,1,70,55.0,369.181
1568.9315055,6,447,25,11,598,68.0,4614.0
1568.931991,5,1,2,0,1,45.0,0.0
1568.931994,1,2,4,0,5,51.0,31.323
1568.9320005,3,7,4,0,25,52.0,150.019
1568.932089,2,1,1,0,1,50.0,0.0
1568.9333025,6,2,13,3,228,59.0,460.232
1568.933336,1,1,1,0,1,47.0,0.0
1568.934172,1,1,1,0,1,45.0,0.0
1568.9342715,6,276,13,4,304,56.0,681.442
1568.934328,5,2,3,0,2,48.0,6.375
1568.93476,1,1,1,0,1,46.0,0.0
1568.9354435,6,162,29,11,493,64.0,3217.0
1568.935612,1,2,11,1,59,51.0,236.997
1568.935616,5,37,7,1,76,49.0,190.942
1568.9356205,3,1,7,1,72,51.0,181.012
1568.935623,2,1,6,0,23,53.0,117.247
1568.9366525,6,3,2,0,4,49.0,31.247
1568.9372425,6,2,6,3,318,53.0,295.725
1568.9386235,6,1,2,0,1,48.0,0.0
1568.9394805,6,6,12,3,156,58.0,682.19
1568.939501,1,1,9,2,124,50.0,247.977
1568.9395295,3,1,4,1,92,52.0,125.036
1568.939635,5,1,1,0,1,46.0,0.0
1568.9403125,6,1,4,0,32,51.0,73.494
1568.9408875,6,1,3,0,17,50.0,52.155
1568.9417095,6,1,2,0,1,47.0,0.0
1568.9423815,6,2,2,0,3,47.0,9.677
1568.9429705,6,168,34,12,691,61.0,2279.0
1568.943097,1,5,31,11,143,68.0,8984.0
1568.943112,5,73,16,2,91,53.0,527.003
1568.943116,2,12,17,5,106,61.0,1818.0
1568.9431205,3,1,13,2,131,53.0,388.576
1568.9447605,6,46,26,10,195,72.0,8167.0
1568.944827,5,1,13,1,59,55.0,358.477
1568.9448305,3,1,6,1,52,50.0,140.091
1568.944841,1,2,9,1,88,55.0,225.077
1568.944855,2,1,4,1,66,53.0,302.421
1568.9455585,6,2,5,0,14,57.0,219.375
1568.946176,1,1,2,0,1,46.0,0.0
1568.9463085,6,7,5,0,25,54.0,182.225
1568.9468405,6,314,27,14,480,72.0,10382.0
1568.946852,1,2,4,0,2,53.0,13.8
1568.9468655,3,1,3,0,1,48.0,0.0
1568.947152,5,25,10,1,85,55.0,330.088
1568.947159,2,1,9,3,127,55.0,694.209
1568.9478705,6,114,12,4,208,62.0,934.933
1568.948415,1,2,1,0,2,46.0,3.933
1568.9485845,6,1,5,0,41,53.0,129.662
1568.9491295,6,2,6,0,27,54.0,135.108
1568.9491315,3,1,4,0,1,46.0,0.0
1568.9496685,6,143,44,29,528,74.0,31526.0
1568.949802,5,14,39,12,243,61.0,3901.0
1568.949811,1,42,37,12,287,62.0,3940.0
1568.949813,2,9,29,15,271,63.0,6626.0
1568.9498135,3,57,26,14,309,65.0,5984.0
1568.9507925,6,10,10,2,55,59.0,674.862
1568.951317,1,1,3,0,51,49.0,68.604
1568.9519635,6,1,10,2,139,54.0,237.488
1568.952032,5,1,2,0,1,50.0,0.0
1568.9526175,6,1,26,10,304,66.0,4321.0
1568.952629,1,2,19,3,136,55.0,671.977
1568.952631,2,11,14,3,69,60.0,953.783
1568.952631,5,37,17,3,72,59.0,820.341
1568.9526345,3,1,12,2,76,58.0,670.667
1568.953303,1,105,26,6,290,55.0,927.915
1568.953363,5,1,22,4,151,55.0,691.586
1568.9533955,3,1,14,3,171,52.0,364.866
1568.953414,2,2,9,2,58,56.0,583.586
1568.9534218,6,72,26,9,357,64.0,2384.0
1568.954093,1,2,5,0,8,55.0,105.682
1568.9543695,6,1,1,0,1,48.0,0.0
1568.9551495,6,1,1,0,1,46.0,0.0
1568.9557375,6,1,4,0,22,52.0,77.482
1568.9562598,6,227,22,7,592,56.0,762.619
1568.957319,5,3,3,0,10,51.0,66.738
1568.9575065,6,2,12,3,184,59.0,876.076
1568.9582805,6,167,17,7,554,60.0,1246.0
1568.959046,5,1,3,0,1,45.0,0.0
1568.9592695,3,1,1,0,1,45.0,0.0
1568.95933,1,1,2,0,31,46.0,26.777
1568.9595305,6,2,3,0,3,48.0,10.046
1568.9600425,6,1,4,1,119,49.0,64.807
1568.960445,2,83,21,7,151,61.0,2805.0
1568.9604505,3,37,19,8,312,63.0,2559.0
1568.960451,5,25,26,7,200,61.0,2147.0
1568.960453,1,49,25,8,185,60.0,2333.0
1568.9606835,6,2,3,0,2,48.0,4.273
1568.9615275,6,2,11,6,116,69.0,8992.0
1568.9624545,6,7,7,1,32,60.0,446.701
1568.9630425,3,1,3,0,1,48.0,0.0
1568.963044,5,2,4,0,16,50.0,41.194
1568.9630585,6,1,5,0,24,51.0,72.232
1568.963066,1,2,4,0,29,47.0,41.765
1568.9636505,6,5,22,8,326,66.0,3097.0
1568.963666,2,1,7,2,67,58.0,744.178
1568.9636665,3,1,10,2,102,55.0,373.179
1568.963668,5,36,6,0,39,54.0,171.266
1568.963669,1,52,14,2,94,56.0,445.212
1568.965191,5,1,7,0,27,52.0,127.076
1568.9652135,6,6,4,0,27,51.0,98.91
1568.965255,2,1,2,0,1,51.0,0.0
1568.965608,1,1,1,0,1,46.0,0.0
1568.9656185,3,1,3,0,1,45.0,0.0
1568.9660175,6,2,1,0,3,48.0,11.862
1568.9676585,6,1,2,0,1,46.0,0.0
1568.96803,1,1,20,4,121,63.0,1357.0
1568.9680395,3,1,7,1,128,54.0,228.369
1568.968054,2,2,15,4,107,60.0,1224.0
1568.968058,5,1,12,1,76,52.0,219.062
1568.9682185,6,2,4,0,4,53.0,33.47
1568.9699165,6,365,19,7,532,62.0,1407.0
1568.9703315,3,1,1,0,1,45.0,0.0
1568.971056,5,49,38,15,256,66.0,7844.0
1568.9710665,6,1,26,7,294,59.0,1601.0
1568.9710675,3,1,16,3,144,55.0,572.129
1568.971068,1,18,27,10,195,66.0,4725.0
1568.971076,2,27,22,9,120,67.0,5746.0
1568.9718745,6,2,8,4,335,58.0,594.636
1568.9727865,6,1,3,0,7,49.0,24.093
1568.97306,1,8,29,12,391,65.0,5176.0
1568.973065,2,2,19,7,207,58.0,1993.0
1568.9730725,3,21,13,3,173,58.0,679.345
1568.973073,5,25,20,4,125,60.0,987.046
1568.974777,1,2,1,0,2,49.0,3.132
1568.9753735,6,1,1,0,1,51.0,0.0
1568.9759255,6,1,7,3,368,51.0,258.325
1568.976082,1,1,2,0,1,49.0,0.0
1568.9769615,6,4,6,0,23,58.0,191.374
1568.9780035,6,3,40,21,330,73.0,21051.0
1568.978011,5,23,34,9,214,59.0,2653.0
1568.978016,2,38,21,11,179,65.0,5115.0
1568.978021,1,16,30,10,236,66.0,3855.0
1568.9780215,3,59,26,10,244,62.0,3682.0
1568.9789985,6,6,12,3,121,57.0,668.747
1568.9790335,3,1,3,0,44,49.0,59.462
1568.979035,1,1,4,0,7,48.0,14.582
1568.9798455,6,1,13,5,618,51.0,429.633
1568.979974,5,11,7,0,25,55.0,187.962
1568.9799815,3,1,3,0,9,51.0,41.251
1568.979983,1,1,3,1,82,47.0,83.442
1568.981913,1,2,2,0,3,55.0,53.719
1568.9819185,6,15,9,2,50,58.0,626.03
1568.9826075,6,1,7,1,209,52.0,167.494
1568.983317,5,1,1,0,1,45.0,0.0
1568.9834405,6,1,3,0,1,51.0,0.0
1568.983586,1,2,9,2,381,50.0,191.712
1568.9839455,6,3,13,4,118,69.0,2876.0
1568.983968,5,11,4,0,47,49.0,74.067
1568.9840105,3,1,1,0,1,45.0,0.0
1568.9845875,6,1,1,0,5,48.0,14.997
1568.9854835,6,1,7,3,324,56.0,293.438
1568.9863255,6,5,11,2,107,57.0,411.448
1568.9868475,3,1,1,0,1,45.0,0.0
1568.9870195,6,1,3,0,18,59.0,211.09
1568.987286,5,11,14,0,20,53.0,136.832
1568.987308,1,1,12,1,56,53.0,234.802
1568.987369,2,1,2,0,1,52.0,0.0
1568.9880995,6,1,1,0,1,45.0,0.0
1568.988534,5,2,6,1,89,51.0,105.004
1568.9886,1,1,1,0,1,45.0,0.0
1568.9886635,6,63,7,1,74,57.0,337.327
1568.9890985,3,3,4,0,17,56.0,247.103
1568.989125,2,1,2,0,1,51.0,0.0
1568.9893315,6,276,35,27,491,81.0,54874.0
1568.989626,5,2,19,4,157,55.0,673.259
1568.989641,1,3,20,4,183,57.0,776.132
1568.9896445,3,16,6,1,69,57.0,315.642
1568.989656,2,1,6,0,4,54.0,30.735
1568.9909235,6,1,5,1,163,49.0,124.736
1568.991586,1,1,1,0,1,46.0,0.0
1568.9917235,6,1,1,0,1,45.0,0.0
1568.9922885,6,205,6,2,259,56.0,331.292
1568.9934245,6,349,14,5,373,60.0,925.965
1568.994251,5,1,9,1,55,54.0,263.183
1568.9943035,6,1,6,0,1,49.0,0.0
1568.994344,1,1,1,0,1,46.0,0.0
1568.9946655,3,1,3,0,37,48.0,38.827
1568.9953725,6,231,15,7,294,68.0,3633.0
1568.996158,5,10,16,5,103,67.0,2479.0
1568.9961805,6,2,8,1,41,51.0,165.818
1568.996183,2,1,2,0,4,54.0,37.687
1568.9962105,3,1,2,0,4,47.0,9.15
1568.9974535,6,2,1,0,3,49.0,11.293
1568.9975795,3,1,1,0,1,45.0,0.0
1568.9979685,6,139,10,3,292,62.0,809.331
1568.998529,1,1,1,0,1,46.0,0.0
1568.9988475,6,1,6,2,205,59.0,436.166
1568.9990865,3,1,1,0,1,45.0,0.0
1569.0007035,6,1,6,1,201,48.0,109.56
1569.0019255,6,1,7,2,206,50.0,176.825
1569.0028935,6,107,31,17,389,71.0,12301.0
1569.003014,5,15,18,4,148,56.0,917.33
1569.0030225,3,43,16,4,202,55.0,542.582
1569.003028,1,1,21,5,157,60.0,1440.0
1569.003029,2,2,16,5,121,59.0,1622.0
1569.0044425,3,1,1,0,1,45.0,0.0
1569.004447,5,5,6,0,36,51.0,141.481
1569.0046255,6,5,5,0,20,59.0,347.895
1569.0051415,3,2,2,0,6,51.0,39.866
1569.0051725,6,13,22,7,577,60.0,1049.0
1569.005204,5,1,1,0,1,46.0,0.0
1569.005705,5,11,7,0,17,53.0,247.811
1569.0066975,6,1,4,0,156,48.0,55.092
1569.0078045,3,1,1,0,4,48.0,14.929
1569.00782,5,2,5,0,17,53.0,113.752
1569.007831,2,1,1,0,1,50.0,0.0
1569.0082905,6,1,1,0,1,45.0,0.0
1569.0090625,6,365,22,9,506,68.0,3090.0
1569.009267,1,2,2,0,3,50.0,19.222
1569.0095665,3,1,2,0,4,48.0,11.251
1569.0102555,6,1,3,0,1,48.0,0.0
1569.0113,1,2,1,0,2,50.0,10.07
1569.0114415,6,2,2,0,2,49.0,22.008
1569.0128195,6,3,8,1,50,56.0,217.121
1569.0134045,6,1,2,0,8,54.0,67.269
1569.013668,1,1,1,0,1,48.0,0.0
1569.0141785,6,2,2,1,199,49.0,89.517
1569.0148735,3,1,1,0,1,45.0,0.0
1569.014879,1,1,2,0,1,48.0,0.0
1569.0148835,6,1,3,0,1,47.0,0.0
1569.014978,5,2,2,0,7,47.0,28.735
1569.0156875,3,2,3,0,6,50.0,33.393
1569.0158005,6,592,54,19,770,69.0,6756.0
1569.015851,1,2,7,1,131,51.0,176.326
1569.016386,5,2,21,5,142,56.0,1133.0
1569.016387,2,49,10,2,53,56.0,507.148
1569.0163935,3,2,11,2,112,56.0,537.337
1569.0164817,1,50,12,2,96,53.0,311.447
1569.0172405,6,1,27,8,388,60.0,1954.0
1569.0173265,3,1,2,0,1,46.0,0.0
1569.0181675,6,1,1,0,1,45.0,0.0
1569.018626,5,7,8,0,10,55.0,150.132
1569.0186525,3,1,3,1,132,52.0,103.09
1569.018703,1,1,6,1,70,53.0,131.137
1569.0187145,6,1,3,0,1,49.0,0.0
1569.0192775,6,2,11,2,112,59.0,492.064
1569.0206475,6,1,5,1,185,49.0,100.659
1569.0215575,6,2,7,2,53,61.0,559.975
1569.0226865,6,1,2,0,1,47.0,0.0
1569.0237795,6,9,13,3,81,63.0,1334.0
1569.0245925,6,186,38,12,334,62.0,3746.0
1569.024639,5,50,57,23,295,67.0,13948.0
1569.0246425,3,45,30,7,235,57.0,1318.0
1569.024643,1,39,43,14,268,65.0,5705.0
1569.024649,2,40,33,17,253,69.0,10152.0
1569.0255145,6,1,3,0,8,52.0,48.481
1569.025877,5,2,29,8,298,59.0,2153.0
1569.02588,1,10,28,8,247,63.0,2069.0
1569.025882,2,31,28,12,212,62.0,4624.0
1569.0258835,3,41,20,11,280,64.0,4695.0
1569.0260228,6,1,14,3,162,56.0,605.09
1569.0266675,3,1,1,0,4,48.0,12.016
1569.0266905,6,1,5,1,96,53.0,134.454
1569.0273475,6,1,6,1,53,54.0,159.947
1569.0299635,6,1,4,1,183,50.0,106.099
1571.664823,1,16,4,1,81,53.0,230.789
1571.666583,5,2,8,2,113,53.0,357.995
1571.71642,5,89,23,5,168,60.0,1304.0
1571.720203,1,58,5,3,206,48.0,276.808
1571.726282,5,1,5,0,4,51.0,17.482
1571.735986,1,1,1,0,1,45.0,0.0
1571.741309,5,1,2,0,26,48.0,21.219
1571.749737,5,2,4,0,19,51.0,58.664
1571.79257,1,2,2,0,6,49.0,29.091
1571.823464,1,1,8,4,177,56.0,633.819
1571.93904,5,2,9,2,47,57.0,666.883
1571.984239,5,6,6,0,7,52.0,47.845
1572.012559,2,2,2,0,3,53.0,45.405
1572.067233,2,1,7,2,66,54.0,396.389
1572.073099,5,39,16,16,443,62.0,4679.0
1572.0731105,3,47,12,19,435,65.0,8145.0
1572.07312,2,54,8,8,234,56.0,1694.0
1572.0731425,6,14,4,1,71,51.0,263.073
1572.073213,1,60,5,11,307,57.0,2470.0
1572.1004605,6,1,2,0,9,52.0,59.633
1572.109904,1,2,1,0,2,45.0,3.132
1572.111779,1,2,1,0,2,45.0,7.047
1572.1167675,3,193,5,3,271,51.0,316.523
1574.95437,1,66,3,2,131,53.0,346.268
1574.954421,5,2,2,0,5,48.0,25.271
1574.9613145,3,4,5,1,60,59.0,462.404
1574.9626265,3,1,3,0,18,52.0,55.363
1574.9635975,3,4,8,4,127,64.0,1579.0
1574.9644555,3,2,3,0,35,52.0,93.39
1574.9923805,3,2,2,0,32,47.0,47.757
1575.0583695,6,1,6,1,50,60.0,531.755
