Time,CH,RISE,COUN,ENER,DURATION,AMP,ABS_E
2.764593,2,1,1,0,1,50.0,0.0
2.787216,1,2,1,0,2,45.0,3.784
5.258548,2,1,1,0,7,51.0,37.317
5.355405,2,1,1,0,1,50.0,0.0
5.738809,2,1,1,0,1,50.0,0.0
5.83463,2,1,1,0,1,51.0,0.0
5.930458,2,1,1,0,1,51.0,0.0
8.601149,2,1,1,0,1,50.0,0.0
10.0605155,3,1,2,0,43,49.0,40.225
11.95676,2,1,1,0,4,50.0,20.938
14.580552,2,1,1,0,1,50.0,0.0
15.060826,2,1,1,0,1,50.0,0.0
22.4301015,3,2,1,0,6,50.0,27.397
22.430123,1,1,1,0,1,45.0,0.0
23.691864,2,1,1,0,1,50.0,0.0
23.884554,2,1,2,0,4,51.0,31.138
26.774171,2,1,2,0,7,51.0,49.031
26.870738,2,1,1,0,1,50.0,0.0
27.158278,2,1,1,0,1,50.0,0.0
27.3880125,3,1,1,0,1,45.0,0.0
32.921823,2,1,1,0,1,50.0,0.0
35.5691425,3,1,1,0,5,48.0,15.632
35.7725085,3,1,1,0,1,45.0,0.0
36.558148,2,1,1,0,4,51.0,31.587
39.0108615,3,1,1,0,6,45.0,10.017
42.8716455,3,1,2,0,5,48.0,15.976
42.87167,1,1,1,0,1,45.0,0.0
44.2093095,3,2,1,0,2,45.0,3.213
46.9344035,3,1,1,0,1,45.0,0.0
49.014268,2,1,2,0,4,51.0,32.272
50.58255,1,1,1,0,1,47.0,0.0
52.7568245,3,2,1,0,2,45.0,4.025
53.7417465,3,1,1,0,1,45.0,0.0
53.741763,1,1,1,0,1,45.0,0.0
55.2113345,3,1,1,0,5,45.0,7.626
58.9471155,3,2,1,0,2,45.0,3.213
64.5987245,3,1,1,0,1,45.0,0.0
68.3469645,3,1,2,0,7,53.0,61.158
71.7378785,3,1,1,0,1,45.0,0.0
80.3661985,3,1,1,0,1,45.0,0.0
93.5515185,3,1,1,0,4,48.0,10.434
93.551531,1,4,1,0,5,46.0,18.014
119.2327955,3,2,1,0,2,45.0,6.846
124.8955965,6,2,6,1,191,61.0,613.722
124.895597,4,2,5,1,194,58.0,412.627
124.895597,5,2,6,1,194,58.0,480.997
125.1757445,3,1,1,0,1,45.0,0.0
133.1701145,3,1,1,0,1,45.0,0.0
133.170129,1,1,1,0,1,45.0,0.0
137.4006355,3,2,1,0,41,47.0,35.086
137.400644,1,1,2,0,1,46.0,0.0
163.873864,1,1,1,0,1,45.0,0.0
172.6552465,3,1,1,0,1,45.0,0.0
182.7460055,3,1,2,0,5,51.0,27.499
204.7030455,3,1,1,0,1,45.0,0.0
266.3386135,3,1,4,0,22,55.0,127.395
302.8152245,3,1,2,0,22,52.0,73.021
539.4014445,6,1,1,0,1,45.0,0.0
575.055497,4,1,1,0,1,48.0,0.0
575.0555695,3,1,6,1,80,52.0,168.892
582.9379805,6,1,1,0,1,45.0,0.0
755.241213,1,1,2,0,19,48.0,25.759
798.1739065,3,1,1,0,1,45.0,0.0
820.2005325,3,1,1,0,1,45.0,0.0
827.6494465,6,1,1,0,1,45.0,0.0
885.4570455,6,2,16,5,183,65.0,2256.0
885.457081,4,1,1,0,1,45.0,0.0
890.684433,1,1,1,0,1,45.0,0.0
905.473131,5,2,1,0,3,45.0,7.913
905.4731345,6,1,1,0,1,47.0,0.0
905.6068465,3,6,13,3,130,56.0,514.273
905.606856,4,1,1,0,1,45.0,0.0
905.606867,1,12,6,1,113,52.0,206.532
907.9279895,3,2,1,0,5,47.0,14.116
907.928014,2,1,1,0,1,51.0,0.0
915.413622,1,2,1,0,2,46.0,5.921
919.9139,1,1,6,0,47,50.0,90.388
919.9139035,6,2,2,0,3,51.0,28.261
919.913925,2,2,1,0,2,51.0,25.269
943.317987,5,1,1,0,1,47.0,0.0
943.3180095,6,1,1,0,1,45.0,0.0
949.426836,5,3,20,6,144,65.0,2560.0
949.4268365,6,2,17,5,107,69.0,3602.0
949.42684,4,18,10,3,63,59.0,1010.0
949.4268575,3,1,17,3,189,57.0,574.852
957.846592,1,2,1,0,2,45.0,6.375
961.6785755,6,2,1,0,2,50.0,35.674
961.67858,5,2,1,0,2,47.0,11.061
976.881206,1,34,7,0,44,53.0,157.127
976.8812075,3,5,11,2,124,56.0,497.461
976.881217,4,1,1,0,1,45.0,0.0
1001.106601,5,3,1,0,4,47.0,21.028
1001.3519225,3,1,1,0,1,45.0,0.0
1011.5672605,6,1,1,0,1,45.0,0.0
1011.567265,5,1,3,0,1,46.0,0.0
1014.8992105,3,1,1,0,1,45.0,0.0
1032.7100695,6,2,2,0,27,49.0,52.626
1094.797789,1,3,3,0,12,54.0,97.58
1094.797792,2,1,2,0,1,52.0,0.0
1094.7978165,6,1,4,0,22,48.0,38.475
1138.3613825,3,1,1,0,1,45.0,0.0
1139.4905765,3,1,1,0,4,47.0,10.548
1173.0318975,3,1,3,0,12,51.0,53.838
1179.8788955,6,1,1,0,1,45.0,0.0
1179.8789045,3,1,1,0,1,46.0,0.0
1179.878918,2,1,1,0,1,50.0,0.0
1194.504717,1,1,2,0,1,47.0,0.0
1207.797955,1,1,1,0,1,45.0,0.0
1212.4039325,3,1,1,0,1,45.0,0.0
1218.3030075,3,1,1,0,1,48.0,0.0
1218.303023,1,1,1,0,1,45.0,0.0
1224.182355,5,1,1,0,1,45.0,0.0
1224.3884645,6,2,3,0,2,49.0,4.305
1224.388475,1,1,4,0,1,49.0,0.0
1229.5888435,6,1,1,0,1,45.0,0.0
1234.8905605,6,2,1,0,3,46.0,8.36
1234.894646,1,1,7,1,54,52.0,147.925
1234.8946615,3,1,3,0,31,51.0,73.53
1235.1215755,3,1,1,0,1,45.0,0.0
1239.662734,5,1,1,0,1,46.0,0.0
1244.6956675,3,1,2,0,7,49.0,28.543
1255.9571835,3,1,1,0,1,45.0,0.0
1258.267697,1,1,1,0,1,47.0,0.0
1258.2677075,3,2,1,0,5,46.0,11.145
1258.594075,1,2,2,0,2,47.0,6.26
1258.594076,5,1,1,0,1,45.0,0.0
1258.5940775,3,1,1,0,1,45.0,0.0
1261.701723,1,2,1,0,2,49.0,6.846
1262.247742,1,12,31,10,198,64.0,3872.0
1262.6313,1,12,30,10,198,64.0,3877.0
1263.1939955,6,1,1,0,1,45.0,0.0
1263.389161,5,2,1,0,2,45.0,4.305
1264.233332,1,3,7,1,98,51.0,226.583
1264.2333505,3,1,7,0,38,50.0,69.247
1264.233386,2,2,3,0,2,53.0,20.948
1268.404779,1,12,31,10,198,64.0,3896.0
1268.596673,1,12,31,10,198,64.0,3906.0
1269.7045885,3,1,1,0,1,45.0,0.0
1271.745478,1,12,30,10,195,64.0,3905.0
1277.971629,1,12,29,10,195,64.0,3954.0
1278.354764,1,12,29,10,198,64.0,3956.0
1280.819798,1,11,30,10,195,63.0,4003.0
1281.011763,1,15,31,10,198,63.0,4009.0
1281.204023,1,12,30,10,192,63.0,3953.0
1281.396966,1,12,29,10,195,63.0,3962.0
1283.867888,1,12,30,10,198,63.0,3985.0
1284.059755,1,15,31,10,198,63.0,4033.0
1284.251292,1,12,29,10,195,64.0,3972.0
1284.443965,1,15,30,10,198,63.0,4045.0
1284.8123395,6,1,2,0,1,46.0,0.0
1285.8031425,6,1,1,0,1,45.0,0.0
1286.942937,1,12,30,10,192,64.0,3987.0
1287.134804,1,12,29,10,195,64.0,3982.0
1287.326341,1,12,31,10,192,64.0,3994.0
1287.518814,1,15,30,10,198,63.0,4055.0
1290.025123,1,12,31,10,190,63.0,3997.0
1290.0251245,3,10,27,8,245,63.0,2897.0
1290.216687,1,15,29,10,198,63.0,4058.0
1290.2166905,3,10,27,8,242,63.0,2920.0
1290.408364,1,9,30,10,193,63.0,4009.0
1290.4083655,3,10,27,9,290,63.0,2962.0
1290.600145,1,15,30,10,198,63.0,4072.0
1290.6001485,3,10,28,8,181,63.0,2855.0
1290.6449345,3,5,19,6,210,64.0,1652.0
1290.6449395,6,1,17,4,139,61.0,1253.0
1290.644957,4,1,1,0,1,48.0,0.0
1293.101301,1,12,30,10,192,64.0,4011.0
1293.1013025,3,13,28,9,245,63.0,2914.0
1293.292785,1,12,29,10,190,63.0,4007.0
1293.2927865,3,10,24,8,242,63.0,2904.0
1293.484413,1,12,28,10,195,64.0,4033.0
1293.4844145,3,13,26,8,245,63.0,2897.0
1293.524699,1,2,1,0,3,46.0,9.452
1293.677147,1,11,29,10,195,63.0,4087.0
1293.6771505,3,10,26,9,245,63.0,2910.0
1295.1302275,6,1,1,0,1,45.0,0.0
1295.8443475,6,2,1,0,2,45.0,6.26
1296.136362,1,9,29,10,193,63.0,4045.0
1296.1363635,3,10,26,9,245,63.0,2918.0
1296.327845,1,15,29,10,198,64.0,4102.0
1296.3278495,3,13,26,8,245,63.0,2899.0
1296.519512,1,15,30,10,198,63.0,4098.0
1296.5195155,3,10,26,8,178,63.0,2832.0
1296.711408,1,9,29,10,193,63.0,4049.0
1296.7114095,3,10,27,8,181,63.0,2848.0
1297.3147425,3,1,4,0,1,47.0,0.0
1298.569355,1,1,1,0,1,48.0,0.0
1298.790368,1,1,1,0,1,45.0,0.0
1299.168252,1,15,29,10,198,63.0,4108.0
1299.1682555,3,10,25,9,246,63.0,2920.0
1299.361217,1,15,30,10,198,63.0,4116.0
1299.3612205,3,10,27,8,249,63.0,2920.0
1299.552707,1,12,30,10,195,64.0,4062.0
1299.5527085,3,13,26,9,245,63.0,2896.0
1299.744332,1,15,29,10,198,63.0,4109.0
1299.7443355,3,10,27,9,252,63.0,2911.0
1302.211554,1,9,29,10,193,63.0,4053.0
1302.2115555,3,10,27,8,181,63.0,2823.0
1302.403041,1,12,28,10,186,64.0,4038.0
1302.4030425,3,13,26,8,245,63.0,2890.0
1302.594738,1,12,28,10,190,63.0,4064.0
1302.5947395,3,6,26,8,181,63.0,2840.0
1302.787392,1,11,28,10,195,63.0,4144.0
1302.7873955,3,10,26,8,181,63.0,2827.0
1305.279425,1,12,28,10,187,64.0,4046.0
1305.2794265,3,13,27,9,245,63.0,2881.0
1305.471332,1,12,30,10,187,64.0,4067.0
1305.4713335,3,13,26,9,245,63.0,2897.0
1305.63164,2,1,2,0,1,53.0,0.0
1305.6316485,3,1,3,1,93,48.0,92.788
1305.6317045,6,1,1,0,1,45.0,0.0
1305.662819,1,12,29,10,187,64.0,4041.0
1305.6628205,3,13,26,9,245,63.0,2881.0
1305.855278,1,12,29,10,193,63.0,4086.0
1305.8552795,3,10,27,8,181,63.0,2817.0
1308.337521,1,12,26,8,190,62.0,2687.0
1308.43434,1,15,29,10,195,64.0,4142.0
1308.4343435,3,10,26,9,246,63.0,2886.0
1308.626027,1,15,29,10,198,63.0,4162.0
1308.6260305,3,10,28,8,249,63.0,2895.0
1308.817839,1,14,29,10,195,63.0,4146.0
1308.8178425,3,10,27,8,181,63.0,2794.0
1308.91359,1,12,26,8,190,62.0,2682.0
1309.009411,1,15,29,10,195,63.0,4153.0
1309.0094155,3,9,25,8,245,63.0,2889.0
1311.619207,1,11,30,10,195,63.0,4179.0
1311.6192105,3,10,29,8,181,63.0,2815.0
1311.715064,1,12,25,8,187,62.0,2677.0
1311.810904,1,12,27,10,187,64.0,4098.0
1311.8109055,3,13,26,10,335,63.0,2944.0
1311.906996,1,12,26,8,184,62.0,2669.0
1312.002713,1,12,29,10,193,63.0,4107.0
1312.0027145,3,10,27,8,181,63.0,2798.0
1312.099589,1,12,25,8,181,62.0,2641.0
1312.195324,1,15,28,10,195,64.0,4150.0
1312.1953285,3,9,26,9,335,63.0,2929.0
1314.646364,1,12,26,8,184,62.0,2672.0
1314.743226,1,12,28,10,193,63.0,4119.0
1314.7432275,3,10,26,8,181,63.0,2771.0
1314.839026,1,15,26,8,186,62.0,2719.0
1314.934865,1,12,29,10,190,63.0,4124.0
1314.9348665,3,10,27,10,332,63.0,2952.0
1315.10349,4,2,2,0,2,49.0,4.148
1315.1034915,6,3,23,6,216,61.0,1630.0
1315.103503,1,23,18,5,166,62.0,1342.0
1315.126781,1,15,28,10,195,63.0,4186.0
1315.1267845,3,10,27,8,182,63.0,2802.0
1315.222514,1,12,25,8,187,62.0,2697.0
1315.318252,1,12,28,10,190,64.0,4120.0
1315.3182535,3,13,27,8,181,63.0,2790.0
1317.707435,1,12,25,8,187,62.0,2700.0
1317.803248,1,12,27,10,187,64.0,4124.0
1317.8032495,3,13,29,8,245,63.0,2861.0
1317.995117,1,12,29,10,190,64.0,4142.0
1317.9951185,3,6,29,8,181,63.0,2789.0
1318.090865,1,12,25,8,187,62.0,2697.0
1318.186707,1,15,29,10,187,64.0,4168.0
1318.1867115,3,9,27,8,245,63.0,2873.0
1318.378328,1,8,27,10,195,63.0,4198.0
1318.3783315,3,10,28,9,246,63.0,2885.0
1320.879301,1,12,28,10,187,64.0,4152.0
1320.8793025,3,13,29,8,245,63.0,2869.0
1320.975146,1,12,25,8,187,62.0,2745.0
1321.070995,1,12,27,10,187,63.0,4213.0
1321.0709965,3,10,29,8,215,63.0,2842.0
1321.167104,1,12,25,8,187,62.0,2764.0
1321.262777,1,15,28,10,187,64.0,4261.0
1321.2627805,3,14,29,8,246,63.0,2890.0
1321.45453,1,11,27,10,189,63.0,4263.0
1321.4545335,3,10,28,8,215,63.0,2806.0
1322.8601105,3,1,1,0,1,45.0,0.0
1323.946405,1,11,26,10,184,63.0,4291.0
1323.9464085,3,10,29,8,208,63.0,2820.0
1324.138044,1,15,29,10,187,64.0,4311.0
1324.1380485,3,13,28,8,227,63.0,2857.0
1324.233908,1,12,24,8,184,62.0,2796.0
1324.329944,1,12,27,10,187,64.0,4263.0
1324.3299455,3,13,29,8,181,63.0,2782.0
1324.426517,1,12,25,8,184,62.0,2797.0
1324.522554,1,11,26,10,184,63.0,4293.0
1324.5225575,3,10,29,10,336,63.0,2963.0
1324.7319575,6,2,7,2,97,60.0,615.352
1324.731966,4,2,1,0,2,49.0,9.829
1324.7319945,3,1,6,1,73,51.0,117.504
1325.465301,1,1,1,0,1,47.0,0.0
1325.4653145,6,1,2,0,1,45.0,0.0
1326.883637,1,12,24,8,184,62.0,2772.0
1326.980484,1,12,28,10,184,63.0,4222.0
1326.9804855,3,10,31,10,336,63.0,2956.0
1327.076327,1,15,25,8,187,62.0,2801.0
1327.172415,1,12,27,10,187,64.0,4190.0
1327.1724165,3,13,30,9,305,63.0,2891.0
1327.268196,1,12,26,8,184,62.0,2730.0
1327.363882,1,12,27,10,187,63.0,4161.0
1327.3638835,3,6,30,8,181,63.0,2795.0
1327.459712,1,12,25,8,184,62.0,2711.0
1327.555548,1,15,29,10,187,63.0,4205.0
1327.5555515,3,10,29,8,246,63.0,2876.0
1328.223578,1,1,1,0,1,49.0,0.0
1328.5257935,3,2,4,0,16,50.0,51.565
1328.525892,1,1,1,0,1,46.0,0.0
1329.3780485,3,1,1,0,1,45.0,0.0
1329.94074,1,12,24,8,184,62.0,2710.0
1330.036808,1,12,26,10,187,64.0,4133.0
1330.0368095,3,13,32,10,336,63.0,2945.0
1330.13368,1,12,25,7,150,62.0,2650.0
1330.229422,1,12,26,10,187,64.0,4145.0
1330.2294235,3,13,29,9,305,63.0,2911.0
1330.325221,1,12,25,7,150,62.0,2655.0
1330.420936,1,15,28,10,187,64.0,4199.0
1330.4209405,3,13,31,9,305,63.0,2898.0
1330.473159,1,1,1,0,1,45.0,0.0
1330.516816,1,12,25,7,150,62.0,2652.0
1330.612631,1,12,27,10,187,64.0,4143.0
1330.6126325,3,6,29,8,215,63.0,2828.0
1332.982909,1,12,25,7,150,62.0,2660.0
1333.078658,1,12,26,10,187,64.0,4158.0
1333.0786595,3,13,31,8,181,63.0,2826.0
1333.17452,1,12,23,8,184,62.0,2716.0
1333.270352,1,12,26,10,184,64.0,4150.0
1333.2703535,3,6,32,8,215,63.0,2843.0
1333.366426,1,12,23,8,184,62.0,2722.0
1333.4181865,3,1,2,0,24,47.0,20.702
1333.418208,2,1,4,0,1,53.0,0.0
1333.4182175,6,1,2,0,1,47.0,0.0
1333.462186,1,15,27,10,190,64.0,4212.0
1333.4621905,3,9,29,9,305,63.0,2912.0
1333.655905,1,12,26,10,184,64.0,4154.0
1333.6559065,3,6,31,8,215,63.0,2857.0
1335.276243,2,1,1,0,1,50.0,0.0
1335.276256,1,1,2,0,1,49.0,0.0
1336.061879,1,6,23,8,182,61.0,2718.0
1336.157725,1,11,26,10,187,63.0,4221.0
1336.1577285,3,10,29,9,306,63.0,2933.0
1336.253551,1,12,24,7,150,62.0,2674.0
1336.2535525,3,13,24,6,178,62.0,1822.0
1336.349671,1,12,26,9,182,63.0,4141.0
1336.3496725,3,10,33,9,252,63.0,2902.0
1336.445415,1,6,23,8,185,61.0,2726.0
1336.541155,1,15,27,10,187,63.0,4207.0
1336.5411585,3,10,29,9,306,63.0,2939.0
1336.637747,1,9,24,7,179,61.0,2711.0
1336.733766,1,11,27,10,187,63.0,4209.0
1336.7337695,3,10,31,8,246,63.0,2879.0
1339.143146,1,12,24,8,184,62.0,2716.0
1339.239673,1,12,26,10,184,64.0,4162.0
1339.2396745,3,13,27,9,305,63.0,2916.0
1339.335739,1,12,22,7,138,62.0,2647.0
1339.432625,1,15,27,10,187,64.0,4204.0
1339.4326295,3,13,28,8,227,63.0,2860.0
1339.528346,1,15,23,8,187,62.0,2761.0
1339.624119,1,15,29,10,187,64.0,4218.0
1339.6241235,3,9,31,9,305,63.0,2927.0
1339.719974,1,8,23,8,181,61.0,2737.0
1339.815816,1,12,26,9,182,63.0,4147.0
1339.8158175,3,10,28,9,306,63.0,2919.0
1340.0185495,6,1,1,0,1,45.0,0.0
1342.162099,1,12,23,7,147,62.0,2673.0
1342.258176,1,11,27,9,184,63.0,4205.0
1342.2581795,3,10,31,9,306,63.0,2950.0
1342.354732,1,12,23,7,147,62.0,2673.0
1342.3547335,3,13,23,6,181,62.0,1822.0
1342.450771,1,12,27,9,182,64.0,4130.0
1342.4507725,3,6,31,8,231,63.0,2872.0
1342.546515,1,9,23,7,179,61.0,2701.0
1342.642285,1,9,27,9,182,63.0,4141.0
1342.6422865,3,10,30,10,340,63.0,2974.0
1342.738113,1,8,22,7,141,62.0,2698.0
1342.834758,1,15,28,10,187,63.0,4218.0
1342.8347615,3,10,31,9,306,63.0,2940.0
1345.1206325,3,1,1,0,4,45.0,7.39
1345.271259,1,12,22,7,138,62.0,2663.0
1345.367,1,12,27,9,182,63.0,4129.0
1345.3670015,3,6,30,9,306,63.0,2936.0
1345.462766,1,12,22,7,145,62.0,2683.0
1345.558567,1,15,28,9,150,64.0,4147.0
1345.5585705,3,10,31,8,232,63.0,2881.0
1345.654414,1,12,22,7,135,62.0,2643.0
1345.7122995,3,1,1,0,1,45.0,0.0
1345.751053,1,15,29,9,150,64.0,4156.0
1345.7510565,3,10,31,10,337,63.0,3022.0
1345.847131,1,12,23,7,135,62.0,2655.0
1345.943144,1,15,28,9,150,64.0,4157.0
1345.9431485,3,9,30,8,231,63.0,2898.0
1348.409081,1,12,22,7,135,62.0,2657.0
1348.4090825,3,13,22,7,231,62.0,1897.0
1348.504827,1,12,26,9,166,64.0,4135.0
1348.5048285,3,13,30,8,228,63.0,2900.0
1348.601674,1,12,22,7,138,62.0,2669.0
1348.6016755,3,13,21,7,231,61.0,1892.0
1348.697759,1,12,28,9,179,63.0,4142.0
1348.6977605,3,10,31,9,306,63.0,2953.0
1348.793526,1,12,22,7,135,62.0,2656.0
1348.7935275,3,13,23,7,231,61.0,1898.0
1348.889233,1,12,27,9,166,64.0,4132.0
1348.8892345,3,13,31,10,333,63.0,2993.0
1348.985056,1,12,22,7,136,62.0,2663.0
1348.9850575,3,13,22,7,231,61.0,1902.0
1349.080893,1,11,27,9,150,63.0,4164.0
1349.0808965,3,10,31,9,306,63.0,2984.0
1349.7575795,3,1,1,0,1,45.0,0.0
1351.561032,1,12,22,7,125,62.0,2624.0
1351.5610335,3,13,24,7,228,61.0,1896.0
1351.657914,1,8,27,9,150,63.0,4154.0
1351.6579175,3,10,32,8,232,63.0,2934.0
1351.753641,1,12,22,7,128,62.0,2647.0
1351.7536425,3,13,23,6,212,62.0,1894.0
1351.849496,1,12,26,9,179,64.0,4137.0
1351.8494975,3,6,31,9,306,63.0,2970.0
1351.945282,1,12,22,7,139,62.0,2686.0
1351.9452835,3,7,22,6,179,61.0,1847.0
1352.041133,1,15,26,9,150,63.0,4104.0
1352.0411365,3,10,32,8,232,63.0,2929.0
1352.137199,1,6,22,7,139,61.0,2692.0
1352.1372005,3,10,21,7,232,61.0,1905.0
1352.232915,1,15,26,9,148,64.0,4167.0
1352.2329195,3,13,30,8,234,63.0,2913.0
1354.783725,1,12,21,7,128,62.0,2644.0
1354.7837265,3,13,22,5,152,61.0,1794.0
1354.880559,1,12,27,9,145,64.0,4103.0
1354.8805605,3,13,32,8,228,63.0,2912.0
1354.976402,1,8,21,7,141,61.0,2723.0
1354.9764055,3,10,24,7,232,61.0,1931.0
1355.0511095,3,1,1,0,1,46.0,0.0
1355.072275,1,12,27,9,179,64.0,4154.0
1355.0722765,3,13,33,9,306,63.0,3000.0
1355.168297,1,12,21,7,128,62.0,2645.0
1355.1682985,3,13,22,5,152,61.0,1785.0
1355.264039,1,12,27,9,166,64.0,4122.0
1355.2640405,3,13,31,9,299,63.0,2984.0
1355.359796,1,9,21,7,139,61.0,2693.0
1355.3597975,3,10,24,7,232,61.0,1910.0
1355.455639,1,12,26,9,139,64.0,4089.0
1355.4556405,3,13,31,10,337,63.0,3025.0
1357.933468,1,15,22,7,138,62.0,2719.0
1357.9334725,3,9,23,7,231,61.0,1924.0
1358.029479,1,15,27,9,148,64.0,4175.0
1358.0294835,3,9,32,9,302,63.0,3002.0
1358.125343,1,12,21,7,139,62.0,2682.0
1358.1253445,3,6,22,7,232,61.0,1911.0
1358.221379,1,12,26,9,166,64.0,4149.0
1358.2213805,3,13,32,9,231,63.0,2968.0
1358.317147,1,12,22,7,136,62.0,2670.0
1358.3171485,3,13,23,7,232,62.0,1929.0
1358.412907,1,15,27,9,148,64.0,4165.0
1358.4129115,3,9,31,9,252,63.0,2953.0
1358.508726,1,13,22,7,136,62.0,2685.0
1358.5087275,3,10,24,7,229,61.0,1914.0
1358.60456,1,15,27,9,148,64.0,4181.0
1358.6045635,3,10,31,9,303,63.0,3021.0
1359.2370525,6,2,25,8,226,65.0,2875.0
1359.23706,4,1,5,0,47,50.0,94.459
1359.2370685,3,21,27,10,256,61.0,3169.0
1361.034659,1,9,21,7,139,61.0,2695.0
1361.0346605,3,10,23,7,232,61.0,1924.0
1361.130493,1,15,26,9,148,64.0,4187.0
1361.1304965,3,10,30,8,232,63.0,2961.0
1361.226597,1,12,21,7,145,62.0,2696.0
1361.2265985,3,9,23,6,212,61.0,1893.0
1361.322354,1,15,26,9,148,64.0,4182.0
1361.3223585,3,13,31,10,337,63.0,3071.0
1361.418081,1,9,22,7,139,61.0,2707.0
1361.4180825,3,10,22,7,232,61.0,1924.0
1361.51388,1,9,26,9,139,63.0,4105.0
1361.5138815,3,10,30,9,235,63.0,2938.0
1361.609723,1,12,22,7,139,62.0,2700.0
1361.6097245,3,6,25,7,232,61.0,1932.0
1361.706379,1,12,26,9,139,64.0,4115.0
1361.7063805,3,6,29,10,337,63.0,3036.0
1362.7023945,3,2,8,1,33,61.0,545.128
1362.7024325,6,1,2,0,71,46.0,48.348
1363.784161,1,2,1,0,3,47.0,10.686
1364.115795,1,12,22,7,136,62.0,2690.0
1364.1157965,3,13,24,7,235,61.0,1937.0
1364.212675,1,11,26,9,148,63.0,4188.0
1364.2126785,3,10,32,9,303,63.0,3046.0
1364.308403,1,12,21,7,128,62.0,2659.0
1364.3084035,3,10,23,7,233,61.0,1964.0
1364.404283,1,15,26,9,148,63.0,4191.0
1364.4042865,3,10,31,9,303,63.0,3060.0
1364.500071,1,12,22,7,139,62.0,2706.0
1364.5000725,3,6,25,7,232,61.0,1935.0
1364.596195,1,12,26,9,139,64.0,4113.0
1364.5961965,3,13,31,9,299,63.0,3026.0
1364.691963,1,12,22,7,139,62.0,2706.0
1364.6919645,3,13,23,7,235,61.0,1965.0
1364.788805,1,12,26,9,139,64.0,4103.0
1364.7888065,3,6,30,9,299,63.0,3035.0
1364.980771,1,1,1,0,1,45.0,0.0
1365.8717965,3,1,1,0,1,45.0,0.0
1365.8723505,3,2,16,5,226,63.0,1289.0
1367.179012,1,12,23,7,139,62.0,2701.0
1367.1790135,3,13,24,7,232,62.0,1965.0
1367.274751,1,15,26,9,142,64.0,4176.0
1367.2747555,3,13,31,9,299,63.0,3057.0
1367.371624,1,12,23,7,136,62.0,2676.0
1367.3716255,3,6,24,8,303,61.0,2011.0
1367.467384,1,15,25,9,142,64.0,4184.0
1367.4673885,3,13,29,9,299,63.0,3075.0
1367.563141,1,12,22,7,139,62.0,2694.0
1367.5631425,3,13,23,7,232,61.0,1939.0
1367.658994,1,15,26,9,142,64.0,4174.0
1367.6589985,3,13,31,10,341,63.0,3117.0
1367.754835,1,9,22,7,146,61.0,2716.0
1367.7548365,3,10,24,6,201,61.0,1897.0
1367.8509,1,15,26,9,142,64.0,4179.0
1367.8509035,3,10,30,9,300,63.0,3083.0
1370.31996,1,12,22,7,139,62.0,2693.0
1370.3199615,3,13,24,7,232,61.0,1956.0
1370.416818,1,11,26,9,142,63.0,4177.0
1370.4168215,3,10,30,10,307,63.0,3124.0
1370.4168325,6,33,32,7,216,59.0,1695.0
1370.512592,1,9,22,7,129,61.0,2677.0
1370.5125935,3,10,24,7,233,61.0,1969.0
1370.608305,1,15,25,9,142,64.0,4155.0
1370.6083085,3,10,32,9,300,63.0,3063.0
1370.704131,1,12,23,7,136,62.0,2682.0
1370.7041325,3,6,25,8,303,61.0,2044.0
1370.799938,1,12,26,9,143,64.0,4117.0
1370.7999395,3,13,31,10,306,63.0,3131.0
1370.895781,1,12,23,7,139,62.0,2682.0
1370.8957825,3,13,24,8,295,62.0,2016.0
1370.991864,1,15,25,9,142,64.0,4187.0
1370.9918685,3,13,30,9,299,63.0,3091.0
1373.49741,1,12,23,7,139,62.0,2698.0
1373.4974115,3,13,25,8,303,61.0,2034.0
1373.553357,5,2,7,2,38,66.0,1482.0
1373.593426,1,15,26,9,146,64.0,4184.0
1373.5934295,3,14,29,10,339,63.0,3169.0
1373.689557,1,9,22,7,129,61.0,2673.0
1373.6895585,3,10,25,8,296,61.0,2017.0
1373.7149495,6,1,1,0,1,45.0,0.0
1373.785295,1,12,27,9,146,64.0,4120.0
1373.7852965,3,6,31,10,303,63.0,3110.0
1373.881041,1,8,22,7,139,62.0,2732.0
1373.8810445,3,10,25,7,296,61.0,2027.0
1373.976834,1,12,26,9,146,64.0,4124.0
1373.9768355,3,6,32,10,299,63.0,3131.0
1374.073465,1,15,23,7,142,62.0,2738.0
1374.0734715,3,7,25,7,297,61.0,1985.0
1374.16951,1,12,27,9,146,64.0,4130.0
1374.1695115,3,6,32,10,303,63.0,3115.0
1376.046143,2,1,1,0,1,52.0,0.0
1376.0461445,3,1,1,0,1,45.0,0.0
1376.0461555,6,1,2,0,1,45.0,0.0
1376.581417,1,12,24,7,129,62.0,2670.0
1376.5814185,3,7,25,8,296,61.0,2044.0
1376.677482,1,12,27,9,146,64.0,4118.0
1376.6774835,3,13,33,10,303,63.0,3159.0
1376.6774975,6,26,32,7,189,58.0,1676.0
1376.724035,1,1,1,0,1,45.0,0.0
1376.77332,1,12,24,6,126,62.0,2662.0
1376.7733215,3,6,26,8,296,61.0,2031.0
1376.869355,1,15,27,9,159,64.0,4213.0
1376.8693585,3,10,32,10,339,63.0,3184.0
1376.8693695,6,33,34,8,216,59.0,1769.0
1376.965102,1,12,23,7,136,62.0,2681.0
1376.9651035,3,13,26,8,303,62.0,2066.0
1376.9786765,3,1,1,0,1,45.0,0.0
1377.060847,1,12,27,10,244,64.0,4229.0
1377.0608485,3,13,32,10,338,63.0,3197.0
1377.0608625,6,1,33,7,212,58.0,1751.0
1377.156724,1,12,23,6,116,62.0,2615.0
1377.1567255,3,13,25,8,303,62.0,2058.0
1377.253344,1,12,28,9,149,64.0,4120.0
1377.2533455,3,13,31,10,303,63.0,3151.0
1377.2533595,6,26,32,8,306,58.0,1817.0
1377.7047225,3,1,1,0,1,46.0,0.0
1379.641637,1,12,24,7,146,62.0,2681.0
1379.6416385,3,13,25,8,296,62.0,2051.0
1379.737734,1,15,27,10,247,64.0,4266.0
1379.7377385,3,13,30,10,303,63.0,3171.0
1379.7377485,6,33,33,7,193,58.0,1732.0
1379.833455,1,15,23,7,139,62.0,2695.0
1379.8334585,3,10,27,7,233,61.0,2013.0
1379.929228,1,15,27,9,159,64.0,4205.0
1379.9292315,3,10,31,10,339,63.0,3234.0
1379.9292425,6,33,32,8,216,59.0,1811.0
1380.0222085,6,1,1,0,1,45.0,0.0
1380.025083,1,15,24,7,139,62.0,2696.0
1380.0250865,3,10,26,8,293,61.0,2050.0
1380.090486,1,1,1,0,1,45.0,0.0
1380.120929,1,15,27,9,159,64.0,4172.0
1380.1209325,3,14,33,10,304,63.0,3181.0
1380.1209435,6,33,33,8,216,59.0,1796.0
1380.217017,1,12,24,7,153,62.0,2682.0
1380.2170185,3,13,26,8,296,62.0,2072.0
1380.312735,1,12,27,9,153,64.0,4099.0
1380.3127365,3,13,32,10,342,63.0,3205.0
1380.3127435,6,33,32,8,217,58.0,1799.0
1382.770671,1,12,25,7,153,62.0,2687.0
1382.7706725,3,6,25,8,296,61.0,2065.0
1382.867523,1,11,28,9,159,63.0,4182.0
1382.8675265,3,10,34,10,339,63.0,3204.0
1382.8675375,6,33,33,8,216,59.0,1829.0
1382.963347,1,12,24,7,153,62.0,2681.0
1382.9633485,3,13,27,8,296,61.0,2061.0
1383.059495,1,15,28,9,159,64.0,4169.0
1383.0594985,3,10,32,10,304,63.0,3184.0
1383.0595095,6,33,33,7,196,59.0,1766.0
1383.155188,1,12,25,7,153,62.0,2685.0
1383.1551895,3,13,28,8,303,62.0,2071.0
1383.250927,1,11,29,9,159,63.0,4174.0
1383.2509305,3,10,33,10,304,63.0,3183.0
1383.2509415,6,33,31,8,216,59.0,1832.0
1383.346753,1,9,24,7,157,61.0,2688.0
1383.3467545,3,10,26,8,296,61.0,2065.0
1383.442564,1,15,29,9,159,64.0,4188.0
1383.4425685,3,13,30,10,303,63.0,3184.0
1383.4425785,6,33,32,8,217,58.0,1836.0
1384.8838555,6,1,1,0,1,45.0,0.0
1385.162616,1,1,1,0,1,46.0,0.0
1385.445735,1,2,1,0,3,46.0,9.266
1385.901558,1,12,26,7,150,62.0,2680.0
1385.9015595,3,6,28,8,300,61.0,2083.0
1385.997658,1,12,28,9,156,64.0,4090.0
1385.9976595,3,13,32,10,300,63.0,3176.0
1385.9976735,6,26,33,8,219,59.0,1851.0
1386.093379,1,12,24,7,153,62.0,2686.0
1386.0933805,3,6,27,8,300,61.0,2072.0
1386.0955885,6,2,1,0,2,45.0,3.324
1386.189152,1,12,28,9,153,64.0,4114.0
1386.1891535,3,6,33,10,339,63.0,3227.0
1386.1891675,6,27,33,8,219,59.0,1859.0
1386.285007,1,12,26,7,153,62.0,2679.0
1386.2850085,3,13,27,8,293,62.0,2045.0
1386.3027105,3,1,1,0,1,47.0,0.0
1386.380844,1,15,27,9,162,64.0,4168.0
1386.3808475,3,10,32,10,301,63.0,3206.0
1386.3808585,6,33,32,8,220,59.0,1873.0
1386.476942,1,12,24,7,156,62.0,2688.0
1386.4769435,3,13,27,8,296,61.0,2077.0
1386.57378,1,15,28,9,159,64.0,4173.0
1386.5737845,3,13,35,10,300,63.0,3188.0
1386.5737945,6,30,32,8,220,58.0,1874.0
1386.6032905,3,1,5,0,43,48.0,66.216
1388.955696,1,12,24,7,153,62.0,2583.0
1388.9556975,3,13,28,7,233,62.0,2036.0
1389.052568,1,15,25,9,159,64.0,4011.0
1389.0525715,3,10,33,10,297,63.0,3201.0
1389.0525825,6,33,31,8,217,59.0,1885.0
1389.148392,1,12,24,7,153,62.0,2575.0
1389.1483935,3,13,26,8,300,61.0,2090.0
1389.244463,1,12,25,9,156,64.0,3954.0
1389.2444645,3,13,34,10,339,63.0,3233.0
1389.2444785,6,26,33,8,219,58.0,1889.0
1389.340208,1,12,24,7,153,62.0,2578.0
1389.3402095,3,13,27,8,296,62.0,2078.0
1389.435946,1,9,25,9,160,63.0,3968.0
1389.4359475,3,10,32,10,340,63.0,3249.0
1389.4359585,6,33,33,8,216,59.0,1890.0
1389.531798,1,10,22,7,157,62.0,2597.0
1389.5317995,3,10,27,8,297,61.0,2084.0
1389.5318105,6,33,28,5,170,58.0,1133.0
1389.627615,1,11,25,9,162,63.0,4040.0
1389.6276185,3,10,33,10,297,64.0,3201.0
1389.6276295,6,33,31,8,216,59.0,1881.0
1392.067787,1,12,25,7,157,62.0,2600.0
1392.0677885,3,6,28,8,297,61.0,2086.0
1392.0677995,6,33,29,5,170,58.0,1145.0
1392.164628,1,12,25,9,157,64.0,3962.0
1392.1646295,3,13,34,10,300,63.0,3230.0
1392.1646365,6,33,32,8,232,59.0,1944.0
1392.260381,1,9,23,7,157,62.0,2604.0
1392.2603825,3,10,27,8,297,61.0,2096.0
1392.2603935,6,33,27,6,220,58.0,1250.0
1392.356227,1,9,25,9,160,63.0,3970.0
1392.3562285,3,10,34,10,297,63.0,3186.0
1392.3562395,6,33,31,8,220,60.0,1927.0
1392.452094,1,12,25,7,153,62.0,2590.0
1392.4520955,3,13,26,7,205,61.0,2003.0
1392.548164,1,12,25,9,160,64.0,3981.0
1392.5481655,3,10,33,10,300,63.0,3215.0
1392.5481765,6,33,31,7,185,59.0,1796.0
1392.643913,1,12,24,7,156,62.0,2592.0
1392.6439145,3,13,26,7,233,62.0,2030.0
1392.739648,1,15,26,9,159,64.0,4008.0
1392.7396525,3,13,33,10,300,63.0,3213.0
1392.7396625,6,30,32,8,229,59.0,1951.0
1395.261648,1,12,24,7,160,62.0,2604.0
1395.2616495,3,6,26,7,219,61.0,2034.0
1395.2616605,6,33,27,5,167,58.0,1154.0
1395.358513,1,12,26,9,160,64.0,3986.0
1395.3585145,3,6,34,10,297,63.0,3200.0
1395.3585255,6,33,32,8,220,59.0,1951.0
1395.454258,1,12,25,7,157,62.0,2607.0
1395.4542595,3,13,28,7,219,61.0,2032.0
1395.4542835,6,1,26,5,157,58.0,1125.0
1395.550085,1,12,26,9,174,63.0,3996.0
1395.5500865,3,10,34,10,340,63.0,3234.0
1395.5500975,6,33,33,8,223,59.0,1958.0
1395.645984,1,9,24,7,157,62.0,2605.0
1395.6459855,3,10,26,7,199,61.0,1997.0
1395.6459965,6,33,26,6,220,58.0,1273.0
1395.742067,1,15,26,9,160,64.0,4055.0
1395.7420715,3,13,33,10,293,63.0,3186.0
1395.7420785,6,33,31,8,226,59.0,1973.0
1395.838596,1,12,24,7,160,62.0,2616.0
1395.8385975,3,6,26,8,297,61.0,2096.0
1395.8386085,6,33,28,6,214,58.0,1254.0
1395.93466,1,11,25,9,176,63.0,4070.0
1395.9346635,3,10,34,10,340,63.0,3243.0
1395.9346745,6,33,32,8,223,60.0,1961.0
1396.736094,2,1,1,0,1,50.0,0.0
1397.279101,1,1,1,0,1,45.0,0.0
1397.994619,1,1,1,0,1,45.0,0.0
1398.446522,1,6,24,7,157,62.0,2615.0
1398.4465235,3,10,26,7,199,61.0,1998.0
1398.4465345,6,33,26,6,223,58.0,1284.0
1398.543383,1,15,26,9,176,64.0,4096.0
1398.5433865,3,10,34,10,294,63.0,3194.0
1398.5433975,6,33,31,8,226,59.0,1971.0
1398.639128,1,12,24,7,176,62.0,2679.0
1398.6391315,3,10,26,7,199,61.0,1994.0
1398.6391425,6,33,26,6,223,58.0,1281.0
1398.734955,1,15,26,9,160,64.0,4050.0
1398.7349595,3,13,32,10,340,63.0,3232.0
1398.7349695,6,30,30,8,223,59.0,1967.0
1398.830797,1,8,24,7,159,62.0,2648.0
1398.8308005,3,10,28,7,206,61.0,2027.0
1398.8308115,6,33,27,6,220,58.0,1281.0
1398.926942,1,9,26,9,174,63.0,4025.0
1398.9269435,3,10,34,10,294,63.0,3200.0
1398.9269545,6,33,32,8,229,60.0,1987.0
1399.022664,1,8,24,7,159,62.0,2635.0
1399.0226675,3,10,27,7,206,61.0,2030.0
1399.0226785,6,33,26,6,220,58.0,1271.0
1399.119208,1,12,26,9,177,63.0,4038.0
1399.1192095,3,10,33,10,340,63.0,3227.0
1399.1192205,6,33,31,8,226,60.0,1981.0
1401.615326,1,12,25,7,160,62.0,2623.0
1401.6153275,3,13,27,7,202,62.0,2011.0
1401.6153415,6,10,26,5,164,58.0,1166.0
1401.712184,1,12,26,9,174,64.0,4027.0
1401.7121855,3,13,33,9,237,63.0,3141.0
1401.7121995,6,30,31,8,226,60.0,1981.0
1401.712206,5,12,18,5,173,60.0,1196.0
1401.808232,1,12,25,7,160,62.0,2630.0
1401.8082335,3,13,27,7,202,62.0,2017.0
1401.8082475,6,1,25,6,217,58.0,1276.0
1401.903975,1,12,26,9,177,64.0,4024.0
1401.9039765,3,13,31,9,237,63.0,3169.0
1401.903986,5,23,20,5,184,60.0,1252.0
1401.9039905,6,10,29,8,220,60.0,1970.0
1401.99972,1,12,24,7,174,62.0,2652.0
1401.9997215,3,6,27,7,199,61.0,1997.0
1401.9997325,6,33,25,6,220,58.0,1281.0
1402.095547,1,12,26,9,177,64.0,4042.0
1402.0955485,3,6,31,9,234,63.0,3120.0
1402.095558,5,23,21,5,179,60.0,1219.0
1402.0955595,6,33,30,8,229,60.0,2001.0
1402.191411,1,9,25,7,157,61.0,2628.0
1402.1914125,3,10,26,7,206,61.0,2022.0
1402.1914235,6,33,24,6,223,58.0,1284.0
1402.288319,1,12,26,9,177,64.0,4047.0
1402.2883205,3,6,31,9,234,63.0,3141.0
1402.2883315,6,33,30,8,229,60.0,1991.0
1402.288341,5,12,18,4,168,60.0,1189.0
1403.0412455,6,1,1,0,1,45.0,0.0
1403.0772295,6,1,1,0,1,45.0,0.0
1404.785292,1,12,25,7,160,62.0,2640.0
1404.7852935,3,13,26,7,219,61.0,2040.0
1404.7853075,6,1,23,6,217,58.0,1272.0
1404.882182,1,12,27,9,177,64.0,4066.0
1404.8821835,3,6,31,9,203,63.0,3088.0
1404.882193,5,23,22,5,191,60.0,1267.0
1404.8821945,6,33,30,8,226,60.0,1990.0
1404.977899,1,15,26,7,160,62.0,2666.0
1404.9779025,3,10,27,7,206,61.0,2027.0
1404.9779135,6,33,24,5,171,58.0,1203.0
1405.073757,1,12,28,9,177,63.0,4071.0
1405.0737585,3,10,31,9,220,63.0,3116.0
1405.073768,5,23,22,5,194,60.0,1272.0
1405.0737695,6,33,30,8,223,60.0,1986.0
1405.169651,1,9,25,7,174,61.0,2658.0
1405.1696525,3,10,25,7,203,61.0,2014.0
1405.1696635,6,33,26,6,220,58.0,1288.0
1405.265691,1,12,27,9,177,64.0,4065.0
1405.2656925,3,6,31,9,220,63.0,3104.0
1405.265702,5,23,20,5,191,60.0,1267.0
1405.2657035,6,33,30,8,223,60.0,2002.0
1405.361457,1,10,25,7,158,62.0,2630.0
1405.3614585,3,10,27,7,203,61.0,2017.0
1405.3614695,6,33,23,5,171,58.0,1199.0
1405.457173,1,15,29,9,177,64.0,4128.0
1405.4571765,3,10,31,10,341,63.0,3229.0
1405.4571875,6,30,29,8,224,59.0,1997.0
1406.1282095,6,1,1,0,1,45.0,0.0
1407.940954,1,12,25,7,174,62.0,2669.0
1407.9409555,3,6,27,7,203,61.0,2031.0
1407.9409695,6,30,23,6,217,58.0,1280.0
1408.037199,1,15,28,9,180,64.0,4151.0
1408.0372025,3,10,31,9,220,63.0,3122.0
1408.0372135,6,30,29,8,224,60.0,2005.0
1408.134045,1,15,26,7,163,62.0,2677.0
1408.1340485,3,10,27,7,203,61.0,2002.0
1408.1340595,6,30,22,6,221,58.0,1298.0
1408.229788,1,15,28,9,177,64.0,4132.0
1408.2297915,3,10,30,9,220,63.0,3111.0
1408.2298025,6,33,28,8,224,60.0,1997.0
1408.325533,1,8,26,7,163,62.0,2688.0
1408.3255365,3,10,28,7,203,61.0,2014.0
1408.3255475,6,33,23,5,168,58.0,1195.0
1408.421383,1,12,28,9,174,63.0,4081.0
1408.4213845,3,10,31,10,341,63.0,3188.0
1408.421394,5,23,22,5,191,60.0,1290.0
1408.4213955,6,33,28,8,223,60.0,2011.0
1408.517204,1,9,25,7,158,61.0,2633.0
1408.5172055,3,10,25,7,203,61.0,2005.0
1408.5172165,6,33,24,5,168,58.0,1201.0
1408.613325,1,15,29,10,183,64.0,4153.0
1408.6133285,3,10,30,9,220,63.0,3118.0
1408.6133395,6,33,28,8,227,60.0,2004.0
1411.01029,1,12,26,7,177,62.0,2681.0
1411.0102905,3,10,27,7,203,61.0,1998.0
1411.0103015,6,30,22,6,224,58.0,1309.0
1411.106035,1,11,28,9,176,63.0,4140.0
1411.1060385,3,10,30,9,220,63.0,3075.0
1411.1060495,6,33,28,8,224,60.0,2013.0
1411.202905,1,12,26,7,177,62.0,2680.0
1411.2029065,3,13,26,7,199,62.0,1959.0
1411.2029205,6,1,22,6,217,58.0,1280.0
1411.298726,1,15,30,10,183,64.0,4164.0
1411.2987295,3,10,30,9,220,63.0,3110.0
1411.2987405,6,30,29,8,230,60.0,2014.0
1411.394577,1,12,25,7,174,62.0,2672.0
1411.3945785,3,13,25,7,203,61.0,1996.0
1411.3945925,6,30,23,6,217,59.0,1282.0
1411.490693,1,12,29,9,177,64.0,4090.0
1411.4906945,3,13,31,9,206,63.0,3092.0
1411.4907085,6,30,27,8,220,60.0,1979.0
1411.490715,5,12,20,5,183,60.0,1285.0
1411.586464,1,12,26,7,174,62.0,2674.0
1411.5864655,3,6,25,7,220,61.0,2029.0
1411.5864765,6,33,23,5,168,59.0,1213.0
1411.682179,1,12,29,9,174,63.0,4094.0
1411.6821805,3,6,30,9,220,63.0,3071.0
1411.6821915,6,33,26,7,217,60.0,1963.0
1414.066068,1,12,27,7,158,62.0,2649.0
1414.0660695,3,6,25,7,203,61.0,1998.0
1414.0660805,6,33,22,5,168,59.0,1207.0
1414.162135,1,9,28,9,175,63.0,4106.0
1414.1621365,3,10,28,9,220,63.0,3087.0
1414.1621475,6,33,27,8,227,60.0,2006.0
1414.25824,1,9,26,7,158,62.0,2649.0
1414.2582415,3,10,26,7,203,62.0,1992.0
1414.2582525,6,33,22,5,175,59.0,1233.0
1414.353982,1,12,29,9,177,64.0,4112.0
1414.3539835,3,13,30,9,220,63.0,3092.0
1414.353995,5,21,22,5,183,60.0,1302.0
1414.3539975,6,30,27,8,220,60.0,1976.0
1414.449726,1,12,27,8,177,62.0,2698.0
1414.4497275,3,13,26,7,199,61.0,1978.0
1414.4497415,6,1,22,6,220,58.0,1295.0
1414.5455,1,15,30,10,180,64.0,4172.0
1414.5455045,3,13,29,9,220,63.0,3076.0
1414.5455115,6,1,27,8,227,60.0,2022.0
1414.545528,5,9,19,5,171,60.0,1246.0
1414.641376,1,9,26,7,158,61.0,2644.0
1414.6413775,3,10,25,7,203,62.0,1998.0
1414.6413885,6,33,22,5,175,59.0,1235.0
1414.737188,1,15,30,10,180,64.0,4183.0
1414.7371915,3,10,30,9,220,63.0,3096.0
1414.7372025,6,37,27,8,224,60.0,2006.0
1416.2113035,3,2,1,0,2,45.0,3.55
1417.124166,1,12,26,7,174,62.0,2691.0
1417.1241675,3,6,26,7,203,61.0,1971.0
1417.1241815,6,30,21,6,214,59.0,1280.0
1417.220194,1,15,31,10,183,64.0,4194.0
1417.2201985,3,9,30,8,203,63.0,3029.0
1417.2202085,6,37,27,7,224,60.0,1997.0
1417.316042,1,9,28,7,158,62.0,2651.0
1417.3160435,3,10,26,7,203,61.0,1974.0
1417.3160545,6,33,22,6,227,59.0,1319.0
1417.412158,1,12,30,9,177,64.0,4111.0
1417.4121595,3,13,30,9,206,63.0,3042.0
1417.4121735,6,30,26,7,220,60.0,1988.0
1417.41218,5,12,22,5,180,60.0,1319.0
1417.507878,1,15,28,8,180,62.0,2731.0
1417.5078825,3,9,26,7,199,61.0,1971.0
1417.5078925,6,30,24,6,224,58.0,1304.0
1417.604428,1,12,29,9,178,64.0,4133.0
1417.6044295,3,6,29,9,220,63.0,3059.0
1417.604439,5,23,24,5,188,60.0,1350.0
1417.6044405,6,33,26,8,227,61.0,2009.0
1417.700492,1,12,26,7,174,62.0,2688.0
1417.7004935,3,13,25,7,203,62.0,1991.0
1417.7005045,6,33,23,6,217,59.0,1286.0
1417.796285,1,12,30,10,225,64.0,4184.0
1417.7962865,3,6,29,9,220,63.0,3054.0
1417.796296,5,23,23,5,191,60.0,1373.0
1417.7962975,6,33,26,8,227,61.0,2011.0
1419.7320575,3,1,1,0,1,45.0,0.0
1420.15165,2,2,1,0,2,50.0,16.406
1420.168275,1,12,26,7,158,62.0,2645.0
1420.1682765,3,13,25,7,203,61.0,1972.0
1420.1682905,6,30,21,5,172,59.0,1223.0
1420.2643,1,12,30,10,225,64.0,4188.0
1420.2643015,3,6,28,9,220,63.0,3042.0
1420.264311,5,23,24,5,191,60.0,1381.0
1420.2643125,6,33,25,8,227,61.0,2017.0
1420.360143,1,12,27,7,175,62.0,2694.0
1420.3601445,3,6,26,7,200,61.0,1953.0
1420.3601555,6,33,22,6,224,59.0,1303.0
1420.456212,1,15,32,10,180,64.0,4173.0
1420.4562155,3,10,31,8,204,63.0,3005.0
1420.4562265,6,37,27,7,224,60.0,1998.0
1420.484654,1,1,1,0,1,45.0,0.0
1420.551976,1,12,27,7,174,62.0,2696.0
1420.5519775,3,13,25,7,203,62.0,1972.0
1420.5519915,6,30,21,6,214,59.0,1273.0
1420.647694,1,12,31,10,225,64.0,4189.0
1420.6476955,3,6,30,9,220,63.0,3029.0
1420.647705,5,23,23,6,191,60.0,1387.0
1420.6477095,6,30,24,7,224,61.0,2000.0
1420.744312,1,15,28,8,180,62.0,2752.0
1420.7443155,3,10,25,6,194,61.0,1924.0
1420.7443265,6,37,23,6,221,58.0,1305.0
1420.840364,1,12,31,10,225,64.0,4193.0
1420.8403655,3,10,30,9,220,63.0,3032.0
1420.840375,5,26,24,5,191,60.0,1385.0
1420.8403765,6,33,25,8,224,61.0,2015.0
1422.349419,1,2,7,1,55,62.0,369.019
1423.221533,1,9,28,7,178,61.0,2712.0
1423.2215345,3,10,25,7,200,61.0,1942.0
1423.2215455,6,33,22,6,224,59.0,1305.0
1423.317408,1,12,33,9,181,64.0,4160.0
1423.3174095,3,6,30,8,203,64.0,3000.0
1423.317419,5,23,25,5,180,60.0,1356.0
1423.3174205,6,33,25,7,224,61.0,2002.0
1423.414225,1,8,29,8,180,62.0,2748.0
1423.4142285,3,10,26,7,200,61.0,1949.0
1423.4142395,6,30,23,6,221,58.0,1309.0
1423.510064,1,8,32,10,183,63.0,4204.0
1423.5100675,3,10,29,8,197,63.0,2949.0
1423.5100785,6,33,27,7,224,60.0,2013.0
1423.51008,5,14,26,5,183,60.0,1368.0
1423.606164,1,12,28,7,178,62.0,2712.0
1423.6061655,3,6,25,7,200,61.0,1933.0
1423.6061765,6,33,23,6,224,59.0,1316.0
1423.70198,1,15,32,10,231,64.0,4270.0
1423.7019835,3,10,30,8,204,63.0,2975.0
1423.7019945,6,37,27,7,224,60.0,2018.0
1423.797651,1,12,28,8,222,62.0,2741.0
1423.7976525,3,13,24,7,200,62.0,1955.0
1423.7976665,6,30,22,6,218,59.0,1293.0
1423.89345,1,12,34,10,225,64.0,4210.0
1423.8934515,3,6,29,9,220,63.0,2999.0
1423.8934625,6,33,25,7,224,61.0,2020.0
1423.893472,5,15,23,5,180,60.0,1380.0
1426.249484,1,12,27,7,178,62.0,2713.0
1426.2494855,3,13,24,6,200,61.0,1921.0
1426.2494965,6,33,22,6,224,59.0,1324.0
1426.345371,5,204,29,7,376,60.0,1577.0
1426.345545,1,8,33,10,231,64.0,4267.0
1426.3455485,3,10,29,8,204,63.0,2943.0
1426.3455595,6,30,26,7,228,60.0,1988.0
1426.44135,1,12,28,7,178,62.0,2723.0
1426.4413515,3,13,23,6,200,61.0,1923.0
1426.4413655,6,30,22,6,221,59.0,1301.0
1426.537209,1,9,33,10,229,63.0,4223.0
1426.5372105,3,10,29,8,200,63.0,2952.0
1426.53722,5,26,26,5,189,60.0,1413.0
1426.5372215,6,33,27,7,224,61.0,2021.0
1426.633051,1,9,30,8,229,62.0,2766.0
1426.6330525,3,10,25,6,197,61.0,1885.0
1426.6330635,6,30,22,6,221,59.0,1307.0
1426.729084,1,12,33,10,225,64.0,4215.0
1426.7290855,3,6,28,8,220,63.0,2962.0
1426.7290965,6,33,25,7,224,61.0,2029.0
1426.729109,5,9,24,5,177,60.0,1361.0
1426.824828,1,9,29,7,178,62.0,2713.0
1426.8248295,3,6,24,6,197,61.0,1913.0
1426.8248405,6,33,24,6,224,59.0,1323.0
1426.921388,1,12,33,10,228,64.0,4223.0
1426.9213895,3,6,28,8,220,63.0,2954.0
1426.921401,5,21,23,6,195,60.0,1432.0
1426.9214035,6,30,24,7,221,61.0,2016.0
1427.646541,1,2,3,0,3,61.0,239.723
1428.1549355,3,3,29,11,297,63.0,3612.0
1428.154939,5,9,27,10,210,67.0,4820.0
1428.154942,2,7,26,14,197,67.0,8481.0
1428.1549435,6,27,35,14,293,67.0,6366.0
1428.154945,1,10,33,12,283,68.0,5616.0
1428.154979,4,2,4,1,70,54.0,211.217
1428.299685,5,6,12,3,64,63.0,1582.0
1429.316646,1,9,29,8,226,62.0,2767.0
1429.3166475,3,6,23,6,194,62.0,1889.0
1429.3166585,6,33,23,6,221,59.0,1320.0
1429.412732,1,12,34,10,228,64.0,4228.0
1429.4127335,3,13,28,8,220,63.0,2931.0
1429.4127475,6,30,24,7,221,61.0,2028.0
1429.412754,5,12,25,5,175,60.0,1391.0
1429.508456,1,9,30,8,229,61.0,2778.0
1429.5084575,3,10,24,6,201,61.0,1914.0
1429.5084685,6,30,23,6,228,59.0,1338.0
1429.604256,1,12,33,10,228,64.0,4236.0
1429.6042575,3,13,29,8,220,63.0,2930.0
1429.604269,5,21,25,6,189,60.0,1452.0
1429.6042715,6,30,25,7,221,61.0,2021.0
1429.700098,1,12,28,8,225,62.0,2756.0
1429.7000995,3,9,25,6,200,61.0,1909.0
1429.7001095,6,1,23,6,225,59.0,1349.0
1429.795951,1,12,33,10,229,64.0,4232.0
1429.7959525,3,6,28,8,220,63.0,2925.0
1429.7959635,6,33,25,7,224,61.0,2042.0
1429.795973,5,15,26,5,175,60.0,1409.0
1429.892015,1,12,29,7,178,62.0,2715.0
1429.8920165,3,13,24,6,194,61.0,1878.0
1429.8920305,6,30,22,6,218,60.0,1315.0
1429.98854,1,9,34,10,232,63.0,4252.0
1429.9885415,3,10,28,8,204,63.0,2909.0
1429.9885525,6,33,25,8,228,61.0,2049.0
1429.988554,5,14,27,6,189,60.0,1447.0
1430.7710605,3,1,1,0,1,45.0,0.0
1430.83484,5,3,7,1,18,66.0,2001.0
1431.517026,1,2,6,0,22,61.0,398.655
1431.5329465,3,1,1,0,1,45.0,0.0
1431.9028285,3,1,1,0,1,45.0,0.0
1432.42381,1,12,29,7,178,62.0,2690.0
1432.4238115,3,13,23,6,194,62.0,1851.0
1432.4238255,6,30,23,6,218,60.0,1321.0
1432.519564,1,12,33,10,232,64.0,4218.0
1432.5195655,3,6,27,8,237,63.0,2897.0
1432.519575,5,26,28,6,192,60.0,1506.0
1432.5195765,6,33,26,8,228,61.0,2058.0
1432.615652,1,12,29,8,229,62.0,2781.0
1432.6156535,3,6,23,6,194,61.0,1857.0
1432.6156645,6,33,23,6,221,60.0,1332.0
1432.711352,1,12,32,10,229,64.0,4228.0
1432.7113535,3,13,28,8,220,63.0,2900.0
1432.7113675,6,30,25,7,225,61.0,2053.0
1432.711374,5,15,27,6,178,60.0,1449.0
1432.80712,1,12,29,7,178,62.0,2697.0
1432.8071215,3,13,23,6,194,62.0,1859.0
1432.8071355,6,30,22,6,218,60.0,1324.0
1432.902945,1,15,34,11,231,64.0,4291.0
1432.9029485,3,10,30,8,201,63.0,2888.0
1432.9029595,6,1,26,7,225,61.0,2068.0
1432.902961,5,21,26,6,189,60.0,1480.0
1432.999599,1,12,28,7,158,62.0,2646.0
1432.9995995,3,14,22,6,195,61.0,1862.0
1432.9996145,6,30,24,6,221,60.0,1333.0
1433.095666,1,8,33,10,234,64.0,4289.0
1433.0956695,3,10,29,8,201,63.0,2881.0
1433.0956805,6,37,26,7,225,61.0,2073.0
1434.685962,1,2,5,1,39,58.0,239.281
1435.522844,1,15,29,7,161,62.0,2685.0
1435.5228475,3,10,23,6,195,61.0,1844.0
1435.5228585,6,1,24,6,222,60.0,1353.0
1435.618565,1,12,32,10,232,64.0,4232.0
1435.6185665,3,13,27,8,237,63.0,2901.0
1435.618576,5,26,27,6,189,60.0,1514.0
1435.6185805,6,30,26,7,225,62.0,2077.0
1435.714426,1,12,30,8,232,62.0,2785.0
1435.7144275,3,6,22,6,188,62.0,1844.0
1435.7144385,6,33,22,6,225,59.0,1362.0
1435.81026,1,15,33,11,232,64.0,4295.0
1435.8102635,3,14,26,8,238,63.0,2927.0
1435.8102745,6,34,27,8,229,61.0,2109.0
1435.810276,5,21,26,6,201,60.0,1525.0
1435.906363,1,12,30,8,229,62.0,2769.0
1435.9063645,3,6,22,6,191,61.0,1834.0
1435.9063755,6,33,23,6,225,60.0,1370.0
1436.002123,1,12,32,10,232,64.0,4217.0
1436.0021245,3,6,28,8,220,63.0,2859.0
1436.002134,5,26,29,6,192,60.0,1523.0
1436.0021385,6,30,25,7,222,62.0,2077.0
1436.097845,1,15,29,7,161,62.0,2677.0
1436.0978485,3,10,22,7,238,61.0,1898.0
1436.0978595,6,34,24,6,222,60.0,1355.0
1436.194447,1,11,33,10,231,63.0,4275.0
1436.1944505,3,10,28,8,201,63.0,2846.0
1436.19446,5,1,28,6,192,60.0,1533.0
1436.1944615,6,37,26,7,225,61.0,2094.0
1436.478862,5,3,2,0,16,61.0,522.178
1436.879277,1,1,1,0,1,45.0,0.0
1437.4671845,3,1,1,0,1,45.0,0.0
1437.467192,1,1,1,0,1,45.0,0.0
1438.679655,1,12,30,8,229,62.0,2742.0
1438.6796565,3,6,22,6,195,61.0,1844.0
1438.6796675,6,30,23,6,225,59.0,1395.0
1438.776486,1,15,32,11,238,64.0,4237.0
1438.7764895,3,10,27,8,241,63.0,2885.0
1438.7765005,6,34,27,8,229,62.0,2148.0
1438.776502,5,21,27,6,178,60.0,1499.0
1438.872355,1,6,30,7,159,62.0,2641.0
1438.8723565,3,10,22,6,195,61.0,1853.0
1438.8723675,6,1,23,6,229,59.0,1412.0
1438.968453,1,12,33,10,232,64.0,4190.0
1438.9684545,3,6,28,8,217,63.0,2855.0
1438.968464,5,26,27,6,192,60.0,1551.0
1438.9684655,6,33,27,8,225,61.0,2144.0
1439.064201,1,12,30,8,229,62.0,2728.0
1439.0642025,3,6,22,6,195,62.0,1839.0
1439.0642135,6,30,23,6,222,60.0,1392.0
1439.159938,1,15,32,10,235,64.0,4254.0
1439.1599415,3,10,29,8,241,63.0,2907.0
1439.1599525,6,34,29,8,229,62.0,2161.0
1439.159954,5,21,27,6,204,60.0,1580.0
1439.255716,1,12,30,8,229,62.0,2766.0
1439.2557195,3,10,22,7,238,61.0,1892.0
1439.2557305,6,1,24,6,226,60.0,1407.0
1439.351587,1,15,33,10,235,64.0,4241.0
1439.3515905,3,10,29,8,241,63.0,2900.0
1439.3516015,6,1,29,8,229,61.0,2164.0
1439.351603,5,21,27,6,201,60.0,1548.0
1439.3722035,3,1,1,0,1,45.0,0.0
1440.13117,1,1,1,0,1,45.0,0.0
1441.030579,1,1,1,0,1,45.0,0.0
1441.834564,1,12,29,7,161,62.0,2616.0
1441.8345655,3,6,23,6,168,61.0,1813.0
1441.8345765,6,33,23,6,229,60.0,1444.0
1441.930411,1,12,32,10,241,64.0,4210.0
1441.9304145,3,10,28,8,241,63.0,2939.0
1441.930424,5,24,26,6,207,60.0,1597.0
1441.9304255,6,1,29,8,226,62.0,2217.0
1442.026259,1,12,29,8,229,62.0,2705.0
1442.0262605,3,6,22,6,188,61.0,1825.0
1442.0262715,6,33,24,6,229,60.0,1458.0
1442.122372,1,15,32,10,235,64.0,4206.0
1442.1223755,3,14,30,8,221,63.0,2911.0
1442.1223835,6,37,30,8,233,62.0,2241.0
1442.122388,5,24,26,6,190,60.0,1573.0
1442.150547,2,1,1,0,1,50.0,0.0
1442.218105,1,12,26,8,232,62.0,2702.0
1442.2181065,3,13,22,6,217,61.0,1893.0
1442.2181165,6,34,24,6,226,60.0,1439.0
1442.31497,1,8,33,10,235,63.0,4192.0
1442.3149735,3,10,29,9,244,63.0,2936.0
1442.3149845,6,37,29,8,229,62.0,2225.0
1442.314986,5,1,25,6,201,60.0,1590.0
1442.411858,1,12,28,8,229,62.0,2684.0
1442.4118595,3,13,23,6,184,61.0,1834.0
1442.4118735,6,30,23,6,222,60.0,1421.0
1442.507576,1,9,32,10,233,63.0,4117.0
1442.5075775,3,10,30,9,244,63.0,2941.0
1442.507587,5,21,26,6,204,60.0,1610.0
1442.5075885,6,37,28,8,229,62.0,2226.0
1442.687092,2,1,2,0,1,50.0,0.0
1444.699311,1,2,7,1,42,66.0,939.261
1444.979509,1,6,27,8,233,62.0,2659.0
1444.9795105,3,10,25,7,221,61.0,1923.0
1444.9795215,6,1,26,6,226,60.0,1489.0
1445.077458,1,15,32,10,235,64.0,4138.0
1445.0774615,3,14,30,9,245,63.0,2999.0
1445.0774695,6,37,30,8,233,62.0,2313.0
1445.077474,5,24,23,6,202,61.0,1618.0
1445.173185,1,15,27,8,232,62.0,2682.0
1445.1731895,3,9,23,6,217,61.0,1925.0
1445.1731995,6,34,27,6,227,60.0,1489.0
1445.269041,1,12,32,10,239,64.0,4097.0
1445.2690425,3,6,28,9,251,63.0,2998.0
1445.269052,5,17,26,6,207,60.0,1622.0
1445.2690535,6,33,30,8,226,61.0,2299.0
1445.364883,1,12,27,7,158,62.0,2574.0
1445.3648845,3,13,25,7,241,62.0,1954.0
1445.3648985,6,30,26,6,223,60.0,1475.0
1445.460977,1,12,31,10,239,64.0,4080.0
1445.4609785,3,6,29,9,251,63.0,3000.0
1445.460988,5,21,25,5,138,60.0,1575.0
1445.4609895,6,37,31,8,226,62.0,2299.0
1445.556741,1,15,28,8,232,62.0,2681.0
1445.5567455,3,13,22,6,168,61.0,1855.0
1445.5567595,6,30,24,6,226,60.0,1502.0
1445.652459,1,15,31,10,235,64.0,4115.0
1445.6524625,3,14,30,9,245,63.0,3011.0
1445.6524705,6,37,31,8,233,62.0,2338.0
1445.652475,5,24,23,5,133,60.0,1529.0
1445.6827195,3,1,1,0,1,45.0,0.0
1445.948378,1,1,6,1,63,58.0,286.46
1448.138417,1,9,26,7,230,62.0,2616.0
1448.1384185,3,10,24,7,245,61.0,2011.0
1448.1384295,6,1,27,7,230,60.0,1562.0
1448.235277,1,15,29,10,236,64.0,4066.0
1448.2352815,3,13,29,9,241,63.0,3049.0
1448.2352955,6,30,31,8,223,62.0,2359.0
1448.235305,5,12,23,5,124,60.0,1511.0
1448.33111,1,12,24,7,158,62.0,2548.0
1448.3311115,3,13,24,7,241,61.0,2008.0
1448.3311255,6,30,27,6,223,60.0,1548.0
1448.426967,1,15,30,10,230,64.0,4037.0
1448.4269705,3,14,31,9,242,63.0,3091.0
1448.4269785,6,37,31,8,230,62.0,2405.0
1448.426983,5,24,23,6,202,61.0,1612.0
1448.523072,1,15,24,7,161,62.0,2586.0
1448.5230755,3,10,25,7,242,61.0,2003.0
1448.5230865,6,34,28,7,227,60.0,1563.0
1448.618816,1,12,29,9,236,64.0,3996.0
1448.6188175,3,6,31,9,245,63.0,3064.0
1448.618827,5,17,24,6,138,60.0,1588.0
1448.6188285,6,37,30,8,230,62.0,2413.0
1448.71456,1,12,24,7,158,63.0,2535.0
1448.7145615,3,13,24,7,241,62.0,2009.0
1448.7145755,6,30,28,6,223,60.0,1536.0
1448.810342,1,11,29,10,235,63.0,4070.0
1448.8103455,3,10,30,9,245,63.0,3055.0
1448.8103565,6,34,31,8,230,62.0,2421.0
1449.5027045,3,1,1,0,1,45.0,0.0
1449.929544,1,1,1,0,1,45.0,0.0
1450.1592205,3,1,1,0,1,45.0,0.0
1450.522496,2,2,28,15,210,71.0,9568.0
1450.5225005,3,10,29,9,282,61.0,2382.0
1450.522507,1,18,39,13,228,68.0,7349.0
1450.5225085,6,60,29,8,274,60.0,1870.0
1450.522516,5,70,40,11,238,63.0,4248.0
1450.522537,4,16,4,0,22,53.0,120.142
1450.590829,1,1,1,0,1,45.0,0.0
1451.318302,1,12,22,7,230,62.0,2584.0
1451.3183035,3,6,24,7,218,61.0,2020.0
1451.3183145,6,37,29,7,227,60.0,1628.0
1451.414135,1,9,28,10,295,63.0,4000.0
1451.4141365,3,10,30,9,245,63.0,3168.0
1451.414146,5,24,24,5,136,60.0,1590.0
1451.4141475,6,37,32,9,227,62.0,2497.0
1451.510267,1,12,22,6,155,62.0,2466.0
1451.5102685,3,13,22,7,218,62.0,2024.0
1451.5102825,6,30,28,7,224,60.0,1608.0
1451.606015,1,12,28,9,239,64.0,3986.0
1451.6060165,3,6,30,9,245,63.0,3182.0
1451.6060275,6,33,32,9,230,62.0,2521.0
1451.60604,5,12,22,5,124,60.0,1528.0
1451.701774,1,12,22,7,230,62.0,2580.0
1451.7017755,3,13,23,7,218,62.0,2046.0
1451.7017895,6,27,28,7,224,60.0,1622.0
1451.797519,1,15,29,10,236,64.0,4020.0
1451.7975225,3,14,31,9,242,63.0,3174.0
1451.7975335,6,34,33,9,231,62.0,2535.0
1451.797535,5,24,24,6,136,61.0,1579.0
1451.893383,1,9,23,6,159,62.0,2521.0
1451.8933845,3,10,24,7,242,62.0,2076.0
1451.8933955,6,34,27,7,227,60.0,1639.0
1451.989219,1,12,28,9,233,64.0,3952.0
1451.9892205,3,6,30,9,245,63.0,3165.0
1451.98923,5,17,25,5,135,60.0,1586.0
1451.9892315,6,37,31,9,230,62.0,2533.0
1454.502218,1,12,21,6,127,62.0,2462.0
1454.5022195,3,6,25,7,215,61.0,2079.0
1454.5022305,6,37,28,7,227,60.0,1694.0
1454.598273,1,12,27,9,233,64.0,3943.0
1454.5982745,3,13,28,9,221,63.0,3221.0
1454.598286,5,24,25,6,146,61.0,1636.0
1454.5982885,6,30,32,9,224,62.0,2592.0
1454.694011,1,12,22,7,230,62.0,2569.0
1454.6940125,3,6,24,7,212,61.0,2082.0
1454.6940265,6,34,28,7,224,60.0,1689.0
1454.78975,1,15,28,9,236,64.0,4015.0
1454.7897545,3,13,28,9,221,63.0,3226.0
1454.7897615,6,37,33,9,231,62.0,2635.0
1454.789766,5,24,24,6,136,61.0,1609.0
1454.885555,1,12,21,6,123,62.0,2432.0
1454.8855565,3,13,24,7,218,62.0,2089.0
1454.8855705,6,30,29,7,224,60.0,1700.0
1454.981414,1,12,29,9,230,64.0,3928.0
1454.9814155,3,6,27,9,245,63.0,3252.0
1454.981425,5,21,24,6,139,60.0,1611.0
1454.9814265,6,37,31,9,231,62.0,2622.0
1455.077252,1,9,21,6,156,62.0,2492.0
1455.0772535,3,10,24,7,222,61.0,2098.0
1455.0772645,6,34,29,7,228,61.0,1713.0
1455.173289,1,12,27,9,230,64.0,3905.0
1455.1732905,3,13,28,9,222,63.0,3230.0
1455.1733015,6,33,33,9,227,62.0,2601.0
1455.173302,5,18,24,6,137,60.0,1581.0
1456.4085005,3,1,1,0,1,45.0,0.0
1456.4094685,3,1,1,0,1,45.0,0.0
1456.588848,1,4,11,2,103,58.0,633.143
1456.934254,1,1,1,0,1,45.0,0.0
1457.644119,1,15,19,6,126,62.0,2489.0
1457.6441225,3,10,24,7,219,61.0,2170.0
1457.6441335,6,34,29,7,225,61.0,1760.0
1457.740952,1,15,27,9,211,64.0,3979.0
1457.7409555,3,14,27,9,223,63.0,3331.0
1457.7409665,6,34,34,9,232,62.0,2713.0
1457.740968,5,24,24,6,158,60.0,1640.0
1457.836818,1,8,20,7,211,62.0,2606.0
1457.8368215,3,10,25,7,176,61.0,2123.0
1457.8368325,6,34,31,7,228,61.0,1782.0
1457.932694,1,9,29,9,227,63.0,3943.0
1457.9326955,3,10,27,9,222,63.0,3327.0
1457.932705,5,27,24,6,146,60.0,1624.0
1457.9327065,6,34,33,9,228,62.0,2711.0
1458.028747,1,15,21,6,129,62.0,2514.0
1458.0287505,3,10,25,7,219,61.0,2183.0
1458.0287615,6,34,31,7,225,61.0,1773.0
1458.124431,1,15,26,9,211,64.0,3983.0
1458.1244345,3,10,28,9,219,63.0,3332.0
1458.1244455,6,34,34,9,229,62.0,2739.0
1458.124447,5,24,24,6,161,60.0,1646.0
1458.220183,1,6,22,7,209,62.0,2566.0
1458.2201845,3,10,25,7,219,61.0,2197.0
1458.2201955,6,34,30,7,225,61.0,1774.0
1458.316058,1,9,28,9,212,63.0,3920.0
1458.3160595,3,10,27,9,222,63.0,3318.0
1458.316069,5,27,25,6,149,60.0,1639.0
1458.3160705,6,34,34,9,228,63.0,2749.0
1459.7009865,6,2,4,0,16,57.0,135.276
1459.8288775,6,4,25,7,208,66.0,2303.0
1459.828878,5,8,30,9,244,63.0,2989.0
1459.828893,1,18,24,6,223,58.0,1316.0
1459.828901,4,1,2,0,48,53.0,97.459
1459.8289035,3,64,20,8,270,59.0,1950.0
1460.350496,2,2,1,0,2,50.0,30.416
1460.833975,1,9,23,7,209,62.0,2591.0
1460.8339765,3,10,24,7,213,61.0,2195.0
1460.8339875,6,34,30,7,229,61.0,1846.0
1460.929831,1,9,27,9,227,64.0,3998.0
1460.9298325,3,10,27,9,219,64.0,3395.0
1460.929842,5,27,24,6,149,60.0,1626.0
1460.9298435,6,34,33,9,229,63.0,2839.0
1461.02669,1,15,23,7,191,62.0,2582.0
1461.0266935,3,10,26,7,213,61.0,2226.0
1461.0267045,6,34,32,7,229,61.0,1841.0
1461.0602235,3,1,1,0,1,45.0,0.0
1461.122508,1,12,28,9,230,64.0,4027.0
1461.1225095,3,10,27,9,222,63.0,3417.0
1461.1225205,6,37,33,9,228,63.0,2833.0
1461.122521,5,19,24,6,144,60.0,1600.0
1461.218636,1,10,23,7,200,62.0,2582.0
1461.2186375,3,10,24,7,176,61.0,2198.0
1461.2186485,6,34,32,7,229,61.0,1860.0
1461.314416,1,15,27,9,205,64.0,4014.0
1461.3144195,3,10,28,9,223,63.0,3443.0
1461.3144305,6,34,34,9,229,62.0,2847.0
1461.314432,5,24,24,6,158,60.0,1624.0
1461.41012,1,15,24,7,197,62.0,2603.0
1461.4101235,3,10,25,7,176,61.0,2175.0
1461.4101385,6,30,30,7,225,60.0,1852.0
1461.433349,1,5,29,8,191,66.0,3304.0
1461.4333705,6,57,15,3,112,57.0,978.338
1461.433397,4,1,1,0,1,49.0,0.0
1461.505913,1,9,28,9,230,63.0,4034.0
1461.5059145,3,10,27,9,219,63.0,3408.0
1461.505924,5,27,25,6,164,60.0,1666.0
1461.5059255,6,34,34,9,229,63.0,2872.0
1461.781483,1,2,6,0,16,60.0,510.792
1462.1044775,3,1,1,0,48,46.0,40.901
1462.6372,5,2,4,1,38,62.0,398.832
1462.7389085,3,1,1,0,1,45.0,0.0
1463.2912505,3,1,2,0,1,45.0,0.0
1463.97719,1,15,26,8,212,63.0,2705.0
1463.9771935,3,10,25,7,173,61.0,2227.0
1463.9772085,6,30,30,7,222,61.0,1899.0
1464.072905,1,15,29,10,236,64.0,4198.0
1464.0729085,3,14,30,9,220,63.0,3481.0
1464.0729165,6,41,35,10,233,63.0,2975.0
1464.072921,5,15,24,6,165,60.0,1627.0
1464.168655,1,9,25,7,203,62.0,2645.0
1464.1686565,3,10,25,7,176,62.0,2228.0
1464.1686675,6,34,31,7,226,61.0,1921.0
1464.264493,1,9,29,9,221,64.0,4104.0
1464.2644945,3,6,30,9,213,64.0,3446.0
1464.264504,5,27,25,7,235,60.0,1672.0
1464.2645055,6,34,34,9,229,62.0,2988.0
1464.360295,1,15,25,7,197,62.0,2665.0
1464.3602985,3,10,25,7,176,61.0,2237.0
1464.3603095,6,34,31,7,226,60.0,1935.0
1464.456165,1,15,30,10,233,64.0,4207.0
1464.4561695,3,13,28,9,216,63.0,3445.0
1464.4561805,6,37,35,10,229,63.0,2957.0
1464.55219,1,12,24,7,209,62.0,2674.0
1464.5521915,3,6,23,7,176,61.0,2231.0
1464.5522025,6,37,30,7,226,61.0,1931.0
1464.648737,1,9,29,9,224,64.0,4115.0
1464.6487385,3,6,31,9,210,64.0,3443.0
1464.648748,5,27,25,6,161,60.0,1617.0
1464.6487495,6,34,33,9,229,63.0,2974.0
1465.9367265,3,1,1,0,1,45.0,0.0
1465.975889,5,2,5,1,37,61.0,1016.0
1466.3231725,6,1,4,1,25,65.0,798.393
1466.5091755,3,1,1,0,4,46.0,9.892
1466.584751,4,3,7,1,47,54.0,208.401
1466.584755,5,3,23,7,176,62.0,2361.0
1466.5847555,6,4,20,6,158,64.0,2075.0
1466.5847585,3,10,17,4,135,60.0,824.564
1466.584766,1,9,32,8,174,62.0,2829.0
1467.048784,1,15,27,8,212,62.0,2771.0
1467.0487875,3,10,25,7,177,61.0,2271.0
1467.0487985,6,38,30,8,227,61.0,1988.0
1467.144827,1,8,32,10,236,64.0,4287.0
1467.1448305,3,10,29,9,186,63.0,3468.0
1467.14484,5,27,24,6,168,60.0,1612.0
1467.1448415,6,34,34,10,230,62.0,3075.0
1467.240886,1,9,27,8,207,62.0,2721.0
1467.2408875,3,6,24,7,173,62.0,2238.0
1467.2408985,6,34,30,8,227,60.0,2001.0
1467.336647,1,15,31,10,236,64.0,4311.0
1467.3366505,3,10,27,9,177,63.0,3474.0
1467.33666,5,27,25,6,168,60.0,1604.0
1467.3366615,6,34,35,10,230,63.0,3082.0
1467.432416,1,12,26,7,203,62.0,2716.0
1467.4324175,3,13,25,7,176,61.0,2250.0
1467.4324315,6,34,30,7,220,61.0,1974.0
1467.528199,1,8,33,10,236,64.0,4332.0
1467.5282025,3,10,28,9,177,63.0,3463.0
1467.528212,5,27,25,6,171,60.0,1616.0
1467.5282135,6,34,35,10,230,62.0,3084.0
1467.624043,1,9,28,8,207,62.0,2737.0
1467.6240445,3,6,25,7,173,61.0,2257.0
1467.6240555,6,34,31,8,227,61.0,2009.0
1467.720166,1,9,32,10,234,64.0,4263.0
1467.7201675,3,10,28,9,176,63.0,3435.0
1467.720177,5,27,26,6,168,60.0,1605.0
1467.7201785,6,34,35,10,230,62.0,3095.0
1467.8992945,3,1,1,0,1,45.0,0.0
1468.8169805,6,1,4,0,16,58.0,334.53
1468.8170315,3,1,1,0,1,45.0,0.0
1470.19391,1,12,28,8,195,62.0,2763.0
1470.1939105,3,14,25,7,177,61.0,2274.0
1470.1939255,6,34,29,8,224,61.0,2049.0
1470.2458675,3,1,1,0,1,45.0,0.0
1470.2543125,3,1,3,0,22,60.0,239.122
1470.290742,1,9,33,10,234,64.0,4360.0
1470.2907435,3,6,29,9,176,63.0,3473.0
1470.290753,5,27,26,6,168,60.0,1549.0
1470.2907545,6,34,32,10,231,62.0,3182.0
1470.3232865,3,2,1,0,2,45.0,8.535
1470.386621,1,15,29,8,195,62.0,2821.0
1470.3866245,3,10,24,7,174,61.0,2293.0
1470.3866355,6,38,29,8,228,61.0,2117.0
1470.482639,1,9,32,10,237,63.0,4369.0
1470.4826405,3,10,29,9,177,63.0,3449.0
1470.48265,5,27,25,6,168,60.0,1548.0
1470.4826515,6,34,34,10,231,62.0,3199.0
1470.578389,1,15,28,7,186,62.0,2770.0
1470.5783925,3,10,25,7,174,61.0,2250.0
1470.5784035,6,38,30,8,228,61.0,2090.0
1470.674129,1,15,33,11,234,64.0,4434.0
1470.6741325,3,14,30,9,204,63.0,3510.0
1470.6741435,6,38,33,10,228,63.0,3198.0
1470.770815,1,12,27,8,207,62.0,2833.0
1470.7708165,3,13,25,7,176,62.0,2279.0
1470.7708305,6,34,29,8,224,61.0,2068.0
1470.866821,1,15,33,10,206,64.0,4372.0
1470.8668245,3,10,29,10,287,63.0,3581.0
1470.8668325,6,41,34,10,234,63.0,3228.0
1470.866837,5,15,25,7,233,60.0,1586.0
1470.9876025,3,1,1,0,1,45.0,0.0
1471.227118,1,3,8,1,38,61.0,812.772
1471.8280325,3,1,1,0,1,45.0,0.0
1472.157241,1,87,18,4,127,60.0,1306.0
1472.986697,1,2,19,10,145,74.0,10051.0
1473.42199,1,9,31,8,187,62.0,2830.0
1473.4219915,3,10,25,7,174,62.0,2272.0
1473.4220025,6,34,30,8,225,61.0,2143.0
1473.518827,1,9,33,11,232,63.0,4480.0
1473.5188285,3,10,32,9,204,63.0,3514.0
1473.518838,5,27,26,6,190,60.0,1510.0
1473.5188395,6,34,32,10,232,63.0,3316.0
1473.614573,1,15,31,9,237,62.0,2990.0
1473.6145765,3,10,26,7,174,61.0,2267.0
1473.6145875,6,38,29,8,225,61.0,2155.0
1473.710312,1,15,32,11,237,64.0,4555.0
1473.7103155,3,10,32,9,177,63.0,3456.0
1473.7103265,6,38,33,10,232,63.0,3302.0
1473.806111,1,15,30,9,237,62.0,2987.0
1473.8061145,3,10,26,7,174,61.0,2263.0
1473.8061295,6,34,28,8,221,61.0,2150.0
1473.90194,1,15,33,11,240,64.0,4569.0
1473.9019435,3,14,32,10,291,63.0,3573.0
1473.9019515,6,41,33,10,235,63.0,3326.0
1473.9541755,3,1,1,0,1,45.0,0.0
1473.997788,1,12,29,8,201,62.0,2907.0
1473.9977895,3,13,27,7,173,62.0,2249.0
1473.9978005,6,34,30,8,228,61.0,2157.0
1474.093849,1,8,33,11,237,64.0,4571.0
1474.0938525,3,10,32,9,177,63.0,3473.0
1474.093862,5,1,25,6,187,60.0,1478.0
1474.0938635,6,38,33,10,232,63.0,3322.0
1475.3752475,3,1,1,0,1,46.0,0.0
1476.588817,1,9,31,9,235,62.0,2987.0
1476.5888185,3,10,26,7,174,61.0,2250.0
1476.5888295,6,38,29,8,222,61.0,2210.0
1476.685678,1,6,33,11,238,63.0,4574.0
1476.6856795,3,10,33,11,328,63.0,3603.0
1476.685689,5,1,26,6,184,60.0,1404.0
1476.6856905,6,38,32,10,229,63.0,3404.0
1476.781446,1,12,29,9,235,62.0,2997.0
1476.7814475,3,13,27,7,173,61.0,2250.0
1476.7814585,6,34,29,8,225,61.0,2213.0
1476.877217,1,15,33,11,240,64.0,4655.0
1476.8772205,3,10,32,11,328,63.0,3593.0
1476.8772315,6,38,33,10,229,63.0,3399.0
1476.97304,1,12,30,8,184,62.0,2913.0
1476.9730415,3,13,27,7,174,61.0,2240.0
1476.9730555,6,31,28,8,222,61.0,2197.0
1477.068829,1,15,33,11,238,64.0,4660.0
1477.0688325,3,14,34,10,246,63.0,3542.0
1477.0688475,6,34,32,10,229,63.0,3394.0
1477.164968,1,15,30,8,187,62.0,2974.0
1477.1649725,3,13,27,7,173,61.0,2231.0
1477.1649865,6,34,28,8,219,61.0,2179.0
1477.260726,1,12,32,11,265,64.0,4640.0
1477.2607275,3,6,35,10,291,63.0,3555.0
1477.260737,5,27,27,6,193,60.0,1423.0
1477.2607385,6,34,32,10,232,62.0,3433.0
1478.1619465,3,1,1,0,1,45.0,0.0
1479.672871,1,15,29,9,238,62.0,3084.0
1479.6728745,3,10,26,7,174,61.0,2222.0
1479.6728895,6,34,29,8,226,61.0,2271.0
1479.70273,5,1,19,4,117,61.0,1143.0
1479.7027375,6,2,13,3,111,58.0,766.394
1479.768609,1,15,32,11,241,64.0,4737.0
1479.7686125,3,14,31,11,329,63.0,3543.0
1479.7686205,6,41,33,10,233,63.0,3489.0
1479.864358,1,15,29,8,190,62.0,3046.0
1479.8643615,3,14,28,7,174,61.0,2233.0
1479.8643765,6,31,29,8,226,61.0,2259.0
1479.960189,1,15,31,11,241,64.0,4736.0
1479.9601925,3,10,32,9,187,63.0,3424.0
1479.9602035,6,38,33,10,230,63.0,3490.0
1480.056051,1,12,28,8,190,62.0,3003.0
1480.0560525,3,13,27,7,174,61.0,2205.0
1480.0560635,6,34,29,8,219,60.0,2256.0
1480.152149,1,12,31,11,238,64.0,4671.0
1480.1521505,3,13,33,11,328,63.0,3545.0
1480.1521615,6,34,31,10,229,62.0,3480.0
1480.247896,1,12,29,8,187,62.0,2996.0
1480.2478975,3,13,26,7,174,61.0,2222.0
1480.2479085,6,34,29,8,219,61.0,2259.0
1480.343632,1,15,32,11,241,64.0,4765.0
1480.3436365,3,13,32,11,328,63.0,3535.0
1480.3436475,6,34,32,10,229,62.0,3488.0
1480.343648,5,25,25,5,185,60.0,1307.0
1480.649194,1,14,7,1,40,58.0,490.605
1480.9017835,3,1,1,0,1,45.0,0.0
1481.013269,1,2,3,0,8,57.0,288.121
1481.9600665,3,1,1,0,1,45.0,0.0
1482.061499,1,2,18,8,118,72.0,6964.0
1482.3182835,3,1,1,0,1,45.0,0.0
1482.5045835,6,3,6,1,25,66.0,1142.0
1482.730729,1,15,28,8,190,62.0,3116.0
1482.7307325,3,14,26,7,175,61.0,2188.0
1482.7307475,6,31,29,7,186,60.0,2241.0
1482.827566,1,11,30,11,241,64.0,4861.0
1482.8275695,3,10,31,11,329,64.0,3488.0
1482.8275805,6,38,33,10,230,63.0,3542.0
1482.8722775,3,1,1,0,1,45.0,0.0
1482.923637,1,9,29,9,236,62.0,3119.0
1482.9236385,3,6,25,7,174,61.0,2167.0
1482.9236495,6,38,29,8,223,61.0,2303.0
1483.019378,1,15,30,11,241,64.0,4865.0
1483.0193815,3,10,31,9,188,63.0,3392.0
1483.0193925,6,38,32,10,230,63.0,3548.0
1483.115125,1,13,28,8,185,62.0,3083.0
1483.1151265,3,10,24,7,171,61.0,2163.0
1483.1151375,6,38,29,8,220,61.0,2311.0
1483.1685515,3,1,1,0,1,45.0,0.0
1483.21097,1,15,31,11,239,64.0,4834.0
1483.2109745,3,13,30,10,246,63.0,3417.0
1483.210984,5,27,26,5,187,60.0,1271.0
1483.2109855,6,34,31,11,280,62.0,3570.0
1483.306794,1,9,28,9,239,62.0,3145.0
1483.3067955,3,6,24,7,174,61.0,2191.0
1483.3068065,6,38,30,8,223,61.0,2304.0
1483.402917,1,12,31,11,236,64.0,4810.0
1483.4029185,3,6,30,9,187,63.0,3355.0
1483.4029295,6,34,32,10,226,63.0,3575.0
1484.328419,2,1,1,0,1,50.0,0.0
1484.543812,1,21,16,4,111,60.0,1128.0
1485.4852055,6,3,12,3,63,66.0,1804.0
1485.726527,1,2,9,2,39,64.0,1070.0
1485.755952,1,9,28,8,185,62.0,3128.0
1485.7559535,3,6,25,7,171,61.0,2149.0
1485.7559645,6,38,27,8,220,61.0,2324.0
1485.851751,1,15,32,12,242,64.0,4948.0
1485.8517545,3,10,27,9,188,63.0,3319.0
1485.8517655,6,38,33,10,227,62.0,3597.0
1485.9263655,3,1,1,0,1,45.0,0.0
1485.948571,1,12,28,9,239,62.0,3192.0
1485.9485725,3,13,24,7,171,61.0,2124.0
1485.9485865,6,31,28,8,214,60.0,2319.0
1486.044388,1,15,32,12,242,64.0,4960.0
1486.0443915,3,10,29,9,188,63.0,3297.0
1486.0444025,6,35,32,10,227,62.0,3586.0
1486.14023,1,15,28,9,190,62.0,3199.0
1486.1402335,3,10,23,7,172,61.0,2149.0
1486.1402485,6,34,27,8,220,61.0,2328.0
1486.236379,1,9,31,11,239,64.0,4874.0
1486.2363805,3,6,27,8,171,63.0,3260.0
1486.2363915,6,38,31,11,284,63.0,3638.0
1486.332097,1,15,28,9,190,62.0,3200.0
1486.3321005,3,10,25,7,172,61.0,2132.0
1486.3321155,6,34,28,8,220,61.0,2325.0
1486.427839,1,15,32,12,242,64.0,4988.0
1486.4278425,3,10,27,9,188,63.0,3319.0
1486.4278505,6,38,33,10,227,62.0,3608.0
1487.261798,2,1,1,0,1,50.0,0.0
1487.3501525,3,1,1,0,1,45.0,0.0
1487.980366,1,2,9,2,65,66.0,1077.0
1488.652938,1,2,7,1,43,62.0,825.102
1488.80083,1,12,28,8,185,62.0,3183.0
1488.8008315,3,6,24,7,168,61.0,2109.0
1488.8008425,6,38,27,8,224,61.0,2360.0
1488.89691,1,15,31,12,245,64.0,5058.0
1488.8969135,3,10,26,9,192,63.0,3276.0
1488.8969245,6,35,32,11,285,62.0,3657.0
1488.993763,1,12,29,8,185,62.0,3192.0
1488.9937645,3,6,24,7,168,61.0,2098.0
1488.9937755,6,38,26,8,224,61.0,2354.0
1489.089505,1,9,32,11,240,64.0,4969.0
1489.0895065,3,6,29,9,192,63.0,3276.0
1489.0895175,6,38,32,10,224,63.0,3605.0
1489.185242,1,98,29,10,272,62.0,3406.0
1489.1853355,3,10,24,7,172,62.0,2150.0
1489.1853465,6,38,27,8,224,61.0,2383.0
1489.281195,1,9,31,11,237,64.0,4972.0
1489.2811965,3,6,28,9,255,63.0,3320.0
1489.2812075,6,38,31,10,227,63.0,3624.0
1489.377297,1,15,28,9,225,63.0,3273.0
1489.3773005,3,14,24,7,169,61.0,2115.0
1489.3773155,6,31,26,8,214,60.0,2345.0
1489.473039,1,11,31,12,242,64.0,5076.0
1489.4730425,3,10,30,9,188,63.0,3256.0
1489.4730535,6,38,31,11,285,63.0,3669.0
1489.523178,1,2,5,1,35,61.0,375.015
1490.8419465,3,1,1,0,1,45.0,0.0
1490.928368,2,1,1,0,1,50.0,0.0
1491.069978,1,2,8,2,46,65.0,1253.0
1491.4367985,3,1,1,0,1,45.0,0.0
1491.562034,5,15,16,5,97,64.0,2417.0
1491.562034,4,1,1,0,1,46.0,0.0
1491.618365,1,5,11,2,53,59.0,790.843
1491.845223,1,6,29,9,223,62.0,3288.0
1491.8452245,3,10,22,6,169,61.0,2090.0
1491.8452355,6,1,27,8,221,60.0,2351.0
1491.940977,1,9,33,12,243,64.0,5086.0
1491.9409785,3,6,27,9,263,63.0,3318.0
1491.9409895,6,38,31,10,221,63.0,3605.0
1492.037838,1,12,29,9,240,62.0,3329.0
1492.0378395,3,13,23,6,169,61.0,2096.0
1492.0378505,6,38,27,7,159,61.0,2281.0
1492.133574,1,15,33,12,231,64.0,5120.0
1492.1335775,3,10,27,9,196,63.0,3282.0
1492.1335885,6,35,31,10,228,62.0,3617.0
1492.229493,1,9,27,9,223,62.0,3294.0
1492.2294945,3,10,22,6,169,61.0,2101.0
1492.2295055,6,38,27,8,218,61.0,2345.0
1492.325271,1,15,33,12,231,64.0,5124.0
1492.3252745,3,10,27,9,264,64.0,3336.0
1492.3252855,6,38,31,10,228,62.0,3622.0
1492.421398,1,9,28,9,223,62.0,3295.0
1492.4213995,3,10,24,7,260,62.0,2171.0
1492.4214105,6,38,27,7,156,60.0,2262.0
1492.518236,1,15,31,12,246,64.0,5158.0
1492.5182395,3,14,27,8,173,63.0,3241.0
1492.5182475,6,38,31,10,228,62.0,3633.0
1492.589094,1,2,6,1,36,62.0,694.66
1492.779046,1,3,16,8,118,72.0,9347.0
1493.255347,1,2,12,2,97,62.0,558.071
1493.2553675,6,23,12,2,89,58.0,418.64
1493.256005,1,2,6,0,16,59.0,143.175
1493.354735,1,2,4,0,24,57.0,152.202
1493.5835555,3,1,1,0,1,45.0,0.0
1493.810523,2,1,1,0,1,50.0,0.0
1493.8300575,6,3,5,1,25,58.0,693.634
1494.933234,1,12,27,9,223,63.0,3331.0
1494.9332355,3,13,22,6,166,61.0,2081.0
1494.9332465,6,38,28,7,175,60.0,2276.0
1495.030092,1,8,31,12,243,64.0,5204.0
1495.0300955,3,10,28,9,264,63.0,3318.0
1495.0301065,6,38,32,10,225,62.0,3579.0
1495.127024,1,15,28,10,246,63.0,3427.0
1495.1270275,3,14,22,6,170,61.0,2091.0
1495.1270425,6,31,26,7,172,60.0,2263.0
1495.222703,1,15,32,12,246,64.0,5243.0
1495.2227065,3,14,26,9,261,63.0,3340.0
1495.2227185,6,38,31,10,221,62.0,3550.0
1495.318456,1,12,28,9,243,63.0,3369.0
1495.3184575,3,13,21,6,169,61.0,2087.0
1495.3184715,6,35,27,8,215,60.0,2292.0
1495.414305,1,9,31,11,229,64.0,5115.0
1495.4143065,3,6,27,9,264,63.0,3316.0
1495.4143175,6,38,32,10,225,62.0,3546.0
1495.510151,1,15,27,10,246,63.0,3435.0
1495.5101545,3,10,23,6,170,61.0,2107.0
1495.5101695,6,31,26,7,175,60.0,2268.0
1495.606137,1,15,33,12,246,64.0,5242.0
1495.6061415,3,10,25,9,264,63.0,3360.0
1495.6061525,6,38,31,10,218,62.0,3548.0
1496.123484,2,2,1,0,2,50.0,11.626
1497.361713,1,6,8,1,48,58.0,511.195
1498.079241,1,9,28,9,241,62.0,3426.0
1498.0792425,3,6,22,7,193,62.0,2154.0
1498.0792535,6,38,28,7,179,60.0,2211.0
1498.176104,1,15,33,12,246,64.0,5330.0
1498.1761075,3,10,26,9,265,64.0,3390.0
1498.1761185,6,35,31,9,199,62.0,3424.0
1498.271872,1,6,27,10,244,62.0,3449.0
1498.2718735,3,10,21,6,153,61.0,2126.0
1498.2718845,6,35,28,7,179,60.0,2207.0
1498.367591,1,9,32,12,244,64.0,5260.0
1498.3675925,3,6,28,8,177,63.0,3243.0
1498.3676035,6,38,31,10,222,62.0,3437.0
1498.4034565,3,1,3,0,7,57.0,122.775
1498.463395,1,15,29,10,243,62.0,3495.0
1498.4633985,3,10,21,6,174,62.0,2132.0
1498.4634095,6,35,27,7,179,60.0,2198.0
1498.559228,1,15,34,12,247,64.0,5350.0
1498.5592315,3,11,28,8,181,63.0,3310.0
1498.5592435,6,38,30,10,219,62.0,3427.0
1498.655092,1,12,28,9,229,63.0,3420.0
1498.6550935,3,10,22,6,177,61.0,2156.0
1498.6551045,6,38,27,7,179,60.0,2198.0
1498.751782,1,15,34,12,246,64.0,5336.0
1498.7517855,3,10,26,8,197,63.0,3306.0
1498.7517935,6,38,31,10,202,62.0,3391.0
1499.64117,1,2,10,2,43,65.0,1823.0
1499.9421045,3,1,1,0,1,45.0,0.0
1500.2781355,6,4,6,1,25,60.0,912.376
1500.428969,1,2,3,0,34,59.0,265.275
1500.5113285,3,1,1,0,1,45.0,0.0
1500.913253,1,6,13,5,74,66.0,2704.0
1501.0727475,6,2,20,5,175,60.0,1107.0
1501.072767,1,19,23,5,173,59.0,1374.0
1501.072767,5,14,17,6,174,62.0,1930.0
1501.0727705,3,12,14,4,157,57.0,944.727
1501.072787,4,1,2,0,11,49.0,34.41
1501.236752,1,13,28,9,227,62.0,3471.0
1501.2367535,3,10,21,7,181,61.0,2216.0
1501.2367645,6,35,26,7,176,60.0,2084.0
1501.332817,1,9,33,12,247,64.0,5395.0
1501.3328185,3,6,28,9,235,63.0,3453.0
1501.3328295,6,38,29,9,199,62.0,3244.0
1501.428623,1,12,30,10,244,63.0,3530.0
1501.4286235,3,14,21,7,178,61.0,2210.0
1501.4286355,6,38,26,7,179,60.0,2106.0
1501.524468,1,9,32,12,244,64.0,5386.0
1501.5244695,3,6,28,9,235,63.0,3451.0
1501.5244805,6,38,29,9,199,62.0,3236.0
1501.620318,1,12,30,10,244,62.0,3530.0
1501.6203195,3,6,20,6,174,61.0,2197.0
1501.6203305,6,38,27,7,179,60.0,2076.0
1501.716373,1,15,35,13,247,65.0,5471.0
1501.7163765,3,10,29,9,236,63.0,3473.0
1501.7163915,6,35,28,9,199,62.0,3213.0
1501.812097,1,15,29,10,244,63.0,3580.0
1501.8121005,3,10,23,7,178,61.0,2210.0
1501.8121155,6,35,26,7,179,60.0,2060.0
1501.907842,1,15,34,12,247,65.0,5472.0
1501.9078455,3,14,28,9,236,63.0,3477.0
1501.9078605,6,35,30,9,199,62.0,3195.0
1502.4040135,6,2,2,0,9,56.0,88.897
1502.4942895,3,1,1,0,1,45.0,0.0
1502.790521,1,6,12,4,79,62.0,2113.0
1503.399403,5,5,3,1,12,62.0,757.528
1503.6342125,6,2,3,0,16,57.0,149.199
1503.8255235,3,1,1,0,1,45.0,0.0
1503.8326315,3,1,11,3,117,56.0,659.1
1503.832636,5,1,24,4,126,60.0,1127.0
1503.832637,1,39,27,5,157,57.0,1069.0
1503.8326395,6,2,19,5,187,58.0,1056.0
1503.832667,4,1,1,0,1,45.0,0.0
1503.9696545,6,1,3,0,24,58.0,207.85
1504.378823,1,15,30,10,247,63.0,3642.0
1504.3788265,3,10,23,7,178,61.0,2278.0
1504.3788415,6,35,26,7,176,60.0,1954.0
1504.4562155,6,3,4,1,25,60.0,518.594
1504.474886,1,15,35,13,247,64.0,5536.0
1504.4748895,3,10,29,10,236,63.0,3566.0
1504.4749005,6,35,27,9,203,61.0,3025.0
1504.4819745,6,3,4,1,29,63.0,823.695
1504.571779,1,15,31,10,247,63.0,3639.0
1504.5717825,3,14,24,8,233,61.0,2340.0
1504.5717975,6,35,24,7,176,60.0,1923.0
1504.667497,1,15,35,13,247,65.0,5571.0
1504.6675005,3,14,29,10,293,63.0,3625.0
1504.6675125,6,38,27,9,203,62.0,3029.0
1504.7045235,6,1,7,1,38,56.0,262.36
1504.763247,1,15,32,10,244,63.0,3639.0
1504.7632515,3,13,24,8,232,61.0,2325.0
1504.7632625,6,38,26,7,203,60.0,1966.0
1504.859099,1,9,35,12,245,64.0,5503.0
1504.8591005,3,6,29,10,236,64.0,3612.0
1504.8591115,6,35,28,9,203,61.0,3005.0
1504.954942,1,15,32,10,247,63.0,3668.0
1504.9549455,3,10,24,8,233,61.0,2330.0
1504.9549605,6,35,24,7,176,60.0,1922.0
1505.051058,1,15,36,13,247,64.0,5566.0
1505.0510615,3,10,29,11,303,63.0,3637.0
1505.0510725,6,35,28,9,200,61.0,2979.0
1505.189028,1,12,21,12,163,67.0,7640.0
1505.1890635,6,1,3,0,5,56.0,57.449
1505.4836385,3,1,1,0,1,45.0,0.0
1505.6755335,3,1,1,0,1,45.0,0.0
1506.303484,1,3,5,1,65,57.0,580.739
1506.4110795,3,1,1,0,1,45.0,0.0
1507.518642,1,12,29,10,239,63.0,3601.0
1507.5186425,3,14,24,8,237,61.0,2431.0
1507.5186575,6,28,24,6,171,59.0,1773.0
1507.614701,1,15,37,13,244,64.0,5569.0
1507.6147045,3,10,28,10,240,63.0,3731.0
1507.6147155,6,35,28,9,204,61.0,2817.0
1507.7082915,3,1,1,0,1,45.0,0.0
1507.710506,1,15,31,9,186,63.0,3569.0
1507.7105095,3,10,25,8,237,61.0,2417.0
1507.7105245,6,35,24,6,176,59.0,1778.0
1507.80637,1,9,38,12,245,64.0,5518.0
1507.8063715,3,6,29,10,240,63.0,3744.0
1507.8063825,6,35,28,8,204,61.0,2791.0
1507.880426,1,2,2,0,7,57.0,153.257
1507.882018,1,1,2,0,7,57.0,85.435
1507.902205,1,13,32,9,181,62.0,3507.0
1507.9022065,3,10,24,8,237,62.0,2428.0
1507.9022175,6,35,24,6,180,59.0,1787.0
1507.9954845,6,1,5,0,37,57.0,181.105
1507.998239,1,15,37,13,282,65.0,5651.0
1507.9982425,3,14,28,10,237,63.0,3753.0
1507.9982545,6,38,27,9,207,61.0,2795.0
1508.093986,1,12,30,10,242,63.0,3600.0
1508.0939875,3,13,26,8,240,61.0,2445.0
1508.0939985,6,31,25,7,183,59.0,1794.0
1508.190872,1,15,38,13,245,65.0,5610.0
1508.1908755,3,14,29,10,241,63.0,3767.0
1508.1908835,6,35,27,9,211,61.0,2811.0
1508.8946455,3,1,1,0,1,45.0,0.0
1509.2249455,3,1,1,0,1,45.0,0.0
1509.2516655,6,3,3,1,25,61.0,417.077
1509.2756125,6,1,2,0,9,57.0,83.361
1509.3351855,3,1,1,0,1,45.0,0.0
1509.381144,1,2,2,0,3,57.0,64.925
1509.5794885,3,1,1,0,1,45.0,0.0
1509.682916,1,5,6,1,40,60.0,506.041
1509.8227715,3,1,1,0,1,45.0,0.0
1510.053336,1,2,5,1,43,60.0,356.008
1510.3460635,6,2,2,0,6,57.0,108.871
1510.605484,4,1,1,0,1,45.0,0.0
1510.605558,2,1,2,0,1,50.0,0.0
1510.617498,1,2,8,2,65,59.0,625.356
1510.678732,1,9,31,9,184,62.0,3565.0
1510.6787335,3,10,26,8,237,61.0,2506.0
1510.6787445,6,35,26,6,180,59.0,1700.0
1510.6959595,3,1,1,0,1,45.0,0.0
1510.775567,1,15,38,13,245,65.0,5635.0
1510.7755705,3,10,28,10,241,63.0,3856.0
1510.7755785,6,42,30,9,208,61.0,2653.0
1510.835526,1,6,6,1,41,60.0,784.69
1510.871749,1,6,31,10,213,62.0,3601.0
1510.8717505,3,10,25,8,237,62.0,2512.0
1510.8717615,6,39,25,6,180,59.0,1701.0
1510.967461,1,15,39,13,242,64.0,5635.0
1510.9674645,3,10,28,10,237,63.0,3831.0
1510.9674755,6,39,29,8,184,61.0,2613.0
1511.063156,1,12,31,9,184,63.0,3569.0
1511.0631575,3,6,26,8,237,61.0,2524.0
1511.0631685,6,35,27,6,180,59.0,1697.0
1511.15895,1,15,37,14,283,65.0,5699.0
1511.1589535,3,10,29,10,241,63.0,3880.0
1511.1589655,6,31,31,9,244,61.0,2665.0
1511.245193,1,4,5,1,15,60.0,696.611
1511.254798,1,13,30,10,216,63.0,3607.0
1511.2547995,3,10,25,8,237,61.0,2507.0
1511.2548105,6,39,26,6,175,59.0,1660.0
1511.285527,1,3,5,1,14,57.0,409.287
1511.350669,1,9,37,12,216,64.0,5510.0
1511.3506705,3,6,28,10,237,63.0,3849.0
1511.3506815,6,35,30,9,208,61.0,2632.0
1511.6121165,3,1,1,0,1,45.0,0.0
1511.776403,1,1,3,0,4,56.0,62.022
1512.497251,1,2,6,1,42,60.0,428.292
1512.614169,1,2,20,8,125,68.0,5025.0
1512.658558,1,5,32,21,216,73.0,25181.0
1512.6598,1,22,6,1,57,60.0,415.209
1512.660663,1,2,9,2,46,65.0,1552.0
1513.4056135,6,1,3,0,7,57.0,149.765
1513.6824645,3,1,1,0,1,45.0,0.0
1513.720153,1,3,4,0,14,59.0,397.918
1513.854616,1,15,27,9,187,63.0,3617.0
1513.8546195,3,10,26,8,241,62.0,2561.0
1513.8546305,6,32,28,7,184,59.0,1678.0
1513.950658,1,9,35,13,321,64.0,5628.0
1513.9506595,3,6,27,10,241,63.0,3899.0
1513.9506705,6,35,32,10,272,60.0,2675.0
1514.046422,1,15,28,10,187,63.0,3675.0
1514.0464255,3,10,26,8,238,62.0,2570.0
1514.0464405,6,28,28,7,180,59.0,1730.0
1514.142143,1,9,33,13,321,64.0,5602.0
1514.1421445,3,6,28,10,241,63.0,3906.0
1514.1421555,6,35,33,10,272,60.0,2664.0
1514.238007,1,6,28,9,182,62.0,3552.0
1514.2380085,3,10,26,8,238,62.0,2555.0
1514.2380195,6,35,28,7,184,58.0,1674.0
1514.333879,1,15,34,13,222,65.0,5610.0
1514.3338825,3,10,28,10,238,63.0,3913.0
1514.3338905,6,35,34,10,272,60.0,2681.0
1514.429945,1,6,28,10,213,62.0,3602.0
1514.4299465,3,6,26,8,238,61.0,2541.0
1514.4299575,6,39,26,7,184,58.0,1670.0
1514.525701,1,6,34,13,281,64.0,5583.0
1514.5257025,3,10,28,10,241,63.0,3933.0
1514.5257135,6,35,33,10,269,60.0,2678.0
1514.8314555,6,2,4,0,24,60.0,283.273
1514.8491395,6,3,5,1,28,65.0,895.187
1514.888339,1,2,6,1,59,58.0,282.629
1515.059317,1,3,3,0,14,56.0,233.124
1515.236766,1,2,3,0,3,63.0,231.553
1515.2395145,6,2,4,1,28,61.0,422.519
1515.3735405,6,1,2,0,4,55.0,42.819
1515.4302195,3,1,1,0,1,45.0,0.0
1515.8337705,3,1,1,0,1,45.0,0.0
1516.9594885,6,1,3,0,21,55.0,110.752
1516.9887285,6,2,5,0,25,61.0,322.12
1516.989664,1,12,26,9,185,62.0,3550.0
1516.9896645,3,7,25,8,239,61.0,2552.0
1516.9896765,6,35,31,8,249,58.0,1753.0
1517.069417,1,2,9,2,64,61.0,902.527
1517.085406,1,15,30,12,226,65.0,5617.0
1517.0854095,3,10,29,10,239,63.0,3916.0
1517.0854175,6,32,35,10,273,60.0,2753.0
1517.181285,1,12,27,9,213,63.0,3608.0
1517.1812865,3,13,24,8,238,61.0,2539.0
1517.1812975,6,35,31,8,246,59.0,1760.0
1517.277103,1,15,31,12,223,65.0,5601.0
1517.2771065,3,10,29,10,242,63.0,3922.0
1517.2771175,6,36,35,10,250,60.0,2718.0
1517.3732,1,15,28,10,219,63.0,3663.0
1517.3732035,3,10,25,8,239,61.0,2572.0
1517.3732185,6,25,30,7,180,59.0,1689.0
1517.3821975,3,5,11,2,109,61.0,636.311
1517.382202,1,33,18,5,159,61.0,1507.0
1517.382208,5,37,18,3,85,59.0,1025.0
1517.3822105,6,1,14,2,94,57.0,486.274
1517.468939,1,15,29,12,226,64.0,5630.0
1517.4689425,3,10,29,10,242,63.0,3913.0
1517.4689535,6,32,36,10,270,60.0,2759.0
1517.564686,1,15,27,10,219,63.0,3675.0
1517.5646895,3,10,27,8,235,62.0,2599.0
1517.5647045,6,28,30,7,196,58.0,1682.0
1517.639057,1,2,9,3,59,65.0,2041.0
1517.659135,1,3,4,0,14,56.0,167.391
1517.660505,1,15,30,12,219,65.0,5606.0
1517.6605085,3,10,30,10,239,63.0,3904.0
1517.6605165,6,35,37,10,253,60.0,2740.0
1517.7100555,6,2,4,0,17,61.0,582.334
1517.744501,1,2,3,0,7,57.0,130.304
1517.777008,2,1,1,0,1,50.0,0.0
1517.788175,1,3,19,10,161,75.0,13337.0
1517.816744,1,2,7,2,43,65.0,1336.0
1517.936357,1,3,15,3,109,63.0,1189.0
1517.9363795,6,5,6,1,43,60.0,398.545
1518.027639,1,2,12,2,42,65.0,1325.0
1518.215034,5,14,30,9,181,63.0,3384.0
1518.2150345,6,2,21,4,168,58.0,1141.0
1518.215037,4,2,3,0,41,50.0,93.525
1518.21504,2,30,25,10,178,65.0,4500.0
1518.2150415,3,1,11,2,109,58.0,426.521
1518.215043,1,22,24,7,180,60.0,2186.0
1518.5554165,3,2,1,0,2,45.0,7.169
1518.7237445,6,1,2,0,1,55.0,0.0
1518.888048,5,2,13,2,76,63.0,982.926
1518.911222,5,7,30,10,252,64.0,4098.0
1518.911228,1,46,25,5,164,57.0,1127.0
1518.9112345,6,22,19,5,139,63.0,1515.0
1518.911236,4,6,5,1,44,56.0,257.325
1518.9112385,3,45,12,3,117,57.0,793.428
1518.911251,2,2,11,4,73,64.0,2312.0
1519.2742755,6,2,3,0,15,56.0,180.139
1519.427747,1,2,4,0,32,58.0,248.357
1519.741528,1,2,8,2,67,61.0,938.756
1519.8335585,3,1,1,0,1,45.0,0.0
1519.836581,2,3,15,7,149,68.0,4521.0
1519.8365865,3,1,10,2,118,58.0,371.34
1519.836594,1,15,16,3,91,61.0,959.403
1519.8365965,6,13,12,2,87,56.0,534.138
1519.8604835,3,1,1,0,1,45.0,0.0
1520.032493,1,15,26,10,219,63.0,3628.0
1520.0324965,3,10,24,7,157,61.0,2402.0
1520.0325075,6,32,31,8,247,58.0,1838.0
1520.128502,1,15,29,12,219,64.0,5552.0
1520.1285055,3,10,30,11,284,64.0,3917.0
1520.1285165,6,32,37,10,274,60.0,2859.0
1520.170491,1,2,7,0,20,58.0,221.894
1520.224363,1,15,27,9,167,63.0,3570.0
1520.2243665,3,4,26,8,236,61.0,2527.0
1520.2243815,6,32,31,7,184,58.0,1750.0
1520.320401,1,13,29,12,217,64.0,5472.0
1520.3204025,3,10,31,10,239,63.0,3891.0
1520.3204135,6,32,37,10,271,60.0,2866.0
1520.416167,1,15,27,9,167,63.0,3571.0
1520.4161705,3,10,24,8,236,61.0,2522.0
1520.4161855,6,32,31,7,184,58.0,1751.0
1520.44614,1,2,29,24,254,81.0,58207.0
1520.511888,1,6,30,12,217,64.0,5465.0
1520.5118895,3,6,30,10,239,64.0,3875.0
1520.5119005,6,32,38,10,271,60.0,2870.0
1520.5243375,6,2,3,1,24,65.0,676.508
1520.576633,1,2,10,3,64,65.0,2365.0
1520.607749,1,6,27,9,217,62.0,3574.0
1520.6077505,3,6,24,8,194,62.0,2481.0
1520.6077615,6,32,31,7,184,58.0,1749.0
1520.703587,1,15,29,12,219,65.0,5539.0
1520.7035905,3,10,30,10,236,63.0,3874.0
1520.7036015,6,32,36,10,247,60.0,2853.0
1520.8025355,3,2,6,1,87,56.0,240.57
1520.8025505,6,2,10,2,68,55.0,441.037
1520.99553,1,2,10,1,49,63.0,494.864
1521.0274395,6,6,16,3,141,59.0,778.468
1521.027447,1,9,13,2,114,56.0,505.193
1521.027499,4,1,2,0,1,47.0,0.0
1521.376694,1,6,6,1,41,60.0,609.309
1521.413749,1,1,2,0,7,56.0,88.032
1521.4437885,3,2,1,0,4,55.0,62.239
1521.5268955,6,1,3,0,4,57.0,66.732
1521.556879,5,2,30,34,356,84.0,130318.0
1521.5568965,6,15,8,1,36,59.0,574.371
1521.7934355,6,1,6,2,24,69.0,1535.0
1521.854287,5,3,7,1,20,61.0,944.915
1523.065986,1,6,26,9,217,62.0,3575.0
1523.0659875,3,6,23,8,194,61.0,2480.0
1523.0659985,6,32,32,8,227,57.0,1922.0
1523.162535,1,15,30,12,223,65.0,5592.0
1523.1625385,3,10,27,10,198,63.0,3808.0
1523.1625465,6,39,35,10,234,60.0,2957.0
1523.162551,5,40,22,7,224,59.0,1645.0
1523.258597,1,9,26,9,217,62.0,3595.0
1523.2585985,3,6,24,8,218,61.0,2487.0
1523.2586095,6,32,31,8,227,57.0,1916.0
1523.2853975,6,2,2,0,10,58.0,166.979
1523.355463,1,15,31,12,220,64.0,5586.0
1523.3554665,3,7,28,10,219,63.0,3864.0
1523.3554785,6,32,37,11,272,59.0,3014.0
1523.451229,1,15,28,10,220,63.0,3666.0
1523.4512325,3,10,22,8,195,61.0,2479.0
1523.4512475,6,32,31,8,212,58.0,1892.0
1523.547009,1,15,31,12,220,64.0,5590.0
1523.5470125,3,11,28,10,198,63.0,3805.0
1523.5470245,6,35,36,10,227,59.0,2954.0
1523.642855,1,15,27,9,196,63.0,3629.0
1523.6428585,3,10,24,8,191,62.0,2457.0
1523.6428735,6,1,32,7,212,58.0,1889.0
1523.705176,5,6,41,14,269,67.0,5532.0
1523.705182,1,54,35,11,298,59.0,2964.0
1523.705184,4,4,5,1,62,56.0,260.25
1523.7051845,6,3,37,13,270,66.0,6050.0
1523.705187,2,16,32,15,206,66.0,8318.0
1523.7051895,3,12,19,7,204,59.0,1755.0
1523.738701,1,15,31,12,220,64.0,5621.0
1523.7387045,3,10,27,10,198,63.0,3797.0
1523.7387155,6,32,35,11,276,59.0,3036.0
1523.8628745,6,1,14,2,107,56.0,389.832
1523.985084,1,38,15,3,111,56.0,852.375
1523.985106,5,6,10,2,73,59.0,711.925
1524.161757,1,2,5,0,35,58.0,226.647
1524.185355,1,2,8,3,64,67.0,2020.0
1524.239232,1,2,3,0,8,58.0,164.377
1524.350163,1,195,10,1,198,56.0,213.19
1524.353571,1,4,5,1,37,56.0,252.085
1524.360043,1,4,40,86,420,91.0,671235.0
1524.360059,2,7,27,13,164,67.0,8449.0
1524.3600605,3,13,25,7,198,65.0,2774.0
1524.36007,5,36,29,8,210,62.0,2959.0
1524.3600795,6,2,25,6,152,63.0,2224.0
1524.376654,1,2,10,3,61,67.0,2310.0
1524.46167,1,2,4,1,41,60.0,499.111
1524.504026,1,2,2,0,9,58.0,130.112
1524.598165,1,3,5,0,11,56.0,177.148
1524.6766485,6,2,9,1,27,60.0,916.315
1524.676657,5,6,17,1,36,59.0,463.963
1524.743873,1,3,4,0,37,56.0,175.759
1525.057774,1,3,8,1,61,56.0,488.525
1525.077187,5,2,12,8,86,73.0,9834.0
1525.248456,5,2,7,2,22,65.0,1506.0
1525.339667,1,3,3,0,11,57.0,199.034
1525.590715,1,3,4,0,39,57.0,304.767
1525.835355,1,2,3,0,3,56.0,47.25
1526.11987,1,15,30,10,220,63.0,3663.0
1526.1198735,3,10,24,8,195,61.0,2480.0
1526.1198885,6,118,31,8,216,58.0,1936.0
1526.1402425,3,5,19,6,198,60.0,1686.0
1526.140246,1,23,33,16,299,69.0,10518.0
1526.140246,5,30,45,17,189,68.0,10402.0
1526.140248,2,8,30,16,198,71.0,10734.0
1526.140252,4,2,6,1,82,49.0,195.689
1526.1402565,6,15,27,9,179,61.0,3473.0
1526.216737,1,13,32,12,214,64.0,5491.0
1526.2167385,3,6,25,10,198,63.0,3801.0
1526.216748,5,43,22,7,224,59.0,1741.0
1526.2167495,6,32,34,10,219,59.0,2973.0
1526.268962,1,2,4,0,28,56.0,135.218
1526.31281,1,9,29,10,214,62.0,3602.0
1526.3128115,3,6,24,8,198,61.0,2470.0
1526.3128225,6,121,31,8,222,57.0,1956.0
1526.3708775,6,2,2,0,7,56.0,112.169
1526.409671,1,15,35,13,251,64.0,5626.0
1526.4096745,3,11,27,10,199,63.0,3813.0
1526.4096865,6,121,34,10,228,59.0,3014.0
1526.4415075,6,1,4,0,23,59.0,203.498
1526.505422,1,9,29,10,214,62.0,3583.0
1526.5054235,3,6,23,8,195,61.0,2479.0
1526.5054345,6,121,31,8,222,57.0,1961.0
1526.5603175,6,5,7,1,50,55.0,243.216
1526.601187,1,6,34,12,214,64.0,5477.0
1526.6011885,3,6,27,10,198,64.0,3783.0
1526.6011995,6,32,34,10,219,59.0,2973.0
1526.696937,1,13,30,9,156,62.0,3501.0
1526.6969385,3,10,23,8,198,62.0,2469.0
1526.6969495,6,29,30,8,211,57.0,1926.0
1526.7883965,6,2,6,1,30,62.0,570.964
1526.793597,1,12,34,13,251,64.0,5630.0
1526.7936015,3,10,26,10,198,63.0,3789.0
1526.7936125,6,32,34,10,225,59.0,3003.0
1526.8193205,6,2,3,0,8,59.0,226.44
1526.8379295,6,2,4,1,25,62.0,568.509
1526.8904565,6,1,3,0,1,55.0,0.0
1527.098214,1,2,7,1,44,59.0,440.161
1527.283188,1,2,3,0,8,59.0,145.302
1527.318524,2,2,10,2,45,65.0,1210.0
1527.318528,1,11,18,4,130,63.0,1423.0
1527.355668,1,3,13,3,120,63.0,940.678
1527.484794,1,6,11,4,63,67.0,3642.0
1527.682649,1,2,1,0,6,58.0,115.054
1527.8168375,6,1,20,5,179,61.0,1115.0
1527.816844,5,6,15,4,108,64.0,1690.0
1527.816853,1,39,18,4,189,56.0,822.424
1527.8168665,3,18,10,2,102,55.0,476.024
1527.9167595,6,2,4,2,27,67.0,1466.0
1528.028369,1,2,7,2,47,62.0,804.456
1528.2237665,6,2,3,0,17,55.0,113.012
1528.2807185,6,20,12,2,112,56.0,463.563
1528.343232,1,2,13,4,114,64.0,1963.0
1528.3432575,6,2,4,0,6,59.0,135.25
1528.4987375,6,18,13,4,192,60.0,762.707
1528.4987545,3,13,8,2,104,55.0,335.602
1528.519638,1,3,5,0,34,57.0,263.655
1528.541675,5,2,7,2,30,60.0,970.792
1528.659813,1,5,17,9,142,71.0,8891.0
1528.739869,1,2,7,1,37,58.0,373.162
1528.897788,1,6,9,2,41,63.0,1291.0
1529.012655,1,3,3,0,11,60.0,433.599
1529.073025,1,2,4,1,39,59.0,467.557
1529.188148,1,3,12,4,64,67.0,3459.0
1529.18909,1,3,35,27,171,83.0,83440.0
1529.1891105,3,5,5,0,11,56.0,156.552
1529.203908,1,13,30,9,156,62.0,3395.0
1529.2039095,3,10,24,8,195,61.0,2434.0
1529.2039205,6,122,31,8,223,57.0,1874.0
1529.300736,1,15,36,12,217,64.0,5498.0
1529.3007395,3,7,28,10,199,63.0,3766.0
1529.30075,5,57,31,7,218,59.0,1843.0
1529.3007515,6,32,36,10,229,59.0,3019.0
1529.39689,1,9,30,9,161,62.0,3430.0
1529.3968915,3,6,25,8,195,61.0,2445.0
1529.3969025,6,32,31,8,223,57.0,1860.0
1529.489499,1,4,3,0,9,57.0,265.286
1529.492606,1,15,34,13,251,64.0,5428.0
1529.4926095,3,10,27,10,199,64.0,3762.0
1529.4926205,6,122,35,10,230,59.0,2880.0
1529.492622,5,40,28,7,222,59.0,1815.0
1529.58841,1,15,30,9,194,62.0,3503.0
1529.5884135,3,10,24,8,195,62.0,2459.0
1529.5884245,6,122,31,7,212,57.0,1807.0
1529.684123,1,15,35,13,251,64.0,5436.0
1529.6841265,3,10,29,10,199,63.0,3755.0
1529.6841375,6,122,34,10,230,59.0,2845.0
1529.684139,5,1,29,7,222,59.0,1828.0
1529.779982,1,15,31,9,194,62.0,3517.0
1529.7799855,3,10,24,8,195,61.0,2434.0
1529.7800005,6,118,30,8,223,57.0,1856.0
1529.875847,1,15,35,13,290,64.0,5469.0
1529.8758505,3,10,28,10,199,63.0,3776.0
1529.8758625,6,35,35,10,263,58.0,2887.0
1529.922999,1,5,23,17,129,79.0,44719.0
1529.9230235,3,2,3,0,11,56.0,146.164
1529.9817895,6,11,8,2,92,59.0,578.859
1530.232949,1,2,4,0,35,56.0,164.338
1530.3104315,6,4,2,0,5,55.0,94.297
1530.364983,1,2,1,0,3,56.0,55.511
1530.612729,1,4,4,0,39,57.0,215.138
1530.7738795,6,1,3,0,6,55.0,54.963
1531.0199635,3,1,6,1,59,59.0,333.159
1531.18192,1,2,9,3,64,65.0,2280.0
1531.247791,1,1,5,0,33,56.0,128.01
1531.3954715,6,1,5,0,22,58.0,190.03
1531.440553,1,9,10,1,62,56.0,367.948
1531.461289,1,2,14,3,95,62.0,1031.0
1531.4613175,6,2,8,1,61,55.0,266.178
1531.579609,1,3,10,3,64,64.0,2186.0
1531.649739,1,1,10,1,85,58.0,343.143
1531.800837,1,3,3,0,8,56.0,216.235
1531.8527235,3,3,5,1,106,55.0,266.049
1531.852728,1,7,17,5,184,58.0,936.412
1531.8527545,6,1,12,3,134,56.0,545.518
1531.948095,1,2,2,0,25,61.0,320.446
1532.1259885,6,2,3,0,16,58.0,231.948
1532.3195025,3,197,28,10,383,61.0,2593.0
1532.319506,1,195,47,13,397,62.0,3777.0
1532.3195305,6,206,42,10,401,57.0,1971.0
1532.415735,1,15,36,12,294,63.0,4934.0
1532.4157385,3,3,28,10,200,63.0,3656.0
1532.4157505,6,32,38,9,230,58.0,2509.0
1532.4761045,6,3,3,0,13,55.0,266.205
1532.5116,1,13,30,9,212,62.0,3084.0
1532.5116015,3,10,25,8,196,62.0,2388.0
1532.5116165,6,32,33,7,220,56.0,1605.0
1532.5207415,6,9,9,2,40,65.0,2571.0
1532.5758125,6,6,5,1,23,60.0,508.548
1532.607642,1,12,35,12,294,63.0,4899.0
1532.6076455,3,7,27,10,200,63.0,3663.0
1532.607656,5,43,29,7,209,59.0,1816.0
1532.6076575,6,119,38,10,255,58.0,2537.0
1532.614112,1,2,4,0,5,57.0,93.43
1532.703432,1,15,30,8,167,62.0,3061.0
1532.7034355,3,10,25,8,196,62.0,2380.0
1532.7034545,6,28,28,7,223,56.0,1578.0
1532.737415,1,1,8,0,22,56.0,245.503
1532.760137,1,2,6,1,37,62.0,997.095
1532.799129,1,12,36,12,294,63.0,4830.0
1532.7991325,3,7,27,10,200,63.0,3651.0
1532.799143,5,43,29,7,209,59.0,1828.0
1532.7991445,6,32,38,10,252,58.0,2490.0
1532.894965,1,13,30,8,162,62.0,2959.0
1532.8949665,3,10,25,8,196,62.0,2358.0
1532.8949775,6,36,32,7,231,57.0,1579.0
1532.9016995,6,1,3,0,14,55.0,92.052
1532.990822,1,6,34,12,252,63.0,4643.0
1532.9908235,3,6,28,10,199,63.0,3642.0
1532.990833,5,43,30,7,219,59.0,1838.0
1532.9908345,6,119,38,9,231,58.0,2424.0
1533.0479395,6,2,2,1,21,58.0,383.633
1533.1335455,6,2,2,0,5,55.0,67.508
1533.144612,1,2,16,3,118,61.0,1167.0
1533.1446155,3,20,6,1,40,58.0,451.923
1533.1446155,6,58,16,2,101,55.0,515.973
1533.256918,1,2,9,4,76,69.0,2800.0
1533.3061345,6,4,5,1,25,58.0,320.875
1533.35465,5,4,22,6,148,61.0,2078.0
1533.3546525,6,14,21,6,191,65.0,1847.0
1533.354661,1,68,22,4,163,58.0,793.428
1533.357598,1,1,9,1,50,58.0,539.095
1533.416066,1,2,1,0,17,59.0,208.548
1533.5622025,6,3,2,0,12,59.0,204.008
1533.7269465,6,2,3,0,19,61.0,474.827
1533.9737705,6,1,1,0,5,57.0,86.913
1534.085373,1,1,15,6,118,71.0,4637.0
1534.305725,1,2,8,1,47,63.0,666.659
1534.3257,1,3,4,0,33,59.0,296.688
1534.369494,1,4,14,4,114,64.0,1621.0
1534.3695195,6,1,6,1,74,56.0,207.202
1534.387926,1,2,8,2,44,61.0,967.815
1534.4064365,6,1,4,0,21,61.0,278.836
1534.47698,1,2,4,1,35,64.0,752.253
1534.584301,1,2,6,1,40,61.0,563.153
1534.614935,1,2,4,0,6,58.0,107.824
1534.736467,1,2,13,4,118,67.0,2389.0
1534.8103845,6,1,5,0,14,56.0,183.995
1534.866169,5,4,21,8,138,68.0,6652.0
1534.8661765,6,2,12,3,112,58.0,750.23
1534.9649495,6,2,2,0,15,56.0,102.685
1534.984573,1,4,7,2,39,64.0,1246.0
1534.992127,1,1,6,1,17,62.0,745.728
1535.067392,1,3,7,1,39,60.0,753.409
1535.0845685,6,1,10,1,69,57.0,317.914
1535.227949,5,12,20,7,170,66.0,3741.0
1535.2279635,6,13,14,4,122,63.0,1305.0
1535.227973,4,2,1,0,2,45.0,6.53
1535.478126,1,1,7,1,42,61.0,766.011
1535.4929,1,6,32,9,253,61.0,2620.0
1535.4929015,3,6,23,7,196,61.0,2274.0
1535.4929125,6,1,29,6,225,57.0,1345.0
1535.589766,1,15,33,11,292,63.0,4132.0
1535.5897695,3,10,27,10,215,63.0,3518.0
1535.5897775,6,36,36,9,254,58.0,2129.0
1535.5898,5,23,26,6,187,59.0,1652.0
1535.6602255,6,2,4,0,16,56.0,159.421
1535.680684,5,7,7,1,18,62.0,1516.0
1535.685513,1,9,28,8,247,61.0,2648.0
1535.6855135,3,7,25,7,197,61.0,2285.0
1535.6855255,6,32,28,7,231,56.0,1359.0
1535.781331,1,15,34,11,292,63.0,4070.0
1535.7813345,3,10,27,9,196,64.0,3459.0
1535.7813455,6,36,36,9,303,58.0,2151.0
1535.877152,1,12,29,8,250,61.0,2586.0
1535.8771555,3,4,24,7,193,62.0,2246.0
1535.9274,1,2,4,0,35,58.0,181.456
1535.928598,1,3,31,17,174,78.0,29633.0
1535.929315,1,2,4,0,10,56.0,145.603
1535.973004,1,15,35,11,292,63.0,4015.0
1535.9730075,3,10,27,10,215,64.0,3489.0
1535.9730155,6,39,37,8,241,58.0,2063.0
1535.97302,5,41,26,6,205,59.0,1652.0
1535.980746,1,2,4,0,42,57.0,164.766
1536.016017,1,2,5,0,11,56.0,158.454
1536.066284,2,4,25,13,206,65.0,5885.0
1536.066285,1,12,31,9,242,63.0,2884.0
1536.066299,5,29,36,11,172,65.0,5104.0
1536.0662995,3,1,15,4,164,59.0,1098.0
1536.0663065,6,2,27,7,192,60.0,1877.0
1536.066314,4,1,2,0,46,49.0,87.912
1536.069061,1,6,29,8,250,61.0,2505.0
1536.0690625,3,6,25,7,196,61.0,2247.0
1536.0690735,6,32,28,7,244,56.0,1346.0
1536.166344,1,3,81,138,679,95.0,1404000.0
1536.166359,2,23,29,15,153,69.0,10923.0
1536.1663605,3,9,56,19,576,64.0,6580.0
1536.166367,5,24,59,18,579,65.0,5181.0
1536.1663755,6,3,59,20,682,65.0,6054.0
1536.1966275,6,2,2,0,3,56.0,59.573
1536.301824,5,3,17,4,91,60.0,1474.0
1536.3018445,6,9,9,1,25,58.0,373.878
1536.4436105,6,6,5,1,37,57.0,594.925
1536.459895,1,7,19,8,137,67.0,5734.0
1536.5210755,6,1,3,0,11,55.0,159.359
1536.552384,1,3,17,5,148,68.0,2758.0
1536.5524135,6,1,14,3,100,56.0,627.257
1536.610553,1,1,8,1,31,56.0,294.485
1536.640523,1,4,3,1,34,60.0,432.76
1536.660505,1,4,6,2,61,60.0,708.235
1536.677418,1,1,4,0,35,59.0,231.871
1536.869411,1,2,3,0,35,57.0,172.553
1536.9130085,6,2,2,0,11,55.0,72.803
1536.955844,5,3,25,8,205,64.0,3177.0
1536.9558445,3,1,11,3,150,59.0,601.145
1536.955845,1,32,33,8,191,60.0,2522.0
1536.9558535,6,11,23,7,176,66.0,3075.0
1537.000165,1,4,5,1,44,58.0,304.8
1537.052052,1,2,28,11,164,70.0,7660.0
1537.0520645,3,3,13,3,114,58.0,649.82
1537.0520725,6,7,16,4,135,60.0,1002.0
1537.1339885,6,1,2,0,10,56.0,98.61
1537.289542,1,4,19,5,315,64.0,1564.0
1537.2897275,6,3,10,3,130,60.0,773.154
1537.452266,5,1,9,1,55,61.0,444.344
1537.518889,1,2,2,0,8,56.0,121.262
1537.6668625,6,2,9,2,85,63.0,1243.0
1537.824626,1,3,16,3,63,60.0,1075.0
1537.8246375,6,2,8,0,11,56.0,108.234
1537.824641,5,4,15,2,65,59.0,730.167
1537.871487,1,2,3,0,35,58.0,211.098
1537.8745705,6,2,2,0,14,56.0,89.035
1537.939597,1,1,9,1,49,59.0,407.99
1538.2256935,6,5,19,4,138,59.0,1006.0
1538.2257005,3,2,11,2,123,55.0,540.133
1538.255799,1,4,18,5,133,70.0,3413.0
1538.2558085,3,2,9,2,84,57.0,559.369
1538.2558245,6,26,13,3,98,57.0,791.345
1538.3968925,6,6,6,0,18,56.0,129.628
1538.5523495,6,2,4,0,12,57.0,112.69
1538.679646,1,8,28,6,151,61.0,2114.0
1538.6796495,3,10,24,7,193,62.0,2201.0
1538.6796645,6,29,29,7,242,57.0,1355.0
1538.776505,1,6,37,10,254,63.0,3284.0
1538.7765065,3,6,30,9,212,63.0,3389.0
1538.7765175,6,1,33,8,242,58.0,2000.0
1538.872343,1,3,30,8,251,61.0,2130.0
1538.8723435,3,7,24,7,194,62.0,2186.0
1538.8723555,6,32,28,6,239,56.0,1296.0
1538.931623,1,4,11,3,52,67.0,3042.0
1538.9531435,6,2,4,0,14,55.0,113.496
1538.96838,1,6,38,10,254,63.0,3255.0
1538.9683815,3,6,30,9,215,63.0,3366.0
1538.9683925,6,54,32,8,246,58.0,2015.0
1539.010909,1,1,4,0,8,58.0,266.519
1539.0589595,6,2,4,0,23,57.0,253.219
1539.064129,1,8,31,8,251,61.0,2176.0
1539.0641325,3,10,24,7,190,61.0,2177.0
1539.0641475,6,29,28,6,242,57.0,1307.0
1539.159867,1,8,36,10,251,63.0,3268.0
1539.1598705,3,10,29,9,239,63.0,3395.0
1539.1598785,6,36,33,9,332,58.0,2098.0
1539.159883,5,41,23,5,155,59.0,1384.0
1539.1861065,6,1,3,0,11,56.0,113.318
1539.1974925,6,2,2,0,14,55.0,98.345
1539.2361105,6,2,5,0,21,55.0,135.305
1539.25087,5,2,25,25,231,82.0,71221.0
1539.2508825,6,16,13,4,96,60.0,1333.0
1539.255744,1,8,30,8,248,61.0,2137.0
1539.2557475,3,10,24,7,190,62.0,2151.0
1539.2557625,6,29,27,6,242,56.0,1306.0
1539.2611125,6,2,10,3,138,62.0,788.261
1539.352348,1,8,36,10,254,63.0,3259.0
1539.3523515,3,10,30,9,239,63.0,3427.0
1539.3523625,6,33,31,8,246,58.0,2020.0
1539.352364,5,41,23,6,227,59.0,1448.0
1539.4265465,6,1,6,2,29,67.0,1481.0
1539.459542,1,2,9,4,64,71.0,3884.0
1539.5425285,6,1,4,1,21,61.0,450.51
1539.554131,5,17,21,5,130,59.0,1560.0
1539.5541465,6,5,13,2,89,58.0,586.691
1539.55417,4,1,1,0,1,45.0,0.0
1539.6159705,6,2,3,0,17,58.0,254.822
1539.7934775,6,1,2,0,7,55.0,81.721
1539.8166915,6,2,2,0,7,55.0,71.51
1540.1106885,6,18,5,1,21,63.0,692.528
1540.1450315,6,1,3,0,17,56.0,92.104
1540.1585855,6,2,4,1,24,62.0,452.12
1540.244895,1,7,40,19,241,75.0,19300.0
1540.244905,5,27,35,11,229,62.0,4574.0
1540.2449095,3,15,17,4,169,59.0,890.711
1540.2449185,6,2,26,8,195,65.0,3097.0
1540.244941,4,1,3,0,1,50.0,0.0
1540.372732,5,5,26,6,167,63.0,2190.0
1540.3727345,6,2,16,5,185,59.0,1145.0
1540.372745,1,2,15,3,155,56.0,622.167
1540.463107,2,2,22,11,147,68.0,7485.0
1540.4631095,3,40,22,6,241,59.0,1462.0
1540.46311,5,15,26,9,200,65.0,3788.0
1540.463113,1,17,27,10,242,64.0,4067.0
1540.4631135,6,16,30,11,241,65.0,4828.0
1540.463175,4,1,1,0,1,47.0,0.0
1540.473605,1,39,16,3,100,58.0,788.533
1540.4736105,3,2,8,2,119,58.0,288.924
1540.4736165,6,6,15,4,107,60.0,1217.0
1540.473656,4,1,1,0,1,45.0,0.0
1540.559884,5,3,6,0,31,59.0,319.627
1540.565951,5,2,9,1,62,59.0,345.227
1540.5659685,6,1,5,0,14,55.0,103.388
1540.5679915,6,1,5,1,169,57.0,276.155
1540.588719,5,5,10,3,64,61.0,1169.0
1540.5887325,6,19,6,0,20,55.0,174.515
1540.609799,1,1,5,1,40,60.0,362.738
1540.634493,2,2,5,2,38,66.0,1222.0
1540.6438185,6,2,30,14,269,79.0,24611.0
1540.643832,5,25,26,7,163,62.0,2336.0
1540.643838,4,2,3,0,30,51.0,126.64
1540.643839,1,44,23,6,188,60.0,1692.0
1540.6438445,3,24,11,3,117,56.0,587.214
1540.6540555,3,6,14,7,244,63.0,2443.0
1540.654057,1,14,22,6,204,58.0,1345.0
1540.6540655,6,15,21,9,199,65.0,3388.0
1540.7940885,6,3,12,3,157,58.0,557.521
1540.8153625,6,2,5,1,25,61.0,594.086
1540.9135455,3,5,4,1,20,59.0,460.436
1540.913546,2,4,8,3,59,64.0,1229.0
1540.913557,1,28,14,2,75,57.0,726.717
1540.962376,1,3,15,4,92,69.0,3122.0
1540.9671715,6,8,7,1,24,60.0,639.121
1540.969796,1,2,4,1,39,56.0,287.904
1541.1215305,6,1,4,1,24,63.0,526.436
1541.142252,5,17,18,5,111,63.0,2256.0
1541.1422615,6,8,10,3,54,65.0,1868.0
1541.37369,1,3,8,0,22,61.0,338.184
1541.651014,1,4,7,2,61,63.0,1292.0
1541.665691,5,21,21,8,134,64.0,4103.0
1541.6657025,6,10,14,4,116,60.0,1173.0
1541.872782,1,6,29,7,252,61.0,1855.0
1541.8727855,3,7,22,7,191,61.0,2187.0
1541.8727975,6,54,26,6,168,57.0,1320.0
1541.911975,1,5,15,3,128,62.0,1018.0
1541.916637,1,5,19,12,142,75.0,18698.0
1541.921751,1,2,13,5,64,70.0,5145.0
1541.9422605,6,2,5,1,19,59.0,452.448
1541.96852,1,8,37,9,252,63.0,2827.0
1541.9685235,3,10,28,9,243,64.0,3399.0
1541.9685345,6,33,30,8,241,58.0,2175.0
1541.985279,1,4,4,1,37,61.0,411.114
1542.044588,1,2,5,2,95,56.0,380.736
1542.065396,1,6,30,6,215,62.0,1686.0
1542.0653975,3,6,24,7,190,62.0,2160.0
1542.0654085,6,54,26,6,165,56.0,1344.0
1542.079993,5,2,9,2,56,59.0,619.4
1542.159095,1,3,10,2,49,62.0,783.962
1542.161155,1,8,35,9,246,63.0,2790.0
1542.1611585,3,10,28,9,243,64.0,3418.0
1542.1611665,6,36,31,8,244,58.0,2163.0
1542.1987505,6,2,3,0,9,60.0,242.746
1542.2180085,3,6,10,1,66,55.0,274.285
1542.218011,5,35,24,6,157,61.0,2012.0
1542.2180155,6,4,13,3,151,56.0,748.988
1542.21804,4,1,1,0,1,45.0,0.0
1542.256892,1,6,31,6,215,62.0,1684.0
1542.2568935,3,6,23,7,190,62.0,2206.0
1542.2569045,6,54,26,6,165,57.0,1350.0
1542.303498,1,5,12,4,66,67.0,2829.0
1542.3037615,6,3,4,1,17,60.0,529.807
1542.327398,1,4,6,1,37,59.0,410.508
1542.349567,1,2,6,0,5,58.0,141.632
1542.35279,1,1,37,9,255,63.0,2778.0
1542.3527935,3,7,27,9,247,63.0,3436.0
1542.3528055,6,54,32,8,244,59.0,2178.0
1542.3729805,6,2,6,0,13,55.0,94.61
1542.448618,1,8,28,6,226,61.0,1800.0
1542.4486215,3,10,24,7,191,62.0,2215.0
1542.4486365,6,29,24,6,165,56.0,1345.0
1542.467916,1,2,6,1,46,57.0,217.412
1542.5137545,6,1,2,0,9,55.0,64.678
1542.533344,1,12,9,1,35,58.0,328.799
1542.537082,1,2,36,39,222,83.0,157937.0
1542.544671,1,6,37,9,255,63.0,2746.0
1542.5446745,3,7,28,9,247,63.0,3449.0
1542.5446865,6,54,31,8,244,59.0,2206.0
1542.559864,1,2,12,3,53,67.0,2395.0
1542.566393,5,2,11,2,66,60.0,772.846
1542.573827,1,2,9,2,47,58.0,791.281
1542.644829,1,4,9,2,67,65.0,1391.0
1542.813399,1,2,10,2,96,57.0,371.01
1542.819524,1,2,10,2,56,59.0,650.742
1542.912729,1,1,11,1,47,57.0,292.898
1542.9127315,6,2,3,0,21,55.0,80.569
1543.0275635,6,2,3,0,17,57.0,346.601
1543.1988045,3,14,10,3,202,58.0,658.075
1543.1988065,6,2,18,4,141,58.0,981.39
1543.204957,5,2,8,1,44,62.0,776.952
1543.2049775,6,2,10,2,111,55.0,315.01
1543.2886565,6,1,7,0,21,57.0,155.163
1543.370198,1,3,3,0,9,58.0,193.941
1543.406154,1,2,8,2,56,61.0,1037.0
1543.493544,5,18,27,10,220,64.0,4096.0
1543.4935625,6,6,12,3,49,68.0,3095.0
1543.49357,1,20,16,4,164,57.0,851.252
1543.5482605,6,2,3,1,19,63.0,502.957
1543.5848315,6,2,3,0,14,55.0,77.681
1543.62764,5,13,24,9,174,67.0,5797.0
1543.6276485,6,10,13,4,94,65.0,1926.0
1543.6469015,6,5,5,0,21,55.0,199.099
1543.659423,1,5,17,5,112,66.0,2180.0
1543.6594465,6,6,5,0,13,59.0,341.289
1543.6699955,6,5,4,1,26,63.0,814.808
1543.695534,1,2,5,1,44,61.0,612.11
1543.7522745,6,2,1,0,6,55.0,57.23
1543.797339,1,18,25,7,222,65.0,2425.0
1543.7973425,3,3,16,4,168,55.0,909.295
1543.7973445,6,41,22,8,229,63.0,2246.0
1543.813745,5,4,13,2,61,63.0,1145.0
1543.8137625,6,7,10,2,69,58.0,532.904
1544.0720525,3,2,2,0,7,59.0,184.33
1544.074823,5,4,6,1,28,61.0,565.343
1544.1226905,3,56,22,8,215,59.0,1987.0
1544.122694,5,11,39,12,186,65.0,6282.0
1544.1226945,6,5,31,11,217,64.0,4970.0
1544.122695,4,4,10,2,48,58.0,661.84
1544.122696,1,34,33,11,206,64.0,5082.0
1544.122701,2,25,28,15,191,68.0,9208.0
1544.200094,5,3,8,1,30,59.0,561.845
1544.267463,5,2,6,1,30,59.0,487.172
1544.2819665,6,2,3,0,10,60.0,221.635
1544.434255,5,4,3,0,18,61.0,416.007
1544.4408155,3,1,7,1,63,58.0,282.048
1544.4408185,6,1,15,3,138,58.0,594.653
1544.440829,1,8,23,5,166,58.0,1011.0
1544.479271,1,4,13,3,95,62.0,1200.0
1544.4833915,6,3,14,7,112,70.0,9373.0
1544.4834215,3,24,6,1,60,55.0,248.164
1544.54313,1,2,6,1,44,60.0,446.766
1544.6126595,6,3,28,18,210,80.0,49173.0
1544.612672,5,34,27,8,165,64.0,3417.0
1544.612675,4,2,2,0,24,54.0,114.179
1544.612694,1,2,20,5,131,61.0,1276.0
1544.6126995,3,1,11,2,121,55.0,494.273
1544.635024,5,4,10,2,29,60.0,959.585
1544.6703175,3,2,7,1,58,58.0,484.357
1544.670321,1,13,14,3,97,57.0,677.793
1544.6703225,6,18,17,3,162,56.0,658.971
1544.7065425,6,2,7,1,57,58.0,550.214
1544.711809,1,14,33,11,206,67.0,5559.0
1544.711818,2,2,22,11,150,65.0,5807.0
1544.711822,5,21,26,8,170,60.0,2573.0
1544.7118285,3,1,15,3,160,58.0,673.257
1544.7118305,6,2,22,7,240,63.0,2273.0
1544.7313475,6,3,8,3,230,65.0,1297.0
1544.8713935,6,2,7,1,73,58.0,408.38
1544.975869,5,5,34,11,170,68.0,5382.0
1544.9758745,6,30,24,7,162,65.0,2884.0
1544.9758795,3,1,17,4,148,58.0,841.843
1544.975882,1,25,25,7,200,60.0,2138.0
1544.975887,2,18,18,9,174,65.0,4159.0
1544.975923,4,1,1,0,1,47.0,0.0
1544.986888,1,1,7,1,40,63.0,943.191
1545.0033295,6,2,6,2,35,69.0,2020.0
1545.0076275,6,1,3,0,1,55.0,0.0
1545.011498,1,6,26,7,289,62.0,1641.0
1545.0114985,3,7,23,7,188,62.0,2248.0
1545.0115105,6,33,26,6,175,56.0,1542.0
1545.049432,5,2,7,1,36,60.0,622.976
1545.0494465,6,2,4,0,14,57.0,229.662
1545.108337,1,8,30,9,291,64.0,2653.0
1545.1083405,3,10,26,9,191,64.0,3461.0
1545.1083515,6,33,29,9,286,59.0,2533.0
1545.1791305,3,3,6,0,5,56.0,98.633
1545.1791585,6,1,9,1,64,55.0,300.459
1545.193454,1,2,5,0,8,57.0,155.511
1545.204142,1,8,27,6,226,61.0,1640.0
1545.2041455,3,10,23,7,191,62.0,2264.0
1545.2041565,6,1,25,6,173,57.0,1549.0
1545.2807315,6,2,5,2,24,65.0,1472.0
1545.292966,1,2,6,1,44,60.0,570.172
1545.2986205,6,3,4,0,22,57.0,182.971
1545.299976,1,8,31,9,289,63.0,2637.0
1545.2999795,3,10,27,9,191,64.0,3430.0
1545.2999875,6,58,29,9,296,58.0,2504.0
1545.313509,5,12,15,3,46,62.0,2049.0
1545.367802,1,4,5,1,37,58.0,457.991
1545.39586,1,1,25,7,289,62.0,1652.0
1545.3958615,3,6,23,7,184,62.0,2235.0
1545.3958725,6,1,26,6,172,56.0,1536.0
1545.421029,5,17,15,4,74,61.0,1638.0
1545.491873,1,1,31,9,295,63.0,2655.0
1545.4918765,3,11,27,9,245,63.0,3512.0
1545.4918885,6,54,28,9,286,58.0,2504.0
1545.5416755,6,2,9,3,24,64.0,2400.0
1545.587624,1,1,24,6,238,61.0,1594.0
1545.5876245,3,7,23,7,188,61.0,2269.0
1545.5876365,6,1,26,6,172,56.0,1561.0
1545.590789,1,10,8,1,47,58.0,521.626
1545.683365,1,9,30,9,292,64.0,2648.0
1545.6833685,3,7,28,9,189,64.0,3487.0
1545.6833805,6,33,29,9,286,58.0,2500.0
1545.7464565,6,3,4,1,25,63.0,545.959
1545.7567485,6,4,3,0,14,59.0,187.929
1545.873645,1,2,8,2,47,63.0,961.242
1545.9279795,6,1,7,1,35,56.0,236.939
1545.971336,5,3,36,12,211,65.0,5782.0
1545.971344,1,2,35,10,280,63.0,3218.0
1545.9713465,6,14,29,12,261,64.0,5219.0
1545.971347,2,16,23,11,182,65.0,4957.0
1545.9713475,3,62,20,5,168,62.0,1293.0
1545.97135,4,44,5,1,45,52.0,236.288
1546.0207115,6,2,4,0,17,58.0,257.455
1546.021423,1,3,5,1,36,62.0,586.287
1546.107828,1,8,20,4,131,59.0,989.047
1546.1078345,6,6,15,4,126,65.0,1956.0
1546.145484,1,2,5,1,48,60.0,327.331
1546.3407085,6,6,7,1,38,59.0,403.777
1546.358767,1,2,2,0,3,56.0,82.915
1546.4285905,6,7,2,0,14,56.0,100.803
1546.494533,1,2,10,3,64,66.0,2373.0
1546.598431,1,2,5,1,42,58.0,245.794
1546.612196,1,1,24,4,106,58.0,1035.0
1546.6122045,6,4,14,3,105,63.0,1205.0
1546.6122065,3,6,10,1,51,56.0,440.239
1546.620649,1,8,25,14,149,75.0,17454.0
1546.630456,1,2,6,1,42,60.0,463.645
1546.6541935,3,3,3,0,7,58.0,152.369
1546.660428,1,3,19,8,137,69.0,6647.0
1546.6604645,6,2,2,0,9,55.0,93.831
1546.671895,1,3,19,9,140,73.0,7878.0
1546.8055425,6,2,4,0,17,56.0,252.462
1546.834655,5,17,16,3,85,60.0,987.822
1546.8346755,6,3,4,0,19,58.0,273.995
1546.8589695,6,2,2,0,21,56.0,126.425
1547.0182145,3,2,13,4,147,59.0,769.677
1547.018221,2,6,13,6,114,65.0,3066.0
1547.018222,1,15,30,8,143,62.0,3018.0
1547.0182505,6,1,15,2,71,59.0,677.73
1547.103397,1,15,25,6,162,62.0,1901.0
1547.1033995,3,2,13,3,141,58.0,792.069
1547.1034035,6,25,20,6,162,61.0,1835.0
1547.167344,1,2,3,0,16,56.0,170.951
1547.1855215,6,2,6,1,55,56.0,194.835
1547.2130125,6,4,7,1,52,60.0,287.214
1547.303249,5,4,33,10,194,66.0,5026.0
1547.3032505,3,4,15,6,213,65.0,2769.0
1547.303253,1,1,29,8,223,61.0,2087.0
1547.303253,2,19,20,8,117,64.0,4015.0
1547.3032555,6,11,24,9,180,67.0,4974.0
1547.303265,4,1,1,0,1,49.0,0.0
1547.305357,5,3,3,0,4,62.0,428.564
1547.3355145,6,2,4,0,8,59.0,170.988
1547.357406,5,11,17,5,154,61.0,1425.0
1547.3574065,6,26,15,2,84,55.0,499.109
1547.357431,1,26,13,3,166,58.0,613.587
1547.392575,1,5,7,1,39,60.0,398.903
1547.5434835,6,2,3,0,15,58.0,231.367
1547.5716595,6,1,10,2,75,56.0,364.373
1547.571668,1,2,12,2,91,57.0,407.326
1547.5716835,3,1,5,1,61,56.0,274.016
1547.573754,1,7,11,2,74,59.0,768.849
1547.5737795,6,1,7,1,59,57.0,269.852
1547.600702,4,2,3,0,17,59.0,248.108
1547.6007135,6,138,21,6,178,63.0,1841.0
1547.600719,5,3,28,8,259,61.0,2055.0
1547.600724,1,15,27,6,227,57.0,1365.0
1547.613738,2,1,6,2,38,65.0,1112.0
1547.6226205,6,1,4,0,13,58.0,149.487
1547.6232865,6,2,3,0,6,56.0,146.016
1547.6397545,6,3,27,10,185,73.0,10107.0
1547.639763,1,1,22,5,142,60.0,1625.0
1547.6397705,3,24,20,4,133,60.0,1075.0
1547.665735,1,6,18,4,165,60.0,1043.0
1547.6657495,6,30,11,2,118,57.0,407.362
1547.683905,5,2,12,4,102,61.0,1686.0
1547.6839075,6,11,11,2,58,62.0,745.327
1547.7021295,6,3,3,0,8,57.0,172.361
1547.7075195,3,4,16,4,209,55.0,782.099
1547.707524,1,17,23,6,156,61.0,1818.0
1547.7075265,6,1,18,4,196,59.0,830.25
1547.711442,1,9,8,2,35,60.0,1009.0
1547.7618025,6,3,4,1,32,58.0,397.598
1547.875645,5,3,13,4,45,63.0,2628.0
1547.8756625,6,9,4,0,13,56.0,94.58
1547.8875305,3,2,7,2,88,59.0,565.376
1547.887538,1,8,16,3,140,56.0,748.334
1547.8875405,6,42,16,3,172,56.0,509.156
1547.928595,1,3,11,2,73,59.0,515.722
1547.9305605,6,4,4,1,17,60.0,441.718
1547.9525835,6,2,2,0,10,56.0,98.544
1547.958906,5,4,12,3,40,66.0,2620.0
1547.9671185,6,2,5,1,25,57.0,361.119
1548.0591795,6,1,3,0,6,57.0,96.374
1548.084507,1,6,24,6,236,62.0,1658.0
1548.0845085,3,6,24,7,191,61.0,2311.0
1548.0845195,6,98,29,8,269,57.0,1800.0
1548.1789405,6,1,11,3,98,57.0,641.225
1548.180574,1,5,29,8,239,63.0,2649.0
1548.1805775,3,4,26,9,192,63.0,3544.0
1548.1805895,6,33,33,10,269,58.0,2765.0
1548.1842065,3,2,20,6,217,61.0,1617.0
1548.184211,1,20,29,8,181,64.0,2948.0
1548.184212,2,8,19,9,192,64.0,3746.0
1548.184213,5,28,26,6,146,61.0,1831.0
1548.1842155,6,43,21,5,131,61.0,1309.0
1548.184221,4,1,2,0,1,48.0,0.0
1548.189674,1,2,17,3,199,56.0,582.56
1548.1906985,6,2,5,1,26,60.0,541.235
1548.257526,1,2,9,4,67,70.0,4481.0
1548.278192,1,6,23,6,236,62.0,1671.0
1548.2781935,3,6,23,7,188,62.0,2296.0
1548.2782045,6,98,30,8,269,57.0,1813.0
1548.336515,4,2,3,1,65,51.0,145.633
1548.336519,5,39,32,13,183,66.0,7955.0
1548.3365255,6,7,20,7,148,63.0,2953.0
1548.3365345,3,50,14,4,216,59.0,880.08
1548.33654,1,11,29,10,313,65.0,4191.0
1548.374311,1,6,30,8,291,64.0,2627.0
1548.3743125,3,6,26,9,191,64.0,3561.0
1548.3743235,6,98,32,10,269,59.0,2800.0
1548.3896485,3,2,7,2,88,58.0,523.289
1548.389655,1,9,14,2,93,56.0,553.281
1548.3896575,6,43,13,2,123,56.0,453.258
1548.470057,1,8,23,6,221,62.0,1722.0
1548.4700605,3,10,24,7,185,62.0,2293.0
1548.4700715,6,1,30,7,244,56.0,1783.0
1548.4777875,6,1,10,1,46,55.0,279.334
1548.503856,1,2,4,0,14,56.0,211.92
1548.544962,5,4,9,2,58,59.0,611.746
1548.565818,1,5,30,8,291,63.0,2741.0
1548.5658215,3,3,25,9,192,63.0,3569.0
1548.5658325,6,99,34,10,273,58.0,2815.0
1548.57472,5,2,9,2,31,66.0,1963.0
1548.6504175,6,2,4,0,4,59.0,117.339
1548.660796,5,1,2,0,5,59.0,151.541
1548.661574,1,6,24,6,222,62.0,1657.0
1548.6615755,3,10,23,7,185,62.0,2265.0
1548.6615905,6,94,29,7,240,57.0,1796.0
1548.668187,1,4,8,2,90,57.0,346.076
1548.73252,5,8,34,24,193,76.0,44718.0
1548.732535,1,30,27,7,154,60.0,2216.0
1548.732538,4,1,2,0,38,51.0,90.653
1548.7325395,6,10,28,9,186,69.0,5311.0
1548.7325435,3,5,20,5,202,59.0,1249.0
1548.757431,1,6,29,8,236,64.0,2602.0
1548.7574315,3,7,25,9,192,64.0,3607.0
1548.7574435,6,98,32,10,247,59.0,2741.0
1548.770156,5,6,10,3,59,62.0,1475.0
1548.7701755,6,1,8,1,33,56.0,401.765
1548.8759435,6,2,3,0,14,56.0,124.176
1548.881364,5,16,17,3,92,59.0,908.626
1548.8813855,6,3,9,2,47,63.0,814.086
1548.891299,5,4,17,7,179,66.0,3035.0
1548.8913045,6,25,16,4,152,60.0,1122.0
1548.8913065,3,3,8,2,83,59.0,528.675
1548.891307,1,1,18,4,147,56.0,834.316
1548.891322,4,1,2,0,10,51.0,52.762
1548.9232245,6,2,5,1,23,65.0,1257.0
1548.9334765,3,3,3,0,5,56.0,76.267
1548.954141,1,4,6,1,40,61.0,596.84
1548.9954195,6,2,6,2,24,65.0,1567.0
1549.101786,1,17,26,6,151,60.0,1509.0
1549.1017865,3,5,11,3,128,60.0,822.36
1549.1017975,6,3,16,6,161,62.0,1773.0
1549.2087735,6,2,2,0,4,56.0,69.7
1549.2145445,6,4,6,1,20,59.0,405.566
1549.2265365,3,1,3,1,161,55.0,132.219
1549.2633935,6,4,6,1,21,60.0,461.775
1549.381348,5,4,6,1,46,59.0,516.141
1549.4023585,3,7,5,2,83,61.0,578.006
1549.4023665,6,2,8,2,107,55.0,355.98
1549.4952055,6,3,6,1,33,65.0,947.027
1549.5227675,6,3,3,0,16,56.0,102.187
1549.534994,1,4,9,2,44,63.0,1205.0
1549.572837,5,8,10,2,43,60.0,879.418
1549.576975,1,7,9,2,62,61.0,818.572
1549.618267,1,2,8,1,46,59.0,444.394
1549.6292355,6,1,10,3,130,62.0,1202.0
1549.629252,5,13,13,2,57,60.0,772.732
1549.6939325,6,8,4,0,24,55.0,231.31
1549.7332075,6,1,4,0,22,56.0,168.54
1549.787701,1,3,5,1,38,56.0,198.411
1549.8453425,6,2,3,0,16,57.0,216.446
1549.877627,5,8,13,2,74,59.0,801.782
1549.917513,5,5,16,4,110,63.0,1863.0
1549.9175255,6,1,15,3,90,59.0,700.765
1549.917528,1,52,11,2,74,56.0,403.649
1549.955894,5,7,12,3,70,61.0,1072.0
1549.9559135,6,1,5,1,18,60.0,411.997
1550.0191485,3,1,6,1,52,55.0,257.872
1550.086845,1,2,7,1,37,59.0,379.473
1550.08762,1,8,5,1,34,56.0,318.001
1550.152573,1,2,22,6,112,67.0,3518.0
1550.1525905,3,13,14,2,123,58.0,502.964
1550.1525905,6,3,18,4,121,62.0,1348.0
1550.1679555,6,10,9,1,69,57.0,358.638
1550.1700495,6,3,7,1,35,57.0,388.765
1550.21652,1,7,23,7,218,64.0,2623.0
1550.2165325,3,14,9,1,31,61.0,765.148
1550.2165325,6,1,10,2,98,57.0,505.283
1550.2209535,6,12,7,1,86,59.0,405.737
1550.232102,5,308,30,10,455,62.0,2349.0
1550.2346205,6,2,9,2,67,60.0,691.925
1550.2366765,6,1,4,0,22,57.0,241.257
1550.2435135,6,3,3,0,8,58.0,163.86
1550.308766,5,98,27,8,226,64.0,2828.0
1550.3088835,6,2,9,1,31,55.0,298.149
1550.442265,1,2,37,24,253,81.0,61199.0
1550.4422815,3,8,12,2,85,60.0,747.949
1550.4422985,6,8,12,2,87,60.0,727.921
1550.5549265,6,4,6,1,20,63.0,719.305
1550.641079,5,1,11,3,101,61.0,872.079
1550.6410965,6,6,8,1,25,62.0,779.99
1550.691483,5,3,11,2,55,59.0,762.455
1550.6915045,6,2,4,0,16,55.0,184.146
1550.702107,5,12,52,45,480,78.0,77645.0
1550.7021185,3,26,26,11,254,66.0,4470.0
1550.7021185,6,24,42,25,323,73.0,30797.0
1550.702123,2,33,39,27,257,72.0,25775.0
1550.702126,1,5,42,17,287,68.0,11171.0
1550.702128,4,2,10,3,86,58.0,807.427
1550.703755,5,3,9,2,27,61.0,1248.0
1550.738935,5,3,8,1,18,60.0,875.754
1550.759168,5,3,14,6,119,67.0,2727.0
1550.7591815,6,15,13,4,132,61.0,1214.0
1550.76779,5,15,90,54,767,75.0,45142.0
1550.7678065,6,18,76,30,672,72.0,16476.0
1550.76782,1,19,75,21,632,65.0,6663.0
1550.767822,4,2,1,0,2,47.0,5.664
1550.7678245,3,6,35,12,544,61.0,2448.0
1550.7692925,6,77,9,2,107,56.0,522.411
1550.769353,5,7,20,9,248,64.0,3615.0
1550.792351,5,4,20,4,72,63.0,2211.0
1550.7923635,6,11,11,3,83,62.0,1265.0
1550.797036,5,2,7,2,42,63.0,1603.0
1550.7970495,6,20,7,1,44,60.0,608.971
1550.806588,5,3,13,3,86,63.0,1068.0
1550.823496,5,5,11,3,48,61.0,1271.0
1550.8235165,6,1,6,1,21,61.0,600.291
1550.8355285,6,2,10,4,113,67.0,2322.0
1550.836589,1,2,18,3,160,58.0,674.625
1550.8365905,6,1,13,3,117,57.0,558.329
1550.870652,1,2,7,1,39,61.0,872.129
1550.912873,5,3,22,5,101,60.0,1872.0
1550.912886,1,20,13,2,98,57.0,548.176
1550.9128905,6,21,18,5,166,58.0,1307.0
1550.9328775,6,2,4,0,25,56.0,159.161
1550.965157,5,12,12,4,54,63.0,2210.0
1551.007408,1,10,7,1,26,59.0,438.57
1551.0074285,6,6,6,1,87,58.0,365.071
1551.016583,1,2,6,1,40,58.0,311.736
1551.108085,5,2,20,4,85,65.0,2487.0
1551.1081065,6,14,4,0,19,57.0,293.204
1551.156583,1,8,23,6,168,62.0,1999.0
1551.1565865,3,10,24,7,186,62.0,2294.0
1551.1565975,6,102,27,8,249,57.0,1770.0
1551.161052,1,7,13,2,65,60.0,805.53
1551.1941945,6,1,2,0,7,56.0,112.59
1551.226925,1,3,7,2,63,61.0,949.976
1551.2409645,6,3,7,1,63,55.0,227.299
1551.253396,1,9,30,9,254,64.0,3238.0
1551.2533995,3,7,26,9,193,63.0,3488.0
1551.2534115,6,1,32,9,249,58.0,2710.0
1551.2571875,6,7,7,1,25,60.0,357.017
1551.349258,1,6,23,6,169,62.0,1983.0
1551.3492595,3,6,24,7,189,62.0,2276.0
1551.3492705,6,1,27,8,249,57.0,1796.0
1551.367166,5,5,6,0,16,59.0,451.093
1551.402016,5,2,16,4,94,62.0,1711.0
1551.4020325,6,1,8,1,33,57.0,413.021
1551.445103,1,6,28,8,208,64.0,3126.0
1551.4451045,3,6,26,9,189,64.0,3467.0
1551.4451155,6,102,31,10,271,58.0,2719.0
1551.479483,1,1,4,0,8,57.0,101.445
1551.480541,5,2,7,1,35,60.0,526.998
1551.497471,5,7,13,3,59,60.0,1062.0
1551.4974965,6,2,4,0,7,56.0,101.506
1551.5014565,3,7,10,2,95,60.0,572.454
1551.501463,1,1,17,3,93,58.0,844.242
1551.501465,5,5,19,4,133,61.0,1428.0
1551.501475,4,1,1,0,1,46.0,0.0
1551.5014805,6,6,10,2,134,57.0,418.075
1551.541185,1,8,25,6,175,62.0,2089.0
1551.5411885,3,10,24,7,189,62.0,2259.0
1551.5411995,6,34,27,8,246,56.0,1739.0
1551.5441625,6,2,3,0,8,55.0,76.512
1551.556723,1,2,17,3,126,59.0,654.444
1551.5567325,6,1,12,2,89,55.0,333.241
1551.560342,1,2,7,1,39,56.0,258.91
1551.5611,1,3,12,2,102,56.0,559.599
1551.5611035,3,17,10,2,92,55.0,487.874
1551.561106,5,24,16,4,126,59.0,991.208
1551.607075,1,1,6,1,42,61.0,461.566
1551.636903,1,8,29,9,213,64.0,3315.0
1551.6369065,3,10,26,9,192,64.0,3469.0
1551.6369175,6,102,31,10,253,58.0,2679.0
1551.6414625,6,2,5,0,16,58.0,202.349
1551.6771975,6,3,4,1,24,60.0,333.985
1551.6912635,6,2,6,3,31,69.0,4121.0
1551.709183,5,19,15,3,103,60.0,860.092
1551.7092045,6,4,8,2,60,62.0,996.498
1551.732569,1,91,28,8,260,62.0,2276.0
1551.7325945,6,174,28,8,321,57.0,1856.0
1551.7326555,3,6,24,7,189,62.0,2298.0
1551.736605,5,2,16,2,36,60.0,831.903
1551.7366275,6,8,8,1,47,55.0,262.42
1551.7403125,6,8,3,0,14,55.0,107.973
1551.7713715,6,11,7,1,28,59.0,401.54
1551.772076,1,2,4,0,17,61.0,338.242
1551.782111,5,9,12,2,54,59.0,726.31
1551.7821265,6,5,5,1,23,58.0,458.203
1551.800665,5,2,11,2,77,60.0,568.551
1551.8006825,6,4,4,1,23,58.0,451.521
1551.8279185,6,3,3,0,12,58.0,179.782
1551.829516,1,8,28,8,178,64.0,3342.0
1551.8295195,3,10,27,9,189,64.0,3438.0
1551.8295305,6,59,30,10,250,58.0,2656.0
1551.8318365,6,2,6,1,37,62.0,789.872
1551.8410035,6,3,5,1,34,57.0,254.493
1551.856682,5,8,16,4,70,61.0,1901.0
1551.8567035,6,7,5,0,15,58.0,241.77
1551.860587,5,8,41,21,279,72.0,19389.0
1551.8605985,6,24,31,15,247,72.0,12312.0
1551.860599,1,29,32,11,218,65.0,4890.0
1551.8606035,3,24,20,8,221,64.0,2930.0
1551.860605,2,29,29,16,184,67.0,11427.0
1551.860607,4,2,7,1,67,54.0,343.962
1551.8811005,6,1,3,0,17,56.0,166.479
1551.9494495,6,2,4,1,24,61.0,599.836
1551.95061,5,1,4,0,18,59.0,303.342
1551.961942,5,5,12,3,111,61.0,1097.0
1551.970242,5,2,5,0,13,60.0,333.278
1551.9702445,3,1,3,0,15,56.0,122.209
1552.0240725,6,2,4,1,27,60.0,316.255
1552.032948,5,14,25,10,175,67.0,5957.0
1552.0329595,6,8,22,9,174,70.0,6139.0
1552.032967,1,1,20,5,165,59.0,1291.0
1552.032987,4,1,1,0,1,45.0,0.0
1552.128731,5,5,20,5,94,62.0,2025.0
1552.150598,5,5,28,11,193,69.0,7445.0
1552.1506155,6,2,19,5,186,59.0,1147.0
1552.150623,1,2,18,3,133,58.0,753.132
1552.177117,5,5,8,2,28,59.0,902.829
1552.1821745,6,2,7,1,94,55.0,213.924
1552.29444,1,1,6,0,30,56.0,207.573
1552.329648,1,2,5,0,37,56.0,223.23
1552.335788,1,1,6,0,38,56.0,179.864
1552.33785,1,2,5,1,40,56.0,194.807
1552.421612,5,17,15,3,90,60.0,1049.0
1552.456254,1,2,11,4,62,68.0,2498.0
1552.567878,1,3,6,0,10,57.0,160.675
1552.5678915,6,1,7,1,58,55.0,233.752
1552.632138,4,1,1,0,1,45.0,0.0
1552.6414875,6,4,7,1,20,62.0,604.424
1552.6871255,6,1,3,0,20,56.0,183.09
1552.697848,1,4,7,1,42,61.0,587.876
1552.701241,1,3,1,0,4,56.0,103.659
1552.7071985,6,6,3,0,10,56.0,90.802
1552.743538,5,9,28,7,166,62.0,2401.0
1552.743539,1,41,27,8,180,63.0,3381.0
1552.7435405,6,14,23,6,169,58.0,1472.0
1552.7435475,3,1,15,2,129,56.0,427.019
1552.7641185,6,6,15,5,162,69.0,3771.0
1552.764128,1,1,19,4,144,57.0,745.966
1552.8286485,6,2,4,1,17,61.0,382.407
1552.875848,1,6,23,12,125,77.0,20580.0
1553.022803,5,2,18,3,96,63.0,1238.0
1553.0228095,6,1,11,2,94,56.0,356.803
1553.03127,5,11,17,5,68,65.0,2951.0
1553.0312835,6,1,11,3,161,58.0,591.41
1553.031288,1,11,10,1,51,59.0,443.792
1553.0558475,6,2,2,0,16,56.0,167.78
1553.088146,4,1,2,0,9,49.0,28.865
1553.088147,5,16,25,7,142,63.0,2760.0
1553.088148,2,10,10,3,81,64.0,1197.0
1553.088152,1,51,23,5,153,59.0,1453.0
1553.0881615,6,9,17,3,95,59.0,924.542
1553.0962055,6,2,3,0,8,56.0,103.631
1553.10014,1,2,6,1,56,59.0,346.911
1553.112175,1,2,5,1,48,57.0,210.622
1553.125662,1,2,13,4,103,67.0,1755.0
1553.180488,5,4,50,38,377,77.0,56937.0
1553.180501,1,17,48,16,284,64.0,7065.0
1553.1805035,6,15,39,17,313,69.0,9893.0
1553.1805055,3,27,29,12,233,66.0,5554.0
1553.180506,2,34,37,26,263,70.0,21488.0
1553.18051,4,2,6,1,32,57.0,257.088
1553.206481,1,5,10,2,65,60.0,668.157
1553.2173785,6,5,8,3,49,64.0,1507.0
1553.220728,1,1,7,1,42,60.0,383.054
1553.2542645,6,57,17,3,129,57.0,718.027
1553.254274,1,73,15,2,93,56.0,435.256
1553.254279,4,1,1,0,1,45.0,0.0
1553.272906,1,4,12,4,64,67.0,3675.0
1553.273628,1,2,3,0,6,58.0,124.595
1553.293239,1,2,21,9,142,71.0,9473.0
1553.2971245,6,2,23,6,190,59.0,1554.0
1553.297128,1,33,20,4,169,57.0,993.582
1553.29713,5,53,25,7,140,61.0,2498.0
1553.2971355,3,1,12,2,116,55.0,433.001
1553.3834365,6,2,2,0,16,57.0,89.667
1553.4444415,6,3,3,0,35,57.0,229.542
1553.450776,5,6,19,5,120,61.0,2251.0
1553.4507995,6,3,9,2,104,58.0,519.927
1553.4784095,6,2,4,0,24,58.0,250.13
1553.5045275,6,1,4,0,8,55.0,86.842
1553.5081565,6,2,6,1,26,65.0,1030.0
1553.531596,5,2,5,1,17,62.0,786.698
1553.5566815,6,17,28,10,151,71.0,8486.0
1553.556689,5,32,34,11,216,62.0,4625.0
1553.556699,4,9,7,1,39,56.0,253.978
1553.5567,1,56,23,6,122,61.0,1925.0
1553.5567015,3,1,15,4,192,57.0,790.373
1553.5597435,6,10,40,23,315,74.0,19669.0
1553.559745,5,37,39,14,231,67.0,6804.0
1553.559749,1,10,39,16,276,66.0,7658.0
1553.5597505,3,25,26,10,274,61.0,3625.0
1553.559774,4,2,7,0,23,56.0,233.548
1553.5776055,6,4,4,0,18,61.0,326.647
1553.6177355,6,2,2,0,10,57.0,159.505
1553.6803365,6,6,11,1,30,56.0,323.015
1553.720937,5,9,19,10,101,71.0,13406.0
1553.7209585,6,2,15,3,130,57.0,684.506
1553.819818,5,2,14,5,38,66.0,4033.0
1553.874715,5,2,17,5,164,60.0,1478.0
1553.8747335,6,6,13,3,70,60.0,988.72
1553.9199435,3,1,2,0,8,56.0,114.437
1553.9263195,6,1,5,0,29,56.0,211.19
1553.9849185,6,1,4,0,12,55.0,129.982
1553.9884515,6,2,6,0,21,56.0,142.426
1554.0313305,6,2,15,3,127,55.0,573.627
1554.031332,5,17,13,4,106,60.0,1184.0
1554.031353,1,40,17,3,105,58.0,871.682
1554.0324335,6,6,4,0,13,55.0,166.456
1554.084379,1,2,12,3,88,64.0,1067.0
1554.0844045,6,7,9,2,66,56.0,382.414
1554.14339,5,1,6,1,24,59.0,469.625
1554.1851935,6,2,3,0,7,57.0,113.806
1554.1870975,6,2,3,0,16,57.0,148.521
1554.189082,1,2,5,1,40,61.0,547.514
1554.201509,1,13,58,46,357,79.0,80942.0
1554.201513,2,12,51,49,323,77.0,72936.0
1554.2015195,6,15,50,32,397,75.0,30943.0
1554.2015205,3,17,38,22,385,70.0,14217.0
1554.201521,5,22,55,30,351,70.0,25353.0
1554.201524,4,24,12,4,80,60.0,1377.0
1554.21179,5,7,21,6,131,61.0,2677.0
1554.2118135,6,8,6,1,29,57.0,306.465
1554.2188365,6,2,6,2,101,61.0,789.748
1554.227749,5,3,15,3,91,60.0,1028.0
1554.2277645,6,15,7,1,19,59.0,350.038
1554.2705055,6,2,4,1,23,67.0,1122.0
1554.2874225,6,1,2,0,7,56.0,95.183
1554.296285,5,13,38,11,425,62.0,2599.0
1554.2962945,6,10,47,13,514,59.0,2698.0
1554.296303,1,234,43,13,457,62.0,3496.0
1554.2963385,3,200,26,8,371,62.0,2175.0
1554.3650195,6,3,4,0,22,57.0,176.26
1554.3681935,6,2,5,1,25,62.0,510.468
1554.3795135,6,5,9,2,35,65.0,1027.0
1554.3869885,6,2,4,0,17,56.0,132.391
1554.393336,1,8,29,11,235,64.0,4516.0
1554.3933395,3,10,28,9,278,64.0,3193.0
1554.3933505,6,34,35,9,269,57.0,2173.0
1554.4150915,6,3,13,3,117,56.0,540.152
1554.415096,1,9,16,2,78,57.0,511.557
1554.4425115,6,6,3,1,96,57.0,371.223
1554.4590225,6,1,5,0,25,58.0,238.601
1554.4775185,6,2,4,0,18,58.0,228.189
1554.4892005,3,3,23,6,174,62.0,1999.0
1554.4892088,1,4,25,7,221,61.0,2287.0
1554.4892155,6,63,31,7,265,56.0,1387.0
1554.4946735,6,2,6,1,51,55.0,269.539
1554.529445,5,1,14,4,105,67.0,1546.0
1554.5294525,6,16,11,3,115,64.0,1260.0
1554.529471,1,1,15,3,153,56.0,463.937
1554.559533,2,4,6,2,42,65.0,1133.0
1554.5808525,6,2,4,0,23,59.0,321.003
1554.585233,1,8,30,11,235,64.0,4595.0
1554.5852365,3,10,27,9,275,64.0,3148.0
1554.5852475,6,67,34,9,269,58.0,2150.0
1554.6103935,6,3,4,0,17,55.0,179.115
1554.6294065,6,1,4,0,25,56.0,137.595
1554.6625475,6,2,8,1,34,57.0,355.445
1554.6657905,6,4,25,10,194,69.0,5894.0
1554.665796,5,13,31,6,123,64.0,2906.0
1554.6657975,3,2,18,5,219,60.0,1284.0
1554.6658,1,47,23,5,144,58.0,1214.0
1554.6732805,6,1,14,4,109,63.0,1711.0
1554.678589,1,2,4,0,33,57.0,124.553
1554.681005,1,8,26,9,232,62.0,3059.0
1554.6810085,3,10,23,6,174,62.0,2002.0
1554.6810195,6,67,30,7,266,56.0,1372.0
1554.6869435,6,2,3,0,18,60.0,344.252
1554.6905945,6,4,4,0,15,57.0,174.751
1554.774514,1,7,17,4,116,63.0,2031.0
1554.77672,1,8,30,11,235,64.0,4701.0
1554.7767235,3,10,28,9,275,64.0,3175.0
1554.7767345,6,34,35,9,269,58.0,2105.0
1554.8125875,6,1,2,0,6,57.0,94.843
1554.820699,1,10,27,9,387,62.0,2941.0
1554.8207145,3,2,11,3,115,58.0,640.603
1554.8207145,6,9,18,4,177,58.0,894.646
1554.820715,2,1,13,6,100,65.0,3176.0
1554.824939,5,1,12,5,93,65.0,2765.0
1554.839308,1,3,13,2,72,58.0,497.868
1554.872581,1,8,26,8,172,62.0,3022.0
1554.8725845,3,10,24,7,275,62.0,2056.0
1554.8725955,6,20,31,7,263,56.0,1352.0
1554.9017015,6,2,10,2,105,55.0,395.733
1554.910928,1,142,16,5,284,58.0,862.097
1554.9110565,6,14,13,4,94,63.0,1607.0
1554.968417,1,8,31,11,235,64.0,4794.0
1554.9684205,3,10,28,9,275,64.0,3128.0
1554.9684315,6,67,37,9,266,58.0,2065.0
1554.969335,5,13,19,5,132,65.0,2303.0
1554.9693525,6,5,12,3,77,62.0,1487.0
1554.9748915,6,2,5,0,24,58.0,279.091
1555.017932,1,2,18,5,135,66.0,2347.0
1555.0179515,6,10,10,3,126,57.0,616.089
1555.028061,1,4,12,2,57,61.0,753.416
1555.0280715,6,3,10,1,53,58.0,490.815
1555.0377015,6,1,3,0,13,58.0,129.973
1555.1014345,6,2,2,0,15,55.0,181.565
1555.123717,1,4,20,8,112,73.0,10475.0
1555.1404855,6,1,14,3,162,60.0,724.881
1555.140492,5,57,18,3,75,61.0,1142.0
1555.140497,1,56,16,3,134,57.0,747.029
1555.140535,4,1,1,0,1,46.0,0.0
1555.1481905,6,2,5,1,24,63.0,567.086
1555.157454,1,2,6,1,46,63.0,591.864
1555.315659,1,21,19,4,136,58.0,934.906
1555.315662,5,31,23,6,170,60.0,1920.0
1555.3156685,6,50,15,4,211,57.0,890.177
1555.3379105,6,3,7,0,30,55.0,198.943
1555.3702315,6,12,6,0,27,56.0,214.115
1555.374899,5,2,9,2,51,61.0,740.971
1555.3749265,6,10,5,1,31,56.0,219.267
1555.386196,1,1,10,2,58,65.0,1320.0
1555.3935995,3,2,8,1,57,55.0,279.326
1555.396969,1,2,7,1,39,64.0,761.382
1555.4094315,6,1,4,0,14,56.0,114.722
1555.415213,5,2,14,3,98,61.0,1306.0
1555.4152255,6,1,12,2,74,56.0,430.273
1555.423479,1,2,5,1,39,60.0,496.555
1555.511769,1,4,5,1,39,60.0,515.613
1555.528627,5,4,11,1,41,59.0,496.376
1555.5286515,6,1,3,0,5,55.0,31.894
1555.5530265,6,1,7,1,40,55.0,180.27
1555.570399,1,11,14,3,89,59.0,1072.0
1555.6301055,6,6,9,2,70,65.0,1328.0
1555.7102935,6,3,5,0,17,57.0,218.527
1555.7204615,6,1,5,1,24,60.0,376.924
1555.722134,1,1,8,1,76,56.0,281.058
1555.7231215,6,1,3,0,16,56.0,154.733
1555.731875,1,18,15,4,155,57.0,759.963
1555.731878,4,1,2,0,1,46.0,0.0
1555.731883,5,7,12,3,80,60.0,1047.0
1555.7318925,6,1,10,2,89,57.0,461.563
1555.7827135,6,1,14,3,132,57.0,576.205
1555.792194,5,3,16,4,106,62.0,1568.0
1555.837404,1,4,6,2,42,64.0,1724.0
1555.9271965,3,2,1,0,6,55.0,49.079
1555.9302655,6,2,2,0,3,55.0,43.628
1555.9344525,6,2,3,0,10,55.0,78.619
1555.9410575,6,4,2,0,8,56.0,140.781
1555.9529455,3,1,2,0,11,55.0,150.058
1555.973011,1,2,10,2,198,60.0,517.245
1555.9752055,6,1,5,1,27,66.0,989.538
1556.0049105,6,1,3,0,26,61.0,227.302
1556.036213,1,2,5,1,38,64.0,601.461
1556.0485365,6,1,3,0,8,55.0,67.488
1556.0603305,3,1,3,0,10,56.0,179.963
1556.09725,5,7,26,9,111,72.0,8845.0
1556.097274,1,3,15,2,95,56.0,471.412
1556.0972785,6,10,14,4,148,61.0,1051.0
1556.1087945,6,5,5,1,24,62.0,721.495
1556.1197885,6,1,5,0,7,59.0,191.226
1556.129224,1,8,23,8,162,69.0,5061.0
1556.1292405,3,2,13,4,158,60.0,1207.0
1556.1292505,6,7,19,4,147,60.0,1107.0
1556.1311645,3,1,7,1,57,59.0,322.441
1556.131175,1,13,13,3,108,57.0,596.765
1556.171045,5,4,12,4,58,64.0,2357.0
1556.1710685,6,7,8,1,56,55.0,277.944
1556.1775145,3,4,11,3,147,55.0,480.131
1556.177516,5,12,19,5,167,62.0,1563.0
1556.177517,4,1,1,0,1,48.0,0.0
1556.1775225,6,1,16,3,107,55.0,577.866
1556.177524,1,62,23,6,203,59.0,1383.0
1556.19526,1,8,11,2,59,56.0,428.352
1556.233673,5,5,23,11,276,65.0,4567.0
1556.2336825,6,16,16,6,223,66.0,2442.0
1556.3683865,6,3,7,2,67,64.0,839.681
1556.4262515,3,1,3,0,15,55.0,133.115
1556.427418,5,3,20,5,150,66.0,2579.0
1556.4274285,6,4,15,5,147,66.0,2574.0
1556.427444,1,41,14,2,114,56.0,493.091
1556.439992,1,6,10,2,63,63.0,1278.0
1556.4461295,6,2,6,1,68,58.0,324.802
1556.453723,5,1,8,1,39,60.0,574.173
1556.4693595,6,3,4,1,25,62.0,436.932
1556.487362,1,2,10,1,42,65.0,822.027
1556.5019485,6,1,5,1,34,57.0,205.127
1556.5231555,6,2,4,0,23,59.0,265.545
1556.572386,1,4,10,2,74,61.0,698.838
1556.57348,1,6,25,8,144,68.0,5327.0
1556.5734965,3,16,15,2,112,60.0,594.644
1556.5735005,6,9,20,6,154,64.0,2709.0
1556.584358,1,6,10,2,78,61.0,864.622
1556.5843785,6,9,8,1,51,57.0,464.684
1556.604549,1,90,17,7,181,70.0,5090.0
1556.625217,1,2,7,1,75,56.0,304.769
1556.6844335,6,3,4,0,21,55.0,172.527
1556.694869,1,10,24,9,153,66.0,5229.0
1556.6948915,6,2,20,5,154,61.0,1506.0
1556.6948925,3,2,11,2,112,57.0,388.4
1556.731318,5,5,9,1,41,59.0,527.992
1556.735535,5,4,17,4,98,65.0,2527.0
1556.741577,1,2,2,0,5,59.0,124.599
1556.7538155,6,2,4,1,24,63.0,976.989
1556.773058,5,2,11,1,27,61.0,675.943
1556.787762,5,2,7,2,26,63.0,1309.0
1556.8217285,6,2,5,0,12,55.0,149.4
1556.8343695,6,2,3,0,20,56.0,289.132
1556.844387,1,3,8,1,42,57.0,415.053
1556.8479705,3,1,6,1,54,57.0,302.131
1556.8804415,6,2,6,0,21,55.0,203.37
1556.92976,1,2,4,0,7,59.0,126.216
1556.937281,1,9,37,18,262,72.0,16826.0
1556.937289,2,19,32,15,185,67.0,8772.0
1556.937294,5,33,42,10,220,62.0,3124.0
1556.9372955,3,8,19,6,196,60.0,1545.0
1556.9373005,6,4,27,10,210,65.0,4546.0
1556.937319,4,1,5,0,1,49.0,0.0
1556.9462155,6,2,3,0,13,57.0,169.457
1557.0051625,6,2,4,1,26,58.0,497.114
1557.0450945,6,2,2,0,11,56.0,126.794
1557.0583625,6,2,2,0,4,55.0,47.2
1557.0605755,6,1,5,0,7,55.0,81.737
1557.076353,1,4,11,2,103,57.0,368.613
1557.0843955,6,1,3,0,10,56.0,126.093
1557.122654,5,4,22,5,112,64.0,2035.0
1557.1226635,6,14,14,4,88,65.0,2429.0
1557.1413495,6,1,4,0,18,57.0,169.546
1557.2072805,6,1,10,2,165,59.0,606.965
1557.2081445,6,9,16,4,166,57.0,1008.0
1557.208147,5,9,18,3,101,63.0,1298.0
1557.208168,1,12,14,3,106,56.0,569.263
1557.215261,1,27,24,7,203,63.0,2396.0
1557.2152925,6,61,14,2,109,55.0,530.29
1557.2346725,6,2,7,1,63,56.0,260.499
1557.2885005,6,15,4,0,18,56.0,229.893
1557.309269,1,6,12,2,68,60.0,634.249
1557.3099635,6,3,4,1,24,64.0,678.636
1557.4176205,6,3,6,1,27,64.0,890.976
1557.4253355,6,1,2,0,7,55.0,84.098
1557.433989,5,4,12,4,97,60.0,1525.0
1557.4340045,6,10,11,3,154,58.0,644.117
1557.434009,4,1,1,0,4,46.0,8.189
1557.4417325,6,8,6,1,45,55.0,193.253
1557.457079,1,1,4,1,41,56.0,244.215
1557.481429,1,30,33,10,212,62.0,4064.0
1557.4814325,3,3,19,6,270,62.0,1885.0
1557.4814475,6,1,25,7,249,56.0,1291.0
1557.493837,1,3,7,1,49,59.0,500.471
1557.5173675,6,2,3,0,15,58.0,139.846
1557.557113,5,2,8,1,47,59.0,453.066
1557.577495,1,8,35,13,212,64.0,6273.0
1557.5774985,3,10,21,7,170,64.0,2750.0
1557.5775095,6,64,31,8,256,58.0,2005.0
1557.593744,5,2,14,4,105,63.0,1351.0
1557.5937725,6,17,12,2,82,57.0,492.608
1557.597593,5,11,36,52,555,80.0,80853.0
1557.5976065,6,16,39,27,309,77.0,33893.0
1557.597608,1,8,42,18,294,67.0,9104.0
1557.5976095,3,23,36,21,394,67.0,10806.0
1557.597613,2,28,40,28,327,69.0,21599.0
1557.597615,4,1,7,1,70,54.0,294.85
1557.61173,5,2,9,2,54,59.0,748.028
1557.627107,5,31,40,11,170,65.0,5400.0
1557.627114,1,36,33,10,204,63.0,3806.0
1557.627116,2,2,25,13,171,67.0,7357.0
1557.6271205,6,7,30,7,226,60.0,1925.0
1557.6380645,6,2,10,2,61,63.0,1178.0
1557.674068,1,8,33,10,212,63.0,4129.0
1557.6740715,3,10,18,5,156,62.0,1806.0
1557.6740825,6,64,26,7,253,56.0,1307.0
1557.7056695,6,5,7,1,37,57.0,284.413
1557.7114215,6,9,9,1,46,55.0,305.697
1557.770107,1,8,35,14,215,64.0,6381.0
1557.7701105,3,10,22,7,174,64.0,2841.0
1557.7701185,6,71,31,9,260,58.0,2051.0
1557.7762725,6,2,3,0,15,62.0,347.404
1557.820195,5,209,18,2,226,60.0,754.743
1557.8203885,3,3,8,1,75,55.0,252.313
1557.8203955,6,6,14,2,100,56.0,503.724
1557.823136,4,1,1,0,37,48.0,71.856
1557.823146,5,2,9,2,50,64.0,1294.0
1557.8231565,6,2,9,1,81,55.0,314.674
1557.8572515,6,2,2,0,9,61.0,436.821
1557.860448,1,5,11,3,60,65.0,1621.0
1557.865876,1,9,33,11,207,63.0,4099.0
1557.8658765,3,7,18,5,157,62.0,1812.0
1557.8658885,6,67,27,7,256,57.0,1363.0
1557.8955435,6,2,8,3,51,69.0,3394.0
1557.9180595,3,5,9,2,105,56.0,461.072
1557.918065,5,24,18,4,131,59.0,1023.0
1557.9180735,6,4,12,2,99,56.0,565.572
1557.933708,1,2,6,1,50,64.0,705.49
1557.9544805,6,2,3,0,13,58.0,257.875
1557.961592,1,12,35,14,210,64.0,6404.0
1557.9615955,3,7,22,7,160,63.0,2745.0
1557.9616035,6,71,32,9,260,58.0,2032.0
1557.983335,1,2,4,0,16,58.0,328.38
1558.0196765,6,2,3,0,14,55.0,90.435
1558.0455625,6,2,2,0,12,59.0,164.659
1558.057455,1,6,33,10,210,63.0,4178.0
1558.0574565,3,10,19,5,118,62.0,1736.0
1558.0574675,6,64,27,7,253,56.0,1360.0
1558.0910805,6,5,13,5,84,68.0,3658.0
1558.1012885,6,21,30,11,176,64.0,5068.0
1558.1012975,3,11,18,4,164,56.0,900.039
1558.1013,1,23,31,10,175,63.0,4909.0
1558.101302,5,41,34,14,237,66.0,7881.0
1558.101306,4,2,4,0,31,49.0,76.26
1558.1326085,6,2,4,0,12,56.0,122.25
1558.153289,1,12,34,14,213,65.0,6572.0
1558.1532925,3,7,21,7,157,64.0,2769.0
1558.1533045,6,67,33,9,260,58.0,2156.0
1558.175974,1,2,8,2,117,57.0,522.098
1558.1832055,6,4,7,1,61,60.0,432.031
1558.2235645,6,1,3,0,15,57.0,151.47
1558.2244575,6,4,6,1,29,61.0,423.836
1558.263554,1,1,8,1,46,57.0,330.374
1558.264569,1,2,10,2,87,60.0,525.532
1558.3067115,6,2,14,3,115,56.0,762.015
1558.3411445,6,2,4,0,21,56.0,211.566
1558.3741715,6,4,19,4,124,61.0,1124.0
1558.374174,1,1,15,3,141,56.0,552.238
1558.3792825,6,2,2,0,14,58.0,138.761
1558.3950905,6,1,4,0,17,58.0,252.518
1558.398593,1,3,10,3,65,67.0,2146.0
1558.410242,1,2,5,0,49,56.0,147.223
1558.4138915,6,2,3,0,3,55.0,63.64
1558.4492625,6,7,33,14,212,69.0,8780.0
1558.449273,5,22,34,8,208,61.0,2448.0
1558.4492765,3,24,22,6,159,61.0,1905.0
1558.44928,1,2,36,15,269,68.0,8081.0
1558.449309,4,2,2,0,5,46.0,17.956
1558.4603675,6,7,8,1,42,61.0,609.634
1558.4609785,6,21,13,2,102,56.0,550.974
1558.460988,5,5,21,4,115,59.0,1110.0
1558.460989,1,5,14,3,85,58.0,779.462
1558.4677535,3,23,38,20,316,67.0,10305.0
1558.467756,4,32,22,6,180,59.0,1755.0
1558.467759,2,9,45,40,276,78.0,58516.0
1558.46776,5,38,60,32,357,70.0,26899.0
1558.467762,1,20,56,35,356,75.0,39482.0
1558.4677635,6,21,44,28,309,73.0,24526.0
1558.4718595,6,2,1,0,20,55.0,116.583
1558.475682,5,1,11,2,50,59.0,676.806
1558.4756915,6,1,10,2,84,60.0,719.83
1558.4829605,6,1,3,0,7,55.0,83.84
1558.495224,5,2,8,2,43,61.0,935.452
1558.5172975,6,3,2,0,17,55.0,124.521
1558.530051,5,11,22,9,104,70.0,8375.0
1558.530057,4,1,4,0,1,48.0,0.0
1558.530062,1,17,17,4,144,59.0,1163.0
1558.5300695,6,21,17,4,123,58.0,869.169
1558.532054,2,4,16,6,144,65.0,2569.0
1558.5320575,3,2,11,3,182,56.0,539.956
1558.5320605,6,1,16,4,127,62.0,970.92
1558.532062,1,60,19,4,145,56.0,912.389
1558.5399,5,5,36,19,223,75.0,17917.0
1558.539913,1,16,33,10,250,64.0,3681.0
1558.5399145,6,17,28,10,202,66.0,4994.0
1558.539918,2,47,27,10,165,64.0,4653.0
1558.539919,4,1,5,1,58,51.0,136.543
1558.5399235,3,1,15,5,173,58.0,1243.0
1558.544476,5,8,12,2,74,59.0,831.471
1558.5444915,6,6,13,2,106,56.0,492.717
1558.5467375,6,1,11,3,58,66.0,1972.0
1558.5899245,6,2,7,1,38,56.0,294.879
1558.6033535,6,2,1,0,3,55.0,40.363
1558.610077,1,2,5,1,23,62.0,510.409
1558.6113115,6,2,2,0,21,56.0,173.956
1558.6214205,6,2,2,0,11,57.0,186.429
1558.6220755,6,6,33,18,255,77.0,29677.0
1558.62209,5,30,32,9,176,62.0,3406.0
1558.622091,1,35,26,7,186,60.0,1956.0
1558.6220965,3,1,16,6,190,59.0,1410.0
1558.6269275,6,14,4,0,16,56.0,154.679
1558.6349245,6,2,3,0,12,59.0,397.265
1558.6867945,6,7,3,0,11,56.0,121.747
1558.735906,1,1,4,0,38,58.0,180.363
1558.740292,5,18,8,1,19,59.0,597.777
1558.7413465,6,2,3,0,17,59.0,207.851
1558.7478215,6,14,4,0,18,55.0,115.969
1558.761124,5,10,10,4,226,59.0,746.44
1558.7611515,6,143,14,3,208,58.0,579.761
1558.7864435,6,1,4,0,21,58.0,236.622
1558.7929665,6,2,4,0,14,58.0,124.552
1558.794418,1,2,5,1,40,61.0,374.201
1558.803916,5,2,21,18,289,78.0,26652.0
1558.8447395,6,2,4,0,22,56.0,217.699
1558.853966,5,4,15,5,105,65.0,3433.0
1558.8539985,6,2,4,0,22,55.0,154.04
1558.8571025,6,2,8,4,58,71.0,4069.0
1558.860926,5,2,8,1,31,59.0,460.953
1558.8609495,6,2,4,1,28,55.0,235.233
1558.8659985,6,1,12,2,93,58.0,682.172
1558.866009,1,2,13,3,92,62.0,876.455
1558.8964435,3,1,2,0,7,55.0,63.21
1558.8995515,6,6,4,0,20,55.0,146.454
1558.9220515,6,4,4,0,25,55.0,146.806
1558.979797,1,2,14,4,67,67.0,2665.0
1559.007181,5,2,16,4,68,64.0,2180.0
1559.0071975,6,10,10,1,53,57.0,269.458
1559.021245,1,4,16,3,87,64.0,926.845
1559.0212725,6,1,11,2,91,55.0,377.266
1559.0538415,6,1,2,0,5,57.0,64.529
1559.069879,1,2,5,0,18,60.0,322.231
1559.094815,5,6,17,4,148,62.0,1324.0
1559.0948335,6,1,7,1,68,56.0,285.192
1559.098515,1,2,7,0,35,58.0,190.715
1559.0985415,6,1,5,0,24,55.0,135.076
1559.108003,1,5,6,0,8,56.0,196.874
1559.1837735,6,1,6,1,79,57.0,339.495
1559.198274,1,16,17,6,153,64.0,2127.0
1559.213365,1,4,9,2,73,57.0,610.043
1559.245111,1,4,3,0,8,56.0,143.818
1559.275037,1,33,28,7,160,60.0,2297.0
1559.275052,5,5,19,4,151,61.0,1132.0
1559.2750555,6,6,20,5,139,62.0,1350.0
1559.2750625,3,8,10,2,105,56.0,464.226
1559.3223925,6,3,4,1,81,56.0,264.955
1559.3296125,6,2,7,2,33,63.0,1071.0
1559.3719975,6,29,12,2,107,59.0,622.583
1559.3955275,6,1,2,0,7,59.0,170.245
1559.4093545,6,2,7,1,80,55.0,255.209
1559.4122765,6,9,10,1,61,56.0,292.722
1559.41228,1,5,9,2,65,58.0,520.314
1559.4390055,6,2,5,1,27,61.0,520.875
1559.480408,1,2,13,3,60,64.0,1778.0
1559.4804195,6,1,7,2,86,57.0,430.571
1559.4815215,6,2,4,1,23,64.0,579.466
1559.5342325,6,2,6,0,21,60.0,327.873
1559.544976,5,11,30,11,214,68.0,6706.0
1559.54498,4,2,4,0,29,51.0,127.126
1559.544983,1,2,22,5,117,60.0,1547.0
1559.5449925,6,2,15,4,132,57.0,786.2
1559.548111,1,15,17,3,128,56.0,750.676
1559.5481125,6,12,17,4,117,57.0,1138.0
1559.548115,5,2,13,2,56,61.0,887.52
1559.5585095,6,1,3,0,13,58.0,283.044
1559.564455,1,2,5,1,41,61.0,400.109
1559.5796445,6,2,9,4,95,66.0,3244.0
1559.5841615,6,2,3,0,6,58.0,93.666
1559.5904835,6,14,37,22,401,75.0,23389.0
1559.590489,1,17,42,14,354,69.0,6886.0
1559.5904975,3,50,30,9,294,61.0,2426.0
1559.5905,2,27,28,15,198,67.0,8895.0
1559.590505,4,1,4,0,19,49.0,65.474
1559.590505,5,13,34,11,181,66.0,5005.0
1559.593058,1,14,12,1,62,58.0,348.429
1559.5930735,6,7,10,2,112,56.0,468.633
1559.6163045,6,2,5,1,27,58.0,348.814
1559.6231195,6,2,3,0,7,62.0,321.913
1559.665845,1,1,10,1,72,56.0,341.96
1559.715131,1,12,18,5,90,64.0,2506.0
1559.7171775,6,1,3,0,18,61.0,322.284
1559.7421675,6,5,10,5,60,73.0,5501.0
1559.7461715,6,4,6,0,5,55.0,53.497
1559.748846,5,15,37,16,217,71.0,13998.0
1559.748846,2,1,31,18,253,71.0,11410.0
1559.748851,4,1,1,0,1,47.0,0.0
1559.7488525,3,4,19,5,156,62.0,1378.0
1559.7488595,6,34,29,9,228,64.0,3288.0
1559.748865,1,3,32,9,205,63.0,3654.0
1559.7532095,6,2,4,0,24,58.0,142.298
1559.7547115,6,3,3,0,25,59.0,269.534
1559.7561595,6,1,6,2,67,65.0,1207.0
1559.759722,5,8,18,4,140,64.0,1392.0
1559.75973,1,3,23,5,304,56.0,930.437
1559.7597465,6,1,12,2,95,61.0,694.732
1559.76086,5,13,22,6,95,65.0,3787.0
1559.7608865,6,7,6,0,19,56.0,186.145
1559.775384,5,14,14,5,93,63.0,2892.0
1559.7876545,6,2,4,1,31,62.0,1151.0
1559.807041,1,2,3,0,6,56.0,100.649
1559.823317,5,2,14,4,93,67.0,2830.0
1559.8233465,6,2,10,3,147,58.0,601.744
1559.827148,5,9,15,3,45,63.0,1956.0
1559.827169,1,11,7,2,69,60.0,540.745
1559.880383,1,2,11,2,50,59.0,651.342
1559.8843775,6,2,3,0,19,60.0,265.357
1559.893346,5,14,23,10,132,67.0,7460.0
1559.8933735,6,7,8,2,107,57.0,471.471
1559.9084155,6,2,3,0,11,58.0,191.89
1559.916299,1,16,23,7,139,65.0,3987.0
1559.9163105,6,24,15,3,83,58.0,990.649
1559.930989,1,34,9,2,44,58.0,679.771
1559.954144,1,35,16,3,99,59.0,960.328
1559.9578645,6,11,10,3,54,68.0,2680.0
1559.9712575,6,2,4,0,17,63.0,413.132
1559.9847945,6,1,16,4,144,63.0,1605.0
1559.984797,1,93,24,6,141,62.0,2013.0
1560.003164,5,7,9,1,44,59.0,552.039
1560.034703,1,1,5,0,20,57.0,193.501
1560.0604215,6,3,4,1,21,64.0,940.925
1560.086476,1,8,10,0,16,57.0,145.79
1560.137846,5,2,6,1,19,61.0,577.064
1560.1445735,6,2,14,4,86,64.0,1692.0
1560.144596,1,1,6,1,41,57.0,244.345
1560.171134,1,7,13,2,65,57.0,383.215
1560.210816,1,1,3,0,38,56.0,124.462
1560.245604,1,49,31,9,185,62.0,3865.0
1560.2456065,6,3,23,7,195,59.0,1860.0
1560.245612,5,9,21,5,184,60.0,1449.0
1560.2456125,3,26,16,3,115,57.0,917.969
1560.248044,1,15,22,7,174,67.0,3345.0
1560.2480495,6,13,26,8,216,63.0,2457.0
1560.2480605,3,2,14,4,140,61.0,1024.0
1560.261385,5,130,35,12,251,67.0,5399.0
1560.261392,1,137,30,8,337,62.0,1893.0
1560.2613975,6,135,33,7,287,60.0,1566.0
1560.3380025,6,4,8,3,59,72.0,4318.0
1560.371569,1,2,22,8,123,72.0,7535.0
1560.3781235,6,9,8,1,34,57.0,454.098
1560.3965545,6,3,5,0,14,59.0,321.93
1560.4025775,6,5,5,1,15,63.0,878.54
1560.4359295,6,4,7,1,31,63.0,795.744
1560.4460185,6,4,13,3,116,62.0,986.611
1560.4713515,6,3,8,2,43,66.0,1181.0
1560.5127585,6,4,15,5,133,66.0,2521.0
1560.533791,1,1,10,2,47,64.0,1067.0
1560.553797,5,3,7,2,35,62.0,1469.0
1560.558752,5,15,8,2,29,59.0,804.645
1560.5587565,3,5,5,0,24,55.0,193.25
1560.569958,1,3,16,5,103,70.0,4600.0
1560.573756,1,2,4,0,16,56.0,142.188
1560.6372245,6,3,3,0,18,55.0,111.231
1560.6392965,6,1,6,1,23,59.0,336.971
1560.649282,1,2,3,0,16,56.0,177.144
1560.661283,1,12,31,12,247,63.0,5069.0
1560.6612865,3,7,20,5,158,62.0,1789.0
1560.6613015,6,45,37,9,259,58.0,2115.0
1560.6891575,6,1,14,5,266,59.0,881.492
1560.7222505,6,1,2,0,8,55.0,72.149
1560.740095,4,1,1,0,1,50.0,0.0
1560.7401035,3,3,11,3,161,57.0,489.643
1560.7421285,6,2,5,1,19,59.0,388.697
1560.7580975,3,9,25,7,171,64.0,2843.0
1560.758099,1,9,35,15,245,65.0,7697.0
1560.7581115,6,42,41,12,301,60.0,3332.0
1560.7613515,6,2,3,1,78,56.0,208.357
1560.7729455,6,6,5,0,17,58.0,270.799
1560.772949,5,11,12,2,27,61.0,1080.0
1560.8155415,6,2,6,0,26,55.0,147.845
1560.854173,1,9,32,10,158,63.0,4884.0
1560.8541745,3,6,20,6,174,62.0,1833.0
1560.8541855,6,42,36,9,259,58.0,2124.0
1560.8647625,6,1,2,0,11,61.0,159.334
1560.8772285,6,1,4,1,24,62.0,525.602
1560.8790825,6,2,2,0,3,57.0,61.86
1560.8880525,6,3,3,0,17,56.0,162.124
1560.9108735,6,2,2,0,13,55.0,71.17
1560.912724,1,1,9,1,60,58.0,270.013
1560.922807,1,3,2,0,7,57.0,166.391
1560.9473715,6,181,11,2,183,56.0,225.226
1560.949912,1,30,35,16,250,65.0,7859.0
1560.9499155,3,10,24,8,201,63.0,2852.0
1560.9499235,6,49,42,12,287,60.0,3420.0
1560.966284,1,7,27,17,173,76.0,23940.0
1560.9813035,6,2,7,1,53,62.0,580.186
1560.988828,1,1,4,0,10,56.0,144.383
1561.0063875,3,1,3,0,13,55.0,85.398
1561.045684,1,28,32,12,248,63.0,5094.0
1561.0456855,3,10,21,6,201,62.0,1852.0
1561.0456965,6,45,34,9,256,59.0,2222.0
1561.0465415,6,8,5,1,28,61.0,650.891
1561.0602825,3,1,3,0,13,55.0,92.5
1561.0731765,6,2,4,0,3,55.0,46.138
1561.087175,1,2,14,4,88,69.0,2910.0
1561.1215155,6,1,4,1,108,61.0,394.216
1561.141481,1,12,37,16,251,65.0,7950.0
1561.1414845,3,7,25,8,202,63.0,2866.0
1561.1414925,6,46,42,12,305,61.0,3538.0
1561.1552755,6,3,4,0,24,58.0,246.658
1561.2127865,6,8,13,3,89,63.0,1148.0
1561.212796,1,2,13,2,103,59.0,445.895
1561.2128135,3,1,4,1,45,56.0,210.771
1561.237328,1,9,31,12,248,63.0,5122.0
1561.2373295,3,6,21,6,171,62.0,1820.0
1561.2373405,6,45,37,9,260,59.0,2255.0
1561.3011885,6,2,1,0,3,56.0,47.809
1561.3064735,6,2,3,0,9,61.0,251.902
1561.3206555,6,6,2,0,8,55.0,121.643
1561.329373,5,2,36,22,351,71.0,16738.0
1561.3293885,6,38,25,9,267,61.0,2607.0
1561.3293905,3,15,17,2,102,55.0,518.57
1561.329399,4,10,5,0,18,54.0,174.981
1561.329402,1,2,33,8,249,60.0,2233.0
1561.334253,1,30,35,16,253,64.0,8047.0
1561.3342565,3,10,24,8,201,64.0,2870.0
1561.3342675,6,45,43,11,274,61.0,3554.0
1561.335272,5,6,23,5,84,62.0,2139.0
1561.3352805,6,3,15,4,105,64.0,1389.0
1561.3530735,6,2,7,1,36,59.0,393.691
1561.359442,5,15,18,6,109,65.0,3082.0
1561.3594675,6,3,11,2,84,60.0,647.551
1561.3618775,6,1,3,0,7,57.0,97.358
1561.375331,5,22,29,8,142,63.0,3022.0
1561.3753345,6,2,26,7,198,61.0,1990.0
1561.375336,1,21,25,6,222,60.0,1571.0
1561.3753445,3,18,13,3,139,58.0,700.781
1561.375368,4,1,1,0,1,49.0,0.0
1561.3901095,6,155,4,1,160,56.0,188.389
1561.397796,1,2,10,2,84,57.0,409.979
1561.420917,5,2,23,16,146,78.0,31148.0
1561.4209325,6,23,16,4,152,60.0,1129.0
1561.42094,4,1,1,0,1,45.0,0.0
1561.427989,1,1,9,2,65,67.0,1176.0
1561.439441,1,3,5,1,14,60.0,559.077
1561.4502415,6,1,9,2,101,59.0,599.928
1561.4584375,6,1,6,1,68,55.0,238.427
1561.4643295,6,100,10,2,122,61.0,636.956
1561.470843,1,6,18,3,111,61.0,922.283
1561.4708475,3,2,10,2,90,57.0,529.289
1561.4708545,6,1,12,2,73,56.0,551.136
1561.49581,5,1,12,2,26,63.0,1365.0
1561.4958315,6,1,5,1,28,58.0,381.951
1561.5097925,6,4,11,4,60,68.0,2587.0
1561.5238415,3,1,4,1,40,55.0,177.025
1561.5344555,6,2,6,2,35,62.0,882.493
1561.5791675,6,10,4,0,17,57.0,194.183
1561.5905195,3,3,4,1,40,60.0,331.249
1561.60135,1,2,4,0,6,60.0,237.594
1561.614897,1,2,7,1,34,59.0,232.773
1561.61562,1,2,4,1,35,62.0,423.288
1561.6428965,6,2,5,1,22,62.0,697.587
1561.6457045,6,5,8,2,47,64.0,1396.0
1561.6473555,6,2,8,2,88,57.0,358.03
1561.6483325,6,3,12,3,112,61.0,1485.0
1561.64836,1,2,14,2,103,57.0,602.364
1561.657196,1,1,16,3,102,59.0,800.011
1561.6571965,6,6,12,3,69,62.0,1197.0
1561.6639435,6,1,5,1,25,62.0,640.414
1561.6665485,6,1,7,0,25,55.0,175.512
1561.6812225,6,1,5,0,20,59.0,218.333
1561.6908535,3,1,3,0,12,56.0,170.535
1561.7238745,6,4,7,4,52,74.0,4243.0
1561.761429,1,9,16,3,122,57.0,671.598
1561.7804465,6,1,7,1,214,55.0,241.065
1561.8164225,6,4,4,1,25,59.0,403.352
1561.827799,5,1,9,3,95,69.0,1654.0
1561.8429395,6,2,12,4,115,66.0,1911.0
1561.842945,1,6,9,1,44,58.0,286.262
1561.8478235,3,1,4,0,18,56.0,178.252
1561.8622915,6,1,16,4,119,59.0,1118.0
1561.8623045,3,1,11,2,113,55.0,358.397
1561.8649835,6,3,3,0,25,59.0,317.888
1561.8706045,6,3,4,1,17,60.0,499.711
1561.9308065,3,1,3,0,7,56.0,83.474
1561.933043,5,3,19,5,118,66.0,2799.0
1561.9330625,6,17,14,3,127,58.0,844.677
1561.9407005,6,12,14,3,122,57.0,682.324
1561.940704,1,22,13,3,102,57.0,758.913
1561.947285,5,2,8,2,38,64.0,963.66
1561.9487395,6,3,6,1,30,60.0,369.776
1561.948745,1,7,6,1,65,56.0,231.528
1561.9745135,6,1,8,1,98,55.0,276.44
1561.991277,1,3,2,0,11,57.0,175.336
1562.008615,1,2,7,1,38,59.0,437.422
1562.032698,1,3,7,1,43,61.0,402.066
1562.0331525,3,8,6,1,83,56.0,297.64
1562.0357845,6,11,4,1,34,59.0,282.131
1562.041088,1,2,5,1,37,57.0,210.081
1562.0660605,6,12,10,3,43,65.0,2385.0
1562.0735725,6,3,5,0,17,55.0,156.415
1562.086091,1,11,24,8,228,63.0,2911.0
1562.0861085,6,5,20,8,188,63.0,2748.0
1562.0861115,3,12,15,5,176,62.0,1471.0
1562.086118,5,2,22,5,175,59.0,1214.0
1562.0955085,6,2,3,0,4,55.0,55.415
1562.105213,1,1,4,0,19,57.0,179.839
1562.1188005,6,22,14,4,74,68.0,3235.0
1562.1747895,6,2,16,3,136,55.0,609.596
1562.1797115,6,3,4,1,20,63.0,484.156
1562.1916575,6,2,12,3,123,61.0,734.883
1562.260465,1,4,30,12,172,68.0,10019.0
1562.2604875,3,15,17,4,157,59.0,813.777
1562.2604895,6,1,21,6,195,63.0,2252.0
1562.260494,5,27,19,3,99,60.0,1042.0
1562.2905565,6,4,7,1,36,66.0,839.988
1562.2975215,6,2,4,0,20,55.0,92.153
1562.2983775,6,3,15,5,187,67.0,1901.0
1562.298379,5,6,21,6,153,61.0,1830.0
1562.2983805,3,8,7,3,186,55.0,496.559
1562.31029,5,3,9,1,36,64.0,728.936
1562.3245015,6,2,2,0,21,57.0,138.147
1562.345914,1,6,41,16,238,68.0,9152.0
1562.345923,5,27,35,13,217,67.0,7565.0
1562.3459235,3,5,20,7,263,61.0,1894.0
1562.3459275,6,19,32,11,220,63.0,4358.0
1562.345934,2,24,24,11,165,64.0,5832.0
1562.345958,4,2,2,0,2,50.0,7.333
1562.3476035,6,15,8,1,36,60.0,706.485
1562.347671,1,156,38,33,350,79.0,72797.0
1562.3478405,3,10,12,3,127,60.0,847.351
1562.3660685,6,18,18,5,144,62.0,1655.0
1562.366077,5,9,15,3,103,60.0,635.018
1562.3904615,6,4,5,0,21,59.0,267.312
1562.394259,1,2,14,4,90,64.0,1873.0
1562.4020485,6,8,18,6,166,69.0,4246.0
1562.4020555,3,26,12,3,102,58.0,692.901
1562.40206,1,3,21,3,124,60.0,878.102
1562.4278645,6,2,4,1,31,59.0,348.034
1562.478709,1,4,17,5,104,63.0,2474.0
1562.4787215,6,1,11,3,97,60.0,941.499
1562.4787325,3,11,8,1,68,55.0,253.221
1562.4878095,6,1,6,1,34,64.0,598.308
1562.498596,1,5,6,1,38,58.0,306.956
1562.508296,1,8,52,89,289,86.0,483429.0
1562.508312,2,15,37,25,249,70.0,19446.0
1562.5083125,3,11,33,15,285,70.0,9162.0
1562.5083135,6,33,40,18,251,72.0,13796.0
1562.508316,5,40,39,13,291,64.0,5102.0
1562.508321,4,2,5,1,42,53.0,138.056
1562.530726,1,2,8,1,25,57.0,314.506
1562.597884,1,4,3,0,37,56.0,317.522
1562.6015045,6,2,2,0,10,56.0,83.256
1562.609373,1,2,4,0,37,58.0,222.239
1562.6105085,6,2,3,0,23,55.0,196.146
1562.628371,1,92,16,4,185,64.0,1479.0
1562.637413,1,2,11,2,79,59.0,759.053
1562.646843,4,1,1,0,4,47.0,10.04
1562.6718325,6,2,4,0,20,55.0,94.847
1562.6897675,6,1,3,0,14,57.0,158.686
1562.716859,1,2,7,1,57,58.0,541.111
1562.7243295,6,1,4,0,29,55.0,147.442
1562.7410595,6,2,3,0,7,57.0,202.318
1562.754415,1,2,11,2,91,57.0,465.357
1562.7566075,6,2,2,0,7,61.0,201.663
1562.7589615,6,2,5,1,23,64.0,679.609
1562.7605915,6,2,2,0,2,55.0,24.358
1562.7747665,6,3,3,1,20,59.0,340.78
1562.7812875,6,2,7,2,223,60.0,508.611
1562.7856035,6,1,4,0,25,55.0,106.712
1562.793381,1,17,19,4,101,59.0,1298.0
1562.7933885,6,1,14,3,168,56.0,636.462
1562.7980555,6,12,9,3,89,63.0,1886.0
1562.804669,5,3,20,7,166,68.0,3711.0
1562.810688,1,3,11,2,63,59.0,484.36
1562.815965,1,2,8,1,42,62.0,630.534
1562.823572,1,2,12,2,88,62.0,721.308
1562.827785,1,1,5,1,35,56.0,232.836
1562.828611,1,8,44,39,335,84.0,105702.0
1562.82862,2,10,36,21,259,71.0,15447.0
1562.8286215,3,18,31,14,289,69.0,7481.0
1562.82863,5,45,32,11,241,67.0,5411.0
1562.8286405,6,10,31,16,353,69.0,8900.0
1562.828652,4,1,5,0,34,51.0,88.3
1562.8345415,6,3,6,2,28,63.0,1074.0
1562.836755,1,1,16,3,106,57.0,646.468
1562.8494775,6,1,5,1,24,60.0,388.548
1562.8575375,6,19,6,0,22,55.0,220.218
1562.871234,1,8,14,3,105,61.0,911.296
1562.9060355,6,2,8,2,47,64.0,1776.0
1562.9371195,6,1,3,0,13,55.0,161.46
1562.9505965,6,2,2,0,3,57.0,70.388
1562.9943805,6,2,8,1,26,61.0,591.704
1562.9999565,6,6,3,0,10,55.0,122.323
1563.0479925,6,13,4,0,14,56.0,122.772
1563.0542425,6,7,12,3,106,60.0,827.91
1563.054258,1,25,15,3,110,56.0,569.262
1563.07067,1,2,6,1,41,57.0,199.146
1563.083336,1,4,3,0,7,57.0,206.566
1563.0848815,6,2,2,0,7,56.0,101.998
1563.0938835,6,3,3,0,25,62.0,366.212
1563.096994,1,1,26,6,178,61.0,1549.0
1563.0969965,3,15,10,2,127,57.0,489.333
1563.0969965,6,7,18,5,171,59.0,1282.0
1563.096997,2,18,18,6,92,64.0,2741.0
1563.117355,1,9,13,3,115,56.0,551.086
1563.143046,1,10,6,0,32,56.0,186.137
1563.1479195,6,2,2,0,4,55.0,49.742
1563.16011,5,9,23,7,159,68.0,4142.0
1563.1601245,3,1,6,1,39,55.0,190.367
1563.1601335,6,12,13,3,107,61.0,793.132
1563.160137,1,20,14,3,125,57.0,504.643
1563.1692545,6,2,3,0,15,57.0,161.084
1563.1781665,6,1,4,0,23,57.0,230.537
1563.1835025,6,2,11,6,162,70.0,5084.0
1563.1844825,6,3,3,1,146,57.0,228.545
1563.187096,1,3,10,2,76,62.0,984.814
1563.1960685,3,10,3,0,21,57.0,283.694
1563.212974,1,3,9,1,48,63.0,678.02
1563.2194735,3,2,5,0,15,59.0,381.309
1563.2379525,6,2,2,0,10,57.0,146.965
1563.2515755,6,3,9,2,54,62.0,873.125
1563.2656415,6,3,5,0,9,64.0,626.806
1563.274785,1,1,5,1,38,58.0,244.349
1563.280609,5,26,85,178,631,89.0,1170000.0
1563.2806125,3,17,61,99,706,83.0,246835.0
1563.280613,1,13,83,125,551,83.0,382019.0
1563.280618,2,27,72,155,528,83.0,576001.0
1563.2806205,6,27,73,134,625,86.0,523311.0
1563.280622,4,9,36,22,269,73.0,19802.0
1563.282684,5,17,19,3,72,61.0,1446.0
1563.2827075,6,14,10,1,38,56.0,207.753
1563.287828,5,11,22,8,159,68.0,4879.0
1563.287835,4,1,3,0,11,51.0,54.518
1563.287839,1,6,22,4,128,58.0,1020.0
1563.2878405,6,39,22,7,166,61.0,2379.0
1563.292883,5,21,22,5,95,64.0,2713.0
1563.292895,1,70,20,4,130,59.0,1143.0
1563.2929075,6,3,16,3,102,56.0,607.987
1563.3008535,6,188,8,3,211,64.0,845.926
1563.3089505,6,5,10,3,131,60.0,813.151
1563.310605,1,1,14,3,115,60.0,835.995
1563.3106085,6,19,18,3,122,57.0,812.576
1563.3106095,3,13,12,3,154,56.0,707.274
1563.3175815,6,7,8,1,72,58.0,372.011
1563.331349,4,21,3,0,27,51.0,128.055
1563.3313705,6,4,13,2,127,59.0,558.677
1563.338386,1,3,5,1,33,57.0,350.619
1563.354166,5,4,40,11,294,67.0,4550.0
1563.354169,1,8,35,10,350,57.0,2173.0
1563.3541735,6,30,34,12,329,63.0,3797.0
1563.3541805,3,4,20,5,279,59.0,828.871
1563.3649495,6,130,5,1,143,55.0,236.913
1563.3781265,6,2,1,0,3,55.0,34.995
1563.4267715,6,1,3,0,24,55.0,121.086
1563.429459,1,104,81,39,563,70.0,26600.0
1563.429523,5,9,75,49,524,81.0,107094.0
1563.4295265,3,10,52,22,534,66.0,8777.0
1563.429532,4,1,13,3,138,54.0,636.799
1563.429533,2,18,60,35,462,70.0,23382.0
1563.4295345,6,20,63,34,693,72.0,26948.0
1563.4314717,1,4,14,3,84,58.0,939.792
1563.4646305,6,5,4,1,36,58.0,391.718
1563.4656105,6,2,3,0,10,55.0,155.638
1563.477778,1,3,6,0,36,58.0,240.066
1563.4828335,6,2,3,0,8,55.0,91.526
1563.4952285,6,2,2,0,12,57.0,133.056
1563.510437,1,2,6,1,51,60.0,289.079
1563.5266495,6,7,26,15,246,74.0,19785.0
1563.526667,5,13,21,4,123,60.0,1240.0
1563.526675,1,1,18,4,144,59.0,1293.0
1563.5266795,3,26,14,5,184,61.0,1264.0
1563.5326425,6,4,5,1,36,59.0,436.497
1563.541811,1,2,6,1,35,65.0,938.072
1563.544247,1,112,33,10,266,64.0,4311.0
1563.544308,5,39,30,8,238,60.0,2016.0
1563.5443095,6,4,32,11,231,65.0,4864.0
1563.544316,2,1,30,12,174,64.0,5542.0
1563.5443185,3,31,20,5,190,57.0,1138.0
1563.545155,5,5,13,3,83,63.0,1468.0
1563.553892,1,15,21,4,154,57.0,925.342
1563.553909,5,58,15,3,97,59.0,702.574
1563.5619325,6,3,10,0,24,56.0,205.536
1563.566446,1,9,12,3,71,62.0,1153.0
1563.570536,2,2,13,5,96,65.0,2879.0
1563.570543,1,15,17,5,109,64.0,2198.0
1563.5705675,6,1,13,3,127,55.0,581.17
1563.579818,1,2,4,0,5,61.0,369.295
1563.591817,5,8,33,13,192,70.0,9285.0
1563.59182,1,44,33,9,232,64.0,3391.0
1563.5918285,6,11,27,9,265,63.0,2841.0
1563.5918335,3,46,19,5,196,57.0,1171.0
1563.591846,4,4,3,0,14,48.0,40.926
1563.5971315,6,16,16,6,180,67.0,3097.0
1563.59714,5,4,20,4,158,60.0,1009.0
1563.597161,1,201,12,3,202,58.0,562.151
1563.602585,1,2,9,1,37,60.0,421.389
1563.605339,1,9,14,2,96,60.0,693.542
1563.609317,1,2,10,3,91,63.0,1030.0
1563.616899,1,19,46,24,315,71.0,23362.0
1563.6169115,3,1,27,10,301,60.0,2763.0
1563.616913,2,65,34,18,190,68.0,12622.0
1563.616913,5,34,47,22,308,70.0,14697.0
1563.6169135,6,15,41,15,300,67.0,6941.0
1563.616954,4,2,7,0,25,53.0,186.946
1563.623134,1,2,5,1,35,59.0,430.106
1563.6239295,6,1,4,0,12,56.0,163.444
1563.628209,1,2,9,2,64,60.0,573.491
1563.644577,2,25,33,24,233,72.0,21413.0
1563.6445775,6,6,38,19,306,71.0,13347.0
1563.644578,1,25,44,18,261,67.0,10047.0
1563.6445785,3,24,30,11,248,64.0,4286.0
1563.644582,5,16,34,12,254,66.0,5297.0
1563.644609,4,4,5,0,35,54.0,143.704
1563.6715875,6,10,12,3,132,61.0,922.128
1563.6818515,6,1,11,2,88,57.0,519.419
1563.685893,4,2,13,3,115,59.0,753.122
1563.6858955,3,24,34,18,329,67.0,9055.0
1563.685902,2,13,40,33,342,73.0,38633.0
1563.685903,5,14,50,29,335,74.0,35265.0
1563.685905,1,58,46,21,352,67.0,12524.0
1563.6859125,6,11,40,21,277,69.0,13406.0
1563.6874035,6,1,3,0,8,58.0,113.905
1563.6928195,6,1,8,2,153,56.0,278.362
1563.698964,1,9,47,30,296,76.0,35851.0
1563.6989665,6,17,40,23,308,71.0,18349.0
1563.698971,5,51,39,21,250,68.0,16271.0
1563.6989765,3,21,33,15,272,68.0,7981.0
1563.698978,2,24,37,24,288,69.0,18164.0
1563.698979,4,35,11,2,99,54.0,563.75
1563.719629,1,23,22,4,159,58.0,970.08
1563.7196325,6,2,15,5,174,62.0,1402.0
1563.723544,1,1,7,1,38,59.0,386.701
1563.7270545,6,2,2,0,4,56.0,88.217
1563.7360805,6,2,2,0,7,58.0,112.279
1563.7662725,6,2,8,1,31,61.0,668.967
1563.778728,1,6,15,3,129,60.0,815.459
1563.7787405,6,2,15,2,90,59.0,643.786
1563.782903,1,3,5,0,14,56.0,271.594
1563.8070765,3,2,4,1,34,56.0,270.444
1563.843139,1,9,32,11,194,63.0,5095.0
1563.8431395,3,7,19,6,210,62.0,1916.0
1563.8431515,6,49,27,8,202,61.0,2501.0
1563.8645935,6,2,3,0,9,56.0,102.021
1563.877322,1,4,9,2,97,59.0,599.272
1563.8861735,6,3,7,1,73,59.0,367.508
1563.896733,1,9,27,9,237,67.0,4040.0
1563.8967525,6,15,13,4,106,61.0,1388.0
1563.902669,1,2,10,3,64,68.0,2358.0
1563.9029195,6,20,13,4,115,61.0,1276.0
1563.918057,1,13,15,3,88,61.0,1128.0
1563.9180655,6,7,13,3,174,58.0,803.043
1563.924674,1,4,3,0,5,57.0,146.181
1563.928461,1,2,7,1,60,63.0,523.365
1563.939971,1,14,36,15,202,65.0,8056.0
1563.9399775,3,6,26,8,209,64.0,2889.0
1563.945674,1,2,5,0,32,56.0,122.022
1563.948529,1,4,27,8,174,65.0,3340.0
1563.9485515,6,1,16,4,163,57.0,822.992
1563.9509345,6,1,3,0,18,60.0,276.728
1563.975289,5,17,16,3,71,59.0,1298.0
1563.983026,1,2,3,0,24,60.0,214.851
1563.994156,5,23,33,11,209,67.0,5853.0
1563.99416,1,12,27,6,159,59.0,1888.0
1563.9941675,3,3,14,4,167,60.0,845.287
1563.9941765,6,22,21,4,108,62.0,1309.0
1563.99419,4,1,1,0,1,46.0,0.0
1563.9949685,6,1,5,1,107,57.0,184.547
1564.005172,1,2,4,0,15,60.0,232.465
1564.008245,1,16,4,0,40,57.0,188.833
1564.01806,1,7,5,1,43,63.0,619.769
1564.035846,1,9,31,11,177,63.0,5030.0
1564.0358475,3,6,19,6,206,62.0,1888.0
1564.0358585,6,46,27,10,396,61.0,2599.0
1564.041607,1,3,22,5,146,61.0,1177.0
1564.0416205,3,1,5,0,22,55.0,132.162
1564.0416345,6,7,13,4,180,60.0,984.444
1564.0424125,6,2,4,0,24,56.0,142.156
1564.0435705,6,2,13,1,74,56.0,296.458
1564.0458805,6,2,5,1,27,59.0,444.409
1564.0558065,6,325,19,7,371,63.0,1983.0
1564.0569975,6,9,23,11,182,74.0,11828.0
1564.057012,1,2,27,8,203,63.0,2540.0
1564.0570305,3,16,17,5,173,63.0,1532.0
1564.071065,1,13,13,3,88,57.0,759.031
1564.0966385,6,5,30,13,236,68.0,6953.0
1564.096648,4,2,5,1,62,57.0,361.087
1564.096649,5,25,30,13,185,65.0,6831.0
1564.096653,1,15,33,8,194,60.0,2430.0
1564.0966605,3,1,17,4,209,57.0,836.427
1564.107541,4,2,1,0,2,50.0,14.781
1564.107548,5,2,12,2,88,60.0,498.73
1564.111966,1,2,7,1,42,58.0,331.596
1564.120357,1,1,12,3,87,60.0,756.837
1564.122649,5,3,9,3,46,65.0,2786.0
1564.1273165,6,2,3,0,21,55.0,143.881
1564.131671,1,12,37,16,352,65.0,7918.0
1564.1316745,3,7,25,8,210,64.0,2928.0
1564.1316825,6,46,30,10,206,63.0,3900.0
1564.1357925,6,7,12,6,135,67.0,3692.0
1564.159134,5,11,34,15,230,67.0,10893.0
1564.159141,1,13,31,8,211,60.0,2363.0
1564.1591455,3,13,18,5,193,59.0,1134.0
1564.1591485,6,45,28,9,205,62.0,3449.0
1564.161817,5,3,9,2,34,63.0,1733.0
1564.1618355,6,1,8,2,68,56.0,374.09
1564.1634895,3,2,2,0,12,57.0,205.261
1564.1676265,6,2,4,0,25,58.0,235.196
1564.180909,1,2,6,2,28,65.0,1187.0
1564.1885305,6,2,10,2,201,57.0,417.519
1564.2057125,6,209,8,2,231,60.0,697.919
1564.2143375,6,10,22,7,196,67.0,3770.0
1564.2143595,3,1,13,3,150,55.0,461.113
1564.228523,1,9,31,12,197,63.0,5104.0
1564.2285265,3,3,19,6,213,62.0,1912.0
1564.2285375,6,1,27,8,203,60.0,2571.0
1564.2397145,6,2,5,1,30,59.0,509.632
1564.242373,5,5,21,5,116,65.0,2339.0
1564.2423955,6,14,10,1,84,56.0,346.559
1564.244031,1,22,17,4,75,63.0,2034.0
1564.2440485,6,8,11,2,122,55.0,362.346
1564.2458305,6,3,5,1,23,60.0,310.424
1564.2559325,6,2,12,3,86,64.0,1335.0
1564.255934,1,5,11,2,117,57.0,486.974
1564.257396,1,8,27,5,168,62.0,1739.0
1564.2573965,6,26,23,5,136,64.0,1898.0
1564.2574115,3,3,11,3,186,56.0,659.651
1564.2581925,6,4,6,2,60,69.0,1846.0
1564.2733335,6,157,26,8,315,63.0,2604.0
1564.273439,5,10,35,13,250,68.0,7231.0
1564.273451,1,40,32,9,175,62.0,3471.0
1564.2734555,3,24,16,3,147,55.0,566.5
1564.273456,4,4,5,1,84,54.0,248.29
1564.277728,5,3,13,3,137,61.0,868.486
1564.2777365,6,1,10,2,140,55.0,421.989
1564.2919565,6,2,4,0,20,56.0,150.375
1564.3020505,6,1,5,1,25,57.0,292.576
1564.317899,1,3,23,10,156,68.0,7364.0
1564.3179195,3,25,12,2,126,56.0,409.414
1564.324579,1,36,34,15,212,65.0,7767.0
1564.3245795,3,13,25,8,213,64.0,2977.0
1564.3245935,6,46,29,11,203,63.0,3920.0
1564.3348735,3,5,9,2,108,55.0,311.819
1564.339502,1,2,11,2,183,58.0,459.629
1564.3498115,6,1,4,0,11,59.0,247.465
1564.36213,1,1,5,0,22,56.0,129.853
1564.362791,1,2,2,0,35,57.0,184.823
1564.3753205,6,3,4,1,22,61.0,363.339
1564.4073265,6,3,3,0,8,56.0,114.155
1564.4101055,6,2,5,0,18,57.0,190.732
1564.420358,1,9,32,11,195,63.0,4988.0
1564.4203585,3,7,18,5,164,62.0,1837.0
1564.4203705,6,46,26,8,199,61.0,2604.0
1564.441018,1,2,11,2,118,57.0,473.932
1564.4410255,3,8,6,2,92,59.0,481.898
1564.448982,5,2,9,2,74,61.0,830.496
1564.4844,1,15,14,3,81,60.0,901.942
1564.4844285,6,2,6,1,58,58.0,450.908
1564.500959,1,2,5,1,41,57.0,263.601
1564.508232,1,1,2,0,6,56.0,94.936
1564.516065,1,12,34,14,198,65.0,7685.0
1564.5160685,3,7,24,8,210,63.0,2889.0
1564.5160765,6,50,29,10,207,63.0,3991.0
1564.519806,5,7,9,2,43,60.0,807.122
1564.5210055,6,2,3,0,17,61.0,395.078
1564.5220665,6,1,13,3,210,57.0,629.179
1564.522177,5,2,10,2,90,60.0,627.38
1564.5267475,6,8,23,10,201,69.0,6317.0
1564.526753,5,41,26,6,135,59.0,1644.0
1564.526758,1,2,20,7,144,65.0,3515.0
1564.5320015,6,3,3,0,15,59.0,252.223
1564.5326075,6,3,8,1,29,59.0,425.178
1564.5397615,6,1,10,3,215,63.0,959.36
1564.563505,1,1,7,1,43,56.0,233.472
1564.588818,1,33,14,3,121,59.0,763.926
1564.6037675,6,6,10,2,77,58.0,629.605
1564.6295335,6,2,7,2,68,62.0,708.122
1564.6315865,6,4,18,5,187,65.0,1916.0
1564.631591,1,3,12,2,67,62.0,710.473
1564.6316105,3,1,8,2,85,57.0,377.018
1564.6454725,3,15,10,1,55,58.0,416.953
1564.6454845,6,12,21,5,171,59.0,1345.0
1564.6532175,6,7,8,2,71,59.0,564.27
1564.6735385,6,1,6,0,21,55.0,166.056
1564.6958075,6,2,2,0,12,58.0,210.146
1564.6997435,6,3,8,2,103,59.0,719.326
1564.719738,5,5,16,3,120,63.0,1247.0
1564.7197535,6,20,9,2,86,58.0,556.473
1564.720886,1,7,9,2,53,67.0,1439.0
1564.7428205,6,10,8,2,52,59.0,610.171
1564.7489555,6,3,6,1,40,58.0,299.89
1564.785731,5,2,8,2,49,60.0,743.81
1564.794951,1,2,7,1,53,57.0,281.409
1564.803433,1,14,28,9,340,61.0,2402.0
1564.8034395,3,1,19,6,316,57.0,1094.0
1564.8034395,6,4,28,9,353,63.0,2811.0
1564.803444,5,40,25,8,337,59.0,2065.0
1564.816262,5,67,12,3,125,61.0,1005.0
1564.8222185,6,2,3,0,11,59.0,251.024
1564.8269725,6,2,6,1,55,60.0,262.182
1564.8413825,6,1,3,0,7,58.0,129.019
1564.841764,1,3,53,46,307,81.0,98319.0
1564.8417745,3,14,29,13,285,68.0,5596.0
1564.841777,2,12,38,30,270,71.0,29952.0
1564.841787,5,72,44,19,249,65.0,10078.0
1564.841817,4,1,5,1,68,51.0,168.893
1564.8418898,6,12,20,4,162,56.0,922.383
1564.8552325,6,2,3,0,7,56.0,83.453
1564.857007,1,3,8,2,60,61.0,762.838
1564.858722,1,3,4,0,10,56.0,133.601
1564.8653465,6,1,4,0,8,58.0,168.526
1564.8686805,6,3,13,4,64,69.0,2825.0
1564.8737805,6,2,6,1,128,60.0,497.475
1564.918217,1,9,27,8,257,59.0,1984.0
1564.918218,5,61,26,6,114,62.0,2442.0
1564.9182205,6,10,26,9,233,65.0,3424.0
1564.9182265,3,19,18,3,149,56.0,650.161
1564.9205075,6,2,3,0,9,55.0,62.782
1564.937007,1,3,8,2,43,66.0,1591.0
1564.9452645,3,24,26,12,323,64.0,4405.0
1564.945269,2,18,33,18,291,66.0,10060.0
1564.94527,5,12,38,15,234,70.0,9551.0
1564.94527,1,20,41,13,283,65.0,4507.0
1564.9452705,6,22,35,14,264,67.0,6204.0
1564.945271,4,2,6,2,108,55.0,294.445
1564.9499355,6,3,11,4,169,64.0,1272.0
1564.9499705,3,12,4,1,29,55.0,219.296
1564.950693,1,3,10,1,52,58.0,376.946
1564.967368,1,1,8,0,23,58.0,229.132
1564.990054,1,2,18,5,248,59.0,1089.0
1564.9900855,6,60,12,3,104,64.0,1090.0
1564.9967685,6,4,5,0,26,55.0,179.833
1565.0004515,6,7,20,6,194,61.0,1607.0
1565.000453,1,2,21,5,157,57.0,1220.0
1565.0004635,3,1,15,3,126,55.0,698.332
1565.0191255,6,2,9,3,55,66.0,1799.0
1565.025217,1,2,10,2,50,63.0,1188.0
1565.0279975,6,1,7,1,36,56.0,259.217
1565.028905,5,22,60,72,386,81.0,180697.0
1565.0289085,3,11,40,37,479,74.0,32891.0
1565.02891,1,27,63,53,398,74.0,74342.0
1565.028914,4,14,28,7,155,62.0,2529.0
1565.028914,2,42,54,62,341,80.0,138142.0
1565.0289165,6,20,53,56,472,78.0,97045.0
1565.0312805,6,12,4,0,18,56.0,231.314
1565.0375415,3,2,3,1,45,55.0,217.841
1565.0416985,3,6,25,14,266,75.0,15809.0
1565.041711,1,24,31,11,218,66.0,5306.0
1565.041713,2,22,37,17,239,70.0,11597.0
1565.041715,5,40,26,8,180,62.0,2902.0
1565.0417245,6,10,24,6,160,61.0,1887.0
1565.0481165,6,2,4,0,3,56.0,84.162
1565.0489815,6,7,5,1,34,59.0,371.545
1565.061596,5,10,32,11,221,67.0,5652.0
1565.0616085,3,1,12,2,90,55.0,490.145
1565.0686415,6,1,6,2,216,59.0,406.164
1565.073292,1,3,9,2,48,58.0,610.292
1565.0946495,6,2,3,0,15,56.0,100.191
1565.0953165,6,3,8,0,22,57.0,271.201
1565.0984285,3,4,15,5,197,62.0,1479.0
1565.098439,1,17,22,6,175,63.0,2353.0
1565.0984605,6,9,18,5,155,60.0,1322.0
1565.1135405,6,3,10,1,52,58.0,406.813
1565.114222,1,4,21,7,175,66.0,2885.0
1565.1142485,6,5,14,3,106,57.0,857.469
1565.1537155,6,2,4,0,11,60.0,358.337
1565.17127,5,7,12,3,44,65.0,2326.0
1565.1712855,6,9,10,2,117,56.0,491.629
1565.192681,1,4,8,1,42,60.0,541.76
1565.200005,1,1,19,4,84,65.0,1627.0
1565.2000265,6,1,12,3,161,56.0,666.197
1565.219388,1,8,12,3,122,60.0,559.676
1565.2193935,6,1,11,2,115,57.0,409.664
1565.2428555,6,82,12,3,118,65.0,1564.0
1565.2468685,3,2,7,1,59,61.0,702.169
1565.2485915,3,2,1,0,7,56.0,94.129
1565.264305,2,23,32,23,258,70.0,16549.0
1565.264311,1,10,47,25,239,73.0,25087.0
1565.2643125,3,6,27,14,300,66.0,5723.0
1565.2643125,6,39,38,17,329,65.0,8068.0
1565.264319,5,18,48,17,301,66.0,8028.0
1565.264331,4,42,5,1,68,55.0,326.579
1565.2666645,6,2,3,0,19,58.0,234.718
1565.270339,5,14,21,4,102,63.0,1650.0
1565.2703535,6,23,8,3,100,61.0,994.119
1565.271324,5,2,5,1,42,63.0,713.571
1565.2885625,6,20,43,23,280,72.0,17773.0
1565.288563,1,8,51,26,354,74.0,21689.0
1565.288568,2,111,42,25,264,69.0,17478.0
1565.28857,5,28,52,19,319,68.0,10195.0
1565.2885745,3,12,27,12,249,65.0,5251.0
1565.288594,4,2,7,2,92,52.0,316.263
1565.3031805,6,1,7,1,24,59.0,302.613
1565.3081095,6,1,6,0,21,56.0,228.763
1565.314876,1,4,38,18,280,76.0,21288.0
1565.3148905,3,6,18,5,269,59.0,1015.0
1565.3149065,6,5,19,6,245,62.0,1777.0
1565.3312655,6,2,6,1,33,59.0,320.654
1565.335777,5,13,24,11,182,69.0,8407.0
1565.3357885,3,14,15,4,201,58.0,828.412
1565.3357935,6,10,20,6,146,61.0,1936.0
1565.335799,1,35,19,4,177,57.0,913.157
1565.3632665,6,1,13,3,110,57.0,636.842
1565.3731425,6,2,14,3,89,58.0,882.643
1565.4013785,6,1,5,0,11,55.0,96.33
1565.4079895,6,1,1,0,4,55.0,50.116
1565.42029,5,132,40,17,302,69.0,13569.0
1565.4203215,6,114,31,11,299,65.0,4492.0
1565.42038,1,112,37,9,240,61.0,2727.0
1565.4204045,3,1,19,6,207,64.0,1687.0
1565.42041,4,2,4,0,7,53.0,71.952
1565.457874,1,12,26,6,215,59.0,1438.0
1565.457875,5,5,19,5,115,66.0,2259.0
1565.4578835,6,22,18,5,205,59.0,1323.0
1565.488251,5,94,76,59,535,79.0,101732.0
1565.48827,1,100,69,60,514,77.0,104959.0
1565.488274,2,58,57,82,380,82.0,187435.0
1565.4882865,6,84,62,68,476,78.0,141002.0
1565.488311,4,10,31,13,176,71.0,9040.0
1565.4883135,3,10,49,41,487,73.0,34802.0
1565.490498,4,10,42,27,326,74.0,25521.0
1565.4904995,3,17,61,98,653,80.0,187677.0
1565.490502,2,17,78,160,533,85.0,624142.0
1565.490505,5,15,84,117,545,89.0,528134.0
1565.4905085,6,49,91,135,1081,85.0,464582.0
1565.490509,1,5,87,115,648,83.0,344401.0
1565.4974995,6,1,5,0,8,57.0,135.56
1565.5001865,6,2,5,1,26,61.0,377.489
1565.5028265,6,3,6,0,25,57.0,182.942
1565.5056445,6,6,3,1,22,56.0,324.572
1565.5074025,6,1,12,3,79,63.0,1090.0
1565.513192,1,12,9,2,59,60.0,766.363
1565.513224,5,132,10,3,170,59.0,771.482
1565.5148015,3,77,46,44,500,72.0,40854.0
1565.514803,2,16,60,76,429,80.0,162814.0
1565.514803,4,13,29,12,223,66.0,7382.0
1565.514807,5,12,62,58,397,83.0,139853.0
1565.5148085,6,52,62,53,506,75.0,68123.0
1565.51481,1,22,61,49,415,78.0,73637.0
1565.5166455,6,2,6,1,29,62.0,661.039
1565.5175165,3,75,19,7,406,57.0,1205.0
1565.517522,1,19,21,5,137,60.0,1672.0
1565.517523,4,1,4,0,55,52.0,107.739
1565.517524,5,9,20,5,113,66.0,2690.0
1565.5175365,6,1,18,4,116,59.0,1245.0
1565.518278,1,16,9,2,106,61.0,665.567
1565.5196735,6,2,3,0,12,55.0,98.137
1565.5211575,6,8,3,0,9,55.0,146.111
1565.534144,5,13,19,5,134,64.0,1931.0
1565.534145,4,4,7,1,63,54.0,332.296
1565.5341465,3,16,16,3,116,55.0,708.352
1565.534149,1,16,19,5,123,63.0,2010.0
1565.5389275,6,3,4,0,17,59.0,238.059
1565.55111,2,33,34,23,252,70.0,16322.0
1565.551114,5,42,35,15,244,67.0,8816.0
1565.5511165,3,17,27,12,320,67.0,5589.0
1565.551134,4,7,8,1,53,51.0,158.816
1565.5512238,1,1,28,5,169,59.0,1247.0
1565.5512455,6,2,18,5,224,58.0,924.141
1565.555436,1,2,21,5,258,56.0,778.223
1565.5554415,6,29,19,5,308,56.0,638.62
1565.555465,5,120,16,5,218,59.0,1715.0
1565.56246,1,3,10,2,74,59.0,421.364
1565.5624655,6,1,7,1,54,55.0,176.744
1565.5636175,6,2,4,0,27,56.0,131.696
1565.5670885,6,1,7,1,30,56.0,221.403
1565.5730065,6,1,11,3,71,64.0,1182.0
1565.573024,1,1,9,2,99,56.0,401.108
1565.575396,1,6,20,5,140,63.0,1665.0
1565.5754125,3,14,7,1,93,56.0,259.539
1565.5754195,6,14,14,2,100,59.0,662.144
1565.576059,1,2,6,0,3,56.0,68.023
1565.5809945,6,8,7,2,91,56.0,335.607
1565.5852955,6,3,9,2,126,55.0,436.813
1565.587594,1,2,4,0,15,61.0,376.724
1565.588488,1,3,17,6,127,72.0,5140.0
1565.5893525,6,39,9,2,72,60.0,583.967
1565.6157215,6,1,3,0,6,55.0,56.632
1565.617292,1,237,62,38,628,72.0,34910.0
1565.617512,4,2,24,7,206,61.0,1794.0
1565.6175145,3,24,40,33,445,72.0,24655.0
1565.617518,2,22,48,51,299,77.0,81617.0
1565.617519,5,15,57,40,317,77.0,60420.0
1565.6175315,6,12,47,33,402,73.0,28326.0
1565.618421,1,2,5,0,25,60.0,337.007
1565.624727,4,2,5,0,30,52.0,137.869
1565.624737,5,8,21,5,170,64.0,1896.0
1565.6247485,6,20,14,3,118,57.0,721.899
1565.6254745,3,20,19,5,221,59.0,1283.0
1565.625475,4,1,2,0,42,47.0,45.946
1565.625477,2,11,26,12,254,64.0,4814.0
1565.625481,1,2,29,7,189,60.0,2164.0
1565.625483,5,13,26,7,136,63.0,2777.0
1565.6254875,6,12,24,6,171,59.0,1513.0
1565.636445,1,28,13,2,67,56.0,473.774
1565.6380545,6,2,9,2,111,58.0,433.654
1565.6476475,6,13,22,12,142,72.0,12057.0
1565.6476605,3,1,14,4,164,59.0,1129.0
1565.647664,1,48,28,7,161,63.0,3041.0
1565.659478,5,4,9,1,48,59.0,415.211
1565.6594895,6,2,8,1,49,56.0,251.785
1565.669509,5,94,18,4,145,59.0,1050.0
1565.6773735,6,18,33,20,465,75.0,25917.0
1565.677394,5,14,23,5,145,62.0,1279.0
1565.677403,1,63,20,4,149,58.0,905.111
1565.6774065,3,1,10,3,125,60.0,634.993
1565.680631,5,6,8,2,55,63.0,862.11
1565.6806585,6,1,4,1,27,55.0,246.849
1565.6820895,6,108,13,3,145,61.0,890.811
1565.7144345,6,4,5,1,26,63.0,951.556
1565.7222875,6,3,9,4,91,67.0,2619.0
1565.722914,1,6,18,3,74,62.0,1402.0
1565.7229325,6,2,13,3,227,55.0,394.669
1565.7265285,6,1,3,0,25,55.0,137.633
1565.7324295,6,2,6,1,26,60.0,426.731
1565.742646,1,7,5,0,15,56.0,161.796
1565.7449135,6,1,6,0,22,58.0,318.265
1565.766183,4,1,6,2,82,54.0,305.249
1565.7661835,3,12,24,11,249,65.0,5293.0
1565.76619,1,20,35,14,222,66.0,7172.0
1565.766195,5,7,20,7,190,65.0,3215.0
1565.766196,2,54,24,13,167,67.0,8912.0
1565.7662168,6,26,24,7,205,64.0,2734.0
1565.7717225,6,1,13,3,156,59.0,778.205
1565.774291,5,6,13,8,94,73.0,10659.0
1565.7774385,6,2,7,1,45,59.0,280.477
1565.8016158,1,1,8,1,62,58.0,414.506
1565.8096605,6,5,10,2,60,62.0,905.139
1565.8165895,6,2,2,0,6,55.0,58.541
1565.8211815,6,3,6,0,23,56.0,157.276
1565.828612,1,32,9,2,82,61.0,671.227
1565.829518,1,1,5,0,22,57.0,161.527
1565.8321197,1,9,14,3,93,58.0,1098.0
1565.8386525,6,16,7,0,26,56.0,249.607
1565.8443565,6,4,12,3,101,67.0,1790.0
1565.857854,1,3,11,2,82,61.0,695.834
1565.8578745,6,2,7,1,48,55.0,184.624
1565.8676045,6,3,6,1,21,63.0,628.204
1565.8702125,3,2,15,4,143,59.0,1158.0
1565.870215,1,16,20,6,153,60.0,1690.0
1565.870215,5,15,28,7,133,61.0,2976.0
1565.8702185,6,18,20,6,156,61.0,1780.0
1565.8991115,6,1,4,0,39,56.0,237.922
1565.9075085,6,3,15,5,136,68.0,2417.0
1565.9141415,6,5,11,3,92,60.0,900.243
1565.9169995,6,6,28,11,222,68.0,6957.0
1565.917015,1,25,25,6,125,61.0,2256.0
1565.917015,4,2,1,0,3,51.0,23.384
1565.91702,5,28,15,3,76,60.0,976.179
1565.9170215,3,2,13,3,165,59.0,678.054
1565.9257395,6,4,6,1,14,63.0,790.661
1565.9292325,6,9,4,0,14,57.0,181.158
1565.9315415,6,1,13,3,96,59.0,780.902
1565.943501,1,5,18,5,169,64.0,1521.0
1565.9435145,3,5,11,3,161,55.0,627.426
1565.9435245,6,24,18,3,135,56.0,652.423
1565.951372,1,8,28,13,185,70.0,8960.0
1565.9513875,6,10,22,7,185,61.0,2058.0
1565.9513975,3,7,12,3,131,56.0,472.968
1565.96991,1,2,5,0,35,57.0,132.486
1565.972249,1,29,12,2,85,56.0,383.87
1565.987062,1,2,12,2,72,58.0,586.332
1565.9870815,6,1,8,1,54,55.0,239.76
1565.9883715,6,1,3,0,4,55.0,64.451
1565.9903055,6,1,5,1,25,58.0,311.583
1565.991309,1,6,15,6,160,66.0,2375.0
1565.9913345,6,2,11,1,48,57.0,446.98
1565.995772,5,4,11,1,12,59.0,474.296
1566.005292,5,2,12,2,58,62.0,958.248
1566.0151535,6,7,8,1,53,59.0,471.091
1566.0174815,6,1,2,0,11,57.0,159.892
1566.0181945,6,1,5,0,14,58.0,173.697
1566.033774,5,8,13,7,86,69.0,6892.0
1566.0356565,6,151,30,11,333,68.0,5401.0
1566.0358,1,23,23,5,157,60.0,1479.0
1566.0358125,3,32,17,3,158,55.0,601.152
1566.0407695,3,9,12,2,59,57.0,506.926
1566.0501605,6,1,21,8,153,66.0,3922.0
1566.050165,1,13,21,5,114,59.0,1370.0
1566.0567975,6,2,5,1,34,58.0,370.352
1566.059452,1,3,7,1,36,63.0,729.126
1566.068883,1,1,9,1,39,57.0,290.744
1566.0769025,3,1,3,0,22,59.0,209.951
1566.077307,5,3,12,6,46,66.0,4940.0
1566.084839,1,5,8,1,45,59.0,527.753
1566.1010305,6,16,18,5,200,61.0,1316.0
1566.10104,1,2,15,3,101,56.0,630.48
1566.1010435,3,12,8,1,76,56.0,280.115
1566.1025535,6,7,16,6,220,66.0,2484.0
1566.105537,1,3,10,3,102,60.0,779.256
1566.1116485,6,10,11,3,111,62.0,847.309
1566.111667,1,8,13,2,100,56.0,589.322
1566.1213855,6,6,4,0,21,55.0,144.423
1566.1322165,6,10,5,1,27,58.0,290.633
1566.139207,5,1,8,1,28,59.0,482.032
1566.1418565,6,3,5,1,26,63.0,529.525
1566.1448975,6,2,6,2,32,63.0,1012.0
1566.1458885,6,2,10,2,135,55.0,341.614
1566.1590645,6,2,5,1,65,62.0,457.837
1566.164502,5,3,8,1,23,59.0,697.783
1566.169876,1,2,29,6,185,60.0,1493.0
1566.171663,5,3,25,6,121,60.0,2075.0
1566.1716735,6,2,15,4,147,64.0,1503.0
1566.171694,1,36,12,2,79,56.0,427.258
1566.173182,5,1,11,1,42,60.0,462.654
1566.1741485,6,2,3,0,15,56.0,195.831
1566.1760945,6,6,5,1,28,58.0,342.184
1566.177124,5,40,17,3,84,59.0,949.291
1566.1771525,6,1,10,2,135,55.0,399.307
1566.1783385,6,68,8,1,93,57.0,341.228
1566.1844335,6,1,3,0,7,56.0,129.248
1566.189096,2,1,25,11,205,67.0,5194.0
1566.189098,5,19,28,10,218,67.0,4766.0
1566.189098,4,1,3,1,49,53.0,154.036
1566.1890995,3,28,20,6,183,59.0,1415.0
1566.189101,1,22,31,9,200,64.0,3693.0
1566.1891065,6,49,26,8,240,62.0,2240.0
1566.1904335,6,2,11,3,107,60.0,1184.0
1566.1915895,6,4,7,3,40,66.0,2113.0
1566.1956895,6,2,4,0,12,55.0,148.009
1566.207928,5,3,9,2,57,62.0,723.108
1566.2079425,6,4,12,2,106,57.0,590.681
1566.2084848,5,12,40,16,248,68.0,10465.0
1566.208488,2,5,30,15,212,67.0,8701.0
1566.208489,4,1,5,0,21,52.0,54.555
1566.2085058,1,32,32,12,249,66.0,5168.0
1566.2085215,3,56,19,6,255,58.0,1249.0
1566.2085495,6,12,23,4,140,57.0,1015.0
1566.211293,5,7,11,4,87,64.0,1848.0
1566.221109,5,2,13,3,94,62.0,752.306
1566.2211105,3,1,7,2,102,61.0,824.381
1566.2211345,6,2,8,2,175,55.0,351.901
1566.2248355,3,7,4,1,17,59.0,390.918
1566.230628,5,4,11,1,44,60.0,541.288
1566.2423335,6,7,12,5,131,69.0,2546.0
1566.2436395,6,5,5,2,53,64.0,837.79
1566.254324,5,13,17,5,86,66.0,3113.0
1566.2551695,3,2,4,0,16,56.0,149.121
1566.256853,5,2,17,7,91,69.0,5337.0
1566.2644335,6,1,19,6,507,59.0,1127.0
1566.2681115,6,13,2,0,17,55.0,131.346
1566.2698855,6,9,8,1,22,58.0,446.79
1566.2705725,6,1,10,3,291,58.0,555.723
1566.2717365,6,2,4,0,7,57.0,95.809
1566.275298,1,2,9,3,96,61.0,780.974
1566.2763235,6,2,7,1,59,57.0,279.918
1566.2796245,6,1,6,0,27,56.0,194.158
1566.284492,1,8,10,1,34,56.0,406.759
1566.2879765,6,4,4,0,22,57.0,212.22
1566.29134,1,10,14,3,65,63.0,1558.0
1566.2991825,6,2,5,1,23,65.0,1248.0
1566.3068,4,1,2,0,1,46.0,0.0
1566.3068265,6,17,8,2,83,55.0,350.405
1566.314047,1,1,5,0,40,56.0,125.895
1566.3158415,6,2,4,0,17,59.0,238.353
1566.320533,1,1,19,6,118,66.0,3049.0
1566.3205545,6,1,12,1,47,56.0,311.327
1566.329482,5,2,12,3,58,60.0,924.445
1566.336901,1,1,8,0,27,56.0,161.96
1566.33971,5,14,18,5,135,62.0,1892.0
1566.3397155,6,14,15,5,115,66.0,2370.0
1566.3397205,3,1,11,2,70,56.0,400.084
1566.339733,1,9,13,3,131,56.0,774.422
1566.3443535,6,2,5,0,16,55.0,162.759
1566.347753,1,2,7,1,63,60.0,461.509
1566.351182,1,2,9,2,273,57.0,357.548
1566.3523355,3,1,7,1,51,57.0,531.574
1566.3566185,3,6,11,4,82,67.0,2530.0
1566.356632,1,22,19,4,109,60.0,1138.0
1566.3566475,6,7,15,3,112,57.0,677.144
1566.361828,1,73,4,0,81,56.0,143.385
1566.3633285,6,51,10,3,84,61.0,1016.0
1566.364125,5,3,14,2,88,63.0,1168.0
1566.36589,2,10,20,8,148,64.0,3650.0
1566.365891,5,20,18,4,150,59.0,1203.0
1566.3658945,3,5,12,3,148,57.0,607.568
1566.365899,1,10,21,5,164,59.0,1310.0
1566.3659135,6,1,17,4,133,57.0,929.94
1566.3689865,6,141,7,1,145,55.0,173.604
1566.37439,1,4,10,2,45,62.0,865.562
1566.3831,5,2,6,1,20,59.0,607.287
1566.391023,5,3,13,4,113,67.0,2729.0
1566.3910395,6,16,16,5,141,62.0,1649.0
1566.3910565,3,2,6,1,55,57.0,287.416
1566.4136045,6,2,12,2,61,62.0,1155.0
1566.4244565,6,4,3,1,22,57.0,304.416
1566.4287875,6,26,9,3,83,62.0,1020.0
1566.431311,5,13,18,7,133,63.0,3354.0
1566.4313285,6,19,15,3,113,58.0,838.776
1566.431346,1,11,10,1,49,56.0,319.831
1566.4392705,6,1,9,1,65,55.0,335.964
1566.4402125,3,1,5,1,32,58.0,379.31
1566.453667,5,7,15,3,80,61.0,1346.0
1566.4536675,3,6,9,3,115,62.0,1024.0
1566.4536825,6,10,13,3,183,57.0,671.197
1566.4633845,6,19,22,8,161,67.0,3964.0
1566.463399,5,1,23,8,264,61.0,2668.0
1566.463404,1,1,21,4,159,57.0,958.938
1566.4825125,6,1,8,1,39,58.0,324.928
1566.485586,1,1,5,1,40,58.0,268.7
1566.5014775,6,1,3,0,14,58.0,328.475
1566.504688,1,2,4,0,23,56.0,181.557
1566.505788,1,18,28,10,142,67.0,5447.0
1566.505798,2,22,13,9,169,64.0,3395.0
1566.5058005,3,9,17,5,237,60.0,1055.0
1566.5058025,6,52,26,7,171,64.0,2702.0
1566.505806,5,71,26,7,166,60.0,2154.0
1566.505848,4,1,3,0,14,49.0,34.809
1566.525723,4,1,2,0,1,50.0,0.0
1566.5257245,3,14,17,5,182,57.0,972.772
1566.525731,5,15,22,4,143,61.0,1205.0
1566.525732,1,1,23,4,155,56.0,804.579
1566.5257365,6,1,15,4,156,57.0,805.452
1566.527,4,2,14,4,154,60.0,1010.0
1566.5270005,3,51,37,26,336,67.0,16223.0
1566.527005,5,63,51,25,311,71.0,19865.0
1566.527009,1,62,48,21,305,66.0,12134.0
1566.52702,2,17,44,32,255,72.0,33308.0
1566.533983,5,3,16,3,81,63.0,1102.0
1566.5339925,6,1,11,2,71,56.0,369.444
1566.537257,1,1,5,0,23,57.0,131.332
1566.5428765,6,55,20,8,143,72.0,7435.0
1566.542952,1,1,14,3,124,56.0,510.168
1566.5503985,6,9,3,0,16,60.0,448.978
1566.5542265,6,3,3,0,12,60.0,246.803
1566.5660785,6,5,4,1,47,55.0,215.924
1566.571343,5,1,9,1,41,59.0,569.104
1566.573135,1,2,8,1,37,57.0,266.792
1566.5731425,3,3,3,0,12,60.0,411.752
1566.5778235,6,8,4,1,29,58.0,395.117
1566.58411,1,2,2,0,6,58.0,149.911
1566.5917075,6,1,4,0,19,55.0,217.357
1566.600831,1,1,4,0,6,56.0,98.687
1566.6048955,6,13,7,1,61,56.0,292.924
1566.618419,5,7,11,2,55,59.0,915.881
1566.6209645,6,2,4,0,16,56.0,97.886
1566.621329,1,4,7,1,37,63.0,772.723
1566.6259625,6,1,13,3,179,56.0,624.384
1566.626009,1,9,18,5,135,62.0,1747.0
1566.629165,1,2,3,0,32,57.0,174.728
1566.6321525,6,2,5,1,72,58.0,257.681
1566.6347135,6,1,3,0,9,57.0,74.819
1566.635137,1,2,10,2,70,58.0,546.21
1566.6397605,6,1,2,0,4,55.0,44.332
1566.6510845,6,7,28,19,261,74.0,19804.0
1566.6511,1,60,22,5,145,60.0,1638.0
1566.6511,5,6,23,5,116,60.0,1457.0
1566.6511015,3,39,23,11,248,62.0,4351.0
1566.6590235,3,3,2,0,5,55.0,62.332
1566.6597665,6,4,6,1,39,59.0,432.708
1566.6619405,6,1,23,6,339,57.0,1005.0
1566.661945,1,38,26,6,324,56.0,1019.0
1566.6641815,6,2,4,0,15,56.0,326.835
1566.6670935,6,2,3,0,24,55.0,202.512
1566.668789,5,4,16,3,92,62.0,1217.0
1566.6688055,6,1,14,3,88,58.0,764.597
1566.6688065,3,1,11,2,110,56.0,486.735
1566.682477,1,3,8,1,43,60.0,650.219
1566.686329,1,3,8,2,65,62.0,615.044
1566.6906435,6,1,5,0,21,55.0,110.555
1566.701385,1,1,5,0,28,56.0,190.105
1566.7092605,6,2,12,4,247,58.0,741.642
1566.7130345,6,2,9,2,115,63.0,885.007
1566.737895,4,1,1,0,1,45.0,0.0
1566.737905,1,1,18,3,100,58.0,656.51
1566.7379055,3,3,11,4,149,59.0,923.679
1566.7379125,6,2,16,4,125,59.0,884.025
1566.744588,1,2,4,0,32,56.0,269.723
1566.753601,1,3,14,5,129,68.0,3071.0
1566.7549805,6,1,19,5,223,64.0,1309.0
1566.7582635,6,3,11,5,97,70.0,4830.0
1566.766258,1,1,7,1,35,56.0,229.739
1566.7706165,6,2,5,0,32,58.0,265.074
1566.7756825,6,2,4,0,22,57.0,179.775
1566.7781635,3,1,2,0,11,56.0,172.731
1566.784959,1,5,10,2,67,62.0,931.065
1566.7944015,6,2,15,5,534,57.0,631.244
1566.8080175,6,1,7,1,28,58.0,329.514
1566.809841,1,2,4,0,35,57.0,185.242
1566.819859,1,2,7,1,48,57.0,575.792
1566.8222195,6,2,4,0,35,55.0,157.223
1566.8228235,6,34,14,3,90,58.0,763.731
1566.8250385,6,4,8,1,31,62.0,763.508
1566.8285025,3,9,11,5,137,66.0,2244.0
1566.828503,5,13,26,7,183,62.0,2204.0
1566.828505,1,2,25,6,200,58.0,1701.0
1566.8285185,6,12,22,6,200,63.0,1580.0
1566.830494,4,1,1,0,1,45.0,0.0
1566.8305145,6,18,11,2,71,56.0,443.046
1566.836555,1,2,4,0,11,59.0,355.894
1566.8546645,6,4,14,4,162,66.0,1712.0
1566.854674,1,5,14,2,128,56.0,500.104
1566.8666905,6,3,8,1,70,57.0,338.908
1566.8711585,6,91,13,3,167,57.0,494.573
1566.871215,5,2,14,5,88,65.0,2620.0
1566.8718535,6,2,8,2,141,58.0,563.697
1566.871951,5,1,15,2,45,62.0,859.823
1566.877349,4,1,1,0,1,47.0,0.0
1566.8820335,6,5,11,2,144,59.0,559.325
1566.898674,1,2,6,1,36,61.0,392.759
1566.9162055,6,1,5,1,27,57.0,289.204
1566.924601,5,4,35,23,243,76.0,32121.0
1566.9246175,6,21,22,10,163,67.0,5314.0
1566.9246195,3,20,20,7,198,61.0,2313.0
1566.924622,1,20,23,6,172,57.0,1317.0
1566.924634,4,2,2,0,2,53.0,8.896
1566.9280825,6,2,5,0,21,58.0,193.514
1566.9304255,6,5,18,8,253,70.0,4586.0
1566.930454,1,1,10,1,62,56.0,400.971
1566.9351035,6,2,2,0,19,55.0,177.464
1566.936633,4,2,5,0,34,51.0,119.623
1566.936637,5,25,18,3,87,61.0,1398.0
1566.9366375,3,62,11,4,215,56.0,640.85
1566.936639,1,1,24,5,209,58.0,1203.0
1566.9366535,6,22,20,6,162,61.0,1868.0
1566.9374215,6,3,11,2,81,65.0,920.763
1566.9436135,6,8,11,5,130,66.0,2579.0
1566.9445825,6,5,16,4,145,64.0,1486.0
1566.944586,1,17,16,4,135,59.0,1149.0
1566.9445965,3,2,8,2,105,55.0,388.806
1566.95099,1,4,4,0,32,61.0,446.033
1566.9618725,6,4,9,1,39,58.0,483.786
1566.9671715,6,3,12,3,81,68.0,2318.0
1566.984078,1,8,25,9,203,62.0,4280.0
1566.9840815,3,10,18,7,287,62.0,1860.0
1566.9840865,6,241,34,11,280,61.0,3378.0
1566.994021,1,2,3,0,11,58.0,179.288
1566.9963695,6,1,5,1,32,60.0,456.708
1567.0003505,6,137,3,0,139,57.0,146.086
1567.0020775,6,1,2,0,11,56.0,169.655
1567.0034295,6,2,3,0,5,55.0,61.307
1567.0258995,3,1,8,1,77,57.0,369.743
1567.025913,1,2,17,4,171,58.0,684.572
1567.0322245,3,3,29,12,267,65.0,4813.0
1567.032226,4,2,6,1,66,54.0,206.788
1567.032228,2,13,35,18,265,68.0,10735.0
1567.032229,5,10,35,16,253,69.0,11311.0
1567.032231,1,25,35,16,328,66.0,7738.0
1567.0322395,6,11,30,14,209,65.0,6838.0
1567.0376525,6,6,13,3,90,63.0,1114.0
1567.037664,1,1,10,2,97,56.0,377.453
1567.0455475,6,2,3,0,11,55.0,89.044
1567.0462665,6,2,23,6,223,62.0,1296.0
1567.046293,1,77,26,5,199,59.0,1142.0
1567.046345,5,23,17,4,76,60.0,1528.0
1567.0463485,3,11,13,3,231,57.0,649.132
1567.04642,4,1,1,0,1,45.0,0.0
1567.047026,1,58,15,3,134,61.0,791.203
1567.0494865,6,193,11,3,224,57.0,474.799
1567.0615925,3,17,17,5,223,57.0,925.957
1567.061594,4,1,1,0,1,48.0,0.0
1567.061599,5,29,24,8,219,63.0,3443.0
1567.061602,1,2,30,6,211,59.0,1618.0
1567.0616165,6,2,20,5,177,58.0,1099.0
1567.0651,1,242,30,8,349,62.0,1846.0
1567.0672685,6,5,10,2,115,60.0,711.288
1567.077784,4,1,5,0,28,51.0,69.971
1567.0777855,3,13,26,13,280,65.0,5692.0
1567.077792,1,20,29,11,254,67.0,5372.0
1567.077793,2,62,26,13,204,64.0,6602.0
1567.077796,5,9,24,7,144,64.0,3030.0
1567.0777985,6,42,32,10,258,59.0,3100.0
1567.080939,1,12,28,12,207,65.0,6564.0
1567.0809425,3,7,20,6,196,64.0,2590.0
1567.0809505,6,51,30,11,240,63.0,4444.0
1567.084468,1,7,33,10,180,67.0,4299.0
1567.08447,2,42,24,11,166,64.0,5078.0
1567.0844795,3,5,18,5,143,61.0,1771.0
1567.084482,5,20,27,7,140,61.0,2336.0
1567.084487,4,2,2,0,29,49.0,43.53
1567.0844888,6,8,22,5,154,60.0,1551.0
1567.085124,5,84,45,17,258,67.0,9178.0
1567.0851275,3,26,32,16,297,68.0,8543.0
1567.0851358,2,30,39,24,333,69.0,16327.0
1567.0851427,6,4,48,25,460,75.0,25808.0
1567.0851478,1,1,38,16,246,70.0,9610.0
1567.085151,4,5,9,1,48,55.0,315.159
1567.1006745,6,14,13,4,251,60.0,914.45
1567.1083595,6,1,13,3,149,60.0,847.974
1567.1123765,3,13,10,2,129,55.0,468.212
1567.1123815,6,19,15,3,138,58.0,819.74
1567.1134105,3,5,6,1,85,55.0,248.7
1567.1185605,6,85,8,3,190,62.0,924.725
1567.12102,1,7,64,58,577,85.0,135643.0
1567.12103,2,20,55,48,530,77.0,62082.0
1567.1210305,3,30,45,22,529,65.0,10216.0
1567.1210325,6,17,51,35,541,77.0,42684.0
1567.121036,4,23,13,3,137,55.0,579.318
1567.121039,5,23,66,31,528,73.0,25213.0
1567.1224685,6,3,6,0,25,57.0,219.172
1567.128428,4,2,1,0,3,47.0,8.207
1567.1296815,6,2,4,0,25,55.0,160.251
1567.136506,5,62,22,7,99,64.0,3146.0
1567.1365075,6,1,26,9,221,67.0,3749.0
1567.1365165,3,29,17,6,251,61.0,1451.0
1567.136518,1,2,24,5,154,57.0,1106.0
1567.136532,4,1,5,0,19,52.0,74.989
1567.1383215,6,113,11,3,199,58.0,670.919
1567.138408,4,1,2,0,1,47.0,0.0
1567.140353,1,4,12,3,79,66.0,1937.0
1567.1412595,6,2,10,1,44,56.0,333.034
1567.143549,1,1,11,1,65,58.0,376.793
1567.1462355,3,3,5,1,51,59.0,459.617
1567.147446,5,4,10,2,38,62.0,1530.0
1567.150116,5,7,22,8,189,68.0,5011.0
1567.1501265,6,16,20,8,345,65.0,2406.0
1567.1501405,3,17,11,2,68,55.0,508.034
1567.158594,5,5,5,1,22,59.0,386.61
1567.164611,5,7,11,3,72,59.0,811.47
1567.1655765,6,2,9,1,49,56.0,286.324
1567.17676,1,12,25,9,204,63.0,4272.0
1567.1767635,3,3,16,4,99,62.0,1603.0
1567.1767715,6,51,26,9,237,61.0,2940.0
1567.1782045,6,1,7,1,136,55.0,175.979
1567.1841655,3,2,13,4,346,57.0,541.465
1567.1841735,6,40,29,7,386,55.0,1078.0
1567.184185,1,263,34,9,354,61.0,1999.0
1567.1881835,6,2,4,0,18,56.0,101.232
1567.194005,1,9,20,5,142,62.0,1575.0
1567.1940225,6,8,17,4,135,59.0,814.034
1567.197569,1,1,19,4,140,59.0,1217.0
1567.1975785,6,2,14,4,329,58.0,630.418
1567.208265,1,2,3,0,14,58.0,179.395
1567.2093885,6,3,11,2,86,58.0,428.319
1567.2094025,3,1,7,1,75,56.0,334.527
1567.2253665,6,75,36,16,292,67.0,8242.0
1567.225413,5,25,46,20,276,68.0,12442.0
1567.225415,1,15,43,13,316,68.0,5326.0
1567.225421,2,9,23,15,193,69.0,10393.0
1567.2254225,3,3,22,10,261,66.0,4043.0
1567.225434,4,23,6,1,62,53.0,222.977
1567.23474,1,125,13,4,191,64.0,1490.0
1567.236796,1,2,3,0,38,58.0,198.763
1567.2419085,3,1,2,0,5,57.0,131.172
1567.242958,4,1,2,0,37,49.0,82.708
1567.242972,5,4,14,1,33,60.0,448.493
1567.2429735,6,5,12,2,75,57.0,626.178
1567.250411,1,12,17,4,141,62.0,1550.0
1567.2504115,6,31,12,4,145,62.0,1290.0
1567.253244,1,4,37,23,235,76.0,34195.0
1567.2532545,6,2,33,15,399,64.0,5889.0
1567.253259,5,59,33,11,374,61.0,3143.0
1567.2532615,3,6,22,8,170,60.0,2528.0
1567.253263,4,1,3,0,1,50.0,0.0
1567.2568545,6,2,4,0,34,55.0,186.253
1567.257424,1,9,22,5,145,63.0,1710.0
1567.2574355,6,14,17,4,117,60.0,969.438
1567.262336,1,4,2,0,5,56.0,95.432
1567.2726165,3,3,20,6,190,64.0,2626.0
1567.276432,1,196,38,15,436,64.0,6351.0
1567.2764495,6,165,33,16,431,64.0,6582.0
1567.276593,2,11,28,24,227,75.0,29742.0
1567.2765935,3,9,28,13,312,66.0,5577.0
1567.276602,5,12,32,10,213,67.0,5250.0
1567.276606,4,2,5,0,42,51.0,59.005
1567.2784895,6,122,34,12,339,63.0,4127.0
1567.278586,4,3,8,1,44,53.0,250.484
1567.278588,2,1,30,20,230,69.0,13976.0
1567.2785905,3,30,29,12,314,64.0,4564.0
1567.278592,5,32,36,13,203,67.0,7009.0
1567.278596,1,38,40,17,244,67.0,9857.0
1567.280899,5,19,25,7,164,65.0,3206.0
1567.280911,1,9,20,4,118,59.0,1058.0
1567.2809125,6,17,18,5,159,63.0,1555.0
1567.288071,1,2,6,1,48,59.0,329.476
1567.2968525,6,2,9,2,64,62.0,1020.0
1567.2982925,6,2,6,1,177,55.0,178.159
1567.2984385,3,1,2,0,12,55.0,118.095
1567.3042445,6,5,18,10,290,70.0,9803.0
1567.304269,1,16,9,1,47,56.0,269.943
1567.3118255,3,2,3,0,6,56.0,98.527
1567.3139675,6,4,10,2,83,62.0,887.857
1567.3170015,3,7,5,2,56,59.0,597.759
1567.3207205,6,1,5,0,21,55.0,150.876
1567.323207,1,7,26,7,146,63.0,3462.0
1567.323216,2,20,19,7,138,65.0,3201.0
1567.3232195,3,6,17,3,111,57.0,774.95
1567.3232295,6,3,21,6,205,61.0,1438.0
1567.323231,5,16,20,5,212,61.0,1345.0
1567.3275485,6,8,9,2,56,61.0,1006.0
1567.3324065,6,2,3,0,3,56.0,55.311
1567.334914,1,6,7,2,46,59.0,730.934
1567.346801,1,5,17,4,131,66.0,1709.0
1567.3477465,6,1,4,0,17,59.0,234.307
1567.349693,5,2,8,1,49,60.0,528.038
1567.3505025,6,1,17,4,235,56.0,673.626
1567.368659,1,9,32,12,402,63.0,4461.0
1567.3686625,3,10,23,8,421,62.0,2189.0
1567.3686735,6,48,29,10,393,61.0,2880.0
1567.3740285,6,2,3,0,12,60.0,174.131
1567.3832085,6,86,5,1,96,55.0,225.21
1567.3895035,6,6,20,8,306,67.0,3248.0
1567.389506,1,4,16,3,102,59.0,726.709
1567.4013715,6,1,3,0,18,56.0,101.864
1567.4065385,6,7,14,5,171,63.0,1798.0
1567.4099315,6,2,9,2,105,55.0,378.059
1567.411704,1,2,3,0,7,57.0,97.635
1567.4138085,6,6,16,4,151,64.0,1217.0
1567.413821,1,15,17,3,135,57.0,561.839
1567.4138255,3,31,13,4,146,57.0,1028.0
1567.4172735,6,5,13,3,159,58.0,743.703
1567.417295,1,2,9,2,68,56.0,442.062
1567.4278035,6,6,7,2,102,56.0,314.721
1567.4305185,3,1,5,0,45,56.0,171.438
1567.431565,1,2,5,0,23,56.0,272.14
1567.435017,1,8,27,13,172,70.0,10196.0
1567.435023,5,28,24,7,125,62.0,2546.0
1567.4350285,6,12,20,7,152,66.0,4118.0
1567.4391455,6,5,5,1,29,60.0,515.215
1567.4418025,6,117,13,4,153,59.0,1083.0
1567.4510815,6,1,6,2,112,56.0,329.814
1567.4555805,3,3,8,3,115,62.0,1064.0
1567.455582,5,6,10,2,41,60.0,817.062
1567.455585,1,26,16,2,90,56.0,398.134
1567.4555935,6,39,8,2,74,55.0,368.233
1567.460128,1,2,6,1,40,61.0,544.416
1567.464397,1,15,31,12,204,64.0,6329.0
1567.4643975,3,13,20,7,196,64.0,2676.0
1567.4644115,6,44,28,11,237,63.0,4265.0
1567.4750645,3,1,4,0,32,57.0,200.917
1567.4750645,6,17,7,1,39,55.0,215.626
1567.4765875,6,1,6,1,26,55.0,276.79
1567.4821785,6,304,32,12,461,63.0,3564.0
1567.482352,2,97,31,15,278,65.0,6321.0
1567.482356,1,90,51,14,310,62.0,4658.0
1567.4823595,3,86,23,10,343,61.0,2719.0
1567.482369,5,82,41,12,264,64.0,4908.0
1567.48244,4,2,6,1,57,56.0,286.126
1567.4840325,6,5,17,6,138,65.0,2259.0
1567.484048,1,37,20,4,126,57.0,951.114
1567.48406,5,17,19,5,120,60.0,1467.0
1567.4868735,6,1,5,0,18,55.0,175.782
1567.487945,1,38,27,6,198,60.0,1505.0
1567.4879515,6,41,22,6,174,62.0,1677.0
1567.4879615,3,2,13,4,222,56.0,772.582
1567.487993,4,1,1,0,1,45.0,0.0
1567.4919415,6,2,8,2,99,58.0,408.954
1567.5006105,6,1,3,0,11,57.0,166.626
1567.506603,5,11,29,11,170,68.0,6593.0
1567.5066055,3,1,21,5,182,57.0,1050.0
1567.506611,1,6,21,5,153,58.0,1445.0
1567.5066135,6,38,23,7,161,62.0,2768.0
1567.509412,1,3,6,1,19,64.0,905.528
1567.510471,1,3,5,1,19,64.0,914.107
1567.5132765,6,1,6,1,54,57.0,310.758
1567.513975,1,2,8,1,39,57.0,784.278
1567.517989,5,1,9,1,47,59.0,408.383
1567.517997,4,2,1,0,2,47.0,3.784
1567.5211045,6,1,6,2,32,67.0,1225.0
1567.5228135,6,1,9,3,131,58.0,663.914
1567.5258715,6,1,8,1,87,57.0,331.718
1567.5358905,6,3,3,0,9,56.0,100.475
1567.5479685,3,12,8,2,109,56.0,524.039
1567.547969,1,2,27,7,160,64.0,3221.0
1567.5501385,6,1,2,0,4,55.0,36.14
1567.5549105,6,12,8,1,31,57.0,251.79
1567.560169,1,9,27,9,198,63.0,4037.0
1567.5601695,3,7,15,4,144,62.0,1663.0
1567.5602705,6,1,14,3,148,55.0,750.85
1567.565939,1,1,15,3,118,56.0,753.729
1567.571574,1,2,7,1,51,56.0,288.998
1567.5720775,6,2,7,2,170,55.0,219.614
1567.573779,1,3,7,1,48,57.0,567.393
1567.5754065,6,1,18,6,326,63.0,1340.0
1567.5800045,6,1,4,1,59,59.0,270.119
1567.5882835,6,3,5,0,15,58.0,309.671
1567.5891165,6,21,7,1,53,55.0,267.345
1567.590146,4,1,1,0,1,46.0,0.0
1567.5901605,6,1,7,1,48,57.0,351.163
1567.590163,1,21,16,3,88,57.0,673.339
1567.6030155,6,2,2,0,6,58.0,98.968
1567.6191465,6,41,7,1,64,61.0,625.254
1567.631917,1,6,13,4,72,68.0,2823.0
1567.6348575,6,112,35,14,510,66.0,5902.0
1567.634866,5,112,25,10,248,64.0,4077.0
1567.634952,1,23,32,9,233,65.0,3529.0
1567.6349545,3,20,13,3,125,58.0,787.631
1567.634991,4,13,5,1,78,50.0,134.511
1567.638988,1,2,7,1,21,56.0,326.841
1567.6428225,6,3,5,0,23,57.0,183.441
1567.646985,1,7,14,3,101,60.0,777.974
1567.6477725,6,1,9,2,97,60.0,581.536
1567.647777,1,1,16,1,72,57.0,385.479
1567.6524575,6,3,9,1,50,62.0,686.14
1567.6549715,6,2,7,1,38,67.0,1382.0
1567.655888,1,119,34,13,354,65.0,6397.0
1567.6559985,3,10,21,7,244,64.0,2693.0
1567.6560095,6,48,36,13,279,63.0,4776.0
1567.665688,5,12,27,8,167,61.0,3033.0
1567.665698,1,28,22,4,132,60.0,923.434
1567.6657005,6,28,24,6,276,58.0,1295.0
1567.6671985,3,27,16,3,159,60.0,720.692
1567.667206,1,27,17,3,137,57.0,610.012
1567.6672155,6,7,14,3,147,56.0,645.874
1567.67554,1,3,14,3,90,60.0,1132.0
1567.676073,4,1,1,0,1,49.0,0.0
1567.67768,1,1,20,8,222,71.0,5397.0
1567.680918,1,2,6,2,87,66.0,883.5
1567.681774,5,21,17,4,119,59.0,1147.0
1567.6817855,6,6,21,6,228,62.0,1986.0
1567.681808,4,2,3,0,3,47.0,9.014
1567.6838515,6,1,6,2,242,55.0,315.43
1567.6875085,6,10,4,0,18,55.0,155.507
1567.689088,5,2,7,1,37,60.0,751.394
1567.693105,1,15,19,5,236,61.0,1077.0
1567.695099,1,65,21,4,151,58.0,792.139
1567.6951015,6,14,18,5,178,62.0,1618.0
1567.6988325,3,20,16,5,175,59.0,1074.0
1567.698833,4,1,2,0,32,49.0,47.137
1567.698839,1,314,41,12,430,62.0,3426.0
1567.698841,5,14,28,6,125,62.0,2438.0
1567.6988535,6,2,26,8,385,60.0,1797.0
1567.707441,5,1,16,3,92,63.0,1153.0
1567.7086135,6,2,4,0,25,56.0,191.82
1567.7137475,6,3,8,2,48,64.0,1309.0
1567.718014,1,4,15,2,99,58.0,522.908
1567.7231285,6,3,11,3,71,62.0,1030.0
1567.7297315,6,3,10,2,106,57.0,572.68
1567.7316595,3,3,12,3,165,59.0,633.068
1567.73166,5,5,21,5,134,64.0,1796.0
1567.731661,1,31,18,3,121,57.0,789.824
1567.7316745,6,7,17,4,149,58.0,1102.0
1567.7380865,6,1,3,0,20,58.0,165.587
1567.7415625,6,7,6,2,30,63.0,1282.0
1567.7427035,6,2,8,2,124,62.0,727.235
1567.7450205,6,6,10,4,202,61.0,1290.0
1567.7470715,6,6,6,0,23,56.0,169.928
1567.7560385,6,2,5,1,33,56.0,225.38
1567.756538,5,6,6,1,32,60.0,385.352
1567.7659705,6,1,12,2,84,61.0,791.013
1567.7790685,6,10,23,6,136,64.0,1941.0
1567.779071,1,53,18,5,158,61.0,1697.0
1567.7851715,6,9,17,7,117,70.0,5661.0
1567.786998,2,31,22,11,184,64.0,4868.0
1567.7869995,3,34,20,7,219,61.0,1896.0
1567.787016,4,3,2,0,4,49.0,16.457
1567.794175,5,5,10,2,40,61.0,924.037
1567.7982635,6,46,28,11,238,64.0,4535.0
1567.798264,5,8,23,6,176,59.0,1770.0
1567.798265,1,13,32,8,233,62.0,2221.0
1567.7982705,3,13,18,5,198,57.0,1022.0
1567.7990735,6,1,2,0,7,56.0,158.028
1567.8016325,3,3,4,1,62,60.0,383.803
1567.8080165,6,2,10,3,116,62.0,792.372
1567.8174845,6,2,4,1,25,66.0,867.018
1567.8191645,6,11,6,1,45,59.0,499.548
1567.8266075,6,2,6,1,26,62.0,584.732
1567.8271675,6,6,6,2,69,59.0,464.149
1567.829017,1,2,21,5,168,59.0,1027.0
1567.8290215,3,1,13,2,94,56.0,431.991
1567.8290225,6,4,19,6,180,67.0,2668.0
1567.8423245,6,2,16,3,149,56.0,683.509
1567.842348,1,53,16,2,79,57.0,630.832
1567.842373,5,4,14,3,47,64.0,1588.0
1567.865049,1,2,7,1,47,57.0,280.826
1567.8693225,6,1,4,0,36,56.0,156.237
1567.8760125,3,2,2,0,10,55.0,94.662
1567.8761725,6,3,6,1,47,58.0,435.168
1567.8910305,6,1,6,0,32,55.0,184.247
1567.9024165,6,16,17,9,84,70.0,9365.0
1567.908018,1,1,4,0,36,56.0,154.893
1567.9086065,6,3,11,3,129,60.0,737.863
1567.9102235,6,9,5,0,23,55.0,219.43
1567.9127715,6,1,5,1,28,58.0,269.77
1567.9154735,6,86,7,1,99,57.0,293.529
1567.922151,1,2,10,3,221,56.0,411.995
1567.9223145,6,2,6,0,19,57.0,254.103
1567.9250805,6,4,11,3,62,65.0,2118.0
1567.9354375,6,4,2,0,8,55.0,100.249
1567.9439865,6,2,4,0,22,57.0,132.263
1567.945852,1,2,18,8,118,75.0,10009.0
1567.9471455,6,3,5,1,33,61.0,453.479
1567.948459,1,2,11,1,42,58.0,456.411
1567.9499355,6,1,10,1,56,55.0,256.423
1567.9515535,6,1,5,0,26,56.0,202.731
1567.9535425,6,2,6,1,22,61.0,494.916
1567.954141,5,4,11,1,22,62.0,509.916
1567.954849,5,4,7,1,22,60.0,495.127
1567.955432,1,4,14,4,69,67.0,2806.0
1567.957155,1,2,10,2,64,63.0,1078.0
1567.95778,1,2,6,0,32,57.0,245.266
1567.9613185,6,2,4,1,27,59.0,421.039
1567.964847,1,2,4,0,18,57.0,229.575
1567.965543,1,1,7,1,42,56.0,249.558
1567.9655885,6,23,7,2,68,60.0,821.16
1567.9672095,6,3,16,4,238,64.0,1354.0
1567.9689235,6,105,13,4,198,57.0,744.517
1567.969017,1,2,11,2,58,58.0,562.533
1567.9690325,3,3,7,1,95,55.0,229.564
1567.9711175,6,7,17,4,166,62.0,1124.0
1567.9719135,6,4,14,5,138,67.0,2443.0
1567.978745,1,12,17,3,104,56.0,615.91
1567.9787625,3,1,11,3,131,57.0,522.921
1567.9800225,6,2,4,1,26,62.0,427.753
1567.9864115,3,10,17,5,183,59.0,1083.0
1567.986418,5,23,15,4,102,62.0,1512.0
1567.9864285,6,44,20,3,103,56.0,766.346
1567.9886815,6,2,3,0,23,59.0,285.891
1567.9985305,6,3,9,3,72,63.0,1639.0
1568.0014285,6,14,20,9,143,69.0,6872.0
1568.0014425,3,1,14,4,127,59.0,930.853
1568.001455,4,1,1,0,1,45.0,0.0
1568.001456,1,39,19,4,145,58.0,1116.0
1568.0029505,3,21,22,7,245,60.0,1781.0
1568.002952,4,1,3,0,30,52.0,73.806
1568.002954,2,2,25,10,151,65.0,5421.0
1568.00296,1,2,33,10,204,63.0,3979.0
1568.002962,5,11,29,9,215,64.0,3766.0
1568.0029695,6,7,23,7,184,62.0,2051.0
1568.006725,1,4,5,0,35,57.0,234.077
1568.0086625,6,1,2,0,8,55.0,106.442
1568.0096825,3,1,4,0,7,55.0,66.49
1568.0196665,6,1,12,3,82,65.0,1381.0
1568.01967,1,11,13,2,72,58.0,599.518
1568.0208825,6,4,9,3,119,60.0,818.375
1568.0313615,6,1,7,1,34,57.0,332.187
1568.0329425,3,1,20,6,198,59.0,1448.0
1568.032943,1,34,29,8,189,62.0,2942.0
1568.032957,5,16,24,5,152,61.0,1529.0
1568.032959,4,1,3,0,1,49.0,0.0
1568.0329635,6,2,21,6,194,59.0,1501.0
1568.0351175,6,1,9,2,55,65.0,1223.0
1568.0359195,6,21,10,1,56,57.0,424.828
1568.038498,1,7,7,1,44,58.0,473.759
1568.0466785,6,1,5,1,25,63.0,529.39
1568.05036,5,9,18,5,142,65.0,1547.0
1568.0503605,3,5,13,4,144,58.0,1058.0
1568.0503755,6,75,16,3,104,57.0,634.317
1568.0567545,6,6,8,1,26,62.0,523.19
1568.0587205,6,3,3,0,12,56.0,126.614
1568.059213,1,3,6,0,38,60.0,337.095
1568.0595805,6,1,7,1,40,56.0,256.169
1568.0648205,6,1,4,0,17,55.0,138.949
1568.0675745,6,1,4,0,6,56.0,101.715
1568.0690705,6,2,5,0,16,61.0,264.838
1568.071424,1,34,13,2,50,58.0,766.642
1568.0733005,6,9,28,18,234,76.0,22440.0
1568.0733105,3,49,21,9,210,65.0,3675.0
1568.073311,5,39,37,10,184,63.0,3748.0
1568.073313,2,48,23,10,152,64.0,4845.0
1568.073315,1,29,28,9,197,62.0,3409.0
1568.073322,4,1,4,0,41,49.0,77.92
1568.076789,1,14,31,10,177,64.0,4092.0
1568.0767915,3,6,18,5,134,59.0,1553.0
1568.0767965,6,42,24,7,204,61.0,2036.0
1568.076807,5,34,30,8,161,62.0,2728.0
1568.078724,1,2,8,2,211,57.0,303.462
1568.0843855,6,3,5,0,23,56.0,146.933
1568.1001255,6,1,4,0,14,55.0,115.436
1568.1143245,3,2,5,1,15,62.0,625.059
1568.115978,1,2,6,1,43,64.0,588.679
1568.1179885,6,5,12,3,106,60.0,994.324
1568.12612,1,4,7,1,35,58.0,367.699
1568.1301035,6,1,4,1,29,56.0,234.789
1568.1332315,6,1,5,0,27,55.0,203.746
1568.1377035,6,161,29,9,328,66.0,3302.0
1568.1378668,1,2,24,6,202,56.0,1209.0
1568.139312,1,6,8,1,42,59.0,398.261
1568.1414345,3,2,17,6,227,58.0,1355.0
1568.141435,2,2,18,8,127,69.0,5044.0
1568.141438,5,36,28,9,170,62.0,3475.0
1568.14144,1,31,33,9,269,63.0,2495.0
1568.1414505,6,18,25,6,191,61.0,1816.0
1568.1448595,6,2,4,0,14,55.0,86.143
1568.154856,5,2,3,1,29,61.0,466.608
1568.165217,1,197,24,7,302,66.0,2124.0
1568.1652525,6,207,12,3,262,56.0,599.353
1568.1664885,6,2,3,0,12,55.0,130.514
1568.1679135,6,24,4,1,39,55.0,206.621
1568.1686325,6,1,2,0,12,56.0,148.72
1568.1762355,6,2,6,0,34,55.0,224.023
1568.1787665,6,3,14,5,194,67.0,2038.0
1568.1811915,6,3,6,1,35,56.0,362.244
1568.1860265,6,2,16,4,171,61.0,1074.0
1568.186041,1,2,19,3,97,57.0,716.076
1568.1880765,6,11,8,0,25,55.0,212.088
1568.188925,1,2,2,0,5,58.0,97.538
1568.189787,5,7,18,3,106,62.0,1062.0
1568.1898145,6,13,13,2,98,58.0,643.149
1568.1945695,6,2,4,1,20,59.0,413.383
1568.1968715,6,1,7,1,32,55.0,237.436
1568.1998275,6,6,6,0,23,57.0,210.817
1568.2052715,6,364,42,25,642,71.0,16655.0
1568.205617,2,26,33,17,178,68.0,12603.0
1568.205629,4,2,5,1,43,52.0,154.642
1568.208062,5,1,8,1,55,60.0,296.072
1568.2096525,6,2,11,1,43,60.0,504.696
1568.211339,1,3,27,25,275,83.0,71317.0
1568.215877,5,4,6,1,19,63.0,1198.0
1568.218729,4,1,1,0,7,51.0,36.122
1568.2187395,6,15,13,2,141,56.0,396.783
1568.2274285,3,2,10,2,119,56.0,355.462
1568.227429,1,9,15,3,140,56.0,597.534
1568.2338805,6,2,3,0,23,57.0,189.606
1568.2379195,6,14,10,2,121,58.0,566.887
1568.237933,1,1,12,1,57,57.0,300.077
1568.2413075,6,5,17,5,97,66.0,2819.0
1568.2425815,3,7,14,4,117,64.0,1512.0
1568.242598,5,2,13,3,130,59.0,771.432
1568.242599,2,1,11,5,123,64.0,2297.0
1568.242602,1,74,19,5,286,56.0,983.073
1568.2435115,6,3,10,2,108,62.0,762.701
1568.245267,5,2,6,2,43,61.0,1007.0
1568.2458275,6,29,34,13,352,66.0,6032.0
1568.249068,5,9,13,2,49,60.0,804.84
1568.2491135,6,73,7,1,88,57.0,247.855
1568.250791,5,3,9,2,76,61.0,769.889
1568.254922,1,4,12,2,85,56.0,554.302
1568.2549315,6,8,11,2,125,55.0,516.759
1568.257778,1,2,4,0,35,57.0,229.538
1568.2612895,6,7,11,2,91,63.0,1074.0
1568.2621785,6,4,6,1,48,55.0,354.809
1568.2642745,6,4,23,7,219,63.0,2489.0
1568.264289,1,8,20,3,111,58.0,805.662
1568.2677665,6,2,2,0,3,55.0,42.243
1568.2740115,6,3,30,16,217,73.0,16946.0
1568.2740335,3,1,17,5,210,60.0,1198.0
1568.274036,1,40,24,6,201,59.0,1460.0
1568.2789645,6,6,9,2,63,63.0,948.779
1568.2841765,6,11,10,3,64,64.0,1161.0
1568.2894235,6,22,13,1,45,57.0,516.849
1568.2919445,6,2,6,2,124,62.0,583.027
1568.2928655,6,1,4,0,25,56.0,186.469
1568.304754,1,2,13,3,199,58.0,576.894
1568.310175,5,2,15,3,89,60.0,890.049
1568.3101925,6,7,11,2,70,59.0,623.748
1568.3107628,6,1,6,0,34,58.0,175.432
1568.3234845,6,2,7,1,27,60.0,406.445
1568.3304665,6,111,10,2,133,58.0,408.49
1568.337497,1,5,12,3,70,63.0,1355.0
1568.344604,5,5,13,3,48,66.0,2174.0
1568.3507535,6,23,24,11,195,68.0,6953.0
1568.350764,5,29,29,7,121,61.0,2499.0
1568.3507685,3,1,15,4,158,60.0,1071.0
1568.350775,1,24,19,5,135,60.0,1537.0
1568.350778,4,17,2,0,20,48.0,48.814
1568.351419,1,5,19,4,160,62.0,1240.0
1568.3540415,6,1,11,2,87,56.0,446.324
1568.354078,1,9,14,3,105,57.0,696.584
1568.3599235,6,182,16,4,231,65.0,1693.0
1568.3601205,3,1,6,1,57,56.0,317.174
1568.3641705,6,2,9,3,70,70.0,3181.0
1568.3649155,6,1,4,0,13,56.0,81.441
1568.3670265,6,41,26,31,195,85.0,105152.0
1568.3680295,6,4,2,0,8,55.0,61.176
1568.374431,1,2,5,1,38,61.0,588.177
1568.3783915,6,1,12,3,130,60.0,760.301
1568.381333,1,15,37,9,325,58.0,1954.0
1568.3814575,6,63,24,7,186,65.0,2551.0
1568.3929825,6,2,11,2,72,66.0,1080.0
1568.3944295,3,2,3,0,13,55.0,147.041
1568.39803,1,2,7,1,41,63.0,1102.0
1568.4023635,6,5,10,3,49,67.0,2507.0
1568.4032285,6,6,7,1,27,61.0,521.409
1568.4103915,6,9,8,1,36,56.0,306.584
1568.4160075,6,1,6,1,35,55.0,217.78
1568.416737,1,175,52,29,423,74.0,38532.0
1568.4169195,6,31,34,13,273,68.0,6376.0
1568.41692,2,21,29,18,183,71.0,15674.0
1568.416922,5,29,40,12,235,67.0,5219.0
1568.4169255,3,10,24,9,199,62.0,3251.0
1568.416927,4,2,4,0,2,47.0,3.324
1568.42613,1,2,3,0,8,58.0,126.059
1568.4306695,6,22,7,2,119,55.0,439.158
1568.4342065,6,2,3,0,4,56.0,51.075
1568.4425475,6,1,6,2,31,63.0,1268.0
1568.4435885,6,2,7,1,33,57.0,451.829
1568.4443005,6,7,9,1,58,55.0,321.091
1568.4483685,6,2,3,0,26,60.0,237.587
1568.4500115,6,6,8,2,61,64.0,1018.0
1568.452329,1,1,9,2,66,67.0,1199.0
1568.454134,5,3,5,0,6,61.0,306.872
1568.455969,5,2,7,1,25,60.0,821.55
1568.4574505,6,214,11,3,222,58.0,512.634
1568.4615155,6,1,19,4,158,58.0,1004.0
1568.461535,4,1,1,0,1,45.0,0.0
1568.4726435,6,1,15,4,148,62.0,1454.0
1568.472686,1,313,21,6,428,62.0,1241.0
1568.4797575,6,514,13,6,533,59.0,980.567
1568.486702,5,117,63,45,435,73.0,52467.0
1568.4867145,6,62,61,96,556,90.0,515365.0
1568.486726,1,121,64,49,512,73.0,62828.0
1568.486778,4,16,26,10,207,67.0,4758.0
1568.486784,2,43,52,58,342,78.0,101319.0
1568.4867855,3,43,40,43,427,76.0,56848.0
1568.4916225,6,118,8,2,132,59.0,524.903
1568.49426,1,112,8,2,143,60.0,456.988
1568.4956205,6,2,13,3,174,57.0,468.01
1568.495661,1,83,18,3,152,57.0,703.103
1568.496047,4,8,9,3,77,60.0,1045.0
1568.4976815,6,206,5,2,211,56.0,258.109
1568.5002675,6,2,3,0,23,55.0,111.412
1568.500608,1,2,2,0,13,60.0,254.446
1568.501414,5,80,23,6,375,61.0,1369.0
1568.505467,1,3,10,2,41,62.0,973.455
1568.5066315,6,5,10,1,40,57.0,378.725
1568.507882,1,4,30,17,251,72.0,14084.0
1568.5078955,3,10,21,6,232,61.0,1570.0
1568.5078965,6,13,22,8,212,66.0,3499.0
1568.507899,2,13,31,17,199,69.0,13299.0
1568.507909,5,26,22,6,158,62.0,2286.0
1568.5089395,6,33,7,1,37,56.0,338.823
1568.5102865,6,14,19,3,102,62.0,1097.0
1568.5102925,3,1,11,2,109,56.0,364.458
1568.513234,1,2,15,3,92,60.0,824.133
1568.5166185,6,93,10,2,123,57.0,482.535
1568.5259955,3,1,13,4,121,58.0,999.886
1568.52779,5,3,14,3,94,61.0,1118.0
1568.5278105,3,1,11,2,67,56.0,492.419
1568.527818,1,31,13,3,92,56.0,720.269
1568.5285165,6,9,38,18,305,72.0,12428.0
1568.528517,5,6,33,13,269,68.0,6744.0
1568.528531,2,67,30,12,188,65.0,5787.0
1568.5285315,3,37,25,11,276,64.0,4580.0
1568.528537,4,1,5,0,1,51.0,0.0
1568.528543,1,8,35,12,316,63.0,4204.0
1568.529533,1,3,19,6,142,70.0,4113.0
1568.5295605,6,5,13,3,115,56.0,629.232
1568.5344705,3,15,5,1,98,55.0,236.735
1568.5388125,6,1,6,1,68,56.0,208.149
1568.541564,5,2,3,0,13,59.0,273.239
1568.5428355,6,2,3,1,165,56.0,112.953
1568.548184,5,2,18,6,128,68.0,3107.0
1568.5481885,6,25,22,9,172,65.0,3944.0
1568.5482055,3,2,15,5,185,56.0,1019.0
1568.5491055,6,2,6,1,31,60.0,416.192
1568.5508995,6,3,1,1,39,60.0,485.155
1568.5571275,6,11,11,3,102,62.0,929.416
1568.5598885,6,1,15,4,158,59.0,1033.0
1568.5624505,6,2,7,3,454,57.0,376.061
1568.5663775,6,1,9,2,176,57.0,471.781
1568.5692625,6,1,5,1,31,58.0,348.748
1568.5799735,6,3,13,5,181,65.0,1757.0
1568.580735,5,130,53,30,458,73.0,24925.0
1568.5807585,6,113,54,44,518,74.0,51025.0
1568.580842,1,11,53,43,373,79.0,60012.0
1568.580849,2,22,45,43,380,74.0,50262.0
1568.5808495,3,30,36,30,487,69.0,19987.0
1568.580853,4,18,26,5,159,56.0,1248.0
1568.5823035,6,2,3,0,27,56.0,177.277
1568.5842005,6,34,16,7,324,64.0,1993.0
1568.5873595,6,1,2,0,8,55.0,75.907
1568.5932015,6,1,10,2,130,56.0,542.655
1568.5938825,6,295,14,4,337,60.0,1173.0
1568.5958885,6,8,20,6,128,65.0,2299.0
1568.595896,1,29,23,5,181,58.0,1225.0
1568.5958965,3,9,8,1,61,55.0,369.001
1568.6038935,6,158,10,3,213,63.0,951.438
1568.606315,5,9,19,5,121,63.0,2264.0
1568.6063265,6,1,12,2,121,55.0,483.19
1568.60939,1,4,5,1,35,59.0,311.748
1568.6097835,6,132,13,4,288,57.0,604.946
1568.6139305,6,3,8,1,61,56.0,217.281
1568.6152755,6,1,3,0,133,55.0,92.007
1568.6312215,6,154,24,8,350,62.0,2205.0
1568.631343,1,68,26,7,204,61.0,2062.0
1568.631343,5,6,28,8,158,64.0,3017.0
1568.6313455,3,2,12,2,118,55.0,353.942
1568.6366405,6,1,3,0,21,55.0,134.854
1568.64191,5,7,15,4,106,65.0,2223.0
1568.641929,1,58,11,2,92,56.0,457.918
1568.6425455,6,2,7,3,227,60.0,828.958
1568.6469315,6,6,20,9,163,72.0,7635.0
1568.646952,1,19,22,5,150,60.0,1341.0
1568.6620925,6,2,4,1,26,58.0,323.78
1568.6627535,6,13,4,0,50,55.0,147.134
1568.6635065,6,1,6,1,26,58.0,291.889
1568.66853,5,20,18,5,143,63.0,1694.0
1568.668541,1,49,17,2,79,57.0,697.687
1568.6685425,3,3,9,1,77,56.0,290.532
1568.6685465,6,1,9,2,62,60.0,587.503
1568.678088,5,206,25,7,293,61.0,2244.0
1568.6781075,6,2,15,5,336,55.0,698.085
1568.678277,1,2,16,3,141,56.0,576.656
1568.6782825,3,1,10,2,90,55.0,300.261
1568.6795238,6,2,9,2,136,56.0,286.396
1568.6834325,6,1,4,0,12,61.0,201.77
1568.685834,1,2,5,0,3,57.0,68.321
1568.6880605,6,6,19,6,131,70.0,4085.0
1568.6880775,3,40,8,2,75,56.0,392.195
1568.689322,1,3,8,1,39,63.0,985.187
1568.690638,1,2,8,1,94,57.0,240.191
1568.697412,1,4,4,0,18,58.0,282.231
1568.698416,4,1,1,0,1,45.0,0.0
1568.7061875,6,2,6,1,34,58.0,473.137
1568.7067285,6,1,7,1,54,55.0,246.959
1568.7076515,6,1,11,3,179,62.0,920.098
1568.72078,1,4,10,3,64,66.0,1672.0
1568.7222515,6,3,5,0,21,62.0,447.601
1568.7237275,6,198,20,9,341,68.0,4548.0
1568.7239425,3,34,7,2,69,56.0,450.665
1568.7252945,6,1,5,1,29,57.0,252.773
1568.72635,1,30,22,6,171,61.0,1811.0
1568.726353,5,2,25,6,162,60.0,1468.0
1568.7263595,6,10,17,5,213,61.0,1150.0
1568.727195,5,2,5,0,19,59.0,282.469
1568.729001,5,4,6,1,38,60.0,718.863
1568.73155,1,5,16,2,57,60.0,820.1
1568.7340605,6,1,13,3,86,62.0,1232.0
1568.735697,5,16,14,4,145,61.0,1064.0
1568.7357145,6,10,8,2,116,59.0,596.8
1568.7366865,6,2,5,0,21,60.0,279.665
1568.7394645,6,2,8,1,45,58.0,400.642
1568.7400685,6,2,10,3,154,62.0,952.513
1568.741227,1,2,6,1,48,56.0,284.813
1568.7425705,6,6,9,2,117,59.0,550.694
1568.7478475,6,1,16,5,277,58.0,865.22
1568.751604,1,2,9,2,85,62.0,796.648
1568.7536305,6,5,32,19,286,77.0,26910.0
1568.753643,5,34,26,8,166,62.0,2911.0
1568.753645,1,31,23,8,289,61.0,2295.0
1568.753646,2,2,24,10,180,64.0,3848.0
1568.7536485,3,1,16,4,137,62.0,1409.0
1568.753653,4,2,2,0,21,50.0,83.444
1568.7551145,3,15,35,12,368,64.0,3154.0
1568.755118,2,23,38,20,377,68.0,10417.0
1568.75512,4,2,4,0,2,51.0,7.006
1568.755125,1,24,52,16,392,65.0,5914.0
1568.75513,5,11,53,16,370,68.0,8055.0
1568.7551305,6,40,47,17,405,68.0,7514.0
1568.756158,4,2,2,0,21,52.0,90.624
1568.756159,2,17,20,9,141,65.0,4270.0
1568.7561595,3,5,18,4,156,60.0,931.276
1568.756163,1,24,26,7,201,64.0,2371.0
1568.756167,5,9,26,8,153,65.0,4110.0
1568.7561795,6,29,26,9,206,65.0,4409.0
1568.7572735,3,359,61,25,880,64.0,6391.0
1568.757275,1,394,98,28,836,65.0,8290.0
1568.757282,5,370,90,28,813,69.0,10785.0
1568.7573125,6,379,78,27,812,66.0,8540.0
1568.757396,2,257,61,31,707,68.0,12304.0
1568.75763,4,1,3,0,12,49.0,35.138
1568.7601555,6,2,4,1,25,59.0,384.753
1568.7628655,6,4,11,3,138,63.0,988.484
1568.764985,1,10,17,4,136,64.0,1069.0
1568.7650025,6,2,13,4,190,58.0,927.195
1568.768833,1,2,11,3,64,64.0,2112.0
1568.7694815,6,24,9,3,60,66.0,1947.0
1568.769821,1,191,13,4,297,56.0,515.337
1568.7699805,3,6,7,2,110,57.0,348.573
1568.7782535,6,2,4,0,16,55.0,129.945
1568.7788935,6,4,8,3,209,59.0,663.518
1568.7853465,6,6,10,3,63,65.0,1400.0
1568.7867575,3,10,30,11,486,59.0,2095.0
1568.786763,1,340,42,12,469,60.0,2817.0
1568.7870605,6,6,25,14,226,76.0,16565.0
1568.790293,1,10,17,5,300,56.0,788.591
1568.7904215,6,20,18,5,157,60.0,1684.0
1568.7935665,6,2,20,5,122,63.0,1919.0
1568.7947545,6,1,9,2,55,61.0,972.575
1568.7972335,6,316,61,29,568,65.0,12588.0
1568.797339,1,156,66,35,489,75.0,29173.0
1568.7973495,3,174,49,27,528,68.0,14430.0
1568.797356,2,126,57,32,387,69.0,18791.0
1568.797362,5,132,64,24,381,68.0,10664.0
1568.797486,4,69,9,1,73,53.0,316.407
1568.7987455,6,3,6,1,184,57.0,281.924
1568.800549,1,2,4,0,35,57.0,203.145
1568.8010385,6,3,4,0,23,57.0,255.835
1568.8041145,6,4,8,2,178,55.0,408.653
1568.8053365,6,2,3,0,28,56.0,148.163
1568.8100035,6,1,15,6,496,59.0,948.754
1568.8150885,6,152,28,10,483,67.0,3413.0
1568.8152565,3,35,8,3,243,56.0,554.101
1568.815262,1,175,20,4,227,57.0,621.26
1568.816939,1,13,35,30,192,82.0,78126.0
1568.8169698,6,25,19,6,212,60.0,1620.0
1568.8176835,6,1,8,2,213,59.0,498.348
1568.8185975,6,1,7,1,50,55.0,194.356
1568.823164,1,1,30,10,210,66.0,4925.0
1568.8231735,3,3,17,4,148,58.0,998.552
1568.823182,2,8,20,8,115,68.0,5283.0
1568.825386,1,4,9,2,59,62.0,706.005
1568.827475,1,218,22,6,338,59.0,1126.0
1568.8276595,6,14,25,9,154,68.0,5685.0
1568.8286705,6,1,12,3,270,57.0,572.933
1568.8358445,6,176,21,9,454,63.0,2402.0
1568.837966,1,103,22,5,157,59.0,1279.0
1568.8403815,6,2,6,1,41,58.0,369.781
1568.8420975,6,75,11,4,301,62.0,878.596
1568.842588,1,7,6,1,40,60.0,589.398
1568.8444645,6,9,43,39,563,80.0,75352.0
1568.844478,5,11,37,14,246,67.0,6832.0
1568.84448,1,41,37,15,256,65.0,8022.0
1568.84448,2,44,33,17,224,68.0,10951.0
1568.844482,4,8,10,2,76,57.0,450.215
1568.8444845,3,29,22,14,280,66.0,7194.0
1568.845829,1,6,16,3,132,64.0,970.794
1568.845842,5,5,10,2,94,60.0,567.997
1568.8458455,6,1,19,4,207,55.0,815.597
1568.8471945,6,9,77,124,1044,92.0,828313.0
1568.8472,5,86,63,51,456,75.0,65922.0
1568.847205,4,5,25,8,195,64.0,3220.0
1568.847208,1,29,70,67,614,80.0,112403.0
1568.847209,2,45,54,61,382,77.0,87721.0
1568.8472125,3,40,48,53,593,74.0,60392.0
1568.8490635,6,1,6,0,68,58.0,94.1
1568.8498315,6,9,67,69,847,84.0,173531.0
1568.849845,1,41,56,22,419,67.0,11741.0
1568.849845,5,5,56,20,415,64.0,8268.0
1568.849848,2,44,43,26,390,70.0,16092.0
1568.849848,4,2,11,3,116,56.0,647.942
1568.8501035,3,38,12,4,124,58.0,907.598
1568.8512285,6,8,5,1,32,59.0,403.006
1568.851597,1,6,18,6,125,68.0,3471.0
1568.8519995,6,445,49,36,792,78.0,44511.0
1568.852444,1,22,33,11,222,62.0,4225.0
1568.852444,5,18,34,9,207,61.0,2940.0
1568.852445,2,28,27,11,224,64.0,4567.0
1568.852446,4,1,5,0,31,51.0,64.535
1568.8524485,3,43,24,12,293,65.0,4980.0
1568.8532835,3,149,31,17,449,67.0,8470.0
1568.8532995,6,118,61,51,501,82.0,117852.0
1568.853312,1,146,48,19,464,66.0,9631.0
1568.853421,4,4,10,2,86,55.0,390.618
1568.853423,5,36,51,19,349,66.0,9166.0
1568.853425,2,44,45,26,297,71.0,17728.0
1568.8543105,6,680,128,79,1654,83.0,119174.0
1568.8545185,3,520,45,20,966,63.0,5073.0
1568.854552,1,470,74,27,956,68.0,10367.0
1568.855,2,1,33,15,190,69.0,9710.0
1568.855003,4,1,7,1,52,53.0,188.339
1568.8550598,5,28,36,11,439,62.0,2917.0
1568.856367,1,50,21,6,340,57.0,951.988
1568.8564735,6,143,21,7,247,66.0,2331.0
1568.8572965,6,6,9,2,61,58.0,812.891
1568.8578595,6,2426,1087,1642,8898,98.0,10720000.0
1568.857903,1,2417,738,646,5547,86.0,1429000.0
1568.857903,2,2689,553,732,4259,85.0,2009000.0
1568.857903,5,2431,694,494,5471,82.0,745820.0
1568.857905,4,22,50,15,648,60.0,2772.0
1568.8579075,3,2702,503,579,5445,82.0,1095000.0
1568.859055,4,1,9,0,55,49.0,68.145
1568.860023,4,473,135,90,1230,71.0,54676.0
1568.86193,4,2,3,0,25,50.0,69.724
1568.862602,4,211,6,2,230,58.0,383.564
1568.86267,2,139,49,29,362,69.0,19628.0
1568.8646075,3,238,57,23,888,65.0,5971.0
1568.864744,5,34,56,15,671,61.0,3053.0
1568.864746,1,117,73,20,748,67.0,5344.0
1568.864746,2,80,42,17,326,64.0,6128.0
1568.864835,4,11,2,0,12,47.0,23.812
1568.8673895,6,2875,501,294,7531,85.0,481681.0
1568.868233,2,353,48,26,571,66.0,11239.0
1568.868234,1,332,56,22,802,65.0,7244.0
1568.868244,5,298,46,14,525,61.0,3885.0
1568.8685455,3,42,30,20,464,68.0,11992.0
1568.868552,4,2,8,1,119,50.0,220.803
1568.87026,5,36,54,20,567,64.0,7789.0
1568.870268,4,10,11,2,99,58.0,585.026
1568.870269,1,50,55,21,616,66.0,7937.0
1568.87027,2,44,49,30,576,66.0,14556.0
1568.8702745,3,37,45,26,620,69.0,15737.0
1568.872503,5,34,49,30,442,71.0,22274.0
1568.872506,1,62,52,38,460,70.0,32561.0
1568.87251,2,35,46,55,376,76.0,77201.0
1568.8725115,3,6,41,44,521,74.0,53281.0
1568.872512,4,61,18,9,310,57.0,1912.0
1568.8768275,6,562,40,12,792,59.0,1964.0
1568.8779775,3,41,11,3,101,58.0,750.392
1568.877993,1,2,19,6,413,57.0,870.685
1568.8781515,6,96,26,12,438,70.0,6997.0
1568.8788315,3,20,8,1,96,55.0,278.142
1568.8791645,6,26,23,10,170,70.0,6459.0
1568.8798645,6,1,19,7,504,56.0,853.343
1568.8806615,3,1,10,3,217,56.0,502.275
1568.8815305,6,79,40,14,853,62.0,2434.0
1568.8834535,6,151,11,3,317,55.0,437.524
1568.8842708,6,320,52,17,691,61.0,4103.0
1568.8854685,6,207,66,25,1126,69.0,9014.0
1568.8882595,6,5,10,3,154,64.0,1054.0
1568.888765,1,2,4,0,26,58.0,226.299
1568.8890205,6,4,10,3,186,59.0,594.157
1568.8897695,6,2,8,3,145,63.0,975.032
1568.8905045,6,4,16,5,472,57.0,730.025
1568.891735,1,47,21,7,176,62.0,2398.0
1568.8923897,6,3,21,7,445,55.0,1007.0
1568.8952625,3,25,8,2,79,56.0,506.919
1568.895378,1,2,38,9,459,57.0,1693.0
1568.8954055,6,332,48,13,455,64.0,3577.0
1568.8963705,6,21,28,10,368,69.0,5749.0
1568.8979765,6,726,63,27,1217,71.0,13980.0
1568.8987155,3,32,15,7,351,59.0,1413.0
1568.898728,1,6,16,5,173,62.0,1214.0
1568.8998595,6,163,9,4,344,58.0,566.795
1568.9014675,6,8,11,4,179,62.0,1381.0
1568.9024535,6,188,34,11,552,62.0,2634.0
1568.9035185,6,2,16,6,122,66.0,3657.0
1568.9042015,6,3,9,1,71,57.0,413.148
1568.9052225,6,1,18,5,302,57.0,869.062
1568.905413,1,2,11,1,46,57.0,414.088
1568.9054255,3,8,6,1,56,56.0,302.041
1568.906956,1,2,2,0,32,57.0,141.703
1568.9071315,6,1,15,5,442,56.0,678.043
1568.9077935,3,1,3,0,17,57.0,124.838
1568.9091715,6,1,3,0,22,58.0,150.803
1568.9107985,6,5,10,3,173,63.0,857.345
1568.9118925,6,34,13,4,262,60.0,1022.0
1568.9125225,3,15,13,4,216,60.0,844.784
1568.912528,1,8,21,5,317,58.0,983.893
1568.9126555,6,3,23,4,207,57.0,717.362
1568.9147405,6,3,8,1,41,59.0,440.082
1568.9152215,3,15,13,2,98,57.0,592.121
1568.915225,4,1,1,0,1,47.0,0.0
1568.9152818,6,551,46,15,647,68.0,5577.0
1568.9173955,6,8,10,4,183,62.0,1141.0
1568.9193565,6,20,88,178,1209,91.0,1269000.0
1568.91936,5,48,54,56,699,73.0,51179.0
1568.919363,4,20,30,23,543,62.0,7088.0
1568.919368,1,68,56,56,592,73.0,59311.0
1568.919371,2,33,48,75,530,77.0,107542.0
1568.9195358,3,68,46,39,941,68.0,18618.0
1568.9211035,6,373,33,13,539,65.0,4621.0
1568.9221595,6,201,21,5,326,57.0,948.371
1568.922901,1,5,17,3,120,57.0,755.402
1568.9229255,3,27,11,1,66,57.0,397.138
1568.922949,2,6,10,4,78,65.0,1995.0
1568.9235235,6,1,33,9,456,61.0,1808.0
1568.9245055,6,6,14,4,182,57.0,1030.0
1568.9252045,6,740,39,27,984,80.0,45303.0
1568.9267395,6,3,11,3,169,62.0,979.906
1568.927363,5,19,34,11,227,64.0,4144.0
1568.927369,1,52,30,9,256,65.0,3263.0
1568.927369,4,1,10,2,110,55.0,366.811
1568.9273735,3,21,33,15,607,62.0,4430.0
1568.927383,2,22,24,10,142,65.0,4738.0
1568.9274088,6,14,38,13,464,65.0,4032.0
1568.928287,1,59,16,3,164,58.0,577.303
1568.9290655,6,1,10,2,117,56.0,443.521
1568.9297165,6,126,82,37,1214,79.0,29861.0
1568.9298585,3,53,20,6,337,55.0,965.299
1568.929869,1,234,43,13,719,58.0,2324.0
1568.9311675,3,2,13,3,122,57.0,855.997
1568.9315055,6,447,25,11,598,68.0,4614.0
1568.9333025,6,2,13,3,228,59.0,460.232
1568.9342715,6,276,13,4,304,56.0,681.442
1568.9354435,6,162,29,11,493,64.0,3217.0
1568.9394805,6,6,12,3,156,58.0,682.19
1568.9429705,6,168,34,12,691,61.0,2279.0
1568.943097,1,5,31,11,143,68.0,8984.0
1568.9447605,6,46,26,10,195,72.0,8167.0
1568.9455585,6,2,5,0,14,57.0,219.375
1568.9468405,6,314,27,14,480,72.0,10382.0
1568.9478705,6,114,12,4,208,62.0,934.933
1568.9496685,6,143,44,29,528,74.0,31526.0
1568.949802,5,14,39,12,243,61.0,3901.0
1568.949809,4,32,13,3,153,54.0,587.956
1568.949811,1,42,37,12,287,62.0,3940.0
1568.9498135,3,57,26,14,309,65.0,5984.0
1568.9507925,6,10,10,2,55,59.0,674.862
1568.9526175,6,1,26,10,304,66.0,4321.0
1568.952631,5,37,17,3,72,59.0,820.341
1568.9526345,3,1,12,2,76,58.0,670.667
1568.952635,4,1,1,0,1,45.0,0.0
1568.9534218,6,72,26,9,357,64.0,2384.0
1568.9562598,6,227,22,7,592,56.0,762.619
1568.9575065,6,2,12,3,184,59.0,876.076
1568.9582805,6,167,17,7,554,60.0,1246.0
1568.9604505,3,37,19,8,312,63.0,2559.0
1568.960451,5,25,26,7,200,61.0,2147.0
1568.960453,1,49,25,8,185,60.0,2333.0
1568.960456,4,2,9,1,48,51.0,185.381
1568.9615275,6,2,11,6,116,69.0,8992.0
1568.9624545,6,7,7,1,32,60.0,446.701
1568.9636505,6,5,22,8,326,66.0,3097.0
1568.9636665,3,1,10,2,102,55.0,373.179
1568.963669,1,52,14,2,94,56.0,445.212
1568.96803,1,1,20,4,121,63.0,1357.0
1568.9699165,6,365,19,7,532,62.0,1407.0
1568.971056,5,49,38,15,256,66.0,7844.0
1568.971066,4,2,5,2,92,54.0,288.527
1568.9710665,6,1,26,7,294,59.0,1601.0
1568.9710675,3,1,16,3,144,55.0,572.129
1568.971068,1,18,27,10,195,66.0,4725.0
1568.971076,2,27,22,9,120,67.0,5746.0
1568.9718745,6,2,8,4,335,58.0,594.636
1568.97306,1,8,29,12,391,65.0,5176.0
1568.9730725,3,21,13,3,173,58.0,679.345
1568.973073,5,25,20,4,125,60.0,987.046
1568.9769615,6,4,6,0,23,58.0,191.374
1568.9780035,6,3,40,21,330,73.0,21051.0
1568.978011,5,23,34,9,214,59.0,2653.0
1568.978016,2,38,21,11,179,65.0,5115.0
1568.978021,1,16,30,10,236,66.0,3855.0
1568.9780215,3,59,26,10,244,62.0,3682.0
1568.97803,4,11,6,1,39,52.0,186.811
1568.9789985,6,6,12,3,121,57.0,668.747
1568.9819185,6,15,9,2,50,58.0,626.03
1568.9839455,6,3,13,4,118,69.0,2876.0
1568.9854835,6,1,7,3,324,56.0,293.438
1568.9863255,6,5,11,2,107,57.0,411.448
1568.9870195,6,1,3,0,18,59.0,211.09
1568.9886635,6,63,7,1,74,57.0,337.327
1568.9890985,3,3,4,0,17,56.0,247.103
1568.9893315,6,276,35,27,491,81.0,54874.0
1568.989641,1,3,20,4,183,57.0,776.132
1568.9896445,3,16,6,1,69,57.0,315.642
1568.9922885,6,205,6,2,259,56.0,331.292
1568.9934245,6,349,14,5,373,60.0,925.965
1568.9953725,6,231,15,7,294,68.0,3633.0
1568.996158,5,10,16,5,103,67.0,2479.0
1568.9979685,6,139,10,3,292,62.0,809.331
1568.9988475,6,1,6,2,205,59.0,436.166
1569.0028935,6,107,31,17,389,71.0,12301.0
1569.0030225,3,43,16,4,202,55.0,542.582
1569.003028,1,1,21,5,157,60.0,1440.0
1569.0046255,6,5,5,0,20,59.0,347.895
1569.0051725,6,13,22,7,577,60.0,1049.0
1569.0090625,6,365,22,9,506,68.0,3090.0
1569.0128195,6,3,8,1,50,56.0,217.121
1569.0158005,6,592,54,19,770,69.0,6756.0
1569.0163935,3,2,11,2,112,56.0,537.337
1569.0172405,6,1,27,8,388,60.0,1954.0
1569.0192775,6,2,11,2,112,59.0,492.064
1569.0215575,6,2,7,2,53,61.0,559.975
1569.0237795,6,9,13,3,81,63.0,1334.0
1569.0245925,6,186,38,12,334,62.0,3746.0
1569.024639,5,50,57,23,295,67.0,13948.0
1569.0246425,3,45,30,7,235,57.0,1318.0
1569.024643,1,39,43,14,268,65.0,5705.0
1569.024649,2,40,33,17,253,69.0,10152.0
1569.024654,4,1,7,1,87,50.0,205.275
1569.025877,5,2,29,8,298,59.0,2153.0
1569.02588,1,10,28,8,247,63.0,2069.0
1569.0258835,3,41,20,11,280,64.0,4695.0
1569.025911,4,1,5,0,1,48.0,0.0
1569.0260228,6,1,14,3,162,56.0,605.09
1569.0332815,6,16,16,3,118,59.0,1023.0
1569.033738,4,13,5,0,40,49.0,92.948
1569.0372125,6,52,17,6,206,66.0,3021.0
1569.03727,1,1,14,4,155,59.0,1101.0
1569.0372835,3,2,7,2,108,56.0,363.71
1569.0383585,6,2,9,3,353,56.0,444.682
1569.0410905,6,2,5,0,23,60.0,275.176
1569.0418125,6,1,10,2,140,57.0,491.826
1569.0456705,6,29,5,1,49,58.0,323.31
1569.0489165,6,271,36,12,417,64.0,4035.0
1569.0489325,3,1,20,4,311,57.0,619.864
1569.048937,1,2,28,7,344,59.0,1296.0
1569.0504035,6,12,6,1,64,57.0,423.936
1569.0547585,6,5,55,50,508,83.0,117875.0
1569.054763,5,46,36,17,282,65.0,9041.0
1569.054771,4,1,9,2,91,55.0,365.977
1569.054773,2,51,32,19,223,68.0,12474.0
1569.054775,1,1,41,18,425,68.0,9087.0
1569.0547765,3,38,34,20,329,69.0,10424.0
1569.0559975,6,42,10,2,76,61.0,887.719
1569.0575925,6,3,7,2,125,61.0,686.547
1569.0589895,6,5,5,0,11,56.0,191.708
1569.0598315,6,67,20,7,221,65.0,3178.0
1569.0612525,6,13,35,14,962,63.0,2721.0
1569.0647235,6,557,38,13,613,66.0,4194.0
1569.0665,5,2,8,2,89,60.0,697.879
1569.072419,5,5,11,2,41,64.0,1394.0
1569.0731655,6,20,16,4,163,59.0,1011.0
1569.0746835,6,69,10,2,92,56.0,534.589
1569.0761035,6,70,11,2,85,59.0,723.982
1569.0767055,6,36,8,3,60,67.0,1635.0
1569.076983,5,24,24,8,139,64.0,4471.0
1569.076985,1,34,24,6,238,59.0,1277.0
1569.076994,4,1,5,1,57,52.0,175.904
1569.0769985,3,3,18,6,377,56.0,959.768
1569.0781865,6,1,3,0,28,55.0,137.144
1569.0806685,6,1,10,2,273,59.0,409.543
1569.085044,1,2,2,0,7,57.0,113.592
1569.0858975,6,1,18,5,202,59.0,1018.0
1569.085949,1,1,9,2,115,57.0,450.679
1569.0859675,3,3,5,1,40,55.0,239.533
1569.0906285,6,65,12,4,135,61.0,1184.0
1569.0912855,6,5,7,2,114,60.0,623.486
1569.0941085,6,141,12,2,149,56.0,453.054
1569.0959185,3,3,10,2,125,55.0,405.329
1569.0965865,6,1,4,0,13,55.0,138.257
1569.0979285,6,3,38,16,281,70.0,11102.0
1569.097937,5,43,30,9,252,64.0,2943.0
1569.097938,1,25,36,9,251,60.0,2371.0
1569.097942,2,33,31,12,218,64.0,5174.0
1569.0979425,3,18,18,6,183,61.0,1671.0
1569.097945,4,2,6,1,33,52.0,178.912
1569.1004935,6,1,10,4,448,56.0,605.965
1569.1029485,6,1,7,1,53,55.0,220.256
1569.105027,1,5,15,2,57,58.0,679.307
1569.1050535,6,170,11,3,185,62.0,818.453
1569.1071465,6,4,13,3,83,64.0,1406.0
1569.1083715,6,446,25,9,537,65.0,2201.0
1569.108489,1,2,17,3,109,58.0,753.363
1569.1099185,6,1,7,1,85,55.0,155.619
1569.1112885,6,2,9,3,65,66.0,1346.0
1569.1121995,6,178,4,2,207,56.0,288.99
1569.1169355,6,1,10,2,75,57.0,445.829
1569.1176165,6,1,11,4,532,55.0,429.501
1569.118419,5,172,29,7,311,61.0,1608.0
1569.118441,1,1,34,13,317,67.0,5625.0
1569.1184665,3,115,18,6,272,60.0,1146.0
1569.1193605,6,123,23,8,522,61.0,1397.0
1569.120714,1,45,17,4,142,56.0,793.024
1569.1207225,3,1,13,3,102,59.0,726.006
1569.1209285,6,1,11,3,207,55.0,417.846
1569.1216515,6,1,10,1,76,57.0,359.597
1569.1222295,6,193,30,10,667,59.0,1696.0
1569.1236655,3,2,2,0,5,55.0,49.658
1569.1244955,6,3,7,2,52,63.0,775.317
1569.1255385,6,97,9,2,106,60.0,830.322
1569.1265605,3,4,13,4,263,58.0,733.408
1569.126576,1,19,20,2,103,56.0,515.093
1569.1267825,6,147,14,4,275,58.0,634.385
1569.1275865,6,20,30,9,576,56.0,1238.0
1569.1276405,3,84,13,3,219,57.0,547.56
1569.1324235,6,14,12,3,104,61.0,912.929
1569.133182,1,14,22,2,60,56.0,648.637
1569.1331875,6,1,19,4,291,59.0,899.659
1569.1376375,6,21,13,3,108,62.0,1221.0
1569.137644,1,9,18,3,113,56.0,536.029
1569.1392265,6,8,19,7,555,62.0,1043.0
1569.1402818,6,8,11,3,68,64.0,1481.0
1569.140289,1,2,11,2,67,59.0,702.388
1569.1410915,6,10,12,4,75,67.0,2321.0
1569.1418435,6,2,4,0,8,58.0,141.063
1569.1425325,6,9,6,1,42,58.0,394.73
1569.143799,5,2,8,2,101,59.0,441.485
1569.148222,1,4,18,7,132,65.0,3187.0
1569.1482355,6,2,12,2,97,55.0,448.789
1569.1509707,6,2,7,2,76,55.0,369.694
1569.1516535,6,4,71,34,1000,72.0,15947.0
1569.152257,5,26,42,21,241,73.0,22279.0
1569.1522595,3,22,32,14,337,65.0,6323.0
1569.152266,2,39,35,24,250,70.0,20002.0
1569.152269,1,82,47,23,341,68.0,15525.0
1569.152272,4,4,15,3,97,55.0,599.596
1569.1533805,6,3,10,2,176,64.0,834.596
1569.1558135,6,1,5,1,35,57.0,261.506
1569.1571925,6,64,11,3,94,62.0,1651.0
1569.1589575,6,1,18,3,143,58.0,699.301
1569.1603845,6,6,14,6,92,67.0,3811.0
1569.160426,1,17,11,1,70,56.0,320.022
1569.1610665,6,3,6,1,24,58.0,395.181
1569.1616605,6,246,19,7,369,60.0,1501.0
1569.163723,1,4,3,0,6,57.0,153.905
1569.1650715,6,2,7,2,23,69.0,1761.0
1569.1656285,6,202,18,5,327,60.0,886.226
1569.1666575,6,255,10,3,283,58.0,464.536
1569.1715975,6,3,8,1,42,62.0,707.004
1569.1739775,6,35,13,3,94,58.0,916.315
1569.1778135,6,1,16,4,369,55.0,563.835
1569.1799675,6,2,18,5,258,60.0,897.71
1569.1812795,6,41,41,27,317,76.0,37564.0
1569.181325,1,70,34,10,204,64.0,4417.0
1569.181332,5,25,33,10,248,63.0,3828.0
1569.181342,4,1,5,0,29,50.0,77.225
1569.1813495,3,11,21,10,200,65.0,4928.0
1569.1821865,6,6,7,2,35,62.0,938.362
1569.1855835,6,7,7,1,47,59.0,401.025
1569.188745,1,7,7,1,38,60.0,601.654
1569.1893975,6,1,9,4,410,56.0,529.861
1569.190169,1,4,14,3,95,63.0,1308.0
1569.1921635,6,2,7,2,188,56.0,404.976
1569.1930195,6,2,4,0,13,55.0,175.369
1569.1935328,6,1,15,4,182,59.0,1187.0
1569.1964255,6,2,10,2,117,56.0,345.313
1569.1985405,6,370,16,5,409,55.0,628.181
1569.2005345,3,1,20,5,252,55.0,897.621
1569.2007,4,1,2,0,17,48.0,42.027
1569.2007357,6,4,12,2,126,55.0,364.286
1569.20515,1,4,9,3,209,63.0,902.811
1569.2070095,6,3,5,1,182,57.0,306.535
1569.2086345,6,2,5,1,26,58.0,417.668
1569.2118525,6,100,5,1,115,57.0,280.087
1569.2127745,6,24,13,2,65,57.0,580.208
1569.2147765,6,2,8,2,98,62.0,605.149
1569.2225795,6,115,49,26,525,68.0,15271.0
1569.22266,5,9,48,35,317,76.0,42705.0
1569.2226635,3,21,32,18,283,71.0,12566.0
1569.222664,1,40,54,31,366,70.0,24257.0
1569.22267,2,11,41,33,283,73.0,33539.0
1569.222685,4,18,15,4,94,55.0,920.595
1569.225788,1,12,34,10,301,65.0,4489.0
1569.2258135,6,2,18,5,272,55.0,831.204
1569.2272595,6,1,6,1,39,56.0,233.834
1569.228703,1,4,14,3,96,64.0,1181.0
1569.230479,5,9,29,10,416,61.0,2640.0
1569.230481,1,22,33,8,219,60.0,2357.0
1569.2304885,3,5,18,5,167,57.0,1390.0
1569.230496,4,1,2,0,1,50.0,0.0
1569.2305878,6,137,25,7,342,63.0,1609.0
1569.231751,1,2,15,4,209,58.0,783.098
1569.2317775,6,107,20,7,259,66.0,3263.0
1569.2355435,6,351,19,8,891,59.0,1009.0
1569.2369995,6,2,4,0,12,56.0,148.854
1569.2416995,6,1,14,3,163,57.0,598.113
1569.2433015,6,223,26,11,888,60.0,1319.0
1569.2446945,6,1,6,0,24,57.0,150.695
1569.246226,5,4,43,13,353,62.0,3741.0
1569.2462445,6,158,39,14,302,66.0,6057.0
1569.2462625,3,138,22,7,345,62.0,1730.0
1569.24627,1,1,41,13,320,65.0,4977.0
1569.246398,4,1,2,0,8,48.0,15.291
1569.2488385,3,2,4,0,13,57.0,149.474
1569.2496515,6,8,20,5,162,61.0,1561.0
1569.2524475,6,3,5,1,15,60.0,446.414
1569.2543265,6,10,3,0,16,57.0,283.725
1569.2598035,6,5,8,2,100,56.0,383.987
1569.260777,5,10,14,3,66,64.0,1758.0
1569.2607945,6,7,19,4,110,63.0,1432.0
1569.2608035,3,2,11,3,128,60.0,648.617
1569.2633315,6,2,6,0,10,57.0,149.227
1569.2639815,6,93,39,21,425,68.0,11177.0
1569.264048,5,12,34,16,262,70.0,10714.0
1569.264057,1,2,38,14,269,64.0,5725.0
1569.2640655,3,17,28,15,286,71.0,9994.0
1569.264066,2,5,28,16,227,68.0,9508.0
1569.264082,4,1,4,0,44,51.0,108.309
1569.2676475,3,1,2,0,8,55.0,103.631
1569.269371,5,4,8,1,30,59.0,637.306
1569.27011,1,3,8,1,35,57.0,312.598
1569.2713175,6,247,14,4,271,58.0,609.614
1569.2726965,6,2,10,4,112,63.0,1686.0
1569.2735995,6,2,9,3,258,58.0,401.625
1569.2742155,3,36,14,3,170,58.0,692.814
1569.274227,1,2,10,3,240,57.0,553.092
1569.2756685,6,3,5,0,8,58.0,136.64
1569.276171,1,45,27,7,332,59.0,1610.0
1569.2761725,3,61,19,5,181,57.0,1133.0
1569.2761768,6,2,20,5,154,60.0,1318.0
1569.2770785,6,246,9,3,251,57.0,396.68
1569.2787195,6,17,18,3,160,56.0,639.251
1569.2793995,6,7,48,20,980,68.0,8196.0
1569.2829985,6,82,12,2,175,56.0,424.708
1569.2836737,6,15,32,13,236,69.0,8117.0
1569.283676,5,37,38,10,242,63.0,3398.0
1569.2836815,3,3,18,6,143,62.0,2161.0
1569.283685,4,1,2,0,6,51.0,29.207
1569.283688,1,48,37,11,361,60.0,3278.0
1569.2900375,6,129,37,20,436,72.0,15244.0
1569.29017,2,44,26,12,171,64.0,6091.0
1569.290172,1,52,35,14,244,65.0,7214.0
1569.2901795,3,29,19,9,213,65.0,4089.0
1569.29018,5,31,30,11,187,63.0,4863.0
1569.29018,4,1,7,1,63,54.0,174.029
1569.2913205,6,3,4,0,19,56.0,226.584
1569.2921095,6,2,35,11,454,64.0,3918.0
1569.292164,1,2,11,1,56,56.0,322.899
1569.2930645,6,25,38,12,516,62.0,3083.0
1569.293079,1,2,18,2,91,56.0,607.399
1569.293891,1,11,17,4,124,59.0,1033.0
1569.2956695,3,2,10,3,131,56.0,551.156
1569.295675,1,3,16,3,103,57.0,663.46
1569.295678,4,2,1,0,2,45.0,4.693
1569.2956895,6,29,19,4,149,57.0,1131.0
1569.2975575,6,1,5,1,25,56.0,251.55
1569.2987395,6,14,8,1,84,56.0,299.6
1569.301594,1,4,17,3,149,60.0,776.849
1569.3017315,6,340,8,4,532,59.0,616.107
1569.3039915,6,3,38,19,846,71.0,10081.0
1569.304001,1,1,11,3,140,60.0,744.236
1569.3040125,3,22,14,3,156,56.0,604.521
1569.3055495,6,289,25,8,437,61.0,2039.0
1569.305844,1,3,21,5,321,58.0,867.523
1569.306983,1,3,24,12,472,73.0,6914.0
1569.3073645,6,3,14,7,298,68.0,3285.0
1569.3092625,6,2,5,0,13,56.0,256.254
1569.3099635,6,10,8,2,42,59.0,650.252
1569.3147885,6,195,28,9,391,63.0,2742.0
1569.3159485,6,2,6,1,106,58.0,333.35
1569.3174985,6,236,6,2,258,55.0,260.447
1569.3185795,6,2,11,3,183,56.0,600.167
1569.3187125,3,9,6,1,39,56.0,285.109
1569.3226285,6,2,3,0,9,57.0,114.669
1569.3239695,6,1,6,1,55,60.0,422.496
1569.3258265,6,163,23,9,849,57.0,993.243
1569.3272435,6,133,9,2,172,56.0,425.548
1569.3294015,6,5,43,16,774,68.0,5357.0
1569.332195,5,3,26,10,163,68.0,6807.0
1569.3322135,6,20,13,3,140,59.0,735.495
1569.3330095,6,4,12,5,411,55.0,585.753
1569.33341,5,367,34,13,478,66.0,5174.0
1569.3339255,6,1,9,3,247,55.0,424.167
1569.3347445,6,2,10,3,216,62.0,1038.0
1569.3391465,6,195,11,3,229,59.0,720.645
1569.3401585,6,2,12,4,230,63.0,873.981
1569.3417345,6,13,17,9,97,71.0,8355.0
1569.3422305,3,3,3,0,16,56.0,90.277
1569.3433535,6,571,45,17,692,72.0,9728.0
1569.343762,5,2,21,4,191,59.0,772.673
1569.344888,5,3,18,7,90,69.0,5804.0
1569.3456295,6,2,6,1,38,61.0,520.496
1569.3462945,6,2,4,0,15,55.0,134.113
1569.3475395,6,2,15,5,375,60.0,1128.0
1569.3485715,6,1,11,2,57,60.0,557.268
1569.3493005,6,7,10,2,97,61.0,688.126
1569.352053,5,5,6,1,24,59.0,402.086
1569.3529415,6,10,28,10,280,68.0,4641.0
1569.3529535,3,21,13,4,117,59.0,1040.0
1569.352956,1,3,20,4,144,61.0,1261.0
1569.3547485,6,2,8,1,52,58.0,519.888
1569.35649,1,267,35,9,456,60.0,2058.0
1569.3565345,6,150,42,19,526,74.0,14793.0
1569.3567165,3,36,23,8,260,63.0,2302.0
1569.356728,5,19,26,8,122,65.0,3724.0
1569.356751,4,2,3,0,27,48.0,65.66
1569.3577365,6,112,12,4,241,59.0,668.866
1569.358335,5,113,24,6,168,63.0,1865.0
1569.3584815,6,170,16,6,305,62.0,1196.0
1569.3599395,6,2,7,1,45,56.0,324.444
1569.3615255,6,146,15,4,191,64.0,1629.0
1569.362867,1,3,7,1,51,56.0,289.155
1569.3662035,6,2,6,1,108,57.0,275.845
1569.367703,1,22,29,9,180,67.0,4923.0
1569.3677115,6,9,26,8,181,64.0,2743.0
1569.3677165,3,11,17,7,190,62.0,2598.0
1569.367717,5,30,21,5,172,59.0,1142.0
1569.3728085,6,183,8,2,218,57.0,416.48
1569.3739785,6,325,49,15,711,60.0,2823.0
1569.3740235,3,36,9,1,78,55.0,262.7
1569.374036,1,258,40,12,488,60.0,2540.0
1569.3767045,6,1,14,6,483,55.0,693.647
1569.3777065,6,355,16,5,399,56.0,604.88
1569.3786355,6,2,14,5,158,68.0,3559.0
1569.3794835,6,141,12,3,151,57.0,534.182
1569.3801935,6,8,10,3,73,65.0,1896.0
1569.3840975,6,21,13,3,137,61.0,965.123
1569.384733,4,2,2,0,5,47.0,25.464
1569.3855815,6,3,11,5,496,55.0,487.1
1569.3867385,6,1,3,0,12,58.0,197.343
1569.387091,1,2,4,1,51,57.0,185.986
1569.3887005,6,11,6,3,46,62.0,1370.0
1569.3909525,6,706,30,11,809,59.0,1571.0
1569.3931175,6,1,16,5,172,66.0,3110.0
1569.3965215,3,1,5,1,43,56.0,304.144
1569.39835,1,2,13,2,69,56.0,419.797
1569.3986215,6,2,5,1,31,59.0,434.797
1569.4007465,6,2,15,3,244,58.0,654.912
1569.4027285,3,1,6,1,96,56.0,277.823
1569.4067475,6,2,7,3,136,66.0,1519.0
1569.4078465,6,16,19,5,417,58.0,743.405
1569.4095145,6,1,32,9,491,58.0,1707.0
1569.4095485,3,2,12,2,145,56.0,474.147
1569.409687,4,1,1,0,8,46.0,16.329
1569.4150525,6,76,14,4,156,61.0,1116.0
1569.4158065,6,187,8,1,197,57.0,317.794
1569.4191385,6,1,14,6,628,55.0,584.839
1569.419523,1,2,14,1,49,56.0,379.814
1569.4217065,6,1,5,0,23,55.0,124.855
1569.4253715,6,504,47,16,963,59.0,2494.0
1569.4274045,6,15,24,9,136,69.0,6773.0
1569.427424,1,2,16,4,154,57.0,818.087
1569.4274335,3,2,6,2,106,55.0,376.144
1569.4314525,6,19,12,4,162,61.0,1352.0
1569.4322835,6,1,23,6,439,61.0,1433.0
1569.4337995,6,167,16,6,475,60.0,974.8
1569.4359075,6,178,14,4,227,65.0,1577.0
1569.436662,1,2,26,6,236,63.0,1537.0
1569.4366835,6,182,36,13,350,63.0,4155.0
1569.4377185,6,215,18,7,561,62.0,1457.0
1569.4388815,6,1,13,5,191,63.0,2017.0
1569.4398985,6,3,5,1,83,58.0,250.478
1569.4413015,6,236,12,4,251,58.0,774.951
1569.4421725,6,1,24,9,366,67.0,3572.0
1569.4430485,6,73,15,4,136,63.0,1713.0
1569.4439575,6,66,17,5,236,61.0,1209.0
1569.4454455,6,2,25,9,495,58.0,1923.0
1569.445728,1,5,11,2,115,59.0,842.405
1569.4502725,6,1,9,2,93,56.0,422.069
1569.4564685,6,2,11,3,95,63.0,1378.0
1569.4577415,6,2,20,7,390,58.0,1567.0
1569.4639455,6,30,9,1,42,57.0,562.35
1569.4645185,6,16,13,3,99,58.0,948.021
1569.4652455,6,136,11,2,144,56.0,348.529
1569.4665678,6,2,11,3,286,56.0,393.366
1569.4674845,6,2,4,0,22,55.0,184.637
1569.46851,1,9,14,3,102,60.0,1004.0
1569.469897,5,1,11,4,82,61.0,1677.0
1569.4698995,3,6,9,3,90,61.0,1159.0
1569.4699125,6,26,18,4,144,60.0,1036.0
1569.4718025,6,118,12,3,259,55.0,525.915
1569.4744275,6,3,12,3,120,57.0,596.052
1569.4767765,6,2,7,2,156,60.0,779.989
1569.4799245,6,6,20,10,284,72.0,9332.0
1569.482076,5,3,7,2,32,63.0,1371.0
1569.4829005,6,147,24,8,607,62.0,1305.0
1569.4868615,6,210,38,21,449,70.0,15829.0
1569.487009,1,69,36,13,310,68.0,6671.0
1569.487067,5,36,30,9,229,62.0,2808.0
1569.487112,4,2,3,0,3,49.0,12.13
1569.4879425,6,63,20,5,214,55.0,818.313
1569.4879985,3,3,7,2,92,56.0,301.484
1569.4902355,6,15,23,9,379,66.0,3082.0
1569.4902445,3,2,13,3,110,56.0,694.109
1569.4914805,6,3,4,0,25,55.0,133.408
1569.4920595,6,320,35,12,481,60.0,2884.0
1569.4923225,3,5,20,7,162,65.0,2887.0
1569.492334,1,17,21,7,156,63.0,2881.0
1569.492336,2,16,18,6,109,65.0,2981.0
1569.493042,1,5,21,3,116,57.0,712.25
1569.4956465,6,1,10,3,83,58.0,811.717
1569.4963115,6,960,34,13,1085,57.0,1557.0
1569.497238,1,5,12,2,58,61.0,837.655
1569.4994845,6,103,13,3,131,63.0,1521.0
1569.5009415,6,183,15,6,359,66.0,1873.0
1569.503244,1,339,39,11,541,57.0,1789.0
1569.5035705,6,1,27,7,208,59.0,1798.0
1569.5057825,6,87,8,2,133,55.0,275.861
1569.5140735,6,2,8,2,264,59.0,337.619
1569.5160915,6,25,12,4,169,66.0,1848.0
1569.5168085,6,6,30,12,800,60.0,2395.0
1569.5182305,6,5,12,3,248,55.0,471.89
1569.5208705,6,3,6,1,26,61.0,641.399
1569.5214695,6,23,38,21,359,76.0,22448.0
1569.5215055,3,42,18,6,327,57.0,1219.0
1569.521509,4,1,2,0,16,49.0,31.269
1569.521516,1,7,25,8,333,61.0,1879.0
1569.5223635,6,2,13,4,310,64.0,947.034
1569.5235415,6,94,18,6,221,65.0,1956.0
1569.5236385,3,15,8,2,126,55.0,407.558
1569.523643,1,3,11,2,120,56.0,443.203
1569.5252575,6,14,9,2,57,63.0,1075.0
1569.527102,1,1,20,6,125,65.0,2747.0
1569.5271515,6,2,10,2,109,55.0,417.429
1569.5280885,6,220,14,4,253,55.0,488.48
1569.5310565,6,136,15,3,184,56.0,584.212
1569.532676,1,4,5,0,9,58.0,312.877
1569.5330095,6,2,7,2,35,65.0,1277.0
1569.53378,1,57,35,8,236,60.0,2211.0
1569.533846,5,27,22,3,116,59.0,716.085
1569.5338475,3,53,17,5,196,57.0,997.193
1569.535228,5,2,16,4,95,64.0,1863.0
1569.535235,1,55,23,5,155,60.0,1539.0
1569.5353085,6,13,19,4,325,56.0,615.566
1569.5372715,6,1,11,3,332,59.0,542.655
1569.5382765,6,2,6,1,35,58.0,451.785
1569.5404095,6,6,4,0,25,56.0,213.869
1569.5409795,6,59,16,4,128,59.0,934.406
1569.541009,5,5,9,2,88,61.0,653.024
1569.5424105,6,132,9,2,157,61.0,675.617
1569.5441205,6,38,11,4,280,63.0,968.103
1569.5451475,6,93,11,3,246,62.0,748.073
1569.546463,1,1,8,1,42,59.0,335.834
1569.5464665,3,1,4,0,31,57.0,187.285
1569.5465075,6,747,53,20,1040,65.0,5344.0
1569.5472535,3,29,10,3,136,55.0,469.4
1569.549128,1,1,21,3,115,56.0,830.475
1569.5491468,6,7,14,8,333,65.0,2547.0
1569.5507175,3,1,9,4,209,62.0,973.364
1569.550732,1,1,11,2,63,56.0,440.81
1569.5511295,6,3,12,3,249,56.0,545.138
1569.5525285,6,2,5,0,34,56.0,195.835
1569.5530885,6,2,3,0,14,57.0,178.79
1569.5544915,6,254,17,6,483,56.0,892.828
1569.556802,1,2,4,0,35,58.0,345.1
1569.5573695,6,128,18,6,290,62.0,1389.0
1569.5589915,6,1,3,0,58,55.0,123.639
1569.5620525,6,2,3,0,15,56.0,122.372
1569.5638185,6,172,7,2,199,56.0,335.025
1569.5650435,6,408,23,8,495,60.0,1316.0
1569.565047,1,1,13,2,118,56.0,323.843
1569.5650695,3,73,8,2,108,62.0,702.048
1569.56574,5,16,24,4,106,59.0,1467.0
1569.5657405,3,1,19,4,205,56.0,816.983
1569.565743,1,73,33,6,185,57.0,1344.0
1569.568322,1,2,4,0,40,59.0,270.722
1569.5689115,6,1,10,1,74,57.0,332.546
1569.5730695,6,4,16,6,134,67.0,4032.0
1569.5738305,6,2,8,3,219,60.0,783.593
1569.5750045,6,8,7,2,60,62.0,989.663
1569.5765125,6,7,11,3,185,58.0,511.439
1569.57718,1,2,5,1,35,60.0,554.242
1569.579178,1,2,11,2,93,56.0,350.78
1569.5792075,6,34,12,3,208,57.0,541.957
1569.5797708,1,8,11,2,52,61.0,1049.0
1569.5811105,6,3,19,13,149,72.0,14322.0
1569.581147,1,30,19,4,118,58.0,1003.0
1569.5842155,6,2,6,2,27,66.0,1138.0
1569.5848645,6,320,22,9,475,65.0,2498.0
1569.585639,1,2,9,1,67,57.0,323.842
1569.5862025,6,39,18,5,413,57.0,833.414
1569.5868365,3,1,28,11,576,61.0,2396.0
1569.586846,1,2,32,9,575,56.0,1335.0
1569.5871175,6,1,34,9,308,58.0,2042.0
1569.5887665,6,1,11,3,130,59.0,689.251
1569.5898675,6,3,15,4,132,66.0,1772.0
1569.5905705,6,10,16,9,144,69.0,6470.0
1569.5917295,6,1,4,0,8,55.0,94.096
1569.5933205,6,461,23,9,622,60.0,1349.0
1569.5944785,6,156,18,7,379,63.0,2353.0
1569.5959825,6,120,45,19,1207,69.0,7401.0
1569.5999035,6,120,8,3,158,61.0,944.3
1569.6014925,6,5,10,3,106,65.0,1362.0
1569.6022175,6,1,14,4,166,64.0,1602.0
1569.6059015,6,496,66,46,662,79.0,83131.0
1569.605908,5,14,24,7,146,64.0,3050.0
1569.605911,4,1,2,0,11,53.0,69.309
1569.6059255,3,2,16,4,204,55.0,611.333
1569.60593,1,41,22,5,171,60.0,1422.0
1569.606461,4,1,1,0,1,45.0,0.0
1569.6080215,6,1,16,5,244,61.0,1209.0
1569.608767,1,2,5,0,16,59.0,349.247
1569.6100275,3,1,10,2,100,56.0,333.506
1569.610031,1,4,21,4,150,59.0,867.664
1569.6100758,6,301,31,14,687,72.0,8463.0
1569.6112975,6,13,7,1,41,60.0,616.803
1569.611571,1,46,14,3,133,56.0,535.143
1569.6124885,6,1,12,2,120,56.0,439.902
1569.612919,5,2,8,2,43,60.0,864.962
1569.6143785,6,399,28,8,484,61.0,1926.0
1569.6159585,6,261,24,7,370,62.0,1620.0
1569.616992,1,139,31,8,323,62.0,1842.0
1569.6169945,6,525,66,29,1174,68.0,13028.0
1569.617113,4,1,3,0,54,52.0,110.588
1569.6187485,6,2,6,2,42,59.0,719.23
1569.6194335,6,16,15,4,83,63.0,1615.0
1569.622367,5,8,29,11,146,71.0,9217.0
1569.622373,2,4,27,17,200,71.0,13910.0
1569.6223745,6,58,58,23,580,67.0,9751.0
1569.622389,4,1,3,0,42,47.0,52.55
1569.6240685,6,10,32,11,399,68.0,4243.0
1569.6240815,3,47,15,4,142,60.0,1188.0
1569.624086,1,46,27,7,379,59.0,1432.0
1569.6250595,6,249,12,4,426,63.0,1278.0
1569.6267995,6,109,15,5,270,58.0,1110.0
1569.628489,1,2,1,0,3,60.0,152.03
1569.628759,5,2,12,3,79,64.0,1512.0
1569.6294885,6,3,24,10,219,68.0,5953.0
1569.6295015,3,31,11,3,151,55.0,551.795
1569.6303995,6,151,12,3,181,56.0,534.362
1569.6313005,6,7,58,46,869,83.0,96620.0
1569.631303,5,21,37,14,271,65.0,6431.0
1569.63131,1,26,40,17,273,68.0,9392.0
1569.631315,2,42,33,18,283,66.0,9628.0
1569.631316,4,1,12,2,87,57.0,597.068
1569.6313205,3,2,30,16,531,68.0,6563.0
1569.6333545,6,555,50,24,845,77.0,22601.0
1569.6339345,3,207,17,4,291,56.0,598.264
1569.634122,1,13,18,6,155,62.0,1874.0
1569.6348585,6,85,10,2,110,58.0,493.299
1569.6355975,6,241,20,6,314,60.0,1276.0
1569.6364455,6,38,16,5,131,63.0,1678.0
1569.637066,5,43,23,6,153,61.0,2007.0
1569.6370825,6,7,71,31,1642,66.0,7579.0
1569.637088,4,1,2,0,1,47.0,0.0
1569.6370915,3,30,19,6,237,58.0,1431.0
1569.637108,1,18,21,5,154,59.0,1628.0
1569.6407175,6,2,3,0,6,55.0,75.57
1569.6426045,6,2,4,0,26,56.0,211.943
1569.6442315,6,143,21,9,486,65.0,2512.0
1569.6456775,6,1,15,4,151,63.0,1408.0
1569.6456855,3,2,5,1,46,55.0,194.243
1569.6463665,6,17,27,12,452,67.0,4621.0
1569.646377,1,15,20,3,96,60.0,1059.0
1569.647043,5,4,18,5,222,59.0,1171.0
1569.6470515,3,38,26,10,279,63.0,3071.0
1569.647058,1,44,22,6,225,60.0,1236.0
1569.6473615,6,200,18,7,342,66.0,2522.0
1569.6509635,6,31,15,5,384,56.0,578.515
1569.6519275,6,1,12,3,171,57.0,406.523
1569.6533745,6,39,14,3,131,56.0,496.422
1569.65416,5,2,31,10,417,68.0,3456.0
1569.654386,1,18,33,8,153,62.0,2971.0
1569.6553935,6,219,25,10,516,69.0,4073.0
1569.6565575,6,52,12,3,285,57.0,584.972
1569.6573595,6,10,42,15,969,63.0,2856.0
1569.65923,1,118,41,12,391,59.0,2970.0
1569.659232,5,62,25,7,205,60.0,1612.0
1569.6592355,3,94,24,7,237,57.0,1764.0
1569.65932,4,1,2,0,1,48.0,0.0
1569.6600195,6,2,9,2,97,58.0,305.184
1569.6609165,6,64,17,11,182,73.0,13901.0
1569.6616385,6,2,5,1,55,56.0,159.433
1569.6627015,6,3,5,1,100,59.0,390.701
1569.6629605,3,1,3,0,13,55.0,155.536
1569.6648445,6,5,79,31,1013,70.0,12225.0
1569.664867,1,753,58,17,876,60.0,3209.0
1569.665596,5,17,19,4,137,59.0,1212.0
1569.6663835,6,378,29,10,479,64.0,2867.0
1569.6688785,6,217,35,11,482,61.0,2899.0
1569.670649,4,1,1,0,1,45.0,0.0
1569.670653,1,2,9,1,51,56.0,273.505
1569.6706805,6,179,14,4,357,56.0,568.025
1569.6715685,6,15,43,20,416,72.0,14006.0
1569.671574,1,35,31,9,208,64.0,3826.0
1569.6715845,3,3,27,9,267,61.0,2644.0
1569.671588,5,68,29,9,334,61.0,2217.0
1569.672329,1,58,25,4,109,58.0,1011.0
1569.6724915,6,6,8,1,55,60.0,453.226
1569.6731085,6,896,37,15,1086,62.0,2290.0
1569.6746948,6,1,15,5,322,60.0,1015.0
1569.675306,1,2,11,2,170,62.0,622.917
1569.6755415,6,117,12,4,151,63.0,1972.0
1569.677757,1,15,8,1,47,57.0,358.276
1569.6777865,6,264,26,9,479,64.0,2467.0
1569.6788955,6,8,44,20,1015,68.0,7492.0
1569.679605,1,12,15,2,92,58.0,582.15
1569.6796065,3,28,11,2,77,58.0,640.085
1569.6804335,6,64,11,2,146,57.0,476.861
1569.6824765,6,282,16,6,612,60.0,965.12
1569.6890235,6,3,12,4,181,59.0,705.698
1569.6900385,6,1,16,4,185,61.0,1045.0
1569.6912945,3,1,17,5,187,57.0,1034.0
1569.6913,1,8,24,6,173,60.0,1797.0
1569.6914075,6,625,28,11,807,59.0,1832.0
1569.6938145,6,1,4,0,20,58.0,187.123
1569.6961205,6,331,22,10,552,70.0,5125.0
1569.6977855,6,13,25,9,434,62.0,2500.0
1569.6989725,6,2,12,4,373,55.0,569.88
1569.7009665,6,27,14,3,189,55.0,492.382
1569.7020725,6,4,33,12,436,67.0,4437.0
1569.7039415,6,302,44,20,700,73.0,12595.0
1569.704145,5,118,33,7,255,62.0,1770.0
1569.7041935,3,1,21,6,231,58.0,1202.0
1569.704201,1,82,31,7,249,59.0,1549.0
1569.704257,4,1,1,0,1,45.0,0.0
1569.7071155,6,664,19,8,700,61.0,1458.0
1569.7085095,6,66,16,9,237,72.0,8582.0
1569.7093005,6,23,13,4,184,57.0,880.126
1569.7100255,6,123,10,4,177,70.0,3278.0
1569.7119555,6,7,6,2,38,64.0,967.098
1569.713327,1,339,36,14,483,67.0,6711.0
1569.7133595,6,335,34,9,467,61.0,1868.0
1569.713691,5,39,13,2,89,59.0,555.315
1569.7143465,6,910,79,29,1209,70.0,10481.0
1569.714777,1,191,33,10,554,60.0,1926.0
1569.714979,5,19,16,3,82,61.0,1138.0
1569.7160825,6,12,15,4,113,63.0,1180.0
1569.7161005,3,1,8,1,75,55.0,350.527
1569.7169635,6,44,22,9,215,63.0,3679.0
1569.7178185,6,1,6,2,190,55.0,262.973
1569.7182635,3,22,16,4,182,59.0,924.602
1569.71827,2,2,16,6,91,65.0,3428.0
1569.718286,1,14,15,4,137,60.0,1097.0
1569.7190925,6,6,17,6,151,66.0,3138.0
1569.71969,1,2,33,8,323,64.0,2013.0
1569.7197445,6,1049,93,37,2146,66.0,8329.0
1569.723049,1,75,46,32,429,75.0,31091.0
1569.723118,2,78,38,29,240,71.0,28074.0
1569.7231205,3,10,37,25,363,72.0,23425.0
1569.723121,5,84,45,18,279,65.0,8644.0
1569.7231215,6,29,66,35,685,71.0,23449.0
1569.723123,4,65,15,2,71,57.0,673.476
1569.7249985,6,77,21,8,539,60.0,1388.0
1569.7251785,3,2,2,0,8,55.0,89.628
1569.7261165,6,292,34,14,638,64.0,4809.0
1569.7273135,6,468,22,9,517,61.0,1956.0
1569.7283665,6,2,38,12,571,66.0,3303.0
1569.728746,1,1,14,2,106,57.0,508.168
1569.7302505,6,155,16,4,208,63.0,1232.0
1569.732568,1,170,15,5,408,59.0,766.535
1569.7327035,6,1,35,11,531,62.0,2557.0
1569.7337925,6,77,29,7,368,56.0,1152.0
1569.7346608,6,321,26,9,404,65.0,3308.0
1569.7370245,6,2,15,5,421,57.0,729.621
1569.7394375,6,272,46,19,534,70.0,11332.0
1569.7396185,3,127,14,3,175,57.0,652.543
1569.742121,5,2,4,1,33,59.0,460.184
1569.7427305,6,153,13,5,393,59.0,870.503
1569.7437105,6,5,13,5,72,68.0,4394.0
1569.7450665,6,403,31,13,600,72.0,6395.0
1569.7462295,6,1,24,7,401,56.0,1083.0
1569.746336,5,1,20,6,116,67.0,3128.0
1569.7463565,3,1,8,2,97,55.0,322.787
1569.7487345,6,4,8,2,77,60.0,716.364
1569.749325,1,4,8,3,65,61.0,2506.0
1569.7500088,6,3,5,1,137,55.0,232.099
1569.7506595,6,1,12,3,296,56.0,422.661
1569.75191,1,475,43,13,607,62.0,3071.0
1569.7519225,6,146,35,13,581,65.0,3672.0
1569.753277,1,4,17,4,112,60.0,1378.0
1569.7533085,6,897,48,17,1102,67.0,4094.0
1569.7562885,6,1,4,1,51,59.0,272.622
1569.7570305,6,6,13,6,242,67.0,2636.0
1569.7583105,6,19,15,3,105,66.0,1548.0
1569.7590735,6,5,6,2,38,63.0,961.095
1569.7596815,6,396,16,6,415,62.0,1238.0
1569.7607575,6,2,8,1,51,63.0,877.24
1569.761235,1,32,20,5,115,60.0,1541.0
1569.7622995,6,10,26,13,191,73.0,14478.0
1569.7623165,3,21,15,4,149,57.0,773.34
1569.762325,1,39,22,4,176,56.0,879.967
1569.7640075,6,2,39,14,625,72.0,5868.0
1569.764065,1,693,26,10,731,56.0,1056.0
1569.7640715,3,58,8,2,99,62.0,613.354
1569.7660045,6,373,23,9,413,69.0,3934.0
1569.7675305,6,886,43,20,960,65.0,6990.0
1569.7706995,6,121,12,4,228,59.0,744.191
1569.7721525,3,1,8,2,136,57.0,394.949
1569.772163,1,21,15,3,151,56.0,530.319
1569.7726295,6,217,40,20,453,72.0,11006.0
1569.7728565,3,1,19,5,196,58.0,1240.0
1569.772874,1,126,28,7,226,56.0,1573.0
1569.772961,4,1,1,0,14,47.0,18.006
1569.7744425,6,68,19,4,211,59.0,834.24
1569.776053,1,2,11,3,67,65.0,1868.0
1569.7783365,6,2,13,3,160,61.0,882.559
1569.7797435,6,549,34,18,659,75.0,14363.0
1569.7821805,6,25,9,2,116,56.0,387.377
1569.7839195,6,128,165,415,2436,98.0,4739000.0
1569.784051,5,39,93,153,973,86.0,400535.0
1569.784052,1,30,123,215,964,86.0,898697.0
1569.784053,4,34,43,37,357,73.0,42232.0
1569.784054,2,39,107,235,938,88.0,1059000.0
1569.7840575,3,59,79,220,1647,84.0,745516.0
1569.786586,5,2,9,2,60,62.0,859.002
1569.7869215,6,1,81,36,1164,68.0,15508.0
1569.787533,1,20,32,9,227,61.0,2660.0
1569.787539,5,41,27,6,238,59.0,1414.0
1569.7886175,6,388,22,8,433,63.0,1666.0
1569.7902455,6,451,29,11,480,63.0,3109.0
1569.7919395,6,250,28,9,426,68.0,3267.0
1569.7934175,6,111,56,22,817,71.0,8919.0
1569.793956,1,55,19,3,135,56.0,717.659
1569.7947405,6,2,8,3,155,59.0,583.167
1569.7961505,6,1,14,3,160,57.0,586.112
1569.796163,1,1,12,2,77,56.0,422.439
1569.7983145,6,164,54,50,965,82.0,100394.0
1569.798476,5,16,45,23,376,71.0,15111.0
1569.7984815,3,30,31,19,310,66.0,9957.0
1569.798486,1,14,48,20,306,69.0,11906.0
1569.798491,2,33,32,21,243,70.0,15044.0
1569.798496,4,1,9,1,105,50.0,172.666
1569.7997798,6,766,39,17,1373,59.0,1955.0
1569.8016725,6,3,13,4,238,57.0,742.978
1569.802447,1,13,7,2,67,58.0,497.998
1569.8060935,6,10,16,5,145,67.0,2726.0
1569.8061,5,3,14,3,93,60.0,876.589
1569.8061205,3,11,5,1,62,58.0,303.682
1569.8087125,6,221,58,22,936,65.0,6470.0
1569.808942,4,1,1,0,1,45.0,0.0
1569.808988,1,2,27,6,343,57.0,1061.0
1569.8101845,6,92,12,3,115,64.0,872.628
1569.8124905,6,217,55,32,838,74.0,29004.0
1569.812718,1,26,51,13,527,63.0,2978.0
1569.8127315,3,28,29,9,453,59.0,1451.0
1569.813979,5,2,7,1,40,59.0,466.818
1569.8154815,6,1,24,9,693,57.0,1180.0
1569.8184735,6,412,32,11,564,64.0,2389.0
1569.8202785,6,8,26,10,216,66.0,5520.0
1569.820285,1,26,17,6,314,58.0,996.512
1569.8202885,3,1,14,3,221,55.0,493.639
1569.820321,4,2,2,0,2,50.0,3.784
1569.821453,1,12,11,2,103,56.0,295.409
1569.8223605,6,31,16,2,63,58.0,801.62
1569.8244765,6,62,15,3,217,56.0,448.804
1569.826204,5,36,27,8,152,63.0,3195.0
1569.8262095,3,1,13,7,452,59.0,1226.0
1569.8265685,6,1,31,9,724,57.0,1137.0
1569.8280935,6,120,24,7,287,62.0,2350.0
1569.829935,1,12,23,7,178,61.0,2226.0
1569.8299545,6,807,54,18,987,64.0,3796.0
1569.8317565,6,2,15,4,216,56.0,729.465
1569.831876,1,12,17,3,85,61.0,1255.0
1569.8324795,6,1,30,8,471,61.0,1469.0
1569.8338035,6,143,20,7,298,64.0,2241.0
1569.8346215,6,444,75,29,1296,67.0,8828.0
1569.8346395,3,1,13,4,197,59.0,1036.0
1569.8364545,6,355,33,14,723,64.0,3257.0
1569.836552,1,13,8,1,64,56.0,253.36
1569.8389605,6,2,21,7,400,58.0,1129.0
1569.8402595,6,381,41,13,905,64.0,2137.0
1569.8413385,3,1,2,0,4,55.0,42.42
1569.8425725,6,497,42,15,620,64.0,4041.0
1569.8438605,6,218,33,12,536,66.0,4201.0
1569.8448975,6,177,26,9,343,63.0,2977.0
1569.846399,5,2,17,3,86,63.0,1429.0
1569.8479645,6,396,17,7,575,63.0,1378.0
1569.8490398,6,853,79,45,1188,76.0,40708.0
1569.849353,5,3,31,7,264,67.0,2431.0
1569.8493905,3,557,34,13,734,62.0,2410.0
1569.849399,1,521,65,19,751,63.0,4586.0
1569.849921,4,2,1,0,3,45.0,9.9
1569.850711,1,5,14,2,78,56.0,612.807
1569.851914,1,2,19,6,152,65.0,2325.0
1569.851916,5,11,28,7,201,64.0,2485.0
1569.8519195,3,2,15,3,122,55.0,579.554
1569.8519887,6,1104,99,35,1378,68.0,12001.0
1569.852756,1,398,43,10,484,57.0,1800.0
1569.8546695,6,4,62,22,952,61.0,4859.0
1569.855243,1,198,44,12,370,63.0,3959.0
1569.855256,5,157,38,15,378,71.0,10712.0
1569.855414,4,2,3,0,2,49.0,4.025
1569.8564645,6,1670,114,42,2029,65.0,9742.0
1569.85675,1,267,28,7,417,57.0,1100.0
1569.8567655,3,247,18,5,371,55.0,876.199
1569.856981,5,11,22,6,159,60.0,1764.0
1569.858115,1,12,38,12,189,66.0,6264.0
1569.858125,5,86,25,7,226,60.0,2096.0
1569.8581295,3,63,19,5,167,57.0,1354.0
1569.8590865,6,112,49,31,469,70.0,23438.0
1569.859169,5,9,50,26,317,75.0,28834.0
1569.859175,1,57,55,24,348,66.0,13165.0
1569.8591765,3,44,37,14,251,65.0,6047.0
1569.859177,4,33,16,6,88,64.0,2957.0
1569.85918,2,26,37,26,288,72.0,20394.0
1569.860298,1,2,6,1,37,62.0,565.569
1569.8613875,6,478,49,18,849,65.0,4511.0
1569.861543,5,1,30,7,308,60.0,1269.0
1569.8627368,6,697,67,33,993,74.0,24021.0
1569.86341,1,22,47,22,247,68.0,17358.0
1569.863418,5,25,35,12,226,67.0,5911.0
1569.863419,2,25,35,19,247,68.0,11825.0
1569.8634215,3,6,31,11,284,62.0,3752.0
1569.863458,4,1,3,0,17,51.0,34.71
1569.8643565,6,294,37,11,355,63.0,3127.0
1569.8658858,6,2,16,4,190,55.0,655.573
1569.8666215,6,1,3,0,10,57.0,138.172
1569.8672065,6,17,30,18,305,71.0,13771.0
1569.867212,1,14,38,11,221,65.0,4271.0
1569.867216,5,76,22,7,223,61.0,1648.0
1569.8672205,3,21,21,5,190,60.0,1222.0
1569.868482,5,4,14,2,67,60.0,951.209
1569.8685315,6,1,8,1,58,57.0,320.23
1569.8690898,6,9,8,1,37,55.0,207.552
1569.8696305,6,28,43,14,739,60.0,2691.0
1569.869673,1,53,13,2,107,56.0,455.128
1569.870902,1,12,52,24,362,74.0,20173.0
1569.8709115,6,20,53,23,423,66.0,11219.0
1569.870916,5,28,52,14,398,63.0,4122.0
1569.8709185,3,5,38,11,329,61.0,2873.0
1569.870919,2,19,31,15,283,66.0,6109.0
1569.872966,1,2,10,1,74,57.0,257.504
1569.8734415,6,19,22,10,246,68.0,6327.0
1569.8745755,6,4,12,3,201,56.0,472.824
1569.8752805,6,318,36,13,663,69.0,4847.0
1569.8775045,6,2,8,1,48,56.0,223.489
1569.8781175,6,236,22,7,320,65.0,3074.0
1569.8791475,6,31,20,7,202,64.0,2657.0
1569.879151,1,4,17,3,98,56.0,769.333
1569.8814865,6,8,19,7,135,71.0,5748.0
1569.881496,5,59,15,4,96,63.0,1328.0
1569.8824085,6,2,15,4,307,55.0,541.135
1569.882748,1,2,2,0,3,57.0,68.119
1569.8846985,6,475,45,17,946,65.0,3886.0
1569.8864595,6,50,35,27,252,78.0,47389.0
1569.886578,1,1,21,4,153,59.0,954.612
1569.8865965,3,14,11,3,167,55.0,563.349
1569.8877885,6,2,7,1,42,62.0,515.993
1569.8883635,6,326,47,16,450,66.0,6711.0
1569.888375,1,161,42,10,433,63.0,2397.0
1569.8883855,3,1,15,5,389,55.0,656.601
1569.890455,5,5,27,13,194,73.0,13190.0
1569.8904665,3,15,21,7,204,64.0,2361.0
1569.890467,1,1,30,7,199,60.0,1959.0
1569.8904735,6,1,25,7,205,60.0,2172.0
1569.8912675,6,3,9,1,25,61.0,570.152
1569.891377,1,41,26,5,162,60.0,1301.0
1569.8920685,6,440,43,16,619,64.0,4274.0
1569.8942525,3,1,1,0,4,55.0,54.642
1569.8948385,6,1,8,2,75,56.0,372.16
1569.894865,1,2,12,2,62,59.0,713.011
1569.8954785,6,529,72,27,1348,71.0,9445.0
1569.897377,5,3,17,3,115,60.0,1053.0
1569.8993305,6,23,4,1,38,56.0,226.878
1569.9004565,6,658,48,17,885,68.0,5493.0
1569.9019975,6,574,64,30,1061,71.0,15700.0
1569.902565,1,19,36,11,246,62.0,3860.0
1569.9025725,3,23,24,8,268,61.0,2394.0
1569.9037035,6,14,14,5,196,64.0,1978.0
1569.9044775,6,4,8,3,177,58.0,519.885
1569.9052495,6,3,11,2,63,59.0,621.598
1569.9060595,6,2,13,3,115,59.0,630.726
1569.9090795,6,17,9,1,52,55.0,246.374
1569.9108025,6,2,9,2,128,59.0,513.662
1569.9114555,6,26,27,8,420,63.0,1962.0
1569.9117325,3,55,11,2,101,56.0,507.623
1569.911736,1,19,16,3,120,56.0,579.129
1569.9144605,6,3,15,5,117,67.0,2875.0
1569.9151805,6,2,8,2,97,61.0,760.121
1569.9158355,6,4,16,4,215,59.0,857.476
1569.9177845,6,346,12,5,445,57.0,651.588
1569.9188625,6,97,18,5,195,62.0,1510.0
1569.918965,1,3,14,2,80,58.0,521.372
1569.920301,5,3,7,1,35,59.0,554.424
1569.9217895,6,5,10,1,51,58.0,376.16
1569.9231715,6,612,46,22,769,76.0,17969.0
1569.9275805,6,45,34,10,489,62.0,2229.0
1569.9293395,6,21,42,15,784,63.0,3692.0
1569.929355,1,54,19,5,294,58.0,892.459
1569.9318445,6,2,32,12,337,71.0,7593.0
1569.9333745,6,185,10,2,186,56.0,411.53
1569.9347945,6,625,44,23,902,75.0,15829.0
1569.93593,1,22,21,5,112,61.0,1643.0
1569.9359335,3,22,11,2,113,60.0,582.59
1569.9370265,6,164,19,7,658,55.0,787.929
1569.9387295,6,203,10,6,450,61.0,1088.0
1569.9397575,6,68,26,10,495,63.0,2548.0
1569.9433485,6,57,12,2,98,56.0,436.881
1569.9439475,6,29,21,7,305,63.0,2377.0
1569.9450715,6,274,46,22,499,72.0,15477.0
1569.945079,1,298,42,11,434,60.0,2455.0
1569.9450875,3,30,28,9,432,57.0,1566.0
1569.945341,4,1,2,0,1,49.0,0.0
1569.945956,2,29,30,12,194,65.0,5593.0
1569.9459798,5,53,24,6,164,59.0,1665.0
1569.9460127,1,35,22,5,199,58.0,1429.0
1569.9460198,3,2,15,3,140,56.0,632.773
1569.9460708,6,8,20,4,148,58.0,881.606
1569.9469055,6,253,15,4,350,55.0,456.838
1569.9477905,6,419,36,11,493,66.0,2997.0
1569.9488465,6,171,21,5,181,61.0,1704.0
1569.9495515,6,261,42,18,660,68.0,7480.0
1569.949787,1,22,33,14,214,65.0,8412.0
1569.949791,5,30,26,7,192,63.0,2310.0
1569.9497965,3,45,22,7,237,59.0,1717.0
1569.949809,4,4,5,0,33,52.0,119.377
1569.950546,2,39,23,10,183,64.0,4542.0
1569.950546,1,12,37,15,258,69.0,7841.0
1569.95055,5,42,33,8,242,61.0,2199.0
1569.9505525,3,3,24,9,218,63.0,3226.0
1569.950604,4,2,2,0,2,48.0,3.132
1569.9507118,6,503,76,29,1467,63.0,6710.0
1569.9526787,6,2,15,4,358,55.0,588.381
1569.953997,1,92,23,4,159,63.0,1080.0
1569.9540895,3,1,9,1,36,56.0,244.837
1569.9548845,6,1,17,7,522,57.0,800.137
1569.9561325,6,2,8,3,136,61.0,940.528
1569.9572175,6,1,5,2,92,61.0,611.709
1569.9587425,6,249,21,5,353,60.0,795.104
1569.9598265,6,1,15,4,172,60.0,918.347
1569.9606565,6,684,83,33,1298,73.0,14849.0
1569.961342,1,184,52,16,387,64.0,4976.0
1569.961358,2,181,26,12,247,65.0,4487.0
1569.9613585,3,37,30,9,352,59.0,1861.0
1569.9633745,6,13,27,8,520,57.0,1186.0
1569.964259,1,39,24,6,307,56.0,895.785
1569.9643985,6,86,35,12,555,62.0,2649.0
1569.9654538,6,164,44,21,375,71.0,15163.0
1569.9682085,6,178,20,7,340,62.0,1812.0
1569.9696645,6,5,32,9,485,58.0,1562.0
1569.970436,1,12,28,9,316,64.0,2626.0
1569.9709395,6,29,46,20,770,67.0,7709.0
1569.9729075,6,192,28,15,549,72.0,9295.0
1569.9739895,6,167,25,8,294,63.0,2377.0
1569.974135,1,21,18,4,122,60.0,1141.0
1569.9749345,6,18,8,4,386,55.0,404.772
1569.9761665,6,381,26,10,547,66.0,2709.0
1569.9772185,6,2,13,3,120,61.0,895.653
1569.9780955,6,994,74,33,1228,71.0,15782.0
1569.97884,5,267,27,11,400,65.0,4227.0
1569.9790695,3,56,22,8,213,63.0,2746.0
1569.979091,4,7,6,1,34,53.0,184.394
1569.9799425,6,122,61,22,958,63.0,4945.0
1569.980354,1,102,20,5,286,57.0,717.174
1569.9815875,6,550,44,13,680,62.0,2686.0
1569.9828725,6,219,19,6,334,57.0,923.84
1569.9837465,6,202,13,4,299,56.0,623.288
1569.9846515,6,187,9,3,202,65.0,1401.0
1569.9872055,6,10,23,11,460,67.0,4833.0
1569.987236,1,21,15,2,102,56.0,463.019
1569.9887715,6,1201,103,57,2275,75.0,32539.0
1569.989972,2,43,42,24,275,68.0,15323.0
1569.989978,4,2,8,3,162,54.0,424.733
1569.9899848,5,50,40,14,283,64.0,6454.0
1569.9902267,1,1,10,4,341,62.0,856.225
1569.9915635,6,7,24,13,207,71.0,11072.0
1569.991583,1,5,26,5,166,59.0,1407.0
1569.9923755,6,225,28,9,351,65.0,3120.0
1569.992625,1,1,12,2,97,56.0,476.877
1569.9932305,6,37,16,6,519,55.0,728.407
1569.9943545,6,293,30,8,512,55.0,1065.0
1569.9956185,6,149,75,30,875,72.0,14770.0
1569.995764,4,1,2,0,1,49.0,0.0
1569.9957705,3,41,29,9,603,55.0,1123.0
1569.995934,1,385,45,11,529,57.0,1851.0
1569.997335,5,34,41,16,275,66.0,7908.0
1569.997345,4,1,7,2,106,52.0,297.743
1569.997347,2,16,34,19,230,69.0,13712.0
1569.997349,1,58,44,17,277,68.0,9580.0
1569.9973495,3,18,29,14,283,65.0,5924.0
1569.9992165,6,1,8,2,174,58.0,475.598
1570.0000515,6,528,34,12,752,65.0,2129.0
1570.001165,1,56,21,6,214,61.0,1576.0
1570.001187,4,1,3,0,1,51.0,0.0
1570.0011905,3,7,16,4,173,57.0,920.306
1570.0019155,6,183,25,10,309,68.0,5514.0
1570.002122,1,33,17,4,122,56.0,970.86
1570.003868,5,2,12,5,164,67.0,2699.0
1570.004935,5,20,36,14,207,67.0,9817.0
1570.004944,2,31,23,11,160,67.0,6308.0
1570.004946,1,59,33,12,193,65.0,7460.0
1570.0049575,6,73,37,11,387,59.0,2484.0
1570.004966,4,1,3,0,1,50.0,0.0
1570.007477,1,2,21,6,276,63.0,1422.0
1570.0074875,3,3,8,2,116,58.0,506.082
1570.0075115,6,37,16,7,164,64.0,3079.0
1570.0090535,6,252,63,29,787,71.0,16802.0
1570.009282,5,10,37,12,355,63.0,3326.0
1570.00929,4,1,7,3,213,52.0,320.97
1570.009291,1,34,36,11,293,63.0,3586.0
1570.0092995,3,28,34,11,340,62.0,2876.0
1570.0107175,6,18,73,26,1250,68.0,6645.0
1570.01073,1,2,12,2,67,57.0,405.469
1570.0133385,6,1323,79,38,1592,74.0,22117.0
1570.014564,5,90,55,16,480,62.0,5020.0
1570.01465,1,43,36,10,188,63.0,4295.0
1570.0146585,3,23,23,9,379,61.0,2501.0
1570.01466,2,31,29,12,158,64.0,5694.0
1570.014662,4,1,11,1,82,53.0,244.696
1570.0163635,6,279,20,8,500,65.0,2594.0
1570.0175665,6,2,8,3,221,57.0,403.977
1570.0191835,6,1,12,3,217,60.0,726.584
1570.0199255,6,148,9,2,149,57.0,356.78
1570.0207885,6,216,25,7,311,62.0,2106.0
1570.0216565,6,164,16,5,303,61.0,1274.0
1570.021902,1,197,22,10,312,73.0,8596.0
1570.0225195,6,1,26,6,360,59.0,934.471
1570.0234565,6,1,11,2,146,57.0,483.698
1570.0241785,6,1,12,2,156,57.0,433.1
1570.0248955,6,6,10,3,215,57.0,573.593
1570.0256655,6,177,12,3,234,61.0,655.446
1570.0266085,6,1,47,16,901,59.0,2635.0
1570.0283405,6,1,13,3,232,58.0,554.796
1570.0308205,6,6,31,15,379,71.0,10205.0
1570.0322375,6,1390,74,26,1635,62.0,4397.0
1570.032416,1,225,29,7,334,59.0,1559.0
1570.033336,5,265,40,11,452,62.0,3517.0
1570.033499,1,66,41,13,314,62.0,4294.0
1570.0336065,3,19,15,4,141,56.0,764.184
1570.0357145,6,117,24,8,492,59.0,1367.0
1570.035715,5,2,9,2,32,64.0,847.491
1570.036592,1,161,37,9,299,60.0,2501.0
1570.036711,5,5,31,22,323,75.0,27974.0
1570.0367265,3,83,20,6,173,59.0,1392.0
1570.0367295,6,58,37,14,567,64.0,4817.0
1570.036731,2,2,24,8,141,65.0,3645.0
1570.036741,4,2,2,0,2,49.0,12.046
1570.0378255,6,288,115,61,1513,75.0,47960.0
1570.037939,5,720,110,37,1362,64.0,10193.0
1570.0379615,3,181,62,25,868,64.0,7459.0
1570.037972,2,160,64,36,821,66.0,14580.0
1570.038128,4,1,5,1,45,54.0,199.536
1570.038246,1,437,63,18,610,62.0,4604.0
1570.040291,5,2,26,7,280,61.0,2014.0
1570.040323,1,2,23,5,293,57.0,822.89
1570.0405035,6,41,13,4,141,66.0,2055.0
1570.0410708,5,146,27,10,273,71.0,5661.0
1570.0412265,6,680,69,30,1000,67.0,11158.0
1570.0412305,3,4,12,4,194,58.0,750.703
1570.041912,1,62,16,3,123,56.0,622.482
1570.0427405,6,8,12,10,64,74.0,20311.0
1570.0449365,6,291,37,16,568,67.0,6141.0
1570.0466695,6,11,9,1,85,56.0,220.059
1570.0472785,6,29,18,4,199,62.0,997.059
1570.0486165,6,193,51,23,367,74.0,18373.0
1570.0486275,3,1,28,8,346,56.0,1284.0
1570.048634,1,244,48,12,433,61.0,2669.0
1570.048652,5,163,39,13,349,65.0,4484.0
1570.04883,4,4,2,0,5,47.0,16.366
1570.0497355,6,159,15,5,362,58.0,734.166
1570.050874,1,2,35,17,297,72.0,12434.0
1570.050883,5,36,26,8,226,61.0,2437.0
1570.0508835,3,7,29,12,333,64.0,4013.0
1570.050887,2,2,26,15,210,68.0,10267.0
1570.0525245,6,154,14,4,248,59.0,820.371
1570.0582685,6,1,2,0,1,59.0,0.0
1570.0595465,6,5,18,5,286,60.0,1274.0
1570.0609645,6,612,70,20,908,63.0,4453.0
1570.0623995,6,258,73,35,1481,71.0,15520.0
1570.06269,1,8,22,6,370,58.0,928.672
1570.063561,1,17,10,2,143,57.0,484.383
1570.0644635,6,2,16,6,556,56.0,894.158
1570.0655205,6,566,51,20,957,65.0,5244.0
1570.065759,5,2,5,0,15,59.0,221.383
1570.066102,1,10,18,4,190,58.0,694.276
1570.067495,1,3,13,2,110,62.0,608.625
1570.0675045,3,7,6,2,97,60.0,540.91
1570.0677475,6,1,10,3,244,55.0,428.01
1570.0684918,6,1,35,12,870,56.0,1413.0
1570.0699475,6,7,33,18,380,74.0,17034.0
1570.0699645,3,18,18,5,213,58.0,1226.0
1570.069965,4,1,2,0,6,50.0,19.002
1570.069977,1,11,20,6,269,59.0,1112.0
1570.0709495,6,233,55,24,567,69.0,12821.0
1570.071171,5,7,26,7,130,61.0,2557.0
1570.0711785,3,34,17,5,174,58.0,1206.0
1570.0719325,3,5,13,3,170,55.0,479.59
1570.071939,1,10,23,6,271,59.0,1027.0
1570.0720175,6,36,18,5,204,66.0,2168.0
1570.0727685,6,2,31,12,694,61.0,2180.0
1570.0746978,6,2,34,12,813,58.0,1923.0
1570.074879,5,2,9,2,42,65.0,1091.0
1570.0760405,6,391,98,49,1642,77.0,49036.0
1570.0764605,3,94,16,5,254,59.0,1154.0
1570.076467,1,2,25,6,216,57.0,1169.0
1570.078072,1,2,30,6,194,61.0,1648.0
1570.078075,5,21,24,5,205,59.0,1319.0
1570.078081,4,1,2,0,50,50.0,80.685
1570.0781138,3,10,15,3,117,57.0,606.526
1570.0781835,6,794,66,21,980,60.0,3933.0
1570.0796945,6,49,16,5,180,61.0,1223.0
1570.0803825,6,1,14,3,243,55.0,385.182
1570.0813355,6,2,17,6,508,57.0,742.836
1570.082595,1,2,4,0,3,57.0,94.222
1570.0826175,6,300,33,9,416,58.0,1681.0
1570.083246,1,49,35,13,327,64.0,5170.0
1570.083246,2,16,34,17,236,67.0,8906.0
1570.083256,4,1,6,1,57,51.0,198.488
1570.0835945,6,536,110,43,1927,64.0,10432.0
1570.0862555,6,684,72,25,1134,63.0,6640.0
1570.0878955,6,102,119,54,1712,77.0,40483.0
1570.08798,1,72,23,6,206,62.0,1858.0
1570.087998,5,15,23,6,171,59.0,1545.0
1570.0880075,3,15,28,10,440,61.0,2318.0
1570.088008,4,2,3,0,8,52.0,47.653
1570.0892165,3,1,12,4,231,55.0,538.466
1570.0901095,6,607,132,75,1462,75.0,61852.0
1570.090413,1,367,65,23,573,67.0,8185.0
1570.0904445,3,315,60,30,966,66.0,10631.0
1570.090555,2,183,49,30,369,70.0,19685.0
1570.090661,4,63,11,3,170,52.0,408.28
1570.0906808,5,130,42,17,266,65.0,9194.0
1570.0921815,6,547,142,141,1429,83.0,338813.0
1570.092257,1,535,149,71,1134,76.0,65299.0
1570.0922795,3,507,91,56,1128,73.0,39390.0
1570.092281,5,458,136,70,1123,71.0,54480.0
1570.09235,2,400,105,86,872,78.0,113047.0
1570.092592,4,141,35,13,391,61.0,3349.0
1570.0941285,6,9,9,0,31,57.0,233.997
1570.0946895,6,347,77,26,1368,66.0,5288.0
1570.095043,1,2,17,3,143,56.0,548.812
1570.0950615,3,1,6,1,57,56.0,251.39
1570.095772,5,2,10,2,75,61.0,604.499
1570.0965578,6,1323,56,20,1356,60.0,2958.0
1570.098303,1,229,31,7,275,62.0,2093.0
1570.0984495,6,4,19,7,118,69.0,5397.0
1570.098492,4,1,2,0,1,48.0,0.0
1570.0992485,6,245,29,11,374,66.0,3792.0
1570.1003005,6,568,42,12,754,59.0,1814.0
1570.1018185,6,151,27,9,565,61.0,2147.0
1570.102882,1,335,39,14,558,65.0,4596.0
1570.1028845,6,8,50,18,631,64.0,5140.0
1570.1029055,3,315,20,7,447,57.0,1071.0
1570.103225,5,2,18,4,153,59.0,1078.0
1570.1043135,6,4,5,0,25,57.0,232.646
1570.1048785,6,608,69,32,1830,66.0,7854.0
1570.1077455,6,348,54,20,817,67.0,6467.0
1570.1092925,6,603,54,29,747,70.0,17508.0
1570.109296,1,42,33,9,256,61.0,2651.0
1570.109297,2,1,20,7,102,64.0,4084.0
1570.1093015,3,12,18,7,166,59.0,2000.0
1570.109932,4,1,1,0,1,47.0,0.0
1570.1105665,6,744,170,229,1948,96.0,2195000.0
1570.111321,1,71,80,55,509,76.0,61256.0
1570.111323,4,12,22,8,198,68.0,3901.0
1570.1115088,2,37,39,18,326,65.0,7268.0
1570.1115658,3,2,60,25,798,63.0,7643.0
1570.112991,1,192,22,5,249,56.0,831.763
1570.1130225,6,117,40,12,598,59.0,2235.0
1570.113117,5,39,24,6,184,59.0,1704.0
1570.1142115,6,1061,109,45,1472,72.0,24863.0
1570.1150695,3,229,15,6,388,56.0,907.509
1570.115084,1,200,31,7,313,59.0,1336.0
1570.116322,1,12,11,2,51,59.0,644.98
1570.1166125,3,1,8,2,90,55.0,345.536
1570.1187415,6,72,77,24,1037,64.0,5201.0
1570.118749,1,237,52,15,449,63.0,4577.0
1570.1188375,3,147,25,8,335,62.0,2277.0
1570.1205195,6,182,88,38,1488,73.0,21655.0
1570.1206875,3,22,20,7,226,63.0,2297.0
1570.120691,2,46,27,10,135,65.0,4939.0
1570.120694,1,25,34,9,241,61.0,2756.0
1570.120707,4,17,8,1,36,55.0,386.979
1570.122312,1,255,22,6,366,59.0,994.17
1570.1225115,6,351,119,44,2104,65.0,11634.0
1570.124102,1,284,21,6,379,59.0,926.75
1570.1255295,6,11,28,15,205,76.0,22420.0
1570.125541,4,1,1,0,1,45.0,0.0
1570.125541,5,15,19,5,188,59.0,1027.0
1570.1262495,6,348,38,22,622,79.0,32583.0
1570.126533,1,3,21,5,146,58.0,1088.0
1570.127182,1,42,36,9,414,58.0,1832.0
1570.1271908,5,158,27,7,223,59.0,1659.0
1570.1273718,6,297,29,9,567,61.0,1590.0
1570.128489,5,56,34,10,218,62.0,3118.0
1570.1285025,6,34,37,30,327,79.0,55447.0
1570.1285435,3,17,23,6,204,56.0,1450.0
1570.128548,2,65,20,10,176,64.0,3838.0
1570.128556,1,8,23,8,177,63.0,2693.0
1570.1293315,6,1135,97,34,1921,66.0,7128.0
1570.129432,5,171,28,7,243,64.0,2242.0
1570.1317755,6,34,26,11,738,63.0,2014.0
1570.1330565,6,409,44,13,888,55.0,1604.0
1570.1346205,6,1561,281,230,4444,92.0,975751.0
1570.136177,5,70,64,56,768,73.0,45811.0
1570.136183,4,26,24,11,245,65.0,4841.0
1570.136186,2,46,73,69,690,76.0,86171.0
1570.1361875,3,23,78,98,878,78.0,178176.0
1570.1362358,1,48,105,59,1274,74.0,50167.0
1570.1396025,6,2,19,5,277,57.0,1017.0
1570.1404165,6,443,96,58,1260,81.0,77214.0
1570.140693,5,210,41,15,492,64.0,5145.0
1570.140756,2,230,32,17,313,66.0,8742.0
1570.1408665,3,46,29,13,330,63.0,4880.0
1570.140874,4,2,8,1,50,56.0,435.055
1570.1409317,1,14,32,12,218,68.0,6042.0
1570.1430435,6,170,32,16,358,67.0,8032.0
1570.1441215,6,362,123,105,1682,85.0,319992.0
1570.144221,5,336,60,24,656,65.0,9851.0
1570.144241,1,273,60,30,642,69.0,17559.0
1570.1442475,3,282,40,33,768,71.0,21117.0
1570.14427,2,287,45,28,521,71.0,17733.0
1570.144494,4,1,16,3,132,56.0,679.622
1570.145684,1,21,23,4,155,59.0,1181.0
1570.1456955,3,2,8,2,107,58.0,724.864
1570.1465075,6,3,13,3,88,63.0,1229.0
1570.1471475,6,2,37,13,883,58.0,2031.0
1570.147155,1,21,17,3,133,56.0,496.172
1570.149276,1,205,42,11,340,63.0,3457.0
1570.1492985,6,119,142,72,2409,78.0,67046.0
1570.149405,5,18,36,11,237,63.0,4188.0
1570.149409,2,42,29,12,178,66.0,5399.0
1570.1494105,3,19,26,11,274,65.0,4526.0
1570.151102,1,80,19,4,136,57.0,899.849
1570.1524395,6,53,78,26,1170,63.0,6169.0
1570.1541565,6,856,83,35,1346,69.0,12416.0
1570.1562385,6,1207,77,29,1538,66.0,6783.0
1570.158183,1,11,37,11,483,60.0,2139.0
1570.158185,5,25,43,12,437,61.0,3099.0
1570.1581855,3,20,23,8,427,57.0,1479.0
1570.158192,4,1,4,0,36,49.0,80.478
1570.1582775,6,92,44,12,580,60.0,2309.0
1570.159241,1,37,24,6,229,58.0,1379.0
1570.1593595,6,222,25,7,304,61.0,1945.0
1570.1602015,6,676,50,16,760,66.0,4481.0
1570.1623325,6,1,16,3,126,57.0,529.535
1570.1635825,6,284,57,20,758,68.0,7807.0
1570.1648755,6,1,9,1,83,56.0,311.869
1570.1654595,6,351,69,23,1043,59.0,4620.0
1570.166026,1,1,37,11,480,63.0,2761.0
1570.16605,5,17,30,8,374,59.0,1733.0
1570.1671505,6,1,19,6,153,64.0,2699.0
1570.1680905,6,16,72,26,991,66.0,8265.0
1570.1681095,3,15,15,4,143,57.0,867.807
1570.168125,1,8,21,4,156,60.0,1009.0
1570.1695817,6,126,46,18,448,69.0,8353.0
1570.1711595,6,2,48,18,1122,62.0,2581.0
1570.1729125,6,460,33,11,645,58.0,1546.0
1570.1729755,3,1,4,1,81,55.0,191.95
1570.1741525,6,314,73,23,1254,62.0,4125.0
1570.1760005,6,44,62,20,968,60.0,3442.0
1570.1782035,6,966,177,85,2521,76.0,61257.0
1570.179124,5,63,42,12,302,64.0,4860.0
1570.17916,4,1,5,1,87,52.0,202.164
1570.1791655,3,20,24,11,260,66.0,5289.0
1570.179166,2,46,27,13,232,65.0,6203.0
1570.179978,1,22,44,13,310,63.0,4455.0
1570.1800155,3,115,19,5,271,55.0,701.444
1570.18098,1,47,57,16,401,64.0,5313.0
1570.18098,5,29,51,18,666,65.0,5663.0
1570.180984,2,37,36,17,346,64.0,6424.0
1570.1809855,3,20,35,15,381,65.0,5792.0
1570.180986,4,1,5,1,49,55.0,322.543
1570.1812248,6,778,136,56,1543,71.0,27327.0
1570.1832685,6,3224,287,146,4005,84.0,219051.0
1570.184323,1,367,44,11,567,59.0,1797.0
1570.185145,4,2,6,1,86,50.0,153.66
1570.1862785,3,234,34,13,617,62.0,3316.0
1570.186431,1,102,46,22,501,69.0,12406.0
1570.186489,4,3,10,2,72,58.0,624.338
1570.186493,2,37,34,21,400,67.0,11039.0
1570.1877875,6,407,74,35,1375,79.0,32334.0
1570.187875,1,19,13,2,78,58.0,464.606
1570.1897585,6,1572,59,23,1646,57.0,2948.0
1570.1920235,3,169,27,8,447,57.0,1556.0
1570.1920255,6,165,142,51,2621,70.0,12895.0
1570.1922498,1,3,17,4,209,59.0,1153.0
1570.193747,1,653,39,14,737,68.0,4244.0
1570.1938925,3,2,15,6,531,55.0,606.915
1570.1952555,6,247,18,5,328,56.0,857.574
1570.1961905,6,940,79,36,1235,74.0,28802.0
1570.197132,4,2,3,0,10,50.0,40.622
1570.1971827,3,6,14,3,131,57.0,816.866
1570.1979385,6,778,114,37,1788,62.0,7299.0
1570.199317,1,176,25,7,360,62.0,1455.0
1570.2002268,6,5,31,11,480,63.0,2619.0
1570.200471,5,140,22,11,227,71.0,8854.0
1570.201026,4,2,3,0,7,48.0,35.452
1570.2012105,6,160,17,4,194,57.0,630.536
1570.2019075,6,6,5,1,24,60.0,492.69
1570.2029375,6,364,46,20,1265,70.0,5255.0
1570.203847,1,75,18,6,151,66.0,3285.0
1570.2047205,6,87,316,125,4619,69.0,42309.0
1570.20478,1,44,43,12,353,63.0,3588.0
1570.2047935,3,22,24,7,361,57.0,1186.0
1570.204834,4,1,1,0,1,45.0,0.0
1570.206392,1,606,42,12,749,60.0,1735.0
1570.208539,5,345,58,27,628,71.0,18265.0
1570.208674,2,216,49,25,533,69.0,12263.0
1570.2088605,3,56,32,17,387,67.0,7448.0
1570.208878,1,14,54,20,396,65.0,8508.0
1570.208888,4,2,4,0,40,51.0,93.495
1570.2098545,6,1383,361,150,5587,73.0,57705.0
1570.210199,1,83,24,6,196,58.0,1468.0
1570.211238,1,21,38,15,250,66.0,7842.0
1570.2112445,3,34,24,11,226,65.0,4272.0
1570.211245,5,13,27,7,202,61.0,2333.0
1570.211262,4,1,1,0,1,45.0,0.0
1570.213039,1,9,28,8,330,61.0,2101.0
1570.2130435,3,7,24,8,291,60.0,1991.0
1570.2166915,6,3510,287,132,4045,81.0,113329.0
1570.216745,5,1,8,1,38,59.0,260.452
1570.217063,1,430,49,14,617,63.0,3115.0
1570.219915,1,320,80,30,717,68.0,15105.0
1570.2199235,3,333,49,24,691,68.0,8749.0
1570.219979,2,346,45,31,665,67.0,15317.0
1570.220199,5,57,48,19,362,66.0,9824.0
1570.22021,4,2,9,2,103,55.0,424.936
1570.221206,1,245,72,24,1224,60.0,4093.0
1570.221222,5,92,45,11,439,59.0,2398.0
1570.2212725,6,3545,417,197,4939,79.0,178630.0
1570.2213285,3,5,28,8,359,59.0,1710.0
1570.22133,4,2,1,0,3,48.0,7.369
1570.222882,5,25,32,7,261,61.0,1736.0
1570.2228915,3,18,25,9,310,61.0,2348.0
1570.2229298,1,15,30,7,313,60.0,1495.0
1570.224814,5,43,76,24,850,63.0,6243.0
1570.224818,2,27,60,33,910,68.0,12223.0
1570.224827,4,15,4,1,41,53.0,179.705
1570.2267525,6,1158,224,81,3512,65.0,19720.0
1570.228308,1,173,18,4,237,56.0,520.22
1570.2308465,6,2,24,8,202,69.0,4923.0
1570.2315515,6,565,46,19,864,65.0,5404.0
1570.2318955,3,1,17,5,371,55.0,609.444
1570.232134,1,43,24,6,296,56.0,1088.0
1570.2331155,6,669,117,64,1750,81.0,67688.0
1570.2334415,3,369,42,16,526,60.0,4032.0
1570.233442,5,364,54,15,554,60.0,3641.0
1570.233447,1,401,62,20,579,65.0,5857.0
1570.2359105,6,50,15,4,251,59.0,762.109
1570.2366165,3,242,39,13,388,63.0,3873.0
1570.236617,2,147,35,18,349,65.0,7501.0
1570.236638,5,76,50,29,389,77.0,41321.0
1570.2366705,6,66,214,77,3291,66.0,19024.0
1570.236727,4,1,4,1,73,52.0,186.958
1570.236733,1,17,44,13,317,63.0,4022.0
1570.2406085,6,114,81,29,907,68.0,10077.0
1570.2421625,6,2,12,3,181,56.0,466.253
1570.2429005,3,1,16,4,247,57.0,610.663
1570.2429075,6,45,59,22,663,70.0,9951.0
1570.2441155,6,955,387,152,5680,70.0,48185.0
1570.244377,5,3,27,7,305,59.0,1492.0
1570.2444045,3,16,19,5,242,57.0,1015.0
1570.244418,1,2,25,6,232,59.0,1093.0
1570.244969,4,1,1,0,1,49.0,0.0
1570.2503085,6,384,38,13,553,63.0,3911.0
1570.2513617,6,90,73,34,1160,74.0,18113.0
1570.251453,1,1,23,5,282,56.0,883.798
1570.2514635,3,30,19,4,301,55.0,584.882
1570.252969,5,114,37,10,312,62.0,3023.0
1570.2529885,3,59,29,10,277,63.0,3129.0
1570.2530355,6,19,48,22,502,69.0,12543.0
1570.253043,2,88,37,16,206,66.0,8683.0
1570.25305,1,6,37,13,240,63.0,5612.0
1570.253086,4,4,5,0,42,52.0,149.291
1570.25446,1,10,14,1,44,56.0,290.489
1570.25466,5,132,38,11,539,61.0,2739.0
1570.2546985,3,141,25,9,313,60.0,2163.0
1570.2547815,6,2,47,35,416,78.0,69656.0
1570.254832,4,1,3,0,1,47.0,0.0
1570.255431,1,157,41,17,350,68.0,9704.0
1570.2555305,3,63,27,10,313,63.0,2982.0
1570.255585,2,25,29,9,161,65.0,4195.0
1570.2557005,6,230,53,17,1001,59.0,2695.0
1570.2572265,6,156,159,66,2352,70.0,28944.0
1570.2572415,3,328,45,16,589,60.0,3239.0
1570.257248,1,68,63,16,458,62.0,3889.0
1570.257265,5,293,60,18,505,65.0,5260.0
1570.259457,1,3,7,1,97,58.0,326.072
1570.2600845,6,1,17,5,365,55.0,499.117
1570.2608415,3,37,8,2,56,59.0,495.22
1570.2610685,6,94,186,65,3118,71.0,15795.0
1570.261442,1,1,18,3,148,57.0,585.353
1570.2646905,6,947,106,40,2300,69.0,8838.0
1570.267888,1,133,106,65,1004,78.0,82268.0
1570.2679085,3,126,72,53,1140,71.0,35393.0
1570.267926,2,102,87,62,901,72.0,51456.0
1570.268005,5,22,95,45,850,70.0,27688.0
1570.268025,4,3,12,4,179,59.0,968.036
1570.2681558,6,444,90,48,942,72.0,28345.0
1570.2696275,6,750,87,38,1318,68.0,13338.0
1570.270058,1,354,30,8,561,56.0,1078.0
1570.2715045,6,818,353,174,5202,85.0,198788.0
1570.271752,5,616,79,18,846,59.0,3210.0
1570.271844,1,572,63,16,758,58.0,2793.0
1570.272342,4,1,1,0,1,48.0,0.0
1570.273198,5,46,12,4,182,59.0,733.051
1570.2746,1,1,11,4,194,56.0,625.234
1570.275215,5,45,28,7,171,61.0,2073.0
1570.2752235,3,3,23,8,332,61.0,2044.0
1570.27525,4,1,5,1,35,52.0,168.89
1570.2752937,1,9,22,5,167,62.0,1490.0
1570.2778305,6,1273,73,26,1418,67.0,6551.0
1570.279588,5,36,33,8,185,63.0,3026.0
1570.279601,1,1,43,16,521,64.0,5067.0
1570.2796015,3,42,32,18,460,68.0,7586.0
1570.2797515,6,230,148,52,2701,64.0,9937.0
1570.282562,5,474,56,27,774,71.0,15676.0
1570.2828165,3,238,45,28,590,70.0,20401.0
1570.282822,2,211,49,35,517,71.0,26669.0
1570.282946,1,126,58,31,485,70.0,20311.0
1570.2829645,6,59,107,80,1224,82.0,120223.0
1570.283012,4,4,25,6,173,63.0,2252.0
1570.2850435,6,1,22,6,302,62.0,1147.0
1570.2858665,6,125,19,4,194,59.0,1169.0
1570.2865995,6,1627,154,60,2033,71.0,23533.0
1570.2882528,3,31,13,3,173,57.0,697.613
1570.288261,1,23,14,3,126,57.0,559.019
1570.2891585,6,356,62,26,851,67.0,10290.0
1570.289505,2,44,38,19,353,66.0,8764.0
1570.289505,4,18,9,2,91,54.0,374.701
1570.289511,1,4,48,16,511,64.0,5548.0
1570.2895568,5,13,30,10,402,61.0,2773.0
1570.2905098,6,2,23,15,274,78.0,24409.0
1570.291186,1,9,21,6,196,63.0,1884.0
1570.2919115,6,2093,331,292,4297,88.0,1049000.0
1570.291919,1,10,51,13,547,60.0,2856.0
1570.293633,5,385,78,73,1000,78.0,112394.0
1570.2937315,3,276,69,93,1114,81.0,212988.0
1570.293808,2,201,61,105,700,80.0,256801.0
1570.293991,4,18,28,14,298,66.0,5191.0
1570.2942878,1,16,37,10,552,61.0,1999.0
1570.2967095,6,1805,142,47,2193,60.0,8618.0
1570.296785,5,7,15,5,289,61.0,931.902
1570.2992107,3,2,11,2,80,55.0,429.742
1570.2994845,6,407,63,20,1126,61.0,3325.0
1570.300036,5,3,5,1,37,63.0,1275.0
1570.3011205,6,197,44,13,589,58.0,2347.0
1570.3024055,6,788,73,30,1038,77.0,17897.0
1570.3039445,6,1,47,10,571,56.0,1441.0
1570.304729,1,28,46,17,504,65.0,6652.0
1570.304741,5,2,47,12,651,59.0,1871.0
1570.3047415,3,3,72,29,1374,62.0,6021.0
1570.3050315,6,664,263,115,3444,73.0,56372.0
1570.305696,4,1,4,0,1,50.0,0.0
1570.3057328,1,1,46,11,352,58.0,2362.0
1570.305926,5,17,22,5,134,60.0,1276.0
1570.306602,5,623,71,22,985,68.0,5629.0
1570.306605,1,45,85,24,999,63.0,5129.0
1570.3066235,3,796,51,20,956,60.0,3881.0
1570.308121,5,3,16,5,86,66.0,2663.0
1570.308858,5,4,17,2,45,59.0,542.628
1570.3090025,6,513,131,45,1603,66.0,12975.0
1570.30934,2,170,49,24,421,66.0,11856.0
1570.309464,5,18,42,16,326,70.0,9412.0
1570.309488,4,1,3,0,40,49.0,96.058
1570.3094975,3,6,27,8,313,59.0,1760.0
1570.3095018,1,7,85,30,926,67.0,12252.0
1570.3109267,1,7,18,4,130,58.0,841.556
1570.3111465,6,1392,256,124,3848,75.0,77883.0
1570.312606,4,1,2,0,1,54.0,0.0
1570.3126615,3,547,31,10,668,58.0,1391.0
1570.312699,1,513,59,17,730,58.0,3430.0
1570.313171,4,2,2,0,21,50.0,65.312
1570.315339,5,98,7,2,169,60.0,421.165
1570.3154948,6,328,27,7,476,55.0,938.08
1570.3170815,6,3110,435,219,5591,82.0,177185.0
1570.317811,1,854,89,30,1096,63.0,8666.0
1570.318532,4,2,10,1,48,58.0,426.663
1570.318536,2,12,50,25,361,67.0,13193.0
1570.318574,5,22,39,11,287,61.0,3206.0
1570.3185755,3,3,34,12,361,62.0,3108.0
1570.3194905,3,79,21,5,263,56.0,810.844
1570.320205,4,2,8,2,117,53.0,281.002
1570.3202537,3,1,27,14,261,70.0,8484.0
1570.3202557,2,12,28,13,208,66.0,6643.0
1570.320267,5,9,28,9,277,61.0,2944.0
1570.320358,1,29,17,4,148,60.0,1140.0
1570.32207,1,24,43,12,490,61.0,2832.0
1570.3220745,3,41,24,6,160,62.0,1706.0
1570.322366,5,172,16,5,236,61.0,1393.0
1570.3232475,6,100,61,28,636,70.0,14693.0
1570.323324,1,53,47,19,324,70.0,12023.0
1570.323331,2,2,29,16,229,64.0,7578.0
1570.323337,5,35,35,11,291,66.0,3755.0
1570.3233385,3,26,31,12,479,64.0,3301.0
1570.323378,4,2,1,0,3,47.0,8.696
1570.3244565,6,212,165,84,2065,82.0,106336.0
1570.32449,1,227,49,15,708,58.0,2666.0
1570.324535,5,156,38,10,491,60.0,1917.0
1570.3245545,3,134,23,8,269,60.0,1977.0
1570.324687,4,1,2,0,1,48.0,0.0
1570.325886,1,1,54,14,669,57.0,2226.0
1570.326046,4,1,1,0,1,46.0,0.0
1570.3270335,6,1,39,10,667,55.0,1283.0
1570.3282225,6,542,70,25,915,66.0,7540.0
1570.3288465,3,1,20,6,295,56.0,897.251
1570.328941,1,1,23,7,190,64.0,2265.0
1570.3296575,6,5,15,4,286,56.0,531.99
1570.3304485,6,2390,214,81,3257,72.0,29371.0
1570.330857,5,243,54,16,573,61.0,4020.0
1570.3308695,3,224,35,10,420,60.0,1956.0
1570.330885,1,173,60,22,424,70.0,12885.0
1570.330886,2,180,44,22,447,68.0,9036.0
1570.332732,1,138,22,4,241,56.0,735.878
1570.3327335,3,135,16,6,457,55.0,795.23
1570.3349875,6,22,34,15,248,70.0,9998.0
1570.3357665,6,1458,566,253,8931,83.0,179404.0
1570.336165,4,1,4,1,79,49.0,115.339
1570.336194,1,64,26,7,230,61.0,2002.0
1570.3361985,3,8,13,4,124,61.0,1305.0
1570.337243,5,22,53,16,779,59.0,3042.0
1570.337247,4,11,4,0,30,51.0,117.135
1570.3374215,3,2,23,7,592,55.0,776.84
1570.337513,1,402,39,10,564,57.0,1349.0
1570.340006,1,1,61,17,1046,62.0,2619.0
1570.340145,4,1,1,0,1,45.0,0.0
1570.3401465,3,1,24,7,457,57.0,1021.0
1570.3418635,3,2,29,10,681,57.0,1255.0
1570.3420317,5,11,36,12,578,60.0,2543.0
1570.342072,1,1,39,10,515,59.0,1708.0
1570.342491,4,1,1,0,1,50.0,0.0
1570.344272,5,71,18,4,146,59.0,1190.0
1570.3452755,6,1,54,16,693,60.0,3313.0
1570.345431,5,204,25,7,334,63.0,2140.0
1570.345553,1,2,27,6,241,57.0,1424.0
1570.3465155,6,702,194,83,3165,71.0,30696.0
1570.349938,5,11,40,12,297,62.0,3811.0
1570.3499908,1,14,33,7,217,60.0,1904.0
1570.3500175,3,41,27,10,544,62.0,2084.0
1570.3501807,6,1203,153,68,1988,77.0,38326.0
1570.350801,1,680,44,14,793,57.0,2155.0
1570.351407,5,2,19,5,224,59.0,1007.0
1570.3528075,6,1131,144,61,2434,77.0,37463.0
1570.353776,1,1,43,10,507,56.0,1538.0
1570.355021,1,2,5,0,3,60.0,171.994
1570.3557945,6,680,108,36,1571,63.0,8033.0
1570.3579085,6,736,263,120,3397,82.0,105959.0
1570.3580685,3,2,10,3,115,55.0,534.461
1570.358665,1,65,46,11,246,64.0,3786.0
1570.35867,5,46,47,13,551,60.0,2661.0
1570.3586845,3,497,41,15,705,60.0,2901.0
1570.360235,1,584,68,22,998,67.0,5104.0
1570.3618715,6,1661,142,58,2319,69.0,18744.0
1570.364471,1,14,174,59,2275,63.0,14874.0
1570.364473,5,42,50,14,403,62.0,4170.0
1570.3644805,3,1,41,16,425,60.0,4453.0
1570.364484,2,47,48,20,429,65.0,6755.0
1570.364485,4,11,8,1,43,55.0,314.724
1570.3646915,6,2322,272,182,3254,85.0,317815.0
1570.365435,5,61,37,9,282,59.0,2180.0
1570.3654385,3,41,26,13,285,62.0,4786.0
1570.3663655,3,69,26,10,375,58.0,2204.0
1570.36639,4,1,1,0,1,47.0,0.0
1570.366999,2,34,39,28,267,72.0,24765.0
1570.367007,4,21,14,3,115,55.0,651.637
1570.3672408,3,3,13,6,485,58.0,832.58
1570.3677917,5,2,14,6,366,60.0,1098.0
1570.3684535,6,213,492,209,7815,75.0,93275.0
1570.368589,1,63,20,5,229,56.0,907.273
1570.3686195,3,53,15,5,245,55.0,738.783
1570.369527,1,423,35,10,608,59.0,1572.0
1570.3707295,3,1,7,1,104,55.0,296.953
1570.371616,5,220,72,30,641,70.0,19286.0
1570.3716535,3,208,47,21,705,64.0,6757.0
1570.371682,2,260,52,27,440,64.0,12779.0
1570.371848,4,1,13,2,122,52.0,420.731
1570.3719198,1,4,47,13,353,63.0,4319.0
1570.3759785,3,1,11,4,289,56.0,551.771
1570.3768175,6,569,81,35,962,71.0,18886.0
1570.377383,5,338,35,9,412,62.0,1809.0
1570.3775105,3,1,13,4,237,55.0,649.861
1570.3782865,6,197,119,54,1560,73.0,26819.0
1570.378453,1,38,78,25,739,69.0,10073.0
1570.378469,5,262,65,21,716,67.0,7523.0
1570.3784725,3,19,45,17,769,63.0,4052.0
1570.378473,2,19,39,20,357,67.0,9450.0
1570.378495,4,1,3,0,28,50.0,93.78
1570.3804265,6,2731,253,142,3141,82.0,149320.0
1570.3809,1,228,107,40,1058,72.0,21847.0
1570.381101,2,5,68,36,869,64.0,11938.0
1570.381104,5,57,57,19,455,65.0,7871.0
1570.3811095,3,35,55,27,815,67.0,10888.0
1570.381137,4,1,3,0,23,49.0,44.213
1570.3841175,6,6826,847,519,10719,91.0,1026000.0
1570.384225,1,1,24,4,175,56.0,675.046
1570.3848997,1,18,48,20,330,66.0,10356.0
1570.384902,5,14,44,14,348,64.0,4925.0
1570.384907,2,1,37,16,246,65.0,6662.0
1570.3849145,3,1,28,10,343,60.0,2406.0
1570.384924,4,1,4,0,13,54.0,100.564
1570.385736,1,59,44,19,280,69.0,11595.0
1570.385743,4,7,10,2,67,57.0,421.721
1570.385748,2,29,32,18,228,67.0,10887.0
1570.3857498,5,12,47,24,660,70.0,14551.0
1570.3857578,3,22,24,14,367,66.0,6126.0
1570.386875,1,196,76,24,776,63.0,8052.0
1570.3868775,3,177,59,27,852,65.0,9895.0
1570.38689,2,203,46,25,489,67.0,10958.0
1570.386916,5,134,53,18,727,64.0,4890.0
1570.387032,4,2,13,2,96,56.0,602.731
1570.390813,1,1040,165,84,1865,76.0,75383.0
1570.3909725,3,885,99,55,1226,72.0,35891.0
1570.391632,4,1,6,0,8,50.0,21.487
1570.3919158,5,22,40,14,305,66.0,6851.0
1570.3919297,2,10,29,15,229,67.0,9220.0
1570.3933605,3,1,19,6,337,56.0,919.454
1570.393369,1,1,26,6,215,57.0,1296.0
1570.394034,4,2,8,0,29,51.0,152.011
1570.394055,2,19,33,14,226,67.0,6127.0
1570.3940837,1,40,53,14,579,59.0,2726.0
1570.3953368,6,401,57,23,664,71.0,10633.0
1570.395475,1,44,24,5,151,57.0,1382.0
1570.3954845,3,1,18,4,149,59.0,1211.0
1570.3966425,6,2176,214,72,3093,65.0,15006.0
1570.399358,1,165,17,4,205,59.0,639.3
1570.3994275,3,2,6,0,11,56.0,133.716
1570.4002675,6,724,214,95,2896,75.0,44169.0
1570.4007355,3,4,29,10,386,62.0,2374.0
1570.402749,1,2,24,6,212,58.0,1549.0
1570.402762,4,1,2,0,8,48.0,22.613
1570.4037435,6,611,66,20,813,64.0,5573.0
1570.403843,1,1,18,6,423,57.0,796.405
1570.404943,5,317,65,21,930,61.0,4469.0
1570.4049595,3,291,49,18,855,60.0,3631.0
1570.4050568,6,1823,546,256,6837,78.0,169360.0
1570.405569,1,41,36,11,273,63.0,3638.0
1570.406473,5,412,60,20,697,65.0,5889.0
1570.40656,1,359,89,32,605,69.0,15533.0
1570.4065615,3,331,81,44,1510,70.0,18921.0
1570.406562,2,310,67,33,552,66.0,15830.0
1570.406865,4,7,12,3,103,59.0,1002.0
1570.407795,1,44,29,7,229,61.0,2093.0
1570.410601,1,2,11,1,46,56.0,373.54
1570.412192,5,335,77,32,825,68.0,17813.0
1570.412236,1,484,83,37,850,70.0,20287.0
1570.412256,2,314,60,28,603,65.0,11287.0
1570.4123938,6,115,244,120,3217,76.0,83294.0
1570.412508,4,12,14,3,74,58.0,928.816
1570.413611,1,1,15,4,245,56.0,556.547
1570.414441,1,219,29,7,371,57.0,1160.0
1570.4161185,6,679,40,15,879,59.0,2528.0
1570.4175025,6,992,104,36,1742,67.0,8744.0
1570.419544,1,246,42,10,539,57.0,1515.0
1570.4196525,3,1,23,8,473,57.0,1057.0
1570.4197515,6,1956,292,130,3839,73.0,65860.0
1570.421517,5,187,65,20,664,64.0,5287.0
1570.4215395,3,172,50,24,728,69.0,9209.0
1570.421552,1,186,81,25,715,67.0,8598.0
1570.421568,2,123,41,20,287,67.0,10624.0
1570.421684,4,7,10,3,103,58.0,769.573
1570.4242485,6,2082,182,76,2816,72.0,30450.0
1570.4245245,3,30,10,3,233,58.0,434.571
1570.426051,1,310,39,11,557,59.0,1953.0
1570.4262665,3,112,26,9,406,58.0,1669.0
1570.4275648,6,7775,965,423,13599,84.0,318840.0
1570.428348,5,5,32,9,418,61.0,1908.0
1570.42986,5,59,48,14,440,63.0,4426.0
1570.429872,1,42,53,15,482,63.0,4310.0
1570.4298985,3,53,29,12,525,61.0,3238.0
1570.429901,4,1,5,0,20,50.0,80.299
1570.430976,1,289,56,17,667,61.0,3823.0
1570.4309835,3,243,34,12,689,57.0,1766.0
1570.432526,5,44,25,6,215,61.0,1796.0
1570.432552,4,1,3,0,50,48.0,76.737
1570.4325635,3,25,14,5,191,59.0,1182.0
1570.432989,1,19,16,2,97,56.0,430.007
1570.4342955,3,358,26,8,566,56.0,999.926
1570.434395,1,422,45,12,699,57.0,1761.0
1570.435339,5,30,54,28,372,72.0,26562.0
1570.435342,2,50,39,21,347,66.0,11783.0
1570.435351,4,24,16,5,173,61.0,1840.0
1570.4353618,3,2,28,14,461,67.0,6349.0
1570.436967,1,1,16,3,156,59.0,648.923
1570.437768,1,1,26,8,183,63.0,2732.0
1570.437772,5,24,21,3,99,59.0,889.848
1570.438565,1,8,19,5,279,56.0,809.279
1570.4416765,6,231,31,9,465,62.0,1768.0
1570.4426417,6,9873,1529,771,18470,89.0,1065000.0
1570.442953,4,1,1,0,1,45.0,0.0
1570.4436945,3,22,29,8,305,59.0,1872.0
1570.443721,5,109,32,9,300,62.0,2977.0
1570.443915,1,1,27,7,354,56.0,1068.0
1570.4446005,3,155,35,15,927,62.0,2449.0
1570.444716,5,67,36,10,226,62.0,3218.0
1570.4447688,1,7,49,16,594,65.0,4393.0
1570.445899,1,62,55,18,940,58.0,2790.0
1570.445921,4,1,2,0,1,46.0,0.0
1570.448232,1,1013,77,21,1159,60.0,3354.0
1570.4482475,3,337,41,15,1071,55.0,1514.0
1570.4516815,3,392,34,13,561,62.0,2905.0
1570.452537,4,1,1,0,1,45.0,0.0
1570.4555065,3,2,33,11,451,63.0,2477.0
1570.455727,4,1,3,1,46,55.0,187.759
1570.4557568,5,1,22,6,174,61.0,1564.0
1570.455763,1,43,37,10,447,61.0,2523.0
1570.4564855,3,1,19,7,491,60.0,1215.0
1570.4567098,1,65,30,9,592,58.0,1341.0
1570.457518,5,6,119,54,928,69.0,30985.0
1570.457519,4,1,36,13,576,57.0,2063.0
1570.4575225,3,31,83,70,878,72.0,55372.0
1570.457531,2,381,104,65,800,71.0,41479.0
1570.4578007,1,130,78,33,589,70.0,17104.0
1570.460676,1,71,41,9,361,59.0,1691.0
1570.4607085,3,60,25,6,292,55.0,1069.0
1570.4616195,6,1779,383,156,4109,78.0,86893.0
1570.461772,1,875,65,21,1017,60.0,4145.0
1570.4622135,3,3,26,8,538,60.0,1273.0
1570.462222,4,1,1,0,1,48.0,0.0
1570.463319,1,119,34,9,333,60.0,2037.0
1570.4634145,3,1,18,7,186,61.0,2247.0
1570.4641545,3,33,13,3,185,56.0,579.742
1570.465027,1,8,15,3,99,57.0,618.542
1570.465987,1,100,41,13,367,62.0,4110.0
1570.4659918,3,34,22,7,223,60.0,2015.0
1570.466004,4,1,4,0,51,48.0,68.688
1570.4662335,6,33080,10880,51815,350000,99.0,219910000.0
1570.4676645,3,24,10,4,118,59.0,934.482
1570.46825,5,1585,396,276,3607,88.0,791960.0
1570.468263,1,1597,435,332,4194,87.0,766374.0
1570.46827,2,1572,360,396,3411,89.0,1208000.0
1570.4682865,3,1587,307,390,4069,91.0,1360000.0
1570.46841,4,19,8,0,20,53.0,91.721
1570.469172,4,2,3,0,2,48.0,7.006
1570.4696738,4,154,64,86,1016,74.0,79112.0
1570.471411,4,2,10,2,87,54.0,277.813
1570.472741,4,1,2,0,12,48.0,43.004
1570.473103,5,161,192,68,2213,70.0,24330.0
1570.473155,1,158,171,61,1520,67.0,23741.0
1570.473267,4,2,16,2,88,59.0,612.369
1570.4734545,3,923,91,31,1143,60.0,6435.0
1570.473863,4,1,2,0,1,46.0,0.0
1570.4757665,3,240,43,18,423,62.0,5859.0
1570.475817,5,178,52,13,355,62.0,3862.0
1570.475838,4,1,4,0,1,50.0,0.0
1570.475965,1,1,35,10,288,65.0,3210.0
1570.4789758,1,1039,116,52,1301,69.0,28049.0
1570.4790115,3,248,43,34,782,73.0,24979.0
1570.47907,5,229,93,32,1155,63.0,8948.0
1570.479232,4,4,12,2,93,57.0,570.56
1570.480055,4,18,2,0,19,50.0,39.235
1570.48078,5,1055,186,69,2123,68.0,24516.0
1570.480783,2,1033,125,72,1442,71.0,36745.0
1570.480785,1,1079,174,61,1573,69.0,24500.0
1570.480792,4,3,9,1,92,53.0,264.112
1570.4812105,3,625,90,64,1214,76.0,62243.0
1570.481823,4,1,16,4,231,55.0,570.902
1570.483435,1,193,631,253,6482,73.0,131918.0
1570.483502,5,79,385,170,3310,77.0,117911.0
1570.483551,2,26,274,185,2359,76.0,155410.0
1570.483553,4,58,28,9,218,62.0,3613.0
1570.4835565,3,25,434,260,6218,76.0,159314.0
1570.484582,4,161,19,4,223,55.0,776.08
1570.485394,4,2,22,9,392,54.0,1483.0
1570.486355,4,1,6,1,86,50.0,166.447
1570.487343,5,247,198,60,2168,64.0,14564.0
1570.48762,4,2,3,0,3,52.0,21.534
1570.48814,4,1,2,0,16,47.0,37.373
1570.488957,4,1,4,0,34,53.0,70.897
1570.4904165,3,26,56,18,1043,56.0,2712.0
1570.49042,1,26,33,8,176,61.0,2867.0
1570.490427,5,47,29,10,352,62.0,2746.0
1570.490429,4,2,6,0,20,53.0,102.239
1570.491104,1,123,40,11,402,58.0,2159.0
1570.4921325,3,244,123,96,1942,75.0,85035.0
1570.49214,1,261,180,107,1487,78.0,116244.0
1570.492171,2,201,131,104,1060,76.0,112735.0
1570.492336,4,9,39,14,420,65.0,5031.0
1570.4923508,5,24,112,66,826,73.0,57461.0
1570.494342,4,66,32,30,576,63.0,11475.0
1570.494343,1,39,225,143,2050,79.0,175884.0
1570.494347,2,61,131,127,1300,80.0,173013.0
1570.4944037,5,40,219,95,1953,71.0,52595.0
1570.4945748,3,62,152,87,2137,69.0,37858.0
1570.496006,4,3,5,1,66,54.0,232.595
1570.497199,2,123,95,55,906,67.0,29013.0
1570.497201,5,243,114,52,743,73.0,43692.0
1570.4972117,3,15,77,37,746,67.0,15473.0
1570.497234,4,195,26,8,330,58.0,1956.0
1570.497395,1,84,91,34,642,67.0,16842.0
1570.4984655,3,1044,161,161,1877,84.0,398438.0
1570.498479,5,1042,228,176,1773,83.0,361499.0
1570.498542,1,985,220,152,1777,80.0,247288.0
1570.498623,2,69,61,43,512,71.0,41555.0
1570.498635,4,22,23,9,196,63.0,3252.0
1570.499485,4,11,36,24,580,68.0,11350.0
1570.4996348,2,80,78,51,612,71.0,39878.0
1570.5017175,3,464,136,78,1704,69.0,32990.0
1570.501719,5,1507,197,68,1747,68.0,24718.0
1570.502058,1,1191,188,74,1430,66.0,30828.0
1570.502115,2,1140,152,86,1404,68.0,44058.0
1570.502126,4,7,10,3,127,54.0,543.238
1570.50297,4,5,4,0,9,52.0,69.392
1570.503842,4,2,10,2,69,55.0,457.48
1570.5039218,3,37,135,43,2056,57.0,6591.0
1570.5039657,5,4,170,46,1881,60.0,8501.0
1570.503988,1,27,170,44,2004,60.0,7068.0
1570.506416,5,3850,1846,865,16341,84.0,774371.0
1570.506426,4,110,49,25,808,61.0,6395.0
1570.5064777,3,1148,1289,976,15465,82.0,1220000.0
1570.5064917,1,3802,1722,881,15442,81.0,879502.0
1570.5067,2,939,649,530,5986,82.0,743354.0
1570.5077337,4,31,42,45,738,69.0,22291.0
1570.508972,4,1,4,0,55,50.0,88.951
1570.509826,4,10,16,6,167,62.0,1795.0
1570.510496,4,326,30,10,422,57.0,1789.0
1570.511424,4,2,13,3,242,53.0,442.358
1570.513218,4,1,3,0,1,48.0,0.0
1570.514595,4,1,20,7,418,55.0,964.142
1570.514649,2,294,84,38,789,64.0,13567.0
1570.515803,4,2,40,27,375,74.0,20559.0
1570.5159377,2,6,127,75,1166,76.0,58859.0
1570.517607,2,378,241,135,2566,74.0,75556.0
1570.517704,4,1,3,0,1,46.0,0.0
1570.51821,4,1,4,1,117,50.0,125.345
1570.51931,4,1,8,1,95,49.0,175.831
1570.52068,2,288,101,49,1015,68.0,19991.0
1570.520895,4,2,13,6,488,52.0,614.025
1570.522271,2,165,45,17,375,65.0,5866.0
1570.522412,4,2,7,0,42,52.0,136.137
1570.5224328,1,1777,365,116,3672,67.0,34370.0
1570.5224428,3,10917,2406,1102,31566,77.0,450681.0
1570.523257,5,938,267,82,2819,64.0,20974.0
1570.523922,2,289,92,41,867,65.0,14885.0
1570.524156,4,5,9,3,108,56.0,591.57
1570.525583,4,1,5,0,24,53.0,125.981
1570.526577,5,6771,1490,490,13099,74.0,181713.0
1570.526607,1,11919,1493,507,12935,71.0,183056.0
1570.526683,2,84,32,14,215,65.0,6403.0
1570.52673,4,2,4,1,63,52.0,162.934
1570.528933,2,387,126,61,1539,67.0,18813.0
1570.5293,4,1,4,0,41,51.0,78.378
1570.530661,4,2,6,1,73,51.0,163.59
1570.530974,2,2377,410,222,4034,75.0,129585.0
1570.531566,4,1,1,0,1,46.0,0.0
1570.532255,4,1,1,0,1,45.0,0.0
1570.532761,4,155,9,3,215,54.0,399.079
1570.533476,4,13,26,12,539,56.0,1907.0
1570.53585,4,1,2,0,1,47.0,0.0
1570.536588,2,1951,238,136,2341,73.0,77699.0
1570.536682,4,1,1,0,5,46.0,13.346
1570.53721,4,1,12,3,244,52.0,378.075
1570.538424,4,84,26,9,342,58.0,1957.0
1570.539275,4,1,2,0,1,48.0,0.0
1570.540045,1,24844,16983,45665,350001,99.0,122728000.0
1570.540207,5,4205,624,245,5692,72.0,119244.0
1570.540715,2,211,144,63,1357,65.0,20393.0
1570.540808,4,323,22,7,381,56.0,871.341
1570.541998,4,2,2,0,2,47.0,3.695
1570.542653,2,1813,252,170,2499,72.0,112384.0
1570.542708,4,251,36,11,386,59.0,2446.0
1570.544392,4,7,29,9,328,60.0,2174.0
1570.546205,4,1,1,0,1,45.0,0.0
1570.546255,2,1425,223,101,2411,66.0,30929.0
1570.546405,5,8849,1057,319,10799,66.0,75821.0
1570.547648,4,15,6,2,138,51.0,207.904
1570.548292,4,1,6,0,30,52.0,108.216
1570.5491657,2,264,183,96,2628,66.0,27291.0
1570.549387,4,2,6,1,66,51.0,168.583
1570.549975,4,1,1,0,1,47.0,0.0
1570.550913,4,1,3,0,77,48.0,69.844
1570.554471,2,746,199,112,2665,69.0,42696.0
1570.5545185,3,10355,2640,53508,350001,99.0,232011000.0
1570.554981,4,2,1,0,2,45.0,7.006
1570.556927,4,1,3,1,76,50.0,103.363
1570.557533,4,16,4,0,18,52.0,93.564
1570.5576357,2,620,107,70,1027,73.0,55550.0
1570.557711,5,9232,5004,2929,40707,90.0,5849000.0
1570.558203,4,2,19,11,311,61.0,2847.0
1570.559165,2,3692,602,396,6143,83.0,499846.0
1570.559565,4,1,18,1,80,53.0,142.835
1570.5601448,4,1,15,2,95,55.0,562.186
1570.560868,4,1,4,0,24,51.0,66.478
1570.561501,4,1,4,0,31,50.0,63.583
1570.562046,4,11,4,1,61,54.0,193.397
1570.562795,4,26,30,17,267,71.0,10607.0
1570.564283,4,1,1,0,1,47.0,0.0
1570.565728,4,634,46,17,731,62.0,3617.0
1570.56581,2,1095,2247,2622,20102,96.0,12288000.0
1570.5669587,4,31,199,241,2793,78.0,308106.0
1570.570299,4,986,52,18,1105,57.0,2069.0
1570.571904,4,1236,120,40,1488,63.0,7898.0
1570.574288,4,91,49,14,698,57.0,2163.0
1570.575489,4,33,26,7,305,56.0,1296.0
1570.576749,4,1,2,0,1,48.0,0.0
1570.577535,4,14,21,6,294,55.0,938.096
1570.578329,4,285,51,17,632,61.0,4160.0
1570.579636,4,2,5,0,2,49.0,4.148
1570.581158,4,1,8,3,227,52.0,346.16
1570.581963,4,1,1,0,8,47.0,22.973
1570.582794,4,1,20,8,525,54.0,899.125
1570.583917,4,1,10,0,52,51.0,113.609
1570.584484,4,1,8,1,103,51.0,198.574
1570.585375,4,1,4,1,114,52.0,106.13
1570.586149,4,1,17,3,97,58.0,940.939
1570.586421,2,5503,1143,707,11495,77.0,482769.0
1570.587015,4,2,14,2,88,55.0,455.189
1570.58761,4,1,6,3,304,52.0,311.565
1570.588715,4,30,14,2,77,55.0,417.649
1570.589858,4,311,24,8,378,58.0,1512.0
1570.590964,4,126,29,11,329,65.0,4357.0
1570.591846,4,12,24,10,173,71.0,6102.0
1570.593601,4,26,20,5,157,57.0,1201.0
1570.594508,4,2,5,0,54,49.0,86.736
1570.595773,4,229,15,5,294,57.0,885.515
1570.596843,4,1,3,0,8,55.0,54.894
1570.597357,4,1,1,0,1,48.0,0.0
1570.598891,4,1,1,0,1,45.0,0.0
1570.599601,5,20048,19879,44517,350000,99.0,101250000.0
1570.599614,4,5,3,0,12,53.0,61.181
1570.600313,2,715,164,84,1472,69.0,36088.0
1570.600443,4,12,9,2,88,58.0,570.185
1570.601044,4,1,11,2,172,52.0,295.436
1570.602023,4,1,7,0,20,53.0,82.993
1570.602302,2,59,291,252,3285,84.0,485897.0
1570.602544,4,24,25,11,379,56.0,1988.0
1570.603606,4,1,2,0,1,47.0,0.0
1570.605403,4,1,2,0,1,46.0,0.0
1570.606094,2,12294,3130,2154,28188,83.0,2384000.0
1570.606698,4,16,4,0,24,48.0,52.64
1570.607373,4,2,11,2,95,52.0,349.322
1570.6079677,4,3,13,4,241,54.0,628.659
1570.609246,4,18,42,32,376,75.0,34526.0
1570.610883,4,7,8,1,62,54.0,276.72
1570.611619,4,166,25,8,316,57.0,1478.0
1570.612437,4,7,5,0,20,52.0,140.324
1570.613143,4,2,13,3,127,57.0,650.907
1570.614275,4,1,3,0,14,50.0,53.829
1570.615377,4,82,5,1,83,51.0,117.572
1570.616072,4,1,3,0,1,52.0,0.0
1570.616612,4,1,17,6,382,55.0,827.074
1570.618332,4,49,61,39,771,70.0,22202.0
1570.61961,4,1,5,0,7,52.0,53.125
1570.620369,4,1,4,0,1,48.0,0.0
1570.6208698,4,1528,178,87,2697,71.0,37031.0
1570.624427,4,13,11,1,56,54.0,299.086
1570.625018,4,1,2,0,1,46.0,0.0
1570.625523,4,1,14,4,294,51.0,464.467
1570.626398,4,657,45,14,903,54.0,1688.0
1570.628022,4,17,76,25,736,63.0,6721.0
1570.629803,4,162,22,5,252,58.0,988.149
1570.63134,4,8,11,2,78,53.0,322.6
1570.6319178,4,43,14,3,129,51.0,435.435
1570.632871,4,130,43,12,267,60.0,3473.0
1570.633665,4,1,5,0,19,53.0,49.673
1570.634794,2,6264,1225,805,11070,85.0,1021000.0
1570.634939,4,21,8,3,267,53.0,462.94
1570.636099,4,1,8,1,88,52.0,137.275
1570.636908,4,1,8,3,96,58.0,667.254
1570.638599,4,2,4,0,10,51.0,35.378
1570.639113,4,15,10,2,86,53.0,321.17
1570.639757,4,15,9,0,29,53.0,168.931
1570.640856,4,197,61,31,720,68.0,13421.0
1570.642096,4,35,18,8,553,54.0,818.005
1570.643215,4,3,2,0,4,46.0,11.624
1570.644006,4,2,16,4,301,52.0,506.946
1570.645392,4,1,6,1,130,51.0,160.844
1570.646096,4,2,8,1,87,54.0,312.242
1570.646379,2,1518,181,82,1872,66.0,25705.0
1570.64686,4,1,1,0,1,47.0,0.0
1570.647829,4,1,15,3,161,55.0,582.938
1570.648755,2,47185,17553,65535,350001,99.0,302806000.0
1570.648832,4,1,5,0,39,51.0,98.426
1570.64938,4,2,9,1,76,51.0,180.213
1570.650317,4,27,20,4,139,59.0,1070.0
1570.651957,4,2,12,2,112,55.0,423.115
1570.65272,4,14,15,4,239,56.0,723.003
1570.654141,4,1,4,0,1,47.0,0.0
1570.654964,4,12,15,3,131,56.0,676.938
1570.655618,4,118,49,17,755,61.0,3700.0
1570.656878,4,1,2,0,1,48.0,0.0
1570.657391,4,170,31,11,453,65.0,2988.0
1570.659357,4,2,3,0,3,50.0,7.266
1570.6598597,4,3,25,7,226,59.0,1574.0
1570.660604,4,2,6,1,94,50.0,148.493
1570.661303,4,6,12,3,155,57.0,535.501
1570.66218,4,868,78,26,1181,64.0,4721.0
1570.663928,4,75,43,15,535,59.0,3434.0
1570.665253,4,235,38,11,487,59.0,2289.0
1570.666546,4,2,3,0,2,48.0,3.784
1570.667062,4,1,5,0,41,54.0,117.239
1570.667603,4,3,12,2,94,56.0,577.054
1570.668238,4,86,9,2,131,54.0,302.759
1570.669258,4,379,40,16,719,62.0,3506.0
1570.670478,4,646,82,28,948,60.0,6240.0
1570.671931,4,1,6,0,7,48.0,21.798
1570.672735,4,1,4,0,6,49.0,23.823
1570.673275,4,21,14,2,122,55.0,418.235
1570.674069,4,2,16,4,202,56.0,604.693
1570.675205,4,2,68,24,706,63.0,6016.0
1570.67663,4,1,1,0,1,45.0,0.0
1570.677172,4,2,6,0,57,52.0,112.995
1570.67773,4,1,7,0,45,49.0,70.172
1570.679281,4,80,28,7,450,53.0,892.369
1570.680503,4,4,20,7,145,62.0,2463.0
1570.681378,4,13,19,6,322,58.0,1156.0
1570.682212,4,165,10,3,196,53.0,489.629
1570.682923,4,10,33,11,566,59.0,1676.0
1570.68413,4,2,18,4,226,57.0,798.687
1570.685173,4,42,32,12,675,56.0,1683.0
1570.686584,4,2,14,3,171,52.0,445.632
1570.687417,4,8,15,4,204,54.0,655.513
1570.689398,4,38,46,17,694,59.0,3010.0
1570.690723,4,1,18,6,299,58.0,1052.0
1570.692024,4,71,51,18,540,62.0,4792.0
1570.693462,4,1,2,0,1,48.0,0.0
1570.694008,4,60,16,4,181,56.0,716.647
1570.6947,4,1,16,3,165,52.0,384.398
1570.695768,4,39,57,18,940,55.0,2564.0
1570.697445,4,2,35,15,381,63.0,4500.0
1570.698491,4,2,6,0,43,53.0,135.277
1570.699391,4,3,13,3,143,53.0,442.168
1570.700164,4,206,43,31,652,67.0,15876.0
1570.70136,4,2,2,0,2,46.0,5.81
1570.702779,4,2,11,2,103,58.0,417.035
1570.703477,4,1,23,8,476,56.0,1126.0
1570.704739,4,1,3,0,1,49.0,0.0
1570.705504,4,144,23,8,442,57.0,1131.0
1570.707152,4,1,2,0,4,46.0,10.333
1570.707658,4,1,5,0,33,50.0,70.97
1570.708194,4,137,43,15,447,61.0,3573.0
1570.709214,4,41,25,9,464,56.0,1368.0
1570.710343,4,16,23,5,161,58.0,1183.0
1570.711222,4,7,28,6,257,57.0,1386.0
1570.711995,4,3,22,4,194,55.0,742.717
1570.712794,4,1,8,0,20,50.0,53.485
1570.713396,4,747,63,36,1052,66.0,11692.0
1570.715,4,246,50,17,697,62.0,3642.0
1570.716197,4,1,11,2,176,52.0,312.766
1570.716951,4,2,23,5,222,53.0,732.732
1570.7176728,4,9,21,7,330,54.0,941.949
1570.7185018,4,252,42,16,458,64.0,5003.0
1570.71976,4,148,60,23,864,62.0,5586.0
1570.721192,4,2,7,1,63,53.0,128.252
1570.722538,4,4,7,1,70,56.0,337.832
1570.723208,4,23,49,15,668,59.0,2895.0
1570.7243758,4,17,24,8,365,58.0,1544.0
1570.725376,4,29,21,8,435,56.0,1168.0
1570.726317,4,2,7,0,48,49.0,67.929
1570.726956,4,1,9,0,34,52.0,153.492
1570.727932,4,2,5,0,2,49.0,3.55
1570.72844,4,2,3,0,16,50.0,53.54
1570.7289558,4,1,3,0,1,49.0,0.0
1570.729651,4,28,28,10,257,62.0,3305.0
1570.730412,4,1,17,1,76,54.0,306.444
1570.731233,4,1,3,0,1,48.0,0.0
1570.731813,4,18,25,8,257,60.0,2266.0
1570.732941,4,1,5,1,78,49.0,104.624
1570.734043,4,1,7,2,163,49.0,208.943
1570.734748,4,29,10,3,160,52.0,421.278
1570.735447,4,1,1,0,1,46.0,0.0
1570.7359477,4,760,49,17,1056,58.0,2518.0
1570.737876,4,2,25,9,647,53.0,967.582
1570.739173,4,2,130,40,1478,62.0,8039.0
1570.741173,4,341,27,9,618,56.0,1152.0
1570.742417,4,836,92,43,1133,65.0,16174.0
1570.744051,4,106,31,11,474,63.0,3070.0
1570.74506,4,240,38,11,390,61.0,2671.0
1570.746072,4,2,8,0,23,55.0,157.022
1570.746737,4,998,62,20,1075,57.0,2870.0
1570.7483118,4,143,48,18,586,61.0,4066.0
1570.749768,4,990,90,32,1201,66.0,8785.0
1570.751549,4,616,49,19,841,58.0,3397.0
1570.752903,4,2,88,31,1637,55.0,4082.0
1570.75512,4,279,78,27,1148,62.0,5308.0
1570.75677,4,1362,129,53,1744,67.0,16442.0
1570.759162,4,718,104,36,1037,68.0,12787.0
1570.760916,4,547,2415,1517,28485,87.0,2159000.0
1570.789938,4,124,145,45,1983,57.0,6981.0
1570.7924208,4,6,99,35,1594,59.0,5994.0
1570.7945138,4,2925,251,79,3222,61.0,14079.0
1570.7982347,4,1090,380,154,4736,66.0,43164.0
1570.803471,4,2293,422,152,6235,65.0,28806.0
1570.810209,4,11,51,15,591,57.0,2730.0
1570.8113,4,312,75,27,842,62.0,6080.0
1570.812663,4,769,136,79,1883,77.0,72138.0
1570.815051,4,1,5,0,1,49.0,0.0
1570.815672,4,67,435,154,5961,64.0,30930.0
1570.8165348,6,22097,28668,38443,349996,96.0,90454000.0
1570.822158,4,8820,19630,11778,189138,88.0,10168000.0
1570.8903458,1,29041,13821,65535,350001,98.0,216425000.0
1570.9048197,3,28034,5910,65535,350001,99.0,1659000000.0
1570.9499018,5,59867,13732,50175,334007,99.0,218615000.0
1570.9990558,2,14371,10855,65535,281285,99.0,2124000000.0
1571.011833,4,5562,786,318,9875,72.0,94912.0
1571.02221,4,787,121,48,1512,63.0,12053.0
1571.024306,4,742,90,29,923,62.0,6653.0
1571.025734,4,24246,6269,2735,80198,75.0,894733.0
1571.106449,4,6841,1854,881,24711,78.0,447435.0
1571.131774,4,1,3,0,1,47.0,0.0
1571.132291,4,2103,186,65,2579,65.0,13400.0
1571.135428,4,921,404,165,5780,68.0,43784.0
1571.141708,4,709,43,14,714,58.0,2255.0
1571.142983,4,1,5,0,50,50.0,106.757
1571.143534,4,2247,192,70,2636,64.0,13448.0
1571.14667,4,19511,1645,717,21475,78.0,252865.0
1571.1668365,6,39812,7708,15615,113523,99.0,114933000.0
1571.168676,4,6499,777,395,11045,83.0,276784.0
1571.180221,4,1,6,0,1,50.0,0.0
1571.18092,4,25179,9842,11598,99420,97.0,40609000.0
1571.2406458,1,31313,4345,27180,43196,99.0,411300000.0
1571.2551215,3,17302,1948,39570,28745,99.0,924974000.0
1571.2808398,2,70,92,877,3169,89.0,5264000.0
1571.28084,4,46,8,4,365,52.0,443.846
1571.28174,4,1,25,9,573,54.0,1003.0
1571.2819075,6,541,53,32,2070,58.0,3668.0
1571.282815,4,138,23,14,1093,53.0,1438.0
1571.2847505,6,4,5,1,35,62.0,789.071
1571.285952,4,162,30,11,454,57.0,2196.0
1571.285975,5,160,74,113,2217,70.0,57417.0
1571.2859795,6,68,32,28,715,66.0,11001.0
1571.288422,4,23,35,14,740,59.0,2492.0
1571.2884675,6,522,51,43,1496,63.0,10192.0
1571.2886918,5,38,62,89,1824,63.0,28875.0
1571.289334,1,1,16,4,128,57.0,915.76
1571.289989,4,1,1,0,1,45.0,0.0
1571.291489,4,14,4,1,73,50.0,153.944
1571.291518,5,158,24,36,646,64.0,14255.0
1571.2915265,6,33,11,12,486,58.0,2362.0
1571.292769,4,34,36,13,842,53.0,1493.0
1571.2928245,3,38,21,18,474,64.0,5367.0
1571.2961575,3,2,13,5,416,55.0,614.081
1571.297089,4,2,1,0,2,45.0,3.324
1571.2976905,3,229,20,16,581,59.0,3398.0
1571.298637,1,178,13,37,787,62.0,14661.0
1571.30078,1,198,13,26,934,58.0,5465.0
1571.30239,4,158,34,10,514,54.0,1380.0
1571.3108905,3,72,60,329,2330,81.0,672786.0
1571.310921,2,315,25,348,1371,78.0,791926.0
1571.310936,1,173,36,41,981,64.0,12274.0
1571.3112745,6,208,5,14,518,55.0,2467.0
1571.313755,2,212,30,572,980,87.0,3777000.0
1571.313787,1,239,30,63,779,68.0,40387.0
1571.3137885,3,214,48,274,2180,79.0,549741.0
1571.329581,4,2,1,0,3,45.0,6.879
1571.337144,4,1,3,0,19,50.0,56.552
1571.348539,5,37,55,176,1246,76.0,241797.0
1571.34859,1,46,7,14,331,60.0,4241.0
1571.3521965,6,43,4,4,147,55.0,784.893
1571.352209,4,9,6,2,129,52.0,313.379
1571.3694525,3,30,16,36,726,63.0,14117.0
1571.45389,1,35,16,23,687,61.0,5052.0
1571.464521,4,2,1,0,3,47.0,9.453
1571.5195135,6,35,7,5,203,57.0,1050.0
1571.546793,5,48,18,7,226,60.0,2030.0
1571.595537,4,1,3,0,17,50.0,46.624
1571.626475,1,53,15,5,168,59.0,1360.0
1571.71642,5,89,23,5,168,60.0,1304.0
1571.748241,4,1,1,0,1,45.0,0.0
1571.823464,1,1,8,4,177,56.0,633.819
1571.944939,4,3,5,1,36,55.0,251.591
1572.073093,4,17,22,23,490,66.0,7992.0
1572.073099,5,39,16,16,443,62.0,4679.0
1572.0731105,3,47,12,19,435,65.0,8145.0
1572.073213,1,60,5,11,307,57.0,2470.0
1572.381411,5,7,22,6,113,63.0,2960.0
1572.75739,1,2,11,2,58,58.0,566.841
1573.1990685,3,1,8,2,90,55.0,476.515
1573.660485,4,1,1,0,1,45.0,0.0
1573.683675,4,1,1,0,1,48.0,0.0
1574.566428,1,1,8,2,71,59.0,783.529
1574.9613145,3,4,5,1,60,59.0,462.404
1574.9635975,3,4,8,4,127,64.0,1579.0
1575.0583695,6,1,6,1,50,60.0,531.755
