Time,CH,RISE,COUN,ENER,DURATION,AMP,ABS_E
36.653969,1,9,16,4,135,57.0,1021.0
36.6539735,3,3,18,5,169,60.0,1418.0
36.653988,2,1,4,0,10,55.0,136.226
36.6540045,6,1,13,2,115,54.0,487.153
39.798307,1,9,18,4,166,57.0,1040.0
39.7983115,3,10,17,5,172,60.0,1400.0
39.798324,2,2,3,0,9,55.0,157.062
39.7983425,6,1,13,2,77,53.0,410.83
42.997742,1,29,19,4,137,57.0,1060.0
42.9977465,3,9,18,5,171,61.0,1446.0
42.997764,2,1,3,0,7,55.0,100.497
42.9977765,6,40,14,3,118,54.0,476.544
46.164668,1,32,19,4,137,57.0,1063.0
46.1646725,3,5,17,5,171,61.0,1473.0
46.164687,2,2,3,0,12,57.0,213.159
46.1647055,6,11,13,2,77,54.0,407.046
49.301592,1,1,19,4,135,57.0,1074.0
49.3015965,3,9,17,5,175,60.0,1476.0
49.301614,2,1,4,0,10,57.0,183.613
49.3016265,6,1,13,1,56,54.0,369.728
52.465327,1,9,18,4,132,57.0,1039.0
52.4653315,3,10,18,5,172,60.0,1373.0
52.465341,2,1,5,0,12,57.0,233.485
52.4653585,6,1,13,2,102,54.0,450.382
55.613708,1,11,20,4,137,57.0,1086.0
55.6137145,3,3,18,5,172,60.0,1388.0
55.613727,2,2,4,1,64,57.0,385.409
55.6137455,6,1,13,2,80,53.0,404.86
58.6927,1,12,18,4,135,57.0,1085.0
58.6927045,3,13,19,5,172,60.0,1457.0
58.692717,2,1,6,0,18,55.0,303.885
58.6927345,6,1,13,2,118,54.0,465.534
61.733638,1,11,18,4,137,57.0,1101.0
61.7336445,3,3,18,5,169,60.0,1404.0
61.733657,2,1,6,0,12,57.0,226.516
61.7336755,6,1,13,2,80,53.0,402.692
64.726568,1,32,13,3,137,55.0,717.789
64.7265725,3,9,16,3,97,59.0,884.899
64.72659,2,1,3,0,7,55.0,96.145
64.7266055,6,1,9,1,55,52.0,236.912
64.822606,1,12,19,4,135,57.0,1089.0
64.8226105,3,13,18,6,226,60.0,1495.0
64.822628,2,1,5,0,13,55.0,212.673
64.8226405,6,1,12,1,56,54.0,363.684
67.901662,1,32,14,3,137,55.0,714.654
67.9016665,3,9,16,3,97,59.0,892.705
67.901681,2,1,4,0,6,55.0,97.51
67.9016995,6,1,9,1,55,52.0,234.567
67.997491,1,1,18,4,135,57.0,1085.0
67.9974955,3,13,20,5,168,60.0,1443.0
67.997508,2,1,7,1,18,57.0,383.369
67.9975255,6,1,12,2,118,54.0,457.995
71.09765,1,11,12,3,137,55.0,715.751
71.0976565,3,3,16,4,169,59.0,916.215
71.097669,2,1,4,0,12,56.0,207.193
71.0976875,6,1,9,1,55,52.0,234.125
71.193391,1,12,17,4,135,57.0,1084.0
71.1933985,3,10,19,5,165,60.0,1378.0
71.193402,2,1,8,3,104,56.0,692.281
71.1934255,6,1,12,2,118,54.0,455.138
74.2073,1,9,13,3,132,55.0,688.755
74.2073045,3,10,16,4,165,59.0,921.758
74.207317,2,2,4,0,12,56.0,225.447
74.2073405,6,1,8,1,47,52.0,214.055
74.303357,1,11,19,4,137,57.0,1086.0
74.3033635,3,3,19,5,223,61.0,1420.0
74.303376,2,1,6,2,95,58.0,628.4
74.3033945,6,11,11,2,80,53.0,399.414
77.256762,1,9,13,3,132,55.0,682.306
77.2567665,3,10,16,3,89,59.0,828.144
77.256779,2,1,4,0,12,55.0,227.815
77.2568055,6,1,8,1,44,52.0,200.426
77.352498,1,32,19,4,140,57.0,1094.0
77.3525025,3,9,19,5,222,60.0,1494.0
77.352517,2,1,8,1,16,57.0,372.723
77.3525325,6,40,12,2,61,54.0,383.776
80.352645,1,32,12,3,137,55.0,712.001
80.3526495,3,9,17,4,171,59.0,966.177
80.352664,2,1,4,0,10,56.0,173.532
80.3526825,6,1,9,1,55,52.0,234.92
80.448444,1,29,19,4,140,57.0,1094.0
80.4484485,3,9,18,5,171,60.0,1476.0
80.448455,2,1,8,1,27,57.0,517.064
80.4484785,6,40,13,2,61,54.0,383.262
83.499811,1,1,12,3,129,55.0,665.834
83.4998125,3,13,18,4,168,59.0,965.413
83.49983,2,1,5,0,13,56.0,191.621
83.4998515,6,1,8,1,47,51.0,212.695
83.595528,1,9,19,4,132,57.0,1037.0
83.5955295,3,13,19,5,168,60.0,1479.0
83.595533,2,14,9,3,110,59.0,915.396
83.5955595,6,1,13,1,56,54.0,366.231
86.672422,1,26,12,3,129,55.0,653.69
86.6724265,3,10,16,3,91,59.0,863.401
86.672427,2,1,7,1,27,55.0,363.457
86.6724535,6,1,9,1,56,51.0,238.99
86.768273,1,11,17,4,137,57.0,1074.0
86.7682795,3,3,19,5,223,61.0,1458.0
86.768289,2,5,9,3,101,58.0,880.095
86.7683065,6,1,12,2,59,54.0,387.239
89.839347,1,32,13,3,132,55.0,682.214
89.8393515,3,9,18,4,139,58.0,929.828
89.839366,2,1,7,1,22,55.0,320.028
89.8393815,6,40,9,1,53,52.0,232.134
89.93542,1,9,17,4,135,57.0,1036.0
89.9354245,3,3,19,5,165,60.0,1441.0
89.935434,2,5,9,3,101,58.0,905.951
89.9354515,6,1,12,1,56,53.0,368.784
92.906391,1,11,18,4,137,57.0,1061.0
92.9063955,3,5,19,6,225,61.0,1540.0
92.90641,2,2,9,3,95,58.0,812.54
92.9064245,6,15,12,1,59,54.0,379.08
93.003028,1,9,13,3,132,55.0,663.658
93.0030325,3,10,16,3,91,59.0,879.514
93.003033,2,1,8,3,107,57.0,665.118
93.0030685,6,1,8,1,47,52.0,217.616
93.099093,1,32,19,4,140,57.0,1068.0
93.0990975,3,9,19,6,229,60.0,1551.0
93.099104,2,1,11,1,27,58.0,648.066
93.0991275,6,40,12,1,56,54.0,372.077
96.063553,1,11,18,4,137,57.0,1063.0
96.0635595,3,4,18,5,226,61.0,1511.0
96.063569,2,5,10,3,104,59.0,981.891
96.0635905,6,11,11,1,55,54.0,363.377
96.159322,1,32,13,3,137,55.0,690.997
96.1593265,3,9,17,3,97,59.0,908.735
96.159344,2,1,7,2,92,55.0,555.09
96.1593595,6,1,8,1,44,52.0,184.208
96.255037,1,32,19,4,140,57.0,1075.0
96.2550415,3,13,19,6,229,61.0,1569.0
96.255045,2,11,12,3,89,58.0,948.717
96.2550715,6,40,12,1,56,54.0,366.416
99.26215,1,32,19,4,140,57.0,1084.0
99.2621545,3,13,20,5,168,60.0,1543.0
99.262158,2,11,14,4,112,58.0,1193.0
99.2621845,6,40,12,1,53,54.0,353.321
99.358251,1,32,13,3,137,55.0,702.668
99.3582555,3,9,16,4,142,59.0,971.74
99.35827,2,1,7,2,95,57.0,612.831
99.3582885,6,1,8,1,50,52.0,221.809
99.454816,1,11,18,4,134,57.0,1053.0
99.4548225,3,3,20,6,226,60.0,1504.0
99.454826,2,11,12,4,110,58.0,1104.0
99.4548495,6,1,12,1,56,54.0,365.746
102.400097,1,11,18,4,134,57.0,1056.0
102.4001035,3,3,20,6,226,61.0,1524.0
102.400113,2,5,13,4,101,59.0,1073.0
102.4001305,6,1,11,1,56,54.0,370.151
102.495961,1,9,14,3,129,55.0,655.349
102.4959655,3,3,16,3,136,58.0,922.444
102.495975,2,5,8,3,98,57.0,679.603
102.4959925,6,1,9,1,56,52.0,244.632
102.591793,1,9,18,4,134,56.0,1032.0
102.5917975,3,3,20,5,165,60.0,1477.0
102.591798,2,14,12,4,110,58.0,1095.0
102.5918245,6,1,13,1,56,54.0,373.171
105.443198,1,11,18,4,134,56.0,1048.0
105.4432025,3,5,21,6,228,61.0,1587.0
105.443203,2,19,14,4,112,58.0,1147.0
105.4432315,6,1,13,1,56,54.0,372.257
105.53935,1,9,14,3,132,54.0,669.342
105.5393545,3,10,17,4,140,59.0,952.078
105.539364,2,5,8,3,101,57.0,696.26
105.5393905,6,1,8,1,47,52.0,220.797
105.635894,1,9,18,4,137,57.0,1041.0
105.6358985,3,3,19,6,222,60.0,1535.0
105.635905,2,8,12,4,107,58.0,1170.0
105.6359255,6,1,13,1,56,54.0,376.083
108.587335,1,32,19,4,137,57.0,1060.0
108.5873395,3,9,21,6,228,61.0,1588.0
108.58734,2,14,14,4,112,58.0,1337.0
108.5873725,6,11,12,3,130,54.0,458.003
108.683083,1,32,15,3,137,55.0,702.058
108.6830875,3,9,16,4,142,59.0,990.589
108.683094,2,1,9,1,27,57.0,508.458
108.6831205,6,1,8,1,44,52.0,198.806
108.778845,1,5,19,4,137,57.0,1067.0
108.7788495,3,9,21,6,228,61.0,1594.0
108.77885,2,19,14,4,112,59.0,1309.0
108.7788825,6,11,12,1,52,54.0,365.048
111.76208,1,11,18,4,134,56.0,1042.0
111.762085,2,19,15,5,115,59.0,1335.0
111.7620865,3,3,21,5,165,61.0,1538.0
111.7621135,6,1,12,1,56,54.0,382.084
111.857875,1,1,14,3,134,55.0,683.246
111.8578795,3,9,16,4,142,59.0,1000.0
111.857894,2,5,8,3,98,57.0,699.086
111.8579125,6,1,8,1,52,52.0,239.43
111.953732,1,32,20,5,184,57.0,1109.0
111.9537365,3,9,22,5,157,60.0,1546.0
111.95374,2,11,14,4,110,58.0,1282.0
111.9537665,6,40,13,1,53,54.0,363.453
114.901971,1,32,20,4,137,57.0,1059.0
114.9019755,3,13,21,5,164,61.0,1585.0
114.901979,2,11,14,4,110,58.0,1259.0
114.9020055,6,40,13,1,53,54.0,370.118
114.998631,1,1,15,3,134,55.0,677.879
114.9986355,3,9,15,4,142,59.0,1004.0
114.998639,2,19,11,3,106,57.0,871.079
114.9986685,6,11,8,1,52,52.0,239.618
115.094651,1,32,20,5,184,57.0,1103.0
115.0946555,3,13,20,5,146,60.0,1558.0
115.094659,2,11,13,4,106,58.0,1310.0
115.0946855,6,40,13,2,77,54.0,414.846
118.060883,1,11,20,4,139,56.0,1052.0
118.0608875,3,5,21,5,167,61.0,1601.0
118.060888,2,16,14,5,115,60.0,1496.0
118.0609165,6,1,13,1,56,54.0,386.41
118.15674,1,9,14,3,134,54.0,660.978
118.1567445,3,10,16,4,139,59.0,994.948
118.156754,2,5,11,3,101,58.0,891.402
118.1567715,6,1,9,1,56,52.0,249.781
118.2534,1,32,18,4,137,57.0,1039.0
118.2534045,3,9,23,5,167,61.0,1612.0
118.253405,2,19,15,5,115,59.0,1545.0
118.2534375,6,11,12,1,52,54.0,367.283
121.109996,1,1,15,3,134,55.0,669.29
121.1100005,3,9,15,4,142,59.0,1038.0
121.110015,2,1,11,3,98,58.0,835.958
121.1100335,6,1,9,1,52,52.0,243.507
121.205827,1,32,20,5,184,57.0,1096.0
121.2058315,3,9,21,5,167,60.0,1608.0
121.205835,2,11,15,4,109,59.0,1413.0
121.2058615,6,14,11,3,133,54.0,482.488
121.301665,1,1,16,3,134,55.0,672.569
121.3016695,3,9,16,4,138,59.0,1005.0
121.301684,2,5,10,3,98,58.0,827.854
121.3017025,6,1,9,1,52,52.0,243.678
121.397788,1,32,18,4,137,57.0,1038.0
121.3977925,3,9,22,5,167,61.0,1611.0
121.397796,2,1,14,5,113,59.0,1437.0
121.3978225,6,14,12,3,133,54.0,489.196
124.176037,1,32,15,3,137,55.0,679.488
124.1760415,3,9,16,4,142,59.0,1035.0
124.176045,2,1,13,4,106,58.0,967.36
124.1760745,6,1,8,1,49,52.0,233.669
124.271889,1,29,20,4,137,57.0,1006.0
124.2718935,3,10,22,6,225,61.0,1603.0
124.271894,2,14,15,5,110,61.0,1537.0
124.2719205,6,40,13,2,77,54.0,425.273
124.367732,1,1,16,3,134,54.0,669.287
124.3677395,3,6,16,4,135,59.0,971.922
124.367748,2,1,11,3,98,58.0,880.466
124.3677775,6,1,8,1,44,52.0,211.77
124.463848,1,11,19,4,136,56.0,1035.0
124.4638525,3,6,20,6,167,61.0,1651.0
124.463853,2,16,15,5,115,60.0,1563.0
124.4638815,6,1,14,1,56,54.0,389.943
124.8955965,3,2,6,2,193,60.0,655.896
124.895597,1,2,5,1,194,58.0,429.123
124.895597,2,2,4,4,194,62.0,1531.0
127.243197,1,32,15,3,134,55.0,673.83
127.2432015,3,9,16,4,142,59.0,1033.0
127.243205,2,1,12,3,78,58.0,858.066
127.2432345,6,1,8,1,49,52.0,228.331
127.33897,1,11,20,4,139,56.0,1045.0
127.3389745,3,5,21,5,145,61.0,1603.0
127.338977,2,1,15,5,113,60.0,1634.0
127.3390035,6,1,14,1,56,54.0,389.18
127.434797,1,32,15,3,134,55.0,668.153
127.4348015,3,9,16,4,142,59.0,1042.0
127.434805,2,1,13,2,39,58.0,737.926
127.4348345,6,11,8,1,52,52.0,244.017
127.530642,1,9,20,4,137,56.0,1006.0
127.530645,2,16,16,5,115,60.0,1678.0
127.5306465,3,3,21,5,161,60.0,1562.0
127.5306735,6,40,13,1,56,54.0,389.706
130.416991,1,29,16,3,131,55.0,640.267
130.4169925,3,13,17,4,142,59.0,1045.0
130.416996,2,1,12,2,42,57.0,767.655
130.4170255,6,1,8,1,44,52.0,205.56
130.513111,1,32,21,4,137,57.0,1050.0
130.5131155,3,13,21,6,167,61.0,1671.0
130.513119,2,11,15,5,113,59.0,1695.0
130.5131455,6,40,13,3,133,54.0,488.175
130.513162,5,1,1,0,1,45.0,0.0
130.60888,1,32,15,3,134,55.0,674.748
130.6088845,3,9,16,4,138,58.0,1044.0
130.608888,2,11,12,2,33,57.0,749.086
130.6089175,6,11,9,1,52,52.0,241.66
130.704598,1,29,21,5,184,57.0,1069.0
130.7046025,3,10,21,5,164,60.0,1587.0
130.704603,2,14,13,5,113,59.0,1557.0
130.7046295,6,40,14,3,150,54.0,517.633
133.596047,1,1,16,3,134,55.0,672.284
133.5960515,3,9,16,4,141,59.0,1052.0
133.596055,2,11,14,4,106,57.0,1082.0
133.5960925,6,1,8,1,44,52.0,213.5
133.692013,1,11,21,4,139,56.0,1066.0
133.6920175,3,6,21,5,145,61.0,1635.0
133.692018,2,16,17,5,115,60.0,1706.0
133.6920465,6,1,13,3,150,54.0,515.958
133.787566,1,9,16,3,134,54.0,667.999
133.7875705,3,3,17,4,139,59.0,1023.0
133.78758,2,5,11,1,19,58.0,519.94
133.7875975,6,1,9,1,56,53.0,257.892
133.883435,1,1,21,4,139,56.0,1059.0
133.8834395,3,9,22,5,149,61.0,1651.0
133.88344,2,1,16,5,115,60.0,1704.0
133.8834685,6,1,15,3,133,54.0,498.585
136.742804,1,1,17,3,139,54.0,698.772
136.7428085,3,9,17,4,145,59.0,1077.0
136.742815,2,1,12,4,109,59.0,1151.0
136.7428495,6,1,7,1,44,52.0,215.002
136.838948,1,26,21,5,184,56.0,1078.0
136.838951,2,19,17,6,115,60.0,1881.0
136.8389525,3,3,20,5,164,60.0,1644.0
136.8389795,6,40,14,3,150,54.0,518.397
136.93467,1,1,17,3,139,55.0,695.286
136.9346745,3,9,17,4,149,59.0,1091.0
136.934678,2,1,13,4,109,58.0,1143.0
136.9347155,6,1,9,1,44,52.0,214.886
137.030412,1,32,21,4,139,56.0,1061.0
137.0304165,3,9,22,5,149,61.0,1659.0
137.03042,2,11,16,5,109,59.0,1765.0
137.0304495,6,11,13,2,80,54.0,425.405
139.915705,1,11,16,3,136,54.0,688.292
139.9157095,3,6,17,4,145,59.0,1086.0
139.915718,2,11,12,4,104,59.0,1065.0
139.9157385,6,1,10,1,56,52.0,256.572
140.011549,1,32,22,4,134,56.0,1034.0
140.0115565,3,10,22,5,146,60.0,1600.0
140.011557,2,14,17,5,107,59.0,1788.0
140.0115835,6,14,14,2,80,55.0,426.909
140.108413,1,32,18,3,134,55.0,673.764
140.1084175,3,13,17,4,142,59.0,1080.0
140.108421,2,11,14,4,113,58.0,1238.0
140.1084505,6,11,10,1,49,52.0,235.845
140.204287,1,26,21,5,181,56.0,1061.0
140.20429,2,19,17,6,115,60.0,1915.0
140.2042915,3,3,21,5,150,61.0,1619.0
140.2043185,6,40,14,3,153,54.0,525.898
143.066748,1,26,18,3,131,54.0,640.301
143.0667525,3,10,17,3,109,59.0,1002.0
143.066756,2,1,12,4,110,58.0,1155.0
143.0667795,6,1,10,1,44,52.0,210.809
143.162492,1,11,21,5,186,56.0,1106.0
143.1624965,3,6,21,6,166,61.0,1716.0
143.162497,2,16,15,5,112,60.0,1865.0
143.1625255,6,40,14,3,153,55.0,529.759
143.25834,1,1,17,3,136,54.0,679.949
143.2583445,3,9,18,4,145,59.0,1096.0
143.258345,2,19,13,4,98,59.0,1152.0
143.2583735,6,1,10,1,56,53.0,257.495
143.354158,1,26,21,4,134,56.0,994.973
143.354161,2,16,17,6,140,60.0,2051.0
143.3541625,3,10,22,6,164,61.0,1676.0
143.3541895,6,40,13,3,153,54.0,526.842
143.354206,5,1,1,0,1,45.0,0.0
146.179614,1,1,18,4,183,54.0,708.932
146.1796185,3,9,17,4,141,59.0,1091.0
146.179625,2,1,13,4,106,59.0,1192.0
146.1796475,6,1,10,1,56,52.0,257.897
146.275508,1,1,20,5,186,56.0,1090.0
146.2755125,3,9,21,6,166,61.0,1710.0
146.275513,2,19,17,6,112,60.0,2082.0
146.2755415,6,1,15,3,153,54.0,522.283
146.371581,1,9,18,3,131,54.0,633.194
146.371584,2,16,14,4,112,58.0,1300.0
146.3715855,3,3,17,4,146,59.0,1058.0
146.3716125,6,40,11,1,56,52.0,254.975
146.467323,1,26,22,4,131,56.0,967.075
146.467326,2,16,16,5,108,60.0,1972.0
146.4673275,3,3,22,5,146,61.0,1636.0
146.4673545,6,40,15,2,80,54.0,423.615
149.152072,1,32,22,4,139,56.0,1030.0
149.1520765,3,13,22,5,149,61.0,1699.0
149.152078,2,2,16,6,115,60.0,2046.0
149.1521065,6,14,14,3,135,54.0,487.597
149.247821,1,1,18,3,136,54.0,666.655
149.2478255,3,9,19,4,145,59.0,1113.0
149.247829,2,1,14,4,98,58.0,1204.0
149.2478665,6,1,9,2,138,52.0,300.852
149.34358,1,29,22,4,139,56.0,1029.0
149.3435875,3,10,22,5,146,61.0,1639.0
149.343588,2,1,16,5,106,60.0,1959.0
149.3436145,6,14,13,3,135,54.0,493.541
149.439363,1,32,18,3,139,54.0,670.689
149.4393675,3,9,20,4,145,59.0,1107.0
149.439371,2,11,14,4,109,58.0,1245.0
149.4394005,6,1,11,2,132,52.0,319.646
149.535206,1,32,21,5,186,56.0,1087.0
149.5352105,3,9,23,5,145,61.0,1699.0
149.535214,2,11,18,5,109,59.0,1888.0
149.5352435,6,1,13,3,146,54.0,508.721
152.222886,1,8,21,4,133,56.0,982.775
152.2228905,3,5,22,6,169,61.0,1758.0
152.222891,2,19,17,6,115,60.0,2099.0
152.2229195,6,40,14,3,153,55.0,533.569
152.318952,1,1,18,4,186,53.0,702.389
152.3189565,3,9,18,4,148,59.0,1119.0
152.318966,2,2,11,4,94,58.0,1152.0
152.3189975,6,1,9,1,44,53.0,216.381
152.414666,1,1,20,5,186,55.0,1077.0
152.4146705,3,9,23,6,213,61.0,1804.0
152.414671,2,19,18,6,140,61.0,2239.0
152.4146995,6,1,14,3,153,54.0,535.208
152.510416,1,5,17,3,133,54.0,647.437
152.5104205,3,2,20,4,148,59.0,1122.0
152.510421,2,25,14,5,115,58.0,1358.0
152.5104495,6,40,11,1,56,53.0,258.337
152.607057,1,6,22,4,136,56.0,970.581
152.60706,2,16,16,6,112,61.0,2081.0
152.6070615,3,3,23,5,146,61.0,1655.0
152.6070885,6,1,13,3,135,55.0,495.285
155.314019,1,12,21,5,186,56.0,1065.0
155.3140235,3,13,23,7,213,61.0,1816.0
155.314027,2,11,16,5,106,59.0,1983.0
155.3140565,6,11,14,3,149,54.0,521.994
155.409746,1,1,18,4,183,54.0,686.871
155.4097505,3,9,19,4,141,59.0,1112.0
155.409751,2,14,15,2,45,59.0,1027.0
155.4097915,6,1,10,2,138,53.0,306.766
155.505599,1,32,20,5,186,56.0,1063.0
155.5056035,3,13,22,6,166,61.0,1742.0
155.505607,2,11,17,5,109,60.0,2081.0
155.5056325,6,1,13,3,153,54.0,535.812
155.601442,1,3,17,3,131,54.0,613.093
155.6014445,3,5,20,4,148,59.0,1123.0
155.601445,2,16,16,4,103,59.0,1350.0
155.6014735,6,1,11,1,44,53.0,220.497
155.697536,1,8,22,4,138,56.0,1011.0
155.6975405,3,5,22,5,151,61.0,1712.0
155.697546,2,17,18,6,138,60.0,2123.0
155.6975695,6,40,14,3,135,54.0,493.629
155.697586,5,1,1,0,1,45.0,0.0
158.403126,1,1,20,5,186,55.0,1042.0
158.4031305,3,9,23,6,213,61.0,1823.0
158.403131,2,14,18,7,143,60.0,2357.0
158.4031595,6,1,13,3,153,54.0,535.432
158.498937,1,1,18,4,186,54.0,685.73
158.4989415,3,9,18,5,213,59.0,1187.0
158.498945,2,11,12,4,103,59.0,1401.0
158.4989825,6,1,10,2,141,52.0,311.482
158.59467,1,12,21,5,186,56.0,1052.0
158.5946775,3,10,23,6,210,60.0,1737.0
158.594678,2,14,19,6,109,60.0,2169.0
158.5947045,6,14,12,3,152,54.0,537.123
158.690474,1,1,18,3,133,54.0,634.422
158.6904785,3,9,20,4,148,59.0,1130.0
158.690479,2,1,16,4,98,59.0,1337.0
158.6905075,6,40,11,1,56,53.0,259.95
158.787105,1,6,21,5,183,56.0,1005.0
158.7871095,3,10,23,6,204,61.0,1731.0
158.78711,2,14,18,6,113,61.0,2153.0
158.7871365,6,14,12,3,152,54.0,537.599
158.787153,5,1,1,0,1,45.0,0.0
161.557851,1,1,20,5,186,55.0,1021.0
161.5578555,3,9,23,7,216,61.0,1830.0
161.557859,2,11,17,6,137,60.0,2315.0
161.5578845,6,1,14,3,153,54.0,537.322
161.653922,1,2,17,3,131,54.0,602.483
161.653925,2,19,14,5,112,59.0,1443.0
161.6539265,3,2,18,4,142,59.0,1096.0
161.6539535,6,1,11,2,135,52.0,321.444
161.749638,1,3,21,4,136,56.0,938.539
161.749641,2,16,19,7,143,60.0,2459.0
161.7496425,3,3,23,6,210,61.0,1773.0
161.7496695,6,14,15,3,152,54.0,531.972
161.749686,5,1,1,0,1,45.0,0.0
161.845388,1,6,19,3,133,54.0,605.529
161.845391,2,1,16,4,100,59.0,1419.0
161.8453925,3,10,18,5,207,59.0,1145.0
161.8454225,6,11,11,2,149,52.0,342.206
161.941239,1,11,22,4,138,56.0,975.773
161.941241,2,31,18,7,143,60.0,2360.0
161.9412435,3,5,24,7,212,61.0,1844.0
161.9412725,6,1,14,3,152,54.0,529.757
161.941289,5,1,2,0,1,45.0,0.0
164.72978,1,9,20,5,189,56.0,1020.0
164.729783,2,19,19,6,114,61.0,2255.0
164.7297845,3,13,25,7,216,61.0,1873.0
164.7298175,6,1,13,3,149,54.0,527.274
164.825818,1,3,17,3,133,54.0,594.881
164.825821,2,19,15,5,139,59.0,1627.0
164.8258225,3,10,19,5,210,59.0,1177.0
164.8258525,6,11,11,2,149,52.0,341.891
164.921556,1,6,20,5,183,56.0,970.299
164.921559,2,16,18,6,112,60.0,2243.0
164.9215605,3,10,22,6,213,61.0,1781.0
164.9215875,6,14,13,3,152,54.0,534.514
164.921604,5,1,1,0,1,45.0,0.0
165.017305,1,6,18,3,133,54.0,595.79
165.017308,2,16,15,4,100,60.0,1437.0
165.0173095,3,10,19,5,213,59.0,1185.0
165.0173395,6,11,11,2,149,52.0,340.891
165.113148,1,5,21,4,138,56.0,956.639
165.1131525,3,9,23,6,206,61.0,1820.0
165.113153,2,19,18,7,143,61.0,2482.0
165.1131815,6,40,14,3,152,55.0,535.599
165.113198,5,1,1,0,1,46.0,0.0
167.865942,1,1,20,4,133,55.0,922.496
167.8659465,3,9,23,7,213,61.0,1848.0
167.86595,2,11,19,7,140,61.0,2528.0
167.8659755,6,40,14,3,138,55.0,504.313
167.961688,1,1,17,3,133,53.0,606.411
167.9616925,3,9,19,4,144,59.0,1132.0
167.961696,2,1,14,4,100,59.0,1441.0
167.9617215,6,40,11,2,135,53.0,320.922
168.05743,1,5,21,4,135,56.0,931.937
168.057432,2,19,20,7,146,61.0,2478.0
168.0574345,3,6,23,7,212,61.0,1859.0
168.0574635,6,1,14,3,152,54.0,534.652
168.057477,5,1,2,0,4,46.0,8.141
168.153256,1,3,16,3,133,54.0,583.568
168.1532605,3,10,18,4,145,59.0,1103.0
168.153264,2,11,15,3,75,59.0,1190.0
168.1532905,6,11,11,2,149,52.0,337.244
168.249067,1,1,20,4,133,55.0,918.455
168.2490715,3,9,23,6,206,61.0,1820.0
168.249075,2,19,20,7,140,60.0,2450.0
168.2491005,6,40,15,3,138,55.0,503.499
171.005759,1,9,20,5,183,56.0,956.785
171.005765,2,16,18,5,100,61.0,2152.0
171.0057665,3,10,24,6,213,61.0,1781.0
171.0057965,6,1,15,3,152,54.0,526.396
171.101505,1,5,17,3,135,54.0,597.693
171.10151,2,19,17,4,86,60.0,1375.0
171.1015115,3,2,19,5,213,59.0,1184.0
171.1015415,6,1,11,2,149,52.0,333.602
171.197332,1,8,20,5,185,56.0,961.066
171.197337,2,16,20,6,118,61.0,2414.0
171.1973385,3,3,23,6,213,61.0,1778.0
171.1973655,6,14,15,3,155,54.0,536.155
171.197382,5,1,3,0,1,46.0,0.0
171.293195,1,1,17,3,133,54.0,589.843
171.2932025,3,6,20,4,145,59.0,1108.0
171.293203,2,11,15,5,137,58.0,1562.0
171.2932405,6,1,10,2,123,53.0,287.12
171.390091,1,1,20,4,133,55.0,897.423
171.3900955,3,9,23,7,212,61.0,1860.0
171.390096,2,14,20,7,146,60.0,2585.0
171.3901245,6,40,14,3,152,55.0,529.159
174.114628,1,9,20,4,136,56.0,895.872
174.114634,2,16,17,7,142,60.0,2499.0
174.1146355,3,10,23,6,213,61.0,1810.0
174.1146655,6,1,14,3,149,54.0,511.812
174.114679,5,1,3,0,77,47.0,67.508
174.21049,1,1,17,3,133,54.0,577.361
174.2104945,3,9,19,5,209,59.0,1213.0
174.210498,2,11,16,6,143,59.0,1751.0
174.2105235,6,1,10,2,135,53.0,317.855
174.306326,1,1,19,4,133,55.0,877.734
174.3063305,3,9,24,7,215,61.0,1871.0
174.306331,2,14,21,7,146,61.0,2544.0
174.3063595,6,40,15,3,152,55.0,528.518
174.402396,1,1,18,3,133,54.0,578.607
174.4024035,3,10,20,4,141,59.0,1099.0
174.402404,2,1,15,4,98,60.0,1374.0
174.4024415,6,1,10,2,123,53.0,282.044
174.498156,1,9,20,4,136,56.0,892.792
174.498162,2,16,19,7,142,60.0,2548.0
174.4981635,3,10,24,5,148,61.0,1693.0
174.4981895,6,1,15,3,153,54.0,528.322
177.930495,1,1,16,3,130,54.0,527.956
177.9304965,3,13,20,4,114,59.0,1093.0
177.9305,2,1,15,6,161,59.0,1761.0
177.9305255,6,1,10,2,135,53.0,317.974
178.026556,1,1,19,4,133,55.0,861.637
178.0265605,3,9,24,7,212,61.0,1876.0
178.026564,2,11,20,7,140,61.0,2551.0
178.0265895,6,40,15,3,152,55.0,526.224
178.026648,5,1,2,0,1,45.0,0.0
178.122325,1,1,17,3,133,54.0,560.235
178.1223295,3,13,20,4,144,59.0,1147.0
178.122333,2,11,15,5,137,59.0,1621.0
178.1223705,6,1,9,2,123,53.0,278.652
178.218043,1,1,19,4,185,55.0,915.621
178.2180475,3,9,23,7,215,61.0,1869.0
178.218048,2,14,20,7,146,61.0,2580.0
178.2180765,6,1,16,3,155,55.0,531.872
178.314689,1,1,17,3,130,54.0,528.747
178.3146935,3,10,19,5,206,59.0,1187.0
178.314694,2,11,15,5,137,59.0,1692.0
178.3147315,6,1,10,2,123,53.0,276.695
178.410713,1,1,19,4,133,56.0,858.281
178.4107175,3,13,23,7,212,61.0,1862.0
178.410721,2,11,18,7,143,60.0,2524.0
178.4107465,6,40,15,3,152,55.0,523.15
181.889115,1,6,16,3,130,54.0,516.428
181.889118,2,16,17,6,145,59.0,1754.0
181.8891195,3,10,19,4,137,59.0,1097.0
181.8891495,6,1,11,2,131,52.0,294.035
181.984961,1,12,18,4,133,56.0,822.706
181.9849655,3,13,24,7,215,61.0,1878.0
181.984969,2,11,20,7,143,61.0,2640.0
181.9849945,6,40,16,3,152,55.0,512.024
182.081028,1,1,15,3,130,53.0,531.413
182.0810325,3,9,19,5,215,59.0,1218.0
182.081036,2,11,16,6,161,60.0,1758.0
182.0810615,6,1,11,2,152,53.0,334.528
182.176749,1,1,18,4,133,56.0,826.757
182.1767535,3,13,23,7,215,61.0,1852.0
182.176755,2,13,20,8,166,60.0,2879.0
182.1767825,6,40,16,3,155,55.0,528.1
182.273625,1,3,15,2,115,54.0,480.95
182.273628,2,16,16,5,139,59.0,1645.0
182.2736295,3,10,19,4,117,59.0,1080.0
182.2736595,6,1,11,2,131,52.0,297.455
182.370507,1,5,17,4,135,56.0,832.295
182.3705115,3,6,23,6,150,61.0,1769.0
182.370512,2,16,22,8,166,61.0,2902.0
182.3705405,6,14,16,2,137,54.0,481.456
182.370557,5,1,2,0,77,46.0,73.166
185.002304,1,1,15,2,112,54.0,453.035
185.0023055,3,13,19,4,104,59.0,1095.0
185.002309,2,11,16,4,98,60.0,1614.0
185.0023385,6,36,10,2,148,52.0,317.33
185.098043,1,9,18,4,133,56.0,795.665
185.098049,2,2,20,7,145,61.0,2799.0
185.0980505,3,10,22,6,212,61.0,1797.0
185.0980765,6,40,14,3,155,54.0,508.563
185.193793,1,1,15,2,117,53.0,486.857
185.1937975,3,9,18,4,147,59.0,1159.0
185.193801,2,16,15,5,112,59.0,1629.0
185.1938265,6,1,12,1,44,52.0,225.844
185.289644,1,1,17,3,130,56.0,781.984
185.2896485,3,9,24,7,259,61.0,1904.0
185.289649,2,14,19,7,143,60.0,2682.0
185.2896775,6,1,16,3,155,55.0,508.488
185.385511,1,1,15,3,127,54.0,504.298
185.3855155,3,13,17,4,147,60.0,1168.0
185.385519,2,11,17,6,140,60.0,1794.0
185.3855445,6,1,11,1,83,53.0,273.619
185.482325,1,5,17,3,117,56.0,741.791
185.4823295,3,9,22,6,211,61.0,1875.0
185.48233,2,16,19,8,166,62.0,2889.0
185.4823585,6,14,16,3,178,54.0,541.996
185.482372,5,1,4,1,80,47.0,91.1
188.078156,1,3,13,2,112,54.0,436.077
188.078156,2,1,17,6,148,60.0,1861.0
188.0781605,3,10,16,4,144,59.0,1124.0
188.0781905,6,1,11,2,148,52.0,307.671
188.174217,1,6,17,4,133,56.0,768.537
188.17422,2,19,22,8,169,61.0,2913.0
188.1742245,3,10,23,7,256,61.0,1822.0
188.1742505,6,40,14,3,155,55.0,501.236
188.269968,1,1,16,2,117,54.0,475.95
188.2699725,3,9,17,3,93,59.0,1108.0
188.269973,2,11,16,6,143,60.0,1735.0
188.2700045,6,11,10,1,44,53.0,220.762
188.365729,1,9,17,3,130,56.0,761.567
188.365735,2,2,21,8,163,60.0,2823.0
188.3657365,3,10,22,7,256,61.0,1828.0
188.3657625,6,40,15,3,155,55.0,500.133
188.461538,1,3,13,2,112,54.0,440.569
188.461541,2,31,17,6,145,59.0,1824.0
188.4615425,3,10,17,4,144,59.0,1130.0
188.4615725,6,1,12,1,52,52.0,240.881
188.557375,1,1,17,3,130,56.0,755.031
188.5573795,3,13,23,5,150,61.0,1775.0
188.557383,2,11,18,7,143,61.0,2580.0
188.5574085,6,1,16,2,83,55.0,414.443
191.150208,1,3,12,2,112,54.0,426.468
191.150211,2,31,18,5,118,59.0,1722.0
191.1502125,3,10,17,4,144,59.0,1124.0
191.1502425,6,1,11,1,52,52.0,241.437
191.246067,1,1,16,3,130,56.0,736.6
191.2460715,3,9,22,6,211,61.0,1876.0
191.246072,2,14,21,8,160,61.0,2864.0
191.2461005,6,1,17,3,181,54.0,538.07
191.341902,1,1,15,2,114,54.0,457.403
191.3419065,3,9,17,3,93,59.0,1118.0
191.341907,2,1,18,6,163,60.0,1917.0
191.3419355,6,14,10,1,47,53.0,231.462
191.341949,5,1,1,0,77,45.0,66.58
191.437939,1,5,16,3,132,56.0,745.4
191.437941,2,34,21,8,169,61.0,2853.0
191.4379435,3,5,21,7,258,61.0,1890.0
191.4379715,6,1,16,3,155,55.0,492.257
191.533683,1,1,14,2,117,54.0,458.309
191.5336875,3,9,18,3,90,59.0,1097.0
191.533691,2,11,17,6,160,60.0,1904.0
191.5337165,6,1,10,2,178,53.0,353.705
191.63024,1,1,16,3,127,56.0,727.346
191.6302445,3,13,23,6,150,61.0,1773.0
191.630246,2,16,20,8,166,61.0,3041.0
191.6302735,6,40,15,3,178,55.0,541.005
194.202287,1,1,13,2,117,54.0,448.303
194.2022915,3,9,16,3,90,59.0,1098.0
194.202295,2,11,17,5,112,59.0,1620.0
194.2023205,6,1,10,1,47,52.0,235.545
194.29841,1,1,16,3,130,56.0,714.869
194.2984145,3,13,22,6,150,61.0,1807.0
194.298418,2,11,22,7,143,61.0,2711.0
194.2984435,6,1,15,3,181,55.0,547.365
194.394154,1,1,12,2,117,54.0,451.235
194.3941585,3,9,17,3,90,59.0,1100.0
194.394162,2,11,15,4,100,59.0,1565.0
194.3941875,6,1,11,1,47,52.0,229.239
194.489902,1,3,15,3,112,56.0,627.882
194.489902,2,19,22,8,169,62.0,2990.0
194.4899065,3,10,22,7,259,61.0,1849.0
194.4899325,6,40,16,3,181,54.0,543.105
194.585696,1,6,12,2,86,54.0,359.53
194.585699,2,2,15,5,124,59.0,1790.0
194.5857005,3,10,15,4,144,59.0,1117.0
194.5857265,6,1,10,3,181,53.0,360.527
194.681522,1,1,16,3,130,56.0,712.128
194.6815265,3,13,22,7,262,61.0,1890.0
194.681528,2,13,21,7,148,61.0,2970.0
194.6815555,6,1,16,3,181,54.0,544.315
197.283351,1,1,12,2,114,54.0,435.165
197.2833555,3,9,16,4,146,59.0,1175.0
197.283359,2,22,17,7,166,60.0,1977.0
197.2833875,6,1,11,1,52,52.0,239.384
197.379173,1,9,14,3,124,56.0,685.33
197.379179,2,16,20,7,148,61.0,2842.0
197.3791805,3,10,21,5,144,61.0,1718.0
197.3792065,6,40,15,3,181,54.0,546.772
197.475019,1,1,12,2,114,54.0,433.135
197.4750235,3,9,16,4,146,59.0,1177.0
197.475024,2,11,17,3,39,60.0,1309.0
197.4750555,6,1,11,1,41,52.0,216.903
197.571163,1,3,15,2,92,56.0,563.397
197.571163,2,19,22,9,169,62.0,3119.0
197.5711675,3,3,21,7,259,61.0,1851.0
197.5711935,6,40,15,3,181,54.0,540.641
197.667694,1,1,13,2,114,54.0,438.03
197.6676985,3,9,16,3,90,59.0,1106.0
197.667699,2,14,18,6,146,59.0,1943.0
197.6677275,6,1,10,1,47,52.0,232.689
197.667797,5,1,1,0,21,45.0,23.239
197.763753,1,1,15,3,117,56.0,665.759
197.7637575,3,13,20,5,143,61.0,1771.0
197.763758,2,14,21,8,160,60.0,2968.0
197.7637865,6,1,16,3,181,54.0,539.069
197.763803,5,1,5,1,77,47.0,104.44
200.389377,1,3,11,2,86,55.0,350.908
200.3893815,3,10,15,3,91,59.0,1085.0
200.389382,2,23,18,6,140,60.0,1846.0
200.3894075,6,1,10,2,178,52.0,346.255
200.485171,1,1,14,3,117,56.0,655.368
200.4851755,3,13,19,5,143,61.0,1790.0
200.485179,2,11,21,8,166,61.0,2922.0
200.4852045,6,1,16,3,178,54.0,525.152
200.485274,5,1,2,0,1,46.0,0.0
200.581037,1,1,12,2,114,54.0,422.027
200.5810415,3,9,14,4,146,59.0,1171.0
200.581042,2,11,16,7,169,60.0,2001.0
200.5810735,6,1,10,1,41,52.0,213.898
200.676868,1,6,14,3,117,56.0,656.497
200.676874,2,2,19,8,165,61.0,2965.0
200.6768755,3,10,21,5,140,61.0,1725.0
200.6769015,6,1,15,3,181,54.0,543.067
200.676971,5,1,3,0,1,47.0,0.0
200.773095,1,1,12,2,92,54.0,384.924
200.7730995,3,9,15,4,146,59.0,1175.0
200.7731,2,19,18,7,166,60.0,1958.0
200.7731315,6,1,10,1,41,52.0,212.329
200.869776,1,9,15,3,117,56.0,656.184
200.869779,2,16,24,8,162,61.0,3124.0
200.8697805,3,13,18,7,258,61.0,1917.0
200.8698095,6,1,15,3,181,54.0,545.98
200.869823,5,1,7,1,80,47.0,117.594
203.44441,1,5,13,3,107,56.0,607.201
203.4444145,3,2,18,5,146,61.0,1806.0
203.444415,2,16,21,8,151,62.0,2907.0
203.4444425,6,40,15,3,184,54.0,550.251
203.444501,5,1,5,0,1,47.0,0.0
203.540457,1,3,11,2,105,55.0,372.173
203.54046,2,2,18,6,145,60.0,1873.0
203.5404615,3,10,15,3,88,59.0,1091.0
203.5404875,6,1,10,1,44,52.0,222.284
203.636258,1,5,13,2,94,56.0,593.43
203.6362625,3,2,20,5,142,61.0,1807.0
203.636263,2,25,21,8,166,61.0,3070.0
203.6362905,6,40,15,3,184,54.0,552.051
203.636308,5,1,7,0,1,48.0,0.0
203.731943,1,1,12,2,88,54.0,370.63
203.7319475,3,9,16,4,93,59.0,1149.0
203.731948,2,1,19,6,157,60.0,2001.0
203.7319795,6,1,9,2,174,53.0,333.921
203.827795,1,1,13,3,114,56.0,631.062
203.8277995,3,13,19,7,261,61.0,1901.0
203.827801,2,13,20,8,168,62.0,3129.0
203.8278285,6,14,16,3,151,54.0,466.834
203.827842,5,1,6,1,80,47.0,118.668
203.923637,1,1,12,2,92,54.0,383.001
203.9236415,3,9,16,4,146,60.0,1202.0
203.923645,2,11,17,6,142,59.0,1779.0
203.9236705,6,14,12,1,47,53.0,234.986
203.923737,5,1,1,0,24,45.0,27.37
204.019735,1,1,15,3,117,56.0,638.992
204.019738,2,16,20,8,165,61.0,2995.0
204.0197395,3,13,19,7,258,61.0,1912.0
204.0197685,6,14,16,3,160,54.0,487.789
204.019785,5,1,6,1,77,47.0,113.622
206.604327,1,5,12,3,107,56.0,600.531
206.6043315,3,5,18,5,149,61.0,1835.0
206.604332,2,16,21,8,166,62.0,3140.0
206.6043595,6,40,15,3,181,54.0,543.727
206.70119,1,3,10,2,86,55.0,337.916
206.701193,2,25,18,6,145,60.0,1867.0
206.7011945,3,10,16,3,91,59.0,1110.0
206.7012205,6,1,10,1,45,52.0,222.798
206.797001,1,1,14,3,114,56.0,613.352
206.7970055,3,9,21,7,261,61.0,1899.0
206.797006,2,14,22,8,169,61.0,3085.0
206.7970345,6,14,17,3,183,54.0,545.66
206.797048,5,1,7,1,80,47.0,122.883
206.892865,1,6,11,2,86,54.0,332.506
206.892868,2,2,19,5,121,60.0,1789.0
206.8928695,3,10,16,4,143,60.0,1156.0
206.8928955,6,1,10,1,47,52.0,232.298
206.988902,1,1,13,3,114,56.0,617.993
206.988905,2,16,20,8,171,61.0,3118.0
206.9889065,3,13,20,5,146,61.0,1823.0
206.9889355,6,14,16,3,180,54.0,538.398
206.988952,5,1,6,1,77,48.0,119.509
207.084649,1,1,11,2,89,55.0,341.416
207.084652,2,13,17,6,145,60.0,1916.0
207.0846535,3,10,15,3,91,60.0,1119.0
207.0846795,6,1,11,1,47,52.0,232.738
207.084769,5,1,1,0,1,45.0,0.0
207.180408,1,9,13,3,114,56.0,617.276
207.180411,2,16,22,8,165,61.0,3129.0
207.1804125,3,13,18,5,146,61.0,1820.0
207.1804415,6,1,16,3,177,54.0,535.509
207.180455,5,1,7,1,80,48.0,124.631
209.692351,1,5,13,2,107,56.0,592.199
209.6923555,3,9,17,5,142,61.0,1817.0
209.692356,2,11,23,9,169,62.0,3145.0
209.6923835,6,1,14,4,198,54.0,572.328
209.788199,1,6,10,2,89,55.0,337.947
209.788202,2,28,17,6,145,60.0,2027.0
209.7882035,3,10,14,3,91,59.0,1116.0
209.7882295,6,1,10,1,47,52.0,232.342
209.884288,1,5,11,3,116,56.0,614.172
209.8842925,3,5,17,5,142,61.0,1835.0
209.884293,2,31,21,8,166,62.0,3117.0
209.8843205,6,40,16,4,201,54.0,582.157
209.88439,5,1,3,0,1,48.0,0.0
209.980039,1,6,11,2,89,55.0,337.699
209.980042,2,16,16,6,145,60.0,1901.0
209.9800435,3,10,15,3,88,60.0,1106.0
209.9800695,6,1,11,1,47,52.0,234.016
210.075795,1,8,12,2,107,56.0,590.711
210.0757995,3,2,18,5,142,61.0,1823.0
210.0758,2,19,24,9,172,62.0,3192.0
210.0758275,6,40,16,4,201,54.0,576.628
210.075845,5,1,7,1,70,48.0,102.282
210.172646,1,1,11,2,92,55.0,374.39
210.1726505,3,9,16,4,146,59.0,1191.0
210.172654,2,11,17,6,166,60.0,2051.0
210.1726795,6,14,12,1,47,53.0,230.649
210.268419,1,1,14,3,114,56.0,607.977
210.2684235,3,9,18,5,149,61.0,1837.0
210.268424,2,14,21,8,169,61.0,3138.0
210.2684525,6,14,17,3,183,54.0,556.088
210.268466,5,1,6,1,80,48.0,134.618
212.755461,1,9,13,3,111,56.0,591.996
212.755464,2,16,23,9,171,61.0,3190.0
212.7554655,3,13,17,5,149,61.0,1850.0
212.7554945,6,14,16,3,183,54.0,549.624
212.755511,5,1,6,1,74,48.0,113.978
212.852334,1,1,11,2,88,54.0,357.112
212.8523385,3,9,16,4,90,59.0,1165.0
212.852339,2,11,17,7,169,60.0,2126.0
212.8523705,6,1,9,1,41,52.0,212.499
212.948103,1,5,12,2,107,56.0,586.649
212.9481075,3,2,18,5,142,61.0,1818.0
212.948108,2,19,22,8,148,61.0,2966.0
212.9481355,6,40,15,4,201,54.0,584.176
212.948205,5,1,3,0,1,48.0,0.0
213.043962,1,2,10,2,88,54.0,358.309
213.0439665,3,9,15,4,93,59.0,1161.0
213.043967,2,19,18,6,145,60.0,1894.0
213.0439945,6,40,10,1,45,52.0,224.606
213.139838,1,5,12,2,94,57.0,567.661
213.13984,2,1,22,9,171,61.0,3293.0
213.1398425,3,5,18,5,145,61.0,1841.0
213.1398705,6,1,16,3,160,54.0,486.362
213.139916,5,1,7,0,25,48.0,55.561
213.235891,1,1,11,2,88,54.0,358.408
213.2358955,3,9,14,3,90,59.0,1136.0
213.235899,2,11,16,6,163,59.0,1959.0
213.2359275,6,1,9,2,177,53.0,347.444
213.331609,1,2,13,2,91,56.0,556.664
213.3316135,3,9,18,5,142,61.0,1826.0
213.331614,2,28,22,8,148,62.0,3136.0
213.3316415,6,40,14,4,201,54.0,589.464
213.331659,5,1,6,0,42,48.0,46.42
215.809672,1,1,15,2,92,56.0,560.333
215.8096765,3,9,18,5,146,61.0,1865.0
215.809677,2,14,22,7,145,62.0,2940.0
215.8097045,6,2,15,4,201,54.0,592.122
215.809722,5,1,7,1,77,48.0,129.498
215.905461,1,6,10,2,89,55.0,331.363
215.905464,2,16,16,6,145,60.0,1945.0
215.9054655,3,10,14,4,143,59.0,1184.0
215.9054915,6,1,10,1,44,52.0,220.237
216.001209,1,1,14,3,114,56.0,587.522
216.001212,2,16,22,9,171,61.0,3339.0
216.0012135,3,13,17,5,146,61.0,1868.0
216.0012425,6,14,16,3,183,54.0,553.645
216.001256,5,1,8,1,80,48.0,141.361
216.097044,1,2,9,2,88,54.0,349.81
216.0970485,3,9,17,4,93,59.0,1178.0
216.097049,2,19,18,6,145,60.0,1985.0
216.0970765,6,1,10,1,45,52.0,227.16
216.19289,1,1,14,2,107,56.0,577.024
216.1928945,3,9,18,5,142,61.0,1874.0
216.192895,2,11,22,8,166,62.0,3111.0
216.1929225,6,2,15,4,201,54.0,585.337
216.19294,5,1,8,0,42,48.0,49.762
216.288952,1,5,9,2,91,55.0,361.882
216.2889565,3,1,15,4,90,59.0,1174.0
216.288957,2,8,18,5,115,60.0,1815.0
216.2889845,6,1,10,1,44,52.0,223.833
216.384698,1,1,14,2,107,56.0,573.591
216.3847025,3,9,18,5,142,61.0,1869.0
216.384703,2,14,21,8,166,61.0,3145.0
216.3847315,6,1,17,3,180,55.0,550.426
216.384748,5,1,7,0,53,48.0,77.127
218.854872,1,1,14,2,91,56.0,543.637
218.8548765,3,9,19,5,98,61.0,1821.0
218.854877,2,14,20,8,169,61.0,3151.0
218.8549045,6,2,15,3,181,54.0,560.343
218.854922,5,1,7,1,77,48.0,129.216
218.951467,1,1,10,2,88,54.0,348.367
218.9514715,3,9,16,3,90,59.0,1172.0
218.951472,2,14,17,6,148,59.0,1929.0
218.9515005,6,1,11,1,44,53.0,221.879
218.95159,5,1,1,0,1,45.0,0.0
219.047483,1,5,14,3,140,56.0,610.591
219.047485,2,31,21,8,151,62.0,3113.0
219.0474875,3,2,17,5,142,61.0,1857.0
219.0475155,6,1,17,3,183,54.0,554.878
219.047561,5,1,8,0,25,47.0,57.327
219.143231,1,1,10,2,88,54.0,355.678
219.1432355,3,9,16,4,94,60.0,1189.0
219.143236,2,19,19,6,145,60.0,2098.0
219.1432675,6,1,10,1,41,53.0,215.734
219.239013,1,9,14,2,92,57.0,548.09
219.239016,2,16,21,8,171,62.0,3283.0
219.2390175,3,13,18,5,149,61.0,1898.0
219.2390465,6,14,15,4,197,54.0,581.1
219.23906,5,1,8,1,80,49.0,142.578
219.334833,1,3,9,2,89,55.0,325.38
219.334836,2,2,18,6,162,60.0,2061.0
219.3348375,3,10,15,4,91,59.0,1146.0
219.3348635,6,1,11,3,180,53.0,360.962
219.430688,1,1,14,3,143,56.0,620.358
219.4306925,3,9,17,5,142,61.0,1874.0
219.430693,2,11,22,8,148,61.0,2992.0
219.4307205,6,2,18,3,163,54.0,501.598
219.430738,5,1,8,0,42,48.0,49.31
221.921676,1,5,13,2,94,56.0,550.461
221.9216805,3,2,17,5,145,61.0,1883.0
221.921681,2,31,22,8,165,62.0,3133.0
221.9217085,6,1,18,3,183,54.0,568.928
221.921726,5,1,7,1,76,48.0,132.796
222.018498,1,1,10,2,88,54.0,348.445
222.0185025,3,9,17,4,90,59.0,1196.0
222.018506,2,11,16,6,163,60.0,2022.0
222.0185315,6,1,10,1,44,53.0,222.099
222.114351,1,9,14,2,88,57.0,529.354
222.1143555,3,13,18,5,98,61.0,1836.0
222.114356,2,14,22,8,169,62.0,3287.0
222.1143845,6,14,17,4,200,54.0,597.395
222.114398,5,1,9,1,80,49.0,147.506
222.210397,1,2,8,2,91,54.0,352.131
222.2104015,3,9,15,4,145,59.0,1221.0
222.210402,2,19,17,5,121,60.0,1890.0
222.2104295,6,1,12,3,180,52.0,363.392
222.306214,1,3,14,2,89,57.0,491.353
222.306214,2,5,21,9,171,61.0,3250.0
222.3062185,3,10,18,5,146,61.0,1849.0
222.3062445,6,14,16,4,200,54.0,595.015
222.30629,5,1,6,1,48,48.0,115.29
222.401885,1,3,11,1,40,55.0,255.228
222.401888,2,16,16,6,162,60.0,2064.0
222.4018895,3,10,16,4,143,59.0,1201.0
222.4019155,6,1,11,3,180,53.0,362.763
222.402005,5,1,1,0,1,45.0,0.0
222.498538,1,1,15,3,154,56.0,632.5
222.498541,2,16,21,8,168,62.0,3225.0
222.4985425,3,9,19,5,142,61.0,1863.0
222.4985705,6,2,16,3,163,54.0,501.065
222.498585,5,1,10,0,45,48.0,62.585
224.972867,1,1,15,3,151,57.0,619.991
224.9728715,3,9,19,5,145,61.0,1917.0
224.972872,2,14,20,8,169,62.0,3148.0
224.9729005,6,1,18,3,179,55.0,554.02
224.972917,5,1,9,1,77,48.0,138.568
225.069741,1,3,10,1,40,55.0,251.797
225.0697435,3,12,14,4,145,59.0,1242.0
225.069744,2,16,18,5,103,60.0,1836.0
225.0697715,6,1,11,2,174,53.0,346.188
225.069841,5,1,2,0,21,46.0,29.313
225.16548,1,1,15,3,151,56.0,622.556
225.1654845,3,9,19,5,145,61.0,1893.0
225.165485,2,14,22,8,166,61.0,3224.0
225.1655125,6,2,18,3,180,54.0,565.353
225.165527,5,1,9,1,80,48.0,152.039
225.261304,1,1,9,1,88,55.0,345.178
225.2613085,3,9,16,4,90,60.0,1192.0
225.261312,2,11,18,6,145,59.0,1894.0
225.2613405,6,1,11,1,41,53.0,208.651
225.35712,1,6,13,2,89,57.0,484.054
225.35712,2,22,22,9,171,62.0,3396.0
225.3571245,3,10,17,5,146,61.0,1846.0
225.3571505,6,14,18,3,180,54.0,557.039
225.357167,5,1,7,1,77,49.0,142.543
225.452979,1,1,9,1,88,54.0,341.219
225.4529835,3,9,16,4,145,59.0,1245.0
225.452987,2,11,17,6,148,60.0,1930.0
225.4530155,6,1,12,3,176,53.0,349.401
225.549015,1,2,14,2,94,56.0,537.588
225.5490195,3,9,17,5,148,61.0,1939.0
225.54902,2,28,23,8,168,62.0,3223.0
225.5490475,6,1,18,3,183,54.0,574.797
225.549065,5,1,9,0,53,48.0,84.444
228.051878,1,9,14,3,151,57.0,615.928
228.051881,2,16,21,8,150,61.0,3136.0
228.0518825,3,13,19,5,145,61.0,1902.0
228.0519115,6,1,18,3,182,55.0,569.87
228.051925,5,1,9,1,80,48.0,154.619
228.148735,1,1,9,1,85,55.0,307.911
228.148738,2,2,18,7,168,60.0,2187.0
228.1487395,3,10,15,3,91,60.0,1172.0
228.1487655,6,1,13,3,179,53.0,362.086
228.244479,1,6,13,3,151,57.0,571.424
228.244479,2,5,22,8,168,62.0,3285.0
228.2444805,3,13,19,5,142,61.0,1908.0
228.2445095,6,14,20,3,182,55.0,571.134
228.244523,5,1,8,1,80,48.0,153.428
228.340323,2,16,17,4,86,60.0,1695.0
228.340323,1,1,9,1,85,55.0,305.282
228.3403245,3,9,16,4,145,60.0,1241.0
228.3403565,6,1,11,3,176,53.0,350.94
228.340367,5,1,4,0,1,47.0,0.0
228.436193,1,1,15,3,151,56.0,613.153
228.4361975,3,9,19,5,148,61.0,1931.0
228.436198,2,14,21,7,148,61.0,3094.0
228.4362255,6,2,17,4,200,54.0,604.453
228.436243,5,1,9,0,53,48.0,87.929
228.532266,1,1,10,1,85,55.0,334.298
228.5322705,3,9,17,4,90,60.0,1209.0
228.532274,2,11,17,5,115,60.0,1901.0
228.5323025,6,1,12,3,179,53.0,358.611
228.628011,1,6,15,3,151,57.0,571.066
228.628011,2,19,22,9,171,62.0,3418.0
228.6280125,3,13,19,5,142,61.0,1909.0
228.6280415,6,14,18,3,179,55.0,561.879
228.628058,5,1,8,1,77,49.0,144.183
232.00944,1,5,11,1,87,55.0,336.154
232.0094445,3,12,18,4,90,59.0,1214.0
232.009445,2,25,18,5,106,60.0,1993.0
232.0094725,6,1,13,1,47,53.0,229.323
232.009562,5,1,2,0,1,46.0,0.0
232.106305,1,2,15,3,156,56.0,630.631
232.1063095,3,9,19,6,154,61.0,1987.0
232.10631,2,28,20,9,171,62.0,3269.0
232.1063375,6,1,21,3,179,54.0,555.733
232.106355,5,1,9,1,76,48.0,149.871
232.202107,1,1,11,1,45,55.0,293.417
232.2021115,3,9,16,4,145,60.0,1275.0
232.202112,2,14,17,5,124,60.0,1984.0
232.2021435,6,1,11,2,103,52.0,268.193
232.202157,5,1,5,0,53,48.0,62.846
232.297944,1,1,16,3,156,56.0,628.391
232.2979485,3,9,19,5,148,61.0,1967.0
232.297949,2,14,19,8,168,62.0,3113.0
232.2979765,6,1,20,3,168,54.0,514.429
232.297994,5,1,9,1,76,48.0,151.263
232.393844,1,2,9,2,142,54.0,382.016
232.3938485,3,9,16,4,90,59.0,1238.0
232.393849,2,8,16,5,92,60.0,1832.0
232.3938765,6,1,13,1,47,53.0,221.561
232.393946,5,1,2,0,21,46.0,34.292
232.489862,1,1,16,3,145,56.0,601.298
232.4898665,3,9,19,6,151,61.0,1983.0
232.489867,2,14,20,8,168,61.0,3201.0
232.4898945,6,1,19,3,171,54.0,528.324
232.489912,5,1,9,1,76,50.0,155.374
232.586383,1,6,10,2,137,55.0,341.171
232.5863875,3,10,17,4,142,59.0,1219.0
232.586388,2,14,16,4,98,59.0,1735.0
232.5864135,6,1,14,3,182,53.0,376.234
232.586427,5,1,5,0,1,47.0,0.0
232.682454,1,1,15,3,156,56.0,628.532
232.6824585,3,9,19,6,154,61.0,1974.0
232.682459,2,14,21,8,168,62.0,3227.0
232.6824865,6,1,19,3,171,54.0,527.195
232.682504,5,1,10,1,76,48.0,155.312
236.059722,1,1,10,2,142,55.0,382.142
236.0597265,3,9,17,4,94,60.0,1244.0
236.05973,2,11,16,4,95,60.0,1810.0
236.0597545,6,1,13,3,179,52.0,362.648
236.059827,5,1,3,0,18,47.0,27.667
236.155741,1,6,14,3,148,57.0,560.501
236.155741,2,31,21,8,150,62.0,3280.0
236.1557455,3,10,18,6,151,61.0,1947.0
236.1557715,6,1,20,3,173,55.0,524.811
236.155785,5,1,10,1,56,49.0,114.221
236.251584,1,1,11,2,142,55.0,383.537
236.2515885,3,9,16,4,145,60.0,1300.0
236.251592,2,11,16,5,112,60.0,1851.0
236.2516165,6,1,14,3,179,52.0,361.302
236.251683,5,1,3,0,24,47.0,39.649
236.347434,1,8,15,3,150,57.0,609.555
236.347436,2,28,19,7,126,62.0,3203.0
236.3474385,3,12,18,6,147,61.0,1984.0
236.3474665,6,1,20,4,182,55.0,569.174
236.34748,5,1,10,1,80,49.0,172.093
236.443544,2,1,16,6,123,60.0,2055.0
236.443544,1,6,10,1,40,55.0,240.844
236.4435485,3,10,16,4,148,60.0,1272.0
236.4435745,6,1,12,2,167,53.0,333.664
236.443588,5,1,6,0,4,48.0,7.818
236.539221,1,9,16,3,156,57.0,632.25
236.539224,2,16,20,8,170,62.0,3296.0
236.5392255,3,13,18,6,154,61.0,1995.0
236.5392535,6,2,19,4,185,54.0,576.728
236.539271,5,1,10,1,76,49.0,158.285
236.634967,1,1,10,2,153,55.0,408.071
236.6349715,3,9,17,4,90,60.0,1223.0
236.634972,2,14,15,5,98,60.0,1852.0
236.6349995,6,1,13,3,182,53.0,368.258
236.635066,5,1,2,0,24,46.0,35.91
236.730817,1,5,15,3,150,57.0,606.302
236.730819,2,19,20,7,123,62.0,3157.0
236.7308215,3,12,18,6,153,61.0,2017.0
236.7308495,6,1,21,3,179,55.0,553.266
236.730863,5,1,10,1,80,49.0,175.24
239.153816,1,1,11,2,142,54.0,382.717
239.1538205,3,9,17,4,144,59.0,1302.0
239.153821,2,14,16,5,98,60.0,1790.0
239.1538485,6,14,15,2,173,53.0,345.809
239.153938,5,1,1,0,1,45.0,0.0
239.249878,1,5,14,3,150,57.0,614.396
239.24988,2,22,19,7,123,62.0,3100.0
239.2498825,3,2,18,6,153,61.0,2023.0
239.2499105,6,1,21,3,170,54.0,520.044
239.249924,5,1,10,1,80,49.0,183.206
239.346753,1,1,10,2,153,55.0,408.284
239.3467575,3,9,16,4,94,60.0,1265.0
239.346761,2,11,14,4,95,59.0,1713.0
239.3467855,6,1,14,3,182,53.0,364.986
239.346875,5,1,1,0,1,45.0,0.0
239.442491,1,1,14,3,156,57.0,634.746
239.4424955,3,9,19,5,141,61.0,1975.0
239.442496,2,14,18,7,118,61.0,2964.0
239.4425235,6,1,20,3,182,54.0,563.946
239.442541,5,1,9,1,79,49.0,168.887
239.538317,1,1,11,2,150,55.0,401.66
239.5383215,3,9,17,4,144,59.0,1293.0
239.538322,2,25,16,5,95,61.0,1880.0
239.5383495,6,1,14,2,173,53.0,344.411
239.538416,5,1,4,0,1,47.0,0.0
239.63413,1,9,15,3,173,57.0,648.743
239.634133,2,19,19,8,170,61.0,3272.0
239.6341345,3,13,19,5,98,61.0,1934.0
239.6341625,6,2,19,3,182,54.0,560.732
239.63418,5,1,9,1,76,49.0,166.737
239.729994,1,3,10,1,43,55.0,260.539
239.7299965,3,12,16,4,144,59.0,1315.0
239.729997,2,19,15,6,120,60.0,1987.0
239.7300245,6,1,12,1,44,53.0,198.327
239.82603,1,3,14,3,148,57.0,564.868
239.8260325,3,12,18,6,153,61.0,2030.0
239.826033,2,16,18,7,120,62.0,3048.0
239.8260605,6,1,21,3,178,54.0,549.862
239.826074,5,1,10,1,80,49.0,182.9
242.194297,1,1,11,2,142,55.0,382.212
242.1943015,3,9,17,4,94,59.0,1265.0
242.194302,2,14,15,5,120,60.0,1989.0
242.1943295,6,14,14,1,65,53.0,228.58
242.194399,5,1,2,0,1,46.0,0.0
242.291137,1,6,14,3,153,57.0,581.212
242.291137,2,28,18,7,120,62.0,3053.0
242.2911395,3,12,18,6,153,61.0,2025.0
242.2911665,6,2,19,4,185,54.0,574.191
242.291169,5,1,12,1,85,50.0,188.837
242.386883,1,5,11,2,150,55.0,401.105
242.3868875,3,9,16,4,144,59.0,1330.0
242.386888,2,19,16,5,120,61.0,2017.0
242.3869155,6,1,13,2,161,53.0,321.292
242.482622,1,5,15,3,150,57.0,605.985
242.4826265,3,16,18,6,153,61.0,2021.0
242.482627,2,25,17,7,120,62.0,3031.0
242.4826545,6,1,20,3,170,55.0,517.529
242.482668,5,1,10,1,80,49.0,185.917
242.578421,1,1,11,2,142,55.0,381.523
242.5784255,3,9,17,4,90,60.0,1269.0
242.578426,2,14,16,5,124,60.0,2023.0
242.5784535,6,1,14,3,179,53.0,362.587
242.57852,5,1,3,0,27,47.0,47.484
242.674252,1,3,14,3,153,57.0,583.514
242.674252,2,19,17,7,123,62.0,3174.0
242.6742545,3,12,18,6,153,61.0,2015.0
242.6742815,6,2,19,4,185,54.0,572.308
242.674296,5,1,10,1,56,49.0,123.438
242.770095,1,1,12,2,150,54.0,400.205
242.7700995,3,9,17,4,144,59.0,1314.0
242.7701,2,19,13,5,101,61.0,1998.0
242.7701275,6,1,13,1,65,53.0,227.623
242.770182,5,1,5,0,1,46.0,0.0
242.866161,1,6,14,3,153,57.0,572.825
242.866161,2,19,18,7,123,62.0,3135.0
242.8661655,3,10,18,6,151,61.0,1963.0
242.8661905,6,2,20,4,182,54.0,566.07
242.866205,5,1,10,1,79,49.0,183.014
245.240117,1,1,11,1,45,54.0,288.706
245.2401215,3,16,16,4,150,59.0,1312.0
245.240122,2,25,14,5,103,60.0,1960.0
245.2401495,6,1,13,2,161,53.0,317.829
245.240216,5,1,3,0,1,47.0,0.0
245.336957,1,5,14,3,147,57.0,597.911
245.336959,2,22,19,10,258,62.0,3349.0
245.3369615,3,9,19,6,153,61.0,2041.0
245.3369895,6,1,20,4,184,54.0,558.3
245.337003,5,1,10,0,48,50.0,100.609
245.432799,1,1,11,2,150,55.0,402.758
245.4328035,3,9,17,4,90,59.0,1252.0
245.432804,2,1,15,5,98,60.0,1841.0
245.4328315,6,1,13,1,65,53.0,221.564
245.432898,5,1,3,0,24,47.0,39.36
245.528672,1,9,14,3,153,57.0,619.891
245.528675,2,1,18,7,120,61.0,3065.0
245.5286765,3,13,20,5,101,61.0,1956.0
245.5287045,6,2,20,4,182,54.0,562.791
245.528719,5,1,9,1,79,50.0,191.648
245.624694,1,1,11,1,45,55.0,284.965
245.6246985,3,9,17,4,144,59.0,1328.0
245.624699,2,25,14,5,98,60.0,1903.0
245.6247265,6,1,13,3,178,53.0,355.037
245.624781,5,1,5,0,1,47.0,0.0
245.720436,1,8,14,3,155,57.0,631.421
245.720438,2,19,17,7,123,63.0,3102.0
245.7204405,3,2,20,6,156,61.0,2041.0
245.7204675,6,2,20,3,182,54.0,565.491
245.720473,5,1,11,1,65,49.0,148.424
245.81619,1,5,10,1,45,55.0,286.485
245.8161945,3,9,17,5,150,59.0,1325.0
245.816195,2,25,15,5,92,60.0,1845.0
245.8162225,6,1,13,3,181,52.0,361.803
245.816236,5,1,6,0,42,48.0,52.092
245.913069,1,5,14,3,150,57.0,602.432
245.9130735,3,16,18,6,153,61.0,2031.0
245.913074,2,25,17,7,120,62.0,3150.0
245.9131015,6,1,19,4,184,54.0,560.552
245.913118,5,1,11,1,77,49.0,176.031
248.387176,2,16,15,5,103,60.0,2038.0
248.387176,1,6,11,2,139,55.0,345.473
248.3871775,3,13,17,4,94,60.0,1262.0
248.3872055,6,1,14,1,65,52.0,217.197
248.387254,5,1,5,0,42,47.0,76.782
248.484058,1,5,13,3,144,57.0,588.514
248.4840625,3,16,18,6,153,61.0,2045.0
248.484063,2,19,18,7,120,62.0,3089.0
248.4840905,6,1,18,4,184,54.0,547.233
248.484095,5,1,12,1,65,49.0,149.605
248.579785,1,6,11,2,139,55.0,343.805
248.579788,2,16,15,5,100,60.0,1970.0
248.5797895,3,10,16,4,141,60.0,1270.0
248.5798145,6,1,14,1,65,52.0,214.648
248.579832,5,1,6,1,76,47.0,115.577
248.67564,1,6,13,3,150,57.0,562.179
248.67564,2,28,17,7,120,62.0,3157.0
248.6756445,3,10,19,5,144,62.0,1950.0
248.6756695,6,2,19,3,176,54.0,526.429
248.675684,5,1,10,1,79,49.0,190.365
248.771465,1,1,11,2,150,55.0,399.473
248.7714695,3,9,16,4,144,60.0,1323.0
248.771473,2,11,13,4,95,60.0,1817.0
248.7714975,6,1,14,1,65,53.0,213.672
248.771546,5,1,4,0,45,48.0,83.749
248.867276,1,5,13,3,144,56.0,586.745
248.8672805,3,16,20,7,262,61.0,2109.0
248.867281,2,25,16,7,120,62.0,3125.0
248.8673085,6,1,19,3,181,54.0,550.091
248.867322,5,1,10,1,80,49.0,191.143
248.963341,1,2,9,2,141,55.0,378.052
248.9633455,3,12,16,4,93,59.0,1257.0
248.963346,2,25,14,5,95,61.0,1867.0
248.9633735,6,1,13,3,181,52.0,354.083
248.963387,5,1,7,0,42,47.0,53.865
249.059059,1,1,15,3,150,57.0,606.157
249.0590635,3,9,21,7,262,61.0,2118.0
249.059064,2,14,18,6,106,62.0,2852.0
249.0590915,6,1,19,3,184,54.0,548.615
249.059108,5,1,11,1,80,50.0,193.471
251.552743,1,6,10,2,139,56.0,348.954
251.552746,2,16,14,5,97,60.0,1937.0
251.5527475,3,10,16,4,91,60.0,1232.0
251.5527725,6,1,12,2,161,52.0,307.364
251.552845,5,1,2,0,18,46.0,24.514
251.648809,1,1,14,3,172,57.0,640.569
251.6488135,3,9,19,7,262,61.0,2101.0
251.648814,2,14,16,7,120,62.0,3021.0
251.6488415,6,1,18,4,184,54.0,538.003
251.648858,5,1,10,1,77,50.0,189.862
251.74465,1,1,10,2,136,55.0,335.156
251.7446515,3,9,17,4,144,60.0,1319.0
251.744652,2,14,12,5,98,60.0,1904.0
251.7446795,6,1,14,3,181,52.0,353.758
251.744775,5,1,1,0,1,45.0,0.0
251.840687,1,6,14,3,147,57.0,553.432
251.840687,2,19,17,6,103,62.0,3051.0
251.8406885,3,13,20,6,147,61.0,2008.0
251.8407165,6,14,18,3,181,54.0,538.352
251.840731,5,1,10,1,82,50.0,208.521
251.936436,1,1,9,1,45,55.0,287.103
251.9364405,3,9,17,4,90,60.0,1268.0
251.936444,2,11,14,4,92,60.0,1848.0
251.9364685,6,1,13,3,181,52.0,346.397
252.032174,1,8,13,3,152,57.0,610.918
252.0321785,3,12,21,6,153,61.0,2052.0
252.032179,2,25,18,7,117,63.0,3073.0
252.0322055,6,2,19,3,176,53.0,513.037
252.032211,5,1,10,1,88,50.0,221.379
252.128121,1,1,10,1,77,55.0,313.54
252.1281255,3,9,16,5,153,59.0,1324.0
252.128126,2,14,13,5,98,60.0,1917.0
252.1281535,6,1,14,3,178,52.0,342.987
252.128167,5,1,7,0,48,47.0,71.815
252.223866,1,9,13,3,150,57.0,604.25
252.223869,2,16,16,6,103,62.0,2994.0
252.2238705,3,13,20,6,153,61.0,2050.0
252.2238985,6,1,19,3,184,54.0,546.496
252.223916,5,1,10,1,79,50.0,189.801
255.552732,1,5,9,2,141,55.0,382.674
255.5527365,3,16,16,4,93,59.0,1258.0
255.552737,2,25,13,5,95,61.0,1859.0
255.5527635,6,2,11,1,65,51.0,205.744
255.552778,5,1,7,0,45,47.0,72.795
255.648456,1,6,12,3,147,57.0,549.974
255.648456,2,5,16,6,103,62.0,2995.0
255.6484575,3,13,20,7,262,61.0,2107.0
255.6484855,6,1,18,3,184,54.0,528.525
255.6485,5,1,11,1,82,50.0,211.256
255.745329,1,6,10,2,136,56.0,339.548
255.7453305,3,13,17,4,150,60.0,1337.0
255.745334,2,1,14,4,95,60.0,1853.0
255.7453585,6,1,13,3,181,52.0,340.436
255.745419,5,1,4,0,33,46.0,53.482
255.841063,1,8,13,3,149,57.0,594.213
255.8410675,3,12,18,5,146,61.0,2018.0
255.841068,2,25,15,6,103,62.0,2995.0
255.8410945,6,2,18,3,181,53.0,528.372
255.841097,5,1,13,2,94,49.0,242.354
255.936976,1,6,10,2,136,56.0,340.851
255.936979,2,2,13,5,100,61.0,1960.0
255.9369805,3,10,16,4,147,59.0,1282.0
255.9370055,6,1,13,3,181,52.0,347.803
255.937061,5,1,5,0,38,47.0,72.633
256.032729,1,5,14,3,152,56.0,604.778
256.0327335,3,16,20,6,153,61.0,2035.0
256.032734,2,25,15,6,103,62.0,2903.0
256.0327605,6,2,18,3,170,53.0,489.527
256.032763,5,1,12,1,91,49.0,228.401
256.128871,2,19,14,5,103,60.0,1959.0
256.128871,1,6,9,2,136,56.0,342.967
256.1288755,3,10,15,4,91,60.0,1232.0
256.1289005,6,1,12,3,181,52.0,342.331
256.225434,1,6,12,2,136,57.0,514.095
256.225434,2,16,16,6,103,62.0,3030.0
256.2254355,3,13,21,6,153,61.0,2053.0
256.2254635,6,1,19,3,181,54.0,520.432
256.225481,5,1,10,1,76,51.0,190.256
259.59421,2,5,14,5,100,60.0,1974.0
259.59421,1,6,9,2,136,55.0,343.455
259.5942145,3,10,16,3,91,60.0,1216.0
259.5942395,6,1,11,3,178,52.0,331.662
259.594257,5,1,8,1,73,48.0,121.429
259.691093,1,6,12,2,136,57.0,525.293
259.691093,2,28,15,6,103,61.0,2899.0
259.6910955,3,12,20,6,152,61.0,2030.0
259.6911225,6,2,19,3,181,53.0,512.553
259.691137,5,1,10,1,82,51.0,221.233
259.786815,1,1,8,2,141,55.0,386.962
259.7868195,3,9,16,4,93,59.0,1259.0
259.786823,2,11,12,5,95,61.0,1804.0
259.7868475,6,1,11,1,64,51.0,189.656
259.786867,5,1,7,0,39,48.0,56.816
259.882557,1,9,12,3,141,57.0,582.896
259.88256,2,16,16,6,103,62.0,2975.0
259.8825615,3,13,21,6,153,61.0,2022.0
259.8825895,6,1,20,3,175,53.0,492.57
259.882607,5,1,11,0,44,50.0,107.44
259.978429,1,1,9,2,141,55.0,380.648
259.9784335,3,9,16,4,90,59.0,1244.0
259.978434,2,14,13,5,98,60.0,1933.0
259.9784615,6,1,11,1,64,51.0,189.318
259.978516,5,1,5,0,7,48.0,18.689
260.074229,1,6,12,2,136,57.0,523.082
260.074229,2,5,16,6,103,62.0,3005.0
260.0742315,3,12,20,6,152,61.0,2037.0
260.0742545,6,1,19,4,185,53.0,537.765
260.074264,5,1,12,1,91,51.0,237.736
260.170373,1,1,8,2,141,55.0,385.277
260.1703775,3,9,16,4,112,59.0,1280.0
260.170378,2,28,14,5,98,60.0,1870.0
260.1704055,6,1,11,1,64,51.0,192.201
260.170419,5,1,7,0,45,48.0,75.023
260.2669,1,6,11,2,138,57.0,527.49
260.2669,2,16,15,6,103,62.0,3029.0
260.2669015,3,13,21,6,153,61.0,2046.0
260.2669255,6,1,19,3,179,53.0,511.598
260.266947,5,1,10,1,53,50.0,134.392
262.800744,2,5,14,5,103,60.0,2058.0
262.800744,1,6,9,2,136,55.0,351.058
262.8007485,3,10,15,3,91,60.0,1190.0
262.8007735,6,1,13,1,68,51.0,201.505
262.800791,5,1,8,0,50,48.0,84.871
262.896779,1,1,10,3,141,57.0,592.938
262.8967835,3,9,21,7,261,61.0,2073.0
262.896784,2,25,15,6,103,62.0,2949.0
262.8968105,6,2,17,3,181,53.0,519.228
262.896825,5,1,11,1,82,51.0,226.568
262.993656,2,5,14,5,103,60.0,1964.0
262.993656,1,6,10,1,40,56.0,238.464
262.9936605,3,10,15,4,150,60.0,1276.0
262.9936855,6,1,12,1,68,51.0,198.013
262.993746,5,1,4,0,1,47.0,0.0
263.089392,1,1,12,3,141,57.0,585.538
263.089395,2,16,15,6,103,62.0,3064.0
263.0893965,3,13,21,7,261,61.0,2080.0
263.0894205,6,1,19,3,173,53.0,497.544
263.089441,5,1,11,0,45,50.0,111.985
263.185249,1,1,8,1,80,56.0,300.373
263.1852505,3,6,17,4,90,60.0,1255.0
263.185251,2,14,13,5,120,60.0,1968.0
263.1852785,6,1,11,1,79,51.0,212.825
263.185336,5,1,4,0,4,48.0,8.062
263.281117,1,1,11,3,141,57.0,592.698
263.2811215,3,9,21,7,261,61.0,2092.0
263.281122,2,19,16,6,103,62.0,2902.0
263.281148,5,1,12,2,97,49.0,254.776
263.2811485,6,2,18,3,184,52.0,512.259
263.377193,1,6,9,1,40,55.0,233.916
263.377193,2,1,14,5,100,61.0,2064.0
263.3771945,3,13,16,4,153,59.0,1325.0
263.3772225,6,1,12,1,68,51.0,199.045
263.377277,5,1,5,0,7,48.0,19.355
263.472928,1,9,12,3,141,57.0,591.835
263.4729325,3,13,19,7,261,61.0,2081.0
263.472933,2,14,15,6,101,61.0,2876.0
263.4729605,6,1,19,3,169,53.0,464.573
263.472977,5,1,10,0,45,51.0,111.732
265.974534,1,6,9,2,136,55.0,354.791
265.9745365,3,12,15,4,152,59.0,1333.0
265.974537,2,19,13,5,100,60.0,1947.0
265.9745635,6,1,14,1,68,50.0,193.306
265.974581,5,1,7,0,1,48.0,0.0
266.070591,1,9,12,3,141,57.0,594.025
266.070594,2,16,14,6,103,62.0,3076.0
266.0705955,3,13,21,7,261,61.0,2082.0
266.0706195,6,1,19,3,173,53.0,497.017
266.07064,5,1,10,0,45,50.0,111.271
266.166697,1,1,9,2,138,55.0,381.756
266.1667015,3,9,16,5,156,59.0,1324.0
266.166702,2,25,13,5,98,60.0,1954.0
266.1667295,6,1,11,3,180,51.0,321.482
266.166731,5,1,8,0,57,48.0,93.047
266.262441,1,6,12,2,136,57.0,538.059
266.262441,2,19,16,8,189,62.0,3171.0
266.2624435,3,12,21,6,152,61.0,2009.0
266.2624665,6,1,19,2,83,53.0,356.671
266.262476,5,1,12,1,88,50.0,229.39
266.338625,1,2,2,0,3,52.0,17.463
266.358185,1,6,10,1,40,56.0,241.354
266.358185,2,19,14,5,103,60.0,1915.0
266.3581895,3,10,16,3,87,60.0,1197.0
266.3582145,6,1,11,1,68,51.0,196.627
266.358275,5,1,4,0,1,47.0,0.0
266.453958,1,6,11,2,136,58.0,536.141
266.4539595,3,13,22,6,153,61.0,2004.0
266.453961,2,16,14,6,100,61.0,2899.0
266.4539835,6,1,19,3,167,53.0,482.09
266.454002,5,1,11,1,79,52.0,209.539
266.549833,1,1,9,2,138,55.0,384.977
266.5498375,3,9,15,4,115,59.0,1266.0
266.549838,2,19,12,5,95,60.0,1854.0
266.5498645,6,2,12,1,68,51.0,198.014
266.549879,5,1,6,1,79,48.0,141.726
266.645647,1,9,11,3,141,58.0,595.692
266.64565,2,16,14,6,103,62.0,3079.0
266.6456515,3,13,20,7,264,61.0,2112.0
266.6456755,6,1,18,3,184,53.0,524.051
266.645696,5,1,11,1,76,50.0,189.766
269.114678,1,6,10,1,43,55.0,261.369
269.1146805,3,12,16,3,90,59.0,1229.0
269.114681,2,16,13,5,97,60.0,1969.0
269.1147075,6,1,12,1,68,51.0,190.124
269.114728,5,1,6,0,53,48.0,89.975
269.210793,2,19,15,6,103,61.0,2927.0
269.210793,1,6,12,3,138,57.0,553.534
269.2107945,3,13,19,7,261,61.0,2079.0
269.2108185,6,1,19,3,184,53.0,521.278
269.21084,5,1,10,0,44,51.0,113.905
269.30765,1,6,9,2,138,56.0,360.774
269.30765,2,16,14,5,97,60.0,1906.0
269.3076515,3,13,17,4,90,60.0,1233.0
269.3076795,6,1,9,1,68,51.0,190.232
269.307734,5,1,5,0,7,47.0,19.334
269.404213,2,19,16,6,103,61.0,2909.0
269.404213,1,6,11,3,138,58.0,554.165
269.4042145,3,13,20,7,261,61.0,2081.0
269.4042385,6,1,18,3,184,53.0,520.738
269.404262,5,1,10,0,42,51.0,103.241
269.500277,1,1,9,1,83,56.0,319.173
269.5002785,3,13,17,4,149,60.0,1314.0
269.500279,2,14,12,5,98,61.0,1886.0
269.5003065,6,1,9,1,64,51.0,178.03
269.500326,5,1,7,0,39,48.0,61.127
269.595993,1,1,12,3,138,57.0,598.47
269.5959975,3,9,20,6,152,61.0,2011.0
269.595998,2,25,13,6,100,62.0,2827.0
269.5960245,6,2,19,3,152,52.0,415.399
269.596027,5,1,12,2,94,50.0,252.682
269.691743,1,5,8,2,138,55.0,389.785
269.6917475,3,9,17,4,152,60.0,1326.0
269.691748,2,25,13,5,100,60.0,1765.0
269.6917745,6,2,12,1,68,50.0,190.072
269.691789,5,1,7,1,79,49.0,142.629
269.787592,1,1,10,3,141,57.0,605.236
269.7875965,3,9,18,6,152,61.0,2001.0
269.787597,2,25,15,6,98,62.0,2724.0
269.7876235,6,2,19,3,181,52.0,492.078
269.787626,5,1,12,2,94,51.0,248.956
272.286642,1,1,9,2,138,55.0,395.154
272.2866465,3,9,16,4,124,59.0,1282.0
272.286647,2,19,14,5,95,60.0,1767.0
272.2866735,6,2,12,1,68,51.0,188.811
272.286676,5,1,8,1,94,48.0,166.126
272.382687,1,6,13,3,138,57.0,566.609
272.382687,2,5,16,6,103,62.0,2857.0
272.3826895,3,12,19,7,260,61.0,2083.0
272.3827125,6,1,17,3,173,53.0,492.793
272.382734,5,1,11,1,53,51.0,144.843
272.478433,1,5,9,2,135,55.0,388.454
272.4784375,3,9,17,4,127,59.0,1279.0
272.478438,2,25,13,5,97,60.0,1816.0
272.4784645,6,2,12,1,68,50.0,184.806
272.478479,5,1,7,1,59,49.0,112.924
272.574172,1,5,12,3,138,57.0,606.623
272.574174,2,31,16,6,106,62.0,2894.0
272.5741765,3,9,19,6,152,61.0,2000.0
272.5742035,6,2,17,2,139,52.0,379.563
272.574206,5,1,13,2,94,51.0,253.902
272.669973,1,6,9,1,43,55.0,267.306
272.669973,2,19,13,5,103,60.0,1877.0
272.6699755,3,12,16,3,89,59.0,1232.0
272.6700025,6,1,10,1,68,51.0,185.622
272.67002,5,1,8,0,44,49.0,81.552
272.765802,1,6,13,2,133,57.0,541.353
272.765802,2,22,16,6,103,61.0,2838.0
272.7658045,3,12,17,7,260,61.0,2076.0
272.7658275,6,1,18,3,173,53.0,484.147
272.765846,5,1,11,1,56,51.0,160.151
272.861645,1,1,9,2,138,55.0,399.046
272.8616495,3,9,17,4,152,59.0,1317.0
272.86165,2,1,15,5,97,60.0,1847.0
272.8616765,6,2,12,1,68,50.0,192.335
272.861691,5,1,7,1,76,49.0,130.21
272.957711,1,6,12,3,138,58.0,561.142
272.9577125,3,13,19,6,156,61.0,2007.0
272.957714,2,16,14,6,100,61.0,2788.0
272.9577365,6,1,18,3,184,53.0,517.856
272.957772,5,1,8,1,61,51.0,148.829
275.482526,1,6,9,1,83,56.0,333.804
275.482526,2,16,13,5,97,60.0,1857.0
275.4825275,3,13,16,4,124,60.0,1275.0
275.4825555,6,1,11,2,154,51.0,267.766
275.482575,5,1,7,1,76,49.0,123.411
275.57939,1,6,12,3,138,58.0,577.601
275.57939,2,19,15,6,103,61.0,2762.0
275.5793925,3,12,19,6,155,61.0,2051.0
275.5794155,6,1,17,3,184,53.0,512.653
275.579425,5,1,13,1,56,51.0,166.258
275.675155,1,3,10,1,50,55.0,282.661
275.6751575,3,9,16,4,155,59.0,1314.0
275.675158,2,16,12,5,97,60.0,1738.0
275.6751845,6,1,10,1,76,51.0,199.391
275.675199,5,1,9,0,7,49.0,21.25
275.770956,1,8,12,3,135,57.0,601.585
275.770958,2,22,15,6,103,62.0,2792.0
275.7709605,3,9,18,6,155,61.0,2001.0
275.7709835,6,1,17,3,167,53.0,469.959
275.77099,5,1,12,1,91,51.0,247.867
275.866857,1,5,9,1,45,55.0,297.778
275.8668615,3,9,16,3,89,59.0,1231.0
275.866862,2,19,13,5,103,60.0,1819.0
275.8668885,6,1,12,1,68,51.0,183.135
275.866903,5,1,7,1,59,49.0,114.51
275.962921,1,1,11,3,138,57.0,615.542
275.9629255,3,9,20,6,156,61.0,2005.0
275.962926,2,25,14,6,95,62.0,2699.0
275.9629525,6,2,18,3,152,53.0,416.723
275.962955,5,1,12,2,94,51.0,256.48
276.058671,1,6,10,1,80,56.0,324.653
276.0586725,3,13,16,4,127,60.0,1279.0
276.058674,2,21,12,4,94,60.0,1760.0
276.0587005,6,1,10,2,154,51.0,268.718
276.058714,5,1,8,1,76,48.0,138.389
276.154409,1,6,13,3,138,57.0,579.935
276.154409,2,22,15,6,106,61.0,2798.0
276.1544115,3,12,17,7,260,61.0,2092.0
276.1544345,6,1,17,3,184,53.0,509.869
276.154441,5,1,12,1,59,52.0,177.606
278.611334,1,1,10,1,45,55.0,302.832
278.6113385,3,9,17,4,127,59.0,1295.0
278.611339,2,28,12,5,97,60.0,1681.0
278.6113655,6,2,11,1,68,51.0,185.718
278.61138,5,1,8,0,42,49.0,75.174
278.707374,1,1,14,3,138,57.0,623.309
278.7073785,3,9,19,6,152,61.0,1998.0
278.707379,2,28,15,6,103,62.0,2583.0
278.707405,5,1,12,1,94,51.0,254.376
278.7074055,6,2,17,2,139,52.0,372.382
278.803124,1,6,10,1,83,55.0,342.205
278.803124,2,19,14,5,100,59.0,1765.0
278.8031285,3,10,15,4,153,60.0,1279.0
278.8031535,6,1,10,1,68,51.0,178.815
278.803208,5,1,5,0,7,49.0,21.533
278.898918,1,1,12,3,138,57.0,621.383
278.8989225,3,9,20,6,152,61.0,2010.0
278.898923,2,19,15,7,122,62.0,2791.0
278.8989465,6,1,17,3,158,53.0,446.202
278.898952,5,1,12,2,94,51.0,260.488
278.994784,1,2,10,1,52,55.0,314.901
278.9947885,3,9,16,4,127,59.0,1291.0
278.994789,2,19,12,5,100,60.0,1747.0
278.9948155,6,1,11,1,79,51.0,204.661
278.99483,5,1,7,0,4,49.0,11.654
279.090624,1,5,13,3,138,57.0,626.419
279.0906285,3,9,19,6,155,61.0,2016.0
279.090629,2,16,16,6,100,62.0,2656.0
279.0906515,6,1,16,3,170,52.0,479.827
279.090661,5,1,12,1,88,51.0,237.251
279.186661,1,6,10,1,80,56.0,331.583
279.186661,2,27,13,5,99,60.0,1832.0
279.1866625,3,13,17,4,127,60.0,1271.0
279.1866905,6,1,12,2,151,52.0,267.447
279.18671,5,1,7,1,76,48.0,121.188
279.2824,1,1,11,3,138,58.0,625.72
279.2824045,3,9,19,6,152,61.0,1985.0
279.282405,2,25,15,6,95,62.0,2618.0
279.2824315,6,2,17,3,152,53.0,410.443
279.282434,5,1,13,2,94,51.0,257.219
281.693446,1,1,10,2,135,56.0,379.987
281.6934475,3,9,15,4,127,60.0,1279.0
281.693448,2,19,14,5,103,61.0,1753.0
281.6934755,6,1,11,2,151,51.0,259.657
281.693477,5,1,9,1,94,49.0,174.814
281.789266,1,8,13,2,88,57.0,588.32
281.7892705,3,9,18,6,155,61.0,2011.0
281.789271,2,16,15,6,100,62.0,2556.0
281.7892935,6,1,16,3,184,53.0,505.255
281.789303,5,1,12,1,68,51.0,205.007
281.885143,1,6,11,2,86,55.0,358.185
281.8851455,3,12,15,4,155,59.0,1315.0
281.885146,2,1,12,5,97,59.0,1733.0
281.8851725,6,1,10,1,79,52.0,205.957
281.88519,5,1,8,0,44,49.0,84.698
281.98123,1,1,12,3,138,57.0,631.662
281.9812345,3,9,19,7,260,61.0,2087.0
281.981235,2,22,15,6,103,62.0,2698.0
281.9812615,6,2,16,3,152,52.0,407.943
281.981264,5,1,13,1,91,51.0,255.762
282.076985,1,3,11,1,50,55.0,291.702
282.0769875,3,9,17,3,89,59.0,1223.0
282.076988,2,19,14,4,86,59.0,1561.0
282.0770145,6,1,10,1,79,51.0,202.91
282.077029,5,1,8,1,59,48.0,119.275
282.17272,1,6,13,3,138,58.0,594.753
282.17272,2,16,15,6,103,61.0,2709.0
282.1727215,3,13,18,6,159,61.0,2031.0
282.1727455,6,1,17,3,164,53.0,462.039
282.172767,5,2,9,1,78,51.0,207.456
282.268496,1,1,10,1,52,55.0,315.679
282.2685005,3,9,16,4,155,59.0,1311.0
282.268501,2,19,12,5,97,60.0,1697.0
282.2685275,6,1,9,1,68,51.0,180.251
282.268542,5,1,8,1,59,49.0,119.352
282.364367,1,8,13,2,88,57.0,585.222
282.3643715,3,9,17,6,155,61.0,2001.0
282.364372,2,16,15,6,100,61.0,2585.0
282.3643945,6,1,17,3,184,53.0,497.356
282.364401,5,1,12,1,71,51.0,209.104
284.824389,1,6,11,2,86,55.0,361.913
284.8243915,3,2,16,4,155,59.0,1309.0
284.824392,2,16,11,4,97,59.0,1607.0
284.8244185,6,1,11,2,154,51.0,266.233
284.824433,5,1,9,0,47,49.0,96.948
284.920247,1,1,14,3,138,57.0,641.526
284.9202515,3,9,19,6,152,61.0,1998.0
284.920252,2,19,14,6,100,62.0,2418.0
284.920278,5,1,12,2,94,51.0,260.173
284.9202785,6,2,17,2,139,52.0,365.857
285.016295,1,1,11,1,74,55.0,355.813
285.0162995,3,9,16,4,127,59.0,1266.0
285.0163,2,19,12,4,80,60.0,1549.0
285.0163265,6,2,12,1,79,51.0,205.458
285.016329,5,1,8,1,71,49.0,140.73
285.112095,1,6,12,3,135,57.0,590.511
285.112095,2,16,15,6,105,62.0,2603.0
285.1120965,3,13,20,6,152,61.0,1990.0
285.1121205,6,1,17,3,158,53.0,442.507
285.112126,5,1,14,2,94,51.0,261.714
285.207786,1,1,9,2,135,56.0,391.013
285.2077875,3,9,17,4,127,59.0,1266.0
285.207788,2,25,12,4,95,61.0,1629.0
285.2078145,6,2,12,1,68,51.0,182.818
285.207829,5,1,7,1,79,49.0,142.209
285.30361,1,1,13,3,138,58.0,645.374
285.3036145,3,9,19,7,260,61.0,2080.0
285.303615,2,19,14,6,95,62.0,2515.0
285.303641,5,1,12,2,97,51.0,267.349
285.3036415,6,2,17,3,152,53.0,406.627
285.399477,1,1,9,2,135,56.0,388.308
285.3994785,3,9,16,4,127,59.0,1271.0
285.399482,2,22,12,4,94,60.0,1574.0
285.3995055,6,2,11,1,68,51.0,188.389
285.399508,5,1,8,1,57,49.0,110.743
285.496372,1,6,13,3,138,58.0,600.768
285.496372,2,16,15,6,103,61.0,2619.0
285.4963735,3,13,19,6,184,61.0,2037.0
285.4963975,6,1,16,3,161,53.0,457.205
285.496418,5,2,10,1,76,50.0,195.552
287.961159,1,6,10,2,135,56.0,395.23
287.9611605,3,13,17,4,127,60.0,1257.0
287.961164,2,22,12,4,92,60.0,1466.0
287.9611875,6,2,11,1,68,51.0,178.927
287.961205,5,1,7,0,42,49.0,79.1
288.057167,1,2,14,3,135,57.0,641.075
288.0571715,3,9,20,6,155,61.0,1984.0
288.057172,2,16,15,5,97,62.0,2418.0
288.0571945,6,1,17,3,170,53.0,473.524
288.057198,5,1,13,1,77,51.0,236.355
288.153301,1,3,11,2,86,55.0,376.516
288.1533035,3,9,15,4,123,59.0,1244.0
288.153304,2,16,12,4,97,59.0,1635.0
288.1533305,6,1,10,2,154,52.0,270.969
288.153345,5,1,8,0,47,49.0,95.674
288.249079,1,1,13,3,138,57.0,654.652
288.2490835,3,9,19,6,155,61.0,2016.0
288.249084,2,16,15,6,97,62.0,2630.0
288.2491065,6,1,16,3,167,53.0,465.997
288.249113,5,1,12,1,91,51.0,251.931
288.344808,1,3,11,2,83,55.0,372.404
288.3448105,3,2,17,4,123,59.0,1246.0
288.344811,2,16,13,5,100,59.0,1649.0
288.3448375,6,1,11,2,154,52.0,270.584
288.34484,5,1,9,1,59,49.0,120.868
288.440556,1,6,13,3,138,58.0,617.851
288.440556,2,5,14,5,97,61.0,2405.0
288.4405575,3,13,19,7,260,61.0,2085.0
288.4405815,6,1,17,3,158,53.0,446.611
288.440602,5,1,10,1,79,51.0,208.197
288.537217,1,1,11,2,85,55.0,401.481
288.5372215,3,9,16,4,155,59.0,1302.0
288.537222,2,1,13,4,97,59.0,1547.0
288.5372485,6,1,11,1,79,51.0,205.895
288.537251,5,1,8,0,19,48.0,44.244
288.633249,1,1,13,3,138,57.0,660.88
288.6332535,3,9,19,6,152,61.0,1996.0
288.633254,2,19,15,5,95,62.0,2348.0
288.63328,5,1,11,2,94,51.0,265.424
288.6332805,6,2,16,3,169,52.0,451.311
291.875037,1,6,12,2,83,56.0,376.919
291.8750395,3,12,15,4,126,59.0,1259.0
291.87504,2,1,12,4,94,59.0,1569.0
291.8750665,6,1,11,2,151,52.0,260.011
291.875098,5,1,5,0,30,48.0,47.127
291.970874,1,1,14,3,138,57.0,674.919
291.9708785,3,9,20,6,155,61.0,1988.0
291.970879,2,16,12,6,97,61.0,2355.0
291.9709015,6,1,16,3,167,53.0,473.225
291.970905,5,1,12,1,77,51.0,238.968
292.067719,1,6,12,2,83,55.0,375.724
292.0677215,3,12,16,4,126,59.0,1256.0
292.067722,2,1,12,4,97,60.0,1515.0
292.0677485,6,1,11,2,151,52.0,256.323
292.06778,5,1,6,0,30,48.0,48.527
292.163842,1,6,13,3,138,58.0,627.722
292.163842,2,16,15,5,97,61.0,2348.0
292.1638435,3,13,20,6,152,61.0,1975.0
292.1638675,6,1,16,3,155,53.0,432.885
292.163885,5,1,10,1,82,52.0,227.841
292.25956,1,6,11,2,80,56.0,366.545
292.259563,2,2,11,4,94,60.0,1532.0
292.2595645,3,10,15,4,124,59.0,1194.0
292.2595855,6,1,11,1,71,51.0,199.767
292.259621,5,1,4,1,64,48.0,96.541
292.355299,1,5,14,2,88,57.0,631.45
292.3553035,3,9,20,6,155,61.0,1989.0
292.355304,2,16,13,5,100,61.0,2346.0
292.3553265,6,1,16,3,161,53.0,455.292
292.35533,5,1,13,2,93,51.0,261.644
292.451104,2,21,12,4,80,60.0,1538.0
292.451104,1,6,10,2,135,56.0,409.744
292.4511055,3,13,17,4,130,60.0,1259.0
292.4511325,6,2,11,1,79,51.0,208.338
292.451147,5,1,7,0,45,49.0,94.511
292.546938,1,1,15,2,88,57.0,631.429
292.5469425,3,9,20,6,183,61.0,2042.0
292.546943,2,16,16,5,94,61.0,2301.0
292.5469655,6,1,15,3,161,53.0,452.452
292.546969,5,1,13,1,77,51.0,241.918
296.358205,1,6,11,2,135,56.0,423.429
296.3582065,3,13,16,4,130,59.0,1250.0
296.35821,2,22,11,3,75,60.0,1208.0
296.3582335,6,2,11,1,76,51.0,201.23
296.358236,5,1,8,1,57,49.0,122.139
296.4556,1,5,14,2,88,57.0,656.817
296.4556045,3,9,19,5,151,61.0,1964.0
296.455605,2,16,14,5,100,60.0,2183.0
296.4556275,6,1,16,3,161,54.0,457.093
296.455634,5,1,12,2,90,51.0,250.535
296.551696,1,1,11,1,55,56.0,352.906
296.5517005,3,9,15,4,133,59.0,1263.0
296.551701,2,19,12,4,83,60.0,1388.0
296.5517275,6,1,10,1,79,51.0,204.138
296.55173,5,1,9,1,59,49.0,125.679
296.647412,1,5,15,2,88,57.0,659.221
296.6474165,3,9,19,5,155,61.0,1966.0
296.647417,2,16,15,5,100,61.0,2084.0
296.6474395,6,1,16,3,161,54.0,457.602
296.647443,5,1,13,2,93,51.0,273.415
296.743197,1,6,10,2,80,56.0,378.273
296.7431985,3,13,15,4,130,60.0,1257.0
296.743199,2,19,12,4,81,59.0,1298.0
296.7432255,6,2,10,1,79,51.0,208.307
296.743228,5,1,8,1,57,49.0,118.661
296.839042,1,6,14,3,135,58.0,647.281
296.839042,2,5,15,5,94,61.0,2213.0
296.8390435,3,13,22,6,152,61.0,1979.0
296.8390705,6,2,15,2,82,53.0,334.414
296.839085,5,1,11,1,79,51.0,222.768
296.934885,1,1,12,2,88,55.0,430.408
296.9348895,3,9,15,4,133,59.0,1280.0
296.93489,2,19,12,2,35,59.0,1075.0
296.9349165,6,1,10,2,154,51.0,267.255
296.934919,5,1,9,1,59,49.0,130.319
297.030971,1,1,15,2,88,57.0,657.498
297.0309755,3,9,20,6,155,61.0,1983.0
297.030976,2,16,12,5,97,61.0,2120.0
297.0309985,6,1,16,3,161,53.0,451.195
297.031005,5,1,12,1,90,51.0,246.069
300.041884,1,3,12,2,83,55.0,406.894
300.0418865,3,9,15,4,126,59.0,1246.0
300.041887,2,16,10,3,80,59.0,1243.0
300.0419135,6,1,10,1,67,52.0,177.22
300.041945,5,1,5,0,30,48.0,48.116
300.137727,1,6,14,3,135,58.0,668.587
300.137727,2,24,15,5,97,61.0,2068.0
300.1377285,3,13,19,6,152,61.0,1973.0
300.1377555,6,2,14,2,79,53.0,336.21
300.13777,5,1,10,1,82,51.0,235.296
300.233849,1,1,11,2,82,56.0,401.212
300.2338505,3,9,16,4,133,59.0,1253.0
300.233851,2,19,10,2,32,60.0,1133.0
300.2338775,6,2,10,1,79,51.0,210.907
300.23388,5,1,8,1,57,49.0,124.21
300.329591,1,5,15,3,88,57.0,678.99
300.3295955,3,9,20,5,151,61.0,1971.0
300.329596,2,16,13,4,80,60.0,1829.0
300.3296185,6,1,16,3,158,53.0,447.292
300.329625,5,1,12,2,90,52.0,261.839
300.42541,1,1,12,2,88,56.0,440.367
300.4254145,3,9,15,4,133,59.0,1254.0
300.425415,2,1,10,3,80,59.0,1240.0
300.4254415,6,1,10,2,154,51.0,271.571
300.425444,5,1,9,0,19,49.0,53.225
300.521103,1,8,15,3,140,57.0,724.274
300.5211075,3,9,18,5,151,61.0,1976.0
300.521108,2,1,14,4,80,60.0,1842.0
300.5211305,6,1,15,3,158,54.0,448.144
300.521137,5,1,11,2,90,52.0,259.529
300.616967,1,3,11,2,83,55.0,410.878
300.6169695,3,9,13,4,133,59.0,1261.0
300.61697,2,1,11,4,94,59.0,1337.0
300.6169965,6,1,10,1,68,52.0,181.051
300.617028,5,1,4,0,27,48.0,41.8
300.713586,1,1,15,3,159,57.0,742.784
300.7135905,3,9,20,5,151,61.0,1950.0
300.713591,2,16,13,6,121,60.0,2046.0
300.7136135,6,1,16,3,161,53.0,458.971
300.713617,5,1,12,1,77,51.0,247.082
303.124916,1,1,11,2,82,56.0,413.905
303.1249175,3,13,16,4,133,60.0,1261.0
303.124918,2,19,11,3,78,59.0,1253.0
303.1249445,6,2,9,2,151,51.0,267.922
303.124947,5,1,8,1,71,49.0,152.171
303.221749,1,5,15,3,140,57.0,732.042
303.2217535,3,9,20,5,151,61.0,1951.0
303.221754,2,1,13,4,80,61.0,1832.0
303.2217765,6,1,16,2,82,53.0,351.323
303.221786,5,11,13,2,90,52.0,257.245
303.317613,1,6,11,2,77,56.0,388.949
303.317613,2,21,11,3,80,59.0,1209.0
303.3176145,3,13,15,4,133,60.0,1266.0
303.3176415,6,2,10,2,148,51.0,254.859
303.317644,5,1,8,0,31,49.0,88.186
303.413646,1,5,16,3,137,57.0,722.026
303.4136505,3,9,19,5,151,61.0,1938.0
303.413651,2,1,12,5,94,60.0,1899.0
303.4136735,6,1,15,3,158,53.0,450.319
303.41368,5,1,11,2,93,52.0,271.082
303.509397,1,6,11,2,85,56.0,420.562
303.5093985,3,13,16,4,133,60.0,1249.0
303.5094,2,18,9,3,77,59.0,1186.0
303.5094255,6,2,10,2,154,51.0,280.449
303.509428,5,1,8,0,31,50.0,90.125
303.605156,1,1,16,3,88,58.0,693.251
303.6051605,3,9,19,6,155,61.0,1970.0
303.605161,2,19,13,5,97,61.0,1844.0
303.6051835,6,7,15,3,161,53.0,460.469
303.605187,5,1,11,2,93,52.0,275.984
303.700995,1,1,11,2,82,56.0,416.025
303.7009965,3,9,16,4,133,60.0,1252.0
303.700997,2,1,11,3,75,59.0,1142.0
303.7010235,6,1,10,2,154,51.0,272.707
303.701026,5,1,7,0,31,49.0,86.97
303.796831,1,5,15,3,140,57.0,734.754
303.7968355,3,9,20,5,151,61.0,1954.0
303.796836,2,21,11,4,80,60.0,1836.0
303.7968585,6,1,15,3,155,54.0,446.541
303.796868,5,1,11,1,87,52.0,251.523
306.209757,1,6,12,2,80,56.0,418.485
306.209757,2,5,10,3,80,59.0,1159.0
306.2097615,3,10,14,4,152,59.0,1237.0
306.2097865,6,1,10,1,78,52.0,210.297
306.2098,5,1,5,0,45,49.0,102.963
306.305819,1,5,16,3,137,57.0,750.628
306.3058235,3,9,19,6,199,61.0,2003.0
306.305824,2,1,12,4,77,60.0,1602.0
306.3058465,6,1,14,2,82,54.0,360.03
306.305853,5,1,11,2,90,52.0,266.442
306.401643,1,6,12,2,80,56.0,421.776
306.401643,2,24,10,3,80,59.0,1145.0
306.4016475,3,3,14,4,130,59.0,1198.0
306.4016715,6,2,9,1,79,52.0,220.405
306.401686,5,1,7,0,45,49.0,108.88
306.49771,1,6,17,3,159,58.0,746.601
306.4977115,3,13,20,6,155,61.0,1959.0
306.497712,2,19,11,4,78,61.0,1669.0
306.4977345,6,1,14,3,161,53.0,463.765
306.497741,5,1,10,1,74,51.0,254.695
306.593455,1,6,12,2,80,56.0,417.685
306.5934565,3,13,14,4,133,60.0,1246.0
306.593458,2,2,10,3,77,59.0,1176.0
306.5934835,6,2,9,1,79,52.0,217.685
306.593498,5,1,7,0,45,49.0,103.939
306.689199,1,5,15,3,140,57.0,754.917
306.6892035,3,9,19,5,136,61.0,1925.0
306.689204,2,1,12,4,80,60.0,1665.0
306.6892265,6,1,15,2,82,54.0,361.952
306.689236,5,1,11,1,87,52.0,253.793
306.785047,1,1,13,2,82,55.0,454.002
306.7850515,3,9,14,4,129,59.0,1237.0
306.785052,2,1,10,3,74,59.0,1081.0
306.7850745,6,1,11,1,79,52.0,227.703
306.785096,5,1,6,0,44,49.0,97.298
306.880862,2,27,13,5,123,60.0,1897.0
306.880862,1,6,17,3,156,58.0,742.064
306.8808635,3,13,19,5,151,61.0,1937.0
306.8808865,6,1,14,3,161,53.0,468.203
306.88089,5,1,12,1,74,51.0,257.436
309.341741,1,6,13,2,82,56.0,440.754
309.3417425,3,13,16,4,133,59.0,1230.0
309.341744,2,18,9,4,120,59.0,1159.0
309.3417695,6,2,10,2,151,52.0,279.767
309.341772,5,1,7,1,54,49.0,127.201
309.437743,2,24,13,5,126,60.0,1794.0
309.437743,1,6,19,4,159,57.0,786.681
309.4377445,3,6,18,7,259,61.0,2054.0
309.4377685,6,1,14,3,160,53.0,478.712
309.437774,5,1,12,1,68,52.0,250.748
309.533605,1,1,15,2,82,56.0,438.485
309.5336065,3,9,16,4,129,60.0,1237.0
309.533607,2,1,10,3,74,58.0,970.364
309.5336335,6,1,11,1,75,52.0,208.398
309.533636,5,1,8,1,59,50.0,146.076
309.629638,1,5,18,4,161,57.0,823.348
309.6296425,3,9,18,7,246,61.0,2022.0
309.629643,2,21,11,4,77,61.0,1555.0
309.6296655,6,1,14,3,160,54.0,473.238
309.629683,5,1,8,1,45,52.0,173.075
309.725409,1,1,14,2,82,56.0,444.877
309.7254105,3,9,16,4,133,60.0,1251.0
309.725411,2,1,11,3,72,57.0,908.703
309.7254335,6,1,11,1,79,52.0,234.774
309.72544,5,1,7,1,59,50.0,148.619
309.821127,1,6,19,4,159,58.0,780.164
309.8211295,3,12,20,5,150,61.0,1945.0
309.82113,2,2,11,5,120,60.0,1655.0
309.8211515,6,2,14,3,158,53.0,469.646
309.821155,5,1,11,1,71,52.0,261.509
309.916985,1,1,14,2,82,55.0,465.285
309.9169895,3,9,15,4,132,59.0,1225.0
309.91699,2,1,12,4,94,58.0,1173.0
309.9170125,6,1,12,1,79,52.0,235.764
309.917022,5,1,8,1,53,50.0,137.559
310.013822,1,1,17,4,158,57.0,819.817
310.0138265,3,9,20,5,151,61.0,1911.0
310.013827,2,16,13,5,126,59.0,1691.0
310.0138495,6,1,14,2,82,54.0,375.173
310.013856,5,1,10,2,90,53.0,274.724
312.504818,1,3,16,3,159,55.0,534.67
312.5048205,3,9,14,4,132,59.0,1226.0
312.504821,2,21,8,3,77,58.0,986.163
312.5048465,6,2,10,2,151,52.0,286.183
312.504864,5,1,6,0,39,49.0,88.166
312.601652,1,12,18,4,161,58.0,860.799
312.6016565,3,9,20,7,246,61.0,2011.0
312.601657,2,1,13,4,78,60.0,1439.0
312.6016795,6,1,14,3,154,54.0,466.526
312.601683,5,1,12,1,62,52.0,244.091
312.697514,1,5,15,3,161,55.0,559.936
312.6975185,3,9,15,4,154,59.0,1257.0
312.697519,2,21,11,3,77,59.0,978.579
312.6975445,6,2,10,2,151,52.0,288.857
312.697562,5,1,6,0,42,50.0,105.947
312.793346,1,5,20,4,161,57.0,862.243
312.7933505,3,9,19,6,198,61.0,1958.0
312.793351,2,2,10,4,80,61.0,1531.0
312.7933735,6,1,14,3,160,54.0,489.605
312.793379,5,1,11,1,57,52.0,226.892
312.889477,1,6,17,2,85,56.0,460.498
312.889477,2,21,8,3,80,58.0,883.253
312.8894785,3,13,15,4,136,60.0,1226.0
312.889505,5,1,7,1,62,50.0,163.619
312.8895055,6,2,11,1,71,51.0,205.576
312.98518,1,1,19,4,161,58.0,865.314
312.9851845,3,9,18,7,246,61.0,2025.0
312.985185,2,1,11,3,74,59.0,1391.0
312.9852075,6,1,14,2,117,54.0,433.205
312.985214,5,1,10,1,56,53.0,224.747
313.080908,1,1,16,2,79,56.0,446.443
313.0809095,3,13,15,4,133,60.0,1235.0
313.08091,2,1,10,3,78,57.0,948.754
313.0809325,6,1,11,2,114,52.0,271.319
313.080939,5,1,8,1,59,50.0,155.247
313.176735,1,6,19,4,155,58.0,802.091
313.1767365,3,13,21,5,136,61.0,1910.0
313.176737,2,3,14,4,78,59.0,1413.0
313.1767595,6,1,15,2,117,53.0,425.338
313.176763,5,1,11,2,93,52.0,287.11
315.600851,1,1,16,3,161,56.0,592.759
315.6008555,3,9,16,4,132,59.0,1229.0
315.600856,2,1,9,3,71,58.0,833.241
315.6008785,6,1,12,1,82,52.0,247.623
315.600888,5,1,8,1,53,50.0,140.676
315.697664,1,6,21,4,159,57.0,867.087
315.6976665,3,5,19,6,239,61.0,1994.0
315.697667,2,21,12,4,77,60.0,1365.0
315.6976885,6,1,14,3,158,53.0,497.887
315.697695,5,1,11,1,74,52.0,275.667
315.793526,1,1,17,3,158,56.0,561.694
315.7935275,3,9,15,4,154,60.0,1263.0
315.793528,2,1,9,3,74,58.0,915.63
315.7935545,6,1,12,2,113,53.0,266.468
315.793557,5,1,8,1,56,51.0,155.179
315.889617,1,6,20,3,141,58.0,799.383
315.889617,2,24,16,5,126,60.0,1647.0
315.8896185,3,6,20,6,240,61.0,2014.0
315.8896415,6,2,14,2,114,53.0,436.016
315.889648,5,1,10,1,74,52.0,277.401
315.98533,1,6,17,3,155,56.0,551.836
315.9853315,3,13,16,4,132,60.0,1219.0
315.985332,2,1,11,1,32,57.0,696.303
315.9853585,6,1,12,2,110,52.0,255.455
315.985361,5,1,8,1,59,50.0,155.195
316.081054,1,6,21,4,158,58.0,861.057
316.081054,2,21,11,4,83,59.0,1466.0
316.0810555,3,13,20,7,246,61.0,2013.0
316.0810785,6,7,14,2,117,53.0,440.883
316.081082,5,1,11,2,93,52.0,299.157
316.177923,1,6,17,2,82,56.0,473.649
316.177923,2,5,10,3,83,58.0,986.592
316.1779245,3,13,16,5,243,60.0,1325.0
316.1779515,6,1,12,2,110,52.0,263.945
316.177954,5,1,7,1,59,51.0,163.302
316.273743,1,1,20,4,161,57.0,912.883
316.2737475,3,9,20,6,198,61.0,1967.0
316.273748,2,1,12,5,123,59.0,1577.0
316.2737705,6,1,13,3,157,54.0,490.628
316.273777,5,14,10,1,56,52.0,234.211
318.664699,1,6,19,3,155,56.0,577.077
318.664699,2,5,9,3,80,59.0,985.173
318.6647005,3,13,16,4,129,60.0,1219.0
318.6647275,6,2,12,2,113,51.0,273.692
318.66473,5,1,8,0,31,51.0,116.301
318.760757,1,6,21,4,158,58.0,893.475
318.760757,2,21,13,4,83,59.0,1414.0
318.7607585,3,13,20,7,246,61.0,2024.0
318.7607815,6,1,14,2,117,53.0,459.691
318.760785,5,1,12,2,93,52.0,304.228
318.856593,1,6,19,3,158,56.0,589.046
318.856593,2,1,10,1,31,57.0,724.373
318.8565945,3,13,15,4,132,60.0,1232.0
318.8566215,6,1,12,2,113,52.0,277.154
318.856624,5,1,8,1,56,51.0,160.439
318.952485,1,8,21,4,157,57.0,929.065
318.9524885,3,6,19,7,243,61.0,2024.0
318.95249,2,21,13,4,80,60.0,1343.0
318.9525115,6,1,14,3,158,53.0,503.943
318.952518,5,1,11,1,74,52.0,277.398
319.04853,1,6,18,3,158,56.0,594.682
319.0485315,3,13,16,5,243,60.0,1313.0
319.048535,2,1,8,3,114,58.0,868.172
319.0485545,6,1,13,2,117,52.0,302.905
319.048561,5,29,8,1,59,51.0,164.932
319.144272,1,6,21,4,159,57.0,909.376
319.1442735,3,6,22,7,243,61.0,2019.0
319.144275,2,21,10,3,77,60.0,1229.0
319.1442965,6,1,14,2,117,54.0,461.188
319.1443,5,1,11,1,77,52.0,292.005
319.240038,2,1,9,3,77,57.0,842.963
319.240038,1,6,19,3,155,56.0,581.415
319.2400395,3,6,16,4,154,59.0,1278.0
319.2400665,6,2,12,2,113,52.0,277.229
319.240069,5,1,8,1,59,51.0,167.512
319.336607,1,6,21,4,158,58.0,908.535
319.3366085,3,13,21,7,243,61.0,2022.0
319.33661,2,18,14,4,80,60.0,1426.0
319.3366315,6,2,14,2,117,53.0,461.782
319.336638,5,1,10,1,74,52.0,282.974
322.179029,1,12,17,3,161,56.0,639.388
322.1790335,3,9,16,4,150,60.0,1251.0
322.179034,2,1,10,4,123,58.0,1045.0
322.1790565,6,1,12,2,117,52.0,303.687
322.179066,5,1,7,1,53,50.0,149.706
322.276201,1,6,21,4,158,58.0,931.653
322.276201,2,5,15,3,80,59.0,1215.0
322.2762025,3,13,19,7,246,61.0,2046.0
322.2762255,6,1,15,2,117,53.0,469.516
322.276229,5,1,11,1,62,52.0,270.608
322.37195,1,6,20,3,158,56.0,613.929
322.371953,2,2,7,3,77,58.0,848.665
322.3719545,3,10,15,4,144,59.0,1211.0
322.3719785,6,2,12,2,113,51.0,278.045
322.371981,5,1,8,0,37,50.0,135.304
322.467813,1,1,21,4,161,58.0,972.237
322.4678175,3,9,22,7,242,61.0,2018.0
322.467818,2,1,12,3,78,59.0,1209.0
322.4678405,6,1,14,3,157,54.0,516.882
322.467847,5,14,10,1,56,53.0,247.549
322.563677,1,3,20,3,141,55.0,565.326
322.5636795,3,9,15,4,150,59.0,1277.0
322.56368,2,1,8,3,74,58.0,768.33
322.5637055,6,2,11,2,110,52.0,277.874
322.563708,5,1,8,0,34,50.0,128.75
322.659757,1,9,21,4,164,58.0,987.255
322.6597615,3,13,22,7,239,61.0,2018.0
322.659762,2,1,13,3,78,59.0,1217.0
322.6597845,6,1,14,3,154,54.0,514.577
322.659788,5,1,12,1,59,52.0,263.098
322.755484,2,8,8,3,80,58.0,895.799
322.755484,1,3,20,3,155,55.0,601.65
322.7554865,3,2,16,5,242,59.0,1318.0
322.7555125,6,2,12,2,113,52.0,291.237
322.755515,5,1,8,0,31,51.0,118.391
322.852028,1,12,21,4,164,58.0,993.401
322.8520325,3,9,20,7,242,61.0,2035.0
322.852033,2,1,12,4,123,58.0,1378.0
322.8520555,6,1,14,3,154,54.0,509.76
322.852062,5,14,10,1,56,53.0,248.402
325.704624,1,6,20,3,158,56.0,622.829
325.7046255,3,13,16,4,147,60.0,1261.0
325.704629,2,1,9,3,78,57.0,747.758
325.7046525,6,1,11,2,113,52.0,286.005
325.704655,5,1,7,1,59,50.0,171.689
325.80068,1,6,20,4,161,58.0,963.25
325.80068,2,5,12,5,125,59.0,1501.0
325.8006815,3,13,22,7,239,61.0,2051.0
325.8007045,6,1,14,3,117,54.0,487.212
325.800708,5,32,12,1,59,52.0,274.258
325.896432,1,3,20,3,158,56.0,631.506
325.896435,2,2,8,2,74,58.0,753.841
325.8964365,3,10,16,4,129,59.0,1175.0
325.8964605,6,66,12,2,113,52.0,293.846
325.896463,5,1,7,0,37,51.0,138.03
325.992167,1,6,22,4,158,58.0,953.356
325.9921685,3,6,22,7,258,61.0,2067.0
325.99217,2,21,13,3,77,59.0,1185.0
325.9921915,6,1,14,3,117,53.0,485.926
325.992198,5,1,10,1,59,52.0,267.222
326.087945,2,5,9,3,83,59.0,926.502
326.087945,1,6,20,3,158,56.0,630.048
326.0879465,3,13,16,4,154,59.0,1275.0
326.0879735,6,1,12,2,113,52.0,294.607
326.087976,5,1,7,1,59,52.0,175.731
326.183818,1,12,21,4,161,58.0,1003.0
326.1838225,3,9,22,7,245,61.0,2061.0
326.183823,2,1,13,5,123,59.0,1401.0
326.1838455,6,1,14,3,154,54.0,519.118
326.183852,5,14,10,1,56,53.0,249.798
326.279638,1,6,20,3,158,56.0,625.856
326.2796395,3,13,17,4,147,60.0,1266.0
326.279643,2,1,9,3,117,57.0,823.396
326.2796625,6,1,11,2,117,52.0,315.386
326.279666,5,32,8,0,36,51.0,142.608
326.375705,1,6,21,4,161,58.0,969.662
326.3757065,3,13,21,7,239,61.0,2045.0
326.375707,2,1,13,5,126,58.0,1475.0
326.3757295,6,1,14,3,154,54.0,523.359
326.375733,5,1,11,1,62,52.0,274.25
328.788592,2,1,9,3,80,57.0,805.493
328.788592,1,6,20,3,158,56.0,635.682
328.7885935,3,13,17,4,154,59.0,1289.0
328.7886165,6,1,12,2,117,52.0,317.991
328.788623,5,29,7,1,59,51.0,173.132
328.884466,1,5,22,4,160,57.0,1011.0
328.8844705,3,9,22,7,245,61.0,2050.0
328.884471,2,1,13,5,122,59.0,1382.0
328.8844965,6,2,14,2,113,53.0,457.773
328.884499,5,1,10,1,37,52.0,219.21
328.980487,1,9,18,3,158,56.0,636.079
328.9804885,3,9,17,5,239,59.0,1325.0
328.980489,2,1,10,2,74,57.0,744.332
328.9805145,6,2,11,2,110,52.0,291.749
328.980518,5,1,9,1,56,51.0,168.4
329.076226,1,12,21,4,161,58.0,1021.0
329.0762305,3,9,22,7,245,61.0,2074.0
329.076231,2,1,14,3,78,59.0,1110.0
329.0762535,6,1,14,3,154,54.0,530.877
329.076259,5,15,10,1,74,52.0,292.972
329.172034,1,6,18,3,158,56.0,636.45
329.1720355,3,13,17,4,132,60.0,1246.0
329.172039,2,1,9,2,75,57.0,651.038
329.1720585,6,1,12,2,117,52.0,322.532
329.172065,5,1,8,1,56,51.0,166.997
329.267829,1,6,22,4,158,58.0,978.017
329.267829,2,5,15,5,125,60.0,1466.0
329.2678305,3,6,22,7,246,61.0,2062.0
329.2678535,6,70,15,3,117,54.0,491.318
329.267857,5,1,11,1,62,52.0,277.726
329.363693,1,1,18,3,145,56.0,593.297
329.3636945,3,9,17,5,242,59.0,1331.0
329.363695,2,1,7,2,74,57.0,718.944
329.3637175,6,1,11,2,113,52.0,305.833
329.363738,5,1,6,0,42,50.0,117.717
329.460551,1,6,21,4,161,58.0,983.902
329.460551,2,5,14,3,80,59.0,1279.0
329.4605525,3,13,23,7,239,62.0,2028.0
329.4605755,6,1,14,3,117,54.0,493.603
329.460579,5,29,11,1,62,53.0,283.827
331.922355,1,1,20,3,148,56.0,630.888
331.9223595,3,9,16,4,150,60.0,1293.0
331.92236,2,1,9,2,74,58.0,732.074
331.9223855,6,2,11,2,113,52.0,306.817
331.922403,5,1,6,0,42,50.0,122.749
332.018392,1,6,21,4,161,58.0,997.796
332.018392,2,5,14,5,125,60.0,1467.0
332.0183935,3,13,23,7,239,61.0,2046.0
332.0184165,6,1,15,3,117,54.0,495.081
332.01842,5,32,11,1,59,53.0,278.785
332.114269,1,1,20,3,160,56.0,674.592
332.1142735,3,9,16,4,135,59.0,1256.0
332.114274,2,1,10,3,74,57.0,778.095
332.1142995,6,2,12,2,113,52.0,300.413
332.114317,5,1,6,0,39,50.0,113.884
332.210087,1,1,21,4,160,58.0,1034.0
332.2100915,3,9,21,7,242,61.0,2041.0
332.210092,2,21,13,5,123,59.0,1382.0
332.2101145,6,1,14,3,117,54.0,501.612
332.210121,5,1,10,1,73,53.0,295.76
332.30616,1,6,19,3,158,56.0,649.813
332.30616,2,1,10,4,125,56.0,916.7
332.3061615,3,13,15,5,242,60.0,1343.0
332.3061845,6,1,11,2,117,52.0,325.038
332.306191,5,1,7,1,56,51.0,169.883
332.401898,1,6,21,4,161,58.0,998.567
332.4018995,3,13,22,7,239,61.0,2045.0
332.4019,2,3,13,3,78,58.0,1134.0
332.4019225,6,1,15,3,154,54.0,541.706
332.401926,5,32,11,1,59,53.0,286.163
332.497647,1,6,19,3,158,56.0,651.491
332.497647,2,1,11,3,80,57.0,903.763
332.4976485,3,13,16,4,132,59.0,1245.0
332.4976715,6,1,12,2,117,52.0,325.128
332.497678,5,29,8,1,56,52.0,172.021
332.59349,1,9,22,4,164,58.0,1048.0
332.5934945,3,13,23,7,242,61.0,2075.0
332.593495,2,1,12,5,123,58.0,1384.0
332.5935175,6,1,14,3,154,54.0,539.801
332.593521,5,1,10,1,59,53.0,279.851
335.120228,1,5,20,4,160,56.0,692.166
335.1202325,3,9,17,4,153,59.0,1280.0
335.120233,2,21,13,1,31,58.0,523.502
335.1202585,6,2,11,2,113,52.0,311.847
335.120261,5,2,8,0,37,51.0,144.285
335.216243,1,5,21,4,160,58.0,1051.0
335.2162475,3,9,22,6,197,61.0,2017.0
335.216248,2,1,12,3,78,60.0,1112.0
335.2162695,6,2,14,3,117,54.0,507.373
335.216276,5,1,10,1,74,53.0,302.516
335.313092,1,6,19,3,158,56.0,658.804
335.3130935,3,13,17,5,242,60.0,1360.0
335.313097,2,1,10,2,75,57.0,696.748
335.3131165,6,1,11,2,117,52.0,329.148
335.313123,5,1,8,1,56,51.0,174.887
335.408963,1,3,21,4,161,57.0,1026.0
335.4089645,3,10,24,7,239,61.0,2061.0
335.408966,2,2,13,5,122,59.0,1344.0
335.4089875,6,70,15,3,120,54.0,521.88
335.408991,5,1,10,1,77,53.0,308.332
335.504785,1,6,19,3,158,56.0,657.261
335.5047865,3,13,19,5,242,60.0,1357.0
335.504787,2,1,9,2,74,57.0,727.663
335.5048095,6,1,12,2,117,53.0,331.681
335.504816,5,1,8,1,59,51.0,185.049
335.600857,1,12,22,4,161,58.0,1060.0
335.6008615,3,9,24,7,245,61.0,2082.0
335.600862,2,1,15,5,123,58.0,1378.0
335.6008845,6,1,14,3,154,54.0,544.744
335.600891,5,14,10,1,56,53.0,268.972
335.696597,1,6,20,3,158,56.0,662.184
335.6965985,3,13,17,5,242,60.0,1349.0
335.696599,2,1,9,3,78,56.0,794.275
335.6966215,6,1,12,2,117,52.0,330.235
335.696628,5,1,8,1,56,51.0,173.348
335.793158,1,9,22,4,158,58.0,1014.0
335.793158,2,2,14,5,125,58.0,1353.0
335.7931595,3,13,25,7,245,61.0,2086.0
335.7931825,6,1,14,3,117,54.0,507.746
335.793186,5,17,10,1,59,52.0,284.987
338.224425,1,6,19,4,161,56.0,681.683
338.224425,2,5,10,3,80,57.0,743.403
338.2244265,3,13,18,5,242,59.0,1362.0
338.2244495,6,1,12,2,117,52.0,336.328
338.224453,5,1,9,1,40,51.0,165.121
338.320522,1,6,22,4,161,58.0,1047.0
338.3205235,3,13,25,7,245,61.0,2104.0
338.320525,2,2,12,3,80,59.0,1145.0
338.3205465,6,1,14,3,120,54.0,529.022
338.32055,5,29,11,1,62,53.0,296.812
338.4171,1,6,19,3,158,56.0,677.051
338.4171,2,1,9,3,80,57.0,850.88
338.4171015,3,13,18,5,242,60.0,1368.0
338.4171285,6,1,12,2,113,52.0,315.636
338.417131,5,29,8,1,56,52.0,176.432
338.513133,1,1,22,5,160,58.0,1077.0
338.5131375,3,13,25,7,245,61.0,2089.0
338.513138,2,1,13,5,126,58.0,1384.0
338.5131605,6,1,14,3,117,54.0,523.319
338.513167,5,14,10,1,56,53.0,279.159
338.608904,1,6,19,3,158,56.0,674.342
338.6089055,3,13,17,5,242,60.0,1365.0
338.608907,2,2,8,2,77,58.0,766.374
338.6089285,6,1,12,2,117,52.0,339.147
338.608935,5,1,8,1,56,51.0,176.363
338.704664,1,1,22,4,160,58.0,1074.0
338.7046685,3,9,25,7,242,61.0,2059.0
338.704669,2,1,14,4,123,58.0,1252.0
338.7046915,6,1,14,3,116,54.0,518.22
338.704697,5,2,9,1,57,53.0,280.873
338.800484,1,2,19,3,157,56.0,675.904
338.8004855,3,9,17,5,235,59.0,1351.0
338.800486,2,1,10,3,74,58.0,765.157
338.8005115,6,2,11,2,113,52.0,318.089
338.800514,5,1,8,1,37,52.0,160.337
338.896317,1,1,22,4,160,58.0,1077.0
338.8963215,3,9,26,7,238,61.0,2078.0
338.896322,2,1,13,4,123,58.0,1289.0
338.8963445,6,1,14,3,154,54.0,561.476
338.896351,5,14,10,1,56,53.0,276.654
341.259546,1,1,19,4,160,56.0,697.649
341.2595475,3,9,18,5,153,59.0,1301.0
341.259548,2,1,10,2,74,58.0,678.064
341.2595735,6,2,12,2,113,52.0,327.541
341.259576,5,1,8,1,37,51.0,160.627
341.356356,1,5,22,5,163,58.0,1114.0
341.3563605,3,9,25,7,241,61.0,2105.0
341.356361,2,1,13,5,122,60.0,1343.0
341.3563865,6,66,15,3,116,54.0,512.385
341.356389,5,1,9,1,59,53.0,298.941
341.452457,1,1,20,4,163,56.0,729.738
341.4524615,3,9,20,5,241,59.0,1368.0
341.452462,2,1,7,2,74,58.0,700.94
341.4524875,6,2,12,2,113,52.0,326.07
341.45249,5,1,8,1,37,51.0,161.248
341.548237,1,9,22,5,160,58.0,1098.0
341.5482415,3,13,25,7,245,61.0,2109.0
341.548242,2,1,14,4,123,58.0,1334.0
341.5482645,6,1,14,3,117,54.0,537.192
341.548268,5,17,10,1,59,53.0,297.307
341.643967,1,1,19,3,157,56.0,692.36
341.6439685,3,9,20,4,146,60.0,1291.0
341.643969,2,1,9,2,74,57.0,676.163
341.6439945,6,2,11,2,113,52.0,329.438
341.643997,5,1,8,1,37,51.0,162.701
341.739742,2,5,16,5,125,59.0,1312.0
341.739742,1,6,22,5,161,58.0,1080.0
341.7397435,3,6,25,7,245,61.0,2122.0
341.7397665,6,7,15,3,120,54.0,548.181
341.73977,5,32,10,1,59,53.0,299.577
341.835588,1,1,19,3,157,56.0,689.289
341.8355895,3,13,20,5,197,60.0,1321.0
341.835593,2,1,10,2,75,57.0,719.122
341.8356155,6,2,11,2,113,53.0,331.08
341.835619,5,1,8,0,33,51.0,149.457
344.297722,1,3,20,4,158,56.0,712.416
344.297725,2,2,9,3,80,57.0,704.92
344.2977265,3,3,20,5,198,59.0,1295.0
344.2977505,6,1,11,2,116,52.0,341.463
344.297753,5,29,8,1,56,51.0,190.365
344.393467,2,5,14,5,125,59.0,1347.0
344.393467,1,6,22,5,157,58.0,1079.0
344.3934685,3,13,25,7,245,61.0,2095.0
344.3934915,6,1,14,3,120,54.0,564.491
344.393495,5,1,10,1,59,53.0,304.538
344.489341,1,5,20,4,163,56.0,748.79
344.4893455,3,9,20,6,241,59.0,1379.0
344.489346,2,1,10,2,74,58.0,689.152
344.4893675,6,1,12,2,120,52.0,365.512
344.489374,5,29,8,1,59,52.0,196.152
344.585168,1,9,24,5,195,58.0,1138.0
344.5851695,3,13,25,7,241,61.0,2108.0
344.58517,2,1,14,5,123,59.0,1396.0
344.5851925,6,1,15,3,119,54.0,557.07
344.585199,5,14,9,1,56,53.0,289.862
344.681262,1,15,19,4,163,56.0,751.525
344.6812665,3,9,19,6,241,60.0,1402.0
344.681267,2,1,10,4,123,57.0,853.705
344.6812885,6,1,11,2,120,52.0,365.418
344.681295,5,1,8,1,37,52.0,169.205
344.778125,1,6,22,5,160,58.0,1098.0
344.7781265,3,13,24,7,238,61.0,2124.0
344.778127,2,1,15,4,109,59.0,1135.0
344.7781495,6,1,13,3,117,54.0,546.9
344.778156,5,14,10,1,56,53.0,285.081
344.873897,1,1,19,4,157,56.0,713.24
344.8738985,3,13,21,5,235,60.0,1374.0
344.873902,2,1,10,2,71,56.0,592.502
344.8739245,6,2,12,2,113,53.0,338.503
344.873928,5,1,8,0,33,51.0,150.142
347.354529,1,6,19,4,157,56.0,722.09
347.3545305,3,13,20,5,235,59.0,1382.0
347.354532,2,2,10,2,74,58.0,681.661
347.3545535,6,1,12,2,120,52.0,374.69
347.35456,5,1,8,1,56,51.0,190.334
347.450547,1,6,22,5,161,58.0,1134.0
347.4505485,3,10,25,7,245,61.0,2160.0
347.45055,2,1,16,5,125,59.0,1273.0
347.4505715,6,7,16,3,120,54.0,572.453
347.450575,5,32,10,1,59,53.0,316.675
347.546393,1,1,20,4,160,56.0,740.382
347.5463945,3,9,21,6,241,60.0,1413.0
347.546395,2,1,8,3,109,57.0,808.156
347.5464205,6,2,12,2,116,52.0,353.226
347.546423,5,1,8,1,37,52.0,165.695
347.642242,2,2,13,5,125,58.0,1349.0
347.642242,1,9,24,5,163,58.0,1136.0
347.6422435,3,13,25,7,241,61.0,2141.0
347.6422665,6,1,15,4,175,54.0,631.332
347.642273,5,1,9,1,56,53.0,303.117
347.738284,1,1,20,4,163,56.0,769.555
347.7382885,3,9,22,6,241,59.0,1402.0
347.738289,2,1,7,2,74,57.0,659.483
347.7383145,6,2,12,2,116,52.0,346.011
347.738317,5,1,9,1,59,52.0,201.377
347.834051,1,6,23,5,195,58.0,1171.0
347.8340525,3,13,26,7,241,61.0,2147.0
347.834053,2,1,13,5,141,58.0,1348.0
347.8340755,6,1,15,4,175,54.0,632.137
347.834079,5,17,9,1,59,53.0,318.656
347.929775,1,6,19,4,160,56.0,737.58
347.9297765,3,13,21,6,238,60.0,1394.0
347.92978,2,1,9,2,75,56.0,560.896
347.9297995,6,1,11,2,116,53.0,365.164
347.929806,5,1,8,1,36,51.0,166.453
350.476687,1,1,20,4,160,56.0,776.882
350.4766915,3,9,21,5,149,59.0,1346.0
350.476692,2,1,13,4,122,58.0,814.918
350.476717,5,32,8,1,40,52.0,181.72
350.4767175,6,2,11,2,116,52.0,357.498
350.572521,1,6,25,5,195,58.0,1200.0
350.572521,2,5,14,5,128,60.0,1451.0
350.5725225,3,13,25,7,238,61.0,2140.0
350.5725455,6,66,14,4,175,54.0,646.163
350.572549,5,1,10,1,59,53.0,322.789
350.669389,1,3,19,4,158,56.0,750.594
350.6693915,3,9,21,6,234,59.0,1404.0
350.669392,2,1,8,1,25,57.0,407.649
350.6694175,6,1,12,2,116,52.0,360.058
350.66942,5,29,9,1,40,52.0,182.577
350.76546,1,9,23,5,160,58.0,1159.0
350.7654615,3,13,25,7,244,61.0,2178.0
350.765462,2,1,14,5,126,59.0,1374.0
350.7654835,6,70,16,4,179,54.0,662.997
350.76549,5,2,9,1,37,53.0,275.512
350.861209,1,9,20,4,160,56.0,756.384
350.8612105,3,13,21,6,241,60.0,1414.0
350.861214,2,1,11,2,75,56.0,607.635
350.8612335,6,1,11,2,116,52.0,374.728
350.86124,5,1,8,1,36,51.0,173.216
350.956944,1,12,23,5,163,58.0,1211.0
350.9569485,3,9,24,7,244,61.0,2162.0
350.956949,2,1,17,5,122,59.0,1324.0
350.9569705,6,70,16,3,120,54.0,600.072
350.956977,5,1,10,2,106,53.0,355.064
351.052752,1,1,19,4,160,56.0,758.772
351.0527535,3,9,21,6,241,60.0,1412.0
351.052754,2,1,11,3,78,56.0,699.878
351.0527795,6,2,12,2,116,52.0,367.131
351.052783,5,1,9,1,36,51.0,172.471
353.569735,1,6,20,4,160,56.0,769.417
353.569735,2,2,11,2,80,57.0,712.598
353.5697365,3,13,22,6,241,60.0,1437.0
353.5697595,6,1,11,2,119,53.0,389.794
353.569766,5,14,8,1,36,51.0,175.601
353.666539,1,6,24,5,195,58.0,1235.0
353.6665405,3,13,25,7,241,61.0,2193.0
353.666542,2,2,15,4,122,59.0,1257.0
353.6665635,6,66,15,3,120,54.0,598.585
353.666567,5,29,11,1,59,54.0,325.497
353.762385,1,9,19,4,160,56.0,770.105
353.7623865,3,9,20,6,241,60.0,1433.0
353.762387,2,1,10,3,122,57.0,803.862
353.7624125,6,66,12,2,116,53.0,371.624
353.762415,5,1,8,1,37,52.0,175.845
353.858288,1,6,24,5,163,58.0,1186.0
353.858288,2,5,14,4,114,58.0,1241.0
353.8582895,3,13,25,7,241,62.0,2183.0
353.8583125,6,1,15,3,119,55.0,601.516
353.858316,5,17,10,1,59,53.0,328.221
353.9543,1,3,20,4,160,56.0,773.623
353.954303,2,1,12,4,125,58.0,855.295
353.9543045,3,10,21,6,235,59.0,1378.0
353.9543245,6,1,12,2,117,53.0,385.995
353.954328,5,1,9,1,43,52.0,195.034
354.050018,1,6,24,5,163,58.0,1189.0
354.0500195,3,13,25,7,244,61.0,2193.0
354.05002,2,1,14,5,126,59.0,1335.0
354.0500425,6,1,15,4,175,55.0,664.268
354.050046,5,17,9,1,59,53.0,328.291
354.145768,1,6,20,4,160,56.0,779.289
354.1457695,3,13,20,6,241,60.0,1445.0
354.14577,2,1,10,2,78,56.0,683.252
354.1457925,6,1,11,2,119,53.0,387.281
354.145799,5,1,8,1,36,51.0,174.553
356.608802,1,6,21,4,160,56.0,782.634
356.6088035,3,13,22,6,241,59.0,1437.0
356.608807,2,1,9,2,75,56.0,583.619
356.6088265,6,1,11,2,119,53.0,396.457
356.608833,5,14,8,1,37,51.0,177.94
356.705636,1,5,25,6,194,58.0,1299.0
356.7056405,3,9,25,7,237,61.0,2198.0
356.705641,2,1,16,5,125,59.0,1279.0
356.7056625,6,1,16,3,120,54.0,610.729
356.705666,5,32,11,1,62,54.0,345.837
356.8015,2,1,12,3,80,57.0,719.056
356.8015,1,6,19,4,160,56.0,785.988
356.8015015,3,13,21,6,241,60.0,1437.0
356.8015275,6,2,11,2,116,53.0,380.953
356.801531,5,14,8,1,36,52.0,180.398
356.897591,1,6,25,5,163,58.0,1213.0
356.8975925,3,13,25,7,244,61.0,2209.0
356.897594,2,2,15,4,125,59.0,1311.0
356.8976155,6,1,14,4,175,55.0,677.614
356.897619,5,17,10,1,59,53.0,336.948
356.993284,1,1,20,4,160,56.0,786.597
356.9932855,3,13,22,5,152,60.0,1377.0
356.993286,2,1,9,2,78,57.0,645.34
356.9933115,6,2,12,2,116,53.0,373.311
356.993314,5,1,8,1,37,52.0,179.216
357.089046,1,6,24,5,160,58.0,1198.0
357.0890475,3,13,25,7,244,61.0,2217.0
357.089048,2,1,16,5,122,59.0,1328.0
357.0890705,6,1,16,4,178,54.0,677.227
357.089076,5,2,9,1,43,53.0,294.494
357.184882,1,6,20,4,160,56.0,780.649
357.1848835,3,13,21,6,241,60.0,1437.0
357.184887,2,1,11,2,72,56.0,604.998
357.1849065,6,1,12,2,119,53.0,396.977
357.184913,5,1,8,0,33,51.0,160.578
359.679892,1,6,20,4,160,57.0,795.181
359.6798935,3,13,21,6,241,60.0,1443.0
359.679894,2,3,11,3,81,57.0,792.956
359.6799165,6,1,12,2,119,53.0,398.988
359.679923,5,1,8,1,36,51.0,180.197
359.776703,1,5,26,6,194,58.0,1319.0
359.7767075,3,9,25,7,240,61.0,2226.0
359.776708,2,2,17,6,189,59.0,1508.0
359.7767295,6,66,15,4,175,55.0,683.198
359.776733,5,32,10,1,59,53.0,336.308
359.872551,2,1,12,3,117,57.0,865.041
359.872551,1,6,21,4,160,56.0,792.781
359.8725525,3,13,21,6,241,60.0,1450.0
359.8725755,6,1,12,2,119,53.0,396.331
359.872582,5,1,8,1,36,51.0,182.221
359.968642,1,6,24,6,192,58.0,1278.0
359.968642,2,5,16,5,140,60.0,1372.0
359.9686435,3,13,24,7,244,61.0,2230.0
359.9686665,6,66,15,4,175,55.0,682.789
359.96867,5,29,10,1,59,53.0,341.643
360.064411,1,6,21,4,160,56.0,801.073
360.0644125,3,13,21,6,241,60.0,1443.0
360.064416,2,1,8,2,75,56.0,613.741
360.0644355,6,1,12,2,119,53.0,404.462
360.064442,5,1,8,1,36,51.0,175.943
360.160137,1,6,25,5,160,58.0,1218.0
360.160137,2,5,17,7,254,59.0,1703.0
360.1601385,3,13,25,7,244,61.0,2215.0
360.1601615,6,1,15,3,119,55.0,617.616
360.160165,5,17,10,1,59,53.0,340.095
360.257003,1,6,20,4,160,56.0,790.124
360.2570045,3,13,21,5,149,60.0,1360.0
360.257008,2,1,12,3,119,56.0,779.653
360.2570275,6,1,13,2,119,53.0,398.558
360.257034,5,1,9,1,36,52.0,177.234
362.837776,1,1,19,4,159,56.0,807.872
362.8377805,3,9,21,6,234,60.0,1447.0
362.837781,2,1,10,4,122,58.0,910.28
362.837806,5,32,9,1,43,52.0,206.603
362.8378065,6,2,12,2,116,52.0,389.561
362.934636,1,6,24,5,163,58.0,1219.0
362.9346375,3,13,27,7,244,61.0,2254.0
362.934639,2,2,15,6,192,59.0,1505.0
362.9346605,6,1,14,4,175,55.0,689.853
362.934664,5,17,10,1,59,54.0,347.21
363.030741,1,6,20,4,160,56.0,790.407
363.0307425,3,13,20,5,149,60.0,1370.0
363.030746,2,1,12,4,120,56.0,812.986
363.0307655,6,1,11,2,119,53.0,406.396
363.030772,5,14,9,1,37,52.0,185.734
363.126483,1,9,23,6,194,58.0,1278.0
363.1264845,3,9,25,7,237,61.0,2222.0
363.126485,2,1,15,5,123,58.0,1235.0
363.1265065,6,1,15,3,120,54.0,632.536
363.126513,5,1,10,1,59,54.0,331.483
363.222227,1,9,20,4,160,56.0,792.847
363.2222285,3,13,21,6,241,60.0,1466.0
363.222229,2,1,10,2,78,57.0,651.701
363.2222515,6,1,12,2,119,53.0,403.505
363.222258,5,1,8,1,36,52.0,182.002
363.317997,1,12,25,6,197,58.0,1321.0
363.3180015,3,9,25,7,240,61.0,2254.0
363.318002,2,1,16,5,122,59.0,1286.0
363.3180235,6,1,15,3,120,54.0,629.916
363.318027,5,32,10,1,62,54.0,356.793
363.413876,1,3,20,4,163,56.0,808.615
363.4138785,3,9,21,6,240,59.0,1471.0
363.413879,2,1,14,4,125,57.0,1071.0
363.4139005,6,1,12,2,120,53.0,411.439
363.413907,5,29,8,1,40,52.0,199.08
366.005506,1,9,19,4,157,56.0,790.824
366.0055075,3,13,21,5,152,60.0,1400.0
366.005508,2,1,11,4,123,56.0,879.89
366.0055335,6,2,11,2,116,53.0,394.557
366.005536,5,1,8,1,40,53.0,199.996
366.101518,1,3,24,5,163,58.0,1253.0
366.1015195,3,10,25,7,241,61.0,2257.0
366.101521,2,2,15,5,125,59.0,1288.0
366.1015425,6,66,16,4,175,55.0,702.049
366.101546,5,29,10,1,59,53.0,344.514
366.198366,2,1,9,3,80,57.0,731.381
366.198366,1,6,20,4,160,57.0,801.295
366.1983675,3,13,21,5,200,60.0,1415.0
366.1983905,6,1,12,2,119,53.0,413.857
366.198397,5,14,8,1,36,52.0,184.107
366.294481,1,6,24,5,188,58.0,1285.0
366.294482,2,4,17,8,249,59.0,1832.0
366.2944825,3,13,25,8,244,61.0,2257.0
366.2945055,6,1,16,4,181,55.0,709.015
366.294511,5,15,10,1,43,53.0,317.905
366.390207,1,6,21,4,160,56.0,809.403
366.3902085,3,13,21,5,152,60.0,1397.0
366.390212,2,1,10,2,75,56.0,633.575
366.3902315,6,1,12,2,119,53.0,410.994
366.390238,5,14,8,1,42,52.0,206.292
366.485943,1,12,25,6,197,58.0,1351.0
366.4859475,3,9,25,7,240,61.0,2260.0
366.485948,2,1,15,6,208,58.0,1492.0
366.4859695,6,1,15,3,120,54.0,639.487
366.485973,5,32,10,1,43,54.0,328.262
366.581748,1,6,21,4,160,56.0,811.232
366.5817495,3,13,21,5,200,60.0,1437.0
366.581753,2,1,10,3,120,56.0,713.121
366.5817725,6,1,12,2,119,53.0,413.505
366.581779,5,14,8,1,36,51.0,183.007
369.140851,1,9,21,4,162,57.0,829.642
369.1408525,3,9,22,6,234,60.0,1467.0
369.140853,2,1,9,2,78,57.0,669.153
369.1408785,6,2,12,2,116,53.0,397.867
369.140881,5,1,8,1,40,52.0,193.818
369.237719,1,6,25,6,191,58.0,1329.0
369.237719,2,5,16,5,128,59.0,1319.0
369.2377205,3,13,25,8,244,61.0,2288.0
369.2377435,6,1,15,4,178,55.0,712.949
369.237747,5,17,9,1,59,54.0,350.966
369.333465,1,6,21,4,160,56.0,828.877
369.3334665,3,13,21,5,197,59.0,1435.0
369.333468,2,2,10,2,77,57.0,696.252
369.3334895,6,1,11,2,119,53.0,421.42
369.333496,5,1,8,1,40,52.0,203.902
369.429227,1,6,25,5,171,58.0,1300.0
369.429227,2,5,18,5,128,59.0,1346.0
369.4292285,3,6,24,8,244,61.0,2305.0
369.4292515,6,66,16,4,178,55.0,713.976
369.429255,5,1,9,1,59,54.0,355.24
369.525009,1,6,20,4,160,56.0,826.504
369.5250105,3,13,21,6,241,59.0,1501.0
369.525012,2,1,11,2,77,58.0,587.846
369.5250335,6,1,11,2,119,53.0,416.583
369.525037,5,1,9,1,43,52.0,214.015
369.620861,1,6,26,6,191,58.0,1334.0
369.620861,2,5,17,5,128,60.0,1354.0
369.6208625,3,6,26,8,244,61.0,2285.0
369.6208855,6,1,15,4,178,55.0,716.122
369.620889,5,17,9,1,59,53.0,349.755
372.240464,1,1,20,4,162,56.0,845.727
372.2404655,3,9,22,6,234,60.0,1486.0
372.240469,2,1,10,3,119,56.0,780.228
372.2404915,6,2,11,2,116,53.0,403.909
372.240494,5,29,9,1,40,53.0,209.576
372.336477,1,15,26,5,173,58.0,1356.0
372.3364805,3,10,26,8,244,61.0,2300.0
372.336482,2,2,16,5,128,59.0,1282.0
372.3365035,6,66,16,4,178,55.0,729.128
372.336507,5,29,9,1,59,54.0,360.389
372.432325,1,9,21,4,162,57.0,846.503
372.4323265,3,9,21,6,237,60.0,1502.0
372.432327,2,1,13,2,78,56.0,641.605
372.4323525,6,2,12,2,116,53.0,405.572
372.432355,5,1,8,1,40,53.0,209.223
372.528171,1,12,26,6,197,58.0,1413.0
372.5281755,3,9,25,7,240,61.0,2289.0
372.528176,2,1,15,5,125,60.0,1415.0
372.5281975,6,1,16,4,175,54.0,728.577
372.528201,5,32,10,1,43,54.0,340.401
372.62424,1,6,20,4,157,57.0,820.934
372.6242415,3,13,22,6,237,60.0,1481.0
372.624245,2,1,10,2,75,57.0,622.069
372.6242675,6,2,12,2,116,53.0,405.035
372.624271,5,1,8,1,39,52.0,204.413
372.72001,1,12,27,6,197,58.0,1406.0
372.7200145,3,13,25,8,243,61.0,2299.0
372.720015,2,1,17,4,125,58.0,1179.0
372.7200365,6,1,16,4,175,54.0,723.144
372.720043,5,29,9,1,59,54.0,349.543
375.328474,1,6,22,4,165,56.0,871.341
375.3284755,3,13,22,5,152,60.0,1431.0
375.328477,2,2,13,2,80,57.0,712.443
375.3285015,6,66,11,2,116,53.0,418.388
375.328505,5,1,9,1,42,52.0,218.403
375.424532,1,6,25,6,194,58.0,1384.0
375.424532,2,5,17,5,125,59.0,1360.0
375.4245335,3,13,26,8,237,61.0,2302.0
375.4245565,6,69,16,4,174,55.0,730.615
375.424563,5,1,9,1,42,54.0,334.381
375.520353,1,9,22,4,157,56.0,839.601
375.5203545,3,13,21,6,237,60.0,1526.0
375.520358,2,1,10,2,78,56.0,601.312
375.5203805,6,66,12,2,116,53.0,413.027
375.520384,5,1,9,1,42,52.0,220.087
375.616476,1,6,25,6,194,58.0,1396.0
375.616476,2,2,18,5,125,59.0,1362.0
375.6164775,3,13,25,8,237,61.0,2308.0
375.6164995,6,70,16,3,123,55.0,678.564
375.616507,5,1,8,1,42,54.0,331.99
375.71222,1,13,21,4,160,56.0,862.76
375.71222,2,1,10,2,77,58.0,633.764
375.7122225,3,9,21,5,199,59.0,1474.0
375.7122445,6,1,12,2,119,54.0,437.463
375.712251,5,17,8,1,40,52.0,206.246
375.807962,1,6,25,6,194,58.0,1396.0
375.8079635,3,13,26,8,244,61.0,2316.0
375.807965,2,2,17,5,128,59.0,1306.0
375.8079865,6,1,16,3,119,55.0,671.38
375.80799,5,17,9,1,59,53.0,371.52
378.824731,1,9,22,4,162,56.0,873.43
378.824731,2,1,13,3,80,58.0,714.344
378.8247325,3,13,22,6,237,60.0,1517.0
378.8247555,6,1,12,2,119,53.0,446.954
378.824765,5,1,8,1,39,53.0,207.473
378.920886,1,13,26,6,194,58.0,1431.0
378.9208885,3,9,25,8,236,61.0,2339.0
378.920889,2,2,15,4,118,59.0,1172.0
378.9209105,6,1,16,4,178,55.0,763.574
378.920914,5,17,9,1,59,54.0,371.609
379.016729,1,3,21,4,160,56.0,877.234
379.0167315,3,9,22,6,233,59.0,1519.0
379.016732,2,1,11,4,122,58.0,902.76
379.0167535,6,1,12,2,119,53.0,445.277
379.016757,5,20,8,1,59,52.0,248.581
379.112793,1,6,25,6,194,58.0,1428.0
379.1127945,3,6,26,8,237,61.0,2327.0
379.112796,2,2,16,4,122,60.0,1229.0
379.1128175,6,1,17,3,119,55.0,684.463
379.112821,5,17,9,1,43,54.0,350.683
379.208562,1,6,21,4,157,56.0,854.141
379.2085635,3,13,22,6,234,59.0,1523.0
379.208567,2,1,11,2,78,56.0,624.741
379.2085865,6,1,12,2,119,53.0,449.519
379.208593,5,14,9,1,42,52.0,227.177
379.30428,2,5,17,7,250,59.0,1680.0
379.30428,1,6,25,6,194,58.0,1434.0
379.3042815,3,6,26,8,240,61.0,2362.0
379.3043045,6,69,17,3,122,55.0,690.653
379.304308,5,17,9,1,45,54.0,361.022
382.324421,1,9,21,4,173,57.0,921.257
382.3244225,3,9,22,6,196,60.0,1513.0
382.324423,2,1,11,4,128,57.0,837.423
382.324448,5,32,8,1,43,53.0,239.408
382.3244485,6,62,12,2,116,53.0,436.683
382.42124,1,15,26,6,196,58.0,1509.0
382.4212445,3,9,25,8,236,61.0,2374.0
382.421245,2,1,15,5,128,60.0,1237.0
382.4212665,6,1,15,4,178,55.0,781.7
382.42127,5,17,10,1,59,54.0,378.13
382.517316,1,13,22,5,191,56.0,960.238
382.5173185,3,13,22,6,233,59.0,1543.0
382.517319,2,1,10,4,125,57.0,839.507
382.5173405,6,1,13,2,119,53.0,454.846
382.517347,5,1,8,1,40,52.0,218.855
382.613076,1,13,26,6,194,58.0,1468.0
382.6130775,3,6,26,8,237,61.0,2379.0
382.613079,2,2,17,7,250,60.0,1607.0
382.6131005,6,1,17,4,157,55.0,749.965
382.613104,5,17,10,1,43,54.0,356.41
382.708802,1,6,23,4,162,56.0,901.19
382.708802,2,1,12,4,124,57.0,902.272
382.7088035,3,13,21,6,240,60.0,1542.0
382.7088295,6,2,12,2,116,53.0,438.513
382.708833,5,1,8,1,42,53.0,229.474
382.804629,2,2,19,7,246,59.0,1718.0
382.804629,1,9,28,6,173,58.0,1423.0
382.8046305,3,13,26,8,243,62.0,2413.0
382.8046525,6,2,15,4,178,55.0,789.924
382.804656,5,1,10,1,46,54.0,367.853
385.481414,1,6,23,4,173,57.0,943.276
385.4814155,3,13,22,6,196,60.0,1539.0
385.481416,2,1,11,4,140,56.0,880.495
385.4814415,6,2,12,2,116,53.0,440.364
385.481444,5,2,8,1,40,53.0,229.152
385.577162,1,6,27,6,194,58.0,1504.0
385.5771635,3,6,26,8,240,61.0,2403.0
385.577165,2,2,16,5,124,59.0,1219.0
385.5771865,6,1,18,4,174,55.0,799.512
385.57719,5,17,10,1,45,54.0,378.626
385.674029,1,3,23,5,191,56.0,984.511
385.6740305,3,13,21,6,200,59.0,1531.0
385.674032,2,2,10,2,77,58.0,689.269
385.6740535,6,1,13,2,119,53.0,465.713
385.67406,5,14,8,1,42,52.0,231.599
385.769852,1,13,27,6,194,58.0,1514.0
385.769852,2,5,18,6,191,59.0,1500.0
385.7698535,3,10,27,8,237,61.0,2420.0
385.7698765,6,69,17,4,174,55.0,795.229
385.76988,5,17,9,1,45,54.0,382.68
385.865753,1,9,23,4,173,57.0,945.453
385.8657545,3,13,22,6,196,60.0,1537.0
385.865758,2,1,12,2,75,55.0,581.118
385.8657765,6,1,13,2,120,53.0,474.061
385.865783,5,1,7,1,43,53.0,237.781
385.961814,1,5,26,6,196,58.0,1550.0
385.9618185,3,9,25,8,236,61.0,2406.0
385.961819,2,1,15,7,250,59.0,1628.0
385.9618405,6,4,17,3,119,55.0,722.221
385.961844,5,1,9,1,59,54.0,391.892
388.66629,1,9,23,5,193,57.0,1012.0
388.6662915,3,9,22,5,151,60.0,1514.0
388.666292,2,1,11,3,108,57.0,757.497
388.6663135,6,1,14,2,119,53.0,478.294
388.666317,5,1,8,1,43,52.0,250.18
388.763172,1,12,27,6,196,59.0,1587.0
388.7631765,3,9,26,8,236,61.0,2433.0
388.763177,2,1,15,5,125,59.0,1299.0
388.7631985,6,66,18,4,178,55.0,832.724
388.763202,5,32,10,1,43,54.0,374.413
388.858897,1,15,23,5,193,57.0,1029.0
388.8589015,3,16,21,6,192,59.0,1537.0
388.858902,2,1,13,4,125,57.0,944.446
388.8589235,6,1,14,3,122,54.0,484.7
388.858927,5,20,8,1,43,52.0,256.466
388.954724,1,12,27,6,196,59.0,1580.0
388.9547285,3,13,25,8,236,61.0,2420.0
388.954729,2,1,16,5,125,58.0,1296.0
388.9547505,6,66,18,4,181,55.0,835.089
388.954754,5,32,10,2,59,54.0,398.469
389.050569,1,12,23,5,190,57.0,999.754
389.0505705,3,9,21,5,151,59.0,1515.0
389.050571,2,1,10,2,78,58.0,672.442
389.0505925,6,1,14,2,119,54.0,469.697
389.050596,5,20,8,1,43,52.0,244.982
389.146689,1,12,28,6,196,59.0,1595.0
389.1466935,3,9,24,8,236,61.0,2437.0
389.146694,2,1,13,4,125,58.0,1153.0
389.1467155,6,1,17,3,122,55.0,747.987
389.146719,5,29,9,1,43,54.0,376.211
391.763322,1,6,24,5,190,57.0,1026.0
391.7633235,3,13,22,5,152,60.0,1526.0
391.763324,2,1,11,3,122,56.0,807.967
391.7633495,6,62,13,2,115,53.0,457.387
391.763352,5,29,8,1,40,53.0,230.213
391.859832,1,12,28,6,196,59.0,1620.0
391.8598365,3,9,24,8,236,61.0,2461.0
391.859837,2,1,14,8,250,59.0,1675.0
391.8598585,6,1,17,3,122,55.0,751.997
391.859862,5,29,10,1,43,54.0,377.562
391.955915,1,6,23,5,190,56.0,1023.0
391.9559165,3,13,21,6,199,60.0,1563.0
391.955918,2,2,12,4,124,58.0,983.047
391.9559425,6,2,12,2,116,53.0,461.231
391.955945,5,2,8,1,40,52.0,229.01
392.051735,1,12,28,6,196,59.0,1624.0
392.0517395,3,9,25,8,236,61.0,2455.0
392.05174,2,1,19,7,243,59.0,1598.0
392.0517615,6,1,18,3,122,55.0,754.734
392.051765,5,29,9,2,59,54.0,413.661
392.147605,1,12,23,5,190,57.0,1029.0
392.1476065,3,9,21,6,192,59.0,1555.0
392.147607,2,1,11,3,78,58.0,676.789
392.1476285,6,1,13,3,119,54.0,486.485
392.147632,5,20,8,1,45,52.0,257.726
392.243702,1,6,26,6,193,58.0,1573.0
392.243702,2,5,18,5,127,58.0,1308.0
392.2437035,3,13,24,7,199,61.0,2407.0
392.2437255,6,2,18,4,181,55.0,848.992
392.243732,5,29,9,1,43,54.0,377.783
394.805303,1,9,23,5,190,57.0,1036.0
394.8053045,3,13,22,6,196,60.0,1565.0
394.805305,2,1,11,4,125,57.0,868.927
394.8053305,6,2,13,2,115,53.0,464.558
394.805333,5,29,8,1,40,53.0,239.862
394.901426,1,6,28,6,193,59.0,1588.0
394.9014275,3,13,25,7,199,62.0,2418.0
394.901428,2,1,19,4,125,59.0,1275.0
394.9014495,6,66,19,3,120,55.0,753.966
394.901453,5,32,9,1,43,55.0,384.499
394.99717,1,6,23,5,193,57.0,1043.0
394.9971715,3,13,21,5,152,60.0,1535.0
394.997172,2,1,14,4,128,57.0,870.372
394.9971935,6,66,13,3,119,54.0,492.781
394.9972,5,1,8,1,40,52.0,234.536
395.092933,1,9,28,6,193,59.0,1605.0
395.0929345,3,13,23,8,236,62.0,2464.0
395.092935,2,21,17,6,188,58.0,1512.0
395.0929565,6,66,19,4,178,55.0,853.687
395.09296,5,32,10,1,43,54.0,387.33
395.188686,1,9,24,5,190,57.0,1037.0
395.188686,2,2,15,4,130,58.0,1004.0
395.1886875,3,13,21,6,196,59.0,1575.0
395.1887135,6,2,12,2,115,53.0,463.071
395.188716,5,29,8,1,40,53.0,239.626
395.284543,1,9,28,6,193,59.0,1597.0
395.2845445,3,13,25,8,236,61.0,2458.0
395.284545,2,1,16,4,125,59.0,1244.0
395.2845665,6,66,19,3,122,55.0,768.605
395.28457,5,32,9,1,43,54.0,380.247
397.852576,1,6,23,5,190,56.0,1057.0
397.8525785,3,5,21,6,195,59.0,1586.0
397.852581,2,1,10,2,78,57.0,593.636
397.8526005,6,1,13,3,119,53.0,493.63
397.852607,5,14,8,1,42,52.0,251.18
397.949441,1,9,28,6,193,59.0,1621.0
397.949441,2,2,16,6,190,59.0,1563.0
397.9494425,3,13,24,8,236,62.0,2474.0
397.9494645,6,66,18,3,119,55.0,754.521
397.949468,5,32,9,1,43,54.0,388.297
398.045185,1,6,23,5,190,57.0,1058.0
398.0451865,3,13,21,6,196,59.0,1592.0
398.04519,2,1,11,2,78,56.0,545.687
398.0452125,6,2,12,2,116,53.0,473.152
398.045216,5,1,8,1,42,53.0,250.83
398.14093,1,15,28,7,196,59.0,1667.0
398.1409345,3,9,23,8,236,61.0,2470.0
398.140935,2,1,15,5,125,60.0,1291.0
398.1409565,6,1,18,4,177,55.0,860.644
398.14096,5,17,10,1,45,54.0,407.744
398.236786,1,9,24,5,193,57.0,1068.0
398.2367875,3,9,21,6,192,60.0,1580.0
398.236788,2,1,12,2,78,58.0,691.641
398.2368095,6,1,14,3,119,54.0,491.189
398.236813,5,1,8,1,43,52.0,252.167
398.332646,1,9,28,6,193,59.0,1623.0
398.3326475,3,13,24,8,236,61.0,2473.0
398.332648,2,1,15,8,250,59.0,1763.0
398.3326695,6,66,19,4,178,55.0,871.57
398.332676,5,29,9,1,40,55.0,373.354
400.906465,1,15,24,5,175,57.0,1063.0
400.9064695,3,9,21,6,195,59.0,1595.0
400.90647,2,1,11,4,160,58.0,919.47
400.9064915,6,1,14,3,122,53.0,512.331
400.906498,5,14,7,1,42,53.0,253.123
401.002525,1,6,27,6,190,58.0,1631.0
401.0025265,3,13,24,7,199,61.0,2447.0
401.002528,2,2,16,6,184,59.0,1396.0
401.0025485,6,70,18,4,181,55.0,882.042
401.002553,5,17,9,1,45,54.0,404.967
401.098299,1,13,24,5,190,57.0,1071.0
401.098302,2,1,11,2,74,58.0,559.848
401.0983035,3,7,20,6,193,59.0,1549.0
401.0983235,6,69,12,3,119,53.0,499.998
401.09833,5,14,7,1,42,53.0,247.612
401.195134,1,15,27,7,196,59.0,1687.0
401.1951385,3,9,24,7,195,61.0,2429.0
401.195139,2,5,16,3,77,59.0,989.954
401.1951605,6,62,19,4,177,55.0,866.405
401.195164,5,17,9,1,45,54.0,408.857
401.290885,1,6,25,5,190,57.0,1065.0
401.290885,2,5,13,3,83,57.0,701.233
401.2908865,3,13,20,6,199,60.0,1600.0
401.2909125,6,2,13,2,115,53.0,477.862
401.290915,5,29,8,1,43,53.0,259.733
404.06068,1,6,24,5,193,57.0,1088.0
404.0606815,3,13,21,6,192,60.0,1602.0
404.060682,2,1,9,2,78,58.0,677.098
404.0607035,6,66,14,3,119,54.0,507.927
404.06071,5,29,8,1,40,53.0,246.621
404.15725,1,6,28,6,193,59.0,1659.0
404.1572515,3,13,24,7,199,62.0,2449.0
404.157252,2,1,17,5,125,58.0,1397.0
404.1572735,6,66,19,4,157,55.0,851.7
404.157277,5,1,9,1,43,54.0,407.039
404.253314,1,13,24,5,173,57.0,1046.0
404.2533165,3,9,20,6,195,59.0,1586.0
404.253317,2,1,13,3,78,58.0,704.902
404.2533385,6,1,12,3,122,53.0,516.974
404.253345,5,14,8,1,42,52.0,254.194
404.349033,1,6,28,7,193,58.0,1674.0
404.349033,2,5,18,5,127,59.0,1360.0
404.3490345,3,6,24,7,199,61.0,2457.0
404.3490565,6,2,18,4,181,55.0,890.064
404.349063,5,2,9,1,43,55.0,392.548
404.444783,2,1,13,4,127,58.0,942.299
404.444783,1,6,23,5,190,57.0,1087.0
404.4447845,3,13,21,6,199,60.0,1620.0
404.4448105,6,62,13,2,115,54.0,484.557
404.444813,5,29,7,1,40,53.0,244.943
407.227208,1,1,24,5,172,57.0,1052.0
407.2272095,3,9,21,6,195,60.0,1623.0
407.22721,2,1,12,3,78,58.0,689.527
407.2272315,6,1,13,3,122,54.0,512.116
407.227235,5,1,8,1,45,52.0,272.991
407.323289,1,12,28,7,196,59.0,1738.0
407.3232935,3,9,23,7,195,61.0,2458.0
407.323294,2,1,17,5,128,59.0,1379.0
407.3233155,6,114,19,4,177,56.0,889.827
407.323319,5,1,9,1,45,54.0,423.499
407.420143,1,6,24,5,193,57.0,1106.0
407.4201445,3,13,21,6,192,60.0,1609.0
407.420148,2,1,13,4,125,56.0,812.473
407.4201665,6,66,14,3,122,54.0,522.202
407.420173,5,29,8,1,40,53.0,253.899
407.515882,1,15,27,7,199,59.0,1742.0
407.5158865,3,9,23,7,195,61.0,2460.0
407.515887,2,1,14,3,77,59.0,940.844
407.5159085,6,69,19,4,177,55.0,885.469
407.515912,5,17,9,1,45,54.0,419.429
407.611687,1,6,24,5,193,57.0,1104.0
407.6116885,3,13,22,6,199,60.0,1623.0
407.61169,2,2,13,4,124,59.0,918.526
407.6117145,6,62,13,2,115,54.0,484.334
407.611717,5,29,8,1,40,53.0,251.284
410.385374,1,6,24,5,193,57.0,1122.0
410.3853755,3,13,22,6,155,60.0,1598.0
410.385377,2,2,12,4,124,58.0,863.311
410.3854015,6,2,14,2,115,54.0,491.037
410.385405,5,28,8,1,42,53.0,262.432
410.482243,1,6,28,7,193,58.0,1722.0
410.4822445,3,6,24,8,199,61.0,2510.0
410.482246,2,2,14,6,187,60.0,1550.0
410.4822665,6,66,19,4,137,55.0,837.97
410.482273,5,29,8,1,43,55.0,407.414
410.578001,1,1,25,5,192,57.0,1144.0
410.5780055,3,9,20,6,195,59.0,1632.0
410.578006,2,1,12,2,74,57.0,591.517
410.5780275,6,1,12,3,119,54.0,518.648
410.578034,5,14,8,1,42,53.0,260.633
410.673754,1,9,28,7,193,59.0,1713.0
410.673754,2,2,15,6,190,59.0,1550.0
410.6737555,3,13,22,7,195,61.0,2484.0
410.6737775,6,66,19,3,122,56.0,805.695
410.673781,5,32,9,1,43,54.0,406.201
410.769614,1,1,24,5,193,57.0,1129.0
410.7696155,3,13,21,6,195,60.0,1627.0
410.769619,2,1,11,3,118,55.0,724.133
410.7696375,6,114,14,3,122,53.0,527.978
410.769641,5,1,8,1,43,52.0,269.678
413.534202,1,6,24,5,193,57.0,1138.0
413.5342035,3,13,21,6,195,60.0,1655.0
413.534204,2,1,12,3,111,57.0,768.766
413.5342255,6,1,13,3,122,54.0,528.581
413.534232,5,1,8,1,40,53.0,251.503
413.63106,1,15,28,7,195,59.0,1784.0
413.6310645,3,9,22,8,198,61.0,2526.0
413.631065,2,1,16,4,110,59.0,1084.0
413.6310865,6,69,18,4,142,55.0,859.225
413.63109,5,17,9,1,45,55.0,429.953
413.726841,1,12,24,5,189,57.0,1136.0
413.7268425,3,9,20,6,154,59.0,1619.0
413.726843,2,1,12,5,190,59.0,1024.0
413.7268645,6,1,14,3,136,53.0,544.376
413.726871,5,14,8,1,42,53.0,266.794
413.822709,1,15,27,7,199,59.0,1802.0
413.8227135,3,9,23,8,195,61.0,2518.0
413.822714,2,1,18,6,184,59.0,1416.0
413.8227355,6,69,18,4,177,56.0,912.436
413.822739,5,17,9,1,45,55.0,433.057
413.918588,1,6,23,5,193,57.0,1148.0
413.9185895,3,13,21,6,192,60.0,1635.0
413.918591,2,5,9,4,124,58.0,902.809
413.9186155,6,62,15,2,115,54.0,501.406
413.918618,5,29,8,1,40,53.0,257.448
416.677096,1,6,25,5,193,57.0,1158.0
416.6770975,3,13,22,6,192,60.0,1654.0
416.677101,2,1,11,3,122,56.0,757.695
416.6771235,6,2,13,3,118,54.0,518.755
416.677126,5,29,9,1,40,53.0,259.145
416.773153,1,6,28,7,193,58.0,1775.0
416.773153,2,5,16,5,127,59.0,1321.0
416.7731545,3,6,23,8,195,61.0,2528.0
416.7731765,6,66,18,3,122,56.0,832.695
416.773183,5,29,9,1,43,55.0,416.724
416.868885,1,9,24,5,193,57.0,1165.0
416.868886,2,2,11,3,82,57.0,774.499
416.8688865,3,13,21,5,151,60.0,1613.0
416.8689085,6,1,13,3,122,54.0,542.91
416.868915,5,29,8,1,40,52.0,259.289
416.964675,1,15,28,7,208,59.0,1858.0
416.9646795,3,9,23,8,195,61.0,2558.0
416.96468,2,1,17,6,187,58.0,1523.0
416.9647015,6,69,19,5,180,55.0,935.95
416.964705,5,17,10,1,45,54.0,438.741
417.060478,1,9,25,5,189,57.0,1152.0
417.0604795,3,9,21,6,195,60.0,1654.0
417.06048,2,1,12,2,78,57.0,655.489
417.0605015,6,1,14,3,122,54.0,542.319
417.060505,5,20,8,1,45,52.0,287.19
419.841795,1,6,24,5,193,57.0,1185.0
419.841795,2,1,13,3,83,58.0,791.753
419.8417965,3,13,21,6,195,60.0,1667.0
419.8418225,6,2,13,3,118,54.0,530.683
419.841825,5,29,7,1,40,52.0,260.123
419.937861,1,15,29,7,195,59.0,1856.0
419.9378655,3,9,21,8,194,61.0,2558.0
419.937866,2,1,16,6,193,59.0,1498.0
419.9378865,6,2,19,4,140,56.0,882.518
419.937894,5,1,8,1,42,55.0,418.977
420.033686,1,6,24,5,193,57.0,1182.0
420.033687,2,2,11,5,185,57.0,975.225
420.0336875,3,13,22,6,195,60.0,1682.0
420.0337135,6,1,13,3,118,54.0,524.904
420.033716,5,29,8,1,40,53.0,260.574
420.129778,1,15,29,7,195,59.0,1855.0
420.1297825,3,9,23,8,198,61.0,2593.0
420.129783,2,2,16,6,190,59.0,1356.0
420.1298035,6,2,19,4,143,55.0,893.635
420.129808,5,1,9,1,45,55.0,443.93
420.225526,1,12,24,5,192,57.0,1189.0
420.2255275,3,9,20,6,154,59.0,1650.0
420.225528,2,1,11,4,124,57.0,872.585
420.2255495,6,1,15,3,118,53.0,533.249
420.225556,5,1,8,1,42,53.0,271.184
422.91028,1,15,24,6,195,57.0,1229.0
422.9102845,3,9,21,6,154,59.0,1700.0
422.910285,2,1,11,4,124,58.0,850.77
422.9103065,6,1,14,3,139,54.0,575.648
422.910313,5,14,8,1,42,53.0,276.662
423.007147,1,9,27,7,202,59.0,1854.0
423.0071485,3,13,24,8,195,61.0,2625.0
423.007149,2,1,19,6,187,58.0,1609.0
423.0071705,6,69,18,4,142,56.0,899.589
423.007174,5,17,9,2,94,54.0,494.769
423.102918,1,6,24,5,189,57.0,1188.0
423.1029195,3,13,21,6,195,60.0,1736.0
423.102923,2,1,12,2,75,56.0,602.545
423.1029415,6,1,13,3,122,54.0,556.257
423.102948,5,1,8,1,40,53.0,267.339
423.19863,1,15,29,7,195,59.0,1884.0
423.1986345,3,16,23,8,198,61.0,2666.0
423.198635,2,1,16,6,190,59.0,1527.0
423.1986555,6,2,19,4,143,55.0,904.853
423.19866,5,17,9,1,45,55.0,457.928
423.294439,1,12,24,5,189,57.0,1199.0
423.2944405,3,9,21,6,198,59.0,1734.0
423.294441,2,1,11,3,81,58.0,761.448
423.2944625,6,69,14,3,136,54.0,569.412
423.294469,5,14,8,1,42,53.0,281.231
425.9918,1,9,25,5,189,57.0,1202.0
425.9918015,3,13,21,6,198,60.0,1758.0
425.991802,2,1,10,3,81,56.0,687.215
425.9918235,6,1,14,3,122,54.0,562.989
425.991827,5,20,8,1,45,53.0,300.949
426.087961,2,2,19,4,83,59.0,1141.0
426.087961,1,9,26,7,199,59.0,1871.0
426.0879625,3,13,25,8,195,61.0,2682.0
426.0879845,6,7,21,4,160,56.0,929.709
426.087988,5,32,10,2,45,54.0,447.347
426.184785,1,6,24,5,193,57.0,1217.0
426.1847865,3,13,21,6,195,60.0,1748.0
426.18479,2,1,11,5,181,56.0,893.235
426.1848125,6,110,14,3,153,54.0,580.968
426.184815,5,29,8,1,40,53.0,274.941
426.280624,1,13,28,7,196,59.0,1875.0
426.2806255,3,10,24,8,195,61.0,2682.0
426.280627,2,5,17,6,180,60.0,1453.0
426.2806475,6,66,19,4,160,55.0,939.236
426.280654,5,29,9,1,43,55.0,431.706
429.157249,1,6,24,6,196,57.0,1238.0
429.1572505,3,13,22,6,195,60.0,1754.0
429.157254,2,1,11,3,78,58.0,684.666
429.1572725,6,1,14,3,122,54.0,563.928
429.157279,5,1,8,1,40,53.0,276.025
429.253823,1,9,28,7,196,59.0,1884.0
429.2538245,3,13,24,8,198,61.0,2726.0
429.253825,2,1,16,6,187,58.0,1467.0
429.2538465,6,69,18,4,142,56.0,915.626
429.25385,5,17,9,2,94,54.0,506.826
429.34986,1,9,24,5,192,57.0,1229.0
429.3498615,3,13,22,6,154,60.0,1735.0
429.349862,2,1,10,1,48,57.0,509.462
429.3498835,6,69,14,3,139,54.0,584.331
429.349887,5,1,8,2,94,53.0,328.35
429.445602,1,9,28,7,192,59.0,1881.0
429.4456035,3,13,24,8,198,61.0,2716.0
429.445604,2,1,18,6,190,59.0,1503.0
429.4456255,6,69,18,4,142,56.0,910.39
429.445629,5,17,9,1,45,55.0,464.303
432.295752,1,15,25,6,195,58.0,1273.0
432.2957565,3,9,21,6,194,59.0,1800.0
432.295757,2,1,11,3,78,58.0,693.1
432.2957815,6,62,15,3,118,54.0,548.366
432.295785,5,28,8,1,42,53.0,288.829
432.391792,1,6,28,7,199,59.0,1925.0
432.391792,2,8,18,6,165,59.0,1474.0
432.3917935,3,6,24,8,198,61.0,2746.0
432.3918155,6,7,20,4,160,56.0,960.432
432.391819,5,29,9,1,43,54.0,448.384
432.487656,1,6,24,5,189,57.0,1234.0
432.4876575,3,13,21,6,154,60.0,1750.0
432.487661,2,1,11,5,184,57.0,1003.0
432.4876795,6,1,14,3,122,54.0,570.708
432.487683,5,20,8,1,45,53.0,306.961
432.583727,1,9,28,7,192,59.0,1897.0
432.5837285,3,13,23,8,198,61.0,2739.0
432.583729,2,1,15,4,124,58.0,1239.0
432.5837505,6,69,20,4,142,56.0,927.648
432.583754,5,17,9,2,94,54.0,508.67
435.376858,1,6,24,6,196,57.0,1267.0
435.3768595,3,13,21,6,154,60.0,1763.0
435.376861,2,2,11,2,77,57.0,642.122
435.3768815,6,1,15,3,136,54.0,599.888
435.376885,5,20,9,1,45,53.0,310.151
435.472943,1,13,28,7,199,59.0,1951.0
435.472943,2,5,18,6,189,59.0,1563.0
435.4729445,3,10,25,8,195,61.0,2763.0
435.4729665,6,66,20,5,202,56.0,1008.0
435.47297,5,32,9,2,46,55.0,470.901
435.56867,1,6,24,5,189,57.0,1246.0
435.56867,2,5,12,5,186,58.0,1010.0
435.5686715,3,13,22,6,151,59.0,1756.0
435.5686935,6,1,15,3,122,54.0,575.252
435.5687,5,1,8,1,40,53.0,282.599
435.664523,1,9,27,7,192,59.0,1927.0
435.6645245,3,13,24,8,194,61.0,2762.0
435.664525,2,1,17,6,187,58.0,1427.0
435.6645465,6,1,19,5,205,56.0,1004.0
435.66455,5,17,10,2,94,54.0,515.399
438.457298,1,12,24,6,192,58.0,1265.0
438.4572995,3,9,22,6,154,60.0,1757.0
438.4573,2,1,9,3,78,57.0,704.728
438.4573215,6,1,15,3,139,54.0,605.176
438.457328,5,14,8,1,42,53.0,293.61
438.553064,1,9,27,7,192,59.0,1932.0
438.553064,2,2,17,7,201,58.0,1638.0
438.5530655,3,13,25,8,194,62.0,2805.0
438.5530875,6,69,19,5,205,56.0,1018.0
438.553091,5,17,10,2,94,55.0,515.781
438.649909,1,15,25,6,198,57.0,1313.0
438.6499135,3,9,21,6,151,59.0,1766.0
438.649914,2,1,13,3,80,58.0,817.895
438.6499385,6,62,14,3,118,54.0,560.807
438.649941,5,29,8,1,43,54.0,308.765
438.745653,1,13,28,7,199,59.0,1967.0
438.7456545,3,10,24,8,195,61.0,2772.0
438.745656,2,5,20,5,124,60.0,1291.0
438.7456765,6,66,20,5,209,56.0,1020.0
438.74568,5,6,10,2,46,54.0,480.557
441.508156,1,9,24,6,192,57.0,1277.0
441.5081575,3,13,22,6,154,60.0,1770.0
441.508158,2,1,12,5,180,56.0,973.988
441.5081795,6,1,16,3,121,54.0,583.028
441.508183,5,17,9,1,45,53.0,316.747
441.604997,1,9,28,7,196,59.0,1977.0
441.604997,2,5,17,7,201,59.0,1749.0
441.6049985,3,13,24,8,194,61.0,2815.0
441.6050205,6,69,18,5,205,56.0,1019.0
441.605024,5,29,10,2,45,55.0,477.9
441.700802,1,3,25,6,196,57.0,1301.0
441.700802,2,1,10,5,189,58.0,996.658
441.7008035,3,13,22,6,154,59.0,1787.0
441.7008255,6,1,15,3,122,54.0,576.992
441.700832,5,29,8,1,40,53.0,281.483
441.796636,1,6,28,7,202,59.0,1993.0
441.7966375,3,7,25,8,195,61.0,2796.0
441.796639,2,2,18,6,192,59.0,1501.0
441.7966595,6,62,20,5,202,56.0,1015.0
441.796663,5,29,10,2,45,54.0,474.653
444.542223,1,6,23,6,192,57.0,1287.0
444.5422245,3,13,22,6,154,59.0,1785.0
444.542228,2,1,13,4,156,57.0,800.929
444.5422465,6,1,15,3,139,54.0,609.441
444.54225,5,20,9,1,45,53.0,316.967
444.639071,1,15,27,7,201,60.0,2036.0
444.6390755,3,9,25,8,194,61.0,2790.0
444.639076,2,1,18,5,156,58.0,1262.0
444.6390965,6,66,21,5,202,56.0,1018.0
444.639101,5,31,10,2,45,55.0,479.752
444.734919,1,12,24,6,195,58.0,1293.0
444.7349205,3,13,22,6,154,60.0,1784.0
444.734921,2,1,11,4,156,58.0,868.657
444.7349425,6,1,16,3,121,54.0,584.462
444.734946,5,17,9,1,45,53.0,314.298
444.83098,1,15,28,7,201,60.0,2037.0
444.8309845,3,13,25,8,194,61.0,2788.0
444.830985,2,1,17,5,156,59.0,1415.0
444.8310065,6,65,20,4,156,56.0,962.705
444.83101,5,17,11,2,91,55.0,523.688
447.618306,1,9,23,6,192,57.0,1295.0
447.6183075,3,13,21,6,191,60.0,1838.0
447.618308,2,1,11,4,153,57.0,961.733
447.6183295,6,69,15,3,139,54.0,619.068
447.618333,5,1,9,1,45,53.0,324.08
447.715108,1,6,29,7,195,59.0,1987.0
447.715108,2,5,17,6,189,59.0,1671.0
447.7151095,3,13,25,8,194,61.0,2817.0
447.7151315,6,69,18,5,205,56.0,1022.0
447.715135,5,17,10,2,94,55.0,538.206
447.810969,1,9,24,6,195,58.0,1301.0
447.8109705,3,13,24,7,194,60.0,1844.0
447.810971,2,1,10,3,81,57.0,706.342
447.8109925,6,1,16,3,121,54.0,583.977
447.810996,5,17,9,1,45,53.0,323.954
447.906805,1,6,30,7,195,59.0,1996.0
447.9068065,3,13,26,8,194,61.0,2818.0
447.906808,2,2,18,6,189,59.0,1556.0
447.9068285,6,69,18,5,205,56.0,1030.0
447.906832,5,1,11,2,94,54.0,541.584
450.758235,1,6,23,6,192,57.0,1308.0
450.7582365,3,13,21,7,191,59.0,1867.0
450.758238,2,2,12,5,201,57.0,1082.0
450.7582585,6,1,16,3,139,54.0,619.823
450.758265,5,26,9,2,91,53.0,334.089
450.85407,1,6,29,7,195,59.0,2004.0
450.8540715,3,13,25,8,194,62.0,2830.0
450.854072,2,3,19,7,199,59.0,1630.0
450.8540935,6,69,19,4,142,56.0,956.541
450.854097,5,17,9,2,94,54.0,540.438
450.950109,1,12,23,6,195,58.0,1317.0
450.9501105,3,9,22,6,154,60.0,1809.0
450.950111,2,1,13,2,74,58.0,676.042
450.9501325,6,65,15,3,121,54.0,582.939
450.950139,5,28,8,1,42,54.0,305.974
451.045848,1,13,28,7,199,59.0,2025.0
451.0458495,3,10,25,8,198,61.0,2832.0
451.045851,2,2,19,6,186,60.0,1592.0
451.0458715,6,62,20,5,205,56.0,1026.0
451.045875,5,29,11,2,94,54.0,534.633
453.890174,1,12,23,6,191,58.0,1321.0
453.8901755,3,9,21,6,156,59.0,1820.0
453.890176,2,1,11,5,186,58.0,1025.0
453.8901965,6,1,15,3,139,54.0,617.177
453.890203,5,29,9,1,40,53.0,287.891
453.98629,1,15,27,8,210,60.0,2102.0
453.9862945,3,9,25,8,153,61.0,2758.0
453.986295,2,1,20,7,201,59.0,1658.0
453.9863155,6,66,20,5,205,56.0,1030.0
453.986322,5,29,10,1,43,55.0,469.392
454.082041,1,12,23,6,195,58.0,1325.0
454.0820425,3,9,23,6,153,60.0,1807.0
454.082043,2,1,10,2,74,56.0,627.643
454.0820675,6,62,15,3,153,54.0,616.963
454.08207,5,29,9,1,43,53.0,313.586
456.953264,1,9,24,6,195,58.0,1332.0
456.9532655,3,9,21,6,150,60.0,1795.0
456.953266,2,1,11,2,77,57.0,676.882
456.9532905,6,62,15,4,201,54.0,654.872
456.953294,5,28,8,1,42,54.0,311.243
457.049093,1,9,30,7,198,60.0,2051.0
457.0490945,3,13,26,8,154,61.0,2762.0
457.049095,2,1,20,7,198,57.0,1647.0
457.0491155,6,66,20,5,205,56.0,1039.0
457.04912,5,31,10,2,45,55.0,501.222
457.144938,1,6,23,6,195,57.0,1346.0
457.144938,2,1,13,5,158,59.0,1026.0
457.1449395,3,13,22,6,157,59.0,1831.0
457.1449615,6,69,15,3,139,54.0,621.888
457.144965,5,1,9,1,45,53.0,331.954
460.056422,1,12,24,6,191,58.0,1345.0
460.0564235,3,9,22,6,162,59.0,1842.0
460.056424,2,1,15,5,192,57.0,1159.0
460.0564485,6,2,15,3,135,54.0,602.669
460.056451,5,29,9,1,40,53.0,305.498
460.153309,1,6,34,7,198,59.0,2077.0
460.1533105,3,13,25,8,194,61.0,2876.0
460.153312,2,2,18,5,155,60.0,1364.0
460.1533325,6,69,19,5,208,57.0,1051.0
460.153336,5,17,11,2,97,55.0,570.39
460.249033,1,9,22,6,195,57.0,1355.0
460.2490345,3,13,22,6,151,60.0,1818.0
460.249038,2,1,13,5,186,57.0,1019.0
460.2490565,6,1,16,4,204,54.0,672.943
460.24906,5,17,9,1,45,53.0,326.873
463.188378,1,12,25,6,194,58.0,1363.0
463.1883795,3,9,21,6,162,59.0,1858.0
463.18838,2,1,13,3,80,58.0,731.885
463.1884005,6,69,17,3,139,54.0,630.634
463.188407,5,1,8,2,91,53.0,357.238
463.285219,1,12,32,8,210,60.0,2119.0
463.2852205,3,13,26,9,193,61.0,2899.0
463.285221,2,1,19,7,201,58.0,1676.0
463.2852415,6,66,20,5,205,56.0,1053.0
463.285246,5,34,11,2,48,55.0,522.744
463.380967,1,12,24,6,191,58.0,1354.0
463.3809685,3,9,22,6,162,60.0,1854.0
463.380969,2,1,12,4,155,58.0,911.81
463.3809895,6,62,16,3,139,54.0,631.91
463.380996,5,2,8,2,91,53.0,355.869
466.323184,1,9,25,6,195,58.0,1379.0
466.323184,2,2,13,5,200,58.0,1124.0
466.3231855,3,13,22,6,154,60.0,1843.0
466.3232075,6,65,16,3,121,54.0,597.35
466.323211,5,17,10,1,45,53.0,334.34
466.418999,2,2,19,7,203,59.0,1772.0
466.418999,1,12,32,8,222,60.0,2160.0
466.4190005,3,13,28,8,178,61.0,2891.0
466.4190215,6,66,21,5,205,56.0,1064.0
466.419026,5,34,11,2,45,55.0,517.503
466.515856,1,12,24,6,191,58.0,1362.0
466.5158575,3,9,22,6,162,60.0,1873.0
466.515858,2,1,11,1,42,57.0,457.309
466.5158825,6,2,16,3,135,54.0,607.541
466.515885,5,29,9,2,91,54.0,362.684
469.525999,1,12,24,6,191,58.0,1369.0
469.5260005,3,13,23,6,159,60.0,1872.0
469.526001,2,1,15,6,201,57.0,1161.0
469.5260225,6,1,18,3,135,54.0,627.259
469.526028,5,29,10,1,43,54.0,328.123
469.621847,1,15,33,8,197,60.0,2153.0
469.6218515,3,9,27,9,193,61.0,2934.0
469.621852,2,1,20,7,201,59.0,1655.0
469.6218725,6,62,20,4,142,56.0,986.82
469.621879,5,29,10,2,91,55.0,559.284
469.717713,1,13,24,6,195,58.0,1393.0
469.7177155,3,9,23,6,162,59.0,1870.0
469.717716,2,2,12,2,47,58.0,517.819
469.7177365,6,69,17,3,121,55.0,603.317
469.71774,5,20,9,2,94,53.0,382.798
472.690028,1,13,25,6,195,58.0,1398.0
472.690031,2,1,14,4,155,58.0,955.419
472.6900325,3,7,23,6,154,59.0,1811.0
472.6900515,6,69,16,3,142,55.0,647.156
472.690058,5,17,10,2,91,53.0,370.878
472.785771,1,12,34,7,194,60.0,2114.0
472.7857725,3,9,28,8,165,61.0,2859.0
472.785773,2,1,19,7,201,59.0,1739.0
472.7857935,6,69,20,5,201,56.0,1059.0
472.7858,5,3,11,2,94,55.0,560.877
472.8816,1,13,26,6,195,58.0,1400.0
472.881603,2,2,15,3,80,58.0,727.206
472.8816045,3,7,23,6,163,59.0,1847.0
472.8816235,6,69,16,4,204,55.0,698.997
472.881627,5,20,10,1,45,53.0,345.115
475.7741,1,9,26,6,191,57.0,1387.0
475.7741015,3,13,25,6,153,59.0,1850.0
475.774105,2,1,13,5,186,57.0,1093.0
475.7741235,6,65,17,4,156,54.0,660.043
475.774127,5,17,10,1,45,54.0,350.152
475.870957,1,12,34,8,207,60.0,2166.0
475.8709585,3,13,27,9,193,61.0,2940.0
475.870959,2,1,23,7,204,59.0,1851.0
475.8709795,6,2,20,5,201,56.0,1069.0
475.870984,5,31,11,2,93,55.0,587.346
475.966701,1,12,27,6,194,58.0,1396.0
475.9667025,3,9,23,6,162,59.0,1872.0
475.966703,2,1,14,4,158,57.0,939.541
475.9667235,6,1,17,3,139,54.0,640.948
475.96673,5,3,9,2,91,53.0,371.462
478.910771,1,6,24,6,191,57.0,1391.0
478.9107725,3,13,24,6,159,60.0,1876.0
478.910776,2,1,13,5,198,57.0,1090.0
478.9107945,6,65,16,3,121,54.0,611.853
478.910798,5,17,11,1,45,53.0,350.807
479.006829,1,6,32,8,222,59.0,2222.0
479.0068305,3,7,28,8,178,61.0,2920.0
479.006832,2,2,19,7,206,59.0,1806.0
479.0068525,6,65,21,5,207,56.0,1090.0
479.006856,5,17,11,2,97,55.0,607.361
482.061835,1,12,25,6,194,58.0,1410.0
482.0618365,3,9,24,7,165,60.0,1898.0
482.061837,2,1,14,3,80,58.0,743.866
482.0618575,6,69,18,3,142,55.0,645.793
482.061864,5,17,10,1,42,53.0,332.602
482.157935,1,15,33,8,227,60.0,2286.0
482.1579395,3,9,27,8,177,61.0,2925.0
482.15794,2,2,21,7,197,58.0,1697.0
482.1579605,6,69,21,5,204,57.0,1091.0
482.157964,5,41,10,2,97,55.0,604.121
485.144785,1,12,26,6,194,58.0,1424.0
485.1447865,3,9,25,6,162,60.0,1906.0
485.144787,2,1,16,5,194,57.0,1120.0
485.1448075,6,69,17,3,142,55.0,654.45
485.144814,5,3,10,2,91,53.0,384.215
485.240843,1,15,32,9,247,60.0,2332.0
485.2408475,3,9,28,9,177,61.0,2959.0
485.240848,2,1,20,7,203,60.0,1829.0
485.2408685,6,69,22,4,145,57.0,1019.0
485.240872,5,1,11,2,94,55.0,605.871
488.233925,1,9,27,6,194,57.0,1430.0
488.2339265,3,13,26,6,165,59.0,1910.0
488.23393,2,1,13,5,189,57.0,1024.0
488.2339485,6,1,17,3,121,54.0,628.132
488.233955,5,28,10,2,90,54.0,387.308
488.329972,1,9,32,7,194,60.0,2174.0
488.329972,2,2,20,7,188,59.0,1699.0
488.3299735,3,13,28,8,181,61.0,2925.0
488.3299945,6,66,21,5,204,56.0,1109.0
488.329999,5,31,12,2,96,55.0,631.103
491.359969,1,12,26,6,194,58.0,1439.0
491.3599705,3,13,25,7,177,60.0,1921.0
491.359971,2,1,14,4,136,57.0,902.264
491.3599915,6,69,18,3,142,55.0,667.048
491.359998,5,2,10,2,91,53.0,391.663
491.456835,1,15,32,8,224,60.0,2323.0
491.4568395,3,9,28,9,177,61.0,2958.0
491.45684,2,1,20,7,203,59.0,1819.0
491.4568605,6,69,22,5,166,57.0,1074.0
491.456864,5,20,11,3,97,55.0,626.746
494.46865,1,12,26,6,194,58.0,1448.0
494.4686515,3,13,26,7,174,60.0,1933.0
494.468655,2,1,16,4,136,57.0,826.638
494.4686725,6,2,19,4,163,55.0,698.343
494.468679,5,2,11,2,94,53.0,403.881
494.564693,1,12,31,8,221,60.0,2288.0
494.5646945,3,13,29,9,177,61.0,2937.0
494.564695,2,1,19,7,203,59.0,1975.0
494.5647155,6,69,22,6,207,57.0,1139.0
494.564719,5,41,11,3,97,55.0,634.034
497.612801,1,9,28,6,194,58.0,1456.0
497.612801,2,1,17,5,157,57.0,1071.0
497.6128025,3,13,25,7,181,59.0,1931.0
497.6128245,6,1,19,4,203,55.0,738.937
497.612831,5,28,11,2,90,53.0,389.718
497.708875,1,6,32,8,207,59.0,2254.0
497.708875,2,5,22,8,206,60.0,1973.0
497.7088765,3,13,30,9,185,61.0,2983.0
497.7088985,6,65,23,5,203,56.0,1132.0
497.708902,5,31,12,2,96,55.0,637.35
500.809512,1,6,27,6,194,57.0,1466.0
500.809512,2,8,15,4,138,58.0,956.566
500.8095135,3,13,26,6,168,60.0,1950.0
500.8095355,6,1,18,4,162,54.0,708.932
500.809539,5,31,11,2,93,53.0,422.918
500.905571,1,9,32,8,224,59.0,2323.0
500.905571,2,2,21,8,206,60.0,1926.0
500.9055725,3,13,28,8,181,61.0,2988.0
500.9055935,6,2,23,5,204,56.0,1142.0
500.905598,5,31,11,2,96,55.0,641.683
503.976681,1,13,27,6,194,58.0,1476.0
503.976684,2,1,15,6,203,58.0,1207.0
503.9766855,3,7,26,7,178,59.0,1909.0
503.9767045,6,4,18,3,121,55.0,644.511
503.976708,5,17,12,2,93,53.0,420.293
507.149428,1,13,28,6,194,58.0,1481.0
507.149431,2,1,15,6,200,58.0,1216.0
507.1494325,3,7,26,6,162,59.0,1870.0
507.1494515,6,65,18,4,159,54.0,711.028
507.149455,5,17,12,2,93,53.0,420.896
510.31658,1,12,28,6,193,58.0,1483.0
510.3165815,3,9,26,7,180,60.0,1956.0
510.316582,2,1,15,5,154,58.0,1051.0
510.3166025,6,69,18,4,166,56.0,730.405
510.316609,5,17,11,2,97,53.0,419.632
513.469057,1,6,27,6,194,58.0,1495.0
513.4690585,3,14,27,6,165,59.0,1928.0
513.46906,2,5,15,3,87,58.0,840.488
513.4690805,6,65,18,4,162,55.0,724.645
513.469084,5,31,12,2,93,53.0,424.495
516.612243,1,6,26,6,194,58.0,1509.0
516.612243,2,5,15,3,90,58.0,852.052
516.6122475,3,7,25,7,178,59.0,1931.0
516.6122665,6,1,19,4,162,54.0,725.088
516.61227,5,31,12,2,96,53.0,441.546
519.797889,1,12,27,6,193,58.0,1501.0
519.7978905,3,9,25,7,180,60.0,1944.0
519.797891,2,1,14,3,87,57.0,798.594
519.7979115,6,65,19,4,162,55.0,731.597
519.797915,5,17,12,2,93,53.0,423.444
523.748797,2,8,14,6,196,58.0,1189.0
523.748797,1,6,25,7,221,57.0,1561.0
523.7487985,3,13,26,7,181,59.0,1976.0
523.7488235,6,2,19,4,162,55.0,726.051
523.748827,5,28,11,2,93,53.0,416.798
527.681265,1,15,27,6,196,58.0,1556.0
527.68127,2,1,14,4,135,58.0,951.786
527.6812715,3,7,26,7,178,60.0,1931.0
527.6812905,6,65,19,4,165,55.0,746.38
527.681294,5,17,12,2,93,53.0,441.083
530.823307,1,9,25,6,193,58.0,1538.0
530.823307,2,5,12,6,199,58.0,1189.0
530.8233085,3,13,27,7,180,60.0,1972.0
530.8233295,6,69,18,4,169,55.0,773.167
530.823336,5,38,11,2,91,53.0,431.697
885.457048,5,6,16,4,146,61.0,1101.0
885.45707,1,6,22,5,134,61.0,1390.0
885.4570735,3,9,13,4,188,61.0,883.869
885.457085,2,54,13,5,110,60.0,1876.0
910.063962,1,12,28,9,195,62.0,2992.0
910.0639635,3,13,32,10,220,63.0,3328.0
910.063964,2,9,23,12,171,62.0,5069.0
910.0639745,6,29,24,6,229,58.0,1552.0
910.063987,5,1,13,2,52,55.0,741.245
928.986255,1,12,28,8,194,62.0,3017.0
928.9862565,3,9,32,10,220,62.0,3297.0
928.986257,2,77,24,12,167,62.0,5263.0
928.9862755,6,24,26,6,224,58.0,1530.0
928.98628,5,5,13,4,192,56.0,882.528
932.145162,1,9,27,8,195,62.0,3037.0
932.1451635,3,10,33,10,227,63.0,3312.0
932.145164,2,6,25,11,168,62.0,5192.0
932.1451785,6,29,27,6,219,59.0,1513.0
932.145187,5,20,14,3,119,57.0,843.476
935.301305,1,15,29,9,197,62.0,3085.0
935.3013095,3,9,31,10,223,62.0,3302.0
935.30131,2,77,26,12,170,62.0,5308.0
935.3013235,6,29,27,7,232,58.0,1559.0
935.301333,5,5,13,4,192,57.0,883.545
938.460275,1,12,28,9,194,62.0,3038.0
938.4602765,3,13,32,10,223,63.0,3312.0
938.460277,2,9,27,11,164,62.0,5196.0
938.4602955,6,21,25,7,233,58.0,1567.0
938.4603,5,2,13,2,54,56.0,773.408
941.626004,1,12,27,9,194,62.0,3051.0
941.6260055,3,13,30,10,220,63.0,3310.0
941.626006,2,77,26,12,206,62.0,5204.0
941.6260165,6,29,26,7,238,58.0,1581.0
941.626029,5,2,13,2,57,56.0,771.003
944.711186,1,6,25,7,195,60.0,2012.0
944.7111875,3,10,27,7,183,60.0,2100.0
944.711189,2,5,21,9,167,60.0,3440.0
944.7112075,6,24,21,3,96,56.0,829.56
944.711214,5,17,10,2,52,55.0,468.272
944.806928,2,80,26,12,173,62.0,5334.0
944.806929,1,12,28,8,194,62.0,3059.0
944.8069305,3,9,32,10,223,62.0,3279.0
944.8069445,6,29,26,7,232,58.0,1563.0
944.806954,5,5,14,4,192,56.0,867.766
947.734063,1,15,30,9,197,62.0,3111.0
947.7340675,3,9,30,10,223,62.0,3300.0
947.734068,2,77,27,11,170,63.0,5234.0
947.7340865,6,24,27,7,227,58.0,1533.0
947.734091,5,5,12,4,192,57.0,873.249
947.830167,1,12,23,7,194,60.0,2011.0
947.830169,2,77,22,9,170,61.0,3440.0
947.8301705,3,7,27,7,180,60.0,2071.0
947.8301875,6,24,22,3,114,56.0,853.57
947.830192,5,5,11,2,54,56.0,511.789
947.9267,1,12,29,9,194,63.0,3062.0
947.9267015,3,13,31,9,202,63.0,3274.0
947.926702,2,77,27,15,335,63.0,5765.0
947.9267165,6,25,25,7,237,58.0,1582.0
947.926725,5,2,13,2,54,56.0,774.11
950.766186,1,9,28,9,194,62.0,3064.0
950.7661875,3,13,32,10,220,63.0,3275.0
950.766188,2,77,27,12,170,62.0,5247.0
950.7662015,6,29,26,7,235,58.0,1575.0
950.766211,5,5,15,4,192,56.0,896.035
950.862031,2,2,22,9,137,60.0,3420.0
950.862031,1,12,24,7,195,60.0,2021.0
950.8620325,3,13,26,7,182,61.0,2092.0
950.8620525,6,1,21,5,193,57.0,934.684
950.862056,5,20,11,2,52,55.0,503.483
950.958977,1,15,29,9,197,62.0,3118.0
950.9589815,3,9,32,10,223,62.0,3325.0
950.958982,2,77,26,13,221,62.0,5436.0
950.9590005,6,24,27,7,233,58.0,1563.0
950.959005,5,5,13,2,54,57.0,775.459
953.91212,1,12,25,7,194,61.0,2024.0
953.9121215,3,13,27,7,199,61.0,2127.0
953.912122,2,77,22,8,134,60.0,3254.0
953.9121405,6,24,20,5,218,56.0,989.734
953.912145,5,2,10,2,51,55.0,501.36
954.007998,1,9,29,9,195,62.0,3095.0
954.007998,2,11,28,14,269,63.0,5731.0
954.0079995,3,13,32,10,227,63.0,3340.0
954.0080105,6,1,28,7,238,58.0,1582.0
954.008023,5,20,14,3,119,57.0,846.933
957.006314,1,12,24,7,194,61.0,2024.0
957.0063155,3,13,26,7,199,61.0,2117.0
957.006316,2,9,22,9,164,61.0,3464.0
957.0063345,6,1,19,5,221,56.0,988.639
957.006339,5,2,10,2,51,55.0,494.537
957.102056,1,12,29,9,194,63.0,3089.0
957.1020575,3,13,32,10,220,63.0,3274.0
957.102058,2,77,28,14,261,62.0,5499.0
957.1020765,6,25,26,7,233,57.0,1555.0
957.102081,5,2,12,2,57,56.0,779.416
960.17204,1,12,24,7,194,61.0,2032.0
960.1720415,3,13,28,7,182,61.0,2118.0
960.172042,2,77,22,9,164,61.0,3596.0
960.1720605,6,1,20,5,224,56.0,1008.0
960.172065,5,2,10,2,48,55.0,489.154
960.26791,1,15,29,9,197,62.0,3138.0
960.2679145,3,9,32,10,223,62.0,3282.0
960.267915,2,77,27,15,334,62.0,5610.0
960.2679285,6,29,27,7,232,58.0,1565.0
960.267938,5,5,13,4,192,57.0,881.747
963.33298,1,12,24,7,192,61.0,2019.0
963.3329815,3,13,27,7,196,61.0,2116.0
963.332982,2,9,22,9,164,61.0,3492.0
963.3330005,6,21,20,5,221,56.0,994.688
963.333005,5,1,11,2,52,54.0,509.376
963.429787,1,12,29,9,194,63.0,3099.0
963.4297885,3,13,31,10,220,63.0,3272.0
963.429789,2,77,27,13,221,63.0,5545.0
963.4298075,6,24,27,7,233,58.0,1553.0
963.429812,5,5,13,2,62,56.0,783.375
966.453002,1,12,24,7,195,61.0,2046.0
966.4530035,3,13,28,7,182,61.0,2089.0
966.453004,2,3,22,9,168,60.0,3418.0
966.4530235,6,1,22,5,193,57.0,937.521
966.453027,5,20,11,2,52,56.0,510.112
966.548775,1,12,29,9,195,63.0,3113.0
966.548775,2,2,29,15,334,62.0,5815.0
966.5487765,3,13,32,10,227,63.0,3299.0
966.5487875,6,1,29,7,232,58.0,1557.0
966.5488,5,17,14,2,52,56.0,761.83
969.51999,1,12,28,9,195,62.0,3117.0
969.51999,2,76,28,13,206,62.0,5419.0
969.5199915,3,6,33,10,227,63.0,3296.0
969.5200065,6,1,28,7,225,58.0,1539.0
969.520015,5,20,13,2,55,57.0,779.806
969.615845,1,12,25,7,195,60.0,2043.0
969.615845,2,2,21,8,137,61.0,3468.0
969.6158465,3,13,28,8,224,61.0,2159.0
969.6158665,6,1,22,5,193,57.0,937.139
969.61587,5,20,11,2,52,56.0,503.743
969.712499,1,12,29,9,194,63.0,3125.0
969.7125005,3,13,33,10,220,63.0,3276.0
969.712501,2,77,27,12,170,62.0,5213.0
969.7125195,6,24,27,7,233,57.0,1555.0
969.712524,5,2,12,2,51,56.0,752.84
972.638967,1,12,29,9,194,63.0,3126.0
972.6389685,3,13,32,10,214,63.0,3271.0
972.638969,2,9,26,15,335,63.0,5575.0
972.6389795,6,29,27,7,241,58.0,1584.0
972.638992,5,17,13,2,52,56.0,763.514
972.734829,1,12,26,7,192,61.0,2038.0
972.7348305,3,13,29,7,182,61.0,2091.0
972.734831,2,9,25,9,164,60.0,3394.0
972.7348505,6,1,22,5,196,56.0,940.344
972.734854,5,1,11,2,52,55.0,506.337
972.830661,1,9,28,9,195,62.0,3133.0
972.8306625,3,6,31,10,227,63.0,3296.0
972.830663,2,9,25,12,171,62.0,5245.0
972.8306775,6,1,27,7,219,58.0,1523.0
972.830686,5,20,13,2,55,57.0,781.272
975.817878,1,12,25,7,192,61.0,2048.0
975.8178795,3,13,28,8,224,61.0,2167.0
975.81788,2,9,23,8,135,61.0,3267.0
975.8178995,6,1,22,5,196,56.0,943.916
975.817903,5,1,11,2,52,55.0,508.142
975.913918,1,15,29,9,197,62.0,3190.0
975.9139225,3,9,31,10,223,62.0,3307.0
975.913923,2,77,26,12,170,62.0,5325.0
975.9139365,6,29,28,7,232,58.0,1556.0
975.913946,5,5,13,4,192,57.0,891.159
978.897171,2,11,29,13,220,62.0,5709.0
978.897171,1,12,29,9,195,63.0,3151.0
978.8971725,3,13,32,10,227,63.0,3308.0
978.8971835,6,1,29,7,238,58.0,1578.0
978.897185,5,31,15,3,66,57.0,827.949
978.99294,1,12,25,7,194,61.0,2063.0
978.9929415,3,13,27,7,196,61.0,2101.0
978.992942,2,77,22,8,134,61.0,3266.0
978.9929605,6,1,21,5,230,56.0,1012.0
978.992965,5,2,10,2,51,55.0,504.398
979.088658,2,8,26,12,173,62.0,5387.0
979.088658,1,9,28,9,195,62.0,3155.0
979.0886595,3,10,31,10,227,63.0,3270.0
979.0886745,6,29,28,5,164,58.0,1367.0
979.088683,5,20,13,2,55,57.0,777.48
982.14367,1,6,23,7,195,60.0,2075.0
982.14367,2,5,26,10,173,61.0,3803.0
982.1436715,3,10,26,8,224,61.0,2149.0
982.1436915,6,24,22,3,96,56.0,810.718
982.143698,5,17,10,2,52,56.0,468.895
982.239735,1,8,27,9,197,62.0,3217.0
982.239737,2,8,29,12,170,62.0,5294.0
982.2397385,3,10,32,9,183,63.0,3201.0
982.2397535,6,29,29,5,122,58.0,1311.0
982.239762,5,20,13,4,193,57.0,891.99
985.310848,1,12,26,7,194,61.0,2064.0
985.3108495,3,13,26,7,182,61.0,2098.0
985.31085,2,77,23,9,170,61.0,3515.0
985.3108685,6,21,21,5,218,56.0,982.663
985.310873,5,1,10,2,48,54.0,501.47
985.406583,1,15,29,9,197,62.0,3211.0
985.406585,2,80,27,12,173,62.0,5365.0
985.4065875,3,9,32,9,220,62.0,3268.0
985.4066015,6,29,29,7,238,58.0,1571.0
985.406611,5,5,13,2,54,57.0,782.878
988.421559,1,8,27,9,200,62.0,3236.0
988.421561,2,8,29,13,209,63.0,5565.0
988.4215655,3,7,31,9,221,62.0,3193.0
988.4215775,6,29,28,7,229,58.0,1554.0
988.421586,5,20,14,4,193,57.0,909.189
988.517704,1,12,25,7,195,61.0,2075.0
988.5177055,3,13,27,7,182,61.0,2071.0
988.517706,2,1,21,8,135,61.0,3356.0
988.5177255,6,1,22,5,193,57.0,933.625
988.517729,5,20,10,2,52,55.0,509.544
988.614227,1,12,29,9,195,62.0,3177.0
988.614227,2,8,26,12,170,62.0,5427.0
988.6142285,3,7,32,10,224,62.0,3263.0
988.6142435,6,1,29,6,201,58.0,1474.0
988.614252,5,20,12,2,55,57.0,776.949
991.568512,1,12,28,9,194,63.0,3172.0
991.5685135,3,13,31,9,199,63.0,3209.0
991.568514,2,77,27,14,267,62.0,5527.0
991.5685325,6,24,27,7,230,58.0,1536.0
991.568537,5,5,13,3,112,57.0,834.283
991.664345,1,12,24,7,195,61.0,2082.0
991.664345,2,11,22,8,140,60.0,3372.0
991.6643465,3,13,27,8,224,61.0,2143.0
991.6643665,6,1,22,5,193,56.0,928.186
991.66437,5,20,11,2,52,55.0,498.916
991.760184,1,12,29,9,195,63.0,3186.0
991.760184,2,11,27,12,170,62.0,5399.0
991.7601855,3,13,32,10,224,63.0,3293.0
991.7601965,6,1,29,7,229,58.0,1543.0
991.760209,5,20,14,2,55,57.0,786.742
994.730405,1,9,28,9,195,62.0,3204.0
994.730405,2,8,28,15,337,63.0,5838.0
994.7304065,3,10,31,10,224,63.0,3286.0
994.7304215,6,29,29,6,199,58.0,1455.0
994.73043,5,20,13,4,193,58.0,903.022
994.826251,1,12,26,7,195,61.0,2093.0
994.8262525,3,13,27,7,182,61.0,2092.0
994.826253,2,6,23,9,138,61.0,3406.0
994.8262725,6,1,21,5,193,56.0,927.403
994.826276,5,1,11,2,52,55.0,505.556
994.922367,1,12,28,9,194,63.0,3193.0
994.9223685,3,13,33,9,214,63.0,3252.0
994.922369,2,77,26,13,221,63.0,5432.0
994.9223825,6,29,29,7,238,58.0,1568.0
994.922392,5,5,12,3,112,56.0,843.813
997.780564,1,12,25,7,194,61.0,2095.0
997.7805655,3,9,26,7,182,61.0,2097.0
997.780566,2,77,21,9,170,61.0,3395.0
997.7805845,6,24,21,5,218,56.0,981.454
997.780589,5,2,9,2,51,55.0,508.022
997.876336,1,9,28,9,198,62.0,3210.0
997.876336,2,8,26,13,203,62.0,5543.0
997.8763375,3,10,31,10,224,63.0,3272.0
997.8763525,6,29,28,5,122,58.0,1293.0
997.876361,5,20,13,2,55,58.0,794.592
997.972214,1,12,25,7,194,61.0,2098.0
997.9722155,3,13,27,7,182,61.0,2105.0
997.972216,2,77,22,8,137,60.0,3190.0
997.9722345,6,24,20,5,224,56.0,991.013
997.972239,5,2,10,2,51,55.0,506.293
998.068028,1,12,29,9,195,63.0,3201.0
998.0680295,3,13,33,10,227,63.0,3281.0
998.06803,2,6,25,12,168,63.0,5297.0
998.0680405,6,1,29,6,205,58.0,1470.0
998.068053,5,20,14,2,55,57.0,784.504
1000.84781,1,12,25,7,194,61.0,2099.0
1000.8478115,3,13,26,7,182,61.0,2089.0
1000.847812,2,9,22,9,164,61.0,3499.0
1000.8478305,6,21,22,5,221,56.0,988.069
1000.847835,5,2,10,2,51,54.0,500.022
1000.943466,1,15,28,9,200,62.0,3251.0
1000.9434705,3,9,30,9,220,62.0,3252.0
1000.943471,2,77,27,13,221,63.0,5535.0
1000.9434845,6,29,28,7,238,58.0,1562.0
1000.943494,5,5,13,4,192,57.0,886.762
1001.039247,1,12,25,7,194,61.0,2102.0
1001.0392485,3,13,27,7,182,61.0,2099.0
1001.039249,2,77,23,12,335,61.0,3847.0
1001.0392675,6,1,21,5,230,56.0,1006.0
1001.039272,5,2,10,2,51,55.0,515.939
1001.135096,1,9,28,9,198,62.0,3219.0
1001.135096,2,8,28,12,206,62.0,5515.0
1001.1350975,3,10,33,10,224,63.0,3289.0
1001.1351125,6,29,29,6,199,58.0,1448.0
1001.135121,5,20,13,4,193,57.0,895.745
1003.916612,1,12,26,7,194,61.0,2102.0
1003.9166135,3,13,26,7,182,61.0,2090.0
1003.916614,2,1,22,10,224,60.0,3485.0
1003.9166325,6,24,20,5,224,56.0,989.57
1003.916637,5,2,10,2,51,55.0,504.235
1004.013292,1,12,28,9,194,63.0,3202.0
1004.0132935,3,13,31,9,214,63.0,3237.0
1004.013294,2,77,27,13,224,63.0,5536.0
1004.0133045,6,29,29,7,241,58.0,1564.0
1004.013317,5,1,14,2,52,56.0,763.562
1004.109308,1,9,25,7,195,60.0,2118.0
1004.109308,2,8,23,9,170,60.0,3520.0
1004.1093095,3,10,25,8,224,61.0,2163.0
1004.1093295,6,7,23,3,114,56.0,826.553
1004.109336,5,17,10,2,52,56.0,472.776
1004.206149,1,9,28,9,195,62.0,3221.0
1004.2061505,3,10,32,10,224,63.0,3246.0
1004.206151,2,6,27,13,227,62.0,5633.0
1004.2061655,6,12,29,6,201,58.0,1459.0
1004.206174,5,20,13,4,193,57.0,881.281
1007.006837,1,6,24,7,195,60.0,2117.0
1007.00684,2,77,22,9,170,60.0,3528.0
1007.0068415,3,7,25,7,180,60.0,2027.0
1007.0068585,6,24,22,5,194,56.0,927.637
1007.006865,5,17,10,2,49,56.0,467.828
1007.102643,2,79,28,14,267,63.0,5858.0
1007.102643,1,12,28,9,195,63.0,3224.0
1007.1026445,3,13,32,10,227,63.0,3259.0
1007.1026555,6,29,29,7,241,58.0,1570.0
1007.102668,5,17,13,2,55,56.0,784.458
1007.198327,1,12,24,7,195,61.0,2117.0
1007.1983285,3,13,26,7,182,61.0,2105.0
1007.198329,2,9,23,9,164,61.0,3566.0
1007.1983485,6,1,23,5,193,56.0,928.708
1007.198352,5,20,11,2,52,56.0,522.2
1007.29418,1,12,29,9,195,63.0,3209.0
1007.2941815,3,13,32,9,196,63.0,3210.0
1007.294182,2,9,28,13,207,63.0,5391.0
1007.2941925,6,29,30,7,238,58.0,1562.0
1007.294205,5,1,13,2,52,56.0,763.591
1010.072944,1,12,25,7,194,61.0,2104.0
1010.0729455,3,13,26,7,182,61.0,2082.0
1010.072946,2,9,21,9,167,60.0,3511.0
1010.0729645,6,21,21,5,224,56.0,986.533
1010.072969,5,2,10,2,48,55.0,497.735
1010.168616,1,12,28,9,198,63.0,3227.0
1010.1686175,3,13,32,10,224,63.0,3247.0
1010.168618,2,9,29,12,168,63.0,5382.0
1010.1686285,6,1,30,6,205,58.0,1470.0
1010.168641,5,20,12,2,55,57.0,796.739
1010.264394,1,12,25,7,195,61.0,2113.0
1010.2643955,3,10,25,7,183,61.0,2082.0
1010.264396,2,9,22,9,174,61.0,3465.0
1010.2644155,6,1,22,3,96,57.0,799.573
1010.264419,5,20,10,2,55,56.0,512.953
1010.360244,1,12,29,9,194,63.0,3234.0
1010.3602455,3,13,31,9,196,63.0,3202.0
1010.360246,2,77,29,13,227,63.0,5655.0
1010.3602595,6,30,29,7,235,58.0,1558.0
1010.360269,5,2,12,2,52,56.0,770.192
1013.045981,1,15,29,9,197,62.0,3292.0
1013.045983,2,80,29,12,173,62.0,5345.0
1013.0459855,3,9,30,9,220,63.0,3279.0
1013.0460045,6,24,28,7,233,58.0,1539.0
1013.046008,5,6,12,2,55,57.0,799.678
1013.141762,1,12,26,7,194,61.0,2119.0
1013.1417635,3,9,25,7,182,61.0,2100.0
1013.141764,2,1,23,10,221,61.0,3484.0
1013.1417825,6,24,21,5,230,56.0,992.105
1013.141787,5,2,10,2,51,55.0,497.216
1013.238435,1,12,28,9,194,63.0,3237.0
1013.2384365,3,13,31,9,214,63.0,3252.0
1013.238437,2,77,29,13,227,63.0,5603.0
1013.2384555,6,24,29,7,233,58.0,1538.0
1013.23846,5,2,11,2,52,57.0,767.008
1013.334456,1,12,25,7,194,61.0,2114.0
1013.3344575,3,13,26,7,182,61.0,2101.0
1013.334458,2,77,20,9,170,61.0,3495.0
1013.3344765,6,24,21,5,197,56.0,932.798
1013.334481,5,2,10,2,51,55.0,505.182
1013.430295,1,12,29,9,194,63.0,3229.0
1013.4302965,3,13,30,9,220,63.0,3259.0
1013.430297,2,9,31,13,224,62.0,5493.0
1013.4303155,6,24,28,7,233,58.0,1542.0
1013.43032,5,5,13,2,51,57.0,781.544
1016.087242,1,12,29,9,195,63.0,3246.0
1016.0872435,3,6,31,10,224,63.0,3257.0
1016.087244,2,6,27,12,168,62.0,5431.0
1016.087256,5,31,13,3,66,57.0,835.587
1016.0872585,6,1,29,6,201,58.0,1447.0
1016.183008,2,2,24,10,170,61.0,3581.0
1016.183008,1,12,24,7,195,61.0,2121.0
1016.1830095,3,6,26,8,224,61.0,2138.0
1016.1830295,6,1,22,3,100,57.0,799.965
1016.183033,5,20,11,2,52,56.0,505.971
1016.278728,1,12,28,9,194,63.0,3242.0
1016.2787295,3,13,32,9,196,63.0,3203.0
1016.27873,2,9,27,13,224,63.0,5604.0
1016.2787485,6,21,28,7,230,58.0,1530.0
1016.278753,5,2,13,2,51,57.0,765.078
1016.374561,1,9,24,7,195,60.0,2143.0
1016.3745625,3,10,26,7,183,61.0,2097.0
1016.374564,2,2,22,9,170,60.0,3548.0
1016.3745825,6,7,22,5,194,57.0,927.923
1016.374586,5,20,10,2,55,56.0,527.265
1016.470392,1,8,29,9,200,62.0,3310.0
1016.4703955,3,10,31,9,224,62.0,3261.0
1016.470397,2,77,27,14,267,62.0,5644.0
1016.4704105,6,29,27,7,232,58.0,1531.0
1016.470419,5,20,12,3,113,57.0,848.434
1019.240016,1,12,26,7,194,61.0,2141.0
1019.2400175,3,13,27,7,182,61.0,2080.0
1019.240018,2,1,22,8,135,61.0,3340.0
1019.2400365,6,21,21,5,197,55.0,931.728
1019.240041,5,2,9,2,48,54.0,495.078
1019.335784,2,12,27,13,224,62.0,5602.0
1019.335785,1,12,29,9,194,63.0,3255.0
1019.3357865,3,13,30,9,214,63.0,3224.0
1019.3358055,6,24,29,7,233,58.0,1532.0
1019.33581,5,5,12,2,51,57.0,777.114
1019.431644,1,9,24,7,195,61.0,2140.0
1019.4316455,3,13,27,7,182,61.0,2072.0
1019.431646,2,9,22,10,224,61.0,3486.0
1019.4316645,6,2,22,5,197,56.0,936.175
1019.431669,5,1,11,2,52,55.0,513.845
1019.52829,1,12,29,9,195,63.0,3258.0
1019.5282915,3,13,31,9,182,63.0,3179.0
1019.528292,2,9,26,12,168,63.0,5312.0
1019.5283025,6,1,30,6,205,58.0,1457.0
1019.528315,5,20,13,2,55,57.0,789.349
1022.480725,1,12,28,9,198,63.0,3294.0
1022.480725,2,5,27,13,229,63.0,5645.0
1022.4807265,3,6,30,10,224,63.0,3245.0
1022.4807415,6,1,30,6,201,58.0,1451.0
1022.48075,5,20,13,2,55,57.0,782.719
1022.57657,1,12,25,7,194,61.0,2155.0
1022.5765715,3,9,27,7,182,61.0,2077.0
1022.576572,2,1,23,10,224,61.0,3560.0
1022.5765905,6,24,23,5,230,56.0,993.339
1022.576595,5,5,9,2,51,55.0,511.857
1022.6726,1,12,28,9,198,63.0,3277.0
1022.6726015,3,13,32,11,310,63.0,3319.0
1022.672602,2,9,28,11,164,62.0,5251.0
1022.6726125,6,1,30,6,205,58.0,1460.0
1022.672625,5,20,12,2,55,57.0,797.301
1025.605816,1,6,25,7,195,60.0,2156.0
1025.6058175,3,10,26,7,183,61.0,2077.0
1025.605819,2,2,22,8,137,60.0,3309.0
1025.6058375,6,24,23,5,221,56.0,977.83
1025.605844,5,17,9,2,49,56.0,468.922
1025.701559,1,12,28,9,195,63.0,3273.0
1025.7015605,3,13,31,9,214,63.0,3218.0
1025.701561,2,9,27,13,221,63.0,5425.0
1025.70157,5,16,14,3,66,57.0,833.236
1025.7015795,6,25,29,7,233,57.0,1533.0
1025.797411,1,12,25,7,195,61.0,2152.0
1025.7974125,3,13,26,7,182,61.0,2078.0
1025.797413,2,9,22,9,167,61.0,3369.0
1025.7974355,6,2,22,4,190,56.0,903.471
1025.797436,5,17,11,2,52,55.0,519.899
1025.894031,1,12,28,9,198,62.0,3281.0
1025.894031,2,8,26,12,170,62.0,5261.0
1025.8940325,3,10,32,10,224,63.0,3264.0
1025.8940435,6,16,29,5,168,58.0,1343.0
1025.894045,5,31,13,4,204,57.0,939.412
1028.682763,1,9,27,9,198,62.0,3311.0
1028.682763,2,80,25,12,170,62.0,5415.0
1028.6827645,3,10,32,9,221,62.0,3256.0
1028.682777,5,31,12,4,204,57.0,939.664
1028.6827795,6,29,29,7,232,58.0,1530.0
1028.778862,1,12,25,7,195,61.0,2153.0
1028.7788635,3,13,28,8,224,61.0,2126.0
1028.778864,2,9,22,9,164,61.0,3500.0
1028.7788865,6,2,23,4,190,56.0,890.322
1028.778887,5,1,11,2,48,55.0,487.426
1028.874657,1,8,29,9,200,62.0,3336.0
1028.874659,2,8,30,14,264,62.0,5589.0
1028.8746605,3,10,31,9,221,63.0,3255.0
1028.8746755,6,29,29,7,235,58.0,1553.0
1028.874684,5,20,13,3,113,57.0,854.876
1028.970348,1,12,25,7,192,61.0,2133.0
1028.9703495,3,13,28,7,182,61.0,2060.0
1028.97035,2,9,24,10,204,61.0,3553.0
1028.9703685,6,21,23,5,200,56.0,938.142
1028.970373,5,2,10,2,51,55.0,513.687
1029.066118,1,15,30,9,200,62.0,3343.0
1029.0661225,3,9,31,9,211,63.0,3218.0
1029.066123,2,77,29,13,224,62.0,5478.0
1029.0661365,6,29,29,7,238,58.0,1548.0
1029.066146,5,5,12,3,112,57.0,847.458
1031.744802,1,12,29,9,195,63.0,3290.0
1031.7448035,3,13,32,10,224,63.0,3231.0
1031.744804,2,9,26,12,204,62.0,5356.0
1031.7448185,6,25,29,6,201,58.0,1457.0
1031.744827,5,20,12,2,55,57.0,800.006
1031.84066,1,12,25,7,194,61.0,2162.0
1031.8406615,3,13,26,7,182,61.0,2081.0
1031.840662,2,77,21,9,167,60.0,3275.0
1031.8406805,6,24,22,5,200,56.0,942.585
1031.840685,5,2,10,2,48,55.0,508.31
1031.936702,1,12,29,9,198,62.0,3309.0
1031.936702,2,8,27,12,170,62.0,5328.0
1031.9367035,3,10,31,9,224,63.0,3244.0
1031.936716,5,31,12,3,66,58.0,839.391
1031.9367185,6,12,29,7,226,58.0,1504.0
1032.032466,1,12,25,7,194,61.0,2172.0
1032.0324675,3,10,26,7,182,61.0,2082.0
1032.032468,2,9,25,8,137,60.0,3183.0
1032.0324865,6,24,20,5,200,56.0,933.892
1032.032491,5,2,10,2,51,56.0,523.58
1032.128184,1,12,29,9,195,63.0,3308.0
1032.1281855,3,6,31,9,224,63.0,3233.0
1032.128186,2,6,27,12,204,62.0,5479.0
1032.128198,5,31,13,4,204,57.0,942.969
1032.1282005,6,1,29,6,187,58.0,1393.0
1034.700302,1,9,24,7,195,61.0,2161.0
1034.7003035,3,10,26,8,224,61.0,2136.0
1034.700307,2,3,21,9,165,61.0,3249.0
1034.7003235,6,1,24,3,114,57.0,814.084
1034.700327,5,20,11,2,55,56.0,522.491
1034.796042,1,15,29,9,197,63.0,3346.0
1034.7960465,3,13,30,9,220,63.0,3251.0
1034.796047,2,77,29,13,221,63.0,5290.0
1034.7960605,6,29,29,7,238,58.0,1558.0
1034.79607,5,5,13,2,51,57.0,773.737
1034.891843,2,8,23,9,173,60.0,3601.0
1034.891844,1,5,25,7,194,60.0,2166.0
1034.8918475,3,7,26,7,180,61.0,2033.0
1034.8918645,6,24,21,5,218,56.0,956.124
1034.891871,5,3,9,2,49,55.0,453.465
1034.98761,1,12,27,9,194,63.0,3296.0
1034.9876115,3,13,31,9,214,63.0,3223.0
1034.987612,2,77,29,13,224,62.0,5528.0
1034.9876255,6,29,29,7,238,58.0,1551.0
1034.987635,5,5,12,2,51,57.0,785.511
1035.083431,1,12,26,7,194,61.0,2159.0
1035.0834325,3,10,25,7,182,61.0,2067.0
1035.083433,2,1,23,9,170,61.0,3485.0
1035.0834515,6,24,22,5,197,56.0,928.256
1035.083456,5,2,10,2,51,55.0,513.87
1035.179281,1,11,29,9,200,62.0,3357.0
1035.179283,2,8,29,12,173,63.0,5446.0
1035.1792845,3,10,31,9,221,63.0,3232.0
1035.1792995,6,29,29,7,235,58.0,1545.0
1035.179308,5,20,14,4,193,58.0,903.228
1037.7624,1,12,24,7,195,61.0,2171.0
1037.7624015,3,13,26,8,224,61.0,2121.0
1037.762402,2,9,22,8,138,61.0,3317.0
1037.7624215,6,1,22,3,96,56.0,786.092
1037.762425,5,20,11,2,55,56.0,530.455
1037.85816,1,15,28,9,197,62.0,3348.0
1037.8581635,3,10,31,9,215,62.0,3240.0
1037.858165,2,77,28,12,170,62.0,5234.0
1037.8581785,6,29,30,7,238,58.0,1541.0
1037.858187,5,6,13,2,58,57.0,797.271
1037.953927,1,12,25,7,192,61.0,2156.0
1037.9539285,3,13,28,8,224,61.0,2129.0
1037.953929,2,77,22,10,224,61.0,3518.0
1037.9539475,6,1,24,5,197,56.0,929.158
1037.953952,5,2,10,2,51,55.0,511.901
1038.049657,1,12,28,9,194,63.0,3306.0
1038.0496585,3,13,31,10,310,63.0,3314.0
1038.049659,2,9,29,13,227,63.0,5601.0
1038.0496775,6,24,29,7,230,58.0,1527.0
1038.049682,5,2,12,3,112,57.0,870.221
1038.145512,1,12,25,7,194,60.0,2167.0
1038.145514,2,77,23,9,170,60.0,3356.0
1038.1455155,3,7,26,7,180,61.0,2023.0
1038.1455325,6,24,21,5,230,56.0,988.922
1038.145537,5,5,10,2,51,56.0,519.001
1038.242173,1,12,29,9,198,63.0,3320.0
1038.242173,2,11,26,13,224,63.0,5431.0
1038.2421745,3,6,31,9,186,63.0,3186.0
1038.2421855,6,1,30,5,171,58.0,1347.0
1038.242198,5,20,12,2,55,57.0,796.835
1040.803255,2,11,20,8,137,61.0,3224.0
1040.803255,1,9,24,7,195,60.0,2178.0
1040.8032565,3,10,24,7,183,61.0,2068.0
1040.8032765,6,1,23,3,114,56.0,810.491
1040.80328,5,20,11,2,55,56.0,529.708
1040.899067,1,15,28,9,197,63.0,3370.0
1040.8990715,3,9,30,10,310,63.0,3284.0
1040.899072,2,77,28,13,224,62.0,5590.0
1040.8990855,6,29,28,7,238,58.0,1541.0
1040.899095,5,5,11,3,112,57.0,851.09
1040.995144,1,12,26,7,194,61.0,2167.0
1040.9951455,3,9,25,7,182,61.0,2067.0
1040.995146,2,1,21,9,167,61.0,3377.0
1040.9951645,6,24,21,5,224,56.0,975.748
1040.995169,5,5,10,2,51,55.0,524.781
1041.090882,1,12,29,9,195,63.0,3316.0
1041.0908835,3,13,32,9,183,63.0,3178.0
1041.090884,2,9,28,13,227,62.0,5429.0
1041.0908945,6,29,30,6,208,58.0,1468.0
1041.090907,5,20,13,2,52,57.0,780.371
1041.186631,1,12,25,7,192,61.0,2151.0
1041.1866325,3,13,26,7,182,61.0,2074.0
1041.186633,2,1,21,8,135,61.0,3202.0
1041.1866515,6,1,23,5,197,56.0,928.905
1041.186656,5,2,9,2,48,55.0,508.643
1041.28248,1,12,29,9,194,63.0,3308.0
1041.2824815,3,13,31,9,214,63.0,3208.0
1041.282482,2,9,27,13,224,63.0,5526.0
1041.2825005,6,24,29,7,233,58.0,1525.0
1041.282505,5,5,11,2,51,57.0,781.279
1043.978409,1,12,29,9,195,63.0,3324.0
1043.9784105,3,13,31,9,224,63.0,3237.0
1043.978411,2,9,28,14,268,62.0,5617.0
1043.9784215,6,1,30,6,202,58.0,1440.0
1043.978434,5,20,12,2,55,57.0,807.293
1044.074133,2,8,22,9,170,61.0,3455.0
1044.074133,1,6,25,7,195,60.0,2185.0
1044.0741375,3,7,25,7,180,61.0,2009.0
1044.0741545,6,24,21,5,194,56.0,912.424
1044.074161,5,17,11,2,49,56.0,476.878
1044.170678,1,12,29,9,198,63.0,3336.0
1044.1706795,3,13,31,9,221,63.0,3237.0
1044.17068,2,9,28,12,201,63.0,5336.0
1044.1706905,6,1,30,6,205,58.0,1453.0
1044.170703,5,20,12,2,55,57.0,804.889
1044.266746,1,9,25,7,195,61.0,2181.0
1044.2667475,3,13,25,7,179,61.0,2030.0
1044.266748,2,9,22,9,168,61.0,3446.0
1044.2667675,6,1,23,3,114,56.0,801.275
1044.266771,5,20,10,2,52,56.0,526.018
1044.36361,1,15,29,9,197,62.0,3375.0
1044.3636135,3,10,30,9,215,63.0,3222.0
1044.363615,2,5,27,11,170,62.0,5203.0
1044.3636285,6,29,29,7,238,58.0,1546.0
1044.363638,5,5,12,3,112,57.0,857.306
1047.114261,1,9,29,9,198,62.0,3339.0
1047.114261,2,8,28,14,270,62.0,5678.0
1047.1142625,3,10,30,9,221,63.0,3237.0
1047.1142735,6,33,30,7,242,58.0,1551.0
1047.114286,5,20,14,4,193,58.0,902.279
1047.210009,1,9,24,7,195,60.0,2183.0
1047.2100105,3,10,24,7,183,61.0,2062.0
1047.210012,2,2,24,9,170,61.0,3365.0
1047.2100305,6,7,23,3,114,56.0,809.7
1047.210034,5,20,11,2,55,56.0,532.215
1047.305751,1,15,30,9,197,63.0,3378.0
1047.3057555,3,9,30,10,310,63.0,3264.0
1047.305756,2,9,27,12,170,62.0,5290.0
1047.3057695,6,29,29,7,238,58.0,1542.0
1047.305779,5,5,11,2,51,57.0,795.998
1047.401609,1,12,26,7,195,61.0,2190.0
1047.4016105,3,13,26,8,224,61.0,2096.0
1047.401611,2,9,22,11,224,61.0,3814.0
1047.4016335,6,2,24,3,93,56.0,755.379
1047.401634,5,1,11,2,52,56.0,516.422
1047.497464,1,8,29,9,200,62.0,3399.0
1047.497467,2,7,28,13,229,62.0,5486.0
1047.4974675,3,10,29,9,218,63.0,3215.0
1047.4974825,6,29,29,7,238,58.0,1534.0
1047.497491,5,20,14,4,193,57.0,913.641
1050.162283,1,6,25,7,195,60.0,2195.0
1050.162283,2,8,23,9,173,61.0,3603.0
1050.1622875,3,7,25,7,180,61.0,2011.0
1050.1623045,6,24,22,5,230,56.0,993.655
1050.162311,5,17,11,2,49,56.0,472.773
1050.258042,1,9,29,9,198,62.0,3348.0
1050.258042,2,5,28,12,173,62.0,5299.0
1050.2580435,3,10,30,10,314,63.0,3279.0
1050.258056,5,31,13,3,66,58.0,846.881
1050.2580585,6,12,30,7,235,58.0,1535.0
1050.353852,2,5,23,12,335,60.0,3683.0
1050.353852,1,6,26,7,195,60.0,2191.0
1050.3538565,3,7,25,7,180,61.0,2021.0
1050.3538735,6,24,21,5,224,56.0,968.516
1050.35388,5,3,9,2,49,56.0,469.701
1050.450502,1,12,29,9,195,63.0,3343.0
1050.4505035,3,13,31,9,183,63.0,3145.0
1050.450504,2,9,27,13,221,62.0,5296.0
1050.4505145,6,29,31,6,208,58.0,1465.0
1050.450527,5,2,12,2,52,57.0,793.482
1050.545817,1,12,25,7,195,61.0,2189.0
1050.5458185,3,13,25,7,182,61.0,2058.0
1050.545819,2,9,21,10,224,61.0,3536.0
1050.5458375,6,1,24,3,118,56.0,817.168
1050.545842,5,1,11,2,48,55.0,502.366
1050.642405,1,15,29,9,197,62.0,3387.0
1050.642407,2,80,27,14,239,62.0,5773.0
1050.6424095,3,9,30,10,310,62.0,3295.0
1050.6424235,6,29,28,7,238,58.0,1544.0
1050.642433,5,5,12,3,112,57.0,853.527
1053.273396,1,9,25,7,195,61.0,2189.0
1053.2733975,3,13,24,7,183,61.0,2074.0
1053.273398,2,1,24,9,171,61.0,3548.0
1053.2734085,6,1,23,4,123,56.0,831.087
1053.273421,5,20,11,2,52,56.0,531.091
1053.369114,1,12,28,9,194,63.0,3339.0
1053.3691155,3,9,29,10,310,63.0,3270.0
1053.369116,2,1,26,13,227,62.0,5297.0
1053.3691295,6,29,29,7,235,58.0,1537.0
1053.369139,5,5,11,2,54,57.0,799.654
1053.464866,1,9,25,7,195,60.0,2195.0
1053.4648675,3,10,25,7,183,61.0,2066.0
1053.464869,2,5,24,8,137,61.0,3300.0
1053.4648875,6,1,22,3,114,56.0,809.599
1053.464891,5,20,10,2,55,56.0,528.865
1053.560684,1,11,29,9,200,62.0,3405.0
1053.560687,2,79,27,14,260,62.0,5473.0
1053.5606875,3,10,32,10,314,63.0,3338.0
1053.5607025,6,29,28,7,235,58.0,1527.0
1053.560711,5,20,13,4,193,57.0,930.016
1053.656532,1,12,25,7,192,61.0,2175.0
1053.6565335,3,13,26,7,182,61.0,2054.0
1053.656534,2,9,21,10,221,61.0,3629.0
1053.6565525,6,1,23,5,194,56.0,926.99
1053.656557,5,1,11,2,52,55.0,520.239
1053.752672,1,12,29,9,195,63.0,3351.0
1053.7526735,3,13,30,9,224,63.0,3244.0
1053.752674,2,77,27,13,230,63.0,5440.0
1053.7526875,6,30,30,6,205,57.0,1455.0
1053.752697,5,5,12,2,51,57.0,788.307
1056.338307,1,12,25,7,195,61.0,2203.0
1056.338307,2,11,25,9,170,61.0,3375.0
1056.3383085,3,6,26,7,183,61.0,2066.0
1056.3383285,6,1,24,3,114,56.0,804.536
1056.338332,5,20,10,2,52,56.0,516.314
1056.434111,1,12,29,9,195,63.0,3340.0
1056.4341125,3,13,31,9,224,63.0,3186.0
1056.434113,2,9,29,13,227,63.0,5350.0
1056.4341315,6,21,29,6,197,58.0,1423.0
1056.434136,5,20,12,2,52,57.0,787.386
1056.529918,1,12,24,7,195,61.0,2198.0
1056.5299195,3,13,26,7,183,61.0,2058.0
1056.52992,2,9,21,9,167,61.0,3450.0
1056.5299385,6,1,23,3,97,56.0,787.202
1056.529943,5,1,10,2,48,56.0,520.423
1056.625747,1,15,28,9,200,62.0,3409.0
1056.6257505,3,10,29,9,215,63.0,3197.0
1056.625752,2,77,27,13,224,62.0,5353.0
1056.6257655,6,29,30,7,238,58.0,1532.0
1056.625774,5,6,12,3,113,57.0,860.582
1056.721823,1,6,26,7,195,60.0,2218.0
1056.721823,2,8,24,9,173,60.0,3510.0
1056.7218245,3,10,24,7,183,61.0,2063.0
1056.7218445,6,24,21,5,230,56.0,977.788
1056.721848,5,20,10,2,52,56.0,519.951
1056.818686,1,8,28,9,197,62.0,3410.0
1056.818689,2,7,26,12,172,62.0,5312.0
1056.8186925,3,7,30,10,308,63.0,3217.0
1056.8187045,6,29,30,7,238,58.0,1538.0
1056.818713,5,6,12,2,55,57.0,809.777
1059.382359,1,12,26,7,194,61.0,2195.0
1059.3823605,3,13,26,7,182,61.0,2081.0
1059.382361,2,1,22,9,170,61.0,3323.0
1059.3823795,6,24,23,5,200,56.0,935.084
1059.382384,5,2,9,2,51,55.0,524.097
1059.478179,1,9,28,9,198,62.0,3365.0
1059.4781805,3,10,30,9,221,63.0,3220.0
1059.478181,2,6,29,13,222,62.0,5567.0
1059.4781915,6,16,30,7,239,58.0,1537.0
1059.478193,5,31,13,4,204,58.0,951.905
1059.574055,1,12,26,7,195,61.0,2194.0
1059.5740565,3,13,26,7,183,61.0,2072.0
1059.574057,2,9,22,9,164,61.0,3335.0
1059.5740675,6,1,24,3,105,56.0,801.172
1059.57408,5,20,11,2,52,56.0,522.868
1059.669851,1,8,28,9,200,62.0,3414.0
1059.669853,2,8,30,13,221,62.0,5493.0
1059.6698545,3,10,30,10,311,62.0,3290.0
1059.6698695,6,29,30,7,238,58.0,1540.0
1059.669878,5,20,13,2,55,58.0,819.846
1059.765895,1,12,25,7,192,61.0,2179.0
1059.7658965,3,13,27,7,182,61.0,2061.0
1059.765897,2,9,21,9,164,61.0,3420.0
1059.7659155,6,1,23,5,194,56.0,925.918
1059.76592,5,2,10,2,48,55.0,507.303
1059.861637,1,12,28,9,195,63.0,3358.0
1059.8616385,3,13,32,10,310,63.0,3284.0
1059.861639,2,9,28,13,227,62.0,5363.0
1059.8616575,6,24,29,6,200,58.0,1430.0
1059.861662,5,5,11,2,51,57.0,795.903
1062.500297,1,12,25,7,194,61.0,2201.0
1062.500299,2,1,24,10,221,60.0,3462.0
1062.5003005,3,7,26,7,180,61.0,2016.0
1062.5003175,6,24,22,5,197,56.0,927.984
1062.500322,5,5,9,2,51,56.0,529.03
1062.596136,1,12,29,9,195,63.0,3365.0
1062.5961375,3,13,30,9,224,63.0,3229.0
1062.596138,2,9,26,14,268,63.0,5680.0
1062.5961485,6,29,30,6,205,58.0,1459.0
1062.596161,5,20,12,2,55,57.0,804.174
1062.692261,1,12,26,7,195,61.0,2207.0
1062.6922625,3,13,26,7,183,61.0,2074.0
1062.692263,2,9,24,9,167,61.0,3329.0
1062.6922815,6,2,24,3,97,56.0,784.438
1062.692286,5,1,11,2,52,55.0,519.276
1062.788024,1,8,29,9,197,62.0,3421.0
1062.788026,2,80,26,13,224,62.0,5335.0
1062.7880275,3,10,31,9,215,62.0,3212.0
1062.7880425,6,29,31,7,238,58.0,1541.0
1062.788051,5,6,12,2,55,57.0,803.787
1062.883746,1,9,25,7,195,60.0,2209.0
1062.883746,2,8,22,9,173,61.0,3454.0
1062.8837475,3,10,25,7,183,61.0,2062.0
1062.8837675,6,24,22,5,194,56.0,915.526
1062.883774,5,17,10,2,49,56.0,472.934
1062.979517,1,15,29,9,197,63.0,3412.0
1062.9795215,3,13,30,10,310,63.0,3265.0
1062.979522,2,1,28,13,224,62.0,5303.0
1062.9795355,6,29,31,6,208,57.0,1457.0
1062.979545,5,5,12,2,51,57.0,781.939
1065.655234,1,9,26,7,195,60.0,2210.0
1065.655235,2,7,23,10,226,60.0,3583.0
1065.6552355,3,10,24,7,183,61.0,2046.0
1065.6552555,6,7,21,5,194,56.0,917.529
1065.655262,5,17,9,2,49,56.0,482.547
1065.751061,2,8,28,13,217,62.0,5559.0
1065.751061,1,9,28,9,198,62.0,3394.0
1065.7510625,3,10,29,10,311,63.0,3280.0
1065.751075,5,31,14,3,66,58.0,862.194
1065.7510775,6,29,28,7,238,58.0,1536.0
1065.846907,1,12,25,7,195,61.0,2199.0
1065.8469085,3,13,26,8,224,61.0,2107.0
1065.846909,2,9,21,8,138,61.0,3177.0
1065.8469285,6,1,24,3,96,56.0,783.312
1065.846932,5,1,11,2,51,55.0,518.56
1065.943046,1,12,29,9,195,63.0,3380.0
1065.9430475,3,13,31,9,182,63.0,3133.0
1065.943048,2,9,27,13,227,62.0,5351.0
1065.9430615,6,29,30,6,205,57.0,1452.0
1065.943071,5,2,11,2,51,57.0,795.131
1066.03877,1,9,25,7,195,61.0,2201.0
1066.0387715,3,10,24,7,183,61.0,2062.0
1066.038772,2,3,22,8,138,61.0,3339.0
1066.0387915,6,1,23,3,114,56.0,811.317
1066.038795,5,20,10,2,55,56.0,530.731
1066.13451,1,11,29,9,200,62.0,3436.0
1066.134513,2,7,27,13,223,61.0,5543.0
1066.1345135,3,10,29,9,197,63.0,3164.0
1066.1345285,6,29,28,7,238,58.0,1535.0
1066.134537,5,6,13,2,55,58.0,806.182
1068.894226,1,12,29,9,194,63.0,3378.0
1068.8942275,3,13,30,10,310,63.0,3278.0
1068.894228,2,9,28,14,265,63.0,5588.0
1068.8942415,6,29,30,6,208,57.0,1471.0
1068.894251,5,5,12,3,112,57.0,855.474
1068.989918,1,12,25,7,195,61.0,2222.0
1068.9899195,3,13,25,7,183,61.0,2054.0
1068.98992,2,9,26,8,138,61.0,3300.0
1068.9899425,6,2,22,3,93,56.0,758.035
1068.989943,5,20,11,2,48,56.0,512.284
1069.085687,1,12,29,9,195,63.0,3363.0
1069.0856885,3,13,29,9,224,63.0,3227.0
1069.085689,2,9,27,13,227,63.0,5355.0
1069.0857025,6,29,30,6,205,57.0,1443.0
1069.085712,5,5,11,2,52,57.0,795.886
1069.181546,1,12,25,7,194,61.0,2208.0
1069.1815475,3,9,26,7,182,61.0,2071.0
1069.181548,2,77,24,10,224,60.0,3538.0
1069.1815665,6,24,23,5,200,56.0,938.637
1069.181571,5,5,10,2,51,56.0,530.249
1069.27838,1,11,29,9,200,62.0,3440.0
1069.278383,2,4,27,11,172,62.0,5223.0
1069.2783835,3,10,31,9,197,63.0,3168.0
1069.2783985,6,29,30,7,238,58.0,1538.0
1069.278407,5,20,12,3,113,58.0,873.21
1072.005267,1,12,25,7,192,61.0,2205.0
1072.0052685,3,13,25,7,179,61.0,2049.0
1072.005269,2,9,23,9,167,61.0,3417.0
1072.0052875,6,21,24,5,194,56.0,922.866
1072.005292,5,2,10,2,52,55.0,533.069
1072.101835,1,15,29,9,197,62.0,3421.0
1072.1018385,3,10,30,9,212,62.0,3188.0
1072.10184,2,77,30,13,227,62.0,5317.0
1072.1018535,6,29,29,7,235,58.0,1531.0
1072.101862,5,6,12,2,52,57.0,806.846
1072.197904,1,6,26,7,195,60.0,2213.0
1072.1979055,3,10,24,7,183,61.0,2055.0
1072.197907,2,5,24,9,167,61.0,3370.0
1072.1979255,6,24,21,5,224,56.0,971.781
1072.197932,5,17,10,2,49,56.0,479.427
1072.29362,1,12,29,9,198,63.0,3394.0
1072.29362,2,2,29,12,170,62.0,5254.0
1072.2936215,3,6,32,10,314,63.0,3280.0
1072.2936325,6,1,29,7,239,58.0,1543.0
1072.293645,5,20,12,4,193,57.0,911.869
1072.38937,1,12,25,7,195,61.0,2218.0
1072.3893715,3,13,27,7,176,61.0,2035.0
1072.389372,2,9,22,9,170,61.0,3373.0
1072.3893945,6,2,23,3,93,56.0,761.916
1072.389395,5,1,11,2,52,56.0,527.908
1072.485935,1,15,29,9,197,62.0,3435.0
1072.4859395,3,9,31,10,310,62.0,3270.0
1072.48594,2,5,27,13,227,62.0,5421.0
1072.4859535,6,29,30,7,238,58.0,1529.0
1072.485962,5,6,13,2,55,58.0,823.424
1075.180001,2,5,25,10,224,61.0,3559.0
1075.180002,1,5,25,7,194,60.0,2216.0
1075.1800055,3,7,26,7,180,61.0,2002.0
1075.1800225,6,24,21,5,197,56.0,929.567
1075.180027,5,5,9,2,51,56.0,520.804
1075.275744,1,12,29,9,198,63.0,3397.0
1075.2757455,3,6,29,9,221,63.0,3203.0
1075.275746,2,6,27,13,221,62.0,5224.0
1075.2757565,6,1,29,7,236,58.0,1528.0
1075.275769,5,20,12,4,193,57.0,903.436
1075.371574,1,12,25,7,195,61.0,2208.0
1075.3715755,3,13,27,7,224,61.0,2096.0
1075.371576,2,9,23,10,224,61.0,3541.0
1075.3715945,6,21,23,3,97,56.0,778.685
1075.371599,5,2,10,2,48,55.0,516.608
1075.467433,1,9,29,9,198,63.0,3395.0
1075.467433,2,11,27,12,170,63.0,5376.0
1075.4674345,3,13,31,10,314,63.0,3283.0
1075.4674455,6,1,30,7,239,58.0,1544.0
1075.467458,5,20,14,4,193,57.0,907.755
1075.564256,1,12,26,7,194,61.0,2211.0
1075.5642575,3,9,24,7,182,61.0,2053.0
1075.564258,2,1,22,10,224,60.0,3578.0
1075.5642765,6,24,24,5,200,56.0,936.05
1075.564281,5,2,10,2,51,55.0,530.062
1075.660109,1,12,28,9,195,63.0,3384.0
1075.6601105,3,13,29,10,310,63.0,3265.0
1075.660111,2,9,26,13,224,62.0,5416.0
1075.6601245,6,29,30,6,205,57.0,1449.0
1075.660134,5,5,11,2,51,57.0,792.403
1078.3358,1,12,26,7,192,61.0,2203.0
1078.3358015,3,13,25,7,182,61.0,2065.0
1078.335802,2,9,21,10,224,61.0,3350.0
1078.3358205,6,24,23,5,197,55.0,926.355
1078.335825,5,2,10,2,48,55.0,515.6
1078.431891,1,12,29,9,195,63.0,3390.0
1078.4318925,3,13,31,9,182,63.0,3133.0
1078.431893,2,9,28,13,227,63.0,5347.0
1078.4319065,6,29,31,6,205,58.0,1451.0
1078.431916,5,5,11,3,112,57.0,862.961
1078.527659,1,12,25,7,195,61.0,2218.0
1078.5276605,3,13,24,7,183,61.0,2056.0
1078.527661,2,6,21,9,171,61.0,3460.0
1078.5276805,6,1,24,3,114,56.0,802.599
1078.527684,5,20,11,2,55,56.0,534.583
1078.623379,1,8,30,9,200,62.0,3446.0
1078.623382,2,7,28,13,229,62.0,5562.0
1078.6233855,3,7,30,10,308,63.0,3201.0
1078.6233975,6,29,29,7,235,58.0,1520.0
1078.623406,5,6,13,3,113,58.0,883.264
1078.719226,1,12,25,7,194,61.0,2211.0
1078.719228,2,77,23,10,224,60.0,3622.0
1078.7192295,3,7,26,7,180,61.0,2001.0
1078.7192465,6,24,22,5,197,56.0,918.99
1078.719251,5,5,9,2,51,56.0,519.205
1078.815017,1,12,28,9,195,63.0,3387.0
1078.8150185,3,13,31,9,186,63.0,3150.0
1078.815019,2,9,28,13,224,63.0,5469.0
1078.8150325,6,29,30,6,202,57.0,1447.0
1078.815042,5,2,12,3,112,57.0,884.839
1081.42083,1,12,29,9,195,63.0,3394.0
1081.4208315,3,13,29,9,224,63.0,3201.0
1081.420832,2,9,28,13,230,63.0,5475.0
1081.4208505,6,21,29,6,197,58.0,1422.0
1081.420855,5,2,13,2,55,57.0,801.615
1081.516672,1,9,25,7,195,60.0,2215.0
1081.516672,2,5,24,9,173,61.0,3500.0
1081.5166735,3,10,24,7,183,61.0,2048.0
1081.5166935,6,1,22,3,114,57.0,802.24
1081.516697,5,20,10,2,52,56.0,529.759
1081.612543,1,15,29,9,197,62.0,3458.0
1081.6125465,3,10,31,10,311,62.0,3267.0
1081.612548,2,77,29,13,227,62.0,5351.0
1081.6125615,6,29,31,7,238,58.0,1541.0
1081.612571,5,5,12,2,54,58.0,806.847
1081.708567,1,12,25,7,195,61.0,2224.0
1081.7085685,3,13,26,7,183,61.0,2055.0
1081.708569,2,9,23,8,138,61.0,3207.0
1081.7085885,6,1,23,3,96,56.0,786.119
1081.708592,5,20,11,2,52,56.0,526.435
1081.804309,1,12,29,9,198,63.0,3397.0
1081.8043105,3,13,30,9,221,63.0,3193.0
1081.804311,2,9,25,14,268,63.0,5509.0
1081.80432,5,16,13,3,66,57.0,850.82
1081.8043215,6,29,30,6,205,58.0,1455.0
1081.900058,2,8,22,9,170,60.0,3419.0
1081.900059,1,5,25,7,194,61.0,2235.0
1081.9000605,3,9,25,7,182,61.0,2068.0
1081.9000795,6,24,22,5,200,56.0,926.283
1081.900084,5,5,11,2,57,55.0,533.0
1081.995907,1,11,28,9,200,62.0,3449.0
1081.995909,2,8,27,13,227,62.0,5525.0
1081.9959105,3,10,30,9,197,63.0,3153.0
1081.995923,5,31,14,3,66,58.0,853.883
1081.9959255,6,29,29,7,238,58.0,1528.0
1084.551011,1,15,31,9,197,63.0,3460.0
1084.5510155,3,9,30,9,214,63.0,3183.0
1084.551016,2,77,30,13,227,62.0,5362.0
1084.5510295,6,29,31,6,205,58.0,1445.0
1084.551039,5,5,12,2,51,57.0,790.152
1084.646764,1,12,25,7,195,61.0,2221.0
1084.6467655,3,7,25,7,183,61.0,2057.0
1084.646766,2,6,23,9,171,60.0,3421.0
1084.6467855,6,1,23,3,114,56.0,803.118
1084.646789,5,20,11,2,52,56.0,535.163
1084.742519,1,15,28,9,197,63.0,3443.0
1084.7425235,3,9,29,8,182,63.0,3146.0
1084.742524,2,1,27,13,227,63.0,5273.0
1084.7425375,6,29,31,6,208,58.0,1461.0
1084.742547,5,5,12,2,51,57.0,794.537
1084.838332,1,9,25,7,198,61.0,2239.0
1084.8383335,3,10,24,8,314,61.0,2142.0
1084.838335,2,5,24,10,204,61.0,3575.0
1084.8383535,6,1,22,3,118,56.0,811.871
1084.838357,5,20,9,2,52,56.0,522.575
1084.934169,1,15,28,9,197,62.0,3446.0
1084.934171,2,80,29,13,227,62.0,5415.0
1084.9341735,3,9,29,8,182,62.0,3142.0
1084.9341875,6,29,30,7,235,58.0,1517.0
1084.934197,5,5,11,2,51,57.0,803.427
1085.031105,1,5,25,7,194,61.0,2225.0
1085.031107,2,77,21,9,164,60.0,3264.0
1085.0311085,3,7,26,7,180,61.0,2001.0
1085.0311255,6,24,22,5,197,56.0,931.11
1085.03113,5,5,9,2,51,56.0,526.082
1085.126885,1,8,29,9,200,62.0,3461.0
1085.1268885,3,10,30,9,215,63.0,3194.0
1085.12689,2,77,27,13,227,62.0,5319.0
1085.1269035,6,29,30,7,238,58.0,1533.0
1085.126912,5,20,13,2,55,58.0,822.265
1087.697749,1,8,30,9,197,62.0,3462.0
1087.697751,2,5,32,14,227,62.0,5786.0
1087.6977525,3,10,30,9,197,63.0,3154.0
1087.6977675,6,29,30,7,238,58.0,1534.0
1087.697776,5,6,11,3,113,58.0,881.954
1087.793573,1,12,26,7,192,61.0,2221.0
1087.7935745,3,13,25,7,179,61.0,2044.0
1087.793575,2,9,24,10,227,61.0,3438.0
1087.7935935,6,24,25,4,160,55.0,845.622
1087.793598,5,2,10,2,48,55.0,525.521
1087.889637,1,15,29,9,197,63.0,3458.0
1087.889639,2,80,28,13,227,62.0,5442.0
1087.8896415,3,9,31,10,310,63.0,3268.0
1087.8896555,6,29,30,6,205,58.0,1450.0
1087.889665,5,5,12,3,112,58.0,862.567
1087.985427,1,12,25,7,194,61.0,2223.0
1087.985429,2,1,21,10,224,60.0,3528.0
1087.9854305,3,7,24,7,180,61.0,2021.0
1087.9854475,6,24,22,5,197,56.0,928.749
1087.985452,5,5,9,2,51,56.0,522.062
1088.081127,1,12,29,9,198,62.0,3418.0
1088.081127,2,8,28,14,241,62.0,5583.0
1088.0811285,3,10,30,9,215,63.0,3177.0
1088.0811395,6,16,30,7,239,58.0,1534.0
1088.081141,5,31,13,3,66,58.0,855.355
1088.176979,1,9,26,7,195,61.0,2232.0
1088.1769805,3,10,25,7,183,61.0,2045.0
1088.176981,2,6,25,9,168,61.0,3415.0
1088.1770005,6,1,23,5,224,56.0,976.36
1088.177004,5,20,11,2,52,56.0,535.645
1088.272789,1,15,28,9,197,62.0,3451.0
1088.272791,2,9,28,13,230,62.0,5392.0
1088.2727925,3,10,31,10,311,63.0,3280.0
1088.2728075,6,29,29,7,229,58.0,1504.0
1088.272817,5,5,11,3,112,57.0,862.668
1090.853738,1,12,29,9,198,63.0,3418.0
1090.8537395,3,6,30,9,186,63.0,3148.0
1090.85374,2,9,30,14,268,62.0,5613.0
1090.8537505,6,1,30,7,242,58.0,1538.0
1090.853763,5,20,13,4,193,57.0,917.702
1090.950612,1,6,26,7,195,60.0,2244.0
1090.950615,2,2,23,9,170,60.0,3390.0
1090.9506165,3,7,25,7,180,61.0,1999.0
1090.9506335,6,24,22,5,194,56.0,912.22
1090.95064,5,3,9,2,49,56.0,482.465
1091.046351,1,9,29,9,198,63.0,3410.0
1091.046351,2,11,27,11,173,62.0,5131.0
1091.0463525,3,10,30,9,221,63.0,3185.0
1091.0463635,6,1,30,7,242,58.0,1531.0
1091.046376,5,20,13,2,55,57.0,806.887
1091.142205,1,12,26,7,195,61.0,2233.0
1091.1422065,3,10,25,7,183,61.0,2070.0
1091.142207,2,6,21,9,168,61.0,3383.0
1091.1422265,6,1,24,5,227,56.0,982.203
1091.14223,5,20,10,2,52,56.0,532.008
1091.238018,1,12,29,9,198,63.0,3415.0
1091.2380195,3,13,30,9,221,63.0,3194.0
1091.23802,2,9,28,13,221,62.0,5305.0
1091.2380385,6,2,28,4,118,58.0,1246.0
1091.238043,5,20,12,4,193,57.0,917.951
1091.334149,2,8,22,11,227,61.0,3610.0
1091.33415,1,5,25,7,194,60.0,2230.0
1091.3341535,3,7,25,7,180,61.0,2002.0
1091.3341705,6,24,20,5,197,56.0,920.033
1091.334175,5,5,10,2,51,56.0,514.596
1091.429887,1,12,30,9,198,63.0,3425.0
1091.429887,2,8,28,11,173,63.0,5195.0
1091.4298885,3,10,30,9,221,63.0,3205.0
1091.4299035,6,12,30,7,235,58.0,1529.0
1091.429912,5,20,13,2,55,58.0,811.099
1094.016646,1,12,27,9,195,63.0,3408.0
1094.0166475,3,13,30,8,182,63.0,3144.0
1094.016648,2,9,28,13,227,62.0,5501.0
1094.0166615,6,29,31,6,205,58.0,1450.0
1094.016671,5,5,11,2,51,57.0,798.982
1094.112417,1,12,26,7,192,61.0,2218.0
1094.1124185,3,13,25,7,224,61.0,2100.0
1094.112419,2,9,23,11,221,61.0,3541.0
1094.1124375,6,24,24,4,180,55.0,886.962
1094.112442,5,2,10,2,51,55.0,531.482
1094.208245,1,12,30,9,198,63.0,3438.0
1094.208245,2,11,29,11,173,62.0,5163.0
1094.2082465,3,10,30,10,311,63.0,3246.0
1094.2082575,6,16,29,7,239,58.0,1535.0
1094.20827,5,20,13,4,193,58.0,912.18
1094.304091,1,12,26,7,192,61.0,2209.0
1094.3040925,3,13,25,7,182,61.0,2041.0
1094.304093,2,9,21,8,134,62.0,3333.0
1094.3041115,6,24,22,5,197,56.0,924.849
1094.304116,5,2,10,2,48,55.0,515.359
1094.400182,1,12,29,9,198,63.0,3424.0
1094.4001835,3,13,30,9,221,63.0,3179.0
1094.400184,2,9,27,13,221,63.0,5326.0
1094.4001945,6,1,29,7,230,58.0,1497.0
1094.400207,5,20,12,4,193,57.0,925.977
1094.495931,1,12,26,7,192,61.0,2221.0
1094.4959325,3,13,24,7,182,61.0,2059.0
1094.495933,2,9,23,9,170,61.0,3378.0
1094.4959515,6,24,23,5,197,56.0,927.243
1094.495956,5,2,9,2,48,55.0,527.52
1094.591688,1,8,29,9,200,62.0,3463.0
1094.591691,2,4,28,13,226,62.0,5522.0
1094.5916915,3,10,30,10,311,62.0,3256.0
1094.5917065,6,29,29,7,238,58.0,1525.0
1094.591715,5,6,12,2,55,58.0,826.912
1094.7977785,3,3,5,1,62,61.0,447.939
1097.18645,1,15,28,9,197,62.0,3458.0
1097.1864545,3,9,30,8,182,63.0,3142.0
1097.186455,2,77,30,14,265,62.0,5656.0
1097.1864685,6,29,31,7,229,58.0,1502.0
1097.186478,5,5,11,3,112,57.0,877.656
1097.282318,1,12,26,7,195,61.0,2233.0
1097.2823195,3,13,25,7,183,61.0,2057.0
1097.28232,2,9,23,10,224,60.0,3513.0
1097.2823425,6,2,23,3,93,56.0,758.035
1097.282343,5,1,10,2,52,56.0,518.708
1097.378359,1,15,28,9,197,63.0,3469.0
1097.3783635,3,9,31,8,182,63.0,3138.0
1097.378364,2,77,25,13,227,62.0,5307.0
1097.3783775,6,29,31,6,205,58.0,1436.0
1097.378387,5,5,11,3,112,57.0,876.477
1097.47411,1,12,26,7,195,61.0,2236.0
1097.4741115,3,13,26,7,183,61.0,2055.0
1097.474112,2,9,25,11,230,61.0,3503.0
1097.4741315,6,1,23,3,114,56.0,799.922
1097.474135,5,20,11,2,52,56.0,528.292
1097.569846,1,15,29,9,197,62.0,3471.0
1097.5698495,3,10,30,9,215,63.0,3195.0
1097.569851,2,77,28,13,224,62.0,5493.0
1097.5698645,6,29,30,6,205,58.0,1453.0
1097.569873,5,6,12,3,113,57.0,887.913
1097.665682,1,12,26,7,192,61.0,2216.0
1097.6656835,3,13,24,7,182,61.0,2052.0
1097.665684,2,9,23,11,224,61.0,3498.0
1097.6657025,6,24,24,3,97,56.0,776.758
1097.665707,5,2,9,2,48,55.0,521.268
1097.762335,1,12,29,9,195,63.0,3420.0
1097.7623365,3,13,29,9,224,63.0,3234.0
1097.762337,2,9,30,13,227,62.0,5354.0
1097.7623505,6,29,30,6,205,57.0,1455.0
1097.76236,5,5,12,2,51,57.0,799.333
1100.344361,1,12,29,9,198,63.0,3422.0
1100.3443625,3,13,30,9,186,63.0,3174.0
1100.344363,2,9,28,11,171,63.0,5069.0
1100.3443735,6,1,29,7,236,58.0,1532.0
1100.344386,5,20,12,4,193,58.0,921.72
1100.440462,1,9,26,7,195,61.0,2240.0
1100.4404635,3,13,25,7,183,61.0,2065.0
1100.440464,2,9,22,8,138,60.0,3146.0
1100.4404865,6,2,22,3,111,56.0,782.167
1100.440487,5,20,9,2,55,56.0,538.154
1100.536253,1,15,29,9,197,62.0,3474.0
1100.5362565,3,10,30,8,183,62.0,3130.0
1100.536258,2,77,26,13,227,62.0,5366.0
1100.5362715,6,29,30,6,208,58.0,1450.0
1100.53628,5,6,12,2,55,58.0,831.629
1100.632011,1,6,26,7,195,60.0,2253.0
1100.632011,2,8,24,9,173,60.0,3556.0
1100.6320125,3,10,24,7,183,61.0,2051.0
1100.6320325,6,24,23,5,197,56.0,923.509
1100.632039,5,17,10,2,49,56.0,489.494
1100.727745,1,12,28,9,195,63.0,3415.0
1100.7277465,3,13,31,10,314,63.0,3263.0
1100.727747,2,9,31,14,265,63.0,5658.0
1100.7277605,6,26,29,6,202,57.0,1441.0
1100.72777,5,20,12,2,52,57.0,794.611
1100.823604,1,12,26,7,194,61.0,2238.0
1100.8236055,3,9,26,7,182,61.0,2050.0
1100.823606,2,1,24,10,224,60.0,3495.0
1100.8236245,6,24,22,5,200,56.0,923.944
1100.823629,5,5,10,2,51,55.0,523.69
1100.92024,1,9,28,9,198,62.0,3435.0
1100.92024,2,8,29,12,173,63.0,5313.0
1100.9202415,3,10,28,9,215,63.0,3181.0
1100.9202525,6,16,30,7,242,58.0,1534.0
1100.920254,5,31,13,3,66,58.0,859.779
1103.520249,1,15,29,9,197,63.0,3485.0
1103.5202535,3,9,30,8,182,63.0,3140.0
1103.520254,2,5,28,13,236,62.0,5435.0
1103.5202675,6,29,31,6,205,58.0,1449.0
1103.520276,5,6,12,3,113,57.0,882.071
1103.61632,1,9,26,7,195,60.0,2254.0
1103.61632,2,8,24,9,170,60.0,3333.0
1103.6163215,3,10,25,7,183,61.0,2047.0
1103.6163415,6,24,21,5,197,56.0,914.07
1103.616345,5,20,11,2,52,56.0,522.853
1103.712088,1,12,29,9,198,63.0,3442.0
1103.7120895,3,6,29,10,311,63.0,3246.0
1103.71209,2,9,27,11,168,62.0,5137.0
1103.7121005,6,1,29,7,239,58.0,1537.0
1103.712113,5,20,12,4,193,58.0,913.56
1103.80785,1,12,25,7,195,61.0,2253.0
1103.8078515,3,6,24,7,183,61.0,2047.0
1103.807852,2,1,23,8,138,61.0,3232.0
1103.8078705,6,2,22,3,115,56.0,799.447
1103.807875,5,20,11,2,52,56.0,534.974
1103.903633,1,15,29,9,197,62.0,3457.0
1103.9036365,3,10,30,8,186,63.0,3137.0
1103.903638,2,77,28,13,224,62.0,5146.0
1103.9036515,6,29,30,6,208,58.0,1441.0
1103.903661,5,5,12,2,51,57.0,797.101
1103.999477,1,6,26,7,195,60.0,2251.0
1103.999477,2,8,24,9,173,60.0,3504.0
1103.9994785,3,10,26,7,183,61.0,2065.0
1103.9994985,6,24,22,5,197,56.0,922.545
1103.999505,5,3,9,2,49,56.0,482.821
1104.0956,1,9,29,9,198,62.0,3452.0
1104.0956,2,8,28,13,224,62.0,5367.0
1104.0956015,3,10,30,9,215,63.0,3181.0
1104.0956165,6,29,28,7,238,58.0,1525.0
1104.095625,5,20,13,3,113,58.0,877.839
1106.576145,1,12,26,7,195,61.0,2245.0
1106.5761465,3,13,26,7,183,61.0,2044.0
1106.576147,2,9,23,8,138,61.0,3224.0
1106.5761695,6,2,21,3,111,56.0,772.774
1106.57617,5,1,11,2,52,56.0,527.912
1106.673347,1,12,29,9,195,63.0,3425.0
1106.6733485,3,13,30,10,314,63.0,3249.0
1106.673349,2,9,28,11,167,63.0,4998.0
1106.6733595,6,29,29,7,239,58.0,1521.0
1106.673372,5,20,13,2,55,57.0,804.522
1106.769091,1,12,26,7,195,61.0,2230.0
1106.7690925,3,13,26,7,179,61.0,2028.0
1106.769093,2,9,22,10,224,61.0,3498.0
1106.7691115,6,25,23,3,97,56.0,772.729
1106.769116,5,2,10,2,48,55.0,515.79
1106.864865,1,15,29,9,198,63.0,3480.0
1106.8648695,3,9,30,8,182,63.0,3128.0
1106.86487,2,2,28,13,236,62.0,5622.0
1106.8648835,6,29,30,6,205,58.0,1447.0
1106.864893,5,5,12,2,51,57.0,792.112
1106.960731,1,9,25,7,195,60.0,2258.0
1106.960731,2,8,21,8,140,60.0,3254.0
1106.9607325,3,10,25,7,183,61.0,2056.0
1106.9607525,6,1,22,5,230,56.0,976.784
1106.960756,5,20,10,2,55,56.0,536.782
1107.056664,1,12,28,9,198,62.0,3443.0
1107.056664,2,11,28,13,227,63.0,5608.0
1107.0566655,3,10,28,10,311,63.0,3260.0
1107.0566765,6,16,29,7,242,58.0,1533.0
1107.056678,5,31,14,3,66,58.0,868.221
1107.152627,1,12,26,7,195,61.0,2244.0
1107.1526285,3,13,25,7,183,61.0,2057.0
1107.152629,2,9,23,10,224,61.0,3486.0
1107.1526515,6,2,22,3,111,56.0,779.563
1107.152652,5,1,11,2,52,56.0,533.696
1107.249494,1,8,29,9,197,62.0,3493.0
1107.2494975,3,10,30,10,311,63.0,3265.0
1107.249499,2,5,29,13,227,62.0,5481.0
1107.2495125,6,29,30,6,211,58.0,1464.0
1107.249521,5,6,12,3,113,58.0,883.471
1109.678564,1,12,25,7,195,61.0,2253.0
1109.6785655,3,13,24,7,183,61.0,2046.0
1109.678566,2,1,23,8,138,61.0,3154.0
1109.6785885,6,2,22,3,111,56.0,778.583
1109.678589,5,20,11,2,52,56.0,528.617
1109.775427,1,15,29,9,197,62.0,3481.0
1109.7754305,3,10,31,10,311,63.0,3264.0
1109.775432,2,5,27,13,227,62.0,5279.0
1109.7754455,6,29,30,6,208,58.0,1455.0
1109.775455,5,5,12,2,51,58.0,802.05
1109.871174,1,6,26,7,195,60.0,2262.0
1109.871175,2,7,25,9,169,61.0,3544.0
1109.8711785,3,7,24,7,180,61.0,1993.0
1109.8711955,6,24,23,5,197,56.0,922.152
1109.871202,5,3,9,2,49,56.0,478.793
1109.966936,1,12,29,9,198,63.0,3446.0
1109.966936,2,11,30,13,235,63.0,5551.0
1109.9669375,3,6,29,9,186,63.0,3126.0
1109.9669485,6,1,30,7,242,58.0,1532.0
1109.966961,5,20,12,4,193,58.0,910.894
1110.062718,1,6,27,7,195,60.0,2256.0
1110.0627195,3,10,25,7,183,61.0,2053.0
1110.062721,2,5,22,10,224,61.0,3524.0
1110.0627395,6,24,23,5,197,56.0,926.551
1110.062743,5,20,10,2,52,56.0,527.569
1110.158562,1,12,29,9,198,63.0,3443.0
1110.1585635,3,6,31,9,215,63.0,3181.0
1110.158564,2,9,26,11,168,62.0,4944.0
1110.1585745,6,1,30,7,239,58.0,1526.0
1110.158587,5,20,12,2,55,58.0,822.918
1110.254414,1,12,25,7,195,61.0,2243.0
1110.2544155,3,13,24,7,183,61.0,2038.0
1110.254416,2,9,22,9,171,61.0,3459.0
1110.2544355,6,1,22,3,114,56.0,797.476
1110.254439,5,20,10,2,52,56.0,529.577
1110.351277,1,15,29,9,197,62.0,3487.0
1110.351279,2,80,30,13,227,62.0,5451.0
1110.3512805,3,10,31,10,311,63.0,3267.0
1110.3512955,6,29,29,7,229,58.0,1497.0
1110.351304,5,6,12,2,52,58.0,807.205
1112.765437,1,12,25,7,194,61.0,2240.0
1112.765439,2,1,20,9,170,61.0,3428.0
1112.7654405,3,7,25,6,180,61.0,2005.0
1112.7654575,6,24,23,5,197,56.0,918.478
1112.765462,5,5,9,2,51,56.0,525.406
1112.861207,1,15,29,9,197,63.0,3486.0
1112.8612115,3,9,30,9,214,63.0,3177.0
1112.861212,2,5,27,13,227,62.0,5499.0
1112.8612255,6,29,30,6,205,58.0,1450.0
1112.861235,5,5,11,2,51,57.0,787.684
1112.957087,1,12,26,7,194,61.0,2265.0
1112.9570885,3,9,25,7,182,61.0,2040.0
1112.957089,2,1,23,10,224,61.0,3476.0
1112.9571075,6,24,24,5,200,56.0,931.731
1112.957112,5,5,10,2,48,55.0,520.836
1113.052944,1,12,29,9,195,63.0,3430.0
1113.0529455,3,13,30,10,314,63.0,3236.0
1113.052946,2,9,28,14,268,63.0,5515.0
1113.0529595,6,30,29,6,202,57.0,1433.0
1113.052969,5,2,11,2,51,57.0,796.669
1113.148984,1,12,25,7,194,61.0,2258.0
1113.1489855,3,9,25,7,182,61.0,2050.0
1113.148986,2,1,21,10,224,61.0,3564.0
1113.1490045,6,24,23,5,197,56.0,919.403
1113.149009,5,5,9,2,48,56.0,532.324
1113.244711,1,15,29,9,197,62.0,3481.0
1113.244713,2,8,30,13,230,62.0,5414.0
1113.2447175,3,7,29,8,180,63.0,3052.0
1113.2447295,6,29,30,7,238,58.0,1532.0
1113.244739,5,5,12,2,51,58.0,809.018
1113.340463,1,12,26,7,192,61.0,2247.0
1113.3404645,3,9,25,7,182,61.0,2041.0
1113.340465,2,1,22,10,227,61.0,3386.0
1113.3404835,6,24,24,5,197,56.0,915.68
1113.340488,5,5,9,2,48,55.0,516.278
1113.436308,1,12,28,9,198,63.0,3451.0
1113.4363095,3,6,30,10,314,63.0,3239.0
1113.43631,2,9,27,13,227,62.0,5484.0
1113.4363205,6,29,28,7,236,58.0,1501.0
1113.436333,5,20,12,4,193,57.0,921.013
1115.986353,1,12,28,9,198,63.0,3450.0
1115.9863545,3,13,29,9,183,63.0,3121.0
1115.986355,2,9,28,12,204,63.0,5158.0
1115.9863655,6,29,29,7,236,57.0,1512.0
1115.986378,5,20,11,2,52,57.0,811.842
1116.082119,1,12,26,7,195,61.0,2257.0
1116.0821205,3,13,23,7,183,61.0,2060.0
1116.082121,2,9,23,9,171,61.0,3366.0
1116.0821315,6,1,23,5,203,56.0,937.2
1116.082144,5,20,10,2,52,56.0,527.027
1116.177871,1,12,29,9,198,63.0,3450.0
1116.1778725,3,13,30,9,183,63.0,3130.0
1116.177873,2,9,27,13,224,63.0,5553.0
1116.1778835,6,29,29,7,236,58.0,1513.0
1116.177896,5,20,11,2,55,57.0,831.44
1116.27373,1,12,25,7,195,61.0,2259.0
1116.2737315,3,13,26,7,183,61.0,2055.0
1116.273732,2,9,22,8,138,61.0,3014.0
1116.2737515,6,1,22,5,230,56.0,972.622
1116.273755,5,20,11,2,48,56.0,512.421
1116.369562,1,12,29,9,198,63.0,3452.0
1116.3695635,3,13,29,10,314,63.0,3261.0
1116.369564,2,9,28,13,227,63.0,5350.0
1116.3695745,6,1,28,7,242,58.0,1532.0
1116.369587,5,20,12,4,193,58.0,913.602
1116.465636,1,12,26,7,195,61.0,2248.0
1116.4656375,3,13,25,7,179,61.0,2033.0
1116.465638,2,9,22,9,164,60.0,3224.0
1116.4656565,6,1,23,3,97,56.0,780.73
1116.465661,5,2,10,2,52,55.0,530.816
1116.562198,1,8,29,9,197,62.0,3485.0
1116.5622,2,8,29,13,227,62.0,5430.0
1116.5622015,3,10,30,10,311,63.0,3244.0
1116.5622165,6,29,28,6,211,58.0,1459.0
1116.562225,5,20,11,2,55,58.0,823.291
1119.05924,1,12,25,7,195,61.0,2265.0
1119.0592415,3,13,27,8,314,61.0,2151.0
1119.059242,2,9,22,9,168,61.0,3372.0
1119.0592615,6,1,22,5,230,56.0,968.755
1119.059265,5,20,11,2,55,56.0,540.451
1119.156079,1,12,28,9,198,63.0,3449.0
1119.156079,2,11,31,14,270,63.0,5619.0
1119.1560805,3,6,29,10,311,63.0,3297.0
1119.1560915,6,1,30,7,242,58.0,1529.0
1119.156104,5,20,14,2,55,58.0,812.763
1119.25194,1,9,26,7,195,60.0,2265.0
1119.251941,2,4,25,9,169,61.0,3350.0
1119.2519415,3,10,24,7,183,61.0,2060.0
1119.2519615,6,1,22,5,224,56.0,957.811
1119.251965,5,20,10,2,55,57.0,543.286
1119.347772,1,12,29,9,198,63.0,3443.0
1119.347772,2,11,28,14,241,63.0,5541.0
1119.3477735,3,13,29,9,215,63.0,3157.0
1119.3477845,6,1,29,7,239,58.0,1516.0
1119.347797,5,20,14,2,55,58.0,815.385
1119.443814,1,12,26,7,195,61.0,2262.0
1119.443814,2,8,24,9,170,61.0,3416.0
1119.4438155,3,10,25,7,183,61.0,2051.0
1119.4438355,6,1,22,5,194,56.0,914.423
1119.443839,5,20,11,2,52,56.0,536.302
1119.539579,1,12,28,9,195,63.0,3442.0
1119.5395805,3,13,29,8,182,63.0,3124.0
1119.539581,2,9,27,13,227,62.0,5244.0
1119.5395945,6,29,29,6,205,57.0,1438.0
1119.539604,5,5,12,2,51,57.0,801.569
1119.635304,1,12,26,7,192,61.0,2243.0
1119.6353055,3,13,26,7,179,61.0,2036.0
1119.635306,2,1,24,11,239,61.0,3588.0
1119.6353245,6,24,23,3,97,56.0,773.819
1119.635329,5,2,9,2,48,55.0,520.408
1119.732167,1,12,29,9,195,63.0,3436.0
1119.7321685,3,13,30,10,310,63.0,3270.0
1119.732169,2,9,28,13,227,62.0,5375.0
1119.7321825,6,29,30,6,205,57.0,1443.0
1119.732192,5,5,12,2,51,57.0,807.273
1122.195183,1,12,26,7,195,61.0,2258.0
1122.1951845,3,13,25,7,183,61.0,2052.0
1122.195185,2,9,23,10,218,61.0,3414.0
1122.1952035,6,1,24,3,97,56.0,781.558
1122.195208,5,20,11,2,48,56.0,527.143
1122.292052,1,11,30,9,200,62.0,3502.0
1122.292054,2,5,29,14,271,63.0,5698.0
1122.2920555,3,10,28,10,311,63.0,3235.0
1122.2920705,6,29,28,7,238,58.0,1518.0
1122.292079,5,20,12,2,55,58.0,814.988
1122.387876,1,12,26,8,195,61.0,2266.0
1122.3878775,3,13,26,7,183,61.0,2041.0
1122.387878,2,9,24,9,164,61.0,3368.0
1122.3878965,6,1,24,3,97,56.0,779.658
1122.387901,5,2,9,2,52,55.0,532.56
1122.48394,1,15,29,9,198,63.0,3496.0
1122.4839445,3,9,29,8,182,63.0,3123.0
1122.483945,2,2,27,13,227,62.0,5419.0
1122.4839585,6,29,30,6,205,58.0,1457.0
1122.483968,5,5,11,3,112,57.0,864.605
1122.579688,1,12,25,8,195,61.0,2253.0
1122.5796895,3,13,25,7,179,61.0,2023.0
1122.57969,2,9,23,9,164,61.0,3333.0
1122.5797085,6,24,23,4,163,56.0,851.056
1122.579713,5,2,10,2,51,55.0,527.981
1122.67543,1,12,29,9,198,63.0,3457.0
1122.6754315,3,10,29,10,311,63.0,3253.0
1122.675432,2,6,27,13,222,63.0,5337.0
1122.6754425,6,16,29,7,242,58.0,1540.0
1122.675444,5,31,13,3,66,58.0,880.017
1122.771282,1,9,26,7,195,61.0,2263.0
1122.771282,2,8,23,9,173,61.0,3455.0
1122.7712835,3,10,25,8,314,61.0,2132.0
1122.7713035,6,7,23,5,224,57.0,971.822
1122.771307,5,20,11,2,52,57.0,531.522
1122.867092,1,15,29,9,197,63.0,3495.0
1122.8670965,3,9,29,10,310,63.0,3269.0
1122.867097,2,2,27,13,227,62.0,5523.0
1122.8671105,6,29,29,6,205,58.0,1448.0
1122.86712,5,5,10,3,112,57.0,882.638
1125.256262,1,12,26,7,195,61.0,2263.0
1125.2562635,3,13,26,7,183,61.0,2062.0
1125.256264,2,9,24,10,224,61.0,3365.0
1125.2562825,6,2,22,3,115,56.0,805.645
1125.256287,5,20,11,2,48,56.0,528.006
1125.353098,1,12,29,9,198,63.0,3468.0
1125.3530995,3,6,29,10,311,63.0,3240.0
1125.3531,2,1,28,13,230,63.0,5530.0
1125.3531105,6,1,28,7,239,58.0,1522.0
1125.353123,5,20,13,4,193,58.0,926.033
1125.449172,1,12,25,7,195,61.0,2270.0
1125.4491735,3,13,24,7,183,61.0,2031.0
1125.449174,2,9,25,11,230,62.0,3628.0
1125.4491965,6,2,22,3,111,56.0,775.956
1125.449197,5,20,11,2,52,56.0,539.014
1125.544908,1,8,29,9,200,62.0,3514.0
1125.5449115,3,10,29,10,311,63.0,3242.0
1125.544913,2,5,26,13,224,62.0,5390.0
1125.5449265,6,29,28,6,211,58.0,1461.0
1125.544935,5,6,12,3,113,58.0,879.856
1125.640659,1,9,26,7,195,61.0,2269.0
1125.640659,2,8,23,9,173,61.0,3341.0
1125.6406605,3,10,24,7,183,61.0,2050.0
1125.6406805,6,1,22,5,197,56.0,921.12
1125.640684,5,20,9,2,48,56.0,522.059
1125.736505,1,12,29,9,198,63.0,3459.0
1125.7365065,3,13,29,9,221,63.0,3174.0
1125.736507,2,9,28,13,221,63.0,5295.0
1125.7365175,6,1,30,7,239,58.0,1526.0
1125.73653,5,20,13,4,193,58.0,922.2
1125.832326,1,9,26,7,195,61.0,2269.0
1125.832326,2,2,25,9,170,61.0,3455.0
1125.8323275,3,10,25,7,183,61.0,2035.0
1125.8323475,6,7,22,5,194,56.0,918.309
1125.832351,5,20,9,2,48,56.0,515.559
1125.928454,1,15,29,9,197,62.0,3507.0
1125.9284575,3,10,30,8,186,63.0,3134.0
1125.928459,2,77,29,14,265,62.0,5653.0
1125.9284725,6,29,30,6,208,58.0,1461.0
1125.928481,5,6,13,2,52,57.0,809.8
1128.330483,1,8,27,7,197,61.0,2297.0
1128.3304865,3,10,25,7,183,61.0,2044.0
1128.330488,2,77,23,10,224,61.0,3605.0
1128.3305065,6,24,20,5,197,56.0,918.62
1128.330511,5,5,10,2,48,56.0,525.513
1128.427366,1,15,29,9,197,63.0,3505.0
1128.427371,2,77,27,14,239,63.0,5700.0
1128.4273725,3,7,29,8,180,63.0,3032.0
1128.427382,5,17,13,3,124,58.0,920.573
1128.4273845,6,29,30,6,205,58.0,1444.0
1128.5231,1,12,26,7,195,61.0,2268.0
1128.5231015,3,13,25,7,183,61.0,2044.0
1128.523102,2,9,22,9,168,61.0,3379.0
1128.5231245,6,2,22,5,227,56.0,948.95
1128.523125,5,20,11,2,52,56.0,536.183
1128.618877,1,8,30,9,197,62.0,3515.0
1128.618879,2,8,28,13,224,62.0,5420.0
1128.6188805,3,10,29,10,311,63.0,3238.0
1128.6188955,6,29,29,7,226,58.0,1485.0
1128.618904,5,20,12,2,52,58.0,814.292
1128.714693,1,12,26,7,192,61.0,2251.0
1128.7146945,3,9,26,7,182,61.0,2032.0
1128.714695,2,1,21,9,164,61.0,3249.0
1128.7147135,6,24,23,3,97,56.0,776.218
1128.714718,5,2,10,2,51,56.0,533.43
1128.810529,1,15,29,9,197,62.0,3504.0
1128.8105335,3,9,29,10,310,63.0,3243.0
1128.810534,2,5,28,14,265,62.0,5477.0
1128.8105475,6,29,30,6,205,58.0,1438.0
1128.810556,5,6,12,3,113,58.0,886.568
1128.906655,1,12,26,7,195,61.0,2254.0
1128.9066565,3,13,24,7,176,61.0,2017.0
1128.906657,2,9,24,10,221,61.0,3498.0
1128.9066755,6,1,23,3,97,56.0,773.213
1128.90668,5,17,11,2,52,55.0,534.076
1129.00237,1,12,28,9,195,63.0,3442.0
1129.0023715,3,13,30,10,314,63.0,3250.0
1129.002372,2,9,28,14,265,63.0,5525.0
1129.0023905,6,25,30,6,183,57.0,1361.0
1129.002395,5,2,11,2,55,57.0,825.387
1131.40636,1,9,27,7,195,61.0,2269.0
1131.4063615,3,13,24,7,183,61.0,2057.0
1131.406363,2,2,25,9,167,61.0,3414.0
1131.4063815,6,1,23,5,194,56.0,915.452
1131.406385,5,20,10,2,52,56.0,541.276
1131.503199,1,12,28,9,198,63.0,3462.0
1131.5032005,3,13,30,9,221,63.0,3197.0
1131.503201,2,9,30,14,239,62.0,5396.0
1131.5032115,6,29,30,7,236,57.0,1512.0
1131.503224,5,20,12,2,55,57.0,826.624
1131.599268,1,12,26,7,192,61.0,2248.0
1131.5992695,3,13,24,7,179,61.0,2020.0
1131.59927,2,1,23,9,167,61.0,3250.0
1131.5992885,6,24,24,4,180,56.0,889.854
1131.599293,5,2,9,2,48,55.0,524.705
1131.695011,1,12,28,9,195,63.0,3465.0
1131.6950125,3,9,29,9,214,63.0,3166.0
1131.695013,2,1,28,14,268,62.0,5486.0
1131.6950265,6,29,30,6,205,57.0,1448.0
1131.695036,5,5,11,2,51,57.0,795.025
1131.790758,1,12,27,7,195,61.0,2269.0
1131.7907595,3,6,25,7,183,61.0,2061.0
1131.790763,2,3,23,9,165,62.0,3154.0
1131.7907795,6,1,22,5,224,56.0,967.416
1131.790783,5,20,10,2,52,56.0,532.983
1131.886601,1,15,29,9,197,63.0,3508.0
1131.8866045,3,10,31,9,256,63.0,3198.0
1131.886606,2,5,26,13,239,62.0,5587.0
1131.8866195,6,29,31,6,205,58.0,1451.0
1131.886628,5,6,12,3,113,57.0,887.317
1131.982428,1,5,25,7,194,61.0,2259.0
1131.98243,2,77,24,10,224,60.0,3506.0
1131.9824315,3,7,23,6,180,61.0,1995.0
1131.9824485,6,24,23,5,197,56.0,918.367
1131.982453,5,5,9,2,51,56.0,526.758
1132.079263,1,12,28,9,195,63.0,3447.0
1132.0792645,3,13,29,9,221,63.0,3174.0
1132.079265,2,9,28,13,227,62.0,5491.0
1132.0792785,6,30,30,6,202,57.0,1430.0
1132.079288,5,5,11,2,52,57.0,803.659
1134.463688,1,12,26,7,195,61.0,2272.0
1134.4636895,3,6,24,7,183,61.0,2048.0
1134.46369,2,1,25,10,224,60.0,3513.0
1134.4637085,6,2,22,3,115,56.0,801.212
1134.463713,5,20,11,2,48,56.0,523.574
1134.560546,1,15,28,9,197,62.0,3515.0
1134.5605495,3,10,31,8,183,63.0,3129.0
1134.560551,2,5,28,13,236,62.0,5431.0
1134.5605645,6,29,30,6,205,58.0,1443.0
1134.560573,5,6,12,3,113,58.0,885.285
1134.656352,1,12,25,7,195,61.0,2260.0
1134.6563535,3,13,26,8,314,61.0,2124.0
1134.656354,2,9,22,8,138,62.0,3173.0
1134.6563725,6,1,22,3,115,56.0,798.452
1134.656377,5,20,11,2,52,56.0,532.474
1134.752058,1,12,28,9,195,63.0,3459.0
1134.7520595,3,13,29,9,221,63.0,3160.0
1134.75206,2,9,31,13,224,62.0,5317.0
1134.7520735,6,30,29,7,233,57.0,1504.0
1134.752083,5,2,12,2,52,57.0,804.231
1134.847809,1,8,26,7,197,60.0,2304.0
1134.847814,2,2,25,10,224,61.0,3693.0
1134.8478155,3,7,24,6,180,61.0,1992.0
1134.8478325,6,24,21,5,200,56.0,930.969
1134.847837,5,5,10,2,51,56.0,534.312
1134.943666,1,11,29,9,200,62.0,3522.0
1134.943668,2,5,31,14,268,63.0,5667.0
1134.9436695,3,10,30,10,311,63.0,3279.0
1134.9436805,6,33,29,7,230,58.0,1502.0
1134.943682,5,31,14,3,124,58.0,927.869
1135.039507,1,12,26,7,192,61.0,2253.0
1135.0395085,3,9,24,7,182,61.0,2049.0
1135.039509,2,1,24,10,224,60.0,3563.0
1135.0395275,6,24,23,5,197,55.0,920.56
1135.039532,5,2,10,2,51,55.0,538.232
1135.136368,1,12,29,9,198,63.0,3473.0
1135.1363695,3,13,30,9,215,63.0,3170.0
1135.13637,2,9,29,11,171,62.0,5067.0
1135.1363805,6,1,29,7,239,58.0,1519.0
1135.136393,5,20,13,4,193,58.0,917.041
1137.49136,1,12,26,7,195,61.0,2268.0
1137.4913615,3,13,23,7,183,61.0,2048.0
1137.491362,2,9,22,10,224,61.0,3470.0
1137.4913805,6,1,22,3,115,56.0,806.017
1137.491385,5,1,11,2,52,56.0,529.503
1137.587421,1,15,29,9,197,63.0,3525.0
1137.5874255,3,9,29,8,182,63.0,3121.0
1137.587426,2,2,27,13,239,62.0,5282.0
1137.5874395,6,29,30,6,205,58.0,1446.0
1137.587449,5,5,11,2,51,58.0,807.183
1137.684246,1,12,26,8,195,61.0,2268.0
1137.6842475,3,13,24,7,183,61.0,2037.0
1137.684248,2,9,22,11,236,61.0,3490.0
1137.6842665,6,1,24,3,97,55.0,772.869
1137.684271,5,2,10,2,51,55.0,526.152
1137.780339,1,8,29,9,197,62.0,3521.0
1137.780341,2,8,28,13,224,62.0,5463.0
1137.7803455,3,7,30,10,308,63.0,3155.0
1137.7803575,6,29,29,6,208,58.0,1453.0
1137.780366,5,6,13,3,113,58.0,884.875
1137.876087,1,12,25,7,194,61.0,2268.0
1137.8760885,3,9,23,7,182,61.0,2028.0
1137.876089,2,2,24,10,224,61.0,3477.0
1137.8761075,6,24,24,5,197,56.0,920.582
1137.876112,5,5,10,2,51,56.0,525.09
1137.971846,1,15,30,9,197,62.0,3518.0
1137.971848,2,5,29,13,230,62.0,5495.0
1137.9718495,3,10,30,8,183,63.0,3119.0
1137.9718645,6,29,30,6,205,58.0,1439.0
1137.971873,5,6,12,2,52,57.0,810.273
1138.067631,1,12,25,7,194,61.0,2271.0
1138.0676325,3,9,26,7,182,61.0,2037.0
1138.067633,2,2,22,10,224,61.0,3474.0
1138.0676515,6,24,23,5,197,56.0,919.148
1138.067656,5,5,10,2,51,56.0,528.713
1138.163875,2,8,29,13,227,62.0,5492.0
1138.163875,1,12,28,9,198,63.0,3483.0
1138.1638765,3,10,30,9,197,63.0,3127.0
1138.1638875,6,16,29,7,242,58.0,1530.0
1138.163889,5,31,14,3,66,58.0,872.36
1140.53067,1,12,26,7,192,61.0,2260.0
1140.5306715,3,9,25,7,182,61.0,2024.0
1140.530672,2,1,23,10,224,61.0,3505.0
1140.5306905,6,24,22,5,194,56.0,917.43
1140.530695,5,2,9,2,51,56.0,541.939
1140.627525,1,15,29,9,197,63.0,3515.0
1140.6275295,3,9,30,8,182,63.0,3114.0
1140.62753,2,2,27,13,227,62.0,5241.0
1140.6275435,6,29,30,6,205,58.0,1440.0
1140.627553,5,5,10,2,51,57.0,804.957
1140.723604,1,12,27,7,195,61.0,2275.0
1140.7236055,3,6,23,7,183,61.0,2032.0
1140.723606,2,6,24,10,230,61.0,3577.0
1140.7236255,6,1,22,5,224,56.0,958.863
1140.723629,5,20,10,2,52,56.0,540.814
1140.819344,1,8,29,9,197,62.0,3536.0
1140.819346,2,8,29,14,268,62.0,5478.0
1140.8193475,3,10,30,10,311,63.0,3243.0
1140.8193625,6,29,29,6,208,58.0,1437.0
1140.819371,5,6,13,2,58,58.0,824.401
1140.91509,2,1,24,10,227,61.0,3535.0
1140.915091,1,12,25,7,192,61.0,2261.0
1140.9150925,3,9,25,7,182,61.0,2029.0
1140.9151115,6,24,23,5,197,56.0,915.794
1140.915116,5,5,10,2,51,56.0,526.927
1141.01089,1,12,29,9,195,63.0,3468.0
1141.0108915,3,13,30,9,221,63.0,3183.0
1141.010892,2,9,26,13,236,63.0,5349.0
1141.0109105,6,24,29,6,197,57.0,1408.0
1141.010915,5,2,11,2,52,57.0,809.977
1141.106762,1,12,26,8,195,61.0,2281.0
1141.1067635,3,13,25,7,176,61.0,2021.0
1141.106764,2,9,24,8,138,61.0,3212.0
1141.1067825,6,24,24,3,97,56.0,781.084
1141.106787,5,2,9,2,48,55.0,523.639
1141.202586,1,12,28,9,198,62.0,3486.0
1141.202586,2,5,27,13,224,62.0,5326.0
1141.2025875,3,10,29,10,311,63.0,3228.0
1141.2026,5,31,13,3,66,58.0,869.905
1141.2026025,6,12,27,7,229,58.0,1484.0
1143.577901,1,6,27,7,195,60.0,2283.0
1143.5779025,3,10,24,7,183,61.0,2027.0
1143.577906,2,3,23,10,222,61.0,3475.0
1143.5779225,6,24,23,5,200,56.0,924.214
1143.577926,5,20,10,2,52,56.0,529.271
1143.674747,1,12,29,9,198,63.0,3497.0
1143.674747,2,8,29,12,173,63.0,5218.0
1143.6747485,3,10,30,10,311,63.0,3238.0
1143.6747635,6,12,28,7,232,58.0,1502.0
1143.674772,5,20,13,2,55,58.0,813.625
1143.770495,1,12,26,7,192,61.0,2268.0
1143.7704965,3,13,28,7,183,61.0,2046.0
1143.770497,2,1,22,10,221,60.0,3355.0
1143.7705155,6,24,23,3,97,55.0,772.202
1143.77052,5,2,10,2,51,55.0,520.239
1143.866289,1,11,28,9,200,62.0,3524.0
1143.866291,2,8,27,13,230,62.0,5349.0
1143.8662925,3,10,30,10,311,63.0,3238.0
1143.866305,5,31,13,3,66,58.0,866.313
1143.8663075,6,29,30,7,229,58.0,1480.0
1143.962157,2,2,23,12,268,61.0,3819.0
1143.962157,1,12,27,7,195,61.0,2280.0
1143.9621585,3,13,25,7,183,61.0,2040.0
1143.9621815,6,2,22,3,111,56.0,775.679
1143.962182,5,20,10,2,52,56.0,526.924
1144.057989,1,12,29,9,198,63.0,3493.0
1144.057989,2,11,29,11,173,63.0,5155.0
1144.0579905,3,13,30,10,314,63.0,3280.0
1144.0580015,6,1,29,7,239,58.0,1520.0
1144.058014,5,20,13,4,193,58.0,916.201
1144.154031,1,12,26,7,192,61.0,2261.0
1144.1540325,3,9,25,7,179,61.0,2018.0
1144.154033,2,1,23,11,224,60.0,3532.0
1144.1540515,6,24,22,4,160,56.0,836.668
1144.154056,5,2,9,2,48,55.0,513.856
1144.249771,1,15,29,10,198,63.0,3542.0
1144.2497755,3,9,29,9,224,63.0,3168.0
1144.249776,2,1,30,13,227,62.0,5274.0
1144.2497895,6,29,29,6,202,57.0,1434.0
1144.249799,5,5,11,2,51,57.0,806.838
1146.60589,1,12,26,7,195,61.0,2292.0
1146.6058915,3,6,23,7,183,61.0,2037.0
1146.605892,2,9,24,9,168,61.0,3312.0
1146.6059115,6,1,23,4,177,56.0,876.051
1146.605915,5,20,10,2,52,56.0,527.601
1146.702746,1,11,28,9,200,62.0,3561.0
1146.702748,2,5,28,11,173,62.0,5131.0
1146.7027495,3,10,31,9,215,63.0,3167.0
1146.7027605,6,33,29,7,233,58.0,1508.0
1146.702762,5,31,13,3,66,58.0,870.058
1146.798796,1,9,26,7,195,60.0,2291.0
1146.7987975,3,10,24,7,183,61.0,2031.0
1146.798798,2,6,24,9,168,61.0,3393.0
1146.7988175,6,7,23,5,197,56.0,926.738
1146.798821,5,20,10,2,52,56.0,545.372
1146.894546,1,12,28,10,198,63.0,3498.0
1146.8945475,3,13,30,10,314,63.0,3221.0
1146.894548,2,1,30,13,233,63.0,5473.0
1146.8945615,6,26,29,6,188,58.0,1373.0
1146.894571,5,20,12,2,52,57.0,804.403
1146.990285,1,12,25,7,194,61.0,2283.0
1146.990287,2,1,23,10,204,61.0,3439.0
1146.9902885,3,7,24,6,180,61.0,1991.0
1146.9903055,6,24,21,5,197,56.0,918.362
1146.99031,5,5,9,2,51,56.0,530.777
1147.086112,1,15,28,10,198,63.0,3534.0
1147.0861165,3,9,29,9,221,63.0,3175.0
1147.086117,2,1,29,15,332,62.0,5436.0
1147.0861305,6,29,29,6,202,58.0,1424.0
1147.08614,5,5,12,2,51,57.0,818.049
1147.181976,1,12,25,7,192,61.0,2264.0
1147.1819775,3,9,23,7,182,61.0,2038.0
1147.181978,2,1,24,9,170,61.0,3291.0
1147.1819965,6,24,22,4,180,56.0,880.047
1147.182001,5,5,9,2,51,55.0,539.847
1147.278874,1,12,29,9,195,63.0,3490.0
1147.2788755,3,13,27,9,221,63.0,3182.0
1147.278876,2,9,30,14,236,62.0,5547.0
1147.2788895,6,29,29,6,202,57.0,1430.0
1147.278899,5,5,11,4,196,57.0,922.146
1149.647799,1,15,26,8,197,61.0,2319.0
1149.647801,2,5,25,11,239,61.0,3698.0
1149.6478055,3,7,24,6,180,61.0,2002.0
1149.6478225,6,24,23,5,194,56.0,915.351
1149.647827,5,5,10,2,51,56.0,530.562
1149.743834,1,12,29,9,195,63.0,3479.0
1149.7438355,3,13,30,9,221,63.0,3157.0
1149.743836,2,1,31,13,227,62.0,5380.0
1149.7438495,6,29,30,6,205,57.0,1436.0
1149.743859,5,5,12,2,51,57.0,801.923
1149.839675,2,11,22,9,173,61.0,3429.0
1149.839675,1,12,26,7,195,61.0,2285.0
1149.8396765,3,13,23,7,183,61.0,2039.0
1149.8396965,6,1,22,4,177,56.0,866.04
1149.8397,5,20,10,2,55,56.0,543.242
1149.935794,1,9,29,9,198,62.0,3502.0
1149.935794,2,8,31,14,239,63.0,5570.0
1149.9357955,3,10,29,10,311,63.0,3251.0
1149.9358105,6,29,28,7,238,58.0,1505.0
1149.935819,5,20,12,2,55,58.0,806.017
1150.031547,1,12,26,8,195,61.0,2288.0
1150.0315485,3,13,25,7,179,62.0,2025.0
1150.031549,2,1,24,11,224,61.0,3629.0
1150.0315675,6,24,23,3,97,56.0,776.353
1150.031572,5,2,9,2,51,55.0,522.297
1150.127304,1,12,28,10,198,63.0,3497.0
1150.1273055,3,13,29,9,186,63.0,3139.0
1150.127306,2,9,29,13,239,63.0,5431.0
1150.1273165,6,33,29,6,191,57.0,1385.0
1150.127329,5,2,11,2,55,57.0,823.929
1150.223854,1,12,25,7,195,61.0,2294.0
1150.2238555,3,13,24,7,183,61.0,2048.0
1150.223856,2,9,22,9,168,61.0,3307.0
1150.2238745,6,2,22,3,115,56.0,802.862
1150.223879,5,20,11,2,52,56.0,526.309
1150.319901,1,9,28,9,198,62.0,3502.0
1150.319902,2,4,28,13,226,62.0,5544.0
1150.3199025,3,10,30,10,311,63.0,3240.0
1150.319915,5,31,12,3,124,58.0,922.624
1150.3199175,6,29,28,7,229,58.0,1478.0
1152.721841,1,12,26,7,195,61.0,2291.0
1152.7218425,3,6,23,7,183,61.0,2021.0
1152.721843,2,1,24,9,168,60.0,3269.0
1152.7218625,6,1,21,4,177,56.0,866.314
1152.721866,5,20,9,2,48,56.0,517.374
1152.8179,1,12,28,9,198,63.0,3486.0
1152.8179015,3,13,31,9,221,63.0,3155.0
1152.817902,2,9,29,13,230,63.0,5384.0
1152.8179125,6,29,28,7,236,57.0,1511.0
1152.817925,5,20,12,4,193,58.0,937.062
1152.913975,1,8,27,7,197,61.0,2322.0
1152.91398,2,2,24,11,236,60.0,3540.0
1152.9139815,3,7,23,6,180,61.0,1984.0
1152.9139985,6,24,22,5,200,56.0,922.226
1152.914003,5,5,10,2,51,56.0,533.551
1153.00972,1,12,28,9,198,63.0,3499.0
1153.0097215,3,13,28,9,186,63.0,3120.0
1153.009722,2,9,29,13,239,62.0,5344.0
1153.0097355,6,26,28,7,236,57.0,1491.0
1153.009745,5,20,11,2,55,57.0,813.442
1153.105464,1,12,27,7,195,61.0,2295.0
1153.1054655,3,13,24,7,183,61.0,2027.0
1153.105466,2,9,24,9,168,61.0,3464.0
1153.1054855,6,1,22,3,118,56.0,808.422
1153.105489,5,20,10,2,52,56.0,539.112
1153.201263,1,12,29,9,198,63.0,3482.0
1153.2012645,3,13,27,9,221,63.0,3147.0
1153.201265,2,9,29,13,221,63.0,5196.0
1153.2012755,6,1,28,7,239,58.0,1503.0
1153.201288,5,20,13,2,55,57.0,811.744
1153.297128,1,12,26,8,195,61.0,2293.0
1153.2971295,3,13,23,6,160,61.0,1987.0
1153.29713,2,9,25,11,227,61.0,3556.0
1153.2971485,6,24,23,4,183,56.0,886.012
1153.297153,5,2,10,2,48,55.0,520.824
1153.39296,1,12,28,9,195,63.0,3498.0
1153.3929615,3,13,28,10,310,63.0,3243.0
1153.392962,2,1,30,15,335,62.0,5689.0
1153.3929755,6,29,29,7,233,57.0,1492.0
1153.392985,5,5,10,2,48,57.0,783.709
1155.784895,1,12,27,7,195,61.0,2285.0
1155.7848965,3,13,24,7,183,61.0,2037.0
1155.784897,2,9,22,9,168,61.0,3333.0
1155.7849165,6,1,22,3,114,56.0,793.234
1155.78492,5,20,11,2,52,56.0,531.543
1155.880957,1,12,29,9,198,63.0,3502.0
1155.8809585,3,13,30,10,314,63.0,3244.0
1155.880959,2,9,31,14,239,63.0,5542.0
1155.8809695,6,29,30,7,239,58.0,1510.0
1155.880982,5,20,13,2,55,58.0,817.877
1155.976791,1,12,26,7,195,61.0,2297.0
1155.9767925,3,6,23,7,183,61.0,2034.0
1155.976793,2,9,25,8,138,61.0,3147.0
1155.9768125,6,1,21,3,121,56.0,808.496
1155.976816,5,20,10,2,52,56.0,533.499
1156.072664,1,9,29,9,195,62.0,3492.0
1156.072664,2,8,29,13,227,63.0,5380.0
1156.0726655,3,10,30,10,311,63.0,3223.0
1156.072678,5,31,13,3,66,58.0,850.269
1156.0726805,6,12,27,6,205,58.0,1422.0
1156.168686,1,12,25,7,191,61.0,2281.0
1156.168688,2,1,23,11,233,61.0,3723.0
1156.1686895,3,7,24,6,180,61.0,2009.0
1156.1687065,6,24,24,5,194,56.0,909.201
1156.168711,5,5,10,2,51,55.0,527.84
1156.264428,1,12,28,9,195,63.0,3494.0
1156.2644295,3,13,29,8,183,63.0,3120.0
1156.26443,2,1,27,13,239,63.0,5338.0
1156.2644435,6,29,28,6,202,57.0,1428.0
1156.264453,5,5,11,2,51,58.0,805.039
1156.360177,1,9,26,7,195,60.0,2282.0
1156.3601785,3,10,24,7,183,61.0,2024.0
1156.36018,2,5,23,10,224,60.0,3543.0
1156.3601985,6,24,21,5,197,56.0,908.193
1156.360202,5,20,10,2,52,56.0,528.743
1156.456028,1,12,28,9,198,63.0,3511.0
1156.456028,2,8,27,11,173,63.0,5213.0
1156.4560295,3,10,29,10,311,63.0,3229.0
1156.4560405,6,16,29,7,233,58.0,1488.0
1156.456042,5,31,13,3,66,58.0,867.907
1158.870339,1,9,27,7,195,60.0,2302.0
1158.870339,2,5,26,10,220,62.0,3553.0
1158.8703405,3,10,25,7,183,61.0,2036.0
1158.8703605,6,7,22,5,194,56.0,903.513
1158.870364,5,20,10,2,52,57.0,536.255
1158.967202,1,11,29,9,197,62.0,3552.0
1158.967204,2,8,28,13,230,62.0,5523.0
1158.9672055,3,10,29,10,311,63.0,3242.0
1158.9672205,6,29,28,6,205,58.0,1420.0
1158.967229,5,6,12,2,55,58.0,817.708
1159.06297,1,6,26,7,195,60.0,2294.0
1159.0629715,3,10,24,7,183,61.0,2023.0
1159.062973,2,5,22,10,224,61.0,3694.0
1159.0629915,6,24,22,5,194,56.0,909.117
1159.062995,5,20,10,2,52,56.0,536.314
1159.15869,1,12,27,10,195,63.0,3505.0
1159.1586915,3,13,30,9,221,63.0,3166.0
1159.158692,2,1,29,14,265,62.0,5372.0
1159.1587055,6,1,28,7,233,57.0,1491.0
1159.158715,5,2,11,2,52,57.0,794.094
1159.254521,1,8,26,7,197,60.0,2331.0
1159.2545245,3,10,24,7,183,61.0,2051.0
1159.254526,2,77,23,10,224,60.0,3473.0
1159.2545445,6,24,21,5,197,56.0,912.028
1159.254548,5,6,10,2,52,56.0,540.213
1159.350357,1,12,28,9,195,63.0,3513.0
1159.3503585,3,13,29,8,186,63.0,3107.0
1159.350359,2,9,29,14,265,63.0,5530.0
1159.3503725,6,29,30,6,202,57.0,1412.0
1159.350382,5,5,11,2,51,57.0,803.261
1159.446488,1,12,27,7,195,61.0,2305.0
1159.446488,2,8,23,11,232,61.0,3777.0
1159.4464895,3,6,23,7,183,61.0,2034.0
1159.4465095,6,1,22,5,224,56.0,951.007
1159.446513,5,20,11,2,48,57.0,519.343
1159.542254,1,12,28,9,198,63.0,3525.0
1159.542254,2,8,28,12,217,62.0,5208.0
1159.5422555,3,6,31,10,311,63.0,3243.0
1159.542268,5,31,13,3,66,58.0,858.693
1159.5422705,6,12,26,7,235,58.0,1501.0
1161.985376,1,6,26,7,195,60.0,2302.0
1161.9853775,3,10,24,7,183,61.0,2027.0
1161.985379,2,5,23,9,170,61.0,3331.0
1161.9853975,6,24,21,5,197,56.0,908.76
1161.985404,5,3,9,1,43,56.0,456.296
1162.082239,1,11,28,9,197,62.0,3556.0
1162.082241,2,8,29,13,224,62.0,5292.0
1162.0822425,3,10,29,10,311,63.0,3223.0
1162.0822575,6,29,28,6,208,58.0,1430.0
1162.082266,5,20,13,3,113,58.0,869.283
1162.17801,1,12,26,8,195,61.0,2298.0
1162.1780115,3,13,25,7,183,61.0,2034.0
1162.178012,2,9,24,9,164,62.0,3213.0
1162.1780305,6,1,22,3,97,56.0,771.967
1162.178035,5,2,10,2,52,56.0,540.775
1162.273726,1,12,28,9,195,63.0,3511.0
1162.2737275,3,13,29,8,183,63.0,3101.0
1162.273728,2,9,28,13,227,62.0,5225.0
1162.2737415,6,29,29,6,202,57.0,1416.0
1162.273751,5,5,11,2,51,57.0,796.492
1162.369504,1,12,26,8,195,61.0,2311.0
1162.3695055,3,13,23,7,183,61.0,2054.0
1162.369506,2,9,23,11,227,62.0,3608.0
1162.3695245,6,2,23,3,115,56.0,795.179
1162.369529,5,20,11,2,52,56.0,532.006
1162.465351,1,8,29,9,197,62.0,3569.0
1162.465353,2,8,30,13,230,62.0,5649.0
1162.4653555,3,9,30,8,182,63.0,3104.0
1162.4653695,6,29,28,6,205,58.0,1423.0
1162.465378,5,6,12,3,83,58.0,858.8
1162.561199,1,12,27,8,195,61.0,2297.0
1162.5612005,3,13,24,7,183,61.0,2021.0
1162.561201,2,9,22,8,138,61.0,3149.0
1162.5612195,6,1,23,3,115,55.0,791.492
1162.561224,5,2,10,2,51,55.0,524.646
1162.658086,1,12,28,9,195,63.0,3510.0
1162.6580875,3,13,30,10,314,63.0,3253.0
1162.658088,2,9,27,13,227,62.0,5367.0
1162.6581015,6,29,29,6,205,58.0,1428.0
1162.658111,5,5,11,2,52,57.0,819.35
1165.06834,1,6,27,7,195,60.0,2300.0
1165.0683415,3,10,24,7,183,61.0,2036.0
1165.068343,2,2,20,9,170,60.0,3392.0
1165.0683615,6,24,21,5,197,56.0,914.023
1165.068365,5,6,10,2,48,56.0,525.839
1165.165173,1,12,28,9,198,63.0,3504.0
1165.1651745,3,13,30,9,197,63.0,3117.0
1165.165175,2,9,29,13,225,63.0,5230.0
1165.1651855,6,1,29,7,239,58.0,1494.0
1165.165198,5,20,13,2,55,58.0,811.758
1165.260921,1,12,27,8,195,61.0,2301.0
1165.2609225,3,13,24,7,183,61.0,2047.0
1165.260923,2,9,23,10,224,60.0,3459.0
1165.2609415,6,1,23,3,115,56.0,793.705
1165.260946,5,2,10,2,48,56.0,523.174
1165.356687,1,15,29,10,198,63.0,3575.0
1165.356689,2,8,30,13,230,63.0,5331.0
1165.3566915,3,9,29,8,182,63.0,3117.0
1165.3567055,6,29,29,6,205,58.0,1424.0
1165.356715,5,5,12,3,82,57.0,851.487
1165.452569,1,12,27,7,195,61.0,2302.0
1165.4525705,3,13,23,7,183,61.0,2041.0
1165.452571,2,6,23,9,168,61.0,3394.0
1165.4525905,6,1,23,4,177,56.0,872.331
1165.452594,5,20,11,2,52,56.0,528.45
1165.548387,1,12,28,9,198,63.0,3520.0
1165.5483885,3,6,28,10,311,63.0,3221.0
1165.548389,2,9,28,11,171,62.0,5119.0
1165.5483995,6,1,28,7,233,58.0,1472.0
1165.548401,5,31,13,4,204,58.0,973.82
1165.644458,1,12,26,7,192,61.0,2288.0
1165.6444595,3,13,24,7,182,61.0,2042.0
1165.64446,2,9,25,10,227,61.0,3484.0
1165.6444785,6,24,23,3,97,56.0,760.717
1165.644483,5,5,10,2,51,56.0,533.028
1165.740196,1,12,28,9,198,63.0,3522.0
1165.7401975,3,13,29,10,314,63.0,3246.0
1165.740198,2,9,28,13,233,63.0,5439.0
1165.7402085,6,1,27,7,239,58.0,1503.0
1165.740221,5,20,13,2,55,58.0,822.301
1168.14811,1,12,26,8,195,61.0,2315.0
1168.1481115,3,9,24,7,179,61.0,2017.0
1168.148112,2,1,23,10,227,60.0,3415.0
1168.1481305,6,24,21,3,97,56.0,773.159
1168.148135,5,2,10,2,48,55.0,523.19
1168.244164,1,12,28,9,198,63.0,3522.0
1168.2441655,3,10,29,10,311,63.0,3199.0
1168.244166,2,6,29,14,262,63.0,5453.0
1168.2441765,6,1,28,7,233,58.0,1484.0
1168.244189,5,20,13,4,193,58.0,925.794
1168.34104,1,12,26,7,194,61.0,2307.0
1168.341042,2,2,24,9,164,60.0,3195.0
1168.3410435,3,7,24,6,180,61.0,1983.0
1168.3410605,6,24,22,5,197,56.0,910.891
1168.341065,5,5,9,2,51,56.0,535.077
1168.436775,1,15,29,10,197,63.0,3560.0
1168.4367795,3,9,28,9,214,63.0,3130.0
1168.43678,2,77,29,13,236,62.0,5498.0
1168.4367935,6,29,30,6,205,58.0,1429.0
1168.436803,5,5,11,3,112,58.0,872.229
1168.532603,1,6,27,7,195,60.0,2302.0
1168.532604,2,4,22,10,223,61.0,3608.0
1168.5326045,3,10,25,7,183,61.0,2045.0
1168.5326245,6,24,22,5,197,56.0,915.591
1168.532628,5,6,10,2,52,56.0,532.028
1168.628471,1,8,29,9,197,62.0,3574.0
1168.628473,2,8,28,13,239,62.0,5376.0
1168.6284745,3,10,31,8,183,63.0,3104.0
1168.628487,5,17,12,3,124,58.0,920.307
1168.6284895,6,29,29,6,205,58.0,1426.0
1168.724278,1,9,27,7,195,61.0,2308.0
1168.724278,2,2,23,10,227,61.0,3485.0
1168.7242795,3,10,25,7,183,61.0,2023.0
1168.7242995,6,7,22,5,197,56.0,903.343
1168.724303,5,20,10,2,52,56.0,530.382
1168.820314,1,12,29,9,198,63.0,3543.0
1168.8203155,3,6,29,9,215,63.0,3139.0
1168.820316,2,9,31,13,222,63.0,5359.0
1168.8203265,6,1,28,7,239,58.0,1485.0
1168.820339,5,20,14,4,193,58.0,940.864
1171.205456,1,6,26,7,195,60.0,2316.0
1171.205456,2,5,23,9,173,60.0,3376.0
1171.2054605,3,7,24,6,180,61.0,1978.0
1171.2054775,6,24,21,5,197,56.0,914.788
1171.205484,5,3,9,2,49,56.0,486.02
1171.302318,1,12,28,10,198,63.0,3532.0
1171.3023195,3,13,29,9,186,63.0,3090.0
1171.30232,2,9,27,13,224,63.0,5306.0
1171.302329,5,34,13,3,62,57.0,850.313
1171.3023335,6,26,28,7,233,57.0,1470.0
1171.398086,1,9,26,7,195,61.0,2312.0
1171.3980875,3,10,25,7,183,61.0,2041.0
1171.398089,2,5,23,9,167,61.0,3269.0
1171.3981075,6,1,23,5,194,56.0,900.985
1171.398111,5,20,10,2,52,56.0,536.22
1171.493802,1,8,29,9,197,62.0,3583.0
1171.4938055,3,10,30,10,311,63.0,3243.0
1171.493807,2,5,28,13,236,62.0,5334.0
1171.4938205,6,29,28,6,208,58.0,1427.0
1171.493829,5,6,12,3,113,58.0,877.475
1171.589666,1,12,25,8,192,61.0,2303.0
1171.5896675,3,9,25,7,183,61.0,2027.0
1171.589668,2,1,22,10,221,61.0,3392.0
1171.5896865,6,24,22,3,97,56.0,763.484
1171.589691,5,2,10,2,51,55.0,532.964
1171.685505,1,12,28,10,195,63.0,3537.0
1171.6855065,3,13,29,10,314,63.0,3229.0
1171.685507,2,9,27,13,239,63.0,5333.0
1171.6855255,6,25,27,5,180,57.0,1342.0
1171.68553,5,5,11,2,52,57.0,809.059
1171.781603,1,12,26,8,195,61.0,2305.0
1171.7816045,3,13,24,7,179,61.0,2050.0
1171.781605,2,77,26,12,265,61.0,3750.0
1171.7816235,6,24,22,3,97,55.0,766.889
1171.781628,5,2,10,2,48,55.0,532.889
1171.877363,1,12,27,9,195,63.0,3507.0
1171.8773645,3,13,27,9,221,63.0,3166.0
1171.877365,2,9,29,14,268,62.0,5460.0
1171.8773785,6,29,29,6,205,57.0,1422.0
1171.877388,5,5,11,3,112,57.0,866.0
1174.325264,1,6,27,7,195,60.0,2313.0
1174.3252655,3,10,24,7,183,61.0,2024.0
1174.325267,2,5,23,10,221,61.0,3518.0
1174.3252855,6,24,22,5,197,56.0,908.354
1174.325289,5,6,10,2,52,56.0,531.795
1174.422097,1,12,29,10,198,63.0,3539.0
1174.4220985,3,13,28,10,314,63.0,3231.0
1174.422099,2,9,28,13,227,63.0,5302.0
1174.422108,5,16,14,3,66,57.0,849.014
1174.4221175,6,25,28,6,180,57.0,1343.0
1174.518191,1,6,26,7,195,60.0,2320.0
1174.518191,2,5,25,10,230,60.0,3416.0
1174.5181955,3,7,23,6,180,61.0,1973.0
1174.5182125,6,24,21,5,197,56.0,908.599
1174.518219,5,3,9,2,49,56.0,483.703
1174.613909,1,12,28,10,198,63.0,3532.0
1174.6139105,3,13,28,9,186,63.0,3098.0
1174.613911,2,9,31,13,233,62.0,5309.0
1174.6139215,6,29,28,7,236,57.0,1484.0
1174.613934,5,20,13,2,55,57.0,821.891
1174.709658,1,12,27,7,195,61.0,2319.0
1174.709658,2,8,23,9,170,61.0,3357.0
1174.7096595,3,7,25,7,183,61.0,2040.0
1174.7096795,6,1,21,4,177,56.0,869.202
1174.709683,5,20,11,2,48,56.0,517.416
1174.805478,1,15,30,10,197,63.0,3585.0
1174.8054825,3,9,28,8,182,63.0,3075.0
1174.805483,2,5,28,13,236,62.0,5379.0
1174.8054965,6,29,29,6,202,58.0,1412.0
1174.805506,5,5,11,2,51,58.0,797.722
1174.901326,1,12,26,8,195,61.0,2321.0
1174.9013275,3,13,24,7,183,61.0,2035.0
1174.901328,2,9,22,10,224,61.0,3352.0
1174.9013465,6,1,22,3,115,56.0,794.388
1174.901351,5,2,10,2,48,55.0,528.794
1174.998256,1,8,28,9,197,62.0,3582.0
1174.998258,2,5,30,13,230,62.0,5449.0
1174.9982595,3,10,30,8,183,63.0,3092.0
1174.9982745,6,29,28,6,205,58.0,1422.0
1174.998283,5,6,12,3,113,58.0,883.338
1177.457491,1,12,25,7,192,61.0,2306.0
1177.4574915,3,10,25,7,183,61.0,2032.0
1177.457493,2,1,21,11,230,62.0,3598.0
1177.4575115,6,24,22,4,163,56.0,844.108
1177.457516,5,5,10,2,51,55.0,531.232
1177.553253,1,12,28,10,195,63.0,3522.0
1177.5532545,3,13,28,9,221,63.0,3149.0
1177.553255,2,9,31,15,332,63.0,5677.0
1177.5532685,6,29,29,6,199,57.0,1399.0
1177.553278,5,5,12,2,55,57.0,823.223
1177.648974,1,12,27,8,195,61.0,2321.0
1177.6489755,3,13,23,7,183,61.0,2037.0
1177.648976,2,9,23,8,138,61.0,3133.0
1177.6489945,6,1,21,3,115,56.0,790.627
1177.648999,5,2,11,2,52,56.0,529.762
1177.744747,1,12,28,9,198,63.0,3555.0
1177.744747,2,11,28,13,220,63.0,5332.0
1177.7447485,3,6,28,10,311,63.0,3221.0
1177.7447595,6,1,29,7,242,58.0,1493.0
1177.744772,5,20,13,2,55,58.0,812.601
1177.840601,2,1,22,11,227,60.0,3499.0
1177.840602,1,12,26,8,195,61.0,2319.0
1177.8406035,3,13,24,6,164,61.0,1978.0
1177.8406225,6,25,22,3,81,56.0,733.978
1177.840627,5,2,10,2,48,56.0,513.824
1177.936439,1,11,29,9,197,62.0,3597.0
1177.9364425,3,10,28,8,183,63.0,3122.0
1177.936443,2,6,31,13,228,62.0,5340.0
1177.9364535,6,33,28,6,212,58.0,1440.0
1177.936455,5,31,13,3,63,58.0,844.966
1178.032533,1,12,27,7,195,61.0,2322.0
1178.0325345,3,13,23,7,183,61.0,2027.0
1178.032535,2,9,23,9,168,61.0,3412.0
1178.0325545,6,1,20,4,177,56.0,863.924
1178.032558,5,20,11,2,55,57.0,546.852
1178.128255,1,12,28,9,198,63.0,3563.0
1178.128255,2,11,30,13,227,63.0,5280.0
1178.1282565,3,6,28,10,292,63.0,3217.0
1178.1282675,6,1,28,7,233,58.0,1474.0
1178.12828,5,20,12,2,55,58.0,808.271
1180.540428,1,9,26,7,195,61.0,2321.0
1180.5404295,3,10,24,7,183,61.0,2014.0
1180.540431,2,2,22,9,170,61.0,3366.0
1180.5404495,6,1,21,5,194,56.0,895.971
1180.540453,5,20,10,2,52,56.0,533.487
1180.637286,1,15,29,10,197,63.0,3594.0
1180.6372905,3,9,29,8,182,63.0,3104.0
1180.637291,2,5,29,13,239,62.0,5382.0
1180.6373045,6,29,28,6,205,58.0,1412.0
1180.637313,5,6,12,2,49,57.0,784.786
1180.733057,1,12,27,8,195,61.0,2322.0
1180.7330585,3,13,24,7,183,61.0,2041.0
1180.733059,2,9,23,9,170,61.0,3402.0
1180.7330775,6,1,22,3,115,55.0,786.296
1180.733082,5,2,10,2,52,56.0,548.644
1180.828775,1,12,28,9,198,63.0,3571.0
1180.828775,2,11,28,11,170,63.0,5091.0
1180.8287765,3,6,29,10,311,63.0,3217.0
1180.8287875,6,1,29,7,233,58.0,1468.0
1180.8288,5,20,12,2,55,58.0,817.157
1180.924636,1,12,26,8,195,61.0,2325.0
1180.9246375,3,13,24,7,183,62.0,2027.0
1180.924638,2,9,23,10,224,62.0,3485.0
1180.9246565,6,1,20,3,115,56.0,784.058
1180.924661,5,2,10,2,48,56.0,518.219
1181.02047,1,15,29,10,197,63.0,3584.0
1181.020472,2,8,30,14,268,62.0,5441.0
1181.0204735,3,10,29,8,183,63.0,3086.0
1181.0204885,6,29,28,6,205,58.0,1412.0
1181.020497,5,6,11,3,113,58.0,891.151
1181.116574,1,12,25,7,194,61.0,2333.0
1181.1165745,3,10,25,7,180,61.0,2020.0
1181.116576,2,2,22,10,224,60.0,3327.0
1181.1165945,6,24,21,5,197,56.0,908.865
1181.116599,5,5,9,2,48,56.0,525.03
1181.212331,1,11,28,9,200,62.0,3602.0
1181.2123345,3,10,29,10,311,63.0,3206.0
1181.212335,2,3,29,13,237,62.0,5550.0
1181.212347,5,17,13,3,69,58.0,886.347
1181.2123495,6,29,28,6,205,58.0,1398.0
1183.663369,1,12,27,7,195,61.0,2330.0
1183.6633705,3,13,23,7,183,61.0,2036.0
1183.663371,2,9,25,9,171,61.0,3409.0
1183.6633895,6,1,22,3,115,56.0,792.333
1183.663394,5,20,11,2,55,56.0,537.083
1183.760207,1,8,29,9,197,62.0,3612.0
1183.760209,2,8,30,14,268,62.0,5549.0
1183.7602105,3,10,29,8,183,63.0,3087.0
1183.7602255,6,29,29,6,205,58.0,1414.0
1183.760234,5,6,12,3,113,57.0,884.395
1183.855957,1,12,27,7,195,61.0,2328.0
1183.8559585,3,6,23,7,183,61.0,2009.0
1183.855959,2,9,24,9,168,61.0,3188.0
1183.8559775,6,2,20,4,178,56.0,868.094
1183.855982,5,20,11,2,48,56.0,521.61
1183.951751,1,15,28,10,198,63.0,3608.0
1183.9517555,3,9,28,10,314,63.0,3208.0
1183.951756,2,1,27,14,265,62.0,5449.0
1183.9517695,6,29,27,6,202,57.0,1410.0
1183.951779,5,5,11,2,51,57.0,815.229
1184.047619,1,6,27,7,195,60.0,2343.0
1184.047619,2,5,24,9,173,60.0,3373.0
1184.0476205,3,10,25,7,183,61.0,2022.0
1184.0476405,6,24,21,5,194,56.0,897.127
1184.047644,5,6,11,2,52,56.0,528.518
1184.143451,1,12,29,10,198,63.0,3549.0
1184.1434525,3,13,28,10,314,63.0,3216.0
1184.143453,2,9,30,13,227,63.0,5267.0
1184.1434715,6,1,27,7,231,57.0,1461.0
1184.143476,5,20,11,2,55,57.0,815.109
1184.240298,1,9,27,7,195,61.0,2336.0
1184.240299,2,7,24,9,169,61.0,3297.0
1184.2402995,3,10,24,7,183,61.0,2017.0
1184.2403195,6,1,21,4,177,56.0,864.379
1184.240323,5,20,10,2,52,57.0,530.594
1184.336359,1,12,28,10,198,63.0,3549.0
1184.3363605,3,13,29,10,314,63.0,3200.0
1184.336361,2,9,29,13,233,63.0,5369.0
1184.3363795,6,21,27,7,228,57.0,1456.0
1184.336384,5,20,12,2,55,57.0,815.452
1186.84292,1,12,27,8,195,61.0,2334.0
1186.8429215,3,13,23,7,183,61.0,2027.0
1186.842922,2,9,23,11,236,60.0,3510.0
1186.8429405,6,1,22,3,115,55.0,783.111
1186.842945,5,2,10,2,48,56.0,518.022
1186.938942,1,15,29,9,197,63.0,3607.0
1186.938945,2,7,29,13,238,62.0,5516.0
1186.9389465,3,9,29,8,182,63.0,3095.0
1186.9389605,6,29,28,6,205,57.0,1418.0
1186.938969,5,6,12,2,52,58.0,818.184
1187.034815,1,12,26,8,195,61.0,2328.0
1187.0348165,3,9,23,7,183,61.0,2010.0
1187.034817,2,1,23,10,224,61.0,3526.0
1187.0348355,6,24,21,3,97,55.0,762.471
1187.03484,5,2,9,2,51,55.0,525.155
1187.130639,1,12,28,10,198,63.0,3568.0
1187.1306405,3,13,28,8,183,63.0,3088.0
1187.130641,2,9,29,13,239,63.0,5489.0
1187.1306545,6,30,29,7,233,57.0,1466.0
1187.130664,5,2,10,2,55,57.0,809.088
1187.226684,1,12,25,8,192,61.0,2327.0
1187.2266855,3,9,23,7,182,61.0,2029.0
1187.226686,2,2,22,10,227,60.0,3402.0
1187.2267045,6,24,22,3,89,56.0,746.433
1187.226709,5,5,10,2,51,56.0,538.986
1187.322443,1,8,28,9,197,62.0,3602.0
1187.322445,2,8,27,13,230,62.0,5355.0
1187.3224465,3,10,29,10,311,63.0,3194.0
1187.3224615,6,29,28,6,208,58.0,1412.0
1187.32247,5,6,13,2,52,58.0,813.903
1187.418172,1,12,27,7,195,61.0,2329.0
1187.4181735,3,13,23,7,183,61.0,2013.0
1187.418174,2,9,24,9,168,61.0,3311.0
1187.4181925,6,1,21,3,115,56.0,787.309
1187.418197,5,20,11,2,55,57.0,542.992
1187.514022,1,8,29,9,197,62.0,3603.0
1187.5140255,3,10,29,8,183,63.0,3086.0
1187.514027,2,5,30,13,236,63.0,5429.0
1187.514038,5,17,13,4,124,58.0,931.093
1187.5140405,6,29,27,6,205,58.0,1412.0
1190.037031,1,12,28,7,195,61.0,2324.0
1190.037031,2,2,24,10,227,61.0,3568.0
1190.0370325,3,10,23,7,183,61.0,2020.0
1190.0370525,6,1,22,4,177,56.0,857.296
1190.037056,5,20,10,2,52,56.0,530.567
1190.132822,1,12,28,10,198,63.0,3564.0
1190.1328235,3,13,28,8,186,63.0,3096.0
1190.132824,2,9,29,13,239,62.0,5303.0
1190.1328375,6,30,29,7,233,57.0,1463.0
1190.132847,5,2,11,2,55,57.0,822.207
1190.228657,1,12,27,7,195,61.0,2346.0
1190.2286585,3,13,24,7,183,61.0,2013.0
1190.228659,2,9,24,9,168,61.0,3299.0
1190.2286775,6,1,21,4,178,56.0,859.014
1190.228682,5,20,11,2,52,56.0,538.987
1190.324496,1,12,28,9,198,63.0,3560.0
1190.3244975,3,13,29,10,311,63.0,3225.0
1190.324498,2,9,29,13,221,63.0,5227.0
1190.3245085,6,1,28,7,233,58.0,1445.0
1190.324521,5,20,13,2,55,58.0,813.522
1190.420565,1,9,28,7,195,61.0,2343.0
1190.420565,2,2,24,10,232,61.0,3523.0
1190.4205665,3,10,22,7,183,61.0,2027.0
1190.4205865,6,1,20,5,194,56.0,892.737
1190.42059,5,20,11,2,52,57.0,540.378
1190.516309,1,8,29,9,197,62.0,3610.0
1190.5163125,3,10,29,8,183,63.0,3082.0
1190.516314,2,5,29,13,236,62.0,5255.0
1190.5163275,6,29,29,6,205,58.0,1413.0
1190.516336,5,6,12,3,113,58.0,891.255
1190.612078,1,12,27,7,195,61.0,2351.0
1190.612078,2,11,24,9,173,61.0,3445.0
1190.6120795,3,6,23,7,186,61.0,2019.0
1190.6121025,6,2,20,4,174,56.0,841.315
1190.612103,5,20,10,2,55,56.0,541.017
1190.708919,1,9,29,9,195,62.0,3576.0
1190.708919,2,8,32,14,268,63.0,5654.0
1190.7089205,3,10,30,9,215,63.0,3090.0
1190.708933,5,31,12,3,63,58.0,856.707
1190.7089355,6,29,27,6,205,58.0,1408.0
1193.188886,1,12,26,8,195,61.0,2337.0
1193.1888875,3,13,24,7,183,61.0,2018.0
1193.188888,2,9,25,10,224,62.0,3480.0
1193.1889065,6,24,19,3,97,55.0,763.932
1193.188911,5,2,10,2,48,56.0,519.278
1193.284977,1,12,28,10,198,63.0,3560.0
1193.2849785,3,13,28,8,186,63.0,3080.0
1193.284979,2,9,28,14,239,63.0,5710.0
1193.284988,5,19,13,3,69,57.0,880.631
1193.2849925,6,29,27,7,233,57.0,1461.0
1193.380726,1,12,26,8,195,61.0,2349.0
1193.3807275,3,9,24,6,176,61.0,1981.0
1193.380728,2,1,22,10,224,61.0,3391.0
1193.3807465,6,24,21,3,97,56.0,763.742
1193.380751,5,2,10,2,52,55.0,531.216
1193.476517,1,8,29,9,197,62.0,3621.0
1193.4765205,3,10,29,10,311,63.0,3236.0
1193.476522,2,5,27,12,224,62.0,5136.0
1193.4765355,6,29,29,6,205,58.0,1407.0
1193.476544,5,6,12,3,113,58.0,899.853
1193.57229,1,12,27,8,195,61.0,2339.0
1193.5722915,3,13,23,7,183,61.0,2010.0
1193.572292,2,9,25,9,168,61.0,3148.0
1193.5723105,6,1,20,3,115,56.0,781.116
1193.572315,5,20,10,2,52,56.0,529.031
1193.668905,1,12,29,9,198,63.0,3587.0
1193.668905,2,11,27,13,241,62.0,5319.0
1193.6689065,3,6,31,10,311,63.0,3217.0
1193.6689175,6,1,29,6,206,58.0,1407.0
1193.66893,5,20,14,2,55,58.0,814.703
1193.763964,1,9,26,7,195,61.0,2349.0
1193.7639655,3,10,24,7,183,61.0,2011.0
1193.763967,2,5,25,10,224,61.0,3541.0
1193.7639855,6,1,21,4,177,56.0,860.784
1193.763989,5,20,11,2,48,56.0,525.995
1193.86,1,12,28,10,198,63.0,3583.0
1193.8600015,3,13,29,10,292,63.0,3160.0
1193.860002,2,1,29,14,239,62.0,5288.0
1193.8600155,6,1,26,7,233,57.0,1458.0
1193.860025,5,20,12,2,55,57.0,814.524
1196.335816,2,8,25,10,227,61.0,3533.0
1196.335816,1,9,27,7,195,61.0,2347.0
1196.3358175,3,10,24,7,183,61.0,1997.0
1196.3358375,6,7,20,5,194,56.0,884.676
1196.335841,5,20,10,2,46,56.0,502.667
1196.431667,1,12,28,9,198,63.0,3590.0
1196.431667,2,8,27,13,229,63.0,5335.0
1196.4316685,3,6,29,10,311,63.0,3199.0
1196.4316795,6,1,28,6,206,58.0,1407.0
1196.431692,5,20,12,2,55,58.0,813.572
1196.527531,1,12,27,8,195,61.0,2347.0
1196.5275325,3,13,22,7,183,61.0,2010.0
1196.527533,2,9,27,11,236,62.0,3643.0
1196.5275515,6,1,20,3,115,56.0,783.345
1196.527556,5,20,10,2,52,56.0,536.124
1196.623602,1,12,28,10,195,63.0,3582.0
1196.6236035,3,13,30,8,183,63.0,3069.0
1196.623604,2,9,31,14,239,62.0,5429.0
1196.6236175,6,29,27,7,233,57.0,1446.0
1196.623627,5,5,11,2,51,58.0,819.017
1196.71935,1,6,26,7,195,61.0,2352.0
1196.719353,2,5,23,10,224,61.0,3448.0
1196.7193545,3,7,23,6,180,61.0,1958.0
1196.7193715,6,24,19,4,177,56.0,851.584
1196.719378,5,3,10,2,80,56.0,517.071
1196.815097,1,12,28,10,198,63.0,3575.0
1196.8150985,3,13,29,10,292,63.0,3187.0
1196.815099,2,1,29,13,233,63.0,5232.0
1196.8151125,6,26,27,7,236,57.0,1467.0
1196.815122,5,20,12,2,55,57.0,822.688
1196.910894,1,12,28,7,195,61.0,2334.0
1196.9108955,3,13,21,7,183,61.0,2007.0
1196.910896,2,9,23,8,138,61.0,3077.0
1196.9109145,6,1,20,4,178,56.0,854.993
1196.910919,5,20,11,2,55,56.0,554.959
1197.006755,1,12,29,9,198,63.0,3599.0
1197.006755,2,8,28,13,230,62.0,5180.0
1197.0067565,3,10,29,9,186,63.0,3116.0
1197.0067675,6,16,28,6,212,58.0,1411.0
1197.006769,5,31,12,3,96,58.0,907.773
1199.448058,1,12,27,8,195,61.0,2349.0
1199.4480595,3,13,23,7,183,61.0,2002.0
1199.44806,2,9,25,9,164,62.0,3218.0
1199.4480785,6,1,21,3,115,55.0,781.602
1199.448083,5,2,10,2,48,56.0,523.752
1199.544896,1,8,29,9,197,62.0,3637.0
1199.544898,2,8,26,13,239,63.0,5458.0
1199.5448995,3,10,31,10,311,63.0,3198.0
1199.544912,5,17,12,3,124,58.0,934.872
1199.5449145,6,29,27,6,205,58.0,1396.0
1199.640647,1,12,27,7,195,61.0,2354.0
1199.6406485,3,13,22,7,183,61.0,2020.0
1199.640649,2,9,26,11,233,61.0,3550.0
1199.6406675,6,1,22,4,178,56.0,861.531
1199.640672,5,20,11,2,52,56.0,536.661
1199.736385,1,12,28,9,198,63.0,3598.0
1199.7363865,3,6,28,10,292,63.0,3166.0
1199.736387,2,9,30,13,233,63.0,5446.0
1199.7363975,6,1,27,6,203,58.0,1396.0
1199.73641,5,20,12,2,55,58.0,813.172
1199.832211,1,12,28,8,195,61.0,2356.0
1199.8322125,3,13,23,7,183,61.0,2009.0
1199.832213,2,9,25,9,164,61.0,3295.0
1199.8322315,6,1,21,4,178,56.0,867.628
1199.832236,5,20,10,2,55,56.0,540.85
1199.928024,1,9,29,9,198,62.0,3604.0
1199.928024,2,8,31,13,227,62.0,5375.0
1199.9280255,3,10,29,10,311,63.0,3175.0
1199.9280365,6,16,28,6,209,58.0,1405.0
1199.928038,5,31,12,3,66,58.0,872.954
1200.023886,1,12,27,8,195,61.0,2340.0
1200.0238875,3,13,22,7,183,61.0,2016.0
1200.023888,2,9,23,8,138,61.0,3033.0
1200.0239065,6,1,21,3,115,56.0,782.514
1200.023911,5,2,11,2,52,56.0,539.905
1202.519944,1,12,27,7,195,61.0,2358.0
1202.5199455,3,13,23,7,183,61.0,2011.0
1202.519946,2,9,26,9,168,62.0,3234.0
1202.5199645,6,1,20,4,178,56.0,858.646
1202.519969,5,20,10,2,52,56.0,530.957
1202.615708,1,12,28,10,198,63.0,3603.0
1202.6157095,3,13,29,8,186,63.0,3079.0
1202.61571,2,9,28,13,233,62.0,5265.0
1202.6157235,6,30,27,7,236,57.0,1445.0
1202.615733,5,20,11,2,55,57.0,811.634
1202.711753,1,12,26,8,192,61.0,2344.0
1202.711755,2,2,25,10,227,61.0,3444.0
1202.7117565,3,7,22,6,174,61.0,1918.0
1202.7117735,6,24,20,3,85,56.0,734.303
1202.711778,5,5,10,2,48,56.0,519.24
1202.807519,1,11,29,9,197,62.0,3669.0
1202.807521,2,8,29,13,239,62.0,5249.0
1202.8075225,3,10,28,8,183,63.0,3091.0
1202.807535,5,17,12,4,124,58.0,945.21
1202.8075375,6,29,27,6,205,58.0,1403.0
1202.903282,1,9,27,7,195,61.0,2349.0
1202.903282,2,5,23,10,227,61.0,3487.0
1202.9032835,3,10,23,7,183,61.0,2004.0
1202.9033035,6,1,20,5,194,56.0,880.503
1202.903307,5,20,10,2,52,57.0,538.931
1202.999094,1,15,29,10,198,63.0,3650.0
1202.9990985,3,9,28,8,183,63.0,3057.0
1202.999099,2,1,31,14,242,63.0,5320.0
1202.9991125,6,29,27,7,233,57.0,1432.0
1202.999122,5,5,11,2,51,57.0,798.485
1203.094935,1,9,26,7,195,61.0,2366.0
1203.0949365,3,10,23,7,183,61.0,1982.0
1203.094937,2,6,24,9,171,61.0,3313.0
1203.0949565,6,1,21,5,197,56.0,892.567
1203.09496,5,20,10,2,48,56.0,519.12
1205.589923,1,12,26,8,192,61.0,2354.0
1205.5899245,3,9,22,6,183,61.0,2001.0
1205.589925,2,2,22,10,227,60.0,3492.0
1205.5899435,6,24,20,3,89,56.0,746.662
1205.589948,5,5,9,2,48,56.0,527.631
1205.685986,1,12,28,10,198,63.0,3601.0
1205.6859875,3,13,28,10,292,63.0,3153.0
1205.685988,2,9,30,13,233,63.0,5243.0
1205.6860015,6,30,27,7,236,57.0,1444.0
1205.686011,5,20,13,2,55,57.0,826.633
1205.782884,1,12,28,7,195,61.0,2367.0
1205.7828855,3,13,22,7,183,61.0,2000.0
1205.782886,2,9,23,9,168,62.0,3296.0
1205.7829085,6,2,19,4,174,56.0,837.772
1205.782909,5,20,10,2,52,57.0,535.588
1205.878599,1,12,29,10,195,63.0,3595.0
1205.8786005,3,13,28,10,314,63.0,3164.0
1205.878601,2,9,31,14,268,63.0,5564.0
1205.8786145,6,26,26,6,230,57.0,1421.0
1205.878624,5,20,12,2,55,58.0,809.831
1205.974347,1,5,25,7,191,61.0,2348.0
1205.974349,2,5,22,10,224,60.0,3480.0
1205.9743505,3,7,22,6,177,61.0,1955.0
1205.9743675,6,24,18,5,194,56.0,878.596
1205.974374,5,3,10,2,80,56.0,510.727
1206.070199,1,12,28,10,198,63.0,3620.0
1206.0702005,3,13,30,9,197,63.0,3064.0
1206.070201,2,9,29,13,230,63.0,5333.0
1206.0702145,6,1,25,7,233,57.0,1446.0
1206.070224,5,20,12,2,55,58.0,824.656
1206.165988,1,6,27,7,195,60.0,2368.0
1206.165988,2,5,23,10,227,60.0,3460.0
1206.1659895,3,10,23,6,180,61.0,1980.0
1206.1660095,6,24,18,5,194,56.0,882.333
1206.166016,5,3,10,2,49,56.0,480.027
1206.261863,1,12,28,10,195,63.0,3592.0
1206.2618645,3,13,28,10,314,63.0,3175.0
1206.261865,2,1,29,15,332,63.0,5381.0
1206.2618785,6,29,27,7,233,57.0,1423.0
1206.261888,5,5,11,2,52,57.0,800.333
1208.722908,1,12,26,8,195,61.0,2395.0
1208.7229095,3,13,24,7,183,61.0,2013.0
1208.72291,2,1,23,10,224,60.0,3340.0
1208.7229285,6,24,19,3,85,56.0,728.54
1208.722933,5,2,10,2,48,55.0,520.967
1208.81972,1,9,29,9,198,62.0,3639.0
1208.81972,2,8,28,13,239,63.0,5350.0
1208.8197215,3,10,29,9,215,63.0,3114.0
1208.8197325,6,33,27,6,206,58.0,1392.0
1208.819745,5,20,12,3,113,58.0,909.017
1208.915566,1,12,27,8,195,62.0,2374.0
1208.9155675,3,13,22,7,183,61.0,1984.0
1208.915568,2,1,22,10,230,60.0,3433.0
1208.9155865,6,1,20,3,115,55.0,779.918
1208.915591,5,2,11,2,48,56.0,528.875
1209.011657,1,12,28,10,198,63.0,3614.0
1209.0116585,3,13,29,8,186,63.0,3067.0
1209.011659,2,9,30,13,239,63.0,5336.0
1209.0116725,6,30,26,5,183,57.0,1324.0
1209.011682,5,20,12,2,55,57.0,822.916
1209.107484,1,6,27,8,195,61.0,2371.0
1209.107485,2,7,23,10,229,61.0,3570.0
1209.1074885,3,7,22,6,177,61.0,1934.0
1209.1075055,6,24,18,5,194,56.0,885.258
1209.107512,5,3,9,2,49,56.0,487.534
1209.203144,1,12,28,10,198,63.0,3622.0
1209.2031455,3,13,29,8,183,63.0,3063.0
1209.203146,2,9,29,13,239,63.0,5290.0
1209.2031595,6,1,26,6,233,57.0,1433.0
1209.203169,5,20,12,2,55,58.0,816.581
1209.29895,1,12,27,8,195,61.0,2373.0
1209.2989515,3,13,24,7,183,61.0,1991.0
1209.298952,2,9,27,9,167,62.0,3273.0
1209.2989705,6,1,20,3,115,56.0,780.656
1209.298975,5,20,11,2,48,56.0,522.184
1209.394794,1,15,28,10,197,63.0,3663.0
1209.3947975,3,10,30,8,183,63.0,3048.0
1209.394799,2,2,28,13,230,62.0,5199.0
1209.3948125,6,29,27,6,205,58.0,1389.0
1209.394821,5,6,12,3,113,58.0,880.964
1211.872829,1,12,28,8,195,61.0,2374.0
1211.8728305,3,13,23,7,183,61.0,2004.0
1211.872831,2,9,25,11,236,61.0,3496.0
1211.8728535,6,2,20,4,174,56.0,833.309
1211.872854,5,20,10,2,55,56.0,548.48
1211.969644,1,15,29,10,195,63.0,3638.0
1211.9696475,3,10,30,9,289,63.0,3140.0
1211.969649,2,2,27,13,236,62.0,5135.0
1211.9696625,6,29,26,7,233,58.0,1427.0
1211.969671,5,6,12,3,113,58.0,892.796
1212.065492,1,5,26,7,191,61.0,2342.0
1212.065494,2,5,22,10,236,61.0,3421.0
1212.0654955,3,7,23,6,177,61.0,1951.0
1212.0655125,6,24,19,3,85,56.0,735.496
1212.065517,5,5,10,2,82,56.0,557.91
1212.161615,2,11,29,13,239,63.0,5451.0
1212.161615,1,12,29,9,198,63.0,3636.0
1212.1616165,3,10,29,10,311,63.0,3182.0
1212.1616275,6,1,27,6,203,58.0,1375.0
1212.16164,5,20,12,2,55,58.0,812.335
1212.257383,1,12,26,8,195,61.0,2368.0
1212.2573845,3,13,24,7,183,61.0,1987.0
1212.257385,2,1,25,11,233,61.0,3499.0
1212.2574035,6,1,20,3,115,55.0,784.361
1212.257408,5,2,10,2,48,56.0,533.243
1212.353098,2,11,28,13,232,63.0,5304.0
1212.353098,1,12,28,9,198,63.0,3625.0
1212.3530995,3,6,29,10,292,63.0,3142.0
1212.3531105,6,1,28,6,189,58.0,1345.0
1212.353123,5,20,14,2,55,58.0,820.02
1212.378474,5,2,2,0,6,53.0,58.345
1212.449668,1,12,28,8,195,61.0,2380.0
1212.4496695,3,13,23,7,183,61.0,1999.0
1212.44967,2,9,25,9,168,61.0,3198.0
1212.4496925,6,2,18,4,174,56.0,831.9
1212.449693,5,20,11,2,52,56.0,536.624
1212.545711,1,12,28,10,198,63.0,3626.0
1212.5457125,3,13,29,10,292,63.0,3145.0
1212.545713,2,9,29,13,233,63.0,5238.0
1212.5457315,6,21,25,5,178,57.0,1299.0
1212.545736,5,20,13,2,55,58.0,828.925
1215.021736,1,9,28,7,195,61.0,2379.0
1215.0217375,3,10,22,7,183,61.0,1974.0
1215.021738,2,6,25,10,225,60.0,3430.0
1215.021761,5,20,10,2,48,57.0,526.066
1215.0217615,6,1,17,4,173,56.0,817.951
1215.11857,1,12,29,10,198,63.0,3633.0
1215.1185715,3,13,29,10,292,63.0,3174.0
1215.118572,2,9,28,13,233,62.0,5191.0
1215.1185855,6,29,26,6,233,57.0,1435.0
1215.118595,5,5,11,2,55,57.0,812.939
1215.214701,1,9,28,7,195,61.0,2383.0
1215.2147025,3,10,23,7,183,61.0,2011.0
1215.214703,2,3,23,9,171,61.0,3209.0
1215.2147135,6,1,19,4,186,56.0,870.995
1215.214726,5,20,10,2,52,56.0,538.516
1215.310479,1,15,30,10,198,63.0,3688.0
1215.3104835,3,9,28,10,295,63.0,3167.0
1215.310484,2,2,29,14,268,62.0,5303.0
1215.3104975,6,29,28,6,233,58.0,1422.0
1215.310507,5,5,11,2,51,58.0,813.748
1215.406242,1,12,26,7,191,61.0,2352.0
1215.4062435,3,9,22,6,164,61.0,1961.0
1215.406244,2,5,23,10,224,61.0,3410.0
1215.4062625,6,24,18,3,85,56.0,731.322
1215.406267,5,5,10,2,48,56.0,521.361
1215.501978,1,12,28,10,198,63.0,3645.0
1215.5019795,3,13,28,10,292,63.0,3152.0
1215.50198,2,9,29,14,266,63.0,5320.0
1215.5019935,6,1,24,5,183,57.0,1322.0
1215.502003,5,20,12,2,55,58.0,811.978
1215.597812,2,1,25,11,227,61.0,3619.0
1215.597812,1,6,26,8,195,60.0,2397.0
1215.5978135,3,10,24,6,165,61.0,1962.0
1215.5978335,6,24,16,3,88,56.0,741.965
1215.597837,5,6,10,2,49,56.0,526.042
1218.153694,2,8,24,11,233,61.0,3534.0
1218.153694,1,9,27,7,195,60.0,2392.0
1218.1536955,3,10,22,7,183,61.0,1998.0
1218.1537155,6,7,16,4,180,56.0,850.895
1218.153719,5,6,10,2,52,56.0,536.063
1218.249758,1,12,29,9,195,63.0,3646.0
1218.2497595,3,10,28,8,183,63.0,3034.0
1218.24976,2,6,27,13,228,62.0,5075.0
1218.2497705,6,1,27,6,206,58.0,1381.0
1218.249783,5,20,12,2,55,58.0,825.55
1218.345511,1,12,25,8,191,61.0,2358.0
1218.345513,2,5,24,11,236,60.0,3424.0
1218.3455145,3,7,23,6,162,61.0,1905.0
1218.3455265,6,29,19,3,90,56.0,746.048
1218.345536,5,5,9,2,48,56.0,526.353
1218.441245,1,12,29,9,198,63.0,3671.0
1218.441245,2,11,29,13,230,62.0,5215.0
1218.4412465,3,10,28,8,183,63.0,3061.0
1218.4412575,6,16,27,6,200,58.0,1364.0
1218.441259,5,31,12,3,66,58.0,875.141
1218.537099,1,12,27,7,195,61.0,2386.0
1218.537099,2,11,25,11,239,62.0,3548.0
1218.5371005,3,6,23,7,183,61.0,1991.0
1218.5371115,6,1,21,4,186,56.0,863.994
1218.537124,5,20,10,2,52,57.0,532.197
1218.632912,1,12,28,10,198,63.0,3650.0
1218.6329135,3,13,28,10,292,63.0,3120.0
1218.632914,2,9,28,13,239,63.0,5298.0
1218.6329275,6,30,26,5,183,57.0,1311.0
1218.632937,5,20,12,2,55,57.0,824.912
1218.729833,2,1,23,10,227,61.0,3348.0
1218.729834,1,12,26,8,195,61.0,2386.0
1218.7298355,3,9,23,7,183,61.0,2008.0
1218.7298545,6,24,18,3,115,56.0,778.617
1218.729859,5,5,10,2,51,56.0,541.6
1221.225751,1,12,27,8,195,61.0,2397.0
1221.2257525,3,13,23,7,183,61.0,1990.0
1221.225753,2,9,25,11,236,61.0,3501.0
1221.2257715,6,1,20,3,115,55.0,777.327
1221.225776,5,2,9,2,48,56.0,524.809
1221.322392,1,12,28,10,198,63.0,3673.0
1221.3223935,3,13,28,10,292,63.0,3153.0
1221.322394,2,9,27,13,233,63.0,5121.0
1221.3224075,6,30,27,5,183,57.0,1321.0
1221.322417,5,20,13,2,55,58.0,812.855
1221.417462,1,12,28,7,195,61.0,2386.0
1221.4174635,3,6,23,7,183,61.0,1982.0
1221.417464,2,9,25,10,225,61.0,3338.0
1221.4174835,6,1,20,4,177,56.0,834.705
1221.417487,5,20,10,2,55,56.0,532.795
1221.513478,1,12,28,10,198,63.0,3659.0
1221.5134795,3,13,27,10,292,63.0,3137.0
1221.51348,2,9,31,14,239,63.0,5341.0
1221.5134935,6,1,26,5,183,57.0,1313.0
1221.513503,5,20,12,2,55,58.0,816.628
1221.609285,1,9,27,7,195,61.0,2393.0
1221.6092865,3,10,23,7,183,61.0,1980.0
1221.609287,2,3,24,9,171,62.0,3323.0
1221.6093065,6,1,18,4,180,56.0,856.257
1221.60931,5,20,11,2,83,57.0,557.871
1221.70497,1,12,29,9,195,63.0,3656.0
1221.70497,2,11,28,13,230,63.0,5229.0
1221.7049715,3,10,29,8,183,63.0,3022.0
1221.7049825,6,16,27,6,206,58.0,1373.0
1221.704995,5,20,12,2,52,58.0,802.092
1221.800825,1,12,28,7,195,61.0,2401.0
1221.8008265,3,13,23,7,183,61.0,1986.0
1221.800827,2,9,24,9,168,62.0,3130.0
1221.8008465,6,1,17,4,177,56.0,842.96
1221.80085,5,20,9,2,48,56.0,525.733
1224.377917,1,12,28,7,195,61.0,2396.0
1224.3779185,3,7,23,7,183,61.0,1997.0
1224.377919,2,1,28,11,237,61.0,3434.0
1224.3779295,6,1,20,4,189,56.0,858.172
1224.377942,5,20,10,2,52,57.0,536.293
1224.388457,5,2,3,0,46,52.0,103.378
1224.474761,1,12,30,9,195,63.0,3664.0
1224.4747625,3,10,29,8,183,63.0,3046.0
1224.474763,2,6,30,13,237,63.0,5222.0
1224.4747735,6,16,27,6,206,58.0,1356.0
1224.474775,5,31,13,3,66,58.0,872.129
1224.570518,1,12,26,8,191,61.0,2390.0
1224.57052,2,2,24,9,170,61.0,3235.0
1224.5705215,3,7,23,6,181,61.0,1940.0
1224.5705335,6,29,17,3,90,56.0,735.283
1224.570543,5,5,10,2,48,56.0,536.137
1224.666252,1,12,28,10,198,63.0,3676.0
1224.6662535,3,13,27,8,183,63.0,3017.0
1224.666254,2,9,29,13,236,63.0,5172.0
1224.666263,5,34,13,3,69,58.0,882.596
1224.6662645,6,29,27,6,189,57.0,1338.0
1224.762074,1,9,27,7,195,61.0,2402.0
1224.762074,2,8,25,10,227,61.0,3377.0
1224.7620755,3,10,24,6,180,61.0,1972.0
1224.7620955,6,1,17,4,177,56.0,841.428
1224.762099,5,1,10,2,49,56.0,523.695
1224.857887,1,12,30,9,195,63.0,3662.0
1224.857887,2,8,29,13,239,63.0,5463.0
1224.8578885,3,10,29,8,183,63.0,3005.0
1224.8578995,6,16,26,6,206,58.0,1374.0
1224.857912,5,20,12,3,113,59.0,907.608
1224.954553,1,12,27,8,195,61.0,2425.0
1224.9545545,3,9,23,6,164,61.0,1946.0
1224.954555,2,1,24,11,233,61.0,3510.0
1224.9545735,6,24,19,3,115,55.0,772.252
1224.954578,5,5,9,2,48,56.0,531.951
1227.531797,1,12,28,7,195,61.0,2409.0
1227.531798,2,10,25,10,226,61.0,3436.0
1227.5317985,3,13,23,7,183,61.0,1983.0
1227.531808,5,34,11,2,59,57.0,548.317
1227.5318185,6,1,18,4,177,56.0,833.12
1227.628657,1,11,30,10,197,62.0,3731.0
1227.628659,2,8,29,14,242,62.0,5448.0
1227.6286605,3,10,29,8,183,63.0,3031.0
1227.6286715,6,33,25,6,206,58.0,1363.0
1227.628673,5,17,13,4,124,58.0,958.76
1227.724405,1,12,26,8,192,61.0,2388.0
1227.7244065,3,9,23,6,183,61.0,1988.0
1227.724407,2,2,23,11,236,61.0,3528.0
1227.7244205,6,29,17,3,90,56.0,739.612
1227.72443,5,5,10,2,51,56.0,532.206
1227.820147,1,12,28,10,195,63.0,3694.0
1227.8201485,3,13,28,10,292,63.0,3137.0
1227.820149,2,1,30,13,239,62.0,5281.0
1227.8201625,6,29,24,5,183,57.0,1303.0
1227.820172,5,20,12,2,55,57.0,822.911
1227.915977,1,12,27,8,195,62.0,2410.0
1227.9159785,3,13,23,7,183,61.0,1979.0
1227.915979,2,9,24,9,168,62.0,3191.0
1227.9159975,6,1,17,4,178,56.0,838.353
1227.916002,5,20,10,2,52,56.0,533.604
1228.011834,1,15,29,10,198,63.0,3723.0
1228.0118385,3,9,28,9,292,63.0,3130.0
1228.011839,2,9,28,13,239,62.0,5281.0
1228.0118525,6,29,24,6,199,58.0,1339.0
1228.011862,5,5,12,2,52,58.0,809.173
1228.107939,1,8,27,8,194,61.0,2444.0
1228.1079455,3,7,23,6,181,61.0,1945.0
1228.107946,2,3,23,10,228,60.0,3247.0
1228.1079625,6,24,17,3,88,56.0,724.251
1228.107969,5,3,10,2,46,56.0,486.797
1230.624863,1,12,27,7,195,61.0,2425.0
1230.624863,2,8,24,9,173,61.0,3191.0
1230.6248645,3,6,24,7,183,61.0,1983.0
1230.6248845,6,1,17,4,177,56.0,825.69
1230.624888,5,20,11,2,48,57.0,522.538
1230.720605,1,9,30,9,195,63.0,3697.0
1230.720605,2,5,28,13,239,63.0,5230.0
1230.7206065,3,10,30,9,289,63.0,3125.0
1230.7206175,6,16,24,6,206,58.0,1356.0
1230.720619,5,31,13,4,124,58.0,945.505
1230.816349,1,6,28,8,192,61.0,2403.0
1230.8163505,3,10,25,6,177,61.0,1966.0
1230.816352,2,2,22,10,236,61.0,3242.0
1230.8163705,6,24,16,3,77,56.0,689.369
1230.816377,5,3,11,2,80,56.0,524.2
1230.91217,1,12,28,10,198,63.0,3700.0
1230.9121715,3,13,27,8,186,63.0,3034.0
1230.912172,2,9,30,13,237,63.0,5219.0
1230.912181,5,34,14,3,69,58.0,881.05
1230.9121825,6,1,26,6,189,57.0,1318.0
1231.007991,1,12,27,8,195,61.0,2420.0
1231.0079925,3,13,23,7,183,61.0,1979.0
1231.007993,2,9,24,10,230,61.0,3338.0
1231.0080115,6,24,18,3,115,56.0,771.315
1231.008016,5,2,10,2,52,56.0,541.737
1231.103844,1,12,28,10,198,63.0,3689.0
1231.1038455,3,13,27,9,292,63.0,3102.0
1231.103846,2,9,29,13,233,63.0,5097.0
1231.1038595,6,26,26,5,186,57.0,1310.0
1231.103869,5,20,12,3,85,58.0,849.43
1231.199889,1,12,28,8,195,61.0,2427.0
1231.1998905,3,13,24,7,183,61.0,1985.0
1231.199891,2,9,25,9,171,62.0,3034.0
1231.1999135,6,2,17,4,174,56.0,821.266
1231.199914,5,20,10,2,52,57.0,539.816
1233.784535,1,12,27,8,195,62.0,2437.0
1233.7845365,3,13,24,7,183,61.0,1981.0
1233.784537,2,9,24,8,138,61.0,2872.0
1233.7845555,6,1,18,4,178,56.0,832.476
1233.78456,5,20,9,2,48,57.0,539.811
1233.880369,1,8,29,10,197,62.0,3765.0
1233.880371,2,8,30,13,239,62.0,5294.0
1233.8803725,3,10,28,9,289,63.0,3121.0
1233.8803835,6,33,24,6,206,58.0,1349.0
1233.880396,5,6,13,3,83,58.0,868.063
1233.97644,1,9,28,7,195,61.0,2436.0
1233.97644,2,2,24,11,239,61.0,3546.0
1233.9764415,3,10,24,6,180,61.0,1953.0
1233.9764615,6,1,17,3,88,56.0,721.156
1233.976465,5,20,10,2,83,56.0,568.723
1234.072204,1,12,29,10,198,63.0,3725.0
1234.0722055,3,13,28,8,186,63.0,3029.0
1234.072206,2,9,31,13,236,63.0,5190.0
1234.0722195,6,33,25,5,186,57.0,1310.0
1234.072229,5,20,13,3,85,58.0,876.297
1234.167929,1,12,25,8,195,61.0,2427.0
1234.1679305,3,9,23,6,183,61.0,1983.0
1234.167931,2,2,23,10,236,60.0,3321.0
1234.1679495,6,24,18,3,89,56.0,733.344
1234.167954,5,5,10,2,82,56.0,565.259
1234.263753,1,8,30,10,197,62.0,3762.0
1234.263755,2,8,28,13,242,62.0,5321.0
1234.2637565,3,10,28,9,293,63.0,3101.0
1234.263769,5,17,13,3,94,58.0,908.916
1234.2637715,6,29,23,6,202,58.0,1331.0
1234.360397,1,12,27,8,195,61.0,2429.0
1234.3603985,3,13,23,7,183,61.0,1981.0
1234.360399,2,9,23,10,239,61.0,3383.0
1234.3604125,6,29,18,4,183,55.0,841.281
1234.360422,5,2,10,2,48,56.0,525.968
1236.951487,1,8,27,8,194,61.0,2454.0
1236.951492,2,2,24,10,236,61.0,3347.0
1236.9514935,3,7,24,6,181,61.0,1922.0
1236.9515105,6,24,17,3,85,56.0,716.242
1236.951517,5,3,9,2,80,56.0,503.414
1237.047566,1,9,30,9,195,63.0,3725.0
1237.047566,2,11,29,13,239,63.0,5115.0
1237.0475675,3,10,29,9,289,63.0,3096.0
1237.0475785,6,16,23,6,192,58.0,1321.0
1237.047591,5,20,13,3,113,58.0,891.29
1237.143291,1,12,28,8,195,61.0,2444.0
1237.1432925,3,6,23,7,183,61.0,1977.0
1237.143293,2,9,24,8,168,61.0,2987.0
1237.1433125,6,1,17,4,177,56.0,830.083
1237.143316,5,20,10,2,46,57.0,517.601
1237.239031,1,15,30,10,198,63.0,3778.0
1237.2390345,3,10,28,9,293,63.0,3110.0
1237.239036,2,5,27,13,239,63.0,5266.0
1237.239047,5,17,13,4,124,58.0,958.061
1237.2390495,6,29,22,6,199,58.0,1326.0
1237.334807,1,9,28,8,195,61.0,2440.0
1237.3348085,3,10,24,6,165,61.0,1930.0
1237.334812,2,3,23,10,237,61.0,3244.0
1237.3348285,6,1,17,3,88,56.0,720.047
1237.334832,5,20,11,2,83,57.0,572.116
1237.430661,1,12,30,10,198,63.0,3740.0
1237.4306625,3,13,28,10,292,63.0,3122.0
1237.430663,2,1,29,13,240,63.0,5304.0
1237.4306765,6,26,25,5,186,57.0,1305.0
1237.430686,5,20,13,3,85,58.0,860.798
1237.526524,1,12,26,8,192,61.0,2432.0
1237.526526,2,2,24,10,230,60.0,3289.0
1237.5265275,3,7,24,6,181,61.0,1922.0
1237.5265395,6,29,16,3,120,56.0,773.62
1237.526549,5,5,10,2,48,56.0,528.109
1240.084389,1,12,27,8,195,62.0,2459.0
1240.0843905,3,13,23,7,183,61.0,1962.0
1240.084391,2,9,24,8,138,61.0,2784.0
1240.0844095,6,1,18,4,178,55.0,828.796
1240.084414,5,20,10,2,48,56.0,528.172
1240.181225,1,9,30,9,195,63.0,3743.0
1240.181225,2,11,29,13,239,63.0,5255.0
1240.1812265,3,10,29,8,183,63.0,3004.0
1240.1812375,6,1,22,6,189,58.0,1308.0
1240.18125,5,20,13,3,83,58.0,867.554
1240.27709,1,12,27,8,192,61.0,2441.0
1240.2770915,3,9,24,7,241,61.0,1981.0
1240.277092,2,1,24,11,236,61.0,3433.0
1240.2771105,6,24,16,3,97,55.0,740.957
1240.277115,5,5,9,2,48,56.0,527.806
1240.372922,1,12,29,10,198,63.0,3738.0
1240.3729235,3,13,28,10,296,63.0,3111.0
1240.372924,2,9,31,13,236,62.0,4991.0
1240.3729345,6,1,24,6,189,57.0,1299.0
1240.372947,5,20,11,3,85,58.0,853.875
1240.468964,1,12,27,8,192,61.0,2439.0
1240.468966,2,2,23,10,239,60.0,3355.0
1240.4689675,3,7,24,6,181,61.0,1919.0
1240.4689845,6,24,17,3,85,56.0,713.192
1240.468989,5,5,11,2,48,56.0,531.687
1240.564703,1,12,30,9,195,63.0,3747.0
1240.564703,2,11,28,13,239,63.0,5090.0
1240.5647045,3,6,29,9,289,63.0,3101.0
1240.5647155,6,1,24,6,189,57.0,1300.0
1240.564728,5,20,11,3,113,58.0,898.473
1243.171419,1,12,27,8,195,62.0,2460.0
1243.1714205,3,13,25,7,183,61.0,1971.0
1243.171421,2,9,26,8,167,61.0,2922.0
1243.1714395,6,1,17,4,178,55.0,826.078
1243.171444,5,20,9,2,48,56.0,536.553
1243.268255,1,12,30,9,195,63.0,3745.0
1243.268255,2,11,27,13,242,63.0,5178.0
1243.2682565,3,6,28,8,180,63.0,2959.0
1243.2682675,6,1,22,6,206,58.0,1342.0
1243.26828,5,20,11,3,113,58.0,893.918
1243.364353,1,12,27,8,195,61.0,2459.0
1243.3643545,3,9,22,6,183,61.0,1967.0
1243.364355,2,1,25,10,233,61.0,3197.0
1243.3643685,6,29,17,4,183,56.0,840.862
1243.364378,5,5,10,2,48,56.0,531.305
1243.460096,1,8,29,10,198,63.0,3809.0
1243.460098,2,8,28,13,242,62.0,5223.0
1243.4600995,3,10,29,9,293,63.0,3087.0
1243.460112,5,17,14,3,124,58.0,949.114
1243.4601145,6,29,22,5,180,57.0,1275.0
1243.555839,1,12,28,8,195,62.0,2459.0
1243.5558405,3,13,24,6,183,61.0,1950.0
1243.555841,2,9,24,9,171,61.0,3093.0
1243.5558595,6,1,17,4,178,55.0,827.664
1243.555864,5,20,10,2,48,57.0,539.253
1243.65166,1,12,30,9,195,63.0,3764.0
1243.6516615,3,13,29,9,289,63.0,3073.0
1243.651662,2,9,28,13,240,63.0,4944.0
1243.6516725,6,1,24,6,189,58.0,1300.0
1243.651685,5,20,13,3,85,59.0,875.956
1246.23528,1,8,29,8,195,61.0,2490.0
1246.235282,2,8,26,10,239,60.0,3271.0
1246.2352865,3,7,23,6,181,61.0,1917.0
1246.2353035,6,24,17,3,89,56.0,720.657
1246.235308,5,5,10,2,82,56.0,583.771
1246.331321,1,15,31,10,198,63.0,3825.0
1246.3313255,3,9,28,9,292,63.0,3098.0
1246.331326,2,5,30,13,233,62.0,4892.0
1246.3313395,6,29,23,5,183,57.0,1285.0
1246.331349,5,5,12,2,48,58.0,810.562
1246.427188,1,12,27,8,195,62.0,2467.0
1246.4271895,3,13,25,6,183,61.0,1954.0
1246.42719,2,9,25,9,167,62.0,3009.0
1246.4272085,6,1,17,4,178,55.0,820.714
1246.427213,5,20,10,2,48,56.0,527.303
1246.523018,1,11,29,10,197,62.0,3803.0
1246.52302,2,5,29,13,242,63.0,5072.0
1246.5230215,3,10,28,9,293,63.0,3110.0
1246.5230325,6,33,22,6,206,58.0,1331.0
1246.523045,5,6,13,3,83,58.0,855.402
1246.619062,1,12,27,8,195,62.0,2467.0
1246.6190635,3,13,25,6,183,61.0,1947.0
1246.619064,2,9,26,11,236,61.0,3380.0
1246.6190825,6,1,17,4,178,55.0,822.279
1246.619087,5,20,9,2,48,57.0,529.334
1246.714799,1,15,30,10,198,63.0,3830.0
1246.7148025,3,10,30,9,293,63.0,3106.0
1246.714804,2,5,29,13,236,62.0,5060.0
1246.714815,5,17,15,3,94,58.0,928.709
1246.7148175,6,29,21,6,199,57.0,1314.0
1246.810551,1,9,27,8,192,60.0,2461.0
1246.8105525,3,10,25,6,184,61.0,1964.0
1246.810554,2,2,26,10,236,61.0,3283.0
1246.8105725,6,7,17,3,85,56.0,707.706
1246.810576,5,6,10,2,83,56.0,575.271
1249.392495,1,12,27,8,195,62.0,2479.0
1249.3924965,3,13,24,6,183,62.0,1945.0
1249.392497,2,9,26,8,168,61.0,2958.0
1249.3925155,6,1,17,4,181,55.0,835.105
1249.39252,5,20,9,2,48,57.0,530.78
1249.488248,1,12,30,10,198,63.0,3798.0
1249.4882495,3,13,28,9,289,63.0,3065.0
1249.48825,2,9,29,13,240,63.0,4914.0
1249.4882605,6,30,22,6,189,57.0,1295.0
1249.488273,5,20,12,3,85,58.0,870.792
1249.585088,1,12,27,8,195,61.0,2479.0
1249.585088,2,2,25,11,239,61.0,3357.0
1249.5850895,3,6,23,6,180,61.0,1935.0
1249.585113,5,20,10,2,83,57.0,572.474
1249.5851135,6,1,16,3,84,56.0,679.256
1249.681155,1,12,30,10,198,63.0,3798.0
1249.6811565,3,13,28,9,292,63.0,3067.0
1249.681157,2,9,28,13,237,63.0,4888.0
1249.6811705,6,1,22,5,186,57.0,1286.0
1249.68118,5,20,13,3,115,58.0,930.682
1249.776925,1,9,27,8,192,60.0,2473.0
1249.7769265,3,10,24,6,184,61.0,1961.0
1249.776928,2,5,24,10,230,61.0,3228.0
1249.7769465,6,24,17,3,85,56.0,703.112
1249.77695,5,6,10,2,83,56.0,571.456
1249.872641,1,12,30,10,195,63.0,3789.0
1249.8726425,3,13,29,9,292,63.0,3063.0
1249.872643,2,9,30,13,233,63.0,4942.0
1249.8726565,6,29,22,5,183,57.0,1273.0
1249.872666,5,5,12,2,48,58.0,808.979
1249.96921,1,12,26,8,195,62.0,2487.0
1249.9692115,3,13,24,6,183,61.0,1936.0
1249.969212,2,9,25,10,236,61.0,3268.0
1249.9692305,6,24,17,4,178,55.0,824.219
1249.969235,5,20,9,2,48,56.0,533.351
1252.613216,1,12,27,8,195,62.0,2505.0
1252.6132175,3,13,25,6,183,61.0,1950.0
1252.613218,2,1,26,8,167,61.0,2884.0
1252.6132365,6,24,16,4,178,55.0,819.14
1252.613241,5,2,9,2,48,56.0,539.502
1252.710053,1,12,30,10,198,63.0,3816.0
1252.7100545,3,13,28,9,289,63.0,3089.0
1252.710055,2,9,28,12,231,63.0,4610.0
1252.7100685,6,1,22,5,186,57.0,1287.0
1252.710078,5,20,12,3,85,58.0,872.206
1252.805908,1,12,27,8,195,61.0,2488.0
1252.8059095,3,9,24,6,183,61.0,1946.0
1252.80591,2,1,24,10,230,61.0,3331.0
1252.8059285,6,24,16,4,178,55.0,821.462
1252.805933,5,5,10,2,48,56.0,538.667
1252.901766,1,8,30,10,195,63.0,3846.0
1252.901768,2,8,28,13,242,62.0,5062.0
1252.9017695,3,10,28,9,293,63.0,3079.0
1252.9017805,6,33,21,6,203,57.0,1307.0
1252.901782,5,17,13,3,94,58.0,926.439
1252.997816,1,12,27,8,195,62.0,2493.0
1252.9978175,3,13,24,6,180,62.0,1947.0
1252.997818,2,9,26,10,222,61.0,3124.0
1252.9978365,6,1,16,4,178,55.0,818.003
1252.997841,5,20,10,2,48,56.0,540.837
1253.093557,1,11,30,10,197,63.0,3857.0
1253.093559,2,8,31,13,242,62.0,5067.0
1253.0935605,3,10,29,9,245,63.0,3024.0
1253.0935715,6,33,22,6,206,57.0,1316.0
1253.093573,5,17,14,4,124,58.0,961.758
1255.740093,1,12,27,8,192,61.0,2488.0
1255.740093,2,11,25,10,236,61.0,3203.0
1255.7400945,3,6,24,6,165,61.0,1902.0
1255.7401145,6,41,17,3,80,56.0,690.083
1255.740118,5,20,10,2,83,56.0,570.288
1255.837047,1,12,31,10,198,63.0,3816.0
1255.8370485,3,13,28,9,292,63.0,3081.0
1255.837049,2,9,30,12,224,63.0,4618.0
1255.8370625,6,29,22,5,186,57.0,1265.0
1255.837072,5,20,11,3,85,58.0,876.682
1255.932868,1,9,28,8,192,61.0,2498.0
1255.932868,2,5,26,10,239,61.0,3262.0
1255.9328695,3,10,24,6,184,61.0,1953.0
1255.9328895,6,1,17,3,85,56.0,695.805
1255.932893,5,1,10,2,83,56.0,577.463
1256.028935,1,9,31,10,198,63.0,3847.0
1256.0289365,3,13,29,9,289,63.0,3062.0
1256.028937,2,9,30,13,237,64.0,5137.0
1256.028946,5,34,15,3,99,58.0,941.47
1256.0289475,6,1,22,6,189,57.0,1292.0
1256.12468,1,9,28,8,192,61.0,2478.0
1256.1246815,3,10,25,6,184,61.0,1932.0
1256.124682,2,1,24,10,237,61.0,3335.0
1256.1247015,6,1,16,3,85,56.0,704.856
1256.124705,5,1,11,2,83,56.0,566.595
1258.805496,1,12,27,8,192,61.0,2512.0
1258.8054975,3,6,24,6,165,61.0,1877.0
1258.805498,2,6,26,10,228,61.0,3294.0
1258.8055085,6,50,17,3,94,56.0,721.166
1258.805521,5,20,10,2,83,57.0,573.987
1258.902381,1,12,31,10,198,63.0,3838.0
1258.9023825,3,13,29,9,289,63.0,3059.0
1258.902383,2,9,29,13,237,63.0,4847.0
1258.9023965,6,29,22,5,186,57.0,1273.0
1258.902406,5,20,12,3,85,58.0,872.512
1258.998105,1,12,27,8,195,62.0,2524.0
1258.9981065,3,13,24,7,289,61.0,1996.0
1258.998107,2,9,26,10,237,61.0,3212.0
1258.9981255,6,1,17,3,89,55.0,706.795
1258.99813,5,20,10,2,46,57.0,527.358
1259.093847,1,12,30,10,195,63.0,3838.0
1259.0938485,3,13,28,9,293,63.0,3051.0
1259.093849,2,9,30,13,240,63.0,4961.0
1259.0938625,6,1,20,5,169,57.0,1214.0
1259.093872,5,20,13,3,85,58.0,876.617
1259.189621,1,12,27,8,192,61.0,2512.0
1259.1896225,3,7,25,6,165,61.0,1894.0
1259.189623,2,9,25,10,234,61.0,3180.0
1259.189646,5,20,10,2,83,57.0,578.689
1259.1896465,6,1,16,3,76,56.0,658.488
1259.285516,1,12,30,10,195,63.0,3866.0
1259.285516,2,11,28,13,242,63.0,4971.0
1259.2855175,3,10,28,9,293,63.0,3052.0
1259.285527,5,34,14,3,97,58.0,929.936
1259.2855285,6,1,21,5,172,57.0,1219.0
1261.960234,1,12,27,8,195,61.0,2526.0
1261.9602355,3,9,25,6,183,61.0,1938.0
1261.960236,2,1,25,10,230,60.0,2979.0
1261.9602495,6,29,16,4,183,56.0,816.566
1261.960259,5,5,9,2,48,56.0,532.355
1262.056255,2,11,30,13,239,63.0,4868.0
1262.056255,1,12,30,10,195,63.0,3853.0
1262.0562565,3,10,28,9,293,63.0,3038.0
1262.0562675,6,50,21,5,175,57.0,1229.0
1262.05628,5,1,12,3,83,58.0,862.228
1262.152024,1,12,27,8,195,61.0,2536.0
1262.1520255,3,9,23,6,183,61.0,1918.0
1262.152026,2,2,25,10,230,61.0,3209.0
1262.1520395,6,29,17,4,183,56.0,817.868
1262.152049,5,5,10,2,48,56.0,525.822
1262.247742,1,12,31,10,198,64.0,3872.0
1262.2477435,3,13,29,9,289,63.0,3037.0
1262.247744,2,1,29,13,240,62.0,4956.0
1262.2477575,6,33,23,5,186,57.0,1265.0
1262.247767,5,20,12,3,85,58.0,869.875
1262.343547,1,12,27,8,192,61.0,2519.0
1262.3435485,3,6,23,6,165,61.0,1878.0
1262.343549,2,9,25,10,237,61.0,3129.0
1262.343572,5,20,11,2,83,57.0,578.251
1262.3435725,6,1,16,2,76,56.0,652.206
1262.439381,1,12,30,10,195,63.0,3871.0
1262.4393825,3,6,27,9,296,63.0,3043.0
1262.439383,2,9,28,13,240,63.0,4949.0
1262.439392,5,34,15,4,127,58.0,979.003
1262.4393935,6,1,23,5,175,57.0,1226.0
1265.138874,1,6,29,8,193,61.0,2538.0
1265.1388755,3,10,25,6,184,61.0,1936.0
1265.138877,2,5,24,10,230,61.0,3092.0
1265.1388955,6,24,16,4,175,56.0,791.256
1265.138899,5,6,10,2,83,56.0,576.253
1265.23493,1,8,31,10,198,63.0,3937.0
1265.234932,2,8,31,13,236,62.0,4748.0
1265.2349335,3,10,30,9,293,63.0,3020.0
1265.234946,5,17,12,2,60,58.0,863.235
1265.2349485,6,29,21,6,202,57.0,1271.0
1265.330738,1,12,27,8,195,62.0,2543.0
1265.3307395,3,13,25,7,289,61.0,1976.0
1265.33074,2,1,24,11,243,61.0,3234.0
1265.3307535,6,29,18,4,183,55.0,822.799
1265.330763,5,20,10,2,48,56.0,533.027
1265.426593,1,8,30,10,195,63.0,3920.0
1265.426595,2,8,30,13,236,62.0,5013.0
1265.4265965,3,10,28,9,293,63.0,3009.0
1265.4266075,6,33,21,6,206,57.0,1284.0
1265.426609,5,17,13,2,60,58.0,865.141
1265.522489,1,12,28,8,192,61.0,2533.0
1265.5224905,3,10,23,6,184,61.0,1926.0
1265.522491,2,6,24,10,234,60.0,3103.0
1265.522514,5,1,10,2,83,56.0,577.604
1265.5225145,6,37,16,3,81,56.0,665.532
1265.618471,1,12,30,10,195,63.0,3855.0
1265.6184725,3,13,28,8,180,63.0,2924.0
1265.618473,2,9,28,13,240,63.0,4778.0
1265.618482,5,34,14,3,97,58.0,929.808
1265.6184865,6,27,21,5,169,57.0,1215.0
1268.307194,1,6,28,8,193,61.0,2555.0
1268.307194,2,8,25,10,239,60.0,3239.0
1268.3071955,3,10,24,7,245,61.0,1941.0
1268.3072155,6,41,15,3,89,56.0,698.619
1268.307219,5,6,9,2,49,56.0,536.968
1268.404779,1,12,31,10,198,64.0,3896.0
1268.4047805,3,13,28,8,180,63.0,2923.0
1268.404781,2,1,29,13,237,63.0,4805.0
1268.4047945,6,29,22,5,169,57.0,1211.0
1268.404804,5,20,13,3,85,58.0,881.116
1268.500918,1,12,27,8,195,62.0,2541.0
1268.5009195,3,13,24,6,165,62.0,1871.0
1268.50092,2,9,25,10,237,62.0,3057.0
1268.5009385,6,1,17,3,81,55.0,670.076
1268.500943,5,20,10,2,83,57.0,574.499
1268.596673,1,12,31,10,198,64.0,3906.0
1268.5966745,3,13,28,9,289,63.0,3039.0
1268.596675,2,9,29,13,240,63.0,4683.0
1268.5966885,6,29,23,5,186,57.0,1252.0
1268.596698,5,20,13,3,85,58.0,877.57
1268.692394,1,12,27,8,192,62.0,2543.0
1268.6923955,3,13,24,6,184,61.0,1941.0
1268.692396,2,1,26,10,237,61.0,3252.0
1268.6924145,6,42,16,3,81,55.0,686.477
1268.692419,5,20,11,2,46,57.0,536.769
1268.788167,1,12,30,10,192,63.0,3872.0
1268.7881685,3,10,29,9,293,63.0,3020.0
1268.788169,2,9,30,13,240,62.0,4875.0
1268.7881795,6,1,21,6,206,57.0,1289.0
1268.788181,5,1,13,4,124,58.0,977.15
1271.456823,1,12,27,8,195,62.0,2558.0
1271.4568245,3,13,23,6,177,61.0,1873.0
1271.456825,2,9,25,10,237,61.0,3082.0
1271.4568435,6,1,16,3,81,55.0,671.544
1271.456848,5,20,10,1,42,57.0,506.782
1271.552866,1,12,29,10,195,63.0,3910.0
1271.5528675,3,9,28,9,292,63.0,3008.0
1271.552868,2,5,29,13,237,62.0,4645.0
1271.5528815,6,29,23,5,186,57.0,1242.0
1271.552891,5,5,13,3,85,58.0,882.77
1271.649736,1,12,27,8,195,62.0,2563.0
1271.6497375,3,13,24,6,177,61.0,1885.0
1271.649738,2,9,25,10,237,61.0,3106.0
1271.6497605,6,2,15,2,77,55.0,647.997
1271.649761,5,20,10,2,83,57.0,580.281
1271.745478,1,12,30,10,195,64.0,3905.0
1271.7454795,3,13,29,9,286,63.0,3016.0
1271.74548,2,9,30,12,240,63.0,4560.0
1271.7454935,6,47,22,5,172,57.0,1209.0
1271.745503,5,20,11,3,85,58.0,883.238
1271.841275,1,12,28,8,190,61.0,2556.0
1271.8412765,3,10,25,7,245,61.0,1923.0
1271.841277,2,9,26,10,237,61.0,3126.0
1271.8413,5,1,10,2,83,56.0,576.304
1271.8413005,6,1,15,3,85,56.0,658.599
1274.580849,1,12,27,8,192,62.0,2564.0
1274.5808505,3,13,23,6,165,61.0,1865.0
1274.580851,2,9,26,10,234,61.0,3036.0
1274.5808695,6,42,16,3,90,56.0,692.348
1274.580874,5,20,10,2,83,57.0,576.759
1274.614735,5,2,5,0,37,58.0,259.097
1274.677683,1,8,30,10,198,63.0,3955.0
1274.677685,2,8,30,13,246,62.0,4812.0
1274.6776895,3,7,26,9,287,63.0,2907.0
1274.6776975,6,33,22,6,206,57.0,1276.0
1274.67771,5,6,14,3,74,58.0,841.195
1274.773783,1,9,29,8,190,61.0,2565.0
1274.773784,2,7,25,10,232,61.0,3071.0
1274.7737845,3,10,24,6,184,61.0,1909.0
1274.7738045,6,7,16,3,112,56.0,726.723
1274.773808,5,1,10,2,49,57.0,545.88
1274.869565,1,15,30,10,198,63.0,3970.0
1274.8695695,3,9,28,9,289,63.0,2990.0
1274.86957,2,5,29,13,243,62.0,4740.0
1274.8695835,6,29,24,5,186,57.0,1241.0
1274.869593,5,5,14,3,85,58.0,878.597
1274.96527,1,12,28,8,192,62.0,2561.0
1274.9652715,3,13,23,6,184,61.0,1897.0
1274.965272,2,9,25,10,237,62.0,2927.0
1274.9652945,6,38,16,2,77,55.0,647.009
1274.965295,5,20,11,2,83,57.0,577.615
1277.682852,2,11,26,10,224,61.0,2947.0
1277.682852,1,12,28,8,190,61.0,2568.0
1277.6828535,3,6,23,6,184,61.0,1893.0
1277.682877,5,1,11,2,83,57.0,578.125
1277.6828775,6,1,16,3,85,56.0,655.565
1277.779699,1,12,30,10,193,63.0,3941.0
1277.7797005,3,10,27,9,293,63.0,2984.0
1277.779701,2,6,30,13,238,63.0,4750.0
1277.7797115,6,1,23,6,206,57.0,1274.0
1277.779724,5,1,13,3,86,58.0,909.199
1277.875595,1,9,28,8,193,61.0,2570.0
1277.8755965,3,10,23,6,181,61.0,1892.0
1277.875598,2,5,25,10,233,61.0,2946.0
1277.8756165,6,24,17,4,178,56.0,793.583
1277.875623,5,3,10,1,46,56.0,478.728
1277.971629,1,12,29,10,195,64.0,3954.0
1277.9716305,3,6,28,9,293,63.0,2999.0
1277.971631,2,9,30,12,240,63.0,4548.0
1277.9716445,6,33,22,5,181,57.0,1220.0
1277.971654,5,20,13,3,83,58.0,873.644
1280.722961,1,8,27,8,195,61.0,2622.0
1280.722964,2,7,25,10,224,61.0,3015.0
1280.7229645,3,10,24,6,181,61.0,1873.0
1280.7229845,6,24,17,3,112,56.0,736.422
1280.722991,5,3,10,1,46,56.0,471.653
1280.819798,1,11,30,10,195,63.0,4003.0
1280.8198,2,8,30,13,240,63.0,4837.0
1280.8198015,3,10,28,9,290,63.0,3005.0
1280.8198125,6,33,22,6,206,57.0,1269.0
1280.819814,5,17,13,3,85,59.0,925.626
1280.915646,1,12,28,8,192,62.0,2583.0
1280.9156475,3,13,23,6,165,61.0,1840.0
1280.915648,2,9,26,10,234,61.0,2964.0
1280.9156665,6,1,16,3,90,55.0,683.45
1280.915671,5,20,10,2,83,57.0,578.874
1281.011763,1,15,31,10,198,63.0,4009.0
1281.0117675,3,13,28,9,245,63.0,2956.0
1281.011768,2,1,30,13,240,63.0,4681.0
1281.011779,5,17,14,3,97,58.0,941.663
1281.0117815,6,29,23,5,169,57.0,1191.0
1283.771047,1,8,28,8,195,61.0,2628.0
1283.771049,2,8,25,10,228,61.0,2940.0
1283.7710535,3,7,22,6,239,61.0,1855.0
1283.7710705,6,24,17,3,112,55.0,728.573
1283.771077,5,3,10,1,46,56.0,485.49
1283.867888,1,12,30,10,198,63.0,3985.0
1283.8678895,3,13,26,9,248,63.0,2952.0
1283.86789,2,9,30,13,240,63.0,4483.0
1283.8679035,6,29,22,5,169,57.0,1190.0
1283.867913,5,20,12,3,85,58.0,890.763
1283.964013,1,12,28,8,192,62.0,2604.0
1283.964014,2,10,27,10,232,61.0,3020.0
1283.9640145,3,13,23,7,245,61.0,1920.0
1283.9640375,6,38,16,3,86,55.0,661.488
1283.964038,5,20,11,2,83,57.0,583.909
1284.059755,1,15,31,10,198,63.0,4033.0
1284.0597595,3,9,28,8,244,63.0,2937.0
1284.05976,2,5,28,12,237,62.0,4430.0
1284.059771,5,17,13,3,97,58.0,957.101
1284.0597735,6,29,23,5,169,57.0,1182.0
1286.846102,1,12,27,8,192,62.0,2610.0
1286.8461035,3,13,23,6,165,61.0,1830.0
1286.846104,2,9,24,10,234,62.0,3022.0
1286.8461225,6,1,17,3,94,55.0,688.868
1286.846127,5,20,10,2,83,57.0,589.298
1286.942937,1,12,30,10,192,64.0,3987.0
1286.9429385,3,13,27,9,293,63.0,3002.0
1286.942939,2,9,30,13,240,63.0,4595.0
1286.9429525,6,33,21,5,184,57.0,1224.0
1286.942962,5,20,14,3,83,59.0,902.53
1287.039062,1,12,27,8,190,62.0,2601.0
1287.0390635,3,6,23,7,245,61.0,1919.0
1287.039064,2,9,24,10,237,62.0,3031.0
1287.0390745,6,50,17,4,187,55.0,799.185
1287.039087,5,1,10,2,83,56.0,583.688
1287.134804,1,12,29,10,195,64.0,3982.0
1287.1348055,3,13,28,9,245,63.0,2905.0
1287.134806,2,9,30,12,237,63.0,4460.0
1287.1348195,6,47,21,5,181,57.0,1207.0
1287.134829,5,20,12,3,83,58.0,877.803
1289.929069,1,6,27,8,193,61.0,2621.0
1289.9290705,3,10,24,6,178,61.0,1860.0
1289.929072,2,5,25,9,222,61.0,2768.0
1289.9290905,6,24,16,3,112,56.0,723.464
1289.929094,5,6,10,2,49,56.0,546.604
1290.025123,1,12,31,10,190,63.0,3997.0
1290.0251245,3,10,27,8,245,63.0,2897.0
1290.025125,2,9,29,12,241,63.0,4429.0
1290.0251355,6,1,23,6,206,57.0,1256.0
1290.025137,5,1,13,3,94,58.0,939.833
1290.120871,1,12,26,8,192,62.0,2618.0
1290.1208725,3,13,23,6,165,62.0,1823.0
1290.120873,2,9,25,9,231,61.0,2841.0
1290.1208915,6,24,17,3,109,55.0,719.076
1290.120896,5,20,10,2,83,57.0,580.773
1290.216687,1,15,29,10,198,63.0,4058.0
1290.2166905,3,10,27,8,242,63.0,2920.0
1290.216692,2,2,27,12,240,62.0,4443.0
1290.2167015,6,33,23,5,173,57.0,1194.0
1290.216703,5,17,14,4,130,58.0,990.826
1293.005239,1,12,26,8,195,61.0,2639.0
1293.0052405,3,9,22,6,165,61.0,1832.0
1293.005241,2,2,26,10,237,62.0,2901.0
1293.0052545,6,29,17,3,117,55.0,732.272
1293.005264,5,5,10,2,45,57.0,532.924
1293.101301,1,12,30,10,192,64.0,4011.0
1293.1013025,3,13,28,9,245,63.0,2914.0
1293.101303,2,1,28,12,234,63.0,4329.0
1293.1013165,6,33,23,6,203,57.0,1247.0
1293.101326,5,20,13,3,83,58.0,886.453
1293.197069,1,9,26,8,190,61.0,2632.0
1293.1970705,3,10,22,6,178,61.0,1858.0
1293.197071,2,6,26,8,171,61.0,2688.0
1293.197094,5,6,10,2,49,56.0,552.1
1293.1970945,6,20,16,3,108,56.0,702.783
1293.292785,1,12,29,10,190,63.0,4007.0
1293.292785,2,11,31,13,246,63.0,4534.0
1293.2927865,3,10,24,8,242,63.0,2904.0
1293.292796,5,1,15,3,97,58.0,953.279
1293.2927975,6,13,24,6,206,57.0,1253.0
1296.039498,1,12,25,8,186,62.0,2610.0
1296.0394995,3,13,23,6,178,61.0,1842.0
1296.0395,2,1,23,9,222,62.0,2797.0
1296.0395185,6,1,17,3,90,55.0,669.4
1296.039523,5,20,10,2,83,56.0,586.754
1296.136362,1,9,29,10,193,63.0,4045.0
1296.136362,2,8,30,12,243,63.0,4425.0
1296.1363635,3,10,26,9,245,63.0,2918.0
1296.1363745,6,33,22,5,173,57.0,1194.0
1296.136387,5,6,12,3,86,59.0,901.522
1296.232128,1,9,27,8,190,61.0,2626.0
1296.2321295,3,10,23,6,181,61.0,1852.0
1296.23213,2,6,24,10,238,61.0,2784.0
1296.232153,5,1,11,2,49,56.0,546.128
1296.2321535,6,1,16,3,108,55.0,692.773
1299.07244,1,12,26,8,186,62.0,2637.0
1299.0724415,3,13,23,6,165,61.0,1801.0
1299.072442,2,2,23,10,231,61.0,2790.0
1299.0724555,6,29,18,3,114,56.0,724.945
1299.072465,5,20,10,2,46,56.0,539.433
1299.168252,1,15,29,10,198,63.0,4108.0
1299.1682555,3,10,25,9,246,63.0,2920.0
1299.168257,2,5,28,12,237,63.0,4145.0
1299.1682665,6,33,23,5,176,57.0,1203.0
1299.168268,5,17,14,3,97,58.0,961.139
1299.265098,1,15,26,8,195,61.0,2684.0
1299.2651015,3,10,22,6,181,61.0,1857.0
1299.265103,2,5,26,9,225,61.0,2824.0
1299.2651215,6,24,18,3,109,55.0,716.24
1299.265126,5,5,10,1,42,56.0,537.033
1302.115482,1,9,26,8,190,61.0,2663.0
1302.1154835,3,10,22,6,178,61.0,1848.0
1302.115484,2,6,24,10,232,60.0,2855.0
1302.1154945,6,1,17,3,121,56.0,745.803
1302.115507,5,6,11,2,77,57.0,584.416
1302.211554,1,9,29,10,193,63.0,4053.0
1302.211554,2,8,31,12,234,62.0,4229.0
1302.2115555,3,10,27,8,181,63.0,2823.0
1302.211565,5,20,14,3,100,59.0,968.078
1302.2115665,6,33,23,4,124,57.0,1142.0
1302.307323,1,12,26,8,186,62.0,2640.0
1302.3073245,3,13,21,6,165,61.0,1794.0
1302.307325,2,9,25,10,234,61.0,2734.0
1302.3073385,6,29,18,3,111,55.0,702.214
1302.307348,5,20,11,2,83,57.0,588.385
1305.182596,1,12,26,8,184,62.0,2635.0
1305.1825975,3,13,21,6,184,61.0,1833.0
1305.182598,2,9,26,10,241,61.0,2777.0
1305.1826165,6,42,17,4,179,55.0,786.178
1305.182621,5,20,11,2,83,57.0,586.328
1305.279425,1,12,28,10,187,64.0,4046.0
1305.2794265,3,13,27,9,245,63.0,2881.0
1305.279427,2,9,29,12,231,63.0,4007.0
1305.2794405,6,47,23,6,203,57.0,1242.0
1305.27945,5,20,12,4,193,58.0,973.94
1305.375268,1,12,26,8,184,62.0,2646.0
1305.3752695,3,13,21,6,172,62.0,1822.0
1305.37527,2,9,24,10,238,62.0,2773.0
1305.3752885,6,42,17,3,113,55.0,729.02
1305.375293,5,20,11,2,83,57.0,591.858
1305.471332,1,12,30,10,187,64.0,4067.0
1305.4713335,3,13,26,9,245,63.0,2897.0
1305.471334,2,9,28,12,234,63.0,4186.0
1305.4713475,6,33,23,6,203,57.0,1243.0
1305.471357,5,20,13,3,83,58.0,890.675
1308.337521,1,12,26,8,190,62.0,2687.0
1308.337521,2,8,24,8,173,60.0,2481.0
1308.3375225,3,13,21,6,178,61.0,1844.0
1308.3375335,6,50,18,3,121,55.0,745.743
1308.337546,5,1,10,2,46,56.0,549.415
1308.43434,1,15,29,10,195,64.0,4142.0
1308.434342,2,8,31,13,247,63.0,4441.0
1308.4343435,3,10,26,9,246,63.0,2886.0
1308.434356,5,32,13,4,205,59.0,1065.0
1308.4343585,6,29,22,6,203,57.0,1257.0
1308.530194,1,9,26,8,190,61.0,2679.0
1308.530195,2,7,23,9,230,61.0,2717.0
1308.5301955,3,10,21,6,178,61.0,1839.0
1308.5302155,6,24,16,3,112,56.0,720.128
1308.530222,5,3,9,1,43,57.0,481.658
1308.626027,1,15,29,10,198,63.0,4162.0
1308.6260305,3,10,28,8,249,63.0,2895.0
1308.626032,2,5,30,12,234,62.0,4013.0
1308.6260415,6,33,23,5,188,57.0,1238.0
1308.626043,5,17,13,3,97,58.0,965.222
1311.523436,1,9,25,8,190,61.0,2683.0
1311.5234375,3,10,22,6,169,61.0,1797.0
1311.523438,2,9,26,9,226,61.0,2676.0
1311.5234485,6,1,18,3,121,55.0,750.567
1311.523461,5,1,10,2,46,57.0,544.464
1311.619207,1,11,30,10,195,63.0,4179.0
1311.619209,2,8,31,12,240,63.0,4309.0
1311.6192105,3,10,29,8,181,63.0,2815.0
1311.6192215,6,33,24,4,121,57.0,1146.0
1311.619234,5,6,14,3,119,59.0,952.22
1311.715064,1,12,25,8,187,62.0,2677.0
1311.7150655,3,6,22,6,181,61.0,1840.0
1311.715066,2,9,25,9,232,62.0,2748.0
1311.715089,5,1,10,2,46,56.0,545.068
1311.7150895,6,37,17,3,108,55.0,706.087
1311.810904,1,12,27,10,187,64.0,4098.0
1311.8109055,3,13,26,10,335,63.0,2944.0
1311.810906,2,9,28,10,171,63.0,3764.0
1311.8109195,6,1,23,5,184,57.0,1231.0
1311.810929,5,20,13,3,83,58.0,889.065
1314.646364,1,12,26,8,184,62.0,2672.0
1314.6463655,3,13,22,6,181,61.0,1831.0
1314.646366,2,9,22,8,171,61.0,2453.0
1314.6463845,6,28,18,3,113,55.0,733.891
1314.646389,5,20,10,2,46,56.0,546.855
1314.743226,1,12,28,10,193,63.0,4119.0
1314.743226,2,11,29,12,237,63.0,4029.0
1314.7432275,3,10,26,8,181,63.0,2771.0
1314.7432385,6,16,24,5,151,57.0,1177.0
1314.743251,5,1,13,3,86,59.0,909.269
1314.839026,1,15,26,8,186,62.0,2719.0
1314.839031,2,1,24,8,171,60.0,2304.0
1314.8390325,3,7,21,5,163,61.0,1758.0
1314.8390445,6,29,17,3,114,56.0,727.585
1314.839054,5,8,9,2,83,56.0,593.223
1317.707435,1,12,25,8,187,62.0,2700.0
1317.7074365,3,6,22,6,178,61.0,1835.0
1317.707437,2,9,23,8,171,61.0,2395.0
1317.7074475,6,1,17,3,121,55.0,743.378
1317.70746,5,1,10,2,46,57.0,549.545
1317.803248,1,12,27,10,187,64.0,4124.0
1317.8032495,3,13,29,8,245,63.0,2861.0
1317.80325,2,9,29,11,220,63.0,3919.0
1317.8032635,6,29,23,5,184,57.0,1228.0
1317.803273,5,20,13,4,193,58.0,980.587
1317.899379,1,9,25,8,187,61.0,2705.0
1317.899379,2,11,21,9,231,61.0,2627.0
1317.8993805,3,10,22,6,178,61.0,1846.0
1317.89939,5,1,10,2,53,56.0,576.887
1317.8993915,6,1,18,3,121,55.0,753.079
1320.365911,1,2,2,0,11,58.0,119.755
1320.783291,1,9,25,8,184,61.0,2724.0
1320.7832925,3,10,21,6,178,61.0,1818.0
1320.783294,2,2,22,8,171,62.0,2665.0
1320.7833035,6,33,19,3,121,55.0,755.869
1320.783316,5,1,10,2,77,57.0,584.287
1320.879301,1,12,28,10,187,64.0,4152.0
1320.8793025,3,13,29,8,245,63.0,2869.0
1320.879303,2,9,27,11,241,62.0,4011.0
1320.8793165,6,29,24,6,187,57.0,1266.0
1320.879326,5,20,13,4,193,58.0,977.518
1320.975146,1,12,25,8,187,62.0,2745.0
1320.9751475,3,13,23,6,184,61.0,1850.0
1320.975148,2,9,23,9,220,61.0,2501.0
1320.9751705,6,38,16,3,109,55.0,715.654
1320.975171,5,1,11,2,46,57.0,551.831
1323.850346,1,9,25,7,150,61.0,2748.0
1323.850346,2,8,23,8,174,61.0,2404.0
1323.8503475,3,10,22,6,166,61.0,1784.0
1323.850371,5,6,10,2,43,57.0,552.303
1323.8503715,6,20,17,4,175,55.0,781.466
1323.946405,1,11,26,10,184,63.0,4291.0
1323.946407,2,8,30,11,220,63.0,3918.0
1323.9464085,3,10,29,8,208,63.0,2820.0
1323.9464195,6,33,22,6,188,57.0,1264.0
1323.946432,5,6,12,4,194,59.0,990.03
1326.6111415,6,2,5,1,69,59.0,284.937
1326.883637,1,12,24,8,184,62.0,2772.0
1326.8836385,3,13,22,6,211,61.0,1835.0
1326.883639,2,9,21,8,171,61.0,2376.0
1326.8836525,6,1,18,4,148,55.0,773.748
1326.883662,5,2,10,2,46,57.0,554.61
1326.980484,1,12,28,10,184,63.0,4222.0
1326.980484,2,11,29,11,231,62.0,3837.0
1326.9804855,3,10,31,10,336,63.0,2956.0
1326.9804965,6,16,23,6,207,57.0,1308.0
1326.980498,5,1,14,3,97,59.0,971.047
1329.94074,1,12,24,8,184,62.0,2710.0
1329.9407415,3,13,23,6,181,61.0,1817.0
1329.940742,2,9,22,7,172,62.0,2375.0
1329.9407555,6,1,18,3,118,56.0,752.746
1329.940765,5,20,9,2,46,57.0,561.676
1330.036808,1,12,26,10,187,64.0,4133.0
1330.0368095,3,13,32,10,336,63.0,2945.0
1330.03681,2,9,28,11,229,64.0,3813.0
1330.0368235,6,1,23,6,204,57.0,1296.0
1330.036833,5,20,13,2,74,58.0,865.045
1332.982909,1,12,25,7,150,62.0,2660.0
1332.982909,2,11,22,7,174,62.0,2263.0
1332.9829105,3,6,24,6,178,61.0,1813.0
1332.9829215,6,1,20,4,188,55.0,845.896
1332.982934,5,1,9,1,39,57.0,548.091
1333.078658,1,12,26,10,187,64.0,4158.0
1333.0786595,3,13,31,8,181,63.0,2826.0
1333.07866,2,9,24,11,226,63.0,3722.0
1333.0786735,6,1,23,6,204,57.0,1314.0
1333.078683,5,20,12,2,74,58.0,875.845
1336.061879,1,6,23,8,182,61.0,2718.0
1336.061879,2,8,19,7,171,61.0,2326.0
1336.0618805,3,10,22,6,179,61.0,1811.0
1336.0618915,6,33,20,4,122,56.0,770.652
1336.061905,5,8,10,2,83,57.0,612.483
1336.157725,1,11,26,10,187,63.0,4221.0
1336.157727,2,11,24,9,178,63.0,3592.0
1336.1577285,3,10,29,9,306,63.0,2933.0
1336.1577395,6,33,24,6,191,57.0,1331.0
1336.157741,5,17,14,4,205,59.0,1062.0
1339.143145,2,8,19,7,168,60.0,2175.0
1339.143146,1,12,24,8,184,62.0,2716.0
1339.1431475,3,9,23,6,181,61.0,1828.0
1339.1431615,6,29,19,4,152,56.0,811.763
1339.143171,5,8,9,2,74,57.0,589.577
1339.239673,1,12,26,10,184,64.0,4162.0
1339.2396745,3,13,27,9,305,63.0,2916.0
1339.239675,2,1,23,10,211,63.0,3449.0
1339.239686,5,20,14,3,86,58.0,961.611
1339.2396885,6,29,24,6,185,58.0,1329.0
1342.162099,1,12,23,7,147,62.0,2673.0
1342.1621005,3,9,23,6,181,61.0,1820.0
1342.162101,2,5,16,6,169,61.0,2053.0
1342.1621145,6,29,20,4,179,56.0,866.864
1342.162124,5,8,8,1,36,57.0,545.734
1342.258176,1,11,27,9,184,63.0,4205.0
1342.258178,2,11,23,9,178,63.0,3421.0
1342.2581795,3,10,31,9,306,63.0,2950.0
1342.2581905,6,33,26,6,191,58.0,1380.0
1342.258192,5,17,13,3,95,59.0,991.205
1344.9670595,6,1,2,0,8,52.0,38.335
1345.271259,1,12,22,7,138,62.0,2663.0
1345.2712605,3,13,24,7,231,61.0,1902.0
1345.271261,2,2,17,7,172,61.0,2145.0
1345.2712745,6,29,20,5,185,56.0,895.773
1345.271284,5,2,9,1,39,57.0,563.673
1345.367,1,12,27,9,182,63.0,4129.0
1345.3670015,3,6,30,9,306,63.0,2936.0
1345.367002,2,9,24,9,173,63.0,3240.0
1345.3670125,6,16,26,6,191,58.0,1390.0
1345.367025,5,1,11,3,84,59.0,922.081
1345.462766,1,12,22,7,145,62.0,2683.0
1345.4627675,3,6,23,6,212,61.0,1880.0
1345.462768,2,9,18,7,169,62.0,2191.0
1345.462791,5,1,9,1,39,57.0,561.971
1345.4627915,6,17,20,4,178,55.0,884.947
1348.409081,1,12,22,7,135,62.0,2657.0
1348.4090825,3,13,22,7,231,62.0,1897.0
1348.409083,2,9,16,7,172,62.0,2093.0
1348.4090965,6,1,20,5,188,56.0,915.13
1348.409106,5,2,8,1,39,57.0,566.614
1348.504827,1,12,26,9,166,64.0,4135.0
1348.5048285,3,13,30,8,228,63.0,2900.0
1348.504829,2,9,20,9,176,63.0,3376.0
1348.5048425,6,1,27,6,208,57.0,1428.0
1348.504852,5,1,10,2,39,58.0,851.444
1348.601674,1,12,22,7,138,62.0,2669.0
1348.6016755,3,13,21,7,231,61.0,1892.0
1348.601676,2,2,14,7,172,61.0,2114.0
1348.6016895,6,29,22,5,188,56.0,923.364
1348.601699,5,2,8,1,39,57.0,559.661
1351.561032,1,12,22,7,125,62.0,2624.0
1351.5610335,3,13,24,7,228,61.0,1896.0
1351.561034,2,9,17,7,169,62.0,2117.0
1351.561043,5,1,10,2,53,57.0,607.497
1351.5610475,6,27,20,4,156,56.0,869.372
1351.657914,1,8,27,9,150,63.0,4154.0
1351.657916,2,8,21,9,179,62.0,3248.0
1351.6579175,3,10,32,8,232,63.0,2934.0
1351.6579285,6,33,27,6,192,58.0,1440.0
1351.65793,5,20,12,3,86,59.0,987.337
1351.753641,1,12,22,7,128,62.0,2647.0
1351.7536425,3,13,23,6,212,62.0,1894.0
1351.753643,2,9,19,8,221,61.0,2349.0
1351.7536565,6,1,22,5,188,56.0,935.492
1351.753666,5,1,9,1,39,56.0,568.997
1354.783725,1,12,21,7,128,62.0,2644.0
1354.7837265,3,13,22,5,152,61.0,1794.0
1354.783727,2,9,16,7,169,62.0,2069.0
1354.7837495,6,2,20,4,147,55.0,858.341
1354.78375,5,1,8,1,39,56.0,560.57
1354.880559,1,12,27,9,145,64.0,4103.0
1354.8805605,3,13,32,8,228,63.0,2912.0
1354.880561,2,9,20,8,176,62.0,3106.0
1354.8805745,6,1,29,6,188,57.0,1446.0
1354.880584,5,1,10,2,39,58.0,867.114
1357.88251,2,2,6,1,46,63.0,932.437
1357.933468,1,15,22,7,138,62.0,2719.0
1357.9334725,3,9,23,7,231,61.0,1924.0
1357.933473,2,5,13,6,169,61.0,2027.0
1357.9334865,6,29,23,5,188,57.0,959.044
1357.933496,5,8,8,2,39,57.0,571.908
1358.029479,1,15,27,9,148,64.0,4175.0
1358.0294835,3,9,32,9,302,63.0,3002.0
1358.029484,2,5,21,8,169,62.0,3160.0
1358.0294935,6,33,30,7,209,58.0,1511.0
1358.029495,5,20,11,2,51,59.0,931.169
1361.034659,1,9,21,7,139,61.0,2695.0
1361.034659,2,11,15,6,175,61.0,2053.0
1361.0346605,3,10,23,7,232,61.0,1924.0
1361.0346715,6,33,23,5,192,57.0,993.198
1361.034684,5,9,7,1,37,57.0,569.433
1364.115795,1,12,22,7,136,62.0,2690.0
1364.1157965,3,13,24,7,235,61.0,1937.0
1364.115797,2,1,16,6,166,61.0,2017.0
1364.1158105,6,1,23,5,186,56.0,991.495
1364.11582,5,1,8,1,39,57.0,568.751
1367.179012,1,12,23,7,139,62.0,2701.0
1367.1790135,3,13,24,7,232,62.0,1965.0
1367.179014,2,9,14,6,177,62.0,2020.0
1367.1790275,6,1,24,5,209,56.0,1046.0
1367.179037,5,1,8,1,34,57.0,551.193
1367.274751,1,15,26,9,142,64.0,4176.0
1367.2747555,3,13,31,9,299,63.0,3057.0
1367.274756,2,9,20,9,219,63.0,3380.0
1367.2747655,6,33,32,7,213,58.0,1643.0
1367.274767,5,14,11,3,87,58.0,991.805
1370.31996,1,12,22,7,139,62.0,2693.0
1370.3199615,3,13,24,7,232,61.0,1956.0
1370.319962,2,1,15,7,177,62.0,2105.0
1370.3199755,6,1,25,5,189,56.0,1056.0
1370.319985,5,1,8,1,34,57.0,561.309
1370.416818,1,11,26,9,142,63.0,4177.0
1370.41682,2,8,17,9,222,63.0,3289.0
1370.4168215,3,10,30,10,307,63.0,3124.0
1370.4168325,6,33,32,7,216,59.0,1695.0
1370.416834,5,20,13,2,51,59.0,955.685
1373.49741,1,12,23,7,139,62.0,2698.0
1373.4974115,3,13,25,8,303,61.0,2034.0
1373.497412,2,1,15,7,180,61.0,2110.0
1373.4974255,6,1,26,5,189,56.0,1084.0
1373.497435,5,1,8,1,34,57.0,561.117
1376.581417,1,12,24,7,129,62.0,2670.0
1376.581417,2,2,16,7,180,61.0,2325.0
1376.5814185,3,7,25,8,296,61.0,2044.0
1376.581442,5,9,8,1,37,58.0,583.609
1376.5814425,6,20,25,5,183,57.0,1081.0
1379.641637,1,12,24,7,146,62.0,2681.0
1379.6416385,3,13,25,8,296,62.0,2051.0
1379.641639,2,9,15,7,177,61.0,2191.0
1379.6416525,6,26,25,5,187,57.0,1107.0
1379.641662,5,1,9,1,37,57.0,575.875
1382.7438335,6,2,4,1,56,57.0,163.424
1382.770671,1,12,25,7,153,62.0,2687.0
1382.7706725,3,6,25,8,296,61.0,2065.0
1382.770673,2,9,16,5,132,61.0,1989.0
1382.770696,5,9,8,1,37,58.0,594.623
1382.7706965,6,1,25,6,206,57.0,1157.0
1385.4457225,6,5,3,0,10,52.0,52.478
1388.955695,2,1,16,7,181,61.0,2250.0
1388.955696,1,12,24,7,153,62.0,2583.0
1388.9556975,3,13,28,7,233,62.0,2036.0
1388.9557115,6,26,26,6,216,57.0,1225.0
1388.955721,5,1,9,3,167,57.0,714.288
1392.067787,1,12,25,7,157,62.0,2600.0
1392.0677885,3,6,28,8,297,61.0,2086.0
1392.067789,2,9,17,8,221,62.0,2538.0
1392.067798,5,23,12,2,54,58.0,657.978
1392.0677995,6,33,29,5,170,58.0,1145.0
1395.261648,1,12,24,7,160,62.0,2604.0
1395.2616495,3,6,26,7,219,61.0,2034.0
1395.26165,2,9,19,6,133,61.0,2106.0
1395.2616605,6,33,27,5,167,58.0,1154.0
1395.261673,5,9,10,2,40,58.0,611.004
1397.663764,5,2,4,0,2,52.0,12.963
1398.446522,1,6,24,7,157,62.0,2615.0
1398.4465235,3,10,26,7,199,61.0,1998.0
1398.446524,2,6,18,7,182,61.0,2538.0
1398.4465345,6,33,26,6,223,58.0,1284.0
1398.446536,5,20,13,2,68,58.0,675.515
1401.615326,1,12,25,7,160,62.0,2623.0
1401.6153275,3,13,27,7,202,62.0,2011.0
1401.615328,2,1,19,7,175,61.0,2444.0
1401.6153415,6,10,26,5,164,58.0,1166.0
1401.615351,5,1,14,2,54,57.0,619.264
1404.785292,1,12,25,7,160,62.0,2640.0
1404.7852935,3,13,26,7,219,61.0,2040.0
1404.785294,2,2,19,9,221,60.0,2717.0
1404.7853075,6,1,23,6,217,58.0,1272.0
1404.785317,5,9,16,3,162,58.0,765.99
1410.017271,5,3,3,0,20,59.0,392.847
1413.533579,5,3,4,0,14,53.0,155.079
1416.172245,5,3,2,0,4,53.0,60.588
1419.9526425,6,2,1,0,3,53.0,31.179
1422.349419,1,2,7,1,55,62.0,369.019
1428.1549355,3,3,29,11,297,63.0,3612.0
1428.154942,2,7,26,14,197,67.0,8481.0
1428.179877,5,3,3,0,7,52.0,62.181
1428.299655,2,23,10,3,53,64.0,2059.0
1428.2996775,6,2,6,0,45,54.0,150.783
1428.299685,5,6,12,3,64,63.0,1582.0
1428.443418,5,2,2,0,2,53.0,6.26
1431.517026,1,2,6,0,22,61.0,398.655
1434.685962,1,2,5,1,39,58.0,239.281
1444.699311,1,2,7,1,42,66.0,939.261
1450.5225005,3,10,29,9,282,61.0,2382.0
1450.5225085,6,60,29,8,274,60.0,1870.0
1450.522516,5,70,40,11,238,63.0,4248.0
1454.145505,5,3,4,0,4,53.0,55.315
1456.588839,5,1,11,2,70,55.0,404.239
1456.5888405,6,2,8,1,69,52.0,199.683
1456.588848,1,4,11,2,103,58.0,633.143
1457.085887,5,2,4,0,7,53.0,89.142
1457.113701,5,3,4,0,16,57.0,269.241
1459.7009865,6,2,4,0,16,57.0,135.276
1459.828878,5,8,30,9,244,63.0,2989.0
1459.828893,1,18,24,6,223,58.0,1316.0
1459.828895,2,37,24,9,151,64.0,4316.0
1459.8289035,3,64,20,8,270,59.0,1950.0
1463.29126,5,2,5,1,36,56.0,188.302
1463.2912705,6,1,2,0,15,52.0,42.801
1463.62205,5,3,2,0,6,52.0,79.582
1465.936701,5,2,5,0,19,52.0,85.763
1465.975889,5,2,5,1,37,61.0,1016.0
1466.584755,5,3,23,7,176,62.0,2361.0
1466.5847585,3,10,17,4,135,60.0,824.564
1466.584766,1,9,32,8,174,62.0,2829.0
1466.584767,2,1,16,7,170,60.0,2093.0
1466.5865615,6,2,4,0,4,53.0,43.867
1472.157241,1,87,18,4,127,60.0,1306.0
1472.1572415,6,1,14,2,84,54.0,533.111
1472.157247,2,27,16,5,127,59.0,1506.0
1472.15725,5,29,17,3,115,55.0,597.445
1475.375226,5,4,2,0,17,56.0,145.391
1475.404255,5,2,4,0,2,55.0,76.152
1481.584936,5,2,3,0,3,52.0,28.438
1481.5849595,6,1,2,0,4,52.0,25.905
1482.0431685,6,9,4,0,19,55.0,180.349
1484.3283595,6,2,3,0,15,52.0,87.081
1484.328381,5,3,6,1,35,54.0,221.016
1484.543812,1,21,16,4,111,60.0,1128.0
1484.543815,2,2,11,4,120,60.0,1504.0
1484.543821,5,39,12,2,69,56.0,684.566
1484.5438225,6,1,11,2,123,53.0,390.792
1487.676321,5,2,1,0,2,54.0,4.529
1487.980366,1,2,9,2,65,66.0,1077.0
1491.009429,5,3,4,0,12,57.0,288.395
1491.0094525,6,2,2,0,10,53.0,70.894
1491.069978,1,2,8,2,46,65.0,1253.0
1493.673403,5,9,5,0,23,52.0,142.21
1493.8300575,6,3,5,1,25,58.0,693.634
1497.361713,1,6,8,1,48,58.0,511.195
1499.942091,5,1,7,0,6,52.0,35.231
1500.221351,5,3,4,0,9,52.0,54.349
1500.2781355,6,4,6,1,25,60.0,912.376
1500.278158,5,8,9,1,26,54.0,215.738
1500.428969,1,2,3,0,34,59.0,265.275
1500.6216515,6,2,5,1,144,54.0,258.486
1500.839243,5,2,4,0,2,56.0,47.027
1503.399403,5,5,3,1,12,62.0,757.528
1503.443866,5,2,5,0,7,53.0,71.216
1503.6342125,6,2,3,0,16,57.0,149.199
1503.832636,5,1,24,4,126,60.0,1127.0
1503.8326395,6,2,19,5,187,58.0,1056.0
1503.832652,2,8,17,4,57,63.0,2177.0
1503.9696545,6,1,3,0,24,58.0,207.85
1503.9713995,6,2,1,0,7,53.0,47.973
1506.271901,5,2,9,1,49,56.0,325.551
1506.2719145,6,1,7,1,50,52.0,175.74
1506.449366,5,2,4,0,6,57.0,189.992
1506.6656715,6,2,4,0,35,52.0,105.04
1506.665673,5,8,4,0,9,54.0,128.682
1509.682916,1,5,6,1,40,60.0,506.041
1509.6829395,6,1,2,0,1,52.0,0.0
1509.692918,5,3,2,0,8,53.0,99.957
1509.728863,5,4,6,0,11,57.0,280.171
1509.800955,5,2,1,0,3,56.0,49.579
