Time,CH,RISE,COUN,ENER,DURATION,AMP,ABS_E
2.285337,2,1,2,0,7,52.0,54.339
2.668871,2,1,3,0,4,52.0,26.333
2.764593,2,1,1,0,1,50.0,0.0
2.787216,1,2,1,0,2,45.0,3.784
5.258548,2,1,1,0,7,51.0,37.317
5.355405,2,1,1,0,1,50.0,0.0
5.547316,2,1,2,0,7,53.0,59.888
5.738809,2,1,1,0,1,50.0,0.0
5.83463,2,1,1,0,1,51.0,0.0
5.930458,2,1,1,0,1,51.0,0.0
8.409478,2,1,2,0,7,53.0,71.577
8.601149,2,1,1,0,1,50.0,0.0
8.697274,2,1,2,0,1,52.0,0.0
8.793012,2,1,2,0,7,52.0,64.912
8.984554,2,1,2,0,4,53.0,38.322
10.0605155,3,1,2,0,43,49.0,40.225
11.477766,2,1,3,0,7,52.0,64.267
11.573515,2,1,2,0,1,52.0,0.0
11.669253,2,1,2,0,1,53.0,0.0
11.95676,2,1,1,0,4,50.0,20.938
12.053593,2,1,1,0,1,52.0,0.0
14.580552,2,1,1,0,1,50.0,0.0
14.773209,2,1,2,0,7,53.0,67.492
15.060826,2,1,1,0,1,50.0,0.0
15.156593,2,1,2,0,7,53.0,81.469
17.565944,2,1,1,0,1,53.0,0.0
17.662782,2,1,2,0,7,53.0,79.781
17.75853,2,1,2,0,4,53.0,32.904
18.045941,2,1,1,0,4,52.0,30.718
18.142067,2,1,2,0,4,52.0,31.313
18.237808,2,1,2,0,1,53.0,0.0
20.624863,2,1,3,0,7,52.0,56.603
20.912423,2,1,2,0,1,53.0,0.0
21.104023,2,1,2,0,13,53.0,125.955
21.199887,2,1,2,0,1,52.0,0.0
21.295961,2,2,2,0,6,53.0,65.606
22.4301015,3,2,1,0,6,50.0,27.397
22.430123,1,1,1,0,1,45.0,0.0
23.691864,2,1,1,0,1,50.0,0.0
23.884554,2,1,2,0,4,51.0,31.138
23.980409,2,1,3,0,7,53.0,82.757
24.267945,2,1,2,0,7,53.0,64.593
26.774171,2,1,2,0,7,51.0,49.031
26.870738,2,1,1,0,1,50.0,0.0
27.062519,2,1,2,0,7,52.0,64.26
27.158278,2,1,1,0,1,50.0,0.0
27.254124,2,1,1,0,4,52.0,39.901
27.349985,2,1,2,0,4,53.0,31.06
27.3880125,3,1,1,0,1,45.0,0.0
29.853961,2,1,2,0,4,52.0,27.841
30.237358,2,1,2,0,9,53.0,97.565
30.42901,2,1,2,0,7,52.0,61.638
32.921823,2,1,1,0,1,50.0,0.0
33.497869,2,1,2,0,7,53.0,63.123
35.5691425,3,1,1,0,5,48.0,15.632
35.7725085,3,1,1,0,1,45.0,0.0
35.982069,2,1,2,0,7,53.0,81.056
36.175037,2,1,2,1,64,53.0,136.93
36.366577,2,1,1,0,1,52.0,0.0
36.558148,2,1,1,0,4,51.0,31.587
39.0108615,3,1,1,0,6,45.0,10.017
39.062723,1,1,10,3,100,62.0,939.21
39.126203,2,1,2,0,1,53.0,0.0
39.702326,2,1,2,0,7,52.0,68.852
42.709236,2,1,2,0,7,52.0,55.871
42.8716455,3,1,2,0,5,48.0,15.976
42.87167,1,1,1,0,1,45.0,0.0
42.901708,2,1,2,0,7,53.0,72.532
44.2093095,3,2,1,0,2,45.0,3.213
45.492777,2,2,2,0,3,53.0,35.582
45.87614,2,1,1,0,1,52.0,0.0
46.9344035,3,1,1,0,1,45.0,0.0
48.630495,2,1,2,0,10,53.0,94.856
49.014268,2,1,2,0,4,51.0,32.272
50.5825265,3,1,3,0,23,56.0,143.672
50.58255,1,1,1,0,1,47.0,0.0
52.7568245,3,2,1,0,2,45.0,4.025
53.7417465,3,1,1,0,1,45.0,0.0
53.741763,1,1,1,0,1,45.0,0.0
55.134455,2,1,3,0,10,53.0,105.437
55.2113345,3,1,1,0,5,45.0,7.626
58.596655,2,1,3,0,10,53.0,118.468
58.9471155,3,2,1,0,2,45.0,3.213
64.149715,2,1,3,0,4,53.0,45.724
64.5987245,3,1,1,0,1,45.0,0.0
68.3469645,3,1,2,0,7,53.0,61.158
71.7378785,3,1,1,0,1,45.0,0.0
80.3661985,3,1,1,0,1,45.0,0.0
93.5515185,3,1,1,0,4,48.0,10.434
93.551531,1,4,1,0,5,46.0,18.014
119.2327955,3,2,1,0,2,45.0,6.846
124.8955965,6,2,6,1,191,61.0,613.722
124.895597,4,2,5,1,194,58.0,412.627
124.895597,5,2,6,1,194,58.0,480.997
125.1757445,3,1,1,0,1,45.0,0.0
133.1701145,3,1,1,0,1,45.0,0.0
133.170129,1,1,1,0,1,45.0,0.0
137.4006355,3,2,1,0,41,47.0,35.086
137.400644,1,1,2,0,1,46.0,0.0
163.873864,1,1,1,0,1,45.0,0.0
172.6552465,3,1,1,0,1,45.0,0.0
182.7460055,3,1,2,0,5,51.0,27.499
204.7030455,3,1,1,0,1,45.0,0.0
266.3386135,3,1,4,0,22,55.0,127.395
302.8152245,3,1,2,0,22,52.0,73.021
539.4014445,6,1,1,0,1,45.0,0.0
575.055497,4,1,1,0,1,48.0,0.0
575.0555695,3,1,6,1,80,52.0,168.892
582.9379805,6,1,1,0,1,45.0,0.0
755.241213,1,1,2,0,19,48.0,25.759
798.1739065,3,1,1,0,1,45.0,0.0
820.2005325,3,1,1,0,1,45.0,0.0
827.6494465,6,1,1,0,1,45.0,0.0
885.4570455,6,2,16,5,183,65.0,2256.0
885.457081,4,1,1,0,1,45.0,0.0
890.684433,1,1,1,0,1,45.0,0.0
905.473131,5,2,1,0,3,45.0,7.913
905.4731345,6,1,1,0,1,47.0,0.0
905.606846,5,2,3,0,56,50.0,119.011
905.6068465,3,6,13,3,130,56.0,514.273
905.606856,4,1,1,0,1,45.0,0.0
905.606867,1,12,6,1,113,52.0,206.532
907.9279895,3,2,1,0,5,47.0,14.116
907.928014,2,1,1,0,1,51.0,0.0
907.967519,2,2,2,0,6,55.0,117.605
915.413577,5,2,2,0,4,49.0,28.256
915.413622,1,2,1,0,2,46.0,5.921
919.9139,1,1,6,0,47,50.0,90.388
919.9139035,6,2,2,0,3,51.0,28.261
919.913925,2,2,1,0,2,51.0,25.269
943.317987,5,1,1,0,1,47.0,0.0
943.3180095,6,1,1,0,1,45.0,0.0
949.426836,5,3,20,6,144,65.0,2560.0
949.4268365,6,2,17,5,107,69.0,3602.0
949.42684,4,18,10,3,63,59.0,1010.0
949.4268575,3,1,17,3,189,57.0,574.852
957.846592,1,2,1,0,2,45.0,6.375
961.6785755,6,2,1,0,2,50.0,35.674
961.67858,5,2,1,0,2,47.0,11.061
976.881206,1,34,7,0,44,53.0,157.127
976.8812075,3,5,11,2,124,56.0,497.461
976.881212,2,2,9,1,20,57.0,311.952
976.881217,4,1,1,0,1,45.0,0.0
1001.106601,5,3,1,0,4,47.0,21.028
1001.3519225,3,1,1,0,1,45.0,0.0
1011.5672605,6,1,1,0,1,45.0,0.0
1011.567265,5,1,3,0,1,46.0,0.0
1014.8992105,3,1,1,0,1,45.0,0.0
1032.7100695,6,2,2,0,27,49.0,52.626
1094.797789,1,3,3,0,12,54.0,97.58
1094.797792,2,1,2,0,1,52.0,0.0
1094.7978165,6,1,4,0,22,48.0,38.475
1138.3613825,3,1,1,0,1,45.0,0.0
1139.4905765,3,1,1,0,4,47.0,10.548
1173.031874,1,3,6,1,24,56.0,305.163
1173.0318975,3,1,3,0,12,51.0,53.838
1179.8788955,6,1,1,0,1,45.0,0.0
1179.8789045,3,1,1,0,1,46.0,0.0
1179.878918,2,1,1,0,1,50.0,0.0
1194.504716,2,1,2,0,7,55.0,67.116
1194.504717,1,1,2,0,1,47.0,0.0
1207.797955,1,1,1,0,1,45.0,0.0
1212.4039165,6,1,1,0,4,50.0,22.189
1212.4039325,3,1,1,0,1,45.0,0.0
1218.3030075,3,1,1,0,1,48.0,0.0
1218.303023,1,1,1,0,1,45.0,0.0
1224.182355,5,1,1,0,1,45.0,0.0
1224.3884645,6,2,3,0,2,49.0,4.305
1224.388475,1,1,4,0,1,49.0,0.0
1225.9344935,6,1,1,0,1,50.0,0.0
1229.5888435,6,1,1,0,1,45.0,0.0
1234.8905605,6,2,1,0,3,46.0,8.36
1234.894646,1,1,7,1,54,52.0,147.925
1234.8946615,3,1,3,0,31,51.0,73.53
1234.894663,2,1,4,0,24,55.0,219.109
1235.1215755,3,1,1,0,1,45.0,0.0
1239.662734,5,1,1,0,1,46.0,0.0
1244.6956675,3,1,2,0,7,49.0,28.543
1255.9571835,3,1,1,0,1,45.0,0.0
1258.267697,1,1,1,0,1,47.0,0.0
1258.2677075,3,2,1,0,5,46.0,11.145
1258.594075,1,2,2,0,2,47.0,6.26
1258.594076,5,1,1,0,1,45.0,0.0
1258.5940775,3,1,1,0,1,45.0,0.0
1261.701723,1,2,1,0,2,49.0,6.846
1263.1939955,6,1,1,0,1,45.0,0.0
1263.389161,5,2,1,0,2,45.0,4.305
1264.2333095,6,2,7,0,29,50.0,98.77
1264.233332,1,3,7,1,98,51.0,226.583
1264.2333505,3,1,7,0,38,50.0,69.247
1264.233386,2,2,3,0,2,53.0,20.948
1269.7045885,3,1,1,0,1,45.0,0.0
1284.8123395,6,1,2,0,1,46.0,0.0
1285.8031425,6,1,1,0,1,45.0,0.0
1290.644957,4,1,1,0,1,48.0,0.0
1293.524699,1,2,1,0,3,46.0,9.452
1293.641273,5,2,2,0,2,47.0,6.222
1295.1302275,6,1,1,0,1,45.0,0.0
1295.8443475,6,2,1,0,2,45.0,6.26
1297.3147425,3,1,4,0,1,47.0,0.0
1297.31475,2,9,4,0,10,57.0,213.999
1298.569355,1,1,1,0,1,48.0,0.0
1298.790368,1,1,1,0,1,45.0,0.0
1299.762927,5,2,2,0,3,46.0,9.402
1305.63164,2,1,2,0,1,53.0,0.0
1305.6316485,3,1,3,1,93,48.0,92.788
1305.6317045,6,1,1,0,1,45.0,0.0
1314.156909,5,2,2,0,4,50.0,34.624
1315.10349,4,2,2,0,2,49.0,4.148
1315.1035275,3,46,15,4,182,54.0,610.484
1322.8601105,3,1,1,0,1,45.0,0.0
1324.731966,4,2,1,0,2,49.0,9.829
1324.7319945,3,1,6,1,73,51.0,117.504
1324.731998,2,1,5,1,27,55.0,253.374
1324.731999,1,2,7,0,26,54.0,161.528
1325.465301,1,1,1,0,1,47.0,0.0
1325.4653145,6,1,2,0,1,45.0,0.0
1326.611141,1,2,6,1,59,57.0,206.797
1328.223578,1,1,1,0,1,49.0,0.0
1328.525775,5,2,11,1,44,51.0,223.375
1328.5257815,6,2,3,0,36,50.0,39.361
1328.5257935,3,2,4,0,16,50.0,51.565
1328.525892,1,1,1,0,1,46.0,0.0
1329.3780485,3,1,1,0,1,45.0,0.0
1330.274294,1,2,1,0,3,52.0,27.328
1330.473159,1,1,1,0,1,45.0,0.0
1333.4181865,3,1,2,0,24,47.0,20.702
1333.418195,1,7,4,0,15,51.0,76.514
1333.418208,2,1,4,0,1,53.0,0.0
1333.4182175,6,1,2,0,1,47.0,0.0
1335.276243,2,1,1,0,1,50.0,0.0
1335.276256,1,1,2,0,1,49.0,0.0
1340.0185495,6,1,1,0,1,45.0,0.0
1345.1206325,3,1,1,0,4,45.0,7.39
1345.7122995,3,1,1,0,1,45.0,0.0
1349.7575795,3,1,1,0,1,45.0,0.0
1349.757593,1,2,1,0,3,54.0,35.502
1355.0511095,3,1,1,0,1,46.0,0.0
1355.051113,2,4,2,0,8,57.0,233.511
1357.8825125,3,1,5,1,46,56.0,219.301
1357.882522,1,2,6,0,16,55.0,112.531
1357.882532,5,2,4,0,42,51.0,125.812
1357.8825525,6,1,3,1,75,50.0,121.254
1359.2370525,6,2,25,8,226,65.0,2875.0
1359.23706,4,1,5,0,47,50.0,94.459
1359.584861,5,3,4,0,4,50.0,33.756
1360.463405,5,1,1,0,1,45.0,0.0
1362.702413,2,1,2,0,1,54.0,0.0
1362.702425,5,1,2,0,1,50.0,0.0
1362.7024325,6,1,2,0,71,46.0,48.348
1363.784161,1,2,1,0,3,47.0,10.686
1364.312891,2,2,2,0,3,55.0,51.555
1364.980771,1,1,1,0,1,45.0,0.0
1365.1589705,6,1,2,0,4,49.0,16.231
1365.8717965,3,1,1,0,1,45.0,0.0
1365.872358,1,4,15,2,114,55.0,492.162
1371.6426795,3,2,7,2,126,55.0,247.224
1371.642684,1,33,18,4,125,57.0,869.311
1371.6427475,6,1,6,0,24,50.0,69.199
1372.585833,5,3,2,0,4,47.0,15.566
1373.055279,5,2,1,0,3,46.0,8.554
1373.553357,5,2,7,2,38,66.0,1482.0
1373.59876,5,1,1,0,1,45.0,0.0
1373.7149495,6,1,1,0,1,45.0,0.0
1376.046143,2,1,1,0,1,52.0,0.0
1376.0461445,3,1,1,0,1,45.0,0.0
1376.0461555,6,1,2,0,1,45.0,0.0
1376.724035,1,1,1,0,1,45.0,0.0
1376.9786765,3,1,1,0,1,45.0,0.0
1377.704718,2,2,3,0,6,56.0,132.368
1377.7047225,3,1,1,0,1,46.0,0.0
1380.0222085,6,1,1,0,1,45.0,0.0
1380.090486,1,1,1,0,1,45.0,0.0
1382.743845,5,18,3,0,21,50.0,71.642
1384.8838555,6,1,1,0,1,45.0,0.0
1385.162616,1,1,1,0,1,46.0,0.0
1385.445735,1,2,1,0,3,46.0,9.266
1386.0955885,6,2,1,0,2,45.0,3.324
1386.136559,5,2,4,0,18,50.0,114.709
1386.3027105,3,1,1,0,1,47.0,0.0
1386.302735,1,2,3,0,5,50.0,28.241
1386.6032905,3,1,5,0,43,48.0,66.216
1386.603304,5,12,5,0,14,49.0,46.671
1386.6033315,6,1,3,0,14,48.0,20.29
1386.603386,1,1,1,0,1,48.0,0.0
1388.454157,5,3,2,0,4,48.0,30.29
1388.998254,5,2,2,0,3,49.0,30.055
1390.8854095,6,1,2,0,8,48.0,19.33
1396.736087,1,2,1,0,3,50.0,16.279
1396.736094,2,1,1,0,1,50.0,0.0
1397.279101,1,1,1,0,1,45.0,0.0
1397.6637445,3,1,1,0,1,50.0,0.0
1397.994619,1,1,1,0,1,45.0,0.0
1398.2446735,6,1,1,0,1,46.0,0.0
1403.0412455,6,1,1,0,1,45.0,0.0
1403.0772295,6,1,1,0,1,45.0,0.0
1403.105141,5,2,1,0,3,46.0,9.243
1403.308733,1,2,2,0,2,49.0,24.132
1405.5024495,6,1,2,0,4,50.0,19.16
1406.1282095,6,1,1,0,1,45.0,0.0
1407.088177,5,2,1,0,3,46.0,10.408
1408.8010895,6,2,1,0,4,50.0,25.343
1409.752197,1,2,3,0,9,50.0,59.519
1409.7522105,3,2,1,0,5,50.0,27.195
1410.062717,5,1,1,0,1,46.0,0.0
1413.0755915,6,2,1,0,4,51.0,27.185
1414.430247,1,4,3,0,25,50.0,58.849
1416.2113035,3,2,1,0,2,45.0,3.55
1416.515679,2,6,2,0,9,57.0,259.663
1417.005337,5,3,5,0,5,51.0,74.362
1417.011514,5,1,1,0,1,45.0,0.0
1418.7354175,6,1,2,0,1,46.0,0.0
1419.732052,5,1,2,0,1,46.0,0.0
1419.7320575,3,1,1,0,1,45.0,0.0
1420.15165,2,2,1,0,2,50.0,16.406
1420.4846375,3,3,2,0,8,56.0,96.381
1420.484654,1,1,1,0,1,45.0,0.0
1420.763116,5,1,1,0,1,45.0,0.0
1422.3494405,3,1,3,0,19,50.0,71.195
1422.349441,2,31,4,0,32,54.0,193.696
1422.349459,5,2,3,0,3,49.0,12.543
1424.227633,1,2,1,0,2,46.0,7.333
1424.968947,5,2,1,0,3,45.0,8.227
1427.8838625,3,2,5,1,68,57.0,200.689
1427.883872,2,2,7,2,70,56.0,448.168
1427.883874,1,2,6,0,21,54.0,101.752
1427.883879,5,3,5,0,4,48.0,27.763
1428.154939,5,9,27,10,210,67.0,4820.0
1428.1549435,6,27,35,14,293,67.0,6366.0
1428.154945,1,10,33,12,283,68.0,5616.0
1428.154979,4,2,4,1,70,54.0,211.217
1428.299662,1,2,7,1,67,54.0,144.003
1428.2996745,3,2,3,0,25,54.0,116.81
1428.5520405,6,2,1,0,3,50.0,17.621
1429.6291585,6,2,2,0,3,50.0,62.68
1430.4507865,6,2,1,0,5,47.0,16.215
1430.7710605,3,1,1,0,1,45.0,0.0
1430.771069,1,1,4,0,1,49.0,0.0
1430.771074,2,2,2,0,3,53.0,31.61
1430.83484,5,3,7,1,18,66.0,2001.0
1431.050034,1,4,8,1,85,51.0,205.475
1431.0500385,3,1,6,1,63,53.0,193.94
1431.0607015,6,1,1,0,1,45.0,0.0
1431.5329465,3,1,1,0,1,45.0,0.0
1431.7406325,3,2,4,1,70,53.0,138.693
1431.7406435,6,1,5,0,18,51.0,47.809
1431.740646,5,1,1,0,1,45.0,0.0
1431.9028285,3,1,1,0,1,45.0,0.0
1434.076636,5,2,1,0,2,45.0,5.342
1434.625388,1,1,1,0,1,46.0,0.0
1435.07614,1,2,5,0,18,56.0,210.196
1435.459303,5,2,7,1,59,51.0,197.454
1435.4593375,3,1,1,0,1,48.0,0.0
1435.459354,1,2,1,0,3,52.0,17.641
1435.6185805,6,30,26,7,225,62.0,2077.0
1435.639621,1,2,1,0,3,51.0,21.116
1435.8776355,3,1,3,0,4,53.0,32.375
1435.877643,2,2,3,1,63,57.0,355.335
1435.877661,5,1,3,0,1,47.0,0.0
1435.877675,1,1,2,0,1,46.0,0.0
1435.939507,5,3,2,0,5,48.0,35.864
1436.0021385,6,30,25,7,222,62.0,2077.0
1436.12876,1,31,10,2,102,52.0,312.385
1436.1287605,3,1,5,0,1,48.0,0.0
1436.1287675,6,40,8,1,50,51.0,169.273
1436.879277,1,1,1,0,1,45.0,0.0
1436.964163,5,2,2,0,4,51.0,42.743
1437.013929,5,2,4,0,5,48.0,24.864
1437.330047,1,2,1,0,3,49.0,17.396
1437.3300695,3,1,2,0,4,48.0,10.099
1437.4514,5,2,1,0,3,47.0,8.751
1437.4671845,3,1,1,0,1,45.0,0.0
1437.467192,1,1,1,0,1,45.0,0.0
1438.7765005,6,34,27,8,229,62.0,2148.0
1439.04012,5,2,1,0,3,50.0,6.929
1439.1599525,6,34,29,8,229,62.0,2161.0
1439.3722035,3,1,1,0,1,45.0,0.0
1439.912131,5,1,1,0,1,46.0,0.0
1440.13117,1,1,1,0,1,45.0,0.0
1441.030579,1,1,1,0,1,45.0,0.0
1441.9304255,6,1,29,8,226,62.0,2217.0
1442.1223835,6,37,30,8,233,62.0,2241.0
1442.150547,2,1,1,0,1,50.0,0.0
1442.2234705,3,1,8,1,73,57.0,269.017
1442.223473,1,10,11,2,68,56.0,535.517
1442.22348,2,1,6,0,4,57.0,48.939
1442.3149845,6,37,29,8,229,62.0,2225.0
1442.5075885,6,37,28,8,229,62.0,2226.0
1442.531625,1,4,8,1,88,51.0,250.836
1442.5316375,3,1,5,1,75,51.0,133.519
1442.687092,2,1,2,0,1,50.0,0.0
1442.6871,5,2,3,0,4,48.0,15.413
1442.68711,1,1,1,0,1,46.0,0.0
1443.000923,5,1,3,0,48,50.0,78.085
1443.0009365,6,1,2,0,4,49.0,17.325
1443.0321875,6,1,1,0,1,47.0,0.0
1443.082895,5,1,4,0,4,48.0,10.804
1443.249035,5,1,1,0,5,48.0,13.304
1443.9127235,3,1,2,0,5,55.0,80.767
1444.020318,1,2,1,0,2,48.0,9.078
1444.996213,5,2,1,0,2,45.0,4.179
1445.0774695,6,37,30,8,233,62.0,2313.0
1445.4609895,6,37,31,8,226,62.0,2299.0
1445.6524705,6,37,31,8,233,62.0,2338.0
1445.6827195,3,1,1,0,1,45.0,0.0
1445.936295,1,1,1,0,1,48.0,0.0
1445.9483585,3,1,2,0,48,50.0,47.906
1446.711449,1,2,3,0,2,49.0,5.064
1446.7630895,6,1,1,0,1,45.0,0.0
1447.295954,1,1,5,1,90,52.0,181.038
1447.29597,5,2,2,0,14,51.0,68.75
1447.2960025,6,1,3,0,1,48.0,0.0
1448.022726,1,2,2,0,3,51.0,40.745
1448.115064,1,2,1,0,3,50.0,21.031
1448.1286775,6,1,1,0,1,45.0,0.0
1448.2352955,6,30,31,8,223,62.0,2359.0
1448.4269785,6,37,31,8,230,62.0,2405.0
1448.4651845,6,1,1,0,1,46.0,0.0
1448.6188285,6,37,30,8,230,62.0,2413.0
1448.8103565,6,34,31,8,230,62.0,2421.0
1448.8233065,3,1,2,0,1,49.0,0.0
1448.823308,1,3,4,0,29,52.0,110.856
1448.823342,5,2,1,0,2,45.0,3.464
1449.2440445,6,1,1,0,1,45.0,0.0
1449.502682,1,11,2,0,12,51.0,65.445
1449.5027045,3,1,1,0,1,45.0,0.0
1449.507886,1,1,1,0,1,47.0,0.0
1449.746615,5,2,2,0,3,45.0,9.02
1449.74839,1,1,2,0,1,54.0,0.0
1449.86586,5,2,2,0,3,50.0,16.333
1449.8987175,6,1,2,0,1,47.0,0.0
1449.929544,1,1,1,0,1,45.0,0.0
1450.1592205,3,1,1,0,1,45.0,0.0
1450.159233,5,1,1,0,1,45.0,0.0
1450.522496,2,2,28,15,210,71.0,9568.0
1450.522507,1,18,39,13,228,68.0,7349.0
1450.522537,4,16,4,0,22,53.0,120.142
1450.590829,1,1,1,0,1,45.0,0.0
1450.594177,1,1,7,1,26,56.0,293.312
1451.4141475,6,37,32,9,227,62.0,2497.0
1451.6060275,6,33,32,9,230,62.0,2521.0
1451.690474,5,2,2,0,2,46.0,4.025
1451.7975335,6,34,33,9,231,62.0,2535.0
1451.8204565,6,1,1,0,4,46.0,7.609
1451.9892315,6,37,31,9,230,62.0,2533.0
1452.180301,5,1,1,0,1,45.0,0.0
1452.948118,1,2,2,0,2,46.0,7.837
1452.9481235,3,1,2,0,7,53.0,47.234
1454.0383405,6,1,1,0,1,48.0,0.0
1454.1455275,6,1,1,0,4,49.0,11.954
1454.3651515,6,1,1,0,1,45.0,0.0
1454.445576,5,2,1,0,2,47.0,9.639
1454.5982885,6,30,32,9,224,62.0,2592.0
1454.7353355,6,1,1,0,4,46.0,7.613
1454.7561755,6,1,1,0,1,47.0,0.0
1454.756184,2,1,2,0,1,54.0,0.0
1454.7897615,6,37,33,9,231,62.0,2635.0
1454.9814265,6,37,31,9,231,62.0,2622.0
1455.1733015,6,33,33,9,227,62.0,2601.0
1455.393521,1,2,2,0,3,55.0,43.129
1455.466599,1,2,4,0,32,54.0,116.384
1455.575667,5,1,1,0,1,47.0,0.0
1455.5756825,6,1,1,0,1,45.0,0.0
1455.7682355,3,1,2,0,1,51.0,0.0
1455.9538555,6,1,1,0,1,47.0,0.0
1455.9791565,6,1,2,0,8,51.0,44.97
1456.178551,1,1,2,0,1,51.0,0.0
1456.4085005,3,1,1,0,1,45.0,0.0
1456.4094685,3,1,1,0,1,45.0,0.0
1456.5888385,3,2,4,0,50,50.0,83.138
1456.588862,2,5,5,0,16,54.0,155.578
1456.855023,5,2,1,0,3,50.0,43.542
1456.934254,1,1,1,0,1,45.0,0.0
1456.9342565,3,1,3,0,15,52.0,65.707
1456.934271,2,1,1,0,1,52.0,0.0
1456.9342845,6,1,2,0,62,47.0,65.355
1456.934313,5,2,2,0,2,46.0,3.665
1456.9814675,6,1,1,0,4,48.0,11.73
1457.0859105,6,1,1,0,1,51.0,0.0
1457.7409665,6,34,34,9,232,62.0,2713.0
1457.9327065,6,34,33,9,228,62.0,2711.0
1458.1244455,6,34,34,9,229,62.0,2739.0
1458.2288365,6,1,1,0,1,45.0,0.0
1458.3160705,6,34,34,9,228,63.0,2749.0
1459.8288775,6,4,25,7,208,66.0,2303.0
1459.828901,4,1,2,0,48,53.0,97.459
1460.350496,2,2,1,0,2,50.0,30.416
1460.350517,5,2,1,0,2,47.0,5.064
1460.35052,1,1,1,0,1,45.0,0.0
1460.9298435,6,34,33,9,229,63.0,2839.0
1461.0602235,3,1,1,0,1,45.0,0.0
1461.1225205,6,37,33,9,228,63.0,2833.0
1461.156147,5,2,2,0,5,48.0,17.592
1461.3144305,6,34,34,9,229,62.0,2847.0
1461.4333645,3,2,9,2,109,52.0,256.562
1461.433397,4,1,1,0,1,49.0,0.0
1461.5059255,6,34,34,9,229,63.0,2872.0
1461.7113085,6,1,1,0,1,45.0,0.0
1462.1044455,6,1,3,0,1,50.0,0.0
1462.1044775,3,1,1,0,48,46.0,40.901
1462.104492,2,1,1,0,1,53.0,0.0
1462.738901,1,18,6,1,131,56.0,238.502
1462.7389085,3,1,1,0,1,45.0,0.0
1462.7389375,6,1,3,0,10,47.0,21.023
1463.0191845,6,2,1,0,3,51.0,22.54
1463.1597855,6,1,1,0,1,45.0,0.0
1463.2912505,3,1,2,0,1,45.0,0.0
1463.291265,1,1,3,0,1,49.0,0.0
1463.825454,5,2,1,0,2,46.0,3.213
1463.92434,2,2,4,1,40,55.0,262.734
1463.9243425,3,1,1,0,4,47.0,11.822
1463.924346,1,4,7,0,16,53.0,163.898
1463.924359,5,2,6,0,2,48.0,3.695
1463.9243865,6,1,1,0,1,45.0,0.0
1464.0729165,6,41,35,10,233,63.0,2975.0
1464.1179965,6,1,1,0,1,45.0,0.0
1464.187304,5,1,1,0,1,48.0,0.0
1464.2645055,6,34,34,9,229,62.0,2988.0
1464.4561805,6,37,35,10,229,63.0,2957.0
1464.6487495,6,34,33,9,229,63.0,2974.0
1464.8594445,6,1,2,0,1,46.0,0.0
1464.9893765,6,2,2,0,2,48.0,10.411
1465.221826,1,1,1,0,1,45.0,0.0
1465.302421,5,3,2,0,4,48.0,25.871
1465.841551,1,2,1,0,2,45.0,3.784
1465.9367025,6,1,1,0,1,48.0,0.0
1465.9367265,3,1,1,0,1,45.0,0.0
1465.936736,1,1,1,0,1,45.0,0.0
1466.3231725,6,1,4,1,25,65.0,798.393
1466.3560425,6,1,2,0,1,46.0,0.0
1466.509161,2,2,3,0,3,57.0,66.553
1466.5091755,3,1,1,0,4,46.0,9.892
1466.584751,4,3,7,1,47,54.0,208.401
1466.5847555,6,4,20,6,158,64.0,2075.0
1467.1448415,6,34,34,10,230,62.0,3075.0
1467.3366615,6,34,35,10,230,63.0,3082.0
1467.5282135,6,34,35,10,230,62.0,3084.0
1467.547348,1,2,1,0,2,47.0,17.22
1467.7201785,6,34,35,10,230,62.0,3095.0
1467.724962,1,2,1,0,2,45.0,3.324
1467.8992945,3,1,1,0,1,45.0,0.0
1467.899318,1,2,1,0,3,46.0,8.051
1468.051376,1,2,2,0,2,49.0,31.863
1468.087785,1,1,1,0,1,45.0,0.0
1468.2546375,6,2,1,0,2,45.0,17.988
1468.3967925,6,2,1,0,3,51.0,20.536
1468.458326,1,2,1,0,2,46.0,3.435
1468.8170315,3,1,1,0,1,45.0,0.0
1469.571358,1,2,1,0,2,47.0,5.628
1469.885272,1,2,2,0,2,50.0,17.474
1470.201225,1,1,2,0,1,47.0,0.0
1470.201233,5,3,2,0,4,50.0,25.107
1470.2458675,3,1,1,0,1,45.0,0.0
1470.2907545,6,34,32,10,231,62.0,3182.0
1470.3232865,3,2,1,0,2,45.0,8.535
1470.4826515,6,34,34,10,231,62.0,3199.0
1470.525358,5,1,1,0,1,47.0,0.0
1470.6741435,6,38,33,10,228,63.0,3198.0
1470.8668325,6,41,34,10,234,63.0,3228.0
1470.985855,1,1,1,0,1,46.0,0.0
1470.9876025,3,1,1,0,1,45.0,0.0
1470.9876255,6,1,1,0,1,46.0,0.0
1471.508565,1,2,3,0,35,51.0,57.108
1471.61643,5,2,2,0,2,50.0,14.781
1471.6164525,6,1,1,0,4,48.0,11.837
1471.8280325,3,1,1,0,1,45.0,0.0
1472.1572465,3,7,7,1,51,54.0,191.496
1472.4892655,6,1,2,0,1,46.0,0.0
1472.489279,1,1,3,0,1,47.0,0.0
1472.489288,5,2,2,0,3,47.0,11.258
1472.986697,1,2,19,10,145,74.0,10051.0
1472.986775,5,1,1,0,1,45.0,0.0
1473.189199,1,2,1,0,2,45.0,10.021
1473.5188395,6,34,32,10,232,63.0,3316.0
1473.7103265,6,38,33,10,232,63.0,3302.0
1473.886897,1,2,2,0,3,53.0,28.549
1473.9019515,6,41,33,10,235,63.0,3326.0
1473.9541755,3,1,1,0,1,45.0,0.0
1474.0938635,6,38,33,10,232,63.0,3322.0
1474.238182,5,1,2,0,1,48.0,0.0
1474.2898925,6,1,1,0,1,48.0,0.0
1474.370357,1,2,3,0,8,56.0,93.559
1474.391524,1,3,1,0,4,48.0,27.412
1474.3915335,3,1,3,0,13,50.0,64.032
1474.411727,5,1,1,0,1,45.0,0.0
1474.5572535,6,1,1,0,1,45.0,0.0
1475.3752405,6,1,2,0,1,50.0,0.0
1475.3752475,3,1,1,0,1,46.0,0.0
1475.436667,5,1,1,0,1,45.0,0.0
1475.515638,1,2,1,0,3,51.0,19.82
1475.751198,5,2,1,0,2,45.0,4.4
1476.2908615,6,2,1,0,3,47.0,10.243
1476.6856905,6,38,32,10,229,63.0,3404.0
1476.695112,1,2,1,0,2,51.0,23.462
1476.8772315,6,38,33,10,229,63.0,3399.0
1477.0688475,6,34,32,10,229,63.0,3394.0
1477.189644,5,3,1,0,4,47.0,25.856
1477.2607385,6,34,32,10,232,62.0,3433.0
1477.32678,1,2,6,0,34,51.0,165.629
1477.41956,1,2,2,0,2,45.0,11.214
1477.427455,1,2,4,0,3,49.0,21.27
1477.761596,1,2,2,0,5,48.0,32.453
1477.811891,5,2,3,0,5,49.0,29.581
1478.161937,1,2,1,0,3,50.0,27.879
1478.1619465,3,1,1,0,1,45.0,0.0
1478.604264,1,2,3,0,8,52.0,67.518
1478.8256165,6,1,1,0,1,46.0,0.0
1479.131243,5,5,5,0,8,51.0,84.226
1479.5442345,6,2,2,0,2,47.0,24.132
1479.5442575,3,2,3,0,10,49.0,42.241
1479.544278,1,1,4,0,1,48.0,0.0
1479.6099785,6,1,1,0,1,45.0,0.0
1479.6140755,6,2,1,0,2,45.0,4.055
1479.702745,1,42,15,1,58,56.0,358.609
1479.7027495,3,2,6,1,76,52.0,210.685
1479.7686205,6,41,33,10,233,63.0,3489.0
1479.9602035,6,38,33,10,230,63.0,3490.0
1480.1521615,6,34,31,10,229,62.0,3480.0
1480.3436475,6,34,32,10,229,62.0,3488.0
1480.575822,5,1,2,0,7,51.0,26.424
1480.5758475,6,1,2,0,1,48.0,0.0
1480.649186,2,1,5,1,57,54.0,211.862
1480.6491885,3,1,3,0,10,51.0,34.215
1480.9017835,3,1,1,0,1,45.0,0.0
1480.901797,1,2,1,0,3,48.0,12.188
1481.013269,1,2,3,0,8,57.0,288.121
1481.477162,5,3,3,0,8,47.0,36.652
1481.9600665,3,1,1,0,1,45.0,0.0
1481.960067,5,1,4,0,1,50.0,0.0
1481.960075,1,2,3,0,3,48.0,13.413
1482.061499,1,2,18,8,118,72.0,6964.0
1482.062168,1,2,1,0,2,46.0,3.665
1482.1321905,3,1,2,0,4,49.0,14.869
1482.1322055,6,1,4,0,28,50.0,88.843
1482.132206,5,1,4,0,1,49.0,0.0
1482.3182835,3,1,1,0,1,45.0,0.0
1482.347417,5,3,2,0,6,51.0,35.936
1482.34952,5,3,5,0,5,50.0,70.569
1482.468883,5,1,1,0,1,47.0,0.0
1482.5045835,6,3,6,1,25,66.0,1142.0
1482.5046255,3,2,1,0,6,49.0,22.328
1482.504639,1,2,3,0,2,51.0,8.358
1482.504647,2,1,1,0,1,52.0,0.0
1482.664071,1,1,1,0,1,45.0,0.0
1482.671161,1,2,2,0,2,47.0,15.493
1482.772422,1,2,1,0,3,54.0,32.862
1482.8275805,6,38,33,10,230,63.0,3542.0
1482.87227,1,1,5,1,75,51.0,194.726
1482.8722775,3,1,1,0,1,45.0,0.0
1482.87232,5,1,4,0,20,49.0,59.847
1483.0193925,6,38,32,10,230,63.0,3548.0
1483.168516,1,1,5,1,51,55.0,204.406
1483.168541,2,1,3,0,1,54.0,0.0
1483.1685515,3,1,1,0,1,45.0,0.0
1483.168555,5,2,2,0,12,49.0,33.056
1483.2109855,6,34,31,11,280,62.0,3570.0
1483.216902,1,1,2,0,1,50.0,0.0
1483.343716,5,2,3,0,2,48.0,5.81
1483.4029295,6,34,32,10,226,63.0,3575.0
1483.653882,2,1,2,0,4,53.0,44.604
1483.707022,1,2,5,0,35,56.0,209.787
1483.84547,1,3,5,0,33,53.0,114.493
1483.969111,1,2,1,0,2,45.0,10.07
1484.006544,1,3,2,0,4,47.0,18.317
1484.1820875,3,1,1,0,1,48.0,0.0
1484.182094,5,3,7,1,47,51.0,184.593
1484.182105,2,1,2,0,1,54.0,0.0
1484.314358,5,1,2,0,1,50.0,0.0
1484.328415,1,2,2,0,3,49.0,15.721
1484.328419,2,1,1,0,1,50.0,0.0
1484.501363,5,3,3,0,9,47.0,29.52
1484.5438445,3,1,6,0,37,50.0,79.697
1484.6436675,6,1,1,0,1,45.0,0.0
1485.2631305,6,1,2,0,7,51.0,29.365
1485.263141,5,1,1,0,1,46.0,0.0
1485.2807395,6,2,2,0,3,48.0,12.272
1485.285793,2,1,5,0,4,57.0,77.73
1485.285794,1,24,9,1,61,54.0,298.141
1485.2858,5,41,5,0,43,50.0,135.09
1485.2858215,6,2,1,0,2,46.0,3.903
1485.450998,1,24,10,2,70,56.0,509.208
1485.4510255,6,1,3,1,99,49.0,110.662
1485.4510405,3,1,2,0,24,46.0,24.582
1485.4852055,6,3,12,3,63,66.0,1804.0
1485.48522,1,50,13,2,98,54.0,427.775
1485.4852335,3,1,7,1,39,54.0,170.323
1485.485247,2,1,3,0,4,56.0,61.756
1485.496045,1,2,3,0,17,50.0,61.335
1485.547563,1,2,3,0,3,47.0,11.256
1485.743868,5,2,1,0,2,45.0,12.744
1485.7963925,3,1,2,0,7,54.0,56.878
1485.796397,1,28,6,1,62,50.0,138.655
1485.8468835,6,1,2,0,5,50.0,21.657
1485.8517655,6,38,33,10,227,62.0,3597.0
1485.9263655,3,1,1,0,1,45.0,0.0
1486.0444025,6,35,32,10,227,62.0,3586.0
1486.2363915,6,38,31,11,284,63.0,3638.0
1486.4278505,6,38,33,10,227,62.0,3608.0
1487.029688,1,1,3,0,1,48.0,0.0
1487.261798,2,1,1,0,1,50.0,0.0
1487.31271,1,3,3,0,4,50.0,22.365
1487.3501525,3,1,1,0,1,45.0,0.0
1487.374654,5,1,2,0,1,46.0,0.0
1487.4214515,6,1,2,0,1,46.0,0.0
1487.421456,5,3,5,0,4,50.0,17.72
1487.421457,1,1,5,0,11,51.0,44.422
1487.5742015,6,1,1,0,1,48.0,0.0
1487.664249,1,1,3,0,6,49.0,21.354
1488.791076,5,2,2,0,39,47.0,60.117
1488.8969245,6,35,32,11,285,62.0,3657.0
1488.9079675,3,1,2,0,5,50.0,20.066
1488.9079815,6,1,3,0,34,50.0,52.769
1488.907985,5,1,5,0,24,48.0,29.467
1488.907988,1,1,9,1,52,56.0,217.366
1488.933829,5,3,3,0,4,48.0,20.42
1489.0895175,6,38,32,10,224,63.0,3605.0
1489.274664,5,1,7,1,94,51.0,134.627
1489.274768,1,1,4,0,23,47.0,48.608
1489.2747715,6,1,2,0,1,45.0,0.0
1489.2812075,6,38,31,10,227,63.0,3624.0
1489.304004,1,1,1,0,1,45.0,0.0
1489.35677,1,2,1,0,2,50.0,15.734
1489.427736,1,1,1,0,1,45.0,0.0
1489.4730535,6,38,31,11,285,63.0,3669.0
1489.72378,1,2,8,1,61,55.0,373.398
1490.023424,5,1,5,0,8,49.0,25.477
1490.272376,1,2,1,0,3,50.0,16.379
1490.414752,1,1,1,0,1,45.0,0.0
1490.582478,1,1,1,0,1,45.0,0.0
1490.582506,5,1,1,0,1,45.0,0.0
1490.8419465,3,1,1,0,1,45.0,0.0
1490.895706,1,2,1,0,2,45.0,4.793
1490.9112145,6,2,1,0,5,50.0,20.541
1490.91124,5,1,2,0,1,46.0,0.0
1490.928368,2,1,1,0,1,50.0,0.0
1491.009449,1,1,4,0,1,47.0,0.0
1491.4367985,3,1,1,0,1,45.0,0.0
1491.562034,5,15,16,5,97,64.0,2417.0
1491.562034,4,1,1,0,1,46.0,0.0
1491.562059,1,2,9,1,60,52.0,223.477
1491.618379,2,2,6,0,2,52.0,18.248
1491.779629,1,2,1,0,3,51.0,21.263
1491.8271275,6,2,2,0,3,51.0,29.921
1491.9409895,6,38,31,10,221,63.0,3605.0
1491.995256,5,2,2,0,3,46.0,7.392
1492.09984,5,1,1,0,1,50.0,0.0
1492.1335885,6,35,31,10,228,62.0,3617.0
1492.3252855,6,38,31,10,228,62.0,3622.0
1492.5182475,6,38,31,10,228,62.0,3633.0
1492.779046,1,3,16,8,118,72.0,9347.0
1492.784221,1,1,1,0,1,45.0,0.0
1493.0681735,6,1,1,0,1,45.0,0.0
1493.227282,2,1,1,0,1,51.0,0.0
1493.2553425,3,2,9,2,135,54.0,324.629
1493.255348,2,1,7,1,36,57.0,361.572
1493.2560055,3,1,3,1,91,46.0,78.074
1493.256027,5,1,6,1,87,50.0,156.05
1493.303537,5,1,1,0,1,45.0,0.0
1493.3547285,3,5,5,0,57,51.0,112.145
1493.3547335,6,1,3,0,32,48.0,57.275
1493.354735,1,2,4,0,24,57.0,152.202
1493.354753,2,1,2,0,1,53.0,0.0
1493.429012,1,2,1,0,3,50.0,18.888
1493.5207085,3,1,3,0,17,52.0,115.531
1493.520734,5,1,2,0,1,46.0,0.0
1493.520737,1,1,1,0,13,46.0,14.438
1493.550902,5,2,2,0,6,48.0,30.119
1493.583549,5,2,1,0,2,46.0,7.374
1493.5835555,3,1,1,0,1,45.0,0.0
1493.6733905,6,1,2,0,1,45.0,0.0
1493.673442,1,1,2,0,1,48.0,0.0
1493.798467,1,2,1,0,7,52.0,50.804
1493.810523,2,1,1,0,1,50.0,0.0
1493.830079,5,3,2,0,5,47.0,16.791
1493.8417725,6,1,1,0,1,45.0,0.0
1493.8575565,6,1,1,0,1,46.0,0.0
1493.950341,5,3,2,0,4,47.0,25.249
1493.9503655,6,1,1,0,1,45.0,0.0
1494.034683,1,4,1,0,5,51.0,40.593
1494.0426375,6,1,1,0,1,45.0,0.0
1494.875098,1,2,2,0,32,54.0,114.116
1495.0301065,6,38,32,10,225,62.0,3579.0
1495.2227185,6,38,31,10,221,62.0,3550.0
1495.4143175,6,38,32,10,225,62.0,3546.0
1495.6061525,6,38,31,10,218,62.0,3548.0
1496.038903,5,4,4,0,11,49.0,59.662
1496.1234765,3,1,1,0,1,46.0,0.0
1496.123484,2,2,1,0,2,50.0,11.626
1496.123486,5,2,2,0,5,46.0,16.578
1496.123491,1,1,2,0,4,47.0,10.891
1496.1235115,6,1,1,0,1,47.0,0.0
1496.375067,5,1,5,0,1,49.0,0.0
1496.8772375,6,1,1,0,1,45.0,0.0
1497.26452,1,2,1,0,2,46.0,6.414
1497.466355,1,1,1,0,1,47.0,0.0
1497.4663575,6,1,3,0,52,51.0,64.369
1497.466361,5,1,1,0,1,48.0,0.0
1497.9672,5,1,1,0,1,45.0,0.0
1498.1761185,6,35,31,9,199,62.0,3424.0
1498.2443235,6,2,1,0,3,48.0,16.357
1498.3676035,6,38,31,10,222,62.0,3437.0
1498.4034565,3,1,3,0,7,57.0,122.775
1498.403478,1,1,5,0,26,53.0,103.464
1498.4034995,6,1,2,0,4,50.0,14.193
1498.547073,1,1,1,0,1,45.0,0.0
1498.5592435,6,38,30,10,219,62.0,3427.0
1498.6327735,6,1,2,0,1,51.0,0.0
1498.632798,1,2,5,0,2,50.0,5.237
1498.7517935,6,38,31,10,202,62.0,3391.0
1498.918487,5,2,3,0,6,50.0,22.297
1498.9184945,3,2,3,0,40,49.0,51.739
1498.918514,2,1,2,0,1,52.0,0.0
1499.007866,1,2,3,0,37,53.0,113.41
1499.2055115,3,1,1,0,1,47.0,0.0
1499.2055255,6,1,3,0,1,49.0,0.0
1499.2973815,6,1,2,0,1,45.0,0.0
1499.297384,1,2,2,0,5,48.0,24.468
1499.349154,1,7,5,1,46,53.0,175.628
1499.426642,5,2,4,0,5,51.0,59.245
1499.438493,5,3,3,0,35,50.0,77.241
1499.4514235,6,1,2,0,4,50.0,20.205
1499.5303865,6,1,1,0,1,48.0,0.0
1499.942085,1,1,6,1,96,50.0,140.966
1499.9420885,6,1,4,0,4,49.0,12.256
1499.9421045,3,1,1,0,1,45.0,0.0
1499.986092,1,1,1,0,1,52.0,0.0
1500.126472,5,3,1,0,4,46.0,13.129
1500.2213715,6,1,2,0,1,47.0,0.0
1500.2507685,6,1,1,0,1,45.0,0.0
1500.2781805,3,2,2,0,6,50.0,43.407
1500.2782,1,1,2,0,1,50.0,0.0
1500.278203,2,1,2,0,4,52.0,22.22
1500.3763895,6,1,1,0,1,45.0,0.0
1500.4507935,6,1,1,0,1,45.0,0.0
1500.5113285,3,1,1,0,1,45.0,0.0
1500.560325,1,1,1,0,1,47.0,0.0
1500.64571,1,2,4,0,35,56.0,138.294
1500.708528,1,1,1,0,1,45.0,0.0
1500.8392655,6,1,1,0,1,45.0,0.0
1500.864787,5,1,1,0,1,47.0,0.0
1500.8759135,6,2,1,0,2,45.0,4.562
1500.912052,1,1,4,0,18,53.0,56.999
1500.914065,1,2,3,0,7,54.0,115.93
1500.920054,1,2,1,0,3,45.0,7.054
1501.0727705,3,12,14,4,157,57.0,944.727
1501.072775,2,2,11,3,102,56.0,779.236
1501.072787,4,1,2,0,11,49.0,34.41
1501.114518,5,3,4,1,108,50.0,146.734
1501.1145185,3,1,3,0,10,48.0,25.571
1501.2153,5,1,3,0,8,50.0,50.085
1501.256687,1,3,2,0,4,49.0,19.939
1501.3328295,6,38,29,9,199,62.0,3244.0
1501.35052,1,1,2,0,6,51.0,43.162
1501.351015,5,2,1,0,3,45.0,9.015
1501.401909,5,1,1,0,1,46.0,0.0
1501.5146075,6,1,1,0,1,48.0,0.0
1501.5244805,6,38,29,9,199,62.0,3236.0
1501.6227315,6,2,3,0,2,46.0,8.58
1501.62276,1,3,5,0,36,51.0,120.306
1501.654034,1,2,1,0,3,53.0,31.305
1501.7035355,6,2,1,0,3,47.0,9.423
1501.703536,1,1,1,0,1,45.0,0.0
1501.7163915,6,35,28,9,199,62.0,3213.0
1501.816754,1,2,2,0,10,49.0,61.412
1501.8306795,6,1,1,0,4,51.0,21.516
1501.9078605,6,35,30,9,199,62.0,3195.0
1502.060818,1,2,3,0,7,56.0,160.677
1502.0683225,6,2,1,0,4,49.0,16.673
1502.3154865,6,1,1,0,1,45.0,0.0
1502.3890265,6,2,1,0,4,51.0,21.514
1502.393876,5,2,1,0,4,46.0,14.074
1502.404023,1,1,2,0,1,48.0,0.0
1502.436238,5,3,3,0,6,48.0,25.978
1502.4854175,6,1,2,0,1,48.0,0.0
1502.485448,5,2,2,0,2,47.0,4.927
1502.485466,1,1,2,0,1,47.0,0.0
1502.4942895,3,1,1,0,1,45.0,0.0
1502.494299,2,1,2,0,1,53.0,0.0
1502.494304,1,1,7,1,39,52.0,148.735
1502.494325,5,5,8,1,65,51.0,285.151
1502.576856,5,2,1,0,3,49.0,16.112
1502.677986,5,1,1,0,1,45.0,0.0
1502.758273,1,1,2,0,1,49.0,0.0
1503.057967,5,2,1,0,3,46.0,10.276
1503.117194,1,1,1,0,1,48.0,0.0
1503.162828,1,2,1,0,2,45.0,9.829
1503.211923,1,2,1,0,2,46.0,15.734
1503.4438695,6,1,3,0,1,48.0,0.0
1503.5626785,6,1,1,0,1,45.0,0.0
1503.634209,5,2,3,0,2,48.0,5.958
1503.6342405,3,1,1,0,45,47.0,32.005
1503.777338,5,1,1,0,1,45.0,0.0
1503.8255235,3,1,1,0,1,45.0,0.0
1503.82553,1,2,3,0,40,50.0,58.737
1503.825547,5,1,1,0,1,49.0,0.0
1503.8326315,3,1,11,3,117,56.0,659.1
1503.832637,1,39,27,5,157,57.0,1069.0
1503.832667,4,1,1,0,1,45.0,0.0
1503.9509785,6,1,1,0,1,45.0,0.0
1504.0883425,6,1,1,0,1,45.0,0.0
1504.20872,1,2,2,0,5,50.0,29.776
1504.451262,1,3,2,0,6,52.0,69.727
1504.4819745,6,3,4,1,29,63.0,823.695
1504.5336475,6,1,1,0,1,47.0,0.0
1504.652886,5,1,2,0,1,47.0,0.0
1504.6528865,3,1,1,0,1,46.0,0.0
1504.6529245,6,1,1,0,1,45.0,0.0
1504.6675125,6,38,27,9,203,62.0,3029.0
1504.668287,1,2,1,0,3,47.0,11.694
1504.69527,2,1,5,0,1,53.0,0.0
1504.69527,5,1,5,0,1,50.0,0.0
1504.6953055,6,2,2,0,3,49.0,15.911
1504.695319,1,1,2,0,1,47.0,0.0
1504.704545,1,36,6,1,61,52.0,196.15
1504.7045825,3,2,3,0,35,51.0,96.504
1504.7286765,6,1,1,0,1,45.0,0.0
1504.8306575,6,1,1,0,1,48.0,0.0
1504.83066,5,7,2,0,10,50.0,69.836
1504.8929315,6,1,1,0,1,45.0,0.0
1504.96893,1,2,2,0,2,49.0,3.695
1505.034539,1,2,2,0,9,52.0,96.011
1505.189046,2,1,3,0,12,52.0,72.34
1505.3401665,6,1,1,0,1,45.0,0.0
1505.4836385,3,1,1,0,1,45.0,0.0
1505.592188,1,1,2,0,7,53.0,49.62
1505.644068,1,2,2,0,5,54.0,100.212
1505.6464535,6,2,2,0,5,49.0,19.374
1505.668522,1,1,3,0,6,47.0,16.053
1505.6755335,3,1,1,0,1,45.0,0.0
1505.770098,1,1,1,0,1,47.0,0.0
1505.8726245,6,1,1,0,4,51.0,18.672
1505.8837925,3,1,2,0,4,52.0,27.072
1505.883797,2,1,2,0,1,51.0,0.0
1505.883818,5,1,3,0,1,51.0,0.0
1505.883824,1,1,1,0,1,45.0,0.0
1505.8838455,6,1,2,0,1,45.0,0.0
1506.015023,1,2,1,0,3,56.0,54.185
1506.16955,1,2,3,0,14,55.0,185.972
1506.271903,2,1,4,0,1,56.0,0.0
1506.27191,1,3,14,2,87,55.0,455.232
1506.2719335,3,1,3,0,19,49.0,31.116
1506.303484,1,3,5,1,65,57.0,580.739
1506.341383,1,2,1,0,2,52.0,43.84
1506.4110795,3,1,1,0,1,45.0,0.0
1506.414485,1,2,4,0,22,52.0,211.081
1506.507713,5,1,2,0,1,49.0,0.0
1506.5343185,6,1,1,0,1,48.0,0.0
1506.534344,5,2,1,0,2,45.0,3.241
1506.665695,1,1,6,1,66,50.0,101.657
1506.6657185,3,1,3,0,23,48.0,50.326
1506.6762375,6,2,2,0,5,50.0,21.564
1506.676244,5,1,1,0,1,48.0,0.0
1506.700336,5,2,2,0,2,48.0,7.047
1506.835003,1,1,1,0,1,45.0,0.0
1506.8404125,6,1,1,0,1,46.0,0.0
1506.840417,1,2,2,0,2,50.0,12.528
1506.8663665,6,1,1,0,1,45.0,0.0
1506.921547,1,2,6,0,18,53.0,106.675
1506.9215505,3,1,1,0,1,46.0,0.0
1506.921563,5,2,2,0,3,45.0,9.657
1507.187155,1,2,1,0,4,47.0,12.58
1507.3927465,6,1,1,0,1,46.0,0.0
1507.444152,1,2,2,0,7,49.0,43.545
1507.5144925,6,1,1,0,1,45.0,0.0
1507.587429,1,1,1,0,1,45.0,0.0
1507.589733,1,4,4,0,5,51.0,43.386
1507.599997,1,2,7,1,50,54.0,279.682
1507.600036,5,4,3,0,5,50.0,32.952
1507.7082915,3,1,1,0,1,45.0,0.0
1507.791855,1,2,1,0,2,46.0,4.529
1507.880426,1,2,2,0,7,57.0,153.257
1507.882018,1,1,2,0,7,57.0,85.435
1508.042526,1,1,1,0,1,45.0,0.0
1508.084474,5,2,4,0,14,48.0,55.091
1508.0844935,3,1,1,0,4,47.0,9.193
1508.408329,1,2,1,0,3,55.0,73.535
1508.827603,5,13,7,0,19,51.0,162.176
1508.894608,1,2,5,0,20,52.0,80.989
1508.894621,2,2,2,0,33,54.0,158.307
1508.8946455,3,1,1,0,1,45.0,0.0
1508.9231905,6,1,1,0,1,45.0,0.0
1508.984687,5,2,4,0,13,47.0,44.762
1509.12024,1,4,2,0,5,49.0,25.129
1509.224935,5,2,3,0,14,49.0,82.557
1509.2249455,3,1,1,0,1,45.0,0.0
1509.3351855,3,1,1,0,1,45.0,0.0
1509.381144,1,2,2,0,3,57.0,64.925
1509.437821,1,1,2,0,1,48.0,0.0
1509.461996,1,2,2,0,2,49.0,16.967
1509.5794885,3,1,1,0,1,45.0,0.0
1509.5795015,6,1,1,0,1,47.0,0.0
1509.5840825,6,2,1,0,3,48.0,14.606
1509.692948,1,1,2,0,1,48.0,0.0
1509.7188625,6,1,2,0,8,49.0,29.951
1509.742024,1,1,1,0,1,45.0,0.0
1509.773368,1,1,2,0,1,48.0,0.0
1509.8227715,3,1,1,0,1,45.0,0.0
1509.9134975,6,2,1,0,2,45.0,4.693
1509.988812,1,2,1,0,5,47.0,18.282
1510.015522,1,2,3,0,2,47.0,5.484
1510.082985,1,1,2,0,1,48.0,0.0
1510.09311,1,2,1,0,4,45.0,13.095
1510.288456,1,1,2,0,1,51.0,0.0
1510.291424,5,1,1,0,1,46.0,0.0
1510.439918,5,2,2,0,2,48.0,3.132
1510.506366,5,1,1,0,1,47.0,0.0
1510.5063755,6,1,1,0,1,47.0,0.0
1510.605484,4,1,1,0,1,45.0,0.0
1510.605502,5,2,10,1,46,49.0,150.606
1510.6055215,6,1,1,0,1,45.0,0.0
1510.605558,2,1,2,0,1,50.0,0.0
1510.6149375,6,20,3,0,46,47.0,57.329
1510.614959,1,1,2,0,1,49.0,0.0
1510.678732,1,9,31,9,184,62.0,3565.0
1510.678746,5,20,20,4,142,56.0,993.586
1510.6959595,3,1,1,0,1,45.0,0.0
1510.708288,1,2,2,0,2,53.0,28.187
1510.7137265,6,1,1,0,1,46.0,0.0
1510.7755785,6,42,30,9,208,61.0,2653.0
1510.775583,5,23,22,5,145,58.0,1522.0
1510.805523,1,4,2,0,5,52.0,74.023
1510.8717505,3,10,25,8,237,62.0,2512.0
1510.87176,5,23,18,4,148,56.0,1022.0
1510.8717615,6,39,25,6,180,59.0,1701.0
1510.9194215,6,1,1,0,1,45.0,0.0
1510.967462,2,12,29,12,226,63.0,4389.0
1510.9674645,3,10,28,10,237,63.0,3831.0
1510.9674755,6,39,29,8,184,61.0,2613.0
1510.967477,5,20,22,6,148,57.0,1522.0
1511.029664,5,2,4,0,5,50.0,45.937
1511.0296905,6,1,1,0,1,45.0,0.0
1511.063155,2,5,22,9,223,61.0,2751.0
1511.063156,1,12,31,9,184,63.0,3569.0
1511.063167,5,25,20,4,111,57.0,951.511
1511.158952,2,8,27,12,225,62.0,4383.0
1511.1589535,3,10,29,10,241,63.0,3880.0
1511.1589655,6,31,31,9,244,61.0,2665.0
1511.158966,5,23,23,5,130,58.0,1488.0
1511.254798,1,13,30,10,216,63.0,3607.0
1511.2547995,3,10,25,8,237,61.0,2507.0
1511.2548,2,9,23,9,220,61.0,2753.0
1511.2548105,6,39,26,6,175,59.0,1660.0
1511.254812,5,1,18,4,145,55.0,992.99
1511.262481,1,3,2,0,5,49.0,30.218
1511.285527,1,3,5,1,14,57.0,409.287
1511.3455285,6,2,1,0,4,52.0,25.797
1511.350671,2,9,26,12,226,63.0,4138.0
1511.35068,5,1,23,6,158,58.0,1545.0
1511.3506815,6,35,30,9,208,61.0,2632.0
1511.3888475,6,1,1,0,1,45.0,0.0
1511.4493845,6,1,1,0,1,45.0,0.0
1511.4986155,6,1,1,0,1,48.0,0.0
1511.612102,1,2,3,0,2,47.0,3.665
1511.6121165,3,1,1,0,1,45.0,0.0
1511.776403,1,1,3,0,4,56.0,62.022
1511.983912,1,1,1,0,1,45.0,0.0
1511.987496,5,1,2,0,1,47.0,0.0
1512.028218,1,1,2,0,1,49.0,0.0
1512.1036025,6,1,1,0,1,46.0,0.0
1512.175309,1,3,3,0,8,53.0,84.363
1512.203957,5,2,2,0,6,48.0,36.072
1512.227248,1,3,2,0,6,49.0,35.385
1512.25402,1,2,1,0,2,50.0,17.923
1512.280259,5,2,2,0,3,48.0,9.895
1512.300108,5,4,2,0,15,51.0,90.145
1512.368749,1,1,1,0,1,45.0,0.0
1512.497251,1,2,6,1,42,60.0,428.292
1512.614169,1,2,20,8,125,68.0,5025.0
1512.614202,5,3,2,0,7,50.0,48.581
1512.6142065,6,1,2,0,1,53.0,0.0
1512.658558,1,5,32,21,216,73.0,25181.0
1512.658578,2,1,4,0,12,53.0,129.1
1512.6585855,3,2,4,0,71,48.0,55.401
1512.6585965,6,2,4,0,34,49.0,99.278
1512.7413105,6,1,1,0,1,45.0,0.0
1512.890545,5,2,2,0,2,47.0,5.52
1512.8905705,6,1,2,0,1,46.0,0.0
1512.890586,1,1,1,0,1,48.0,0.0
1512.909297,1,1,1,0,1,45.0,0.0
1513.0197805,6,1,2,0,4,54.0,51.171
1513.105391,5,2,2,0,2,46.0,6.07
1513.182669,5,1,1,0,1,52.0,0.0
1513.1826775,6,1,3,0,5,54.0,52.052
1513.338585,5,1,1,0,1,46.0,0.0
1513.4056135,6,1,3,0,7,57.0,149.765
1513.405646,5,3,2,0,4,47.0,18.735
1513.4320145,6,1,1,0,1,45.0,0.0
1513.524943,1,3,2,0,5,51.0,52.426
1513.635465,1,2,1,0,3,49.0,23.48
1513.6824575,6,1,2,0,1,50.0,0.0
1513.68246,1,2,5,0,47,50.0,94.37
1513.682461,5,7,6,1,48,54.0,238.65
1513.6824645,3,1,1,0,1,45.0,0.0
1513.699208,5,4,6,0,11,56.0,193.413
1513.699451,2,3,1,0,10,56.0,161.45
1513.699481,1,2,3,0,3,48.0,10.281
1513.7789895,6,1,1,0,1,45.0,0.0
1513.8546195,3,10,26,8,241,62.0,2561.0
1513.854632,5,1,18,4,109,56.0,957.777
1513.9065125,6,1,1,0,1,45.0,0.0
1513.950658,1,9,35,13,321,64.0,5628.0
1513.95066,2,9,26,12,224,63.0,4242.0
1513.9506705,6,35,32,10,272,60.0,2675.0
1514.033607,2,1,2,0,1,54.0,0.0
1514.046422,1,15,28,10,187,63.0,3675.0
1514.0464255,3,10,26,8,238,62.0,2570.0
1514.046438,5,23,18,4,109,56.0,950.094
1514.0464405,6,28,28,7,180,59.0,1730.0
1514.142142,2,12,28,12,223,62.0,4378.0
1514.142143,1,9,33,13,321,64.0,5602.0
1514.1421445,3,6,28,10,241,63.0,3906.0
1514.142154,5,23,23,6,145,57.0,1552.0
1514.2239435,6,2,1,0,3,48.0,12.234
1514.238007,1,6,28,9,182,62.0,3552.0
1514.2453785,6,1,2,0,1,46.0,0.0
1514.275664,1,1,1,0,1,51.0,0.0
1514.281893,1,6,3,0,7,54.0,121.47
1514.333883,2,9,26,12,224,63.0,4226.0
1514.3338905,6,35,34,10,272,60.0,2681.0
1514.4299465,3,6,26,8,238,61.0,2541.0
1514.429947,2,9,23,9,221,62.0,2725.0
1514.4299575,6,39,26,7,184,58.0,1670.0
1514.444549,5,2,3,0,7,56.0,77.158
1514.4445765,6,1,1,0,1,49.0,0.0
1514.525701,1,6,34,13,281,64.0,5583.0
1514.5257135,6,35,33,10,269,60.0,2678.0
1514.610631,1,2,2,0,2,52.0,12.963
1514.6339315,6,1,2,0,8,48.0,24.55
1514.633944,5,1,1,0,1,45.0,0.0
1514.7621085,6,1,1,0,1,45.0,0.0
1514.839108,1,1,2,0,6,52.0,33.472
1514.8391305,6,1,1,0,1,46.0,0.0
1514.839164,5,1,1,0,1,45.0,0.0
1514.8491395,6,3,5,1,28,65.0,895.187
1514.888339,1,2,6,1,59,58.0,282.629
1514.888366,5,2,3,0,32,50.0,68.131
1515.0203355,3,1,2,0,1,46.0,0.0
1515.020343,1,4,8,0,17,53.0,153.89
1515.059317,1,3,3,0,14,56.0,233.124
1515.1226585,3,1,1,0,4,49.0,18.325
1515.1226995,6,1,2,0,1,46.0,0.0
1515.218666,1,1,4,0,67,47.0,78.946
1515.236766,1,2,3,0,3,63.0,231.553
1515.2395145,6,2,4,1,28,61.0,422.519
1515.268,1,6,3,0,7,49.0,42.837
1515.2722985,6,1,1,0,1,45.0,0.0
1515.3517675,6,1,1,0,1,45.0,0.0
1515.361732,1,2,3,0,2,51.0,54.975
1515.3735405,6,1,2,0,4,55.0,42.819
1515.3767795,6,1,2,0,4,54.0,30.77
1515.4106935,6,2,1,0,3,49.0,32.445
1515.430151,5,1,5,0,31,54.0,75.358
1515.4301655,6,1,3,0,5,51.0,23.458
1515.4302195,3,1,1,0,1,45.0,0.0
1515.430223,1,1,2,0,4,47.0,8.565
1515.438563,1,1,2,0,1,47.0,0.0
1515.473066,1,1,1,0,1,48.0,0.0
1515.6092435,6,1,1,0,1,45.0,0.0
1515.6519905,6,1,2,0,5,48.0,12.189
1515.7613465,3,1,1,0,4,48.0,12.143
1515.80256,1,5,3,0,8,54.0,89.298
1515.8337705,3,1,1,0,1,45.0,0.0
1515.833781,5,2,2,0,3,47.0,17.357
1515.8338005,6,1,1,0,1,45.0,0.0
1515.848055,1,4,2,0,7,50.0,39.702
1515.8787355,6,8,2,0,9,52.0,78.129
1515.926355,1,1,4,0,7,53.0,60.009
1515.935663,5,2,5,0,12,56.0,148.244
1515.935757,1,1,1,0,1,47.0,0.0
1515.9418765,6,1,1,0,1,45.0,0.0
1515.94874,1,2,1,0,3,49.0,20.699
1515.9736565,6,1,1,0,1,46.0,0.0
1516.092401,5,1,1,0,1,47.0,0.0
1516.0944025,6,1,1,0,1,45.0,0.0
1516.1185135,6,1,1,0,1,45.0,0.0
1516.133799,1,2,1,0,3,54.0,48.086
1516.249349,1,1,2,0,1,47.0,0.0
1516.24936,5,1,4,0,4,52.0,13.316
1516.2493635,6,1,1,0,1,45.0,0.0
1516.275964,1,3,2,0,12,54.0,141.022
1516.293687,1,2,1,0,3,49.0,15.112
1516.337161,1,1,1,0,1,50.0,0.0
1516.396138,1,1,1,0,1,45.0,0.0
1516.4413585,6,1,1,0,5,48.0,14.081
1516.442302,5,1,1,0,1,48.0,0.0
1516.530177,1,1,1,0,1,45.0,0.0
1516.6313455,6,1,2,0,1,47.0,0.0
1516.650577,5,2,3,0,5,47.0,26.002
1516.9887285,6,2,5,0,25,61.0,322.12
1516.989664,1,12,26,9,185,62.0,3550.0
1516.989666,2,1,25,10,253,61.0,2938.0
1517.0387775,6,1,1,0,1,45.0,0.0
1517.065273,1,1,1,0,1,45.0,0.0
1517.0786275,6,1,1,0,1,46.0,0.0
1517.0854095,3,10,29,10,239,63.0,3916.0
1517.085422,5,23,19,5,131,58.0,1511.0
1517.181284,2,5,22,10,227,60.0,2898.0
1517.181296,5,42,18,4,111,56.0,971.728
1517.187924,5,1,1,0,1,49.0,0.0
1517.277103,1,15,31,12,223,65.0,5601.0
1517.2771065,3,10,29,10,242,63.0,3922.0
1517.277133,5,26,20,5,117,58.0,1504.0
1517.2838515,6,2,1,0,3,46.0,8.507
1517.293668,5,2,1,0,2,45.0,3.241
1517.3732,1,15,28,10,219,63.0,3663.0
1517.373202,2,8,23,8,170,60.0,2640.0
1517.382202,1,33,18,5,159,61.0,1507.0
1517.3822105,6,1,14,2,94,57.0,486.274
1517.4126775,6,1,1,0,1,48.0,0.0
1517.4689425,3,10,29,10,242,63.0,3913.0
1517.502966,1,1,1,0,1,45.0,0.0
1517.535334,1,1,2,0,1,50.0,0.0
1517.564686,1,15,27,10,219,63.0,3675.0
1517.5647045,6,28,30,7,196,58.0,1682.0
1517.564718,5,7,17,4,93,56.0,911.66
1517.568834,1,2,1,0,2,45.0,4.179
1517.659135,1,3,4,0,14,56.0,167.391
1517.660505,1,15,30,12,219,65.0,5606.0
1517.660507,2,11,28,13,259,62.0,4533.0
1517.707722,1,1,1,0,1,45.0,0.0
1517.7100555,6,2,4,0,17,61.0,582.334
1517.744501,1,2,3,0,7,57.0,130.304
1517.75784,1,3,4,0,7,54.0,127.257
1517.777008,2,1,1,0,1,50.0,0.0
1517.788175,1,3,19,10,161,75.0,13337.0
1517.8039015,3,1,1,0,1,46.0,0.0
1517.813337,1,2,1,0,2,45.0,7.169
1517.8374305,6,1,1,0,1,46.0,0.0
1517.861713,1,1,1,0,1,46.0,0.0
1517.874094,1,2,1,0,3,55.0,43.426
1517.876535,1,2,1,0,5,50.0,33.027
1517.936357,1,3,15,3,109,63.0,1189.0
1517.9363795,6,5,6,1,43,60.0,398.545
1517.9363815,3,1,3,0,87,48.0,81.643
1517.936385,5,1,10,1,71,50.0,205.36
1517.961833,1,2,1,0,2,45.0,8.402
1517.9632645,6,1,1,0,1,47.0,0.0
1518.027639,1,2,12,2,42,65.0,1325.0
1518.205189,1,2,3,0,2,53.0,34.589
1518.215037,4,2,3,0,41,50.0,93.525
1518.2150415,3,1,11,2,109,58.0,426.521
1518.217949,1,1,1,0,1,45.0,0.0
1518.28318,1,2,2,0,3,46.0,7.46
1518.299251,1,2,2,0,3,53.0,28.157
1518.3355765,6,1,1,0,1,45.0,0.0
1518.3647965,6,1,2,0,4,49.0,16.941
1518.3891805,6,2,1,0,2,45.0,13.8
1518.434153,1,2,1,0,2,48.0,6.886
1518.44492,1,1,5,0,33,48.0,77.278
1518.4449395,6,1,2,0,5,48.0,13.795
1518.445585,1,2,1,0,3,45.0,7.629
1518.5368295,6,1,1,0,1,47.0,0.0
1518.5554165,3,2,1,0,2,45.0,7.169
1518.613531,5,2,2,0,13,51.0,55.957
1518.6161005,6,1,2,0,1,45.0,0.0
1518.695798,5,2,2,0,2,47.0,9.497
1518.770282,5,1,4,0,6,48.0,20.346
1518.77288,1,4,3,0,7,55.0,113.518
1518.80567,1,3,1,0,4,50.0,32.885
1518.8880595,6,1,9,1,72,54.0,262.977
1518.88806,1,2,4,0,38,50.0,64.598
1518.888071,2,1,8,2,74,56.0,549.899
1518.8881015,3,2,2,0,41,47.0,58.721
1518.911222,5,7,30,10,252,64.0,4098.0
1518.911228,1,46,25,5,164,57.0,1127.0
1518.9112345,6,22,19,5,139,63.0,1515.0
1518.911236,4,6,5,1,44,56.0,257.325
1518.9112385,3,45,12,3,117,57.0,793.428
1518.9611955,6,1,1,0,1,45.0,0.0
1519.071784,2,2,2,0,2,53.0,31.093
1519.071827,1,1,4,0,4,49.0,10.418
1519.08509,5,2,1,0,2,47.0,6.26
1519.0850955,3,1,2,0,4,50.0,18.921
1519.2742755,6,2,3,0,15,56.0,180.139
1519.274294,1,41,6,1,49,52.0,157.332
1519.2922445,6,1,1,0,1,45.0,0.0
1519.326539,1,2,1,0,3,45.0,8.067
1519.371368,5,2,1,0,2,46.0,9.263
1519.415988,1,1,2,0,1,51.0,0.0
1519.522861,1,1,1,0,1,47.0,0.0
1519.741528,1,2,8,2,67,61.0,938.756
1519.7415495,3,1,1,0,1,47.0,0.0
1519.7415555,6,1,7,0,57,50.0,105.865
1519.7817425,6,1,1,0,1,48.0,0.0
1519.7988375,6,1,1,0,1,45.0,0.0
1519.833552,2,10,2,0,11,58.0,327.002
1519.8335585,3,1,1,0,1,45.0,0.0
1519.8335685,6,1,3,0,1,48.0,0.0
1519.833576,1,1,4,0,1,53.0,0.0
1519.836581,2,3,15,7,149,68.0,4521.0
1519.8365865,3,1,10,2,118,58.0,371.34
1519.836589,5,1,14,2,86,54.0,457.226
1519.836594,1,15,16,3,91,61.0,959.403
1519.8365965,6,13,12,2,87,56.0,534.138
1519.8604835,3,1,1,0,1,45.0,0.0
1519.860488,5,2,2,0,2,47.0,3.213
1519.8604895,6,3,3,0,12,50.0,35.906
1519.9423645,6,1,2,0,4,47.0,9.357
1519.9641335,6,1,1,0,1,45.0,0.0
1519.965771,2,1,1,0,1,50.0,0.0
1520.0217325,3,1,2,0,8,51.0,29.403
1520.021735,1,19,8,1,51,55.0,275.553
1520.0217685,6,1,4,0,31,49.0,88.06
1520.032497,2,9,25,9,222,61.0,2819.0
1520.057694,5,2,2,0,4,49.0,19.74
1520.128502,1,15,29,12,219,64.0,5552.0
1520.1285055,3,10,30,11,284,64.0,3917.0
1520.128506,2,9,28,13,254,63.0,4565.0
1520.128515,5,26,20,6,223,58.0,1615.0
1520.170512,5,12,3,0,13,48.0,43.776
1520.1705135,6,2,1,0,2,45.0,3.324
1520.224367,2,6,24,10,258,60.0,3040.0
1520.2243815,6,32,31,7,184,58.0,1750.0
1520.224396,5,23,17,4,111,57.0,951.671
1520.255258,1,2,1,0,3,48.0,10.523
1520.278706,5,36,7,0,39,51.0,154.619
1520.2787275,6,1,3,0,17,49.0,38.937
1520.27873,1,3,3,0,4,49.0,21.967
1520.320401,1,13,29,12,217,64.0,5472.0
1520.3204025,3,10,31,10,239,63.0,3891.0
1520.320403,2,9,29,13,264,63.0,4600.0
1520.3204135,6,32,37,10,271,60.0,2866.0
1520.416167,1,15,27,9,167,63.0,3571.0
1520.416171,2,6,25,10,261,60.0,3094.0
1520.4161855,6,32,31,7,184,58.0,1751.0
1520.4162,5,23,16,4,92,57.0,934.796
1520.4414225,6,2,3,0,16,54.0,96.483
1520.44614,1,2,29,24,254,81.0,58207.0
1520.446173,5,3,5,1,64,55.0,270.506
1520.446211,2,1,3,0,1,50.0,0.0
1520.497331,5,2,1,0,2,45.0,4.305
1520.511888,1,6,30,12,217,64.0,5465.0
1520.5118895,3,6,30,10,239,64.0,3875.0
1520.51189,2,9,30,13,257,63.0,4558.0
1520.5243375,6,2,3,1,24,65.0,676.508
1520.531976,1,2,1,0,5,52.0,52.456
1520.561251,1,2,3,0,5,52.0,53.438
1520.576633,1,2,10,3,64,65.0,2365.0
1520.6077505,3,6,24,8,194,62.0,2481.0
1520.6077615,6,32,31,7,184,58.0,1749.0
1520.607763,5,23,18,4,105,56.0,975.003
1520.611121,1,1,1,0,1,47.0,0.0
1520.680779,1,2,1,0,2,45.0,5.064
1520.703591,2,9,29,13,264,63.0,4541.0
1520.7036015,6,32,36,10,247,60.0,2853.0
1520.748544,5,1,3,0,1,50.0,0.0
1520.777416,1,1,1,0,1,50.0,0.0
1520.8025355,3,2,6,1,87,56.0,240.57
1520.802542,2,1,10,3,104,57.0,729.065
1520.802543,1,6,8,1,67,51.0,189.208
1520.805738,2,1,3,0,6,55.0,74.548
1520.860412,1,1,2,0,1,49.0,0.0
1520.9126265,6,1,1,0,1,45.0,0.0
1520.9336545,6,1,1,0,1,46.0,0.0
1520.940711,1,3,3,0,4,49.0,22.586
1520.9407375,6,1,1,0,1,45.0,0.0
1520.9549925,6,1,1,0,4,52.0,20.649
1520.9955475,3,1,1,0,1,46.0,0.0
1520.995558,5,2,3,0,2,50.0,9.877
1520.9955635,6,1,4,0,39,48.0,83.851
1521.0274395,6,6,16,3,141,59.0,778.468
1521.0274465,3,1,7,0,30,48.0,61.863
1521.027447,1,9,13,2,114,56.0,505.193
1521.027499,4,1,2,0,1,47.0,0.0
1521.163411,5,2,1,0,2,45.0,3.813
1521.259332,2,2,2,0,4,53.0,70.922
1521.259353,5,1,9,1,64,51.0,199.417
1521.259358,1,2,3,0,3,53.0,31.319
1521.3297935,3,1,1,0,1,45.0,0.0
1521.329807,5,1,1,0,1,45.0,0.0
1521.329816,1,1,1,0,1,45.0,0.0
1521.3298375,6,1,1,0,1,45.0,0.0
1521.332206,1,2,4,0,24,55.0,179.394
1521.346076,1,2,4,0,39,54.0,163.203
1521.361231,1,2,1,0,4,47.0,25.15
1521.36234,1,2,1,0,2,45.0,3.435
1521.376694,1,6,6,1,41,60.0,609.309
1521.378595,1,4,2,0,5,51.0,41.764
1521.400763,1,1,1,0,1,46.0,0.0
1521.413749,1,1,2,0,7,56.0,88.032
1521.4437885,3,2,1,0,4,55.0,62.239
1521.5509865,6,1,1,0,1,45.0,0.0
1521.556879,5,2,30,34,356,84.0,130318.0
1521.556949,1,1,2,0,1,53.0,0.0
1521.583079,1,2,1,0,3,49.0,16.191
1521.6285035,6,1,1,0,1,46.0,0.0
1521.6934445,6,2,1,0,5,46.0,52.173
1521.7289385,6,1,1,0,1,47.0,0.0
1521.788646,1,2,2,0,2,51.0,7.541
1521.7934355,6,1,6,2,24,69.0,1535.0
1521.854287,5,3,7,1,20,61.0,944.915
1521.881164,5,1,1,0,1,45.0,0.0
1521.881807,1,1,1,0,4,47.0,10.723
1521.88879,5,5,3,0,6,53.0,62.837
1521.9144795,6,1,1,0,1,45.0,0.0
1521.9403335,6,1,1,0,1,45.0,0.0
1521.9405285,3,1,1,0,1,45.0,0.0
1522.0207055,6,1,1,0,1,45.0,0.0
1522.022643,1,2,5,0,45,54.0,175.198
1522.0418675,3,2,1,0,2,46.0,4.529
1522.191185,1,1,1,0,1,49.0,0.0
1522.194128,5,3,2,0,5,49.0,26.56
1522.297307,1,1,2,0,1,53.0,0.0
1522.3746955,6,1,1,0,1,45.0,0.0
1522.417969,1,2,1,0,2,47.0,5.064
1522.442909,5,1,2,0,7,46.0,19.126
1522.4786525,6,1,1,0,1,45.0,0.0
1522.506826,1,1,1,0,1,45.0,0.0
1522.611724,1,1,2,0,1,45.0,0.0
1522.6954245,6,1,2,0,25,52.0,62.262
1522.7498935,6,1,2,0,1,50.0,0.0
1522.793475,1,2,1,0,2,45.0,8.535
1522.8321345,6,2,2,0,2,48.0,16.717
1523.060221,5,2,6,0,12,55.0,223.263
1523.0602295,6,1,4,0,20,50.0,68.437
1523.060275,1,2,2,0,3,47.0,11.667
1523.065985,2,5,25,10,232,62.0,3167.0
1523.065986,1,6,26,9,217,62.0,3575.0
1523.0736655,6,2,1,0,2,45.0,4.562
1523.162537,2,8,30,13,254,62.0,4699.0
1523.1625385,3,10,27,10,198,63.0,3808.0
1523.162551,5,40,22,7,224,59.0,1645.0
1523.258599,2,1,24,9,226,61.0,2894.0
1523.2586095,6,32,31,8,227,57.0,1916.0
1523.270049,5,3,5,0,16,56.0,282.753
1523.2772585,6,1,1,0,4,50.0,21.143
1523.2772955,3,1,1,0,1,47.0,0.0
1523.2853975,6,2,2,0,10,58.0,166.979
1523.355465,2,8,29,13,267,62.0,4670.0
1523.382588,1,2,1,0,3,54.0,34.191
1523.4512325,3,10,22,8,195,61.0,2479.0
1523.451262,5,23,19,4,146,57.0,1003.0
1523.5142665,6,1,1,0,1,45.0,0.0
1523.547011,2,8,29,13,264,62.0,4765.0
1523.5470245,6,35,36,10,227,59.0,2954.0
1523.6428585,3,10,24,8,191,62.0,2457.0
1523.6428735,6,1,32,7,212,58.0,1889.0
1523.705176,5,6,41,14,269,67.0,5532.0
1523.705184,4,4,5,1,62,56.0,260.25
1523.7051845,6,3,37,13,270,66.0,6050.0
1523.7051895,3,12,19,7,204,59.0,1755.0
1523.738701,1,15,31,12,220,64.0,5621.0
1523.7387045,3,10,27,10,198,63.0,3797.0
1523.7387155,6,32,35,11,276,59.0,3036.0
1523.738717,5,40,23,7,221,58.0,1641.0
1523.775385,5,1,1,0,1,48.0,0.0
1523.797606,1,2,1,0,3,47.0,8.871
1523.862877,1,42,10,1,61,52.0,243.035
1523.862888,5,3,10,2,71,54.0,447.733
1523.8628885,3,5,3,0,14,53.0,116.414
1523.9034215,6,1,1,0,1,49.0,0.0
1523.909605,1,1,4,0,28,49.0,54.446
1523.928796,1,1,4,0,7,50.0,35.407
1523.9288065,3,1,1,0,1,48.0,0.0
1523.9288095,6,1,4,0,13,50.0,41.92
1523.931473,1,1,1,0,1,47.0,0.0
1523.981514,1,2,3,0,7,51.0,56.188
1523.985084,1,38,15,3,111,56.0,852.375
1523.9850885,3,2,5,0,21,54.0,166.758
1523.985094,2,2,8,2,84,54.0,445.06
1523.985106,5,6,10,2,73,59.0,711.925
1524.092282,1,2,2,0,7,53.0,84.309
1524.148034,1,2,1,0,3,50.0,14.275
1524.1600625,3,2,1,0,2,45.0,8.535
1524.184783,1,2,1,0,3,48.0,9.134
1524.185355,1,2,8,3,64,67.0,2020.0
1524.185858,5,2,1,0,6,49.0,43.49
1524.2006985,6,1,1,0,1,45.0,0.0
1524.201136,5,2,1,0,2,48.0,3.213
1524.350163,1,195,10,1,198,56.0,213.19
1524.353571,1,4,5,1,37,56.0,252.085
1524.354526,1,1,1,0,1,45.0,0.0
1524.360043,1,4,40,86,420,91.0,671235.0
1524.3600605,3,13,25,7,198,65.0,2774.0
1524.36007,5,36,29,8,210,62.0,2959.0
1524.3600795,6,2,25,6,152,63.0,2224.0
1524.39211,1,3,4,0,32,54.0,185.381
1524.431449,5,2,1,0,2,51.0,16.967
1524.46167,1,2,4,1,41,60.0,499.111
1524.504026,1,2,2,0,9,58.0,130.112
1524.535146,1,3,3,0,38,55.0,164.745
1524.561959,5,2,7,1,105,58.0,278.763
1524.56198,1,1,1,0,1,45.0,0.0
1524.5619815,6,1,3,0,13,54.0,62.241
1524.5619905,3,1,1,0,1,45.0,0.0
1524.562005,2,2,1,0,3,51.0,24.937
1524.598165,1,3,5,0,11,56.0,177.148
1524.676657,5,6,17,1,36,59.0,463.963
1524.6766835,3,1,4,0,38,52.0,136.413
1524.676689,2,1,2,0,1,51.0,0.0
1524.676691,1,1,5,1,57,52.0,173.559
1524.705245,5,1,4,0,38,48.0,96.842
1524.7052505,6,2,1,0,8,51.0,56.649
1524.705294,1,1,1,0,1,48.0,0.0
1524.73063,5,1,3,0,19,50.0,40.672
1524.73783,5,3,5,0,10,54.0,98.265
1524.743873,1,3,4,0,37,56.0,175.759
1524.767046,5,3,4,0,4,48.0,25.42
1524.9088105,3,2,1,0,2,45.0,9.45
1524.910876,1,2,2,0,3,54.0,52.244
1524.9117315,6,2,1,0,3,49.0,12.04
1525.0394505,6,2,2,0,6,54.0,64.563
1525.053134,1,3,4,0,7,52.0,90.926
1525.057764,2,1,4,0,1,56.0,0.0
1525.057774,1,3,8,1,61,56.0,488.525
1525.0577765,6,1,6,1,71,50.0,120.552
1525.077187,5,2,12,8,86,73.0,9834.0
1525.2256625,6,1,1,0,1,48.0,0.0
1525.248456,5,2,7,2,22,65.0,1506.0
1525.310704,5,4,4,0,15,54.0,186.257
1525.3107085,6,1,2,0,5,51.0,20.146
1525.339667,1,3,3,0,11,57.0,199.034
1525.344879,1,3,2,0,6,50.0,38.686
1525.3522105,6,1,1,0,1,45.0,0.0
1525.4364875,6,1,2,0,1,48.0,0.0
1525.437802,5,2,3,0,5,50.0,29.152
1525.5028595,6,1,2,0,1,47.0,0.0
1525.523378,1,1,1,0,10,49.0,25.901
1525.590715,1,3,4,0,39,57.0,304.767
1525.6688965,6,1,4,0,10,48.0,29.552
1525.763688,5,2,2,0,6,49.0,25.508
1525.7662735,6,1,2,0,5,48.0,16.104
1525.767899,1,1,5,1,45,52.0,152.677
1525.7679065,6,1,1,0,1,45.0,0.0
1525.7679225,3,1,1,0,1,45.0,0.0
1525.7967045,6,1,2,0,1,47.0,0.0
1525.835355,1,2,3,0,3,56.0,47.25
1525.8960355,6,1,1,0,5,50.0,27.909
1526.027579,1,1,2,0,1,52.0,0.0
1526.093513,5,2,1,0,2,45.0,3.579
1526.118223,5,2,2,0,2,46.0,4.055
1526.1198735,3,10,24,8,195,61.0,2480.0
1526.1198885,6,118,31,8,216,58.0,1936.0
1526.119903,5,1,21,4,146,57.0,1036.0
1526.140246,1,23,33,16,299,69.0,10518.0
1526.140246,5,30,45,17,189,68.0,10402.0
1526.140248,2,8,30,16,198,71.0,10734.0
1526.140252,4,2,6,1,82,49.0,195.689
1526.1943825,6,1,2,0,4,50.0,18.606
1526.212549,5,4,2,0,5,50.0,26.533
1526.216737,1,13,32,12,214,64.0,5491.0
1526.2167385,3,6,25,10,198,63.0,3801.0
1526.216739,2,9,27,12,262,63.0,4438.0
1526.241774,5,4,4,0,5,48.0,24.485
1526.268962,1,2,4,0,28,56.0,135.218
1526.2689665,3,1,2,0,4,50.0,20.149
1526.2689905,6,1,4,0,7,52.0,40.268
1526.2831065,6,3,2,0,4,48.0,15.694
1526.283108,5,1,1,0,1,46.0,0.0
1526.3040645,6,1,2,0,4,51.0,28.322
1526.309581,1,2,5,0,10,55.0,216.706
1526.312809,2,5,23,9,226,60.0,2956.0
1526.3128225,6,121,31,8,222,57.0,1956.0
1526.3638315,6,2,1,0,2,45.0,9.125
1526.3708775,6,2,2,0,7,56.0,112.169
1526.4096745,3,11,27,10,199,63.0,3813.0
1526.409685,5,57,25,7,224,58.0,1734.0
1526.4096865,6,121,34,10,228,59.0,3014.0
1526.423422,5,1,1,0,1,45.0,0.0
1526.443276,1,2,2,0,2,54.0,35.401
1526.486652,5,3,5,0,13,51.0,78.18
1526.4866585,6,2,2,0,11,52.0,70.141
1526.5010345,6,1,2,0,4,45.0,8.48
1526.50104,1,2,4,0,10,50.0,38.889
1526.5054235,3,6,23,8,195,61.0,2479.0
1526.505424,2,12,22,9,223,61.0,2805.0
1526.5083415,6,2,3,0,44,49.0,91.691
1526.508369,1,11,6,1,100,49.0,135.902
1526.5093685,6,1,3,0,52,50.0,78.076
1526.509377,5,2,4,0,34,50.0,75.476
1526.524127,1,2,1,0,2,45.0,4.4
1526.543973,1,1,4,0,12,52.0,45.163
1526.544018,5,2,3,0,6,47.0,21.192
1526.5440285,6,1,2,0,6,47.0,11.749
1526.551373,5,5,2,0,6,53.0,77.131
1526.5603125,3,1,3,0,10,51.0,65.812
1526.560346,1,2,4,0,36,48.0,58.335
1526.5733045,6,1,1,0,1,48.0,0.0
1526.596018,1,1,1,0,1,49.0,0.0
1526.601187,1,6,34,12,214,64.0,5477.0
1526.601189,2,1,26,12,262,62.0,4410.0
1526.601198,5,43,23,7,224,58.0,1752.0
1526.6011995,6,32,34,10,219,59.0,2973.0
1526.646601,1,1,1,0,1,45.0,0.0
1526.670839,1,1,10,1,40,55.0,251.755
1526.6708535,3,1,2,0,7,51.0,36.932
1526.696937,1,13,30,9,156,62.0,3501.0
1526.6969385,3,10,23,8,198,62.0,2469.0
1526.6969495,6,29,30,8,211,57.0,1926.0
1526.696951,5,40,20,5,163,57.0,1078.0
1526.7144055,6,1,1,0,11,48.0,18.674
1526.714414,5,2,2,0,3,53.0,18.157
1526.7144175,3,1,1,0,1,45.0,0.0
1526.776071,1,2,1,0,3,47.0,9.387
1526.7883965,6,2,6,1,30,62.0,570.964
1526.78843,1,1,2,0,1,48.0,0.0
1526.793597,1,12,34,13,251,64.0,5630.0
1526.793599,2,5,24,11,229,62.0,4276.0
1526.797756,5,2,1,0,2,51.0,10.264
1526.8379295,6,2,4,1,25,62.0,568.509
1526.837952,5,1,2,0,26,46.0,30.689
1526.837966,1,1,2,0,6,50.0,22.174
1526.8379795,3,1,1,0,1,45.0,0.0
1526.888058,1,2,1,0,3,50.0,14.249
1526.987721,1,3,3,0,30,51.0,70.711
1527.00362,1,1,1,0,1,45.0,0.0
1527.007606,1,1,1,0,1,45.0,0.0
1527.026332,1,1,1,0,6,48.0,13.809
1527.158257,1,2,1,0,3,45.0,8.051
1527.1852785,6,11,2,0,14,51.0,89.057
1527.306833,1,2,3,0,2,51.0,15.493
1527.3185175,3,1,4,1,76,53.0,139.036
1527.318528,1,11,18,4,130,63.0,1423.0
1527.3185295,6,1,12,2,105,54.0,430.695
1527.348489,1,2,2,0,2,48.0,10.659
1527.3556505,3,1,3,0,16,52.0,58.192
1527.355657,2,2,8,1,30,62.0,727.177
1527.355664,5,2,6,1,42,54.0,209.882
1527.355668,1,3,13,3,120,63.0,940.678
1527.4022,1,1,1,0,1,47.0,0.0
1527.4318495,6,1,1,0,1,47.0,0.0
1527.460778,5,6,4,0,7,51.0,62.342
1527.4684435,6,1,1,0,1,45.0,0.0
1527.542065,1,1,1,0,1,45.0,0.0
1527.602785,5,1,1,0,1,45.0,0.0
1527.664064,1,1,2,0,1,47.0,0.0
1527.771125,2,2,1,0,7,52.0,69.116
1527.771144,1,2,1,0,2,45.0,3.933
1527.7822245,3,1,1,0,1,45.0,0.0
1527.782227,2,2,2,0,3,52.0,46.058
1527.782239,5,2,1,0,3,54.0,35.238
1527.782249,1,1,1,0,1,50.0,0.0
1527.7822645,6,1,2,0,8,49.0,36.014
1527.797537,1,1,1,0,1,48.0,0.0
1527.8168375,6,1,20,5,179,61.0,1115.0
1527.816844,5,6,15,4,108,64.0,1690.0
1527.816853,1,39,18,4,189,56.0,822.424
1527.816859,2,1,8,2,77,55.0,591.785
1527.8168665,3,18,10,2,102,55.0,476.024
1527.9167595,6,2,4,2,27,67.0,1466.0
1527.9994925,6,1,1,0,1,48.0,0.0
1528.008878,1,2,2,0,5,50.0,39.752
1528.0325225,6,1,1,0,1,45.0,0.0
1528.20284,2,1,3,0,1,53.0,0.0
1528.202844,5,2,1,1,40,52.0,180.715
1528.2028565,6,1,3,0,10,51.0,34.998
1528.202866,1,1,7,1,59,54.0,189.303
1528.2472095,6,1,4,1,85,47.0,88.414
1528.2807185,6,20,12,2,112,56.0,463.563
1528.280728,5,6,11,2,87,56.0,478.107
1528.280736,1,1,6,0,1,48.0,0.0
1528.2807445,3,1,5,0,13,49.0,45.294
1528.2815185,6,1,3,0,7,46.0,13.821
1528.343232,1,2,13,4,114,64.0,1963.0
1528.343259,5,27,12,1,79,53.0,189.62
1528.3510905,6,2,1,0,2,46.0,14.547
1528.364949,1,1,2,0,1,51.0,0.0
1528.367369,1,2,1,0,5,49.0,32.154
1528.3694185,6,1,2,0,4,50.0,16.997
1528.369441,5,1,1,0,1,48.0,0.0
1528.461513,1,1,1,0,1,45.0,0.0
1528.4833505,6,2,1,0,3,51.0,21.827
1528.4987375,6,18,13,4,192,60.0,762.707
1528.498753,1,65,17,4,161,55.0,693.074
1528.4987545,3,13,8,2,104,55.0,335.602
1528.515421,1,1,1,0,1,45.0,0.0
1528.519638,1,3,5,0,34,57.0,263.655
1528.549951,5,1,3,0,1,51.0,0.0
1528.5499555,6,1,2,0,4,50.0,18.539
1528.64312,1,1,4,0,20,53.0,121.979
1528.644258,2,1,1,0,1,50.0,0.0
1528.659813,1,5,17,9,142,71.0,8891.0
1528.6803105,6,2,1,0,2,45.0,5.52
1528.7253415,3,2,1,0,2,45.0,6.222
1528.739856,2,14,5,0,15,55.0,157.643
1528.739869,1,2,7,1,37,58.0,373.162
1528.7398715,6,10,8,1,68,51.0,162.567
1528.8324455,6,1,2,0,5,50.0,20.802
1528.832449,1,1,2,0,1,47.0,0.0
1528.897678,5,2,1,0,17,48.0,43.242
1528.8976805,6,1,2,0,10,50.0,36.808
1528.897788,1,6,9,2,41,63.0,1291.0
1528.9098725,6,1,1,0,1,45.0,0.0
1528.9223915,6,2,4,0,13,52.0,32.869
1528.922401,5,2,16,3,94,55.0,583.716
1528.922435,2,1,1,0,1,53.0,0.0
1528.922447,1,2,1,0,3,48.0,11.308
1528.930739,1,2,4,0,3,53.0,38.523
1528.9322595,6,1,2,0,1,48.0,0.0
1528.932285,5,1,2,0,1,47.0,0.0
1528.9322865,3,1,1,0,1,45.0,0.0
1529.012655,1,3,3,0,11,60.0,433.599
1529.0137795,6,2,2,0,2,48.0,13.857
1529.0415725,3,1,1,0,1,45.0,0.0
1529.0917025,3,1,1,0,1,45.0,0.0
1529.124676,1,1,2,0,1,49.0,0.0
1529.130848,1,2,1,0,3,48.0,10.281
1529.161403,5,3,3,0,7,52.0,77.263
1529.18909,1,3,35,27,171,83.0,83440.0
1529.1891105,3,5,5,0,11,56.0,156.552
1529.189113,2,1,11,1,38,57.0,609.223
1529.189127,5,1,8,1,71,54.0,251.407
1529.1891285,6,1,6,0,8,54.0,51.666
1529.195573,1,1,2,0,1,49.0,0.0
1529.203908,1,13,30,9,156,62.0,3395.0
1529.2039095,3,10,24,8,195,61.0,2434.0
1529.20391,2,9,18,7,152,61.0,2659.0
1529.203922,5,40,22,5,160,57.0,1107.0
1529.250318,5,3,4,0,14,48.0,63.935
1529.2503345,6,1,3,0,52,52.0,76.31
1529.2503365,3,1,2,0,1,47.0,0.0
1529.300738,2,8,21,10,165,62.0,4117.0
1529.3007395,3,7,28,10,199,63.0,3766.0
1529.326724,1,48,5,1,51,49.0,115.942
1529.3267425,3,2,1,0,3,45.0,6.996
1529.3267445,6,1,3,0,26,47.0,42.69
1529.32675,5,1,6,1,56,49.0,138.491
1529.3268,2,1,2,0,1,51.0,0.0
1529.391477,1,1,10,2,100,54.0,277.432
1529.39149,2,6,4,0,11,56.0,189.813
1529.3915025,6,2,4,1,65,49.0,103.557
1529.396892,2,1,19,7,152,61.0,2496.0
1529.3969025,6,32,31,8,223,57.0,1860.0
1529.442228,2,1,2,0,1,54.0,0.0
1529.4422305,3,1,1,0,4,49.0,15.246
1529.4422365,6,1,3,1,71,49.0,91.63
1529.442239,1,11,8,1,38,55.0,221.358
1529.442241,5,2,2,0,10,46.0,30.351
1529.472427,2,1,2,0,1,52.0,0.0
1529.489499,1,4,3,0,9,57.0,265.286
1529.492606,1,15,34,13,251,64.0,5428.0
1529.4926205,6,122,35,10,230,59.0,2880.0
1529.5019035,6,1,1,0,1,46.0,0.0
1529.501929,5,2,2,0,2,50.0,4.826
1529.523331,1,1,1,0,1,45.0,0.0
1529.5884135,3,10,24,8,195,62.0,2459.0
1529.588414,2,9,19,7,159,61.0,2530.0
1529.5884245,6,122,31,7,212,57.0,1807.0
1529.588426,5,1,22,5,206,57.0,1169.0
1529.6273395,6,1,2,0,7,49.0,18.439
1529.6471815,6,1,1,0,1,45.0,0.0
1529.656238,5,2,2,0,3,48.0,10.179
1529.658076,1,1,1,0,1,46.0,0.0
1529.684123,1,15,35,13,251,64.0,5436.0
1529.6841265,3,10,29,10,199,63.0,3755.0
1529.755769,1,1,1,0,1,47.0,0.0
1529.7799855,3,10,24,8,195,61.0,2434.0
1529.779995,5,58,23,5,197,57.0,1160.0
1529.7800005,6,118,30,8,223,57.0,1856.0
1529.7905365,6,2,1,0,3,48.0,16.151
1529.8367535,6,1,1,0,1,45.0,0.0
1529.875847,1,15,35,13,290,64.0,5469.0
1529.875857,5,61,31,7,222,58.0,1837.0
1529.8758625,6,35,35,10,263,58.0,2887.0
1529.8810655,3,1,1,0,1,45.0,0.0
1529.8821155,3,1,1,0,1,45.0,0.0
1529.89925,5,2,1,0,2,47.0,11.01
1529.922999,1,5,23,17,129,79.0,44719.0
1529.92302,2,2,4,0,3,56.0,52.405
1529.9230235,3,2,3,0,11,56.0,146.164
1529.923034,5,2,7,0,32,56.0,186.893
1529.9230365,6,2,5,0,42,54.0,83.893
1529.953084,5,2,2,0,2,49.0,20.948
1529.9817865,3,1,2,0,4,49.0,7.725
1529.9817895,6,11,8,2,92,59.0,578.859
1529.981809,1,3,9,1,66,51.0,224.34
1529.981828,2,1,5,1,34,54.0,189.434
1530.000058,1,1,1,0,1,45.0,0.0
1530.072564,1,2,1,0,3,47.0,13.295
1530.1531955,6,2,1,0,3,48.0,9.017
1530.1588815,6,1,1,0,1,45.0,0.0
1530.191337,5,2,1,0,2,45.0,7.499
1530.193104,5,2,1,0,2,47.0,4.179
1530.194076,1,2,5,0,3,53.0,36.805
1530.194097,5,1,2,0,1,47.0,0.0
1530.232949,1,2,4,0,35,56.0,164.338
1530.234308,1,1,3,0,1,52.0,0.0
1530.2576855,6,2,1,0,3,46.0,7.46
1530.273656,1,4,1,0,5,48.0,40.646
1530.364983,1,2,1,0,3,56.0,55.511
1530.393168,1,2,1,0,3,49.0,14.19
1530.427327,1,4,3,0,37,53.0,169.84
1530.537788,5,1,1,0,1,49.0,0.0
1530.5631145,3,1,1,0,1,45.0,0.0
1530.563132,1,1,1,0,1,48.0,0.0
1530.5971475,6,1,1,0,5,47.0,13.653
1530.612729,1,4,4,0,39,57.0,215.138
1530.62708,1,1,2,0,1,50.0,0.0
1530.680415,5,1,3,0,1,52.0,0.0
1530.6982185,6,2,1,0,2,45.0,7.374
1530.7112255,6,1,1,0,1,45.0,0.0
1530.7189365,6,1,2,0,1,47.0,0.0
1530.7738795,6,1,3,0,6,55.0,54.963
1530.799819,1,2,1,0,2,45.0,3.435
1530.8077365,6,1,1,0,1,46.0,0.0
1530.865673,5,1,5,0,18,49.0,68.066
1530.9105815,3,1,1,0,1,45.0,0.0
1530.9106265,6,1,1,0,1,45.0,0.0
1530.9253685,6,2,4,0,10,50.0,51.563
1530.943909,1,4,1,0,5,48.0,26.838
1531.0056505,6,2,2,0,10,52.0,52.733
1531.005716,1,1,1,0,1,45.0,0.0
1531.019119,1,1,2,0,4,48.0,7.656
1531.019979,2,2,3,0,18,57.0,288.457
1531.01998,1,2,2,0,3,53.0,26.12
1531.0258105,6,2,1,0,3,46.0,7.852
1531.063506,1,1,1,0,1,47.0,0.0
1531.06627,1,1,1,0,1,45.0,0.0
1531.0962135,6,1,1,0,1,45.0,0.0
1531.115526,1,2,1,0,12,48.0,26.002
1531.155123,1,3,2,0,8,52.0,75.743
1531.1777305,6,1,2,0,5,54.0,55.765
1531.18192,1,2,9,3,64,65.0,2280.0
1531.202938,1,1,3,0,1,50.0,0.0
1531.225765,1,1,1,0,1,45.0,0.0
1531.247791,1,1,5,0,33,56.0,128.01
1531.249519,1,2,1,0,2,51.0,15.194
1531.2503865,6,1,2,0,9,49.0,26.432
1531.250392,5,3,4,0,13,48.0,50.128
1531.250426,1,1,1,0,1,45.0,0.0
1531.268684,1,1,1,0,1,45.0,0.0
1531.315638,1,2,1,0,2,45.0,3.464
1531.3245895,3,1,1,0,1,45.0,0.0
1531.327175,5,2,3,0,4,50.0,37.112
1531.3955075,3,1,1,0,5,47.0,11.452
1531.395531,1,2,3,0,5,52.0,38.263
1531.4295525,6,1,1,0,1,45.0,0.0
1531.4405465,3,1,7,1,117,49.0,169.056
1531.440552,2,1,8,2,71,54.0,638.685
1531.440553,1,9,10,1,62,56.0,367.948
1531.4405725,6,1,11,2,119,51.0,256.681
1531.4496755,6,11,5,0,16,51.0,51.67
1531.449699,1,1,4,0,42,52.0,105.804
1531.4497075,3,1,2,0,9,50.0,38.424
1531.461316,2,1,5,0,12,56.0,232.297
1531.48493,1,4,3,0,5,51.0,37.013
1531.519583,5,1,4,0,28,54.0,149.572
1531.5196045,6,1,2,0,1,49.0,0.0
1531.542005,1,1,2,0,1,50.0,0.0
1531.549248,1,1,1,0,1,45.0,0.0
1531.625361,1,1,1,0,1,47.0,0.0
1531.639411,5,1,3,0,1,48.0,0.0
1531.6394335,6,2,1,0,2,45.0,4.562
1531.6497335,3,1,2,0,1,45.0,0.0
1531.649738,2,2,3,1,51,59.0,417.143
1531.760001,5,2,3,0,6,55.0,83.084
1531.7600175,6,1,3,0,7,51.0,45.565
1531.788523,1,1,2,0,1,47.0,0.0
1531.7955,1,6,6,0,7,50.0,36.108
1531.7955285,6,1,3,0,1,49.0,0.0
1531.800837,1,3,3,0,8,56.0,216.235
1531.839256,1,1,1,0,1,45.0,0.0
1531.8527235,3,3,5,1,106,55.0,266.049
1531.852728,1,7,17,5,184,58.0,936.412
1531.8527545,6,1,12,3,134,56.0,545.518
1531.8587565,6,1,2,0,1,47.0,0.0
1531.8625295,6,1,1,0,1,45.0,0.0
1531.8922875,3,1,1,0,1,45.0,0.0
1531.897278,5,5,3,0,8,52.0,67.796
1531.8978535,6,1,1,0,1,45.0,0.0
1531.9240695,6,1,1,0,1,45.0,0.0
1531.936936,5,2,5,0,18,55.0,161.782
1531.948095,1,2,2,0,25,61.0,320.446
1531.9528995,6,2,2,0,2,48.0,13.574
1532.000059,5,1,3,0,1,45.0,0.0
1532.018823,1,1,1,0,1,45.0,0.0
1532.0748655,6,1,1,0,1,46.0,0.0
1532.1260215,3,1,1,0,1,45.0,0.0
1532.126029,5,1,6,0,1,49.0,0.0
1532.132959,1,1,1,0,1,48.0,0.0
1532.1417455,6,1,1,0,1,49.0,0.0
1532.2115325,6,1,2,0,5,49.0,16.897
1532.2445195,6,1,7,0,28,50.0,87.403
1532.244563,1,1,2,0,1,48.0,0.0
1532.319506,1,195,47,13,397,62.0,3777.0
1532.3195305,6,206,42,10,401,57.0,1971.0
1532.363952,1,1,1,0,1,45.0,0.0
1532.415735,1,15,36,12,294,63.0,4934.0
1532.415737,2,8,21,9,162,62.0,3822.0
1532.415749,5,43,28,7,212,58.0,1832.0
1532.438746,1,21,4,0,25,52.0,125.034
1532.4387715,6,1,4,0,4,49.0,10.481
1532.455686,5,19,6,0,22,51.0,131.768
1532.4557075,6,1,1,0,1,45.0,0.0
1532.459449,5,2,3,1,66,49.0,132.076
1532.4594515,3,1,1,0,1,45.0,0.0
1532.459462,1,1,4,0,1,50.0,0.0
1532.4594735,6,1,3,0,1,49.0,0.0
1532.459476,2,2,3,0,3,55.0,48.39
1532.4811705,6,1,1,0,1,45.0,0.0
1532.488955,1,1,5,0,23,54.0,80.127
1532.4889625,3,1,3,0,14,51.0,86.486
1532.4889745,6,1,4,0,41,51.0,85.92
1532.488991,5,2,4,0,18,49.0,44.658
1532.5116,1,13,30,9,212,62.0,3084.0
1532.5116015,3,10,25,8,196,62.0,2388.0
1532.511602,2,9,16,7,146,61.0,2304.0
1532.5207415,6,9,9,2,40,65.0,2571.0
1532.520771,5,9,7,1,25,53.0,217.323
1532.5207835,3,1,1,0,1,46.0,0.0
1532.520811,1,1,2,0,1,47.0,0.0
1532.5749175,6,1,1,0,1,45.0,0.0
1532.5758,5,1,9,1,87,52.0,135.999
1532.5758015,3,1,5,0,11,54.0,117.271
1532.575806,1,51,10,1,91,52.0,216.202
1532.575831,2,1,3,0,1,52.0,0.0
1532.586364,1,1,1,0,1,48.0,0.0
1532.593139,1,1,1,0,1,45.0,0.0
1532.594251,1,4,3,0,37,55.0,266.944
1532.607644,2,8,20,9,158,62.0,3900.0
1532.6076455,3,7,27,10,200,63.0,3663.0
1532.607656,5,43,29,7,209,59.0,1816.0
1532.614112,1,2,4,0,5,57.0,93.43
1532.649508,1,2,3,0,3,48.0,13.351
1532.703432,1,15,30,8,167,62.0,3061.0
1532.703465,5,1,24,5,190,56.0,1149.0
1532.705254,5,2,3,0,16,50.0,63.783
1532.721588,5,1,4,0,1,50.0,0.0
1532.7374025,3,2,2,0,3,51.0,18.593
1532.737415,1,1,8,0,22,56.0,245.503
1532.7374235,6,1,11,1,59,54.0,238.814
1532.760137,1,2,6,1,37,62.0,997.095
1532.763771,1,4,2,0,5,51.0,50.105
1532.7802225,3,1,2,0,5,48.0,19.451
1532.799132,2,8,21,9,157,62.0,3833.0
1532.7991325,3,7,27,10,200,63.0,3651.0
1532.7991445,6,32,38,10,252,58.0,2490.0
1532.804666,1,2,1,0,3,45.0,6.705
1532.8296185,6,1,1,0,1,45.0,0.0
1532.837936,1,1,2,0,1,50.0,0.0
1532.844959,5,1,1,0,1,45.0,0.0
1532.894965,1,13,30,8,162,62.0,2959.0
1532.894967,2,9,17,7,159,61.0,2490.0
1532.8949775,6,36,32,7,231,57.0,1579.0
1532.894979,5,55,25,5,207,56.0,1179.0
1532.9016995,6,1,3,0,14,55.0,92.052
1532.901721,1,1,2,0,1,49.0,0.0
1532.990822,1,6,34,12,252,63.0,4643.0
1532.9908235,3,6,28,10,199,63.0,3642.0
1532.990824,2,9,19,9,159,63.0,3801.0
1532.990833,5,43,30,7,219,59.0,1838.0
1533.0106025,6,1,1,0,1,45.0,0.0
1533.0158715,6,1,2,0,4,48.0,12.244
1533.0159055,3,1,1,0,1,45.0,0.0
1533.0365295,6,1,4,0,7,53.0,50.941
1533.0479395,6,2,2,1,21,58.0,383.633
1533.06145,5,8,9,1,24,53.0,283.478
1533.100641,5,2,2,0,4,47.0,15.972
1533.11681,5,2,1,0,2,46.0,5.664
1533.1335455,6,2,2,0,5,55.0,67.508
1533.141449,2,1,1,0,1,50.0,0.0
1533.1446155,3,20,6,1,40,58.0,451.923
1533.144636,2,2,7,1,45,58.0,514.646
1533.1779285,6,2,1,0,3,48.0,16.955
1533.211606,2,14,4,1,35,55.0,327.625
1533.211606,1,6,6,0,39,51.0,115.429
1533.2116455,6,1,3,0,35,48.0,47.065
1533.256918,1,2,9,4,76,69.0,2800.0
1533.26376,5,3,1,0,4,46.0,17.628
1533.272329,1,2,4,0,10,50.0,54.483
1533.2797865,6,1,1,0,1,46.0,0.0
1533.285668,1,2,2,0,3,50.0,18.569
1533.3061345,6,4,5,1,25,58.0,320.875
1533.306173,5,2,3,0,11,49.0,43.804
1533.3546525,6,14,21,6,191,65.0,1847.0
1533.354659,2,1,16,7,166,62.0,2085.0
1533.3546655,3,1,9,2,151,53.0,378.225
1533.357598,1,1,9,1,50,58.0,539.095
1533.3576195,6,1,2,0,8,48.0,20.043
1533.3652085,6,1,1,0,5,50.0,17.79
1533.416066,1,2,1,0,17,59.0,208.548
1533.472904,5,2,1,0,2,47.0,8.008
1533.557294,1,1,4,0,41,51.0,100.533
1533.5622025,6,3,2,0,12,59.0,204.008
1533.58117,1,2,2,0,3,52.0,24.777
1533.6340835,6,1,2,0,8,48.0,12.27
1533.634138,1,1,1,0,1,45.0,0.0
1533.703697,1,2,2,0,5,54.0,67.916
1533.7086435,6,2,3,0,16,51.0,60.679
1533.710085,1,1,2,0,1,50.0,0.0
1533.730426,1,3,3,0,4,51.0,26.543
1533.799198,1,1,1,0,1,47.0,0.0
1533.812591,5,1,1,0,1,47.0,0.0
1533.8429435,6,1,3,0,1,48.0,0.0
1533.8429455,3,1,2,0,8,49.0,26.668
1533.924482,1,1,1,0,1,47.0,0.0
1533.9449665,6,1,1,0,1,48.0,0.0
1533.9737705,6,1,1,0,5,57.0,86.913
1534.0180985,6,2,4,0,7,48.0,23.077
1534.034742,2,1,1,0,1,50.0,0.0
1534.085373,1,1,15,6,118,71.0,4637.0
1534.153028,1,1,3,0,10,51.0,45.271
1534.1853305,6,1,1,0,1,49.0,0.0
1534.1877455,6,1,1,0,1,47.0,0.0
1534.187767,5,2,2,0,2,47.0,5.342
1534.188647,5,1,1,0,1,45.0,0.0
1534.228797,1,4,2,0,5,50.0,41.641
1534.2745555,6,1,1,0,1,45.0,0.0
1534.358442,1,1,1,0,1,45.0,0.0
1534.369518,2,18,3,0,19,54.0,114.819
1534.3695195,6,1,6,1,74,56.0,207.202
1534.3780935,6,1,4,0,5,51.0,27.726
1534.398897,1,1,2,0,1,46.0,0.0
1534.4064365,6,1,4,0,21,61.0,278.836
1534.4205605,6,1,1,0,1,45.0,0.0
1534.47698,1,2,4,1,35,64.0,752.253
1534.4837575,6,1,2,0,1,47.0,0.0
1534.4864505,6,1,2,0,4,50.0,18.061
1534.514911,5,1,2,0,1,47.0,0.0
1534.5428625,6,1,1,0,1,46.0,0.0
1534.584301,1,2,6,1,40,61.0,563.153
1534.614935,1,2,4,0,6,58.0,107.824
1534.6149415,3,7,2,0,9,52.0,67.046
1534.614962,5,1,2,0,14,49.0,25.649
1534.6150205,6,1,1,0,1,45.0,0.0
1534.6528855,6,1,1,0,1,45.0,0.0
1534.65712,1,1,2,0,4,46.0,10.793
1534.670907,1,2,2,0,5,51.0,39.257
1534.683404,5,2,1,0,4,46.0,13.571
1534.7016975,3,1,1,0,1,45.0,0.0
1534.716616,1,2,4,0,8,54.0,72.065
1534.7166495,6,1,2,0,4,49.0,14.689
1534.736467,1,2,13,4,118,67.0,2389.0
1534.7453535,3,4,2,0,10,52.0,46.443
1534.745371,1,1,1,0,1,48.0,0.0
1534.7453885,6,1,1,0,1,46.0,0.0
1534.80071,1,2,3,0,7,51.0,68.509
1534.810381,1,25,10,1,47,53.0,299.48
1534.810395,5,12,14,2,61,58.0,693.163
1534.810433,2,2,3,0,18,56.0,260.457
1534.816121,5,6,11,2,75,56.0,705.739
1534.8161525,6,2,2,0,2,47.0,4.305
1534.8195875,6,1,2,0,1,46.0,0.0
1534.835329,1,1,1,0,1,46.0,0.0
1534.839179,1,1,7,1,82,50.0,204.868
1534.8391955,6,2,6,1,78,53.0,244.812
1534.8392025,3,3,5,0,26,53.0,144.64
1534.839203,5,1,6,0,25,49.0,45.639
1534.857887,5,5,4,0,8,50.0,50.373
1534.8653785,6,1,1,0,1,45.0,0.0
1534.866169,5,4,21,8,138,68.0,6652.0
1534.8661765,6,2,12,3,112,58.0,750.23
1534.866189,1,14,14,2,108,54.0,454.271
1534.866191,2,20,8,1,41,58.0,582.109
1534.8661925,3,1,8,1,124,52.0,218.563
1534.868153,5,2,4,0,19,52.0,115.042
1534.9082095,6,1,2,0,1,46.0,0.0
1534.9199675,6,1,1,0,1,45.0,0.0
1534.9322405,6,1,1,0,1,46.0,0.0
1534.936694,1,1,1,0,1,47.0,0.0
1534.9464345,6,1,2,0,1,47.0,0.0
1534.96933,1,2,1,0,3,47.0,9.267
1534.991356,5,2,1,0,3,48.0,12.303
1535.067392,1,3,7,1,39,60.0,753.409
1535.0788985,6,1,1,0,1,45.0,0.0
1535.08458,1,3,8,1,55,52.0,195.668
1535.0845865,3,2,4,0,37,50.0,75.327
1535.084597,5,1,7,0,34,51.0,80.063
1535.169601,1,1,2,0,1,45.0,0.0
1535.169616,5,2,1,0,2,47.0,3.813
1535.1749205,6,1,1,0,1,45.0,0.0
1535.202303,1,4,2,0,5,49.0,24.793
1535.218098,1,1,1,0,1,46.0,0.0
1535.218991,5,2,1,0,30,53.0,78.815
1535.227949,5,12,20,7,170,66.0,3741.0
1535.2279635,6,13,14,4,122,63.0,1305.0
1535.227967,1,39,16,2,122,54.0,464.219
1535.227973,4,2,1,0,2,45.0,6.53
1535.2279755,3,1,8,1,83,54.0,245.088
1535.26072,5,2,4,0,3,50.0,14.914
1535.2607435,6,1,1,0,1,45.0,0.0
1535.275923,1,1,3,0,36,49.0,64.9
1535.275936,2,1,3,0,1,51.0,0.0
1535.310539,1,1,2,0,1,48.0,0.0
1535.349445,5,1,1,0,1,48.0,0.0
1535.3521965,6,1,1,0,7,46.0,11.859
1535.374035,1,2,2,0,37,48.0,46.765
1535.427655,5,2,1,0,3,50.0,14.822
1535.43103,5,1,3,0,1,47.0,0.0
1535.4549165,6,1,1,0,1,45.0,0.0
1535.4703245,6,8,3,0,13,53.0,173.041
1535.4929,1,6,32,9,253,61.0,2620.0
1535.492902,2,9,19,5,87,61.0,2230.0
1535.492914,5,55,24,4,146,57.0,1023.0
1535.498835,1,1,1,0,1,46.0,0.0
1535.5262265,6,1,2,0,1,48.0,0.0
1535.5598915,6,2,1,0,2,45.0,3.665
1535.574766,1,1,1,0,1,48.0,0.0
1535.587951,5,3,1,0,4,45.0,10.715
1535.589768,2,8,26,10,182,62.0,4045.0
1535.5897775,6,36,36,9,254,58.0,2129.0
1535.5898,5,23,26,6,187,59.0,1652.0
1535.595014,1,2,1,0,3,46.0,8.067
1535.618233,5,2,2,0,4,45.0,11.989
1535.6602255,6,2,4,0,16,56.0,159.421
1535.680684,5,7,7,1,18,62.0,1516.0
1535.687562,5,5,3,0,6,50.0,34.086
1535.761563,5,2,1,0,3,51.0,23.127
1535.781331,1,15,34,11,292,63.0,4070.0
1535.7813455,6,36,36,9,303,58.0,2151.0
1535.781347,5,41,26,6,205,58.0,1665.0
1535.838076,1,2,2,0,3,51.0,25.926
1535.859161,2,2,3,2,64,58.0,549.97
1535.8591695,3,1,3,0,4,50.0,8.339
1535.8591905,6,1,4,0,1,47.0,0.0
1535.859191,1,1,4,0,4,52.0,23.886
1535.864682,1,1,1,0,1,45.0,0.0
1535.8768285,6,2,2,0,3,49.0,15.605
1535.877156,2,1,19,6,132,61.0,2311.0
1535.877166,5,43,23,4,154,57.0,1023.0
1535.8773505,6,1,8,1,61,49.0,137.723
1535.9274,1,2,4,0,35,58.0,181.456
1535.928598,1,3,31,17,174,78.0,29633.0
1535.928623,2,1,6,1,36,56.0,343.203
1535.9286235,3,1,3,0,6,54.0,56.26
1535.928638,5,1,4,0,13,50.0,38.155
1535.9286395,6,7,2,0,8,51.0,40.807
1535.929315,1,2,4,0,10,56.0,145.603
1535.93454,1,2,3,0,3,52.0,21.067
1535.963182,1,3,3,0,5,47.0,32.043
1535.973004,1,15,35,11,292,63.0,4015.0
1535.980746,1,2,4,0,42,57.0,164.766
1535.9860215,3,1,2,0,4,52.0,28.608
1535.986027,1,1,3,0,1,48.0,0.0
1535.9860405,6,2,3,0,32,50.0,70.088
1536.006522,1,2,3,0,9,53.0,47.122
1536.0065265,6,2,4,0,5,51.0,26.065
1536.00989,5,3,3,0,7,55.0,128.488
1536.0099185,6,13,2,0,14,48.0,33.985
1536.009943,1,1,2,0,1,48.0,0.0
1536.016017,1,2,5,0,11,56.0,158.454
1536.0419825,6,1,1,0,1,50.0,0.0
1536.066284,2,4,25,13,206,65.0,5885.0
1536.066285,1,12,31,9,242,63.0,2884.0
1536.066299,5,29,36,11,172,65.0,5104.0
1536.066314,4,1,2,0,46,49.0,87.912
1536.0690625,3,6,25,7,196,61.0,2247.0
1536.069063,2,2,20,9,236,61.0,2721.0
1536.0690735,6,32,28,7,244,56.0,1346.0
1536.084423,1,1,1,0,1,48.0,0.0
1536.103412,1,2,3,0,30,47.0,44.762
1536.1435365,3,1,1,0,1,45.0,0.0
1536.1435375,6,1,2,0,7,49.0,28.741
1536.143543,1,1,3,0,22,49.0,60.591
1536.166344,1,3,81,138,679,95.0,1404000.0
1536.166359,2,23,29,15,153,69.0,10923.0
1536.166367,5,24,59,18,579,65.0,5181.0
1536.1663755,6,3,59,20,682,65.0,6054.0
1536.1695505,6,3,1,0,4,48.0,33.492
1536.1726905,6,2,1,0,4,49.0,32.647
1536.174937,1,2,1,0,3,46.0,10.263
1536.1966275,6,2,2,0,3,56.0,59.573
1536.2109375,6,1,2,0,1,48.0,0.0
1536.2128335,6,1,1,0,1,45.0,0.0
1536.249444,5,2,5,0,6,53.0,88.022
1536.2528305,6,1,1,0,1,45.0,0.0
1536.266638,5,1,1,0,1,47.0,0.0
1536.2666395,6,1,1,0,1,46.0,0.0
1536.27991,1,2,4,0,10,52.0,106.482
1536.2799165,3,1,2,0,5,50.0,22.378
1536.2799905,6,1,2,0,1,46.0,0.0
1536.293474,1,3,2,0,9,51.0,81.141
1536.301824,5,3,17,4,91,60.0,1474.0
1536.3018445,6,9,9,1,25,58.0,373.878
1536.3018595,3,1,2,0,1,47.0,0.0
1536.311116,5,2,2,0,7,56.0,67.004
1536.346791,1,1,2,0,35,47.0,34.613
1536.4209115,6,1,1,0,1,45.0,0.0
1536.4436105,6,6,5,1,37,57.0,594.925
1536.45617,5,8,4,1,87,50.0,150.616
1536.4561745,3,2,1,0,5,47.0,12.338
1536.459895,1,7,19,8,137,67.0,5734.0
1536.4666345,6,1,1,0,1,45.0,0.0
1536.4716165,6,1,1,0,1,45.0,0.0
1536.507897,5,1,1,0,1,47.0,0.0
1536.552384,1,3,17,5,148,68.0,2758.0
1536.5523975,3,2,9,2,94,52.0,281.793
1536.5524135,6,1,14,3,100,56.0,627.257
1536.561975,1,2,1,0,3,50.0,20.044
1536.563465,1,4,3,0,5,53.0,86.256
1536.567223,1,2,1,0,3,50.0,20.921
1536.574746,1,2,1,0,3,50.0,20.162
1536.5762465,6,1,1,0,1,45.0,0.0
1536.5774685,6,1,1,0,1,47.0,0.0
1536.5898535,6,1,1,0,1,46.0,0.0
1536.5908005,3,1,1,0,1,45.0,0.0
1536.5990455,6,1,1,0,1,45.0,0.0
1536.610543,2,2,7,1,56,55.0,400.653
1536.610553,1,1,8,1,31,56.0,294.485
1536.6105635,6,1,3,1,77,52.0,112.999
1536.660505,1,4,6,2,61,60.0,708.235
1536.668605,1,2,4,0,30,51.0,63.057
1536.682082,1,1,6,0,33,54.0,118.792
1536.6989995,6,1,1,0,1,45.0,0.0
1536.724505,5,2,3,0,2,48.0,7.88
1536.743983,5,1,3,0,17,53.0,94.307
1536.7440035,6,2,1,0,3,46.0,13.15
1536.795647,1,1,2,0,1,53.0,0.0
1536.802473,1,1,2,0,1,52.0,0.0
1536.826715,2,1,1,0,1,50.0,0.0
1536.839677,5,3,4,0,4,49.0,17.169
1536.8545905,6,2,1,0,3,50.0,17.119
1536.856709,1,1,1,0,1,45.0,0.0
1536.8567115,6,1,1,0,1,45.0,0.0
1536.8660045,6,1,1,0,1,45.0,0.0
1536.869411,1,2,3,0,35,57.0,172.553
1536.871708,1,3,3,0,37,49.0,88.3
1536.87812,1,2,2,0,7,47.0,26.698
1536.895822,5,1,4,0,38,52.0,130.121
1536.8958475,6,1,1,0,1,45.0,0.0
1536.90759,1,1,1,0,1,45.0,0.0
1536.9130085,6,2,2,0,11,55.0,72.803
1536.9305305,6,2,1,0,2,45.0,10.07
1536.955844,5,3,25,8,205,64.0,3177.0
1536.955845,1,32,33,8,191,60.0,2522.0
1536.9558535,6,11,23,7,176,66.0,3075.0
1536.955859,2,23,17,8,197,63.0,2589.0
1536.995498,1,2,2,0,4,47.0,12.139
1537.000165,1,4,5,1,44,58.0,304.8
1537.018476,5,3,2,0,6,48.0,30.126
1537.052052,1,2,28,11,164,70.0,7660.0
1537.05206,2,37,15,5,87,61.0,1851.0
1537.0520645,3,3,13,3,114,58.0,649.82
1537.052863,5,2,3,0,2,50.0,6.108
1537.0617095,6,1,1,0,1,45.0,0.0
1537.1078755,6,2,5,0,34,53.0,105.133
1537.107881,1,1,3,0,1,48.0,0.0
1537.107883,5,1,10,1,82,51.0,188.504
1537.1078865,3,1,1,0,1,45.0,0.0
1537.120426,1,1,1,0,1,45.0,0.0
1537.1250645,6,1,1,0,1,45.0,0.0
1537.134015,1,1,3,0,1,47.0,0.0
1537.2241115,3,1,1,0,1,45.0,0.0
1537.22792,1,3,4,0,12,52.0,82.374
1537.2727405,6,1,1,0,1,49.0,0.0
1537.289542,1,4,19,5,315,64.0,1564.0
1537.2897275,6,3,10,3,130,60.0,773.154
1537.289762,2,2,5,3,122,54.0,509.109
1537.2897755,3,1,1,0,1,46.0,0.0
1537.2931855,6,1,2,0,1,47.0,0.0
1537.2984105,6,1,1,0,1,45.0,0.0
1537.3007025,6,1,1,0,1,45.0,0.0
1537.321059,5,2,1,0,5,49.0,17.808
1537.378409,5,2,4,0,5,48.0,23.719
1537.39799,1,2,1,0,2,45.0,3.695
1537.409791,5,1,3,0,1,51.0,0.0
1537.4308275,3,1,1,0,1,45.0,0.0
1537.4466505,6,1,2,0,1,49.0,0.0
1537.4522855,6,1,3,0,27,50.0,54.252
1537.4674335,6,1,1,0,1,45.0,0.0
1537.4800035,6,1,1,0,1,45.0,0.0
1537.518889,1,2,2,0,8,56.0,121.262
1537.6522475,6,2,1,0,3,46.0,14.973
1537.6668625,6,2,9,2,85,63.0,1243.0
1537.666877,1,1,6,1,82,53.0,159.94
1537.6668965,3,1,2,0,4,49.0,14.878
1537.666907,2,1,2,0,4,51.0,23.131
1537.7086995,6,1,1,0,1,47.0,0.0
1537.7219165,6,1,7,1,98,50.0,136.844
1537.72193,1,1,8,1,63,52.0,184.043
1537.7219335,3,1,3,0,13,47.0,30.018
1537.780471,1,1,1,0,1,47.0,0.0
1537.824643,2,1,3,0,6,57.0,119.198
1537.8246435,3,1,4,0,12,50.0,57.137
1537.871487,1,2,3,0,35,58.0,211.098
1537.8745705,6,2,2,0,14,56.0,89.035
1537.883057,1,1,3,0,1,53.0,0.0
1537.899503,1,1,1,0,1,45.0,0.0
1537.918093,5,1,1,0,1,47.0,0.0
1537.939597,1,1,9,1,49,59.0,407.99
1537.9396075,6,1,2,0,8,48.0,31.137
1537.939613,5,2,7,1,84,51.0,251.26
1537.951676,1,2,2,0,3,51.0,25.185
1537.952185,1,2,1,0,3,52.0,24.364
1537.9559285,6,9,3,0,11,51.0,71.829
1538.076066,1,2,3,0,6,53.0,41.622
1538.0760875,6,1,2,0,7,50.0,31.995
1538.0816515,6,1,1,0,1,46.0,0.0
1538.116915,5,8,6,1,42,57.0,425.576
1538.1169445,6,2,1,0,2,45.0,9.263
1538.116962,2,1,2,0,1,52.0,0.0
1538.118775,5,1,3,0,1,47.0,0.0
1538.1701465,6,1,1,0,1,45.0,0.0
1538.175886,5,1,2,0,1,47.0,0.0
1538.211969,1,1,1,0,1,45.0,0.0
1538.225698,5,88,28,5,169,57.0,1178.0
1538.2257005,3,2,11,2,123,55.0,540.133
1538.225706,1,9,23,4,142,55.0,823.867
1538.255799,1,4,18,5,133,70.0,3413.0
1538.255804,2,2,14,6,153,57.0,1492.0
1538.2558085,3,2,9,2,84,57.0,559.369
1538.2558245,6,26,13,3,98,57.0,791.345
1538.255831,5,22,7,1,42,56.0,327.085
1538.2791575,3,1,1,0,4,47.0,9.377
1538.3805685,6,1,1,0,4,47.0,10.175
1538.39654,1,1,1,0,1,49.0,0.0
1538.3968925,6,6,6,0,18,56.0,129.628
1538.3969555,3,1,1,0,1,45.0,0.0
1538.404304,5,1,1,0,1,50.0,0.0
1538.4261015,6,1,5,0,28,51.0,67.456
1538.426156,1,2,2,0,3,48.0,12.502
1538.512261,1,1,2,0,1,52.0,0.0
1538.5257265,6,2,1,0,2,49.0,9.686
1538.5523495,6,2,4,0,12,57.0,112.69
1538.552378,5,2,4,0,34,52.0,108.538
1538.5523815,3,1,1,0,1,47.0,0.0
1538.552404,1,6,2,0,9,53.0,86.061
1538.57388,5,2,2,0,11,49.0,32.984
1538.5977805,6,2,1,0,3,48.0,13.612
1538.601346,5,3,3,0,4,50.0,27.958
1538.6070115,3,1,1,0,1,45.0,0.0
1538.60702,1,1,3,0,15,50.0,49.019
1538.6070505,6,1,1,0,1,45.0,0.0
1538.613601,1,1,4,0,12,55.0,100.287
1538.6279045,6,2,1,0,3,48.0,14.505
1538.679646,1,8,28,6,151,61.0,2114.0
1538.6796495,3,10,24,7,193,62.0,2201.0
1538.67965,2,9,22,9,234,61.0,2760.0
1538.6796645,6,29,29,7,242,57.0,1355.0
1538.705748,1,3,2,0,7,53.0,84.331
1538.733367,2,1,1,0,1,50.0,0.0
1538.776505,1,6,37,10,254,63.0,3284.0
1538.7765175,6,1,33,8,242,58.0,2000.0
1538.7793215,6,2,1,0,3,49.0,12.108
1538.8325635,6,1,1,0,1,46.0,0.0
1538.837896,2,1,2,0,5,54.0,67.184
1538.837907,5,2,1,0,2,45.0,5.664
1538.8379345,6,1,2,0,4,47.0,9.735
1538.845191,1,2,5,0,2,50.0,10.264
1538.872343,1,3,30,8,251,61.0,2130.0
1538.872354,5,1,19,3,103,57.0,843.888
1538.888413,1,1,1,0,1,47.0,0.0
1538.9531435,6,2,4,0,14,55.0,113.496
1538.968379,2,36,29,12,246,63.0,4329.0
1538.968387,5,1,23,6,233,58.0,1491.0
1538.9683925,6,54,32,8,246,58.0,2015.0
1538.9705615,6,1,1,0,1,45.0,0.0
1538.975947,5,4,4,0,17,52.0,148.063
1538.996022,1,1,1,0,1,48.0,0.0
1538.996033,5,4,2,0,5,47.0,21.246
1538.9989605,6,1,2,0,8,49.0,33.501
1539.010909,1,1,4,0,8,58.0,266.519
1539.0109395,6,1,1,0,1,45.0,0.0
1539.0455515,6,2,3,0,16,52.0,97.596
1539.0641325,3,10,24,7,190,61.0,2177.0
1539.0641475,6,29,28,6,242,57.0,1307.0
1539.064163,5,23,19,3,80,57.0,773.085
1539.159871,2,9,24,11,237,62.0,4193.0
1539.1598785,6,36,33,9,332,58.0,2098.0
1539.186164,5,1,1,0,1,45.0,0.0
1539.1974925,6,2,2,0,14,55.0,98.345
1539.2293315,6,1,2,0,1,47.0,0.0
1539.2361105,6,2,5,0,21,55.0,135.305
1539.236116,1,1,4,0,1,48.0,0.0
1539.23612,5,4,5,0,17,50.0,70.331
1539.2361365,3,1,1,0,1,45.0,0.0
1539.25087,5,2,25,25,231,82.0,71221.0
1539.2508825,6,16,13,4,96,60.0,1333.0
1539.250898,2,37,7,2,48,59.0,615.756
1539.2508995,3,37,10,2,81,53.0,284.424
1539.250905,1,1,11,1,47,54.0,194.707
1539.255744,1,8,30,8,248,61.0,2137.0
1539.2557475,3,10,24,7,190,62.0,2151.0
1539.255748,2,9,20,7,135,61.0,2308.0
1539.255781,5,20,18,4,134,57.0,857.436
1539.2611125,6,2,10,3,138,62.0,788.261
1539.261136,5,14,12,1,51,54.0,418.268
1539.2611435,3,1,3,0,14,48.0,36.838
1539.261145,1,1,8,0,42,51.0,84.939
1539.2733505,6,1,3,0,1,47.0,0.0
1539.27337,5,1,4,0,4,48.0,14.186
1539.2907175,6,1,1,0,4,48.0,15.434
1539.3188655,3,2,1,0,47,47.0,40.472
1539.318874,2,2,3,0,2,52.0,11.835
1539.318879,1,1,4,0,43,51.0,62.305
1539.3188875,6,1,1,0,1,48.0,0.0
1539.327804,1,1,1,0,1,45.0,0.0
1539.3523625,6,33,31,8,246,58.0,2020.0
1539.360073,1,2,1,0,2,50.0,35.765
1539.391814,1,1,1,0,1,45.0,0.0
1539.422948,1,2,1,0,5,49.0,23.904
1539.4265465,6,1,6,2,29,67.0,1481.0
1539.4531035,6,1,1,0,1,45.0,0.0
1539.459542,1,2,9,4,64,71.0,3884.0
1539.4969035,6,1,2,0,1,47.0,0.0
1539.5026075,6,5,3,0,19,52.0,65.592
1539.502634,1,3,2,0,4,50.0,26.119
1539.5356315,6,1,1,0,4,46.0,7.803
1539.5425285,6,1,4,1,21,61.0,450.51
1539.542554,1,1,3,0,1,49.0,0.0
1539.5425615,3,1,1,0,1,46.0,0.0
1539.543218,5,1,1,0,1,45.0,0.0
1539.5484865,6,1,1,0,1,45.0,0.0
1539.554131,5,17,21,5,130,59.0,1560.0
1539.554148,1,1,8,2,114,51.0,234.416
1539.554155,2,1,6,1,60,55.0,315.4
1539.5541585,3,1,9,1,92,51.0,223.351
1539.55417,4,1,1,0,1,45.0,0.0
1539.557235,5,3,2,0,10,49.0,46.605
1539.5625255,6,2,1,0,4,54.0,36.985
1539.587552,1,2,3,0,8,54.0,76.859
1539.6012885,6,1,1,0,1,45.0,0.0
1539.749832,5,1,2,0,1,53.0,0.0
1539.760941,5,1,3,0,1,49.0,0.0
1539.7609685,6,1,2,0,139,51.0,58.754
1539.765798,5,1,1,0,1,48.0,0.0
1539.7824595,3,1,1,0,1,45.0,0.0
1539.7876895,6,1,1,0,1,45.0,0.0
1539.7885155,6,1,3,0,4,50.0,16.741
1539.788563,5,2,5,0,17,49.0,53.187
1539.788577,2,1,1,0,1,51.0,0.0
1539.7934775,6,1,2,0,7,55.0,81.721
1539.7988175,6,1,2,0,1,46.0,0.0
1539.817638,1,2,1,0,33,48.0,38.964
1539.849255,1,10,8,1,79,51.0,207.202
1539.8492675,6,2,1,0,2,48.0,7.71
1539.851038,1,6,4,1,44,53.0,189.73
1539.869487,5,1,1,0,1,48.0,0.0
1539.900409,5,5,4,0,8,50.0,54.75
1539.924078,1,13,4,0,23,53.0,205.204
1539.931505,1,1,7,1,66,55.0,209.423
1539.931508,5,2,4,1,78,51.0,197.58
1539.931528,2,1,3,0,1,55.0,0.0
1539.9315405,6,1,3,0,41,47.0,58.551
1539.938361,1,1,3,0,1,50.0,0.0
1539.976649,2,1,6,0,4,58.0,92.94
1539.9766555,6,1,10,2,96,51.0,304.814
1539.976662,1,1,10,1,39,53.0,190.223
1539.981719,1,1,2,0,1,51.0,0.0
1539.9840795,6,1,1,0,1,45.0,0.0
1539.984081,5,2,2,0,2,48.0,3.813
1539.990021,5,1,1,0,4,53.0,28.999
1539.9900395,6,1,2,0,9,48.0,11.244
1540.010628,5,2,2,0,2,50.0,15.673
1540.02321,1,2,4,0,9,55.0,120.643
1540.02545,1,1,1,0,1,45.0,0.0
1540.0304995,6,2,1,0,2,47.0,7.667
1540.0361615,6,1,1,0,1,45.0,0.0
1540.0939655,6,1,1,0,1,48.0,0.0
1540.105886,1,2,1,0,2,51.0,7.71
1540.1058965,3,1,2,0,4,48.0,11.178
1540.1059125,6,1,2,0,4,50.0,13.039
1540.1106885,6,18,5,1,21,63.0,692.528
1540.145838,5,2,4,0,6,50.0,43.147
1540.1585855,6,2,4,1,24,62.0,452.12
1540.2333525,6,1,2,0,1,46.0,0.0
1540.242038,1,6,8,1,79,51.0,171.995
1540.2420395,3,1,5,0,21,53.0,176.361
1540.2420425,6,1,8,1,94,52.0,172.14
1540.242061,5,2,3,0,2,48.0,5.237
1540.244895,1,7,40,19,241,75.0,19300.0
1540.244905,5,27,35,11,229,62.0,4574.0
1540.2449095,3,15,17,4,169,59.0,890.711
1540.2449185,6,2,26,8,195,65.0,3097.0
1540.244941,4,1,3,0,1,50.0,0.0
1540.2801565,3,1,1,0,4,46.0,9.936
1540.280158,5,2,1,0,3,48.0,12.451
1540.301234,5,3,3,0,20,50.0,68.3
1540.301284,1,1,1,0,1,45.0,0.0
1540.3101035,6,1,1,0,1,45.0,0.0
1540.333807,1,1,1,0,1,45.0,0.0
1540.338959,5,22,6,1,37,51.0,163.739
1540.372732,5,5,26,6,167,63.0,2190.0
1540.3727345,6,2,16,5,185,59.0,1145.0
1540.3727365,3,8,10,1,58,51.0,141.936
1540.372745,1,2,15,3,155,56.0,622.167
1540.3801605,3,1,1,0,1,45.0,0.0
1540.386084,1,1,3,0,1,49.0,0.0
1540.3861495,6,1,1,0,1,45.0,0.0
1540.3927,5,2,1,0,4,46.0,14.535
1540.392713,1,1,2,0,1,45.0,0.0
1540.398035,2,1,1,0,1,50.0,0.0
1540.398037,5,8,4,0,9,53.0,73.244
1540.398053,1,1,2,0,1,49.0,0.0
1540.423128,1,3,2,0,4,51.0,27.605
1540.438669,5,2,11,1,35,57.0,299.051
1540.438672,1,2,6,0,22,53.0,135.785
1540.4386885,6,2,2,0,3,49.0,13.737
1540.4386975,3,1,1,0,1,45.0,0.0
1540.463107,2,2,22,11,147,68.0,7485.0
1540.4631095,3,40,22,6,241,59.0,1462.0
1540.46311,5,15,26,9,200,65.0,3788.0
1540.4631135,6,16,30,11,241,65.0,4828.0
1540.463175,4,1,1,0,1,47.0,0.0
1540.473605,1,39,16,3,100,58.0,788.533
1540.4736105,3,2,8,2,119,58.0,288.924
1540.4736165,6,6,15,4,107,60.0,1217.0
1540.473631,2,2,8,3,49,61.0,1216.0
1540.473656,4,1,1,0,1,45.0,0.0
1540.4845305,6,1,1,0,1,45.0,0.0
1540.502017,5,2,1,0,4,46.0,13.14
1540.507093,5,2,1,0,5,47.0,22.209
1540.520653,1,1,1,0,1,45.0,0.0
1540.5467845,3,1,1,0,1,45.0,0.0
1540.559899,2,1,3,1,44,52.0,223.64
1540.559903,1,1,4,0,8,49.0,17.847
1540.5659755,3,1,3,0,15,52.0,63.408
1540.567961,5,1,9,2,219,57.0,303.255
1540.570766,1,3,2,0,4,49.0,20.448
1540.5887325,6,19,6,0,20,55.0,174.515
1540.588744,1,1,6,0,48,51.0,84.986
1540.609799,1,1,5,1,40,60.0,362.738
1540.627004,5,2,3,0,3,50.0,14.908
1540.6293575,3,1,2,0,4,47.0,10.125
1540.629364,1,1,10,0,21,52.0,59.965
1540.6293735,6,15,8,1,68,52.0,254.3
1540.629379,5,35,16,2,86,56.0,534.608
1540.634503,1,2,7,1,50,54.0,252.754
1540.6345035,3,2,2,0,17,51.0,45.157
1540.6345395,6,1,5,0,35,48.0,81.827
1540.634552,5,1,4,0,1,49.0,0.0
1540.6438185,6,2,30,14,269,79.0,24611.0
1540.643838,4,2,3,0,30,51.0,126.64
1540.643839,1,44,23,6,188,60.0,1692.0
1540.6438445,3,24,11,3,117,56.0,587.214
1540.654057,1,14,22,6,204,58.0,1345.0
1540.654061,2,2,10,5,107,62.0,1600.0
1540.6540655,6,15,21,9,199,65.0,3388.0
1540.654072,5,2,12,2,107,54.0,377.896
1540.658894,5,2,1,0,2,45.0,3.132
1540.685579,1,2,1,0,2,45.0,6.569
1540.760573,5,3,1,0,4,47.0,12.718
1540.7662315,6,1,2,0,1,50.0,0.0
1540.7940885,6,3,12,3,157,58.0,557.521
1540.794095,1,1,8,1,39,52.0,187.991
1540.79414,2,1,1,0,1,50.0,0.0
1540.815379,5,3,6,0,24,54.0,169.657
1540.815413,1,2,2,0,3,47.0,7.117
1540.8342525,6,1,1,0,1,48.0,0.0
1540.8544565,6,1,1,0,1,47.0,0.0
1540.8655215,6,1,4,0,4,50.0,21.811
1540.865527,1,2,2,0,2,50.0,4.4
1540.865539,5,3,5,0,6,50.0,25.622
1540.8691465,6,1,1,0,1,45.0,0.0
1540.87772,1,1,3,0,1,47.0,0.0
1540.900285,5,1,3,0,1,51.0,0.0
1540.9106865,3,2,4,0,14,54.0,120.752
1540.910701,1,1,1,0,1,45.0,0.0
1540.910711,2,2,2,0,3,54.0,33.637
1540.910739,5,1,4,0,1,48.0,0.0
1540.913546,2,4,8,3,59,64.0,1229.0
1540.913557,1,28,14,2,75,57.0,726.717
1540.9136045,6,1,3,0,28,49.0,63.376
1540.924688,5,2,1,0,2,47.0,3.933
1540.9438025,6,1,1,0,1,45.0,0.0
1540.9494015,6,1,1,0,4,47.0,9.584
1540.9510825,6,1,1,0,1,45.0,0.0
1540.95474,1,1,2,0,1,51.0,0.0
1540.9547495,6,1,2,0,1,49.0,0.0
1540.954755,5,1,3,0,1,47.0,0.0
1540.962376,1,3,15,4,92,69.0,3122.0
1540.9671715,6,8,7,1,24,60.0,639.121
1540.967195,1,2,8,0,39,53.0,153.623
1540.9672,5,2,3,0,2,48.0,3.435
1540.969796,1,2,4,1,39,56.0,287.904
1540.972973,1,1,1,0,1,47.0,0.0
1541.0161235,6,1,1,0,1,46.0,0.0
1541.0169735,6,1,1,0,5,52.0,36.897
1541.0265655,6,1,1,0,1,45.0,0.0
1541.049219,1,3,5,1,39,54.0,252.078
1541.0832955,3,1,1,0,1,45.0,0.0
1541.119125,5,2,2,0,4,46.0,11.687
1541.1191465,6,1,1,0,1,45.0,0.0
1541.1215305,6,1,4,1,24,63.0,526.436
1541.124415,1,2,1,0,3,49.0,16.499
1541.135842,1,1,2,0,6,51.0,28.058
1541.142252,5,17,18,5,111,63.0,2256.0
1541.1422615,6,8,10,3,54,65.0,1868.0
1541.142276,1,2,8,1,63,52.0,210.898
1541.1422805,3,2,3,0,5,53.0,36.248
1541.1469495,6,1,1,0,1,48.0,0.0
1541.1539965,6,1,1,0,1,45.0,0.0
1541.211996,1,1,3,0,6,55.0,80.27
1541.2131025,6,1,1,0,1,45.0,0.0
1541.2182155,6,1,2,0,1,48.0,0.0
1541.280617,1,2,1,0,2,45.0,3.352
1541.337611,1,2,3,0,35,52.0,80.963
1541.3571595,6,1,1,0,1,45.0,0.0
1541.3726465,6,1,1,0,1,45.0,0.0
1541.373724,2,1,2,0,1,51.0,0.0
1541.373756,5,2,5,0,15,50.0,49.623
1541.3812725,6,2,3,0,12,54.0,115.172
1541.3909395,6,2,1,0,3,49.0,13.572
1541.398401,1,1,1,0,1,45.0,0.0
1541.403373,2,1,3,0,1,54.0,0.0
1541.403381,5,5,7,0,15,55.0,211.802
1541.4033855,6,1,5,0,49,49.0,73.268
1541.403386,1,12,6,0,27,54.0,141.854
1541.4184095,6,1,2,0,4,51.0,22.351
1541.4732095,6,1,2,0,1,46.0,0.0
1541.473243,1,2,1,0,2,48.0,7.169
1541.473997,1,1,1,0,1,45.0,0.0
1541.4851375,6,1,2,0,1,45.0,0.0
1541.5159025,6,1,1,0,1,45.0,0.0
1541.5184435,6,1,2,0,1,45.0,0.0
1541.521892,5,1,3,0,1,50.0,0.0
1541.5219195,6,1,1,0,1,47.0,0.0
1541.561556,1,2,2,0,3,54.0,40.447
1541.5636265,6,2,1,0,2,50.0,9.45
1541.5750725,6,12,4,0,24,54.0,142.434
1541.5921225,6,1,1,0,1,48.0,0.0
1541.6171525,6,2,2,0,2,47.0,5.098
1541.6434135,3,1,1,0,1,45.0,0.0
1541.651014,1,4,7,2,61,63.0,1292.0
1541.661776,1,1,1,0,1,49.0,0.0
1541.6634725,6,1,1,0,1,45.0,0.0
1541.665691,5,21,21,8,134,64.0,4103.0
1541.665708,2,1,4,1,46,56.0,280.016
1541.665719,1,1,9,1,59,54.0,302.748
1541.6657205,3,2,4,0,8,54.0,80.046
1541.683426,5,6,7,1,38,58.0,337.631
1541.6834465,6,2,2,0,2,47.0,8.226
1541.687442,1,1,2,0,22,48.0,50.418
1541.687456,5,1,1,0,1,45.0,0.0
1541.7087605,6,2,2,0,2,49.0,8.58
1541.714717,1,1,1,0,4,46.0,8.581
1541.7539705,3,1,1,0,1,45.0,0.0
1541.753983,5,2,4,0,2,50.0,8.535
1541.756344,5,2,1,0,2,45.0,6.26
1541.791469,2,2,3,0,2,51.0,20.878
1541.872782,1,6,29,7,252,61.0,1855.0
1541.8727855,3,7,22,7,191,61.0,2187.0
1541.9119585,3,1,6,1,81,53.0,181.057
1541.911975,1,5,15,3,128,62.0,1018.0
1541.916637,1,5,19,12,142,75.0,18698.0
1541.921751,1,2,13,5,64,70.0,5145.0
1541.9422605,6,2,5,1,19,59.0,452.448
1541.96852,1,8,37,9,252,63.0,2827.0
1541.968536,5,1,25,6,234,57.0,1395.0
1541.971384,5,2,1,0,3,54.0,44.51
1541.985279,1,4,4,1,37,61.0,411.114
1542.0095105,6,1,1,0,1,45.0,0.0
1542.044571,5,20,13,2,108,57.0,509.472
1542.044577,2,1,5,0,19,59.0,287.099
1542.0445825,6,2,8,2,126,53.0,256.386
1542.044588,1,2,5,2,95,56.0,380.736
1542.0538455,6,2,1,0,3,49.0,13.742
1542.065395,2,12,22,9,214,60.0,2658.0
1542.079993,5,2,9,2,56,59.0,619.4
1542.079995,2,1,8,1,21,56.0,307.466
1542.080003,1,10,7,0,23,55.0,258.083
1542.116238,1,1,1,0,1,45.0,0.0
1542.1281775,6,1,1,0,1,45.0,0.0
1542.159095,1,3,10,2,49,62.0,783.962
1542.1591015,3,3,2,0,11,53.0,85.129
1542.159127,2,1,2,0,16,53.0,54.113
1542.1591425,6,2,4,0,8,49.0,32.728
1542.161155,1,8,35,9,246,63.0,2790.0
1542.1611585,3,10,28,9,243,64.0,3418.0
1542.161171,5,24,27,6,231,58.0,1385.0
1542.1859635,3,1,1,0,1,45.0,0.0
1542.1883975,3,1,1,0,1,45.0,0.0
1542.1917445,6,1,1,0,1,45.0,0.0
1542.2180085,3,6,10,1,66,55.0,274.285
1542.218011,5,35,24,6,157,61.0,2012.0
1542.2180155,6,4,13,3,151,56.0,748.988
1542.218026,1,1,17,4,159,55.0,679.293
1542.21804,4,1,1,0,1,45.0,0.0
1542.226932,5,2,5,0,16,54.0,234.389
1542.2416725,6,1,3,0,4,52.0,25.319
1542.2539435,6,1,1,0,1,45.0,0.0
1542.256892,1,6,31,6,215,62.0,1684.0
1542.2568935,3,6,23,7,190,62.0,2206.0
1542.256894,2,1,21,7,145,60.0,2411.0
1542.2569045,6,54,26,6,165,57.0,1350.0
1542.272613,5,2,3,0,2,50.0,9.45
1542.272638,2,1,1,0,1,50.0,0.0
1542.303743,5,5,14,2,72,58.0,704.525
1542.3037615,6,3,4,1,17,60.0,529.807
1542.317731,5,2,2,0,6,48.0,30.646
1542.317749,1,2,2,0,3,49.0,14.19
1542.343845,1,1,2,0,1,47.0,0.0
1542.3495805,6,2,1,0,2,46.0,6.07
1542.35279,1,1,37,9,255,63.0,2778.0
1542.352792,2,5,29,12,241,62.0,4077.0
1542.352804,5,44,27,6,227,58.0,1376.0
1542.3528055,6,54,32,8,244,59.0,2178.0
1542.3729805,6,2,6,0,13,55.0,94.61
1542.372994,5,2,2,0,2,50.0,14.315
1542.3730035,3,1,1,0,1,45.0,0.0
1542.37301,1,1,1,0,1,46.0,0.0
1542.382487,1,1,1,0,1,45.0,0.0
1542.38283,5,2,1,0,2,45.0,7.667
1542.391011,5,1,1,0,1,51.0,0.0
1542.432623,1,1,1,0,1,45.0,0.0
1542.4339145,6,1,1,0,1,45.0,0.0
1542.4377725,6,1,2,0,4,48.0,12.441
1542.4446285,3,1,1,0,1,45.0,0.0
1542.444633,1,2,8,0,36,54.0,147.256
1542.4446345,6,1,4,0,4,49.0,14.433
1542.448618,1,8,28,6,226,61.0,1800.0
1542.448652,5,1,19,4,153,56.0,788.707
1542.467916,1,2,6,1,46,57.0,217.412
1542.5137545,6,1,2,0,9,55.0,64.678
1542.537082,1,2,36,39,222,83.0,157937.0
1542.5370995,3,1,6,0,24,52.0,107.283
1542.537116,2,2,7,3,90,58.0,722.851
1542.537121,5,4,12,2,83,57.0,465.984
1542.544676,2,33,27,9,145,62.0,3595.0
1542.544681,5,48,28,6,234,57.0,1375.0
1542.5513215,6,1,2,0,13,50.0,25.703
1542.559864,1,2,12,3,53,67.0,2395.0
1542.5611995,6,1,3,0,20,49.0,45.646
1542.561202,5,5,2,0,6,50.0,33.804
1542.566393,5,2,11,2,66,60.0,772.846
1542.566418,1,1,7,1,71,51.0,159.117
1542.5664455,3,1,2,0,11,48.0,31.396
1542.573827,1,2,9,2,47,58.0,791.281
1542.5738615,6,1,3,0,4,49.0,19.724
1542.5852335,6,1,1,0,1,45.0,0.0
1542.588912,5,2,2,0,6,49.0,34.408
1542.59575,5,12,6,0,15,55.0,260.983
1542.602308,1,1,2,0,1,51.0,0.0
1542.6120245,6,1,1,0,1,49.0,0.0
1542.644829,1,4,9,2,67,65.0,1391.0
1542.6587015,6,1,3,0,1,53.0,0.0
1542.662996,5,2,1,0,2,46.0,5.201
1542.673226,5,3,10,2,71,56.0,368.629
1542.6732285,6,1,4,0,34,48.0,47.517
1542.673236,1,2,7,1,61,49.0,128.59
1542.673252,2,1,3,0,35,55.0,173.224
1542.688649,1,2,2,0,3,53.0,30.904
1542.706433,5,1,1,0,1,46.0,0.0
1542.7321905,6,6,5,0,7,48.0,30.347
1542.732194,5,4,7,0,26,53.0,120.604
1542.732205,1,2,3,0,5,47.0,21.526
1542.7322155,3,2,1,0,2,45.0,4.025
1542.73223,2,1,1,0,1,50.0,0.0
1542.7646735,3,1,2,0,44,52.0,72.37
1542.764678,1,1,7,0,22,50.0,92.937
1542.764683,2,1,2,0,1,53.0,0.0
1542.764697,5,1,4,0,1,51.0,0.0
1542.7647165,6,1,3,0,9,51.0,40.263
1542.79242,1,1,1,0,1,45.0,0.0
1542.813399,1,2,10,2,96,57.0,371.01
1542.8195485,3,1,1,0,1,45.0,0.0
1542.8195535,6,1,4,0,8,48.0,17.459
1542.820584,5,2,1,0,2,45.0,6.26
1542.8383485,6,1,1,0,1,47.0,0.0
1542.851497,1,1,3,0,16,51.0,56.91
1542.8836635,6,1,1,0,1,45.0,0.0
1542.912729,1,1,11,1,47,57.0,292.898
1542.912755,5,2,8,1,78,51.0,212.47
1542.9466925,6,1,2,0,7,48.0,17.98
1542.982476,1,2,2,0,5,53.0,74.547
1543.019426,1,1,1,0,1,45.0,0.0
1543.0275635,6,2,3,0,17,57.0,346.601
1543.027603,5,2,1,0,3,49.0,13.351
1543.063565,5,3,3,0,4,48.0,15.921
1543.064584,1,1,3,0,1,50.0,0.0
1543.0656185,6,1,1,0,1,45.0,0.0
1543.1121505,6,1,2,0,1,49.0,0.0
1543.198793,1,1,13,2,91,53.0,385.411
1543.198801,2,1,8,2,65,56.0,404.486
1543.1988045,3,14,10,3,202,58.0,658.075
1543.204957,5,2,8,1,44,62.0,776.952
1543.204968,1,2,5,0,35,50.0,94.861
1543.2049725,3,15,4,1,85,50.0,112.988
1543.2109825,6,2,4,0,12,49.0,37.572
1543.210991,5,2,3,0,3,48.0,14.513
1543.2397045,6,2,1,0,3,50.0,30.515
1543.2589695,6,1,1,0,1,45.0,0.0
1543.2606015,3,2,1,0,3,49.0,22.615
1543.268987,1,2,1,0,3,49.0,15.12
1543.280162,5,2,3,0,23,52.0,104.505
1543.283427,5,3,9,0,17,54.0,187.295
1543.283453,1,3,1,0,4,48.0,15.24
1543.2853835,6,2,2,0,10,47.0,28.819
1543.288657,1,2,5,0,25,50.0,53.775
1543.2915015,6,2,1,0,3,50.0,20.923
1543.3025915,6,1,1,0,1,45.0,0.0
1543.328396,1,1,4,0,38,53.0,155.914
1543.3284175,6,1,2,0,4,48.0,12.549
1543.328445,5,1,1,0,1,45.0,0.0
1543.3397505,3,1,1,0,1,45.0,0.0
1543.3718395,6,1,1,0,1,45.0,0.0
1543.371865,5,2,2,0,2,46.0,3.903
1543.3888065,6,2,1,0,2,47.0,5.377
1543.391126,5,2,8,2,105,53.0,319.521
1543.391199,2,1,1,0,1,50.0,0.0
1543.395047,1,2,1,0,3,54.0,34.31
1543.3950535,3,2,2,0,9,48.0,30.553
1543.3950775,6,1,2,0,10,49.0,33.815
1543.4362265,6,1,1,0,1,45.0,0.0
1543.454763,5,1,5,0,5,57.0,104.306
1543.4561195,6,2,2,0,2,52.0,51.414
1543.488347,5,2,2,0,3,47.0,10.391
1543.4883625,6,6,6,1,49,54.0,176.17
1543.493544,5,18,27,10,220,64.0,4096.0
1543.4935625,6,6,12,3,49,68.0,3095.0
1543.49357,1,20,16,4,164,57.0,851.252
1543.493579,2,1,11,3,80,57.0,742.773
1543.4935885,3,1,7,1,49,49.0,143.778
1543.5014075,3,1,1,0,1,45.0,0.0
1543.519625,1,1,1,0,1,45.0,0.0
1543.5482605,6,2,3,1,19,63.0,502.957
1543.614478,5,2,2,0,3,50.0,10.615
1543.62764,5,13,24,9,174,67.0,5797.0
1543.6276485,6,10,13,4,94,65.0,1926.0
1543.62766,1,50,15,2,80,55.0,507.344
1543.6276665,3,1,7,1,61,50.0,172.279
1543.627671,2,1,7,2,80,56.0,601.566
1543.6360235,6,2,2,0,3,50.0,16.311
1543.646881,5,1,2,0,1,56.0,0.0
1543.6469015,6,5,5,0,21,55.0,199.099
1543.648781,1,2,1,0,3,48.0,12.145
1543.6594455,3,1,3,0,20,53.0,101.585
1543.6594465,6,6,5,0,13,59.0,341.289
1543.659455,2,3,2,0,4,52.0,41.788
1543.6699955,6,5,4,1,26,63.0,814.808
1543.670013,1,2,4,0,47,51.0,95.387
1543.67007,2,1,1,0,1,50.0,0.0
1543.703033,5,14,6,1,31,51.0,206.358
1543.7265,5,2,3,0,16,46.0,48.872
1543.7265205,6,1,1,0,1,45.0,0.0
1543.727075,1,1,2,0,1,47.0,0.0
1543.741248,5,2,1,0,3,46.0,8.195
1543.755091,1,2,3,0,3,51.0,18.981
1543.7682095,3,1,1,0,4,46.0,8.771
1543.770271,5,1,1,0,4,46.0,11.003
1543.796402,1,2,1,0,3,46.0,8.326
1543.797334,2,10,14,6,109,61.0,2505.0
1543.797339,5,1,17,4,128,58.0,1054.0
1543.7973425,3,3,16,4,168,55.0,909.295
1543.7973445,6,41,22,8,229,63.0,2246.0
1543.813745,5,4,13,2,61,63.0,1145.0
1543.813761,1,12,11,2,83,52.0,287.687
1543.813801,2,1,6,0,8,56.0,154.985
1543.892716,1,1,1,0,1,47.0,0.0
1543.9227195,6,1,2,0,8,50.0,39.629
1543.9428565,6,2,2,0,3,51.0,16.871
1543.9629235,3,1,1,0,1,45.0,0.0
1543.96454,1,2,2,0,5,55.0,93.309
1543.995909,1,1,4,0,1,53.0,0.0
1543.9977845,6,1,1,0,4,50.0,18.106
1544.0043745,6,2,2,0,3,47.0,16.257
1544.0125565,6,1,1,0,1,46.0,0.0
1544.0149105,3,1,1,0,5,49.0,18.304
1544.014928,5,1,4,0,14,47.0,40.913
1544.014931,1,1,2,0,1,47.0,0.0
1544.0149465,6,1,3,0,8,50.0,21.227
1544.0183965,6,2,2,0,17,50.0,49.063
1544.0229395,6,2,2,0,2,46.0,18.707
1544.0442645,6,1,2,0,4,47.0,11.01
1544.061637,1,2,2,0,12,49.0,42.45
1544.0658595,6,1,1,0,4,50.0,21.125
1544.0720525,3,2,2,0,7,59.0,184.33
1544.072796,5,3,4,0,16,49.0,94.56
1544.074823,5,4,6,1,28,61.0,565.343
1544.0748335,3,1,2,0,9,50.0,35.562
1544.074835,1,9,5,0,14,52.0,91.843
1544.0748395,6,1,3,0,17,50.0,50.287
1544.074858,2,1,1,0,1,51.0,0.0
1544.088346,1,2,3,0,3,55.0,46.179
1544.09289,5,2,1,0,3,50.0,13.985
1544.1021495,6,1,1,0,1,46.0,0.0
1544.1174355,3,1,1,0,1,45.0,0.0
1544.1214905,3,1,1,0,4,46.0,11.945
1544.122694,5,11,39,12,186,65.0,6282.0
1544.1226945,6,5,31,11,217,64.0,4970.0
1544.122695,4,4,10,2,48,58.0,661.84
1544.122696,1,34,33,11,206,64.0,5082.0
1544.122701,2,25,28,15,191,68.0,9208.0
1544.124585,5,1,4,0,22,53.0,89.978
1544.12859,1,6,8,0,18,52.0,161.32
1544.138617,5,1,1,0,1,47.0,0.0
1544.1878905,3,1,1,0,1,45.0,0.0
1544.191105,1,1,1,0,1,45.0,0.0
1544.2000955,3,1,2,0,7,52.0,48.72
1544.20012,2,1,1,0,1,50.0,0.0
1544.200153,1,1,1,0,1,47.0,0.0
1544.207551,5,1,3,0,27,52.0,100.387
1544.2075635,6,2,2,0,17,49.0,56.857
1544.227147,1,1,1,0,1,45.0,0.0
1544.244867,5,2,3,0,9,49.0,49.18
1544.259574,1,2,1,0,3,47.0,14.964
1544.2595955,6,1,3,0,5,48.0,13.481
1544.267463,5,2,6,1,30,59.0,487.172
1544.267475,1,11,7,1,48,50.0,139.03
1544.2674765,6,7,4,0,15,51.0,65.951
1544.2689295,6,1,1,0,12,46.0,17.889
1544.2819665,6,2,3,0,10,60.0,221.635
1544.2856335,3,1,1,0,1,45.0,0.0
1544.324073,5,2,3,1,65,51.0,142.922
1544.324137,1,2,1,0,2,45.0,4.025
1544.330639,1,2,2,0,33,47.0,62.423
1544.3321035,6,2,1,0,5,47.0,13.944
1544.3373,2,2,2,0,5,60.0,224.613
1544.337312,1,13,4,0,14,53.0,140.647
1544.3406685,6,1,2,0,17,50.0,40.911
1544.3684925,3,1,1,0,1,45.0,0.0
1544.370998,5,5,3,0,11,51.0,66.439
1544.390238,5,4,5,0,17,52.0,136.405
1544.402215,5,1,1,0,1,47.0,0.0
1544.4342845,6,1,2,0,4,46.0,8.467
1544.4408155,3,1,7,1,63,58.0,282.048
1544.440829,1,8,23,5,166,58.0,1011.0
1544.44083,2,9,12,3,101,57.0,1043.0
1544.440841,5,3,10,1,68,53.0,301.103
1544.443879,1,1,3,0,1,49.0,0.0
1544.4527925,3,1,1,0,1,45.0,0.0
1544.468282,5,2,2,0,3,51.0,18.557
1544.468966,1,1,1,0,1,46.0,0.0
1544.479271,1,4,13,3,95,62.0,1200.0
1544.4792825,6,1,4,0,46,51.0,93.291
1544.47929,5,5,7,1,51,52.0,150.895
1544.4792915,3,1,3,0,9,54.0,97.302
1544.479298,2,1,2,0,6,51.0,42.28
1544.4833915,6,3,14,7,112,70.0,9373.0
1544.483416,5,15,10,2,63,55.0,414.974
1544.4834215,3,24,6,1,60,55.0,248.164
1544.48344,1,2,5,0,18,54.0,104.637
1544.483459,2,1,4,0,14,54.0,79.914
1544.4993855,6,1,3,0,13,53.0,56.108
1544.543087,5,3,2,0,4,49.0,22.328
1544.54313,1,2,6,1,44,60.0,446.766
1544.5437135,6,2,1,0,2,45.0,4.179
1544.55779,5,2,2,0,3,52.0,23.37
1544.580941,1,2,1,0,3,49.0,12.759
1544.5818285,6,1,1,0,4,51.0,25.859
1544.6126595,6,3,28,18,210,80.0,49173.0
1544.612672,5,34,27,8,165,64.0,3417.0
1544.612675,4,2,2,0,24,54.0,114.179
1544.612694,1,2,20,5,131,61.0,1276.0
1544.6126995,3,1,11,2,121,55.0,494.273
1544.6350445,6,1,2,0,1,48.0,0.0
1544.638057,2,1,2,0,1,53.0,0.0
1544.6389235,6,2,4,0,11,51.0,56.313
1544.649758,5,5,6,1,22,57.0,496.351
1544.6497625,6,1,2,0,1,48.0,0.0
1544.662204,5,1,1,0,1,48.0,0.0
1544.662465,1,1,3,0,6,54.0,62.746
1544.6669185,6,1,2,0,1,48.0,0.0
1544.6703175,3,2,7,1,58,58.0,484.357
1544.670321,1,13,14,3,97,57.0,677.793
1544.6703225,6,18,17,3,162,56.0,658.971
1544.670329,2,1,5,2,67,54.0,361.587
1544.670334,5,2,8,1,56,54.0,189.662
1544.6781435,3,2,4,0,42,53.0,129.431
1544.678147,1,4,8,1,67,52.0,213.277
1544.678162,5,2,4,0,2,48.0,6.414
1544.6781665,6,16,5,0,29,50.0,97.168
1544.705963,5,1,1,0,1,45.0,0.0
1544.7065425,6,2,7,1,57,58.0,550.214
1544.7074095,6,2,2,0,13,49.0,30.001
1544.711818,2,2,22,11,150,65.0,5807.0
1544.711822,5,21,26,8,170,60.0,2573.0
1544.7118285,3,1,15,3,160,58.0,673.257
1544.7118305,6,2,22,7,240,63.0,2273.0
1544.7313475,6,3,8,3,230,65.0,1297.0
1544.731367,5,2,1,0,5,46.0,20.949
1544.731368,1,1,1,0,1,45.0,0.0
1544.7992005,6,1,1,0,1,45.0,0.0
1544.822841,1,2,1,0,2,45.0,16.655
1544.8494655,6,1,1,0,1,45.0,0.0
1544.8543045,6,1,1,0,1,48.0,0.0
1544.8553465,6,4,1,0,5,52.0,41.387
1544.868096,5,2,2,0,2,49.0,3.695
1544.8713935,6,2,7,1,73,58.0,408.38
1544.871413,5,2,10,0,18,52.0,53.257
1544.871415,1,1,9,0,13,49.0,32.17
1544.8714235,3,1,3,0,1,48.0,0.0
1544.8762955,6,2,1,0,4,47.0,13.675
1544.8772055,6,5,2,0,6,53.0,34.069
1544.8789945,6,1,2,0,4,48.0,15.425
1544.879021,2,2,2,0,3,55.0,42.734
1544.9028075,6,1,2,0,5,47.0,12.209
1544.9517485,3,1,2,0,1,45.0,0.0
1544.975869,5,5,34,11,170,68.0,5382.0
1544.9758745,6,30,24,7,162,65.0,2884.0
1544.9758795,3,1,17,4,148,58.0,841.843
1544.975923,4,1,1,0,1,47.0,0.0
1545.0033295,6,2,6,2,35,69.0,2020.0
1545.00338,5,2,2,0,3,48.0,11.744
1545.0076275,6,1,3,0,1,55.0,0.0
1545.011498,1,6,26,7,289,62.0,1641.0
1545.0114985,3,7,23,7,188,62.0,2248.0
1545.0115,2,36,21,7,151,61.0,2540.0
1545.011509,5,44,26,5,216,56.0,833.952
1545.0115105,6,33,26,6,175,56.0,1542.0
1545.0217145,6,4,3,0,17,53.0,80.898
1545.033418,5,1,1,0,1,46.0,0.0
1545.0415115,3,1,2,0,8,48.0,23.546
1545.0415235,6,1,2,0,7,50.0,30.775
1545.0494465,6,2,4,0,14,57.0,229.662
1545.0844975,6,1,1,0,1,45.0,0.0
1545.108337,1,8,30,9,291,64.0,2653.0
1545.1083405,3,10,26,9,191,64.0,3461.0
1545.108341,2,9,26,9,154,62.0,3741.0
1545.10835,5,27,31,6,231,57.0,1315.0
1545.1083515,6,33,29,9,286,59.0,2533.0
1545.1163585,6,2,2,0,4,47.0,19.003
1545.1791305,3,3,6,0,5,56.0,98.633
1545.179136,1,2,7,1,78,53.0,243.282
1545.179144,5,31,8,0,32,50.0,83.3
1545.193454,1,2,5,0,8,57.0,155.511
1545.2041455,3,10,23,7,191,62.0,2264.0
1545.2041565,6,1,25,6,173,57.0,1549.0
1545.2119785,6,1,2,0,1,52.0,0.0
1545.2400675,6,1,1,0,1,45.0,0.0
1545.247571,5,1,1,0,1,45.0,0.0
1545.2771675,6,1,1,0,1,45.0,0.0
1545.2807315,6,2,5,2,24,65.0,1472.0
1545.299976,1,8,31,9,289,63.0,2637.0
1545.2999875,6,58,29,9,296,58.0,2504.0
1545.313509,5,12,15,3,46,62.0,2049.0
1545.3135165,3,1,2,0,1,46.0,0.0
1545.313538,1,5,8,1,42,55.0,239.84
1545.324364,1,1,6,0,16,50.0,79.28
1545.3243775,6,1,2,0,1,48.0,0.0
1545.327953,5,1,1,0,1,45.0,0.0
1545.385267,5,2,4,0,2,49.0,5.52
1545.392524,5,1,2,0,10,46.0,27.813
1545.39586,1,1,25,7,289,62.0,1652.0
1545.3958725,6,1,26,6,172,56.0,1536.0
1545.4059955,6,1,2,0,1,50.0,0.0
1545.421029,5,17,15,4,74,61.0,1638.0
1545.4210455,6,2,3,0,21,54.0,121.395
1545.46354,5,3,4,0,6,51.0,43.801
1545.476719,5,1,6,0,6,53.0,42.466
1545.4767425,6,2,3,1,174,54.0,115.301
1545.4918765,3,11,27,9,245,63.0,3512.0
1545.491883,5,31,30,6,235,57.0,1298.0
1545.540487,1,1,1,0,1,46.0,0.0
1545.540492,5,1,5,0,4,47.0,12.924
1545.5416755,6,2,9,3,24,64.0,2400.0
1545.5438045,6,2,2,0,3,50.0,8.298
1545.5668995,6,2,1,0,2,45.0,7.374
1545.587623,2,5,23,8,178,61.0,2727.0
1545.587624,1,1,24,6,238,61.0,1594.0
1545.5876245,3,7,23,7,188,61.0,2269.0
1545.587635,5,1,25,5,228,56.0,847.828
1545.5876365,6,1,26,6,172,56.0,1561.0
1545.5908145,6,1,3,0,11,50.0,56.024
1545.5908165,3,1,2,0,1,47.0,0.0
1545.590818,5,1,6,0,21,50.0,69.049
1545.600028,1,1,2,0,1,47.0,0.0
1545.619322,5,1,3,0,31,55.0,145.488
1545.6193465,6,1,3,0,20,51.0,79.658
1545.6193545,3,1,2,0,8,47.0,18.356
1545.6316145,6,1,1,0,1,46.0,0.0
1545.6497105,6,1,1,0,1,45.0,0.0
1545.6833685,3,7,28,9,189,64.0,3487.0
1545.683375,5,31,32,6,232,57.0,1284.0
1545.696647,1,2,1,0,2,50.0,14.957
1545.7104115,6,2,2,0,2,49.0,4.4
1545.7127355,6,1,3,0,5,49.0,14.895
1545.712753,1,1,3,0,4,48.0,10.843
1545.712771,5,2,1,0,3,49.0,11.986
1545.7158725,6,1,1,0,1,47.0,0.0
1545.7351835,6,1,2,0,1,45.0,0.0
1545.7464565,6,3,4,1,25,63.0,545.959
1545.7567485,6,4,3,0,14,59.0,187.929
1545.7697005,6,1,3,0,11,50.0,50.586
1545.782698,5,2,3,0,6,51.0,31.284
1545.7827055,6,4,2,0,5,50.0,18.372
1545.798095,1,1,1,0,1,45.0,0.0
1545.8428545,6,2,2,0,3,50.0,23.896
1545.873645,1,2,8,2,47,63.0,961.242
1545.923741,5,1,9,0,16,52.0,74.615
1545.9237505,6,1,8,0,15,52.0,57.982
1545.9279685,3,1,5,0,47,53.0,131.493
1545.9279795,6,1,7,1,35,56.0,236.939
1545.927982,2,1,5,0,1,54.0,0.0
1545.927996,1,2,5,1,96,52.0,142.364
1545.971336,5,3,36,12,211,65.0,5782.0
1545.971344,1,2,35,10,280,63.0,3218.0
1545.9713465,6,14,29,12,261,64.0,5219.0
1545.97135,4,44,5,1,45,52.0,236.288
1545.987747,5,1,1,0,1,50.0,0.0
1545.9907635,6,2,1,0,2,45.0,7.837
1546.0048945,6,1,1,0,1,45.0,0.0
1546.020732,1,1,4,0,28,47.0,57.837
1546.0207555,3,1,1,0,1,45.0,0.0
1546.021423,1,3,5,1,36,62.0,586.287
1546.025131,1,1,1,0,1,45.0,0.0
1546.0291505,6,1,1,0,1,45.0,0.0
1546.0359555,6,1,2,0,7,48.0,15.83
1546.058019,5,2,1,0,2,45.0,3.213
1546.0950975,6,1,3,0,30,50.0,61.237
1546.095099,5,2,1,0,3,50.0,15.981
1546.095106,1,1,2,0,1,47.0,0.0
1546.095116,2,1,1,0,1,52.0,0.0
1546.0973065,6,1,1,0,1,45.0,0.0
1546.1078345,6,6,15,4,126,65.0,1956.0
1546.1078425,3,3,8,1,99,52.0,246.189
1546.107856,2,14,5,0,16,54.0,133.059
1546.1179455,6,1,3,0,53,48.0,59.737
1546.117972,5,1,1,0,1,46.0,0.0
1546.1189235,6,1,1,0,1,45.0,0.0
1546.1263765,6,1,1,0,1,45.0,0.0
1546.1566665,3,1,1,0,1,45.0,0.0
1546.1618425,3,1,2,0,1,45.0,0.0
1546.161855,1,2,3,0,3,49.0,12.669
1546.1618615,6,1,2,0,1,46.0,0.0
1546.1662465,6,1,1,0,4,48.0,12.193
1546.1807355,3,1,3,0,9,53.0,76.24
1546.180737,5,1,4,0,48,49.0,110.208
1546.1807525,6,1,4,0,39,49.0,71.182
1546.180765,1,1,5,0,49,53.0,99.172
1546.255612,1,1,1,0,1,45.0,0.0
1546.292163,5,2,4,0,25,50.0,38.339
1546.2921665,6,1,4,0,45,49.0,70.671
1546.29217,1,1,3,0,24,48.0,40.792
1546.2922135,3,1,1,0,1,45.0,0.0
1546.3008945,6,1,1,0,1,45.0,0.0
1546.310975,1,1,2,0,1,48.0,0.0
1546.315864,1,1,4,0,11,52.0,82.927
1546.326189,5,1,2,0,1,48.0,0.0
1546.3407085,6,6,7,1,38,59.0,403.777
1546.34072,1,1,1,0,1,46.0,0.0
1546.340727,5,2,6,0,5,51.0,15.355
1546.3407425,3,1,2,0,5,52.0,28.613
1546.344365,1,1,2,0,15,47.0,20.55
1546.35018,1,1,1,0,1,45.0,0.0
1546.3524605,6,1,1,0,1,45.0,0.0
1546.358767,1,2,2,0,3,56.0,82.915
1546.3919315,6,1,2,0,7,52.0,38.521
1546.40478,1,2,1,0,7,51.0,39.771
1546.428565,1,4,3,0,8,49.0,36.38
1546.4285905,6,7,2,0,14,56.0,100.803
1546.428615,5,7,4,0,12,51.0,92.862
1546.4392005,6,1,13,2,86,52.0,283.675
1546.439212,1,1,10,1,91,52.0,216.862
1546.4420005,6,1,1,0,1,45.0,0.0
1546.458594,1,1,1,0,1,45.0,0.0
1546.526962,2,1,1,0,1,52.0,0.0
1546.538917,1,2,1,0,3,53.0,29.829
1546.539835,5,2,1,0,2,45.0,10.215
1546.546941,1,1,1,0,1,45.0,0.0
1546.5561205,6,1,1,0,1,45.0,0.0
1546.5570505,6,1,1,0,1,47.0,0.0
1546.5946195,6,1,1,0,1,47.0,0.0
1546.595998,5,1,2,0,4,50.0,18.177
1546.598431,1,2,5,1,42,58.0,245.794
1546.6122045,6,4,14,3,105,63.0,1205.0
1546.6122065,3,6,10,1,51,56.0,440.239
1546.6173485,6,1,2,0,6,49.0,16.117
1546.620649,1,8,25,14,149,75.0,17454.0
1546.6206885,3,1,1,0,1,45.0,0.0
1546.620692,5,2,3,0,25,48.0,72.921
1546.622656,1,2,3,0,5,49.0,28.239
1546.623162,1,1,5,0,7,54.0,59.766
1546.625065,1,1,2,0,1,50.0,0.0
1546.6250775,6,1,1,0,1,45.0,0.0
1546.627134,1,1,1,0,1,45.0,0.0
1546.6313535,6,1,2,0,4,47.0,10.835
1546.63823,1,2,1,0,2,45.0,4.305
1546.641401,1,1,3,0,1,50.0,0.0
1546.65373,1,1,3,0,33,51.0,51.644
1546.6541935,3,3,3,0,7,58.0,152.369
1546.6542215,6,1,1,0,1,45.0,0.0
1546.660428,1,3,19,8,137,69.0,6647.0
1546.6604465,3,1,3,0,16,49.0,32.875
1546.6604645,6,2,2,0,9,55.0,93.831
1546.660467,2,1,3,0,1,53.0,0.0
1546.661481,1,1,1,0,1,48.0,0.0
1546.666459,1,1,4,0,1,52.0,0.0
1546.670835,5,2,1,0,2,45.0,4.055
1546.671895,1,3,19,9,140,73.0,7878.0
1546.672623,1,1,1,0,1,48.0,0.0
1546.6867725,6,1,3,0,16,52.0,55.213
1546.6920725,6,2,2,0,5,49.0,27.054
1546.7056365,6,1,1,0,1,45.0,0.0
1546.726503,1,2,2,0,3,52.0,20.82
1546.745682,1,4,4,0,35,55.0,189.942
1546.75027,5,1,1,0,1,47.0,0.0
1546.7649475,6,1,1,0,1,45.0,0.0
1546.778405,1,1,2,0,1,47.0,0.0
1546.7784085,6,1,2,0,10,50.0,31.548
1546.7784275,3,1,1,0,1,45.0,0.0
1546.7973,5,12,5,0,18,52.0,146.664
1546.8055425,6,2,4,0,17,56.0,252.462
1546.819804,5,9,5,0,17,51.0,131.835
1546.8346755,6,3,4,0,19,58.0,273.995
1546.8404235,6,1,1,0,1,45.0,0.0
1546.8448395,6,1,1,0,1,45.0,0.0
1546.8589695,6,2,2,0,21,56.0,126.425
1546.8604765,6,2,1,0,5,47.0,13.618
1546.890008,1,1,2,0,9,53.0,77.258
1546.892371,5,2,1,0,3,52.0,23.236
1546.9124945,6,1,1,0,1,45.0,0.0
1546.9194955,6,1,2,0,8,49.0,27.923
1546.973534,5,2,2,0,2,48.0,3.903
1546.975276,5,2,1,0,3,53.0,29.096
1546.9752925,6,1,1,0,1,45.0,0.0
1546.9969915,6,1,3,0,1,48.0,0.0
1547.002262,5,3,5,0,4,49.0,31.796
1547.0182145,3,2,13,4,147,59.0,769.677
1547.018222,1,15,30,8,143,62.0,3018.0
1547.019389,5,2,5,0,2,49.0,5.81
1547.019412,2,1,1,0,1,50.0,0.0
1547.0281755,6,1,1,0,1,45.0,0.0
1547.051145,5,2,2,0,6,47.0,30.101
1547.065775,1,2,2,0,3,54.0,42.589
1547.077298,1,1,1,0,1,47.0,0.0
1547.0783985,6,1,2,0,21,49.0,39.898
1547.091296,1,1,2,0,1,48.0,0.0
1547.092178,5,2,2,0,3,50.0,23.671
1547.0996595,6,1,1,0,6,50.0,18.178
1547.103111,5,1,1,0,1,45.0,0.0
1547.1033995,3,2,13,3,141,58.0,792.069
1547.1034035,6,25,20,6,162,61.0,1835.0
1547.103412,2,63,16,6,142,61.0,2214.0
1547.109045,5,1,1,0,1,50.0,0.0
1547.167344,1,2,3,0,16,56.0,170.951
1547.16787,1,1,1,0,1,45.0,0.0
1547.185513,5,1,5,0,7,50.0,27.575
1547.185568,1,1,1,0,1,49.0,0.0
1547.191007,5,1,1,0,1,45.0,0.0
1547.2130125,6,4,7,1,52,60.0,287.214
1547.2130235,3,1,1,0,18,50.0,24.523
1547.213033,2,2,5,0,3,53.0,39.986
1547.213078,1,1,1,0,1,45.0,0.0
1547.2142155,6,1,1,0,1,46.0,0.0
1547.225657,1,2,1,0,2,45.0,3.55
1547.23381,5,2,1,0,2,46.0,4.927
1547.252719,1,2,3,0,5,51.0,45.5
1547.303249,5,4,33,10,194,66.0,5026.0
1547.3032505,3,4,15,6,213,65.0,2769.0
1547.303253,1,1,29,8,223,61.0,2087.0
1547.303253,2,19,20,8,117,64.0,4015.0
1547.3032555,6,11,24,9,180,67.0,4974.0
1547.303265,4,1,1,0,1,49.0,0.0
1547.3049035,6,1,1,0,1,45.0,0.0
1547.305357,5,3,3,0,4,62.0,428.564
1547.3122365,6,1,3,0,1,50.0,0.0
1547.321986,1,2,5,0,18,55.0,230.26
1547.3355145,6,2,4,0,8,59.0,170.988
1547.357406,5,11,17,5,154,61.0,1425.0
1547.3574215,3,1,4,0,62,50.0,77.953
1547.357424,2,1,6,2,89,55.0,422.648
1547.357431,1,26,13,3,166,58.0,613.587
1547.3631805,6,1,1,0,1,48.0,0.0
1547.3926035,6,2,2,0,5,49.0,19.693
1547.3998505,6,1,1,0,4,49.0,15.105
1547.470432,5,2,1,0,2,45.0,5.484
1547.492783,1,5,15,2,65,54.0,391.539
1547.4928055,3,1,2,0,4,49.0,14.876
1547.5131555,6,2,2,0,3,52.0,21.076
1547.5286935,3,1,2,0,1,46.0,0.0
1547.528702,5,11,4,0,18,51.0,96.644
1547.5287155,6,1,3,0,15,48.0,29.088
1547.542658,5,2,1,0,2,45.0,3.324
1547.5434835,6,2,3,0,15,58.0,231.367
1547.559205,5,5,4,0,15,49.0,60.28
1547.56134,5,3,7,1,56,58.0,515.851
1547.5613545,6,9,3,0,12,50.0,48.302
1547.561362,1,1,1,0,1,46.0,0.0
1547.5683155,6,1,1,0,1,45.0,0.0
1547.5716595,6,1,10,2,75,56.0,364.373
1547.571668,1,2,12,2,91,57.0,407.326
1547.5716835,3,1,5,1,61,56.0,274.016
1547.5737795,6,1,7,1,59,57.0,269.852
1547.5737865,3,2,2,0,3,49.0,12.849
1547.5738,5,3,6,1,89,50.0,167.293
1547.5776045,6,1,2,0,15,51.0,72.257
1547.597076,1,1,1,0,1,45.0,0.0
1547.600702,4,2,3,0,17,59.0,248.108
1547.6007125,3,1,15,4,236,53.0,539.487
1547.6007135,6,138,21,6,178,63.0,1841.0
1547.600719,2,2,12,7,234,61.0,1973.0
1547.600724,1,15,27,6,227,57.0,1365.0
1547.6137475,3,2,2,0,5,51.0,31.929
1547.613749,1,1,4,0,16,51.0,54.413
1547.6137895,6,1,3,0,1,49.0,0.0
1547.6226205,6,1,4,0,13,58.0,149.487
1547.6397545,6,3,27,10,185,73.0,10107.0
1547.6397705,3,24,20,4,133,60.0,1075.0
1547.639777,2,1,15,5,112,61.0,2021.0
1547.6518305,6,1,1,0,1,46.0,0.0
1547.6621785,6,1,1,0,1,45.0,0.0
1547.6657305,3,1,10,2,107,53.0,363.713
1547.66574,2,2,9,3,97,60.0,968.016
1547.6657495,6,30,11,2,118,57.0,407.362
1547.6726585,6,1,2,0,1,47.0,0.0
1547.679678,1,1,1,0,1,46.0,0.0
1547.6839075,6,11,11,2,58,62.0,745.327
1547.6839365,3,8,4,0,21,51.0,95.273
1547.683961,1,2,5,0,14,55.0,157.113
1547.6876585,3,1,2,0,5,50.0,20.538
1547.687672,2,1,3,0,1,53.0,0.0
1547.687752,1,1,1,0,1,45.0,0.0
1547.6908555,6,1,2,0,25,49.0,36.075
1547.6926205,6,2,1,0,2,47.0,4.055
1547.7021295,6,3,3,0,8,57.0,172.361
1547.706364,1,9,5,0,24,53.0,102.965
1547.7075195,3,4,16,4,209,55.0,782.099
1547.7075265,6,1,18,4,196,59.0,830.25
1547.707529,2,1,13,4,97,60.0,1178.0
1547.7114555,3,1,1,0,1,45.0,0.0
1547.711463,5,2,4,0,3,51.0,7.249
1547.7114875,6,1,2,0,1,46.0,0.0
1547.729022,1,2,1,0,2,50.0,7.499
1547.755233,1,1,1,0,1,49.0,0.0
1547.761805,1,1,5,0,12,52.0,75.35
1547.7618145,3,1,1,0,1,45.0,0.0
1547.7643865,6,1,1,0,1,45.0,0.0
1547.7652625,3,2,1,0,2,45.0,3.933
1547.768869,1,1,1,0,1,45.0,0.0
1547.774406,1,2,1,0,3,46.0,8.096
1547.8087495,6,2,2,0,2,53.0,19.574
1547.80875,5,4,8,0,5,55.0,48.034
1547.8456905,6,1,1,0,1,47.0,0.0
1547.8551905,6,1,2,0,4,48.0,14.313
1547.85798,1,4,4,0,5,54.0,80.721
1547.8723945,6,1,1,0,1,49.0,0.0
1547.875645,5,3,13,4,45,63.0,2628.0
1547.8756625,6,9,4,0,13,56.0,94.58
1547.875676,1,1,4,0,1,50.0,0.0
1547.887538,1,8,16,3,140,56.0,748.334
1547.8875405,6,42,16,3,172,56.0,509.156
1547.887542,2,55,9,4,119,59.0,1019.0
1547.887556,5,9,7,1,57,53.0,231.005
1547.909822,5,1,2,0,1,46.0,0.0
1547.928595,1,3,11,2,73,59.0,515.722
1547.9286265,6,2,1,0,5,48.0,15.783
1547.949857,1,1,2,0,1,47.0,0.0
1547.950948,1,1,1,0,1,45.0,0.0
1547.958906,5,4,12,3,40,66.0,2620.0
1547.9589285,6,1,5,0,1,50.0,0.0
1547.9589775,3,1,1,0,1,45.0,0.0
1547.9671185,6,2,5,1,25,57.0,361.119
1547.9717935,6,1,2,0,18,46.0,20.6
1547.97933,5,1,3,0,1,48.0,0.0
1547.979766,1,1,3,0,7,50.0,26.902
1547.9845925,6,1,1,0,1,45.0,0.0
1547.9935255,6,1,1,0,1,45.0,0.0
1548.0022445,6,2,1,0,2,47.0,15.977
1548.011972,1,1,5,0,65,49.0,81.984
1548.0119845,3,1,4,0,23,50.0,77.979
1548.01199,5,1,2,0,26,48.0,41.894
1548.0215415,6,1,3,0,1,48.0,0.0
1548.05232,5,2,1,0,2,45.0,3.933
1548.0591795,6,1,3,0,6,57.0,96.374
1548.067266,5,1,2,0,1,47.0,0.0
1548.0672795,6,1,1,0,1,45.0,0.0
1548.0804285,6,1,2,0,7,51.0,37.315
1548.084506,2,5,25,8,158,61.0,2579.0
1548.084518,5,27,21,4,157,56.0,672.19
1548.097379,5,1,1,0,1,45.0,0.0
1548.097438,1,1,1,0,1,45.0,0.0
1548.1353775,3,1,1,0,1,45.0,0.0
1548.145578,5,17,6,0,22,51.0,126.3
1548.1456005,6,2,1,0,3,48.0,13.917
1548.178949,1,28,7,1,47,51.0,159.316
1548.1789625,3,1,5,1,50,52.0,128.182
1548.180574,1,5,29,8,239,63.0,2649.0
1548.180588,5,27,29,6,220,58.0,1144.0
1548.1805895,6,33,33,10,269,58.0,2765.0
1548.1842065,3,2,20,6,217,61.0,1617.0
1548.184221,4,1,2,0,1,48.0,0.0
1548.1854785,6,3,2,0,5,48.0,27.711
1548.1896725,6,25,8,2,210,54.0,358.899
1548.189674,1,2,17,3,199,56.0,582.56
1548.1896975,3,1,4,1,163,48.0,86.54
1548.1906985,6,2,5,1,26,60.0,541.235
1548.190732,1,1,1,0,1,45.0,0.0
1548.216351,5,5,6,0,22,54.0,197.983
1548.2295995,6,2,2,0,4,47.0,21.54
1548.238005,1,1,1,0,1,49.0,0.0
1548.2380285,3,1,1,0,1,45.0,0.0
1548.257526,1,2,9,4,67,70.0,4481.0
1548.2722835,3,1,2,0,8,48.0,23.528
1548.2722955,6,1,3,0,18,51.0,61.464
1548.2782045,6,98,30,8,269,57.0,1813.0
1548.2924375,6,1,2,0,8,53.0,34.109
1548.2999985,6,1,3,0,19,54.0,79.795
1548.310425,5,2,11,1,66,56.0,315.62
1548.310458,1,1,2,0,21,46.0,18.912
1548.3352435,6,1,1,0,1,45.0,0.0
1548.336515,4,2,3,1,65,51.0,145.633
1548.336519,5,39,32,13,183,66.0,7955.0
1548.3365255,6,7,20,7,148,63.0,2953.0
1548.3365345,3,50,14,4,216,59.0,880.08
1548.336539,2,1,21,8,169,63.0,3268.0
1548.3693945,6,2,1,0,2,45.0,28.757
1548.374311,1,6,30,8,291,64.0,2627.0
1548.374318,5,31,31,6,230,57.0,1150.0
1548.3743235,6,98,32,10,269,59.0,2800.0
1548.3835365,6,1,1,0,1,49.0,0.0
1548.386215,5,2,1,0,2,46.0,5.52
1548.3896485,3,2,7,2,88,58.0,523.289
1548.389655,1,9,14,2,93,56.0,553.281
1548.389665,5,10,9,1,75,53.0,263.214
1548.395834,5,3,10,1,22,58.0,350.034
1548.3958505,6,1,3,0,6,48.0,16.64
1548.4063745,3,2,2,0,5,49.0,14.875
1548.406377,2,4,6,1,13,63.0,1080.0
1548.406386,1,21,10,2,92,54.0,436.929
1548.406389,5,2,7,0,5,49.0,15.481
1548.4064175,6,1,4,0,25,51.0,47.918
1548.4080605,6,1,2,0,4,51.0,18.099
1548.408062,1,1,2,0,1,46.0,0.0
1548.415237,1,1,1,0,1,45.0,0.0
1548.415256,5,1,1,0,1,47.0,0.0
1548.4268455,6,1,1,0,1,45.0,0.0
1548.4394325,6,2,2,0,2,47.0,7.169
1548.442629,1,1,1,0,1,45.0,0.0
1548.4426425,6,1,2,0,1,48.0,0.0
1548.4426515,3,1,1,0,1,45.0,0.0
1548.4587225,6,1,1,0,1,48.0,0.0
1548.4700605,3,10,24,7,185,62.0,2293.0
1548.470073,5,1,22,3,148,55.0,652.273
1548.4741775,6,1,1,0,1,46.0,0.0
1548.4777795,3,1,5,1,71,48.0,106.388
1548.477783,5,11,12,2,81,52.0,340.196
1548.477784,1,1,8,1,56,53.0,294.813
1548.477797,2,2,7,1,61,54.0,349.323
1548.503856,1,2,4,0,14,56.0,211.92
1548.515552,2,1,1,0,1,50.0,0.0
1548.515555,5,2,4,0,5,51.0,22.41
1548.5253845,6,1,3,0,35,48.0,57.417
1548.525386,1,1,1,0,1,45.0,0.0
1548.5262895,6,2,4,0,3,50.0,15.082
1548.526294,1,1,3,0,1,51.0,0.0
1548.5262945,3,1,1,0,1,45.0,0.0
1548.526313,5,1,3,0,1,50.0,0.0
1548.532221,5,2,7,1,66,50.0,160.364
1548.532262,2,1,2,0,1,52.0,0.0
1548.532277,1,1,3,0,1,48.0,0.0
1548.5568415,6,2,2,0,2,47.0,4.562
1548.565818,1,5,30,8,291,63.0,2741.0
1548.56582,2,2,29,12,221,62.0,4313.0
1548.5658215,3,3,25,9,192,63.0,3569.0
1548.565832,5,27,28,6,232,58.0,1153.0
1548.5658325,6,99,34,10,273,58.0,2815.0
1548.57472,5,2,9,2,31,66.0,1963.0
1548.588021,5,2,1,0,17,52.0,66.311
1548.590869,1,1,3,0,26,50.0,54.581
1548.5908835,3,1,2,0,13,46.0,22.531
1548.59091,2,1,1,0,1,51.0,0.0
1548.592084,5,2,2,0,2,52.0,22.584
1548.5921055,6,1,2,0,1,50.0,0.0
1548.6123415,6,1,2,0,1,45.0,0.0
1548.616768,1,1,1,0,1,45.0,0.0
1548.6235185,6,1,1,0,1,47.0,0.0
1548.6384695,6,2,5,0,18,51.0,94.228
1548.638488,5,1,3,0,6,50.0,31.082
1548.638543,1,1,2,0,1,46.0,0.0
1548.6504175,6,2,4,0,4,59.0,117.339
1548.6569365,6,1,1,0,4,47.0,10.302
1548.661574,1,6,24,6,222,62.0,1657.0
1548.661576,2,9,24,9,221,60.0,2745.0
1548.6681735,3,3,4,0,5,52.0,40.974
1548.668187,1,4,8,2,90,57.0,346.076
1548.668188,5,42,15,2,78,53.0,368.985
1548.668204,2,6,3,0,7,56.0,162.769
1548.6682145,6,5,3,0,23,49.0,52.443
1548.672824,5,2,1,0,2,46.0,4.432
1548.6898725,6,1,1,0,1,48.0,0.0
1548.691861,5,3,2,0,6,53.0,67.763
1548.7086175,3,1,2,0,4,50.0,18.978
1548.708626,5,5,5,0,18,51.0,108.375
1548.708627,1,2,1,0,2,51.0,4.961
1548.7086425,6,1,1,0,1,45.0,0.0
1548.7286255,6,1,2,0,4,46.0,9.401
1548.729456,5,2,3,0,5,48.0,26.437
1548.73252,5,8,34,24,193,76.0,44718.0
1548.732538,4,1,2,0,38,51.0,90.653
1548.7325395,6,10,28,9,186,69.0,5311.0
1548.7325435,3,5,20,5,202,59.0,1249.0
1548.746553,5,2,4,0,5,57.0,113.185
1548.7465625,3,3,2,0,8,52.0,56.594
1548.748994,1,2,1,0,2,45.0,4.025
1548.750446,1,1,3,0,1,50.0,0.0
1548.7504525,6,1,3,0,1,51.0,0.0
1548.750461,5,2,1,0,3,49.0,10.762
1548.7504645,3,1,1,0,1,45.0,0.0
1548.756648,5,1,1,0,1,45.0,0.0
1548.757431,1,6,29,8,236,64.0,2602.0
1548.7574315,3,7,25,9,192,64.0,3607.0
1548.757433,2,2,28,12,224,62.0,4256.0
1548.757442,5,27,29,5,157,57.0,1034.0
1548.7574435,6,98,32,10,247,59.0,2741.0
1548.770156,5,6,10,3,59,62.0,1475.0
1548.770185,1,1,5,0,6,51.0,30.406
1548.7701895,3,1,1,0,1,45.0,0.0
1548.809697,5,2,8,1,32,53.0,194.356
1548.8143685,3,1,1,0,4,49.0,16.148
1548.819024,1,2,4,0,15,51.0,91.624
1548.8300295,6,7,3,0,9,54.0,66.67
1548.8390015,6,1,2,0,1,50.0,0.0
1548.8404885,6,1,1,0,1,45.0,0.0
1548.841063,1,1,1,0,1,46.0,0.0
1548.8437715,6,3,2,0,11,52.0,80.214
1548.8749235,3,1,1,0,1,45.0,0.0
1548.881364,5,16,17,3,92,59.0,908.626
1548.8813855,6,3,9,2,47,63.0,814.086
1548.8814155,3,1,2,0,4,48.0,9.924
1548.891299,5,4,17,7,179,66.0,3035.0
1548.8913045,6,25,16,4,152,60.0,1122.0
1548.8913065,3,3,8,2,83,59.0,528.675
1548.891307,1,1,18,4,147,56.0,834.316
1548.891322,4,1,2,0,10,51.0,52.762
1548.907877,5,1,2,0,5,47.0,18.647
1548.910912,5,1,2,0,1,46.0,0.0
1548.915542,5,2,2,0,3,47.0,13.052
1548.9197405,6,1,1,0,1,45.0,0.0
1548.9210845,6,1,1,0,1,45.0,0.0
1548.9232245,6,2,5,1,23,65.0,1257.0
1548.933473,2,2,4,0,17,57.0,232.583
1548.9334765,3,3,3,0,5,56.0,76.267
1548.933513,5,2,1,0,4,47.0,19.862
1548.9335195,6,1,3,0,4,47.0,10.473
1548.933563,1,1,1,0,1,45.0,0.0
1548.9504405,6,2,2,0,10,50.0,31.644
1548.9954195,6,2,6,2,24,65.0,1567.0
1549.05262,1,2,2,0,2,48.0,14.315
1549.0546915,6,2,1,0,3,48.0,13.944
1549.069035,5,2,2,0,3,53.0,33.506
1549.0757025,6,1,2,0,8,51.0,48.35
1549.079638,1,2,1,0,3,48.0,11.131
1549.0818525,6,1,2,0,5,53.0,44.026
1549.1017975,6,3,16,6,161,62.0,1773.0
1549.1085655,3,1,1,0,1,45.0,0.0
1549.108575,2,1,2,0,1,54.0,0.0
1549.108578,1,2,4,0,3,48.0,11.899
1549.1563265,6,1,1,0,1,45.0,0.0
1549.156858,5,3,4,0,4,51.0,38.23
1549.1571425,6,1,1,0,1,45.0,0.0
1549.1591185,6,1,2,0,4,51.0,21.075
1549.1616235,6,4,3,0,5,53.0,52.104
1549.1639175,6,2,1,0,2,45.0,3.241
1549.164682,1,1,1,0,1,45.0,0.0
1549.164685,5,1,2,0,1,49.0,0.0
1549.1646925,6,1,1,0,1,47.0,0.0
1549.1720265,6,1,1,0,1,45.0,0.0
1549.212822,5,2,2,0,3,53.0,40.354
1549.2128435,6,1,2,0,1,47.0,0.0
1549.2244285,6,1,1,0,1,45.0,0.0
1549.2265365,3,1,3,1,161,55.0,132.219
1549.226546,2,1,2,0,6,55.0,90.017
1549.2265855,6,1,1,0,1,46.0,0.0
1549.2275345,6,1,1,0,1,45.0,0.0
1549.2285515,6,1,1,0,1,45.0,0.0
1549.251302,5,3,2,0,4,51.0,18.46
1549.2513215,6,1,4,0,24,53.0,115.718
1549.263373,5,19,8,1,46,55.0,392.916
1549.2633935,6,4,6,1,21,60.0,461.775
1549.26344,1,1,2,0,8,48.0,24.806
1549.284432,1,2,4,0,40,54.0,146.131
1549.298017,5,1,8,1,39,54.0,242.409
1549.2980255,6,3,5,1,44,54.0,209.964
1549.3155875,6,2,1,0,3,48.0,16.483
1549.32539,1,2,1,0,3,46.0,8.929
1549.3265865,6,1,2,0,1,48.0,0.0
1549.331319,1,3,2,0,8,53.0,101.054
1549.358708,5,1,1,0,1,46.0,0.0
1549.3587495,6,1,1,0,1,45.0,0.0
1549.370027,5,1,6,0,4,51.0,15.144
1549.381348,5,4,6,1,46,59.0,516.141
1549.3813575,3,2,2,0,8,53.0,62.789
1549.3813875,6,1,1,0,1,45.0,0.0
1549.381416,1,1,2,0,1,47.0,0.0
1549.394698,1,2,3,0,17,51.0,92.609
1549.402364,2,31,7,1,32,58.0,477.727
1549.402377,1,2,8,1,66,53.0,265.318
1549.411656,5,1,3,0,1,47.0,0.0
1549.4186185,6,1,1,0,1,46.0,0.0
1549.4273175,6,1,1,0,1,45.0,0.0
1549.4434285,6,1,2,0,4,50.0,15.966
1549.465309,5,2,5,0,16,48.0,77.302
1549.4653315,6,1,1,0,1,45.0,0.0
1549.4686445,6,1,3,0,1,46.0,0.0
1549.468649,5,2,6,0,32,50.0,136.015
1549.468653,1,2,1,0,5,48.0,16.683
1549.471124,5,1,4,0,21,52.0,122.316
1549.4711465,6,1,3,0,11,48.0,39.635
1549.479556,1,2,1,0,2,47.0,6.222
1549.491405,1,3,2,0,4,48.0,47.215
1549.492052,1,3,2,0,5,53.0,101.84
1549.4952055,6,3,6,1,33,65.0,947.027
1549.495234,5,1,3,0,66,48.0,91.045
1549.4952645,3,1,1,0,1,45.0,0.0
1549.497804,1,1,4,0,35,54.0,113.76
1549.503923,2,2,1,0,2,51.0,10.07
1549.503929,1,1,1,0,1,47.0,0.0
1549.508103,1,2,2,0,6,52.0,37.477
1549.5227675,6,3,3,0,16,56.0,102.187
1549.522804,1,1,2,0,1,48.0,0.0
1549.56981,1,30,8,1,43,54.0,262.727
1549.5698365,6,1,2,0,4,50.0,17.732
1549.5715205,6,2,1,0,3,51.0,19.413
1549.572837,5,8,10,2,43,60.0,879.418
1549.572863,1,1,3,0,41,48.0,48.216
1549.576975,1,7,9,2,62,61.0,818.572
1549.597711,1,1,1,0,1,48.0,0.0
1549.6010935,6,1,2,0,1,46.0,0.0
1549.606947,1,1,1,0,1,46.0,0.0
1549.618267,1,2,8,1,46,59.0,444.394
1549.6182965,6,1,1,0,1,46.0,0.0
1549.618314,5,1,2,0,1,49.0,0.0
1549.623471,1,2,6,0,32,54.0,141.528
1549.6234975,6,1,2,0,4,48.0,14.186
1549.6292355,6,1,10,3,130,62.0,1202.0
1549.629263,1,1,9,1,57,52.0,206.964
1549.629272,2,1,1,0,1,50.0,0.0
1549.6292785,3,1,3,0,18,50.0,54.451
1549.6438305,6,1,1,0,4,51.0,17.894
1549.651315,1,1,2,0,1,50.0,0.0
1549.667339,5,1,1,0,1,45.0,0.0
1549.6673845,6,1,1,0,1,45.0,0.0
1549.6707385,6,2,2,0,2,47.0,5.52
1549.6939325,6,8,4,0,24,55.0,231.31
1549.695673,1,4,4,0,35,54.0,149.796
1549.7209135,6,1,3,0,104,48.0,72.544
1549.7306305,6,1,1,0,1,45.0,0.0
1549.748029,5,1,3,0,7,50.0,25.253
1549.7480335,6,1,1,0,1,45.0,0.0
1549.753014,5,2,2,0,3,50.0,18.18
1549.7530225,6,1,1,0,1,47.0,0.0
1549.756471,5,11,4,0,15,53.0,125.925
1549.756502,1,2,3,0,3,47.0,10.772
1549.7621415,6,1,1,0,1,45.0,0.0
1549.787701,1,3,5,1,38,56.0,198.411
1549.7877225,6,1,2,0,11,50.0,54.295
1549.799091,5,2,2,0,5,53.0,35.879
1549.7997065,6,1,1,0,1,45.0,0.0
1549.8138295,6,1,1,0,1,45.0,0.0
1549.836614,1,1,1,0,1,45.0,0.0
1549.8453425,6,2,3,0,16,57.0,216.446
1549.8662805,6,1,1,0,1,45.0,0.0
1549.8776515,6,2,2,0,11,54.0,47.441
1549.880532,1,2,3,0,8,54.0,72.116
1549.89765,5,1,1,0,1,46.0,0.0
1549.9175255,6,1,15,3,90,59.0,700.765
1549.917528,1,52,11,2,74,56.0,403.649
1549.917534,2,34,8,2,79,56.0,630.621
1549.9175355,3,2,6,1,49,51.0,162.604
1549.944284,1,1,3,0,1,47.0,0.0
1549.9559135,6,1,5,1,18,60.0,411.997
1549.971428,1,2,1,0,3,51.0,21.843
1549.9878815,6,2,3,0,7,53.0,168.374
1550.019148,1,12,10,2,120,53.0,335.183
1550.0191485,3,1,6,1,52,55.0,257.872
1550.061072,1,2,1,0,3,48.0,11.961
1550.063838,5,1,2,0,6,50.0,20.712
1550.0723005,6,1,1,0,1,47.0,0.0
1550.074951,1,4,1,0,5,49.0,31.61
1550.0868655,6,1,3,0,11,50.0,51.001
1550.08762,1,8,5,1,34,56.0,318.001
1550.087631,2,1,3,1,33,54.0,198.516
1550.0876405,6,1,4,0,42,50.0,65.806
1550.087695,5,1,2,0,1,49.0,0.0
1550.0888565,6,2,2,0,12,50.0,63.416
1550.091753,2,1,4,0,11,53.0,75.53
1550.091762,5,8,9,0,16,55.0,175.774
1550.091776,1,43,6,1,71,51.0,176.484
1550.094248,2,1,2,0,1,51.0,0.0
1550.0967645,6,1,1,0,1,47.0,0.0
1550.09733,5,3,5,0,20,56.0,308.109
1550.0980225,6,1,1,0,1,45.0,0.0
1550.111257,5,3,4,0,18,56.0,194.195
1550.135079,1,1,3,0,28,48.0,27.568
1550.145909,1,1,2,0,4,45.0,9.261
1550.1525905,3,13,14,2,123,58.0,502.964
1550.1525905,6,3,18,4,121,62.0,1348.0
1550.159481,1,2,2,0,2,49.0,14.957
1550.1674485,6,1,1,0,1,49.0,0.0
1550.1679555,6,10,9,1,69,57.0,358.638
1550.167957,1,32,8,1,84,52.0,245.303
1550.1700495,6,3,7,1,35,57.0,388.765
1550.170087,1,28,3,0,29,52.0,81.725
1550.1700875,3,1,2,0,8,45.0,14.592
1550.172829,5,1,2,0,35,49.0,57.209
1550.172856,1,1,4,0,1,48.0,0.0
1550.2087755,6,1,1,0,1,50.0,0.0
1550.2165325,6,1,10,2,98,57.0,505.283
1550.21763,1,2,1,0,2,45.0,11.888
1550.2186435,6,2,1,0,2,50.0,25.269
1550.220966,1,2,3,0,58,48.0,89.684
1550.220975,5,10,5,0,27,51.0,112.065
1550.2209835,3,1,1,0,1,45.0,0.0
1550.224235,1,2,5,0,37,52.0,128.269
1550.2290985,6,1,1,0,1,47.0,0.0
1550.230554,1,1,2,0,1,47.0,0.0
1550.2305725,6,1,1,0,1,45.0,0.0
1550.232433,1,1,6,1,45,54.0,160.069
1550.2324465,3,1,2,0,5,49.0,19.267
1550.232464,2,1,3,0,1,53.0,0.0
1550.2346205,6,2,9,2,67,60.0,691.925
1550.234641,5,1,7,0,21,50.0,63.527
1550.234644,1,1,6,0,51,51.0,106.76
1550.2346525,3,1,2,0,5,48.0,11.841
1550.2366765,6,1,4,0,22,57.0,241.257
1550.2475645,6,1,1,0,1,46.0,0.0
1550.261575,5,1,2,0,29,48.0,36.998
1550.2615975,6,2,1,0,3,49.0,16.812
1550.2633315,3,1,2,0,11,52.0,83.993
1550.26334,1,2,8,1,57,55.0,221.76
1550.263341,5,4,11,0,17,55.0,220.054
1550.2633725,6,1,3,0,6,49.0,16.262
1550.2668355,6,1,1,0,1,50.0,0.0
1550.2692735,6,1,2,0,6,53.0,43.414
1550.273552,5,1,1,0,4,50.0,20.31
1550.2847095,6,2,2,0,5,49.0,36.23
1550.3030855,6,1,2,0,4,48.0,11.631
1550.3062455,6,1,1,0,1,45.0,0.0
1550.308766,5,98,27,8,226,64.0,2828.0
1550.308888,1,2,12,1,53,54.0,300.628
1550.3089045,3,1,2,0,11,46.0,14.905
1550.308909,2,1,6,1,33,55.0,378.486
1550.3125345,6,1,1,0,1,46.0,0.0
1550.319121,5,2,1,0,3,47.0,21.264
1550.3191375,6,1,3,0,1,46.0,0.0
1550.3227815,6,1,1,0,1,45.0,0.0
1550.3237565,6,1,2,0,1,49.0,0.0
1550.3555015,6,1,2,0,4,50.0,18.649
1550.35695,1,1,2,0,1,48.0,0.0
1550.371871,5,3,1,0,4,49.0,23.673
1550.386627,1,1,1,0,1,45.0,0.0
1550.3972265,6,1,1,0,1,45.0,0.0
1550.403815,5,1,1,0,1,45.0,0.0
1550.4038325,3,1,1,0,1,46.0,0.0
1550.4038435,6,1,1,0,1,45.0,0.0
1550.4095055,6,1,1,0,1,46.0,0.0
1550.4188375,6,1,4,0,23,49.0,38.903
1550.41884,5,8,6,0,15,50.0,109.015
1550.43261,5,2,1,0,3,46.0,17.051
1550.4326375,6,1,1,0,1,45.0,0.0
1550.442265,1,2,37,24,253,81.0,61199.0
1550.4422985,6,8,12,2,87,60.0,727.921
1550.442303,5,2,10,1,27,56.0,301.256
1550.448026,5,6,6,1,42,58.0,516.096
1550.4480615,6,2,1,0,3,46.0,9.72
1550.4486015,6,8,3,0,15,49.0,85.836
1550.449523,5,3,2,0,14,51.0,78.105
1550.4528365,6,2,3,0,21,53.0,109.238
1550.463556,1,2,1,0,2,45.0,9.686
1550.477652,5,2,15,3,109,58.0,825.173
1550.4776575,3,1,2,0,1,50.0,0.0
1550.4776695,6,1,8,1,93,52.0,213.405
1550.47769,1,1,9,2,95,51.0,267.486
1550.478561,5,1,4,0,1,50.0,0.0
1550.501522,1,1,3,0,4,52.0,34.418
1550.504769,1,2,2,0,8,52.0,50.836
1550.5065465,6,1,1,0,1,47.0,0.0
1550.508926,1,1,1,0,1,47.0,0.0
1550.518912,5,1,3,0,1,47.0,0.0
1550.522044,5,1,1,0,1,47.0,0.0
1550.522771,1,2,5,0,16,52.0,103.543
1550.5227795,3,7,2,0,12,54.0,106.292
1550.5228045,6,1,3,0,4,50.0,20.583
1550.5265805,6,1,1,0,1,46.0,0.0
1550.5419335,3,1,1,0,4,47.0,10.287
1550.541943,2,1,1,0,1,50.0,0.0
1550.541943,5,3,3,0,6,57.0,148.589
1550.5454415,6,1,1,0,1,46.0,0.0
1550.546349,5,1,4,0,23,49.0,49.976
1550.5463645,6,2,2,0,16,52.0,73.715
1550.554908,5,11,14,1,46,58.0,392.501
1550.5549265,6,4,6,1,20,63.0,719.305
1550.5549465,3,1,4,0,15,49.0,35.255
1550.554959,1,1,2,0,1,47.0,0.0
1550.5725785,3,1,1,0,1,45.0,0.0
1550.594218,5,2,3,0,3,51.0,15.558
1550.5942415,6,1,1,0,1,47.0,0.0
1550.6060575,6,1,2,0,1,47.0,0.0
1550.607529,5,2,4,0,2,55.0,27.223
1550.6075305,6,2,3,0,3,51.0,17.309
1550.6276,5,1,1,0,1,45.0,0.0
1550.633225,1,1,1,0,1,48.0,0.0
1550.633248,5,2,2,0,2,46.0,3.665
1550.6334535,6,1,1,0,1,45.0,0.0
1550.63688,5,1,1,0,1,50.0,0.0
1550.6410965,6,6,8,1,25,62.0,779.99
1550.641117,1,2,3,0,32,52.0,70.222
1550.6411195,3,1,2,0,5,50.0,17.838
1550.652469,5,2,2,0,2,47.0,5.098
1550.671593,1,2,2,0,2,46.0,8.226
1550.681163,1,2,5,0,3,55.0,47.284
1550.6811915,3,1,1,0,1,45.0,0.0
1550.682163,5,2,2,0,2,45.0,7.667
1550.6821815,6,1,2,0,1,48.0,0.0
1550.6854655,6,1,1,0,8,46.0,16.872
1550.686831,5,2,5,0,30,53.0,176.937
1550.691483,5,3,11,2,55,59.0,762.455
1550.6915045,6,2,4,0,16,55.0,184.146
1550.700135,1,1,1,0,1,45.0,0.0
1550.701311,1,1,1,0,1,50.0,0.0
1550.702107,5,12,52,45,480,78.0,77645.0
1550.7021185,6,24,42,25,323,73.0,30797.0
1550.702123,2,33,39,27,257,72.0,25775.0
1550.702126,1,5,42,17,287,68.0,11171.0
1550.702128,4,2,10,3,86,58.0,807.427
1550.703755,5,3,9,2,27,61.0,1248.0
1550.7037885,6,2,1,0,2,45.0,4.305
1550.711558,5,10,5,0,11,52.0,85.789
1550.72148,5,1,3,0,1,49.0,0.0
1550.73669,5,3,4,0,13,51.0,103.514
1550.7389615,6,2,2,0,3,47.0,9.977
1550.740448,5,3,3,0,4,49.0,18.294
1550.740531,1,41,3,0,42,49.0,59.267
1550.7411465,6,1,1,0,1,50.0,0.0
1550.7448765,6,2,1,0,3,47.0,15.835
1550.74589,5,2,2,0,14,50.0,57.846
1550.753235,5,3,6,1,39,58.0,468.846
1550.757923,5,1,1,0,1,46.0,0.0
1550.759168,5,3,14,6,119,67.0,2727.0
1550.759192,1,14,11,1,71,55.0,353.166
1550.759197,2,1,8,2,72,59.0,617.988
1550.7592035,3,1,4,0,41,52.0,129.946
1550.764203,5,2,4,0,2,49.0,7.541
1550.765332,5,2,3,0,3,49.0,23.25
1550.76695,5,14,16,2,240,55.0,362.006
1550.7669735,6,2,1,0,11,52.0,26.227
1550.76779,5,15,90,54,767,75.0,45142.0
1550.7678065,6,18,76,30,672,72.0,16476.0
1550.76782,1,19,75,21,632,65.0,6663.0
1550.767822,4,2,1,0,2,47.0,5.664
1550.7678245,3,6,35,12,544,61.0,2448.0
1550.769353,5,7,20,9,248,64.0,3615.0
1550.769375,2,1,8,1,36,54.0,362.422
1550.769387,1,23,8,1,50,54.0,246.597
1550.7693925,3,1,4,0,50,51.0,113.818
1550.773819,1,47,11,1,48,53.0,383.232
1550.773827,2,1,2,0,4,54.0,37.578
1550.7738335,6,2,3,0,4,47.0,30.889
1550.777792,5,1,3,0,13,49.0,43.226
1550.7778115,6,1,2,0,1,47.0,0.0
1550.7824115,6,2,1,0,3,51.0,18.494
1550.7857725,6,1,1,0,1,48.0,0.0
1550.7923635,6,11,11,3,83,62.0,1265.0
1550.792379,1,22,7,0,24,51.0,78.033
1550.7923965,3,1,3,0,24,47.0,30.425
1550.792416,2,2,2,0,2,53.0,17.73
1550.797036,5,2,7,2,42,63.0,1603.0
1550.7970495,6,20,7,1,44,60.0,608.971
1550.797062,1,1,9,1,43,55.0,251.876
1550.7970755,3,1,1,0,5,49.0,16.49
1550.797084,2,1,2,0,1,52.0,0.0
1550.8066115,6,11,7,0,19,54.0,103.18
1550.806625,1,1,6,0,1,48.0,0.0
1550.8066475,3,1,2,0,1,46.0,0.0
1550.808886,5,6,7,1,51,54.0,324.898
1550.8089055,6,9,4,0,13,51.0,121.543
1550.8235165,6,1,6,1,21,61.0,600.291
1550.82893,5,1,2,0,1,51.0,0.0
1550.8355285,6,2,10,4,113,67.0,2322.0
1550.835558,1,1,5,0,4,51.0,21.299
1550.8355755,3,2,3,0,2,46.0,3.435
1550.836589,1,2,18,3,160,58.0,674.625
1550.8366035,3,1,6,1,135,54.0,210.04
1550.841475,5,1,4,0,7,48.0,17.543
1550.8414775,6,1,1,0,1,48.0,0.0
1550.8434165,6,1,1,0,1,47.0,0.0
1550.847071,5,2,6,0,7,53.0,70.403
1550.847079,1,1,3,0,1,51.0,0.0
1550.8470825,3,1,3,0,12,47.0,20.672
1550.8525845,6,1,2,0,1,47.0,0.0
1550.8587245,6,1,2,0,9,47.0,23.295
1550.861024,5,2,2,0,2,47.0,4.025
1550.863593,1,1,5,0,16,48.0,20.19
1550.8636045,3,1,2,0,87,49.0,65.33
1550.86361,2,1,2,0,1,54.0,0.0
1550.8636235,6,1,7,0,51,50.0,94.234
1550.864835,5,1,5,0,5,51.0,7.39
1550.865209,1,3,2,0,5,50.0,25.572
1550.870652,1,2,7,1,39,61.0,872.129
1550.889396,5,1,1,0,1,46.0,0.0
1550.8917055,6,1,3,0,8,50.0,33.736
1550.891723,5,1,1,0,1,45.0,0.0
1550.900471,1,2,1,0,3,46.0,12.068
1550.910251,5,2,1,0,2,47.0,4.961
1550.912873,5,3,22,5,101,60.0,1872.0
1550.9128815,3,1,11,2,86,53.0,335.454
1550.912886,1,20,13,2,98,57.0,548.176
1550.9210415,6,2,2,0,12,46.0,25.58
1550.922206,1,1,1,0,1,45.0,0.0
1550.9222285,6,2,1,0,2,47.0,3.55
1550.9328775,6,2,4,0,25,56.0,159.161
1550.932898,1,1,3,0,1,48.0,0.0
1550.936775,1,2,3,0,41,51.0,104.09
1550.9561995,6,1,1,0,1,45.0,0.0
1550.962623,2,2,2,0,3,57.0,68.617
1550.962638,1,2,3,0,3,50.0,10.93
1550.96267,5,1,1,0,1,46.0,0.0
1550.965183,1,2,8,1,54,53.0,170.651
1550.9651985,3,1,4,0,31,47.0,43.494
1550.9707385,6,1,1,0,1,46.0,0.0
1550.9846675,6,1,1,0,1,45.0,0.0
1551.0074285,6,6,6,1,87,58.0,365.071
1551.0074375,3,1,1,0,74,46.0,41.235
1551.007438,5,1,14,2,56,53.0,440.807
1551.008976,5,3,4,0,5,49.0,24.138
1551.011238,1,1,1,0,1,45.0,0.0
1551.016583,1,2,6,1,40,58.0,311.736
1551.033885,1,1,3,0,1,50.0,0.0
1551.044527,5,1,4,0,20,53.0,99.812
1551.0445385,6,7,2,0,8,50.0,29.761
1551.058244,2,1,3,0,1,53.0,0.0
1551.05825,5,1,3,0,4,48.0,12.106
1551.0582845,6,1,2,0,30,47.0,26.415
1551.058286,1,1,3,0,36,47.0,62.643
1551.059596,1,2,1,0,2,46.0,9.263
1551.0807015,3,1,1,0,1,45.0,0.0
1551.098923,1,2,2,0,3,50.0,15.279
1551.098939,5,2,2,0,2,48.0,4.432
1551.0989835,6,1,2,0,1,46.0,0.0
1551.108085,5,2,20,4,85,65.0,2487.0
1551.108118,1,2,1,0,3,51.0,17.702
1551.109353,5,2,1,0,2,45.0,4.562
1551.1103015,6,1,1,0,1,45.0,0.0
1551.1108335,6,1,2,0,16,52.0,73.875
1551.112879,1,2,1,0,3,53.0,36.961
1551.1129015,6,1,1,0,1,47.0,0.0
1551.114254,5,1,1,0,1,50.0,0.0
1551.1288385,6,4,3,0,10,54.0,180.027
1551.1384525,6,92,5,1,94,53.0,139.298
1551.138562,1,1,1,0,4,50.0,16.479
1551.141689,5,2,1,0,2,48.0,3.665
1551.156583,1,8,23,6,168,62.0,1999.0
1551.1565975,6,102,27,8,249,57.0,1770.0
1551.1588255,6,2,1,0,2,45.0,3.784
1551.159018,2,1,1,0,1,50.0,0.0
1551.161052,1,7,13,2,65,60.0,805.53
1551.1610675,6,1,9,1,87,54.0,302.609
1551.161068,2,2,6,0,18,58.0,194.094
1551.1677695,6,1,1,0,1,49.0,0.0
1551.1756985,6,1,1,0,1,46.0,0.0
1551.185587,1,4,2,0,5,51.0,49.422
1551.1857855,6,1,1,0,1,45.0,0.0
1551.2022565,6,1,1,0,1,45.0,0.0
1551.2221,1,1,1,0,1,45.0,0.0
1551.225884,1,2,1,0,4,46.0,16.823
1551.226925,1,3,7,2,63,61.0,949.976
1551.2409645,6,3,7,1,63,55.0,227.299
1551.252802,5,1,2,0,5,46.0,9.779
1551.2533995,3,7,26,9,193,63.0,3488.0
1551.253406,5,31,24,4,145,57.0,912.602
1551.2550015,6,1,2,0,1,48.0,0.0
1551.2572215,3,1,1,0,4,45.0,6.731
1551.2660505,6,2,3,0,17,49.0,52.961
1551.2929015,6,1,1,0,1,45.0,0.0
1551.295764,5,2,7,0,33,52.0,144.02
1551.2957865,6,1,1,0,1,45.0,0.0
1551.297583,5,4,4,0,5,48.0,20.276
1551.308039,1,31,5,1,37,53.0,177.778
1551.314706,5,1,1,0,1,45.0,0.0
1551.322173,5,3,3,0,7,49.0,35.817
1551.3344215,6,1,1,0,1,45.0,0.0
1551.3409365,6,1,2,0,1,45.0,0.0
1551.34441,1,1,1,0,1,45.0,0.0
1551.3444195,3,1,1,0,4,47.0,9.3
1551.3444245,6,1,1,0,1,45.0,0.0
1551.347989,5,1,3,0,15,51.0,66.038
1551.3492595,3,6,24,7,189,62.0,2276.0
1551.3492705,6,1,27,8,249,57.0,1796.0
1551.3643265,6,1,2,0,4,48.0,11.095
1551.3671865,6,1,2,0,11,54.0,60.306
1551.385384,1,1,2,0,1,48.0,0.0
1551.3903305,6,1,1,0,1,46.0,0.0
1551.390597,5,1,3,0,16,50.0,53.919
1551.398395,1,2,5,0,37,53.0,95.751
1551.3983965,6,3,7,1,79,53.0,250.159
1551.3984055,3,1,4,0,71,50.0,92.62
1551.398423,2,1,3,0,1,51.0,0.0
1551.4020485,3,1,4,0,24,51.0,79.155
1551.402051,1,1,4,1,79,48.0,87.247
1551.402066,2,1,4,0,4,55.0,47.751
1551.4261465,6,1,1,0,1,45.0,0.0
1551.4339025,3,1,2,0,4,53.0,28.372
1551.433953,5,1,1,0,1,45.0,0.0
1551.445102,2,12,26,12,231,62.0,4213.0
1551.4451045,3,6,26,9,189,64.0,3467.0
1551.4451155,6,102,31,10,271,58.0,2719.0
1551.458825,1,2,1,0,2,45.0,3.352
1551.4588305,6,1,5,0,1,49.0,0.0
1551.458836,5,1,2,0,8,47.0,14.178
1551.469841,5,1,4,0,22,56.0,125.946
1551.4698695,6,1,2,0,1,48.0,0.0
1551.4727485,3,1,1,0,5,50.0,21.381
1551.475328,5,2,3,0,2,48.0,4.179
1551.479483,1,1,4,0,8,57.0,101.445
1551.480541,5,2,7,1,35,60.0,526.998
1551.4805765,3,1,1,0,1,45.0,0.0
1551.4890165,6,1,2,0,21,50.0,67.961
1551.4949445,6,1,1,0,1,45.0,0.0
1551.4974965,6,2,4,0,7,56.0,101.506
1551.5014565,3,7,10,2,95,60.0,572.454
1551.501463,1,1,17,3,93,58.0,844.242
1551.501475,4,1,1,0,1,46.0,0.0
1551.5014805,6,6,10,2,134,57.0,418.075
1551.506532,5,1,2,0,5,53.0,37.629
1551.511695,1,1,1,0,1,46.0,0.0
1551.5136395,6,1,1,0,1,45.0,0.0
1551.518492,2,2,6,0,25,57.0,216.149
1551.518503,1,1,4,0,1,47.0,0.0
1551.518521,5,2,4,0,2,48.0,12.099
1551.5185225,6,1,3,0,4,46.0,9.63
1551.520493,5,6,7,0,9,53.0,129.992
1551.5220835,6,1,2,0,86,50.0,61.113
1551.522141,5,2,10,2,56,58.0,620.293
1551.539205,5,2,1,0,2,45.0,4.961
1551.541185,1,8,25,6,175,62.0,2089.0
1551.5411885,3,10,24,7,189,62.0,2259.0
1551.5411995,6,34,27,8,246,56.0,1739.0
1551.5441625,6,2,3,0,8,55.0,76.512
1551.5454005,3,1,1,0,4,46.0,7.491
1551.556723,1,2,17,3,126,59.0,654.444
1551.5567345,3,1,6,1,90,51.0,146.845
1551.556736,5,1,10,1,74,53.0,306.98
1551.556745,2,2,8,1,48,59.0,434.123
1551.560342,1,2,7,1,39,56.0,258.91
1551.5603625,6,1,2,0,11,50.0,52.975
1551.5610995,6,10,14,2,116,54.0,483.438
1551.5611,1,3,12,2,102,56.0,559.599
1551.5611035,3,17,10,2,92,55.0,487.874
1551.561117,2,13,11,4,112,58.0,1014.0
1551.562753,1,4,5,0,11,52.0,112.742
1551.5627565,3,1,1,0,4,49.0,13.281
1551.5630785,6,1,1,0,1,49.0,0.0
1551.566617,5,2,1,0,3,46.0,9.699
1551.5666355,6,2,1,0,3,50.0,16.156
1551.570954,5,2,2,0,16,49.0,33.731
1551.571699,1,1,1,0,1,46.0,0.0
1551.577993,5,2,1,0,2,45.0,3.352
1551.588231,5,1,15,2,73,54.0,352.416
1551.588247,1,2,5,1,61,52.0,153.287
1551.588266,2,3,4,0,27,54.0,191.192
1551.5901315,6,1,1,0,1,45.0,0.0
1551.607075,1,1,6,1,42,61.0,461.566
1551.6094925,3,2,1,0,2,45.0,9.639
1551.619612,1,1,3,0,6,53.0,50.856
1551.626636,5,2,4,0,3,49.0,11.568
1551.636903,1,8,29,9,213,64.0,3315.0
1551.6369175,6,102,31,10,253,58.0,2679.0
1551.641551,1,1,3,0,1,48.0,0.0
1551.6415555,3,1,2,0,9,51.0,50.089
1551.6580705,3,2,1,0,3,48.0,12.767
1551.658087,5,9,6,0,13,51.0,87.644
1551.658129,1,1,1,0,1,45.0,0.0
1551.6709675,6,1,1,0,1,49.0,0.0
1551.677227,5,2,3,0,8,49.0,38.75
1551.682524,5,1,2,0,1,46.0,0.0
1551.6879235,6,1,1,0,5,47.0,11.03
1551.6912635,6,2,6,3,31,69.0,4121.0
1551.707552,5,1,5,1,28,57.0,294.85
1551.7075725,6,1,2,0,1,45.0,0.0
1551.7092045,6,4,8,2,60,62.0,996.498
1551.709213,1,26,5,0,27,51.0,62.663
1551.709216,2,2,5,0,3,54.0,43.619
1551.7092245,3,1,6,0,18,49.0,49.109
1551.7325945,6,174,28,8,321,57.0,1856.0
1551.732665,5,18,20,3,145,56.0,621.02
1551.736605,5,2,16,2,36,60.0,831.903
1551.736633,1,1,6,0,63,49.0,90.877
1551.7366385,3,1,2,0,1,48.0,0.0
1551.7403125,6,8,3,0,14,55.0,107.973
1551.7560525,6,2,2,0,15,52.0,69.278
1551.7578695,6,1,1,0,1,48.0,0.0
1551.758076,5,2,6,0,32,50.0,113.632
1551.758124,1,1,1,0,1,45.0,0.0
1551.7713715,6,11,7,1,28,59.0,401.54
1551.771379,5,4,5,0,18,51.0,68.093
1551.771383,1,1,6,0,44,48.0,67.066
1551.782136,1,1,4,0,16,50.0,47.315
1551.7821495,3,1,1,0,1,45.0,0.0
1551.782153,2,1,5,1,66,55.0,318.314
1551.790222,5,1,6,1,52,50.0,166.003
1551.7902275,6,1,5,0,33,54.0,135.508
1551.790233,1,1,7,0,36,53.0,152.211
1551.791239,5,3,2,0,6,56.0,137.096
1551.800665,5,2,11,2,77,60.0,568.551
1551.802085,5,6,4,0,11,49.0,60.743
1551.8129485,6,1,1,0,5,46.0,9.08
1551.8279185,6,3,3,0,12,58.0,179.782
1551.8295305,6,59,30,10,250,58.0,2656.0
1551.8318365,6,2,6,1,37,62.0,789.872
1551.8338145,6,1,1,0,1,45.0,0.0
1551.841019,5,1,3,0,13,51.0,33.289
1551.8410345,3,1,3,0,18,51.0,61.767
1551.84886,1,2,2,0,7,52.0,50.118
1551.856682,5,8,16,4,70,61.0,1901.0
1551.8567035,6,7,5,0,15,58.0,241.77
1551.860587,5,8,41,21,279,72.0,19389.0
1551.8605985,6,24,31,15,247,72.0,12312.0
1551.860599,1,29,32,11,218,65.0,4890.0
1551.860605,2,29,29,16,184,67.0,11427.0
1551.860607,4,2,7,1,67,54.0,343.962
1551.862907,5,8,16,3,178,54.0,557.901
1551.863054,1,1,5,0,43,50.0,120.915
1551.8630675,3,1,1,0,4,48.0,11.368
1551.875835,5,2,2,0,3,46.0,12.537
1551.8907205,6,1,2,0,9,51.0,47.434
1551.893698,5,2,2,0,3,52.0,24.137
1551.8937195,6,1,1,0,1,49.0,0.0
1551.902004,1,1,1,0,1,47.0,0.0
1551.903115,5,4,3,0,5,50.0,32.358
1551.9031285,6,1,2,0,90,45.0,54.036
1551.90422,5,1,3,0,1,50.0,0.0
1551.9154855,6,1,3,0,14,49.0,39.409
1551.916182,1,2,1,0,2,45.0,3.903
1551.922586,5,1,5,0,25,48.0,54.656
1551.922769,2,2,2,0,6,57.0,131.239
1551.9227795,3,1,1,0,1,45.0,0.0
1551.939182,5,2,1,0,2,48.0,8.58
1551.95061,5,1,4,0,18,59.0,303.342
1551.9506415,6,1,3,0,1,48.0,0.0
1551.952837,5,1,4,0,1,48.0,0.0
1551.954178,1,1,1,0,1,46.0,0.0
1551.9619685,3,1,1,0,5,47.0,11.781
1551.970242,5,2,5,0,13,60.0,333.278
1551.9702445,3,1,3,0,15,56.0,122.209
1551.97025,1,1,3,0,1,45.0,0.0
1551.977705,5,3,1,0,4,48.0,16.745
1551.9806365,6,1,2,0,6,52.0,37.598
1551.988131,5,1,1,0,1,46.0,0.0
1551.989836,1,2,2,0,3,51.0,17.438
1551.9928275,6,1,1,0,1,45.0,0.0
1551.995946,5,4,9,2,51,57.0,594.618
1551.9959665,6,2,2,0,3,48.0,12.426
1551.99864,5,1,1,0,1,46.0,0.0
1552.013196,5,1,2,0,1,50.0,0.0
1552.0240725,6,2,4,1,27,60.0,316.255
1552.024083,5,1,5,0,1,49.0,0.0
1552.030252,5,5,6,0,6,56.0,83.818
1552.032948,5,14,25,10,175,67.0,5957.0
1552.0329595,6,8,22,9,174,70.0,6139.0
1552.032966,2,39,18,7,165,62.0,2817.0
1552.0329765,3,2,12,3,144,54.0,471.504
1552.032987,4,1,1,0,1,45.0,0.0
1552.0359885,3,1,1,0,1,45.0,0.0
1552.036002,1,2,1,0,2,47.0,3.55
1552.040184,5,1,1,0,4,51.0,21.495
1552.0402165,6,1,1,0,1,48.0,0.0
1552.0441375,6,1,1,0,1,45.0,0.0
1552.049317,5,2,8,0,17,53.0,137.169
1552.0493365,6,1,1,0,1,45.0,0.0
1552.054027,5,11,5,0,14,49.0,72.673
1552.0729005,6,9,6,0,21,54.0,137.417
1552.0749485,6,1,1,0,1,45.0,0.0
1552.083029,5,1,1,0,1,49.0,0.0
1552.109359,5,1,2,0,4,46.0,6.816
1552.111759,5,3,3,0,15,51.0,105.763
1552.118501,5,1,4,0,6,50.0,29.606
1552.128731,5,5,20,5,94,62.0,2025.0
1552.1287525,6,11,4,0,31,51.0,96.96
1552.128761,1,1,3,0,12,49.0,23.19
1552.1287625,3,1,3,0,13,52.0,48.429
1552.128779,2,1,2,0,1,57.0,0.0
1552.1332745,6,1,2,0,1,47.0,0.0
1552.1340875,6,2,1,0,3,49.0,19.523
1552.137364,1,1,1,0,1,45.0,0.0
1552.1373645,3,1,2,0,1,45.0,0.0
1552.139219,1,2,3,0,10,54.0,73.365
1552.1392425,6,1,2,0,1,50.0,0.0
1552.142136,5,1,1,0,1,51.0,0.0
1552.1472535,6,2,1,0,10,46.0,46.638
1552.1494385,6,1,3,0,18,51.0,60.323
1552.149451,5,2,2,0,4,49.0,14.885
1552.1494795,3,1,1,0,1,45.0,0.0
1552.150598,5,5,28,11,193,69.0,7445.0
1552.1506145,3,12,10,2,131,53.0,389.075
1552.154996,5,6,3,0,7,51.0,46.594
1552.156696,5,2,3,0,4,52.0,48.621
1552.1587755,6,1,1,0,1,45.0,0.0
1552.1633175,6,1,1,0,1,45.0,0.0
1552.1639575,6,2,3,0,7,52.0,53.591
1552.164009,5,2,2,0,8,48.0,26.843
1552.171419,5,2,2,0,3,46.0,37.949
1552.1714375,6,1,1,0,1,47.0,0.0
1552.173131,5,2,2,0,3,50.0,24.516
1552.1731505,6,1,2,0,11,47.0,17.657
1552.174519,5,1,1,0,1,45.0,0.0
1552.1771365,6,1,3,0,5,49.0,17.048
1552.1821745,6,2,7,1,94,55.0,213.924
1552.18218,1,2,5,0,18,48.0,53.693
1552.1821895,3,1,3,0,9,48.0,28.179
1552.1858775,6,1,1,0,4,47.0,11.706
1552.2050865,6,1,3,0,7,51.0,42.945
1552.207612,5,2,5,1,56,58.0,295.317
1552.2076435,6,1,2,0,13,48.0,30.263
1552.2076605,3,1,1,0,1,45.0,0.0
1552.207667,2,1,1,0,1,50.0,0.0
1552.208578,2,1,1,0,1,52.0,0.0
1552.208578,5,1,2,0,1,47.0,0.0
1552.218131,5,1,4,0,1,53.0,0.0
1552.220777,5,1,3,0,1,52.0,0.0
1552.2207955,6,1,2,0,1,49.0,0.0
1552.2259865,3,1,1,0,4,48.0,11.311
1552.23467,5,1,1,0,1,45.0,0.0
1552.238156,5,2,1,0,2,46.0,4.305
1552.2662355,6,1,1,0,1,50.0,0.0
1552.274193,1,34,9,0,35,55.0,137.308
1552.2741975,6,1,6,1,58,51.0,151.026
1552.2742045,3,1,2,0,11,52.0,39.28
1552.274219,2,1,2,0,1,51.0,0.0
1552.2797865,3,1,1,0,1,45.0,0.0
1552.279791,5,1,1,0,1,47.0,0.0
1552.282515,5,1,4,0,6,51.0,34.597
1552.29443,2,1,2,0,4,55.0,57.636
1552.29444,1,1,6,0,30,56.0,207.573
1552.2944455,6,1,5,0,41,48.0,57.487
1552.304632,5,1,2,0,1,49.0,0.0
1552.3053445,6,1,2,0,8,46.0,14.558
1552.3071035,6,1,1,0,1,45.0,0.0
1552.317329,5,2,1,0,2,45.0,7.837
1552.329648,1,2,5,0,37,56.0,223.23
1552.335451,5,1,1,0,1,47.0,0.0
1552.335788,1,1,6,0,38,56.0,179.864
1552.33785,1,2,5,1,40,56.0,194.807
1552.397939,1,2,1,0,2,46.0,5.201
1552.405526,1,2,2,0,2,52.0,9.639
1552.405547,5,1,2,0,1,47.0,0.0
1552.4092015,6,2,2,0,8,50.0,28.289
1552.4216295,6,2,10,2,105,54.0,367.37
1552.421642,2,1,2,0,1,52.0,0.0
1552.421658,1,2,6,0,8,51.0,46.428
1552.431107,1,1,1,0,1,45.0,0.0
1552.4406745,6,1,2,0,1,48.0,0.0
1552.450195,5,1,1,0,1,45.0,0.0
1552.456254,1,2,11,4,62,68.0,2498.0
1552.467561,5,1,1,0,1,45.0,0.0
1552.4694285,6,1,1,0,1,45.0,0.0
1552.477088,1,1,1,0,1,50.0,0.0
1552.478642,5,2,3,0,11,49.0,46.259
1552.491766,5,2,2,0,2,45.0,4.961
1552.5149025,6,1,1,0,1,45.0,0.0
1552.542915,5,2,2,0,25,51.0,90.237
1552.567878,1,3,6,0,10,57.0,160.675
1552.567889,2,1,4,0,30,56.0,193.127
1552.5678985,3,1,3,0,19,50.0,64.475
1552.567899,5,4,14,1,53,57.0,348.802
1552.5735015,6,1,1,0,1,45.0,0.0
1552.579304,5,2,2,0,3,48.0,10.953
1552.596734,1,2,6,1,42,55.0,218.275
1552.5989635,6,2,1,0,2,45.0,3.352
1552.60585,5,1,1,0,1,45.0,0.0
1552.619285,5,3,5,1,18,57.0,417.45
1552.6307585,6,1,1,0,1,46.0,0.0
1552.6321365,3,2,6,1,80,52.0,186.139
1552.6321365,6,1,11,1,75,54.0,307.215
1552.632138,4,1,1,0,1,45.0,0.0
1552.632153,1,59,11,2,91,53.0,297.249
1552.632153,2,1,5,0,23,55.0,200.528
1552.638657,2,1,2,0,1,51.0,0.0
1552.638664,1,2,6,0,30,51.0,86.49
1552.6386665,6,1,4,0,49,51.0,73.387
1552.6414875,6,4,7,1,20,62.0,604.424
1552.641505,1,1,8,1,63,51.0,160.799
1552.6415175,3,2,1,0,2,45.0,4.529
1552.64152,2,1,2,0,33,55.0,109.06
1552.641526,5,2,4,0,25,52.0,101.162
1552.660604,5,2,6,0,18,53.0,147.955
1552.6606175,3,1,1,0,4,46.0,7.549
1552.6606375,6,1,1,0,11,47.0,15.33
1552.6648435,6,1,1,0,1,45.0,0.0
1552.667389,1,2,1,0,5,47.0,21.096
1552.6794565,3,1,2,0,8,53.0,43.669
1552.687612,1,2,2,0,3,52.0,31.23
1552.6915365,6,1,2,0,1,48.0,0.0
1552.695644,1,1,2,0,1,46.0,0.0
1552.699368,1,30,4,0,31,53.0,86.428
1552.701241,1,3,1,0,4,56.0,103.659
1552.7316725,6,2,2,0,15,48.0,42.333
1552.734131,1,1,1,0,1,47.0,0.0
1552.737642,5,1,1,0,1,45.0,0.0
1552.738428,5,1,1,0,1,47.0,0.0
1552.7414555,6,1,1,0,1,47.0,0.0
1552.743539,1,41,27,8,180,63.0,3381.0
1552.7435405,6,14,23,6,169,58.0,1472.0
1552.7435475,3,1,15,2,129,56.0,427.019
1552.754255,1,1,2,0,1,45.0,0.0
1552.7542595,6,1,2,0,4,47.0,7.834
1552.754262,5,3,3,0,4,50.0,15.259
1552.75904,5,2,1,0,2,45.0,6.108
1552.76137,5,2,5,0,7,56.0,96.242
1552.7614015,6,1,1,0,1,45.0,0.0
1552.7641185,6,6,15,5,162,69.0,3771.0
1552.764127,5,10,14,2,45,57.0,533.581
1552.764128,1,1,19,4,144,57.0,745.966
1552.7641375,3,1,8,1,79,50.0,196.537
1552.764153,2,1,7,2,68,56.0,498.052
1552.767281,5,6,8,4,141,58.0,1003.0
1552.7673115,6,1,3,0,20,52.0,129.617
1552.767324,1,1,1,0,1,45.0,0.0
1552.77628,1,2,1,0,3,52.0,17.061
1552.802082,5,1,2,0,1,48.0,0.0
1552.8083115,6,1,1,0,1,45.0,0.0
1552.823332,5,1,1,0,1,46.0,0.0
1552.8303745,6,5,3,0,6,48.0,16.999
1552.830382,5,1,1,0,1,47.0,0.0
1552.837811,5,10,8,1,26,56.0,257.806
1552.839526,5,1,2,0,4,49.0,16.142
1552.839921,1,1,1,0,1,45.0,0.0
1552.842498,5,1,1,0,1,47.0,0.0
1552.849242,5,2,6,0,20,51.0,129.564
1552.8502205,6,1,1,0,4,47.0,9.528
1552.863884,5,5,4,0,22,52.0,130.035
1552.87076,1,1,1,0,1,45.0,0.0
1552.872402,5,2,1,0,3,48.0,11.947
1552.875848,1,6,23,12,125,77.0,20580.0
1552.8758765,3,1,2,0,1,48.0,0.0
1552.8758895,6,1,3,0,19,51.0,97.595
1552.875894,5,1,2,0,1,49.0,0.0
1552.875912,2,1,2,0,7,52.0,54.298
1552.88867,5,17,10,1,36,54.0,302.217
1552.8886975,6,1,2,0,1,47.0,0.0
1552.8966745,6,1,2,0,21,48.0,20.979
1552.900346,5,2,1,0,2,48.0,3.579
1552.9033455,6,1,1,0,1,47.0,0.0
1552.904547,1,1,1,0,1,45.0,0.0
1552.9073595,3,1,1,0,1,45.0,0.0
1552.907405,5,3,5,0,5,47.0,15.383
1552.910035,5,2,1,0,3,47.0,10.614
1552.921769,5,1,1,0,1,46.0,0.0
1552.926387,5,1,1,0,1,45.0,0.0
1552.939849,5,1,3,0,4,49.0,14.053
1552.9494115,6,1,2,0,1,49.0,0.0
1552.9622755,6,1,2,0,4,47.0,11.508
1552.973881,5,1,3,0,8,49.0,29.132
1552.9835945,6,1,2,0,4,47.0,9.136
1553.022803,5,2,18,3,96,63.0,1238.0
1553.022822,2,1,10,3,92,57.0,725.317
1553.022839,1,2,5,1,86,53.0,209.249
1553.03127,5,11,17,5,68,65.0,2951.0
1553.031282,2,1,7,1,49,56.0,386.294
1553.0312835,6,1,11,3,161,58.0,591.41
1553.0312995,3,2,8,1,111,53.0,232.816
1553.05583,5,2,6,1,76,54.0,242.573
1553.0558475,6,2,2,0,16,56.0,167.78
1553.058135,5,1,1,0,1,45.0,0.0
1553.0616995,6,3,2,0,4,49.0,19.87
1553.0638065,3,1,1,0,5,53.0,40.265
1553.076221,1,2,5,0,37,54.0,185.812
1553.079615,1,2,1,0,3,45.0,8.652
1553.0796205,6,1,3,0,13,50.0,53.311
1553.088146,4,1,2,0,9,49.0,28.865
1553.0881495,3,2,9,2,97,54.0,344.293
1553.0927525,6,1,1,0,1,45.0,0.0
1553.10014,1,2,6,1,56,59.0,346.911
1553.1001765,6,1,2,0,1,46.0,0.0
1553.112175,1,2,5,1,48,57.0,210.622
1553.1123995,6,1,4,0,1,50.0,0.0
1553.115641,5,13,3,0,16,47.0,51.974
1553.1186965,6,1,1,0,1,45.0,0.0
1553.1256765,3,1,4,1,98,54.0,152.659
1553.1256945,6,3,6,1,48,54.0,223.238
1553.125722,5,2,2,0,4,47.0,11.786
1553.1564835,6,1,2,0,14,48.0,26.325
1553.1608875,6,1,2,0,4,48.0,13.048
1553.174405,1,1,2,0,1,48.0,0.0
1553.180488,5,4,50,38,377,77.0,56937.0
1553.1805035,6,15,39,17,313,69.0,9893.0
1553.1805055,3,27,29,12,233,66.0,5554.0
1553.180506,2,34,37,26,263,70.0,21488.0
1553.18051,4,2,6,1,32,57.0,257.088
1553.187406,5,1,1,0,1,46.0,0.0
1553.193538,1,1,6,0,4,50.0,15.117
1553.193566,5,1,1,0,1,45.0,0.0
1553.1935735,6,1,3,0,13,49.0,22.864
1553.1945695,6,2,3,0,12,53.0,79.492
1553.203112,5,2,2,0,2,47.0,4.148
1553.203123,1,1,3,0,15,49.0,27.054
1553.2031285,6,2,1,0,3,45.0,7.159
1553.206481,1,5,10,2,65,60.0,668.157
1553.2064925,3,1,3,0,14,52.0,71.097
1553.206493,2,2,4,0,3,57.0,75.349
1553.2065055,6,1,4,0,46,49.0,87.318
1553.206511,5,7,7,0,8,49.0,45.696
1553.21285,5,1,1,0,1,45.0,0.0
1553.2145705,6,1,1,0,1,45.0,0.0
1553.216336,5,1,1,0,1,45.0,0.0
1553.2165675,3,1,2,0,4,49.0,14.358
1553.2173785,6,5,8,3,49,64.0,1507.0
1553.217411,1,1,3,0,1,49.0,0.0
1553.2174245,3,1,1,0,4,48.0,10.441
1553.220728,1,1,7,1,42,60.0,383.054
1553.2222905,6,2,1,0,3,50.0,20.921
1553.2279865,6,1,2,0,1,46.0,0.0
1553.229339,1,2,2,0,4,46.0,11.911
1553.231095,5,2,1,0,3,47.0,12.07
1553.2318965,6,1,1,0,1,45.0,0.0
1553.2329445,6,2,1,0,3,49.0,17.34
1553.2440175,6,1,1,0,1,54.0,0.0
1553.2474575,6,1,1,0,1,45.0,0.0
1553.24928,1,1,1,0,1,45.0,0.0
1553.254274,1,73,15,2,93,56.0,435.256
1553.254277,2,1,9,3,111,59.0,787.998
1553.2542785,3,9,10,3,193,51.0,326.015
1553.254279,4,1,1,0,1,45.0,0.0
1553.2595555,6,1,1,0,4,49.0,13.569
1553.268949,5,1,1,0,1,46.0,0.0
1553.2689565,6,1,3,0,22,51.0,67.497
1553.273628,1,2,3,0,6,58.0,124.595
1553.274814,5,2,8,1,97,50.0,222.666
1553.275503,1,2,4,0,35,55.0,120.142
1553.293239,1,2,21,9,142,71.0,9473.0
1553.293264,2,1,3,0,1,52.0,0.0
1553.2971245,6,2,23,6,190,59.0,1554.0
1553.297128,1,33,20,4,169,57.0,993.582
1553.29713,5,53,25,7,140,61.0,2498.0
1553.2971355,3,1,12,2,116,55.0,433.001
1553.317527,1,1,1,0,1,48.0,0.0
1553.331249,1,1,2,0,1,51.0,0.0
1553.33126,2,1,2,0,1,52.0,0.0
1553.3312785,6,2,4,0,19,51.0,92.415
1553.33924,5,1,1,0,1,45.0,0.0
1553.3450445,6,2,2,0,9,49.0,35.169
1553.347298,5,1,2,0,8,54.0,66.357
1553.3601965,6,1,1,0,1,45.0,0.0
1553.362114,5,2,2,0,10,49.0,36.833
1553.363123,5,2,1,0,2,45.0,6.108
1553.369761,5,1,2,0,1,51.0,0.0
1553.372975,5,4,4,0,10,53.0,67.358
1553.376165,5,3,3,0,6,49.0,36.564
1553.37633,2,1,1,0,1,53.0,0.0
1553.3777615,6,1,1,0,1,45.0,0.0
1553.3834365,6,2,2,0,16,57.0,89.667
1553.4172035,6,1,2,0,9,47.0,23.517
1553.435494,5,2,1,0,3,48.0,15.078
1553.4355105,6,1,1,0,1,46.0,0.0
1553.443726,5,2,3,0,3,50.0,11.904
1553.444428,5,2,2,0,38,48.0,82.275
1553.44647,5,1,5,0,26,51.0,134.281
1553.4464945,6,1,1,0,1,46.0,0.0
1553.450791,1,1,11,2,73,54.0,365.844
1553.4507955,3,1,4,0,34,51.0,75.219
1553.450813,2,1,4,0,1,57.0,0.0
1553.452287,1,2,5,0,11,55.0,105.21
1553.46244,5,1,1,0,1,45.0,0.0
1553.4642585,6,1,1,0,1,49.0,0.0
1553.480608,5,1,2,0,6,48.0,8.436
1553.5067755,6,14,3,0,17,51.0,77.899
1553.5081565,6,2,6,1,26,65.0,1030.0
1553.5167405,6,1,1,0,1,47.0,0.0
1553.5178545,6,1,1,0,1,45.0,0.0
1553.523989,1,1,3,0,9,48.0,24.55
1553.5316185,3,1,1,0,1,45.0,0.0
1553.5316245,6,1,3,0,20,51.0,80.055
1553.5429255,6,1,1,0,1,46.0,0.0
1553.5437965,6,1,1,0,1,46.0,0.0
1553.5482545,6,1,1,0,1,45.0,0.0
1553.5566815,6,17,28,10,151,71.0,8486.0
1553.556689,5,32,34,11,216,62.0,4625.0
1553.556699,4,9,7,1,39,56.0,253.978
1553.5567015,3,1,15,4,192,57.0,790.373
1553.556712,2,1,13,4,74,61.0,1442.0
1553.5597435,6,10,40,23,315,74.0,19669.0
1553.559745,5,37,39,14,231,67.0,6804.0
1553.559754,2,16,38,16,226,63.0,7992.0
1553.559774,4,2,7,0,23,56.0,233.548
1553.5776055,6,4,4,0,18,61.0,326.647
1553.579524,5,2,1,0,3,46.0,9.35
1553.582661,5,2,2,0,15,48.0,47.938
1553.5826675,6,1,1,0,4,48.0,12.716
1553.582688,1,1,2,0,17,47.0,37.712
1553.5983305,6,1,1,0,5,47.0,10.125
1553.5999755,6,2,2,0,6,53.0,42.783
1553.607982,5,1,3,0,4,51.0,18.36
1553.6079915,6,2,3,0,14,54.0,90.274
1553.6177355,6,2,2,0,10,57.0,159.505
1553.6183705,6,1,2,0,9,47.0,19.064
1553.6217815,6,7,2,0,8,54.0,90.546
1553.6241085,6,2,1,0,4,51.0,24.047
1553.628392,5,3,5,0,6,50.0,41.079
1553.6457135,6,1,2,0,1,48.0,0.0
1553.6509905,6,1,1,0,1,45.0,0.0
1553.6540855,6,8,3,0,9,52.0,55.965
1553.656474,5,172,3,1,181,53.0,143.372
1553.656657,1,7,6,0,41,51.0,115.045
1553.65866,1,1,1,0,1,45.0,0.0
1553.6673885,6,2,1,0,6,50.0,27.64
1553.676992,1,2,1,0,10,48.0,22.22
1553.6803595,3,1,2,0,12,47.0,16.994
1553.680364,1,2,4,1,68,50.0,115.733
1553.6921935,6,1,1,0,1,47.0,0.0
1553.6938955,6,1,1,0,1,48.0,0.0
1553.702565,1,2,8,0,35,51.0,119.224
1553.702585,2,2,3,0,7,57.0,123.273
1553.7025915,6,1,2,0,14,47.0,15.956
1553.712932,5,2,6,0,9,54.0,171.059
1553.720937,5,9,19,10,101,71.0,13406.0
1553.720956,1,1,9,1,77,52.0,187.81
1553.7209585,6,2,15,3,130,57.0,684.506
1553.7209615,3,1,5,0,45,53.0,127.513
1553.720969,2,1,6,0,13,54.0,81.102
1553.726944,1,2,3,0,3,53.0,25.97
1553.739433,1,2,2,1,73,51.0,106.42
1553.7460095,6,2,1,0,2,47.0,3.352
1553.7495,2,1,2,0,1,52.0,0.0
1553.751473,5,1,2,0,8,50.0,23.634
1553.772553,1,2,1,0,2,47.0,23.241
1553.7764295,6,2,3,0,24,48.0,68.007
1553.776441,5,1,3,0,28,48.0,46.565
1553.784792,5,2,5,0,7,52.0,54.144
1553.800455,1,6,2,0,7,49.0,32.166
1553.810313,1,1,1,0,1,45.0,0.0
1553.819818,5,2,14,5,38,66.0,4033.0
1553.8198365,6,1,8,1,42,53.0,216.184
1553.819837,1,1,3,0,12,49.0,34.778
1553.8198895,3,1,1,0,1,45.0,0.0
1553.824546,1,2,15,2,92,51.0,264.916
1553.82455,2,2,4,0,17,52.0,115.207
1553.8245535,6,1,10,0,43,51.0,113.911
1553.8245755,3,1,2,0,4,50.0,7.818
1553.827542,5,1,1,0,1,45.0,0.0
1553.8276065,6,1,2,0,5,49.0,9.705
1553.836487,1,1,1,0,1,45.0,0.0
1553.845779,1,3,11,1,46,55.0,250.217
1553.8457855,6,1,5,0,22,53.0,105.668
1553.845825,5,1,2,0,4,46.0,10.67
1553.852317,1,2,2,0,3,53.0,32.222
1553.8536345,6,2,1,0,17,50.0,49.277
1553.858719,5,20,2,0,21,47.0,44.837
1553.858728,1,1,1,0,1,45.0,0.0
1553.8747485,3,2,7,1,46,53.0,229.33
1553.874751,2,1,4,0,1,52.0,0.0
1553.87476,1,12,7,1,31,54.0,232.536
1553.879617,1,2,1,0,3,46.0,8.067
1553.8800215,6,1,2,0,4,50.0,17.027
1553.8938595,6,1,1,0,1,45.0,0.0
1553.896619,5,2,1,0,2,47.0,6.686
1553.9043965,6,1,5,0,26,52.0,101.437
1553.904436,1,1,2,0,10,49.0,15.349
1553.905848,5,2,2,0,6,48.0,17.867
1553.9199435,3,1,2,0,8,56.0,114.437
1553.919953,1,7,5,0,17,53.0,104.805
1553.919969,2,1,1,0,1,52.0,0.0
1553.9199865,6,2,2,0,3,50.0,15.091
1553.9261425,3,2,1,0,2,49.0,12.046
1553.9263195,6,1,5,0,29,56.0,211.19
1553.927378,5,2,4,0,6,50.0,35.708
1553.9390945,6,1,1,0,1,45.0,0.0
1553.9442555,3,2,1,0,2,45.0,14.488
1553.950063,5,3,3,0,4,50.0,14.646
1553.9505935,3,1,1,0,1,45.0,0.0
1553.9536305,6,1,1,0,1,45.0,0.0
1553.9611915,6,1,1,0,1,48.0,0.0
1553.963485,1,2,2,0,2,48.0,10.215
1553.9635135,3,1,1,0,1,45.0,0.0
1553.97965,5,2,6,1,21,57.0,321.829
1553.9843715,6,1,2,0,4,52.0,23.611
1553.985424,2,1,1,0,1,51.0,0.0
1553.985449,1,1,1,0,1,45.0,0.0
1553.9884515,6,2,6,0,21,56.0,142.426
1553.998642,5,2,2,0,2,49.0,3.132
1553.9986645,6,1,1,0,1,45.0,0.0
1554.002732,5,7,5,0,15,54.0,209.101
1554.0027585,6,1,2,0,1,49.0,0.0
1554.020702,5,5,5,0,9,48.0,45.347
1554.023438,1,1,2,0,1,48.0,0.0
1554.0236495,3,1,2,0,159,48.0,36.523
1554.0313395,3,1,6,1,96,52.0,172.257
1554.031341,2,1,12,3,93,56.0,736.516
1554.0324335,6,6,4,0,13,55.0,166.456
1554.0354735,6,1,1,0,1,45.0,0.0
1554.044693,5,2,1,0,2,48.0,14.781
1554.049049,5,3,2,0,7,51.0,39.208
1554.0490685,6,1,1,0,1,47.0,0.0
1554.0541105,6,1,1,0,1,47.0,0.0
1554.0656875,6,2,1,0,6,47.0,26.077
1554.081083,5,2,8,1,32,58.0,390.927
1554.084389,2,1,8,2,60,57.0,487.313
1554.0843905,3,2,5,1,35,54.0,257.982
1554.084409,5,1,5,0,18,50.0,53.251
1554.087058,5,2,10,1,44,55.0,380.193
1554.1087175,6,3,2,0,5,52.0,84.736
1554.117678,5,2,1,0,2,46.0,6.07
1554.128306,5,3,2,0,4,48.0,20.63
1554.1333575,6,2,1,0,2,46.0,4.179
1554.1434175,6,1,2,0,4,50.0,14.531
1554.151167,1,2,1,0,3,53.0,43.738
1554.1559765,6,1,1,0,1,45.0,0.0
1554.157625,1,1,3,0,11,48.0,21.811
1554.160291,5,1,3,0,1,50.0,0.0
1554.1603115,6,1,3,0,16,51.0,55.854
1554.1623395,6,1,1,0,4,47.0,9.345
1554.175151,1,2,1,0,3,46.0,7.965
1554.1752305,6,1,2,0,1,50.0,0.0
1554.183462,1,3,2,0,5,50.0,54.56
1554.1851935,6,2,3,0,7,57.0,113.806
1554.1852245,3,1,1,0,1,46.0,0.0
1554.187104,5,1,1,0,1,46.0,0.0
1554.194215,5,3,3,0,17,49.0,72.041
1554.1975005,3,1,2,0,1,48.0,0.0
1554.201509,1,13,58,46,357,79.0,80942.0
1554.201513,2,12,51,49,323,77.0,72936.0
1554.2015195,6,15,50,32,397,75.0,30943.0
1554.2015205,3,17,38,22,385,70.0,14217.0
1554.201521,5,22,55,30,351,70.0,25353.0
1554.201524,4,24,12,4,80,60.0,1377.0
1554.20655,5,2,3,0,4,52.0,29.642
1554.21179,5,7,21,6,131,61.0,2677.0
1554.2118395,3,1,1,0,1,45.0,0.0
1554.2188365,6,2,6,2,101,61.0,789.748
1554.218869,1,1,3,0,4,51.0,17.838
1554.2188905,3,1,1,0,13,47.0,12.197
1554.2209705,6,1,2,0,4,48.0,12.656
1554.221316,5,1,1,0,1,45.0,0.0
1554.227749,5,3,15,3,91,60.0,1028.0
1554.2277645,6,15,7,1,19,59.0,350.038
1554.227809,1,5,4,0,17,48.0,51.573
1554.229788,5,2,2,0,2,51.0,12.258
1554.232805,5,11,8,0,17,56.0,316.745
1554.232851,1,1,2,0,1,46.0,0.0
1554.232864,2,1,2,0,1,50.0,0.0
1554.2526195,6,1,1,0,1,46.0,0.0
1554.266512,1,1,2,0,4,54.0,51.746
1554.2705055,6,2,4,1,23,67.0,1122.0
1554.271024,1,1,2,0,1,51.0,0.0
1554.283221,5,2,3,0,2,47.0,7.541
1554.284763,1,9,10,2,89,54.0,330.321
1554.2847635,3,1,4,0,22,52.0,80.029
1554.2847665,6,1,7,0,34,51.0,109.73
1554.284782,5,2,11,1,56,54.0,341.885
1554.2854495,3,1,1,0,1,45.0,0.0
1554.2874225,6,1,2,0,7,56.0,95.183
1554.2882295,6,1,1,0,1,45.0,0.0
1554.2936495,6,1,1,0,4,48.0,13.302
1554.2962945,6,10,47,13,514,59.0,2698.0
1554.29737,5,1,1,0,49,46.0,35.639
1554.3021435,6,1,2,0,52,48.0,34.642
1554.308782,5,1,4,0,9,55.0,113.034
1554.3088055,6,1,2,0,1,49.0,0.0
1554.309851,5,1,4,0,1,49.0,0.0
1554.312651,5,2,2,0,7,49.0,39.635
1554.322033,5,2,1,0,3,48.0,14.512
1554.352385,1,2,4,0,23,51.0,117.089
1554.3524035,3,1,2,0,9,47.0,20.833
1554.352406,5,1,4,0,30,50.0,63.166
1554.3524765,6,1,1,0,1,45.0,0.0
1554.360751,1,1,2,0,1,46.0,0.0
1554.3681935,6,2,5,1,25,62.0,510.468
1554.371043,1,5,3,0,6,50.0,48.006
1554.3710575,6,1,1,0,1,45.0,0.0
1554.3795135,6,5,9,2,35,65.0,1027.0
1554.3795475,3,2,3,0,9,52.0,68.446
1554.379565,1,2,7,0,59,52.0,109.716
1554.393336,1,8,29,11,235,64.0,4516.0
1554.3933395,3,10,28,9,278,64.0,3193.0
1554.39334,2,9,21,8,149,62.0,3262.0
1554.3933505,6,34,35,9,269,57.0,2173.0
1554.393363,5,14,23,5,158,58.0,1042.0
1554.3983795,6,1,1,0,1,45.0,0.0
1554.4029375,6,2,2,0,13,48.0,45.448
1554.4112945,6,1,2,0,1,49.0,0.0
1554.411298,1,1,2,0,1,45.0,0.0
1554.41508,2,1,9,3,102,57.0,815.085
1554.4150805,3,56,9,2,119,52.0,242.309
1554.415096,1,9,16,2,78,57.0,511.557
1554.415097,5,2,16,2,85,57.0,408.404
1554.415828,5,1,1,0,1,45.0,0.0
1554.422566,2,1,2,0,1,52.0,0.0
1554.4225665,3,1,1,0,4,47.0,11.342
1554.4225805,6,1,3,0,1,46.0,0.0
1554.4231475,6,1,1,0,1,45.0,0.0
1554.4321955,6,1,2,0,1,47.0,0.0
1554.4590225,6,1,5,0,25,58.0,238.601
1554.45903,1,2,6,1,62,51.0,164.095
1554.459063,5,2,4,0,35,50.0,94.808
1554.459759,5,2,1,0,2,46.0,4.793
1554.4717585,6,2,4,0,14,49.0,52.183
1554.477515,5,6,5,0,36,52.0,129.852
1554.47757,1,1,1,0,1,45.0,0.0
1554.483738,2,1,5,1,45,54.0,218.724
1554.483741,1,28,12,3,183,53.0,347.114
1554.4837435,6,24,10,2,193,53.0,229.632
1554.4837555,3,1,2,0,4,45.0,7.326
1554.486049,5,1,8,2,207,56.0,321.658
1554.488703,1,2,1,0,6,53.0,35.808
1554.489201,2,1,17,7,149,60.0,2212.0
1554.4892088,1,4,25,7,221,61.0,2287.0
1554.494668,1,1,7,1,64,54.0,153.055
1554.4946705,3,2,3,0,26,49.0,57.799
1554.494672,2,1,5,1,48,53.0,273.651
1554.494672,5,3,10,1,42,55.0,424.972
1554.4946735,6,2,6,1,51,55.0,269.539
1554.496133,5,1,2,0,1,46.0,0.0
1554.516962,5,1,1,0,1,45.0,0.0
1554.529445,5,1,14,4,105,67.0,1546.0
1554.5294525,6,16,11,3,115,64.0,1260.0
1554.529463,2,1,8,1,38,56.0,542.296
1554.529471,1,1,15,3,153,56.0,463.937
1554.5294875,3,1,4,0,40,49.0,90.786
1554.5347095,6,1,1,0,1,47.0,0.0
1554.5351555,3,1,2,0,8,54.0,97.327
1554.535216,5,1,2,0,1,48.0,0.0
1554.5595355,3,1,4,1,78,54.0,212.005
1554.559545,1,1,9,1,56,55.0,276.851
1554.5595525,6,1,10,2,96,54.0,332.714
1554.559558,5,2,5,1,35,55.0,342.482
1554.572153,5,1,5,0,40,49.0,86.585
1554.572166,1,1,2,0,1,48.0,0.0
1554.576492,1,1,1,0,1,48.0,0.0
1554.579529,2,1,1,0,1,50.0,0.0
1554.580822,5,2,6,0,10,56.0,109.351
1554.5852365,3,10,27,9,275,64.0,3148.0
1554.58526,5,14,24,5,158,58.0,1046.0
1554.5913995,6,1,1,0,5,50.0,22.348
1554.596944,5,13,6,1,41,54.0,271.767
1554.5969745,6,2,2,0,14,48.0,33.705
1554.5986345,6,1,1,0,1,45.0,0.0
1554.6001235,6,1,1,0,1,45.0,0.0
1554.6104085,3,1,2,0,5,47.0,11.583
1554.610411,1,1,3,0,35,49.0,58.742
1554.622641,1,1,3,0,6,52.0,30.13
1554.62509,1,1,3,0,14,51.0,33.807
1554.625129,5,41,6,0,46,49.0,116.829
1554.6251555,6,1,3,0,1,47.0,0.0
1554.625157,2,1,1,0,1,51.0,0.0
1554.6330325,6,1,1,0,1,45.0,0.0
1554.638643,1,1,1,0,1,45.0,0.0
1554.640394,1,1,5,0,1,51.0,0.0
1554.646535,5,1,2,0,1,51.0,0.0
1554.6465485,6,1,1,0,1,45.0,0.0
1554.6625475,6,2,8,1,34,57.0,355.445
1554.6625795,3,1,1,0,5,48.0,14.148
1554.6657905,6,4,25,10,194,69.0,5894.0
1554.665796,5,13,31,6,123,64.0,2906.0
1554.6732805,6,1,14,4,109,63.0,1711.0
1554.673294,1,1,14,1,69,55.0,333.497
1554.673294,5,8,7,2,97,54.0,291.299
1554.6733145,3,1,6,1,78,54.0,233.489
1554.673324,2,1,5,1,51,54.0,288.166
1554.678589,1,2,4,0,33,57.0,124.553
1554.681005,1,8,26,9,232,62.0,3059.0
1554.6810085,3,10,23,6,174,62.0,2002.0
1554.681009,2,9,17,6,149,61.0,2199.0
1554.681037,5,9,18,3,127,56.0,607.347
1554.684809,1,1,1,0,1,46.0,0.0
1554.6869435,6,2,3,0,18,60.0,344.252
1554.68696,1,1,3,0,1,50.0,0.0
1554.6880175,6,11,3,0,12,51.0,88.207
1554.6905945,6,4,4,0,15,57.0,174.751
1554.690613,1,1,4,0,42,49.0,60.116
1554.6930035,6,1,3,0,29,51.0,76.093
1554.693538,1,1,3,0,19,48.0,32.71
1554.6935515,6,1,3,0,1,48.0,0.0
1554.695797,5,3,1,0,5,49.0,34.946
1554.7022515,6,1,2,0,6,50.0,20.712
1554.7645865,6,1,1,0,1,45.0,0.0
1554.76775,1,1,1,0,1,45.0,0.0
1554.774514,1,7,17,4,116,63.0,2031.0
1554.7745405,3,1,2,0,6,51.0,28.831
1554.77672,1,8,30,11,235,64.0,4701.0
1554.778014,5,2,3,0,20,52.0,143.397
1554.778186,2,2,5,2,43,62.0,1092.0
1554.778215,1,2,8,1,42,55.0,226.897
1554.7782305,6,1,4,0,23,51.0,67.745
1554.781001,5,1,6,0,19,52.0,100.329
1554.7810015,3,1,3,0,38,48.0,56.497
1554.7810015,6,1,4,0,29,51.0,50.239
1554.781021,1,1,4,0,50,50.0,86.308
1554.7998525,6,1,1,0,1,48.0,0.0
1554.8207145,3,2,11,3,115,58.0,640.603
1554.8207145,6,9,18,4,177,58.0,894.646
1554.820715,2,1,13,6,100,65.0,3176.0
1554.820723,5,26,20,5,160,57.0,1142.0
1554.8240795,6,1,1,0,1,45.0,0.0
1554.824939,5,1,12,5,93,65.0,2765.0
1554.8249605,6,1,5,0,31,53.0,92.398
1554.8249665,3,1,3,0,38,49.0,39.096
1554.824978,1,4,5,0,41,50.0,81.734
1554.8317435,6,2,1,0,2,45.0,15.493
1554.8393345,6,1,7,1,79,54.0,243.504
1554.8393375,3,1,1,0,1,48.0,0.0
1554.839346,2,1,1,0,1,50.0,0.0
1554.839353,5,1,3,0,1,48.0,0.0
1554.840019,1,6,2,0,7,50.0,20.354
1554.8515075,6,1,2,0,4,48.0,12.077
1554.8522525,6,1,4,0,22,53.0,109.275
1554.852254,5,2,2,0,8,50.0,39.978
1554.8522705,3,1,2,0,9,45.0,13.669
1554.86822,1,2,3,0,5,54.0,75.523
1554.8697065,6,1,1,0,8,45.0,11.477
1554.872581,1,8,26,8,172,62.0,3022.0
1554.8725845,3,10,24,7,275,62.0,2056.0
1554.872585,2,9,16,7,149,61.0,2217.0
1554.872613,5,9,17,4,153,56.0,656.299
1554.901706,1,56,11,2,96,53.0,288.349
1554.901716,2,1,8,2,51,57.0,481.039
1554.9017495,3,1,2,0,1,45.0,0.0
1554.910918,5,1,23,4,236,55.0,789.915
1554.910928,1,142,16,5,284,58.0,862.097
1554.9110565,6,14,13,4,94,63.0,1607.0
1554.9110645,3,1,10,2,103,53.0,319.408
1554.911097,2,1,9,1,32,57.0,410.659
1554.920407,5,1,3,0,1,48.0,0.0
1554.9247625,6,1,2,0,1,47.0,0.0
1554.9269885,6,1,2,0,4,47.0,9.225
1554.927744,5,2,1,0,2,45.0,3.695
1554.954193,5,2,2,0,2,51.0,18.509
1554.9542165,6,1,2,0,4,48.0,10.142
1554.968421,2,9,20,10,205,62.0,3513.0
1554.9684315,6,67,37,9,266,58.0,2065.0
1554.968444,5,14,23,5,161,58.0,1086.0
1554.969335,5,13,19,5,132,65.0,2303.0
1554.969345,1,1,15,2,72,53.0,337.58
1554.9693525,6,5,12,3,77,62.0,1487.0
1554.9693685,3,1,3,0,35,51.0,92.048
1554.969394,2,2,4,0,14,54.0,146.938
1554.9748915,6,2,5,0,24,58.0,279.091
1554.9798305,6,2,1,0,3,51.0,19.69
1554.98479,5,2,2,0,5,48.0,27.83
1554.984795,1,1,4,0,15,50.0,34.763
1554.9847955,6,1,4,0,26,48.0,52.42
1554.996031,1,1,1,0,1,47.0,0.0
1554.9960385,6,1,1,0,1,45.0,0.0
1555.0020345,6,1,1,0,1,45.0,0.0
1555.00744,1,2,2,0,2,48.0,5.098
1555.0121845,6,1,4,0,6,54.0,57.075
1555.0125585,3,1,1,0,1,45.0,0.0
1555.017932,1,2,18,5,135,66.0,2347.0
1555.0179445,3,9,8,2,130,54.0,275.074
1555.0179515,6,10,10,3,126,57.0,616.089
1555.017988,5,2,4,0,48,48.0,103.836
1555.019354,1,2,3,0,7,50.0,31.661
1555.0228075,6,1,1,0,1,45.0,0.0
1555.0280715,6,3,10,1,53,58.0,490.815
1555.0280735,3,4,3,0,11,52.0,57.579
1555.028074,2,1,5,1,72,55.0,334.968
1555.028083,5,59,10,1,72,52.0,233.097
1555.0340975,3,1,1,0,1,45.0,0.0
1555.04611,5,2,1,0,2,46.0,4.4
1555.049878,1,2,1,0,2,45.0,3.132
1555.053016,1,4,5,0,37,55.0,159.588
1555.0530205,3,2,2,0,2,48.0,4.432
1555.053047,5,1,2,0,23,46.0,28.648
1555.0530525,6,1,2,0,1,49.0,0.0
1555.0659315,6,2,2,0,124,50.0,69.796
1555.068064,1,1,1,0,4,50.0,19.816
1555.0726855,6,1,1,0,1,45.0,0.0
1555.0784855,6,1,1,0,1,45.0,0.0
1555.0825605,6,2,1,0,3,48.0,32.327
1555.0913885,6,1,1,0,1,45.0,0.0
1555.095031,5,2,5,1,20,56.0,368.878
1555.098198,5,2,3,0,2,48.0,7.047
1555.0982035,6,1,3,0,4,49.0,12.979
1555.1014345,6,2,2,0,15,55.0,181.565
1555.1155095,6,3,1,0,5,53.0,66.018
1555.123717,1,4,20,8,112,73.0,10475.0
1555.1237415,3,2,1,0,6,51.0,32.612
1555.1237605,6,1,2,0,13,49.0,27.103
1555.123776,2,1,2,0,1,52.0,0.0
1555.127372,5,1,2,0,1,50.0,0.0
1555.1273845,6,1,2,0,4,49.0,14.648
1555.127414,1,1,1,0,1,47.0,0.0
1555.1300075,6,2,2,0,3,51.0,17.898
1555.1320225,6,2,1,0,3,48.0,10.712
1555.1404855,6,1,14,3,162,60.0,724.881
1555.140497,1,56,16,3,134,57.0,747.029
1555.1405015,3,1,7,1,66,53.0,201.658
1555.140516,2,1,5,1,49,56.0,288.511
1555.140535,4,1,1,0,1,46.0,0.0
1555.1481905,6,2,5,1,24,63.0,567.086
1555.14823,5,4,2,0,5,47.0,18.71
1555.150416,1,2,2,0,11,54.0,78.613
1555.1504255,3,1,1,0,1,45.0,0.0
1555.1518615,6,1,2,0,1,51.0,0.0
1555.1590475,3,1,1,0,1,45.0,0.0
1555.169898,5,2,3,0,2,50.0,12.908
1555.177984,2,1,1,0,1,50.0,0.0
1555.1959355,6,1,1,0,1,45.0,0.0
1555.21634,5,2,3,0,3,49.0,13.185
1555.2163465,6,1,3,0,9,51.0,47.6
1555.220161,1,2,2,0,3,49.0,16.013
1555.220848,5,3,5,0,10,50.0,73.419
1555.22399,1,1,3,0,1,49.0,0.0
1555.231279,1,2,2,0,3,50.0,14.645
1555.2392185,3,1,2,0,1,47.0,0.0
1555.239222,2,1,4,0,1,54.0,0.0
1555.239223,5,4,6,1,27,56.0,486.906
1555.239227,1,1,9,1,29,55.0,214.158
1555.2392345,6,1,6,0,13,50.0,33.481
1555.2399095,6,1,1,0,1,45.0,0.0
1555.2534535,6,1,1,0,11,46.0,14.775
1555.274168,1,10,3,0,45,51.0,110.158
1555.2744135,6,2,1,0,3,50.0,21.287
1555.27568,1,2,2,0,3,49.0,12.849
1555.2890795,6,1,2,0,17,53.0,62.898
1555.299681,1,2,1,0,3,50.0,18.116
1555.303626,1,1,2,0,1,47.0,0.0
1555.3048995,6,1,1,0,5,46.0,10.776
1555.3065695,6,10,8,2,151,53.0,378.718
1555.3065915,3,2,3,0,5,49.0,21.123
1555.306592,2,1,5,0,16,54.0,123.034
1555.306606,1,2,6,1,75,52.0,176.519
1555.314038,5,1,2,0,6,52.0,40.943
1555.3140665,6,1,1,0,1,45.0,0.0
1555.3156685,6,50,15,4,211,57.0,890.177
1555.3156705,3,12,11,2,138,53.0,316.227
1555.3210845,6,1,2,0,8,50.0,37.11
1555.3228655,6,1,1,0,1,45.0,0.0
1555.3379105,6,3,7,0,30,55.0,198.943
1555.337924,5,1,2,0,1,50.0,0.0
1555.3379615,3,1,1,0,1,45.0,0.0
1555.361557,1,2,3,0,3,54.0,39.3
1555.3615745,3,1,2,0,4,48.0,10.288
1555.3702315,6,12,6,0,27,56.0,214.115
1555.3736555,6,1,1,0,1,45.0,0.0
1555.374923,1,9,6,0,35,53.0,100.084
1555.3790725,6,1,1,0,1,45.0,0.0
1555.3837155,6,1,1,0,1,45.0,0.0
1555.3889245,6,1,3,0,6,53.0,37.472
1555.393596,2,2,4,1,32,56.0,248.702
1555.3935995,3,2,8,1,57,55.0,279.326
1555.393606,1,1,9,1,78,54.0,254.442
1555.393608,5,33,7,1,34,55.0,260.691
1555.3936155,6,1,4,0,24,49.0,48.427
1555.396969,1,2,7,1,39,64.0,761.382
1555.3976835,6,1,1,0,1,45.0,0.0
1555.405746,1,2,1,0,3,50.0,21.32
1555.4152105,3,1,7,1,93,50.0,192.754
1555.415218,1,5,16,2,79,55.0,513.537
1555.4152255,6,1,12,2,74,56.0,430.273
1555.423479,1,2,5,1,39,60.0,496.555
1555.4316645,6,1,2,0,1,50.0,0.0
1555.432543,1,1,1,0,1,45.0,0.0
1555.4363535,6,1,1,0,1,45.0,0.0
1555.4543175,6,2,1,0,2,45.0,4.562
1555.458474,5,1,2,0,7,47.0,16.752
1555.4691205,6,1,2,0,4,50.0,19.317
1555.4700805,6,10,3,0,11,51.0,74.128
1555.510694,5,2,2,0,2,47.0,3.813
1555.5126835,3,2,1,0,2,49.0,9.45
1555.5195555,3,1,1,0,1,45.0,0.0
1555.528627,5,4,11,1,41,59.0,496.376
1555.5286515,6,1,3,0,5,55.0,31.894
1555.5286795,3,1,1,0,4,46.0,8.582
1555.5291855,6,1,1,0,1,45.0,0.0
1555.5297435,6,1,3,0,1,45.0,0.0
1555.5355515,6,1,1,0,1,47.0,0.0
1555.5366065,6,1,1,0,4,51.0,18.245
1555.553008,1,3,11,2,133,53.0,359.033
1555.5530145,3,1,2,0,27,49.0,46.56
1555.553025,2,1,5,0,32,55.0,192.006
1555.554152,1,2,4,0,3,53.0,34.508
1555.5541665,6,1,3,0,8,50.0,33.782
1555.5541705,3,1,1,0,1,45.0,0.0
1555.5596775,6,1,1,0,1,51.0,0.0
1555.564577,5,2,1,0,3,45.0,8.339
1555.5645795,6,1,3,0,27,49.0,51.643
1555.5704105,3,1,2,0,14,48.0,30.714
1555.57043,5,8,8,0,20,51.0,106.56
1555.5704395,6,1,7,1,71,50.0,125.238
1555.5771645,6,2,1,0,11,49.0,46.253
1555.585795,5,2,4,1,19,58.0,323.958
1555.5877055,6,1,2,0,1,46.0,0.0
1555.5919195,6,2,1,0,3,50.0,18.271
1555.594352,1,1,2,0,66,52.0,56.956
1555.5951735,6,1,9,1,93,54.0,197.34
1555.595222,1,1,8,1,46,52.0,154.387
1555.6081905,6,1,1,0,1,46.0,0.0
1555.6162965,6,1,1,0,1,46.0,0.0
1555.62559,5,2,1,0,2,49.0,3.55
1555.626156,1,1,2,0,5,52.0,30.757
1555.626418,5,1,1,0,1,45.0,0.0
1555.6301055,6,6,9,2,70,65.0,1328.0
1555.630122,1,1,9,1,59,51.0,213.573
1555.630133,5,48,7,1,51,51.0,161.397
1555.647344,1,1,5,0,16,51.0,33.497
1555.6473765,6,1,1,0,1,46.0,0.0
1555.6487215,6,2,2,0,4,51.0,22.908
1555.6502615,6,1,1,0,1,45.0,0.0
1555.6524775,3,1,1,0,1,45.0,0.0
1555.674888,5,1,1,0,1,45.0,0.0
1555.6819065,6,2,1,0,3,48.0,7.884
1555.689556,5,1,1,0,1,47.0,0.0
1555.710299,5,1,5,0,42,49.0,94.131
1555.710329,1,1,2,0,1,50.0,0.0
1555.711518,1,1,1,0,1,45.0,0.0
1555.7115285,6,1,3,0,5,48.0,14.085
1555.7115385,3,1,1,0,1,45.0,0.0
1555.7153125,6,2,1,0,6,51.0,32.012
1555.722134,1,1,8,1,76,56.0,281.058
1555.7221445,6,3,5,0,19,54.0,152.184
1555.722158,5,1,6,0,1,50.0,0.0
1555.7231215,6,1,3,0,16,56.0,154.733
1555.723125,1,1,1,0,1,48.0,0.0
1555.728069,1,2,3,0,33,53.0,73.178
1555.7318745,3,1,8,1,61,52.0,156.031
1555.731875,1,18,15,4,155,57.0,759.963
1555.731878,4,1,2,0,1,46.0,0.0
1555.731885,2,1,4,0,35,53.0,140.379
1555.73486,1,1,1,0,1,45.0,0.0
1555.7440885,6,2,2,0,2,51.0,13.406
1555.7480955,6,1,1,0,1,45.0,0.0
1555.753223,1,10,3,0,11,52.0,71.842
1555.7599405,6,1,1,0,1,45.0,0.0
1555.762883,5,2,4,0,2,49.0,6.726
1555.7628835,3,1,1,0,1,45.0,0.0
1555.7827135,6,1,14,3,132,57.0,576.205
1555.7827275,3,4,4,1,83,51.0,133.502
1555.782729,1,2,12,1,87,55.0,301.662
1555.782736,5,31,4,0,32,48.0,84.617
1555.7838335,6,1,1,0,1,45.0,0.0
1555.785489,1,2,1,0,3,49.0,13.453
1555.787212,5,2,5,0,20,51.0,145.418
1555.792194,5,3,16,4,106,62.0,1568.0
1555.7921975,3,1,4,0,70,48.0,83.965
1555.792199,1,1,13,2,128,54.0,379.252
1555.7922115,6,2,8,1,66,53.0,245.832
1555.792237,2,1,3,1,36,53.0,217.111
1555.8080105,6,1,1,0,1,49.0,0.0
1555.8136855,6,2,1,0,4,48.0,19.799
1555.8243635,6,1,1,0,4,49.0,13.818
1555.830361,2,2,3,0,3,56.0,99.19
1555.8303795,6,1,3,0,1,47.0,0.0
1555.8303845,3,1,2,0,7,48.0,23.355
1555.834553,5,3,10,0,23,57.0,247.487
1555.8345725,6,2,3,0,11,50.0,42.61
1555.8385615,6,1,1,0,1,45.0,0.0
1555.8431405,3,1,1,0,5,50.0,23.987
1555.8431735,6,1,2,0,4,47.0,10.075
1555.8510995,6,1,2,0,11,52.0,65.706
1555.8633205,6,2,1,0,2,45.0,3.352
1555.8749995,3,1,1,0,1,45.0,0.0
1555.899115,5,2,2,0,3,50.0,21.522
1555.905856,1,1,3,0,4,47.0,10.971
1555.9117495,3,1,1,0,1,45.0,0.0
1555.912681,5,5,2,0,6,47.0,26.285
1555.9126985,3,1,1,0,1,45.0,0.0
1555.9127025,6,1,1,0,4,49.0,12.522
1555.9142205,6,1,2,0,4,47.0,10.901
1555.916322,1,2,2,0,16,53.0,50.568
1555.9224385,6,1,1,0,1,45.0,0.0
1555.923324,5,1,1,0,1,45.0,0.0
1555.924391,1,2,1,0,3,50.0,15.472
1555.9244165,3,1,2,0,1,46.0,0.0
1555.9271965,3,2,1,0,6,55.0,49.079
1555.9331985,6,1,1,0,1,47.0,0.0
1555.9344525,6,2,3,0,10,55.0,78.619
1555.93828,1,1,1,0,1,48.0,0.0
1555.939318,1,1,1,0,1,45.0,0.0
1555.93932,5,2,3,0,2,48.0,8.714
1555.9393355,6,1,1,0,1,45.0,0.0
1555.939642,2,1,3,0,1,54.0,0.0
1555.9410575,6,4,2,0,8,56.0,140.781
1555.942261,5,4,4,0,13,51.0,81.124
1555.952939,1,1,4,0,11,51.0,42.408
1555.9529455,3,1,2,0,11,55.0,150.058
1555.953019,5,1,1,0,1,45.0,0.0
1555.9595455,6,1,1,0,1,47.0,0.0
1555.9640175,6,1,1,0,1,45.0,0.0
1555.965295,1,5,4,0,12,54.0,153.744
1555.969257,1,24,14,2,96,55.0,445.766
1555.969258,5,28,11,3,104,56.0,698.429
1555.9692625,6,1,12,2,92,53.0,418.997
1555.9692645,3,2,4,0,52,51.0,122.532
1555.969288,2,2,4,0,3,54.0,28.191
1555.9752055,6,1,5,1,27,66.0,989.538
1555.986195,1,1,4,0,1,48.0,0.0
1555.9862005,3,1,3,0,10,48.0,31.038
1555.986232,5,2,7,0,30,51.0,65.022
1555.994011,1,1,1,0,1,46.0,0.0
1555.9947755,6,1,1,0,1,47.0,0.0
1556.008198,1,2,1,0,2,48.0,9.686
1556.0195975,6,1,1,0,4,48.0,11.554
1556.0203665,3,1,4,0,4,53.0,28.065
1556.020377,1,1,6,0,19,53.0,103.375
1556.0204115,6,1,3,0,6,47.0,12.288
1556.036213,1,2,5,1,38,64.0,601.461
1556.0470275,6,1,1,0,1,50.0,0.0
1556.053804,5,2,1,0,2,47.0,5.958
1556.0603305,3,1,3,0,10,56.0,179.963
1556.060334,5,3,7,0,8,57.0,230.189
1556.0603575,6,1,1,0,1,45.0,0.0
1556.0711955,6,2,2,0,2,45.0,5.81
1556.0787295,6,1,1,0,1,46.0,0.0
1556.081368,1,1,1,0,1,46.0,0.0
1556.0815645,3,1,2,0,4,52.0,25.382
1556.0816095,6,1,1,0,1,45.0,0.0
1556.084975,5,1,1,0,1,46.0,0.0
1556.0850345,6,1,1,0,1,45.0,0.0
1556.0896795,6,2,2,0,8,54.0,65.276
1556.0909075,6,1,1,0,1,47.0,0.0
1556.0943505,6,1,1,0,1,49.0,0.0
1556.09725,5,7,26,9,111,72.0,8845.0
1556.097274,1,3,15,2,95,56.0,471.412
1556.0972755,3,9,9,2,84,54.0,297.212
1556.10083,5,7,6,0,8,50.0,49.83
1556.1087945,6,5,5,1,24,62.0,721.495
1556.1109825,6,2,1,0,3,46.0,13.674
1556.1131925,6,1,2,0,4,51.0,14.25
1556.117871,5,2,4,0,36,49.0,56.406
1556.1197885,6,1,5,0,7,59.0,191.226
1556.129224,1,8,23,8,162,69.0,5061.0
1556.129237,2,18,13,3,59,60.0,1560.0
1556.1292505,6,7,19,4,147,60.0,1107.0
1556.1311645,3,1,7,1,57,59.0,322.441
1556.131175,1,13,13,3,108,57.0,596.765
1556.13118,5,3,8,1,74,55.0,277.28
1556.134412,5,2,2,0,4,48.0,19.292
1556.1490655,6,2,2,0,7,52.0,34.674
1556.159995,5,1,5,0,11,54.0,77.429
1556.164268,5,2,7,1,85,58.0,315.602
1556.164295,2,1,1,0,1,50.0,0.0
1556.1643025,6,2,2,0,2,46.0,8.008
1556.1692555,3,2,2,0,6,51.0,30.658
1556.169265,1,1,2,0,1,46.0,0.0
1556.171045,5,4,12,4,58,64.0,2357.0
1556.1710685,6,7,8,1,56,55.0,277.944
1556.171072,1,1,3,0,38,50.0,70.445
1556.1710795,3,1,1,0,1,46.0,0.0
1556.1775145,3,4,11,3,147,55.0,480.131
1556.177517,4,1,1,0,1,48.0,0.0
1556.177524,1,62,23,6,203,59.0,1383.0
1556.1828455,6,1,1,0,1,45.0,0.0
1556.1872115,6,2,2,0,13,49.0,38.214
1556.187353,1,6,6,0,11,52.0,70.626
1556.1884045,6,1,1,0,1,47.0,0.0
1556.1906135,6,2,2,0,3,51.0,20.067
1556.1949385,6,1,1,0,1,45.0,0.0
1556.1952565,3,1,7,1,75,51.0,178.178
1556.19526,1,8,11,2,59,56.0,428.352
1556.195292,2,1,6,1,36,54.0,292.845
1556.197212,5,3,2,0,4,54.0,72.492
1556.2103425,6,1,1,0,4,52.0,29.319
1556.221574,5,2,1,0,3,47.0,10.304
1556.2231245,3,1,2,0,1,46.0,0.0
1556.223148,1,1,2,0,1,49.0,0.0
1556.230573,1,1,1,0,1,45.0,0.0
1556.233673,5,5,23,11,276,65.0,4567.0
1556.2336825,6,16,16,6,223,66.0,2442.0
1556.2336915,3,1,12,3,167,53.0,383.472
1556.233695,2,27,12,5,188,59.0,1267.0
1556.233705,1,1,19,3,135,54.0,565.323
1556.2480325,6,1,7,1,56,53.0,205.923
1556.24804,1,1,4,0,4,50.0,15.186
1556.248042,2,58,4,1,59,55.0,242.594
1556.2555275,6,1,1,0,1,45.0,0.0
1556.25925,1,7,6,1,45,53.0,158.184
1556.2618045,6,1,2,0,11,46.0,20.178
1556.2629845,6,2,1,0,2,46.0,15.016
1556.266691,5,2,1,0,3,50.0,16.505
1556.269101,2,5,7,2,59,56.0,444.708
1556.269124,1,2,6,0,43,50.0,137.709
1556.2691265,6,2,5,0,17,48.0,33.575
1556.2745975,6,1,1,0,1,45.0,0.0
1556.277868,5,2,3,0,21,50.0,89.514
1556.2925145,6,1,1,0,1,45.0,0.0
1556.2932825,6,1,4,0,9,53.0,64.241
1556.297524,1,2,3,0,3,54.0,36.048
1556.3091405,6,1,1,0,1,47.0,0.0
1556.3157225,3,1,2,0,11,54.0,69.133
1556.315732,5,11,2,0,12,47.0,27.038
1556.3157535,6,1,1,0,1,45.0,0.0
1556.317539,1,3,2,0,6,51.0,51.879
1556.3231965,6,1,1,0,1,45.0,0.0
1556.359283,1,2,1,0,3,55.0,48.523
1556.359865,1,1,1,0,1,45.0,0.0
1556.3683865,6,3,7,2,67,64.0,839.681
1556.3683985,3,1,1,0,1,45.0,0.0
1556.368401,1,1,6,1,46,54.0,168.556
1556.368431,5,1,3,0,1,46.0,0.0
1556.3689537,6,1,2,0,1,46.0,0.0
1556.376623,1,1,4,0,33,48.0,52.011
1556.376628,2,1,2,0,1,53.0,0.0
1556.377823,1,1,1,0,1,45.0,0.0
1556.380093,5,4,4,0,5,51.0,51.661
1556.3801055,6,1,3,0,14,48.0,29.096
1556.38375,1,2,2,0,2,47.0,19.038
1556.391019,1,1,8,1,70,51.0,137.606
1556.3910215,3,1,2,0,1,45.0,0.0
1556.391026,5,4,15,2,84,55.0,526.622
1556.3910445,6,2,5,0,26,52.0,173.075
1556.412457,1,6,3,0,13,48.0,53.091
1556.4212015,6,2,1,0,2,49.0,10.859
1556.4262515,3,1,3,0,15,55.0,133.115
1556.426281,1,1,2,0,1,49.0,0.0
1556.427418,5,3,20,5,150,66.0,2579.0
1556.4274285,6,4,15,5,147,66.0,2574.0
1556.427444,1,41,14,2,114,56.0,493.091
1556.4274655,3,2,13,2,140,53.0,383.961
1556.446138,1,1,5,0,42,49.0,91.335
1556.452891,5,5,8,1,60,57.0,402.66
1556.452919,1,1,2,0,1,49.0,0.0
1556.464951,5,2,2,0,3,52.0,25.54
1556.4693595,6,3,4,1,25,62.0,436.932
1556.487362,1,2,10,1,42,65.0,822.027
1556.494753,5,2,2,0,5,51.0,44.785
1556.496854,1,2,1,0,3,49.0,12.476
1556.5009175,6,2,1,0,3,45.0,8.627
1556.5019485,6,1,5,1,34,57.0,205.127
1556.501989,2,1,1,0,1,52.0,0.0
1556.502017,1,1,2,0,1,46.0,0.0
1556.5153465,6,1,3,0,1,51.0,0.0
1556.5198345,6,1,2,0,1,46.0,0.0
1556.5231555,6,2,4,0,23,59.0,265.545
1556.530726,5,13,4,0,18,52.0,99.344
1556.5307445,6,1,5,1,30,54.0,218.896
1556.5518215,3,1,1,0,4,50.0,21.084
1556.551843,1,1,2,0,1,47.0,0.0
1556.552617,5,2,2,0,17,54.0,154.084
1556.554588,1,1,2,0,1,50.0,0.0
1556.556921,5,1,1,0,1,47.0,0.0
1556.569392,1,1,1,0,1,46.0,0.0
1556.571825,5,2,1,0,3,47.0,11.405
1556.572393,2,2,4,0,16,53.0,142.674
1556.5724005,6,2,5,1,46,52.0,157.579
1556.57348,1,6,25,8,144,68.0,5327.0
1556.5734965,3,16,15,2,112,60.0,594.644
1556.5735005,6,9,20,6,154,64.0,2709.0
1556.575382,2,2,3,0,17,55.0,125.806
1556.575396,1,2,4,0,5,50.0,37.737
1556.575423,5,1,4,0,1,48.0,0.0
1556.5754425,6,1,2,0,7,48.0,28.028
1556.5805455,6,1,1,0,1,46.0,0.0
1556.580942,5,1,3,0,1,53.0,0.0
1556.584358,1,6,10,2,78,61.0,864.622
1556.5843905,3,1,1,0,1,46.0,0.0
1556.584412,5,1,2,0,1,46.0,0.0
1556.591269,5,2,1,0,2,45.0,9.078
1556.594873,1,1,1,0,1,46.0,0.0
1556.595586,1,2,1,0,3,52.0,26.054
1556.5960625,6,1,3,0,29,50.0,49.691
1556.5960888,1,2,2,0,3,49.0,12.703
1556.604549,1,90,17,7,181,70.0,5090.0
1556.6046795,6,2,2,0,12,50.0,55.687
1556.606205,2,2,2,0,3,61.0,190.698
1556.613848,5,4,1,0,5,48.0,20.955
1556.6162335,6,1,1,0,1,45.0,0.0
1556.6218185,6,1,4,0,24,53.0,129.712
1556.6251925,3,10,4,0,20,52.0,91.228
1556.625212,5,2,6,0,10,53.0,107.854
1556.625217,1,2,7,1,75,56.0,304.769
1556.626768,5,2,6,1,22,58.0,320.389
1556.6469485,6,1,2,0,4,50.0,19.192
1556.646993,5,1,2,0,1,47.0,0.0
1556.651998,2,2,1,0,3,56.0,73.255
1556.6546825,6,1,2,0,1,48.0,0.0
1556.6627185,6,1,1,0,1,46.0,0.0
1556.667803,1,1,4,0,38,50.0,78.643
1556.67445,5,2,1,0,7,51.0,37.192
1556.6838365,6,1,1,0,1,45.0,0.0
1556.684019,5,2,2,0,2,46.0,3.464
1556.684717,5,2,3,0,4,48.0,12.282
1556.684718,1,1,1,0,1,45.0,0.0
1556.685821,1,2,3,0,3,51.0,33.54
1556.694869,1,10,24,9,153,66.0,5229.0
1556.6948915,6,2,20,5,154,61.0,1506.0
1556.6948925,3,2,11,2,112,57.0,388.4
1556.694903,5,21,13,3,137,55.0,670.273
1556.7051555,6,2,2,0,11,54.0,56.906
1556.7106975,6,1,1,0,1,50.0,0.0
1556.711895,1,1,1,0,1,46.0,0.0
1556.731318,5,5,9,1,41,59.0,527.992
1556.731405,1,39,4,0,40,50.0,69.981
1556.735535,5,4,17,4,98,65.0,2527.0
1556.7355525,3,1,2,0,4,51.0,27.734
1556.735558,2,1,4,0,1,56.0,0.0
1556.735565,1,3,10,2,93,53.0,535.42
1556.743797,1,1,1,0,1,51.0,0.0
1556.7459405,6,1,1,0,1,46.0,0.0
1556.751644,1,2,3,0,3,50.0,23.595
1556.7538155,6,2,4,1,24,63.0,976.989
1556.761946,5,2,6,0,13,56.0,182.112
1556.7619685,6,1,4,0,23,50.0,59.983
1556.7730735,6,1,4,0,36,52.0,150.277
1556.7730765,3,1,2,0,1,46.0,0.0
1556.773083,1,1,2,0,1,47.0,0.0
1556.778617,5,25,7,1,81,55.0,336.56
1556.7786465,6,1,4,0,19,54.0,124.923
1556.778662,1,1,5,0,28,51.0,69.16
1556.7792815,3,1,2,0,10,49.0,32.632
1556.779293,1,1,2,0,1,49.0,0.0
1556.7870985,3,1,1,0,1,45.0,0.0
1556.787762,5,2,7,2,26,63.0,1309.0
1556.7945745,6,1,1,0,1,45.0,0.0
1556.80064,1,1,2,0,8,52.0,46.603
1556.8018635,3,1,2,0,19,53.0,71.556
1556.8068045,6,2,1,0,3,50.0,17.537
1556.810245,5,2,4,0,8,51.0,70.25
1556.8127615,3,1,1,0,1,45.0,0.0
1556.812782,1,1,1,0,1,46.0,0.0
1556.8148435,6,2,2,0,3,51.0,25.913
1556.816728,1,1,2,0,1,45.0,0.0
1556.820334,1,1,1,0,1,45.0,0.0
1556.821706,5,3,11,2,74,56.0,496.29
1556.821739,1,1,5,0,49,50.0,103.671
1556.8289605,3,1,2,0,4,50.0,18.733
1556.8299215,6,2,2,0,6,51.0,33.833
1556.8380745,6,2,3,0,2,47.0,16.717
1556.844387,1,3,8,1,42,57.0,415.053
1556.8443985,3,1,2,0,7,52.0,38.421
1556.8479705,3,1,6,1,54,57.0,302.131
1556.847985,2,1,3,1,46,58.0,310.754
1556.847992,1,1,5,0,24,50.0,75.639
1556.8480275,6,1,2,0,5,51.0,20.974
1556.8489925,6,2,1,0,7,51.0,43.025
1556.857913,5,2,4,0,15,51.0,108.743
1556.8678815,6,3,3,0,16,51.0,161.336
1556.877809,5,3,6,1,20,57.0,417.758
1556.8804415,6,2,6,0,21,55.0,203.37
1556.880453,1,2,2,0,30,49.0,55.557
1556.8825915,6,1,1,0,1,45.0,0.0
1556.894635,5,2,4,0,6,51.0,38.218
1556.917749,1,2,1,0,2,51.0,8.226
1556.931331,1,1,2,0,5,50.0,21.513
1556.9313605,6,1,1,0,1,45.0,0.0
1556.9363955,6,2,1,0,6,51.0,37.303
1556.937281,1,9,37,18,262,72.0,16826.0
1556.9372955,3,8,19,6,196,60.0,1545.0
1556.9373005,6,4,27,10,210,65.0,4546.0
1556.937319,4,1,5,0,1,49.0,0.0
1556.941099,1,4,5,0,37,55.0,230.085
1556.9422765,3,1,1,0,1,45.0,0.0
1556.9430765,6,1,1,0,1,46.0,0.0
1556.9462155,6,2,3,0,13,57.0,169.457
1556.9613765,6,1,1,0,1,45.0,0.0
1556.9691995,6,1,2,0,5,50.0,18.566
1556.969212,1,1,5,0,11,49.0,45.372
1556.969243,5,2,1,0,2,48.0,6.686
1556.975639,1,2,1,0,3,49.0,11.928
1556.989402,5,2,4,0,15,50.0,86.684
1556.989448,1,1,1,0,1,46.0,0.0
1556.9931725,6,1,1,0,1,45.0,0.0
1556.9971815,6,1,2,0,1,45.0,0.0
1557.005201,1,1,2,0,1,46.0,0.0
1557.0198625,6,2,1,0,3,50.0,13.735
1557.048415,5,1,1,0,1,45.0,0.0
1557.0484215,6,1,1,0,1,46.0,0.0
1557.051622,1,1,9,1,83,54.0,301.616
1557.0516425,6,1,4,0,7,52.0,34.853
1557.0583625,6,2,2,0,4,55.0,47.2
1557.072045,5,3,5,1,44,50.0,147.504
1557.076353,1,4,11,2,103,57.0,368.613
1557.0763615,6,1,9,1,106,54.0,222.917
1557.0763825,3,1,3,0,9,52.0,51.634
1557.076385,2,1,1,0,1,50.0,0.0
1557.082473,1,1,2,0,1,45.0,0.0
1557.0843955,6,1,3,0,10,56.0,126.093
1557.0867975,6,1,1,0,1,45.0,0.0
1557.0913315,3,1,1,0,1,45.0,0.0
1557.091358,1,3,1,0,4,45.0,9.586
1557.093718,2,1,3,0,11,56.0,128.823
1557.093728,1,1,12,2,75,53.0,359.701
1557.0937375,3,2,4,0,11,53.0,89.248
1557.093748,5,2,4,0,27,52.0,88.193
1557.103764,1,1,1,0,4,49.0,12.446
1557.117753,5,11,7,0,35,52.0,135.265
1557.1177795,6,1,4,0,5,49.0,17.637
1557.117781,1,2,4,0,3,50.0,18.308
1557.122654,5,4,22,5,112,64.0,2035.0
1557.1226635,6,14,14,4,88,65.0,2429.0
1557.1226675,3,1,8,1,55,52.0,163.53
1557.122677,1,2,12,2,124,53.0,414.408
1557.1238545,6,1,1,0,4,47.0,8.451
1557.125364,1,1,1,0,1,46.0,0.0
1557.1255435,3,1,1,0,1,45.0,0.0
1557.1273865,6,1,1,0,1,49.0,0.0
1557.1704245,3,1,2,0,4,50.0,23.975
1557.170451,1,2,2,0,3,51.0,17.581
1557.1785645,6,2,1,0,3,52.0,36.239
1557.183267,5,5,11,2,84,57.0,633.984
1557.183319,2,1,1,0,1,50.0,0.0
1557.1866845,6,2,1,0,3,51.0,24.618
1557.1885195,6,1,1,0,4,50.0,23.38
1557.1910515,6,1,1,0,1,47.0,0.0
1557.193509,5,1,1,0,1,47.0,0.0
1557.207275,1,2,9,2,182,53.0,269.866
1557.20745,2,1,3,0,15,53.0,56.587
1557.2074545,3,1,1,0,1,46.0,0.0
1557.208147,5,9,18,3,101,63.0,1298.0
1557.208168,1,12,14,3,106,56.0,569.263
1557.2081705,3,1,5,1,143,49.0,145.435
1557.208183,2,1,6,0,4,53.0,47.962
1557.211902,1,1,1,0,1,47.0,0.0
1557.2152935,3,1,9,1,38,52.0,205.389
1557.2153,2,1,10,2,59,59.0,896.452
1557.216385,5,2,2,0,5,50.0,31.564
1557.2346725,6,2,7,1,63,56.0,260.499
1557.234678,5,2,3,0,3,51.0,24.109
1557.234683,1,1,4,0,54,47.0,96.142
1557.2457625,6,1,1,0,4,47.0,9.212
1557.2510095,6,1,1,0,1,45.0,0.0
1557.2514225,3,1,1,0,1,46.0,0.0
1557.251449,1,1,1,0,1,45.0,0.0
1557.255892,1,2,2,0,2,50.0,8.402
1557.2752185,3,2,1,0,2,46.0,3.55
1557.2752565,6,1,1,0,1,45.0,0.0
1557.298891,1,31,5,0,32,51.0,73.333
1557.299617,5,1,2,0,1,49.0,0.0
1557.2996195,6,2,1,0,10,53.0,47.24
1557.302875,5,2,5,0,5,51.0,29.259
1557.3029005,6,1,1,0,1,45.0,0.0
1557.3034475,6,2,1,0,2,45.0,3.241
1557.3092935,6,1,6,1,56,52.0,169.389
1557.309313,2,2,2,0,2,54.0,25.886
1557.3099635,6,3,4,1,24,64.0,678.636
1557.310004,5,1,2,0,1,46.0,0.0
1557.311131,5,1,3,0,49,50.0,83.432
1557.33515,5,2,1,0,2,46.0,7.88
1557.3355605,6,1,1,0,1,46.0,0.0
1557.3360605,3,1,1,0,1,45.0,0.0
1557.3360745,6,1,3,0,1,49.0,0.0
1557.336093,1,1,3,0,1,48.0,0.0
1557.337567,5,1,1,0,1,45.0,0.0
1557.3394445,6,1,1,0,1,45.0,0.0
1557.3402145,6,1,2,0,1,51.0,0.0
1557.365239,1,1,1,0,1,48.0,0.0
1557.3907375,6,1,1,0,1,45.0,0.0
1557.3933905,6,1,2,0,8,52.0,38.032
1557.4098085,6,1,2,0,8,48.0,24.631
1557.4176205,6,3,6,1,27,64.0,890.976
1557.417661,5,2,1,0,4,45.0,10.377
1557.419578,5,2,2,0,2,50.0,11.678
1557.4196095,6,1,1,0,1,45.0,0.0
1557.433989,5,4,12,4,97,60.0,1525.0
1557.4340045,6,10,11,3,154,58.0,644.117
1557.434009,4,1,1,0,4,46.0,8.189
1557.43401,1,2,9,1,105,53.0,239.193
1557.4340125,3,2,9,2,99,52.0,276.746
1557.434051,2,5,3,0,6,54.0,92.577
1557.4417015,3,1,4,0,50,52.0,104.483
1557.441715,1,1,8,1,40,53.0,181.35
1557.441721,5,2,6,1,38,54.0,243.35
1557.4417325,6,8,6,1,45,55.0,193.253
1557.4477615,6,2,2,0,2,45.0,3.695
1557.4492495,6,1,1,0,1,47.0,0.0
1557.457079,1,1,4,1,41,56.0,244.215
1557.462634,1,2,2,0,3,48.0,16.834
1557.4626365,6,2,1,0,5,47.0,16.498
1557.464573,1,2,4,0,25,54.0,110.675
1557.4645835,6,1,2,0,4,49.0,15.128
1557.4690235,6,1,1,0,1,46.0,0.0
1557.474629,1,1,1,0,1,48.0,0.0
1557.4789615,6,2,3,0,14,54.0,91.698
1557.4801125,6,1,1,0,1,47.0,0.0
1557.4847795,6,1,2,0,4,48.0,13.724
1557.4938665,3,1,1,0,1,45.0,0.0
1557.506732,1,1,3,0,4,52.0,24.042
1557.5067585,6,1,1,0,4,47.0,9.604
1557.507713,1,2,2,0,3,54.0,38.336
1557.5079065,6,3,2,0,4,51.0,23.983
1557.514011,1,1,1,0,1,45.0,0.0
1557.5173675,6,2,3,0,15,58.0,139.846
1557.5188985,6,1,1,0,1,45.0,0.0
1557.5273825,6,1,1,0,1,45.0,0.0
1557.5311035,6,1,1,0,1,47.0,0.0
1557.5571415,6,1,3,0,8,50.0,35.601
1557.560933,1,1,2,0,1,47.0,0.0
1557.560945,5,1,1,0,1,45.0,0.0
1557.5609525,6,1,1,0,1,45.0,0.0
1557.563031,5,2,4,0,2,50.0,10.021
1557.5630385,6,1,1,0,4,49.0,12.955
1557.563073,2,1,1,0,1,50.0,0.0
1557.567946,5,1,2,0,1,45.0,0.0
1557.569794,1,1,2,0,1,50.0,0.0
1557.5700215,6,1,1,0,1,45.0,0.0
1557.571092,5,1,1,0,1,46.0,0.0
1557.5722585,6,2,1,0,2,45.0,5.377
1557.577495,1,8,35,13,212,64.0,6273.0
1557.577496,2,12,23,9,155,61.0,3368.0
1557.5774985,3,10,21,7,170,64.0,2750.0
1557.577511,5,25,23,5,168,58.0,1200.0
1557.5889255,6,1,1,0,1,45.0,0.0
1557.589929,1,1,1,0,1,49.0,0.0
1557.5918745,6,1,1,0,1,45.0,0.0
1557.593744,5,2,14,4,105,63.0,1351.0
1557.593769,1,1,10,2,127,55.0,310.371
1557.59377,2,1,4,0,29,55.0,213.676
1557.5937865,3,1,5,1,68,50.0,122.849
1557.597593,5,11,36,52,555,80.0,80853.0
1557.5976065,6,16,39,27,309,77.0,33893.0
1557.597608,1,8,42,18,294,67.0,9104.0
1557.5976095,3,23,36,21,394,67.0,10806.0
1557.597613,2,28,40,28,327,69.0,21599.0
1557.597615,4,1,7,1,70,54.0,294.85
1557.598843,5,1,2,0,12,48.0,30.32
1557.6010955,3,1,1,0,4,47.0,9.579
1557.6013295,6,1,1,0,1,46.0,0.0
1557.606285,5,1,1,0,1,52.0,0.0
1557.6081565,6,1,5,0,63,54.0,106.668
1557.61173,5,2,9,2,54,59.0,748.028
1557.6117545,6,13,2,0,14,52.0,40.544
1557.611763,1,9,4,0,10,51.0,44.852
1557.627107,5,31,40,11,170,65.0,5400.0
1557.6271085,3,1,15,3,178,53.0,510.818
1557.627114,1,36,33,10,204,63.0,3806.0
1557.636955,5,1,3,0,14,50.0,37.925
1557.637581,5,3,1,0,4,47.0,13.321
1557.6380645,6,2,10,2,61,63.0,1178.0
1557.638085,5,1,1,0,1,47.0,0.0
1557.6380925,3,1,1,0,4,46.0,9.171
1557.638115,1,2,3,0,24,50.0,68.331
1557.642297,5,1,3,0,15,48.0,32.249
1557.6477565,6,1,1,0,1,45.0,0.0
1557.6547465,6,1,1,0,5,52.0,30.751
1557.6591225,6,1,1,0,1,45.0,0.0
1557.661341,1,1,1,0,1,45.0,0.0
1557.662807,1,1,3,0,4,49.0,15.734
1557.6711585,3,1,1,0,1,45.0,0.0
1557.671164,5,2,2,0,3,54.0,34.689
1557.6711965,6,1,1,0,1,48.0,0.0
1557.674068,1,8,33,10,212,63.0,4129.0
1557.6740715,3,10,18,5,156,62.0,1806.0
1557.6740825,6,64,26,7,253,56.0,1307.0
1557.6752145,6,1,1,0,1,45.0,0.0
1557.6783585,6,1,1,1,185,47.0,65.646
1557.6841995,3,2,2,0,18,51.0,57.98
1557.684216,1,1,6,1,42,51.0,141.333
1557.684226,5,1,4,0,29,51.0,89.113
1557.684229,2,2,2,0,14,51.0,62.861
1557.6842315,6,1,4,0,19,49.0,60.301
1557.702416,5,1,3,0,1,46.0,0.0
1557.705704,1,1,1,0,1,45.0,0.0
1557.706426,5,7,3,0,11,52.0,60.555
1557.70704,1,2,1,0,3,48.0,11.57
1557.711402,5,12,10,2,90,57.0,590.218
1557.711455,1,2,2,0,13,50.0,37.011
1557.712605,5,2,2,0,3,49.0,12.919
1557.7170435,6,1,1,0,4,46.0,8.067
1557.732419,2,2,3,1,43,56.0,297.718
1557.732443,1,2,3,0,46,51.0,76.199
1557.7335215,6,1,1,0,1,45.0,0.0
1557.7373335,6,2,1,0,3,50.0,19.419
1557.760338,2,2,2,0,2,54.0,14.781
1557.7657925,6,1,2,0,1,46.0,0.0
1557.7701185,6,71,31,9,260,58.0,2051.0
1557.770137,5,2,21,5,157,57.0,1146.0
1557.7750515,6,1,1,0,4,52.0,26.345
1557.7762725,6,2,3,0,15,62.0,347.404
1557.7800595,6,1,2,0,1,48.0,0.0
1557.786927,5,2,2,0,3,53.0,33.074
1557.802827,1,2,2,0,6,52.0,83.984
1557.818493,1,32,9,1,38,53.0,221.03
1557.8185245,6,2,5,0,41,48.0,94.265
1557.8185355,3,1,1,0,1,45.0,0.0
1557.818555,2,1,1,0,1,50.0,0.0
1557.8203885,3,3,8,1,75,55.0,252.313
1557.820389,1,17,15,3,96,55.0,699.16
1557.820394,2,4,9,2,72,55.0,701.675
1557.823136,4,1,1,0,37,48.0,71.856
1557.8231395,3,1,2,0,1,46.0,0.0
1557.82314,1,2,10,1,74,54.0,305.829
1557.823145,2,1,5,0,25,54.0,148.766
1557.823146,5,2,9,2,50,64.0,1294.0
1557.8231565,6,2,9,1,81,55.0,314.674
1557.837873,1,2,1,0,3,49.0,13.636
1557.8417325,6,1,1,0,1,47.0,0.0
1557.8437345,6,1,1,0,1,48.0,0.0
1557.8446435,6,2,1,0,3,49.0,15.687
1557.8557635,6,1,1,0,1,45.0,0.0
1557.8572515,6,2,2,0,9,61.0,436.821
1557.8591395,6,3,1,0,13,49.0,45.746
1557.860448,1,5,11,3,60,65.0,1621.0
1557.86048,2,1,1,0,1,50.0,0.0
1557.8639655,6,1,1,0,1,47.0,0.0
1557.8658765,3,7,18,5,157,62.0,1812.0
1557.8658885,6,67,27,7,256,57.0,1363.0
1557.865903,5,12,19,4,152,57.0,746.174
1557.8725485,6,1,1,0,1,45.0,0.0
1557.8769665,3,1,1,0,1,46.0,0.0
1557.876973,5,2,5,0,53,50.0,134.294
1557.876981,2,1,2,0,1,55.0,0.0
1557.876985,1,2,2,0,2,49.0,11.678
1557.8769925,6,1,2,0,1,46.0,0.0
1557.8880445,3,2,1,0,3,45.0,7.724
1557.8880785,6,1,1,0,1,45.0,0.0
1557.891828,1,2,2,0,30,51.0,65.809
1557.8955435,6,2,8,3,51,69.0,3394.0
1557.9180595,3,5,9,2,105,56.0,461.072
1557.918061,2,4,15,5,106,61.0,1652.0
1557.918064,1,53,21,4,122,55.0,1006.0
1557.918065,5,24,18,4,131,59.0,1023.0
1557.933708,1,2,6,1,50,64.0,705.49
1557.9337635,6,1,2,0,1,45.0,0.0
1557.942672,5,2,2,0,2,48.0,10.809
1557.961592,1,12,35,14,210,64.0,6404.0
1557.9631205,6,1,1,0,4,47.0,11.629
1557.9706705,6,1,1,0,1,45.0,0.0
1557.978144,1,1,3,0,1,49.0,0.0
1557.978991,5,7,6,1,61,53.0,154.75
1557.983335,1,2,4,0,16,58.0,328.38
1557.991678,1,2,1,0,6,47.0,25.054
1557.99775,1,2,2,0,32,51.0,73.784
1558.005479,1,1,2,0,1,47.0,0.0
1558.0088705,6,1,1,0,1,45.0,0.0
1558.015771,1,2,5,0,37,53.0,153.808
1558.0220895,6,1,1,0,1,45.0,0.0
1558.033961,5,2,3,0,3,51.0,21.206
1558.034692,5,2,4,0,8,58.0,230.69
1558.054823,5,2,5,0,18,51.0,106.566
1558.0560405,6,1,1,0,1,45.0,0.0
1558.0632625,6,1,1,0,1,46.0,0.0
1558.0658635,6,1,1,0,1,47.0,0.0
1558.074069,1,33,9,1,47,55.0,419.29
1558.074107,2,1,1,0,1,51.0,0.0
1558.0828795,6,1,1,0,1,45.0,0.0
1558.0910805,6,5,13,5,84,68.0,3658.0
1558.091089,5,1,10,0,27,52.0,131.715
1558.091094,1,26,11,2,77,54.0,354.319
1558.0911005,3,1,6,0,33,50.0,96.1
1558.091115,2,1,6,1,63,55.0,300.463
1558.096799,5,1,2,0,1,47.0,0.0
1558.097783,5,2,1,0,3,55.0,39.381
1558.1012885,6,21,30,11,176,64.0,5068.0
1558.1012975,3,11,18,4,164,56.0,900.039
1558.101298,2,30,17,6,121,62.0,2312.0
1558.1013,1,23,31,10,175,63.0,4909.0
1558.101302,5,41,34,14,237,66.0,7881.0
1558.101306,4,2,4,0,31,49.0,76.26
1558.107517,1,5,5,0,6,49.0,19.897
1558.114167,1,1,2,0,7,52.0,40.065
1558.1170395,6,1,1,0,1,45.0,0.0
1558.153291,2,5,24,12,277,62.0,3886.0
1558.160061,5,2,1,0,3,48.0,15.964
1558.173635,5,1,1,0,1,45.0,0.0
1558.175974,1,2,8,2,117,57.0,522.098
1558.175996,5,11,3,0,12,51.0,46.448
1558.1760005,6,3,3,0,4,50.0,21.3
1558.183225,1,2,7,1,67,52.0,205.538
1558.183251,5,2,3,0,2,47.0,3.352
1558.1862805,6,1,1,0,1,48.0,0.0
1558.18938,1,2,2,0,9,53.0,57.921
1558.1893965,6,1,2,0,7,51.0,38.936
1558.206142,2,1,1,0,1,53.0,0.0
1558.2235645,6,1,3,0,15,57.0,151.47
1558.2244575,6,4,6,1,29,61.0,423.836
1558.224467,1,1,1,0,1,46.0,0.0
1558.225125,5,1,5,0,19,51.0,83.224
1558.2251375,6,1,4,0,35,48.0,77.162
1558.228344,5,2,1,0,2,45.0,4.66
1558.2311995,6,2,7,2,101,53.0,320.134
1558.2312245,3,1,2,0,7,48.0,21.055
1558.23125,1,2,5,0,28,50.0,105.546
1558.2325735,6,1,3,0,4,53.0,41.199
1558.233127,1,1,8,1,89,52.0,183.63
1558.2331365,3,1,2,0,12,47.0,20.098
1558.237056,5,2,1,0,3,47.0,13.569
1558.2405425,6,1,1,0,1,51.0,0.0
1558.24232,5,2,4,0,3,47.0,8.61
1558.263554,1,1,8,1,46,57.0,330.374
1558.2646005,6,1,3,0,38,48.0,56.794
1558.272963,5,3,5,0,9,54.0,184.208
1558.2729655,3,1,4,0,15,52.0,76.048
1558.2729825,6,1,4,0,29,49.0,63.483
1558.273001,1,1,4,0,25,48.0,48.199
1558.278284,5,2,1,0,3,49.0,13.328
1558.279228,2,1,3,0,1,53.0,0.0
1558.291677,1,1,1,0,1,45.0,0.0
1558.294118,1,1,1,0,1,46.0,0.0
1558.295982,5,2,1,0,2,45.0,5.484
1558.3018865,6,2,3,1,103,50.0,120.248
1558.301891,5,1,2,0,1,48.0,0.0
1558.306711,1,22,12,2,115,55.0,441.951
1558.306715,2,1,10,1,20,57.0,414.738
1558.3067275,3,1,5,1,55,51.0,145.436
1558.3184825,6,1,1,0,1,45.0,0.0
1558.332559,1,1,4,0,1,50.0,0.0
1558.3325865,6,1,3,0,1,46.0,0.0
1558.334288,1,1,1,0,1,45.0,0.0
1558.3347115,6,1,1,0,4,47.0,10.094
1558.340506,1,2,1,0,3,51.0,17.01
1558.3451755,6,1,2,0,89,47.0,53.027
1558.354531,1,2,3,0,35,55.0,104.26
1558.359043,1,1,2,0,1,50.0,0.0
1558.372383,5,2,1,0,3,46.0,8.54
1558.374174,1,1,15,3,141,56.0,552.238
1558.374181,2,27,6,2,88,57.0,543.719
1558.3741875,3,8,6,1,76,54.0,196.559
1558.379286,1,4,5,0,42,52.0,97.615
1558.379286,5,2,2,0,10,51.0,55.513
1558.3795785,3,1,6,1,69,54.0,184.272
1558.379584,2,43,14,4,107,60.0,1202.0
1558.3818775,6,1,2,0,8,53.0,65.684
1558.3858985,6,4,1,0,5,49.0,27.448
1558.388049,1,1,1,0,1,45.0,0.0
1558.395056,1,2,4,0,3,53.0,29.905
1558.395081,5,1,3,0,6,51.0,26.385
1558.3986185,3,1,1,0,4,49.0,12.418
1558.398629,5,1,1,0,1,46.0,0.0
1558.3986325,6,1,2,0,1,47.0,0.0
1558.404095,1,2,3,0,3,53.0,30.847
1558.4054435,6,1,1,0,1,46.0,0.0
1558.406632,1,18,4,0,19,50.0,59.078
1558.4091895,3,1,1,0,7,45.0,8.088
1558.410242,1,2,5,0,49,56.0,147.223
1558.4102645,6,1,4,0,32,54.0,125.551
1558.4111525,6,1,1,0,1,45.0,0.0
1558.4116585,3,1,2,0,1,45.0,0.0
1558.4116705,6,1,2,0,8,53.0,62.417
1558.4122015,6,1,1,0,1,45.0,0.0
1558.4138915,6,2,3,0,3,55.0,63.64
1558.420977,5,3,4,0,18,55.0,232.777
1558.4242015,6,1,1,0,1,48.0,0.0
1558.4272835,6,1,7,2,224,50.0,193.75
1558.427299,1,149,9,3,235,55.0,497.785
1558.4274195,3,1,5,1,84,50.0,106.869
1558.427438,5,19,12,1,53,52.0,226.094
1558.429284,1,2,1,0,3,49.0,16.066
1558.4295295,6,1,1,0,1,45.0,0.0
1558.4492625,6,7,33,14,212,69.0,8780.0
1558.4492765,3,24,22,6,159,61.0,1905.0
1558.44928,1,2,36,15,269,68.0,8081.0
1558.449309,4,2,2,0,5,46.0,17.956
1558.4505105,6,1,1,0,1,45.0,0.0
1558.460371,1,6,10,1,48,54.0,198.843
1558.4603825,3,1,1,0,1,47.0,0.0
1558.460971,2,1,12,3,106,58.0,832.527
1558.4609745,3,10,10,2,119,54.0,343.454
1558.4609785,6,21,13,2,102,56.0,550.974
1558.460989,1,5,14,3,85,58.0,779.462
1558.4658465,6,1,1,0,1,45.0,0.0
1558.4677535,3,23,38,20,316,67.0,10305.0
1558.467756,4,32,22,6,180,59.0,1755.0
1558.467759,2,9,45,40,276,78.0,58516.0
1558.46776,5,38,60,32,357,70.0,26899.0
1558.467762,1,20,56,35,356,75.0,39482.0
1558.4677635,6,21,44,28,309,73.0,24526.0
1558.4718595,6,2,1,0,20,55.0,116.583
1558.4731505,6,1,2,0,8,46.0,18.109
1558.475682,5,1,11,2,50,59.0,676.806
1558.4756915,6,1,10,2,84,60.0,719.83
1558.475731,1,1,6,0,47,51.0,116.429
1558.4757325,3,1,2,0,1,47.0,0.0
1558.475733,2,1,1,0,1,50.0,0.0
1558.478598,5,3,2,0,7,58.0,208.763
1558.481554,5,13,14,2,40,57.0,964.051
1558.481559,2,1,6,2,110,54.0,439.249
1558.481563,1,1,9,1,96,54.0,234.984
1558.4932525,6,1,1,0,4,47.0,11.405
1558.495224,5,2,8,2,43,61.0,935.452
1558.49523,1,1,8,1,116,52.0,223.567
1558.495235,2,1,6,1,55,55.0,385.259
1558.4952395,3,1,4,0,14,48.0,34.704
1558.507251,5,2,5,0,24,52.0,98.967
1558.508306,1,2,3,0,11,52.0,38.963
1558.5083245,3,1,1,0,1,45.0,0.0
1558.508928,1,2,1,0,2,45.0,15.254
1558.5090185,3,1,1,0,1,45.0,0.0
1558.513096,1,1,2,0,1,50.0,0.0
1558.5172975,6,3,2,0,17,55.0,124.521
1558.5228865,6,2,2,0,3,47.0,9.923
1558.52299,1,1,4,0,38,51.0,56.582
1558.52299,5,1,5,0,8,56.0,109.705
1558.5245335,6,2,1,0,3,54.0,52.62
1558.528505,5,1,1,0,1,50.0,0.0
1558.530051,5,11,22,9,104,70.0,8375.0
1558.5300545,3,1,8,1,88,51.0,165.611
1558.530057,4,1,4,0,1,48.0,0.0
1558.530062,1,17,17,4,144,59.0,1163.0
1558.530065,2,1,9,2,60,56.0,552.341
1558.532054,2,4,16,6,144,65.0,2569.0
1558.5320575,3,2,11,3,182,56.0,539.956
1558.5320605,6,1,16,4,127,62.0,970.92
1558.532062,1,60,19,4,145,56.0,912.389
1558.533069,5,1,1,0,1,45.0,0.0
1558.53378,5,2,2,0,7,51.0,41.597
1558.5399,5,5,36,19,223,75.0,17917.0
1558.5399145,6,17,28,10,202,66.0,4994.0
1558.539919,4,1,5,1,58,51.0,136.543
1558.5399235,3,1,15,5,173,58.0,1243.0
1558.544476,5,8,12,2,74,59.0,831.471
1558.5444915,6,6,13,2,106,56.0,492.717
1558.544493,1,1,5,0,62,48.0,85.011
1558.544496,2,2,7,0,15,55.0,237.017
1558.5444965,3,2,7,1,71,51.0,168.428
1558.5467375,6,1,11,3,58,66.0,1972.0
1558.546768,5,1,3,0,18,52.0,53.287
1558.546769,1,2,3,0,40,51.0,92.723
1558.55243,1,1,2,0,1,47.0,0.0
1558.5544455,3,1,1,0,4,46.0,8.627
1558.557137,5,1,1,0,4,49.0,19.938
1558.558834,1,2,3,0,12,51.0,46.231
1558.5588445,3,1,2,0,4,49.0,12.607
1558.5588655,6,1,2,0,19,47.0,20.097
1558.5621545,6,1,1,0,1,46.0,0.0
1558.5705775,6,2,2,0,7,52.0,36.181
1558.581769,5,1,4,0,15,55.0,184.944
1558.58177,2,1,2,0,1,50.0,0.0
1558.589952,5,1,4,0,1,48.0,0.0
1558.5899725,3,1,3,0,29,49.0,57.568
1558.5944615,6,1,1,0,1,45.0,0.0
1558.596118,1,2,2,0,3,52.0,23.911
1558.597101,5,2,2,0,2,45.0,4.961
1558.6033535,6,2,1,0,3,55.0,40.363
1558.603504,1,1,1,0,1,45.0,0.0
1558.6045155,6,1,2,0,21,49.0,48.675
1558.604524,1,1,3,0,9,47.0,20.654
1558.605148,5,1,2,0,1,49.0,0.0
1558.616669,1,1,1,0,1,45.0,0.0
1558.618564,5,8,4,1,93,51.0,152.097
1558.6185675,3,11,4,1,62,54.0,145.033
1558.618574,1,1,5,0,14,48.0,29.248
1558.6185785,6,2,7,1,56,52.0,224.247
1558.6214205,6,2,2,0,11,57.0,186.429
1558.6220755,6,6,33,18,255,77.0,29677.0
1558.622091,1,35,26,7,186,60.0,1956.0
1558.6257245,6,1,4,0,22,52.0,90.26
1558.625735,1,1,1,0,1,47.0,0.0
1558.62697,5,1,2,0,1,46.0,0.0
1558.6269835,3,1,1,0,19,46.0,21.631
1558.6349245,6,2,3,0,12,59.0,397.265
1558.6384215,6,1,2,0,18,51.0,45.613
1558.638429,5,5,3,0,6,50.0,52.549
1558.638432,1,1,4,0,1,49.0,0.0
1558.658437,5,2,1,0,2,50.0,17.666
1558.677116,1,1,5,0,1,47.0,0.0
1558.681783,1,1,4,0,7,50.0,31.034
1558.6837905,6,1,1,0,1,49.0,0.0
1558.6881985,6,1,1,0,1,48.0,0.0
1558.689421,1,10,4,0,11,53.0,64.294
1558.7069465,6,1,2,0,5,52.0,27.299
1558.7211255,6,2,2,0,2,46.0,6.26
1558.7248925,6,1,2,0,1,46.0,0.0
1558.7267745,3,1,1,0,5,51.0,32.245
1558.72678,1,1,2,0,21,51.0,44.33
1558.726781,2,2,1,0,9,51.0,56.066
1558.726784,5,2,2,0,2,48.0,8.896
1558.7267925,6,1,3,0,29,51.0,38.124
1558.7280745,6,2,1,0,6,54.0,51.975
1558.7324105,6,1,3,0,11,52.0,84.28
1558.732418,2,1,1,0,1,53.0,0.0
1558.741335,5,2,1,0,3,52.0,20.308
1558.7413465,6,2,3,0,17,59.0,207.851
1558.7478215,6,14,4,0,18,55.0,115.969
1558.7484405,3,1,1,0,1,46.0,0.0
1558.751373,1,2,1,0,3,45.0,6.711
1558.752753,1,1,1,0,1,45.0,0.0
1558.7546465,3,1,1,0,4,48.0,11.754
1558.761139,1,1,14,2,174,51.0,270.513
1558.7611515,6,143,14,3,208,58.0,579.761
1558.7641495,6,1,1,0,1,45.0,0.0
1558.769837,1,1,1,0,1,47.0,0.0
1558.7893255,6,1,2,0,1,49.0,0.0
1558.789326,1,1,2,0,1,49.0,0.0
1558.789521,5,2,2,0,3,50.0,22.33
1558.791955,1,1,2,0,1,48.0,0.0
1558.794418,1,2,5,1,40,61.0,374.201
1558.799908,5,1,2,0,1,50.0,0.0
1558.803916,5,2,21,18,289,78.0,26652.0
1558.8039395,6,1,6,0,27,51.0,115.816
1558.8325565,6,1,1,0,1,45.0,0.0
1558.8341625,6,3,3,0,4,53.0,48.237
1558.8408425,6,1,1,0,1,48.0,0.0
1558.844755,5,1,3,0,42,50.0,62.195
1558.844809,1,1,1,0,1,45.0,0.0
1558.853966,5,4,15,5,105,65.0,3433.0
1558.8539985,6,2,4,0,22,55.0,154.04
1558.8571025,6,2,8,4,58,71.0,4069.0
1558.860926,5,2,8,1,31,59.0,460.953
1558.860964,1,1,1,0,1,47.0,0.0
1558.8632645,6,2,1,0,3,45.0,7.564
1558.866009,1,2,13,3,92,62.0,876.455
1558.8660295,3,1,1,0,1,45.0,0.0
1558.875964,5,2,1,0,2,46.0,4.179
1558.880221,1,1,2,0,4,48.0,13.621
1558.880985,5,2,1,0,2,50.0,6.726
1558.8859715,6,1,1,0,1,45.0,0.0
1558.886189,5,2,2,0,2,52.0,17.41
1558.8951525,6,1,1,0,1,47.0,0.0
1558.89642,2,2,7,1,35,58.0,405.841
1558.896429,1,43,13,2,131,55.0,421.68
1558.8964435,3,1,2,0,7,55.0,63.21
1558.89647,5,2,6,0,21,50.0,66.717
1558.899548,5,11,4,0,12,50.0,71.253
1558.8995515,6,6,4,0,20,55.0,146.454
1558.899576,1,1,2,0,1,46.0,0.0
1558.9033505,6,1,2,0,1,48.0,0.0
1558.9146175,6,2,1,0,2,45.0,3.579
1558.9159465,6,1,1,0,1,45.0,0.0
1558.919255,1,2,4,0,49,50.0,83.351
1558.9192685,6,1,2,0,1,49.0,0.0
1558.9224885,3,1,1,0,1,45.0,0.0
1558.9255875,6,2,1,0,3,49.0,10.904
1558.929519,1,1,5,1,51,54.0,184.308
1558.9295305,6,1,3,0,4,49.0,13.945
1558.930838,1,1,2,0,1,50.0,0.0
1558.9390825,6,2,2,0,2,47.0,6.26
1558.948222,1,1,3,0,9,47.0,19.747
1558.958957,5,2,1,0,3,50.0,14.302
1558.95966,1,1,2,0,1,47.0,0.0
1558.95967,5,1,1,0,1,47.0,0.0
1558.9659005,6,1,1,0,1,45.0,0.0
1558.967615,5,2,13,1,78,55.0,363.044
1558.9676795,3,1,4,0,20,52.0,127.285
1558.9676975,6,1,3,0,20,50.0,68.826
1558.967699,1,15,6,0,19,53.0,99.685
1558.9685685,6,1,2,0,4,46.0,7.78
1558.9728515,6,1,4,0,24,50.0,51.121
1558.9754395,6,1,2,0,1,46.0,0.0
1558.983749,2,2,1,0,2,51.0,37.147
1558.98776,5,2,9,1,39,58.0,329.873
1558.9877975,6,1,2,0,4,49.0,14.02
1558.995951,1,1,1,0,1,45.0,0.0
1558.9983665,6,1,2,0,4,45.0,6.763
1559.007181,5,2,16,4,68,64.0,2180.0
1559.0071875,3,1,2,0,43,48.0,49.043
1559.007214,2,1,1,0,1,56.0,0.0
1559.007253,1,1,1,0,1,47.0,0.0
1559.0101645,6,1,1,0,1,45.0,0.0
1559.021245,1,4,16,3,87,64.0,926.845
1559.0212545,3,1,5,1,98,51.0,160.457
1559.021258,2,1,8,1,19,57.0,406.84
1559.021264,5,37,8,2,95,53.0,283.176
1559.033424,1,2,6,1,75,52.0,231.452
1559.0334395,6,1,4,0,24,51.0,71.81
1559.0334425,3,1,3,0,32,48.0,57.027
1559.033445,2,1,4,0,10,56.0,181.451
1559.033487,5,2,1,0,3,47.0,12.368
1559.0340495,6,1,2,0,70,48.0,56.623
1559.0340685,3,1,1,0,1,45.0,0.0
1559.047142,5,1,1,0,1,45.0,0.0
1559.0538415,6,1,2,0,5,57.0,64.529
1559.0603755,6,1,1,0,4,49.0,13.626
1559.069879,1,2,5,0,18,60.0,322.231
1559.0712045,3,2,2,0,6,53.0,47.817
1559.072569,1,2,4,0,14,53.0,89.072
1559.072772,5,2,1,0,3,52.0,21.354
1559.083167,5,1,2,0,4,52.0,17.601
1559.0834355,6,1,1,0,1,45.0,0.0
1559.09365,1,4,3,0,8,53.0,96.54
1559.0948335,6,1,7,1,68,56.0,285.192
1559.094838,2,1,13,4,125,55.0,841.806
1559.0948485,3,1,5,1,59,52.0,174.416
1559.094855,1,17,9,1,90,52.0,195.202
1559.098515,1,2,7,0,35,58.0,190.715
1559.0985375,3,1,1,0,1,45.0,0.0
1559.098549,5,2,3,0,8,49.0,19.665
1559.104425,1,1,5,0,6,51.0,30.235
1559.104512,5,1,1,0,1,47.0,0.0
1559.1057315,6,1,2,0,8,52.0,33.489
1559.108003,1,5,6,0,8,56.0,196.874
1559.1080055,3,1,1,0,1,48.0,0.0
1559.109465,1,1,1,0,1,45.0,0.0
1559.123611,1,1,5,1,87,50.0,143.981
1559.1236295,3,1,2,0,9,46.0,16.743
1559.12363,2,1,2,0,1,52.0,0.0
1559.123651,5,2,4,0,7,48.0,29.223
1559.1333465,6,2,1,0,7,53.0,64.99
1559.1431845,6,1,1,0,1,45.0,0.0
1559.157461,1,1,1,0,1,45.0,0.0
1559.1574645,6,1,2,0,8,51.0,40.369
1559.1592775,6,1,1,0,1,45.0,0.0
1559.173639,5,1,2,0,4,50.0,21.783
1559.1746685,6,1,1,0,1,45.0,0.0
1559.1805475,6,1,1,0,1,45.0,0.0
1559.18243,5,2,1,0,2,47.0,3.324
1559.183751,5,1,6,1,44,56.0,436.834
1559.1837675,3,1,2,0,1,47.0,0.0
1559.1888305,6,1,1,0,1,47.0,0.0
1559.195776,5,2,2,0,2,53.0,11.471
1559.1982955,3,1,3,0,21,49.0,64.13
1559.198311,5,62,24,3,115,54.0,637.985
1559.2018635,3,1,1,0,1,45.0,0.0
1559.2070765,6,2,1,0,2,45.0,11.265
1559.213365,1,4,9,2,73,57.0,610.043
1559.2133835,3,1,2,0,7,49.0,31.476
1559.2133925,6,3,6,1,63,50.0,131.265
1559.2141925,6,1,1,0,1,45.0,0.0
1559.214761,1,14,8,1,41,54.0,224.141
1559.2147905,6,1,3,0,26,47.0,29.26
1559.220742,5,2,5,0,19,51.0,91.651
1559.2429905,6,2,2,0,3,49.0,19.171
1559.245111,1,4,3,0,8,56.0,143.818
1559.258145,1,1,2,0,4,48.0,11.156
1559.2623765,6,1,2,0,9,53.0,49.172
1559.275053,2,17,17,5,89,62.0,1782.0
1559.2750555,6,6,20,5,139,62.0,1350.0
1559.2750625,3,8,10,2,105,56.0,464.226
1559.2792965,6,1,2,0,27,48.0,43.767
1559.279314,1,1,4,0,1,47.0,0.0
1559.288763,5,1,1,0,1,45.0,0.0
1559.2963115,6,1,1,0,1,49.0,0.0
1559.2986305,6,1,2,0,8,49.0,22.61
1559.3014145,3,1,1,0,1,45.0,0.0
1559.3022215,6,1,1,0,1,45.0,0.0
1559.3132995,6,1,1,0,1,45.0,0.0
1559.3296125,6,2,7,2,33,63.0,1071.0
1559.333146,5,1,1,0,1,47.0,0.0
1559.3339705,3,1,1,0,1,45.0,0.0
1559.338203,5,3,4,0,6,50.0,38.875
1559.344218,5,2,1,0,2,53.0,31.434
1559.347082,1,2,5,0,6,49.0,30.51
1559.3471025,6,1,3,0,8,48.0,26.245
1559.34719,5,2,3,0,2,47.0,4.826
1559.3483575,6,1,2,0,5,52.0,30.279
1559.3547385,6,1,2,0,4,49.0,15.306
1559.359389,1,2,1,0,3,47.0,8.369
1559.3616305,6,2,2,0,12,48.0,29.633
1559.3664915,6,1,1,0,1,45.0,0.0
1559.3694195,6,1,1,0,1,45.0,0.0
1559.371994,1,28,14,1,77,54.0,276.684
1559.3719965,3,1,5,0,33,52.0,104.26
1559.372122,2,1,2,0,1,51.0,0.0
1559.373633,5,2,2,0,3,50.0,12.919
1559.3736335,6,1,3,0,8,51.0,24.391
1559.373673,1,1,1,0,1,45.0,0.0
1559.377328,2,2,1,0,6,55.0,106.525
1559.3824665,6,2,1,0,2,45.0,7.047
1559.38779,1,2,2,0,3,51.0,21.028
1559.390945,5,5,4,0,20,53.0,146.259
1559.4093545,6,2,7,1,80,55.0,255.209
1559.409358,1,45,10,1,80,52.0,204.845
1559.409378,2,1,1,0,1,51.0,0.0
1559.4093805,3,1,1,0,8,48.0,21.813
1559.4122765,6,9,10,1,61,56.0,292.722
1559.41228,1,5,9,2,65,58.0,520.314
1559.412321,5,2,7,0,4,49.0,23.457
1559.4187715,6,2,1,0,2,45.0,4.025
1559.4307175,6,2,1,0,3,48.0,17.346
1559.434038,1,1,1,0,1,47.0,0.0
1559.4390055,6,2,5,1,27,61.0,520.875
1559.439056,5,2,1,0,3,49.0,13.322
1559.4534345,6,1,1,0,1,45.0,0.0
1559.457829,1,1,8,0,30,52.0,134.79
1559.4578365,6,2,2,0,13,52.0,74.221
1559.457852,2,1,2,0,1,54.0,0.0
1559.465928,5,1,1,0,1,45.0,0.0
1559.480408,1,2,13,3,60,64.0,1778.0
1559.4804195,6,1,7,2,86,57.0,430.571
1559.4804295,3,2,5,0,33,53.0,162.292
1559.4815215,6,2,4,1,23,64.0,579.466
1559.4840795,6,1,1,0,1,45.0,0.0
1559.4855745,6,1,1,0,4,48.0,11.614
1559.4913325,6,2,1,0,2,45.0,4.055
1559.498494,5,2,1,0,2,48.0,7.374
1559.5069755,6,1,1,0,1,47.0,0.0
1559.5161305,6,1,1,0,1,45.0,0.0
1559.5301775,3,1,2,0,5,47.0,14.093
1559.53019,2,2,1,0,2,52.0,14.027
1559.530191,1,1,6,0,33,53.0,142.546
1559.530252,5,1,1,0,1,46.0,0.0
1559.5335535,6,8,5,0,16,53.0,159.667
1559.533607,5,7,2,0,9,47.0,30.918
1559.5342325,6,2,6,0,21,60.0,327.873
1559.5377515,6,2,1,0,8,50.0,55.78
1559.5392435,6,1,3,0,1,49.0,0.0
1559.539244,1,2,6,1,47,52.0,181.56
1559.5392535,3,1,2,0,1,46.0,0.0
1559.53926,5,23,9,0,24,51.0,80.034
1559.5427745,6,2,1,0,3,48.0,10.615
1559.544976,5,11,30,11,214,68.0,6706.0
1559.5449785,3,1,9,1,88,52.0,155.912
1559.54498,4,2,4,0,29,51.0,127.126
1559.544983,1,2,22,5,117,60.0,1547.0
1559.54499,2,1,13,3,78,58.0,1020.0
1559.548111,1,15,17,3,128,56.0,750.676
1559.5481155,3,1,11,2,91,54.0,306.268
1559.550766,1,1,1,0,1,51.0,0.0
1559.554748,5,2,1,0,2,45.0,3.903
1559.5585095,6,1,3,0,13,58.0,283.044
1559.558534,5,1,1,0,1,45.0,0.0
1559.5796445,6,2,9,4,95,66.0,3244.0
1559.5879595,6,1,1,0,1,47.0,0.0
1559.5904835,6,14,37,22,401,75.0,23389.0
1559.590489,1,17,42,14,354,69.0,6886.0
1559.5905,2,27,28,15,198,67.0,8895.0
1559.590505,4,1,4,0,19,49.0,65.474
1559.590505,5,13,34,11,181,66.0,5005.0
1559.592201,5,1,3,0,1,47.0,0.0
1559.593075,2,1,7,0,24,54.0,164.707
1559.5930765,3,10,6,1,78,53.0,282.171
1559.599323,5,4,1,0,5,47.0,16.953
1559.5993265,6,1,1,0,1,45.0,0.0
1559.604011,1,1,1,0,1,45.0,0.0
1559.6163045,6,2,5,1,27,58.0,348.814
1559.6209165,6,1,1,0,1,45.0,0.0
1559.6231195,6,2,3,0,7,62.0,321.913
1559.62825,5,2,1,0,2,45.0,4.432
1559.6405895,6,1,1,0,1,45.0,0.0
1559.64427,5,2,2,0,2,48.0,6.569
1559.6500705,3,1,1,0,1,45.0,0.0
1559.650075,2,1,1,0,1,50.0,0.0
1559.650077,5,1,3,0,1,50.0,0.0
1559.6500875,6,1,2,0,4,49.0,13.45
1559.650106,1,1,2,1,197,50.0,106.322
1559.665845,1,1,10,1,72,56.0,341.96
1559.6658875,6,1,1,0,1,45.0,0.0
1559.6930185,6,1,2,0,5,49.0,14.402
1559.697475,5,1,1,0,1,45.0,0.0
1559.706915,5,3,5,1,21,56.0,376.452
1559.7079175,6,3,1,0,4,49.0,22.768
1559.708142,1,1,2,0,1,47.0,0.0
1559.7119675,6,1,2,0,1,48.0,0.0
1559.715131,1,12,18,5,90,64.0,2506.0
1559.715146,2,1,9,2,47,57.0,601.393
1559.7151475,3,1,9,1,96,49.0,160.035
1559.7151655,6,4,10,2,80,54.0,354.659
1559.7160695,6,1,1,0,1,45.0,0.0
1559.7171775,6,1,3,0,18,61.0,322.284
1559.719173,1,2,4,0,3,51.0,13.857
1559.722467,2,1,2,0,4,53.0,40.828
1559.7224955,6,1,4,1,170,50.0,71.892
1559.722517,5,1,1,0,1,45.0,0.0
1559.730193,1,2,2,0,5,54.0,62.984
1559.73965,5,2,1,0,2,45.0,3.435
1559.7421675,6,5,10,5,60,73.0,5501.0
1559.745501,5,2,1,0,3,51.0,23.269
1559.746179,5,2,3,0,3,48.0,9.99
1559.7461955,3,1,1,0,1,45.0,0.0
1559.748846,5,15,37,16,217,71.0,13998.0
1559.748846,2,1,31,18,253,71.0,11410.0
1559.748851,4,1,1,0,1,47.0,0.0
1559.7488525,3,4,19,5,156,62.0,1378.0
1559.7488595,6,34,29,9,228,64.0,3288.0
1559.748865,1,3,32,9,205,63.0,3654.0
1559.754183,1,1,2,0,21,47.0,29.598
1559.7541945,6,1,1,0,1,48.0,0.0
1559.75588,1,1,1,0,1,49.0,0.0
1559.7561595,6,1,6,2,67,65.0,1207.0
1559.7573885,6,2,2,0,14,50.0,38.424
1559.759722,5,8,18,4,140,64.0,1392.0
1559.75973,1,3,23,5,304,56.0,930.437
1559.7597335,3,1,6,1,115,48.0,151.11
1559.76086,5,13,22,6,95,65.0,3787.0
1559.760878,1,16,6,0,19,51.0,76.991
1559.7608825,3,1,2,0,31,47.0,34.619
1559.762692,5,2,1,0,2,50.0,14.315
1559.768305,5,1,1,0,1,47.0,0.0
1559.773976,5,1,5,1,18,58.0,300.394
1559.775384,5,14,14,5,93,63.0,2892.0
1559.775405,1,1,3,0,1,49.0,0.0
1559.7754115,6,1,5,0,21,54.0,141.52
1559.779204,5,162,14,4,230,57.0,749.613
1559.779222,1,4,7,0,14,52.0,121.742
1559.7793635,3,1,1,0,1,45.0,0.0
1559.779385,2,1,2,0,1,53.0,0.0
1559.7794055,6,1,1,0,1,45.0,0.0
1559.784021,1,2,8,1,70,53.0,233.42
1559.7840375,6,1,4,0,27,48.0,40.687
1559.7840445,3,2,2,0,2,47.0,4.927
1559.784051,5,1,7,0,23,48.0,47.988
1559.7876545,6,2,4,1,31,62.0,1151.0
1559.791452,1,2,3,0,12,52.0,84.544
1559.796523,1,1,1,0,1,45.0,0.0
1559.801834,5,2,1,0,2,45.0,4.432
1559.8037855,6,1,1,0,1,45.0,0.0
1559.804606,1,38,7,1,60,52.0,247.032
1559.804627,5,1,3,0,1,47.0,0.0
1559.8046305,6,1,2,0,4,50.0,20.625
1559.804656,2,1,1,0,1,51.0,0.0
1559.807041,1,2,3,0,6,56.0,100.649
1559.8070665,6,1,3,0,9,50.0,18.951
1559.808003,5,2,1,0,3,46.0,8.547
1559.810781,1,1,1,0,1,45.0,0.0
1559.8115085,6,1,4,0,67,51.0,89.623
1559.8136375,6,1,1,0,1,47.0,0.0
1559.8186615,6,1,1,0,1,45.0,0.0
1559.823317,5,2,14,4,93,67.0,2830.0
1559.823339,2,1,7,1,45,55.0,293.24
1559.823344,1,1,12,2,136,52.0,315.471
1559.8233995,3,1,4,0,29,51.0,70.345
1559.826013,5,1,1,0,1,47.0,0.0
1559.826525,5,1,2,0,1,48.0,0.0
1559.8271705,3,1,3,0,17,52.0,86.768
1559.82718,2,1,4,0,13,53.0,90.056
1559.8271875,6,1,5,0,49,52.0,118.663
1559.8325875,6,2,1,0,4,46.0,13.678
1559.842782,5,4,2,0,5,48.0,19.928
1559.8598235,6,1,1,0,1,46.0,0.0
1559.8617265,3,1,1,0,1,47.0,0.0
1559.86173,5,2,2,0,3,47.0,10.734
1559.867955,1,1,2,0,4,55.0,58.037
1559.875539,1,1,2,0,8,49.0,24.273
1559.8804425,6,1,1,0,1,45.0,0.0
1559.8823365,6,1,1,0,1,45.0,0.0
1559.883474,5,2,2,0,13,50.0,52.667
1559.8834905,6,2,1,0,16,50.0,48.284
1559.885868,1,1,3,0,1,47.0,0.0
1559.8858755,6,1,3,1,105,48.0,66.0
1559.893346,5,14,23,10,132,67.0,7460.0
1559.893367,1,1,7,0,26,53.0,108.612
1559.8933735,6,7,8,2,107,57.0,471.471
1559.8933795,3,1,4,0,1,49.0,0.0
1559.893391,2,1,4,0,33,53.0,137.502
1559.89932,1,6,2,0,7,49.0,28.46
1559.90691,5,2,5,1,17,56.0,309.17
1559.909006,5,3,1,0,4,46.0,13.642
1559.915578,1,3,3,0,4,52.0,39.649
1559.916312,2,4,19,6,119,58.0,1756.0
1559.9163155,3,1,6,1,74,54.0,216.453
1559.916325,5,1,13,3,112,53.0,514.328
1559.9190775,6,1,1,0,1,45.0,0.0
1559.9275865,6,1,1,0,4,49.0,16.034
1559.930989,1,34,9,2,44,58.0,679.771
1559.9310045,3,1,2,0,8,49.0,25.309
1559.931027,5,1,5,0,4,49.0,10.283
1559.9310535,6,2,2,0,3,50.0,15.269
1559.9403765,6,2,3,0,18,49.0,50.745
1559.9414395,6,2,1,0,3,52.0,28.665
1559.947548,5,5,10,0,10,58.0,229.512
1559.947565,1,1,5,0,14,54.0,83.191
1559.9475715,6,1,3,0,8,52.0,53.706
1559.9475725,3,1,1,0,1,45.0,0.0
1559.949116,5,4,1,0,5,53.0,54.571
1559.9495205,3,1,1,0,4,48.0,14.525
1559.949536,2,1,1,0,1,50.0,0.0
1559.9516755,6,2,2,0,8,51.0,44.727
1559.954144,1,35,16,3,99,59.0,960.328
1559.9541595,3,1,2,0,4,50.0,16.647
1559.954182,5,1,8,0,6,49.0,21.9
1559.9542045,6,1,2,0,4,49.0,19.558
1559.9578645,6,11,10,3,54,68.0,2680.0
1559.9578945,3,1,2,0,4,48.0,13.23
1559.957929,1,1,4,0,20,50.0,68.83
1559.9586655,6,1,1,0,1,45.0,0.0
1559.961093,5,1,1,0,1,49.0,0.0
1559.962449,1,2,6,0,26,53.0,143.898
1559.963283,5,2,1,0,3,46.0,12.841
1559.968315,5,2,4,0,14,48.0,56.225
1559.969591,1,2,4,0,36,51.0,88.686
1559.9712575,6,2,4,0,17,63.0,413.132
1559.9777905,6,1,3,0,6,49.0,11.153
1559.9784065,6,2,1,0,2,45.0,24.964
1559.9840375,6,1,1,0,1,45.0,0.0
1559.9847945,6,1,16,4,144,63.0,1605.0
1559.984797,1,93,24,6,141,62.0,2013.0
1559.9848035,3,1,10,2,85,53.0,272.263
1559.984841,2,1,5,2,114,53.0,427.906
1559.9869285,6,2,1,0,2,45.0,10.461
1559.993054,5,2,2,0,2,47.0,6.414
1559.9953435,6,1,2,0,8,51.0,43.832
1559.996105,5,7,11,1,27,55.0,282.255
1559.996108,1,2,7,1,46,54.0,174.123
1559.9961115,3,1,2,0,26,46.0,25.053
1559.99612,2,1,4,0,1,55.0,0.0
1559.9971475,6,1,1,0,1,47.0,0.0
1560.003176,2,1,6,1,35,53.0,212.666
1560.003182,1,11,10,1,36,55.0,204.265
1560.0031835,3,2,3,0,10,50.0,50.835
1560.0031855,6,1,6,0,24,54.0,116.736
1560.0251075,6,1,1,0,1,45.0,0.0
1560.027323,1,2,3,0,14,53.0,59.369
1560.0288745,6,1,5,0,56,50.0,101.84
1560.029387,1,2,2,0,5,50.0,40.645
1560.034703,1,1,5,0,20,57.0,193.501
1560.0347455,6,1,1,0,1,45.0,0.0
1560.034749,5,1,1,0,1,45.0,0.0
1560.03746,1,1,2,0,1,47.0,0.0
1560.0378265,6,1,1,0,1,45.0,0.0
1560.040165,1,1,4,0,1,48.0,0.0
1560.0401745,6,1,4,0,33,48.0,50.388
1560.0421395,6,1,1,0,1,45.0,0.0
1560.046563,1,1,1,0,1,47.0,0.0
1560.0487975,6,1,1,0,1,45.0,0.0
1560.0577915,6,1,1,0,1,45.0,0.0
1560.0604215,6,3,4,1,21,64.0,940.925
1560.061531,5,1,2,0,1,48.0,0.0
1560.071616,1,2,1,0,3,50.0,19.285
1560.075317,1,1,2,0,1,52.0,0.0
1560.0753455,6,1,2,1,199,48.0,61.933
1560.0850095,3,1,1,0,1,45.0,0.0
1560.086476,1,8,10,0,16,57.0,145.79
1560.0864945,6,2,5,0,9,53.0,69.845
1560.0865075,3,1,1,0,1,46.0,0.0
1560.092915,1,4,3,0,5,53.0,56.752
1560.0929705,6,1,1,0,1,48.0,0.0
1560.0983725,6,1,2,0,4,51.0,22.726
1560.100168,1,2,4,0,37,52.0,87.549
1560.1003645,6,1,1,0,8,47.0,16.054
1560.1013735,6,1,1,0,1,45.0,0.0
1560.105058,1,1,3,0,1,52.0,0.0
1560.107049,1,2,1,0,3,45.0,8.775
1560.109603,1,1,1,0,1,45.0,0.0
1560.1138225,3,1,2,0,4,49.0,11.766
1560.113834,1,9,6,1,52,52.0,181.618
1560.113897,5,2,2,0,2,48.0,10.411
1560.1218065,6,1,1,0,1,46.0,0.0
1560.124903,2,23,5,2,80,57.0,585.74
1560.124926,1,2,6,1,97,52.0,182.369
1560.1249285,3,1,1,0,1,45.0,0.0
1560.1249675,6,1,2,0,1,48.0,0.0
1560.124975,5,1,1,0,1,47.0,0.0
1560.1304005,6,1,1,0,1,45.0,0.0
1560.1445735,6,2,14,4,86,64.0,1692.0
1560.1445855,3,1,6,1,67,51.0,155.74
1560.144589,5,51,8,1,56,53.0,150.143
1560.144596,1,1,6,1,41,57.0,244.345
1560.144657,2,1,3,0,18,54.0,122.197
1560.1463045,6,2,1,0,2,46.0,11.626
1560.1606385,6,1,1,0,1,45.0,0.0
1560.16933,1,2,1,0,3,50.0,17.248
1560.171134,1,7,13,2,65,57.0,383.215
1560.1711465,6,1,4,0,16,52.0,100.116
1560.171174,5,5,6,0,21,51.0,149.89
1560.174645,1,1,1,0,1,47.0,0.0
1560.186635,5,2,3,0,3,50.0,13.197
1560.186639,1,10,4,0,11,50.0,60.507
1560.187385,1,4,2,0,5,51.0,61.02
1560.1882735,6,1,1,0,1,48.0,0.0
1560.2093295,6,1,3,0,4,48.0,11.368
1560.210816,1,1,3,0,38,56.0,124.462
1560.2200375,6,8,7,0,9,54.0,63.245
1560.220044,5,1,6,0,22,50.0,68.79
1560.220054,1,4,6,1,73,53.0,222.008
1560.22008,2,1,2,0,6,53.0,62.573
1560.2230865,6,1,1,0,4,45.0,9.233
1560.2269935,6,1,1,0,1,51.0,0.0
1560.228724,1,1,1,0,1,45.0,0.0
1560.2377555,6,2,1,0,2,45.0,34.679
1560.2403205,6,1,1,0,1,46.0,0.0
1560.245612,2,24,20,9,206,61.0,3087.0
1560.245612,5,9,21,5,184,60.0,1449.0
1560.2456125,3,26,16,3,115,57.0,917.969
1560.2474835,6,1,3,0,14,47.0,28.219
1560.247499,1,1,2,0,1,46.0,0.0
1560.2480495,6,13,26,8,216,63.0,2457.0
1560.248069,2,1,12,5,141,60.0,1327.0
1560.257684,1,2,2,0,3,50.0,17.696
1560.2585845,6,2,2,0,4,53.0,40.03
1560.2613755,3,1,17,4,262,53.0,545.043
1560.261385,5,130,35,12,251,67.0,5399.0
1560.261395,2,155,22,10,271,62.0,3166.0
1560.2631175,6,1,1,0,1,45.0,0.0
1560.270349,1,9,4,0,38,52.0,113.616
1560.2703615,6,1,1,0,1,45.0,0.0
1560.2728645,6,1,1,0,1,45.0,0.0
1560.2753875,6,1,1,0,1,45.0,0.0
1560.281733,1,1,5,0,1,51.0,0.0
1560.2817645,6,1,2,0,1,46.0,0.0
1560.2879575,6,1,1,0,1,45.0,0.0
1560.291893,1,2,8,1,63,50.0,153.076
1560.293253,1,1,1,0,1,48.0,0.0
1560.2932685,6,1,2,0,1,47.0,0.0
1560.293279,2,1,1,0,1,50.0,0.0
1560.3053675,6,1,2,0,4,47.0,10.197
1560.31072,5,2,2,0,3,48.0,9.073
1560.3124675,6,1,1,0,4,48.0,12.326
1560.318383,5,2,3,0,3,48.0,10.004
1560.3296665,6,1,1,0,1,45.0,0.0
1560.3309975,6,1,2,0,14,48.0,29.799
1560.3380025,6,4,8,3,59,72.0,4318.0
1560.3438165,6,2,3,0,12,49.0,44.9
1560.3467815,6,2,2,0,7,48.0,14.694
1560.350242,1,2,1,0,2,51.0,9.877
1560.3572835,3,1,2,0,4,47.0,9.426
1560.357305,1,1,3,0,4,51.0,18.157
1560.3573065,6,1,2,0,1,50.0,0.0
1560.35732,5,3,2,0,6,50.0,45.022
1560.36929,1,2,2,0,3,52.0,26.543
1560.371569,1,2,22,8,123,72.0,7535.0
1560.371594,2,1,1,0,1,50.0,0.0
1560.3716155,6,1,1,0,1,45.0,0.0
1560.378119,5,2,5,1,69,51.0,148.938
1560.3781235,6,9,8,1,34,57.0,454.098
1560.378169,1,1,1,0,1,49.0,0.0
1560.390008,1,2,1,0,3,50.0,14.397
1560.396563,1,2,2,0,9,51.0,37.43
1560.4025775,6,5,5,1,15,63.0,878.54
1560.4094615,6,1,1,0,1,46.0,0.0
1560.4168595,6,1,1,0,1,45.0,0.0
1560.4171945,3,1,1,0,4,50.0,18.553
1560.4307475,3,1,1,0,4,49.0,14.69
1560.433209,1,1,2,0,5,47.0,15.52
1560.433228,5,2,2,0,9,47.0,28.061
1560.4332315,6,2,2,0,2,50.0,5.664
1560.4335325,3,1,1,0,4,45.0,6.753
1560.4338905,6,3,2,0,4,50.0,24.789
1560.4347195,6,1,3,0,1,52.0,0.0
1560.4359295,6,4,7,1,31,63.0,795.744
1560.435951,5,1,3,0,1,48.0,0.0
1560.436003,1,1,1,0,1,45.0,0.0
1560.4460185,6,4,13,3,116,62.0,986.611
1560.446028,1,10,7,0,11,53.0,57.653
1560.446043,5,36,6,1,51,51.0,160.153
1560.4460515,3,2,3,0,5,49.0,19.281
1560.446052,2,2,5,1,29,55.0,275.66
1560.4495405,6,1,2,0,4,50.0,17.852
1560.4657205,6,1,1,0,1,45.0,0.0
1560.4676605,6,1,1,0,1,45.0,0.0
1560.4713515,6,3,8,2,43,66.0,1181.0
1560.4739915,6,1,1,0,5,49.0,18.054
1560.479031,1,1,5,0,44,54.0,122.701
1560.480044,5,1,6,1,24,55.0,293.611
1560.486555,5,2,2,0,2,51.0,17.923
1560.4903545,6,1,1,0,1,45.0,0.0
1560.490897,1,1,2,0,4,53.0,23.309
1560.4921995,6,1,1,0,1,47.0,0.0
1560.4976535,6,1,1,0,1,45.0,0.0
1560.5047755,6,2,1,0,2,45.0,3.132
1560.5127585,6,4,15,5,133,66.0,2521.0
1560.51279,5,53,12,2,90,54.0,434.036
1560.512792,1,1,8,1,67,51.0,173.529
1560.5127975,3,1,3,0,45,49.0,77.077
1560.520808,5,1,2,0,1,46.0,0.0
1560.523142,5,2,8,1,57,54.0,209.642
1560.52551,1,1,2,0,1,48.0,0.0
1560.5259235,3,1,2,0,8,52.0,47.9
1560.52593,5,1,1,0,1,45.0,0.0
1560.5261025,6,1,1,0,1,45.0,0.0
1560.532796,2,2,1,0,2,51.0,10.07
1560.5328105,6,1,1,0,1,46.0,0.0
1560.533791,1,1,10,2,47,64.0,1067.0
1560.539286,2,4,4,0,5,60.0,263.709
1560.539286,5,1,14,1,35,53.0,254.091
1560.539293,1,1,9,1,36,55.0,212.345
1560.5393125,6,1,5,0,22,51.0,73.213
1560.5498615,6,1,1,0,1,45.0,0.0
1560.553797,5,3,7,2,35,62.0,1469.0
1560.558752,5,15,8,2,29,59.0,804.645
1560.5587565,3,5,5,0,24,55.0,193.25
1560.558768,2,1,4,0,20,55.0,124.616
1560.5587755,6,1,3,1,107,53.0,141.288
1560.55879,1,1,1,0,1,47.0,0.0
1560.5638645,6,1,1,0,1,45.0,0.0
1560.569062,1,1,2,0,6,52.0,33.201
1560.569958,1,3,16,5,103,70.0,4600.0
1560.5704565,3,1,1,0,4,49.0,13.613
1560.5712705,3,1,2,0,8,52.0,38.739
1560.5736125,6,1,3,0,144,50.0,49.996
1560.573755,5,1,2,0,42,47.0,51.223
1560.573756,1,2,4,0,16,56.0,142.188
1560.5865925,6,1,1,0,1,45.0,0.0
1560.587082,5,4,2,0,5,53.0,52.786
1560.597378,5,1,1,0,1,45.0,0.0
1560.604103,1,1,1,0,1,45.0,0.0
1560.6237895,6,3,2,0,4,50.0,20.786
1560.626793,5,2,1,0,3,48.0,9.134
1560.627904,1,1,1,0,1,48.0,0.0
1560.6291725,6,1,1,0,1,45.0,0.0
1560.632328,1,2,3,0,3,50.0,13.351
1560.6323315,6,1,3,0,4,49.0,10.585
1560.6359065,6,1,2,0,11,53.0,67.633
1560.6372245,6,3,3,0,18,55.0,111.231
1560.642715,5,1,1,0,1,45.0,0.0
1560.6430205,6,1,1,0,1,45.0,0.0
1560.646765,1,1,3,0,8,53.0,37.476
1560.6469085,6,2,3,0,7,52.0,69.345
1560.6475385,6,1,1,0,1,46.0,0.0
1560.649282,1,2,3,0,16,56.0,177.144
1560.652418,5,1,4,0,4,53.0,28.249
1560.661287,2,6,17,6,147,60.0,2092.0
1560.6613015,6,45,37,9,259,58.0,2115.0
1560.664437,1,6,5,0,15,52.0,115.706
1560.673944,5,2,2,0,11,53.0,65.505
1560.6739485,3,1,1,0,1,45.0,0.0
1560.6769045,6,1,1,0,1,45.0,0.0
1560.6798655,6,2,2,0,10,47.0,27.566
1560.6891575,6,1,14,5,266,59.0,881.492
1560.6891705,3,1,9,3,162,54.0,417.76
1560.689175,1,1,6,1,42,52.0,162.685
1560.689224,2,1,3,0,4,55.0,39.071
1560.694055,1,1,1,0,1,45.0,0.0
1560.6960795,6,1,1,0,1,45.0,0.0
1560.6973865,6,1,1,0,1,46.0,0.0
1560.697695,1,1,1,0,1,45.0,0.0
1560.6995575,6,1,1,0,1,45.0,0.0
1560.7010675,6,1,1,0,1,45.0,0.0
1560.7016155,6,1,1,0,1,45.0,0.0
1560.7057785,6,1,1,0,1,45.0,0.0
1560.7070035,6,2,1,0,3,50.0,13.881
1560.7093105,6,1,2,0,4,51.0,27.34
1560.7137835,6,1,1,0,4,46.0,9.173
1560.7222445,3,1,1,0,1,45.0,0.0
1560.728868,1,1,2,0,1,51.0,0.0
1560.730645,1,1,1,0,1,49.0,0.0
1560.7320655,6,1,4,0,10,50.0,38.913
1560.732081,1,1,3,0,1,47.0,0.0
1560.732098,5,1,1,0,1,46.0,0.0
1560.7381525,6,1,1,0,1,45.0,0.0
1560.740095,4,1,1,0,1,50.0,0.0
1560.7401035,3,3,11,3,161,57.0,489.643
1560.740113,2,1,13,4,157,58.0,1132.0
1560.740123,5,2,16,2,127,51.0,412.446
1560.740131,1,4,22,4,164,55.0,768.773
1560.7421285,6,2,5,1,19,59.0,388.697
1560.742163,5,1,2,0,1,45.0,0.0
1560.7435855,6,1,1,0,1,45.0,0.0
1560.7471295,6,1,6,0,18,54.0,96.245
1560.7471465,3,1,1,0,1,45.0,0.0
1560.747149,1,2,3,0,3,49.0,13.18
1560.7506715,6,1,3,0,11,54.0,104.817
1560.7525255,6,1,2,0,14,51.0,40.195
1560.7581115,6,42,41,12,301,60.0,3332.0
1560.758113,5,25,20,4,146,58.0,982.911
1560.759569,1,2,4,0,56,52.0,103.827
1560.7595785,3,1,3,0,25,50.0,73.028
1560.759583,2,1,3,0,36,53.0,154.169
1560.7613515,6,2,3,1,78,56.0,208.357
1560.7664055,6,1,3,0,17,52.0,72.807
1560.766446,1,1,1,0,1,45.0,0.0
1560.7729455,6,6,5,0,17,58.0,270.799
1560.772949,5,11,12,2,27,61.0,1080.0
1560.773009,1,2,4,0,4,49.0,15.92
1560.7745965,6,1,2,0,1,48.0,0.0
1560.7929185,6,1,1,0,4,48.0,13.165
1560.797857,5,2,3,0,2,47.0,3.903
1560.8037995,6,1,3,0,16,51.0,70.675
1560.805011,5,7,10,1,36,51.0,244.483
1560.8050435,6,1,3,0,1,46.0,0.0
1560.805055,1,1,5,0,1,49.0,0.0
1560.8224235,6,1,1,0,1,45.0,0.0
1560.827046,5,5,9,1,29,56.0,338.107
1560.8270725,6,2,1,0,2,49.0,4.961
1560.829113,5,11,3,0,12,51.0,79.748
1560.8303745,6,1,5,0,35,50.0,73.276
1560.830386,5,1,2,0,1,47.0,0.0
1560.8323445,6,1,2,0,10,52.0,54.219
1560.832345,1,1,2,0,1,46.0,0.0
1560.8337175,6,1,1,0,1,46.0,0.0
1560.8428125,6,2,1,0,5,53.0,45.853
1560.845627,5,2,2,0,3,49.0,17.996
1560.845669,1,2,4,0,32,51.0,82.895
1560.8456885,6,1,2,0,1,45.0,0.0
1560.854173,1,9,32,10,158,63.0,4884.0
1560.8541745,3,6,20,6,174,62.0,1833.0
1560.860021,1,1,2,0,1,45.0,0.0
1560.8615445,6,1,2,0,1,46.0,0.0
1560.863839,1,1,1,0,1,45.0,0.0
1560.8647625,6,1,2,0,11,61.0,159.334
1560.869563,1,1,3,0,1,49.0,0.0
1560.873501,1,3,3,0,10,53.0,124.222
1560.875879,1,2,2,0,2,47.0,36.131
1560.8772285,6,1,4,1,24,62.0,525.602
1560.888036,5,10,6,1,27,55.0,358.821
1560.8880525,6,3,3,0,17,56.0,162.124
1560.8880615,3,1,2,0,5,48.0,16.556
1560.8916215,6,1,1,0,1,45.0,0.0
1560.8933805,6,1,3,0,9,50.0,34.049
1560.8947415,6,2,1,0,2,45.0,4.4
1560.8971545,6,1,1,0,1,45.0,0.0
1560.9005615,6,1,1,0,10,46.0,12.861
1560.903893,5,18,4,0,24,50.0,83.313
1560.906622,2,2,1,0,3,55.0,70.017
1560.9066335,3,2,1,0,2,46.0,3.324
1560.9108735,6,2,2,0,13,55.0,71.17
1560.9144805,6,1,2,0,4,49.0,12.712
1560.922807,1,3,2,0,7,57.0,166.391
1560.925535,5,1,1,0,1,49.0,0.0
1560.9294205,6,1,2,0,5,50.0,22.212
1560.93935,1,1,5,0,1,52.0,0.0
1560.939358,5,1,1,0,1,50.0,0.0
1560.9393655,6,1,3,0,5,47.0,9.284
1560.9439875,6,1,1,0,1,46.0,0.0
1560.947355,1,1,14,4,302,53.0,526.563
1560.9473715,6,181,11,2,183,56.0,225.226
1560.94739,5,182,13,2,188,53.0,386.207
1560.9475675,3,1,3,0,19,47.0,36.379
1560.949922,5,32,18,4,162,58.0,983.828
1560.9507865,3,1,1,0,1,45.0,0.0
1560.9519725,6,2,2,0,16,52.0,86.469
1560.963717,1,2,4,0,35,55.0,99.641
1560.966284,1,7,27,17,173,76.0,23940.0
1560.966309,2,1,5,0,28,56.0,215.28
1560.9663235,3,1,3,0,18,50.0,44.262
1560.966345,5,1,3,0,1,48.0,0.0
1560.9663635,6,1,2,0,1,45.0,0.0
1560.9724405,6,2,2,0,11,49.0,38.578
1560.9732935,6,4,7,1,50,54.0,180.118
1560.973303,1,1,5,0,33,50.0,72.178
1560.973317,5,4,6,0,22,53.0,144.646
1560.9733385,3,1,1,0,5,47.0,11.043
1560.974227,1,1,1,0,1,45.0,0.0
1560.9813035,6,2,7,1,53,62.0,580.186
1560.981319,1,1,4,0,30,50.0,40.703
1560.9813415,3,1,2,0,14,47.0,26.377
1560.981354,2,1,2,0,1,52.0,0.0
1560.9880535,6,3,2,0,4,49.0,17.442
1560.988828,1,1,4,0,10,56.0,144.383
1560.9956665,6,1,1,0,1,45.0,0.0
1560.9988555,6,1,2,0,4,50.0,16.373
1561.0028975,6,1,1,0,1,46.0,0.0
1561.0063875,3,1,3,0,13,55.0,85.398
1561.00639,5,7,2,0,8,52.0,48.519
1561.006414,2,1,1,0,1,50.0,0.0
1561.0220425,6,78,3,0,80,53.0,62.718
1561.022243,1,1,2,0,4,51.0,25.747
1561.027739,5,1,1,0,1,46.0,0.0
1561.0289445,6,1,2,0,1,45.0,0.0
1561.030786,5,10,5,0,13,51.0,101.543
1561.033291,1,2,3,0,31,55.0,112.101
1561.0337845,3,1,1,0,1,45.0,0.0
1561.033792,2,1,1,0,1,50.0,0.0
1561.0338065,6,1,1,0,1,45.0,0.0
1561.0361335,6,1,1,0,1,45.0,0.0
1561.036771,5,10,5,0,24,50.0,107.24
1561.038235,1,1,1,0,4,48.0,11.23
1561.045684,1,28,32,12,248,63.0,5094.0
1561.0456965,6,45,34,9,256,59.0,2222.0
1561.0482865,3,1,2,0,1,46.0,0.0
1561.048288,1,2,4,1,146,53.0,188.247
1561.048305,5,43,5,0,46,49.0,110.051
1561.0486265,6,1,1,0,1,45.0,0.0
1561.0587865,6,1,1,0,1,45.0,0.0
1561.0602825,3,1,3,0,13,55.0,92.5
1561.0603095,6,1,3,0,1,46.0,0.0
1561.0640055,6,2,2,0,14,51.0,56.486
1561.0668845,6,2,3,0,21,53.0,101.14
1561.066892,5,2,6,0,2,48.0,4.305
1561.072613,1,1,6,1,40,54.0,176.82
1561.0726285,6,1,1,0,1,45.0,0.0
1561.07514,5,2,5,0,5,49.0,29.043
1561.0810285,6,1,1,0,1,45.0,0.0
1561.087175,1,2,14,4,88,69.0,2910.0
1561.0893025,6,3,2,0,7,50.0,30.636
1561.089314,5,1,1,0,1,45.0,0.0
1561.098513,1,1,1,0,1,47.0,0.0
1561.1001,5,2,4,0,2,48.0,8.58
1561.116579,5,2,4,0,5,51.0,41.521
1561.118202,5,3,3,0,4,51.0,25.728
1561.1215155,6,1,4,1,108,61.0,394.216
1561.1277785,6,1,1,0,1,46.0,0.0
1561.133076,5,2,5,0,4,50.0,13.486
1561.1335325,3,1,1,0,1,45.0,0.0
1561.1346835,6,1,3,0,11,53.0,61.351
1561.139209,1,2,6,1,46,52.0,191.242
1561.1392255,6,1,3,0,1,50.0,0.0
1561.1392285,3,1,1,0,1,45.0,0.0
1561.141481,1,12,37,16,251,65.0,7950.0
1561.1414845,3,7,25,8,202,63.0,2866.0
1561.141491,5,32,19,4,150,58.0,969.19
1561.1514055,6,1,1,0,4,46.0,8.697
1561.1522925,6,1,2,0,8,50.0,34.316
1561.1552755,6,3,4,0,24,58.0,246.658
1561.1674915,3,1,1,0,1,45.0,0.0
1561.179421,2,1,1,0,1,51.0,0.0
1561.188134,5,1,2,0,1,48.0,0.0
1561.199326,5,2,1,0,8,51.0,48.078
1561.2045945,6,2,2,0,4,52.0,29.905
1561.2127865,6,8,13,3,89,63.0,1148.0
1561.212796,1,2,13,2,103,59.0,445.895
1561.2128135,3,1,4,1,45,56.0,210.771
1561.212831,2,1,5,1,57,53.0,312.911
1561.2160565,6,1,3,0,21,51.0,61.344
1561.216057,5,2,1,0,2,45.0,7.333
1561.222505,1,1,3,0,35,51.0,76.6
1561.237328,1,9,31,12,248,63.0,5122.0
1561.2373405,6,45,37,9,260,59.0,2255.0
1561.237353,5,5,12,2,106,57.0,567.084
1561.241497,2,1,1,0,1,53.0,0.0
1561.241508,1,24,2,0,25,46.0,32.551
1561.2417775,3,1,1,0,1,45.0,0.0
1561.242083,1,1,1,0,1,46.0,0.0
1561.2422335,6,1,2,0,8,48.0,14.886
1561.243887,2,1,2,0,1,51.0,0.0
1561.243891,5,1,2,0,15,48.0,36.327
1561.2439185,6,1,2,0,15,47.0,32.339
1561.2439205,3,1,1,0,1,45.0,0.0
1561.245005,1,1,1,0,1,47.0,0.0
1561.246206,5,1,10,2,141,55.0,334.21
1561.2462245,3,1,1,0,1,46.0,0.0
1561.2462385,6,1,3,0,1,48.0,0.0
1561.252365,1,1,1,0,1,45.0,0.0
1561.255304,2,2,1,0,3,53.0,36.576
1561.263878,5,2,1,0,2,45.0,4.179
1561.2644165,6,1,1,0,1,45.0,0.0
1561.3005815,6,1,2,0,1,47.0,0.0
1561.3011885,6,2,1,0,3,56.0,47.809
1561.303888,5,2,4,0,16,52.0,72.103
1561.3064735,6,2,3,0,9,61.0,251.902
1561.320681,5,1,1,0,1,46.0,0.0
1561.3206905,3,1,2,0,10,49.0,35.675
1561.329373,5,2,36,22,351,71.0,16738.0
1561.3293905,3,15,17,2,102,55.0,518.57
1561.329392,2,17,21,10,283,59.0,2473.0
1561.329399,4,10,5,0,18,54.0,174.981
1561.329402,1,2,33,8,249,60.0,2233.0
1561.334253,1,30,35,16,253,64.0,8047.0
1561.334257,2,9,18,9,181,62.0,3283.0
1561.3342675,6,45,43,11,274,61.0,3554.0
1561.334269,5,16,18,4,144,57.0,942.136
1561.3352805,6,3,15,4,105,64.0,1389.0
1561.3352895,3,1,7,1,61,53.0,204.012
1561.33529,1,1,19,3,133,53.0,444.901
1561.335315,2,1,5,1,51,57.0,319.396
1561.3394505,6,1,1,0,1,45.0,0.0
1561.3416335,6,1,1,0,1,45.0,0.0
1561.3463395,6,2,3,0,14,52.0,67.926
1561.3505575,6,1,1,0,1,50.0,0.0
1561.3530735,6,2,7,1,36,59.0,393.691
1561.353116,1,1,1,0,4,46.0,8.948
1561.3536385,6,1,1,0,4,48.0,12.026
1561.3546655,6,1,1,0,1,45.0,0.0
1561.359442,5,15,18,6,109,65.0,3082.0
1561.359462,2,1,8,2,70,57.0,526.954
1561.359468,1,1,9,1,43,52.0,161.175
1561.3595085,3,1,3,0,36,47.0,48.486
1561.367116,5,1,1,0,1,45.0,0.0
1561.371984,5,2,2,0,14,51.0,57.47
1561.3720015,6,1,3,0,6,52.0,30.695
1561.375331,5,22,29,8,142,63.0,3022.0
1561.3753345,6,2,26,7,198,61.0,1990.0
1561.375336,1,21,25,6,222,60.0,1571.0
1561.375336,2,53,19,7,142,61.0,2346.0
1561.3753445,3,18,13,3,139,58.0,700.781
1561.375368,4,1,1,0,1,49.0,0.0
1561.3844575,6,1,1,0,6,46.0,7.724
1561.3901095,6,155,4,1,160,56.0,188.389
1561.3911785,6,2,3,0,12,51.0,56.702
1561.397575,5,2,1,0,16,51.0,62.354
1561.397796,1,2,10,2,84,57.0,409.979
1561.397807,2,1,6,1,35,53.0,272.175
1561.3978115,3,1,1,0,5,48.0,14.754
1561.3978125,6,1,6,0,29,52.0,77.468
1561.401393,1,1,2,0,4,53.0,26.35
1561.404592,5,2,8,0,5,51.0,27.241
1561.404593,1,1,2,0,1,46.0,0.0
1561.4045965,6,1,4,0,22,50.0,53.317
1561.414128,1,2,1,0,2,50.0,12.099
1561.4178915,6,2,1,0,2,45.0,8.76
1561.420917,5,2,23,16,146,78.0,31148.0
1561.4209325,6,23,16,4,152,60.0,1129.0
1561.42094,4,1,1,0,1,45.0,0.0
1561.4209465,3,1,3,0,45,48.0,56.332
1561.42095,2,1,10,2,79,55.0,580.403
1561.420955,1,2,9,1,60,53.0,243.983
1561.4221355,6,1,1,0,1,45.0,0.0
1561.4265415,6,1,1,0,1,49.0,0.0
1561.427989,1,1,9,2,65,67.0,1176.0
1561.43246,5,1,1,0,1,45.0,0.0
1561.433938,5,1,2,0,1,46.0,0.0
1561.435309,1,2,2,0,8,49.0,66.957
1561.4384645,6,1,1,0,1,45.0,0.0
1561.439441,1,3,5,1,14,60.0,559.077
1561.4399545,6,1,1,0,1,45.0,0.0
1561.4489605,6,1,1,0,1,48.0,0.0
1561.450239,1,24,12,1,60,54.0,290.207
1561.450259,5,2,4,0,2,50.0,10.461
1561.4502645,3,1,1,0,1,45.0,0.0
1561.4596875,6,1,1,0,1,45.0,0.0
1561.463142,1,2,2,0,2,49.0,9.639
1561.464353,2,1,1,0,1,50.0,0.0
1561.470846,2,1,8,3,94,57.0,634.801
1561.4708475,3,2,10,2,90,57.0,529.289
1561.4708545,6,1,12,2,73,56.0,551.136
1561.485898,1,1,1,0,1,45.0,0.0
1561.489846,1,1,2,0,4,52.0,22.539
1561.4932985,6,1,3,0,1,47.0,0.0
1561.4958315,6,1,5,1,28,58.0,381.951
1561.4958515,3,1,2,0,35,46.0,28.795
1561.495865,1,2,3,0,43,50.0,79.862
1561.5029175,6,1,1,0,1,45.0,0.0
1561.5097925,6,4,11,4,60,68.0,2587.0
1561.509814,1,1,12,2,94,52.0,356.805
1561.5098465,3,1,2,0,21,48.0,39.082
1561.509858,2,1,1,0,1,53.0,0.0
1561.5123325,6,1,1,0,1,46.0,0.0
1561.5147035,6,1,7,0,34,51.0,130.361
1561.514721,1,2,7,1,43,54.0,284.885
1561.514727,2,1,2,0,1,52.0,0.0
1561.5147555,3,1,1,0,4,48.0,12.773
1561.5238415,3,1,4,1,40,55.0,177.025
1561.52386,1,10,11,1,37,53.0,209.925
1561.52386,2,1,5,0,12,57.0,232.998
1561.5238725,6,1,3,0,18,49.0,31.111
1561.5249795,6,1,3,0,1,46.0,0.0
1561.525004,1,2,5,0,19,50.0,51.762
1561.533465,5,2,1,0,3,51.0,27.998
1561.5344555,6,2,6,2,35,62.0,882.493
1561.5368095,6,1,1,0,1,45.0,0.0
1561.5406075,6,1,2,0,4,50.0,18.643
1561.5429235,3,3,2,0,13,52.0,42.749
1561.5563335,6,1,2,0,10,50.0,25.8
1561.563988,1,2,1,0,2,45.0,3.784
1561.569045,5,2,2,0,2,47.0,6.686
1561.57213,1,2,3,0,10,50.0,44.096
1561.575035,1,1,3,0,16,53.0,128.517
1561.575038,2,1,4,0,14,56.0,224.432
1561.5791675,6,10,4,0,17,57.0,194.183
1561.5798515,6,1,3,0,1,49.0,0.0
1561.581603,5,2,2,0,2,46.0,3.665
1561.5816275,6,1,2,0,1,46.0,0.0
1561.590537,1,2,4,0,4,51.0,18.05
1561.594821,5,4,2,0,5,47.0,21.169
1561.594869,1,1,1,0,1,45.0,0.0
1561.5976405,6,1,2,0,1,47.0,0.0
1561.6019715,6,1,1,0,1,45.0,0.0
1561.6152145,6,1,1,0,1,45.0,0.0
1561.6213185,6,1,2,0,4,47.0,12.044
1561.6248265,6,1,1,0,4,47.0,11.698
1561.636835,5,1,3,0,1,49.0,0.0
1561.6368495,3,1,1,0,1,45.0,0.0
1561.6368615,6,1,2,0,4,48.0,10.712
1561.638184,1,2,9,1,41,55.0,196.499
1561.6382865,6,1,4,0,22,49.0,40.049
1561.6383225,3,1,1,0,1,45.0,0.0
1561.6428965,6,2,5,1,22,62.0,697.587
1561.6436915,6,1,3,0,1,47.0,0.0
1561.6457045,6,5,8,2,47,64.0,1396.0
1561.645744,5,2,3,0,3,49.0,11.119
1561.645764,1,1,2,0,26,49.0,35.637
1561.645805,2,1,1,0,1,50.0,0.0
1561.647342,1,2,5,0,51,54.0,144.429
1561.647351,2,1,3,1,68,57.0,341.8
1561.6473555,6,2,8,2,88,57.0,358.03
1561.6473585,3,1,4,0,21,54.0,117.329
1561.64737,5,1,3,0,34,50.0,65.278
1561.6483325,6,3,12,3,112,61.0,1485.0
1561.648339,5,10,14,2,88,56.0,435.741
1561.6483495,3,1,7,1,41,53.0,178.793
1561.64836,1,2,14,2,103,57.0,602.364
1561.648689,2,1,2,0,1,51.0,0.0
1561.655172,1,1,1,0,1,50.0,0.0
1561.6571965,6,6,12,3,69,62.0,1197.0
1561.6572165,3,3,5,0,29,54.0,162.564
1561.657217,2,2,7,0,15,56.0,177.45
1561.6586275,6,1,1,0,1,47.0,0.0
1561.661493,5,2,2,0,12,54.0,117.975
1561.6615275,6,1,1,0,4,48.0,12.178
1561.6639435,6,1,5,1,25,62.0,640.414
1561.666555,1,2,1,0,3,47.0,9.736
1561.666889,5,2,5,0,33,50.0,93.511
1561.67119,5,2,2,0,3,47.0,10.882
1561.6743945,6,1,1,0,4,49.0,13.149
1561.679098,5,4,5,0,16,57.0,285.344
1561.6812225,6,1,5,0,20,59.0,218.333
1561.681242,1,1,1,0,1,45.0,0.0
1561.6832905,6,1,1,0,1,45.0,0.0
1561.6908535,3,1,3,0,12,56.0,170.535
1561.690865,1,1,6,0,19,51.0,75.06
1561.692977,1,9,9,1,37,51.0,155.816
1561.6929825,6,2,2,0,14,50.0,54.429
1561.7238745,6,4,7,4,52,74.0,4243.0
1561.723936,5,1,1,0,1,46.0,0.0
1561.7261275,6,2,2,0,8,54.0,67.335
1561.737335,5,12,9,1,53,54.0,273.452
1561.7373355,6,2,8,1,72,51.0,171.07
1561.7373585,3,1,2,0,1,46.0,0.0
1561.737401,1,1,2,0,1,46.0,0.0
1561.754881,1,2,1,0,2,45.0,4.826
1561.757143,1,2,6,1,47,54.0,142.858
1561.7571545,3,1,1,0,1,46.0,0.0
1561.761429,1,9,16,3,122,57.0,671.598
1561.7614295,3,2,4,0,40,50.0,77.007
1561.7614335,6,1,13,2,124,53.0,406.1
1561.761439,2,1,6,0,1,55.0,0.0
1561.761442,5,1,14,2,90,54.0,420.731
1561.7796905,6,1,1,0,1,45.0,0.0
1561.7804465,6,1,7,1,214,55.0,241.065
1561.780616,1,19,4,0,20,51.0,47.297
1561.780616,5,3,5,0,28,51.0,131.683
1561.7813745,6,1,2,0,4,47.0,10.983
1561.7828165,6,1,1,0,1,46.0,0.0
1561.7853375,6,1,1,0,1,45.0,0.0
1561.786712,5,3,1,0,4,48.0,34.589
1561.789825,1,1,3,0,1,50.0,0.0
1561.7977995,3,1,3,0,8,51.0,49.163
1561.797814,2,1,3,0,7,55.0,98.056
1561.797837,1,1,4,0,51,49.0,76.129
1561.7978455,6,1,3,0,27,50.0,55.17
1561.801692,5,1,1,0,1,46.0,0.0
1561.8164225,6,4,4,1,25,59.0,403.352
1561.8166185,3,1,2,0,4,49.0,16.917
1561.8221615,6,1,1,0,1,45.0,0.0
1561.8239115,6,1,5,0,29,51.0,85.025
1561.826328,1,1,1,0,1,45.0,0.0
1561.8266655,6,1,2,0,1,47.0,0.0
1561.827799,5,1,9,3,95,69.0,1654.0
1561.8429395,6,2,12,4,115,66.0,1911.0
1561.842945,1,6,9,1,44,58.0,286.262
1561.8429455,3,1,6,0,42,53.0,112.319
1561.842951,5,17,8,0,23,51.0,94.655
1561.842978,2,1,3,1,60,52.0,229.586
1561.8478235,3,1,4,0,18,56.0,178.252
1561.84783,1,1,9,2,110,53.0,231.214
1561.84785,2,1,4,0,10,53.0,88.066
1561.8478675,6,1,4,1,106,50.0,98.32
1561.8506675,6,1,1,0,1,47.0,0.0
1561.85277,5,2,1,0,3,46.0,8.749
1561.854331,5,1,2,0,1,46.0,0.0
1561.862289,1,1,15,3,140,55.0,504.691
1561.8623045,3,1,11,2,113,55.0,358.397
1561.8649835,6,3,3,0,25,59.0,317.888
1561.8669795,6,1,1,0,1,45.0,0.0
1561.8724815,3,1,1,0,4,49.0,16.512
1561.8778995,6,1,1,0,4,51.0,18.924
1561.878677,1,1,1,0,4,51.0,19.435
1561.8790365,6,1,1,0,1,45.0,0.0
1561.8972875,6,1,3,0,22,50.0,40.663
1561.897298,1,1,4,0,1,50.0,0.0
1561.8998435,6,1,1,0,1,46.0,0.0
1561.905519,1,2,1,0,2,45.0,5.484
1561.906055,5,2,2,0,3,51.0,33.93
1561.9060865,6,1,1,0,1,45.0,0.0
1561.9079625,6,1,1,0,1,45.0,0.0
1561.910915,1,1,5,0,17,54.0,124.038
1561.923368,5,2,2,0,2,48.0,15.734
1561.926254,5,2,3,0,16,49.0,65.482
1561.927505,5,2,1,0,4,50.0,18.249
1561.9308065,3,1,3,0,7,56.0,83.474
1561.930815,5,3,2,0,4,48.0,22.033
1561.933043,5,3,19,5,118,66.0,2799.0
1561.933053,2,2,5,0,16,56.0,150.483
1561.933058,1,56,10,1,63,53.0,265.575
1561.9330585,3,1,8,2,123,53.0,227.703
1561.9330625,6,17,14,3,127,58.0,844.677
1561.93504,5,1,1,0,1,46.0,0.0
1561.940704,5,1,11,0,9,55.0,86.909
1561.940704,1,22,13,3,102,57.0,758.913
1561.9407175,3,1,5,0,20,50.0,34.853
1561.940731,2,2,7,2,75,57.0,533.832
1561.944186,5,2,1,0,2,45.0,3.784
1561.947285,5,2,8,2,38,64.0,963.66
1561.948745,1,7,6,1,65,56.0,231.528
1561.948763,5,1,2,0,1,46.0,0.0
1561.9487635,3,1,2,0,25,47.0,34.116
1561.965925,1,1,5,0,45,53.0,115.704
1561.9659415,6,1,2,0,4,49.0,13.358
1561.9659515,3,1,4,0,21,51.0,91.681
1561.9731295,6,1,1,0,1,45.0,0.0
1561.9745135,6,1,8,1,98,55.0,276.44
1561.9745385,3,1,3,0,1,50.0,0.0
1561.974558,1,1,5,0,1,51.0,0.0
1561.980861,1,1,1,0,1,45.0,0.0
1561.981627,1,1,1,0,1,47.0,0.0
1561.9854055,6,1,2,0,1,49.0,0.0
1561.98777,5,1,3,0,1,46.0,0.0
1561.991277,1,3,2,0,11,57.0,175.336
1561.9934455,6,1,1,0,1,51.0,0.0
1562.0019055,3,2,1,0,2,45.0,3.784
1562.004385,5,1,1,0,4,48.0,12.546
1562.006886,5,1,2,0,1,46.0,0.0
1562.006888,1,1,4,0,1,52.0,0.0
1562.008615,1,2,7,1,38,59.0,437.422
1562.008742,5,2,3,0,6,53.0,60.817
1562.0087715,6,1,2,0,14,47.0,18.563
1562.013142,1,1,2,0,1,51.0,0.0
1562.0131485,6,1,1,0,1,45.0,0.0
1562.0141165,6,1,1,0,1,45.0,0.0
1562.016855,5,2,1,0,2,46.0,13.574
1562.0168705,6,1,1,0,1,45.0,0.0
1562.021027,5,2,5,0,20,55.0,103.958
1562.0210525,6,1,1,0,7,49.0,20.177
1562.021303,1,2,8,1,71,53.0,232.529
1562.0252275,6,1,1,0,1,45.0,0.0
1562.0331525,3,8,6,1,83,56.0,297.64
1562.033167,2,1,3,0,13,55.0,125.166
1562.033174,5,2,8,1,56,55.0,276.62
1562.0331805,6,2,8,2,115,53.0,312.391
1562.033246,1,2,2,0,3,47.0,10.614
1562.0357845,6,11,4,1,34,59.0,282.131
1562.03583,1,1,2,0,1,51.0,0.0
1562.040414,5,3,3,0,11,51.0,61.704
1562.041088,1,2,5,1,37,57.0,210.081
1562.0419185,6,1,2,0,1,47.0,0.0
1562.042936,1,10,6,0,27,51.0,130.043
1562.0429465,6,1,5,0,51,51.0,96.203
1562.0429475,3,1,2,0,5,49.0,18.824
1562.042964,5,2,4,0,7,48.0,17.122
1562.0440915,6,1,2,0,21,47.0,30.969
1562.0453875,6,2,1,0,2,47.0,5.098
1562.053387,5,1,1,0,1,47.0,0.0
1562.054769,1,2,1,0,4,47.0,14.646
1562.0582195,6,4,2,0,5,49.0,20.723
1562.05823,5,1,1,0,1,47.0,0.0
1562.05955,1,2,2,0,3,50.0,19.571
1562.0625485,6,1,2,0,5,46.0,8.925
1562.0660605,6,12,10,3,43,65.0,2385.0
1562.066089,5,1,3,0,26,48.0,47.063
1562.066098,1,1,5,0,38,52.0,116.207
1562.0735725,6,3,5,0,17,55.0,156.415
1562.0743935,6,1,2,0,5,47.0,13.751
1562.074398,1,1,1,0,1,45.0,0.0
1562.077364,5,2,4,0,2,51.0,13.128
1562.0773675,6,1,5,0,11,52.0,49.293
1562.0773855,3,1,2,0,1,45.0,0.0
1562.0861085,6,5,20,8,188,63.0,2748.0
1562.0861115,3,12,15,5,176,62.0,1471.0
1562.086118,5,2,22,5,175,59.0,1214.0
1562.0874815,6,2,3,0,19,50.0,71.41
1562.0955085,6,2,3,0,4,55.0,55.415
1562.0962565,6,1,2,0,4,51.0,19.964
1562.0997305,6,1,1,0,1,45.0,0.0
1562.103489,5,2,3,0,2,47.0,6.26
1562.105213,1,1,4,0,19,57.0,179.839
1562.105215,5,1,3,0,1,48.0,0.0
1562.1084035,6,1,1,0,1,45.0,0.0
1562.1140165,6,1,1,0,1,47.0,0.0
1562.1188005,6,22,14,4,74,68.0,3235.0
1562.1188325,3,41,4,0,53,50.0,99.917
1562.118837,1,1,13,1,73,51.0,204.109
1562.1268085,6,2,3,0,6,50.0,26.535
1562.132527,5,1,1,0,1,49.0,0.0
1562.136612,5,3,3,0,5,47.0,19.977
1562.137156,5,2,5,0,122,48.0,57.711
1562.137258,1,1,10,1,78,52.0,177.937
1562.1372665,3,1,1,0,1,45.0,0.0
1562.137277,2,1,3,0,1,57.0,0.0
1562.1382325,6,2,2,0,2,49.0,6.569
1562.140394,1,1,7,1,51,52.0,167.641
1562.1404275,6,1,2,0,1,48.0,0.0
1562.1473475,3,1,1,0,4,46.0,10.14
1562.147361,1,1,2,0,1,48.0,0.0
1562.1478185,6,1,2,0,1,53.0,0.0
1562.150764,5,1,1,0,1,45.0,0.0
1562.151507,5,2,2,0,2,47.0,3.813
1562.152379,5,2,2,0,4,46.0,13.782
1562.1579145,3,1,2,0,8,51.0,36.733
1562.1579415,6,1,2,0,4,48.0,12.587
1562.1597905,3,1,1,0,1,45.0,0.0
1562.1598055,6,1,2,0,4,48.0,11.895
1562.17248,1,3,3,0,13,51.0,134.602
1562.1733495,6,1,3,0,10,47.0,21.242
1562.174784,2,1,9,2,62,58.0,631.766
1562.174785,5,77,12,2,78,55.0,344.231
1562.174786,1,1,15,2,93,55.0,502.908
1562.1747895,3,1,8,1,94,52.0,202.585
1562.175533,1,1,2,0,1,50.0,0.0
1562.175756,5,3,2,0,4,49.0,24.525
1562.1774215,3,1,1,0,4,52.0,27.715
1562.177432,5,1,1,0,1,45.0,0.0
1562.1774635,6,1,1,0,1,45.0,0.0
1562.179251,1,4,3,0,8,53.0,91.236
1562.1797115,6,3,4,1,20,63.0,484.156
1562.1805235,6,2,1,0,2,48.0,8.402
1562.1813025,6,1,3,0,7,49.0,32.51
1562.189602,5,1,3,0,1,48.0,0.0
1562.1916605,3,1,4,0,44,50.0,60.979
1562.191663,1,1,12,2,97,55.0,425.572
1562.1972255,6,1,2,0,7,52.0,50.032
1562.2025765,6,1,2,0,4,52.0,24.345
1562.206645,5,14,11,1,59,51.0,325.21
1562.20665,1,2,4,0,13,50.0,35.956
1562.2066545,6,1,2,0,1,47.0,0.0
1562.2096095,6,1,1,0,1,45.0,0.0
1562.215798,5,1,2,0,1,45.0,0.0
1562.2262435,6,2,1,0,3,50.0,20.237
1562.23151,1,2,1,0,2,48.0,8.226
1562.2315165,3,1,1,0,1,45.0,0.0
1562.233116,5,2,1,0,2,50.0,19.238
1562.2391475,6,1,1,0,1,45.0,0.0
1562.2418895,6,1,1,0,1,45.0,0.0
1562.250118,1,2,2,0,3,49.0,23.025
1562.2502585,6,2,3,0,53,50.0,61.012
1562.2504945,3,1,1,0,1,45.0,0.0
1562.260465,1,4,30,12,172,68.0,10019.0
1562.2604895,6,1,21,6,195,63.0,2252.0
1562.260494,5,27,19,3,99,60.0,1042.0
1562.2642815,6,1,1,0,4,52.0,27.138
1562.2721715,6,1,2,0,1,47.0,0.0
1562.2725455,3,2,2,0,3,52.0,25.308
1562.278837,1,1,1,0,1,45.0,0.0
1562.2848875,3,1,1,0,1,46.0,0.0
1562.2905565,6,4,7,1,36,66.0,839.988
1562.2975215,6,2,4,0,20,55.0,92.153
1562.2983775,6,3,15,5,187,67.0,1901.0
1562.298379,1,53,19,4,177,55.0,731.495
1562.2983805,3,8,7,3,186,55.0,496.559
1562.2990975,6,1,5,0,29,51.0,91.279
1562.299116,1,1,2,0,1,50.0,0.0
1562.301945,5,18,15,2,78,55.0,587.887
1562.3019635,6,1,5,0,20,53.0,122.551
1562.301984,1,1,4,0,25,49.0,68.604
1562.3041795,3,1,1,0,1,47.0,0.0
1562.3083255,6,1,1,0,1,45.0,0.0
1562.3099945,3,1,1,0,1,45.0,0.0
1562.3100165,6,1,1,0,1,47.0,0.0
1562.31029,5,3,9,1,36,64.0,728.936
1562.311998,1,1,1,0,1,45.0,0.0
1562.326456,2,1,1,0,1,50.0,0.0
1562.326459,5,2,6,0,19,57.0,227.76
1562.326471,1,1,1,0,1,47.0,0.0
1562.3264745,6,1,2,0,15,47.0,23.809
1562.3281135,6,2,2,0,2,52.0,3.352
1562.328987,1,1,1,0,1,47.0,0.0
1562.3289875,6,1,2,0,4,51.0,22.921
1562.3330955,6,1,1,0,1,46.0,0.0
1562.337371,1,2,3,0,2,48.0,17.156
1562.345914,1,6,41,16,238,68.0,9152.0
1562.345923,5,27,35,13,217,67.0,7565.0
1562.3459275,6,19,32,11,220,63.0,4358.0
1562.345934,2,24,24,11,165,64.0,5832.0
1562.345958,4,2,2,0,2,50.0,7.333
1562.3466915,6,1,2,0,1,50.0,0.0
1562.347609,5,1,7,1,58,53.0,225.82
1562.347671,1,156,38,33,350,79.0,72797.0
1562.3478405,3,10,12,3,127,60.0,847.351
1562.3528365,6,1,1,0,1,47.0,0.0
1562.3547825,6,2,2,0,3,49.0,9.687
1562.357575,5,1,4,0,13,52.0,71.888
1562.358637,1,2,2,0,7,51.0,49.408
1562.359596,1,2,3,0,6,54.0,53.815
1562.364585,1,1,1,0,1,48.0,0.0
1562.3660685,6,18,18,5,144,62.0,1655.0
1562.366093,1,1,13,3,110,55.0,547.55
1562.366099,2,10,7,1,47,58.0,461.026
1562.3661105,3,1,6,0,35,52.0,142.135
1562.367495,1,1,1,0,1,45.0,0.0
1562.369726,5,1,1,0,1,47.0,0.0
1562.373961,5,2,4,0,3,50.0,17.037
1562.382595,1,2,2,0,3,49.0,13.411
1562.385599,1,2,7,0,34,51.0,149.406
1562.394259,1,2,14,4,90,64.0,1873.0
1562.3942875,3,1,1,0,1,45.0,0.0
1562.4020485,6,8,18,6,166,69.0,4246.0
1562.4020555,3,26,12,3,102,58.0,692.901
1562.40206,1,3,21,3,124,60.0,878.102
1562.402115,2,1,7,1,45,57.0,390.907
1562.407872,5,2,3,0,21,54.0,144.972
1562.412637,1,3,5,1,42,54.0,278.071
1562.4126695,6,1,2,0,1,46.0,0.0
1562.414008,1,1,1,0,1,45.0,0.0
1562.4198075,6,1,2,0,9,53.0,71.065
1562.420539,1,1,1,0,1,45.0,0.0
1562.4278645,6,2,4,1,31,59.0,348.034
1562.429872,1,1,9,1,49,55.0,242.946
1562.4330195,6,3,5,0,5,51.0,49.453
1562.437491,5,2,2,0,40,51.0,121.288
1562.4374935,6,1,2,0,11,51.0,33.955
1562.4403935,6,1,1,0,1,45.0,0.0
1562.446351,5,12,2,0,13,52.0,72.082
1562.4515265,3,1,1,0,1,45.0,0.0
1562.451546,5,1,1,0,1,47.0,0.0
1562.455916,1,1,6,1,39,55.0,220.621
1562.4559525,6,1,2,0,1,47.0,0.0
1562.4573895,6,1,1,0,4,52.0,22.108
1562.460355,1,1,1,0,1,45.0,0.0
1562.461812,1,1,2,0,8,52.0,56.188
1562.4619315,6,1,1,0,1,45.0,0.0
1562.466363,5,1,1,0,1,45.0,0.0
1562.466969,1,2,2,0,3,54.0,37.71
1562.4677395,6,1,1,0,1,45.0,0.0
1562.473481,1,1,2,0,15,48.0,36.06
1562.4734895,6,2,3,0,17,51.0,44.931
1562.4748775,6,1,2,0,4,46.0,8.781
1562.4766555,6,1,2,0,1,47.0,0.0
1562.478709,1,4,17,5,104,63.0,2474.0
1562.478721,2,2,8,4,129,57.0,865.953
1562.4787215,6,1,11,3,97,60.0,941.499
1562.478725,5,48,12,2,112,55.0,405.196
1562.4787325,3,11,8,1,68,55.0,253.221
1562.4806115,6,1,2,0,9,51.0,66.014
1562.4812265,6,1,1,0,1,45.0,0.0
1562.484329,1,1,1,0,1,47.0,0.0
1562.4843395,3,1,1,0,4,50.0,19.736
1562.4878095,6,1,6,1,34,64.0,598.308
1562.498596,1,5,6,1,38,58.0,306.956
1562.4994675,6,10,2,0,11,53.0,112.53
1562.502672,5,2,10,1,30,58.0,580.959
1562.502676,1,2,7,1,51,52.0,140.071
1562.5026935,6,4,7,1,85,53.0,221.679
1562.502696,2,1,4,0,18,56.0,242.616
1562.5026975,3,1,2,0,4,46.0,9.888
1562.5034385,6,1,1,0,1,45.0,0.0
1562.505644,5,2,1,0,2,49.0,14.315
1562.505804,1,1,3,0,15,51.0,70.993
1562.506681,1,2,5,0,17,53.0,145.13
1562.508296,1,8,52,89,289,86.0,483429.0
1562.508312,2,15,37,25,249,70.0,19446.0
1562.5083125,3,11,33,15,285,70.0,9162.0
1562.5083135,6,33,40,18,251,72.0,13796.0
1562.508316,5,40,39,13,291,64.0,5102.0
1562.508321,4,2,5,1,42,53.0,138.056
1562.512292,5,1,1,0,1,45.0,0.0
1562.5125845,6,1,1,0,1,45.0,0.0
1562.5153015,6,1,2,0,7,53.0,34.014
1562.520763,1,11,10,1,54,55.0,315.928
1562.5208105,6,1,3,0,8,48.0,20.964
1562.5221285,6,1,1,0,1,45.0,0.0
1562.530726,1,2,8,1,25,57.0,314.506
1562.532224,5,2,3,0,8,52.0,69.117
1562.536202,1,2,5,0,28,55.0,164.145
1562.5362285,6,1,6,1,83,49.0,118.094
1562.5370175,6,1,1,0,1,48.0,0.0
1562.5402965,6,1,2,0,8,48.0,20.826
1562.542336,5,1,1,0,1,47.0,0.0
1562.560851,1,1,1,0,1,45.0,0.0
1562.5651485,6,2,1,0,2,50.0,4.826
1562.566547,1,1,1,0,1,46.0,0.0
1562.5702705,6,1,1,0,4,49.0,12.317
1562.574894,5,2,1,0,2,46.0,7.006
1562.5749045,6,1,2,0,1,48.0,0.0
1562.574908,1,2,2,0,4,48.0,23.344
1562.576676,1,2,2,0,3,49.0,40.356
1562.582902,1,2,3,0,37,50.0,74.761
1562.5834475,6,2,2,0,5,51.0,28.933
1562.592992,1,2,1,0,3,48.0,12.916
1562.5966265,6,1,3,0,1,49.0,0.0
1562.597884,1,4,3,0,37,56.0,317.522
1562.6015045,6,2,2,0,10,56.0,83.256
1562.609373,1,2,4,0,37,58.0,222.239
1562.6093875,3,1,1,0,1,45.0,0.0
1562.6093945,6,1,2,0,16,50.0,26.062
1562.609396,5,13,4,0,14,51.0,67.825
1562.610497,5,1,7,1,53,51.0,139.174
1562.612059,1,2,5,0,35,55.0,134.444
1562.617478,5,2,2,0,2,47.0,4.961
1562.628371,1,92,16,4,185,64.0,1479.0
1562.6284755,3,1,3,0,15,49.0,38.424
1562.628495,5,1,2,0,1,46.0,0.0
1562.6285305,6,1,1,0,1,45.0,0.0
1562.6317995,3,1,1,0,1,45.0,0.0
1562.6357015,3,1,1,0,1,45.0,0.0
1562.6357015,6,1,4,0,9,49.0,24.359
1562.637413,1,2,11,2,79,59.0,759.053
1562.6374265,3,1,5,0,23,52.0,106.859
1562.637432,2,1,6,1,35,58.0,371.042
1562.6374325,6,1,7,1,60,53.0,192.467
1562.638644,1,3,2,0,4,46.0,14.007
1562.641268,1,5,6,0,30,54.0,137.245
1562.6412725,3,1,1,0,1,45.0,0.0
1562.6412845,6,1,1,0,1,46.0,0.0
1562.641302,5,28,2,0,29,49.0,59.157
1562.6425395,3,1,2,0,1,50.0,0.0
1562.642553,5,1,2,0,1,50.0,0.0
1562.646843,4,1,1,0,4,47.0,10.04
1562.646858,5,1,6,0,1,55.0,0.0
1562.646871,1,38,4,0,39,53.0,110.241
1562.6468715,3,1,3,0,5,46.0,10.072
1562.648508,5,1,2,0,1,46.0,0.0
1562.6485195,6,1,2,0,1,47.0,0.0
1562.6519385,6,1,2,0,4,50.0,19.099
1562.654004,5,1,3,0,18,51.0,83.651
1562.654007,1,1,3,0,47,50.0,81.856
1562.6664865,6,1,1,0,5,49.0,15.057
1562.669697,5,1,7,0,14,53.0,78.647
1562.6718325,6,2,4,0,20,55.0,94.847
1562.672753,5,2,1,0,2,47.0,4.432
1562.6734105,3,1,1,0,1,45.0,0.0
1562.6734195,6,1,1,0,4,49.0,12.873
1562.687655,5,16,14,2,126,53.0,478.386
1562.687676,1,1,4,1,67,49.0,88.635
1562.6877125,3,1,1,0,1,45.0,0.0
1562.6897675,6,1,3,0,14,57.0,158.686
1562.7056795,6,1,2,0,8,54.0,76.046
1562.708922,1,1,5,1,54,52.0,160.356
1562.7089365,6,1,3,0,21,47.0,38.839
1562.7092785,3,1,2,0,1,48.0,0.0
1562.714381,1,1,2,0,1,48.0,0.0
1562.7160145,6,1,1,0,1,45.0,0.0
1562.716859,1,2,7,1,57,58.0,541.111
1562.7168715,6,4,7,1,69,50.0,161.651
1562.716938,5,1,3,0,1,48.0,0.0
1562.7243295,6,1,4,0,29,55.0,147.442
1562.726059,1,1,1,0,1,49.0,0.0
1562.7334485,6,1,1,0,1,45.0,0.0
1562.7410595,6,2,3,0,7,57.0,202.318
1562.74854,5,2,3,1,105,47.0,109.742
1562.7486155,3,2,1,0,3,52.0,23.407
1562.7501715,6,1,2,0,15,48.0,29.242
1562.7512945,6,1,3,0,10,48.0,23.839
1562.7513055,3,1,1,0,1,45.0,0.0
1562.7534615,3,1,2,0,4,53.0,36.267
1562.753471,5,2,2,0,2,50.0,15.915
1562.753492,2,1,1,0,1,50.0,0.0
1562.754413,2,1,4,0,14,54.0,186.617
1562.754415,1,2,11,2,91,57.0,465.357
1562.7544225,6,1,2,0,20,48.0,33.521
1562.754454,5,1,2,0,1,47.0,0.0
1562.7544775,3,1,1,0,1,45.0,0.0
1562.7553405,3,1,2,0,10,47.0,19.511
1562.755364,1,2,1,0,2,46.0,3.579
1562.7566075,6,2,2,0,7,61.0,201.663
1562.7589615,6,2,5,1,23,64.0,679.609
1562.7605915,6,2,2,0,2,55.0,24.358
1562.762623,5,3,6,0,17,51.0,134.697
1562.7639335,6,1,5,1,95,50.0,131.618
1562.7653845,6,1,3,0,1,49.0,0.0
1562.771981,1,1,2,0,4,48.0,12.263
1562.774766,5,1,1,0,1,45.0,0.0
1562.7803785,6,1,2,0,1,48.0,0.0
1562.785606,1,1,3,0,42,48.0,56.623
1562.7878395,6,1,1,0,1,47.0,0.0
1562.7898835,6,1,2,0,29,49.0,44.04
1562.7916705,6,8,6,1,209,52.0,189.888
1562.7933755,3,1,7,1,77,53.0,179.055
1562.793381,1,17,19,4,101,59.0,1298.0
1562.793391,5,6,15,4,131,56.0,831.598
1562.7947185,3,1,2,0,1,46.0,0.0
1562.7980555,6,12,9,3,89,63.0,1886.0
1562.798079,1,1,8,1,50,51.0,144.298
1562.798094,5,58,7,1,64,51.0,159.291
1562.798115,2,1,1,0,1,50.0,0.0
1562.8000765,6,1,1,0,11,45.0,11.499
1562.8023965,6,1,1,0,1,45.0,0.0
1562.8032095,6,2,2,0,5,51.0,26.142
1562.80409,5,1,1,0,1,47.0,0.0
1562.804669,5,3,20,7,166,68.0,3711.0
1562.804701,2,1,4,1,32,56.0,275.018
1562.80472,1,1,5,0,70,48.0,91.71
1562.8047585,3,1,2,0,5,49.0,14.452
1562.806783,1,1,4,0,34,50.0,91.332
1562.8067995,6,1,1,0,1,45.0,0.0
1562.806814,5,2,4,0,3,48.0,9.546
1562.8106995,6,1,2,0,1,47.0,0.0
1562.810705,5,1,4,0,6,49.0,14.975
1562.8107075,3,1,4,0,14,50.0,58.223
1562.8113,1,1,3,0,4,51.0,27.566
1562.811322,5,1,2,0,1,46.0,0.0
1562.811864,1,1,2,0,1,46.0,0.0
1562.8124695,6,1,5,1,131,50.0,92.542
1562.812583,1,1,4,0,14,55.0,98.616
1562.812602,5,3,4,0,26,48.0,60.901
1562.8126105,3,1,1,0,1,46.0,0.0
1562.815965,1,2,8,1,42,62.0,630.534
1562.818201,1,1,1,0,1,47.0,0.0
1562.818305,5,2,1,0,2,46.0,15.194
1562.823572,1,2,12,2,88,62.0,721.308
1562.8235865,3,1,3,0,9,50.0,40.431
1562.8236075,6,1,7,1,67,52.0,182.942
1562.827785,1,1,5,1,35,56.0,232.836
1562.8278145,6,1,1,0,1,47.0,0.0
1562.828611,1,8,44,39,335,84.0,105702.0
1562.82862,2,10,36,21,259,71.0,15447.0
1562.8286215,3,18,31,14,289,69.0,7481.0
1562.82863,5,45,32,11,241,67.0,5411.0
1562.8286405,6,10,31,16,353,69.0,8900.0
1562.828652,4,1,5,0,34,51.0,88.3
1562.830796,1,1,2,0,8,52.0,53.384
1562.832511,5,1,2,0,4,49.0,8.813
1562.8345415,6,3,6,2,28,63.0,1074.0
1562.83455,1,1,5,0,52,53.0,117.135
1562.8345685,3,1,1,0,4,50.0,20.369
1562.83457,5,2,9,0,5,53.0,27.801
1562.83553,5,2,1,0,3,46.0,10.618
1562.8365015,6,1,2,0,1,46.0,0.0
1562.836753,5,1,12,1,58,52.0,197.87
1562.836755,1,1,16,3,106,57.0,646.468
1562.8367765,3,1,3,0,9,46.0,15.933
1562.8414595,6,1,2,0,1,46.0,0.0
1562.841491,5,2,1,0,3,45.0,8.724
1562.845717,5,5,11,4,161,56.0,710.337
1562.845734,1,1,9,1,88,53.0,201.532
1562.8457345,6,8,9,2,82,53.0,305.226
1562.845748,2,1,5,0,15,55.0,149.523
1562.8457585,3,1,1,0,1,45.0,0.0
1562.849481,1,2,2,0,6,53.0,43.512
1562.853853,5,2,2,0,6,47.0,23.069
1562.857546,5,2,2,0,2,50.0,16.468
1562.8575785,3,1,1,0,1,45.0,0.0
1562.857621,2,1,2,0,1,52.0,0.0
1562.8584945,6,2,3,0,3,52.0,35.277
1562.8599555,6,1,2,0,1,47.0,0.0
1562.8633895,6,1,2,0,1,48.0,0.0
1562.870254,5,1,2,0,24,51.0,109.734
1562.8702785,3,1,1,0,1,45.0,0.0
1562.871228,2,1,8,4,148,57.0,866.505
1562.8712685,6,40,6,0,54,53.0,136.196
1562.8712745,3,1,3,0,4,49.0,12.73
1562.8779565,3,1,1,0,1,45.0,0.0
1562.8845215,3,1,3,0,15,54.0,75.792
1562.884538,1,1,5,1,58,51.0,109.341
1562.8845635,6,1,1,0,6,50.0,14.905
1562.8863635,6,1,1,0,4,45.0,8.65
1562.890018,5,1,2,0,1,46.0,0.0
1562.896596,5,1,1,0,1,50.0,0.0
1562.8966285,6,1,1,0,1,45.0,0.0
1562.898719,5,2,3,0,6,47.0,22.504
1562.9051585,6,1,1,0,1,46.0,0.0
1562.905548,1,2,1,0,3,51.0,26.264
1562.9060355,6,2,8,2,47,64.0,1776.0
1562.9060825,3,2,1,0,2,45.0,4.055
1562.9088685,3,1,1,0,1,45.0,0.0
1562.911762,1,5,5,0,6,55.0,105.746
1562.912366,5,2,1,0,2,51.0,14.957
1562.9146805,6,2,2,0,15,54.0,82.285
1562.927401,1,1,1,0,1,45.0,0.0
1562.928246,1,2,1,0,3,51.0,21.172
1562.930939,1,2,5,0,40,49.0,101.332
1562.9309545,3,1,1,0,1,45.0,0.0
1562.9381395,6,1,2,0,1,46.0,0.0
1562.950357,5,1,2,0,13,51.0,38.09
1562.9505965,6,2,2,0,3,57.0,70.388
1562.9572785,3,1,1,0,1,45.0,0.0
1562.965311,5,2,1,0,3,49.0,11.184
1562.9656905,6,1,5,1,53,50.0,133.695
1562.966236,5,4,1,0,5,46.0,15.373
1562.969288,5,1,5,0,6,53.0,44.047
1562.969653,1,2,1,0,3,45.0,11.57
1562.971556,1,1,1,0,1,45.0,0.0
1562.981045,1,1,2,0,4,54.0,42.696
1562.981782,2,1,9,2,55,57.0,506.269
1562.9817865,3,2,4,0,9,51.0,47.559
1562.981788,1,19,5,1,101,49.0,168.643
1562.9817885,6,1,8,1,74,54.0,182.688
1562.981803,5,1,7,0,25,49.0,54.687
1562.983195,5,1,1,0,1,47.0,0.0
1562.99437,5,1,10,0,11,55.0,41.783
1562.994386,1,1,4,1,75,49.0,89.049
1562.9943965,3,2,6,0,45,48.0,114.257
1562.996032,1,2,1,0,3,51.0,28.966
1562.99994,1,1,6,1,63,55.0,164.816
1562.9999595,3,1,1,0,4,47.0,9.107
1563.002225,5,5,2,0,10,50.0,70.887
1563.0034005,6,1,1,0,1,45.0,0.0
1563.003401,1,2,2,0,3,52.0,25.819
1563.0046165,6,1,2,0,4,51.0,22.346
1563.006058,5,3,3,0,4,50.0,29.718
1563.0335675,6,2,3,1,104,51.0,118.777
1563.0359875,6,1,1,0,1,45.0,0.0
1563.037532,1,2,6,0,3,48.0,7.897
1563.0375335,6,1,4,0,10,54.0,80.799
1563.037623,2,1,1,0,1,50.0,0.0
1563.0400755,6,2,1,0,3,49.0,14.869
1563.0449965,6,1,3,0,11,51.0,47.764
1563.0512615,6,1,1,0,1,45.0,0.0
1563.0542425,6,7,12,3,106,60.0,827.91
1563.054258,1,25,15,3,110,56.0,569.262
1563.0542725,3,1,4,0,32,53.0,161.477
1563.054327,2,2,1,0,2,51.0,29.415
1563.0573325,6,1,2,0,8,47.0,16.519
1563.063583,1,1,2,0,1,45.0,0.0
1563.0683685,6,1,1,0,1,48.0,0.0
1563.07067,1,2,6,1,41,57.0,199.146
1563.0706895,6,1,2,0,1,47.0,0.0
1563.070715,5,3,2,0,8,48.0,38.743
1563.0732805,6,1,1,0,5,48.0,13.999
1563.077705,1,1,1,0,1,45.0,0.0
1563.0780275,6,1,1,0,4,50.0,22.09
1563.0812985,6,1,1,0,1,47.0,0.0
1563.082166,1,2,1,0,2,46.0,7.006
1563.083336,1,4,3,0,7,57.0,206.566
1563.0836655,6,1,1,0,5,48.0,15.598
1563.092116,1,4,4,0,5,52.0,85.048
1563.0938835,6,3,3,0,25,62.0,366.212
1563.095815,5,4,5,0,19,53.0,177.87
1563.096784,5,1,4,0,1,50.0,0.0
1563.0969965,3,15,10,2,127,57.0,489.333
1563.0969965,6,7,18,5,171,59.0,1282.0
1563.096997,2,18,18,6,92,64.0,2741.0
1563.100595,5,4,2,0,5,51.0,40.872
1563.102489,1,1,1,0,1,45.0,0.0
1563.1025375,6,1,1,0,1,45.0,0.0
1563.102943,5,4,13,3,100,58.0,756.228
1563.1029685,3,2,7,1,84,51.0,157.968
1563.104919,5,2,1,0,3,47.0,9.803
1563.1049225,6,1,3,0,23,51.0,69.872
1563.106485,1,2,1,0,3,48.0,11.07
1563.116653,5,3,4,0,17,52.0,99.485
1563.117344,2,14,11,4,102,60.0,1396.0
1563.117355,1,9,13,3,115,56.0,551.086
1563.1173575,3,2,5,0,30,52.0,137.652
1563.117368,5,28,7,0,29,51.0,69.533
1563.1231865,6,1,1,0,4,47.0,11.191
1563.123534,1,1,2,0,4,53.0,30.102
1563.131573,5,2,1,0,2,48.0,6.07
1563.1332365,6,1,2,0,15,53.0,52.034
1563.143046,1,10,6,0,32,56.0,186.137
1563.1430795,6,1,5,0,11,51.0,33.23
1563.1501835,6,1,1,0,1,45.0,0.0
1563.16011,5,9,23,7,159,68.0,4142.0
1563.1601245,3,1,6,1,39,55.0,190.367
1563.1601335,6,12,13,3,107,61.0,793.132
1563.160137,1,20,14,3,125,57.0,504.643
1563.160156,2,1,7,1,33,56.0,238.274
1563.160763,1,2,4,0,16,51.0,99.543
1563.1835025,6,2,11,6,162,70.0,5084.0
1563.183522,1,2,7,2,103,50.0,230.229
1563.183531,5,1,8,0,45,50.0,120.239
1563.1835505,3,1,3,0,10,46.0,13.693
1563.184481,1,1,3,0,4,53.0,29.414
1563.1844955,3,1,1,0,1,45.0,0.0
1563.185865,1,1,4,0,14,53.0,119.768
1563.1858795,6,1,2,0,8,49.0,26.423
1563.1858915,3,1,2,0,8,48.0,23.687
1563.1871355,6,2,3,0,10,51.0,49.165
1563.1881725,6,2,2,0,2,45.0,4.927
1563.188506,2,1,2,0,36,52.0,134.153
1563.193926,5,2,1,0,5,49.0,32.446
1563.1954705,6,1,1,0,1,45.0,0.0
1563.1960685,3,10,3,0,21,57.0,283.694
1563.196087,1,1,1,0,1,45.0,0.0
1563.1997555,6,1,1,0,1,46.0,0.0
1563.209101,1,1,1,0,1,47.0,0.0
1563.209762,1,1,4,0,1,49.0,0.0
1563.209765,2,2,1,0,3,51.0,28.4
1563.2099975,6,1,2,0,4,51.0,25.603
1563.2128105,3,1,3,0,178,47.0,50.402
1563.212974,1,3,9,1,48,63.0,678.02
1563.215929,5,6,2,0,7,50.0,18.442
1563.217209,1,1,1,0,1,45.0,0.0
1563.2194735,3,2,5,0,15,59.0,381.309
1563.219486,1,39,9,2,76,54.0,363.005
1563.219503,2,1,3,1,37,55.0,231.099
1563.2195115,6,4,7,1,50,52.0,193.522
1563.2262145,6,1,2,0,1,48.0,0.0
1563.227763,1,1,2,0,1,54.0,0.0
1563.2281815,3,1,1,0,1,45.0,0.0
1563.2284805,6,1,2,0,1,47.0,0.0
1563.2294705,6,1,4,0,28,50.0,16.576
1563.2379525,6,2,2,0,10,57.0,146.965
1563.239035,1,2,1,0,3,51.0,19.198
1563.247915,1,1,1,0,1,45.0,0.0
1563.2485035,3,1,4,1,153,51.0,168.826
1563.248527,2,1,1,0,1,53.0,0.0
1563.248532,1,1,10,2,183,50.0,250.249
1563.2486715,6,2,3,0,31,50.0,43.586
1563.24911,5,2,9,0,32,53.0,130.021
1563.249136,2,3,3,0,5,52.0,56.345
1563.2515755,6,3,9,2,54,62.0,873.125
1563.251579,5,1,5,0,4,49.0,15.048
1563.251587,1,1,9,2,118,53.0,278.811
1563.2516015,3,1,3,0,34,50.0,66.075
1563.251616,2,1,1,0,1,51.0,0.0
1563.260962,1,2,5,0,40,54.0,143.279
1563.260969,5,1,4,1,85,49.0,94.607
1563.2609925,3,1,1,0,1,45.0,0.0
1563.260996,2,2,2,0,3,53.0,45.516
1563.264798,1,1,5,0,1,50.0,0.0
1563.2656415,6,3,5,0,9,64.0,626.806
1563.2656905,3,1,1,0,5,47.0,13.132
1563.265732,1,1,1,0,1,45.0,0.0
1563.2694635,6,1,3,0,12,51.0,76.673
1563.273026,5,2,1,0,3,50.0,18.842
1563.273474,1,2,5,0,25,50.0,56.41
1563.2734965,6,1,2,0,1,49.0,0.0
1563.2751905,6,1,1,0,4,50.0,21.218
1563.275217,5,2,1,0,2,52.0,13.8
1563.280609,5,26,85,178,631,89.0,1170000.0
1563.2806125,3,17,61,99,706,83.0,246835.0
1563.280613,1,13,83,125,551,83.0,382019.0
1563.280618,2,27,72,155,528,83.0,576001.0
1563.2806205,6,27,73,134,625,86.0,523311.0
1563.280622,4,9,36,22,269,73.0,19802.0
1563.2826915,3,9,5,1,76,54.0,191.82
1563.282696,1,1,11,1,65,52.0,291.588
1563.2827075,6,14,10,1,38,56.0,207.753
1563.283613,1,2,1,0,3,51.0,19.535
1563.2849475,3,1,1,0,4,48.0,12.113
1563.284951,5,3,6,0,6,54.0,94.058
1563.287828,5,11,22,8,159,68.0,4879.0
1563.287835,4,1,3,0,11,51.0,54.518
1563.2878375,3,2,9,1,87,54.0,230.434
1563.287839,1,6,22,4,128,58.0,1020.0
1563.28979,5,1,2,0,1,47.0,0.0
1563.292883,5,21,22,5,95,64.0,2713.0
1563.2928945,3,3,7,1,57,54.0,143.589
1563.292895,2,2,8,2,63,57.0,797.091
1563.2945235,6,1,1,0,1,45.0,0.0
1563.300846,5,4,11,0,20,53.0,112.038
1563.3008535,6,188,8,3,211,64.0,845.926
1563.3029585,3,1,2,0,5,52.0,36.609
1563.3029795,6,2,2,0,38,49.0,60.778
1563.30376,1,2,4,0,39,54.0,144.995
1563.308964,1,6,13,2,104,54.0,286.438
1563.3089685,3,2,5,0,24,50.0,73.34
1563.308983,2,5,11,2,62,55.0,612.718
1563.3098945,6,1,2,0,1,48.0,0.0
1563.310605,1,1,14,3,115,60.0,835.995
1563.3106095,3,13,12,3,154,56.0,707.274
1563.310632,5,34,16,3,112,57.0,671.298
1563.310702,2,1,4,0,1,53.0,0.0
1563.3128725,3,1,1,0,1,45.0,0.0
1563.313625,5,2,1,0,2,46.0,5.377
1563.3167165,6,1,1,0,1,45.0,0.0
1563.317568,1,36,9,1,69,55.0,321.268
1563.31757,5,2,10,1,65,56.0,358.3
1563.3175745,3,1,2,0,1,47.0,0.0
1563.3175815,6,7,8,1,72,58.0,372.011
1563.317585,2,2,6,1,32,54.0,288.686
1563.322833,5,2,1,0,3,53.0,27.548
1563.3235485,6,15,7,1,131,53.0,256.081
1563.3236405,3,2,2,0,2,47.0,3.435
1563.323646,5,2,4,0,2,51.0,6.26
1563.3247645,6,2,5,0,22,54.0,181.005
1563.325443,1,1,4,0,1,50.0,0.0
1563.3254435,6,2,3,0,21,51.0,92.325
1563.3262645,6,1,1,0,1,49.0,0.0
1563.327441,1,1,1,0,1,45.0,0.0
1563.329534,5,2,1,0,2,46.0,7.499
1563.3304655,6,1,1,0,4,46.0,9.099
1563.331349,4,21,3,0,27,51.0,128.055
1563.3313705,6,4,13,2,127,59.0,558.677
1563.331374,1,1,9,1,76,53.0,209.251
1563.331401,2,2,3,0,2,52.0,30.416
1563.338386,1,3,5,1,33,57.0,350.619
1563.3383915,3,1,3,1,204,48.0,70.718
1563.3384235,6,1,2,1,201,50.0,120.006
1563.340113,1,1,2,0,1,48.0,0.0
1563.3523745,6,1,1,0,1,45.0,0.0
1563.3529175,6,1,2,0,4,51.0,22.53
1563.3534395,6,1,2,0,6,51.0,13.645
1563.354166,5,4,40,11,294,67.0,4550.0
1563.354169,1,8,35,10,350,57.0,2173.0
1563.3541735,6,30,34,12,329,63.0,3797.0
1563.354174,2,37,26,9,201,62.0,3129.0
1563.3541805,3,4,20,5,279,59.0,828.871
1563.358794,1,1,1,0,1,45.0,0.0
1563.360059,5,2,1,0,2,45.0,4.432
1563.364922,5,2,3,0,3,50.0,6.989
1563.3649495,6,130,5,1,143,55.0,236.913
1563.365864,5,3,4,0,17,50.0,87.933
1563.3680435,6,2,2,0,7,54.0,51.855
1563.3712065,6,1,2,0,5,46.0,10.463
1563.3759415,6,1,1,0,1,45.0,0.0
1563.3781265,6,2,1,0,3,55.0,34.995
1563.3800285,3,1,1,0,1,45.0,0.0
1563.380034,1,1,1,0,1,45.0,0.0
1563.383445,1,3,1,0,5,52.0,66.312
1563.3873625,6,1,1,0,1,45.0,0.0
1563.3896305,6,1,2,0,1,52.0,0.0
1563.396449,1,3,3,0,8,48.0,58.195
1563.401969,5,1,1,0,1,45.0,0.0
1563.404061,5,2,1,0,5,49.0,26.733
1563.4137815,6,1,2,0,8,49.0,20.61
1563.415296,1,2,2,0,3,55.0,62.307
1563.418867,1,2,7,0,36,52.0,137.423
1563.4188915,6,1,2,0,5,48.0,13.445
1563.418907,5,1,2,0,1,45.0,0.0
1563.4227935,6,1,1,0,1,45.0,0.0
1563.429459,1,104,81,39,563,70.0,26600.0
1563.429523,5,9,75,49,524,81.0,107094.0
1563.4295265,3,10,52,22,534,66.0,8777.0
1563.429532,4,1,13,3,138,54.0,636.799
1563.429533,2,18,60,35,462,70.0,23382.0
1563.4295345,6,20,63,34,693,72.0,26948.0
1563.4309545,3,1,3,0,4,51.0,21.918
1563.430964,5,3,12,2,51,58.0,604.775
1563.4309675,6,2,5,0,34,52.0,118.096
1563.430968,2,1,3,0,1,52.0,0.0
1563.430971,1,1,1,0,1,48.0,0.0
1563.4314717,1,4,14,3,84,58.0,939.792
1563.431474,2,1,6,2,70,55.0,547.789
1563.4314845,3,1,2,0,1,48.0,0.0
1563.4315045,6,1,7,0,19,49.0,53.134
1563.433098,1,1,3,1,83,50.0,101.229
1563.433175,5,1,1,0,1,47.0,0.0
1563.4352545,3,2,2,0,5,50.0,23.424
1563.435261,5,2,5,0,13,55.0,166.151
1563.4352765,6,1,3,0,1,46.0,0.0
1563.437253,1,2,3,0,39,55.0,114.219
1563.437538,5,1,3,0,4,48.0,12.377
1563.4375455,6,1,4,0,21,53.0,93.538
1563.440439,5,1,2,0,4,49.0,13.394
1563.4404465,6,2,5,1,98,54.0,169.17
1563.4451425,6,1,1,0,1,45.0,0.0
1563.451926,5,4,2,0,5,48.0,17.612
1563.4534965,6,2,2,0,8,50.0,29.705
1563.454916,5,2,4,0,13,48.0,44.758
1563.4550355,6,1,1,0,1,45.0,0.0
1563.458112,5,3,3,0,19,54.0,157.293
1563.4619345,6,1,3,0,14,48.0,18.234
1563.463944,5,2,1,0,3,49.0,14.327
1563.4646305,6,5,4,1,36,58.0,391.718
1563.464656,1,1,1,0,1,45.0,0.0
1563.464664,5,1,1,0,1,45.0,0.0
1563.4666025,6,2,1,0,2,45.0,11.626
1563.46687,5,1,1,0,1,45.0,0.0
1563.468864,1,1,1,0,1,49.0,0.0
1563.4747335,6,1,1,0,1,49.0,0.0
1563.477778,1,3,6,0,36,58.0,240.066
1563.4780025,6,1,1,0,1,50.0,0.0
1563.480893,5,2,2,0,7,47.0,26.188
1563.4849605,6,1,1,0,1,46.0,0.0
1563.4858145,3,1,1,0,1,45.0,0.0
1563.489492,1,2,1,0,2,50.0,15.977
1563.5017165,6,1,1,0,1,46.0,0.0
1563.5022675,6,1,2,0,4,53.0,31.471
1563.5039845,6,1,2,0,1,47.0,0.0
1563.505196,5,7,2,0,8,46.0,28.843
1563.507525,1,3,3,0,4,48.0,23.309
1563.510437,1,2,6,1,51,60.0,289.079
1563.5104615,6,3,3,0,5,54.0,48.074
1563.513355,1,1,2,0,1,47.0,0.0
1563.522501,5,1,4,0,14,49.0,43.299
1563.5225105,6,2,6,1,41,54.0,288.938
1563.5266495,6,7,26,15,246,74.0,19785.0
1563.526667,5,13,21,4,123,60.0,1240.0
1563.526675,1,1,18,4,144,59.0,1293.0
1563.526683,2,67,12,4,113,58.0,1024.0
1563.527326,1,1,6,2,183,49.0,162.301
1563.527403,5,9,10,0,18,57.0,219.853
1563.5274365,3,1,3,0,9,48.0,26.053
1563.530531,5,2,1,0,3,50.0,16.461
1563.532688,1,1,2,0,1,47.0,0.0
1563.5328985,3,1,2,0,5,52.0,28.282
1563.534104,5,3,4,0,4,50.0,28.309
1563.5341115,3,1,1,0,1,45.0,0.0
1563.5341365,6,1,1,0,1,45.0,0.0
1563.5358485,6,1,2,0,11,52.0,49.209
1563.536492,5,1,4,0,7,55.0,102.66
1563.538465,1,1,2,0,1,45.0,0.0
1563.5387585,6,1,2,0,8,50.0,24.911
1563.539394,1,1,2,0,4,51.0,29.221
1563.5394015,6,1,1,0,1,45.0,0.0
1563.5410925,6,1,1,0,1,45.0,0.0
1563.544247,1,112,33,10,266,64.0,4311.0
1563.5443095,6,4,32,11,231,65.0,4864.0
1563.5443185,3,31,20,5,190,57.0,1138.0
1563.5450425,6,1,2,0,7,49.0,24.492
1563.54522,1,1,8,2,170,49.0,183.175
1563.550007,1,1,1,0,1,45.0,0.0
1563.5538875,3,1,8,2,114,53.0,250.675
1563.553892,1,15,21,4,154,57.0,925.342
1563.553909,2,1,13,3,102,62.0,1314.0
1563.555584,1,2,5,0,3,53.0,27.316
1563.5555985,6,1,3,0,26,50.0,54.657
1563.555614,5,2,2,0,10,48.0,21.609
1563.5619325,6,3,10,0,24,56.0,205.536
1563.561939,1,1,5,0,15,55.0,104.193
1563.561968,5,2,2,0,4,48.0,17.09
1563.566446,1,9,12,3,71,62.0,1153.0
1563.5664695,6,1,9,1,83,51.0,235.958
1563.570543,1,15,17,5,109,64.0,2198.0
1563.5705555,3,1,9,2,146,52.0,309.514
1563.570559,5,1,17,2,87,52.0,397.058
1563.5717455,6,1,3,0,40,52.0,82.377
1563.57176,5,1,4,0,18,48.0,37.225
1563.5767555,6,1,2,0,1,48.0,0.0
1563.579818,1,2,4,0,5,61.0,369.295
1563.581824,1,2,1,0,3,45.0,13.005
1563.5871075,6,1,1,0,1,45.0,0.0
1563.58968,1,2,2,0,28,46.0,40.855
1563.5898555,6,2,2,0,6,54.0,60.248
1563.5911005,6,1,2,0,97,46.0,43.399
1563.591817,5,8,33,13,192,70.0,9285.0
1563.59182,1,44,33,9,232,64.0,3391.0
1563.591826,2,1,24,11,179,63.0,4808.0
1563.5918285,6,11,27,9,265,63.0,2841.0
1563.5918335,3,46,19,5,196,57.0,1171.0
1563.591846,4,4,3,0,14,48.0,40.926
1563.592639,5,1,1,0,10,49.0,34.387
1563.5926425,6,3,4,0,15,51.0,53.06
1563.5971315,6,16,16,6,180,67.0,3097.0
1563.59714,5,4,20,4,158,60.0,1009.0
1563.59717,2,1,10,1,39,57.0,489.271
1563.5971785,3,1,6,1,64,49.0,126.678
1563.598264,1,2,6,1,47,50.0,136.883
1563.5983075,6,1,2,0,1,47.0,0.0
1563.5993995,3,1,2,0,4,52.0,25.992
1563.599418,1,1,8,1,47,54.0,270.022
1563.599419,2,1,2,0,1,52.0,0.0
1563.599446,5,1,5,0,1,48.0,0.0
1563.5994505,6,1,2,0,1,49.0,0.0
1563.6003935,6,1,2,0,1,46.0,0.0
1563.600819,1,7,10,2,62,55.0,454.106
1563.6026105,6,2,2,0,9,47.0,26.98
1563.605338,2,1,3,0,8,55.0,39.293
1563.605344,5,1,7,1,68,52.0,190.494
1563.6053785,3,1,4,0,29,50.0,61.502
1563.6061105,6,1,1,0,1,45.0,0.0
1563.6093405,3,2,3,0,2,49.0,4.4
1563.6093425,6,1,5,0,40,54.0,172.403
1563.609355,5,2,1,0,5,51.0,35.897
1563.609366,2,1,3,0,11,53.0,55.151
1563.616899,1,19,46,24,315,71.0,23362.0
1563.616913,2,65,34,18,190,68.0,12622.0
1563.616913,5,34,47,22,308,70.0,14697.0
1563.6169135,6,15,41,15,300,67.0,6941.0
1563.616954,4,2,7,0,25,53.0,186.946
1563.622283,5,5,2,0,6,48.0,22.308
1563.6251225,6,1,1,0,1,45.0,0.0
1563.6269675,3,1,1,0,1,45.0,0.0
1563.6282345,6,1,4,0,33,50.0,57.305
1563.630088,5,2,4,0,27,49.0,80.512
1563.6301095,6,2,3,0,24,48.0,51.636
1563.6362655,6,1,4,0,9,51.0,19.827
1563.638665,1,2,3,0,3,51.0,17.694
1563.644577,2,25,33,24,233,72.0,21413.0
1563.6445775,6,6,38,19,306,71.0,13347.0
1563.644582,5,16,34,12,254,66.0,5297.0
1563.644609,4,4,5,0,35,54.0,143.704
1563.6521,1,1,8,0,13,53.0,55.889
1563.6521145,6,6,3,0,11,53.0,80.598
1563.6575935,6,2,1,0,3,53.0,24.133
1563.6584285,6,1,3,0,8,51.0,42.124
1563.661322,5,1,4,0,1,49.0,0.0
1563.66362,5,1,1,0,1,45.0,0.0
1563.6662835,6,10,6,1,49,54.0,186.018
1563.671586,1,20,13,2,91,52.0,331.542
1563.6715885,3,18,4,0,29,53.0,121.209
1563.671589,5,12,6,1,79,52.0,193.426
1563.671606,2,1,6,0,1,57.0,0.0
1563.677097,1,2,3,0,3,52.0,24.81
1563.681473,5,3,5,0,8,49.0,42.297
1563.6818515,6,1,11,2,88,57.0,519.419
1563.681866,1,1,7,0,33,49.0,71.698
1563.681921,2,1,1,0,1,53.0,0.0
1563.68248,1,2,7,0,28,55.0,174.225
1563.6825045,6,1,3,0,8,52.0,39.817
1563.685893,4,2,13,3,115,59.0,753.122
1563.6858955,3,24,34,18,329,67.0,9055.0
1563.685902,2,13,40,33,342,73.0,38633.0
1563.685903,5,14,50,29,335,74.0,35265.0
1563.6859125,6,11,40,21,277,69.0,13406.0
1563.69193,1,1,4,0,34,49.0,64.288
1563.6928195,6,1,8,2,153,56.0,278.362
1563.6928355,3,1,1,0,1,45.0,0.0
1563.692854,1,1,2,0,1,48.0,0.0
1563.6975915,6,1,5,0,22,51.0,66.621
1563.697645,1,1,3,0,1,49.0,0.0
1563.698964,1,9,47,30,296,76.0,35851.0
1563.6989665,6,17,40,23,308,71.0,18349.0
1563.698971,5,51,39,21,250,68.0,16271.0
1563.6989765,3,21,33,15,272,68.0,7981.0
1563.698978,2,24,37,24,288,69.0,18164.0
1563.698979,4,35,11,2,99,54.0,563.75
1563.7029905,6,1,2,0,8,51.0,44.874
1563.711011,5,19,5,0,28,50.0,71.613
1563.7110225,6,1,4,0,4,51.0,18.264
1563.7160525,6,1,1,0,1,48.0,0.0
1563.719629,1,23,22,4,159,58.0,970.08
1563.7196315,3,22,8,2,118,54.0,306.591
1563.7196325,6,2,15,5,174,62.0,1402.0
1563.719637,5,2,9,2,102,54.0,351.878
1563.7214805,6,1,2,0,1,45.0,0.0
1563.723544,1,1,7,1,38,59.0,386.701
1563.7235865,6,1,1,0,1,45.0,0.0
1563.7330925,3,1,1,0,4,50.0,18.218
1563.73311,5,2,2,0,3,52.0,24.415
1563.7419215,6,1,1,0,1,45.0,0.0
1563.7469725,6,1,1,0,1,45.0,0.0
1563.7488665,6,2,2,0,3,50.0,14.211
1563.7535985,3,1,1,0,1,46.0,0.0
1563.759588,5,2,2,0,2,48.0,12.963
1563.7596025,6,1,4,0,28,49.0,83.237
1563.762642,5,1,1,0,1,45.0,0.0
1563.7630175,6,1,1,0,1,47.0,0.0
1563.76353,5,2,2,0,7,50.0,44.679
1563.766069,5,1,1,0,1,45.0,0.0
1563.7662725,6,2,8,1,31,61.0,668.967
1563.768921,1,2,4,0,2,51.0,24.132
1563.7689485,6,1,2,0,12,48.0,38.073
1563.7751845,6,1,1,0,1,45.0,0.0
1563.77711,1,1,2,0,1,46.0,0.0
1563.778735,2,1,11,2,48,59.0,628.095
1563.778735,5,28,14,3,158,56.0,712.229
1563.7787415,3,1,7,0,25,53.0,160.662
1563.7799,5,3,5,0,13,48.0,61.132
1563.782903,1,3,5,0,14,56.0,271.594
1563.7866365,6,1,1,0,1,45.0,0.0
1563.787422,1,1,1,0,1,45.0,0.0
1563.7903045,6,1,2,0,8,46.0,15.753
1563.792923,5,1,1,0,1,48.0,0.0
1563.798039,1,5,7,0,6,55.0,98.587
1563.807074,5,2,12,2,39,58.0,590.377
1563.8070765,3,2,4,1,34,56.0,270.444
1563.807085,1,19,7,0,39,50.0,139.947
1563.807099,2,2,4,0,3,57.0,67.257
1563.8071425,6,2,2,0,6,51.0,26.827
1563.810552,1,1,4,0,19,51.0,83.219
1563.810556,2,1,3,0,1,54.0,0.0
1563.8169455,6,1,3,0,7,51.0,31.617
1563.82864,1,1,1,0,1,45.0,0.0
1563.830972,1,2,4,0,3,48.0,15.251
1563.8309865,6,1,4,0,54,48.0,66.364
1563.8309925,3,1,2,0,1,47.0,0.0
1563.8348525,6,1,1,0,1,45.0,0.0
1563.836312,1,1,1,0,1,45.0,0.0
1563.8387795,6,1,1,0,1,45.0,0.0
1563.8402135,6,1,4,0,10,49.0,34.744
1563.8402345,3,1,1,0,1,45.0,0.0
1563.841038,1,2,6,1,59,53.0,153.432
1563.8410555,6,1,3,0,5,46.0,9.753
1563.8410895,3,1,1,0,1,45.0,0.0
1563.8416765,6,2,3,0,17,50.0,95.603
1563.843138,2,2,14,5,108,60.0,1745.0
1563.843139,1,9,32,11,194,63.0,5095.0
1563.8431515,6,49,27,8,202,61.0,2501.0
1563.843164,5,5,11,2,110,56.0,567.602
1563.843961,5,5,6,1,22,55.0,434.121
1563.8520165,6,1,1,0,1,46.0,0.0
1563.853352,5,2,1,0,2,52.0,17.41
1563.853525,1,50,9,1,85,52.0,209.908
1563.8535515,6,1,2,0,31,48.0,31.994
1563.862719,1,1,1,0,1,45.0,0.0
1563.864416,5,1,2,0,1,47.0,0.0
1563.8645935,6,2,3,0,9,56.0,102.021
1563.8659025,6,1,1,0,1,45.0,0.0
1563.8673405,6,1,2,0,1,48.0,0.0
1563.8701245,6,1,1,0,1,47.0,0.0
1563.8770305,6,1,2,0,1,51.0,0.0
1563.877322,1,4,9,2,97,59.0,599.272
1563.877337,2,2,3,0,8,56.0,143.579
1563.8773455,3,1,3,1,151,49.0,94.415
1563.883764,1,2,6,0,21,55.0,206.978
1563.8837715,3,1,1,0,1,49.0,0.0
1563.884734,2,1,5,0,10,54.0,144.849
1563.88475,1,2,1,0,3,47.0,14.104
1563.8861965,3,1,3,0,13,49.0,45.646
1563.887739,1,1,1,0,1,45.0,0.0
1563.8965565,3,1,2,0,4,51.0,29.686
1563.896746,5,33,23,4,131,56.0,778.043
1563.9016875,3,1,3,0,40,48.0,50.321
1563.901701,1,1,6,0,20,52.0,83.611
1563.902669,1,2,10,3,64,68.0,2358.0
1563.902939,5,2,8,1,43,55.0,300.477
1563.9029465,3,1,3,0,55,47.0,66.197
1563.9100545,3,1,3,0,7,51.0,51.291
1563.9166415,6,2,3,0,18,53.0,84.148
1563.918072,5,2,12,2,113,53.0,367.866
1563.918074,2,2,9,3,93,57.0,758.259
1563.9180765,3,1,5,0,34,51.0,109.465
1563.922951,1,2,2,0,3,53.0,28.527
1563.9233845,3,1,1,0,1,45.0,0.0
1563.924674,1,4,3,0,5,57.0,146.181
1563.928461,1,2,7,1,60,63.0,523.365
1563.932601,1,2,2,0,3,53.0,35.698
1563.937705,5,1,1,0,1,48.0,0.0
1563.93827,1,1,1,0,1,48.0,0.0
1563.939914,2,70,21,10,231,63.0,3358.0
1563.939971,1,14,36,15,202,65.0,8056.0
1563.9434395,6,2,6,0,19,51.0,94.459
1563.9439835,6,1,1,0,1,45.0,0.0
1563.945674,1,2,5,0,32,56.0,122.022
1563.948529,1,4,27,8,174,65.0,3340.0
1563.9485425,3,1,11,2,111,54.0,303.257
1563.9485515,6,1,16,4,163,57.0,822.992
1563.948562,5,8,10,2,119,54.0,358.811
1563.9509345,6,1,3,0,18,60.0,276.728
1563.9538685,6,1,1,0,1,47.0,0.0
1563.957905,1,1,3,0,1,53.0,0.0
1563.9591205,6,2,1,0,2,45.0,4.529
1563.964844,5,4,8,1,38,55.0,375.509
1563.969149,1,1,2,0,4,49.0,16.501
1563.9752945,3,1,4,0,11,51.0,50.802
1563.975297,1,50,13,2,92,54.0,377.337
1563.975303,2,1,5,0,1,56.0,0.0
1563.9817765,6,1,1,0,1,45.0,0.0
1563.985522,2,1,2,0,1,52.0,0.0
1563.986985,1,1,2,0,4,48.0,10.875
1563.988657,5,3,2,0,4,48.0,24.376
1563.9886835,6,1,1,0,1,48.0,0.0
1563.990043,2,1,1,0,1,50.0,0.0
1563.991393,1,1,4,0,22,50.0,61.271
1563.9930285,6,1,2,0,1,49.0,0.0
1563.994156,5,23,33,11,209,67.0,5853.0
1563.994167,2,11,16,6,136,60.0,2059.0
1563.9941765,6,22,21,4,108,62.0,1309.0
1563.99419,4,1,1,0,1,46.0,0.0
1563.9949685,6,1,5,1,107,57.0,184.547
1564.004239,5,1,2,0,1,46.0,0.0
1564.0064565,6,1,1,0,1,45.0,0.0
1564.008245,1,16,4,0,40,57.0,188.833
1564.012254,5,1,2,0,1,49.0,0.0
1564.0125855,6,1,3,0,5,49.0,14.775
1564.016351,5,2,2,0,4,49.0,13.562
1564.0245155,3,1,2,0,1,45.0,0.0
1564.024524,2,1,2,0,4,51.0,26.849
1564.0245355,6,1,5,0,31,48.0,66.067
1564.024538,1,1,2,0,21,46.0,23.921
1564.025267,5,9,6,0,19,53.0,153.042
1564.025286,1,1,3,0,1,46.0,0.0
1564.0322345,6,1,1,0,1,45.0,0.0
1564.0358475,3,6,19,6,206,62.0,1888.0
1564.035874,5,2,9,2,107,55.0,522.869
1564.041026,5,2,4,0,2,51.0,15.194
1564.041607,1,3,22,5,146,61.0,1177.0
1564.0416205,3,1,5,0,22,55.0,132.162
1564.0416345,6,7,13,4,180,60.0,984.444
1564.042416,5,2,4,0,51,48.0,76.962
1564.0435705,6,2,13,1,74,56.0,296.458
1564.043575,5,2,10,1,36,52.0,191.015
1564.0435915,3,1,6,0,39,51.0,103.552
1564.043609,1,1,4,0,31,51.0,72.5
1564.0459095,3,1,4,0,29,47.0,50.023
1564.0465535,3,4,4,0,18,53.0,111.01
1564.046554,2,2,3,1,22,56.0,342.447
1564.046571,1,1,6,0,30,49.0,77.545
1564.046577,5,1,4,0,13,50.0,47.855
1564.0484745,6,1,1,0,1,45.0,0.0
1564.0492095,6,2,2,0,12,52.0,97.919
1564.051813,5,2,1,0,2,49.0,12.963
1564.0558065,6,325,19,7,371,63.0,1983.0
1564.055817,1,22,5,0,23,50.0,53.019
1564.055827,5,1,1,0,1,48.0,0.0
1564.0558465,3,1,2,0,9,53.0,74.748
1564.0569975,6,9,23,11,182,74.0,11828.0
1564.057012,1,2,27,8,203,63.0,2540.0
1564.0612555,6,1,3,0,1,48.0,0.0
1564.066413,5,2,2,0,14,48.0,66.74
1564.0701735,6,1,1,0,1,48.0,0.0
1564.071065,1,13,13,3,88,57.0,759.031
1564.07108,5,1,11,2,131,51.0,322.878
1564.071087,2,4,7,0,10,57.0,189.24
1564.0710885,3,17,5,0,30,50.0,69.921
1564.07227,1,2,2,0,35,53.0,96.08
1564.074253,1,1,1,0,1,48.0,0.0
1564.0767,1,1,2,0,15,45.0,18.172
1564.078034,5,1,2,0,1,48.0,0.0
1564.084767,5,1,1,0,1,47.0,0.0
1564.0878815,6,1,2,0,1,47.0,0.0
1564.090958,1,1,1,0,1,45.0,0.0
1564.092899,5,1,1,0,1,48.0,0.0
1564.0933705,6,1,2,0,4,47.0,10.928
1564.0945315,3,1,1,0,1,45.0,0.0
1564.0966385,6,5,30,13,236,68.0,6953.0
1564.096648,4,2,5,1,62,57.0,361.087
1564.096649,5,25,30,13,185,65.0,6831.0
1564.0966605,3,1,17,4,209,57.0,836.427
1564.096677,2,23,21,9,200,62.0,3037.0
1564.098372,1,2,7,1,119,54.0,155.599
1564.0985015,3,1,1,0,1,45.0,0.0
1564.105681,1,1,1,0,1,45.0,0.0
1564.105805,5,2,4,0,2,50.0,11.061
1564.1059265,3,1,1,0,1,45.0,0.0
1564.1062505,6,2,2,0,3,52.0,26.111
1564.107541,4,2,1,0,2,50.0,14.781
1564.107548,5,2,12,2,88,60.0,498.73
1564.107556,1,31,7,1,55,55.0,324.829
1564.1075585,6,1,10,0,34,54.0,146.206
1564.1075865,3,1,2,0,1,46.0,0.0
1564.1116865,6,1,2,0,5,47.0,12.118
1564.1187075,6,1,1,0,1,45.0,0.0
1564.1198495,6,2,1,0,2,47.0,8.226
1564.120357,1,1,12,3,87,60.0,756.837
1564.1203745,3,1,4,0,16,51.0,61.417
1564.1203745,6,1,7,0,49,54.0,150.488
1564.120375,2,2,4,1,72,56.0,396.424
1564.1211315,6,1,1,0,1,45.0,0.0
1564.122649,5,3,9,3,46,65.0,2786.0
1564.1235625,6,1,1,0,1,45.0,0.0
1564.1241685,6,1,2,0,1,47.0,0.0
1564.12763,1,1,1,0,1,45.0,0.0
1564.1316825,6,46,30,10,206,63.0,3900.0
1564.133167,1,1,5,0,60,54.0,120.495
1564.1357925,6,7,12,6,135,67.0,3692.0
1564.135803,5,9,9,1,36,57.0,310.649
1564.135822,1,2,7,1,88,50.0,174.004
1564.1358265,3,2,5,1,31,54.0,250.71
1564.141739,5,2,2,0,2,46.0,3.55
1564.146115,1,1,5,0,4,51.0,21.236
1564.1481575,6,1,4,0,8,54.0,72.838
1564.148191,2,1,3,0,1,51.0,0.0
1564.1481985,3,1,1,0,1,45.0,0.0
1564.1500315,6,1,1,0,1,45.0,0.0
1564.1526375,6,1,3,0,10,51.0,60.208
1564.1536365,6,1,1,0,1,45.0,0.0
1564.159134,5,11,34,15,230,67.0,10893.0
1564.1591485,6,45,28,9,205,62.0,3449.0
1564.159161,2,19,22,9,140,63.0,3873.0
1564.161817,5,3,9,2,34,63.0,1733.0
1564.1618355,6,1,8,2,68,56.0,374.09
1564.161855,1,12,8,1,49,53.0,201.927
1564.161856,2,1,2,0,13,52.0,63.403
1564.1634895,3,2,2,0,12,57.0,205.261
1564.163515,5,1,3,0,1,50.0,0.0
1564.1635225,6,1,2,0,1,46.0,0.0
1564.165004,5,3,1,0,13,52.0,92.695
1564.165578,1,1,1,0,1,45.0,0.0
1564.1657685,6,1,2,0,8,46.0,13.14
1564.1676265,6,2,4,0,25,58.0,235.196
1564.168654,5,1,4,0,1,47.0,0.0
1564.1759445,6,1,1,0,4,48.0,12.551
1564.179242,1,1,4,0,6,55.0,48.206
1564.1792455,6,1,2,0,4,49.0,15.575
1564.1792735,3,1,1,0,1,45.0,0.0
1564.1885305,6,2,10,2,201,57.0,417.519
1564.1921785,6,1,2,0,1,47.0,0.0
1564.194713,1,2,1,0,3,45.0,6.936
1564.1990565,6,2,2,0,3,46.0,23.8
1564.201434,1,1,2,0,1,51.0,0.0
1564.2016675,6,1,1,0,1,49.0,0.0
1564.2057125,6,209,8,2,231,60.0,697.919
1564.207855,1,1,1,0,1,47.0,0.0
1564.210374,1,1,1,0,1,45.0,0.0
1564.2143375,6,10,22,7,196,67.0,3770.0
1564.214353,1,2,16,3,110,55.0,585.54
1564.2143595,3,1,13,3,150,55.0,461.113
1564.2167215,6,1,3,0,17,53.0,69.299
1564.217907,1,1,6,0,12,50.0,34.432
1564.2179145,6,1,4,0,14,50.0,42.826
1564.218871,2,2,2,0,7,52.0,54.265
1564.2188725,3,1,1,0,6,51.0,24.356
1564.2189135,6,1,1,0,1,45.0,0.0
1564.223755,5,2,1,0,3,46.0,11.638
1564.231214,1,2,1,0,3,49.0,12.073
1564.2352575,6,1,1,0,1,45.0,0.0
1564.2378765,3,1,1,0,1,45.0,0.0
1564.2378965,6,1,1,0,1,47.0,0.0
1564.239719,5,1,3,0,1,49.0,0.0
1564.2397395,3,1,3,0,36,49.0,74.499
1564.241857,1,1,2,0,1,51.0,0.0
1564.242373,5,5,21,5,116,65.0,2339.0
1564.2423925,3,1,4,0,11,49.0,32.233
1564.242404,2,1,4,0,21,54.0,188.66
1564.242424,1,36,5,1,64,52.0,139.843
1564.244031,1,22,17,4,75,63.0,2034.0
1564.24404,2,20,18,6,101,63.0,2820.0
1564.2440485,6,8,11,2,122,55.0,362.346
1564.244051,5,8,15,3,113,57.0,703.603
1564.2440585,3,1,4,0,46,50.0,107.674
1564.248883,1,2,6,0,36,53.0,109.417
1564.2489135,6,1,3,0,14,52.0,84.752
1564.249331,5,1,3,0,1,50.0,0.0
1564.2538185,6,1,1,0,1,46.0,0.0
1564.254044,5,2,4,0,12,49.0,57.345
1564.2559325,6,2,12,3,86,64.0,1335.0
1564.255934,1,5,11,2,117,57.0,486.974
1564.2559505,3,1,6,1,69,50.0,132.783
1564.2573965,6,26,23,5,136,64.0,1898.0
1564.257397,5,25,20,4,116,58.0,1171.0
1564.2574,2,49,13,4,125,57.0,1147.0
1564.2574115,3,3,11,3,186,56.0,659.651
1564.2581925,6,4,6,2,60,69.0,1846.0
1564.2668335,6,1,1,0,1,46.0,0.0
1564.267879,1,1,1,0,1,48.0,0.0
1564.270862,1,1,3,0,8,50.0,33.077
1564.2708825,6,1,1,0,1,45.0,0.0
1564.2718225,6,1,4,0,38,49.0,48.617
1564.2733335,6,157,26,8,315,63.0,2604.0
1564.273439,5,10,35,13,250,68.0,7231.0
1564.273451,1,40,32,9,175,62.0,3471.0
1564.2734555,3,24,16,3,147,55.0,566.5
1564.273456,4,4,5,1,84,54.0,248.29
1564.273457,2,20,22,6,120,61.0,2307.0
1564.276285,1,1,1,0,1,45.0,0.0
1564.277728,5,3,13,3,137,61.0,868.486
1564.2777365,6,1,10,2,140,55.0,421.989
1564.277762,2,1,5,1,46,54.0,235.628
1564.277764,1,2,8,0,38,51.0,108.959
1564.2777735,3,1,3,0,1,46.0,0.0
1564.2805935,6,1,2,0,4,49.0,16.708
1564.280693,2,2,1,0,2,50.0,35.674
1564.281719,5,1,8,0,17,58.0,315.36
1564.2817415,6,1,1,0,1,45.0,0.0
1564.2841965,6,1,1,0,1,45.0,0.0
1564.2847255,6,2,1,0,2,45.0,4.4
1564.285318,1,1,3,0,6,53.0,47.882
1564.291036,5,2,10,2,56,58.0,496.916
1564.2910445,6,17,5,0,36,54.0,167.176
1564.2910765,3,1,1,0,1,45.0,0.0
1564.291442,2,1,1,0,1,51.0,0.0
1564.291485,1,1,1,0,1,45.0,0.0
1564.2919565,6,2,4,0,20,56.0,150.375
1564.29216,1,2,1,0,3,45.0,11.821
1564.2977325,6,1,1,0,4,46.0,7.635
1564.2987675,6,1,2,0,1,47.0,0.0
1564.298768,1,1,4,0,45,50.0,93.948
1564.298769,5,2,3,0,9,48.0,39.794
1564.3020505,6,1,5,1,25,57.0,292.576
1564.30867,2,1,1,0,1,50.0,0.0
1564.314173,1,1,1,0,1,45.0,0.0
1564.317603,5,1,2,0,1,46.0,0.0
1564.317899,1,3,23,10,156,68.0,7364.0
1564.3179195,3,25,12,2,126,56.0,409.414
1564.31798,2,1,6,0,22,55.0,165.878
1564.3181485,6,1,1,0,1,45.0,0.0
1564.3245795,3,13,25,8,213,64.0,2977.0
1564.32458,2,12,21,8,170,61.0,2895.0
1564.3245935,6,46,29,11,203,63.0,3920.0
1564.326911,5,1,1,0,1,48.0,0.0
1564.3294265,3,1,2,0,5,52.0,30.053
1564.3348735,3,5,9,2,108,55.0,311.819
1564.334885,1,16,10,2,100,55.0,425.916
1564.334907,5,1,8,1,74,50.0,174.081
1564.334918,2,1,3,1,48,54.0,320.691
1564.33571,5,2,4,0,18,51.0,97.819
1564.335726,1,1,4,0,1,48.0,0.0
1564.3396715,3,1,2,0,4,54.0,33.113
1564.344355,2,1,1,0,1,50.0,0.0
1564.344866,1,2,2,0,3,51.0,14.298
1564.3450845,6,2,4,0,22,54.0,164.86
1564.3480915,6,3,2,0,8,52.0,59.358
1564.356808,5,1,1,0,1,46.0,0.0
1564.3568225,6,1,1,0,1,45.0,0.0
1564.359183,1,1,5,0,27,50.0,92.262
1564.3592065,3,1,1,0,1,45.0,0.0
1564.3612915,6,1,3,0,14,47.0,14.656
1564.3619055,6,2,5,0,9,53.0,57.801
1564.36197,5,2,1,0,3,45.0,7.278
1564.36213,1,1,5,0,22,56.0,129.853
1564.3621515,3,1,3,0,4,51.0,23.966
1564.362791,1,2,2,0,35,57.0,184.823
1564.3708935,6,1,1,0,1,48.0,0.0
1564.373234,2,1,2,0,1,50.0,0.0
1564.373242,5,187,4,1,188,51.0,110.657
1564.373282,1,1,1,0,1,45.0,0.0
1564.379221,1,1,1,0,1,45.0,0.0
1564.3921535,6,1,2,0,8,51.0,32.146
1564.393773,5,3,2,0,4,50.0,40.754
1564.397444,1,1,2,0,1,46.0,0.0
1564.403001,5,2,2,0,2,48.0,6.414
1564.407138,2,1,3,0,6,57.0,110.274
1564.4071445,3,1,1,0,1,45.0,0.0
1564.4101055,6,2,5,0,18,57.0,190.732
1564.4182705,6,1,1,0,1,45.0,0.0
1564.420358,1,9,32,11,195,63.0,4988.0
1564.4203585,3,7,18,5,164,62.0,1837.0
1564.4203705,6,46,26,8,199,61.0,2604.0
1564.420386,5,2,9,2,75,55.0,474.645
1564.426991,2,1,4,0,14,55.0,120.048
1564.427009,1,1,5,0,12,53.0,77.752
1564.4270335,6,1,1,0,1,45.0,0.0
1564.428781,1,1,1,0,1,49.0,0.0
1564.4326725,6,1,2,0,9,47.0,23.259
1564.4333875,6,2,4,0,29,51.0,93.136
1564.433388,1,1,1,0,1,48.0,0.0
1564.441018,1,2,11,2,118,57.0,473.932
1564.4410455,6,1,8,1,51,51.0,188.669
1564.441066,2,1,6,0,7,52.0,50.76
1564.442211,1,1,2,0,1,49.0,0.0
1564.442223,5,2,1,0,3,45.0,9.992
1564.4422275,6,1,1,0,1,46.0,0.0
1564.448935,1,2,6,1,122,51.0,227.419
1564.4489795,6,24,6,1,41,53.0,174.535
1564.4489795,3,1,3,0,5,52.0,29.533
1564.448982,5,2,9,2,74,61.0,830.496
1564.448994,2,1,3,0,17,53.0,138.569
1564.4500675,6,1,2,0,1,49.0,0.0
1564.450508,1,2,2,0,5,51.0,24.155
1564.4524605,6,2,2,0,9,51.0,34.223
1564.4545975,6,1,2,0,1,47.0,0.0
1564.454644,5,3,5,0,8,50.0,46.197
1564.455736,1,1,2,0,1,48.0,0.0
1564.4557375,6,1,2,0,11,49.0,48.397
1564.455753,2,1,3,0,1,54.0,0.0
1564.4587465,6,1,3,0,21,52.0,70.866
1564.4634115,6,1,1,0,8,50.0,21.026
1564.463862,5,2,3,0,6,48.0,34.143
1564.46862,5,1,13,2,42,57.0,586.744
1564.4686435,6,1,3,0,5,50.0,23.149
1564.468647,2,1,2,0,1,51.0,0.0
1564.46868,1,2,3,0,6,49.0,35.758
1564.4692685,6,1,1,0,1,45.0,0.0
1564.4768505,6,1,2,0,1,45.0,0.0
1564.4778085,6,1,1,0,4,46.0,8.749
1564.479691,1,1,2,0,1,49.0,0.0
1564.4816295,6,1,3,0,11,51.0,66.113
1564.4844175,3,1,4,0,19,50.0,52.918
1564.484452,5,6,3,0,7,50.0,42.234
1564.485124,1,1,2,0,1,49.0,0.0
1564.4862355,6,1,1,0,1,45.0,0.0
1564.4875985,6,3,3,0,11,53.0,70.243
1564.4894995,6,4,1,0,5,49.0,18.114
1564.4926945,3,1,1,0,1,45.0,0.0
1564.4969465,6,1,1,0,1,45.0,0.0
1564.499725,1,1,3,0,4,53.0,36.206
1564.500959,1,2,5,1,41,57.0,263.601
1564.501909,1,2,2,0,3,50.0,17.167
1564.504325,5,1,1,0,1,45.0,0.0
1564.504543,1,1,5,0,34,47.0,51.068
1564.5050065,6,3,3,0,6,51.0,43.222
1564.507626,1,1,1,0,1,49.0,0.0
1564.508232,1,1,2,0,6,56.0,94.936
1564.5128655,6,1,3,0,11,52.0,55.06
1564.516065,1,12,34,14,198,65.0,7685.0
1564.5160685,3,7,24,8,210,63.0,2889.0
1564.516069,2,1,20,8,168,61.0,2768.0
1564.516075,5,23,16,3,128,57.0,871.002
1564.5160765,6,50,29,10,207,63.0,3991.0
1564.5187555,6,1,1,0,1,45.0,0.0
1564.520381,1,2,5,0,15,51.0,58.836
1564.5204035,6,1,1,0,1,45.0,0.0
1564.521045,1,1,3,0,37,49.0,60.395
1564.5220665,6,1,13,3,210,57.0,629.179
1564.522229,1,1,2,0,1,49.0,0.0
1564.5267475,6,8,23,10,201,69.0,6317.0
1564.5267575,3,2,12,3,154,54.0,523.552
1564.526758,1,2,20,7,144,65.0,3515.0
1564.5285925,6,2,1,0,2,45.0,13.128
1564.53117,1,5,4,0,6,55.0,80.599
1564.5320015,6,3,3,0,15,59.0,252.223
1564.5326075,6,3,8,1,29,59.0,425.178
1564.532619,5,1,3,0,4,51.0,10.171
1564.5326255,3,1,3,0,20,47.0,18.182
1564.532628,1,1,6,0,45,50.0,87.524
1564.5343775,3,1,1,0,1,45.0,0.0
1564.534379,1,3,3,0,8,52.0,80.5
1564.537562,5,1,1,0,1,45.0,0.0
1564.5397615,6,1,10,3,215,63.0,959.36
1564.5478405,6,1,1,0,1,45.0,0.0
1564.5502585,6,52,11,1,67,53.0,217.591
1564.550278,5,3,10,0,28,54.0,124.005
1564.55029,1,2,6,0,50,50.0,113.919
1564.5503,2,2,3,0,2,53.0,11.471
1564.551389,1,1,1,0,1,47.0,0.0
1564.5570985,6,1,5,0,119,49.0,71.192
1564.5572225,3,1,2,0,9,49.0,30.465
1564.557978,1,1,2,0,7,46.0,16.265
1564.563505,1,1,7,1,43,56.0,233.472
1564.5635325,6,2,2,0,3,51.0,17.78
1564.5642055,3,1,1,0,1,45.0,0.0
1564.5667955,6,1,2,0,4,51.0,22.062
1564.567092,1,1,3,0,26,49.0,35.585
1564.5671065,3,1,1,0,1,45.0,0.0
1564.5737815,3,1,2,0,82,47.0,47.687
1564.573788,2,1,4,0,1,56.0,0.0
1564.573794,5,2,13,2,54,58.0,596.713
1564.5738015,6,1,6,1,77,50.0,140.642
1564.573819,1,1,8,1,66,50.0,148.976
1564.5787695,6,1,1,0,1,46.0,0.0
1564.578843,1,1,2,0,1,48.0,0.0
1564.580829,2,1,2,0,1,53.0,0.0
1564.5851235,6,1,1,0,1,45.0,0.0
1564.5888085,6,1,13,2,126,52.0,386.394
1564.588818,1,33,14,3,121,59.0,763.926
1564.58882,2,1,6,0,7,53.0,53.091
1564.5888615,3,1,2,0,8,49.0,30.205
1564.595289,5,1,1,0,1,47.0,0.0
1564.6022935,6,1,1,0,4,46.0,8.833
1564.602588,1,2,4,0,33,55.0,149.603
1564.60379,1,1,4,0,1,48.0,0.0
1564.6038095,3,1,1,0,1,45.0,0.0
1564.6062535,6,2,5,1,57,54.0,171.076
1564.60632,1,1,2,0,1,48.0,0.0
1564.607613,5,2,4,0,2,49.0,17.22
1564.608235,1,3,2,0,7,52.0,87.222
1564.6232995,6,1,1,0,1,47.0,0.0
1564.627336,1,2,2,0,3,47.0,9.854
1564.62866,5,1,1,0,1,45.0,0.0
1564.6295335,6,2,7,2,68,62.0,708.122
1564.629543,1,1,4,0,21,50.0,57.404
1564.629547,5,1,6,0,26,49.0,51.085
1564.6295635,3,1,1,0,4,50.0,18.346
1564.6315865,6,4,18,5,187,65.0,1916.0
1564.631602,5,1,9,1,101,54.0,188.875
1564.6316105,3,1,8,2,85,57.0,377.018
1564.631611,2,1,8,1,49,54.0,412.433
1564.6341005,6,7,3,0,11,53.0,126.541
1564.63546,1,1,1,0,1,45.0,0.0
1564.6369625,6,2,2,0,3,51.0,11.866
1564.638289,1,1,4,0,12,50.0,48.513
1564.639424,5,3,4,0,6,49.0,27.49
1564.640464,1,1,3,0,1,50.0,0.0
1564.641156,1,1,1,0,1,45.0,0.0
1564.6432355,6,1,3,0,13,54.0,121.551
1564.64511,1,28,4,0,29,53.0,109.982
1564.6454725,3,15,10,1,55,58.0,416.953
1564.645647,1,1,2,0,5,45.0,10.223
1564.6499145,6,1,1,0,1,45.0,0.0
1564.6516215,6,13,2,0,14,51.0,46.002
1564.6532175,6,7,8,2,71,59.0,564.27
1564.6532435,3,1,1,0,1,48.0,0.0
1564.653244,1,1,4,0,36,50.0,111.935
1564.6609095,6,1,1,0,1,45.0,0.0
1564.666033,5,1,1,0,1,46.0,0.0
1564.6660485,6,1,2,0,21,45.0,22.54
1564.6683535,3,1,4,0,66,50.0,88.641
1564.668356,5,1,7,0,40,50.0,94.337
1564.6683635,6,1,6,1,73,51.0,143.88
1564.66837,1,1,5,0,14,49.0,51.738
1564.6735385,6,1,6,0,21,55.0,166.056
1564.673555,5,1,1,0,1,45.0,0.0
1564.673564,1,1,2,0,47,46.0,46.988
1564.6756545,6,1,2,0,4,51.0,16.567
1564.6793505,3,1,2,0,4,50.0,18.736
1564.679353,2,1,2,0,1,52.0,0.0
1564.6839245,6,9,4,0,10,53.0,68.43
1564.686935,1,1,2,0,1,47.0,0.0
1564.688931,1,2,9,1,40,55.0,265.212
1564.6889555,6,1,2,0,11,49.0,26.115
1564.688979,5,2,1,0,2,48.0,5.664
1564.6958075,6,2,2,0,12,58.0,210.146
1564.6991955,6,1,2,0,4,49.0,15.682
1564.6997435,6,3,8,2,103,59.0,719.326
1564.699753,1,37,8,1,83,53.0,163.441
1564.699793,5,2,4,0,7,48.0,31.722
1564.7029675,3,1,3,0,18,49.0,44.026
1564.7029805,6,2,5,0,39,51.0,122.396
1564.703023,1,2,2,0,2,48.0,3.352
1564.7068775,6,1,1,0,1,45.0,0.0
1564.707788,5,3,2,0,6,52.0,39.488
1564.7080205,6,1,1,0,1,45.0,0.0
1564.709538,5,2,4,1,46,50.0,149.279
1564.709577,1,1,1,0,1,45.0,0.0
1564.719738,5,5,16,3,120,63.0,1247.0
1564.719759,2,1,1,0,1,50.0,0.0
1564.719765,1,10,7,0,30,53.0,102.117
1564.7197805,3,3,3,0,24,53.0,73.781
1564.7232455,3,1,3,0,64,49.0,75.616
1564.723259,5,2,6,0,13,53.0,79.251
1564.723278,2,1,2,0,1,54.0,0.0
1564.723286,1,2,3,0,39,50.0,74.003
1564.7233025,6,2,1,0,3,49.0,11.332
1564.72708,5,3,3,0,4,50.0,21.641
1564.7274275,6,1,1,0,1,45.0,0.0
1564.740154,2,1,2,0,4,51.0,35.038
1564.7401625,3,1,2,0,8,52.0,51.436
1564.7403335,6,2,1,0,2,49.0,5.81
1564.7422085,6,1,2,0,7,51.0,30.44
1564.742214,1,1,1,0,1,46.0,0.0
1564.742822,1,1,7,1,62,50.0,129.507
1564.7428425,3,1,2,0,1,48.0,0.0
1564.7435555,6,1,3,0,9,51.0,53.404
1564.743604,1,1,3,0,1,49.0,0.0
1564.744764,5,1,3,0,6,50.0,29.051
1564.7508975,6,1,5,0,5,54.0,34.292
1564.7519505,6,1,2,0,4,48.0,12.582
1564.7564985,6,1,1,0,1,45.0,0.0
1564.762181,5,1,1,0,1,50.0,0.0
1564.7622035,6,1,3,0,15,48.0,26.774
1564.767232,1,2,1,0,3,50.0,14.957
1564.7685455,6,1,1,0,1,45.0,0.0
1564.77049,5,1,1,0,1,48.0,0.0
1564.77268,5,1,2,0,4,51.0,19.783
1564.774304,5,2,1,0,3,47.0,13.019
1564.7762885,6,1,1,0,1,50.0,0.0
1564.777338,1,1,1,0,1,50.0,0.0
1564.7773465,3,1,1,0,4,47.0,8.802
1564.7773745,6,1,2,0,8,50.0,28.054
1564.782098,5,8,3,0,14,51.0,74.677
1564.783128,5,2,3,0,13,48.0,28.832
1564.787547,5,3,7,1,40,55.0,374.386
1564.78793,1,2,1,0,2,47.0,6.222
1564.790703,1,1,2,0,1,49.0,0.0
1564.7907055,6,1,2,0,1,46.0,0.0
1564.7918225,6,1,1,0,4,53.0,29.39
1564.79204,5,1,2,0,7,49.0,27.788
1564.792715,5,1,1,0,1,48.0,0.0
1564.793028,1,1,9,0,13,51.0,54.788
1564.7931155,6,1,1,0,1,45.0,0.0
1564.79494,2,1,6,2,84,56.0,470.793
1564.79495,5,1,6,0,37,52.0,109.602
1564.794951,1,2,7,1,53,57.0,281.409
1564.7949795,6,2,5,0,58,49.0,81.827
1564.7949875,3,1,2,0,8,48.0,27.121
1564.7997805,3,2,1,0,2,46.0,7.837
1564.8004295,6,1,3,0,1,48.0,0.0
1564.8026485,6,1,1,0,1,46.0,0.0
1564.8034395,3,1,19,6,316,57.0,1094.0
1564.8034395,6,4,28,9,353,63.0,2811.0
1564.803444,5,40,25,8,337,59.0,2065.0
1564.807999,5,4,8,1,28,57.0,437.106
1564.8080035,3,1,2,0,18,48.0,47.671
1564.8080225,6,1,5,0,20,49.0,62.05
1564.811919,1,1,3,0,4,53.0,25.764
1564.8161385,6,1,1,0,1,47.0,0.0
1564.8163505,3,1,4,0,48,51.0,91.094
1564.816354,1,1,4,0,24,50.0,50.258
1564.8173095,6,1,2,0,4,49.0,14.629
1564.8182365,3,1,2,0,9,50.0,44.411
1564.8222185,6,2,3,0,11,59.0,251.024
1564.8259435,6,2,2,0,3,50.0,10.848
1564.8264825,3,1,1,0,1,45.0,0.0
1564.826599,1,2,1,0,2,45.0,5.377
1564.8269725,6,2,6,1,55,60.0,262.182
1564.8278475,6,1,6,1,154,52.0,185.405
1564.8306725,6,1,1,0,4,49.0,16.818
1564.8349975,6,1,1,0,1,45.0,0.0
1564.837377,5,2,1,0,3,49.0,7.398
1564.8413825,6,1,3,0,7,58.0,129.019
1564.841764,1,3,53,46,307,81.0,98319.0
1564.8417745,3,14,29,13,285,68.0,5596.0
1564.841777,2,12,38,30,270,71.0,29952.0
1564.841787,5,72,44,19,249,65.0,10078.0
1564.841817,4,1,5,1,68,51.0,168.893
1564.8428,5,2,3,0,2,46.0,5.064
1564.8463335,6,1,1,0,1,45.0,0.0
1564.846793,1,1,2,0,8,50.0,32.842
1564.849296,5,31,10,1,44,55.0,404.883
1564.8493405,3,1,1,0,1,45.0,0.0
1564.850994,1,2,5,1,83,54.0,155.066
1564.857032,5,1,2,0,1,47.0,0.0
1564.8570725,3,1,1,0,1,45.0,0.0
1564.858722,1,3,4,0,10,56.0,133.601
1564.859477,5,2,1,0,3,50.0,17.444
1564.859955,1,2,3,0,20,49.0,49.696
1564.863481,5,1,6,0,19,52.0,88.241
1564.8634915,6,2,2,0,5,50.0,23.794
1564.8653465,6,1,4,0,8,58.0,168.526
1564.8686805,6,3,13,4,64,69.0,2825.0
1564.868707,5,1,6,0,11,49.0,23.509
1564.868715,1,1,5,0,35,47.0,55.337
1564.8687335,3,2,2,0,5,50.0,24.125
1564.8704255,6,1,8,1,50,51.0,185.384
1564.870446,1,1,7,0,48,51.0,89.397
1564.870449,5,1,3,0,17,50.0,38.092
1564.870474,2,1,1,0,1,51.0,0.0
1564.87463,1,1,4,0,16,49.0,55.474
1564.874634,2,1,2,0,1,55.0,0.0
1564.8778165,6,2,6,0,29,52.0,155.177
1564.8852365,6,1,5,0,37,51.0,110.505
1564.885243,1,1,3,0,26,49.0,40.285
1564.885261,5,2,2,0,3,48.0,7.486
1564.885302,2,1,1,0,1,50.0,0.0
1564.8884015,6,1,1,0,1,45.0,0.0
1564.8913065,6,2,4,0,2,48.0,17.156
1564.8941455,6,1,2,0,4,50.0,20.041
1564.894161,1,1,2,0,1,48.0,0.0
1564.898238,1,7,4,0,9,49.0,43.759
1564.8982545,6,1,2,0,1,46.0,0.0
1564.8982605,3,1,1,0,1,45.0,0.0
1564.898267,5,2,1,0,3,47.0,8.912
1564.9027445,6,1,1,0,1,45.0,0.0
1564.9047175,6,2,1,0,3,47.0,12.528
1564.90581,1,2,2,0,3,55.0,41.895
1564.906709,5,3,2,0,5,50.0,33.054
1564.9104025,6,1,1,0,1,45.0,0.0
1564.914121,5,2,1,0,3,51.0,17.236
1564.9141245,3,2,3,0,14,48.0,36.086
1564.9141535,6,1,1,0,15,46.0,22.784
1564.915722,1,32,5,1,49,53.0,241.642
1564.9157245,3,1,2,0,1,45.0,0.0
1564.9157465,6,1,4,0,17,49.0,43.403
1564.9163475,6,1,1,0,1,47.0,0.0
1564.918218,5,61,26,6,114,62.0,2442.0
1564.9182205,6,10,26,9,233,65.0,3424.0
1564.9182265,3,19,18,3,149,56.0,650.161
1564.919337,5,1,4,0,1,49.0,0.0
1564.9205075,6,2,3,0,9,55.0,62.782
1564.921105,5,1,1,0,1,47.0,0.0
1564.921649,1,1,4,0,10,47.0,25.076
1564.922904,5,1,2,0,1,51.0,0.0
1564.9231845,6,1,2,0,8,49.0,25.296
1564.9310555,6,1,1,0,1,45.0,0.0
1564.9370305,3,1,1,0,1,45.0,0.0
1564.941603,5,2,3,0,3,48.0,6.792
1564.9416075,6,1,1,0,1,46.0,0.0
1564.9416215,3,1,1,0,1,45.0,0.0
1564.9452645,3,24,26,12,323,64.0,4405.0
1564.94527,5,12,38,15,234,70.0,9551.0
1564.9452705,6,22,35,14,264,67.0,6204.0
1564.945271,4,2,6,2,108,55.0,294.445
1564.9492685,6,1,2,0,1,49.0,0.0
1564.9499355,6,3,11,4,169,64.0,1272.0
1564.949946,1,30,12,2,153,54.0,372.414
1564.9499705,3,12,4,1,29,55.0,219.296
1564.950015,2,1,1,0,1,50.0,0.0
1564.950693,1,3,10,1,52,58.0,376.946
1564.950707,2,5,5,0,13,56.0,231.259
1564.9507195,6,1,4,0,50,51.0,91.859
1564.9507245,3,1,1,0,1,45.0,0.0
1564.953858,1,1,1,0,1,45.0,0.0
1564.9567525,3,2,1,0,5,45.0,11.601
1564.9567535,6,1,2,0,10,54.0,72.486
1564.95813,1,2,2,0,8,54.0,69.873
1564.96163,5,16,12,2,46,57.0,612.105
1564.9616405,6,1,6,1,90,48.0,121.491
1564.9616565,3,1,1,0,8,47.0,13.85
1564.961658,1,1,5,0,59,48.0,74.643
1564.9637055,6,1,2,0,4,47.0,12.988
1564.9665465,6,1,1,0,5,46.0,8.543
1564.967368,1,1,8,0,23,58.0,229.132
1564.9697365,6,1,2,0,1,49.0,0.0
1564.9727985,6,1,1,0,1,45.0,0.0
1564.973643,5,3,3,0,4,47.0,16.292
1564.9767055,6,2,1,0,3,50.0,17.905
1564.9803675,6,3,3,0,20,52.0,270.731
1564.984164,1,1,3,0,8,52.0,50.794
1564.9862985,6,1,1,0,1,45.0,0.0
1564.987327,5,4,5,0,31,51.0,97.698
1564.9900735,3,1,7,1,96,49.0,122.667
1564.9900855,6,60,12,3,104,64.0,1090.0
1564.991087,1,1,2,0,15,46.0,23.695
1564.9910975,6,3,4,0,18,53.0,86.171
1564.99677,5,1,3,0,1,49.0,0.0
1565.0004515,6,7,20,6,194,61.0,1607.0
1565.000453,1,2,21,5,157,57.0,1220.0
1565.0004635,3,1,15,3,126,55.0,698.332
1565.003766,5,2,1,0,2,49.0,11.835
1565.005016,1,1,2,0,1,47.0,0.0
1565.005021,5,1,3,0,1,47.0,0.0
1565.0050265,6,3,2,0,7,54.0,70.883
1565.0050375,3,1,1,0,1,45.0,0.0
1565.0057325,6,1,7,1,49,51.0,127.642
1565.0057575,3,1,1,0,1,45.0,0.0
1565.005773,2,1,3,0,1,52.0,0.0
1565.005777,5,1,2,0,1,49.0,0.0
1565.005804,1,1,2,0,1,47.0,0.0
1565.01214,1,1,1,0,1,45.0,0.0
1565.0129265,6,1,2,0,5,48.0,13.519
1565.0137305,6,1,1,0,1,46.0,0.0
1565.0154205,6,1,1,0,1,47.0,0.0
1565.0191255,6,2,9,3,55,66.0,1799.0
1565.019163,1,2,1,0,3,45.0,6.985
1565.0191835,3,1,2,0,20,45.0,15.18
1565.020708,5,3,12,2,73,57.0,485.468
1565.020717,2,26,3,0,32,54.0,185.462
1565.0207195,3,1,2,0,12,46.0,19.835
1565.020723,1,32,6,0,35,50.0,99.281
1565.0207275,6,1,4,0,23,50.0,81.81
1565.0243635,6,2,2,0,13,47.0,32.049
1565.0280195,3,1,3,0,34,48.0,51.212
1565.028905,5,22,60,72,386,81.0,180697.0
1565.0289085,3,11,40,37,479,74.0,32891.0
1565.02891,1,27,63,53,398,74.0,74342.0
1565.028914,4,14,28,7,155,62.0,2529.0
1565.028914,2,42,54,62,341,80.0,138142.0
1565.0289165,6,20,53,56,472,78.0,97045.0
1565.0303775,6,1,1,0,1,45.0,0.0
1565.0309355,3,1,1,0,4,48.0,12.029
1565.033404,2,1,5,0,1,52.0,0.0
1565.0334055,3,1,2,0,1,46.0,0.0
1565.033407,5,1,4,0,43,49.0,77.187
1565.033414,1,2,7,1,60,52.0,182.084
1565.0334165,6,1,6,0,54,50.0,115.691
1565.0375415,3,2,3,1,45,55.0,217.841
1565.037547,2,1,4,0,24,55.0,165.334
1565.037553,1,2,8,1,68,54.0,234.377
1565.0375635,6,1,6,0,41,51.0,110.411
1565.0385665,6,1,2,0,6,49.0,19.099
1565.03857,5,3,7,0,38,51.0,107.981
1565.038598,1,1,2,0,1,49.0,0.0
1565.0397405,3,2,1,0,2,49.0,11.835
1565.039932,1,1,1,0,1,47.0,0.0
1565.0399385,6,1,2,0,16,46.0,23.119
1565.0416985,3,6,25,14,266,75.0,15809.0
1565.041713,2,22,37,17,239,70.0,11597.0
1565.041715,5,40,26,8,180,62.0,2902.0
1565.04457,5,2,6,0,26,50.0,106.685
1565.044572,1,1,3,0,1,48.0,0.0
1565.0445755,3,1,1,0,1,45.0,0.0
1565.0476185,3,1,1,0,4,52.0,35.935
1565.0481165,6,2,4,0,3,56.0,84.162
1565.0489815,6,7,5,1,34,59.0,371.545
1565.0495245,6,1,3,0,25,54.0,91.549
1565.050384,5,2,4,0,6,51.0,46.95
1565.0503925,6,2,2,0,6,51.0,32.172
1565.0512595,6,1,1,0,1,45.0,0.0
1565.057523,5,11,10,1,28,52.0,223.732
1565.0589495,6,1,1,0,1,45.0,0.0
1565.06132,1,2,3,0,7,53.0,57.406
1565.0613445,6,1,3,0,4,47.0,10.406
1565.061596,5,10,32,11,221,67.0,5652.0
1565.0616085,3,1,12,2,90,55.0,490.145
1565.062453,5,3,12,2,110,52.0,415.222
1565.0625405,6,1,3,0,4,47.0,14.022
1565.065571,1,2,3,0,3,55.0,50.305
1565.0739015,6,1,2,0,5,48.0,15.053
1565.080723,1,2,1,0,2,45.0,3.784
1565.08174,1,1,2,0,1,49.0,0.0
1565.08175,5,1,1,0,1,45.0,0.0
1565.0820555,6,1,1,0,1,48.0,0.0
1565.087259,5,1,4,0,15,54.0,61.358
1565.094633,1,17,8,0,35,51.0,114.225
1565.0946355,3,1,2,0,1,46.0,0.0
1565.0984285,3,4,15,5,197,62.0,1479.0
1565.098444,5,46,20,4,126,58.0,1255.0
1565.0984605,6,9,18,5,155,60.0,1322.0
1565.1117105,6,1,1,0,1,45.0,0.0
1565.111755,1,2,1,0,3,49.0,11.467
1565.1135405,6,3,10,1,52,58.0,406.813
1565.1135525,3,1,2,0,1,46.0,0.0
1565.113555,1,1,4,0,4,48.0,8.513
1565.113626,5,1,1,0,1,45.0,0.0
1565.114222,1,4,21,7,175,66.0,2885.0
1565.1142335,3,1,14,2,115,53.0,391.347
1565.114247,2,2,7,1,24,61.0,738.489
1565.1142485,6,5,14,3,106,57.0,857.469
1565.114252,5,26,16,2,107,56.0,505.749
1565.1174745,3,1,1,0,1,45.0,0.0
1565.1246295,6,1,7,0,20,51.0,38.356
1565.124656,2,1,1,0,1,51.0,0.0
1565.124673,1,1,4,0,12,49.0,43.972
1565.125861,1,1,2,0,1,48.0,0.0
1565.1289855,6,2,2,0,7,51.0,33.523
1565.1341105,6,1,2,1,202,48.0,82.787
1565.138329,5,1,2,0,5,48.0,10.645
1565.14176,1,1,3,0,1,49.0,0.0
1565.1417625,3,1,3,0,25,50.0,60.144
1565.1417965,6,1,3,0,1,48.0,0.0
1565.1447055,6,1,1,0,1,45.0,0.0
1565.149326,5,1,1,0,1,45.0,0.0
1565.15323,1,2,1,0,2,45.0,3.665
1565.153773,1,1,1,0,9,46.0,14.666
1565.1547925,6,1,2,0,4,48.0,12.141
1565.1560255,6,1,2,0,1,45.0,0.0
1565.1656705,3,1,2,0,1,46.0,0.0
1565.165686,1,1,3,0,1,49.0,0.0
1565.1668585,6,1,1,0,1,45.0,0.0
1565.17127,5,7,12,3,44,65.0,2326.0
1565.1712855,6,9,10,2,117,56.0,491.629
1565.171291,2,1,2,0,1,51.0,0.0
1565.1712965,3,1,4,0,21,50.0,56.217
1565.171359,1,1,2,0,1,48.0,0.0
1565.1754275,6,1,2,0,8,49.0,27.246
1565.176779,1,3,5,0,13,55.0,141.526
1565.1769105,6,1,1,0,1,47.0,0.0
1565.1781345,3,1,2,0,1,45.0,0.0
1565.178142,2,1,2,0,1,52.0,0.0
1565.1836225,6,2,1,0,3,49.0,18.279
1565.183881,5,2,9,1,49,58.0,341.272
1565.183925,1,2,4,0,52,47.0,74.516
1565.186219,5,4,1,0,5,48.0,24.099
1565.1884395,3,1,2,0,1,47.0,0.0
1565.1884775,6,1,2,0,1,47.0,0.0
1565.1890255,6,1,1,0,1,48.0,0.0
1565.191023,1,191,13,3,240,53.0,506.427
1565.1911885,3,2,4,0,37,52.0,117.901
1565.191207,2,2,2,0,3,52.0,38.844
1565.1912265,6,2,7,0,49,51.0,122.087
1565.192681,1,4,8,1,42,60.0,541.76
1565.2000185,3,1,4,1,62,50.0,110.102
1565.200031,2,4,7,1,32,58.0,669.341
1565.200045,5,3,6,0,23,51.0,103.067
1565.2021955,3,1,3,0,48,49.0,59.124
1565.202211,1,1,2,0,1,46.0,0.0
1565.202212,5,2,2,0,2,46.0,5.773
1565.2022355,6,191,4,1,201,51.0,132.116
1565.2109985,6,1,1,0,1,45.0,0.0
1565.216444,5,4,3,0,22,57.0,201.693
1565.2164755,6,1,2,0,1,47.0,0.0
1565.219388,1,8,12,3,122,60.0,559.676
1565.2193935,6,1,11,2,115,57.0,409.664
1565.219402,5,2,9,0,27,54.0,167.398
1565.2194045,3,1,5,0,32,51.0,79.774
1565.221321,5,2,1,0,2,49.0,6.569
1565.2260685,6,1,1,0,4,48.0,15.537
1565.2352945,6,1,1,0,1,47.0,0.0
1565.235652,5,1,3,0,1,47.0,0.0
1565.24172,1,1,2,0,1,47.0,0.0
1565.2417945,6,1,1,0,1,49.0,0.0
1565.242839,5,1,7,1,141,50.0,140.426
1565.2428555,6,82,12,3,118,65.0,1564.0
1565.2429985,3,1,1,0,1,45.0,0.0
1565.24301,1,1,2,0,59,48.0,42.881
1565.2443265,6,1,2,0,1,45.0,0.0
1565.245815,1,1,1,0,1,49.0,0.0
1565.246882,1,19,11,1,65,55.0,350.946
1565.246887,5,14,12,2,91,55.0,588.644
1565.246897,2,2,4,2,65,59.0,571.881
1565.2469025,6,1,4,1,88,51.0,130.185
1565.2485915,3,2,1,0,7,56.0,94.129
1565.248608,2,1,2,0,1,51.0,0.0
1565.254536,5,13,3,0,14,51.0,48.123
1565.2578195,6,1,1,0,1,50.0,0.0
1565.264305,2,23,32,23,258,70.0,16549.0
1565.264311,1,10,47,25,239,73.0,25087.0
1565.2643125,3,6,27,14,300,66.0,5723.0
1565.2643125,6,39,38,17,329,65.0,8068.0
1565.264319,5,18,48,17,301,66.0,8028.0
1565.264331,4,42,5,1,68,55.0,326.579
1565.2666645,6,2,3,0,19,58.0,234.718
1565.2683165,6,1,1,0,1,48.0,0.0
1565.269214,1,1,2,0,1,47.0,0.0
1565.2697115,6,1,2,0,4,50.0,19.771
1565.270344,1,1,18,3,101,55.0,634.419
1565.2703515,3,1,7,1,79,52.0,186.68
1565.270356,2,1,11,2,61,59.0,738.747
1565.2713525,6,1,1,0,1,47.0,0.0
1565.271794,1,1,5,0,1,48.0,0.0
1565.2718145,3,1,1,0,1,45.0,0.0
1565.2786475,6,1,1,0,1,45.0,0.0
1565.2793225,6,1,3,0,1,46.0,0.0
1565.279326,5,2,2,0,2,49.0,5.064
1565.2793275,3,1,1,0,1,47.0,0.0
1565.281835,1,2,1,0,3,51.0,28.178
1565.2885625,6,20,43,23,280,72.0,17773.0
1565.288563,1,8,51,26,354,74.0,21689.0
1565.288568,2,111,42,25,264,69.0,17478.0
1565.28857,5,28,52,19,319,68.0,10195.0
1565.2885745,3,12,27,12,249,65.0,5251.0
1565.288594,4,2,7,2,92,52.0,316.263
1565.290113,5,2,1,0,3,48.0,12.778
1565.2906625,6,1,1,0,1,45.0,0.0
1565.29548,5,4,4,0,5,53.0,54.053
1565.2955115,6,1,1,0,1,46.0,0.0
1565.2994455,6,1,2,0,5,46.0,9.201
1565.301934,1,1,3,0,6,53.0,43.423
1565.3019475,6,1,2,0,8,48.0,19.047
1565.304823,5,2,2,0,3,46.0,7.144
1565.3056905,6,1,2,0,1,48.0,0.0
1565.308139,1,1,1,0,1,45.0,0.0
1565.3122795,6,2,3,0,26,51.0,75.964
1565.31229,1,1,2,0,1,46.0,0.0
1565.314046,5,1,1,0,1,45.0,0.0
1565.314876,1,4,38,18,280,76.0,21288.0
1565.3148905,3,6,18,5,269,59.0,1015.0
1565.3149065,6,5,19,6,245,62.0,1777.0
1565.3159565,3,1,1,0,1,45.0,0.0
1565.322126,1,1,2,0,7,48.0,15.069
1565.331125,5,2,5,0,15,54.0,128.624
1565.335777,5,13,24,11,182,69.0,8407.0
1565.3357885,3,14,15,4,201,58.0,828.412
1565.335799,1,35,19,4,177,57.0,913.157
1565.337466,1,1,2,0,1,50.0,0.0
1565.338758,1,1,1,0,1,45.0,0.0
1565.339277,5,2,2,0,3,50.0,25.719
1565.343687,5,2,3,0,2,47.0,4.305
1565.3436935,6,1,4,0,1,48.0,0.0
1565.345359,1,1,3,0,17,48.0,20.405
1565.3453705,3,1,1,0,1,45.0,0.0
1565.3459195,6,1,3,0,4,50.0,17.083
1565.3516315,6,12,4,0,16,51.0,49.978
1565.354291,1,1,1,0,1,45.0,0.0
1565.354822,5,1,1,0,1,45.0,0.0
1565.355719,5,2,2,0,17,54.0,101.809
1565.361254,1,2,3,0,7,51.0,56.42
1565.361287,5,2,4,0,12,51.0,59.255
1565.361767,1,1,4,0,1,49.0,0.0
1565.36326,1,2,10,1,79,54.0,276.383
1565.3633015,3,1,5,1,106,51.0,153.335
1565.365061,5,2,1,0,3,49.0,12.261
1565.3668855,6,1,1,0,1,45.0,0.0
1565.36808,5,2,1,0,3,50.0,13.805
1565.369358,5,1,2,0,1,48.0,0.0
1565.3707455,3,1,4,0,5,49.0,21.028
1565.370759,1,1,7,0,30,51.0,114.331
1565.370759,5,2,5,1,41,58.0,321.785
1565.3707715,6,1,4,0,24,49.0,46.093
1565.3731755,3,5,5,0,37,50.0,113.547
1565.373176,2,1,8,1,59,55.0,376.864
1565.373177,1,1,10,1,107,50.0,233.74
1565.3778285,6,1,1,0,1,47.0,0.0
1565.3796005,6,1,1,0,1,45.0,0.0
1565.383211,2,1,2,0,1,52.0,0.0
1565.383213,5,4,4,0,17,54.0,135.298
1565.3832265,6,17,4,0,18,52.0,65.553
1565.383238,1,1,3,0,1,49.0,0.0
1565.383731,5,2,4,0,2,49.0,4.66
1565.3839525,6,1,1,0,1,45.0,0.0
1565.3847815,6,2,2,0,2,47.0,15.254
1565.384817,5,1,1,0,1,45.0,0.0
1565.3861705,6,1,1,0,1,45.0,0.0
1565.3878005,6,1,2,0,21,48.0,30.454
1565.390138,1,2,1,0,3,51.0,19.428
1565.3917025,6,1,1,0,1,45.0,0.0
1565.3938645,6,10,2,0,11,49.0,42.239
1565.394371,5,3,5,0,19,54.0,274.208
1565.394893,5,2,3,0,3,51.0,24.994
1565.3956505,6,1,2,0,8,50.0,27.928
1565.4013785,6,1,5,0,11,55.0,96.33
1565.4035425,6,1,1,0,1,46.0,0.0
1565.404187,1,2,4,0,3,48.0,14.606
1565.4041955,3,1,2,0,15,47.0,19.458
1565.404234,5,2,1,0,3,49.0,12.024
1565.4054155,6,1,1,0,4,45.0,6.764
1565.4079895,6,1,1,0,4,55.0,50.116
1565.413878,5,19,4,0,20,54.0,189.647
1565.4139035,6,1,1,0,5,49.0,21.292
1565.414593,1,1,3,0,1,48.0,0.0
1565.415913,1,2,1,0,2,45.0,8.896
1565.42029,5,132,40,17,302,69.0,13569.0
1565.4203215,6,114,31,11,299,65.0,4492.0
1565.4204045,3,1,19,6,207,64.0,1687.0
1565.42041,4,2,4,0,7,53.0,71.952
1565.420412,2,52,26,8,143,61.0,2895.0
1565.4221965,6,1,2,0,1,46.0,0.0
1565.4243775,6,1,2,0,4,49.0,13.945
1565.4265765,6,1,1,0,1,45.0,0.0
1565.429105,5,2,2,0,3,58.0,65.312
1565.429904,1,1,1,0,1,47.0,0.0
1565.429907,5,2,4,0,17,53.0,89.588
1565.4299375,6,1,2,0,1,47.0,0.0
1565.430739,5,1,2,0,17,51.0,51.642
1565.432025,2,2,3,0,3,55.0,56.927
1565.432039,1,1,5,0,29,48.0,50.402
1565.4320445,3,2,1,0,2,45.0,3.213
1565.4320645,6,1,1,0,1,47.0,0.0
1565.432098,5,2,1,0,5,46.0,16.144
1565.4328325,6,1,1,0,1,45.0,0.0
1565.4336055,6,2,2,0,21,50.0,55.652
1565.4386175,6,1,1,0,1,45.0,0.0
1565.442799,1,1,1,0,1,45.0,0.0
1565.445067,1,2,3,0,4,49.0,38.071
1565.4451125,6,1,4,0,1,47.0,0.0
1565.450261,1,3,3,0,4,51.0,29.609
1565.4502725,6,1,3,0,6,51.0,29.776
1565.456348,1,2,1,0,3,45.0,8.045
1565.4578675,3,1,12,2,83,54.0,381.845
1565.457875,5,5,19,5,115,66.0,2259.0
1565.4578835,6,22,18,5,205,59.0,1323.0
1565.4612715,6,1,1,0,1,45.0,0.0
1565.464638,5,3,2,0,4,49.0,23.185
1565.4662785,6,1,1,0,1,46.0,0.0
1565.4687785,6,1,1,0,1,47.0,0.0
1565.469483,5,1,1,0,1,47.0,0.0
1565.4695035,6,1,1,0,1,47.0,0.0
1565.475848,1,1,1,0,1,50.0,0.0
1565.477978,5,2,3,0,3,47.0,7.509
1565.4814135,6,1,6,0,29,51.0,92.858
1565.481441,5,2,1,0,2,47.0,6.07
1565.482517,5,60,8,1,70,53.0,239.628
1565.4825495,6,1,3,0,47,50.0,55.026
1565.483623,2,1,1,0,1,51.0,0.0
1565.483628,5,2,4,0,32,51.0,100.035
1565.4847255,6,1,1,0,1,45.0,0.0
1565.484736,1,1,3,0,1,47.0,0.0
1565.485239,5,2,1,0,2,46.0,4.055
1565.488251,5,94,76,59,535,79.0,101732.0
1565.48827,1,100,69,60,514,77.0,104959.0
1565.488274,2,58,57,82,380,82.0,187435.0
1565.4882865,6,84,62,68,476,78.0,141002.0
1565.488311,4,10,31,13,176,71.0,9040.0
1565.4883135,3,10,49,41,487,73.0,34802.0
1565.490498,4,10,42,27,326,74.0,25521.0
1565.4904995,3,17,61,98,653,80.0,187677.0
1565.490502,2,17,78,160,533,85.0,624142.0
1565.490505,5,15,84,117,545,89.0,528134.0
1565.4905085,6,49,91,135,1081,85.0,464582.0
1565.490509,1,5,87,115,648,83.0,344401.0
1565.4918865,3,1,1,0,1,45.0,0.0
1565.491905,1,1,3,0,1,48.0,0.0
1565.4938735,6,1,1,0,1,47.0,0.0
1565.494289,5,2,5,0,14,48.0,42.654
1565.4945845,6,1,2,0,1,49.0,0.0
1565.4974995,6,1,5,0,8,57.0,135.56
1565.4990775,3,1,2,0,4,52.0,29.129
1565.5001865,6,2,5,1,26,61.0,377.489
1565.5040315,3,1,1,0,1,45.0,0.0
1565.504037,5,2,5,0,2,48.0,4.562
1565.504042,1,1,3,0,9,51.0,44.101
1565.5040575,6,1,3,0,1,53.0,0.0
1565.5074025,6,1,12,3,79,63.0,1090.0
1565.5074105,3,2,2,0,35,46.0,33.766
1565.507412,1,32,8,1,40,53.0,207.423
1565.507412,5,1,7,0,51,48.0,104.185
1565.508818,5,2,2,0,3,51.0,21.488
1565.5102875,6,2,1,0,2,45.0,3.665
1565.5132365,6,1,6,1,147,49.0,116.379
1565.5133815,3,1,1,0,1,45.0,0.0
1565.514054,1,2,2,0,2,47.0,3.213
1565.5148015,3,77,46,44,500,72.0,40854.0
1565.514803,2,16,60,76,429,80.0,162814.0
1565.514803,4,13,29,12,223,66.0,7382.0
1565.514807,5,12,62,58,397,83.0,139853.0
1565.5148085,6,52,62,53,506,75.0,68123.0
1565.51481,1,22,61,49,415,78.0,73637.0
1565.5166455,6,2,6,1,29,62.0,661.039
1565.5175165,3,75,19,7,406,57.0,1205.0
1565.517522,1,19,21,5,137,60.0,1672.0
1565.517523,4,1,4,0,55,52.0,107.739
1565.517524,5,9,20,5,113,66.0,2690.0
1565.5175365,6,1,18,4,116,59.0,1245.0
1565.518263,5,23,9,2,63,54.0,427.261
1565.518984,1,1,1,0,1,45.0,0.0
1565.5189965,6,1,1,0,1,46.0,0.0
1565.5196735,6,2,3,0,12,55.0,98.137
1565.5211575,6,8,3,0,9,55.0,146.111
1565.5290005,3,1,7,1,98,53.0,219.93
1565.529009,5,1,4,0,17,53.0,92.015
1565.5290105,6,4,9,1,61,51.0,183.786
1565.529011,1,16,7,1,78,51.0,205.92
1565.5314295,6,1,2,0,4,53.0,43.504
1565.5325315,3,1,1,0,1,45.0,0.0
1565.532536,2,1,2,0,4,55.0,59.015
1565.532541,1,1,6,1,57,50.0,126.412
1565.5325535,6,1,4,0,21,47.0,34.624
1565.5338865,6,1,1,0,1,50.0,0.0
1565.534144,5,13,19,5,134,64.0,1931.0
1565.534145,4,4,7,1,63,54.0,332.296
1565.5341465,3,16,16,3,116,55.0,708.352
1565.534149,1,16,19,5,123,63.0,2010.0
1565.5349435,6,1,3,0,14,50.0,48.874
1565.535751,1,2,4,0,18,51.0,97.777
1565.5357685,6,1,3,0,38,48.0,55.648
1565.539619,2,1,1,0,1,50.0,0.0
1565.541251,5,1,3,0,6,50.0,29.311
1565.542746,1,2,2,0,3,47.0,8.933
1565.546601,5,1,3,0,8,49.0,18.639
1565.550438,5,3,6,0,18,49.0,74.686
1565.5506615,6,1,2,0,82,46.0,51.898
1565.550723,1,1,1,0,1,45.0,0.0
1565.55111,2,33,34,23,252,70.0,16322.0
1565.551114,5,42,35,15,244,67.0,8816.0
1565.5511165,3,17,27,12,320,67.0,5589.0
1565.551134,4,7,8,1,53,51.0,158.816
1565.5512455,6,2,18,5,224,58.0,924.141
1565.5524835,6,1,1,0,1,46.0,0.0
1565.555436,1,2,21,5,258,56.0,778.223
1565.5554375,3,1,6,2,182,52.0,220.761
1565.555465,5,120,16,5,218,59.0,1715.0
1565.555588,2,1,5,0,1,54.0,0.0
1565.558011,1,2,3,0,2,49.0,3.464
1565.5580195,6,1,2,0,5,50.0,9.85
1565.5582645,3,1,3,0,51,50.0,70.177
1565.55827,5,1,9,1,56,54.0,343.901
1565.558293,2,1,3,0,6,52.0,32.984
1565.5624795,3,1,4,0,18,50.0,54.5
1565.562507,5,2,3,0,11,48.0,37.728
1565.563606,5,2,7,0,10,50.0,37.527
1565.5636175,6,2,4,0,27,56.0,131.696
1565.5648255,3,1,1,0,1,45.0,0.0
1565.564846,1,15,4,0,19,49.0,57.058
1565.564872,5,1,1,0,1,47.0,0.0
1565.5653545,6,2,1,0,4,50.0,28.935
1565.565618,5,4,2,0,12,52.0,84.071
1565.567831,5,1,1,0,1,51.0,0.0
1565.5694855,6,1,1,0,4,48.0,11.592
1565.5730065,6,1,11,3,71,64.0,1182.0
1565.573024,1,1,9,2,99,56.0,401.108
1565.573025,2,1,10,2,76,55.0,556.513
1565.5730295,3,1,5,1,63,51.0,108.044
1565.573063,5,1,4,0,4,50.0,7.373
1565.57394,5,2,4,0,14,54.0,109.206
1565.5739715,6,1,1,0,1,46.0,0.0
1565.5746165,6,1,2,0,9,48.0,17.485
1565.575396,1,6,20,5,140,63.0,1665.0
1565.5754125,3,14,7,1,93,56.0,259.539
1565.576059,1,2,6,0,3,56.0,68.023
1565.578883,2,1,3,0,7,55.0,48.326
1565.578895,5,4,8,0,14,53.0,133.443
1565.5789085,6,1,1,0,1,45.0,0.0
1565.578974,1,2,1,0,3,47.0,11.651
1565.5809945,6,8,7,2,91,56.0,335.607
1565.5810275,3,1,2,0,6,52.0,33.942
1565.581046,1,1,2,0,1,47.0,0.0
1565.5816885,6,1,1,0,4,45.0,7.23
1565.5830545,6,3,1,0,4,49.0,17.365
1565.583525,1,1,2,0,1,47.0,0.0
1565.584234,5,1,2,0,11,51.0,58.268
1565.5842855,6,1,1,0,1,50.0,0.0
1565.585281,5,11,11,1,67,54.0,315.988
1565.585282,1,7,9,1,74,53.0,241.117
1565.5852825,3,7,5,1,76,54.0,205.683
1565.585285,2,1,7,1,35,57.0,344.556
1565.5852955,6,3,9,2,126,55.0,436.813
1565.588488,1,3,17,6,127,72.0,5140.0
1565.5893145,3,1,2,0,7,50.0,21.196
1565.5893525,6,39,9,2,72,60.0,583.967
1565.58937,1,2,6,0,17,49.0,51.503
1565.5919365,3,1,1,0,1,45.0,0.0
1565.591941,2,1,3,0,1,54.0,0.0
1565.591944,5,2,6,0,19,53.0,149.479
1565.5919505,6,1,2,0,1,46.0,0.0
1565.595708,1,1,1,0,1,50.0,0.0
1565.5962255,6,1,1,0,4,45.0,6.601
1565.6023345,3,1,1,0,1,45.0,0.0
1565.6067635,6,1,4,0,24,48.0,56.275
1565.6068205,3,1,1,0,1,45.0,0.0
1565.612782,5,2,11,1,48,52.0,186.643
1565.6127855,6,1,6,0,35,53.0,162.444
1565.6127885,3,1,3,0,14,51.0,40.977
1565.612793,2,1,3,0,1,55.0,0.0
1565.612799,1,5,8,0,32,50.0,140.246
1565.614258,1,2,1,0,3,51.0,21.116
1565.6142645,3,2,1,0,5,48.0,16.017
1565.6142935,6,1,2,0,1,49.0,0.0
1565.617292,1,237,62,38,628,72.0,34910.0
1565.617512,4,2,24,7,206,61.0,1794.0
1565.6175145,3,24,40,33,445,72.0,24655.0
1565.617518,2,22,48,51,299,77.0,81617.0
1565.617519,5,15,57,40,317,77.0,60420.0
1565.6175315,6,12,47,33,402,73.0,28326.0
1565.618421,1,2,5,0,25,60.0,337.007
1565.619746,1,4,3,0,8,55.0,84.631
1565.620589,5,2,4,1,67,50.0,147.283
1565.6206315,6,1,2,0,1,45.0,0.0
1565.6215575,6,1,1,0,1,45.0,0.0
1565.6223295,6,1,1,0,1,45.0,0.0
1565.624727,4,2,5,0,30,52.0,137.869
1565.624734,1,1,15,2,137,54.0,364.107
1565.624737,5,8,21,5,170,64.0,1896.0
1565.6247385,3,2,9,1,111,53.0,261.055
1565.624745,2,33,11,3,87,57.0,879.44
1565.6254745,3,20,19,5,221,59.0,1283.0
1565.625475,4,1,2,0,42,47.0,45.946
1565.625477,2,11,26,12,254,64.0,4814.0
1565.625481,1,2,29,7,189,60.0,2164.0
1565.625483,5,13,26,7,136,63.0,2777.0
1565.627754,5,2,7,1,43,55.0,252.482
1565.6277935,6,1,1,0,1,45.0,0.0
1565.6301955,3,1,1,0,1,45.0,0.0
1565.6353175,6,1,1,0,1,45.0,0.0
1565.636011,2,1,3,0,1,54.0,0.0
1565.6362505,6,2,2,0,2,48.0,6.846
1565.636445,1,28,13,2,67,56.0,473.774
1565.6364705,3,1,1,0,1,45.0,0.0
1565.637561,1,1,1,0,1,46.0,0.0
1565.6380545,6,2,9,2,111,58.0,433.654
1565.638079,1,1,4,0,1,50.0,0.0
1565.6380935,3,1,2,0,1,46.0,0.0
1565.638096,5,2,3,0,3,51.0,15.638
1565.638114,2,1,1,0,1,50.0,0.0
1565.6445285,6,1,1,0,1,46.0,0.0
1565.6452665,3,1,4,1,66,49.0,91.921
1565.645277,1,1,6,1,57,53.0,150.953
1565.6452865,6,1,6,0,41,52.0,133.052
1565.6476475,6,13,22,12,142,72.0,12057.0
1565.647656,5,2,24,5,157,57.0,1156.0
1565.6476605,3,1,14,4,164,59.0,1129.0
1565.647664,1,48,28,7,161,63.0,3041.0
1565.656588,1,1,3,0,1,47.0,0.0
1565.6576545,3,1,2,0,1,47.0,0.0
1565.657656,2,2,7,1,47,57.0,482.994
1565.657657,5,1,7,1,83,52.0,150.849
1565.657665,1,2,6,1,59,52.0,206.378
1565.6576805,6,1,1,0,1,45.0,0.0
1565.659477,1,40,11,1,68,52.0,291.059
1565.659478,5,4,9,1,48,59.0,415.211
1565.6594945,3,2,5,1,70,49.0,102.859
1565.659548,2,1,2,0,1,51.0,0.0
1565.661684,1,1,1,0,1,45.0,0.0
1565.662183,5,2,1,0,2,45.0,3.665
1565.6695685,3,1,13,2,124,53.0,353.735
1565.669578,1,50,15,3,134,55.0,576.568
1565.669583,2,3,10,3,83,59.0,883.353
1565.671442,5,1,1,0,1,46.0,0.0
1565.672029,5,2,1,0,2,45.0,5.773
1565.67271,5,1,1,0,1,45.0,0.0
1565.674873,1,1,1,0,1,47.0,0.0
1565.675672,1,3,5,0,13,52.0,85.526
1565.6757005,6,1,3,0,17,50.0,64.752
1565.6773735,6,18,33,20,465,75.0,25917.0
1565.677394,5,14,23,5,145,62.0,1279.0
1565.677403,1,63,20,4,149,58.0,905.111
1565.6774065,3,1,10,3,125,60.0,634.993
1565.6806585,6,1,4,1,27,55.0,246.849
1565.680688,2,1,1,0,1,50.0,0.0
1565.6820895,6,108,13,3,145,61.0,890.811
1565.6822165,3,1,2,0,11,47.0,12.486
1565.682264,1,1,2,0,8,48.0,19.035
1565.6855805,6,1,3,0,8,47.0,17.935
1565.685596,1,1,1,0,1,47.0,0.0
1565.688078,5,2,4,0,8,50.0,51.91
1565.6880785,3,1,3,0,1,46.0,0.0
1565.6881,1,10,2,0,56,49.0,101.293
1565.6881135,6,1,4,0,20,47.0,41.011
1565.6897125,3,1,1,0,1,45.0,0.0
1565.6902495,6,2,1,0,7,51.0,39.963
1565.6917745,6,1,1,0,1,45.0,0.0
1565.692799,5,1,2,0,14,48.0,37.087
1565.6936735,6,1,2,0,4,48.0,13.03
1565.694819,5,1,1,0,1,45.0,0.0
1565.6962925,6,1,1,0,1,45.0,0.0
1565.6981665,3,1,2,0,4,52.0,34.838
1565.698177,1,1,2,0,17,49.0,31.652
1565.701778,5,3,3,0,7,55.0,173.436
1565.7020995,6,1,4,0,117,50.0,79.988
1565.7091885,6,2,2,0,2,47.0,6.414
1565.7144345,6,4,5,1,26,63.0,951.556
1565.7192275,6,1,2,0,1,49.0,0.0
1565.7222875,6,3,9,4,91,67.0,2619.0
1565.7223,1,2,12,1,78,52.0,262.639
1565.7223265,3,2,4,0,60,48.0,86.19
1565.722337,2,1,3,0,28,51.0,71.879
1565.722338,5,1,3,0,27,47.0,46.396
1565.722914,1,6,18,3,74,62.0,1402.0
1565.722944,2,3,5,1,50,56.0,298.979
1565.7229555,3,1,4,0,45,48.0,77.931
1565.722975,5,55,4,0,56,48.0,69.461
1565.7244815,6,1,2,0,10,51.0,38.744
1565.72476,1,2,2,0,2,49.0,9.829
1565.7256225,6,1,1,0,1,48.0,0.0
1565.726039,1,2,1,0,2,45.0,4.66
1565.7265285,6,1,3,0,25,55.0,137.633
1565.7265475,3,1,1,0,1,46.0,0.0
1565.7276345,3,1,2,0,9,52.0,52.197
1565.727637,5,1,1,0,1,45.0,0.0
1565.7308285,3,1,1,0,1,45.0,0.0
1565.7324295,6,2,6,1,26,60.0,426.731
1565.734048,1,1,1,0,1,45.0,0.0
1565.737282,5,5,6,0,7,50.0,51.889
1565.7374485,6,1,2,0,1,49.0,0.0
1565.7390685,3,1,1,0,1,45.0,0.0
1565.7393305,6,1,1,0,1,45.0,0.0
1565.739353,1,1,1,0,1,46.0,0.0
1565.7404435,6,1,1,0,1,45.0,0.0
1565.742281,5,3,1,0,5,48.0,28.919
1565.742646,1,7,5,0,15,56.0,161.796
1565.7431315,6,1,5,0,4,51.0,28.223
1565.743622,5,14,4,0,15,51.0,67.137
1565.7436535,6,1,1,0,1,47.0,0.0
1565.7449135,6,1,6,0,22,58.0,318.265
1565.745422,1,2,1,0,3,49.0,15.456
1565.7460575,6,1,2,0,1,46.0,0.0
1565.748551,1,1,1,0,1,47.0,0.0
1565.748551,5,1,1,0,1,49.0,0.0
1565.7485555,6,1,1,0,1,46.0,0.0
1565.749556,5,36,7,0,37,51.0,110.989
1565.749567,1,1,2,0,1,48.0,0.0
1565.7496185,3,1,1,0,1,45.0,0.0
1565.7504715,6,1,1,0,1,45.0,0.0
1565.751929,5,1,1,0,1,45.0,0.0
1565.7522065,6,1,1,0,1,47.0,0.0
1565.7556525,6,1,2,0,8,51.0,37.454
1565.7576125,3,1,2,0,4,45.0,7.214
1565.7576265,6,1,2,0,4,48.0,13.257
1565.7593535,3,1,1,0,1,45.0,0.0
1565.759385,5,1,1,0,1,45.0,0.0
1565.7593885,6,1,1,0,1,47.0,0.0
1565.764887,5,1,1,0,1,46.0,0.0
1565.7651075,3,1,1,0,4,51.0,19.582
1565.7657155,6,1,3,0,1,51.0,0.0
1565.766183,4,1,6,2,82,54.0,305.249
1565.766195,5,7,20,7,190,65.0,3215.0
1565.7662168,6,26,24,7,205,64.0,2734.0
1565.77172,1,74,11,2,88,53.0,305.937
1565.7717485,3,10,3,0,54,48.0,101.701
1565.772538,5,4,4,0,13,49.0,69.147
1565.7725625,6,1,3,0,4,49.0,13.244
1565.774291,5,6,13,8,94,73.0,10659.0
1565.7743315,6,1,4,0,32,48.0,70.726
1565.7761715,6,1,1,0,1,48.0,0.0
1565.77643,5,2,4,0,2,50.0,7.499
1565.7774385,6,2,7,1,45,59.0,280.477
1565.777689,1,1,2,0,1,54.0,0.0
1565.7786145,6,1,2,0,1,46.0,0.0
1565.778819,5,2,8,2,85,56.0,396.546
1565.7788245,3,6,2,0,14,53.0,89.942
1565.77884,1,1,5,1,56,51.0,141.177
1565.7818985,6,2,1,0,3,52.0,26.355
1565.783021,1,1,1,0,1,47.0,0.0
1565.783345,5,2,8,0,20,51.0,91.38
1565.7833515,3,6,2,0,11,53.0,79.833
1565.784105,1,1,6,0,36,52.0,79.821
1565.7841245,3,1,3,0,19,52.0,86.004
1565.784969,1,36,8,1,70,49.0,175.849
1565.7849715,3,1,2,0,1,47.0,0.0
1565.784973,5,33,6,1,58,51.0,186.476
1565.7849965,6,18,7,0,37,53.0,121.854
1565.789382,1,1,2,0,103,51.0,46.935
1565.7933545,6,2,3,0,27,53.0,85.826
1565.7936395,3,1,2,0,4,49.0,13.375
1565.794526,1,2,3,0,8,53.0,63.053
1565.7948495,3,2,4,1,74,52.0,166.985
1565.794851,5,2,11,2,71,58.0,461.506
1565.7948565,6,1,9,1,78,51.0,203.857
1565.794858,2,1,6,1,48,57.0,344.831
1565.801094,5,3,4,0,27,52.0,138.814
1565.801115,1,1,2,0,1,46.0,0.0
1565.8011185,3,1,2,0,24,49.0,35.54
1565.801593,2,1,10,2,74,56.0,669.797
1565.8016158,1,1,8,1,62,58.0,414.506
1565.8024355,6,2,7,0,32,52.0,138.08
1565.804797,1,1,1,0,1,45.0,0.0
1565.806998,5,3,2,0,7,53.0,84.594
1565.8096605,6,5,10,2,60,62.0,905.139
1565.809664,5,2,5,0,4,52.0,28.632
1565.8096875,3,1,3,0,32,51.0,90.692
1565.809692,1,1,5,0,38,49.0,65.303
1565.81444,5,2,1,0,3,47.0,10.037
1565.8165895,6,2,2,0,6,55.0,58.541
1565.816862,5,1,2,0,1,47.0,0.0
1565.816873,1,1,2,0,1,45.0,0.0
1565.8171555,6,1,1,0,1,46.0,0.0
1565.818431,5,1,5,1,134,53.0,181.037
1565.818482,1,1,4,0,42,48.0,74.363
1565.821139,5,2,5,0,3,50.0,16.186
1565.8211815,6,3,6,0,23,56.0,157.276
1565.821198,1,1,3,0,1,47.0,0.0
1565.821928,1,1,1,0,1,45.0,0.0
1565.8245345,6,1,1,0,1,45.0,0.0
1565.8286345,6,1,4,0,4,49.0,9.444
1565.828637,2,1,2,0,1,52.0,0.0
1565.828651,5,1,2,0,1,46.0,0.0
1565.829518,1,1,5,0,22,57.0,161.527
1565.829543,5,3,5,0,17,51.0,80.319
1565.8295435,6,1,2,0,40,48.0,50.821
1565.8311305,6,1,1,0,1,45.0,0.0
1565.831558,5,2,8,2,125,56.0,316.196
1565.831566,1,1,6,0,54,49.0,71.376
1565.8315695,3,1,1,0,1,45.0,0.0
1565.8321205,3,1,6,1,75,53.0,198.229
1565.832207,5,5,3,0,23,49.0,84.903
1565.8335075,6,1,2,0,82,48.0,55.879
1565.833564,1,2,4,0,62,49.0,106.865
1565.833966,5,3,7,0,17,48.0,73.176
1565.8360265,3,1,1,0,1,45.0,0.0
1565.8386525,6,16,7,0,26,56.0,249.607
1565.838668,5,1,2,0,1,46.0,0.0
1565.839135,1,4,2,0,5,55.0,119.322
1565.8391585,3,1,1,0,1,45.0,0.0
1565.8392305,6,1,1,0,1,45.0,0.0
1565.840162,5,2,2,0,3,50.0,16.224
1565.8410555,6,1,8,0,22,53.0,108.446
1565.8410655,3,2,3,0,18,52.0,90.239
1565.84109,5,9,6,1,46,51.0,209.084
1565.841135,1,1,2,0,1,47.0,0.0
1565.8430215,6,2,2,0,12,52.0,55.923
1565.8437235,6,1,2,0,4,48.0,10.82
1565.844077,1,1,5,0,57,52.0,109.708
1565.844081,5,2,5,0,33,51.0,107.436
1565.8440945,3,3,3,0,5,54.0,50.709
1565.8443565,6,4,12,3,101,67.0,1790.0
1565.844434,2,2,3,0,3,57.0,75.703
1565.8455105,6,1,1,0,1,45.0,0.0
1565.846592,1,1,10,1,169,54.0,82.272
1565.846752,5,2,5,0,2,52.0,4.562
1565.8467605,6,1,6,1,54,54.0,228.966
1565.846785,2,1,2,0,1,52.0,0.0
1565.8474625,6,1,2,0,1,47.0,0.0
1565.84892,5,1,1,0,1,45.0,0.0
1565.8498875,6,1,1,0,1,45.0,0.0
1565.852165,2,1,4,0,22,53.0,131.125
1565.852177,1,2,3,0,3,50.0,15.492
1565.852181,5,3,2,0,5,47.0,27.121
1565.8521875,6,1,3,0,7,47.0,19.843
1565.852706,5,10,2,0,11,51.0,33.676
1565.8540635,6,1,2,0,140,47.0,44.09
1565.8547965,6,1,1,0,1,45.0,0.0
1565.856213,5,3,7,1,33,56.0,527.167
1565.8562155,3,1,2,0,8,54.0,91.882
1565.8576595,3,1,1,0,6,45.0,11.88
1565.857877,2,1,4,0,22,52.0,90.796
1565.8605215,6,1,3,2,314,49.0,138.083
1565.860625,1,1,5,1,183,50.0,123.764
1565.8615785,6,1,3,0,12,52.0,59.33
1565.8629215,3,1,1,0,1,45.0,0.0
1565.862927,5,2,1,0,3,48.0,12.652
1565.862941,1,1,1,0,1,46.0,0.0
1565.863587,1,1,2,0,14,47.0,27.026
1565.86535,1,2,5,0,37,55.0,184.968
1565.8660185,6,1,2,0,1,49.0,0.0
1565.8676045,6,3,6,1,21,63.0,628.204
1565.8694815,6,1,2,0,1,48.0,0.0
1565.8702125,3,2,15,4,143,59.0,1158.0
1565.870215,1,16,20,6,153,60.0,1690.0
1565.8702185,6,18,20,6,156,61.0,1780.0
1565.8729075,6,1,2,0,1,47.0,0.0
1565.874085,5,2,1,0,2,45.0,5.201
1565.876945,5,1,5,0,16,52.0,78.326
1565.8769675,6,1,2,0,5,47.0,12.575
1565.8825655,6,1,4,0,17,49.0,35.459
1565.882724,1,1,1,0,1,45.0,0.0
1565.8858925,6,1,1,0,4,49.0,14.91
1565.8869085,6,1,2,0,15,46.0,18.699
1565.887329,5,3,3,0,31,51.0,91.06
1565.8876755,6,2,2,0,3,46.0,10.788
1565.8883305,6,1,2,0,1,47.0,0.0
1565.8991115,6,1,4,0,39,56.0,237.922
1565.9005155,6,1,3,0,1,50.0,0.0
1565.900523,1,1,10,1,72,51.0,193.237
1565.903184,5,2,1,0,2,50.0,6.108
1565.9031875,3,1,1,0,4,45.0,7.337
1565.9075085,6,3,15,5,136,68.0,2417.0
1565.907525,1,1,11,2,73,55.0,342.089
1565.9075275,3,1,5,1,116,53.0,211.774
1565.907556,2,1,4,0,1,55.0,0.0
1565.909557,5,1,1,0,1,45.0,0.0
1565.911386,1,1,2,0,1,45.0,0.0
1565.91279,1,1,2,0,1,47.0,0.0
1565.913841,1,1,1,0,1,45.0,0.0
1565.9141415,6,5,11,3,92,60.0,900.243
1565.914174,5,15,6,0,18,52.0,103.162
1565.9141745,3,1,1,0,5,51.0,23.96
1565.914183,2,1,2,0,1,54.0,0.0
1565.9169995,6,6,28,11,222,68.0,6957.0
1565.917015,4,2,1,0,3,51.0,23.384
1565.9170215,3,2,13,3,165,59.0,678.054
1565.92093,5,1,3,0,1,48.0,0.0
1565.921459,5,1,1,0,1,47.0,0.0
1565.9236,1,2,1,0,2,49.0,15.915
1565.9236295,6,1,1,0,1,45.0,0.0
1565.924115,5,1,1,0,1,49.0,0.0
1565.9241355,6,1,2,0,4,48.0,12.923
1565.9257395,6,4,6,1,14,63.0,790.661
1565.926216,1,1,3,0,1,46.0,0.0
1565.9273835,6,1,2,0,5,48.0,19.218
1565.92821,1,1,1,0,1,47.0,0.0
1565.930468,1,1,1,0,1,45.0,0.0
1565.9306035,6,1,1,0,1,45.0,0.0
1565.9315415,6,1,13,3,96,59.0,780.902
1565.931557,1,1,5,0,1,47.0,0.0
1565.931565,5,2,6,0,54,49.0,85.247
1565.9315745,3,1,3,0,49,49.0,84.144
1565.931589,2,2,2,0,6,55.0,76.415
1565.933619,1,1,4,0,16,53.0,85.549
1565.935311,1,1,2,0,4,47.0,11.016
1565.9353655,6,1,1,0,1,46.0,0.0
1565.935549,5,4,5,0,19,50.0,58.655
1565.9379455,6,2,1,0,4,49.0,16.838
1565.94283,5,2,6,1,144,53.0,218.146
1565.9428465,6,1,3,0,1,47.0,0.0
1565.943507,2,1,10,4,120,63.0,1484.0
1565.9435145,3,5,11,3,161,55.0,627.426
1565.9435245,6,24,18,3,135,56.0,652.423
1565.9455645,6,1,1,0,4,50.0,20.813
1565.946052,1,1,1,0,1,45.0,0.0
1565.9461075,6,1,1,0,1,45.0,0.0
1565.9479365,6,1,1,0,1,45.0,0.0
1565.9491985,6,1,2,0,13,52.0,74.926
1565.9493345,3,1,1,0,1,45.0,0.0
1565.950348,1,1,7,1,45,54.0,222.276
1565.951372,1,8,28,13,185,70.0,8960.0
1565.9513875,6,10,22,7,185,61.0,2058.0
1565.9513975,3,7,12,3,131,56.0,472.968
1565.951407,5,1,16,3,149,55.0,605.484
1565.958465,1,2,2,0,3,48.0,11.698
1565.9591335,6,1,1,0,1,45.0,0.0
1565.961409,1,1,2,0,5,52.0,33.551
1565.9614325,6,1,2,0,9,48.0,25.957
1565.9619875,6,1,6,0,22,53.0,89.968
1565.968999,5,2,1,0,3,50.0,10.544
1565.96991,1,2,5,0,35,57.0,132.486
1565.969962,5,1,1,0,1,45.0,0.0
1565.9722475,3,2,10,2,96,53.0,301.489
1565.972249,1,29,12,2,85,56.0,383.87
1565.972252,2,1,9,2,62,56.0,614.063
1565.973993,1,37,10,1,56,54.0,294.961
1565.9740095,6,1,2,0,1,47.0,0.0
1565.9786645,6,1,1,0,1,45.0,0.0
1565.980531,1,1,1,0,1,45.0,0.0
1565.9828925,6,1,2,0,4,48.0,14.722
1565.983208,5,1,2,0,1,48.0,0.0
1565.984223,5,2,1,0,2,45.0,3.464
1565.9842455,6,1,1,0,5,48.0,11.491
1565.98646,1,1,5,0,6,54.0,61.746
1565.9864745,6,2,4,0,22,54.0,110.256
1565.9870075,3,1,3,1,86,52.0,97.496
1565.9870815,6,1,8,1,54,55.0,239.76
1565.987082,5,2,6,0,42,52.0,109.72
1565.987089,2,1,2,0,7,52.0,50.391
1565.988384,1,1,1,0,1,45.0,0.0
1565.988977,1,1,1,0,4,49.0,14.496
1565.9903055,6,1,5,1,25,58.0,311.583
1565.991309,1,6,15,6,160,66.0,2375.0
1565.9913255,3,1,5,0,39,51.0,100.923
1565.991336,2,2,14,5,98,62.0,1612.0
1565.99134,5,2,8,0,2,53.0,8.052
1565.9924385,3,1,2,0,7,53.0,77.841
1565.9924695,6,1,2,0,5,50.0,25.751
1565.9930345,6,2,1,0,3,50.0,16.039
1565.993512,1,2,2,0,5,52.0,65.955
1565.995772,5,4,11,1,12,59.0,474.296
1565.995779,1,46,13,2,78,53.0,347.335
1565.9957825,3,1,1,0,1,47.0,0.0
1565.995786,2,1,1,0,1,52.0,0.0
1565.9957995,6,1,5,1,84,49.0,111.82
1566.0030235,3,1,2,0,8,52.0,43.159
1566.0063215,3,1,1,0,1,45.0,0.0
1566.0063295,6,1,4,1,112,51.0,112.206
1566.006347,5,7,5,0,14,52.0,94.605
1566.006359,1,1,2,0,1,46.0,0.0
1566.00777,5,2,1,0,4,49.0,21.644
1566.008289,5,2,5,1,20,58.0,360.433
1566.0083705,6,1,1,0,1,48.0,0.0
1566.0094625,3,1,2,0,8,52.0,51.661
1566.009465,1,2,7,1,47,55.0,303.916
1566.0094885,6,1,2,0,1,49.0,0.0
1566.009493,2,1,2,0,1,52.0,0.0
1566.009496,5,1,2,0,1,46.0,0.0
1566.011931,1,2,5,0,17,55.0,133.591
1566.0151535,6,7,8,1,53,59.0,471.091
1566.015166,1,2,8,1,42,51.0,166.092
1566.01519,5,15,2,0,17,47.0,26.479
1566.0154975,3,1,1,0,5,48.0,18.586
1566.015516,2,1,1,0,1,53.0,0.0
1566.0167245,6,1,1,0,1,45.0,0.0
1566.0174815,6,1,2,0,11,57.0,159.892
1566.0193495,6,1,3,0,9,51.0,39.653
1566.019352,5,2,2,0,3,49.0,12.506
1566.0204665,6,1,1,0,1,45.0,0.0
1566.020941,5,1,2,0,1,47.0,0.0
1566.021236,2,1,4,1,38,52.0,189.227
1566.021244,1,1,3,0,24,47.0,37.335
1566.0212765,6,1,2,0,11,51.0,35.864
1566.022147,2,34,7,2,73,55.0,493.369
1566.022148,1,2,11,2,114,52.0,315.997
1566.0221495,3,1,5,1,83,48.0,109.625
1566.0242325,6,1,3,0,13,54.0,133.895
1566.026534,5,1,1,0,1,45.0,0.0
1566.033774,5,8,13,7,86,69.0,6892.0
1566.0337925,6,1,11,1,79,53.0,283.59
1566.033796,2,2,5,0,26,55.0,195.509
1566.033827,1,11,7,0,16,54.0,102.881
1566.0345815,6,1,6,1,99,49.0,139.603
1566.03462,5,2,8,1,31,55.0,366.89
1566.0356565,6,151,30,11,333,68.0,5401.0
1566.0358,1,23,23,5,157,60.0,1479.0
1566.0358125,3,32,17,3,158,55.0,601.152
1566.035817,5,3,15,3,93,58.0,805.556
1566.03582,2,92,16,5,104,60.0,1803.0
1566.037112,1,1,1,0,1,45.0,0.0
1566.0388995,6,1,3,0,5,51.0,19.371
1566.039409,5,2,3,0,3,51.0,22.568
1566.039438,1,1,1,0,1,45.0,0.0
1566.040767,5,26,19,3,111,57.0,943.688
1566.0407695,3,9,12,2,59,57.0,506.926
1566.040772,1,38,18,3,99,55.0,729.112
1566.0407945,6,1,12,1,72,53.0,248.721
1566.0417775,6,1,1,0,1,45.0,0.0
1566.0427195,6,2,3,0,5,51.0,30.63
1566.0439455,6,2,1,0,3,50.0,20.648
1566.045312,5,3,3,0,14,48.0,61.075
1566.0469705,6,4,2,0,8,47.0,24.903
1566.047676,1,1,1,0,1,45.0,0.0
1566.0480225,6,1,2,0,4,53.0,35.306
1566.0501605,6,1,21,8,153,66.0,3922.0
1566.0501735,3,1,13,3,161,53.0,452.105
1566.050184,5,2,13,2,106,54.0,503.88
1566.0567975,6,2,5,1,34,58.0,370.352
1566.0586785,6,1,1,0,1,45.0,0.0
1566.059452,1,3,7,1,36,63.0,729.126
1566.0595145,6,1,1,0,1,45.0,0.0
1566.060327,5,2,1,0,2,45.0,4.179
1566.061504,1,1,2,0,1,51.0,0.0
1566.0615355,3,1,1,0,1,45.0,0.0
1566.063951,1,1,5,0,22,48.0,54.444
1566.065518,5,2,3,0,3,50.0,11.102
1566.066402,1,1,7,1,156,52.0,128.936
1566.0665405,3,1,3,1,130,49.0,98.582
1566.066548,5,2,4,0,32,51.0,48.234
1566.0673365,3,2,1,0,3,47.0,9.705
1566.067689,1,1,7,0,1,49.0,0.0
1566.0677165,6,2,2,0,88,50.0,74.701
1566.06783,5,1,1,0,1,51.0,0.0
1566.068883,1,1,9,1,39,57.0,290.744
1566.0689245,6,1,1,0,1,46.0,0.0
1566.072297,1,1,3,0,8,50.0,35.505
1566.072714,5,3,2,0,4,48.0,20.092
1566.0750525,6,1,1,0,1,45.0,0.0
1566.07692,1,1,7,0,33,51.0,114.98
1566.0769455,6,1,4,0,20,50.0,42.66
1566.077307,5,3,12,6,46,66.0,4940.0
1566.077333,2,1,8,2,78,56.0,409.913
1566.079328,1,1,1,0,1,45.0,0.0
1566.0805285,3,1,1,0,4,47.0,10.305
1566.080546,1,2,3,0,28,50.0,39.595
1566.080565,2,1,1,0,1,53.0,0.0
1566.08123,5,3,6,0,14,50.0,84.874
1566.08123,2,1,1,0,1,50.0,0.0
1566.0812415,6,1,2,0,4,48.0,12.855
1566.081726,1,1,1,0,1,48.0,0.0
1566.084839,1,5,8,1,45,59.0,527.753
1566.0884255,6,1,2,0,15,49.0,34.661
1566.094355,5,3,2,0,6,50.0,45.459
1566.0943885,6,1,1,0,1,45.0,0.0
1566.098932,5,2,2,0,3,47.0,11.005
1566.1003695,6,1,10,1,83,51.0,152.853
1566.100437,1,1,4,0,4,48.0,9.171
1566.1010305,6,16,18,5,200,61.0,1316.0
1566.10104,1,2,15,3,101,56.0,630.48
1566.1010435,3,12,8,1,76,56.0,280.115
1566.101615,2,1,2,0,1,52.0,0.0
1566.1025535,6,7,16,6,220,66.0,2484.0
1566.102559,5,1,4,0,4,50.0,15.772
1566.102563,1,1,8,1,81,55.0,275.979
1566.1025875,3,1,4,0,38,50.0,81.681
1566.1044825,6,1,1,0,1,45.0,0.0
1566.1055575,6,1,7,0,32,52.0,83.606
1566.105562,2,2,2,0,22,52.0,119.18
1566.105572,5,2,3,0,15,50.0,73.861
1566.1066125,6,1,2,0,4,50.0,13.827
1566.10726,1,1,8,1,57,53.0,194.126
1566.1072605,3,2,4,0,25,51.0,81.444
1566.107267,2,1,6,2,74,55.0,409.855
1566.1072805,6,1,4,0,13,50.0,27.909
1566.1116485,6,10,11,3,111,62.0,847.309
1566.111667,1,8,13,2,100,56.0,589.322
1566.111674,5,1,6,0,1,51.0,0.0
1566.1116885,3,1,4,0,29,49.0,65.017
1566.1213855,6,6,4,0,21,55.0,144.423
1566.122143,1,2,3,0,35,55.0,179.85
1566.125977,1,2,2,0,2,46.0,6.53
1566.132204,5,1,7,1,52,54.0,226.866
1566.1322165,6,10,5,1,27,58.0,290.633
1566.132286,1,1,1,0,1,45.0,0.0
1566.1370405,6,1,1,0,1,45.0,0.0
1566.1392335,6,1,2,0,33,49.0,47.494
1566.139239,2,1,1,0,1,53.0,0.0
1566.1392805,3,1,1,0,1,45.0,0.0
1566.140956,1,2,2,0,8,50.0,42.293
1566.1418565,6,3,5,1,26,63.0,529.525
1566.14188,1,1,2,0,5,48.0,13.604
1566.1418995,3,2,1,0,5,50.0,26.574
1566.144837,2,1,2,0,4,55.0,48.363
1566.1448975,6,2,6,2,32,63.0,1012.0
1566.14586,1,2,13,3,154,54.0,432.368
1566.1458635,3,1,5,1,51,51.0,124.571
1566.145877,2,1,4,3,168,52.0,415.695
1566.1458885,6,2,10,2,135,55.0,341.614
1566.145926,5,1,3,1,83,48.0,89.84
1566.146656,2,2,7,1,45,57.0,580.44
1566.1466755,3,2,1,0,2,47.0,7.499
1566.146679,1,1,5,0,1,52.0,0.0
1566.146689,5,1,3,0,8,48.0,27.937
1566.1466945,6,2,3,0,61,50.0,74.85
1566.1473675,6,1,1,0,1,46.0,0.0
1566.1498505,6,1,4,0,13,50.0,45.316
1566.151484,5,2,2,0,2,47.0,3.464
1566.1516235,6,1,3,0,22,54.0,137.115
1566.1541585,3,1,1,0,1,45.0,0.0
1566.1549795,6,1,1,0,1,45.0,0.0
1566.155215,5,2,3,0,13,52.0,84.323
1566.1575005,6,1,3,0,24,52.0,77.769
1566.1590645,6,2,5,1,65,62.0,457.837
1566.159779,5,2,3,0,8,52.0,51.481
1566.1623005,6,1,2,0,9,48.0,23.251
1566.162412,5,2,1,0,3,45.0,7.993
1566.164482,1,43,10,1,44,52.0,188.042
1566.1645165,6,1,2,0,14,47.0,24.44
1566.1651915,6,2,2,0,3,47.0,9.246
1566.165418,1,2,4,0,28,51.0,108.123
1566.165429,5,2,4,0,6,51.0,39.393
1566.1694505,3,1,2,0,13,53.0,59.775
1566.1694705,6,1,2,0,4,48.0,14.582
1566.169871,2,7,14,5,112,61.0,1988.0
1566.169876,1,2,29,6,185,60.0,1493.0
1566.1699695,3,1,3,0,41,47.0,46.478
1566.1708245,6,1,3,0,7,50.0,22.184
1566.171663,5,3,25,6,121,60.0,2075.0
1566.1716735,6,2,15,4,147,64.0,1503.0
1566.1716895,3,1,7,1,90,52.0,177.691
1566.171692,2,1,7,3,98,56.0,593.699
1566.171694,1,36,12,2,79,56.0,427.258
1566.1723375,3,1,1,0,4,50.0,19.07
1566.173182,5,1,11,1,42,60.0,462.654
1566.1731985,6,1,5,0,18,53.0,97.108
1566.1741485,6,2,3,0,15,56.0,195.831
1566.1771465,3,2,5,0,44,48.0,78.842
1566.177149,2,1,4,1,66,53.0,180.876
1566.177195,1,1,8,0,54,48.0,97.116
1566.1777878,6,1,4,0,19,50.0,33.821
1566.177793,5,2,4,1,43,51.0,143.527
1566.1783385,6,68,8,1,93,57.0,341.228
1566.178406,5,1,4,0,1,47.0,0.0
1566.178448,1,1,2,0,6,49.0,21.187
1566.1844335,6,1,3,0,7,56.0,129.248
1566.1854905,6,1,1,0,1,46.0,0.0
1566.1865595,6,1,3,1,281,49.0,77.466
1566.187622,5,1,1,0,1,45.0,0.0
1566.189096,2,1,25,11,205,67.0,5194.0
1566.189098,5,19,28,10,218,67.0,4766.0
1566.189098,4,1,3,1,49,53.0,154.036
1566.189101,1,22,31,9,200,64.0,3693.0
1566.1891065,6,49,26,8,240,62.0,2240.0
1566.1904335,6,2,11,3,107,60.0,1184.0
1566.190462,1,1,5,1,77,48.0,106.517
1566.190465,5,1,12,2,107,49.0,258.468
1566.1904695,3,1,4,0,36,49.0,81.74
1566.1915895,6,4,7,3,40,66.0,2113.0
1566.191606,5,1,3,0,27,48.0,48.103
1566.191642,1,1,1,0,1,46.0,0.0
1566.195686,5,1,1,0,1,49.0,0.0
1566.1956895,6,2,4,0,12,55.0,148.009
1566.195703,1,1,3,0,1,47.0,0.0
1566.197365,5,6,7,1,30,57.0,482.784
1566.199146,5,1,1,0,1,45.0,0.0
1566.200157,1,1,2,0,1,45.0,0.0
1566.20412,1,1,3,0,1,45.0,0.0
1566.2079425,6,4,12,2,106,57.0,590.681
1566.207947,1,1,11,1,59,53.0,213.256
1566.207951,2,1,7,0,4,55.0,53.035
1566.2079645,3,1,7,0,56,50.0,98.317
1566.2084848,5,12,40,16,248,68.0,10465.0
1566.208488,2,5,30,15,212,67.0,8701.0
1566.208489,4,1,5,0,21,52.0,54.555
1566.2085058,1,32,32,12,249,66.0,5168.0
1566.2085215,3,56,19,6,255,58.0,1249.0
1566.211293,5,7,11,4,87,64.0,1848.0
1566.211312,2,1,4,0,1,52.0,0.0
1566.2113125,6,1,5,0,1,50.0,0.0
1566.218271,1,2,2,0,3,51.0,22.12
1566.219108,5,1,5,0,1,50.0,0.0
1566.2191475,6,1,2,0,68,53.0,85.542
1566.221109,5,2,13,3,94,62.0,752.306
1566.2211105,3,1,7,2,102,61.0,824.381
1566.221114,1,2,13,2,105,53.0,368.984
1566.221123,2,13,8,2,64,55.0,723.812
1566.2221515,6,1,1,0,1,45.0,0.0
1566.222522,1,1,7,1,59,48.0,110.904
1566.2225275,3,1,3,0,12,50.0,48.668
1566.223787,2,1,4,0,4,58.0,145.825
1566.223796,1,1,7,0,35,53.0,145.055
1566.2237985,6,1,4,0,19,49.0,23.459
1566.2238085,3,1,4,0,49,49.0,105.417
1566.2248355,3,7,4,1,17,59.0,390.918
1566.224841,1,1,11,1,89,51.0,215.971
1566.224843,2,1,4,1,30,55.0,199.805
1566.228521,1,2,1,0,2,47.0,3.903
1566.229506,1,1,1,0,1,46.0,0.0
1566.2295135,6,1,1,0,4,49.0,12.65
1566.230619,2,1,4,1,55,54.0,264.837
1566.2306195,3,4,5,1,60,48.0,107.667
1566.230628,5,4,11,1,44,60.0,541.288
1566.230638,1,5,3,0,6,54.0,68.857
1566.2306865,6,1,2,0,5,47.0,9.83
1566.2315675,6,1,1,0,1,45.0,0.0
1566.2320875,6,1,1,0,1,48.0,0.0
1566.2351965,6,1,2,0,9,52.0,38.501
1566.2378445,6,1,2,0,5,49.0,18.57
1566.2396455,6,2,4,0,11,50.0,35.652
1566.240647,1,2,4,0,35,55.0,164.27
1566.2423335,6,7,12,5,131,69.0,2546.0
1566.242361,1,1,9,1,62,51.0,153.309
1566.242361,5,1,8,0,18,52.0,37.735
1566.2423725,3,1,2,0,1,47.0,0.0
1566.242387,2,1,1,0,1,50.0,0.0
1566.2436395,6,5,5,2,53,64.0,837.79
1566.243679,1,1,2,0,1,46.0,0.0
1566.244629,5,1,1,0,1,45.0,0.0
1566.2454295,6,2,1,0,2,45.0,3.324
1566.2520225,6,1,2,0,26,48.0,32.15
1566.2532415,6,2,1,0,2,45.0,3.933
1566.254324,5,13,17,5,86,66.0,3113.0
1566.2543755,6,2,4,0,2,49.0,6.726
1566.254425,1,2,1,0,2,45.0,4.793
1566.2551695,3,2,4,0,16,56.0,149.121
1566.255173,1,1,3,0,1,49.0,0.0
1566.2552005,6,1,1,0,1,48.0,0.0
1566.256853,5,2,17,7,91,69.0,5337.0
1566.256918,1,2,3,0,35,51.0,95.708
1566.25869,1,2,4,0,8,51.0,50.286
1566.2608055,6,1,4,0,32,50.0,92.721
1566.264402,5,1,1,0,1,45.0,0.0
1566.264812,1,2,9,1,50,53.0,174.147
1566.2648125,3,1,6,2,79,53.0,308.52
1566.264819,2,56,6,2,70,54.0,414.013
1566.266032,1,1,3,0,13,50.0,60.899
1566.266314,5,1,1,0,1,47.0,0.0
1566.2681115,6,13,2,0,17,55.0,131.346
1566.269703,1,1,1,0,1,45.0,0.0
1566.2698855,6,9,8,1,22,58.0,446.79
1566.270292,5,1,4,1,47,55.0,191.939
1566.2705725,6,1,10,3,291,58.0,555.723
1566.270763,1,1,10,1,61,55.0,326.3
1566.2707835,3,1,2,0,1,47.0,0.0
1566.270812,2,1,1,0,1,50.0,0.0
1566.2728765,6,1,4,0,18,51.0,68.106
1566.272913,1,1,1,0,1,45.0,0.0
1566.272919,5,1,2,0,1,47.0,0.0
1566.2739905,6,9,2,0,15,50.0,59.612
1566.275298,1,2,9,3,96,61.0,780.974
1566.2753325,6,1,6,1,45,54.0,213.549
1566.275338,2,1,2,0,1,52.0,0.0
1566.276328,5,2,9,1,59,51.0,223.892
1566.2763345,3,1,2,0,29,46.0,36.999
1566.276339,1,19,8,1,45,52.0,191.459
1566.2796245,6,1,6,0,27,56.0,194.158
1566.279694,1,1,1,0,1,45.0,0.0
1566.283812,1,1,1,0,1,46.0,0.0
1566.284492,1,8,10,1,34,56.0,406.759
1566.2846645,6,1,1,0,1,45.0,0.0
1566.287437,1,1,1,0,1,45.0,0.0
1566.2879765,6,4,4,0,22,57.0,212.22
1566.288242,5,10,3,0,11,53.0,81.928
1566.2890095,3,1,1,0,1,45.0,0.0
1566.289012,1,1,4,0,54,47.0,50.193
1566.2905055,6,1,1,0,1,45.0,0.0
1566.29134,1,10,14,3,65,63.0,1558.0
1566.2947895,6,1,4,0,24,54.0,92.33
1566.294849,1,1,1,0,1,47.0,0.0
1566.2967455,6,1,2,0,8,49.0,28.017
1566.297589,5,2,3,0,17,55.0,141.146
1566.2991825,6,2,5,1,23,65.0,1248.0
1566.299492,1,2,2,0,3,50.0,19.145
1566.3030525,6,1,2,1,189,47.0,62.591
1566.3032105,3,1,2,0,7,50.0,31.779
1566.303232,1,2,2,0,20,50.0,39.59
1566.3068,4,1,2,0,1,46.0,0.0
1566.30681,2,28,8,2,84,54.0,589.441
1566.306811,1,2,12,2,77,55.0,503.958
1566.3068165,3,2,9,2,106,51.0,276.593
1566.3068265,6,17,8,2,83,55.0,350.405
1566.306828,5,7,9,1,51,53.0,209.283
1566.307441,5,2,1,0,3,51.0,18.192
1566.310526,5,3,3,0,4,52.0,24.196
1566.3125925,6,1,3,0,10,52.0,47.748
1566.313991,5,1,1,0,1,48.0,0.0
1566.314047,1,1,5,0,40,56.0,125.895
1566.3148135,3,1,1,0,1,45.0,0.0
1566.314826,5,2,2,0,3,48.0,18.755
1566.3158415,6,2,4,0,17,59.0,238.353
1566.31587,1,1,2,0,1,48.0,0.0
1566.3196615,6,2,2,0,2,49.0,9.877
1566.3205545,3,1,4,0,43,49.0,75.246
1566.320555,2,3,9,2,52,61.0,889.442
1566.320568,5,4,9,1,61,56.0,253.023
1566.3229,1,1,6,1,48,50.0,124.34
1566.322904,5,2,5,1,45,58.0,290.092
1566.3229165,3,1,2,0,1,47.0,0.0
1566.3229615,6,1,3,0,1,46.0,0.0
1566.323489,5,1,1,0,1,45.0,0.0
1566.3241695,6,1,5,2,353,50.0,170.247
1566.3251215,6,1,1,0,1,45.0,0.0
1566.3281415,6,1,1,0,1,46.0,0.0
1566.3299095,6,1,2,0,1,47.0,0.0
1566.332847,1,2,4,0,8,55.0,93.005
1566.334808,5,2,1,0,3,46.0,12.008
1566.3363625,6,1,2,0,10,49.0,39.922
1566.336901,1,1,8,0,27,56.0,161.96
1566.33971,5,14,18,5,135,62.0,1892.0
1566.3397155,6,14,15,5,115,66.0,2370.0
1566.3397205,3,1,11,2,70,56.0,400.084
1566.339724,2,39,12,3,84,60.0,1047.0
1566.339733,1,9,13,3,131,56.0,774.422
1566.3417775,6,1,1,0,1,45.0,0.0
1566.3421325,3,9,6,1,43,53.0,163.235
1566.342146,1,1,7,0,33,52.0,105.141
1566.342159,2,2,4,0,14,55.0,154.809
1566.342752,5,1,2,0,1,51.0,0.0
1566.3443535,6,2,5,0,16,55.0,162.759
1566.3463565,6,2,2,0,16,52.0,95.228
1566.346672,5,2,1,0,2,48.0,3.579
1566.3482215,6,1,1,0,1,45.0,0.0
1566.348608,5,2,2,0,3,52.0,16.483
1566.351182,1,2,9,2,273,57.0,357.548
1566.3514105,6,1,1,0,1,46.0,0.0
1566.3523355,3,1,7,1,51,57.0,531.574
1566.352348,1,2,10,2,88,53.0,330.021
1566.352351,5,2,5,0,6,52.0,66.722
1566.352355,2,2,4,0,15,58.0,267.213
1566.353901,5,1,1,0,1,47.0,0.0
1566.3539205,6,1,1,0,1,46.0,0.0
1566.3566185,3,6,11,4,82,67.0,2530.0
1566.356632,1,22,19,4,109,60.0,1138.0
1566.356635,2,20,12,4,60,63.0,1882.0
1566.356636,5,3,12,2,84,54.0,390.864
1566.3566475,6,7,15,3,112,57.0,677.144
1566.3615895,6,1,3,0,64,50.0,93.14
1566.361828,1,73,4,0,81,56.0,143.385
1566.3639895,6,166,11,3,236,54.0,473.502
1566.364125,5,3,14,2,88,63.0,1168.0
1566.3641475,3,1,2,1,98,48.0,72.406
1566.364157,2,1,4,0,1,54.0,0.0
1566.364172,1,2,3,0,3,52.0,21.224
1566.3658945,3,5,12,3,148,57.0,607.568
1566.3659135,6,1,17,4,133,57.0,929.94
1566.366605,1,1,1,0,1,46.0,0.0
1566.367988,5,1,1,0,1,46.0,0.0
1566.368202,1,1,4,0,1,48.0,0.0
1566.3683035,6,1,3,0,9,50.0,33.443
1566.3689865,6,141,7,1,145,55.0,173.604
1566.369094,5,1,4,1,55,53.0,188.742
1566.3691085,3,1,1,0,1,46.0,0.0
1566.369125,1,2,3,0,3,49.0,12.852
1566.371476,1,2,2,0,7,47.0,27.249
1566.3734035,6,2,2,0,4,51.0,22.517
1566.37439,1,4,10,2,45,62.0,865.562
1566.378542,1,1,3,0,6,51.0,29.793
1566.3792175,6,1,2,0,11,47.0,12.624
1566.387487,1,1,1,0,1,45.0,0.0
1566.389065,2,2,2,0,3,51.0,29.035
1566.3890725,3,1,1,0,1,45.0,0.0
1566.391023,5,3,13,4,113,67.0,2729.0
1566.3910395,6,16,16,5,141,62.0,1649.0
1566.391043,2,1,8,3,97,55.0,617.734
1566.391052,1,1,12,2,124,51.0,319.348
1566.3910565,3,2,6,1,55,57.0,287.416
1566.3926675,6,2,2,0,2,49.0,10.021
1566.39295,1,2,2,0,8,54.0,89.742
1566.398626,5,1,2,0,1,46.0,0.0
1566.4001675,6,1,1,0,4,47.0,9.686
1566.403055,1,1,1,0,1,45.0,0.0
1566.4063125,3,2,1,0,3,47.0,25.134
1566.4069415,6,1,6,0,29,53.0,135.923
1566.406946,1,1,3,0,1,49.0,0.0
1566.4069945,3,1,1,0,1,45.0,0.0
1566.409796,5,3,10,1,24,55.0,267.943
1566.4098,1,2,5,0,36,52.0,73.296
1566.4098005,3,1,1,0,1,45.0,0.0
1566.4098285,6,1,4,0,11,49.0,18.337
1566.4119765,6,1,1,0,1,45.0,0.0
1566.4136045,6,2,12,2,61,62.0,1155.0
1566.413627,1,2,11,1,77,55.0,293.851
1566.413634,5,50,11,1,81,52.0,236.766
1566.4136385,3,1,7,1,42,52.0,172.527
1566.413646,2,1,6,0,1,55.0,0.0
1566.415722,1,2,2,0,9,50.0,68.177
1566.4157515,6,1,1,0,1,45.0,0.0
1566.416571,1,2,6,1,45,54.0,217.23
1566.4165855,3,1,1,0,1,45.0,0.0
1566.416593,5,2,5,0,2,47.0,6.726
1566.4165935,6,1,4,0,8,47.0,18.897
1566.417121,5,2,5,0,18,51.0,91.178
1566.419143,5,1,1,0,1,45.0,0.0
1566.420239,1,2,2,0,3,50.0,18.918
1566.4202775,6,1,2,0,8,48.0,26.925
1566.42242,1,1,1,0,1,50.0,0.0
1566.4229335,6,1,2,0,4,50.0,20.473
1566.4244565,6,4,3,1,22,57.0,304.416
1566.428738,1,1,8,2,162,50.0,235.017
1566.4287395,3,1,1,0,1,45.0,0.0
1566.4287875,6,26,9,3,83,62.0,1020.0
1566.428831,5,1,1,0,1,45.0,0.0
1566.4313365,3,1,4,0,24,50.0,72.261
1566.431343,2,12,12,3,98,60.0,990.527
1566.431346,1,11,10,1,49,56.0,319.831
1566.4347955,6,1,1,0,1,47.0,0.0
1566.435558,1,1,4,0,18,52.0,83.325
1566.4355645,6,1,5,1,49,53.0,152.124
1566.435567,5,1,4,0,1,49.0,0.0
1566.436839,5,2,5,0,17,51.0,86.374
1566.439278,5,1,10,1,58,52.0,315.372
1566.4392825,3,1,2,0,1,48.0,0.0
1566.439287,1,1,9,1,47,53.0,184.877
1566.4402125,3,1,5,1,32,58.0,379.31
1566.440228,5,2,4,1,153,51.0,147.384
1566.440257,1,1,2,0,1,48.0,0.0
1566.4402625,6,1,2,0,1,48.0,0.0
1566.440265,2,1,1,0,1,50.0,0.0
1566.4429885,6,1,2,0,1,46.0,0.0
1566.4487665,6,1,3,0,1,47.0,0.0
1566.4493385,6,2,3,0,13,48.0,38.906
1566.449714,1,2,1,0,3,51.0,25.215
1566.453671,1,48,12,2,112,54.0,414.548
1566.453679,2,1,10,3,82,58.0,1014.0
1566.4561085,3,1,1,0,1,45.0,0.0
1566.458952,1,2,3,0,6,54.0,60.581
1566.459634,1,5,9,1,47,55.0,327.928
1566.4596495,3,4,1,0,5,51.0,33.015
1566.4596755,6,1,2,0,5,50.0,25.451
1566.4624405,6,1,1,0,1,45.0,0.0
1566.4633845,6,19,22,8,161,67.0,3964.0
1566.463399,5,1,23,8,264,61.0,2668.0
1566.463403,2,54,16,5,111,60.0,1435.0
1566.463404,1,1,21,4,159,57.0,958.938
1566.4634045,3,12,10,2,92,54.0,416.854
1566.4662745,3,1,2,0,5,47.0,10.445
1566.4662925,6,1,1,0,1,51.0,0.0
1566.4695655,6,1,1,0,1,46.0,0.0
1566.4708065,6,1,1,0,5,46.0,10.2
1566.471466,1,2,2,0,4,46.0,13.255
1566.4728735,6,1,1,0,4,49.0,14.951
1566.473491,1,1,1,0,1,49.0,0.0
1566.476067,5,1,1,0,1,49.0,0.0
1566.4785305,6,1,1,0,1,45.0,0.0
1566.4792495,3,1,3,0,4,52.0,30.604
1566.479256,5,1,3,0,1,49.0,0.0
1566.479283,1,1,2,0,1,49.0,0.0
1566.4794255,6,1,4,0,15,50.0,56.123
1566.4825125,6,1,8,1,39,58.0,324.928
1566.4825465,3,1,4,0,22,48.0,46.486
1566.482615,1,1,1,0,1,46.0,0.0
1566.488163,1,1,1,0,1,45.0,0.0
1566.491442,5,2,1,0,6,48.0,21.08
1566.4914645,6,1,3,0,25,51.0,68.043
1566.4935245,6,1,1,0,34,51.0,115.176
1566.494392,1,1,1,0,1,45.0,0.0
1566.4951875,6,1,2,0,1,49.0,0.0
1566.497711,1,2,1,0,3,50.0,14.516
1566.4990245,6,3,3,0,24,48.0,72.197
1566.502693,2,5,6,2,59,56.0,550.38
1566.5026995,3,1,1,0,4,49.0,16.239
1566.50272,1,1,2,0,32,46.0,39.827
1566.502723,5,1,1,0,39,48.0,41.166
1566.5031665,6,1,2,0,1,47.0,0.0
1566.504688,1,2,4,0,23,56.0,181.557
1566.5047215,6,1,1,0,1,48.0,0.0
1566.505798,2,22,13,9,169,64.0,3395.0
1566.5058005,3,9,17,5,237,60.0,1055.0
1566.5058025,6,52,26,7,171,64.0,2702.0
1566.505806,5,71,26,7,166,60.0,2154.0
1566.505848,4,1,3,0,14,49.0,34.809
1566.5101555,6,2,1,0,3,49.0,15.466
1566.5130725,6,1,2,0,8,50.0,34.754
1566.514544,1,2,3,1,143,52.0,111.659
1566.5166055,3,1,1,0,1,45.0,0.0
1566.516607,5,1,7,0,38,49.0,81.344
1566.51662,1,1,3,0,7,47.0,11.134
1566.5166335,6,1,2,0,17,48.0,33.9
1566.5181725,6,2,1,0,3,50.0,20.988
1566.5221605,3,1,1,0,1,45.0,0.0
1566.5240605,6,1,1,0,1,45.0,0.0
1566.525723,4,1,2,0,1,50.0,0.0
1566.5257245,3,14,17,5,182,57.0,972.772
1566.525732,1,1,23,4,155,56.0,804.579
1566.52574,2,8,20,7,142,62.0,2452.0
1566.5268015,6,1,1,0,1,45.0,0.0
1566.527,4,2,14,4,154,60.0,1010.0
1566.5270005,3,51,37,26,336,67.0,16223.0
1566.527005,5,63,51,25,311,71.0,19865.0
1566.52702,2,17,44,32,255,72.0,33308.0
1566.5273245,6,1,5,0,68,47.0,83.1
1566.5321845,6,1,1,0,1,45.0,0.0
1566.5339755,3,2,8,1,83,53.0,286.115
1566.533978,1,2,13,2,118,54.0,433.31
1566.534965,1,1,1,0,1,47.0,0.0
1566.535069,5,2,2,0,3,49.0,12.546
1566.5350775,6,1,4,0,17,49.0,51.604
1566.537257,1,1,5,0,23,57.0,131.332
1566.5395665,3,1,1,0,9,47.0,14.393
1566.542107,1,2,1,0,2,46.0,5.628
1566.54229,5,1,1,0,1,45.0,0.0
1566.5428765,6,55,20,8,143,72.0,7435.0
1566.5428955,3,1,12,3,177,50.0,359.301
1566.542943,5,49,19,4,137,55.0,1033.0
1566.542952,1,1,14,3,124,56.0,510.168
1566.543004,2,1,3,1,33,54.0,185.265
1566.5441405,3,1,5,1,74,50.0,158.169
1566.544146,5,3,9,1,49,53.0,184.767
1566.544154,2,1,2,0,1,57.0,0.0
1566.544166,1,1,4,0,23,50.0,60.892
1566.5450335,6,1,1,0,1,45.0,0.0
1566.5490795,6,1,2,0,5,50.0,19.973
1566.5503985,6,9,3,0,16,60.0,448.978
1566.5517105,6,1,2,0,7,53.0,45.676
1566.5521025,3,1,1,0,1,45.0,0.0
1566.5528895,3,4,4,1,92,51.0,161.822
1566.552893,1,32,8,1,68,52.0,173.403
1566.5528955,6,1,8,1,60,52.0,220.588
1566.5529,2,1,3,0,1,53.0,0.0
1566.552904,5,2,8,1,60,53.0,358.525
1566.5542265,6,3,3,0,12,60.0,246.803
1566.5589445,6,1,1,0,1,46.0,0.0
1566.5590455,3,1,1,0,1,45.0,0.0
1566.5600325,6,1,1,0,4,49.0,15.957
1566.5606365,6,1,2,0,5,48.0,11.37
1566.5628215,6,1,2,0,1,46.0,0.0
1566.5660785,6,5,4,1,47,55.0,215.924
1566.5711385,6,1,2,0,5,51.0,28.075
1566.5713415,3,1,2,0,10,51.0,45.591
1566.571343,5,1,9,1,41,59.0,569.104
1566.571392,1,4,4,0,19,50.0,119.422
1566.573135,1,2,8,1,37,57.0,266.792
1566.5731425,3,3,3,0,12,60.0,411.752
1566.5731715,6,2,3,0,26,50.0,58.306
1566.573779,1,1,2,0,1,51.0,0.0
1566.575479,1,1,3,0,4,52.0,24.692
1566.577828,1,1,2,0,6,53.0,37.295
1566.5778605,3,1,1,0,1,45.0,0.0
1566.579914,1,2,1,0,3,47.0,10.343
1566.582759,5,4,2,0,5,49.0,37.972
1566.58411,1,2,2,0,6,58.0,149.911
1566.5855215,6,2,3,0,32,54.0,113.383
1566.5877895,6,1,2,0,7,48.0,20.201
1566.591705,1,1,7,0,33,54.0,143.863
1566.593646,1,1,4,0,1,51.0,0.0
1566.59407,2,1,3,0,6,56.0,89.346
1566.594075,5,3,6,1,33,56.0,370.715
1566.5940765,3,1,2,0,1,47.0,0.0
1566.5940785,6,1,8,0,42,50.0,97.31
1566.595654,1,2,3,0,3,53.0,32.313
1566.5973065,6,1,4,1,175,50.0,83.548
1566.597459,5,1,2,0,1,49.0,0.0
1566.600831,1,1,4,0,6,56.0,98.687
1566.6024515,6,1,1,0,1,45.0,0.0
1566.6040195,6,1,1,0,1,45.0,0.0
1566.604101,5,2,2,0,5,47.0,16.092
1566.6044035,3,1,1,0,1,45.0,0.0
1566.604879,5,1,6,0,40,51.0,94.058
1566.6049115,3,2,4,0,8,50.0,49.534
1566.604914,1,1,5,0,63,49.0,83.58
1566.604941,2,1,1,0,1,50.0,0.0
1566.6056775,6,1,3,0,4,51.0,21.988
1566.605689,1,1,6,0,26,48.0,89.079
1566.6057215,3,1,1,0,1,45.0,0.0
1566.607646,5,3,6,1,60,57.0,235.863
1566.6076505,3,1,3,0,13,48.0,24.648
1566.607651,1,1,5,0,32,52.0,124.152
1566.6076885,6,1,2,0,1,50.0,0.0
1566.608216,1,2,2,0,2,45.0,3.324
1566.609037,1,1,1,0,1,45.0,0.0
1566.610136,1,1,6,0,31,51.0,105.027
1566.610165,2,1,1,0,1,50.0,0.0
1566.6122055,6,2,2,0,2,46.0,3.213
1566.616849,5,2,1,0,3,48.0,11.612
1566.6184405,6,1,6,0,38,53.0,124.508
1566.6184875,3,1,1,0,1,45.0,0.0
1566.6220665,6,1,5,1,88,54.0,138.389
1566.6259625,6,1,13,3,179,56.0,624.384
1566.626024,5,26,10,2,106,54.0,336.105
1566.6260275,3,2,6,0,58,48.0,105.682
1566.626034,2,1,10,1,24,57.0,279.017
1566.629165,1,2,3,0,32,57.0,174.728
1566.62979,5,1,5,0,34,52.0,142.706
1566.6298415,6,1,1,0,1,46.0,0.0
1566.630193,1,1,1,0,1,45.0,0.0
1566.630973,1,2,4,0,3,51.0,27.831
1566.630979,5,14,4,0,15,48.0,35.316
1566.6321525,6,2,5,1,72,58.0,257.681
1566.632229,5,1,2,0,30,50.0,57.071
1566.635166,5,35,2,0,36,49.0,55.997
1566.6352345,6,1,2,0,89,48.0,47.477
1566.6397605,6,1,2,0,4,55.0,44.332
1566.6406935,6,1,1,0,1,45.0,0.0
1566.641569,1,1,3,0,12,51.0,54.282
1566.6415795,6,1,4,0,13,50.0,46.111
1566.6415925,3,1,1,0,5,50.0,22.917
1566.642475,1,30,9,1,38,53.0,204.608
1566.6424795,6,1,10,1,71,50.0,180.962
1566.6424945,3,1,2,0,1,49.0,0.0
1566.642531,5,30,3,0,31,51.0,74.79
1566.6448835,6,1,3,1,108,52.0,111.892
1566.645369,5,7,5,0,12,50.0,80.706
1566.6510845,6,7,28,19,261,74.0,19804.0
1566.6511,1,60,22,5,145,60.0,1638.0
1566.6511,2,41,19,7,145,59.0,2055.0
1566.6511,5,6,23,5,116,60.0,1457.0
1566.6590235,3,3,2,0,5,55.0,62.332
1566.659028,1,1,6,1,71,49.0,118.718
1566.659171,2,1,1,0,1,50.0,0.0
1566.6597665,6,4,6,1,39,59.0,432.708
1566.659832,5,1,3,0,1,48.0,0.0
1566.661924,5,1,16,6,375,56.0,778.344
1566.6619295,3,1,4,0,28,48.0,35.795
1566.6619405,6,1,23,6,339,57.0,1005.0
1566.661945,1,38,26,6,324,56.0,1019.0
1566.6628745,6,1,3,0,21,47.0,34.17
1566.6641815,6,2,4,0,15,56.0,326.835
1566.6659525,6,1,1,0,1,46.0,0.0
1566.6670935,6,2,3,0,24,55.0,202.512
1566.668789,5,4,16,3,92,62.0,1217.0
1566.668805,2,30,11,2,89,58.0,695.026
1566.6688065,3,1,11,2,110,56.0,486.735
1566.668808,1,62,19,3,152,54.0,620.781
1566.6714245,6,1,2,0,12,51.0,33.842
1566.673404,1,1,1,0,1,50.0,0.0
1566.6756285,6,2,3,0,18,51.0,56.041
1566.675861,1,2,2,0,33,53.0,65.148
1566.676281,5,1,1,0,1,45.0,0.0
1566.682477,1,3,8,1,43,60.0,650.219
1566.6843355,3,1,2,0,1,50.0,0.0
1566.68506,1,1,1,0,1,46.0,0.0
1566.685588,1,3,4,0,32,50.0,94.539
1566.685601,5,1,4,0,78,50.0,81.014
1566.6863515,3,1,1,0,4,48.0,12.139
1566.6863515,6,1,6,0,14,52.0,82.954
1566.686353,2,1,7,2,60,56.0,407.844
1566.686367,5,2,1,0,3,46.0,10.158
1566.6899205,6,1,1,0,1,45.0,0.0
1566.691356,5,36,5,0,42,49.0,104.247
1566.6913685,6,2,2,0,3,53.0,30.746
1566.691377,1,1,3,0,1,47.0,0.0
1566.6934875,3,1,3,0,1,46.0,0.0
1566.693501,1,1,6,1,49,55.0,163.879
1566.693509,5,2,9,0,20,51.0,58.447
1566.6935165,6,1,5,0,41,50.0,127.091
1566.6956175,3,1,1,0,1,45.0,0.0
1566.6962655,6,1,1,0,1,45.0,0.0
1566.701237,5,2,2,0,5,49.0,12.726
1566.701385,1,1,5,0,28,56.0,190.105
1566.701815,5,1,3,0,1,50.0,0.0
1566.7018345,6,1,1,0,1,45.0,0.0
1566.7035215,3,1,1,0,1,45.0,0.0
1566.7056105,3,2,1,0,2,45.0,4.529
1566.705623,1,39,6,1,40,52.0,182.462
1566.7056455,6,1,3,0,1,48.0,0.0
1566.7093045,3,1,2,0,36,46.0,34.463
1566.709305,2,1,3,0,31,53.0,129.2
1566.709323,1,17,5,0,25,52.0,95.77
1566.7101085,6,1,3,0,25,51.0,40.008
1566.7130345,6,2,9,2,115,63.0,885.007
1566.7130725,3,1,2,0,58,46.0,52.993
1566.713079,1,1,3,0,4,50.0,19.064
1566.713937,5,2,1,0,3,48.0,12.6
1566.7164785,6,143,3,1,144,51.0,90.766
1566.717433,5,1,2,0,1,49.0,0.0
1566.71892,1,1,1,0,1,45.0,0.0
1566.721009,5,2,2,0,4,47.0,14.294
1566.7211245,3,1,1,0,1,45.0,0.0
1566.722627,1,1,1,0,1,46.0,0.0
1566.7257995,3,1,1,0,4,49.0,17.269
1566.72638,1,1,1,0,1,49.0,0.0
1566.7267245,6,1,4,0,11,54.0,90.085
1566.72707,1,3,2,0,7,51.0,51.636
1566.7297975,3,1,1,0,1,46.0,0.0
1566.7309265,6,1,1,0,1,47.0,0.0
1566.731365,1,1,2,0,1,49.0,0.0
1566.73138,5,1,6,0,42,50.0,107.83
1566.7313855,3,1,1,0,4,47.0,9.506
1566.732247,1,1,1,0,1,46.0,0.0
1566.7326155,6,1,2,0,1,49.0,0.0
1566.732846,1,1,1,0,1,46.0,0.0
1566.7346795,6,1,1,0,1,46.0,0.0
1566.7358105,6,1,1,0,1,48.0,0.0
1566.737515,5,1,1,0,1,45.0,0.0
1566.737895,4,1,1,0,1,45.0,0.0
1566.738048,5,1,2,0,14,48.0,26.354
1566.74274,5,1,2,0,7,50.0,35.08
1566.7427735,3,1,1,0,1,45.0,0.0
1566.744588,1,2,4,0,32,56.0,269.723
1566.7466125,6,1,2,0,4,50.0,22.408
1566.7474365,6,1,2,1,88,52.0,95.779
1566.753601,1,3,14,5,129,68.0,3071.0
1566.753664,5,2,1,0,2,46.0,3.352
1566.7549805,6,1,19,5,223,64.0,1309.0
1566.755007,1,143,9,1,159,55.0,232.449
1566.7550145,3,1,6,1,165,51.0,131.503
1566.755152,5,19,9,2,150,50.0,254.144
1566.7582635,6,3,11,5,97,70.0,4830.0
1566.758315,1,12,5,0,13,55.0,100.569
1566.759333,5,3,3,0,8,54.0,151.221
1566.760388,1,2,1,0,3,49.0,12.587
1566.761499,1,1,2,0,1,47.0,0.0
1566.762418,1,3,4,0,4,50.0,40.834
1566.766258,1,1,7,1,35,56.0,229.739
1566.7662925,6,1,4,0,65,49.0,87.977
1566.7677475,6,1,1,0,1,45.0,0.0
1566.768757,5,1,1,0,1,48.0,0.0
1566.7687715,3,1,1,0,1,45.0,0.0
1566.771678,5,2,7,0,35,54.0,200.488
1566.7717135,6,1,1,0,1,45.0,0.0
1566.773592,1,1,3,0,9,49.0,32.073
1566.7744915,6,1,2,1,143,49.0,105.978
1566.7745215,3,1,1,0,1,45.0,0.0
1566.7770605,6,1,1,0,1,45.0,0.0
1566.777885,1,46,16,4,297,55.0,474.667
1566.777954,2,2,2,0,3,53.0,45.128
1566.7779965,6,1,4,1,202,49.0,81.898
1566.7781635,3,1,2,0,11,56.0,172.731
1566.7812285,3,1,1,0,1,46.0,0.0
1566.7812635,6,1,3,0,1,50.0,0.0
1566.781269,5,1,1,0,1,45.0,0.0
1566.7819655,3,1,3,0,7,53.0,61.775
1566.78197,1,1,4,0,1,48.0,0.0
1566.781994,2,1,1,0,1,52.0,0.0
1566.7820145,6,1,2,0,1,46.0,0.0
1566.7832925,6,2,2,0,3,50.0,16.532
1566.784959,1,5,10,2,67,62.0,931.065
1566.789795,1,1,1,0,1,49.0,0.0
1566.790264,2,9,2,1,54,56.0,379.517
1566.7902735,3,1,1,0,1,47.0,0.0
1566.7902775,6,2,2,0,6,48.0,20.596
1566.792748,1,7,4,0,46,50.0,76.148
1566.7927565,6,1,3,0,15,50.0,47.492
1566.7944015,6,2,15,5,534,57.0,631.244
1566.7947225,3,1,2,1,194,49.0,71.621
1566.794916,5,2,2,0,3,53.0,27.961
1566.794921,1,1,4,0,1,50.0,0.0
1566.7979935,6,2,1,0,5,51.0,34.167
1566.7997405,6,1,1,0,1,45.0,0.0
1566.805818,1,1,1,0,1,47.0,0.0
1566.8080175,6,1,7,1,28,58.0,329.514
1566.808047,1,1,2,0,38,48.0,40.583
1566.809841,1,2,4,0,35,57.0,185.242
1566.8100225,6,1,2,0,8,48.0,27.423
1566.811161,2,2,8,3,59,60.0,1170.0
1566.8111635,3,1,4,1,66,53.0,146.603
1566.8111745,6,1,7,1,68,53.0,206.438
1566.811187,5,4,5,0,19,51.0,99.468
1566.811188,1,1,6,0,21,51.0,77.994
1566.81564,1,1,1,0,1,46.0,0.0
1566.818425,1,1,1,0,1,52.0,0.0
1566.819859,1,2,7,1,48,57.0,575.792
1566.820901,1,1,7,0,1,53.0,0.0
1566.820904,5,2,6,0,37,53.0,132.854
1566.8209065,3,1,3,0,12,50.0,54.834
1566.8209125,6,2,8,1,58,53.0,225.579
1566.820913,2,1,3,0,1,54.0,0.0
1566.8216295,6,1,2,0,5,50.0,19.76
1566.822211,1,1,6,0,45,49.0,107.091
1566.8222195,6,2,4,0,35,55.0,157.223
1566.822817,5,16,11,3,86,58.0,861.47
1566.822829,1,7,16,3,137,54.0,599.274
1566.822837,2,1,5,0,21,56.0,171.331
1566.823408,5,2,5,1,36,58.0,401.327
1566.8234105,3,5,3,0,7,53.0,74.561
1566.8250385,6,4,8,1,31,62.0,763.508
1566.825048,1,1,6,0,23,54.0,115.445
1566.8250695,3,1,1,0,5,50.0,23.038
1566.825085,5,1,2,0,1,50.0,0.0
1566.8272885,6,1,2,0,1,47.0,0.0
1566.8285025,3,9,11,5,137,66.0,2244.0
1566.828505,1,2,25,6,200,58.0,1701.0
1566.8285185,6,12,22,6,200,63.0,1580.0
1566.830494,4,1,1,0,1,45.0,0.0
1566.8305,1,21,12,2,122,53.0,293.232
1566.830508,2,1,6,2,61,57.0,484.931
1566.8305135,3,1,5,0,49,51.0,103.012
1566.8305145,6,18,11,2,71,56.0,443.046
1566.832693,1,1,1,0,1,45.0,0.0
1566.836555,1,2,4,0,11,59.0,355.894
1566.8365955,6,1,3,0,45,52.0,74.135
1566.8409925,6,2,1,0,3,49.0,17.808
1566.841562,1,2,1,0,2,45.0,3.695
1566.8417765,3,1,3,0,5,51.0,31.26
1566.841781,2,1,4,0,22,55.0,123.255
1566.841789,5,7,8,1,36,58.0,505.553
1566.8418175,6,2,5,0,17,51.0,53.443
1566.8427,5,2,2,0,2,48.0,13.8
1566.845786,5,1,2,0,1,45.0,0.0
1566.8459915,3,1,2,0,5,49.0,14.06
1566.846143,1,2,5,0,14,50.0,77.541
1566.8461825,6,1,2,0,4,48.0,11.672
1566.8478415,6,1,2,0,5,49.0,22.223
1566.8513755,6,1,1,0,1,49.0,0.0
1566.8519355,3,1,1,0,1,45.0,0.0
1566.852777,1,1,4,0,24,50.0,77.631
1566.8546645,6,4,14,4,162,66.0,1712.0
1566.854674,1,5,14,2,128,56.0,500.104
1566.8546745,3,1,6,1,108,50.0,139.561
1566.854683,5,4,13,1,50,56.0,394.217
1566.85472,2,1,2,0,1,52.0,0.0
1566.8578055,6,2,1,0,3,52.0,26.293
1566.859712,1,2,7,1,42,54.0,184.574
1566.8603265,6,1,3,0,1,49.0,0.0
1566.860339,5,1,1,0,1,45.0,0.0
1566.860454,1,1,1,0,1,50.0,0.0
1566.86252,1,2,3,0,3,50.0,10.005
1566.8640915,3,1,1,0,1,45.0,0.0
1566.864316,5,2,2,0,2,46.0,12.474
1566.865713,1,1,3,1,66,50.0,99.62
1566.865716,2,1,4,0,1,56.0,0.0
1566.8657225,3,1,2,0,1,48.0,0.0
1566.8657275,6,1,5,0,1,49.0,0.0
1566.865737,5,2,2,0,7,54.0,38.719
1566.8666985,3,1,2,0,1,46.0,0.0
1566.8695255,6,1,2,0,14,48.0,19.668
1566.8711585,6,91,13,3,167,57.0,494.573
1566.871215,5,2,14,5,88,65.0,2620.0
1566.871236,2,1,5,1,61,55.0,279.601
1566.8712515,3,4,4,0,35,51.0,107.656
1566.871276,1,1,3,0,37,46.0,35.189
1566.8718535,6,2,8,2,141,58.0,563.697
1566.873142,1,1,1,0,1,47.0,0.0
1566.8732105,3,1,1,0,1,45.0,0.0
1566.874054,5,1,1,0,1,48.0,0.0
1566.87669,5,1,4,0,1,51.0,0.0
1566.877349,4,1,1,0,1,47.0,0.0
1566.8778165,6,2,1,0,4,48.0,18.034
1566.88128,5,3,4,1,27,56.0,280.732
1566.882102,5,2,2,0,2,47.0,3.241
1566.884472,5,1,1,0,1,49.0,0.0
1566.8883645,6,1,2,0,4,49.0,14.884
1566.89107,1,2,2,0,3,47.0,8.525
1566.8910795,3,1,1,0,1,45.0,0.0
1566.8910955,6,1,2,0,1,48.0,0.0
1566.8931325,6,2,1,0,11,49.0,38.414
1566.8951875,3,2,3,0,51,51.0,90.86
1566.89519,2,1,4,0,1,52.0,0.0
1566.8952015,6,1,10,2,108,51.0,239.496
1566.895217,5,3,7,0,4,52.0,26.493
1566.895238,1,2,1,0,3,49.0,13.211
1566.8965205,6,2,1,0,3,50.0,11.981
1566.8980345,6,1,3,0,1,48.0,0.0
1566.89804,1,1,1,0,1,47.0,0.0
1566.898058,5,1,3,0,1,46.0,0.0
1566.899285,5,2,1,0,2,46.0,4.148
1566.900842,1,1,1,0,1,45.0,0.0
1566.9026625,6,2,5,1,48,53.0,138.64
1566.902674,1,1,5,0,28,50.0,60.432
1566.9026795,3,1,1,0,1,45.0,0.0
1566.902689,2,1,2,0,1,53.0,0.0
1566.9046145,6,2,2,0,3,51.0,8.499
1566.90559,2,2,2,0,12,55.0,118.313
1566.905602,1,1,4,0,1,49.0,0.0
1566.9056165,6,1,2,0,1,49.0,0.0
1566.908889,1,4,2,0,7,46.0,21.414
1566.911727,1,1,2,0,1,47.0,0.0
1566.914932,5,2,2,0,9,49.0,42.794
1566.917915,5,2,2,0,3,50.0,17.444
1566.9189995,6,3,1,0,4,52.0,30.644
1566.9196535,3,1,1,0,1,45.0,0.0
1566.92088,1,1,1,0,1,46.0,0.0
1566.922348,1,2,3,0,3,51.0,24.944
1566.924601,5,4,35,23,243,76.0,32121.0
1566.9246175,6,21,22,10,163,67.0,5314.0
1566.9246195,3,20,20,7,198,61.0,2313.0
1566.92462,2,2,22,7,111,63.0,3209.0
1566.924622,1,20,23,6,172,57.0,1317.0
1566.924634,4,2,2,0,2,53.0,8.896
1566.925523,5,1,2,0,1,49.0,0.0
1566.926876,1,2,4,0,23,53.0,145.805
1566.928111,1,18,8,1,61,53.0,169.251
1566.9304255,6,5,18,8,253,70.0,4586.0
1566.930454,1,1,10,1,62,56.0,400.971
1566.930459,5,1,5,0,1,49.0,0.0
1566.9304685,3,1,7,1,59,53.0,250.968
1566.934368,1,1,2,0,1,46.0,0.0
1566.9344045,6,2,5,0,27,50.0,62.929
1566.9351035,6,2,2,0,19,55.0,177.464
1566.9356685,6,1,1,0,1,45.0,0.0
1566.936633,4,2,5,0,34,51.0,119.623
1566.936636,2,1,13,4,103,60.0,1248.0
1566.9366375,3,62,11,4,215,56.0,640.85
1566.936639,1,1,24,5,209,58.0,1203.0
1566.9366535,6,22,20,6,162,61.0,1868.0
1566.9374215,6,3,11,2,81,65.0,920.763
1566.9374305,3,1,3,0,33,52.0,59.734
1566.937447,1,49,7,1,50,51.0,144.361
1566.937449,2,2,2,0,2,51.0,17.923
1566.93746,5,3,9,1,49,52.0,211.249
1566.9405375,6,1,2,0,9,48.0,21.392
1566.9427855,6,13,2,0,14,52.0,73.85
1566.943598,5,2,8,2,109,51.0,246.544
1566.9436135,6,8,11,5,130,66.0,2579.0
1566.9436265,3,1,5,0,40,51.0,85.023
1566.943631,1,1,9,1,56,55.0,250.185
1566.943674,2,1,2,0,4,52.0,35.867
1566.9445825,6,5,16,4,145,64.0,1486.0
1566.944586,1,17,16,4,135,59.0,1149.0
1566.944591,5,1,4,0,21,52.0,52.805
1566.9445965,3,2,8,2,105,55.0,388.806
1566.944634,2,1,2,0,1,51.0,0.0
1566.945845,1,2,4,0,10,55.0,129.672
1566.9475615,6,1,1,0,1,45.0,0.0
1566.947564,1,1,1,0,1,45.0,0.0
1566.9483355,6,1,1,0,1,45.0,0.0
1566.9519065,3,1,3,0,12,53.0,107.073
1566.9519305,6,1,4,0,5,53.0,46.931
1566.951933,2,1,3,0,11,54.0,122.741
1566.95194,1,1,6,0,47,51.0,115.863
1566.953317,5,7,4,0,8,50.0,59.348
1566.954063,1,6,2,0,7,51.0,32.416
1566.9541455,6,13,3,0,14,52.0,56.678
1566.9567225,6,1,4,0,26,49.0,58.773
1566.9574765,6,1,1,0,1,46.0,0.0
1566.9599655,6,1,1,0,69,46.0,37.191
1566.9616325,3,1,1,0,1,45.0,0.0
1566.961908,2,1,2,0,1,53.0,0.0
1566.961916,1,1,3,0,1,46.0,0.0
1566.962692,1,2,3,0,2,53.0,19.845
1566.9647885,3,1,1,0,1,45.0,0.0
1566.9653295,6,1,5,1,168,51.0,92.88
1566.9671715,6,3,12,3,81,68.0,2318.0
1566.967205,5,2,6,1,74,53.0,214.568
1566.967209,1,1,5,0,20,50.0,45.108
1566.9672125,3,15,2,0,16,49.0,38.519
1566.967231,2,1,1,0,1,53.0,0.0
1566.9682165,6,1,2,0,4,53.0,28.435
1566.968239,1,4,3,0,5,51.0,41.015
1566.968965,1,1,1,0,1,46.0,0.0
1566.9689715,6,1,4,0,17,48.0,43.639
1566.969632,5,1,2,0,1,45.0,0.0
1566.974126,5,2,3,0,17,53.0,104.385
1566.978394,1,1,1,0,1,45.0,0.0
1566.9817845,3,2,2,0,9,49.0,39.288
1566.981792,1,1,7,1,69,51.0,146.057
1566.981798,5,4,3,0,7,51.0,36.138
1566.9840815,3,10,18,7,287,62.0,1860.0
1566.984103,5,17,23,6,291,57.0,1055.0
1566.984997,1,2,1,0,3,48.0,10.614
1566.9863975,6,1,3,0,8,49.0,30.179
1566.9882805,3,1,1,0,4,50.0,17.496
1566.9891675,6,1,1,0,1,45.0,0.0
1566.9902095,6,1,2,0,4,50.0,15.848
1566.9908595,6,1,1,0,1,46.0,0.0
1566.992647,1,9,3,0,10,49.0,33.977
1566.994021,1,2,3,0,11,58.0,179.288
1566.9941715,3,1,1,0,4,49.0,16.947
1566.9949825,6,1,2,0,4,47.0,9.158
1566.9963695,6,1,5,1,32,60.0,456.708
1566.997671,1,13,7,0,14,55.0,141.033
1566.9994435,6,4,3,0,22,50.0,46.829
1567.0117035,3,1,1,0,1,45.0,0.0
1567.013174,5,2,1,0,2,48.0,7.047
1567.013942,5,4,4,0,6,48.0,22.859
1567.018203,1,1,1,0,1,45.0,0.0
1567.019621,1,1,1,0,1,46.0,0.0
1567.0201405,6,1,2,0,1,48.0,0.0
1567.0203565,3,1,1,0,1,45.0,0.0
1567.020848,5,1,3,1,120,48.0,65.151
1567.0209945,6,1,2,0,1,45.0,0.0
1567.023751,1,2,2,0,3,54.0,33.698
1567.0258995,3,1,8,1,77,57.0,369.743
1567.025901,5,31,14,3,95,58.0,660.228
1567.0259275,6,1,12,2,70,53.0,349.304
1567.032226,4,2,6,1,66,54.0,206.788
1567.032228,2,13,35,18,265,68.0,10735.0
1567.032229,5,10,35,16,253,69.0,11311.0
1567.032231,1,25,35,16,328,66.0,7738.0
1567.0322395,6,11,30,14,209,65.0,6838.0
1567.0361785,6,1,1,0,1,45.0,0.0
1567.0376525,6,6,13,3,90,63.0,1114.0
1567.037664,1,1,10,2,97,56.0,377.453
1567.0376725,3,1,2,0,1,45.0,0.0
1567.037708,2,1,2,0,1,51.0,0.0
1567.038421,1,1,3,0,1,47.0,0.0
1567.039759,2,1,1,0,6,51.0,41.275
1567.039763,1,2,4,0,2,51.0,4.826
1567.0397755,6,5,4,0,26,53.0,150.354
1567.040882,1,2,4,0,35,55.0,117.559
1567.0410285,6,1,1,0,1,46.0,0.0
1567.041568,2,1,2,0,1,52.0,0.0
1567.041575,5,3,2,0,4,51.0,28.626
1567.041613,1,1,1,0,1,45.0,0.0
1567.0455475,6,2,3,0,11,55.0,89.044
1567.0462665,6,2,23,6,223,62.0,1296.0
1567.046321,2,57,14,6,155,62.0,2293.0
1567.046345,5,23,17,4,76,60.0,1528.0
1567.0463485,3,11,13,3,231,57.0,649.132
1567.04642,4,1,1,0,1,45.0,0.0
1567.047011,2,1,7,1,88,54.0,234.736
1567.04702,5,1,4,0,1,49.0,0.0
1567.0470455,6,1,4,0,18,47.0,25.198
1567.048097,1,1,4,0,6,55.0,88.523
1567.048274,5,1,1,0,1,46.0,0.0
1567.049462,1,1,11,3,278,53.0,411.344
1567.0494635,3,1,5,0,24,50.0,93.383
1567.049473,2,1,2,0,1,51.0,0.0
1567.0494865,6,193,11,3,224,57.0,474.799
1567.049531,5,2,1,0,2,48.0,3.464
1567.050368,5,1,6,0,1,48.0,0.0
1567.050447,1,1,2,0,4,50.0,15.546
1567.059808,1,2,3,0,3,51.0,20.917
1567.0615925,3,17,17,5,223,57.0,925.957
1567.061594,4,1,1,0,1,48.0,0.0
1567.061596,2,2,18,7,148,62.0,2414.0
1567.0630945,3,2,1,0,8,47.0,16.827
1567.0650875,3,1,1,0,1,45.0,0.0
1567.065089,5,2,4,0,6,51.0,29.761
1567.065091,2,2,6,0,8,56.0,155.022
1567.0651105,6,1,6,0,21,50.0,65.66
1567.0672685,6,5,10,2,115,60.0,711.288
1567.067279,5,1,5,0,1,51.0,0.0
1567.067328,1,1,2,0,8,47.0,22.263
1567.0681015,3,1,1,0,1,46.0,0.0
1567.068103,2,1,6,2,68,58.0,496.447
1567.068112,1,1,6,0,30,51.0,70.613
1567.068116,5,2,2,0,2,47.0,5.921
1567.0681235,6,1,3,0,5,50.0,15.223
1567.0691295,6,1,3,1,180,47.0,65.912
1567.069255,5,2,2,0,3,51.0,18.852
1567.0732865,6,1,1,0,1,45.0,0.0
1567.07379,1,3,3,0,35,49.0,76.328
1567.077784,4,1,5,0,28,51.0,69.971
1567.0777855,3,13,26,13,280,65.0,5692.0
1567.077796,5,9,24,7,144,64.0,3030.0
1567.080939,1,12,28,12,207,65.0,6564.0
1567.0809505,6,51,30,11,240,63.0,4444.0
1567.0818935,3,1,2,0,5,49.0,14.63
1567.081905,1,2,2,0,3,51.0,16.344
1567.082251,5,2,1,0,2,45.0,10.021
1567.0829155,3,2,9,2,100,53.0,311.775
1567.082916,1,17,9,1,92,55.0,309.181
1567.082922,2,1,6,1,62,54.0,359.912
1567.08397,5,2,2,0,2,50.0,10.264
1567.0839875,6,1,2,0,1,46.0,0.0
1567.084468,1,7,33,10,180,67.0,4299.0
1567.0844795,3,5,18,5,143,61.0,1771.0
1567.084487,4,2,2,0,29,49.0,43.53
1567.085124,5,84,45,17,258,67.0,9178.0
1567.0851275,3,26,32,16,297,68.0,8543.0
1567.0851358,2,30,39,24,333,69.0,16327.0
1567.0851427,6,4,48,25,460,75.0,25808.0
1567.0851478,1,1,38,16,246,70.0,9610.0
1567.085151,4,5,9,1,48,55.0,315.159
1567.087755,2,1,1,0,1,50.0,0.0
1567.087758,5,1,1,0,1,47.0,0.0
1567.0883115,6,1,1,0,1,47.0,0.0
1567.090025,1,1,4,0,10,55.0,134.855
1567.0975645,3,2,1,0,5,51.0,38.825
1567.097571,2,1,2,0,6,51.0,43.583
1567.0982975,6,19,4,0,20,53.0,142.604
1567.098302,1,1,3,0,34,47.0,42.104
1567.0993475,3,1,4,0,23,49.0,61.457
1567.099369,1,1,1,0,1,45.0,0.0
1567.099604,5,2,4,0,2,47.0,15.194
1567.10067,1,2,6,1,45,54.0,205.007
1567.1006745,6,14,13,4,251,60.0,914.45
1567.1006795,3,28,5,1,70,51.0,136.307
1567.1044865,6,1,2,0,1,49.0,0.0
1567.108376,1,85,12,2,95,53.0,335.271
1567.108376,5,1,7,1,63,49.0,114.182
1567.1084005,3,2,4,1,93,48.0,103.723
1567.108436,2,1,2,0,1,53.0,0.0
1567.1111675,6,1,1,0,1,45.0,0.0
1567.1123765,3,13,10,2,129,55.0,468.212
1567.1123815,6,19,15,3,138,58.0,819.74
1567.112384,1,1,14,2,95,53.0,370.157
1567.112389,2,17,12,4,121,60.0,1231.0
1567.1133425,6,9,13,2,166,54.0,375.445
1567.1134105,3,5,6,1,85,55.0,248.7
1567.11342,1,27,7,1,64,49.0,109.003
1567.113451,2,2,2,0,3,55.0,45.963
1567.1154615,6,1,1,0,1,45.0,0.0
1567.1185605,6,85,8,3,190,62.0,924.725
1567.118656,1,2,7,1,60,53.0,187.368
1567.1186895,3,2,4,0,20,48.0,42.036
1567.119882,5,2,1,0,15,46.0,39.9
1567.12102,1,7,64,58,577,85.0,135643.0
1567.12103,2,20,55,48,530,77.0,62082.0
1567.1210305,3,30,45,22,529,65.0,10216.0
1567.1210325,6,17,51,35,541,77.0,42684.0
1567.121036,4,23,13,3,137,55.0,579.318
1567.121039,5,23,66,31,528,73.0,25213.0
1567.1224685,6,3,6,0,25,57.0,219.172
1567.122471,1,1,4,0,7,55.0,103.568
1567.1224935,3,1,1,0,4,50.0,17.263
1567.1238115,6,1,1,0,1,47.0,0.0
1567.125976,1,2,1,0,2,46.0,6.375
1567.128428,4,2,1,0,3,47.0,8.207
1567.128435,1,44,13,2,96,54.0,443.573
1567.1284355,3,1,9,1,80,54.0,293.95
1567.128454,2,1,5,2,101,55.0,376.442
1567.1296815,6,2,4,0,25,55.0,160.251
1567.131013,5,1,4,0,4,55.0,44.278
1567.131354,1,4,7,1,45,55.0,201.757
1567.131369,2,2,3,0,2,51.0,10.215
1567.1323835,6,1,1,0,1,46.0,0.0
1567.1335215,6,1,3,0,1,48.0,0.0
1567.1344075,6,1,2,0,5,50.0,23.718
1567.1354255,6,1,3,0,12,53.0,81.924
1567.136506,5,62,22,7,99,64.0,3146.0
1567.1365075,6,1,26,9,221,67.0,3749.0
1567.136518,1,2,24,5,154,57.0,1106.0
1567.136532,4,1,5,0,19,52.0,74.989
1567.137566,1,1,1,0,1,45.0,0.0
1567.138408,4,1,2,0,1,47.0,0.0
1567.138419,1,40,11,2,63,55.0,450.189
1567.1384205,3,1,12,2,114,53.0,450.132
1567.138436,5,1,10,1,85,51.0,228.857
1567.1398075,6,1,1,0,1,45.0,0.0
1567.140353,1,4,12,3,79,66.0,1937.0
1567.1403695,3,2,3,0,19,50.0,53.98
1567.1403835,6,1,6,0,34,51.0,115.842
1567.140387,5,16,5,0,17,51.0,58.441
1567.143549,1,1,11,1,65,58.0,376.793
1567.143571,2,2,3,0,29,59.0,295.162
1567.145731,1,2,1,0,3,49.0,9.051
1567.146243,1,43,5,0,44,51.0,95.613
1567.1462595,6,1,4,0,31,51.0,123.911
1567.1474775,6,1,4,0,20,46.0,39.35
1567.1474935,3,1,1,0,1,45.0,0.0
1567.147813,1,1,5,0,38,53.0,127.847
1567.150116,5,7,22,8,189,68.0,5011.0
1567.1501265,6,16,20,8,345,65.0,2406.0
1567.150133,2,23,14,4,105,58.0,1275.0
1567.150138,1,1,14,3,115,54.0,515.975
1567.1501405,3,17,11,2,68,55.0,508.034
1567.1553905,6,1,1,0,1,45.0,0.0
1567.156153,1,3,1,0,4,47.0,19.129
1567.1600655,6,1,2,0,8,51.0,38.423
1567.160069,1,1,2,0,1,46.0,0.0
1567.1606415,3,1,3,0,33,47.0,50.007
1567.160646,2,1,3,0,4,53.0,25.108
1567.160651,1,5,7,1,62,51.0,143.44
1567.160879,5,2,2,0,36,54.0,103.852
1567.161669,1,1,1,0,1,45.0,0.0
1567.1638345,3,1,1,0,1,45.0,0.0
1567.1644675,3,1,2,0,10,47.0,15.642
1567.164611,5,7,11,3,72,59.0,811.47
1567.1646295,6,1,2,0,1,47.0,0.0
1567.164686,1,2,2,0,30,48.0,45.854
1567.165582,1,42,7,1,56,50.0,119.711
1567.1655875,3,1,3,0,52,48.0,59.303
1567.166386,1,1,3,0,1,49.0,0.0
1567.1667395,6,1,1,0,1,45.0,0.0
1567.170519,1,1,3,0,51,51.0,76.686
1567.1705215,3,1,2,0,5,48.0,16.948
1567.170528,5,1,7,0,15,49.0,30.447
1567.172025,5,2,1,0,2,47.0,5.664
1567.1751895,6,1,1,0,1,45.0,0.0
1567.17676,1,12,25,9,204,63.0,4272.0
1567.1767635,3,3,16,4,99,62.0,1603.0
1567.176788,5,1,13,3,111,54.0,517.438
1567.178188,1,7,6,2,186,51.0,220.612
1567.178292,5,1,8,1,46,51.0,141.005
1567.1793145,6,1,1,0,1,45.0,0.0
1567.1821515,3,1,10,2,210,53.0,308.046
1567.182166,1,136,12,3,203,55.0,397.71
1567.182286,2,2,8,2,47,60.0,739.549
1567.1841655,3,2,13,4,346,57.0,541.465
1567.1866955,6,1,3,0,1,50.0,0.0
1567.1881835,6,2,4,0,18,56.0,101.232
1567.1897745,6,1,1,0,1,46.0,0.0
1567.190666,5,4,3,0,21,49.0,52.709
1567.1906895,6,1,1,0,1,45.0,0.0
1567.1925225,6,2,4,0,4,50.0,18.007
1567.193106,5,1,5,0,15,56.0,163.002
1567.194005,1,9,20,5,142,62.0,1575.0
1567.1940225,3,1,8,1,103,52.0,203.815
1567.1940225,6,8,17,4,135,59.0,814.034
1567.194041,5,1,11,2,82,54.0,320.49
1567.194076,2,2,5,1,59,56.0,388.868
1567.197569,1,1,19,4,140,59.0,1217.0
1567.1975855,3,2,7,1,90,54.0,273.626
1567.1999055,6,1,4,0,14,52.0,77.069
1567.2032065,6,1,2,0,10,50.0,32.048
1567.206568,1,1,2,0,1,54.0,0.0
1567.208265,1,2,3,0,14,58.0,179.395
1567.209386,1,2,13,2,101,54.0,453.904
1567.2093885,6,3,11,2,86,58.0,428.319
1567.209402,5,1,7,1,101,50.0,138.33
1567.2094025,3,1,7,1,75,56.0,334.527
1567.209453,2,1,1,0,1,50.0,0.0
1567.2119195,6,1,2,0,20,51.0,37.516
1567.211972,5,1,1,0,1,45.0,0.0
1567.2137385,6,1,3,0,8,53.0,55.208
1567.215654,1,1,2,0,164,48.0,35.223
1567.2177975,6,1,1,0,1,50.0,0.0
1567.2216725,6,1,1,0,1,45.0,0.0
1567.222546,5,1,2,0,1,50.0,0.0
1567.2225685,6,1,1,0,1,47.0,0.0
1567.22347,1,1,5,1,47,54.0,194.069
1567.2235045,6,1,1,0,1,47.0,0.0
1567.224375,5,1,4,0,1,50.0,0.0
1567.2246945,6,1,10,2,145,53.0,290.051
1567.224766,1,17,11,2,116,53.0,309.519
1567.22477,2,2,5,0,15,57.0,290.659
1567.2248265,3,1,1,0,1,45.0,0.0
1567.2253665,6,75,36,16,292,67.0,8242.0
1567.225413,5,25,46,20,276,68.0,12442.0
1567.225415,1,15,43,13,316,68.0,5326.0
1567.225421,2,9,23,15,193,69.0,10393.0
1567.225434,4,23,6,1,62,53.0,222.977
1567.2264715,6,1,5,0,28,50.0,70.402
1567.227456,1,1,5,0,6,51.0,27.813
1567.2274595,3,1,2,0,14,50.0,50.577
1567.2274615,6,1,3,0,31,52.0,58.138
1567.2294425,3,1,2,0,1,47.0,0.0
1567.229468,5,1,2,0,8,47.0,19.036
1567.229484,1,1,1,0,1,48.0,0.0
1567.230754,1,2,1,0,3,47.0,11.405
1567.232631,5,2,3,1,113,50.0,123.933
1567.2326505,6,1,2,0,4,51.0,22.169
1567.236796,1,2,3,0,38,58.0,198.763
1567.2389625,6,195,8,2,246,53.0,261.923
1567.239141,1,8,7,1,82,54.0,292.166
1567.23924,2,1,1,0,1,52.0,0.0
1567.2419085,3,1,2,0,5,57.0,131.172
1567.242958,4,1,2,0,37,49.0,82.708
1567.242965,2,24,14,4,119,60.0,1302.0
1567.2429655,3,16,10,2,103,53.0,334.127
1567.242984,1,1,15,3,107,53.0,519.477
1567.245349,5,3,4,0,8,55.0,122.283
1567.245544,1,12,4,1,62,51.0,120.372
1567.2455475,6,2,9,1,62,54.0,319.934
1567.2455825,3,1,2,0,9,46.0,18.708
1567.2463335,6,1,3,0,19,49.0,43.716
1567.2474315,6,2,2,0,16,54.0,65.463
1567.247986,1,1,1,0,4,49.0,13.037
1567.250411,1,12,17,4,141,62.0,1550.0
1567.2504115,6,31,12,4,145,62.0,1290.0
1567.2504235,3,2,6,1,100,53.0,233.066
1567.250428,5,11,11,1,61,54.0,270.649
1567.250436,2,2,4,0,29,56.0,176.073
1567.251092,5,3,5,0,9,50.0,55.609
1567.253244,1,4,37,23,235,76.0,34195.0
1567.2532545,6,2,33,15,399,64.0,5889.0
1567.253257,2,88,22,10,151,61.0,4141.0
1567.2532615,3,6,22,8,170,60.0,2528.0
1567.253263,4,1,3,0,1,50.0,0.0
1567.256618,1,1,2,0,4,51.0,20.683
1567.2568545,6,2,4,0,34,55.0,186.253
1567.257424,1,9,22,5,145,63.0,1710.0
1567.2574415,3,1,9,1,85,52.0,222.51
1567.257443,2,2,9,3,94,56.0,674.13
1567.258085,1,1,1,0,1,47.0,0.0
1567.259334,5,1,2,0,1,50.0,0.0
1567.262336,1,4,2,0,5,56.0,95.432
1567.262984,1,1,1,0,1,45.0,0.0
1567.2630155,6,1,1,0,1,45.0,0.0
1567.2658545,6,1,1,0,1,45.0,0.0
1567.2699435,3,1,1,0,1,45.0,0.0
1567.270934,1,1,1,0,1,45.0,0.0
1567.272379,1,2,3,0,33,50.0,67.344
1567.2724065,6,1,2,0,4,48.0,12.1
1567.272623,5,23,14,3,93,57.0,762.839
1567.274563,1,1,3,0,1,50.0,0.0
1567.2745735,6,1,6,0,42,51.0,113.608
1567.274585,5,1,2,0,1,48.0,0.0
1567.2755405,6,1,1,0,4,49.0,18.851
1567.2764495,6,165,33,16,431,64.0,6582.0
1567.276593,2,11,28,24,227,75.0,29742.0
1567.2765935,3,9,28,13,312,66.0,5577.0
1567.276602,5,12,32,10,213,67.0,5250.0
1567.276606,4,2,5,0,42,51.0,59.005
1567.2784895,6,122,34,12,339,63.0,4127.0
1567.278586,4,3,8,1,44,53.0,250.484
1567.278588,2,1,30,20,230,69.0,13976.0
1567.2785905,3,30,29,12,314,64.0,4564.0
1567.278592,5,32,36,13,203,67.0,7009.0
1567.280899,5,19,25,7,164,65.0,3206.0
1567.28091,2,5,13,4,66,62.0,1983.0
1567.2809125,6,17,18,5,159,63.0,1555.0
1567.2809135,3,1,10,2,91,54.0,383.098
1567.284478,1,2,4,1,122,54.0,222.964
1567.2880835,6,1,4,1,74,50.0,113.859
1567.2880905,3,1,1,0,4,48.0,12.239
1567.288092,5,1,3,0,6,50.0,30.205
1567.288111,2,1,2,0,4,52.0,28.959
1567.2886105,3,1,2,0,1,47.0,0.0
1567.288628,1,4,5,1,64,52.0,158.452
1567.2886578,6,1,3,0,8,50.0,41.129
1567.289365,2,1,1,0,1,53.0,0.0
1567.2904405,6,1,5,0,47,50.0,90.401
1567.29063,1,1,1,0,1,45.0,0.0
1567.2930245,6,1,1,0,1,45.0,0.0
1567.2939915,6,1,2,0,1,46.0,0.0
1567.295153,5,1,5,0,1,52.0,0.0
1567.2963295,6,1,1,0,5,49.0,17.04
1567.2968525,6,2,9,2,64,62.0,1020.0
1567.297133,5,3,3,0,4,50.0,25.067
1567.298091,1,1,1,0,1,46.0,0.0
1567.2982925,6,2,6,1,177,55.0,178.159
1567.2984385,3,1,2,0,12,55.0,118.095
1567.299369,5,2,2,0,2,46.0,7.047
1567.2993735,6,1,2,0,1,48.0,0.0
1567.3042445,6,5,18,10,290,70.0,9803.0
1567.304269,1,16,9,1,47,56.0,269.943
1567.304336,5,2,3,0,3,51.0,15.767
1567.306035,1,1,1,0,1,47.0,0.0
1567.3067955,6,1,1,0,1,47.0,0.0
1567.308719,5,1,1,0,1,45.0,0.0
1567.3089035,3,1,1,0,1,45.0,0.0
1567.311801,1,2,4,1,67,54.0,173.861
1567.3118205,6,1,1,0,1,45.0,0.0
1567.3118255,3,2,3,0,6,56.0,98.527
1567.311853,2,1,2,0,1,51.0,0.0
1567.312616,1,2,3,0,10,53.0,73.714
1567.3139675,6,4,10,2,83,62.0,887.857
1567.3139745,3,1,5,0,52,49.0,103.495
1567.313979,1,4,6,1,68,55.0,232.166
1567.313984,5,1,6,1,48,51.0,136.395
1567.3170015,3,7,5,2,56,59.0,597.759
1567.317004,5,1,9,1,72,56.0,271.39
1567.317011,1,7,11,2,120,53.0,320.634
1567.317015,2,1,5,0,17,56.0,288.905
1567.3170245,6,1,8,1,79,54.0,254.44
1567.3176825,6,1,3,0,13,51.0,45.049
1567.318366,1,1,7,1,81,54.0,291.544
1567.3183835,3,1,2,0,10,49.0,27.599
1567.318411,5,1,2,0,1,46.0,0.0
1567.3184865,6,1,1,0,1,45.0,0.0
1567.3196125,6,2,3,0,14,54.0,94.488
1567.3207205,6,1,5,0,21,55.0,150.876
1567.32138,1,1,5,0,1,51.0,0.0
1567.323207,1,7,26,7,146,63.0,3462.0
1567.323216,2,20,19,7,138,65.0,3201.0
1567.3232195,3,6,17,3,111,57.0,774.95
1567.3232295,6,3,21,6,205,61.0,1438.0
1567.323231,5,16,20,5,212,61.0,1345.0
1567.324105,1,1,5,0,21,52.0,82.751
1567.3241065,6,1,6,1,51,51.0,136.942
1567.324125,2,1,2,0,1,51.0,0.0
1567.32511,5,2,2,0,6,45.0,16.007
1567.3255975,6,1,2,0,5,48.0,13.598
1567.3275485,6,8,9,2,56,61.0,1006.0
1567.327574,1,1,7,0,44,51.0,97.194
1567.3275825,3,1,2,0,1,46.0,0.0
1567.32853,5,1,5,0,33,52.0,106.965
1567.3303775,6,2,1,0,3,48.0,16.499
1567.3324065,6,2,3,0,3,56.0,55.311
1567.3340585,6,1,1,0,5,52.0,31.578
1567.334564,5,2,1,0,8,50.0,45.812
1567.33493,2,1,1,0,1,51.0,0.0
1567.3349345,6,1,7,1,152,54.0,222.26
1567.3393735,6,1,2,0,1,45.0,0.0
1567.3398975,3,2,1,0,2,49.0,3.352
1567.3419655,6,1,1,0,1,45.0,0.0
1567.3433845,6,2,2,0,12,48.0,25.571
1567.3445895,6,1,1,0,1,45.0,0.0
1567.346801,1,5,17,4,131,66.0,1709.0
1567.346817,2,33,8,2,71,58.0,659.249
1567.3468185,3,2,6,1,119,54.0,214.032
1567.346894,5,1,2,0,15,47.0,23.23
1567.3477465,6,1,4,0,17,59.0,234.307
1567.349693,5,2,8,1,49,60.0,528.038
1567.350486,1,12,14,2,59,55.0,406.357
1567.3504865,3,8,8,1,102,53.0,279.413
1567.350496,5,2,8,2,135,55.0,453.439
1567.350507,2,1,5,1,43,54.0,253.658
1567.3524505,6,1,1,0,1,45.0,0.0
1567.352986,1,1,1,0,1,45.0,0.0
1567.3541235,6,1,1,0,1,45.0,0.0
1567.355376,1,2,2,0,8,54.0,89.233
1567.3553985,6,1,4,0,9,48.0,24.617
1567.356782,1,1,1,0,1,49.0,0.0
1567.3605985,6,1,4,0,86,51.0,99.361
1567.36061,1,1,7,1,121,50.0,155.363
1567.3659595,6,2,1,0,3,45.0,8.051
1567.3686625,3,10,23,8,421,62.0,2189.0
1567.368663,2,1,23,11,393,59.0,2708.0
1567.3686735,6,48,29,10,393,61.0,2880.0
1567.368687,5,5,11,2,67,55.0,453.124
1567.374216,5,1,5,0,27,50.0,83.138
1567.3755075,6,1,1,0,5,48.0,15.808
1567.375809,1,1,3,0,1,49.0,0.0
1567.3778385,3,2,2,0,2,47.0,4.66
1567.377862,5,1,3,0,13,50.0,41.153
1567.377879,1,2,4,0,37,49.0,78.38
1567.383184,1,1,2,0,1,47.0,0.0
1567.3832085,6,86,5,1,96,55.0,225.21
1567.384693,5,1,4,0,43,50.0,115.784
1567.386579,1,2,3,0,6,53.0,40.117
1567.3865975,6,1,2,0,19,48.0,25.515
1567.3874905,3,1,1,0,1,45.0,0.0
1567.387494,2,1,1,0,1,52.0,0.0
1567.388322,1,2,2,0,8,52.0,52.167
1567.3883355,6,1,2,0,8,51.0,43.852
1567.3895035,6,6,20,8,306,67.0,3248.0
1567.389506,1,4,16,3,102,59.0,726.709
1567.3895065,3,1,10,2,108,54.0,273.108
1567.389532,2,1,9,3,123,56.0,642.614
1567.3903675,6,2,2,0,20,53.0,102.067
1567.390972,5,2,1,0,3,47.0,9.587
1567.3927675,6,1,1,0,4,48.0,10.299
1567.395601,1,1,2,0,1,45.0,0.0
1567.3961845,6,3,1,0,12,49.0,44.189
1567.396541,1,1,1,0,1,45.0,0.0
1567.398476,1,1,3,0,6,47.0,13.885
1567.3984915,3,1,1,0,1,45.0,0.0
1567.3985105,6,1,2,0,1,45.0,0.0
1567.399172,5,1,1,0,5,46.0,9.706
1567.4013715,6,1,3,0,18,56.0,101.864
1567.4031825,6,2,2,0,3,49.0,19.905
1567.4046575,6,1,1,0,1,45.0,0.0
1567.406538,1,1,12,2,89,54.0,293.245
1567.4065385,6,7,14,5,171,63.0,1798.0
1567.4065405,3,1,9,3,209,53.0,355.307
1567.406598,2,1,3,0,1,54.0,0.0
1567.4073115,6,1,3,0,22,49.0,53.573
1567.409917,1,1,9,1,109,51.0,231.731
1567.4099275,3,2,6,1,88,51.0,157.967
1567.409934,5,1,8,1,126,50.0,178.511
1567.409941,2,1,7,2,96,56.0,407.037
1567.4115035,6,1,3,0,4,53.0,34.298
1567.411704,1,2,3,0,7,57.0,97.635
1567.411918,5,1,2,0,1,50.0,0.0
1567.4121065,6,2,1,0,2,46.0,6.07
1567.412795,1,1,2,0,1,48.0,0.0
1567.4138085,6,6,16,4,151,64.0,1217.0
1567.413809,5,2,15,4,160,58.0,685.422
1567.413821,1,15,17,3,135,57.0,561.839
1567.4138255,3,31,13,4,146,57.0,1028.0
1567.413849,2,1,8,2,70,56.0,478.663
1567.417295,1,2,9,2,68,56.0,442.062
1567.417296,5,1,7,1,74,54.0,253.441
1567.4173345,3,1,2,0,25,49.0,51.877
1567.419189,1,1,1,0,1,46.0,0.0
1567.4217065,6,2,1,0,3,51.0,19.251
1567.4249555,6,1,1,0,1,45.0,0.0
1567.4271105,6,1,1,0,1,45.0,0.0
1567.427423,1,1,2,0,1,45.0,0.0
1567.4278035,6,6,7,2,102,56.0,314.721
1567.4278345,3,2,3,0,18,50.0,69.204
1567.427835,2,1,2,0,1,52.0,0.0
1567.428547,1,1,1,0,1,45.0,0.0
1567.4292305,3,1,1,0,1,46.0,0.0
1567.4292575,6,1,1,0,1,47.0,0.0
1567.4305185,3,1,5,0,45,56.0,171.438
1567.430529,1,22,12,1,69,54.0,350.293
1567.430542,5,8,9,0,17,54.0,167.671
1567.430545,2,2,6,1,40,54.0,248.908
1567.4305545,6,1,6,0,40,50.0,76.237
1567.431565,1,2,5,0,23,56.0,272.14
1567.432122,1,8,4,0,40,48.0,60.376
1567.4347195,3,2,1,0,2,45.0,3.435
1567.435017,1,8,27,13,172,70.0,10196.0
1567.435023,5,28,24,7,125,62.0,2546.0
1567.4350285,6,12,20,7,152,66.0,4118.0
1567.438151,5,2,2,0,2,48.0,8.58
1567.4391455,6,5,5,1,29,60.0,515.215
1567.441808,1,1,5,0,4,53.0,34.302
1567.4429565,6,1,1,0,1,46.0,0.0
1567.449336,1,2,3,0,3,52.0,23.197
1567.4499375,6,2,2,0,10,51.0,67.017
1567.4504925,6,1,4,0,1,48.0,0.0
1567.45107,1,1,1,0,1,45.0,0.0
1567.4510815,6,1,6,2,112,56.0,329.814
1567.4521245,6,1,2,0,5,49.0,17.345
1567.454456,5,3,2,0,6,50.0,39.816
1567.4555805,3,3,8,3,115,62.0,1064.0
1567.455582,5,6,10,2,41,60.0,817.062
1567.455585,1,26,16,2,90,56.0,398.134
1567.4555935,6,39,8,2,74,55.0,368.233
1567.456779,1,1,9,1,70,53.0,195.094
1567.4567825,3,1,3,0,16,51.0,56.554
1567.4567895,6,1,5,1,61,53.0,158.135
1567.456808,5,2,2,0,12,47.0,24.806
1567.4579515,3,1,1,0,4,48.0,12.437
1567.460128,1,2,6,1,40,61.0,544.416
1567.4611665,6,2,4,0,9,49.0,43.723
1567.4643975,3,13,20,7,196,64.0,2676.0
1567.4644115,6,44,28,11,237,63.0,4265.0
1567.464425,5,2,12,3,87,57.0,716.03
1567.4705095,6,1,2,0,1,51.0,0.0
1567.4713805,6,1,1,0,1,45.0,0.0
1567.471671,1,1,1,0,1,47.0,0.0
1567.4730475,6,1,2,0,8,50.0,36.685
1567.475048,1,1,12,0,24,55.0,188.207
1567.4750645,3,1,4,0,32,57.0,200.917
1567.475097,2,1,2,0,1,55.0,0.0
1567.4765875,6,1,6,1,26,55.0,276.79
1567.47664,5,2,1,0,2,48.0,7.169
1567.4775145,6,1,1,0,1,46.0,0.0
1567.47826,5,17,9,1,46,51.0,179.658
1567.478289,1,1,2,0,1,50.0,0.0
1567.4783015,6,132,3,1,133,54.0,110.136
1567.4816325,6,1,4,0,27,50.0,88.863
1567.481678,1,2,2,0,3,47.0,10.321
1567.4821785,6,304,32,12,461,63.0,3564.0
1567.4823595,3,86,23,10,343,61.0,2719.0
1567.482369,5,82,41,12,264,64.0,4908.0
1567.48244,4,2,6,1,57,56.0,286.126
1567.483467,1,3,5,0,4,53.0,51.839
1567.4840325,6,5,17,6,138,65.0,2259.0
1567.484048,1,37,20,4,126,57.0,951.114
1567.48406,5,17,19,5,120,60.0,1467.0
1567.484075,2,46,8,2,49,55.0,568.74
1567.4841245,3,1,1,0,1,46.0,0.0
1567.4868735,6,1,5,0,18,55.0,175.782
1567.486886,1,1,1,0,1,45.0,0.0
1567.487945,1,38,27,6,198,60.0,1505.0
1567.4879515,6,41,22,6,174,62.0,1677.0
1567.4879615,3,2,13,4,222,56.0,772.582
1567.487965,2,21,17,6,133,60.0,1807.0
1567.487993,4,1,1,0,1,45.0,0.0
1567.4896985,6,2,2,0,10,48.0,40.621
1567.491389,1,1,1,0,1,46.0,0.0
1567.491938,1,18,11,2,62,55.0,403.09
1567.4919435,3,1,2,0,31,48.0,48.576
1567.4931945,6,1,1,0,1,46.0,0.0
1567.4955205,6,1,4,0,46,47.0,58.032
1567.4955275,3,1,1,0,1,45.0,0.0
1567.4969855,6,1,1,0,1,49.0,0.0
1567.4983925,6,1,1,0,1,45.0,0.0
1567.4989275,3,2,2,0,6,47.0,16.771
1567.498941,5,6,4,0,19,49.0,88.128
1567.499619,1,1,3,0,1,47.0,0.0
1567.49979,5,2,6,0,18,53.0,118.849
1567.5041025,6,11,7,1,76,51.0,178.683
1567.504109,1,1,5,0,1,51.0,0.0
1567.5041125,3,1,2,0,71,45.0,70.131
1567.506603,5,11,29,11,170,68.0,6593.0
1567.5066055,3,1,21,5,182,57.0,1050.0
1567.5066135,6,38,23,7,161,62.0,2768.0
1567.5089655,6,1,1,0,1,45.0,0.0
1567.5093065,3,1,2,0,8,48.0,22.773
1567.510471,1,3,5,1,19,64.0,914.107
1567.510731,5,1,2,0,1,47.0,0.0
1567.511401,5,1,2,0,1,48.0,0.0
1567.5114125,6,2,2,0,3,51.0,31.431
1567.512315,1,1,4,0,1,50.0,0.0
1567.513268,5,1,8,2,69,54.0,348.124
1567.513286,1,1,6,0,33,50.0,53.856
1567.513341,2,1,1,0,1,50.0,0.0
1567.513975,1,2,8,1,39,57.0,784.278
1567.5146005,6,1,2,0,1,47.0,0.0
1567.516316,5,1,2,0,1,50.0,0.0
1567.5165395,3,1,1,0,1,45.0,0.0
1567.5176485,6,2,3,0,3,52.0,20.181
1567.517997,4,2,1,0,2,47.0,3.784
1567.5180115,3,1,5,0,41,49.0,78.233
1567.518026,2,1,4,0,22,56.0,192.506
1567.518032,1,2,8,0,47,51.0,123.546
1567.5199655,6,1,3,0,21,51.0,72.333
1567.5211045,6,1,6,2,32,67.0,1225.0
1567.522864,1,1,1,0,1,49.0,0.0
1567.5236725,6,1,1,0,1,50.0,0.0
1567.5258795,3,1,2,0,49,46.0,37.49
1567.525885,1,1,5,0,9,49.0,24.619
1567.525885,5,1,4,0,1,48.0,0.0
1567.530911,1,1,2,0,9,50.0,26.936
1567.5309335,6,1,1,0,1,45.0,0.0
1567.533392,5,2,5,0,8,52.0,54.901
1567.5341375,6,10,3,0,11,54.0,70.343
1567.5350045,6,1,1,0,1,45.0,0.0
1567.535444,1,2,2,0,2,47.0,11.01
1567.5358905,6,3,3,0,9,56.0,100.475
1567.5365435,6,2,1,0,2,45.0,4.025
1567.5382095,6,2,2,0,2,47.0,5.628
1567.538565,5,2,6,0,12,55.0,193.583
1567.5397735,6,1,3,0,16,50.0,36.408
1567.5406565,6,1,1,0,1,45.0,0.0
1567.543673,1,1,2,0,48,48.0,62.328
1567.5436745,3,1,2,0,1,47.0,0.0
1567.5437045,6,1,2,0,20,48.0,25.612
1567.545902,1,2,1,0,2,46.0,8.402
1567.54598,5,2,3,0,2,49.0,17.41
1567.545985,2,1,1,0,1,50.0,0.0
1567.5479685,3,12,8,2,109,56.0,524.039
1567.547969,1,2,27,7,160,64.0,3221.0
1567.547994,2,1,15,4,97,57.0,941.424
1567.547994,5,47,12,2,76,56.0,574.005
1567.5479995,6,49,15,2,104,54.0,449.557
1567.548629,1,2,1,0,2,48.0,14.027
1567.548872,5,2,2,0,3,50.0,13.375
1567.5495465,6,1,1,0,4,49.0,12.366
1567.5501385,6,1,2,0,4,55.0,36.14
1567.550851,5,2,2,0,2,46.0,5.237
1567.5519625,6,2,2,0,4,51.0,54.114
1567.5549105,6,12,8,1,31,57.0,251.79
1567.5549285,3,1,2,0,22,48.0,39.761
1567.554952,1,1,5,0,20,52.0,104.043
1567.55498,2,1,1,0,1,50.0,0.0
1567.5558305,6,1,2,0,1,50.0,0.0
1567.556591,1,1,1,0,1,45.0,0.0
1567.5566,2,1,1,0,1,52.0,0.0
1567.5575555,6,1,1,0,1,45.0,0.0
1567.5588435,6,1,2,0,1,48.0,0.0
1567.5597655,6,1,2,0,4,50.0,10.46
1567.560169,1,9,27,9,198,63.0,4037.0
1567.56017,2,1,16,6,152,60.0,2002.0
1567.560197,5,1,10,2,65,56.0,443.13
1567.5611085,6,1,2,0,1,47.0,0.0
1567.561238,5,1,1,0,1,46.0,0.0
1567.5619245,6,1,3,0,19,51.0,80.04
1567.5625175,6,1,2,0,1,47.0,0.0
1567.5630935,6,1,1,0,8,50.0,25.511
1567.563402,5,2,5,0,19,56.0,213.729
1567.5638965,6,1,2,0,1,49.0,0.0
1567.563897,1,1,2,0,1,47.0,0.0
1567.565511,5,2,9,2,137,54.0,286.249
1567.5655865,6,2,2,0,3,48.0,11.07
1567.5659295,3,1,6,1,57,52.0,148.242
1567.565939,1,1,15,3,118,56.0,753.729
1567.5660975,6,1,1,0,1,45.0,0.0
1567.566432,5,4,7,0,22,58.0,325.759
1567.5678555,6,2,2,0,3,47.0,10.391
1567.571574,1,2,7,1,51,56.0,288.998
1567.572209,1,1,2,0,35,49.0,62.339
1567.5722105,3,1,1,0,1,45.0,0.0
1567.5731385,6,1,3,0,1,50.0,0.0
1567.57346,5,1,4,0,1,48.0,0.0
1567.573779,1,3,7,1,48,57.0,567.393
1567.5754065,6,1,18,6,326,63.0,1340.0
1567.5754735,3,1,2,0,157,45.0,43.793
1567.575625,5,1,6,0,61,51.0,100.429
1567.575636,2,1,2,0,1,52.0,0.0
1567.575646,1,2,5,0,9,49.0,36.85
1567.579209,1,1,3,0,1,47.0,0.0
1567.579231,2,1,2,0,1,51.0,0.0
1567.5794525,3,1,1,0,1,47.0,0.0
1567.5794595,6,1,2,0,1,45.0,0.0
1567.5800045,6,1,4,1,59,59.0,270.119
1567.5828555,6,1,5,0,15,50.0,54.834
1567.582872,2,1,2,0,1,51.0,0.0
1567.582888,1,2,5,0,2,50.0,8.052
1567.5838855,6,1,1,0,1,45.0,0.0
1567.584317,1,5,7,1,63,47.0,106.168
1567.5843175,3,1,2,0,17,47.0,36.542
1567.584345,5,1,4,0,36,48.0,46.72
1567.5849015,6,1,1,0,1,45.0,0.0
1567.5860565,6,1,1,0,1,46.0,0.0
1567.587304,5,13,5,0,33,53.0,166.382
1567.5873045,6,1,1,0,1,50.0,0.0
1567.587314,1,1,3,0,17,49.0,37.571
1567.5891165,6,21,7,1,53,55.0,267.345
1567.589186,1,1,1,0,1,45.0,0.0
1567.590146,4,1,1,0,1,46.0,0.0
1567.590163,1,21,16,3,88,57.0,673.339
1567.5902085,3,1,2,0,4,50.0,19.122
1567.5919365,6,1,1,0,4,46.0,9.454
1567.5932775,6,2,3,0,30,49.0,103.321
1567.595948,1,1,2,0,1,47.0,0.0
1567.5959495,6,1,2,0,5,50.0,20.777
1567.5966195,6,1,1,0,1,49.0,0.0
1567.59937,5,1,1,0,1,54.0,0.0
1567.6012275,6,1,2,0,1,47.0,0.0
1567.602516,1,1,3,0,1,48.0,0.0
1567.6030155,6,2,2,0,6,58.0,98.968
1567.6049345,6,2,2,0,2,51.0,13.857
1567.6063935,6,1,7,1,207,50.0,104.223
1567.606578,5,2,2,0,5,50.0,32.11
1567.608314,5,1,1,0,1,45.0,0.0
1567.609308,2,1,1,0,1,51.0,0.0
1567.609603,1,2,1,0,2,45.0,3.324
1567.610692,1,1,2,0,1,49.0,0.0
1567.6111975,6,1,1,0,1,45.0,0.0
1567.6147805,6,1,3,0,20,50.0,55.312
1567.615519,5,2,4,0,18,54.0,129.478
1567.6155245,3,1,2,0,18,49.0,55.741
1567.6160515,6,1,1,0,1,46.0,0.0
1567.618376,5,1,1,0,1,45.0,0.0
1567.619092,5,1,9,1,53,55.0,231.475
1567.6191465,6,41,7,1,64,61.0,625.254
1567.619197,1,2,6,0,22,54.0,114.538
1567.6192195,3,1,1,0,1,45.0,0.0
1567.6213225,6,1,4,1,151,51.0,115.426
1567.62244,5,5,4,0,15,51.0,106.52
1567.622897,1,2,1,0,3,50.0,19.463
1567.6231965,6,1,1,0,1,45.0,0.0
1567.6307725,6,1,2,0,1,48.0,0.0
1567.631917,1,6,13,4,72,68.0,2823.0
1567.6324455,3,1,2,0,1,47.0,0.0
1567.6330195,6,1,2,0,4,50.0,20.691
1567.634265,1,1,1,0,1,45.0,0.0
1567.6348575,6,112,35,14,510,66.0,5902.0
1567.634866,5,112,25,10,248,64.0,4077.0
1567.6349545,3,20,13,3,125,58.0,787.631
1567.634991,4,13,5,1,78,50.0,134.511
1567.6389845,3,1,2,0,5,50.0,16.94
1567.638985,2,2,4,0,6,57.0,117.745
1567.638988,1,2,7,1,21,56.0,326.841
1567.639027,5,1,3,0,23,47.0,28.298
1567.6446975,6,2,1,0,3,49.0,13.328
1567.6454485,3,1,1,0,1,45.0,0.0
1567.6456975,6,1,1,0,1,45.0,0.0
1567.6468685,6,1,13,2,213,53.0,386.074
1567.646984,2,2,5,1,31,57.0,450.833
1567.6469995,3,2,4,1,81,53.0,137.675
1567.6477725,6,1,9,2,97,60.0,581.536
1567.647777,1,1,16,1,72,57.0,385.479
1567.647786,5,1,7,1,57,51.0,174.436
1567.6478015,3,1,2,0,1,46.0,0.0
1567.647816,2,1,4,0,22,53.0,161.687
1567.6492945,6,1,3,0,4,52.0,29.644
1567.6524575,6,3,9,1,50,62.0,686.14
1567.652471,1,1,6,1,83,49.0,123.729
1567.652476,5,1,4,0,1,50.0,0.0
1567.6525715,3,1,1,0,10,46.0,15.478
1567.6531425,6,1,2,0,1,51.0,0.0
1567.6541565,6,1,4,0,27,49.0,69.933
1567.6549715,6,2,7,1,38,67.0,1382.0
1567.654999,1,1,5,0,26,49.0,63.658
1567.6559985,3,10,21,7,244,64.0,2693.0
1567.655999,2,9,20,8,158,61.0,2895.0
1567.656005,5,23,15,3,85,57.0,692.495
1567.6560095,6,48,36,13,279,63.0,4776.0
1567.6570085,6,1,1,0,1,46.0,0.0
1567.657526,1,1,4,1,47,55.0,226.854
1567.6578265,6,1,5,0,28,49.0,81.531
1567.657843,5,2,1,0,2,49.0,11.835
1567.6587515,6,1,3,0,6,51.0,14.984
1567.6598395,6,1,3,0,1,50.0,0.0
1567.6603855,6,1,2,0,1,51.0,0.0
1567.661952,1,1,3,0,10,53.0,46.651
1567.6621975,6,1,8,1,102,50.0,179.678
1567.665688,5,12,27,8,167,61.0,3033.0
1567.6656965,3,1,11,2,133,52.0,329.179
1567.6671985,3,27,16,3,159,60.0,720.692
1567.667206,1,27,17,3,137,57.0,610.012
1567.6680115,6,1,3,0,12,49.0,39.073
1567.668825,5,2,1,0,4,47.0,15.594
1567.671695,1,1,2,0,1,47.0,0.0
1567.6717015,6,1,5,1,102,52.0,123.232
1567.675553,2,9,6,2,65,62.0,895.684
1567.6755715,6,1,6,0,45,53.0,134.714
1567.675584,5,1,3,0,30,49.0,80.97
1567.676073,4,1,1,0,1,49.0,0.0
1567.6761185,6,1,2,0,1,45.0,0.0
1567.676134,5,1,1,0,1,46.0,0.0
1567.67768,1,1,20,8,222,71.0,5397.0
1567.6783435,6,1,3,0,5,49.0,17.527
1567.6783655,3,1,1,0,1,46.0,0.0
1567.678485,5,1,1,0,1,46.0,0.0
1567.6810755,6,1,1,0,1,45.0,0.0
1567.681774,5,21,17,4,119,59.0,1147.0
1567.6817855,6,6,21,6,228,62.0,1986.0
1567.6818025,3,1,2,0,4,46.0,7.63
1567.681808,4,2,3,0,3,47.0,9.014
1567.681824,1,1,6,1,73,52.0,224.819
1567.681842,2,1,2,0,52,53.0,137.769
1567.6838515,6,1,6,2,242,55.0,315.43
1567.687183,2,1,1,0,1,51.0,0.0
1567.687183,1,1,4,0,4,53.0,32.157
1567.6871895,3,1,1,0,1,45.0,0.0
1567.688072,1,2,4,1,48,55.0,167.178
1567.6881195,6,1,1,0,1,46.0,0.0
1567.689088,5,2,7,1,37,60.0,751.394
1567.692603,1,1,1,0,1,45.0,0.0
1567.6930365,6,1,14,4,309,54.0,621.31
1567.6931045,3,1,5,0,17,54.0,79.513
1567.693105,1,15,19,5,236,61.0,1077.0
1567.693107,2,2,4,0,12,55.0,184.699
1567.6940995,6,1,1,0,1,45.0,0.0
1567.695098,5,23,14,2,79,57.0,460.228
1567.695099,1,65,21,4,151,58.0,792.139
1567.6951005,3,2,10,1,72,51.0,211.3
1567.6951015,6,14,18,5,178,62.0,1618.0
1567.697182,1,1,1,0,1,45.0,0.0
1567.6977165,6,1,1,0,1,45.0,0.0
1567.698315,5,4,4,0,20,54.0,234.117
1567.6988325,3,20,16,5,175,59.0,1074.0
1567.698833,4,1,2,0,32,49.0,47.137
1567.698835,2,11,22,8,149,63.0,3367.0
1567.698839,1,314,41,12,430,62.0,3426.0
1567.6988535,6,2,26,8,385,60.0,1797.0
1567.7044065,6,1,1,0,1,45.0,0.0
1567.7074495,3,1,3,0,8,49.0,16.798
1567.707454,2,1,8,1,38,57.0,421.204
1567.70747,1,1,11,2,86,54.0,364.583
1567.7074725,6,12,9,1,104,52.0,240.548
1567.712718,5,2,4,0,35,54.0,109.291
1567.7127505,3,1,1,0,1,46.0,0.0
1567.7137475,6,3,8,2,48,64.0,1309.0
1567.7176695,6,1,5,0,26,51.0,110.377
1567.718014,1,4,15,2,99,58.0,522.908
1567.718022,5,1,14,2,91,52.0,299.47
1567.71803,2,1,6,2,111,55.0,412.625
1567.7180385,3,1,4,0,47,49.0,66.962
1567.718979,1,1,3,0,15,50.0,26.317
1567.7189995,6,1,1,0,1,46.0,0.0
1567.719557,1,1,1,0,1,45.0,0.0
1567.7197615,6,1,2,0,1,48.0,0.0
1567.72059,1,2,1,0,2,46.0,23.537
1567.722456,5,3,3,0,5,49.0,15.673
1567.7231285,6,3,11,3,71,62.0,1030.0
1567.7231355,3,1,3,0,51,49.0,92.413
1567.723147,2,32,3,0,33,54.0,135.425
1567.723156,1,1,8,0,43,52.0,132.964
1567.726069,1,1,7,1,44,53.0,153.446
1567.7260905,6,1,3,0,1,46.0,0.0
1567.7279805,6,1,2,0,4,51.0,21.438
1567.7297315,6,3,10,2,106,57.0,572.68
1567.7297555,3,1,3,1,73,48.0,104.049
1567.729756,1,1,6,1,120,50.0,133.962
1567.729761,5,45,12,1,71,51.0,190.318
1567.730391,1,1,1,0,4,52.0,25.635
1567.7306845,6,1,4,0,25,51.0,106.393
1567.73166,5,5,21,5,134,64.0,1796.0
1567.731661,1,31,18,3,121,57.0,789.824
1567.7316745,6,7,17,4,149,58.0,1102.0
1567.7328225,6,1,1,0,1,45.0,0.0
1567.734172,1,4,3,0,5,52.0,58.322
1567.7354485,6,2,2,0,7,48.0,26.574
1567.7362695,3,1,1,0,1,45.0,0.0
1567.7390785,3,1,1,0,27,50.0,34.626
1567.739317,5,1,1,0,1,48.0,0.0
1567.7393985,6,1,1,0,1,47.0,0.0
1567.7415625,6,7,6,2,30,63.0,1282.0
1567.74229,5,1,2,0,1,49.0,0.0
1567.7427035,6,2,8,2,124,62.0,727.235
1567.742786,1,1,4,0,4,51.0,14.105
1567.7428,5,2,1,0,3,50.0,17.978
1567.7428315,3,1,1,0,1,45.0,0.0
1567.743418,1,2,1,0,3,45.0,7.825
1567.7439075,3,2,1,0,5,51.0,25.98
1567.745053,5,1,2,0,1,48.0,0.0
1567.745068,1,1,2,0,1,48.0,0.0
1567.7450815,3,2,1,0,2,45.0,3.665
1567.7503595,6,1,1,0,1,46.0,0.0
1567.751013,1,1,2,1,182,47.0,55.487
1567.7511515,6,2,3,0,3,50.0,27.725
1567.751987,1,1,1,0,1,45.0,0.0
1567.75422,5,3,4,0,21,50.0,94.44
1567.754235,1,1,1,0,1,48.0,0.0
1567.7542555,6,1,2,0,4,47.0,9.36
1567.756538,5,6,6,1,32,60.0,385.352
1567.757123,1,2,2,0,16,46.0,42.455
1567.7580665,6,1,1,0,1,51.0,0.0
1567.759152,1,1,1,0,1,45.0,0.0
1567.7619385,6,1,2,0,4,50.0,16.889
1567.7626405,6,1,1,0,4,50.0,16.295
1567.7638115,3,1,2,0,1,50.0,0.0
1567.763823,1,8,3,0,33,53.0,147.583
1567.763847,2,1,1,0,1,50.0,0.0
1567.7638985,6,1,1,0,1,45.0,0.0
1567.7653275,6,1,1,0,1,45.0,0.0
1567.7659865,3,1,5,0,42,49.0,93.583
1567.765997,1,1,12,1,64,52.0,274.173
1567.766005,2,1,3,0,18,54.0,80.388
1567.7666865,6,2,2,0,8,51.0,48.315
1567.7675115,6,1,2,0,1,48.0,0.0
1567.7702995,6,2,2,0,9,47.0,18.507
1567.770562,5,2,3,0,3,51.0,18.148
1567.771032,1,2,5,0,9,55.0,55.538
1567.772726,1,1,6,0,39,51.0,72.382
1567.7728275,3,1,1,0,1,45.0,0.0
1567.773705,1,1,3,0,6,52.0,38.115
1567.7739045,6,1,2,0,1,45.0,0.0
1567.777028,1,2,1,0,3,50.0,30.087
1567.7790685,6,10,23,6,136,64.0,1941.0
1567.7790915,3,1,9,2,129,52.0,269.042
1567.779093,5,2,16,3,103,57.0,611.505
1567.7821255,6,1,2,0,10,54.0,60.977
1567.782939,5,1,1,0,1,45.0,0.0
1567.78312,1,2,1,0,3,47.0,10.115
1567.783836,5,2,1,0,2,45.0,3.579
1567.7851715,6,9,17,7,117,70.0,5661.0
1567.785191,1,1,11,2,123,55.0,463.475
1567.7852075,3,1,7,1,50,53.0,203.954
1567.785208,5,1,5,0,1,48.0,0.0
1567.78524,2,1,2,0,1,52.0,0.0
1567.7858825,6,2,2,0,5,48.0,23.614
1567.786681,1,4,4,0,15,52.0,104.257
1567.7866995,6,1,2,0,6,47.0,10.769
1567.786724,5,1,5,0,1,50.0,0.0
1567.787016,4,3,2,0,4,49.0,16.457
1567.7872085,6,1,3,0,1,47.0,0.0
1567.7882095,3,1,3,0,15,54.0,170.279
1567.788224,1,1,3,0,51,48.0,61.807
1567.788226,2,1,4,1,31,54.0,206.537
1567.7882495,6,1,2,0,1,45.0,0.0
1567.790638,5,1,2,0,1,50.0,0.0
1567.7906405,3,3,2,0,10,52.0,58.156
1567.7916475,6,1,6,0,27,51.0,112.851
1567.792247,1,1,1,0,1,45.0,0.0
1567.794175,5,5,10,2,40,61.0,924.037
1567.7942025,6,1,6,1,53,54.0,163.71
1567.794208,2,1,1,0,1,50.0,0.0
1567.7942235,3,1,1,0,1,45.0,0.0
1567.795117,1,1,5,0,25,53.0,106.232
1567.796688,1,1,2,0,7,52.0,53.354
1567.7967165,6,1,3,0,1,46.0,0.0
1567.7972265,6,1,1,0,1,45.0,0.0
1567.7982635,6,46,28,11,238,64.0,4535.0
1567.798264,5,8,23,6,176,59.0,1770.0
1567.7982705,3,13,18,5,198,57.0,1022.0
1567.798284,2,1,14,4,77,61.0,1301.0
1567.79966,5,2,3,0,2,48.0,6.886
1567.7998375,6,1,3,0,8,52.0,31.148
1567.801181,5,2,3,0,8,48.0,38.745
1567.8016325,3,3,4,1,62,60.0,383.803
1567.80166,1,2,1,0,2,45.0,7.047
1567.8032895,6,1,2,0,24,50.0,35.215
1567.808008,5,8,16,3,110,55.0,526.98
1567.8080165,6,2,10,3,116,62.0,792.372
1567.808023,1,13,14,1,73,54.0,319.785
1567.808023,2,1,6,2,89,56.0,486.174
1567.8080375,3,1,3,0,67,48.0,86.353
1567.8090085,6,1,3,0,14,48.0,31.374
1567.8096725,6,1,4,0,7,53.0,57.94
1567.809705,1,1,4,0,1,49.0,0.0
1567.8097215,3,1,1,0,1,45.0,0.0
1567.81034,1,1,5,0,5,53.0,48.081
1567.810813,2,1,3,0,16,55.0,140.509
1567.8108565,6,1,2,0,1,51.0,0.0
1567.810858,5,1,3,0,1,49.0,0.0
1567.810882,1,2,1,0,2,45.0,7.047
1567.8113615,6,2,2,0,10,49.0,32.265
1567.811724,1,2,2,0,3,53.0,26.736
1567.8122825,6,1,2,0,1,50.0,0.0
1567.8126725,3,2,2,0,17,46.0,25.489
1567.812699,1,1,3,0,1,47.0,0.0
1567.812702,2,1,1,0,1,50.0,0.0
1567.814586,1,2,1,0,3,46.0,7.784
1567.816913,1,2,2,0,2,46.0,7.333
1567.8174845,6,2,4,1,25,66.0,867.018
1567.8183455,6,1,3,0,24,49.0,44.552
1567.819657,5,2,3,0,13,55.0,128.174
1567.8196935,3,1,1,0,1,45.0,0.0
1567.821378,5,2,1,0,2,45.0,4.66
1567.823609,1,1,3,0,13,49.0,37.699
1567.8236145,6,1,1,0,1,48.0,0.0
1567.824233,1,2,1,0,3,48.0,13.69
1567.8253185,6,2,2,0,15,52.0,50.356
1567.82583,5,2,5,0,23,57.0,270.757
1567.8258675,6,2,5,0,29,51.0,79.103
1567.8266075,6,2,6,1,26,62.0,584.732
1567.826637,5,1,2,0,1,46.0,0.0
1567.8266485,3,1,1,0,1,45.0,0.0
1567.827193,1,1,2,0,1,46.0,0.0
1567.8290215,3,1,13,2,94,56.0,431.991
1567.8290225,6,4,19,6,180,67.0,2668.0
1567.829041,2,2,11,3,110,56.0,803.032
1567.8344455,6,1,3,0,14,50.0,60.099
1567.8366715,6,1,6,2,259,50.0,205.367
1567.836874,2,1,3,0,1,54.0,0.0
1567.836883,1,8,4,0,23,50.0,81.669
1567.836933,5,1,1,0,1,45.0,0.0
1567.838492,1,1,1,0,1,45.0,0.0
1567.8403075,6,2,1,0,2,48.0,7.006
1567.8411715,6,1,1,0,9,51.0,29.925
1567.8423245,6,2,16,3,149,56.0,683.509
1567.842348,1,53,16,2,79,57.0,630.832
1567.842373,5,4,14,3,47,64.0,1588.0
1567.842374,2,1,14,4,103,55.0,861.935
1567.8424155,3,1,3,0,1,47.0,0.0
1567.843013,5,2,1,0,2,53.0,35.765
1567.8432255,6,1,2,0,19,47.0,37.789
1567.845504,1,2,1,0,6,53.0,54.439
1567.847371,1,1,2,0,1,45.0,0.0
1567.850757,1,1,4,0,58,51.0,94.284
1567.8507605,6,1,3,0,10,49.0,27.622
1567.850824,5,2,1,0,2,45.0,3.579
1567.852862,1,1,1,0,1,45.0,0.0
1567.8530705,3,1,1,0,1,46.0,0.0
1567.8538295,6,1,2,0,1,46.0,0.0
1567.8545335,6,1,2,0,1,48.0,0.0
1567.8561075,6,1,1,0,1,45.0,0.0
1567.8613625,3,1,2,0,5,52.0,32.901
1567.86138,5,1,4,0,1,47.0,0.0
1567.8613955,6,1,2,0,4,49.0,17.704
1567.862745,1,1,1,0,1,45.0,0.0
1567.8632335,6,1,2,0,1,46.0,0.0
1567.863864,1,1,4,0,1,47.0,0.0
1567.865049,1,2,7,1,47,57.0,280.826
1567.865911,1,2,1,0,3,46.0,9.632
1567.8669135,6,1,1,0,4,48.0,10.023
1567.8673545,3,1,1,0,1,47.0,0.0
1567.867373,1,1,7,1,50,52.0,166.799
1567.867375,2,1,1,0,1,53.0,0.0
1567.869473,1,72,7,1,80,52.0,228.925
1567.872373,5,2,2,0,43,49.0,59.537
1567.872487,1,1,2,0,1,47.0,0.0
1567.8747675,6,2,4,0,23,51.0,96.378
1567.875255,1,5,7,1,43,55.0,176.096
1567.8760125,3,2,2,0,10,55.0,94.662
1567.8761725,6,3,6,1,47,58.0,435.168
1567.876189,5,1,2,0,1,48.0,0.0
1567.876913,5,1,2,0,4,48.0,11.947
1567.877688,5,2,3,0,3,48.0,9.323
1567.8781285,6,1,4,0,47,52.0,68.829
1567.8789655,6,1,1,0,1,50.0,0.0
1567.8797255,6,1,3,0,1,50.0,0.0
1567.8808355,6,1,1,0,1,45.0,0.0
1567.88235,1,1,10,1,61,53.0,265.315
1567.882415,5,2,1,0,2,46.0,4.432
1567.885618,1,1,1,0,1,45.0,0.0
1567.8858745,6,1,1,0,1,45.0,0.0
1567.888122,5,2,14,2,59,57.0,843.877
1567.8881465,6,1,3,0,14,54.0,82.255
1567.8881885,3,1,1,0,1,45.0,0.0
1567.889456,1,1,1,0,1,49.0,0.0
1567.8901235,6,1,2,0,8,47.0,19.899
1567.8910305,6,1,6,0,32,55.0,184.247
1567.892385,1,1,3,0,11,50.0,40.777
1567.8923895,6,1,3,0,14,51.0,47.087
1567.8929425,6,1,1,0,1,45.0,0.0
1567.901205,1,2,1,0,3,47.0,8.796
1567.9024165,6,16,17,9,84,70.0,9365.0
1567.902452,1,48,13,2,128,53.0,386.802
1567.9024575,3,1,8,1,65,52.0,221.201
1567.90249,5,1,6,0,31,50.0,85.07
1567.9059175,6,2,1,0,2,47.0,4.148
1567.9077885,3,1,1,0,1,45.0,0.0
1567.908018,1,1,4,0,36,56.0,154.893
1567.908629,1,1,12,1,56,53.0,231.373
1567.90865,2,1,2,0,24,51.0,45.081
1567.9086755,3,1,1,0,1,45.0,0.0
1567.910571,1,1,1,0,1,45.0,0.0
1567.912026,5,1,1,0,1,46.0,0.0
1567.9127715,6,1,5,1,28,58.0,269.77
1567.913685,5,2,1,0,5,45.0,21.735
1567.915402,1,1,2,0,74,46.0,43.741
1567.917753,5,1,6,0,20,50.0,79.577
1567.917766,2,1,1,0,1,55.0,0.0
1567.9177745,6,1,5,0,29,47.0,52.788
1567.917791,1,2,4,0,25,49.0,65.439
1567.922151,1,2,10,3,221,56.0,411.995
1567.9243955,6,1,2,0,167,46.0,42.714
1567.9248455,3,1,1,0,4,48.0,10.734
1567.924848,5,2,3,0,2,56.0,29.83
1567.9250805,6,4,11,3,62,65.0,2118.0
1567.925118,1,1,6,0,1,55.0,0.0
1567.926463,1,2,1,0,2,48.0,3.241
1567.927592,1,1,1,0,1,49.0,0.0
1567.9307945,6,1,2,0,1,47.0,0.0
1567.9307965,3,2,1,0,6,50.0,21.292
1567.931127,1,2,5,0,57,48.0,81.278
1567.932243,5,2,2,0,2,49.0,4.66
1567.9322565,6,1,4,0,112,49.0,48.524
1567.932388,1,1,1,0,1,45.0,0.0
1567.934182,1,2,1,0,3,47.0,9.439
1567.9365715,3,1,2,0,17,50.0,43.98
1567.936573,2,2,2,0,3,57.0,87.618
1567.936587,5,1,2,0,1,49.0,0.0
1567.9365905,6,1,2,0,4,48.0,12.122
1567.936602,1,1,1,0,1,45.0,0.0
1567.9374085,6,1,3,0,8,49.0,20.064
1567.9393,5,2,1,0,2,45.0,3.579
1567.9394495,6,1,1,0,1,45.0,0.0
1567.9402405,3,3,4,0,45,52.0,96.158
1567.940253,1,2,6,1,88,52.0,198.543
1567.940256,2,1,4,1,30,55.0,279.805
1567.9402825,6,11,4,0,17,53.0,97.827
1567.941094,5,2,4,1,28,54.0,283.997
1567.9411385,6,1,1,0,1,46.0,0.0
1567.941837,5,1,2,0,1,48.0,0.0
1567.945852,1,2,18,8,118,75.0,10009.0
1567.9462855,6,1,2,0,4,49.0,14.072
1567.946761,1,1,1,0,1,45.0,0.0
1567.9471765,3,1,1,0,1,47.0,0.0
1567.948459,1,2,11,1,42,58.0,456.411
1567.949928,5,1,6,1,59,54.0,217.899
1567.949934,1,11,12,1,31,55.0,402.257
1567.9499355,6,1,10,1,56,55.0,256.423
1567.949958,2,2,4,1,36,55.0,213.889
1567.9505865,6,1,1,0,1,47.0,0.0
1567.9515535,6,1,5,0,26,56.0,202.731
1567.95356,1,1,3,0,1,49.0,0.0
1567.953582,5,1,1,0,1,45.0,0.0
1567.954092,1,1,6,0,6,55.0,81.397
1567.9541885,6,1,1,0,1,45.0,0.0
1567.954849,5,4,7,1,22,60.0,495.127
1567.954927,1,1,1,0,1,45.0,0.0
1567.955432,1,4,14,4,69,67.0,2806.0
1567.956148,1,10,6,1,44,55.0,196.894
1567.957155,1,2,10,2,64,63.0,1078.0
1567.95778,1,2,6,0,32,57.0,245.266
1567.9578075,6,1,6,1,77,48.0,92.312
1567.9582775,3,2,2,0,5,49.0,27.331
1567.958292,2,1,1,0,1,52.0,0.0
1567.958337,1,1,5,0,40,50.0,118.578
1567.959166,5,2,1,0,2,51.0,10.659
1567.961099,5,9,2,0,10,51.0,48.699
1567.961666,5,1,3,0,1,48.0,0.0
1567.9631565,6,1,1,0,1,45.0,0.0
1567.9639315,6,1,3,0,4,51.0,26.602
1567.964847,1,2,4,0,18,57.0,229.575
1567.965543,1,1,7,1,42,56.0,249.558
1567.9655485,3,1,2,0,8,51.0,46.969
1567.965561,5,2,2,0,2,47.0,9.639
1567.9672095,6,3,16,4,238,64.0,1354.0
1567.967243,1,1,7,0,39,48.0,53.154
1567.967257,5,2,1,0,2,45.0,5.342
1567.9683625,6,1,2,0,22,48.0,35.996
1567.968411,1,1,1,0,1,45.0,0.0
1567.969018,5,2,8,1,63,52.0,302.771
1567.9690325,3,3,7,1,95,55.0,229.564
1567.969035,2,6,6,1,40,53.0,237.864
1567.9703705,6,2,2,0,3,48.0,11.204
1567.9706585,3,1,1,0,1,45.0,0.0
1567.970866,1,1,2,0,1,47.0,0.0
1567.9711175,6,7,17,4,166,62.0,1124.0
1567.971126,5,2,10,2,98,56.0,326.14
1567.9711605,3,2,6,1,95,50.0,183.056
1567.9719135,6,4,14,5,138,67.0,2443.0
1567.971918,5,1,10,2,96,54.0,275.854
1567.9719345,3,1,5,1,87,54.0,148.516
1567.971941,2,1,5,0,31,52.0,182.573
1567.971942,1,35,5,0,36,50.0,71.062
1567.972516,1,1,2,0,1,52.0,0.0
1567.9725355,3,1,1,0,1,45.0,0.0
1567.973435,1,2,2,0,3,54.0,31.552
1567.9741155,3,1,2,0,1,48.0,0.0
1567.977871,2,1,1,0,1,51.0,0.0
1567.9783075,6,1,1,0,1,45.0,0.0
1567.978745,1,12,17,3,104,56.0,615.91
1567.978756,2,1,13,3,82,59.0,988.491
1567.9787625,3,1,11,3,131,57.0,522.921
1567.978768,5,19,13,2,97,57.0,551.647
1567.9800225,6,2,4,1,26,62.0,427.753
1567.9800695,3,1,1,0,1,45.0,0.0
1567.980464,1,1,1,0,1,46.0,0.0
1567.9810845,6,1,2,0,5,46.0,9.722
1567.981559,1,1,2,0,1,49.0,0.0
1567.9847825,6,1,1,0,1,49.0,0.0
1567.986048,2,1,1,0,1,50.0,0.0
1567.986434,1,23,21,4,144,55.0,807.585
1567.986549,2,1,3,0,1,51.0,0.0
1567.987774,1,1,1,0,1,45.0,0.0
1567.9879635,6,1,1,0,4,50.0,19.455
1567.989171,5,2,1,0,5,49.0,27.549
1567.9901065,6,2,1,0,2,45.0,5.52
1567.991187,1,1,1,0,1,45.0,0.0
1567.9931735,6,1,1,0,1,45.0,0.0
1567.9956905,6,1,2,0,1,47.0,0.0
1567.9963665,6,1,1,0,1,45.0,0.0
1567.9985305,6,3,9,3,72,63.0,1639.0
1567.998573,5,1,2,0,1,48.0,0.0
1567.998609,1,1,2,0,1,48.0,0.0
1567.9995525,6,1,2,0,1,47.0,0.0
1568.0002255,6,1,1,0,1,45.0,0.0
1568.0014285,6,14,20,9,143,69.0,6872.0
1568.001455,4,1,1,0,1,45.0,0.0
1568.001456,1,39,19,4,145,58.0,1116.0
1568.002104,1,1,9,1,51,54.0,210.095
1568.0021265,6,1,3,0,1,48.0,0.0
1568.0021285,3,1,1,0,1,46.0,0.0
1568.002952,4,1,3,0,30,52.0,73.806
1568.002954,2,2,25,10,151,65.0,5421.0
1568.00296,1,2,33,10,204,63.0,3979.0
1568.002962,5,11,29,9,215,64.0,3766.0
1568.0029695,6,7,23,7,184,62.0,2051.0
1568.0048415,6,1,2,0,4,48.0,13.989
1568.0062605,6,1,1,0,4,48.0,10.814
1568.006725,1,4,5,0,35,57.0,234.077
1568.0086625,6,1,2,0,8,55.0,106.442
1568.0096825,3,1,4,0,7,55.0,66.49
1568.00969,5,3,6,0,42,50.0,138.688
1568.00969,1,2,4,0,8,52.0,59.096
1568.0097155,6,2,3,0,37,49.0,59.434
1568.0115235,3,1,1,0,4,47.0,11.413
1568.014405,5,1,2,0,1,45.0,0.0
1568.0152535,6,1,1,0,1,45.0,0.0
1568.015782,1,1,1,0,1,48.0,0.0
1568.0158525,6,1,3,0,14,47.0,22.291
1568.0166545,6,1,1,0,1,45.0,0.0
1568.018881,1,1,1,0,1,48.0,0.0
1568.0190295,6,1,3,0,19,52.0,66.056
1568.0196665,6,1,12,3,82,65.0,1381.0
1568.01967,1,11,13,2,72,58.0,599.518
1568.0196755,3,1,3,0,18,49.0,24.082
1568.019685,5,16,6,1,69,51.0,237.737
1568.020921,1,1,5,0,52,49.0,97.405
1568.0209425,3,2,2,0,8,47.0,13.74
1568.024418,5,1,3,0,7,50.0,26.171
1568.0253375,6,2,3,0,9,49.0,32.368
1568.027545,1,2,9,1,70,53.0,271.643
1568.0275645,3,1,1,0,1,46.0,0.0
1568.0288775,6,1,4,0,1,52.0,0.0
1568.029374,5,2,4,0,12,57.0,238.644
1568.030593,5,1,2,0,1,49.0,0.0
1568.0306095,6,1,2,0,10,48.0,23.542
1568.03227,5,5,7,0,25,54.0,258.666
1568.032955,2,78,20,7,138,60.0,2820.0
1568.032957,5,16,24,5,152,61.0,1529.0
1568.032959,4,1,3,0,1,49.0,0.0
1568.0329635,6,2,21,6,194,59.0,1501.0
1568.034287,5,2,7,1,37,56.0,449.945
1568.035099,1,1,2,0,6,48.0,17.209
1568.0351175,6,1,9,2,55,65.0,1223.0
1568.0359195,6,21,10,1,56,57.0,424.828
1568.035933,1,1,8,1,51,52.0,121.188
1568.0359335,3,1,4,0,44,47.0,68.765
1568.035936,5,1,8,0,31,50.0,70.433
1568.0366295,6,1,3,0,107,51.0,80.338
1568.036691,1,10,4,1,52,55.0,208.92
1568.037629,1,2,4,0,33,48.0,61.034
1568.039682,5,2,1,0,2,45.0,3.464
1568.040427,5,2,2,0,9,46.0,22.745
1568.041807,1,2,4,0,10,50.0,38.862
1568.045208,1,1,1,0,1,47.0,0.0
1568.0466785,6,1,5,1,25,63.0,529.39
1568.0474385,6,1,2,0,4,51.0,14.063
1568.049239,5,1,7,1,38,54.0,217.445
1568.05036,5,9,18,5,142,65.0,1547.0
1568.0503605,3,5,13,4,144,58.0,1058.0
1568.0503755,6,75,16,3,104,57.0,634.317
1568.050379,2,2,11,4,112,59.0,1050.0
1568.050382,1,2,16,3,124,55.0,568.818
1568.051496,2,1,2,0,5,58.0,119.582
1568.0515035,3,1,3,0,20,53.0,78.898
1568.051546,1,1,2,0,1,51.0,0.0
1568.0515485,6,1,3,0,9,50.0,35.224
1568.0531745,6,1,1,0,1,45.0,0.0
1568.0534895,3,1,8,1,79,53.0,259.408
1568.05349,2,1,8,3,105,57.0,789.274
1568.053493,5,1,7,1,62,52.0,161.421
1568.053494,1,2,11,2,78,54.0,321.644
1568.0542275,6,1,2,0,1,45.0,0.0
1568.0567545,6,6,8,1,26,62.0,523.19
1568.056795,5,1,3,0,1,48.0,0.0
1568.0571745,3,1,1,0,1,47.0,0.0
1568.0587205,6,3,3,0,12,56.0,126.614
1568.059213,1,3,6,0,38,60.0,337.095
1568.0595805,6,1,7,1,40,56.0,256.169
1568.0602145,6,2,1,0,2,47.0,5.628
1568.0602435,3,1,2,0,5,49.0,17.632
1568.0636975,6,1,2,0,1,49.0,0.0
1568.066905,1,1,1,0,1,45.0,0.0
1568.0675745,6,1,4,0,6,56.0,101.715
1568.0690705,6,2,5,0,16,61.0,264.838
1568.069105,5,2,3,0,2,48.0,5.377
1568.0697175,6,1,2,0,4,53.0,26.758
1568.0703935,6,1,1,0,1,45.0,0.0
1568.071424,1,34,13,2,50,58.0,766.642
1568.071431,2,13,6,1,49,53.0,256.99
1568.0714435,3,1,4,0,17,47.0,33.965
1568.0733005,6,9,28,18,234,76.0,22440.0
1568.0733105,3,49,21,9,210,65.0,3675.0
1568.073322,4,1,4,0,41,49.0,77.92
1568.0743465,6,1,1,0,1,47.0,0.0
1568.0750645,6,1,2,0,1,47.0,0.0
1568.075478,5,2,5,0,27,54.0,202.953
1568.0754815,3,1,2,0,1,45.0,0.0
1568.07551,1,3,4,0,23,52.0,84.24
1568.0758685,6,2,3,0,18,51.0,89.42
1568.076789,1,14,31,10,177,64.0,4092.0
1568.0767915,3,6,18,5,134,59.0,1553.0
1568.076806,2,35,19,8,161,63.0,3093.0
1568.078724,1,2,8,2,211,57.0,303.462
1568.0787435,6,1,1,0,1,45.0,0.0
1568.079206,5,1,4,0,17,55.0,150.356
1568.080446,1,1,1,0,1,45.0,0.0
1568.0847495,3,1,2,0,5,50.0,27.148
1568.0851215,6,1,1,0,1,45.0,0.0
1568.085786,1,1,1,0,1,45.0,0.0
1568.0873485,6,1,1,0,1,45.0,0.0
1568.089452,1,1,1,0,1,45.0,0.0
1568.093587,5,2,5,0,25,53.0,176.814
1568.0944745,6,1,1,0,1,51.0,0.0
1568.0952645,6,1,1,0,1,46.0,0.0
1568.095926,5,2,2,0,3,49.0,10.357
1568.0959375,3,1,1,0,1,45.0,0.0
1568.0967815,6,1,1,0,1,45.0,0.0
1568.102711,1,2,4,0,7,54.0,36.996
1568.1046785,6,1,1,0,1,45.0,0.0
1568.1060625,6,9,4,0,13,53.0,134.518
1568.106437,1,2,2,0,3,52.0,22.391
1568.1065965,6,1,2,0,4,48.0,9.33
1568.1076545,3,1,1,0,1,45.0,0.0
1568.1081615,6,1,1,0,4,45.0,7.057
1568.110067,5,2,8,0,10,58.0,143.544
1568.1100985,3,1,2,0,1,45.0,0.0
1568.1100995,6,1,4,0,4,50.0,18.758
1568.1134665,6,1,1,0,1,45.0,0.0
1568.114342,1,9,5,1,36,55.0,270.224
1568.114358,2,1,1,0,1,51.0,0.0
1568.11439,5,2,2,0,2,45.0,3.933
1568.1148345,6,1,1,0,4,46.0,7.44
1568.1167685,6,1,1,0,4,45.0,6.761
1568.118003,1,1,9,2,130,55.0,340.956
1568.1180125,3,1,4,0,45,50.0,74.292
1568.1196735,3,1,2,0,5,49.0,20.333
1568.119714,1,1,1,0,1,45.0,0.0
1568.1215555,6,2,2,0,2,49.0,15.194
1568.121961,5,2,3,0,53,46.0,57.111
1568.123259,1,1,5,0,21,54.0,154.547
1568.1241715,3,1,4,1,81,48.0,97.134
1568.12418,2,1,6,1,40,55.0,270.806
1568.124187,1,1,8,1,86,52.0,220.712
1568.1242065,6,1,4,0,19,51.0,65.42
1568.124232,5,2,5,0,16,50.0,75.242
1568.1301035,6,1,4,1,29,56.0,234.789
1568.130136,5,1,2,0,12,47.0,18.626
1568.130735,1,1,1,0,1,47.0,0.0
1568.1324545,6,1,1,0,1,48.0,0.0
1568.13319,5,2,9,1,62,58.0,413.927
1568.133222,2,2,3,0,2,52.0,11.678
1568.133225,1,20,8,0,30,52.0,141.335
1568.1332315,6,1,5,0,27,55.0,203.746
1568.1337895,3,1,1,0,4,48.0,11.119
1568.1359745,6,1,3,0,7,49.0,12.723
1568.137357,1,2,3,0,10,51.0,89.128
1568.1375175,3,1,2,0,7,53.0,59.899
1568.137524,5,2,2,0,5,49.0,21.619
1568.1377035,6,161,29,9,328,66.0,3302.0
1568.1378668,1,2,24,6,202,56.0,1209.0
1568.138042,5,1,1,0,1,45.0,0.0
1568.1380485,3,1,1,0,1,45.0,0.0
1568.139312,1,6,8,1,42,59.0,398.261
1568.1401265,6,1,1,0,1,48.0,0.0
1568.140627,5,13,8,0,14,51.0,77.543
1568.1406325,3,1,1,0,1,45.0,0.0
1568.1406745,6,1,3,0,1,48.0,0.0
1568.140677,1,1,3,0,6,50.0,23.749
1568.1414345,3,2,17,6,227,58.0,1355.0
1568.141435,2,2,18,8,127,69.0,5044.0
1568.141438,5,36,28,9,170,62.0,3475.0
1568.14363,1,2,2,0,2,47.0,6.375
1568.1439405,6,2,5,0,18,51.0,92.084
1568.1460095,6,2,4,0,24,53.0,102.702
1568.146062,5,1,1,0,1,45.0,0.0
1568.1475235,6,1,2,0,14,49.0,25.411
1568.1480385,6,1,1,0,4,46.0,8.349
1568.148533,1,1,1,0,1,45.0,0.0
1568.1485445,6,1,3,0,1,48.0,0.0
1568.148943,5,2,9,0,12,56.0,136.982
1568.1489675,3,1,3,0,37,49.0,94.479
1568.1518895,6,1,1,0,1,46.0,0.0
1568.154005,1,1,1,0,1,45.0,0.0
1568.154856,5,2,3,1,29,61.0,466.608
1568.1548885,6,1,2,0,8,50.0,29.18
1568.155127,1,2,3,0,2,48.0,9.078
1568.1564765,3,1,5,1,57,49.0,103.218
1568.156482,2,1,2,0,1,52.0,0.0
1568.1564965,6,1,4,0,63,48.0,76.649
1568.156502,1,1,7,1,61,50.0,105.903
1568.1576095,3,1,1,0,1,46.0,0.0
1568.157617,1,1,2,0,1,47.0,0.0
1568.15765,2,1,1,0,1,50.0,0.0
1568.159157,5,2,1,0,2,47.0,8.052
1568.15985,1,2,2,0,7,54.0,96.74
1568.1605485,6,1,1,0,98,49.0,31.948
1568.1627815,6,1,1,0,1,48.0,0.0
1568.1636355,6,1,3,0,110,49.0,66.198
1568.165217,1,197,24,7,302,66.0,2124.0
1568.1654245,3,1,6,1,89,50.0,148.572
1568.165435,2,4,15,4,82,63.0,1695.0
1568.165454,5,2,5,1,47,53.0,182.03
1568.1679135,6,24,4,1,39,55.0,206.621
1568.1686325,6,1,2,0,12,56.0,148.72
1568.1699725,6,1,1,0,4,46.0,7.972
1568.170629,1,2,1,0,2,45.0,4.562
1568.1707085,6,1,1,0,1,45.0,0.0
1568.170936,5,2,1,0,3,46.0,7.268
1568.171352,1,2,4,0,45,51.0,104.296
1568.1713585,3,1,1,0,1,45.0,0.0
1568.1719175,3,1,1,0,1,45.0,0.0
1568.175446,5,1,2,0,1,47.0,0.0
1568.1762355,6,2,6,0,34,55.0,224.023
1568.176237,1,1,3,0,4,49.0,14.786
1568.1762775,3,1,1,0,1,45.0,0.0
1568.177443,1,1,2,0,4,52.0,20.073
1568.1787665,6,3,14,5,194,67.0,2038.0
1568.1788005,3,1,2,0,15,50.0,26.939
1568.178804,1,1,2,0,1,47.0,0.0
1568.178812,5,1,1,0,1,47.0,0.0
1568.180138,1,2,5,0,20,52.0,80.207
1568.1801795,6,1,1,0,1,45.0,0.0
1568.181225,1,1,1,0,1,47.0,0.0
1568.1817535,6,3,5,0,38,52.0,178.7
1568.1835865,6,1,3,0,5,49.0,16.723
1568.1853025,6,1,4,1,172,54.0,151.323
1568.1860265,6,2,16,4,171,61.0,1074.0
1568.186039,5,1,10,1,42,54.0,261.759
1568.186041,1,2,19,3,97,57.0,716.076
1568.1860835,3,1,6,0,33,50.0,111.56
1568.188154,5,2,4,0,2,50.0,10.461
1568.1888035,6,5,2,0,6,48.0,17.17
1568.1898095,3,34,7,1,60,51.0,183.438
1568.189867,2,39,4,1,40,53.0,182.229
1568.189867,1,1,4,0,54,48.0,76.596
1568.1912535,6,1,1,0,1,47.0,0.0
1568.191337,5,1,1,0,34,47.0,43.818
1568.192615,1,2,1,0,2,46.0,8.402
1568.1926895,6,1,2,0,1,49.0,0.0
1568.19516,5,1,5,0,23,50.0,83.876
1568.1951835,6,1,2,0,1,49.0,0.0
1568.196949,1,1,2,0,1,49.0,0.0
1568.1988885,6,7,3,0,29,52.0,114.96
1568.19932,1,3,2,0,6,51.0,92.192
1568.1998275,6,6,6,0,23,57.0,210.817
1568.199856,1,2,3,0,3,50.0,8.932
1568.1998615,3,2,1,0,2,45.0,3.132
1568.200647,1,2,1,0,2,46.0,3.579
1568.201195,1,7,5,0,11,49.0,41.436
1568.2012,5,2,1,0,3,46.0,8.638
1568.201203,2,2,2,0,13,55.0,82.253
1568.2012325,6,1,2,0,1,47.0,0.0
1568.203496,1,1,1,0,1,45.0,0.0
1568.203579,5,1,1,0,1,45.0,0.0
1568.2043045,6,2,6,2,224,50.0,212.652
1568.204338,5,2,1,0,5,47.0,19.381
1568.2052715,6,364,42,25,642,71.0,16655.0
1568.2053165,3,1,2,0,1,46.0,0.0
1568.205322,5,3,5,1,61,53.0,173.003
1568.205345,1,1,4,0,1,48.0,0.0
1568.205617,2,26,33,17,178,68.0,12603.0
1568.205629,4,2,5,1,43,52.0,154.642
1568.2058215,3,2,5,1,94,49.0,130.4
1568.205869,1,1,2,0,1,47.0,0.0
1568.205883,5,2,6,1,72,49.0,147.659
1568.2080945,6,1,2,0,15,48.0,30.97
1568.2080965,3,1,1,0,1,45.0,0.0
1568.208628,1,1,2,0,4,54.0,49.348
1568.2086425,3,1,2,0,4,50.0,21.19
1568.2086685,6,1,1,0,1,46.0,0.0
1568.209673,1,2,13,2,79,54.0,336.649
1568.209681,2,1,4,0,31,54.0,116.05
1568.2096825,3,1,4,0,19,48.0,27.605
1568.210302,5,3,21,6,357,56.0,1021.0
1568.2103295,6,1,13,4,345,51.0,410.753
1568.210423,1,1,5,0,22,55.0,127.426
1568.211339,1,3,27,25,275,83.0,71317.0
1568.2113945,6,1,1,0,1,45.0,0.0
1568.212885,5,1,3,0,1,48.0,0.0
1568.2139425,3,1,1,0,1,48.0,0.0
1568.2144345,6,2,1,0,2,45.0,8.008
1568.215877,5,4,6,1,19,63.0,1198.0
1568.216826,5,3,9,1,49,54.0,266.011
1568.2168455,6,1,6,1,41,53.0,152.67
1568.2175505,6,2,1,0,3,47.0,9.632
1568.218276,1,1,1,0,1,45.0,0.0
1568.218729,4,1,1,0,7,51.0,36.122
1568.218739,2,30,7,2,46,57.0,647.591
1568.2187395,6,15,13,2,141,56.0,396.783
1568.218784,1,3,13,1,73,55.0,275.428
1568.2187885,3,1,2,0,1,47.0,0.0
1568.221841,1,9,3,0,10,49.0,27.276
1568.221851,5,1,1,0,1,45.0,0.0
1568.2218585,3,2,2,0,5,49.0,21.026
1568.223546,5,1,1,0,1,46.0,0.0
1568.2241675,6,1,2,0,4,50.0,15.711
1568.224226,1,1,1,0,1,45.0,0.0
1568.225357,5,3,2,0,4,46.0,13.544
1568.227055,5,2,2,0,2,48.0,7.541
1568.2270865,6,2,2,0,18,47.0,35.897
1568.2274285,3,2,10,2,119,56.0,355.462
1568.227429,1,9,15,3,140,56.0,597.534
1568.22745,2,8,8,2,84,56.0,532.094
1568.2305195,6,1,1,0,1,46.0,0.0
1568.230747,5,2,2,0,2,47.0,3.903
1568.2311915,6,1,1,0,1,45.0,0.0
1568.2317215,6,1,2,0,1,47.0,0.0
1568.2324555,6,2,2,0,142,46.0,33.269
1568.2354095,6,1,1,0,1,45.0,0.0
1568.2379275,3,1,5,0,42,54.0,136.068
1568.237933,1,1,12,1,57,57.0,300.077
1568.237943,2,1,4,0,4,54.0,25.776
1568.2403,5,1,3,0,15,55.0,94.704
1568.2413075,6,5,17,5,97,66.0,2819.0
1568.241334,5,1,4,0,8,50.0,15.171
1568.241344,1,1,4,0,39,50.0,83.877
1568.2413545,3,1,3,0,18,47.0,33.363
1568.2422755,6,1,2,0,4,48.0,14.182
1568.2425815,3,7,14,4,117,64.0,1512.0
1568.242598,5,2,13,3,130,59.0,771.432
1568.242602,1,74,19,5,286,56.0,983.073
1568.2428215,6,1,1,0,1,47.0,0.0
1568.243427,1,1,3,0,1,47.0,0.0
1568.2435115,6,3,10,2,108,62.0,762.701
1568.2446275,6,1,4,1,196,50.0,107.054
1568.2451975,3,1,2,0,1,46.0,0.0
1568.245201,1,1,4,0,7,48.0,14.541
1568.2458275,6,29,34,13,352,66.0,6032.0
1568.245886,1,1,18,4,291,54.0,580.828
1568.2458925,3,1,7,0,34,50.0,142.526
1568.245917,2,2,5,1,53,54.0,245.498
1568.2467445,6,1,3,0,123,50.0,71.299
1568.2479465,6,1,1,0,1,46.0,0.0
1568.248732,1,1,3,0,6,52.0,35.639
1568.249068,5,9,13,2,49,60.0,804.84
1568.249864,1,1,3,0,1,52.0,0.0
1568.2508295,6,1,2,0,1,45.0,0.0
1568.250858,1,1,2,0,6,54.0,47.798
1568.251537,1,2,2,0,2,47.0,4.693
1568.251961,2,1,1,0,1,52.0,0.0
1568.251968,5,1,4,0,1,50.0,0.0
1568.254922,1,4,12,2,85,56.0,554.302
1568.2549315,6,8,11,2,125,55.0,516.759
1568.254944,5,22,11,2,98,52.0,304.2
1568.254982,2,1,4,0,1,58.0,0.0
1568.257088,5,3,6,1,54,51.0,187.057
1568.257778,1,2,4,0,35,57.0,229.538
1568.258781,1,1,2,0,1,45.0,0.0
1568.2591225,6,1,1,0,1,46.0,0.0
1568.2612895,6,7,11,2,91,63.0,1074.0
1568.261303,1,1,1,0,1,45.0,0.0
1568.261865,1,1,3,0,1,52.0,0.0
1568.2621785,6,4,6,1,48,55.0,354.809
1568.2622235,3,1,1,0,1,45.0,0.0
1568.2642745,6,4,23,7,219,63.0,2489.0
1568.2642885,3,1,7,1,85,51.0,200.046
1568.264289,1,8,20,3,111,58.0,805.662
1568.264299,5,2,18,3,96,56.0,692.405
1568.264317,2,1,12,3,67,56.0,759.363
1568.2677665,6,2,2,0,3,55.0,42.243
1568.2713835,6,2,4,0,24,49.0,57.513
1568.271644,1,1,2,0,1,46.0,0.0
1568.2716455,3,1,1,0,1,45.0,0.0
1568.271671,2,1,1,0,1,50.0,0.0
1568.2734175,6,1,1,0,1,45.0,0.0
1568.2740115,6,3,30,16,217,73.0,16946.0
1568.2740335,3,1,17,5,210,60.0,1198.0
1568.27673,5,10,8,1,51,57.0,416.94
1568.2768535,6,1,1,0,1,45.0,0.0
1568.2781815,6,1,4,0,48,50.0,88.952
1568.278218,5,2,1,0,3,50.0,16.879
1568.2789645,6,6,9,2,63,63.0,948.779
1568.2800325,6,2,1,0,2,45.0,3.324
1568.2809815,6,1,1,0,1,49.0,0.0
1568.2831105,6,1,2,0,1,50.0,0.0
1568.2841765,6,11,10,3,64,64.0,1161.0
1568.284198,5,16,6,0,19,50.0,117.205
1568.284204,1,1,2,0,1,46.0,0.0
1568.2842085,3,2,2,0,2,46.0,3.903
1568.2848955,6,2,1,0,2,45.0,4.66
1568.285222,1,1,5,0,4,51.0,24.249
1568.2869745,3,1,3,0,18,49.0,61.844
1568.2869835,6,1,2,0,4,48.0,10.406
1568.286986,1,1,2,0,1,45.0,0.0
1568.2887615,6,1,2,0,4,49.0,17.191
1568.2894235,6,22,13,1,45,57.0,516.849
1568.289438,5,29,12,1,68,50.0,240.972
1568.2894515,3,1,3,0,48,52.0,101.487
1568.289473,1,1,3,0,31,47.0,39.742
1568.2919445,6,2,6,2,124,62.0,583.027
1568.29203,5,7,7,0,14,54.0,154.24
1568.292632,5,1,1,0,1,45.0,0.0
1568.2928655,6,1,4,0,25,56.0,186.469
1568.295725,1,2,2,0,80,50.0,74.901
1568.2957905,6,2,1,0,3,50.0,16.071
1568.2963255,6,1,1,0,1,48.0,0.0
1568.296369,1,1,2,0,12,47.0,18.671
1568.297226,1,2,1,0,3,45.0,7.873
1568.2984365,6,1,1,0,1,45.0,0.0
1568.3014215,6,1,1,0,1,45.0,0.0
1568.301914,1,142,5,1,173,55.0,237.124
1568.304754,1,2,13,3,199,58.0,576.894
1568.3049565,6,1,3,0,9,50.0,34.442
1568.3062385,6,1,2,0,4,46.0,8.068
1568.306824,5,2,3,0,15,51.0,69.019
1568.306846,1,1,3,0,6,50.0,24.174
1568.3073945,6,1,1,0,1,49.0,0.0
1568.309373,1,1,1,0,1,47.0,0.0
1568.3093895,6,1,2,0,4,47.0,13.001
1568.310179,1,47,14,2,96,55.0,467.283
1568.31018,2,2,9,4,140,57.0,857.326
1568.3101805,3,2,5,0,20,50.0,81.182
1568.3101925,6,7,11,2,70,59.0,623.748
1568.3107628,6,1,6,0,34,58.0,175.432
1568.310767,5,1,1,0,7,47.0,10.383
1568.311638,1,1,1,0,1,46.0,0.0
1568.3116415,6,2,5,0,35,50.0,79.38
1568.3122425,6,1,2,0,11,51.0,66.257
1568.313599,1,11,5,0,18,53.0,188.912
1568.3137425,6,1,3,0,4,50.0,22.528
1568.318601,5,2,1,0,5,48.0,28.617
1568.3196575,6,1,1,0,1,45.0,0.0
1568.319806,1,1,1,0,1,45.0,0.0
1568.3234845,6,2,7,1,27,60.0,406.445
1568.324016,1,2,6,0,18,49.0,62.403
1568.3250425,6,1,3,0,5,47.0,9.804
1568.3256275,3,4,3,0,12,52.0,74.854
1568.325629,5,3,4,0,4,48.0,12.409
1568.3256605,6,1,4,0,13,47.0,27.47
1568.3263225,6,1,1,0,1,46.0,0.0
1568.3285965,6,3,3,0,12,47.0,25.984
1568.329949,1,1,1,0,1,45.0,0.0
1568.3304405,3,1,3,0,18,52.0,57.478
1568.330458,1,2,9,0,40,50.0,118.275
1568.3304665,6,111,10,2,133,58.0,408.49
1568.33048,2,1,3,0,1,51.0,0.0
1568.332033,5,3,5,0,25,51.0,92.225
1568.332064,1,1,4,0,10,47.0,20.677
1568.333109,5,3,5,0,44,52.0,118.916
1568.3331175,6,1,3,0,27,49.0,42.734
1568.3331315,3,1,1,0,1,45.0,0.0
1568.3336465,6,1,1,0,1,47.0,0.0
1568.335585,1,1,2,0,4,49.0,16.778
1568.3357315,6,1,1,0,5,46.0,10.702
1568.3367885,6,1,1,0,1,48.0,0.0
1568.3379825,6,1,1,0,1,45.0,0.0
1568.338879,1,1,4,0,1,48.0,0.0
1568.3389075,6,1,3,0,1,49.0,0.0
1568.340634,1,1,2,0,4,48.0,13.028
1568.34172,5,2,3,0,11,51.0,65.466
1568.342129,1,2,4,0,39,51.0,98.336
1568.344604,5,5,13,3,48,66.0,2174.0
1568.3446315,3,1,1,0,7,50.0,25.025
1568.344667,1,3,4,1,74,49.0,108.432
1568.3455815,6,1,2,0,1,48.0,0.0
1568.3469005,6,1,3,0,12,51.0,33.854
1568.347664,1,9,6,0,21,52.0,153.134
1568.3477285,6,1,3,0,5,49.0,15.818
1568.3507535,6,23,24,11,195,68.0,6953.0
1568.350775,1,24,19,5,135,60.0,1537.0
1568.350778,4,17,2,0,20,48.0,48.814
1568.351419,1,5,19,4,160,62.0,1240.0
1568.351431,5,2,16,3,152,53.0,568.675
1568.3514375,3,2,5,1,84,54.0,215.551
1568.35146,2,2,4,0,15,57.0,126.411
1568.354078,1,9,14,3,105,57.0,696.584
1568.354091,5,2,6,0,3,48.0,10.028
1568.354113,2,1,4,0,1,53.0,0.0
1568.3541215,3,1,3,0,1,47.0,0.0
1568.3582415,6,1,1,0,1,47.0,0.0
1568.3595885,3,1,1,0,1,49.0,0.0
1568.3599235,6,182,16,4,231,65.0,1693.0
1568.360098,5,1,8,1,95,54.0,262.181
1568.360107,1,12,15,2,144,54.0,404.104
1568.3601205,3,1,6,1,57,56.0,317.174
1568.360154,2,1,2,0,1,51.0,0.0
1568.361587,1,12,9,1,88,50.0,141.462
1568.3615895,6,4,4,0,25,49.0,90.837
1568.3618995,3,1,7,1,101,52.0,191.886
1568.362696,1,1,2,0,1,49.0,0.0
1568.362755,5,8,6,0,13,55.0,164.118
1568.3641705,6,2,9,3,70,70.0,3181.0
1568.3663865,6,1,1,0,1,45.0,0.0
1568.3670265,6,41,26,31,195,85.0,105152.0
1568.36707,5,67,16,3,148,55.0,670.669
1568.367072,1,31,15,3,166,54.0,557.311
1568.3670985,3,1,5,1,81,52.0,211.222
1568.367128,2,1,2,0,1,57.0,0.0
1568.3680295,6,4,2,0,8,55.0,61.176
1568.3681075,3,1,1,0,1,45.0,0.0
1568.368286,1,1,2,0,1,51.0,0.0
1568.368495,5,3,3,0,11,52.0,69.238
1568.370566,1,2,2,0,2,49.0,12.908
1568.3706155,6,1,8,2,229,51.0,164.716
1568.370772,5,3,15,3,67,57.0,1186.0
1568.371078,1,1,5,1,45,55.0,174.376
1568.372336,1,9,2,0,10,50.0,34.021
1568.373595,5,5,5,0,12,58.0,272.137
1568.3747015,6,7,4,0,10,51.0,50.888
1568.375047,1,2,3,0,3,50.0,18.472
1568.3769425,6,1,3,0,7,51.0,29.361
1568.3775095,6,1,1,0,1,46.0,0.0
1568.3783915,6,1,12,3,130,60.0,760.301
1568.37845,5,1,5,0,52,50.0,115.331
1568.3784755,3,2,3,0,21,50.0,48.761
1568.379347,1,1,1,0,1,48.0,0.0
1568.3799525,6,1,2,0,5,47.0,11.435
1568.380355,1,1,4,0,1,50.0,0.0
1568.381454,2,1,11,4,152,55.0,945.432
1568.3814575,6,63,24,7,186,65.0,2551.0
1568.3814755,3,1,13,3,168,54.0,456.871
1568.3834025,6,1,1,0,1,45.0,0.0
1568.383683,1,1,5,0,57,48.0,73.992
1568.3836845,3,1,2,0,16,46.0,31.896
1568.3840075,6,1,3,0,1,49.0,0.0
1568.384103,5,1,1,0,1,45.0,0.0
1568.384982,1,1,2,0,1,49.0,0.0
1568.3849955,6,1,3,0,12,48.0,32.511
1568.3851845,3,1,1,0,1,45.0,0.0
1568.387644,5,1,4,0,8,50.0,30.74
1568.387756,1,1,2,0,1,48.0,0.0
1568.3894235,6,1,1,0,1,45.0,0.0
1568.3908715,6,6,2,0,7,50.0,36.264
1568.391745,1,1,2,0,1,50.0,0.0
1568.3929825,6,2,11,2,72,66.0,1080.0
1568.393058,5,1,1,0,1,48.0,0.0
1568.3930605,3,1,1,0,1,45.0,0.0
1568.393755,1,1,1,0,1,45.0,0.0
1568.3944295,3,2,3,0,13,55.0,147.041
1568.3944815,6,1,2,0,1,49.0,0.0
1568.395936,5,1,4,0,27,51.0,54.116
1568.39803,1,2,7,1,41,63.0,1102.0
1568.3994395,6,1,1,0,1,45.0,0.0
1568.4017135,3,1,2,0,1,48.0,0.0
1568.4017395,6,1,2,0,1,48.0,0.0
1568.4023635,6,5,10,3,49,67.0,2507.0
1568.4032285,6,6,7,1,27,61.0,521.409
1568.403271,1,1,2,0,1,47.0,0.0
1568.403981,5,6,10,2,89,58.0,756.68
1568.4039835,3,2,2,0,30,48.0,43.27
1568.4039955,6,1,7,0,32,51.0,104.583
1568.404029,1,2,10,2,214,49.0,187.53
1568.404032,2,1,3,0,1,54.0,0.0
1568.4047185,3,1,2,0,4,46.0,6.996
1568.4050825,6,1,4,0,20,52.0,88.713
1568.405131,5,2,4,0,2,46.0,4.305
1568.4078245,6,1,5,0,26,51.0,70.478
1568.4078395,3,1,1,0,1,45.0,0.0
1568.408131,1,1,1,0,1,45.0,0.0
1568.4094975,6,1,1,0,1,45.0,0.0
1568.4103915,6,9,8,1,36,56.0,306.584
1568.410426,1,1,1,0,1,46.0,0.0
1568.4110655,6,1,1,0,1,45.0,0.0
1568.412433,1,1,3,0,1,50.0,0.0
1568.412448,5,1,3,0,1,48.0,0.0
1568.4124495,6,1,1,0,1,46.0,0.0
1568.4145735,6,1,1,0,1,50.0,0.0
1568.416024,1,1,5,0,40,51.0,109.688
1568.416039,5,1,2,0,1,46.0,0.0
1568.416049,2,1,1,0,1,51.0,0.0
1568.416737,1,175,52,29,423,74.0,38532.0
1568.4169195,6,31,34,13,273,68.0,6376.0
1568.41692,2,21,29,18,183,71.0,15674.0
1568.416922,5,29,40,12,235,67.0,5219.0
1568.416927,4,2,4,0,2,47.0,3.324
1568.4177625,6,1,1,0,1,47.0,0.0
1568.420801,1,4,1,0,5,50.0,42.066
1568.4211955,6,2,3,0,22,50.0,72.49
1568.422068,1,2,2,0,3,52.0,40.852
1568.4243445,6,1,1,0,5,47.0,9.988
1568.425217,1,1,2,0,5,53.0,38.082
1568.4255705,6,3,3,0,4,50.0,16.351
1568.4263915,6,1,1,0,1,45.0,0.0
1568.428453,1,1,1,0,1,46.0,0.0
1568.430677,5,1,6,0,5,53.0,40.028
1568.4306945,3,1,3,0,15,48.0,33.523
1568.430754,1,1,1,0,1,45.0,0.0
1568.431186,5,3,5,0,22,51.0,94.359
1568.4312115,3,2,4,0,61,51.0,123.769
1568.4314155,6,1,2,0,20,48.0,14.108
1568.431428,2,1,1,0,1,50.0,0.0
1568.43144,1,1,3,0,23,51.0,62.124
1568.431865,5,2,1,0,2,45.0,4.148
1568.4331335,6,1,2,0,41,47.0,27.791
1568.4342065,6,2,3,0,4,56.0,51.075
1568.437536,1,2,1,0,3,45.0,8.228
1568.4397735,6,1,2,0,13,46.0,24.57
1568.441463,1,1,1,0,1,45.0,0.0
1568.4425475,6,1,6,2,31,63.0,1268.0
1568.442608,1,1,1,0,1,45.0,0.0
1568.444301,5,2,10,1,28,53.0,297.657
1568.444326,1,1,4,0,35,52.0,84.678
1568.4448945,6,1,4,0,88,50.0,87.853
1568.4450075,3,1,1,0,1,45.0,0.0
1568.4458675,6,2,12,1,103,53.0,254.943
1568.445876,5,43,11,2,77,52.0,306.303
1568.4458995,3,1,6,1,116,48.0,136.378
1568.44591,1,2,5,1,94,49.0,129.297
1568.445913,2,2,2,0,3,54.0,56.703
1568.4471525,3,1,1,0,4,52.0,29.674
1568.4500115,6,6,8,2,61,64.0,1018.0
1568.450061,1,1,2,0,1,47.0,0.0
1568.450095,5,1,2,0,1,46.0,0.0
1568.451461,1,1,2,0,1,46.0,0.0
1568.4515415,6,2,1,0,2,51.0,9.497
1568.4548215,6,1,1,0,1,45.0,0.0
1568.4550455,3,1,2,0,5,49.0,18.473
1568.455049,5,2,5,0,24,53.0,120.26
1568.455359,1,2,2,0,3,53.0,25.43
1568.456751,1,1,1,0,1,47.0,0.0
1568.457624,1,1,1,0,1,45.0,0.0
1568.4587355,6,1,1,0,1,45.0,0.0
1568.4594005,6,1,1,0,1,47.0,0.0
1568.4601025,3,1,2,0,4,54.0,40.836
1568.460868,1,2,10,1,66,52.0,177.026
1568.4608695,3,1,5,1,29,53.0,212.875
1568.460891,5,1,3,0,1,50.0,0.0
1568.4608935,6,1,4,0,53,50.0,87.056
1568.460904,2,1,1,0,1,53.0,0.0
1568.461535,4,1,1,0,1,45.0,0.0
1568.4615385,3,1,8,2,139,54.0,428.972
1568.461544,1,19,16,3,160,55.0,524.432
1568.46156,2,10,5,0,22,56.0,258.289
1568.462777,1,1,1,0,1,45.0,0.0
1568.4641815,6,1,2,0,4,48.0,11.267
1568.465306,1,2,1,0,14,53.0,123.55
1568.46616,5,2,4,0,8,50.0,46.516
1568.467501,5,3,3,0,7,51.0,41.78
1568.4699595,6,1,2,0,10,49.0,28.578
1568.471481,1,2,1,0,2,48.0,4.273
1568.4726435,6,1,15,4,148,62.0,1454.0
1568.472686,1,313,21,6,428,62.0,1241.0
1568.4726955,3,2,2,0,3,46.0,8.387
1568.4740855,6,1,1,0,1,45.0,0.0
1568.4781435,6,2,1,0,5,46.0,14.862
1568.478906,1,1,2,0,4,47.0,11.441
1568.4789345,6,1,1,0,1,46.0,0.0
1568.4797575,6,514,13,6,533,59.0,980.567
1568.479767,5,1,2,0,33,50.0,53.584
1568.480076,1,1,1,0,1,45.0,0.0
1568.480314,5,1,1,0,1,45.0,0.0
1568.4814185,6,1,1,0,4,45.0,7.539
1568.4837525,6,1,2,0,4,50.0,16.448
1568.486702,5,117,63,45,435,73.0,52467.0
1568.4867145,6,62,61,96,556,90.0,515365.0
1568.486726,1,121,64,49,512,73.0,62828.0
1568.486778,4,16,26,10,207,67.0,4758.0
1568.486784,2,43,52,58,342,78.0,101319.0
1568.4867855,3,43,40,43,427,76.0,56848.0
1568.4900365,6,1,2,0,4,47.0,9.708
1568.4905375,3,2,2,0,29,47.0,34.078
1568.4905408,6,1,2,0,1,47.0,0.0
1568.490542,1,1,2,0,7,50.0,23.548
1568.4916225,6,118,8,2,132,59.0,524.903
1568.491756,1,1,3,0,1,46.0,0.0
1568.4925155,6,1,2,0,8,52.0,37.033
1568.4934055,6,1,4,0,1,49.0,0.0
1568.49341,5,1,4,0,1,57.0,0.0
1568.4938955,3,1,1,0,1,45.0,0.0
1568.4939565,6,1,1,0,1,46.0,0.0
1568.494196,2,1,3,1,58,52.0,148.554
1568.49426,1,112,8,2,143,60.0,456.988
1568.494995,1,1,1,0,1,45.0,0.0
1568.49562,5,2,10,1,31,54.0,203.063
1568.4956205,6,2,13,3,174,57.0,468.01
1568.4956555,3,2,8,1,124,52.0,209.006
1568.495661,1,83,18,3,152,57.0,703.103
1568.49576,2,2,3,0,3,55.0,44.598
1568.496047,4,8,9,3,77,60.0,1045.0
1568.4961508,5,25,22,4,129,57.0,842.167
1568.4962805,3,1,2,0,1,47.0,0.0
1568.496297,2,1,2,0,4,53.0,31.228
1568.4963015,6,2,5,1,77,54.0,170.724
1568.496333,1,1,2,0,40,47.0,49.782
1568.496927,5,1,6,1,48,55.0,267.695
1568.496934,1,13,8,1,92,51.0,219.111
1568.4969425,6,1,3,0,1,49.0,0.0
1568.4969475,3,1,1,0,1,47.0,0.0
1568.4976815,6,206,5,2,211,56.0,258.109
1568.4977145,3,1,1,0,17,46.0,21.474
1568.4985615,6,1,1,0,1,49.0,0.0
1568.5002675,6,2,3,0,23,55.0,111.412
1568.500608,1,2,2,0,13,60.0,254.446
1568.5009715,6,1,1,0,4,49.0,13.043
1568.501414,5,80,23,6,375,61.0,1369.0
1568.5014235,3,1,6,1,40,52.0,173.866
1568.501429,2,1,6,0,15,54.0,131.893
1568.501437,1,2,9,0,34,53.0,163.911
1568.5026165,6,1,1,0,1,48.0,0.0
1568.503544,2,1,1,0,1,51.0,0.0
1568.5051505,6,1,2,0,1,49.0,0.0
1568.505467,1,3,10,2,41,62.0,973.455
1568.5066315,6,5,10,1,40,57.0,378.725
1568.5066655,3,1,2,0,4,50.0,21.745
1568.50667,1,1,2,0,1,50.0,0.0
1568.507021,5,1,1,0,1,49.0,0.0
1568.507882,1,4,30,17,251,72.0,14084.0
1568.5078955,3,10,21,6,232,61.0,1570.0
1568.5078965,6,13,22,8,212,66.0,3499.0
1568.507899,2,13,31,17,199,69.0,13299.0
1568.5089395,6,33,7,1,37,56.0,338.823
1568.50898,1,1,4,0,27,49.0,47.41
1568.5089855,3,1,1,0,1,45.0,0.0
1568.5097325,6,1,3,0,5,50.0,23.215
1568.510072,1,1,2,0,1,50.0,0.0
1568.5102865,6,14,19,3,102,62.0,1097.0
1568.510291,5,38,16,2,98,57.0,430.198
1568.5102925,3,1,11,2,109,56.0,364.458
1568.510295,2,17,14,5,135,56.0,1250.0
1568.511735,1,2,3,0,9,55.0,70.747
1568.5125055,6,1,1,0,1,45.0,0.0
1568.5132545,6,1,9,1,76,53.0,201.013
1568.5132695,3,1,2,0,39,47.0,49.237
1568.513301,2,2,1,0,3,50.0,24.704
1568.5139885,6,1,2,0,1,50.0,0.0
1568.514387,5,1,2,0,19,50.0,44.565
1568.516605,1,1,4,0,7,54.0,106.093
1568.5189985,6,1,2,0,1,46.0,0.0
1568.519151,5,1,2,0,1,46.0,0.0
1568.519455,1,1,3,0,39,49.0,70.604
1568.5194825,3,1,1,0,1,45.0,0.0
1568.522748,5,2,1,0,2,45.0,9.45
1568.524384,1,1,1,0,1,48.0,0.0
1568.5247535,6,1,1,0,5,45.0,10.072
1568.525635,1,3,4,0,8,54.0,190.696
1568.5257185,6,1,2,0,1,46.0,0.0
1568.525991,2,34,18,7,135,60.0,2407.0
1568.525993,5,1,16,4,121,58.0,1012.0
1568.5259955,3,1,13,4,121,58.0,999.886
1568.526144,1,2,5,0,62,52.0,95.94
1568.5262835,6,1,1,0,5,48.0,16.856
1568.5273465,6,1,1,0,1,45.0,0.0
1568.52779,5,3,14,3,94,61.0,1118.0
1568.5278105,3,1,11,2,67,56.0,492.419
1568.527811,2,1,9,3,99,56.0,594.244
1568.527818,1,31,13,3,92,56.0,720.269
1568.5285165,6,9,38,18,305,72.0,12428.0
1568.528517,5,6,33,13,269,68.0,6744.0
1568.528531,2,67,30,12,188,65.0,5787.0
1568.5285315,3,37,25,11,276,64.0,4580.0
1568.528537,4,1,5,0,1,51.0,0.0
1568.529533,1,3,19,6,142,70.0,4113.0
1568.529537,2,2,9,2,49,57.0,654.773
1568.5295435,3,1,11,2,146,49.0,246.695
1568.5295605,6,5,13,3,115,56.0,629.232
1568.52957,5,1,7,0,33,50.0,77.424
1568.53092,1,2,3,0,6,50.0,35.63
1568.5326625,6,1,2,0,1,51.0,0.0
1568.5331,1,1,3,0,1,49.0,0.0
1568.5344705,3,15,5,1,98,55.0,236.735
1568.534498,1,1,5,0,32,52.0,110.757
1568.534503,2,1,1,0,4,51.0,25.071
1568.5345075,6,1,4,0,53,49.0,88.046
1568.5363075,6,1,2,0,5,49.0,10.552
1568.5368955,6,1,1,0,1,45.0,0.0
1568.538346,1,1,5,1,64,51.0,127.429
1568.5383535,3,1,1,0,1,45.0,0.0
1568.538361,5,1,3,0,1,48.0,0.0
1568.5388125,6,1,6,1,68,56.0,208.149
1568.53966,1,1,1,0,4,50.0,17.872
1568.5410215,6,1,2,0,8,47.0,17.985
1568.541564,5,2,3,0,13,59.0,273.239
1568.5417145,6,1,1,0,1,45.0,0.0
1568.542186,1,1,2,0,1,48.0,0.0
1568.542831,5,1,2,0,21,47.0,21.771
1568.5428645,3,1,1,0,1,45.0,0.0
1568.542879,1,1,3,0,1,47.0,0.0
1568.5436905,6,1,2,0,4,50.0,16.8
1568.5449495,6,1,2,0,8,49.0,24.331
1568.5455015,6,131,5,1,132,53.0,120.084
1568.548184,5,2,18,6,128,68.0,3107.0
1568.5481885,6,25,22,9,172,65.0,3944.0
1568.548205,1,76,12,2,94,52.0,305.999
1568.5482055,3,2,15,5,185,56.0,1019.0
1568.5508995,6,3,1,1,39,60.0,485.155
1568.552808,2,2,1,0,3,53.0,38.543
1568.553202,1,1,1,0,1,46.0,0.0
1568.556619,1,1,1,0,1,46.0,0.0
1568.5571275,6,11,11,3,102,62.0,929.416
1568.5571405,3,1,4,0,65,48.0,81.4
1568.557145,1,8,10,2,91,55.0,318.301
1568.557163,5,1,8,1,94,49.0,162.185
1568.5598885,6,1,15,4,158,59.0,1033.0
1568.559913,1,1,6,0,1,49.0,0.0
1568.559978,5,1,2,0,1,48.0,0.0
1568.562743,1,2,1,0,2,45.0,3.324
1568.5642055,6,1,1,0,16,47.0,22.755
1568.5642105,3,1,2,0,9,46.0,18.182
1568.564542,2,1,1,0,1,51.0,0.0
1568.564636,1,1,6,0,56,49.0,100.583
1568.5649815,6,1,10,1,129,50.0,205.125
1568.5651115,3,1,1,0,1,46.0,0.0
1568.565681,1,10,7,0,11,55.0,120.381
1568.5657035,6,1,3,0,4,49.0,14.254
1568.566215,1,1,3,0,29,46.0,35.289
1568.5672965,6,2,1,0,16,52.0,70.134
1568.569273,5,1,2,0,1,46.0,0.0
1568.5693045,3,1,1,0,1,45.0,0.0
1568.570038,1,1,6,1,103,50.0,129.472
1568.5700585,6,2,5,1,93,49.0,97.438
1568.570145,2,1,1,0,1,50.0,0.0
1568.571448,1,2,10,2,147,52.0,299.632
1568.571458,5,1,8,2,126,51.0,234.575
1568.571512,2,1,4,0,11,53.0,52.315
1568.5740285,6,1,3,0,16,51.0,84.275
1568.5768715,6,1,2,0,1,45.0,0.0
1568.579078,5,7,8,1,30,56.0,297.986
1568.5791105,3,1,2,0,12,47.0,22.66
1568.5799735,6,3,13,5,181,65.0,1757.0
1568.5799855,3,42,7,1,75,52.0,198.282
1568.58,1,1,10,2,102,54.0,360.458
1568.580012,5,17,6,0,20,52.0,104.033
1568.580024,2,2,2,0,3,52.0,35.241
1568.580735,5,130,53,30,458,73.0,24925.0
1568.5807585,6,113,54,44,518,74.0,51025.0
1568.580842,1,11,53,43,373,79.0,60012.0
1568.580849,2,22,45,43,380,74.0,50262.0
1568.5808495,3,30,36,30,487,69.0,19987.0
1568.580853,4,18,26,5,159,56.0,1248.0
1568.5829575,6,1,1,0,4,47.0,10.286
1568.583609,1,1,2,0,1,46.0,0.0
1568.5836115,6,1,2,0,1,45.0,0.0
1568.5841435,3,1,6,2,170,49.0,157.46
1568.584145,1,2,8,0,16,55.0,89.976
1568.5842005,6,34,16,7,324,64.0,1993.0
1568.584272,2,1,2,0,1,52.0,0.0
1568.5849665,3,1,2,0,1,45.0,0.0
1568.584972,5,1,5,1,124,49.0,117.828
1568.585087,1,1,1,0,1,47.0,0.0
1568.5857605,6,1,1,0,1,45.0,0.0
1568.586424,1,1,2,0,4,51.0,25.913
1568.5866825,6,1,2,0,12,48.0,26.031
1568.5896745,6,1,1,0,1,45.0,0.0
1568.5915785,6,1,2,0,8,49.0,19.868
1568.5926375,6,1,2,0,1,51.0,0.0
1568.5932015,6,1,10,2,130,56.0,542.655
1568.593217,1,2,9,1,51,55.0,251.325
1568.59322,5,12,9,0,13,53.0,116.616
1568.5932205,3,1,1,0,1,46.0,0.0
1568.593232,2,1,4,0,1,52.0,0.0
1568.594203,1,2,2,0,39,50.0,53.101
1568.5942035,3,1,2,0,1,46.0,0.0
1568.5958885,6,8,20,6,128,65.0,2299.0
1568.5958965,3,9,8,1,61,55.0,369.001
1568.5959,5,2,15,4,169,55.0,682.201
1568.59754,1,2,2,1,191,49.0,82.608
1568.6001035,6,1,4,0,27,50.0,85.033
1568.600111,1,2,2,0,3,50.0,14.603
1568.600607,5,1,1,0,1,46.0,0.0
1568.601422,1,2,1,0,2,48.0,9.686
1568.6019575,6,1,3,0,25,48.0,57.011
1568.6038935,6,158,10,3,213,63.0,951.438
1568.604086,1,1,2,0,37,47.0,26.671
1568.606315,5,9,19,5,121,63.0,2264.0
1568.6063265,6,1,12,2,121,55.0,483.19
1568.606332,2,1,7,2,86,55.0,488.805
1568.606346,1,2,10,0,50,52.0,142.22
1568.6063485,3,1,3,0,20,49.0,39.367
1568.6073635,6,1,4,0,9,54.0,101.241
1568.6097835,6,132,13,4,288,57.0,604.946
1568.6099175,3,1,5,1,57,52.0,152.64
1568.6099247,1,4,10,2,125,53.0,376.436
1568.609943,2,1,3,0,1,53.0,0.0
1568.6107235,6,2,2,0,6,50.0,30.712
1568.611381,5,4,2,0,5,49.0,27.124
1568.6119945,6,8,6,2,202,51.0,227.852
1568.612131,5,1,1,0,4,48.0,12.73
1568.613976,5,2,4,0,18,47.0,45.866
1568.619312,2,1,1,0,1,50.0,0.0
1568.619316,1,2,5,0,11,55.0,131.709
1568.620344,5,8,21,4,140,55.0,739.819
1568.6203615,6,1,11,2,161,53.0,367.201
1568.6204065,3,1,2,0,5,48.0,9.37
1568.620451,1,1,6,1,58,52.0,200.861
1568.6219755,6,1,1,0,1,45.0,0.0
1568.6228015,3,2,2,0,5,50.0,27.911
1568.622814,5,2,3,0,5,47.0,16.194
1568.6228365,6,1,5,0,36,49.0,76.478
1568.625714,5,11,10,1,48,56.0,307.183
1568.6257365,6,1,5,0,27,53.0,79.451
1568.62574,2,1,2,1,66,53.0,232.473
1568.625741,1,1,5,0,64,50.0,88.853
1568.6257445,3,1,3,0,23,49.0,68.297
1568.626552,5,2,3,0,2,51.0,17.923
1568.6276005,6,2,4,0,25,48.0,68.834
1568.62816,5,1,3,0,1,48.0,0.0
1568.6293705,6,1,2,0,4,50.0,20.072
1568.6312215,6,154,24,8,350,62.0,2205.0
1568.631343,5,6,28,8,158,64.0,3017.0
1568.6313455,3,2,12,2,118,55.0,353.942
1568.631347,2,12,21,7,142,61.0,2671.0
1568.6347255,6,1,1,0,1,45.0,0.0
1568.635568,5,87,6,0,88,51.0,66.328
1568.635747,1,2,4,0,46,48.0,67.096
1568.636623,1,2,1,0,3,50.0,16.033
1568.639446,1,1,3,0,8,52.0,45.867
1568.6397045,6,1,3,0,19,50.0,52.099
1568.6414585,6,1,1,0,1,45.0,0.0
1568.64191,5,7,15,4,106,65.0,2223.0
1568.641929,1,58,11,2,92,56.0,457.918
1568.6419325,3,1,4,0,62,50.0,94.976
1568.641952,2,2,2,0,3,53.0,43.184
1568.6425985,3,1,1,0,1,45.0,0.0
1568.642607,1,1,1,0,8,49.0,14.01
1568.643431,5,1,2,0,17,49.0,56.085
1568.6445795,6,1,7,1,149,54.0,219.329
1568.6454535,6,1,1,0,1,46.0,0.0
1568.6469315,6,6,20,9,163,72.0,7635.0
1568.6469495,3,1,7,2,164,54.0,300.152
1568.646958,5,62,21,4,123,56.0,863.111
1568.6499105,6,2,2,0,3,49.0,13.328
1568.651109,5,5,1,0,11,49.0,71.52
1568.6522955,6,2,2,0,17,53.0,58.528
1568.654758,5,9,5,0,123,50.0,85.594
1568.6548965,6,1,2,0,1,48.0,0.0
1568.658204,5,1,3,0,1,49.0,0.0
1568.6582305,6,1,1,0,1,45.0,0.0
1568.6627535,6,13,4,0,50,55.0,147.134
1568.6635065,6,1,6,1,26,58.0,291.889
1568.6644125,6,1,2,0,4,49.0,19.952
1568.6652465,6,1,5,0,39,53.0,150.944
1568.66525,5,2,2,0,33,49.0,79.097
1568.6652935,3,1,1,0,1,45.0,0.0
1568.665299,1,1,2,0,1,46.0,0.0
1568.665683,2,1,1,0,1,50.0,0.0
1568.668541,1,49,17,2,79,57.0,697.687
1568.6685425,3,3,9,1,77,56.0,290.532
1568.6685465,6,1,9,2,62,60.0,587.503
1568.668572,2,1,6,1,54,56.0,441.112
1568.669798,5,1,1,0,1,45.0,0.0
1568.6723525,6,1,1,0,1,47.0,0.0
1568.672539,1,1,6,0,26,55.0,212.478
1568.6747315,6,1,6,1,57,54.0,258.031
1568.6761085,6,1,4,0,25,51.0,64.776
1568.678277,1,2,16,3,141,56.0,576.656
1568.6782825,3,1,10,2,90,55.0,300.261
1568.678283,2,1,9,2,61,56.0,601.757
1568.678981,2,1,2,0,1,53.0,0.0
1568.678989,1,1,2,0,1,48.0,0.0
1568.678998,5,1,3,0,1,47.0,0.0
1568.6790225,6,1,2,0,1,45.0,0.0
1568.679506,5,2,6,1,47,52.0,168.528
1568.6795115,3,1,3,0,13,48.0,18.835
1568.679521,2,1,2,0,1,53.0,0.0
1568.6795238,6,2,9,2,136,56.0,286.396
1568.679554,1,1,2,0,1,47.0,0.0
1568.6811135,6,1,1,0,1,45.0,0.0
1568.681612,5,1,5,0,1,49.0,0.0
1568.6816315,6,1,1,0,4,47.0,9.69
1568.682215,1,1,1,0,1,50.0,0.0
1568.6822275,3,1,1,0,1,45.0,0.0
1568.6827655,6,1,1,0,4,47.0,10.776
1568.6834325,6,1,4,0,12,61.0,201.77
1568.685019,5,3,4,0,17,56.0,343.386
1568.685834,1,2,5,0,3,57.0,68.321
1568.686406,1,1,4,0,1,48.0,0.0
1568.686911,5,5,8,1,30,53.0,250.421
1568.686972,1,1,2,0,1,48.0,0.0
1568.6873765,3,6,2,0,11,54.0,88.709
1568.6874085,6,1,1,0,1,45.0,0.0
1568.6880605,6,6,19,6,131,70.0,4085.0
1568.6880775,3,40,8,2,75,56.0,392.195
1568.68808,1,28,11,2,90,54.0,428.33
1568.688082,5,1,13,2,128,53.0,360.633
1568.688105,2,2,6,2,68,57.0,595.472
1568.6888775,6,1,1,0,1,45.0,0.0
1568.689322,1,3,8,1,39,63.0,985.187
1568.6895745,6,1,1,0,7,47.0,17.318
1568.690638,1,2,8,1,94,57.0,240.191
1568.6906475,6,1,8,0,17,54.0,136.545
1568.69065,5,1,4,1,121,49.0,120.47
1568.6906585,3,1,1,0,1,45.0,0.0
1568.69173,5,3,8,1,34,51.0,192.206
1568.6943105,6,1,6,0,16,54.0,61.609
1568.694323,1,1,1,0,1,47.0,0.0
1568.6943505,3,1,1,0,1,45.0,0.0
1568.6962485,6,1,3,0,8,50.0,31.502
1568.6977575,6,1,3,0,17,50.0,44.992
1568.698389,2,1,8,4,123,58.0,921.706
1568.6983985,3,2,3,0,32,50.0,97.284
1568.698406,1,1,8,2,86,54.0,291.175
1568.698416,4,1,1,0,1,45.0,0.0
1568.700167,2,1,2,0,1,54.0,0.0
1568.7001685,6,1,4,0,8,48.0,25.992
1568.7001915,3,1,1,0,1,45.0,0.0
1568.700209,1,4,1,0,5,47.0,24.19
1568.700221,5,1,1,0,1,47.0,0.0
1568.700737,5,1,3,0,1,49.0,0.0
1568.7024335,6,1,1,0,1,45.0,0.0
1568.7056365,6,1,3,0,20,48.0,43.613
1568.7061875,6,2,6,1,34,58.0,473.137
1568.706198,1,1,1,0,1,45.0,0.0
1568.706226,5,1,1,0,1,45.0,0.0
1568.7067285,6,1,7,1,54,55.0,246.959
1568.706776,1,1,5,0,42,48.0,76.201
1568.7076515,6,1,11,3,179,62.0,920.098
1568.7087855,6,1,1,0,1,45.0,0.0
1568.710811,1,2,5,2,187,52.0,172.506
1568.7111755,3,1,1,0,1,47.0,0.0
1568.7116055,6,1,1,0,1,45.0,0.0
1568.711902,5,13,17,4,141,57.0,936.799
1568.7119115,3,1,6,1,139,48.0,134.273
1568.711965,1,1,6,1,82,55.0,142.363
1568.7130165,6,1,2,1,146,49.0,70.444
1568.7150375,6,2,1,0,2,49.0,5.201
1568.7157535,6,2,2,0,2,46.0,4.432
1568.716095,1,1,5,0,27,47.0,44.004
1568.717125,1,2,2,0,2,46.0,3.784
1568.7173035,6,1,2,0,1,48.0,0.0
1568.717341,5,1,3,0,4,53.0,27.022
1568.7198205,6,1,2,0,24,50.0,34.005
1568.7207285,6,1,1,0,4,48.0,13.019
1568.7212675,3,1,2,0,1,45.0,0.0
1568.7213655,6,1,4,0,131,51.0,53.303
1568.721477,5,1,4,0,12,55.0,99.74
1568.7222515,6,3,5,0,21,62.0,447.601
1568.722637,5,2,2,0,17,49.0,45.344
1568.723719,1,1,1,0,1,45.0,0.0
1568.7237275,6,198,20,9,341,68.0,4548.0
1568.723935,5,1,6,0,59,51.0,110.058
1568.7239425,3,34,7,2,69,56.0,450.665
1568.7252945,6,1,5,1,29,57.0,252.773
1568.725306,1,1,2,0,1,52.0,0.0
1568.7253275,3,1,1,0,1,45.0,0.0
1568.7263585,3,2,10,2,107,52.0,301.393
1568.7263595,6,10,17,5,213,61.0,1150.0
1568.727195,5,2,5,0,19,59.0,282.469
1568.727241,1,1,2,0,31,50.0,50.306
1568.7279325,6,1,1,0,5,47.0,12.385
1568.729011,1,2,4,0,2,48.0,12.046
1568.729016,2,1,3,0,1,52.0,0.0
1568.7290165,3,1,2,0,1,46.0,0.0
1568.7290325,6,1,5,0,46,49.0,86.735
1568.7299,1,1,1,0,1,45.0,0.0
1568.7315715,6,65,10,1,66,51.0,177.762
1568.7315725,3,1,3,0,17,48.0,34.773
1568.731599,2,2,4,0,21,57.0,237.717
1568.7333355,6,1,3,0,1,49.0,0.0
1568.7340605,6,1,13,3,86,62.0,1232.0
1568.734103,5,1,5,0,1,49.0,0.0
1568.734104,1,1,4,0,51,50.0,89.289
1568.7341045,3,1,2,0,1,46.0,0.0
1568.734751,5,1,3,0,1,51.0,0.0
1568.735697,5,16,14,4,145,61.0,1064.0
1568.73571,1,2,10,2,84,53.0,310.47
1568.7357145,3,1,6,0,35,49.0,45.678
1568.7357145,6,10,8,2,116,59.0,596.8
1568.735731,2,1,3,0,1,52.0,0.0
1568.7366865,6,2,5,0,21,60.0,279.665
1568.736725,1,1,1,0,33,47.0,25.921
1568.7371035,3,1,2,0,1,50.0,0.0
1568.737114,5,1,2,0,11,47.0,28.305
1568.7374915,6,1,1,0,1,45.0,0.0
1568.739455,5,26,7,1,41,50.0,143.515
1568.7394645,6,2,8,1,45,58.0,400.642
1568.7400685,6,2,10,3,154,62.0,952.513
1568.7409815,6,1,1,0,1,45.0,0.0
1568.741227,1,2,6,1,48,56.0,284.813
1568.7412605,3,1,3,0,7,51.0,33.361
1568.741305,5,1,2,0,4,49.0,11.368
1568.7425705,6,6,9,2,117,59.0,550.694
1568.742665,5,1,1,0,1,45.0,0.0
1568.743966,1,1,2,0,1,47.0,0.0
1568.7439675,3,2,3,0,6,49.0,25.363
1568.743977,5,3,2,0,4,51.0,15.261
1568.747834,5,1,9,1,76,56.0,240.682
1568.7478385,3,1,4,0,22,52.0,99.524
1568.7478475,6,1,16,5,277,58.0,865.22
1568.747906,1,1,4,0,42,49.0,68.01
1568.7486455,6,1,3,0,4,50.0,10.903
1568.748762,1,1,1,0,1,45.0,0.0
1568.7494105,6,1,3,0,5,47.0,10.437
1568.749935,5,2,4,0,3,50.0,18.991
1568.7516685,6,1,2,0,4,49.0,15.683
1568.751983,5,11,8,1,25,55.0,293.481
1568.7519865,3,3,2,0,5,53.0,39.561
1568.752165,2,1,1,0,1,50.0,0.0
1568.7528335,6,1,2,0,1,46.0,0.0
1568.753132,1,1,1,0,1,48.0,0.0
1568.7536305,6,5,32,19,286,77.0,26910.0
1568.753643,5,34,26,8,166,62.0,2911.0
1568.753645,1,31,23,8,289,61.0,2295.0
1568.753653,4,2,2,0,21,50.0,83.444
1568.755118,2,23,38,20,377,68.0,10417.0
1568.75512,4,2,4,0,2,51.0,7.006
1568.755125,1,24,52,16,392,65.0,5914.0
1568.75513,5,11,53,16,370,68.0,8055.0
1568.7551305,6,40,47,17,405,68.0,7514.0
1568.756158,4,2,2,0,21,52.0,90.624
1568.756159,2,17,20,9,141,65.0,4270.0
1568.7561595,3,5,18,4,156,60.0,931.276
1568.756163,1,24,26,7,201,64.0,2371.0
1568.756167,5,9,26,8,153,65.0,4110.0
1568.7561795,6,29,26,9,206,65.0,4409.0
1568.7572735,3,359,61,25,880,64.0,6391.0
1568.757282,5,370,90,28,813,69.0,10785.0
1568.7573125,6,379,78,27,812,66.0,8540.0
1568.757396,2,257,61,31,707,68.0,12304.0
1568.75763,4,1,3,0,12,49.0,35.138
1568.75874,5,3,2,0,4,51.0,35.489
1568.7601555,6,2,4,1,25,59.0,384.753
1568.7606985,6,3,10,2,200,53.0,314.363
1568.7628655,6,4,11,3,138,63.0,988.484
1568.762981,5,1,2,0,1,49.0,0.0
1568.763521,1,1,4,0,4,52.0,33.921
1568.7639945,6,1,4,1,155,50.0,105.373
1568.764092,5,1,1,0,1,45.0,0.0
1568.7643125,3,4,3,0,12,51.0,61.451
1568.764985,1,10,17,4,136,64.0,1069.0
1568.765,5,7,9,2,73,56.0,417.324
1568.7650045,3,1,9,2,119,54.0,346.524
1568.765014,2,40,7,3,87,55.0,642.813
1568.765896,1,1,5,0,1,48.0,0.0
1568.7661075,6,1,2,0,1,46.0,0.0
1568.766236,5,1,2,0,17,50.0,57.566
1568.7667685,6,1,1,0,1,45.0,0.0
1568.768833,1,2,11,3,64,64.0,2112.0
1568.7694815,6,24,9,3,60,66.0,1947.0
1568.769821,1,191,13,4,297,56.0,515.337
1568.7699805,3,6,7,2,110,57.0,348.573
1568.769985,5,14,17,3,163,55.0,533.263
1568.770032,2,1,4,0,14,54.0,86.524
1568.7701035,6,6,5,1,42,54.0,205.053
1568.7721245,6,1,1,0,7,50.0,17.742
1568.772823,1,2,3,0,13,49.0,45.71
1568.7728475,6,1,2,0,1,49.0,0.0
1568.773309,5,1,2,0,1,46.0,0.0
1568.77405,5,2,9,0,13,49.0,49.08
1568.7740535,6,1,5,0,14,51.0,53.157
1568.775292,2,1,3,0,22,57.0,206.734
1568.7753065,3,1,6,1,60,52.0,154.984
1568.775309,1,3,5,2,208,52.0,271.683
1568.7777255,6,1,1,0,1,45.0,0.0
1568.7782535,6,2,4,0,16,55.0,129.945
1568.7788935,6,4,8,3,209,59.0,663.518
1568.7803315,6,1,2,1,189,47.0,56.819
1568.7804835,3,1,2,0,8,52.0,61.763
1568.785147,5,1,1,0,1,45.0,0.0
1568.7853465,6,6,10,3,63,65.0,1400.0
1568.785673,5,5,4,0,8,52.0,81.332
1568.7859155,6,1,3,0,9,51.0,47.526
1568.786239,1,1,6,0,1,50.0,0.0
1568.786445,5,1,3,0,16,50.0,51.478
1568.7864595,6,1,3,0,5,49.0,17.211
1568.786763,1,340,42,12,469,60.0,2817.0
1568.7870605,6,6,25,14,226,76.0,16565.0
1568.787073,5,1,17,4,137,57.0,922.425
1568.788426,5,2,1,0,3,46.0,8.238
1568.789489,5,1,4,1,66,51.0,141.937
1568.7895395,6,5,3,0,19,50.0,78.812
1568.790293,1,10,17,5,300,56.0,788.591
1568.7904495,3,6,10,3,239,54.0,477.366
1568.791373,5,2,4,0,16,49.0,79.124
1568.7917135,6,1,1,0,1,45.0,0.0
1568.7923055,6,1,1,0,1,45.0,0.0
1568.792641,5,1,1,0,1,52.0,0.0
1568.7935665,6,2,20,5,122,63.0,1919.0
1568.793599,1,1,15,3,170,52.0,460.602
1568.7936145,3,1,8,2,122,49.0,192.744
1568.793616,5,2,13,2,106,54.0,413.519
1568.793665,2,2,4,1,40,58.0,270.447
1568.794622,1,1,4,1,175,50.0,101.701
1568.794786,5,1,3,0,1,50.0,0.0
1568.795301,1,1,2,0,1,49.0,0.0
1568.7953685,6,1,3,0,8,51.0,44.031
1568.795512,5,1,1,0,1,47.0,0.0
1568.7972335,6,316,61,29,568,65.0,12588.0
1568.797339,1,156,66,35,489,75.0,29173.0
1568.7973495,3,174,49,27,528,68.0,14430.0
1568.797356,2,126,57,32,387,69.0,18791.0
1568.797362,5,132,64,24,381,68.0,10664.0
1568.797486,4,69,9,1,73,53.0,316.407
1568.79936,1,1,1,0,1,48.0,0.0
1568.7995125,6,2,2,0,3,51.0,7.698
1568.800119,5,2,6,0,16,57.0,199.768
1568.8001195,3,2,2,0,12,49.0,41.752
1568.8004635,6,1,1,0,1,45.0,0.0
1568.800549,1,2,4,0,35,57.0,203.145
1568.8010385,6,3,4,0,23,57.0,255.835
1568.8019285,6,1,1,0,1,48.0,0.0
1568.80313,1,31,6,0,32,49.0,65.726
1568.8041145,6,4,8,2,178,55.0,408.653
1568.804116,1,1,5,0,9,48.0,27.816
1568.8041375,3,1,2,0,8,53.0,51.155
1568.8053365,6,2,3,0,28,56.0,148.163
1568.8058695,6,1,4,0,1,49.0,0.0
1568.8058965,3,2,1,0,2,48.0,6.53
1568.8065325,6,1,1,0,1,45.0,0.0
1568.807361,1,1,1,0,1,45.0,0.0
1568.8075215,6,1,2,0,6,50.0,23.003
1568.8092395,6,1,2,0,1,49.0,0.0
1568.8100035,6,1,15,6,496,59.0,948.754
1568.8119445,6,1,3,0,9,49.0,36.609
1568.812191,5,3,2,0,4,48.0,23.038
1568.8150885,6,152,28,10,483,67.0,3413.0
1568.8152565,3,35,8,3,243,56.0,554.101
1568.815262,1,175,20,4,227,57.0,621.26
1568.815448,2,1,5,0,21,55.0,204.05
1568.8164685,6,1,2,0,1,47.0,0.0
1568.816939,1,13,35,30,192,82.0,78126.0
1568.816955,5,20,15,4,153,57.0,820.13
1568.8169585,3,1,9,2,93,53.0,305.977
1568.816969,2,2,10,4,63,62.0,1835.0
1568.8169698,6,25,19,6,212,60.0,1620.0
1568.817657,5,2,2,0,5,57.0,100.411
1568.818595,1,1,5,0,59,50.0,96.215
1568.819769,1,2,2,0,7,51.0,33.055
1568.820459,1,2,4,0,64,51.0,92.788
1568.8205205,6,1,1,0,4,47.0,12.662
1568.8211035,6,1,1,0,4,47.0,8.63
1568.8221695,6,1,1,0,4,49.0,15.45
1568.822522,1,1,7,1,74,52.0,185.484
1568.822548,2,1,2,0,1,53.0,0.0
1568.822669,5,4,2,0,5,49.0,33.63
1568.8228785,6,1,3,0,4,47.0,8.991
1568.8231735,3,3,17,4,148,58.0,998.552
1568.823182,2,8,20,8,115,68.0,5283.0
1568.8241455,6,1,3,0,28,50.0,71.629
1568.824526,5,2,11,2,88,54.0,334.386
1568.824572,1,5,5,0,33,52.0,102.649
1568.8246245,3,1,1,0,1,45.0,0.0
1568.8263965,3,1,1,0,1,45.0,0.0
1568.8264185,6,2,3,0,9,47.0,52.642
1568.8276595,6,14,25,9,154,68.0,5685.0
1568.827667,5,41,19,4,143,57.0,1004.0
1568.8276825,3,1,11,2,108,54.0,417.07
1568.827705,2,2,11,3,78,57.0,941.577
1568.828672,1,1,10,1,88,53.0,264.614
1568.828683,2,1,5,0,13,57.0,230.115
1568.8286855,3,1,4,1,99,51.0,148.326
1568.829198,2,58,13,3,71,59.0,915.463
1568.829261,1,2,11,2,81,55.0,327.561
1568.829276,5,3,13,2,120,54.0,311.676
1568.8301415,6,1,2,0,1,46.0,0.0
1568.831059,1,7,4,0,28,49.0,80.123
1568.8315755,6,1,2,0,4,47.0,6.483
1568.831984,5,1,1,0,1,45.0,0.0
1568.8321385,6,2,5,0,45,53.0,142.928
1568.8334235,6,1,3,0,4,49.0,14.802
1568.833745,5,1,1,0,1,47.0,0.0
1568.8343795,6,1,3,0,9,50.0,40.47
1568.8349205,3,1,1,0,1,46.0,0.0
1568.834937,1,1,2,0,1,47.0,0.0
1568.8349705,6,1,2,0,4,47.0,9.556
1568.8358445,6,176,21,9,454,63.0,2402.0
1568.836031,5,1,3,0,1,49.0,0.0
1568.8360665,3,4,4,1,35,52.0,182.798
1568.836075,1,2,1,0,2,47.0,7.047
1568.836636,1,1,4,0,1,49.0,0.0
1568.8371555,6,1,2,0,1,46.0,0.0
1568.837405,1,2,4,0,2,49.0,7.21
1568.8394415,6,1,3,0,5,52.0,17.457
1568.84058,1,1,2,0,1,52.0,0.0
1568.8409575,6,2,2,0,7,52.0,43.637
1568.8420975,6,75,11,4,301,62.0,878.596
1568.8427185,3,1,2,0,6,46.0,11.184
1568.8436945,6,1,4,0,5,49.0,17.538
1568.8444645,6,9,43,39,563,80.0,75352.0
1568.844478,5,11,37,14,246,67.0,6832.0
1568.84448,1,41,37,15,256,65.0,8022.0
1568.84448,2,44,33,17,224,68.0,10951.0
1568.844482,4,8,10,2,76,57.0,450.215
1568.8444845,3,29,22,14,280,66.0,7194.0
1568.845291,5,1,2,0,7,50.0,39.098
1568.845829,1,6,16,3,132,64.0,970.794
1568.845842,5,5,10,2,94,60.0,567.997
1568.8458445,3,5,13,3,267,53.0,390.777
1568.845851,2,31,8,3,90,57.0,815.335
1568.8471945,6,9,77,124,1044,92.0,828313.0
1568.8472,5,86,63,51,456,75.0,65922.0
1568.847205,4,5,25,8,195,64.0,3220.0
1568.847208,1,29,70,67,614,80.0,112403.0
1568.847209,2,45,54,61,382,77.0,87721.0
1568.8472125,3,40,48,53,593,74.0,60392.0
1568.8496015,3,1,1,0,1,46.0,0.0
1568.8498315,6,9,67,69,847,84.0,173531.0
1568.849845,5,5,56,20,415,64.0,8268.0
1568.849848,2,44,43,26,390,70.0,16092.0
1568.849848,4,2,11,3,116,56.0,647.942
1568.8501035,3,38,12,4,124,58.0,907.598
1568.8512285,6,8,5,1,32,59.0,403.006
1568.851597,1,6,18,6,125,68.0,3471.0
1568.8516225,3,1,3,0,45,48.0,63.171
1568.851628,2,1,3,0,11,53.0,81.31
1568.851669,5,1,1,0,1,45.0,0.0
1568.8519995,6,445,49,36,792,78.0,44511.0
1568.852444,1,22,33,11,222,62.0,4225.0
1568.852444,5,18,34,9,207,61.0,2940.0
1568.852445,2,28,27,11,224,64.0,4567.0
1568.852446,4,1,5,0,31,51.0,64.535
1568.8524485,3,43,24,12,293,65.0,4980.0
1568.8532835,3,149,31,17,449,67.0,8470.0
1568.8532995,6,118,61,51,501,82.0,117852.0
1568.853312,1,146,48,19,464,66.0,9631.0
1568.853421,4,4,10,2,86,55.0,390.618
1568.853423,5,36,51,19,349,66.0,9166.0
1568.853425,2,44,45,26,297,71.0,17728.0
1568.8543105,6,680,128,79,1654,83.0,119174.0
1568.854517,5,1,10,0,43,50.0,55.468
1568.8545185,3,520,45,20,966,63.0,5073.0
1568.854552,1,470,74,27,956,68.0,10367.0
1568.855,2,1,33,15,190,69.0,9710.0
1568.855003,4,1,7,1,52,53.0,188.339
1568.8550598,5,28,36,11,439,62.0,2917.0
1568.856367,1,50,21,6,340,57.0,951.988
1568.8563815,3,2,5,0,26,51.0,70.834
1568.856402,5,54,13,3,247,53.0,325.275
1568.8564735,6,143,21,7,247,66.0,2331.0
1568.8570795,3,4,7,1,69,51.0,145.319
1568.857094,2,2,3,0,5,55.0,110.198
1568.857153,5,2,3,0,6,47.0,19.134
1568.8572965,6,6,9,2,61,58.0,812.891
1568.857337,1,1,2,0,34,47.0,28.502
1568.8578595,6,2426,1087,1642,8898,98.0,10720000.0
1568.857903,1,2417,738,646,5547,86.0,1429000.0
1568.857903,2,2689,553,732,4259,85.0,2009000.0
1568.857903,5,2431,694,494,5471,82.0,745820.0
1568.857905,4,22,50,15,648,60.0,2772.0
1568.8579075,3,2702,503,579,5445,82.0,1095000.0
1568.859055,4,1,9,0,55,49.0,68.145
1568.860023,4,473,135,90,1230,71.0,54676.0
1568.86193,4,2,3,0,25,50.0,69.724
1568.862602,4,211,6,2,230,58.0,383.564
1568.86267,2,139,49,29,362,69.0,19628.0
1568.86367,2,1,11,7,361,54.0,1100.0
1568.8638655,3,1,7,2,151,52.0,228.336
1568.863981,5,1,9,1,81,54.0,246.683
1568.863995,1,1,14,3,233,55.0,396.281
1568.864744,5,34,56,15,671,61.0,3053.0
1568.864835,4,11,2,0,12,47.0,23.812
1568.865963,5,2,5,0,18,53.0,39.183
1568.8659937,1,3,7,1,70,55.0,238.684
1568.865995,2,1,2,0,1,53.0,0.0
1568.8660305,3,1,2,0,1,47.0,0.0
1568.866533,2,1,7,0,14,56.0,104.748
1568.8665335,3,2,8,2,113,53.0,250.438
1568.866571,1,2,7,2,88,55.0,368.219
1568.8673895,6,2875,501,294,7531,85.0,481681.0
1568.867513,1,83,4,1,84,50.0,140.426
1568.8678405,3,1,1,0,1,45.0,0.0
1568.868233,2,353,48,26,571,66.0,11239.0
1568.868244,5,298,46,14,525,61.0,3885.0
1568.8685455,3,42,30,20,464,68.0,11992.0
1568.868552,4,2,8,1,119,50.0,220.803
1568.8696685,3,1,5,1,97,48.0,140.105
1568.869692,5,1,4,0,49,49.0,56.791
1568.869693,1,1,3,0,8,48.0,19.797
1568.869716,2,1,1,0,1,50.0,0.0
1568.87026,5,36,54,20,567,64.0,7789.0
1568.870268,4,10,11,2,99,58.0,585.026
1568.870269,1,50,55,21,616,66.0,7937.0
1568.8702745,3,37,45,26,620,69.0,15737.0
1568.8718975,3,1,1,0,1,45.0,0.0
1568.872503,5,34,49,30,442,71.0,22274.0
1568.872506,1,62,52,38,460,70.0,32561.0
1568.87251,2,35,46,55,376,76.0,77201.0
1568.8725115,3,6,41,44,521,74.0,53281.0
1568.872512,4,61,18,9,310,57.0,1912.0
1568.8736365,3,1,1,0,1,45.0,0.0
1568.8745515,3,1,14,4,276,52.0,491.99
1568.874555,5,29,13,2,106,57.0,424.688
1568.874597,2,1,2,0,1,52.0,0.0
1568.874623,1,3,9,2,178,52.0,246.169
1568.8754225,6,1,9,2,234,50.0,206.851
1568.876128,5,1,2,0,1,47.0,0.0
1568.8761455,3,1,6,0,42,51.0,127.6
1568.8761645,6,1,3,1,78,50.0,102.557
1568.876192,1,1,1,0,1,45.0,0.0
1568.8767865,3,2,7,3,267,48.0,246.182
1568.876807,1,1,8,2,166,50.0,172.607
1568.876934,2,1,3,0,4,52.0,29.792
1568.877975,2,1,11,2,82,58.0,648.915
1568.8779775,3,41,11,3,101,58.0,750.392
1568.877993,1,2,19,6,413,57.0,870.685
1568.8781515,6,96,26,12,438,70.0,6997.0
1568.8788315,3,20,8,1,96,55.0,278.142
1568.878863,2,2,5,1,28,57.0,507.135
1568.878939,1,1,2,0,1,47.0,0.0
1568.8791645,6,26,23,10,170,70.0,6459.0
1568.880653,2,1,7,0,1,55.0,0.0
1568.8806615,3,1,10,3,217,56.0,502.275
1568.88067,1,1,15,3,214,54.0,497.73
1568.8808845,6,1,7,1,86,50.0,117.116
1568.8815305,6,79,40,14,853,62.0,2434.0
1568.882062,1,1,6,1,91,51.0,138.903
1568.8821215,3,1,1,0,1,49.0,0.0
1568.882147,2,1,1,0,1,50.0,0.0
1568.883103,1,1,1,0,1,49.0,0.0
1568.8834535,6,151,11,3,317,55.0,437.524
1568.8842585,3,1,15,5,407,51.0,477.884
1568.8842708,6,320,52,17,691,61.0,4103.0
1568.884277,1,25,24,6,396,53.0,693.731
1568.884329,2,1,2,0,1,53.0,0.0
1568.884527,5,1,6,1,116,48.0,107.107
1568.8854685,6,207,66,25,1126,69.0,9014.0
1568.8857,1,1,9,3,206,52.0,346.486
1568.8857025,3,20,7,2,83,54.0,344.407
1568.885718,2,1,7,1,43,55.0,376.742
1568.885762,5,1,4,0,36,48.0,63.557
1568.886322,2,4,6,1,53,55.0,345.612
1568.8863365,3,1,1,0,1,45.0,0.0
1568.887019,1,1,2,0,15,48.0,30.598
1568.8870335,3,2,2,0,26,48.0,36.385
1568.8874115,6,3,8,3,340,53.0,311.77
1568.888023,1,2,4,0,39,52.0,138.351
1568.888042,2,1,1,0,1,51.0,0.0
1568.8882595,6,5,10,3,154,64.0,1054.0
1568.8890505,3,1,2,0,12,45.0,17.845
1568.8897695,6,2,8,3,145,63.0,975.032
1568.890143,1,54,13,1,69,52.0,275.506
1568.8901515,3,1,5,0,25,52.0,118.019
1568.890194,2,1,4,1,36,55.0,228.865
1568.891381,5,1,2,0,1,45.0,0.0
1568.891735,1,47,21,7,176,62.0,2398.0
1568.8917505,3,2,3,0,21,50.0,65.734
1568.891775,2,1,6,0,14,55.0,192.156
1568.892194,5,4,22,5,341,55.0,748.766
1568.8922885,3,1,2,0,1,47.0,0.0
1568.892312,2,1,2,0,1,55.0,0.0
1568.8923897,6,3,21,7,445,55.0,1007.0
1568.8934785,6,1,2,0,5,48.0,19.391
1568.894828,1,6,5,0,39,53.0,132.452
1568.8948805,6,1,4,0,1,50.0,0.0
1568.8952625,3,25,8,2,79,56.0,506.919
1568.895283,2,48,5,1,49,56.0,336.196
1568.895378,1,2,38,9,459,57.0,1693.0
1568.8954055,6,332,48,13,455,64.0,3577.0
1568.8958615,3,1,1,0,1,45.0,0.0
1568.8963705,6,21,28,10,368,69.0,5749.0
1568.896397,5,2,13,2,66,56.0,475.959
1568.896401,1,2,13,2,107,53.0,384.346
1568.8964045,3,1,6,1,50,52.0,163.746
1568.896478,2,1,3,0,1,51.0,0.0
1568.89697,5,1,3,0,1,47.0,0.0
1568.8969855,3,1,4,1,113,52.0,163.753
1568.897019,1,1,3,0,18,48.0,36.67
1568.8979765,6,726,63,27,1217,71.0,13980.0
1568.8980305,3,1,1,0,1,45.0,0.0
1568.898729,2,1,9,3,114,55.0,701.43
1568.900472,2,1,6,0,1,54.0,0.0
1568.9004875,3,2,6,0,32,54.0,144.391
1568.900491,1,2,7,1,96,51.0,161.787
1568.900493,5,2,3,0,42,48.0,61.664
1568.9008005,6,113,7,1,154,54.0,219.004
1568.9014675,6,8,11,4,179,62.0,1381.0
1568.901613,5,2,3,0,7,54.0,60.638
1568.9016545,3,1,1,0,1,45.0,0.0
1568.9024535,6,188,34,11,552,62.0,2634.0
1568.902844,5,1,7,1,75,49.0,117.068
1568.902891,1,1,6,0,26,50.0,62.789
1568.9028995,3,1,3,0,8,50.0,39.697
1568.9035185,6,2,16,6,122,66.0,3657.0
1568.90355,2,1,3,0,40,52.0,145.502
1568.903555,1,18,7,1,55,52.0,166.901
1568.9035585,3,24,5,1,41,52.0,181.619
1568.903572,5,2,4,0,3,48.0,11.005
1568.9042305,3,1,2,0,9,47.0,23.23
1568.904251,5,3,2,0,4,49.0,21.651
1568.905413,1,2,11,1,46,57.0,414.088
1568.9054255,3,8,6,1,56,56.0,302.041
1568.9060247,6,505,28,8,524,54.0,1178.0
1568.906956,1,2,2,0,32,57.0,141.703
1568.9071315,6,1,15,5,442,56.0,678.043
1568.907754,5,2,4,0,4,49.0,20.623
1568.9077935,3,1,3,0,17,57.0,124.838
1568.9081205,6,1,3,0,4,51.0,13.031
1568.9099565,6,1,4,0,37,50.0,65.217
1568.9107985,6,5,10,3,173,63.0,857.345
1568.9108305,3,1,3,0,44,49.0,64.227
1568.910848,1,1,1,0,1,45.0,0.0
1568.9118925,6,34,13,4,262,60.0,1022.0
1568.912147,5,1,2,0,1,46.0,0.0
1568.912518,2,2,19,7,189,61.0,1631.0
1568.9125225,3,15,13,4,216,60.0,844.784
1568.912682,5,1,8,2,162,51.0,188.873
1568.9134105,6,1,7,0,74,51.0,90.324
1568.9134725,3,1,2,0,20,46.0,24.159
1568.91349,1,2,5,1,52,52.0,119.6
1568.913496,2,2,3,1,58,52.0,172.101
1568.9141175,6,1,3,0,18,50.0,52.229
1568.915091,5,127,16,3,220,55.0,592.748
1568.915217,2,1,12,3,75,57.0,859.44
1568.9152215,3,15,13,2,98,57.0,592.121
1568.915225,4,1,1,0,1,47.0,0.0
1568.915234,1,38,17,4,189,55.0,654.731
1568.9152818,6,551,46,15,647,68.0,5577.0
1568.915862,5,2,8,0,42,51.0,68.989
1568.9158675,3,39,7,2,145,52.0,253.93
1568.915929,1,1,9,2,120,55.0,319.677
1568.9166045,6,1,8,1,84,52.0,177.126
1568.9173955,6,8,10,4,183,62.0,1141.0
1568.917947,5,1,3,0,1,50.0,0.0
1568.9179845,3,1,1,0,1,45.0,0.0
1568.9182875,6,1,9,4,445,51.0,378.748
1568.918755,1,2,2,0,3,55.0,44.97
1568.9190005,3,1,3,0,35,51.0,57.009
1568.9193565,6,20,88,178,1209,91.0,1269000.0
1568.91936,5,48,54,56,699,73.0,51179.0
1568.919363,4,20,30,23,543,62.0,7088.0
1568.919368,1,68,56,56,592,73.0,59311.0
1568.919371,2,33,48,75,530,77.0,107542.0
1568.9195358,3,68,46,39,941,68.0,18618.0
1568.9211035,6,373,33,13,539,65.0,4621.0
1568.921198,1,1,1,0,1,47.0,0.0
1568.9212135,3,1,1,0,5,46.0,9.503
1568.921482,2,1,6,0,15,56.0,184.23
1568.921483,5,36,12,2,87,54.0,357.222
1568.922367,5,1,1,0,1,45.0,0.0
1568.922378,1,1,3,0,1,49.0,0.0
1568.922901,1,5,17,3,120,57.0,755.402
1568.9229255,3,27,11,1,66,57.0,397.138
1568.9229965,6,1,5,0,13,51.0,53.582
1568.923537,1,7,8,1,66,50.0,153.176
1568.9235445,3,1,4,0,46,48.0,73.505
1568.9249595,3,1,5,1,133,49.0,134.75
1568.925064,1,1,3,0,13,51.0,40.496
1568.925101,5,1,2,0,1,47.0,0.0
1568.9252045,6,740,39,27,984,80.0,45303.0
1568.925981,5,2,4,0,34,50.0,86.845
1568.925993,1,1,4,0,38,51.0,75.709
1568.9259945,3,1,1,0,1,46.0,0.0
1568.9267395,6,3,11,3,169,62.0,979.906
1568.927363,5,19,34,11,227,64.0,4144.0
1568.927369,4,1,10,2,110,55.0,366.811
1568.927383,2,22,24,10,142,65.0,4738.0
1568.9274088,6,14,38,13,464,65.0,4032.0
1568.928287,1,59,16,3,164,58.0,577.303
1568.928292,5,37,14,2,112,56.0,430.625
1568.9290655,6,1,10,2,117,56.0,443.521
1568.9291615,3,1,2,0,5,47.0,12.006
1568.929167,1,1,2,0,1,49.0,0.0
1568.9297165,6,126,82,37,1214,79.0,29861.0
1568.9298585,3,53,20,6,337,55.0,965.299
1568.929862,5,34,32,9,518,56.0,1344.0
1568.929869,1,234,43,13,719,58.0,2324.0
1568.929896,2,1,16,7,304,57.0,1318.0
1568.931162,2,73,9,3,117,55.0,595.596
1568.9311675,3,2,13,3,122,57.0,855.997
1568.93117,5,11,14,2,75,54.0,375.607
1568.931181,1,1,11,1,70,55.0,369.181
1568.9315055,6,447,25,11,598,68.0,4614.0
1568.931991,5,1,2,0,1,45.0,0.0
1568.931994,1,2,4,0,5,51.0,31.323
1568.9320005,3,7,4,0,25,52.0,150.019
1568.932089,2,1,1,0,1,50.0,0.0
1568.9333025,6,2,13,3,228,59.0,460.232
1568.933336,1,1,1,0,1,47.0,0.0
1568.934172,1,1,1,0,1,45.0,0.0
1568.934328,5,2,3,0,2,48.0,6.375
1568.93476,1,1,1,0,1,46.0,0.0
1568.9354435,6,162,29,11,493,64.0,3217.0
1568.935612,1,2,11,1,59,51.0,236.997
1568.935616,5,37,7,1,76,49.0,190.942
1568.9356205,3,1,7,1,72,51.0,181.012
1568.935623,2,1,6,0,23,53.0,117.247
1568.9366525,6,3,2,0,4,49.0,31.247
1568.9372425,6,2,6,3,318,53.0,295.725
1568.9386235,6,1,2,0,1,48.0,0.0
1568.939501,1,1,9,2,124,50.0,247.977
1568.9395295,3,1,4,1,92,52.0,125.036
1568.939635,5,1,1,0,1,46.0,0.0
1568.9403125,6,1,4,0,32,51.0,73.494
1568.9408875,6,1,3,0,17,50.0,52.155
1568.9417095,6,1,2,0,1,47.0,0.0
1568.9423815,6,2,2,0,3,47.0,9.677
1568.9429705,6,168,34,12,691,61.0,2279.0
1568.943097,1,5,31,11,143,68.0,8984.0
1568.943112,5,73,16,2,91,53.0,527.003
1568.9431205,3,1,13,2,131,53.0,388.576
1568.9447605,6,46,26,10,195,72.0,8167.0
1568.944827,5,1,13,1,59,55.0,358.477
1568.9448305,3,1,6,1,52,50.0,140.091
1568.944841,1,2,9,1,88,55.0,225.077
1568.944855,2,1,4,1,66,53.0,302.421
1568.946176,1,1,2,0,1,46.0,0.0
1568.9463085,6,7,5,0,25,54.0,182.225
1568.9468405,6,314,27,14,480,72.0,10382.0
1568.946852,1,2,4,0,2,53.0,13.8
1568.9468655,3,1,3,0,1,48.0,0.0
1568.947159,2,1,9,3,127,55.0,694.209
1568.9478705,6,114,12,4,208,62.0,934.933
1568.948415,1,2,1,0,2,46.0,3.933
1568.9485845,6,1,5,0,41,53.0,129.662
1568.9491295,6,2,6,0,27,54.0,135.108
1568.9491315,3,1,4,0,1,46.0,0.0
1568.9496685,6,143,44,29,528,74.0,31526.0
1568.949802,5,14,39,12,243,61.0,3901.0
1568.949809,4,32,13,3,153,54.0,587.956
1568.949813,2,9,29,15,271,63.0,6626.0
1568.9507925,6,10,10,2,55,59.0,674.862
1568.951317,1,1,3,0,51,49.0,68.604
1568.952032,5,1,2,0,1,50.0,0.0
1568.9526175,6,1,26,10,304,66.0,4321.0
1568.952629,1,2,19,3,136,55.0,671.977
1568.952631,5,37,17,3,72,59.0,820.341
1568.9526345,3,1,12,2,76,58.0,670.667
1568.952635,4,1,1,0,1,45.0,0.0
1568.953303,1,105,26,6,290,55.0,927.915
1568.953363,5,1,22,4,151,55.0,691.586
1568.9533955,3,1,14,3,171,52.0,364.866
1568.953414,2,2,9,2,58,56.0,583.586
1568.9534218,6,72,26,9,357,64.0,2384.0
1568.954093,1,2,5,0,8,55.0,105.682
1568.9543695,6,1,1,0,1,48.0,0.0
1568.9551495,6,1,1,0,1,46.0,0.0
1568.9557375,6,1,4,0,22,52.0,77.482
1568.957319,5,3,3,0,10,51.0,66.738
1568.9582805,6,167,17,7,554,60.0,1246.0
1568.959046,5,1,3,0,1,45.0,0.0
1568.9592695,3,1,1,0,1,45.0,0.0
1568.95933,1,1,2,0,31,46.0,26.777
1568.9595305,6,2,3,0,3,48.0,10.046
1568.9600425,6,1,4,1,119,49.0,64.807
1568.9604505,3,37,19,8,312,63.0,2559.0
1568.960451,5,25,26,7,200,61.0,2147.0
1568.960453,1,49,25,8,185,60.0,2333.0
1568.960456,4,2,9,1,48,51.0,185.381
1568.9606835,6,2,3,0,2,48.0,4.273
1568.9615275,6,2,11,6,116,69.0,8992.0
1568.9624545,6,7,7,1,32,60.0,446.701
1568.9630425,3,1,3,0,1,48.0,0.0
1568.963044,5,2,4,0,16,50.0,41.194
1568.9630585,6,1,5,0,24,51.0,72.232
1568.963066,1,2,4,0,29,47.0,41.765
1568.9636505,6,5,22,8,326,66.0,3097.0
1568.963666,2,1,7,2,67,58.0,744.178
1568.9636665,3,1,10,2,102,55.0,373.179
1568.963669,1,52,14,2,94,56.0,445.212
1568.9652135,6,6,4,0,27,51.0,98.91
1568.965255,2,1,2,0,1,51.0,0.0
1568.965608,1,1,1,0,1,46.0,0.0
1568.9656185,3,1,3,0,1,45.0,0.0
1568.9660175,6,2,1,0,3,48.0,11.862
1568.9676585,6,1,2,0,1,46.0,0.0
1568.96803,1,1,20,4,121,63.0,1357.0
1568.9680395,3,1,7,1,128,54.0,228.369
1568.9682185,6,2,4,0,4,53.0,33.47
1568.9699165,6,365,19,7,532,62.0,1407.0
1568.9703315,3,1,1,0,1,45.0,0.0
1568.971056,5,49,38,15,256,66.0,7844.0
1568.971066,4,2,5,2,92,54.0,288.527
1568.9710675,3,1,16,3,144,55.0,572.129
1568.971068,1,18,27,10,195,66.0,4725.0
1568.971076,2,27,22,9,120,67.0,5746.0
1568.9727865,6,1,3,0,7,49.0,24.093
1568.973065,2,2,19,7,207,58.0,1993.0
1568.9730725,3,21,13,3,173,58.0,679.345
1568.974777,1,2,1,0,2,49.0,3.132
1568.9753735,6,1,1,0,1,51.0,0.0
1568.9759255,6,1,7,3,368,51.0,258.325
1568.976082,1,1,2,0,1,49.0,0.0
1568.9769615,6,4,6,0,23,58.0,191.374
1568.9780035,6,3,40,21,330,73.0,21051.0
1568.978021,1,16,30,10,236,66.0,3855.0
1568.97803,4,11,6,1,39,52.0,186.811
1568.9789985,6,6,12,3,121,57.0,668.747
1568.9790335,3,1,3,0,44,49.0,59.462
1568.979035,1,1,4,0,7,48.0,14.582
1568.9798455,6,1,13,5,618,51.0,429.633
1568.9799815,3,1,3,0,9,51.0,41.251
1568.979983,1,1,3,1,82,47.0,83.442
1568.981913,1,2,2,0,3,55.0,53.719
1568.9819185,6,15,9,2,50,58.0,626.03
1568.9826075,6,1,7,1,209,52.0,167.494
1568.983317,5,1,1,0,1,45.0,0.0
1568.9834405,6,1,3,0,1,51.0,0.0
1568.983586,1,2,9,2,381,50.0,191.712
1568.9839455,6,3,13,4,118,69.0,2876.0
1568.983968,5,11,4,0,47,49.0,74.067
1568.9840105,3,1,1,0,1,45.0,0.0
1568.9845875,6,1,1,0,5,48.0,14.997
1568.9854835,6,1,7,3,324,56.0,293.438
1568.9863255,6,5,11,2,107,57.0,411.448
1568.9868475,3,1,1,0,1,45.0,0.0
1568.9870195,6,1,3,0,18,59.0,211.09
1568.987308,1,1,12,1,56,53.0,234.802
1568.987369,2,1,2,0,1,52.0,0.0
1568.9880995,6,1,1,0,1,45.0,0.0
1568.988534,5,2,6,1,89,51.0,105.004
1568.9886,1,1,1,0,1,45.0,0.0
1568.9886635,6,63,7,1,74,57.0,337.327
1568.9890985,3,3,4,0,17,56.0,247.103
1568.989125,2,1,2,0,1,51.0,0.0
1568.9893315,6,276,35,27,491,81.0,54874.0
1568.989626,5,2,19,4,157,55.0,673.259
1568.989641,1,3,20,4,183,57.0,776.132
1568.9896445,3,16,6,1,69,57.0,315.642
1568.989656,2,1,6,0,4,54.0,30.735
1568.9909235,6,1,5,1,163,49.0,124.736
1568.991586,1,1,1,0,1,46.0,0.0
1568.9917235,6,1,1,0,1,45.0,0.0
1568.9922885,6,205,6,2,259,56.0,331.292
1568.9934245,6,349,14,5,373,60.0,925.965
1568.9943035,6,1,6,0,1,49.0,0.0
1568.994344,1,1,1,0,1,46.0,0.0
1568.9946655,3,1,3,0,37,48.0,38.827
1568.9953725,6,231,15,7,294,68.0,3633.0
1568.996158,5,10,16,5,103,67.0,2479.0
1568.9961805,6,2,8,1,41,51.0,165.818
1568.996183,2,1,2,0,4,54.0,37.687
1568.9962105,3,1,2,0,4,47.0,9.15
1568.9974535,6,2,1,0,3,49.0,11.293
1568.9975795,3,1,1,0,1,45.0,0.0
1568.9979685,6,139,10,3,292,62.0,809.331
1568.998529,1,1,1,0,1,46.0,0.0
1568.9990865,3,1,1,0,1,45.0,0.0
1569.0007035,6,1,6,1,201,48.0,109.56
1569.0019255,6,1,7,2,206,50.0,176.825
1569.0028935,6,107,31,17,389,71.0,12301.0
1569.003014,5,15,18,4,148,56.0,917.33
1569.0030225,3,43,16,4,202,55.0,542.582
1569.0044425,3,1,1,0,1,45.0,0.0
1569.004447,5,5,6,0,36,51.0,141.481
1569.0046255,6,5,5,0,20,59.0,347.895
1569.0051415,3,2,2,0,6,51.0,39.866
1569.005204,5,1,1,0,1,46.0,0.0
1569.005705,5,11,7,0,17,53.0,247.811
1569.0066975,6,1,4,0,156,48.0,55.092
1569.0078045,3,1,1,0,4,48.0,14.929
1569.007831,2,1,1,0,1,50.0,0.0
1569.0082905,6,1,1,0,1,45.0,0.0
1569.0090625,6,365,22,9,506,68.0,3090.0
1569.009267,1,2,2,0,3,50.0,19.222
1569.0095665,3,1,2,0,4,48.0,11.251
1569.0102555,6,1,3,0,1,48.0,0.0
1569.0113,1,2,1,0,2,50.0,10.07
1569.0114415,6,2,2,0,2,49.0,22.008
1569.013668,1,1,1,0,1,48.0,0.0
1569.0141785,6,2,2,1,199,49.0,89.517
1569.0148735,3,1,1,0,1,45.0,0.0
1569.014879,1,1,2,0,1,48.0,0.0
1569.0148835,6,1,3,0,1,47.0,0.0
1569.014978,5,2,2,0,7,47.0,28.735
1569.0156875,3,2,3,0,6,50.0,33.393
1569.0158005,6,592,54,19,770,69.0,6756.0
1569.015851,1,2,7,1,131,51.0,176.326
1569.016386,5,2,21,5,142,56.0,1133.0
1569.016387,2,49,10,2,53,56.0,507.148
1569.0163935,3,2,11,2,112,56.0,537.337
1569.0164817,1,50,12,2,96,53.0,311.447
1569.0173265,3,1,2,0,1,46.0,0.0
1569.0181675,6,1,1,0,1,45.0,0.0
1569.0186525,3,1,3,1,132,52.0,103.09
1569.018703,1,1,6,1,70,53.0,131.137
1569.0187145,6,1,3,0,1,49.0,0.0
1569.0192775,6,2,11,2,112,59.0,492.064
1569.0206475,6,1,5,1,185,49.0,100.659
1569.0226865,6,1,2,0,1,47.0,0.0
1569.0237795,6,9,13,3,81,63.0,1334.0
1569.0245925,6,186,38,12,334,62.0,3746.0
1569.024639,5,50,57,23,295,67.0,13948.0
1569.0246425,3,45,30,7,235,57.0,1318.0
1569.024649,2,40,33,17,253,69.0,10152.0
1569.024654,4,1,7,1,87,50.0,205.275
1569.025882,2,31,28,12,212,62.0,4624.0
1569.025911,4,1,5,0,1,48.0,0.0
1569.0260228,6,1,14,3,162,56.0,605.09
1569.0266675,3,1,1,0,4,48.0,12.016
1569.0299635,6,1,4,1,183,50.0,106.099
1569.0311165,6,1,4,0,10,50.0,32.883
1569.0320205,6,2,2,0,5,49.0,22.95
1569.0326905,6,1,1,0,1,45.0,0.0
1569.03329,5,2,5,1,56,51.0,133.576
1569.0332945,3,1,8,1,50,49.0,110.922
1569.033321,1,1,10,2,108,53.0,301.831
1569.033322,2,2,2,0,3,53.0,32.828
1569.033738,4,13,5,0,40,49.0,92.948
1569.0338247,2,2,8,3,126,57.0,793.708
1569.0338458,5,2,9,0,10,54.0,98.847
1569.0338845,3,1,1,0,1,46.0,0.0
1569.0344815,3,1,1,0,1,45.0,0.0
1569.0346095,6,1,1,0,114,48.0,49.65
1569.0351175,3,1,1,0,1,45.0,0.0
1569.0354495,6,1,2,0,1,48.0,0.0
1569.0361765,6,1,6,0,33,52.0,128.102
1569.0372125,6,52,17,6,206,66.0,3021.0
1569.03727,1,1,14,4,155,59.0,1101.0
1569.0372835,3,2,7,2,108,56.0,363.71
1569.037409,2,1,1,0,1,50.0,0.0
1569.0383585,6,2,9,3,353,56.0,444.682
1569.039793,1,1,1,0,1,47.0,0.0
1569.0403505,6,2,4,0,60,50.0,82.625
1569.0410905,6,2,5,0,23,60.0,275.176
1569.0432475,6,1,4,0,6,53.0,45.303
1569.044154,1,1,6,1,106,50.0,148.687
1569.0441765,3,1,2,0,8,49.0,29.574
1569.0448235,6,1,1,0,1,45.0,0.0
1569.0463345,6,1,7,1,107,52.0,208.871
1569.0463765,3,1,4,0,12,48.0,34.869
1569.046402,2,1,2,0,1,57.0,0.0
1569.047509,5,2,3,0,39,51.0,146.714
1569.0477135,6,1,6,2,277,51.0,220.006
1569.0489165,6,271,36,12,417,64.0,4035.0
1569.0489325,3,1,20,4,311,57.0,619.864
1569.048949,2,16,20,9,347,56.0,1724.0
1569.0504035,6,12,6,1,64,57.0,423.936
1569.050455,1,1,3,0,1,50.0,0.0
1569.051624,1,2,1,0,3,49.0,23.153
1569.0521235,6,1,2,0,1,46.0,0.0
1569.0531925,6,1,5,1,74,50.0,126.212
1569.053211,5,1,4,0,1,46.0,0.0
1569.0532555,3,1,2,0,1,47.0,0.0
1569.053832,1,2,1,0,3,53.0,30.951
1569.0547585,6,5,55,50,508,83.0,117875.0
1569.054763,5,46,36,17,282,65.0,9041.0
1569.054771,4,1,9,2,91,55.0,365.977
1569.054773,2,51,32,19,223,68.0,12474.0
1569.054775,1,1,41,18,425,68.0,9087.0
1569.0547765,3,38,34,20,329,69.0,10424.0
1569.0559975,6,42,10,2,76,61.0,887.719
1569.05607,1,1,5,0,51,51.0,78.369
1569.0560815,3,1,1,0,16,45.0,15.909
1569.057085,5,1,2,0,1,46.0,0.0
1569.0575925,6,3,7,2,125,61.0,686.547
1569.0595935,3,1,2,0,7,53.0,68.874
1569.059608,1,1,2,0,1,46.0,0.0
1569.0598315,6,67,20,7,221,65.0,3178.0
1569.059942,2,1,2,0,1,51.0,0.0
1569.060947,1,2,2,0,6,52.0,54.718
1569.0612525,6,13,35,14,962,63.0,2721.0
1569.061293,5,44,22,7,493,56.0,881.464
1569.0615395,3,1,6,2,248,51.0,196.33
1569.061577,1,93,16,4,266,53.0,504.904
1569.061729,2,1,4,0,1,54.0,0.0
1569.0627235,3,1,1,0,1,45.0,0.0
1569.0639485,6,1,2,0,1,47.0,0.0
1569.0647235,6,557,38,13,613,66.0,4194.0
1569.064988,1,1,9,1,72,54.0,277.849
1569.0649935,3,1,6,1,34,53.0,200.404
1569.065009,2,1,5,0,38,52.0,151.531
1569.065012,5,1,2,0,15,50.0,28.962
1569.066546,1,2,4,0,44,51.0,118.352
1569.0668915,6,1,1,0,1,46.0,0.0
1569.067476,5,2,2,0,2,51.0,19.845
1569.0679595,6,1,2,0,49,51.0,45.952
1569.068312,1,1,2,0,1,48.0,0.0
1569.0692535,6,1,1,0,1,47.0,0.0
1569.0699295,6,1,2,0,1,47.0,0.0
1569.07043,1,1,2,0,8,46.0,16.238
1569.072419,5,5,11,2,41,64.0,1394.0
1569.072455,1,1,3,0,1,48.0,0.0
1569.0724565,6,1,7,1,124,49.0,143.452
1569.0731655,6,20,16,4,163,59.0,1011.0
1569.073195,1,1,5,0,41,53.0,88.164
1569.0731995,3,1,3,1,107,52.0,128.896
1569.0739005,6,1,1,0,1,45.0,0.0
1569.0754175,6,1,1,0,1,45.0,0.0
1569.0767055,6,36,8,3,60,67.0,1635.0
1569.076983,5,24,24,8,139,64.0,4471.0
1569.076985,1,34,24,6,238,59.0,1277.0
1569.076994,4,1,5,1,57,52.0,175.904
1569.0769985,3,3,18,6,377,56.0,959.768
1569.0772657,6,2,4,0,16,50.0,71.638
1569.0781865,6,1,3,0,28,55.0,137.144
1569.0783285,3,1,1,0,1,45.0,0.0
1569.0789975,6,2,3,0,6,50.0,28.891
1569.0798095,6,1,9,2,139,51.0,228.875
1569.079896,5,1,4,0,8,51.0,22.59
1569.0806685,6,1,10,2,273,59.0,409.543
1569.0820905,6,1,1,0,10,46.0,17.069
1569.0829525,6,1,1,0,1,46.0,0.0
1569.0840805,6,1,2,0,1,48.0,0.0
1569.0846695,6,1,1,0,1,45.0,0.0
1569.085044,1,2,2,0,7,57.0,113.592
1569.0858975,6,1,18,5,202,59.0,1018.0
1569.085949,1,1,9,2,115,57.0,450.679
1569.085961,2,1,4,1,58,54.0,316.963
1569.085962,5,1,3,0,31,51.0,82.659
1569.0859675,3,3,5,1,40,55.0,239.533
1569.086621,5,1,1,0,4,46.0,8.305
1569.0898115,6,121,4,2,302,50.0,126.893
1569.0906285,6,65,12,4,135,61.0,1184.0
1569.090705,5,1,2,0,63,47.0,62.084
1569.090729,1,1,4,0,4,50.0,8.548
1569.0907525,3,1,1,0,1,45.0,0.0
1569.0927225,6,2,2,0,5,48.0,16.307
1569.093192,1,1,9,1,50,51.0,154.776
1569.09322,5,1,2,0,8,48.0,33.266
1569.0932305,6,1,2,0,1,48.0,0.0
1569.0941085,6,141,12,2,149,56.0,453.054
1569.094115,1,1,8,0,48,49.0,117.924
1569.0941235,3,1,2,0,32,51.0,64.543
1569.0947605,6,1,1,0,1,47.0,0.0
1569.09533,5,2,1,0,2,45.0,5.484
1569.0953595,6,1,4,0,72,54.0,133.078
1569.095737,1,2,2,0,3,49.0,12.636
1569.0959185,3,3,10,2,125,55.0,405.329
1569.095938,5,28,5,0,29,50.0,99.284
1569.0965865,6,1,4,0,13,55.0,138.257
1569.0971785,6,1,1,0,1,46.0,0.0
1569.0979285,6,3,38,16,281,70.0,11102.0
1569.097937,5,43,30,9,252,64.0,2943.0
1569.097942,2,33,31,12,218,64.0,5174.0
1569.097945,4,2,6,1,33,52.0,178.912
1569.098781,5,1,1,0,1,45.0,0.0
1569.0989505,6,2,4,0,59,49.0,108.468
1569.099675,5,1,5,1,69,50.0,124.24
1569.0996855,3,1,2,0,1,46.0,0.0
1569.099686,1,6,6,0,21,51.0,91.645
1569.099726,2,1,2,0,1,52.0,0.0
1569.1004935,6,1,10,4,448,56.0,605.965
1569.101358,1,1,1,0,1,48.0,0.0
1569.1016305,6,1,6,1,63,54.0,178.391
1569.1029485,6,1,7,1,53,55.0,220.256
1569.104023,1,1,2,0,1,51.0,0.0
1569.105027,1,5,15,2,57,58.0,679.307
1569.105034,2,2,4,0,3,57.0,89.034
1569.1050485,3,1,2,0,1,46.0,0.0
1569.1050535,6,170,11,3,185,62.0,818.453
1569.1065565,6,1,2,0,1,50.0,0.0
1569.106572,1,1,1,0,1,46.0,0.0
1569.1071465,6,4,13,3,83,64.0,1406.0
1569.1071825,3,1,3,0,40,50.0,72.788
1569.1083715,6,446,25,9,537,65.0,2201.0
1569.1084815,3,5,9,1,43,53.0,228.467
1569.1085,2,26,8,2,70,57.0,565.713
1569.1099185,6,1,7,1,85,55.0,155.619
1569.1112885,6,2,9,3,65,66.0,1346.0
1569.111325,1,1,2,0,1,49.0,0.0
1569.1133225,6,1,3,0,4,47.0,9.132
1569.1138535,3,1,1,0,1,46.0,0.0
1569.1142055,6,3,4,0,9,50.0,103.432
1569.1147435,6,2,3,0,2,46.0,3.324
1569.1156725,6,1,1,0,1,47.0,0.0
1569.1163865,6,1,1,0,6,47.0,11.245
1569.116706,5,1,3,0,50,50.0,69.329
1569.1167245,3,1,2,0,52,48.0,32.298
1569.1169355,6,1,10,2,75,57.0,445.829
1569.116981,1,1,4,0,12,50.0,37.151
1569.118419,5,172,29,7,311,61.0,1608.0
1569.1186615,6,1,9,2,140,53.0,326.364
1569.1193605,6,123,23,8,522,61.0,1397.0
1569.119516,1,1,3,0,48,48.0,57.103
1569.119785,5,1,5,0,30,48.0,69.823
1569.1197855,3,1,3,0,19,50.0,73.459
1569.1203845,6,1,1,0,8,47.0,13.735
1569.120714,1,45,17,4,142,56.0,793.024
1569.1207225,3,1,13,3,102,59.0,726.006
1569.12073,5,52,13,1,57,54.0,201.961
1569.120731,2,1,8,2,65,56.0,514.075
1569.1209285,6,1,11,3,207,55.0,417.846
1569.1217395,3,1,2,0,32,48.0,59.666
1569.121794,1,1,1,0,1,46.0,0.0
1569.1222295,6,193,30,10,667,59.0,1696.0
1569.1222775,3,1,5,1,96,48.0,124.919
1569.122306,1,1,4,0,51,50.0,97.994
1569.122561,5,2,7,0,7,50.0,42.514
1569.1236655,3,2,2,0,5,55.0,49.658
1569.1244955,6,3,7,2,52,63.0,775.317
1569.1250875,3,1,1,0,1,45.0,0.0
1569.1255385,6,97,9,2,106,60.0,830.322
1569.125951,1,1,2,0,1,45.0,0.0
1569.1265605,3,4,13,4,263,58.0,733.408
1569.126576,1,19,20,2,103,56.0,515.093
1569.12658,5,3,10,2,118,51.0,350.248
1569.1267825,6,147,14,4,275,58.0,634.385
1569.127603,5,118,12,3,209,53.0,402.288
1569.127618,1,1,15,4,253,52.0,481.516
1569.1276405,3,84,13,3,219,57.0,547.56
1569.127706,2,1,7,3,106,55.0,661.84
1569.128458,1,1,1,0,1,50.0,0.0
1569.1289835,6,1,2,0,1,45.0,0.0
1569.129476,1,1,11,2,207,54.0,286.972
1569.1294845,3,1,1,0,1,46.0,0.0
1569.1294855,6,1,4,0,52,50.0,86.061
1569.12986,5,1,1,0,1,45.0,0.0
1569.1302295,6,1,2,0,1,48.0,0.0
1569.130693,5,1,3,0,1,48.0,0.0
1569.132456,1,1,6,1,53,50.0,128.662
1569.13246,5,1,3,0,26,49.0,55.845
1569.133182,1,14,22,2,60,56.0,648.637
1569.133198,5,1,6,1,61,51.0,177.828
1569.1331985,3,1,6,0,51,47.0,70.237
1569.133201,2,1,3,0,4,55.0,46.801
1569.133864,5,1,4,0,1,49.0,0.0
1569.1339055,3,2,1,0,67,45.0,44.36
1569.1339985,6,1,1,0,1,45.0,0.0
1569.1350285,6,2,2,0,12,50.0,70.685
1569.135311,5,1,5,0,67,49.0,80.419
1569.1353525,3,2,1,0,2,45.0,4.025
1569.1358135,6,123,10,2,221,53.0,286.484
1569.135948,5,1,1,0,1,45.0,0.0
1569.1368185,6,1,2,0,1,45.0,0.0
1569.1376375,6,21,13,3,108,62.0,1221.0
1569.137644,1,9,18,3,113,56.0,536.029
1569.1376535,3,1,9,2,114,54.0,247.828
1569.137664,5,1,9,0,14,52.0,47.58
1569.137717,2,1,4,0,1,54.0,0.0
1569.1383715,6,1,6,1,60,52.0,153.405
1569.138385,1,1,2,0,1,47.0,0.0
1569.138397,5,1,1,0,1,47.0,0.0
1569.1392265,6,8,19,7,555,62.0,1043.0
1569.140272,5,38,11,2,102,50.0,228.985
1569.1402818,6,8,11,3,68,64.0,1481.0
1569.140289,1,2,11,2,67,59.0,702.388
1569.1402935,3,1,4,1,69,50.0,116.054
1569.140308,2,1,2,0,1,53.0,0.0
1569.1410915,6,10,12,4,75,67.0,2321.0
1569.141139,5,1,1,0,1,47.0,0.0
1569.1411425,3,1,1,0,1,45.0,0.0
1569.1418435,6,2,4,0,8,58.0,141.063
1569.14316,1,1,3,0,7,51.0,35.695
1569.1434965,3,1,1,0,1,45.0,0.0
1569.143799,5,2,8,2,101,59.0,441.485
1569.143801,1,1,6,1,72,50.0,114.669
1569.1457095,3,1,5,0,38,53.0,115.12
1569.14573,5,2,2,0,2,50.0,18.182
1569.145765,1,1,5,2,216,50.0,180.85
1569.1463385,3,1,3,0,22,50.0,63.129
1569.146362,5,1,1,0,1,45.0,0.0
1569.1468285,6,1,7,2,263,52.0,270.732
1569.147472,1,2,3,0,17,47.0,36.846
1569.147987,5,2,2,0,3,48.0,6.264
1569.148222,1,4,18,7,132,65.0,3187.0
1569.1482355,6,2,12,2,97,55.0,448.789
1569.1482525,3,1,5,0,63,48.0,90.488
1569.148266,2,2,1,0,2,50.0,12.046
1569.1509707,6,2,7,2,76,55.0,369.694
1569.150982,1,34,7,0,35,49.0,74.176
1569.1509855,3,1,2,0,22,52.0,75.268
1569.1516535,6,4,71,34,1000,72.0,15947.0
1569.151672,5,1,5,0,1,49.0,0.0
1569.151686,1,1,10,1,83,50.0,188.333
1569.1517265,3,1,1,0,5,46.0,9.686
1569.152257,5,26,42,21,241,73.0,22279.0
1569.1522595,3,22,32,14,337,65.0,6323.0
1569.152266,2,39,35,24,250,70.0,20002.0
1569.152269,1,82,47,23,341,68.0,15525.0
1569.152272,4,4,15,3,97,55.0,599.596
1569.1533805,6,3,10,2,176,64.0,834.596
1569.1548395,6,1,3,0,1,48.0,0.0
1569.155051,1,1,1,0,1,48.0,0.0
1569.155821,1,1,3,0,1,48.0,0.0
1569.1558325,3,2,1,0,9,46.0,19.736
1569.155982,5,3,2,0,7,50.0,42.057
1569.156924,1,2,2,0,6,51.0,31.872
1569.1571925,6,64,11,3,94,62.0,1651.0
1569.1572925,3,2,1,0,6,47.0,15.843
1569.157299,5,2,4,0,3,50.0,7.843
1569.1580365,3,1,3,0,13,50.0,56.838
1569.158085,5,2,2,0,3,51.0,15.93
1569.158943,1,36,17,3,125,55.0,644.785
1569.1589495,3,2,9,1,85,52.0,266.835
1569.158951,5,2,10,3,132,58.0,674.66
1569.158969,2,1,6,0,1,57.0,0.0
1569.1598405,6,1,1,0,1,46.0,0.0
1569.1603845,6,6,14,6,92,67.0,3811.0
1569.1604055,3,34,10,1,63,54.0,345.166
1569.160426,1,17,11,1,70,56.0,320.022
1569.16043,2,1,10,2,60,56.0,553.607
1569.160517,5,2,1,0,3,47.0,9.66
1569.1610665,6,3,6,1,24,58.0,395.181
1569.162926,1,1,2,0,10,51.0,46.435
1569.163723,1,4,3,0,6,57.0,153.905
1569.1637355,6,1,1,0,1,45.0,0.0
1569.1644135,6,96,5,1,112,54.0,177.518
1569.1650715,6,2,7,2,23,69.0,1761.0
1569.16519,5,2,1,0,2,45.0,25.346
1569.165859,1,1,9,1,64,53.0,221.125
1569.1658605,3,1,3,0,24,50.0,68.364
1569.167369,1,1,1,0,1,45.0,0.0
1569.1676745,6,1,2,0,1,48.0,0.0
1569.1692175,6,1,2,0,4,48.0,13.001
1569.1698815,6,2,4,0,33,49.0,89.996
1569.169884,5,3,3,0,12,49.0,66.944
1569.170527,5,1,1,0,1,49.0,0.0
1569.1707565,6,1,1,0,5,45.0,9.733
1569.1715975,6,3,8,1,42,62.0,707.004
1569.1722425,6,1,1,0,1,45.0,0.0
1569.172549,1,1,8,1,172,52.0,155.777
1569.172742,5,1,2,0,1,49.0,0.0
1569.1733245,6,1,2,0,1,46.0,0.0
1569.174494,1,2,1,0,3,49.0,15.254
1569.1750125,6,1,2,0,1,46.0,0.0
1569.175535,1,1,3,0,1,47.0,0.0
1569.1758235,6,1,13,5,428,52.0,532.614
1569.1772805,6,1,4,0,21,50.0,53.772
1569.1778135,6,1,16,4,369,55.0,563.835
1569.179153,5,1,3,0,12,48.0,40.122
1569.179165,1,5,3,0,6,48.0,25.596
1569.180521,1,1,1,0,1,45.0,0.0
1569.1807345,6,1,1,0,4,53.0,32.558
1569.1812795,6,41,41,27,317,76.0,37564.0
1569.181326,2,50,25,10,169,63.0,4146.0
1569.181342,4,1,5,0,29,50.0,77.225
1569.1821865,6,6,7,2,35,62.0,938.362
1569.1822245,3,1,2,0,4,48.0,11.001
1569.1833055,6,1,2,0,1,47.0,0.0
1569.1846525,6,1,1,0,1,45.0,0.0
1569.18676,5,2,1,0,3,49.0,13.152
1569.1867645,3,1,2,0,1,46.0,0.0
1569.1868025,6,1,1,0,1,45.0,0.0
1569.187919,5,1,1,0,5,46.0,9.613
1569.1886035,3,1,1,0,4,47.0,10.872
1569.188745,1,7,7,1,38,60.0,601.654
1569.190193,2,1,6,2,85,57.0,541.628
1569.1902865,3,1,1,0,1,45.0,0.0
1569.190907,1,13,5,0,48,54.0,121.427
1569.1909265,3,1,2,0,1,46.0,0.0
1569.192296,1,1,4,0,1,49.0,0.0
1569.19234,5,1,1,0,1,45.0,0.0
1569.1923465,3,1,1,0,1,45.0,0.0
1569.1929225,3,1,1,0,1,45.0,0.0
1569.1935328,6,1,15,4,182,59.0,1187.0
1569.1935665,3,1,2,0,1,45.0,0.0
1569.193571,1,1,2,0,1,46.0,0.0
1569.194374,5,3,1,0,4,47.0,28.571
1569.1951185,6,16,5,1,73,51.0,172.903
1569.1959025,3,1,1,0,4,48.0,10.706
1569.19642,5,1,6,0,8,55.0,89.555
1569.1964495,3,1,2,0,8,48.0,21.15
1569.1977925,6,1,2,0,5,54.0,48.85
1569.1985405,6,370,16,5,409,55.0,628.181
1569.198551,1,2,12,2,173,55.0,278.248
1569.1987355,3,1,2,0,1,47.0,0.0
1569.1995225,6,1,1,0,63,47.0,48.138
1569.200516,1,60,40,8,343,55.0,1387.0
1569.200523,5,2,28,6,256,55.0,992.916
1569.2005345,3,1,20,5,252,55.0,897.621
1569.2007,4,1,2,0,17,48.0,42.027
1569.2007357,6,4,12,2,126,55.0,364.286
1569.2026395,6,1,1,0,1,48.0,0.0
1569.2029445,3,1,3,0,13,50.0,56.57
1569.202947,1,1,6,0,36,50.0,77.936
1569.202961,5,2,3,0,9,49.0,34.422
1569.203007,2,1,1,0,1,50.0,0.0
1569.2035725,6,1,1,0,1,46.0,0.0
1569.2042425,6,1,4,0,10,52.0,64.818
1569.2048695,6,153,7,1,162,54.0,191.622
1569.2051745,3,1,2,0,1,47.0,0.0
1569.205611,5,1,2,0,1,47.0,0.0
1569.2077055,6,1,2,0,1,49.0,0.0
1569.209066,5,2,1,0,4,48.0,16.032
1569.2090815,3,1,1,0,1,45.0,0.0
1569.2092095,6,1,1,0,1,46.0,0.0
1569.2098445,6,2,3,0,108,51.0,100.131
1569.2109065,6,1,2,0,1,48.0,0.0
1569.211373,5,2,4,0,14,56.0,175.858
1569.2113935,3,2,1,0,6,47.0,17.216
1569.2118525,6,100,5,1,115,57.0,280.087
1569.212746,1,1,15,4,303,53.0,513.014
1569.2127925,3,1,5,2,193,51.0,175.443
1569.21283,2,1,3,0,1,51.0,0.0
1569.2140135,6,1,3,0,1,47.0,0.0
1569.214527,5,3,3,0,15,47.0,36.136
1569.2147765,6,2,8,2,98,62.0,605.149
1569.2158555,6,9,6,1,59,51.0,134.138
1569.2164845,6,2,3,0,3,51.0,21.98
1569.2171495,6,2,2,0,16,48.0,34.719
1569.217644,1,1,2,0,1,46.0,0.0
1569.2177225,6,1,1,0,1,45.0,0.0
1569.2190835,6,1,4,0,15,50.0,50.602
1569.2198775,6,1,3,0,4,48.0,8.642
1569.2225795,6,115,49,26,525,68.0,15271.0
1569.22266,5,9,48,35,317,76.0,42705.0
1569.2226635,3,21,32,18,283,71.0,12566.0
1569.222664,1,40,54,31,366,70.0,24257.0
1569.22267,2,11,41,33,283,73.0,33539.0
1569.222685,4,18,15,4,94,55.0,920.595
1569.2239885,6,1,1,0,1,45.0,0.0
1569.2245265,6,1,3,0,1,51.0,0.0
1569.224528,5,2,7,1,34,55.0,216.421
1569.2245385,3,1,1,0,1,45.0,0.0
1569.2258205,3,2,10,3,264,49.0,246.886
1569.225829,5,1,11,2,107,51.0,245.647
1569.22698,5,1,1,0,1,46.0,0.0
1569.227221,1,2,4,0,12,55.0,96.61
1569.2275865,3,1,4,0,42,48.0,66.327
1569.227646,5,1,1,0,1,45.0,0.0
1569.228301,5,2,4,0,3,53.0,24.217
1569.2283405,3,1,1,0,1,45.0,0.0
1569.228703,1,4,14,3,96,64.0,1181.0
1569.22873,2,5,7,1,33,55.0,324.183
1569.2292295,6,6,2,0,7,50.0,19.278
1569.229614,1,2,17,4,204,55.0,612.992
1569.2296285,3,2,5,1,63,51.0,116.302
1569.229637,2,12,9,3,96,55.0,595.517
1569.2300865,6,1,1,0,1,45.0,0.0
1569.230479,5,9,29,10,416,61.0,2640.0
1569.230481,1,22,33,8,219,60.0,2357.0
1569.230487,2,40,23,10,229,63.0,3843.0
1569.2304885,3,5,18,5,167,57.0,1390.0
1569.230496,4,1,2,0,1,50.0,0.0
1569.2305878,6,137,25,7,342,63.0,1609.0
1569.231751,1,2,15,4,209,58.0,783.098
1569.2317775,6,107,20,7,259,66.0,3263.0
1569.231786,2,1,4,0,1,54.0,0.0
1569.2319275,3,15,3,0,20,49.0,51.224
1569.2337995,6,1,3,1,165,49.0,75.376
1569.2343055,3,1,1,0,1,45.0,0.0
1569.234314,1,1,2,0,1,46.0,0.0
1569.2346975,6,1,3,1,182,46.0,77.935
1569.235126,5,1,6,0,52,49.0,79.221
1569.23514,1,1,4,0,54,48.0,66.72
1569.2351465,3,2,4,0,54,50.0,113.157
1569.2355435,6,351,19,8,891,59.0,1009.0
1569.2369995,6,2,4,0,12,56.0,148.854
1569.2370375,3,1,1,0,1,45.0,0.0
1569.237038,2,1,1,0,1,50.0,0.0
1569.237249,5,1,3,0,1,47.0,0.0
1569.2381125,3,1,1,0,18,46.0,22.769
1569.239323,1,2,1,0,3,46.0,8.23
1569.240892,1,2,6,1,118,48.0,142.803
1569.2408925,6,1,7,1,64,50.0,109.364
1569.241695,5,24,12,2,90,55.0,630.895
1569.241706,1,2,14,2,89,54.0,382.136
1569.2417145,3,1,5,1,58,49.0,123.072
1569.24173,2,1,6,0,33,55.0,145.035
1569.2426025,6,1,5,0,1,53.0,0.0
1569.2433015,6,223,26,11,888,60.0,1319.0
1569.243478,1,1,7,1,71,51.0,121.576
1569.2435385,3,1,3,0,5,50.0,19.719
1569.244471,1,1,9,2,189,55.0,341.558
1569.245586,1,1,1,0,1,45.0,0.0
1569.2462445,6,158,39,14,302,66.0,6057.0
1569.246398,4,1,2,0,8,48.0,15.291
1569.2472695,6,1,1,0,1,45.0,0.0
1569.2477775,6,1,2,0,4,47.0,12.704
1569.2483125,6,1,2,0,101,48.0,64.904
1569.248835,2,2,8,0,3,60.0,121.916
1569.2488385,3,2,4,0,13,57.0,149.474
1569.248893,1,2,2,0,2,49.0,7.837
1569.249672,1,1,3,1,122,49.0,107.908
1569.249752,5,1,2,0,1,46.0,0.0
1569.2506475,6,1,2,0,14,51.0,36.276
1569.2512635,6,3,1,0,4,48.0,15.044
1569.2518335,6,1,1,0,4,48.0,11.799
1569.252057,5,1,3,0,1,51.0,0.0
1569.2524475,6,3,5,1,15,60.0,446.414
1569.2532085,6,10,4,0,23,50.0,58.727
1569.254081,5,2,4,0,18,51.0,71.784
1569.254543,1,1,1,0,1,49.0,0.0
1569.2558435,6,2,5,0,22,53.0,97.586
1569.25601,1,2,1,0,3,47.0,7.449
1569.2564705,6,2,2,0,2,48.0,3.665
1569.2571745,6,1,4,0,22,49.0,45.607
1569.2584985,6,116,5,1,118,53.0,200.279
1569.2592535,6,2,4,0,43,52.0,131.141
1569.259784,5,2,9,2,123,55.0,395.085
1569.259801,1,53,6,1,98,52.0,201.696
1569.2598035,6,5,8,2,100,56.0,383.987
1569.2598075,3,5,6,1,43,51.0,163.407
1569.259856,2,1,1,0,1,52.0,0.0
1569.260777,5,10,14,3,66,64.0,1758.0
1569.260793,2,1,8,2,48,57.0,535.729
1569.2607945,6,7,19,4,110,63.0,1432.0
1569.260796,1,1,11,2,145,54.0,376.587
1569.2608035,3,2,11,3,128,60.0,648.617
1569.261657,1,1,1,0,1,45.0,0.0
1569.261718,5,1,1,0,1,49.0,0.0
1569.2617975,6,1,3,0,14,50.0,35.388
1569.2627225,6,1,10,1,78,54.0,306.803
1569.26274,5,1,3,0,16,48.0,27.338
1569.262804,1,1,13,3,283,51.0,296.03
1569.2630065,3,2,5,1,63,51.0,170.505
1569.2639815,6,93,39,21,425,68.0,11177.0
1569.264048,5,12,34,16,262,70.0,10714.0
1569.264057,1,2,38,14,269,64.0,5725.0
1569.2640655,3,17,28,15,286,71.0,9994.0
1569.264066,2,5,28,16,227,68.0,9508.0
1569.264082,4,1,4,0,44,51.0,108.309
1569.2652585,3,1,1,0,1,45.0,0.0
1569.2653475,6,1,6,2,304,53.0,212.486
1569.2666495,6,1,1,0,4,47.0,10.447
1569.267024,5,15,10,1,30,55.0,291.528
1569.2670425,3,1,2,0,1,45.0,0.0
1569.267049,1,59,5,1,60,50.0,138.671
1569.267643,1,24,4,0,25,49.0,75.003
1569.2676475,3,1,2,0,8,55.0,103.631
1569.267762,5,1,4,0,1,50.0,0.0
1569.268659,5,1,1,0,1,49.0,0.0
1569.2691185,6,1,5,0,19,49.0,47.912
1569.2693795,3,1,1,0,5,46.0,9.617
1569.27011,1,3,8,1,35,57.0,312.598
1569.2701325,3,2,1,0,5,51.0,32.023
1569.270134,5,1,2,0,1,46.0,0.0
1569.272527,1,1,1,0,1,47.0,0.0
1569.2726965,6,2,10,4,112,63.0,1686.0
1569.272741,5,1,1,0,1,45.0,0.0
1569.273178,1,1,3,0,45,49.0,57.56
1569.2742,5,1,13,2,143,53.0,323.476
1569.2742155,3,36,14,3,170,58.0,692.814
1569.274227,1,2,10,3,240,57.0,553.092
1569.274236,2,1,6,2,71,55.0,427.245
1569.2743585,6,1,4,1,130,48.0,115.05
1569.2750325,6,1,1,0,1,45.0,0.0
1569.2756685,6,3,5,0,8,58.0,136.64
1569.2761725,3,61,19,5,181,57.0,1133.0
1569.276192,2,1,7,1,31,58.0,385.639
1569.277471,5,1,2,0,22,52.0,80.1
1569.278725,1,1,10,2,168,53.0,363.933
1569.2787335,3,1,6,2,171,50.0,181.848
1569.27877,5,1,8,1,90,54.0,154.007
1569.2793995,6,7,48,20,980,68.0,8196.0
1569.2794195,3,2,8,1,75,51.0,267.477
1569.279421,1,21,12,3,145,54.0,505.676
1569.279421,5,1,10,1,66,51.0,157.084
1569.279452,2,1,5,1,41,54.0,198.811
1569.281302,1,1,1,0,1,45.0,0.0
1569.2813445,6,1,1,0,1,45.0,0.0
1569.2822695,6,1,1,0,1,47.0,0.0
1569.2829985,6,82,12,2,175,56.0,424.708
1569.2836737,6,15,32,13,236,69.0,8117.0
1569.283676,5,37,38,10,242,63.0,3398.0
1569.2836815,3,3,18,6,143,62.0,2161.0
1569.283685,4,1,2,0,6,51.0,29.207
1569.2843265,3,2,2,0,8,46.0,18.34
1569.2845488,1,6,9,1,52,53.0,230.047
1569.284584,2,2,1,0,2,50.0,15.977
1569.2858335,6,1,1,0,1,46.0,0.0
1569.286292,5,33,7,1,60,51.0,159.995
1569.2863095,3,1,3,0,56,47.0,62.341
1569.286342,1,30,5,0,31,51.0,94.48
1569.286342,2,1,3,1,59,56.0,220.635
1569.2863785,6,1,4,0,71,48.0,63.506
1569.2879885,6,1,1,0,1,50.0,0.0
1569.2885335,6,1,1,0,1,45.0,0.0
1569.289109,5,1,1,0,1,48.0,0.0
1569.2891785,6,1,1,0,1,47.0,0.0
1569.28954,1,1,3,0,1,49.0,0.0
1569.2895455,3,1,1,0,1,48.0,0.0
1569.289559,2,1,3,1,40,55.0,231.651
1569.2900375,6,129,37,20,436,72.0,15244.0
1569.2901795,3,29,19,9,213,65.0,4089.0
1569.29018,5,31,30,11,187,63.0,4863.0
1569.29018,4,1,7,1,63,54.0,174.029
1569.2921095,6,2,35,11,454,64.0,3918.0
1569.2921285,3,2,8,1,64,53.0,278.206
1569.292164,1,2,11,1,56,56.0,322.899
1569.292164,2,2,6,2,70,54.0,488.35
1569.2930645,6,25,38,12,516,62.0,3083.0
1569.2930675,3,1,12,3,186,51.0,344.134
1569.293079,1,2,18,2,91,56.0,607.399
1569.293085,2,15,12,3,101,56.0,883.985
1569.293087,5,8,13,2,93,54.0,328.061
1569.293911,2,1,5,1,41,54.0,299.506
1569.295129,1,1,6,1,39,52.0,197.437
1569.2951435,6,1,5,0,44,47.0,43.497
1569.295186,5,2,1,0,3,46.0,9.871
1569.2956695,3,2,10,3,131,56.0,551.156
1569.295675,1,3,16,3,103,57.0,663.46
1569.295678,2,1,11,3,116,56.0,732.712
1569.295678,4,2,1,0,2,45.0,4.693
1569.295694,5,3,20,3,131,54.0,639.971
1569.2965205,6,1,3,0,65,51.0,81.248
1569.299662,1,2,6,0,3,50.0,11.598
1569.2996805,6,1,6,0,1,53.0,0.0
1569.2996825,3,1,1,0,1,45.0,0.0
1569.299911,5,2,2,0,3,50.0,17.475
1569.3005985,6,1,3,0,12,47.0,27.159
1569.301022,1,1,4,0,15,51.0,65.881
1569.3010295,3,1,5,1,182,50.0,135.269
1569.3011415,6,6,4,1,35,53.0,177.138
1569.301592,5,9,17,2,106,53.0,443.432
1569.301621,2,2,5,0,15,57.0,200.064
1569.302253,1,3,1,0,4,48.0,27.294
1569.302821,1,2,3,0,2,49.0,23.462
1569.3028885,6,1,2,0,1,47.0,0.0
1569.3039915,6,3,38,19,846,71.0,10081.0
1569.304,5,16,16,2,95,56.0,488.879
1569.304001,1,1,11,3,140,60.0,744.236
1569.3040125,3,22,14,3,156,56.0,604.521
1569.304014,2,32,9,4,135,57.0,950.272
1569.3058395,3,1,10,2,129,54.0,381.895
1569.305875,2,1,8,2,48,57.0,472.784
1569.3066545,6,1,1,0,1,46.0,0.0
1569.306983,1,3,24,12,472,73.0,6914.0
1569.3073645,6,3,14,7,298,68.0,3285.0
1569.307411,5,2,5,0,38,48.0,84.184
1569.3074185,3,1,1,0,1,46.0,0.0
1569.307444,2,1,2,0,9,57.0,80.343
1569.308909,1,1,1,0,1,45.0,0.0
1569.3092625,6,2,5,0,13,56.0,256.254
1569.309503,1,1,1,0,1,45.0,0.0
1569.3099985,3,1,3,0,25,49.0,50.228
1569.310014,5,1,1,0,1,46.0,0.0
1569.3112025,6,1,3,0,1,49.0,0.0
1569.3119815,6,1,1,0,1,45.0,0.0
1569.3128535,3,1,4,0,23,49.0,52.764
1569.312862,1,1,7,0,24,53.0,68.961
1569.31287,5,3,5,0,4,49.0,22.787
1569.313717,1,1,1,0,1,46.0,0.0
1569.3140995,6,1,5,0,1,48.0,0.0
1569.314296,1,1,1,0,1,45.0,0.0
1569.3147775,3,1,8,2,266,50.0,244.779
1569.3147885,6,195,28,9,391,63.0,2742.0
1569.314799,1,244,16,4,285,54.0,649.713
1569.315003,5,42,6,1,48,50.0,183.041
1569.315025,2,1,3,1,45,53.0,190.509
1569.3157025,3,1,2,0,6,53.0,41.878
1569.316038,1,1,1,0,1,45.0,0.0
1569.3185795,6,2,11,3,183,56.0,600.167
1569.3187125,3,9,6,1,39,56.0,285.109
1569.318723,1,1,14,2,70,53.0,428.192
1569.318739,2,2,3,0,3,57.0,80.394
1569.3192835,6,1,2,0,8,50.0,32.32
1569.319738,1,1,1,0,1,47.0,0.0
1569.3198975,6,1,1,0,1,46.0,0.0
1569.3201375,3,2,2,0,12,54.0,100.46
1569.3205845,6,2,5,1,64,54.0,193.84
1569.3211985,6,1,3,0,1,48.0,0.0
1569.3217625,6,4,3,0,99,48.0,60.096
1569.322168,5,12,6,1,62,53.0,198.342
1569.3226285,6,2,3,0,9,57.0,114.669
1569.3232715,6,1,3,0,33,51.0,86.236
1569.323336,1,1,1,0,1,45.0,0.0
1569.3237285,3,1,1,0,1,45.0,0.0
1569.3245955,6,1,1,0,1,46.0,0.0
1569.325808,5,1,1,0,1,45.0,0.0
1569.3258095,3,1,1,0,4,49.0,17.95
1569.3258265,6,163,23,9,849,57.0,993.243
1569.325849,1,1,1,0,1,45.0,0.0
1569.3272435,6,133,9,2,172,56.0,425.548
1569.327374,5,1,8,1,92,49.0,161.039
1569.3274145,3,1,1,0,1,47.0,0.0
1569.3281475,6,1,13,4,380,51.0,408.905
1569.328149,5,1,2,0,1,48.0,0.0
1569.32831,2,1,2,0,4,54.0,46.615
1569.328334,1,1,3,0,1,47.0,0.0
1569.3294015,6,5,43,16,774,68.0,5357.0
1569.329434,1,1,5,0,16,49.0,39.108
1569.3296555,3,1,7,1,97,50.0,153.163
1569.329684,5,1,4,0,1,52.0,0.0
1569.330641,5,2,7,0,15,50.0,25.409
1569.330693,1,1,3,0,1,48.0,0.0
1569.3307385,6,1,2,0,4,52.0,32.723
1569.3314945,3,1,1,0,1,45.0,0.0
1569.332195,5,3,26,10,163,68.0,6807.0
1569.3322135,6,20,13,3,140,59.0,735.495
1569.332214,2,1,8,0,4,55.0,62.718
1569.332222,1,23,13,2,133,52.0,373.83
1569.3322255,3,1,7,1,110,53.0,213.432
1569.3330095,6,4,12,5,411,55.0,585.753
1569.33341,5,367,34,13,478,66.0,5174.0
1569.3337985,3,2,2,0,2,46.0,9.877
1569.333806,1,1,10,1,126,52.0,200.948
1569.3339255,6,1,9,3,247,55.0,424.167
1569.3347445,6,2,10,3,216,62.0,1038.0
1569.3348255,3,1,1,0,1,45.0,0.0
1569.3356595,6,2,6,0,9,51.0,63.517
1569.335818,1,1,1,0,1,45.0,0.0
1569.336682,1,1,1,0,1,45.0,0.0
1569.337188,5,3,4,0,4,53.0,50.734
1569.3377135,6,1,4,0,69,48.0,76.373
1569.337864,1,1,1,0,1,46.0,0.0
1569.3384695,6,2,1,0,5,49.0,18.613
1569.3401585,6,2,12,4,230,63.0,873.981
1569.340317,1,1,11,1,66,54.0,295.525
1569.340354,5,2,7,0,3,54.0,17.541
1569.341408,5,13,13,2,126,52.0,376.95
1569.341432,1,1,9,2,99,54.0,413.311
1569.3414435,3,4,6,1,104,52.0,214.938
1569.3417345,6,13,17,9,97,71.0,8355.0
1569.341815,2,1,1,0,17,52.0,37.888
1569.3422305,3,3,3,0,16,56.0,90.277
1569.3424225,6,1,2,1,162,51.0,77.964
1569.3428665,3,1,1,0,1,45.0,0.0
1569.3433535,6,571,45,17,692,72.0,9728.0
1569.3434895,3,1,1,0,1,45.0,0.0
1569.343762,5,2,21,4,191,59.0,772.673
1569.343778,1,17,26,5,231,55.0,977.375
1569.3440005,3,2,5,1,46,53.0,159.83
1569.344888,5,3,18,7,90,69.0,5804.0
1569.3449215,3,3,3,0,37,53.0,108.535
1569.344939,1,1,9,0,23,50.0,57.229
1569.34494,2,1,2,0,1,53.0,0.0
1569.346325,1,1,3,0,4,51.0,23.097
1569.346715,5,1,7,2,117,53.0,273.309
1569.3467315,3,2,6,2,118,51.0,257.064
1569.3468115,6,1,5,1,50,51.0,132.414
1569.34688,1,1,1,0,1,45.0,0.0
1569.3474725,3,1,1,0,5,45.0,8.678
1569.3475395,6,2,15,5,375,60.0,1128.0
1569.347778,1,1,1,0,1,45.0,0.0
1569.3493005,6,7,10,2,97,61.0,688.126
1569.3493195,3,1,2,0,39,47.0,36.604
1569.349324,1,1,4,0,11,51.0,39.997
1569.349897,1,2,2,0,3,49.0,12.935
1569.3500565,6,1,3,0,1,48.0,0.0
1569.3507295,3,1,1,0,1,46.0,0.0
1569.3508805,6,1,3,0,8,50.0,35.29
1569.3516215,6,1,2,0,5,46.0,8.688
1569.3520445,3,1,4,0,13,52.0,57.162
1569.352049,1,39,10,2,120,53.0,237.055
1569.352053,5,5,6,1,24,59.0,402.086
1569.352068,2,2,4,0,9,57.0,218.001
1569.3523905,6,1,3,0,11,51.0,36.391
1569.3529415,6,10,28,10,280,68.0,4641.0
1569.352972,2,2,10,3,91,57.0,790.178
1569.3541075,6,2,3,0,45,48.0,67.143
1569.3543915,3,2,1,0,2,45.0,3.903
1569.3547485,6,2,8,1,52,58.0,519.888
1569.3556955,6,1,1,0,1,47.0,0.0
1569.35649,1,267,35,9,456,60.0,2058.0
1569.3565345,6,150,42,19,526,74.0,14793.0
1569.3567165,3,36,23,8,260,63.0,2302.0
1569.356728,5,19,26,8,122,65.0,3724.0
1569.356751,4,2,3,0,27,48.0,65.66
1569.3577365,6,112,12,4,241,59.0,668.866
1569.358361,1,20,16,3,144,53.0,423.081
1569.3583635,3,1,7,1,61,52.0,152.526
1569.358364,2,1,8,1,26,57.0,321.832
1569.3584815,6,170,16,6,305,62.0,1196.0
1569.3593065,6,2,5,0,21,52.0,97.872
1569.359929,5,1,6,1,52,51.0,128.445
1569.3599395,6,2,7,1,45,56.0,324.444
1569.359958,1,1,5,1,56,50.0,124.459
1569.3599675,3,2,3,0,19,54.0,84.849
1569.361097,5,1,4,0,27,53.0,85.13
1569.3615255,6,146,15,4,191,64.0,1629.0
1569.361821,5,1,2,0,1,48.0,0.0
1569.3627825,3,1,2,0,10,49.0,31.402
1569.362867,1,3,7,1,51,56.0,289.155
1569.362896,2,2,1,0,3,51.0,29.701
1569.363195,5,1,1,0,1,45.0,0.0
1569.3638915,6,1,3,0,7,51.0,35.992
1569.3645005,6,1,3,0,1,48.0,0.0
1569.36629,5,2,1,0,2,47.0,4.025
1569.3666765,3,1,1,0,1,45.0,0.0
1569.3668745,6,1,1,0,1,45.0,0.0
1569.367703,1,22,29,9,180,67.0,4923.0
1569.3677115,6,9,26,8,181,64.0,2743.0
1569.3677165,3,11,17,7,190,62.0,2598.0
1569.3684435,6,1,1,0,1,49.0,0.0
1569.3692965,3,1,2,0,1,47.0,0.0
1569.3693045,6,1,5,0,32,49.0,41.713
1569.369308,5,1,5,0,1,49.0,0.0
1569.36931,1,1,1,0,1,46.0,0.0
1569.3704495,6,1,1,0,1,45.0,0.0
1569.3728085,6,183,8,2,218,57.0,416.48
1569.373027,5,2,1,0,2,45.0,3.464
1569.3739785,6,325,49,15,711,60.0,2823.0
1569.3740235,3,36,9,1,78,55.0,262.7
1569.374036,1,258,40,12,488,60.0,2540.0
1569.374323,2,4,15,5,179,63.0,1654.0
1569.3760555,6,1,5,0,5,50.0,13.94
1569.376454,5,1,10,2,104,55.0,391.111
1569.376506,1,1,5,0,20,48.0,38.404
1569.3765165,3,1,2,0,12,48.0,27.671
1569.3767045,6,1,14,6,483,55.0,693.647
1569.377067,1,1,4,0,42,53.0,82.851
1569.377691,5,1,4,0,1,51.0,0.0
1569.3777065,6,355,16,5,399,56.0,604.88
1569.3784245,3,5,3,0,10,53.0,65.719
1569.3786355,6,2,14,5,158,68.0,3559.0
1569.380121,2,1,2,0,1,52.0,0.0
1569.3801935,6,8,10,3,73,65.0,1896.0
1569.3814055,3,1,1,0,1,45.0,0.0
1569.382233,5,15,8,1,39,58.0,382.555
1569.3822385,3,1,7,1,95,54.0,255.866
1569.38224,2,1,6,1,39,55.0,286.885
1569.3822405,6,15,20,5,353,54.0,622.065
1569.382257,1,1,10,2,193,48.0,207.54
1569.3832715,6,1,4,2,244,51.0,173.717
1569.3841605,3,1,2,0,1,46.0,0.0
1569.384733,4,2,2,0,5,47.0,25.464
1569.384829,1,1,1,0,1,47.0,0.0
1569.385748,5,1,8,0,19,51.0,73.631
1569.385761,1,1,6,0,1,50.0,0.0
1569.3867385,6,1,3,0,12,58.0,197.343
1569.387091,1,2,4,1,51,57.0,185.986
1569.3887005,6,11,6,3,46,62.0,1370.0
1569.3896155,6,2,3,0,2,49.0,5.237
1569.3901145,3,1,1,0,4,45.0,7.542
1569.3901215,6,1,6,1,112,52.0,140.318
1569.390143,2,1,1,0,1,50.0,0.0
1569.391148,5,1,2,0,1,48.0,0.0
1569.391159,2,1,2,0,1,51.0,0.0
1569.3911705,3,1,2,0,1,45.0,0.0
1569.391243,1,14,8,1,42,54.0,228.522
1569.391685,5,4,4,0,11,52.0,87.642
1569.3922875,6,1,2,0,5,49.0,15.032
1569.392292,1,1,2,0,1,49.0,0.0
1569.3925915,3,1,1,0,1,45.0,0.0
1569.392618,2,1,1,0,1,50.0,0.0
1569.3931175,6,1,16,5,172,66.0,3110.0
1569.393193,1,1,8,1,59,51.0,149.225
1569.3931935,3,1,1,0,34,46.0,27.037
1569.393201,2,1,3,0,6,53.0,52.853
1569.3942245,6,1,3,1,97,49.0,76.565
1569.394443,5,3,4,0,18,54.0,141.353
1569.3958505,6,1,4,0,40,49.0,85.381
1569.3959515,3,1,1,0,1,45.0,0.0
1569.396133,1,2,6,1,86,52.0,145.776
1569.396197,2,1,1,0,1,50.0,0.0
1569.3965215,3,1,5,1,43,56.0,304.144
1569.3965355,6,1,7,1,59,49.0,144.054
1569.3972865,6,1,5,0,82,49.0,68.254
1569.397379,5,1,1,0,1,45.0,0.0
1569.3979365,6,1,2,0,7,48.0,21.567
1569.398341,2,1,4,1,40,52.0,197.789
1569.3983475,3,1,6,0,28,52.0,121.473
1569.39835,1,2,13,2,69,56.0,419.797
1569.399386,1,1,8,1,52,53.0,189.174
1569.3994025,6,1,3,0,24,50.0,70.952
1569.4001365,6,2,2,0,7,51.0,32.879
1569.400721,5,2,4,0,6,49.0,31.915
1569.4007465,6,2,15,3,244,58.0,654.912
1569.40078,1,1,3,0,1,47.0,0.0
1569.4007855,3,1,2,0,5,51.0,27.979
1569.4018515,6,1,2,0,1,46.0,0.0
1569.402101,1,1,10,1,63,51.0,159.223
1569.402103,5,1,4,0,5,52.0,24.118
1569.4021295,3,2,4,0,19,47.0,40.104
1569.40216,2,1,2,0,1,53.0,0.0
1569.4025295,6,1,3,0,10,51.0,44.02
1569.402714,2,21,6,1,41,55.0,367.433
1569.402724,1,1,11,1,82,55.0,272.612
1569.4027285,3,1,6,1,96,56.0,277.823
1569.40276,5,1,2,0,1,47.0,0.0
1569.4032495,6,1,3,0,24,49.0,58.118
1569.404531,1,1,4,1,38,55.0,173.615
1569.405449,5,1,2,0,1,49.0,0.0
1569.4061245,6,1,5,0,7,52.0,31.012
1569.406706,5,1,1,0,1,45.0,0.0
1569.4067475,6,2,7,3,136,66.0,1519.0
1569.4078465,6,16,19,5,417,58.0,743.405
1569.408027,1,1,4,0,1,48.0,0.0
1569.4080465,3,2,2,0,19,49.0,32.274
1569.4086395,3,1,1,0,1,45.0,0.0
1569.409518,1,172,25,5,214,55.0,859.366
1569.4095485,3,2,12,2,145,56.0,474.147
1569.40963,2,10,10,3,78,59.0,1212.0
1569.409687,4,1,1,0,8,46.0,16.329
1569.4107985,6,1,5,1,176,48.0,97.876
1569.411285,1,1,1,0,1,47.0,0.0
1569.4116055,6,1,3,0,14,51.0,47.509
1569.4132035,6,1,9,2,289,53.0,280.619
1569.413882,1,4,3,0,5,50.0,23.548
1569.414853,1,1,1,0,1,45.0,0.0
1569.4150525,6,76,14,4,156,61.0,1116.0
1569.4151585,3,2,3,0,17,51.0,68.353
1569.415215,5,4,2,0,5,49.0,32.397
1569.415549,1,1,2,0,5,49.0,14.219
1569.4161785,3,1,2,0,5,51.0,32.27
1569.4167965,6,1,2,0,1,48.0,0.0
1569.4176905,6,1,3,0,67,50.0,43.86
1569.41797,5,10,2,0,13,53.0,90.242
1569.4182825,6,2,14,3,213,54.0,517.445
1569.4184545,3,1,1,0,1,46.0,0.0
1569.4191385,6,1,14,6,628,55.0,584.839
1569.419523,1,2,14,1,49,56.0,379.814
1569.420172,5,2,2,0,17,54.0,82.753
1569.4204225,6,1,2,0,1,47.0,0.0
1569.4211935,6,1,3,0,11,52.0,46.527
1569.4212315,3,1,1,0,1,45.0,0.0
1569.4224775,3,1,1,0,1,45.0,0.0
1569.422486,5,2,2,0,5,46.0,15.618
1569.4226705,6,2,2,0,7,50.0,47.597
1569.424415,1,2,3,0,16,52.0,87.987
1569.4258595,3,1,7,2,167,48.0,189.583
1569.425873,1,281,24,5,282,53.0,649.085
1569.42602,2,1,4,2,108,57.0,389.889
1569.4266005,3,1,2,0,9,47.0,22.934
1569.426878,1,3,1,0,4,46.0,14.731
1569.4274045,6,15,24,9,136,69.0,6773.0
1569.427409,5,7,16,3,133,57.0,743.383
1569.427424,1,2,16,4,154,57.0,818.087
1569.4274335,3,2,6,2,106,55.0,376.144
1569.427454,2,1,7,2,67,55.0,502.934
1569.42921,1,1,1,0,7,47.0,13.404
1569.4298005,6,1,3,0,19,53.0,70.647
1569.429972,5,3,3,0,8,50.0,55.972
1569.4301035,3,1,1,0,1,45.0,0.0
1569.4305445,6,17,8,1,56,53.0,254.636
1569.430552,1,1,3,0,4,52.0,34.875
1569.4309155,3,2,5,0,34,52.0,160.164
1569.430974,2,1,1,0,1,52.0,0.0
1569.431036,5,1,2,0,1,45.0,0.0
1569.4314725,3,1,3,0,16,49.0,47.871
1569.431518,1,2,4,0,21,48.0,31.961
1569.432622,1,1,7,1,78,49.0,129.778
1569.432631,5,1,3,0,1,49.0,0.0
1569.4326515,3,1,2,0,5,51.0,25.265
1569.43379,1,1,3,0,10,52.0,45.503
1569.4338205,3,1,1,0,1,45.0,0.0
1569.4359075,6,178,14,4,227,65.0,1577.0
1569.436682,2,1,6,0,13,57.0,224.187
1569.4366835,6,182,36,13,350,63.0,4155.0
1569.436698,5,1,13,2,163,51.0,299.546
1569.4367775,3,2,7,1,101,49.0,193.344
1569.4377185,6,215,18,7,561,62.0,1457.0
1569.437943,5,2,2,0,2,46.0,3.933
1569.4388815,6,1,13,5,191,63.0,2017.0
1569.4389945,3,34,6,1,58,53.0,202.135
1569.439007,1,1,9,1,71,53.0,231.144
1569.439007,5,2,4,0,5,49.0,25.039
1569.439023,2,1,4,0,27,53.0,147.76
1569.4413015,6,236,12,4,251,58.0,774.951
1569.441494,1,2,10,1,77,49.0,180.312
1569.4414975,3,2,2,0,6,52.0,39.426
1569.441499,5,4,5,1,22,55.0,353.373
1569.4421725,6,1,24,9,366,67.0,3572.0
1569.442199,1,30,17,3,116,55.0,485.134
1569.4422005,3,2,10,3,218,52.0,346.381
1569.442217,5,31,13,1,99,51.0,223.986
1569.442225,2,1,10,2,57,56.0,525.932
1569.4430485,6,73,15,4,136,63.0,1713.0
1569.4430635,3,2,7,2,136,49.0,200.896
1569.44315,2,1,1,0,1,51.0,0.0
1569.44318,1,1,2,0,13,48.0,25.509
1569.4439575,6,66,17,5,236,61.0,1209.0
1569.443979,1,1,4,0,63,50.0,51.629
1569.444229,5,1,1,0,1,45.0,0.0
1569.444698,1,1,6,1,50,52.0,135.947
1569.4447135,3,1,3,0,17,51.0,51.393
1569.44472,2,1,1,0,1,51.0,0.0
1569.4454455,6,2,25,9,495,58.0,1923.0
1569.445728,1,5,11,2,115,59.0,842.405
1569.445808,5,1,4,0,6,51.0,31.318
1569.446896,1,1,1,0,1,45.0,0.0
1569.4474445,6,1,2,0,1,47.0,0.0
1569.4480925,6,1,4,0,22,46.0,33.916
1569.4496295,6,1,2,0,5,47.0,10.815
1569.4502725,6,1,9,2,93,56.0,422.069
1569.4508675,6,5,3,0,6,51.0,22.589
1569.4514895,6,1,1,0,1,45.0,0.0
1569.452622,5,2,6,0,23,50.0,82.664
1569.4527265,6,2,4,2,191,50.0,179.078
1569.4529035,3,1,1,0,5,45.0,8.702
1569.452942,1,1,1,0,1,45.0,0.0
1569.453205,2,1,2,0,1,52.0,0.0
1569.4534855,6,1,2,0,13,48.0,31.175
1569.4540535,6,2,3,0,40,49.0,56.764
1569.4556935,6,1,5,1,89,51.0,89.359
1569.4564685,6,2,11,3,95,63.0,1378.0
1569.456506,5,1,3,0,1,48.0,0.0
1569.45651,1,2,8,1,59,51.0,182.027
1569.457178,1,1,8,3,471,52.0,299.758
1569.4576155,3,1,2,0,4,48.0,12.466
1569.4589095,6,1,10,3,271,53.0,320.524
1569.45908,5,1,3,0,7,52.0,34.939
1569.45909,1,1,4,0,27,48.0,45.151
1569.4591165,3,1,2,0,5,47.0,12.609
1569.4600835,6,1,1,0,1,50.0,0.0
1569.461349,5,2,1,0,2,48.0,11.061
1569.461971,1,1,2,0,1,48.0,0.0
1569.4619965,3,1,1,0,1,45.0,0.0
1569.462254,5,2,2,0,3,48.0,13.738
1569.4639455,6,30,9,1,42,57.0,562.35
1569.4639785,3,1,5,0,26,50.0,66.675
1569.463989,1,1,5,0,45,51.0,118.457
1569.4645185,6,16,13,3,99,58.0,948.021
1569.464537,1,1,5,0,45,47.0,71.296
1569.4645405,3,1,3,0,48,53.0,110.17
1569.464541,5,1,3,0,1,47.0,0.0
1569.4652455,6,136,11,2,144,56.0,348.529
1569.4660655,6,2,2,0,2,47.0,4.055
1569.4666165,3,2,1,0,2,45.0,4.273
1569.466621,5,1,2,1,99,47.0,121.055
1569.4671405,3,1,4,0,41,49.0,79.052
1569.467159,1,1,3,0,30,51.0,72.15
1569.467197,2,1,1,0,1,50.0,0.0
1569.4684285,6,1,8,1,149,53.0,206.322
1569.4685215,3,2,4,0,10,49.0,44.915
1569.468524,2,4,7,1,39,56.0,493.065
1569.468554,5,1,2,0,1,46.0,0.0
1569.4691485,6,2,3,0,2,50.0,26.198
1569.469357,5,1,1,0,1,47.0,0.0
1569.469904,1,1,18,4,141,55.0,744.051
1569.4705925,6,1,2,0,1,47.0,0.0
1569.4711245,6,2,3,0,72,51.0,97.77
1569.472441,5,2,3,0,2,50.0,5.237
1569.4730685,6,2,3,0,3,50.0,9.93
1569.474427,5,1,1,0,1,46.0,0.0
1569.4744275,6,3,12,3,120,57.0,596.052
1569.474438,1,26,7,1,54,53.0,222.71
1569.4744525,3,1,2,0,42,48.0,47.126
1569.474453,2,1,4,0,6,54.0,64.452
1569.4761365,6,2,4,0,58,51.0,100.72
1569.476137,1,1,1,0,1,45.0,0.0
1569.477406,5,1,6,1,56,53.0,209.994
1569.4775235,6,2,2,0,6,47.0,17.087
1569.4779375,3,1,1,0,1,46.0,0.0
1569.477938,1,1,5,0,32,50.0,66.791
1569.4785375,6,1,1,0,1,45.0,0.0
1569.4794095,6,1,3,0,14,50.0,38.224
1569.479468,1,1,3,0,1,47.0,0.0
1569.4799245,6,6,20,10,284,72.0,9332.0
1569.4799495,3,1,8,1,56,53.0,195.669
1569.479955,5,2,8,1,99,51.0,244.9
1569.479981,1,18,9,1,79,54.0,278.853
1569.4809595,6,1,5,0,29,54.0,113.725
1569.4820075,6,1,2,0,36,52.0,85.021
1569.4823305,3,1,7,1,122,50.0,176.322
1569.482337,1,1,11,2,86,55.0,375.546
1569.482343,2,2,4,0,27,55.0,191.451
1569.4829005,6,147,24,8,607,62.0,1305.0
1569.482979,5,2,3,0,5,50.0,35.678
1569.4829795,3,1,3,0,1,46.0,0.0
1569.483305,1,1,4,0,26,48.0,59.053
1569.483662,5,2,1,0,3,48.0,12.234
1569.48393,1,1,12,2,103,53.0,299.135
1569.4840085,6,1,5,0,1,49.0,0.0
1569.484296,5,1,4,1,95,50.0,152.935
1569.4843095,3,1,2,0,7,52.0,39.061
1569.485013,1,1,3,0,4,46.0,10.461
1569.4850215,3,1,1,0,5,52.0,32.032
1569.4856785,6,1,1,0,1,45.0,0.0
1569.4867905,3,1,1,0,1,45.0,0.0
1569.4868615,6,210,38,21,449,70.0,15829.0
1569.487009,1,69,36,13,310,68.0,6671.0
1569.487112,4,2,3,0,3,49.0,12.13
1569.4873015,3,1,4,0,27,47.0,48.561
1569.487925,2,1,6,2,119,53.0,449.946
1569.48793,1,95,18,4,169,53.0,586.483
1569.4879425,6,63,20,5,214,55.0,818.313
1569.4879985,3,3,7,2,92,56.0,301.484
1569.4887265,6,1,1,0,1,45.0,0.0
1569.4894035,6,1,1,0,1,46.0,0.0
1569.4902355,6,15,23,9,379,66.0,3082.0
1569.490241,1,6,18,3,125,55.0,561.6
1569.490242,5,1,9,2,136,55.0,316.107
1569.4902445,3,2,13,3,110,56.0,694.109
1569.4914805,6,3,4,0,25,55.0,133.408
1569.4920595,6,320,35,12,481,60.0,2884.0
1569.4923225,3,5,20,7,162,65.0,2887.0
1569.492336,2,16,18,6,109,65.0,2981.0
1569.492342,5,14,15,3,158,55.0,593.174
1569.493031,5,3,9,1,53,55.0,414.856
1569.493041,2,1,8,1,30,55.0,265.993
1569.493042,1,5,21,3,116,57.0,712.25
1569.4930455,3,1,5,1,73,50.0,129.531
1569.4936255,6,1,5,0,61,52.0,116.179
1569.494609,5,2,4,0,5,49.0,31.436
1569.494915,1,1,1,0,1,45.0,0.0
1569.4949315,3,1,1,0,1,45.0,0.0
1569.4956465,6,1,10,3,83,58.0,811.717
1569.495703,5,2,4,0,2,47.0,5.064
1569.4957135,3,1,2,0,34,49.0,56.878
1569.4963115,6,960,34,13,1085,57.0,1557.0
1569.4967115,3,1,1,0,1,45.0,0.0
1569.497238,1,5,12,2,58,61.0,837.655
1569.4972565,3,1,3,1,93,50.0,94.0
1569.497826,1,2,2,0,5,48.0,14.423
1569.4980415,6,1,3,1,199,50.0,106.93
1569.4994845,6,103,13,3,131,63.0,1521.0
1569.4996285,3,1,1,0,1,45.0,0.0
1569.499761,5,2,1,0,2,45.0,4.562
1569.5003065,6,1,3,0,11,46.0,15.074
1569.50033,1,1,1,0,1,45.0,0.0
1569.5009415,6,183,15,6,359,66.0,1873.0
1569.500942,5,2,3,0,3,52.0,31.109
1569.50096,1,1,5,0,9,50.0,20.709
1569.5009815,3,1,4,0,31,51.0,108.417
1569.50172,5,1,4,0,1,50.0,0.0
1569.5029425,6,1,3,0,20,50.0,69.343
1569.503244,1,339,39,11,541,57.0,1789.0
1569.5032645,3,1,3,0,1,45.0,0.0
1569.503302,2,1,3,0,1,51.0,0.0
1569.5035705,6,1,27,7,208,59.0,1798.0
1569.5046205,6,1,3,0,7,52.0,53.166
1569.5057825,6,87,8,2,133,55.0,275.861
1569.507156,5,1,1,0,1,45.0,0.0
1569.5074795,6,2,3,0,6,49.0,15.541
1569.5080185,6,1,3,0,7,50.0,24.826
1569.5087765,6,3,10,2,234,54.0,313.563
1569.509026,2,1,1,0,1,50.0,0.0
1569.5107,1,1,2,0,1,50.0,0.0
1569.5108995,6,1,1,0,5,50.0,18.351
1569.5111735,3,1,11,2,111,52.0,327.33
1569.511191,5,2,10,2,100,53.0,291.243
1569.511198,2,1,8,2,93,54.0,463.322
1569.511209,1,1,12,2,91,54.0,492.038
1569.5116505,6,1,3,0,12,51.0,45.808
1569.511943,1,2,2,0,2,49.0,6.726
1569.5119535,3,1,1,0,1,45.0,0.0
1569.51353,5,5,8,1,34,57.0,372.525
1569.5135445,6,1,3,0,24,49.0,47.923
1569.5140735,6,2,8,2,264,59.0,337.619
1569.5147,1,1,5,0,10,52.0,61.762
1569.5147065,3,1,4,0,25,50.0,41.822
1569.5148395,6,1,1,0,1,46.0,0.0
1569.5160915,6,25,12,4,169,66.0,1848.0
1569.516825,5,2,7,1,64,52.0,181.363
1569.516841,1,1,10,1,42,53.0,211.671
1569.5168415,3,2,5,0,46,53.0,128.809
1569.516871,2,1,2,0,4,54.0,36.451
1569.517594,5,2,3,0,23,51.0,65.996
1569.5182745,3,1,1,0,1,45.0,0.0
1569.518521,5,2,1,0,2,45.0,3.352
1569.5193475,6,45,8,1,84,52.0,223.85
1569.520053,5,1,6,0,18,48.0,36.996
1569.5200625,3,1,3,0,18,47.0,20.619
1569.520171,1,2,2,0,2,48.0,5.342
1569.520515,2,1,4,0,1,53.0,0.0
1569.5206205,3,1,1,0,1,45.0,0.0
1569.520625,5,1,2,0,19,47.0,30.39
1569.5214695,6,23,38,21,359,76.0,22448.0
1569.521498,5,11,31,7,330,58.0,1244.0
1569.5215055,3,42,18,6,327,57.0,1219.0
1569.521509,4,1,2,0,16,49.0,31.269
1569.52151,2,21,17,6,177,62.0,1748.0
1569.521516,1,7,25,8,333,61.0,1879.0
1569.5223635,6,2,13,4,310,64.0,947.034
1569.522404,1,1,2,0,1,47.0,0.0
1569.5235415,6,94,18,6,221,65.0,1956.0
1569.5236385,3,15,8,2,126,55.0,407.558
1569.523643,1,3,11,2,120,56.0,443.203
1569.523676,2,11,6,2,68,59.0,544.129
1569.524965,5,3,7,1,27,53.0,243.252
1569.5252575,6,14,9,2,57,63.0,1075.0
1569.525333,1,1,1,0,1,45.0,0.0
1569.5271415,3,1,7,2,139,53.0,328.779
1569.527146,5,1,5,1,51,51.0,142.31
1569.527183,2,1,3,0,1,53.0,0.0
1569.5281135,3,1,2,0,22,48.0,34.235
1569.528135,1,1,2,0,1,49.0,0.0
1569.528676,1,2,6,0,44,49.0,71.838
1569.5287095,3,1,1,0,18,48.0,17.795
1569.528739,5,1,1,0,1,45.0,0.0
1569.529105,2,1,4,0,1,53.0,0.0
1569.530756,5,7,3,0,8,48.0,34.549
1569.5310565,6,136,15,3,184,56.0,584.212
1569.5312095,3,1,1,0,1,45.0,0.0
1569.531306,1,1,1,0,1,45.0,0.0
1569.5317415,6,1,2,0,57,48.0,42.294
1569.5323995,6,82,4,1,87,50.0,112.701
1569.5330095,6,2,7,2,35,65.0,1277.0
1569.5335735,6,1,3,0,4,53.0,26.575
1569.53378,1,57,35,8,236,60.0,2211.0
1569.533846,5,27,22,3,116,59.0,716.085
1569.5338475,3,53,17,5,196,57.0,997.193
1569.5340795,6,1,1,0,1,45.0,0.0
1569.5347975,6,1,3,0,1,49.0,0.0
1569.535228,5,2,16,4,95,64.0,1863.0
1569.5352325,3,5,10,2,104,54.0,442.544
1569.53526,2,1,9,3,91,57.0,640.644
1569.5361875,6,8,3,0,16,49.0,47.25
1569.536464,5,1,2,0,1,48.0,0.0
1569.5389795,6,1,1,0,1,48.0,0.0
1569.5395225,6,2,5,0,66,50.0,107.229
1569.539574,5,1,3,1,195,52.0,99.789
1569.540266,1,1,1,0,1,45.0,0.0
1569.541031,1,1,3,0,55,49.0,72.929
1569.541045,2,1,2,0,31,56.0,160.449
1569.5410555,3,1,3,0,34,48.0,46.15
1569.5416965,6,2,6,1,46,54.0,175.389
1569.541703,1,4,4,0,9,49.0,45.462
1569.5421055,3,1,1,0,1,45.0,0.0
1569.54256,5,1,3,0,1,47.0,0.0
1569.542571,1,1,3,0,53,47.0,47.83
1569.5431815,6,2,1,0,3,50.0,11.732
1569.543594,2,1,1,0,1,51.0,0.0
1569.5436035,3,1,1,0,1,45.0,0.0
1569.543628,1,1,5,0,37,50.0,82.366
1569.543653,5,1,1,0,1,45.0,0.0
1569.5441205,6,38,11,4,280,63.0,968.103
1569.5443405,3,1,2,0,14,47.0,28.066
1569.544397,1,2,1,0,3,47.0,9.051
1569.544706,5,1,1,0,1,46.0,0.0
1569.5451475,6,93,11,3,246,62.0,748.073
1569.5453655,3,1,1,0,1,45.0,0.0
1569.545817,1,1,4,1,94,53.0,172.421
1569.545845,5,1,1,0,1,48.0,0.0
1569.5459225,6,1,4,0,4,50.0,21.411
1569.5464665,3,1,4,0,31,57.0,187.285
1569.546478,2,1,5,0,1,55.0,0.0
1569.546492,5,2,2,0,2,46.0,4.66
1569.5465075,6,747,53,20,1040,65.0,5344.0
1569.547248,5,11,12,3,91,58.0,832.233
1569.5472535,3,29,10,3,136,55.0,469.4
1569.547283,1,2,10,2,103,53.0,327.94
1569.547342,2,1,2,0,22,56.0,143.616
1569.5480515,6,1,2,0,1,46.0,0.0
1569.5486455,6,1,2,0,1,46.0,0.0
1569.549128,1,1,21,3,115,56.0,830.475
1569.5491395,3,24,8,1,71,52.0,275.245
1569.5491468,6,7,14,8,333,65.0,2547.0
1569.549857,2,1,8,4,175,54.0,659.972
1569.549858,1,1,17,4,245,53.0,548.963
1569.5498725,3,1,9,2,110,51.0,263.246
1569.549952,5,1,4,0,56,52.0,85.281
1569.5499885,6,19,13,5,509,52.0,473.807
1569.5507175,3,1,9,4,209,62.0,973.364
1569.550732,1,1,11,2,63,56.0,440.81
1569.551361,1,6,2,0,7,50.0,35.013
1569.5518195,3,1,2,0,63,48.0,62.494
1569.5518905,6,1,4,0,10,49.0,28.693
1569.552162,1,1,2,0,1,47.0,0.0
1569.5525635,3,1,2,0,62,50.0,39.468
1569.5530885,6,2,3,0,14,57.0,178.79
1569.5533125,3,2,1,0,6,47.0,17.914
1569.553323,1,1,1,0,1,46.0,0.0
1569.5538755,6,1,2,0,1,51.0,0.0
1569.55475,1,1,5,0,4,52.0,27.93
1569.5547565,3,1,3,1,226,51.0,108.568
1569.5568005,6,2,1,0,24,49.0,42.269
1569.5573695,6,128,18,6,290,62.0,1389.0
1569.55753,1,44,8,1,57,51.0,162.07
1569.559453,1,1,1,0,4,52.0,26.502
1569.5596525,6,1,3,0,7,49.0,28.684
1569.560078,1,2,1,0,3,46.0,8.141
1569.5605235,6,1,1,0,1,48.0,0.0
1569.5611415,3,1,1,0,1,45.0,0.0
1569.5627305,6,1,3,0,10,50.0,32.651
1569.563107,1,3,2,0,27,53.0,136.963
1569.563263,5,2,2,0,2,54.0,3.695
1569.5633035,6,1,3,0,14,48.0,17.432
1569.5650435,6,408,23,8,495,60.0,1316.0
1569.565047,1,1,13,2,118,56.0,323.843
1569.565177,2,1,2,0,1,52.0,0.0
1569.5657405,3,1,19,4,205,56.0,816.983
1569.565743,1,73,33,6,185,57.0,1344.0
1569.565745,2,1,17,5,140,58.0,1335.0
1569.5660455,6,1,9,3,287,50.0,245.937
1569.5671535,6,1,4,1,169,50.0,102.462
1569.5678355,6,1,1,0,1,45.0,0.0
1569.568322,1,2,4,0,40,59.0,270.722
1569.568967,1,12,3,0,13,49.0,31.558
1569.5689815,3,1,3,0,4,49.0,13.452
1569.568985,5,2,5,1,56,48.0,124.313
1569.56958,1,2,5,0,3,54.0,35.275
1569.5695855,3,1,1,0,1,45.0,0.0
1569.5710525,3,1,1,0,4,46.0,7.966
1569.5717115,6,1,1,0,1,45.0,0.0
1569.572872,1,1,1,0,1,45.0,0.0
1569.5730695,6,4,16,6,134,67.0,4032.0
1569.5738305,6,2,8,3,219,60.0,783.593
1569.573861,1,1,4,0,71,48.0,69.16
1569.574741,1,1,2,0,1,53.0,0.0
1569.5750045,6,8,7,2,60,62.0,989.663
1569.575548,1,39,5,0,40,53.0,114.097
1569.5755665,6,1,10,3,322,52.0,266.158
1569.576511,1,1,6,1,124,48.0,123.993
1569.576511,5,1,3,0,1,49.0,0.0
1569.5765205,3,1,3,0,15,49.0,42.321
1569.57718,1,2,5,1,35,60.0,554.242
1569.5779875,6,2,2,0,2,47.0,3.55
1569.5786865,6,1,2,0,16,50.0,37.261
1569.5791685,3,1,8,0,31,50.0,82.615
1569.579178,1,2,11,2,93,56.0,350.78
1569.579203,2,1,4,0,25,55.0,132.021
1569.579758,2,1,6,0,1,54.0,0.0
1569.5797708,1,8,11,2,52,61.0,1049.0
1569.579778,5,1,9,1,72,49.0,152.724
1569.5811105,6,3,19,13,149,72.0,14322.0
1569.581138,5,25,19,3,138,57.0,710.472
1569.5811395,3,1,8,1,37,53.0,250.104
1569.581158,2,69,7,2,70,57.0,527.693
1569.5821965,6,1,6,0,24,54.0,114.767
1569.5829255,6,1,5,0,26,52.0,142.047
1569.582949,1,1,3,0,1,46.0,0.0
1569.5835255,6,1,2,0,8,54.0,47.041
1569.5842155,6,2,6,2,27,66.0,1138.0
1569.5844145,3,1,1,0,5,48.0,16.826
1569.584417,5,2,3,0,3,50.0,17.749
1569.5848645,6,320,22,9,475,65.0,2498.0
1569.58507,2,2,3,0,31,53.0,256.862
1569.5850885,3,1,3,0,13,51.0,54.289
1569.58509,1,1,4,0,4,51.0,17.5
1569.585639,1,2,9,1,67,57.0,323.842
1569.5856575,3,1,3,0,19,50.0,47.142
1569.58566,5,2,6,0,25,52.0,101.443
1569.586185,5,10,7,2,149,54.0,370.941
1569.5862025,6,39,18,5,413,57.0,833.414
1569.586203,2,1,1,0,1,51.0,0.0
1569.5862135,3,1,3,0,1,47.0,0.0
1569.586222,1,1,6,1,73,50.0,115.048
1569.586846,1,2,32,9,575,56.0,1335.0
1569.586847,5,1,29,10,685,56.0,1319.0
1569.586895,2,162,15,6,262,56.0,1208.0
1569.5898675,6,3,15,4,132,66.0,1772.0
1569.589936,5,2,2,0,3,47.0,9.777
1569.590208,2,2,5,0,25,54.0,155.773
1569.590225,1,1,7,0,6,50.0,27.186
1569.5902335,3,2,1,0,2,45.0,3.213
1569.5905705,6,10,16,9,144,69.0,6470.0
1569.590627,5,1,3,0,1,51.0,0.0
1569.591746,1,1,2,0,1,48.0,0.0
1569.593181,5,1,1,0,1,45.0,0.0
1569.593795,5,2,1,0,3,50.0,16.973
1569.593807,2,1,2,0,1,52.0,0.0
1569.593813,1,1,1,0,1,45.0,0.0
1569.5938265,3,1,3,0,1,48.0,0.0
1569.5944785,6,156,18,7,379,63.0,2353.0
1569.5954605,6,1,3,0,4,51.0,11.798
1569.595575,5,2,4,0,41,51.0,87.589
1569.5959825,6,120,45,19,1207,69.0,7401.0
1569.5961225,3,1,4,1,74,52.0,123.929
1569.596128,1,1,9,0,32,53.0,160.911
1569.596144,5,15,3,0,33,51.0,113.406
1569.596152,2,1,2,0,1,53.0,0.0
1569.59668,5,2,4,0,3,47.0,9.007
1569.5966985,3,1,1,0,1,45.0,0.0
1569.596714,1,1,3,0,60,46.0,46.915
1569.5979665,6,1,2,0,1,45.0,0.0
1569.5985365,6,1,8,2,163,53.0,241.627
1569.599051,5,1,8,3,238,57.0,518.047
1569.599282,1,1,1,0,1,46.0,0.0
1569.5992905,6,1,7,0,28,48.0,47.106
1569.599854,5,2,2,0,3,48.0,8.081
1569.6000685,3,1,1,0,1,45.0,0.0
1569.6007325,6,1,5,1,151,54.0,117.011
1569.601096,1,28,9,1,61,54.0,230.743
1569.6010965,3,1,2,0,1,45.0,0.0
1569.601131,5,2,5,0,2,51.0,11.214
1569.6014925,6,5,10,3,106,65.0,1362.0
1569.601772,1,1,1,0,1,45.0,0.0
1569.6022175,6,1,14,4,166,64.0,1602.0
1569.602322,1,1,9,0,36,52.0,106.822
1569.602466,5,1,1,0,1,48.0,0.0
1569.6041045,6,1,2,0,1,47.0,0.0
1569.6047885,6,1,2,0,4,51.0,28.944
1569.6053095,6,1,3,0,72,48.0,44.396
1569.6059015,6,496,66,46,662,79.0,83131.0
1569.605908,5,14,24,7,146,64.0,3050.0
1569.605911,4,1,2,0,11,53.0,69.309
1569.6059255,3,2,16,4,204,55.0,611.333
1569.60593,1,41,22,5,171,60.0,1422.0
1569.606461,4,1,1,0,1,45.0,0.0
1569.606585,2,1,1,0,1,50.0,0.0
1569.606624,1,1,2,0,1,48.0,0.0
1569.6070855,6,1,3,0,1,49.0,0.0
1569.607712,5,1,1,0,1,45.0,0.0
1569.6080215,6,1,16,5,244,61.0,1209.0
1569.6080245,3,1,1,0,1,45.0,0.0
1569.608767,1,2,5,0,16,59.0,349.247
1569.6087835,3,1,4,0,12,52.0,76.183
1569.6087845,6,1,4,1,75,51.0,105.91
1569.609189,5,2,1,0,6,52.0,60.445
1569.6095455,6,1,5,0,30,50.0,99.369
1569.6100275,3,1,10,2,100,56.0,333.506
1569.6100758,6,301,31,14,687,72.0,8463.0
1569.6112975,6,13,7,1,41,60.0,616.803
1569.611571,1,46,14,3,133,56.0,535.143
1569.611586,5,9,13,2,113,53.0,368.219
1569.6115915,3,2,11,2,96,54.0,551.433
1569.611595,2,39,8,2,78,59.0,591.795
1569.612475,1,1,1,0,1,45.0,0.0
1569.6124885,6,1,12,2,120,56.0,439.902
1569.6132385,3,1,2,0,13,51.0,41.064
1569.613242,1,1,2,0,1,45.0,0.0
1569.614769,1,2,7,0,30,54.0,109.641
1569.6147715,3,1,4,0,64,50.0,75.828
1569.614795,2,1,2,0,1,52.0,0.0
1569.61534,1,1,2,0,1,45.0,0.0
1569.6153645,6,1,6,1,64,54.0,150.786
1569.6154415,3,1,1,0,1,45.0,0.0
1569.6159585,6,261,24,7,370,62.0,1620.0
1569.615977,5,2,3,0,7,49.0,28.586
1569.6162235,3,1,2,0,17,45.0,22.971
1569.6169945,6,525,66,29,1174,68.0,13028.0
1569.617098,5,41,23,5,167,58.0,1232.0
1569.6171105,3,12,15,4,223,54.0,670.437
1569.617113,4,1,3,0,54,52.0,110.588
1569.618518,5,2,1,0,2,45.0,4.025
1569.6187485,6,2,6,2,42,59.0,719.23
1569.618783,1,1,2,0,1,50.0,0.0
1569.6194335,6,16,15,4,83,63.0,1615.0
1569.619459,5,37,10,1,71,53.0,322.255
1569.6194785,3,1,3,0,4,49.0,14.601
1569.619512,1,2,5,0,18,52.0,57.699
1569.61952,2,1,2,0,1,51.0,0.0
1569.6201115,3,1,2,0,25,48.0,33.264
1569.6201165,6,1,9,3,374,50.0,317.033
1569.620138,1,2,2,0,2,46.0,5.201
1569.620425,5,2,3,0,40,53.0,135.922
1569.621034,1,1,2,0,1,49.0,0.0
1569.6211785,6,3,1,0,4,47.0,12.758
1569.6217075,6,1,3,0,7,49.0,29.704
1569.622005,1,1,4,1,125,48.0,93.1
1569.6221275,3,1,1,0,1,45.0,0.0
1569.622367,5,8,29,11,146,71.0,9217.0
1569.622373,2,4,27,17,200,71.0,13910.0
1569.6223745,6,58,58,23,580,67.0,9751.0
1569.622389,4,1,3,0,42,47.0,52.55
1569.622833,1,85,9,1,118,51.0,193.469
1569.6228455,3,2,4,1,92,48.0,112.648
1569.6240685,6,10,32,11,399,68.0,4243.0
1569.624079,2,52,17,6,141,61.0,2189.0
1569.6240815,3,47,15,4,142,60.0,1188.0
1569.6250595,6,249,12,4,426,63.0,1278.0
1569.625845,1,1,2,0,7,48.0,25.73
1569.6267995,6,109,15,5,270,58.0,1110.0
1569.626853,5,4,6,0,7,50.0,33.033
1569.626916,1,2,6,1,59,50.0,111.64
1569.6283555,6,1,4,0,105,52.0,76.935
1569.628759,5,2,12,3,79,64.0,1512.0
1569.6294885,6,3,24,10,219,68.0,5953.0
1569.629492,5,10,14,2,99,56.0,519.503
1569.629501,2,1,5,1,77,54.0,299.549
1569.6295015,3,31,11,3,151,55.0,551.795
1569.62951,1,27,14,2,112,55.0,474.617
1569.6303995,6,151,12,3,181,56.0,534.362
1569.6313005,6,7,58,46,869,83.0,96620.0
1569.631303,5,21,37,14,271,65.0,6431.0
1569.63131,1,26,40,17,273,68.0,9392.0
1569.631315,2,42,33,18,283,66.0,9628.0
1569.631316,4,1,12,2,87,57.0,597.068
1569.6313205,3,2,30,16,531,68.0,6563.0
1569.6326695,3,1,1,0,1,46.0,0.0
1569.632704,5,1,1,0,1,47.0,0.0
1569.6328075,6,1,2,0,1,47.0,0.0
1569.6333545,6,555,50,24,845,77.0,22601.0
1569.633509,5,1,3,0,1,46.0,0.0
1569.633583,1,1,1,0,1,47.0,0.0
1569.6339345,3,207,17,4,291,56.0,598.264
1569.633969,2,1,11,5,246,57.0,948.517
1569.634153,5,46,8,1,47,52.0,164.294
1569.6355975,6,241,20,6,314,60.0,1276.0
1569.63577,5,1,2,0,30,47.0,48.412
1569.6357705,3,1,2,0,1,45.0,0.0
1569.635777,1,1,3,0,1,48.0,0.0
1569.6364455,6,38,16,5,131,63.0,1678.0
1569.636515,1,1,4,0,1,49.0,0.0
1569.6365185,3,1,2,0,11,46.0,15.438
1569.6370825,6,7,71,31,1642,66.0,7579.0
1569.637088,4,1,2,0,1,47.0,0.0
1569.6370915,3,30,19,6,237,58.0,1431.0
1569.637108,1,18,21,5,154,59.0,1628.0
1569.637747,5,2,6,0,3,51.0,16.973
1569.6379355,3,1,13,3,222,51.0,328.567
1569.637954,2,1,6,0,29,55.0,174.874
1569.637961,1,1,11,2,169,52.0,273.488
1569.6390925,3,1,2,0,1,49.0,0.0
1569.639906,1,1,1,0,1,46.0,0.0
1569.641344,5,2,1,0,2,46.0,19.238
1569.6413615,6,1,5,0,24,48.0,38.535
1569.6426045,6,2,4,0,26,56.0,211.943
1569.643045,5,1,1,0,1,49.0,0.0
1569.6442315,6,143,21,9,486,65.0,2512.0
1569.644406,1,1,5,0,23,48.0,29.628
1569.644419,5,1,2,0,1,46.0,0.0
1569.644926,5,3,2,0,6,51.0,49.673
1569.6456775,6,1,15,4,151,63.0,1408.0
1569.645679,5,1,7,1,85,54.0,218.383
1569.6456855,3,2,5,1,46,55.0,194.243
1569.645712,1,1,5,0,12,50.0,45.271
1569.6463665,6,17,27,12,452,67.0,4621.0
1569.646376,2,1,12,2,67,57.0,658.353
1569.6463795,3,2,9,2,113,52.0,347.427
1569.647063,2,19,17,4,82,60.0,1658.0
1569.6473615,6,200,18,7,342,66.0,2522.0
1569.6483535,6,1,3,0,11,46.0,13.674
1569.648894,1,1,5,0,1,50.0,0.0
1569.648896,2,1,1,0,1,50.0,0.0
1569.6489055,3,2,3,0,31,49.0,58.508
1569.6496928,6,1,3,0,5,50.0,23.848
1569.6501105,3,1,1,0,1,45.0,0.0
1569.650879,1,1,1,0,1,45.0,0.0
1569.6509635,6,31,15,5,384,56.0,578.515
1569.65198,1,1,6,1,93,51.0,167.474
1569.6520045,3,1,2,0,1,46.0,0.0
1569.652027,5,1,2,0,13,51.0,54.749
1569.652613,1,1,2,0,42,47.0,29.11
1569.6533745,6,39,14,3,131,56.0,496.422
1569.6541365,6,1,6,0,39,53.0,150.391
1569.65416,5,2,31,10,417,68.0,3456.0
1569.654396,2,20,18,7,144,61.0,2481.0
1569.6543965,3,74,14,2,122,53.0,402.412
1569.6548385,6,1,7,1,49,50.0,152.093
1569.6553935,6,219,25,10,516,69.0,4073.0
1569.6573595,6,10,42,15,969,63.0,2856.0
1569.6574105,3,1,2,0,6,46.0,12.863
1569.6583115,3,1,1,0,1,45.0,0.0
1569.6589345,6,1,4,0,24,48.0,29.104
1569.6592355,3,94,24,7,237,57.0,1764.0
1569.65932,4,1,2,0,1,48.0,0.0
1569.6594695,6,1,5,0,49,49.0,96.356
1569.660049,2,1,2,0,1,50.0,0.0
1569.660053,5,1,1,0,1,46.0,0.0
1569.6609165,6,64,17,11,182,73.0,13901.0
1569.661023,1,1,1,0,1,45.0,0.0
1569.6616385,6,2,5,1,55,56.0,159.433
1569.6620385,3,1,1,0,1,47.0,0.0
1569.6629605,3,1,3,0,13,55.0,155.536
1569.662983,1,6,4,0,13,50.0,47.526
1569.6633595,6,1,5,2,213,51.0,156.085
1569.6642425,6,1,2,0,1,45.0,0.0
1569.6648445,6,5,79,31,1013,70.0,12225.0
1569.6648565,3,200,21,4,254,54.0,566.267
1569.66495,2,1,6,0,21,53.0,98.086
1569.665596,5,17,19,4,137,59.0,1212.0
1569.665601,2,1,11,3,106,59.0,887.915
1569.6656125,3,2,7,1,82,53.0,257.503
1569.6663835,6,378,29,10,479,64.0,2867.0
1569.6668665,3,1,1,0,6,45.0,10.005
1569.666897,1,1,3,0,1,49.0,0.0
1569.6674425,6,1,3,0,4,51.0,19.074
1569.668025,1,1,1,0,1,47.0,0.0
1569.6688785,6,217,35,11,482,61.0,2899.0
1569.66911,5,2,20,4,225,58.0,595.986
1569.6691355,3,1,4,1,153,50.0,175.225
1569.669147,1,1,11,2,125,52.0,221.792
1569.669205,2,1,3,0,1,51.0,0.0
1569.6701735,6,1,1,0,4,49.0,14.142
1569.670615,5,7,10,2,82,57.0,633.044
1569.670649,4,1,1,0,1,45.0,0.0
1569.670653,1,2,9,1,51,56.0,273.505
1569.6706555,3,1,5,0,21,52.0,97.315
1569.6706805,6,179,14,4,357,56.0,568.025
1569.6715685,6,15,43,20,416,72.0,14006.0
1569.671574,1,35,31,9,208,64.0,3826.0
1569.6715845,3,3,27,9,267,61.0,2644.0
1569.671588,5,68,29,9,334,61.0,2217.0
1569.672329,1,58,25,4,109,58.0,1011.0
1569.672346,2,61,10,2,82,58.0,585.362
1569.6723575,3,2,7,0,42,49.0,120.09
1569.6724915,6,6,8,1,55,60.0,453.226
1569.6729435,3,1,1,0,4,50.0,16.508
1569.672967,2,1,2,0,1,52.0,0.0
1569.6731085,6,896,37,15,1086,62.0,2290.0
1569.6735435,3,1,1,0,1,45.0,0.0
1569.674005,1,1,10,1,74,53.0,196.424
1569.6740447,3,1,1,0,1,45.0,0.0
1569.674067,2,1,2,0,47,52.0,107.631
1569.674686,5,6,8,1,62,53.0,301.426
1569.6747005,3,1,6,1,82,51.0,227.13
1569.674732,1,21,3,0,22,51.0,69.482
1569.67477,2,1,1,0,1,50.0,0.0
1569.675306,1,2,11,2,170,62.0,622.917
1569.6754615,3,1,1,0,1,45.0,0.0
1569.6755415,6,117,12,4,151,63.0,1972.0
1569.676005,1,1,19,3,133,55.0,757.883
1569.6760115,3,1,9,3,204,52.0,333.721
1569.676033,5,1,13,3,199,50.0,341.173
1569.6762455,6,1,6,2,251,50.0,225.187
1569.6770555,6,2,3,0,69,47.0,78.804
1569.677749,2,15,9,2,38,60.0,957.083
1569.677757,1,15,8,1,47,57.0,358.276
1569.6777745,3,2,3,0,24,48.0,41.255
1569.677784,5,1,5,0,1,51.0,0.0
1569.6777865,6,264,26,9,479,64.0,2467.0
1569.6787935,3,1,2,0,1,48.0,0.0
1569.678794,1,1,10,1,157,48.0,145.739
1569.6788955,6,8,44,20,1015,68.0,7492.0
1569.679603,2,33,12,3,78,60.0,969.448
1569.6796065,3,28,11,2,77,58.0,640.085
1569.6810798,6,1,6,0,29,51.0,92.639
1569.6816295,3,1,2,0,32,49.0,46.614
1569.68164,1,2,4,0,16,50.0,66.316
1569.681642,5,1,2,0,1,48.0,0.0
1569.682208,1,2,4,0,25,55.0,203.318
1569.6836525,6,1,2,0,1,45.0,0.0
1569.6841995,6,1,1,0,1,47.0,0.0
1569.6848195,6,2,5,1,41,53.0,288.901
1569.685287,1,2,3,0,7,50.0,36.49
1569.6853975,6,1,2,0,1,45.0,0.0
1569.686291,1,2,1,0,2,46.0,3.903
1569.6864185,6,1,5,2,247,52.0,215.553
1569.6872305,6,1,3,0,143,48.0,48.539
1569.6890235,6,3,12,4,181,59.0,705.698
1569.689082,1,1,5,1,65,51.0,120.057
1569.690039,1,14,16,2,102,55.0,506.611
1569.6900505,3,1,9,1,108,52.0,201.255
1569.690066,5,1,5,0,28,50.0,81.935
1569.690067,2,10,8,1,30,55.0,293.939
1569.6912945,3,1,17,5,187,57.0,1034.0
1569.6913,1,8,24,6,173,60.0,1797.0
1569.691302,2,72,20,7,161,60.0,2116.0
1569.6914075,6,625,28,11,807,59.0,1832.0
1569.6928365,6,1,3,0,4,50.0,19.736
1569.6946245,6,2,3,0,5,49.0,33.212
1569.6951495,6,1,1,0,1,47.0,0.0
1569.6961205,6,331,22,10,552,70.0,5125.0
1569.6964995,3,1,2,0,6,47.0,12.684
1569.6977855,6,13,25,9,434,62.0,2500.0
1569.697797,5,1,3,0,11,48.0,21.376
1569.6978365,3,2,2,0,6,47.0,16.386
1569.697839,1,1,4,0,33,50.0,83.247
1569.70019,1,2,1,0,2,52.0,12.69
1569.700766,1,174,13,4,268,53.0,522.526
1569.7009235,3,1,9,2,134,52.0,350.879
1569.700948,2,1,2,0,19,52.0,53.82
1569.701571,5,1,1,0,5,49.0,19.879
1569.7020725,6,4,33,12,436,67.0,4437.0
1569.702177,1,1,9,1,56,53.0,207.96
1569.70218,2,1,2,0,30,54.0,97.634
1569.702199,5,1,4,0,8,47.0,18.324
1569.7021995,3,1,2,0,11,48.0,29.643
1569.7033275,6,2,3,0,2,49.0,4.025
1569.7035695,3,1,3,0,37,47.0,52.213
1569.7039415,6,302,44,20,700,73.0,12595.0
1569.704145,5,118,33,7,255,62.0,1770.0
1569.7041935,3,1,21,6,231,58.0,1202.0
1569.704252,2,46,17,6,143,59.0,1808.0
1569.704257,4,1,1,0,1,45.0,0.0
1569.705795,1,1,2,0,12,49.0,33.77
1569.706329,1,1,13,3,263,53.0,352.18
1569.7065145,3,1,4,0,21,50.0,51.95
1569.706515,2,1,6,1,52,55.0,260.671
1569.706532,5,2,8,0,28,53.0,137.307
1569.7071155,6,664,19,8,700,61.0,1458.0
1569.70815,5,2,3,0,26,50.0,76.55
1569.7085095,6,66,16,9,237,72.0,8582.0
1569.709339,1,1,3,1,98,48.0,78.749
1569.7093595,3,1,4,0,28,46.0,50.986
1569.7100255,6,123,10,4,177,70.0,3278.0
1569.7113905,6,1,2,0,1,49.0,0.0
1569.711508,5,1,1,0,1,45.0,0.0
1569.7119555,6,7,6,2,38,64.0,967.098
1569.7119925,3,1,1,0,5,47.0,9.519
1569.711994,1,1,1,0,1,45.0,0.0
1569.712507,1,1,1,0,1,47.0,0.0
1569.713327,1,339,36,14,483,67.0,6711.0
1569.7133595,6,335,34,9,467,61.0,1868.0
1569.7136745,3,1,7,1,65,52.0,194.6
1569.7143465,6,910,79,29,1209,70.0,10481.0
1569.714423,5,1,2,0,6,51.0,21.352
1569.7144445,3,2,2,0,6,47.0,18.368
1569.714777,1,191,33,10,554,60.0,1926.0
1569.7149735,3,1,9,2,101,53.0,284.528
1569.71498,2,24,10,4,115,60.0,1136.0
1569.715996,1,1,7,2,187,51.0,246.24
1569.7160825,6,12,15,4,113,63.0,1180.0
1569.7161005,3,1,8,1,75,55.0,350.527
1569.716105,2,1,7,1,50,56.0,339.774
1569.7169635,6,44,22,9,215,63.0,3679.0
1569.717018,1,3,9,1,59,50.0,190.721
1569.7170585,3,1,3,0,25,51.0,60.599
1569.717763,5,1,4,1,104,49.0,111.627
1569.71827,2,2,16,6,91,65.0,3428.0
1569.718395,5,1,1,0,1,49.0,0.0
1569.7185395,6,1,2,0,7,49.0,22.11
1569.7190925,6,6,17,6,151,66.0,3138.0
1569.719106,5,1,3,0,21,52.0,43.15
1569.7191285,3,1,3,0,48,50.0,87.362
1569.719151,1,2,4,0,30,48.0,60.394
1569.71917,2,1,1,0,1,51.0,0.0
1569.719672,2,226,16,7,261,58.0,1606.0
1569.7196785,3,1,17,4,311,53.0,502.585
1569.71969,1,2,33,8,323,64.0,2013.0
1569.7197445,6,1049,93,37,2146,66.0,8329.0
1569.72066,1,1,26,6,285,55.0,881.923
1569.7207485,3,1,10,1,83,51.0,206.388
1569.721564,1,1,3,0,1,47.0,0.0
1569.72172,5,1,2,0,1,46.0,0.0
1569.7217475,3,1,1,0,1,45.0,0.0
1569.7225905,6,1,2,0,4,45.0,7.341
1569.723049,1,75,46,32,429,75.0,31091.0
1569.723118,2,78,38,29,240,71.0,28074.0
1569.7231205,3,10,37,25,363,72.0,23425.0
1569.723121,5,84,45,18,279,65.0,8644.0
1569.7231215,6,29,66,35,685,71.0,23449.0
1569.723123,4,65,15,2,71,57.0,673.476
1569.725167,5,1,4,0,5,49.0,13.979
1569.7251785,3,2,2,0,8,55.0,89.628
1569.725195,1,1,1,0,1,45.0,0.0
1569.725212,2,1,2,0,1,51.0,0.0
1569.725929,5,2,2,0,29,49.0,62.787
1569.7259325,3,1,1,0,1,45.0,0.0
1569.7261165,6,292,34,14,638,64.0,4809.0
1569.726409,1,1,19,3,124,55.0,656.023
1569.7264365,3,5,6,0,26,51.0,103.144
1569.726447,2,2,6,0,9,57.0,191.756
1569.726469,5,2,8,4,342,54.0,386.164
1569.727306,1,1,8,1,167,48.0,137.282
1569.7273135,6,468,22,9,517,61.0,1956.0
1569.7274745,3,1,1,0,1,45.0,0.0
1569.727984,1,2,2,0,2,51.0,22.657
1569.7283665,6,2,38,12,571,66.0,3303.0
1569.728402,5,1,9,0,30,53.0,116.292
1569.728746,1,1,14,2,106,57.0,508.168
1569.7287555,3,1,4,0,54,49.0,81.794
1569.728774,2,1,5,0,1,53.0,0.0
1569.7295975,6,1,2,0,99,48.0,46.179
1569.7302505,6,155,16,4,208,63.0,1232.0
1569.730428,5,1,1,0,1,45.0,0.0
1569.7309625,6,1,3,0,17,50.0,58.957
1569.7314865,6,1,4,0,17,49.0,36.805
1569.731493,1,1,3,0,7,48.0,21.027
1569.7319845,3,1,1,0,1,45.0,0.0
1569.732002,1,2,2,0,8,50.0,36.297
1569.7321455,6,3,5,0,13,53.0,78.624
1569.732568,1,170,15,5,408,59.0,766.535
1569.7327035,6,1,35,11,531,62.0,2557.0
1569.732711,5,31,12,2,76,53.0,477.299
1569.7327275,3,1,7,1,48,51.0,134.117
1569.732736,2,42,9,1,44,56.0,319.093
1569.7338765,3,1,2,0,15,47.0,36.278
1569.733912,1,1,7,0,36,49.0,73.212
1569.7346608,6,321,26,9,404,65.0,3308.0
1569.7360745,6,1,7,3,287,51.0,262.487
1569.736225,5,1,6,0,18,50.0,63.364
1569.736756,1,1,6,0,4,48.0,8.912
1569.7381225,6,2,2,0,5,49.0,19.666
1569.739297,1,1,1,0,1,45.0,0.0
1569.7394375,6,272,46,19,534,70.0,11332.0
1569.7396185,3,127,14,3,175,57.0,652.543
1569.739629,2,95,22,8,219,60.0,2061.0
1569.739647,5,81,22,5,236,56.0,1041.0
1569.739806,1,1,5,1,68,51.0,144.82
1569.740892,1,1,1,0,1,45.0,0.0
1569.74101,5,127,8,2,156,51.0,231.842
1569.7411265,3,1,2,0,1,47.0,0.0
1569.741146,2,1,2,0,1,53.0,0.0
1569.741552,1,1,5,0,1,51.0,0.0
1569.742121,5,2,4,1,33,59.0,460.184
1569.7421425,3,1,2,0,4,46.0,7.437
1569.742158,1,1,2,0,1,45.0,0.0
1569.742474,2,22,9,3,82,58.0,912.724
1569.7437105,6,5,13,5,72,68.0,4394.0
1569.7437555,3,1,3,0,24,48.0,64.996
1569.743787,1,1,1,0,1,46.0,0.0
1569.74415,2,1,5,1,36,55.0,204.794
1569.744237,5,1,1,0,1,45.0,0.0
1569.7442995,6,1,5,1,119,52.0,116.082
1569.7450665,6,403,31,13,600,72.0,6395.0
1569.745199,1,1,6,1,77,53.0,192.987
1569.745241,2,1,4,0,18,54.0,112.593
1569.7452475,3,1,1,0,1,45.0,0.0
1569.74548,5,1,9,1,61,52.0,192.692
1569.746225,1,190,16,4,251,52.0,474.815
1569.7462295,6,1,24,7,401,56.0,1083.0
1569.746233,2,158,10,3,188,56.0,682.381
1569.746336,5,1,20,6,116,67.0,3128.0
1569.7463565,3,1,8,2,97,55.0,322.787
1569.747214,1,2,4,0,11,49.0,43.78
1569.7475735,6,1,8,3,226,53.0,316.654
1569.748592,5,2,3,0,3,51.0,21.757
1569.7487345,6,4,8,2,77,60.0,716.364
1569.749325,1,4,8,3,65,61.0,2506.0
1569.7494985,6,1,5,0,10,50.0,29.415
1569.7499235,3,1,2,0,1,46.0,0.0
1569.7500088,6,3,5,1,137,55.0,232.099
1569.750486,5,153,6,1,156,54.0,194.421
1569.7506405,3,1,2,0,5,47.0,11.98
1569.7506595,6,1,12,3,296,56.0,422.661
1569.750718,1,1,1,0,1,47.0,0.0
1569.7515985,3,1,3,0,1,46.0,0.0
1569.751619,2,1,1,0,1,52.0,0.0
1569.7519225,6,146,35,13,581,65.0,3672.0
1569.752078,5,21,18,5,398,53.0,664.297
1569.7521125,3,1,1,0,11,47.0,13.784
1569.752406,2,12,4,0,24,57.0,238.774
1569.753277,1,4,17,4,112,60.0,1378.0
1569.753292,2,2,7,1,39,56.0,304.306
1569.7532995,3,1,4,0,27,52.0,97.036
1569.7533085,6,897,48,17,1102,67.0,4094.0
1569.75416,1,1,21,5,292,52.0,573.062
1569.754167,2,1,4,0,1,53.0,0.0
1569.7541745,3,17,7,1,111,54.0,239.08
1569.7556935,6,1,1,0,1,46.0,0.0
1569.7562885,6,1,4,1,51,59.0,272.622
1569.7570305,6,6,13,6,242,67.0,2636.0
1569.757045,5,1,11,0,1,51.0,0.0
1569.7570495,3,1,4,0,33,48.0,81.319
1569.757054,2,1,3,0,1,54.0,0.0
1569.757062,1,27,8,1,61,53.0,161.989
1569.7583105,6,19,15,3,105,66.0,1548.0
1569.75833,5,1,3,0,1,50.0,0.0
1569.758352,1,1,3,0,21,50.0,31.649
1569.7583675,3,1,2,0,55,48.0,39.214
1569.758383,2,1,2,0,1,51.0,0.0
1569.7590735,6,5,6,2,38,63.0,961.095
1569.759396,1,2,5,0,43,51.0,126.074
1569.7596815,6,396,16,6,415,62.0,1238.0
1569.759946,5,2,4,0,57,53.0,83.92
1569.7607575,6,2,8,1,51,63.0,877.24
1569.7612595,3,1,4,0,1,47.0,0.0
1569.761295,5,1,3,0,1,50.0,0.0
1569.7613285,6,1,3,1,211,48.0,107.518
1569.7622995,6,10,26,13,191,73.0,14478.0
1569.762307,5,76,23,5,153,57.0,1245.0
1569.762311,2,41,16,4,118,57.0,1251.0
1569.7623165,3,21,15,4,149,57.0,773.34
1569.762325,1,39,22,4,176,56.0,879.967
1569.7640075,6,2,39,14,625,72.0,5868.0
1569.764065,1,693,26,10,731,56.0,1056.0
1569.764144,5,4,4,1,46,55.0,180.162
1569.764456,2,1,4,1,21,57.0,340.315
1569.7654965,6,1,1,0,1,45.0,0.0
1569.765776,5,1,2,0,1,47.0,0.0
1569.7658295,3,1,2,0,1,45.0,0.0
1569.7660045,6,373,23,9,413,69.0,3934.0
1569.766161,2,1,5,0,17,58.0,338.306
1569.766165,1,1,11,2,132,51.0,231.113
1569.766296,5,1,3,1,94,48.0,77.133
1569.766804,1,1,8,0,39,50.0,121.331
1569.766982,5,2,3,0,15,53.0,108.427
1569.7670015,6,1,1,0,1,47.0,0.0
1569.7674355,3,1,1,0,1,45.0,0.0
1569.767441,1,1,4,0,1,48.0,0.0
1569.7675305,6,886,43,20,960,65.0,6990.0
1569.768019,1,4,8,0,35,52.0,119.099
1569.7680335,3,2,3,0,28,48.0,62.543
1569.7690615,6,1,1,0,1,47.0,0.0
1569.769656,5,1,1,0,1,48.0,0.0
1569.7698115,6,1,8,2,127,51.0,221.261
1569.769817,1,1,4,0,4,50.0,16.486
1569.7698255,3,1,1,0,1,45.0,0.0
1569.770343,5,1,4,0,1,48.0,0.0
1569.771292,1,1,3,0,1,46.0,0.0
1569.7713055,3,1,1,0,1,45.0,0.0
1569.771315,5,1,2,0,1,46.0,0.0
1569.7717965,6,2,5,1,138,50.0,75.215
1569.7721525,3,1,8,2,136,57.0,394.949
1569.772163,1,21,15,3,151,56.0,530.319
1569.7726295,6,217,40,20,453,72.0,11006.0
1569.7728565,3,1,19,5,196,58.0,1240.0
1569.772874,1,126,28,7,226,56.0,1573.0
1569.772875,2,18,22,7,186,63.0,2185.0
1569.772961,4,1,1,0,14,47.0,18.006
1569.773779,1,1,1,0,1,45.0,0.0
1569.7738715,6,1,1,0,1,46.0,0.0
1569.774128,5,3,3,0,4,51.0,18.376
1569.7744655,3,1,2,1,93,51.0,107.571
1569.774506,1,2,4,0,17,50.0,59.496
1569.7754965,6,7,9,1,43,54.0,329.045
1569.776053,1,2,11,3,67,65.0,1868.0
1569.7760985,6,1,8,2,182,53.0,292.982
1569.7768025,6,1,2,0,1,48.0,0.0
1569.7772935,3,1,1,0,1,45.0,0.0
1569.7773245,6,1,15,3,362,52.0,329.256
1569.777378,5,1,1,0,1,48.0,0.0
1569.777638,1,5,12,1,63,54.0,254.305
1569.777692,2,1,2,0,1,52.0,0.0
1569.778814,5,5,4,0,32,52.0,124.519
1569.779073,1,2,1,0,2,45.0,3.352
1569.7790755,6,1,3,0,1,51.0,0.0
1569.7797435,6,549,34,18,659,75.0,14363.0
1569.780202,1,1,12,3,248,52.0,385.628
1569.7803155,3,1,9,2,100,52.0,241.464
1569.781144,5,1,8,1,69,56.0,229.866
1569.7811805,6,1,4,1,165,46.0,87.358
1569.781288,1,1,3,0,28,53.0,85.586
1569.7820195,3,2,1,0,6,54.0,65.506
1569.782052,1,1,2,0,1,47.0,0.0
1569.7821805,6,25,9,2,116,56.0,387.377
1569.782722,1,1,10,1,88,51.0,225.199
1569.7827595,3,2,1,0,2,45.0,3.324
1569.7830895,6,2,4,0,5,51.0,28.545
1569.7839195,6,128,165,415,2436,98.0,4739000.0
1569.784051,5,39,93,153,973,86.0,400535.0
1569.784052,1,30,123,215,964,86.0,898697.0
1569.784053,4,34,43,37,357,73.0,42232.0
1569.784054,2,39,107,235,938,88.0,1059000.0
1569.7840575,3,59,79,220,1647,84.0,745516.0
1569.785653,1,1,2,0,4,48.0,10.22
1569.7865915,3,2,5,0,33,52.0,180.204
1569.786593,2,1,3,0,35,54.0,185.366
1569.786612,1,1,7,0,25,52.0,108.083
1569.7869215,6,1,81,36,1164,68.0,15508.0
1569.7871435,3,2,4,0,2,46.0,6.375
1569.787554,2,26,18,6,138,60.0,1976.0
1569.7886175,6,388,22,8,433,63.0,1666.0
1569.789052,1,1,1,0,1,45.0,0.0
1569.789238,5,1,1,0,1,45.0,0.0
1569.7897255,6,1,2,0,1,46.0,0.0
1569.7902455,6,451,29,11,480,63.0,3109.0
1569.790252,1,27,9,1,81,55.0,309.296
1569.7902575,3,1,11,2,132,53.0,349.295
1569.7913215,6,1,3,0,1,47.0,0.0
1569.791346,1,1,6,1,95,50.0,109.876
1569.7919395,6,250,28,9,426,68.0,3267.0
1569.79225,5,3,9,2,119,55.0,427.898
1569.792256,2,1,3,0,15,52.0,72.75
1569.792259,1,6,10,0,38,52.0,148.548
1569.7922615,3,29,5,0,33,49.0,79.336
1569.7928895,6,1,1,0,5,47.0,13.378
1569.793168,5,2,17,2,96,56.0,454.944
1569.7931805,3,1,3,1,146,49.0,114.0
1569.793185,1,30,11,2,141,53.0,354.613
1569.793194,2,1,5,0,11,53.0,53.758
1569.7934175,6,111,56,22,817,71.0,8919.0
1569.793783,5,2,17,3,264,51.0,447.528
1569.793956,1,55,19,3,135,56.0,717.659
1569.793958,2,1,11,3,99,57.0,768.634
1569.7939615,3,1,7,2,174,52.0,280.845
1569.794765,2,2,3,0,3,53.0,21.823
1569.794771,1,1,5,1,72,51.0,119.991
1569.795235,5,2,3,0,2,45.0,3.933
1569.795544,1,1,1,0,1,45.0,0.0
1569.7961505,6,1,14,3,160,57.0,586.112
1569.796163,1,1,12,2,77,56.0,422.439
1569.7961735,3,1,6,1,93,53.0,179.853
1569.7968335,6,1,1,0,1,45.0,0.0
1569.79714,1,1,1,0,1,45.0,0.0
1569.797716,1,2,4,0,16,54.0,86.406
1569.7977525,6,2,2,0,2,48.0,3.241
1569.797768,5,3,6,0,4,58.0,168.138
1569.7983145,6,164,54,50,965,82.0,100394.0
1569.798476,5,16,45,23,376,71.0,15111.0
1569.798486,1,14,48,20,306,69.0,11906.0
1569.798491,2,33,32,21,243,70.0,15044.0
1569.798496,4,1,9,1,105,50.0,172.666
1569.79966,1,1,11,1,62,51.0,216.024
1569.7996775,3,1,7,1,92,53.0,223.275
1569.799686,5,1,4,0,1,48.0,0.0
1569.7997798,6,766,39,17,1373,59.0,1955.0
1569.8001868,5,1,4,0,23,50.0,66.953
1569.80023,1,1,3,0,1,49.0,0.0
1569.800894,1,1,3,0,4,52.0,22.37
1569.801032,2,1,2,0,38,53.0,108.946
1569.8012635,3,1,1,0,4,53.0,37.793
1569.8016725,6,3,13,4,238,57.0,742.978
1569.802464,2,1,2,0,1,51.0,0.0
1569.8024795,6,1,3,1,101,50.0,94.493
1569.802933,5,2,1,0,3,46.0,9.5
1569.804078,5,1,3,0,64,48.0,81.714
1569.804094,1,1,6,0,39,50.0,89.793
1569.8041135,3,2,3,0,16,48.0,41.929
1569.8041455,6,1,2,0,1,49.0,0.0
1569.8046705,6,2,6,0,8,48.0,26.558
1569.804777,1,1,5,0,22,48.0,42.428
1569.80479,2,1,2,0,1,52.0,0.0
1569.8051405,3,1,1,0,1,45.0,0.0
1569.8053145,6,1,3,0,4,49.0,12.428
1569.8060935,6,10,16,5,145,67.0,2726.0
1569.8061,5,3,14,3,93,60.0,876.589
1569.806117,1,1,12,2,96,55.0,446.627
1569.8061205,3,11,5,1,62,58.0,303.682
1569.806129,2,4,7,2,73,56.0,426.108
1569.8074025,6,1,5,0,5,47.0,7.999
1569.808482,1,4,3,0,5,50.0,45.027
1569.808599,5,3,6,0,4,50.0,19.355
1569.8087125,6,221,58,22,936,65.0,6470.0
1569.8087235,3,1,2,0,1,48.0,0.0
1569.808942,4,1,1,0,1,45.0,0.0
1569.808988,1,2,27,6,343,57.0,1061.0
1569.809254,5,43,14,2,100,54.0,520.439
1569.8092905,3,4,3,0,15,52.0,70.03
1569.80988,5,1,5,1,45,51.0,140.398
1569.8099135,3,1,2,0,6,50.0,30.45
1569.809918,1,1,3,0,18,47.0,36.082
1569.8101845,6,92,12,3,115,64.0,872.628
1569.810216,2,1,2,0,20,52.0,73.426
1569.8110105,6,1,1,0,1,46.0,0.0
1569.811304,1,1,2,0,5,46.0,11.89
1569.8119325,6,1,4,0,26,52.0,44.528
1569.811989,1,1,3,0,1,47.0,0.0
1569.8124905,6,217,55,32,838,74.0,29004.0
1569.812721,5,1,23,5,230,56.0,901.038
1569.8127315,3,28,29,9,453,59.0,1451.0
1569.812745,2,72,13,3,84,57.0,878.029
1569.8138715,6,1,6,1,151,48.0,97.171
1569.813979,5,2,7,1,40,59.0,466.818
1569.8148405,3,9,3,0,15,54.0,91.699
1569.81485,5,1,4,0,13,50.0,51.518
1569.814869,2,2,2,0,3,57.0,68.883
1569.814877,1,1,3,0,10,50.0,44.911
1569.8148845,6,1,1,0,25,46.0,16.917
1569.8160135,3,2,2,1,143,47.0,86.177
1569.8167825,6,1,6,2,172,51.0,185.622
1569.817572,5,1,1,0,1,48.0,0.0
1569.818181,1,1,1,0,1,45.0,0.0
1569.8184735,6,412,32,11,564,64.0,2389.0
1569.8185015,3,1,1,0,1,45.0,0.0
1569.818922,1,1,4,0,50,49.0,53.451
1569.8194875,3,1,5,1,55,50.0,146.964
1569.819492,1,27,8,1,43,53.0,161.802
1569.819533,2,2,3,0,12,53.0,105.442
1569.8195395,6,123,11,2,139,53.0,267.069
1569.819561,5,1,2,0,1,47.0,0.0
1569.8202785,6,8,26,10,216,66.0,5520.0
1569.820285,1,26,17,6,314,58.0,996.512
1569.8202885,3,1,14,3,221,55.0,493.639
1569.820321,4,2,2,0,2,50.0,3.784
1569.8210025,6,1,2,0,4,48.0,11.271
1569.821452,5,2,4,0,28,48.0,50.746
1569.821453,1,12,11,2,103,56.0,295.409
1569.8214655,3,1,5,1,93,54.0,246.52
1569.821493,2,1,1,0,1,50.0,0.0
1569.8215225,6,1,9,2,164,51.0,237.716
1569.8223605,6,31,16,2,63,58.0,801.62
1569.822386,5,1,1,0,1,49.0,0.0
1569.8230625,6,1,4,0,13,49.0,46.662
1569.8236445,6,2,1,0,2,52.0,5.098
1569.824108,5,1,1,0,1,45.0,0.0
1569.825726,1,1,6,1,67,50.0,128.487
1569.8257395,6,1,9,3,249,53.0,392.818
1569.826296,1,3,10,1,65,49.0,238.363
1569.8265685,6,1,31,9,724,57.0,1137.0
1569.826879,5,2,2,0,2,50.0,7.374
1569.827038,1,1,4,1,155,49.0,102.149
1569.8271725,3,1,1,0,1,45.0,0.0
1569.827542,5,2,4,0,2,51.0,19.038
1569.8280935,6,120,24,7,287,62.0,2350.0
1569.828219,2,1,8,1,52,55.0,330.068
1569.828219,1,1,19,3,133,55.0,611.913
1569.8282285,3,5,9,2,93,53.0,314.079
1569.8289675,6,1,2,0,22,50.0,32.628
1569.8299425,3,1,13,3,153,54.0,520.122
1569.829946,2,23,18,7,120,61.0,2793.0
1569.8299545,6,807,54,18,987,64.0,3796.0
1569.830626,1,1,14,3,260,51.0,378.489
1569.8307655,3,1,5,0,41,51.0,122.815
1569.830856,2,1,1,0,1,50.0,0.0
1569.831876,1,12,17,3,85,61.0,1255.0
1569.8318945,3,1,4,1,72,50.0,90.015
1569.831911,5,1,9,0,30,52.0,135.381
1569.831922,2,2,6,0,8,54.0,92.592
1569.8325315,3,1,9,3,333,52.0,338.963
1569.832536,5,1,3,0,1,51.0,0.0
1569.832537,1,1,3,0,36,52.0,41.406
1569.832613,2,1,3,0,5,53.0,30.449
1569.8338035,6,143,20,7,298,64.0,2241.0
1569.833967,1,1,3,0,23,48.0,40.343
1569.8339815,3,1,1,0,1,45.0,0.0
1569.834316,5,2,5,0,30,54.0,142.178
1569.8346215,6,444,75,29,1296,67.0,8828.0
1569.8346395,3,1,13,4,197,59.0,1036.0
1569.834643,1,1,18,3,108,55.0,585.646
1569.834671,2,1,8,2,68,56.0,549.164
1569.835717,5,1,2,0,1,45.0,0.0
1569.835731,1,1,4,1,166,50.0,110.233
1569.8357415,3,1,2,0,6,50.0,29.171
1569.8364545,6,355,33,14,723,64.0,3257.0
1569.836552,1,13,8,1,64,56.0,253.36
1569.836811,5,1,2,0,1,46.0,0.0
1569.837573,1,1,3,0,4,47.0,8.372
1569.840257,5,1,2,0,1,46.0,0.0
1569.8402595,6,381,41,13,905,64.0,2137.0
1569.8406565,3,2,4,0,85,52.0,101.879
1569.840674,1,78,10,1,109,51.0,192.949
1569.8407578,5,3,3,0,6,53.0,72.06
1569.8413385,3,1,2,0,4,55.0,42.42
1569.841365,2,1,1,0,6,50.0,37.38
1569.84137,1,2,4,0,3,52.0,20.189
1569.841568,5,3,19,5,210,57.0,950.508
1569.8419565,6,1,3,0,79,47.0,70.572
1569.842486,5,2,3,0,8,51.0,48.267
1569.8425725,6,497,42,15,620,64.0,4041.0
1569.8427955,3,1,10,2,231,51.0,255.366
1569.842805,1,49,22,5,353,52.0,701.869
1569.843068,2,1,2,0,1,51.0,0.0
1569.843379,5,1,5,0,24,50.0,65.417
1569.8438605,6,218,33,12,536,66.0,4201.0
1569.844103,1,1,10,1,72,52.0,219.53
1569.8441335,3,1,2,0,5,52.0,33.224
1569.844148,5,1,2,0,1,47.0,0.0
1569.844747,1,1,1,0,1,45.0,0.0
1569.8448975,6,177,26,9,343,63.0,2977.0
1569.8450885,3,1,7,1,68,51.0,165.557
1569.845095,2,10,8,2,59,56.0,587.507
1569.845689,1,1,3,0,71,50.0,75.209
1569.8457455,3,2,2,0,2,46.0,7.006
1569.846399,5,2,17,3,86,63.0,1429.0
1569.846427,2,1,4,1,53,54.0,242.454
1569.8464295,3,1,3,0,26,50.0,52.327
1569.846438,1,1,9,1,66,51.0,217.999
1569.8470625,6,1,4,0,46,46.0,39.657
1569.847707,1,2,3,0,21,51.0,78.053
1569.8479645,6,396,17,7,575,63.0,1378.0
1569.848045,5,20,9,1,71,49.0,115.961
1569.848082,2,2,4,1,28,56.0,313.322
1569.8487925,3,1,1,0,5,48.0,12.838
1569.8490398,6,853,79,45,1188,76.0,40708.0
1569.849353,5,3,31,7,264,67.0,2431.0
1569.84938,2,1,15,7,284,56.0,1391.0
1569.8493905,3,557,34,13,734,62.0,2410.0
1569.849921,4,2,1,0,3,45.0,9.9
1569.850136,5,1,1,0,14,45.0,12.513
1569.850699,2,2,9,2,49,60.0,847.888
1569.850709,5,2,7,1,62,50.0,126.071
1569.850711,1,5,14,2,78,56.0,612.807
1569.8507255,3,1,3,0,9,51.0,41.486
1569.8507625,6,3,5,1,79,50.0,125.085
1569.8514875,6,1,2,0,1,47.0,0.0
1569.851916,2,1,19,6,158,58.0,1800.0
1569.851916,5,11,28,7,201,64.0,2485.0
1569.8519195,3,2,15,3,122,55.0,579.554
1569.8519887,6,1104,99,35,1378,68.0,12001.0
1569.852756,1,398,43,10,484,57.0,1800.0
1569.85279,2,2,4,0,3,54.0,66.09
1569.8527915,3,2,5,0,33,54.0,131.854
1569.8547155,3,1,2,0,15,47.0,22.809
1569.854741,1,1,2,0,1,45.0,0.0
1569.855243,1,198,44,12,370,63.0,3959.0
1569.8552435,3,231,22,5,309,53.0,760.247
1569.855247,2,166,22,12,278,62.0,4341.0
1569.855256,5,157,38,15,378,71.0,10712.0
1569.855414,4,2,3,0,2,49.0,4.025
1569.8564645,6,1670,114,42,2029,65.0,9742.0
1569.85675,1,267,28,7,417,57.0,1100.0
1569.8567655,3,247,18,5,371,55.0,876.199
1569.856769,2,1,1,0,1,50.0,0.0
1569.8581295,3,63,19,5,167,57.0,1354.0
1569.858132,2,16,19,8,179,62.0,3084.0
1569.8590865,6,112,49,31,469,70.0,23438.0
1569.859169,5,9,50,26,317,75.0,28834.0
1569.859175,1,57,55,24,348,66.0,13165.0
1569.859177,4,33,16,6,88,64.0,2957.0
1569.85918,2,26,37,26,288,72.0,20394.0
1569.860298,1,2,6,1,37,62.0,565.569
1569.8606525,6,1,1,0,1,46.0,0.0
1569.8613875,6,478,49,18,849,65.0,4511.0
1569.861699,1,64,13,1,65,51.0,291.41
1569.8617465,3,1,2,0,6,48.0,17.868
1569.861764,2,1,2,0,1,52.0,0.0
1569.8627368,6,697,67,33,993,74.0,24021.0
1569.86341,1,22,47,22,247,68.0,17358.0
1569.863418,5,25,35,12,226,67.0,5911.0
1569.863419,2,25,35,19,247,68.0,11825.0
1569.8634215,3,6,31,11,284,62.0,3752.0
1569.863458,4,1,3,0,17,51.0,34.71
1569.8643565,6,294,37,11,355,63.0,3127.0
1569.8643935,3,1,7,1,72,51.0,158.983
1569.864399,5,1,10,0,36,50.0,83.176
1569.864401,1,2,14,4,291,51.0,424.556
1569.8653845,6,1,1,0,1,47.0,0.0
1569.865796,5,2,12,2,144,55.0,483.479
1569.865848,1,1,14,2,99,51.0,295.277
1569.865857,2,1,5,1,49,54.0,291.445
1569.8658785,3,1,4,0,16,49.0,50.463
1569.8658858,6,2,16,4,190,55.0,655.573
1569.8666215,6,1,3,0,10,57.0,138.172
1569.8672065,6,17,30,18,305,71.0,13771.0
1569.867212,1,14,38,11,221,65.0,4271.0
1569.867239,2,34,23,9,149,63.0,3535.0
1569.8680155,6,2,4,0,5,51.0,21.198
1569.868482,5,4,14,2,67,60.0,951.209
1569.8684845,3,1,9,2,114,52.0,243.11
1569.868495,1,1,7,1,88,53.0,185.261
1569.86853,2,2,3,0,4,53.0,43.099
1569.8685315,6,1,8,1,58,57.0,320.23
1569.869087,1,2,7,1,71,53.0,188.871
1569.8690898,6,9,8,1,37,55.0,207.552
1569.8691035,3,2,2,0,16,46.0,25.301
1569.869148,5,7,4,0,13,48.0,48.753
1569.869673,1,53,13,2,107,56.0,455.128
1569.8696785,3,2,9,1,81,53.0,256.143
1569.869686,2,1,10,3,125,58.0,839.643
1569.870303,5,1,1,0,1,45.0,0.0
1569.870902,1,12,52,24,362,74.0,20173.0
1569.8709115,6,20,53,23,423,66.0,11219.0
1569.871919,5,1,1,0,1,45.0,0.0
1569.8725145,6,1,7,1,107,52.0,128.436
1569.872966,1,2,10,1,74,57.0,257.504
1569.872993,2,1,6,1,58,54.0,355.255
1569.8730665,3,1,2,1,183,50.0,68.968
1569.8734415,6,19,22,10,246,68.0,6327.0
1569.873455,5,5,11,1,73,53.0,343.965
1569.873549,1,2,5,1,74,51.0,148.795
1569.874586,1,2,6,0,25,51.0,102.742
1569.8750105,3,1,8,1,98,49.0,181.746
1569.875011,2,39,8,2,77,57.0,614.129
1569.875022,5,1,22,4,191,54.0,629.876
1569.875125,1,142,17,3,208,54.0,459.039
1569.8752805,6,318,36,13,663,69.0,4847.0
1569.875996,5,1,4,0,1,51.0,0.0
1569.8764745,6,1,2,0,1,48.0,0.0
1569.8769835,6,1,8,0,16,50.0,39.377
1569.8774105,3,1,8,1,110,52.0,197.565
1569.877415,5,2,6,0,2,53.0,10.07
1569.877418,1,1,10,1,84,51.0,224.373
1569.8775045,6,2,8,1,48,56.0,223.489
1569.8781175,6,236,22,7,320,65.0,3074.0
1569.8783575,3,1,7,1,44,50.0,150.906
1569.878363,5,1,9,0,51,50.0,111.784
1569.878373,1,38,11,2,111,54.0,362.316
1569.878724,2,2,6,1,47,58.0,500.346
1569.879092,5,86,17,5,425,53.0,578.376
1569.8791475,6,31,20,7,202,64.0,2657.0
1569.879151,1,4,17,3,98,56.0,769.333
1569.8791675,3,39,10,2,101,52.0,267.393
1569.8809405,6,2,2,0,2,47.0,7.047
1569.88129,1,1,4,0,16,48.0,35.471
1569.8814865,6,8,19,7,135,71.0,5748.0
1569.881496,5,59,15,4,96,63.0,1328.0
1569.8815055,3,1,4,0,34,51.0,102.769
1569.881525,2,1,11,3,98,56.0,701.272
1569.881896,1,1,7,0,44,52.0,113.373
1569.8824085,6,2,15,4,307,55.0,541.135
1569.882748,1,2,2,0,3,57.0,68.119
1569.8846985,6,475,45,17,946,65.0,3886.0
1569.884703,1,1,2,0,1,46.0,0.0
1569.885462,1,1,1,0,1,45.0,0.0
1569.886038,1,1,5,0,38,51.0,147.885
1569.8860495,3,2,5,0,45,48.0,102.396
1569.88605,2,1,4,0,4,54.0,44.941
1569.8864595,6,50,35,27,252,78.0,47389.0
1569.886556,2,20,15,4,102,59.0,1309.0
1569.88657,5,40,18,3,79,56.0,771.63
1569.886578,1,1,21,4,153,59.0,954.612
1569.8865965,3,14,11,3,167,55.0,563.349
1569.887171,5,13,12,1,68,55.0,293.179
1569.8872308,1,1,6,0,9,50.0,43.213
1569.8873965,3,2,3,0,3,51.0,17.835
1569.8877387,1,1,9,1,49,52.0,218.882
1569.887778,5,40,7,1,53,51.0,155.553
1569.8877885,6,2,7,1,42,62.0,515.993
1569.8883635,6,326,47,16,450,66.0,6711.0
1569.888375,1,161,42,10,433,63.0,2397.0
1569.8883855,3,1,15,5,389,55.0,656.601
1569.8897845,6,1,1,0,1,45.0,0.0
1569.890455,5,5,27,13,194,73.0,13190.0
1569.8904665,3,15,21,7,204,64.0,2361.0
1569.890474,2,47,21,7,144,60.0,2099.0
1569.891377,1,41,26,5,162,60.0,1301.0
1569.891437,5,2,12,4,269,52.0,433.141
1569.8920685,6,440,43,16,619,64.0,4274.0
1569.8920965,3,1,4,1,191,47.0,118.694
1569.892166,1,1,16,6,480,52.0,573.573
1569.892299,2,1,3,0,1,50.0,0.0
1569.8931935,6,1,4,0,1,48.0,0.0
1569.8932205,3,1,1,0,1,45.0,0.0
1569.893565,1,2,16,3,159,54.0,614.825
1569.893587,2,7,6,1,51,55.0,432.833
1569.8936985,6,1,1,0,1,45.0,0.0
1569.8942525,3,1,1,0,4,55.0,54.642
1569.894546,5,1,1,0,1,45.0,0.0
1569.8948385,6,1,8,2,75,56.0,372.16
1569.894865,1,2,12,2,62,59.0,713.011
1569.894905,2,2,7,1,50,55.0,430.872
1569.8954785,6,529,72,27,1348,71.0,9445.0
1569.895496,1,1,18,2,84,53.0,412.751
1569.895511,5,53,6,3,241,50.0,295.815
1569.8955145,3,1,3,0,21,51.0,55.436
1569.895545,2,1,2,0,1,50.0,0.0
1569.896366,1,2,7,2,133,51.0,237.101
1569.8963725,3,1,2,0,1,45.0,0.0
1569.896376,5,1,2,0,4,48.0,11.37
1569.897339,1,3,12,2,164,51.0,275.297
1569.897377,5,3,17,3,115,60.0,1053.0
1569.8974015,3,1,3,0,1,48.0,0.0
1569.8974075,6,1,22,4,318,52.0,488.198
1569.897502,2,1,1,0,1,50.0,0.0
1569.899809,1,6,8,1,35,53.0,226.93
1569.8998215,3,1,2,0,4,50.0,17.583
1569.899851,2,1,1,0,1,50.0,0.0
1569.899859,5,1,1,0,1,47.0,0.0
1569.8998785,6,1,3,0,13,48.0,24.458
1569.9004565,6,658,48,17,885,68.0,5493.0
1569.900796,5,3,7,1,48,57.0,514.426
1569.9008145,3,1,3,0,21,51.0,91.867
1569.900822,1,1,1,0,1,45.0,0.0
1569.901766,1,2,2,0,2,46.0,3.813
1569.9017765,3,1,2,0,22,48.0,50.802
1569.9019975,6,574,64,30,1061,71.0,15700.0
1569.902107,2,1,1,0,1,50.0,0.0
1569.902612,2,16,21,5,125,60.0,1739.0
1569.902796,5,1,2,0,1,48.0,0.0
1569.9037035,6,14,14,5,196,64.0,1978.0
1569.9037685,3,1,1,0,1,45.0,0.0
1569.904968,5,6,7,1,23,57.0,332.764
1569.904997,1,1,6,0,18,48.0,36.817
1569.9052495,6,3,11,2,63,59.0,621.598
1569.9060595,6,2,13,3,115,59.0,630.726
1569.906212,5,1,2,0,1,47.0,0.0
1569.906971,5,1,2,0,1,47.0,0.0
1569.9071245,6,1,4,1,254,50.0,114.564
1569.907611,5,5,4,0,9,53.0,96.281
1569.908032,1,2,1,0,2,45.0,6.569
1569.9084195,6,1,1,0,5,47.0,10.285
1569.908776,1,2,8,2,165,53.0,221.46
1569.9088945,3,1,5,0,59,49.0,88.16
1569.9090795,6,17,9,1,52,55.0,246.374
1569.9102455,6,1,3,0,21,47.0,26.637
1569.9108025,6,2,9,2,128,59.0,513.662
1569.9114555,6,26,27,8,420,63.0,1962.0
1569.9117325,3,55,11,2,101,56.0,507.623
1569.911736,1,19,16,3,120,56.0,579.129
1569.911803,2,1,3,0,1,52.0,0.0
1569.9125275,6,1,2,0,12,46.0,17.467
1569.9132945,6,1,1,0,1,45.0,0.0
1569.913789,1,2,4,0,42,49.0,64.751
1569.9138005,6,6,4,1,98,51.0,139.869
1569.9144605,6,3,15,5,117,67.0,2875.0
1569.914495,5,11,7,1,26,55.0,301.808
1569.91453,1,52,3,0,53,49.0,57.225
1569.9158355,6,4,16,4,215,59.0,857.476
1569.9158565,3,1,2,0,7,47.0,14.637
1569.915987,5,2,4,0,48,48.0,74.364
1569.9166805,6,1,3,0,1,49.0,0.0
1569.9172485,6,1,3,0,1,46.0,0.0
1569.9175955,3,1,13,3,151,53.0,510.665
1569.91761,1,52,13,2,96,52.0,329.813
1569.917638,2,1,6,0,10,55.0,116.061
1569.9177845,6,346,12,5,445,57.0,651.588
1569.9188625,6,97,18,5,195,62.0,1510.0
1569.9189735,3,2,6,1,62,52.0,180.244
1569.9208765,6,1,5,1,50,53.0,149.407
1569.921442,1,1,2,0,4,49.0,17.856
1569.921574,5,1,5,0,14,54.0,85.03
1569.922067,1,1,1,0,1,45.0,0.0
1569.9224895,6,1,1,0,1,45.0,0.0
1569.9231715,6,612,46,22,769,76.0,17969.0
1569.9232925,3,1,2,0,12,47.0,24.968
1569.923573,1,292,15,4,318,52.0,445.861
1569.923799,2,1,3,0,1,54.0,0.0
1569.9238048,3,1,6,1,49,53.0,178.554
1569.924913,1,1,8,1,91,50.0,178.858
1569.9249205,6,1,26,8,645,53.0,830.372
1569.92544,5,14,10,1,50,53.0,163.136
1569.925488,2,2,1,0,3,52.0,28.419
1569.92586,1,2,7,2,178,52.0,254.793
1569.9261415,6,1,2,0,1,50.0,0.0
1569.9269535,6,1,7,1,122,49.0,101.816
1569.927292,5,2,17,5,350,53.0,549.604
1569.9273085,3,1,8,1,52,51.0,128.842
1569.927313,2,1,6,1,60,56.0,377.261
1569.927342,1,1,5,0,1,47.0,0.0
1569.9275805,6,45,34,10,489,62.0,2229.0
1569.927985,2,1,2,0,1,52.0,0.0
1569.9279895,3,1,1,0,1,45.0,0.0
1569.9287985,3,1,1,0,1,45.0,0.0
1569.9293395,6,21,42,15,784,63.0,3692.0
1569.929345,2,2,11,4,148,56.0,979.505
1569.9293535,3,2,13,4,231,53.0,513.847
1569.929354,5,4,13,1,89,55.0,339.641
1569.929355,1,54,19,5,294,58.0,892.459
1569.9306815,6,2,1,0,2,51.0,7.88
1569.9312045,6,1,5,1,114,51.0,116.012
1569.931586,5,1,1,0,1,46.0,0.0
1569.9318445,6,2,32,12,337,71.0,7593.0
1569.9318795,3,1,8,2,219,51.0,258.084
1569.932055,1,1,6,1,84,51.0,155.507
1569.9327185,6,2,6,1,109,48.0,117.494
1569.9332185,3,1,6,1,80,50.0,141.226
1569.933226,1,2,9,2,151,51.0,238.516
1569.93323,2,1,3,0,1,52.0,0.0
1569.9333745,6,185,10,2,186,56.0,411.53
1569.9347945,6,625,44,23,902,75.0,15829.0
1569.935053,1,1,2,0,32,47.0,42.198
1569.935064,5,1,2,0,1,46.0,0.0
1569.9350705,3,1,1,0,1,45.0,0.0
1569.935468,2,1,6,0,1,55.0,0.0
1569.93593,1,22,21,5,112,61.0,1643.0
1569.9359335,3,22,11,2,113,60.0,582.59
1569.935979,2,2,5,0,18,55.0,286.968
1569.9363085,6,1,1,0,1,46.0,0.0
1569.9370265,6,164,19,7,658,55.0,787.929
1569.9382045,6,2,3,0,24,51.0,99.846
1569.938534,5,1,12,2,162,50.0,281.526
1569.9385435,3,2,8,1,115,52.0,229.168
1569.93855,1,19,15,3,158,52.0,415.408
1569.93855,2,1,7,0,25,53.0,103.602
1569.9387295,6,203,10,6,450,61.0,1088.0
1569.9394455,3,1,2,0,12,51.0,34.985
1569.93945,1,1,2,0,1,45.0,0.0
1569.9397575,6,68,26,10,495,63.0,2548.0
1569.9409955,6,1,1,0,1,47.0,0.0
1569.941242,1,1,1,0,1,45.0,0.0
1569.9419405,6,1,1,0,1,45.0,0.0
1569.942262,1,1,19,4,202,53.0,527.168
1569.9423065,3,1,6,1,114,48.0,140.263
1569.942349,5,13,9,2,40,58.0,700.414
1569.9424465,6,1,10,3,333,52.0,311.662
1569.942449,2,2,1,0,2,50.0,11.214
1569.943035,1,1,2,0,1,46.0,0.0
1569.943416,5,1,1,0,1,45.0,0.0
1569.9439475,6,29,21,7,305,63.0,2377.0
1569.944261,1,1,3,0,17,48.0,17.127
1569.9445185,3,1,3,0,55,49.0,82.975
1569.944577,2,1,5,1,51,53.0,222.877
1569.9450715,6,274,46,22,499,72.0,15477.0
1569.945079,1,298,42,11,434,60.0,2455.0
1569.945087,5,255,32,9,393,57.0,1468.0
1569.9450875,3,30,28,9,432,57.0,1566.0
1569.945137,2,234,20,9,312,58.0,2219.0
1569.945341,4,1,2,0,1,49.0,0.0
1569.9459798,5,53,24,6,164,59.0,1665.0
1569.9460198,3,2,15,3,140,56.0,632.773
1569.9469055,6,253,15,4,350,55.0,456.838
1569.947186,1,1,4,0,8,48.0,11.637
1569.94722,5,2,1,0,2,45.0,3.784
1569.947725,5,1,3,0,1,48.0,0.0
1569.9477905,6,419,36,11,493,66.0,2997.0
1569.947793,1,1,3,0,9,49.0,24.34
1569.9480005,3,1,2,0,12,48.0,28.432
1569.948504,5,11,11,5,443,53.0,501.169
1569.9488465,6,171,21,5,181,61.0,1704.0
1569.9489345,3,1,4,0,23,49.0,50.908
1569.948943,1,1,9,0,36,53.0,119.038
1569.9495515,6,261,42,18,660,68.0,7480.0
1569.949787,1,22,33,14,214,65.0,8412.0
1569.949791,5,30,26,7,192,63.0,2310.0
1569.949809,4,4,5,0,33,52.0,119.377
1569.950546,2,39,23,10,183,64.0,4542.0
1569.950546,1,12,37,15,258,69.0,7841.0
1569.95055,5,42,33,8,242,61.0,2199.0
1569.9505525,3,3,24,9,218,63.0,3226.0
1569.950604,4,2,2,0,2,48.0,3.132
1569.9507118,6,503,76,29,1467,63.0,6710.0
1569.9512715,3,1,9,5,502,49.0,385.569
1569.951294,5,1,17,3,229,53.0,350.48
1569.951326,1,2,13,5,450,53.0,491.901
1569.9535368,6,2,6,2,184,53.0,272.932
1569.953997,1,92,23,4,159,63.0,1080.0
1569.9540895,3,1,9,1,36,56.0,244.837
1569.954108,2,1,5,0,37,55.0,137.762
1569.9543565,6,1,2,0,4,47.0,9.499
1569.95473,1,1,2,0,1,48.0,0.0
1569.9561325,6,2,8,3,136,61.0,940.528
1569.956239,5,1,2,0,24,47.0,26.342
1569.9562705,3,1,4,0,23,50.0,81.397
1569.9581885,6,1,2,0,1,46.0,0.0
1569.959042,1,1,5,0,14,50.0,25.066
1569.959797,5,1,5,1,94,48.0,91.148
1569.959876,1,1,2,0,1,46.0,0.0
1569.9606565,6,684,83,33,1298,73.0,14849.0
1569.961342,1,184,52,16,387,64.0,4976.0
1569.961358,2,181,26,12,247,65.0,4487.0
1569.961541,5,11,19,3,167,54.0,536.222
1569.962424,5,1,4,0,1,47.0,0.0
1569.9625555,6,1,2,0,1,46.0,0.0
1569.962886,1,1,1,0,1,45.0,0.0
1569.963552,5,3,6,0,8,53.0,90.351
1569.963597,1,1,4,0,4,47.0,8.363
1569.964235,5,1,34,10,672,55.0,1220.0
1569.9642435,3,4,16,4,254,53.0,575.322
1569.96425,2,1,13,8,316,59.0,1519.0
1569.964259,1,39,24,6,307,56.0,895.785
1569.9643985,6,86,35,12,555,62.0,2649.0
1569.965202,2,1,3,0,15,55.0,145.794
1569.9652185,3,1,2,0,4,51.0,19.0
1569.965224,1,424,37,10,616,55.0,1362.0
1569.965446,5,196,27,6,284,57.0,975.019
1569.9654538,6,164,44,21,375,71.0,15163.0
1569.965724,2,1,5,0,1,52.0,0.0
1569.9657265,3,2,6,1,72,52.0,166.225
1569.966349,1,10,4,0,24,51.0,62.265
1569.96635,2,1,2,0,1,51.0,0.0
1569.9663645,3,1,1,0,1,45.0,0.0
1569.9675595,6,2,2,0,4,49.0,20.3
1569.967985,1,6,12,2,80,53.0,365.327
1569.967998,5,1,7,1,65,49.0,130.992
1569.9680045,3,1,4,0,17,51.0,96.59
1569.9682085,6,178,20,7,340,62.0,1812.0
1569.9688015,3,1,1,0,1,45.0,0.0
1569.9696645,6,5,32,9,485,58.0,1562.0
1569.96978,1,3,8,0,25,55.0,212.475
1569.9697915,3,1,2,0,4,46.0,8.284
1569.970065,5,1,8,1,85,54.0,280.816
1569.970436,1,12,28,9,316,64.0,2626.0
1569.9704445,3,1,9,2,114,53.0,334.505
1569.970821,5,2,10,2,232,54.0,328.855
1569.9709395,6,29,46,20,770,67.0,7709.0
1569.971052,2,1,2,0,6,53.0,62.861
1569.9713665,3,1,1,0,5,46.0,10.549
1569.971408,1,1,1,0,1,46.0,0.0
1569.971995,5,173,6,2,175,48.0,174.104
1569.9720255,3,1,5,1,111,49.0,118.3
1569.9721,2,1,5,0,21,57.0,219.7
1569.9722425,6,2,8,1,90,54.0,223.27
1569.972293,1,1,1,0,1,45.0,0.0
1569.9729075,6,192,28,15,549,72.0,9295.0
1569.97312,1,1,16,3,152,55.0,584.631
1569.9731355,3,1,9,1,87,53.0,272.218
1569.973147,2,1,4,0,1,53.0,0.0
1569.9739895,6,167,25,8,294,63.0,2377.0
1569.9741485,3,1,7,1,76,52.0,194.418
1569.97513,1,1,1,0,1,46.0,0.0
1569.975439,5,2,4,0,3,51.0,28.288
1569.9761665,6,381,26,10,547,66.0,2709.0
1569.976496,5,2,6,1,74,51.0,152.171
1569.9765045,3,1,4,0,13,49.0,34.205
1569.976505,1,1,11,0,40,53.0,158.373
1569.976577,2,1,2,0,1,52.0,0.0
1569.977169,1,1,17,3,133,53.0,484.289
1569.9771815,3,1,8,1,93,49.0,163.868
1569.977198,5,1,10,1,81,50.0,195.247
1569.9772185,6,2,13,3,120,61.0,895.653
1569.977239,2,1,5,0,28,55.0,211.446
1569.9780955,6,994,74,33,1228,71.0,15782.0
1569.978134,1,1,4,0,25,51.0,95.08
1569.9781365,3,1,1,0,1,45.0,0.0
1569.97884,5,267,27,11,400,65.0,4227.0
1569.978854,1,1,2,0,1,45.0,0.0
1569.9790695,3,56,22,8,213,63.0,2746.0
1569.979088,2,39,22,7,134,62.0,2612.0
1569.979091,4,7,6,1,34,53.0,184.394
1569.9799425,6,122,61,22,958,63.0,4945.0
1569.980354,1,102,20,5,286,57.0,717.174
1569.9804645,3,1,13,3,197,54.0,333.404
1569.980467,2,1,8,1,59,53.0,264.176
1569.980476,5,39,10,2,126,51.0,238.232
1569.981447,1,2,3,0,55,55.0,142.842
1569.9815875,6,550,44,13,680,62.0,2686.0
1569.9816955,3,2,7,2,164,52.0,236.649
1569.981797,2,1,2,0,1,50.0,0.0
1569.982698,1,2,4,0,15,49.0,42.638
1569.9827055,3,1,3,1,197,51.0,122.344
1569.983358,1,72,17,4,316,55.0,555.065
1569.9834315,3,1,1,0,1,45.0,0.0
1569.983443,2,1,2,0,1,53.0,0.0
1569.983657,5,1,5,0,1,51.0,0.0
1569.9837465,6,202,13,4,299,56.0,623.288
1569.9840035,3,1,1,0,1,45.0,0.0
1569.9846515,6,187,9,3,202,65.0,1401.0
1569.984654,1,1,5,0,19,51.0,69.246
1569.985102,5,1,3,0,1,50.0,0.0
1569.9851355,3,2,3,0,16,50.0,64.035
1569.985515,1,1,4,0,5,52.0,33.013
1569.9856855,6,1,7,1,89,51.0,120.638
1569.9862855,6,1,4,0,5,49.0,14.716
1569.986632,1,1,1,0,1,45.0,0.0
1569.9872055,6,10,23,11,460,67.0,4833.0
1569.987219,5,2,12,3,118,57.0,739.477
1569.9872345,3,1,6,1,46,51.0,172.984
1569.987236,1,21,15,2,102,56.0,463.019
1569.987265,2,1,5,1,44,55.0,254.502
1569.9887715,6,1201,103,57,2275,75.0,32539.0
1569.9889455,3,1,3,0,1,50.0,0.0
1569.989226,1,1,1,0,1,46.0,0.0
1569.989313,5,1,4,1,172,47.0,55.003
1569.9897268,1,1,2,0,1,48.0,0.0
1569.9897445,3,1,1,0,1,45.0,0.0
1569.989972,2,43,42,24,275,68.0,15323.0
1569.989978,4,2,8,3,162,54.0,424.733
1569.9899848,5,50,40,14,283,64.0,6454.0
1569.9902267,1,1,10,4,341,62.0,856.225
1569.9905445,3,1,1,0,1,45.0,0.0
1569.991067,1,2,2,0,3,49.0,13.381
1569.991539,5,69,22,6,275,58.0,1010.0
1569.9915635,6,7,24,13,207,71.0,11072.0
1569.991579,2,1,12,3,115,58.0,861.202
1569.9915805,3,2,16,4,215,54.0,586.098
1569.9923755,6,225,28,9,351,65.0,3120.0
1569.992388,5,1,1,0,1,45.0,0.0
1569.9926045,3,1,7,1,60,53.0,183.782
1569.992625,1,1,12,2,97,56.0,476.877
1569.993713,5,2,8,0,9,54.0,91.002
1569.995337,1,1,3,0,59,52.0,81.179
1569.9956185,6,149,75,30,875,72.0,14770.0
1569.995763,5,27,29,6,301,56.0,1060.0
1569.995764,4,1,2,0,1,49.0,0.0
1569.995766,2,12,18,7,244,57.0,1490.0
1569.9957705,3,41,29,9,603,55.0,1123.0
1569.995934,1,385,45,11,529,57.0,1851.0
1569.9970995,6,1,3,0,14,53.0,59.52
1569.997335,5,34,41,16,275,66.0,7908.0
1569.997345,4,1,7,2,106,52.0,297.743
1569.997347,2,16,34,19,230,69.0,13712.0
1569.997349,1,58,44,17,277,68.0,9580.0
1569.9973495,3,18,29,14,283,65.0,5924.0
1569.9976145,6,3,7,1,105,50.0,155.94
1569.998131,2,1,3,0,1,52.0,0.0
1569.9981355,3,1,4,0,45,48.0,68.384
1569.99814,1,28,8,1,81,54.0,243.188
1569.9984355,6,1,6,1,104,51.0,175.353
1569.998478,5,2,1,0,2,47.0,3.695
1569.999367,5,1,1,0,1,47.0,0.0
1570.0000515,6,528,34,12,752,65.0,2129.0
1570.000494,1,139,11,2,170,54.0,305.155
1570.0005235,3,1,5,0,72,50.0,93.797
1570.000587,2,1,3,0,14,53.0,95.524
1570.001187,2,9,16,6,123,59.0,1994.0
1570.001187,4,1,3,0,1,51.0,0.0
1570.0011905,3,7,16,4,173,57.0,920.306
1570.0013105,6,1,5,0,1,48.0,0.0
1570.0019155,6,183,25,10,309,68.0,5514.0
1570.0021155,3,1,9,2,132,52.0,315.35
1570.002122,1,33,17,4,122,56.0,970.86
1570.0028015,6,1,2,0,1,46.0,0.0
1570.0031565,3,1,2,0,1,46.0,0.0
1570.003167,1,1,2,0,1,48.0,0.0
1570.003175,2,1,1,0,1,51.0,0.0
1570.003868,5,2,12,5,164,67.0,2699.0
1570.004019,1,1,1,0,1,45.0,0.0
1570.0043765,6,1,1,0,4,51.0,11.39
1570.004935,5,20,36,14,207,67.0,9817.0
1570.0049445,3,9,13,3,183,53.0,427.25
1570.004946,1,59,33,12,193,65.0,7460.0
1570.004966,4,1,3,0,1,50.0,0.0
1570.0057805,3,1,3,0,6,47.0,12.379
1570.0062415,6,125,5,1,129,51.0,130.592
1570.006824,5,3,7,2,190,50.0,238.729
1570.0068335,3,1,2,0,16,50.0,38.107
1570.006838,1,1,6,0,4,52.0,26.266
1570.0074875,3,3,8,2,116,58.0,506.082
1570.0075115,6,37,16,7,164,64.0,3079.0
1570.0084395,6,1,3,0,4,50.0,15.243
1570.0090535,6,252,63,29,787,71.0,16802.0
1570.00929,4,1,7,3,213,52.0,320.97
1570.0107175,6,18,73,26,1250,68.0,6645.0
1570.01073,1,2,12,2,67,57.0,405.469
1570.0107375,3,1,9,2,175,52.0,273.55
1570.010749,2,25,11,1,26,57.0,376.221
1570.011615,5,34,5,0,37,51.0,107.614
1570.0116225,3,1,5,1,81,49.0,133.47
1570.011635,1,1,7,1,54,53.0,191.48
1570.0125765,6,1,3,0,21,54.0,115.054
1570.0133385,6,1323,79,38,1592,74.0,22117.0
1570.0138415,3,1,4,0,22,48.0,45.403
1570.013855,1,1,2,0,7,48.0,20.421
1570.01465,1,43,36,10,188,63.0,4295.0
1570.0146585,3,23,23,9,379,61.0,2501.0
1570.01466,2,31,29,12,158,64.0,5694.0
1570.014662,4,1,11,1,82,53.0,244.696
1570.0154385,6,1,1,0,43,47.0,46.916
1570.0163635,6,279,20,8,500,65.0,2594.0
1570.0175665,6,2,8,3,221,57.0,403.977
1570.0182985,6,1,3,0,5,51.0,35.244
1570.018363,1,1,1,0,1,46.0,0.0
1570.0199255,6,148,9,2,149,57.0,356.78
1570.020344,1,1,1,0,1,45.0,0.0
1570.02071,5,1,6,0,24,50.0,81.1
1570.0207885,6,216,25,7,311,62.0,2106.0
1570.020915,1,1,9,0,38,52.0,94.312
1570.0209275,3,1,4,1,112,52.0,138.152
1570.020942,2,1,3,0,1,51.0,0.0
1570.021853,5,1,3,0,1,48.0,0.0
1570.021902,1,197,22,10,312,73.0,8596.0
1570.0225195,6,1,26,6,360,59.0,934.471
1570.022556,5,13,14,2,81,53.0,344.226
1570.022561,2,1,6,1,80,53.0,292.797
1570.0225975,3,1,5,0,27,50.0,54.096
1570.023246,5,385,7,3,386,51.0,266.501
1570.0234565,6,1,11,2,146,57.0,483.698
1570.0236,1,1,1,0,1,45.0,0.0
1570.024178,1,2,2,0,3,49.0,12.331
1570.02487,5,1,1,0,1,45.0,0.0
1570.025786,5,1,4,0,1,47.0,0.0
1570.025855,1,1,2,0,1,46.0,0.0
1570.026615,5,1,1,0,1,48.0,0.0
1570.027114,1,1,3,0,30,50.0,44.178
1570.0274005,3,37,7,1,52,52.0,182.6
1570.027403,5,1,7,1,94,51.0,206.608
1570.028536,1,1,1,0,1,45.0,0.0
1570.0299,1,1,3,0,21,50.0,70.533
1570.029962,5,1,1,0,1,46.0,0.0
1570.0308205,6,6,31,15,379,71.0,10205.0
1570.0308545,3,1,7,1,134,50.0,194.926
1570.030872,5,1,4,0,14,49.0,34.076
1570.03166,5,2,3,0,9,47.0,36.85
1570.0317165,6,2,3,0,14,48.0,31.826
1570.031728,1,1,2,0,1,47.0,0.0
1570.0322375,6,1390,74,26,1635,62.0,4397.0
1570.032442,2,1,2,0,1,53.0,0.0
1570.032486,5,187,10,3,240,51.0,297.078
1570.033336,5,265,40,11,452,62.0,3517.0
1570.033499,1,66,41,13,314,62.0,4294.0
1570.033528,2,105,24,10,198,63.0,4335.0
1570.0336065,3,19,15,4,141,56.0,764.184
1570.0342975,3,1,1,0,1,46.0,0.0
1570.034298,5,1,2,0,1,46.0,0.0
1570.0348255,6,1,4,0,1,49.0,0.0
1570.034917,5,2,2,0,4,47.0,14.722
1570.0357145,6,117,24,8,492,59.0,1367.0
1570.035715,5,2,9,2,32,64.0,847.491
1570.035876,1,1,3,0,6,50.0,13.713
1570.036711,5,5,31,22,323,75.0,27974.0
1570.0367265,3,83,20,6,173,59.0,1392.0
1570.0367295,6,58,37,14,567,64.0,4817.0
1570.036741,4,2,2,0,2,49.0,12.046
1570.037742,1,1,4,0,1,48.0,0.0
1570.0378255,6,288,115,61,1513,75.0,47960.0
1570.037939,5,720,110,37,1362,64.0,10193.0
1570.038128,4,1,5,1,45,54.0,199.536
1570.038246,1,437,63,18,610,62.0,4604.0
1570.0399955,6,1,3,0,1,50.0,0.0
1570.0403115,3,1,10,3,282,53.0,347.74
1570.040323,1,2,23,5,293,57.0,822.89
1570.040323,2,2,10,6,260,58.0,1108.0
1570.0405035,6,41,13,4,141,66.0,2055.0
1570.0410708,5,146,27,10,273,71.0,5661.0
1570.0412265,6,680,69,30,1000,67.0,11158.0
1570.0412305,3,4,12,4,194,58.0,750.703
1570.041239,1,15,19,3,124,55.0,669.391
1570.041912,1,62,16,3,123,56.0,622.482
1570.04193,5,1,11,1,77,52.0,250.713
1570.041932,2,2,7,1,35,56.0,381.824
1570.0419325,3,1,10,2,140,54.0,383.901
1570.0427405,6,8,12,10,64,74.0,20311.0
1570.0431965,3,1,4,0,30,48.0,54.814
1570.043209,1,1,2,0,1,49.0,0.0
1570.043329,5,2,3,0,2,46.0,6.886
1570.0438825,6,1,1,0,1,45.0,0.0
1570.0444095,6,1,3,0,1,48.0,0.0
1570.044757,1,17,9,0,27,49.0,97.209
1570.044774,5,1,8,2,194,48.0,199.32
1570.0449365,6,291,37,16,568,67.0,6141.0
1570.0449805,3,2,1,0,2,45.0,3.435
1570.04526,2,28,6,1,34,57.0,416.283
1570.045289,1,39,10,2,87,53.0,340.99
1570.0466695,6,11,9,1,85,56.0,220.059
1570.047242,5,2,4,0,17,51.0,90.748
1570.0472785,6,29,18,4,199,62.0,997.059
1570.0480385,6,1,4,0,70,47.0,67.687
1570.048087,5,2,7,0,27,53.0,119.637
1570.0486165,6,193,51,23,367,74.0,18373.0
1570.0486275,3,1,28,8,346,56.0,1284.0
1570.048652,5,163,39,13,349,65.0,4484.0
1570.048657,2,211,28,10,273,59.0,2690.0
1570.04883,4,4,2,0,5,47.0,16.366
1570.0497355,6,159,15,5,362,58.0,734.166
1570.0506385,6,1,1,0,5,50.0,20.489
1570.050874,1,2,35,17,297,72.0,12434.0
1570.050883,5,36,26,8,226,61.0,2437.0
1570.0508835,3,7,29,12,333,64.0,4013.0
1570.050887,2,2,26,15,210,68.0,10267.0
1570.0511465,6,1,3,0,39,48.0,51.101
1570.0516935,6,1,4,0,32,49.0,78.107
1570.052279,5,1,1,0,1,45.0,0.0
1570.052703,2,1,3,0,29,53.0,91.795
1570.0527055,3,1,1,0,1,46.0,0.0
1570.052709,1,1,5,0,39,51.0,97.141
1570.0535645,6,2,7,2,182,52.0,230.276
1570.053849,5,2,4,0,28,54.0,99.954
1570.0542505,6,2,11,4,364,51.0,372.781
1570.055481,1,1,1,0,1,45.0,0.0
1570.0570625,6,2,2,0,2,48.0,8.535
1570.0576535,6,2,7,1,101,51.0,267.871
1570.057668,5,2,3,0,16,49.0,48.621
1570.0582685,6,1,2,0,1,59.0,0.0
1570.058488,1,1,6,0,6,51.0,33.413
1570.058587,5,3,9,0,4,51.0,17.542
1570.0585915,3,1,2,0,4,48.0,12.407
1570.0588775,6,2,2,0,2,46.0,4.529
1570.0595465,6,5,18,5,286,60.0,1274.0
1570.0595595,3,1,5,0,30,50.0,74.595
1570.059612,1,1,5,0,1,48.0,0.0
1570.059618,5,1,5,1,106,51.0,181.843
1570.0600945,3,1,5,1,160,50.0,104.34
1570.060123,1,1,3,0,1,51.0,0.0
1570.0603365,6,1,5,0,62,49.0,97.7
1570.0609645,6,612,70,20,908,63.0,4453.0
1570.060991,2,1,5,0,1,53.0,0.0
1570.060991,1,2,6,0,42,52.0,121.54
1570.061355,5,2,5,0,25,51.0,86.698
1570.0613615,3,1,5,0,45,49.0,76.461
1570.061625,1,115,23,4,234,55.0,665.489
1570.061678,2,1,6,2,87,56.0,507.918
1570.0623995,6,258,73,35,1481,71.0,15520.0
1570.062667,2,1,5,0,1,53.0,0.0
1570.062674,5,34,10,1,66,52.0,225.531
1570.0626785,3,38,9,2,129,54.0,324.699
1570.063561,1,17,10,2,143,57.0,484.383
1570.0635645,3,1,8,2,130,52.0,294.972
1570.063575,2,2,4,0,29,57.0,198.607
1570.0644635,6,2,16,6,556,56.0,894.158
1570.0655205,6,566,51,20,957,65.0,5244.0
1570.0657305,3,1,2,0,6,50.0,27.261
1570.065759,5,2,5,0,15,59.0,221.383
1570.066102,1,10,18,4,190,58.0,694.276
1570.066138,2,1,5,1,53,56.0,339.701
1570.0670595,6,1,4,1,177,48.0,105.285
1570.067495,1,3,13,2,110,62.0,608.625
1570.068294,5,2,15,3,185,58.0,737.399
1570.068472,1,1,5,0,58,47.0,79.291
1570.0684725,3,5,2,0,13,51.0,74.758
1570.0684918,6,1,35,12,870,56.0,1413.0
1570.0699475,6,7,33,18,380,74.0,17034.0
1570.069961,2,2,18,6,167,60.0,1661.0
1570.0699645,3,18,18,5,213,58.0,1226.0
1570.069965,4,1,2,0,6,50.0,19.002
1570.069977,1,11,20,6,269,59.0,1112.0
1570.070845,1,1,5,0,51,50.0,88.36
1570.0709495,6,233,55,24,567,69.0,12821.0
1570.071176,2,13,24,8,154,62.0,3293.0
1570.0711785,3,34,17,5,174,58.0,1206.0
1570.071917,5,9,20,5,277,55.0,693.103
1570.071931,2,1,10,5,205,54.0,795.481
1570.0719325,3,5,13,3,170,55.0,479.59
1570.071939,1,10,23,6,271,59.0,1027.0
1570.0720175,6,36,18,5,204,66.0,2168.0
1570.0726585,3,1,2,0,9,46.0,19.036
1570.0727685,6,2,31,12,694,61.0,2180.0
1570.07294,2,1,3,0,1,54.0,0.0
1570.072948,1,1,8,1,84,49.0,152.817
1570.073875,5,10,2,0,11,52.0,66.749
1570.0741715,6,1,3,0,26,49.0,48.041
1570.074325,1,1,1,0,1,46.0,0.0
1570.074687,2,1,3,0,32,52.0,110.234
1570.0746925,3,1,7,2,213,50.0,242.796
1570.0746978,6,2,34,12,813,58.0,1923.0
1570.074879,5,2,9,2,42,65.0,1091.0
1570.07496,1,1,1,0,1,45.0,0.0
1570.075816,5,2,1,0,3,50.0,20.14
1570.0760405,6,391,98,49,1642,77.0,49036.0
1570.0764605,3,94,16,5,254,59.0,1154.0
1570.076467,1,2,25,6,216,57.0,1169.0
1570.0765,2,1,12,4,117,61.0,1246.0
1570.077178,5,2,3,0,18,48.0,48.934
1570.077491,1,2,16,2,71,55.0,546.511
1570.0774995,3,1,9,1,114,50.0,207.316
1570.077519,2,1,8,2,65,56.0,496.854
1570.078072,1,2,30,6,194,61.0,1648.0
1570.078075,5,21,24,5,205,59.0,1319.0
1570.078081,4,1,2,0,50,50.0,80.685
1570.0780837,2,30,21,6,135,59.0,1985.0
1570.0781138,3,10,15,3,117,57.0,606.526
1570.0781835,6,794,66,21,980,60.0,3933.0
1570.078906,1,1,5,0,81,48.0,70.212
1570.078946,5,2,15,2,93,56.0,546.978
1570.0790235,3,1,3,1,134,46.0,60.609
1570.07976,5,1,7,0,14,50.0,32.889
1570.079764,1,2,9,1,127,51.0,191.304
1570.0797705,3,1,4,0,56,50.0,89.605
1570.079789,2,2,1,0,3,51.0,28.178
1570.0803345,3,2,5,0,49,50.0,112.636
1570.080349,2,1,2,0,1,56.0,0.0
1570.080361,5,2,7,1,56,52.0,179.262
1570.080395,1,1,2,0,1,55.0,0.0
1570.0813355,6,2,17,6,508,57.0,742.836
1570.082595,1,2,4,0,3,57.0,94.222
1570.08275,5,1,11,3,247,49.0,317.788
1570.0827845,3,1,4,1,175,48.0,125.4
1570.083246,1,49,35,13,327,64.0,5170.0
1570.083256,4,1,6,1,57,51.0,198.488
1570.0835345,3,1,1,0,1,45.0,0.0
1570.0835945,6,536,110,43,1927,64.0,10432.0
1570.0841775,3,2,1,0,6,51.0,37.837
1570.08499,5,68,8,1,81,51.0,169.273
1570.085003,2,1,3,0,6,56.0,73.518
1570.0850065,3,1,4,1,69,48.0,102.796
1570.085045,1,1,6,0,32,52.0,64.856
1570.085532,2,1,1,0,1,50.0,0.0
1570.0862555,6,684,72,25,1134,63.0,6640.0
1570.0863575,3,1,6,0,49,50.0,120.901
1570.086358,2,1,5,0,1,52.0,0.0
1570.086376,1,1,14,4,261,54.0,500.833
1570.086926,5,1,7,1,60,52.0,213.171
1570.0869365,3,1,5,1,103,50.0,134.65
1570.087,2,2,1,0,3,55.0,56.442
1570.0878955,6,102,119,54,1712,77.0,40483.0
1570.08798,1,72,23,6,206,62.0,1858.0
1570.087998,5,15,23,6,171,59.0,1545.0
1570.0880075,3,15,28,10,440,61.0,2318.0
1570.088008,4,2,3,0,8,52.0,47.653
1570.08882,1,48,9,1,66,51.0,224.793
1570.088825,2,1,3,0,1,51.0,0.0
1570.0892165,3,1,12,4,231,55.0,538.466
1570.089332,2,1,2,0,1,53.0,0.0
1570.089388,5,1,4,0,1,51.0,0.0
1570.089414,1,1,2,0,1,46.0,0.0
1570.0901095,6,607,132,75,1462,75.0,61852.0
1570.090177,5,3,4,0,4,51.0,42.284
1570.090555,2,183,49,30,369,70.0,19685.0
1570.090661,4,63,11,3,170,52.0,408.28
1570.0906808,5,130,42,17,266,65.0,9194.0
1570.0921815,6,547,142,141,1429,83.0,338813.0
1570.092257,1,535,149,71,1134,76.0,65299.0
1570.0922795,3,507,91,56,1128,73.0,39390.0
1570.092281,5,458,136,70,1123,71.0,54480.0
1570.09235,2,400,105,86,872,78.0,113047.0
1570.092592,4,141,35,13,391,61.0,3349.0
1570.0941285,6,9,9,0,31,57.0,233.997
1570.0946895,6,347,77,26,1368,66.0,5288.0
1570.095042,2,33,7,3,128,58.0,766.89
1570.095043,1,2,17,3,143,56.0,548.812
1570.0950615,3,1,6,1,57,56.0,251.39
1570.096495,5,1,4,0,39,48.0,37.822
1570.0965235,3,1,1,0,1,45.0,0.0
1570.096829,1,1,3,0,1,48.0,0.0
1570.097303,5,2,6,0,24,48.0,76.246
1570.0973385,3,1,1,0,1,45.0,0.0
1570.098303,1,229,31,7,275,62.0,2093.0
1570.0984495,6,4,19,7,118,69.0,5397.0
1570.0984785,3,1,10,1,87,53.0,276.164
1570.098492,4,1,2,0,1,48.0,0.0
1570.098506,2,2,7,1,30,57.0,277.596
1570.0992485,6,245,29,11,374,66.0,3792.0
1570.099527,1,1,6,0,40,48.0,86.663
1570.0995465,3,1,1,0,1,45.0,0.0
1570.1001185,3,1,1,0,4,45.0,6.711
1570.1003005,6,568,42,12,754,59.0,1814.0
1570.100566,5,1,3,0,1,49.0,0.0
1570.100873,1,11,5,0,15,52.0,75.114
1570.1009105,3,1,2,0,12,51.0,63.49
1570.101438,1,2,1,0,3,53.0,27.336
1570.1019835,3,1,3,0,29,50.0,61.611
1570.101999,1,61,9,1,62,50.0,111.449
1570.102045,2,1,2,0,1,50.0,0.0
1570.102882,1,335,39,14,558,65.0,4596.0
1570.1028845,6,8,50,18,631,64.0,5140.0
1570.1029055,3,315,20,7,447,57.0,1071.0
1570.102964,2,1,3,0,1,51.0,0.0
1570.1043135,6,4,5,0,25,57.0,232.646
1570.1048785,6,608,69,32,1830,66.0,7854.0
1570.105504,1,1,7,0,4,51.0,22.106
1570.1055135,3,1,2,0,11,49.0,46.618
1570.106682,1,1,4,0,1,48.0,0.0
1570.1066855,3,1,2,0,12,48.0,28.246
1570.106708,5,1,1,0,1,45.0,0.0
1570.1072285,6,1,4,0,13,54.0,78.683
1570.107286,1,1,2,0,1,52.0,0.0
1570.1077455,6,348,54,20,817,67.0,6467.0
1570.107878,1,1,17,3,169,51.0,347.132
1570.1079075,3,1,9,3,232,53.0,332.179
1570.107962,2,1,3,0,1,51.0,0.0
1570.1086765,3,2,2,0,2,45.0,4.927
1570.1092925,6,603,54,29,747,70.0,17508.0
1570.1093015,3,12,18,7,166,59.0,2000.0
1570.109302,5,39,22,5,172,57.0,1074.0
1570.109932,4,1,1,0,1,47.0,0.0
1570.1099695,3,1,4,1,131,49.0,153.565
1570.110014,5,1,3,0,28,50.0,55.384
1570.1105665,6,744,170,229,1948,96.0,2195000.0
1570.110638,1,1,2,0,1,47.0,0.0
1570.11087,2,1,6,2,139,54.0,358.178
1570.1108895,3,1,3,1,176,45.0,98.818
1570.110923,5,1,7,2,191,50.0,213.217
1570.111321,1,71,80,55,509,76.0,61256.0
1570.111323,4,12,22,8,198,68.0,3901.0
1570.1115088,2,37,39,18,326,65.0,7268.0
1570.1115658,3,2,60,25,798,63.0,7643.0
1570.111615,5,525,59,17,731,58.0,3447.0
1570.11235,1,1,3,0,1,51.0,0.0
1570.112991,1,192,22,5,249,56.0,831.763
1570.1130225,6,117,40,12,598,59.0,2235.0
1570.113117,5,39,24,6,184,59.0,1704.0
1570.1131315,3,2,9,2,165,51.0,333.734
1570.113145,2,1,7,1,57,55.0,386.052
1570.1142115,6,1061,109,45,1472,72.0,24863.0
1570.114471,1,1,10,2,113,51.0,245.21
1570.114473,2,1,3,0,1,53.0,0.0
1570.1144745,3,1,2,0,21,50.0,64.255
1570.114481,5,1,2,0,1,49.0,0.0
1570.1150695,3,229,15,6,388,56.0,907.509
1570.115084,1,200,31,7,313,59.0,1336.0
1570.115286,2,1,11,3,121,59.0,951.25
1570.1162255,6,1,5,1,144,49.0,112.631
1570.116322,1,12,11,2,51,59.0,644.98
1570.1166125,3,1,8,2,90,55.0,345.536
1570.1168725,6,8,12,4,420,51.0,361.957
1570.117279,1,1,3,0,11,49.0,36.92
1570.1179865,6,1,17,3,225,54.0,486.055
1570.118071,1,1,1,0,1,45.0,0.0
1570.1180825,3,1,1,0,1,45.0,0.0
1570.1187415,6,72,77,24,1037,64.0,5201.0
1570.118749,1,237,52,15,449,63.0,4577.0
1570.118754,5,253,25,6,333,56.0,842.683
1570.1188375,3,147,25,8,335,62.0,2277.0
1570.119642,2,1,8,2,71,57.0,694.647
1570.119646,5,13,10,1,48,56.0,271.007
1570.1196825,3,1,5,0,1,49.0,0.0
1570.1196977,1,1,9,2,162,53.0,293.546
1570.12041,5,1,1,0,1,49.0,0.0
1570.1205195,6,182,88,38,1488,73.0,21655.0
1570.1206875,3,22,20,7,226,63.0,2297.0
1570.120691,2,46,27,10,135,65.0,4939.0
1570.120694,1,25,34,9,241,61.0,2756.0
1570.120707,4,17,8,1,36,55.0,386.979
1570.121377,5,97,11,2,136,55.0,361.476
1570.1214155,3,1,5,1,111,52.0,148.27
1570.121453,1,1,6,0,11,51.0,38.963
1570.122312,1,255,22,6,366,59.0,994.17
1570.1224165,3,2,9,4,318,49.0,360.181
1570.122419,5,1,7,0,42,50.0,67.39
1570.12243,2,1,4,0,1,53.0,0.0
1570.1225115,6,351,119,44,2104,65.0,11634.0
1570.123077,5,211,19,4,295,55.0,486.804
1570.123252,1,2,14,2,94,54.0,396.382
1570.1232725,3,1,7,1,47,51.0,155.308
1570.123273,2,1,6,1,30,53.0,191.694
1570.124102,1,284,21,6,379,59.0,926.75
1570.124402,2,1,3,0,1,54.0,0.0
1570.124427,5,1,5,0,25,51.0,76.212
1570.125188,1,1,1,0,1,45.0,0.0
1570.1255295,6,11,28,15,205,76.0,22420.0
1570.125541,4,1,1,0,1,45.0,0.0
1570.1255485,3,1,11,2,101,52.0,292.017
1570.125707,1,1,3,0,35,48.0,49.315
1570.1262495,6,348,38,22,622,79.0,32583.0
1570.126533,1,3,21,5,146,58.0,1088.0
1570.1265405,3,1,10,2,109,52.0,239.914
1570.127178,2,1,24,8,244,58.0,1874.0
1570.1271845,3,1,22,5,305,54.0,674.25
1570.1271908,5,158,27,7,223,59.0,1659.0
1570.1285025,6,34,37,30,327,79.0,55447.0
1570.1285435,3,17,23,6,204,56.0,1450.0
1570.128556,1,8,23,8,177,63.0,2693.0
1570.1293315,6,1135,97,34,1921,66.0,7128.0
1570.129432,5,171,28,7,243,64.0,2242.0
1570.129484,1,2,15,5,396,52.0,495.443
1570.129586,2,1,7,2,64,56.0,475.626
1570.1296055,3,1,7,1,89,52.0,222.793
1570.130481,5,10,3,0,13,54.0,105.455
1570.130497,1,1,6,0,60,47.0,77.568
1570.1305155,3,1,3,0,9,53.0,48.327
1570.1311055,3,11,3,0,12,52.0,57.818
1570.131755,5,1,1,0,1,45.0,0.0
1570.1317755,6,34,26,11,738,63.0,2014.0
1570.132764,5,4,8,1,72,52.0,269.848
1570.1327835,3,1,5,1,188,47.0,112.84
1570.132785,2,1,2,0,1,52.0,0.0
1570.132793,1,1,6,2,214,50.0,231.798
1570.1330565,6,409,44,13,888,55.0,1604.0
1570.1336385,3,1,1,0,6,49.0,20.358
1570.133806,5,2,4,1,77,54.0,176.533
1570.133827,1,1,2,0,1,48.0,0.0
1570.1346205,6,1561,281,230,4444,92.0,975751.0
1570.134901,1,1,4,0,36,48.0,41.868
1570.1349205,3,1,2,0,105,46.0,53.278
1570.135598,1,1,4,1,138,48.0,103.672
1570.1356455,3,1,1,0,1,45.0,0.0
1570.136177,5,70,64,56,768,73.0,45811.0
1570.136183,4,26,24,11,245,65.0,4841.0
1570.136186,2,46,73,69,690,76.0,86171.0
1570.1361875,3,23,78,98,878,78.0,178176.0
1570.1362358,1,48,105,59,1274,74.0,50167.0
1570.1377715,3,1,10,3,275,51.0,285.611
1570.137824,2,1,5,3,251,53.0,460.465
1570.138013,1,1,9,3,252,50.0,268.001
1570.138766,5,1,3,0,1,51.0,0.0
1570.1387855,3,2,5,0,18,49.0,35.891
1570.138804,2,1,1,0,1,53.0,0.0
1570.138808,1,1,1,0,1,46.0,0.0
1570.139311,1,2,3,0,5,52.0,35.006
1570.1396515,3,2,3,1,158,49.0,96.213
1570.139889,1,1,1,0,1,46.0,0.0
1570.1403535,3,1,3,0,1,46.0,0.0
1570.140396,1,1,5,0,36,50.0,67.009
1570.1404165,6,443,96,58,1260,81.0,77214.0
1570.140693,5,210,41,15,492,64.0,5145.0
1570.140756,2,230,32,17,313,66.0,8742.0
1570.140874,4,2,8,1,50,56.0,435.055
1570.1409317,1,14,32,12,218,68.0,6042.0
1570.1422265,6,1,4,1,93,53.0,139.41
1570.1425645,3,2,5,2,258,52.0,230.228
1570.142568,2,1,3,0,28,52.0,139.383
1570.142572,1,31,8,2,250,51.0,243.102
1570.1430435,6,170,32,16,358,67.0,8032.0
1570.143103,2,1,5,2,149,54.0,310.699
1570.1441215,6,362,123,105,1682,85.0,319992.0
1570.144221,5,336,60,24,656,65.0,9851.0
1570.144241,1,273,60,30,642,69.0,17559.0
1570.1442475,3,282,40,33,768,71.0,21117.0
1570.14427,2,287,45,28,521,71.0,17733.0
1570.144494,4,1,16,3,132,56.0,679.622
1570.145684,1,21,23,4,155,59.0,1181.0
1570.1456955,3,2,8,2,107,58.0,724.864
1570.145709,5,3,13,2,86,54.0,356.432
1570.145712,2,1,10,3,115,56.0,702.671
1570.1465075,6,3,13,3,88,63.0,1229.0
1570.1465465,3,1,2,0,1,46.0,0.0
1570.1471475,6,2,37,13,883,58.0,2031.0
1570.147155,1,21,17,3,133,56.0,496.172
1570.1471615,3,1,7,1,61,51.0,148.597
1570.147178,2,1,9,2,64,57.0,658.696
1570.1485375,6,1,2,0,1,50.0,0.0
1570.148562,1,1,3,0,6,50.0,26.835
1570.148819,5,24,5,1,62,53.0,208.846
1570.1488265,3,1,2,0,1,46.0,0.0
1570.149276,1,205,42,11,340,63.0,3457.0
1570.1492985,6,119,142,72,2409,78.0,67046.0
1570.149405,5,18,36,11,237,63.0,4188.0
1570.1494105,3,19,26,11,274,65.0,4526.0
1570.1502345,3,2,1,0,4,53.0,32.084
1570.15026,1,6,4,0,40,49.0,87.888
1570.150264,5,1,2,0,1,48.0,0.0
1570.150797,5,1,2,0,1,48.0,0.0
1570.1508015,3,2,1,0,2,45.0,4.025
1570.151102,1,80,19,4,136,57.0,899.849
1570.151117,2,1,11,1,28,58.0,545.158
1570.1516835,3,1,2,0,1,45.0,0.0
1570.151753,1,1,2,0,1,48.0,0.0
1570.152435,1,165,26,5,226,55.0,768.525
1570.1524395,6,53,78,26,1170,63.0,6169.0
1570.1524635,3,1,12,3,235,53.0,436.846
1570.152539,5,46,11,3,137,53.0,433.285
1570.152571,2,2,7,2,43,60.0,651.412
1570.153298,1,74,4,1,75,49.0,90.694
1570.15358,5,1,1,0,1,45.0,0.0
1570.153979,1,1,6,0,50,52.0,84.138
1570.1540065,3,1,1,0,1,45.0,0.0
1570.1541565,6,856,83,35,1346,69.0,12416.0
1570.154343,5,2,16,4,281,53.0,492.642
1570.1545185,3,149,7,2,175,53.0,226.165
1570.154647,1,1,7,1,75,50.0,153.52
1570.155006,2,34,16,5,121,58.0,1231.0
1570.155785,5,4,6,1,172,49.0,155.666
1570.1557885,3,1,4,1,161,48.0,132.05
1570.155794,1,41,7,2,151,53.0,210.418
1570.155983,2,1,1,0,1,50.0,0.0
1570.1562385,6,1207,77,29,1538,66.0,6783.0
1570.156707,5,1,3,1,125,47.0,79.393
1570.156829,1,1,4,0,22,49.0,75.452
1570.1568505,3,1,1,0,1,45.0,0.0
1570.157447,1,50,11,3,214,52.0,354.741
1570.157448,5,2,7,2,190,51.0,243.497
1570.1574665,3,2,4,0,26,48.0,38.484
1570.15757,2,1,2,0,1,51.0,0.0
1570.1581855,3,20,23,8,427,57.0,1479.0
1570.158192,4,1,4,0,36,49.0,80.478
1570.159241,1,37,24,6,229,58.0,1379.0
1570.1592525,3,4,14,3,112,54.0,461.377
1570.159269,2,1,8,3,82,57.0,683.969
1570.159269,5,1,9,1,56,51.0,152.681
1570.1593595,6,222,25,7,304,61.0,1945.0
1570.1599815,3,1,3,0,69,48.0,58.221
1570.159991,5,6,8,1,68,51.0,206.855
1570.159998,1,2,4,0,31,50.0,90.584
1570.1602015,6,676,50,16,760,66.0,4481.0
1570.160671,1,1,3,0,1,47.0,0.0
1570.1609115,3,1,5,0,9,48.0,14.069
1570.160915,2,1,2,0,1,51.0,0.0
1570.161541,5,3,5,0,5,51.0,37.945
1570.1615595,6,1,4,0,1,47.0,0.0
1570.161627,1,1,5,1,163,50.0,128.324
1570.1623325,6,1,16,3,126,57.0,529.535
1570.1630765,6,2,4,0,5,49.0,33.037
1570.163094,1,2,1,0,3,47.0,8.842
1570.163571,5,1,9,1,84,51.0,201.872
1570.1635825,6,284,57,20,758,68.0,7807.0
1570.1635825,3,1,4,0,70,49.0,78.028
1570.163601,1,1,6,0,48,51.0,121.364
1570.163873,2,1,4,1,29,57.0,256.51
1570.16424,1,1,1,0,1,46.0,0.0
1570.165279,2,15,7,0,16,54.0,97.434
1570.165283,1,29,10,1,88,53.0,199.807
1570.1653095,3,1,4,0,99,47.0,74.544
1570.165311,5,2,11,3,125,56.0,575.559
1570.1654595,6,351,69,23,1043,59.0,4620.0
1570.16605,5,17,30,8,374,59.0,1733.0
1570.166054,2,36,19,6,104,61.0,2026.0
1570.1660545,3,10,15,4,239,54.0,541.675
1570.1671505,6,1,19,6,153,64.0,2699.0
1570.167173,5,1,4,0,42,49.0,70.823
1570.167178,1,1,7,1,78,52.0,151.108
1570.1671865,3,1,3,0,43,52.0,102.46
1570.1680905,6,16,72,26,991,66.0,8265.0
1570.1681,5,1,17,4,199,55.0,666.819
1570.1681095,3,15,15,4,143,57.0,867.807
1570.168125,1,8,21,4,156,60.0,1009.0
1570.1695817,6,126,46,18,448,69.0,8353.0
1570.1697245,3,35,15,4,240,53.0,512.713
1570.169739,1,1,21,4,220,54.0,659.814
1570.169742,2,2,8,3,139,56.0,579.469
1570.1705655,6,1,14,2,88,52.0,360.523
1570.170575,1,1,11,1,80,54.0,307.665
1570.1705785,3,1,4,0,36,51.0,87.73
1570.170608,5,1,2,0,1,46.0,0.0
1570.170633,2,1,4,0,36,55.0,166.184
1570.17113,5,1,6,2,241,50.0,193.237
1570.171157,1,2,9,0,50,52.0,98.196
1570.1711595,6,2,48,18,1122,62.0,2581.0
1570.1711985,3,2,2,0,2,45.0,3.784
1570.171894,1,18,6,1,42,54.0,183.015
1570.171908,5,1,2,0,1,48.0,0.0
1570.172539,1,1,2,0,1,48.0,0.0
1570.1729125,6,460,33,11,645,58.0,1546.0
1570.1729755,3,1,4,1,81,55.0,191.95
1570.172981,5,1,6,1,91,49.0,86.41
1570.173062,1,1,2,0,1,47.0,0.0
1570.1741525,6,314,73,23,1254,62.0,4125.0
1570.174311,5,1,7,2,171,50.0,173.377
1570.1743195,3,2,7,2,192,51.0,212.461
1570.174336,2,1,2,0,6,54.0,52.673
1570.174356,1,1,7,0,16,50.0,22.89
1570.1760005,6,44,62,20,968,60.0,3442.0
1570.17648,1,2,13,1,71,53.0,238.424
1570.1764825,3,1,14,4,344,52.0,467.931
1570.176561,2,1,1,0,1,50.0,0.0
1570.17739,5,1,6,0,28,50.0,86.394
1570.177416,1,1,5,0,1,48.0,0.0
1570.1776065,6,1,6,1,56,50.0,135.093
1570.1782035,6,966,177,85,2521,76.0,61257.0
1570.178502,5,1,12,2,110,54.0,509.005
1570.1785145,3,1,6,1,47,52.0,154.187
1570.178518,1,2,21,5,320,52.0,608.951
1570.178546,2,1,3,0,1,53.0,0.0
1570.179124,5,63,42,12,302,64.0,4860.0
1570.17916,4,1,5,1,87,52.0,202.164
1570.179166,2,46,27,13,232,65.0,6203.0
1570.179342,1,2,10,1,60,52.0,132.705
1570.179978,1,22,44,13,310,63.0,4455.0
1570.1800155,3,115,19,5,271,55.0,701.444
1570.180023,2,124,21,8,234,60.0,2032.0
1570.180069,5,75,20,5,252,56.0,750.028
1570.18098,5,29,51,18,666,65.0,5663.0
1570.180984,2,37,36,17,346,64.0,6424.0
1570.1809855,3,20,35,15,381,65.0,5792.0
1570.180986,4,1,5,1,49,55.0,322.543
1570.1812248,6,778,136,56,1543,71.0,27327.0
1570.1819945,3,50,4,1,89,49.0,106.833
1570.182035,2,1,8,3,112,55.0,659.091
1570.182048,1,2,11,2,124,53.0,317.517
1570.182153,5,1,5,0,1,48.0,0.0
1570.1825838,3,2,6,1,110,51.0,178.055
1570.182667,2,1,1,0,1,52.0,0.0
1570.182678,1,1,6,1,101,49.0,124.492
1570.18322,2,1,9,2,88,57.0,594.302
1570.1832205,3,1,10,2,181,54.0,290.023
1570.1832685,6,3224,287,146,4005,84.0,219051.0
1570.183292,1,10,6,0,11,52.0,48.949
1570.183815,1,1,4,0,1,47.0,0.0
1570.184042,5,1,2,0,1,47.0,0.0
1570.1842345,3,2,36,11,653,54.0,1437.0
1570.184259,2,23,8,1,39,55.0,311.709
1570.185136,2,3,13,5,110,57.0,1433.0
1570.185145,4,2,6,1,86,50.0,153.66
1570.185826,1,2,6,0,28,52.0,179.423
1570.1862785,3,234,34,13,617,62.0,3316.0
1570.186431,1,102,46,22,501,69.0,12406.0
1570.186489,4,3,10,2,72,58.0,624.338
1570.186768,5,34,10,1,107,51.0,208.01
1570.1877875,6,407,74,35,1375,79.0,32334.0
1570.187875,1,19,13,2,78,58.0,464.606
1570.187922,5,1,6,1,76,49.0,118.644
1570.187954,2,1,1,0,1,52.0,0.0
1570.1879585,3,1,5,0,17,48.0,29.064
1570.190175,5,2,10,1,123,50.0,189.981
1570.1902245,3,1,1,0,1,45.0,0.0
1570.190952,1,2,1,0,3,51.0,26.88
1570.19105,5,2,1,0,3,46.0,10.408
1570.191718,5,4,4,0,5,47.0,16.107
1570.191739,1,1,4,0,11,47.0,16.68
1570.1920235,3,169,27,8,447,57.0,1556.0
1570.1920255,6,165,142,51,2621,70.0,12895.0
1570.192184,2,34,22,8,147,62.0,2975.0
1570.19223,5,1,14,2,114,54.0,399.633
1570.1922498,1,3,17,4,209,59.0,1153.0
1570.1937,5,2,25,7,491,58.0,1201.0
1570.193732,2,1,7,1,36,57.0,280.627
1570.193747,1,653,39,14,737,68.0,4244.0
1570.1938925,3,2,15,6,531,55.0,606.915
1570.195481,5,2,9,1,27,55.0,218.468
1570.1955175,3,1,2,0,12,49.0,25.473
1570.195526,1,1,6,0,37,53.0,127.682
1570.1961905,6,940,79,36,1235,74.0,28802.0
1570.196207,1,1,1,0,1,48.0,0.0
1570.1966775,3,1,2,0,5,46.0,11.48
1570.196713,1,2,4,0,3,50.0,17.384
1570.196781,5,1,1,0,1,45.0,0.0
1570.197132,4,2,3,0,10,50.0,40.622
1570.1971827,3,6,14,3,131,57.0,816.866
1570.197217,1,2,11,2,106,54.0,344.29
1570.197307,5,1,3,0,1,48.0,0.0
1570.197937,1,1,1,0,1,45.0,0.0
1570.1979385,6,778,114,37,1788,62.0,7299.0
1570.1982345,3,1,2,0,1,48.0,0.0
1570.198443,5,144,12,2,181,51.0,261.514
1570.198445,1,1,17,3,293,52.0,298.791
1570.1987515,3,1,4,0,12,51.0,63.601
1570.198772,2,1,2,0,1,50.0,0.0
1570.199317,1,176,25,7,360,62.0,1455.0
1570.199388,5,2,15,3,232,52.0,352.235
1570.199417,2,1,4,2,106,57.0,318.144
1570.1994175,3,1,1,0,4,48.0,11.78
1570.2002268,6,5,31,11,480,63.0,2619.0
1570.2004215,3,1,10,2,223,50.0,249.032
1570.200465,1,2,8,3,288,52.0,265.166
1570.200471,5,140,22,11,227,71.0,8854.0
1570.200628,2,1,7,1,46,54.0,339.822
1570.201026,4,2,3,0,7,48.0,35.452
1570.2011545,3,2,6,1,53,53.0,155.054
1570.201263,1,1,2,0,1,48.0,0.0
1570.201424,5,2,4,0,8,53.0,93.507
1570.2019075,6,6,5,1,24,60.0,492.69
1570.2024335,6,1,2,0,1,45.0,0.0
1570.2026375,3,1,3,0,4,47.0,7.519
1570.202653,2,2,2,0,3,52.0,26.59
1570.202657,1,9,5,0,12,55.0,95.464
1570.20267,5,2,4,0,2,49.0,6.108
1570.2029375,6,364,46,20,1265,70.0,5255.0
1570.2033075,3,1,3,0,69,48.0,78.464
1570.203322,1,2,3,0,3,46.0,6.93
1570.203345,5,1,2,0,1,46.0,0.0
1570.203846,5,1,2,0,7,47.0,15.309
1570.204478,5,2,3,0,18,50.0,86.682
1570.2047205,6,87,316,125,4619,69.0,42309.0
1570.20478,1,44,43,12,353,63.0,3588.0
1570.2047935,3,22,24,7,361,57.0,1186.0
1570.204834,4,1,1,0,1,45.0,0.0
1570.2058105,3,1,1,0,1,45.0,0.0
1570.206353,5,9,23,4,241,53.0,581.3
1570.206392,1,606,42,12,749,60.0,1735.0
1570.2065685,3,1,5,1,76,52.0,217.582
1570.2071675,3,1,1,0,1,45.0,0.0
1570.207756,1,15,9,1,66,53.0,263.075
1570.2082645,3,1,5,1,68,48.0,100.973
1570.208342,1,1,4,0,4,51.0,20.151
1570.208539,5,345,58,27,628,71.0,18265.0
1570.208674,2,216,49,25,533,69.0,12263.0
1570.2088605,3,56,32,17,387,67.0,7448.0
1570.208878,1,14,54,20,396,65.0,8508.0
1570.208888,4,2,4,0,40,51.0,93.495
1570.2098275,3,1,1,0,1,45.0,0.0
1570.2098545,6,1383,361,150,5587,73.0,57705.0
1570.21026,2,1,9,1,50,55.0,301.259
1570.2103345,3,1,8,3,337,50.0,246.019
1570.211239,2,12,25,13,287,63.0,5172.0
1570.2112445,3,34,24,11,226,65.0,4272.0
1570.211262,4,1,1,0,1,45.0,0.0
1570.211948,5,1,2,0,1,47.0,0.0
1570.2120225,3,1,2,0,1,46.0,0.0
1570.21205,1,1,5,1,104,48.0,98.122
1570.2130435,3,7,24,8,291,60.0,1991.0
1570.213044,2,28,16,7,135,63.0,2610.0
1570.2138825,3,2,6,1,89,50.0,146.706
1570.213884,1,1,8,1,87,51.0,189.841
1570.213895,2,34,4,1,48,57.0,345.098
1570.213917,5,2,5,1,59,57.0,238.43
1570.214478,1,1,26,6,371,52.0,664.458
1570.2144845,3,165,19,5,338,52.0,600.818
1570.214491,5,2,17,5,310,52.0,569.039
1570.21467,2,1,5,2,125,52.0,303.604
1570.2166915,6,3510,287,132,4045,81.0,113329.0
1570.216745,5,1,8,1,38,59.0,260.452
1570.2171155,3,1,6,1,72,49.0,110.881
1570.21714,2,1,3,0,1,54.0,0.0
1570.217468,5,35,19,5,154,56.0,1064.0
1570.2179285,3,1,5,1,175,51.0,159.338
1570.218031,2,1,1,0,1,50.0,0.0
1570.2189815,3,1,1,0,1,45.0,0.0
1570.218997,2,1,2,0,17,51.0,51.822
1570.219021,5,1,1,0,1,46.0,0.0
1570.219035,1,1,2,0,1,47.0,0.0
1570.21967,5,2,2,0,3,48.0,6.906
1570.219915,1,320,80,30,717,68.0,15105.0
1570.2199235,3,333,49,24,691,68.0,8749.0
1570.220199,5,57,48,19,362,66.0,9824.0
1570.22021,4,2,9,2,103,55.0,424.936
1570.2212725,6,3545,417,197,4939,79.0,178630.0
1570.22133,4,2,1,0,3,48.0,7.369
1570.222205,5,1,3,0,1,49.0,0.0
1570.222242,2,1,2,0,1,51.0,0.0
1570.222882,5,25,32,7,261,61.0,1736.0
1570.2237065,3,1,1,0,56,47.0,40.838
1570.224203,1,1,21,5,282,52.0,570.208
1570.2242995,3,1,6,2,200,49.0,202.897
1570.224818,2,27,60,33,910,68.0,12223.0
1570.224827,4,15,4,1,41,53.0,179.705
1570.224992,1,23,50,14,816,55.0,1773.0
1570.2250005,3,1,44,13,697,54.0,1734.0
1570.2267525,6,1158,224,81,3512,65.0,19720.0
1570.22738,5,3,2,0,5,48.0,25.24
1570.22766,1,1,10,2,101,55.0,445.007
1570.2276705,3,2,7,3,362,50.0,261.622
1570.227711,2,2,2,0,2,52.0,17.22
1570.228292,5,3,6,0,19,51.0,96.298
1570.228308,1,173,18,4,237,56.0,520.22
1570.228504,2,1,1,0,1,50.0,0.0
1570.2287135,3,1,1,0,88,46.0,53.088
1570.229133,1,37,11,2,128,54.0,298.254
1570.229166,2,1,3,0,15,53.0,64.843
1570.2295025,3,1,10,3,282,50.0,345.287
1570.229787,1,2,2,0,3,48.0,11.262
1570.230234,5,2,5,0,16,53.0,40.802
1570.230476,1,1,11,3,140,54.0,459.405
1570.2304885,3,1,8,1,111,50.0,195.201
1570.2308465,6,2,24,8,202,69.0,4923.0
1570.2315515,6,565,46,19,864,65.0,5404.0
1570.231582,1,7,5,0,40,50.0,74.579
1570.2318955,3,1,17,5,371,55.0,609.444
1570.231907,5,279,29,10,581,57.0,1570.0
1570.232129,2,1,10,3,80,59.0,933.673
1570.232134,1,43,24,6,296,56.0,1088.0
1570.2331155,6,669,117,64,1750,81.0,67688.0
1570.233442,5,364,54,15,554,60.0,3641.0
1570.233462,2,1,16,5,115,60.0,1641.0
1570.234288,2,1,2,0,1,50.0,0.0
1570.2348765,3,1,1,0,1,45.0,0.0
1570.2353755,6,15,4,0,17,53.0,72.484
1570.236104,1,1,3,1,125,47.0,71.288
1570.2366165,3,242,39,13,388,63.0,3873.0
1570.236617,2,147,35,18,349,65.0,7501.0
1570.236638,5,76,50,29,389,77.0,41321.0
1570.2366705,6,66,214,77,3291,66.0,19024.0
1570.236727,4,1,4,1,73,52.0,186.958
1570.237613,5,1,9,1,101,58.0,295.276
1570.2376685,3,1,2,1,194,47.0,59.118
1570.237735,1,2,8,1,44,53.0,190.069
1570.238486,1,1,8,2,208,52.0,240.132
1570.2385065,3,1,3,1,159,47.0,68.593
1570.238737,5,1,3,0,1,50.0,0.0
1570.239203,1,1,13,5,488,52.0,435.886
1570.239209,2,1,1,0,1,53.0,0.0
1570.2394025,3,2,5,2,257,50.0,266.127
1570.239459,5,1,4,0,1,49.0,0.0
1570.2406085,6,114,81,29,907,68.0,10077.0
1570.240743,1,1,15,3,231,50.0,278.467
1570.2407895,3,1,13,6,492,53.0,493.792
1570.241588,5,1,2,0,17,47.0,38.28
1570.2419835,3,1,1,0,22,48.0,18.224
1570.241994,1,1,2,0,1,47.0,0.0
1570.2421625,6,2,12,3,181,56.0,466.253
1570.242743,5,1,5,0,1,51.0,0.0
1570.2429005,3,1,16,4,247,57.0,610.663
1570.242902,2,3,9,3,115,57.0,725.6
1570.2429075,6,45,59,22,663,70.0,9951.0
1570.24292,1,2,27,8,517,52.0,850.108
1570.24331,5,1,6,1,109,52.0,127.028
1570.2437825,3,1,1,0,1,45.0,0.0
1570.2441155,6,955,387,152,5680,70.0,48185.0
1570.244377,5,3,27,7,305,59.0,1492.0
1570.2444045,3,16,19,5,242,57.0,1015.0
1570.244418,1,2,25,6,232,59.0,1093.0
1570.244457,2,178,13,5,195,55.0,851.536
1570.244969,4,1,1,0,1,49.0,0.0
1570.245198,5,1,12,2,173,54.0,358.801
1570.2452775,3,1,6,0,22,53.0,108.988
1570.245286,1,1,5,1,69,52.0,146.212
1570.245323,2,1,3,0,1,53.0,0.0
1570.2459,1,1,4,0,9,48.0,28.152
1570.2460675,3,1,1,0,1,45.0,0.0
1570.246071,2,1,2,0,1,50.0,0.0
1570.2465825,3,1,1,0,1,45.0,0.0
1570.246583,1,1,10,2,249,51.0,273.667
1570.2470885,3,2,9,3,240,50.0,322.307
1570.247089,2,1,5,0,11,55.0,81.471
1570.248051,1,1,3,0,1,50.0,0.0
1570.248052,5,7,4,0,8,49.0,24.785
1570.2480795,3,1,1,0,5,47.0,12.519
1570.248433,2,113,27,12,388,59.0,2816.0
1570.248557,1,221,39,10,575,55.0,1431.0
1570.2485597,5,4,31,5,243,54.0,876.735
1570.2485855,3,1,21,5,259,53.0,696.651
1570.249664,5,3,6,0,27,53.0,174.208
1570.250046,1,1,5,0,53,47.0,58.009
1570.2503085,6,384,38,13,553,63.0,3911.0
1570.250407,5,1,1,0,1,45.0,0.0
1570.250878,1,2,5,0,52,54.0,184.426
1570.2509305,3,1,1,0,1,45.0,0.0
1570.2513617,6,90,73,34,1160,74.0,18113.0
1570.251366,5,86,25,5,211,57.0,1154.0
1570.251453,1,1,23,5,282,56.0,883.798
1570.251454,2,1,17,4,106,58.0,1269.0
1570.2514635,3,30,19,4,301,55.0,584.882
1570.2523815,3,32,7,2,105,54.0,285.711
1570.252387,1,2,9,1,75,53.0,205.994
1570.252409,2,1,3,0,1,53.0,0.0
1570.252969,5,114,37,10,312,62.0,3023.0
1570.2530355,6,19,48,22,502,69.0,12543.0
1570.253043,2,88,37,16,206,66.0,8683.0
1570.25305,1,6,37,13,240,63.0,5612.0
1570.253086,4,4,5,0,42,52.0,149.291
1570.254011,5,1,5,0,28,51.0,67.579
1570.2540165,3,1,2,0,26,49.0,27.161
1570.2540405,6,1,9,2,204,51.0,236.997
1570.25446,1,10,14,1,44,56.0,290.489
1570.254483,2,2,6,2,67,59.0,778.132
1570.2547815,6,2,47,35,416,78.0,69656.0
1570.254832,4,1,3,0,1,47.0,0.0
1570.255431,1,157,41,17,350,68.0,9704.0
1570.2555305,3,63,27,10,313,63.0,2982.0
1570.255585,2,25,29,9,161,65.0,4195.0
1570.25571,5,9,10,2,109,56.0,522.322
1570.256293,1,1,3,1,67,49.0,90.531
1570.2572265,6,156,159,66,2352,70.0,28944.0
1570.257248,1,68,63,16,458,62.0,3889.0
1570.257265,5,293,60,18,505,65.0,5260.0
1570.257276,2,106,40,16,429,62.0,4110.0
1570.2589125,3,1,2,0,1,45.0,0.0
1570.25893,1,6,5,0,21,52.0,68.946
1570.258951,2,1,1,0,1,50.0,0.0
1570.2594225,3,17,7,2,99,52.0,277.402
1570.259457,1,3,7,1,97,58.0,326.072
1570.259883,2,2,5,0,3,54.0,35.033
1570.2600245,3,1,3,0,12,50.0,50.495
1570.2600845,6,1,17,5,365,55.0,499.117
1570.2608415,3,37,8,2,56,59.0,495.22
1570.260845,2,1,4,1,60,54.0,297.345
1570.26085,1,6,12,2,92,54.0,319.783
1570.2610685,6,94,186,65,3118,71.0,15795.0
1570.2614125,3,1,11,3,162,52.0,373.5
1570.261413,2,1,13,4,130,55.0,962.174
1570.261442,1,1,18,3,148,57.0,585.353
1570.261457,5,1,5,0,14,50.0,16.1
1570.262047,2,2,3,0,11,57.0,131.314
1570.262094,1,3,5,0,78,48.0,90.143
1570.2621635,3,1,1,0,1,45.0,0.0
1570.262599,2,1,5,1,70,55.0,328.979
1570.262993,5,2,3,0,2,48.0,3.241
1570.263917,1,1,14,2,131,52.0,331.812
1570.2639985,3,1,5,0,42,48.0,67.691
1570.264024,5,1,3,0,1,48.0,0.0
1570.264041,2,1,5,1,42,55.0,273.565
1570.2646905,6,947,106,40,2300,69.0,8838.0
1570.2651965,3,2,1,0,3,52.0,21.965
1570.265212,1,1,7,0,29,50.0,76.823
1570.265626,5,1,5,0,42,52.0,128.188
1570.26576,2,1,3,0,6,55.0,94.752
1570.265788,1,2,2,0,3,47.0,8.872
1570.266883,1,1,6,0,41,49.0,84.372
1570.266886,5,1,5,0,9,51.0,44.679
1570.2669025,3,1,3,0,46,53.0,83.763
1570.267888,1,133,106,65,1004,78.0,82268.0
1570.2679085,3,126,72,53,1140,71.0,35393.0
1570.267926,2,102,87,62,901,72.0,51456.0
1570.268005,5,22,95,45,850,70.0,27688.0
1570.268025,4,3,12,4,179,59.0,968.036
1570.2681558,6,444,90,48,942,72.0,28345.0
1570.2696275,6,750,87,38,1318,68.0,13338.0
1570.2699545,3,1,3,1,134,47.0,85.114
1570.270058,1,354,30,8,561,56.0,1078.0
1570.270281,5,2,11,3,199,52.0,356.463
1570.2715045,6,818,353,174,5202,85.0,198788.0
1570.2715905,3,1,13,5,541,51.0,481.992
1570.271844,1,572,63,16,758,58.0,2793.0
1570.271861,2,1,8,3,122,56.0,527.183
1570.272342,4,1,1,0,1,48.0,0.0
1570.272485,2,127,23,9,406,55.0,1460.0
1570.2726635,3,195,10,3,263,53.0,315.869
1570.273198,5,46,12,4,182,59.0,733.051
1570.273228,1,2,12,3,251,52.0,346.898
1570.2739905,3,1,5,1,95,49.0,111.6
1570.273992,1,1,11,1,93,51.0,189.186
1570.274451,2,1,3,0,1,53.0,0.0
1570.2746,1,1,11,4,194,56.0,625.234
1570.2746665,3,48,4,0,49,51.0,115.74
1570.275215,5,45,28,7,171,61.0,2073.0
1570.275221,2,123,20,8,177,61.0,2397.0
1570.2752235,3,3,23,8,332,61.0,2044.0
1570.27525,4,1,5,1,35,52.0,168.89
1570.276369,1,1,9,1,87,52.0,216.082
1570.276374,5,1,3,0,45,50.0,116.087
1570.2764325,3,2,1,0,2,45.0,4.025
1570.2772195,6,1,3,0,22,53.0,52.866
1570.2778305,6,1273,73,26,1418,67.0,6551.0
1570.2781565,3,1,2,0,1,46.0,0.0
1570.278425,5,1,6,0,1,50.0,0.0
1570.2788095,3,2,8,3,213,54.0,461.5
1570.278815,2,1,3,0,9,54.0,99.036
1570.278827,1,30,13,1,104,53.0,208.473
1570.2796015,3,42,32,18,460,68.0,7586.0
1570.2797515,6,230,148,52,2701,64.0,9937.0
1570.281595,1,1,9,0,45,49.0,104.898
1570.2818795,3,1,7,2,150,52.0,269.668
1570.28228,1,1,10,2,110,52.0,269.123
1570.282562,5,474,56,27,774,71.0,15676.0
1570.2828165,3,238,45,28,590,70.0,20401.0
1570.282822,2,211,49,35,517,71.0,26669.0
1570.282946,1,126,58,31,485,70.0,20311.0
1570.2829645,6,59,107,80,1224,82.0,120223.0
1570.283012,4,4,25,6,173,63.0,2252.0
1570.283847,2,1,6,1,27,56.0,329.097
1570.283851,5,1,7,1,59,50.0,120.206
1570.2839067,3,2,9,3,277,52.0,337.633
1570.283944,1,2,4,0,8,51.0,38.059
1570.2850435,6,1,22,6,302,62.0,1147.0
1570.2851795,3,1,1,0,1,45.0,0.0
1570.285191,1,1,2,0,1,46.0,0.0
1570.285814,1,256,18,4,283,55.0,627.974
1570.285826,5,178,18,4,245,56.0,722.693
1570.2858265,3,200,17,7,671,53.0,687.872
1570.2858665,6,125,19,4,194,59.0,1169.0
1570.286009,2,1,5,1,67,54.0,237.735
1570.2865995,6,1627,154,60,2033,71.0,23533.0
1570.2870205,3,1,6,2,186,50.0,202.419
1570.287126,1,18,9,2,79,54.0,311.261
1570.287739,1,1,3,0,6,51.0,28.997
1570.2877515,3,1,1,0,1,45.0,0.0
1570.287761,5,3,5,0,4,50.0,24.058
1570.288125,2,1,28,10,277,57.0,2228.0
1570.2882528,3,31,13,3,173,57.0,697.613
1570.288261,1,23,14,3,126,57.0,559.019
1570.289036,5,1,2,0,21,48.0,23.071
1570.2891585,6,356,62,26,851,67.0,10290.0
1570.2891925,3,2,2,0,10,46.0,20.555
1570.289505,4,18,9,2,91,54.0,374.701
1570.2895568,5,13,30,10,402,61.0,2773.0
1570.2897085,3,1,9,2,204,51.0,273.404
1570.290369,2,1,9,4,188,56.0,754.271
1570.29046,5,1,7,0,30,50.0,29.071
1570.2905098,6,2,23,15,274,78.0,24409.0
1570.2905425,3,1,3,0,54,49.0,70.453
1570.290552,1,1,6,0,23,49.0,45.015
1570.2912445,3,1,6,0,63,51.0,85.462
1570.2912838,6,1,10,2,104,54.0,331.969
1570.2918565,3,1,12,3,229,51.0,303.755
1570.2919115,6,2093,331,292,4297,88.0,1049000.0
1570.291951,2,1,10,3,114,54.0,594.631
1570.292337,5,1,21,3,117,54.0,556.905
1570.292995,1,1,11,2,100,53.0,264.883
1570.293026,2,1,1,0,1,52.0,0.0
1570.2931075,3,1,1,0,1,45.0,0.0
1570.293633,5,385,78,73,1000,78.0,112394.0
1570.2937315,3,276,69,93,1114,81.0,212988.0
1570.293756,1,31,9,0,32,52.0,131.097
1570.293808,2,201,61,105,700,80.0,256801.0
1570.293991,4,18,28,14,298,66.0,5191.0
1570.2942878,1,16,37,10,552,61.0,1999.0
1570.29514,5,2,2,0,3,48.0,12.391
1570.295747,5,1,9,1,68,54.0,335.419
1570.295752,1,53,15,3,208,54.0,498.141
1570.2957545,3,1,8,1,90,51.0,211.027
1570.295786,2,1,3,0,1,52.0,0.0
1570.2965005,3,1,1,0,1,45.0,0.0
1570.296527,1,1,2,0,1,45.0,0.0
1570.296785,5,7,15,5,289,61.0,931.902
1570.297093,1,149,11,2,174,52.0,208.652
1570.2974665,3,1,2,0,1,45.0,0.0
1570.297778,1,2,8,0,42,52.0,80.238
1570.297831,2,1,2,0,1,51.0,0.0
1570.298573,5,1,3,0,6,48.0,21.832
1570.2987055,3,1,2,0,5,47.0,13.359
1570.298729,1,1,3,0,13,47.0,27.134
1570.299182,5,17,17,3,110,57.0,656.646
1570.2992107,3,2,11,2,80,55.0,429.742
1570.299215,2,1,8,2,82,55.0,429.639
1570.2992418,1,1,11,1,51,54.0,229.217
1570.2994845,6,407,63,20,1126,61.0,3325.0
1570.299802,1,1,8,1,76,50.0,143.919
1570.299805,2,1,4,0,1,53.0,0.0
1570.2998065,3,1,4,0,31,48.0,51.066
1570.30042,1,1,5,0,8,51.0,34.237
1570.3004385,3,1,2,0,18,46.0,22.755
1570.30045,2,1,1,0,1,50.0,0.0
1570.3009278,1,1,17,2,110,55.0,511.473
1570.3009568,3,9,4,0,20,52.0,121.047
1570.3011205,6,197,44,13,589,58.0,2347.0
1570.3014945,3,2,1,0,6,48.0,19.302
1570.301575,1,1,1,0,1,45.0,0.0
1570.3024055,6,788,73,30,1038,77.0,17897.0
1570.302485,5,1,5,1,58,50.0,146.272
1570.302516,1,1,7,1,131,50.0,172.708
1570.3025665,3,1,2,0,1,45.0,0.0
1570.3031995,3,2,7,0,49,48.0,72.908
1570.303214,5,1,6,0,30,49.0,64.74
1570.303229,1,1,21,3,188,52.0,472.778
1570.303773,5,118,7,2,156,52.0,209.425
1570.3039185,3,1,3,1,80,50.0,88.545
1570.303933,1,1,3,0,73,46.0,72.415
1570.3039445,6,1,47,10,571,56.0,1441.0
1570.304736,2,1,34,13,336,61.0,3835.0
1570.3047415,3,3,72,29,1374,62.0,6021.0
1570.3050315,6,664,263,115,3444,73.0,56372.0
1570.305693,2,42,33,13,328,58.0,3551.0
1570.305696,4,1,4,0,1,50.0,0.0
1570.3057328,1,1,46,11,352,58.0,2362.0
1570.306602,5,623,71,22,985,68.0,5629.0
1570.306605,1,45,85,24,999,63.0,5129.0
1570.306608,2,9,35,13,296,61.0,4207.0
1570.3066235,3,796,51,20,956,60.0,3881.0
1570.308121,5,3,16,5,86,66.0,2663.0
1570.3081555,3,170,6,1,182,49.0,147.64
1570.308165,2,144,8,4,168,62.0,843.824
1570.308196,1,1,9,2,144,53.0,240.772
1570.308858,5,4,17,2,45,59.0,542.628
1570.3088975,3,1,2,0,97,47.0,60.637
1570.308906,1,1,9,1,96,50.0,152.174
1570.3090025,6,513,131,45,1603,66.0,12975.0
1570.30934,2,170,49,24,421,66.0,11856.0
1570.309464,5,18,42,16,326,70.0,9412.0
1570.309488,4,1,3,0,40,49.0,96.058
1570.3094975,3,6,27,8,313,59.0,1760.0
1570.3095018,1,7,85,30,926,67.0,12252.0
1570.310339,2,1,4,0,19,52.0,79.868
1570.3103515,3,1,6,2,121,54.0,290.532
1570.310858,2,1,17,5,151,56.0,1255.0
1570.3109735,3,1,7,1,44,54.0,171.204
1570.3111465,6,1392,256,124,3848,75.0,77883.0
1570.3119175,3,2,9,2,240,51.0,285.58
1570.311939,1,1,13,3,258,51.0,312.26
1570.311955,2,1,6,0,1,52.0,0.0
1570.312606,4,1,2,0,1,54.0,0.0
1570.3126615,3,547,31,10,668,58.0,1391.0
1570.312671,5,77,8,1,78,56.0,328.859
1570.313171,4,2,2,0,21,50.0,65.312
1570.3132488,5,2,15,2,130,52.0,341.974
1570.313264,2,1,9,0,23,55.0,165.208
1570.314309,5,1,1,0,1,50.0,0.0
1570.314932,1,1,2,0,1,46.0,0.0
1570.3153275,3,2,1,0,2,45.0,4.66
1570.315339,5,98,7,2,169,60.0,421.165
1570.3154948,6,328,27,7,476,55.0,938.08
1570.3158525,3,1,4,0,17,47.0,48.151
1570.316334,5,1,1,0,10,46.0,15.669
1570.3165695,6,1,4,0,1,49.0,0.0
1570.3168905,3,1,8,2,184,54.0,279.802
1570.316892,5,172,11,2,173,51.0,293.444
1570.316926,1,1,7,2,188,48.0,213.171
1570.3170815,6,3110,435,219,5591,82.0,177185.0
1570.317991,2,1,5,0,13,55.0,86.779
1570.3179955,3,1,9,1,76,54.0,236.359
1570.318532,4,2,10,1,48,58.0,426.663
1570.318536,2,12,50,25,361,67.0,13193.0
1570.3185755,3,3,34,12,361,62.0,3108.0
1570.319431,1,186,40,9,422,54.0,1286.0
1570.3194905,3,79,21,5,263,56.0,810.844
1570.319504,5,1,30,6,262,55.0,1028.0
1570.319553,2,1,15,6,203,55.0,1126.0
1570.320205,4,2,8,2,117,53.0,281.002
1570.3202537,3,1,27,14,261,70.0,8484.0
1570.3202557,2,12,28,13,208,66.0,6643.0
1570.321833,5,1,1,0,1,45.0,0.0
1570.32207,1,24,43,12,490,61.0,2832.0
1570.322366,5,172,16,5,236,61.0,1393.0
1570.3232475,6,100,61,28,636,70.0,14693.0
1570.323324,1,53,47,19,324,70.0,12023.0
1570.323337,5,35,35,11,291,66.0,3755.0
1570.3233385,3,26,31,12,479,64.0,3301.0
1570.323378,4,2,1,0,3,47.0,8.696
1570.3244565,6,212,165,84,2065,82.0,106336.0
1570.32449,1,227,49,15,708,58.0,2666.0
1570.324508,2,221,19,9,292,59.0,2323.0
1570.3245545,3,134,23,8,269,60.0,1977.0
1570.324687,4,1,2,0,1,48.0,0.0
1570.325536,5,1,1,0,1,48.0,0.0
1570.325886,1,1,54,14,669,57.0,2226.0
1570.3259065,3,136,27,9,569,53.0,1042.0
1570.326035,2,1,12,2,83,58.0,666.524
1570.326046,4,1,1,0,1,46.0,0.0
1570.3270335,6,1,39,10,667,55.0,1283.0
1570.32707,5,1,5,0,1,50.0,0.0
1570.32717,1,2,10,1,72,50.0,183.328
1570.3271915,3,1,2,0,1,47.0,0.0
1570.32803,1,2,28,6,361,54.0,878.171
1570.328036,5,1,15,4,260,54.0,460.106
1570.3280415,3,1,10,3,256,52.0,343.636
1570.328042,2,1,9,5,287,54.0,681.083
1570.3282225,6,542,70,25,915,66.0,7540.0
1570.3288465,3,1,20,6,295,56.0,897.251
1570.328874,2,120,20,9,248,63.0,3008.0
1570.328941,1,1,23,7,190,64.0,2265.0
1570.328993,5,33,18,3,123,56.0,713.626
1570.329659,5,1,3,0,31,46.0,35.352
1570.3296905,3,1,1,0,1,46.0,0.0
1570.329707,1,1,1,0,1,47.0,0.0
1570.3302235,3,1,9,2,91,54.0,443.166
1570.330236,1,2,8,1,56,54.0,266.839
1570.330244,2,1,10,2,59,55.0,499.262
1570.3304485,6,2390,214,81,3257,72.0,29371.0
1570.330857,5,243,54,16,573,61.0,4020.0
1570.3308695,3,224,35,10,420,60.0,1956.0
1570.330885,1,173,60,22,424,70.0,12885.0
1570.330886,2,180,44,22,447,68.0,9036.0
1570.3321965,3,1,3,0,1,49.0,0.0
1570.332229,1,1,3,0,1,52.0,0.0
1570.332732,1,138,22,4,241,56.0,735.878
1570.3327335,3,135,16,6,457,55.0,795.23
1570.332851,2,1,9,3,95,57.0,741.325
1570.333508,5,1,2,0,7,51.0,25.521
1570.3340745,3,1,2,0,36,49.0,69.005
1570.334097,1,1,6,0,33,49.0,71.236
1570.3342715,6,1,7,2,207,50.0,158.122
1570.3349875,6,22,34,15,248,70.0,9998.0
1570.33507,1,1,13,2,168,52.0,333.998
1570.3350915,3,1,4,0,37,53.0,120.661
1570.335098,2,1,2,0,1,53.0,0.0
1570.3357665,6,1458,566,253,8931,83.0,179404.0
1570.336165,4,1,4,1,79,49.0,115.339
1570.336194,1,64,26,7,230,61.0,2002.0
1570.3368905,3,1,5,0,30,52.0,163.503
1570.3369238,1,2,6,1,66,52.0,263.652
1570.336926,2,1,2,0,6,56.0,66.812
1570.337243,5,22,53,16,779,59.0,3042.0
1570.337247,4,11,4,0,30,51.0,117.135
1570.3374215,3,2,23,7,592,55.0,776.84
1570.337513,1,402,39,10,564,57.0,1349.0
1570.337955,2,1,8,1,34,56.0,322.45
1570.3385465,3,1,1,0,1,45.0,0.0
1570.3390555,3,27,9,2,65,54.0,355.568
1570.339071,1,1,20,4,231,55.0,520.571
1570.340006,1,1,61,17,1046,62.0,2619.0
1570.340145,4,1,1,0,1,45.0,0.0
1570.3401465,3,1,24,7,457,57.0,1021.0
1570.340153,2,1,20,6,116,60.0,1966.0
1570.340951,2,1,4,0,15,56.0,201.683
1570.340959,5,4,5,0,8,51.0,55.49
1570.3411875,3,1,1,0,1,45.0,0.0
1570.341531,5,1,2,0,1,47.0,0.0
1570.3418635,3,2,29,10,681,57.0,1255.0
1570.341894,2,1,15,6,245,55.0,1039.0
1570.342072,1,1,39,10,515,59.0,1708.0
1570.342491,4,1,1,0,1,50.0,0.0
1570.3433875,3,1,2,0,1,46.0,0.0
1570.343414,1,2,5,0,6,49.0,36.177
1570.344268,1,1,27,5,198,54.0,832.454
1570.344279,2,1,11,3,118,57.0,763.472
1570.3442995,3,2,10,3,175,52.0,373.022
1570.3449785,3,1,1,0,1,45.0,0.0
1570.345431,5,204,25,7,334,63.0,2140.0
1570.345553,1,2,27,6,241,57.0,1424.0
1570.345632,2,12,14,6,162,60.0,1713.0
1570.3456355,3,1,7,2,126,53.0,252.516
1570.3465155,6,702,194,83,3165,71.0,30696.0
1570.346575,5,1,10,2,201,50.0,233.352
1570.3467135,3,2,3,0,39,49.0,70.841
1570.34673,1,1,9,1,71,52.0,235.913
1570.347165,2,1,8,2,119,53.0,405.408
1570.3472545,3,2,7,2,116,52.0,281.263
1570.347317,5,1,4,0,1,51.0,0.0
1570.347594,1,2,9,1,53,52.0,177.504
1570.348155,5,1,6,0,1,50.0,0.0
1570.348228,1,1,3,0,21,51.0,42.877
1570.348707,2,1,7,0,13,57.0,258.345
1570.3487245,3,1,6,1,58,52.0,159.189
1570.34876,1,1,7,1,49,50.0,131.963
1570.348761,5,3,4,0,4,49.0,16.545
1570.34927,2,1,1,0,1,55.0,0.0
1570.349353,1,1,10,1,138,49.0,172.681
1570.3494485,3,1,1,0,53,47.0,40.282
1570.349934,2,159,31,12,225,63.0,4591.0
1570.3499908,1,14,33,7,217,60.0,1904.0
1570.3501807,6,1203,153,68,1988,77.0,38326.0
1570.350739,5,2,7,0,29,52.0,153.208
1570.350801,1,680,44,14,793,57.0,2155.0
1570.3511085,3,2,3,0,34,48.0,53.896
1570.3516975,3,1,1,0,1,45.0,0.0
1570.352627,5,1,1,0,1,46.0,0.0
1570.3528075,6,1131,144,61,2434,77.0,37463.0
1570.3531025,3,1,2,0,17,51.0,40.904
1570.353107,1,2,7,1,45,52.0,182.213
1570.353406,5,1,4,0,1,50.0,0.0
1570.3537505,3,2,20,5,291,54.0,826.997
1570.353776,1,1,43,10,507,56.0,1538.0
1570.353781,2,211,20,12,541,61.0,2165.0
1570.353987,5,1,7,0,34,52.0,160.915
1570.3557945,6,680,108,36,1571,63.0,8033.0
1570.3558155,3,1,5,3,329,49.0,197.365
1570.356083,5,1,2,0,1,49.0,0.0
1570.356091,1,1,1,0,1,45.0,0.0
1570.3568715,3,1,9,3,211,52.0,312.504
1570.356875,1,61,18,4,246,53.0,542.919
1570.356939,5,2,9,1,80,53.0,148.805
1570.357634,5,1,4,2,194,49.0,161.398
1570.357863,1,1,1,0,1,45.0,0.0
1570.3579085,6,736,263,120,3397,82.0,105959.0
1570.3580685,3,2,10,3,115,55.0,534.461
1570.35867,5,46,47,13,551,60.0,2661.0
1570.359609,1,1,1,0,1,47.0,0.0
1570.3603045,3,1,32,10,643,54.0,1301.0
1570.360368,5,355,35,9,524,54.0,1213.0
1570.360522,2,317,23,11,396,60.0,2368.0
1570.361667,5,1,1,0,1,45.0,0.0
1570.3618715,6,1661,142,58,2319,69.0,18744.0
1570.3620885,3,14,9,2,119,54.0,381.914
1570.362089,1,2,22,5,299,55.0,724.516
1570.36216,2,1,2,0,1,51.0,0.0
1570.36218,5,1,9,4,368,51.0,336.727
1570.362955,1,2,4,0,3,49.0,9.546
1570.3632655,3,1,4,0,24,52.0,75.397
1570.363633,1,1,17,2,105,53.0,351.002
1570.3639515,3,1,1,0,1,47.0,0.0
1570.364471,1,14,174,59,2275,63.0,14874.0
1570.364473,5,42,50,14,403,62.0,4170.0
1570.3644805,3,1,41,16,425,60.0,4453.0
1570.364485,4,11,8,1,43,55.0,314.724
1570.3646915,6,2322,272,182,3254,85.0,317815.0
1570.3654385,3,41,26,13,285,62.0,4786.0
1570.365455,2,62,29,11,203,62.0,4334.0
1570.3663655,3,69,26,10,375,58.0,2204.0
1570.36639,4,1,1,0,1,47.0,0.0
1570.366999,2,34,39,28,267,72.0,24765.0
1570.367007,4,21,14,3,115,55.0,651.637
1570.3672408,3,3,13,6,485,58.0,832.58
1570.36725,1,1,8,1,82,50.0,149.956
1570.367265,5,1,4,0,27,49.0,52.165
1570.3677917,5,2,14,6,366,60.0,1098.0
1570.367795,2,1,2,0,17,52.0,65.243
1570.3684535,6,213,492,209,7815,75.0,93275.0
1570.368589,1,63,20,5,229,56.0,907.273
1570.3686195,3,53,15,5,245,55.0,738.783
1570.368667,2,1,8,4,169,56.0,912.898
1570.369375,5,1,8,2,135,50.0,199.639
1570.369527,1,423,35,10,608,59.0,1572.0
1570.3697195,3,1,7,0,36,51.0,108.582
1570.369733,2,1,1,0,1,51.0,0.0
1570.370021,5,2,8,3,246,52.0,319.805
1570.3707295,3,1,7,1,104,55.0,296.953
1570.37074,1,11,12,2,107,51.0,260.683
1570.37078,2,1,5,0,28,54.0,206.05
1570.370783,5,1,4,0,4,50.0,14.515
1570.371419,1,1,2,0,1,48.0,0.0
1570.371616,5,220,72,30,641,70.0,19286.0
1570.371848,4,1,13,2,122,52.0,420.731
1570.3719198,1,4,47,13,353,63.0,4319.0
1570.372785,1,12,5,0,21,51.0,75.327
1570.3728785,3,1,2,0,1,47.0,0.0
1570.37336,1,1,31,8,426,54.0,1004.0
1570.373396,5,1,23,6,366,57.0,847.589
1570.373446,2,1,10,7,322,58.0,1225.0
1570.3734645,3,1,12,3,236,52.0,311.787
1570.3742155,3,1,1,0,1,45.0,0.0
1570.374283,5,163,2,1,165,49.0,71.325
1570.374961,5,62,12,2,120,52.0,384.72
1570.3749695,3,1,6,1,133,49.0,180.222
1570.375004,1,1,12,1,88,52.0,225.152
1570.375961,5,2,12,2,114,54.0,256.845
1570.3759785,3,1,11,4,289,56.0,551.771
1570.375986,1,1,13,3,205,50.0,306.9
1570.376612,2,1,4,0,1,54.0,0.0
1570.376663,5,2,7,1,52,53.0,227.908
1570.3767,1,869,53,16,1068,55.0,1966.0
1570.3767715,3,1,8,2,238,51.0,245.765
1570.3768175,6,569,81,35,962,71.0,18886.0
1570.3775105,3,1,13,4,237,55.0,649.861
1570.3782865,6,197,119,54,1560,73.0,26819.0
1570.378453,1,38,78,25,739,69.0,10073.0
1570.378469,5,262,65,21,716,67.0,7523.0
1570.3784725,3,19,45,17,769,63.0,4052.0
1570.378495,4,1,3,0,28,50.0,93.78
1570.379841,1,1,1,0,1,49.0,0.0
1570.3798655,3,1,1,0,1,45.0,0.0
1570.3804265,6,2731,253,142,3141,82.0,149320.0
1570.380462,5,2,2,0,2,48.0,3.813
1570.3809,1,228,107,40,1058,72.0,21847.0
1570.381101,2,5,68,36,869,64.0,11938.0
1570.381104,5,57,57,19,455,65.0,7871.0
1570.3811095,3,35,55,27,815,67.0,10888.0
1570.381137,4,1,3,0,23,49.0,44.213
1570.382074,5,10,6,0,11,50.0,37.216
1570.382546,1,19,16,4,207,55.0,579.516
1570.3825595,3,1,9,2,168,49.0,195.884
1570.382572,2,1,8,0,23,57.0,224.08
1570.3825848,5,2,7,1,70,50.0,164.167
1570.3832425,3,1,2,0,4,47.0,9.275
1570.383286,1,1,6,2,164,47.0,149.173
1570.383684,5,2,3,0,5,50.0,31.003
1570.3841175,6,6826,847,519,10719,91.0,1026000.0
1570.384225,1,1,24,4,175,56.0,675.046
1570.384282,5,7,16,3,117,53.0,622.532
1570.3842855,3,25,11,3,128,54.0,556.522
1570.384293,2,1,8,1,45,57.0,436.487
1570.3848997,1,18,48,20,330,66.0,10356.0
1570.384902,5,14,44,14,348,64.0,4925.0
1570.3849145,3,1,28,10,343,60.0,2406.0
1570.384924,4,1,4,0,13,54.0,100.564
1570.385736,1,59,44,19,280,69.0,11595.0
1570.385743,4,7,10,2,67,57.0,421.721
1570.385748,2,29,32,18,228,67.0,10887.0
1570.3857498,5,12,47,24,660,70.0,14551.0
1570.3857578,3,22,24,14,367,66.0,6126.0
1570.386875,1,196,76,24,776,63.0,8052.0
1570.3868775,3,177,59,27,852,65.0,9895.0
1570.38689,2,203,46,25,489,67.0,10958.0
1570.386916,5,134,53,18,727,64.0,4890.0
1570.387032,4,2,13,2,96,56.0,602.731
1570.388325,5,1,1,0,1,45.0,0.0
1570.389203,1,69,10,1,109,51.0,206.78
1570.3892035,3,2,5,0,23,49.0,72.797
1570.3897785,3,1,2,0,1,45.0,0.0
1570.390079,1,47,10,1,48,53.0,197.137
1570.390111,5,2,8,1,72,50.0,139.743
1570.390122,2,1,2,0,1,51.0,0.0
1570.390785,5,1,45,13,631,58.0,2371.0
1570.390813,1,1040,165,84,1865,76.0,75383.0
1570.390958,2,68,33,15,472,62.0,3789.0
1570.3909725,3,885,99,55,1226,72.0,35891.0
1570.391632,4,1,6,0,8,50.0,21.487
1570.3919158,5,22,40,14,305,66.0,6851.0
1570.3919297,2,10,29,15,229,67.0,9220.0
1570.3927675,3,1,1,0,1,45.0,0.0
1570.39328,5,106,28,9,411,58.0,2071.0
1570.3933605,3,1,19,6,337,56.0,919.454
1570.393369,1,1,26,6,215,57.0,1296.0
1570.394034,4,2,8,0,29,51.0,152.011
1570.3941978,3,1,22,7,484,53.0,810.131
1570.3953368,6,401,57,23,664,71.0,10633.0
1570.395475,1,44,24,5,151,57.0,1382.0
1570.39548,2,1,19,6,143,57.0,1668.0
1570.396149,1,1,1,0,1,45.0,0.0
1570.3963775,3,1,1,0,1,45.0,0.0
1570.3966425,6,2176,214,72,3093,65.0,15006.0
1570.396862,1,1,7,0,4,47.0,7.111
1570.3968845,3,1,10,3,281,50.0,269.077
1570.39708,5,1,3,0,1,49.0,0.0
1570.397704,1,1,3,0,1,48.0,0.0
1570.397743,5,1,1,0,1,45.0,0.0
1570.3979975,3,1,2,0,4,49.0,14.813
1570.3987305,3,1,6,1,136,52.0,192.281
1570.398826,1,1,3,0,1,48.0,0.0
1570.399073,2,1,12,2,58,58.0,599.59
1570.399358,1,165,17,4,205,59.0,639.3
1570.3994275,3,2,6,0,11,56.0,133.716
1570.399451,5,5,3,0,6,50.0,27.697
1570.400045,5,2,3,1,93,50.0,114.964
1570.4000655,3,1,1,0,4,47.0,10.405
1570.4002675,6,724,214,95,2896,75.0,44169.0
1570.400427,1,1,2,0,1,50.0,0.0
1570.4007355,3,4,29,10,386,62.0,2374.0
1570.400738,5,2,30,7,313,57.0,1300.0
1570.40093,1,1,20,5,307,52.0,613.792
1570.401611,5,72,12,3,201,53.0,366.659
1570.4016218,3,1,11,3,155,54.0,438.031
1570.401987,1,1,10,1,141,49.0,156.467
1570.402413,5,12,9,1,59,51.0,135.34
1570.402458,2,1,3,1,60,53.0,209.836
1570.4024695,3,1,4,0,34,51.0,130.374
1570.402762,4,1,2,0,8,48.0,22.613
1570.4036835,3,1,5,2,308,47.0,189.214
1570.4037435,6,611,66,20,813,64.0,5573.0
1570.403843,1,1,18,6,423,57.0,796.405
1570.403854,5,2,6,0,5,48.0,21.912
1570.404016,2,1,2,0,1,51.0,0.0
1570.404887,1,1,13,3,136,55.0,499.457
1570.4049595,3,291,49,18,855,60.0,3631.0
1570.4050568,6,1823,546,256,6837,78.0,169360.0
1570.405269,2,2,4,1,46,56.0,252.536
1570.405569,1,41,36,11,273,63.0,3638.0
1570.406473,5,412,60,20,697,65.0,5889.0
1570.40656,1,359,89,32,605,69.0,15533.0
1570.4065615,3,331,81,44,1510,70.0,18921.0
1570.406865,4,7,12,3,103,59.0,1002.0
1570.408563,1,1,4,0,91,48.0,62.561
1570.408646,5,2,3,1,108,49.0,107.902
1570.4089275,3,1,6,2,275,46.0,181.405
1570.409186,1,2,5,0,42,50.0,67.534
1570.409877,1,9,17,3,196,55.0,598.08
1570.4098835,3,1,8,2,120,53.0,303.996
1570.409897,2,1,6,1,54,53.0,180.077
1570.410484,5,1,13,2,166,52.0,216.438
1570.4105105,3,1,5,2,221,49.0,170.75
1570.410601,1,2,11,1,46,56.0,373.54
1570.4114775,3,1,5,1,74,50.0,125.88
1570.411485,1,1,9,1,65,48.0,97.53
1570.411542,5,1,1,0,1,45.0,0.0
1570.412192,5,335,77,32,825,68.0,17813.0
1570.412236,1,484,83,37,850,70.0,20287.0
1570.4122375,3,2,12,1,64,53.0,260.702
1570.412256,2,314,60,28,603,65.0,11287.0
1570.4123938,6,115,244,120,3217,76.0,83294.0
1570.412508,4,12,14,3,74,58.0,928.816
1570.4128035,3,15,14,4,277,54.0,561.172
1570.4135905,3,1,5,0,39,48.0,60.12
1570.413611,1,1,15,4,245,56.0,556.547
1570.4141625,3,1,1,0,1,45.0,0.0
1570.414164,2,1,2,0,1,50.0,0.0
1570.414441,1,219,29,7,371,57.0,1160.0
1570.414442,5,1,18,2,104,53.0,433.405
1570.4146655,3,2,6,0,31,51.0,89.696
1570.414693,2,1,2,0,1,54.0,0.0
1570.415095,5,2,12,3,178,52.0,349.227
1570.4152125,3,1,1,0,1,45.0,0.0
1570.415353,1,1,1,0,1,45.0,0.0
1570.4161185,6,679,40,15,879,59.0,2528.0
1570.416688,5,2,7,1,77,51.0,176.473
1570.416735,2,1,3,0,1,51.0,0.0
1570.4167945,3,2,4,0,20,51.0,103.911
1570.416804,1,1,6,1,64,50.0,142.467
1570.417313,5,1,5,0,4,49.0,11.179
1570.4173535,3,1,4,0,10,46.0,19.319
1570.4175025,6,992,104,36,1742,67.0,8744.0
1570.417559,1,75,8,3,317,51.0,297.709
1570.417647,2,1,1,0,1,50.0,0.0
1570.417835,5,2,5,0,15,56.0,182.07
1570.4183745,3,1,3,1,166,48.0,82.717
1570.418821,1,1,4,0,1,51.0,0.0
1570.418849,5,1,3,0,18,47.0,24.855
1570.419544,1,246,42,10,539,57.0,1515.0
1570.4196525,3,1,23,8,473,57.0,1057.0
1570.4197515,6,1956,292,130,3839,73.0,65860.0
1570.419781,2,1,7,2,82,55.0,437.729
1570.419807,5,36,21,5,264,53.0,758.35
1570.4206258,3,1,6,1,121,52.0,178.555
1570.420627,2,1,7,1,32,54.0,225.015
1570.420662,1,71,16,3,148,54.0,488.536
1570.42074,5,2,1,0,2,49.0,5.342
1570.421517,5,187,65,20,664,64.0,5287.0
1570.4215395,3,172,50,24,728,69.0,9209.0
1570.421684,4,7,10,3,103,58.0,769.573
1570.423134,1,1,1,0,1,45.0,0.0
1570.4234005,3,1,1,0,1,46.0,0.0
1570.423818,5,1,4,0,1,48.0,0.0
1570.423836,1,2,8,1,73,51.0,131.31
1570.4242485,6,2082,182,76,2816,72.0,30450.0
1570.4245245,3,30,10,3,233,58.0,434.571
1570.424527,2,1,8,1,59,58.0,396.442
1570.42453,1,2,17,5,263,55.0,675.502
1570.4253705,3,1,1,0,1,45.0,0.0
1570.425379,1,1,8,0,11,48.0,26.206
1570.426258,2,2,14,6,199,57.0,1360.0
1570.4262665,3,112,26,9,406,58.0,1669.0
1570.427026,5,1,1,0,1,45.0,0.0
1570.4275648,6,7775,965,423,13599,84.0,318840.0
1570.428362,1,2,41,10,611,54.0,1189.0
1570.4283665,3,2,17,5,373,53.0,625.604
1570.429206,2,1,8,1,56,57.0,394.91
1570.4292535,3,2,9,2,140,53.0,297.64
1570.4292658,5,2,7,0,2,49.0,7.88
1570.42986,5,59,48,14,440,63.0,4426.0
1570.429872,1,42,53,15,482,63.0,4310.0
1570.429901,4,1,5,0,20,50.0,80.299
1570.429909,2,1,28,11,274,62.0,3767.0
1570.430976,1,289,56,17,667,61.0,3823.0
1570.4309835,3,243,34,12,689,57.0,1766.0
1570.430995,5,1,4,0,6,50.0,22.259
1570.432206,1,1,1,0,1,45.0,0.0
1570.432526,5,44,25,6,215,61.0,1796.0
1570.432552,4,1,3,0,50,48.0,76.737
1570.432556,2,41,15,6,121,62.0,2196.0
1570.432989,1,19,16,2,97,56.0,430.007
1570.434285,5,1,11,1,114,50.0,173.381
1570.4342955,3,358,26,8,566,56.0,999.926
1570.434395,1,422,45,12,699,57.0,1761.0
1570.435339,5,30,54,28,372,72.0,26562.0
1570.435351,4,24,16,5,173,61.0,1840.0
1570.4353618,3,2,28,14,461,67.0,6349.0
1570.435605,1,1,14,4,282,52.0,433.971
1570.436456,5,2,1,0,2,45.0,4.961
1570.4369625,3,1,6,2,225,48.0,188.936
1570.437768,1,1,26,8,183,63.0,2732.0
1570.4377755,3,1,9,1,92,52.0,251.391
1570.437779,2,7,15,6,128,61.0,2103.0
1570.438565,1,8,19,5,279,56.0,809.279
1570.438637,5,79,13,3,181,51.0,342.685
1570.4386375,3,8,11,3,196,50.0,345.593
1570.438663,2,1,4,2,122,54.0,378.38
1570.4398235,3,1,3,0,1,47.0,0.0
1570.439887,1,1,2,0,1,46.0,0.0
1570.440355,5,3,15,2,75,58.0,473.339
1570.4403865,3,1,8,4,398,50.0,338.077
1570.440444,1,1,5,0,1,49.0,0.0
1570.440707,2,1,4,0,11,55.0,142.409
1570.4416765,6,231,31,9,465,62.0,1768.0
1570.441844,1,3,6,2,148,51.0,197.988
1570.4419655,3,1,1,0,1,45.0,0.0
1570.442395,5,12,27,6,306,56.0,919.69
1570.4424675,3,1,11,2,208,49.0,272.105
1570.442499,1,2,15,3,171,52.0,437.376
1570.4426417,6,9873,1529,771,18470,89.0,1065000.0
1570.442953,4,1,1,0,1,45.0,0.0
1570.44317,1,1,14,3,243,54.0,453.364
1570.443203,2,1,4,1,39,53.0,206.586
1570.443215,5,3,6,0,4,50.0,22.79
1570.4436945,3,22,29,8,305,59.0,1872.0
1570.4437418,2,130,19,7,190,60.0,1712.0
1570.443915,1,1,27,7,354,56.0,1068.0
1570.444716,5,67,36,10,226,62.0,3218.0
1570.445902,2,1,24,12,376,61.0,2951.0
1570.445921,4,1,2,0,1,46.0,0.0
1570.4460335,3,1,17,5,368,53.0,662.847
1570.447247,5,2,13,2,149,52.0,246.925
1570.4473005,3,1,9,1,102,51.0,190.935
1570.447351,1,1,12,3,307,49.0,333.817
1570.448232,1,1013,77,21,1159,60.0,3354.0
1570.4482475,3,337,41,15,1071,55.0,1514.0
1570.448446,5,2,22,5,246,52.0,680.904
1570.448452,2,1,16,6,201,57.0,1192.0
1570.449217,2,77,14,4,123,57.0,895.575
1570.449221,5,2,9,2,131,50.0,273.284
1570.449901,2,1,7,1,60,53.0,298.729
1570.4499285,3,1,10,3,212,50.0,310.713
1570.450013,1,58,6,0,59,50.0,80.201
1570.450733,1,1,29,6,370,54.0,871.956
1570.4507345,3,1,11,3,327,49.0,303.374
1570.450837,2,1,2,0,1,54.0,0.0
1570.451546,5,2,3,0,7,47.0,33.82
1570.451607,1,2,4,0,35,52.0,94.726
1570.4516815,3,392,34,13,561,62.0,2905.0
1570.452029,2,1,21,9,242,60.0,2525.0
1570.4520527,5,25,25,5,177,56.0,1006.0
1570.4521418,1,23,15,2,115,55.0,466.898
1570.452537,4,1,1,0,1,45.0,0.0
1570.4527505,3,1,3,0,39,48.0,40.055
1570.452772,1,1,6,0,10,48.0,22.138
1570.452993,5,49,17,3,167,52.0,423.378
1570.453026,2,1,8,2,116,55.0,386.703
1570.453417,1,1,2,0,49,48.0,41.688
1570.4534335,3,1,2,0,8,49.0,25.178
1570.454054,1,89,46,11,623,54.0,1395.0
1570.4540915,3,1,15,8,707,51.0,645.252
1570.454751,2,1,1,0,1,50.0,0.0
1570.455256,5,1,1,0,1,45.0,0.0
1570.455258,1,1,2,0,1,48.0,0.0
1570.4555065,3,2,33,11,451,63.0,2477.0
1570.455727,4,1,3,1,46,55.0,187.759
1570.455763,1,43,37,10,447,61.0,2523.0
1570.456657,5,14,22,4,167,55.0,766.182
1570.4567098,1,65,30,9,592,58.0,1341.0
1570.457518,5,6,119,54,928,69.0,30985.0
1570.457519,4,1,36,13,576,57.0,2063.0
1570.4575225,3,31,83,70,878,72.0,55372.0
1570.457531,2,381,104,65,800,71.0,41479.0
1570.4578007,1,130,78,33,589,70.0,17104.0
1570.45908,1,1,8,2,152,51.0,191.299
1570.459188,5,1,5,0,25,49.0,35.575
1570.4596555,3,1,2,0,1,48.0,0.0
1570.459761,1,1,4,1,133,49.0,138.5
1570.4601715,3,1,4,0,25,51.0,45.562
1570.460174,5,12,10,2,73,57.0,538.375
1570.460213,2,2,3,0,22,54.0,169.879
1570.460676,1,71,41,9,361,59.0,1691.0
1570.4607085,3,60,25,6,292,55.0,1069.0
1570.4616195,6,1779,383,156,4109,78.0,86893.0
1570.4616495,3,2,2,0,5,47.0,19.276
1570.462198,2,1,8,2,70,57.0,696.651
1570.4622135,3,3,26,8,538,60.0,1273.0
1570.462222,4,1,1,0,1,48.0,0.0
1570.462486,5,141,16,3,198,52.0,356.339
1570.463155,2,1,3,0,1,51.0,0.0
1570.464151,5,1,13,3,200,51.0,339.97
1570.4641545,3,33,13,3,185,56.0,579.742
1570.464164,1,2,21,4,200,53.0,564.74
1570.464204,2,70,9,2,85,57.0,467.901
1570.464804,2,1,5,0,1,55.0,0.0
1570.4648575,3,1,23,8,634,54.0,829.291
1570.464884,5,153,23,7,411,55.0,997.971
1570.465027,1,8,15,3,99,57.0,618.542
1570.4659918,3,34,22,7,223,60.0,2015.0
1570.465994,5,2,29,8,313,58.0,1811.0
1570.466004,4,1,4,0,51,48.0,68.688
1570.4662335,6,33080,10880,51815,350000,99.0,219910000.0
1570.467015,1,2,9,0,47,51.0,107.644
1570.467229,5,1,3,0,1,47.0,0.0
1570.467642,1,1,17,3,120,55.0,692.317
1570.467661,2,1,8,2,59,55.0,469.448
1570.4676645,3,24,10,4,118,59.0,934.482
1570.467731,5,1,3,0,10,48.0,16.89
1570.46825,5,1585,396,276,3607,88.0,791960.0
1570.468263,1,1597,435,332,4194,87.0,766374.0
1570.46827,2,1572,360,396,3411,89.0,1208000.0
1570.4682865,3,1587,307,390,4069,91.0,1360000.0
1570.46841,4,19,8,0,20,53.0,91.721
1570.469172,4,2,3,0,2,48.0,7.006
1570.4696738,4,154,64,86,1016,74.0,79112.0
1570.471411,4,2,10,2,87,54.0,277.813
1570.472378,2,1,1,0,1,50.0,0.0
1570.472436,5,1,2,0,1,49.0,0.0
1570.472741,4,1,2,0,12,48.0,43.004
1570.4728565,3,1,5,1,94,48.0,94.901
1570.47289,2,1,3,0,1,52.0,0.0
1570.473103,5,161,192,68,2213,70.0,24330.0
1570.473155,1,158,171,61,1520,67.0,23741.0
1570.473267,4,2,16,2,88,59.0,612.369
1570.473393,2,87,35,14,234,63.0,6169.0
1570.473863,4,1,2,0,1,46.0,0.0
1570.474151,2,2,27,10,261,60.0,3127.0
1570.475005,2,47,11,3,107,56.0,852.732
1570.4750978,3,2,7,2,134,51.0,215.047
1570.475203,1,61,15,3,254,51.0,321.071
1570.475817,5,178,52,13,355,62.0,3862.0
1570.475838,4,1,4,0,1,50.0,0.0
1570.475965,1,1,35,10,288,65.0,3210.0
1570.4767005,3,1,2,0,6,46.0,8.46
1570.47675,5,206,25,6,423,57.0,715.92
1570.477071,1,96,45,14,799,54.0,1634.0
1570.47717,2,1,5,1,47,56.0,151.391
1570.4772125,3,1,25,9,628,54.0,1042.0
1570.477806,5,1,6,0,1,49.0,0.0
1570.477833,2,1,2,0,1,51.0,0.0
1570.478311,5,23,21,4,197,52.0,545.358
1570.478336,2,1,14,3,93,58.0,860.159
1570.4783445,3,1,10,2,143,52.0,344.036
1570.478371,1,1,11,2,105,51.0,237.628
1570.478957,2,1,6,1,50,56.0,427.3
1570.4789758,1,1039,116,52,1301,69.0,28049.0
1570.4790115,3,248,43,34,782,73.0,24979.0
1570.47907,5,229,93,32,1155,63.0,8948.0
1570.479232,4,4,12,2,93,57.0,570.56
1570.479676,2,1,1,0,1,50.0,0.0
1570.480055,4,18,2,0,19,50.0,39.235
1570.480182,2,1,6,1,59,58.0,298.133
1570.4803065,3,1,6,2,244,48.0,203.292
1570.48078,5,1055,186,69,2123,68.0,24516.0
1570.480783,2,1033,125,72,1442,71.0,36745.0
1570.480785,1,1079,174,61,1573,69.0,24500.0
1570.480792,4,3,9,1,92,53.0,264.112
1570.4812105,3,625,90,64,1214,76.0,62243.0
1570.481823,4,1,16,4,231,55.0,570.902
1570.4828578,1,1,13,1,76,53.0,207.154
1570.4829355,3,1,3,0,8,46.0,10.815
1570.483435,1,193,631,253,6482,73.0,131918.0
1570.483502,5,79,385,170,3310,77.0,117911.0
1570.483551,2,26,274,185,2359,76.0,155410.0
1570.483553,4,58,28,9,218,62.0,3613.0
1570.4835565,3,25,434,260,6218,76.0,159314.0
1570.484582,4,161,19,4,223,55.0,776.08
1570.485394,4,2,22,9,392,54.0,1483.0
1570.486355,4,1,6,1,86,50.0,166.447
1570.4864097,2,13,37,14,360,62.0,3747.0
1570.487343,5,247,198,60,2168,64.0,14564.0
1570.48762,4,2,3,0,3,52.0,21.534
1570.48814,4,1,2,0,16,47.0,37.373
1570.488957,4,1,4,0,34,53.0,70.897
1570.4904165,3,26,56,18,1043,56.0,2712.0
1570.490429,4,2,6,0,20,53.0,102.239
1570.491104,1,123,40,11,402,58.0,2159.0
1570.491225,2,72,22,6,142,62.0,2333.0
1570.4921325,3,244,123,96,1942,75.0,85035.0
1570.49214,1,261,180,107,1487,78.0,116244.0
1570.492171,2,201,131,104,1060,76.0,112735.0
1570.492336,4,9,39,14,420,65.0,5031.0
1570.4923508,5,24,112,66,826,73.0,57461.0
1570.493887,5,1,7,0,17,49.0,56.092
1570.494342,4,66,32,30,576,63.0,11475.0
1570.494343,1,39,225,143,2050,79.0,175884.0
1570.494347,2,61,131,127,1300,80.0,173013.0
1570.4944037,5,40,219,95,1953,71.0,52595.0
1570.4945748,3,62,152,87,2137,69.0,37858.0
1570.496006,4,3,5,1,66,54.0,232.595
1570.4961468,2,1,13,3,126,55.0,722.904
1570.496893,1,1,3,0,1,47.0,0.0
1570.497201,5,243,114,52,743,73.0,43692.0
1570.4972117,3,15,77,37,746,67.0,15473.0
1570.497234,4,195,26,8,330,58.0,1956.0
1570.497395,1,84,91,34,642,67.0,16842.0
1570.4984655,3,1044,161,161,1877,84.0,398438.0
1570.498479,5,1042,228,176,1773,83.0,361499.0
1570.498542,1,985,220,152,1777,80.0,247288.0
1570.498623,2,69,61,43,512,71.0,41555.0
1570.498635,4,22,23,9,196,63.0,3252.0
1570.499485,4,11,36,24,580,68.0,11350.0
1570.4996348,2,80,78,51,612,71.0,39878.0
1570.500834,5,41,15,3,233,52.0,407.731
1570.500842,1,2,7,0,3,53.0,30.053
1570.5008427,3,1,9,2,221,51.0,275.78
1570.501354,1,2,17,3,147,53.0,489.461
1570.501368,2,1,9,3,122,54.0,642.57
1570.5017175,3,464,136,78,1704,69.0,32990.0
1570.501719,5,1507,197,68,1747,68.0,24718.0
1570.502115,2,1140,152,86,1404,68.0,44058.0
1570.502126,4,7,10,3,127,54.0,543.238
1570.50297,4,5,4,0,9,52.0,69.392
1570.503842,4,2,10,2,69,55.0,457.48
1570.5039218,3,37,135,43,2056,57.0,6591.0
1570.503988,1,27,170,44,2004,60.0,7068.0
1570.505359,2,2,24,10,337,59.0,2229.0
1570.506199,2,1,4,0,1,54.0,0.0
1570.506416,5,3850,1846,865,16341,84.0,774371.0
1570.506426,4,110,49,25,808,61.0,6395.0
1570.5064777,3,1148,1289,976,15465,82.0,1220000.0
1570.5064917,1,3802,1722,881,15442,81.0,879502.0
1570.5067,2,939,649,530,5986,82.0,743354.0
1570.5077337,4,31,42,45,738,69.0,22291.0
1570.508972,4,1,4,0,55,50.0,88.951
1570.509826,4,10,16,6,167,62.0,1795.0
1570.510496,4,326,30,10,422,57.0,1789.0
1570.511424,4,2,13,3,242,53.0,442.358
1570.513195,2,544,72,36,952,63.0,10494.0
1570.513218,4,1,3,0,1,48.0,0.0
1570.514595,4,1,20,7,418,55.0,964.142
1570.514649,2,294,84,38,789,64.0,13567.0
1570.515803,4,2,40,27,375,74.0,20559.0
1570.5159377,2,6,127,75,1166,76.0,58859.0
1570.517607,2,378,241,135,2566,74.0,75556.0
1570.517704,4,1,3,0,1,46.0,0.0
1570.51821,4,1,4,1,117,50.0,125.345
1570.51931,4,1,8,1,95,49.0,175.831
1570.52068,2,288,101,49,1015,68.0,19991.0
1570.520895,4,2,13,6,488,52.0,614.025
1570.522412,4,2,7,0,42,52.0,136.137
1570.5224428,3,10917,2406,1102,31566,77.0,450681.0
1570.5231457,2,1,18,6,271,56.0,1029.0
1570.523257,5,938,267,82,2819,64.0,20974.0
1570.524156,4,5,9,3,108,56.0,591.57
1570.525302,2,1,10,0,13,54.0,61.897
1570.525583,4,1,5,0,24,53.0,125.981
1570.525847,2,183,14,8,295,58.0,1533.0
1570.526577,5,6771,1490,490,13099,74.0,181713.0
1570.526607,1,11919,1493,507,12935,71.0,183056.0
1570.526683,2,84,32,14,215,65.0,6403.0
1570.52673,4,2,4,1,63,52.0,162.934
1570.527452,2,1,8,0,28,56.0,196.946
1570.528102,2,1,36,15,321,61.0,5081.0
1570.5293,4,1,4,0,41,51.0,78.378
1570.530661,4,2,6,1,73,51.0,163.59
1570.530974,2,2377,410,222,4034,75.0,129585.0
1570.531566,4,1,1,0,1,46.0,0.0
1570.532255,4,1,1,0,1,45.0,0.0
1570.532761,4,155,9,3,215,54.0,399.079
1570.533476,4,13,26,12,539,56.0,1907.0
1570.535577,2,371,48,21,483,63.0,6314.0
1570.53585,4,1,2,0,1,47.0,0.0
1570.536588,2,1951,238,136,2341,73.0,77699.0
1570.536682,4,1,1,0,5,46.0,13.346
1570.53721,4,1,12,3,244,52.0,378.075
1570.538424,4,84,26,9,342,58.0,1957.0
1570.539275,4,1,2,0,1,48.0,0.0
1570.539452,2,1,13,5,201,56.0,960.266
1570.540045,1,24844,16983,45665,350001,99.0,122728000.0
1570.540183,2,1,6,0,17,53.0,123.981
1570.540207,5,4205,624,245,5692,72.0,119244.0
1570.540808,4,323,22,7,381,56.0,871.341
1570.541998,4,2,2,0,2,47.0,3.695
1570.542653,2,1813,252,170,2499,72.0,112384.0
1570.542708,4,251,36,11,386,59.0,2446.0
1570.544392,4,7,29,9,328,60.0,2174.0
1570.5456517,2,1,16,3,95,56.0,728.211
1570.546205,4,1,1,0,1,45.0,0.0
1570.546255,2,1425,223,101,2411,66.0,30929.0
1570.546405,5,8849,1057,319,10799,66.0,75821.0
1570.547648,4,15,6,2,138,51.0,207.904
1570.548292,4,1,6,0,30,52.0,108.216
1570.5491657,2,264,183,96,2628,66.0,27291.0
1570.549387,4,2,6,1,66,51.0,168.583
1570.549975,4,1,1,0,1,47.0,0.0
1570.550913,4,1,3,0,77,48.0,69.844
1570.552338,2,105,121,55,1589,62.0,14047.0
1570.554471,2,746,199,112,2665,69.0,42696.0
1570.5545185,3,10355,2640,53508,350001,99.0,232011000.0
1570.554981,4,2,1,0,2,45.0,7.006
1570.556927,4,1,3,1,76,50.0,103.363
1570.557533,4,16,4,0,18,52.0,93.564
1570.5576357,2,620,107,70,1027,73.0,55550.0
1570.557711,5,9232,5004,2929,40707,90.0,5849000.0
1570.558203,4,2,19,11,311,61.0,2847.0
1570.559165,2,3692,602,396,6143,83.0,499846.0
1570.559565,4,1,18,1,80,53.0,142.835
1570.5601448,4,1,15,2,95,55.0,562.186
1570.560868,4,1,4,0,24,51.0,66.478
1570.561501,4,1,4,0,31,50.0,63.583
1570.562046,4,11,4,1,61,54.0,193.397
1570.562795,4,26,30,17,267,71.0,10607.0
1570.564283,4,1,1,0,1,47.0,0.0
1570.565728,4,634,46,17,731,62.0,3617.0
1570.56581,2,1095,2247,2622,20102,96.0,12288000.0
1570.5669587,4,31,199,241,2793,78.0,308106.0
1570.570299,4,986,52,18,1105,57.0,2069.0
1570.571904,4,1236,120,40,1488,63.0,7898.0
1570.574288,4,91,49,14,698,57.0,2163.0
1570.575489,4,33,26,7,305,56.0,1296.0
1570.576749,4,1,2,0,1,48.0,0.0
1570.577535,4,14,21,6,294,55.0,938.096
1570.578329,4,285,51,17,632,61.0,4160.0
1570.579636,4,2,5,0,2,49.0,4.148
1570.581158,4,1,8,3,227,52.0,346.16
1570.581963,4,1,1,0,8,47.0,22.973
1570.582794,4,1,20,8,525,54.0,899.125
1570.583917,4,1,10,0,52,51.0,113.609
1570.584484,4,1,8,1,103,51.0,198.574
1570.585375,4,1,4,1,114,52.0,106.13
1570.586149,4,1,17,3,97,58.0,940.939
1570.586421,2,5503,1143,707,11495,77.0,482769.0
1570.587015,4,2,14,2,88,55.0,455.189
1570.58761,4,1,6,3,304,52.0,311.565
1570.588715,4,30,14,2,77,55.0,417.649
1570.589858,4,311,24,8,378,58.0,1512.0
1570.590964,4,126,29,11,329,65.0,4357.0
1570.591846,4,12,24,10,173,71.0,6102.0
1570.593601,4,26,20,5,157,57.0,1201.0
1570.594508,4,2,5,0,54,49.0,86.736
1570.595773,4,229,15,5,294,57.0,885.515
1570.596843,4,1,3,0,8,55.0,54.894
1570.597357,4,1,1,0,1,48.0,0.0
1570.598417,2,2,7,2,94,55.0,347.678
1570.598891,4,1,1,0,1,45.0,0.0
1570.599254,2,386,45,18,541,63.0,4555.0
1570.599601,5,20048,19879,44517,350000,99.0,101250000.0
1570.599614,4,5,3,0,12,53.0,61.181
1570.600313,2,715,164,84,1472,69.0,36088.0
1570.600443,4,12,9,2,88,58.0,570.185
1570.601044,4,1,11,2,172,52.0,295.436
1570.602023,4,1,7,0,20,53.0,82.993
1570.602302,2,59,291,252,3285,84.0,485897.0
1570.602544,4,24,25,11,379,56.0,1988.0
1570.603606,4,1,2,0,1,47.0,0.0
1570.605403,4,1,2,0,1,46.0,0.0
1570.606094,2,12294,3130,2154,28188,83.0,2384000.0
1570.606698,4,16,4,0,24,48.0,52.64
1570.607373,4,2,11,2,95,52.0,349.322
1570.6079677,4,3,13,4,241,54.0,628.659
1570.609246,4,18,42,32,376,75.0,34526.0
1570.610883,4,7,8,1,62,54.0,276.72
1570.611619,4,166,25,8,316,57.0,1478.0
1570.612437,4,7,5,0,20,52.0,140.324
1570.613143,4,2,13,3,127,57.0,650.907
1570.614275,4,1,3,0,14,50.0,53.829
1570.615377,4,82,5,1,83,51.0,117.572
1570.616072,4,1,3,0,1,52.0,0.0
1570.616612,4,1,17,6,382,55.0,827.074
1570.618332,4,49,61,39,771,70.0,22202.0
1570.61961,4,1,5,0,7,52.0,53.125
1570.620369,4,1,4,0,1,48.0,0.0
1570.6208698,4,1528,178,87,2697,71.0,37031.0
1570.624427,4,13,11,1,56,54.0,299.086
1570.625018,4,1,2,0,1,46.0,0.0
1570.625523,4,1,14,4,294,51.0,464.467
1570.626398,4,657,45,14,903,54.0,1688.0
1570.628022,4,17,76,25,736,63.0,6721.0
1570.629803,4,162,22,5,252,58.0,988.149
1570.63134,4,8,11,2,78,53.0,322.6
1570.6319178,4,43,14,3,129,51.0,435.435
1570.632871,4,130,43,12,267,60.0,3473.0
1570.633665,4,1,5,0,19,53.0,49.673
1570.634794,2,6264,1225,805,11070,85.0,1021000.0
1570.634939,4,21,8,3,267,53.0,462.94
1570.636099,4,1,8,1,88,52.0,137.275
1570.636908,4,1,8,3,96,58.0,667.254
1570.638599,4,2,4,0,10,51.0,35.378
1570.639113,4,15,10,2,86,53.0,321.17
1570.639757,4,15,9,0,29,53.0,168.931
1570.640856,4,197,61,31,720,68.0,13421.0
1570.642096,4,35,18,8,553,54.0,818.005
1570.643215,4,3,2,0,4,46.0,11.624
1570.644006,4,2,16,4,301,52.0,506.946
1570.645392,4,1,6,1,130,51.0,160.844
1570.646096,4,2,8,1,87,54.0,312.242
1570.64686,4,1,1,0,1,47.0,0.0
1570.647829,4,1,15,3,161,55.0,582.938
1570.648755,2,47185,17553,65535,350001,99.0,302806000.0
1570.648832,4,1,5,0,39,51.0,98.426
1570.64938,4,2,9,1,76,51.0,180.213
1570.650317,4,27,20,4,139,59.0,1070.0
1570.651957,4,2,12,2,112,55.0,423.115
1570.65272,4,14,15,4,239,56.0,723.003
1570.654141,4,1,4,0,1,47.0,0.0
1570.654964,4,12,15,3,131,56.0,676.938
1570.655618,4,118,49,17,755,61.0,3700.0
1570.656878,4,1,2,0,1,48.0,0.0
1570.657391,4,170,31,11,453,65.0,2988.0
1570.659357,4,2,3,0,3,50.0,7.266
1570.6598597,4,3,25,7,226,59.0,1574.0
1570.660604,4,2,6,1,94,50.0,148.493
1570.661303,4,6,12,3,155,57.0,535.501
1570.66218,4,868,78,26,1181,64.0,4721.0
1570.663928,4,75,43,15,535,59.0,3434.0
1570.665253,4,235,38,11,487,59.0,2289.0
1570.666546,4,2,3,0,2,48.0,3.784
1570.667062,4,1,5,0,41,54.0,117.239
1570.667603,4,3,12,2,94,56.0,577.054
1570.668238,4,86,9,2,131,54.0,302.759
1570.669258,4,379,40,16,719,62.0,3506.0
1570.670478,4,646,82,28,948,60.0,6240.0
1570.671931,4,1,6,0,7,48.0,21.798
1570.672735,4,1,4,0,6,49.0,23.823
1570.673275,4,21,14,2,122,55.0,418.235
1570.674069,4,2,16,4,202,56.0,604.693
1570.675205,4,2,68,24,706,63.0,6016.0
1570.67663,4,1,1,0,1,45.0,0.0
1570.677172,4,2,6,0,57,52.0,112.995
1570.67773,4,1,7,0,45,49.0,70.172
1570.679281,4,80,28,7,450,53.0,892.369
1570.680503,4,4,20,7,145,62.0,2463.0
1570.681378,4,13,19,6,322,58.0,1156.0
1570.682212,4,165,10,3,196,53.0,489.629
1570.682923,4,10,33,11,566,59.0,1676.0
1570.68413,4,2,18,4,226,57.0,798.687
1570.685173,4,42,32,12,675,56.0,1683.0
1570.686584,4,2,14,3,171,52.0,445.632
1570.687417,4,8,15,4,204,54.0,655.513
1570.689398,4,38,46,17,694,59.0,3010.0
1570.690723,4,1,18,6,299,58.0,1052.0
1570.692024,4,71,51,18,540,62.0,4792.0
1570.693462,4,1,2,0,1,48.0,0.0
1570.694008,4,60,16,4,181,56.0,716.647
1570.6947,4,1,16,3,165,52.0,384.398
1570.695768,4,39,57,18,940,55.0,2564.0
1570.697445,4,2,35,15,381,63.0,4500.0
1570.698491,4,2,6,0,43,53.0,135.277
1570.699391,4,3,13,3,143,53.0,442.168
1570.700164,4,206,43,31,652,67.0,15876.0
1570.70136,4,2,2,0,2,46.0,5.81
1570.702779,4,2,11,2,103,58.0,417.035
1570.703477,4,1,23,8,476,56.0,1126.0
1570.704739,4,1,3,0,1,49.0,0.0
1570.705504,4,144,23,8,442,57.0,1131.0
1570.707152,4,1,2,0,4,46.0,10.333
1570.707658,4,1,5,0,33,50.0,70.97
1570.708194,4,137,43,15,447,61.0,3573.0
1570.709214,4,41,25,9,464,56.0,1368.0
1570.710343,4,16,23,5,161,58.0,1183.0
1570.711222,4,7,28,6,257,57.0,1386.0
1570.711995,4,3,22,4,194,55.0,742.717
1570.712794,4,1,8,0,20,50.0,53.485
1570.713396,4,747,63,36,1052,66.0,11692.0
1570.715,4,246,50,17,697,62.0,3642.0
1570.716197,4,1,11,2,176,52.0,312.766
1570.716951,4,2,23,5,222,53.0,732.732
1570.7176728,4,9,21,7,330,54.0,941.949
1570.7185018,4,252,42,16,458,64.0,5003.0
1570.71976,4,148,60,23,864,62.0,5586.0
1570.721192,4,2,7,1,63,53.0,128.252
1570.722538,4,4,7,1,70,56.0,337.832
1570.723208,4,23,49,15,668,59.0,2895.0
1570.7243758,4,17,24,8,365,58.0,1544.0
1570.725376,4,29,21,8,435,56.0,1168.0
1570.726317,4,2,7,0,48,49.0,67.929
1570.726956,4,1,9,0,34,52.0,153.492
1570.727932,4,2,5,0,2,49.0,3.55
1570.72844,4,2,3,0,16,50.0,53.54
1570.7289558,4,1,3,0,1,49.0,0.0
1570.729651,4,28,28,10,257,62.0,3305.0
1570.730412,4,1,17,1,76,54.0,306.444
1570.731233,4,1,3,0,1,48.0,0.0
1570.731813,4,18,25,8,257,60.0,2266.0
1570.732941,4,1,5,1,78,49.0,104.624
1570.734043,4,1,7,2,163,49.0,208.943
1570.734748,4,29,10,3,160,52.0,421.278
1570.735447,4,1,1,0,1,46.0,0.0
1570.7359477,4,760,49,17,1056,58.0,2518.0
1570.737876,4,2,25,9,647,53.0,967.582
1570.739173,4,2,130,40,1478,62.0,8039.0
1570.741173,4,341,27,9,618,56.0,1152.0
1570.742417,4,836,92,43,1133,65.0,16174.0
1570.744051,4,106,31,11,474,63.0,3070.0
1570.74506,4,240,38,11,390,61.0,2671.0
1570.746072,4,2,8,0,23,55.0,157.022
1570.746737,4,998,62,20,1075,57.0,2870.0
1570.7483118,4,143,48,18,586,61.0,4066.0
1570.749768,4,990,90,32,1201,66.0,8785.0
1570.751549,4,616,49,19,841,58.0,3397.0
1570.752903,4,2,88,31,1637,55.0,4082.0
1570.75512,4,279,78,27,1148,62.0,5308.0
1570.75677,4,1362,129,53,1744,67.0,16442.0
1570.759162,4,718,104,36,1037,68.0,12787.0
1570.760916,4,547,2415,1517,28485,87.0,2159000.0
1570.789938,4,124,145,45,1983,57.0,6981.0
1570.7924208,4,6,99,35,1594,59.0,5994.0
1570.7945138,4,2925,251,79,3222,61.0,14079.0
1570.7982347,4,1090,380,154,4736,66.0,43164.0
1570.803471,4,2293,422,152,6235,65.0,28806.0
1570.810209,4,11,51,15,591,57.0,2730.0
1570.8113,4,312,75,27,842,62.0,6080.0
1570.812663,4,769,136,79,1883,77.0,72138.0
1570.815051,4,1,5,0,1,49.0,0.0
1570.815672,4,67,435,154,5961,64.0,30930.0
1570.8165348,6,22097,28668,38443,349996,96.0,90454000.0
1570.822158,4,8820,19630,11778,189138,88.0,10168000.0
1570.8903458,1,29041,13821,65535,350001,98.0,216425000.0
1570.9048197,3,28034,5910,65535,350001,99.0,1659000000.0
1570.9499018,5,59867,13732,50175,334007,99.0,218615000.0
1570.9990558,2,14371,10855,65535,281285,99.0,2124000000.0
1571.011833,4,5562,786,318,9875,72.0,94912.0
1571.02221,4,787,121,48,1512,63.0,12053.0
1571.024306,4,742,90,29,923,62.0,6653.0
1571.025734,4,24246,6269,2735,80198,75.0,894733.0
1571.106449,4,6841,1854,881,24711,78.0,447435.0
1571.131774,4,1,3,0,1,47.0,0.0
1571.132291,4,2103,186,65,2579,65.0,13400.0
1571.135428,4,921,404,165,5780,68.0,43784.0
1571.141708,4,709,43,14,714,58.0,2255.0
1571.142983,4,1,5,0,50,50.0,106.757
1571.143534,4,2247,192,70,2636,64.0,13448.0
1571.14667,4,19511,1645,717,21475,78.0,252865.0
1571.1668365,6,39812,7708,15615,113523,99.0,114933000.0
1571.168676,4,6499,777,395,11045,83.0,276784.0
1571.180221,4,1,6,0,1,50.0,0.0
1571.18092,4,25179,9842,11598,99420,97.0,40609000.0
1571.2406458,1,31313,4345,27180,43196,99.0,411300000.0
1571.2551215,3,17302,1948,39570,28745,99.0,924974000.0
1571.2808398,2,70,92,877,3169,89.0,5264000.0
1571.28084,4,46,8,4,365,52.0,443.846
1571.2808835,6,2,7,6,460,51.0,635.716
1571.28174,4,1,25,9,573,54.0,1003.0
1571.2819075,6,541,53,32,2070,58.0,3668.0
1571.282815,4,138,23,14,1093,53.0,1438.0
1571.284395,1,1,6,2,158,50.0,291.11
1571.284688,5,1,2,0,1,47.0,0.0
1571.284711,2,1,1,0,1,50.0,0.0
1571.2847505,6,4,5,1,35,62.0,789.071
1571.2850925,3,1,3,0,27,54.0,113.979
1571.285094,1,1,2,0,1,48.0,0.0
1571.285595,1,1,4,0,1,48.0,0.0
1571.285952,4,162,30,11,454,57.0,2196.0
1571.285975,5,160,74,113,2217,70.0,57417.0
1571.2859795,6,68,32,28,715,66.0,11001.0
1571.2860835,3,1,4,1,122,46.0,134.563
1571.286234,1,1,2,0,1,48.0,0.0
1571.286903,2,1,2,0,1,54.0,0.0
1571.2873895,6,1,1,0,1,46.0,0.0
1571.2879745,3,1,3,0,1,50.0,0.0
1571.288422,4,23,35,14,740,59.0,2492.0
1571.2884675,6,522,51,43,1496,63.0,10192.0
1571.288641,1,2,2,0,2,47.0,5.921
1571.289334,1,1,16,4,128,57.0,915.76
1571.289989,4,1,1,0,1,45.0,0.0
1571.290045,1,1,1,0,1,46.0,0.0
1571.2907,1,54,14,7,370,52.0,872.808
1571.291489,4,14,4,1,73,50.0,153.944
1571.291518,5,158,24,36,646,64.0,14255.0
1571.2915815,3,1,3,1,106,47.0,78.942
1571.291638,1,284,8,6,427,50.0,667.318
1571.29202,2,7,7,2,45,62.0,999.267
1571.2923145,3,2,2,0,9,47.0,17.593
1571.292613,1,1,35,12,631,55.0,1750.0
1571.292747,2,28,29,23,564,62.0,6983.0
1571.292769,4,34,36,13,842,53.0,1493.0
1571.2927955,6,1,20,8,581,52.0,898.824
1571.293757,1,1,2,0,40,47.0,41.254
1571.2938635,3,4,3,1,198,47.0,135.334
1571.294235,2,1,4,2,104,52.0,234.059
1571.29425,5,1,8,2,142,50.0,195.454
1571.295511,5,57,3,2,174,51.0,321.014
1571.295522,1,68,6,14,512,55.0,2519.0
1571.2961575,3,2,13,5,416,55.0,614.081
1571.297048,5,1,3,0,62,47.0,73.164
1571.297062,1,47,2,3,130,52.0,527.948
1571.297089,4,2,1,0,2,45.0,3.324
1571.298851,5,1,6,0,8,49.0,22.703
1571.300009,1,1,2,0,6,48.0,18.081
1571.3000945,3,1,2,0,1,49.0,0.0
1571.301316,5,1,6,0,1,49.0,0.0
1571.30225,5,1,31,10,574,53.0,1214.0
1571.302315,1,1,25,7,509,52.0,794.78
1571.3023535,3,1,30,9,526,54.0,1198.0
1571.30238,2,1,33,19,524,60.0,4534.0
1571.30239,4,158,34,10,514,54.0,1380.0
1571.3024435,6,1,16,5,411,50.0,551.752
1571.30372,2,14,6,4,99,56.0,1132.0
1571.3039765,3,30,9,5,179,54.0,871.147
1571.3056155,6,1,3,0,44,48.0,75.353
1571.3063465,3,1,3,0,48,47.0,30.838
1571.306418,1,1,2,0,1,45.0,0.0
1571.306566,2,1,2,0,1,51.0,0.0
1571.307618,5,2,7,1,70,51.0,141.954
1571.3101875,3,7,3,1,56,50.0,131.143
1571.3108905,3,72,60,329,2330,81.0,672786.0
1571.310921,2,315,25,348,1371,78.0,791926.0
1571.312088,5,1,2,0,1,45.0,0.0
1571.3123175,6,1,2,0,1,45.0,0.0
1571.312427,1,2,2,0,42,49.0,66.027
1571.312836,2,2,4,1,75,52.0,260.228
1571.313755,2,212,30,572,980,87.0,3777000.0
1571.313787,1,239,30,63,779,68.0,40387.0
1571.3137885,3,214,48,274,2180,79.0,549741.0
1571.3140505,6,182,7,18,857,54.0,2140.0
1571.315388,2,1,12,9,339,56.0,1549.0
1571.315685,1,1,1,0,1,45.0,0.0
1571.316345,5,1,4,0,20,48.0,28.522
1571.319473,5,1,1,0,25,46.0,29.25
1571.320471,2,1,4,0,1,52.0,0.0
1571.321604,2,183,3,4,185,52.0,720.857
1571.323917,1,1,2,0,1,48.0,0.0
1571.3248745,6,16,1,0,18,48.0,49.373
1571.329581,4,2,1,0,3,45.0,6.879
1571.330185,5,1,9,0,25,52.0,129.996
1571.331735,1,2,3,1,80,48.0,131.856
1571.3329,5,1,1,0,1,45.0,0.0
1571.335276,1,1,5,0,45,50.0,124.146
1571.337144,4,1,3,0,19,50.0,56.552
1571.337152,5,2,6,1,48,52.0,132.57
1571.3372315,3,2,1,0,41,47.0,62.208
1571.337316,1,2,1,0,4,46.0,12.858
1571.3384325,6,1,2,0,27,51.0,54.998
1571.342581,1,1,3,1,141,47.0,124.709
1571.3427645,3,1,2,1,176,49.0,83.178
1571.344772,1,9,5,3,178,53.0,430.817
1571.347136,5,2,5,0,3,49.0,9.141
1571.348539,5,37,55,176,1246,76.0,241797.0
1571.350918,5,1,2,0,1,47.0,0.0
1571.3509955,3,2,1,0,3,45.0,7.107
1571.351093,1,1,6,3,248,51.0,373.039
1571.3521965,6,43,4,4,147,55.0,784.893
1571.352209,4,9,6,2,129,52.0,313.379
1571.352248,2,3,7,5,154,54.0,959.653
1571.352262,1,67,3,1,71,49.0,164.11
1571.3522715,3,104,6,2,114,47.0,222.081
1571.355741,5,1,2,0,1,48.0,0.0
1571.357174,2,2,4,1,35,54.0,193.138
1571.357476,5,2,2,0,3,45.0,6.483
1571.358158,1,1,5,1,58,54.0,175.405
1571.358828,5,2,3,0,36,50.0,78.923
1571.3589245,3,1,1,0,1,45.0,0.0
1571.3614795,6,1,1,0,1,45.0,0.0
1571.36256,2,7,5,3,112,57.0,663.205
1571.3632125,6,1,1,0,1,45.0,0.0
1571.368208,1,2,3,0,14,53.0,46.96
1571.3687085,3,100,11,5,229,52.0,786.904
1571.369477,2,93,14,35,678,62.0,11727.0
1571.36951,1,82,7,4,288,50.0,406.67
1571.3700005,6,306,8,18,928,50.0,2047.0
1571.370306,1,1,1,0,6,47.0,17.903
1571.370933,1,56,3,0,60,47.0,91.516
1571.3717375,6,2,1,0,2,45.0,3.132
1571.371828,2,2,2,6,184,54.0,1019.0
1571.372318,1,1,1,0,1,45.0,0.0
1571.372948,1,1,1,0,1,45.0,0.0
1571.3750755,3,1,1,0,1,45.0,0.0
1571.3756175,3,2,2,0,9,49.0,35.702
1571.380822,2,1,3,0,10,57.0,203.634
1571.381351,5,1,1,0,1,45.0,0.0
1571.381968,5,1,1,0,1,46.0,0.0
1571.397383,1,1,1,0,1,45.0,0.0
1571.403958,1,70,11,8,352,54.0,1133.0
1571.407295,5,3,3,0,43,50.0,109.935
1571.417265,1,92,22,14,383,55.0,3095.0
1571.428281,1,2,5,0,45,52.0,116.776
1571.438927,1,1,4,0,50,48.0,84.02
1571.4539315,6,52,3,1,57,48.0,152.474
1571.4539415,3,67,6,3,151,51.0,451.958
1571.454009,2,87,5,3,89,55.0,859.755
1571.464521,4,2,1,0,3,47.0,9.453
1571.468482,1,2,7,2,70,55.0,584.94
1571.505014,1,1,2,0,21,50.0,38.185
1571.511152,2,1,2,0,1,50.0,0.0
1571.516466,5,1,1,0,1,45.0,0.0
1571.5195135,6,35,7,5,203,57.0,1050.0
1571.5211765,3,47,4,1,58,50.0,161.187
1571.532205,5,2,5,0,12,48.0,20.831
1571.534218,1,1,2,0,10,46.0,17.356
1571.546793,5,48,18,7,226,60.0,2030.0
1571.5469495,3,58,2,0,60,47.0,89.247
1571.548186,1,1,4,1,50,52.0,140.054
1571.5515885,3,1,2,0,28,49.0,51.087
1571.5759555,3,1,1,0,12,45.0,24.335
1571.595537,4,1,3,0,17,50.0,46.624
1571.595543,5,1,2,0,1,45.0,0.0
1571.610286,2,26,5,2,72,53.0,443.185
1571.626475,1,53,15,5,168,59.0,1360.0
1571.637991,1,2,2,0,16,49.0,52.719
1571.664823,1,16,4,1,81,53.0,230.789
1571.71642,5,89,23,5,168,60.0,1304.0
1571.720203,1,58,5,3,206,48.0,276.808
1571.726282,5,1,5,0,4,51.0,17.482
1571.735986,1,1,1,0,1,45.0,0.0
1571.741309,5,1,2,0,26,48.0,21.219
1571.748241,4,1,1,0,1,45.0,0.0
1571.749737,5,2,4,0,19,51.0,58.664
1571.79257,1,2,2,0,6,49.0,29.091
1571.823464,1,1,8,4,177,56.0,633.819
1571.93904,5,2,9,2,47,57.0,666.883
1571.944939,4,3,5,1,36,55.0,251.591
1572.012559,2,2,2,0,3,53.0,45.405
1572.067233,2,1,7,2,66,54.0,396.389
1572.073093,4,17,22,23,490,66.0,7992.0
1572.07312,2,54,8,8,234,56.0,1694.0
1572.0731425,6,14,4,1,71,51.0,263.073
1572.073213,1,60,5,11,307,57.0,2470.0
1572.1004605,6,1,2,0,9,52.0,59.633
1572.109904,1,2,1,0,2,45.0,3.132
1572.111779,1,2,1,0,2,45.0,7.047
1572.1167675,3,193,5,3,271,51.0,316.523
1572.1931165,3,1,1,0,1,45.0,0.0
1572.293918,5,4,3,0,46,50.0,130.366
1572.311019,5,4,1,0,5,48.0,17.975
1572.377448,1,4,8,2,117,53.0,301.01
1572.381411,5,7,22,6,113,63.0,2960.0
1572.386569,1,1,4,1,56,55.0,238.073
1572.4708565,6,1,1,0,1,45.0,0.0
1572.475458,1,33,5,2,146,49.0,287.355
1572.496366,2,24,6,7,125,61.0,2641.0
1572.614772,1,2,6,2,149,50.0,273.442
1572.664202,1,1,3,0,45,47.0,46.502
1572.6963995,3,1,2,0,31,50.0,57.882
1572.7154995,3,2,2,0,48,45.0,51.563
1572.75739,1,2,11,2,58,58.0,566.841
1572.808566,1,2,1,0,5,48.0,22.42
1572.834668,2,2,7,2,28,63.0,1284.0
1573.177074,5,1,6,1,45,51.0,127.54
1573.1967735,3,1,3,0,18,52.0,64.645
1573.1990685,3,1,8,2,90,55.0,476.515
1573.2320265,3,1,4,0,29,50.0,58.236
1573.263365,1,35,2,1,63,49.0,165.583
1573.421147,2,1,5,5,109,55.0,1222.0
1573.485247,2,11,3,1,58,53.0,313.47
1573.5039385,3,2,2,0,2,46.0,13.351
1573.5077075,3,1,1,0,1,45.0,0.0
1573.660485,4,1,1,0,1,45.0,0.0
1573.66596,2,1,2,0,14,52.0,84.787
1573.666083,5,1,1,0,1,45.0,0.0
1573.683675,4,1,1,0,1,48.0,0.0
1574.087375,5,1,3,0,1,50.0,0.0
1574.281423,1,76,2,1,81,47.0,134.918
1574.5337395,3,2,1,0,3,48.0,15.741
1574.8172355,3,9,5,2,102,50.0,270.218
1574.826857,1,41,5,2,85,51.0,350.181
1574.95437,1,66,3,2,131,53.0,346.268
1574.954421,5,2,2,0,5,48.0,25.271
1574.9613145,3,4,5,1,60,59.0,462.404
1574.9626265,3,1,3,0,18,52.0,55.363
1574.9635975,3,4,8,4,127,64.0,1579.0
1574.9644555,3,2,3,0,35,52.0,93.39
1574.9923805,3,2,2,0,32,47.0,47.757
1575.448381,1,40,5,2,93,51.0,253.536
1575.479522,2,1,1,0,16,51.0,81.131
