Time,CH,RISE,COUN,ENER,DURATION,AMP,ABS_E
2.189263,1,32,14,2,48,55.0,561.361
2.1892675,3,9,16,4,172,58.0,956.839
2.1893095,6,25,8,1,44,52.0,217.739
2.285315,1,32,18,4,135,57.0,1014.0
2.2853195,3,9,18,5,175,61.0,1471.0
2.285337,2,1,2,0,7,52.0,54.339
2.2853495,6,37,14,2,102,54.0,469.986
2.381153,1,1,12,3,132,55.0,641.844
2.3811545,3,9,16,4,172,58.0,948.821
2.3811965,6,1,7,1,47,52.0,235.744
2.47699,1,11,19,4,137,57.0,1015.0
2.4769965,3,3,17,5,169,60.0,1370.0
2.4770275,6,11,14,2,58,53.0,405.754
2.573117,1,12,12,2,54,55.0,556.844
2.5731185,3,13,16,4,172,59.0,951.184
2.5731605,6,1,8,1,50,51.0,238.176
2.668846,1,9,18,4,132,57.0,977.638
2.6688505,3,10,17,5,172,60.0,1388.0
2.668871,2,1,3,0,4,52.0,26.333
2.6688815,6,1,12,2,115,53.0,484.199
2.764568,1,32,14,2,48,55.0,563.719
2.7645725,3,9,15,4,172,59.0,945.091
2.764593,2,1,1,0,1,50.0,0.0
2.7646145,6,28,8,1,43,52.0,213.016
2.787216,1,2,1,0,2,45.0,3.784
2.860371,1,29,17,3,113,57.0,968.647
2.8603755,3,5,18,6,222,61.0,1498.0
2.860393,2,1,3,0,4,54.0,39.261
2.8604055,6,40,14,2,61,54.0,419.645
5.258526,1,12,13,2,43,55.0,526.498
5.2585305,3,6,15,4,169,59.0,900.881
5.258548,2,1,1,0,7,51.0,37.317
5.2585695,6,1,7,1,47,51.0,232.77
5.35538,1,12,18,4,166,57.0,1003.0
5.3553845,3,10,17,5,169,60.0,1392.0
5.355405,2,1,1,0,1,50.0,0.0
5.3554155,6,1,13,2,115,53.0,485.539
5.451202,1,12,12,3,132,55.0,639.03
5.4512035,3,9,16,4,175,59.0,966.18
5.4512455,6,1,7,1,47,52.0,233.518
5.547294,1,32,19,3,113,57.0,966.259
5.5472985,3,9,18,5,175,61.0,1473.0
5.547316,2,1,2,0,7,53.0,59.888
5.5473285,6,40,14,2,102,54.0,479.042
5.64304,1,32,14,2,48,55.0,557.212
5.6430445,3,9,16,4,172,59.0,959.768
5.6430865,6,28,8,1,44,53.0,221.723
5.738784,1,9,17,4,132,57.0,969.371
5.7387885,3,10,17,5,169,60.0,1390.0
5.738809,2,1,1,0,1,50.0,0.0
5.7388195,6,1,13,2,115,53.0,487.115
5.834608,1,12,11,2,43,55.0,528.826
5.8346095,3,13,16,4,172,59.0,961.788
5.83463,2,1,1,0,1,51.0,0.0
5.8346515,6,1,8,1,50,51.0,242.169
5.930433,1,9,17,4,166,57.0,1005.0
5.9304345,3,13,18,5,172,60.0,1456.0
5.930458,2,1,1,0,1,51.0,0.0
5.9304685,6,1,13,2,115,53.0,488.927
8.313714,1,32,14,2,48,55.0,554.129
8.3137205,3,7,16,4,166,59.0,912.231
8.3137605,6,28,9,1,46,52.0,231.565
8.409456,1,32,18,3,113,57.0,948.181
8.4094605,3,9,17,5,175,61.0,1458.0
8.409478,2,1,2,0,7,53.0,71.577
8.4094905,6,40,14,2,102,54.0,482.54
8.50531,1,9,11,2,43,55.0,521.885
8.5053145,3,10,16,4,169,58.0,915.037
8.5053535,6,1,8,1,47,51.0,235.373
8.601121,1,32,18,3,113,57.0,952.389
8.6011255,3,5,18,5,175,61.0,1481.0
8.601149,2,1,1,0,1,50.0,0.0
8.6011555,6,40,14,2,61,54.0,425.045
8.697255,1,12,13,3,132,55.0,634.82
8.6972565,3,9,16,4,172,59.0,957.509
8.697274,2,1,2,0,1,52.0,0.0
8.6972985,6,1,8,1,47,52.0,238.784
8.79299,1,32,19,4,172,57.0,1048.0
8.7929945,3,9,18,5,175,60.0,1465.0
8.793012,2,1,2,0,7,52.0,64.912
8.7930245,6,1,14,2,81,54.0,453.105
8.888741,1,1,12,2,43,55.0,529.228
8.8887455,3,6,15,4,169,58.0,911.122
8.8887815,6,1,8,1,50,52.0,252.524
8.984529,1,32,19,4,132,57.0,989.845
8.9845335,3,9,17,5,175,61.0,1464.0
8.984554,2,1,2,0,4,53.0,38.322
8.9845635,6,40,14,2,61,54.0,423.864
10.0605155,3,1,2,0,43,49.0,40.225
11.380908,1,9,12,2,54,55.0,550.956
11.3809125,3,10,15,4,169,59.0,928.537
11.3809515,6,1,8,1,47,52.0,235.781
11.477744,1,32,18,4,132,57.0,985.331
11.4777485,3,9,17,6,222,61.0,1513.0
11.477766,2,1,3,0,7,52.0,64.267
11.4777785,6,40,14,2,102,54.0,483.995
11.573493,1,32,13,2,48,55.0,558.269
11.5734975,3,5,15,4,168,58.0,948.284
11.573515,2,1,2,0,1,52.0,0.0
11.5735395,6,1,8,1,46,52.0,236.498
11.669231,1,32,18,3,113,57.0,953.958
11.6692355,3,9,18,5,175,61.0,1489.0
11.669253,2,1,2,0,1,53.0,0.0
11.6692685,6,37,14,2,99,55.0,474.459
11.765061,1,32,14,2,48,55.0,558.311
11.7650655,3,9,16,4,172,59.0,950.977
11.7651075,6,1,8,1,44,52.0,218.865
11.86087,1,32,18,3,65,57.0,900.992
11.8608745,3,9,17,5,175,61.0,1474.0
11.860892,2,1,3,0,7,56.0,93.573
11.8609045,6,40,13,2,61,54.0,428.464
11.956738,1,12,13,2,43,55.0,527.747
11.9567395,3,9,15,4,172,58.0,956.33
11.95676,2,1,1,0,4,50.0,20.938
11.9567815,6,1,8,1,47,52.0,232.811
12.053568,1,11,18,4,137,57.0,1005.0
12.0535745,3,3,17,5,169,60.0,1395.0
12.053593,2,1,1,0,1,52.0,0.0
12.0536055,6,1,13,2,115,54.0,494.51
14.484454,1,8,13,2,48,55.0,556.425
14.4844605,3,3,15,4,166,59.0,906.397
14.4844995,6,1,8,1,50,52.0,247.21
14.580525,1,32,18,4,128,57.0,976.841
14.5805315,3,3,17,5,169,61.0,1392.0
14.580552,2,1,1,0,1,50.0,0.0
14.5805625,6,11,14,2,112,54.0,486.066
14.677348,1,32,13,2,48,55.0,558.549
14.6773525,3,9,15,4,168,58.0,938.969
14.6773945,6,28,8,1,49,52.0,239.969
14.77319,1,9,16,4,166,57.0,1011.0
14.7731915,3,13,18,5,175,60.0,1485.0
14.773209,2,1,2,0,7,53.0,67.492
14.7732335,6,1,12,2,69,53.0,398.273
14.869367,1,11,12,2,45,55.0,552.413
14.8693735,3,10,16,4,169,59.0,930.774
14.8694045,6,1,10,1,58,52.0,273.399
14.965078,1,32,18,3,113,57.0,953.803
14.9650825,3,6,18,5,175,61.0,1477.0
14.9651,2,1,2,0,1,55.0,0.0
14.9651155,6,37,14,2,99,54.0,469.89
15.060801,1,9,11,2,43,55.0,528.196
15.0608055,3,10,16,4,169,58.0,917.676
15.060826,2,1,1,0,1,50.0,0.0
15.0608445,6,1,8,1,47,51.0,237.219
15.156571,1,32,18,4,132,57.0,985.101
15.1565755,3,9,18,5,175,61.0,1486.0
15.156593,2,1,2,0,7,53.0,81.469
15.1566055,6,40,14,2,102,54.0,481.978
17.565919,1,1,14,2,46,55.0,552.918
17.5659235,3,9,16,4,172,59.0,974.217
17.565944,2,1,1,0,1,53.0,0.0
17.5659655,6,1,7,1,44,52.0,221.362
17.66276,1,1,19,4,135,57.0,1006.0
17.6627645,3,9,18,5,175,61.0,1501.0
17.662782,2,1,2,0,7,53.0,79.781
17.6627945,6,37,14,2,81,54.0,453.384
17.758508,1,1,14,2,48,55.0,561.401
17.7585125,3,9,15,4,172,58.0,971.454
17.75853,2,1,2,0,4,53.0,32.904
17.7585545,6,1,8,1,44,52.0,223.327
17.854247,1,32,19,3,113,57.0,955.206
17.8542515,3,5,17,5,171,61.0,1477.0
17.854269,2,1,3,0,6,54.0,83.257
17.8542845,6,37,14,2,58,54.0,412.728
17.950101,1,32,14,2,48,55.0,557.946
17.9501055,3,9,15,4,171,59.0,958.41
17.9501475,6,28,8,1,46,53.0,236.096
18.045914,1,11,17,4,168,57.0,1038.0
18.0459205,3,10,17,5,169,60.0,1399.0
18.045941,2,1,1,0,4,52.0,30.718
18.0459515,6,1,13,2,115,54.0,490.156
18.142045,1,32,14,2,48,55.0,556.467
18.1420495,3,9,17,4,172,59.0,958.806
18.142067,2,1,2,0,4,52.0,31.313
18.1420915,6,1,8,1,44,52.0,222.864
18.237783,1,29,18,4,125,57.0,974.239
18.2377895,3,3,17,5,169,61.0,1412.0
18.237808,2,1,2,0,1,53.0,0.0
18.2378205,6,37,14,2,58,54.0,411.322
20.624844,1,32,13,2,48,55.0,561.873
20.6248485,3,9,15,4,171,59.0,960.532
20.624863,2,1,3,0,7,52.0,56.603
20.6248895,6,29,8,1,47,53.0,239.128
20.720637,1,32,18,4,132,57.0,1001.0
20.7206415,3,9,17,5,172,61.0,1470.0
20.720659,2,1,2,0,7,54.0,84.671
20.7206715,6,40,14,2,102,54.0,480.91
20.816659,1,32,12,2,48,55.0,565.842
20.8166655,3,3,16,4,169,59.0,924.376
20.8166965,6,1,9,1,58,52.0,270.029
20.912401,1,11,17,4,128,57.0,984.344
20.9124075,3,3,17,5,169,61.0,1406.0
20.912423,2,1,2,0,1,53.0,0.0
20.9124385,6,11,14,2,115,54.0,485.34
21.008206,1,32,15,2,48,55.0,558.537
21.0082105,3,9,16,4,168,59.0,929.697
21.0082525,6,28,8,1,43,53.0,213.998
21.104001,1,1,18,4,172,57.0,1057.0
21.1040055,3,9,18,5,175,61.0,1486.0
21.104023,2,1,2,0,13,53.0,125.955
21.1040355,6,1,14,2,102,54.0,474.117
21.199865,1,32,14,2,48,55.0,563.623
21.1998715,3,2,16,4,169,59.0,930.916
21.199887,2,1,2,0,1,52.0,0.0
21.1999145,6,25,8,1,46,52.0,216.667
21.295936,1,32,18,3,113,57.0,960.328
21.2959405,3,5,17,5,171,61.0,1471.0
21.295961,2,2,2,0,6,53.0,65.606
21.2959735,6,11,14,2,58,54.0,409.999
22.4301015,3,2,1,0,6,50.0,27.397
22.430123,1,1,1,0,1,45.0,0.0
23.691837,1,11,12,2,45,55.0,552.814
23.6918435,3,3,14,4,169,59.0,916.73
23.691864,2,1,1,0,1,50.0,0.0
23.6918745,6,1,10,1,58,52.0,267.327
23.78867,1,32,18,4,132,57.0,1003.0
23.7886745,3,9,17,5,175,61.0,1489.0
23.788692,2,1,2,0,7,54.0,82.704
23.7887045,6,40,14,2,102,54.0,478.309
23.884529,1,1,14,3,135,55.0,667.86
23.8845335,3,9,17,4,175,58.0,968.713
23.884554,2,1,2,0,4,51.0,31.138
23.8845725,6,1,8,1,72,52.0,273.638
23.980387,1,1,18,4,135,57.0,1020.0
23.9803915,3,9,18,5,175,61.0,1507.0
23.980409,2,1,3,0,7,53.0,82.757
23.9804215,6,1,13,2,81,54.0,448.982
24.076438,1,1,13,3,132,55.0,637.447
24.0764395,3,9,15,4,175,58.0,975.261
24.076457,2,1,2,0,7,54.0,69.455
24.0764785,6,1,8,1,47,52.0,237.032
24.172181,1,9,16,4,166,57.0,1015.0
24.1721855,3,10,17,5,169,60.0,1394.0
24.1722,2,1,2,0,7,55.0,82.573
24.1722165,6,1,13,2,115,53.0,491.207
24.267926,1,9,12,3,132,55.0,646.292
24.2679305,3,10,16,4,169,59.0,921.091
24.267945,2,1,2,0,7,53.0,64.593
24.2679695,6,1,8,1,47,51.0,233.64
24.36375,1,1,18,4,135,57.0,1019.0
24.3637545,3,9,18,5,175,61.0,1501.0
24.363772,2,1,2,0,7,54.0,69.972
24.3637935,6,1,13,2,93,54.0,456.914
26.774149,1,1,13,3,132,55.0,645.04
26.7741505,3,9,16,4,172,59.0,958.004
26.774171,2,1,2,0,7,51.0,49.031
26.7741925,6,1,9,1,47,52.0,233.673
26.870708,1,32,17,4,128,57.0,997.587
26.8707145,3,3,18,5,169,61.0,1427.0
26.870738,2,1,1,0,1,50.0,0.0
26.8707455,6,11,14,2,115,54.0,493.133
26.96676,1,9,12,2,43,55.0,539.837
26.9667645,3,10,15,4,169,58.0,931.291
26.9667955,6,1,10,1,55,52.0,259.44
27.062497,1,32,18,3,113,57.0,963.635
27.0625015,3,9,18,5,175,61.0,1492.0
27.062519,2,1,2,0,7,52.0,64.26
27.0625315,6,40,14,2,102,54.0,480.547
27.158253,1,9,12,3,132,55.0,651.229
27.1582575,3,10,15,4,169,59.0,917.683
27.158278,2,1,1,0,1,50.0,0.0
27.1582965,6,1,9,1,47,51.0,233.844
27.254097,1,11,17,4,168,57.0,1047.0
27.2541035,3,3,17,5,169,60.0,1397.0
27.254124,2,1,1,0,4,52.0,39.901
27.2541345,6,1,13,2,115,54.0,485.306
27.349966,1,12,14,3,129,55.0,641.573
27.3499675,3,9,17,4,172,59.0,969.095
27.349985,2,1,2,0,4,53.0,31.06
27.3500095,6,1,8,1,47,52.0,232.477
27.3880125,3,1,1,0,1,45.0,0.0
27.446033,1,1,18,4,172,57.0,1064.0
27.4460375,3,13,18,5,175,60.0,1494.0
27.446055,2,1,2,0,7,54.0,81.137
27.4460675,6,1,15,2,84,54.0,455.531
29.853939,1,1,13,2,46,55.0,566.29
29.8539435,3,9,16,4,172,59.0,967.722
29.853961,2,1,2,0,4,52.0,27.841
29.8539855,6,1,7,1,44,52.0,223.19
29.950005,1,9,17,4,169,57.0,1031.0
29.9500065,3,13,18,5,175,60.0,1488.0
29.950024,2,1,3,0,7,54.0,83.974
29.9500455,6,1,12,2,72,53.0,415.86
30.045772,1,12,14,3,129,55.0,641.681
30.0457735,3,9,16,4,172,58.0,962.969
30.045791,2,1,2,0,4,54.0,46.758
30.0458125,6,1,9,1,47,52.0,236.451
30.141488,1,32,18,4,132,57.0,1012.0
30.1414925,3,9,17,5,175,60.0,1486.0
30.14151,2,1,3,0,7,56.0,105.078
30.1415225,6,40,13,2,102,54.0,476.832
30.237336,1,32,13,2,48,55.0,575.911
30.2373405,3,9,16,4,168,59.0,959.352
30.237358,2,1,2,0,9,53.0,97.565
30.2373825,6,25,9,1,44,52.0,220.388
30.333135,1,9,17,4,169,57.0,1033.0
30.3331365,3,13,18,5,175,60.0,1489.0
30.333154,2,1,3,0,7,54.0,101.941
30.3331705,6,1,13,2,115,53.0,486.529
30.428991,1,1,13,3,132,55.0,653.868
30.4289925,3,9,16,4,175,59.0,978.98
30.42901,2,1,2,0,7,52.0,61.638
30.4290315,6,1,9,1,50,52.0,246.865
30.525049,1,9,17,4,169,57.0,1036.0
30.5250505,3,13,17,5,175,60.0,1485.0
30.525071,2,1,2,0,7,54.0,106.281
30.5250845,6,1,13,2,77,53.0,429.016
32.921796,1,11,13,2,62,55.0,599.625
32.9218025,3,10,15,4,169,59.0,922.406
32.921823,2,1,1,0,1,50.0,0.0
32.9218335,6,1,10,1,58,52.0,265.889
33.017814,1,11,17,4,125,57.0,999.311
33.0178205,3,3,17,5,169,61.0,1410.0
33.017833,2,1,4,0,9,54.0,129.918
33.0178485,6,14,13,3,118,54.0,493.948
33.113659,1,32,13,2,62,55.0,604.634
33.1136655,3,2,16,4,169,59.0,943.19
33.1136965,6,1,10,1,58,52.0,264.673
33.209778,1,32,18,3,113,57.0,979.013
33.2097825,3,5,18,5,171,61.0,1469.0
33.2098,2,1,2,0,7,55.0,93.975
33.2098125,6,40,15,2,115,54.0,488.889
33.305608,1,9,13,2,60,55.0,584.294
33.3056125,3,3,16,4,169,59.0,922.161
33.3056435,6,1,9,1,55,52.0,256.026
33.401265,1,32,18,4,135,57.0,1032.0
33.4012695,3,9,18,5,175,61.0,1484.0
33.401287,2,1,3,0,7,55.0,101.302
33.4012995,6,40,14,2,102,54.0,473.229
33.497847,1,9,11,2,43,55.0,545.982
33.4978515,3,3,16,4,169,59.0,932.379
33.497869,2,1,2,0,7,53.0,63.123
33.4978825,6,1,10,1,55,52.0,257.803
33.593878,1,32,18,4,132,57.0,1021.0
33.5938825,3,9,18,5,175,61.0,1493.0
33.5939,2,1,3,0,7,54.0,89.911
33.5939125,6,40,14,2,102,54.0,474.086
35.5691425,3,1,1,0,5,48.0,15.632
35.7725085,3,1,1,0,1,45.0,0.0
35.982047,1,1,14,2,48,55.0,575.934
35.9820515,3,9,15,4,172,59.0,964.813
35.982069,2,1,2,0,7,53.0,81.056
35.9820935,6,1,8,1,44,52.0,209.608
36.078878,1,32,17,4,125,57.0,1006.0
36.0788825,3,5,17,5,171,61.0,1469.0
36.0789,2,1,2,0,9,55.0,132.591
36.0789125,6,14,14,3,118,54.0,494.093
36.175012,1,9,11,2,54,55.0,574.315
36.1750165,3,10,16,4,169,59.0,908.475
36.175037,2,1,2,1,64,53.0,136.93
36.1750475,6,1,10,1,55,52.0,252.095
36.270827,1,1,18,4,172,57.0,1079.0
36.2708315,3,13,18,5,175,60.0,1488.0
36.270849,2,1,2,0,7,55.0,111.396
36.2708615,6,1,14,2,84,54.0,442.654
36.366552,1,1,14,2,43,55.0,547.225
36.3665535,3,9,15,4,172,59.0,953.756
36.366577,2,1,1,0,1,52.0,0.0
36.3665955,6,1,8,1,44,52.0,215.294
36.462266,1,32,18,4,132,57.0,1028.0
36.4622705,3,9,19,5,175,61.0,1498.0
36.462288,2,1,4,0,7,55.0,116.918
36.4623005,6,40,13,1,56,54.0,381.86
36.558121,1,32,12,2,62,55.0,605.325
36.5581275,3,3,16,4,169,59.0,931.438
36.558148,2,1,1,0,4,51.0,31.587
36.5581585,6,1,9,1,58,52.0,263.293
39.0108615,3,1,1,0,6,45.0,10.017
39.0627115,3,8,14,7,266,60.0,1604.0
39.062718,2,1,7,1,41,57.0,513.655
39.062723,1,1,10,3,100,62.0,939.21
39.0627325,6,13,9,2,122,55.0,507.199
39.062741,5,2,3,0,2,48.0,5.628
39.126178,1,32,12,2,62,55.0,605.966
39.1261845,3,3,16,4,169,59.0,931.808
39.126203,2,1,2,0,1,53.0,0.0
39.1262155,6,1,10,1,55,52.0,251.956
39.223022,1,9,18,4,169,57.0,1047.0
39.2230265,3,10,18,5,172,60.0,1410.0
39.223044,2,1,2,0,7,54.0,90.603
39.2230575,6,1,14,2,80,53.0,424.696
39.31877,1,9,12,3,132,55.0,659.938
39.3187745,3,10,15,4,169,58.0,925.646
39.3188135,6,1,8,1,47,51.0,227.456
39.414506,1,32,19,4,132,57.0,1039.0
39.4145105,3,9,17,5,175,61.0,1472.0
39.414528,2,1,2,0,7,55.0,89.88
39.4145405,6,40,14,2,102,54.0,468.91
39.510388,1,32,14,2,48,55.0,580.23
39.5103925,3,9,15,4,168,59.0,961.154
39.51041,2,1,2,0,7,54.0,83.792
39.5104345,6,28,9,1,43,52.0,210.155
39.606206,1,9,17,4,169,57.0,1056.0
39.6062075,3,13,18,5,175,60.0,1483.0
39.606225,2,1,3,0,7,54.0,94.626
39.6062415,6,1,13,2,77,54.0,420.599
39.702307,1,9,14,3,132,55.0,671.113
39.7023085,3,13,15,4,172,59.0,958.578
39.702326,2,1,2,0,7,52.0,68.852
39.7023505,6,1,9,1,44,52.0,211.495
42.32592,1,1,14,2,48,55.0,582.567
42.3259245,3,9,15,4,168,58.0,942.858
42.325942,2,1,2,0,4,54.0,37.952
42.3259665,6,1,9,1,41,52.0,191.353
42.421677,1,29,19,4,132,57.0,1035.0
42.4216815,3,9,18,5,222,61.0,1496.0
42.421699,2,1,4,0,9,57.0,158.178
42.4217115,6,40,13,3,118,54.0,480.955
42.517721,1,9,12,3,132,55.0,668.652
42.5177255,3,10,15,4,169,59.0,934.959
42.5177565,6,1,10,1,55,51.0,248.817
42.613458,1,32,19,4,132,57.0,1041.0
42.6134625,3,9,17,5,175,61.0,1473.0
42.61348,2,1,3,0,7,54.0,98.751
42.6134925,6,40,13,3,118,54.0,485.023
42.709214,1,9,12,2,60,55.0,593.978
42.7092185,3,3,15,4,169,59.0,927.071
42.709236,2,1,2,0,7,52.0,55.871
42.7092495,6,1,9,1,55,52.0,247.861
42.805082,1,9,19,4,166,57.0,1055.0
42.8050865,3,10,18,5,172,60.0,1384.0
42.805099,2,2,2,0,9,55.0,157.625
42.8051175,6,1,13,2,77,53.0,414.619
42.8716455,3,1,2,0,5,48.0,15.976
42.87167,1,1,1,0,1,45.0,0.0
42.901686,1,15,15,3,132,55.0,683.835
42.9016905,3,9,16,4,172,59.0,958.827
42.901708,2,1,2,0,7,53.0,72.532
42.9017325,6,1,8,1,44,52.0,209.596
44.2093095,3,2,1,0,2,45.0,3.213
45.492749,1,32,14,2,62,55.0,613.957
45.4927555,3,3,15,4,169,59.0,912.966
45.492777,2,2,2,0,3,53.0,35.582
45.4927865,6,1,9,1,55,52.0,243.671
45.588822,1,32,19,4,137,57.0,1063.0
45.5888265,3,9,17,5,171,61.0,1462.0
45.588844,2,1,3,0,9,55.0,144.375
45.5888595,6,37,13,2,115,54.0,466.821
45.684568,1,32,14,2,62,55.0,613.73
45.6845725,3,9,15,4,171,59.0,961.166
45.6846055,6,1,10,1,58,52.0,251.592
45.780331,1,9,20,4,169,57.0,1063.0
45.7803325,3,13,18,5,175,60.0,1488.0
45.780334,2,16,4,0,23,56.0,230.584
45.7803625,6,1,13,2,84,53.0,429.6
45.876112,1,32,13,2,62,55.0,611.074
45.8761165,3,9,15,4,171,59.0,966.971
45.87614,2,1,1,0,1,52.0,0.0
45.8761495,6,1,10,1,58,52.0,252.269
45.971964,1,32,20,4,137,57.0,1072.0
45.9719685,3,9,17,5,171,61.0,1468.0
45.971986,2,1,3,0,7,56.0,120.583
45.9719985,6,40,14,3,118,54.0,477.701
46.06782,1,9,13,3,132,55.0,672.042
46.0678215,3,13,15,4,172,59.0,959.037
46.067837,2,2,2,0,12,54.0,153.13
46.0678635,6,1,8,1,47,52.0,215.676
46.9344035,3,1,1,0,1,45.0,0.0
48.630476,1,9,13,3,132,55.0,672.638
48.6304805,3,10,14,4,169,59.0,900.023
48.630495,2,1,2,0,10,53.0,94.856
48.6305195,6,1,8,1,47,51.0,216.231
48.726528,1,9,19,4,169,58.0,1076.0
48.7265325,3,10,17,5,169,60.0,1412.0
48.726545,2,2,4,0,9,57.0,210.528
48.7265595,6,1,14,2,84,53.0,423.533
48.822373,1,9,12,3,132,55.0,677.128
48.8223775,3,3,14,4,169,59.0,922.539
48.82239,2,1,4,0,12,55.0,148.853
48.8224085,6,1,10,1,55,51.0,243.785
48.918476,1,11,20,4,137,57.0,1084.0
48.9184825,3,3,17,5,169,61.0,1404.0
48.918495,2,5,4,0,15,56.0,256.965
48.9185135,6,1,13,2,77,54.0,408.022
49.014243,1,9,12,3,132,55.0,679.236
49.0142475,3,10,15,4,169,59.0,913.03
49.014268,2,1,2,0,4,51.0,32.272
49.0142865,6,1,8,1,47,51.0,216.147
49.109945,1,9,18,4,132,57.0,1035.0
49.1099465,3,13,19,5,175,60.0,1471.0
49.109964,2,1,3,0,10,54.0,145.773
49.1099855,6,1,12,2,75,54.0,394.387
49.205753,1,29,14,2,62,55.0,616.885
49.2057575,3,9,14,4,171,59.0,949.024
49.205772,2,1,3,0,12,55.0,176.86
49.2057905,6,37,10,1,55,53.0,241.58
50.58255,1,1,1,0,1,47.0,0.0
51.793388,1,32,15,3,113,55.0,661.357
51.7933925,3,9,15,4,171,59.0,944.246
51.79341,2,1,3,0,1,54.0,0.0
51.7934255,6,1,10,1,58,52.0,248.57
51.889433,1,32,19,4,137,57.0,1076.0
51.8894375,3,6,18,5,171,61.0,1464.0
51.889452,2,1,3,0,12,57.0,231.292
51.8894675,6,14,13,2,80,54.0,416.149
51.985298,1,32,14,2,48,55.0,588.996
51.9853025,3,9,15,3,94,58.0,890.538
51.98532,2,1,3,0,7,54.0,88.37
51.9853445,6,28,9,1,41,52.0,186.23
52.081342,1,11,19,4,137,57.0,1082.0
52.0813485,3,3,18,5,169,61.0,1410.0
52.081361,2,1,6,0,16,57.0,235.137
52.0813795,6,11,13,2,77,54.0,403.918
52.177096,1,9,13,3,132,55.0,677.82
52.1771005,3,3,15,4,169,58.0,917.442
52.177113,2,1,3,0,12,54.0,139.526
52.1771315,6,1,9,1,55,51.0,240.729
52.272833,1,11,20,4,137,57.0,1076.0
52.2728395,3,3,18,5,169,60.0,1391.0
52.272852,2,1,3,0,12,56.0,228.577
52.2728705,6,1,13,2,77,54.0,397.53
52.368662,1,32,13,3,132,55.0,693.424
52.3686665,3,9,15,3,94,59.0,885.969
52.368684,2,1,3,0,7,54.0,79.486
52.3686965,6,1,10,1,53,52.0,221.666
53.7417465,3,1,1,0,1,45.0,0.0
53.741763,1,1,1,0,1,45.0,0.0
54.941529,1,1,13,3,132,56.0,680.797
54.9415335,3,10,15,4,162,59.0,896.119
54.941548,2,1,3,0,10,54.0,119.606
54.9415695,6,1,9,1,47,52.0,218.601
55.038357,1,11,19,4,137,57.0,1080.0
55.0383635,3,3,17,5,172,60.0,1400.0
55.038376,2,1,5,0,12,56.0,269.103
55.0383945,6,1,13,2,77,53.0,401.236
55.134433,1,9,13,3,132,56.0,679.891
55.1344375,3,10,15,3,140,59.0,876.041
55.134455,2,1,3,0,10,53.0,105.437
55.1344765,6,1,8,1,47,51.0,212.101
55.2113345,3,1,1,0,5,45.0,7.626
55.230193,1,9,19,4,135,57.0,1046.0
55.2301975,3,3,17,5,172,60.0,1397.0
55.23021,2,2,4,0,12,57.0,241.644
55.2302245,6,1,14,2,84,53.0,421.299
55.325916,1,1,14,3,132,55.0,694.959
55.3259205,3,9,16,4,168,58.0,935.455
55.325938,2,1,2,0,4,54.0,52.693
55.3259625,6,1,8,1,41,52.0,182.685
55.421743,1,32,20,4,137,57.0,1085.0
55.4217475,3,9,18,5,171,61.0,1462.0
55.421762,2,1,4,0,10,57.0,222.077
55.4217775,6,1,13,2,61,54.0,393.679
55.517585,1,32,13,3,134,55.0,703.592
55.5175915,3,3,15,4,169,59.0,914.221
55.517604,2,1,3,0,12,55.0,163.644
55.5176225,6,1,9,1,55,52.0,238.959
58.020838,1,9,12,3,132,55.0,686.577
58.0208425,3,10,16,4,169,59.0,924.963
58.020852,2,1,4,0,15,55.0,195.935
58.0208735,6,1,9,1,55,51.0,239.758
58.117673,1,29,20,4,137,57.0,1089.0
58.1176775,3,9,19,5,222,61.0,1488.0
58.117692,2,1,6,0,16,57.0,269.072
58.1177075,6,40,12,2,61,54.0,391.343
58.213421,1,1,14,3,132,55.0,692.814
58.2134255,3,9,15,3,94,58.0,879.988
58.213443,2,1,3,0,7,54.0,89.162
58.2134555,6,1,10,1,56,52.0,239.076
58.30916,1,1,21,4,135,57.0,1080.0
58.3091645,3,9,19,5,168,60.0,1454.0
58.309182,2,1,5,0,13,55.0,211.218
58.3091945,6,40,13,2,118,54.0,461.515
58.404959,1,32,13,3,132,55.0,692.968
58.4049635,3,9,15,4,168,59.0,939.969
58.404981,2,1,3,0,7,54.0,98.626
58.4049935,6,40,10,1,55,52.0,235.86
58.500792,1,32,19,4,137,57.0,1080.0
58.5007965,3,9,17,5,171,61.0,1471.0
58.500811,2,1,5,0,10,57.0,205.914
58.5008265,6,14,14,2,80,54.0,407.046
58.596636,1,9,13,3,132,55.0,684.054
58.5966405,3,10,16,3,140,58.0,869.706
58.596655,2,1,3,0,10,53.0,118.468
58.5966765,6,1,9,1,47,52.0,217.626
61.060962,1,9,14,3,132,56.0,682.846
61.0609665,3,10,16,3,88,58.0,822.159
61.060981,2,1,3,0,10,54.0,121.589
61.0610055,6,1,9,1,44,52.0,201.859
61.156678,1,11,19,4,137,57.0,1088.0
61.1566845,3,4,19,5,169,60.0,1395.0
61.156697,2,1,7,2,72,58.0,497.374
61.1567155,6,11,12,2,77,54.0,393.041
61.252429,1,32,13,3,132,55.0,699.94
61.2524335,3,9,17,4,168,58.0,928.838
61.252451,2,1,4,0,13,54.0,158.438
61.2524755,6,1,8,1,41,52.0,180.764
61.348197,1,9,17,4,132,57.0,1035.0
61.3482015,3,10,19,5,223,60.0,1417.0
61.348216,2,1,6,0,13,56.0,228.777
61.3482285,6,1,13,2,59,54.0,383.213
61.444062,1,32,13,2,62,55.0,622.268
61.4440665,3,9,16,4,171,58.0,952.09
61.444081,2,1,3,0,10,55.0,146.079
61.4440995,6,1,9,1,55,52.0,236.12
61.539918,1,9,19,4,135,57.0,1052.0
61.5399225,3,10,18,5,223,60.0,1435.0
61.539932,2,1,6,0,15,57.0,316.832
61.5399495,6,1,13,2,84,53.0,419.25
61.63596,1,11,12,3,134,55.0,705.907
61.6359665,3,10,15,4,223,58.0,939.927
61.635979,2,5,4,0,15,56.0,213.816
61.6360055,6,1,8,1,47,51.0,212.941
64.14969,1,32,14,2,62,55.0,622.007
64.1496945,3,9,15,4,168,59.0,942.26
64.149715,2,1,3,0,4,53.0,45.724
64.1497275,6,37,9,1,55,52.0,236.968
64.246532,1,9,18,4,135,57.0,1053.0
64.2465365,3,3,20,5,223,60.0,1418.0
64.246549,2,2,4,0,15,58.0,317.947
64.2465635,6,1,13,2,84,53.0,417.319
64.342382,1,32,14,2,62,55.0,619.627
64.3423865,3,9,16,4,171,59.0,948.915
64.342404,2,1,3,0,7,56.0,89.942
64.3424195,6,1,9,1,55,52.0,239.365
64.438484,1,32,20,4,140,57.0,1105.0
64.4384885,3,9,18,5,171,61.0,1464.0
64.438503,2,1,5,0,12,57.0,259.749
64.4385185,6,1,13,2,61,54.0,388.699
64.534166,1,11,13,3,137,55.0,711.872
64.5341725,3,3,16,4,169,59.0,919.217
64.534185,2,1,4,0,12,55.0,179.995
64.5342035,6,1,9,1,55,51.0,239.189
64.5987245,3,1,1,0,1,45.0,0.0
64.629931,1,12,18,4,135,57.0,1082.0
64.6299355,3,13,19,5,168,60.0,1449.0
64.629953,2,1,5,0,13,56.0,249.655
64.6299655,6,1,13,2,118,54.0,461.571
67.325661,1,29,12,2,48,55.0,589.959
67.3256655,3,9,16,4,171,59.0,956.827
67.32568,2,1,5,0,12,55.0,205.609
67.3256985,6,1,9,1,52,52.0,226.876
67.42167,1,9,19,5,182,57.0,1108.0
67.4216745,3,3,20,5,169,60.0,1374.0
67.421689,2,1,5,0,10,56.0,226.006
67.4217055,6,1,13,2,80,53.0,400.063
67.518545,1,9,14,3,132,55.0,688.016
67.5185495,3,10,16,3,92,58.0,836.703
67.518564,2,1,4,0,10,55.0,126.655
67.5185805,6,1,9,1,55,51.0,237.02
67.61428,1,12,18,4,135,57.0,1084.0
67.6142845,3,13,19,5,168,60.0,1452.0
67.614297,2,1,7,1,18,56.0,388.961
67.6143145,6,1,12,2,118,54.0,457.962
67.710091,1,32,14,2,48,55.0,598.385
67.7100955,3,9,16,4,168,59.0,952.526
67.710113,2,1,4,0,13,55.0,178.746
67.7101285,6,1,10,1,58,52.0,247.877
67.805797,1,12,19,4,135,57.0,1082.0
67.8058015,3,13,20,5,168,60.0,1437.0
67.805819,2,1,5,0,13,57.0,241.169
67.8058315,6,1,12,2,118,54.0,452.093
70.521503,1,1,13,3,132,55.0,698.207
70.5215105,3,10,15,3,91,58.0,833.009
70.521525,2,1,4,0,10,54.0,127.833
70.5215375,6,1,9,1,56,52.0,237.724
70.618368,1,32,19,4,137,57.0,1090.0
70.6183725,3,9,18,5,171,61.0,1461.0
70.618387,2,1,6,0,10,58.0,271.009
70.6184055,6,1,12,1,55,54.0,361.926
70.714118,1,12,13,3,132,55.0,689.918
70.7141195,3,13,15,3,94,59.0,887.069
70.714137,2,1,2,0,10,55.0,154.493
70.7141615,6,1,8,1,44,52.0,198.843
70.809988,1,32,20,4,140,57.0,1100.0
70.8099925,3,9,20,5,171,60.0,1459.0
70.809996,2,1,8,1,27,56.0,433.203
70.8100225,6,40,12,2,118,54.0,451.025
70.905809,1,32,13,3,132,55.0,695.179
70.9058135,3,9,16,4,168,58.0,951.42
70.905831,2,1,3,0,10,55.0,142.224
70.9058465,6,37,8,1,47,52.0,196.312
71.001905,1,32,19,4,137,57.0,1098.0
71.0019095,3,9,19,6,229,61.0,1502.0
71.001916,2,1,9,1,24,57.0,410.321
71.0019395,6,1,12,1,58,54.0,374.161
71.7378785,3,1,1,0,1,45.0,0.0
73.629426,1,12,12,3,132,55.0,687.416
73.6294305,3,10,16,3,92,58.0,842.143
73.629443,2,1,4,0,12,56.0,210.661
73.6294615,6,1,9,1,55,51.0,232.173
73.726261,1,32,19,4,140,57.0,1102.0
73.7262655,3,9,19,5,171,60.0,1468.0
73.726283,2,1,8,0,13,57.0,258.482
73.7262955,6,40,12,2,61,54.0,390.357
73.822404,1,9,13,3,132,55.0,683.183
73.8224085,3,10,17,4,162,58.0,899.677
73.822412,2,1,6,0,21,55.0,247.842
73.8224445,6,1,9,1,47,52.0,214.848
73.918959,1,1,19,4,135,57.0,1083.0
73.9189635,3,13,19,6,229,60.0,1506.0
73.918976,2,1,8,1,18,57.0,402.809
73.9189935,6,40,13,2,61,54.0,388.115
74.015026,1,32,13,2,48,55.0,594.542
74.0150305,3,9,16,4,171,59.0,943.729
74.015051,2,1,3,0,10,55.0,138.859
74.0150635,6,1,9,1,52,52.0,225.898
74.110744,1,32,18,4,137,57.0,1095.0
74.1107505,3,3,20,5,223,61.0,1449.0
74.110763,2,1,7,0,12,59.0,357.131
74.1107815,6,11,13,1,55,53.0,365.085
76.680637,1,9,13,3,132,55.0,689.531
76.6806415,3,10,16,4,165,58.0,904.566
76.680651,2,1,4,0,18,56.0,270.334
76.6806775,6,1,8,1,47,52.0,217.888
76.777475,1,32,20,4,137,57.0,1093.0
76.7774795,3,9,20,6,229,60.0,1506.0
76.777489,2,2,7,1,21,58.0,467.537
76.7775125,6,1,12,1,55,54.0,364.923
76.873224,1,32,12,3,137,55.0,710.843
76.8732285,3,9,17,4,171,59.0,947.744
76.873243,2,1,4,0,13,55.0,191.866
76.8732615,6,1,9,1,55,52.0,236.598
76.96905,1,9,17,4,135,57.0,1055.0
76.9690545,3,3,18,5,223,60.0,1439.0
76.969064,2,5,7,3,101,58.0,734.124
76.9690815,6,1,11,1,59,53.0,380.147
77.064916,1,9,13,3,132,55.0,685.812
77.0649205,3,10,16,3,88,58.0,831.606
77.064933,2,2,4,0,18,55.0,238.874
77.0649565,6,1,8,1,47,52.0,215.59
77.161011,1,32,19,4,140,57.0,1097.0
77.1610155,3,9,19,5,168,60.0,1464.0
77.161033,2,1,6,0,16,57.0,326.262
77.1610455,6,40,13,2,95,54.0,426.175
79.77653,1,9,13,3,132,55.0,681.825
79.7765345,3,3,16,3,140,58.0,877.705
79.776547,2,1,5,0,12,56.0,201.725
79.7765655,6,1,9,1,52,52.0,226.188
79.872385,1,9,18,4,135,57.0,1046.0
79.872388,2,16,11,1,26,58.0,474.281
79.8723895,3,3,19,5,165,61.0,1403.0
79.8724165,6,1,13,2,118,53.0,451.484
79.969223,1,32,13,2,48,56.0,590.141
79.9692275,3,9,16,4,171,58.0,968.56
79.969245,2,1,4,0,13,56.0,205.773
79.9692605,6,37,8,1,52,52.0,226.569
80.065081,1,32,20,4,137,57.0,1081.0
80.0650855,3,9,18,5,171,61.0,1473.0
80.0651,2,1,8,1,19,57.0,385.079
80.0651155,6,1,12,1,58,54.0,373.747
80.161161,1,9,13,3,132,55.0,680.97
80.1611655,3,10,16,3,91,59.0,839.352
80.161172,2,8,5,1,21,56.0,338.84
80.1612045,6,1,8,1,44,52.0,198.653
80.256901,1,29,18,4,135,57.0,1079.0
80.2569055,3,13,19,5,171,60.0,1480.0
80.256912,2,1,8,3,107,58.0,855.34
80.2569355,6,40,11,2,61,54.0,387.798
82.923639,1,32,13,3,137,56.0,709.032
82.9236435,3,9,17,3,139,58.0,922.195
82.923653,2,10,6,0,15,57.0,291.026
82.9236765,6,1,9,1,44,52.0,185.921
83.020522,1,32,19,4,140,57.0,1083.0
83.0205265,3,9,20,5,171,60.0,1483.0
83.020533,2,8,10,3,86,58.0,762.123
83.0205565,6,40,12,2,58,54.0,371.666
83.116246,1,29,13,3,132,55.0,686.44
83.1162505,3,9,17,3,94,59.0,892.705
83.116268,2,1,5,0,13,55.0,177.479
83.1162895,6,31,8,1,44,52.0,203.643
83.211991,1,29,18,4,140,57.0,1087.0
83.2119955,3,9,20,5,222,60.0,1515.0
83.212002,2,1,12,3,83,58.0,772.733
83.2120255,6,40,12,2,58,54.0,377.257
83.307853,1,26,12,3,129,55.0,667.641
83.3078545,3,13,18,3,94,59.0,906.847
83.307872,2,1,5,0,16,54.0,196.66
83.3078845,6,1,9,1,53,52.0,232.329
83.403685,1,32,19,4,140,57.0,1083.0
83.4036895,3,9,18,5,171,60.0,1490.0
83.403704,2,1,7,1,19,57.0,417.61
83.4037195,6,40,13,2,58,54.0,377.751
86.095575,1,32,13,3,137,55.0,700.305
86.0955795,3,9,16,3,97,59.0,909.897
86.095594,2,1,5,0,16,56.0,277.472
86.0956125,6,1,9,1,55,52.0,237.431
86.1921,1,9,17,4,135,57.0,1042.0
86.1921045,3,3,19,5,165,60.0,1418.0
86.192114,2,5,9,3,104,58.0,841.12
86.1921315,6,1,12,2,84,53.0,415.67
86.288167,1,32,13,3,137,55.0,704.552
86.2881715,3,9,17,4,142,59.0,932.066
86.288186,2,1,6,0,16,56.0,255.61
86.2882045,6,1,9,1,55,52.0,238.973
86.385056,1,9,17,4,135,57.0,1043.0
86.3850605,3,3,20,5,223,60.0,1473.0
86.38507,2,5,9,3,98,59.0,941.492
86.3850875,6,1,12,2,118,54.0,458.78
86.480778,1,32,13,2,48,55.0,586.403
86.4807855,3,6,16,4,165,58.0,919.921
86.4808,2,1,6,0,16,56.0,222.755
86.4808125,6,40,9,1,53,52.0,229.587
86.576577,1,32,19,4,140,57.0,1086.0
86.5765815,3,9,19,6,225,61.0,1522.0
86.576596,2,1,8,3,98,57.0,758.326
86.5766115,6,1,13,2,58,54.0,382.766
89.263532,1,32,12,3,132,55.0,676.206
89.2635365,3,9,17,4,168,58.0,963.418
89.263554,2,1,6,0,16,58.0,291.686
89.2635665,6,40,9,1,53,52.0,227.782
89.360122,1,9,18,4,132,57.0,1018.0
89.3601265,3,3,20,5,165,60.0,1436.0
89.360136,2,5,8,3,101,58.0,932.234
89.3601535,6,1,13,2,84,53.0,422.424
89.456141,1,1,13,3,137,55.0,698.966
89.4561455,3,9,17,4,142,59.0,964.24
89.45616,2,1,6,0,12,58.0,263.544
89.4561785,6,11,9,1,52,52.0,233.861
89.551883,1,11,17,5,184,57.0,1108.0
89.5518875,3,5,19,5,164,61.0,1492.0
89.551899,2,5,9,3,101,58.0,899.239
89.5519165,6,15,12,1,59,53.0,376.623
89.647635,1,9,13,3,132,55.0,665.98
89.6476395,3,10,16,4,223,58.0,957.736
89.647652,2,2,5,1,18,56.0,320.598
89.6476755,6,1,8,1,47,52.0,219.725
89.743483,1,32,19,4,137,57.0,1062.0
89.7434875,3,9,19,6,225,61.0,1544.0
89.743502,2,5,8,3,95,58.0,783.059
89.7435175,6,14,12,2,58,54.0,381.514
92.426439,1,9,13,3,132,55.0,662.241
92.4264435,3,10,17,3,89,58.0,844.262
92.426456,2,2,5,0,15,56.0,289.506
92.4264825,6,1,7,1,44,52.0,196.953
92.522178,1,11,17,4,137,57.0,1058.0
92.5221845,3,3,20,5,162,60.0,1438.0
92.522191,2,8,11,3,104,58.0,932.641
92.5222115,6,1,11,2,59,53.0,385.18
92.619048,1,32,12,3,132,55.0,672.755
92.6190525,3,9,16,3,97,59.0,938.728
92.619067,2,1,7,1,19,57.0,323.603
92.6190915,6,31,8,1,44,51.0,203.086
92.714811,1,32,19,4,140,57.0,1067.0
92.7148155,3,13,20,5,171,60.0,1507.0
92.714819,2,11,12,3,89,58.0,996.765
92.7148455,6,40,12,1,56,54.0,363.562
92.810542,1,32,13,3,137,55.0,690.396
92.8105465,3,9,17,4,142,59.0,956.769
92.810561,2,1,7,0,13,55.0,217.1
92.8105795,6,11,9,1,52,52.0,231.345
93.5515185,3,1,1,0,4,48.0,10.434
93.551531,1,4,1,0,5,46.0,18.014
95.583151,1,32,13,3,137,55.0,691.26
95.5831555,3,9,16,4,164,58.0,990.081
95.583165,2,10,9,3,97,57.0,675.831
95.5831885,6,1,9,1,52,52.0,230.834
95.680037,1,32,19,4,137,57.0,1062.0
95.6800415,3,9,19,6,225,60.0,1550.0
95.680051,2,1,11,3,100,59.0,1038.0
95.6800745,6,1,11,1,55,53.0,358.969
95.775763,1,32,12,3,137,55.0,698.58
95.7757705,3,10,17,3,136,59.0,912.801
95.775771,2,1,9,1,27,57.0,424.003
95.7757975,6,40,9,1,53,52.0,227.121
95.871671,1,32,18,4,137,57.0,1060.0
95.8716755,3,9,19,6,229,61.0,1545.0
95.871679,2,19,12,3,103,58.0,953.725
95.8717055,6,1,13,2,58,54.0,373.572
95.967457,1,32,13,3,137,55.0,691.18
95.9674615,3,9,17,3,94,59.0,911.357
95.967476,2,5,7,0,12,57.0,227.842
95.9674945,6,11,9,1,52,52.0,229.311
98.782109,1,32,15,3,137,55.0,702.696
98.7821135,3,9,17,4,142,59.0,975.685
98.782128,2,1,7,1,31,56.0,403.064
98.7821465,6,1,8,1,47,52.0,202.976
98.878966,1,29,19,4,140,57.0,1081.0
98.8789705,3,13,20,5,171,60.0,1544.0
98.878974,2,1,12,4,110,58.0,1067.0
98.8790005,6,40,12,1,56,54.0,369.64
98.974737,1,9,14,3,132,55.0,666.931
98.9747415,3,3,16,4,140,58.0,924.948
98.974751,2,1,8,1,33,57.0,455.298
98.9747775,6,1,8,1,47,52.0,212.916
99.070453,1,32,20,4,140,57.0,1078.0
99.0704575,3,9,19,6,225,60.0,1541.0
99.070464,2,8,12,4,103,58.0,1033.0
99.0704875,6,40,10,2,58,54.0,372.587
99.166316,1,9,13,3,132,55.0,670.775
99.1663205,3,3,15,3,92,59.0,878.41
99.166333,2,2,5,0,12,57.0,262.781
99.1663595,6,1,7,1,44,52.0,195.915
101.919921,1,11,13,3,134,55.0,693.683
101.9199275,3,3,16,4,140,59.0,933.76
101.91994,2,2,4,0,12,56.0,249.716
101.9199665,6,1,7,1,44,52.0,200.083
102.01597,1,9,17,4,137,57.0,1048.0
102.0159745,3,3,19,6,226,61.0,1519.0
102.015975,2,14,13,4,110,58.0,1092.0
102.0160015,6,1,12,1,56,53.0,368.31
102.112842,1,9,13,3,132,55.0,673.931
102.1128465,3,3,16,4,136,59.0,934.133
102.112859,2,1,7,3,101,57.0,635.439
102.1128855,6,1,7,1,44,52.0,198.178
102.208581,1,12,19,4,140,57.0,1090.0
102.2085885,3,10,20,5,222,60.0,1501.0
102.208589,2,14,13,4,110,58.0,1157.0
102.2086155,6,40,13,1,56,54.0,372.744
102.304348,1,1,14,3,134,55.0,693.038
102.3043545,3,7,17,4,140,59.0,936.987
102.304367,2,1,7,3,95,58.0,630.302
102.3043935,6,1,7,1,44,52.0,201.886
104.963978,1,1,15,3,134,55.0,690.459
104.9639825,3,9,16,3,94,59.0,938.036
104.963997,2,1,8,3,98,56.0,623.196
104.9640155,6,11,8,1,52,52.0,233.846
105.060062,1,11,18,4,134,57.0,1059.0
105.0600665,3,5,20,5,167,61.0,1534.0
105.060072,2,11,13,4,104,59.0,1141.0
105.0600955,6,1,11,1,56,54.0,372.892
105.155786,1,32,15,3,137,55.0,703.118
105.1557905,3,1,16,3,94,59.0,931.884
105.1558,2,1,10,1,24,58.0,460.531
105.1558235,6,1,8,1,47,52.0,211.189
105.251532,1,32,20,4,140,57.0,1086.0
105.2515365,3,13,21,6,225,60.0,1588.0
105.25154,2,1,12,4,110,57.0,1138.0
105.2515665,6,40,13,1,56,54.0,374.698
105.347361,1,9,14,3,129,55.0,654.183
105.3473655,3,3,16,3,91,59.0,902.748
105.347372,2,8,8,1,21,57.0,412.506
105.3474015,6,1,8,1,47,52.0,222.117
108.107722,1,11,14,3,134,54.0,690.726
108.1077285,3,3,15,3,89,58.0,893.086
108.107735,2,1,7,1,27,57.0,503.056
108.1077675,6,1,7,1,44,52.0,203.707
108.203801,1,9,19,4,137,56.0,1039.0
108.203804,2,16,14,4,115,58.0,1331.0
108.2038055,3,10,19,5,165,60.0,1483.0
108.2038325,6,1,12,1,56,54.0,375.307
108.299624,1,29,15,3,137,55.0,699.037
108.2996285,3,13,17,4,142,59.0,995.076
108.299635,2,1,10,3,103,57.0,770.194
108.2996615,6,37,8,1,50,52.0,225.659
108.395438,1,11,19,4,134,56.0,1049.0
108.395443,2,16,14,4,115,60.0,1286.0
108.3954445,3,3,21,5,165,61.0,1519.0
108.3954715,6,1,12,1,56,54.0,375.342
108.491357,1,9,15,3,129,55.0,650.158
108.4913615,3,10,16,4,136,59.0,943.366
108.491371,2,5,8,1,18,57.0,398.839
108.4913885,6,1,8,1,56,52.0,248.851
111.281814,1,32,15,3,137,55.0,692.285
111.2818185,3,9,16,4,142,58.0,996.498
111.281828,2,1,10,1,27,56.0,463.566
111.2818515,6,1,8,1,52,52.0,239.713
111.378648,1,32,19,4,137,57.0,1056.0
111.3786525,3,9,21,5,167,61.0,1570.0
111.378659,2,1,15,4,106,59.0,1207.0
111.3786825,6,14,13,3,133,54.0,480.584
111.474512,1,1,14,3,134,55.0,687.704
111.4745165,3,9,16,4,138,59.0,992.94
111.474528,2,8,8,1,22,57.0,442.477
111.4745495,6,1,8,1,52,52.0,238.594
111.570585,1,9,18,4,137,56.0,1036.0
111.5705895,3,3,21,5,165,61.0,1522.0
111.57059,2,14,14,5,113,59.0,1421.0
111.5706165,6,1,13,1,56,54.0,384.013
111.666331,1,32,15,3,137,55.0,695.405
111.6663355,3,9,17,4,142,59.0,1001.0
111.666345,2,1,10,3,100,57.0,817.68
111.6663685,6,1,9,1,50,52.0,227.927
114.421754,1,32,15,3,137,55.0,691.409
114.4217585,3,9,17,4,142,59.0,1000.0
114.421762,2,1,9,3,106,57.0,810.387
114.4217915,6,1,8,1,44,52.0,200.852
114.518587,1,11,19,4,139,56.0,1061.0
114.518592,2,16,15,5,115,59.0,1436.0
114.5185935,3,3,21,5,165,61.0,1537.0
114.5186205,6,1,13,1,56,54.0,387.731
114.614681,1,29,16,3,137,55.0,694.663
114.6146885,3,6,14,4,139,59.0,960.654
114.614692,2,1,9,3,106,57.0,876.884
114.6147185,6,1,8,1,47,52.0,211.75
114.710399,1,11,18,4,139,56.0,1060.0
114.7104055,3,3,21,5,165,61.0,1551.0
114.71041,2,13,14,4,109,60.0,1378.0
114.7104325,6,1,14,1,56,54.0,381.434
114.80615,1,12,14,3,132,54.0,661.307
114.8061525,3,2,16,3,93,59.0,959.398
114.806158,2,1,9,3,110,58.0,905.839
114.8061935,6,1,7,1,44,52.0,205.785
117.58066,1,1,15,3,134,55.0,673.745
117.5806645,3,9,17,4,142,59.0,1022.0
117.580674,2,1,9,1,33,58.0,594.259
117.5806975,6,11,8,1,52,52.0,238.574
117.677497,1,26,19,4,137,57.0,1018.0
117.677501,2,15,14,5,114,59.0,1441.0
117.6775015,3,10,20,5,143,60.0,1495.0
117.6775285,6,1,14,1,56,54.0,384.442
117.773628,1,32,15,3,134,55.0,674.125
117.7736325,3,9,16,4,142,59.0,1022.0
117.773642,2,1,10,1,33,57.0,549.917
117.7736655,6,11,8,1,52,52.0,241.822
117.869389,1,11,19,4,139,56.0,1052.0
117.8693935,3,5,21,5,167,61.0,1594.0
117.869394,2,16,15,5,112,59.0,1392.0
117.8694225,6,1,14,1,56,54.0,380.617
117.96511,1,11,16,3,134,54.0,674.573
117.9651165,3,3,16,4,139,59.0,973.991
117.965126,2,5,10,3,101,57.0,815.407
117.9651555,6,1,7,1,44,52.0,206.514
119.2327955,3,2,1,0,2,45.0,6.846
120.725599,1,26,13,3,134,55.0,656.549
120.7256035,3,10,16,4,139,59.0,995.667
120.725607,2,1,13,2,39,58.0,684.816
120.7256305,6,40,8,1,56,52.0,253.098
120.821636,1,32,19,5,184,57.0,1083.0
120.8216405,3,13,22,5,167,60.0,1607.0
120.821644,2,11,15,5,110,60.0,1521.0
120.8216705,6,1,13,3,133,54.0,484.753
120.918513,1,9,14,3,129,54.0,631.787
120.9185175,3,3,16,3,89,59.0,910.147
120.918525,2,7,10,1,21,57.0,496.723
120.9185565,6,1,7,1,44,52.0,206.986
121.014271,1,11,19,4,139,56.0,1061.0
121.0142775,3,3,22,5,165,61.0,1557.0
121.014281,2,11,12,4,107,59.0,1343.0
121.0143045,6,1,13,1,56,54.0,390.171
123.792743,1,9,15,3,134,54.0,658.214
123.7927475,3,10,16,4,139,59.0,998.261
123.792754,2,8,10,1,21,58.0,510.164
123.7927835,6,1,8,1,47,52.0,232.464
123.888503,1,11,19,4,139,56.0,1039.0
123.8885075,3,9,19,5,167,61.0,1620.0
123.888511,2,2,15,5,109,60.0,1521.0
123.8885365,6,1,14,1,56,54.0,389.152
123.984571,1,9,14,3,129,54.0,633.778
123.9845755,3,2,15,4,139,59.0,1007.0
123.984585,2,8,9,3,104,57.0,880.557
123.9846115,6,1,8,1,47,52.0,232.358
124.080287,1,32,19,4,137,57.0,1040.0
124.0802915,3,9,20,5,167,60.0,1642.0
124.080295,2,11,15,5,113,59.0,1547.0
124.0803215,6,14,11,3,133,54.0,488.091
125.1757445,3,1,1,0,1,45.0,0.0
126.85952,1,29,16,3,134,55.0,656.335
126.8595245,3,10,15,4,139,59.0,981.059
126.859525,2,1,10,4,106,57.0,1015.0
126.8595545,6,37,8,1,47,52.0,217.603
126.955555,1,32,21,5,184,57.0,1087.0
126.9555595,3,13,21,5,167,61.0,1640.0
126.955563,2,14,16,5,113,59.0,1654.0
126.9555895,6,40,13,3,133,54.0,485.397
127.051416,1,26,15,3,134,55.0,653.587
127.0514205,3,10,15,4,139,59.0,1003.0
127.051421,2,14,11,3,89,58.0,917.084
127.0514475,6,1,8,1,56,52.0,251.738
127.147453,1,11,20,4,139,56.0,1048.0
127.1474575,3,9,21,5,145,61.0,1604.0
127.147463,2,1,14,5,110,59.0,1553.0
127.1474865,6,1,13,1,56,54.0,385.0
130.032714,1,29,16,3,134,55.0,658.751
130.0327185,3,10,17,4,139,59.0,1008.0
130.032719,2,1,12,2,45,57.0,785.338
130.0327455,6,40,9,1,50,52.0,229.208
130.129602,1,32,21,5,187,56.0,1106.0
130.1296095,3,10,21,5,164,60.0,1590.0
130.12961,2,14,15,5,106,61.0,1610.0
130.1296365,6,40,13,3,150,54.0,507.226
130.225319,1,32,17,3,134,55.0,674.47
130.2253235,3,13,18,4,142,59.0,1056.0
130.225333,2,1,12,3,100,58.0,963.696
130.2253565,6,1,8,1,44,52.0,207.417
130.321146,1,29,21,5,187,57.0,1105.0
130.321152,2,2,15,5,112,60.0,1724.0
130.3211535,3,10,22,5,164,60.0,1589.0
130.3211805,6,40,13,3,150,54.0,513.359
133.1701145,3,1,1,0,1,45.0,0.0
133.170129,1,1,1,0,1,45.0,0.0
133.211497,1,32,16,3,134,55.0,676.39
133.2115015,3,9,16,4,142,59.0,1063.0
133.211505,2,1,12,4,106,58.0,1071.0
133.2115345,6,11,9,1,52,53.0,247.481
133.308337,1,26,21,5,184,56.0,1073.0
133.30834,2,16,16,5,115,61.0,1783.0
133.3083415,3,10,21,5,164,61.0,1618.0
133.3083685,6,40,13,3,150,54.0,515.856
133.404201,1,11,17,3,136,54.0,687.464
133.4042075,3,3,17,4,139,59.0,1020.0
133.404217,2,1,10,3,87,58.0,869.377
133.4042345,6,1,9,1,56,52.0,254.063
133.500353,1,32,21,4,137,57.0,1050.0
133.5003575,3,13,21,6,167,61.0,1681.0
133.500359,2,13,14,5,108,59.0,1779.0
133.5003875,6,1,14,1,52,54.0,374.328
136.359672,1,29,16,3,131,55.0,651.491
136.3596765,3,10,16,4,135,59.0,1019.0
136.359677,2,14,13,4,106,58.0,1197.0
136.3597035,6,1,9,1,47,52.0,220.581
136.455387,1,1,21,5,183,56.0,1108.0
136.4553915,3,9,21,5,145,61.0,1649.0
136.455392,2,11,17,5,112,60.0,1800.0
136.4554205,6,1,14,3,136,54.0,501.13
136.551136,1,1,17,3,139,54.0,697.716
136.5511405,3,9,18,4,141,59.0,1076.0
136.551144,2,1,13,3,89,59.0,1004.0
136.5511735,6,1,10,1,52,52.0,248.757
136.646961,1,26,21,5,184,56.0,1076.0
136.6469655,3,3,20,5,164,61.0,1634.0
136.646969,2,11,14,5,107,61.0,1715.0
136.6469925,6,40,13,3,150,54.0,519.1
137.4006355,3,2,1,0,41,47.0,35.086
137.400644,1,1,2,0,1,46.0,0.0
139.531571,1,29,18,3,134,55.0,675.095
139.5315755,3,9,17,4,145,59.0,1083.0
139.531579,2,11,13,3,89,57.0,1028.0
139.5316085,6,1,9,1,49,52.0,233.846
139.628434,1,29,20,5,181,56.0,1067.0
139.6284385,3,3,21,5,164,60.0,1631.0
139.628439,2,1,16,6,113,60.0,1903.0
139.6284655,6,40,15,2,56,54.0,393.536
139.724206,1,26,17,3,131,54.0,641.583
139.7242105,3,10,17,4,139,59.0,1027.0
139.724211,2,1,14,4,106,58.0,1161.0
139.7242405,6,1,11,1,44,52.0,211.127
139.819919,1,8,22,5,186,56.0,1097.0
139.819924,2,16,16,5,112,61.0,1894.0
139.8199255,3,4,22,5,164,61.0,1642.0
139.8199525,6,40,14,3,153,54.0,528.379
142.68224,1,1,18,3,136,54.0,676.096
142.6822445,3,9,19,4,145,59.0,1090.0
142.682251,2,1,12,4,97,59.0,1153.0
142.6822855,6,1,9,2,121,52.0,276.785
142.778089,1,32,22,4,139,56.0,1042.0
142.778095,2,13,17,6,140,59.0,2087.0
142.7780965,3,10,21,5,150,61.0,1638.0
142.7781235,6,14,14,2,83,54.0,439.582
142.874936,1,9,17,3,134,54.0,658.267
142.8749385,3,5,18,4,141,59.0,1091.0
142.874947,2,11,12,4,107,58.0,1207.0
142.8749675,6,40,10,1,56,53.0,257.543
142.971,1,32,22,4,139,57.0,1045.0
142.9710045,3,13,22,5,149,61.0,1685.0
142.971008,2,11,16,5,113,61.0,1903.0
142.9710345,6,14,14,2,83,54.0,435.086
142.971051,5,1,1,0,1,45.0,0.0
145.79543,1,5,18,3,136,54.0,671.729
145.795432,2,1,14,4,106,58.0,1257.0
145.7954345,3,2,17,4,148,59.0,1103.0
145.7954635,6,40,10,1,56,52.0,256.392
145.891169,1,32,21,4,139,56.0,1037.0
145.8911735,3,9,22,5,149,60.0,1694.0
145.891177,2,11,16,5,112,59.0,1939.0
145.8912025,6,1,13,3,150,54.0,525.206
145.988046,1,1,18,3,139,54.0,680.078
145.9880505,3,9,18,4,145,59.0,1095.0
145.988054,2,11,13,4,103,58.0,1234.0
145.9880835,6,1,9,2,132,52.0,314.199
146.083803,1,32,22,4,139,56.0,1039.0
146.0838075,3,13,22,6,167,61.0,1728.0
146.083811,2,1,16,5,106,60.0,1936.0
146.0838375,6,14,14,3,135,54.0,488.256
148.864115,1,6,18,3,131,54.0,631.657
148.8641195,3,10,17,4,146,59.0,1076.0
148.86412,2,14,13,4,106,58.0,1231.0
148.8641495,6,1,11,1,41,53.0,206.841
148.960136,1,8,20,5,186,56.0,1086.0
148.9601405,3,9,21,6,213,61.0,1764.0
148.960141,2,16,17,6,115,60.0,2021.0
148.9601695,6,40,15,3,153,54.0,526.452
149.055984,1,29,18,3,131,55.0,624.968
149.055984,2,1,15,4,118,58.0,1334.0
149.0559885,3,10,17,4,146,59.0,1075.0
149.0560185,6,11,11,2,132,52.0,314.323
151.934156,1,1,18,3,136,54.0,659.612
151.9341605,3,9,18,4,148,59.0,1115.0
151.934161,2,1,15,5,115,59.0,1412.0
151.9341895,6,40,11,1,56,53.0,256.992
152.030183,1,32,21,5,186,56.0,1074.0
152.0301875,3,13,22,6,213,61.0,1789.0
152.030191,2,11,18,5,103,59.0,1980.0
152.0302205,6,1,13,3,149,54.0,515.397
152.127035,1,6,18,3,131,54.0,625.54
152.1270395,3,10,17,4,142,59.0,1076.0
152.127043,2,1,14,2,42,59.0,965.144
152.1270695,6,1,10,1,41,53.0,209.466
155.026454,1,8,18,3,133,54.0,641.024
155.026459,2,19,15,4,103,59.0,1369.0
155.0264605,3,10,18,4,146,59.0,1098.0
155.0264875,6,40,11,1,53,53.0,247.129
155.122213,1,32,21,5,186,56.0,1062.0
155.1222175,3,13,23,6,166,60.0,1762.0
155.122221,2,11,18,5,109,60.0,2027.0
155.1222505,6,1,12,3,149,54.0,523.695
155.218258,1,1,18,4,183,54.0,691.411
155.2182625,3,9,18,4,148,59.0,1131.0
155.218266,2,11,16,4,109,58.0,1339.0
155.2183035,6,1,9,2,141,52.0,311.369
158.115223,1,1,19,3,133,54.0,614.77
158.1152275,3,10,17,4,142,59.0,1082.0
158.115228,2,1,14,2,45,59.0,1030.0
158.1152575,6,1,11,2,146,52.0,334.563
158.211229,1,1,21,5,186,55.0,1046.0
158.2112335,3,9,24,7,216,61.0,1822.0
158.211234,2,1,17,6,112,60.0,2119.0
158.2112625,6,40,14,3,153,54.0,535.432
158.307093,1,29,17,3,133,54.0,617.287
158.3070945,3,13,17,4,148,59.0,1128.0
158.307098,2,11,16,4,98,58.0,1252.0
158.3071275,6,1,10,2,149,52.0,338.337
161.269126,1,2,17,3,133,54.0,626.067
161.2691305,3,2,20,4,148,59.0,1144.0
161.269131,2,25,16,5,115,58.0,1490.0
161.2691595,6,1,10,2,135,53.0,326.381
161.365153,1,1,20,4,133,55.0,949.713
161.3651575,3,9,24,5,151,61.0,1742.0
161.365161,2,8,16,7,140,60.0,2303.0
161.3651865,6,40,14,3,135,55.0,490.716
161.462005,1,1,18,4,183,54.0,650.5
161.4620065,3,13,20,5,216,59.0,1217.0
161.46201,2,11,14,4,89,59.0,1303.0
161.4620395,6,1,11,2,149,52.0,344.261
163.873864,1,1,1,0,1,45.0,0.0
164.441214,1,1,18,3,133,53.0,613.087
164.4412185,3,9,20,4,151,59.0,1141.0
164.441219,2,1,13,5,115,58.0,1474.0
164.4412475,6,40,10,2,135,53.0,322.139
164.53805,1,9,20,5,183,56.0,967.846
164.538053,2,16,19,5,100,61.0,2133.0
164.5380545,3,10,23,6,213,61.0,1775.0
164.5380815,6,14,14,3,152,54.0,532.234
164.633927,1,1,18,3,133,53.0,613.051
164.6339315,3,9,20,4,144,59.0,1138.0
164.633935,2,11,16,5,143,59.0,1582.0
164.6339605,6,40,10,1,56,53.0,260.201
167.577968,1,5,17,3,130,54.0,589.424
167.5779725,3,12,20,5,212,59.0,1214.0
167.577981,2,8,14,4,107,60.0,1406.0
167.5780015,6,1,12,2,152,53.0,352.579
167.674036,1,1,21,4,136,55.0,935.37
167.6740405,3,13,23,7,213,61.0,1844.0
167.674044,2,11,17,7,140,61.0,2419.0
167.6740695,6,1,15,3,153,55.0,531.824
167.769847,1,1,18,3,136,54.0,613.886
167.7698545,3,10,20,4,145,59.0,1103.0
167.769855,2,1,12,4,98,59.0,1421.0
167.7698845,6,1,10,2,149,52.0,342.937
170.716283,1,1,18,3,133,54.0,592.059
170.7162875,3,13,20,4,148,59.0,1158.0
170.716291,2,1,15,4,95,60.0,1387.0
170.7163285,6,1,9,1,44,52.0,219.095
170.813968,1,1,20,4,133,55.0,901.641
170.8139725,3,9,23,6,212,61.0,1852.0
170.813973,2,14,18,7,140,61.0,2446.0
170.8140015,6,40,15,3,149,55.0,525.401
170.910019,1,6,17,3,133,54.0,576.317
170.910019,2,19,16,6,145,59.0,1685.0
170.9100235,3,10,19,5,213,59.0,1188.0
170.9100535,6,1,11,2,149,53.0,344.072
172.6552465,3,1,1,0,1,45.0,0.0
173.827372,1,1,18,3,133,54.0,580.536
173.8273765,3,9,20,4,140,59.0,1140.0
173.82738,2,11,15,6,140,59.0,1717.0
173.8274055,6,40,10,2,135,53.0,319.24
173.923116,1,6,20,4,133,56.0,847.321
173.923119,2,16,19,7,145,60.0,2532.0
173.9231205,3,10,23,5,148,61.0,1692.0
173.9231465,6,1,14,3,156,54.0,534.282
173.92324,5,1,1,0,1,45.0,0.0
174.01888,1,1,17,3,135,54.0,589.128
174.0188845,3,9,20,5,215,59.0,1219.0
174.018885,2,19,15,5,115,59.0,1538.0
174.0189135,6,1,11,2,152,53.0,344.027
177.738609,1,6,16,3,130,54.0,531.02
177.738612,2,2,15,6,163,59.0,1786.0
177.7386135,3,10,19,4,145,59.0,1119.0
177.7386435,6,1,10,2,131,52.0,304.781
177.834649,1,1,20,4,133,56.0,862.696
177.8346535,3,13,22,7,212,61.0,1861.0
177.834657,2,11,19,7,164,61.0,2659.0
177.8346825,6,40,16,3,176,55.0,559.522
181.695433,1,3,15,3,130,54.0,517.406
181.695433,2,1,17,4,100,59.0,1580.0
181.6954375,3,10,19,5,206,59.0,1179.0
181.6954675,6,1,11,2,131,52.0,299.264
181.792263,1,1,19,4,133,56.0,829.215
181.7922675,3,13,24,7,215,61.0,1889.0
181.792271,2,11,20,8,164,61.0,2769.0
181.7922965,6,40,16,3,179,55.0,555.796
182.7460055,3,1,2,0,5,51.0,27.499
184.809697,1,3,15,3,130,54.0,494.972
184.809697,2,1,16,6,166,59.0,1845.0
184.8097015,3,10,18,4,111,59.0,1080.0
184.8097315,6,1,10,2,148,53.0,319.599
184.90628,1,1,17,3,135,55.0,807.157
184.9062845,3,9,24,7,259,61.0,1902.0
184.906285,2,14,20,7,143,61.0,2619.0
184.9063135,6,1,16,2,83,54.0,425.082
184.906327,5,1,5,0,4,46.0,7.904
187.886275,1,1,16,2,117,54.0,476.79
187.8862795,3,9,18,4,143,59.0,1144.0
187.88628,2,25,17,7,163,59.0,1951.0
187.8863115,6,11,10,1,41,52.0,214.656
187.982308,1,9,17,3,127,56.0,750.46
187.982311,2,19,23,8,169,61.0,3003.0
187.9823125,3,13,24,7,215,61.0,1869.0
187.9823415,6,40,15,3,155,55.0,500.097
190.958334,1,5,13,2,114,54.0,456.785
190.9583385,3,12,17,5,214,59.0,1227.0
190.958339,2,16,16,7,169,59.0,1934.0
190.9583705,6,1,11,1,52,53.0,243.807
191.0544,1,9,17,3,130,56.0,740.45
191.0544045,3,13,23,7,259,61.0,1886.0
191.054406,2,2,20,7,145,61.0,2805.0
191.0544335,6,40,16,2,86,55.0,422.667
194.010409,1,1,13,2,114,54.0,442.556
194.0104135,3,9,16,4,93,59.0,1120.0
194.010414,2,11,17,5,122,60.0,1745.0
194.0104455,6,1,10,1,41,53.0,215.847
194.106466,1,5,15,3,114,56.0,684.566
194.106468,2,19,21,8,169,61.0,3023.0
194.1064705,3,5,22,7,258,61.0,1896.0
194.1064985,6,2,16,2,86,54.0,416.897
194.106557,5,1,4,0,1,46.0,0.0
197.091887,1,6,12,2,92,54.0,367.401
197.09189,2,2,18,6,145,59.0,1870.0
197.0918915,3,10,15,3,88,59.0,1058.0
197.0919175,6,1,10,2,178,52.0,347.799
197.187602,1,5,14,3,114,56.0,664.522
197.1876065,3,9,21,5,146,61.0,1798.0
197.187607,2,19,21,9,169,62.0,3122.0
197.1876355,6,1,16,2,82,54.0,409.171
197.187652,5,1,5,0,42,49.0,35.656
197.763803,5,1,5,1,77,47.0,104.44
200.196781,1,1,12,2,108,54.0,409.17
200.1967855,3,9,16,3,90,59.0,1104.0
200.196789,2,11,18,6,160,59.0,1895.0
200.1968145,6,1,11,1,47,53.0,234.958
200.196904,5,1,1,0,1,45.0,0.0
200.293627,1,1,15,3,114,55.0,645.927
200.2936315,3,9,19,5,146,61.0,1795.0
200.293632,2,14,21,8,166,61.0,3027.0
200.2936605,6,14,17,2,82,54.0,403.264
200.293677,5,1,5,1,74,47.0,99.258
200.869823,5,1,7,1,80,47.0,117.594
203.347846,1,1,12,2,92,54.0,378.785
203.3478505,3,13,16,3,90,59.0,1132.0
203.347854,2,11,18,6,160,60.0,1958.0
203.3478795,6,1,10,1,47,52.0,229.537
203.347969,5,1,1,0,1,45.0,0.0
204.019785,5,1,6,1,77,47.0,113.622
204.7030455,3,1,1,0,1,45.0,0.0
206.508838,1,3,11,2,92,55.0,348.771
206.5088425,3,10,15,3,91,59.0,1111.0
206.508843,2,1,17,6,143,60.0,1866.0
206.5088685,6,1,9,1,47,52.0,232.982
206.508958,5,1,1,0,1,45.0,0.0
207.180455,5,1,7,1,80,48.0,124.631
209.596524,1,1,10,2,89,55.0,338.091
209.596527,2,2,16,6,162,59.0,2054.0
209.5965285,3,10,14,4,143,59.0,1160.0
209.5965545,6,1,11,1,47,52.0,233.981
209.596568,5,1,3,0,54,46.0,50.591
210.268466,5,1,6,1,80,48.0,134.618
212.659398,1,3,9,1,86,54.0,327.026
212.6594005,3,2,15,4,93,59.0,1162.0
212.659401,2,31,18,7,162,60.0,2059.0
212.6594285,6,1,10,1,45,52.0,223.375
213.331659,5,1,6,0,42,48.0,46.42
215.713598,1,3,10,2,89,55.0,326.984
215.713598,2,5,19,6,127,60.0,1893.0
215.7136025,3,10,15,4,91,59.0,1146.0
215.7136285,6,1,10,3,177,52.0,350.523
216.384748,5,1,7,0,53,48.0,77.127
218.758007,1,1,9,2,88,54.0,351.498
218.7580115,3,9,15,3,90,60.0,1184.0
218.758015,2,11,17,5,115,60.0,1796.0
218.7580435,6,1,9,1,41,53.0,210.709
219.430738,5,1,8,0,42,48.0,49.31
221.825819,1,1,11,1,85,55.0,311.615
221.825819,2,16,18,7,171,60.0,2188.0
221.8258205,3,13,16,4,94,60.0,1184.0
221.8258495,6,1,10,1,44,53.0,226.902
222.498585,5,1,10,0,45,48.0,62.585
224.876818,1,1,9,1,85,54.0,335.054
224.8768225,3,9,16,4,145,59.0,1235.0
224.876823,2,25,16,6,124,61.0,1935.0
224.8768505,6,1,12,3,180,52.0,363.412
225.549065,5,1,9,0,53,48.0,84.444
227.956118,1,1,10,1,85,55.0,331.419
227.9561225,3,9,17,4,145,60.0,1257.0
227.956126,2,11,18,5,118,60.0,1876.0
227.9561545,6,1,11,3,179,53.0,359.301
228.628058,5,1,8,1,77,49.0,144.183
232.586427,5,1,5,0,1,47.0,0.0
232.682504,5,1,10,1,76,48.0,155.312
236.635066,5,1,2,0,24,46.0,35.91
236.730863,5,1,10,1,80,49.0,175.24
239.826074,5,1,10,1,80,49.0,182.9
242.770182,5,1,5,0,1,46.0,0.0
242.866205,5,1,10,1,79,49.0,183.014
245.816236,5,1,6,0,42,48.0,52.092
245.913118,5,1,11,1,77,49.0,176.031
248.963387,5,1,7,0,42,47.0,53.865
249.059108,5,1,11,1,80,50.0,193.471
252.032211,5,1,10,1,88,50.0,221.379
252.128167,5,1,7,0,48,47.0,71.815
252.223916,5,1,10,1,79,50.0,189.801
256.032763,5,1,12,1,91,49.0,228.401
256.225481,5,1,10,1,76,51.0,190.256
260.074264,5,1,12,1,91,51.0,237.736
260.1704055,6,1,11,1,64,51.0,192.201
260.170419,5,1,7,0,45,48.0,75.023
260.266947,5,1,10,1,53,50.0,134.392
263.281148,5,1,12,2,97,49.0,254.776
263.3772225,6,1,12,1,68,51.0,199.045
263.377277,5,1,5,0,7,48.0,19.355
263.472977,5,1,10,0,45,51.0,111.732
266.5498645,6,2,12,1,68,51.0,198.014
266.549879,5,1,6,1,79,48.0,141.726
266.645696,5,1,11,1,76,50.0,189.766
269.596027,5,1,12,2,94,50.0,252.682
269.6917745,6,2,12,1,68,50.0,190.072
269.691789,5,1,7,1,79,49.0,142.629
269.787626,5,1,12,2,94,51.0,248.956
272.765846,5,1,11,1,56,51.0,160.151
272.8616765,6,2,12,1,68,50.0,192.335
272.861691,5,1,7,1,76,49.0,130.21
272.957772,5,1,8,1,61,51.0,148.829
275.962955,5,1,12,2,94,51.0,256.48
276.0587005,6,1,10,2,154,51.0,268.718
276.058714,5,1,8,1,76,48.0,138.389
279.090661,5,1,12,1,88,51.0,237.251
279.18671,5,1,7,1,76,48.0,121.188
279.282434,5,1,13,2,94,51.0,257.219
282.0770145,6,1,10,1,79,51.0,202.91
282.077029,5,1,8,1,59,48.0,119.275
282.172767,5,2,9,1,78,51.0,207.456
282.2685275,6,1,9,1,68,51.0,180.251
282.268542,5,1,8,1,59,49.0,119.352
282.364401,5,1,12,1,71,51.0,209.104
285.2078145,6,2,12,1,68,51.0,182.818
285.207829,5,1,7,1,79,49.0,142.209
285.303641,5,1,12,2,97,51.0,267.349
285.3995055,6,2,11,1,68,51.0,188.389
285.399508,5,1,8,1,57,49.0,110.743
285.496418,5,2,10,1,76,50.0,195.552
288.34484,5,1,9,1,59,49.0,120.868
288.440602,5,1,10,1,79,51.0,208.197
288.5372485,6,1,11,1,79,51.0,205.895
288.537251,5,1,8,0,19,48.0,44.244
288.63328,5,1,11,2,94,51.0,265.424
292.2595855,6,1,11,1,71,51.0,199.767
292.259621,5,1,4,1,64,48.0,96.541
292.35533,5,1,13,2,93,51.0,261.644
292.4511325,6,2,11,1,79,51.0,208.338
292.451147,5,1,7,0,45,49.0,94.511
292.546969,5,1,13,1,77,51.0,241.918
296.7432255,6,2,10,1,79,51.0,208.307
296.743228,5,1,8,1,57,49.0,118.661
296.839085,5,1,11,1,79,51.0,222.768
296.9349165,6,1,10,2,154,51.0,267.255
296.934919,5,1,9,1,59,49.0,130.319
297.031005,5,1,12,1,90,51.0,246.069
300.4254415,6,1,10,2,154,51.0,271.571
300.425444,5,1,9,0,19,49.0,53.225
300.617028,5,1,4,0,27,48.0,41.8
300.713617,5,1,12,1,77,51.0,247.082
302.8152245,3,1,2,0,22,52.0,73.021
303.5094255,6,2,10,2,154,51.0,280.449
303.509428,5,1,8,0,31,50.0,90.125
303.7010235,6,1,10,2,154,51.0,272.707
303.701026,5,1,7,0,31,49.0,86.97
306.497741,5,1,10,1,74,51.0,254.695
306.593498,5,1,7,0,45,49.0,103.939
306.785096,5,1,6,0,44,49.0,97.298
306.88089,5,1,12,1,74,51.0,257.436
309.72544,5,1,7,1,59,50.0,148.619
309.917022,5,1,8,1,53,50.0,137.559
311.976138,5,2,2,0,8,48.0,34.89
312.889505,5,1,7,1,62,50.0,163.619
312.8895055,6,2,11,1,71,51.0,205.576
313.080939,5,1,8,1,59,50.0,155.247
315.985361,5,1,8,1,59,50.0,155.195
316.177954,5,1,7,1,59,51.0,163.302
319.048561,5,29,8,1,59,51.0,164.932
319.240069,5,1,8,1,59,51.0,167.512
322.563708,5,1,8,0,34,50.0,128.75
322.755515,5,1,8,0,31,51.0,118.391
326.279666,5,32,8,0,36,51.0,142.608
329.172065,5,1,8,1,56,51.0,166.997
329.363738,5,1,6,0,42,50.0,117.717
332.306191,5,1,7,1,56,51.0,169.883
335.504816,5,1,8,1,59,51.0,185.049
335.696628,5,1,8,1,56,51.0,173.348
338.608935,5,1,8,1,56,51.0,176.363
341.45249,5,1,8,1,37,51.0,161.248
341.643997,5,1,8,1,37,51.0,162.701
341.835619,5,1,8,0,33,51.0,149.457
344.873928,5,1,8,0,33,51.0,150.142
347.929806,5,1,8,1,36,51.0,166.453
350.86124,5,1,8,1,36,51.0,173.216
351.052783,5,1,9,1,36,51.0,172.471
354.145799,5,1,8,1,36,51.0,174.553
357.184913,5,1,8,0,33,51.0,160.578
359.872582,5,1,8,1,36,51.0,182.221
360.064442,5,1,8,1,36,51.0,175.943
366.581779,5,14,8,1,36,51.0,183.007
575.055497,4,1,1,0,1,48.0,0.0
575.05551,5,1,6,0,43,50.0,121.168
624.897072,1,12,28,8,194,61.0,2693.0
624.8970735,3,13,32,9,213,62.0,2967.0
624.897074,2,1,21,6,134,60.0,1851.0
624.8970935,6,69,24,7,246,58.0,1550.0
624.897098,5,40,15,3,92,56.0,790.922
628.051766,1,12,29,8,194,61.0,2702.0
628.051766,2,2,20,8,200,60.0,2241.0
628.0517675,3,13,33,9,213,62.0,2961.0
628.0517875,6,69,24,6,171,58.0,1445.0
628.051792,5,34,16,3,92,55.0,798.546
631.163747,1,12,29,8,194,61.0,2694.0
631.1637485,3,9,31,9,209,62.0,2955.0
631.163749,2,1,21,7,195,59.0,2082.0
631.1637685,6,1,24,6,173,58.0,1456.0
631.163773,5,5,16,3,98,56.0,812.213
634.232039,1,12,29,8,194,61.0,2704.0
634.2320405,3,13,31,9,209,62.0,2939.0
634.232041,2,1,21,7,195,60.0,2156.0
634.2320605,6,69,24,7,246,58.0,1571.0
634.232065,5,40,16,3,92,56.0,804.059
637.29588,1,6,28,8,194,60.0,2710.0
637.2958815,3,10,31,9,213,61.0,2962.0
637.295883,2,5,20,6,133,60.0,1942.0
637.2959025,6,65,24,6,170,57.0,1461.0
637.295906,5,34,15,3,96,55.0,815.89
640.443775,1,9,29,8,194,60.0,2711.0
640.4437765,3,10,31,9,210,62.0,2954.0
640.443778,2,2,17,6,137,60.0,1849.0
640.4437975,6,68,24,7,245,58.0,1568.0
640.443801,5,34,16,3,92,56.0,808.912
643.554054,1,12,29,9,194,61.0,2714.0
643.5540555,3,13,30,9,209,62.0,2935.0
643.554056,2,9,23,8,198,60.0,2221.0
643.5540755,6,2,23,6,170,58.0,1469.0
643.55408,5,5,15,3,98,56.0,831.21
646.611081,1,12,30,8,194,61.0,2722.0
646.6110825,3,13,31,8,182,62.0,2861.0
646.611083,2,1,22,6,130,60.0,1950.0
646.6111025,6,69,24,6,173,58.0,1485.0
646.611107,5,40,15,3,110,57.0,855.973
649.674119,1,12,27,7,194,59.0,1780.0
649.6741205,3,13,26,7,178,60.0,1868.0
649.674121,2,1,17,5,130,58.0,1354.0
649.6741405,6,1,19,4,170,56.0,964.235
649.674145,5,2,12,2,89,54.0,529.16
649.770048,1,9,29,9,194,61.0,2724.0
649.7700495,3,13,30,9,209,62.0,2948.0
649.77005,2,1,21,7,165,60.0,2118.0
649.7700695,6,2,24,6,170,58.0,1466.0
649.770074,5,5,15,3,98,56.0,828.647
652.849844,1,12,26,7,190,60.0,1781.0
652.8498455,3,13,26,7,181,60.0,1893.0
652.849846,2,1,15,4,115,58.0,1215.0
652.8498655,6,1,19,4,167,56.0,959.587
652.84987,5,2,11,2,51,54.0,458.009
652.945907,1,13,31,9,194,61.0,2737.0
652.94591,2,5,20,8,197,61.0,2351.0
652.9459115,3,7,29,9,210,61.0,2879.0
652.9459295,6,68,22,7,245,58.0,1573.0
652.945933,5,34,16,3,92,56.0,792.315
656.047717,1,9,28,7,194,59.0,1803.0
656.0477185,3,13,26,7,178,60.0,1884.0
656.047719,2,1,15,4,109,59.0,1213.0
656.0477395,6,68,19,4,169,56.0,964.1
656.047743,5,40,13,3,110,54.0,561.907
656.144533,1,9,31,8,194,61.0,2745.0
656.1445345,3,10,31,9,216,62.0,2937.0
656.144536,2,5,20,8,194,60.0,2331.0
656.1445545,6,69,22,6,173,58.0,1488.0
656.144559,5,40,15,3,92,56.0,797.881
659.184642,1,6,27,7,194,59.0,1799.0
659.1846435,3,13,25,6,178,60.0,1869.0
659.184645,2,2,16,5,115,59.0,1413.0
659.1846645,6,68,19,4,166,56.0,949.666
659.184668,5,34,13,2,92,53.0,534.411
659.280741,1,9,30,8,194,61.0,2738.0
659.2807425,3,13,31,9,197,62.0,2906.0
659.280743,2,3,20,6,130,60.0,2137.0
659.2807625,6,69,22,6,170,58.0,1483.0
659.280767,5,40,15,3,110,56.0,842.391
662.254976,1,12,26,7,193,60.0,1795.0
662.2549775,3,13,25,7,181,60.0,1895.0
662.254978,2,1,18,5,115,58.0,1385.0
662.2549975,6,45,18,4,167,55.0,957.545
662.255004,5,2,12,2,86,54.0,504.035
662.350717,1,12,31,9,194,61.0,2751.0
662.3507185,3,13,31,9,209,62.0,2928.0
662.350719,2,9,21,7,133,60.0,2193.0
662.3507345,6,49,23,6,174,58.0,1507.0
662.350743,5,5,15,3,95,56.0,819.551
665.412835,1,12,26,7,193,59.0,1801.0
665.4128365,3,9,25,6,177,60.0,1884.0
665.412837,2,1,16,5,133,58.0,1445.0
665.4128565,6,68,17,4,166,56.0,961.615
665.41286,5,20,13,2,92,54.0,529.666
665.508553,1,12,31,9,194,61.0,2755.0
665.5085545,3,13,32,9,203,62.0,2949.0
665.508555,2,9,20,7,165,60.0,2318.0
665.5085745,6,2,22,7,245,57.0,1576.0
665.508579,5,5,15,3,95,56.0,823.164
668.607491,1,6,28,7,194,59.0,1817.0
668.607491,2,8,17,5,111,58.0,1354.0
668.6074925,3,10,25,7,194,60.0,1912.0
668.6075135,6,1,18,4,166,56.0,970.658
668.607517,5,40,12,2,89,54.0,526.922
668.703566,1,12,30,8,197,61.0,2763.0
668.703566,2,2,23,7,132,60.0,2327.0
668.7035675,3,13,31,9,209,62.0,2933.0
668.7035835,6,25,22,6,174,58.0,1510.0
668.703592,5,40,16,3,95,56.0,830.003
671.709487,1,6,28,7,194,58.0,1816.0
671.709487,2,5,17,5,114,59.0,1447.0
671.7094885,3,13,25,7,178,60.0,1887.0
671.7095095,6,68,18,4,169,56.0,977.003
671.709513,5,40,13,3,110,54.0,555.161
671.805319,1,6,30,8,197,60.0,2771.0
671.8053205,3,10,32,9,197,62.0,2917.0
671.805322,2,2,18,6,115,60.0,2186.0
671.8053415,6,68,22,6,169,58.0,1485.0
671.805345,5,40,14,4,120,56.0,862.625
674.783533,1,12,28,7,193,59.0,1814.0
674.783535,2,1,17,5,112,58.0,1437.0
674.7835365,3,7,25,6,175,60.0,1843.0
674.7835545,6,68,17,4,166,56.0,964.389
674.783561,5,17,13,2,86,54.0,496.586
674.880371,2,5,23,8,167,61.0,2683.0
674.880371,1,9,30,8,197,61.0,2787.0
674.8803725,3,10,31,9,197,62.0,2951.0
674.8803885,6,73,21,6,174,58.0,1513.0
674.880397,5,40,16,3,110,56.0,847.493
677.851591,2,8,20,7,132,60.0,2481.0
677.851591,1,9,30,8,197,61.0,2798.0
677.8515925,3,10,32,9,209,62.0,2997.0
677.8516125,6,69,21,6,198,58.0,1553.0
677.851617,5,40,16,3,110,56.0,846.5
677.947461,1,12,28,7,194,59.0,1827.0
677.9474625,3,13,25,7,197,60.0,1953.0
677.947463,2,1,15,5,133,59.0,1535.0
677.9474825,6,1,18,4,167,56.0,968.597
677.947487,5,43,13,2,51,54.0,459.879
678.043273,1,15,31,9,196,61.0,2819.0
678.0432775,3,9,31,8,193,61.0,2935.0
678.043278,2,5,19,7,137,60.0,2383.0
678.0432975,6,68,22,6,172,58.0,1502.0
678.043301,5,34,16,3,89,56.0,800.321
680.965574,1,9,30,8,197,61.0,2780.0
680.965575,2,7,20,7,131,61.0,2469.0
680.9655755,3,13,33,9,209,62.0,2972.0
680.9655955,6,69,21,6,170,58.0,1502.0
680.9656,5,1,16,3,95,56.0,822.071
681.06142,1,12,27,7,193,60.0,1824.0
681.0614215,3,13,26,7,181,60.0,1921.0
681.061422,2,9,15,5,133,60.0,1529.0
681.0614415,6,1,18,4,164,56.0,958.213
681.061448,5,3,12,2,86,54.0,500.358
681.157535,1,6,30,9,197,60.0,2794.0
681.1575365,3,10,31,9,197,62.0,2963.0
681.157538,2,5,20,8,164,60.0,2566.0
681.1575525,6,73,22,6,174,58.0,1527.0
681.157561,5,40,15,3,110,56.0,867.965
684.025871,1,12,29,9,194,61.0,2780.0
684.0258725,3,13,32,9,200,62.0,2946.0
684.025873,2,1,20,7,136,61.0,2462.0
684.0258925,6,1,22,6,167,58.0,1487.0
684.025897,5,5,16,3,95,56.0,829.695
684.122765,1,9,28,7,194,59.0,1824.0
684.122766,2,2,17,5,116,58.0,1543.0
684.1227665,3,13,24,7,181,60.0,1909.0
684.1227865,6,21,18,4,167,56.0,966.897
684.122791,5,43,13,2,51,54.0,471.661
684.21848,1,9,30,8,197,60.0,2792.0
684.21848,2,8,22,7,139,60.0,2543.0
684.2184815,3,10,32,9,209,62.0,2984.0
684.2184975,6,73,22,6,199,58.0,1565.0
684.218506,5,40,17,3,92,56.0,827.373
687.180562,1,15,31,9,199,61.0,2832.0
687.1805665,3,9,31,8,181,62.0,2931.0
687.180567,2,1,22,8,194,60.0,2606.0
687.1805815,6,73,23,6,174,58.0,1515.0
687.18059,5,20,15,4,120,56.0,877.126
687.276638,1,9,27,7,194,59.0,1823.0
687.2766395,3,13,24,7,181,60.0,1917.0
687.276643,2,3,15,6,162,59.0,1479.0
687.2766605,6,68,18,4,166,56.0,966.929
687.276664,5,40,13,2,51,54.0,469.401
687.372396,1,15,31,9,196,61.0,2831.0
687.3724005,3,9,31,9,193,62.0,2968.0
687.372401,2,1,20,6,118,61.0,2310.0
687.3724205,6,68,22,6,172,58.0,1504.0
687.372424,5,20,17,4,120,56.0,881.627
690.370418,1,8,31,9,199,61.0,2843.0
690.3704215,3,10,31,9,197,62.0,2957.0
690.370423,2,1,24,8,191,60.0,2660.0
690.3704425,6,68,23,6,169,58.0,1502.0
690.370446,5,40,15,3,110,55.0,845.677
690.466282,1,12,28,7,193,60.0,1829.0
690.4662835,3,9,26,7,193,60.0,1940.0
690.466284,2,1,16,5,115,59.0,1524.0
690.4663035,6,24,17,4,166,56.0,964.224
690.46631,5,17,13,2,89,54.0,505.406
690.56234,1,12,30,9,196,61.0,2794.0
690.5623415,3,9,30,9,193,62.0,2962.0
690.562342,2,9,22,7,136,60.0,2474.0
690.5623615,6,68,22,6,172,58.0,1505.0
690.562365,5,20,16,4,120,56.0,877.037
693.504454,1,12,30,9,194,61.0,2794.0
693.5044555,3,13,34,9,200,62.0,2990.0
693.504456,2,1,22,7,130,60.0,2355.0
693.5044715,6,25,22,6,171,58.0,1495.0
693.50448,5,2,16,3,95,56.0,827.129
693.600232,1,12,27,7,193,59.0,1841.0
693.600234,2,1,18,6,133,58.0,1589.0
693.6002355,3,7,26,6,178,60.0,1895.0
693.6002535,6,68,18,4,169,56.0,972.583
693.600257,5,34,13,3,110,54.0,567.013
693.696082,1,12,30,9,193,62.0,2787.0
693.6960835,3,13,32,9,197,62.0,2981.0
693.696084,2,9,21,7,133,60.0,2409.0
693.6961035,6,65,21,6,172,57.0,1497.0
693.696108,5,19,15,4,119,56.0,866.449
696.638344,1,9,31,8,197,61.0,2810.0
696.638344,2,8,22,8,167,60.0,2673.0
696.6383455,3,10,31,9,197,62.0,2981.0
696.6383615,6,73,22,6,171,58.0,1506.0
696.63837,5,40,15,3,110,56.0,855.979
696.734383,1,12,27,7,193,60.0,1826.0
696.7343845,3,13,25,7,181,60.0,1934.0
696.734385,2,6,18,6,137,59.0,1760.0
696.7344045,6,1,18,4,164,56.0,957.476
696.734409,5,2,13,2,51,54.0,463.459
696.830125,1,12,30,9,193,61.0,2790.0
696.8301265,3,13,32,9,197,62.0,2957.0
696.830127,2,9,23,7,140,61.0,2600.0
696.8301465,6,65,20,6,166,57.0,1479.0
696.830151,5,5,16,3,95,56.0,823.548
699.806228,1,15,31,9,199,62.0,2857.0
699.8062325,3,9,33,9,193,62.0,2987.0
699.806233,2,1,20,7,133,60.0,2462.0
699.8062525,6,68,21,6,169,58.0,1489.0
699.806256,5,34,15,4,120,55.0,871.79
699.902382,1,9,28,7,193,59.0,1837.0
699.9023835,3,13,25,7,197,60.0,1948.0
699.902384,2,1,19,5,115,59.0,1574.0
699.9024035,6,2,18,4,167,56.0,968.143
699.902408,5,1,13,2,51,54.0,481.244
699.9981,1,12,30,9,193,61.0,2790.0
699.9981015,3,13,31,9,209,62.0,3010.0
699.998102,2,9,21,7,133,60.0,2504.0
699.9981215,6,45,20,6,167,58.0,1484.0
699.998126,5,5,16,3,95,56.0,823.964
702.865335,1,9,27,7,193,59.0,1835.0
702.865336,2,7,18,6,134,59.0,1731.0
702.8653365,3,13,25,7,181,60.0,1937.0
702.8653565,6,2,18,4,164,56.0,957.004
702.865361,5,2,11,2,51,54.0,471.618
702.961159,1,12,31,9,193,62.0,2795.0
702.9611605,3,13,31,9,225,62.0,3037.0
702.961161,2,9,22,7,136,60.0,2641.0
702.9611805,6,65,21,6,172,57.0,1490.0
702.961184,5,20,15,4,120,56.0,866.984
703.057025,1,9,28,7,193,59.0,1840.0
703.057025,2,1,19,6,135,59.0,1709.0
703.0570265,3,13,26,7,181,60.0,1934.0
703.0570465,6,1,17,4,164,56.0,961.526
703.057051,5,1,13,2,85,54.0,525.674
703.153123,1,9,29,8,197,61.0,2823.0
703.1531245,3,10,31,9,197,62.0,2970.0
703.153126,2,2,21,7,129,61.0,2627.0
703.1531445,6,21,20,5,167,58.0,1482.0
703.153149,5,40,16,3,95,56.0,826.754
706.039209,1,12,27,7,193,60.0,1831.0
706.0392105,3,13,25,7,180,61.0,1915.0
706.039211,2,1,19,7,197,60.0,2049.0
706.0392305,6,65,17,4,166,55.0,962.456
706.039237,5,17,12,2,86,54.0,499.042
706.135245,1,12,31,9,196,62.0,2815.0
706.1352465,3,13,31,10,228,62.0,3063.0
706.135247,2,9,22,8,136,61.0,2693.0
706.1352665,6,68,20,6,169,58.0,1488.0
706.13527,5,34,15,4,120,56.0,862.005
706.230993,1,12,27,7,193,60.0,1839.0
706.2309945,3,13,26,7,177,60.0,1932.0
706.230995,2,1,18,6,136,59.0,1764.0
706.2310145,6,24,16,4,166,55.0,965.275
706.231021,5,17,12,2,86,54.0,502.74
706.326752,1,15,30,9,199,61.0,2868.0
706.3267565,3,9,31,9,196,62.0,3002.0
706.326757,2,2,21,7,132,61.0,2638.0
706.3267715,6,73,20,6,174,58.0,1511.0
706.32678,5,34,16,3,110,56.0,845.221
709.16245,1,13,27,7,194,59.0,1849.0
709.1624525,3,9,27,7,180,60.0,1945.0
709.162453,2,1,18,6,132,58.0,1725.0
709.1624725,6,68,18,4,166,56.0,964.022
709.162476,5,17,13,2,51,54.0,476.575
709.258163,1,15,30,9,199,62.0,2871.0
709.2581675,3,9,31,9,196,62.0,3018.0
709.258168,2,1,20,8,136,60.0,2714.0
709.2581825,6,73,21,6,174,58.0,1519.0
709.258191,5,34,16,3,110,56.0,852.005
709.354702,1,9,26,7,193,59.0,1847.0
709.354702,2,1,17,5,117,59.0,1692.0
709.3547035,3,10,26,7,197,60.0,1991.0
709.3547245,6,20,17,4,163,56.0,953.712
709.354728,5,43,12,2,54,54.0,480.221
709.450778,1,9,30,8,193,61.0,2813.0
709.450778,2,8,22,8,135,61.0,2726.0
709.4507795,3,6,31,9,197,62.0,3006.0
709.4507995,6,21,20,5,164,57.0,1462.0
709.450804,5,2,16,3,95,56.0,824.782
712.216256,1,6,27,7,193,59.0,1857.0
712.216256,2,8,19,6,132,58.0,1816.0
712.2162605,3,7,25,7,181,60.0,1917.0
712.2162785,6,68,17,4,166,56.0,963.36
712.216282,5,40,13,2,51,54.0,466.56
712.312398,1,12,31,9,196,62.0,2822.0
712.3123995,3,13,31,10,228,62.0,3063.0
712.3124,2,9,20,8,136,61.0,2798.0
712.3124195,6,24,21,6,169,57.0,1492.0
712.312424,5,19,16,3,119,56.0,869.221
712.408123,1,12,27,7,193,59.0,1851.0
712.408125,2,1,17,6,132,59.0,1841.0
712.4081265,3,7,25,7,178,60.0,1917.0
712.4081445,6,68,17,4,166,56.0,966.546
712.408148,5,43,13,2,86,54.0,527.938
712.503868,1,9,30,8,194,61.0,2832.0
712.5038695,3,13,31,10,264,62.0,3111.0
712.50387,2,6,21,7,133,61.0,2815.0
712.5038855,6,25,20,6,168,58.0,1485.0
712.503894,5,2,15,3,95,56.0,816.177
715.33226,1,12,28,7,196,60.0,1864.0
715.3322615,3,13,25,7,180,60.0,1946.0
715.332262,2,9,18,6,115,59.0,1822.0
715.3322815,6,24,17,4,166,56.0,974.378
715.332288,5,17,12,2,86,54.0,506.054
715.428088,2,8,21,8,135,61.0,2881.0
715.428088,1,9,31,8,193,61.0,2826.0
715.4280895,3,10,31,9,200,62.0,3030.0
715.4281055,6,49,21,6,168,57.0,1491.0
715.428114,5,2,15,3,95,56.0,835.605
715.523934,1,12,26,7,193,60.0,1850.0
715.5239355,3,9,26,7,196,60.0,1995.0
715.523936,2,1,18,5,114,60.0,1757.0
715.5239555,6,68,17,4,166,56.0,961.172
715.523959,5,31,13,3,110,54.0,558.934
715.620296,2,8,22,8,135,60.0,2861.0
715.620296,1,6,29,9,197,61.0,2853.0
715.6202975,3,10,31,9,197,62.0,3013.0
715.6203095,6,77,22,6,175,58.0,1515.0
715.620322,5,40,16,3,95,56.0,829.432
718.475431,1,12,28,7,196,60.0,1863.0
718.4754325,3,13,27,7,180,60.0,1963.0
718.475433,2,1,16,6,132,59.0,1849.0
718.4754525,6,68,17,4,166,56.0,966.72
718.475459,5,17,12,2,86,54.0,494.272
718.571173,1,6,30,9,197,61.0,2851.0
718.5711745,3,10,32,9,200,62.0,3074.0
718.571176,2,5,20,8,135,61.0,2877.0
718.5711905,6,73,21,6,171,58.0,1501.0
718.571199,5,40,15,3,95,56.0,820.988
718.666939,1,6,27,7,193,59.0,1864.0
718.6669405,3,10,27,7,200,60.0,2000.0
718.666942,2,2,19,6,132,58.0,1778.0
718.6669615,6,1,17,4,163,56.0,951.747
718.666965,5,43,12,2,51,54.0,475.567
718.762715,1,13,29,9,197,61.0,2845.0
718.762718,2,1,20,8,132,61.0,2826.0
718.7627195,3,7,30,9,194,62.0,2967.0
718.7627365,6,69,20,5,167,58.0,1485.0
718.762741,5,40,15,3,110,56.0,844.184
721.636089,1,6,27,7,193,59.0,1857.0
721.636092,2,1,18,6,132,59.0,1830.0
721.6360935,3,7,26,7,194,60.0,1947.0
721.6361115,6,68,16,4,163,56.0,955.41
721.636115,5,40,13,2,51,54.0,474.508
721.73196,1,12,31,9,196,62.0,2855.0
721.7319615,3,13,33,10,228,62.0,3098.0
721.731962,2,1,21,8,133,61.0,2939.0
721.7319815,6,24,21,5,169,57.0,1496.0
721.731985,5,20,17,4,120,56.0,885.325
721.827783,1,12,28,7,193,59.0,1858.0
721.8277845,3,9,27,7,196,60.0,1996.0
721.827785,2,1,17,6,132,59.0,1924.0
721.8278045,6,1,17,4,166,56.0,961.134
721.827808,5,34,12,2,51,54.0,465.635
721.923875,1,15,29,9,199,61.0,2892.0
721.92388,2,2,20,8,132,60.0,2843.0
721.9238815,3,7,31,9,194,62.0,2972.0
721.9238985,6,69,20,5,167,58.0,1482.0
721.923903,5,40,15,3,110,56.0,842.571
724.807014,1,12,28,7,196,60.0,1868.0
724.8070155,3,13,27,7,180,61.0,1972.0
724.807016,2,1,17,6,132,59.0,1853.0
724.8070355,6,24,17,4,166,56.0,963.394
724.807039,5,20,12,2,86,55.0,527.992
724.902829,1,12,30,9,196,62.0,2848.0
724.9028305,3,13,33,9,184,62.0,3003.0
724.902831,2,9,21,8,133,62.0,2942.0
724.9028505,6,24,20,6,194,57.0,1525.0
724.902855,5,19,15,3,119,56.0,865.693
724.99893,1,12,28,7,196,60.0,1861.0
724.9989315,3,13,26,7,193,60.0,1994.0
724.998932,2,9,18,6,132,60.0,1903.0
724.9989515,6,68,17,4,166,56.0,965.856
724.998958,5,17,12,2,107,54.0,525.099
725.094668,1,6,30,8,193,61.0,2846.0
725.094668,2,8,22,8,138,60.0,3049.0
725.0946695,3,10,30,9,225,62.0,3081.0
725.0946895,6,21,20,5,164,58.0,1473.0
725.094694,5,40,16,3,107,56.0,835.939
727.810399,1,12,30,9,196,62.0,2857.0
727.8104005,3,13,31,9,193,62.0,3031.0
727.810401,2,1,20,8,132,60.0,2857.0
727.8104205,6,24,20,6,194,58.0,1527.0
727.810424,5,20,16,4,120,56.0,870.249
727.906145,1,12,28,7,196,60.0,1869.0
727.9061465,3,13,27,7,180,60.0,1975.0
727.906147,2,9,18,6,132,59.0,1917.0
727.9061665,6,24,17,4,166,56.0,968.138
727.906173,5,17,12,2,86,55.0,503.325
728.001907,1,12,30,9,196,62.0,2861.0
728.001907,2,2,19,8,138,61.0,3039.0
728.0019085,3,13,32,10,228,62.0,3123.0
728.0019285,6,24,20,6,191,57.0,1517.0
728.001932,5,34,16,3,120,56.0,860.996
728.097689,1,12,28,7,196,60.0,1867.0
728.0976905,3,13,26,7,180,61.0,1982.0
728.097691,2,1,17,6,129,59.0,1871.0
728.0977105,6,24,17,4,166,56.0,956.274
728.097717,5,17,13,2,86,55.0,493.243
728.193541,1,12,29,9,196,62.0,2854.0
728.1935425,3,13,32,9,180,62.0,3022.0
728.193543,2,1,22,8,137,61.0,3063.0
728.1935625,6,24,21,6,194,57.0,1529.0
728.193567,5,19,16,3,119,56.0,868.942
730.945145,1,15,29,9,199,61.0,2905.0
730.9451495,3,9,31,10,263,62.0,3121.0
730.94515,2,1,22,8,135,61.0,2993.0
730.9451645,6,73,22,6,171,58.0,1498.0
730.945173,5,40,15,3,86,56.0,797.105
731.04095,1,9,26,7,196,59.0,1882.0
731.0409515,3,13,27,7,184,60.0,1986.0
731.040952,2,1,20,6,133,59.0,1929.0
731.0409715,6,1,17,4,160,56.0,938.884
731.040976,5,2,11,2,88,54.0,532.809
731.136809,1,9,30,9,196,61.0,2864.0
731.13681,2,2,22,8,134,60.0,2969.0
731.1368105,3,13,31,10,228,62.0,3109.0
731.1368305,6,45,21,5,166,57.0,1479.0
731.136835,5,5,15,3,119,56.0,867.298
731.232647,1,6,26,7,193,59.0,1863.0
731.23265,2,1,17,6,132,59.0,1878.0
731.2326515,3,7,26,7,194,60.0,1968.0
731.2326695,6,68,17,4,163,56.0,961.113
731.232673,5,1,13,2,51,54.0,468.201
731.328684,1,12,29,9,196,62.0,2853.0
731.3286855,3,13,31,10,228,62.0,3135.0
731.328686,2,9,21,8,132,61.0,2991.0
731.3287055,6,68,20,6,191,57.0,1517.0
731.328709,5,34,15,3,117,56.0,856.934
734.103015,1,12,29,9,196,62.0,2852.0
734.1030165,3,13,30,10,228,62.0,3149.0
734.103017,2,9,21,8,132,61.0,2816.0
734.1030365,6,68,19,6,191,57.0,1515.0
734.10304,5,20,16,3,120,56.0,864.269
734.198932,1,12,27,7,196,60.0,1879.0
734.198932,2,8,19,7,135,59.0,2107.0
734.1989335,3,13,27,7,180,60.0,1980.0
734.1989535,6,1,17,4,166,55.0,958.715
734.198958,5,2,12,2,88,54.0,516.244
734.294709,1,9,30,9,196,61.0,2865.0
734.294709,2,2,22,8,135,61.0,3013.0
734.2947105,3,13,32,10,228,62.0,3102.0
734.2947305,6,24,20,5,166,57.0,1482.0
734.294735,5,19,16,3,119,56.0,869.043
734.390783,1,12,28,7,196,60.0,1870.0
734.3907845,3,13,28,7,180,60.0,1969.0
734.390785,2,9,19,6,114,59.0,1891.0
734.3908045,6,24,18,4,166,56.0,958.976
734.390811,5,17,12,2,83,54.0,484.761
734.48654,1,15,30,9,199,61.0,2916.0
734.4865445,3,9,30,9,196,62.0,3073.0
734.486545,2,1,21,8,135,60.0,2878.0
734.4865595,6,73,22,5,171,58.0,1495.0
734.486568,5,40,15,3,72,56.0,772.277
737.27491,1,9,30,9,196,61.0,2883.0
737.27491,2,8,21,8,135,61.0,3123.0
737.2749115,3,10,31,10,228,62.0,3111.0
737.2749315,6,21,20,5,166,58.0,1475.0
737.274936,5,2,16,3,119,56.0,867.354
737.370763,1,12,28,7,196,60.0,1875.0
737.3707645,3,13,28,7,180,61.0,1982.0
737.370765,2,9,18,6,114,59.0,1839.0
737.3707845,6,24,17,4,166,56.0,967.193
737.370791,5,17,11,2,83,54.0,488.972
737.466627,1,12,29,9,196,62.0,2872.0
737.466627,2,2,19,8,134,61.0,3042.0
737.4666285,3,13,31,10,228,62.0,3127.0
737.4666485,6,24,21,5,166,57.0,1482.0
737.466653,5,19,15,3,119,56.0,870.95
737.5627,1,12,28,7,196,60.0,1878.0
737.5627015,3,13,26,7,180,60.0,1994.0
737.562702,2,1,17,6,132,59.0,1921.0
737.5627215,6,24,17,4,166,56.0,964.397
737.562728,5,17,12,2,86,55.0,508.387
737.659245,1,15,28,9,196,61.0,2907.0
737.6592495,3,9,30,9,196,62.0,3066.0
737.65925,2,5,20,8,132,61.0,3061.0
737.6592685,6,69,20,5,164,58.0,1461.0
737.659273,5,40,15,3,95,56.0,828.726
740.496969,1,9,29,9,196,62.0,2848.0
740.4969705,3,13,32,9,180,62.0,3019.0
740.496971,2,9,21,8,135,61.0,3153.0
740.4969905,6,24,20,6,191,57.0,1502.0
740.496994,5,20,15,4,120,56.0,865.873
740.592693,1,6,27,7,193,59.0,1876.0
740.592696,2,2,18,6,132,59.0,1977.0
740.5926975,3,7,26,7,178,60.0,1928.0
740.5927155,6,1,16,4,160,56.0,933.039
740.592719,5,40,13,2,51,54.0,473.339
740.688435,1,6,29,9,196,61.0,2879.0
740.6884365,3,10,32,9,200,62.0,3075.0
740.688438,2,5,20,8,135,61.0,3081.0
740.6884525,6,73,21,5,168,58.0,1486.0
740.688461,5,40,15,3,88,56.0,810.812
740.784265,1,6,27,7,196,59.0,1890.0
740.7842665,3,13,28,8,225,60.0,2057.0
740.784268,2,5,19,6,132,59.0,2029.0
740.7842865,6,1,17,4,161,56.0,934.545
740.784291,5,43,13,2,88,54.0,541.44
740.880105,1,12,29,9,196,62.0,2864.0
740.8801065,3,13,32,9,196,62.0,3049.0
740.880107,2,1,21,8,136,61.0,3215.0
740.8801215,6,73,21,5,171,58.0,1495.0
740.88013,5,40,16,3,89,56.0,813.548
743.647645,1,15,30,9,196,61.0,2905.0
743.6476495,3,9,32,9,221,62.0,3119.0
743.64765,2,1,22,8,140,61.0,3209.0
743.6476685,6,69,22,5,167,58.0,1471.0
743.647673,5,40,16,3,89,56.0,825.714
743.743784,1,12,26,7,192,59.0,1869.0
743.743786,2,1,19,6,132,59.0,2012.0
743.7437875,3,7,28,7,194,60.0,1981.0
743.7438055,6,68,16,4,163,56.0,941.246
743.743809,5,40,13,2,51,54.0,486.12
743.839514,1,12,29,9,196,62.0,2863.0
743.8395155,3,13,31,9,196,62.0,3087.0
743.839516,2,9,20,8,136,61.0,3042.0
743.8395305,6,73,21,5,171,58.0,1495.0
743.839539,5,34,17,3,89,56.0,825.725
743.935262,1,12,27,7,192,60.0,1870.0
743.9352635,3,9,26,7,183,61.0,2002.0
743.935264,2,1,19,6,132,59.0,2014.0
743.9352835,6,1,17,4,163,56.0,951.437
743.935287,5,1,12,2,51,54.0,472.53
744.032127,1,12,29,9,196,62.0,2872.0
744.0321285,3,13,30,9,196,62.0,3080.0
744.032129,2,9,21,8,135,60.0,3119.0
744.0321485,6,68,20,5,166,58.0,1472.0
744.032152,5,34,15,3,89,56.0,817.552
746.708001,1,9,30,9,196,61.0,2866.0
746.7080025,3,13,33,9,184,62.0,3044.0
746.708003,2,9,23,9,161,61.0,3296.0
746.7080225,6,24,20,6,194,57.0,1519.0
746.708027,5,19,15,3,119,56.0,854.001
746.803673,1,12,27,7,193,60.0,1876.0
746.8036745,3,10,26,7,196,60.0,2025.0
746.803675,2,1,18,6,132,58.0,2038.0
746.8036945,6,1,17,4,163,56.0,952.949
746.803698,5,17,13,2,86,54.0,533.175
746.899412,1,15,29,9,198,61.0,2919.0
746.899417,2,5,21,8,135,61.0,3110.0
746.8994185,3,7,31,9,222,62.0,3074.0
746.8994315,6,73,21,5,168,58.0,1485.0
746.89944,5,40,16,3,88,56.0,816.385
746.99526,1,12,26,7,193,60.0,1880.0
746.9952615,3,9,27,7,196,60.0,2026.0
746.995262,2,1,19,6,132,59.0,2058.0
746.9952815,6,4,17,4,163,56.0,947.995
746.995285,5,34,12,2,51,54.0,476.61
747.091609,1,9,29,9,196,61.0,2882.0
747.0916105,3,13,30,9,197,62.0,3092.0
747.091611,2,3,21,8,136,61.0,3132.0
747.0916305,6,24,21,6,194,57.0,1516.0
747.091635,5,19,16,3,119,56.0,861.766
749.748828,1,15,29,9,198,61.0,2929.0
749.748833,2,2,21,8,136,61.0,3333.0
749.7488345,3,7,32,9,222,62.0,3075.0
749.7488475,6,73,21,5,168,58.0,1478.0
749.748856,5,40,16,3,88,56.0,799.494
749.844875,1,12,26,7,192,60.0,1871.0
749.8448765,3,9,28,7,180,60.0,1999.0
749.844877,2,1,18,7,132,59.0,2186.0
749.8448965,6,1,17,4,163,56.0,945.457
749.8449,5,43,13,2,51,54.0,484.869
749.940615,1,15,29,9,198,61.0,2927.0
749.9406185,3,10,32,9,225,62.0,3147.0
749.94062,2,5,19,8,135,60.0,3076.0
749.9406345,6,73,21,5,168,58.0,1485.0
749.940643,5,40,16,3,88,56.0,808.326
750.036389,1,9,28,7,196,60.0,1886.0
750.0363905,3,13,28,7,180,60.0,1989.0
750.036391,2,1,18,7,132,59.0,2178.0
750.0364105,6,1,16,4,166,55.0,957.265
750.036415,5,2,11,2,88,55.0,540.463
750.132221,1,6,29,9,196,61.0,2900.0
750.132221,2,5,23,9,138,61.0,3274.0
750.1322225,3,10,32,10,228,62.0,3162.0
750.1322425,6,21,21,5,164,58.0,1461.0
750.132247,5,43,16,3,119,56.0,852.242
752.799958,1,15,30,9,196,62.0,2896.0
752.7999625,3,9,30,9,221,62.0,3144.0
752.799963,2,1,22,8,135,61.0,3245.0
752.7999775,6,73,20,5,168,58.0,1477.0
752.799986,5,40,15,3,72,56.0,780.967
752.895763,1,6,26,7,196,59.0,1896.0
752.8957645,3,10,25,7,184,60.0,2014.0
752.895766,2,2,19,6,117,59.0,2004.0
752.8957845,6,21,17,3,97,55.0,874.203
752.895789,5,1,13,2,51,54.0,471.194
752.991622,1,9,29,9,196,61.0,2883.0
752.991622,2,8,23,9,142,61.0,3452.0
752.9916235,3,10,31,10,228,62.0,3153.0
752.9916435,6,45,21,5,166,57.0,1465.0
752.991648,5,43,15,3,119,56.0,863.508
753.08746,1,12,27,7,193,60.0,1867.0
753.0874615,3,13,27,7,180,61.0,2013.0
753.087462,2,9,19,7,132,59.0,2145.0
753.0874815,6,24,16,4,163,56.0,947.322
753.087485,5,20,12,2,69,54.0,509.586
753.183497,1,12,29,9,196,62.0,2866.0
753.1834985,3,13,31,9,196,62.0,3104.0
753.183499,2,6,22,8,136,61.0,3285.0
753.1835185,6,24,19,6,194,58.0,1507.0
753.183522,5,34,16,3,110,56.0,835.302
755.241213,1,1,2,0,19,48.0,25.759
755.852063,1,15,29,9,198,61.0,2922.0
755.8520675,3,9,31,9,224,62.0,3146.0
755.852068,2,2,21,9,135,61.0,3472.0
755.8520825,6,73,21,5,168,58.0,1475.0
755.852091,5,40,16,3,88,56.0,812.039
755.947846,1,12,28,7,193,60.0,1881.0
755.9478475,3,13,28,7,180,61.0,2003.0
755.947848,2,1,18,7,135,59.0,2238.0
755.9478675,6,24,16,4,163,56.0,947.328
755.947874,5,17,13,2,66,54.0,475.668
756.043969,1,9,29,9,196,61.0,2901.0
756.04397,2,4,20,9,137,61.0,3427.0
756.0439705,3,6,31,10,228,62.0,3187.0
756.0439865,6,49,22,6,198,57.0,1536.0
756.043995,5,5,15,3,119,56.0,859.855
756.139713,1,9,27,7,196,59.0,1890.0
756.1397145,3,13,27,7,180,60.0,2014.0
756.139716,2,5,18,7,132,60.0,2205.0
756.1397345,6,1,16,4,166,56.0,956.889
756.139739,5,2,12,2,88,55.0,536.426
756.235455,1,6,29,9,196,61.0,2876.0
756.2354565,3,10,32,10,228,62.0,3187.0
756.235458,2,5,21,8,132,61.0,3283.0
756.2354765,6,45,20,5,166,57.0,1465.0
756.235481,5,2,14,3,119,56.0,856.19
758.84925,1,12,26,7,195,60.0,1894.0
758.8492515,3,9,27,7,183,60.0,2033.0
758.849252,2,2,18,7,132,58.0,2185.0
758.8492715,6,1,16,3,96,56.0,879.053
758.849275,5,43,13,2,51,54.0,478.438
758.945019,1,12,29,9,195,62.0,2888.0
758.9450205,3,13,31,10,224,62.0,3162.0
758.945021,2,1,21,9,135,60.0,3334.0
758.9450355,6,12,21,5,168,58.0,1474.0
758.945044,5,40,14,3,72,56.0,775.629
759.040878,1,12,26,7,195,60.0,1883.0
759.04088,2,1,19,7,135,59.0,2252.0
759.0408815,3,7,26,7,197,60.0,2006.0
759.0408995,6,1,16,4,160,56.0,931.771
759.040903,5,40,13,2,51,54.0,471.324
759.136735,2,8,21,9,137,61.0,3595.0
759.136735,1,12,29,9,196,62.0,2886.0
759.1367365,3,13,30,9,196,62.0,3115.0
759.1367565,6,24,20,5,166,57.0,1459.0
759.13676,5,34,15,3,89,56.0,810.024
759.233087,1,9,28,7,196,59.0,1906.0
759.2330885,3,10,28,7,180,60.0,2017.0
759.233092,2,3,18,6,130,59.0,2147.0
759.2331085,6,1,16,4,163,55.0,948.259
759.233113,5,2,12,2,88,54.0,532.863
759.329656,1,12,29,9,195,62.0,2879.0
759.3296575,3,13,31,9,199,62.0,3126.0
759.329658,2,9,21,9,135,61.0,3362.0
759.3296725,6,1,21,5,168,58.0,1479.0
759.329681,5,40,15,3,113,56.0,840.785
761.933307,1,12,27,7,192,60.0,1872.0
761.9333085,3,13,27,7,183,61.0,2030.0
761.933309,2,9,20,7,132,60.0,2340.0
761.9333285,6,24,17,4,163,56.0,949.951
761.933335,5,17,12,2,49,54.0,443.077
762.029053,1,12,29,9,193,62.0,2867.0
762.0290545,3,13,31,9,196,62.0,3137.0
762.029055,2,9,22,9,135,61.0,3347.0
762.0290745,6,24,21,5,163,58.0,1457.0
762.029078,5,40,14,3,110,56.0,829.118
762.124912,1,12,26,7,192,60.0,1876.0
762.1249135,3,13,27,7,183,61.0,2028.0
762.124914,2,9,19,7,132,59.0,2229.0
762.1249335,6,4,17,4,163,56.0,951.878
762.124937,5,34,13,2,48,54.0,461.515
762.220747,1,12,29,9,193,62.0,2870.0
762.2207485,3,13,30,9,196,62.0,3116.0
762.220749,2,9,23,9,135,62.0,3433.0
762.2207685,6,24,20,5,163,58.0,1447.0
762.220772,5,20,15,3,110,55.0,826.881
762.317294,1,12,28,7,196,60.0,1898.0
762.3172955,3,13,27,7,180,60.0,2024.0
762.317296,2,1,20,7,132,59.0,2174.0
762.3173155,6,24,16,4,163,56.0,948.867
762.31732,5,19,12,2,54,54.0,477.826
762.413708,1,15,29,9,198,62.0,2924.0
762.4137125,3,9,29,10,227,62.0,3182.0
762.413713,2,1,21,8,135,61.0,3425.0
762.4137275,6,1,21,7,256,58.0,1575.0
762.413736,5,40,15,3,88,56.0,809.274
765.006261,1,6,26,7,196,59.0,1891.0
765.006264,2,5,19,7,132,59.0,2263.0
765.0062655,3,7,27,7,177,60.0,1979.0
765.0062825,6,2,16,4,166,55.0,957.895
765.006287,5,43,12,2,88,54.0,534.667
765.102132,1,9,30,9,196,61.0,2910.0
765.102132,2,8,24,9,138,61.0,3624.0
765.1021335,3,10,31,10,228,62.0,3222.0
765.1021495,6,49,20,6,198,57.0,1533.0
765.102158,5,2,15,3,116,56.0,862.938
765.198154,1,12,28,7,192,60.0,1881.0
765.1981555,3,13,28,7,183,60.0,2040.0
765.198156,2,9,20,7,132,59.0,2156.0
765.1981755,6,24,16,4,163,56.0,946.288
765.198182,5,17,12,2,49,54.0,444.663
765.293896,1,9,29,9,196,62.0,2890.0
765.2938975,3,13,31,9,196,62.0,3160.0
765.293898,2,9,22,9,135,62.0,3408.0
765.2939125,6,29,21,6,199,58.0,1533.0
765.293921,5,20,15,3,110,56.0,835.742
765.389646,1,12,26,7,192,60.0,1876.0
765.3896475,3,9,26,8,224,60.0,2099.0
765.389648,2,1,18,7,132,59.0,2187.0
765.3896675,6,1,16,4,160,56.0,931.567
765.389671,5,31,13,2,48,53.0,467.432
765.485494,1,15,29,9,198,61.0,2932.0
765.4854985,3,9,31,10,227,62.0,3182.0
765.485499,2,2,21,9,135,61.0,3580.0
765.4855135,6,25,21,5,167,57.0,1471.0
765.485522,5,1,16,3,119,56.0,847.79
768.086308,1,12,27,7,193,60.0,1883.0
768.0863095,3,13,27,7,183,60.0,2044.0
768.08631,2,1,19,7,135,59.0,2317.0
768.0863295,6,24,17,4,163,56.0,938.034
768.086336,5,17,13,2,49,54.0,444.174
768.182168,1,12,28,9,195,62.0,2893.0
768.1821695,3,9,30,10,227,62.0,3182.0
768.18217,2,1,23,9,135,61.0,3566.0
768.1821845,6,73,21,5,168,58.0,1472.0
768.182193,5,40,15,3,88,56.0,822.341
768.278273,1,12,26,7,195,60.0,1895.0
768.2782745,3,9,27,7,199,60.0,2073.0
768.278275,2,1,19,7,135,59.0,2278.0
768.2782935,6,2,17,4,160,56.0,931.06
768.278298,5,43,12,2,51,54.0,472.72
768.374014,1,9,30,9,196,61.0,2900.0
768.374014,2,2,20,9,137,61.0,3755.0
768.3740155,3,13,31,9,196,62.0,3125.0
768.3740355,6,24,20,6,194,57.0,1509.0
768.37404,5,19,16,3,119,56.0,856.838
768.469758,1,12,28,7,193,60.0,1883.0
768.4697595,3,13,27,7,180,61.0,2037.0
768.46976,2,1,19,7,132,60.0,2356.0
768.4697795,6,24,17,4,163,56.0,950.862
768.469786,5,17,12,2,107,54.0,514.398
768.565531,1,9,29,9,196,61.0,2894.0
768.565531,2,8,22,9,137,61.0,3668.0
768.5655325,3,7,32,9,180,62.0,3104.0
768.5655475,6,29,21,6,199,58.0,1532.0
768.565557,5,19,15,3,119,56.0,870.424
771.246316,1,12,27,7,192,60.0,1878.0
771.2463175,3,13,28,7,183,61.0,2048.0
771.246318,2,1,18,7,132,59.0,2369.0
771.2463375,6,1,16,4,163,56.0,944.402
771.246344,5,14,13,2,49,54.0,445.963
771.342081,1,12,29,9,196,62.0,2896.0
771.342081,2,8,21,9,137,61.0,3659.0
771.3420825,3,13,31,10,221,62.0,3195.0
771.3421025,6,24,20,6,197,58.0,1514.0
771.342107,5,19,15,3,88,56.0,805.965
771.437914,1,12,27,7,192,60.0,1882.0
771.4379155,3,13,28,7,183,60.0,2038.0
771.437916,2,9,18,7,135,59.0,2432.0
771.4379355,6,24,17,4,163,56.0,954.467
771.437939,5,20,13,2,69,54.0,514.781
771.53375,1,15,29,9,198,61.0,2920.0
771.533755,2,1,20,9,135,61.0,3539.0
771.5337565,3,7,30,9,225,62.0,3121.0
771.5337735,6,69,21,5,163,58.0,1457.0
771.533778,5,40,15,3,119,56.0,846.194
771.630659,1,12,27,7,193,60.0,1888.0
771.6306605,3,13,29,7,183,60.0,2046.0
771.630661,2,1,20,7,132,59.0,2344.0
771.6306805,6,24,16,4,163,56.0,947.068
771.630687,5,17,12,2,66,54.0,475.87
771.726742,1,12,29,9,195,62.0,2893.0
771.7267435,3,13,31,10,227,63.0,3204.0
771.726744,2,9,23,10,175,61.0,3801.0
771.7267635,6,24,19,5,163,58.0,1460.0
771.726767,5,34,15,3,110,56.0,838.732
774.450337,1,6,26,7,196,59.0,1902.0
774.4503385,3,10,27,7,197,60.0,2071.0
774.45034,2,2,19,7,135,59.0,2381.0
774.4503585,6,45,15,4,166,55.0,952.986
774.450363,5,2,12,2,54,54.0,492.545
774.546075,1,9,29,9,196,62.0,2897.0
774.5460765,3,13,31,9,196,62.0,3166.0
774.546077,2,3,23,9,135,61.0,3514.0
774.5460915,6,29,21,7,298,58.0,1617.0
774.5461,5,20,15,3,110,56.0,843.108
774.641844,1,6,26,7,196,59.0,1903.0
774.6418455,3,10,26,7,180,60.0,2053.0
774.641847,2,2,20,7,131,60.0,2344.0
774.6418695,6,17,14,4,159,56.0,922.398
774.64187,5,43,11,2,54,54.0,493.904
774.737592,1,6,29,9,196,61.0,2911.0
774.737595,2,5,21,9,132,61.0,3545.0
774.7375965,3,7,31,9,197,62.0,3078.0
774.7376095,6,49,21,6,198,57.0,1516.0
774.737618,5,2,14,3,119,56.0,859.982
774.833454,1,12,26,7,192,60.0,1895.0
774.8334555,3,13,28,8,224,61.0,2093.0
774.833456,2,9,18,7,132,59.0,2371.0
774.8334755,6,1,17,3,96,56.0,877.94
774.833479,5,40,12,2,48,54.0,466.124
774.929286,1,9,29,9,196,62.0,2901.0
774.929286,2,8,23,9,137,62.0,3746.0
774.9292875,3,13,31,10,224,62.0,3196.0
774.9293075,6,24,20,6,194,58.0,1499.0
774.929312,5,19,15,3,88,56.0,810.303
777.609978,1,12,26,7,192,60.0,1887.0
777.6099795,3,13,27,7,180,60.0,2048.0
777.60998,2,1,19,7,135,59.0,2388.0
777.6099995,6,4,16,3,96,56.0,883.067
777.610003,5,17,13,2,51,54.0,482.433
777.70587,1,6,28,9,196,61.0,2907.0
777.70587,2,5,22,9,138,61.0,3798.0
777.7058715,3,10,31,9,197,62.0,3142.0
777.7058915,6,21,21,6,194,57.0,1505.0
777.705896,5,2,15,3,119,56.0,851.363
777.801939,1,12,27,7,192,60.0,1884.0
777.8019405,3,13,27,7,183,61.0,2052.0
777.801941,2,9,18,7,135,60.0,2464.0
777.8019605,6,24,16,4,163,56.0,942.915
777.801967,5,17,13,2,66,54.0,471.956
777.897654,1,12,29,9,195,62.0,2893.0
777.8976555,3,13,33,10,224,62.0,3213.0
777.897656,2,9,22,9,135,61.0,3585.0
777.8976705,6,29,23,5,168,58.0,1466.0
777.897679,5,40,16,3,72,56.0,792.153
777.993401,1,9,28,7,196,59.0,1907.0
777.9934025,3,13,27,7,183,60.0,2044.0
777.993406,2,3,19,7,129,60.0,2338.0
777.9934225,6,24,16,4,163,56.0,956.313
777.993427,5,19,12,2,85,55.0,530.441
778.090008,1,12,28,9,195,62.0,2884.0
778.0900095,3,13,31,10,224,62.0,3222.0
778.09001,2,9,21,9,136,61.0,3699.0
778.0900245,6,29,22,5,168,58.0,1480.0
778.090033,5,34,15,3,113,56.0,841.651
780.644359,1,9,28,9,195,62.0,2905.0
780.6443605,3,13,30,10,227,62.0,3224.0
780.644361,2,9,21,9,135,62.0,3686.0
780.6443755,6,1,21,5,167,58.0,1477.0
780.644384,5,40,16,3,119,56.0,852.977
780.740107,1,12,26,7,192,60.0,1886.0
780.7401085,3,13,27,7,183,60.0,2055.0
780.740109,2,9,19,7,135,60.0,2390.0
780.7401285,6,24,17,4,160,56.0,934.341
780.740135,5,17,12,2,49,54.0,443.621
780.835849,1,6,29,9,196,61.0,2917.0
780.8358505,3,10,32,10,263,62.0,3272.0
780.835852,2,5,23,9,134,61.0,3637.0
780.8358625,6,53,22,6,199,57.0,1524.0
780.835875,5,43,15,3,119,56.0,855.909
780.931701,1,12,26,7,195,60.0,1900.0
780.9317025,3,13,27,7,180,61.0,2041.0
780.931703,2,9,20,7,132,59.0,2366.0
780.9317225,6,1,18,4,160,56.0,936.887
780.931726,5,17,13,2,51,54.0,481.499
781.027473,1,6,29,9,196,61.0,2910.0
781.0274745,3,10,30,10,228,62.0,3214.0
781.027476,2,5,20,9,135,61.0,3693.0
781.0274865,6,29,22,6,199,57.0,1528.0
781.027499,5,2,15,3,119,56.0,858.53
781.123319,1,9,28,7,193,60.0,1890.0
781.1233205,3,13,28,7,183,61.0,2065.0
781.123321,2,1,20,7,132,59.0,2278.0
781.1233405,6,24,16,4,163,56.0,957.299
781.123347,5,17,12,2,66,54.0,475.329
781.220185,1,15,28,9,198,61.0,2952.0
781.2201885,3,10,30,9,203,62.0,3180.0
781.22019,2,2,21,9,135,61.0,3667.0
781.2202085,6,21,21,6,194,57.0,1508.0
781.220213,5,1,15,3,119,56.0,851.406
783.810886,1,12,29,9,195,62.0,2894.0
783.8108875,3,13,30,10,227,62.0,3246.0
783.810888,2,9,21,9,135,61.0,3717.0
783.8109025,6,12,22,5,168,58.0,1472.0
783.810911,5,34,14,2,52,56.0,736.905
783.906977,1,12,26,7,195,60.0,1902.0
783.9069785,3,13,27,7,199,60.0,2082.0
783.906979,2,1,19,7,135,59.0,2486.0
783.9069985,6,1,17,3,96,56.0,880.457
783.907002,5,1,12,2,57,54.0,495.578
784.002696,1,9,29,8,196,61.0,2904.0
784.002696,2,8,21,9,138,61.0,3749.0
784.0026975,3,10,30,9,183,62.0,3139.0
784.0027175,6,24,22,6,194,57.0,1505.0
784.002722,5,5,15,3,119,56.0,852.693
784.09853,1,12,26,7,195,60.0,1907.0
784.098532,2,1,20,7,132,59.0,2460.0
784.0985335,3,7,27,7,177,60.0,2022.0
784.0985505,6,21,16,4,163,56.0,952.607
784.098555,5,43,13,3,116,54.0,566.283
784.19442,1,9,29,8,196,61.0,2914.0
784.1944215,3,10,31,9,196,62.0,3155.0
784.194422,2,3,23,10,172,61.0,3993.0
784.1944375,6,28,21,6,198,58.0,1534.0
784.194446,5,19,16,3,119,56.0,878.058
784.290494,1,6,27,7,196,59.0,1911.0
784.290497,2,5,18,7,128,59.0,2368.0
784.2904985,3,7,27,7,177,60.0,2008.0
784.2905155,6,1,16,4,163,55.0,946.082
784.29052,5,43,12,2,54,54.0,497.099
784.386257,1,9,29,9,196,61.0,2920.0
784.386257,2,5,23,9,137,61.0,3739.0
784.3862585,3,10,31,9,203,62.0,3191.0
784.3862785,6,24,21,6,194,58.0,1502.0
784.386283,5,19,14,3,88,56.0,811.398
787.005091,1,15,29,9,198,62.0,2948.0
787.0050955,3,9,31,10,227,62.0,3226.0
787.005096,2,1,23,9,135,61.0,3717.0
787.0051105,6,25,21,5,167,58.0,1470.0
787.005119,5,40,16,3,119,56.0,849.104
787.10084,1,12,26,7,195,60.0,1905.0
787.1008415,3,9,27,7,199,60.0,2099.0
787.100842,2,1,18,7,135,59.0,2416.0
787.1008605,6,2,17,3,97,56.0,887.008
787.100865,5,43,13,2,51,54.0,468.977
787.1966,1,9,29,9,196,61.0,2920.0
787.1966,2,8,22,9,137,61.0,3811.0
787.1966015,3,10,32,9,196,62.0,3172.0
787.1966215,6,24,21,6,197,57.0,1514.0
787.196626,5,5,16,3,109,56.0,837.417
787.292383,1,9,27,7,193,60.0,1897.0
787.292383,2,5,19,7,134,59.0,2521.0
787.2923845,3,7,28,7,180,60.0,2060.0
787.2924045,6,24,16,4,163,56.0,949.185
787.292409,5,19,11,2,68,55.0,518.079
787.388236,1,12,29,9,195,62.0,2907.0
787.3882375,3,9,31,9,202,62.0,3192.0
787.388238,2,2,21,9,132,61.0,3640.0
787.3882525,6,1,22,7,259,58.0,1583.0
787.388261,5,40,15,3,119,56.0,854.056
787.484078,1,6,26,7,196,59.0,1914.0
787.4840795,3,10,27,7,180,60.0,2038.0
787.484081,2,2,19,7,131,59.0,2488.0
787.4840995,6,45,15,4,163,56.0,951.25
787.484104,5,2,11,2,88,54.0,534.751
787.580118,1,12,28,9,195,62.0,2891.0
787.5801195,3,13,32,10,224,62.0,3224.0
787.58012,2,9,23,9,135,61.0,3619.0
787.5801345,6,1,21,5,165,58.0,1457.0
787.580143,5,40,15,3,66,56.0,787.977
790.188838,1,9,29,8,196,61.0,2928.0
790.188838,2,5,23,9,137,61.0,3854.0
790.1888395,3,10,31,9,180,62.0,3144.0
790.1888595,6,24,21,6,197,57.0,1512.0
790.188864,5,43,15,3,119,56.0,854.878
790.284587,1,6,28,7,196,59.0,1917.0
790.2845885,3,10,27,7,180,60.0,2048.0
790.28459,2,2,18,7,131,59.0,2443.0
790.2846085,6,1,16,4,163,55.0,952.511
790.284613,5,2,12,2,54,55.0,492.646
790.38041,1,9,28,9,195,62.0,2885.0
790.3804115,3,13,31,10,224,62.0,3234.0
790.380412,2,9,22,9,135,62.0,3811.0
790.3804265,6,29,21,7,256,58.0,1580.0
790.380435,5,34,15,3,72,56.0,796.033
790.476277,1,12,27,7,195,60.0,1905.0
790.4762785,3,10,28,8,224,61.0,2116.0
790.476279,2,9,19,7,132,59.0,2430.0
790.4762985,6,1,17,3,96,56.0,874.759
790.476302,5,40,12,2,51,54.0,479.895
790.572372,1,15,28,9,198,61.0,2953.0
790.572374,2,8,21,9,138,61.0,3914.0
790.5723765,3,9,31,10,227,62.0,3258.0
790.5723955,6,21,21,5,166,57.0,1467.0
790.5724,5,1,16,3,119,56.0,856.531
790.668133,1,6,27,7,196,59.0,1917.0
790.668136,2,5,20,7,131,59.0,2463.0
790.6681375,3,7,27,7,177,60.0,1989.0
790.6681545,6,45,16,4,166,56.0,958.712
790.668159,5,2,13,2,54,54.0,499.866
790.763859,1,15,28,9,198,62.0,2953.0
790.7638635,3,9,30,10,227,62.0,3258.0
790.763864,2,9,22,9,135,61.0,3696.0
790.7638785,6,1,22,5,167,58.0,1477.0
790.763887,5,40,15,3,119,56.0,869.65
793.374837,1,12,29,9,193,62.0,2894.0
793.3748385,3,6,32,10,221,62.0,3206.0
793.374839,2,71,23,10,165,61.0,3875.0
793.3748535,6,29,21,7,298,58.0,1627.0
793.374863,5,19,15,3,68,56.0,783.41
793.470586,1,12,26,7,195,60.0,1911.0
793.4705875,3,13,27,7,183,61.0,2081.0
793.470588,2,9,19,7,135,60.0,2416.0
793.4706075,6,4,17,3,96,56.0,880.585
793.470611,5,1,12,2,51,54.0,484.963
793.566347,1,15,30,9,198,62.0,2961.0
793.5663515,3,9,31,9,202,62.0,3191.0
793.566352,2,9,22,9,135,61.0,3752.0
793.5663665,6,25,22,5,167,58.0,1465.0
793.566375,5,40,15,3,119,56.0,856.92
793.662136,1,12,27,7,192,60.0,1888.0
793.662136,2,2,21,7,137,60.0,2606.0
793.6621375,3,13,27,7,183,61.0,2063.0
793.6621575,6,24,17,4,163,56.0,950.588
793.662164,5,17,12,2,66,55.0,483.888
793.757965,1,12,29,9,195,62.0,2900.0
793.7579665,3,13,30,10,224,62.0,3229.0
793.757967,2,9,21,9,135,61.0,3817.0
793.7579815,6,29,21,7,256,58.0,1579.0
793.75799,5,20,14,3,113,56.0,841.114
793.853823,1,12,27,7,195,60.0,1907.0
793.8538245,3,9,27,7,199,61.0,2084.0
793.853825,2,1,20,7,135,59.0,2541.0
793.8538445,6,1,18,4,159,56.0,932.616
793.853848,5,43,12,2,51,54.0,478.593
793.950684,1,12,29,9,195,62.0,2909.0
793.950685,2,10,24,9,136,63.0,4005.0
793.9506855,3,13,31,10,224,62.0,3202.0
793.9507005,6,29,22,5,168,58.0,1471.0
793.950709,5,34,16,3,69,56.0,782.273
796.519722,1,8,29,9,198,61.0,2957.0
796.519724,2,8,21,9,138,61.0,3864.0
796.5197285,3,7,29,9,200,62.0,3121.0
796.5197415,6,49,22,6,198,57.0,1513.0
796.51975,5,2,14,3,119,56.0,856.794
796.615469,1,12,26,7,195,60.0,1899.0
796.6154705,3,13,28,7,196,61.0,2086.0
796.615471,2,9,21,7,135,59.0,2522.0
796.6154905,6,1,18,3,96,56.0,883.751
796.615494,5,40,13,2,51,54.0,476.714
796.711233,1,12,29,9,195,62.0,2909.0
796.7112345,3,13,31,10,227,62.0,3237.0
796.711235,2,1,21,9,135,61.0,3790.0
796.7112545,6,24,20,5,163,58.0,1448.0
796.711258,5,6,15,3,72,56.0,803.163
796.807124,1,12,26,7,195,60.0,1905.0
796.8071255,3,13,28,8,224,60.0,2115.0
796.807126,2,9,20,7,135,59.0,2513.0
796.8071455,6,1,16,3,96,56.0,885.184
796.807149,5,40,13,2,48,54.0,462.669
796.902908,1,12,28,9,195,62.0,2900.0
796.9029095,3,13,31,10,227,63.0,3239.0
796.90291,2,74,24,10,168,61.0,4040.0
796.9029295,6,24,21,5,160,58.0,1430.0
796.902933,5,20,15,3,69,56.0,790.029
796.999009,1,12,26,7,195,60.0,1910.0
796.9990105,3,10,28,7,199,61.0,2077.0
796.999011,2,9,19,7,135,60.0,2528.0
796.9990305,6,1,16,3,96,56.0,888.815
796.999034,5,43,12,2,51,54.0,494.45
797.094748,1,9,29,8,193,62.0,2899.0
797.0947495,3,13,31,10,221,62.0,3232.0
797.09475,2,3,23,9,135,61.0,3812.0
797.0947695,6,24,20,7,293,58.0,1597.0
797.094774,5,5,14,3,71,56.0,783.385
798.1739065,3,1,1,0,1,45.0,0.0
799.667454,1,9,30,8,196,61.0,2930.0
799.667454,2,8,22,9,137,61.0,3992.0
799.6674555,3,10,32,10,221,62.0,3257.0
799.6674755,6,24,22,6,197,57.0,1505.0
799.66748,5,19,16,3,68,56.0,789.4
799.763316,1,12,27,7,192,60.0,1894.0
799.7633175,3,13,27,7,183,61.0,2072.0
799.763318,2,1,20,7,132,59.0,2433.0
799.7633375,6,24,17,4,160,56.0,939.414
799.763344,5,17,12,2,49,55.0,463.498
799.859148,1,12,28,9,195,62.0,2901.0
799.8591495,3,13,32,10,224,62.0,3244.0
799.85915,2,9,20,9,135,61.0,3946.0
799.8591645,6,29,21,5,168,58.0,1470.0
799.859173,5,40,16,2,60,56.0,771.287
799.955226,1,12,27,7,192,60.0,1905.0
799.9552275,3,13,27,7,183,61.0,2086.0
799.955228,2,9,20,7,135,59.0,2479.0
799.9552475,6,24,17,4,160,56.0,931.934
799.955251,5,20,13,2,69,55.0,524.76
800.050991,1,12,27,9,195,62.0,2908.0
800.0509925,3,9,30,9,202,62.0,3218.0
800.050993,2,9,21,9,135,61.0,3963.0
800.0510075,6,25,22,5,167,58.0,1477.0
800.051016,5,43,15,3,88,56.0,832.615
800.14671,1,9,26,7,195,60.0,1900.0
800.1467115,3,13,27,7,199,61.0,2094.0
800.146712,2,1,19,7,135,60.0,2601.0
800.1467315,6,1,17,3,96,56.0,879.515
800.146735,5,17,13,2,52,54.0,491.821
800.243575,1,9,29,8,193,62.0,2899.0
800.243576,2,2,23,9,136,61.0,3858.0
800.2435765,3,13,33,10,224,62.0,3223.0
800.2435965,6,24,21,6,221,58.0,1534.0
800.2436,5,20,14,3,72,56.0,801.835
802.851352,1,15,29,9,198,61.0,2953.0
802.8513555,3,10,30,9,200,62.0,3189.0
802.851357,2,77,22,9,135,61.0,3916.0
802.8513715,6,25,21,6,198,57.0,1513.0
802.85138,5,43,15,3,119,56.0,847.818
802.947184,1,9,28,7,192,60.0,1894.0
802.9471855,3,13,28,7,183,60.0,2078.0
802.947189,2,3,19,7,132,60.0,2630.0
802.9472055,6,24,17,4,160,56.0,942.514
802.94721,5,19,12,2,68,55.0,523.065
803.043221,1,6,29,9,196,61.0,2918.0
803.0432225,3,10,31,9,183,62.0,3136.0
803.043224,2,5,22,10,171,61.0,4057.0
803.0432425,6,24,21,6,197,57.0,1498.0
803.043247,5,5,14,3,119,56.0,846.443
803.139008,1,12,26,7,195,60.0,1908.0
803.1390095,3,13,28,7,196,61.0,2094.0
803.13901,2,9,20,7,132,60.0,2543.0
803.1390295,6,4,18,3,96,56.0,877.59
803.139033,5,17,12,2,52,54.0,487.185
803.234711,1,12,29,9,195,62.0,2910.0
803.2347125,3,9,30,9,199,62.0,3185.0
803.234713,2,9,20,9,135,61.0,3842.0
803.2347275,6,1,20,5,167,58.0,1466.0
803.234736,5,40,15,3,113,56.0,829.703
803.330588,1,12,26,7,195,60.0,1908.0
803.3305895,3,13,28,8,224,61.0,2135.0
803.33059,2,9,19,7,135,60.0,2688.0
803.3306095,6,1,18,3,96,56.0,888.647
803.330613,5,17,13,2,52,54.0,484.688
803.426404,1,12,28,9,195,62.0,2908.0
803.4264055,3,13,31,10,227,62.0,3238.0
803.426406,2,9,22,9,135,61.0,3970.0
803.4264205,6,1,23,5,167,58.0,1478.0
803.426429,5,40,15,3,119,56.0,852.128
805.936183,1,5,26,7,195,60.0,1912.0
805.936185,2,2,18,7,132,59.0,2439.0
805.9361865,3,7,28,7,177,60.0,2029.0
805.9362035,6,45,16,4,163,55.0,947.076
805.936208,5,43,12,2,51,54.0,479.522
806.032213,1,12,28,9,195,62.0,2906.0
806.0322145,3,13,30,10,227,62.0,3249.0
806.032215,2,9,21,9,135,62.0,3948.0
806.0322295,6,1,21,5,164,58.0,1442.0
806.032238,5,40,15,3,119,56.0,849.381
806.128058,1,6,27,7,196,59.0,1909.0
806.128061,2,2,19,7,131,60.0,2618.0
806.1280625,3,7,28,7,180,60.0,2040.0
806.1280795,6,1,16,5,194,55.0,979.739
806.128084,5,2,12,2,51,54.0,487.218
806.224153,1,6,30,9,196,61.0,2925.0
806.224153,2,5,23,10,170,61.0,4128.0
806.2241545,3,10,30,9,183,62.0,3174.0
806.2241705,6,49,22,6,201,57.0,1525.0
806.224179,5,5,14,3,119,56.0,852.658
806.319899,1,12,26,7,195,60.0,1914.0
806.319901,2,2,20,7,135,59.0,2578.0
806.3199025,3,7,27,7,177,60.0,2037.0
806.3199195,6,21,16,4,163,55.0,942.195
806.319924,5,43,10,2,54,54.0,493.611
806.416459,1,9,30,8,196,61.0,2925.0
806.4164605,3,10,31,9,196,62.0,3199.0
806.416462,2,2,22,9,134,61.0,3886.0
806.4164805,6,24,21,6,221,58.0,1527.0
806.416485,5,19,15,3,109,56.0,822.314
806.512508,1,9,27,7,192,60.0,1895.0
806.512509,2,10,20,7,136,59.0,2774.0
806.5125095,3,13,28,8,224,60.0,2138.0
806.5125295,6,24,17,4,160,56.0,923.92
806.512536,5,17,12,2,66,55.0,484.52
806.608281,1,12,28,9,195,62.0,2900.0
806.608281,2,11,24,10,170,62.0,4193.0
806.6082825,3,13,30,10,224,62.0,3269.0
806.6082975,6,29,21,5,168,58.0,1470.0
806.608306,5,20,15,3,72,56.0,788.664
809.082131,1,9,27,7,192,60.0,1907.0
809.082131,2,5,20,8,137,59.0,2663.0
809.0821325,3,13,28,7,183,60.0,2079.0
809.0821525,6,24,18,4,163,56.0,949.937
809.082159,5,17,11,2,52,55.0,460.554
809.178142,1,9,29,9,195,62.0,2913.0
809.1781435,3,13,31,10,227,62.0,3267.0
809.178144,2,9,23,9,135,61.0,4033.0
809.1781585,6,1,22,5,167,58.0,1469.0
809.178167,5,40,16,3,119,56.0,862.452
809.274988,1,9,27,7,192,60.0,1896.0
809.2749895,3,13,26,7,196,60.0,2085.0
809.27499,2,1,20,7,135,60.0,2635.0
809.2750095,6,24,17,4,160,56.0,927.948
809.275016,5,17,12,2,66,55.0,481.804
809.37086,1,12,28,9,195,62.0,2900.0
809.3708615,3,9,31,9,199,62.0,3199.0
809.370862,2,9,21,9,135,61.0,4049.0
809.3708765,6,25,21,7,259,58.0,1585.0
809.370885,5,43,15,3,119,56.0,856.811
809.466681,2,8,20,8,134,59.0,2709.0
809.466681,1,6,27,7,196,59.0,1918.0
809.4666825,3,10,28,7,200,60.0,2113.0
809.4667025,6,24,17,4,163,56.0,949.456
809.466707,5,2,11,2,54,55.0,503.616
809.562776,1,9,29,8,195,61.0,2905.0
809.562776,2,2,21,9,137,61.0,4054.0
809.5627775,3,7,31,9,196,62.0,3202.0
809.5627925,6,29,21,6,226,58.0,1554.0
809.562802,5,5,15,3,109,56.0,832.913
809.659323,1,12,26,7,195,60.0,1900.0
809.6593245,3,13,27,7,199,61.0,2100.0
809.659325,2,9,20,7,135,59.0,2619.0
809.6593445,6,1,18,3,96,56.0,886.311
809.659348,5,17,13,2,52,54.0,488.111
809.755412,1,9,28,9,195,62.0,2908.0
809.7554135,3,13,31,10,224,62.0,3257.0
809.755414,2,9,22,10,168,62.0,4170.0
809.7554335,6,24,21,5,163,58.0,1448.0
809.755437,5,6,15,3,72,56.0,793.385
812.216232,1,12,25,7,195,60.0,1910.0
812.2162335,3,9,27,7,179,60.0,2076.0
812.216234,2,77,20,7,131,60.0,2531.0
812.2162525,6,21,15,4,194,56.0,970.719
812.216257,5,43,12,2,51,54.0,481.001
812.312296,1,9,29,8,195,61.0,2929.0
812.312297,2,2,25,12,267,61.0,4462.0
812.3122975,3,10,31,9,193,62.0,3174.0
812.3123125,6,29,20,6,226,58.0,1565.0
812.312322,5,5,14,3,68,56.0,783.324
812.408044,1,9,27,7,192,59.0,1898.0
812.4080455,3,10,28,7,183,60.0,2092.0
812.408049,2,2,19,7,129,59.0,2365.0
812.4080655,6,24,17,4,160,56.0,928.341
812.40807,5,19,10,2,54,54.0,494.66
812.503788,1,6,29,8,196,61.0,2923.0
812.5037895,3,10,30,9,200,62.0,3220.0
812.503791,2,5,20,10,164,61.0,4195.0
812.5038095,6,24,22,7,293,57.0,1601.0
812.503814,5,5,15,3,88,56.0,802.028
812.599644,1,12,27,7,195,60.0,1911.0
812.5996455,3,13,27,8,224,60.0,2124.0
812.599646,2,1,20,7,135,59.0,2639.0
812.5996655,6,24,17,3,96,56.0,872.207
812.599672,5,17,12,2,66,55.0,483.067
812.695502,1,9,30,8,193,61.0,2912.0
812.695502,2,5,23,10,138,62.0,4288.0
812.6955035,3,13,32,10,224,62.0,3259.0
812.6955235,6,24,21,6,218,58.0,1529.0
812.695528,5,5,15,3,68,56.0,774.963
812.791579,1,12,26,7,195,60.0,1911.0
812.7915805,3,13,27,7,196,61.0,2081.0
812.791581,2,1,19,8,135,60.0,2768.0
812.7916005,6,24,18,3,96,56.0,879.056
812.791607,5,17,12,2,49,54.0,444.602
812.887321,1,13,29,9,196,61.0,2921.0
812.887324,2,5,23,9,135,61.0,3981.0
812.8873255,3,7,29,9,200,62.0,3140.0
812.8873425,6,45,20,6,197,57.0,1503.0
812.887347,5,43,15,3,88,56.0,803.224
815.295231,1,12,27,7,195,60.0,1919.0
815.2952325,3,13,26,7,183,60.0,2104.0
815.295233,2,1,21,8,135,59.0,2692.0
815.2952525,6,24,16,4,160,56.0,930.144
815.295259,5,17,12,2,66,55.0,484.629
815.391309,1,9,30,8,195,61.0,2922.0
815.39131,2,7,22,9,136,61.0,4213.0
815.3913105,3,10,31,10,224,62.0,3262.0
815.3913305,6,24,22,6,221,58.0,1525.0
815.391334,5,20,14,3,72,56.0,794.42
815.488161,1,5,26,7,195,59.0,1914.0
815.488163,2,2,19,7,131,60.0,2730.0
815.4881645,3,7,28,7,180,60.0,2033.0
815.4881815,6,2,16,4,163,55.0,943.001
815.488186,5,2,12,2,54,54.0,492.7
815.583902,1,6,30,8,196,61.0,2928.0
815.583902,2,5,22,10,137,61.0,4150.0
815.5839035,3,10,30,10,224,62.0,3267.0
815.5839235,6,24,21,6,197,58.0,1499.0
815.583928,5,5,15,3,68,56.0,785.939
815.679733,1,12,25,7,195,60.0,1912.0
815.6797345,3,13,27,8,199,61.0,2126.0
815.679735,2,9,20,7,135,60.0,2698.0
815.6797545,6,1,18,3,96,56.0,879.456
815.679758,5,1,12,2,51,54.0,484.221
815.775548,1,15,30,9,198,62.0,2970.0
815.77555,2,112,23,10,138,61.0,4008.0
815.7755525,3,9,30,9,202,62.0,3243.0
815.7755675,6,25,21,6,198,57.0,1510.0
815.775576,5,43,15,3,116,56.0,838.291
815.871372,1,12,26,7,195,60.0,1915.0
815.8713735,3,9,27,7,182,60.0,2080.0
815.871374,2,77,21,7,131,59.0,2575.0
815.8713925,6,21,16,4,163,56.0,940.787
815.871397,5,43,11,2,51,54.0,485.075
815.967438,1,9,30,8,196,61.0,2929.0
815.9674395,3,10,30,10,224,62.0,3260.0
815.967441,2,5,22,9,135,61.0,4052.0
815.9674595,6,24,21,6,221,58.0,1537.0
815.967464,5,19,15,3,109,56.0,834.202
818.365534,1,12,26,7,195,60.0,1910.0
818.3655355,3,13,27,8,224,61.0,2160.0
818.365536,2,9,21,7,135,59.0,2624.0
818.3655555,6,7,16,3,96,57.0,881.689
818.365562,5,17,12,2,49,54.0,454.641
818.462396,1,9,31,8,195,61.0,2911.0
818.462396,2,5,24,10,170,61.0,4190.0
818.4623975,3,10,32,10,224,62.0,3272.0
818.4624175,6,24,22,6,221,58.0,1529.0
818.462422,5,19,15,3,71,56.0,781.368
818.558141,1,5,26,7,192,59.0,1904.0
818.5581415,3,10,27,7,183,60.0,2089.0
818.558143,2,2,20,7,131,60.0,2730.0
818.5581615,6,1,15,4,163,56.0,934.839
818.558166,5,2,11,2,54,54.0,494.807
818.653888,1,12,28,9,195,62.0,2921.0
818.6538895,3,13,31,9,202,62.0,3229.0
818.65389,2,77,23,10,135,61.0,4086.0
818.6539045,6,9,22,6,198,58.0,1510.0
818.653913,5,40,16,3,66,56.0,785.42
818.749741,1,12,25,7,195,60.0,1901.0
818.749743,2,1,19,7,131,59.0,2559.0
818.7497445,3,7,27,7,180,61.0,2075.0
818.7497615,6,21,17,4,163,56.0,939.98
818.749766,5,43,12,2,51,54.0,477.603
818.845601,1,9,31,8,195,62.0,2914.0
818.845602,2,7,22,9,136,61.0,4224.0
818.8456025,3,13,31,10,224,62.0,3267.0
818.8456175,6,29,22,6,202,58.0,1516.0
818.845626,5,20,16,3,72,56.0,790.308
818.941706,1,12,26,7,195,60.0,1917.0
818.9417075,3,9,27,7,179,61.0,2076.0
818.941708,2,1,20,7,132,60.0,2659.0
818.9417275,6,1,16,4,162,56.0,938.254
818.941731,5,43,12,2,51,54.0,477.311
819.03742,1,12,29,9,195,62.0,2901.0
819.0374215,3,13,31,10,227,62.0,3260.0
819.037422,2,77,25,14,342,61.0,4696.0
819.0374365,6,1,21,5,161,58.0,1437.0
819.037445,5,40,15,3,119,56.0,852.061
820.2005325,3,1,1,0,1,45.0,0.0
821.523077,1,12,26,7,195,60.0,1908.0
821.523079,2,1,20,8,132,59.0,2703.0
821.5230805,3,7,27,7,197,60.0,2074.0
821.5230975,6,21,15,4,194,55.0,963.218
821.523102,5,43,12,2,54,54.0,489.468
821.619122,1,12,28,9,195,62.0,2903.0
821.6191235,3,13,32,9,199,62.0,3243.0
821.619124,2,9,25,10,171,62.0,4306.0
821.6191385,6,1,21,5,167,58.0,1465.0
821.619147,5,40,16,3,119,56.0,852.623
821.714966,1,6,26,7,193,59.0,1902.0
821.714969,2,2,19,8,134,60.0,2786.0
821.7149705,3,7,27,7,180,60.0,2035.0
821.7149875,6,24,16,4,163,56.0,934.324
821.714992,5,2,11,2,54,55.0,490.752
821.810826,1,9,31,8,195,61.0,2929.0
821.8108275,3,10,31,10,221,62.0,3297.0
821.810829,2,5,22,9,134,61.0,4049.0
821.8108425,6,29,22,6,226,58.0,1558.0
821.810852,5,5,15,3,71,56.0,801.693
821.906904,1,12,26,7,195,60.0,1912.0
821.9069055,3,9,28,7,199,60.0,2118.0
821.906906,2,77,19,8,131,59.0,2732.0
821.9069245,6,21,17,4,163,56.0,936.071
821.906929,5,43,11,2,51,54.0,480.943
822.002646,1,12,29,9,195,62.0,2910.0
822.0026475,3,13,32,10,227,62.0,3290.0
822.002648,2,1,25,10,135,61.0,4212.0
822.0026625,6,1,22,6,198,58.0,1504.0
822.002671,5,40,16,3,119,56.0,847.72
822.09839,1,12,26,7,195,60.0,1914.0
822.0983915,3,13,28,7,196,61.0,2114.0
822.098392,2,9,20,7,132,60.0,2610.0
822.0984115,6,1,17,4,162,56.0,935.868
822.098415,5,43,11,2,51,54.0,488.731
822.194186,1,15,29,9,198,62.0,2959.0
822.1941905,3,9,31,9,202,62.0,3246.0
822.194191,2,77,21,10,167,62.0,4392.0
822.1942015,6,29,23,6,205,57.0,1522.0
822.194214,5,43,15,3,119,56.0,853.022
824.65612,1,12,27,7,195,60.0,1908.0
824.6561215,3,13,27,7,196,61.0,2126.0
824.656122,2,9,19,8,135,60.0,2793.0
824.6561415,6,1,16,3,96,56.0,885.189
824.656145,5,20,13,2,52,54.0,492.984
824.752164,1,15,29,9,198,61.0,2964.0
824.7521685,3,9,30,9,202,62.0,3255.0
824.752169,2,2,24,9,135,62.0,4104.0
824.7521875,6,45,22,6,197,57.0,1497.0
824.752192,5,2,15,2,54,56.0,746.66
824.847914,1,12,26,7,195,60.0,1913.0
824.8479155,3,13,27,7,179,60.0,2076.0
824.847916,2,74,20,8,135,60.0,2742.0
824.8479355,6,7,17,3,96,56.0,876.323
824.847942,5,17,12,2,49,54.0,450.192
824.943805,1,12,28,9,195,62.0,2925.0
824.9438065,3,9,31,9,202,62.0,3258.0
824.943807,2,77,24,10,135,61.0,4140.0
824.9438215,6,25,22,6,219,58.0,1531.0
824.94383,5,1,15,3,119,56.0,831.68
825.039672,1,12,26,7,192,60.0,1897.0
825.039674,2,77,21,8,134,60.0,2775.0
825.0396755,3,7,27,7,180,60.0,2071.0
825.0396925,6,45,15,4,194,55.0,966.771
825.039697,5,2,11,2,51,54.0,476.071
825.135724,1,15,28,9,198,61.0,2961.0
825.1357285,3,9,30,9,214,62.0,3259.0
825.135729,2,109,23,10,168,61.0,4411.0
825.1357475,6,45,21,7,293,57.0,1595.0
825.135752,5,43,15,3,119,56.0,859.007
825.231448,1,6,26,7,193,59.0,1907.0
825.2314525,3,7,26,8,221,60.0,2101.0
825.231453,2,3,20,7,129,60.0,2657.0
825.2314695,6,24,16,4,163,56.0,939.796
825.231474,5,19,12,2,54,55.0,490.185
825.32719,1,12,29,9,195,62.0,2917.0
825.3271915,3,13,33,10,227,62.0,3283.0
825.327192,2,9,23,10,135,61.0,4221.0
825.3272065,6,29,22,5,161,58.0,1429.0
825.327215,5,20,16,3,113,56.0,831.321
827.6494465,6,1,1,0,1,45.0,0.0
827.796263,1,6,27,7,193,59.0,1908.0
827.796266,2,5,19,8,134,59.0,2817.0
827.7962675,3,7,27,7,180,60.0,2034.0
827.7962845,6,24,17,4,163,56.0,938.969
827.796289,5,2,13,2,54,54.0,503.575
827.894235,1,9,28,9,195,62.0,2918.0
827.8942365,3,13,30,10,227,62.0,3314.0
827.894237,2,77,22,10,135,61.0,4174.0
827.8942515,6,1,23,5,167,58.0,1453.0
827.89426,5,40,15,3,119,56.0,855.894
827.989985,1,9,26,7,195,59.0,1912.0
827.9899865,3,13,28,7,183,60.0,2101.0
827.989988,2,2,19,8,134,59.0,2780.0
827.9900065,6,24,16,4,160,56.0,940.434
827.990011,5,19,11,2,68,55.0,521.314
828.08574,1,15,30,9,198,62.0,2966.0
828.0857445,3,9,29,10,220,62.0,3307.0
828.085745,2,2,22,9,135,62.0,4228.0
828.0857555,6,29,23,6,229,57.0,1566.0
828.085768,5,43,14,2,54,56.0,750.596
828.181557,1,6,26,7,192,59.0,1908.0
828.1815585,3,10,27,7,183,60.0,2095.0
828.18156,2,2,20,8,134,59.0,2890.0
828.1815785,6,24,17,4,160,56.0,930.079
828.181583,5,19,12,2,68,55.0,519.334
828.277393,1,12,30,9,195,62.0,2921.0
828.2773945,3,13,31,10,227,62.0,3299.0
828.277395,2,9,24,13,336,62.0,4595.0
828.2774095,6,29,22,4,105,58.0,1383.0
828.277418,5,6,15,3,88,55.0,805.264
828.373518,1,12,26,7,195,60.0,1913.0
828.3735195,3,13,27,8,199,61.0,2105.0
828.37352,2,1,20,8,135,59.0,2769.0
828.3735395,6,1,17,3,96,56.0,875.308
828.373543,5,1,12,2,52,54.0,488.085
828.469257,1,15,29,9,198,62.0,2961.0
828.4692615,3,9,31,9,202,62.0,3254.0
828.469262,2,77,22,10,168,62.0,4295.0
828.4692725,6,29,22,6,205,58.0,1532.0
828.469285,5,1,15,3,119,56.0,856.341
830.970062,1,9,26,7,195,60.0,1917.0
830.970062,2,1,20,8,137,60.0,3020.0
830.9700635,3,10,28,8,224,60.0,2157.0
830.9700835,6,24,17,4,160,56.0,925.683
830.97009,5,17,11,2,52,55.0,464.91
831.066177,1,9,31,8,195,61.0,2928.0
831.066177,2,8,25,12,267,61.0,4584.0
831.0661785,3,10,31,10,227,62.0,3311.0
831.0661985,6,24,21,6,221,58.0,1538.0
831.066203,5,19,14,3,68,56.0,801.605
831.1619,1,9,27,7,195,60.0,1917.0
831.1619,2,8,20,8,137,59.0,2755.0
831.1619015,3,10,28,7,183,60.0,2106.0
831.1619215,6,24,17,4,160,56.0,929.854
831.161928,5,17,11,2,49,54.0,452.958
831.257642,1,12,28,9,195,62.0,2914.0
831.2576435,3,13,31,9,202,62.0,3249.0
831.257644,2,77,22,11,168,62.0,4436.0
831.2576585,6,25,22,6,201,58.0,1510.0
831.257667,5,1,15,3,119,56.0,846.059
831.353444,1,9,27,7,195,59.0,1915.0
831.3534455,3,10,28,7,183,60.0,2102.0
831.353449,2,3,20,7,132,60.0,2657.0
831.3534655,6,24,16,4,160,56.0,927.842
831.353472,5,17,12,2,66,54.0,488.641
831.449281,1,12,28,9,195,62.0,2918.0
831.4492825,3,13,32,9,202,62.0,3243.0
831.449283,2,77,24,11,168,61.0,4437.0
831.449295,5,51,15,3,130,56.0,882.612
831.4492975,6,1,22,6,219,58.0,1546.0
831.545161,1,12,26,7,195,60.0,1920.0
831.5451625,3,10,27,7,199,60.0,2113.0
831.545163,2,2,21,8,131,59.0,2787.0
831.5451815,6,2,16,4,160,56.0,925.463
831.545186,5,43,11,2,51,54.0,494.007
831.64118,1,12,29,9,195,62.0,2928.0
831.6411815,3,13,31,9,199,62.0,3246.0
831.641182,2,9,24,10,168,61.0,4357.0
831.6411965,6,12,22,5,167,58.0,1453.0
831.641205,5,20,14,3,119,56.0,855.063
834.141958,1,12,26,7,192,60.0,1925.0
834.14196,2,1,20,8,134,61.0,2798.0
834.1419615,3,7,28,7,197,60.0,2084.0
834.1419785,6,2,17,4,160,55.0,930.814
834.141983,5,2,12,2,54,54.0,498.334
834.238788,1,9,30,8,195,61.0,2950.0
834.238788,2,8,22,10,137,61.0,4325.0
834.2387895,3,10,31,10,224,62.0,3305.0
834.2388095,6,24,21,6,221,58.0,1528.0
834.238814,5,5,15,3,71,56.0,794.828
834.33465,1,12,26,7,195,60.0,1934.0
834.3346515,3,9,27,7,182,61.0,2108.0
834.334652,2,77,19,8,131,60.0,2823.0
834.3346705,6,21,18,4,163,56.0,940.554
834.334675,5,43,11,2,51,54.0,480.608
834.430749,1,12,30,9,195,62.0,2967.0
834.430749,2,2,24,12,239,62.0,4794.0
834.4307505,3,7,33,9,196,62.0,3242.0
834.4307655,6,29,23,6,226,58.0,1549.0
834.430774,5,20,15,3,66,56.0,783.893
834.526432,1,12,26,7,195,60.0,1944.0
834.5264335,3,9,28,7,199,60.0,2131.0
834.526434,2,1,21,8,131,59.0,2739.0
834.5264525,6,21,16,4,194,56.0,966.797
834.526457,5,43,13,2,51,54.0,488.54
834.622176,1,9,30,8,195,61.0,2961.0
834.6221775,3,10,31,10,224,62.0,3295.0
834.622178,2,6,24,10,135,61.0,4297.0
834.6221975,6,24,21,6,221,58.0,1531.0
834.622202,5,19,15,3,71,56.0,796.807
834.718032,1,12,27,7,192,60.0,1935.0
834.718034,2,5,21,8,131,59.0,2762.0
834.7180355,3,7,27,7,180,60.0,2063.0
834.7180525,6,1,16,4,163,56.0,931.338
834.718057,5,2,12,2,54,54.0,502.151
834.813875,1,12,29,9,195,62.0,2958.0
834.813875,2,11,22,11,170,62.0,4545.0
834.8138765,3,13,31,10,227,62.0,3310.0
834.8138965,6,24,21,4,100,58.0,1363.0
834.8139,5,20,15,3,119,56.0,851.625
837.306931,1,12,27,7,195,60.0,1940.0
837.3069325,3,13,27,7,183,61.0,2098.0
837.306933,2,9,20,8,135,60.0,2914.0
837.3069525,6,24,17,3,96,56.0,880.503
837.306956,5,20,11,2,52,55.0,489.08
837.403497,1,9,30,9,195,62.0,2960.0
837.403497,2,8,23,10,137,61.0,4399.0
837.4034985,3,6,31,10,224,62.0,3292.0
837.4035135,6,29,22,5,122,58.0,1396.0
837.403522,5,6,14,2,60,56.0,776.735
837.499546,1,12,27,7,195,60.0,1944.0
837.4995475,3,13,26,7,179,60.0,2104.0
837.499548,2,1,20,8,135,60.0,2773.0
837.4995675,6,1,17,3,96,56.0,877.75
837.499571,5,20,12,2,69,54.0,522.717
837.596409,1,12,29,9,195,62.0,2961.0
837.5964105,3,13,31,10,227,62.0,3290.0
837.596411,2,77,22,10,135,61.0,4246.0
837.5964255,6,9,22,6,195,58.0,1475.0
837.596434,5,17,14,3,119,55.0,843.997
837.692242,1,6,28,7,193,59.0,1939.0
837.6922435,3,10,28,8,224,60.0,2168.0
837.692245,2,2,20,8,134,60.0,2916.0
837.6922635,6,24,16,4,160,56.0,927.429
837.692268,5,5,12,2,54,55.0,502.554
837.78812,1,12,29,9,195,62.0,2961.0
837.78812,2,8,24,10,137,61.0,4468.0
837.7881215,3,13,30,9,199,62.0,3251.0
837.7881365,6,29,22,6,226,58.0,1557.0
837.788145,5,20,16,3,119,56.0,854.075
837.884207,1,6,28,7,192,59.0,1935.0
837.88421,2,2,20,8,164,59.0,2943.0
837.8842115,3,7,27,7,180,60.0,2071.0
837.8842285,6,24,16,4,160,56.0,928.427
837.884233,5,2,12,2,54,55.0,503.501
837.97997,1,12,29,9,195,62.0,2955.0
837.9799715,3,13,31,9,199,62.0,3271.0
837.979972,2,9,21,10,135,61.0,4279.0
837.9799915,6,24,22,5,117,58.0,1380.0
837.979995,5,1,15,2,60,56.0,765.928
840.493558,1,12,25,7,195,60.0,1938.0
840.4935595,3,13,27,7,199,61.0,2136.0
840.49356,2,9,22,8,132,60.0,2687.0
840.4935795,6,1,17,3,96,56.0,878.426
840.493583,5,1,11,2,51,54.0,490.605
840.589805,1,12,29,9,195,62.0,2949.0
840.589805,2,76,25,11,170,61.0,4476.0
840.5898065,3,13,31,10,227,62.0,3317.0
840.5898215,6,29,22,5,161,58.0,1419.0
840.58983,5,20,15,3,119,56.0,846.938
840.685562,1,12,26,7,195,60.0,1944.0
840.6855635,3,13,28,8,199,61.0,2132.0
840.685564,2,9,21,8,135,60.0,2840.0
840.6855835,6,1,18,4,159,56.0,928.338
840.685587,5,43,12,2,51,54.0,481.04
840.781279,1,15,30,9,198,62.0,3008.0
840.7812835,3,9,30,10,223,62.0,3312.0
840.781284,2,77,23,10,164,61.0,4406.0
840.7813025,6,21,22,6,221,57.0,1532.0
840.781307,5,2,15,2,54,56.0,761.74
840.877115,1,12,27,7,195,60.0,1941.0
840.8771165,3,6,27,7,179,60.0,2091.0
840.877117,2,9,23,9,168,60.0,2995.0
840.8771365,6,24,18,3,96,56.0,871.116
840.877143,5,17,12,2,49,54.0,450.056
840.972948,1,12,29,9,195,62.0,2964.0
840.972948,2,8,23,14,344,62.0,5022.0
840.9729495,3,6,30,10,227,62.0,3289.0
840.9729645,6,29,22,5,122,58.0,1403.0
840.972973,5,20,15,3,113,56.0,836.559
841.06908,1,12,27,7,192,60.0,1929.0
841.069082,2,77,20,8,134,59.0,2914.0
841.0690835,3,7,28,7,180,60.0,2065.0
841.0691005,6,24,17,4,163,56.0,936.642
841.069105,5,2,10,2,51,55.0,494.714
841.164842,1,9,28,9,195,62.0,2966.0
841.1648435,3,13,30,10,202,62.0,3265.0
841.164844,2,77,23,10,135,62.0,4355.0
841.1648585,6,1,23,6,198,58.0,1492.0
841.164867,5,40,14,3,119,56.0,836.056
843.642884,1,12,26,7,195,60.0,1935.0
843.6428855,3,13,28,8,199,61.0,2138.0
843.642886,2,9,20,8,135,60.0,2978.0
843.6429055,6,1,16,4,159,56.0,927.688
843.642909,5,17,11,2,52,54.0,489.772
843.739748,1,6,29,9,195,61.0,2975.0
843.7397495,3,10,31,10,224,62.0,3320.0
843.739751,2,77,23,10,134,61.0,4388.0
843.7397695,6,24,21,6,221,58.0,1530.0
843.739774,5,5,13,2,54,56.0,754.116
843.835517,1,12,25,7,195,60.0,1936.0
843.8355185,3,13,27,8,199,60.0,2131.0
843.835519,2,77,20,8,135,61.0,2846.0
843.8355385,6,1,17,3,96,56.0,874.666
843.835542,5,1,11,2,48,54.0,477.381
843.931233,1,15,29,9,198,62.0,3017.0
843.9312375,3,9,31,10,220,62.0,3278.0
843.931238,2,77,21,11,164,61.0,4508.0
843.9312525,6,49,22,6,225,57.0,1542.0
843.931261,5,43,15,2,54,56.0,761.642
844.02704,1,6,26,7,192,60.0,1922.0
844.027043,2,1,20,8,134,60.0,2877.0
844.0270445,3,7,26,7,180,60.0,2065.0
844.0270615,6,24,17,5,194,56.0,970.78
844.027066,5,2,11,2,54,55.0,496.63
844.122874,1,6,29,9,195,61.0,2980.0
844.122874,2,8,23,11,170,61.0,4542.0
844.1228785,3,7,30,10,221,62.0,3248.0
844.1228905,6,29,22,6,226,57.0,1550.0
844.1229,5,5,15,3,71,56.0,789.993
844.218736,1,12,25,7,195,60.0,1945.0
844.2187375,3,13,28,8,199,61.0,2132.0
844.218738,2,77,22,8,135,60.0,2887.0
844.2187575,6,1,18,3,96,57.0,876.738
844.218761,5,1,12,2,48,54.0,478.455
844.315572,1,12,29,9,195,62.0,2965.0
844.3155735,3,13,32,9,199,62.0,3249.0
844.315574,2,9,26,11,168,61.0,4495.0
844.3155935,6,24,23,5,156,58.0,1409.0
844.315597,5,20,14,3,119,56.0,860.353
846.70253,1,12,25,7,195,60.0,1949.0
846.7025315,3,13,28,7,199,61.0,2116.0
846.702532,2,9,20,8,135,60.0,2938.0
846.7025515,6,1,17,4,193,56.0,957.807
846.702555,5,43,11,2,51,54.0,482.247
846.79858,1,12,30,9,195,62.0,2956.0
846.7985815,3,6,32,9,199,62.0,3245.0
846.798582,2,1,24,10,135,62.0,4458.0
846.7985965,6,29,22,5,161,58.0,1420.0
846.798605,5,20,15,3,69,56.0,800.359
846.894421,1,9,26,7,195,60.0,1938.0
846.8944225,3,13,28,8,199,61.0,2136.0
846.894423,2,9,20,8,135,60.0,2912.0
846.8944425,6,1,17,3,96,57.0,872.236
846.894446,5,1,11,2,52,54.0,489.494
846.99054,1,12,29,9,195,62.0,2962.0
846.9905415,3,13,31,9,202,62.0,3255.0
846.990542,2,77,23,10,135,62.0,4577.0
846.9905565,6,25,23,6,201,58.0,1506.0
846.990565,5,1,14,3,119,56.0,856.671
847.086262,1,12,26,7,195,60.0,1929.0
847.0862635,3,13,29,7,199,61.0,2137.0
847.086264,2,1,20,8,134,60.0,2899.0
847.0862825,6,2,16,4,194,56.0,962.171
847.086287,5,43,10,2,51,54.0,476.537
847.182003,1,9,29,8,195,61.0,2973.0
847.182004,2,4,23,10,136,61.0,4458.0
847.1820045,3,10,31,10,224,62.0,3306.0
847.1820195,6,29,23,6,226,58.0,1546.0
847.182029,5,19,15,3,68,56.0,782.107
847.277809,1,9,26,7,195,60.0,1951.0
847.2778105,3,13,27,7,183,60.0,2105.0
847.277812,2,2,20,8,134,60.0,2845.0
847.2778305,6,24,17,3,96,56.0,883.252
847.277837,5,17,12,2,52,55.0,459.422
847.374675,1,12,29,9,195,62.0,2965.0
847.3746765,3,13,30,9,202,62.0,3256.0
847.374677,2,9,21,11,171,62.0,4637.0
847.3746915,6,25,23,6,219,58.0,1531.0
847.3747,5,1,15,3,119,56.0,854.024
849.826771,1,9,26,7,195,60.0,1934.0
849.8267725,3,10,28,7,180,60.0,2109.0
849.826776,2,3,20,7,132,60.0,2780.0
849.8267925,6,24,17,3,96,56.0,871.196
849.826799,5,17,12,2,66,55.0,477.859
849.922544,1,9,29,8,195,62.0,2978.0
849.922544,2,5,25,10,140,61.0,4363.0
849.9225455,3,10,31,10,227,62.0,3323.0
849.9225655,6,24,22,6,221,58.0,1537.0
849.922569,5,20,14,3,72,56.0,816.299
850.018399,1,12,25,7,195,60.0,1950.0
850.0184005,3,13,28,7,196,61.0,2158.0
850.018404,2,1,20,7,132,60.0,2728.0
850.0184205,6,7,18,3,96,57.0,871.08
850.018424,5,20,11,2,52,55.0,493.962
850.114239,1,12,28,9,195,62.0,2951.0
850.1142405,3,13,31,9,202,62.0,3262.0
850.114241,2,74,23,10,135,62.0,4442.0
850.1142555,6,1,23,6,198,58.0,1498.0
850.114264,5,40,15,3,119,55.0,853.798
850.210331,1,12,25,7,195,60.0,1941.0
850.2103325,3,9,28,7,199,61.0,2126.0
850.210333,2,1,20,8,135,60.0,2997.0
850.2103515,6,21,17,4,194,56.0,957.556
850.210356,5,1,11,2,51,54.0,490.152
850.306046,1,15,29,9,198,61.0,3011.0
850.3060505,3,9,30,10,223,62.0,3298.0
850.306051,2,77,22,10,134,61.0,4417.0
850.3060695,6,24,22,6,221,58.0,1533.0
850.306074,5,2,15,2,54,56.0,748.45
850.401797,1,12,27,7,195,60.0,1947.0
850.401797,2,8,22,8,137,61.0,3171.0
850.4017985,3,13,27,7,179,60.0,2090.0
850.4018185,6,24,18,3,96,56.0,876.075
850.401825,5,17,12,2,52,55.0,474.061
850.497622,1,15,30,9,198,62.0,3013.0
850.4976265,3,9,30,10,220,62.0,3294.0
850.497627,2,77,24,11,167,62.0,4529.0
850.4976375,6,29,22,6,229,57.0,1557.0
850.49765,5,2,15,2,54,56.0,766.55
852.998697,1,12,26,7,192,60.0,1927.0
852.998699,2,1,21,8,134,60.0,2942.0
852.9987005,3,7,28,7,180,60.0,2061.0
852.9987175,6,1,16,4,194,56.0,959.976
852.998722,5,2,11,2,54,54.0,498.027
853.095579,1,12,29,9,195,62.0,2964.0
853.0955805,3,13,30,10,227,62.0,3347.0
853.095581,2,9,24,11,168,61.0,4485.0
853.0955955,6,12,23,5,161,58.0,1423.0
853.095604,5,20,15,3,119,56.0,863.665
853.191304,1,9,26,7,195,60.0,1946.0
853.191304,2,8,19,8,137,60.0,2986.0
853.1913055,3,6,26,8,199,60.0,2138.0
853.1913255,6,24,17,3,96,56.0,866.228
853.191332,5,17,11,2,52,55.0,465.852
853.287174,1,12,28,9,195,62.0,2962.0
853.2871755,3,9,31,10,223,62.0,3329.0
853.287176,2,77,22,10,135,62.0,4345.0
853.2871905,6,49,21,6,225,57.0,1547.0
853.287199,5,1,15,3,119,56.0,853.305
853.382977,1,12,27,7,195,60.0,1948.0
853.3829785,3,13,27,7,196,61.0,2125.0
853.382979,2,9,21,8,135,60.0,2996.0
853.3829985,6,1,17,3,96,57.0,877.442
853.383002,5,20,11,2,52,54.0,497.1
853.479096,1,9,29,8,195,61.0,2978.0
853.479096,2,8,23,10,137,61.0,4518.0
853.4790975,3,10,32,10,224,62.0,3299.0
853.4791125,6,29,22,6,226,58.0,1551.0
853.479122,5,19,15,3,68,56.0,792.055
853.574865,1,12,26,7,195,60.0,1942.0
853.5748665,3,13,27,7,182,60.0,2091.0
853.574867,2,9,20,8,135,61.0,2996.0
853.5748865,6,1,17,4,159,56.0,919.177
853.57489,5,1,12,2,52,54.0,496.835
853.67058,1,9,28,8,195,61.0,2967.0
853.670581,2,7,24,10,136,61.0,4564.0
853.6705815,3,10,32,10,224,62.0,3309.0
853.6705965,6,29,23,6,226,58.0,1544.0
853.670605,5,20,15,3,69,56.0,799.935
856.142535,1,9,27,7,195,59.0,1945.0
856.1425365,3,10,26,7,193,60.0,2125.0
856.142538,2,5,22,8,134,60.0,2964.0
856.1425565,6,24,17,3,96,56.0,874.047
856.142561,5,19,11,2,51,55.0,489.808
856.238372,1,15,29,9,198,62.0,3008.0
856.238374,2,80,25,11,170,62.0,4718.0
856.2383765,3,9,30,10,223,62.0,3315.0
856.2383915,6,28,23,6,225,58.0,1553.0
856.2384,5,5,14,2,54,56.0,763.451
856.3345,1,12,26,7,195,60.0,1940.0
856.3345015,3,13,28,8,199,61.0,2131.0
856.334502,2,9,21,8,135,60.0,2877.0
856.3345215,6,1,17,4,193,56.0,968.907
856.334525,5,43,11,2,51,54.0,492.529
856.430308,1,12,28,9,195,62.0,2974.0
856.4303095,3,13,31,9,202,62.0,3257.0
856.43031,2,9,23,10,135,61.0,4392.0
856.4303285,6,21,22,6,197,58.0,1495.0
856.430333,5,40,14,3,119,55.0,841.681
856.525985,1,6,26,7,195,59.0,1945.0
856.525988,2,5,22,8,138,60.0,3093.0
856.5259895,3,7,28,8,221,60.0,2125.0
856.5260065,6,24,17,5,194,56.0,959.923
856.526011,5,19,12,2,68,55.0,532.335
856.621756,1,8,29,9,197,61.0,3012.0
856.6217595,3,10,31,10,224,62.0,3315.0
856.621761,2,2,24,11,170,61.0,4548.0
856.6217795,6,24,21,6,221,58.0,1530.0
856.621784,5,5,14,2,54,56.0,764.018
856.717613,1,9,25,7,195,60.0,1958.0
856.7176145,3,13,27,7,183,61.0,2135.0
856.717616,2,2,19,7,134,60.0,2862.0
856.7176345,6,24,17,3,96,56.0,868.773
856.717641,5,17,10,2,52,55.0,477.541
856.814474,1,6,29,8,195,61.0,2978.0
856.814475,2,7,24,11,169,61.0,4672.0
856.8144755,3,10,31,10,224,62.0,3315.0
856.8144955,6,24,21,6,224,58.0,1534.0
856.8145,5,19,15,3,68,56.0,807.041
859.220564,1,12,27,7,192,60.0,1929.0
859.220566,2,1,20,8,134,60.0,2987.0
859.2205675,3,7,27,7,180,60.0,2067.0
859.2205845,6,21,16,5,221,56.0,998.46
859.220589,5,2,10,2,54,54.0,492.572
859.31662,1,9,29,9,195,62.0,2965.0
859.3166215,3,13,32,10,202,62.0,3271.0
859.316622,2,9,24,10,138,62.0,4592.0
859.3166365,6,12,24,6,198,58.0,1494.0
859.316645,5,20,15,3,119,56.0,850.305
859.41349,1,12,26,7,195,60.0,1950.0
859.4134915,3,13,26,8,199,61.0,2155.0
859.413492,2,74,20,8,135,60.0,2908.0
859.4135115,6,24,17,3,96,56.0,870.782
859.413515,5,20,12,2,52,55.0,503.621
859.509236,2,73,25,11,173,61.0,4682.0
859.509236,1,12,29,9,195,62.0,2974.0
859.5092375,3,7,31,10,227,62.0,3325.0
859.5092575,6,24,22,5,117,58.0,1365.0
859.509261,5,20,15,2,60,56.0,781.804
859.604999,1,12,26,7,195,60.0,1943.0
859.6050005,3,13,28,8,199,61.0,2146.0
859.605001,2,6,21,8,135,60.0,2967.0
859.6050205,6,1,17,3,96,56.0,869.269
859.605024,5,20,11,2,55,55.0,502.422
859.700806,2,8,23,14,341,61.0,5086.0
859.700806,1,9,30,9,195,62.0,2971.0
859.7008075,3,10,30,9,199,62.0,3264.0
859.7008225,6,29,22,6,226,58.0,1555.0
859.700831,5,6,13,2,55,56.0,772.269
859.796648,1,12,26,7,195,61.0,1942.0
859.7966495,3,13,28,8,199,61.0,2142.0
859.79665,2,77,20,8,135,60.0,2975.0
859.7966695,6,1,18,3,96,56.0,865.252
859.796673,5,17,12,2,57,54.0,510.289
859.892765,1,15,30,9,197,62.0,3011.0
859.8927695,3,9,30,10,220,62.0,3311.0
859.89277,2,77,23,11,168,62.0,4566.0
859.8927885,6,24,22,6,221,57.0,1525.0
859.892793,5,2,15,2,54,56.0,768.955
862.272503,1,5,26,7,194,60.0,1942.0
862.272505,2,5,20,8,134,60.0,2998.0
862.2725065,3,7,27,8,221,60.0,2129.0
862.2725235,6,24,17,5,221,56.0,989.934
862.272528,5,5,11,2,54,55.0,507.237
862.368578,1,9,28,9,195,62.0,2969.0
862.3685795,3,6,32,10,227,62.0,3328.0
862.36858,2,74,24,10,135,62.0,4507.0
862.3685945,6,1,23,6,195,58.0,1482.0
862.368603,5,20,14,3,119,56.0,841.401
862.464352,1,12,24,7,195,60.0,1958.0
862.464352,2,2,21,8,137,59.0,2991.0
862.4643535,3,13,27,7,196,61.0,2139.0
862.4643735,6,24,18,3,96,57.0,870.225
862.46438,5,17,12,2,49,54.0,448.531
862.560226,1,12,28,9,195,62.0,2947.0
862.5602275,3,13,31,10,220,62.0,3294.0
862.560228,2,77,24,13,332,62.0,4907.0
862.5602385,6,29,24,6,229,58.0,1548.0
862.560251,5,43,14,3,119,55.0,849.951
862.656047,1,9,26,7,195,60.0,1956.0
862.656047,2,8,20,8,137,60.0,2974.0
862.6560485,3,13,27,7,183,60.0,2135.0
862.6560685,6,24,17,3,96,56.0,871.452
862.656075,5,17,11,2,52,55.0,466.368
862.752122,1,12,28,9,195,62.0,2967.0
862.7521235,3,13,32,9,199,62.0,3271.0
862.752124,2,74,26,14,338,62.0,5171.0
862.7521385,6,1,24,6,201,58.0,1507.0
862.752147,5,20,16,3,119,56.0,874.817
862.847859,1,9,26,7,195,60.0,1936.0
862.8478605,3,13,27,7,183,60.0,2129.0
862.847862,2,5,18,8,134,60.0,2945.0
862.8478805,6,24,18,3,96,56.0,864.648
862.847887,5,17,11,2,66,55.0,489.067
862.944191,2,8,26,11,170,61.0,4647.0
862.944191,1,9,29,9,195,62.0,2982.0
862.9441925,3,10,32,10,227,62.0,3322.0
862.9442075,6,29,23,6,226,58.0,1546.0
862.944216,5,20,14,3,119,56.0,845.543
865.357701,1,12,27,7,192,60.0,1932.0
865.3577025,3,10,28,7,199,61.0,2153.0
865.357703,2,1,20,8,132,60.0,2898.0
865.3577215,6,21,17,5,197,56.0,971.491
865.357726,5,43,11,2,62,54.0,526.832
865.454538,1,12,28,9,195,62.0,2957.0
865.4545395,3,13,31,9,202,62.0,3252.0
865.45454,2,9,24,11,168,62.0,4645.0
865.4545545,6,1,22,6,219,58.0,1532.0
865.454563,5,40,14,3,119,55.0,842.224
865.550668,1,9,25,7,195,60.0,1943.0
865.5506695,3,13,27,8,196,60.0,2138.0
865.550671,2,2,20,9,170,60.0,3157.0
865.5506895,6,24,19,3,96,57.0,868.744
865.550696,5,17,11,2,49,55.0,448.909
865.646418,1,12,29,9,195,62.0,2955.0
865.6464195,3,13,32,10,202,62.0,3277.0
865.64642,2,9,24,11,168,62.0,4595.0
865.6464345,6,1,24,6,198,58.0,1488.0
865.646443,5,20,15,3,119,55.0,840.659
865.742124,1,12,26,7,192,60.0,1927.0
865.7421255,3,10,27,7,199,61.0,2155.0
865.742126,2,77,20,8,134,60.0,3037.0
865.7421445,6,2,17,4,194,56.0,958.771
865.742149,5,43,11,2,51,54.0,499.633
865.837918,1,15,29,9,197,62.0,3020.0
865.83792,2,80,24,11,171,62.0,4719.0
865.8379245,3,7,30,10,259,62.0,3295.0
865.8379415,6,24,23,6,221,58.0,1532.0
865.837946,5,5,15,2,62,56.0,777.411
865.934582,1,5,26,7,194,60.0,1952.0
865.934584,2,5,20,8,134,60.0,2914.0
865.9345855,3,7,28,7,180,60.0,2101.0
865.9346025,6,24,18,3,100,56.0,878.169
865.934607,5,2,11,2,54,55.0,503.386
866.030616,1,6,28,8,195,61.0,2973.0
866.0306175,3,10,30,10,224,62.0,3316.0
866.030619,2,2,25,12,264,62.0,4897.0
866.0306375,6,24,22,6,224,58.0,1542.0
866.030642,5,5,16,3,71,56.0,800.228
868.423764,1,12,25,7,192,60.0,1937.0
868.4237655,3,10,27,8,223,61.0,2167.0
868.423766,2,77,20,8,135,60.0,2972.0
868.4237845,6,21,17,4,194,56.0,957.063
868.423789,5,43,11,2,51,54.0,482.582
868.519803,1,12,28,9,195,62.0,2968.0
868.5198045,3,9,30,10,223,62.0,3301.0
868.519805,2,77,23,11,168,62.0,4715.0
868.5198195,6,25,22,6,225,58.0,1550.0
868.519828,5,43,15,2,57,55.0,766.379
868.616673,1,12,25,7,195,60.0,1942.0
868.6166745,3,13,27,7,199,61.0,2123.0
868.616675,2,9,21,8,131,60.0,3047.0
868.6166945,6,1,17,4,162,56.0,934.97
868.616698,5,43,11,2,52,54.0,496.724
868.712416,1,12,29,9,195,62.0,2963.0
868.7124175,3,13,30,10,220,62.0,3302.0
868.712418,2,77,25,11,168,62.0,4738.0
868.7124285,6,29,24,6,229,57.0,1558.0
868.712441,5,43,15,3,119,56.0,856.582
868.808161,1,12,26,7,195,60.0,1936.0
868.8081625,3,13,28,8,199,61.0,2149.0
868.808163,2,9,20,8,135,60.0,2914.0
868.8081825,6,1,17,3,96,57.0,863.744
868.808186,5,20,12,2,52,55.0,494.87
868.903988,1,12,28,9,195,62.0,2979.0
868.9039895,3,13,31,10,202,63.0,3302.0
868.90399,2,9,23,10,135,62.0,4657.0
868.9040045,6,1,23,6,225,58.0,1550.0
868.904013,5,17,14,3,119,55.0,847.987
868.999852,1,12,25,7,195,60.0,1935.0
868.9998535,3,13,27,7,199,61.0,2134.0
868.999854,2,9,20,8,135,60.0,2991.0
868.9998735,6,1,16,4,193,56.0,954.864
868.999877,5,43,11,2,51,54.0,489.218
869.09595,1,12,28,9,195,62.0,2965.0
869.0959515,3,13,31,9,202,62.0,3284.0
869.095952,2,77,23,11,171,62.0,4779.0
869.0959665,6,25,23,7,297,58.0,1621.0
869.095975,5,43,13,2,54,56.0,767.206
871.505608,1,12,26,7,195,60.0,1945.0
871.5056095,3,13,27,7,199,61.0,2156.0
871.50561,2,9,21,8,135,60.0,2969.0
871.5056285,6,21,16,4,194,56.0,954.99
871.505633,5,43,11,2,51,54.0,493.203
871.601639,1,12,29,9,195,62.0,2959.0
871.6016405,3,9,31,10,223,62.0,3319.0
871.601641,2,77,24,10,135,62.0,4519.0
871.6016555,6,25,22,6,225,58.0,1544.0
871.601664,5,43,14,2,62,56.0,771.294
871.6975,2,5,22,8,137,60.0,3182.0
871.697501,1,5,26,7,194,59.0,1953.0
871.6975045,3,7,26,7,180,60.0,2082.0
871.6975215,6,24,18,3,96,56.0,864.999
871.697526,5,5,11,2,54,55.0,501.512
871.793332,1,9,29,8,195,61.0,2972.0
871.793332,2,8,25,10,137,62.0,4746.0
871.7933335,3,10,31,10,227,63.0,3328.0
871.7933535,6,24,22,6,221,58.0,1511.0
871.793358,5,19,14,2,54,56.0,754.538
871.889406,1,6,25,7,195,59.0,1953.0
871.8894105,3,7,26,8,221,60.0,2124.0
871.889411,2,3,18,8,132,60.0,3028.0
871.8894275,6,24,18,3,96,56.0,872.07
871.889434,5,17,12,2,66,55.0,488.224
871.985167,1,12,28,9,195,62.0,2965.0
871.9851685,3,13,31,9,202,62.0,3265.0
871.985169,2,77,25,11,168,62.0,4752.0
871.9851835,6,25,24,6,225,58.0,1544.0
871.985192,5,43,14,3,119,56.0,846.192
872.080892,1,12,26,7,195,61.0,1942.0
872.0808935,3,13,27,8,199,61.0,2156.0
872.080894,2,9,21,8,135,60.0,3070.0
872.0809135,6,1,18,4,193,56.0,958.711
872.080917,5,1,11,2,51,54.0,494.787
872.176719,1,12,29,9,195,62.0,2963.0
872.1767205,3,13,31,10,220,62.0,3304.0
872.176721,2,77,26,12,225,63.0,5070.0
872.1767315,6,29,24,7,301,58.0,1625.0
872.176744,5,1,15,3,134,56.0,847.325
874.657753,1,12,26,7,191,60.0,1938.0
874.6577545,3,9,28,7,199,61.0,2179.0
874.657755,2,77,19,8,134,61.0,2991.0
874.6577735,6,21,17,4,194,56.0,960.684
874.657778,5,2,11,2,54,54.0,502.993
874.753815,1,9,30,8,195,62.0,2982.0
874.753815,2,5,26,12,227,62.0,4900.0
874.7538165,3,10,31,10,227,62.0,3335.0
874.7538315,6,29,23,5,122,58.0,1385.0
874.75384,5,20,13,2,60,56.0,776.334
874.849564,1,12,26,7,195,60.0,1948.0
874.849564,2,11,21,12,337,60.0,3459.0
874.8495655,3,13,28,8,199,61.0,2147.0
874.8495855,6,1,18,3,96,57.0,865.286
874.849589,5,17,12,2,52,55.0,497.966
874.94532,1,15,30,9,197,62.0,3018.0
874.9453245,3,9,30,10,220,62.0,3311.0
874.945325,2,77,25,11,167,62.0,4817.0
874.9453435,6,24,24,6,224,57.0,1545.0
874.945348,5,5,15,2,54,56.0,764.747
875.041106,1,6,26,7,195,59.0,1946.0
875.041109,2,2,21,8,134,60.0,3003.0
875.0411105,3,7,27,8,221,60.0,2136.0
875.0411275,6,24,18,3,96,56.0,858.853
875.041134,5,17,11,2,52,55.0,459.823
875.136943,1,12,30,9,195,62.0,2978.0
875.1369445,3,13,32,10,227,62.0,3358.0
875.136945,2,74,24,11,171,61.0,4714.0
875.1369595,6,12,23,6,198,58.0,1484.0
875.136968,5,20,15,3,119,56.0,846.83
875.2328,1,12,26,7,195,60.0,1946.0
875.2328015,3,13,27,8,199,61.0,2139.0
875.232802,2,71,22,8,138,60.0,3069.0
875.2328215,6,24,18,3,96,56.0,864.153
875.232828,5,17,11,2,49,55.0,454.069
875.32884,1,6,29,8,195,61.0,2978.0
875.328841,2,4,25,11,169,62.0,4915.0
875.3288445,3,7,31,10,224,62.0,3254.0
875.3288565,6,29,22,7,229,58.0,1553.0
875.328866,5,19,14,3,68,56.0,793.204
877.824599,1,12,25,7,191,60.0,1927.0
877.8246005,3,9,27,7,199,61.0,2133.0
877.824601,2,1,20,8,134,60.0,3062.0
877.8246195,6,21,16,4,194,56.0,959.178
877.824624,5,2,12,2,51,55.0,494.306
877.920687,1,9,29,9,195,62.0,2972.0
877.9206885,3,13,31,9,202,63.0,3256.0
877.920689,2,74,23,11,168,62.0,5007.0
877.9207035,6,1,24,6,219,58.0,1535.0
877.920712,5,1,15,3,119,56.0,860.591
878.016411,1,6,25,7,195,59.0,1956.0
878.016414,2,2,19,8,134,60.0,3031.0
878.0164155,3,7,26,7,180,60.0,2085.0
878.0164325,6,24,18,3,96,56.0,861.276
878.016437,5,19,12,2,68,55.0,518.296
878.11216,1,12,29,9,195,62.0,2968.0
878.1121615,3,13,30,10,202,62.0,3280.0
878.112162,2,74,24,11,168,62.0,4879.0
878.1121765,6,1,23,6,225,58.0,1535.0
878.112185,5,40,15,3,119,55.0,840.084
878.208012,1,12,25,7,192,60.0,1933.0
878.2080135,3,9,27,7,199,60.0,2127.0
878.208014,2,9,23,8,134,60.0,3082.0
878.2080325,6,21,18,4,197,56.0,958.66
878.208037,5,2,10,2,51,54.0,488.622
878.30385,1,9,29,8,195,61.0,2979.0
878.3038515,3,10,30,10,221,62.0,3331.0
878.303853,2,5,24,11,167,61.0,4702.0
878.3038715,6,24,24,6,221,58.0,1520.0
878.303876,5,19,14,3,71,56.0,797.993
878.400776,1,12,26,7,192,60.0,1947.0
878.4007775,3,9,27,7,182,61.0,2123.0
878.400778,2,77,21,8,134,60.0,3125.0
878.4007965,6,21,18,5,218,56.0,993.917
878.400801,5,1,11,2,51,54.0,490.413
878.496814,1,12,29,9,195,62.0,2968.0
878.496814,2,11,24,11,173,62.0,4919.0
878.4968155,3,6,32,9,199,62.0,3259.0
878.4968305,6,12,23,6,219,58.0,1522.0
878.496839,5,20,15,3,119,56.0,835.791
880.968355,1,6,25,7,195,59.0,1958.0
880.9683565,3,10,27,7,183,60.0,2125.0
880.968358,2,5,21,8,134,60.0,3137.0
880.9683765,6,24,18,3,96,56.0,865.122
880.968383,5,17,11,2,66,55.0,486.612
881.064424,1,15,29,9,197,62.0,3016.0
881.0644285,3,9,30,10,220,62.0,3330.0
881.064429,2,77,27,10,138,62.0,4785.0
881.0644475,6,45,22,6,221,57.0,1526.0
881.064452,5,2,14,3,71,56.0,805.818
881.160276,1,8,27,7,197,60.0,1971.0
881.160278,2,80,22,9,167,60.0,3358.0
881.1602825,3,7,27,8,221,60.0,2134.0
881.1602995,6,24,17,5,194,56.0,965.034
881.160304,5,5,11,2,54,55.0,496.507
881.256089,1,8,30,9,197,61.0,3003.0
881.256094,2,5,24,11,167,61.0,4697.0
881.2560955,3,7,31,10,221,62.0,3246.0
881.2561125,6,24,23,6,224,58.0,1519.0
881.256117,5,19,13,3,68,57.0,781.553
881.352223,1,12,26,7,195,60.0,1953.0
881.3522245,3,13,27,8,199,61.0,2162.0
881.352225,2,9,20,8,135,61.0,3085.0
881.3522445,6,1,17,3,96,56.0,866.289
881.352248,5,1,11,2,51,54.0,491.284
881.447961,1,12,27,9,195,62.0,2972.0
881.4479625,3,13,31,9,202,63.0,3281.0
881.447963,2,77,22,10,135,62.0,4747.0
881.4479775,6,25,22,6,225,58.0,1544.0
881.447986,5,1,14,2,57,55.0,765.194
881.543709,1,9,26,7,195,60.0,1956.0
881.5437105,3,13,28,7,196,61.0,2143.0
881.543711,2,1,20,8,135,60.0,3159.0
881.5437305,6,24,19,3,96,57.0,863.374
881.543737,5,17,11,2,49,54.0,452.876
881.6395,1,12,29,9,194,62.0,2968.0
881.6395015,3,13,30,9,199,62.0,3262.0
881.639502,2,9,24,10,138,62.0,4779.0
881.6395165,6,25,23,6,228,57.0,1552.0
881.639525,5,43,14,2,62,56.0,777.033
884.125505,1,5,24,7,194,60.0,1944.0
884.125507,2,2,20,9,170,61.0,3332.0
884.1255085,3,7,28,7,180,60.0,2079.0
884.1255255,6,24,18,3,96,56.0,857.908
884.12553,5,5,11,2,54,55.0,509.604
884.221321,1,15,30,9,197,62.0,3015.0
884.2213255,3,9,31,10,226,62.0,3326.0
884.221326,2,77,23,10,138,62.0,4824.0
884.2213365,6,32,24,7,232,58.0,1559.0
884.221349,5,2,14,2,57,56.0,771.294
884.317456,2,5,22,9,173,60.0,3278.0
884.317456,1,6,25,7,195,59.0,1960.0
884.3174575,3,10,26,7,179,60.0,2119.0
884.3174775,6,24,18,3,96,57.0,869.252
884.317484,5,17,12,2,66,55.0,487.336
884.414013,1,15,30,9,197,62.0,3012.0
884.4140165,3,10,30,10,224,62.0,3318.0
884.414018,2,77,25,11,170,62.0,4748.0
884.4140315,6,29,24,6,229,58.0,1545.0
884.414041,5,5,14,2,54,56.0,753.341
884.510082,1,12,26,7,192,61.0,1936.0
884.5100835,3,13,26,7,199,61.0,2142.0
884.510084,2,77,22,8,134,60.0,3125.0
884.5101025,6,2,17,4,194,56.0,951.286
884.510107,5,43,11,2,51,54.0,492.714
884.605853,1,8,29,9,197,62.0,3014.0
884.605858,2,5,23,11,167,62.0,4924.0
884.6058595,3,7,30,9,180,62.0,3188.0
884.6058765,6,24,23,6,221,58.0,1518.0
884.605881,5,19,13,3,68,56.0,798.421
884.70155,1,12,25,7,192,61.0,1937.0
884.7015515,3,13,27,8,199,61.0,2150.0
884.701552,2,77,19,8,135,60.0,3095.0
884.7015715,6,1,17,5,196,56.0,956.401
884.701575,5,43,11,2,51,54.0,487.809
884.797399,1,12,30,8,195,62.0,2977.0
884.797399,2,8,26,11,173,62.0,5050.0
884.7974005,3,10,31,9,199,62.0,3274.0
884.7974155,6,29,24,5,122,58.0,1383.0
884.797424,5,20,16,3,119,56.0,847.969
887.343497,1,6,25,7,195,59.0,1955.0
887.343497,2,73,20,8,137,60.0,3177.0
887.3434985,3,10,28,7,196,60.0,2154.0
887.3435185,6,24,19,3,100,57.0,865.465
887.343525,5,17,11,2,66,55.0,498.828
887.439239,1,9,29,9,195,62.0,2977.0
887.4392405,3,7,31,9,199,62.0,3271.0
887.439241,2,6,24,11,171,62.0,5065.0
887.4392555,6,29,26,6,195,58.0,1478.0
887.439264,5,20,15,3,119,56.0,857.217
887.536112,1,6,27,7,195,59.0,1955.0
887.536115,2,2,21,8,134,59.0,3056.0
887.5361165,3,7,26,7,180,60.0,2082.0
887.5361335,6,24,18,3,96,56.0,860.204
887.536138,5,19,10,2,54,55.0,502.734
887.631851,1,9,29,9,195,62.0,2963.0
887.6318525,3,13,32,10,211,62.0,3310.0
887.631853,2,74,26,11,168,62.0,4897.0
887.6318675,6,1,25,6,225,58.0,1545.0
887.631876,5,1,16,3,119,56.0,851.744
887.727684,1,6,25,7,195,59.0,1958.0
887.727684,2,5,21,9,167,60.0,3347.0
887.7276855,3,10,27,7,183,60.0,2126.0
887.7277055,6,24,18,3,96,57.0,860.385
887.72771,5,19,10,2,68,55.0,521.465
887.823518,1,12,28,9,195,62.0,2953.0
887.8235195,3,13,31,9,202,63.0,3262.0
887.82352,2,77,25,14,335,62.0,5423.0
887.8235305,6,29,24,6,229,58.0,1549.0
887.823543,5,43,14,3,119,55.0,832.563
887.91967,1,12,26,7,194,60.0,1953.0
887.919672,2,1,20,8,134,59.0,2978.0
887.9196735,3,7,26,7,197,61.0,2112.0
887.9196905,6,24,18,5,194,56.0,957.614
887.919695,5,2,11,2,54,54.0,499.658
888.015387,1,12,30,8,195,62.0,2973.0
888.015387,2,5,24,11,173,62.0,5039.0
888.0153885,3,7,32,10,227,62.0,3348.0
888.0154035,6,29,26,5,161,58.0,1408.0
888.015412,5,20,14,3,119,56.0,835.974
890.488383,1,6,26,7,195,59.0,1957.0
890.4883845,3,10,29,8,224,60.0,2184.0
890.488386,2,2,21,8,134,60.0,3100.0
890.4884045,6,24,19,3,96,56.0,855.037
890.488409,5,5,11,2,54,55.0,500.452
890.586082,1,9,27,9,194,62.0,2975.0
890.5860835,3,13,32,10,223,63.0,3335.0
890.586084,2,9,23,10,135,62.0,4754.0
890.5860985,6,25,23,6,228,58.0,1547.0
890.586107,5,1,15,2,62,55.0,780.946
890.682123,1,9,26,7,195,60.0,1951.0
890.6821245,3,13,28,7,196,61.0,2134.0
890.682126,2,2,20,8,137,60.0,3281.0
890.6821445,6,24,19,3,96,57.0,858.846
890.682151,5,17,10,2,52,55.0,459.893
890.684433,1,1,1,0,1,45.0,0.0
890.777863,1,12,28,9,195,62.0,2969.0
890.7778645,3,13,32,10,220,63.0,3332.0
890.777865,2,77,25,11,167,62.0,5051.0
890.7778755,6,1,25,6,229,58.0,1558.0
890.777888,5,1,15,2,52,56.0,758.607
890.873613,1,12,25,7,192,60.0,1935.0
890.8736145,3,10,27,7,182,61.0,2130.0
890.873615,2,77,22,9,164,60.0,3211.0
890.8736335,6,21,17,5,197,56.0,965.353
890.873638,5,43,11,2,51,54.0,489.535
890.969488,1,6,29,8,195,61.0,2999.0
890.969489,2,7,26,11,169,62.0,5066.0
890.9694895,3,10,30,10,224,62.0,3352.0
890.9695095,6,24,24,5,117,58.0,1364.0
890.969514,5,5,13,2,54,56.0,760.105
891.06531,1,12,25,7,194,60.0,1949.0
891.0653115,3,9,27,7,182,61.0,2125.0
891.065312,2,1,22,8,134,60.0,3084.0
891.0653305,6,24,18,4,194,56.0,946.201
891.065335,5,2,12,2,54,55.0,505.599
891.162147,1,12,28,9,194,62.0,2973.0
891.1621485,3,13,30,10,223,62.0,3322.0
891.162149,2,77,24,10,135,62.0,4941.0
891.1621635,6,25,22,6,228,58.0,1546.0
891.162172,5,1,13,2,54,56.0,757.719
893.607362,2,2,21,8,137,60.0,3310.0
893.607362,1,9,25,7,195,60.0,1945.0
893.6073635,3,7,28,8,199,60.0,2149.0
893.6073835,6,7,19,3,96,57.0,854.103
893.60739,5,17,11,2,49,54.0,446.86
893.703112,1,12,28,9,194,62.0,2983.0
893.7031135,3,9,31,10,220,62.0,3335.0
893.703114,2,77,25,10,138,62.0,4787.0
893.7031325,6,24,22,6,224,58.0,1539.0
893.703137,5,2,14,2,62,56.0,782.413
893.798906,1,12,25,7,194,60.0,1960.0
893.798908,2,2,20,8,134,60.0,3115.0
893.7989095,3,7,26,7,180,60.0,2094.0
893.7989265,6,24,18,3,96,56.0,855.132
893.798931,5,2,11,2,54,55.0,495.506
893.894762,1,15,29,9,197,62.0,3032.0
893.8947665,3,9,30,9,182,62.0,3227.0
893.894767,2,77,23,11,164,62.0,5015.0
893.8947805,6,29,25,7,229,58.0,1558.0
893.89479,5,5,14,2,54,56.0,767.906
893.990603,1,12,25,7,195,60.0,1959.0
893.990604,2,75,23,8,139,61.0,3266.0
893.9906045,3,13,26,7,196,61.0,2155.0
893.9906245,6,7,19,3,96,57.0,857.239
893.990628,5,20,12,2,52,55.0,487.73
894.08664,1,12,28,9,194,62.0,2974.0
894.0866415,3,13,31,10,223,63.0,3323.0
894.086642,2,9,25,14,335,62.0,5318.0
894.0866525,6,29,25,6,229,58.0,1562.0
894.086665,5,43,13,2,54,56.0,766.898
894.182384,1,9,24,7,195,60.0,1958.0
894.182386,2,74,20,8,135,60.0,3190.0
894.1823885,3,10,25,7,193,60.0,2093.0
894.1824055,6,24,18,3,96,57.0,856.425
894.182412,5,17,10,2,52,55.0,462.808
894.278129,1,12,28,9,194,62.0,2968.0
894.2781305,3,13,32,10,223,62.0,3327.0
894.278131,2,77,25,11,164,62.0,4850.0
894.2781495,6,21,22,6,224,58.0,1539.0
894.278154,5,2,13,2,54,56.0,751.327
896.79111,1,12,25,7,194,60.0,1951.0
896.7911115,3,13,27,8,223,61.0,2197.0
896.791112,2,77,21,8,134,60.0,3226.0
896.7911305,6,21,18,5,221,56.0,987.035
896.791135,5,1,11,2,51,54.0,487.095
896.88693,1,15,30,9,197,62.0,3017.0
896.8869345,3,9,30,10,223,62.0,3311.0
896.886935,2,77,24,11,164,62.0,4927.0
896.8869535,6,24,22,7,233,58.0,1555.0
896.886958,5,2,14,2,54,56.0,759.865
896.982778,1,12,25,7,194,60.0,1958.0
896.98278,2,1,21,8,134,60.0,3179.0
896.9827815,3,7,27,7,180,61.0,2088.0
896.9827985,6,24,17,5,194,56.0,952.67
896.982803,5,2,11,2,54,55.0,499.209
897.078894,1,15,29,9,197,62.0,3019.0
897.0788985,3,9,30,10,220,62.0,3311.0
897.078899,2,77,25,10,134,62.0,4782.0
897.0789175,6,24,24,7,233,58.0,1553.0
897.078922,5,2,13,2,54,56.0,763.501
897.174669,1,12,24,7,194,60.0,1966.0
897.1746705,3,9,27,8,223,61.0,2196.0
897.174671,2,77,21,9,164,61.0,3337.0
897.1746895,6,24,18,5,194,56.0,947.989
897.174694,5,2,11,2,54,55.0,513.667
897.270387,1,6,29,8,195,61.0,3012.0
897.270387,2,8,26,12,170,62.0,5260.0
897.2703885,3,10,30,10,227,62.0,3312.0
897.2704035,6,29,25,7,226,58.0,1547.0
897.270412,5,20,14,3,113,56.0,825.376
897.366162,1,12,25,7,195,60.0,1960.0
897.366163,2,2,21,8,136,60.0,3313.0
897.3661635,3,13,28,8,199,61.0,2151.0
897.3661835,6,1,19,3,96,57.0,865.755
897.366187,5,1,12,2,52,55.0,495.566
897.462009,1,15,29,9,197,62.0,3028.0
897.4620135,3,9,31,10,223,62.0,3329.0
897.462014,2,77,24,10,134,63.0,4919.0
897.4620325,6,24,24,6,227,58.0,1540.0
897.462037,5,5,14,2,54,56.0,753.249
899.932056,1,9,25,7,195,60.0,1974.0
899.932056,2,8,20,8,137,61.0,3340.0
899.9320575,3,7,27,7,182,60.0,2138.0
899.9320775,6,7,18,3,96,56.0,845.93
899.932081,5,20,11,2,55,55.0,506.894
900.028917,1,12,29,9,195,62.0,2982.0
900.0289185,3,13,31,10,220,62.0,3332.0
900.028919,2,9,23,11,168,62.0,4855.0
900.0289335,6,1,24,6,225,58.0,1542.0
900.028942,5,1,14,3,119,56.0,849.281
900.125789,1,12,26,7,192,61.0,1943.0
900.1257905,3,13,28,8,199,61.0,2145.0
900.125791,2,9,22,8,135,61.0,3251.0
900.1258105,6,1,18,5,193,57.0,953.285
900.125814,5,1,11,2,51,54.0,490.01
900.221562,1,12,28,9,195,62.0,2989.0
900.2215635,3,13,31,10,220,63.0,3323.0
900.221564,2,77,25,11,164,63.0,4962.0
900.2215785,6,25,24,6,228,58.0,1557.0
900.221587,5,43,13,2,51,55.0,748.215
900.317417,1,12,26,7,192,61.0,1938.0
900.3174185,3,13,27,7,199,61.0,2155.0
900.317419,2,9,21,9,164,61.0,3351.0
900.3174375,6,2,19,5,218,56.0,994.463
900.317442,5,43,11,2,52,54.0,492.581
900.413256,1,9,28,9,195,62.0,2999.0
900.4132575,3,13,31,10,220,63.0,3345.0
900.413258,2,77,27,13,221,62.0,5213.0
900.4132685,6,29,25,7,232,58.0,1563.0
900.413281,5,43,13,2,57,56.0,781.381
900.509348,1,6,24,7,195,59.0,1957.0
900.509348,2,5,22,8,140,60.0,3208.0
900.5093525,3,7,26,8,221,60.0,2139.0
900.5093695,6,24,20,3,96,57.0,857.693
900.509374,5,19,11,2,68,55.0,526.145
900.605066,1,12,29,9,195,62.0,2989.0
900.605066,2,8,25,11,170,62.0,5005.0
900.6050675,3,7,33,10,227,62.0,3335.0
900.6050825,6,29,24,6,198,59.0,1486.0
900.605091,5,20,14,3,119,56.0,843.409
903.060065,1,12,24,7,195,60.0,1963.0
903.060065,2,8,22,8,137,60.0,3307.0
903.0600665,3,13,28,7,199,61.0,2147.0
903.0600865,6,1,19,3,96,57.0,852.444
903.06009,5,20,11,2,52,55.0,489.713
903.158033,1,12,27,9,194,62.0,2977.0
903.1580345,3,13,30,10,220,63.0,3323.0
903.158035,2,77,27,15,332,62.0,5561.0
903.1580455,6,29,25,7,232,58.0,1570.0
903.158058,5,2,14,2,62,56.0,792.853
903.253823,1,12,26,7,192,61.0,1944.0
903.2538245,3,13,28,7,182,61.0,2125.0
903.253825,2,9,20,8,134,61.0,3197.0
903.2538435,6,21,17,5,221,56.0,999.709
903.253848,5,43,11,2,51,54.0,490.046
903.349596,1,8,29,8,197,61.0,3017.0
903.3495995,3,10,33,10,224,62.0,3328.0
903.349601,2,5,26,11,167,62.0,4986.0
903.3496145,6,29,25,7,229,58.0,1554.0
903.349624,5,19,12,2,54,57.0,756.665
903.445379,1,12,25,7,191,61.0,1948.0
903.4453805,3,13,27,7,182,61.0,2134.0
903.445381,2,77,22,9,164,61.0,3361.0
903.4454005,6,20,18,5,220,56.0,999.6
903.445404,5,1,11,2,51,54.0,498.461
903.541218,1,12,28,9,194,62.0,2986.0
903.5412195,3,13,32,10,220,63.0,3324.0
903.54122,2,77,26,10,134,62.0,4847.0
903.5412305,6,29,25,7,232,57.0,1577.0
903.541243,5,2,13,2,54,56.0,770.899
903.637316,1,12,25,7,195,61.0,1959.0
903.6373175,3,13,27,7,182,61.0,2104.0
903.637318,2,9,23,8,135,61.0,3334.0
903.6373375,6,1,18,5,196,56.0,954.183
903.637341,5,1,10,2,48,54.0,481.987
903.733062,1,12,28,9,195,62.0,2986.0
903.7330635,3,13,32,9,202,63.0,3275.0
903.733064,2,77,26,12,168,62.0,5173.0
903.7330745,6,29,24,7,232,58.0,1570.0
903.733087,5,1,13,2,52,55.0,745.412
905.473131,5,2,1,0,3,45.0,7.913
905.4731345,6,1,1,0,1,47.0,0.0
905.606846,5,2,3,0,56,50.0,119.011
905.606856,4,1,1,0,1,45.0,0.0
906.255856,2,8,22,8,137,60.0,3232.0
906.255856,1,9,25,7,195,60.0,1967.0
906.2558575,3,10,26,8,224,60.0,2189.0
906.2558775,6,24,19,3,96,56.0,843.727
906.255884,5,17,10,2,52,54.0,452.507
906.35269,1,12,29,9,195,62.0,2981.0
906.3526915,3,13,31,10,214,63.0,3314.0
906.352692,2,9,27,10,138,62.0,4838.0
906.3527025,6,1,25,6,229,58.0,1563.0
906.352715,5,17,13,3,119,56.0,848.388
906.448791,1,12,25,7,192,61.0,1945.0
906.4487925,3,13,27,7,199,61.0,2132.0
906.448793,2,74,22,8,135,60.0,3162.0
906.4488125,6,1,18,5,220,56.0,992.943
906.448816,5,1,11,2,51,54.0,491.993
906.544551,1,12,29,9,195,62.0,2999.0
906.544551,2,11,25,12,173,62.0,5249.0
906.5445525,3,6,32,9,202,62.0,3270.0
906.5445675,6,12,25,7,225,58.0,1551.0
906.544576,5,1,14,3,119,56.0,843.944
906.640276,1,12,25,7,194,60.0,1956.0
906.6402775,3,10,26,7,182,61.0,2125.0
906.640278,2,1,22,8,134,61.0,3240.0
906.6402965,6,21,17,5,224,56.0,1007.0
906.640301,5,43,11,2,51,54.0,491.913
906.736075,1,12,28,8,194,62.0,2989.0
906.7360765,3,9,31,9,202,62.0,3290.0
906.736077,2,77,25,11,167,62.0,5061.0
906.7360955,6,24,25,7,233,58.0,1543.0
906.7361,5,2,13,2,54,56.0,774.466
906.831917,1,9,26,7,195,60.0,1966.0
906.8319185,3,10,28,7,179,60.0,2124.0
906.83192,2,5,23,8,134,60.0,3141.0
906.8319385,6,24,19,3,96,57.0,850.398
906.831945,5,17,10,2,49,55.0,452.359
906.92777,1,12,29,9,195,62.0,2979.0
906.9277715,3,13,33,9,202,62.0,3257.0
906.927772,2,77,25,12,171,63.0,5200.0
906.9277865,6,1,24,6,225,58.0,1547.0
906.927795,5,17,13,3,119,56.0,841.599
907.9279895,3,2,1,0,5,47.0,14.116
907.928014,2,1,1,0,1,51.0,0.0
909.392054,1,6,24,7,195,60.0,1969.0
909.392054,2,8,20,8,140,60.0,3370.0
909.3920555,3,10,26,7,179,60.0,2110.0
909.3920755,6,24,20,3,96,57.0,847.398
909.392082,5,17,10,2,52,55.0,454.088
909.488919,1,12,29,9,195,62.0,2998.0
909.4889205,3,6,31,10,227,62.0,3332.0
909.488921,2,74,25,11,171,61.0,5073.0
909.4889355,6,12,26,6,222,58.0,1525.0
909.488944,5,20,15,3,119,56.0,849.78
909.584688,1,12,25,7,194,61.0,1970.0
909.5846895,3,9,28,7,182,61.0,2112.0
909.58469,2,1,21,8,134,60.0,3198.0
909.5847085,6,21,18,5,224,55.0,1008.0
909.584713,5,43,11,2,54,54.0,512.547
909.680457,1,15,29,9,197,62.0,3042.0
909.6804615,3,9,30,10,223,62.0,3352.0
909.680462,2,77,25,11,167,62.0,5049.0
909.6804805,6,24,25,6,224,58.0,1532.0
909.680485,5,5,13,4,192,56.0,875.794
909.776182,1,12,25,7,192,61.0,1943.0
909.7761835,3,13,27,7,199,61.0,2141.0
909.776184,2,1,21,8,134,60.0,3265.0
909.7762035,6,1,19,5,196,56.0,946.806
909.776207,5,17,11,2,52,54.0,491.12
909.872029,1,8,30,9,197,62.0,3036.0
909.872034,2,5,24,11,170,62.0,5321.0
909.8720355,3,7,32,9,180,62.0,3145.0
909.8720475,6,29,26,7,229,58.0,1558.0
909.872057,5,5,14,4,192,57.0,892.941
909.967877,1,12,25,7,192,61.0,1944.0
909.9678785,3,13,28,7,199,61.0,2134.0
909.967879,2,74,21,9,135,60.0,3358.0
909.9678985,6,1,19,5,196,56.0,958.144
909.967902,5,1,11,2,52,54.0,494.174
912.47973,1,12,25,7,195,60.0,1962.0
912.4797315,3,6,27,7,182,60.0,2121.0
912.479732,2,6,20,8,135,60.0,3213.0
912.4797515,6,1,19,3,96,56.0,841.837
912.479755,5,20,11,2,52,54.0,492.29
912.575795,1,12,29,9,195,62.0,2987.0
912.5757965,3,13,30,9,199,63.0,3254.0
912.575797,2,9,26,11,138,62.0,4943.0
912.5758155,6,2,24,6,221,58.0,1524.0
912.57582,5,17,15,2,52,56.0,742.358
912.672674,1,12,25,7,192,61.0,1953.0
912.6726755,3,13,27,7,199,61.0,2136.0
912.672676,2,9,21,8,137,60.0,3149.0
912.6726945,6,21,17,5,221,56.0,987.082
912.672699,5,43,10,2,51,54.0,491.379
912.768408,1,12,28,9,195,62.0,2999.0
912.7684095,3,13,33,10,211,63.0,3305.0
912.76841,2,9,25,12,171,63.0,5064.0
912.7684205,6,1,25,6,229,58.0,1554.0
912.768433,5,17,14,2,57,56.0,762.898
912.864232,1,9,25,7,192,61.0,1940.0
912.8642335,3,13,28,7,199,61.0,2125.0
912.864234,2,9,21,8,135,61.0,3193.0
912.8642535,6,1,18,5,196,56.0,951.167
912.864257,5,1,11,2,52,54.0,480.457
912.960045,1,9,28,8,195,61.0,3012.0
912.960045,2,5,26,11,173,62.0,5240.0
912.9600465,3,10,31,10,227,62.0,3334.0
912.9600615,6,29,26,4,105,58.0,1333.0
912.96007,5,6,13,3,119,57.0,843.074
913.055907,1,12,25,7,192,61.0,1951.0
913.0559085,3,13,27,7,182,61.0,2119.0
913.055909,2,77,22,8,135,60.0,3225.0
913.0559275,6,21,18,5,218,56.0,986.411
913.055932,5,1,10,2,51,54.0,489.487
913.15194,1,5,28,9,197,62.0,3055.0
913.1519445,3,9,32,10,226,62.0,3339.0
913.151945,2,77,24,11,164,62.0,5159.0
913.1519585,6,29,25,7,238,58.0,1582.0
913.151968,5,5,13,2,54,56.0,760.067
915.4135645,6,11,4,1,21,59.0,468.958
915.413577,5,2,2,0,4,49.0,28.256
915.413622,1,2,1,0,2,46.0,5.921
915.639758,1,12,25,7,195,60.0,1973.0
915.6397595,3,6,27,7,199,60.0,2145.0
915.63976,2,9,22,8,135,60.0,3293.0
915.6397795,6,1,18,5,193,57.0,945.02
915.639783,5,20,11,2,52,55.0,500.311
915.735588,1,15,30,9,197,62.0,3046.0
915.7355925,3,9,31,10,223,62.0,3325.0
915.735593,2,77,25,10,137,62.0,4971.0
915.7356115,6,24,26,6,224,58.0,1526.0
915.735616,5,5,14,2,54,56.0,761.451
915.831632,1,12,25,7,195,60.0,1958.0
915.8316335,3,13,26,7,199,61.0,2129.0
915.831634,2,9,23,9,138,60.0,3404.0
915.8316535,6,1,18,5,193,57.0,949.531
915.831657,5,20,11,2,52,55.0,498.469
915.927372,1,12,28,9,194,62.0,3003.0
915.9273735,3,13,31,10,245,62.0,3362.0
915.927374,2,77,28,13,261,62.0,5411.0
915.9273845,6,29,26,7,241,58.0,1587.0
915.927397,5,1,14,3,112,56.0,820.141
916.023125,1,9,24,7,195,60.0,1977.0
916.0231265,3,13,27,7,182,60.0,2119.0
916.02313,2,3,20,8,132,61.0,3059.0
916.0231465,6,7,19,4,117,57.0,865.959
916.02315,5,20,11,2,52,55.0,497.316
916.119418,1,15,30,9,197,62.0,3041.0
916.11942,2,80,26,13,224,62.0,5399.0
916.1194245,3,7,32,9,221,62.0,3237.0
916.1194415,6,24,26,6,224,58.0,1539.0
916.119446,5,5,13,4,192,56.0,866.554
916.214814,1,12,25,7,192,61.0,1956.0
916.2148155,3,13,28,7,199,61.0,2148.0
916.214816,2,9,22,9,168,60.0,3296.0
916.2148355,6,1,18,5,196,57.0,954.919
916.214839,5,1,11,2,52,54.0,499.128
916.311653,1,15,28,9,197,62.0,3045.0
916.3116565,3,10,32,10,224,62.0,3314.0
916.311658,2,77,25,11,164,62.0,5003.0
916.3116715,6,29,25,7,232,58.0,1561.0
916.311681,5,5,13,4,192,57.0,866.849
918.798661,1,12,25,7,195,60.0,1974.0
918.798662,2,10,23,8,136,61.0,3347.0
918.7986625,3,13,28,7,182,61.0,2124.0
918.7986825,6,1,18,5,193,56.0,940.276
918.798686,5,20,11,2,52,55.0,496.67
918.894523,1,12,29,9,195,62.0,2996.0
918.8945245,3,13,32,9,202,63.0,3273.0
918.894525,2,9,27,13,264,63.0,5370.0
918.8945395,6,1,26,6,225,58.0,1537.0
918.894548,5,20,13,2,55,56.0,762.023
918.990597,1,5,24,7,194,60.0,1974.0
918.9905985,3,9,27,7,182,60.0,2111.0
918.990599,2,5,21,8,137,60.0,3304.0
918.9906175,6,24,20,3,96,56.0,839.223
918.990622,5,5,12,2,54,55.0,507.373
919.086339,1,9,29,9,195,62.0,3011.0
919.0863405,3,13,31,10,220,63.0,3342.0
919.086341,2,74,29,12,174,62.0,5353.0
919.0863595,6,2,24,6,224,58.0,1553.0
919.086364,5,17,16,2,52,56.0,777.075
919.182083,1,12,24,7,192,61.0,1962.0
919.1820845,3,13,27,7,196,61.0,2132.0
919.182085,2,9,22,9,138,60.0,3295.0
919.1821045,6,1,19,5,193,57.0,941.921
919.182108,5,1,11,2,48,55.0,486.0
919.277938,1,12,27,9,195,62.0,3008.0
919.2779395,3,13,32,10,214,62.0,3301.0
919.27794,2,77,26,12,171,63.0,5158.0
919.2779505,6,29,24,7,232,58.0,1565.0
919.277963,5,1,14,2,52,55.0,756.303
919.373747,1,12,25,7,194,61.0,1971.0
919.3737485,3,13,28,7,199,61.0,2137.0
919.373749,2,9,21,8,134,61.0,3271.0
919.3737675,6,21,19,5,221,56.0,998.498
919.373772,5,43,11,2,51,54.0,490.886
919.469578,1,9,28,9,195,62.0,3023.0
919.469578,2,8,25,15,334,62.0,5675.0
919.4695795,3,10,33,9,199,62.0,3285.0
919.4695945,6,12,26,7,225,58.0,1553.0
919.469603,5,20,15,3,119,57.0,857.909
921.951587,1,12,24,7,192,61.0,1964.0
921.9515885,3,13,26,8,199,61.0,2156.0
921.951589,2,9,23,9,167,61.0,3427.0
921.9516085,6,1,20,5,220,56.0,984.845
921.951612,5,17,12,2,52,54.0,496.426
922.048424,2,11,24,12,170,62.0,5298.0
922.048424,1,9,30,9,195,62.0,3004.0
922.0484255,3,13,31,10,227,62.0,3334.0
922.0484365,6,1,26,7,229,58.0,1555.0
922.048449,5,17,16,2,52,56.0,745.797
922.144515,1,12,24,7,192,61.0,1965.0
922.1445165,3,13,27,7,182,61.0,2107.0
922.144517,2,74,21,8,135,60.0,3226.0
922.1445365,6,1,19,5,217,56.0,983.152
922.14454,5,1,11,2,52,54.0,494.821
922.240233,1,12,28,9,195,62.0,3011.0
922.2402345,3,13,31,10,220,63.0,3300.0
922.240235,2,9,26,11,164,62.0,5073.0
922.2402455,6,29,25,7,235,58.0,1572.0
922.240258,5,1,14,2,51,55.0,746.159
922.335985,1,12,25,7,195,61.0,1977.0
922.3359865,3,13,27,7,182,60.0,2111.0
922.335987,2,1,22,8,135,60.0,3205.0
922.3360065,6,1,19,5,193,56.0,942.547
922.33601,5,1,11,2,52,54.0,498.958
922.431806,1,12,28,8,194,62.0,3012.0
922.4318075,3,9,31,10,220,62.0,3310.0
922.431808,2,77,28,13,221,63.0,5530.0
922.4318265,6,24,25,7,227,57.0,1532.0
922.431831,5,5,15,4,198,56.0,889.08
922.52765,1,12,25,7,195,60.0,1979.0
922.5276515,3,13,26,7,182,61.0,2108.0
922.527652,2,9,23,8,135,61.0,3352.0
922.5276715,6,1,20,5,193,57.0,944.11
922.527675,5,1,12,2,52,55.0,488.691
922.623789,1,15,29,9,197,62.0,3061.0
922.6237935,3,9,32,10,223,62.0,3325.0
922.623794,2,77,27,12,170,63.0,5165.0
922.6238125,6,24,25,7,233,58.0,1554.0
922.623817,5,5,13,2,54,56.0,769.39
925.134524,1,6,24,7,195,59.0,1984.0
925.1345255,3,10,27,7,179,60.0,2105.0
925.134527,2,5,21,8,134,60.0,3231.0
925.1345455,6,24,20,3,100,57.0,847.715
925.134552,5,17,10,2,52,55.0,471.361
925.231366,2,8,25,12,173,62.0,5251.0
925.231366,1,12,28,9,195,62.0,3030.0
925.2313675,3,10,32,9,196,63.0,3244.0
925.2313825,6,29,25,7,222,58.0,1542.0
925.231391,5,20,14,3,113,57.0,837.761
925.327144,1,12,25,7,195,60.0,1986.0
925.3271455,3,13,27,7,199,61.0,2126.0
925.327146,2,1,24,8,135,61.0,3273.0
925.3271655,6,1,20,3,96,57.0,836.455
925.327169,5,20,12,2,52,55.0,489.294
925.422991,1,15,29,9,197,62.0,3077.0
925.4229955,3,9,32,10,223,62.0,3328.0
925.422996,2,77,30,12,170,63.0,5271.0
925.4230145,6,24,24,7,233,58.0,1565.0
925.423019,5,5,13,2,54,56.0,778.845
925.518914,1,6,24,7,195,59.0,1990.0
925.5189155,3,10,27,8,224,60.0,2183.0
925.518917,2,2,23,8,134,60.0,3223.0
925.5189355,6,24,20,3,96,57.0,837.445
925.518942,5,17,10,2,52,55.0,466.94
925.614903,1,12,29,9,195,62.0,3015.0
925.6149045,3,13,32,10,214,63.0,3281.0
925.614905,2,77,26,12,164,62.0,5277.0
925.6149155,6,29,24,7,229,58.0,1552.0
925.614928,5,17,15,2,52,56.0,742.916
925.710651,1,9,24,7,195,60.0,1986.0
925.710652,2,75,23,9,169,61.0,3520.0
925.7106525,3,10,27,7,182,61.0,2146.0
925.7106725,6,1,20,3,96,57.0,835.694
925.710676,5,20,12,2,52,55.0,506.227
925.806389,2,5,28,12,170,62.0,5401.0
925.806389,1,9,29,8,195,62.0,3021.0
925.8063905,3,10,30,10,227,62.0,3319.0
925.8064055,6,29,27,6,195,58.0,1451.0
925.806414,5,6,15,2,60,56.0,769.644
928.312617,1,12,25,7,195,61.0,1983.0
928.3126185,3,13,27,7,182,61.0,2112.0
928.312619,2,9,23,9,138,61.0,3441.0
928.3126385,6,1,19,5,217,57.0,981.296
928.312642,5,17,12,2,52,55.0,503.943
928.410184,1,12,28,9,195,62.0,3029.0
928.410185,2,4,27,11,172,62.0,5129.0
928.4101855,3,10,32,10,224,62.0,3330.0
928.4102005,6,29,26,6,201,58.0,1478.0
928.410209,5,20,14,3,119,56.0,851.12
928.506029,1,6,24,7,195,59.0,1995.0
928.5060305,3,10,27,8,224,60.0,2155.0
928.506032,2,5,21,8,134,60.0,3435.0
928.5060505,6,24,21,3,96,57.0,842.664
928.506055,5,19,11,2,54,55.0,510.798
928.602093,1,9,28,8,195,62.0,3033.0
928.602094,2,7,25,13,226,62.0,5603.0
928.6020945,3,10,33,10,224,62.0,3309.0
928.6021095,6,29,26,5,122,58.0,1347.0
928.602118,5,20,14,3,116,57.0,838.238
928.697844,1,12,25,7,194,61.0,1986.0
928.6978455,3,13,28,7,199,61.0,2139.0
928.697846,2,77,21,8,135,61.0,3300.0
928.6978645,6,21,19,5,224,56.0,1006.0
928.697869,5,1,11,2,51,54.0,498.288
928.793601,2,2,26,12,173,61.0,5133.0
928.793601,1,9,28,8,195,62.0,3039.0
928.7936025,3,10,31,9,196,62.0,3255.0
928.7936175,6,29,25,6,198,58.0,1471.0
928.793626,5,20,14,2,60,57.0,789.294
928.889415,1,12,25,7,194,61.0,1990.0
928.8894165,3,13,28,7,199,61.0,2140.0
928.889417,2,9,21,8,135,61.0,3309.0
928.8894355,6,21,18,5,221,56.0,995.341
928.88944,5,43,10,2,48,54.0,479.242
931.473272,1,12,24,7,194,60.0,1987.0
931.473274,2,5,21,9,170,60.0,3385.0
931.4732755,3,7,27,7,180,61.0,2076.0
931.4732925,6,24,20,5,194,56.0,936.326
931.473297,5,2,10,2,54,55.0,510.565
931.570137,1,12,28,9,194,62.0,3033.0
931.5701385,3,13,31,10,220,63.0,3283.0
931.570139,2,77,29,12,164,62.0,5209.0
931.5701495,6,29,27,7,241,58.0,1587.0
931.570162,5,1,14,2,57,56.0,770.122
931.665939,1,12,24,7,195,60.0,1989.0
931.665939,2,5,23,8,137,60.0,3350.0
931.6659405,3,13,27,7,182,61.0,2114.0
931.6659605,6,1,21,3,96,56.0,836.543
931.665964,5,20,12,2,52,55.0,500.209
931.761776,1,12,30,9,195,62.0,3036.0
931.761776,2,2,23,12,170,62.0,5484.0
931.7617775,3,13,33,9,199,63.0,3236.0
931.7617925,6,1,25,7,225,58.0,1544.0
931.761801,5,1,14,2,52,56.0,755.479
931.857633,1,9,24,7,195,60.0,1992.0
931.857633,2,2,24,10,173,60.0,3663.0
931.8576345,3,13,26,7,179,60.0,2080.0
931.8576545,6,7,20,3,96,57.0,830.978
931.857658,5,20,12,2,52,55.0,500.89
931.953694,1,12,29,9,195,62.0,3039.0
931.953694,2,73,28,11,140,62.0,5182.0
931.9536955,3,13,32,10,227,62.0,3337.0
931.9537105,6,1,26,7,225,58.0,1556.0
931.953719,5,20,15,2,55,56.0,776.251
932.049417,2,80,23,9,167,61.0,3474.0
932.049418,1,12,23,7,194,60.0,1993.0
932.0494195,3,9,27,7,182,61.0,2107.0
932.0494385,6,24,20,5,221,56.0,1000.0
932.049443,5,2,11,2,51,55.0,500.21
934.629446,1,12,24,7,195,60.0,2000.0
934.629446,2,1,22,9,173,60.0,3484.0
934.6294475,3,7,26,7,179,60.0,2095.0
934.6294675,6,1,20,3,96,57.0,829.346
934.629471,5,20,11,2,52,55.0,495.036
934.726284,1,12,27,9,194,62.0,3038.0
934.7262855,3,9,31,10,220,62.0,3293.0
934.726286,2,1,25,15,338,62.0,5638.0
934.7263045,6,24,27,7,227,58.0,1550.0
934.726309,5,2,13,4,192,56.0,895.266
934.822032,1,12,25,7,194,61.0,1984.0
934.8220335,3,13,26,7,199,61.0,2135.0
934.822034,2,77,24,11,264,61.0,3606.0
934.8220525,6,21,19,5,221,56.0,999.333
934.822057,5,1,11,2,51,54.0,495.62
934.917771,1,12,28,9,195,63.0,3042.0
934.9177725,3,13,33,10,214,62.0,3299.0
934.917773,2,77,25,11,164,63.0,5199.0
934.9177835,6,29,25,7,241,58.0,1588.0
934.917796,5,1,13,2,54,56.0,776.012
935.013626,1,12,24,7,194,61.0,2001.0
935.0136275,3,9,28,7,182,61.0,2114.0
935.013628,2,1,21,9,164,60.0,3397.0
935.0136465,6,24,21,5,218,56.0,996.645
935.013651,5,2,10,2,54,55.0,503.817
935.109396,1,8,28,9,197,62.0,3089.0
935.109398,2,8,26,12,176,62.0,5269.0
935.1093995,3,10,31,9,196,62.0,3250.0
935.1094145,6,29,26,7,226,58.0,1548.0
935.109424,5,19,13,3,112,57.0,836.878
935.205244,1,9,25,7,195,61.0,1992.0
935.2052455,3,13,27,7,199,61.0,2163.0
935.205246,2,9,21,9,164,61.0,3240.0
935.2052655,6,1,20,5,193,57.0,948.346
935.205269,5,17,11,2,52,55.0,496.802
937.788087,1,12,25,7,195,60.0,1997.0
937.7880885,3,13,27,7,182,61.0,2110.0
937.788089,2,74,23,8,135,61.0,3366.0
937.7881085,6,1,21,3,96,57.0,838.252
937.788112,5,1,11,2,52,55.0,500.162
937.88495,1,9,29,8,195,62.0,3041.0
937.88495,2,8,26,12,173,62.0,5389.0
937.8849515,3,10,32,10,227,62.0,3293.0
937.8849665,6,29,27,6,201,58.0,1480.0
937.884975,5,20,13,3,119,57.0,846.382
937.980995,1,12,25,7,192,61.0,1986.0
937.9809965,3,13,25,7,182,61.0,2120.0
937.980997,2,74,22,8,135,61.0,3359.0
937.9810165,6,1,20,5,196,56.0,948.935
937.98102,5,1,12,2,52,55.0,506.232
938.076738,1,12,29,9,195,63.0,3046.0
938.0767395,3,13,31,9,199,63.0,3242.0
938.07674,2,77,25,13,221,62.0,5502.0
938.0767505,6,29,26,7,229,58.0,1555.0
938.076763,5,17,13,3,119,56.0,842.223
938.172483,1,9,25,7,195,60.0,1994.0
938.1724845,3,10,27,7,183,60.0,2116.0
938.172486,2,2,20,9,167,60.0,3428.0
938.1725045,6,24,21,3,96,57.0,836.808
938.172508,5,20,10,2,55,55.0,506.558
938.268331,1,12,29,9,195,63.0,3041.0
938.2683325,3,13,32,9,199,62.0,3251.0
938.268333,2,1,28,12,168,62.0,5241.0
938.2683475,6,1,25,7,228,58.0,1558.0
938.268356,5,17,13,2,52,56.0,749.429
938.364152,1,12,25,7,192,61.0,1978.0
938.3641535,3,13,26,7,182,61.0,2109.0
938.364154,2,9,22,8,135,61.0,3324.0
938.3641735,6,1,18,5,217,56.0,986.186
938.364177,5,1,11,2,52,54.0,502.561
940.952988,1,12,24,7,194,61.0,1998.0
940.9529895,3,13,27,7,182,61.0,2117.0
940.95299,2,77,20,8,135,61.0,3359.0
940.9530085,6,21,19,5,224,56.0,1007.0
940.953013,5,2,9,2,51,54.0,490.821
941.050973,1,15,28,9,197,62.0,3113.0
941.050975,2,8,24,12,173,62.0,5303.0
941.0509795,3,7,31,9,221,62.0,3252.0
941.0509915,6,29,26,7,226,58.0,1543.0
941.051,5,20,13,4,193,57.0,888.039
941.14672,1,12,24,7,194,60.0,2004.0
941.1467215,3,9,28,7,182,61.0,2107.0
941.146722,2,77,22,10,224,60.0,3634.0
941.1467405,6,24,19,5,194,56.0,939.217
941.146745,5,2,11,2,54,55.0,504.908
941.242516,1,15,29,9,197,62.0,3102.0
941.2425205,3,9,32,10,223,62.0,3302.0
941.242521,2,1,27,12,170,62.0,5316.0
941.2425345,6,29,26,7,229,58.0,1560.0
941.242544,5,5,12,4,192,57.0,874.794
941.338425,1,12,25,7,192,61.0,1987.0
941.3384265,3,13,27,7,199,61.0,2129.0
941.338427,2,9,23,8,138,60.0,3239.0
941.3384465,6,1,18,5,220,56.0,995.697
941.33845,5,1,10,2,48,54.0,492.951
941.434215,1,9,27,8,195,62.0,3074.0
941.4342165,3,10,31,10,227,62.0,3322.0
941.434218,2,2,27,11,167,62.0,5295.0
941.4342315,6,29,26,6,199,58.0,1456.0
941.43424,5,6,13,4,193,57.0,889.928
941.530257,1,12,25,7,192,61.0,1991.0
941.5302585,3,13,27,7,199,61.0,2138.0
941.530259,2,9,22,8,134,60.0,3285.0
941.5302775,6,2,19,5,218,56.0,988.49
941.530282,5,17,11,2,52,54.0,498.211
943.317987,5,1,1,0,1,47.0,0.0
943.3180095,6,1,1,0,1,45.0,0.0
944.135038,1,12,24,7,195,60.0,2003.0
944.135039,2,7,23,9,165,60.0,3593.0
944.1350395,3,6,28,7,179,61.0,2094.0
944.1350595,6,1,21,3,100,57.0,840.194
944.135063,5,20,12,2,52,55.0,499.369
944.23078,1,12,29,9,195,63.0,3050.0
944.2307815,3,13,30,10,220,63.0,3309.0
944.230782,2,9,24,12,168,63.0,5353.0
944.2307925,6,29,26,7,241,58.0,1583.0
944.230805,5,17,14,2,52,56.0,757.798
944.327651,1,9,24,7,195,60.0,2016.0
944.327651,2,8,23,9,173,60.0,3560.0
944.3276525,3,10,26,7,182,61.0,2105.0
944.3276725,6,24,22,3,96,56.0,826.316
944.327676,5,20,11,2,55,55.0,504.915
944.423424,1,9,28,9,194,63.0,3055.0
944.4234255,3,13,33,10,220,63.0,3288.0
944.423426,2,77,27,12,167,63.0,5358.0
944.4234445,6,21,26,7,230,58.0,1551.0
944.423449,5,2,14,2,57,56.0,776.204
944.51925,1,12,24,7,194,60.0,2005.0
944.5192515,3,9,26,7,182,60.0,2109.0
944.519252,2,77,21,9,164,61.0,3459.0
944.5192705,6,24,21,5,194,56.0,935.44
944.519275,5,2,10,2,51,55.0,500.062
944.615092,1,12,29,9,194,63.0,3061.0
944.6150935,3,13,31,10,220,63.0,3298.0
944.615094,2,77,25,13,221,63.0,5400.0
944.6151125,6,21,25,7,230,58.0,1554.0
944.615117,5,2,14,2,51,56.0,751.539
947.254829,1,9,24,7,195,60.0,2011.0
947.254829,2,8,21,8,137,60.0,3377.0
947.2548305,3,13,28,7,182,60.0,2107.0
947.2548505,6,1,19,5,193,57.0,943.501
947.254854,5,20,11,2,52,55.0,498.978
947.350879,1,15,28,9,197,62.0,3097.0
947.3508835,3,9,31,10,223,62.0,3280.0
947.350884,2,77,28,13,221,62.0,5404.0
947.3508975,6,29,25,7,229,58.0,1549.0
947.350907,5,5,13,2,54,57.0,766.727
947.44663,1,12,24,7,194,60.0,2005.0
947.4466315,3,9,26,7,182,61.0,2110.0
947.446632,2,1,21,9,167,60.0,3472.0
947.4466505,6,24,20,5,221,56.0,987.93
947.446655,5,2,10,2,51,55.0,499.732
947.542368,1,12,29,9,195,63.0,3072.0
947.542368,2,11,26,14,273,62.0,5796.0
947.5423695,3,13,32,10,227,62.0,3308.0
947.5423885,6,2,26,6,221,58.0,1530.0
947.542393,5,1,14,2,52,56.0,756.205
947.63825,1,12,25,7,195,60.0,2011.0
947.638251,2,7,23,8,136,60.0,3382.0
947.6382515,3,7,28,7,182,61.0,2103.0
947.6382715,6,1,20,5,196,56.0,951.263
947.638275,5,20,11,2,52,55.0,498.204
949.4268365,6,2,17,5,107,69.0,3602.0
950.285969,1,12,25,7,195,61.0,2019.0
950.2859705,3,13,28,7,199,61.0,2127.0
950.285971,2,1,23,9,168,61.0,3426.0
950.2859905,6,1,20,5,217,56.0,989.809
950.285994,5,17,12,2,52,55.0,498.506
950.382802,1,12,28,9,195,63.0,3070.0
950.3828035,3,13,32,9,199,62.0,3254.0
950.382804,2,77,26,11,164,63.0,5238.0
950.3828145,6,29,26,7,238,58.0,1576.0
950.382827,5,17,14,2,52,56.0,760.27
950.478894,1,15,25,7,197,60.0,2040.0
950.4788985,3,9,28,7,182,60.0,2111.0
950.478899,2,77,21,9,167,61.0,3452.0
950.4789175,6,24,21,5,194,57.0,942.771
950.478922,5,5,11,2,54,55.0,510.977
950.574614,1,12,29,9,195,62.0,3072.0
950.574614,2,8,26,12,170,62.0,5361.0
950.5746155,3,6,32,10,227,62.0,3305.0
950.5746305,6,1,27,7,225,58.0,1543.0
950.574639,5,20,14,2,55,56.0,776.884
950.670363,2,76,21,10,173,60.0,3617.0
950.670363,1,9,24,7,195,60.0,2014.0
950.6703645,3,7,26,7,182,61.0,2097.0
950.6703845,6,1,20,5,193,56.0,935.075
950.670388,5,20,11,2,55,55.0,512.505
953.336859,1,12,25,7,195,61.0,2020.0
953.3368605,3,6,28,7,182,61.0,2092.0
953.336861,2,1,22,9,138,61.0,3396.0
953.3368805,6,1,21,5,193,57.0,936.41
953.336884,5,20,11,2,52,55.0,503.907
953.432891,1,12,28,9,194,63.0,3071.0
953.4328925,3,13,33,10,220,63.0,3288.0
953.432893,2,77,25,12,167,62.0,5228.0
953.4329035,6,29,26,7,241,58.0,1588.0
953.432916,5,17,14,2,52,56.0,755.87
953.528757,1,12,25,7,194,61.0,2026.0
953.5287585,3,9,28,8,223,61.0,2170.0
953.528759,2,77,22,9,164,61.0,3348.0
953.5287775,6,24,21,5,194,56.0,947.349
953.528782,5,2,11,2,51,55.0,501.004
953.624586,1,11,27,9,197,61.0,3133.0
953.624588,2,8,27,12,170,63.0,5399.0
953.6245895,3,10,32,10,227,62.0,3308.0
953.6246045,6,29,27,5,122,58.0,1336.0
953.624613,5,20,14,4,193,57.0,883.412
953.72063,1,12,24,7,195,60.0,2028.0
953.7206315,3,13,27,7,182,60.0,2113.0
953.720635,2,1,22,8,135,60.0,3260.0
953.7206515,6,1,20,3,96,56.0,818.117
953.720655,5,20,11,2,55,55.0,518.749
953.81637,1,12,29,9,195,63.0,3075.0
953.8163715,3,6,32,10,227,63.0,3318.0
953.816372,2,9,26,12,168,62.0,5238.0
953.8163865,6,1,27,7,225,58.0,1547.0
953.816395,5,17,13,2,52,56.0,766.359
956.430168,1,12,24,7,194,61.0,2022.0
956.4301695,3,13,26,7,199,61.0,2112.0
956.43017,2,9,23,8,131,62.0,3325.0
956.4301885,6,21,20,5,218,56.0,989.653
956.430193,5,1,10,2,51,54.0,497.423
956.527033,1,12,29,9,194,63.0,3082.0
956.5270345,3,13,32,10,220,62.0,3301.0
956.527035,2,77,28,11,153,63.0,5152.0
956.5270535,6,24,26,7,230,57.0,1549.0
956.527058,5,2,14,2,57,56.0,789.086
956.622778,1,12,25,7,194,61.0,2020.0
956.6227795,3,13,26,7,182,61.0,2113.0
956.62278,2,77,20,9,170,61.0,3389.0
956.6227985,6,21,20,5,221,56.0,993.91
956.622803,5,2,10,2,51,54.0,492.673
956.718668,1,9,29,9,195,62.0,3095.0
956.718668,2,8,28,14,267,62.0,5588.0
956.7186695,3,6,32,9,199,62.0,3241.0
956.7186805,6,1,27,7,229,58.0,1558.0
956.718693,5,20,16,3,119,57.0,844.71
956.814502,1,12,25,7,194,61.0,2019.0
956.8145035,3,10,27,7,182,61.0,2109.0
956.814504,2,1,21,9,164,61.0,3373.0
956.8145225,6,24,19,5,221,56.0,990.76
956.814527,5,2,9,2,51,55.0,496.733
956.910567,1,15,29,9,197,62.0,3133.0
956.910569,2,80,26,13,227,63.0,5682.0
956.9105715,3,9,32,10,223,62.0,3302.0
956.9105855,6,29,27,7,238,58.0,1571.0
956.910595,5,5,12,4,195,57.0,886.347
957.846592,1,2,1,0,2,45.0,6.375
959.595983,1,12,24,7,195,61.0,2025.0
959.5959845,3,13,26,7,182,61.0,2098.0
959.595985,2,9,22,8,135,60.0,3311.0
959.5960045,6,1,20,5,196,56.0,945.761
959.596008,5,17,10,2,52,55.0,497.907
959.691806,1,11,27,9,197,62.0,3157.0
959.691808,2,5,27,12,173,62.0,5432.0
959.6918095,3,10,32,10,224,62.0,3326.0
959.6918245,6,29,28,5,122,58.0,1328.0
959.691833,5,20,14,4,196,57.0,906.136
959.78794,1,12,24,7,192,61.0,2014.0
959.7879415,3,13,26,7,182,60.0,2089.0
959.787942,2,1,22,8,138,61.0,3415.0
959.7879615,6,1,21,5,193,56.0,934.208
959.787965,5,20,11,2,52,55.0,506.966
959.883703,1,12,29,9,195,63.0,3100.0
959.8837045,3,13,33,10,245,63.0,3322.0
959.883705,2,77,27,12,170,63.0,5400.0
959.8837235,6,21,25,7,230,58.0,1548.0
959.883728,5,1,14,2,52,56.0,759.002
959.979424,1,12,24,7,194,60.0,2025.0
959.979426,2,77,20,8,137,61.0,3435.0
959.9794275,3,7,26,7,180,61.0,2061.0
959.9794445,6,24,21,5,194,56.0,931.141
959.979449,5,2,10,2,54,55.0,509.487
960.0752,1,12,28,9,195,62.0,3105.0
960.0752,2,8,29,13,209,62.0,5519.0
960.0752015,3,6,33,10,227,63.0,3318.0
960.0752205,6,2,27,7,221,58.0,1528.0
960.075225,5,20,14,2,55,57.0,778.535
961.6785755,6,2,1,0,2,50.0,35.674
961.67858,5,2,1,0,2,47.0,11.061
962.757906,1,12,24,7,194,61.0,2033.0
962.7579075,3,10,27,7,182,61.0,2091.0
962.757908,2,77,21,8,134,61.0,3302.0
962.7579265,6,24,21,5,224,56.0,997.342
962.757931,5,2,11,2,51,55.0,502.301
962.853994,1,8,27,9,197,62.0,3163.0
962.853996,2,80,30,13,224,62.0,5574.0
962.8540005,3,7,32,9,221,62.0,3236.0
962.8540175,6,24,27,7,221,58.0,1530.0
962.854021,5,20,13,4,193,57.0,905.096
962.94972,1,5,25,7,194,60.0,2028.0
962.949722,2,77,22,8,134,61.0,3320.0
962.9497235,3,7,26,7,221,61.0,2105.0
962.9497405,6,24,21,3,96,57.0,817.689
962.949745,5,19,10,2,54,55.0,505.39
963.045461,1,12,28,9,195,63.0,3105.0
963.0454625,3,13,32,9,196,63.0,3238.0
963.045463,2,74,28,12,168,63.0,5418.0
963.0454735,6,1,27,7,232,58.0,1562.0
963.045486,5,20,13,2,60,57.0,798.818
963.141318,1,12,24,7,194,61.0,2032.0
963.1413195,3,13,27,7,182,61.0,2091.0
963.14132,2,9,22,9,164,61.0,3484.0
963.1413385,6,1,19,5,221,56.0,993.163
963.141343,5,2,11,2,51,54.0,494.677
963.2371,1,12,29,9,195,63.0,3103.0
963.2371015,3,13,32,9,199,63.0,3247.0
963.237102,2,9,26,12,164,62.0,5212.0
963.2371125,6,29,27,7,238,58.0,1578.0
963.237125,5,17,13,2,52,56.0,755.865
965.876086,1,6,24,7,195,60.0,2042.0
965.876086,2,5,25,11,227,60.0,3732.0
965.8760875,3,10,28,7,179,61.0,2090.0
965.8761075,6,24,22,3,100,57.0,819.192
965.876111,5,20,11,2,55,56.0,500.146
965.972623,1,12,28,9,195,63.0,3118.0
965.9726245,3,13,32,10,227,63.0,3290.0
965.972625,2,74,27,15,335,62.0,5742.0
965.9726355,6,29,28,7,241,58.0,1586.0
965.972648,5,17,13,2,52,56.0,776.609
966.068719,1,9,25,7,195,60.0,2037.0
966.068721,2,3,23,8,138,60.0,3371.0
966.0687235,3,7,26,7,180,61.0,2047.0
966.0687405,6,7,23,3,96,57.0,822.208
966.068747,5,17,10,2,52,55.0,469.094
966.165564,1,12,29,9,195,62.0,3123.0
966.1655655,3,6,32,9,182,63.0,3243.0
966.165566,2,71,29,14,268,62.0,5537.0
966.1655805,6,1,27,7,225,58.0,1540.0
966.165589,5,20,14,3,119,57.0,854.915
966.261312,1,12,25,7,194,61.0,2036.0
966.2613135,3,13,28,7,182,61.0,2100.0
966.261314,2,9,21,9,164,60.0,3413.0
966.2613325,6,21,21,5,224,56.0,992.175
966.261337,5,2,9,2,51,54.0,495.608
966.357078,1,15,28,9,197,62.0,3177.0
966.35708,2,80,29,13,227,63.0,5659.0
966.3570815,3,10,32,10,224,62.0,3298.0
966.3570965,6,29,27,7,232,58.0,1556.0
966.357105,5,20,15,4,196,57.0,913.625
969.040768,1,5,24,7,194,60.0,2042.0
969.04077,2,5,22,10,224,61.0,3692.0
969.0407715,3,7,26,7,197,60.0,2063.0
969.0407885,6,24,22,5,194,57.0,935.179
969.040795,5,17,10,2,52,56.0,462.461
969.137393,1,9,30,9,198,62.0,3137.0
969.137394,2,85,26,13,222,62.0,5649.0
969.1373945,3,10,31,9,203,62.0,3265.0
969.1374095,6,29,27,6,201,58.0,1471.0
969.137418,5,20,13,3,119,57.0,841.83
969.232732,1,12,25,7,194,61.0,2057.0
969.2327335,3,13,27,7,211,61.0,2124.0
969.232734,2,77,19,9,137,61.0,3415.0
969.2327525,6,21,20,5,221,56.0,984.646
969.232757,5,2,10,2,57,54.0,512.047
969.328494,1,15,28,9,197,62.0,3165.0
969.328499,2,77,24,13,221,63.0,5435.0
969.3285005,3,7,31,9,221,62.0,3234.0
969.3285125,6,29,28,7,229,58.0,1547.0
969.328522,5,19,13,4,192,57.0,894.266
969.424217,1,9,25,7,195,60.0,2049.0
969.424217,2,5,24,9,140,60.0,3506.0
969.4242185,3,10,27,8,224,61.0,2147.0
969.4242385,6,7,22,3,96,56.0,821.566
969.424242,5,20,10,2,55,55.0,509.988
972.158766,1,12,24,7,195,60.0,2048.0
972.158766,2,11,24,10,176,61.0,3655.0
972.1587675,3,6,25,7,182,61.0,2108.0
972.1587875,6,1,22,5,196,57.0,941.895
972.158791,5,20,12,2,52,55.0,512.874
972.255578,1,15,28,9,197,62.0,3178.0
972.2555825,3,9,32,9,220,62.0,3301.0
972.255583,2,77,28,13,221,62.0,5486.0
972.2555965,6,29,28,7,226,58.0,1540.0
972.255606,5,19,13,2,54,57.0,793.985
972.351712,1,12,25,7,195,60.0,2049.0
972.351712,2,8,21,10,170,61.0,3605.0
972.3517135,3,10,26,7,183,61.0,2106.0
972.3517335,6,1,21,3,96,57.0,815.401
972.351737,5,20,11,2,55,55.0,511.293
972.44745,1,12,29,9,195,63.0,3128.0
972.4474515,3,13,34,9,211,63.0,3256.0
972.447452,2,9,28,13,207,62.0,5407.0
972.4474625,6,1,27,7,241,58.0,1579.0
972.447475,5,20,14,2,52,56.0,769.708
972.543222,1,12,25,7,194,61.0,2049.0
972.5432235,3,13,26,7,182,61.0,2087.0
972.543224,2,74,21,9,135,60.0,3307.0
972.5432425,6,21,20,5,221,56.0,990.783
972.543247,5,1,10,2,48,54.0,491.676
975.242836,1,12,24,7,194,60.0,2059.0
975.2428375,3,9,26,8,223,61.0,2162.0
975.242838,2,1,23,11,264,61.0,3744.0
975.2428565,6,24,21,5,194,56.0,942.598
975.242861,5,5,10,2,54,55.0,515.565
975.338919,1,12,29,9,195,63.0,3134.0
975.3389205,3,13,33,10,224,62.0,3306.0
975.338921,2,9,27,11,168,62.0,5116.0
975.3389315,6,1,28,7,238,58.0,1577.0
975.338944,5,20,15,2,60,56.0,791.879
975.434643,2,80,23,11,267,61.0,3711.0
975.434644,1,12,24,7,194,61.0,2055.0
975.4346455,3,9,25,8,223,61.0,2136.0
975.4346645,6,24,21,5,221,56.0,993.044
975.434669,5,2,10,2,51,55.0,501.477
975.530389,1,12,29,9,194,63.0,3135.0
975.5303905,3,13,32,10,220,63.0,3289.0
975.530391,2,9,26,12,170,63.0,5259.0
975.5304045,6,29,28,7,238,57.0,1578.0
975.530414,5,2,13,2,54,56.0,780.946
975.62616,1,9,24,7,195,60.0,2057.0
975.6261615,3,10,26,7,183,61.0,2093.0
975.626165,2,3,22,8,132,61.0,3145.0
975.6261815,6,7,22,3,96,57.0,812.047
975.626185,5,20,11,2,52,56.0,507.148
975.722011,1,15,29,9,197,62.0,3180.0
975.7220145,3,10,32,9,221,62.0,3268.0
975.722016,2,2,26,12,170,62.0,5413.0
975.7220295,6,29,28,7,235,58.0,1567.0
975.722039,5,5,12,4,192,57.0,883.18
976.881209,5,1,7,1,54,51.0,123.837
976.881217,4,1,1,0,1,45.0,0.0
978.417576,1,9,25,7,195,60.0,2065.0
978.4175775,3,10,26,7,183,61.0,2105.0
978.417579,2,5,22,8,137,61.0,3307.0
978.4175975,6,1,21,3,96,57.0,810.354
978.417601,5,20,11,2,55,56.0,515.719
978.513654,1,12,28,9,195,62.0,3143.0
978.5136555,3,6,33,10,224,63.0,3290.0
978.513656,2,9,28,12,171,62.0,5343.0
978.5136705,6,1,28,7,219,58.0,1514.0
978.513679,5,20,14,3,119,57.0,853.639
978.609379,1,12,25,7,192,61.0,2047.0
978.6093805,3,13,26,7,182,61.0,2104.0
978.609381,2,9,22,8,135,61.0,3284.0
978.6093995,6,2,21,5,197,56.0,949.191
978.609404,5,1,11,2,52,54.0,509.101
978.70526,1,8,28,9,197,62.0,3203.0
978.7052635,3,10,32,10,224,62.0,3276.0
978.705265,2,2,29,13,224,62.0,5420.0
978.7052785,6,29,28,7,226,58.0,1527.0
978.705287,5,20,14,4,193,57.0,891.687
978.801048,1,12,24,7,194,61.0,2055.0
978.8010495,3,9,26,7,182,61.0,2084.0
978.80105,2,77,22,9,164,60.0,3499.0
978.8010685,6,24,21,5,230,56.0,1017.0
978.801073,5,2,10,2,51,55.0,495.05
981.568657,1,12,24,7,195,61.0,2072.0
981.5686585,3,6,27,7,182,61.0,2096.0
981.568659,2,9,23,9,168,60.0,3386.0
981.5686785,6,1,22,5,193,56.0,930.132
981.568682,5,20,11,2,52,55.0,505.696
981.664715,1,12,28,9,195,63.0,3156.0
981.6647165,3,13,33,10,227,62.0,3301.0
981.664717,2,9,26,15,338,63.0,5748.0
981.6647275,6,1,29,7,232,58.0,1553.0
981.66474,5,20,13,2,52,57.0,782.082
981.760467,1,9,25,7,195,60.0,2070.0
981.760467,2,5,23,9,140,60.0,3515.0
981.7604715,3,7,26,7,221,60.0,2094.0
981.7604885,6,24,22,3,96,57.0,815.479
981.760495,5,17,10,2,52,56.0,467.491
981.856201,1,12,28,9,195,62.0,3154.0
981.856202,2,10,30,12,175,62.0,5386.0
981.8562025,3,6,32,10,227,63.0,3291.0
981.8562175,6,1,28,6,201,58.0,1467.0
981.856226,5,20,14,2,55,57.0,777.825
981.951975,1,12,25,7,195,61.0,2070.0
981.9519765,3,13,27,7,182,61.0,2102.0
981.951977,2,9,23,8,135,61.0,3343.0
981.9519965,6,1,21,5,196,56.0,936.003
981.952,5,17,11,2,52,55.0,505.702
982.047853,1,9,28,9,194,63.0,3154.0
982.0478545,3,13,31,10,227,63.0,3289.0
982.047855,2,77,28,13,224,63.0,5459.0
982.0478655,6,29,28,7,241,58.0,1579.0
982.047878,5,2,12,2,51,56.0,756.544
984.734697,1,12,24,7,195,61.0,2080.0
984.7346985,3,13,26,7,182,61.0,2094.0
984.734699,2,1,23,9,168,60.0,3458.0
984.7347185,6,1,22,5,193,57.0,936.797
984.734722,5,20,11,2,52,56.0,509.887
984.830436,1,9,27,8,195,62.0,3165.0
984.830436,2,8,31,14,267,62.0,5870.0
984.8304375,3,10,31,10,224,62.0,3270.0
984.8304525,6,29,28,5,164,58.0,1354.0
984.830461,5,6,12,4,193,57.0,897.791
984.92619,1,12,25,7,192,61.0,2061.0
984.9261915,3,13,26,7,182,61.0,2091.0
984.926192,2,74,22,10,171,61.0,3460.0
984.9262105,6,21,21,5,197,56.0,945.421
984.926215,5,17,10,2,52,55.0,514.69
985.022036,1,12,28,9,195,63.0,3162.0
985.0220375,3,13,32,9,196,63.0,3220.0
985.022038,2,77,27,13,221,62.0,5362.0
985.0220565,6,21,28,7,233,58.0,1553.0
985.022061,5,17,13,2,57,56.0,785.233
985.117903,1,5,23,7,194,60.0,2069.0
985.117905,2,1,23,9,167,60.0,3478.0
985.1179065,3,7,26,7,180,61.0,2044.0
985.1179235,6,24,21,3,114,56.0,836.682
985.117928,5,19,10,2,51,56.0,507.291
985.21397,1,15,29,9,197,62.0,3213.0
985.2139745,3,9,32,9,223,62.0,3294.0
985.213975,2,77,27,12,170,62.0,5277.0
985.2139885,6,29,29,7,232,58.0,1548.0
985.213998,5,5,13,3,112,57.0,837.518
987.941536,1,12,25,7,195,61.0,2073.0
987.9415375,3,13,27,7,182,61.0,2063.0
987.941538,2,9,23,8,135,60.0,3324.0
987.9415605,6,2,21,4,193,56.0,917.109
987.941561,5,17,11,2,51,55.0,493.551
988.038422,1,12,29,9,195,63.0,3154.0
988.0384235,3,13,33,9,211,63.0,3246.0
988.038424,2,9,28,13,204,62.0,5457.0
988.0384385,6,25,28,7,237,58.0,1565.0
988.038447,5,1,14,2,55,56.0,778.132
988.134146,1,12,25,7,195,61.0,2085.0
988.134146,2,8,22,10,170,61.0,3635.0
988.1341475,3,10,27,7,183,61.0,2089.0
988.1341675,6,1,23,5,193,57.0,930.279
988.134171,5,20,11,2,52,55.0,504.66
988.229886,1,8,28,9,200,62.0,3239.0
988.2298895,3,10,31,9,221,62.0,3255.0
988.229891,2,77,29,13,221,62.0,5721.0
988.2299045,6,29,29,7,229,58.0,1546.0
988.229914,5,19,13,4,192,57.0,890.677
988.325718,1,9,24,7,195,61.0,2070.0
988.3257195,3,13,26,7,182,61.0,2086.0
988.32572,2,6,22,9,138,60.0,3386.0
988.3257395,6,1,24,5,193,56.0,937.566
988.325743,5,1,11,2,52,56.0,515.282
991.088285,1,9,25,7,195,60.0,2083.0
991.0882865,3,10,27,7,179,61.0,2060.0
991.088288,2,2,21,9,170,60.0,3490.0
991.0883065,6,1,23,3,114,56.0,828.664
991.08831,5,20,11,2,55,56.0,514.486
991.185118,1,12,28,9,194,63.0,3176.0
991.1851195,3,13,32,10,220,63.0,3272.0
991.18512,2,77,25,13,221,62.0,5387.0
991.1851385,6,25,27,7,233,58.0,1557.0
991.185143,5,2,12,2,51,56.0,746.029
991.280961,1,12,25,7,194,61.0,2090.0
991.2809625,3,13,26,7,182,61.0,2079.0
991.280963,2,77,23,9,164,61.0,3494.0
991.2809815,6,24,19,5,221,56.0,986.106
991.280986,5,2,10,2,51,55.0,505.56
991.377025,1,12,28,9,194,63.0,3181.0
991.3770265,3,13,32,9,214,63.0,3246.0
991.377027,2,9,28,13,221,63.0,5518.0
991.3770455,6,21,28,7,233,57.0,1544.0
991.37705,5,2,12,2,51,56.0,755.784
991.472793,1,9,24,7,195,60.0,2094.0
991.4727945,3,10,27,8,224,61.0,2168.0
991.472796,2,5,23,9,170,60.0,3444.0
991.4728145,6,7,22,3,96,56.0,805.925
991.472821,5,17,10,2,52,56.0,471.705
994.24933,1,12,25,7,194,61.0,2092.0
994.2493315,3,9,26,7,182,61.0,2095.0
994.249332,2,1,22,9,170,60.0,3516.0
994.2493505,6,24,21,5,197,56.0,939.318
994.249355,5,5,10,2,54,55.0,522.412
994.347021,1,5,29,9,197,62.0,3235.0
994.347023,2,80,28,13,227,63.0,5615.0
994.3470255,3,9,31,9,220,62.0,3283.0
994.3470395,6,29,29,7,238,58.0,1561.0
994.347049,5,5,13,3,112,57.0,859.285
994.443087,1,6,24,7,195,60.0,2093.0
994.44309,2,2,22,9,170,60.0,3462.0
994.4430915,3,7,25,7,221,61.0,2101.0
994.4431085,6,24,21,5,194,57.0,941.541
994.443115,5,17,11,2,52,56.0,462.331
994.538811,1,15,29,9,197,62.0,3237.0
994.5388155,3,9,31,9,223,62.0,3277.0
994.538816,2,77,26,12,214,63.0,5433.0
994.5388295,6,29,29,7,232,58.0,1552.0
994.538839,5,5,14,4,192,57.0,889.132
994.634612,2,8,24,9,170,60.0,3475.0
994.634612,1,6,25,7,195,60.0,2103.0
994.6346135,3,10,26,7,183,61.0,2093.0
994.6346335,6,24,22,3,114,56.0,823.684
994.63464,5,17,10,2,52,55.0,476.801
997.396115,1,12,26,7,194,61.0,2094.0
997.3961165,3,9,25,7,182,61.0,2097.0
997.396117,2,2,21,9,170,61.0,3440.0
997.3961355,6,24,21,5,221,56.0,983.47
997.39614,5,5,10,2,51,55.0,505.091
997.492973,1,12,28,9,194,63.0,3184.0
997.4929745,3,13,32,9,211,63.0,3242.0
997.492975,2,77,27,13,224,63.0,5575.0
997.4929885,6,29,29,7,238,57.0,1571.0
997.492998,5,2,13,2,51,57.0,770.896
997.589078,1,12,25,7,194,61.0,2085.0
997.5890795,3,13,26,7,182,61.0,2067.0
997.58908,2,1,22,10,170,61.0,3620.0
997.5890985,6,25,20,5,230,56.0,1002.0
997.589103,5,2,9,2,51,55.0,497.327
997.68482,1,12,29,9,194,63.0,3194.0
997.6848215,3,13,31,9,211,63.0,3231.0
997.684822,2,77,27,13,221,63.0,5574.0
997.6848355,6,30,28,7,238,58.0,1553.0
997.684845,5,2,12,2,51,57.0,762.846
1000.463208,1,12,25,7,194,61.0,2099.0
1000.4632095,3,9,25,7,182,61.0,2099.0
1000.46321,2,77,21,9,167,61.0,3376.0
1000.4632285,6,24,21,5,224,56.0,992.455
1000.463233,5,5,9,2,51,56.0,506.7
1000.560017,1,9,27,9,198,62.0,3229.0
1000.560017,2,8,27,12,173,62.0,5420.0
1000.5600185,3,10,32,10,224,63.0,3276.0
1000.5600335,6,29,28,6,199,58.0,1446.0
1000.560042,5,20,12,2,55,57.0,790.13
1000.655862,1,9,25,7,195,60.0,2093.0
1000.6558635,3,10,27,8,224,60.0,2123.0
1000.655864,2,6,22,8,135,60.0,3327.0
1000.6558835,6,1,22,3,96,57.0,804.562
1000.655887,5,20,11,2,55,56.0,521.333
1000.751981,1,9,28,9,198,62.0,3219.0
1000.751981,2,8,29,12,176,62.0,5389.0
1000.7519825,3,10,31,10,224,63.0,3297.0
1000.751995,5,31,14,3,66,57.0,827.666
1000.7519975,6,12,29,6,199,58.0,1434.0
1001.3519225,3,1,1,0,1,45.0,0.0
1003.533293,1,12,25,7,192,61.0,2090.0
1003.5332945,3,13,27,7,182,61.0,2088.0
1003.533295,2,9,21,8,135,61.0,3392.0
1003.5333135,6,2,21,5,197,56.0,937.371
1003.533318,5,1,10,2,52,55.0,505.434
1003.629349,1,15,29,9,197,63.0,3250.0
1003.6293535,3,13,31,9,220,63.0,3250.0
1003.629354,2,77,27,14,261,62.0,5524.0
1003.6293675,6,29,29,7,238,58.0,1556.0
1003.629377,5,5,12,2,54,57.0,781.994
1003.725104,1,12,25,7,195,61.0,2106.0
1003.7251055,3,13,27,7,182,61.0,2084.0
1003.725106,2,9,21,8,135,60.0,3289.0
1003.7251255,6,1,22,5,196,56.0,929.705
1003.725129,5,17,11,2,52,55.0,499.144
1003.820838,1,12,29,9,195,63.0,3219.0
1003.8208395,3,13,33,10,224,63.0,3300.0
1003.82084,2,9,27,15,332,63.0,5837.0
1003.820849,5,34,15,3,69,56.0,834.933
1003.8208505,6,29,30,7,229,58.0,1546.0
1006.622264,2,5,23,8,137,61.0,3346.0
1006.622265,1,5,25,7,194,61.0,2109.0
1006.6222665,3,9,26,8,223,61.0,2155.0
1006.6222805,6,29,22,5,199,56.0,940.731
1006.62229,5,5,10,2,54,55.0,516.47
1006.719106,1,15,30,9,197,62.0,3274.0
1006.7191105,3,9,32,9,220,62.0,3252.0
1006.719111,2,77,28,13,221,63.0,5622.0
1006.7191245,6,29,28,7,238,58.0,1563.0
1006.719134,5,5,12,2,57,57.0,796.83
1006.814943,1,12,25,7,194,61.0,2106.0
1006.8149445,3,13,25,7,182,61.0,2083.0
1006.814945,2,9,22,9,170,61.0,3559.0
1006.8149635,6,24,20,5,233,56.0,1005.0
1006.814968,5,2,9,2,51,55.0,511.11
1006.910796,1,12,28,9,194,63.0,3213.0
1006.9107975,3,13,34,9,214,63.0,3240.0
1006.910798,2,77,29,13,224,62.0,5455.0
1006.9108165,6,25,29,7,233,57.0,1550.0
1006.910821,5,2,12,2,51,56.0,766.996
1009.688352,1,12,25,7,195,61.0,2112.0
1009.6883535,3,13,25,7,179,61.0,2067.0
1009.688354,2,9,22,10,224,61.0,3614.0
1009.6883735,6,1,23,3,96,56.0,793.403
1009.688377,5,20,11,2,52,55.0,511.118
1009.785165,1,12,28,9,194,63.0,3224.0
1009.7851665,3,13,32,9,217,63.0,3261.0
1009.785167,2,1,28,12,200,62.0,5434.0
1009.7851805,6,29,29,7,238,58.0,1558.0
1009.78519,5,5,12,3,112,57.0,838.379
1009.88101,1,12,26,7,194,61.0,2110.0
1009.8810115,3,10,27,7,182,61.0,2085.0
1009.881012,2,1,23,11,224,61.0,3600.0
1009.8810305,6,24,20,5,230,56.0,993.424
1009.881035,5,2,9,2,51,55.0,506.664
1009.977182,1,15,29,9,197,63.0,3294.0
1009.9771865,3,9,32,10,254,63.0,3301.0
1009.977187,2,77,30,13,224,62.0,5539.0
1009.9772005,6,29,28,7,238,58.0,1545.0
1009.97721,5,5,13,2,54,57.0,781.66
1011.5672605,6,1,1,0,1,45.0,0.0
1011.567265,5,1,3,0,1,46.0,0.0
1012.75763,1,9,24,7,195,60.0,2127.0
1012.75763,2,8,21,8,137,60.0,3345.0
1012.7576315,3,10,27,7,183,61.0,2080.0
1012.7576515,6,1,23,3,96,56.0,799.602
1012.757655,5,20,10,2,55,56.0,516.243
1012.854496,1,12,29,9,195,63.0,3249.0
1012.8544975,3,6,31,10,224,63.0,3263.0
1012.854498,2,6,28,14,268,62.0,5664.0
1012.8545085,6,1,29,6,205,58.0,1464.0
1012.854521,5,20,12,2,55,57.0,800.488
1012.950244,1,9,24,7,195,60.0,2121.0
1012.950245,2,7,23,9,169,60.0,3564.0
1012.9502455,3,10,26,7,183,61.0,2082.0
1012.9502655,6,1,21,3,114,57.0,807.817
1012.950272,5,17,10,2,52,56.0,473.099
1014.8992105,3,1,1,0,1,45.0,0.0
1015.798582,1,12,25,7,195,61.0,2134.0
1015.7985835,3,6,26,8,224,61.0,2145.0
1015.798584,2,6,23,9,168,61.0,3457.0
1015.7986035,6,1,23,3,96,56.0,789.714
1015.798607,5,20,11,2,55,55.0,512.854
1015.894335,1,12,29,9,198,62.0,3256.0
1015.894335,2,8,29,12,173,62.0,5302.0
1015.8943365,3,10,31,10,224,63.0,3266.0
1015.894349,5,31,12,3,66,58.0,839.151
1015.8943555,6,8,28,4,118,58.0,1273.0
1015.991175,2,8,24,10,206,61.0,3623.0
1015.991175,1,9,24,7,195,60.0,2129.0
1015.9911765,3,10,26,7,183,61.0,2086.0
1015.9911965,6,1,23,3,114,57.0,819.752
1015.9912,5,20,11,2,55,56.0,522.529
1018.855562,2,8,22,9,173,61.0,3496.0
1018.855562,1,9,24,7,195,60.0,2135.0
1018.8555635,3,10,24,7,183,61.0,2076.0
1018.8555835,6,1,24,3,114,56.0,808.846
1018.855587,5,20,10,2,55,56.0,516.746
1018.952403,1,12,29,9,195,63.0,3248.0
1018.9524045,3,13,31,9,196,63.0,3218.0
1018.952405,2,9,27,12,167,62.0,5151.0
1018.9524155,6,29,31,7,229,58.0,1533.0
1018.952428,5,17,12,2,55,57.0,793.788
1019.048548,1,6,25,7,195,60.0,2140.0
1019.0485495,3,10,25,7,183,60.0,2078.0
1019.048551,2,2,21,9,167,60.0,3444.0
1019.0485695,6,24,23,3,114,56.0,813.524
1019.048576,5,17,9,2,49,56.0,465.656
1019.144323,1,12,29,9,195,63.0,3251.0
1019.1443245,3,13,31,10,227,63.0,3263.0
1019.144325,2,9,29,14,265,62.0,5659.0
1019.1443355,6,1,30,7,229,58.0,1529.0
1019.144348,5,20,13,2,55,57.0,793.585
1022.000508,1,12,25,7,195,61.0,2136.0
1022.0005095,3,13,26,7,182,61.0,2076.0
1022.00051,2,9,23,9,138,61.0,3414.0
1022.0005295,6,1,22,5,196,56.0,939.491
1022.000533,5,1,11,2,52,56.0,526.827
1022.097349,1,12,28,9,194,63.0,3269.0
1022.0973505,3,13,32,9,214,63.0,3213.0
1022.097351,2,77,29,13,224,62.0,5448.0
1022.0973645,6,29,29,7,238,58.0,1556.0
1022.097374,5,5,12,2,51,57.0,773.707
1022.193435,1,12,24,7,195,61.0,2142.0
1022.1934365,3,7,25,7,183,61.0,2079.0
1022.193437,2,6,22,9,168,60.0,3438.0
1022.1934565,6,1,23,3,96,56.0,787.279
1022.19346,5,20,11,2,55,56.0,522.546
1022.289208,1,12,28,9,194,63.0,3263.0
1022.2892095,3,13,30,9,214,63.0,3252.0
1022.28921,2,77,28,13,224,62.0,5392.0
1022.2892285,6,25,29,7,233,57.0,1540.0
1022.289233,5,2,12,2,51,57.0,771.958
1022.384957,1,5,24,7,194,60.0,2143.0
1022.384959,2,77,25,9,170,60.0,3404.0
1022.3849605,3,7,25,7,180,61.0,2035.0
1022.3849775,6,24,21,5,194,56.0,927.485
1022.384982,5,19,9,2,51,56.0,512.439
1025.221314,1,12,24,7,195,61.0,2137.0
1025.2213155,3,10,25,8,224,61.0,2119.0
1025.221316,2,6,24,11,224,61.0,3705.0
1025.2213355,6,1,22,3,114,56.0,821.553
1025.221339,5,20,10,2,55,56.0,518.919
1025.318183,1,12,29,9,195,63.0,3271.0
1025.3181845,3,13,32,10,310,63.0,3297.0
1025.318185,2,9,26,13,224,62.0,5404.0
1025.3182035,6,21,29,6,221,58.0,1491.0
1025.318208,5,2,12,2,52,56.0,780.057
1025.414005,1,5,24,7,194,60.0,2149.0
1025.414007,2,5,22,8,137,60.0,3320.0
1025.4140085,3,7,25,7,180,61.0,2028.0
1025.4140255,6,24,22,5,194,56.0,915.98
1025.41403,5,5,11,2,54,56.0,520.426
1025.510071,1,9,29,9,198,62.0,3300.0
1025.510071,2,5,27,13,209,62.0,5640.0
1025.5100725,3,10,31,9,224,63.0,3243.0
1025.510085,5,31,14,4,204,58.0,936.712
1025.5100875,6,12,29,6,199,58.0,1430.0
1028.394044,2,8,25,9,173,60.0,3522.0
1028.394045,1,5,25,7,194,60.0,2154.0
1028.3940485,3,7,24,7,180,60.0,2024.0
1028.3940655,6,24,21,5,194,57.0,930.15
1028.394072,5,3,9,2,49,56.0,468.102
1028.490052,1,12,29,9,195,63.0,3282.0
1028.4900535,3,13,32,10,224,63.0,3250.0
1028.490054,2,9,27,12,168,62.0,5147.0
1028.4900645,6,29,31,6,205,58.0,1454.0
1028.490077,5,20,12,2,52,57.0,784.198
1028.586899,1,12,25,7,195,61.0,2146.0
1028.5869005,3,13,27,7,179,61.0,2066.0
1028.586901,2,9,22,9,164,61.0,3478.0
1028.5869205,6,1,24,5,193,56.0,924.661
1028.586924,5,1,11,2,52,56.0,513.352
1031.4563,1,9,24,7,195,60.0,2165.0
1031.4563,2,5,24,8,137,61.0,3410.0
1031.4563015,3,10,23,7,183,61.0,2052.0
1031.4563215,6,7,23,3,114,56.0,807.27
1031.456325,5,20,11,2,55,56.0,525.376
1031.553179,1,8,29,9,200,62.0,3348.0
1031.553181,2,80,29,13,224,62.0,5446.0
1031.5531825,3,10,31,9,197,62.0,3203.0
1031.5531975,6,29,28,7,235,58.0,1541.0
1031.553206,5,6,13,4,193,58.0,908.732
1031.648965,1,12,24,7,195,61.0,2161.0
1031.6489665,3,13,24,7,176,61.0,2045.0
1031.648967,2,1,26,9,171,62.0,3522.0
1031.6489865,6,1,24,3,96,56.0,784.661
1031.64899,5,20,11,2,52,56.0,519.864
1032.7100695,6,2,2,0,27,49.0,52.626
1032.710077,5,3,2,0,4,51.0,30.555
1034.507371,1,12,25,7,194,60.0,2159.0
1034.5073725,3,9,25,7,182,61.0,2082.0
1034.507373,2,77,23,9,164,60.0,3384.0
1034.5073915,6,24,22,5,224,56.0,977.906
1034.507396,5,5,9,2,51,56.0,515.274
1034.603449,1,8,29,9,200,62.0,3354.0
1034.603451,2,80,27,13,224,62.0,5594.0
1034.6034525,3,10,30,9,221,63.0,3235.0
1034.6034675,6,29,30,7,235,58.0,1536.0
1034.603476,5,20,14,2,55,57.0,796.571
1037.570237,1,12,26,7,194,61.0,2155.0
1037.5702385,3,13,26,7,182,61.0,2068.0
1037.570239,2,1,23,9,170,60.0,3419.0
1037.5702575,6,24,22,5,197,55.0,926.843
1037.570262,5,2,9,2,48,55.0,511.755
1037.666266,1,15,29,9,197,62.0,3359.0
1037.666268,2,8,29,13,224,62.0,5543.0
1037.6662695,3,10,32,9,215,62.0,3204.0
1037.6662845,6,29,30,7,238,58.0,1547.0
1037.666293,5,6,14,2,55,58.0,800.842
1040.611343,1,12,25,7,195,61.0,2174.0
1040.6113445,3,6,26,7,183,61.0,2059.0
1040.611345,2,6,24,10,204,61.0,3527.0
1040.6113645,6,1,24,3,114,56.0,801.846
1040.611368,5,20,10,2,55,56.0,528.28
1040.707373,1,15,29,9,197,63.0,3367.0
1040.7073775,3,13,31,10,310,63.0,3301.0
1040.707378,2,77,28,13,221,62.0,5340.0
1040.7073915,6,29,29,7,238,58.0,1545.0
1040.707401,5,5,11,2,52,57.0,787.051
1043.690598,1,12,25,7,191,61.0,2160.0
1043.6905995,3,13,26,7,182,61.0,2061.0
1043.6906,2,9,23,9,170,61.0,3410.0
1043.6906185,6,24,22,5,197,56.0,925.08
1043.690623,5,2,9,2,48,55.0,512.467
1043.786422,1,15,29,9,197,63.0,3373.0
1043.7864265,3,9,30,10,310,63.0,3296.0
1043.786427,2,77,28,14,267,62.0,5662.0
1043.7864405,6,29,28,7,238,58.0,1549.0
1043.786449,5,6,12,3,113,57.0,858.462
1043.882267,1,12,25,7,194,61.0,2179.0
1043.8822685,3,9,24,7,182,61.0,2066.0
1043.882269,2,2,22,9,170,61.0,3489.0
1043.8822875,6,24,21,5,221,56.0,970.269
1043.882292,5,5,10,2,51,56.0,521.893
1046.82534,1,12,24,7,195,61.0,2182.0
1046.8253415,3,13,27,8,224,61.0,2114.0
1046.825342,2,9,23,11,230,61.0,3560.0
1046.8253605,6,1,25,3,97,56.0,785.307
1046.825365,5,1,10,3,196,55.0,608.885
1046.921648,1,15,29,9,197,62.0,3384.0
1046.92165,2,80,27,13,227,62.0,5546.0
1046.9216525,3,9,31,10,310,62.0,3292.0
1046.9216665,6,29,30,7,238,58.0,1540.0
1046.921676,5,5,12,3,112,58.0,863.588
1047.018257,2,8,25,9,173,60.0,3573.0
1047.018257,1,6,25,7,195,60.0,2190.0
1047.0182585,3,10,26,7,183,61.0,2072.0
1047.0182785,6,24,20,5,194,56.0,923.671
1047.018285,5,17,9,2,52,56.0,491.197
1049.970468,1,9,25,7,195,60.0,2192.0
1049.970468,2,8,23,10,220,60.0,3614.0
1049.9704695,3,10,25,7,183,61.0,2070.0
1049.9704895,6,7,23,3,114,56.0,811.841
1049.970493,5,20,10,2,55,56.0,519.245
1050.066535,1,12,29,9,198,63.0,3343.0
1050.0665365,3,13,32,9,221,63.0,3220.0
1050.066537,2,9,28,14,265,62.0,5505.0
1050.0665475,6,29,30,6,205,58.0,1453.0
1050.06656,5,20,13,2,52,57.0,790.852
1053.081467,1,9,25,7,195,60.0,2195.0
1053.0814715,3,7,23,7,180,61.0,2012.0
1053.081472,2,3,21,8,135,61.0,3115.0
1053.0814885,6,7,21,5,194,56.0,919.133
1053.081492,5,20,10,2,55,56.0,530.959
1053.177302,1,12,29,9,198,63.0,3365.0
1053.177302,2,5,27,12,170,62.0,5132.0
1053.1773035,3,6,31,9,221,63.0,3217.0
1053.1773145,6,1,29,7,230,58.0,1521.0
1053.177327,5,20,12,4,193,57.0,897.407
1056.145677,1,12,26,7,194,61.0,2187.0
1056.1456785,3,9,25,7,182,61.0,2063.0
1056.145679,2,1,21,11,224,61.0,3628.0
1056.1456975,6,24,23,5,200,56.0,937.965
1056.145702,5,2,10,2,51,55.0,515.31
1056.242551,1,12,29,9,198,63.0,3364.0
1056.242551,2,11,28,12,209,63.0,5495.0
1056.2425525,3,13,29,9,221,63.0,3215.0
1056.2425635,6,1,31,7,230,58.0,1519.0
1056.242576,5,20,12,4,193,57.0,913.598
1059.190558,1,12,25,7,195,61.0,2208.0
1059.1905595,3,13,23,7,183,61.0,2069.0
1059.19056,2,9,23,8,138,61.0,3330.0
1059.1905705,6,1,24,4,123,56.0,825.628
1059.190583,5,20,10,2,52,56.0,529.337
1059.286612,1,15,29,9,197,63.0,3418.0
1059.286614,2,80,30,13,227,63.0,5440.0
1059.2866165,3,9,31,10,310,63.0,3283.0
1059.2866305,6,29,30,7,235,58.0,1533.0
1059.286639,5,6,12,2,52,57.0,796.04
1062.307603,1,12,25,7,195,61.0,2204.0
1062.3076045,3,13,25,8,224,61.0,2106.0
1062.307605,2,9,22,10,224,61.0,3547.0
1062.3076235,6,2,23,3,97,56.0,785.972
1062.307628,5,20,11,2,52,56.0,530.204
1062.403475,1,8,30,9,197,62.0,3413.0
1062.403477,2,80,27,12,173,62.0,5416.0
1062.4034785,3,10,30,10,311,63.0,3274.0
1062.4034935,6,29,30,7,238,58.0,1535.0
1062.403502,5,20,13,3,113,57.0,863.36
1065.462624,1,9,25,7,195,60.0,2218.0
1065.462625,2,79,23,9,169,61.0,3537.0
1065.4626255,3,10,24,7,183,61.0,2049.0
1065.4626455,6,24,22,5,230,56.0,992.63
1065.462649,5,20,11,2,52,56.0,524.421
1065.559487,1,8,29,9,197,62.0,3421.0
1065.559489,2,80,26,13,224,62.0,5528.0
1065.5594905,3,10,30,9,215,63.0,3190.0
1065.5595055,6,29,30,7,238,58.0,1530.0
1065.559514,5,20,12,3,113,57.0,867.631
1068.605501,1,9,25,7,195,60.0,2214.0
1068.605502,2,7,22,8,139,61.0,3304.0
1068.6055025,3,10,25,7,186,61.0,2070.0
1068.6055225,6,7,22,5,194,56.0,918.998
1068.605526,5,20,10,2,55,56.0,535.789
1068.7023,1,12,29,9,198,63.0,3402.0
1068.7023015,3,6,30,9,221,63.0,3221.0
1068.702302,2,6,26,14,265,62.0,5436.0
1068.7023125,6,1,30,7,239,58.0,1540.0
1068.702325,5,20,12,4,193,57.0,921.211
1068.798451,1,6,26,7,195,60.0,2202.0
1068.798454,2,2,21,9,167,60.0,3242.0
1068.7984555,3,7,24,7,180,61.0,2015.0
1068.7984725,6,24,21,5,224,56.0,977.541
1068.798479,5,3,9,2,49,56.0,472.029
1071.812306,1,6,25,7,195,60.0,2229.0
1071.8123075,3,10,25,7,183,61.0,2056.0
1071.812309,2,5,23,10,221,61.0,3618.0
1071.8123275,6,24,20,5,194,56.0,917.217
1071.812331,5,20,10,2,52,56.0,522.095
1071.909139,1,15,30,9,197,62.0,3435.0
1071.909141,2,5,28,13,227,62.0,5446.0
1071.9091435,3,9,29,10,310,62.0,3291.0
1071.9091575,6,29,29,7,238,58.0,1531.0
1071.909167,5,5,12,3,112,57.0,870.301
1074.987394,1,12,26,7,195,61.0,2209.0
1074.9873955,3,13,26,8,224,61.0,2103.0
1074.987396,2,9,23,9,170,61.0,3365.0
1074.9874145,6,1,23,5,194,56.0,925.486
1074.987419,5,2,9,2,48,55.0,523.367
1075.084256,1,9,28,9,198,62.0,3396.0
1075.084257,2,7,29,13,223,62.0,5562.0
1075.0842575,3,10,29,10,311,62.0,3267.0
1075.0842685,6,33,29,7,242,58.0,1536.0
1075.084281,5,20,14,2,55,58.0,808.241
1078.142682,1,6,25,7,195,60.0,2218.0
1078.1426835,3,10,25,7,183,61.0,2055.0
1078.142685,2,77,22,10,224,61.0,3544.0
1078.1427035,6,24,21,5,197,56.0,923.544
1078.14271,5,17,10,2,49,56.0,476.591
1078.238952,1,12,29,9,198,63.0,3402.0
1078.2389535,3,13,30,10,314,63.0,3285.0
1078.238954,2,6,28,13,224,62.0,5372.0
1078.2389645,6,1,30,7,239,58.0,1548.0
1078.238977,5,20,12,4,193,58.0,913.804
1081.323993,1,9,26,7,195,60.0,2222.0
1081.323993,2,8,23,9,173,61.0,3451.0
1081.3239945,3,10,25,7,183,61.0,2090.0
1081.3240145,6,7,23,5,230,56.0,980.369
1081.324018,5,20,11,2,52,56.0,525.473
1084.45495,1,12,26,7,192,61.0,2203.0
1084.4549515,3,13,25,7,182,61.0,2055.0
1084.454952,2,9,22,9,164,61.0,3321.0
1084.4549705,6,25,22,3,97,56.0,779.277
1084.454975,5,2,10,2,51,55.0,514.958
1087.601681,1,12,27,7,194,61.0,2217.0
1087.6016825,3,9,24,7,182,61.0,2056.0
1087.601683,2,9,22,9,164,61.0,3329.0
1087.6017015,6,24,21,5,197,56.0,923.253
1087.601706,5,5,10,2,51,55.0,521.38
1090.757696,1,12,26,7,195,61.0,2226.0
1090.7576975,3,13,25,7,183,61.0,2063.0
1090.757698,2,9,24,9,168,62.0,3353.0
1090.7577205,6,2,23,3,93,56.0,757.486
1090.757721,5,20,10,2,52,56.0,529.589
1093.918716,1,12,25,7,195,61.0,2237.0
1093.9187175,3,13,24,7,183,61.0,2064.0
1093.918718,2,9,24,8,138,61.0,3192.0
1093.9187365,6,1,22,3,97,56.0,781.608
1093.918741,5,1,10,2,48,55.0,507.065
1094.7978165,6,1,4,0,22,48.0,38.475
1097.089606,1,12,26,7,195,61.0,2231.0
1097.0896075,3,13,25,7,183,61.0,2041.0
1097.089608,2,9,25,11,227,60.0,3534.0
1097.0896305,6,2,23,4,159,56.0,828.624
1097.089631,5,2,10,2,52,55.0,523.083
1100.247547,1,6,26,7,195,60.0,2244.0
1100.2475485,3,10,25,7,183,61.0,2052.0
1100.24755,2,2,25,10,224,61.0,3507.0
1100.2475685,6,24,23,5,197,56.0,925.116
1100.247575,5,17,10,2,49,56.0,474.295
1103.423417,1,12,26,7,192,61.0,2234.0
1103.4234185,3,9,27,7,182,61.0,2032.0
1103.423419,2,1,23,10,224,60.0,3411.0
1103.4234375,6,24,23,5,197,56.0,926.675
1103.423442,5,2,10,2,51,55.0,529.331
1115.890611,2,2,24,9,173,61.0,3399.0
1115.890611,1,9,26,7,195,61.0,2265.0
1115.8906125,3,10,24,7,183,61.0,2067.0
1115.8906325,6,1,22,5,224,56.0,967.647
1115.890636,5,20,10,2,52,56.0,530.041
1138.3613825,3,1,1,0,1,45.0,0.0
1139.4905765,3,1,1,0,4,47.0,10.548
1173.031874,1,3,6,1,24,56.0,305.163
1173.0318975,3,1,3,0,12,51.0,53.838
1179.8788955,6,1,1,0,1,45.0,0.0
1179.8789045,3,1,1,0,1,46.0,0.0
1179.878918,2,1,1,0,1,50.0,0.0
1194.504717,1,1,2,0,1,47.0,0.0
1207.797955,1,1,1,0,1,45.0,0.0
1212.4039165,6,1,1,0,4,50.0,22.189
1212.4039325,3,1,1,0,1,45.0,0.0
1218.3030075,3,1,1,0,1,48.0,0.0
1218.303023,1,1,1,0,1,45.0,0.0
1223.867313,1,2,2,0,13,58.0,119.764
1225.9344935,6,1,1,0,1,50.0,0.0
1229.5888435,6,1,1,0,1,45.0,0.0
1234.8905605,6,2,1,0,3,46.0,8.36
1234.8946615,3,1,3,0,31,51.0,73.53
1235.1215755,3,1,1,0,1,45.0,0.0
1244.6956675,3,1,2,0,7,49.0,28.543
1255.9571835,3,1,1,0,1,45.0,0.0
1258.267697,1,1,1,0,1,47.0,0.0
1258.2677075,3,2,1,0,5,46.0,11.145
1263.1939955,6,1,1,0,1,45.0,0.0
1263.389161,5,2,1,0,2,45.0,4.305
1264.233309,5,2,6,0,13,54.0,119.548
1264.2333095,6,2,7,0,29,50.0,98.77
1264.233332,1,3,7,1,98,51.0,226.583
1264.2333505,3,1,7,0,38,50.0,69.247
1264.233386,2,2,3,0,2,53.0,20.948
1269.7045885,3,1,1,0,1,45.0,0.0
1284.8123395,6,1,2,0,1,46.0,0.0
1285.8031425,6,1,1,0,1,45.0,0.0
1285.90706,5,2,2,0,9,53.0,47.724
1290.644957,4,1,1,0,1,48.0,0.0
1293.524699,1,2,1,0,3,46.0,9.452
1293.641273,5,2,2,0,2,47.0,6.222
1295.1302275,6,1,1,0,1,45.0,0.0
1295.8443475,6,2,1,0,2,45.0,6.26
1297.3147425,3,1,4,0,1,47.0,0.0
1299.762927,5,2,2,0,3,46.0,9.402
1305.6316485,3,1,3,1,93,48.0,92.788
1305.6317045,6,1,1,0,1,45.0,0.0
1315.10349,4,2,2,0,2,49.0,4.148
1322.8601105,3,1,1,0,1,45.0,0.0
1324.731966,4,2,1,0,2,49.0,9.829
1324.7319945,3,1,6,1,73,51.0,117.504
1325.465301,1,1,1,0,1,47.0,0.0
1325.4653145,6,1,2,0,1,45.0,0.0
1328.223578,1,1,1,0,1,49.0,0.0
1328.525775,5,2,11,1,44,51.0,223.375
1328.5257815,6,2,3,0,36,50.0,39.361
1328.5257935,3,2,4,0,16,50.0,51.565
1328.525892,1,1,1,0,1,46.0,0.0
1330.473159,1,1,1,0,1,45.0,0.0
1333.4181865,3,1,2,0,24,47.0,20.702
1333.418195,1,7,4,0,15,51.0,76.514
1333.4182175,6,1,2,0,1,47.0,0.0
1338.186863,5,2,2,0,17,54.0,103.426
1340.0185495,6,1,1,0,1,45.0,0.0
1345.1206325,3,1,1,0,4,45.0,7.39
1345.7122995,3,1,1,0,1,45.0,0.0
1349.7575795,3,1,1,0,1,45.0,0.0
1349.757593,1,2,1,0,3,54.0,35.502
1355.0511095,3,1,1,0,1,46.0,0.0
1357.882532,5,2,4,0,42,51.0,125.812
1357.8825525,6,1,3,1,75,50.0,121.254
1359.2370525,6,2,25,8,226,65.0,2875.0
1359.237053,5,2,23,7,163,60.0,2185.0
1359.23706,4,1,5,0,47,50.0,94.459
1359.237068,1,34,30,9,239,60.0,2450.0
1359.2370685,3,21,27,10,256,61.0,3169.0
1359.23707,2,113,28,13,238,64.0,5622.0
1359.584861,5,3,4,0,4,50.0,33.756
1362.7023945,3,2,8,1,33,61.0,545.128
1362.702407,1,7,9,1,68,59.0,346.669
1362.702413,2,1,2,0,1,54.0,0.0
1362.702425,5,1,2,0,1,50.0,0.0
1362.7024325,6,1,2,0,71,46.0,48.348
1363.784161,1,2,1,0,3,47.0,10.686
1364.980771,1,1,1,0,1,45.0,0.0
1365.1589705,6,1,2,0,4,49.0,16.231
1365.8717965,3,1,1,0,1,45.0,0.0
1365.8723505,3,2,16,5,226,63.0,1289.0
1365.872358,1,4,15,2,114,55.0,492.162
1365.872361,2,4,12,5,134,59.0,1493.0
1365.8723705,6,47,12,3,133,56.0,453.616
1365.872378,5,27,13,1,39,55.0,424.567
1371.6426795,3,2,7,2,126,55.0,247.224
1371.64268,2,20,20,10,176,66.0,5197.0
1371.642684,1,33,18,4,125,57.0,869.311
1371.64269,5,54,17,4,102,58.0,1223.0
1371.6427475,6,1,6,0,24,50.0,69.199
1372.2721185,6,2,1,0,3,54.0,34.68
1373.055279,5,2,1,0,3,46.0,8.554
1373.59876,5,1,1,0,1,45.0,0.0
1373.7149495,6,1,1,0,1,45.0,0.0
1376.724035,1,1,1,0,1,45.0,0.0
1376.9786765,3,1,1,0,1,45.0,0.0
1377.704718,2,2,3,0,6,56.0,132.368
1377.7047225,3,1,1,0,1,46.0,0.0
1380.0222085,6,1,1,0,1,45.0,0.0
1380.090486,1,1,1,0,1,45.0,0.0
1382.743845,5,18,3,0,21,50.0,71.642
1385.445735,1,2,1,0,3,46.0,9.266
1386.0955885,6,2,1,0,2,45.0,3.324
1386.136559,5,2,4,0,18,50.0,114.709
1386.3027105,3,1,1,0,1,47.0,0.0
1386.302735,1,2,3,0,5,50.0,28.241
1386.6032905,3,1,5,0,43,48.0,66.216
1386.603304,5,12,5,0,14,49.0,46.671
1386.6033315,6,1,3,0,14,48.0,20.29
1386.603386,1,1,1,0,1,48.0,0.0
1388.998254,5,2,2,0,3,49.0,30.055
1390.8854095,6,1,2,0,8,48.0,19.33
1396.736087,1,2,1,0,3,50.0,16.279
1396.736094,2,1,1,0,1,50.0,0.0
1397.279101,1,1,1,0,1,45.0,0.0
1397.994619,1,1,1,0,1,45.0,0.0
1398.2446735,6,1,1,0,1,46.0,0.0
1403.0412455,6,1,1,0,1,45.0,0.0
1403.0772295,6,1,1,0,1,45.0,0.0
1403.105141,5,2,1,0,3,46.0,9.243
1403.308733,1,2,2,0,2,49.0,24.132
1405.5024495,6,1,2,0,4,50.0,19.16
1406.1282095,6,1,1,0,1,45.0,0.0
1408.8010895,6,2,1,0,4,50.0,25.343
1409.749746,2,2,3,1,22,59.0,570.842
1409.752197,1,2,3,0,9,50.0,59.519
1409.7522105,3,2,1,0,5,50.0,27.195
1414.430247,1,4,3,0,25,50.0,58.849
1415.304349,5,2,2,0,3,53.0,28.859
1415.77107,5,2,4,0,18,54.0,139.988
1417.005337,5,3,5,0,5,51.0,74.362
1417.011514,5,1,1,0,1,45.0,0.0
1418.7354,5,3,5,0,19,56.0,298.7
1418.7354175,6,1,2,0,1,46.0,0.0
1419.732052,5,1,2,0,1,46.0,0.0
1419.7320575,3,1,1,0,1,45.0,0.0
1420.15165,2,2,1,0,2,50.0,16.406
1420.484654,1,1,1,0,1,45.0,0.0
1420.763116,5,1,1,0,1,45.0,0.0
1424.227633,1,2,1,0,2,46.0,7.333
1424.968947,5,2,1,0,3,45.0,8.227
1427.646541,1,2,3,0,3,61.0,239.723
1427.8838625,3,2,5,1,68,57.0,200.689
1427.883872,2,2,7,2,70,56.0,448.168
1427.883874,1,2,6,0,21,54.0,101.752
1427.883879,5,3,5,0,4,48.0,27.763
1427.8838825,6,1,8,0,24,56.0,205.59
1429.6291585,6,2,2,0,3,50.0,62.68
1430.4507865,6,2,1,0,5,47.0,16.215
1430.7710605,3,1,1,0,1,45.0,0.0
1430.771069,1,1,4,0,1,49.0,0.0
1430.771074,2,2,2,0,3,53.0,31.61
1430.83484,5,3,7,1,18,66.0,2001.0
1431.0500155,6,2,8,0,36,52.0,143.933
1431.050024,5,2,11,2,107,54.0,412.068
1431.050034,1,4,8,1,85,51.0,205.475
1431.0500385,3,1,6,1,63,53.0,193.94
1431.0607015,6,1,1,0,1,45.0,0.0
1431.9028285,3,1,1,0,1,45.0,0.0
1434.076636,5,2,1,0,2,45.0,5.342
1435.459303,5,2,7,1,59,51.0,197.454
1435.4593375,3,1,1,0,1,48.0,0.0
1435.639621,1,2,1,0,3,51.0,21.116
1435.877661,5,1,3,0,1,47.0,0.0
1435.877675,1,1,2,0,1,46.0,0.0
1435.939507,5,3,2,0,5,48.0,35.864
1436.1287605,3,1,5,0,1,48.0,0.0
1436.1287675,6,40,8,1,50,51.0,169.273
1436.478862,5,3,2,0,16,61.0,522.178
1436.879277,1,1,1,0,1,45.0,0.0
1436.964163,5,2,2,0,4,51.0,42.743
1437.013929,5,2,4,0,5,48.0,24.864
1437.049623,5,3,2,0,4,53.0,83.219
1437.330047,1,2,1,0,3,49.0,17.396
1437.3300695,3,1,2,0,4,48.0,10.099
1437.4514,5,2,1,0,3,47.0,8.751
1437.4671845,3,1,1,0,1,45.0,0.0
1437.467192,1,1,1,0,1,45.0,0.0
1439.04012,5,2,1,0,3,50.0,6.929
1439.3722035,3,1,1,0,1,45.0,0.0
1439.912131,5,1,1,0,1,46.0,0.0
1440.13117,1,1,1,0,1,45.0,0.0
1442.150547,2,1,1,0,1,50.0,0.0
1442.531625,1,4,8,1,88,51.0,250.836
1442.5316375,3,1,5,1,75,51.0,133.519
1442.687092,2,1,2,0,1,50.0,0.0
1442.6871,5,2,3,0,4,48.0,15.413
1442.68711,1,1,1,0,1,46.0,0.0
1442.796209,5,4,4,0,16,52.0,146.314
1443.000923,5,1,3,0,48,50.0,78.085
1443.0009365,6,1,2,0,4,49.0,17.325
1443.0321875,6,1,1,0,1,47.0,0.0
1443.082895,5,1,4,0,4,48.0,10.804
1443.249035,5,1,1,0,5,48.0,13.304
1443.621936,5,2,2,0,6,52.0,67.314
1444.996213,5,2,1,0,2,45.0,4.179
1445.6827195,3,1,1,0,1,45.0,0.0
1445.936295,1,1,1,0,1,48.0,0.0
1445.9483585,3,1,2,0,48,50.0,47.906
1445.94836,2,2,5,0,12,58.0,258.525
1445.948367,5,2,6,1,30,56.0,270.885
1445.9483715,6,1,3,0,29,52.0,107.406
1445.948378,1,1,6,1,63,58.0,286.46
1446.036266,5,3,1,0,4,55.0,104.306
1446.711449,1,2,3,0,2,49.0,5.064
1446.7630895,6,1,1,0,1,45.0,0.0
1448.022726,1,2,2,0,3,51.0,40.745
1448.115064,1,2,1,0,3,50.0,21.031
1448.1286775,6,1,1,0,1,45.0,0.0
1448.4651845,6,1,1,0,1,46.0,0.0
1448.8233065,3,1,2,0,1,49.0,0.0
1448.823342,5,2,1,0,2,45.0,3.464
1449.2440445,6,1,1,0,1,45.0,0.0
1449.502682,1,11,2,0,12,51.0,65.445
1449.5027045,3,1,1,0,1,45.0,0.0
1449.507886,1,1,1,0,1,47.0,0.0
1449.746615,5,2,2,0,3,45.0,9.02
1449.74839,1,1,2,0,1,54.0,0.0
1449.86586,5,2,2,0,3,50.0,16.333
1449.8987175,6,1,2,0,1,47.0,0.0
1449.929544,1,1,1,0,1,45.0,0.0
1451.690474,5,2,2,0,2,46.0,4.025
1451.8204565,6,1,1,0,4,46.0,7.609
1452.180301,5,1,1,0,1,45.0,0.0
1452.2185,5,2,2,0,3,54.0,31.002
1452.2185165,6,4,4,0,29,52.0,81.694
1452.948118,1,2,2,0,2,46.0,7.837
1452.9481235,3,1,2,0,7,53.0,47.234
1454.0383405,6,1,1,0,1,48.0,0.0
1454.1455275,6,1,1,0,4,49.0,11.954
1454.3651515,6,1,1,0,1,45.0,0.0
1454.445576,5,2,1,0,2,47.0,9.639
1454.7353355,6,1,1,0,4,46.0,7.613
1454.7561755,6,1,1,0,1,47.0,0.0
1455.393521,1,2,2,0,3,55.0,43.129
1455.466599,1,2,4,0,32,54.0,116.384
1455.575667,5,1,1,0,1,47.0,0.0
1455.5756825,6,1,1,0,1,45.0,0.0
1455.76822,2,2,3,1,18,63.0,612.996
1455.7682355,3,1,2,0,1,51.0,0.0
1455.9538555,6,1,1,0,1,47.0,0.0
1455.9791565,6,1,2,0,8,51.0,44.97
1456.178551,1,1,2,0,1,51.0,0.0
1456.4085005,3,1,1,0,1,45.0,0.0
1456.4094685,3,1,1,0,1,45.0,0.0
1457.0859105,6,1,1,0,1,51.0,0.0
1458.2288365,6,1,1,0,1,45.0,0.0
1459.21919,5,3,4,0,16,52.0,120.635
1460.350496,2,2,1,0,2,50.0,30.416
1460.350517,5,2,1,0,2,47.0,5.064
1460.35052,1,1,1,0,1,45.0,0.0
1461.0602235,3,1,1,0,1,45.0,0.0
1461.156147,5,2,2,0,5,48.0,17.592
1461.433397,4,1,1,0,1,49.0,0.0
1461.7113085,6,1,1,0,1,45.0,0.0
1461.781483,1,2,6,0,16,60.0,510.792
1462.104436,5,5,5,0,14,53.0,97.111
1462.1044455,6,1,3,0,1,50.0,0.0
1462.1044775,3,1,1,0,48,46.0,40.901
1462.104492,2,1,1,0,1,53.0,0.0
1462.6372,5,2,4,1,38,62.0,398.832
1463.2912505,3,1,2,0,1,45.0,0.0
1463.291265,1,1,3,0,1,49.0,0.0
1463.825454,5,2,1,0,2,46.0,3.213
1463.9243425,3,1,1,0,4,47.0,11.822
1463.924359,5,2,6,0,2,48.0,3.695
1463.9243865,6,1,1,0,1,45.0,0.0
1464.1179965,6,1,1,0,1,45.0,0.0
1464.187304,5,1,1,0,1,48.0,0.0
1464.8594445,6,1,2,0,1,46.0,0.0
1464.9893765,6,2,2,0,2,48.0,10.411
1465.221826,1,1,1,0,1,45.0,0.0
1465.302421,5,3,2,0,4,48.0,25.871
1466.3560425,6,1,2,0,1,46.0,0.0
1466.5091755,3,1,1,0,4,46.0,9.892
1467.547348,1,2,1,0,2,47.0,17.22
1467.724962,1,2,1,0,2,45.0,3.324
1467.8992945,3,1,1,0,1,45.0,0.0
1467.899318,1,2,1,0,3,46.0,8.051
1468.051376,1,2,2,0,2,49.0,31.863
1468.087785,1,1,1,0,1,45.0,0.0
1468.2546375,6,2,1,0,2,45.0,17.988
1468.3967925,6,2,1,0,3,51.0,20.536
1468.458326,1,2,1,0,2,46.0,3.435
1468.8169805,6,1,4,0,16,58.0,334.53
1468.8170315,3,1,1,0,1,45.0,0.0
1469.571358,1,2,1,0,2,47.0,5.628
1469.885272,1,2,2,0,2,50.0,17.474
1470.201225,1,1,2,0,1,47.0,0.0
1470.201233,5,3,2,0,4,50.0,25.107
1470.2458675,3,1,1,0,1,45.0,0.0
1470.3232865,3,2,1,0,2,45.0,8.535
1470.525358,5,1,1,0,1,47.0,0.0
1470.985855,1,1,1,0,1,46.0,0.0
1470.9876025,3,1,1,0,1,45.0,0.0
1470.9876255,6,1,1,0,1,46.0,0.0
1471.227118,1,3,8,1,38,61.0,812.772
1471.508565,1,2,3,0,35,51.0,57.108
1471.61643,5,2,2,0,2,50.0,14.781
1471.6164525,6,1,1,0,4,48.0,11.837
1471.8280325,3,1,1,0,1,45.0,0.0
1472.986697,1,2,19,10,145,74.0,10051.0
1472.986775,5,1,1,0,1,45.0,0.0
1473.189199,1,2,1,0,2,45.0,10.021
1473.9541755,3,1,1,0,1,45.0,0.0
1474.238182,5,1,2,0,1,48.0,0.0
1474.2898925,6,1,1,0,1,48.0,0.0
1474.370357,1,2,3,0,8,56.0,93.559
1474.391524,1,3,1,0,4,48.0,27.412
1474.3915335,3,1,3,0,13,50.0,64.032
1474.411727,5,1,1,0,1,45.0,0.0
1474.5572535,6,1,1,0,1,45.0,0.0
1476.2908615,6,2,1,0,3,47.0,10.243
1476.695112,1,2,1,0,2,51.0,23.462
1477.189644,5,3,1,0,4,47.0,25.856
1477.32678,1,2,6,0,34,51.0,165.629
1477.41956,1,2,2,0,2,45.0,11.214
1477.427455,1,2,4,0,3,49.0,21.27
1477.754426,5,3,6,1,19,58.0,459.151
1477.761596,1,2,2,0,5,48.0,32.453
1477.811891,5,2,3,0,5,49.0,29.581
1478.161937,1,2,1,0,3,50.0,27.879
1478.1619465,3,1,1,0,1,45.0,0.0
1478.8256165,6,1,1,0,1,46.0,0.0
1479.131243,5,5,5,0,8,51.0,84.226
1479.5442345,6,2,2,0,2,47.0,24.132
1479.5442575,3,2,3,0,10,49.0,42.241
1479.544278,1,1,4,0,1,48.0,0.0
1479.6099785,6,1,1,0,1,45.0,0.0
1479.6140755,6,2,1,0,2,45.0,4.055
1480.343632,1,15,32,11,241,64.0,4765.0
1480.343634,2,8,26,8,124,63.0,3923.0
1480.3436365,3,13,32,11,328,63.0,3535.0
1480.3436475,6,34,32,10,229,62.0,3488.0
1480.343648,5,25,25,5,185,60.0,1307.0
1480.575822,5,1,2,0,7,51.0,26.424
1480.5758475,6,1,2,0,1,48.0,0.0
1480.649186,2,1,5,1,57,54.0,211.862
1480.6491885,3,1,3,0,10,51.0,34.215
1480.6491915,6,2,6,0,34,53.0,152.901
1480.649194,1,14,7,1,40,58.0,490.605
1480.649194,5,2,9,1,40,57.0,563.437
1480.9017835,3,1,1,0,1,45.0,0.0
1480.901797,1,2,1,0,3,48.0,12.188
1481.013269,1,2,3,0,8,57.0,288.121
1481.9600665,3,1,1,0,1,45.0,0.0
1481.960067,5,1,4,0,1,50.0,0.0
1481.960075,1,2,3,0,3,48.0,13.413
1482.061499,1,2,18,8,118,72.0,6964.0
1482.062168,1,2,1,0,2,46.0,3.665
1482.1321905,3,1,2,0,4,49.0,14.869
1482.1322055,6,1,4,0,28,50.0,88.843
1482.132206,5,1,4,0,1,49.0,0.0
1482.3182835,3,1,1,0,1,45.0,0.0
1482.347417,5,3,2,0,6,51.0,35.936
1482.34952,5,3,5,0,5,50.0,70.569
1482.468883,5,1,1,0,1,47.0,0.0
1482.5046255,3,2,1,0,6,49.0,22.328
1482.504639,1,2,3,0,2,51.0,8.358
1482.664071,1,1,1,0,1,45.0,0.0
1482.671161,1,2,2,0,2,47.0,15.493
1482.87227,1,1,5,1,75,51.0,194.726
1482.8722775,3,1,1,0,1,45.0,0.0
1482.87232,5,1,4,0,20,49.0,59.847
1483.1685515,3,1,1,0,1,45.0,0.0
1483.168555,5,2,2,0,12,49.0,33.056
1483.216902,1,1,2,0,1,50.0,0.0
1483.343716,5,2,3,0,2,48.0,5.81
1483.402917,1,12,31,11,236,64.0,4810.0
1483.4029185,3,6,30,9,187,63.0,3355.0
1483.402919,2,9,22,11,242,63.0,4013.0
1483.402924,5,31,25,5,166,59.0,1231.0
1483.4029295,6,34,32,10,226,63.0,3575.0
1483.653882,2,1,2,0,4,53.0,44.604
1483.707022,1,2,5,0,35,56.0,209.787
1483.84547,1,3,5,0,33,53.0,114.493
1483.969111,1,2,1,0,2,45.0,10.07
1484.006544,1,3,2,0,4,47.0,18.317
1484.1496065,6,1,2,0,8,53.0,57.748
1484.1820875,3,1,1,0,1,48.0,0.0
1484.182094,5,3,7,1,47,51.0,184.593
1484.182105,2,1,2,0,1,54.0,0.0
1484.314358,5,1,2,0,1,50.0,0.0
1485.2631305,6,1,2,0,7,51.0,29.365
1485.263141,5,1,1,0,1,46.0,0.0
1485.2807395,6,2,2,0,3,48.0,12.272
1485.2858,5,41,5,0,43,50.0,135.09
1485.2858215,6,2,1,0,2,46.0,3.903
1485.4510255,6,1,3,1,99,49.0,110.662
1485.4510405,3,1,2,0,24,46.0,24.582
1485.496045,1,2,3,0,17,50.0,61.335
1485.547563,1,2,3,0,3,47.0,11.256
1485.743868,5,2,1,0,2,45.0,12.744
1485.796397,1,28,6,1,62,50.0,138.655
1485.8468835,6,1,2,0,5,50.0,21.657
1485.9263655,3,1,1,0,1,45.0,0.0
1486.427839,1,15,32,12,242,64.0,4988.0
1486.427841,2,8,25,11,239,63.0,4304.0
1486.4278425,3,10,27,9,188,63.0,3319.0
1486.4278505,6,38,33,10,227,62.0,3608.0
1486.427855,5,25,23,5,160,59.0,1172.0
1487.029688,1,1,3,0,1,48.0,0.0
1487.261798,2,1,1,0,1,50.0,0.0
1487.31271,1,3,3,0,4,50.0,22.365
1488.791076,5,2,2,0,39,47.0,60.117
1488.9079675,3,1,2,0,5,50.0,20.066
1488.9079815,6,1,3,0,34,50.0,52.769
1488.907985,5,1,5,0,24,48.0,29.467
1488.933829,5,3,3,0,4,48.0,20.42
1489.274664,5,1,7,1,94,51.0,134.627
1489.274768,1,1,4,0,23,47.0,48.608
1489.2747715,6,1,2,0,1,45.0,0.0
1489.304004,1,1,1,0,1,45.0,0.0
1489.35677,1,2,1,0,2,50.0,15.734
1489.427736,1,1,1,0,1,45.0,0.0
1489.473039,1,11,31,12,242,64.0,5076.0
1489.4730425,3,10,30,9,188,63.0,3256.0
1489.473043,2,9,24,11,240,63.0,4267.0
1489.473052,5,25,26,5,159,59.0,1187.0
1489.4730535,6,38,31,11,285,63.0,3669.0
1489.523178,1,2,5,1,35,61.0,375.015
1489.72378,1,2,8,1,61,55.0,373.398
1490.023424,5,1,5,0,8,49.0,25.477
1490.272376,1,2,1,0,3,50.0,16.379
1490.414752,1,1,1,0,1,45.0,0.0
1491.009449,1,1,4,0,1,47.0,0.0
1491.4367985,3,1,1,0,1,45.0,0.0
1491.562034,4,1,1,0,1,46.0,0.0
1491.779629,1,2,1,0,3,51.0,21.263
1491.8271275,6,2,2,0,3,51.0,29.921
1491.995256,5,2,2,0,3,46.0,7.392
1492.09984,5,1,1,0,1,50.0,0.0
1492.518236,1,15,31,12,246,64.0,5158.0
1492.518238,2,8,24,11,240,62.0,4348.0
1492.5182395,3,14,27,8,173,63.0,3241.0
1492.5182475,6,38,31,10,228,62.0,3633.0
1492.518252,5,25,24,6,219,59.0,1288.0
1492.589094,1,2,6,1,36,62.0,694.66
1492.779046,1,3,16,8,118,72.0,9347.0
1492.784221,1,1,1,0,1,45.0,0.0
1493.0681735,6,1,1,0,1,45.0,0.0
1493.227282,2,1,1,0,1,51.0,0.0
1493.2553425,3,2,9,2,135,54.0,324.629
1493.255347,1,2,12,2,97,62.0,558.071
1493.255348,2,1,7,1,36,57.0,361.572
1493.255367,5,25,12,3,135,54.0,475.993
1493.2553675,6,23,12,2,89,58.0,418.64
1493.256005,1,2,6,0,16,59.0,143.175
1493.2560055,3,1,3,1,91,46.0,78.074
1493.256027,5,1,6,1,87,50.0,156.05
1493.2560415,6,7,5,1,69,54.0,139.41
1493.303537,5,1,1,0,1,45.0,0.0
1493.3547285,3,5,5,0,57,51.0,112.145
1493.3547335,6,1,3,0,32,48.0,57.275
1493.354735,1,2,4,0,24,57.0,152.202
1493.35474,5,8,5,0,17,55.0,290.622
1493.354753,2,1,2,0,1,53.0,0.0
1493.429012,1,2,1,0,3,50.0,18.888
1493.5206795,6,2,3,0,3,54.0,69.06
1493.5207085,3,1,3,0,17,52.0,115.531
1493.520734,5,1,2,0,1,46.0,0.0
1493.520737,1,1,1,0,13,46.0,14.438
1493.550902,5,2,2,0,6,48.0,30.119
1496.038903,5,4,4,0,11,49.0,59.662
1496.1234765,3,1,1,0,1,46.0,0.0
1496.123484,2,2,1,0,2,50.0,11.626
1496.123486,5,2,2,0,5,46.0,16.578
1496.123491,1,1,2,0,4,47.0,10.891
1496.1235115,6,1,1,0,1,47.0,0.0
1496.375041,2,2,2,0,3,59.0,151.593
1496.375067,5,1,5,0,1,49.0,0.0
1497.26452,1,2,1,0,2,46.0,6.414
1497.466355,1,1,1,0,1,47.0,0.0
1497.4663575,6,1,3,0,52,51.0,64.369
1497.466361,5,1,1,0,1,48.0,0.0
1497.9672,5,1,1,0,1,45.0,0.0
1498.2443235,6,2,1,0,3,48.0,16.357
1498.4034995,6,1,2,0,4,50.0,14.193
1498.547073,1,1,1,0,1,45.0,0.0
1498.6327735,6,1,2,0,1,51.0,0.0
1498.632798,1,2,5,0,2,50.0,5.237
1498.918487,5,2,3,0,6,50.0,22.297
1498.9184915,6,2,4,0,16,55.0,139.429
1498.9184945,3,2,3,0,40,49.0,51.739
1498.918514,2,1,2,0,1,52.0,0.0
1499.007866,1,2,3,0,37,53.0,113.41
1499.2055115,3,1,1,0,1,47.0,0.0
1499.2055255,6,1,3,0,1,49.0,0.0
1499.291265,5,3,4,0,11,56.0,222.818
1499.2973815,6,1,2,0,1,45.0,0.0
1499.297384,1,2,2,0,5,48.0,24.468
1499.349154,1,7,5,1,46,53.0,175.628
1499.426642,5,2,4,0,5,51.0,59.245
1499.438493,5,3,3,0,35,50.0,77.241
1499.4514235,6,1,2,0,4,50.0,20.205
1499.5303865,6,1,1,0,1,48.0,0.0
1499.64117,1,2,10,2,43,65.0,1823.0
1500.4507935,6,1,1,0,1,45.0,0.0
1500.5113285,3,1,1,0,1,45.0,0.0
1500.560325,1,1,1,0,1,47.0,0.0
1500.708528,1,1,1,0,1,45.0,0.0
1500.8392655,6,1,1,0,1,45.0,0.0
1500.864787,5,1,1,0,1,47.0,0.0
1500.8759135,6,2,1,0,2,45.0,4.562
1500.920054,1,2,1,0,3,45.0,7.054
1501.072787,4,1,2,0,11,49.0,34.41
1501.114518,5,3,4,1,108,50.0,146.734
1501.1145185,3,1,3,0,10,48.0,25.571
1501.2153,5,1,3,0,8,50.0,50.085
1501.256687,1,3,2,0,4,49.0,19.939
1501.35052,1,1,2,0,6,51.0,43.162
1501.351015,5,2,1,0,3,45.0,9.015
1501.401909,5,1,1,0,1,46.0,0.0
1501.5146075,6,1,1,0,1,48.0,0.0
1501.6227315,6,2,3,0,2,46.0,8.58
1501.62276,1,3,5,0,36,51.0,120.306
1501.7035355,6,2,1,0,3,47.0,9.423
1501.703536,1,1,1,0,1,45.0,0.0
1501.816754,1,2,2,0,10,49.0,61.412
1501.8306795,6,1,1,0,4,51.0,21.516
1501.907842,1,15,34,12,247,65.0,5472.0
1501.907844,2,8,26,12,227,62.0,4372.0
1501.9078455,3,14,28,9,236,63.0,3477.0
1501.907858,5,1,28,7,221,57.0,1582.0
1501.9078605,6,35,30,9,199,62.0,3195.0
1501.9533085,6,1,1,0,4,52.0,29.207
1502.060818,1,2,3,0,7,56.0,160.677
1502.0683225,6,2,1,0,4,49.0,16.673
1502.3154865,6,1,1,0,1,45.0,0.0
1502.3890265,6,2,1,0,4,51.0,21.514
1502.393876,5,2,1,0,4,46.0,14.074
1502.4040135,6,2,2,0,9,56.0,88.897
1502.404023,1,1,2,0,1,48.0,0.0
1502.436238,5,3,3,0,6,48.0,25.978
1502.4854175,6,1,2,0,1,48.0,0.0
1502.485448,5,2,2,0,2,47.0,4.927
1502.485466,1,1,2,0,1,47.0,0.0
1502.4942895,3,1,1,0,1,45.0,0.0
1502.494299,2,1,2,0,1,53.0,0.0
1502.494304,1,1,7,1,39,52.0,148.735
1502.494325,5,5,8,1,65,51.0,285.151
1502.576856,5,2,1,0,3,49.0,16.112
1502.677986,5,1,1,0,1,45.0,0.0
1502.758273,1,1,2,0,1,49.0,0.0
1502.790521,1,6,12,4,79,62.0,2113.0
1503.5626785,6,1,1,0,1,45.0,0.0
1503.634209,5,2,3,0,2,48.0,5.958
1503.6342405,3,1,1,0,45,47.0,32.005
1503.777338,5,1,1,0,1,45.0,0.0
1503.8255235,3,1,1,0,1,45.0,0.0
1503.82553,1,2,3,0,40,50.0,58.737
1503.825547,5,1,1,0,1,49.0,0.0
1503.832667,4,1,1,0,1,45.0,0.0
1503.9509785,6,1,1,0,1,45.0,0.0
1504.0883425,6,1,1,0,1,45.0,0.0
1504.20872,1,2,2,0,5,50.0,29.776
1504.5336475,6,1,1,0,1,47.0,0.0
1504.652886,5,1,2,0,1,47.0,0.0
1504.6528865,3,1,1,0,1,46.0,0.0
1504.6529245,6,1,1,0,1,45.0,0.0
1504.668287,1,2,1,0,3,47.0,11.694
1504.69527,5,1,5,0,1,50.0,0.0
1504.6953055,6,2,2,0,3,49.0,15.911
1504.695319,1,1,2,0,1,47.0,0.0
1504.7045825,3,2,3,0,35,51.0,96.504
1504.7286765,6,1,1,0,1,45.0,0.0
1504.8306575,6,1,1,0,1,48.0,0.0
1504.83066,5,7,2,0,10,50.0,69.836
1504.8929315,6,1,1,0,1,45.0,0.0
1504.96893,1,2,2,0,2,49.0,3.695
1505.034539,1,2,2,0,9,52.0,96.011
1505.051058,1,15,36,13,247,64.0,5566.0
1505.0510615,3,10,29,11,303,63.0,3637.0
1505.051062,2,9,26,12,222,63.0,4162.0
1505.0510725,6,35,28,9,200,61.0,2979.0
1505.051074,5,20,27,7,221,58.0,1629.0
1505.189028,1,12,21,12,163,67.0,7640.0
1505.189046,2,1,3,0,12,52.0,72.34
1505.18906,5,2,5,1,44,54.0,250.543
1505.1890635,6,1,3,0,5,56.0,57.449
1505.3401665,6,1,1,0,1,45.0,0.0
1505.4836385,3,1,1,0,1,45.0,0.0
1505.592188,1,1,2,0,7,53.0,49.62
1505.644068,1,2,2,0,5,54.0,100.212
1505.6464535,6,2,2,0,5,49.0,19.374
1505.668522,1,1,3,0,6,47.0,16.053
1505.6755335,3,1,1,0,1,45.0,0.0
1505.770098,1,1,1,0,1,47.0,0.0
1505.8726245,6,1,1,0,4,51.0,18.672
1505.8837925,3,1,2,0,4,52.0,27.072
1505.883797,2,1,2,0,1,51.0,0.0
1505.883818,5,1,3,0,1,51.0,0.0
1505.883824,1,1,1,0,1,45.0,0.0
1505.8838455,6,1,2,0,1,45.0,0.0
1506.015023,1,2,1,0,3,56.0,54.185
1506.6762375,6,2,2,0,5,50.0,21.564
1506.676244,5,1,1,0,1,48.0,0.0
1506.700336,5,2,2,0,2,48.0,7.047
1506.835003,1,1,1,0,1,45.0,0.0
1506.8404125,6,1,1,0,1,46.0,0.0
1506.840417,1,2,2,0,2,50.0,12.528
1506.8663665,6,1,1,0,1,45.0,0.0
1506.9215505,3,1,1,0,1,46.0,0.0
1506.921563,5,2,2,0,3,45.0,9.657
1507.187155,1,2,1,0,4,47.0,12.58
1507.3927465,6,1,1,0,1,46.0,0.0
1507.444152,1,2,2,0,7,49.0,43.545
1507.5144925,6,1,1,0,1,45.0,0.0
1507.587429,1,1,1,0,1,45.0,0.0
1507.589733,1,4,4,0,5,51.0,43.386
1507.600036,5,4,3,0,5,50.0,32.952
1507.7082915,3,1,1,0,1,45.0,0.0
1507.791855,1,2,1,0,2,46.0,4.529
1508.042526,1,1,1,0,1,45.0,0.0
1508.084474,5,2,4,0,14,48.0,55.091
1508.0844935,3,1,1,0,4,47.0,9.193
1508.190872,1,15,38,13,245,65.0,5610.0
1508.190874,2,8,28,12,225,63.0,4425.0
1508.1908755,3,14,29,10,241,63.0,3767.0
1508.190882,5,29,27,7,222,58.0,1641.0
1508.1908835,6,35,27,9,211,61.0,2811.0
1508.408329,1,2,1,0,3,55.0,73.535
1508.827603,5,13,7,0,19,51.0,162.176
1508.894601,5,3,5,1,51,58.0,338.438
1508.894608,1,2,5,0,20,52.0,80.989
1508.894621,2,2,2,0,33,54.0,158.307
1508.8946235,6,2,4,1,108,53.0,142.593
1508.8946455,3,1,1,0,1,45.0,0.0
1508.9231905,6,1,1,0,1,45.0,0.0
1508.984687,5,2,4,0,13,47.0,44.762
1509.12024,1,4,2,0,5,49.0,25.129
1509.224935,5,2,3,0,14,49.0,82.557
1509.2249455,3,1,1,0,1,45.0,0.0
1509.2516655,6,3,3,1,25,61.0,417.077
1509.2756125,6,1,2,0,9,57.0,83.361
1509.9134975,6,2,1,0,2,45.0,4.693
1509.988812,1,2,1,0,5,47.0,18.282
1510.015522,1,2,3,0,2,47.0,5.484
1510.082985,1,1,2,0,1,48.0,0.0
1510.09311,1,2,1,0,4,45.0,13.095
1510.288456,1,1,2,0,1,51.0,0.0
1510.291424,5,1,1,0,1,46.0,0.0
1510.439918,5,2,2,0,2,48.0,3.132
1510.506366,5,1,1,0,1,47.0,0.0
1510.5063755,6,1,1,0,1,47.0,0.0
1510.605484,4,1,1,0,1,45.0,0.0
1510.605502,5,2,10,1,46,49.0,150.606
1510.6055215,6,1,1,0,1,45.0,0.0
1510.605558,2,1,2,0,1,50.0,0.0
1510.6149375,6,20,3,0,46,47.0,57.329
1510.614959,1,1,2,0,1,49.0,0.0
1510.6959595,3,1,1,0,1,45.0,0.0
1510.7137265,6,1,1,0,1,46.0,0.0
1510.9194215,6,1,1,0,1,45.0,0.0
1511.029664,5,2,4,0,5,50.0,45.937
1511.0296905,6,1,1,0,1,45.0,0.0
1511.262481,1,3,2,0,5,49.0,30.218
1511.3455285,6,2,1,0,4,52.0,25.797
1511.350669,1,9,37,12,216,64.0,5510.0
1511.3506705,3,6,28,10,237,63.0,3849.0
1511.350671,2,9,26,12,226,63.0,4138.0
1511.35068,5,1,23,6,158,58.0,1545.0
1511.3506815,6,35,30,9,208,61.0,2632.0
1511.3888475,6,1,1,0,1,45.0,0.0
1511.4493845,6,1,1,0,1,45.0,0.0
1511.4986155,6,1,1,0,1,48.0,0.0
1511.612102,1,2,3,0,2,47.0,3.665
1511.6121165,3,1,1,0,1,45.0,0.0
1511.776403,1,1,3,0,4,56.0,62.022
1511.983912,1,1,1,0,1,45.0,0.0
1511.987496,5,1,2,0,1,47.0,0.0
1512.028218,1,1,2,0,1,49.0,0.0
1512.1036025,6,1,1,0,1,46.0,0.0
1512.175309,1,3,3,0,8,53.0,84.363
1512.203957,5,2,2,0,6,48.0,36.072
1512.227248,1,3,2,0,6,49.0,35.385
1512.25402,1,2,1,0,2,50.0,17.923
1512.280259,5,2,2,0,3,48.0,9.895
1512.300108,5,4,2,0,15,51.0,90.145
1512.368749,1,1,1,0,1,45.0,0.0
1513.105391,5,2,2,0,2,46.0,6.07
1513.338585,5,1,1,0,1,46.0,0.0
1513.405646,5,3,2,0,4,47.0,18.735
1513.4320145,6,1,1,0,1,45.0,0.0
1513.524943,1,3,2,0,5,51.0,52.426
1513.635465,1,2,1,0,3,49.0,23.48
1513.6824575,6,1,2,0,1,50.0,0.0
1513.68246,1,2,5,0,47,50.0,94.37
1513.6824645,3,1,1,0,1,45.0,0.0
1513.699481,1,2,3,0,3,48.0,10.281
1513.7789895,6,1,1,0,1,45.0,0.0
1513.9065125,6,1,1,0,1,45.0,0.0
1514.2239435,6,2,1,0,3,48.0,12.234
1514.2453785,6,1,2,0,1,46.0,0.0
1514.275664,1,1,1,0,1,51.0,0.0
1514.4445765,6,1,1,0,1,49.0,0.0
1514.525701,1,6,34,13,281,64.0,5583.0
1514.5257025,3,10,28,10,241,63.0,3933.0
1514.525703,2,9,29,13,253,63.0,4668.0
1514.525712,5,28,23,5,133,57.0,1532.0
1514.5257135,6,35,33,10,269,60.0,2678.0
1514.610631,1,2,2,0,2,52.0,12.963
1514.6339315,6,1,2,0,8,48.0,24.55
1514.633944,5,1,1,0,1,45.0,0.0
1514.7621085,6,1,1,0,1,45.0,0.0
1514.8314555,6,2,4,0,24,60.0,283.273
1514.839108,1,1,2,0,6,52.0,33.472
1514.8391305,6,1,1,0,1,46.0,0.0
1514.839164,5,1,1,0,1,45.0,0.0
1514.8491395,6,3,5,1,28,65.0,895.187
1514.8581155,6,2,3,0,21,53.0,68.155
1514.888339,1,2,6,1,59,58.0,282.629
1514.888366,5,2,3,0,32,50.0,68.131
1515.0203355,3,1,2,0,1,46.0,0.0
1515.020343,1,4,8,0,17,53.0,153.89
1515.0203475,6,11,5,1,54,53.0,173.74
1515.02035,5,12,9,1,61,55.0,301.857
1515.059317,1,3,3,0,14,56.0,233.124
1515.1226585,3,1,1,0,4,49.0,18.325
1515.1226995,6,1,2,0,1,46.0,0.0
1515.218666,1,1,4,0,67,47.0,78.946
1515.218671,5,2,3,0,25,52.0,71.335
1515.236766,1,2,3,0,3,63.0,231.553
1515.2395145,6,2,4,1,28,61.0,422.519
1515.268,1,6,3,0,7,49.0,42.837
1515.2722985,6,1,1,0,1,45.0,0.0
1515.3517675,6,1,1,0,1,45.0,0.0
1515.361732,1,2,3,0,2,51.0,54.975
1515.3735405,6,1,2,0,4,55.0,42.819
1515.3767795,6,1,2,0,4,54.0,30.77
1515.4106935,6,2,1,0,3,49.0,32.445
1516.092401,5,1,1,0,1,47.0,0.0
1516.0944025,6,1,1,0,1,45.0,0.0
1516.1185135,6,1,1,0,1,45.0,0.0
1516.249349,1,1,2,0,1,47.0,0.0
1516.2493635,6,1,1,0,1,45.0,0.0
1516.293687,1,2,1,0,3,49.0,15.112
1516.337161,1,1,1,0,1,50.0,0.0
1516.396138,1,1,1,0,1,45.0,0.0
1516.4413585,6,1,1,0,5,48.0,14.081
1516.442302,5,1,1,0,1,48.0,0.0
1516.530177,1,1,1,0,1,45.0,0.0
1516.6313455,6,1,2,0,1,47.0,0.0
1516.650577,5,2,3,0,5,47.0,26.002
1517.0387775,6,1,1,0,1,45.0,0.0
1517.065273,1,1,1,0,1,45.0,0.0
1517.0786275,6,1,1,0,1,46.0,0.0
1517.187924,5,1,1,0,1,49.0,0.0
1517.2838515,6,2,1,0,3,46.0,8.507
1517.293668,5,2,1,0,2,45.0,3.241
1517.4126775,6,1,1,0,1,48.0,0.0
1517.502966,1,1,1,0,1,45.0,0.0
1517.535334,1,1,2,0,1,50.0,0.0
1517.564686,1,15,27,10,219,63.0,3675.0
1517.5646895,3,10,27,8,235,62.0,2599.0
1517.56469,2,9,25,9,218,61.0,2739.0
1517.5647045,6,28,30,7,196,58.0,1682.0
1517.564718,5,7,17,4,93,56.0,911.66
1517.568834,1,2,1,0,2,45.0,4.179
1517.639057,1,2,9,3,59,65.0,2041.0
1517.659135,1,3,4,0,14,56.0,167.391
1517.660505,1,15,30,12,219,65.0,5606.0
1517.660507,2,11,28,13,259,62.0,4533.0
1517.6605085,3,10,30,10,239,63.0,3904.0
1517.6605165,6,35,37,10,253,60.0,2740.0
1517.660521,5,23,20,5,112,58.0,1481.0
1517.707722,1,1,1,0,1,45.0,0.0
1517.7100555,6,2,4,0,17,61.0,582.334
1517.710082,5,7,2,0,8,52.0,50.262
1517.744501,1,2,3,0,7,57.0,130.304
1517.75784,1,3,4,0,7,54.0,127.257
1517.777008,2,1,1,0,1,50.0,0.0
1517.788175,1,3,19,10,161,75.0,13337.0
1517.8039015,3,1,1,0,1,46.0,0.0
1517.813337,1,2,1,0,2,45.0,7.169
1517.816744,1,2,7,2,43,65.0,1336.0
1517.8374305,6,1,1,0,1,46.0,0.0
1517.861713,1,1,1,0,1,46.0,0.0
1517.874094,1,2,1,0,3,55.0,43.426
1517.876535,1,2,1,0,5,50.0,33.027
1517.936357,1,3,15,3,109,63.0,1189.0
1517.9363795,6,5,6,1,43,60.0,398.545
1517.9363815,3,1,3,0,87,48.0,81.643
1517.936385,5,1,10,1,71,50.0,205.36
1517.961833,1,2,1,0,2,45.0,8.402
1517.9632645,6,1,1,0,1,47.0,0.0
1518.027639,1,2,12,2,42,65.0,1325.0
1518.205189,1,2,3,0,2,53.0,34.589
1518.215034,5,14,30,9,181,63.0,3384.0
1518.2150345,6,2,21,4,168,58.0,1141.0
1518.215037,4,2,3,0,41,50.0,93.525
1518.21504,2,30,25,10,178,65.0,4500.0
1518.2150415,3,1,11,2,109,58.0,426.521
1518.215043,1,22,24,7,180,60.0,2186.0
1518.217949,1,1,1,0,1,45.0,0.0
1518.28318,1,2,2,0,3,46.0,7.46
1518.299251,1,2,2,0,3,53.0,28.157
1518.3355765,6,1,1,0,1,45.0,0.0
1518.3647965,6,1,2,0,4,49.0,16.941
1518.3891805,6,2,1,0,2,45.0,13.8
1518.434153,1,2,1,0,2,48.0,6.886
1518.44492,1,1,5,0,33,48.0,77.278
1518.4449395,6,1,2,0,5,48.0,13.795
1518.445585,1,2,1,0,3,45.0,7.629
1519.071827,1,1,4,0,4,49.0,10.418
1519.08509,5,2,1,0,2,47.0,6.26
1519.0850955,3,1,2,0,4,50.0,18.921
1519.2922445,6,1,1,0,1,45.0,0.0
1519.326539,1,2,1,0,3,45.0,8.067
1519.371368,5,2,1,0,2,46.0,9.263
1519.415988,1,1,2,0,1,51.0,0.0
1519.522861,1,1,1,0,1,47.0,0.0
1519.7415495,3,1,1,0,1,47.0,0.0
1519.7415555,6,1,7,0,57,50.0,105.865
1519.7817425,6,1,1,0,1,48.0,0.0
1519.7988375,6,1,1,0,1,45.0,0.0
1519.8335585,3,1,1,0,1,45.0,0.0
1519.8335685,6,1,3,0,1,48.0,0.0
1519.8604835,3,1,1,0,1,45.0,0.0
1519.860488,5,2,2,0,2,47.0,3.213
1519.8604895,6,3,3,0,12,50.0,35.906
1519.9423645,6,1,2,0,4,47.0,9.357
1519.9641335,6,1,1,0,1,45.0,0.0
1519.965771,2,1,1,0,1,50.0,0.0
1520.0217325,3,1,2,0,8,51.0,29.403
1520.0217685,6,1,4,0,31,49.0,88.06
1520.057694,5,2,2,0,4,49.0,19.74
1520.170512,5,12,3,0,13,48.0,43.776
1520.1705135,6,2,1,0,2,45.0,3.324
1520.255258,1,2,1,0,3,48.0,10.523
1520.278706,5,36,7,0,39,51.0,154.619
1520.2787275,6,1,3,0,17,49.0,38.937
1520.27873,1,3,3,0,4,49.0,21.967
1520.44614,1,2,29,24,254,81.0,58207.0
1520.446211,2,1,3,0,1,50.0,0.0
1520.497331,5,2,1,0,2,45.0,4.305
1520.511888,1,6,30,12,217,64.0,5465.0
1520.5118895,3,6,30,10,239,64.0,3875.0
1520.51189,2,9,30,13,257,63.0,4558.0
1520.511895,5,30,21,6,227,57.0,1622.0
1520.5119005,6,32,38,10,271,60.0,2870.0
1520.5243375,6,2,3,1,24,65.0,676.508
1520.531976,1,2,1,0,5,52.0,52.456
1520.561251,1,2,3,0,5,52.0,53.438
1520.576633,1,2,10,3,64,65.0,2365.0
1520.607749,1,6,27,9,217,62.0,3574.0
1520.6077505,3,6,24,8,194,62.0,2481.0
1520.607751,2,1,24,9,222,61.0,2830.0
1520.6077615,6,32,31,7,184,58.0,1749.0
1520.607763,5,23,18,4,105,56.0,975.003
1520.611121,1,1,1,0,1,47.0,0.0
1520.680779,1,2,1,0,2,45.0,5.064
1520.703587,1,15,29,12,219,65.0,5539.0
1520.7035905,3,10,30,10,236,63.0,3874.0
1520.703591,2,9,29,13,264,63.0,4541.0
1520.7036015,6,32,36,10,247,60.0,2853.0
1520.703603,5,40,21,5,106,58.0,1466.0
1520.748544,5,1,3,0,1,50.0,0.0
1520.777416,1,1,1,0,1,50.0,0.0
1520.802535,5,2,13,2,91,58.0,675.494
1520.8025355,3,2,6,1,87,56.0,240.57
1520.802542,2,1,10,3,104,57.0,729.065
1520.802543,1,6,8,1,67,51.0,189.208
1520.8025505,6,2,10,2,68,55.0,441.037
1520.805738,2,1,3,0,6,55.0,74.548
1520.860412,1,1,2,0,1,49.0,0.0
1520.8671715,6,1,2,0,1,53.0,0.0
1520.9126265,6,1,1,0,1,45.0,0.0
1520.9336545,6,1,1,0,1,46.0,0.0
1520.940711,1,3,3,0,4,49.0,22.586
1520.9407375,6,1,1,0,1,45.0,0.0
1520.9549925,6,1,1,0,4,52.0,20.649
1520.99553,1,2,10,1,49,63.0,494.864
1520.9955475,3,1,1,0,1,46.0,0.0
1520.995558,5,2,3,0,2,50.0,9.877
1520.9955635,6,1,4,0,39,48.0,83.851
1521.0274395,6,6,16,3,141,59.0,778.468
1521.0274465,3,1,7,0,30,48.0,61.863
1521.027447,1,9,13,2,114,56.0,505.193
1521.027448,5,63,23,6,121,57.0,1837.0
1521.027461,2,8,11,5,101,63.0,2201.0
1521.027499,4,1,2,0,1,47.0,0.0
1521.163411,5,2,1,0,2,45.0,3.813
1521.259332,2,2,2,0,4,53.0,70.922
1521.2593435,6,1,6,0,26,52.0,78.825
1521.259353,5,1,9,1,64,51.0,199.417
1521.259358,1,2,3,0,3,53.0,31.319
1521.3297935,3,1,1,0,1,45.0,0.0
1521.329807,5,1,1,0,1,45.0,0.0
1521.329816,1,1,1,0,1,45.0,0.0
1521.3298375,6,1,1,0,1,45.0,0.0
1521.332206,1,2,4,0,24,55.0,179.394
1521.346076,1,2,4,0,39,54.0,163.203
1521.361231,1,2,1,0,4,47.0,25.15
1521.36234,1,2,1,0,2,45.0,3.435
1521.376694,1,6,6,1,41,60.0,609.309
1521.378595,1,4,2,0,5,51.0,41.764
1521.400763,1,1,1,0,1,46.0,0.0
1521.413749,1,1,2,0,7,56.0,88.032
1521.4437885,3,2,1,0,4,55.0,62.239
1522.191185,1,1,1,0,1,49.0,0.0
1522.194128,5,3,2,0,5,49.0,26.56
1522.3746955,6,1,1,0,1,45.0,0.0
1522.417969,1,2,1,0,2,47.0,5.064
1522.442909,5,1,2,0,7,46.0,19.126
1522.4786525,6,1,1,0,1,45.0,0.0
1522.506826,1,1,1,0,1,45.0,0.0
1522.611724,1,1,2,0,1,45.0,0.0
1522.7498935,6,1,2,0,1,50.0,0.0
1522.793475,1,2,1,0,2,45.0,8.535
1522.8321345,6,2,2,0,2,48.0,16.717
1523.0602295,6,1,4,0,20,50.0,68.437
1523.060275,1,2,2,0,3,47.0,11.667
1523.0736655,6,2,1,0,2,45.0,4.562
1523.2772585,6,1,1,0,4,50.0,21.143
1523.2772955,3,1,1,0,1,47.0,0.0
1523.5142665,6,1,1,0,1,45.0,0.0
1523.642855,1,15,27,9,196,63.0,3629.0
1523.642857,2,11,25,11,264,61.0,3386.0
1523.6428585,3,10,24,8,191,62.0,2457.0
1523.642868,5,43,19,5,227,57.0,1104.0
1523.6428735,6,1,32,7,212,58.0,1889.0
1523.705176,5,6,41,14,269,67.0,5532.0
1523.705182,1,54,35,11,298,59.0,2964.0
1523.705184,4,4,5,1,62,56.0,260.25
1523.7051845,6,3,37,13,270,66.0,6050.0
1523.705187,2,16,32,15,206,66.0,8318.0
1523.7051895,3,12,19,7,204,59.0,1755.0
1523.738701,1,15,31,12,220,64.0,5621.0
1523.7387045,3,10,27,10,198,63.0,3797.0
1523.738705,2,9,27,13,258,63.0,4609.0
1523.7387155,6,32,35,11,276,59.0,3036.0
1523.738717,5,40,23,7,221,58.0,1641.0
1523.775385,5,1,1,0,1,48.0,0.0
1523.797606,1,2,1,0,3,47.0,8.871
1523.8628745,6,1,14,2,107,56.0,389.832
1523.862877,1,42,10,1,61,52.0,243.035
1523.862888,5,3,10,2,71,54.0,447.733
1523.8628885,3,5,3,0,14,53.0,116.414
1523.9034215,6,1,1,0,1,49.0,0.0
1523.909605,1,1,4,0,28,49.0,54.446
1523.928796,1,1,4,0,7,50.0,35.407
1523.9288065,3,1,1,0,1,48.0,0.0
1523.9288095,6,1,4,0,13,50.0,41.92
1523.931473,1,1,1,0,1,47.0,0.0
1523.981514,1,2,3,0,7,51.0,56.188
1523.985084,1,38,15,3,111,56.0,852.375
1523.9850885,3,2,5,0,21,54.0,166.758
1523.985094,2,2,8,2,84,54.0,445.06
1523.9850975,6,53,7,1,62,53.0,186.35
1523.985106,5,6,10,2,73,59.0,711.925
1524.092282,1,2,2,0,7,53.0,84.309
1524.148034,1,2,1,0,3,50.0,14.275
1524.1600625,3,2,1,0,2,45.0,8.535
1524.161757,1,2,5,0,35,58.0,226.647
1524.184783,1,2,1,0,3,48.0,9.134
1524.185355,1,2,8,3,64,67.0,2020.0
1524.185858,5,2,1,0,6,49.0,43.49
1524.2006985,6,1,1,0,1,45.0,0.0
1524.201136,5,2,1,0,2,48.0,3.213
1524.239232,1,2,3,0,8,58.0,164.377
1524.350163,1,195,10,1,198,56.0,213.19
1524.353571,1,4,5,1,37,56.0,252.085
1524.354526,1,1,1,0,1,45.0,0.0
1524.360043,1,4,40,86,420,91.0,671235.0
1524.360059,2,7,27,13,164,67.0,8449.0
1524.3600605,3,13,25,7,198,65.0,2774.0
1524.36007,5,36,29,8,210,62.0,2959.0
1524.3600795,6,2,25,6,152,63.0,2224.0
1524.376654,1,2,10,3,61,67.0,2310.0
1524.39211,1,3,4,0,32,54.0,185.381
1524.431449,5,2,1,0,2,51.0,16.967
1524.46167,1,2,4,1,41,60.0,499.111
1524.504026,1,2,2,0,9,58.0,130.112
1524.535146,1,3,3,0,38,55.0,164.745
1524.561959,5,2,7,1,105,58.0,278.763
1524.56198,1,1,1,0,1,45.0,0.0
1524.5619815,6,1,3,0,13,54.0,62.241
1524.5619905,3,1,1,0,1,45.0,0.0
1524.562005,2,2,1,0,3,51.0,24.937
1525.2256625,6,1,1,0,1,48.0,0.0
1525.3107085,6,1,2,0,5,51.0,20.146
1525.344879,1,3,2,0,6,50.0,38.686
1525.3522105,6,1,1,0,1,45.0,0.0
1525.4364875,6,1,2,0,1,48.0,0.0
1525.437802,5,2,3,0,5,50.0,29.152
1525.5028595,6,1,2,0,1,47.0,0.0
1525.523378,1,1,1,0,10,49.0,25.901
1525.6688965,6,1,4,0,10,48.0,29.552
1525.763688,5,2,2,0,6,49.0,25.508
1525.7662735,6,1,2,0,5,48.0,16.104
1525.7679065,6,1,1,0,1,45.0,0.0
1525.7679225,3,1,1,0,1,45.0,0.0
1525.7967045,6,1,2,0,1,47.0,0.0
1525.8960355,6,1,1,0,5,50.0,27.909
1526.093513,5,2,1,0,2,45.0,3.579
1526.118223,5,2,2,0,2,46.0,4.055
1526.140246,1,23,33,16,299,69.0,10518.0
1526.140248,2,8,30,16,198,71.0,10734.0
1526.140252,4,2,6,1,82,49.0,195.689
1526.1943825,6,1,2,0,4,50.0,18.606
1526.212549,5,4,2,0,5,50.0,26.533
1526.241774,5,4,4,0,5,48.0,24.485
1526.2689665,3,1,2,0,4,50.0,20.149
1526.2831065,6,3,2,0,4,48.0,15.694
1526.283108,5,1,1,0,1,46.0,0.0
1526.3040645,6,1,2,0,4,51.0,28.322
1526.3638315,6,2,1,0,2,45.0,9.125
1526.423422,5,1,1,0,1,45.0,0.0
1526.486652,5,3,5,0,13,51.0,78.18
1526.5010345,6,1,2,0,4,45.0,8.48
1526.50104,1,2,4,0,10,50.0,38.889
1526.5083415,6,2,3,0,44,49.0,91.691
1526.508369,1,11,6,1,100,49.0,135.902
1526.5093685,6,1,3,0,52,50.0,78.076
1526.509377,5,2,4,0,34,50.0,75.476
1526.524127,1,2,1,0,2,45.0,4.4
1526.544018,5,2,3,0,6,47.0,21.192
1526.5440285,6,1,2,0,6,47.0,11.749
1526.5603125,3,1,3,0,10,51.0,65.812
1526.560346,1,2,4,0,36,48.0,58.335
1526.5733045,6,1,1,0,1,48.0,0.0
1526.596018,1,1,1,0,1,49.0,0.0
1526.646601,1,1,1,0,1,45.0,0.0
1526.670839,1,1,10,1,40,55.0,251.755
1526.6708535,3,1,2,0,7,51.0,36.932
1526.696937,1,13,30,9,156,62.0,3501.0
1526.6969385,3,10,23,8,198,62.0,2469.0
1526.696939,2,9,21,9,227,61.0,2848.0
1526.6969495,6,29,30,8,211,57.0,1926.0
1526.696951,5,40,20,5,163,57.0,1078.0
1526.7144055,6,1,1,0,11,48.0,18.674
1526.714414,5,2,2,0,3,53.0,18.157
1526.7144175,3,1,1,0,1,45.0,0.0
1526.776071,1,2,1,0,3,47.0,9.387
1526.7883965,6,2,6,1,30,62.0,570.964
1526.78843,1,1,2,0,1,48.0,0.0
1526.793597,1,12,34,13,251,64.0,5630.0
1526.793599,2,5,24,11,229,62.0,4276.0
1526.7936015,3,10,26,10,198,63.0,3789.0
1526.793611,5,57,25,7,224,58.0,1746.0
1526.7936125,6,32,34,10,225,59.0,3003.0
1526.797756,5,2,1,0,2,51.0,10.264
1526.8193205,6,2,3,0,8,59.0,226.44
1526.8379295,6,2,4,1,25,62.0,568.509
1526.837952,5,1,2,0,26,46.0,30.689
1526.837966,1,1,2,0,6,50.0,22.174
1526.8379795,3,1,1,0,1,45.0,0.0
1526.888058,1,2,1,0,3,50.0,14.249
1526.8904565,6,1,3,0,1,55.0,0.0
1526.987721,1,3,3,0,30,51.0,70.711
1527.00362,1,1,1,0,1,45.0,0.0
1527.007606,1,1,1,0,1,45.0,0.0
1527.026332,1,1,1,0,6,48.0,13.809
1527.098214,1,2,7,1,44,59.0,440.161
1527.118765,5,2,4,0,6,57.0,126.452
1527.158257,1,2,1,0,3,45.0,8.051
1527.1791335,6,2,2,0,6,54.0,64.113
1527.185262,5,2,4,1,38,53.0,183.599
1527.1852785,6,11,2,0,14,51.0,89.057
1527.283188,1,2,3,0,8,59.0,145.302
1527.306833,1,2,3,0,2,51.0,15.493
1527.3185175,3,1,4,1,76,53.0,139.036
1527.318524,2,2,10,2,45,65.0,1210.0
1527.318528,1,11,18,4,130,63.0,1423.0
1527.3185295,6,1,12,2,105,54.0,430.695
1527.31853,5,2,12,2,99,58.0,497.375
1527.348489,1,2,2,0,2,48.0,10.659
1527.3556505,3,1,3,0,16,52.0,58.192
1527.355657,2,2,8,1,30,62.0,727.177
1527.355664,5,2,6,1,42,54.0,209.882
1527.3556655,6,2,11,2,90,52.0,294.4
1527.355668,1,3,13,3,120,63.0,940.678
1527.4022,1,1,1,0,1,47.0,0.0
1527.4318495,6,1,1,0,1,47.0,0.0
1527.460778,5,6,4,0,7,51.0,62.342
1527.4684435,6,1,1,0,1,45.0,0.0
1527.484794,1,6,11,4,63,67.0,3642.0
1527.542065,1,1,1,0,1,45.0,0.0
1527.602785,5,1,1,0,1,45.0,0.0
1527.664064,1,1,2,0,1,47.0,0.0
1527.666174,5,1,7,1,28,57.0,485.221
1528.2472095,6,1,4,1,85,47.0,88.414
1528.280736,1,1,6,0,1,48.0,0.0
1528.2807445,3,1,5,0,13,49.0,45.294
1528.2815185,6,1,3,0,7,46.0,13.821
1528.3510905,6,2,1,0,2,46.0,14.547
1528.364949,1,1,2,0,1,51.0,0.0
1528.367369,1,2,1,0,5,49.0,32.154
1528.3694185,6,1,2,0,4,50.0,16.997
1528.369441,5,1,1,0,1,48.0,0.0
1528.461513,1,1,1,0,1,45.0,0.0
1528.4833505,6,2,1,0,3,51.0,21.827
1528.515421,1,1,1,0,1,45.0,0.0
1528.549951,5,1,3,0,1,51.0,0.0
1528.5499555,6,1,2,0,4,50.0,18.539
1528.644258,2,1,1,0,1,50.0,0.0
1528.659813,1,5,17,9,142,71.0,8891.0
1528.6803105,6,2,1,0,2,45.0,5.52
1528.7253415,3,2,1,0,2,45.0,6.222
1528.7398715,6,10,8,1,68,51.0,162.567
1528.8324455,6,1,2,0,5,50.0,20.802
1528.832449,1,1,2,0,1,47.0,0.0
1528.897678,5,2,1,0,17,48.0,43.242
1528.8976805,6,1,2,0,10,50.0,36.808
1528.9098725,6,1,1,0,1,45.0,0.0
1528.922447,1,2,1,0,3,48.0,11.308
1528.9322595,6,1,2,0,1,48.0,0.0
1528.932285,5,1,2,0,1,47.0,0.0
1528.9322865,3,1,1,0,1,45.0,0.0
1529.0137795,6,2,2,0,2,48.0,13.857
1529.0415725,3,1,1,0,1,45.0,0.0
1529.0917025,3,1,1,0,1,45.0,0.0
1529.124676,1,1,2,0,1,49.0,0.0
1529.130848,1,2,1,0,3,48.0,10.281
1529.18909,1,3,35,27,171,83.0,83440.0
1529.195573,1,1,2,0,1,49.0,0.0
1529.250318,5,3,4,0,14,48.0,63.935
1529.2503365,3,1,2,0,1,47.0,0.0
1529.326724,1,48,5,1,51,49.0,115.942
1529.3267425,3,2,1,0,3,45.0,6.996
1529.3267445,6,1,3,0,26,47.0,42.69
1529.32675,5,1,6,1,56,49.0,138.491
1529.3268,2,1,2,0,1,51.0,0.0
1529.3915025,6,2,4,1,65,49.0,103.557
1529.4422305,3,1,1,0,4,49.0,15.246
1529.4422365,6,1,3,1,71,49.0,91.63
1529.442241,5,2,2,0,10,46.0,30.351
1529.5019035,6,1,1,0,1,46.0,0.0
1529.501929,5,2,2,0,2,50.0,4.826
1529.523331,1,1,1,0,1,45.0,0.0
1529.6273395,6,1,2,0,7,49.0,18.439
1529.6471815,6,1,1,0,1,45.0,0.0
1529.656238,5,2,2,0,3,48.0,10.179
1529.658076,1,1,1,0,1,46.0,0.0
1529.755769,1,1,1,0,1,47.0,0.0
1529.779982,1,15,31,9,194,62.0,3517.0
1529.7799855,3,10,24,8,195,61.0,2434.0
1529.779986,2,9,18,7,156,60.0,2447.0
1529.779995,5,58,23,5,197,57.0,1160.0
1529.7800005,6,118,30,8,223,57.0,1856.0
1529.7905365,6,2,1,0,3,48.0,16.151
1529.8367535,6,1,1,0,1,45.0,0.0
1529.875847,1,15,35,13,290,64.0,5469.0
1529.875849,2,8,21,9,165,63.0,4091.0
1529.8758505,3,10,28,10,199,63.0,3776.0
1529.875857,5,61,31,7,222,58.0,1837.0
1529.8758625,6,35,35,10,263,58.0,2887.0
1529.8810655,3,1,1,0,1,45.0,0.0
1529.8821155,3,1,1,0,1,45.0,0.0
1529.89925,5,2,1,0,2,47.0,11.01
1529.922999,1,5,23,17,129,79.0,44719.0
1529.92302,2,2,4,0,3,56.0,52.405
1529.9230235,3,2,3,0,11,56.0,146.164
1529.923034,5,2,7,0,32,56.0,186.893
1529.9230365,6,2,5,0,42,54.0,83.893
1529.953084,5,2,2,0,2,49.0,20.948
1529.981779,5,3,12,2,91,54.0,474.775
1529.9817865,3,1,2,0,4,49.0,7.725
1529.9817895,6,11,8,2,92,59.0,578.859
1529.981809,1,3,9,1,66,51.0,224.34
1529.981828,2,1,5,1,34,54.0,189.434
1530.000058,1,1,1,0,1,45.0,0.0
1530.072564,1,2,1,0,3,47.0,13.295
1530.1531955,6,2,1,0,3,48.0,9.017
1530.1588815,6,1,1,0,1,45.0,0.0
1530.191337,5,2,1,0,2,45.0,7.499
1530.193104,5,2,1,0,2,47.0,4.179
1530.194076,1,2,5,0,3,53.0,36.805
1530.194097,5,1,2,0,1,47.0,0.0
1530.232949,1,2,4,0,35,56.0,164.338
1530.234308,1,1,3,0,1,52.0,0.0
1530.2576855,6,2,1,0,3,46.0,7.46
1530.273656,1,4,1,0,5,48.0,40.646
1530.3104315,6,4,2,0,5,55.0,94.297
1530.364983,1,2,1,0,3,56.0,55.511
1530.393168,1,2,1,0,3,49.0,14.19
1530.427327,1,4,3,0,37,53.0,169.84
1530.537788,5,1,1,0,1,49.0,0.0
1530.5631145,3,1,1,0,1,45.0,0.0
1530.563132,1,1,1,0,1,48.0,0.0
1530.5971475,6,1,1,0,5,47.0,13.653
1530.612729,1,4,4,0,39,57.0,215.138
1530.62708,1,1,2,0,1,50.0,0.0
1530.680415,5,1,3,0,1,52.0,0.0
1530.6982185,6,2,1,0,2,45.0,7.374
1530.7112255,6,1,1,0,1,45.0,0.0
1530.7189365,6,1,2,0,1,47.0,0.0
1530.7738795,6,1,3,0,6,55.0,54.963
1530.799819,1,2,1,0,2,45.0,3.435
1530.8077365,6,1,1,0,1,46.0,0.0
1531.3955075,3,1,1,0,5,47.0,11.452
1531.4295525,6,1,1,0,1,45.0,0.0
1531.4405465,3,1,7,1,117,49.0,169.056
1531.4405725,6,1,11,2,119,51.0,256.681
1531.4496755,6,11,5,0,16,51.0,51.67
1531.4497075,3,1,2,0,9,50.0,38.424
1531.48493,1,4,3,0,5,51.0,37.013
1531.5196045,6,1,2,0,1,49.0,0.0
1531.542005,1,1,2,0,1,50.0,0.0
1531.549248,1,1,1,0,1,45.0,0.0
1531.625361,1,1,1,0,1,47.0,0.0
1531.639411,5,1,3,0,1,48.0,0.0
1531.6394335,6,2,1,0,2,45.0,4.562
1531.6497335,3,1,2,0,1,45.0,0.0
1531.7600175,6,1,3,0,7,51.0,45.565
1531.788523,1,1,2,0,1,47.0,0.0
1531.7955,1,6,6,0,7,50.0,36.108
1531.7955285,6,1,3,0,1,49.0,0.0
1531.839256,1,1,1,0,1,45.0,0.0
1531.8587565,6,1,2,0,1,47.0,0.0
1531.8625295,6,1,1,0,1,45.0,0.0
1531.8922875,3,1,1,0,1,45.0,0.0
1531.8978535,6,1,1,0,1,45.0,0.0
1531.9240695,6,1,1,0,1,45.0,0.0
1531.9528995,6,2,2,0,2,48.0,13.574
1532.000059,5,1,3,0,1,45.0,0.0
1532.018823,1,1,1,0,1,45.0,0.0
1532.0748655,6,1,1,0,1,46.0,0.0
1532.1260215,3,1,1,0,1,45.0,0.0
1532.126029,5,1,6,0,1,49.0,0.0
1532.132959,1,1,1,0,1,48.0,0.0
1532.1417455,6,1,1,0,1,49.0,0.0
1532.2115325,6,1,2,0,5,49.0,16.897
1532.2445195,6,1,7,0,28,50.0,87.403
1532.244563,1,1,2,0,1,48.0,0.0
1532.363952,1,1,1,0,1,45.0,0.0
1532.4387715,6,1,4,0,4,49.0,10.481
1532.455686,5,19,6,0,22,51.0,131.768
1532.4557075,6,1,1,0,1,45.0,0.0
1532.459449,5,2,3,1,66,49.0,132.076
1532.4594515,3,1,1,0,1,45.0,0.0
1532.459462,1,1,4,0,1,50.0,0.0
1532.4594735,6,1,3,0,1,49.0,0.0
1532.4811705,6,1,1,0,1,45.0,0.0
1532.4889625,3,1,3,0,14,51.0,86.486
1532.4889745,6,1,4,0,41,51.0,85.92
1532.488991,5,2,4,0,18,49.0,44.658
1532.5207835,3,1,1,0,1,46.0,0.0
1532.520811,1,1,2,0,1,47.0,0.0
1532.5749175,6,1,1,0,1,45.0,0.0
1532.586364,1,1,1,0,1,48.0,0.0
1532.593139,1,1,1,0,1,45.0,0.0
1532.649508,1,2,3,0,3,48.0,13.351
1532.705254,5,2,3,0,16,50.0,63.783
1532.721588,5,1,4,0,1,50.0,0.0
1532.7374025,3,2,2,0,3,51.0,18.593
1532.763771,1,4,2,0,5,51.0,50.105
1532.7802225,3,1,2,0,5,48.0,19.451
1532.804666,1,2,1,0,3,45.0,6.705
1532.8296185,6,1,1,0,1,45.0,0.0
1532.837936,1,1,2,0,1,50.0,0.0
1532.844959,5,1,1,0,1,45.0,0.0
1532.894965,1,13,30,8,162,62.0,2959.0
1532.8949665,3,10,25,8,196,62.0,2358.0
1532.894967,2,9,17,7,159,61.0,2490.0
1532.8949775,6,36,32,7,231,57.0,1579.0
1532.894979,5,55,25,5,207,56.0,1179.0
1532.9016995,6,1,3,0,14,55.0,92.052
1532.901721,1,1,2,0,1,49.0,0.0
1532.934079,5,4,4,0,16,52.0,157.542
1532.990822,1,6,34,12,252,63.0,4643.0
1532.9908235,3,6,28,10,199,63.0,3642.0
1532.990824,2,9,19,9,159,63.0,3801.0
1532.990833,5,43,30,7,219,59.0,1838.0
1532.9908345,6,119,38,9,231,58.0,2424.0
1533.0106025,6,1,1,0,1,45.0,0.0
1533.0158715,6,1,2,0,4,48.0,12.244
1533.0159055,3,1,1,0,1,45.0,0.0
1533.0365295,6,1,4,0,7,53.0,50.941
1533.0479395,6,2,2,1,21,58.0,383.633
1533.06145,5,8,9,1,24,53.0,283.478
1533.100641,5,2,2,0,4,47.0,15.972
1533.11681,5,2,1,0,2,46.0,5.664
1533.1335455,6,2,2,0,5,55.0,67.508
1533.141449,2,1,1,0,1,50.0,0.0
1533.144612,1,2,16,3,118,61.0,1167.0
1533.1446155,3,20,6,1,40,58.0,451.923
1533.1446155,6,58,16,2,101,55.0,515.973
1533.144628,5,2,13,3,119,55.0,591.905
1533.144636,2,2,7,1,45,58.0,514.646
1533.1779285,6,2,1,0,3,48.0,16.955
1533.211606,2,14,4,1,35,55.0,327.625
1533.211606,1,6,6,0,39,51.0,115.429
1533.2116455,6,1,3,0,35,48.0,47.065
1533.256918,1,2,9,4,76,69.0,2800.0
1533.26376,5,3,1,0,4,46.0,17.628
1533.272329,1,2,4,0,10,50.0,54.483
1533.2797865,6,1,1,0,1,46.0,0.0
1533.285668,1,2,2,0,3,50.0,18.569
1533.3061345,6,4,5,1,25,58.0,320.875
1533.306173,5,2,3,0,11,49.0,43.804
1533.35465,5,4,22,6,148,61.0,2078.0
1533.3546525,6,14,21,6,191,65.0,1847.0
1533.354659,2,1,16,7,166,62.0,2085.0
1533.354661,1,68,22,4,163,58.0,793.428
1533.3546655,3,1,9,2,151,53.0,378.225
1533.357598,1,1,9,1,50,58.0,539.095
1533.3576195,6,1,2,0,8,48.0,20.043
1533.3652085,6,1,1,0,5,50.0,17.79
1533.416066,1,2,1,0,17,59.0,208.548
1533.4451085,6,2,1,0,6,53.0,38.91
1533.472904,5,2,1,0,2,47.0,8.008
1533.557294,1,1,4,0,41,51.0,100.533
1533.5622025,6,3,2,0,12,59.0,204.008
1533.58117,1,2,2,0,3,52.0,24.777
1533.6340835,6,1,2,0,8,48.0,12.27
1533.634138,1,1,1,0,1,45.0,0.0
1533.703697,1,2,2,0,5,54.0,67.916
1533.7086435,6,2,3,0,16,51.0,60.679
1533.710085,1,1,2,0,1,50.0,0.0
1533.7269465,6,2,3,0,19,61.0,474.827
1533.730426,1,3,3,0,4,51.0,26.543
1533.799198,1,1,1,0,1,47.0,0.0
1533.812591,5,1,1,0,1,47.0,0.0
1533.8429435,6,1,3,0,1,48.0,0.0
1533.8429455,3,1,2,0,8,49.0,26.668
1533.885579,5,2,5,0,6,55.0,94.17
1533.924482,1,1,1,0,1,47.0,0.0
1533.9449665,6,1,1,0,1,48.0,0.0
1533.9737705,6,1,1,0,5,57.0,86.913
1534.018075,5,1,5,0,6,56.0,79.973
1534.0180985,6,2,4,0,7,48.0,23.077
1534.614962,5,1,2,0,14,49.0,25.649
1534.6150205,6,1,1,0,1,45.0,0.0
1534.6528855,6,1,1,0,1,45.0,0.0
1534.65712,1,1,2,0,4,46.0,10.793
1534.670907,1,2,2,0,5,51.0,39.257
1534.683404,5,2,1,0,4,46.0,13.571
1534.7016975,3,1,1,0,1,45.0,0.0
1534.7166495,6,1,2,0,4,49.0,14.689
1534.745371,1,1,1,0,1,48.0,0.0
1534.7453885,6,1,1,0,1,46.0,0.0
1534.80071,1,2,3,0,7,51.0,68.509
1534.8161525,6,2,2,0,2,47.0,4.305
1534.8195875,6,1,2,0,1,46.0,0.0
1534.835329,1,1,1,0,1,46.0,0.0
1534.839179,1,1,7,1,82,50.0,204.868
1534.839203,5,1,6,0,25,49.0,45.639
1534.857887,5,5,4,0,8,50.0,50.373
1534.8653785,6,1,1,0,1,45.0,0.0
1534.9082095,6,1,2,0,1,46.0,0.0
1534.9199675,6,1,1,0,1,45.0,0.0
1534.9322405,6,1,1,0,1,46.0,0.0
1534.936694,1,1,1,0,1,47.0,0.0
1534.9464345,6,1,2,0,1,47.0,0.0
1534.96933,1,2,1,0,3,47.0,9.267
1534.991356,5,2,1,0,3,48.0,12.303
1535.0788985,6,1,1,0,1,45.0,0.0
1535.0845865,3,2,4,0,37,50.0,75.327
1535.084597,5,1,7,0,34,51.0,80.063
1535.169601,1,1,2,0,1,45.0,0.0
1535.169616,5,2,1,0,2,47.0,3.813
1535.1749205,6,1,1,0,1,45.0,0.0
1535.202303,1,4,2,0,5,49.0,24.793
1535.218098,1,1,1,0,1,46.0,0.0
1535.227973,4,2,1,0,2,45.0,6.53
1535.26072,5,2,4,0,3,50.0,14.914
1535.2607435,6,1,1,0,1,45.0,0.0
1535.275923,1,1,3,0,36,49.0,64.9
1535.275936,2,1,3,0,1,51.0,0.0
1535.310539,1,1,2,0,1,48.0,0.0
1535.349445,5,1,1,0,1,48.0,0.0
1535.3521965,6,1,1,0,7,46.0,11.859
1535.374035,1,2,2,0,37,48.0,46.765
1535.427655,5,2,1,0,3,50.0,14.822
1535.43103,5,1,3,0,1,47.0,0.0
1535.4549165,6,1,1,0,1,45.0,0.0
1535.498835,1,1,1,0,1,46.0,0.0
1535.5262265,6,1,2,0,1,48.0,0.0
1535.5598915,6,2,1,0,2,45.0,3.665
1535.574766,1,1,1,0,1,48.0,0.0
1535.587951,5,3,1,0,4,45.0,10.715
1535.595014,1,2,1,0,3,46.0,8.067
1535.618233,5,2,2,0,4,45.0,11.989
1535.687562,5,5,3,0,6,50.0,34.086
1535.761563,5,2,1,0,3,51.0,23.127
1535.838076,1,2,2,0,3,51.0,25.926
1535.8591695,3,1,3,0,4,50.0,8.339
1535.8591905,6,1,4,0,1,47.0,0.0
1535.864682,1,1,1,0,1,45.0,0.0
1535.8768285,6,2,2,0,3,49.0,15.605
1535.8773505,6,1,8,1,61,49.0,137.723
1535.928598,1,3,31,17,174,78.0,29633.0
1535.928638,5,1,4,0,13,50.0,38.155
1535.9286395,6,7,2,0,8,51.0,40.807
1535.963182,1,3,3,0,5,47.0,32.043
1535.986027,1,1,3,0,1,48.0,0.0
1535.9860405,6,2,3,0,32,50.0,70.088
1536.0065265,6,2,4,0,5,51.0,26.065
1536.0099185,6,13,2,0,14,48.0,33.985
1536.009943,1,1,2,0,1,48.0,0.0
1536.0419825,6,1,1,0,1,50.0,0.0
1536.066314,4,1,2,0,46,49.0,87.912
1536.084423,1,1,1,0,1,48.0,0.0
1536.103412,1,2,3,0,30,47.0,44.762
1536.1435365,3,1,1,0,1,45.0,0.0
1536.1435375,6,1,2,0,7,49.0,28.741
1536.143543,1,1,3,0,22,49.0,60.591
1536.166344,1,3,81,138,679,95.0,1404000.0
1536.166359,2,23,29,15,153,69.0,10923.0
1536.1663605,3,9,56,19,576,64.0,6580.0
1536.166367,5,24,59,18,579,65.0,5181.0
1536.1663755,6,3,59,20,682,65.0,6054.0
1536.1695505,6,3,1,0,4,48.0,33.492
1536.1726905,6,2,1,0,4,49.0,32.647
1536.174937,1,2,1,0,3,46.0,10.263
1536.1966275,6,2,2,0,3,56.0,59.573
1536.2109375,6,1,2,0,1,48.0,0.0
1536.2128335,6,1,1,0,1,45.0,0.0
1536.249444,5,2,5,0,6,53.0,88.022
1536.2528305,6,1,1,0,1,45.0,0.0
1536.266638,5,1,1,0,1,47.0,0.0
1536.2666395,6,1,1,0,1,46.0,0.0
1536.27991,1,2,4,0,10,52.0,106.482
1536.2799165,3,1,2,0,5,50.0,22.378
1536.2799905,6,1,2,0,1,46.0,0.0
1536.293474,1,3,2,0,9,51.0,81.141
1536.301824,5,3,17,4,91,60.0,1474.0
1536.3018445,6,9,9,1,25,58.0,373.878
1536.3018595,3,1,2,0,1,47.0,0.0
1536.311116,5,2,2,0,7,56.0,67.004
1536.346791,1,1,2,0,35,47.0,34.613
1536.4209115,6,1,1,0,1,45.0,0.0
1536.443595,5,8,5,1,33,57.0,442.864
1536.4436105,6,6,5,1,37,57.0,594.925
1536.45617,5,8,4,1,87,50.0,150.616
1536.4561745,3,2,1,0,5,47.0,12.338
1536.459895,1,7,19,8,137,67.0,5734.0
1536.4666345,6,1,1,0,1,45.0,0.0
1536.4716165,6,1,1,0,1,45.0,0.0
1536.507897,5,1,1,0,1,47.0,0.0
1536.5210755,6,1,3,0,11,55.0,159.359
1536.552384,1,3,17,5,148,68.0,2758.0
1536.5523975,3,2,9,2,94,52.0,281.793
1536.552406,2,1,7,2,47,58.0,624.313
1536.55241,5,3,6,0,24,55.0,141.042
1536.5524135,6,1,14,3,100,56.0,627.257
1536.561975,1,2,1,0,3,50.0,20.044
1536.563465,1,4,3,0,5,53.0,86.256
1536.567223,1,2,1,0,3,50.0,20.921
1536.574746,1,2,1,0,3,50.0,20.162
1536.5762465,6,1,1,0,1,45.0,0.0
1536.5774685,6,1,1,0,1,47.0,0.0
1536.5898535,6,1,1,0,1,46.0,0.0
1536.5908005,3,1,1,0,1,45.0,0.0
1536.599037,5,13,8,1,22,55.0,308.568
1536.5990455,6,1,1,0,1,45.0,0.0
1536.610534,5,1,11,1,56,57.0,360.747
1536.610543,2,2,7,1,56,55.0,400.653
1536.610553,1,1,8,1,31,56.0,294.485
1536.6105635,6,1,3,1,77,52.0,112.999
1536.640523,1,4,3,1,34,60.0,432.76
1536.660505,1,4,6,2,61,60.0,708.235
1536.668605,1,2,4,0,30,51.0,63.057
1536.677418,1,1,4,0,35,59.0,231.871
1536.682082,1,1,6,0,33,54.0,118.792
1536.6989995,6,1,1,0,1,45.0,0.0
1536.724505,5,2,3,0,2,48.0,7.88
1536.743983,5,1,3,0,17,53.0,94.307
1536.7440035,6,2,1,0,3,46.0,13.15
1536.795647,1,1,2,0,1,53.0,0.0
1536.802473,1,1,2,0,1,52.0,0.0
1536.826715,2,1,1,0,1,50.0,0.0
1536.839677,5,3,4,0,4,49.0,17.169
1536.8545905,6,2,1,0,3,50.0,17.119
1536.856709,1,1,1,0,1,45.0,0.0
1536.8567115,6,1,1,0,1,45.0,0.0
1536.8660045,6,1,1,0,1,45.0,0.0
1536.869411,1,2,3,0,35,57.0,172.553
1536.871708,1,3,3,0,37,49.0,88.3
1536.87812,1,2,2,0,7,47.0,26.698
1536.895822,5,1,4,0,38,52.0,130.121
1536.8958475,6,1,1,0,1,45.0,0.0
1536.90759,1,1,1,0,1,45.0,0.0
1536.9130085,6,2,2,0,11,55.0,72.803
1536.9305305,6,2,1,0,2,45.0,10.07
1536.955844,5,3,25,8,205,64.0,3177.0
1536.9558445,3,1,11,3,150,59.0,601.145
1536.955845,1,32,33,8,191,60.0,2522.0
1536.9558535,6,11,23,7,176,66.0,3075.0
1536.955859,2,23,17,8,197,63.0,2589.0
1536.995498,1,2,2,0,4,47.0,12.139
1537.000165,1,4,5,1,44,58.0,304.8
1537.018476,5,3,2,0,6,48.0,30.126
1537.052052,1,2,28,11,164,70.0,7660.0
1537.05206,2,37,15,5,87,61.0,1851.0
1537.0520645,3,3,13,3,114,58.0,649.82
1537.0520725,6,7,16,4,135,60.0,1002.0
1537.052077,5,30,22,4,131,56.0,1086.0
1537.052863,5,2,3,0,2,50.0,6.108
1537.0617095,6,1,1,0,1,45.0,0.0
1537.1078755,6,2,5,0,34,53.0,105.133
1537.107881,1,1,3,0,1,48.0,0.0
1537.107883,5,1,10,1,82,51.0,188.504
1537.1078865,3,1,1,0,1,45.0,0.0
1537.120426,1,1,1,0,1,45.0,0.0
1537.1250645,6,1,1,0,1,45.0,0.0
1537.1339885,6,1,2,0,10,56.0,98.61
1537.134015,1,1,3,0,1,47.0,0.0
1537.780471,1,1,1,0,1,47.0,0.0
1537.8246435,3,1,4,0,12,50.0,57.137
1537.899503,1,1,1,0,1,45.0,0.0
1537.918093,5,1,1,0,1,47.0,0.0
1537.9396075,6,1,2,0,8,48.0,31.137
1537.939613,5,2,7,1,84,51.0,251.26
1537.951676,1,2,2,0,3,51.0,25.185
1537.9559285,6,9,3,0,11,51.0,71.829
1538.0760875,6,1,2,0,7,50.0,31.995
1538.0816515,6,1,1,0,1,46.0,0.0
1538.1169445,6,2,1,0,2,45.0,9.263
1538.118775,5,1,3,0,1,47.0,0.0
1538.1701465,6,1,1,0,1,45.0,0.0
1538.175886,5,1,2,0,1,47.0,0.0
1538.211969,1,1,1,0,1,45.0,0.0
1538.255799,1,4,18,5,133,70.0,3413.0
1538.2791575,3,1,1,0,4,47.0,9.377
1538.3805685,6,1,1,0,4,47.0,10.175
1538.39654,1,1,1,0,1,49.0,0.0
1538.3969555,3,1,1,0,1,45.0,0.0
1538.404304,5,1,1,0,1,50.0,0.0
1538.4261015,6,1,5,0,28,51.0,67.456
1538.426156,1,2,2,0,3,48.0,12.502
1538.5257265,6,2,1,0,2,49.0,9.686
1538.5523815,3,1,1,0,1,47.0,0.0
1538.57388,5,2,2,0,11,49.0,32.984
1538.5977805,6,2,1,0,3,48.0,13.612
1538.601346,5,3,3,0,4,50.0,27.958
1538.6070115,3,1,1,0,1,45.0,0.0
1538.60702,1,1,3,0,15,50.0,49.019
1538.6070505,6,1,1,0,1,45.0,0.0
1538.6279045,6,2,1,0,3,48.0,14.505
1538.733367,2,1,1,0,1,50.0,0.0
1538.7793215,6,2,1,0,3,49.0,12.108
1538.8325635,6,1,1,0,1,46.0,0.0
1538.837907,5,2,1,0,2,45.0,5.664
1538.8379345,6,1,2,0,4,47.0,9.735
1538.845191,1,2,5,0,2,50.0,10.264
1538.888413,1,1,1,0,1,47.0,0.0
1538.9705615,6,1,1,0,1,45.0,0.0
1538.996022,1,1,1,0,1,48.0,0.0
1538.996033,5,4,2,0,5,47.0,21.246
1538.9989605,6,1,2,0,8,49.0,33.501
1539.0109395,6,1,1,0,1,45.0,0.0
1539.186164,5,1,1,0,1,45.0,0.0
1539.2293315,6,1,2,0,1,47.0,0.0
1539.236116,1,1,4,0,1,48.0,0.0
1539.23612,5,4,5,0,17,50.0,70.331
1539.2361365,3,1,1,0,1,45.0,0.0
1539.25087,5,2,25,25,231,82.0,71221.0
1539.2508825,6,16,13,4,96,60.0,1333.0
1539.250898,2,37,7,2,48,59.0,615.756
1539.2508995,3,37,10,2,81,53.0,284.424
1539.250905,1,1,11,1,47,54.0,194.707
1539.255744,1,8,30,8,248,61.0,2137.0
1539.2557475,3,10,24,7,190,62.0,2151.0
1539.255748,2,9,20,7,135,61.0,2308.0
1539.2557625,6,29,27,6,242,56.0,1306.0
1539.255781,5,20,18,4,134,57.0,857.436
1539.2611125,6,2,10,3,138,62.0,788.261
1539.261136,5,14,12,1,51,54.0,418.268
1539.2611435,3,1,3,0,14,48.0,36.838
1539.261145,1,1,8,0,42,51.0,84.939
1539.2733505,6,1,3,0,1,47.0,0.0
1539.27337,5,1,4,0,4,48.0,14.186
1539.2907175,6,1,1,0,4,48.0,15.434
1539.3188655,3,2,1,0,47,47.0,40.472
1539.318874,2,2,3,0,2,52.0,11.835
1539.318875,5,2,11,1,64,53.0,251.619
1539.318879,1,1,4,0,43,51.0,62.305
1539.3188875,6,1,1,0,1,48.0,0.0
1539.327804,1,1,1,0,1,45.0,0.0
1539.352348,1,8,36,10,254,63.0,3259.0
1539.3523515,3,10,30,9,239,63.0,3427.0
1539.352352,2,9,24,11,234,63.0,4064.0
1539.3523625,6,33,31,8,246,58.0,2020.0
1539.352364,5,41,23,6,227,59.0,1448.0
1539.360073,1,2,1,0,2,50.0,35.765
1539.391814,1,1,1,0,1,45.0,0.0
1539.3988405,6,2,1,0,3,52.0,25.612
1539.422948,1,2,1,0,5,49.0,23.904
1539.4265465,6,1,6,2,29,67.0,1481.0
1539.4531035,6,1,1,0,1,45.0,0.0
1539.459542,1,2,9,4,64,71.0,3884.0
1539.4969035,6,1,2,0,1,47.0,0.0
1539.502585,5,2,7,1,68,57.0,305.374
1539.5026075,6,5,3,0,19,52.0,65.592
1539.502634,1,3,2,0,4,50.0,26.119
1539.5326365,6,2,2,0,8,53.0,54.731
1539.5356315,6,1,1,0,4,46.0,7.803
1539.5425285,6,1,4,1,21,61.0,450.51
1539.542541,5,1,10,1,47,53.0,224.291
1539.542554,1,1,3,0,1,49.0,0.0
1539.5425615,3,1,1,0,1,46.0,0.0
1539.543218,5,1,1,0,1,45.0,0.0
1539.5484865,6,1,1,0,1,45.0,0.0
1539.554131,5,17,21,5,130,59.0,1560.0
1539.5541465,6,5,13,2,89,58.0,586.691
1539.554148,1,1,8,2,114,51.0,234.416
1539.554155,2,1,6,1,60,55.0,315.4
1539.5541585,3,1,9,1,92,51.0,223.351
1539.55417,4,1,1,0,1,45.0,0.0
1539.557235,5,3,2,0,10,49.0,46.605
1539.5625255,6,2,1,0,4,54.0,36.985
1539.587552,1,2,3,0,8,54.0,76.859
1539.6012885,6,1,1,0,1,45.0,0.0
1539.6159705,6,2,3,0,17,58.0,254.822
1539.749832,5,1,2,0,1,53.0,0.0
1539.7565525,6,1,2,0,1,54.0,0.0
1539.760941,5,1,3,0,1,49.0,0.0
1539.7609685,6,1,2,0,139,51.0,58.754
1539.765798,5,1,1,0,1,48.0,0.0
1539.7824595,3,1,1,0,1,45.0,0.0
1539.7876895,6,1,1,0,1,45.0,0.0
1539.7885155,6,1,3,0,4,50.0,16.741
1539.788563,5,2,5,0,17,49.0,53.187
1539.788577,2,1,1,0,1,51.0,0.0
1539.7934775,6,1,2,0,7,55.0,81.721
1539.7988175,6,1,2,0,1,46.0,0.0
1539.8166915,6,2,2,0,7,55.0,71.51
1539.817638,1,2,1,0,33,48.0,38.964
1539.849248,5,5,6,1,16,57.0,435.547
1539.849255,1,10,8,1,79,51.0,207.202
1539.8492675,6,2,1,0,2,48.0,7.71
1539.851038,1,6,4,1,44,53.0,189.73
1539.869487,5,1,1,0,1,48.0,0.0
1539.900409,5,5,4,0,8,50.0,54.75
1539.924078,1,13,4,0,23,53.0,205.204
1539.931505,1,1,7,1,66,55.0,209.423
1539.931508,5,2,4,1,78,51.0,197.58
1539.931528,2,1,3,0,1,55.0,0.0
1539.9315405,6,1,3,0,41,47.0,58.551
1539.938361,1,1,3,0,1,50.0,0.0
1539.976649,2,1,6,0,4,58.0,92.94
1539.9766555,6,1,10,2,96,51.0,304.814
1539.976661,5,46,5,1,49,52.0,158.698
1539.976662,1,1,10,1,39,53.0,190.223
1539.981719,1,1,2,0,1,51.0,0.0
1539.9840795,6,1,1,0,1,45.0,0.0
1539.984081,5,2,2,0,2,48.0,3.813
1539.990021,5,1,1,0,4,53.0,28.999
1539.9900395,6,1,2,0,9,48.0,11.244
1540.010628,5,2,2,0,2,50.0,15.673
1540.02321,1,2,4,0,9,55.0,120.643
1540.02545,1,1,1,0,1,45.0,0.0
1540.0304995,6,2,1,0,2,47.0,7.667
1540.0361615,6,1,1,0,1,45.0,0.0
1540.0939655,6,1,1,0,1,48.0,0.0
1540.105886,1,2,1,0,2,51.0,7.71
1540.1058965,3,1,2,0,4,48.0,11.178
1540.1059125,6,1,2,0,4,50.0,13.039
1540.1106885,6,18,5,1,21,63.0,692.528
1540.1450315,6,1,3,0,17,56.0,92.104
1540.145838,5,2,4,0,6,50.0,43.147
1540.1585855,6,2,4,1,24,62.0,452.12
1540.2333525,6,1,2,0,1,46.0,0.0
1540.242038,1,6,8,1,79,51.0,171.995
1540.2420395,3,1,5,0,21,53.0,176.361
1540.2420425,6,1,8,1,94,52.0,172.14
1540.242061,5,2,3,0,2,48.0,5.237
1540.244895,1,7,40,19,241,75.0,19300.0
1540.244896,2,38,27,13,230,63.0,5890.0
1540.244905,5,27,35,11,229,62.0,4574.0
1540.2449095,3,15,17,4,169,59.0,890.711
1540.2449185,6,2,26,8,195,65.0,3097.0
1540.244941,4,1,3,0,1,50.0,0.0
1540.2801565,3,1,1,0,4,46.0,9.936
1540.280158,5,2,1,0,3,48.0,12.451
1540.301234,5,3,3,0,20,50.0,68.3
1540.301284,1,1,1,0,1,45.0,0.0
1540.3101035,6,1,1,0,1,45.0,0.0
1540.900285,5,1,3,0,1,51.0,0.0
1540.910701,1,1,1,0,1,45.0,0.0
1540.910739,5,1,4,0,1,48.0,0.0
1540.9136045,6,1,3,0,28,49.0,63.376
1540.924688,5,2,1,0,2,47.0,3.933
1540.9438025,6,1,1,0,1,45.0,0.0
1540.9494015,6,1,1,0,4,47.0,9.584
1540.9510825,6,1,1,0,1,45.0,0.0
1540.95474,1,1,2,0,1,51.0,0.0
1540.9547495,6,1,2,0,1,49.0,0.0
1540.954755,5,1,3,0,1,47.0,0.0
1540.962376,1,3,15,4,92,69.0,3122.0
1540.9672,5,2,3,0,2,48.0,3.435
1540.972973,1,1,1,0,1,47.0,0.0
1541.0161235,6,1,1,0,1,46.0,0.0
1541.0265655,6,1,1,0,1,45.0,0.0
1541.0832955,3,1,1,0,1,45.0,0.0
1541.119125,5,2,2,0,4,46.0,11.687
1541.1191465,6,1,1,0,1,45.0,0.0
1541.124415,1,2,1,0,3,49.0,16.499
1541.135842,1,1,2,0,6,51.0,28.058
1541.1469495,6,1,1,0,1,48.0,0.0
1541.1539965,6,1,1,0,1,45.0,0.0
1541.2131025,6,1,1,0,1,45.0,0.0
1541.2182155,6,1,2,0,1,48.0,0.0
1541.280617,1,2,1,0,2,45.0,3.352
1541.3571595,6,1,1,0,1,45.0,0.0
1541.3726465,6,1,1,0,1,45.0,0.0
1541.373724,2,1,2,0,1,51.0,0.0
1541.373756,5,2,5,0,15,50.0,49.623
1541.3909395,6,2,1,0,3,49.0,13.572
1541.398401,1,1,1,0,1,45.0,0.0
1541.4033855,6,1,5,0,49,49.0,73.268
1541.4184095,6,1,2,0,4,51.0,22.351
1541.4732095,6,1,2,0,1,46.0,0.0
1541.473243,1,2,1,0,2,48.0,7.169
1541.473997,1,1,1,0,1,45.0,0.0
1541.4851375,6,1,2,0,1,45.0,0.0
1541.5159025,6,1,1,0,1,45.0,0.0
1541.5184435,6,1,2,0,1,45.0,0.0
1541.521892,5,1,3,0,1,50.0,0.0
1541.5219195,6,1,1,0,1,47.0,0.0
1541.5636265,6,2,1,0,2,50.0,9.45
1541.5921225,6,1,1,0,1,48.0,0.0
1541.6171525,6,2,2,0,2,47.0,5.098
1541.6434135,3,1,1,0,1,45.0,0.0
1541.661776,1,1,1,0,1,49.0,0.0
1541.6634725,6,1,1,0,1,45.0,0.0
1541.6834465,6,2,2,0,2,47.0,8.226
1541.687442,1,1,2,0,22,48.0,50.418
1541.687456,5,1,1,0,1,45.0,0.0
1541.7087605,6,2,2,0,2,49.0,8.58
1541.714717,1,1,1,0,4,46.0,8.581
1541.7539705,3,1,1,0,1,45.0,0.0
1541.753983,5,2,4,0,2,50.0,8.535
1541.756344,5,2,1,0,2,45.0,6.26
1541.791469,2,2,3,0,2,51.0,20.878
1541.916637,1,5,19,12,142,75.0,18698.0
1541.921751,1,2,13,5,64,70.0,5145.0
1542.0095105,6,1,1,0,1,45.0,0.0
1542.0538455,6,2,1,0,3,49.0,13.742
1542.116238,1,1,1,0,1,45.0,0.0
1542.1281775,6,1,1,0,1,45.0,0.0
1542.1591425,6,2,4,0,8,49.0,32.728
1542.1859635,3,1,1,0,1,45.0,0.0
1542.1883975,3,1,1,0,1,45.0,0.0
1542.1917445,6,1,1,0,1,45.0,0.0
1542.21804,4,1,1,0,1,45.0,0.0
1542.2539435,6,1,1,0,1,45.0,0.0
1542.272613,5,2,3,0,2,50.0,9.45
1542.272638,2,1,1,0,1,50.0,0.0
1542.317731,5,2,2,0,6,48.0,30.646
1542.317749,1,2,2,0,3,49.0,14.19
1542.343845,1,1,2,0,1,47.0,0.0
1542.3495805,6,2,1,0,2,46.0,6.07
1542.372994,5,2,2,0,2,50.0,14.315
1542.3730035,3,1,1,0,1,45.0,0.0
1542.37301,1,1,1,0,1,46.0,0.0
1542.382487,1,1,1,0,1,45.0,0.0
1542.38283,5,2,1,0,2,45.0,7.667
1542.391011,5,1,1,0,1,51.0,0.0
1542.432623,1,1,1,0,1,45.0,0.0
1542.433896,5,4,8,1,19,56.0,423.328
1542.4339145,6,1,1,0,1,45.0,0.0
1542.4377725,6,1,2,0,4,48.0,12.441
1542.4446285,3,1,1,0,1,45.0,0.0
1542.444633,1,2,8,0,36,54.0,147.256
1542.4446345,6,1,4,0,4,49.0,14.433
1542.448618,1,8,28,6,226,61.0,1800.0
1542.4486215,3,10,24,7,191,62.0,2215.0
1542.448622,2,9,22,7,145,61.0,2508.0
1542.4486365,6,29,24,6,165,56.0,1345.0
1542.448652,5,1,19,4,153,56.0,788.707
1542.467916,1,2,6,1,46,57.0,217.412
1542.5137545,6,1,2,0,9,55.0,64.678
1542.533344,1,12,9,1,35,58.0,328.799
1542.537082,1,2,36,39,222,83.0,157937.0
1542.5370995,3,1,6,0,24,52.0,107.283
1542.537116,2,2,7,3,90,58.0,722.851
1542.537121,5,4,12,2,83,57.0,465.984
1542.5371295,6,2,5,0,35,53.0,147.637
1542.544671,1,6,37,9,255,63.0,2746.0
1542.5446745,3,7,28,9,247,63.0,3449.0
1542.544676,2,33,27,9,145,62.0,3595.0
1542.544681,5,48,28,6,234,57.0,1375.0
1542.5446865,6,54,31,8,244,59.0,2206.0
1542.5513215,6,1,2,0,13,50.0,25.703
1542.559864,1,2,12,3,53,67.0,2395.0
1542.5611995,6,1,3,0,20,49.0,45.646
1542.561202,5,5,2,0,6,50.0,33.804
1542.566393,5,2,11,2,66,60.0,772.846
1542.5664035,6,1,6,0,26,54.0,117.645
1542.566418,1,1,7,1,71,51.0,159.117
1542.5664455,3,1,2,0,11,48.0,31.396
1542.573827,1,2,9,2,47,58.0,791.281
1542.5738615,6,1,3,0,4,49.0,19.724
1542.5852335,6,1,1,0,1,45.0,0.0
1542.588912,5,2,2,0,6,49.0,34.408
1542.59575,5,12,6,0,15,55.0,260.983
1542.602308,1,1,2,0,1,51.0,0.0
1542.6120245,6,1,1,0,1,49.0,0.0
1542.644829,1,4,9,2,67,65.0,1391.0
1542.6587015,6,1,3,0,1,53.0,0.0
1542.662996,5,2,1,0,2,46.0,5.201
1542.673226,5,3,10,2,71,56.0,368.629
1542.6732285,6,1,4,0,34,48.0,47.517
1542.673236,1,2,7,1,61,49.0,128.59
1542.673252,2,1,3,0,35,55.0,173.224
1542.688649,1,2,2,0,3,53.0,30.904
1542.706433,5,1,1,0,1,46.0,0.0
1542.7321905,6,6,5,0,7,48.0,30.347
1542.732194,5,4,7,0,26,53.0,120.604
1542.732205,1,2,3,0,5,47.0,21.526
1542.7322155,3,2,1,0,2,45.0,4.025
1542.73223,2,1,1,0,1,50.0,0.0
1542.7646735,3,1,2,0,44,52.0,72.37
1542.764678,1,1,7,0,22,50.0,92.937
1542.764683,2,1,2,0,1,53.0,0.0
1542.764697,5,1,4,0,1,51.0,0.0
1542.7647165,6,1,3,0,9,51.0,40.263
1542.7921875,6,1,2,0,7,54.0,62.207
1542.79242,1,1,1,0,1,45.0,0.0
1542.813399,1,2,10,2,96,57.0,371.01
1542.819524,1,2,10,2,56,59.0,650.742
1542.8195485,3,1,1,0,1,45.0,0.0
1542.8195535,6,1,4,0,8,48.0,17.459
1542.8205755,6,1,2,0,1,52.0,0.0
1542.820584,5,2,1,0,2,45.0,6.26
1542.8383485,6,1,1,0,1,47.0,0.0
1542.851497,1,1,3,0,16,51.0,56.91
1542.8836635,6,1,1,0,1,45.0,0.0
1542.912729,1,1,11,1,47,57.0,292.898
1542.9127315,6,2,3,0,21,55.0,80.569
1542.912755,5,2,8,1,78,51.0,212.47
1542.9466925,6,1,2,0,7,48.0,17.98
1542.9779355,6,1,4,1,139,54.0,143.302
1542.982476,1,2,2,0,5,53.0,74.547
1543.019426,1,1,1,0,1,45.0,0.0
1543.0275635,6,2,3,0,17,57.0,346.601
1543.027603,5,2,1,0,3,49.0,13.351
1543.063565,5,3,3,0,4,48.0,15.921
1543.064584,1,1,3,0,1,50.0,0.0
1543.0656185,6,1,1,0,1,45.0,0.0
1543.1121505,6,1,2,0,1,49.0,0.0
1543.198793,1,1,13,2,91,53.0,385.411
1543.198801,2,1,8,2,65,56.0,404.486
1543.198802,5,1,11,2,125,57.0,391.765
1543.1988045,3,14,10,3,202,58.0,658.075
1543.1988065,6,2,18,4,141,58.0,981.39
1543.204957,5,2,8,1,44,62.0,776.952
1543.204968,1,2,5,0,35,50.0,94.861
1543.2049725,3,15,4,1,85,50.0,112.988
1543.2049775,6,2,10,2,111,55.0,315.01
1543.2109825,6,2,4,0,12,49.0,37.572
1543.210991,5,2,3,0,3,48.0,14.513
1543.2397045,6,2,1,0,3,50.0,30.515
1543.2589695,6,1,1,0,1,45.0,0.0
1543.2606015,3,2,1,0,3,49.0,22.615
1543.268987,1,2,1,0,3,49.0,15.12
1543.280162,5,2,3,0,23,52.0,104.505
1543.283427,5,3,9,0,17,54.0,187.295
1543.283453,1,3,1,0,4,48.0,15.24
1543.2853835,6,2,2,0,10,47.0,28.819
1543.2886565,6,1,7,0,21,57.0,155.163
1543.288657,1,2,5,0,25,50.0,53.775
1543.288665,5,2,4,1,76,52.0,190.466
1543.2915015,6,2,1,0,3,50.0,20.923
1543.3025915,6,1,1,0,1,45.0,0.0
1543.328396,1,1,4,0,38,53.0,155.914
1543.3284175,6,1,2,0,4,48.0,12.549
1543.328445,5,1,1,0,1,45.0,0.0
1543.3397505,3,1,1,0,1,45.0,0.0
1543.370198,1,3,3,0,9,58.0,193.941
1543.3718395,6,1,1,0,1,45.0,0.0
1543.371865,5,2,2,0,2,46.0,3.903
1543.3888065,6,2,1,0,2,47.0,5.377
1543.9428565,6,2,2,0,3,51.0,16.871
1543.9629235,3,1,1,0,1,45.0,0.0
1543.9977845,6,1,1,0,4,50.0,18.106
1544.0043745,6,2,2,0,3,47.0,16.257
1544.0125565,6,1,1,0,1,46.0,0.0
1544.0149105,3,1,1,0,5,49.0,18.304
1544.014928,5,1,4,0,14,47.0,40.913
1544.014931,1,1,2,0,1,47.0,0.0
1544.0149465,6,1,3,0,8,50.0,21.227
1544.0183965,6,2,2,0,17,50.0,49.063
1544.0229395,6,2,2,0,2,46.0,18.707
1544.0442645,6,1,2,0,4,47.0,11.01
1544.061637,1,2,2,0,12,49.0,42.45
1544.0658595,6,1,1,0,4,50.0,21.125
1544.072796,5,3,4,0,16,49.0,94.56
1544.0748335,3,1,2,0,9,50.0,35.562
1544.0748395,6,1,3,0,17,50.0,50.287
1544.074858,2,1,1,0,1,51.0,0.0
1544.09289,5,2,1,0,3,50.0,13.985
1544.1021495,6,1,1,0,1,46.0,0.0
1544.1174355,3,1,1,0,1,45.0,0.0
1544.1214905,3,1,1,0,4,46.0,11.945
1544.138617,5,1,1,0,1,47.0,0.0
1544.1878905,3,1,1,0,1,45.0,0.0
1544.191105,1,1,1,0,1,45.0,0.0
1544.20012,2,1,1,0,1,50.0,0.0
1544.200153,1,1,1,0,1,47.0,0.0
1544.2075635,6,2,2,0,17,49.0,56.857
1544.227147,1,1,1,0,1,45.0,0.0
1544.244867,5,2,3,0,9,49.0,49.18
1544.259574,1,2,1,0,3,47.0,14.964
1544.2595955,6,1,3,0,5,48.0,13.481
1544.267475,1,11,7,1,48,50.0,139.03
1544.2674765,6,7,4,0,15,51.0,65.951
1544.2689295,6,1,1,0,12,46.0,17.889
1544.2856335,3,1,1,0,1,45.0,0.0
1544.324073,5,2,3,1,65,51.0,142.922
1544.324137,1,2,1,0,2,45.0,4.025
1544.330639,1,2,2,0,33,47.0,62.423
1544.3321035,6,2,1,0,5,47.0,13.944
1544.3406685,6,1,2,0,17,50.0,40.911
1544.3684925,3,1,1,0,1,45.0,0.0
1544.370998,5,5,3,0,11,51.0,66.439
1544.402215,5,1,1,0,1,47.0,0.0
1544.4342845,6,1,2,0,4,46.0,8.467
1544.443879,1,1,3,0,1,49.0,0.0
1544.4527925,3,1,1,0,1,45.0,0.0
1544.468282,5,2,2,0,3,51.0,18.557
1544.468966,1,1,1,0,1,46.0,0.0
1544.4792825,6,1,4,0,46,51.0,93.291
1544.479298,2,1,2,0,6,51.0,42.28
1544.4833915,6,3,14,7,112,70.0,9373.0
1544.543087,5,3,2,0,4,49.0,22.328
1544.5437135,6,2,1,0,2,45.0,4.179
1544.580941,1,2,1,0,3,49.0,12.759
1544.5818285,6,1,1,0,4,51.0,25.859
1544.6126595,6,3,28,18,210,80.0,49173.0
1544.6350445,6,1,2,0,1,48.0,0.0
1544.6389235,6,2,4,0,11,51.0,56.313
1544.6497625,6,1,2,0,1,48.0,0.0
1544.662204,5,1,1,0,1,48.0,0.0
1544.6669185,6,1,2,0,1,48.0,0.0
1544.678162,5,2,4,0,2,48.0,6.414
1544.6781665,6,16,5,0,29,50.0,97.168
1544.705963,5,1,1,0,1,45.0,0.0
1544.7074095,6,2,2,0,13,49.0,30.001
1544.731367,5,2,1,0,5,46.0,20.949
1544.731368,1,1,1,0,1,45.0,0.0
1544.7992005,6,1,1,0,1,45.0,0.0
1544.822841,1,2,1,0,2,45.0,16.655
1544.8494655,6,1,1,0,1,45.0,0.0
1544.8543045,6,1,1,0,1,48.0,0.0
1544.868096,5,2,2,0,2,49.0,3.695
1544.871415,1,1,9,0,13,49.0,32.17
1544.8714235,3,1,3,0,1,48.0,0.0
1544.8762955,6,2,1,0,4,47.0,13.675
1544.8789945,6,1,2,0,4,48.0,15.425
1544.9028075,6,1,2,0,5,47.0,12.209
1544.9517485,3,1,2,0,1,45.0,0.0
1544.975923,4,1,1,0,1,47.0,0.0
1545.0033295,6,2,6,2,35,69.0,2020.0
1545.00338,5,2,2,0,3,48.0,11.744
1545.033418,5,1,1,0,1,46.0,0.0
1545.0415115,3,1,2,0,8,48.0,23.546
1545.0415235,6,1,2,0,7,50.0,30.775
1545.0844975,6,1,1,0,1,45.0,0.0
1545.1163585,6,2,2,0,4,47.0,19.003
1545.179144,5,31,8,0,32,50.0,83.3
1545.2400675,6,1,1,0,1,45.0,0.0
1545.247571,5,1,1,0,1,45.0,0.0
1545.2771675,6,1,1,0,1,45.0,0.0
1545.3135165,3,1,2,0,1,46.0,0.0
1545.324364,1,1,6,0,16,50.0,79.28
1545.3243775,6,1,2,0,1,48.0,0.0
1545.327953,5,1,1,0,1,45.0,0.0
1545.385267,5,2,4,0,2,49.0,5.52
1545.392524,5,1,2,0,10,46.0,27.813
1545.4059955,6,1,2,0,1,50.0,0.0
1545.46354,5,3,4,0,6,51.0,43.801
1545.476719,5,1,6,0,6,53.0,42.466
1545.4767425,6,2,3,1,174,54.0,115.301
1545.491873,1,1,31,9,295,63.0,2655.0
1545.491875,2,8,23,9,157,62.0,3899.0
1545.4918765,3,11,27,9,245,63.0,3512.0
1545.491883,5,31,30,6,235,57.0,1298.0
1545.4918885,6,54,28,9,286,58.0,2504.0
1545.540487,1,1,1,0,1,46.0,0.0
1545.540492,5,1,5,0,4,47.0,12.924
1545.5416755,6,2,9,3,24,64.0,2400.0
1545.5438045,6,2,2,0,3,50.0,8.298
1545.5668995,6,2,1,0,2,45.0,7.374
1545.587623,2,5,23,8,178,61.0,2727.0
1545.587624,1,1,24,6,238,61.0,1594.0
1545.5876245,3,7,23,7,188,61.0,2269.0
1545.587635,5,1,25,5,228,56.0,847.828
1545.5876365,6,1,26,6,172,56.0,1561.0
1545.590789,1,10,8,1,47,58.0,521.626
1545.5908145,6,1,3,0,11,50.0,56.024
1545.5908165,3,1,2,0,1,47.0,0.0
1545.590818,5,1,6,0,21,50.0,69.049
1545.600028,1,1,2,0,1,47.0,0.0
1545.619322,5,1,3,0,31,55.0,145.488
1545.6193465,6,1,3,0,20,51.0,79.658
1545.6193545,3,1,2,0,8,47.0,18.356
1545.6316145,6,1,1,0,1,46.0,0.0
1545.646743,5,1,1,0,1,53.0,0.0
1545.6497105,6,1,1,0,1,45.0,0.0
1545.683365,1,9,30,9,292,64.0,2648.0
1545.6833685,3,7,28,9,189,64.0,3487.0
1545.68337,2,2,26,9,154,62.0,3687.0
1545.683375,5,31,32,6,232,57.0,1284.0
1545.6833805,6,33,29,9,286,58.0,2500.0
1545.696647,1,2,1,0,2,50.0,14.957
1545.7104115,6,2,2,0,2,49.0,4.4
1545.7127355,6,1,3,0,5,49.0,14.895
1545.712753,1,1,3,0,4,48.0,10.843
1545.712771,5,2,1,0,3,49.0,11.986
1545.7158725,6,1,1,0,1,47.0,0.0
1545.7351835,6,1,2,0,1,45.0,0.0
1545.7464565,6,3,4,1,25,63.0,545.959
1545.7567485,6,4,3,0,14,59.0,187.929
1545.7697005,6,1,3,0,11,50.0,50.586
1545.782698,5,2,3,0,6,51.0,31.284
1545.7827055,6,4,2,0,5,50.0,18.372
1545.798095,1,1,1,0,1,45.0,0.0
1545.8428545,6,2,2,0,3,50.0,23.896
1545.873645,1,2,8,2,47,63.0,961.242
1545.923741,5,1,9,0,16,52.0,74.615
1545.9237505,6,1,8,0,15,52.0,57.982
1545.927957,5,2,10,1,56,53.0,223.358
1545.9279685,3,1,5,0,47,53.0,131.493
1545.9279795,6,1,7,1,35,56.0,236.939
1545.927982,2,1,5,0,1,54.0,0.0
1545.927996,1,2,5,1,96,52.0,142.364
1545.971336,5,3,36,12,211,65.0,5782.0
1545.971344,1,2,35,10,280,63.0,3218.0
1545.9713465,6,14,29,12,261,64.0,5219.0
1545.971347,2,16,23,11,182,65.0,4957.0
1545.9713475,3,62,20,5,168,62.0,1293.0
1545.97135,4,44,5,1,45,52.0,236.288
1545.987747,5,1,1,0,1,50.0,0.0
1545.9907635,6,2,1,0,2,45.0,7.837
1546.0048945,6,1,1,0,1,45.0,0.0
1546.0207115,6,2,4,0,17,58.0,257.455
1546.020732,1,1,4,0,28,47.0,57.837
1546.0207555,3,1,1,0,1,45.0,0.0
1546.021423,1,3,5,1,36,62.0,586.287
1546.025131,1,1,1,0,1,45.0,0.0
1546.0291505,6,1,1,0,1,45.0,0.0
1546.035931,5,2,3,0,3,54.0,33.61
1546.0359555,6,1,2,0,7,48.0,15.83
1546.058019,5,2,1,0,2,45.0,3.213
1546.0950975,6,1,3,0,30,50.0,61.237
1546.095099,5,2,1,0,3,50.0,15.981
1546.095106,1,1,2,0,1,47.0,0.0
1546.095116,2,1,1,0,1,52.0,0.0
1546.0973065,6,1,1,0,1,45.0,0.0
1546.107828,1,8,20,4,131,59.0,989.047
1546.1078345,6,6,15,4,126,65.0,1956.0
1546.1078425,3,3,8,1,99,52.0,246.189
1546.107845,5,2,11,1,54,54.0,327.34
1546.107856,2,14,5,0,16,54.0,133.059
1546.1179455,6,1,3,0,53,48.0,59.737
1546.117972,5,1,1,0,1,46.0,0.0
1546.1189235,6,1,1,0,1,45.0,0.0
1546.1263765,6,1,1,0,1,45.0,0.0
1546.145484,1,2,5,1,48,60.0,327.331
1546.1566665,3,1,1,0,1,45.0,0.0
1546.1618425,3,1,2,0,1,45.0,0.0
1546.161855,1,2,3,0,3,49.0,12.669
1546.1618615,6,1,2,0,1,46.0,0.0
1546.1662465,6,1,1,0,4,48.0,12.193
1546.1807355,3,1,3,0,9,53.0,76.24
1546.180737,5,1,4,0,48,49.0,110.208
1546.1807525,6,1,4,0,39,49.0,71.182
1546.180765,1,1,5,0,49,53.0,99.172
1546.202006,5,4,7,1,40,54.0,310.466
1546.205799,5,2,2,0,3,54.0,37.71
1546.255612,1,1,1,0,1,45.0,0.0
1546.292163,5,2,4,0,25,50.0,38.339
1546.2921665,6,1,4,0,45,49.0,70.671
1546.29217,1,1,3,0,24,48.0,40.792
1546.2922135,3,1,1,0,1,45.0,0.0
1546.3008945,6,1,1,0,1,45.0,0.0
1546.310975,1,1,2,0,1,48.0,0.0
1546.315864,1,1,4,0,11,52.0,82.927
1546.326189,5,1,2,0,1,48.0,0.0
1546.3407085,6,6,7,1,38,59.0,403.777
1546.34072,1,1,1,0,1,46.0,0.0
1546.340727,5,2,6,0,5,51.0,15.355
1546.3407425,3,1,2,0,5,52.0,28.613
1546.344365,1,1,2,0,15,47.0,20.55
1546.35018,1,1,1,0,1,45.0,0.0
1546.3524605,6,1,1,0,1,45.0,0.0
1546.358767,1,2,2,0,3,56.0,82.915
1546.3919315,6,1,2,0,7,52.0,38.521
1546.40478,1,2,1,0,7,51.0,39.771
1546.428565,1,4,3,0,8,49.0,36.38
1546.4285905,6,7,2,0,14,56.0,100.803
1546.428615,5,7,4,0,12,51.0,92.862
1546.4392005,6,1,13,2,86,52.0,283.675
1546.439205,5,4,10,1,61,55.0,400.498
1546.439212,1,1,10,1,91,52.0,216.862
1546.4420005,6,1,1,0,1,45.0,0.0
1547.002262,5,3,5,0,4,49.0,31.796
1547.019389,5,2,5,0,2,49.0,5.81
1547.019412,2,1,1,0,1,50.0,0.0
1547.0281755,6,1,1,0,1,45.0,0.0
1547.051145,5,2,2,0,6,47.0,30.101
1547.077298,1,1,1,0,1,47.0,0.0
1547.0783985,6,1,2,0,21,49.0,39.898
1547.091296,1,1,2,0,1,48.0,0.0
1547.092178,5,2,2,0,3,50.0,23.671
1547.0996595,6,1,1,0,6,50.0,18.178
1547.103111,5,1,1,0,1,45.0,0.0
1547.109045,5,1,1,0,1,50.0,0.0
1547.16787,1,1,1,0,1,45.0,0.0
1547.185513,5,1,5,0,7,50.0,27.575
1547.185568,1,1,1,0,1,49.0,0.0
1547.191007,5,1,1,0,1,45.0,0.0
1547.2130235,3,1,1,0,18,50.0,24.523
1547.213078,1,1,1,0,1,45.0,0.0
1547.2142155,6,1,1,0,1,46.0,0.0
1547.225657,1,2,1,0,2,45.0,3.55
1547.23381,5,2,1,0,2,46.0,4.927
1547.252719,1,2,3,0,5,51.0,45.5
1547.303265,4,1,1,0,1,49.0,0.0
1547.3049035,6,1,1,0,1,45.0,0.0
1547.3122365,6,1,3,0,1,50.0,0.0
1547.3574215,3,1,4,0,62,50.0,77.953
1547.3631805,6,1,1,0,1,48.0,0.0
1547.3926035,6,2,2,0,5,49.0,19.693
1547.3998505,6,1,1,0,4,49.0,15.105
1547.470432,5,2,1,0,2,45.0,5.484
1547.4928055,3,1,2,0,4,49.0,14.876
1547.5286935,3,1,2,0,1,46.0,0.0
1547.528702,5,11,4,0,18,51.0,96.644
1547.5287155,6,1,3,0,15,48.0,29.088
1547.542658,5,2,1,0,2,45.0,3.324
1547.559205,5,5,4,0,15,49.0,60.28
1547.5613545,6,9,3,0,12,50.0,48.302
1547.561362,1,1,1,0,1,46.0,0.0
1547.5683155,6,1,1,0,1,45.0,0.0
1547.5737865,3,2,2,0,3,49.0,12.849
1547.5738,5,3,6,1,89,50.0,167.293
1547.5776045,6,1,2,0,15,51.0,72.257
1547.597076,1,1,1,0,1,45.0,0.0
1547.6137475,3,2,2,0,5,51.0,31.929
1547.613749,1,1,4,0,16,51.0,54.413
1547.6137895,6,1,3,0,1,49.0,0.0
1547.6397545,6,3,27,10,185,73.0,10107.0
1547.6518305,6,1,1,0,1,46.0,0.0
1547.6621785,6,1,1,0,1,45.0,0.0
1547.6726585,6,1,2,0,1,47.0,0.0
1547.679678,1,1,1,0,1,46.0,0.0
1547.6839365,3,8,4,0,21,51.0,95.273
1547.6876585,3,1,2,0,5,50.0,20.538
1547.687752,1,1,1,0,1,45.0,0.0
1547.6908555,6,1,2,0,25,49.0,36.075
1547.6926205,6,2,1,0,2,47.0,4.055
1547.7114555,3,1,1,0,1,45.0,0.0
1547.711463,5,2,4,0,3,51.0,7.249
1547.7114875,6,1,2,0,1,46.0,0.0
1547.729022,1,2,1,0,2,50.0,7.499
1547.755233,1,1,1,0,1,49.0,0.0
1547.7618145,3,1,1,0,1,45.0,0.0
1547.7643865,6,1,1,0,1,45.0,0.0
1547.7652625,3,2,1,0,2,45.0,3.933
1547.768869,1,1,1,0,1,45.0,0.0
1547.774406,1,2,1,0,3,46.0,8.096
1547.8456905,6,1,1,0,1,47.0,0.0
1547.8551905,6,1,2,0,4,48.0,14.313
1547.8723945,6,1,1,0,1,49.0,0.0
1547.875676,1,1,4,0,1,50.0,0.0
1547.909822,5,1,2,0,1,46.0,0.0
1547.9286265,6,2,1,0,5,48.0,15.783
1547.949857,1,1,2,0,1,47.0,0.0
1547.950948,1,1,1,0,1,45.0,0.0
1547.9589285,6,1,5,0,1,50.0,0.0
1547.9589775,3,1,1,0,1,45.0,0.0
1547.9717935,6,1,2,0,18,46.0,20.6
1547.97933,5,1,3,0,1,48.0,0.0
1547.979766,1,1,3,0,7,50.0,26.902
1547.9845925,6,1,1,0,1,45.0,0.0
1547.9935255,6,1,1,0,1,45.0,0.0
1548.0022445,6,2,1,0,2,47.0,15.977
1548.011972,1,1,5,0,65,49.0,81.984
1548.0119845,3,1,4,0,23,50.0,77.979
1548.01199,5,1,2,0,26,48.0,41.894
1548.0215415,6,1,3,0,1,48.0,0.0
1548.05232,5,2,1,0,2,45.0,3.933
1548.067266,5,1,2,0,1,47.0,0.0
1548.0672795,6,1,1,0,1,45.0,0.0
1548.0804285,6,1,2,0,7,51.0,37.315
1548.097379,5,1,1,0,1,45.0,0.0
1548.097438,1,1,1,0,1,45.0,0.0
1548.1353775,3,1,1,0,1,45.0,0.0
1548.145578,5,17,6,0,22,51.0,126.3
1548.1456005,6,2,1,0,3,48.0,13.917
1548.178949,1,28,7,1,47,51.0,159.316
1548.184221,4,1,2,0,1,48.0,0.0
1548.1854785,6,3,2,0,5,48.0,27.711
1548.1896975,3,1,4,1,163,48.0,86.54
1548.190732,1,1,1,0,1,45.0,0.0
1548.2295995,6,2,2,0,4,47.0,21.54
1548.238005,1,1,1,0,1,49.0,0.0
1548.2380285,3,1,1,0,1,45.0,0.0
1548.257526,1,2,9,4,67,70.0,4481.0
1548.2722835,3,1,2,0,8,48.0,23.528
1548.2722955,6,1,3,0,18,51.0,61.464
1548.310458,1,1,2,0,21,46.0,18.912
1548.3352435,6,1,1,0,1,45.0,0.0
1548.336515,4,2,3,1,65,51.0,145.633
1548.3693945,6,2,1,0,2,45.0,28.757
1548.3835365,6,1,1,0,1,49.0,0.0
1548.386215,5,2,1,0,2,46.0,5.52
1548.3958505,6,1,3,0,6,48.0,16.64
1548.4063745,3,2,2,0,5,49.0,14.875
1548.406389,5,2,7,0,5,49.0,15.481
1548.4064175,6,1,4,0,25,51.0,47.918
1548.4080605,6,1,2,0,4,51.0,18.099
1548.408062,1,1,2,0,1,46.0,0.0
1548.415237,1,1,1,0,1,45.0,0.0
1548.415256,5,1,1,0,1,47.0,0.0
1548.4268455,6,1,1,0,1,45.0,0.0
1548.4394325,6,2,2,0,2,47.0,7.169
1548.442629,1,1,1,0,1,45.0,0.0
1548.4426425,6,1,2,0,1,48.0,0.0
1548.4426515,3,1,1,0,1,45.0,0.0
1548.4587225,6,1,1,0,1,48.0,0.0
1548.4741775,6,1,1,0,1,46.0,0.0
1548.4777795,3,1,5,1,71,48.0,106.388
1548.503856,1,2,4,0,14,56.0,211.92
1548.515552,2,1,1,0,1,50.0,0.0
1548.515555,5,2,4,0,5,51.0,22.41
1548.5253845,6,1,3,0,35,48.0,57.417
1548.525386,1,1,1,0,1,45.0,0.0
1548.5262895,6,2,4,0,3,50.0,15.082
1548.526294,1,1,3,0,1,51.0,0.0
1548.5262945,3,1,1,0,1,45.0,0.0
1548.526313,5,1,3,0,1,50.0,0.0
1548.532221,5,2,7,1,66,50.0,160.364
1548.5322305,6,1,2,0,7,54.0,45.276
1548.532262,2,1,2,0,1,52.0,0.0
1548.532277,1,1,3,0,1,48.0,0.0
1548.544962,5,4,9,2,58,59.0,611.746
1548.5449925,6,1,2,0,1,53.0,0.0
1548.5568415,6,2,2,0,2,47.0,4.562
1548.565818,1,5,30,8,291,63.0,2741.0
1548.56582,2,2,29,12,221,62.0,4313.0
1548.5658215,3,3,25,9,192,63.0,3569.0
1548.565832,5,27,28,6,232,58.0,1153.0
1548.5658325,6,99,34,10,273,58.0,2815.0
1548.57472,5,2,9,2,31,66.0,1963.0
1548.5808115,6,1,2,0,4,52.0,25.684
1548.588021,5,2,1,0,17,52.0,66.311
1548.5908665,6,1,5,0,41,52.0,111.415
1548.590869,1,1,3,0,26,50.0,54.581
1548.5908835,3,1,2,0,13,46.0,22.531
1548.59091,2,1,1,0,1,51.0,0.0
1548.592084,5,2,2,0,2,52.0,22.584
1548.5921055,6,1,2,0,1,50.0,0.0
1548.6123415,6,1,2,0,1,45.0,0.0
1548.616768,1,1,1,0,1,45.0,0.0
1548.6235185,6,1,1,0,1,47.0,0.0
1548.6384695,6,2,5,0,18,51.0,94.228
1548.638488,5,1,3,0,6,50.0,31.082
1548.638543,1,1,2,0,1,46.0,0.0
1548.6504175,6,2,4,0,4,59.0,117.339
1548.6569365,6,1,1,0,4,47.0,10.302
1548.660796,5,1,2,0,5,59.0,151.541
1548.661574,1,6,24,6,222,62.0,1657.0
1548.6615755,3,10,23,7,185,62.0,2265.0
1548.661576,2,9,24,9,221,60.0,2745.0
1548.661588,5,27,20,3,148,55.0,639.092
1548.6615905,6,94,29,7,240,57.0,1796.0
1548.6681735,3,3,4,0,5,52.0,40.974
1548.668187,1,4,8,2,90,57.0,346.076
1548.668188,5,42,15,2,78,53.0,368.985
1548.668204,2,6,3,0,7,56.0,162.769
1548.6682145,6,5,3,0,23,49.0,52.443
1548.672824,5,2,1,0,2,46.0,4.432
1548.6898725,6,1,1,0,1,48.0,0.0
1548.691861,5,3,2,0,6,53.0,67.763
1548.7086175,3,1,2,0,4,50.0,18.978
1548.708626,5,5,5,0,18,51.0,108.375
1548.708627,1,2,1,0,2,51.0,4.961
1548.7086425,6,1,1,0,1,45.0,0.0
1548.727444,5,2,2,0,19,52.0,95.333
1548.7286255,6,1,2,0,4,46.0,9.401
1548.729456,5,2,3,0,5,48.0,26.437
1548.73252,5,8,34,24,193,76.0,44718.0
1548.732535,1,30,27,7,154,60.0,2216.0
1548.732538,4,1,2,0,38,51.0,90.653
1548.7325395,6,10,28,9,186,69.0,5311.0
1548.7325435,3,5,20,5,202,59.0,1249.0
1548.732557,2,1,16,5,95,60.0,1882.0
1548.746553,5,2,4,0,5,57.0,113.185
1548.7465625,3,3,2,0,8,52.0,56.594
1548.748994,1,2,1,0,2,45.0,4.025
1548.750446,1,1,3,0,1,50.0,0.0
1548.7504525,6,1,3,0,1,51.0,0.0
1548.750461,5,2,1,0,3,49.0,10.762
1548.7504645,3,1,1,0,1,45.0,0.0
1548.756648,5,1,1,0,1,45.0,0.0
1548.757431,1,6,29,8,236,64.0,2602.0
1548.7574315,3,7,25,9,192,64.0,3607.0
1548.757433,2,2,28,12,224,62.0,4256.0
1548.757442,5,27,29,5,157,57.0,1034.0
1548.7574435,6,98,32,10,247,59.0,2741.0
1548.770156,5,6,10,3,59,62.0,1475.0
1548.7701755,6,1,8,1,33,56.0,401.765
1548.770185,1,1,5,0,6,51.0,30.406
1548.7701895,3,1,1,0,1,45.0,0.0
1548.803071,5,4,2,0,17,58.0,306.173
1548.809697,5,2,8,1,32,53.0,194.356
1548.8143685,3,1,1,0,4,49.0,16.148
1548.819024,1,2,4,0,15,51.0,91.624
1548.8300295,6,7,3,0,9,54.0,66.67
1548.8390015,6,1,2,0,1,50.0,0.0
1548.8404885,6,1,1,0,1,45.0,0.0
1548.841063,1,1,1,0,1,46.0,0.0
1548.8437715,6,3,2,0,11,52.0,80.214
1548.8749235,3,1,1,0,1,45.0,0.0
1548.8759435,6,2,3,0,14,56.0,124.176
1548.881364,5,16,17,3,92,59.0,908.626
1548.8813855,6,3,9,2,47,63.0,814.086
1548.8814155,3,1,2,0,4,48.0,9.924
1548.891299,5,4,17,7,179,66.0,3035.0
1548.8913045,6,25,16,4,152,60.0,1122.0
1548.8913065,3,3,8,2,83,59.0,528.675
1548.891307,1,1,18,4,147,56.0,834.316
1548.891322,4,1,2,0,10,51.0,52.762
1548.891348,2,1,10,2,48,59.0,723.31
1548.907877,5,1,2,0,5,47.0,18.647
1548.910912,5,1,2,0,1,46.0,0.0
1548.915542,5,2,2,0,3,47.0,13.052
1548.9197405,6,1,1,0,1,45.0,0.0
1548.9210845,6,1,1,0,1,45.0,0.0
1548.9232245,6,2,5,1,23,65.0,1257.0
1548.933473,2,2,4,0,17,57.0,232.583
1548.9334765,3,3,3,0,5,56.0,76.267
1548.933513,5,2,1,0,4,47.0,19.862
1548.9335195,6,1,3,0,4,47.0,10.473
1548.933563,1,1,1,0,1,45.0,0.0
1548.9504405,6,2,2,0,10,50.0,31.644
1548.954141,1,4,6,1,40,61.0,596.84
1548.9954195,6,2,6,2,24,65.0,1567.0
1549.05262,1,2,2,0,2,48.0,14.315
1549.0546915,6,2,1,0,3,48.0,13.944
1549.069035,5,2,2,0,3,53.0,33.506
1549.0757025,6,1,2,0,8,51.0,48.35
1549.079638,1,2,1,0,3,48.0,11.131
1549.0818525,6,1,2,0,5,53.0,44.026
1549.101778,5,52,21,5,157,58.0,1430.0
1549.101786,1,17,26,6,151,60.0,1509.0
1549.1017865,3,5,11,3,128,60.0,822.36
1549.1017975,6,3,16,6,161,62.0,1773.0
1549.101805,2,16,20,7,120,61.0,2642.0
1549.1085655,3,1,1,0,1,45.0,0.0
1549.108575,2,1,2,0,1,54.0,0.0
1549.108578,1,2,4,0,3,48.0,11.899
1549.1563265,6,1,1,0,1,45.0,0.0
1549.156858,5,3,4,0,4,51.0,38.23
1549.1571425,6,1,1,0,1,45.0,0.0
1549.1591185,6,1,2,0,4,51.0,21.075
1549.1616235,6,4,3,0,5,53.0,52.104
1549.1639175,6,2,1,0,2,45.0,3.241
1549.164682,1,1,1,0,1,45.0,0.0
1549.164685,5,1,2,0,1,49.0,0.0
1549.1646925,6,1,1,0,1,47.0,0.0
1549.168096,5,6,2,0,8,52.0,31.244
1549.1681145,6,6,5,0,26,54.0,108.337
1549.1720265,6,1,1,0,1,45.0,0.0
1549.2087735,6,2,2,0,4,56.0,69.7
1549.212822,5,2,2,0,3,53.0,40.354
1549.2128435,6,1,2,0,1,47.0,0.0
1549.214527,5,1,11,2,89,54.0,277.15
1549.2145445,6,4,6,1,20,59.0,405.566
1549.224397,5,1,3,0,6,54.0,42.386
1549.2244285,6,1,1,0,1,45.0,0.0
1549.2265365,3,1,3,1,161,55.0,132.219
1549.226546,2,1,2,0,6,55.0,90.017
1549.2265855,6,1,1,0,1,46.0,0.0
1549.2275345,6,1,1,0,1,45.0,0.0
1549.2285515,6,1,1,0,1,45.0,0.0
1549.251302,5,3,2,0,4,51.0,18.46
1549.2513215,6,1,4,0,24,53.0,115.718
1549.263373,5,19,8,1,46,55.0,392.916
1549.2633935,6,4,6,1,21,60.0,461.775
1549.26344,1,1,2,0,8,48.0,24.806
1549.284432,1,2,4,0,40,54.0,146.131
1549.298017,5,1,8,1,39,54.0,242.409
1549.2980255,6,3,5,1,44,54.0,209.964
1549.3155875,6,2,1,0,3,48.0,16.483
1549.32539,1,2,1,0,3,46.0,8.929
1549.3265865,6,1,2,0,1,48.0,0.0
1549.331319,1,3,2,0,8,53.0,101.054
1549.345506,5,7,4,0,18,52.0,100.473
1549.358708,5,1,1,0,1,46.0,0.0
1549.3587495,6,1,1,0,1,45.0,0.0
1549.370027,5,1,6,0,4,51.0,15.144
1549.381348,5,4,6,1,46,59.0,516.141
1549.3813575,3,2,2,0,8,53.0,62.789
1549.3813875,6,1,1,0,1,45.0,0.0
1549.381416,1,1,2,0,1,47.0,0.0
1549.394698,1,2,3,0,17,51.0,92.609
1549.402354,5,42,9,3,125,56.0,584.943
1549.4023585,3,7,5,2,83,61.0,578.006
1549.402364,2,31,7,1,32,58.0,477.727
1549.4023665,6,2,8,2,107,55.0,355.98
1549.402377,1,2,8,1,66,53.0,265.318
1549.411656,5,1,3,0,1,47.0,0.0
1549.4186185,6,1,1,0,1,46.0,0.0
1549.4273175,6,1,1,0,1,45.0,0.0
1549.4434285,6,1,2,0,4,50.0,15.966
1549.465309,5,2,5,0,16,48.0,77.302
1549.4653315,6,1,1,0,1,45.0,0.0
1549.4686445,6,1,3,0,1,46.0,0.0
1549.468649,5,2,6,0,32,50.0,136.015
1549.468653,1,2,1,0,5,48.0,16.683
1549.471124,5,1,4,0,21,52.0,122.316
1549.4711465,6,1,3,0,11,48.0,39.635
1549.4778505,6,1,4,1,67,53.0,143.878
1549.479556,1,2,1,0,2,47.0,6.222
1549.4802545,6,1,3,0,7,52.0,40.404
1549.491405,1,3,2,0,4,48.0,47.215
1549.492052,1,3,2,0,5,53.0,101.84
1549.4952055,6,3,6,1,33,65.0,947.027
1549.495234,5,1,3,0,66,48.0,91.045
1549.4952645,3,1,1,0,1,45.0,0.0
1549.497804,1,1,4,0,35,54.0,113.76
1549.503923,2,2,1,0,2,51.0,10.07
1549.503929,1,1,1,0,1,47.0,0.0
1549.508103,1,2,2,0,6,52.0,37.477
1549.522761,5,1,5,0,11,55.0,106.757
1549.5227675,6,3,3,0,16,56.0,102.187
1549.522804,1,1,2,0,1,48.0,0.0
1549.534994,1,4,9,2,44,63.0,1205.0
1549.56981,1,30,8,1,43,54.0,262.727
1549.5698365,6,1,2,0,4,50.0,17.732
1549.571488,5,3,7,0,23,54.0,241.925
1549.5715205,6,2,1,0,3,51.0,19.413
1549.572837,5,8,10,2,43,60.0,879.418
1549.5728575,6,14,4,0,17,53.0,176.972
1549.572863,1,1,3,0,41,48.0,48.216
1549.576975,1,7,9,2,62,61.0,818.572
1550.135079,1,1,3,0,28,48.0,27.568
1550.145909,1,1,2,0,4,45.0,9.261
1550.159481,1,2,2,0,2,49.0,14.957
1550.1674485,6,1,1,0,1,49.0,0.0
1550.1700875,3,1,2,0,8,45.0,14.592
1550.172829,5,1,2,0,35,49.0,57.209
1550.172856,1,1,4,0,1,48.0,0.0
1550.2087755,6,1,1,0,1,50.0,0.0
1550.21763,1,2,1,0,2,45.0,11.888
1550.2186435,6,2,1,0,2,50.0,25.269
1550.220966,1,2,3,0,58,48.0,89.684
1550.220975,5,10,5,0,27,51.0,112.065
1550.2209835,3,1,1,0,1,45.0,0.0
1550.2290985,6,1,1,0,1,47.0,0.0
1550.230554,1,1,2,0,1,47.0,0.0
1550.2305725,6,1,1,0,1,45.0,0.0
1550.2324465,3,1,2,0,5,49.0,19.267
1550.234641,5,1,7,0,21,50.0,63.527
1550.234644,1,1,6,0,51,51.0,106.76
1550.2346525,3,1,2,0,5,48.0,11.841
1550.2475645,6,1,1,0,1,46.0,0.0
1550.261575,5,1,2,0,29,48.0,36.998
1550.2615975,6,2,1,0,3,49.0,16.812
1550.2633725,6,1,3,0,6,49.0,16.262
1550.2668355,6,1,1,0,1,50.0,0.0
1550.273552,5,1,1,0,4,50.0,20.31
1550.2847095,6,2,2,0,5,49.0,36.23
1550.3030855,6,1,2,0,4,48.0,11.631
1550.3062455,6,1,1,0,1,45.0,0.0
1550.3089045,3,1,2,0,11,46.0,14.905
1550.3125345,6,1,1,0,1,46.0,0.0
1550.319121,5,2,1,0,3,47.0,21.264
1550.3191375,6,1,3,0,1,46.0,0.0
1550.3227815,6,1,1,0,1,45.0,0.0
1550.3237565,6,1,2,0,1,49.0,0.0
1550.3555015,6,1,2,0,4,50.0,18.649
1550.35695,1,1,2,0,1,48.0,0.0
1550.371871,5,3,1,0,4,49.0,23.673
1550.386627,1,1,1,0,1,45.0,0.0
1550.3972265,6,1,1,0,1,45.0,0.0
1550.403815,5,1,1,0,1,45.0,0.0
1550.4038325,3,1,1,0,1,46.0,0.0
1550.4038435,6,1,1,0,1,45.0,0.0
1550.4095055,6,1,1,0,1,46.0,0.0
1550.4188375,6,1,4,0,23,49.0,38.903
1550.41884,5,8,6,0,15,50.0,109.015
1550.43261,5,2,1,0,3,46.0,17.051
1550.4326375,6,1,1,0,1,45.0,0.0
1550.442265,1,2,37,24,253,81.0,61199.0
1550.4480615,6,2,1,0,3,46.0,9.72
1550.4486015,6,8,3,0,15,49.0,85.836
1550.449523,5,3,2,0,14,51.0,78.105
1550.463556,1,2,1,0,2,45.0,9.686
1550.4776575,3,1,2,0,1,50.0,0.0
1550.47769,1,1,9,2,95,51.0,267.486
1550.478561,5,1,4,0,1,50.0,0.0
1550.5065465,6,1,1,0,1,47.0,0.0
1550.508926,1,1,1,0,1,47.0,0.0
1550.518912,5,1,3,0,1,47.0,0.0
1550.522044,5,1,1,0,1,47.0,0.0
1550.5228045,6,1,3,0,4,50.0,20.583
1550.5265805,6,1,1,0,1,46.0,0.0
1550.5419335,3,1,1,0,4,47.0,10.287
1550.541943,2,1,1,0,1,50.0,0.0
1550.5454415,6,1,1,0,1,46.0,0.0
1550.546349,5,1,4,0,23,49.0,49.976
1550.5549465,3,1,4,0,15,49.0,35.255
1550.554959,1,1,2,0,1,47.0,0.0
1550.5725785,3,1,1,0,1,45.0,0.0
1550.594218,5,2,3,0,3,51.0,15.558
1550.5942415,6,1,1,0,1,47.0,0.0
1550.6060575,6,1,2,0,1,47.0,0.0
1550.6075305,6,2,3,0,3,51.0,17.309
1550.6276,5,1,1,0,1,45.0,0.0
1550.633225,1,1,1,0,1,48.0,0.0
1550.633248,5,2,2,0,2,46.0,3.665
1550.6334535,6,1,1,0,1,45.0,0.0
1550.63688,5,1,1,0,1,50.0,0.0
1550.6411195,3,1,2,0,5,50.0,17.838
1550.652469,5,2,2,0,2,47.0,5.098
1550.671593,1,2,2,0,2,46.0,8.226
1550.6811915,3,1,1,0,1,45.0,0.0
1550.682163,5,2,2,0,2,45.0,7.667
1550.6821815,6,1,2,0,1,48.0,0.0
1550.6854655,6,1,1,0,8,46.0,16.872
1550.700135,1,1,1,0,1,45.0,0.0
1550.701311,1,1,1,0,1,50.0,0.0
1550.702107,5,12,52,45,480,78.0,77645.0
1550.7021185,6,24,42,25,323,73.0,30797.0
1550.702123,2,33,39,27,257,72.0,25775.0
1550.7037885,6,2,1,0,2,45.0,4.305
1550.72148,5,1,3,0,1,49.0,0.0
1550.73669,5,3,4,0,13,51.0,103.514
1550.7389615,6,2,2,0,3,47.0,9.977
1550.740448,5,3,3,0,4,49.0,18.294
1550.740531,1,41,3,0,42,49.0,59.267
1550.7411465,6,1,1,0,1,50.0,0.0
1550.7448765,6,2,1,0,3,47.0,15.835
1550.74589,5,2,2,0,14,50.0,57.846
1550.757923,5,1,1,0,1,46.0,0.0
1550.764203,5,2,4,0,2,49.0,7.541
1550.765332,5,2,3,0,3,49.0,23.25
1550.76779,5,15,90,54,767,75.0,45142.0
1550.7678065,6,18,76,30,672,72.0,16476.0
1550.767822,4,2,1,0,2,47.0,5.664
1550.7693925,3,1,4,0,50,51.0,113.818
1550.7738335,6,2,3,0,4,47.0,30.889
1550.777792,5,1,3,0,13,49.0,43.226
1550.7778115,6,1,2,0,1,47.0,0.0
1550.7824115,6,2,1,0,3,51.0,18.494
1550.7857725,6,1,1,0,1,48.0,0.0
1550.792379,1,22,7,0,24,51.0,78.033
1550.7923965,3,1,3,0,24,47.0,30.425
1550.7970755,3,1,1,0,5,49.0,16.49
1550.806625,1,1,6,0,1,48.0,0.0
1550.8066475,3,1,2,0,1,46.0,0.0
1550.8089055,6,9,4,0,13,51.0,121.543
1550.82893,5,1,2,0,1,51.0,0.0
1550.835558,1,1,5,0,4,51.0,21.299
1550.8355755,3,2,3,0,2,46.0,3.435
1550.841475,5,1,4,0,7,48.0,17.543
1550.8414775,6,1,1,0,1,48.0,0.0
1550.8434165,6,1,1,0,1,47.0,0.0
1550.847079,1,1,3,0,1,51.0,0.0
1550.8470825,3,1,3,0,12,47.0,20.672
1550.8525845,6,1,2,0,1,47.0,0.0
1550.8587245,6,1,2,0,9,47.0,23.295
1550.861024,5,2,2,0,2,47.0,4.025
1550.863593,1,1,5,0,16,48.0,20.19
1550.8636045,3,1,2,0,87,49.0,65.33
1550.8636235,6,1,7,0,51,50.0,94.234
1550.864835,5,1,5,0,5,51.0,7.39
1550.865209,1,3,2,0,5,50.0,25.572
1550.889396,5,1,1,0,1,46.0,0.0
1550.8917055,6,1,3,0,8,50.0,33.736
1550.891723,5,1,1,0,1,45.0,0.0
1550.900471,1,2,1,0,3,46.0,12.068
1550.910251,5,2,1,0,2,47.0,4.961
1550.9210415,6,2,2,0,12,46.0,25.58
1550.922206,1,1,1,0,1,45.0,0.0
1550.9222285,6,2,1,0,2,47.0,3.55
1550.932898,1,1,3,0,1,48.0,0.0
1550.936775,1,2,3,0,41,51.0,104.09
1550.9561995,6,1,1,0,1,45.0,0.0
1550.962638,1,2,3,0,3,50.0,10.93
1550.96267,5,1,1,0,1,46.0,0.0
1550.9651985,3,1,4,0,31,47.0,43.494
1550.9707385,6,1,1,0,1,46.0,0.0
1550.9846675,6,1,1,0,1,45.0,0.0
1551.0074375,3,1,1,0,74,46.0,41.235
1551.008976,5,3,4,0,5,49.0,24.138
1551.011238,1,1,1,0,1,45.0,0.0
1551.033885,1,1,3,0,1,50.0,0.0
1551.0445385,6,7,2,0,8,50.0,29.761
1551.05825,5,1,3,0,4,48.0,12.106
1551.0582845,6,1,2,0,30,47.0,26.415
1551.058286,1,1,3,0,36,47.0,62.643
1551.059596,1,2,1,0,2,46.0,9.263
1551.0807015,3,1,1,0,1,45.0,0.0
1551.098923,1,2,2,0,3,50.0,15.279
1551.098939,5,2,2,0,2,48.0,4.432
1551.0989835,6,1,2,0,1,46.0,0.0
1551.108118,1,2,1,0,3,51.0,17.702
1551.109353,5,2,1,0,2,45.0,4.562
1551.1103015,6,1,1,0,1,45.0,0.0
1551.1129015,6,1,1,0,1,47.0,0.0
1551.114254,5,1,1,0,1,50.0,0.0
1551.138562,1,1,1,0,4,50.0,16.479
1551.141689,5,2,1,0,2,48.0,3.665
1551.1588255,6,2,1,0,2,45.0,3.784
1551.159018,2,1,1,0,1,50.0,0.0
1551.1677695,6,1,1,0,1,49.0,0.0
1551.1756985,6,1,1,0,1,46.0,0.0
1551.185587,1,4,2,0,5,51.0,49.422
1551.1857855,6,1,1,0,1,45.0,0.0
1551.2022565,6,1,1,0,1,45.0,0.0
1551.2221,1,1,1,0,1,45.0,0.0
1551.225884,1,2,1,0,4,46.0,16.823
1551.252802,5,1,2,0,5,46.0,9.779
1551.2550015,6,1,2,0,1,48.0,0.0
1551.2572215,3,1,1,0,4,45.0,6.731
1551.2660505,6,2,3,0,17,49.0,52.961
1551.2929015,6,1,1,0,1,45.0,0.0
1551.2957865,6,1,1,0,1,45.0,0.0
1551.297583,5,4,4,0,5,48.0,20.276
1551.314706,5,1,1,0,1,45.0,0.0
1551.322173,5,3,3,0,7,49.0,35.817
1551.3344215,6,1,1,0,1,45.0,0.0
1551.3409365,6,1,2,0,1,45.0,0.0
1551.34441,1,1,1,0,1,45.0,0.0
1551.3444195,3,1,1,0,4,47.0,9.3
1551.3444245,6,1,1,0,1,45.0,0.0
1551.347989,5,1,3,0,15,51.0,66.038
1551.3643265,6,1,2,0,4,48.0,11.095
1551.385384,1,1,2,0,1,48.0,0.0
1551.3903305,6,1,1,0,1,46.0,0.0
1551.390597,5,1,3,0,16,50.0,53.919
1551.3984055,3,1,4,0,71,50.0,92.62
1551.398423,2,1,3,0,1,51.0,0.0
1551.4020485,3,1,4,0,24,51.0,79.155
1551.402051,1,1,4,1,79,48.0,87.247
1551.4261465,6,1,1,0,1,45.0,0.0
1551.433953,5,1,1,0,1,45.0,0.0
1551.458825,1,2,1,0,2,45.0,3.352
1551.4588305,6,1,5,0,1,49.0,0.0
1551.458836,5,1,2,0,8,47.0,14.178
1551.4698695,6,1,2,0,1,48.0,0.0
1551.4727485,3,1,1,0,5,50.0,21.381
1551.475328,5,2,3,0,2,48.0,4.179
1551.4805765,3,1,1,0,1,45.0,0.0
1551.4890165,6,1,2,0,21,50.0,67.961
1551.4949445,6,1,1,0,1,45.0,0.0
1551.501475,4,1,1,0,1,46.0,0.0
1551.511695,1,1,1,0,1,46.0,0.0
1551.5136395,6,1,1,0,1,45.0,0.0
1551.518503,1,1,4,0,1,47.0,0.0
1551.518521,5,2,4,0,2,48.0,12.099
1551.5185225,6,1,3,0,4,46.0,9.63
1551.5220835,6,1,2,0,86,50.0,61.113
1551.539205,5,2,1,0,2,45.0,4.961
1551.5454005,3,1,1,0,4,46.0,7.491
1551.5567345,3,1,6,1,90,51.0,146.845
1551.5603625,6,1,2,0,11,50.0,52.975
1551.5627565,3,1,1,0,4,49.0,13.281
1551.5630785,6,1,1,0,1,49.0,0.0
1551.566617,5,2,1,0,3,46.0,9.699
1551.5666355,6,2,1,0,3,50.0,16.156
1551.570954,5,2,2,0,16,49.0,33.731
1551.571699,1,1,1,0,1,46.0,0.0
1551.577993,5,2,1,0,2,45.0,3.352
1551.5901315,6,1,1,0,1,45.0,0.0
1551.6094925,3,2,1,0,2,45.0,9.639
1551.626636,5,2,4,0,3,49.0,11.568
1551.634758,5,2,4,0,19,53.0,107.53
1551.636903,1,8,29,9,213,64.0,3315.0
1551.6369065,3,10,26,9,192,64.0,3469.0
1551.636907,2,9,27,11,228,62.0,4041.0
1551.6369175,6,102,31,10,253,58.0,2679.0
1551.636919,5,13,23,4,145,57.0,918.556
1551.641446,5,12,7,0,32,54.0,172.142
1551.6414625,6,2,5,0,16,58.0,202.349
1551.641551,1,1,3,0,1,48.0,0.0
1551.6415555,3,1,2,0,9,51.0,50.089
1551.6580705,3,2,1,0,3,48.0,12.767
1551.658087,5,9,6,0,13,51.0,87.644
1551.658129,1,1,1,0,1,45.0,0.0
1551.6709675,6,1,1,0,1,49.0,0.0
1551.6771975,6,3,4,1,24,60.0,333.985
1551.677227,5,2,3,0,8,49.0,38.75
1551.682524,5,1,2,0,1,46.0,0.0
1551.6879235,6,1,1,0,5,47.0,11.03
1551.6912635,6,2,6,3,31,69.0,4121.0
1551.707552,5,1,5,1,28,57.0,294.85
1551.7075725,6,1,2,0,1,45.0,0.0
1551.709183,5,19,15,3,103,60.0,860.092
1551.7092045,6,4,8,2,60,62.0,996.498
1551.709213,1,26,5,0,27,51.0,62.663
1551.709216,2,2,5,0,3,54.0,43.619
1551.7092245,3,1,6,0,18,49.0,49.109
1551.732569,1,91,28,8,260,62.0,2276.0
1551.7325945,6,174,28,8,321,57.0,1856.0
1551.732653,2,5,22,9,228,61.0,2772.0
1551.7326555,3,6,24,7,189,62.0,2298.0
1551.732665,5,18,20,3,145,56.0,621.02
1551.736605,5,2,16,2,36,60.0,831.903
1551.7366275,6,8,8,1,47,55.0,262.42
1551.736633,1,1,6,0,63,49.0,90.877
1551.7366385,3,1,2,0,1,48.0,0.0
1551.74029,5,1,7,0,32,56.0,202.674
1551.7403125,6,8,3,0,14,55.0,107.973
1551.756031,5,1,4,0,21,53.0,97.077
1551.7560525,6,2,2,0,15,52.0,69.278
1551.7578695,6,1,1,0,1,48.0,0.0
1551.758076,5,2,6,0,32,50.0,113.632
1551.758124,1,1,1,0,1,45.0,0.0
1551.7713715,6,11,7,1,28,59.0,401.54
1551.771379,5,4,5,0,18,51.0,68.093
1551.771383,1,1,6,0,44,48.0,67.066
1551.772076,1,2,4,0,17,61.0,338.242
1551.782111,5,9,12,2,54,59.0,726.31
1551.7821265,6,5,5,1,23,58.0,458.203
1551.782136,1,1,4,0,16,50.0,47.315
1551.7821495,3,1,1,0,1,45.0,0.0
1551.782153,2,1,5,1,66,55.0,318.314
1551.790222,5,1,6,1,52,50.0,166.003
1551.7902275,6,1,5,0,33,54.0,135.508
1551.790233,1,1,7,0,36,53.0,152.211
1551.791239,5,3,2,0,6,56.0,137.096
1551.800665,5,2,11,2,77,60.0,568.551
1551.8006825,6,4,4,1,23,58.0,451.521
1551.802085,5,6,4,0,11,49.0,60.743
1551.8129485,6,1,1,0,5,46.0,9.08
1551.8279185,6,3,3,0,12,58.0,179.782
1551.829516,1,8,28,8,178,64.0,3342.0
1551.8295195,3,10,27,9,189,64.0,3438.0
1551.82952,2,9,26,11,219,62.0,3931.0
1551.8295305,6,59,30,10,250,58.0,2656.0
1551.829532,5,1,23,4,145,58.0,897.462
1551.8318365,6,2,6,1,37,62.0,789.872
1551.8338145,6,1,1,0,1,45.0,0.0
1551.8410035,6,3,5,1,34,57.0,254.493
1551.841019,5,1,3,0,13,51.0,33.289
1551.8410345,3,1,3,0,18,51.0,61.767
1551.84886,1,2,2,0,7,52.0,50.118
1551.856682,5,8,16,4,70,61.0,1901.0
1551.8567035,6,7,5,0,15,58.0,241.77
1551.860587,5,8,41,21,279,72.0,19389.0
1551.8605985,6,24,31,15,247,72.0,12312.0
1551.860599,1,29,32,11,218,65.0,4890.0
1551.8606035,3,24,20,8,221,64.0,2930.0
1551.860605,2,29,29,16,184,67.0,11427.0
1551.860607,4,2,7,1,67,54.0,343.962
1551.862907,5,8,16,3,178,54.0,557.901
1551.8629295,6,10,7,1,139,54.0,285.502
1551.863054,1,1,5,0,43,50.0,120.915
1551.8630675,3,1,1,0,4,48.0,11.368
1551.865114,5,1,6,1,31,58.0,332.161
1551.873933,5,2,5,0,5,55.0,107.2
1551.8739545,6,3,3,0,9,53.0,76.676
1551.8746445,6,1,3,0,14,52.0,50.068
1551.875835,5,2,2,0,3,46.0,12.537
1551.881082,5,2,6,0,23,57.0,167.288
1551.8811005,6,1,3,0,17,56.0,166.479
1551.890696,5,1,6,1,42,53.0,168.425
1551.8907205,6,1,2,0,9,51.0,47.434
1551.893698,5,2,2,0,3,52.0,24.137
1551.8937195,6,1,1,0,1,49.0,0.0
1551.902004,1,1,1,0,1,47.0,0.0
1551.903115,5,4,3,0,5,50.0,32.358
1551.9031285,6,1,2,0,90,45.0,54.036
1551.90422,5,1,3,0,1,50.0,0.0
1551.9154855,6,1,3,0,14,49.0,39.409
1551.916182,1,2,1,0,2,45.0,3.903
1551.922586,5,1,5,0,25,48.0,54.656
1551.922769,2,2,2,0,6,57.0,131.239
1551.9227795,3,1,1,0,1,45.0,0.0
1551.939182,5,2,1,0,2,48.0,8.58
1551.9494495,6,2,4,1,24,61.0,599.836
1551.95061,5,1,4,0,18,59.0,303.342
1551.9506415,6,1,3,0,1,48.0,0.0
1551.952837,5,1,4,0,1,48.0,0.0
1551.954178,1,1,1,0,1,46.0,0.0
1551.961942,5,5,12,3,111,61.0,1097.0
1551.9619685,3,1,1,0,5,47.0,11.781
1551.9619695,6,2,5,0,11,52.0,73.702
1551.970242,5,2,5,0,13,60.0,333.278
1551.9702445,3,1,3,0,15,56.0,122.209
1551.97025,1,1,3,0,1,45.0,0.0
1551.977705,5,3,1,0,4,48.0,16.745
1551.9806365,6,1,2,0,6,52.0,37.598
1551.988131,5,1,1,0,1,46.0,0.0
1551.989836,1,2,2,0,3,51.0,17.438
1551.9928275,6,1,1,0,1,45.0,0.0
1551.995946,5,4,9,2,51,57.0,594.618
1551.9959665,6,2,2,0,3,48.0,12.426
1551.99864,5,1,1,0,1,46.0,0.0
1552.013196,5,1,2,0,1,50.0,0.0
1552.0240725,6,2,4,1,27,60.0,316.255
1552.024083,5,1,5,0,1,49.0,0.0
1552.030252,5,5,6,0,6,56.0,83.818
1552.032948,5,14,25,10,175,67.0,5957.0
1552.0329595,6,8,22,9,174,70.0,6139.0
1552.032966,2,39,18,7,165,62.0,2817.0
1552.032967,1,1,20,5,165,59.0,1291.0
1552.0329765,3,2,12,3,144,54.0,471.504
1552.032987,4,1,1,0,1,45.0,0.0
1552.0359885,3,1,1,0,1,45.0,0.0
1552.036002,1,2,1,0,2,47.0,3.55
1552.040184,5,1,1,0,4,51.0,21.495
1552.0402165,6,1,1,0,1,48.0,0.0
1552.0441375,6,1,1,0,1,45.0,0.0
1552.049317,5,2,8,0,17,53.0,137.169
1552.0493365,6,1,1,0,1,45.0,0.0
1552.054027,5,11,5,0,14,49.0,72.673
1552.07289,5,3,4,0,4,53.0,44.475
1552.0729005,6,9,6,0,21,54.0,137.417
1552.0749485,6,1,1,0,1,45.0,0.0
1552.083029,5,1,1,0,1,49.0,0.0
1552.109359,5,1,2,0,4,46.0,6.816
1552.111759,5,3,3,0,15,51.0,105.763
1552.118501,5,1,4,0,6,50.0,29.606
1552.128731,5,5,20,5,94,62.0,2025.0
1552.1287525,6,11,4,0,31,51.0,96.96
1552.128761,1,1,3,0,12,49.0,23.19
1552.1287625,3,1,3,0,13,52.0,48.429
1552.128779,2,1,2,0,1,57.0,0.0
1552.1332745,6,1,2,0,1,47.0,0.0
1552.1340875,6,2,1,0,3,49.0,19.523
1552.137327,5,11,7,2,114,53.0,368.502
1552.1373565,6,1,2,0,7,53.0,56.455
1552.137364,1,1,1,0,1,45.0,0.0
1552.1373645,3,1,2,0,1,45.0,0.0
1552.139219,1,2,3,0,10,54.0,73.365
1552.1392425,6,1,2,0,1,50.0,0.0
1552.142136,5,1,1,0,1,51.0,0.0
1552.1472535,6,2,1,0,10,46.0,46.638
1552.1494385,6,1,3,0,18,51.0,60.323
1552.149451,5,2,2,0,4,49.0,14.885
1552.1494795,3,1,1,0,1,45.0,0.0
1552.150598,5,5,28,11,193,69.0,7445.0
1552.1506145,3,12,10,2,131,53.0,389.075
1552.1506155,6,2,19,5,186,59.0,1147.0
1552.15062,2,1,14,4,89,58.0,1345.0
1552.150623,1,2,18,3,133,58.0,753.132
1552.154996,5,6,3,0,7,51.0,46.594
1552.156696,5,2,3,0,4,52.0,48.621
1552.15875,5,16,7,1,52,55.0,313.116
1552.1587755,6,1,1,0,1,45.0,0.0
1552.1633175,6,1,1,0,1,45.0,0.0
1552.1639575,6,2,3,0,7,52.0,53.591
1552.164009,5,2,2,0,8,48.0,26.843
1552.171419,5,2,2,0,3,46.0,37.949
1552.1714375,6,1,1,0,1,47.0,0.0
1552.173131,5,2,2,0,3,50.0,24.516
1552.1731505,6,1,2,0,11,47.0,17.657
1552.174519,5,1,1,0,1,45.0,0.0
1552.177117,5,5,8,2,28,59.0,902.829
1552.1771365,6,1,3,0,5,49.0,17.048
1552.1821745,6,2,7,1,94,55.0,213.924
1552.18218,1,2,5,0,18,48.0,53.693
1552.1821895,3,1,3,0,9,48.0,28.179
1552.1841035,6,1,2,0,11,53.0,78.317
1552.1858775,6,1,1,0,4,47.0,11.706
1552.2050865,6,1,3,0,7,51.0,42.945
1552.206906,5,2,4,0,17,57.0,112.413
1552.207612,5,2,5,1,56,58.0,295.317
1552.2076435,6,1,2,0,13,48.0,30.263
1552.2076605,3,1,1,0,1,45.0,0.0
1552.207667,2,1,1,0,1,50.0,0.0
1552.208578,2,1,1,0,1,52.0,0.0
1552.208578,5,1,2,0,1,47.0,0.0
1552.209701,5,1,4,0,1,52.0,0.0
1552.218131,5,1,4,0,1,53.0,0.0
1552.220777,5,1,3,0,1,52.0,0.0
1552.2207955,6,1,2,0,1,49.0,0.0
1552.2259865,3,1,1,0,4,48.0,11.311
1552.225989,5,6,5,0,20,53.0,173.867
1552.23467,5,1,1,0,1,45.0,0.0
1552.238156,5,2,1,0,2,46.0,4.305
1552.256399,5,5,6,0,18,55.0,295.294
1552.2662355,6,1,1,0,1,50.0,0.0
1552.274193,1,34,9,0,35,55.0,137.308
1552.2741975,6,1,6,1,58,51.0,151.026
1552.274203,5,16,7,1,44,54.0,327.358
1552.2742045,3,1,2,0,11,52.0,39.28
1552.274219,2,1,2,0,1,51.0,0.0
1552.2797865,3,1,1,0,1,45.0,0.0
1552.279791,5,1,1,0,1,47.0,0.0
1552.282515,5,1,4,0,6,51.0,34.597
1552.294427,5,1,9,1,71,54.0,251.965
1552.29443,2,1,2,0,4,55.0,57.636
1552.29444,1,1,6,0,30,56.0,207.573
1552.2944455,6,1,5,0,41,48.0,57.487
1552.304632,5,1,2,0,1,49.0,0.0
1552.3053445,6,1,2,0,8,46.0,14.558
1552.307068,5,1,4,0,6,55.0,102.052
1552.3071035,6,1,1,0,1,45.0,0.0
1552.317329,5,2,1,0,2,45.0,7.837
1552.329648,1,2,5,0,37,56.0,223.23
1552.335451,5,1,1,0,1,47.0,0.0
1552.335788,1,1,6,0,38,56.0,179.864
1552.33785,1,2,5,1,40,56.0,194.807
1552.3979165,6,2,5,0,29,52.0,130.022
1552.397939,1,2,1,0,2,46.0,5.201
1552.405526,1,2,2,0,2,52.0,9.639
1552.405547,5,1,2,0,1,47.0,0.0
1552.4092015,6,2,2,0,8,50.0,28.289
1552.421612,5,17,15,3,90,60.0,1049.0
1552.4216295,6,2,10,2,105,54.0,367.37
1552.421642,2,1,2,0,1,52.0,0.0
1552.421658,1,2,6,0,8,51.0,46.428
1552.431107,1,1,1,0,1,45.0,0.0
1552.4406745,6,1,2,0,1,48.0,0.0
1552.450195,5,1,1,0,1,45.0,0.0
1552.456254,1,2,11,4,62,68.0,2498.0
1552.467561,5,1,1,0,1,45.0,0.0
1552.4694285,6,1,1,0,1,45.0,0.0
1552.477088,1,1,1,0,1,50.0,0.0
1552.478642,5,2,3,0,11,49.0,46.259
1552.491766,5,2,2,0,2,45.0,4.961
1552.5149025,6,1,1,0,1,45.0,0.0
1552.521557,5,1,4,0,18,54.0,101.156
1552.542915,5,2,2,0,25,51.0,90.237
1552.567878,1,3,6,0,10,57.0,160.675
1552.567889,2,1,4,0,30,56.0,193.127
1552.5678915,6,1,7,1,58,55.0,233.752
1552.5678985,3,1,3,0,19,50.0,64.475
1552.567899,5,4,14,1,53,57.0,348.802
1552.5735015,6,1,1,0,1,45.0,0.0
1552.579304,5,2,2,0,3,48.0,10.953
1552.596734,1,2,6,1,42,55.0,218.275
1552.5989635,6,2,1,0,2,45.0,3.352
1552.60585,5,1,1,0,1,45.0,0.0
1552.619285,5,3,5,1,18,57.0,417.45
1552.6199815,6,2,4,0,16,54.0,133.598
1552.6307585,6,1,1,0,1,46.0,0.0
1552.632132,5,26,19,3,135,55.0,697.796
1552.6321365,3,2,6,1,80,52.0,186.139
1552.6321365,6,1,11,1,75,54.0,307.215
1552.632138,4,1,1,0,1,45.0,0.0
1552.632153,1,59,11,2,91,53.0,297.249
1552.632153,2,1,5,0,23,55.0,200.528
1552.638657,5,13,6,1,32,55.0,310.791
1552.638657,2,1,2,0,1,51.0,0.0
1552.638664,1,2,6,0,30,51.0,86.49
1552.6386665,6,1,4,0,49,51.0,73.387
1552.6414875,6,4,7,1,20,62.0,604.424
1552.641505,1,1,8,1,63,51.0,160.799
1552.6415175,3,2,1,0,2,45.0,4.529
1552.64152,2,1,2,0,33,55.0,109.06
1552.641526,5,2,4,0,25,52.0,101.162
1552.660604,5,2,6,0,18,53.0,147.955
1552.6606175,3,1,1,0,4,46.0,7.549
1552.6606375,6,1,1,0,11,47.0,15.33
1552.6648435,6,1,1,0,1,45.0,0.0
1552.667389,1,2,1,0,5,47.0,21.096
1552.6794565,3,1,2,0,8,53.0,43.669
1552.6871255,6,1,3,0,20,56.0,183.09
1552.687612,1,2,2,0,3,52.0,31.23
1552.6915365,6,1,2,0,1,48.0,0.0
1552.695624,5,2,6,1,22,56.0,265.962
1552.695644,1,1,2,0,1,46.0,0.0
1552.697848,1,4,7,1,42,61.0,587.876
1552.699368,1,30,4,0,31,53.0,86.428
1552.701241,1,3,1,0,4,56.0,103.659
1552.7016215,6,2,1,0,3,53.0,26.097
1552.707179,5,7,6,0,16,57.0,388.668
1552.7071985,6,6,3,0,10,56.0,90.802
1552.7316725,6,2,2,0,15,48.0,42.333
1552.734131,1,1,1,0,1,47.0,0.0
1552.737642,5,1,1,0,1,45.0,0.0
1552.738428,5,1,1,0,1,47.0,0.0
1552.7414555,6,1,1,0,1,47.0,0.0
1552.743533,2,43,16,6,123,59.0,1922.0
1552.743538,5,9,28,7,166,62.0,2401.0
1552.743539,1,41,27,8,180,63.0,3381.0
1552.7435405,6,14,23,6,169,58.0,1472.0
1552.7435475,3,1,15,2,129,56.0,427.019
1553.317527,1,1,1,0,1,48.0,0.0
1553.331249,1,1,2,0,1,51.0,0.0
1553.3312785,6,2,4,0,19,51.0,92.415
1553.33924,5,1,1,0,1,45.0,0.0
1553.3450445,6,2,2,0,9,49.0,35.169
1553.3601965,6,1,1,0,1,45.0,0.0
1553.362114,5,2,2,0,10,49.0,36.833
1553.363123,5,2,1,0,2,45.0,6.108
1553.369761,5,1,2,0,1,51.0,0.0
1553.376165,5,3,3,0,6,49.0,36.564
1553.3777615,6,1,1,0,1,45.0,0.0
1553.4172035,6,1,2,0,9,47.0,23.517
1553.435494,5,2,1,0,3,48.0,15.078
1553.4355105,6,1,1,0,1,46.0,0.0
1553.443726,5,2,3,0,3,50.0,11.904
1553.444428,5,2,2,0,38,48.0,82.275
1553.44647,5,1,5,0,26,51.0,134.281
1553.4464945,6,1,1,0,1,46.0,0.0
1553.4507955,3,1,4,0,34,51.0,75.219
1553.46244,5,1,1,0,1,45.0,0.0
1553.4642585,6,1,1,0,1,49.0,0.0
1553.480608,5,1,2,0,6,48.0,8.436
1553.5067755,6,14,3,0,17,51.0,77.899
1553.5167405,6,1,1,0,1,47.0,0.0
1553.5178545,6,1,1,0,1,45.0,0.0
1553.523989,1,1,3,0,9,48.0,24.55
1553.5316185,3,1,1,0,1,45.0,0.0
1553.5316245,6,1,3,0,20,51.0,80.055
1553.5429255,6,1,1,0,1,46.0,0.0
1553.5437965,6,1,1,0,1,46.0,0.0
1553.5482545,6,1,1,0,1,45.0,0.0
1553.5566815,6,17,28,10,151,71.0,8486.0
1553.5597435,6,10,40,23,315,74.0,19669.0
1553.579524,5,2,1,0,3,46.0,9.35
1553.582661,5,2,2,0,15,48.0,47.938
1553.5826675,6,1,1,0,4,48.0,12.716
1553.582688,1,1,2,0,17,47.0,37.712
1553.5983305,6,1,1,0,5,47.0,10.125
1553.607982,5,1,3,0,4,51.0,18.36
1553.6183705,6,1,2,0,9,47.0,19.064
1553.6241085,6,2,1,0,4,51.0,24.047
1553.628392,5,3,5,0,6,50.0,41.079
1553.6457135,6,1,2,0,1,48.0,0.0
1553.6509905,6,1,1,0,1,45.0,0.0
1553.656657,1,7,6,0,41,51.0,115.045
1553.65866,1,1,1,0,1,45.0,0.0
1553.6673885,6,2,1,0,6,50.0,27.64
1553.676992,1,2,1,0,10,48.0,22.22
1553.6803595,3,1,2,0,12,47.0,16.994
1553.680364,1,2,4,1,68,50.0,115.733
1553.6921935,6,1,1,0,1,47.0,0.0
1553.6938955,6,1,1,0,1,48.0,0.0
1553.702565,1,2,8,0,35,51.0,119.224
1553.7025915,6,1,2,0,14,47.0,15.956
1553.720937,5,9,19,10,101,71.0,13406.0
1553.739433,1,2,2,1,73,51.0,106.42
1553.7460095,6,2,1,0,2,47.0,3.352
1553.751473,5,1,2,0,8,50.0,23.634
1553.772553,1,2,1,0,2,47.0,23.241
1553.7764295,6,2,3,0,24,48.0,68.007
1553.776441,5,1,3,0,28,48.0,46.565
1553.800455,1,6,2,0,7,49.0,32.166
1553.810313,1,1,1,0,1,45.0,0.0
1553.819837,1,1,3,0,12,49.0,34.778
1553.8198895,3,1,1,0,1,45.0,0.0
1553.824546,1,2,15,2,92,51.0,264.916
1553.8245535,6,1,10,0,43,51.0,113.911
1553.8245755,3,1,2,0,4,50.0,7.818
1553.827542,5,1,1,0,1,45.0,0.0
1553.8276065,6,1,2,0,5,49.0,9.705
1553.836487,1,1,1,0,1,45.0,0.0
1553.845825,5,1,2,0,4,46.0,10.67
1553.8536345,6,2,1,0,17,50.0,49.277
1553.858719,5,20,2,0,21,47.0,44.837
1553.858728,1,1,1,0,1,45.0,0.0
1553.879617,1,2,1,0,3,46.0,8.067
1553.8800215,6,1,2,0,4,50.0,17.027
1553.8938595,6,1,1,0,1,45.0,0.0
1553.896619,5,2,1,0,2,47.0,6.686
1553.904436,1,1,2,0,10,49.0,15.349
1553.905848,5,2,2,0,6,48.0,17.867
1553.9199865,6,2,2,0,3,50.0,15.091
1553.9261425,3,2,1,0,2,49.0,12.046
1553.927378,5,2,4,0,6,50.0,35.708
1553.9390945,6,1,1,0,1,45.0,0.0
1553.9442555,3,2,1,0,2,45.0,14.488
1553.950063,5,3,3,0,4,50.0,14.646
1553.9505935,3,1,1,0,1,45.0,0.0
1553.9536305,6,1,1,0,1,45.0,0.0
1553.9611915,6,1,1,0,1,48.0,0.0
1553.963485,1,2,2,0,2,48.0,10.215
1553.9635135,3,1,1,0,1,45.0,0.0
1553.985424,2,1,1,0,1,51.0,0.0
1553.985449,1,1,1,0,1,45.0,0.0
1553.998642,5,2,2,0,2,49.0,3.132
1553.9986645,6,1,1,0,1,45.0,0.0
1554.0027585,6,1,2,0,1,49.0,0.0
1554.020702,5,5,5,0,9,48.0,45.347
1554.023438,1,1,2,0,1,48.0,0.0
1554.0236495,3,1,2,0,159,48.0,36.523
1554.0354735,6,1,1,0,1,45.0,0.0
1554.044693,5,2,1,0,2,48.0,14.781
1554.049049,5,3,2,0,7,51.0,39.208
1554.0490685,6,1,1,0,1,47.0,0.0
1554.0541105,6,1,1,0,1,47.0,0.0
1554.0656875,6,2,1,0,6,47.0,26.077
1554.084409,5,1,5,0,18,50.0,53.251
1554.117678,5,2,1,0,2,46.0,6.07
1554.128306,5,3,2,0,4,48.0,20.63
1554.1333575,6,2,1,0,2,46.0,4.179
1554.1434175,6,1,2,0,4,50.0,14.531
1554.1559765,6,1,1,0,1,45.0,0.0
1554.157625,1,1,3,0,11,48.0,21.811
1554.160291,5,1,3,0,1,50.0,0.0
1554.1603115,6,1,3,0,16,51.0,55.854
1554.1623395,6,1,1,0,4,47.0,9.345
1554.175151,1,2,1,0,3,46.0,7.965
1554.1752305,6,1,2,0,1,50.0,0.0
1554.183462,1,3,2,0,5,50.0,54.56
1554.1852245,3,1,1,0,1,46.0,0.0
1554.187104,5,1,1,0,1,46.0,0.0
1554.194215,5,3,3,0,17,49.0,72.041
1554.1975005,3,1,2,0,1,48.0,0.0
1554.201509,1,13,58,46,357,79.0,80942.0
1554.201513,2,12,51,49,323,77.0,72936.0
1554.2015195,6,15,50,32,397,75.0,30943.0
1554.2015205,3,17,38,22,385,70.0,14217.0
1554.201521,5,22,55,30,351,70.0,25353.0
1554.2118395,3,1,1,0,1,45.0,0.0
1554.218869,1,1,3,0,4,51.0,17.838
1554.2188905,3,1,1,0,13,47.0,12.197
1554.2209705,6,1,2,0,4,48.0,12.656
1554.221316,5,1,1,0,1,45.0,0.0
1554.227809,1,5,4,0,17,48.0,51.573
1554.229788,5,2,2,0,2,51.0,12.258
1554.232851,1,1,2,0,1,46.0,0.0
1554.232864,2,1,2,0,1,50.0,0.0
1554.2526195,6,1,1,0,1,46.0,0.0
1554.271024,1,1,2,0,1,51.0,0.0
1554.283221,5,2,3,0,2,47.0,7.541
1554.2847665,6,1,7,0,34,51.0,109.73
1554.2854495,3,1,1,0,1,45.0,0.0
1554.2882295,6,1,1,0,1,45.0,0.0
1554.2936495,6,1,1,0,4,48.0,13.302
1554.29737,5,1,1,0,49,46.0,35.639
1554.3021435,6,1,2,0,52,48.0,34.642
1554.3088055,6,1,2,0,1,49.0,0.0
1554.309851,5,1,4,0,1,49.0,0.0
1554.312651,5,2,2,0,7,49.0,39.635
1554.322033,5,2,1,0,3,48.0,14.512
1554.352385,1,2,4,0,23,51.0,117.089
1554.3524035,3,1,2,0,9,47.0,20.833
1554.352406,5,1,4,0,30,50.0,63.166
1554.3524765,6,1,1,0,1,45.0,0.0
1554.360751,1,1,2,0,1,46.0,0.0
1554.371043,1,5,3,0,6,50.0,48.006
1554.3710575,6,1,1,0,1,45.0,0.0
1554.3983795,6,1,1,0,1,45.0,0.0
1554.4029375,6,2,2,0,13,48.0,45.448
1554.4112945,6,1,2,0,1,49.0,0.0
1554.411298,1,1,2,0,1,45.0,0.0
1554.415828,5,1,1,0,1,45.0,0.0
1554.4225665,3,1,1,0,4,47.0,11.342
1554.4225805,6,1,3,0,1,46.0,0.0
1554.4231475,6,1,1,0,1,45.0,0.0
1554.4321955,6,1,2,0,1,47.0,0.0
1554.45903,1,2,6,1,62,51.0,164.095
1554.459063,5,2,4,0,35,50.0,94.808
1554.459759,5,2,1,0,2,46.0,4.793
1554.4717585,6,2,4,0,14,49.0,52.183
1554.47757,1,1,1,0,1,45.0,0.0
1554.4837555,3,1,2,0,4,45.0,7.326
1554.4946705,3,2,3,0,26,49.0,57.799
1554.496133,5,1,2,0,1,46.0,0.0
1554.516962,5,1,1,0,1,45.0,0.0
1554.5294875,3,1,4,0,40,49.0,90.786
1554.5347095,6,1,1,0,1,47.0,0.0
1554.535216,5,1,2,0,1,48.0,0.0
1554.572153,5,1,5,0,40,49.0,86.585
1554.572166,1,1,2,0,1,48.0,0.0
1554.576492,1,1,1,0,1,48.0,0.0
1554.579529,2,1,1,0,1,50.0,0.0
1554.5913995,6,1,1,0,5,50.0,22.348
1554.5969745,6,2,2,0,14,48.0,33.705
1554.5986345,6,1,1,0,1,45.0,0.0
1554.6001235,6,1,1,0,1,45.0,0.0
1554.6104085,3,1,2,0,5,47.0,11.583
1554.610411,1,1,3,0,35,49.0,58.742
1554.62509,1,1,3,0,14,51.0,33.807
1554.625129,5,41,6,0,46,49.0,116.829
1554.6251555,6,1,3,0,1,47.0,0.0
1554.625157,2,1,1,0,1,51.0,0.0
1554.6330325,6,1,1,0,1,45.0,0.0
1554.638643,1,1,1,0,1,45.0,0.0
1554.640394,1,1,5,0,1,51.0,0.0
1554.646535,5,1,2,0,1,51.0,0.0
1554.6465485,6,1,1,0,1,45.0,0.0
1554.6625795,3,1,1,0,5,48.0,14.148
1554.6657905,6,4,25,10,194,69.0,5894.0
1554.684809,1,1,1,0,1,46.0,0.0
1554.68696,1,1,3,0,1,50.0,0.0
1554.6880175,6,11,3,0,12,51.0,88.207
1554.690613,1,1,4,0,42,49.0,60.116
1554.6930035,6,1,3,0,29,51.0,76.093
1554.693538,1,1,3,0,19,48.0,32.71
1554.6935515,6,1,3,0,1,48.0,0.0
1554.695797,5,3,1,0,5,49.0,34.946
1554.7022515,6,1,2,0,6,50.0,20.712
1554.7645865,6,1,1,0,1,45.0,0.0
1554.76775,1,1,1,0,1,45.0,0.0
1554.7745405,3,1,2,0,6,51.0,28.831
1554.7782305,6,1,4,0,23,51.0,67.745
1554.7810015,3,1,3,0,38,48.0,56.497
1554.7810015,6,1,4,0,29,51.0,50.239
1554.781021,1,1,4,0,50,50.0,86.308
1554.7998525,6,1,1,0,1,48.0,0.0
1554.8125875,6,1,2,0,6,57.0,94.843
1554.820699,1,10,27,9,387,62.0,2941.0
1554.8207145,3,2,11,3,115,58.0,640.603
1554.8207145,6,9,18,4,177,58.0,894.646
1554.820715,2,1,13,6,100,65.0,3176.0
1554.820723,5,26,20,5,160,57.0,1142.0
1554.8240795,6,1,1,0,1,45.0,0.0
1554.824939,5,1,12,5,93,65.0,2765.0
1554.8249605,6,1,5,0,31,53.0,92.398
1554.8249665,3,1,3,0,38,49.0,39.096
1554.824978,1,4,5,0,41,50.0,81.734
1554.8317435,6,2,1,0,2,45.0,15.493
1554.839308,1,3,13,2,72,58.0,497.868
1554.8393345,6,1,7,1,79,54.0,243.504
1554.8393375,3,1,1,0,1,48.0,0.0
1554.839346,2,1,1,0,1,50.0,0.0
1554.839353,5,1,3,0,1,48.0,0.0
1554.840019,1,6,2,0,7,50.0,20.354
1554.8515075,6,1,2,0,4,48.0,12.077
1554.8522525,6,1,4,0,22,53.0,109.275
1554.852254,5,2,2,0,8,50.0,39.978
1554.8522705,3,1,2,0,9,45.0,13.669
1554.86822,1,2,3,0,5,54.0,75.523
1554.8697065,6,1,1,0,8,45.0,11.477
1554.872581,1,8,26,8,172,62.0,3022.0
1554.8725845,3,10,24,7,275,62.0,2056.0
1554.872585,2,9,16,7,149,61.0,2217.0
1554.8725955,6,20,31,7,263,56.0,1352.0
1554.872613,5,9,17,4,153,56.0,656.299
1554.901701,5,1,14,2,97,56.0,427.877
1554.9017015,6,2,10,2,105,55.0,395.733
1554.901706,1,56,11,2,96,53.0,288.349
1554.901716,2,1,8,2,51,57.0,481.039
1554.9017495,3,1,2,0,1,45.0,0.0
1554.910918,5,1,23,4,236,55.0,789.915
1554.910928,1,142,16,5,284,58.0,862.097
1554.9110565,6,14,13,4,94,63.0,1607.0
1554.9110645,3,1,10,2,103,53.0,319.408
1554.911097,2,1,9,1,32,57.0,410.659
1554.920407,5,1,3,0,1,48.0,0.0
1554.924749,5,3,4,0,8,53.0,80.175
1554.9247625,6,1,2,0,1,47.0,0.0
1554.9269885,6,1,2,0,4,47.0,9.225
1554.927744,5,2,1,0,2,45.0,3.695
1554.954193,5,2,2,0,2,51.0,18.509
1554.9542165,6,1,2,0,4,48.0,10.142
1554.968417,1,8,31,11,235,64.0,4794.0
1554.9684205,3,10,28,9,275,64.0,3128.0
1554.968421,2,9,20,10,205,62.0,3513.0
1554.9684315,6,67,37,9,266,58.0,2065.0
1554.968444,5,14,23,5,161,58.0,1086.0
1554.969335,5,13,19,5,132,65.0,2303.0
1554.969345,1,1,15,2,72,53.0,337.58
1554.9693525,6,5,12,3,77,62.0,1487.0
1554.9693685,3,1,3,0,35,51.0,92.048
1554.969394,2,2,4,0,14,54.0,146.938
1554.9748915,6,2,5,0,24,58.0,279.091
1554.9798305,6,2,1,0,3,51.0,19.69
1554.98479,5,2,2,0,5,48.0,27.83
1554.984795,1,1,4,0,15,50.0,34.763
1554.9847955,6,1,4,0,26,48.0,52.42
1554.996031,1,1,1,0,1,47.0,0.0
1554.9960385,6,1,1,0,1,45.0,0.0
1555.0020345,6,1,1,0,1,45.0,0.0
1555.00744,1,2,2,0,2,48.0,5.098
1555.0121845,6,1,4,0,6,54.0,57.075
1555.0125585,3,1,1,0,1,45.0,0.0
1555.017932,1,2,18,5,135,66.0,2347.0
1555.0179445,3,9,8,2,130,54.0,275.074
1555.017947,2,1,9,2,65,62.0,926.448
1555.0179515,6,10,10,3,126,57.0,616.089
1555.017988,5,2,4,0,48,48.0,103.836
1555.019354,1,2,3,0,7,50.0,31.661
1555.0228075,6,1,1,0,1,45.0,0.0
1555.028061,1,4,12,2,57,61.0,753.416
1555.0280715,6,3,10,1,53,58.0,490.815
1555.0280735,3,4,3,0,11,52.0,57.579
1555.028074,2,1,5,1,72,55.0,334.968
1555.028083,5,59,10,1,72,52.0,233.097
1555.0340975,3,1,1,0,1,45.0,0.0
1555.0377015,6,1,3,0,13,58.0,129.973
1555.04611,5,2,1,0,2,46.0,4.4
1555.049878,1,2,1,0,2,45.0,3.132
1555.053016,1,4,5,0,37,55.0,159.588
1555.0530205,3,2,2,0,2,48.0,4.432
1555.053047,5,1,2,0,23,46.0,28.648
1555.0530525,6,1,2,0,1,49.0,0.0
1555.0659315,6,2,2,0,124,50.0,69.796
1555.068064,1,1,1,0,4,50.0,19.816
1555.0726855,6,1,1,0,1,45.0,0.0
1555.0784855,6,1,1,0,1,45.0,0.0
1555.0825605,6,2,1,0,3,48.0,32.327
1555.0913885,6,1,1,0,1,45.0,0.0
1555.095031,5,2,5,1,20,56.0,368.878
1555.098198,5,2,3,0,2,48.0,7.047
1555.0982035,6,1,3,0,4,49.0,12.979
1555.1014345,6,2,2,0,15,55.0,181.565
1555.1155095,6,3,1,0,5,53.0,66.018
1555.1164985,6,2,3,0,19,52.0,74.398
1555.123717,1,4,20,8,112,73.0,10475.0
1555.1237415,3,2,1,0,6,51.0,32.612
1555.1237605,6,1,2,0,13,49.0,27.103
1555.123776,2,1,2,0,1,52.0,0.0
1555.127372,5,1,2,0,1,50.0,0.0
1555.1273845,6,1,2,0,4,49.0,14.648
1555.127414,1,1,1,0,1,47.0,0.0
1555.1300075,6,2,2,0,3,51.0,17.898
1555.1320225,6,2,1,0,3,48.0,10.712
1555.1404855,6,1,14,3,162,60.0,724.881
1555.140492,5,57,18,3,75,61.0,1142.0
1555.140497,1,56,16,3,134,57.0,747.029
1555.1405015,3,1,7,1,66,53.0,201.658
1555.140516,2,1,5,1,49,56.0,288.511
1555.140535,4,1,1,0,1,46.0,0.0
1555.1481905,6,2,5,1,24,63.0,567.086
1555.14823,5,4,2,0,5,47.0,18.71
1555.150416,1,2,2,0,11,54.0,78.613
1555.1504255,3,1,1,0,1,45.0,0.0
1555.1518615,6,1,2,0,1,51.0,0.0
1555.157454,1,2,6,1,46,63.0,591.864
1555.1590475,3,1,1,0,1,45.0,0.0
1555.169898,5,2,3,0,2,50.0,12.908
1555.177984,2,1,1,0,1,50.0,0.0
1555.1959355,6,1,1,0,1,45.0,0.0
1555.21634,5,2,3,0,3,49.0,13.185
1555.2163465,6,1,3,0,9,51.0,47.6
1555.220161,1,2,2,0,3,49.0,16.013
1555.220848,5,3,5,0,10,50.0,73.419
1555.22399,1,1,3,0,1,49.0,0.0
1555.231279,1,2,2,0,3,50.0,14.645
1555.2392185,3,1,2,0,1,47.0,0.0
1555.239222,2,1,4,0,1,54.0,0.0
1555.239223,5,4,6,1,27,56.0,486.906
1555.239227,1,1,9,1,29,55.0,214.158
1555.2392345,6,1,6,0,13,50.0,33.481
1555.2399095,6,1,1,0,1,45.0,0.0
1555.253416,5,2,3,0,17,58.0,256.37
1555.2534535,6,1,1,0,11,46.0,14.775
1555.274168,1,10,3,0,45,51.0,110.158
1555.2744135,6,2,1,0,3,50.0,21.287
1555.27568,1,2,2,0,3,49.0,12.849
1555.2890795,6,1,2,0,17,53.0,62.898
1555.299681,1,2,1,0,3,50.0,18.116
1555.303626,1,1,2,0,1,47.0,0.0
1555.3048995,6,1,1,0,5,46.0,10.776
1555.3065695,6,10,8,2,151,53.0,378.718
1555.306573,5,9,16,1,58,53.0,348.114
1555.3065915,3,2,3,0,5,49.0,21.123
1555.306592,2,1,5,0,16,54.0,123.034
1555.306606,1,2,6,1,75,52.0,176.519
1555.314038,5,1,2,0,6,52.0,40.943
1555.3140665,6,1,1,0,1,45.0,0.0
1555.315659,1,21,19,4,136,58.0,934.906
1555.315662,5,31,23,6,170,60.0,1920.0
1555.3156685,6,50,15,4,211,57.0,890.177
1555.3156705,3,12,11,2,138,53.0,316.227
1555.315674,2,1,13,4,97,60.0,1426.0
1555.3210845,6,1,2,0,8,50.0,37.11
1555.3228655,6,1,1,0,1,45.0,0.0
1555.3379105,6,3,7,0,30,55.0,198.943
1555.337924,5,1,2,0,1,50.0,0.0
1555.3379615,3,1,1,0,1,45.0,0.0
1555.361557,1,2,3,0,3,54.0,39.3
1555.3615645,6,1,2,0,50,54.0,93.011
1555.3615745,3,1,2,0,4,48.0,10.288
1555.3702315,6,12,6,0,27,56.0,214.115
1555.3736555,6,1,1,0,1,45.0,0.0
1555.374899,5,2,9,2,51,61.0,740.971
1555.374923,1,9,6,0,35,53.0,100.084
1555.3749265,6,10,5,1,31,56.0,219.267
1555.3790725,6,1,1,0,1,45.0,0.0
1555.3837155,6,1,1,0,1,45.0,0.0
1555.386196,1,1,10,2,58,65.0,1320.0
1555.3862365,6,1,2,0,22,52.0,53.073
1555.3889245,6,1,3,0,6,53.0,37.472
1555.393596,2,2,4,1,32,56.0,248.702
1555.3935995,3,2,8,1,57,55.0,279.326
1555.393606,1,1,9,1,78,54.0,254.442
1555.393608,5,33,7,1,34,55.0,260.691
1555.3936155,6,1,4,0,24,49.0,48.427
1555.396969,1,2,7,1,39,64.0,761.382
1555.3976835,6,1,1,0,1,45.0,0.0
1555.405676,5,4,11,1,50,57.0,419.003
1555.405746,1,2,1,0,3,50.0,21.32
1555.4094315,6,1,4,0,14,56.0,114.722
1555.415202,2,1,12,4,86,63.0,1423.0
1555.4152105,3,1,7,1,93,50.0,192.754
1555.415213,5,2,14,3,98,61.0,1306.0
1555.415218,1,5,16,2,79,55.0,513.537
1555.4152255,6,1,12,2,74,56.0,430.273
1555.417058,5,1,4,0,34,52.0,95.709
1555.423479,1,2,5,1,39,60.0,496.555
1555.4316645,6,1,2,0,1,50.0,0.0
1555.432543,1,1,1,0,1,45.0,0.0
1555.4363535,6,1,1,0,1,45.0,0.0
1555.4543175,6,2,1,0,2,45.0,4.562
1555.458474,5,1,2,0,7,47.0,16.752
1555.4691205,6,1,2,0,4,50.0,19.317
1555.4700805,6,10,3,0,11,51.0,74.128
1555.510694,5,2,2,0,2,47.0,3.813
1555.511769,1,4,5,1,39,60.0,515.613
1555.512676,5,5,7,1,65,58.0,398.141
1555.5126835,3,2,1,0,2,49.0,9.45
1555.5195555,3,1,1,0,1,45.0,0.0
1555.528627,5,4,11,1,41,59.0,496.376
1555.5286515,6,1,3,0,5,55.0,31.894
1555.5286795,3,1,1,0,4,46.0,8.582
1555.5291855,6,1,1,0,1,45.0,0.0
1555.5297435,6,1,3,0,1,45.0,0.0
1555.5355515,6,1,1,0,1,47.0,0.0
1555.5366065,6,1,1,0,4,51.0,18.245
1555.553008,1,3,11,2,133,53.0,359.033
1555.5530145,3,1,2,0,27,49.0,46.56
1555.553025,2,1,5,0,32,55.0,192.006
1555.5530265,6,1,7,1,40,55.0,180.27
1555.553029,5,3,9,1,62,52.0,274.82
1555.554152,1,2,4,0,3,53.0,34.508
1555.5541665,6,1,3,0,8,50.0,33.782
1555.5541705,3,1,1,0,1,45.0,0.0
1555.5596775,6,1,1,0,1,51.0,0.0
1555.564577,5,2,1,0,3,45.0,8.339
1555.5645795,6,1,3,0,27,49.0,51.643
1555.570399,1,11,14,3,89,59.0,1072.0
1555.5704105,3,1,2,0,14,48.0,30.714
1555.57043,5,8,8,0,20,51.0,106.56
1555.5704395,6,1,7,1,71,50.0,125.238
1555.5771645,6,2,1,0,11,49.0,46.253
1555.585795,5,2,4,1,19,58.0,323.958
1555.5877055,6,1,2,0,1,46.0,0.0
1555.5919195,6,2,1,0,3,50.0,18.271
1555.594352,1,1,2,0,66,52.0,56.956
1555.5951735,6,1,9,1,93,54.0,197.34
1555.595207,5,2,9,1,67,52.0,213.621
1555.595222,1,1,8,1,46,52.0,154.387
1555.6081905,6,1,1,0,1,46.0,0.0
1555.614756,5,3,4,0,22,57.0,304.156
1555.6162965,6,1,1,0,1,46.0,0.0
1555.62559,5,2,1,0,2,49.0,3.55
1555.626156,1,1,2,0,5,52.0,30.757
1555.626418,5,1,1,0,1,45.0,0.0
1555.6301055,6,6,9,2,70,65.0,1328.0
1555.630122,1,1,9,1,59,51.0,213.573
1555.630133,5,48,7,1,51,51.0,161.397
1555.647325,5,7,4,0,11,54.0,177.024
1555.647344,1,1,5,0,16,51.0,33.497
1555.6473765,6,1,1,0,1,46.0,0.0
1555.6487215,6,2,2,0,4,51.0,22.908
1555.6502615,6,1,1,0,1,45.0,0.0
1555.6524775,3,1,1,0,1,45.0,0.0
1555.6721455,6,2,4,0,16,53.0,79.306
1555.674888,5,1,1,0,1,45.0,0.0
1555.6819065,6,2,1,0,3,48.0,7.884
1555.689556,5,1,1,0,1,47.0,0.0
1555.7102935,6,3,5,0,17,57.0,218.527
1555.710299,5,1,5,0,42,49.0,94.131
1555.710329,1,1,2,0,1,50.0,0.0
1555.711518,1,1,1,0,1,45.0,0.0
1555.7115285,6,1,3,0,5,48.0,14.085
1555.7115385,3,1,1,0,1,45.0,0.0
1555.7153125,6,2,1,0,6,51.0,32.012
1555.7204615,6,1,5,1,24,60.0,376.924
1555.722134,1,1,8,1,76,56.0,281.058
1555.7221445,6,3,5,0,19,54.0,152.184
1555.722158,5,1,6,0,1,50.0,0.0
1555.7231215,6,1,3,0,16,56.0,154.733
1555.723125,1,1,1,0,1,48.0,0.0
1555.728069,1,2,3,0,33,53.0,73.178
1555.7318745,3,1,8,1,61,52.0,156.031
1555.731875,1,18,15,4,155,57.0,759.963
1555.731878,4,1,2,0,1,46.0,0.0
1555.731883,5,7,12,3,80,60.0,1047.0
1555.731885,2,1,4,0,35,53.0,140.379
1555.7318925,6,1,10,2,89,57.0,461.563
1555.73486,1,1,1,0,1,45.0,0.0
1555.744062,5,8,7,1,24,57.0,455.126
1555.7440885,6,2,2,0,2,51.0,13.406
1555.7480955,6,1,1,0,1,45.0,0.0
1555.753218,5,3,7,0,4,56.0,16.441
1555.753223,1,10,3,0,11,52.0,71.842
1555.7599405,6,1,1,0,1,45.0,0.0
1555.762883,5,2,4,0,2,49.0,6.726
1555.7628835,3,1,1,0,1,45.0,0.0
1555.7689815,6,2,1,0,3,53.0,35.073
1555.7827135,6,1,14,3,132,57.0,576.205
1555.7827275,3,4,4,1,83,51.0,133.502
1555.782729,1,2,12,1,87,55.0,301.662
1555.782736,5,31,4,0,32,48.0,84.617
1555.7838335,6,1,1,0,1,45.0,0.0
1555.785489,1,2,1,0,3,49.0,13.453
1555.787212,5,2,5,0,20,51.0,145.418
1555.792194,5,3,16,4,106,62.0,1568.0
1555.7921975,3,1,4,0,70,48.0,83.965
1555.792199,1,1,13,2,128,54.0,379.252
1555.7922115,6,2,8,1,66,53.0,245.832
1555.792237,2,1,3,1,36,53.0,217.111
1555.8080105,6,1,1,0,1,49.0,0.0
1555.8136855,6,2,1,0,4,48.0,19.799
1555.8243635,6,1,1,0,4,49.0,13.818
1555.830361,2,2,3,0,3,56.0,99.19
1555.8303795,6,1,3,0,1,47.0,0.0
1555.8303845,3,1,2,0,7,48.0,23.355
1555.834553,5,3,10,0,23,57.0,247.487
1555.8345725,6,2,3,0,11,50.0,42.61
1555.837404,1,4,6,2,42,64.0,1724.0
1555.8385615,6,1,1,0,1,45.0,0.0
1555.8431405,3,1,1,0,5,50.0,23.987
1555.8431735,6,1,2,0,4,47.0,10.075
1555.8510995,6,1,2,0,11,52.0,65.706
1555.8633205,6,2,1,0,2,45.0,3.352
1555.8749995,3,1,1,0,1,45.0,0.0
1555.899115,5,2,2,0,3,50.0,21.522
1555.905856,1,1,3,0,4,47.0,10.971
1555.9117495,3,1,1,0,1,45.0,0.0
1555.912681,5,5,2,0,6,47.0,26.285
1555.9126985,3,1,1,0,1,45.0,0.0
1555.9127025,6,1,1,0,4,49.0,12.522
1555.9142205,6,1,2,0,4,47.0,10.901
1555.916322,1,2,2,0,16,53.0,50.568
1556.494753,5,2,2,0,5,51.0,44.785
1556.496854,1,2,1,0,3,49.0,12.476
1556.5009175,6,2,1,0,3,45.0,8.627
1556.502017,1,1,2,0,1,46.0,0.0
1556.5153465,6,1,3,0,1,51.0,0.0
1556.5198345,6,1,2,0,1,46.0,0.0
1556.5518215,3,1,1,0,4,50.0,21.084
1556.551843,1,1,2,0,1,47.0,0.0
1556.554588,1,1,2,0,1,50.0,0.0
1556.556921,5,1,1,0,1,47.0,0.0
1556.569392,1,1,1,0,1,46.0,0.0
1556.571825,5,2,1,0,3,47.0,11.405
1556.575396,1,2,4,0,5,50.0,37.737
1556.575423,5,1,4,0,1,48.0,0.0
1556.5754425,6,1,2,0,7,48.0,28.028
1556.5805455,6,1,1,0,1,46.0,0.0
1556.5843905,3,1,1,0,1,46.0,0.0
1556.584412,5,1,2,0,1,46.0,0.0
1556.591269,5,2,1,0,2,45.0,9.078
1556.594873,1,1,1,0,1,46.0,0.0
1556.5960625,6,1,3,0,29,50.0,49.691
1556.5960888,1,2,2,0,3,49.0,12.703
1556.604549,1,90,17,7,181,70.0,5090.0
1556.6046795,6,2,2,0,12,50.0,55.687
1556.613848,5,4,1,0,5,48.0,20.955
1556.6162335,6,1,1,0,1,45.0,0.0
1556.6469485,6,1,2,0,4,50.0,19.192
1556.646993,5,1,2,0,1,47.0,0.0
1556.6546825,6,1,2,0,1,48.0,0.0
1556.6627185,6,1,1,0,1,46.0,0.0
1556.667803,1,1,4,0,38,50.0,78.643
1556.67445,5,2,1,0,7,51.0,37.192
1556.6838365,6,1,1,0,1,45.0,0.0
1556.684019,5,2,2,0,2,46.0,3.464
1556.684717,5,2,3,0,4,48.0,12.282
1556.684718,1,1,1,0,1,45.0,0.0
1556.685821,1,2,3,0,3,51.0,33.54
1556.7106975,6,1,1,0,1,50.0,0.0
1556.711895,1,1,1,0,1,46.0,0.0
1556.731405,1,39,4,0,40,50.0,69.981
1556.7355525,3,1,2,0,4,51.0,27.734
1556.743797,1,1,1,0,1,51.0,0.0
1556.7459405,6,1,1,0,1,46.0,0.0
1556.751644,1,2,3,0,3,50.0,23.595
1556.7619685,6,1,4,0,23,50.0,59.983
1556.7730765,3,1,2,0,1,46.0,0.0
1556.773083,1,1,2,0,1,47.0,0.0
1556.778662,1,1,5,0,28,51.0,69.16
1556.7792815,3,1,2,0,10,49.0,32.632
1556.779293,1,1,2,0,1,49.0,0.0
1556.7870985,3,1,1,0,1,45.0,0.0
1556.7945745,6,1,1,0,1,45.0,0.0
1556.8068045,6,2,1,0,3,50.0,17.537
1556.810245,5,2,4,0,8,51.0,70.25
1556.8127615,3,1,1,0,1,45.0,0.0
1556.812782,1,1,1,0,1,46.0,0.0
1556.8148435,6,2,2,0,3,51.0,25.913
1556.816728,1,1,2,0,1,45.0,0.0
1556.820334,1,1,1,0,1,45.0,0.0
1556.821739,1,1,5,0,49,50.0,103.671
1556.8289605,3,1,2,0,4,50.0,18.733
1556.8299215,6,2,2,0,6,51.0,33.833
1556.8380745,6,2,3,0,2,47.0,16.717
1556.847992,1,1,5,0,24,50.0,75.639
1556.8480275,6,1,2,0,5,51.0,20.974
1556.8489925,6,2,1,0,7,51.0,43.025
1556.857913,5,2,4,0,15,51.0,108.743
1556.8678815,6,3,3,0,16,51.0,161.336
1556.880453,1,2,2,0,30,49.0,55.557
1556.8825915,6,1,1,0,1,45.0,0.0
1556.894635,5,2,4,0,6,51.0,38.218
1556.917749,1,2,1,0,2,51.0,8.226
1556.931331,1,1,2,0,5,50.0,21.513
1556.9313605,6,1,1,0,1,45.0,0.0
1556.9363955,6,2,1,0,6,51.0,37.303
1556.937281,1,9,37,18,262,72.0,16826.0
1556.937319,4,1,5,0,1,49.0,0.0
1556.9422765,3,1,1,0,1,45.0,0.0
1556.9430765,6,1,1,0,1,46.0,0.0
1556.9613765,6,1,1,0,1,45.0,0.0
1556.9691995,6,1,2,0,5,50.0,18.566
1556.969212,1,1,5,0,11,49.0,45.372
1556.969243,5,2,1,0,2,48.0,6.686
1556.975639,1,2,1,0,3,49.0,11.928
1556.989402,5,2,4,0,15,50.0,86.684
1556.989448,1,1,1,0,1,46.0,0.0
1556.9931725,6,1,1,0,1,45.0,0.0
1556.9971815,6,1,2,0,1,45.0,0.0
1557.005201,1,1,2,0,1,46.0,0.0
1557.0198625,6,2,1,0,3,50.0,13.735
1557.048415,5,1,1,0,1,45.0,0.0
1557.0484215,6,1,1,0,1,46.0,0.0
1557.072045,5,3,5,1,44,50.0,147.504
1557.076385,2,1,1,0,1,50.0,0.0
1557.082473,1,1,2,0,1,45.0,0.0
1557.0867975,6,1,1,0,1,45.0,0.0
1557.0913315,3,1,1,0,1,45.0,0.0
1557.091358,1,3,1,0,4,45.0,9.586
1557.103764,1,1,1,0,4,49.0,12.446
1557.1177795,6,1,4,0,5,49.0,17.637
1557.117781,1,2,4,0,3,50.0,18.308
1557.1238545,6,1,1,0,4,47.0,8.451
1557.125364,1,1,1,0,1,46.0,0.0
1557.1255435,3,1,1,0,1,45.0,0.0
1557.1273865,6,1,1,0,1,49.0,0.0
1557.1704245,3,1,2,0,4,50.0,23.975
1557.170451,1,2,2,0,3,51.0,17.581
1557.183319,2,1,1,0,1,50.0,0.0
1557.1866845,6,2,1,0,3,51.0,24.618
1557.1885195,6,1,1,0,4,50.0,23.38
1557.1910515,6,1,1,0,1,47.0,0.0
1557.193509,5,1,1,0,1,47.0,0.0
1557.2074545,3,1,1,0,1,46.0,0.0
1557.2081705,3,1,5,1,143,49.0,145.435
1557.211902,1,1,1,0,1,47.0,0.0
1557.216385,5,2,2,0,5,50.0,31.564
1557.234678,5,2,3,0,3,51.0,24.109
1557.234683,1,1,4,0,54,47.0,96.142
1557.2457625,6,1,1,0,4,47.0,9.212
1557.2510095,6,1,1,0,1,45.0,0.0
1557.2514225,3,1,1,0,1,46.0,0.0
1557.251449,1,1,1,0,1,45.0,0.0
1557.255892,1,2,2,0,2,50.0,8.402
1557.2752185,3,2,1,0,2,46.0,3.55
1557.2752565,6,1,1,0,1,45.0,0.0
1557.298891,1,31,5,0,32,51.0,73.333
1557.299617,5,1,2,0,1,49.0,0.0
1557.302875,5,2,5,0,5,51.0,29.259
1557.3029005,6,1,1,0,1,45.0,0.0
1557.3034475,6,2,1,0,2,45.0,3.241
1557.310004,5,1,2,0,1,46.0,0.0
1557.311131,5,1,3,0,49,50.0,83.432
1557.33515,5,2,1,0,2,46.0,7.88
1557.3355605,6,1,1,0,1,46.0,0.0
1557.3360605,3,1,1,0,1,45.0,0.0
1557.3360745,6,1,3,0,1,49.0,0.0
1557.336093,1,1,3,0,1,48.0,0.0
1557.337567,5,1,1,0,1,45.0,0.0
1557.3394445,6,1,1,0,1,45.0,0.0
1557.3402145,6,1,2,0,1,51.0,0.0
1557.365239,1,1,1,0,1,48.0,0.0
1557.3907375,6,1,1,0,1,45.0,0.0
1557.4098085,6,1,2,0,8,48.0,24.631
1557.417661,5,2,1,0,4,45.0,10.377
1557.419578,5,2,2,0,2,50.0,11.678
1557.4196095,6,1,1,0,1,45.0,0.0
1557.434009,4,1,1,0,4,46.0,8.189
1557.4477615,6,2,2,0,2,45.0,3.695
1557.4492495,6,1,1,0,1,47.0,0.0
1557.462634,1,2,2,0,3,48.0,16.834
1557.4626365,6,2,1,0,5,47.0,16.498
1557.4645835,6,1,2,0,4,49.0,15.128
1557.4690235,6,1,1,0,1,46.0,0.0
1557.474629,1,1,1,0,1,48.0,0.0
1557.4801125,6,1,1,0,1,47.0,0.0
1557.4847795,6,1,2,0,4,48.0,13.724
1557.4938665,3,1,1,0,1,45.0,0.0
1557.5067585,6,1,1,0,4,47.0,9.604
1557.5079065,6,3,2,0,4,51.0,23.983
1557.514011,1,1,1,0,1,45.0,0.0
1557.5188985,6,1,1,0,1,45.0,0.0
1557.5273825,6,1,1,0,1,45.0,0.0
1557.5311035,6,1,1,0,1,47.0,0.0
1557.5571415,6,1,3,0,8,50.0,35.601
1557.560933,1,1,2,0,1,47.0,0.0
1557.560945,5,1,1,0,1,45.0,0.0
1557.5609525,6,1,1,0,1,45.0,0.0
1557.563031,5,2,4,0,2,50.0,10.021
1557.5630385,6,1,1,0,4,49.0,12.955
1557.563073,2,1,1,0,1,50.0,0.0
1557.567946,5,1,2,0,1,45.0,0.0
1557.569794,1,1,2,0,1,50.0,0.0
1557.5700215,6,1,1,0,1,45.0,0.0
1557.571092,5,1,1,0,1,46.0,0.0
1557.5722585,6,2,1,0,2,45.0,5.377
1557.5889255,6,1,1,0,1,45.0,0.0
1557.589929,1,1,1,0,1,49.0,0.0
1557.5918745,6,1,1,0,1,45.0,0.0
1557.5937865,3,1,5,1,68,50.0,122.849
1557.597593,5,11,36,52,555,80.0,80853.0
1557.5976065,6,16,39,27,309,77.0,33893.0
1557.597613,2,28,40,28,327,69.0,21599.0
1557.598843,5,1,2,0,12,48.0,30.32
1557.6010955,3,1,1,0,4,47.0,9.579
1557.6013295,6,1,1,0,1,46.0,0.0
1557.611763,1,9,4,0,10,51.0,44.852
1557.636955,5,1,3,0,14,50.0,37.925
1557.637581,5,3,1,0,4,47.0,13.321
1557.638085,5,1,1,0,1,47.0,0.0
1557.6380925,3,1,1,0,4,46.0,9.171
1557.638115,1,2,3,0,24,50.0,68.331
1557.642297,5,1,3,0,15,48.0,32.249
1557.6477565,6,1,1,0,1,45.0,0.0
1557.6591225,6,1,1,0,1,45.0,0.0
1557.661341,1,1,1,0,1,45.0,0.0
1557.662807,1,1,3,0,4,49.0,15.734
1557.6711585,3,1,1,0,1,45.0,0.0
1557.6711965,6,1,1,0,1,48.0,0.0
1557.6752145,6,1,1,0,1,45.0,0.0
1557.6783585,6,1,1,1,185,47.0,65.646
1557.6841995,3,2,2,0,18,51.0,57.98
1557.684216,1,1,6,1,42,51.0,141.333
1557.684226,5,1,4,0,29,51.0,89.113
1557.684229,2,2,2,0,14,51.0,62.861
1557.6842315,6,1,4,0,19,49.0,60.301
1557.702416,5,1,3,0,1,46.0,0.0
1557.705704,1,1,1,0,1,45.0,0.0
1557.70704,1,2,1,0,3,48.0,11.57
1557.711455,1,2,2,0,13,50.0,37.011
1557.712605,5,2,2,0,3,49.0,12.919
1557.7170435,6,1,1,0,4,46.0,8.067
1557.732443,1,2,3,0,46,51.0,76.199
1557.7335215,6,1,1,0,1,45.0,0.0
1557.7373335,6,2,1,0,3,50.0,19.419
1557.7657925,6,1,2,0,1,46.0,0.0
1557.7800595,6,1,2,0,1,48.0,0.0
1557.8185245,6,2,5,0,41,48.0,94.265
1557.8185355,3,1,1,0,1,45.0,0.0
1557.818555,2,1,1,0,1,50.0,0.0
1557.823136,4,1,1,0,37,48.0,71.856
1557.8231395,3,1,2,0,1,46.0,0.0
1557.837873,1,2,1,0,3,49.0,13.636
1557.8417325,6,1,1,0,1,47.0,0.0
1557.8437345,6,1,1,0,1,48.0,0.0
1557.8446435,6,2,1,0,3,49.0,15.687
1557.8557635,6,1,1,0,1,45.0,0.0
1557.8591395,6,3,1,0,13,49.0,45.746
1557.86048,2,1,1,0,1,50.0,0.0
1557.8639655,6,1,1,0,1,47.0,0.0
1557.8725485,6,1,1,0,1,45.0,0.0
1557.8769665,3,1,1,0,1,46.0,0.0
1557.876973,5,2,5,0,53,50.0,134.294
1557.876985,1,2,2,0,2,49.0,11.678
1557.8769925,6,1,2,0,1,46.0,0.0
1557.8880445,3,2,1,0,3,45.0,7.724
1557.8880785,6,1,1,0,1,45.0,0.0
1557.891828,1,2,2,0,30,51.0,65.809
1557.8955435,6,2,8,3,51,69.0,3394.0
1557.9337635,6,1,2,0,1,45.0,0.0
1557.942672,5,2,2,0,2,48.0,10.809
1557.9631205,6,1,1,0,4,47.0,11.629
1557.9706705,6,1,1,0,1,45.0,0.0
1557.978144,1,1,3,0,1,49.0,0.0
1557.978991,5,7,6,1,61,53.0,154.75
1557.983335,1,2,4,0,16,58.0,328.38
1557.98932,2,1,2,0,1,60.0,0.0
1557.991678,1,2,1,0,6,47.0,25.054
1557.9964135,6,2,4,0,14,52.0,83.165
1557.99775,1,2,2,0,32,51.0,73.784
1558.005479,1,1,2,0,1,47.0,0.0
1558.0088705,6,1,1,0,1,45.0,0.0
1558.015771,1,2,5,0,37,53.0,153.808
1558.0196765,6,2,3,0,14,55.0,90.435
1558.0220895,6,1,1,0,1,45.0,0.0
1558.033961,5,2,3,0,3,51.0,21.206
1558.034692,5,2,4,0,8,58.0,230.69
1558.0455625,6,2,2,0,12,59.0,164.659
1558.054823,5,2,5,0,18,51.0,106.566
1558.0560405,6,1,1,0,1,45.0,0.0
1558.057455,1,6,33,10,210,63.0,4178.0
1558.0574565,3,10,19,5,118,62.0,1736.0
1558.057457,2,9,20,7,152,61.0,2047.0
1558.0574675,6,64,27,7,253,56.0,1360.0
1558.05748,5,14,20,4,157,57.0,756.842
1558.0632625,6,1,1,0,1,46.0,0.0
1558.0658635,6,1,1,0,1,47.0,0.0
1558.074069,1,33,9,1,47,55.0,419.29
1558.074107,2,1,1,0,1,51.0,0.0
1558.0828795,6,1,1,0,1,45.0,0.0
1558.0910805,6,5,13,5,84,68.0,3658.0
1558.091089,5,1,10,0,27,52.0,131.715
1558.091094,1,26,11,2,77,54.0,354.319
1558.0911005,3,1,6,0,33,50.0,96.1
1558.091115,2,1,6,1,63,55.0,300.463
1558.096799,5,1,2,0,1,47.0,0.0
1558.097783,5,2,1,0,3,55.0,39.381
1558.1012885,6,21,30,11,176,64.0,5068.0
1558.1012975,3,11,18,4,164,56.0,900.039
1558.101298,2,30,17,6,121,62.0,2312.0
1558.1013,1,23,31,10,175,63.0,4909.0
1558.101302,5,41,34,14,237,66.0,7881.0
1558.101306,4,2,4,0,31,49.0,76.26
1558.107517,1,5,5,0,6,49.0,19.897
1558.114167,1,1,2,0,7,52.0,40.065
1558.1170395,6,1,1,0,1,45.0,0.0
1558.1326085,6,2,4,0,12,56.0,122.25
1558.146846,5,2,3,0,3,55.0,26.156
1558.153289,1,12,34,14,213,65.0,6572.0
1558.153291,2,5,24,12,277,62.0,3886.0
1558.1532925,3,7,21,7,157,64.0,2769.0
1558.153299,5,32,24,5,175,58.0,1209.0
1558.1533045,6,67,33,9,260,58.0,2156.0
1558.160061,5,2,1,0,3,48.0,15.964
1558.173635,5,1,1,0,1,45.0,0.0
1558.175974,1,2,8,2,117,57.0,522.098
1558.175996,5,11,3,0,12,51.0,46.448
1558.1760005,6,3,3,0,4,50.0,21.3
1558.1832055,6,4,7,1,61,60.0,432.031
1558.183225,1,2,7,1,67,52.0,205.538
1558.183251,5,2,3,0,2,47.0,3.352
1558.1862805,6,1,1,0,1,48.0,0.0
1558.18938,1,2,2,0,9,53.0,57.921
1558.1893965,6,1,2,0,7,51.0,38.936
1558.1928775,6,1,2,0,5,52.0,35.202
1558.2029935,6,1,3,0,4,52.0,26.287
1558.206142,2,1,1,0,1,53.0,0.0
1558.2235645,6,1,3,0,15,57.0,151.47
1558.2244575,6,4,6,1,29,61.0,423.836
1558.224467,1,1,1,0,1,46.0,0.0
1558.225125,5,1,5,0,19,51.0,83.224
1558.2251375,6,1,4,0,35,48.0,77.162
1558.228344,5,2,1,0,2,45.0,4.66
1558.2311995,6,2,7,2,101,53.0,320.134
1558.231218,5,9,10,2,81,55.0,396.869
1558.2312245,3,1,2,0,7,48.0,21.055
1558.23125,1,2,5,0,28,50.0,105.546
1558.2325735,6,1,3,0,4,53.0,41.199
1558.233127,1,1,8,1,89,52.0,183.63
1558.2331305,6,2,7,1,55,54.0,171.358
1558.2331365,3,1,2,0,12,47.0,20.098
1558.237056,5,2,1,0,3,47.0,13.569
1558.2405425,6,1,1,0,1,51.0,0.0
1558.24232,5,2,4,0,3,47.0,8.61
1558.263554,1,1,8,1,46,57.0,330.374
1558.264569,1,2,10,2,87,60.0,525.532
1558.2646005,6,1,3,0,38,48.0,56.794
1558.272963,5,3,5,0,9,54.0,184.208
1558.2729655,3,1,4,0,15,52.0,76.048
1558.2729825,6,1,4,0,29,49.0,63.483
1558.273001,1,1,4,0,25,48.0,48.199
1558.278284,5,2,1,0,3,49.0,13.328
1558.279228,2,1,3,0,1,53.0,0.0
1558.291677,1,1,1,0,1,45.0,0.0
1558.294118,1,1,1,0,1,46.0,0.0
1558.295982,5,2,1,0,2,45.0,5.484
1558.3018865,6,2,3,1,103,50.0,120.248
1558.301891,5,1,2,0,1,48.0,0.0
1558.306711,1,22,12,2,115,55.0,441.951
1558.3067115,6,2,14,3,115,56.0,762.015
1558.306715,2,1,10,1,20,57.0,414.738
1558.3067275,3,1,5,1,55,51.0,145.436
1558.306742,5,1,6,1,94,52.0,216.107
1558.3184825,6,1,1,0,1,45.0,0.0
1558.332559,1,1,4,0,1,50.0,0.0
1558.3325865,6,1,3,0,1,46.0,0.0
1558.334288,1,1,1,0,1,45.0,0.0
1558.3347115,6,1,1,0,4,47.0,10.094
1558.3386035,6,3,1,0,5,53.0,35.004
1558.340506,1,2,1,0,3,51.0,17.01
1558.3411445,6,2,4,0,21,56.0,211.566
1558.3451755,6,1,2,0,89,47.0,53.027
1558.354531,1,2,3,0,35,55.0,104.26
1558.359043,1,1,2,0,1,50.0,0.0
1558.3723795,6,2,3,0,15,52.0,92.871
1558.372383,5,2,1,0,3,46.0,8.54
1558.3741715,6,4,19,4,124,61.0,1124.0
1558.374174,1,1,15,3,141,56.0,552.238
1558.374181,2,27,6,2,88,57.0,543.719
1558.3741875,3,8,6,1,76,54.0,196.559
1558.3742,5,5,16,2,90,52.0,303.856
1558.3792825,6,2,2,0,14,58.0,138.761
1558.379286,1,4,5,0,42,52.0,97.615
1558.379286,5,2,2,0,10,51.0,55.513
1558.3795785,3,1,6,1,69,54.0,184.272
1558.379584,2,43,14,4,107,60.0,1202.0
1558.3818775,6,1,2,0,8,53.0,65.684
1558.3858985,6,4,1,0,5,49.0,27.448
1558.388049,1,1,1,0,1,45.0,0.0
1558.395056,1,2,4,0,3,53.0,29.905
1558.395081,5,1,3,0,6,51.0,26.385
1558.3950905,6,1,4,0,17,58.0,252.518
1558.398593,1,3,10,3,65,67.0,2146.0
1558.3986185,3,1,1,0,4,49.0,12.418
1558.398629,5,1,1,0,1,46.0,0.0
1558.3986325,6,1,2,0,1,47.0,0.0
1558.404095,1,2,3,0,3,53.0,30.847
1558.4054435,6,1,1,0,1,46.0,0.0
1558.406605,5,1,6,0,27,54.0,177.859
1558.4066075,6,8,7,1,103,53.0,282.869
1558.406632,1,18,4,0,19,50.0,59.078
1558.4091895,3,1,1,0,7,45.0,8.088
1558.410242,1,2,5,0,49,56.0,147.223
1558.4102645,6,1,4,0,32,54.0,125.551
1558.4111525,6,1,1,0,1,45.0,0.0
1558.4116585,3,1,2,0,1,45.0,0.0
1558.4116705,6,1,2,0,8,53.0,62.417
1558.4122015,6,1,1,0,1,45.0,0.0
1558.4138915,6,2,3,0,3,55.0,63.64
1558.420977,5,3,4,0,18,55.0,232.777
1558.4242015,6,1,1,0,1,48.0,0.0
1558.4272835,6,1,7,2,224,50.0,193.75
1558.427299,1,149,9,3,235,55.0,497.785
1558.427411,2,2,5,1,28,58.0,368.574
1558.4274195,3,1,5,1,84,50.0,106.869
1558.427438,5,19,12,1,53,52.0,226.094
1558.429284,1,2,1,0,3,49.0,16.066
1558.4295295,6,1,1,0,1,45.0,0.0
1558.4492625,6,7,33,14,212,69.0,8780.0
1558.449273,5,22,34,8,208,61.0,2448.0
1558.4492765,3,24,22,6,159,61.0,1905.0
1558.44928,1,2,36,15,269,68.0,8081.0
1558.449285,2,2,26,10,163,62.0,3978.0
1558.449309,4,2,2,0,5,46.0,17.956
1558.4505105,6,1,1,0,1,45.0,0.0
1558.4603675,6,7,8,1,42,61.0,609.634
1558.460371,1,6,10,1,48,54.0,198.843
1558.4603825,3,1,1,0,1,47.0,0.0
1558.460971,2,1,12,3,106,58.0,832.527
1558.4609745,3,10,10,2,119,54.0,343.454
1558.4609785,6,21,13,2,102,56.0,550.974
1558.460988,5,5,21,4,115,59.0,1110.0
1558.460989,1,5,14,3,85,58.0,779.462
1558.4658465,6,1,1,0,1,45.0,0.0
1558.4677535,3,23,38,20,316,67.0,10305.0
1558.467756,4,32,22,6,180,59.0,1755.0
1558.467759,2,9,45,40,276,78.0,58516.0
1558.46776,5,38,60,32,357,70.0,26899.0
1558.467762,1,20,56,35,356,75.0,39482.0
1558.4677635,6,21,44,28,309,73.0,24526.0
1558.4718595,6,2,1,0,20,55.0,116.583
1558.4731505,6,1,2,0,8,46.0,18.109
1558.475682,5,1,11,2,50,59.0,676.806
1558.4756915,6,1,10,2,84,60.0,719.83
1558.475731,1,1,6,0,47,51.0,116.429
1558.4757325,3,1,2,0,1,47.0,0.0
1558.475733,2,1,1,0,1,50.0,0.0
1558.478598,5,3,2,0,7,58.0,208.763
1558.481554,5,13,14,2,40,57.0,964.051
1558.481559,2,1,6,2,110,54.0,439.249
1558.4815615,6,1,6,1,66,52.0,198.206
1558.481563,1,1,9,1,96,54.0,234.984
1558.4829605,6,1,3,0,7,55.0,83.84
1558.4932525,6,1,1,0,4,47.0,11.405
1558.495224,5,2,8,2,43,61.0,935.452
1558.49523,1,1,8,1,116,52.0,223.567
1558.495235,2,1,6,1,55,55.0,385.259
1558.4952395,3,1,4,0,14,48.0,34.704
1558.4952435,6,2,7,2,222,54.0,291.339
1558.507251,5,2,5,0,24,52.0,98.967
1558.5072635,6,1,4,0,29,53.0,100.303
1558.508306,1,2,3,0,11,52.0,38.963
1558.5083245,3,1,1,0,1,45.0,0.0
1558.508928,1,2,1,0,2,45.0,15.254
1558.5090185,3,1,1,0,1,45.0,0.0
1558.513096,1,1,2,0,1,50.0,0.0
1558.5172975,6,3,2,0,17,55.0,124.521
1558.5228865,6,2,2,0,3,47.0,9.923
1558.52299,1,1,4,0,38,51.0,56.582
1558.52299,5,1,5,0,8,56.0,109.705
1558.5245335,6,2,1,0,3,54.0,52.62
1558.528505,5,1,1,0,1,50.0,0.0
1558.530051,5,11,22,9,104,70.0,8375.0
1558.5300545,3,1,8,1,88,51.0,165.611
1558.530057,4,1,4,0,1,48.0,0.0
1558.530062,1,17,17,4,144,59.0,1163.0
1558.530065,2,1,9,2,60,56.0,552.341
1558.5300695,6,21,17,4,123,58.0,869.169
1558.532054,2,4,16,6,144,65.0,2569.0
1558.5320575,3,2,11,3,182,56.0,539.956
1558.5320605,6,1,16,4,127,62.0,970.92
1558.532062,1,60,19,4,145,56.0,912.389
1558.532068,5,2,12,3,130,56.0,567.517
1558.533069,5,1,1,0,1,45.0,0.0
1558.53378,5,2,2,0,7,51.0,41.597
1558.5399,5,5,36,19,223,75.0,17917.0
1558.539913,1,16,33,10,250,64.0,3681.0
1558.5399145,6,17,28,10,202,66.0,4994.0
1558.539918,2,47,27,10,165,64.0,4653.0
1558.539919,4,1,5,1,58,51.0,136.543
1558.5399235,3,1,15,5,173,58.0,1243.0
1558.544476,5,8,12,2,74,59.0,831.471
1558.5444915,6,6,13,2,106,56.0,492.717
1558.544493,1,1,5,0,62,48.0,85.011
1558.544496,2,2,7,0,15,55.0,237.017
1558.5444965,3,2,7,1,71,51.0,168.428
1558.5467375,6,1,11,3,58,66.0,1972.0
1558.546768,5,1,3,0,18,52.0,53.287
1558.546769,1,2,3,0,40,51.0,92.723
1558.55243,1,1,2,0,1,47.0,0.0
1558.5544455,3,1,1,0,4,46.0,8.627
1558.557137,5,1,1,0,4,49.0,19.938
1558.558834,1,2,3,0,12,51.0,46.231
1558.5588445,3,1,2,0,4,49.0,12.607
1558.5588655,6,1,2,0,19,47.0,20.097
1558.5621545,6,1,1,0,1,46.0,0.0
1558.5705775,6,2,2,0,7,52.0,36.181
1558.581769,5,1,4,0,15,55.0,184.944
1558.58177,2,1,2,0,1,50.0,0.0
1558.5899245,6,2,7,1,38,56.0,294.879
1558.589952,5,1,4,0,1,48.0,0.0
1558.5899725,3,1,3,0,29,49.0,57.568
1558.5944615,6,1,1,0,1,45.0,0.0
1558.5961125,6,1,2,0,4,53.0,29.73
1558.596118,1,2,2,0,3,52.0,23.911
1558.597101,5,2,2,0,2,45.0,4.961
1558.6033535,6,2,1,0,3,55.0,40.363
1558.603504,1,1,1,0,1,45.0,0.0
1558.6045155,6,1,2,0,21,49.0,48.675
1558.604524,1,1,3,0,9,47.0,20.654
1558.605148,5,1,2,0,1,49.0,0.0
1558.610077,1,2,5,1,23,62.0,510.409
1558.6113115,6,2,2,0,21,56.0,173.956
1558.616669,1,1,1,0,1,45.0,0.0
1558.617312,5,1,3,0,18,58.0,259.943
1558.618564,5,8,4,1,93,51.0,152.097
1558.6185675,3,11,4,1,62,54.0,145.033
1558.618574,1,1,5,0,14,48.0,29.248
1558.6185785,6,2,7,1,56,52.0,224.247
1558.6214205,6,2,2,0,11,57.0,186.429
1558.6220755,6,6,33,18,255,77.0,29677.0
1558.62209,5,30,32,9,176,62.0,3406.0
1558.622091,1,35,26,7,186,60.0,1956.0
1558.6220965,3,1,16,6,190,59.0,1410.0
1558.622105,2,1,14,6,130,61.0,1965.0
1558.6257245,6,1,4,0,22,52.0,90.26
1558.625735,1,1,1,0,1,47.0,0.0
1558.6269275,6,14,4,0,16,56.0,154.679
1558.62697,5,1,2,0,1,46.0,0.0
1558.6269835,3,1,1,0,19,46.0,21.631
1558.6349245,6,2,3,0,12,59.0,397.265
1558.6384215,6,1,2,0,18,51.0,45.613
1558.638429,5,5,3,0,6,50.0,52.549
1558.638432,1,1,4,0,1,49.0,0.0
1558.658437,5,2,1,0,2,50.0,17.666
1558.677116,1,1,5,0,1,47.0,0.0
1558.681783,1,1,4,0,7,50.0,31.034
1558.6837905,6,1,1,0,1,49.0,0.0
1558.6867945,6,7,3,0,11,56.0,121.747
1558.6881985,6,1,1,0,1,48.0,0.0
1558.689421,1,10,4,0,11,53.0,64.294
1558.7069465,6,1,2,0,5,52.0,27.299
1558.7211255,6,2,2,0,2,46.0,6.26
1558.7248925,6,1,2,0,1,46.0,0.0
1558.7267745,3,1,1,0,5,51.0,32.245
1558.72678,1,1,2,0,21,51.0,44.33
1558.726781,2,2,1,0,9,51.0,56.066
1558.726784,5,2,2,0,2,48.0,8.896
1558.7267925,6,1,3,0,29,51.0,38.124
1558.7280745,6,2,1,0,6,54.0,51.975
1558.732394,5,1,6,0,25,57.0,221.527
1558.7324105,6,1,3,0,11,52.0,84.28
1558.732418,2,1,1,0,1,53.0,0.0
1558.735906,1,1,4,0,38,58.0,180.363
1558.740292,5,18,8,1,19,59.0,597.777
1558.741335,5,2,1,0,3,52.0,20.308
1558.7413465,6,2,3,0,17,59.0,207.851
1558.7467075,6,2,4,1,69,54.0,162.561
1558.7478215,6,14,4,0,18,55.0,115.969
1558.7484405,3,1,1,0,1,46.0,0.0
1558.751373,1,2,1,0,3,45.0,6.711
1558.752753,1,1,1,0,1,45.0,0.0
1558.7546465,3,1,1,0,4,48.0,11.754
1558.761124,5,10,10,4,226,59.0,746.44
1558.761139,1,1,14,2,174,51.0,270.513
1558.7611515,6,143,14,3,208,58.0,579.761
1558.7641495,6,1,1,0,1,45.0,0.0
1558.769837,1,1,1,0,1,47.0,0.0
1558.7864435,6,1,4,0,21,58.0,236.622
1558.7893255,6,1,2,0,1,49.0,0.0
1558.789326,1,1,2,0,1,49.0,0.0
1558.789521,5,2,2,0,3,50.0,22.33
1558.791955,1,1,2,0,1,48.0,0.0
1558.7929665,6,2,4,0,14,58.0,124.552
1558.794418,1,2,5,1,40,61.0,374.201
1558.799908,5,1,2,0,1,50.0,0.0
1558.803916,5,2,21,18,289,78.0,26652.0
1558.8039395,6,1,6,0,27,51.0,115.816
1558.83253,5,1,2,0,4,53.0,35.849
1558.8325565,6,1,1,0,1,45.0,0.0
1558.8341625,6,3,3,0,4,53.0,48.237
1558.8408425,6,1,1,0,1,48.0,0.0
1558.8447395,6,2,4,0,22,56.0,217.699
1558.844755,5,1,3,0,42,50.0,62.195
1558.844809,1,1,1,0,1,45.0,0.0
1558.853966,5,4,15,5,105,65.0,3433.0
1558.8539985,6,2,4,0,22,55.0,154.04
1558.8571025,6,2,8,4,58,71.0,4069.0
1558.860926,5,2,8,1,31,59.0,460.953
1558.8609495,6,2,4,1,28,55.0,235.233
1558.860964,1,1,1,0,1,47.0,0.0
1558.8632645,6,2,1,0,3,45.0,7.564
1558.8659985,6,1,12,2,93,58.0,682.172
1558.866007,5,16,12,2,53,55.0,514.394
1558.866009,1,2,13,3,92,62.0,876.455
1558.8660295,3,1,1,0,1,45.0,0.0
1558.875964,5,2,1,0,2,46.0,4.179
1558.880221,1,1,2,0,4,48.0,13.621
1558.880985,5,2,1,0,2,50.0,6.726
1558.8859715,6,1,1,0,1,45.0,0.0
1558.886189,5,2,2,0,2,52.0,17.41
1558.8891235,6,2,3,0,22,53.0,68.426
1558.8951525,6,1,1,0,1,47.0,0.0
1558.89642,2,2,7,1,35,58.0,405.841
1558.896429,1,43,13,2,131,55.0,421.68
1558.8964435,3,1,2,0,7,55.0,63.21
1558.89647,5,2,6,0,21,50.0,66.717
1558.8964915,6,2,3,0,12,52.0,54.067
1558.899548,5,11,4,0,12,50.0,71.253
1558.8995515,6,6,4,0,20,55.0,146.454
1558.899576,1,1,2,0,1,46.0,0.0
1558.9033505,6,1,2,0,1,48.0,0.0
1558.9146175,6,2,1,0,2,45.0,3.579
1558.9159465,6,1,1,0,1,45.0,0.0
1558.919255,1,2,4,0,49,50.0,83.351
1558.9192685,6,1,2,0,1,49.0,0.0
1558.9220515,6,4,4,0,25,55.0,146.806
1558.9224885,3,1,1,0,1,45.0,0.0
1558.9255875,6,2,1,0,3,49.0,10.904
1558.929519,1,1,5,1,51,54.0,184.308
1558.9295305,6,1,3,0,4,49.0,13.945
1558.930838,1,1,2,0,1,50.0,0.0
1558.9390825,6,2,2,0,2,47.0,6.26
1558.948222,1,1,3,0,9,47.0,19.747
1558.958957,5,2,1,0,3,50.0,14.302
1558.95966,1,1,2,0,1,47.0,0.0
1558.95967,5,1,1,0,1,47.0,0.0
1558.9659005,6,1,1,0,1,45.0,0.0
1558.967615,5,2,13,1,78,55.0,363.044
1558.9676795,3,1,4,0,20,52.0,127.285
1558.9676975,6,1,3,0,20,50.0,68.826
1558.967699,1,15,6,0,19,53.0,99.685
1558.9685685,6,1,2,0,4,46.0,7.78
1558.9728515,6,1,4,0,24,50.0,51.121
1558.9754395,6,1,2,0,1,46.0,0.0
1558.979797,1,2,14,4,67,67.0,2665.0
1558.983749,2,2,1,0,2,51.0,37.147
1558.98776,5,2,9,1,39,58.0,329.873
1558.9877975,6,1,2,0,4,49.0,14.02
1558.995951,1,1,1,0,1,45.0,0.0
1558.9983665,6,1,2,0,4,45.0,6.763
1559.00259,5,9,4,0,17,54.0,195.988
1559.007181,5,2,16,4,68,64.0,2180.0
1559.0071875,3,1,2,0,43,48.0,49.043
1559.0071975,6,10,10,1,53,57.0,269.458
1559.007214,2,1,1,0,1,56.0,0.0
1559.007253,1,1,1,0,1,47.0,0.0
1559.0101645,6,1,1,0,1,45.0,0.0
1559.021245,1,4,16,3,87,64.0,926.845
1559.0212545,3,1,5,1,98,51.0,160.457
1559.021258,2,1,8,1,19,57.0,406.84
1559.021264,5,37,8,2,95,53.0,283.176
1559.0212725,6,1,11,2,91,55.0,377.266
1559.033424,1,2,6,1,75,52.0,231.452
1559.0334395,6,1,4,0,24,51.0,71.81
1559.0334425,3,1,3,0,32,48.0,57.027
1559.033445,2,1,4,0,10,56.0,181.451
1559.033487,5,2,1,0,3,47.0,12.368
1559.0340495,6,1,2,0,70,48.0,56.623
1559.0340685,3,1,1,0,1,45.0,0.0
1559.047142,5,1,1,0,1,45.0,0.0
1559.0538415,6,1,2,0,5,57.0,64.529
1559.0603755,6,1,1,0,4,49.0,13.626
1559.0673475,6,2,2,0,3,53.0,28.719
1559.069879,1,2,5,0,18,60.0,322.231
1559.0712045,3,2,2,0,6,53.0,47.817
1559.072569,1,2,4,0,14,53.0,89.072
1559.072772,5,2,1,0,3,52.0,21.354
1559.083167,5,1,2,0,4,52.0,17.601
1559.0834355,6,1,1,0,1,45.0,0.0
1559.6405895,6,1,1,0,1,45.0,0.0
1559.64427,5,2,2,0,2,48.0,6.569
1559.6500705,3,1,1,0,1,45.0,0.0
1559.650075,2,1,1,0,1,50.0,0.0
1559.650077,5,1,3,0,1,50.0,0.0
1559.6500875,6,1,2,0,4,49.0,13.45
1559.650106,1,1,2,1,197,50.0,106.322
1559.6658875,6,1,1,0,1,45.0,0.0
1559.6930185,6,1,2,0,5,49.0,14.402
1559.697475,5,1,1,0,1,45.0,0.0
1559.7079175,6,3,1,0,4,49.0,22.768
1559.708142,1,1,2,0,1,47.0,0.0
1559.7119675,6,1,2,0,1,48.0,0.0
1559.7151475,3,1,9,1,96,49.0,160.035
1559.7160695,6,1,1,0,1,45.0,0.0
1559.719173,1,2,4,0,3,51.0,13.857
1559.7224955,6,1,4,1,170,50.0,71.892
1559.722517,5,1,1,0,1,45.0,0.0
1559.73965,5,2,1,0,2,45.0,3.435
1559.7421675,6,5,10,5,60,73.0,5501.0
1559.745501,5,2,1,0,3,51.0,23.269
1559.746179,5,2,3,0,3,48.0,9.99
1559.7461955,3,1,1,0,1,45.0,0.0
1559.748846,5,15,37,16,217,71.0,13998.0
1559.748846,2,1,31,18,253,71.0,11410.0
1559.748851,4,1,1,0,1,47.0,0.0
1559.754183,1,1,2,0,21,47.0,29.598
1559.7541945,6,1,1,0,1,48.0,0.0
1559.75588,1,1,1,0,1,49.0,0.0
1559.7573885,6,2,2,0,14,50.0,38.424
1559.7597335,3,1,6,1,115,48.0,151.11
1559.760878,1,16,6,0,19,51.0,76.991
1559.7608825,3,1,2,0,31,47.0,34.619
1559.762692,5,2,1,0,2,50.0,14.315
1559.768305,5,1,1,0,1,47.0,0.0
1559.775405,1,1,3,0,1,49.0,0.0
1559.7793635,3,1,1,0,1,45.0,0.0
1559.7794055,6,1,1,0,1,45.0,0.0
1559.7840375,6,1,4,0,27,48.0,40.687
1559.7840445,3,2,2,0,2,47.0,4.927
1559.784051,5,1,7,0,23,48.0,47.988
1559.796523,1,1,1,0,1,45.0,0.0
1559.801834,5,2,1,0,2,45.0,4.432
1559.8037855,6,1,1,0,1,45.0,0.0
1559.804627,5,1,3,0,1,47.0,0.0
1559.8046305,6,1,2,0,4,50.0,20.625
1559.804656,2,1,1,0,1,51.0,0.0
1559.8070665,6,1,3,0,9,50.0,18.951
1559.808003,5,2,1,0,3,46.0,8.547
1559.810781,1,1,1,0,1,45.0,0.0
1559.8115085,6,1,4,0,67,51.0,89.623
1559.8136375,6,1,1,0,1,47.0,0.0
1559.8186615,6,1,1,0,1,45.0,0.0
1559.8233995,3,1,4,0,29,51.0,70.345
1559.826013,5,1,1,0,1,47.0,0.0
1559.826525,5,1,2,0,1,48.0,0.0
1559.8325875,6,2,1,0,4,46.0,13.678
1559.842782,5,4,2,0,5,48.0,19.928
1559.8598235,6,1,1,0,1,46.0,0.0
1559.8617265,3,1,1,0,1,47.0,0.0
1559.86173,5,2,2,0,3,47.0,10.734
1559.875539,1,1,2,0,8,49.0,24.273
1559.8804425,6,1,1,0,1,45.0,0.0
1559.8823365,6,1,1,0,1,45.0,0.0
1559.883474,5,2,2,0,13,50.0,52.667
1559.8834905,6,2,1,0,16,50.0,48.284
1559.885868,1,1,3,0,1,47.0,0.0
1559.8858755,6,1,3,1,105,48.0,66.0
1559.8933795,3,1,4,0,1,49.0,0.0
1559.89932,1,6,2,0,7,49.0,28.46
1559.909006,5,3,1,0,4,46.0,13.642
1559.9190775,6,1,1,0,1,45.0,0.0
1559.9275865,6,1,1,0,4,49.0,16.034
1559.9310045,3,1,2,0,8,49.0,25.309
1559.931027,5,1,5,0,4,49.0,10.283
1559.9310535,6,2,2,0,3,50.0,15.269
1559.9403765,6,2,3,0,18,49.0,50.745
1559.9475725,3,1,1,0,1,45.0,0.0
1559.9495205,3,1,1,0,4,48.0,14.525
1559.949536,2,1,1,0,1,50.0,0.0
1559.9516755,6,2,2,0,8,51.0,44.727
1559.9541595,3,1,2,0,4,50.0,16.647
1559.954182,5,1,8,0,6,49.0,21.9
1559.9542045,6,1,2,0,4,49.0,19.558
1559.9578945,3,1,2,0,4,48.0,13.23
1559.957929,1,1,4,0,20,50.0,68.83
1559.9586655,6,1,1,0,1,45.0,0.0
1559.961093,5,1,1,0,1,49.0,0.0
1559.963283,5,2,1,0,3,46.0,12.841
1559.968315,5,2,4,0,14,48.0,56.225
1559.969591,1,2,4,0,36,51.0,88.686
1559.9777905,6,1,3,0,6,49.0,11.153
1559.9784065,6,2,1,0,2,45.0,24.964
1559.9840375,6,1,1,0,1,45.0,0.0
1559.9869285,6,2,1,0,2,45.0,10.461
1559.993054,5,2,2,0,2,47.0,6.414
1559.9953435,6,1,2,0,8,51.0,43.832
1559.9961115,3,1,2,0,26,46.0,25.053
1559.9971475,6,1,1,0,1,47.0,0.0
1560.0031835,3,2,3,0,10,50.0,50.835
1560.0251075,6,1,1,0,1,45.0,0.0
1560.0288745,6,1,5,0,56,50.0,101.84
1560.029387,1,2,2,0,5,50.0,40.645
1560.0347455,6,1,1,0,1,45.0,0.0
1560.034749,5,1,1,0,1,45.0,0.0
1560.03746,1,1,2,0,1,47.0,0.0
1560.0378265,6,1,1,0,1,45.0,0.0
1560.040165,1,1,4,0,1,48.0,0.0
1560.0401745,6,1,4,0,33,48.0,50.388
1560.0421395,6,1,1,0,1,45.0,0.0
1560.046563,1,1,1,0,1,47.0,0.0
1560.0487975,6,1,1,0,1,45.0,0.0
1560.0577915,6,1,1,0,1,45.0,0.0
1560.061531,5,1,2,0,1,48.0,0.0
1560.071616,1,2,1,0,3,50.0,19.285
1560.0753455,6,1,2,1,199,48.0,61.933
1560.0850095,3,1,1,0,1,45.0,0.0
1560.0865075,3,1,1,0,1,46.0,0.0
1560.0929705,6,1,1,0,1,48.0,0.0
1560.0983725,6,1,2,0,4,51.0,22.726
1560.1003645,6,1,1,0,8,47.0,16.054
1560.1013735,6,1,1,0,1,45.0,0.0
1560.107049,1,2,1,0,3,45.0,8.775
1560.109603,1,1,1,0,1,45.0,0.0
1560.1138225,3,1,2,0,4,49.0,11.766
1560.113897,5,2,2,0,2,48.0,10.411
1560.1218065,6,1,1,0,1,46.0,0.0
1560.1249285,3,1,1,0,1,45.0,0.0
1560.1249675,6,1,2,0,1,48.0,0.0
1560.124975,5,1,1,0,1,47.0,0.0
1560.1304005,6,1,1,0,1,45.0,0.0
1560.1445855,3,1,6,1,67,51.0,155.74
1560.1463045,6,2,1,0,2,46.0,11.626
1560.1606385,6,1,1,0,1,45.0,0.0
1560.16933,1,2,1,0,3,50.0,17.248
1560.171174,5,5,6,0,21,51.0,149.89
1560.174645,1,1,1,0,1,47.0,0.0
1560.186635,5,2,3,0,3,50.0,13.197
1560.186639,1,10,4,0,11,50.0,60.507
1560.187385,1,4,2,0,5,51.0,61.02
1560.1882735,6,1,1,0,1,48.0,0.0
1560.2093295,6,1,3,0,4,48.0,11.368
1560.220044,5,1,6,0,22,50.0,68.79
1560.2230865,6,1,1,0,4,45.0,9.233
1560.2269935,6,1,1,0,1,51.0,0.0
1560.228724,1,1,1,0,1,45.0,0.0
1560.2377555,6,2,1,0,2,45.0,34.679
1560.2403205,6,1,1,0,1,46.0,0.0
1560.2474835,6,1,3,0,14,47.0,28.219
1560.247499,1,1,2,0,1,46.0,0.0
1560.257684,1,2,2,0,3,50.0,17.696
1560.2631175,6,1,1,0,1,45.0,0.0
1560.2703615,6,1,1,0,1,45.0,0.0
1560.2728645,6,1,1,0,1,45.0,0.0
1560.2753875,6,1,1,0,1,45.0,0.0
1560.281733,1,1,5,0,1,51.0,0.0
1560.2817645,6,1,2,0,1,46.0,0.0
1560.2879575,6,1,1,0,1,45.0,0.0
1560.291893,1,2,8,1,63,50.0,153.076
1560.293253,1,1,1,0,1,48.0,0.0
1560.2932685,6,1,2,0,1,47.0,0.0
1560.293279,2,1,1,0,1,50.0,0.0
1560.3053675,6,1,2,0,4,47.0,10.197
1560.31072,5,2,2,0,3,48.0,9.073
1560.3124675,6,1,1,0,4,48.0,12.326
1560.318383,5,2,3,0,3,48.0,10.004
1560.3296665,6,1,1,0,1,45.0,0.0
1560.3309975,6,1,2,0,14,48.0,29.799
1560.3380025,6,4,8,3,59,72.0,4318.0
1560.3438165,6,2,3,0,12,49.0,44.9
1560.3467815,6,2,2,0,7,48.0,14.694
1560.350242,1,2,1,0,2,51.0,9.877
1560.3572835,3,1,2,0,4,47.0,9.426
1560.357305,1,1,3,0,4,51.0,18.157
1560.3573065,6,1,2,0,1,50.0,0.0
1560.35732,5,3,2,0,6,50.0,45.022
1560.371569,1,2,22,8,123,72.0,7535.0
1560.371594,2,1,1,0,1,50.0,0.0
1560.3716155,6,1,1,0,1,45.0,0.0
1560.378119,5,2,5,1,69,51.0,148.938
1560.378169,1,1,1,0,1,49.0,0.0
1560.390008,1,2,1,0,3,50.0,14.397
1560.396563,1,2,2,0,9,51.0,37.43
1560.4094615,6,1,1,0,1,46.0,0.0
1560.4168595,6,1,1,0,1,45.0,0.0
1560.4171945,3,1,1,0,4,50.0,18.553
1560.4307475,3,1,1,0,4,49.0,14.69
1560.433209,1,1,2,0,5,47.0,15.52
1560.433228,5,2,2,0,9,47.0,28.061
1560.4332315,6,2,2,0,2,50.0,5.664
1560.4335325,3,1,1,0,4,45.0,6.753
1560.4338905,6,3,2,0,4,50.0,24.789
1560.435951,5,1,3,0,1,48.0,0.0
1560.436003,1,1,1,0,1,45.0,0.0
1560.446043,5,36,6,1,51,51.0,160.153
1560.4460515,3,2,3,0,5,49.0,19.281
1560.4495405,6,1,2,0,4,50.0,17.852
1560.4657205,6,1,1,0,1,45.0,0.0
1560.4676605,6,1,1,0,1,45.0,0.0
1560.4739915,6,1,1,0,5,49.0,18.054
1560.486555,5,2,2,0,2,51.0,17.923
1560.4903545,6,1,1,0,1,45.0,0.0
1560.4921995,6,1,1,0,1,47.0,0.0
1560.4976535,6,1,1,0,1,45.0,0.0
1560.5047755,6,2,1,0,2,45.0,3.132
1560.512792,1,1,8,1,67,51.0,173.529
1560.5127975,3,1,3,0,45,49.0,77.077
1560.520808,5,1,2,0,1,46.0,0.0
1560.52551,1,1,2,0,1,48.0,0.0
1560.52593,5,1,1,0,1,45.0,0.0
1560.5261025,6,1,1,0,1,45.0,0.0
1560.532796,2,2,1,0,2,51.0,10.07
1560.5328105,6,1,1,0,1,46.0,0.0
1560.5393125,6,1,5,0,22,51.0,73.213
1560.5498615,6,1,1,0,1,45.0,0.0
1560.55879,1,1,1,0,1,47.0,0.0
1560.5638645,6,1,1,0,1,45.0,0.0
1560.569958,1,3,16,5,103,70.0,4600.0
1560.5704565,3,1,1,0,4,49.0,13.613
1560.5736125,6,1,3,0,144,50.0,49.996
1560.573755,5,1,2,0,42,47.0,51.223
1560.5865925,6,1,1,0,1,45.0,0.0
1560.597378,5,1,1,0,1,45.0,0.0
1560.604103,1,1,1,0,1,45.0,0.0
1560.6237895,6,3,2,0,4,50.0,20.786
1560.626793,5,2,1,0,3,48.0,9.134
1560.627904,1,1,1,0,1,48.0,0.0
1560.6291725,6,1,1,0,1,45.0,0.0
1560.632328,1,2,3,0,3,50.0,13.351
1560.6323315,6,1,3,0,4,49.0,10.585
1560.642715,5,1,1,0,1,45.0,0.0
1560.6430205,6,1,1,0,1,45.0,0.0
1560.6475385,6,1,1,0,1,46.0,0.0
1560.6739485,3,1,1,0,1,45.0,0.0
1560.6769045,6,1,1,0,1,45.0,0.0
1560.6798655,6,2,2,0,10,47.0,27.566
1560.694055,1,1,1,0,1,45.0,0.0
1560.6960795,6,1,1,0,1,45.0,0.0
1560.6973865,6,1,1,0,1,46.0,0.0
1560.697695,1,1,1,0,1,45.0,0.0
1560.6995575,6,1,1,0,1,45.0,0.0
1560.7010675,6,1,1,0,1,45.0,0.0
1560.7016155,6,1,1,0,1,45.0,0.0
1560.7057785,6,1,1,0,1,45.0,0.0
1560.7070035,6,2,1,0,3,50.0,13.881
1560.7093105,6,1,2,0,4,51.0,27.34
1560.7137835,6,1,1,0,4,46.0,9.173
1560.7222445,3,1,1,0,1,45.0,0.0
1560.728868,1,1,2,0,1,51.0,0.0
1560.730645,1,1,1,0,1,49.0,0.0
1560.7320655,6,1,4,0,10,50.0,38.913
1560.732081,1,1,3,0,1,47.0,0.0
1560.732098,5,1,1,0,1,46.0,0.0
1560.7381525,6,1,1,0,1,45.0,0.0
1560.740095,4,1,1,0,1,50.0,0.0
1560.740123,5,2,16,2,127,51.0,412.446
1560.742163,5,1,2,0,1,45.0,0.0
1560.7435855,6,1,1,0,1,45.0,0.0
1560.7471465,3,1,1,0,1,45.0,0.0
1560.747149,1,2,3,0,3,49.0,13.18
1560.7525255,6,1,2,0,14,51.0,40.195
1560.7595785,3,1,3,0,25,50.0,73.028
1560.766446,1,1,1,0,1,45.0,0.0
1560.773009,1,2,4,0,4,49.0,15.92
1560.7745965,6,1,2,0,1,48.0,0.0
1560.7929185,6,1,1,0,4,48.0,13.165
1560.797857,5,2,3,0,2,47.0,3.903
1560.8037995,6,1,3,0,16,51.0,70.675
1560.805011,5,7,10,1,36,51.0,244.483
1560.8050435,6,1,3,0,1,46.0,0.0
1560.805055,1,1,5,0,1,49.0,0.0
1560.8224235,6,1,1,0,1,45.0,0.0
1560.8270725,6,2,1,0,2,49.0,4.961
1560.829113,5,11,3,0,12,51.0,79.748
1560.8303745,6,1,5,0,35,50.0,73.276
1560.830386,5,1,2,0,1,47.0,0.0
1560.832345,1,1,2,0,1,46.0,0.0
1560.8337175,6,1,1,0,1,46.0,0.0
1560.845627,5,2,2,0,3,49.0,17.996
1560.845669,1,2,4,0,32,51.0,82.895
1560.8456885,6,1,2,0,1,45.0,0.0
1560.860021,1,1,2,0,1,45.0,0.0
1560.8615445,6,1,2,0,1,46.0,0.0
1560.863839,1,1,1,0,1,45.0,0.0
1560.869563,1,1,3,0,1,49.0,0.0
1560.875879,1,2,2,0,2,47.0,36.131
1560.8880615,3,1,2,0,5,48.0,16.556
1560.8916215,6,1,1,0,1,45.0,0.0
1560.8933805,6,1,3,0,9,50.0,34.049
1560.8947415,6,2,1,0,2,45.0,4.4
1560.8971545,6,1,1,0,1,45.0,0.0
1560.9005615,6,1,1,0,10,46.0,12.861
1560.903893,5,18,4,0,24,50.0,83.313
1560.9066335,3,2,1,0,2,46.0,3.324
1560.9144805,6,1,2,0,4,49.0,12.712
1560.925535,5,1,1,0,1,49.0,0.0
1560.9294205,6,1,2,0,5,50.0,22.212
1560.939358,5,1,1,0,1,50.0,0.0
1560.9393655,6,1,3,0,5,47.0,9.284
1560.9439875,6,1,1,0,1,46.0,0.0
1560.9475675,3,1,3,0,19,47.0,36.379
1560.9507865,3,1,1,0,1,45.0,0.0
1560.966284,1,7,27,17,173,76.0,23940.0
1560.9663235,3,1,3,0,18,50.0,44.262
1560.966345,5,1,3,0,1,48.0,0.0
1560.9663635,6,1,2,0,1,45.0,0.0
1560.9724405,6,2,2,0,11,49.0,38.578
1560.973303,1,1,5,0,33,50.0,72.178
1560.9733385,3,1,1,0,5,47.0,11.043
1560.974227,1,1,1,0,1,45.0,0.0
1560.981319,1,1,4,0,30,50.0,40.703
1560.9813415,3,1,2,0,14,47.0,26.377
1560.9880535,6,3,2,0,4,49.0,17.442
1560.9956665,6,1,1,0,1,45.0,0.0
1560.9988555,6,1,2,0,4,50.0,16.373
1561.0028975,6,1,1,0,1,46.0,0.0
1561.006414,2,1,1,0,1,50.0,0.0
1561.022243,1,1,2,0,4,51.0,25.747
1561.027739,5,1,1,0,1,46.0,0.0
1561.0289445,6,1,2,0,1,45.0,0.0
1561.030786,5,10,5,0,13,51.0,101.543
1561.0337845,3,1,1,0,1,45.0,0.0
1561.033792,2,1,1,0,1,50.0,0.0
1561.0338065,6,1,1,0,1,45.0,0.0
1561.0361335,6,1,1,0,1,45.0,0.0
1561.036771,5,10,5,0,24,50.0,107.24
1561.038235,1,1,1,0,4,48.0,11.23
1561.0482865,3,1,2,0,1,46.0,0.0
1561.048305,5,43,5,0,46,49.0,110.051
1561.0486265,6,1,1,0,1,45.0,0.0
1561.0587865,6,1,1,0,1,45.0,0.0
1561.0603095,6,1,3,0,1,46.0,0.0
1561.0640055,6,2,2,0,14,51.0,56.486
1561.066892,5,2,6,0,2,48.0,4.305
1561.0726285,6,1,1,0,1,45.0,0.0
1561.07514,5,2,5,0,5,49.0,29.043
1561.0810285,6,1,1,0,1,45.0,0.0
1561.087175,1,2,14,4,88,69.0,2910.0
1561.0893025,6,3,2,0,7,50.0,30.636
1561.089314,5,1,1,0,1,45.0,0.0
1561.098513,1,1,1,0,1,47.0,0.0
1561.1001,5,2,4,0,2,48.0,8.58
1561.116579,5,2,4,0,5,51.0,41.521
1561.118202,5,3,3,0,4,51.0,25.728
1561.1277785,6,1,1,0,1,46.0,0.0
1561.133076,5,2,5,0,4,50.0,13.486
1561.1335325,3,1,1,0,1,45.0,0.0
1561.1392255,6,1,3,0,1,50.0,0.0
1561.1392285,3,1,1,0,1,45.0,0.0
1561.141481,1,12,37,16,251,65.0,7950.0
1561.141483,2,8,20,8,129,61.0,3224.0
1561.1414845,3,7,25,8,202,63.0,2866.0
1561.141491,5,32,19,4,150,58.0,969.19
1561.1414925,6,46,42,12,305,61.0,3538.0
1561.1514055,6,1,1,0,4,46.0,8.697
1561.1522925,6,1,2,0,8,50.0,34.316
1561.1552755,6,3,4,0,24,58.0,246.658
1561.1674915,3,1,1,0,1,45.0,0.0
1561.179421,2,1,1,0,1,51.0,0.0
1561.188134,5,1,2,0,1,48.0,0.0
1561.199326,5,2,1,0,8,51.0,48.078
1561.2045945,6,2,2,0,4,52.0,29.905
1561.2127865,6,8,13,3,89,63.0,1148.0
1561.212796,1,2,13,2,103,59.0,445.895
1561.212802,5,1,10,1,67,52.0,253.4
1561.2128135,3,1,4,1,45,56.0,210.771
1561.212831,2,1,5,1,57,53.0,312.911
1561.2160565,6,1,3,0,21,51.0,61.344
1561.216057,5,2,1,0,2,45.0,7.333
1561.222505,1,1,3,0,35,51.0,76.6
1561.236349,5,2,3,0,5,56.0,75.461
1561.237328,1,9,31,12,248,63.0,5122.0
1561.2373295,3,6,21,6,171,62.0,1820.0
1561.23733,2,2,16,5,92,60.0,1900.0
1561.2373405,6,45,37,9,260,59.0,2255.0
1561.237353,5,5,12,2,106,57.0,567.084
1561.241497,2,1,1,0,1,53.0,0.0
1561.241508,1,24,2,0,25,46.0,32.551
1561.2417775,3,1,1,0,1,45.0,0.0
1561.242083,1,1,1,0,1,46.0,0.0
1561.2422335,6,1,2,0,8,48.0,14.886
1561.243887,2,1,2,0,1,51.0,0.0
1561.243891,5,1,2,0,15,48.0,36.327
1561.2439185,6,1,2,0,15,47.0,32.339
1561.2439205,3,1,1,0,1,45.0,0.0
1561.245005,1,1,1,0,1,47.0,0.0
1561.246206,5,1,10,2,141,55.0,334.21
1561.2462245,3,1,1,0,1,46.0,0.0
1561.2462385,6,1,3,0,1,48.0,0.0
1561.2523505,6,1,3,0,16,52.0,62.624
1561.252365,1,1,1,0,1,45.0,0.0
1561.255304,2,2,1,0,3,53.0,36.576
1561.263878,5,2,1,0,2,45.0,4.179
1561.2644165,6,1,1,0,1,45.0,0.0
1561.286257,5,2,4,0,6,53.0,56.977
1561.2961335,6,1,3,0,11,54.0,85.389
1561.3005815,6,1,2,0,1,47.0,0.0
1561.3011885,6,2,1,0,3,56.0,47.809
1561.303888,5,2,4,0,16,52.0,72.103
1561.3064735,6,2,3,0,9,61.0,251.902
1561.3206555,6,6,2,0,8,55.0,121.643
1561.320681,5,1,1,0,1,46.0,0.0
1561.3206905,3,1,2,0,10,49.0,35.675
1561.329373,5,2,36,22,351,71.0,16738.0
1561.3293885,6,38,25,9,267,61.0,2607.0
1561.3293905,3,15,17,2,102,55.0,518.57
1561.329392,2,17,21,10,283,59.0,2473.0
1561.329399,4,10,5,0,18,54.0,174.981
1561.329402,1,2,33,8,249,60.0,2233.0
1561.334253,1,30,35,16,253,64.0,8047.0
1561.3342565,3,10,24,8,201,64.0,2870.0
1561.334257,2,9,18,9,181,62.0,3283.0
1561.3342675,6,45,43,11,274,61.0,3554.0
1561.334269,5,16,18,4,144,57.0,942.136
1561.335272,5,6,23,5,84,62.0,2139.0
1561.3352805,6,3,15,4,105,64.0,1389.0
1561.3352895,3,1,7,1,61,53.0,204.012
1561.33529,1,1,19,3,133,53.0,444.901
1561.335315,2,1,5,1,51,57.0,319.396
1561.3394505,6,1,1,0,1,45.0,0.0
1561.3416335,6,1,1,0,1,45.0,0.0
1561.3448235,6,2,2,0,10,52.0,65.165
1561.3463395,6,2,3,0,14,52.0,67.926
1561.3505575,6,1,1,0,1,50.0,0.0
1561.3530735,6,2,7,1,36,59.0,393.691
1561.353116,1,1,1,0,4,46.0,8.948
1561.3536385,6,1,1,0,4,48.0,12.026
1561.3546655,6,1,1,0,1,45.0,0.0
1561.3553505,6,8,4,0,17,52.0,127.433
1561.359442,5,15,18,6,109,65.0,3082.0
1561.359462,2,1,8,2,70,57.0,526.954
1561.3594675,6,3,11,2,84,60.0,647.551
1561.359468,1,1,9,1,43,52.0,161.175
1561.3595085,3,1,3,0,36,47.0,48.486
1561.3618775,6,1,3,0,7,57.0,97.358
1561.367116,5,1,1,0,1,45.0,0.0
1561.371984,5,2,2,0,14,51.0,57.47
1561.3720015,6,1,3,0,6,52.0,30.695
1561.375331,5,22,29,8,142,63.0,3022.0
1561.3753345,6,2,26,7,198,61.0,1990.0
1561.375336,1,21,25,6,222,60.0,1571.0
1561.375336,2,53,19,7,142,61.0,2346.0
1561.3753445,3,18,13,3,139,58.0,700.781
1561.375368,4,1,1,0,1,49.0,0.0
1561.3844575,6,1,1,0,6,46.0,7.724
1561.3901095,6,155,4,1,160,56.0,188.389
1561.3911785,6,2,3,0,12,51.0,56.702
1561.397575,5,2,1,0,16,51.0,62.354
1561.397796,1,2,10,2,84,57.0,409.979
1561.397807,2,1,6,1,35,53.0,272.175
1561.3978115,3,1,1,0,5,48.0,14.754
1561.3978125,6,1,6,0,29,52.0,77.468
1561.401393,1,1,2,0,4,53.0,26.35
1561.404592,5,2,8,0,5,51.0,27.241
1561.404593,1,1,2,0,1,46.0,0.0
1561.4045965,6,1,4,0,22,50.0,53.317
1561.414128,1,2,1,0,2,50.0,12.099
1561.4178915,6,2,1,0,2,45.0,8.76
1561.420917,5,2,23,16,146,78.0,31148.0
1561.4209325,6,23,16,4,152,60.0,1129.0
1561.42094,4,1,1,0,1,45.0,0.0
1561.4209465,3,1,3,0,45,48.0,56.332
1561.42095,2,1,10,2,79,55.0,580.403
1561.420955,1,2,9,1,60,53.0,243.983
1561.4221355,6,1,1,0,1,45.0,0.0
1561.4265415,6,1,1,0,1,49.0,0.0
1561.427989,1,1,9,2,65,67.0,1176.0
1561.43246,5,1,1,0,1,45.0,0.0
1561.433938,5,1,2,0,1,46.0,0.0
1561.435309,1,2,2,0,8,49.0,66.957
1561.4384645,6,1,1,0,1,45.0,0.0
1561.439441,1,3,5,1,14,60.0,559.077
1561.4399545,6,1,1,0,1,45.0,0.0
1561.4489605,6,1,1,0,1,48.0,0.0
1561.450239,1,24,12,1,60,54.0,290.207
1561.4502415,6,1,9,2,101,59.0,599.928
1561.450259,5,2,4,0,2,50.0,10.461
1561.4502645,3,1,1,0,1,45.0,0.0
1561.4584375,6,1,6,1,68,55.0,238.427
1561.4596875,6,1,1,0,1,45.0,0.0
1561.463142,1,2,2,0,2,49.0,9.639
1561.464304,5,11,9,1,125,53.0,234.272
1561.4643295,6,100,10,2,122,61.0,636.956
1561.464353,2,1,1,0,1,50.0,0.0
1561.470843,1,6,18,3,111,61.0,922.283
1561.470846,2,1,8,3,94,57.0,634.801
1561.4708475,3,2,10,2,90,57.0,529.289
1561.4708545,6,1,12,2,73,56.0,551.136
1561.47087,5,50,15,3,109,55.0,653.72
1561.485898,1,1,1,0,1,45.0,0.0
1561.489846,1,1,2,0,4,52.0,22.539
1561.4932985,6,1,3,0,1,47.0,0.0
1561.494978,5,3,4,0,6,55.0,102.596
1561.49581,5,1,12,2,26,63.0,1365.0
1561.4958315,6,1,5,1,28,58.0,381.951
1561.4958515,3,1,2,0,35,46.0,28.795
1561.495865,1,2,3,0,43,50.0,79.862
1561.5029175,6,1,1,0,1,45.0,0.0
1561.5097925,6,4,11,4,60,68.0,2587.0
1561.509814,1,1,12,2,94,52.0,356.805
1561.509814,5,39,11,1,40,53.0,173.332
1561.5098465,3,1,2,0,21,48.0,39.082
1561.509858,2,1,1,0,1,53.0,0.0
1561.5123325,6,1,1,0,1,46.0,0.0
1561.5147035,6,1,7,0,34,51.0,130.361
1561.514712,5,1,10,2,111,53.0,261.613
1561.514721,1,2,7,1,43,54.0,284.885
1561.514727,2,1,2,0,1,52.0,0.0
1561.5147555,3,1,1,0,4,48.0,12.773
1561.5238415,3,1,4,1,40,55.0,177.025
1561.52386,1,10,11,1,37,53.0,209.925
1561.52386,2,1,5,0,12,57.0,232.998
1561.523867,5,4,6,1,39,52.0,180.048
1561.5238725,6,1,3,0,18,49.0,31.111
1561.5249795,6,1,3,0,1,46.0,0.0
1561.525004,1,2,5,0,19,50.0,51.762
1561.533465,5,2,1,0,3,51.0,27.998
1561.5344555,6,2,6,2,35,62.0,882.493
1561.5368095,6,1,1,0,1,45.0,0.0
1561.5406075,6,1,2,0,4,50.0,18.643
1561.5429235,3,3,2,0,13,52.0,42.749
1561.556322,5,3,5,0,20,54.0,159.821
1561.5563335,6,1,2,0,10,50.0,25.8
1561.563988,1,2,1,0,2,45.0,3.784
1561.569045,5,2,2,0,2,47.0,6.686
1561.57213,1,2,3,0,10,50.0,44.096
1561.575035,1,1,3,0,16,53.0,128.517
1561.575038,2,1,4,0,14,56.0,224.432
1561.5791675,6,10,4,0,17,57.0,194.183
1561.5798515,6,1,3,0,1,49.0,0.0
1561.581603,5,2,2,0,2,46.0,3.665
1561.5816275,6,1,2,0,1,46.0,0.0
1561.5905195,3,3,4,1,40,60.0,331.249
1561.590537,1,2,4,0,4,51.0,18.05
1561.594821,5,4,2,0,5,47.0,21.169
1561.594869,1,1,1,0,1,45.0,0.0
1561.5976405,6,1,2,0,1,47.0,0.0
1561.5997905,6,1,3,0,20,52.0,99.922
1561.60135,1,2,4,0,6,60.0,237.594
1561.6019715,6,1,1,0,1,45.0,0.0
1561.614897,1,2,7,1,34,59.0,232.773
1561.6152145,6,1,1,0,1,45.0,0.0
1561.61562,1,2,4,1,35,62.0,423.288
1561.6213185,6,1,2,0,4,47.0,12.044
1561.623719,5,2,9,1,93,55.0,282.244
1561.6237215,6,2,10,2,104,52.0,299.107
1561.6248265,6,1,1,0,4,47.0,11.698
1561.636835,5,1,3,0,1,49.0,0.0
1561.6368495,3,1,1,0,1,45.0,0.0
1561.6368615,6,1,2,0,4,48.0,10.712
1561.638184,1,2,9,1,41,55.0,196.499
1561.6382865,6,1,4,0,22,49.0,40.049
1561.638287,5,9,5,1,25,56.0,333.03
1561.6383225,3,1,1,0,1,45.0,0.0
1561.6428965,6,2,5,1,22,62.0,697.587
1561.642917,5,2,4,0,14,53.0,36.046
1561.6436915,6,1,3,0,1,47.0,0.0
1561.6457045,6,5,8,2,47,64.0,1396.0
1561.645744,5,2,3,0,3,49.0,11.119
1561.645764,1,1,2,0,26,49.0,35.637
1561.645805,2,1,1,0,1,50.0,0.0
1561.647342,1,2,5,0,51,54.0,144.429
1561.647351,2,1,3,1,68,57.0,341.8
1561.6473555,6,2,8,2,88,57.0,358.03
1561.6473585,3,1,4,0,21,54.0,117.329
1561.64737,5,1,3,0,34,50.0,65.278
1561.6483325,6,3,12,3,112,61.0,1485.0
1561.648339,5,10,14,2,88,56.0,435.741
1561.6483495,3,1,7,1,41,53.0,178.793
1561.64836,1,2,14,2,103,57.0,602.364
1561.648689,2,1,2,0,1,51.0,0.0
1561.655172,1,1,1,0,1,50.0,0.0
1561.657196,1,1,16,3,102,59.0,800.011
1561.6571965,6,6,12,3,69,62.0,1197.0
1561.657205,5,2,7,1,46,56.0,366.29
1561.6572165,3,3,5,0,29,54.0,162.564
1561.657217,2,2,7,0,15,56.0,177.45
1561.6586275,6,1,1,0,1,47.0,0.0
1561.661493,5,2,2,0,12,54.0,117.975
1561.6615275,6,1,1,0,4,48.0,12.178
1561.6639435,6,1,5,1,25,62.0,640.414
1561.6665485,6,1,7,0,25,55.0,175.512
1561.666555,1,2,1,0,3,47.0,9.736
1561.666889,5,2,5,0,33,50.0,93.511
1561.67119,5,2,2,0,3,47.0,10.882
1561.6712035,6,1,3,0,7,53.0,52.368
1561.6743945,6,1,1,0,4,49.0,13.149
1561.679098,5,4,5,0,16,57.0,285.344
1561.6791225,6,1,2,0,14,53.0,56.302
1561.6812225,6,1,5,0,20,59.0,218.333
1561.681242,1,1,1,0,1,45.0,0.0
1561.6832905,6,1,1,0,1,45.0,0.0
1561.684292,5,2,2,0,20,56.0,139.622
1561.6908535,3,1,3,0,12,56.0,170.535
1561.690865,1,1,6,0,19,51.0,75.06
1561.692962,5,1,9,1,47,54.0,275.112
1561.692977,1,9,9,1,37,51.0,155.816
1561.6929825,6,2,2,0,14,50.0,54.429
1561.7238745,6,4,7,4,52,74.0,4243.0
1561.723936,5,1,1,0,1,46.0,0.0
1561.7261275,6,2,2,0,8,54.0,67.335
1561.7357185,6,2,4,0,10,53.0,60.837
1561.737335,5,12,9,1,53,54.0,273.452
1561.7373355,6,2,8,1,72,51.0,171.07
1561.7373585,3,1,2,0,1,46.0,0.0
1561.737401,1,1,2,0,1,46.0,0.0
1561.7421125,6,1,2,0,8,52.0,40.419
1561.754881,1,2,1,0,2,45.0,4.826
1561.757143,1,2,6,1,47,54.0,142.858
1561.7571545,3,1,1,0,1,46.0,0.0
1561.761429,1,9,16,3,122,57.0,671.598
1561.7614295,3,2,4,0,40,50.0,77.007
1561.7614335,6,1,13,2,124,53.0,406.1
1561.761439,2,1,6,0,1,55.0,0.0
1561.761442,5,1,14,2,90,54.0,420.731
1561.7796905,6,1,1,0,1,45.0,0.0
1561.7804465,6,1,7,1,214,55.0,241.065
1561.780616,1,19,4,0,20,51.0,47.297
1561.780616,5,3,5,0,28,51.0,131.683
1561.7813745,6,1,2,0,4,47.0,10.983
1561.7828165,6,1,1,0,1,46.0,0.0
1561.7853375,6,1,1,0,1,45.0,0.0
1561.786712,5,3,1,0,4,48.0,34.589
1561.789825,1,1,3,0,1,50.0,0.0
1561.7977995,3,1,3,0,8,51.0,49.163
1561.797814,2,1,3,0,7,55.0,98.056
1561.797837,1,1,4,0,51,49.0,76.129
1561.7978455,6,1,3,0,27,50.0,55.17
1561.801692,5,1,1,0,1,46.0,0.0
1561.8164225,6,4,4,1,25,59.0,403.352
1561.8166185,3,1,2,0,4,49.0,16.917
1561.8203315,6,1,4,0,24,52.0,99.997
1561.8221615,6,1,1,0,1,45.0,0.0
1561.8239115,6,1,5,0,29,51.0,85.025
1561.826298,5,4,4,0,17,57.0,312.622
1561.826328,1,1,1,0,1,45.0,0.0
1561.8266655,6,1,2,0,1,47.0,0.0
1561.827799,5,1,9,3,95,69.0,1654.0
1561.8429395,6,2,12,4,115,66.0,1911.0
1561.842945,1,6,9,1,44,58.0,286.262
1561.8429455,3,1,6,0,42,53.0,112.319
1561.842951,5,17,8,0,23,51.0,94.655
1561.842978,2,1,3,1,60,52.0,229.586
1561.8478235,3,1,4,0,18,56.0,178.252
1561.847824,5,2,8,0,2,57.0,55.428
1561.84783,1,1,9,2,110,53.0,231.214
1561.84785,2,1,4,0,10,53.0,88.066
1561.8478675,6,1,4,1,106,50.0,98.32
1561.8506675,6,1,1,0,1,47.0,0.0
1561.85277,5,2,1,0,3,46.0,8.749
1561.854331,5,1,2,0,1,46.0,0.0
1561.862289,1,1,15,3,140,55.0,504.691
1561.8622915,6,1,16,4,119,59.0,1118.0
1561.862296,5,2,12,2,111,57.0,595.641
1561.8623045,3,1,11,2,113,55.0,358.397
1561.862307,2,3,13,5,116,62.0,1598.0
1561.8649835,6,3,3,0,25,59.0,317.888
1561.8669795,6,1,1,0,1,45.0,0.0
1561.8706045,6,3,4,1,17,60.0,499.711
1561.8724815,3,1,1,0,4,49.0,16.512
1561.8778995,6,1,1,0,4,51.0,18.924
1561.878677,1,1,1,0,4,51.0,19.435
1561.8790365,6,1,1,0,1,45.0,0.0
1561.8972875,6,1,3,0,22,50.0,40.663
1561.897298,1,1,4,0,1,50.0,0.0
1561.8998435,6,1,1,0,1,46.0,0.0
1561.905519,1,2,1,0,2,45.0,5.484
1561.906055,5,2,2,0,3,51.0,33.93
1561.9060865,6,1,1,0,1,45.0,0.0
1561.9079625,6,1,1,0,1,45.0,0.0
1561.910915,1,1,5,0,17,54.0,124.038
1561.923368,5,2,2,0,2,48.0,15.734
1561.926254,5,2,3,0,16,49.0,65.482
1561.927505,5,2,1,0,4,50.0,18.249
1561.9308065,3,1,3,0,7,56.0,83.474
1561.930815,5,3,2,0,4,48.0,22.033
1561.933043,5,3,19,5,118,66.0,2799.0
1561.933053,2,2,5,0,16,56.0,150.483
1561.933058,1,56,10,1,63,53.0,265.575
1561.9330585,3,1,8,2,123,53.0,227.703
1561.9330625,6,17,14,3,127,58.0,844.677
1561.93504,5,1,1,0,1,46.0,0.0
1561.9407005,6,12,14,3,122,57.0,682.324
1561.940704,5,1,11,0,9,55.0,86.909
1561.940704,1,22,13,3,102,57.0,758.913
1561.9407175,3,1,5,0,20,50.0,34.853
1561.940731,2,2,7,2,75,57.0,533.832
1561.944186,5,2,1,0,2,45.0,3.784
1561.947285,5,2,8,2,38,64.0,963.66
1561.9487395,6,3,6,1,30,60.0,369.776
1561.948745,1,7,6,1,65,56.0,231.528
1561.948763,5,1,2,0,1,46.0,0.0
1561.9487635,3,1,2,0,25,47.0,34.116
1561.965925,1,1,5,0,45,53.0,115.704
1561.9659415,6,1,2,0,4,49.0,13.358
1561.9659515,3,1,4,0,21,51.0,91.681
1561.9731295,6,1,1,0,1,45.0,0.0
1561.9745135,6,1,8,1,98,55.0,276.44
1561.974533,5,2,9,0,28,53.0,174.244
1561.9745385,3,1,3,0,1,50.0,0.0
1561.974558,1,1,5,0,1,51.0,0.0
1561.980861,1,1,1,0,1,45.0,0.0
1561.981627,1,1,1,0,1,47.0,0.0
1561.9854055,6,1,2,0,1,49.0,0.0
1561.98777,5,1,3,0,1,46.0,0.0
1561.9878585,6,1,4,0,21,52.0,100.726
1561.991277,1,3,2,0,11,57.0,175.336
1561.9934455,6,1,1,0,1,51.0,0.0
1562.0019055,3,2,1,0,2,45.0,3.784
1562.004385,5,1,1,0,4,48.0,12.546
1562.006886,5,1,2,0,1,46.0,0.0
1562.006888,1,1,4,0,1,52.0,0.0
1562.008615,1,2,7,1,38,59.0,437.422
1562.008742,5,2,3,0,6,53.0,60.817
1562.0087715,6,1,2,0,14,47.0,18.563
1562.013142,1,1,2,0,1,51.0,0.0
1562.0131485,6,1,1,0,1,45.0,0.0
1562.0141165,6,1,1,0,1,45.0,0.0
1562.016855,5,2,1,0,2,46.0,13.574
1562.0168705,6,1,1,0,1,45.0,0.0
1562.021027,5,2,5,0,20,55.0,103.958
1562.0210525,6,1,1,0,7,49.0,20.177
1562.021303,1,2,8,1,71,53.0,232.529
1562.0252275,6,1,1,0,1,45.0,0.0
1562.032698,1,3,7,1,43,61.0,402.066
1562.0331525,3,8,6,1,83,56.0,297.64
1562.033167,2,1,3,0,13,55.0,125.166
1562.033174,5,2,8,1,56,55.0,276.62
1562.0331805,6,2,8,2,115,53.0,312.391
1562.033246,1,2,2,0,3,47.0,10.614
1562.0357845,6,11,4,1,34,59.0,282.131
1562.035807,5,2,4,0,2,53.0,9.686
1562.03583,1,1,2,0,1,51.0,0.0
1562.040414,5,3,3,0,11,51.0,61.704
1562.041088,1,2,5,1,37,57.0,210.081
1562.041908,5,5,3,0,11,53.0,92.331
1562.0419185,6,1,2,0,1,47.0,0.0
1562.042936,1,10,6,0,27,51.0,130.043
1562.0429465,6,1,5,0,51,51.0,96.203
1562.0429475,3,1,2,0,5,49.0,18.824
1562.042964,5,2,4,0,7,48.0,17.122
1562.0440915,6,1,2,0,21,47.0,30.969
1562.0453875,6,2,1,0,2,47.0,5.098
1562.053387,5,1,1,0,1,47.0,0.0
1562.054769,1,2,1,0,4,47.0,14.646
1562.0582195,6,4,2,0,5,49.0,20.723
1562.05823,5,1,1,0,1,47.0,0.0
1562.05955,1,2,2,0,3,50.0,19.571
1562.0625485,6,1,2,0,5,46.0,8.925
1562.0660605,6,12,10,3,43,65.0,2385.0
1562.066089,5,1,3,0,26,48.0,47.063
1562.066098,1,1,5,0,38,52.0,116.207
1562.0735725,6,3,5,0,17,55.0,156.415
1562.073955,5,7,4,0,18,57.0,259.227
1562.0743935,6,1,2,0,5,47.0,13.751
1562.074398,1,1,1,0,1,45.0,0.0
1562.077364,5,2,4,0,2,51.0,13.128
1562.0773675,6,1,5,0,11,52.0,49.293
1562.0773855,3,1,2,0,1,45.0,0.0
1562.086091,1,11,24,8,228,63.0,2911.0
1562.086105,2,38,19,8,127,61.0,3015.0
1562.0861085,6,5,20,8,188,63.0,2748.0
1562.0861115,3,12,15,5,176,62.0,1471.0
1562.086118,5,2,22,5,175,59.0,1214.0
1562.0874815,6,2,3,0,19,50.0,71.41
1562.0955085,6,2,3,0,4,55.0,55.415
1562.0962565,6,1,2,0,4,51.0,19.964
1562.0997305,6,1,1,0,1,45.0,0.0
1562.103489,5,2,3,0,2,47.0,6.26
1562.105213,1,1,4,0,19,57.0,179.839
1562.105215,5,1,3,0,1,48.0,0.0
1562.1084035,6,1,1,0,1,45.0,0.0
1562.1140165,6,1,1,0,1,47.0,0.0
1562.118628,5,2,5,0,2,54.0,24.964
1562.1188005,6,22,14,4,74,68.0,3235.0
1562.1188325,3,41,4,0,53,50.0,99.917
1562.118837,1,1,13,1,73,51.0,204.109
1562.1268085,6,2,3,0,6,50.0,26.535
1562.132527,5,1,1,0,1,49.0,0.0
1562.136612,5,3,3,0,5,47.0,19.977
1562.137156,5,2,5,0,122,48.0,57.711
1562.137258,1,1,10,1,78,52.0,177.937
1562.1372665,3,1,1,0,1,45.0,0.0
1562.1372665,6,1,5,0,22,54.0,118.48
1562.137277,2,1,3,0,1,57.0,0.0
1562.1382325,6,2,2,0,2,49.0,6.569
1562.140394,1,1,7,1,51,52.0,167.641
1562.1404275,6,1,2,0,1,48.0,0.0
1562.1473475,3,1,1,0,4,46.0,10.14
1562.147361,1,1,2,0,1,48.0,0.0
1562.1478185,6,1,2,0,1,53.0,0.0
1562.14908,5,3,4,0,8,53.0,72.415
1562.150764,5,1,1,0,1,45.0,0.0
1562.151507,5,2,2,0,2,47.0,3.813
1562.152379,5,2,2,0,4,46.0,13.782
1562.1579145,3,1,2,0,8,51.0,36.733
1562.1579415,6,1,2,0,4,48.0,12.587
1562.1597905,3,1,1,0,1,45.0,0.0
1562.1598055,6,1,2,0,4,48.0,11.895
1562.17248,1,3,3,0,13,51.0,134.602
1562.1733495,6,1,3,0,10,47.0,21.242
1562.174784,2,1,9,2,62,58.0,631.766
1562.174785,5,77,12,2,78,55.0,344.231
1562.174786,1,1,15,2,93,55.0,502.908
1562.1747895,3,1,8,1,94,52.0,202.585
1562.1747895,6,2,16,3,136,55.0,609.596
1562.175533,1,1,2,0,1,50.0,0.0
1562.175756,5,3,2,0,4,49.0,24.525
1562.1774215,3,1,1,0,4,52.0,27.715
1562.177432,5,1,1,0,1,45.0,0.0
1562.1774635,6,1,1,0,1,45.0,0.0
1562.179251,1,4,3,0,8,53.0,91.236
1562.1797115,6,3,4,1,20,63.0,484.156
1562.1805235,6,2,1,0,2,48.0,8.402
1562.1813025,6,1,3,0,7,49.0,32.51
1562.189602,5,1,3,0,1,48.0,0.0
1562.1916575,6,2,12,3,123,61.0,734.883
1562.1916605,3,1,4,0,44,50.0,60.979
1562.191663,1,1,12,2,97,55.0,425.572
1562.191681,5,27,8,1,53,52.0,217.257
1562.194637,5,1,2,0,1,53.0,0.0
1562.1972255,6,1,2,0,7,52.0,50.032
1562.2025765,6,1,2,0,4,52.0,24.345
1562.206645,5,14,11,1,59,51.0,325.21
1562.20665,1,2,4,0,13,50.0,35.956
1562.2066545,6,1,2,0,1,47.0,0.0
1562.2096095,6,1,1,0,1,45.0,0.0
1562.215798,5,1,2,0,1,45.0,0.0
1562.771981,1,1,2,0,4,48.0,12.263
1562.774766,5,1,1,0,1,45.0,0.0
1562.7803785,6,1,2,0,1,48.0,0.0
1562.785606,1,1,3,0,42,48.0,56.623
1562.7878395,6,1,1,0,1,47.0,0.0
1562.7898835,6,1,2,0,29,49.0,44.04
1562.7947185,3,1,2,0,1,46.0,0.0
1562.798079,1,1,8,1,50,51.0,144.298
1562.798094,5,58,7,1,64,51.0,159.291
1562.798115,2,1,1,0,1,50.0,0.0
1562.8000765,6,1,1,0,11,45.0,11.499
1562.8023965,6,1,1,0,1,45.0,0.0
1562.8032095,6,2,2,0,5,51.0,26.142
1562.80409,5,1,1,0,1,47.0,0.0
1562.80472,1,1,5,0,70,48.0,91.71
1562.8047585,3,1,2,0,5,49.0,14.452
1562.806783,1,1,4,0,34,50.0,91.332
1562.8067995,6,1,1,0,1,45.0,0.0
1562.806814,5,2,4,0,3,48.0,9.546
1562.8106995,6,1,2,0,1,47.0,0.0
1562.810705,5,1,4,0,6,49.0,14.975
1562.8107075,3,1,4,0,14,50.0,58.223
1562.8113,1,1,3,0,4,51.0,27.566
1562.811322,5,1,2,0,1,46.0,0.0
1562.811864,1,1,2,0,1,46.0,0.0
1562.8124695,6,1,5,1,131,50.0,92.542
1562.812602,5,3,4,0,26,48.0,60.901
1562.8126105,3,1,1,0,1,46.0,0.0
1562.818201,1,1,1,0,1,47.0,0.0
1562.818305,5,2,1,0,2,46.0,15.194
1562.8235865,3,1,3,0,9,50.0,40.431
1562.8278145,6,1,1,0,1,47.0,0.0
1562.828611,1,8,44,39,335,84.0,105702.0
1562.82862,2,10,36,21,259,71.0,15447.0
1562.8286215,3,18,31,14,289,69.0,7481.0
1562.8286405,6,10,31,16,353,69.0,8900.0
1562.828652,4,1,5,0,34,51.0,88.3
1562.832511,5,1,2,0,4,49.0,8.813
1562.8345685,3,1,1,0,4,50.0,20.369
1562.83553,5,2,1,0,3,46.0,10.618
1562.8365015,6,1,2,0,1,46.0,0.0
1562.8367765,3,1,3,0,9,46.0,15.933
1562.8414595,6,1,2,0,1,46.0,0.0
1562.841491,5,2,1,0,3,45.0,8.724
1562.8457585,3,1,1,0,1,45.0,0.0
1562.853853,5,2,2,0,6,47.0,23.069
1562.857546,5,2,2,0,2,50.0,16.468
1562.8575785,3,1,1,0,1,45.0,0.0
1562.8599555,6,1,2,0,1,47.0,0.0
1562.8633895,6,1,2,0,1,48.0,0.0
1562.870254,5,1,2,0,24,51.0,109.734
1562.8702785,3,1,1,0,1,45.0,0.0
1562.8712745,3,1,3,0,4,49.0,12.73
1562.8779565,3,1,1,0,1,45.0,0.0
1562.884538,1,1,5,1,58,51.0,109.341
1562.8845635,6,1,1,0,6,50.0,14.905
1562.8863635,6,1,1,0,4,45.0,8.65
1562.890018,5,1,2,0,1,46.0,0.0
1562.896596,5,1,1,0,1,50.0,0.0
1562.8966285,6,1,1,0,1,45.0,0.0
1562.898719,5,2,3,0,6,47.0,22.504
1562.9051585,6,1,1,0,1,46.0,0.0
1562.905548,1,2,1,0,3,51.0,26.264
1562.9060825,3,2,1,0,2,45.0,4.055
1562.9088685,3,1,1,0,1,45.0,0.0
1562.912366,5,2,1,0,2,51.0,14.957
1562.927401,1,1,1,0,1,45.0,0.0
1562.928246,1,2,1,0,3,51.0,21.172
1562.930939,1,2,5,0,40,49.0,101.332
1562.9309545,3,1,1,0,1,45.0,0.0
1562.9381395,6,1,2,0,1,46.0,0.0
1562.950357,5,1,2,0,13,51.0,38.09
1562.9572785,3,1,1,0,1,45.0,0.0
1562.965311,5,2,1,0,3,49.0,11.184
1562.9656905,6,1,5,1,53,50.0,133.695
1562.966236,5,4,1,0,5,46.0,15.373
1562.969653,1,2,1,0,3,45.0,11.57
1562.971556,1,1,1,0,1,45.0,0.0
1562.9817865,3,2,4,0,9,51.0,47.559
1562.981788,1,19,5,1,101,49.0,168.643
1562.981803,5,1,7,0,25,49.0,54.687
1562.983195,5,1,1,0,1,47.0,0.0
1562.994386,1,1,4,1,75,49.0,89.049
1562.9943965,3,2,6,0,45,48.0,114.257
1562.996032,1,2,1,0,3,51.0,28.966
1562.9999595,3,1,1,0,4,47.0,9.107
1563.002225,5,5,2,0,10,50.0,70.887
1563.0034005,6,1,1,0,1,45.0,0.0
1563.0046165,6,1,2,0,4,51.0,22.346
1563.006058,5,3,3,0,4,50.0,29.718
1563.0335675,6,2,3,1,104,51.0,118.777
1563.0359875,6,1,1,0,1,45.0,0.0
1563.037532,1,2,6,0,3,48.0,7.897
1563.037623,2,1,1,0,1,50.0,0.0
1563.0400755,6,2,1,0,3,49.0,14.869
1563.0449965,6,1,3,0,11,51.0,47.764
1563.0512615,6,1,1,0,1,45.0,0.0
1563.054327,2,2,1,0,2,51.0,29.415
1563.0573325,6,1,2,0,8,47.0,16.519
1563.063583,1,1,2,0,1,45.0,0.0
1563.0683685,6,1,1,0,1,48.0,0.0
1563.0706895,6,1,2,0,1,47.0,0.0
1563.070715,5,3,2,0,8,48.0,38.743
1563.0732805,6,1,1,0,5,48.0,13.999
1563.077705,1,1,1,0,1,45.0,0.0
1563.0780275,6,1,1,0,4,50.0,22.09
1563.0812985,6,1,1,0,1,47.0,0.0
1563.082166,1,2,1,0,2,46.0,7.006
1563.0836655,6,1,1,0,5,48.0,15.598
1563.096784,5,1,4,0,1,50.0,0.0
1563.100595,5,4,2,0,5,51.0,40.872
1563.102489,1,1,1,0,1,45.0,0.0
1563.1025375,6,1,1,0,1,45.0,0.0
1563.1029685,3,2,7,1,84,51.0,157.968
1563.104919,5,2,1,0,3,47.0,9.803
1563.1049225,6,1,3,0,23,51.0,69.872
1563.106485,1,2,1,0,3,48.0,11.07
1563.117368,5,28,7,0,29,51.0,69.533
1563.1231865,6,1,1,0,4,47.0,11.191
1563.131573,5,2,1,0,2,48.0,6.07
1563.1430795,6,1,5,0,11,51.0,33.23
1563.1501835,6,1,1,0,1,45.0,0.0
1563.160763,1,2,4,0,16,51.0,99.543
1563.1835025,6,2,11,6,162,70.0,5084.0
1563.183522,1,2,7,2,103,50.0,230.229
1563.183531,5,1,8,0,45,50.0,120.239
1563.1835505,3,1,3,0,10,46.0,13.693
1563.1844955,3,1,1,0,1,45.0,0.0
1563.1858795,6,1,2,0,8,49.0,26.423
1563.1858915,3,1,2,0,8,48.0,23.687
1563.1871355,6,2,3,0,10,51.0,49.165
1563.1881725,6,2,2,0,2,45.0,4.927
1563.193926,5,2,1,0,5,49.0,32.446
1563.1954705,6,1,1,0,1,45.0,0.0
1563.196087,1,1,1,0,1,45.0,0.0
1563.1997555,6,1,1,0,1,46.0,0.0
1563.209101,1,1,1,0,1,47.0,0.0
1563.209762,1,1,4,0,1,49.0,0.0
1563.209765,2,2,1,0,3,51.0,28.4
1563.2099975,6,1,2,0,4,51.0,25.603
1563.2128105,3,1,3,0,178,47.0,50.402
1563.215929,5,6,2,0,7,50.0,18.442
1563.217209,1,1,1,0,1,45.0,0.0
1563.2262145,6,1,2,0,1,48.0,0.0
1563.2281815,3,1,1,0,1,45.0,0.0
1563.2284805,6,1,2,0,1,47.0,0.0
1563.2294705,6,1,4,0,28,50.0,16.576
1563.239035,1,2,1,0,3,51.0,19.198
1563.247915,1,1,1,0,1,45.0,0.0
1563.2485035,3,1,4,1,153,51.0,168.826
1563.248532,1,1,10,2,183,50.0,250.249
1563.2486715,6,2,3,0,31,50.0,43.586
1563.251579,5,1,5,0,4,49.0,15.048
1563.2516015,3,1,3,0,34,50.0,66.075
1563.251616,2,1,1,0,1,51.0,0.0
1563.260969,5,1,4,1,85,49.0,94.607
1563.2609925,3,1,1,0,1,45.0,0.0
1563.264798,1,1,5,0,1,50.0,0.0
1563.2656905,3,1,1,0,5,47.0,13.132
1563.265732,1,1,1,0,1,45.0,0.0
1563.2694635,6,1,3,0,12,51.0,76.673
1563.273026,5,2,1,0,3,50.0,18.842
1563.273474,1,2,5,0,25,50.0,56.41
1563.2734965,6,1,2,0,1,49.0,0.0
1563.2751905,6,1,1,0,4,50.0,21.218
1563.280609,5,26,85,178,631,89.0,1170000.0
1563.2806125,3,17,61,99,706,83.0,246835.0
1563.280613,1,13,83,125,551,83.0,382019.0
1563.280618,2,27,72,155,528,83.0,576001.0
1563.2806205,6,27,73,134,625,86.0,523311.0
1563.280622,4,9,36,22,269,73.0,19802.0
1563.283613,1,2,1,0,3,51.0,19.535
1563.2849475,3,1,1,0,4,48.0,12.113
1563.287835,4,1,3,0,11,51.0,54.518
1563.28979,5,1,2,0,1,47.0,0.0
1563.2945235,6,1,1,0,1,45.0,0.0
1563.3029795,6,2,2,0,38,49.0,60.778
1563.3089685,3,2,5,0,24,50.0,73.34
1563.3098945,6,1,2,0,1,48.0,0.0
1563.3128725,3,1,1,0,1,45.0,0.0
1563.313625,5,2,1,0,2,46.0,5.377
1563.3167165,6,1,1,0,1,45.0,0.0
1563.3175745,3,1,2,0,1,47.0,0.0
1563.3236405,3,2,2,0,2,47.0,3.435
1563.323646,5,2,4,0,2,51.0,6.26
1563.325443,1,1,4,0,1,50.0,0.0
1563.3254435,6,2,3,0,21,51.0,92.325
1563.3262645,6,1,1,0,1,49.0,0.0
1563.327441,1,1,1,0,1,45.0,0.0
1563.329534,5,2,1,0,2,46.0,7.499
1563.3304655,6,1,1,0,4,46.0,9.099
1563.331349,4,21,3,0,27,51.0,128.055
1563.3383915,3,1,3,1,204,48.0,70.718
1563.3384235,6,1,2,1,201,50.0,120.006
1563.340113,1,1,2,0,1,48.0,0.0
1563.3523745,6,1,1,0,1,45.0,0.0
1563.3529175,6,1,2,0,4,51.0,22.53
1563.3534395,6,1,2,0,6,51.0,13.645
1563.358794,1,1,1,0,1,45.0,0.0
1563.360059,5,2,1,0,2,45.0,4.432
1563.364922,5,2,3,0,3,50.0,6.989
1563.365864,5,3,4,0,17,50.0,87.933
1563.3712065,6,1,2,0,5,46.0,10.463
1563.3759415,6,1,1,0,1,45.0,0.0
1563.3800285,3,1,1,0,1,45.0,0.0
1563.380034,1,1,1,0,1,45.0,0.0
1563.3873625,6,1,1,0,1,45.0,0.0
1563.396449,1,3,3,0,8,48.0,58.195
1563.401969,5,1,1,0,1,45.0,0.0
1563.404061,5,2,1,0,5,49.0,26.733
1563.4137815,6,1,2,0,8,49.0,20.61
1563.4188915,6,1,2,0,5,48.0,13.445
1563.418907,5,1,2,0,1,45.0,0.0
1563.4227935,6,1,1,0,1,45.0,0.0
1563.429459,1,104,81,39,563,70.0,26600.0
1563.429523,5,9,75,49,524,81.0,107094.0
1563.429533,2,18,60,35,462,70.0,23382.0
1563.4295345,6,20,63,34,693,72.0,26948.0
1563.4309545,3,1,3,0,4,51.0,21.918
1563.430971,1,1,1,0,1,48.0,0.0
1563.4314845,3,1,2,0,1,48.0,0.0
1563.4315045,6,1,7,0,19,49.0,53.134
1563.433098,1,1,3,1,83,50.0,101.229
1563.433175,5,1,1,0,1,47.0,0.0
1563.4352545,3,2,2,0,5,50.0,23.424
1563.4352765,6,1,3,0,1,46.0,0.0
1563.437538,5,1,3,0,4,48.0,12.377
1563.440439,5,1,2,0,4,49.0,13.394
1563.4451425,6,1,1,0,1,45.0,0.0
1563.451926,5,4,2,0,5,48.0,17.612
1563.4534965,6,2,2,0,8,50.0,29.705
1563.454916,5,2,4,0,13,48.0,44.758
1563.4550355,6,1,1,0,1,45.0,0.0
1563.4619345,6,1,3,0,14,48.0,18.234
1563.463944,5,2,1,0,3,49.0,14.327
1563.464656,1,1,1,0,1,45.0,0.0
1563.464664,5,1,1,0,1,45.0,0.0
1563.4666025,6,2,1,0,2,45.0,11.626
1563.46687,5,1,1,0,1,45.0,0.0
1563.468864,1,1,1,0,1,49.0,0.0
1563.4747335,6,1,1,0,1,49.0,0.0
1563.4780025,6,1,1,0,1,50.0,0.0
1563.480893,5,2,2,0,7,47.0,26.188
1563.4849605,6,1,1,0,1,46.0,0.0
1563.4858145,3,1,1,0,1,45.0,0.0
1563.489492,1,2,1,0,2,50.0,15.977
1563.5017165,6,1,1,0,1,46.0,0.0
1563.5039845,6,1,2,0,1,47.0,0.0
1563.505196,5,7,2,0,8,46.0,28.843
1563.507525,1,3,3,0,4,48.0,23.309
1563.513355,1,1,2,0,1,47.0,0.0
1563.522501,5,1,4,0,14,49.0,43.299
1563.5266495,6,7,26,15,246,74.0,19785.0
1563.527326,1,1,6,2,183,49.0,162.301
1563.5274365,3,1,3,0,9,48.0,26.053
1563.530531,5,2,1,0,3,50.0,16.461
1563.532688,1,1,2,0,1,47.0,0.0
1563.534104,5,3,4,0,4,50.0,28.309
1563.5341115,3,1,1,0,1,45.0,0.0
1563.5341365,6,1,1,0,1,45.0,0.0
1563.538465,1,1,2,0,1,45.0,0.0
1563.5387585,6,1,2,0,8,50.0,24.911
1563.539394,1,1,2,0,4,51.0,29.221
1563.5394015,6,1,1,0,1,45.0,0.0
1563.5410925,6,1,1,0,1,45.0,0.0
1563.5450425,6,1,2,0,7,49.0,24.492
1563.54522,1,1,8,2,170,49.0,183.175
1563.550007,1,1,1,0,1,45.0,0.0
1563.5555985,6,1,3,0,26,50.0,54.657
1563.555614,5,2,2,0,10,48.0,21.609
1563.561968,5,2,2,0,4,48.0,17.09
1563.5664695,6,1,9,1,83,51.0,235.958
1563.57176,5,1,4,0,18,48.0,37.225
1563.5767555,6,1,2,0,1,48.0,0.0
1563.581824,1,2,1,0,3,45.0,13.005
1563.5871075,6,1,1,0,1,45.0,0.0
1563.58968,1,2,2,0,28,46.0,40.855
1563.5911005,6,1,2,0,97,46.0,43.399
1563.591817,5,8,33,13,192,70.0,9285.0
1563.591846,4,4,3,0,14,48.0,40.926
1563.592639,5,1,1,0,10,49.0,34.387
1563.5926425,6,3,4,0,15,51.0,53.06
1563.5971785,3,1,6,1,64,49.0,126.678
1563.598264,1,2,6,1,47,50.0,136.883
1563.5983075,6,1,2,0,1,47.0,0.0
1563.599446,5,1,5,0,1,48.0,0.0
1563.5994505,6,1,2,0,1,49.0,0.0
1563.6003935,6,1,2,0,1,46.0,0.0
1563.6026105,6,2,2,0,9,47.0,26.98
1563.6053785,3,1,4,0,29,50.0,61.502
1563.6061105,6,1,1,0,1,45.0,0.0
1563.6093405,3,2,3,0,2,49.0,4.4
1563.609355,5,2,1,0,5,51.0,35.897
1563.616899,1,19,46,24,315,71.0,23362.0
1563.616913,5,34,47,22,308,70.0,14697.0
1563.622283,5,5,2,0,6,48.0,22.308
1563.6251225,6,1,1,0,1,45.0,0.0
1563.6269675,3,1,1,0,1,45.0,0.0
1563.6282345,6,1,4,0,33,50.0,57.305
1563.630088,5,2,4,0,27,49.0,80.512
1563.6301095,6,2,3,0,24,48.0,51.636
1563.6362655,6,1,4,0,9,51.0,19.827
1563.638665,1,2,3,0,3,51.0,17.694
1563.644577,2,25,33,24,233,72.0,21413.0
1563.6445775,6,6,38,19,306,71.0,13347.0
1563.6584285,6,1,3,0,8,51.0,42.124
1563.661322,5,1,4,0,1,49.0,0.0
1563.66362,5,1,1,0,1,45.0,0.0
1563.681473,5,3,5,0,8,49.0,42.297
1563.681866,1,1,7,0,33,49.0,71.698
1563.685902,2,13,40,33,342,73.0,38633.0
1563.685903,5,14,50,29,335,74.0,35265.0
1563.6859125,6,11,40,21,277,69.0,13406.0
1563.69193,1,1,4,0,34,49.0,64.288
1563.6928355,3,1,1,0,1,45.0,0.0
1563.692854,1,1,2,0,1,48.0,0.0
1563.6975915,6,1,5,0,22,51.0,66.621
1563.697645,1,1,3,0,1,49.0,0.0
1563.698964,1,9,47,30,296,76.0,35851.0
1563.6989665,6,17,40,23,308,71.0,18349.0
1563.698978,2,24,37,24,288,69.0,18164.0
1563.7029905,6,1,2,0,8,51.0,44.874
1563.711011,5,19,5,0,28,50.0,71.613
1563.7110225,6,1,4,0,4,51.0,18.264
1563.7160525,6,1,1,0,1,48.0,0.0
1563.7214805,6,1,2,0,1,45.0,0.0
1563.7235865,6,1,1,0,1,45.0,0.0
1563.7330925,3,1,1,0,4,50.0,18.218
1563.7419215,6,1,1,0,1,45.0,0.0
1563.7469725,6,1,1,0,1,45.0,0.0
1563.7488665,6,2,2,0,3,50.0,14.211
1563.7535985,3,1,1,0,1,46.0,0.0
1563.759588,5,2,2,0,2,48.0,12.963
1563.7596025,6,1,4,0,28,49.0,83.237
1563.762642,5,1,1,0,1,45.0,0.0
1563.7630175,6,1,1,0,1,47.0,0.0
1563.76353,5,2,2,0,7,50.0,44.679
1563.766069,5,1,1,0,1,45.0,0.0
1563.768921,1,2,4,0,2,51.0,24.132
1563.7689485,6,1,2,0,12,48.0,38.073
1563.7751845,6,1,1,0,1,45.0,0.0
1563.77711,1,1,2,0,1,46.0,0.0
1563.7799,5,3,5,0,13,48.0,61.132
1563.7866365,6,1,1,0,1,45.0,0.0
1563.787422,1,1,1,0,1,45.0,0.0
1563.7903045,6,1,2,0,8,46.0,15.753
1563.792923,5,1,1,0,1,48.0,0.0
1563.807085,1,19,7,0,39,50.0,139.947
1563.8071425,6,2,2,0,6,51.0,26.827
1563.810552,1,1,4,0,19,51.0,83.219
1563.8169455,6,1,3,0,7,51.0,31.617
1563.82864,1,1,1,0,1,45.0,0.0
1563.830972,1,2,4,0,3,48.0,15.251
1563.8309865,6,1,4,0,54,48.0,66.364
1563.8309925,3,1,2,0,1,47.0,0.0
1563.8348525,6,1,1,0,1,45.0,0.0
1563.836312,1,1,1,0,1,45.0,0.0
1563.8387795,6,1,1,0,1,45.0,0.0
1563.8402135,6,1,4,0,10,49.0,34.744
1563.8402345,3,1,1,0,1,45.0,0.0
1563.8410555,6,1,3,0,5,46.0,9.753
1563.8410895,3,1,1,0,1,45.0,0.0
1563.8416765,6,2,3,0,17,50.0,95.603
1563.8520165,6,1,1,0,1,46.0,0.0
1563.8535515,6,1,2,0,31,48.0,31.994
1563.862719,1,1,1,0,1,45.0,0.0
1563.864416,5,1,2,0,1,47.0,0.0
1563.8659025,6,1,1,0,1,45.0,0.0
1563.8673405,6,1,2,0,1,48.0,0.0
1563.8701245,6,1,1,0,1,47.0,0.0
1563.8770305,6,1,2,0,1,51.0,0.0
1563.8773455,3,1,3,1,151,49.0,94.415
1563.8837715,3,1,1,0,1,49.0,0.0
1563.88475,1,2,1,0,3,47.0,14.104
1563.8861965,3,1,3,0,13,49.0,45.646
1563.887739,1,1,1,0,1,45.0,0.0
1563.8965565,3,1,2,0,4,51.0,29.686
1563.9016875,3,1,3,0,40,48.0,50.321
1563.9029465,3,1,3,0,55,47.0,66.197
1563.9100545,3,1,3,0,7,51.0,51.291
1563.9180765,3,1,5,0,34,51.0,109.465
1563.9233845,3,1,1,0,1,45.0,0.0
1563.937705,5,1,1,0,1,48.0,0.0
1563.93827,1,1,1,0,1,48.0,0.0
1563.9434395,6,2,6,0,19,51.0,94.459
1563.9439835,6,1,1,0,1,45.0,0.0
1563.9538685,6,1,1,0,1,47.0,0.0
1563.9591205,6,2,1,0,2,45.0,4.529
1563.969149,1,1,2,0,4,49.0,16.501
1563.9752945,3,1,4,0,11,51.0,50.802
1563.9817765,6,1,1,0,1,45.0,0.0
1563.986985,1,1,2,0,4,48.0,10.875
1563.988657,5,3,2,0,4,48.0,24.376
1563.9886835,6,1,1,0,1,48.0,0.0
1563.990043,2,1,1,0,1,50.0,0.0
1563.991393,1,1,4,0,22,50.0,61.271
1563.9930285,6,1,2,0,1,49.0,0.0
1563.99419,4,1,1,0,1,46.0,0.0
1564.004239,5,1,2,0,1,46.0,0.0
1564.0064565,6,1,1,0,1,45.0,0.0
1564.012254,5,1,2,0,1,49.0,0.0
1564.0125855,6,1,3,0,5,49.0,14.775
1564.016351,5,2,2,0,4,49.0,13.562
1564.0245155,3,1,2,0,1,45.0,0.0
1564.024524,2,1,2,0,4,51.0,26.849
1564.0245355,6,1,5,0,31,48.0,66.067
1564.024538,1,1,2,0,21,46.0,23.921
1564.025286,1,1,3,0,1,46.0,0.0
1564.0322345,6,1,1,0,1,45.0,0.0
1564.041026,5,2,4,0,2,51.0,15.194
1564.042416,5,2,4,0,51,48.0,76.962
1564.0435915,3,1,6,0,39,51.0,103.552
1564.043609,1,1,4,0,31,51.0,72.5
1564.0459095,3,1,4,0,29,47.0,50.023
1564.046571,1,1,6,0,30,49.0,77.545
1564.046577,5,1,4,0,13,50.0,47.855
1564.0484745,6,1,1,0,1,45.0,0.0
1564.051813,5,2,1,0,2,49.0,12.963
1564.055817,1,22,5,0,23,50.0,53.019
1564.055827,5,1,1,0,1,48.0,0.0
1564.0569975,6,9,23,11,182,74.0,11828.0
1564.0612555,6,1,3,0,1,48.0,0.0
1564.066413,5,2,2,0,14,48.0,66.74
1564.0701735,6,1,1,0,1,48.0,0.0
1564.07108,5,1,11,2,131,51.0,322.878
1564.0710885,3,17,5,0,30,50.0,69.921
1564.074253,1,1,1,0,1,48.0,0.0
1564.0767,1,1,2,0,15,45.0,18.172
1564.078034,5,1,2,0,1,48.0,0.0
1564.084767,5,1,1,0,1,47.0,0.0
1564.0878815,6,1,2,0,1,47.0,0.0
1564.090958,1,1,1,0,1,45.0,0.0
1564.092899,5,1,1,0,1,48.0,0.0
1564.0933705,6,1,2,0,4,47.0,10.928
1564.0945315,3,1,1,0,1,45.0,0.0
1564.0985015,3,1,1,0,1,45.0,0.0
1564.105681,1,1,1,0,1,45.0,0.0
1564.105805,5,2,4,0,2,50.0,11.061
1564.1059265,3,1,1,0,1,45.0,0.0
1564.107541,4,2,1,0,2,50.0,14.781
1564.1075865,3,1,2,0,1,46.0,0.0
1564.1116865,6,1,2,0,5,47.0,12.118
1564.1187075,6,1,1,0,1,45.0,0.0
1564.1198495,6,2,1,0,2,47.0,8.226
1564.1203745,3,1,4,0,16,51.0,61.417
1564.1211315,6,1,1,0,1,45.0,0.0
1564.1235625,6,1,1,0,1,45.0,0.0
1564.1241685,6,1,2,0,1,47.0,0.0
1564.12763,1,1,1,0,1,45.0,0.0
1564.135822,1,2,7,1,88,50.0,174.004
1564.141739,5,2,2,0,2,46.0,3.55
1564.146115,1,1,5,0,4,51.0,21.236
1564.148191,2,1,3,0,1,51.0,0.0
1564.1481985,3,1,1,0,1,45.0,0.0
1564.1500315,6,1,1,0,1,45.0,0.0
1564.1526375,6,1,3,0,10,51.0,60.208
1564.1536365,6,1,1,0,1,45.0,0.0
1564.163515,5,1,3,0,1,50.0,0.0
1564.1635225,6,1,2,0,1,46.0,0.0
1564.165578,1,1,1,0,1,45.0,0.0
1564.1657685,6,1,2,0,8,46.0,13.14
1564.168654,5,1,4,0,1,47.0,0.0
1564.1759445,6,1,1,0,4,48.0,12.551
1564.1792455,6,1,2,0,4,49.0,15.575
1564.1792735,3,1,1,0,1,45.0,0.0
1564.1921785,6,1,2,0,1,47.0,0.0
1564.194713,1,2,1,0,3,45.0,6.936
1564.1990565,6,2,2,0,3,46.0,23.8
1564.201434,1,1,2,0,1,51.0,0.0
1564.2016675,6,1,1,0,1,49.0,0.0
1564.207855,1,1,1,0,1,47.0,0.0
1564.210374,1,1,1,0,1,45.0,0.0
1564.217907,1,1,6,0,12,50.0,34.432
1564.2179145,6,1,4,0,14,50.0,42.826
1564.2188725,3,1,1,0,6,51.0,24.356
1564.2189135,6,1,1,0,1,45.0,0.0
1564.223755,5,2,1,0,3,46.0,11.638
1564.231214,1,2,1,0,3,49.0,12.073
1564.2352575,6,1,1,0,1,45.0,0.0
1564.2378765,3,1,1,0,1,45.0,0.0
1564.2378965,6,1,1,0,1,47.0,0.0
1564.239719,5,1,3,0,1,49.0,0.0
1564.2397395,3,1,3,0,36,49.0,74.499
1564.241857,1,1,2,0,1,51.0,0.0
1564.2423925,3,1,4,0,11,49.0,32.233
1564.2440585,3,1,4,0,46,50.0,107.674
1564.249331,5,1,3,0,1,50.0,0.0
1564.2538185,6,1,1,0,1,46.0,0.0
1564.254044,5,2,4,0,12,49.0,57.345
1564.2559505,3,1,6,1,69,50.0,132.783
1564.2581925,6,4,6,2,60,69.0,1846.0
1564.2668335,6,1,1,0,1,46.0,0.0
1564.267879,1,1,1,0,1,48.0,0.0
1564.270862,1,1,3,0,8,50.0,33.077
1564.2708825,6,1,1,0,1,45.0,0.0
1564.2718225,6,1,4,0,38,49.0,48.617
1564.2733335,6,157,26,8,315,63.0,2604.0
1564.273439,5,10,35,13,250,68.0,7231.0
1564.273451,1,40,32,9,175,62.0,3471.0
1564.2734555,3,24,16,3,147,55.0,566.5
1564.273456,4,4,5,1,84,54.0,248.29
1564.273457,2,20,22,6,120,61.0,2307.0
1564.276285,1,1,1,0,1,45.0,0.0
1564.277728,5,3,13,3,137,61.0,868.486
1564.2777365,6,1,10,2,140,55.0,421.989
1564.277762,2,1,5,1,46,54.0,235.628
1564.277764,1,2,8,0,38,51.0,108.959
1564.2777735,3,1,3,0,1,46.0,0.0
1564.2805935,6,1,2,0,4,49.0,16.708
1564.280693,2,2,1,0,2,50.0,35.674
1564.281719,5,1,8,0,17,58.0,315.36
1564.2817415,6,1,1,0,1,45.0,0.0
1564.2841965,6,1,1,0,1,45.0,0.0
1564.2847255,6,2,1,0,2,45.0,4.4
1564.285318,1,1,3,0,6,53.0,47.882
1564.291036,5,2,10,2,56,58.0,496.916
1564.2910445,6,17,5,0,36,54.0,167.176
1564.2910765,3,1,1,0,1,45.0,0.0
1564.291442,2,1,1,0,1,51.0,0.0
1564.291485,1,1,1,0,1,45.0,0.0
1564.2919565,6,2,4,0,20,56.0,150.375
1564.29216,1,2,1,0,3,45.0,11.821
1564.2977325,6,1,1,0,4,46.0,7.635
1564.2987675,6,1,2,0,1,47.0,0.0
1564.298768,1,1,4,0,45,50.0,93.948
1564.298769,5,2,3,0,9,48.0,39.794
1564.3020505,6,1,5,1,25,57.0,292.576
1564.308662,5,2,2,0,2,55.0,74.563
1564.30867,2,1,1,0,1,50.0,0.0
1564.314173,1,1,1,0,1,45.0,0.0
1564.317603,5,1,2,0,1,46.0,0.0
1564.3176045,6,3,3,0,5,54.0,52.63
1564.317899,1,3,23,10,156,68.0,7364.0
1564.3179195,3,25,12,2,126,56.0,409.414
1564.31798,2,1,6,0,22,55.0,165.878
1564.3181485,6,1,1,0,1,45.0,0.0
1564.324579,1,36,34,15,212,65.0,7767.0
1564.3245795,3,13,25,8,213,64.0,2977.0
1564.32458,2,12,21,8,170,61.0,2895.0
1564.3245935,6,46,29,11,203,63.0,3920.0
1564.324595,5,16,15,3,124,57.0,868.921
1564.326911,5,1,1,0,1,48.0,0.0
1564.3294265,3,1,2,0,5,52.0,30.053
1564.3348735,3,5,9,2,108,55.0,311.819
1564.334885,1,16,10,2,100,55.0,425.916
1564.3349025,6,1,7,1,49,54.0,175.868
1564.334907,5,1,8,1,74,50.0,174.081
1564.334918,2,1,3,1,48,54.0,320.691
1564.33571,5,2,4,0,18,51.0,97.819
1564.335726,1,1,4,0,1,48.0,0.0
1564.339502,1,2,11,2,183,58.0,459.629
1564.3396715,3,1,2,0,4,54.0,33.113
1564.344355,2,1,1,0,1,50.0,0.0
1564.344866,1,2,2,0,3,51.0,14.298
1564.3450845,6,2,4,0,22,54.0,164.86
1564.3480915,6,3,2,0,8,52.0,59.358
1564.3498115,6,1,4,0,11,59.0,247.465
1564.356808,5,1,1,0,1,46.0,0.0
1564.3568225,6,1,1,0,1,45.0,0.0
1564.359183,1,1,5,0,27,50.0,92.262
1564.3592065,3,1,1,0,1,45.0,0.0
1564.3612915,6,1,3,0,14,47.0,14.656
1564.3619055,6,2,5,0,9,53.0,57.801
1564.36197,5,2,1,0,3,45.0,7.278
1564.36213,1,1,5,0,22,56.0,129.853
1564.3621515,3,1,3,0,4,51.0,23.966
1564.362791,1,2,2,0,35,57.0,184.823
1564.3708935,6,1,1,0,1,48.0,0.0
1564.3729875,6,1,2,0,4,52.0,32.75
1564.373234,2,1,2,0,1,50.0,0.0
1564.373242,5,187,4,1,188,51.0,110.657
1564.373282,1,1,1,0,1,45.0,0.0
1564.3753205,6,3,4,1,22,61.0,363.339
1564.379221,1,1,1,0,1,45.0,0.0
1564.385642,5,2,7,1,23,58.0,604.667
1564.3921535,6,1,2,0,8,51.0,32.146
1564.393773,5,3,2,0,4,50.0,40.754
1564.397444,1,1,2,0,1,46.0,0.0
1564.403001,5,2,2,0,2,48.0,6.414
1564.407138,2,1,3,0,6,57.0,110.274
1564.4071445,3,1,1,0,1,45.0,0.0
1564.4073265,6,3,3,0,8,56.0,114.155
1564.4101055,6,2,5,0,18,57.0,190.732
1564.4182705,6,1,1,0,1,45.0,0.0
1564.420358,1,9,32,11,195,63.0,4988.0
1564.4203585,3,7,18,5,164,62.0,1837.0
1564.420362,2,3,15,5,104,59.0,1504.0
1564.4203705,6,46,26,8,199,61.0,2604.0
1564.420386,5,2,9,2,75,55.0,474.645
1564.4215405,6,1,3,0,4,52.0,28.699
1564.426991,2,1,4,0,14,55.0,120.048
1564.427009,1,1,5,0,12,53.0,77.752
1564.4270335,6,1,1,0,1,45.0,0.0
1564.428781,1,1,1,0,1,49.0,0.0
1564.4326725,6,1,2,0,9,47.0,23.259
1564.4333875,6,2,4,0,29,51.0,93.136
1564.433388,1,1,1,0,1,48.0,0.0
1564.441018,1,2,11,2,118,57.0,473.932
1564.4410255,3,8,6,2,92,59.0,481.898
1564.4410455,6,1,8,1,51,51.0,188.669
1564.441066,2,1,6,0,7,52.0,50.76
1564.442211,1,1,2,0,1,49.0,0.0
1564.442223,5,2,1,0,3,45.0,9.992
1564.4422275,6,1,1,0,1,46.0,0.0
1564.448935,1,2,6,1,122,51.0,227.419
1564.4489795,6,24,6,1,41,53.0,174.535
1564.4489795,3,1,3,0,5,52.0,29.533
1564.448982,5,2,9,2,74,61.0,830.496
1564.448994,2,1,3,0,17,53.0,138.569
1564.4500675,6,1,2,0,1,49.0,0.0
1564.450508,1,2,2,0,5,51.0,24.155
1564.4524605,6,2,2,0,9,51.0,34.223
1564.4545975,6,1,2,0,1,47.0,0.0
1564.454644,5,3,5,0,8,50.0,46.197
1564.455736,1,1,2,0,1,48.0,0.0
1564.4557375,6,1,2,0,11,49.0,48.397
1564.455753,2,1,3,0,1,54.0,0.0
1564.4581705,6,2,4,0,26,52.0,106.274
1564.4587465,6,1,3,0,21,52.0,70.866
1564.4634115,6,1,1,0,8,50.0,21.026
1564.463862,5,2,3,0,6,48.0,34.143
1564.46862,5,1,13,2,42,57.0,586.744
1564.4686435,6,1,3,0,5,50.0,23.149
1564.468647,2,1,2,0,1,51.0,0.0
1564.46868,1,2,3,0,6,49.0,35.758
1564.4692685,6,1,1,0,1,45.0,0.0
1564.4768505,6,1,2,0,1,45.0,0.0
1564.4778085,6,1,1,0,4,46.0,8.749
1564.479691,1,1,2,0,1,49.0,0.0
1564.4816295,6,1,3,0,11,51.0,66.113
1564.4844,1,15,14,3,81,60.0,901.942
1564.4844175,3,1,4,0,19,50.0,52.918
1564.4844285,6,2,6,1,58,58.0,450.908
1564.484452,5,6,3,0,7,50.0,42.234
1564.485124,1,1,2,0,1,49.0,0.0
1564.4862355,6,1,1,0,1,45.0,0.0
1564.4875985,6,3,3,0,11,53.0,70.243
1564.4894995,6,4,1,0,5,49.0,18.114
1564.4920645,6,1,2,0,8,54.0,53.448
1564.4926945,3,1,1,0,1,45.0,0.0
1564.4969465,6,1,1,0,1,45.0,0.0
1564.499725,1,1,3,0,4,53.0,36.206
1564.500959,1,2,5,1,41,57.0,263.601
1564.501909,1,2,2,0,3,50.0,17.167
1564.504325,5,1,1,0,1,45.0,0.0
1564.504543,1,1,5,0,34,47.0,51.068
1564.5050065,6,3,3,0,6,51.0,43.222
1564.507626,1,1,1,0,1,49.0,0.0
1564.508232,1,1,2,0,6,56.0,94.936
1564.5128655,6,1,3,0,11,52.0,55.06
1564.516065,1,12,34,14,198,65.0,7685.0
1564.5160685,3,7,24,8,210,63.0,2889.0
1564.516069,2,1,20,8,168,61.0,2768.0
1564.516075,5,23,16,3,128,57.0,871.002
1564.5160765,6,50,29,10,207,63.0,3991.0
1564.5187555,6,1,1,0,1,45.0,0.0
1564.5193055,6,2,2,0,6,53.0,38.441
1564.519806,5,7,9,2,43,60.0,807.122
1564.520381,1,2,5,0,15,51.0,58.836
1564.5204035,6,1,1,0,1,45.0,0.0
1564.5210055,6,2,3,0,17,61.0,395.078
1564.521045,1,1,3,0,37,49.0,60.395
1564.5220665,6,1,13,3,210,57.0,629.179
1564.522177,5,2,10,2,90,60.0,627.38
1564.522229,1,1,2,0,1,49.0,0.0
1564.5267475,6,8,23,10,201,69.0,6317.0
1564.526753,5,41,26,6,135,59.0,1644.0
1564.5267575,3,2,12,3,154,54.0,523.552
1564.526758,1,2,20,7,144,65.0,3515.0
1564.526767,2,14,17,6,148,60.0,1894.0
1564.5285925,6,2,1,0,2,45.0,13.128
1564.53117,1,5,4,0,6,55.0,80.599
1564.5320015,6,3,3,0,15,59.0,252.223
1564.5326075,6,3,8,1,29,59.0,425.178
1564.532619,5,1,3,0,4,51.0,10.171
1564.5326255,3,1,3,0,20,47.0,18.182
1564.532628,1,1,6,0,45,50.0,87.524
1564.5343775,3,1,1,0,1,45.0,0.0
1564.534379,1,3,3,0,8,52.0,80.5
1564.537562,5,1,1,0,1,45.0,0.0
1564.5397615,6,1,10,3,215,63.0,959.36
1564.5478405,6,1,1,0,1,45.0,0.0
1564.5502585,6,52,11,1,67,53.0,217.591
1564.550278,5,3,10,0,28,54.0,124.005
1564.55029,1,2,6,0,50,50.0,113.919
1564.5503,2,2,3,0,2,53.0,11.471
1564.551389,1,1,1,0,1,47.0,0.0
1564.5570985,6,1,5,0,119,49.0,71.192
1564.5572225,3,1,2,0,9,49.0,30.465
1564.557978,1,1,2,0,7,46.0,16.265
1564.563505,1,1,7,1,43,56.0,233.472
1564.5635325,6,2,2,0,3,51.0,17.78
1564.5642055,3,1,1,0,1,45.0,0.0
1564.5667955,6,1,2,0,4,51.0,22.062
1564.567092,1,1,3,0,26,49.0,35.585
1564.5671065,3,1,1,0,1,45.0,0.0
1564.5737815,3,1,2,0,82,47.0,47.687
1564.573788,2,1,4,0,1,56.0,0.0
1564.573794,5,2,13,2,54,58.0,596.713
1564.5738015,6,1,6,1,77,50.0,140.642
1564.573819,1,1,8,1,66,50.0,148.976
1564.5787695,6,1,1,0,1,46.0,0.0
1564.578843,1,1,2,0,1,48.0,0.0
1564.5808165,6,1,10,1,57,53.0,262.378
1564.580829,2,1,2,0,1,53.0,0.0
1564.5851235,6,1,1,0,1,45.0,0.0
1564.588802,5,13,11,2,68,56.0,421.344
1564.5888085,6,1,13,2,126,52.0,386.394
1564.588818,1,33,14,3,121,59.0,763.926
1564.58882,2,1,6,0,7,53.0,53.091
1564.5888615,3,1,2,0,8,49.0,30.205
1564.595289,5,1,1,0,1,47.0,0.0
1564.6022935,6,1,1,0,4,46.0,8.833
1564.602588,1,2,4,0,33,55.0,149.603
1564.6037675,6,6,10,2,77,58.0,629.605
1564.60379,1,1,4,0,1,48.0,0.0
1564.6038095,3,1,1,0,1,45.0,0.0
1564.6062535,6,2,5,1,57,54.0,171.076
1564.60632,1,1,2,0,1,48.0,0.0
1564.607613,5,2,4,0,2,49.0,17.22
1564.608235,1,3,2,0,7,52.0,87.222
1564.6232995,6,1,1,0,1,47.0,0.0
1564.627336,1,2,2,0,3,47.0,9.854
1564.62866,5,1,1,0,1,45.0,0.0
1564.6295335,6,2,7,2,68,62.0,708.122
1564.629543,1,1,4,0,21,50.0,57.404
1564.629547,5,1,6,0,26,49.0,51.085
1564.6295635,3,1,1,0,4,50.0,18.346
1564.6315865,6,4,18,5,187,65.0,1916.0
1564.631591,1,3,12,2,67,62.0,710.473
1564.631602,5,1,9,1,101,54.0,188.875
1564.6316105,3,1,8,2,85,57.0,377.018
1564.631611,2,1,8,1,49,54.0,412.433
1564.6341005,6,7,3,0,11,53.0,126.541
1564.63546,1,1,1,0,1,45.0,0.0
1564.6369625,6,2,2,0,3,51.0,11.866
1564.638289,1,1,4,0,12,50.0,48.513
1564.639424,5,3,4,0,6,49.0,27.49
1564.640464,1,1,3,0,1,50.0,0.0
1564.641156,1,1,1,0,1,45.0,0.0
1564.6432355,6,1,3,0,13,54.0,121.551
1564.64511,1,28,4,0,29,53.0,109.982
1564.6454725,3,15,10,1,55,58.0,416.953
1564.645483,2,3,18,6,95,63.0,2941.0
1564.6454845,6,12,21,5,171,59.0,1345.0
1564.645488,5,66,14,3,115,55.0,608.081
1564.645647,1,1,2,0,5,45.0,10.223
1564.6499145,6,1,1,0,1,45.0,0.0
1564.6516215,6,13,2,0,14,51.0,46.002
1564.6532175,6,7,8,2,71,59.0,564.27
1564.6532435,3,1,1,0,1,48.0,0.0
1564.653244,1,1,4,0,36,50.0,111.935
1564.6609095,6,1,1,0,1,45.0,0.0
1564.666033,5,1,1,0,1,46.0,0.0
1564.6660485,6,1,2,0,21,45.0,22.54
1564.6683535,3,1,4,0,66,50.0,88.641
1564.668356,5,1,7,0,40,50.0,94.337
1564.6683635,6,1,6,1,73,51.0,143.88
1564.66837,1,1,5,0,14,49.0,51.738
1564.669296,5,2,5,0,32,52.0,129.19
1564.6735385,6,1,6,0,21,55.0,166.056
1564.673555,5,1,1,0,1,45.0,0.0
1564.673564,1,1,2,0,47,46.0,46.988
1564.6756545,6,1,2,0,4,51.0,16.567
1564.6793505,3,1,2,0,4,50.0,18.736
1564.679353,2,1,2,0,1,52.0,0.0
1564.6839245,6,9,4,0,10,53.0,68.43
1564.686935,1,1,2,0,1,47.0,0.0
1564.688931,1,2,9,1,40,55.0,265.212
1564.6889555,6,1,2,0,11,49.0,26.115
1564.688979,5,2,1,0,2,48.0,5.664
1564.6958075,6,2,2,0,12,58.0,210.146
1564.6991955,6,1,2,0,4,49.0,15.682
1564.6997435,6,3,8,2,103,59.0,719.326
1564.699753,1,37,8,1,83,53.0,163.441
1564.699793,5,2,4,0,7,48.0,31.722
1564.702961,5,19,9,1,48,56.0,332.252
1564.7029675,3,1,3,0,18,49.0,44.026
1564.7029805,6,2,5,0,39,51.0,122.396
1564.703023,1,2,2,0,2,48.0,3.352
1564.7068775,6,1,1,0,1,45.0,0.0
1564.707788,5,3,2,0,6,52.0,39.488
1564.7080205,6,1,1,0,1,45.0,0.0
1564.7095365,6,2,5,0,13,53.0,98.478
1564.709538,5,2,4,1,46,50.0,149.279
1564.709577,1,1,1,0,1,45.0,0.0
1564.719738,5,5,16,3,120,63.0,1247.0
1564.7197535,6,20,9,2,86,58.0,556.473
1564.719759,2,1,1,0,1,50.0,0.0
1564.719765,1,10,7,0,30,53.0,102.117
1564.7197805,3,3,3,0,24,53.0,73.781
1564.720886,1,7,9,2,53,67.0,1439.0
1564.7232455,3,1,3,0,64,49.0,75.616
1564.723259,5,2,6,0,13,53.0,79.251
1564.723278,2,1,2,0,1,54.0,0.0
1564.723286,1,2,3,0,39,50.0,74.003
1564.7233025,6,2,1,0,3,49.0,11.332
1564.72708,5,3,3,0,4,50.0,21.641
1564.7274275,6,1,1,0,1,45.0,0.0
1564.740154,2,1,2,0,4,51.0,35.038
1564.7401625,3,1,2,0,8,52.0,51.436
1564.7403335,6,2,1,0,2,49.0,5.81
1564.7422085,6,1,2,0,7,51.0,30.44
1564.742214,1,1,1,0,1,46.0,0.0
1564.7428205,6,10,8,2,52,59.0,610.171
1564.742822,1,1,7,1,62,50.0,129.507
1564.7428425,3,1,2,0,1,48.0,0.0
1564.7435555,6,1,3,0,9,51.0,53.404
1564.743604,1,1,3,0,1,49.0,0.0
1564.744764,5,1,3,0,6,50.0,29.051
1564.7489555,6,3,6,1,40,58.0,299.89
1564.7508975,6,1,5,0,5,54.0,34.292
1564.7519505,6,1,2,0,4,48.0,12.582
1564.7564985,6,1,1,0,1,45.0,0.0
1564.762181,5,1,1,0,1,50.0,0.0
1564.7622035,6,1,3,0,15,48.0,26.774
1564.767232,1,2,1,0,3,50.0,14.957
1564.7685455,6,1,1,0,1,45.0,0.0
1564.77049,5,1,1,0,1,48.0,0.0
1564.77268,5,1,2,0,4,51.0,19.783
1564.774304,5,2,1,0,3,47.0,13.019
1564.7762885,6,1,1,0,1,50.0,0.0
1564.777338,1,1,1,0,1,50.0,0.0
1564.7773465,3,1,1,0,4,47.0,8.802
1564.7773745,6,1,2,0,8,50.0,28.054
1564.7801105,6,1,3,0,8,54.0,78.681
1564.782098,5,8,3,0,14,51.0,74.677
1564.783128,5,2,3,0,13,48.0,28.832
1564.785731,5,2,8,2,49,60.0,743.81
1564.787547,5,3,7,1,40,55.0,374.386
1564.7875685,6,3,3,0,4,54.0,45.901
1564.78793,1,2,1,0,2,47.0,6.222
1564.790703,1,1,2,0,1,49.0,0.0
1564.7907055,6,1,2,0,1,46.0,0.0
1564.7918225,6,1,1,0,4,53.0,29.39
1564.79204,5,1,2,0,7,49.0,27.788
1564.792715,5,1,1,0,1,48.0,0.0
1564.793028,1,1,9,0,13,51.0,54.788
1564.7931155,6,1,1,0,1,45.0,0.0
1564.79494,2,1,6,2,84,56.0,470.793
1564.79495,5,1,6,0,37,52.0,109.602
1564.794951,1,2,7,1,53,57.0,281.409
1564.7949795,6,2,5,0,58,49.0,81.827
1564.7949875,3,1,2,0,8,48.0,27.121
1564.7997805,3,2,1,0,2,46.0,7.837
1564.8004295,6,1,3,0,1,48.0,0.0
1564.8026485,6,1,1,0,1,46.0,0.0
1564.803433,1,14,28,9,340,61.0,2402.0
1564.8034395,3,1,19,6,316,57.0,1094.0
1564.8034395,6,4,28,9,353,63.0,2811.0
1564.803444,5,40,25,8,337,59.0,2065.0
1564.803447,2,18,18,6,78,62.0,3131.0
1564.807999,5,4,8,1,28,57.0,437.106
1564.8080035,3,1,2,0,18,48.0,47.671
1564.8080225,6,1,5,0,20,49.0,62.05
1564.811919,1,1,3,0,4,53.0,25.764
1564.8144845,6,2,1,0,3,53.0,13.56
1564.8161385,6,1,1,0,1,47.0,0.0
1564.816262,5,67,12,3,125,61.0,1005.0
1564.8163505,3,1,4,0,48,51.0,91.094
1564.816354,1,1,4,0,24,50.0,50.258
1564.8173095,6,1,2,0,4,49.0,14.629
1564.8182365,3,1,2,0,9,50.0,44.411
1564.818736,5,1,2,0,1,54.0,0.0
1564.8222185,6,2,3,0,11,59.0,251.024
1564.8259435,6,2,2,0,3,50.0,10.848
1564.8264825,3,1,1,0,1,45.0,0.0
1564.826599,1,2,1,0,2,45.0,5.377
1564.8269725,6,2,6,1,55,60.0,262.182
1564.8278475,6,1,6,1,154,52.0,185.405
1564.8306725,6,1,1,0,4,49.0,16.818
1564.8349975,6,1,1,0,1,45.0,0.0
1564.8373745,6,2,3,0,8,52.0,26.992
1564.837377,5,2,1,0,3,49.0,7.398
1564.8413825,6,1,3,0,7,58.0,129.019
1564.841764,1,3,53,46,307,81.0,98319.0
1564.8417745,3,14,29,13,285,68.0,5596.0
1564.841777,2,12,38,30,270,71.0,29952.0
1564.841787,5,72,44,19,249,65.0,10078.0
1564.841817,4,1,5,1,68,51.0,168.893
1564.8418898,6,12,20,4,162,56.0,922.383
1564.8428,5,2,3,0,2,46.0,5.064
1564.8428225,6,8,4,0,23,52.0,161.515
1564.8463335,6,1,1,0,1,45.0,0.0
1564.846793,1,1,2,0,8,50.0,32.842
1564.849296,5,31,10,1,44,55.0,404.883
1564.8493025,6,1,4,0,6,52.0,31.564
1564.8493405,3,1,1,0,1,45.0,0.0
1564.850994,1,2,5,1,83,54.0,155.066
1564.8552325,6,2,3,0,7,56.0,83.453
1564.857007,1,3,8,2,60,61.0,762.838
1564.857032,5,1,2,0,1,47.0,0.0
1564.8570365,6,2,3,0,10,53.0,66.066
1564.8570725,3,1,1,0,1,45.0,0.0
1564.858722,1,3,4,0,10,56.0,133.601
1564.859477,5,2,1,0,3,50.0,17.444
1564.859955,1,2,3,0,20,49.0,49.696
1564.863481,5,1,6,0,19,52.0,88.241
1564.8634915,6,2,2,0,5,50.0,23.794
1564.8653465,6,1,4,0,8,58.0,168.526
1564.8686805,6,3,13,4,64,69.0,2825.0
1564.868707,5,1,6,0,11,49.0,23.509
1564.868715,1,1,5,0,35,47.0,55.337
1564.8687335,3,2,2,0,5,50.0,24.125
1564.8704255,6,1,8,1,50,51.0,185.384
1564.870446,1,1,7,0,48,51.0,89.397
1564.870449,5,1,3,0,17,50.0,38.092
1564.870474,2,1,1,0,1,51.0,0.0
1564.8737805,6,2,6,1,128,60.0,497.475
1564.87463,1,1,4,0,16,49.0,55.474
1564.874634,2,1,2,0,1,55.0,0.0
1564.8778165,6,2,6,0,29,52.0,155.177
1564.8852365,6,1,5,0,37,51.0,110.505
1564.885243,1,1,3,0,26,49.0,40.285
1564.885261,5,2,2,0,3,48.0,7.486
1564.885302,2,1,1,0,1,50.0,0.0
1564.8884015,6,1,1,0,1,45.0,0.0
1564.891285,5,2,6,0,46,52.0,162.985
1564.8913065,6,2,4,0,2,48.0,17.156
1564.8941455,6,1,2,0,4,50.0,20.041
1564.894161,1,1,2,0,1,48.0,0.0
1564.898238,1,7,4,0,9,49.0,43.759
1564.8982545,6,1,2,0,1,46.0,0.0
1564.8982605,3,1,1,0,1,45.0,0.0
1564.898267,5,2,1,0,3,47.0,8.912
1564.9027445,6,1,1,0,1,45.0,0.0
1564.9047175,6,2,1,0,3,47.0,12.528
1564.90581,1,2,2,0,3,55.0,41.895
1564.906709,5,3,2,0,5,50.0,33.054
1564.9104025,6,1,1,0,1,45.0,0.0
1564.914121,5,2,1,0,3,51.0,17.236
1564.9141245,3,2,3,0,14,48.0,36.086
1564.9141535,6,1,1,0,15,46.0,22.784
1564.915722,1,32,5,1,49,53.0,241.642
1564.9157245,3,1,2,0,1,45.0,0.0
1564.915727,5,12,8,2,78,54.0,413.967
1564.9157465,6,1,4,0,17,49.0,43.403
1564.9163475,6,1,1,0,1,47.0,0.0
1564.916616,5,2,3,0,2,52.0,11.678
1564.918217,1,9,27,8,257,59.0,1984.0
1564.918218,5,61,26,6,114,62.0,2442.0
1564.9182205,6,10,26,9,233,65.0,3424.0
1564.9182265,3,19,18,3,149,56.0,650.161
1564.918237,2,1,23,7,159,61.0,2091.0
1564.9193315,6,1,2,0,9,54.0,73.522
1564.919337,5,1,4,0,1,49.0,0.0
1564.9205075,6,2,3,0,9,55.0,62.782
1564.921105,5,1,1,0,1,47.0,0.0
1564.921649,1,1,4,0,10,47.0,25.076
1564.922904,5,1,2,0,1,51.0,0.0
1564.9231845,6,1,2,0,8,49.0,25.296
1564.9310555,6,1,1,0,1,45.0,0.0
1564.937007,1,3,8,2,43,66.0,1591.0
1564.9370305,3,1,1,0,1,45.0,0.0
1564.941603,5,2,3,0,3,48.0,6.792
1564.9416075,6,1,1,0,1,46.0,0.0
1564.9416215,3,1,1,0,1,45.0,0.0
1564.9452645,3,24,26,12,323,64.0,4405.0
1564.945269,2,18,33,18,291,66.0,10060.0
1564.94527,5,12,38,15,234,70.0,9551.0
1564.94527,1,20,41,13,283,65.0,4507.0
1564.9452705,6,22,35,14,264,67.0,6204.0
1564.945271,4,2,6,2,108,55.0,294.445
1564.9492685,6,1,2,0,1,49.0,0.0
1564.9499355,6,3,11,4,169,64.0,1272.0
1564.949946,1,30,12,2,153,54.0,372.414
1564.949956,5,1,7,2,118,53.0,236.376
1564.9499705,3,12,4,1,29,55.0,219.296
1564.950015,2,1,1,0,1,50.0,0.0
1564.950693,1,3,10,1,52,58.0,376.946
1564.950707,2,5,5,0,13,56.0,231.259
1564.9507195,6,1,4,0,50,51.0,91.859
1564.9507245,3,1,1,0,1,45.0,0.0
1564.953858,1,1,1,0,1,45.0,0.0
1564.956729,5,1,6,0,19,54.0,135.226
1564.9567525,3,2,1,0,5,45.0,11.601
1564.9567535,6,1,2,0,10,54.0,72.486
1564.95813,1,2,2,0,8,54.0,69.873
1564.96163,5,16,12,2,46,57.0,612.105
1564.9616405,6,1,6,1,90,48.0,121.491
1564.9616565,3,1,1,0,8,47.0,13.85
1564.961658,1,1,5,0,59,48.0,74.643
1564.9637055,6,1,2,0,4,47.0,12.988
1564.9665465,6,1,1,0,5,46.0,8.543
1564.967368,1,1,8,0,23,58.0,229.132
1564.9697365,6,1,2,0,1,49.0,0.0
1564.9727985,6,1,1,0,1,45.0,0.0
1564.973643,5,3,3,0,4,47.0,16.292
1564.9767055,6,2,1,0,3,50.0,17.905
1564.9803675,6,3,3,0,20,52.0,270.731
1564.984164,1,1,3,0,8,52.0,50.794
1564.9862985,6,1,1,0,1,45.0,0.0
1564.987327,5,4,5,0,31,51.0,97.698
1564.990054,1,2,18,5,248,59.0,1089.0
1564.9900735,3,1,7,1,96,49.0,122.667
1564.9900855,6,60,12,3,104,64.0,1090.0
1564.991087,1,1,2,0,15,46.0,23.695
1564.9910975,6,3,4,0,18,53.0,86.171
1564.9967685,6,4,5,0,26,55.0,179.833
1564.99677,5,1,3,0,1,49.0,0.0
1565.0004515,6,7,20,6,194,61.0,1607.0
1565.000453,1,2,21,5,157,57.0,1220.0
1565.000459,2,26,16,7,135,62.0,2688.0
1565.000459,5,40,11,2,57,56.0,527.986
1565.0004635,3,1,15,3,126,55.0,698.332
1565.003766,5,2,1,0,2,49.0,11.835
1565.005016,1,1,2,0,1,47.0,0.0
1565.005021,5,1,3,0,1,47.0,0.0
1565.0050265,6,3,2,0,7,54.0,70.883
1565.0050375,3,1,1,0,1,45.0,0.0
1565.0057325,6,1,7,1,49,51.0,127.642
1565.0057575,3,1,1,0,1,45.0,0.0
1565.005773,2,1,3,0,1,52.0,0.0
1565.005777,5,1,2,0,1,49.0,0.0
1565.005804,1,1,2,0,1,47.0,0.0
1565.01214,1,1,1,0,1,45.0,0.0
1565.0129265,6,1,2,0,5,48.0,13.519
1565.013698,5,1,3,0,18,55.0,205.159
1565.0137305,6,1,1,0,1,46.0,0.0
1565.0154205,6,1,1,0,1,47.0,0.0
1565.0191255,6,2,9,3,55,66.0,1799.0
1565.019163,1,2,1,0,3,45.0,6.985
1565.0191835,3,1,2,0,20,45.0,15.18
1565.019531,5,1,2,0,1,54.0,0.0
1565.020708,5,3,12,2,73,57.0,485.468
1565.020717,2,26,3,0,32,54.0,185.462
1565.0207195,3,1,2,0,12,46.0,19.835
1565.020723,1,32,6,0,35,50.0,99.281
1565.0207275,6,1,4,0,23,50.0,81.81
1565.0243635,6,2,2,0,13,47.0,32.049
1565.024788,5,9,10,1,36,54.0,345.799
1565.025217,1,2,10,2,50,63.0,1188.0
1565.0279975,6,1,7,1,36,56.0,259.217
1565.0280195,3,1,3,0,34,48.0,51.212
1565.028905,5,22,60,72,386,81.0,180697.0
1565.0289085,3,11,40,37,479,74.0,32891.0
1565.02891,1,27,63,53,398,74.0,74342.0
1565.028914,4,14,28,7,155,62.0,2529.0
1565.028914,2,42,54,62,341,80.0,138142.0
1565.0289165,6,20,53,56,472,78.0,97045.0
1565.0303775,6,1,1,0,1,45.0,0.0
1565.0309355,3,1,1,0,4,48.0,12.029
1565.0312805,6,12,4,0,18,56.0,231.314
1565.033404,2,1,5,0,1,52.0,0.0
1565.0334055,3,1,2,0,1,46.0,0.0
1565.033407,5,1,4,0,43,49.0,77.187
1565.033414,1,2,7,1,60,52.0,182.084
1565.0334165,6,1,6,0,54,50.0,115.691
1565.0375415,3,2,3,1,45,55.0,217.841
1565.037547,2,1,4,0,24,55.0,165.334
1565.037553,1,2,8,1,68,54.0,234.377
1565.037562,5,1,7,1,38,54.0,211.749
1565.0375635,6,1,6,0,41,51.0,110.411
1565.0385665,6,1,2,0,6,49.0,19.099
1565.03857,5,3,7,0,38,51.0,107.981
1565.038598,1,1,2,0,1,49.0,0.0
1565.0397405,3,2,1,0,2,49.0,11.835
1565.039932,1,1,1,0,1,47.0,0.0
1565.0399385,6,1,2,0,16,46.0,23.119
1565.0416985,3,6,25,14,266,75.0,15809.0
1565.041711,1,24,31,11,218,66.0,5306.0
1565.041713,2,22,37,17,239,70.0,11597.0
1565.041715,5,40,26,8,180,62.0,2902.0
1565.0417245,6,10,24,6,160,61.0,1887.0
1565.04457,5,2,6,0,26,50.0,106.685
1565.044572,1,1,3,0,1,48.0,0.0
1565.0445755,3,1,1,0,1,45.0,0.0
1565.0476185,3,1,1,0,4,52.0,35.935
1565.0481165,6,2,4,0,3,56.0,84.162
1565.0489815,6,7,5,1,34,59.0,371.545
1565.0495245,6,1,3,0,25,54.0,91.549
1565.050384,5,2,4,0,6,51.0,46.95
1565.0503925,6,2,2,0,6,51.0,32.172
1565.0512595,6,1,1,0,1,45.0,0.0
1565.057523,5,11,10,1,28,52.0,223.732
1565.0589495,6,1,1,0,1,45.0,0.0
1565.06132,1,2,3,0,7,53.0,57.406
1565.0613445,6,1,3,0,4,47.0,10.406
1565.061596,5,10,32,11,221,67.0,5652.0
1565.061608,2,5,15,6,104,61.0,2293.0
1565.0616085,3,1,12,2,90,55.0,490.145
1565.062453,5,3,12,2,110,52.0,415.222
1565.0625405,6,1,3,0,4,47.0,14.022
1565.065571,1,2,3,0,3,55.0,50.305
1565.0677765,6,1,2,0,7,53.0,44.092
1565.0686415,6,1,6,2,216,59.0,406.164
1565.073292,1,3,9,2,48,58.0,610.292
1565.0739015,6,1,2,0,5,48.0,15.053
1565.080723,1,2,1,0,2,45.0,3.784
1565.08174,1,1,2,0,1,49.0,0.0
1565.08175,5,1,1,0,1,45.0,0.0
1565.0820555,6,1,1,0,1,48.0,0.0
1565.087259,5,1,4,0,15,54.0,61.358
1565.0877435,6,2,1,0,3,53.0,41.757
1565.094628,5,3,5,1,58,58.0,338.632
1565.094633,1,17,8,0,35,51.0,114.225
1565.0946355,3,1,2,0,1,46.0,0.0
1565.0946495,6,2,3,0,15,56.0,100.191
1565.0953165,6,3,8,0,22,57.0,271.201
1565.0984285,3,4,15,5,197,62.0,1479.0
1565.098439,1,17,22,6,175,63.0,2353.0
1565.098444,5,46,20,4,126,58.0,1255.0
1565.098451,2,9,11,6,152,62.0,1894.0
1565.0984605,6,9,18,5,155,60.0,1322.0
1565.1117105,6,1,1,0,1,45.0,0.0
1565.111755,1,2,1,0,3,49.0,11.467
1565.1135405,6,3,10,1,52,58.0,406.813
1565.1135525,3,1,2,0,1,46.0,0.0
1565.113555,1,1,4,0,4,48.0,8.513
1565.113626,5,1,1,0,1,45.0,0.0
1565.114222,1,4,21,7,175,66.0,2885.0
1565.1142335,3,1,14,2,115,53.0,391.347
1565.114247,2,2,7,1,24,61.0,738.489
1565.1142485,6,5,14,3,106,57.0,857.469
1565.114252,5,26,16,2,107,56.0,505.749
1565.1174745,3,1,1,0,1,45.0,0.0
1565.1246295,6,1,7,0,20,51.0,38.356
1565.124656,2,1,1,0,1,51.0,0.0
1565.124673,1,1,4,0,12,49.0,43.972
1565.125861,1,1,2,0,1,48.0,0.0
1565.1289855,6,2,2,0,7,51.0,33.523
1565.1312355,6,2,2,0,19,53.0,94.407
1565.1341105,6,1,2,1,202,48.0,82.787
1565.138329,5,1,2,0,5,48.0,10.645
1565.14176,1,1,3,0,1,49.0,0.0
1565.1417625,3,1,3,0,25,50.0,60.144
1565.1417965,6,1,3,0,1,48.0,0.0
1565.1447055,6,1,1,0,1,45.0,0.0
1565.149326,5,1,1,0,1,45.0,0.0
1565.15323,1,2,1,0,2,45.0,3.665
1565.1537155,6,2,4,0,11,60.0,358.337
1565.153773,1,1,1,0,9,46.0,14.666
1565.1547925,6,1,2,0,4,48.0,12.141
1565.1560255,6,1,2,0,1,45.0,0.0
1565.1575455,6,1,6,1,164,54.0,125.139
1565.157692,5,3,8,1,35,58.0,426.147
1565.1656705,3,1,2,0,1,46.0,0.0
1565.165686,1,1,3,0,1,49.0,0.0
1565.1668585,6,1,1,0,1,45.0,0.0
1565.17127,5,7,12,3,44,65.0,2326.0
1565.1712855,6,9,10,2,117,56.0,491.629
1565.171291,2,1,2,0,1,51.0,0.0
1565.1712965,3,1,4,0,21,50.0,56.217
1565.171359,1,1,2,0,1,48.0,0.0
1565.1754275,6,1,2,0,8,49.0,27.246
1565.176779,1,3,5,0,13,55.0,141.526
1565.1769105,6,1,1,0,1,47.0,0.0
1565.1781345,3,1,2,0,1,45.0,0.0
1565.178142,2,1,2,0,1,52.0,0.0
1565.1820805,6,2,1,0,5,52.0,34.837
1565.1836225,6,2,1,0,3,49.0,18.279
1565.183881,5,2,9,1,49,58.0,341.272
1565.183925,1,2,4,0,52,47.0,74.516
1565.186219,5,4,1,0,5,48.0,24.099
1565.1884395,3,1,2,0,1,47.0,0.0
1565.1884775,6,1,2,0,1,47.0,0.0
1565.1890255,6,1,1,0,1,48.0,0.0
1565.191023,1,191,13,3,240,53.0,506.427
1565.191187,5,3,5,0,10,58.0,262.654
1565.1911885,3,2,4,0,37,52.0,117.901
1565.191207,2,2,2,0,3,52.0,38.844
1565.1912265,6,2,7,0,49,51.0,122.087
1565.192681,1,4,8,1,42,60.0,541.76
1565.200005,1,1,19,4,84,65.0,1627.0
1565.2000185,3,1,4,1,62,50.0,110.102
1565.2000265,6,1,12,3,161,56.0,666.197
1565.200031,2,4,7,1,32,58.0,669.341
1565.200045,5,3,6,0,23,51.0,103.067
1565.2021955,3,1,3,0,48,49.0,59.124
1565.202199,2,1,6,1,44,59.0,366.825
1565.202211,1,1,2,0,1,46.0,0.0
1565.202212,5,2,2,0,2,46.0,5.773
1565.2022355,6,191,4,1,201,51.0,132.116
1565.2109985,6,1,1,0,1,45.0,0.0
1565.216444,5,4,3,0,22,57.0,201.693
1565.2164755,6,1,2,0,1,47.0,0.0
1565.219388,1,8,12,3,122,60.0,559.676
1565.2193935,6,1,11,2,115,57.0,409.664
1565.219402,5,2,9,0,27,54.0,167.398
1565.2194045,3,1,5,0,32,51.0,79.774
1565.221321,5,2,1,0,2,49.0,6.569
1565.2260685,6,1,1,0,4,48.0,15.537
1565.2352945,6,1,1,0,1,47.0,0.0
1565.235652,5,1,3,0,1,47.0,0.0
1565.24172,1,1,2,0,1,47.0,0.0
1565.2417945,6,1,1,0,1,49.0,0.0
1565.242839,5,1,7,1,141,50.0,140.426
1565.2428555,6,82,12,3,118,65.0,1564.0
1565.2429985,3,1,1,0,1,45.0,0.0
1565.24301,1,1,2,0,59,48.0,42.881
1565.2437695,6,1,3,0,7,53.0,46.348
1565.2443265,6,1,2,0,1,45.0,0.0
1565.245815,1,1,1,0,1,49.0,0.0
1565.2468685,3,2,7,1,59,61.0,702.169
1565.246882,1,19,11,1,65,55.0,350.946
1565.246887,5,14,12,2,91,55.0,588.644
1565.246897,2,2,4,2,65,59.0,571.881
1565.2469025,6,1,4,1,88,51.0,130.185
1565.2485915,3,2,1,0,7,56.0,94.129
1565.248598,5,7,4,0,17,53.0,181.308
1565.248608,2,1,2,0,1,51.0,0.0
1565.253615,5,4,4,0,34,55.0,158.638
1565.254536,5,13,3,0,14,51.0,48.123
1565.2578195,6,1,1,0,1,50.0,0.0
1565.264305,2,23,32,23,258,70.0,16549.0
1565.264311,1,10,47,25,239,73.0,25087.0
1565.2643125,3,6,27,14,300,66.0,5723.0
1565.2643125,6,39,38,17,329,65.0,8068.0
1565.264319,5,18,48,17,301,66.0,8028.0
1565.264331,4,42,5,1,68,55.0,326.579
1565.2666645,6,2,3,0,19,58.0,234.718
1565.2683165,6,1,1,0,1,48.0,0.0
1565.269214,1,1,2,0,1,47.0,0.0
1565.2697115,6,1,2,0,4,50.0,19.771
1565.270339,5,14,21,4,102,63.0,1650.0
1565.270344,1,1,18,3,101,55.0,634.419
1565.2703515,3,1,7,1,79,52.0,186.68
1565.2703535,6,23,8,3,100,61.0,994.119
1565.270356,2,1,11,2,61,59.0,738.747
1565.271324,5,2,5,1,42,63.0,713.571
1565.2713525,6,1,1,0,1,47.0,0.0
1565.271794,1,1,5,0,1,48.0,0.0
1565.2718145,3,1,1,0,1,45.0,0.0
1565.272707,5,2,5,0,2,52.0,9.125
1565.2786475,6,1,1,0,1,45.0,0.0
1565.2793225,6,1,3,0,1,46.0,0.0
1565.279326,5,2,2,0,2,49.0,5.064
1565.2793275,3,1,1,0,1,47.0,0.0
1565.281835,1,2,1,0,3,51.0,28.178
1565.2885625,6,20,43,23,280,72.0,17773.0
1565.288563,1,8,51,26,354,74.0,21689.0
1565.288568,2,111,42,25,264,69.0,17478.0
1565.28857,5,28,52,19,319,68.0,10195.0
1565.2885745,3,12,27,12,249,65.0,5251.0
1565.288594,4,2,7,2,92,52.0,316.263
1565.290113,5,2,1,0,3,48.0,12.778
1565.2906625,6,1,1,0,1,45.0,0.0
1565.29548,5,4,4,0,5,53.0,54.053
1565.2955115,6,1,1,0,1,46.0,0.0
1565.2994455,6,1,2,0,5,46.0,9.201
1565.301934,1,1,3,0,6,53.0,43.423
1565.3019475,6,1,2,0,8,48.0,19.047
1565.3031805,6,1,7,1,24,59.0,302.613
1565.304823,5,2,2,0,3,46.0,7.144
1565.3056905,6,1,2,0,1,48.0,0.0
1565.3081095,6,1,6,0,21,56.0,228.763
1565.308139,1,1,1,0,1,45.0,0.0
1565.3122795,6,2,3,0,26,51.0,75.964
1565.31229,1,1,2,0,1,46.0,0.0
1565.314046,5,1,1,0,1,45.0,0.0
1565.314876,1,4,38,18,280,76.0,21288.0
1565.3148905,3,6,18,5,269,59.0,1015.0
1565.314899,2,1,16,7,235,61.0,2002.0
1565.314903,5,5,29,7,285,57.0,1394.0
1565.3149065,6,5,19,6,245,62.0,1777.0
1565.3159565,3,1,1,0,1,45.0,0.0
1565.322126,1,1,2,0,7,48.0,15.069
1565.331125,5,2,5,0,15,54.0,128.624
1565.3312655,6,2,6,1,33,59.0,320.654
1565.335777,5,13,24,11,182,69.0,8407.0
1565.3357885,3,14,15,4,201,58.0,828.412
1565.335792,2,2,16,5,115,60.0,1932.0
1565.3357935,6,10,20,6,146,61.0,1936.0
1565.335799,1,35,19,4,177,57.0,913.157
1565.337466,1,1,2,0,1,50.0,0.0
1565.338758,1,1,1,0,1,45.0,0.0
1565.339277,5,2,2,0,3,50.0,25.719
1565.343687,5,2,3,0,2,47.0,4.305
1565.3436935,6,1,4,0,1,48.0,0.0
1565.345359,1,1,3,0,17,48.0,20.405
1565.3453595,6,11,6,0,40,53.0,139.153
1565.3453705,3,1,1,0,1,45.0,0.0
1565.3459195,6,1,3,0,4,50.0,17.083
1565.9005155,6,1,3,0,1,50.0,0.0
1565.900523,1,1,10,1,72,51.0,193.237
1565.903184,5,2,1,0,2,50.0,6.108
1565.9031875,3,1,1,0,4,45.0,7.337
1565.909557,5,1,1,0,1,45.0,0.0
1565.911386,1,1,2,0,1,45.0,0.0
1565.91279,1,1,2,0,1,47.0,0.0
1565.913841,1,1,1,0,1,45.0,0.0
1565.9141745,3,1,1,0,5,51.0,23.96
1565.917015,4,2,1,0,3,51.0,23.384
1565.92093,5,1,3,0,1,48.0,0.0
1565.921459,5,1,1,0,1,47.0,0.0
1565.9236,1,2,1,0,2,49.0,15.915
1565.9236295,6,1,1,0,1,45.0,0.0
1565.924115,5,1,1,0,1,49.0,0.0
1565.9241355,6,1,2,0,4,48.0,12.923
1565.926216,1,1,3,0,1,46.0,0.0
1565.9273835,6,1,2,0,5,48.0,19.218
1565.92821,1,1,1,0,1,47.0,0.0
1565.930468,1,1,1,0,1,45.0,0.0
1565.9306035,6,1,1,0,1,45.0,0.0
1565.931557,1,1,5,0,1,47.0,0.0
1565.931565,5,2,6,0,54,49.0,85.247
1565.9315745,3,1,3,0,49,49.0,84.144
1565.935311,1,1,2,0,4,47.0,11.016
1565.9353655,6,1,1,0,1,46.0,0.0
1565.935549,5,4,5,0,19,50.0,58.655
1565.9379455,6,2,1,0,4,49.0,16.838
1565.9428465,6,1,3,0,1,47.0,0.0
1565.9455645,6,1,1,0,4,50.0,20.813
1565.946052,1,1,1,0,1,45.0,0.0
1565.9461075,6,1,1,0,1,45.0,0.0
1565.9479365,6,1,1,0,1,45.0,0.0
1565.9493345,3,1,1,0,1,45.0,0.0
1565.951372,1,8,28,13,185,70.0,8960.0
1565.958465,1,2,2,0,3,48.0,11.698
1565.9591335,6,1,1,0,1,45.0,0.0
1565.9614325,6,1,2,0,9,48.0,25.957
1565.968999,5,2,1,0,3,50.0,10.544
1565.969962,5,1,1,0,1,45.0,0.0
1565.9740095,6,1,2,0,1,47.0,0.0
1565.9786645,6,1,1,0,1,45.0,0.0
1565.980531,1,1,1,0,1,45.0,0.0
1565.9828925,6,1,2,0,4,48.0,14.722
1565.983208,5,1,2,0,1,48.0,0.0
1565.984223,5,2,1,0,2,45.0,3.464
1565.9842455,6,1,1,0,5,48.0,11.491
1565.988384,1,1,1,0,1,45.0,0.0
1565.988977,1,1,1,0,4,49.0,14.496
1565.9913255,3,1,5,0,39,51.0,100.923
1565.9924695,6,1,2,0,5,50.0,25.751
1565.9930345,6,2,1,0,3,50.0,16.039
1565.9957825,3,1,1,0,1,47.0,0.0
1565.9957995,6,1,5,1,84,49.0,111.82
1566.0063215,3,1,1,0,1,45.0,0.0
1566.0063295,6,1,4,1,112,51.0,112.206
1566.006359,1,1,2,0,1,46.0,0.0
1566.00777,5,2,1,0,4,49.0,21.644
1566.0083705,6,1,1,0,1,48.0,0.0
1566.0094885,6,1,2,0,1,49.0,0.0
1566.009496,5,1,2,0,1,46.0,0.0
1566.015166,1,2,8,1,42,51.0,166.092
1566.01519,5,15,2,0,17,47.0,26.479
1566.0154975,3,1,1,0,5,48.0,18.586
1566.0167245,6,1,1,0,1,45.0,0.0
1566.0193495,6,1,3,0,9,51.0,39.653
1566.019352,5,2,2,0,3,49.0,12.506
1566.0204665,6,1,1,0,1,45.0,0.0
1566.020941,5,1,2,0,1,47.0,0.0
1566.021244,1,1,3,0,24,47.0,37.335
1566.0212765,6,1,2,0,11,51.0,35.864
1566.0221495,3,1,5,1,83,48.0,109.625
1566.026534,5,1,1,0,1,45.0,0.0
1566.033774,5,8,13,7,86,69.0,6892.0
1566.0345815,6,1,6,1,99,49.0,139.603
1566.037112,1,1,1,0,1,45.0,0.0
1566.0388995,6,1,3,0,5,51.0,19.371
1566.039409,5,2,3,0,3,51.0,22.568
1566.039438,1,1,1,0,1,45.0,0.0
1566.0417775,6,1,1,0,1,45.0,0.0
1566.0427195,6,2,3,0,5,51.0,30.63
1566.0439455,6,2,1,0,3,50.0,20.648
1566.045312,5,3,3,0,14,48.0,61.075
1566.0469705,6,4,2,0,8,47.0,24.903
1566.047676,1,1,1,0,1,45.0,0.0
1566.0586785,6,1,1,0,1,45.0,0.0
1566.0595145,6,1,1,0,1,45.0,0.0
1566.060327,5,2,1,0,2,45.0,4.179
1566.061504,1,1,2,0,1,51.0,0.0
1566.0615355,3,1,1,0,1,45.0,0.0
1566.063951,1,1,5,0,22,48.0,54.444
1566.065518,5,2,3,0,3,50.0,11.102
1566.0665405,3,1,3,1,130,49.0,98.582
1566.066548,5,2,4,0,32,51.0,48.234
1566.0673365,3,2,1,0,3,47.0,9.705
1566.067689,1,1,7,0,1,49.0,0.0
1566.0677165,6,2,2,0,88,50.0,74.701
1566.06783,5,1,1,0,1,51.0,0.0
1566.0689245,6,1,1,0,1,46.0,0.0
1566.072297,1,1,3,0,8,50.0,35.505
1566.072714,5,3,2,0,4,48.0,20.092
1566.0750525,6,1,1,0,1,45.0,0.0
1566.07692,1,1,7,0,33,51.0,114.98
1566.0769455,6,1,4,0,20,50.0,42.66
1566.079328,1,1,1,0,1,45.0,0.0
1566.0805285,3,1,1,0,4,47.0,10.305
1566.080546,1,2,3,0,28,50.0,39.595
1566.08123,5,3,6,0,14,50.0,84.874
1566.08123,2,1,1,0,1,50.0,0.0
1566.0812415,6,1,2,0,4,48.0,12.855
1566.081726,1,1,1,0,1,48.0,0.0
1566.0884255,6,1,2,0,15,49.0,34.661
1566.094355,5,3,2,0,6,50.0,45.459
1566.0943885,6,1,1,0,1,45.0,0.0
1566.098932,5,2,2,0,3,47.0,11.005
1566.1003695,6,1,10,1,83,51.0,152.853
1566.100437,1,1,4,0,4,48.0,9.171
1566.102559,5,1,4,0,4,50.0,15.772
1566.1025875,3,1,4,0,38,50.0,81.681
1566.1044825,6,1,1,0,1,45.0,0.0
1566.105572,5,2,3,0,15,50.0,73.861
1566.1066125,6,1,2,0,4,50.0,13.827
1566.1072605,3,2,4,0,25,51.0,81.444
1566.1072805,6,1,4,0,13,50.0,27.909
1566.111674,5,1,6,0,1,51.0,0.0
1566.1116885,3,1,4,0,29,49.0,65.017
1566.125977,1,2,2,0,2,46.0,6.53
1566.132286,1,1,1,0,1,45.0,0.0
1566.1370405,6,1,1,0,1,45.0,0.0
1566.1392335,6,1,2,0,33,49.0,47.494
1566.1392805,3,1,1,0,1,45.0,0.0
1566.140956,1,2,2,0,8,50.0,42.293
1566.14188,1,1,2,0,5,48.0,13.604
1566.1418995,3,2,1,0,5,50.0,26.574
1566.1458635,3,1,5,1,51,51.0,124.571
1566.145926,5,1,3,1,83,48.0,89.84
1566.1466755,3,2,1,0,2,47.0,7.499
1566.146689,5,1,3,0,8,48.0,27.937
1566.1466945,6,2,3,0,61,50.0,74.85
1566.1473675,6,1,1,0,1,46.0,0.0
1566.1498505,6,1,4,0,13,50.0,45.316
1566.151484,5,2,2,0,2,47.0,3.464
1566.1541585,3,1,1,0,1,45.0,0.0
1566.1549795,6,1,1,0,1,45.0,0.0
1566.1623005,6,1,2,0,9,48.0,23.251
1566.162412,5,2,1,0,3,45.0,7.993
1566.1645165,6,1,2,0,14,47.0,24.44
1566.1651915,6,2,2,0,3,47.0,9.246
1566.165418,1,2,4,0,28,51.0,108.123
1566.165429,5,2,4,0,6,51.0,39.393
1566.1694705,6,1,2,0,4,48.0,14.582
1566.1699695,3,1,3,0,41,47.0,46.478
1566.1708245,6,1,3,0,7,50.0,22.184
1566.1723375,3,1,1,0,4,50.0,19.07
1566.1771465,3,2,5,0,44,48.0,78.842
1566.177195,1,1,8,0,54,48.0,97.116
1566.1777878,6,1,4,0,19,50.0,33.821
1566.177793,5,2,4,1,43,51.0,143.527
1566.178406,5,1,4,0,1,47.0,0.0
1566.178448,1,1,2,0,6,49.0,21.187
1566.1854905,6,1,1,0,1,46.0,0.0
1566.1865595,6,1,3,1,281,49.0,77.466
1566.187622,5,1,1,0,1,45.0,0.0
1566.190462,1,1,5,1,77,48.0,106.517
1566.190465,5,1,12,2,107,49.0,258.468
1566.1904695,3,1,4,0,36,49.0,81.74
1566.191606,5,1,3,0,27,48.0,48.103
1566.191642,1,1,1,0,1,46.0,0.0
1566.195686,5,1,1,0,1,49.0,0.0
1566.195703,1,1,3,0,1,47.0,0.0
1566.199146,5,1,1,0,1,45.0,0.0
1566.200157,1,1,2,0,1,45.0,0.0
1566.20412,1,1,3,0,1,45.0,0.0
1566.2079645,3,1,7,0,56,50.0,98.317
1566.2113125,6,1,5,0,1,50.0,0.0
1566.218271,1,2,2,0,3,51.0,22.12
1566.219108,5,1,5,0,1,50.0,0.0
1566.2221515,6,1,1,0,1,45.0,0.0
1566.222522,1,1,7,1,59,48.0,110.904
1566.2225275,3,1,3,0,12,50.0,48.668
1566.2237985,6,1,4,0,19,49.0,23.459
1566.2238085,3,1,4,0,49,49.0,105.417
1566.224841,1,1,11,1,89,51.0,215.971
1566.228521,1,2,1,0,2,47.0,3.903
1566.229506,1,1,1,0,1,46.0,0.0
1566.2295135,6,1,1,0,4,49.0,12.65
1566.2306195,3,4,5,1,60,48.0,107.667
1566.2306865,6,1,2,0,5,47.0,9.83
1566.2315675,6,1,1,0,1,45.0,0.0
1566.2320875,6,1,1,0,1,48.0,0.0
1566.2378445,6,1,2,0,5,49.0,18.57
1566.2396455,6,2,4,0,11,50.0,35.652
1566.2423335,6,7,12,5,131,69.0,2546.0
1566.242361,1,1,9,1,62,51.0,153.309
1566.2423725,3,1,2,0,1,47.0,0.0
1566.242387,2,1,1,0,1,50.0,0.0
1566.243679,1,1,2,0,1,46.0,0.0
1566.244629,5,1,1,0,1,45.0,0.0
1566.2454295,6,2,1,0,2,45.0,3.324
1566.2520225,6,1,2,0,26,48.0,32.15
1566.2532415,6,2,1,0,2,45.0,3.933
1566.2543755,6,2,4,0,2,49.0,6.726
1566.254425,1,2,1,0,2,45.0,4.793
1566.255173,1,1,3,0,1,49.0,0.0
1566.2552005,6,1,1,0,1,48.0,0.0
1566.256853,5,2,17,7,91,69.0,5337.0
1566.256918,1,2,3,0,35,51.0,95.708
1566.25869,1,2,4,0,8,51.0,50.286
1566.2608055,6,1,4,0,32,50.0,92.721
1566.264402,5,1,1,0,1,45.0,0.0
1566.266032,1,1,3,0,13,50.0,60.899
1566.266314,5,1,1,0,1,47.0,0.0
1566.269703,1,1,1,0,1,45.0,0.0
1566.2707835,3,1,2,0,1,47.0,0.0
1566.270812,2,1,1,0,1,50.0,0.0
1566.2728765,6,1,4,0,18,51.0,68.106
1566.272913,1,1,1,0,1,45.0,0.0
1566.272919,5,1,2,0,1,47.0,0.0
1566.2739905,6,9,2,0,15,50.0,59.612
1566.276328,5,2,9,1,59,51.0,223.892
1566.2763345,3,1,2,0,29,46.0,36.999
1566.279694,1,1,1,0,1,45.0,0.0
1566.283812,1,1,1,0,1,46.0,0.0
1566.2846645,6,1,1,0,1,45.0,0.0
1566.287437,1,1,1,0,1,45.0,0.0
1566.2890095,3,1,1,0,1,45.0,0.0
1566.289012,1,1,4,0,54,47.0,50.193
1566.2905055,6,1,1,0,1,45.0,0.0
1566.294849,1,1,1,0,1,47.0,0.0
1566.2967455,6,1,2,0,8,49.0,28.017
1566.299492,1,2,2,0,3,50.0,19.145
1566.3030525,6,1,2,1,189,47.0,62.591
1566.3032105,3,1,2,0,7,50.0,31.779
1566.303232,1,2,2,0,20,50.0,39.59
1566.3068,4,1,2,0,1,46.0,0.0
1566.3068165,3,2,9,2,106,51.0,276.593
1566.307441,5,2,1,0,3,51.0,18.192
1566.313991,5,1,1,0,1,48.0,0.0
1566.3148135,3,1,1,0,1,45.0,0.0
1566.314826,5,2,2,0,3,48.0,18.755
1566.31587,1,1,2,0,1,48.0,0.0
1566.3196615,6,2,2,0,2,49.0,9.877
1566.3205545,3,1,4,0,43,49.0,75.246
1566.3229,1,1,6,1,48,50.0,124.34
1566.3229165,3,1,2,0,1,47.0,0.0
1566.3229615,6,1,3,0,1,46.0,0.0
1566.323489,5,1,1,0,1,45.0,0.0
1566.3241695,6,1,5,2,353,50.0,170.247
1566.3251215,6,1,1,0,1,45.0,0.0
1566.3281415,6,1,1,0,1,46.0,0.0
1566.3299095,6,1,2,0,1,47.0,0.0
1566.334808,5,2,1,0,3,46.0,12.008
1566.3363625,6,1,2,0,10,49.0,39.922
1566.3417775,6,1,1,0,1,45.0,0.0
1566.342752,5,1,2,0,1,51.0,0.0
1566.346672,5,2,1,0,2,48.0,3.579
1566.3482215,6,1,1,0,1,45.0,0.0
1566.3514105,6,1,1,0,1,46.0,0.0
1566.353901,5,1,1,0,1,47.0,0.0
1566.3539205,6,1,1,0,1,46.0,0.0
1566.3615895,6,1,3,0,64,50.0,93.14
1566.3641475,3,1,2,1,98,48.0,72.406
1566.366605,1,1,1,0,1,46.0,0.0
1566.367988,5,1,1,0,1,46.0,0.0
1566.368202,1,1,4,0,1,48.0,0.0
1566.3683035,6,1,3,0,9,50.0,33.443
1566.3691085,3,1,1,0,1,46.0,0.0
1566.369125,1,2,3,0,3,49.0,12.852
1566.371476,1,2,2,0,7,47.0,27.249
1566.3734035,6,2,2,0,4,51.0,22.517
1566.378542,1,1,3,0,6,51.0,29.793
1566.3792175,6,1,2,0,11,47.0,12.624
1566.387487,1,1,1,0,1,45.0,0.0
1566.389065,2,2,2,0,3,51.0,29.035
1566.3890725,3,1,1,0,1,45.0,0.0
1566.391052,1,1,12,2,124,51.0,319.348
1566.3926675,6,2,2,0,2,49.0,10.021
1566.398626,5,1,2,0,1,46.0,0.0
1566.4001675,6,1,1,0,4,47.0,9.686
1566.403055,1,1,1,0,1,45.0,0.0
1566.4063125,3,2,1,0,3,47.0,25.134
1566.406946,1,1,3,0,1,49.0,0.0
1566.4069945,3,1,1,0,1,45.0,0.0
1566.4098005,3,1,1,0,1,45.0,0.0
1566.4098285,6,1,4,0,11,49.0,18.337
1566.4119765,6,1,1,0,1,45.0,0.0
1566.415722,1,2,2,0,9,50.0,68.177
1566.4157515,6,1,1,0,1,45.0,0.0
1566.4165855,3,1,1,0,1,45.0,0.0
1566.416593,5,2,5,0,2,47.0,6.726
1566.4165935,6,1,4,0,8,47.0,18.897
1566.417121,5,2,5,0,18,51.0,91.178
1566.419143,5,1,1,0,1,45.0,0.0
1566.420239,1,2,2,0,3,50.0,18.918
1566.4202775,6,1,2,0,8,48.0,26.925
1566.42242,1,1,1,0,1,50.0,0.0
1566.4229335,6,1,2,0,4,50.0,20.473
1566.428738,1,1,8,2,162,50.0,235.017
1566.4287395,3,1,1,0,1,45.0,0.0
1566.428831,5,1,1,0,1,45.0,0.0
1566.4313365,3,1,4,0,24,50.0,72.261
1566.4347955,6,1,1,0,1,47.0,0.0
1566.435567,5,1,4,0,1,49.0,0.0
1566.436839,5,2,5,0,17,51.0,86.374
1566.4392825,3,1,2,0,1,48.0,0.0
1566.440228,5,2,4,1,153,51.0,147.384
1566.440257,1,1,2,0,1,48.0,0.0
1566.4402625,6,1,2,0,1,48.0,0.0
1566.440265,2,1,1,0,1,50.0,0.0
1566.4429885,6,1,2,0,1,46.0,0.0
1566.4487665,6,1,3,0,1,47.0,0.0
1566.4493385,6,2,3,0,13,48.0,38.906
1566.449714,1,2,1,0,3,51.0,25.215
1566.4561085,3,1,1,0,1,45.0,0.0
1566.4596495,3,4,1,0,5,51.0,33.015
1566.4596755,6,1,2,0,5,50.0,25.451
1566.4624405,6,1,1,0,1,45.0,0.0
1566.4662745,3,1,2,0,5,47.0,10.445
1566.4662925,6,1,1,0,1,51.0,0.0
1566.4695655,6,1,1,0,1,46.0,0.0
1566.4708065,6,1,1,0,5,46.0,10.2
1566.471466,1,2,2,0,4,46.0,13.255
1566.4728735,6,1,1,0,4,49.0,14.951
1566.473491,1,1,1,0,1,49.0,0.0
1566.476067,5,1,1,0,1,49.0,0.0
1566.4785305,6,1,1,0,1,45.0,0.0
1566.479256,5,1,3,0,1,49.0,0.0
1566.479283,1,1,2,0,1,49.0,0.0
1566.4794255,6,1,4,0,15,50.0,56.123
1566.4825465,3,1,4,0,22,48.0,46.486
1566.482615,1,1,1,0,1,46.0,0.0
1566.488163,1,1,1,0,1,45.0,0.0
1566.491442,5,2,1,0,6,48.0,21.08
1566.4914645,6,1,3,0,25,51.0,68.043
1566.4935245,6,1,1,0,34,51.0,115.176
1566.494392,1,1,1,0,1,45.0,0.0
1566.4951875,6,1,2,0,1,49.0,0.0
1566.497711,1,2,1,0,3,50.0,14.516
1566.4990245,6,3,3,0,24,48.0,72.197
1566.5026995,3,1,1,0,4,49.0,16.239
1566.50272,1,1,2,0,32,46.0,39.827
1566.502723,5,1,1,0,39,48.0,41.166
1566.5031665,6,1,2,0,1,47.0,0.0
1566.5047215,6,1,1,0,1,48.0,0.0
1566.505848,4,1,3,0,14,49.0,34.809
1566.5101555,6,2,1,0,3,49.0,15.466
1566.5130725,6,1,2,0,8,50.0,34.754
1566.5166055,3,1,1,0,1,45.0,0.0
1566.516607,5,1,7,0,38,49.0,81.344
1566.51662,1,1,3,0,7,47.0,11.134
1566.5166335,6,1,2,0,17,48.0,33.9
1566.5181725,6,2,1,0,3,50.0,20.988
1566.5221605,3,1,1,0,1,45.0,0.0
1566.5240605,6,1,1,0,1,45.0,0.0
1566.525723,4,1,2,0,1,50.0,0.0
1566.5268015,6,1,1,0,1,45.0,0.0
1566.527005,5,63,51,25,311,71.0,19865.0
1566.52702,2,17,44,32,255,72.0,33308.0
1566.5273245,6,1,5,0,68,47.0,83.1
1566.5321845,6,1,1,0,1,45.0,0.0
1566.534965,1,1,1,0,1,47.0,0.0
1566.535069,5,2,2,0,3,49.0,12.546
1566.5350775,6,1,4,0,17,49.0,51.604
1566.5395665,3,1,1,0,9,47.0,14.393
1566.542107,1,2,1,0,2,46.0,5.628
1566.54229,5,1,1,0,1,45.0,0.0
1566.5428765,6,55,20,8,143,72.0,7435.0
1566.5428955,3,1,12,3,177,50.0,359.301
1566.5441405,3,1,5,1,74,50.0,158.169
1566.544166,1,1,4,0,23,50.0,60.892
1566.5450335,6,1,1,0,1,45.0,0.0
1566.5490795,6,1,2,0,5,50.0,19.973
1566.5521025,3,1,1,0,1,45.0,0.0
1566.5528895,3,4,4,1,92,51.0,161.822
1566.5589445,6,1,1,0,1,46.0,0.0
1566.5590455,3,1,1,0,1,45.0,0.0
1566.5600325,6,1,1,0,4,49.0,15.957
1566.5606365,6,1,2,0,5,48.0,11.37
1566.5628215,6,1,2,0,1,46.0,0.0
1566.5711385,6,1,2,0,5,51.0,28.075
1566.5713415,3,1,2,0,10,51.0,45.591
1566.571392,1,4,4,0,19,50.0,119.422
1566.5731715,6,2,3,0,26,50.0,58.306
1566.573779,1,1,2,0,1,51.0,0.0
1566.5778605,3,1,1,0,1,45.0,0.0
1566.579914,1,2,1,0,3,47.0,10.343
1566.582759,5,4,2,0,5,49.0,37.972
1566.5877895,6,1,2,0,7,48.0,20.201
1566.593646,1,1,4,0,1,51.0,0.0
1566.5940765,3,1,2,0,1,47.0,0.0
1566.5940785,6,1,8,0,42,50.0,97.31
1566.5973065,6,1,4,1,175,50.0,83.548
1566.597459,5,1,2,0,1,49.0,0.0
1566.6024515,6,1,1,0,1,45.0,0.0
1566.6040195,6,1,1,0,1,45.0,0.0
1566.604101,5,2,2,0,5,47.0,16.092
1566.6044035,3,1,1,0,1,45.0,0.0
1566.604879,5,1,6,0,40,51.0,94.058
1566.6049115,3,2,4,0,8,50.0,49.534
1566.604914,1,1,5,0,63,49.0,83.58
1566.604941,2,1,1,0,1,50.0,0.0
1566.6056775,6,1,3,0,4,51.0,21.988
1566.605689,1,1,6,0,26,48.0,89.079
1566.6057215,3,1,1,0,1,45.0,0.0
1566.6076505,3,1,3,0,13,48.0,24.648
1566.6076885,6,1,2,0,1,50.0,0.0
1566.608216,1,2,2,0,2,45.0,3.324
1566.609037,1,1,1,0,1,45.0,0.0
1566.610136,1,1,6,0,31,51.0,105.027
1566.610165,2,1,1,0,1,50.0,0.0
1566.6122055,6,2,2,0,2,46.0,3.213
1566.616849,5,2,1,0,3,48.0,11.612
1566.6184875,3,1,1,0,1,45.0,0.0
1566.6260275,3,2,6,0,58,48.0,105.682
1566.6298415,6,1,1,0,1,46.0,0.0
1566.630193,1,1,1,0,1,45.0,0.0
1566.630973,1,2,4,0,3,51.0,27.831
1566.630979,5,14,4,0,15,48.0,35.316
1566.632229,5,1,2,0,30,50.0,57.071
1566.635166,5,35,2,0,36,49.0,55.997
1566.6352345,6,1,2,0,89,48.0,47.477
1566.6406935,6,1,1,0,1,45.0,0.0
1566.641569,1,1,3,0,12,51.0,54.282
1566.6415795,6,1,4,0,13,50.0,46.111
1566.6415925,3,1,1,0,5,50.0,22.917
1566.6424795,6,1,10,1,71,50.0,180.962
1566.6424945,3,1,2,0,1,49.0,0.0
1566.642531,5,30,3,0,31,51.0,74.79
1566.645369,5,7,5,0,12,50.0,80.706
1566.6510845,6,7,28,19,261,74.0,19804.0
1566.659028,1,1,6,1,71,49.0,118.718
1566.659171,2,1,1,0,1,50.0,0.0
1566.659832,5,1,3,0,1,48.0,0.0
1566.6619295,3,1,4,0,28,48.0,35.795
1566.6628745,6,1,3,0,21,47.0,34.17
1566.6659525,6,1,1,0,1,46.0,0.0
1566.6714245,6,1,2,0,12,51.0,33.842
1566.673404,1,1,1,0,1,50.0,0.0
1566.6756285,6,2,3,0,18,51.0,56.041
1566.676281,5,1,1,0,1,45.0,0.0
1566.6843355,3,1,2,0,1,50.0,0.0
1566.68506,1,1,1,0,1,46.0,0.0
1566.685588,1,3,4,0,32,50.0,94.539
1566.685601,5,1,4,0,78,50.0,81.014
1566.6863515,3,1,1,0,4,48.0,12.139
1566.686367,5,2,1,0,3,46.0,10.158
1566.6899205,6,1,1,0,1,45.0,0.0
1566.691356,5,36,5,0,42,49.0,104.247
1566.691377,1,1,3,0,1,47.0,0.0
1566.6934875,3,1,3,0,1,46.0,0.0
1566.693509,5,2,9,0,20,51.0,58.447
1566.6935165,6,1,5,0,41,50.0,127.091
1566.6956175,3,1,1,0,1,45.0,0.0
1566.6962655,6,1,1,0,1,45.0,0.0
1566.701237,5,2,2,0,5,49.0,12.726
1566.701815,5,1,3,0,1,50.0,0.0
1566.7018345,6,1,1,0,1,45.0,0.0
1566.7035215,3,1,1,0,1,45.0,0.0
1566.7056105,3,2,1,0,2,45.0,4.529
1566.7056455,6,1,3,0,1,48.0,0.0
1566.7093045,3,1,2,0,36,46.0,34.463
1566.7101085,6,1,3,0,25,51.0,40.008
1566.7130725,3,1,2,0,58,46.0,52.993
1566.713079,1,1,3,0,4,50.0,19.064
1566.713937,5,2,1,0,3,48.0,12.6
1566.7164785,6,143,3,1,144,51.0,90.766
1566.717433,5,1,2,0,1,49.0,0.0
1566.71892,1,1,1,0,1,45.0,0.0
1566.721009,5,2,2,0,4,47.0,14.294
1566.7211245,3,1,1,0,1,45.0,0.0
1566.722627,1,1,1,0,1,46.0,0.0
1566.7257995,3,1,1,0,4,49.0,17.269
1566.72638,1,1,1,0,1,49.0,0.0
1566.72707,1,3,2,0,7,51.0,51.636
1566.7297975,3,1,1,0,1,46.0,0.0
1566.7309265,6,1,1,0,1,47.0,0.0
1566.731365,1,1,2,0,1,49.0,0.0
1566.73138,5,1,6,0,42,50.0,107.83
1566.7313855,3,1,1,0,4,47.0,9.506
1566.732247,1,1,1,0,1,46.0,0.0
1566.7326155,6,1,2,0,1,49.0,0.0
1566.732846,1,1,1,0,1,46.0,0.0
1566.7346795,6,1,1,0,1,46.0,0.0
1566.7358105,6,1,1,0,1,48.0,0.0
1566.737515,5,1,1,0,1,45.0,0.0
1566.737895,4,1,1,0,1,45.0,0.0
1566.738048,5,1,2,0,14,48.0,26.354
1566.74274,5,1,2,0,7,50.0,35.08
1566.7427735,3,1,1,0,1,45.0,0.0
1566.7466125,6,1,2,0,4,50.0,22.408
1566.753664,5,2,1,0,2,46.0,3.352
1566.7550145,3,1,6,1,165,51.0,131.503
1566.755152,5,19,9,2,150,50.0,254.144
1566.7582635,6,3,11,5,97,70.0,4830.0
1566.760388,1,2,1,0,3,49.0,12.587
1566.761499,1,1,2,0,1,47.0,0.0
1566.762418,1,3,4,0,4,50.0,40.834
1566.7662925,6,1,4,0,65,49.0,87.977
1566.7677475,6,1,1,0,1,45.0,0.0
1566.768757,5,1,1,0,1,48.0,0.0
1566.7687715,3,1,1,0,1,45.0,0.0
1566.7717135,6,1,1,0,1,45.0,0.0
1566.773592,1,1,3,0,9,49.0,32.073
1566.7744915,6,1,2,1,143,49.0,105.978
1566.7745215,3,1,1,0,1,45.0,0.0
1566.7770605,6,1,1,0,1,45.0,0.0
1566.7779965,6,1,4,1,202,49.0,81.898
1566.7812285,3,1,1,0,1,46.0,0.0
1566.7812635,6,1,3,0,1,50.0,0.0
1566.781269,5,1,1,0,1,45.0,0.0
1566.78197,1,1,4,0,1,48.0,0.0
1566.7820145,6,1,2,0,1,46.0,0.0
1566.7832925,6,2,2,0,3,50.0,16.532
1566.789795,1,1,1,0,1,49.0,0.0
1566.7902735,3,1,1,0,1,47.0,0.0
1566.7902775,6,2,2,0,6,48.0,20.596
1566.792748,1,7,4,0,46,50.0,76.148
1566.7927565,6,1,3,0,15,50.0,47.492
1566.7947225,3,1,2,1,194,49.0,71.621
1566.794921,1,1,4,0,1,50.0,0.0
1566.7979935,6,2,1,0,5,51.0,34.167
1566.7997405,6,1,1,0,1,45.0,0.0
1566.805818,1,1,1,0,1,47.0,0.0
1566.808047,1,1,2,0,38,48.0,40.583
1566.8100225,6,1,2,0,8,48.0,27.423
1566.811187,5,4,5,0,19,51.0,99.468
1566.811188,1,1,6,0,21,51.0,77.994
1566.81564,1,1,1,0,1,46.0,0.0
1566.8209065,3,1,3,0,12,50.0,54.834
1566.8216295,6,1,2,0,5,50.0,19.76
1566.822211,1,1,6,0,45,49.0,107.091
1566.8250695,3,1,1,0,5,50.0,23.038
1566.825085,5,1,2,0,1,50.0,0.0
1566.8272885,6,1,2,0,1,47.0,0.0
1566.830494,4,1,1,0,1,45.0,0.0
1566.8305135,3,1,5,0,49,51.0,103.012
1566.832693,1,1,1,0,1,45.0,0.0
1566.8409925,6,2,1,0,3,49.0,17.808
1566.841562,1,2,1,0,2,45.0,3.695
1566.8417765,3,1,3,0,5,51.0,31.26
1566.8418175,6,2,5,0,17,51.0,53.443
1566.8427,5,2,2,0,2,48.0,13.8
1566.845786,5,1,2,0,1,45.0,0.0
1566.8459915,3,1,2,0,5,49.0,14.06
1566.846143,1,2,5,0,14,50.0,77.541
1566.8461825,6,1,2,0,4,48.0,11.672
1566.8478415,6,1,2,0,5,49.0,22.223
1566.8513755,6,1,1,0,1,49.0,0.0
1566.8519355,3,1,1,0,1,45.0,0.0
1566.852777,1,1,4,0,24,50.0,77.631
1566.8546745,3,1,6,1,108,50.0,139.561
1566.8603265,6,1,3,0,1,49.0,0.0
1566.860339,5,1,1,0,1,45.0,0.0
1566.860454,1,1,1,0,1,50.0,0.0
1566.86252,1,2,3,0,3,50.0,10.005
1566.8640915,3,1,1,0,1,45.0,0.0
1566.864316,5,2,2,0,2,46.0,12.474
1566.865713,1,1,3,1,66,50.0,99.62
1566.8657225,3,1,2,0,1,48.0,0.0
1566.8657275,6,1,5,0,1,49.0,0.0
1566.8666985,3,1,2,0,1,46.0,0.0
1566.8695255,6,1,2,0,14,48.0,19.668
1566.8712515,3,4,4,0,35,51.0,107.656
1566.871276,1,1,3,0,37,46.0,35.189
1566.873142,1,1,1,0,1,47.0,0.0
1566.8732105,3,1,1,0,1,45.0,0.0
1566.874054,5,1,1,0,1,48.0,0.0
1566.87669,5,1,4,0,1,51.0,0.0
1566.877349,4,1,1,0,1,47.0,0.0
1566.8778165,6,2,1,0,4,48.0,18.034
1566.882102,5,2,2,0,2,47.0,3.241
1566.884472,5,1,1,0,1,49.0,0.0
1566.8883645,6,1,2,0,4,49.0,14.884
1566.89107,1,2,2,0,3,47.0,8.525
1566.8910795,3,1,1,0,1,45.0,0.0
1566.8910955,6,1,2,0,1,48.0,0.0
1566.8931325,6,2,1,0,11,49.0,38.414
1566.8951875,3,2,3,0,51,51.0,90.86
1566.8952015,6,1,10,2,108,51.0,239.496
1566.895238,1,2,1,0,3,49.0,13.211
1566.8965205,6,2,1,0,3,50.0,11.981
1566.8980345,6,1,3,0,1,48.0,0.0
1566.89804,1,1,1,0,1,47.0,0.0
1566.898058,5,1,3,0,1,46.0,0.0
1566.899285,5,2,1,0,2,46.0,4.148
1566.900842,1,1,1,0,1,45.0,0.0
1566.902674,1,1,5,0,28,50.0,60.432
1566.9026795,3,1,1,0,1,45.0,0.0
1566.9046145,6,2,2,0,3,51.0,8.499
1566.905602,1,1,4,0,1,49.0,0.0
1566.9056165,6,1,2,0,1,49.0,0.0
1566.908889,1,4,2,0,7,46.0,21.414
1566.911727,1,1,2,0,1,47.0,0.0
1566.914932,5,2,2,0,9,49.0,42.794
1566.917915,5,2,2,0,3,50.0,17.444
1566.9196535,3,1,1,0,1,45.0,0.0
1566.92088,1,1,1,0,1,46.0,0.0
1566.922348,1,2,3,0,3,51.0,24.944
1566.924601,5,4,35,23,243,76.0,32121.0
1566.925523,5,1,2,0,1,49.0,0.0
1566.9304255,6,5,18,8,253,70.0,4586.0
1566.930459,5,1,5,0,1,49.0,0.0
1566.934368,1,1,2,0,1,46.0,0.0
1566.9344045,6,2,5,0,27,50.0,62.929
1566.9356685,6,1,1,0,1,45.0,0.0
1566.936633,4,2,5,0,34,51.0,119.623
1566.937447,1,49,7,1,50,51.0,144.361
1566.937449,2,2,2,0,2,51.0,17.923
1566.9405375,6,1,2,0,9,48.0,21.392
1566.943598,5,2,8,2,109,51.0,246.544
1566.9436265,3,1,5,0,40,51.0,85.023
1566.944634,2,1,2,0,1,51.0,0.0
1566.9475615,6,1,1,0,1,45.0,0.0
1566.947564,1,1,1,0,1,45.0,0.0
1566.9483355,6,1,1,0,1,45.0,0.0
1566.95194,1,1,6,0,47,51.0,115.863
1566.953317,5,7,4,0,8,50.0,59.348
1566.954063,1,6,2,0,7,51.0,32.416
1566.9567225,6,1,4,0,26,49.0,58.773
1566.9574765,6,1,1,0,1,46.0,0.0
1566.9599655,6,1,1,0,69,46.0,37.191
1566.9616325,3,1,1,0,1,45.0,0.0
1566.961916,1,1,3,0,1,46.0,0.0
1566.9647885,3,1,1,0,1,45.0,0.0
1566.9653295,6,1,5,1,168,51.0,92.88
1566.967209,1,1,5,0,20,50.0,45.108
1566.9672125,3,15,2,0,16,49.0,38.519
1566.968239,1,4,3,0,5,51.0,41.015
1566.968965,1,1,1,0,1,46.0,0.0
1566.9689715,6,1,4,0,17,48.0,43.639
1566.969632,5,1,2,0,1,45.0,0.0
1566.978394,1,1,1,0,1,45.0,0.0
1566.9817845,3,2,2,0,9,49.0,39.288
1566.981792,1,1,7,1,69,51.0,146.057
1566.981798,5,4,3,0,7,51.0,36.138
1566.984997,1,2,1,0,3,48.0,10.614
1566.9863975,6,1,3,0,8,49.0,30.179
1566.9882805,3,1,1,0,4,50.0,17.496
1566.9891675,6,1,1,0,1,45.0,0.0
1566.9902095,6,1,2,0,4,50.0,15.848
1566.9908595,6,1,1,0,1,46.0,0.0
1566.992647,1,9,3,0,10,49.0,33.977
1566.9941715,3,1,1,0,4,49.0,16.947
1566.9949825,6,1,2,0,4,47.0,9.158
1566.9994435,6,4,3,0,22,50.0,46.829
1567.0117035,3,1,1,0,1,45.0,0.0
1567.013174,5,2,1,0,2,48.0,7.047
1567.013942,5,4,4,0,6,48.0,22.859
1567.018203,1,1,1,0,1,45.0,0.0
1567.019621,1,1,1,0,1,46.0,0.0
1567.0201405,6,1,2,0,1,48.0,0.0
1567.0203565,3,1,1,0,1,45.0,0.0
1567.020848,5,1,3,1,120,48.0,65.151
1567.0209945,6,1,2,0,1,45.0,0.0
1567.032229,5,10,35,16,253,69.0,11311.0
1567.0361785,6,1,1,0,1,45.0,0.0
1567.0376725,3,1,2,0,1,45.0,0.0
1567.037708,2,1,2,0,1,51.0,0.0
1567.038421,1,1,3,0,1,47.0,0.0
1567.039759,2,1,1,0,6,51.0,41.275
1567.039763,1,2,4,0,2,51.0,4.826
1567.0410285,6,1,1,0,1,46.0,0.0
1567.041575,5,3,2,0,4,51.0,28.626
1567.041613,1,1,1,0,1,45.0,0.0
1567.04642,4,1,1,0,1,45.0,0.0
1567.04702,5,1,4,0,1,49.0,0.0
1567.0470455,6,1,4,0,18,47.0,25.198
1567.048274,5,1,1,0,1,46.0,0.0
1567.0494635,3,1,5,0,24,50.0,93.383
1567.049473,2,1,2,0,1,51.0,0.0
1567.049531,5,2,1,0,2,48.0,3.464
1567.050368,5,1,6,0,1,48.0,0.0
1567.050447,1,1,2,0,4,50.0,15.546
1567.059808,1,2,3,0,3,51.0,20.917
1567.061594,4,1,1,0,1,48.0,0.0
1567.0630945,3,2,1,0,8,47.0,16.827
1567.0650875,3,1,1,0,1,45.0,0.0
1567.065089,5,2,4,0,6,51.0,29.761
1567.0651105,6,1,6,0,21,50.0,65.66
1567.067279,5,1,5,0,1,51.0,0.0
1567.067328,1,1,2,0,8,47.0,22.263
1567.0681015,3,1,1,0,1,46.0,0.0
1567.068112,1,1,6,0,30,51.0,70.613
1567.068116,5,2,2,0,2,47.0,5.921
1567.0681235,6,1,3,0,5,50.0,15.223
1567.0691295,6,1,3,1,180,47.0,65.912
1567.069255,5,2,2,0,3,51.0,18.852
1567.0732865,6,1,1,0,1,45.0,0.0
1567.07379,1,3,3,0,35,49.0,76.328
1567.077784,4,1,5,0,28,51.0,69.971
1567.0818935,3,1,2,0,5,49.0,14.63
1567.081905,1,2,2,0,3,51.0,16.344
1567.082251,5,2,1,0,2,45.0,10.021
1567.08397,5,2,2,0,2,50.0,10.264
1567.0839875,6,1,2,0,1,46.0,0.0
1567.084487,4,2,2,0,29,49.0,43.53
1567.0851358,2,30,39,24,333,69.0,16327.0
1567.0851427,6,4,48,25,460,75.0,25808.0
1567.0851478,1,1,38,16,246,70.0,9610.0
1567.087755,2,1,1,0,1,50.0,0.0
1567.087758,5,1,1,0,1,47.0,0.0
1567.0883115,6,1,1,0,1,47.0,0.0
1567.0975645,3,2,1,0,5,51.0,38.825
1567.097571,2,1,2,0,6,51.0,43.583
1567.098302,1,1,3,0,34,47.0,42.104
1567.0993475,3,1,4,0,23,49.0,61.457
1567.099369,1,1,1,0,1,45.0,0.0
1567.099604,5,2,4,0,2,47.0,15.194
1567.1006795,3,28,5,1,70,51.0,136.307
1567.1044865,6,1,2,0,1,49.0,0.0
1567.108376,5,1,7,1,63,49.0,114.182
1567.1084005,3,2,4,1,93,48.0,103.723
1567.1111675,6,1,1,0,1,45.0,0.0
1567.11342,1,27,7,1,64,49.0,109.003
1567.1154615,6,1,1,0,1,45.0,0.0
1567.1186895,3,2,4,0,20,48.0,42.036
1567.119882,5,2,1,0,15,46.0,39.9
1567.12102,1,7,64,58,577,85.0,135643.0
1567.12103,2,20,55,48,530,77.0,62082.0
1567.1210325,6,17,51,35,541,77.0,42684.0
1567.121039,5,23,66,31,528,73.0,25213.0
1567.1224935,3,1,1,0,4,50.0,17.263
1567.1238115,6,1,1,0,1,47.0,0.0
1567.125976,1,2,1,0,2,46.0,6.375
1567.128428,4,2,1,0,3,47.0,8.207
1567.131369,2,2,3,0,2,51.0,10.215
1567.1323835,6,1,1,0,1,46.0,0.0
1567.1335215,6,1,3,0,1,48.0,0.0
1567.1344075,6,1,2,0,5,50.0,23.718
1567.137566,1,1,1,0,1,45.0,0.0
1567.138408,4,1,2,0,1,47.0,0.0
1567.138436,5,1,10,1,85,51.0,228.857
1567.1398075,6,1,1,0,1,45.0,0.0
1567.1403695,3,2,3,0,19,50.0,53.98
1567.1403835,6,1,6,0,34,51.0,115.842
1567.140387,5,16,5,0,17,51.0,58.441
1567.145731,1,2,1,0,3,49.0,9.051
1567.146243,1,43,5,0,44,51.0,95.613
1567.1462595,6,1,4,0,31,51.0,123.911
1567.1474775,6,1,4,0,20,46.0,39.35
1567.1474935,3,1,1,0,1,45.0,0.0
1567.1553905,6,1,1,0,1,45.0,0.0
1567.156153,1,3,1,0,4,47.0,19.129
1567.1600655,6,1,2,0,8,51.0,38.423
1567.160069,1,1,2,0,1,46.0,0.0
1567.1606415,3,1,3,0,33,47.0,50.007
1567.160651,1,5,7,1,62,51.0,143.44
1567.161669,1,1,1,0,1,45.0,0.0
1567.1638345,3,1,1,0,1,45.0,0.0
1567.1644675,3,1,2,0,10,47.0,15.642
1567.1646295,6,1,2,0,1,47.0,0.0
1567.164686,1,2,2,0,30,48.0,45.854
1567.165582,1,42,7,1,56,50.0,119.711
1567.1655875,3,1,3,0,52,48.0,59.303
1567.166386,1,1,3,0,1,49.0,0.0
1567.1667395,6,1,1,0,1,45.0,0.0
1567.170519,1,1,3,0,51,51.0,76.686
1567.1705215,3,1,2,0,5,48.0,16.948
1567.170528,5,1,7,0,15,49.0,30.447
1567.172025,5,2,1,0,2,47.0,5.664
1567.1751895,6,1,1,0,1,45.0,0.0
1567.178188,1,7,6,2,186,51.0,220.612
1567.178292,5,1,8,1,46,51.0,141.005
1567.1793145,6,1,1,0,1,45.0,0.0
1567.1866955,6,1,3,0,1,50.0,0.0
1567.1897745,6,1,1,0,1,46.0,0.0
1567.190666,5,4,3,0,21,49.0,52.709
1567.1906895,6,1,1,0,1,45.0,0.0
1567.1925225,6,2,4,0,4,50.0,18.007
1567.2032065,6,1,2,0,10,50.0,32.048
1567.209402,5,1,7,1,101,50.0,138.33
1567.209453,2,1,1,0,1,50.0,0.0
1567.2119195,6,1,2,0,20,51.0,37.516
1567.211972,5,1,1,0,1,45.0,0.0
1567.215654,1,1,2,0,164,48.0,35.223
1567.2177975,6,1,1,0,1,50.0,0.0
1567.2216725,6,1,1,0,1,45.0,0.0
1567.222546,5,1,2,0,1,50.0,0.0
1567.2225685,6,1,1,0,1,47.0,0.0
1567.2235045,6,1,1,0,1,47.0,0.0
1567.224375,5,1,4,0,1,50.0,0.0
1567.2248265,3,1,1,0,1,45.0,0.0
1567.225421,2,9,23,15,193,69.0,10393.0
1567.2264715,6,1,5,0,28,50.0,70.402
1567.227456,1,1,5,0,6,51.0,27.813
1567.2274595,3,1,2,0,14,50.0,50.577
1567.2294425,3,1,2,0,1,47.0,0.0
1567.229468,5,1,2,0,8,47.0,19.036
1567.229484,1,1,1,0,1,48.0,0.0
1567.230754,1,2,1,0,3,47.0,11.405
1567.232631,5,2,3,1,113,50.0,123.933
1567.2326505,6,1,2,0,4,51.0,22.169
1567.242958,4,1,2,0,37,49.0,82.708
1567.245544,1,12,4,1,62,51.0,120.372
1567.2455825,3,1,2,0,9,46.0,18.708
1567.2463335,6,1,3,0,19,49.0,43.716
1567.247986,1,1,1,0,4,49.0,13.037
1567.251092,5,3,5,0,9,50.0,55.609
1567.253244,1,4,37,23,235,76.0,34195.0
1567.253263,4,1,3,0,1,50.0,0.0
1567.256618,1,1,2,0,4,51.0,20.683
1567.258085,1,1,1,0,1,47.0,0.0
1567.259334,5,1,2,0,1,50.0,0.0
1567.262984,1,1,1,0,1,45.0,0.0
1567.2630155,6,1,1,0,1,45.0,0.0
1567.2658545,6,1,1,0,1,45.0,0.0
1567.2699435,3,1,1,0,1,45.0,0.0
1567.270934,1,1,1,0,1,45.0,0.0
1567.272379,1,2,3,0,33,50.0,67.344
1567.2724065,6,1,2,0,4,48.0,12.1
1567.274563,1,1,3,0,1,50.0,0.0
1567.2745735,6,1,6,0,42,51.0,113.608
1567.274585,5,1,2,0,1,48.0,0.0
1567.2755405,6,1,1,0,4,49.0,18.851
1567.276593,2,11,28,24,227,75.0,29742.0
1567.276606,4,2,5,0,42,51.0,59.005
1567.278588,2,1,30,20,230,69.0,13976.0
1567.2880835,6,1,4,1,74,50.0,113.859
1567.2880905,3,1,1,0,4,48.0,12.239
1567.288092,5,1,3,0,6,50.0,30.205
1567.2886105,3,1,2,0,1,47.0,0.0
1567.2886578,6,1,3,0,8,50.0,41.129
1567.2904405,6,1,5,0,47,50.0,90.401
1567.29063,1,1,1,0,1,45.0,0.0
1567.2930245,6,1,1,0,1,45.0,0.0
1567.2939915,6,1,2,0,1,46.0,0.0
1567.2963295,6,1,1,0,5,49.0,17.04
1567.297133,5,3,3,0,4,50.0,25.067
1567.298091,1,1,1,0,1,46.0,0.0
1567.299369,5,2,2,0,2,46.0,7.047
1567.2993735,6,1,2,0,1,48.0,0.0
1567.3042445,6,5,18,10,290,70.0,9803.0
1567.304336,5,2,3,0,3,51.0,15.767
1567.306035,1,1,1,0,1,47.0,0.0
1567.3067955,6,1,1,0,1,47.0,0.0
1567.308719,5,1,1,0,1,45.0,0.0
1567.3089035,3,1,1,0,1,45.0,0.0
1567.3118205,6,1,1,0,1,45.0,0.0
1567.311853,2,1,2,0,1,51.0,0.0
1567.3139745,3,1,5,0,52,49.0,103.495
1567.313984,5,1,6,1,48,51.0,136.395
1567.3176825,6,1,3,0,13,51.0,45.049
1567.3183835,3,1,2,0,10,49.0,27.599
1567.318411,5,1,2,0,1,46.0,0.0
1567.3184865,6,1,1,0,1,45.0,0.0
1567.32138,1,1,5,0,1,51.0,0.0
1567.3241065,6,1,6,1,51,51.0,136.942
1567.324125,2,1,2,0,1,51.0,0.0
1567.32511,5,2,2,0,6,45.0,16.007
1567.3255975,6,1,2,0,5,48.0,13.598
1567.327574,1,1,7,0,44,51.0,97.194
1567.3275825,3,1,2,0,1,46.0,0.0
1567.3303775,6,2,1,0,3,48.0,16.499
1567.334564,5,2,1,0,8,50.0,45.812
1567.33493,2,1,1,0,1,51.0,0.0
1567.3393735,6,1,2,0,1,45.0,0.0
1567.3398975,3,2,1,0,2,49.0,3.352
1567.3419655,6,1,1,0,1,45.0,0.0
1567.3433845,6,2,2,0,12,48.0,25.571
1567.3445895,6,1,1,0,1,45.0,0.0
1567.346894,5,1,2,0,15,47.0,23.23
1567.3524505,6,1,1,0,1,45.0,0.0
1567.352986,1,1,1,0,1,45.0,0.0
1567.3541235,6,1,1,0,1,45.0,0.0
1567.3553985,6,1,4,0,9,48.0,24.617
1567.356782,1,1,1,0,1,49.0,0.0
1567.3605985,6,1,4,0,86,51.0,99.361
1567.36061,1,1,7,1,121,50.0,155.363
1567.3659595,6,2,1,0,3,45.0,8.051
1567.374216,5,1,5,0,27,50.0,83.138
1567.3755075,6,1,1,0,5,48.0,15.808
1567.375809,1,1,3,0,1,49.0,0.0
1567.3778385,3,2,2,0,2,47.0,4.66
1567.377862,5,1,3,0,13,50.0,41.153
1567.377879,1,2,4,0,37,49.0,78.38
1567.383184,1,1,2,0,1,47.0,0.0
1567.384693,5,1,4,0,43,50.0,115.784
1567.3865975,6,1,2,0,19,48.0,25.515
1567.3874905,3,1,1,0,1,45.0,0.0
1567.3883355,6,1,2,0,8,51.0,43.852
1567.390972,5,2,1,0,3,47.0,9.587
1567.3927675,6,1,1,0,4,48.0,10.299
1567.395601,1,1,2,0,1,45.0,0.0
1567.3961845,6,3,1,0,12,49.0,44.189
1567.396541,1,1,1,0,1,45.0,0.0
1567.398476,1,1,3,0,6,47.0,13.885
1567.3984915,3,1,1,0,1,45.0,0.0
1567.3985105,6,1,2,0,1,45.0,0.0
1567.399172,5,1,1,0,5,46.0,9.706
1567.4013715,6,1,3,0,18,56.0,101.864
1567.4031825,6,2,2,0,3,49.0,19.905
1567.4046575,6,1,1,0,1,45.0,0.0
1567.406538,1,1,12,2,89,54.0,293.245
1567.4065385,6,7,14,5,171,63.0,1798.0
1567.4065405,3,1,9,3,209,53.0,355.307
1567.406548,5,4,12,2,105,53.0,324.431
1567.406598,2,1,3,0,1,54.0,0.0
1567.4073115,6,1,3,0,22,49.0,53.573
1567.409917,1,1,9,1,109,51.0,231.731
1567.4099275,3,2,6,1,88,51.0,157.967
1567.4099315,6,2,9,2,105,55.0,378.059
1567.409934,5,1,8,1,126,50.0,178.511
1567.409941,2,1,7,2,96,56.0,407.037
1567.4115035,6,1,3,0,4,53.0,34.298
1567.411704,1,2,3,0,7,57.0,97.635
1567.411918,5,1,2,0,1,50.0,0.0
1567.4121065,6,2,1,0,2,46.0,6.07
1567.412795,1,1,2,0,1,48.0,0.0
1567.4138085,6,6,16,4,151,64.0,1217.0
1567.413809,5,2,15,4,160,58.0,685.422
1567.413821,1,15,17,3,135,57.0,561.839
1567.4138255,3,31,13,4,146,57.0,1028.0
1567.413849,2,1,8,2,70,56.0,478.663
1567.4172735,6,5,13,3,159,58.0,743.703
1567.417295,1,2,9,2,68,56.0,442.062
1567.417296,5,1,7,1,74,54.0,253.441
1567.4173345,3,1,2,0,25,49.0,51.877
1567.419189,1,1,1,0,1,46.0,0.0
1567.4217065,6,2,1,0,3,51.0,19.251
1567.4249555,6,1,1,0,1,45.0,0.0
1567.4256835,6,1,2,0,5,53.0,32.897
1567.4271105,6,1,1,0,1,45.0,0.0
1567.427423,1,1,2,0,1,45.0,0.0
1567.4278035,6,6,7,2,102,56.0,314.721
1567.4278345,3,2,3,0,18,50.0,69.204
1567.427835,2,1,2,0,1,52.0,0.0
1567.428547,1,1,1,0,1,45.0,0.0
1567.429225,5,2,1,0,8,52.0,26.358
1567.4292305,3,1,1,0,1,46.0,0.0
1567.4292575,6,1,1,0,1,47.0,0.0
1567.4305185,3,1,5,0,45,56.0,171.438
1567.430529,1,22,12,1,69,54.0,350.293
1567.430542,5,8,9,0,17,54.0,167.671
1567.430545,2,2,6,1,40,54.0,248.908
1567.4305545,6,1,6,0,40,50.0,76.237
1567.431565,1,2,5,0,23,56.0,272.14
1567.432122,1,8,4,0,40,48.0,60.376
1567.4347195,3,2,1,0,2,45.0,3.435
1567.435017,1,8,27,13,172,70.0,10196.0
1567.435023,5,28,24,7,125,62.0,2546.0
1567.4350285,6,12,20,7,152,66.0,4118.0
1567.43504,2,12,17,6,118,60.0,2340.0
1567.438151,5,2,2,0,2,48.0,8.58
1567.4391455,6,5,5,1,29,60.0,515.215
1567.4418025,6,117,13,4,153,59.0,1083.0
1567.441808,1,1,5,0,4,53.0,34.302
1567.4429565,6,1,1,0,1,46.0,0.0
1567.449336,1,2,3,0,3,52.0,23.197
1567.4499375,6,2,2,0,10,51.0,67.017
1567.4504925,6,1,4,0,1,48.0,0.0
1567.45107,1,1,1,0,1,45.0,0.0
1567.4510815,6,1,6,2,112,56.0,329.814
1567.4521245,6,1,2,0,5,49.0,17.345
1567.454456,5,3,2,0,6,50.0,39.816
1567.4555805,3,3,8,3,115,62.0,1064.0
1567.455582,5,6,10,2,41,60.0,817.062
1567.455585,1,26,16,2,90,56.0,398.134
1567.4555935,6,39,8,2,74,55.0,368.233
1567.455597,2,1,7,2,76,58.0,596.448
1567.456779,1,1,9,1,70,53.0,195.094
1567.4567825,3,1,3,0,16,51.0,56.554
1567.4567895,6,1,5,1,61,53.0,158.135
1567.456808,5,2,2,0,12,47.0,24.806
1567.4579515,3,1,1,0,4,48.0,12.437
1567.460128,1,2,6,1,40,61.0,544.416
1567.4611665,6,2,4,0,9,49.0,43.723
1567.464397,1,15,31,12,204,64.0,6329.0
1567.4643975,3,13,20,7,196,64.0,2676.0
1567.464398,2,5,20,8,151,62.0,3022.0
1567.4644115,6,44,28,11,237,63.0,4265.0
1567.464425,5,2,12,3,87,57.0,716.03
1567.4680025,6,1,2,0,12,53.0,44.658
1567.4705095,6,1,2,0,1,51.0,0.0
1567.4713805,6,1,1,0,1,45.0,0.0
1567.471671,1,1,1,0,1,47.0,0.0
1567.4730475,6,1,2,0,8,50.0,36.685
1567.475048,1,1,12,0,24,55.0,188.207
1567.4750645,3,1,4,0,32,57.0,200.917
1567.4750645,6,17,7,1,39,55.0,215.626
1567.475065,5,6,13,3,266,53.0,461.927
1567.475097,2,1,2,0,1,55.0,0.0
1567.4765875,6,1,6,1,26,55.0,276.79
1567.47664,5,2,1,0,2,48.0,7.169
1567.4775145,6,1,1,0,1,46.0,0.0
1567.47826,5,17,9,1,46,51.0,179.658
1567.478289,1,1,2,0,1,50.0,0.0
1567.4783015,6,132,3,1,133,54.0,110.136
1567.48162,5,3,5,1,44,58.0,243.567
1567.4816325,6,1,4,0,27,50.0,88.863
1567.481678,1,2,2,0,3,47.0,10.321
1567.4821785,6,304,32,12,461,63.0,3564.0
1567.482352,2,97,31,15,278,65.0,6321.0
1567.482356,1,90,51,14,310,62.0,4658.0
1567.4823595,3,86,23,10,343,61.0,2719.0
1567.482369,5,82,41,12,264,64.0,4908.0
1567.48244,4,2,6,1,57,56.0,286.126
1567.483467,1,3,5,0,4,53.0,51.839
1567.4840325,6,5,17,6,138,65.0,2259.0
1567.484048,1,37,20,4,126,57.0,951.114
1567.48406,5,17,19,5,120,60.0,1467.0
1567.484075,2,46,8,2,49,55.0,568.74
1567.4841245,3,1,1,0,1,46.0,0.0
1567.4868735,6,1,5,0,18,55.0,175.782
1567.486886,1,1,1,0,1,45.0,0.0
1567.487945,1,38,27,6,198,60.0,1505.0
1567.4879515,6,41,22,6,174,62.0,1677.0
1567.487952,5,3,27,6,202,58.0,1770.0
1567.4879615,3,2,13,4,222,56.0,772.582
1567.487965,2,21,17,6,133,60.0,1807.0
1567.487993,4,1,1,0,1,45.0,0.0
1567.4896985,6,2,2,0,10,48.0,40.621
1567.491389,1,1,1,0,1,46.0,0.0
1567.491938,1,18,11,2,62,55.0,403.09
1567.4919415,6,2,8,2,99,58.0,408.954
1567.4919435,3,1,2,0,31,48.0,48.576
1567.491952,5,1,8,1,65,52.0,258.252
1567.4931945,6,1,1,0,1,46.0,0.0
1567.4955205,6,1,4,0,46,47.0,58.032
1567.4955275,3,1,1,0,1,45.0,0.0
1567.4969855,6,1,1,0,1,49.0,0.0
1567.4983925,6,1,1,0,1,45.0,0.0
1567.4989275,3,2,2,0,6,47.0,16.771
1567.498941,5,6,4,0,19,49.0,88.128
1567.4994335,6,2,2,0,9,53.0,45.143
1567.499619,1,1,3,0,1,47.0,0.0
1567.49979,5,2,6,0,18,53.0,118.849
1567.5006105,6,1,3,0,11,57.0,166.626
1567.5022105,6,2,1,0,8,53.0,52.882
1567.504083,5,2,8,3,233,56.0,427.247
1567.5041025,6,11,7,1,76,51.0,178.683
1567.504109,1,1,5,0,1,51.0,0.0
1567.5041125,3,1,2,0,71,45.0,70.131
1567.506603,5,11,29,11,170,68.0,6593.0
1567.5066055,3,1,21,5,182,57.0,1050.0
1567.506611,1,6,21,5,153,58.0,1445.0
1567.5066135,6,38,23,7,161,62.0,2768.0
1567.506614,2,65,21,6,111,61.0,2528.0
1567.5089655,6,1,1,0,1,45.0,0.0
1567.5093065,3,1,2,0,8,48.0,22.773
1567.509412,1,3,6,1,19,64.0,905.528
1567.510471,1,3,5,1,19,64.0,914.107
1567.510731,5,1,2,0,1,47.0,0.0
1567.511401,5,1,2,0,1,48.0,0.0
1567.5114125,6,2,2,0,3,51.0,31.431
1567.512315,1,1,4,0,1,50.0,0.0
1567.5127735,6,1,2,0,1,53.0,0.0
1567.513268,5,1,8,2,69,54.0,348.124
1567.5132765,6,1,6,1,54,57.0,310.758
1567.513286,1,1,6,0,33,50.0,53.856
1567.513341,2,1,1,0,1,50.0,0.0
1567.513975,1,2,8,1,39,57.0,784.278
1567.5146005,6,1,2,0,1,47.0,0.0
1567.516316,5,1,2,0,1,50.0,0.0
1567.5165395,3,1,1,0,1,45.0,0.0
1567.5176485,6,2,3,0,3,52.0,20.181
1567.517989,5,1,9,1,47,59.0,408.383
1567.517997,4,2,1,0,2,47.0,3.784
1567.5180115,3,1,5,0,41,49.0,78.233
1567.518026,2,1,4,0,22,56.0,192.506
1567.518032,1,2,8,0,47,51.0,123.546
1567.5199655,6,1,3,0,21,51.0,72.333
1567.5211045,6,1,6,2,32,67.0,1225.0
1567.5228135,6,1,9,3,131,58.0,663.914
1567.522864,1,1,1,0,1,49.0,0.0
1567.5236725,6,1,1,0,1,50.0,0.0
1567.5258715,6,1,8,1,87,57.0,331.718
1567.5258795,3,1,2,0,49,46.0,37.49
1567.525885,1,1,5,0,9,49.0,24.619
1567.525885,5,1,4,0,1,48.0,0.0
1567.5294485,6,1,3,0,21,52.0,121.884
1567.530911,1,1,2,0,9,50.0,26.936
1567.5309335,6,1,1,0,1,45.0,0.0
1567.533392,5,2,5,0,8,52.0,54.901
1567.5341375,6,10,3,0,11,54.0,70.343
1567.5350045,6,1,1,0,1,45.0,0.0
1567.535444,1,2,2,0,2,47.0,11.01
1567.5358905,6,3,3,0,9,56.0,100.475
1567.5365435,6,2,1,0,2,45.0,4.025
1567.5382095,6,2,2,0,2,47.0,5.628
1567.538565,5,2,6,0,12,55.0,193.583
1567.5397735,6,1,3,0,16,50.0,36.408
1567.5406565,6,1,1,0,1,45.0,0.0
1567.54367,5,4,4,0,22,55.0,194.185
1567.543673,1,1,2,0,48,48.0,62.328
1567.5436745,3,1,2,0,1,47.0,0.0
1567.5437045,6,1,2,0,20,48.0,25.612
1567.545902,1,2,1,0,2,46.0,8.402
1567.54598,5,2,3,0,2,49.0,17.41
1567.545985,2,1,1,0,1,50.0,0.0
1567.5479685,3,12,8,2,109,56.0,524.039
1567.547969,1,2,27,7,160,64.0,3221.0
1567.547994,2,1,15,4,97,57.0,941.424
1567.547994,5,47,12,2,76,56.0,574.005
1567.5479995,6,49,15,2,104,54.0,449.557
1567.548629,1,2,1,0,2,48.0,14.027
1567.548872,5,2,2,0,3,50.0,13.375
1567.5495465,6,1,1,0,4,49.0,12.366
1567.5501385,6,1,2,0,4,55.0,36.14
1567.550851,5,2,2,0,2,46.0,5.237
1567.5519625,6,2,2,0,4,51.0,54.114
1567.5549,5,1,14,2,93,58.0,598.185
1567.5549105,6,12,8,1,31,57.0,251.79
1567.5549285,3,1,2,0,22,48.0,39.761
1567.554952,1,1,5,0,20,52.0,104.043
1567.55498,2,1,1,0,1,50.0,0.0
1567.5558305,6,1,2,0,1,50.0,0.0
1567.556499,5,1,3,1,107,52.0,113.592
1567.556591,1,1,1,0,1,45.0,0.0
1567.5566,2,1,1,0,1,52.0,0.0
1567.5575555,6,1,1,0,1,45.0,0.0
1567.5588435,6,1,2,0,1,48.0,0.0
1567.5597655,6,1,2,0,4,50.0,10.46
1567.560169,1,9,27,9,198,63.0,4037.0
1567.5601695,3,7,15,4,144,62.0,1663.0
1567.56017,2,1,16,6,152,60.0,2002.0
1567.560197,5,1,10,2,65,56.0,443.13
1567.5602705,6,1,14,3,148,55.0,750.85
1567.5611085,6,1,2,0,1,47.0,0.0
1567.561238,5,1,1,0,1,46.0,0.0
1567.5619245,6,1,3,0,19,51.0,80.04
1567.5625175,6,1,2,0,1,47.0,0.0
1567.5630935,6,1,1,0,8,50.0,25.511
1567.563402,5,2,5,0,19,56.0,213.729
1567.5638965,6,1,2,0,1,49.0,0.0
1567.563897,1,1,2,0,1,47.0,0.0
1567.565511,5,2,9,2,137,54.0,286.249
1567.5655865,6,2,2,0,3,48.0,11.07
1567.5659295,3,1,6,1,57,52.0,148.242
1567.565939,1,1,15,3,118,56.0,753.729
1567.565942,2,6,8,1,16,60.0,788.468
1567.5660975,6,1,1,0,1,45.0,0.0
1567.566432,5,4,7,0,22,58.0,325.759
1567.5678555,6,2,2,0,3,47.0,10.391
1567.571574,1,2,7,1,51,56.0,288.998
1567.5720775,6,2,7,2,170,55.0,219.614
1567.572178,5,14,3,1,50,52.0,167.319
1567.572209,1,1,2,0,35,49.0,62.339
1567.5722105,3,1,1,0,1,45.0,0.0
1567.5731385,6,1,3,0,1,50.0,0.0
1567.57346,5,1,4,0,1,48.0,0.0
1567.573779,1,3,7,1,48,57.0,567.393
1567.5754065,6,1,18,6,326,63.0,1340.0
1567.5754735,3,1,2,0,157,45.0,43.793
1567.575625,5,1,6,0,61,51.0,100.429
1567.575636,2,1,2,0,1,52.0,0.0
1567.575646,1,2,5,0,9,49.0,36.85
1567.579209,1,1,3,0,1,47.0,0.0
1567.579231,2,1,2,0,1,51.0,0.0
1567.5794525,3,1,1,0,1,47.0,0.0
1567.5794595,6,1,2,0,1,45.0,0.0
1567.5800045,6,1,4,1,59,59.0,270.119
1567.582834,5,7,11,2,73,55.0,361.771
1567.5828555,6,1,5,0,15,50.0,54.834
1567.582872,2,1,2,0,1,51.0,0.0
1567.582888,1,2,5,0,2,50.0,8.052
1567.5838855,6,1,1,0,1,45.0,0.0
1567.584317,1,5,7,1,63,47.0,106.168
1567.5843175,3,1,2,0,17,47.0,36.542
1567.584345,5,1,4,0,36,48.0,46.72
1567.5849015,6,1,1,0,1,45.0,0.0
1567.5860565,6,1,1,0,1,46.0,0.0
1567.587304,5,13,5,0,33,53.0,166.382
1567.5873045,6,1,1,0,1,50.0,0.0
1567.587314,1,1,3,0,17,49.0,37.571
1567.5882835,6,3,5,0,15,58.0,309.671
1567.5891165,6,21,7,1,53,55.0,267.345
1567.589186,1,1,1,0,1,45.0,0.0
1567.590143,5,1,13,2,128,55.0,415.996
1567.590146,4,1,1,0,1,46.0,0.0
1567.590159,2,1,6,3,115,58.0,743.048
1567.5901605,6,1,7,1,48,57.0,351.163
1567.590163,1,21,16,3,88,57.0,673.339
1567.5902085,3,1,2,0,4,50.0,19.122
1567.59175,2,2,2,0,5,58.0,145.158
1567.5919365,6,1,1,0,4,46.0,9.454
1567.5932775,6,2,3,0,30,49.0,103.321
1567.5940055,6,2,4,0,24,53.0,118.035
1567.595948,1,1,2,0,1,47.0,0.0
1567.5959495,6,1,2,0,5,50.0,20.777
1567.5966195,6,1,1,0,1,49.0,0.0
1567.59937,5,1,1,0,1,54.0,0.0
1567.6012275,6,1,2,0,1,47.0,0.0
1567.602516,1,1,3,0,1,48.0,0.0
1567.6030155,6,2,2,0,6,58.0,98.968
1567.6049345,6,2,2,0,2,51.0,13.857
1567.6063935,6,1,7,1,207,50.0,104.223
1567.606578,5,2,2,0,5,50.0,32.11
1567.608314,5,1,1,0,1,45.0,0.0
1567.609308,2,1,1,0,1,51.0,0.0
1567.609603,1,2,1,0,2,45.0,3.324
1567.610692,1,1,2,0,1,49.0,0.0
1567.6111975,6,1,1,0,1,45.0,0.0
1567.6147805,6,1,3,0,20,50.0,55.312
1567.615519,5,2,4,0,18,54.0,129.478
1567.6155245,3,1,2,0,18,49.0,55.741
1567.6160515,6,1,1,0,1,46.0,0.0
1567.618376,5,1,1,0,1,45.0,0.0
1567.619092,5,1,9,1,53,55.0,231.475
1567.6191465,6,41,7,1,64,61.0,625.254
1567.619197,1,2,6,0,22,54.0,114.538
1567.6192195,3,1,1,0,1,45.0,0.0
1567.6213225,6,1,4,1,151,51.0,115.426
1567.62244,5,5,4,0,15,51.0,106.52
1567.622897,1,2,1,0,3,50.0,19.463
1567.6231965,6,1,1,0,1,45.0,0.0
1567.6294465,6,1,5,1,56,53.0,163.026
1567.6307725,6,1,2,0,1,48.0,0.0
1567.631917,1,6,13,4,72,68.0,2823.0
1567.6324195,6,11,3,0,15,53.0,96.415
1567.6324455,3,1,2,0,1,47.0,0.0
1567.6330195,6,1,2,0,4,50.0,20.691
1567.634265,1,1,1,0,1,45.0,0.0
1567.6348575,6,112,35,14,510,66.0,5902.0
1567.634866,5,112,25,10,248,64.0,4077.0
1567.634952,1,23,32,9,233,65.0,3529.0
1567.6349545,3,20,13,3,125,58.0,787.631
1567.634972,2,21,13,4,88,58.0,1131.0
1567.634991,4,13,5,1,78,50.0,134.511
1567.6389655,6,2,9,1,52,53.0,199.218
1567.6389845,3,1,2,0,5,50.0,16.94
1567.638985,2,2,4,0,6,57.0,117.745
1567.638988,1,2,7,1,21,56.0,326.841
1567.639027,5,1,3,0,23,47.0,28.298
1567.6428225,6,3,5,0,23,57.0,183.441
1567.6446975,6,2,1,0,3,49.0,13.328
1567.6454485,3,1,1,0,1,45.0,0.0
1567.6456975,6,1,1,0,1,45.0,0.0
1567.6468685,6,1,13,2,213,53.0,386.074
1567.646984,2,2,5,1,31,57.0,450.833
1567.646985,1,7,14,3,101,60.0,777.974
1567.6469995,3,2,4,1,81,53.0,137.675
1567.647012,5,2,6,1,101,54.0,176.018
1567.6477725,6,1,9,2,97,60.0,581.536
1567.647777,1,1,16,1,72,57.0,385.479
1567.647786,5,1,7,1,57,51.0,174.436
1567.6478015,3,1,2,0,1,46.0,0.0
1567.647816,2,1,4,0,22,53.0,161.687
1567.6492945,6,1,3,0,4,52.0,29.644
1567.6524575,6,3,9,1,50,62.0,686.14
1567.652471,1,1,6,1,83,49.0,123.729
1567.652476,5,1,4,0,1,50.0,0.0
1567.6525715,3,1,1,0,10,46.0,15.478
1567.6531425,6,1,2,0,1,51.0,0.0
1567.654143,5,1,3,0,1,52.0,0.0
1567.6541565,6,1,4,0,27,49.0,69.933
1567.6549715,6,2,7,1,38,67.0,1382.0
1567.654999,1,1,5,0,26,49.0,63.658
1567.655888,1,119,34,13,354,65.0,6397.0
1567.6559985,3,10,21,7,244,64.0,2693.0
1567.655999,2,9,20,8,158,61.0,2895.0
1567.656005,5,23,15,3,85,57.0,692.495
1567.6560095,6,48,36,13,279,63.0,4776.0
1567.6570085,6,1,1,0,1,46.0,0.0
1567.657526,1,1,4,1,47,55.0,226.854
1567.6578265,6,1,5,0,28,49.0,81.531
1567.657843,5,2,1,0,2,49.0,11.835
1567.6587515,6,1,3,0,6,51.0,14.984
1567.6598395,6,1,3,0,1,50.0,0.0
1567.6603855,6,1,2,0,1,51.0,0.0
1567.661952,1,1,3,0,10,53.0,46.651
1567.6621975,6,1,8,1,102,50.0,179.678
1567.665688,5,12,27,8,167,61.0,3033.0
1567.6656965,3,1,11,2,133,52.0,329.179
1567.665698,1,28,22,4,132,60.0,923.434
1567.6657005,6,28,24,6,276,58.0,1295.0
1567.665716,2,2,12,5,138,61.0,1547.0
1567.667191,5,46,20,5,142,58.0,1275.0
1567.6671985,3,27,16,3,159,60.0,720.692
1567.667206,1,27,17,3,137,57.0,610.012
1567.6672155,6,7,14,3,147,56.0,645.874
1567.667221,2,20,11,4,72,61.0,1319.0
1567.6680115,6,1,3,0,12,49.0,39.073
1567.668825,5,2,1,0,4,47.0,15.594
1567.671695,1,1,2,0,1,47.0,0.0
1567.6717015,6,1,5,1,102,52.0,123.232
1567.67554,1,3,14,3,90,60.0,1132.0
1567.675553,2,9,6,2,65,62.0,895.684
1567.6755715,6,1,6,0,45,53.0,134.714
1567.675584,5,1,3,0,30,49.0,80.97
1567.676073,4,1,1,0,1,49.0,0.0
1567.6761185,6,1,2,0,1,45.0,0.0
1567.676134,5,1,1,0,1,46.0,0.0
1567.67768,1,1,20,8,222,71.0,5397.0
1567.6783435,6,1,3,0,5,49.0,17.527
1567.6783655,3,1,1,0,1,46.0,0.0
1567.678485,5,1,1,0,1,46.0,0.0
1567.680918,1,2,6,2,87,66.0,883.5
1567.6810755,6,1,1,0,1,45.0,0.0
1567.681774,5,21,17,4,119,59.0,1147.0
1567.6817855,6,6,21,6,228,62.0,1986.0
1567.6818025,3,1,2,0,4,46.0,7.63
1567.681808,4,2,3,0,3,47.0,9.014
1567.681824,1,1,6,1,73,52.0,224.819
1567.681842,2,1,2,0,52,53.0,137.769
1567.6838515,6,1,6,2,242,55.0,315.43
1567.687183,2,1,1,0,1,51.0,0.0
1567.687183,1,1,4,0,4,53.0,32.157
1567.6871895,3,1,1,0,1,45.0,0.0
1567.6875085,6,10,4,0,18,55.0,155.507
1567.688072,1,2,4,1,48,55.0,167.178
1567.6881195,6,1,1,0,1,46.0,0.0
1567.689088,5,2,7,1,37,60.0,751.394
1567.692603,1,1,1,0,1,45.0,0.0
1567.6930365,6,1,14,4,309,54.0,621.31
1567.6931045,3,1,5,0,17,54.0,79.513
1567.693105,1,15,19,5,236,61.0,1077.0
1567.693107,2,2,4,0,12,55.0,184.699
1567.693119,5,65,11,2,66,53.0,340.431
1567.6940995,6,1,1,0,1,45.0,0.0
1567.695098,5,23,14,2,79,57.0,460.228
1567.695099,1,65,21,4,151,58.0,792.139
1567.695099,2,1,15,2,60,58.0,800.721
1567.6951005,3,2,10,1,72,51.0,211.3
1567.6951015,6,14,18,5,178,62.0,1618.0
1567.697182,1,1,1,0,1,45.0,0.0
1567.6977165,6,1,1,0,1,45.0,0.0
1567.698315,5,4,4,0,20,54.0,234.117
1567.6988325,3,20,16,5,175,59.0,1074.0
1567.698833,4,1,2,0,32,49.0,47.137
1567.698835,2,11,22,8,149,63.0,3367.0
1567.698839,1,314,41,12,430,62.0,3426.0
1567.698841,5,14,28,6,125,62.0,2438.0
1567.6988535,6,2,26,8,385,60.0,1797.0
1567.7044065,6,1,1,0,1,45.0,0.0
1567.707441,5,1,16,3,92,63.0,1153.0
1567.7074495,3,1,3,0,8,49.0,16.798
1567.707454,2,1,8,1,38,57.0,421.204
1567.70747,1,1,11,2,86,54.0,364.583
1567.7074725,6,12,9,1,104,52.0,240.548
1567.7086135,6,2,4,0,25,56.0,191.82
1567.7092795,6,1,3,0,11,52.0,59.743
1567.712718,5,2,4,0,35,54.0,109.291
1567.7127505,3,1,1,0,1,46.0,0.0
1567.7137475,6,3,8,2,48,64.0,1309.0
1567.7176695,6,1,5,0,26,51.0,110.377
1567.718014,1,4,15,2,99,58.0,522.908
1567.718022,5,1,14,2,91,52.0,299.47
1567.71803,2,1,6,2,111,55.0,412.625
1567.7180385,3,1,4,0,47,49.0,66.962
1567.718979,1,1,3,0,15,50.0,26.317
1567.7189995,6,1,1,0,1,46.0,0.0
1567.719557,1,1,1,0,1,45.0,0.0
1567.7197615,6,1,2,0,1,48.0,0.0
1567.72059,1,2,1,0,2,46.0,23.537
1567.722456,5,3,3,0,5,49.0,15.673
1567.723126,5,1,10,1,69,52.0,284.572
1567.7231285,6,3,11,3,71,62.0,1030.0
1567.7231355,3,1,3,0,51,49.0,92.413
1567.723147,2,32,3,0,33,54.0,135.425
1567.723156,1,1,8,0,43,52.0,132.964
1567.7240945,6,2,5,1,222,54.0,199.373
1567.726069,1,1,7,1,44,53.0,153.446
1567.7260905,6,1,3,0,1,46.0,0.0
1567.727532,5,1,1,0,1,53.0,0.0
1567.7279805,6,1,2,0,4,51.0,21.438
1567.7297315,6,3,10,2,106,57.0,572.68
1567.7297555,3,1,3,1,73,48.0,104.049
1567.729756,1,1,6,1,120,50.0,133.962
1567.729761,5,45,12,1,71,51.0,190.318
1567.730391,1,1,1,0,4,52.0,25.635
1567.7306845,6,1,4,0,25,51.0,106.393
1567.7316595,3,3,12,3,165,59.0,633.068
1567.73166,5,5,21,5,134,64.0,1796.0
1567.731661,1,31,18,3,121,57.0,789.824
1567.731672,2,1,12,3,85,60.0,1133.0
1567.7316745,6,7,17,4,149,58.0,1102.0
1567.7328225,6,1,1,0,1,45.0,0.0
1567.7337225,6,1,3,0,4,53.0,42.526
1567.734172,1,4,3,0,5,52.0,58.322
1567.7354485,6,2,2,0,7,48.0,26.574
1567.7362695,3,1,1,0,1,45.0,0.0
1567.7380865,6,1,3,0,20,58.0,165.587
1567.7390785,3,1,1,0,27,50.0,34.626
1567.739317,5,1,1,0,1,48.0,0.0
1567.7393985,6,1,1,0,1,47.0,0.0
1567.7415625,6,7,6,2,30,63.0,1282.0
1567.74229,5,1,2,0,1,49.0,0.0
1567.7427035,6,2,8,2,124,62.0,727.235
1567.742786,1,1,4,0,4,51.0,14.105
1567.7428,5,2,1,0,3,50.0,17.978
1567.7428315,3,1,1,0,1,45.0,0.0
1567.743418,1,2,1,0,3,45.0,7.825
1567.7439075,3,2,1,0,5,51.0,25.98
1567.7450205,6,6,10,4,202,61.0,1290.0
1567.745053,5,1,2,0,1,48.0,0.0
1567.745068,1,1,2,0,1,48.0,0.0
1567.7450815,3,2,1,0,2,45.0,3.665
1567.7470715,6,6,6,0,23,56.0,169.928
1567.7503595,6,1,1,0,1,46.0,0.0
1567.751013,1,1,2,1,182,47.0,55.487
1567.7511515,6,2,3,0,3,50.0,27.725
1567.751987,1,1,1,0,1,45.0,0.0
1567.75422,5,3,4,0,21,50.0,94.44
1567.754235,1,1,1,0,1,48.0,0.0
1567.7542555,6,1,2,0,4,47.0,9.36
1567.7560385,6,2,5,1,33,56.0,225.38
1567.756538,5,6,6,1,32,60.0,385.352
1567.757123,1,2,2,0,16,46.0,42.455
1567.7580665,6,1,1,0,1,51.0,0.0
1567.759152,1,1,1,0,1,45.0,0.0
1567.7619385,6,1,2,0,4,50.0,16.889
1567.7626405,6,1,1,0,4,50.0,16.295
1567.7638115,3,1,2,0,1,50.0,0.0
1567.763823,1,8,3,0,33,53.0,147.583
1567.763847,2,1,1,0,1,50.0,0.0
1567.7638985,6,1,1,0,1,45.0,0.0
1567.7653275,6,1,1,0,1,45.0,0.0
1567.7659705,6,1,12,2,84,61.0,791.013
1567.765985,5,2,12,3,141,53.0,460.062
1567.7659865,3,1,5,0,42,49.0,93.583
1567.765997,1,1,12,1,64,52.0,274.173
1567.766005,2,1,3,0,18,54.0,80.388
1567.7666865,6,2,2,0,8,51.0,48.315
1567.7675115,6,1,2,0,1,48.0,0.0
1567.7682085,6,1,6,1,129,54.0,173.994
1567.7702995,6,2,2,0,9,47.0,18.507
1567.770562,5,2,3,0,3,51.0,18.148
1567.771032,1,2,5,0,9,55.0,55.538
1567.772726,1,1,6,0,39,51.0,72.382
1567.7727545,6,1,7,1,71,53.0,134.352
1567.7728275,3,1,1,0,1,45.0,0.0
1567.773705,1,1,3,0,6,52.0,38.115
1567.7739045,6,1,2,0,1,45.0,0.0
1567.777028,1,2,1,0,3,50.0,30.087
1567.7790685,6,10,23,6,136,64.0,1941.0
1567.779069,2,2,17,6,110,61.0,2380.0
1567.779071,1,53,18,5,158,61.0,1697.0
1567.7790915,3,1,9,2,129,52.0,269.042
1567.779093,5,2,16,3,103,57.0,611.505
1567.7821255,6,1,2,0,10,54.0,60.977
1567.782939,5,1,1,0,1,45.0,0.0
1567.78312,1,2,1,0,3,47.0,10.115
1567.783836,5,2,1,0,2,45.0,3.579
1567.7851715,6,9,17,7,117,70.0,5661.0
1567.785191,1,1,11,2,123,55.0,463.475
1567.7852075,3,1,7,1,50,53.0,203.954
1567.785208,5,1,5,0,1,48.0,0.0
1567.78524,2,1,2,0,1,52.0,0.0
1567.7858825,6,2,2,0,5,48.0,23.614
1567.786681,1,4,4,0,15,52.0,104.257
1567.7866995,6,1,2,0,6,47.0,10.769
1567.786724,5,1,5,0,1,50.0,0.0
1567.786998,2,31,22,11,184,64.0,4868.0
1567.7869995,3,34,20,7,219,61.0,1896.0
1567.787016,4,3,2,0,4,49.0,16.457
1567.7872085,6,1,3,0,1,47.0,0.0
1567.7882095,3,1,3,0,15,54.0,170.279
1567.78821,5,5,7,1,41,56.0,340.645
1567.788224,1,1,3,0,51,48.0,61.807
1567.788226,2,1,4,1,31,54.0,206.537
1567.7882495,6,1,2,0,1,45.0,0.0
1567.790638,5,1,2,0,1,50.0,0.0
1567.7906405,3,3,2,0,10,52.0,58.156
1567.7916475,6,1,6,0,27,51.0,112.851
1567.792247,1,1,1,0,1,45.0,0.0
1567.7934455,6,3,1,0,4,52.0,38.355
1567.794175,5,5,10,2,40,61.0,924.037
1567.7942025,6,1,6,1,53,54.0,163.71
1567.794208,2,1,1,0,1,50.0,0.0
1567.7942235,3,1,1,0,1,45.0,0.0
1567.795117,1,1,5,0,25,53.0,106.232
1567.796688,1,1,2,0,7,52.0,53.354
1567.7967165,6,1,3,0,1,46.0,0.0
1567.7972265,6,1,1,0,1,45.0,0.0
1567.7982635,6,46,28,11,238,64.0,4535.0
1567.798264,5,8,23,6,176,59.0,1770.0
1567.798265,1,13,32,8,233,62.0,2221.0
1567.7982705,3,13,18,5,198,57.0,1022.0
1567.798284,2,1,14,4,77,61.0,1301.0
1567.7990735,6,1,2,0,7,56.0,158.028
1567.79966,5,2,3,0,2,48.0,6.886
1567.7998375,6,1,3,0,8,52.0,31.148
1567.801181,5,2,3,0,8,48.0,38.745
1567.8016325,3,3,4,1,62,60.0,383.803
1567.80166,1,2,1,0,2,45.0,7.047
1567.802902,5,2,5,0,20,54.0,166.399
1567.8032895,6,1,2,0,24,50.0,35.215
1567.808008,5,8,16,3,110,55.0,526.98
1567.8080165,6,2,10,3,116,62.0,792.372
1567.808023,1,13,14,1,73,54.0,319.785
1567.808023,2,1,6,2,89,56.0,486.174
1567.8080375,3,1,3,0,67,48.0,86.353
1567.8090085,6,1,3,0,14,48.0,31.374
1567.8096725,6,1,4,0,7,53.0,57.94
1567.809705,1,1,4,0,1,49.0,0.0
1567.8097215,3,1,1,0,1,45.0,0.0
1567.81034,1,1,5,0,5,53.0,48.081
1567.810813,2,1,3,0,16,55.0,140.509
1567.8108565,6,1,2,0,1,51.0,0.0
1567.810858,5,1,3,0,1,49.0,0.0
1567.810882,1,2,1,0,2,45.0,7.047
1567.8113615,6,2,2,0,10,49.0,32.265
1567.811724,1,2,2,0,3,53.0,26.736
1567.812249,5,1,5,1,37,58.0,246.685
1567.8122825,6,1,2,0,1,50.0,0.0
1567.8126725,3,2,2,0,17,46.0,25.489
1567.812699,1,1,3,0,1,47.0,0.0
1567.812702,2,1,1,0,1,50.0,0.0
1567.814586,1,2,1,0,3,46.0,7.784
1567.816913,1,2,2,0,2,46.0,7.333
1567.8174845,6,2,4,1,25,66.0,867.018
1567.8183455,6,1,3,0,24,49.0,44.552
1567.8191645,6,11,6,1,45,59.0,499.548
1567.819657,5,2,3,0,13,55.0,128.174
1567.8196935,3,1,1,0,1,45.0,0.0
1567.821378,5,2,1,0,2,45.0,4.66
1567.823609,1,1,3,0,13,49.0,37.699
1567.8236145,6,1,1,0,1,48.0,0.0
1567.824233,1,2,1,0,3,48.0,13.69
1567.8253185,6,2,2,0,15,52.0,50.356
1567.82583,5,2,5,0,23,57.0,270.757
1567.8258675,6,2,5,0,29,51.0,79.103
1567.8266075,6,2,6,1,26,62.0,584.732
1567.826637,5,1,2,0,1,46.0,0.0
1567.8266485,3,1,1,0,1,45.0,0.0
1567.827164,5,19,7,1,44,54.0,175.089
1567.8271675,6,6,6,2,69,59.0,464.149
1567.827193,1,1,2,0,1,46.0,0.0
1567.829017,1,2,21,5,168,59.0,1027.0
1567.8290215,3,1,13,2,94,56.0,431.991
1567.8290225,6,4,19,6,180,67.0,2668.0
1567.829033,5,6,19,4,102,57.0,1054.0
1567.829041,2,2,11,3,110,56.0,803.032
1567.8344455,6,1,3,0,14,50.0,60.099
1567.8366715,6,1,6,2,259,50.0,205.367
1567.836874,2,1,3,0,1,54.0,0.0
1567.836883,1,8,4,0,23,50.0,81.669
1567.836933,5,1,1,0,1,45.0,0.0
1567.838492,1,1,1,0,1,45.0,0.0
1567.8403075,6,2,1,0,2,48.0,7.006
1567.8411715,6,1,1,0,9,51.0,29.925
1567.8423245,6,2,16,3,149,56.0,683.509
1567.842348,1,53,16,2,79,57.0,630.832
1567.842373,5,4,14,3,47,64.0,1588.0
1567.842374,2,1,14,4,103,55.0,861.935
1567.8424155,3,1,3,0,1,47.0,0.0
1567.843013,5,2,1,0,2,53.0,35.765
1567.8432255,6,1,2,0,19,47.0,37.789
1567.845504,1,2,1,0,6,53.0,54.439
1567.847371,1,1,2,0,1,45.0,0.0
1567.850757,1,1,4,0,58,51.0,94.284
1567.8507605,6,1,3,0,10,49.0,27.622
1567.850824,5,2,1,0,2,45.0,3.579
1567.852862,1,1,1,0,1,45.0,0.0
1567.8530705,3,1,1,0,1,46.0,0.0
1567.8538295,6,1,2,0,1,46.0,0.0
1567.8545335,6,1,2,0,1,48.0,0.0
1567.8561075,6,1,1,0,1,45.0,0.0
1567.8613625,3,1,2,0,5,52.0,32.901
1567.86138,5,1,4,0,1,47.0,0.0
1567.8613955,6,1,2,0,4,49.0,17.704
1567.862745,1,1,1,0,1,45.0,0.0
1567.8632335,6,1,2,0,1,46.0,0.0
1567.863864,1,1,4,0,1,47.0,0.0
1567.8646985,6,1,5,0,24,53.0,134.83
1567.865049,1,2,7,1,47,57.0,280.826
1567.86508,5,1,4,0,30,53.0,167.28
1567.865911,1,2,1,0,3,46.0,9.632
1567.8669135,6,1,1,0,4,48.0,10.023
1567.867347,5,3,8,1,72,56.0,367.178
1567.8673545,3,1,1,0,1,47.0,0.0
1567.867373,1,1,7,1,50,52.0,166.799
1567.867375,2,1,1,0,1,53.0,0.0
1567.8693225,6,1,4,0,36,56.0,156.237
1567.869473,1,72,7,1,80,52.0,228.925
1567.8717605,6,1,2,0,1,52.0,0.0
1567.872373,5,2,2,0,43,49.0,59.537
1567.872487,1,1,2,0,1,47.0,0.0
1567.873539,5,2,4,0,2,56.0,66.743
1567.8747675,6,2,4,0,23,51.0,96.378
1567.875255,1,5,7,1,43,55.0,176.096
1567.8760125,3,2,2,0,10,55.0,94.662
1567.8761725,6,3,6,1,47,58.0,435.168
1567.876189,5,1,2,0,1,48.0,0.0
1567.876913,5,1,2,0,4,48.0,11.947
1567.877688,5,2,3,0,3,48.0,9.323
1567.8781285,6,1,4,0,47,52.0,68.829
1567.8789655,6,1,1,0,1,50.0,0.0
1567.8797255,6,1,3,0,1,50.0,0.0
1567.8808355,6,1,1,0,1,45.0,0.0
1567.8822365,6,2,5,1,129,52.0,149.464
1567.88235,1,1,10,1,61,53.0,265.315
1567.882415,5,2,1,0,2,46.0,4.432
1567.885618,1,1,1,0,1,45.0,0.0
1567.8858745,6,1,1,0,1,45.0,0.0
1567.888122,5,2,14,2,59,57.0,843.877
1567.8881465,6,1,3,0,14,54.0,82.255
1567.8881885,3,1,1,0,1,45.0,0.0
1567.889456,1,1,1,0,1,49.0,0.0
1567.8901235,6,1,2,0,8,47.0,19.899
1567.8910305,6,1,6,0,32,55.0,184.247
1567.892385,1,1,3,0,11,50.0,40.777
1567.8923895,6,1,3,0,14,51.0,47.087
1567.8929425,6,1,1,0,1,45.0,0.0
1567.901205,1,2,1,0,3,47.0,8.796
1567.9012355,6,1,4,0,33,54.0,125.093
1567.9024165,6,16,17,9,84,70.0,9365.0
1567.902452,1,48,13,2,128,53.0,386.802
1567.9024575,3,1,8,1,65,52.0,221.201
1567.90249,5,1,6,0,31,50.0,85.07
1567.9059175,6,2,1,0,2,47.0,4.148
1567.9077885,3,1,1,0,1,45.0,0.0
1567.908018,1,1,4,0,36,56.0,154.893
1567.908595,5,1,8,1,79,54.0,244.519
1567.9086065,6,3,11,3,129,60.0,737.863
1567.908629,1,1,12,1,56,53.0,231.373
1567.90865,2,1,2,0,24,51.0,45.081
1567.9086755,3,1,1,0,1,45.0,0.0
1567.9102235,6,9,5,0,23,55.0,219.43
1567.910571,1,1,1,0,1,45.0,0.0
1567.912026,5,1,1,0,1,46.0,0.0
1567.9127715,6,1,5,1,28,58.0,269.77
1567.913685,5,2,1,0,5,45.0,21.735
1567.915402,1,1,2,0,74,46.0,43.741
1567.9154735,6,86,7,1,99,57.0,293.529
1567.917753,5,1,6,0,20,50.0,79.577
1567.917766,2,1,1,0,1,55.0,0.0
1567.9177745,6,1,5,0,29,47.0,52.788
1567.917791,1,2,4,0,25,49.0,65.439
1567.922151,1,2,10,3,221,56.0,411.995
1567.9223145,6,2,6,0,19,57.0,254.103
1567.9243955,6,1,2,0,167,46.0,42.714
1567.9248455,3,1,1,0,4,48.0,10.734
1567.924848,5,2,3,0,2,56.0,29.83
1567.9250805,6,4,11,3,62,65.0,2118.0
1567.925118,1,1,6,0,1,55.0,0.0
1567.926463,1,2,1,0,2,48.0,3.241
1567.927592,1,1,1,0,1,49.0,0.0
1567.9307945,6,1,2,0,1,47.0,0.0
1567.9307965,3,2,1,0,6,50.0,21.292
1567.93112,5,2,6,0,62,52.0,112.961
1567.931127,1,2,5,0,57,48.0,81.278
1567.932243,5,2,2,0,2,49.0,4.66
1567.9322565,6,1,4,0,112,49.0,48.524
1567.932388,1,1,1,0,1,45.0,0.0
1567.934182,1,2,1,0,3,47.0,9.439
1567.9354375,6,4,2,0,8,55.0,100.249
1567.9365715,3,1,2,0,17,50.0,43.98
1567.936573,2,2,2,0,3,57.0,87.618
1567.936587,5,1,2,0,1,49.0,0.0
1567.9365905,6,1,2,0,4,48.0,12.122
1567.936602,1,1,1,0,1,45.0,0.0
1567.9374085,6,1,3,0,8,49.0,20.064
1567.9393,5,2,1,0,2,45.0,3.579
1567.9394495,6,1,1,0,1,45.0,0.0
1567.9402405,3,3,4,0,45,52.0,96.158
1567.940245,5,2,12,1,50,53.0,361.642
1567.940253,1,2,6,1,88,52.0,198.543
1567.940256,2,1,4,1,30,55.0,279.805
1567.9402825,6,11,4,0,17,53.0,97.827
1567.941094,5,2,4,1,28,54.0,283.997
1567.9411385,6,1,1,0,1,46.0,0.0
1567.9417555,6,1,4,1,184,52.0,107.706
1567.941837,5,1,2,0,1,48.0,0.0
1567.9439865,6,2,4,0,22,57.0,132.263
1567.945852,1,2,18,8,118,75.0,10009.0
1567.9462855,6,1,2,0,4,49.0,14.072
1567.946761,1,1,1,0,1,45.0,0.0
1567.9471455,6,3,5,1,33,61.0,453.479
1567.9471765,3,1,1,0,1,47.0,0.0
1567.948459,1,2,11,1,42,58.0,456.411
1567.949928,5,1,6,1,59,54.0,217.899
1567.949934,1,11,12,1,31,55.0,402.257
1567.9499355,6,1,10,1,56,55.0,256.423
1567.949958,2,2,4,1,36,55.0,213.889
1567.9505865,6,1,1,0,1,47.0,0.0
1567.9515535,6,1,5,0,26,56.0,202.731
1567.9535425,6,2,6,1,22,61.0,494.916
1567.95356,1,1,3,0,1,49.0,0.0
1567.953582,5,1,1,0,1,45.0,0.0
1567.954092,1,1,6,0,6,55.0,81.397
1567.954141,5,4,11,1,22,62.0,509.916
1567.9541885,6,1,1,0,1,45.0,0.0
1567.954849,5,4,7,1,22,60.0,495.127
1567.954927,1,1,1,0,1,45.0,0.0
1567.955432,1,4,14,4,69,67.0,2806.0
1567.956148,1,10,6,1,44,55.0,196.894
1567.956163,5,1,3,0,19,52.0,62.761
1567.9561835,6,1,7,2,208,54.0,226.678
1567.957155,1,2,10,2,64,63.0,1078.0
1567.95778,1,2,6,0,32,57.0,245.266
1567.9578075,6,1,6,1,77,48.0,92.312
1567.958252,5,1,5,0,32,53.0,116.073
1567.9582775,3,2,2,0,5,49.0,27.331
1567.958292,2,1,1,0,1,52.0,0.0
1567.958337,1,1,5,0,40,50.0,118.578
1567.959166,5,2,1,0,2,51.0,10.659
1567.961099,5,9,2,0,10,51.0,48.699
1567.9613185,6,2,4,1,27,59.0,421.039
1567.961666,5,1,3,0,1,48.0,0.0
1567.9631565,6,1,1,0,1,45.0,0.0
1567.9639315,6,1,3,0,4,51.0,26.602
1567.964847,1,2,4,0,18,57.0,229.575
1567.965543,1,1,7,1,42,56.0,249.558
1567.9655485,3,1,2,0,8,51.0,46.969
1567.965561,5,2,2,0,2,47.0,9.639
1567.9655885,6,23,7,2,68,60.0,821.16
1567.9672095,6,3,16,4,238,64.0,1354.0
1567.967243,1,1,7,0,39,48.0,53.154
1567.967257,5,2,1,0,2,45.0,5.342
1567.9683625,6,1,2,0,22,48.0,35.996
1567.968411,1,1,1,0,1,45.0,0.0
1567.9689235,6,105,13,4,198,57.0,744.517
1567.969017,1,2,11,2,58,58.0,562.533
1567.969018,5,2,8,1,63,52.0,302.771
1567.9690325,3,3,7,1,95,55.0,229.564
1567.969035,2,6,6,1,40,53.0,237.864
1567.9703705,6,2,2,0,3,48.0,11.204
1567.9706585,3,1,1,0,1,45.0,0.0
1567.970866,1,1,2,0,1,47.0,0.0
1567.9711175,6,7,17,4,166,62.0,1124.0
1567.971126,5,2,10,2,98,56.0,326.14
1567.971141,2,1,8,2,62,58.0,559.944
1567.9711605,3,2,6,1,95,50.0,183.056
1567.9719135,6,4,14,5,138,67.0,2443.0
1567.971918,5,1,10,2,96,54.0,275.854
1567.9719345,3,1,5,1,87,54.0,148.516
1567.971941,2,1,5,0,31,52.0,182.573
1567.971942,1,35,5,0,36,50.0,71.062
1567.972516,1,1,2,0,1,52.0,0.0
1567.9725355,3,1,1,0,1,45.0,0.0
1567.973435,1,2,2,0,3,54.0,31.552
1567.9741155,3,1,2,0,1,48.0,0.0
1567.977871,2,1,1,0,1,51.0,0.0
1567.9783075,6,1,1,0,1,45.0,0.0
1567.978745,1,12,17,3,104,56.0,615.91
1567.978756,2,1,13,3,82,59.0,988.491
1567.9787625,3,1,11,3,131,57.0,522.921
1567.978768,5,19,13,2,97,57.0,551.647
1567.9788105,6,12,10,1,83,53.0,238.173
1567.9800225,6,2,4,1,26,62.0,427.753
1567.9800695,3,1,1,0,1,45.0,0.0
1567.980464,1,1,1,0,1,46.0,0.0
1567.9810845,6,1,2,0,5,46.0,9.722
1567.981559,1,1,2,0,1,49.0,0.0
1567.9847825,6,1,1,0,1,49.0,0.0
1567.986048,2,1,1,0,1,50.0,0.0
1567.9864115,3,10,17,5,183,59.0,1083.0
1567.986418,5,23,15,4,102,62.0,1512.0
1567.9864285,6,44,20,3,103,56.0,766.346
1567.986434,1,23,21,4,144,55.0,807.585
1567.986549,2,1,3,0,1,51.0,0.0
1567.987774,1,1,1,0,1,45.0,0.0
1567.9879635,6,1,1,0,4,50.0,19.455
1567.9886815,6,2,3,0,23,59.0,285.891
1567.989171,5,2,1,0,5,49.0,27.549
1567.9901065,6,2,1,0,2,45.0,5.52
1567.991187,1,1,1,0,1,45.0,0.0
1567.9931735,6,1,1,0,1,45.0,0.0
1567.9956905,6,1,2,0,1,47.0,0.0
1567.9963665,6,1,1,0,1,45.0,0.0
1567.9985305,6,3,9,3,72,63.0,1639.0
1567.998573,5,1,2,0,1,48.0,0.0
1567.998609,1,1,2,0,1,48.0,0.0
1567.9995525,6,1,2,0,1,47.0,0.0
1568.0002255,6,1,1,0,1,45.0,0.0
1568.0014285,6,14,20,9,143,69.0,6872.0
1568.001437,5,42,20,5,151,58.0,1250.0
1568.001439,2,18,13,5,116,61.0,1748.0
1568.0014425,3,1,14,4,127,59.0,930.853
1568.001455,4,1,1,0,1,45.0,0.0
1568.001456,1,39,19,4,145,58.0,1116.0
1568.002104,1,1,9,1,51,54.0,210.095
1568.0021265,6,1,3,0,1,48.0,0.0
1568.0021285,3,1,1,0,1,46.0,0.0
1568.0029505,3,21,22,7,245,60.0,1781.0
1568.002952,4,1,3,0,30,52.0,73.806
1568.002954,2,2,25,10,151,65.0,5421.0
1568.00296,1,2,33,10,204,63.0,3979.0
1568.002962,5,11,29,9,215,64.0,3766.0
1568.0029695,6,7,23,7,184,62.0,2051.0
1568.0048415,6,1,2,0,4,48.0,13.989
1568.0062605,6,1,1,0,4,48.0,10.814
1568.006725,1,4,5,0,35,57.0,234.077
1568.0086625,6,1,2,0,8,55.0,106.442
1568.0096825,3,1,4,0,7,55.0,66.49
1568.00969,5,3,6,0,42,50.0,138.688
1568.00969,1,2,4,0,8,52.0,59.096
1568.0097155,6,2,3,0,37,49.0,59.434
1568.0115235,3,1,1,0,4,47.0,11.413
1568.014405,5,1,2,0,1,45.0,0.0
1568.0152535,6,1,1,0,1,45.0,0.0
1568.015782,1,1,1,0,1,48.0,0.0
1568.0158525,6,1,3,0,14,47.0,22.291
1568.0166545,6,1,1,0,1,45.0,0.0
1568.018881,1,1,1,0,1,48.0,0.0
1568.0190295,6,1,3,0,19,52.0,66.056
1568.0196665,6,1,12,3,82,65.0,1381.0
1568.01967,1,11,13,2,72,58.0,599.518
1568.0196755,3,1,3,0,18,49.0,24.082
1568.019685,5,16,6,1,69,51.0,237.737
1568.0208825,6,4,9,3,119,60.0,818.375
1568.020921,1,1,5,0,52,49.0,97.405
1568.0209425,3,2,2,0,8,47.0,13.74
1568.024418,5,1,3,0,7,50.0,26.171
1568.0253375,6,2,3,0,9,49.0,32.368
1568.0275365,6,2,4,1,56,52.0,218.066
1568.027545,1,2,9,1,70,53.0,271.643
1568.0275645,3,1,1,0,1,46.0,0.0
1568.0288775,6,1,4,0,1,52.0,0.0
1568.029374,5,2,4,0,12,57.0,238.644
1568.0294075,6,1,5,1,108,53.0,144.514
1568.030593,5,1,2,0,1,49.0,0.0
1568.0306095,6,1,2,0,10,48.0,23.542
1568.0313615,6,1,7,1,34,57.0,332.187
1568.03227,5,5,7,0,25,54.0,258.666
1568.0329425,3,1,20,6,198,59.0,1448.0
1568.032943,1,34,29,8,189,62.0,2942.0
1568.032955,2,78,20,7,138,60.0,2820.0
1568.032957,5,16,24,5,152,61.0,1529.0
1568.032959,4,1,3,0,1,49.0,0.0
1568.0329635,6,2,21,6,194,59.0,1501.0
1568.034287,5,2,7,1,37,56.0,449.945
1568.035099,1,1,2,0,6,48.0,17.209
1568.0351175,6,1,9,2,55,65.0,1223.0
1568.0359195,6,21,10,1,56,57.0,424.828
1568.035933,1,1,8,1,51,52.0,121.188
1568.0359335,3,1,4,0,44,47.0,68.765
1568.035936,5,1,8,0,31,50.0,70.433
1568.0366295,6,1,3,0,107,51.0,80.338
1568.036691,1,10,4,1,52,55.0,208.92
1568.037629,1,2,4,0,33,48.0,61.034
1568.038498,1,7,7,1,44,58.0,473.759
1568.039682,5,2,1,0,2,45.0,3.464
1568.040427,5,2,2,0,9,46.0,22.745
1568.041807,1,2,4,0,10,50.0,38.862
1568.045208,1,1,1,0,1,47.0,0.0
1568.0466785,6,1,5,1,25,63.0,529.39
1568.0474385,6,1,2,0,4,51.0,14.063
1568.049239,5,1,7,1,38,54.0,217.445
1568.05036,5,9,18,5,142,65.0,1547.0
1568.0503605,3,5,13,4,144,58.0,1058.0
1568.0503755,6,75,16,3,104,57.0,634.317
1568.050379,2,2,11,4,112,59.0,1050.0
1568.050382,1,2,16,3,124,55.0,568.818
1568.051496,2,1,2,0,5,58.0,119.582
1568.0515035,3,1,3,0,20,53.0,78.898
1568.051523,5,1,3,0,13,52.0,52.982
1568.051546,1,1,2,0,1,51.0,0.0
1568.0515485,6,1,3,0,9,50.0,35.224
1568.0531745,6,1,1,0,1,45.0,0.0
1568.0534895,3,1,8,1,79,53.0,259.408
1568.05349,2,1,8,3,105,57.0,789.274
1568.053493,5,1,7,1,62,52.0,161.421
1568.053494,1,2,11,2,78,54.0,321.644
1568.0542275,6,1,2,0,1,45.0,0.0
1568.0567545,6,6,8,1,26,62.0,523.19
1568.056795,5,1,3,0,1,48.0,0.0
1568.0571745,3,1,1,0,1,47.0,0.0
1568.0587205,6,3,3,0,12,56.0,126.614
1568.059213,1,3,6,0,38,60.0,337.095
1568.0595805,6,1,7,1,40,56.0,256.169
1568.0602145,6,2,1,0,2,47.0,5.628
1568.0602435,3,1,2,0,5,49.0,17.632
1568.0636975,6,1,2,0,1,49.0,0.0
1568.0648205,6,1,4,0,17,55.0,138.949
1568.066905,1,1,1,0,1,45.0,0.0
1568.0675745,6,1,4,0,6,56.0,101.715
1568.0690705,6,2,5,0,16,61.0,264.838
1568.069105,5,2,3,0,2,48.0,5.377
1568.0697175,6,1,2,0,4,53.0,26.758
1568.0703935,6,1,1,0,1,45.0,0.0
1568.071424,1,34,13,2,50,58.0,766.642
1568.071431,2,13,6,1,49,53.0,256.99
1568.0714325,6,1,10,2,81,53.0,307.756
1568.0714435,3,1,4,0,17,47.0,33.965
1568.07145,5,2,5,0,20,54.0,186.612
1568.0733005,6,9,28,18,234,76.0,22440.0
1568.0733105,3,49,21,9,210,65.0,3675.0
1568.073311,5,39,37,10,184,63.0,3748.0
1568.073313,2,48,23,10,152,64.0,4845.0
1568.073315,1,29,28,9,197,62.0,3409.0
1568.073322,4,1,4,0,41,49.0,77.92
1568.0743465,6,1,1,0,1,47.0,0.0
1568.0750645,6,1,2,0,1,47.0,0.0
1568.075478,5,2,5,0,27,54.0,202.953
1568.0754815,3,1,2,0,1,45.0,0.0
1568.07551,1,3,4,0,23,52.0,84.24
1568.0758685,6,2,3,0,18,51.0,89.42
1568.076789,1,14,31,10,177,64.0,4092.0
1568.0767915,3,6,18,5,134,59.0,1553.0
1568.0767965,6,42,24,7,204,61.0,2036.0
1568.076806,2,35,19,8,161,63.0,3093.0
1568.076807,5,34,30,8,161,62.0,2728.0
1568.078724,1,2,8,2,211,57.0,303.462
1568.0787435,6,1,1,0,1,45.0,0.0
1568.079206,5,1,4,0,17,55.0,150.356
1568.0804425,6,1,4,0,8,54.0,77.496
1568.080446,1,1,1,0,1,45.0,0.0
1568.0843855,6,3,5,0,23,56.0,146.933
1568.084743,5,11,4,0,12,53.0,119.195
1568.0847495,3,1,2,0,5,50.0,27.148
1568.0851215,6,1,1,0,1,45.0,0.0
1568.085786,1,1,1,0,1,45.0,0.0
1568.0873485,6,1,1,0,1,45.0,0.0
1568.089452,1,1,1,0,1,45.0,0.0
1568.093587,5,2,5,0,25,53.0,176.814
1568.0944745,6,1,1,0,1,51.0,0.0
1568.0952645,6,1,1,0,1,46.0,0.0
1568.095926,5,2,2,0,3,49.0,10.357
1568.0959375,3,1,1,0,1,45.0,0.0
1568.0967815,6,1,1,0,1,45.0,0.0
1568.1001255,6,1,4,0,14,55.0,115.436
1568.102711,1,2,4,0,7,54.0,36.996
1568.1046785,6,1,1,0,1,45.0,0.0
1568.1060625,6,9,4,0,13,53.0,134.518
1568.106437,1,2,2,0,3,52.0,22.391
1568.1065965,6,1,2,0,4,48.0,9.33
1568.1076545,3,1,1,0,1,45.0,0.0
1568.1081615,6,1,1,0,4,45.0,7.057
1568.110067,5,2,8,0,10,58.0,143.544
1568.1100985,3,1,2,0,1,45.0,0.0
1568.1100995,6,1,4,0,4,50.0,18.758
1568.1134665,6,1,1,0,1,45.0,0.0
1568.1143245,3,2,5,1,15,62.0,625.059
1568.114342,1,9,5,1,36,55.0,270.224
1568.114358,2,1,1,0,1,51.0,0.0
1568.11439,5,2,2,0,2,45.0,3.933
1568.1148345,6,1,1,0,4,46.0,7.44
1568.115978,1,2,6,1,43,64.0,588.679
1568.1167685,6,1,1,0,4,45.0,6.761
1568.1179885,6,5,12,3,106,60.0,994.324
1568.117999,5,1,15,2,94,53.0,432.207
1568.118003,1,1,9,2,130,55.0,340.956
1568.1180125,3,1,4,0,45,50.0,74.292
1568.1196735,3,1,2,0,5,49.0,20.333
1568.119714,1,1,1,0,1,45.0,0.0
1568.1215555,6,2,2,0,2,49.0,15.194
1568.121961,5,2,3,0,53,46.0,57.111
1568.123259,1,1,5,0,21,54.0,154.547
1568.1241715,3,1,4,1,81,48.0,97.134
1568.12418,2,1,6,1,40,55.0,270.806
1568.124187,1,1,8,1,86,52.0,220.712
1568.1242065,6,1,4,0,19,51.0,65.42
1568.124232,5,2,5,0,16,50.0,75.242
1568.12612,1,4,7,1,35,58.0,367.699
1568.1281885,6,2,2,0,5,53.0,80.701
1568.1301035,6,1,4,1,29,56.0,234.789
1568.130136,5,1,2,0,12,47.0,18.626
1568.130735,1,1,1,0,1,47.0,0.0
1568.1324545,6,1,1,0,1,48.0,0.0
1568.13319,5,2,9,1,62,58.0,413.927
1568.133222,2,2,3,0,2,52.0,11.678
1568.133225,1,20,8,0,30,52.0,141.335
1568.1332315,6,1,5,0,27,55.0,203.746
1568.1337895,3,1,1,0,4,48.0,11.119
1568.1359745,6,1,3,0,7,49.0,12.723
1568.137357,1,2,3,0,10,51.0,89.128
1568.1375175,3,1,2,0,7,53.0,59.899
1568.137524,5,2,2,0,5,49.0,21.619
1568.1377035,6,161,29,9,328,66.0,3302.0
1568.137858,2,2,18,7,176,62.0,2383.0
1568.1378668,1,2,24,6,202,56.0,1209.0
1568.138042,5,1,1,0,1,45.0,0.0
1568.1380485,3,1,1,0,1,45.0,0.0
1568.139312,1,6,8,1,42,59.0,398.261
1568.1401265,6,1,1,0,1,48.0,0.0
1568.140627,5,13,8,0,14,51.0,77.543
1568.1406325,3,1,1,0,1,45.0,0.0
1568.1406745,6,1,3,0,1,48.0,0.0
1568.140677,1,1,3,0,6,50.0,23.749
1568.1414345,3,2,17,6,227,58.0,1355.0
1568.141435,2,2,18,8,127,69.0,5044.0
1568.141438,5,36,28,9,170,62.0,3475.0
1568.14144,1,31,33,9,269,63.0,2495.0
1568.1414505,6,18,25,6,191,61.0,1816.0
1568.14363,1,2,2,0,2,47.0,6.375
1568.1439405,6,2,5,0,18,51.0,92.084
1568.1448595,6,2,4,0,14,55.0,86.143
1568.1460095,6,2,4,0,24,53.0,102.702
1568.146062,5,1,1,0,1,45.0,0.0
1568.1475235,6,1,2,0,14,49.0,25.411
1568.1480385,6,1,1,0,4,46.0,8.349
1568.148533,1,1,1,0,1,45.0,0.0
1568.1485445,6,1,3,0,1,48.0,0.0
1568.148943,5,2,9,0,12,56.0,136.982
1568.1489675,3,1,3,0,37,49.0,94.479
1568.1518895,6,1,1,0,1,46.0,0.0
1568.154005,1,1,1,0,1,45.0,0.0
1568.154856,5,2,3,1,29,61.0,466.608
1568.1548885,6,1,2,0,8,50.0,29.18
1568.155127,1,2,3,0,2,48.0,9.078
1568.1564765,3,1,5,1,57,49.0,103.218
1568.156482,2,1,2,0,1,52.0,0.0
1568.156496,5,2,6,0,15,54.0,155.646
1568.1564965,6,1,4,0,63,48.0,76.649
1568.156502,1,1,7,1,61,50.0,105.903
1568.1575805,6,1,13,2,77,54.0,465.092
1568.1576095,3,1,1,0,1,46.0,0.0
1568.157617,1,1,2,0,1,47.0,0.0
1568.15765,2,1,1,0,1,50.0,0.0
1568.1589385,6,1,2,0,7,53.0,47.535
1568.159157,5,2,1,0,2,47.0,8.052
1568.15985,1,2,2,0,7,54.0,96.74
1568.1605485,6,1,1,0,98,49.0,31.948
1568.162721,5,2,5,1,29,56.0,386.75
1568.1627815,6,1,1,0,1,48.0,0.0
1568.1636355,6,1,3,0,110,49.0,66.198
1568.165217,1,197,24,7,302,66.0,2124.0
1568.1652525,6,207,12,3,262,56.0,599.353
1568.1654245,3,1,6,1,89,50.0,148.572
1568.165435,2,4,15,4,82,63.0,1695.0
1568.165454,5,2,5,1,47,53.0,182.03
1568.1664885,6,2,3,0,12,55.0,130.514
1568.1679135,6,24,4,1,39,55.0,206.621
1568.168264,5,18,12,2,40,58.0,844.572
1568.1686325,6,1,2,0,12,56.0,148.72
1568.1699725,6,1,1,0,4,46.0,7.972
1568.170629,1,2,1,0,2,45.0,4.562
1568.1707085,6,1,1,0,1,45.0,0.0
1568.170936,5,2,1,0,3,46.0,7.268
1568.171352,1,2,4,0,45,51.0,104.296
1568.1713585,3,1,1,0,1,45.0,0.0
1568.1719175,3,1,1,0,1,45.0,0.0
1568.175446,5,1,2,0,1,47.0,0.0
1568.1762355,6,2,6,0,34,55.0,224.023
1568.176237,1,1,3,0,4,49.0,14.786
1568.1762775,3,1,1,0,1,45.0,0.0
1568.177443,1,1,2,0,4,52.0,20.073
1568.1787665,6,3,14,5,194,67.0,2038.0
1568.1788005,3,1,2,0,15,50.0,26.939
1568.178804,1,1,2,0,1,47.0,0.0
1568.178812,5,1,1,0,1,47.0,0.0
1568.180138,1,2,5,0,20,52.0,80.207
1568.1801795,6,1,1,0,1,45.0,0.0
1568.1811915,6,3,6,1,35,56.0,362.244
1568.181225,1,1,1,0,1,47.0,0.0
1568.1817535,6,3,5,0,38,52.0,178.7
1568.1835865,6,1,3,0,5,49.0,16.723
1568.1853025,6,1,4,1,172,54.0,151.323
1568.1860265,6,2,16,4,171,61.0,1074.0
1568.186039,5,1,10,1,42,54.0,261.759
1568.186041,1,2,19,3,97,57.0,716.076
1568.1860835,3,1,6,0,33,50.0,111.56
1568.1880765,6,11,8,0,25,55.0,212.088
1568.188154,5,2,4,0,2,50.0,10.461
1568.1888035,6,5,2,0,6,48.0,17.17
1568.188925,1,2,2,0,5,58.0,97.538
1568.189787,5,7,18,3,106,62.0,1062.0
1568.1898095,3,34,7,1,60,51.0,183.438
1568.1898145,6,13,13,2,98,58.0,643.149
1568.189867,2,39,4,1,40,53.0,182.229
1568.189867,1,1,4,0,54,48.0,76.596
1568.1912535,6,1,1,0,1,47.0,0.0
1568.191337,5,1,1,0,34,47.0,43.818
1568.192615,1,2,1,0,2,46.0,8.402
1568.1926895,6,1,2,0,1,49.0,0.0
1568.1945695,6,2,4,1,20,59.0,413.383
1568.19516,5,1,5,0,23,50.0,83.876
1568.1951835,6,1,2,0,1,49.0,0.0
1568.1968715,6,1,7,1,32,55.0,237.436
1568.196949,1,1,2,0,1,49.0,0.0
1568.1988885,6,7,3,0,29,52.0,114.96
1568.19932,1,3,2,0,6,51.0,92.192
1568.1998275,6,6,6,0,23,57.0,210.817
1568.199856,1,2,3,0,3,50.0,8.932
1568.1998615,3,2,1,0,2,45.0,3.132
1568.200647,1,2,1,0,2,46.0,3.579
1568.2006565,6,2,3,0,16,53.0,90.111
1568.201195,1,7,5,0,11,49.0,41.436
1568.2012,5,2,1,0,3,46.0,8.638
1568.201203,2,2,2,0,13,55.0,82.253
1568.2012325,6,1,2,0,1,47.0,0.0
1568.203496,1,1,1,0,1,45.0,0.0
1568.203579,5,1,1,0,1,45.0,0.0
1568.2043045,6,2,6,2,224,50.0,212.652
1568.204338,5,2,1,0,5,47.0,19.381
1568.2052715,6,364,42,25,642,71.0,16655.0
1568.2053165,3,1,2,0,1,46.0,0.0
1568.205322,5,3,5,1,61,53.0,173.003
1568.205345,1,1,4,0,1,48.0,0.0
1568.205617,2,26,33,17,178,68.0,12603.0
1568.205629,4,2,5,1,43,52.0,154.642
1568.2058215,3,2,5,1,94,49.0,130.4
1568.205869,1,1,2,0,1,47.0,0.0
1568.205883,5,2,6,1,72,49.0,147.659
1568.208062,5,1,8,1,55,60.0,296.072
1568.2080945,6,1,2,0,15,48.0,30.97
1568.2080965,3,1,1,0,1,45.0,0.0
1568.208628,1,1,2,0,4,54.0,49.348
1568.2086425,3,1,2,0,4,50.0,21.19
1568.2086685,6,1,1,0,1,46.0,0.0
1568.2096525,6,2,11,1,43,60.0,504.696
1568.209673,1,2,13,2,79,54.0,336.649
1568.209681,2,1,4,0,31,54.0,116.05
1568.2096825,3,1,4,0,19,48.0,27.605
1568.209684,5,51,13,1,57,52.0,274.085
1568.210302,5,3,21,6,357,56.0,1021.0
1568.2103295,6,1,13,4,345,51.0,410.753
1568.210423,1,1,5,0,22,55.0,127.426
1568.211339,1,3,27,25,275,83.0,71317.0
1568.2113945,6,1,1,0,1,45.0,0.0
1568.212885,5,1,3,0,1,48.0,0.0
1568.2139425,3,1,1,0,1,48.0,0.0
1568.2144345,6,2,1,0,2,45.0,8.008
1568.215877,5,4,6,1,19,63.0,1198.0
1568.216826,5,3,9,1,49,54.0,266.011
1568.2168455,6,1,6,1,41,53.0,152.67
1568.2175505,6,2,1,0,3,47.0,9.632
1568.218276,1,1,1,0,1,45.0,0.0
1568.218729,4,1,1,0,7,51.0,36.122
1568.218739,2,30,7,2,46,57.0,647.591
1568.2187395,6,15,13,2,141,56.0,396.783
1568.218741,5,2,13,3,159,55.0,499.739
1568.218784,1,3,13,1,73,55.0,275.428
1568.2187885,3,1,2,0,1,47.0,0.0
1568.2218385,6,1,7,0,16,54.0,101.184
1568.221841,1,9,3,0,10,49.0,27.276
1568.221851,5,1,1,0,1,45.0,0.0
1568.2218585,3,2,2,0,5,49.0,21.026
1568.223546,5,1,1,0,1,46.0,0.0
1568.2241675,6,1,2,0,4,50.0,15.711
1568.224226,1,1,1,0,1,45.0,0.0
1568.225357,5,3,2,0,4,46.0,13.544
1568.227055,5,2,2,0,2,48.0,7.541
1568.2270865,6,2,2,0,18,47.0,35.897
1568.2274285,3,2,10,2,119,56.0,355.462
1568.227429,1,9,15,3,140,56.0,597.534
1568.22745,2,8,8,2,84,56.0,532.094
1568.2305195,6,1,1,0,1,46.0,0.0
1568.230747,5,2,2,0,2,47.0,3.903
1568.2311915,6,1,1,0,1,45.0,0.0
1568.2317215,6,1,2,0,1,47.0,0.0
1568.2324555,6,2,2,0,142,46.0,33.269
1568.2338805,6,2,3,0,23,57.0,189.606
1568.2354095,6,1,1,0,1,45.0,0.0
1568.2372795,6,2,3,0,3,53.0,27.828
1568.2379195,6,14,10,2,121,58.0,566.887
1568.2379275,3,1,5,0,42,54.0,136.068
1568.237933,1,1,12,1,57,57.0,300.077
1568.237943,2,1,4,0,4,54.0,25.776
1568.238001,5,1,4,0,1,52.0,0.0
1568.2394965,6,1,4,0,16,54.0,73.63
1568.2403,5,1,3,0,15,55.0,94.704
1568.2413075,6,5,17,5,97,66.0,2819.0
1568.241334,5,1,4,0,8,50.0,15.171
1568.241344,1,1,4,0,39,50.0,83.877
1568.2413545,3,1,3,0,18,47.0,33.363
1568.2422755,6,1,2,0,4,48.0,14.182
1568.2425815,3,7,14,4,117,64.0,1512.0
1568.242598,5,2,13,3,130,59.0,771.432
1568.242599,2,1,11,5,123,64.0,2297.0
1568.242602,1,74,19,5,286,56.0,983.073
1568.2428215,6,1,1,0,1,47.0,0.0
1568.243427,1,1,3,0,1,47.0,0.0
1568.2435115,6,3,10,2,108,62.0,762.701
1568.2446275,6,1,4,1,196,50.0,107.054
1568.2451975,3,1,2,0,1,46.0,0.0
1568.245201,1,1,4,0,7,48.0,14.541
1568.245267,5,2,6,2,43,61.0,1007.0
1568.2458275,6,29,34,13,352,66.0,6032.0
1568.245873,5,30,14,2,81,55.0,459.504
1568.245886,1,1,18,4,291,54.0,580.828
1568.2458925,3,1,7,0,34,50.0,142.526
1568.245917,2,2,5,1,53,54.0,245.498
1568.2467445,6,1,3,0,123,50.0,71.299
1568.2479465,6,1,1,0,1,46.0,0.0
1568.248732,1,1,3,0,6,52.0,35.639
1568.249068,5,9,13,2,49,60.0,804.84
1568.2491135,6,73,7,1,88,57.0,247.855
1568.249864,1,1,3,0,1,52.0,0.0
1568.250791,5,3,9,2,76,61.0,769.889
1568.2508295,6,1,2,0,1,45.0,0.0
1568.250858,1,1,2,0,6,54.0,47.798
1568.251537,1,2,2,0,2,47.0,4.693
1568.251961,2,1,1,0,1,52.0,0.0
1568.251968,5,1,4,0,1,50.0,0.0
1568.254922,1,4,12,2,85,56.0,554.302
1568.2549315,6,8,11,2,125,55.0,516.759
1568.254944,5,22,11,2,98,52.0,304.2
1568.254982,2,1,4,0,1,58.0,0.0
1568.257088,5,3,6,1,54,51.0,187.057
1568.257778,1,2,4,0,35,57.0,229.538
1568.258781,1,1,2,0,1,45.0,0.0
1568.2591225,6,1,1,0,1,46.0,0.0
1568.2612895,6,7,11,2,91,63.0,1074.0
1568.261303,1,1,1,0,1,45.0,0.0
1568.261865,1,1,3,0,1,52.0,0.0
1568.2621785,6,4,6,1,48,55.0,354.809
1568.2622235,3,1,1,0,1,45.0,0.0
1568.2642745,6,4,23,7,219,63.0,2489.0
1568.2642885,3,1,7,1,85,51.0,200.046
1568.264289,1,8,20,3,111,58.0,805.662
1568.264299,5,2,18,3,96,56.0,692.405
1568.264317,2,1,12,3,67,56.0,759.363
1568.2677665,6,2,2,0,3,55.0,42.243
1568.2713835,6,2,4,0,24,49.0,57.513
1568.271638,5,2,9,1,44,55.0,372.346
1568.271644,1,1,2,0,1,46.0,0.0
1568.2716455,3,1,1,0,1,45.0,0.0
1568.271671,2,1,1,0,1,50.0,0.0
1568.2734175,6,1,1,0,1,45.0,0.0
1568.2740115,6,3,30,16,217,73.0,16946.0
1568.274026,2,77,18,6,135,58.0,1568.0
1568.274026,5,126,21,4,163,56.0,800.64
1568.2740335,3,1,17,5,210,60.0,1198.0
1568.274036,1,40,24,6,201,59.0,1460.0
1568.27673,5,10,8,1,51,57.0,416.94
1568.2768535,6,1,1,0,1,45.0,0.0
1568.2781815,6,1,4,0,48,50.0,88.952
1568.278218,5,2,1,0,3,50.0,16.879
1568.2789645,6,6,9,2,63,63.0,948.779
1568.2800325,6,2,1,0,2,45.0,3.324
1568.2809815,6,1,1,0,1,49.0,0.0
1568.2831105,6,1,2,0,1,50.0,0.0
1568.2841765,6,11,10,3,64,64.0,1161.0
1568.284198,5,16,6,0,19,50.0,117.205
1568.284204,1,1,2,0,1,46.0,0.0
1568.2842085,3,2,2,0,2,46.0,3.903
1568.2848955,6,2,1,0,2,45.0,4.66
1568.285222,1,1,5,0,4,51.0,24.249
1568.2869745,3,1,3,0,18,49.0,61.844
1568.2869835,6,1,2,0,4,48.0,10.406
1568.286986,1,1,2,0,1,45.0,0.0
1568.2887615,6,1,2,0,4,49.0,17.191
1568.2894235,6,22,13,1,45,57.0,516.849
1568.289438,5,29,12,1,68,50.0,240.972
1568.2894515,3,1,3,0,48,52.0,101.487
1568.289473,1,1,3,0,31,47.0,39.742
1568.2919445,6,2,6,2,124,62.0,583.027
1568.29203,5,7,7,0,14,54.0,154.24
1568.292632,5,1,1,0,1,45.0,0.0
1568.2928655,6,1,4,0,25,56.0,186.469
1568.295725,1,2,2,0,80,50.0,74.901
1568.2957905,6,2,1,0,3,50.0,16.071
1568.2963255,6,1,1,0,1,48.0,0.0
1568.296369,1,1,2,0,12,47.0,18.671
1568.297226,1,2,1,0,3,45.0,7.873
1568.2984365,6,1,1,0,1,45.0,0.0
1568.3014215,6,1,1,0,1,45.0,0.0
1568.301914,1,142,5,1,173,55.0,237.124
1568.304754,1,2,13,3,199,58.0,576.894
1568.3049565,6,1,3,0,9,50.0,34.442
1568.3062385,6,1,2,0,4,46.0,8.068
1568.306824,5,2,3,0,15,51.0,69.019
1568.306846,1,1,3,0,6,50.0,24.174
1568.3073945,6,1,1,0,1,49.0,0.0
1568.309373,1,1,1,0,1,47.0,0.0
1568.3093895,6,1,2,0,4,47.0,13.001
1568.310175,5,2,15,3,89,60.0,890.049
1568.310179,1,47,14,2,96,55.0,467.283
1568.31018,2,2,9,4,140,57.0,857.326
1568.3101805,3,2,5,0,20,50.0,81.182
1568.3101925,6,7,11,2,70,59.0,623.748
1568.3107628,6,1,6,0,34,58.0,175.432
1568.310767,5,1,1,0,7,47.0,10.383
1568.311638,1,1,1,0,1,46.0,0.0
1568.3116415,6,2,5,0,35,50.0,79.38
1568.3122425,6,1,2,0,11,51.0,66.257
1568.313599,1,11,5,0,18,53.0,188.912
1568.3137425,6,1,3,0,4,50.0,22.528
1568.318601,5,2,1,0,5,48.0,28.617
1568.3196575,6,1,1,0,1,45.0,0.0
1568.319806,1,1,1,0,1,45.0,0.0
1568.3234845,6,2,7,1,27,60.0,406.445
1568.324016,1,2,6,0,18,49.0,62.403
1568.3250425,6,1,3,0,5,47.0,9.804
1568.3256275,3,4,3,0,12,52.0,74.854
1568.325629,5,3,4,0,4,48.0,12.409
1568.3256605,6,1,4,0,13,47.0,27.47
1568.3263225,6,1,1,0,1,46.0,0.0
1568.3285965,6,3,3,0,12,47.0,25.984
1568.329949,1,1,1,0,1,45.0,0.0
1568.3304405,3,1,3,0,18,52.0,57.478
1568.330458,1,2,9,0,40,50.0,118.275
1568.3304665,6,111,10,2,133,58.0,408.49
1568.33048,2,1,3,0,1,51.0,0.0
1568.332033,5,3,5,0,25,51.0,92.225
1568.332064,1,1,4,0,10,47.0,20.677
1568.333109,5,3,5,0,44,52.0,118.916
1568.3331175,6,1,3,0,27,49.0,42.734
1568.3331315,3,1,1,0,1,45.0,0.0
1568.3336465,6,1,1,0,1,47.0,0.0
1568.335585,1,1,2,0,4,49.0,16.778
1568.3357315,6,1,1,0,5,46.0,10.702
1568.3362505,6,2,2,0,3,52.0,27.261
1568.3367885,6,1,1,0,1,48.0,0.0
1568.337497,1,5,12,3,70,63.0,1355.0
1568.3379825,6,1,1,0,1,45.0,0.0
1568.338869,5,6,9,1,44,56.0,391.03
1568.338879,1,1,4,0,1,48.0,0.0
1568.3389075,6,1,3,0,1,49.0,0.0
1568.340634,1,1,2,0,4,48.0,13.028
1568.34172,5,2,3,0,11,51.0,65.466
1568.342129,1,2,4,0,39,51.0,98.336
1568.3443525,6,2,1,0,3,54.0,66.023
1568.344604,5,5,13,3,48,66.0,2174.0
1568.3446315,3,1,1,0,7,50.0,25.025
1568.344667,1,3,4,1,74,49.0,108.432
1568.3455815,6,1,2,0,1,48.0,0.0
1568.3469005,6,1,3,0,12,51.0,33.854
1568.347664,1,9,6,0,21,52.0,153.134
1568.3477285,6,1,3,0,5,49.0,15.818
1568.3507535,6,23,24,11,195,68.0,6953.0
1568.350764,5,29,29,7,121,61.0,2499.0
1568.3507685,3,1,15,4,158,60.0,1071.0
1568.350775,1,24,19,5,135,60.0,1537.0
1568.350778,4,17,2,0,20,48.0,48.814
1568.350781,2,1,18,7,159,63.0,2588.0
1568.351419,1,5,19,4,160,62.0,1240.0
1568.351431,5,2,16,3,152,53.0,568.675
1568.3514375,3,2,5,1,84,54.0,215.551
1568.3514495,6,14,13,2,78,53.0,385.32
1568.35146,2,2,4,0,15,57.0,126.411
1568.3540415,6,1,11,2,87,56.0,446.324
1568.354078,1,9,14,3,105,57.0,696.584
1568.354091,5,2,6,0,3,48.0,10.028
1568.354113,2,1,4,0,1,53.0,0.0
1568.3541215,3,1,3,0,1,47.0,0.0
1568.3582415,6,1,1,0,1,47.0,0.0
1568.3595885,3,1,1,0,1,49.0,0.0
1568.3599235,6,182,16,4,231,65.0,1693.0
1568.360098,5,1,8,1,95,54.0,262.181
1568.360107,1,12,15,2,144,54.0,404.104
1568.3601205,3,1,6,1,57,56.0,317.174
1568.360154,2,1,2,0,1,51.0,0.0
1568.361293,5,4,3,0,11,54.0,114.142
1568.361587,1,12,9,1,88,50.0,141.462
1568.3615895,6,4,4,0,25,49.0,90.837
1568.3618995,3,1,7,1,101,52.0,191.886
1568.361908,2,2,8,2,76,61.0,762.661
1568.361924,5,15,13,3,228,54.0,523.544
1568.362696,1,1,2,0,1,49.0,0.0
1568.362755,5,8,6,0,13,55.0,164.118
1568.3627995,6,1,4,0,25,52.0,88.291
1568.3641705,6,2,9,3,70,70.0,3181.0
1568.3649155,6,1,4,0,13,56.0,81.441
1568.3663865,6,1,1,0,1,45.0,0.0
1568.3670265,6,41,26,31,195,85.0,105152.0
1568.36707,5,67,16,3,148,55.0,670.669
1568.367072,1,31,15,3,166,54.0,557.311
1568.3670985,3,1,5,1,81,52.0,211.222
1568.367128,2,1,2,0,1,57.0,0.0
1568.3680295,6,4,2,0,8,55.0,61.176
1568.3681075,3,1,1,0,1,45.0,0.0
1568.368286,1,1,2,0,1,51.0,0.0
1568.368495,5,3,3,0,11,52.0,69.238
1568.370566,1,2,2,0,2,49.0,12.908
1568.3706155,6,1,8,2,229,51.0,164.716
1568.370772,5,3,15,3,67,57.0,1186.0
1568.371078,1,1,5,1,45,55.0,174.376
1568.372336,1,9,2,0,10,50.0,34.021
1568.373595,5,5,5,0,12,58.0,272.137
1568.374431,1,2,5,1,38,61.0,588.177
1568.3747015,6,7,4,0,10,51.0,50.888
1568.375047,1,2,3,0,3,50.0,18.472
1568.3769425,6,1,3,0,7,51.0,29.361
1568.3775095,6,1,1,0,1,46.0,0.0
1568.3783915,6,1,12,3,130,60.0,760.301
1568.37845,5,1,5,0,52,50.0,115.331
1568.3784755,3,2,3,0,21,50.0,48.761
1568.379347,1,1,1,0,1,48.0,0.0
1568.3799525,6,1,2,0,5,47.0,11.435
1568.380307,5,34,8,1,80,54.0,286.902
1568.380355,1,1,4,0,1,50.0,0.0
1568.381333,1,15,37,9,325,58.0,1954.0
1568.381454,2,1,11,4,152,55.0,945.432
1568.3814575,6,63,24,7,186,65.0,2551.0
1568.3814755,3,1,13,3,168,54.0,456.871
1568.38148,5,3,18,3,115,55.0,620.093
1568.3834025,6,1,1,0,1,45.0,0.0
1568.383683,1,1,5,0,57,48.0,73.992
1568.3836845,3,1,2,0,16,46.0,31.896
1568.3840075,6,1,3,0,1,49.0,0.0
1568.384103,5,1,1,0,1,45.0,0.0
1568.384982,1,1,2,0,1,49.0,0.0
1568.3849955,6,1,3,0,12,48.0,32.511
1568.3851845,3,1,1,0,1,45.0,0.0
1568.387644,5,1,4,0,8,50.0,30.74
1568.387756,1,1,2,0,1,48.0,0.0
1568.3894235,6,1,1,0,1,45.0,0.0
1568.3908715,6,6,2,0,7,50.0,36.264
1568.391745,1,1,2,0,1,50.0,0.0
1568.3929825,6,2,11,2,72,66.0,1080.0
1568.393058,5,1,1,0,1,48.0,0.0
1568.3930605,3,1,1,0,1,45.0,0.0
1568.393755,1,1,1,0,1,45.0,0.0
1568.3944295,3,2,3,0,13,55.0,147.041
1568.3944815,6,1,2,0,1,49.0,0.0
1568.395936,5,1,4,0,27,51.0,54.116
1568.3959475,6,1,4,0,17,54.0,93.28
1568.39803,1,2,7,1,41,63.0,1102.0
1568.3994395,6,1,1,0,1,45.0,0.0
1568.401702,5,2,7,1,75,53.0,198.371
1568.4017135,3,1,2,0,1,48.0,0.0
1568.4017395,6,1,2,0,1,48.0,0.0
1568.4023635,6,5,10,3,49,67.0,2507.0
1568.4032285,6,6,7,1,27,61.0,521.409
1568.403271,1,1,2,0,1,47.0,0.0
1568.403981,5,6,10,2,89,58.0,756.68
1568.4039835,3,2,2,0,30,48.0,43.27
1568.4039955,6,1,7,0,32,51.0,104.583
1568.404029,1,2,10,2,214,49.0,187.53
1568.404032,2,1,3,0,1,54.0,0.0
1568.4047185,3,1,2,0,4,46.0,6.996
1568.4050825,6,1,4,0,20,52.0,88.713
1568.405131,5,2,4,0,2,46.0,4.305
1568.407804,5,2,3,0,10,57.0,197.271
1568.4078245,6,1,5,0,26,51.0,70.478
1568.4078395,3,1,1,0,1,45.0,0.0
1568.408131,1,1,1,0,1,45.0,0.0
1568.4094975,6,1,1,0,1,45.0,0.0
1568.4103915,6,9,8,1,36,56.0,306.584
1568.410426,1,1,1,0,1,46.0,0.0
1568.4110655,6,1,1,0,1,45.0,0.0
1568.412433,1,1,3,0,1,50.0,0.0
1568.412448,5,1,3,0,1,48.0,0.0
1568.4124495,6,1,1,0,1,46.0,0.0
1568.4145735,6,1,1,0,1,50.0,0.0
1568.4160075,6,1,6,1,35,55.0,217.78
1568.416024,1,1,5,0,40,51.0,109.688
1568.416039,5,1,2,0,1,46.0,0.0
1568.416049,2,1,1,0,1,51.0,0.0
1568.416737,1,175,52,29,423,74.0,38532.0
1568.4169195,6,31,34,13,273,68.0,6376.0
1568.41692,2,21,29,18,183,71.0,15674.0
1568.416922,5,29,40,12,235,67.0,5219.0
1568.4169255,3,10,24,9,199,62.0,3251.0
1568.416927,4,2,4,0,2,47.0,3.324
1568.4177625,6,1,1,0,1,47.0,0.0
1568.4187075,6,2,3,0,13,53.0,130.67
1568.420801,1,4,1,0,5,50.0,42.066
1568.4211955,6,2,3,0,22,50.0,72.49
1568.422068,1,2,2,0,3,52.0,40.852
1568.4243445,6,1,1,0,5,47.0,9.988
1568.425217,1,1,2,0,5,53.0,38.082
1568.4255705,6,3,3,0,4,50.0,16.351
1568.42613,1,2,3,0,8,58.0,126.059
1568.4263915,6,1,1,0,1,45.0,0.0
1568.4284285,6,1,3,0,14,54.0,85.316
1568.428453,1,1,1,0,1,46.0,0.0
1568.4306695,6,22,7,2,119,55.0,439.158
1568.430677,5,1,6,0,5,53.0,40.028
1568.4306945,3,1,3,0,15,48.0,33.523
1568.430754,1,1,1,0,1,45.0,0.0
1568.431186,5,3,5,0,22,51.0,94.359
1568.4312115,3,2,4,0,61,51.0,123.769
1568.4314155,6,1,2,0,20,48.0,14.108
1568.431428,2,1,1,0,1,50.0,0.0
1568.43144,1,1,3,0,23,51.0,62.124
1568.431865,5,2,1,0,2,45.0,4.148
1568.4331335,6,1,2,0,41,47.0,27.791
1568.4342065,6,2,3,0,4,56.0,51.075
1568.437493,5,2,3,0,19,54.0,157.058
1568.437536,1,2,1,0,3,45.0,8.228
1568.4397735,6,1,2,0,13,46.0,24.57
1568.441463,1,1,1,0,1,45.0,0.0
1568.4425475,6,1,6,2,31,63.0,1268.0
1568.442608,1,1,1,0,1,45.0,0.0
1568.4435885,6,2,7,1,33,57.0,451.829
1568.4443005,6,7,9,1,58,55.0,321.091
1568.444301,5,2,10,1,28,53.0,297.657
1568.444326,1,1,4,0,35,52.0,84.678
1568.4448945,6,1,4,0,88,50.0,87.853
1568.4450075,3,1,1,0,1,45.0,0.0
1568.4458675,6,2,12,1,103,53.0,254.943
1568.445876,5,43,11,2,77,52.0,306.303
1568.4458995,3,1,6,1,116,48.0,136.378
1568.44591,1,2,5,1,94,49.0,129.297
1568.445913,2,2,2,0,3,54.0,56.703
1568.4471525,3,1,1,0,4,52.0,29.674
1568.448367,5,2,5,0,39,52.0,83.095
1568.4483685,6,2,3,0,26,60.0,237.587
1568.4500115,6,6,8,2,61,64.0,1018.0
1568.450061,1,1,2,0,1,47.0,0.0
1568.450095,5,1,2,0,1,46.0,0.0
1568.451461,1,1,2,0,1,46.0,0.0
1568.4515415,6,2,1,0,2,51.0,9.497
1568.452329,1,1,9,2,66,67.0,1199.0
1568.4525235,6,2,4,0,20,53.0,131.213
1568.454134,5,3,5,0,6,61.0,306.872
1568.4548215,6,1,1,0,1,45.0,0.0
1568.4550455,3,1,2,0,5,49.0,18.473
1568.455049,5,2,5,0,24,53.0,120.26
1568.455359,1,2,2,0,3,53.0,25.43
1568.455969,5,2,7,1,25,60.0,821.55
1568.456751,1,1,1,0,1,47.0,0.0
1568.4574505,6,214,11,3,222,58.0,512.634
1568.457624,1,1,1,0,1,45.0,0.0
1568.4587355,6,1,1,0,1,45.0,0.0
1568.4594005,6,1,1,0,1,47.0,0.0
1568.4601025,3,1,2,0,4,54.0,40.836
1568.460868,1,2,10,1,66,52.0,177.026
1568.4608695,3,1,5,1,29,53.0,212.875
1568.460891,5,1,3,0,1,50.0,0.0
1568.4608935,6,1,4,0,53,50.0,87.056
1568.460904,2,1,1,0,1,53.0,0.0
1568.4615155,6,1,19,4,158,58.0,1004.0
1568.461521,5,21,12,4,209,58.0,904.868
1568.461535,4,1,1,0,1,45.0,0.0
1568.4615385,3,1,8,2,139,54.0,428.972
1568.461544,1,19,16,3,160,55.0,524.432
1568.46156,2,10,5,0,22,56.0,258.289
1568.462777,1,1,1,0,1,45.0,0.0
1568.4641815,6,1,2,0,4,48.0,11.267
1568.465306,1,2,1,0,14,53.0,123.55
1568.46616,5,2,4,0,8,50.0,46.516
1568.467501,5,3,3,0,7,51.0,41.78
1568.4675165,6,1,4,0,48,52.0,74.646
1568.4699595,6,1,2,0,10,49.0,28.578
1568.471481,1,2,1,0,2,48.0,4.273
1568.4726435,6,1,15,4,148,62.0,1454.0
1568.472661,5,1,6,0,37,52.0,110.137
1568.472686,1,313,21,6,428,62.0,1241.0
1568.4726955,3,2,2,0,3,46.0,8.387
1568.473199,5,3,5,0,6,58.0,158.023
1568.4740855,6,1,1,0,1,45.0,0.0
1568.4781435,6,2,1,0,5,46.0,14.862
1568.478906,1,1,2,0,4,47.0,11.441
1568.4789345,6,1,1,0,1,46.0,0.0
1568.4797575,6,514,13,6,533,59.0,980.567
1568.479767,5,1,2,0,33,50.0,53.584
1569.0311165,6,1,4,0,10,50.0,32.883
1569.0320205,6,2,2,0,5,49.0,22.95
1569.0326905,6,1,1,0,1,45.0,0.0
1569.03329,5,2,5,1,56,51.0,133.576
1569.0332945,3,1,8,1,50,49.0,110.922
1569.033738,4,13,5,0,40,49.0,92.948
1569.0338845,3,1,1,0,1,46.0,0.0
1569.0344815,3,1,1,0,1,45.0,0.0
1569.0346095,6,1,1,0,114,48.0,49.65
1569.0351175,3,1,1,0,1,45.0,0.0
1569.0354495,6,1,2,0,1,48.0,0.0
1569.037409,2,1,1,0,1,50.0,0.0
1569.039793,1,1,1,0,1,47.0,0.0
1569.0403505,6,2,4,0,60,50.0,82.625
1569.044154,1,1,6,1,106,50.0,148.687
1569.0441765,3,1,2,0,8,49.0,29.574
1569.0448235,6,1,1,0,1,45.0,0.0
1569.0463765,3,1,4,0,12,48.0,34.869
1569.047509,5,2,3,0,39,51.0,146.714
1569.0477135,6,1,6,2,277,51.0,220.006
1569.050455,1,1,3,0,1,50.0,0.0
1569.051624,1,2,1,0,3,49.0,23.153
1569.0521235,6,1,2,0,1,46.0,0.0
1569.0531925,6,1,5,1,74,50.0,126.212
1569.053211,5,1,4,0,1,46.0,0.0
1569.0532555,3,1,2,0,1,47.0,0.0
1569.0547585,6,5,55,50,508,83.0,117875.0
1569.0547765,3,38,34,20,329,69.0,10424.0
1569.05607,1,1,5,0,51,51.0,78.369
1569.0560815,3,1,1,0,16,45.0,15.909
1569.057085,5,1,2,0,1,46.0,0.0
1569.059608,1,1,2,0,1,46.0,0.0
1569.059942,2,1,2,0,1,51.0,0.0
1569.0615395,3,1,6,2,248,51.0,196.33
1569.0627235,3,1,1,0,1,45.0,0.0
1569.0639485,6,1,2,0,1,47.0,0.0
1569.065012,5,1,2,0,15,50.0,28.962
1569.066546,1,2,4,0,44,51.0,118.352
1569.0668915,6,1,1,0,1,46.0,0.0
1569.067476,5,2,2,0,2,51.0,19.845
1569.0679595,6,1,2,0,49,51.0,45.952
1569.068312,1,1,2,0,1,48.0,0.0
1569.0692535,6,1,1,0,1,47.0,0.0
1569.0699295,6,1,2,0,1,47.0,0.0
1569.07043,1,1,2,0,8,46.0,16.238
1569.072455,1,1,3,0,1,48.0,0.0
1569.0724565,6,1,7,1,124,49.0,143.452
1569.0739005,6,1,1,0,1,45.0,0.0
1569.0754175,6,1,1,0,1,45.0,0.0
1569.0772657,6,2,4,0,16,50.0,71.638
1569.0783285,3,1,1,0,1,45.0,0.0
1569.0789975,6,2,3,0,6,50.0,28.891
1569.0798095,6,1,9,2,139,51.0,228.875
1569.079896,5,1,4,0,8,51.0,22.59
1569.0820905,6,1,1,0,10,46.0,17.069
1569.0829525,6,1,1,0,1,46.0,0.0
1569.0840805,6,1,2,0,1,48.0,0.0
1569.0846695,6,1,1,0,1,45.0,0.0
1569.085962,5,1,3,0,31,51.0,82.659
1569.086621,5,1,1,0,4,46.0,8.305
1569.0898115,6,121,4,2,302,50.0,126.893
1569.090705,5,1,2,0,63,47.0,62.084
1569.090729,1,1,4,0,4,50.0,8.548
1569.0907525,3,1,1,0,1,45.0,0.0
1569.0927225,6,2,2,0,5,48.0,16.307
1569.093192,1,1,9,1,50,51.0,154.776
1569.09322,5,1,2,0,8,48.0,33.266
1569.0932305,6,1,2,0,1,48.0,0.0
1569.094115,1,1,8,0,48,49.0,117.924
1569.0941235,3,1,2,0,32,51.0,64.543
1569.0947605,6,1,1,0,1,47.0,0.0
1569.09533,5,2,1,0,2,45.0,5.484
1569.095737,1,2,2,0,3,49.0,12.636
1569.095938,5,28,5,0,29,50.0,99.284
1569.0971785,6,1,1,0,1,46.0,0.0
1569.0979285,6,3,38,16,281,70.0,11102.0
1569.098781,5,1,1,0,1,45.0,0.0
1569.0989505,6,2,4,0,59,49.0,108.468
1569.099675,5,1,5,1,69,50.0,124.24
1569.0996855,3,1,2,0,1,46.0,0.0
1569.099686,1,6,6,0,21,51.0,91.645
1569.101358,1,1,1,0,1,48.0,0.0
1569.104023,1,1,2,0,1,51.0,0.0
1569.1050485,3,1,2,0,1,46.0,0.0
1569.1065565,6,1,2,0,1,50.0,0.0
1569.106572,1,1,1,0,1,46.0,0.0
1569.1071825,3,1,3,0,40,50.0,72.788
1569.111325,1,1,2,0,1,49.0,0.0
1569.1133225,6,1,3,0,4,47.0,9.132
1569.1138535,3,1,1,0,1,46.0,0.0
1569.1142055,6,3,4,0,9,50.0,103.432
1569.1147435,6,2,3,0,2,46.0,3.324
1569.1156725,6,1,1,0,1,47.0,0.0
1569.1163865,6,1,1,0,6,47.0,11.245
1569.116706,5,1,3,0,50,50.0,69.329
1569.1167245,3,1,2,0,52,48.0,32.298
1569.116981,1,1,4,0,12,50.0,37.151
1569.119516,1,1,3,0,48,48.0,57.103
1569.119785,5,1,5,0,30,48.0,69.823
1569.1197855,3,1,3,0,19,50.0,73.459
1569.1203845,6,1,1,0,8,47.0,13.735
1569.1217395,3,1,2,0,32,48.0,59.666
1569.121794,1,1,1,0,1,46.0,0.0
1569.1222775,3,1,5,1,96,48.0,124.919
1569.122306,1,1,4,0,51,50.0,97.994
1569.122561,5,2,7,0,7,50.0,42.514
1569.1250875,3,1,1,0,1,45.0,0.0
1569.125951,1,1,2,0,1,45.0,0.0
1569.12658,5,3,10,2,118,51.0,350.248
1569.128458,1,1,1,0,1,50.0,0.0
1569.1289835,6,1,2,0,1,45.0,0.0
1569.1294845,3,1,1,0,1,46.0,0.0
1569.1294855,6,1,4,0,52,50.0,86.061
1569.12986,5,1,1,0,1,45.0,0.0
1569.1302295,6,1,2,0,1,48.0,0.0
1569.130693,5,1,3,0,1,48.0,0.0
1569.132456,1,1,6,1,53,50.0,128.662
1569.13246,5,1,3,0,26,49.0,55.845
1569.133198,5,1,6,1,61,51.0,177.828
1569.1331985,3,1,6,0,51,47.0,70.237
1569.133864,5,1,4,0,1,49.0,0.0
1569.1339055,3,2,1,0,67,45.0,44.36
1569.1339985,6,1,1,0,1,45.0,0.0
1569.1350285,6,2,2,0,12,50.0,70.685
1569.135311,5,1,5,0,67,49.0,80.419
1569.1353525,3,2,1,0,2,45.0,4.025
1569.135948,5,1,1,0,1,45.0,0.0
1569.1368185,6,1,2,0,1,45.0,0.0
1569.138385,1,1,2,0,1,47.0,0.0
1569.138397,5,1,1,0,1,47.0,0.0
1569.140272,5,38,11,2,102,50.0,228.985
1569.1402935,3,1,4,1,69,50.0,116.054
1569.141139,5,1,1,0,1,47.0,0.0
1569.1411425,3,1,1,0,1,45.0,0.0
1569.14316,1,1,3,0,7,51.0,35.695
1569.1434965,3,1,1,0,1,45.0,0.0
1569.143801,1,1,6,1,72,50.0,114.669
1569.14573,5,2,2,0,2,50.0,18.182
1569.145765,1,1,5,2,216,50.0,180.85
1569.1463385,3,1,3,0,22,50.0,63.129
1569.146362,5,1,1,0,1,45.0,0.0
1569.147472,1,2,3,0,17,47.0,36.846
1569.147987,5,2,2,0,3,48.0,6.264
1569.1482525,3,1,5,0,63,48.0,90.488
1569.148266,2,2,1,0,2,50.0,12.046
1569.150982,1,34,7,0,35,49.0,74.176
1569.1516535,6,4,71,34,1000,72.0,15947.0
1569.151672,5,1,5,0,1,49.0,0.0
1569.151686,1,1,10,1,83,50.0,188.333
1569.1517265,3,1,1,0,5,46.0,9.686
1569.152257,5,26,42,21,241,73.0,22279.0
1569.152266,2,39,35,24,250,70.0,20002.0
1569.1548395,6,1,3,0,1,48.0,0.0
1569.155051,1,1,1,0,1,48.0,0.0
1569.155821,1,1,3,0,1,48.0,0.0
1569.1558325,3,2,1,0,9,46.0,19.736
1569.155982,5,3,2,0,7,50.0,42.057
1569.156924,1,2,2,0,6,51.0,31.872
1569.1572925,3,2,1,0,6,47.0,15.843
1569.157299,5,2,4,0,3,50.0,7.843
1569.1580365,3,1,3,0,13,50.0,56.838
1569.158085,5,2,2,0,3,51.0,15.93
1569.1598405,6,1,1,0,1,46.0,0.0
1569.160517,5,2,1,0,3,47.0,9.66
1569.162926,1,1,2,0,10,51.0,46.435
1569.1637355,6,1,1,0,1,45.0,0.0
1569.1650715,6,2,7,2,23,69.0,1761.0
1569.16519,5,2,1,0,2,45.0,25.346
1569.1658605,3,1,3,0,24,50.0,68.364
1569.167369,1,1,1,0,1,45.0,0.0
1569.1676745,6,1,2,0,1,48.0,0.0
1569.1692175,6,1,2,0,4,48.0,13.001
1569.1698815,6,2,4,0,33,49.0,89.996
1569.169884,5,3,3,0,12,49.0,66.944
1569.170527,5,1,1,0,1,49.0,0.0
1569.1707565,6,1,1,0,5,45.0,9.733
1569.1722425,6,1,1,0,1,45.0,0.0
1569.172742,5,1,2,0,1,49.0,0.0
1569.1733245,6,1,2,0,1,46.0,0.0
1569.174494,1,2,1,0,3,49.0,15.254
1569.1750125,6,1,2,0,1,46.0,0.0
1569.175535,1,1,3,0,1,47.0,0.0
1569.1772805,6,1,4,0,21,50.0,53.772
1569.179153,5,1,3,0,12,48.0,40.122
1569.179165,1,5,3,0,6,48.0,25.596
1569.180521,1,1,1,0,1,45.0,0.0
1569.1812795,6,41,41,27,317,76.0,37564.0
1569.181342,4,1,5,0,29,50.0,77.225
1569.1822245,3,1,2,0,4,48.0,11.001
1569.1833055,6,1,2,0,1,47.0,0.0
1569.1846525,6,1,1,0,1,45.0,0.0
1569.18676,5,2,1,0,3,49.0,13.152
1569.1867645,3,1,2,0,1,46.0,0.0
1569.1868025,6,1,1,0,1,45.0,0.0
1569.187919,5,1,1,0,5,46.0,9.613
1569.1886035,3,1,1,0,4,47.0,10.872
1569.1902865,3,1,1,0,1,45.0,0.0
1569.1909265,3,1,2,0,1,46.0,0.0
1569.192296,1,1,4,0,1,49.0,0.0
1569.19234,5,1,1,0,1,45.0,0.0
1569.1923465,3,1,1,0,1,45.0,0.0
1569.1929225,3,1,1,0,1,45.0,0.0
1569.1935665,3,1,2,0,1,45.0,0.0
1569.193571,1,1,2,0,1,46.0,0.0
1569.194374,5,3,1,0,4,47.0,28.571
1569.1951185,6,16,5,1,73,51.0,172.903
1569.1959025,3,1,1,0,4,48.0,10.706
1569.1964495,3,1,2,0,8,48.0,21.15
1569.1987355,3,1,2,0,1,47.0,0.0
1569.1995225,6,1,1,0,63,47.0,48.138
1569.2007,4,1,2,0,17,48.0,42.027
1569.2026395,6,1,1,0,1,48.0,0.0
1569.2029445,3,1,3,0,13,50.0,56.57
1569.202947,1,1,6,0,36,50.0,77.936
1569.202961,5,2,3,0,9,49.0,34.422
1569.203007,2,1,1,0,1,50.0,0.0
1569.2035725,6,1,1,0,1,46.0,0.0
1569.2051745,3,1,2,0,1,47.0,0.0
1569.205611,5,1,2,0,1,47.0,0.0
1569.2077055,6,1,2,0,1,49.0,0.0
1569.209066,5,2,1,0,4,48.0,16.032
1569.2090815,3,1,1,0,1,45.0,0.0
1569.2092095,6,1,1,0,1,46.0,0.0
1569.2098445,6,2,3,0,108,51.0,100.131
1569.2109065,6,1,2,0,1,48.0,0.0
1569.2113935,3,2,1,0,6,47.0,17.216
1569.2127925,3,1,5,2,193,51.0,175.443
1569.21283,2,1,3,0,1,51.0,0.0
1569.2140135,6,1,3,0,1,47.0,0.0
1569.214527,5,3,3,0,15,47.0,36.136
1569.2158555,6,9,6,1,59,51.0,134.138
1569.2164845,6,2,3,0,3,51.0,21.98
1569.2171495,6,2,2,0,16,48.0,34.719
1569.217644,1,1,2,0,1,46.0,0.0
1569.2177225,6,1,1,0,1,45.0,0.0
1569.2190835,6,1,4,0,15,50.0,50.602
1569.2198775,6,1,3,0,4,48.0,8.642
1569.22266,5,9,48,35,317,76.0,42705.0
1569.2226635,3,21,32,18,283,71.0,12566.0
1569.222664,1,40,54,31,366,70.0,24257.0
1569.22267,2,11,41,33,283,73.0,33539.0
1569.2239885,6,1,1,0,1,45.0,0.0
1569.2245265,6,1,3,0,1,51.0,0.0
1569.2245385,3,1,1,0,1,45.0,0.0
1569.2258205,3,2,10,3,264,49.0,246.886
1569.225829,5,1,11,2,107,51.0,245.647
1569.22698,5,1,1,0,1,46.0,0.0
1569.2275865,3,1,4,0,42,48.0,66.327
1569.227646,5,1,1,0,1,45.0,0.0
1569.2283405,3,1,1,0,1,45.0,0.0
1569.2292295,6,6,2,0,7,50.0,19.278
1569.2296285,3,2,5,1,63,51.0,116.302
1569.2300865,6,1,1,0,1,45.0,0.0
1569.230496,4,1,2,0,1,50.0,0.0
1569.2319275,3,15,3,0,20,49.0,51.224
1569.2337995,6,1,3,1,165,49.0,75.376
1569.2343055,3,1,1,0,1,45.0,0.0
1569.234314,1,1,2,0,1,46.0,0.0
1569.2346975,6,1,3,1,182,46.0,77.935
1569.235126,5,1,6,0,52,49.0,79.221
1569.23514,1,1,4,0,54,48.0,66.72
1569.2351465,3,2,4,0,54,50.0,113.157
1569.2370375,3,1,1,0,1,45.0,0.0
1569.237038,2,1,1,0,1,50.0,0.0
1569.237249,5,1,3,0,1,47.0,0.0
1569.2381125,3,1,1,0,18,46.0,22.769
1569.239323,1,2,1,0,3,46.0,8.23
1569.240892,1,2,6,1,118,48.0,142.803
1569.2408925,6,1,7,1,64,50.0,109.364
1569.2417145,3,1,5,1,58,49.0,123.072
1569.243478,1,1,7,1,71,51.0,121.576
1569.2435385,3,1,3,0,5,50.0,19.719
1569.245586,1,1,1,0,1,45.0,0.0
1569.246398,4,1,2,0,8,48.0,15.291
1569.2472695,6,1,1,0,1,45.0,0.0
1569.2477775,6,1,2,0,4,47.0,12.704
1569.2483125,6,1,2,0,101,48.0,64.904
1569.248893,1,2,2,0,2,49.0,7.837
1569.249672,1,1,3,1,122,49.0,107.908
1569.249752,5,1,2,0,1,46.0,0.0
1569.2506475,6,1,2,0,14,51.0,36.276
1569.2512635,6,3,1,0,4,48.0,15.044
1569.2518335,6,1,1,0,4,48.0,11.799
1569.252057,5,1,3,0,1,51.0,0.0
1569.2532085,6,10,4,0,23,50.0,58.727
1569.254081,5,2,4,0,18,51.0,71.784
1569.254543,1,1,1,0,1,49.0,0.0
1569.25601,1,2,1,0,3,47.0,7.449
1569.2564705,6,2,2,0,2,48.0,3.665
1569.2571745,6,1,4,0,22,49.0,45.607
1569.2598075,3,5,6,1,43,51.0,163.407
1569.261657,1,1,1,0,1,45.0,0.0
1569.261718,5,1,1,0,1,49.0,0.0
1569.2617975,6,1,3,0,14,50.0,35.388
1569.26274,5,1,3,0,16,48.0,27.338
1569.262804,1,1,13,3,283,51.0,296.03
1569.2630065,3,2,5,1,63,51.0,170.505
1569.264048,5,12,34,16,262,70.0,10714.0
1569.2640655,3,17,28,15,286,71.0,9994.0
1569.264082,4,1,4,0,44,51.0,108.309
1569.2652585,3,1,1,0,1,45.0,0.0
1569.2666495,6,1,1,0,4,47.0,10.447
1569.2670425,3,1,2,0,1,45.0,0.0
1569.267049,1,59,5,1,60,50.0,138.671
1569.267643,1,24,4,0,25,49.0,75.003
1569.267762,5,1,4,0,1,50.0,0.0
1569.268659,5,1,1,0,1,49.0,0.0
1569.2691185,6,1,5,0,19,49.0,47.912
1569.2693795,3,1,1,0,5,46.0,9.617
1569.2701325,3,2,1,0,5,51.0,32.023
1569.270134,5,1,2,0,1,46.0,0.0
1569.272527,1,1,1,0,1,47.0,0.0
1569.272741,5,1,1,0,1,45.0,0.0
1569.273178,1,1,3,0,45,49.0,57.56
1569.2743585,6,1,4,1,130,48.0,115.05
1569.2750325,6,1,1,0,1,45.0,0.0
1569.2787335,3,1,6,2,171,50.0,181.848
1569.2794195,3,2,8,1,75,51.0,267.477
1569.279421,5,1,10,1,66,51.0,157.084
1569.281302,1,1,1,0,1,45.0,0.0
1569.2813445,6,1,1,0,1,45.0,0.0
1569.2822695,6,1,1,0,1,47.0,0.0
1569.2836737,6,15,32,13,236,69.0,8117.0
1569.283685,4,1,2,0,6,51.0,29.207
1569.2843265,3,2,2,0,8,46.0,18.34
1569.284584,2,2,1,0,2,50.0,15.977
1569.2858335,6,1,1,0,1,46.0,0.0
1569.286292,5,33,7,1,60,51.0,159.995
1569.2863095,3,1,3,0,56,47.0,62.341
1569.286342,1,30,5,0,31,51.0,94.48
1569.2863785,6,1,4,0,71,48.0,63.506
1569.2879885,6,1,1,0,1,50.0,0.0
1569.2885335,6,1,1,0,1,45.0,0.0
1569.289109,5,1,1,0,1,48.0,0.0
1569.2891785,6,1,1,0,1,47.0,0.0
1569.28954,1,1,3,0,1,49.0,0.0
1569.2895455,3,1,1,0,1,48.0,0.0
1569.2900375,6,129,37,20,436,72.0,15244.0
1569.2930675,3,1,12,3,186,51.0,344.134
1569.2951435,6,1,5,0,44,47.0,43.497
1569.295186,5,2,1,0,3,46.0,9.871
1569.295678,4,2,1,0,2,45.0,4.693
1569.2965205,6,1,3,0,65,51.0,81.248
1569.299662,1,2,6,0,3,50.0,11.598
1569.2996825,3,1,1,0,1,45.0,0.0
1569.299911,5,2,2,0,3,50.0,17.475
1569.3005985,6,1,3,0,12,47.0,27.159
1569.301022,1,1,4,0,15,51.0,65.881
1569.3010295,3,1,5,1,182,50.0,135.269
1569.302253,1,3,1,0,4,48.0,27.294
1569.302821,1,2,3,0,2,49.0,23.462
1569.3028885,6,1,2,0,1,47.0,0.0
1569.3039915,6,3,38,19,846,71.0,10081.0
1569.3066545,6,1,1,0,1,46.0,0.0
1569.306983,1,3,24,12,472,73.0,6914.0
1569.307411,5,2,5,0,38,48.0,84.184
1569.3074185,3,1,1,0,1,46.0,0.0
1569.308909,1,1,1,0,1,45.0,0.0
1569.309503,1,1,1,0,1,45.0,0.0
1569.3099985,3,1,3,0,25,49.0,50.228
1569.310014,5,1,1,0,1,46.0,0.0
1569.3112025,6,1,3,0,1,49.0,0.0
1569.3119815,6,1,1,0,1,45.0,0.0
1569.3128535,3,1,4,0,23,49.0,52.764
1569.31287,5,3,5,0,4,49.0,22.787
1569.313717,1,1,1,0,1,46.0,0.0
1569.3140995,6,1,5,0,1,48.0,0.0
1569.314296,1,1,1,0,1,45.0,0.0
1569.3147775,3,1,8,2,266,50.0,244.779
1569.315003,5,42,6,1,48,50.0,183.041
1569.316038,1,1,1,0,1,45.0,0.0
1569.3192835,6,1,2,0,8,50.0,32.32
1569.319738,1,1,1,0,1,47.0,0.0
1569.3198975,6,1,1,0,1,46.0,0.0
1569.3211985,6,1,3,0,1,48.0,0.0
1569.3217625,6,4,3,0,99,48.0,60.096
1569.3232715,6,1,3,0,33,51.0,86.236
1569.323336,1,1,1,0,1,45.0,0.0
1569.3237285,3,1,1,0,1,45.0,0.0
1569.3245955,6,1,1,0,1,46.0,0.0
1569.325808,5,1,1,0,1,45.0,0.0
1569.3258095,3,1,1,0,4,49.0,17.95
1569.325849,1,1,1,0,1,45.0,0.0
1569.327374,5,1,8,1,92,49.0,161.039
1569.3274145,3,1,1,0,1,47.0,0.0
1569.3281475,6,1,13,4,380,51.0,408.905
1569.328149,5,1,2,0,1,48.0,0.0
1569.328334,1,1,3,0,1,47.0,0.0
1569.329434,1,1,5,0,16,49.0,39.108
1569.3296555,3,1,7,1,97,50.0,153.163
1569.330641,5,2,7,0,15,50.0,25.409
1569.330693,1,1,3,0,1,48.0,0.0
1569.3314945,3,1,1,0,1,45.0,0.0
1569.3337985,3,2,2,0,2,46.0,9.877
1569.3348255,3,1,1,0,1,45.0,0.0
1569.3356595,6,2,6,0,9,51.0,63.517
1569.335818,1,1,1,0,1,45.0,0.0
1569.336682,1,1,1,0,1,45.0,0.0
1569.3377135,6,1,4,0,69,48.0,76.373
1569.337864,1,1,1,0,1,46.0,0.0
1569.3384695,6,2,1,0,5,49.0,18.613
1569.3417345,6,13,17,9,97,71.0,8355.0
1569.3424225,6,1,2,1,162,51.0,77.964
1569.3428665,3,1,1,0,1,45.0,0.0
1569.3433535,6,571,45,17,692,72.0,9728.0
1569.3434895,3,1,1,0,1,45.0,0.0
1569.344888,5,3,18,7,90,69.0,5804.0
1569.344939,1,1,9,0,23,50.0,57.229
1569.346325,1,1,3,0,4,51.0,23.097
1569.3467315,3,2,6,2,118,51.0,257.064
1569.3468115,6,1,5,1,50,51.0,132.414
1569.34688,1,1,1,0,1,45.0,0.0
1569.3474725,3,1,1,0,5,45.0,8.678
1569.347778,1,1,1,0,1,45.0,0.0
1569.3493195,3,1,2,0,39,47.0,36.604
1569.349324,1,1,4,0,11,51.0,39.997
1569.349897,1,2,2,0,3,49.0,12.935
1569.3500565,6,1,3,0,1,48.0,0.0
1569.3507295,3,1,1,0,1,46.0,0.0
1569.3508805,6,1,3,0,8,50.0,35.29
1569.3516215,6,1,2,0,5,46.0,8.688
1569.3523905,6,1,3,0,11,51.0,36.391
1569.3541075,6,2,3,0,45,48.0,67.143
1569.3543915,3,2,1,0,2,45.0,3.903
1569.3556955,6,1,1,0,1,47.0,0.0
1569.3565345,6,150,42,19,526,74.0,14793.0
1569.356751,4,2,3,0,27,48.0,65.66
1569.359929,5,1,6,1,52,51.0,128.445
1569.359958,1,1,5,1,56,50.0,124.459
1569.361821,5,1,2,0,1,48.0,0.0
1569.3627825,3,1,2,0,10,49.0,31.402
1569.362896,2,2,1,0,3,51.0,29.701
1569.363195,5,1,1,0,1,45.0,0.0
1569.3638915,6,1,3,0,7,51.0,35.992
1569.3645005,6,1,3,0,1,48.0,0.0
1569.36629,5,2,1,0,2,47.0,4.025
1569.3666765,3,1,1,0,1,45.0,0.0
1569.3668745,6,1,1,0,1,45.0,0.0
1569.3684435,6,1,1,0,1,49.0,0.0
1569.3692965,3,1,2,0,1,47.0,0.0
1569.3693045,6,1,5,0,32,49.0,41.713
1569.369308,5,1,5,0,1,49.0,0.0
1569.36931,1,1,1,0,1,46.0,0.0
1569.3704495,6,1,1,0,1,45.0,0.0
1569.373027,5,2,1,0,2,45.0,3.464
1569.3760555,6,1,5,0,5,50.0,13.94
1569.376506,1,1,5,0,20,48.0,38.404
1569.3765165,3,1,2,0,12,48.0,27.671
1569.377691,5,1,4,0,1,51.0,0.0
1569.3814055,3,1,1,0,1,45.0,0.0
1569.382257,1,1,10,2,193,48.0,207.54
1569.3832715,6,1,4,2,244,51.0,173.717
1569.3841605,3,1,2,0,1,46.0,0.0
1569.384733,4,2,2,0,5,47.0,25.464
1569.384829,1,1,1,0,1,47.0,0.0
1569.385748,5,1,8,0,19,51.0,73.631
1569.385761,1,1,6,0,1,50.0,0.0
1569.3896155,6,2,3,0,2,49.0,5.237
1569.3901145,3,1,1,0,4,45.0,7.542
1569.390143,2,1,1,0,1,50.0,0.0
1569.391148,5,1,2,0,1,48.0,0.0
1569.391159,2,1,2,0,1,51.0,0.0
1569.3911705,3,1,2,0,1,45.0,0.0
1569.3922875,6,1,2,0,5,49.0,15.032
1569.392292,1,1,2,0,1,49.0,0.0
1569.3925915,3,1,1,0,1,45.0,0.0
1569.392618,2,1,1,0,1,50.0,0.0
1569.393193,1,1,8,1,59,51.0,149.225
1569.3931935,3,1,1,0,34,46.0,27.037
1569.3942245,6,1,3,1,97,49.0,76.565
1569.3958505,6,1,4,0,40,49.0,85.381
1569.3959515,3,1,1,0,1,45.0,0.0
1569.396197,2,1,1,0,1,50.0,0.0
1569.3965355,6,1,7,1,59,49.0,144.054
1569.3972865,6,1,5,0,82,49.0,68.254
1569.397379,5,1,1,0,1,45.0,0.0
1569.3979365,6,1,2,0,7,48.0,21.567
1569.3994025,6,1,3,0,24,50.0,70.952
1569.4001365,6,2,2,0,7,51.0,32.879
1569.400721,5,2,4,0,6,49.0,31.915
1569.40078,1,1,3,0,1,47.0,0.0
1569.4007855,3,1,2,0,5,51.0,27.979
1569.4018515,6,1,2,0,1,46.0,0.0
1569.402101,1,1,10,1,63,51.0,159.223
1569.4021295,3,2,4,0,19,47.0,40.104
1569.4025295,6,1,3,0,10,51.0,44.02
1569.40276,5,1,2,0,1,47.0,0.0
1569.4032495,6,1,3,0,24,49.0,58.118
1569.405449,5,1,2,0,1,49.0,0.0
1569.406706,5,1,1,0,1,45.0,0.0
1569.408027,1,1,4,0,1,48.0,0.0
1569.4080465,3,2,2,0,19,49.0,32.274
1569.4086395,3,1,1,0,1,45.0,0.0
1569.409687,4,1,1,0,8,46.0,16.329
1569.4107985,6,1,5,1,176,48.0,97.876
1569.411285,1,1,1,0,1,47.0,0.0
1569.4116055,6,1,3,0,14,51.0,47.509
1569.413882,1,4,3,0,5,50.0,23.548
1569.414853,1,1,1,0,1,45.0,0.0
1569.4151585,3,2,3,0,17,51.0,68.353
1569.415215,5,4,2,0,5,49.0,32.397
1569.415549,1,1,2,0,5,49.0,14.219
1569.4161785,3,1,2,0,5,51.0,32.27
1569.4167965,6,1,2,0,1,48.0,0.0
1569.4176905,6,1,3,0,67,50.0,43.86
1569.4184545,3,1,1,0,1,46.0,0.0
1569.4204225,6,1,2,0,1,47.0,0.0
1569.4212315,3,1,1,0,1,45.0,0.0
1569.4224775,3,1,1,0,1,45.0,0.0
1569.422486,5,2,2,0,5,46.0,15.618
1569.4226705,6,2,2,0,7,50.0,47.597
1569.4258595,3,1,7,2,167,48.0,189.583
1569.4266005,3,1,2,0,9,47.0,22.934
1569.426878,1,3,1,0,4,46.0,14.731
1569.4274045,6,15,24,9,136,69.0,6773.0
1569.42921,1,1,1,0,7,47.0,13.404
1569.429972,5,3,3,0,8,50.0,55.972
1569.4301035,3,1,1,0,1,45.0,0.0
1569.431036,5,1,2,0,1,45.0,0.0
1569.4314725,3,1,3,0,16,49.0,47.871
1569.431518,1,2,4,0,21,48.0,31.961
1569.432622,1,1,7,1,78,49.0,129.778
1569.432631,5,1,3,0,1,49.0,0.0
1569.4326515,3,1,2,0,5,51.0,25.265
1569.4338205,3,1,1,0,1,45.0,0.0
1569.436698,5,1,13,2,163,51.0,299.546
1569.4367775,3,2,7,1,101,49.0,193.344
1569.437943,5,2,2,0,2,46.0,3.933
1569.439007,5,2,4,0,5,49.0,25.039
1569.441494,1,2,10,1,77,49.0,180.312
1569.442217,5,31,13,1,99,51.0,223.986
1569.4430635,3,2,7,2,136,49.0,200.896
1569.44315,2,1,1,0,1,51.0,0.0
1569.44318,1,1,2,0,13,48.0,25.509
1569.443979,1,1,4,0,63,50.0,51.629
1569.444229,5,1,1,0,1,45.0,0.0
1569.4447135,3,1,3,0,17,51.0,51.393
1569.44472,2,1,1,0,1,51.0,0.0
1569.445808,5,1,4,0,6,51.0,31.318
1569.446896,1,1,1,0,1,45.0,0.0
1569.4474445,6,1,2,0,1,47.0,0.0
1569.4480925,6,1,4,0,22,46.0,33.916
1569.4496295,6,1,2,0,5,47.0,10.815
1569.4508675,6,5,3,0,6,51.0,22.589
1569.4514895,6,1,1,0,1,45.0,0.0
1569.452622,5,2,6,0,23,50.0,82.664
1569.4527265,6,2,4,2,191,50.0,179.078
1569.4529035,3,1,1,0,5,45.0,8.702
1569.452942,1,1,1,0,1,45.0,0.0
1569.4534855,6,1,2,0,13,48.0,31.175
1569.4540535,6,2,3,0,40,49.0,56.764
1569.4556935,6,1,5,1,89,51.0,89.359
1569.456506,5,1,3,0,1,48.0,0.0
1569.45651,1,2,8,1,59,51.0,182.027
1569.4576155,3,1,2,0,4,48.0,12.466
1569.45909,1,1,4,0,27,48.0,45.151
1569.4591165,3,1,2,0,5,47.0,12.609
1569.4600835,6,1,1,0,1,50.0,0.0
1569.461349,5,2,1,0,2,48.0,11.061
1569.461971,1,1,2,0,1,48.0,0.0
1569.4619965,3,1,1,0,1,45.0,0.0
1569.462254,5,2,2,0,3,48.0,13.738
1569.4639785,3,1,5,0,26,50.0,66.675
1569.463989,1,1,5,0,45,51.0,118.457
1569.464537,1,1,5,0,45,47.0,71.296
1569.464541,5,1,3,0,1,47.0,0.0
1569.4660655,6,2,2,0,2,47.0,4.055
1569.4666165,3,2,1,0,2,45.0,4.273
1569.466621,5,1,2,1,99,47.0,121.055
1569.4671405,3,1,4,0,41,49.0,79.052
1569.467159,1,1,3,0,30,51.0,72.15
1569.467197,2,1,1,0,1,50.0,0.0
1569.4685215,3,2,4,0,10,49.0,44.915
1569.468554,5,1,2,0,1,46.0,0.0
1569.4691485,6,2,3,0,2,50.0,26.198
1569.469357,5,1,1,0,1,47.0,0.0
1569.4705925,6,1,2,0,1,47.0,0.0
1569.4711245,6,2,3,0,72,51.0,97.77
1569.472441,5,2,3,0,2,50.0,5.237
1569.4730685,6,2,3,0,3,50.0,9.93
1569.474427,5,1,1,0,1,46.0,0.0
1569.4744525,3,1,2,0,42,48.0,47.126
1569.4761365,6,2,4,0,58,51.0,100.72
1569.476137,1,1,1,0,1,45.0,0.0
1569.4775235,6,2,2,0,6,47.0,17.087
1569.4779375,3,1,1,0,1,46.0,0.0
1569.477938,1,1,5,0,32,50.0,66.791
1569.4785375,6,1,1,0,1,45.0,0.0
1569.4794095,6,1,3,0,14,50.0,38.224
1569.479468,1,1,3,0,1,47.0,0.0
1569.4799245,6,6,20,10,284,72.0,9332.0
1569.479955,5,2,8,1,99,51.0,244.9
1569.4823305,3,1,7,1,122,50.0,176.322
1569.482979,5,2,3,0,5,50.0,35.678
1569.4829795,3,1,3,0,1,46.0,0.0
1569.483305,1,1,4,0,26,48.0,59.053
1569.483662,5,2,1,0,3,48.0,12.234
1569.4840085,6,1,5,0,1,49.0,0.0
1569.484296,5,1,4,1,95,50.0,152.935
1569.485013,1,1,3,0,4,46.0,10.461
1569.4856785,6,1,1,0,1,45.0,0.0
1569.4867905,3,1,1,0,1,45.0,0.0
1569.4868615,6,210,38,21,449,70.0,15829.0
1569.487112,4,2,3,0,3,49.0,12.13
1569.4873015,3,1,4,0,27,47.0,48.561
1569.4887265,6,1,1,0,1,45.0,0.0
1569.4894035,6,1,1,0,1,46.0,0.0
1569.4930455,3,1,5,1,73,50.0,129.531
1569.494609,5,2,4,0,5,49.0,31.436
1569.494915,1,1,1,0,1,45.0,0.0
1569.4949315,3,1,1,0,1,45.0,0.0
1569.495703,5,2,4,0,2,47.0,5.064
1569.4957135,3,1,2,0,34,49.0,56.878
1569.4967115,3,1,1,0,1,45.0,0.0
1569.4972565,3,1,3,1,93,50.0,94.0
1569.497826,1,2,2,0,5,48.0,14.423
1569.4980415,6,1,3,1,199,50.0,106.93
1569.4996285,3,1,1,0,1,45.0,0.0
1569.499761,5,2,1,0,2,45.0,4.562
1569.5003065,6,1,3,0,11,46.0,15.074
1569.50033,1,1,1,0,1,45.0,0.0
1569.50096,1,1,5,0,9,50.0,20.709
1569.5009815,3,1,4,0,31,51.0,108.417
1569.50172,5,1,4,0,1,50.0,0.0
1569.5029425,6,1,3,0,20,50.0,69.343
1569.5032645,3,1,3,0,1,45.0,0.0
1569.503302,2,1,3,0,1,51.0,0.0
1569.507156,5,1,1,0,1,45.0,0.0
1569.5074795,6,2,3,0,6,49.0,15.541
1569.5080185,6,1,3,0,7,50.0,24.826
1569.509026,2,1,1,0,1,50.0,0.0
1569.5107,1,1,2,0,1,50.0,0.0
1569.5108995,6,1,1,0,5,50.0,18.351
1569.5116505,6,1,3,0,12,51.0,45.808
1569.511943,1,2,2,0,2,49.0,6.726
1569.5119535,3,1,1,0,1,45.0,0.0
1569.5135445,6,1,3,0,24,49.0,47.923
1569.5147065,3,1,4,0,25,50.0,41.822
1569.5148395,6,1,1,0,1,46.0,0.0
1569.517594,5,2,3,0,23,51.0,65.996
1569.5182745,3,1,1,0,1,45.0,0.0
1569.518521,5,2,1,0,2,45.0,3.352
1569.520053,5,1,6,0,18,48.0,36.996
1569.5200625,3,1,3,0,18,47.0,20.619
1569.520171,1,2,2,0,2,48.0,5.342
1569.5206205,3,1,1,0,1,45.0,0.0
1569.520625,5,1,2,0,19,47.0,30.39
1569.5214695,6,23,38,21,359,76.0,22448.0
1569.521509,4,1,2,0,16,49.0,31.269
1569.522404,1,1,2,0,1,47.0,0.0
1569.525333,1,1,1,0,1,45.0,0.0
1569.527146,5,1,5,1,51,51.0,142.31
1569.5281135,3,1,2,0,22,48.0,34.235
1569.528135,1,1,2,0,1,49.0,0.0
1569.528676,1,2,6,0,44,49.0,71.838
1569.5287095,3,1,1,0,18,48.0,17.795
1569.528739,5,1,1,0,1,45.0,0.0
1569.530756,5,7,3,0,8,48.0,34.549
1569.5312095,3,1,1,0,1,45.0,0.0
1569.531306,1,1,1,0,1,45.0,0.0
1569.5317415,6,1,2,0,57,48.0,42.294
1569.5323995,6,82,4,1,87,50.0,112.701
1569.5340795,6,1,1,0,1,45.0,0.0
1569.5347975,6,1,3,0,1,49.0,0.0
1569.5361875,6,8,3,0,16,49.0,47.25
1569.536464,5,1,2,0,1,48.0,0.0
1569.5389795,6,1,1,0,1,48.0,0.0
1569.5395225,6,2,5,0,66,50.0,107.229
1569.540266,1,1,1,0,1,45.0,0.0
1569.541031,1,1,3,0,55,49.0,72.929
1569.5410555,3,1,3,0,34,48.0,46.15
1569.541703,1,4,4,0,9,49.0,45.462
1569.5421055,3,1,1,0,1,45.0,0.0
1569.54256,5,1,3,0,1,47.0,0.0
1569.542571,1,1,3,0,53,47.0,47.83
1569.5431815,6,2,1,0,3,50.0,11.732
1569.543594,2,1,1,0,1,51.0,0.0
1569.5436035,3,1,1,0,1,45.0,0.0
1569.543628,1,1,5,0,37,50.0,82.366
1569.543653,5,1,1,0,1,45.0,0.0
1569.5443405,3,1,2,0,14,47.0,28.066
1569.544397,1,2,1,0,3,47.0,9.051
1569.544706,5,1,1,0,1,46.0,0.0
1569.5453655,3,1,1,0,1,45.0,0.0
1569.545845,5,1,1,0,1,48.0,0.0
1569.5459225,6,1,4,0,4,50.0,21.411
1569.546492,5,2,2,0,2,46.0,4.66
1569.5480515,6,1,2,0,1,46.0,0.0
1569.5486455,6,1,2,0,1,46.0,0.0
1569.5498725,3,1,9,2,110,51.0,263.246
1569.551361,1,6,2,0,7,50.0,35.013
1569.5518195,3,1,2,0,63,48.0,62.494
1569.5518905,6,1,4,0,10,49.0,28.693
1569.552162,1,1,2,0,1,47.0,0.0
1569.5525635,3,1,2,0,62,50.0,39.468
1569.5533125,3,2,1,0,6,47.0,17.914
1569.553323,1,1,1,0,1,46.0,0.0
1569.5538755,6,1,2,0,1,51.0,0.0
1569.5547565,3,1,3,1,226,51.0,108.568
1569.5568005,6,2,1,0,24,49.0,42.269
1569.55753,1,44,8,1,57,51.0,162.07
1569.5596525,6,1,3,0,7,49.0,28.684
1569.560078,1,2,1,0,3,46.0,8.141
1569.5605235,6,1,1,0,1,48.0,0.0
1569.5611415,3,1,1,0,1,45.0,0.0
1569.5627305,6,1,3,0,10,50.0,32.651
1569.5633035,6,1,3,0,14,48.0,17.432
1569.5660455,6,1,9,3,287,50.0,245.937
1569.5671535,6,1,4,1,169,50.0,102.462
1569.5678355,6,1,1,0,1,45.0,0.0
1569.568967,1,12,3,0,13,49.0,31.558
1569.5689815,3,1,3,0,4,49.0,13.452
1569.568985,5,2,5,1,56,48.0,124.313
1569.5695855,3,1,1,0,1,45.0,0.0
1569.5710525,3,1,1,0,4,46.0,7.966
1569.5717115,6,1,1,0,1,45.0,0.0
1569.572872,1,1,1,0,1,45.0,0.0
1569.573861,1,1,4,0,71,48.0,69.16
1569.576511,1,1,6,1,124,48.0,123.993
1569.576511,5,1,3,0,1,49.0,0.0
1569.5765205,3,1,3,0,15,49.0,42.321
1569.5779875,6,2,2,0,2,47.0,3.55
1569.5786865,6,1,2,0,16,50.0,37.261
1569.5791685,3,1,8,0,31,50.0,82.615
1569.579778,5,1,9,1,72,49.0,152.724
1569.5811105,6,3,19,13,149,72.0,14322.0
1569.582949,1,1,3,0,1,46.0,0.0
1569.5844145,3,1,1,0,5,48.0,16.826
1569.584417,5,2,3,0,3,50.0,17.749
1569.5850885,3,1,3,0,13,51.0,54.289
1569.58509,1,1,4,0,4,51.0,17.5
1569.5856575,3,1,3,0,19,50.0,47.142
1569.586203,2,1,1,0,1,51.0,0.0
1569.5862135,3,1,3,0,1,47.0,0.0
1569.586222,1,1,6,1,73,50.0,115.048
1569.589936,5,2,2,0,3,47.0,9.777
1569.590225,1,1,7,0,6,50.0,27.186
1569.5902335,3,2,1,0,2,45.0,3.213
1569.5905705,6,10,16,9,144,69.0,6470.0
1569.590627,5,1,3,0,1,51.0,0.0
1569.591746,1,1,2,0,1,48.0,0.0
1569.593181,5,1,1,0,1,45.0,0.0
1569.593795,5,2,1,0,3,50.0,16.973
1569.593813,1,1,1,0,1,45.0,0.0
1569.5938265,3,1,3,0,1,48.0,0.0
1569.5954605,6,1,3,0,4,51.0,11.798
1569.595575,5,2,4,0,41,51.0,87.589
1569.5959825,6,120,45,19,1207,69.0,7401.0
1569.596144,5,15,3,0,33,51.0,113.406
1569.59668,5,2,4,0,3,47.0,9.007
1569.5966985,3,1,1,0,1,45.0,0.0
1569.596714,1,1,3,0,60,46.0,46.915
1569.5979665,6,1,2,0,1,45.0,0.0
1569.599282,1,1,1,0,1,46.0,0.0
1569.5992905,6,1,7,0,28,48.0,47.106
1569.599854,5,2,2,0,3,48.0,8.081
1569.6000685,3,1,1,0,1,45.0,0.0
1569.6010965,3,1,2,0,1,45.0,0.0
1569.601131,5,2,5,0,2,51.0,11.214
1569.601772,1,1,1,0,1,45.0,0.0
1569.602466,5,1,1,0,1,48.0,0.0
1569.6041045,6,1,2,0,1,47.0,0.0
1569.6047885,6,1,2,0,4,51.0,28.944
1569.6053095,6,1,3,0,72,48.0,44.396
1569.6059015,6,496,66,46,662,79.0,83131.0
1569.606461,4,1,1,0,1,45.0,0.0
1569.606585,2,1,1,0,1,50.0,0.0
1569.606624,1,1,2,0,1,48.0,0.0
1569.6070855,6,1,3,0,1,49.0,0.0
1569.607712,5,1,1,0,1,45.0,0.0
1569.6080245,3,1,1,0,1,45.0,0.0
1569.6087845,6,1,4,1,75,51.0,105.91
1569.6095455,6,1,5,0,30,50.0,99.369
1569.6100758,6,301,31,14,687,72.0,8463.0
1569.612475,1,1,1,0,1,45.0,0.0
1569.6132385,3,1,2,0,13,51.0,41.064
1569.613242,1,1,2,0,1,45.0,0.0
1569.6147715,3,1,4,0,64,50.0,75.828
1569.61534,1,1,2,0,1,45.0,0.0
1569.6154415,3,1,1,0,1,45.0,0.0
1569.615977,5,2,3,0,7,49.0,28.586
1569.6162235,3,1,2,0,17,45.0,22.971
1569.618518,5,2,1,0,2,45.0,4.025
1569.618783,1,1,2,0,1,50.0,0.0
1569.6194785,3,1,3,0,4,49.0,14.601
1569.61952,2,1,2,0,1,51.0,0.0
1569.6201115,3,1,2,0,25,48.0,33.264
1569.6201165,6,1,9,3,374,50.0,317.033
1569.620138,1,2,2,0,2,46.0,5.201
1569.621034,1,1,2,0,1,49.0,0.0
1569.6211785,6,3,1,0,4,47.0,12.758
1569.6217075,6,1,3,0,7,49.0,29.704
1569.622005,1,1,4,1,125,48.0,93.1
1569.6221275,3,1,1,0,1,45.0,0.0
1569.622367,5,8,29,11,146,71.0,9217.0
1569.622373,2,4,27,17,200,71.0,13910.0
1569.622389,4,1,3,0,42,47.0,52.55
1569.622833,1,85,9,1,118,51.0,193.469
1569.6228455,3,2,4,1,92,48.0,112.648
1569.625845,1,1,2,0,7,48.0,25.73
1569.626853,5,4,6,0,7,50.0,33.033
1569.626916,1,2,6,1,59,50.0,111.64
1569.6313005,6,7,58,46,869,83.0,96620.0
1569.6326695,3,1,1,0,1,46.0,0.0
1569.632704,5,1,1,0,1,47.0,0.0
1569.6328075,6,1,2,0,1,47.0,0.0
1569.6333545,6,555,50,24,845,77.0,22601.0
1569.633509,5,1,3,0,1,46.0,0.0
1569.633583,1,1,1,0,1,47.0,0.0
1569.63577,5,1,2,0,30,47.0,48.412
1569.6357705,3,1,2,0,1,45.0,0.0
1569.635777,1,1,3,0,1,48.0,0.0
1569.636515,1,1,4,0,1,49.0,0.0
1569.6365185,3,1,2,0,11,46.0,15.438
1569.637088,4,1,2,0,1,47.0,0.0
1569.637747,5,2,6,0,3,51.0,16.973
1569.6379355,3,1,13,3,222,51.0,328.567
1569.6390925,3,1,2,0,1,49.0,0.0
1569.639906,1,1,1,0,1,46.0,0.0
1569.641344,5,2,1,0,2,46.0,19.238
1569.6413615,6,1,5,0,24,48.0,38.535
1569.643045,5,1,1,0,1,49.0,0.0
1569.644406,1,1,5,0,23,48.0,29.628
1569.644419,5,1,2,0,1,46.0,0.0
1569.644926,5,3,2,0,6,51.0,49.673
1569.645712,1,1,5,0,12,50.0,45.271
1569.6483535,6,1,3,0,11,46.0,13.674
1569.648894,1,1,5,0,1,50.0,0.0
1569.648896,2,1,1,0,1,50.0,0.0
1569.6489055,3,2,3,0,31,49.0,58.508
1569.6496928,6,1,3,0,5,50.0,23.848
1569.6501105,3,1,1,0,1,45.0,0.0
1569.650879,1,1,1,0,1,45.0,0.0
1569.65198,1,1,6,1,93,51.0,167.474
1569.6520045,3,1,2,0,1,46.0,0.0
1569.652027,5,1,2,0,13,51.0,54.749
1569.652613,1,1,2,0,42,47.0,29.11
1569.6548385,6,1,7,1,49,50.0,152.093
1569.6553935,6,219,25,10,516,69.0,4073.0
1569.6574105,3,1,2,0,6,46.0,12.863
1569.6583115,3,1,1,0,1,45.0,0.0
1569.6589345,6,1,4,0,24,48.0,29.104
1569.65932,4,1,2,0,1,48.0,0.0
1569.6594695,6,1,5,0,49,49.0,96.356
1569.660049,2,1,2,0,1,50.0,0.0
1569.660053,5,1,1,0,1,46.0,0.0
1569.6609165,6,64,17,11,182,73.0,13901.0
1569.661023,1,1,1,0,1,45.0,0.0
1569.6620385,3,1,1,0,1,47.0,0.0
1569.662983,1,6,4,0,13,50.0,47.526
1569.6633595,6,1,5,2,213,51.0,156.085
1569.6642425,6,1,2,0,1,45.0,0.0
1569.6648445,6,5,79,31,1013,70.0,12225.0
1569.6668665,3,1,1,0,6,45.0,10.005
1569.666897,1,1,3,0,1,49.0,0.0
1569.6674425,6,1,3,0,4,51.0,19.074
1569.668025,1,1,1,0,1,47.0,0.0
1569.6691355,3,1,4,1,153,50.0,175.225
1569.669205,2,1,3,0,1,51.0,0.0
1569.6701735,6,1,1,0,4,49.0,14.142
1569.670649,4,1,1,0,1,45.0,0.0
1569.6715685,6,15,43,20,416,72.0,14006.0
1569.6723575,3,2,7,0,42,49.0,120.09
1569.6729435,3,1,1,0,4,50.0,16.508
1569.6735435,3,1,1,0,1,45.0,0.0
1569.6740447,3,1,1,0,1,45.0,0.0
1569.6747005,3,1,6,1,82,51.0,227.13
1569.674732,1,21,3,0,22,51.0,69.482
1569.67477,2,1,1,0,1,50.0,0.0
1569.6754615,3,1,1,0,1,45.0,0.0
1569.676033,5,1,13,3,199,50.0,341.173
1569.6762455,6,1,6,2,251,50.0,225.187
1569.6770555,6,2,3,0,69,47.0,78.804
1569.6777745,3,2,3,0,24,48.0,41.255
1569.677784,5,1,5,0,1,51.0,0.0
1569.6787935,3,1,2,0,1,48.0,0.0
1569.678794,1,1,10,1,157,48.0,145.739
1569.6810798,6,1,6,0,29,51.0,92.639
1569.6816295,3,1,2,0,32,49.0,46.614
1569.68164,1,2,4,0,16,50.0,66.316
1569.681642,5,1,2,0,1,48.0,0.0
1569.6836525,6,1,2,0,1,45.0,0.0
1569.6841995,6,1,1,0,1,47.0,0.0
1569.685287,1,2,3,0,7,50.0,36.49
1569.6853975,6,1,2,0,1,45.0,0.0
1569.686291,1,2,1,0,2,46.0,3.903
1569.6872305,6,1,3,0,143,48.0,48.539
1569.689082,1,1,5,1,65,51.0,120.057
1569.690066,5,1,5,0,28,50.0,81.935
1569.6928365,6,1,3,0,4,50.0,19.736
1569.6946245,6,2,3,0,5,49.0,33.212
1569.6951495,6,1,1,0,1,47.0,0.0
1569.6961205,6,331,22,10,552,70.0,5125.0
1569.6964995,3,1,2,0,6,47.0,12.684
1569.697797,5,1,3,0,11,48.0,21.376
1569.6978365,3,2,2,0,6,47.0,16.386
1569.697839,1,1,4,0,33,50.0,83.247
1569.701571,5,1,1,0,5,49.0,19.879
1569.702199,5,1,4,0,8,47.0,18.324
1569.7021995,3,1,2,0,11,48.0,29.643
1569.7033275,6,2,3,0,2,49.0,4.025
1569.7035695,3,1,3,0,37,47.0,52.213
1569.7039415,6,302,44,20,700,73.0,12595.0
1569.704257,4,1,1,0,1,45.0,0.0
1569.705795,1,1,2,0,12,49.0,33.77
1569.7065145,3,1,4,0,21,50.0,51.95
1569.70815,5,2,3,0,26,50.0,76.55
1569.7085095,6,66,16,9,237,72.0,8582.0
1569.709339,1,1,3,1,98,48.0,78.749
1569.7093595,3,1,4,0,28,46.0,50.986
1569.7100255,6,123,10,4,177,70.0,3278.0
1569.7113905,6,1,2,0,1,49.0,0.0
1569.711508,5,1,1,0,1,45.0,0.0
1569.7119925,3,1,1,0,5,47.0,9.519
1569.711994,1,1,1,0,1,45.0,0.0
1569.712507,1,1,1,0,1,47.0,0.0
1569.7143465,6,910,79,29,1209,70.0,10481.0
1569.714423,5,1,2,0,6,51.0,21.352
1569.7144445,3,2,2,0,6,47.0,18.368
1569.715996,1,1,7,2,187,51.0,246.24
1569.717018,1,3,9,1,59,50.0,190.721
1569.7170585,3,1,3,0,25,51.0,60.599
1569.717763,5,1,4,1,104,49.0,111.627
1569.718395,5,1,1,0,1,49.0,0.0
1569.7185395,6,1,2,0,7,49.0,22.11
1569.7191285,3,1,3,0,48,50.0,87.362
1569.719151,1,2,4,0,30,48.0,60.394
1569.71917,2,1,1,0,1,51.0,0.0
1569.7207485,3,1,10,1,83,51.0,206.388
1569.721564,1,1,3,0,1,47.0,0.0
1569.72172,5,1,2,0,1,46.0,0.0
1569.7217475,3,1,1,0,1,45.0,0.0
1569.7225905,6,1,2,0,4,45.0,7.341
1569.723049,1,75,46,32,429,75.0,31091.0
1569.723118,2,78,38,29,240,71.0,28074.0
1569.7231205,3,10,37,25,363,72.0,23425.0
1569.7231215,6,29,66,35,685,71.0,23449.0
1569.725167,5,1,4,0,5,49.0,13.979
1569.725195,1,1,1,0,1,45.0,0.0
1569.725212,2,1,2,0,1,51.0,0.0
1569.725929,5,2,2,0,29,49.0,62.787
1569.7259325,3,1,1,0,1,45.0,0.0
1569.7264365,3,5,6,0,26,51.0,103.144
1569.727306,1,1,8,1,167,48.0,137.282
1569.7274745,3,1,1,0,1,45.0,0.0
1569.727984,1,2,2,0,2,51.0,22.657
1569.7287555,3,1,4,0,54,49.0,81.794
1569.7295975,6,1,2,0,99,48.0,46.179
1569.730428,5,1,1,0,1,45.0,0.0
1569.7309625,6,1,3,0,17,50.0,58.957
1569.7314865,6,1,4,0,17,49.0,36.805
1569.731493,1,1,3,0,7,48.0,21.027
1569.7319845,3,1,1,0,1,45.0,0.0
1569.732002,1,2,2,0,8,50.0,36.297
1569.7327275,3,1,7,1,48,51.0,134.117
1569.7338765,3,1,2,0,15,47.0,36.278
1569.733912,1,1,7,0,36,49.0,73.212
1569.7360745,6,1,7,3,287,51.0,262.487
1569.736225,5,1,6,0,18,50.0,63.364
1569.736756,1,1,6,0,4,48.0,8.912
1569.7381225,6,2,2,0,5,49.0,19.666
1569.739297,1,1,1,0,1,45.0,0.0
1569.7394375,6,272,46,19,534,70.0,11332.0
1569.739806,1,1,5,1,68,51.0,144.82
1569.740892,1,1,1,0,1,45.0,0.0
1569.74101,5,127,8,2,156,51.0,231.842
1569.7411265,3,1,2,0,1,47.0,0.0
1569.741552,1,1,5,0,1,51.0,0.0
1569.7421425,3,1,2,0,4,46.0,7.437
1569.742158,1,1,2,0,1,45.0,0.0
1569.7437555,3,1,3,0,24,48.0,64.996
1569.743787,1,1,1,0,1,46.0,0.0
1569.744237,5,1,1,0,1,45.0,0.0
1569.7450665,6,403,31,13,600,72.0,6395.0
1569.7452475,3,1,1,0,1,45.0,0.0
1569.747214,1,2,4,0,11,49.0,43.78
1569.748592,5,2,3,0,3,51.0,21.757
1569.7494985,6,1,5,0,10,50.0,29.415
1569.7499235,3,1,2,0,1,46.0,0.0
1569.7506405,3,1,2,0,5,47.0,11.98
1569.750718,1,1,1,0,1,47.0,0.0
1569.7515985,3,1,3,0,1,46.0,0.0
1569.7521125,3,1,1,0,11,47.0,13.784
1569.7556935,6,1,1,0,1,46.0,0.0
1569.757045,5,1,11,0,1,51.0,0.0
1569.7570495,3,1,4,0,33,48.0,81.319
1569.75833,5,1,3,0,1,50.0,0.0
1569.758352,1,1,3,0,21,50.0,31.649
1569.7583675,3,1,2,0,55,48.0,39.214
1569.758383,2,1,2,0,1,51.0,0.0
1569.759396,1,2,5,0,43,51.0,126.074
1569.7612595,3,1,4,0,1,47.0,0.0
1569.761295,5,1,3,0,1,50.0,0.0
1569.7613285,6,1,3,1,211,48.0,107.518
1569.7622995,6,10,26,13,191,73.0,14478.0
1569.7640075,6,2,39,14,625,72.0,5868.0
1569.7654965,6,1,1,0,1,45.0,0.0
1569.765776,5,1,2,0,1,47.0,0.0
1569.7658295,3,1,2,0,1,45.0,0.0
1569.7660045,6,373,23,9,413,69.0,3934.0
1569.766165,1,1,11,2,132,51.0,231.113
1569.766296,5,1,3,1,94,48.0,77.133
1569.766804,1,1,8,0,39,50.0,121.331
1569.7670015,6,1,1,0,1,47.0,0.0
1569.7674355,3,1,1,0,1,45.0,0.0
1569.767441,1,1,4,0,1,48.0,0.0
1569.7680335,3,2,3,0,28,48.0,62.543
1569.7690615,6,1,1,0,1,47.0,0.0
1569.769656,5,1,1,0,1,48.0,0.0
1569.7698115,6,1,8,2,127,51.0,221.261
1569.769817,1,1,4,0,4,50.0,16.486
1569.7698255,3,1,1,0,1,45.0,0.0
1569.770343,5,1,4,0,1,48.0,0.0
1569.771292,1,1,3,0,1,46.0,0.0
1569.7713055,3,1,1,0,1,45.0,0.0
1569.771315,5,1,2,0,1,46.0,0.0
1569.7717965,6,2,5,1,138,50.0,75.215
1569.7726295,6,217,40,20,453,72.0,11006.0
1569.772961,4,1,1,0,14,47.0,18.006
1569.773779,1,1,1,0,1,45.0,0.0
1569.7738715,6,1,1,0,1,46.0,0.0
1569.774128,5,3,3,0,4,51.0,18.376
1569.7744655,3,1,2,1,93,51.0,107.571
1569.774506,1,2,4,0,17,50.0,59.496
1569.7768025,6,1,2,0,1,48.0,0.0
1569.7772935,3,1,1,0,1,45.0,0.0
1569.777378,5,1,1,0,1,48.0,0.0
1569.779073,1,2,1,0,2,45.0,3.352
1569.7790755,6,1,3,0,1,51.0,0.0
1569.7797435,6,549,34,18,659,75.0,14363.0
1569.7811805,6,1,4,1,165,46.0,87.358
1569.782052,1,1,2,0,1,47.0,0.0
1569.782722,1,1,10,1,88,51.0,225.199
1569.7827595,3,2,1,0,2,45.0,3.324
1569.7830895,6,2,4,0,5,51.0,28.545
1569.7839195,6,128,165,415,2436,98.0,4739000.0
1569.784051,5,39,93,153,973,86.0,400535.0
1569.784052,1,30,123,215,964,86.0,898697.0
1569.784053,4,34,43,37,357,73.0,42232.0
1569.784054,2,39,107,235,938,88.0,1059000.0
1569.7840575,3,59,79,220,1647,84.0,745516.0
1569.785653,1,1,2,0,4,48.0,10.22
1569.7871435,3,2,4,0,2,46.0,6.375
1569.789052,1,1,1,0,1,45.0,0.0
1569.789238,5,1,1,0,1,45.0,0.0
1569.7897255,6,1,2,0,1,46.0,0.0
1569.7913215,6,1,3,0,1,47.0,0.0
1569.791346,1,1,6,1,95,50.0,109.876
1569.7922615,3,29,5,0,33,49.0,79.336
1569.7928895,6,1,1,0,5,47.0,13.378
1569.7931805,3,1,3,1,146,49.0,114.0
1569.7934175,6,111,56,22,817,71.0,8919.0
1569.793783,5,2,17,3,264,51.0,447.528
1569.794771,1,1,5,1,72,51.0,119.991
1569.795235,5,2,3,0,2,45.0,3.933
1569.795544,1,1,1,0,1,45.0,0.0
1569.7968335,6,1,1,0,1,45.0,0.0
1569.79714,1,1,1,0,1,45.0,0.0
1569.7977525,6,2,2,0,2,48.0,3.241
1569.7983145,6,164,54,50,965,82.0,100394.0
1569.798476,5,16,45,23,376,71.0,15111.0
1569.798486,1,14,48,20,306,69.0,11906.0
1569.798491,2,33,32,21,243,70.0,15044.0
1569.798496,4,1,9,1,105,50.0,172.666
1569.79966,1,1,11,1,62,51.0,216.024
1569.799686,5,1,4,0,1,48.0,0.0
1569.8001868,5,1,4,0,23,50.0,66.953
1569.80023,1,1,3,0,1,49.0,0.0
1569.802464,2,1,2,0,1,51.0,0.0
1569.8024795,6,1,3,1,101,50.0,94.493
1569.802933,5,2,1,0,3,46.0,9.5
1569.804078,5,1,3,0,64,48.0,81.714
1569.804094,1,1,6,0,39,50.0,89.793
1569.8041135,3,2,3,0,16,48.0,41.929
1569.8041455,6,1,2,0,1,49.0,0.0
1569.8046705,6,2,6,0,8,48.0,26.558
1569.804777,1,1,5,0,22,48.0,42.428
1569.8051405,3,1,1,0,1,45.0,0.0
1569.8053145,6,1,3,0,4,49.0,12.428
1569.8074025,6,1,5,0,5,47.0,7.999
1569.808482,1,4,3,0,5,50.0,45.027
1569.808599,5,3,6,0,4,50.0,19.355
1569.8087235,3,1,2,0,1,48.0,0.0
1569.808942,4,1,1,0,1,45.0,0.0
1569.80988,5,1,5,1,45,51.0,140.398
1569.8099135,3,1,2,0,6,50.0,30.45
1569.809918,1,1,3,0,18,47.0,36.082
1569.8110105,6,1,1,0,1,46.0,0.0
1569.811304,1,1,2,0,5,46.0,11.89
1569.811989,1,1,3,0,1,47.0,0.0
1569.8124905,6,217,55,32,838,74.0,29004.0
1569.8138715,6,1,6,1,151,48.0,97.171
1569.81485,5,1,4,0,13,50.0,51.518
1569.814877,1,1,3,0,10,50.0,44.911
1569.8148845,6,1,1,0,25,46.0,16.917
1569.8160135,3,2,2,1,143,47.0,86.177
1569.8167825,6,1,6,2,172,51.0,185.622
1569.817572,5,1,1,0,1,48.0,0.0
1569.818181,1,1,1,0,1,45.0,0.0
1569.8185015,3,1,1,0,1,45.0,0.0
1569.818922,1,1,4,0,50,49.0,53.451
1569.8194875,3,1,5,1,55,50.0,146.964
1569.819561,5,1,2,0,1,47.0,0.0
1569.820321,4,2,2,0,2,50.0,3.784
1569.8210025,6,1,2,0,4,48.0,11.271
1569.821452,5,2,4,0,28,48.0,50.746
1569.821493,2,1,1,0,1,50.0,0.0
1569.8215225,6,1,9,2,164,51.0,237.716
1569.822386,5,1,1,0,1,49.0,0.0
1569.8230625,6,1,4,0,13,49.0,46.662
1569.824108,5,1,1,0,1,45.0,0.0
1569.825726,1,1,6,1,67,50.0,128.487
1569.826296,1,3,10,1,65,49.0,238.363
1569.826879,5,2,2,0,2,50.0,7.374
1569.827038,1,1,4,1,155,49.0,102.149
1569.8271725,3,1,1,0,1,45.0,0.0
1569.827542,5,2,4,0,2,51.0,19.038
1569.8289675,6,1,2,0,22,50.0,32.628
1569.830626,1,1,14,3,260,51.0,378.489
1569.8307655,3,1,5,0,41,51.0,122.815
1569.830856,2,1,1,0,1,50.0,0.0
1569.8318945,3,1,4,1,72,50.0,90.015
1569.832536,5,1,3,0,1,51.0,0.0
1569.833967,1,1,3,0,23,48.0,40.343
1569.8339815,3,1,1,0,1,45.0,0.0
1569.835717,5,1,2,0,1,45.0,0.0
1569.835731,1,1,4,1,166,50.0,110.233
1569.8357415,3,1,2,0,6,50.0,29.171
1569.836811,5,1,2,0,1,46.0,0.0
1569.837573,1,1,3,0,4,47.0,8.372
1569.840257,5,1,2,0,1,46.0,0.0
1569.840674,1,78,10,1,109,51.0,192.949
1569.841365,2,1,1,0,6,50.0,37.38
1569.8419565,6,1,3,0,79,47.0,70.572
1569.842486,5,2,3,0,8,51.0,48.267
1569.8427955,3,1,10,2,231,51.0,255.366
1569.843068,2,1,2,0,1,51.0,0.0
1569.843379,5,1,5,0,24,50.0,65.417
1569.844148,5,1,2,0,1,47.0,0.0
1569.844747,1,1,1,0,1,45.0,0.0
1569.8450885,3,1,7,1,68,51.0,165.557
1569.845689,1,1,3,0,71,50.0,75.209
1569.8457455,3,2,2,0,2,46.0,7.006
1569.8464295,3,1,3,0,26,50.0,52.327
1569.846438,1,1,9,1,66,51.0,217.999
1569.8470625,6,1,4,0,46,46.0,39.657
1569.847707,1,2,3,0,21,51.0,78.053
1569.848045,5,20,9,1,71,49.0,115.961
1569.8487925,3,1,1,0,5,48.0,12.838
1569.8490398,6,853,79,45,1188,76.0,40708.0
1569.849921,4,2,1,0,3,45.0,9.9
1569.850136,5,1,1,0,14,45.0,12.513
1569.850709,5,2,7,1,62,50.0,126.071
1569.8507255,3,1,3,0,9,51.0,41.486
1569.8507625,6,3,5,1,79,50.0,125.085
1569.8514875,6,1,2,0,1,47.0,0.0
1569.8547155,3,1,2,0,15,47.0,22.809
1569.854741,1,1,2,0,1,45.0,0.0
1569.855256,5,157,38,15,378,71.0,10712.0
1569.855414,4,2,3,0,2,49.0,4.025
1569.856769,2,1,1,0,1,50.0,0.0
1569.8590865,6,112,49,31,469,70.0,23438.0
1569.859169,5,9,50,26,317,75.0,28834.0
1569.85918,2,26,37,26,288,72.0,20394.0
1569.8606525,6,1,1,0,1,46.0,0.0
1569.861699,1,64,13,1,65,51.0,291.41
1569.8617465,3,1,2,0,6,48.0,17.868
1569.8627368,6,697,67,33,993,74.0,24021.0
1569.863458,4,1,3,0,17,51.0,34.71
1569.8643935,3,1,7,1,72,51.0,158.983
1569.864399,5,1,10,0,36,50.0,83.176
1569.864401,1,2,14,4,291,51.0,424.556
1569.8653845,6,1,1,0,1,47.0,0.0
1569.865848,1,1,14,2,99,51.0,295.277
1569.8658785,3,1,4,0,16,49.0,50.463
1569.8672065,6,17,30,18,305,71.0,13771.0
1569.8680155,6,2,4,0,5,51.0,21.198
1569.8691035,3,2,2,0,16,46.0,25.301
1569.869148,5,7,4,0,13,48.0,48.753
1569.870303,5,1,1,0,1,45.0,0.0
1569.870902,1,12,52,24,362,74.0,20173.0
1569.871919,5,1,1,0,1,45.0,0.0
1569.8730665,3,1,2,1,183,50.0,68.968
1569.873549,1,2,5,1,74,51.0,148.795
1569.874586,1,2,6,0,25,51.0,102.742
1569.8750105,3,1,8,1,98,49.0,181.746
1569.8752805,6,318,36,13,663,69.0,4847.0
1569.875996,5,1,4,0,1,51.0,0.0
1569.8764745,6,1,2,0,1,48.0,0.0
1569.8769835,6,1,8,0,16,50.0,39.377
1569.877418,1,1,10,1,84,51.0,224.373
1569.8783575,3,1,7,1,44,50.0,150.906
1569.878363,5,1,9,0,51,50.0,111.784
1569.8809405,6,2,2,0,2,47.0,7.047
1569.88129,1,1,4,0,16,48.0,35.471
1569.8814865,6,8,19,7,135,71.0,5748.0
1569.8815055,3,1,4,0,34,51.0,102.769
1569.884703,1,1,2,0,1,46.0,0.0
1569.885462,1,1,1,0,1,45.0,0.0
1569.886038,1,1,5,0,38,51.0,147.885
1569.8860495,3,2,5,0,45,48.0,102.396
1569.8864595,6,50,35,27,252,78.0,47389.0
1569.8872308,1,1,6,0,9,50.0,43.213
1569.8873965,3,2,3,0,3,51.0,17.835
1569.887778,5,40,7,1,53,51.0,155.553
1569.8897845,6,1,1,0,1,45.0,0.0
1569.890455,5,5,27,13,194,73.0,13190.0
1569.8920965,3,1,4,1,191,47.0,118.694
1569.892299,2,1,3,0,1,50.0,0.0
1569.8931935,6,1,4,0,1,48.0,0.0
1569.8932205,3,1,1,0,1,45.0,0.0
1569.8936985,6,1,1,0,1,45.0,0.0
1569.894546,5,1,1,0,1,45.0,0.0
1569.8954785,6,529,72,27,1348,71.0,9445.0
1569.895511,5,53,6,3,241,50.0,295.815
1569.8955145,3,1,3,0,21,51.0,55.436
1569.895545,2,1,2,0,1,50.0,0.0
1569.896366,1,2,7,2,133,51.0,237.101
1569.8963725,3,1,2,0,1,45.0,0.0
1569.896376,5,1,2,0,4,48.0,11.37
1569.897339,1,3,12,2,164,51.0,275.297
1569.8974015,3,1,3,0,1,48.0,0.0
1569.897502,2,1,1,0,1,50.0,0.0
1569.8998215,3,1,2,0,4,50.0,17.583
1569.899851,2,1,1,0,1,50.0,0.0
1569.899859,5,1,1,0,1,47.0,0.0
1569.8998785,6,1,3,0,13,48.0,24.458
1569.9008145,3,1,3,0,21,51.0,91.867
1569.900822,1,1,1,0,1,45.0,0.0
1569.901766,1,2,2,0,2,46.0,3.813
1569.9017765,3,1,2,0,22,48.0,50.802
1569.9019975,6,574,64,30,1061,71.0,15700.0
1569.902107,2,1,1,0,1,50.0,0.0
1569.902796,5,1,2,0,1,48.0,0.0
1569.9037685,3,1,1,0,1,45.0,0.0
1569.904997,1,1,6,0,18,48.0,36.817
1569.906212,5,1,2,0,1,47.0,0.0
1569.906971,5,1,2,0,1,47.0,0.0
1569.9071245,6,1,4,1,254,50.0,114.564
1569.908032,1,2,1,0,2,45.0,6.569
1569.9084195,6,1,1,0,5,47.0,10.285
1569.9088945,3,1,5,0,59,49.0,88.16
1569.9102455,6,1,3,0,21,47.0,26.637
1569.9125275,6,1,2,0,12,46.0,17.467
1569.9132945,6,1,1,0,1,45.0,0.0
1569.913789,1,2,4,0,42,49.0,64.751
1569.9138005,6,6,4,1,98,51.0,139.869
1569.91453,1,52,3,0,53,49.0,57.225
1569.9158565,3,1,2,0,7,47.0,14.637
1569.915987,5,2,4,0,48,48.0,74.364
1569.9166805,6,1,3,0,1,49.0,0.0
1569.9172485,6,1,3,0,1,46.0,0.0
1569.921442,1,1,2,0,4,49.0,17.856
1569.922067,1,1,1,0,1,45.0,0.0
1569.9224895,6,1,1,0,1,45.0,0.0
1569.9231715,6,612,46,22,769,76.0,17969.0
1569.9232925,3,1,2,0,12,47.0,24.968
1569.924913,1,1,8,1,91,50.0,178.858
1569.9261415,6,1,2,0,1,50.0,0.0
1569.9269535,6,1,7,1,122,49.0,101.816
1569.9273085,3,1,8,1,52,51.0,128.842
1569.927342,1,1,5,0,1,47.0,0.0
1569.9279895,3,1,1,0,1,45.0,0.0
1569.9287985,3,1,1,0,1,45.0,0.0
1569.9306815,6,2,1,0,2,51.0,7.88
1569.9312045,6,1,5,1,114,51.0,116.012
1569.931586,5,1,1,0,1,46.0,0.0
1569.9318445,6,2,32,12,337,71.0,7593.0
1569.9318795,3,1,8,2,219,51.0,258.084
1569.932055,1,1,6,1,84,51.0,155.507
1569.9327185,6,2,6,1,109,48.0,117.494
1569.9332185,3,1,6,1,80,50.0,141.226
1569.933226,1,2,9,2,151,51.0,238.516
1569.9347945,6,625,44,23,902,75.0,15829.0
1569.935053,1,1,2,0,32,47.0,42.198
1569.935064,5,1,2,0,1,46.0,0.0
1569.9350705,3,1,1,0,1,45.0,0.0
1569.9363085,6,1,1,0,1,46.0,0.0
1569.9382045,6,2,3,0,24,51.0,99.846
1569.938534,5,1,12,2,162,50.0,281.526
1569.9394455,3,1,2,0,12,51.0,34.985
1569.93945,1,1,2,0,1,45.0,0.0
1569.9409955,6,1,1,0,1,47.0,0.0
1569.941242,1,1,1,0,1,45.0,0.0
1569.9419405,6,1,1,0,1,45.0,0.0
1569.9423065,3,1,6,1,114,48.0,140.263
1569.942449,2,2,1,0,2,50.0,11.214
1569.943035,1,1,2,0,1,46.0,0.0
1569.943416,5,1,1,0,1,45.0,0.0
1569.944261,1,1,3,0,17,48.0,17.127
1569.9445185,3,1,3,0,55,49.0,82.975
1569.9450715,6,274,46,22,499,72.0,15477.0
1569.945341,4,1,2,0,1,49.0,0.0
1569.947186,1,1,4,0,8,48.0,11.637
1569.94722,5,2,1,0,2,45.0,3.784
1569.947725,5,1,3,0,1,48.0,0.0
1569.947793,1,1,3,0,9,49.0,24.34
1569.9480005,3,1,2,0,12,48.0,28.432
1569.9489345,3,1,4,0,23,49.0,50.908
1569.950546,1,12,37,15,258,69.0,7841.0
1569.950604,4,2,2,0,2,48.0,3.132
1569.9512715,3,1,9,5,502,49.0,385.569
1569.9543565,6,1,2,0,4,47.0,9.499
1569.95473,1,1,2,0,1,48.0,0.0
1569.956239,5,1,2,0,24,47.0,26.342
1569.9562705,3,1,4,0,23,50.0,81.397
1569.9581885,6,1,2,0,1,46.0,0.0
1569.959042,1,1,5,0,14,50.0,25.066
1569.959797,5,1,5,1,94,48.0,91.148
1569.959876,1,1,2,0,1,46.0,0.0
1569.9606565,6,684,83,33,1298,73.0,14849.0
1569.962424,5,1,4,0,1,47.0,0.0
1569.9625555,6,1,2,0,1,46.0,0.0
1569.962886,1,1,1,0,1,45.0,0.0
1569.963597,1,1,4,0,4,47.0,8.363
1569.9652185,3,1,2,0,4,51.0,19.0
1569.9654538,6,164,44,21,375,71.0,15163.0
1569.966349,1,10,4,0,24,51.0,62.265
1569.96635,2,1,2,0,1,51.0,0.0
1569.9663645,3,1,1,0,1,45.0,0.0
1569.9675595,6,2,2,0,4,49.0,20.3
1569.967998,5,1,7,1,65,49.0,130.992
1569.9680045,3,1,4,0,17,51.0,96.59
1569.9688015,3,1,1,0,1,45.0,0.0
1569.9697915,3,1,2,0,4,46.0,8.284
1569.9713665,3,1,1,0,5,46.0,10.549
1569.971408,1,1,1,0,1,46.0,0.0
1569.971995,5,173,6,2,175,48.0,174.104
1569.9720255,3,1,5,1,111,49.0,118.3
1569.972293,1,1,1,0,1,45.0,0.0
1569.9729075,6,192,28,15,549,72.0,9295.0
1569.97513,1,1,1,0,1,46.0,0.0
1569.975439,5,2,4,0,3,51.0,28.288
1569.976496,5,2,6,1,74,51.0,152.171
1569.9765045,3,1,4,0,13,49.0,34.205
1569.9771815,3,1,8,1,93,49.0,163.868
1569.977198,5,1,10,1,81,50.0,195.247
1569.9780955,6,994,74,33,1228,71.0,15782.0
1569.978134,1,1,4,0,25,51.0,95.08
1569.9781365,3,1,1,0,1,45.0,0.0
1569.978854,1,1,2,0,1,45.0,0.0
1569.980476,5,39,10,2,126,51.0,238.232
1569.981797,2,1,2,0,1,50.0,0.0
1569.982698,1,2,4,0,15,49.0,42.638
1569.9827055,3,1,3,1,197,51.0,122.344
1569.9834315,3,1,1,0,1,45.0,0.0
1569.983657,5,1,5,0,1,51.0,0.0
1569.9840035,3,1,1,0,1,45.0,0.0
1569.984654,1,1,5,0,19,51.0,69.246
1569.985102,5,1,3,0,1,50.0,0.0
1569.9851355,3,2,3,0,16,50.0,64.035
1569.9856855,6,1,7,1,89,51.0,120.638
1569.9862855,6,1,4,0,5,49.0,14.716
1569.986632,1,1,1,0,1,45.0,0.0
1569.9872345,3,1,6,1,46,51.0,172.984
1569.9887715,6,1201,103,57,2275,75.0,32539.0
1569.9889455,3,1,3,0,1,50.0,0.0
1569.989226,1,1,1,0,1,46.0,0.0
1569.989313,5,1,4,1,172,47.0,55.003
1569.9897268,1,1,2,0,1,48.0,0.0
1569.9897445,3,1,1,0,1,45.0,0.0
1569.9905445,3,1,1,0,1,45.0,0.0
1569.991067,1,2,2,0,3,49.0,13.381
1569.9915635,6,7,24,13,207,71.0,11072.0
1569.992388,5,1,1,0,1,45.0,0.0
1569.9956185,6,149,75,30,875,72.0,14770.0
1569.995764,4,1,2,0,1,49.0,0.0
1569.997347,2,16,34,19,230,69.0,13712.0
1569.9976145,6,3,7,1,105,50.0,155.94
1569.9981355,3,1,4,0,45,48.0,68.384
1569.9984355,6,1,6,1,104,51.0,175.353
1569.998478,5,2,1,0,2,47.0,3.695
1569.999367,5,1,1,0,1,47.0,0.0
1570.0005235,3,1,5,0,72,50.0,93.797
1570.001187,4,1,3,0,1,51.0,0.0
1570.0013105,6,1,5,0,1,48.0,0.0
1570.0028015,6,1,2,0,1,46.0,0.0
1570.0031565,3,1,2,0,1,46.0,0.0
1570.003167,1,1,2,0,1,48.0,0.0
1570.003175,2,1,1,0,1,51.0,0.0
1570.004019,1,1,1,0,1,45.0,0.0
1570.0043765,6,1,1,0,4,51.0,11.39
1570.004966,4,1,3,0,1,50.0,0.0
1570.0057805,3,1,3,0,6,47.0,12.379
1570.0062415,6,125,5,1,129,51.0,130.592
1570.006824,5,3,7,2,190,50.0,238.729
1570.0068335,3,1,2,0,16,50.0,38.107
1570.0084395,6,1,3,0,4,50.0,15.243
1570.0090535,6,252,63,29,787,71.0,16802.0
1570.011615,5,34,5,0,37,51.0,107.614
1570.0116225,3,1,5,1,81,49.0,133.47
1570.0133385,6,1323,79,38,1592,74.0,22117.0
1570.0138415,3,1,4,0,22,48.0,45.403
1570.013855,1,1,2,0,7,48.0,20.421
1570.0154385,6,1,1,0,43,47.0,46.916
1570.0182985,6,1,3,0,5,51.0,35.244
1570.018363,1,1,1,0,1,46.0,0.0
1570.020344,1,1,1,0,1,45.0,0.0
1570.02071,5,1,6,0,24,50.0,81.1
1570.020942,2,1,3,0,1,51.0,0.0
1570.021853,5,1,3,0,1,48.0,0.0
1570.021902,1,197,22,10,312,73.0,8596.0
1570.0225975,3,1,5,0,27,50.0,54.096
1570.023246,5,385,7,3,386,51.0,266.501
1570.0236,1,1,1,0,1,45.0,0.0
1570.024178,1,2,2,0,3,49.0,12.331
1570.02487,5,1,1,0,1,45.0,0.0
1570.025786,5,1,4,0,1,47.0,0.0
1570.025855,1,1,2,0,1,46.0,0.0
1570.026615,5,1,1,0,1,48.0,0.0
1570.027114,1,1,3,0,30,50.0,44.178
1570.027403,5,1,7,1,94,51.0,206.608
1570.028536,1,1,1,0,1,45.0,0.0
1570.0299,1,1,3,0,21,50.0,70.533
1570.029962,5,1,1,0,1,46.0,0.0
1570.0308205,6,6,31,15,379,71.0,10205.0
1570.0308545,3,1,7,1,134,50.0,194.926
1570.030872,5,1,4,0,14,49.0,34.076
1570.03166,5,2,3,0,9,47.0,36.85
1570.0317165,6,2,3,0,14,48.0,31.826
1570.031728,1,1,2,0,1,47.0,0.0
1570.032486,5,187,10,3,240,51.0,297.078
1570.0342975,3,1,1,0,1,46.0,0.0
1570.034298,5,1,2,0,1,46.0,0.0
1570.0348255,6,1,4,0,1,49.0,0.0
1570.034917,5,2,2,0,4,47.0,14.722
1570.035876,1,1,3,0,6,50.0,13.713
1570.036711,5,5,31,22,323,75.0,27974.0
1570.036741,4,2,2,0,2,49.0,12.046
1570.037742,1,1,4,0,1,48.0,0.0
1570.0378255,6,288,115,61,1513,75.0,47960.0
1570.0399955,6,1,3,0,1,50.0,0.0
1570.0410708,5,146,27,10,273,71.0,5661.0
1570.0427405,6,8,12,10,64,74.0,20311.0
1570.0431965,3,1,4,0,30,48.0,54.814
1570.043209,1,1,2,0,1,49.0,0.0
1570.043329,5,2,3,0,2,46.0,6.886
1570.0438825,6,1,1,0,1,45.0,0.0
1570.0444095,6,1,3,0,1,48.0,0.0
1570.044757,1,17,9,0,27,49.0,97.209
1570.044774,5,1,8,2,194,48.0,199.32
1570.0449805,3,2,1,0,2,45.0,3.435
1570.047242,5,2,4,0,17,51.0,90.748
1570.0480385,6,1,4,0,70,47.0,67.687
1570.0486165,6,193,51,23,367,74.0,18373.0
1570.04883,4,4,2,0,5,47.0,16.366
1570.0506385,6,1,1,0,5,50.0,20.489
1570.050874,1,2,35,17,297,72.0,12434.0
1570.0511465,6,1,3,0,39,48.0,51.101
1570.0516935,6,1,4,0,32,49.0,78.107
1570.052279,5,1,1,0,1,45.0,0.0
1570.0527055,3,1,1,0,1,46.0,0.0
1570.052709,1,1,5,0,39,51.0,97.141
1570.0542505,6,2,11,4,364,51.0,372.781
1570.055481,1,1,1,0,1,45.0,0.0
1570.0570625,6,2,2,0,2,48.0,8.535
1570.0576535,6,2,7,1,101,51.0,267.871
1570.057668,5,2,3,0,16,49.0,48.621
1570.058488,1,1,6,0,6,51.0,33.413
1570.058587,5,3,9,0,4,51.0,17.542
1570.0585915,3,1,2,0,4,48.0,12.407
1570.0588775,6,2,2,0,2,46.0,4.529
1570.0595595,3,1,5,0,30,50.0,74.595
1570.059612,1,1,5,0,1,48.0,0.0
1570.059618,5,1,5,1,106,51.0,181.843
1570.0600945,3,1,5,1,160,50.0,104.34
1570.060123,1,1,3,0,1,51.0,0.0
1570.0603365,6,1,5,0,62,49.0,97.7
1570.061355,5,2,5,0,25,51.0,86.698
1570.0613615,3,1,5,0,45,49.0,76.461
1570.0623995,6,258,73,35,1481,71.0,15520.0
1570.0657305,3,1,2,0,6,50.0,27.261
1570.0670595,6,1,4,1,177,48.0,105.285
1570.068472,1,1,5,0,58,47.0,79.291
1570.0684725,3,5,2,0,13,51.0,74.758
1570.0699475,6,7,33,18,380,74.0,17034.0
1570.069965,4,1,2,0,6,50.0,19.002
1570.070845,1,1,5,0,51,50.0,88.36
1570.0709495,6,233,55,24,567,69.0,12821.0
1570.0726585,3,1,2,0,9,46.0,19.036
1570.072948,1,1,8,1,84,49.0,152.817
1570.0741715,6,1,3,0,26,49.0,48.041
1570.074325,1,1,1,0,1,46.0,0.0
1570.0746925,3,1,7,2,213,50.0,242.796
1570.07496,1,1,1,0,1,45.0,0.0
1570.075816,5,2,1,0,3,50.0,20.14
1570.0760405,6,391,98,49,1642,77.0,49036.0
1570.077178,5,2,3,0,18,48.0,48.934
1570.0774995,3,1,9,1,114,50.0,207.316
1570.078081,4,1,2,0,50,50.0,80.685
1570.078906,1,1,5,0,81,48.0,70.212
1570.0790235,3,1,3,1,134,46.0,60.609
1570.07976,5,1,7,0,14,50.0,32.889
1570.079764,1,2,9,1,127,51.0,191.304
1570.0797705,3,1,4,0,56,50.0,89.605
1570.079789,2,2,1,0,3,51.0,28.178
1570.0803345,3,2,5,0,49,50.0,112.636
1570.08275,5,1,11,3,247,49.0,317.788
1570.0827845,3,1,4,1,175,48.0,125.4
1570.083256,4,1,6,1,57,51.0,198.488
1570.0835345,3,1,1,0,1,45.0,0.0
1570.0841775,3,2,1,0,6,51.0,37.837
1570.08499,5,68,8,1,81,51.0,169.273
1570.0850065,3,1,4,1,69,48.0,102.796
1570.085532,2,1,1,0,1,50.0,0.0
1570.0863575,3,1,6,0,49,50.0,120.901
1570.0869365,3,1,5,1,103,50.0,134.65
1570.0878955,6,102,119,54,1712,77.0,40483.0
1570.08882,1,48,9,1,66,51.0,224.793
1570.088825,2,1,3,0,1,51.0,0.0
1570.089388,5,1,4,0,1,51.0,0.0
1570.089414,1,1,2,0,1,46.0,0.0
1570.0901095,6,607,132,75,1462,75.0,61852.0
1570.090177,5,3,4,0,4,51.0,42.284
1570.090555,2,183,49,30,369,70.0,19685.0
1570.0921815,6,547,142,141,1429,83.0,338813.0
1570.092257,1,535,149,71,1134,76.0,65299.0
1570.0922795,3,507,91,56,1128,73.0,39390.0
1570.092281,5,458,136,70,1123,71.0,54480.0
1570.09235,2,400,105,86,872,78.0,113047.0
1570.096495,5,1,4,0,39,48.0,37.822
1570.0965235,3,1,1,0,1,45.0,0.0
1570.096829,1,1,3,0,1,48.0,0.0
1570.097303,5,2,6,0,24,48.0,76.246
1570.0973385,3,1,1,0,1,45.0,0.0
1570.0984495,6,4,19,7,118,69.0,5397.0
1570.098492,4,1,2,0,1,48.0,0.0
1570.099527,1,1,6,0,40,48.0,86.663
1570.0995465,3,1,1,0,1,45.0,0.0
1570.1001185,3,1,1,0,4,45.0,6.711
1570.100566,5,1,3,0,1,49.0,0.0
1570.1009105,3,1,2,0,12,51.0,63.49
1570.1019835,3,1,3,0,29,50.0,61.611
1570.101999,1,61,9,1,62,50.0,111.449
1570.102045,2,1,2,0,1,50.0,0.0
1570.102964,2,1,3,0,1,51.0,0.0
1570.105504,1,1,7,0,4,51.0,22.106
1570.1055135,3,1,2,0,11,49.0,46.618
1570.106682,1,1,4,0,1,48.0,0.0
1570.1066855,3,1,2,0,12,48.0,28.246
1570.106708,5,1,1,0,1,45.0,0.0
1570.107878,1,1,17,3,169,51.0,347.132
1570.107962,2,1,3,0,1,51.0,0.0
1570.1086765,3,2,2,0,2,45.0,4.927
1570.1092925,6,603,54,29,747,70.0,17508.0
1570.109932,4,1,1,0,1,47.0,0.0
1570.1099695,3,1,4,1,131,49.0,153.565
1570.110014,5,1,3,0,28,50.0,55.384
1570.1105665,6,744,170,229,1948,96.0,2195000.0
1570.110638,1,1,2,0,1,47.0,0.0
1570.1108895,3,1,3,1,176,45.0,98.818
1570.110923,5,1,7,2,191,50.0,213.217
1570.111321,1,71,80,55,509,76.0,61256.0
1570.11235,1,1,3,0,1,51.0,0.0
1570.1131315,3,2,9,2,165,51.0,333.734
1570.1142115,6,1061,109,45,1472,72.0,24863.0
1570.114471,1,1,10,2,113,51.0,245.21
1570.1144745,3,1,2,0,21,50.0,64.255
1570.114481,5,1,2,0,1,49.0,0.0
1570.1162255,6,1,5,1,144,49.0,112.631
1570.1168725,6,8,12,4,420,51.0,361.957
1570.117279,1,1,3,0,11,49.0,36.92
1570.118071,1,1,1,0,1,45.0,0.0
1570.1180825,3,1,1,0,1,45.0,0.0
1570.1196825,3,1,5,0,1,49.0,0.0
1570.12041,5,1,1,0,1,49.0,0.0
1570.1205195,6,182,88,38,1488,73.0,21655.0
1570.121453,1,1,6,0,11,51.0,38.963
1570.1224165,3,2,9,4,318,49.0,360.181
1570.122419,5,1,7,0,42,50.0,67.39
1570.1232725,3,1,7,1,47,51.0,155.308
1570.124427,5,1,5,0,25,51.0,76.212
1570.125188,1,1,1,0,1,45.0,0.0
1570.1255295,6,11,28,15,205,76.0,22420.0
1570.125541,4,1,1,0,1,45.0,0.0
1570.125707,1,1,3,0,35,48.0,49.315
1570.1262495,6,348,38,22,622,79.0,32583.0
1570.1285025,6,34,37,30,327,79.0,55447.0
1570.130497,1,1,6,0,60,47.0,77.568
1570.131755,5,1,1,0,1,45.0,0.0
1570.1327835,3,1,5,1,188,47.0,112.84
1570.132793,1,1,6,2,214,50.0,231.798
1570.1336385,3,1,1,0,6,49.0,20.358
1570.133827,1,1,2,0,1,48.0,0.0
1570.1346205,6,1561,281,230,4444,92.0,975751.0
1570.134901,1,1,4,0,36,48.0,41.868
1570.1349205,3,1,2,0,105,46.0,53.278
1570.135598,1,1,4,1,138,48.0,103.672
1570.1356455,3,1,1,0,1,45.0,0.0
1570.136177,5,70,64,56,768,73.0,45811.0
1570.136186,2,46,73,69,690,76.0,86171.0
1570.1361875,3,23,78,98,878,78.0,178176.0
1570.1362358,1,48,105,59,1274,74.0,50167.0
1570.1377715,3,1,10,3,275,51.0,285.611
1570.138013,1,1,9,3,252,50.0,268.001
1570.138766,5,1,3,0,1,51.0,0.0
1570.1387855,3,2,5,0,18,49.0,35.891
1570.138808,1,1,1,0,1,46.0,0.0
1570.1396515,3,2,3,1,158,49.0,96.213
1570.139889,1,1,1,0,1,46.0,0.0
1570.1403535,3,1,3,0,1,46.0,0.0
1570.140396,1,1,5,0,36,50.0,67.009
1570.1404165,6,443,96,58,1260,81.0,77214.0
1570.142572,1,31,8,2,250,51.0,243.102
1570.1441215,6,362,123,105,1682,85.0,319992.0
1570.144241,1,273,60,30,642,69.0,17559.0
1570.1442475,3,282,40,33,768,71.0,21117.0
1570.14427,2,287,45,28,521,71.0,17733.0
1570.1465465,3,1,2,0,1,46.0,0.0
1570.1471615,3,1,7,1,61,51.0,148.597
1570.1485375,6,1,2,0,1,50.0,0.0
1570.148562,1,1,3,0,6,50.0,26.835
1570.1488265,3,1,2,0,1,46.0,0.0
1570.1492985,6,119,142,72,2409,78.0,67046.0
1570.15026,1,6,4,0,40,49.0,87.888
1570.150264,5,1,2,0,1,48.0,0.0
1570.150797,5,1,2,0,1,48.0,0.0
1570.1508015,3,2,1,0,2,45.0,4.025
1570.1516835,3,1,2,0,1,45.0,0.0
1570.151753,1,1,2,0,1,48.0,0.0
1570.153298,1,74,4,1,75,49.0,90.694
1570.15358,5,1,1,0,1,45.0,0.0
1570.1540065,3,1,1,0,1,45.0,0.0
1570.1541565,6,856,83,35,1346,69.0,12416.0
1570.154647,1,1,7,1,75,50.0,153.52
1570.155785,5,4,6,1,172,49.0,155.666
1570.1557885,3,1,4,1,161,48.0,132.05
1570.155983,2,1,1,0,1,50.0,0.0
1570.156707,5,1,3,1,125,47.0,79.393
1570.156829,1,1,4,0,22,49.0,75.452
1570.1568505,3,1,1,0,1,45.0,0.0
1570.157448,5,2,7,2,190,51.0,243.497
1570.1574665,3,2,4,0,26,48.0,38.484
1570.15757,2,1,2,0,1,51.0,0.0
1570.158192,4,1,4,0,36,49.0,80.478
1570.159269,5,1,9,1,56,51.0,152.681
1570.1599815,3,1,3,0,69,48.0,58.221
1570.159991,5,6,8,1,68,51.0,206.855
1570.159998,1,2,4,0,31,50.0,90.584
1570.160671,1,1,3,0,1,47.0,0.0
1570.1609115,3,1,5,0,9,48.0,14.069
1570.160915,2,1,2,0,1,51.0,0.0
1570.161541,5,3,5,0,5,51.0,37.945
1570.1615595,6,1,4,0,1,47.0,0.0
1570.161627,1,1,5,1,163,50.0,128.324
1570.1630765,6,2,4,0,5,49.0,33.037
1570.163094,1,2,1,0,3,47.0,8.842
1570.163571,5,1,9,1,84,51.0,201.872
1570.1635825,3,1,4,0,70,49.0,78.028
1570.163601,1,1,6,0,48,51.0,121.364
1570.16424,1,1,1,0,1,46.0,0.0
1570.1653095,3,1,4,0,99,47.0,74.544
1570.167173,5,1,4,0,42,49.0,70.823
1570.1695817,6,126,46,18,448,69.0,8353.0
1570.1705785,3,1,4,0,36,51.0,87.73
1570.170608,5,1,2,0,1,46.0,0.0
1570.17113,5,1,6,2,241,50.0,193.237
1570.1711985,3,2,2,0,2,45.0,3.784
1570.171908,5,1,2,0,1,48.0,0.0
1570.172539,1,1,2,0,1,48.0,0.0
1570.172981,5,1,6,1,91,49.0,86.41
1570.173062,1,1,2,0,1,47.0,0.0
1570.174311,5,1,7,2,171,50.0,173.377
1570.1743195,3,2,7,2,192,51.0,212.461
1570.174356,1,1,7,0,16,50.0,22.89
1570.176561,2,1,1,0,1,50.0,0.0
1570.17739,5,1,6,0,28,50.0,86.394
1570.177416,1,1,5,0,1,48.0,0.0
1570.1776065,6,1,6,1,56,50.0,135.093
1570.1782035,6,966,177,85,2521,76.0,61257.0
1570.1812248,6,778,136,56,1543,71.0,27327.0
1570.1819945,3,50,4,1,89,49.0,106.833
1570.182153,5,1,5,0,1,48.0,0.0
1570.1825838,3,2,6,1,110,51.0,178.055
1570.182678,1,1,6,1,101,49.0,124.492
1570.1832685,6,3224,287,146,4005,84.0,219051.0
1570.183815,1,1,4,0,1,47.0,0.0
1570.184042,5,1,2,0,1,47.0,0.0
1570.185145,4,2,6,1,86,50.0,153.66
1570.186431,1,102,46,22,501,69.0,12406.0
1570.186768,5,34,10,1,107,51.0,208.01
1570.1877875,6,407,74,35,1375,79.0,32334.0
1570.187922,5,1,6,1,76,49.0,118.644
1570.1879585,3,1,5,0,17,48.0,29.064
1570.190175,5,2,10,1,123,50.0,189.981
1570.1902245,3,1,1,0,1,45.0,0.0
1570.190952,1,2,1,0,3,51.0,26.88
1570.19105,5,2,1,0,3,46.0,10.408
1570.191718,5,4,4,0,5,47.0,16.107
1570.191739,1,1,4,0,11,47.0,16.68
1570.1920255,6,165,142,51,2621,70.0,12895.0
1570.1955175,3,1,2,0,12,49.0,25.473
1570.1961905,6,940,79,36,1235,74.0,28802.0
1570.196207,1,1,1,0,1,48.0,0.0
1570.1966775,3,1,2,0,5,46.0,11.48
1570.196713,1,2,4,0,3,50.0,17.384
1570.196781,5,1,1,0,1,45.0,0.0
1570.197132,4,2,3,0,10,50.0,40.622
1570.197307,5,1,3,0,1,48.0,0.0
1570.197937,1,1,1,0,1,45.0,0.0
1570.1982345,3,1,2,0,1,48.0,0.0
1570.198443,5,144,12,2,181,51.0,261.514
1570.1987515,3,1,4,0,12,51.0,63.601
1570.198772,2,1,2,0,1,50.0,0.0
1570.1994175,3,1,1,0,4,48.0,11.78
1570.2004215,3,1,10,2,223,50.0,249.032
1570.200471,5,140,22,11,227,71.0,8854.0
1570.201026,4,2,3,0,7,48.0,35.452
1570.201263,1,1,2,0,1,48.0,0.0
1570.2024335,6,1,2,0,1,45.0,0.0
1570.2026375,3,1,3,0,4,47.0,7.519
1570.20267,5,2,4,0,2,49.0,6.108
1570.2029375,6,364,46,20,1265,70.0,5255.0
1570.2033075,3,1,3,0,69,48.0,78.464
1570.203322,1,2,3,0,3,46.0,6.93
1570.203345,5,1,2,0,1,46.0,0.0
1570.203846,5,1,2,0,7,47.0,15.309
1570.204478,5,2,3,0,18,50.0,86.682
1570.2047205,6,87,316,125,4619,69.0,42309.0
1570.204834,4,1,1,0,1,45.0,0.0
1570.2058105,3,1,1,0,1,45.0,0.0
1570.2071675,3,1,1,0,1,45.0,0.0
1570.2082645,3,1,5,1,68,48.0,100.973
1570.208342,1,1,4,0,4,51.0,20.151
1570.208539,5,345,58,27,628,71.0,18265.0
1570.208674,2,216,49,25,533,69.0,12263.0
1570.208888,4,2,4,0,40,51.0,93.495
1570.2098275,3,1,1,0,1,45.0,0.0
1570.2098545,6,1383,361,150,5587,73.0,57705.0
1570.2103345,3,1,8,3,337,50.0,246.019
1570.211262,4,1,1,0,1,45.0,0.0
1570.211948,5,1,2,0,1,47.0,0.0
1570.2120225,3,1,2,0,1,46.0,0.0
1570.21205,1,1,5,1,104,48.0,98.122
1570.2138825,3,2,6,1,89,50.0,146.706
1570.213884,1,1,8,1,87,51.0,189.841
1570.2166915,6,3510,287,132,4045,81.0,113329.0
1570.2171155,3,1,6,1,72,49.0,110.881
1570.2179285,3,1,5,1,175,51.0,159.338
1570.218031,2,1,1,0,1,50.0,0.0
1570.2189815,3,1,1,0,1,45.0,0.0
1570.218997,2,1,2,0,17,51.0,51.822
1570.219021,5,1,1,0,1,46.0,0.0
1570.219035,1,1,2,0,1,47.0,0.0
1570.21967,5,2,2,0,3,48.0,6.906
1570.2212725,6,3545,417,197,4939,79.0,178630.0
1570.22133,4,2,1,0,3,48.0,7.369
1570.222205,5,1,3,0,1,49.0,0.0
1570.222242,2,1,2,0,1,51.0,0.0
1570.2237065,3,1,1,0,56,47.0,40.838
1570.2242995,3,1,6,2,200,49.0,202.897
1570.22738,5,3,2,0,5,48.0,25.24
1570.2276705,3,2,7,3,362,50.0,261.622
1570.228292,5,3,6,0,19,51.0,96.298
1570.228504,2,1,1,0,1,50.0,0.0
1570.2287135,3,1,1,0,88,46.0,53.088
1570.2295025,3,1,10,3,282,50.0,345.287
1570.229787,1,2,2,0,3,48.0,11.262
1570.2304885,3,1,8,1,111,50.0,195.201
1570.2308465,6,2,24,8,202,69.0,4923.0
1570.231582,1,7,5,0,40,50.0,74.579
1570.2331155,6,669,117,64,1750,81.0,67688.0
1570.234288,2,1,2,0,1,50.0,0.0
1570.2348765,3,1,1,0,1,45.0,0.0
1570.236104,1,1,3,1,125,47.0,71.288
1570.236638,5,76,50,29,389,77.0,41321.0
1570.2376685,3,1,2,1,194,47.0,59.118
1570.2385065,3,1,3,1,159,47.0,68.593
1570.238737,5,1,3,0,1,50.0,0.0
1570.2394025,3,2,5,2,257,50.0,266.127
1570.239459,5,1,4,0,1,49.0,0.0
1570.240743,1,1,15,3,231,50.0,278.467
1570.241588,5,1,2,0,17,47.0,38.28
1570.2419835,3,1,1,0,22,48.0,18.224
1570.241994,1,1,2,0,1,47.0,0.0
1570.242743,5,1,5,0,1,51.0,0.0
1570.2429075,6,45,59,22,663,70.0,9951.0
1570.2437825,3,1,1,0,1,45.0,0.0
1570.2441155,6,955,387,152,5680,70.0,48185.0
1570.244969,4,1,1,0,1,49.0,0.0
1570.2459,1,1,4,0,9,48.0,28.152
1570.2460675,3,1,1,0,1,45.0,0.0
1570.246071,2,1,2,0,1,50.0,0.0
1570.2465825,3,1,1,0,1,45.0,0.0
1570.246583,1,1,10,2,249,51.0,273.667
1570.2470885,3,2,9,3,240,50.0,322.307
1570.248051,1,1,3,0,1,50.0,0.0
1570.248052,5,7,4,0,8,49.0,24.785
1570.2480795,3,1,1,0,5,47.0,12.519
1570.250046,1,1,5,0,53,47.0,58.009
1570.250407,5,1,1,0,1,45.0,0.0
1570.2509305,3,1,1,0,1,45.0,0.0
1570.2513617,6,90,73,34,1160,74.0,18113.0
1570.2530355,6,19,48,22,502,69.0,12543.0
1570.254011,5,1,5,0,28,51.0,67.579
1570.2540165,3,1,2,0,26,49.0,27.161
1570.2540405,6,1,9,2,204,51.0,236.997
1570.2547815,6,2,47,35,416,78.0,69656.0
1570.254832,4,1,3,0,1,47.0,0.0
1570.256293,1,1,3,1,67,49.0,90.531
1570.2572265,6,156,159,66,2352,70.0,28944.0
1570.2589125,3,1,2,0,1,45.0,0.0
1570.258951,2,1,1,0,1,50.0,0.0
1570.2600245,3,1,3,0,12,50.0,50.495
1570.2610685,6,94,186,65,3118,71.0,15795.0
1570.261457,5,1,5,0,14,50.0,16.1
1570.262094,1,3,5,0,78,48.0,90.143
1570.2621635,3,1,1,0,1,45.0,0.0
1570.262993,5,2,3,0,2,48.0,3.241
1570.2639985,3,1,5,0,42,48.0,67.691
1570.264024,5,1,3,0,1,48.0,0.0
1570.2646905,6,947,106,40,2300,69.0,8838.0
1570.265212,1,1,7,0,29,50.0,76.823
1570.265788,1,2,2,0,3,47.0,8.872
1570.266883,1,1,6,0,41,49.0,84.372
1570.266886,5,1,5,0,9,51.0,44.679
1570.267888,1,133,106,65,1004,78.0,82268.0
1570.2679085,3,126,72,53,1140,71.0,35393.0
1570.267926,2,102,87,62,901,72.0,51456.0
1570.268005,5,22,95,45,850,70.0,27688.0
1570.2681558,6,444,90,48,942,72.0,28345.0
1570.2699545,3,1,3,1,134,47.0,85.114
1570.2715045,6,818,353,174,5202,85.0,198788.0
1570.2715905,3,1,13,5,541,51.0,481.992
1570.272342,4,1,1,0,1,48.0,0.0
1570.2739905,3,1,5,1,95,49.0,111.6
1570.273992,1,1,11,1,93,51.0,189.186
1570.2746665,3,48,4,0,49,51.0,115.74
1570.276374,5,1,3,0,45,50.0,116.087
1570.2764325,3,2,1,0,2,45.0,4.025
1570.2781565,3,1,2,0,1,46.0,0.0
1570.278425,5,1,6,0,1,50.0,0.0
1570.281595,1,1,9,0,45,49.0,104.898
1570.282562,5,474,56,27,774,71.0,15676.0
1570.2828165,3,238,45,28,590,70.0,20401.0
1570.282822,2,211,49,35,517,71.0,26669.0
1570.282946,1,126,58,31,485,70.0,20311.0
1570.2829645,6,59,107,80,1224,82.0,120223.0
1570.283851,5,1,7,1,59,50.0,120.206
1570.283944,1,2,4,0,8,51.0,38.059
1570.2851795,3,1,1,0,1,45.0,0.0
1570.285191,1,1,2,0,1,46.0,0.0
1570.2865995,6,1627,154,60,2033,71.0,23533.0
1570.2870205,3,1,6,2,186,50.0,202.419
1570.287739,1,1,3,0,6,51.0,28.997
1570.2877515,3,1,1,0,1,45.0,0.0
1570.287761,5,3,5,0,4,50.0,24.058
1570.289036,5,1,2,0,21,48.0,23.071
1570.2891925,3,2,2,0,10,46.0,20.555
1570.2897085,3,1,9,2,204,51.0,273.404
1570.29046,5,1,7,0,30,50.0,29.071
1570.2905098,6,2,23,15,274,78.0,24409.0
1570.2905425,3,1,3,0,54,49.0,70.453
1570.290552,1,1,6,0,23,49.0,45.015
1570.2912445,3,1,6,0,63,51.0,85.462
1570.2918565,3,1,12,3,229,51.0,303.755
1570.2919115,6,2093,331,292,4297,88.0,1049000.0
1570.2931075,3,1,1,0,1,45.0,0.0
1570.293633,5,385,78,73,1000,78.0,112394.0
1570.2937315,3,276,69,93,1114,81.0,212988.0
1570.293808,2,201,61,105,700,80.0,256801.0
1570.29514,5,2,2,0,3,48.0,12.391
1570.2957545,3,1,8,1,90,51.0,211.027
1570.2965005,3,1,1,0,1,45.0,0.0
1570.296527,1,1,2,0,1,45.0,0.0
1570.2974665,3,1,2,0,1,45.0,0.0
1570.297831,2,1,2,0,1,51.0,0.0
1570.298573,5,1,3,0,6,48.0,21.832
1570.2987055,3,1,2,0,5,47.0,13.359
1570.298729,1,1,3,0,13,47.0,27.134
1570.299802,1,1,8,1,76,50.0,143.919
1570.2998065,3,1,4,0,31,48.0,51.066
1570.30042,1,1,5,0,8,51.0,34.237
1570.3004385,3,1,2,0,18,46.0,22.755
1570.30045,2,1,1,0,1,50.0,0.0
1570.3014945,3,2,1,0,6,48.0,19.302
1570.301575,1,1,1,0,1,45.0,0.0
1570.3024055,6,788,73,30,1038,77.0,17897.0
1570.302485,5,1,5,1,58,50.0,146.272
1570.302516,1,1,7,1,131,50.0,172.708
1570.3025665,3,1,2,0,1,45.0,0.0
1570.3031995,3,2,7,0,49,48.0,72.908
1570.303214,5,1,6,0,30,49.0,64.74
1570.3039185,3,1,3,1,80,50.0,88.545
1570.303933,1,1,3,0,73,46.0,72.415
1570.3050315,6,664,263,115,3444,73.0,56372.0
1570.305696,4,1,4,0,1,50.0,0.0
1570.3081555,3,170,6,1,182,49.0,147.64
1570.3088975,3,1,2,0,97,47.0,60.637
1570.308906,1,1,9,1,96,50.0,152.174
1570.309464,5,18,42,16,326,70.0,9412.0
1570.309488,4,1,3,0,40,49.0,96.058
1570.3111465,6,1392,256,124,3848,75.0,77883.0
1570.3119175,3,2,9,2,240,51.0,285.58
1570.311939,1,1,13,3,258,51.0,312.26
1570.313171,4,2,2,0,21,50.0,65.312
1570.314309,5,1,1,0,1,50.0,0.0
1570.314932,1,1,2,0,1,46.0,0.0
1570.3153275,3,2,1,0,2,45.0,4.66
1570.3158525,3,1,4,0,17,47.0,48.151
1570.316334,5,1,1,0,10,46.0,15.669
1570.3165695,6,1,4,0,1,49.0,0.0
1570.316892,5,172,11,2,173,51.0,293.444
1570.316926,1,1,7,2,188,48.0,213.171
1570.3170815,6,3110,435,219,5591,82.0,177185.0
1570.3202537,3,1,27,14,261,70.0,8484.0
1570.321833,5,1,1,0,1,45.0,0.0
1570.3232475,6,100,61,28,636,70.0,14693.0
1570.323324,1,53,47,19,324,70.0,12023.0
1570.323378,4,2,1,0,3,47.0,8.696
1570.3244565,6,212,165,84,2065,82.0,106336.0
1570.324687,4,1,2,0,1,48.0,0.0
1570.325536,5,1,1,0,1,48.0,0.0
1570.326046,4,1,1,0,1,46.0,0.0
1570.32707,5,1,5,0,1,50.0,0.0
1570.32717,1,2,10,1,72,50.0,183.328
1570.3271915,3,1,2,0,1,47.0,0.0
1570.329659,5,1,3,0,31,46.0,35.352
1570.3296905,3,1,1,0,1,46.0,0.0
1570.329707,1,1,1,0,1,47.0,0.0
1570.3304485,6,2390,214,81,3257,72.0,29371.0
1570.330885,1,173,60,22,424,70.0,12885.0
1570.3321965,3,1,3,0,1,49.0,0.0
1570.333508,5,1,2,0,7,51.0,25.521
1570.3340745,3,1,2,0,36,49.0,69.005
1570.334097,1,1,6,0,33,49.0,71.236
1570.3342715,6,1,7,2,207,50.0,158.122
1570.3349875,6,22,34,15,248,70.0,9998.0
1570.3357665,6,1458,566,253,8931,83.0,179404.0
1570.336165,4,1,4,1,79,49.0,115.339
1570.337247,4,11,4,0,30,51.0,117.135
1570.3385465,3,1,1,0,1,45.0,0.0
1570.340145,4,1,1,0,1,45.0,0.0
1570.340959,5,4,5,0,8,51.0,55.49
1570.3411875,3,1,1,0,1,45.0,0.0
1570.341531,5,1,2,0,1,47.0,0.0
1570.342491,4,1,1,0,1,50.0,0.0
1570.3433875,3,1,2,0,1,46.0,0.0
1570.343414,1,2,5,0,6,49.0,36.177
1570.3449785,3,1,1,0,1,45.0,0.0
1570.3465155,6,702,194,83,3165,71.0,30696.0
1570.346575,5,1,10,2,201,50.0,233.352
1570.3467135,3,2,3,0,39,49.0,70.841
1570.347317,5,1,4,0,1,51.0,0.0
1570.348155,5,1,6,0,1,50.0,0.0
1570.348228,1,1,3,0,21,51.0,42.877
1570.34876,1,1,7,1,49,50.0,131.963
1570.348761,5,3,4,0,4,49.0,16.545
1570.349353,1,1,10,1,138,49.0,172.681
1570.3494485,3,1,1,0,53,47.0,40.282
1570.3501807,6,1203,153,68,1988,77.0,38326.0
1570.3511085,3,2,3,0,34,48.0,53.896
1570.3516975,3,1,1,0,1,45.0,0.0
1570.352627,5,1,1,0,1,46.0,0.0
1570.3528075,6,1131,144,61,2434,77.0,37463.0
1570.3531025,3,1,2,0,17,51.0,40.904
1570.353406,5,1,4,0,1,50.0,0.0
1570.3558155,3,1,5,3,329,49.0,197.365
1570.356083,5,1,2,0,1,49.0,0.0
1570.356091,1,1,1,0,1,45.0,0.0
1570.357634,5,1,4,2,194,49.0,161.398
1570.357863,1,1,1,0,1,45.0,0.0
1570.3579085,6,736,263,120,3397,82.0,105959.0
1570.359609,1,1,1,0,1,47.0,0.0
1570.361667,5,1,1,0,1,45.0,0.0
1570.3618715,6,1661,142,58,2319,69.0,18744.0
1570.36216,2,1,2,0,1,51.0,0.0
1570.36218,5,1,9,4,368,51.0,336.727
1570.362955,1,2,4,0,3,49.0,9.546
1570.3639515,3,1,1,0,1,47.0,0.0
1570.3646915,6,2322,272,182,3254,85.0,317815.0
1570.36639,4,1,1,0,1,47.0,0.0
1570.366999,2,34,39,28,267,72.0,24765.0
1570.36725,1,1,8,1,82,50.0,149.956
1570.367265,5,1,4,0,27,49.0,52.165
1570.3684535,6,213,492,209,7815,75.0,93275.0
1570.369375,5,1,8,2,135,50.0,199.639
1570.3697195,3,1,7,0,36,51.0,108.582
1570.369733,2,1,1,0,1,51.0,0.0
1570.37074,1,11,12,2,107,51.0,260.683
1570.370783,5,1,4,0,4,50.0,14.515
1570.371419,1,1,2,0,1,48.0,0.0
1570.371616,5,220,72,30,641,70.0,19286.0
1570.372785,1,12,5,0,21,51.0,75.327
1570.3728785,3,1,2,0,1,47.0,0.0
1570.3742155,3,1,1,0,1,45.0,0.0
1570.374283,5,163,2,1,165,49.0,71.325
1570.3749695,3,1,6,1,133,49.0,180.222
1570.375986,1,1,13,3,205,50.0,306.9
1570.3767715,3,1,8,2,238,51.0,245.765
1570.3768175,6,569,81,35,962,71.0,18886.0
1570.3782865,6,197,119,54,1560,73.0,26819.0
1570.378453,1,38,78,25,739,69.0,10073.0
1570.378495,4,1,3,0,28,50.0,93.78
1570.379841,1,1,1,0,1,49.0,0.0
1570.3798655,3,1,1,0,1,45.0,0.0
1570.3804265,6,2731,253,142,3141,82.0,149320.0
1570.380462,5,2,2,0,2,48.0,3.813
1570.3809,1,228,107,40,1058,72.0,21847.0
1570.381137,4,1,3,0,23,49.0,44.213
1570.382074,5,10,6,0,11,50.0,37.216
1570.3825595,3,1,9,2,168,49.0,195.884
1570.3825848,5,2,7,1,70,50.0,164.167
1570.3832425,3,1,2,0,4,47.0,9.275
1570.383286,1,1,6,2,164,47.0,149.173
1570.383684,5,2,3,0,5,50.0,31.003
1570.3841175,6,6826,847,519,10719,91.0,1026000.0
1570.385736,1,59,44,19,280,69.0,11595.0
1570.3857498,5,12,47,24,660,70.0,14551.0
1570.388325,5,1,1,0,1,45.0,0.0
1570.389203,1,69,10,1,109,51.0,206.78
1570.3892035,3,2,5,0,23,49.0,72.797
1570.3897785,3,1,2,0,1,45.0,0.0
1570.390111,5,2,8,1,72,50.0,139.743
1570.390122,2,1,2,0,1,51.0,0.0
1570.390813,1,1040,165,84,1865,76.0,75383.0
1570.3909725,3,885,99,55,1226,72.0,35891.0
1570.391632,4,1,6,0,8,50.0,21.487
1570.3927675,3,1,1,0,1,45.0,0.0
1570.394034,4,2,8,0,29,51.0,152.011
1570.3953368,6,401,57,23,664,71.0,10633.0
1570.396149,1,1,1,0,1,45.0,0.0
1570.3963775,3,1,1,0,1,45.0,0.0
1570.396862,1,1,7,0,4,47.0,7.111
1570.3968845,3,1,10,3,281,50.0,269.077
1570.39708,5,1,3,0,1,49.0,0.0
1570.397704,1,1,3,0,1,48.0,0.0
1570.397743,5,1,1,0,1,45.0,0.0
1570.3979975,3,1,2,0,4,49.0,14.813
1570.398826,1,1,3,0,1,48.0,0.0
1570.399451,5,5,3,0,6,50.0,27.697
1570.400045,5,2,3,1,93,50.0,114.964
1570.4000655,3,1,1,0,4,47.0,10.405
1570.4002675,6,724,214,95,2896,75.0,44169.0
1570.400427,1,1,2,0,1,50.0,0.0
1570.401987,1,1,10,1,141,49.0,156.467
1570.402413,5,12,9,1,59,51.0,135.34
1570.4024695,3,1,4,0,34,51.0,130.374
1570.402762,4,1,2,0,8,48.0,22.613
1570.4036835,3,1,5,2,308,47.0,189.214
1570.403854,5,2,6,0,5,48.0,21.912
1570.404016,2,1,2,0,1,51.0,0.0
1570.4050568,6,1823,546,256,6837,78.0,169360.0
1570.40656,1,359,89,32,605,69.0,15533.0
1570.4065615,3,331,81,44,1510,70.0,18921.0
1570.408563,1,1,4,0,91,48.0,62.561
1570.408646,5,2,3,1,108,49.0,107.902
1570.4089275,3,1,6,2,275,46.0,181.405
1570.409186,1,2,5,0,42,50.0,67.534
1570.4105105,3,1,5,2,221,49.0,170.75
1570.4114775,3,1,5,1,74,50.0,125.88
1570.411485,1,1,9,1,65,48.0,97.53
1570.411542,5,1,1,0,1,45.0,0.0
1570.412236,1,484,83,37,850,70.0,20287.0
1570.4123938,6,115,244,120,3217,76.0,83294.0
1570.4135905,3,1,5,0,39,48.0,60.12
1570.4141625,3,1,1,0,1,45.0,0.0
1570.414164,2,1,2,0,1,50.0,0.0
1570.4146655,3,2,6,0,31,51.0,89.696
1570.4152125,3,1,1,0,1,45.0,0.0
1570.415353,1,1,1,0,1,45.0,0.0
1570.416688,5,2,7,1,77,51.0,176.473
1570.416735,2,1,3,0,1,51.0,0.0
1570.4167945,3,2,4,0,20,51.0,103.911
1570.416804,1,1,6,1,64,50.0,142.467
1570.417313,5,1,5,0,4,49.0,11.179
1570.4173535,3,1,4,0,10,46.0,19.319
1570.417559,1,75,8,3,317,51.0,297.709
1570.417647,2,1,1,0,1,50.0,0.0
1570.4183745,3,1,3,1,166,48.0,82.717
1570.418821,1,1,4,0,1,51.0,0.0
1570.418849,5,1,3,0,18,47.0,24.855
1570.4197515,6,1956,292,130,3839,73.0,65860.0
1570.42074,5,2,1,0,2,49.0,5.342
1570.4215395,3,172,50,24,728,69.0,9209.0
1570.423134,1,1,1,0,1,45.0,0.0
1570.4234005,3,1,1,0,1,46.0,0.0
1570.423818,5,1,4,0,1,48.0,0.0
1570.423836,1,2,8,1,73,51.0,131.31
1570.4242485,6,2082,182,76,2816,72.0,30450.0
1570.4253705,3,1,1,0,1,45.0,0.0
1570.425379,1,1,8,0,11,48.0,26.206
1570.427026,5,1,1,0,1,45.0,0.0
1570.4275648,6,7775,965,423,13599,84.0,318840.0
1570.4292658,5,2,7,0,2,49.0,7.88
1570.429901,4,1,5,0,20,50.0,80.299
1570.430995,5,1,4,0,6,50.0,22.259
1570.432206,1,1,1,0,1,45.0,0.0
1570.432552,4,1,3,0,50,48.0,76.737
1570.434285,5,1,11,1,114,50.0,173.381
1570.435339,5,30,54,28,372,72.0,26562.0
1570.436456,5,2,1,0,2,45.0,4.961
1570.4369625,3,1,6,2,225,48.0,188.936
1570.438637,5,79,13,3,181,51.0,342.685
1570.4386375,3,8,11,3,196,50.0,345.593
1570.4398235,3,1,3,0,1,47.0,0.0
1570.439887,1,1,2,0,1,46.0,0.0
1570.4403865,3,1,8,4,398,50.0,338.077
1570.440444,1,1,5,0,1,49.0,0.0
1570.441844,1,3,6,2,148,51.0,197.988
1570.4419655,3,1,1,0,1,45.0,0.0
1570.4424675,3,1,11,2,208,49.0,272.105
1570.4426417,6,9873,1529,771,18470,89.0,1065000.0
1570.442953,4,1,1,0,1,45.0,0.0
1570.443215,5,3,6,0,4,50.0,22.79
1570.445921,4,1,2,0,1,46.0,0.0
1570.4473005,3,1,9,1,102,51.0,190.935
1570.447351,1,1,12,3,307,49.0,333.817
1570.449221,5,2,9,2,131,50.0,273.284
1570.4499285,3,1,10,3,212,50.0,310.713
1570.450013,1,58,6,0,59,50.0,80.201
1570.4507345,3,1,11,3,327,49.0,303.374
1570.451546,5,2,3,0,7,47.0,33.82
1570.452537,4,1,1,0,1,45.0,0.0
1570.4527505,3,1,3,0,39,48.0,40.055
1570.452772,1,1,6,0,10,48.0,22.138
1570.453417,1,1,2,0,49,48.0,41.688
1570.4534335,3,1,2,0,8,49.0,25.178
1570.4540915,3,1,15,8,707,51.0,645.252
1570.454751,2,1,1,0,1,50.0,0.0
1570.455256,5,1,1,0,1,45.0,0.0
1570.455258,1,1,2,0,1,48.0,0.0
1570.457518,5,6,119,54,928,69.0,30985.0
1570.4575225,3,31,83,70,878,72.0,55372.0
1570.457531,2,381,104,65,800,71.0,41479.0
1570.4578007,1,130,78,33,589,70.0,17104.0
1570.45908,1,1,8,2,152,51.0,191.299
1570.459188,5,1,5,0,25,49.0,35.575
1570.4596555,3,1,2,0,1,48.0,0.0
1570.459761,1,1,4,1,133,49.0,138.5
1570.4601715,3,1,4,0,25,51.0,45.562
1570.4616195,6,1779,383,156,4109,78.0,86893.0
1570.4616495,3,2,2,0,5,47.0,19.276
1570.462222,4,1,1,0,1,48.0,0.0
1570.463155,2,1,3,0,1,51.0,0.0
1570.464151,5,1,13,3,200,51.0,339.97
1570.466004,4,1,4,0,51,48.0,68.688
1570.4662335,6,33080,10880,51815,350000,99.0,219910000.0
1570.467015,1,2,9,0,47,51.0,107.644
1570.467229,5,1,3,0,1,47.0,0.0
1570.467731,5,1,3,0,10,48.0,16.89
1570.46825,5,1585,396,276,3607,88.0,791960.0
1570.468263,1,1597,435,332,4194,87.0,766374.0
1570.46827,2,1572,360,396,3411,89.0,1208000.0
1570.4682865,3,1587,307,390,4069,91.0,1360000.0
1570.469172,4,2,3,0,2,48.0,7.006
1570.4696738,4,154,64,86,1016,74.0,79112.0
1570.472378,2,1,1,0,1,50.0,0.0
1570.472436,5,1,2,0,1,49.0,0.0
1570.472741,4,1,2,0,12,48.0,43.004
1570.4728565,3,1,5,1,94,48.0,94.901
1570.473103,5,161,192,68,2213,70.0,24330.0
1570.473863,4,1,2,0,1,46.0,0.0
1570.4750978,3,2,7,2,134,51.0,215.047
1570.475203,1,61,15,3,254,51.0,321.071
1570.475838,4,1,4,0,1,50.0,0.0
1570.4767005,3,1,2,0,6,46.0,8.46
1570.477806,5,1,6,0,1,49.0,0.0
1570.477833,2,1,2,0,1,51.0,0.0
1570.478371,1,1,11,2,105,51.0,237.628
1570.4789758,1,1039,116,52,1301,69.0,28049.0
1570.4790115,3,248,43,34,782,73.0,24979.0
1570.479676,2,1,1,0,1,50.0,0.0
1570.480055,4,18,2,0,19,50.0,39.235
1570.4803065,3,1,6,2,244,48.0,203.292
1570.480783,2,1033,125,72,1442,71.0,36745.0
1570.480785,1,1079,174,61,1573,69.0,24500.0
1570.4812105,3,625,90,64,1214,76.0,62243.0
1570.4829355,3,1,3,0,8,46.0,10.815
1570.483435,1,193,631,253,6482,73.0,131918.0
1570.483502,5,79,385,170,3310,77.0,117911.0
1570.483551,2,26,274,185,2359,76.0,155410.0
1570.4835565,3,25,434,260,6218,76.0,159314.0
1570.486355,4,1,6,1,86,50.0,166.447
1570.48814,4,1,2,0,16,47.0,37.373
1570.4921325,3,244,123,96,1942,75.0,85035.0
1570.49214,1,261,180,107,1487,78.0,116244.0
1570.492171,2,201,131,104,1060,76.0,112735.0
1570.4923508,5,24,112,66,826,73.0,57461.0
1570.493887,5,1,7,0,17,49.0,56.092
1570.494343,1,39,225,143,2050,79.0,175884.0
1570.494347,2,61,131,127,1300,80.0,173013.0
1570.4944037,5,40,219,95,1953,71.0,52595.0
1570.4945748,3,62,152,87,2137,69.0,37858.0
1570.496893,1,1,3,0,1,47.0,0.0
1570.497201,5,243,114,52,743,73.0,43692.0
1570.4984655,3,1044,161,161,1877,84.0,398438.0
1570.498479,5,1042,228,176,1773,83.0,361499.0
1570.498542,1,985,220,152,1777,80.0,247288.0
1570.498623,2,69,61,43,512,71.0,41555.0
1570.4996348,2,80,78,51,612,71.0,39878.0
1570.5008427,3,1,9,2,221,51.0,275.78
1570.5017175,3,464,136,78,1704,69.0,32990.0
1570.506416,5,3850,1846,865,16341,84.0,774371.0
1570.5064777,3,1148,1289,976,15465,82.0,1220000.0
1570.5064917,1,3802,1722,881,15442,81.0,879502.0
1570.5067,2,939,649,530,5986,82.0,743354.0
1570.5077337,4,31,42,45,738,69.0,22291.0
1570.508972,4,1,4,0,55,50.0,88.951
1570.513218,4,1,3,0,1,48.0,0.0
1570.515803,4,2,40,27,375,74.0,20559.0
1570.5159377,2,6,127,75,1166,76.0,58859.0
1570.517607,2,378,241,135,2566,74.0,75556.0
1570.517704,4,1,3,0,1,46.0,0.0
1570.51821,4,1,4,1,117,50.0,125.345
1570.51931,4,1,8,1,95,49.0,175.831
1570.5224428,3,10917,2406,1102,31566,77.0,450681.0
1570.526577,5,6771,1490,490,13099,74.0,181713.0
1570.526607,1,11919,1493,507,12935,71.0,183056.0
1570.5293,4,1,4,0,41,51.0,78.378
1570.530661,4,2,6,1,73,51.0,163.59
1570.530974,2,2377,410,222,4034,75.0,129585.0
1570.531566,4,1,1,0,1,46.0,0.0
1570.532255,4,1,1,0,1,45.0,0.0
1570.532761,4,155,9,3,215,54.0,399.079
1570.533476,4,13,26,12,539,56.0,1907.0
1570.535577,2,371,48,21,483,63.0,6314.0
1570.53585,4,1,2,0,1,47.0,0.0
1570.536588,2,1951,238,136,2341,73.0,77699.0
1570.536682,4,1,1,0,5,46.0,13.346
1570.53721,4,1,12,3,244,52.0,378.075
1570.538424,4,84,26,9,342,58.0,1957.0
1570.539275,4,1,2,0,1,48.0,0.0
1570.539452,2,1,13,5,201,56.0,960.266
1570.540045,1,24844,16983,45665,350001,99.0,122728000.0
1570.540183,2,1,6,0,17,53.0,123.981
1570.540207,5,4205,624,245,5692,72.0,119244.0
1570.540715,2,211,144,63,1357,65.0,20393.0
1570.540808,4,323,22,7,381,56.0,871.341
1570.541998,4,2,2,0,2,47.0,3.695
1570.542653,2,1813,252,170,2499,72.0,112384.0
1570.542708,4,251,36,11,386,59.0,2446.0
1570.544392,4,7,29,9,328,60.0,2174.0
1570.5456517,2,1,16,3,95,56.0,728.211
1570.546205,4,1,1,0,1,45.0,0.0
1570.546255,2,1425,223,101,2411,66.0,30929.0
1570.546405,5,8849,1057,319,10799,66.0,75821.0
1570.547648,4,15,6,2,138,51.0,207.904
1570.548292,4,1,6,0,30,52.0,108.216
1570.5491657,2,264,183,96,2628,66.0,27291.0
1570.549387,4,2,6,1,66,51.0,168.583
1570.549975,4,1,1,0,1,47.0,0.0
1570.550913,4,1,3,0,77,48.0,69.844
1570.552338,2,105,121,55,1589,62.0,14047.0
1570.554471,2,746,199,112,2665,69.0,42696.0
1570.5545185,3,10355,2640,53508,350001,99.0,232011000.0
1570.554981,4,2,1,0,2,45.0,7.006
1570.556927,4,1,3,1,76,50.0,103.363
1570.557533,4,16,4,0,18,52.0,93.564
1570.5576357,2,620,107,70,1027,73.0,55550.0
1570.557711,5,9232,5004,2929,40707,90.0,5849000.0
1570.558203,4,2,19,11,311,61.0,2847.0
1570.559165,2,3692,602,396,6143,83.0,499846.0
1570.559565,4,1,18,1,80,53.0,142.835
1570.5601448,4,1,15,2,95,55.0,562.186
1570.560868,4,1,4,0,24,51.0,66.478
1570.561501,4,1,4,0,31,50.0,63.583
1570.562046,4,11,4,1,61,54.0,193.397
1570.562795,4,26,30,17,267,71.0,10607.0
1570.564283,4,1,1,0,1,47.0,0.0
1570.565728,4,634,46,17,731,62.0,3617.0
1570.56581,2,1095,2247,2622,20102,96.0,12288000.0
1570.5669587,4,31,199,241,2793,78.0,308106.0
1570.570299,4,986,52,18,1105,57.0,2069.0
1570.571904,4,1236,120,40,1488,63.0,7898.0
1570.574288,4,91,49,14,698,57.0,2163.0
1570.575489,4,33,26,7,305,56.0,1296.0
1570.576749,4,1,2,0,1,48.0,0.0
1570.577535,4,14,21,6,294,55.0,938.096
1570.578329,4,285,51,17,632,61.0,4160.0
1570.579636,4,2,5,0,2,49.0,4.148
1570.581158,4,1,8,3,227,52.0,346.16
1570.581963,4,1,1,0,8,47.0,22.973
1570.582794,4,1,20,8,525,54.0,899.125
1570.583917,4,1,10,0,52,51.0,113.609
1570.584484,4,1,8,1,103,51.0,198.574
1570.585375,4,1,4,1,114,52.0,106.13
1570.586149,4,1,17,3,97,58.0,940.939
1570.586421,2,5503,1143,707,11495,77.0,482769.0
1570.587015,4,2,14,2,88,55.0,455.189
1570.58761,4,1,6,3,304,52.0,311.565
1570.588715,4,30,14,2,77,55.0,417.649
1570.589858,4,311,24,8,378,58.0,1512.0
1570.590964,4,126,29,11,329,65.0,4357.0
1570.591846,4,12,24,10,173,71.0,6102.0
1570.593601,4,26,20,5,157,57.0,1201.0
1570.594508,4,2,5,0,54,49.0,86.736
1570.595773,4,229,15,5,294,57.0,885.515
1570.596843,4,1,3,0,8,55.0,54.894
1570.597357,4,1,1,0,1,48.0,0.0
1570.598417,2,2,7,2,94,55.0,347.678
1570.598891,4,1,1,0,1,45.0,0.0
1570.598925,5,30,18,3,165,56.0,625.244
1570.599254,2,386,45,18,541,63.0,4555.0
1570.599601,5,20048,19879,44517,350000,99.0,101250000.0
1570.599614,4,5,3,0,12,53.0,61.181
1570.600313,2,715,164,84,1472,69.0,36088.0
1570.600443,4,12,9,2,88,58.0,570.185
1570.601044,4,1,11,2,172,52.0,295.436
1570.602023,4,1,7,0,20,53.0,82.993
1570.602302,2,59,291,252,3285,84.0,485897.0
1570.602544,4,24,25,11,379,56.0,1988.0
1570.603606,4,1,2,0,1,47.0,0.0
1570.605403,4,1,2,0,1,46.0,0.0
1570.606094,2,12294,3130,2154,28188,83.0,2384000.0
1570.606698,4,16,4,0,24,48.0,52.64
1570.607373,4,2,11,2,95,52.0,349.322
1570.6079677,4,3,13,4,241,54.0,628.659
1570.609246,4,18,42,32,376,75.0,34526.0
1570.610883,4,7,8,1,62,54.0,276.72
1570.611619,4,166,25,8,316,57.0,1478.0
1570.612437,4,7,5,0,20,52.0,140.324
1570.613143,4,2,13,3,127,57.0,650.907
1570.614275,4,1,3,0,14,50.0,53.829
1570.615377,4,82,5,1,83,51.0,117.572
1570.616072,4,1,3,0,1,52.0,0.0
1570.616612,4,1,17,6,382,55.0,827.074
1570.618332,4,49,61,39,771,70.0,22202.0
1570.61961,4,1,5,0,7,52.0,53.125
1570.620369,4,1,4,0,1,48.0,0.0
1570.6208698,4,1528,178,87,2697,71.0,37031.0
1570.624427,4,13,11,1,56,54.0,299.086
1570.625018,4,1,2,0,1,46.0,0.0
1570.625523,4,1,14,4,294,51.0,464.467
1570.626398,4,657,45,14,903,54.0,1688.0
1570.628022,4,17,76,25,736,63.0,6721.0
1570.629803,4,162,22,5,252,58.0,988.149
1570.63134,4,8,11,2,78,53.0,322.6
1570.6319178,4,43,14,3,129,51.0,435.435
1570.632871,4,130,43,12,267,60.0,3473.0
1570.633665,4,1,5,0,19,53.0,49.673
1570.634794,2,6264,1225,805,11070,85.0,1021000.0
1570.634939,4,21,8,3,267,53.0,462.94
1570.636099,4,1,8,1,88,52.0,137.275
1570.636908,4,1,8,3,96,58.0,667.254
1570.638599,4,2,4,0,10,51.0,35.378
1570.639113,4,15,10,2,86,53.0,321.17
1570.639757,4,15,9,0,29,53.0,168.931
1570.640856,4,197,61,31,720,68.0,13421.0
1570.642096,4,35,18,8,553,54.0,818.005
1570.643215,4,3,2,0,4,46.0,11.624
1570.644006,4,2,16,4,301,52.0,506.946
1570.645392,4,1,6,1,130,51.0,160.844
1570.646096,4,2,8,1,87,54.0,312.242
1570.646379,2,1518,181,82,1872,66.0,25705.0
1570.64686,4,1,1,0,1,47.0,0.0
1570.647829,4,1,15,3,161,55.0,582.938
1570.648755,2,47185,17553,65535,350001,99.0,302806000.0
1570.648832,4,1,5,0,39,51.0,98.426
1570.64938,4,2,9,1,76,51.0,180.213
1570.650317,4,27,20,4,139,59.0,1070.0
1570.651957,4,2,12,2,112,55.0,423.115
1570.65272,4,14,15,4,239,56.0,723.003
1570.654141,4,1,4,0,1,47.0,0.0
1570.654964,4,12,15,3,131,56.0,676.938
1570.655618,4,118,49,17,755,61.0,3700.0
1570.656878,4,1,2,0,1,48.0,0.0
1570.657391,4,170,31,11,453,65.0,2988.0
1570.659357,4,2,3,0,3,50.0,7.266
1570.6598597,4,3,25,7,226,59.0,1574.0
1570.660604,4,2,6,1,94,50.0,148.493
1570.661303,4,6,12,3,155,57.0,535.501
1570.66218,4,868,78,26,1181,64.0,4721.0
1570.663928,4,75,43,15,535,59.0,3434.0
1570.665253,4,235,38,11,487,59.0,2289.0
1570.666546,4,2,3,0,2,48.0,3.784
1570.667062,4,1,5,0,41,54.0,117.239
1570.667603,4,3,12,2,94,56.0,577.054
1570.668238,4,86,9,2,131,54.0,302.759
1570.669258,4,379,40,16,719,62.0,3506.0
1570.670478,4,646,82,28,948,60.0,6240.0
1570.671931,4,1,6,0,7,48.0,21.798
1570.672735,4,1,4,0,6,49.0,23.823
1570.673275,4,21,14,2,122,55.0,418.235
1570.674069,4,2,16,4,202,56.0,604.693
1570.675205,4,2,68,24,706,63.0,6016.0
1570.67663,4,1,1,0,1,45.0,0.0
1570.677172,4,2,6,0,57,52.0,112.995
1570.67773,4,1,7,0,45,49.0,70.172
1570.679281,4,80,28,7,450,53.0,892.369
1570.680503,4,4,20,7,145,62.0,2463.0
1570.681378,4,13,19,6,322,58.0,1156.0
1570.682212,4,165,10,3,196,53.0,489.629
1570.682923,4,10,33,11,566,59.0,1676.0
1570.68413,4,2,18,4,226,57.0,798.687
1570.685173,4,42,32,12,675,56.0,1683.0
1570.686584,4,2,14,3,171,52.0,445.632
1570.687417,4,8,15,4,204,54.0,655.513
1570.689398,4,38,46,17,694,59.0,3010.0
1570.690723,4,1,18,6,299,58.0,1052.0
1570.692024,4,71,51,18,540,62.0,4792.0
1570.693462,4,1,2,0,1,48.0,0.0
1570.694008,4,60,16,4,181,56.0,716.647
1570.6947,4,1,16,3,165,52.0,384.398
1570.695768,4,39,57,18,940,55.0,2564.0
1570.697445,4,2,35,15,381,63.0,4500.0
1570.698491,4,2,6,0,43,53.0,135.277
1570.699391,4,3,13,3,143,53.0,442.168
1570.700164,4,206,43,31,652,67.0,15876.0
1570.70136,4,2,2,0,2,46.0,5.81
1570.702779,4,2,11,2,103,58.0,417.035
1570.703477,4,1,23,8,476,56.0,1126.0
1570.704739,4,1,3,0,1,49.0,0.0
1570.705504,4,144,23,8,442,57.0,1131.0
1570.707152,4,1,2,0,4,46.0,10.333
1570.707658,4,1,5,0,33,50.0,70.97
1570.708194,4,137,43,15,447,61.0,3573.0
1570.709214,4,41,25,9,464,56.0,1368.0
1570.710343,4,16,23,5,161,58.0,1183.0
1570.711222,4,7,28,6,257,57.0,1386.0
1570.711995,4,3,22,4,194,55.0,742.717
1570.712794,4,1,8,0,20,50.0,53.485
1570.713396,4,747,63,36,1052,66.0,11692.0
1570.715,4,246,50,17,697,62.0,3642.0
1570.716197,4,1,11,2,176,52.0,312.766
1570.716951,4,2,23,5,222,53.0,732.732
1570.7176728,4,9,21,7,330,54.0,941.949
1570.7185018,4,252,42,16,458,64.0,5003.0
1570.71976,4,148,60,23,864,62.0,5586.0
1570.721192,4,2,7,1,63,53.0,128.252
1570.722538,4,4,7,1,70,56.0,337.832
1570.723208,4,23,49,15,668,59.0,2895.0
1570.7243758,4,17,24,8,365,58.0,1544.0
1570.725376,4,29,21,8,435,56.0,1168.0
1570.726317,4,2,7,0,48,49.0,67.929
1570.726956,4,1,9,0,34,52.0,153.492
1570.727932,4,2,5,0,2,49.0,3.55
1570.72844,4,2,3,0,16,50.0,53.54
1570.7289558,4,1,3,0,1,49.0,0.0
1570.729651,4,28,28,10,257,62.0,3305.0
1570.730412,4,1,17,1,76,54.0,306.444
1570.731233,4,1,3,0,1,48.0,0.0
1570.731813,4,18,25,8,257,60.0,2266.0
1570.732941,4,1,5,1,78,49.0,104.624
1570.734043,4,1,7,2,163,49.0,208.943
1570.734748,4,29,10,3,160,52.0,421.278
1570.735447,4,1,1,0,1,46.0,0.0
1570.7359477,4,760,49,17,1056,58.0,2518.0
1570.737876,4,2,25,9,647,53.0,967.582
1570.739173,4,2,130,40,1478,62.0,8039.0
1570.741173,4,341,27,9,618,56.0,1152.0
1570.742417,4,836,92,43,1133,65.0,16174.0
1570.744051,4,106,31,11,474,63.0,3070.0
1570.74506,4,240,38,11,390,61.0,2671.0
1570.746072,4,2,8,0,23,55.0,157.022
1570.746737,4,998,62,20,1075,57.0,2870.0
1570.7483118,4,143,48,18,586,61.0,4066.0
1570.749768,4,990,90,32,1201,66.0,8785.0
1570.751549,4,616,49,19,841,58.0,3397.0
1570.752903,4,2,88,31,1637,55.0,4082.0
1570.75512,4,279,78,27,1148,62.0,5308.0
1570.75677,4,1362,129,53,1744,67.0,16442.0
1570.759162,4,718,104,36,1037,68.0,12787.0
1570.760916,4,547,2415,1517,28485,87.0,2159000.0
1570.789938,4,124,145,45,1983,57.0,6981.0
1570.7924208,4,6,99,35,1594,59.0,5994.0
1570.7945138,4,2925,251,79,3222,61.0,14079.0
1570.7982347,4,1090,380,154,4736,66.0,43164.0
1570.803471,4,2293,422,152,6235,65.0,28806.0
1570.810209,4,11,51,15,591,57.0,2730.0
1570.8113,4,312,75,27,842,62.0,6080.0
1570.812663,4,769,136,79,1883,77.0,72138.0
1570.815051,4,1,5,0,1,49.0,0.0
1570.815672,4,67,435,154,5961,64.0,30930.0
1570.8165348,6,22097,28668,38443,349996,96.0,90454000.0
1570.822158,4,8820,19630,11778,189138,88.0,10168000.0
1570.8903458,1,29041,13821,65535,350001,98.0,216425000.0
1570.9048197,3,28034,5910,65535,350001,99.0,1659000000.0
1570.9499018,5,59867,13732,50175,334007,99.0,218615000.0
1570.9990558,2,14371,10855,65535,281285,99.0,2124000000.0
1571.011833,4,5562,786,318,9875,72.0,94912.0
1571.02221,4,787,121,48,1512,63.0,12053.0
1571.024306,4,742,90,29,923,62.0,6653.0
1571.025734,4,24246,6269,2735,80198,75.0,894733.0
1571.106449,4,6841,1854,881,24711,78.0,447435.0
1571.131774,4,1,3,0,1,47.0,0.0
1571.132291,4,2103,186,65,2579,65.0,13400.0
1571.135428,4,921,404,165,5780,68.0,43784.0
1571.141708,4,709,43,14,714,58.0,2255.0
1571.142983,4,1,5,0,50,50.0,106.757
1571.143534,4,2247,192,70,2636,64.0,13448.0
1571.14667,4,19511,1645,717,21475,78.0,252865.0
1571.1668365,6,39812,7708,15615,113523,99.0,114933000.0
1571.168676,4,6499,777,395,11045,83.0,276784.0
1571.180221,4,1,6,0,1,50.0,0.0
1571.18092,4,25179,9842,11598,99420,97.0,40609000.0
1571.2406458,1,31313,4345,27180,43196,99.0,411300000.0
1571.2551215,3,17302,1948,39570,28745,99.0,924974000.0
1571.2808398,2,70,92,877,3169,89.0,5264000.0
1571.28084,4,46,8,4,365,52.0,443.846
1571.2808835,6,2,7,6,460,51.0,635.716
1571.28174,4,1,25,9,573,54.0,1003.0
1571.2819075,6,541,53,32,2070,58.0,3668.0
1571.282815,4,138,23,14,1093,53.0,1438.0
1571.284395,1,1,6,2,158,50.0,291.11
1571.284688,5,1,2,0,1,47.0,0.0
1571.284711,2,1,1,0,1,50.0,0.0
1571.2847505,6,4,5,1,35,62.0,789.071
1571.2850925,3,1,3,0,27,54.0,113.979
1571.285094,1,1,2,0,1,48.0,0.0
1571.285221,5,22,18,4,215,55.0,585.322
1571.285595,1,1,4,0,1,48.0,0.0
1571.285952,4,162,30,11,454,57.0,2196.0
1571.285975,5,160,74,113,2217,70.0,57417.0
1571.2859795,6,68,32,28,715,66.0,11001.0
1571.2860835,3,1,4,1,122,46.0,134.563
1571.286234,1,1,2,0,1,48.0,0.0
1571.286903,2,1,2,0,1,54.0,0.0
1571.2873895,6,1,1,0,1,46.0,0.0
1571.2879745,3,1,3,0,1,50.0,0.0
1571.288422,4,23,35,14,740,59.0,2492.0
1571.2884675,6,522,51,43,1496,63.0,10192.0
1571.288641,1,2,2,0,2,47.0,5.921
1571.2886918,5,38,62,89,1824,63.0,28875.0
1571.289334,1,1,16,4,128,57.0,915.76
1571.289989,4,1,1,0,1,45.0,0.0
1571.290045,1,1,1,0,1,46.0,0.0
1571.2907,1,54,14,7,370,52.0,872.808
1571.291489,4,14,4,1,73,50.0,153.944
1571.291518,5,158,24,36,646,64.0,14255.0
1571.2915265,6,33,11,12,486,58.0,2362.0
1571.2915815,3,1,3,1,106,47.0,78.942
1571.291638,1,284,8,6,427,50.0,667.318
1571.29202,2,7,7,2,45,62.0,999.267
1571.2923145,3,2,2,0,9,47.0,17.593
1571.292613,1,1,35,12,631,55.0,1750.0
1571.292747,2,28,29,23,564,62.0,6983.0
1571.292768,5,35,36,11,609,53.0,1294.0
1571.292769,4,34,36,13,842,53.0,1493.0
1571.2927955,6,1,20,8,581,52.0,898.824
1571.2928245,3,38,21,18,474,64.0,5367.0
1571.293757,1,1,2,0,40,47.0,41.254
1571.2938635,3,4,3,1,198,47.0,135.334
1571.294235,2,1,4,2,104,52.0,234.059
1571.29425,5,1,8,2,142,50.0,195.454
1571.295511,5,57,3,2,174,51.0,321.014
1571.295522,1,68,6,14,512,55.0,2519.0
1571.2961575,3,2,13,5,416,55.0,614.081
1571.297048,5,1,3,0,62,47.0,73.164
1571.297062,1,47,2,3,130,52.0,527.948
1571.297089,4,2,1,0,2,45.0,3.324
1571.2976905,3,229,20,16,581,59.0,3398.0
1571.298637,1,178,13,37,787,62.0,14661.0
1571.298851,5,1,6,0,8,49.0,22.703
1571.300009,1,1,2,0,6,48.0,18.081
1571.3000945,3,1,2,0,1,49.0,0.0
1571.30078,1,198,13,26,934,58.0,5465.0
1571.301316,5,1,6,0,1,49.0,0.0
1571.30225,5,1,31,10,574,53.0,1214.0
1571.302315,1,1,25,7,509,52.0,794.78
1571.3023535,3,1,30,9,526,54.0,1198.0
1571.30238,2,1,33,19,524,60.0,4534.0
1571.30239,4,158,34,10,514,54.0,1380.0
1571.3024435,6,1,16,5,411,50.0,551.752
1571.30372,2,14,6,4,99,56.0,1132.0
1571.3039765,3,30,9,5,179,54.0,871.147
1571.3056155,6,1,3,0,44,48.0,75.353
1571.3063465,3,1,3,0,48,47.0,30.838
1571.306418,1,1,2,0,1,45.0,0.0
1571.306566,2,1,2,0,1,51.0,0.0
1571.307618,5,2,7,1,70,51.0,141.954
1571.3101875,3,7,3,1,56,50.0,131.143
1571.3108905,3,72,60,329,2330,81.0,672786.0
1571.310921,2,315,25,348,1371,78.0,791926.0
1571.310936,1,173,36,41,981,64.0,12274.0
1571.3112745,6,208,5,14,518,55.0,2467.0
1571.312088,5,1,2,0,1,45.0,0.0
1571.3123175,6,1,2,0,1,45.0,0.0
1571.312427,1,2,2,0,42,49.0,66.027
1571.312836,2,2,4,1,75,52.0,260.228
1571.313755,2,212,30,572,980,87.0,3777000.0
1571.313787,1,239,30,63,779,68.0,40387.0
1571.3137885,3,214,48,274,2180,79.0,549741.0
1571.3140505,6,182,7,18,857,54.0,2140.0
1571.315388,2,1,12,9,339,56.0,1549.0
1571.315685,1,1,1,0,1,45.0,0.0
1571.316345,5,1,4,0,20,48.0,28.522
1571.319473,5,1,1,0,25,46.0,29.25
1571.320471,2,1,4,0,1,52.0,0.0
1571.321604,2,183,3,4,185,52.0,720.857
1571.323917,1,1,2,0,1,48.0,0.0
1571.3248745,6,16,1,0,18,48.0,49.373
1571.329581,4,2,1,0,3,45.0,6.879
1571.330185,5,1,9,0,25,52.0,129.996
1571.331735,1,2,3,1,80,48.0,131.856
1571.3329,5,1,1,0,1,45.0,0.0
1571.335276,1,1,5,0,45,50.0,124.146
1571.337144,4,1,3,0,19,50.0,56.552
1571.337152,5,2,6,1,48,52.0,132.57
1571.3372315,3,2,1,0,41,47.0,62.208
1571.337316,1,2,1,0,4,46.0,12.858
1571.3384325,6,1,2,0,27,51.0,54.998
1571.342581,1,1,3,1,141,47.0,124.709
1571.3427645,3,1,2,1,176,49.0,83.178
1571.344772,1,9,5,3,178,53.0,430.817
1571.347136,5,2,5,0,3,49.0,9.141
1571.348539,5,37,55,176,1246,76.0,241797.0
1571.34859,1,46,7,14,331,60.0,4241.0
1571.350918,5,1,2,0,1,47.0,0.0
1571.3509955,3,2,1,0,3,45.0,7.107
1571.351093,1,1,6,3,248,51.0,373.039
1571.3521965,6,43,4,4,147,55.0,784.893
1571.352198,5,61,21,12,657,54.0,1491.0
1571.352209,4,9,6,2,129,52.0,313.379
1571.352248,2,3,7,5,154,54.0,959.653
1571.352262,1,67,3,1,71,49.0,164.11
1571.3522715,3,104,6,2,114,47.0,222.081
1571.355741,5,1,2,0,1,48.0,0.0
1571.357174,2,2,4,1,35,54.0,193.138
1571.357476,5,2,2,0,3,45.0,6.483
1571.358158,1,1,5,1,58,54.0,175.405
1571.358828,5,2,3,0,36,50.0,78.923
1571.3589245,3,1,1,0,1,45.0,0.0
1571.3614795,6,1,1,0,1,45.0,0.0
1571.36256,2,7,5,3,112,57.0,663.205
1571.3632125,6,1,1,0,1,45.0,0.0
1571.368208,1,2,3,0,14,53.0,46.96
1571.3687085,3,100,11,5,229,52.0,786.904
1571.3694525,3,30,16,36,726,63.0,14117.0
1571.369477,2,93,14,35,678,62.0,11727.0
1571.36951,1,82,7,4,288,50.0,406.67
1571.3700005,6,306,8,18,928,50.0,2047.0
1571.370306,1,1,1,0,6,47.0,17.903
1571.370933,1,56,3,0,60,47.0,91.516
1571.3717375,6,2,1,0,2,45.0,3.132
1571.371828,2,2,2,6,184,54.0,1019.0
1571.372318,1,1,1,0,1,45.0,0.0
1571.372948,1,1,1,0,1,45.0,0.0
1571.3750755,3,1,1,0,1,45.0,0.0
1571.3756175,3,2,2,0,9,49.0,35.702
1571.380822,2,1,3,0,10,57.0,203.634
1571.381351,5,1,1,0,1,45.0,0.0
1571.381968,5,1,1,0,1,46.0,0.0
1571.397383,1,1,1,0,1,45.0,0.0
1571.399534,2,20,5,2,56,58.0,560.82
1571.403958,1,70,11,8,352,54.0,1133.0
1571.407295,5,3,3,0,43,50.0,109.935
1571.417265,1,92,22,14,383,55.0,3095.0
1571.428281,1,2,5,0,45,52.0,116.776
1571.438927,1,1,4,0,50,48.0,84.02
1571.45389,1,35,16,23,687,61.0,5052.0
1571.4539315,6,52,3,1,57,48.0,152.474
1571.4539415,3,67,6,3,151,51.0,451.958
1571.454009,2,87,5,3,89,55.0,859.755
1571.464521,4,2,1,0,3,47.0,9.453
1571.468482,1,2,7,2,70,55.0,584.94
1571.477641,2,1,6,3,72,59.0,1125.0
1571.505014,1,1,2,0,21,50.0,38.185
1571.50989,5,10,9,4,214,56.0,612.353
1571.511152,2,1,2,0,1,50.0,0.0
1571.516466,5,1,1,0,1,45.0,0.0
1571.5195135,6,35,7,5,203,57.0,1050.0
1571.5211765,3,47,4,1,58,50.0,161.187
1571.524086,5,13,11,2,45,58.0,863.475
1571.532205,5,2,5,0,12,48.0,20.831
1571.534218,1,1,2,0,10,46.0,17.356
1571.546793,5,48,18,7,226,60.0,2030.0
1571.5469495,3,58,2,0,60,47.0,89.247
1571.548186,1,1,4,1,50,52.0,140.054
1571.5515885,3,1,2,0,28,49.0,51.087
1571.5759555,3,1,1,0,12,45.0,24.335
1571.595537,4,1,3,0,17,50.0,46.624
1571.595543,5,1,2,0,1,45.0,0.0
1571.610286,2,26,5,2,72,53.0,443.185
1571.626475,1,53,15,5,168,59.0,1360.0
1571.637991,1,2,2,0,16,49.0,52.719
1572.1931165,3,1,1,0,1,45.0,0.0
1572.293918,5,4,3,0,46,50.0,130.366
1572.311019,5,4,1,0,5,48.0,17.975
1572.4708565,6,1,1,0,1,45.0,0.0
1572.475458,1,33,5,2,146,49.0,287.355
1572.614772,1,2,6,2,149,50.0,273.442
1572.664202,1,1,3,0,45,47.0,46.502
1572.6963995,3,1,2,0,31,50.0,57.882
1572.7154995,3,2,2,0,48,45.0,51.563
1572.808566,1,2,1,0,5,48.0,22.42
1573.177074,5,1,6,1,45,51.0,127.54
1573.2320265,3,1,4,0,29,50.0,58.236
1573.263365,1,35,2,1,63,49.0,165.583
1573.5039385,3,2,2,0,2,46.0,13.351
1573.5077075,3,1,1,0,1,45.0,0.0
1573.660485,4,1,1,0,1,45.0,0.0
1573.666083,5,1,1,0,1,45.0,0.0
1573.683675,4,1,1,0,1,48.0,0.0
1574.087375,5,1,3,0,1,50.0,0.0
1574.281423,1,76,2,1,81,47.0,134.918
1574.5337395,3,2,1,0,3,48.0,15.741
1574.566428,1,1,8,2,71,59.0,783.529
1574.8172355,3,9,5,2,102,50.0,270.218
1574.826857,1,41,5,2,85,51.0,350.181
1575.448381,1,40,5,2,93,51.0,253.536
1575.479522,2,1,1,0,16,51.0,81.131
