Time,CH,RISE,COUN,ENER,DURATION,AMP,ABS_E
2.787216,1,2,1,0,2,45.0,3.784
10.0605155,3,1,2,0,43,49.0,40.225
22.430123,1,1,1,0,1,45.0,0.0
27.3880125,3,1,1,0,1,45.0,0.0
35.5691425,3,1,1,0,5,48.0,15.632
35.7725085,3,1,1,0,1,45.0,0.0
39.0108615,3,1,1,0,6,45.0,10.017
39.062741,5,2,3,0,2,48.0,5.628
42.8716455,3,1,2,0,5,48.0,15.976
42.87167,1,1,1,0,1,45.0,0.0
44.2093095,3,2,1,0,2,45.0,3.213
46.9344035,3,1,1,0,1,45.0,0.0
50.58255,1,1,1,0,1,47.0,0.0
53.7417465,3,1,1,0,1,45.0,0.0
53.741763,1,1,1,0,1,45.0,0.0
55.2113345,3,1,1,0,5,45.0,7.626
64.5987245,3,1,1,0,1,45.0,0.0
71.7378785,3,1,1,0,1,45.0,0.0
93.5515185,3,1,1,0,4,48.0,10.434
93.551531,1,4,1,0,5,46.0,18.014
119.2327955,3,2,1,0,2,45.0,6.846
125.1757445,3,1,1,0,1,45.0,0.0
133.1701145,3,1,1,0,1,45.0,0.0
133.170129,1,1,1,0,1,45.0,0.0
137.4006355,3,2,1,0,41,47.0,35.086
137.400644,1,1,2,0,1,46.0,0.0
142.971051,5,1,1,0,1,45.0,0.0
163.873864,1,1,1,0,1,45.0,0.0
172.6552465,3,1,1,0,1,45.0,0.0
173.92324,5,1,1,0,1,45.0,0.0
184.906327,5,1,5,0,4,46.0,7.904
194.106557,5,1,4,0,1,46.0,0.0
197.187652,5,1,5,0,42,49.0,35.656
197.763803,5,1,5,1,77,47.0,104.44
200.196904,5,1,1,0,1,45.0,0.0
200.293677,5,1,5,1,74,47.0,99.258
200.869823,5,1,7,1,80,47.0,117.594
203.347969,5,1,1,0,1,45.0,0.0
204.019785,5,1,6,1,77,47.0,113.622
204.7030455,3,1,1,0,1,45.0,0.0
206.508958,5,1,1,0,1,45.0,0.0
207.180455,5,1,7,1,80,48.0,124.631
209.596568,5,1,3,0,54,46.0,50.591
210.268466,5,1,6,1,80,48.0,134.618
213.331659,5,1,6,0,42,48.0,46.42
216.384748,5,1,7,0,53,48.0,77.127
219.430738,5,1,8,0,42,48.0,49.31
222.498585,5,1,10,0,45,48.0,62.585
225.549065,5,1,9,0,53,48.0,84.444
228.628058,5,1,8,1,77,49.0,144.183
232.586427,5,1,5,0,1,47.0,0.0
232.682504,5,1,10,1,76,48.0,155.312
236.635066,5,1,2,0,24,46.0,35.91
236.730863,5,1,10,1,80,49.0,175.24
239.826074,5,1,10,1,80,49.0,182.9
242.770182,5,1,5,0,1,46.0,0.0
242.866205,5,1,10,1,79,49.0,183.014
245.816236,5,1,6,0,42,48.0,52.092
245.913118,5,1,11,1,77,49.0,176.031
248.963387,5,1,7,0,42,47.0,53.865
252.128167,5,1,7,0,48,47.0,71.815
256.032763,5,1,12,1,91,49.0,228.401
260.170419,5,1,7,0,45,48.0,75.023
263.281148,5,1,12,2,97,49.0,254.776
263.377277,5,1,5,0,7,48.0,19.355
266.549879,5,1,6,1,79,48.0,141.726
269.691789,5,1,7,1,79,49.0,142.629
272.861691,5,1,7,1,76,49.0,130.21
276.058714,5,1,8,1,76,48.0,138.389
279.18671,5,1,7,1,76,48.0,121.188
282.077029,5,1,8,1,59,48.0,119.275
282.268542,5,1,8,1,59,49.0,119.352
285.207829,5,1,7,1,79,49.0,142.209
285.399508,5,1,8,1,57,49.0,110.743
288.34484,5,1,9,1,59,49.0,120.868
288.537251,5,1,8,0,19,48.0,44.244
292.259621,5,1,4,1,64,48.0,96.541
292.451147,5,1,7,0,45,49.0,94.511
296.743228,5,1,8,1,57,49.0,118.661
296.934919,5,1,9,1,59,49.0,130.319
300.425444,5,1,9,0,19,49.0,53.225
300.617028,5,1,4,0,27,48.0,41.8
303.701026,5,1,7,0,31,49.0,86.97
306.593498,5,1,7,0,45,49.0,103.939
306.785096,5,1,6,0,44,49.0,97.298
311.976138,5,2,2,0,8,48.0,34.89
575.055497,4,1,1,0,1,48.0,0.0
755.241213,1,1,2,0,19,48.0,25.759
798.1739065,3,1,1,0,1,45.0,0.0
820.2005325,3,1,1,0,1,45.0,0.0
827.6494465,6,1,1,0,1,45.0,0.0
890.684433,1,1,1,0,1,45.0,0.0
905.473131,5,2,1,0,3,45.0,7.913
905.4731345,6,1,1,0,1,47.0,0.0
905.606856,4,1,1,0,1,45.0,0.0
907.9279895,3,2,1,0,5,47.0,14.116
915.413577,5,2,2,0,4,49.0,28.256
915.413622,1,2,1,0,2,46.0,5.921
943.317987,5,1,1,0,1,47.0,0.0
943.3180095,6,1,1,0,1,45.0,0.0
949.4268365,6,2,17,5,107,69.0,3602.0
957.846592,1,2,1,0,2,45.0,6.375
961.67858,5,2,1,0,2,47.0,11.061
976.881217,4,1,1,0,1,45.0,0.0
1001.3519225,3,1,1,0,1,45.0,0.0
1011.5672605,6,1,1,0,1,45.0,0.0
1011.567265,5,1,3,0,1,46.0,0.0
1014.8992105,3,1,1,0,1,45.0,0.0
1032.7100695,6,2,2,0,27,49.0,52.626
1094.7978165,6,1,4,0,22,48.0,38.475
1138.3613825,3,1,1,0,1,45.0,0.0
1139.4905765,3,1,1,0,4,47.0,10.548
1179.8788955,6,1,1,0,1,45.0,0.0
1179.8789045,3,1,1,0,1,46.0,0.0
1194.504717,1,1,2,0,1,47.0,0.0
1207.797955,1,1,1,0,1,45.0,0.0
1212.4039325,3,1,1,0,1,45.0,0.0
1218.3030075,3,1,1,0,1,48.0,0.0
1218.303023,1,1,1,0,1,45.0,0.0
1229.5888435,6,1,1,0,1,45.0,0.0
1234.8905605,6,2,1,0,3,46.0,8.36
1235.1215755,3,1,1,0,1,45.0,0.0
1244.6956675,3,1,2,0,7,49.0,28.543
1255.9571835,3,1,1,0,1,45.0,0.0
1258.267697,1,1,1,0,1,47.0,0.0
1258.2677075,3,2,1,0,5,46.0,11.145
1263.1939955,6,1,1,0,1,45.0,0.0
1263.389161,5,2,1,0,2,45.0,4.305
1269.7045885,3,1,1,0,1,45.0,0.0
1284.8123395,6,1,2,0,1,46.0,0.0
1285.8031425,6,1,1,0,1,45.0,0.0
1290.644957,4,1,1,0,1,48.0,0.0
1293.524699,1,2,1,0,3,46.0,9.452
1293.641273,5,2,2,0,2,47.0,6.222
1295.1302275,6,1,1,0,1,45.0,0.0
1295.8443475,6,2,1,0,2,45.0,6.26
1297.3147425,3,1,4,0,1,47.0,0.0
1299.762927,5,2,2,0,3,46.0,9.402
1305.6316485,3,1,3,1,93,48.0,92.788
1305.6317045,6,1,1,0,1,45.0,0.0
1315.10349,4,2,2,0,2,49.0,4.148
1322.8601105,3,1,1,0,1,45.0,0.0
1324.731966,4,2,1,0,2,49.0,9.829
1325.465301,1,1,1,0,1,47.0,0.0
1325.4653145,6,1,2,0,1,45.0,0.0
1328.223578,1,1,1,0,1,49.0,0.0
1328.525892,1,1,1,0,1,46.0,0.0
1330.473159,1,1,1,0,1,45.0,0.0
1333.4181865,3,1,2,0,24,47.0,20.702
1333.4182175,6,1,2,0,1,47.0,0.0
1340.0185495,6,1,1,0,1,45.0,0.0
1345.1206325,3,1,1,0,4,45.0,7.39
1345.7122995,3,1,1,0,1,45.0,0.0
1349.7575795,3,1,1,0,1,45.0,0.0
1355.0511095,3,1,1,0,1,46.0,0.0
1362.7024325,6,1,2,0,71,46.0,48.348
1363.784161,1,2,1,0,3,47.0,10.686
1364.980771,1,1,1,0,1,45.0,0.0
1365.1589705,6,1,2,0,4,49.0,16.231
1365.8717965,3,1,1,0,1,45.0,0.0
1371.64268,2,20,20,10,176,66.0,5197.0
1373.055279,5,2,1,0,3,46.0,8.554
1373.553357,5,2,7,2,38,66.0,1482.0
1373.59876,5,1,1,0,1,45.0,0.0
1373.7149495,6,1,1,0,1,45.0,0.0
1376.724035,1,1,1,0,1,45.0,0.0
1376.9786765,3,1,1,0,1,45.0,0.0
1377.7047225,3,1,1,0,1,46.0,0.0
1380.0222085,6,1,1,0,1,45.0,0.0
1380.090486,1,1,1,0,1,45.0,0.0
1385.445735,1,2,1,0,3,46.0,9.266
1386.0955885,6,2,1,0,2,45.0,3.324
1386.3027105,3,1,1,0,1,47.0,0.0
1386.6032905,3,1,5,0,43,48.0,66.216
1386.603304,5,12,5,0,14,49.0,46.671
1386.6033315,6,1,3,0,14,48.0,20.29
1386.603386,1,1,1,0,1,48.0,0.0
1388.998254,5,2,2,0,3,49.0,30.055
1390.8854095,6,1,2,0,8,48.0,19.33
1397.279101,1,1,1,0,1,45.0,0.0
1397.994619,1,1,1,0,1,45.0,0.0
1398.2446735,6,1,1,0,1,46.0,0.0
1403.0412455,6,1,1,0,1,45.0,0.0
1403.0772295,6,1,1,0,1,45.0,0.0
1403.105141,5,2,1,0,3,46.0,9.243
1403.308733,1,2,2,0,2,49.0,24.132
1406.1282095,6,1,1,0,1,45.0,0.0
1417.011514,5,1,1,0,1,45.0,0.0
1418.7354175,6,1,2,0,1,46.0,0.0
1419.732052,5,1,2,0,1,46.0,0.0
1419.7320575,3,1,1,0,1,45.0,0.0
1420.484654,1,1,1,0,1,45.0,0.0
1420.763116,5,1,1,0,1,45.0,0.0
1424.227633,1,2,1,0,2,46.0,7.333
1424.968947,5,2,1,0,3,45.0,8.227
1427.883879,5,3,5,0,4,48.0,27.763
1430.4507865,6,2,1,0,5,47.0,16.215
1430.7710605,3,1,1,0,1,45.0,0.0
1430.771069,1,1,4,0,1,49.0,0.0
1430.83484,5,3,7,1,18,66.0,2001.0
1431.0607015,6,1,1,0,1,45.0,0.0
1431.9028285,3,1,1,0,1,45.0,0.0
1434.076636,5,2,1,0,2,45.0,5.342
1435.4593375,3,1,1,0,1,48.0,0.0
1435.877661,5,1,3,0,1,47.0,0.0
1435.877675,1,1,2,0,1,46.0,0.0
1435.939507,5,3,2,0,5,48.0,35.864
1436.1287605,3,1,5,0,1,48.0,0.0
1436.879277,1,1,1,0,1,45.0,0.0
1437.013929,5,2,4,0,5,48.0,24.864
1437.330047,1,2,1,0,3,49.0,17.396
1437.3300695,3,1,2,0,4,48.0,10.099
1437.4514,5,2,1,0,3,47.0,8.751
1437.4671845,3,1,1,0,1,45.0,0.0
1437.467192,1,1,1,0,1,45.0,0.0
1439.3722035,3,1,1,0,1,45.0,0.0
1439.912131,5,1,1,0,1,46.0,0.0
1440.13117,1,1,1,0,1,45.0,0.0
1442.6871,5,2,3,0,4,48.0,15.413
1442.68711,1,1,1,0,1,46.0,0.0
1443.0009365,6,1,2,0,4,49.0,17.325
1443.0321875,6,1,1,0,1,47.0,0.0
1443.082895,5,1,4,0,4,48.0,10.804
1443.249035,5,1,1,0,5,48.0,13.304
1444.699311,1,2,7,1,42,66.0,939.261
1444.996213,5,2,1,0,2,45.0,4.179
1445.6827195,3,1,1,0,1,45.0,0.0
1445.936295,1,1,1,0,1,48.0,0.0
1446.711449,1,2,3,0,2,49.0,5.064
1446.7630895,6,1,1,0,1,45.0,0.0
1448.1286775,6,1,1,0,1,45.0,0.0
1448.4651845,6,1,1,0,1,46.0,0.0
1448.8233065,3,1,2,0,1,49.0,0.0
1448.823342,5,2,1,0,2,45.0,3.464
1449.2440445,6,1,1,0,1,45.0,0.0
1449.5027045,3,1,1,0,1,45.0,0.0
1449.507886,1,1,1,0,1,47.0,0.0
1449.746615,5,2,2,0,3,45.0,9.02
1449.8987175,6,1,2,0,1,47.0,0.0
1449.929544,1,1,1,0,1,45.0,0.0
1451.690474,5,2,2,0,2,46.0,4.025
1451.8204565,6,1,1,0,4,46.0,7.609
1452.180301,5,1,1,0,1,45.0,0.0
1452.948118,1,2,2,0,2,46.0,7.837
1454.0383405,6,1,1,0,1,48.0,0.0
1454.1455275,6,1,1,0,4,49.0,11.954
1454.3651515,6,1,1,0,1,45.0,0.0
1454.445576,5,2,1,0,2,47.0,9.639
1454.7353355,6,1,1,0,4,46.0,7.613
1454.7561755,6,1,1,0,1,47.0,0.0
1455.575667,5,1,1,0,1,47.0,0.0
1455.5756825,6,1,1,0,1,45.0,0.0
1455.9538555,6,1,1,0,1,47.0,0.0
1456.4085005,3,1,1,0,1,45.0,0.0
1456.4094685,3,1,1,0,1,45.0,0.0
1458.2288365,6,1,1,0,1,45.0,0.0
1460.350517,5,2,1,0,2,47.0,5.064
1460.35052,1,1,1,0,1,45.0,0.0
1461.0602235,3,1,1,0,1,45.0,0.0
1461.156147,5,2,2,0,5,48.0,17.592
1461.433349,1,5,29,8,191,66.0,3304.0
1461.433397,4,1,1,0,1,49.0,0.0
1461.7113085,6,1,1,0,1,45.0,0.0
1462.1044775,3,1,1,0,48,46.0,40.901
1463.2912505,3,1,2,0,1,45.0,0.0
1463.291265,1,1,3,0,1,49.0,0.0
1463.825454,5,2,1,0,2,46.0,3.213
1463.9243425,3,1,1,0,4,47.0,11.822
1463.924359,5,2,6,0,2,48.0,3.695
1463.9243865,6,1,1,0,1,45.0,0.0
1464.1179965,6,1,1,0,1,45.0,0.0
1464.187304,5,1,1,0,1,48.0,0.0
1464.8594445,6,1,2,0,1,46.0,0.0
1464.9893765,6,2,2,0,2,48.0,10.411
1465.221826,1,1,1,0,1,45.0,0.0
1465.302421,5,3,2,0,4,48.0,25.871
1466.3560425,6,1,2,0,1,46.0,0.0
1466.5091755,3,1,1,0,4,46.0,9.892
1467.547348,1,2,1,0,2,47.0,17.22
1467.724962,1,2,1,0,2,45.0,3.324
1467.8992945,3,1,1,0,1,45.0,0.0
1467.899318,1,2,1,0,3,46.0,8.051
1468.051376,1,2,2,0,2,49.0,31.863
1468.087785,1,1,1,0,1,45.0,0.0
1468.2546375,6,2,1,0,2,45.0,17.988
1468.458326,1,2,1,0,2,46.0,3.435
1468.8170315,3,1,1,0,1,45.0,0.0
1469.571358,1,2,1,0,2,47.0,5.628
1470.201225,1,1,2,0,1,47.0,0.0
1470.2458675,3,1,1,0,1,45.0,0.0
1470.3232865,3,2,1,0,2,45.0,8.535
1470.525358,5,1,1,0,1,47.0,0.0
1470.985855,1,1,1,0,1,46.0,0.0
1470.9876025,3,1,1,0,1,45.0,0.0
1470.9876255,6,1,1,0,1,46.0,0.0
1471.6164525,6,1,1,0,4,48.0,11.837
1471.8280325,3,1,1,0,1,45.0,0.0
1472.986697,1,2,19,10,145,74.0,10051.0
1472.986775,5,1,1,0,1,45.0,0.0
1473.189199,1,2,1,0,2,45.0,10.021
1473.9541755,3,1,1,0,1,45.0,0.0
1474.238182,5,1,2,0,1,48.0,0.0
1474.2898925,6,1,1,0,1,48.0,0.0
1474.391524,1,3,1,0,4,48.0,27.412
1474.411727,5,1,1,0,1,45.0,0.0
1474.5572535,6,1,1,0,1,45.0,0.0
1476.2908615,6,2,1,0,3,47.0,10.243
1477.189644,5,3,1,0,4,47.0,25.856
1477.41956,1,2,2,0,2,45.0,11.214
1477.427455,1,2,4,0,3,49.0,21.27
1477.761596,1,2,2,0,5,48.0,32.453
1477.811891,5,2,3,0,5,49.0,29.581
1478.1619465,3,1,1,0,1,45.0,0.0
1478.8256165,6,1,1,0,1,46.0,0.0
1479.5442345,6,2,2,0,2,47.0,24.132
1479.5442575,3,2,3,0,10,49.0,42.241
1479.544278,1,1,4,0,1,48.0,0.0
1479.6099785,6,1,1,0,1,45.0,0.0
1479.6140755,6,2,1,0,2,45.0,4.055
1480.5758475,6,1,2,0,1,48.0,0.0
1480.9017835,3,1,1,0,1,45.0,0.0
1480.901797,1,2,1,0,3,48.0,12.188
1481.9600665,3,1,1,0,1,45.0,0.0
1481.960075,1,2,3,0,3,48.0,13.413
1482.061499,1,2,18,8,118,72.0,6964.0
1482.062168,1,2,1,0,2,46.0,3.665
1482.1321905,3,1,2,0,4,49.0,14.869
1482.132206,5,1,4,0,1,49.0,0.0
1482.3182835,3,1,1,0,1,45.0,0.0
1482.468883,5,1,1,0,1,47.0,0.0
1482.5045835,6,3,6,1,25,66.0,1142.0
1482.5046255,3,2,1,0,6,49.0,22.328
1482.664071,1,1,1,0,1,45.0,0.0
1482.671161,1,2,2,0,2,47.0,15.493
1482.8722775,3,1,1,0,1,45.0,0.0
1482.87232,5,1,4,0,20,49.0,59.847
1483.1685515,3,1,1,0,1,45.0,0.0
1483.168555,5,2,2,0,12,49.0,33.056
1483.343716,5,2,3,0,2,48.0,5.81
1483.969111,1,2,1,0,2,45.0,10.07
1484.006544,1,3,2,0,4,47.0,18.317
1484.1820875,3,1,1,0,1,48.0,0.0
1485.263141,5,1,1,0,1,46.0,0.0
1485.2807395,6,2,2,0,3,48.0,12.272
1485.2858215,6,2,1,0,2,46.0,3.903
1485.4510255,6,1,3,1,99,49.0,110.662
1485.4510405,3,1,2,0,24,46.0,24.582
1485.4852055,6,3,12,3,63,66.0,1804.0
1485.547563,1,2,3,0,3,47.0,11.256
1485.743868,5,2,1,0,2,45.0,12.744
1485.9263655,3,1,1,0,1,45.0,0.0
1487.029688,1,1,3,0,1,48.0,0.0
1487.980366,1,2,9,2,65,66.0,1077.0
1488.791076,5,2,2,0,39,47.0,60.117
1488.907985,5,1,5,0,24,48.0,29.467
1488.933829,5,3,3,0,4,48.0,20.42
1489.274768,1,1,4,0,23,47.0,48.608
1489.2747715,6,1,2,0,1,45.0,0.0
1489.304004,1,1,1,0,1,45.0,0.0
1489.427736,1,1,1,0,1,45.0,0.0
1490.023424,5,1,5,0,8,49.0,25.477
1490.414752,1,1,1,0,1,45.0,0.0
1491.009449,1,1,4,0,1,47.0,0.0
1491.4367985,3,1,1,0,1,45.0,0.0
1491.562034,4,1,1,0,1,46.0,0.0
1491.995256,5,2,2,0,3,46.0,7.392
1492.779046,1,3,16,8,118,72.0,9347.0
1492.784221,1,1,1,0,1,45.0,0.0
1493.0681735,6,1,1,0,1,45.0,0.0
1493.2560055,3,1,3,1,91,46.0,78.074
1493.303537,5,1,1,0,1,45.0,0.0
1493.3547335,6,1,3,0,32,48.0,57.275
1493.520734,5,1,2,0,1,46.0,0.0
1493.520737,1,1,1,0,13,46.0,14.438
1493.550902,5,2,2,0,6,48.0,30.119
1496.038903,5,4,4,0,11,49.0,59.662
1496.1234765,3,1,1,0,1,46.0,0.0
1496.123486,5,2,2,0,5,46.0,16.578
1496.123491,1,1,2,0,4,47.0,10.891
1496.1235115,6,1,1,0,1,47.0,0.0
1496.375067,5,1,5,0,1,49.0,0.0
1497.26452,1,2,1,0,2,46.0,6.414
1497.466355,1,1,1,0,1,47.0,0.0
1497.466361,5,1,1,0,1,48.0,0.0
1497.9672,5,1,1,0,1,45.0,0.0
1498.2443235,6,2,1,0,3,48.0,16.357
1498.547073,1,1,1,0,1,45.0,0.0
1498.9184945,3,2,3,0,40,49.0,51.739
1499.2055115,3,1,1,0,1,47.0,0.0
1499.2055255,6,1,3,0,1,49.0,0.0
1499.2973815,6,1,2,0,1,45.0,0.0
1499.297384,1,2,2,0,5,48.0,24.468
1499.5303865,6,1,1,0,1,48.0,0.0
1500.4507935,6,1,1,0,1,45.0,0.0
1500.5113285,3,1,1,0,1,45.0,0.0
1500.560325,1,1,1,0,1,47.0,0.0
1500.708528,1,1,1,0,1,45.0,0.0
1500.8392655,6,1,1,0,1,45.0,0.0
1500.864787,5,1,1,0,1,47.0,0.0
1500.8759135,6,2,1,0,2,45.0,4.562
1500.913253,1,6,13,5,74,66.0,2704.0
1500.920054,1,2,1,0,3,45.0,7.054
1501.072787,4,1,2,0,11,49.0,34.41
1501.1145185,3,1,3,0,10,48.0,25.571
1501.256687,1,3,2,0,4,49.0,19.939
1501.351015,5,2,1,0,3,45.0,9.015
1501.401909,5,1,1,0,1,46.0,0.0
1501.5146075,6,1,1,0,1,48.0,0.0
1501.6227315,6,2,3,0,2,46.0,8.58
1501.7035355,6,2,1,0,3,47.0,9.423
1501.703536,1,1,1,0,1,45.0,0.0
1501.816754,1,2,2,0,10,49.0,61.412
1502.0683225,6,2,1,0,4,49.0,16.673
1502.3154865,6,1,1,0,1,45.0,0.0
1502.393876,5,2,1,0,4,46.0,14.074
1502.404023,1,1,2,0,1,48.0,0.0
1502.436238,5,3,3,0,6,48.0,25.978
1502.4854175,6,1,2,0,1,48.0,0.0
1502.485448,5,2,2,0,2,47.0,4.927
1502.485466,1,1,2,0,1,47.0,0.0
1502.4942895,3,1,1,0,1,45.0,0.0
1502.576856,5,2,1,0,3,49.0,16.112
1502.677986,5,1,1,0,1,45.0,0.0
1502.758273,1,1,2,0,1,49.0,0.0
1503.5626785,6,1,1,0,1,45.0,0.0
1503.634209,5,2,3,0,2,48.0,5.958
1503.6342405,3,1,1,0,45,47.0,32.005
1503.777338,5,1,1,0,1,45.0,0.0
1503.8255235,3,1,1,0,1,45.0,0.0
1503.825547,5,1,1,0,1,49.0,0.0
1503.832667,4,1,1,0,1,45.0,0.0
1503.9509785,6,1,1,0,1,45.0,0.0
1504.0883425,6,1,1,0,1,45.0,0.0
1504.5336475,6,1,1,0,1,47.0,0.0
1504.652886,5,1,2,0,1,47.0,0.0
1504.6528865,3,1,1,0,1,46.0,0.0
1504.6529245,6,1,1,0,1,45.0,0.0
1504.668287,1,2,1,0,3,47.0,11.694
1504.6953055,6,2,2,0,3,49.0,15.911
1504.695319,1,1,2,0,1,47.0,0.0
1504.7286765,6,1,1,0,1,45.0,0.0
1504.8306575,6,1,1,0,1,48.0,0.0
1504.8929315,6,1,1,0,1,45.0,0.0
1504.96893,1,2,2,0,2,49.0,3.695
1505.189028,1,12,21,12,163,67.0,7640.0
1505.3401665,6,1,1,0,1,45.0,0.0
1505.4836385,3,1,1,0,1,45.0,0.0
1505.6464535,6,2,2,0,5,49.0,19.374
1505.668522,1,1,3,0,6,47.0,16.053
1505.6755335,3,1,1,0,1,45.0,0.0
1505.770098,1,1,1,0,1,47.0,0.0
1505.883824,1,1,1,0,1,45.0,0.0
1505.8838455,6,1,2,0,1,45.0,0.0
1506.676244,5,1,1,0,1,48.0,0.0
1506.700336,5,2,2,0,2,48.0,7.047
1506.835003,1,1,1,0,1,45.0,0.0
1506.8404125,6,1,1,0,1,46.0,0.0
1506.8663665,6,1,1,0,1,45.0,0.0
1506.9215505,3,1,1,0,1,46.0,0.0
1506.921563,5,2,2,0,3,45.0,9.657
1507.187155,1,2,1,0,4,47.0,12.58
1507.3927465,6,1,1,0,1,46.0,0.0
1507.444152,1,2,2,0,7,49.0,43.545
1507.5144925,6,1,1,0,1,45.0,0.0
1507.587429,1,1,1,0,1,45.0,0.0
1507.7082915,3,1,1,0,1,45.0,0.0
1507.791855,1,2,1,0,2,46.0,4.529
1508.042526,1,1,1,0,1,45.0,0.0
1508.084474,5,2,4,0,14,48.0,55.091
1508.0844935,3,1,1,0,4,47.0,9.193
1508.8946455,3,1,1,0,1,45.0,0.0
1508.9231905,6,1,1,0,1,45.0,0.0
1508.984687,5,2,4,0,13,47.0,44.762
1509.12024,1,4,2,0,5,49.0,25.129
1509.224935,5,2,3,0,14,49.0,82.557
1509.2249455,3,1,1,0,1,45.0,0.0
1509.9134975,6,2,1,0,2,45.0,4.693
1509.988812,1,2,1,0,5,47.0,18.282
1510.015522,1,2,3,0,2,47.0,5.484
1510.082985,1,1,2,0,1,48.0,0.0
1510.09311,1,2,1,0,4,45.0,13.095
1510.291424,5,1,1,0,1,46.0,0.0
1510.439918,5,2,2,0,2,48.0,3.132
1510.506366,5,1,1,0,1,47.0,0.0
1510.5063755,6,1,1,0,1,47.0,0.0
1510.605484,4,1,1,0,1,45.0,0.0
1510.605502,5,2,10,1,46,49.0,150.606
1510.6055215,6,1,1,0,1,45.0,0.0
1510.6149375,6,20,3,0,46,47.0,57.329
1510.614959,1,1,2,0,1,49.0,0.0
1510.6959595,3,1,1,0,1,45.0,0.0
1510.7137265,6,1,1,0,1,46.0,0.0
1510.9194215,6,1,1,0,1,45.0,0.0
1511.0296905,6,1,1,0,1,45.0,0.0
1511.262481,1,3,2,0,5,49.0,30.218
1511.3888475,6,1,1,0,1,45.0,0.0
1511.4493845,6,1,1,0,1,45.0,0.0
1511.4986155,6,1,1,0,1,48.0,0.0
1511.612102,1,2,3,0,2,47.0,3.665
1511.6121165,3,1,1,0,1,45.0,0.0
1511.983912,1,1,1,0,1,45.0,0.0
1511.987496,5,1,2,0,1,47.0,0.0
1512.028218,1,1,2,0,1,49.0,0.0
1512.1036025,6,1,1,0,1,46.0,0.0
1512.203957,5,2,2,0,6,48.0,36.072
1512.227248,1,3,2,0,6,49.0,35.385
1512.280259,5,2,2,0,3,48.0,9.895
1512.368749,1,1,1,0,1,45.0,0.0
1513.105391,5,2,2,0,2,46.0,6.07
1513.338585,5,1,1,0,1,46.0,0.0
1513.405646,5,3,2,0,4,47.0,18.735
1513.4320145,6,1,1,0,1,45.0,0.0
1513.635465,1,2,1,0,3,49.0,23.48
1513.6824645,3,1,1,0,1,45.0,0.0
1513.699481,1,2,3,0,3,48.0,10.281
1513.7789895,6,1,1,0,1,45.0,0.0
1513.9065125,6,1,1,0,1,45.0,0.0
1514.2239435,6,2,1,0,3,48.0,12.234
1514.2453785,6,1,2,0,1,46.0,0.0
1514.4445765,6,1,1,0,1,49.0,0.0
1514.6339315,6,1,2,0,8,48.0,24.55
1514.633944,5,1,1,0,1,45.0,0.0
1514.7621085,6,1,1,0,1,45.0,0.0
1514.8391305,6,1,1,0,1,46.0,0.0
1514.839164,5,1,1,0,1,45.0,0.0
1515.0203355,3,1,2,0,1,46.0,0.0
1515.1226585,3,1,1,0,4,49.0,18.325
1515.1226995,6,1,2,0,1,46.0,0.0
1515.218666,1,1,4,0,67,47.0,78.946
1515.268,1,6,3,0,7,49.0,42.837
1515.2722985,6,1,1,0,1,45.0,0.0
1515.3517675,6,1,1,0,1,45.0,0.0
1515.4106935,6,2,1,0,3,49.0,32.445
1516.092401,5,1,1,0,1,47.0,0.0
1516.0944025,6,1,1,0,1,45.0,0.0
1516.1185135,6,1,1,0,1,45.0,0.0
1516.249349,1,1,2,0,1,47.0,0.0
1516.2493635,6,1,1,0,1,45.0,0.0
1516.293687,1,2,1,0,3,49.0,15.112
1516.396138,1,1,1,0,1,45.0,0.0
1516.4413585,6,1,1,0,5,48.0,14.081
1516.442302,5,1,1,0,1,48.0,0.0
1516.530177,1,1,1,0,1,45.0,0.0
1516.6313455,6,1,2,0,1,47.0,0.0
1516.650577,5,2,3,0,5,47.0,26.002
1517.0387775,6,1,1,0,1,45.0,0.0
1517.065273,1,1,1,0,1,45.0,0.0
1517.0786275,6,1,1,0,1,46.0,0.0
1517.187924,5,1,1,0,1,49.0,0.0
1517.2838515,6,2,1,0,3,46.0,8.507
1517.293668,5,2,1,0,2,45.0,3.241
1517.4126775,6,1,1,0,1,48.0,0.0
1517.502966,1,1,1,0,1,45.0,0.0
1517.568834,1,2,1,0,2,45.0,4.179
1517.707722,1,1,1,0,1,45.0,0.0
1517.788175,1,3,19,10,161,75.0,13337.0
1517.8039015,3,1,1,0,1,46.0,0.0
1517.813337,1,2,1,0,2,45.0,7.169
1517.8374305,6,1,1,0,1,46.0,0.0
1517.861713,1,1,1,0,1,46.0,0.0
1517.9363815,3,1,3,0,87,48.0,81.643
1517.961833,1,2,1,0,2,45.0,8.402
1517.9632645,6,1,1,0,1,47.0,0.0
1518.217949,1,1,1,0,1,45.0,0.0
1518.28318,1,2,2,0,3,46.0,7.46
1518.3355765,6,1,1,0,1,45.0,0.0
1518.3647965,6,1,2,0,4,49.0,16.941
1518.3891805,6,2,1,0,2,45.0,13.8
1518.434153,1,2,1,0,2,48.0,6.886
1518.44492,1,1,5,0,33,48.0,77.278
1518.4449395,6,1,2,0,5,48.0,13.795
1518.445585,1,2,1,0,3,45.0,7.629
1519.071827,1,1,4,0,4,49.0,10.418
1519.08509,5,2,1,0,2,47.0,6.26
1519.2922445,6,1,1,0,1,45.0,0.0
1519.326539,1,2,1,0,3,45.0,8.067
1519.371368,5,2,1,0,2,46.0,9.263
1519.522861,1,1,1,0,1,47.0,0.0
1519.7415495,3,1,1,0,1,47.0,0.0
1519.7817425,6,1,1,0,1,48.0,0.0
1519.7988375,6,1,1,0,1,45.0,0.0
1519.8335585,3,1,1,0,1,45.0,0.0
1519.8335685,6,1,3,0,1,48.0,0.0
1519.836581,2,3,15,7,149,68.0,4521.0
1519.8604835,3,1,1,0,1,45.0,0.0
1519.860488,5,2,2,0,2,47.0,3.213
1519.9423645,6,1,2,0,4,47.0,9.357
1519.9641335,6,1,1,0,1,45.0,0.0
1520.0217685,6,1,4,0,31,49.0,88.06
1520.057694,5,2,2,0,4,49.0,19.74
1520.170512,5,12,3,0,13,48.0,43.776
1520.1705135,6,2,1,0,2,45.0,3.324
1520.255258,1,2,1,0,3,48.0,10.523
1520.2787275,6,1,3,0,17,49.0,38.937
1520.27873,1,3,3,0,4,49.0,21.967
1520.44614,1,2,29,24,254,81.0,58207.0
1520.497331,5,2,1,0,2,45.0,4.305
1520.611121,1,1,1,0,1,47.0,0.0
1520.680779,1,2,1,0,2,45.0,5.064
1520.860412,1,1,2,0,1,49.0,0.0
1520.9126265,6,1,1,0,1,45.0,0.0
1520.9336545,6,1,1,0,1,46.0,0.0
1520.940711,1,3,3,0,4,49.0,22.586
1520.9407375,6,1,1,0,1,45.0,0.0
1520.9955475,3,1,1,0,1,46.0,0.0
1520.9955635,6,1,4,0,39,48.0,83.851
1521.0274465,3,1,7,0,30,48.0,61.863
1521.027499,4,1,2,0,1,47.0,0.0
1521.163411,5,2,1,0,2,45.0,3.813
1521.3297935,3,1,1,0,1,45.0,0.0
1521.329807,5,1,1,0,1,45.0,0.0
1521.329816,1,1,1,0,1,45.0,0.0
1521.3298375,6,1,1,0,1,45.0,0.0
1521.361231,1,2,1,0,4,47.0,25.15
1521.36234,1,2,1,0,2,45.0,3.435
1521.400763,1,1,1,0,1,46.0,0.0
1522.191185,1,1,1,0,1,49.0,0.0
1522.194128,5,3,2,0,5,49.0,26.56
1522.3746955,6,1,1,0,1,45.0,0.0
1522.417969,1,2,1,0,2,47.0,5.064
1522.442909,5,1,2,0,7,46.0,19.126
1522.4786525,6,1,1,0,1,45.0,0.0
1522.506826,1,1,1,0,1,45.0,0.0
1522.611724,1,1,2,0,1,45.0,0.0
1522.793475,1,2,1,0,2,45.0,8.535
1522.8321345,6,2,2,0,2,48.0,16.717
1523.060275,1,2,2,0,3,47.0,11.667
1523.0736655,6,2,1,0,2,45.0,4.562
1523.2772955,3,1,1,0,1,47.0,0.0
1523.5142665,6,1,1,0,1,45.0,0.0
1523.705176,5,6,41,14,269,67.0,5532.0
1523.7051845,6,3,37,13,270,66.0,6050.0
1523.705187,2,16,32,15,206,66.0,8318.0
1523.775385,5,1,1,0,1,48.0,0.0
1523.797606,1,2,1,0,3,47.0,8.871
1523.9034215,6,1,1,0,1,49.0,0.0
1523.909605,1,1,4,0,28,49.0,54.446
1523.9288065,3,1,1,0,1,48.0,0.0
1523.931473,1,1,1,0,1,47.0,0.0
1524.1600625,3,2,1,0,2,45.0,8.535
1524.184783,1,2,1,0,3,48.0,9.134
1524.185355,1,2,8,3,64,67.0,2020.0
1524.185858,5,2,1,0,6,49.0,43.49
1524.2006985,6,1,1,0,1,45.0,0.0
1524.201136,5,2,1,0,2,48.0,3.213
1524.354526,1,1,1,0,1,45.0,0.0
1524.360043,1,4,40,86,420,91.0,671235.0
1524.360059,2,7,27,13,164,67.0,8449.0
1524.376654,1,2,10,3,61,67.0,2310.0
1524.56198,1,1,1,0,1,45.0,0.0
1524.5619905,3,1,1,0,1,45.0,0.0
1525.2256625,6,1,1,0,1,48.0,0.0
1525.3522105,6,1,1,0,1,45.0,0.0
1525.4364875,6,1,2,0,1,48.0,0.0
1525.5028595,6,1,2,0,1,47.0,0.0
1525.523378,1,1,1,0,10,49.0,25.901
1525.6688965,6,1,4,0,10,48.0,29.552
1525.763688,5,2,2,0,6,49.0,25.508
1525.7662735,6,1,2,0,5,48.0,16.104
1525.7679065,6,1,1,0,1,45.0,0.0
1525.7679225,3,1,1,0,1,45.0,0.0
1525.7967045,6,1,2,0,1,47.0,0.0
1526.093513,5,2,1,0,2,45.0,3.579
1526.118223,5,2,2,0,2,46.0,4.055
1526.140246,1,23,33,16,299,69.0,10518.0
1526.140246,5,30,45,17,189,68.0,10402.0
1526.140248,2,8,30,16,198,71.0,10734.0
1526.140252,4,2,6,1,82,49.0,195.689
1526.241774,5,4,4,0,5,48.0,24.485
1526.2831065,6,3,2,0,4,48.0,15.694
1526.283108,5,1,1,0,1,46.0,0.0
1526.3638315,6,2,1,0,2,45.0,9.125
1526.423422,5,1,1,0,1,45.0,0.0
1526.5010345,6,1,2,0,4,45.0,8.48
1526.5083415,6,2,3,0,44,49.0,91.691
1526.508369,1,11,6,1,100,49.0,135.902
1526.524127,1,2,1,0,2,45.0,4.4
1526.544018,5,2,3,0,6,47.0,21.192
1526.5440285,6,1,2,0,6,47.0,11.749
1526.560346,1,2,4,0,36,48.0,58.335
1526.5733045,6,1,1,0,1,48.0,0.0
1526.596018,1,1,1,0,1,49.0,0.0
1526.646601,1,1,1,0,1,45.0,0.0
1526.7144055,6,1,1,0,11,48.0,18.674
1526.7144175,3,1,1,0,1,45.0,0.0
1526.776071,1,2,1,0,3,47.0,9.387
1526.78843,1,1,2,0,1,48.0,0.0
1526.837952,5,1,2,0,26,46.0,30.689
1526.8379795,3,1,1,0,1,45.0,0.0
1527.00362,1,1,1,0,1,45.0,0.0
1527.007606,1,1,1,0,1,45.0,0.0
1527.026332,1,1,1,0,6,48.0,13.809
1527.158257,1,2,1,0,3,45.0,8.051
1527.348489,1,2,2,0,2,48.0,10.659
1527.4022,1,1,1,0,1,47.0,0.0
1527.4318495,6,1,1,0,1,47.0,0.0
1527.4684435,6,1,1,0,1,45.0,0.0
1527.484794,1,6,11,4,63,67.0,3642.0
1527.542065,1,1,1,0,1,45.0,0.0
1527.602785,5,1,1,0,1,45.0,0.0
1527.664064,1,1,2,0,1,47.0,0.0
1528.2472095,6,1,4,1,85,47.0,88.414
1528.280736,1,1,6,0,1,48.0,0.0
1528.2807445,3,1,5,0,13,49.0,45.294
1528.2815185,6,1,3,0,7,46.0,13.821
1528.3510905,6,2,1,0,2,46.0,14.547
1528.367369,1,2,1,0,5,49.0,32.154
1528.369441,5,1,1,0,1,48.0,0.0
1528.461513,1,1,1,0,1,45.0,0.0
1528.515421,1,1,1,0,1,45.0,0.0
1528.659813,1,5,17,9,142,71.0,8891.0
1528.6803105,6,2,1,0,2,45.0,5.52
1528.7253415,3,2,1,0,2,45.0,6.222
1528.832449,1,1,2,0,1,47.0,0.0
1528.897678,5,2,1,0,17,48.0,43.242
1528.9098725,6,1,1,0,1,45.0,0.0
1528.922447,1,2,1,0,3,48.0,11.308
1528.9322595,6,1,2,0,1,48.0,0.0
1528.932285,5,1,2,0,1,47.0,0.0
1528.9322865,3,1,1,0,1,45.0,0.0
1529.0137795,6,2,2,0,2,48.0,13.857
1529.0415725,3,1,1,0,1,45.0,0.0
1529.0917025,3,1,1,0,1,45.0,0.0
1529.124676,1,1,2,0,1,49.0,0.0
1529.130848,1,2,1,0,3,48.0,10.281
1529.188148,1,3,12,4,64,67.0,3459.0
1529.18909,1,3,35,27,171,83.0,83440.0
1529.195573,1,1,2,0,1,49.0,0.0
1529.250318,5,3,4,0,14,48.0,63.935
1529.2503365,3,1,2,0,1,47.0,0.0
1529.326724,1,48,5,1,51,49.0,115.942
1529.3267425,3,2,1,0,3,45.0,6.996
1529.3267445,6,1,3,0,26,47.0,42.69
1529.32675,5,1,6,1,56,49.0,138.491
1529.3915025,6,2,4,1,65,49.0,103.557
1529.4422305,3,1,1,0,4,49.0,15.246
1529.4422365,6,1,3,1,71,49.0,91.63
1529.442241,5,2,2,0,10,46.0,30.351
1529.5019035,6,1,1,0,1,46.0,0.0
1529.523331,1,1,1,0,1,45.0,0.0
1529.6273395,6,1,2,0,7,49.0,18.439
1529.6471815,6,1,1,0,1,45.0,0.0
1529.656238,5,2,2,0,3,48.0,10.179
1529.658076,1,1,1,0,1,46.0,0.0
1529.755769,1,1,1,0,1,47.0,0.0
1529.7905365,6,2,1,0,3,48.0,16.151
1529.8367535,6,1,1,0,1,45.0,0.0
1529.8810655,3,1,1,0,1,45.0,0.0
1529.8821155,3,1,1,0,1,45.0,0.0
1529.89925,5,2,1,0,2,47.0,11.01
1529.922999,1,5,23,17,129,79.0,44719.0
1529.953084,5,2,2,0,2,49.0,20.948
1529.9817865,3,1,2,0,4,49.0,7.725
1530.000058,1,1,1,0,1,45.0,0.0
1530.072564,1,2,1,0,3,47.0,13.295
1530.1531955,6,2,1,0,3,48.0,9.017
1530.1588815,6,1,1,0,1,45.0,0.0
1530.191337,5,2,1,0,2,45.0,7.499
1530.193104,5,2,1,0,2,47.0,4.179
1530.194097,5,1,2,0,1,47.0,0.0
1530.2576855,6,2,1,0,3,46.0,7.46
1530.273656,1,4,1,0,5,48.0,40.646
1530.393168,1,2,1,0,3,49.0,14.19
1530.537788,5,1,1,0,1,49.0,0.0
1530.5631145,3,1,1,0,1,45.0,0.0
1530.563132,1,1,1,0,1,48.0,0.0
1530.5971475,6,1,1,0,5,47.0,13.653
1530.6982185,6,2,1,0,2,45.0,7.374
1530.7112255,6,1,1,0,1,45.0,0.0
1530.7189365,6,1,2,0,1,47.0,0.0
1530.799819,1,2,1,0,2,45.0,3.435
1530.8077365,6,1,1,0,1,46.0,0.0
1531.3955075,3,1,1,0,5,47.0,11.452
1531.4295525,6,1,1,0,1,45.0,0.0
1531.4405465,3,1,7,1,117,49.0,169.056
1531.5196045,6,1,2,0,1,49.0,0.0
1531.549248,1,1,1,0,1,45.0,0.0
1531.625361,1,1,1,0,1,47.0,0.0
1531.639411,5,1,3,0,1,48.0,0.0
1531.6394335,6,2,1,0,2,45.0,4.562
1531.6497335,3,1,2,0,1,45.0,0.0
1531.788523,1,1,2,0,1,47.0,0.0
1531.7955285,6,1,3,0,1,49.0,0.0
1531.839256,1,1,1,0,1,45.0,0.0
1531.8587565,6,1,2,0,1,47.0,0.0
1531.8625295,6,1,1,0,1,45.0,0.0
1531.8922875,3,1,1,0,1,45.0,0.0
1531.8978535,6,1,1,0,1,45.0,0.0
1531.9240695,6,1,1,0,1,45.0,0.0
1531.9528995,6,2,2,0,2,48.0,13.574
1532.000059,5,1,3,0,1,45.0,0.0
1532.018823,1,1,1,0,1,45.0,0.0
1532.0748655,6,1,1,0,1,46.0,0.0
1532.1260215,3,1,1,0,1,45.0,0.0
1532.126029,5,1,6,0,1,49.0,0.0
1532.132959,1,1,1,0,1,48.0,0.0
1532.1417455,6,1,1,0,1,49.0,0.0
1532.2115325,6,1,2,0,5,49.0,16.897
1532.244563,1,1,2,0,1,48.0,0.0
1532.363952,1,1,1,0,1,45.0,0.0
1532.4387715,6,1,4,0,4,49.0,10.481
1532.4557075,6,1,1,0,1,45.0,0.0
1532.459449,5,2,3,1,66,49.0,132.076
1532.4594515,3,1,1,0,1,45.0,0.0
1532.4594735,6,1,3,0,1,49.0,0.0
1532.4811705,6,1,1,0,1,45.0,0.0
1532.488991,5,2,4,0,18,49.0,44.658
1532.5207835,3,1,1,0,1,46.0,0.0
1532.520811,1,1,2,0,1,47.0,0.0
1532.5749175,6,1,1,0,1,45.0,0.0
1532.586364,1,1,1,0,1,48.0,0.0
1532.593139,1,1,1,0,1,45.0,0.0
1532.649508,1,2,3,0,3,48.0,13.351
1532.7802225,3,1,2,0,5,48.0,19.451
1532.804666,1,2,1,0,3,45.0,6.705
1532.8296185,6,1,1,0,1,45.0,0.0
1532.844959,5,1,1,0,1,45.0,0.0
1532.901721,1,1,2,0,1,49.0,0.0
1533.0106025,6,1,1,0,1,45.0,0.0
1533.0158715,6,1,2,0,4,48.0,12.244
1533.0159055,3,1,1,0,1,45.0,0.0
1533.100641,5,2,2,0,4,47.0,15.972
1533.11681,5,2,1,0,2,46.0,5.664
1533.1779285,6,2,1,0,3,48.0,16.955
1533.2116455,6,1,3,0,35,48.0,47.065
1533.256918,1,2,9,4,76,69.0,2800.0
1533.26376,5,3,1,0,4,46.0,17.628
1533.2797865,6,1,1,0,1,46.0,0.0
1533.306173,5,2,3,0,11,49.0,43.804
1533.3576195,6,1,2,0,8,48.0,20.043
1533.472904,5,2,1,0,2,47.0,8.008
1533.6340835,6,1,2,0,8,48.0,12.27
1533.634138,1,1,1,0,1,45.0,0.0
1533.799198,1,1,1,0,1,47.0,0.0
1533.812591,5,1,1,0,1,47.0,0.0
1533.8429435,6,1,3,0,1,48.0,0.0
1533.8429455,3,1,2,0,8,49.0,26.668
1533.924482,1,1,1,0,1,47.0,0.0
1533.9449665,6,1,1,0,1,48.0,0.0
1534.0180985,6,2,4,0,7,48.0,23.077
1534.614962,5,1,2,0,14,49.0,25.649
1534.6150205,6,1,1,0,1,45.0,0.0
1534.6528855,6,1,1,0,1,45.0,0.0
1534.65712,1,1,2,0,4,46.0,10.793
1534.683404,5,2,1,0,4,46.0,13.571
1534.7016975,3,1,1,0,1,45.0,0.0
1534.7166495,6,1,2,0,4,49.0,14.689
1534.736467,1,2,13,4,118,67.0,2389.0
1534.745371,1,1,1,0,1,48.0,0.0
1534.7453885,6,1,1,0,1,46.0,0.0
1534.8161525,6,2,2,0,2,47.0,4.305
1534.8195875,6,1,2,0,1,46.0,0.0
1534.835329,1,1,1,0,1,46.0,0.0
1534.839203,5,1,6,0,25,49.0,45.639
1534.8653785,6,1,1,0,1,45.0,0.0
1534.866169,5,4,21,8,138,68.0,6652.0
1534.9082095,6,1,2,0,1,46.0,0.0
1534.9199675,6,1,1,0,1,45.0,0.0
1534.9322405,6,1,1,0,1,46.0,0.0
1534.936694,1,1,1,0,1,47.0,0.0
1534.9464345,6,1,2,0,1,47.0,0.0
1534.96933,1,2,1,0,3,47.0,9.267
1534.991356,5,2,1,0,3,48.0,12.303
1535.0788985,6,1,1,0,1,45.0,0.0
1535.169601,1,1,2,0,1,45.0,0.0
1535.169616,5,2,1,0,2,47.0,3.813
1535.1749205,6,1,1,0,1,45.0,0.0
1535.202303,1,4,2,0,5,49.0,24.793
1535.218098,1,1,1,0,1,46.0,0.0
1535.227949,5,12,20,7,170,66.0,3741.0
1535.227973,4,2,1,0,2,45.0,6.53
1535.2607435,6,1,1,0,1,45.0,0.0
1535.275923,1,1,3,0,36,49.0,64.9
1535.310539,1,1,2,0,1,48.0,0.0
1535.349445,5,1,1,0,1,48.0,0.0
1535.3521965,6,1,1,0,7,46.0,11.859
1535.374035,1,2,2,0,37,48.0,46.765
1535.43103,5,1,3,0,1,47.0,0.0
1535.4549165,6,1,1,0,1,45.0,0.0
1535.498835,1,1,1,0,1,46.0,0.0
1535.5262265,6,1,2,0,1,48.0,0.0
1535.5598915,6,2,1,0,2,45.0,3.665
1535.574766,1,1,1,0,1,48.0,0.0
1535.587951,5,3,1,0,4,45.0,10.715
1535.595014,1,2,1,0,3,46.0,8.067
1535.618233,5,2,2,0,4,45.0,11.989
1535.8591905,6,1,4,0,1,47.0,0.0
1535.864682,1,1,1,0,1,45.0,0.0
1535.8768285,6,2,2,0,3,49.0,15.605
1535.8773505,6,1,8,1,61,49.0,137.723
1535.928598,1,3,31,17,174,78.0,29633.0
1535.963182,1,3,3,0,5,47.0,32.043
1535.986027,1,1,3,0,1,48.0,0.0
1536.0099185,6,13,2,0,14,48.0,33.985
1536.009943,1,1,2,0,1,48.0,0.0
1536.066314,4,1,2,0,46,49.0,87.912
1536.084423,1,1,1,0,1,48.0,0.0
1536.103412,1,2,3,0,30,47.0,44.762
1536.1435365,3,1,1,0,1,45.0,0.0
1536.1435375,6,1,2,0,7,49.0,28.741
1536.143543,1,1,3,0,22,49.0,60.591
1536.166344,1,3,81,138,679,95.0,1404000.0
1536.166359,2,23,29,15,153,69.0,10923.0
1536.1695505,6,3,1,0,4,48.0,33.492
1536.1726905,6,2,1,0,4,49.0,32.647
1536.174937,1,2,1,0,3,46.0,10.263
1536.2109375,6,1,2,0,1,48.0,0.0
1536.2128335,6,1,1,0,1,45.0,0.0
1536.2528305,6,1,1,0,1,45.0,0.0
1536.266638,5,1,1,0,1,47.0,0.0
1536.2666395,6,1,1,0,1,46.0,0.0
1536.2799905,6,1,2,0,1,46.0,0.0
1536.3018595,3,1,2,0,1,47.0,0.0
1536.346791,1,1,2,0,35,47.0,34.613
1536.4209115,6,1,1,0,1,45.0,0.0
1536.4561745,3,2,1,0,5,47.0,12.338
1536.459895,1,7,19,8,137,67.0,5734.0
1536.4666345,6,1,1,0,1,45.0,0.0
1536.4716165,6,1,1,0,1,45.0,0.0
1536.507897,5,1,1,0,1,47.0,0.0
1536.552384,1,3,17,5,148,68.0,2758.0
1536.5762465,6,1,1,0,1,45.0,0.0
1536.5774685,6,1,1,0,1,47.0,0.0
1536.5898535,6,1,1,0,1,46.0,0.0
1536.5908005,3,1,1,0,1,45.0,0.0
1536.5990455,6,1,1,0,1,45.0,0.0
1536.6989995,6,1,1,0,1,45.0,0.0
1536.724505,5,2,3,0,2,48.0,7.88
1536.7440035,6,2,1,0,3,46.0,13.15
1536.839677,5,3,4,0,4,49.0,17.169
1536.856709,1,1,1,0,1,45.0,0.0
1536.8567115,6,1,1,0,1,45.0,0.0
1536.8660045,6,1,1,0,1,45.0,0.0
1536.871708,1,3,3,0,37,49.0,88.3
1536.87812,1,2,2,0,7,47.0,26.698
1536.8958475,6,1,1,0,1,45.0,0.0
1536.90759,1,1,1,0,1,45.0,0.0
1536.9305305,6,2,1,0,2,45.0,10.07
1536.9558535,6,11,23,7,176,66.0,3075.0
1536.995498,1,2,2,0,4,47.0,12.139
1537.018476,5,3,2,0,6,48.0,30.126
1537.052052,1,2,28,11,164,70.0,7660.0
1537.0617095,6,1,1,0,1,45.0,0.0
1537.107881,1,1,3,0,1,48.0,0.0
1537.1078865,3,1,1,0,1,45.0,0.0
1537.120426,1,1,1,0,1,45.0,0.0
1537.1250645,6,1,1,0,1,45.0,0.0
1537.134015,1,1,3,0,1,47.0,0.0
1537.780471,1,1,1,0,1,47.0,0.0
1537.899503,1,1,1,0,1,45.0,0.0
1537.918093,5,1,1,0,1,47.0,0.0
1537.9396075,6,1,2,0,8,48.0,31.137
1538.0816515,6,1,1,0,1,46.0,0.0
1538.1169445,6,2,1,0,2,45.0,9.263
1538.118775,5,1,3,0,1,47.0,0.0
1538.1701465,6,1,1,0,1,45.0,0.0
1538.175886,5,1,2,0,1,47.0,0.0
1538.211969,1,1,1,0,1,45.0,0.0
1538.255799,1,4,18,5,133,70.0,3413.0
1538.2791575,3,1,1,0,4,47.0,9.377
1538.3805685,6,1,1,0,4,47.0,10.175
1538.39654,1,1,1,0,1,49.0,0.0
1538.3969555,3,1,1,0,1,45.0,0.0
1538.426156,1,2,2,0,3,48.0,12.502
1538.5257265,6,2,1,0,2,49.0,9.686
1538.5523815,3,1,1,0,1,47.0,0.0
1538.57388,5,2,2,0,11,49.0,32.984
1538.5977805,6,2,1,0,3,48.0,13.612
1538.6070115,3,1,1,0,1,45.0,0.0
1538.6070505,6,1,1,0,1,45.0,0.0
1538.6279045,6,2,1,0,3,48.0,14.505
1538.7793215,6,2,1,0,3,49.0,12.108
1538.8325635,6,1,1,0,1,46.0,0.0
1538.837907,5,2,1,0,2,45.0,5.664
1538.8379345,6,1,2,0,4,47.0,9.735
1538.888413,1,1,1,0,1,47.0,0.0
1538.931623,1,4,11,3,52,67.0,3042.0
1538.9705615,6,1,1,0,1,45.0,0.0
1538.996022,1,1,1,0,1,48.0,0.0
1538.996033,5,4,2,0,5,47.0,21.246
1538.9989605,6,1,2,0,8,49.0,33.501
1539.0109395,6,1,1,0,1,45.0,0.0
1539.186164,5,1,1,0,1,45.0,0.0
1539.2293315,6,1,2,0,1,47.0,0.0
1539.236116,1,1,4,0,1,48.0,0.0
1539.2361365,3,1,1,0,1,45.0,0.0
1539.25087,5,2,25,25,231,82.0,71221.0
1539.2611435,3,1,3,0,14,48.0,36.838
1539.2733505,6,1,3,0,1,47.0,0.0
1539.27337,5,1,4,0,4,48.0,14.186
1539.2907175,6,1,1,0,4,48.0,15.434
1539.3188655,3,2,1,0,47,47.0,40.472
1539.3188875,6,1,1,0,1,48.0,0.0
1539.327804,1,1,1,0,1,45.0,0.0
1539.391814,1,1,1,0,1,45.0,0.0
1539.422948,1,2,1,0,5,49.0,23.904
1539.4265465,6,1,6,2,29,67.0,1481.0
1539.4531035,6,1,1,0,1,45.0,0.0
1539.459542,1,2,9,4,64,71.0,3884.0
1539.4969035,6,1,2,0,1,47.0,0.0
1539.5356315,6,1,1,0,4,46.0,7.803
1539.542554,1,1,3,0,1,49.0,0.0
1539.5425615,3,1,1,0,1,46.0,0.0
1539.543218,5,1,1,0,1,45.0,0.0
1539.5484865,6,1,1,0,1,45.0,0.0
1539.55417,4,1,1,0,1,45.0,0.0
1539.557235,5,3,2,0,10,49.0,46.605
1539.6012885,6,1,1,0,1,45.0,0.0
1539.760941,5,1,3,0,1,49.0,0.0
1539.765798,5,1,1,0,1,48.0,0.0
1539.7824595,3,1,1,0,1,45.0,0.0
1539.7876895,6,1,1,0,1,45.0,0.0
1539.788563,5,2,5,0,17,49.0,53.187
1539.7988175,6,1,2,0,1,46.0,0.0
1539.817638,1,2,1,0,33,48.0,38.964
1539.8492675,6,2,1,0,2,48.0,7.71
1539.869487,5,1,1,0,1,48.0,0.0
1539.9315405,6,1,3,0,41,47.0,58.551
1539.9840795,6,1,1,0,1,45.0,0.0
1539.984081,5,2,2,0,2,48.0,3.813
1539.9900395,6,1,2,0,9,48.0,11.244
1540.02545,1,1,1,0,1,45.0,0.0
1540.0304995,6,2,1,0,2,47.0,7.667
1540.0361615,6,1,1,0,1,45.0,0.0
1540.0939655,6,1,1,0,1,48.0,0.0
1540.1058965,3,1,2,0,4,48.0,11.178
1540.2333525,6,1,2,0,1,46.0,0.0
1540.242061,5,2,3,0,2,48.0,5.237
1540.244895,1,7,40,19,241,75.0,19300.0
1540.2801565,3,1,1,0,4,46.0,9.936
1540.280158,5,2,1,0,3,48.0,12.451
1540.301284,1,1,1,0,1,45.0,0.0
1540.3101035,6,1,1,0,1,45.0,0.0
1540.910701,1,1,1,0,1,45.0,0.0
1540.910739,5,1,4,0,1,48.0,0.0
1540.9136045,6,1,3,0,28,49.0,63.376
1540.924688,5,2,1,0,2,47.0,3.933
1540.9438025,6,1,1,0,1,45.0,0.0
1540.9494015,6,1,1,0,4,47.0,9.584
1540.9510825,6,1,1,0,1,45.0,0.0
1540.9547495,6,1,2,0,1,49.0,0.0
1540.954755,5,1,3,0,1,47.0,0.0
1540.962376,1,3,15,4,92,69.0,3122.0
1540.9672,5,2,3,0,2,48.0,3.435
1540.972973,1,1,1,0,1,47.0,0.0
1541.0161235,6,1,1,0,1,46.0,0.0
1541.0265655,6,1,1,0,1,45.0,0.0
1541.0832955,3,1,1,0,1,45.0,0.0
1541.119125,5,2,2,0,4,46.0,11.687
1541.1191465,6,1,1,0,1,45.0,0.0
1541.124415,1,2,1,0,3,49.0,16.499
1541.1469495,6,1,1,0,1,48.0,0.0
1541.1539965,6,1,1,0,1,45.0,0.0
1541.2131025,6,1,1,0,1,45.0,0.0
1541.2182155,6,1,2,0,1,48.0,0.0
1541.280617,1,2,1,0,2,45.0,3.352
1541.3571595,6,1,1,0,1,45.0,0.0
1541.3726465,6,1,1,0,1,45.0,0.0
1541.3909395,6,2,1,0,3,49.0,13.572
1541.398401,1,1,1,0,1,45.0,0.0
1541.4033855,6,1,5,0,49,49.0,73.268
1541.4732095,6,1,2,0,1,46.0,0.0
1541.473243,1,2,1,0,2,48.0,7.169
1541.473997,1,1,1,0,1,45.0,0.0
1541.4851375,6,1,2,0,1,45.0,0.0
1541.5159025,6,1,1,0,1,45.0,0.0
1541.5184435,6,1,2,0,1,45.0,0.0
1541.5219195,6,1,1,0,1,47.0,0.0
1541.5921225,6,1,1,0,1,48.0,0.0
1541.6171525,6,2,2,0,2,47.0,5.098
1541.6434135,3,1,1,0,1,45.0,0.0
1541.661776,1,1,1,0,1,49.0,0.0
1541.6634725,6,1,1,0,1,45.0,0.0
1541.6834465,6,2,2,0,2,47.0,8.226
1541.687442,1,1,2,0,22,48.0,50.418
1541.687456,5,1,1,0,1,45.0,0.0
1541.7087605,6,2,2,0,2,49.0,8.58
1541.714717,1,1,1,0,4,46.0,8.581
1541.7539705,3,1,1,0,1,45.0,0.0
1541.756344,5,2,1,0,2,45.0,6.26
1541.916637,1,5,19,12,142,75.0,18698.0
1541.921751,1,2,13,5,64,70.0,5145.0
1542.0095105,6,1,1,0,1,45.0,0.0
1542.0538455,6,2,1,0,3,49.0,13.742
1542.116238,1,1,1,0,1,45.0,0.0
1542.1281775,6,1,1,0,1,45.0,0.0
1542.1591425,6,2,4,0,8,49.0,32.728
1542.1859635,3,1,1,0,1,45.0,0.0
1542.1883975,3,1,1,0,1,45.0,0.0
1542.1917445,6,1,1,0,1,45.0,0.0
1542.21804,4,1,1,0,1,45.0,0.0
1542.2539435,6,1,1,0,1,45.0,0.0
1542.303498,1,5,12,4,66,67.0,2829.0
1542.317731,5,2,2,0,6,48.0,30.646
1542.317749,1,2,2,0,3,49.0,14.19
1542.343845,1,1,2,0,1,47.0,0.0
1542.3495805,6,2,1,0,2,46.0,6.07
1542.3730035,3,1,1,0,1,45.0,0.0
1542.37301,1,1,1,0,1,46.0,0.0
1542.382487,1,1,1,0,1,45.0,0.0
1542.38283,5,2,1,0,2,45.0,7.667
1542.432623,1,1,1,0,1,45.0,0.0
1542.4339145,6,1,1,0,1,45.0,0.0
1542.4377725,6,1,2,0,4,48.0,12.441
1542.4446285,3,1,1,0,1,45.0,0.0
1542.4446345,6,1,4,0,4,49.0,14.433
1542.537082,1,2,36,39,222,83.0,157937.0
1542.559864,1,2,12,3,53,67.0,2395.0
1542.5611995,6,1,3,0,20,49.0,45.646
1542.5664455,3,1,2,0,11,48.0,31.396
1542.5738615,6,1,3,0,4,49.0,19.724
1542.5852335,6,1,1,0,1,45.0,0.0
1542.588912,5,2,2,0,6,49.0,34.408
1542.6120245,6,1,1,0,1,49.0,0.0
1542.662996,5,2,1,0,2,46.0,5.201
1542.6732285,6,1,4,0,34,48.0,47.517
1542.673236,1,2,7,1,61,49.0,128.59
1542.706433,5,1,1,0,1,46.0,0.0
1542.7321905,6,6,5,0,7,48.0,30.347
1542.732205,1,2,3,0,5,47.0,21.526
1542.7322155,3,2,1,0,2,45.0,4.025
1542.79242,1,1,1,0,1,45.0,0.0
1542.8195485,3,1,1,0,1,45.0,0.0
1542.8195535,6,1,4,0,8,48.0,17.459
1542.820584,5,2,1,0,2,45.0,6.26
1542.8383485,6,1,1,0,1,47.0,0.0
1542.8836635,6,1,1,0,1,45.0,0.0
1542.9466925,6,1,2,0,7,48.0,17.98
1543.019426,1,1,1,0,1,45.0,0.0
1543.027603,5,2,1,0,3,49.0,13.351
1543.063565,5,3,3,0,4,48.0,15.921
1543.0656185,6,1,1,0,1,45.0,0.0
1543.1121505,6,1,2,0,1,49.0,0.0
1543.2109825,6,2,4,0,12,49.0,37.572
1543.210991,5,2,3,0,3,48.0,14.513
1543.2589695,6,1,1,0,1,45.0,0.0
1543.2606015,3,2,1,0,3,49.0,22.615
1543.268987,1,2,1,0,3,49.0,15.12
1543.283453,1,3,1,0,4,48.0,15.24
1543.2853835,6,2,2,0,10,47.0,28.819
1543.3025915,6,1,1,0,1,45.0,0.0
1543.3284175,6,1,2,0,4,48.0,12.549
1543.328445,5,1,1,0,1,45.0,0.0
1543.3397505,3,1,1,0,1,45.0,0.0
1543.3718395,6,1,1,0,1,45.0,0.0
1543.371865,5,2,2,0,2,46.0,3.903
1543.3888065,6,2,1,0,2,47.0,5.377
1543.9629235,3,1,1,0,1,45.0,0.0
1544.0043745,6,2,2,0,3,47.0,16.257
1544.0125565,6,1,1,0,1,46.0,0.0
1544.0149105,3,1,1,0,5,49.0,18.304
1544.014928,5,1,4,0,14,47.0,40.913
1544.014931,1,1,2,0,1,47.0,0.0
1544.0229395,6,2,2,0,2,46.0,18.707
1544.0442645,6,1,2,0,4,47.0,11.01
1544.061637,1,2,2,0,12,49.0,42.45
1544.072796,5,3,4,0,16,49.0,94.56
1544.1021495,6,1,1,0,1,46.0,0.0
1544.1174355,3,1,1,0,1,45.0,0.0
1544.1214905,3,1,1,0,4,46.0,11.945
1544.122701,2,25,28,15,191,68.0,9208.0
1544.138617,5,1,1,0,1,47.0,0.0
1544.1878905,3,1,1,0,1,45.0,0.0
1544.191105,1,1,1,0,1,45.0,0.0
1544.200153,1,1,1,0,1,47.0,0.0
1544.2075635,6,2,2,0,17,49.0,56.857
1544.227147,1,1,1,0,1,45.0,0.0
1544.244867,5,2,3,0,9,49.0,49.18
1544.259574,1,2,1,0,3,47.0,14.964
1544.2595955,6,1,3,0,5,48.0,13.481
1544.2689295,6,1,1,0,12,46.0,17.889
1544.2856335,3,1,1,0,1,45.0,0.0
1544.324137,1,2,1,0,2,45.0,4.025
1544.330639,1,2,2,0,33,47.0,62.423
1544.3321035,6,2,1,0,5,47.0,13.944
1544.3684925,3,1,1,0,1,45.0,0.0
1544.402215,5,1,1,0,1,47.0,0.0
1544.4342845,6,1,2,0,4,46.0,8.467
1544.443879,1,1,3,0,1,49.0,0.0
1544.4527925,3,1,1,0,1,45.0,0.0
1544.468966,1,1,1,0,1,46.0,0.0
1544.4833915,6,3,14,7,112,70.0,9373.0
1544.543087,5,3,2,0,4,49.0,22.328
1544.5437135,6,2,1,0,2,45.0,4.179
1544.580941,1,2,1,0,3,49.0,12.759
1544.6126595,6,3,28,18,210,80.0,49173.0
1544.6350445,6,1,2,0,1,48.0,0.0
1544.6497625,6,1,2,0,1,48.0,0.0
1544.662204,5,1,1,0,1,48.0,0.0
1544.6669185,6,1,2,0,1,48.0,0.0
1544.678162,5,2,4,0,2,48.0,6.414
1544.705963,5,1,1,0,1,45.0,0.0
1544.7074095,6,2,2,0,13,49.0,30.001
1544.711809,1,14,33,11,206,67.0,5559.0
1544.731367,5,2,1,0,5,46.0,20.949
1544.731368,1,1,1,0,1,45.0,0.0
1544.7992005,6,1,1,0,1,45.0,0.0
1544.822841,1,2,1,0,2,45.0,16.655
1544.8494655,6,1,1,0,1,45.0,0.0
1544.8543045,6,1,1,0,1,48.0,0.0
1544.868096,5,2,2,0,2,49.0,3.695
1544.871415,1,1,9,0,13,49.0,32.17
1544.8714235,3,1,3,0,1,48.0,0.0
1544.8762955,6,2,1,0,4,47.0,13.675
1544.8789945,6,1,2,0,4,48.0,15.425
1544.9028075,6,1,2,0,5,47.0,12.209
1544.9517485,3,1,2,0,1,45.0,0.0
1544.975869,5,5,34,11,170,68.0,5382.0
1544.975923,4,1,1,0,1,47.0,0.0
1545.0033295,6,2,6,2,35,69.0,2020.0
1545.00338,5,2,2,0,3,48.0,11.744
1545.033418,5,1,1,0,1,46.0,0.0
1545.0415115,3,1,2,0,8,48.0,23.546
1545.0844975,6,1,1,0,1,45.0,0.0
1545.1163585,6,2,2,0,4,47.0,19.003
1545.2400675,6,1,1,0,1,45.0,0.0
1545.247571,5,1,1,0,1,45.0,0.0
1545.2771675,6,1,1,0,1,45.0,0.0
1545.3135165,3,1,2,0,1,46.0,0.0
1545.3243775,6,1,2,0,1,48.0,0.0
1545.327953,5,1,1,0,1,45.0,0.0
1545.385267,5,2,4,0,2,49.0,5.52
1545.392524,5,1,2,0,10,46.0,27.813
1545.540487,1,1,1,0,1,46.0,0.0
1545.540492,5,1,5,0,4,47.0,12.924
1545.5668995,6,2,1,0,2,45.0,7.374
1545.5908165,3,1,2,0,1,47.0,0.0
1545.600028,1,1,2,0,1,47.0,0.0
1545.6193545,3,1,2,0,8,47.0,18.356
1545.6316145,6,1,1,0,1,46.0,0.0
1545.6497105,6,1,1,0,1,45.0,0.0
1545.7104115,6,2,2,0,2,49.0,4.4
1545.7127355,6,1,3,0,5,49.0,14.895
1545.712753,1,1,3,0,4,48.0,10.843
1545.712771,5,2,1,0,3,49.0,11.986
1545.7158725,6,1,1,0,1,47.0,0.0
1545.7351835,6,1,2,0,1,45.0,0.0
1545.798095,1,1,1,0,1,45.0,0.0
1545.9907635,6,2,1,0,2,45.0,7.837
1546.0048945,6,1,1,0,1,45.0,0.0
1546.020732,1,1,4,0,28,47.0,57.837
1546.0207555,3,1,1,0,1,45.0,0.0
1546.025131,1,1,1,0,1,45.0,0.0
1546.0291505,6,1,1,0,1,45.0,0.0
1546.0359555,6,1,2,0,7,48.0,15.83
1546.058019,5,2,1,0,2,45.0,3.213
1546.095106,1,1,2,0,1,47.0,0.0
1546.0973065,6,1,1,0,1,45.0,0.0
1546.1179455,6,1,3,0,53,48.0,59.737
1546.117972,5,1,1,0,1,46.0,0.0
1546.1189235,6,1,1,0,1,45.0,0.0
1546.1263765,6,1,1,0,1,45.0,0.0
1546.1566665,3,1,1,0,1,45.0,0.0
1546.1618425,3,1,2,0,1,45.0,0.0
1546.161855,1,2,3,0,3,49.0,12.669
1546.1618615,6,1,2,0,1,46.0,0.0
1546.1662465,6,1,1,0,4,48.0,12.193
1546.180737,5,1,4,0,48,49.0,110.208
1546.1807525,6,1,4,0,39,49.0,71.182
1546.255612,1,1,1,0,1,45.0,0.0
1546.2921665,6,1,4,0,45,49.0,70.671
1546.29217,1,1,3,0,24,48.0,40.792
1546.2922135,3,1,1,0,1,45.0,0.0
1546.3008945,6,1,1,0,1,45.0,0.0
1546.310975,1,1,2,0,1,48.0,0.0
1546.326189,5,1,2,0,1,48.0,0.0
1546.34072,1,1,1,0,1,46.0,0.0
1546.344365,1,1,2,0,15,47.0,20.55
1546.35018,1,1,1,0,1,45.0,0.0
1546.3524605,6,1,1,0,1,45.0,0.0
1546.428565,1,4,3,0,8,49.0,36.38
1546.4420005,6,1,1,0,1,45.0,0.0
1547.002262,5,3,5,0,4,49.0,31.796
1547.019389,5,2,5,0,2,49.0,5.81
1547.0281755,6,1,1,0,1,45.0,0.0
1547.051145,5,2,2,0,6,47.0,30.101
1547.077298,1,1,1,0,1,47.0,0.0
1547.0783985,6,1,2,0,21,49.0,39.898
1547.091296,1,1,2,0,1,48.0,0.0
1547.103111,5,1,1,0,1,45.0,0.0
1547.16787,1,1,1,0,1,45.0,0.0
1547.185568,1,1,1,0,1,49.0,0.0
1547.191007,5,1,1,0,1,45.0,0.0
1547.213078,1,1,1,0,1,45.0,0.0
1547.2142155,6,1,1,0,1,46.0,0.0
1547.225657,1,2,1,0,2,45.0,3.55
1547.23381,5,2,1,0,2,46.0,4.927
1547.303249,5,4,33,10,194,66.0,5026.0
1547.3032555,6,11,24,9,180,67.0,4974.0
1547.303265,4,1,1,0,1,49.0,0.0
1547.3049035,6,1,1,0,1,45.0,0.0
1547.3631805,6,1,1,0,1,48.0,0.0
1547.3926035,6,2,2,0,5,49.0,19.693
1547.3998505,6,1,1,0,4,49.0,15.105
1547.470432,5,2,1,0,2,45.0,5.484
1547.4928055,3,1,2,0,4,49.0,14.876
1547.5286935,3,1,2,0,1,46.0,0.0
1547.5287155,6,1,3,0,15,48.0,29.088
1547.542658,5,2,1,0,2,45.0,3.324
1547.559205,5,5,4,0,15,49.0,60.28
1547.561362,1,1,1,0,1,46.0,0.0
1547.5683155,6,1,1,0,1,45.0,0.0
1547.5737865,3,2,2,0,3,49.0,12.849
1547.597076,1,1,1,0,1,45.0,0.0
1547.6137895,6,1,3,0,1,49.0,0.0
1547.6397545,6,3,27,10,185,73.0,10107.0
1547.6518305,6,1,1,0,1,46.0,0.0
1547.6621785,6,1,1,0,1,45.0,0.0
1547.6726585,6,1,2,0,1,47.0,0.0
1547.679678,1,1,1,0,1,46.0,0.0
1547.687752,1,1,1,0,1,45.0,0.0
1547.6908555,6,1,2,0,25,49.0,36.075
1547.6926205,6,2,1,0,2,47.0,4.055
1547.7114555,3,1,1,0,1,45.0,0.0
1547.7114875,6,1,2,0,1,46.0,0.0
1547.755233,1,1,1,0,1,49.0,0.0
1547.7618145,3,1,1,0,1,45.0,0.0
1547.7643865,6,1,1,0,1,45.0,0.0
1547.7652625,3,2,1,0,2,45.0,3.933
1547.768869,1,1,1,0,1,45.0,0.0
1547.774406,1,2,1,0,3,46.0,8.096
1547.8456905,6,1,1,0,1,47.0,0.0
1547.8551905,6,1,2,0,4,48.0,14.313
1547.8723945,6,1,1,0,1,49.0,0.0
1547.909822,5,1,2,0,1,46.0,0.0
1547.9286265,6,2,1,0,5,48.0,15.783
1547.949857,1,1,2,0,1,47.0,0.0
1547.950948,1,1,1,0,1,45.0,0.0
1547.958906,5,4,12,3,40,66.0,2620.0
1547.9589775,3,1,1,0,1,45.0,0.0
1547.9717935,6,1,2,0,18,46.0,20.6
1547.97933,5,1,3,0,1,48.0,0.0
1547.9845925,6,1,1,0,1,45.0,0.0
1547.9935255,6,1,1,0,1,45.0,0.0
1548.0022445,6,2,1,0,2,47.0,15.977
1548.011972,1,1,5,0,65,49.0,81.984
1548.01199,5,1,2,0,26,48.0,41.894
1548.0215415,6,1,3,0,1,48.0,0.0
1548.05232,5,2,1,0,2,45.0,3.933
1548.067266,5,1,2,0,1,47.0,0.0
1548.0672795,6,1,1,0,1,45.0,0.0
1548.097379,5,1,1,0,1,45.0,0.0
1548.097438,1,1,1,0,1,45.0,0.0
1548.1353775,3,1,1,0,1,45.0,0.0
1548.1456005,6,2,1,0,3,48.0,13.917
1548.184221,4,1,2,0,1,48.0,0.0
1548.1854785,6,3,2,0,5,48.0,27.711
1548.1896975,3,1,4,1,163,48.0,86.54
1548.190732,1,1,1,0,1,45.0,0.0
1548.2295995,6,2,2,0,4,47.0,21.54
1548.238005,1,1,1,0,1,49.0,0.0
1548.2380285,3,1,1,0,1,45.0,0.0
1548.257526,1,2,9,4,67,70.0,4481.0
1548.2722835,3,1,2,0,8,48.0,23.528
1548.310458,1,1,2,0,21,46.0,18.912
1548.3352435,6,1,1,0,1,45.0,0.0
1548.336519,5,39,32,13,183,66.0,7955.0
1548.3693945,6,2,1,0,2,45.0,28.757
1548.3835365,6,1,1,0,1,49.0,0.0
1548.386215,5,2,1,0,2,46.0,5.52
1548.3958505,6,1,3,0,6,48.0,16.64
1548.4063745,3,2,2,0,5,49.0,14.875
1548.406389,5,2,7,0,5,49.0,15.481
1548.408062,1,1,2,0,1,46.0,0.0
1548.415237,1,1,1,0,1,45.0,0.0
1548.415256,5,1,1,0,1,47.0,0.0
1548.4268455,6,1,1,0,1,45.0,0.0
1548.4394325,6,2,2,0,2,47.0,7.169
1548.442629,1,1,1,0,1,45.0,0.0
1548.4426425,6,1,2,0,1,48.0,0.0
1548.4426515,3,1,1,0,1,45.0,0.0
1548.4587225,6,1,1,0,1,48.0,0.0
1548.4741775,6,1,1,0,1,46.0,0.0
1548.4777795,3,1,5,1,71,48.0,106.388
1548.5253845,6,1,3,0,35,48.0,57.417
1548.525386,1,1,1,0,1,45.0,0.0
1548.5262945,3,1,1,0,1,45.0,0.0
1548.532277,1,1,3,0,1,48.0,0.0
1548.5568415,6,2,2,0,2,47.0,4.562
1548.57472,5,2,9,2,31,66.0,1963.0
1548.5908835,3,1,2,0,13,46.0,22.531
1548.6123415,6,1,2,0,1,45.0,0.0
1548.616768,1,1,1,0,1,45.0,0.0
1548.6235185,6,1,1,0,1,47.0,0.0
1548.638543,1,1,2,0,1,46.0,0.0
1548.6569365,6,1,1,0,4,47.0,10.302
1548.6682145,6,5,3,0,23,49.0,52.443
1548.672824,5,2,1,0,2,46.0,4.432
1548.6898725,6,1,1,0,1,48.0,0.0
1548.7086425,6,1,1,0,1,45.0,0.0
1548.7286255,6,1,2,0,4,46.0,9.401
1548.729456,5,2,3,0,5,48.0,26.437
1548.73252,5,8,34,24,193,76.0,44718.0
1548.7325395,6,10,28,9,186,69.0,5311.0
1548.748994,1,2,1,0,2,45.0,4.025
1548.750461,5,2,1,0,3,49.0,10.762
1548.7504645,3,1,1,0,1,45.0,0.0
1548.756648,5,1,1,0,1,45.0,0.0
1548.7701895,3,1,1,0,1,45.0,0.0
1548.8143685,3,1,1,0,4,49.0,16.148
1548.8404885,6,1,1,0,1,45.0,0.0
1548.841063,1,1,1,0,1,46.0,0.0
1548.8749235,3,1,1,0,1,45.0,0.0
1548.8814155,3,1,2,0,4,48.0,9.924
1548.891299,5,4,17,7,179,66.0,3035.0
1548.907877,5,1,2,0,5,47.0,18.647
1548.910912,5,1,2,0,1,46.0,0.0
1548.915542,5,2,2,0,3,47.0,13.052
1548.9197405,6,1,1,0,1,45.0,0.0
1548.9210845,6,1,1,0,1,45.0,0.0
1548.933513,5,2,1,0,4,47.0,19.862
1548.9335195,6,1,3,0,4,47.0,10.473
1548.933563,1,1,1,0,1,45.0,0.0
1549.05262,1,2,2,0,2,48.0,14.315
1549.0546915,6,2,1,0,3,48.0,13.944
1549.079638,1,2,1,0,3,48.0,11.131
1549.1085655,3,1,1,0,1,45.0,0.0
1549.108578,1,2,4,0,3,48.0,11.899
1549.1563265,6,1,1,0,1,45.0,0.0
1549.1571425,6,1,1,0,1,45.0,0.0
1549.1639175,6,2,1,0,2,45.0,3.241
1549.164682,1,1,1,0,1,45.0,0.0
1549.164685,5,1,2,0,1,49.0,0.0
1549.1646925,6,1,1,0,1,47.0,0.0
1549.1720265,6,1,1,0,1,45.0,0.0
1549.2128435,6,1,2,0,1,47.0,0.0
1549.2244285,6,1,1,0,1,45.0,0.0
1549.2265855,6,1,1,0,1,46.0,0.0
1549.2275345,6,1,1,0,1,45.0,0.0
1549.2285515,6,1,1,0,1,45.0,0.0
1549.26344,1,1,2,0,8,48.0,24.806
1549.3155875,6,2,1,0,3,48.0,16.483
1549.32539,1,2,1,0,3,46.0,8.929
1549.3265865,6,1,2,0,1,48.0,0.0
1549.358708,5,1,1,0,1,46.0,0.0
1549.3587495,6,1,1,0,1,45.0,0.0
1549.3813875,6,1,1,0,1,45.0,0.0
1549.381416,1,1,2,0,1,47.0,0.0
1549.411656,5,1,3,0,1,47.0,0.0
1549.4186185,6,1,1,0,1,46.0,0.0
1549.4273175,6,1,1,0,1,45.0,0.0
1549.465309,5,2,5,0,16,48.0,77.302
1549.4653315,6,1,1,0,1,45.0,0.0
1549.4686445,6,1,3,0,1,46.0,0.0
1549.468653,1,2,1,0,5,48.0,16.683
1549.4711465,6,1,3,0,11,48.0,39.635
1549.479556,1,2,1,0,2,47.0,6.222
1549.491405,1,3,2,0,4,48.0,47.215
1549.495234,5,1,3,0,66,48.0,91.045
1549.4952645,3,1,1,0,1,45.0,0.0
1549.503929,1,1,1,0,1,47.0,0.0
1549.522804,1,1,2,0,1,48.0,0.0
1549.572863,1,1,3,0,41,48.0,48.216
1550.135079,1,1,3,0,28,48.0,27.568
1550.145909,1,1,2,0,4,45.0,9.261
1550.152573,1,2,22,6,112,67.0,3518.0
1550.159481,1,2,2,0,2,49.0,14.957
1550.1674485,6,1,1,0,1,49.0,0.0
1550.1700875,3,1,2,0,8,45.0,14.592
1550.172829,5,1,2,0,35,49.0,57.209
1550.172856,1,1,4,0,1,48.0,0.0
1550.21763,1,2,1,0,2,45.0,11.888
1550.220966,1,2,3,0,58,48.0,89.684
1550.2209835,3,1,1,0,1,45.0,0.0
1550.2290985,6,1,1,0,1,47.0,0.0
1550.230554,1,1,2,0,1,47.0,0.0
1550.2305725,6,1,1,0,1,45.0,0.0
1550.2324465,3,1,2,0,5,49.0,19.267
1550.2346525,3,1,2,0,5,48.0,11.841
1550.2475645,6,1,1,0,1,46.0,0.0
1550.261575,5,1,2,0,29,48.0,36.998
1550.2615975,6,2,1,0,3,49.0,16.812
1550.2633725,6,1,3,0,6,49.0,16.262
1550.2847095,6,2,2,0,5,49.0,36.23
1550.3030855,6,1,2,0,4,48.0,11.631
1550.3062455,6,1,1,0,1,45.0,0.0
1550.3089045,3,1,2,0,11,46.0,14.905
1550.3125345,6,1,1,0,1,46.0,0.0
1550.319121,5,2,1,0,3,47.0,21.264
1550.3191375,6,1,3,0,1,46.0,0.0
1550.3227815,6,1,1,0,1,45.0,0.0
1550.3237565,6,1,2,0,1,49.0,0.0
1550.35695,1,1,2,0,1,48.0,0.0
1550.371871,5,3,1,0,4,49.0,23.673
1550.386627,1,1,1,0,1,45.0,0.0
1550.3972265,6,1,1,0,1,45.0,0.0
1550.403815,5,1,1,0,1,45.0,0.0
1550.4038325,3,1,1,0,1,46.0,0.0
1550.4038435,6,1,1,0,1,45.0,0.0
1550.4095055,6,1,1,0,1,46.0,0.0
1550.4188375,6,1,4,0,23,49.0,38.903
1550.43261,5,2,1,0,3,46.0,17.051
1550.4326375,6,1,1,0,1,45.0,0.0
1550.442265,1,2,37,24,253,81.0,61199.0
1550.4480615,6,2,1,0,3,46.0,9.72
1550.4486015,6,8,3,0,15,49.0,85.836
1550.463556,1,2,1,0,2,45.0,9.686
1550.5065465,6,1,1,0,1,47.0,0.0
1550.508926,1,1,1,0,1,47.0,0.0
1550.518912,5,1,3,0,1,47.0,0.0
1550.522044,5,1,1,0,1,47.0,0.0
1550.5265805,6,1,1,0,1,46.0,0.0
1550.5419335,3,1,1,0,4,47.0,10.287
1550.5454415,6,1,1,0,1,46.0,0.0
1550.546349,5,1,4,0,23,49.0,49.976
1550.5549465,3,1,4,0,15,49.0,35.255
1550.554959,1,1,2,0,1,47.0,0.0
1550.5725785,3,1,1,0,1,45.0,0.0
1550.5942415,6,1,1,0,1,47.0,0.0
1550.6060575,6,1,2,0,1,47.0,0.0
1550.6276,5,1,1,0,1,45.0,0.0
1550.633225,1,1,1,0,1,48.0,0.0
1550.633248,5,2,2,0,2,46.0,3.665
1550.6334535,6,1,1,0,1,45.0,0.0
1550.652469,5,2,2,0,2,47.0,5.098
1550.671593,1,2,2,0,2,46.0,8.226
1550.6811915,3,1,1,0,1,45.0,0.0
1550.682163,5,2,2,0,2,45.0,7.667
1550.6821815,6,1,2,0,1,48.0,0.0
1550.6854655,6,1,1,0,8,46.0,16.872
1550.700135,1,1,1,0,1,45.0,0.0
1550.702107,5,12,52,45,480,78.0,77645.0
1550.7021185,3,26,26,11,254,66.0,4470.0
1550.7021185,6,24,42,25,323,73.0,30797.0
1550.702123,2,33,39,27,257,72.0,25775.0
1550.702126,1,5,42,17,287,68.0,11171.0
1550.7037885,6,2,1,0,2,45.0,4.305
1550.72148,5,1,3,0,1,49.0,0.0
1550.7389615,6,2,2,0,3,47.0,9.977
1550.740448,5,3,3,0,4,49.0,18.294
1550.740531,1,41,3,0,42,49.0,59.267
1550.7448765,6,2,1,0,3,47.0,15.835
1550.757923,5,1,1,0,1,46.0,0.0
1550.759168,5,3,14,6,119,67.0,2727.0
1550.764203,5,2,4,0,2,49.0,7.541
1550.765332,5,2,3,0,3,49.0,23.25
1550.76779,5,15,90,54,767,75.0,45142.0
1550.7678065,6,18,76,30,672,72.0,16476.0
1550.767822,4,2,1,0,2,47.0,5.664
1550.7738335,6,2,3,0,4,47.0,30.889
1550.777792,5,1,3,0,13,49.0,43.226
1550.7778115,6,1,2,0,1,47.0,0.0
1550.7857725,6,1,1,0,1,48.0,0.0
1550.7923965,3,1,3,0,24,47.0,30.425
1550.7970755,3,1,1,0,5,49.0,16.49
1550.806625,1,1,6,0,1,48.0,0.0
1550.8066475,3,1,2,0,1,46.0,0.0
1550.8355285,6,2,10,4,113,67.0,2322.0
1550.8355755,3,2,3,0,2,46.0,3.435
1550.841475,5,1,4,0,7,48.0,17.543
1550.8414775,6,1,1,0,1,48.0,0.0
1550.8434165,6,1,1,0,1,47.0,0.0
1550.8470825,3,1,3,0,12,47.0,20.672
1550.8525845,6,1,2,0,1,47.0,0.0
1550.8587245,6,1,2,0,9,47.0,23.295
1550.861024,5,2,2,0,2,47.0,4.025
1550.863593,1,1,5,0,16,48.0,20.19
1550.8636045,3,1,2,0,87,49.0,65.33
1550.889396,5,1,1,0,1,46.0,0.0
1550.891723,5,1,1,0,1,45.0,0.0
1550.900471,1,2,1,0,3,46.0,12.068
1550.910251,5,2,1,0,2,47.0,4.961
1550.9210415,6,2,2,0,12,46.0,25.58
1550.922206,1,1,1,0,1,45.0,0.0
1550.9222285,6,2,1,0,2,47.0,3.55
1550.932898,1,1,3,0,1,48.0,0.0
1550.9561995,6,1,1,0,1,45.0,0.0
1550.96267,5,1,1,0,1,46.0,0.0
1550.9651985,3,1,4,0,31,47.0,43.494
1550.9707385,6,1,1,0,1,46.0,0.0
1550.9846675,6,1,1,0,1,45.0,0.0
1551.0074375,3,1,1,0,74,46.0,41.235
1551.008976,5,3,4,0,5,49.0,24.138
1551.011238,1,1,1,0,1,45.0,0.0
1551.05825,5,1,3,0,4,48.0,12.106
1551.0582845,6,1,2,0,30,47.0,26.415
1551.058286,1,1,3,0,36,47.0,62.643
1551.059596,1,2,1,0,2,46.0,9.263
1551.0807015,3,1,1,0,1,45.0,0.0
1551.098939,5,2,2,0,2,48.0,4.432
1551.0989835,6,1,2,0,1,46.0,0.0
1551.109353,5,2,1,0,2,45.0,4.562
1551.1103015,6,1,1,0,1,45.0,0.0
1551.1129015,6,1,1,0,1,47.0,0.0
1551.141689,5,2,1,0,2,48.0,3.665
1551.1588255,6,2,1,0,2,45.0,3.784
1551.1677695,6,1,1,0,1,49.0,0.0
1551.1756985,6,1,1,0,1,46.0,0.0
1551.1857855,6,1,1,0,1,45.0,0.0
1551.2022565,6,1,1,0,1,45.0,0.0
1551.2221,1,1,1,0,1,45.0,0.0
1551.225884,1,2,1,0,4,46.0,16.823
1551.252802,5,1,2,0,5,46.0,9.779
1551.2550015,6,1,2,0,1,48.0,0.0
1551.2572215,3,1,1,0,4,45.0,6.731
1551.2660505,6,2,3,0,17,49.0,52.961
1551.2929015,6,1,1,0,1,45.0,0.0
1551.2957865,6,1,1,0,1,45.0,0.0
1551.297583,5,4,4,0,5,48.0,20.276
1551.314706,5,1,1,0,1,45.0,0.0
1551.322173,5,3,3,0,7,49.0,35.817
1551.3344215,6,1,1,0,1,45.0,0.0
1551.3409365,6,1,2,0,1,45.0,0.0
1551.34441,1,1,1,0,1,45.0,0.0
1551.3444195,3,1,1,0,4,47.0,9.3
1551.3444245,6,1,1,0,1,45.0,0.0
1551.3643265,6,1,2,0,4,48.0,11.095
1551.385384,1,1,2,0,1,48.0,0.0
1551.3903305,6,1,1,0,1,46.0,0.0
1551.402051,1,1,4,1,79,48.0,87.247
1551.4261465,6,1,1,0,1,45.0,0.0
1551.433953,5,1,1,0,1,45.0,0.0
1551.458825,1,2,1,0,2,45.0,3.352
1551.4588305,6,1,5,0,1,49.0,0.0
1551.458836,5,1,2,0,8,47.0,14.178
1551.4698695,6,1,2,0,1,48.0,0.0
1551.475328,5,2,3,0,2,48.0,4.179
1551.4805765,3,1,1,0,1,45.0,0.0
1551.4949445,6,1,1,0,1,45.0,0.0
1551.501475,4,1,1,0,1,46.0,0.0
1551.511695,1,1,1,0,1,46.0,0.0
1551.5136395,6,1,1,0,1,45.0,0.0
1551.518503,1,1,4,0,1,47.0,0.0
1551.518521,5,2,4,0,2,48.0,12.099
1551.5185225,6,1,3,0,4,46.0,9.63
1551.539205,5,2,1,0,2,45.0,4.961
1551.5454005,3,1,1,0,4,46.0,7.491
1551.5627565,3,1,1,0,4,49.0,13.281
1551.5630785,6,1,1,0,1,49.0,0.0
1551.566617,5,2,1,0,3,46.0,9.699
1551.570954,5,2,2,0,16,49.0,33.731
1551.571699,1,1,1,0,1,46.0,0.0
1551.577993,5,2,1,0,2,45.0,3.352
1551.5901315,6,1,1,0,1,45.0,0.0
1551.6094925,3,2,1,0,2,45.0,9.639
1551.626636,5,2,4,0,3,49.0,11.568
1551.641551,1,1,3,0,1,48.0,0.0
1551.6580705,3,2,1,0,3,48.0,12.767
1551.658129,1,1,1,0,1,45.0,0.0
1551.6709675,6,1,1,0,1,49.0,0.0
1551.677227,5,2,3,0,8,49.0,38.75
1551.682524,5,1,2,0,1,46.0,0.0
1551.6879235,6,1,1,0,5,47.0,11.03
1551.6912635,6,2,6,3,31,69.0,4121.0
1551.7075725,6,1,2,0,1,45.0,0.0
1551.7092245,3,1,6,0,18,49.0,49.109
1551.736633,1,1,6,0,63,49.0,90.877
1551.7366385,3,1,2,0,1,48.0,0.0
1551.7578695,6,1,1,0,1,48.0,0.0
1551.758124,1,1,1,0,1,45.0,0.0
1551.771383,1,1,6,0,44,48.0,67.066
1551.7821495,3,1,1,0,1,45.0,0.0
1551.802085,5,6,4,0,11,49.0,60.743
1551.8129485,6,1,1,0,5,46.0,9.08
1551.8338145,6,1,1,0,1,45.0,0.0
1551.860587,5,8,41,21,279,72.0,19389.0
1551.8605985,6,24,31,15,247,72.0,12312.0
1551.860605,2,29,29,16,184,67.0,11427.0
1551.8630675,3,1,1,0,4,48.0,11.368
1551.875835,5,2,2,0,3,46.0,12.537
1551.8937195,6,1,1,0,1,49.0,0.0
1551.902004,1,1,1,0,1,47.0,0.0
1551.9031285,6,1,2,0,90,45.0,54.036
1551.9154855,6,1,3,0,14,49.0,39.409
1551.916182,1,2,1,0,2,45.0,3.903
1551.922586,5,1,5,0,25,48.0,54.656
1551.9227795,3,1,1,0,1,45.0,0.0
1551.939182,5,2,1,0,2,48.0,8.58
1551.9506415,6,1,3,0,1,48.0,0.0
1551.952837,5,1,4,0,1,48.0,0.0
1551.954178,1,1,1,0,1,46.0,0.0
1551.9619685,3,1,1,0,5,47.0,11.781
1551.97025,1,1,3,0,1,45.0,0.0
1551.977705,5,3,1,0,4,48.0,16.745
1551.988131,5,1,1,0,1,46.0,0.0
1551.9928275,6,1,1,0,1,45.0,0.0
1551.9959665,6,2,2,0,3,48.0,12.426
1551.99864,5,1,1,0,1,46.0,0.0
1552.024083,5,1,5,0,1,49.0,0.0
1552.032948,5,14,25,10,175,67.0,5957.0
1552.0329595,6,8,22,9,174,70.0,6139.0
1552.032987,4,1,1,0,1,45.0,0.0
1552.0359885,3,1,1,0,1,45.0,0.0
1552.036002,1,2,1,0,2,47.0,3.55
1552.0402165,6,1,1,0,1,48.0,0.0
1552.0441375,6,1,1,0,1,45.0,0.0
1552.0493365,6,1,1,0,1,45.0,0.0
1552.054027,5,11,5,0,14,49.0,72.673
1552.0749485,6,1,1,0,1,45.0,0.0
1552.083029,5,1,1,0,1,49.0,0.0
1552.109359,5,1,2,0,4,46.0,6.816
1552.128761,1,1,3,0,12,49.0,23.19
1552.1332745,6,1,2,0,1,47.0,0.0
1552.1340875,6,2,1,0,3,49.0,19.523
1552.137364,1,1,1,0,1,45.0,0.0
1552.1373645,3,1,2,0,1,45.0,0.0
1552.1472535,6,2,1,0,10,46.0,46.638
1552.149451,5,2,2,0,4,49.0,14.885
1552.1494795,3,1,1,0,1,45.0,0.0
1552.150598,5,5,28,11,193,69.0,7445.0
1552.1587755,6,1,1,0,1,45.0,0.0
1552.1633175,6,1,1,0,1,45.0,0.0
1552.164009,5,2,2,0,8,48.0,26.843
1552.171419,5,2,2,0,3,46.0,37.949
1552.1714375,6,1,1,0,1,47.0,0.0
1552.1731505,6,1,2,0,11,47.0,17.657
1552.174519,5,1,1,0,1,45.0,0.0
1552.1771365,6,1,3,0,5,49.0,17.048
1552.18218,1,2,5,0,18,48.0,53.693
1552.1821895,3,1,3,0,9,48.0,28.179
1552.1858775,6,1,1,0,4,47.0,11.706
1552.2076435,6,1,2,0,13,48.0,30.263
1552.2076605,3,1,1,0,1,45.0,0.0
1552.208578,5,1,2,0,1,47.0,0.0
1552.2207955,6,1,2,0,1,49.0,0.0
1552.2259865,3,1,1,0,4,48.0,11.311
1552.23467,5,1,1,0,1,45.0,0.0
1552.238156,5,2,1,0,2,46.0,4.305
1552.2797865,3,1,1,0,1,45.0,0.0
1552.279791,5,1,1,0,1,47.0,0.0
1552.2944455,6,1,5,0,41,48.0,57.487
1552.304632,5,1,2,0,1,49.0,0.0
1552.3053445,6,1,2,0,8,46.0,14.558
1552.3071035,6,1,1,0,1,45.0,0.0
1552.317329,5,2,1,0,2,45.0,7.837
1552.335451,5,1,1,0,1,47.0,0.0
1552.397939,1,2,1,0,2,46.0,5.201
1552.405547,5,1,2,0,1,47.0,0.0
1552.431107,1,1,1,0,1,45.0,0.0
1552.4406745,6,1,2,0,1,48.0,0.0
1552.450195,5,1,1,0,1,45.0,0.0
1552.456254,1,2,11,4,62,68.0,2498.0
1552.467561,5,1,1,0,1,45.0,0.0
1552.4694285,6,1,1,0,1,45.0,0.0
1552.478642,5,2,3,0,11,49.0,46.259
1552.491766,5,2,2,0,2,45.0,4.961
1552.5149025,6,1,1,0,1,45.0,0.0
1552.5735015,6,1,1,0,1,45.0,0.0
1552.579304,5,2,2,0,3,48.0,10.953
1552.5989635,6,2,1,0,2,45.0,3.352
1552.60585,5,1,1,0,1,45.0,0.0
1552.6307585,6,1,1,0,1,46.0,0.0
1552.632138,4,1,1,0,1,45.0,0.0
1552.6415175,3,2,1,0,2,45.0,4.529
1552.6606175,3,1,1,0,4,46.0,7.549
1552.6606375,6,1,1,0,11,47.0,15.33
1552.6648435,6,1,1,0,1,45.0,0.0
1552.667389,1,2,1,0,5,47.0,21.096
1552.6915365,6,1,2,0,1,48.0,0.0
1552.695644,1,1,2,0,1,46.0,0.0
1552.7316725,6,2,2,0,15,48.0,42.333
1552.734131,1,1,1,0,1,47.0,0.0
1552.737642,5,1,1,0,1,45.0,0.0
1552.738428,5,1,1,0,1,47.0,0.0
1552.7414555,6,1,1,0,1,47.0,0.0
1553.317527,1,1,1,0,1,48.0,0.0
1553.33924,5,1,1,0,1,45.0,0.0
1553.3450445,6,2,2,0,9,49.0,35.169
1553.3601965,6,1,1,0,1,45.0,0.0
1553.362114,5,2,2,0,10,49.0,36.833
1553.363123,5,2,1,0,2,45.0,6.108
1553.376165,5,3,3,0,6,49.0,36.564
1553.3777615,6,1,1,0,1,45.0,0.0
1553.4172035,6,1,2,0,9,47.0,23.517
1553.435494,5,2,1,0,3,48.0,15.078
1553.4355105,6,1,1,0,1,46.0,0.0
1553.444428,5,2,2,0,38,48.0,82.275
1553.4464945,6,1,1,0,1,46.0,0.0
1553.46244,5,1,1,0,1,45.0,0.0
1553.4642585,6,1,1,0,1,49.0,0.0
1553.480608,5,1,2,0,6,48.0,8.436
1553.5167405,6,1,1,0,1,47.0,0.0
1553.5178545,6,1,1,0,1,45.0,0.0
1553.523989,1,1,3,0,9,48.0,24.55
1553.5316185,3,1,1,0,1,45.0,0.0
1553.5429255,6,1,1,0,1,46.0,0.0
1553.5437965,6,1,1,0,1,46.0,0.0
1553.5482545,6,1,1,0,1,45.0,0.0
1553.5566815,6,17,28,10,151,71.0,8486.0
1553.5597435,6,10,40,23,315,74.0,19669.0
1553.559745,5,37,39,14,231,67.0,6804.0
1553.559749,1,10,39,16,276,66.0,7658.0
1553.579524,5,2,1,0,3,46.0,9.35
1553.582661,5,2,2,0,15,48.0,47.938
1553.5826675,6,1,1,0,4,48.0,12.716
1553.582688,1,1,2,0,17,47.0,37.712
1553.5983305,6,1,1,0,5,47.0,10.125
1553.6183705,6,1,2,0,9,47.0,19.064
1553.6457135,6,1,2,0,1,48.0,0.0
1553.6509905,6,1,1,0,1,45.0,0.0
1553.65866,1,1,1,0,1,45.0,0.0
1553.676992,1,2,1,0,10,48.0,22.22
1553.6803595,3,1,2,0,12,47.0,16.994
1553.6921935,6,1,1,0,1,47.0,0.0
1553.6938955,6,1,1,0,1,48.0,0.0
1553.7025915,6,1,2,0,14,47.0,15.956
1553.720937,5,9,19,10,101,71.0,13406.0
1553.7460095,6,2,1,0,2,47.0,3.352
1553.772553,1,2,1,0,2,47.0,23.241
1553.7764295,6,2,3,0,24,48.0,68.007
1553.776441,5,1,3,0,28,48.0,46.565
1553.800455,1,6,2,0,7,49.0,32.166
1553.810313,1,1,1,0,1,45.0,0.0
1553.819818,5,2,14,5,38,66.0,4033.0
1553.819837,1,1,3,0,12,49.0,34.778
1553.8198895,3,1,1,0,1,45.0,0.0
1553.827542,5,1,1,0,1,45.0,0.0
1553.8276065,6,1,2,0,5,49.0,9.705
1553.836487,1,1,1,0,1,45.0,0.0
1553.845825,5,1,2,0,4,46.0,10.67
1553.858719,5,20,2,0,21,47.0,44.837
1553.858728,1,1,1,0,1,45.0,0.0
1553.879617,1,2,1,0,3,46.0,8.067
1553.8938595,6,1,1,0,1,45.0,0.0
1553.896619,5,2,1,0,2,47.0,6.686
1553.904436,1,1,2,0,10,49.0,15.349
1553.905848,5,2,2,0,6,48.0,17.867
1553.9261425,3,2,1,0,2,49.0,12.046
1553.9390945,6,1,1,0,1,45.0,0.0
1553.9442555,3,2,1,0,2,45.0,14.488
1553.9505935,3,1,1,0,1,45.0,0.0
1553.9536305,6,1,1,0,1,45.0,0.0
1553.9611915,6,1,1,0,1,48.0,0.0
1553.963485,1,2,2,0,2,48.0,10.215
1553.9635135,3,1,1,0,1,45.0,0.0
1553.985449,1,1,1,0,1,45.0,0.0
1553.998642,5,2,2,0,2,49.0,3.132
1553.9986645,6,1,1,0,1,45.0,0.0
1554.0027585,6,1,2,0,1,49.0,0.0
1554.020702,5,5,5,0,9,48.0,45.347
1554.023438,1,1,2,0,1,48.0,0.0
1554.0236495,3,1,2,0,159,48.0,36.523
1554.0354735,6,1,1,0,1,45.0,0.0
1554.044693,5,2,1,0,2,48.0,14.781
1554.0490685,6,1,1,0,1,47.0,0.0
1554.0541105,6,1,1,0,1,47.0,0.0
1554.0656875,6,2,1,0,6,47.0,26.077
1554.117678,5,2,1,0,2,46.0,6.07
1554.128306,5,3,2,0,4,48.0,20.63
1554.1333575,6,2,1,0,2,46.0,4.179
1554.1559765,6,1,1,0,1,45.0,0.0
1554.157625,1,1,3,0,11,48.0,21.811
1554.1623395,6,1,1,0,4,47.0,9.345
1554.175151,1,2,1,0,3,46.0,7.965
1554.1852245,3,1,1,0,1,46.0,0.0
1554.187104,5,1,1,0,1,46.0,0.0
1554.194215,5,3,3,0,17,49.0,72.041
1554.1975005,3,1,2,0,1,48.0,0.0
1554.201509,1,13,58,46,357,79.0,80942.0
1554.201513,2,12,51,49,323,77.0,72936.0
1554.2015195,6,15,50,32,397,75.0,30943.0
1554.2015205,3,17,38,22,385,70.0,14217.0
1554.201521,5,22,55,30,351,70.0,25353.0
1554.2118395,3,1,1,0,1,45.0,0.0
1554.2188905,3,1,1,0,13,47.0,12.197
1554.2209705,6,1,2,0,4,48.0,12.656
1554.221316,5,1,1,0,1,45.0,0.0
1554.227809,1,5,4,0,17,48.0,51.573
1554.232851,1,1,2,0,1,46.0,0.0
1554.2526195,6,1,1,0,1,46.0,0.0
1554.2705055,6,2,4,1,23,67.0,1122.0
1554.283221,5,2,3,0,2,47.0,7.541
1554.2854495,3,1,1,0,1,45.0,0.0
1554.2882295,6,1,1,0,1,45.0,0.0
1554.2936495,6,1,1,0,4,48.0,13.302
1554.29737,5,1,1,0,49,46.0,35.639
1554.3021435,6,1,2,0,52,48.0,34.642
1554.3088055,6,1,2,0,1,49.0,0.0
1554.309851,5,1,4,0,1,49.0,0.0
1554.312651,5,2,2,0,7,49.0,39.635
1554.322033,5,2,1,0,3,48.0,14.512
1554.3524035,3,1,2,0,9,47.0,20.833
1554.3524765,6,1,1,0,1,45.0,0.0
1554.360751,1,1,2,0,1,46.0,0.0
1554.3710575,6,1,1,0,1,45.0,0.0
1554.3983795,6,1,1,0,1,45.0,0.0
1554.4029375,6,2,2,0,13,48.0,45.448
1554.4112945,6,1,2,0,1,49.0,0.0
1554.411298,1,1,2,0,1,45.0,0.0
1554.415828,5,1,1,0,1,45.0,0.0
1554.4225665,3,1,1,0,4,47.0,11.342
1554.4225805,6,1,3,0,1,46.0,0.0
1554.4231475,6,1,1,0,1,45.0,0.0
1554.4321955,6,1,2,0,1,47.0,0.0
1554.459759,5,2,1,0,2,46.0,4.793
1554.4717585,6,2,4,0,14,49.0,52.183
1554.47757,1,1,1,0,1,45.0,0.0
1554.4837555,3,1,2,0,4,45.0,7.326
1554.4946705,3,2,3,0,26,49.0,57.799
1554.496133,5,1,2,0,1,46.0,0.0
1554.516962,5,1,1,0,1,45.0,0.0
1554.529445,5,1,14,4,105,67.0,1546.0
1554.5294875,3,1,4,0,40,49.0,90.786
1554.5347095,6,1,1,0,1,47.0,0.0
1554.535216,5,1,2,0,1,48.0,0.0
1554.572153,5,1,5,0,40,49.0,86.585
1554.572166,1,1,2,0,1,48.0,0.0
1554.576492,1,1,1,0,1,48.0,0.0
1554.5969745,6,2,2,0,14,48.0,33.705
1554.5986345,6,1,1,0,1,45.0,0.0
1554.6001235,6,1,1,0,1,45.0,0.0
1554.6104085,3,1,2,0,5,47.0,11.583
1554.610411,1,1,3,0,35,49.0,58.742
1554.625129,5,41,6,0,46,49.0,116.829
1554.6251555,6,1,3,0,1,47.0,0.0
1554.6330325,6,1,1,0,1,45.0,0.0
1554.638643,1,1,1,0,1,45.0,0.0
1554.6465485,6,1,1,0,1,45.0,0.0
1554.6625795,3,1,1,0,5,48.0,14.148
1554.6657905,6,4,25,10,194,69.0,5894.0
1554.684809,1,1,1,0,1,46.0,0.0
1554.690613,1,1,4,0,42,49.0,60.116
1554.693538,1,1,3,0,19,48.0,32.71
1554.6935515,6,1,3,0,1,48.0,0.0
1554.695797,5,3,1,0,5,49.0,34.946
1554.7645865,6,1,1,0,1,45.0,0.0
1554.76775,1,1,1,0,1,45.0,0.0
1554.7810015,3,1,3,0,38,48.0,56.497
1554.7998525,6,1,1,0,1,48.0,0.0
1554.8240795,6,1,1,0,1,45.0,0.0
1554.8249665,3,1,3,0,38,49.0,39.096
1554.8317435,6,2,1,0,2,45.0,15.493
1554.8393375,3,1,1,0,1,48.0,0.0
1554.839353,5,1,3,0,1,48.0,0.0
1554.8515075,6,1,2,0,4,48.0,12.077
1554.8522705,3,1,2,0,9,45.0,13.669
1554.8697065,6,1,1,0,8,45.0,11.477
1554.9017495,3,1,2,0,1,45.0,0.0
1554.920407,5,1,3,0,1,48.0,0.0
1554.9247625,6,1,2,0,1,47.0,0.0
1554.9269885,6,1,2,0,4,47.0,9.225
1554.927744,5,2,1,0,2,45.0,3.695
1554.9542165,6,1,2,0,4,48.0,10.142
1554.98479,5,2,2,0,5,48.0,27.83
1554.9847955,6,1,4,0,26,48.0,52.42
1554.996031,1,1,1,0,1,47.0,0.0
1554.9960385,6,1,1,0,1,45.0,0.0
1555.0020345,6,1,1,0,1,45.0,0.0
1555.00744,1,2,2,0,2,48.0,5.098
1555.0125585,3,1,1,0,1,45.0,0.0
1555.017932,1,2,18,5,135,66.0,2347.0
1555.017988,5,2,4,0,48,48.0,103.836
1555.0228075,6,1,1,0,1,45.0,0.0
1555.0340975,3,1,1,0,1,45.0,0.0
1555.04611,5,2,1,0,2,46.0,4.4
1555.049878,1,2,1,0,2,45.0,3.132
1555.0530205,3,2,2,0,2,48.0,4.432
1555.053047,5,1,2,0,23,46.0,28.648
1555.0530525,6,1,2,0,1,49.0,0.0
1555.0726855,6,1,1,0,1,45.0,0.0
1555.0784855,6,1,1,0,1,45.0,0.0
1555.0825605,6,2,1,0,3,48.0,32.327
1555.0913885,6,1,1,0,1,45.0,0.0
1555.098198,5,2,3,0,2,48.0,7.047
1555.0982035,6,1,3,0,4,49.0,12.979
1555.123717,1,4,20,8,112,73.0,10475.0
1555.1237605,6,1,2,0,13,49.0,27.103
1555.1273845,6,1,2,0,4,49.0,14.648
1555.127414,1,1,1,0,1,47.0,0.0
1555.1320225,6,2,1,0,3,48.0,10.712
1555.140535,4,1,1,0,1,46.0,0.0
1555.14823,5,4,2,0,5,47.0,18.71
1555.1504255,3,1,1,0,1,45.0,0.0
1555.1590475,3,1,1,0,1,45.0,0.0
1555.1959355,6,1,1,0,1,45.0,0.0
1555.21634,5,2,3,0,3,49.0,13.185
1555.220161,1,2,2,0,3,49.0,16.013
1555.22399,1,1,3,0,1,49.0,0.0
1555.2392185,3,1,2,0,1,47.0,0.0
1555.2399095,6,1,1,0,1,45.0,0.0
1555.2534535,6,1,1,0,11,46.0,14.775
1555.27568,1,2,2,0,3,49.0,12.849
1555.303626,1,1,2,0,1,47.0,0.0
1555.3048995,6,1,1,0,5,46.0,10.776
1555.3065915,3,2,3,0,5,49.0,21.123
1555.3140665,6,1,1,0,1,45.0,0.0
1555.3228655,6,1,1,0,1,45.0,0.0
1555.3379615,3,1,1,0,1,45.0,0.0
1555.3615745,3,1,2,0,4,48.0,10.288
1555.3736555,6,1,1,0,1,45.0,0.0
1555.3790725,6,1,1,0,1,45.0,0.0
1555.3837155,6,1,1,0,1,45.0,0.0
1555.3936155,6,1,4,0,24,49.0,48.427
1555.3976835,6,1,1,0,1,45.0,0.0
1555.432543,1,1,1,0,1,45.0,0.0
1555.4363535,6,1,1,0,1,45.0,0.0
1555.4543175,6,2,1,0,2,45.0,4.562
1555.458474,5,1,2,0,7,47.0,16.752
1555.510694,5,2,2,0,2,47.0,3.813
1555.5126835,3,2,1,0,2,49.0,9.45
1555.5195555,3,1,1,0,1,45.0,0.0
1555.5286795,3,1,1,0,4,46.0,8.582
1555.5291855,6,1,1,0,1,45.0,0.0
1555.5297435,6,1,3,0,1,45.0,0.0
1555.5355515,6,1,1,0,1,47.0,0.0
1555.5530145,3,1,2,0,27,49.0,46.56
1555.5541705,3,1,1,0,1,45.0,0.0
1555.564577,5,2,1,0,3,45.0,8.339
1555.5645795,6,1,3,0,27,49.0,51.643
1555.5704105,3,1,2,0,14,48.0,30.714
1555.5771645,6,2,1,0,11,49.0,46.253
1555.5877055,6,1,2,0,1,46.0,0.0
1555.6081905,6,1,1,0,1,46.0,0.0
1555.6162965,6,1,1,0,1,46.0,0.0
1555.62559,5,2,1,0,2,49.0,3.55
1555.626418,5,1,1,0,1,45.0,0.0
1555.6473765,6,1,1,0,1,46.0,0.0
1555.6502615,6,1,1,0,1,45.0,0.0
1555.6524775,3,1,1,0,1,45.0,0.0
1555.674888,5,1,1,0,1,45.0,0.0
1555.6819065,6,2,1,0,3,48.0,7.884
1555.689556,5,1,1,0,1,47.0,0.0
1555.710299,5,1,5,0,42,49.0,94.131
1555.711518,1,1,1,0,1,45.0,0.0
1555.7115285,6,1,3,0,5,48.0,14.085
1555.7115385,3,1,1,0,1,45.0,0.0
1555.723125,1,1,1,0,1,48.0,0.0
1555.731878,4,1,2,0,1,46.0,0.0
1555.73486,1,1,1,0,1,45.0,0.0
1555.7480955,6,1,1,0,1,45.0,0.0
1555.7599405,6,1,1,0,1,45.0,0.0
1555.762883,5,2,4,0,2,49.0,6.726
1555.7628835,3,1,1,0,1,45.0,0.0
1555.782736,5,31,4,0,32,48.0,84.617
1555.7838335,6,1,1,0,1,45.0,0.0
1555.785489,1,2,1,0,3,49.0,13.453
1555.7921975,3,1,4,0,70,48.0,83.965
1555.8080105,6,1,1,0,1,49.0,0.0
1555.8136855,6,2,1,0,4,48.0,19.799
1555.8243635,6,1,1,0,4,49.0,13.818
1555.8303795,6,1,3,0,1,47.0,0.0
1555.8303845,3,1,2,0,7,48.0,23.355
1555.8385615,6,1,1,0,1,45.0,0.0
1555.8431735,6,1,2,0,4,47.0,10.075
1555.8633205,6,2,1,0,2,45.0,3.352
1555.8749995,3,1,1,0,1,45.0,0.0
1555.905856,1,1,3,0,4,47.0,10.971
1555.9117495,3,1,1,0,1,45.0,0.0
1555.912681,5,5,2,0,6,47.0,26.285
1555.9126985,3,1,1,0,1,45.0,0.0
1555.9127025,6,1,1,0,4,49.0,12.522
1555.9142205,6,1,2,0,4,47.0,10.901
1556.496854,1,2,1,0,3,49.0,12.476
1556.5009175,6,2,1,0,3,45.0,8.627
1556.502017,1,1,2,0,1,46.0,0.0
1556.5198345,6,1,2,0,1,46.0,0.0
1556.551843,1,1,2,0,1,47.0,0.0
1556.556921,5,1,1,0,1,47.0,0.0
1556.569392,1,1,1,0,1,46.0,0.0
1556.571825,5,2,1,0,3,47.0,11.405
1556.57348,1,6,25,8,144,68.0,5327.0
1556.575423,5,1,4,0,1,48.0,0.0
1556.5754425,6,1,2,0,7,48.0,28.028
1556.5805455,6,1,1,0,1,46.0,0.0
1556.5843905,3,1,1,0,1,46.0,0.0
1556.584412,5,1,2,0,1,46.0,0.0
1556.591269,5,2,1,0,2,45.0,9.078
1556.594873,1,1,1,0,1,46.0,0.0
1556.5960888,1,2,2,0,3,49.0,12.703
1556.604549,1,90,17,7,181,70.0,5090.0
1556.613848,5,4,1,0,5,48.0,20.955
1556.6162335,6,1,1,0,1,45.0,0.0
1556.646993,5,1,2,0,1,47.0,0.0
1556.6546825,6,1,2,0,1,48.0,0.0
1556.6627185,6,1,1,0,1,46.0,0.0
1556.6838365,6,1,1,0,1,45.0,0.0
1556.684019,5,2,2,0,2,46.0,3.464
1556.684717,5,2,3,0,4,48.0,12.282
1556.684718,1,1,1,0,1,45.0,0.0
1556.694869,1,10,24,9,153,66.0,5229.0
1556.711895,1,1,1,0,1,46.0,0.0
1556.7459405,6,1,1,0,1,46.0,0.0
1556.7730765,3,1,2,0,1,46.0,0.0
1556.773083,1,1,2,0,1,47.0,0.0
1556.7792815,3,1,2,0,10,49.0,32.632
1556.779293,1,1,2,0,1,49.0,0.0
1556.7870985,3,1,1,0,1,45.0,0.0
1556.7945745,6,1,1,0,1,45.0,0.0
1556.8127615,3,1,1,0,1,45.0,0.0
1556.812782,1,1,1,0,1,46.0,0.0
1556.816728,1,1,2,0,1,45.0,0.0
1556.820334,1,1,1,0,1,45.0,0.0
1556.8380745,6,2,3,0,2,47.0,16.717
1556.880453,1,2,2,0,30,49.0,55.557
1556.8825915,6,1,1,0,1,45.0,0.0
1556.9313605,6,1,1,0,1,45.0,0.0
1556.937281,1,9,37,18,262,72.0,16826.0
1556.937289,2,19,32,15,185,67.0,8772.0
1556.937319,4,1,5,0,1,49.0,0.0
1556.9422765,3,1,1,0,1,45.0,0.0
1556.9430765,6,1,1,0,1,46.0,0.0
1556.9613765,6,1,1,0,1,45.0,0.0
1556.969212,1,1,5,0,11,49.0,45.372
1556.969243,5,2,1,0,2,48.0,6.686
1556.975639,1,2,1,0,3,49.0,11.928
1556.989448,1,1,1,0,1,46.0,0.0
1556.9931725,6,1,1,0,1,45.0,0.0
1556.9971815,6,1,2,0,1,45.0,0.0
1557.005201,1,1,2,0,1,46.0,0.0
1557.048415,5,1,1,0,1,45.0,0.0
1557.0484215,6,1,1,0,1,46.0,0.0
1557.082473,1,1,2,0,1,45.0,0.0
1557.0867975,6,1,1,0,1,45.0,0.0
1557.0913315,3,1,1,0,1,45.0,0.0
1557.091358,1,3,1,0,4,45.0,9.586
1557.103764,1,1,1,0,4,49.0,12.446
1557.1177795,6,1,4,0,5,49.0,17.637
1557.1238545,6,1,1,0,4,47.0,8.451
1557.125364,1,1,1,0,1,46.0,0.0
1557.1255435,3,1,1,0,1,45.0,0.0
1557.1273865,6,1,1,0,1,49.0,0.0
1557.1910515,6,1,1,0,1,47.0,0.0
1557.193509,5,1,1,0,1,47.0,0.0
1557.2074545,3,1,1,0,1,46.0,0.0
1557.2081705,3,1,5,1,143,49.0,145.435
1557.211902,1,1,1,0,1,47.0,0.0
1557.234683,1,1,4,0,54,47.0,96.142
1557.2457625,6,1,1,0,4,47.0,9.212
1557.2510095,6,1,1,0,1,45.0,0.0
1557.2514225,3,1,1,0,1,46.0,0.0
1557.251449,1,1,1,0,1,45.0,0.0
1557.2752185,3,2,1,0,2,46.0,3.55
1557.2752565,6,1,1,0,1,45.0,0.0
1557.299617,5,1,2,0,1,49.0,0.0
1557.3029005,6,1,1,0,1,45.0,0.0
1557.3034475,6,2,1,0,2,45.0,3.241
1557.310004,5,1,2,0,1,46.0,0.0
1557.33515,5,2,1,0,2,46.0,7.88
1557.3355605,6,1,1,0,1,46.0,0.0
1557.3360605,3,1,1,0,1,45.0,0.0
1557.3360745,6,1,3,0,1,49.0,0.0
1557.336093,1,1,3,0,1,48.0,0.0
1557.337567,5,1,1,0,1,45.0,0.0
1557.3394445,6,1,1,0,1,45.0,0.0
1557.365239,1,1,1,0,1,48.0,0.0
1557.3907375,6,1,1,0,1,45.0,0.0
1557.4098085,6,1,2,0,8,48.0,24.631
1557.417661,5,2,1,0,4,45.0,10.377
1557.4196095,6,1,1,0,1,45.0,0.0
1557.434009,4,1,1,0,4,46.0,8.189
1557.4477615,6,2,2,0,2,45.0,3.695
1557.4492495,6,1,1,0,1,47.0,0.0
1557.462634,1,2,2,0,3,48.0,16.834
1557.4626365,6,2,1,0,5,47.0,16.498
1557.4645835,6,1,2,0,4,49.0,15.128
1557.4690235,6,1,1,0,1,46.0,0.0
1557.474629,1,1,1,0,1,48.0,0.0
1557.4801125,6,1,1,0,1,47.0,0.0
1557.4847795,6,1,2,0,4,48.0,13.724
1557.4938665,3,1,1,0,1,45.0,0.0
1557.5067585,6,1,1,0,4,47.0,9.604
1557.514011,1,1,1,0,1,45.0,0.0
1557.5188985,6,1,1,0,1,45.0,0.0
1557.5273825,6,1,1,0,1,45.0,0.0
1557.5311035,6,1,1,0,1,47.0,0.0
1557.560933,1,1,2,0,1,47.0,0.0
1557.560945,5,1,1,0,1,45.0,0.0
1557.5609525,6,1,1,0,1,45.0,0.0
1557.5630385,6,1,1,0,4,49.0,12.955
1557.567946,5,1,2,0,1,45.0,0.0
1557.5700215,6,1,1,0,1,45.0,0.0
1557.571092,5,1,1,0,1,46.0,0.0
1557.5722585,6,2,1,0,2,45.0,5.377
1557.5889255,6,1,1,0,1,45.0,0.0
1557.589929,1,1,1,0,1,49.0,0.0
1557.5918745,6,1,1,0,1,45.0,0.0
1557.597593,5,11,36,52,555,80.0,80853.0
1557.5976065,6,16,39,27,309,77.0,33893.0
1557.597608,1,8,42,18,294,67.0,9104.0
1557.5976095,3,23,36,21,394,67.0,10806.0
1557.597613,2,28,40,28,327,69.0,21599.0
1557.598843,5,1,2,0,12,48.0,30.32
1557.6010955,3,1,1,0,4,47.0,9.579
1557.6013295,6,1,1,0,1,46.0,0.0
1557.627116,2,2,25,13,171,67.0,7357.0
1557.637581,5,3,1,0,4,47.0,13.321
1557.638085,5,1,1,0,1,47.0,0.0
1557.6380925,3,1,1,0,4,46.0,9.171
1557.642297,5,1,3,0,15,48.0,32.249
1557.6477565,6,1,1,0,1,45.0,0.0
1557.6591225,6,1,1,0,1,45.0,0.0
1557.661341,1,1,1,0,1,45.0,0.0
1557.662807,1,1,3,0,4,49.0,15.734
1557.6711585,3,1,1,0,1,45.0,0.0
1557.6711965,6,1,1,0,1,48.0,0.0
1557.6752145,6,1,1,0,1,45.0,0.0
1557.6783585,6,1,1,1,185,47.0,65.646
1557.6842315,6,1,4,0,19,49.0,60.301
1557.702416,5,1,3,0,1,46.0,0.0
1557.705704,1,1,1,0,1,45.0,0.0
1557.70704,1,2,1,0,3,48.0,11.57
1557.712605,5,2,2,0,3,49.0,12.919
1557.7170435,6,1,1,0,4,46.0,8.067
1557.7335215,6,1,1,0,1,45.0,0.0
1557.7657925,6,1,2,0,1,46.0,0.0
1557.7800595,6,1,2,0,1,48.0,0.0
1557.8185245,6,2,5,0,41,48.0,94.265
1557.8185355,3,1,1,0,1,45.0,0.0
1557.823136,4,1,1,0,37,48.0,71.856
1557.8231395,3,1,2,0,1,46.0,0.0
1557.837873,1,2,1,0,3,49.0,13.636
1557.8417325,6,1,1,0,1,47.0,0.0
1557.8437345,6,1,1,0,1,48.0,0.0
1557.8446435,6,2,1,0,3,49.0,15.687
1557.8557635,6,1,1,0,1,45.0,0.0
1557.8591395,6,3,1,0,13,49.0,45.746
1557.8639655,6,1,1,0,1,47.0,0.0
1557.8725485,6,1,1,0,1,45.0,0.0
1557.8769665,3,1,1,0,1,46.0,0.0
1557.876985,1,2,2,0,2,49.0,11.678
1557.8769925,6,1,2,0,1,46.0,0.0
1557.8880445,3,2,1,0,3,45.0,7.724
1557.8880785,6,1,1,0,1,45.0,0.0
1557.8955435,6,2,8,3,51,69.0,3394.0
1557.9337635,6,1,2,0,1,45.0,0.0
1557.942672,5,2,2,0,2,48.0,10.809
1557.9631205,6,1,1,0,4,47.0,11.629
1557.9706705,6,1,1,0,1,45.0,0.0
1557.978144,1,1,3,0,1,49.0,0.0
1557.991678,1,2,1,0,6,47.0,25.054
1558.005479,1,1,2,0,1,47.0,0.0
1558.0088705,6,1,1,0,1,45.0,0.0
1558.0220895,6,1,1,0,1,45.0,0.0
1558.0560405,6,1,1,0,1,45.0,0.0
1558.0632625,6,1,1,0,1,46.0,0.0
1558.0658635,6,1,1,0,1,47.0,0.0
1558.0828795,6,1,1,0,1,45.0,0.0
1558.0910805,6,5,13,5,84,68.0,3658.0
1558.096799,5,1,2,0,1,47.0,0.0
1558.101302,5,41,34,14,237,66.0,7881.0
1558.101306,4,2,4,0,31,49.0,76.26
1558.107517,1,5,5,0,6,49.0,19.897
1558.1170395,6,1,1,0,1,45.0,0.0
1558.160061,5,2,1,0,3,48.0,15.964
1558.173635,5,1,1,0,1,45.0,0.0
1558.183251,5,2,3,0,2,47.0,3.352
1558.1862805,6,1,1,0,1,48.0,0.0
1558.224467,1,1,1,0,1,46.0,0.0
1558.2251375,6,1,4,0,35,48.0,77.162
1558.228344,5,2,1,0,2,45.0,4.66
1558.2312245,3,1,2,0,7,48.0,21.055
1558.2331365,3,1,2,0,12,47.0,20.098
1558.237056,5,2,1,0,3,47.0,13.569
1558.24232,5,2,4,0,3,47.0,8.61
1558.2646005,6,1,3,0,38,48.0,56.794
1558.2729825,6,1,4,0,29,49.0,63.483
1558.273001,1,1,4,0,25,48.0,48.199
1558.278284,5,2,1,0,3,49.0,13.328
1558.291677,1,1,1,0,1,45.0,0.0
1558.294118,1,1,1,0,1,46.0,0.0
1558.295982,5,2,1,0,2,45.0,5.484
1558.301891,5,1,2,0,1,48.0,0.0
1558.3184825,6,1,1,0,1,45.0,0.0
1558.3325865,6,1,3,0,1,46.0,0.0
1558.334288,1,1,1,0,1,45.0,0.0
1558.3347115,6,1,1,0,4,47.0,10.094
1558.3451755,6,1,2,0,89,47.0,53.027
1558.372383,5,2,1,0,3,46.0,8.54
1558.3858985,6,4,1,0,5,49.0,27.448
1558.388049,1,1,1,0,1,45.0,0.0
1558.398593,1,3,10,3,65,67.0,2146.0
1558.3986185,3,1,1,0,4,49.0,12.418
1558.398629,5,1,1,0,1,46.0,0.0
1558.3986325,6,1,2,0,1,47.0,0.0
1558.4054435,6,1,1,0,1,46.0,0.0
1558.4091895,3,1,1,0,7,45.0,8.088
1558.4111525,6,1,1,0,1,45.0,0.0
1558.4116585,3,1,2,0,1,45.0,0.0
1558.4122015,6,1,1,0,1,45.0,0.0
1558.4242015,6,1,1,0,1,48.0,0.0
1558.429284,1,2,1,0,3,49.0,16.066
1558.4295295,6,1,1,0,1,45.0,0.0
1558.4492625,6,7,33,14,212,69.0,8780.0
1558.44928,1,2,36,15,269,68.0,8081.0
1558.449309,4,2,2,0,5,46.0,17.956
1558.4505105,6,1,1,0,1,45.0,0.0
1558.4603825,3,1,1,0,1,47.0,0.0
1558.4658465,6,1,1,0,1,45.0,0.0
1558.4677535,3,23,38,20,316,67.0,10305.0
1558.467759,2,9,45,40,276,78.0,58516.0
1558.46776,5,38,60,32,357,70.0,26899.0
1558.467762,1,20,56,35,356,75.0,39482.0
1558.4677635,6,21,44,28,309,73.0,24526.0
1558.4731505,6,1,2,0,8,46.0,18.109
1558.4757325,3,1,2,0,1,47.0,0.0
1558.4932525,6,1,1,0,4,47.0,11.405
1558.4952395,3,1,4,0,14,48.0,34.704
1558.5083245,3,1,1,0,1,45.0,0.0
1558.508928,1,2,1,0,2,45.0,15.254
1558.5090185,3,1,1,0,1,45.0,0.0
1558.5228865,6,2,2,0,3,47.0,9.923
1558.530051,5,11,22,9,104,70.0,8375.0
1558.530057,4,1,4,0,1,48.0,0.0
1558.533069,5,1,1,0,1,45.0,0.0
1558.5399,5,5,36,19,223,75.0,17917.0
1558.5399145,6,17,28,10,202,66.0,4994.0
1558.544493,1,1,5,0,62,48.0,85.011
1558.5467375,6,1,11,3,58,66.0,1972.0
1558.55243,1,1,2,0,1,47.0,0.0
1558.5544455,3,1,1,0,4,46.0,8.627
1558.557137,5,1,1,0,4,49.0,19.938
1558.5588445,3,1,2,0,4,49.0,12.607
1558.5588655,6,1,2,0,19,47.0,20.097
1558.5621545,6,1,1,0,1,46.0,0.0
1558.589952,5,1,4,0,1,48.0,0.0
1558.5899725,3,1,3,0,29,49.0,57.568
1558.5944615,6,1,1,0,1,45.0,0.0
1558.597101,5,2,2,0,2,45.0,4.961
1558.603504,1,1,1,0,1,45.0,0.0
1558.6045155,6,1,2,0,21,49.0,48.675
1558.604524,1,1,3,0,9,47.0,20.654
1558.605148,5,1,2,0,1,49.0,0.0
1558.616669,1,1,1,0,1,45.0,0.0
1558.618574,1,1,5,0,14,48.0,29.248
1558.6220755,6,6,33,18,255,77.0,29677.0
1558.625735,1,1,1,0,1,47.0,0.0
1558.62697,5,1,2,0,1,46.0,0.0
1558.6269835,3,1,1,0,19,46.0,21.631
1558.638432,1,1,4,0,1,49.0,0.0
1558.677116,1,1,5,0,1,47.0,0.0
1558.6837905,6,1,1,0,1,49.0,0.0
1558.6881985,6,1,1,0,1,48.0,0.0
1558.7211255,6,2,2,0,2,46.0,6.26
1558.7248925,6,1,2,0,1,46.0,0.0
1558.726784,5,2,2,0,2,48.0,8.896
1558.7484405,3,1,1,0,1,46.0,0.0
1558.751373,1,2,1,0,3,45.0,6.711
1558.752753,1,1,1,0,1,45.0,0.0
1558.7546465,3,1,1,0,4,48.0,11.754
1558.7641495,6,1,1,0,1,45.0,0.0
1558.769837,1,1,1,0,1,47.0,0.0
1558.7893255,6,1,2,0,1,49.0,0.0
1558.789326,1,1,2,0,1,49.0,0.0
1558.791955,1,1,2,0,1,48.0,0.0
1558.803916,5,2,21,18,289,78.0,26652.0
1558.8325565,6,1,1,0,1,45.0,0.0
1558.8408425,6,1,1,0,1,48.0,0.0
1558.844809,1,1,1,0,1,45.0,0.0
1558.8571025,6,2,8,4,58,71.0,4069.0
1558.860964,1,1,1,0,1,47.0,0.0
1558.8632645,6,2,1,0,3,45.0,7.564
1558.8660295,3,1,1,0,1,45.0,0.0
1558.875964,5,2,1,0,2,46.0,4.179
1558.880221,1,1,2,0,4,48.0,13.621
1558.8859715,6,1,1,0,1,45.0,0.0
1558.8951525,6,1,1,0,1,47.0,0.0
1558.899576,1,1,2,0,1,46.0,0.0
1558.9033505,6,1,2,0,1,48.0,0.0
1558.9146175,6,2,1,0,2,45.0,3.579
1558.9159465,6,1,1,0,1,45.0,0.0
1558.9192685,6,1,2,0,1,49.0,0.0
1558.9224885,3,1,1,0,1,45.0,0.0
1558.9255875,6,2,1,0,3,49.0,10.904
1558.9295305,6,1,3,0,4,49.0,13.945
1558.9390825,6,2,2,0,2,47.0,6.26
1558.948222,1,1,3,0,9,47.0,19.747
1558.95966,1,1,2,0,1,47.0,0.0
1558.95967,5,1,1,0,1,47.0,0.0
1558.9659005,6,1,1,0,1,45.0,0.0
1558.9685685,6,1,2,0,4,46.0,7.78
1558.9754395,6,1,2,0,1,46.0,0.0
1558.979797,1,2,14,4,67,67.0,2665.0
1558.9877975,6,1,2,0,4,49.0,14.02
1558.995951,1,1,1,0,1,45.0,0.0
1558.9983665,6,1,2,0,4,45.0,6.763
1559.0071875,3,1,2,0,43,48.0,49.043
1559.007253,1,1,1,0,1,47.0,0.0
1559.0101645,6,1,1,0,1,45.0,0.0
1559.0334425,3,1,3,0,32,48.0,57.027
1559.033487,5,2,1,0,3,47.0,12.368
1559.0340495,6,1,2,0,70,48.0,56.623
1559.0340685,3,1,1,0,1,45.0,0.0
1559.047142,5,1,1,0,1,45.0,0.0
1559.0603755,6,1,1,0,4,49.0,13.626
1559.0834355,6,1,1,0,1,45.0,0.0
1559.6405895,6,1,1,0,1,45.0,0.0
1559.64427,5,2,2,0,2,48.0,6.569
1559.6500705,3,1,1,0,1,45.0,0.0
1559.6500875,6,1,2,0,4,49.0,13.45
1559.6658875,6,1,1,0,1,45.0,0.0
1559.6930185,6,1,2,0,5,49.0,14.402
1559.697475,5,1,1,0,1,45.0,0.0
1559.7079175,6,3,1,0,4,49.0,22.768
1559.708142,1,1,2,0,1,47.0,0.0
1559.7119675,6,1,2,0,1,48.0,0.0
1559.7151475,3,1,9,1,96,49.0,160.035
1559.7160695,6,1,1,0,1,45.0,0.0
1559.722517,5,1,1,0,1,45.0,0.0
1559.73965,5,2,1,0,2,45.0,3.435
1559.7421675,6,5,10,5,60,73.0,5501.0
1559.746179,5,2,3,0,3,48.0,9.99
1559.7461955,3,1,1,0,1,45.0,0.0
1559.748846,5,15,37,16,217,71.0,13998.0
1559.748846,2,1,31,18,253,71.0,11410.0
1559.748851,4,1,1,0,1,47.0,0.0
1559.754183,1,1,2,0,21,47.0,29.598
1559.7541945,6,1,1,0,1,48.0,0.0
1559.75588,1,1,1,0,1,49.0,0.0
1559.7597335,3,1,6,1,115,48.0,151.11
1559.7608825,3,1,2,0,31,47.0,34.619
1559.768305,5,1,1,0,1,47.0,0.0
1559.775405,1,1,3,0,1,49.0,0.0
1559.7793635,3,1,1,0,1,45.0,0.0
1559.7794055,6,1,1,0,1,45.0,0.0
1559.7840375,6,1,4,0,27,48.0,40.687
1559.7840445,3,2,2,0,2,47.0,4.927
1559.784051,5,1,7,0,23,48.0,47.988
1559.796523,1,1,1,0,1,45.0,0.0
1559.801834,5,2,1,0,2,45.0,4.432
1559.8037855,6,1,1,0,1,45.0,0.0
1559.804627,5,1,3,0,1,47.0,0.0
1559.808003,5,2,1,0,3,46.0,8.547
1559.810781,1,1,1,0,1,45.0,0.0
1559.8136375,6,1,1,0,1,47.0,0.0
1559.8186615,6,1,1,0,1,45.0,0.0
1559.823317,5,2,14,4,93,67.0,2830.0
1559.826013,5,1,1,0,1,47.0,0.0
1559.826525,5,1,2,0,1,48.0,0.0
1559.8325875,6,2,1,0,4,46.0,13.678
1559.842782,5,4,2,0,5,48.0,19.928
1559.8598235,6,1,1,0,1,46.0,0.0
1559.8617265,3,1,1,0,1,47.0,0.0
1559.86173,5,2,2,0,3,47.0,10.734
1559.875539,1,1,2,0,8,49.0,24.273
1559.8804425,6,1,1,0,1,45.0,0.0
1559.8823365,6,1,1,0,1,45.0,0.0
1559.885868,1,1,3,0,1,47.0,0.0
1559.8858755,6,1,3,1,105,48.0,66.0
1559.893346,5,14,23,10,132,67.0,7460.0
1559.8933795,3,1,4,0,1,49.0,0.0
1559.89932,1,6,2,0,7,49.0,28.46
1559.909006,5,3,1,0,4,46.0,13.642
1559.9190775,6,1,1,0,1,45.0,0.0
1559.9275865,6,1,1,0,4,49.0,16.034
1559.9310045,3,1,2,0,8,49.0,25.309
1559.931027,5,1,5,0,4,49.0,10.283
1559.9403765,6,2,3,0,18,49.0,50.745
1559.9475725,3,1,1,0,1,45.0,0.0
1559.9495205,3,1,1,0,4,48.0,14.525
1559.954182,5,1,8,0,6,49.0,21.9
1559.9542045,6,1,2,0,4,49.0,19.558
1559.9578645,6,11,10,3,54,68.0,2680.0
1559.9578945,3,1,2,0,4,48.0,13.23
1559.9586655,6,1,1,0,1,45.0,0.0
1559.961093,5,1,1,0,1,49.0,0.0
1559.963283,5,2,1,0,3,46.0,12.841
1559.968315,5,2,4,0,14,48.0,56.225
1559.9777905,6,1,3,0,6,49.0,11.153
1559.9784065,6,2,1,0,2,45.0,24.964
1559.9840375,6,1,1,0,1,45.0,0.0
1559.9869285,6,2,1,0,2,45.0,10.461
1559.993054,5,2,2,0,2,47.0,6.414
1559.9961115,3,1,2,0,26,46.0,25.053
1559.9971475,6,1,1,0,1,47.0,0.0
1560.0251075,6,1,1,0,1,45.0,0.0
1560.0347455,6,1,1,0,1,45.0,0.0
1560.034749,5,1,1,0,1,45.0,0.0
1560.03746,1,1,2,0,1,47.0,0.0
1560.0378265,6,1,1,0,1,45.0,0.0
1560.040165,1,1,4,0,1,48.0,0.0
1560.0401745,6,1,4,0,33,48.0,50.388
1560.0421395,6,1,1,0,1,45.0,0.0
1560.046563,1,1,1,0,1,47.0,0.0
1560.0487975,6,1,1,0,1,45.0,0.0
1560.0577915,6,1,1,0,1,45.0,0.0
1560.061531,5,1,2,0,1,48.0,0.0
1560.0753455,6,1,2,1,199,48.0,61.933
1560.0850095,3,1,1,0,1,45.0,0.0
1560.0865075,3,1,1,0,1,46.0,0.0
1560.0929705,6,1,1,0,1,48.0,0.0
1560.1003645,6,1,1,0,8,47.0,16.054
1560.1013735,6,1,1,0,1,45.0,0.0
1560.107049,1,2,1,0,3,45.0,8.775
1560.109603,1,1,1,0,1,45.0,0.0
1560.1138225,3,1,2,0,4,49.0,11.766
1560.113897,5,2,2,0,2,48.0,10.411
1560.1218065,6,1,1,0,1,46.0,0.0
1560.1249285,3,1,1,0,1,45.0,0.0
1560.1249675,6,1,2,0,1,48.0,0.0
1560.124975,5,1,1,0,1,47.0,0.0
1560.1304005,6,1,1,0,1,45.0,0.0
1560.1463045,6,2,1,0,2,46.0,11.626
1560.1606385,6,1,1,0,1,45.0,0.0
1560.174645,1,1,1,0,1,47.0,0.0
1560.1882735,6,1,1,0,1,48.0,0.0
1560.2093295,6,1,3,0,4,48.0,11.368
1560.2230865,6,1,1,0,4,45.0,9.233
1560.228724,1,1,1,0,1,45.0,0.0
1560.2377555,6,2,1,0,2,45.0,34.679
1560.2403205,6,1,1,0,1,46.0,0.0
1560.2474835,6,1,3,0,14,47.0,28.219
1560.247499,1,1,2,0,1,46.0,0.0
1560.248044,1,15,22,7,174,67.0,3345.0
1560.261385,5,130,35,12,251,67.0,5399.0
1560.2631175,6,1,1,0,1,45.0,0.0
1560.2703615,6,1,1,0,1,45.0,0.0
1560.2728645,6,1,1,0,1,45.0,0.0
1560.2753875,6,1,1,0,1,45.0,0.0
1560.2817645,6,1,2,0,1,46.0,0.0
1560.2879575,6,1,1,0,1,45.0,0.0
1560.293253,1,1,1,0,1,48.0,0.0
1560.2932685,6,1,2,0,1,47.0,0.0
1560.3053675,6,1,2,0,4,47.0,10.197
1560.31072,5,2,2,0,3,48.0,9.073
1560.3124675,6,1,1,0,4,48.0,12.326
1560.318383,5,2,3,0,3,48.0,10.004
1560.3296665,6,1,1,0,1,45.0,0.0
1560.3309975,6,1,2,0,14,48.0,29.799
1560.3380025,6,4,8,3,59,72.0,4318.0
1560.3438165,6,2,3,0,12,49.0,44.9
1560.3467815,6,2,2,0,7,48.0,14.694
1560.3572835,3,1,2,0,4,47.0,9.426
1560.371569,1,2,22,8,123,72.0,7535.0
1560.3716155,6,1,1,0,1,45.0,0.0
1560.378169,1,1,1,0,1,49.0,0.0
1560.4094615,6,1,1,0,1,46.0,0.0
1560.4168595,6,1,1,0,1,45.0,0.0
1560.4307475,3,1,1,0,4,49.0,14.69
1560.433209,1,1,2,0,5,47.0,15.52
1560.433228,5,2,2,0,9,47.0,28.061
1560.4335325,3,1,1,0,4,45.0,6.753
1560.435951,5,1,3,0,1,48.0,0.0
1560.436003,1,1,1,0,1,45.0,0.0
1560.4460515,3,2,3,0,5,49.0,19.281
1560.4657205,6,1,1,0,1,45.0,0.0
1560.4676605,6,1,1,0,1,45.0,0.0
1560.4713515,6,3,8,2,43,66.0,1181.0
1560.4739915,6,1,1,0,5,49.0,18.054
1560.4903545,6,1,1,0,1,45.0,0.0
1560.4921995,6,1,1,0,1,47.0,0.0
1560.4976535,6,1,1,0,1,45.0,0.0
1560.5047755,6,2,1,0,2,45.0,3.132
1560.5127585,6,4,15,5,133,66.0,2521.0
1560.5127975,3,1,3,0,45,49.0,77.077
1560.520808,5,1,2,0,1,46.0,0.0
1560.52551,1,1,2,0,1,48.0,0.0
1560.52593,5,1,1,0,1,45.0,0.0
1560.5261025,6,1,1,0,1,45.0,0.0
1560.5328105,6,1,1,0,1,46.0,0.0
1560.5498615,6,1,1,0,1,45.0,0.0
1560.55879,1,1,1,0,1,47.0,0.0
1560.5638645,6,1,1,0,1,45.0,0.0
1560.569958,1,3,16,5,103,70.0,4600.0
1560.5704565,3,1,1,0,4,49.0,13.613
1560.573755,5,1,2,0,42,47.0,51.223
1560.5865925,6,1,1,0,1,45.0,0.0
1560.597378,5,1,1,0,1,45.0,0.0
1560.604103,1,1,1,0,1,45.0,0.0
1560.626793,5,2,1,0,3,48.0,9.134
1560.627904,1,1,1,0,1,48.0,0.0
1560.6291725,6,1,1,0,1,45.0,0.0
1560.6323315,6,1,3,0,4,49.0,10.585
1560.642715,5,1,1,0,1,45.0,0.0
1560.6430205,6,1,1,0,1,45.0,0.0
1560.6475385,6,1,1,0,1,46.0,0.0
1560.6739485,3,1,1,0,1,45.0,0.0
1560.6769045,6,1,1,0,1,45.0,0.0
1560.6798655,6,2,2,0,10,47.0,27.566
1560.694055,1,1,1,0,1,45.0,0.0
1560.6960795,6,1,1,0,1,45.0,0.0
1560.6973865,6,1,1,0,1,46.0,0.0
1560.697695,1,1,1,0,1,45.0,0.0
1560.6995575,6,1,1,0,1,45.0,0.0
1560.7010675,6,1,1,0,1,45.0,0.0
1560.7016155,6,1,1,0,1,45.0,0.0
1560.7057785,6,1,1,0,1,45.0,0.0
1560.7137835,6,1,1,0,4,46.0,9.173
1560.7222445,3,1,1,0,1,45.0,0.0
1560.730645,1,1,1,0,1,49.0,0.0
1560.732081,1,1,3,0,1,47.0,0.0
1560.732098,5,1,1,0,1,46.0,0.0
1560.7381525,6,1,1,0,1,45.0,0.0
1560.742163,5,1,2,0,1,45.0,0.0
1560.7435855,6,1,1,0,1,45.0,0.0
1560.7471465,3,1,1,0,1,45.0,0.0
1560.747149,1,2,3,0,3,49.0,13.18
1560.766446,1,1,1,0,1,45.0,0.0
1560.773009,1,2,4,0,4,49.0,15.92
1560.7745965,6,1,2,0,1,48.0,0.0
1560.7929185,6,1,1,0,4,48.0,13.165
1560.797857,5,2,3,0,2,47.0,3.903
1560.8050435,6,1,3,0,1,46.0,0.0
1560.805055,1,1,5,0,1,49.0,0.0
1560.8224235,6,1,1,0,1,45.0,0.0
1560.8270725,6,2,1,0,2,49.0,4.961
1560.830386,5,1,2,0,1,47.0,0.0
1560.832345,1,1,2,0,1,46.0,0.0
1560.8337175,6,1,1,0,1,46.0,0.0
1560.845627,5,2,2,0,3,49.0,17.996
1560.8456885,6,1,2,0,1,45.0,0.0
1560.860021,1,1,2,0,1,45.0,0.0
1560.8615445,6,1,2,0,1,46.0,0.0
1560.863839,1,1,1,0,1,45.0,0.0
1560.869563,1,1,3,0,1,49.0,0.0
1560.875879,1,2,2,0,2,47.0,36.131
1560.8880615,3,1,2,0,5,48.0,16.556
1560.8916215,6,1,1,0,1,45.0,0.0
1560.8947415,6,2,1,0,2,45.0,4.4
1560.8971545,6,1,1,0,1,45.0,0.0
1560.9005615,6,1,1,0,10,46.0,12.861
1560.9066335,3,2,1,0,2,46.0,3.324
1560.9144805,6,1,2,0,4,49.0,12.712
1560.925535,5,1,1,0,1,49.0,0.0
1560.9393655,6,1,3,0,5,47.0,9.284
1560.9439875,6,1,1,0,1,46.0,0.0
1560.9475675,3,1,3,0,19,47.0,36.379
1560.9507865,3,1,1,0,1,45.0,0.0
1560.966284,1,7,27,17,173,76.0,23940.0
1560.966345,5,1,3,0,1,48.0,0.0
1560.9663635,6,1,2,0,1,45.0,0.0
1560.9724405,6,2,2,0,11,49.0,38.578
1560.9733385,3,1,1,0,5,47.0,11.043
1560.974227,1,1,1,0,1,45.0,0.0
1560.9813415,3,1,2,0,14,47.0,26.377
1560.9880535,6,3,2,0,4,49.0,17.442
1560.9956665,6,1,1,0,1,45.0,0.0
1561.0028975,6,1,1,0,1,46.0,0.0
1561.027739,5,1,1,0,1,46.0,0.0
1561.0289445,6,1,2,0,1,45.0,0.0
1561.0337845,3,1,1,0,1,45.0,0.0
1561.0338065,6,1,1,0,1,45.0,0.0
1561.0361335,6,1,1,0,1,45.0,0.0
1561.038235,1,1,1,0,4,48.0,11.23
1561.0482865,3,1,2,0,1,46.0,0.0
1561.048305,5,43,5,0,46,49.0,110.051
1561.0486265,6,1,1,0,1,45.0,0.0
1561.0587865,6,1,1,0,1,45.0,0.0
1561.0603095,6,1,3,0,1,46.0,0.0
1561.066892,5,2,6,0,2,48.0,4.305
1561.0726285,6,1,1,0,1,45.0,0.0
1561.07514,5,2,5,0,5,49.0,29.043
1561.0810285,6,1,1,0,1,45.0,0.0
1561.087175,1,2,14,4,88,69.0,2910.0
1561.089314,5,1,1,0,1,45.0,0.0
1561.098513,1,1,1,0,1,47.0,0.0
1561.1001,5,2,4,0,2,48.0,8.58
1561.1277785,6,1,1,0,1,46.0,0.0
1561.1335325,3,1,1,0,1,45.0,0.0
1561.1392285,3,1,1,0,1,45.0,0.0
1561.1514055,6,1,1,0,4,46.0,8.697
1561.1674915,3,1,1,0,1,45.0,0.0
1561.188134,5,1,2,0,1,48.0,0.0
1561.216057,5,2,1,0,2,45.0,7.333
1561.241508,1,24,2,0,25,46.0,32.551
1561.2417775,3,1,1,0,1,45.0,0.0
1561.242083,1,1,1,0,1,46.0,0.0
1561.2422335,6,1,2,0,8,48.0,14.886
1561.243891,5,1,2,0,15,48.0,36.327
1561.2439185,6,1,2,0,15,47.0,32.339
1561.2439205,3,1,1,0,1,45.0,0.0
1561.245005,1,1,1,0,1,47.0,0.0
1561.2462245,3,1,1,0,1,46.0,0.0
1561.2462385,6,1,3,0,1,48.0,0.0
1561.252365,1,1,1,0,1,45.0,0.0
1561.263878,5,2,1,0,2,45.0,4.179
1561.2644165,6,1,1,0,1,45.0,0.0
1561.3005815,6,1,2,0,1,47.0,0.0
1561.320681,5,1,1,0,1,46.0,0.0
1561.3206905,3,1,2,0,10,49.0,35.675
1561.329373,5,2,36,22,351,71.0,16738.0
1561.3394505,6,1,1,0,1,45.0,0.0
1561.3416335,6,1,1,0,1,45.0,0.0
1561.353116,1,1,1,0,4,46.0,8.948
1561.3536385,6,1,1,0,4,48.0,12.026
1561.3546655,6,1,1,0,1,45.0,0.0
1561.3595085,3,1,3,0,36,47.0,48.486
1561.367116,5,1,1,0,1,45.0,0.0
1561.375368,4,1,1,0,1,49.0,0.0
1561.3844575,6,1,1,0,6,46.0,7.724
1561.3978115,3,1,1,0,5,48.0,14.754
1561.404593,1,1,2,0,1,46.0,0.0
1561.4178915,6,2,1,0,2,45.0,8.76
1561.420917,5,2,23,16,146,78.0,31148.0
1561.42094,4,1,1,0,1,45.0,0.0
1561.4209465,3,1,3,0,45,48.0,56.332
1561.4221355,6,1,1,0,1,45.0,0.0
1561.4265415,6,1,1,0,1,49.0,0.0
1561.427989,1,1,9,2,65,67.0,1176.0
1561.43246,5,1,1,0,1,45.0,0.0
1561.433938,5,1,2,0,1,46.0,0.0
1561.435309,1,2,2,0,8,49.0,66.957
1561.4384645,6,1,1,0,1,45.0,0.0
1561.4399545,6,1,1,0,1,45.0,0.0
1561.4489605,6,1,1,0,1,48.0,0.0
1561.4502645,3,1,1,0,1,45.0,0.0
1561.4596875,6,1,1,0,1,45.0,0.0
1561.463142,1,2,2,0,2,49.0,9.639
1561.485898,1,1,1,0,1,45.0,0.0
1561.4932985,6,1,3,0,1,47.0,0.0
1561.4958515,3,1,2,0,35,46.0,28.795
1561.5029175,6,1,1,0,1,45.0,0.0
1561.5097925,6,4,11,4,60,68.0,2587.0
1561.5098465,3,1,2,0,21,48.0,39.082
1561.5123325,6,1,1,0,1,46.0,0.0
1561.5147555,3,1,1,0,4,48.0,12.773
1561.5238725,6,1,3,0,18,49.0,31.111
1561.5249795,6,1,3,0,1,46.0,0.0
1561.5368095,6,1,1,0,1,45.0,0.0
1561.563988,1,2,1,0,2,45.0,3.784
1561.569045,5,2,2,0,2,47.0,6.686
1561.5798515,6,1,3,0,1,49.0,0.0
1561.581603,5,2,2,0,2,46.0,3.665
1561.5816275,6,1,2,0,1,46.0,0.0
1561.594821,5,4,2,0,5,47.0,21.169
1561.594869,1,1,1,0,1,45.0,0.0
1561.5976405,6,1,2,0,1,47.0,0.0
1561.6019715,6,1,1,0,1,45.0,0.0
1561.6152145,6,1,1,0,1,45.0,0.0
1561.6213185,6,1,2,0,4,47.0,12.044
1561.6248265,6,1,1,0,4,47.0,11.698
1561.636835,5,1,3,0,1,49.0,0.0
1561.6368495,3,1,1,0,1,45.0,0.0
1561.6368615,6,1,2,0,4,48.0,10.712
1561.6382865,6,1,4,0,22,49.0,40.049
1561.6383225,3,1,1,0,1,45.0,0.0
1561.6436915,6,1,3,0,1,47.0,0.0
1561.645744,5,2,3,0,3,49.0,11.119
1561.645764,1,1,2,0,26,49.0,35.637
1561.6586275,6,1,1,0,1,47.0,0.0
1561.6615275,6,1,1,0,4,48.0,12.178
1561.666555,1,2,1,0,3,47.0,9.736
1561.67119,5,2,2,0,3,47.0,10.882
1561.6743945,6,1,1,0,4,49.0,13.149
1561.681242,1,1,1,0,1,45.0,0.0
1561.6832905,6,1,1,0,1,45.0,0.0
1561.7238745,6,4,7,4,52,74.0,4243.0
1561.723936,5,1,1,0,1,46.0,0.0
1561.7373585,3,1,2,0,1,46.0,0.0
1561.737401,1,1,2,0,1,46.0,0.0
1561.754881,1,2,1,0,2,45.0,4.826
1561.7571545,3,1,1,0,1,46.0,0.0
1561.7796905,6,1,1,0,1,45.0,0.0
1561.7813745,6,1,2,0,4,47.0,10.983
1561.7828165,6,1,1,0,1,46.0,0.0
1561.7853375,6,1,1,0,1,45.0,0.0
1561.786712,5,3,1,0,4,48.0,34.589
1561.797837,1,1,4,0,51,49.0,76.129
1561.801692,5,1,1,0,1,46.0,0.0
1561.8166185,3,1,2,0,4,49.0,16.917
1561.8221615,6,1,1,0,1,45.0,0.0
1561.826328,1,1,1,0,1,45.0,0.0
1561.8266655,6,1,2,0,1,47.0,0.0
1561.827799,5,1,9,3,95,69.0,1654.0
1561.8429395,6,2,12,4,115,66.0,1911.0
1561.8506675,6,1,1,0,1,47.0,0.0
1561.85277,5,2,1,0,3,46.0,8.749
1561.854331,5,1,2,0,1,46.0,0.0
1561.8669795,6,1,1,0,1,45.0,0.0
1561.8724815,3,1,1,0,4,49.0,16.512
1561.8790365,6,1,1,0,1,45.0,0.0
1561.8998435,6,1,1,0,1,46.0,0.0
1561.905519,1,2,1,0,2,45.0,5.484
1561.9060865,6,1,1,0,1,45.0,0.0
1561.9079625,6,1,1,0,1,45.0,0.0
1561.923368,5,2,2,0,2,48.0,15.734
1561.926254,5,2,3,0,16,49.0,65.482
1561.930815,5,3,2,0,4,48.0,22.033
1561.933043,5,3,19,5,118,66.0,2799.0
1561.93504,5,1,1,0,1,46.0,0.0
1561.944186,5,2,1,0,2,45.0,3.784
1561.948763,5,1,2,0,1,46.0,0.0
1561.9487635,3,1,2,0,25,47.0,34.116
1561.9659415,6,1,2,0,4,49.0,13.358
1561.9731295,6,1,1,0,1,45.0,0.0
1561.980861,1,1,1,0,1,45.0,0.0
1561.981627,1,1,1,0,1,47.0,0.0
1561.9854055,6,1,2,0,1,49.0,0.0
1561.98777,5,1,3,0,1,46.0,0.0
1562.0019055,3,2,1,0,2,45.0,3.784
1562.004385,5,1,1,0,4,48.0,12.546
1562.006886,5,1,2,0,1,46.0,0.0
1562.0087715,6,1,2,0,14,47.0,18.563
1562.0131485,6,1,1,0,1,45.0,0.0
1562.0141165,6,1,1,0,1,45.0,0.0
1562.016855,5,2,1,0,2,46.0,13.574
1562.0168705,6,1,1,0,1,45.0,0.0
1562.0210525,6,1,1,0,7,49.0,20.177
1562.0252275,6,1,1,0,1,45.0,0.0
1562.033246,1,2,2,0,3,47.0,10.614
1562.0419185,6,1,2,0,1,47.0,0.0
1562.0429475,3,1,2,0,5,49.0,18.824
1562.042964,5,2,4,0,7,48.0,17.122
1562.0440915,6,1,2,0,21,47.0,30.969
1562.0453875,6,2,1,0,2,47.0,5.098
1562.053387,5,1,1,0,1,47.0,0.0
1562.054769,1,2,1,0,4,47.0,14.646
1562.0582195,6,4,2,0,5,49.0,20.723
1562.05823,5,1,1,0,1,47.0,0.0
1562.0625485,6,1,2,0,5,46.0,8.925
1562.066089,5,1,3,0,26,48.0,47.063
1562.0743935,6,1,2,0,5,47.0,13.751
1562.074398,1,1,1,0,1,45.0,0.0
1562.0773855,3,1,2,0,1,45.0,0.0
1562.0997305,6,1,1,0,1,45.0,0.0
1562.103489,5,2,3,0,2,47.0,6.26
1562.105215,5,1,3,0,1,48.0,0.0
1562.1084035,6,1,1,0,1,45.0,0.0
1562.1140165,6,1,1,0,1,47.0,0.0
1562.1188005,6,22,14,4,74,68.0,3235.0
1562.132527,5,1,1,0,1,49.0,0.0
1562.136612,5,3,3,0,5,47.0,19.977
1562.137156,5,2,5,0,122,48.0,57.711
1562.1372665,3,1,1,0,1,45.0,0.0
1562.1382325,6,2,2,0,2,49.0,6.569
1562.1404275,6,1,2,0,1,48.0,0.0
1562.1473475,3,1,1,0,4,46.0,10.14
1562.147361,1,1,2,0,1,48.0,0.0
1562.150764,5,1,1,0,1,45.0,0.0
1562.151507,5,2,2,0,2,47.0,3.813
1562.152379,5,2,2,0,4,46.0,13.782
1562.1579415,6,1,2,0,4,48.0,12.587
1562.1597905,3,1,1,0,1,45.0,0.0
1562.1598055,6,1,2,0,4,48.0,11.895
1562.1733495,6,1,3,0,10,47.0,21.242
1562.175756,5,3,2,0,4,49.0,24.525
1562.177432,5,1,1,0,1,45.0,0.0
1562.1774635,6,1,1,0,1,45.0,0.0
1562.1805235,6,2,1,0,2,48.0,8.402
1562.1813025,6,1,3,0,7,49.0,32.51
1562.189602,5,1,3,0,1,48.0,0.0
1562.2066545,6,1,2,0,1,47.0,0.0
1562.2096095,6,1,1,0,1,45.0,0.0
1562.215798,5,1,2,0,1,45.0,0.0
1562.771981,1,1,2,0,4,48.0,12.263
1562.774766,5,1,1,0,1,45.0,0.0
1562.7803785,6,1,2,0,1,48.0,0.0
1562.785606,1,1,3,0,42,48.0,56.623
1562.7878395,6,1,1,0,1,47.0,0.0
1562.7898835,6,1,2,0,29,49.0,44.04
1562.7947185,3,1,2,0,1,46.0,0.0
1562.8000765,6,1,1,0,11,45.0,11.499
1562.8023965,6,1,1,0,1,45.0,0.0
1562.80409,5,1,1,0,1,47.0,0.0
1562.804669,5,3,20,7,166,68.0,3711.0
1562.80472,1,1,5,0,70,48.0,91.71
1562.8047585,3,1,2,0,5,49.0,14.452
1562.8067995,6,1,1,0,1,45.0,0.0
1562.806814,5,2,4,0,3,48.0,9.546
1562.8106995,6,1,2,0,1,47.0,0.0
1562.810705,5,1,4,0,6,49.0,14.975
1562.811322,5,1,2,0,1,46.0,0.0
1562.811864,1,1,2,0,1,46.0,0.0
1562.812602,5,3,4,0,26,48.0,60.901
1562.8126105,3,1,1,0,1,46.0,0.0
1562.818201,1,1,1,0,1,47.0,0.0
1562.818305,5,2,1,0,2,46.0,15.194
1562.8278145,6,1,1,0,1,47.0,0.0
1562.828611,1,8,44,39,335,84.0,105702.0
1562.82862,2,10,36,21,259,71.0,15447.0
1562.8286215,3,18,31,14,289,69.0,7481.0
1562.82863,5,45,32,11,241,67.0,5411.0
1562.8286405,6,10,31,16,353,69.0,8900.0
1562.832511,5,1,2,0,4,49.0,8.813
1562.83553,5,2,1,0,3,46.0,10.618
1562.8365015,6,1,2,0,1,46.0,0.0
1562.8367765,3,1,3,0,9,46.0,15.933
1562.8414595,6,1,2,0,1,46.0,0.0
1562.841491,5,2,1,0,3,45.0,8.724
1562.8457585,3,1,1,0,1,45.0,0.0
1562.853853,5,2,2,0,6,47.0,23.069
1562.8575785,3,1,1,0,1,45.0,0.0
1562.8599555,6,1,2,0,1,47.0,0.0
1562.8633895,6,1,2,0,1,48.0,0.0
1562.8702785,3,1,1,0,1,45.0,0.0
1562.8712745,3,1,3,0,4,49.0,12.73
1562.8779565,3,1,1,0,1,45.0,0.0
1562.8863635,6,1,1,0,4,45.0,8.65
1562.890018,5,1,2,0,1,46.0,0.0
1562.8966285,6,1,1,0,1,45.0,0.0
1562.898719,5,2,3,0,6,47.0,22.504
1562.9051585,6,1,1,0,1,46.0,0.0
1562.9060825,3,2,1,0,2,45.0,4.055
1562.9088685,3,1,1,0,1,45.0,0.0
1562.927401,1,1,1,0,1,45.0,0.0
1562.930939,1,2,5,0,40,49.0,101.332
1562.9309545,3,1,1,0,1,45.0,0.0
1562.9381395,6,1,2,0,1,46.0,0.0
1562.9572785,3,1,1,0,1,45.0,0.0
1562.965311,5,2,1,0,3,49.0,11.184
1562.966236,5,4,1,0,5,46.0,15.373
1562.969653,1,2,1,0,3,45.0,11.57
1562.971556,1,1,1,0,1,45.0,0.0
1562.981788,1,19,5,1,101,49.0,168.643
1562.981803,5,1,7,0,25,49.0,54.687
1562.983195,5,1,1,0,1,47.0,0.0
1562.994386,1,1,4,1,75,49.0,89.049
1562.9943965,3,2,6,0,45,48.0,114.257
1562.9999595,3,1,1,0,4,47.0,9.107
1563.0034005,6,1,1,0,1,45.0,0.0
1563.0359875,6,1,1,0,1,45.0,0.0
1563.037532,1,2,6,0,3,48.0,7.897
1563.0400755,6,2,1,0,3,49.0,14.869
1563.0512615,6,1,1,0,1,45.0,0.0
1563.0573325,6,1,2,0,8,47.0,16.519
1563.063583,1,1,2,0,1,45.0,0.0
1563.0683685,6,1,1,0,1,48.0,0.0
1563.0706895,6,1,2,0,1,47.0,0.0
1563.070715,5,3,2,0,8,48.0,38.743
1563.0732805,6,1,1,0,5,48.0,13.999
1563.077705,1,1,1,0,1,45.0,0.0
1563.0812985,6,1,1,0,1,47.0,0.0
1563.082166,1,2,1,0,2,46.0,7.006
1563.0836655,6,1,1,0,5,48.0,15.598
1563.102489,1,1,1,0,1,45.0,0.0
1563.1025375,6,1,1,0,1,45.0,0.0
1563.104919,5,2,1,0,3,47.0,9.803
1563.106485,1,2,1,0,3,48.0,11.07
1563.1231865,6,1,1,0,4,47.0,11.191
1563.131573,5,2,1,0,2,48.0,6.07
1563.1501835,6,1,1,0,1,45.0,0.0
1563.16011,5,9,23,7,159,68.0,4142.0
1563.1835025,6,2,11,6,162,70.0,5084.0
1563.1835505,3,1,3,0,10,46.0,13.693
1563.1844955,3,1,1,0,1,45.0,0.0
1563.1858795,6,1,2,0,8,49.0,26.423
1563.1858915,3,1,2,0,8,48.0,23.687
1563.1881725,6,2,2,0,2,45.0,4.927
1563.193926,5,2,1,0,5,49.0,32.446
1563.1954705,6,1,1,0,1,45.0,0.0
1563.196087,1,1,1,0,1,45.0,0.0
1563.1997555,6,1,1,0,1,46.0,0.0
1563.209101,1,1,1,0,1,47.0,0.0
1563.209762,1,1,4,0,1,49.0,0.0
1563.2128105,3,1,3,0,178,47.0,50.402
1563.217209,1,1,1,0,1,45.0,0.0
1563.2262145,6,1,2,0,1,48.0,0.0
1563.2281815,3,1,1,0,1,45.0,0.0
1563.2284805,6,1,2,0,1,47.0,0.0
1563.247915,1,1,1,0,1,45.0,0.0
1563.251579,5,1,5,0,4,49.0,15.048
1563.260969,5,1,4,1,85,49.0,94.607
1563.2609925,3,1,1,0,1,45.0,0.0
1563.2656905,3,1,1,0,5,47.0,13.132
1563.265732,1,1,1,0,1,45.0,0.0
1563.2734965,6,1,2,0,1,49.0,0.0
1563.280609,5,26,85,178,631,89.0,1170000.0
1563.2806125,3,17,61,99,706,83.0,246835.0
1563.280613,1,13,83,125,551,83.0,382019.0
1563.280618,2,27,72,155,528,83.0,576001.0
1563.2806205,6,27,73,134,625,86.0,523311.0
1563.280622,4,9,36,22,269,73.0,19802.0
1563.2849475,3,1,1,0,4,48.0,12.113
1563.287828,5,11,22,8,159,68.0,4879.0
1563.28979,5,1,2,0,1,47.0,0.0
1563.2945235,6,1,1,0,1,45.0,0.0
1563.3029795,6,2,2,0,38,49.0,60.778
1563.3098945,6,1,2,0,1,48.0,0.0
1563.3128725,3,1,1,0,1,45.0,0.0
1563.313625,5,2,1,0,2,46.0,5.377
1563.3167165,6,1,1,0,1,45.0,0.0
1563.3175745,3,1,2,0,1,47.0,0.0
1563.3236405,3,2,2,0,2,47.0,3.435
1563.3262645,6,1,1,0,1,49.0,0.0
1563.327441,1,1,1,0,1,45.0,0.0
1563.329534,5,2,1,0,2,46.0,7.499
1563.3304655,6,1,1,0,4,46.0,9.099
1563.3383915,3,1,3,1,204,48.0,70.718
1563.340113,1,1,2,0,1,48.0,0.0
1563.3523745,6,1,1,0,1,45.0,0.0
1563.354166,5,4,40,11,294,67.0,4550.0
1563.358794,1,1,1,0,1,45.0,0.0
1563.360059,5,2,1,0,2,45.0,4.432
1563.3712065,6,1,2,0,5,46.0,10.463
1563.3759415,6,1,1,0,1,45.0,0.0
1563.3800285,3,1,1,0,1,45.0,0.0
1563.380034,1,1,1,0,1,45.0,0.0
1563.3873625,6,1,1,0,1,45.0,0.0
1563.396449,1,3,3,0,8,48.0,58.195
1563.401969,5,1,1,0,1,45.0,0.0
1563.404061,5,2,1,0,5,49.0,26.733
1563.4137815,6,1,2,0,8,49.0,20.61
1563.4188915,6,1,2,0,5,48.0,13.445
1563.418907,5,1,2,0,1,45.0,0.0
1563.4227935,6,1,1,0,1,45.0,0.0
1563.429459,1,104,81,39,563,70.0,26600.0
1563.429523,5,9,75,49,524,81.0,107094.0
1563.4295265,3,10,52,22,534,66.0,8777.0
1563.429533,2,18,60,35,462,70.0,23382.0
1563.4295345,6,20,63,34,693,72.0,26948.0
1563.430971,1,1,1,0,1,48.0,0.0
1563.4314845,3,1,2,0,1,48.0,0.0
1563.4315045,6,1,7,0,19,49.0,53.134
1563.433175,5,1,1,0,1,47.0,0.0
1563.4352765,6,1,3,0,1,46.0,0.0
1563.437538,5,1,3,0,4,48.0,12.377
1563.440439,5,1,2,0,4,49.0,13.394
1563.4451425,6,1,1,0,1,45.0,0.0
1563.451926,5,4,2,0,5,48.0,17.612
1563.454916,5,2,4,0,13,48.0,44.758
1563.4550355,6,1,1,0,1,45.0,0.0
1563.4619345,6,1,3,0,14,48.0,18.234
1563.463944,5,2,1,0,3,49.0,14.327
1563.464656,1,1,1,0,1,45.0,0.0
1563.464664,5,1,1,0,1,45.0,0.0
1563.4666025,6,2,1,0,2,45.0,11.626
1563.46687,5,1,1,0,1,45.0,0.0
1563.468864,1,1,1,0,1,49.0,0.0
1563.4747335,6,1,1,0,1,49.0,0.0
1563.480893,5,2,2,0,7,47.0,26.188
1563.4849605,6,1,1,0,1,46.0,0.0
1563.4858145,3,1,1,0,1,45.0,0.0
1563.5017165,6,1,1,0,1,46.0,0.0
1563.5039845,6,1,2,0,1,47.0,0.0
1563.505196,5,7,2,0,8,46.0,28.843
1563.507525,1,3,3,0,4,48.0,23.309
1563.513355,1,1,2,0,1,47.0,0.0
1563.522501,5,1,4,0,14,49.0,43.299
1563.5266495,6,7,26,15,246,74.0,19785.0
1563.527326,1,1,6,2,183,49.0,162.301
1563.5274365,3,1,3,0,9,48.0,26.053
1563.532688,1,1,2,0,1,47.0,0.0
1563.5341115,3,1,1,0,1,45.0,0.0
1563.5341365,6,1,1,0,1,45.0,0.0
1563.538465,1,1,2,0,1,45.0,0.0
1563.5394015,6,1,1,0,1,45.0,0.0
1563.5410925,6,1,1,0,1,45.0,0.0
1563.5450425,6,1,2,0,7,49.0,24.492
1563.54522,1,1,8,2,170,49.0,183.175
1563.550007,1,1,1,0,1,45.0,0.0
1563.555614,5,2,2,0,10,48.0,21.609
1563.561968,5,2,2,0,4,48.0,17.09
1563.57176,5,1,4,0,18,48.0,37.225
1563.5767555,6,1,2,0,1,48.0,0.0
1563.581824,1,2,1,0,3,45.0,13.005
1563.5871075,6,1,1,0,1,45.0,0.0
1563.58968,1,2,2,0,28,46.0,40.855
1563.5911005,6,1,2,0,97,46.0,43.399
1563.591817,5,8,33,13,192,70.0,9285.0
1563.591846,4,4,3,0,14,48.0,40.926
1563.592639,5,1,1,0,10,49.0,34.387
1563.5971315,6,16,16,6,180,67.0,3097.0
1563.5971785,3,1,6,1,64,49.0,126.678
1563.5983075,6,1,2,0,1,47.0,0.0
1563.599446,5,1,5,0,1,48.0,0.0
1563.5994505,6,1,2,0,1,49.0,0.0
1563.6003935,6,1,2,0,1,46.0,0.0
1563.6026105,6,2,2,0,9,47.0,26.98
1563.6061105,6,1,1,0,1,45.0,0.0
1563.6093405,3,2,3,0,2,49.0,4.4
1563.616899,1,19,46,24,315,71.0,23362.0
1563.616913,2,65,34,18,190,68.0,12622.0
1563.616913,5,34,47,22,308,70.0,14697.0
1563.6169135,6,15,41,15,300,67.0,6941.0
1563.622283,5,5,2,0,6,48.0,22.308
1563.6251225,6,1,1,0,1,45.0,0.0
1563.6269675,3,1,1,0,1,45.0,0.0
1563.630088,5,2,4,0,27,49.0,80.512
1563.6301095,6,2,3,0,24,48.0,51.636
1563.644577,2,25,33,24,233,72.0,21413.0
1563.6445775,6,6,38,19,306,71.0,13347.0
1563.644578,1,25,44,18,261,67.0,10047.0
1563.644582,5,16,34,12,254,66.0,5297.0
1563.661322,5,1,4,0,1,49.0,0.0
1563.66362,5,1,1,0,1,45.0,0.0
1563.681473,5,3,5,0,8,49.0,42.297
1563.681866,1,1,7,0,33,49.0,71.698
1563.6858955,3,24,34,18,329,67.0,9055.0
1563.685902,2,13,40,33,342,73.0,38633.0
1563.685903,5,14,50,29,335,74.0,35265.0
1563.685905,1,58,46,21,352,67.0,12524.0
1563.6859125,6,11,40,21,277,69.0,13406.0
1563.69193,1,1,4,0,34,49.0,64.288
1563.6928355,3,1,1,0,1,45.0,0.0
1563.692854,1,1,2,0,1,48.0,0.0
1563.697645,1,1,3,0,1,49.0,0.0
1563.698964,1,9,47,30,296,76.0,35851.0
1563.6989665,6,17,40,23,308,71.0,18349.0
1563.698971,5,51,39,21,250,68.0,16271.0
1563.6989765,3,21,33,15,272,68.0,7981.0
1563.698978,2,24,37,24,288,69.0,18164.0
1563.7160525,6,1,1,0,1,48.0,0.0
1563.7214805,6,1,2,0,1,45.0,0.0
1563.7235865,6,1,1,0,1,45.0,0.0
1563.7419215,6,1,1,0,1,45.0,0.0
1563.7469725,6,1,1,0,1,45.0,0.0
1563.7535985,3,1,1,0,1,46.0,0.0
1563.759588,5,2,2,0,2,48.0,12.963
1563.7596025,6,1,4,0,28,49.0,83.237
1563.762642,5,1,1,0,1,45.0,0.0
1563.7630175,6,1,1,0,1,47.0,0.0
1563.766069,5,1,1,0,1,45.0,0.0
1563.7689485,6,1,2,0,12,48.0,38.073
1563.7751845,6,1,1,0,1,45.0,0.0
1563.77711,1,1,2,0,1,46.0,0.0
1563.7799,5,3,5,0,13,48.0,61.132
1563.7866365,6,1,1,0,1,45.0,0.0
1563.787422,1,1,1,0,1,45.0,0.0
1563.7903045,6,1,2,0,8,46.0,15.753
1563.792923,5,1,1,0,1,48.0,0.0
1563.82864,1,1,1,0,1,45.0,0.0
1563.830972,1,2,4,0,3,48.0,15.251
1563.8309865,6,1,4,0,54,48.0,66.364
1563.8309925,3,1,2,0,1,47.0,0.0
1563.8348525,6,1,1,0,1,45.0,0.0
1563.836312,1,1,1,0,1,45.0,0.0
1563.8387795,6,1,1,0,1,45.0,0.0
1563.8402135,6,1,4,0,10,49.0,34.744
1563.8402345,3,1,1,0,1,45.0,0.0
1563.8410555,6,1,3,0,5,46.0,9.753
1563.8410895,3,1,1,0,1,45.0,0.0
1563.8520165,6,1,1,0,1,46.0,0.0
1563.8535515,6,1,2,0,31,48.0,31.994
1563.862719,1,1,1,0,1,45.0,0.0
1563.864416,5,1,2,0,1,47.0,0.0
1563.8659025,6,1,1,0,1,45.0,0.0
1563.8673405,6,1,2,0,1,48.0,0.0
1563.8701245,6,1,1,0,1,47.0,0.0
1563.8773455,3,1,3,1,151,49.0,94.415
1563.8837715,3,1,1,0,1,49.0,0.0
1563.88475,1,2,1,0,3,47.0,14.104
1563.8861965,3,1,3,0,13,49.0,45.646
1563.887739,1,1,1,0,1,45.0,0.0
1563.896733,1,9,27,9,237,67.0,4040.0
1563.9016875,3,1,3,0,40,48.0,50.321
1563.902669,1,2,10,3,64,68.0,2358.0
1563.9029465,3,1,3,0,55,47.0,66.197
1563.9233845,3,1,1,0,1,45.0,0.0
1563.937705,5,1,1,0,1,48.0,0.0
1563.93827,1,1,1,0,1,48.0,0.0
1563.9439835,6,1,1,0,1,45.0,0.0
1563.9538685,6,1,1,0,1,47.0,0.0
1563.9591205,6,2,1,0,2,45.0,4.529
1563.969149,1,1,2,0,4,49.0,16.501
1563.9817765,6,1,1,0,1,45.0,0.0
1563.986985,1,1,2,0,4,48.0,10.875
1563.988657,5,3,2,0,4,48.0,24.376
1563.9886835,6,1,1,0,1,48.0,0.0
1563.9930285,6,1,2,0,1,49.0,0.0
1563.994156,5,23,33,11,209,67.0,5853.0
1563.99419,4,1,1,0,1,46.0,0.0
1564.004239,5,1,2,0,1,46.0,0.0
1564.0064565,6,1,1,0,1,45.0,0.0
1564.012254,5,1,2,0,1,49.0,0.0
1564.0125855,6,1,3,0,5,49.0,14.775
1564.016351,5,2,2,0,4,49.0,13.562
1564.0245155,3,1,2,0,1,45.0,0.0
1564.0245355,6,1,5,0,31,48.0,66.067
1564.024538,1,1,2,0,21,46.0,23.921
1564.025286,1,1,3,0,1,46.0,0.0
1564.0322345,6,1,1,0,1,45.0,0.0
1564.042416,5,2,4,0,51,48.0,76.962
1564.0459095,3,1,4,0,29,47.0,50.023
1564.046571,1,1,6,0,30,49.0,77.545
1564.0484745,6,1,1,0,1,45.0,0.0
1564.051813,5,2,1,0,2,49.0,12.963
1564.055827,5,1,1,0,1,48.0,0.0
1564.0569975,6,9,23,11,182,74.0,11828.0
1564.0612555,6,1,3,0,1,48.0,0.0
1564.066413,5,2,2,0,14,48.0,66.74
1564.0701735,6,1,1,0,1,48.0,0.0
1564.074253,1,1,1,0,1,48.0,0.0
1564.0767,1,1,2,0,15,45.0,18.172
1564.078034,5,1,2,0,1,48.0,0.0
1564.084767,5,1,1,0,1,47.0,0.0
1564.0878815,6,1,2,0,1,47.0,0.0
1564.090958,1,1,1,0,1,45.0,0.0
1564.092899,5,1,1,0,1,48.0,0.0
1564.0933705,6,1,2,0,4,47.0,10.928
1564.0945315,3,1,1,0,1,45.0,0.0
1564.0966385,6,5,30,13,236,68.0,6953.0
1564.0985015,3,1,1,0,1,45.0,0.0
1564.105681,1,1,1,0,1,45.0,0.0
1564.1059265,3,1,1,0,1,45.0,0.0
1564.1075865,3,1,2,0,1,46.0,0.0
1564.1116865,6,1,2,0,5,47.0,12.118
1564.1187075,6,1,1,0,1,45.0,0.0
1564.1198495,6,2,1,0,2,47.0,8.226
1564.1211315,6,1,1,0,1,45.0,0.0
1564.1235625,6,1,1,0,1,45.0,0.0
1564.1241685,6,1,2,0,1,47.0,0.0
1564.12763,1,1,1,0,1,45.0,0.0
1564.1357925,6,7,12,6,135,67.0,3692.0
1564.141739,5,2,2,0,2,46.0,3.55
1564.1481985,3,1,1,0,1,45.0,0.0
1564.1500315,6,1,1,0,1,45.0,0.0
1564.1536365,6,1,1,0,1,45.0,0.0
1564.159134,5,11,34,15,230,67.0,10893.0
1564.1635225,6,1,2,0,1,46.0,0.0
1564.165578,1,1,1,0,1,45.0,0.0
1564.1657685,6,1,2,0,8,46.0,13.14
1564.168654,5,1,4,0,1,47.0,0.0
1564.1759445,6,1,1,0,4,48.0,12.551
1564.1792455,6,1,2,0,4,49.0,15.575
1564.1792735,3,1,1,0,1,45.0,0.0
1564.1921785,6,1,2,0,1,47.0,0.0
1564.194713,1,2,1,0,3,45.0,6.936
1564.1990565,6,2,2,0,3,46.0,23.8
1564.2016675,6,1,1,0,1,49.0,0.0
1564.207855,1,1,1,0,1,47.0,0.0
1564.210374,1,1,1,0,1,45.0,0.0
1564.2143375,6,10,22,7,196,67.0,3770.0
1564.2189135,6,1,1,0,1,45.0,0.0
1564.223755,5,2,1,0,3,46.0,11.638
1564.231214,1,2,1,0,3,49.0,12.073
1564.2352575,6,1,1,0,1,45.0,0.0
1564.2378765,3,1,1,0,1,45.0,0.0
1564.2378965,6,1,1,0,1,47.0,0.0
1564.239719,5,1,3,0,1,49.0,0.0
1564.2397395,3,1,3,0,36,49.0,74.499
1564.2423925,3,1,4,0,11,49.0,32.233
1564.2538185,6,1,1,0,1,46.0,0.0
1564.254044,5,2,4,0,12,49.0,57.345
1564.2581925,6,4,6,2,60,69.0,1846.0
1564.2668335,6,1,1,0,1,46.0,0.0
1564.267879,1,1,1,0,1,48.0,0.0
1564.2708825,6,1,1,0,1,45.0,0.0
1564.2718225,6,1,4,0,38,49.0,48.617
1564.273439,5,10,35,13,250,68.0,7231.0
1564.276285,1,1,1,0,1,45.0,0.0
1564.2777735,3,1,3,0,1,46.0,0.0
1564.2805935,6,1,2,0,4,49.0,16.708
1564.2817415,6,1,1,0,1,45.0,0.0
1564.2841965,6,1,1,0,1,45.0,0.0
1564.2847255,6,2,1,0,2,45.0,4.4
1564.2910765,3,1,1,0,1,45.0,0.0
1564.291485,1,1,1,0,1,45.0,0.0
1564.29216,1,2,1,0,3,45.0,11.821
1564.2977325,6,1,1,0,4,46.0,7.635
1564.2987675,6,1,2,0,1,47.0,0.0
1564.298769,5,2,3,0,9,48.0,39.794
1564.314173,1,1,1,0,1,45.0,0.0
1564.317603,5,1,2,0,1,46.0,0.0
1564.317899,1,3,23,10,156,68.0,7364.0
1564.3181485,6,1,1,0,1,45.0,0.0
1564.326911,5,1,1,0,1,48.0,0.0
1564.335726,1,1,4,0,1,48.0,0.0
1564.356808,5,1,1,0,1,46.0,0.0
1564.3568225,6,1,1,0,1,45.0,0.0
1564.3592065,3,1,1,0,1,45.0,0.0
1564.3612915,6,1,3,0,14,47.0,14.656
1564.36197,5,2,1,0,3,45.0,7.278
1564.3708935,6,1,1,0,1,48.0,0.0
1564.373282,1,1,1,0,1,45.0,0.0
1564.379221,1,1,1,0,1,45.0,0.0
1564.397444,1,1,2,0,1,46.0,0.0
1564.403001,5,2,2,0,2,48.0,6.414
1564.4071445,3,1,1,0,1,45.0,0.0
1564.4182705,6,1,1,0,1,45.0,0.0
1564.4270335,6,1,1,0,1,45.0,0.0
1564.428781,1,1,1,0,1,49.0,0.0
1564.4326725,6,1,2,0,9,47.0,23.259
1564.433388,1,1,1,0,1,48.0,0.0
1564.442211,1,1,2,0,1,49.0,0.0
1564.442223,5,2,1,0,3,45.0,9.992
1564.4422275,6,1,1,0,1,46.0,0.0
1564.4500675,6,1,2,0,1,49.0,0.0
1564.4545975,6,1,2,0,1,47.0,0.0
1564.455736,1,1,2,0,1,48.0,0.0
1564.4557375,6,1,2,0,11,49.0,48.397
1564.463862,5,2,3,0,6,48.0,34.143
1564.46868,1,2,3,0,6,49.0,35.758
1564.4692685,6,1,1,0,1,45.0,0.0
1564.4768505,6,1,2,0,1,45.0,0.0
1564.4778085,6,1,1,0,4,46.0,8.749
1564.479691,1,1,2,0,1,49.0,0.0
1564.485124,1,1,2,0,1,49.0,0.0
1564.4862355,6,1,1,0,1,45.0,0.0
1564.4894995,6,4,1,0,5,49.0,18.114
1564.4926945,3,1,1,0,1,45.0,0.0
1564.4969465,6,1,1,0,1,45.0,0.0
1564.504325,5,1,1,0,1,45.0,0.0
1564.504543,1,1,5,0,34,47.0,51.068
1564.507626,1,1,1,0,1,49.0,0.0
1564.5187555,6,1,1,0,1,45.0,0.0
1564.5204035,6,1,1,0,1,45.0,0.0
1564.521045,1,1,3,0,37,49.0,60.395
1564.522229,1,1,2,0,1,49.0,0.0
1564.5267475,6,8,23,10,201,69.0,6317.0
1564.5285925,6,2,1,0,2,45.0,13.128
1564.5326255,3,1,3,0,20,47.0,18.182
1564.5343775,3,1,1,0,1,45.0,0.0
1564.537562,5,1,1,0,1,45.0,0.0
1564.5478405,6,1,1,0,1,45.0,0.0
1564.551389,1,1,1,0,1,47.0,0.0
1564.5570985,6,1,5,0,119,49.0,71.192
1564.5572225,3,1,2,0,9,49.0,30.465
1564.557978,1,1,2,0,7,46.0,16.265
1564.5642055,3,1,1,0,1,45.0,0.0
1564.567092,1,1,3,0,26,49.0,35.585
1564.5671065,3,1,1,0,1,45.0,0.0
1564.5737815,3,1,2,0,82,47.0,47.687
1564.5787695,6,1,1,0,1,46.0,0.0
1564.578843,1,1,2,0,1,48.0,0.0
1564.5851235,6,1,1,0,1,45.0,0.0
1564.5888615,3,1,2,0,8,49.0,30.205
1564.595289,5,1,1,0,1,47.0,0.0
1564.6022935,6,1,1,0,4,46.0,8.833
1564.60379,1,1,4,0,1,48.0,0.0
1564.6038095,3,1,1,0,1,45.0,0.0
1564.60632,1,1,2,0,1,48.0,0.0
1564.607613,5,2,4,0,2,49.0,17.22
1564.6232995,6,1,1,0,1,47.0,0.0
1564.627336,1,2,2,0,3,47.0,9.854
1564.62866,5,1,1,0,1,45.0,0.0
1564.629547,5,1,6,0,26,49.0,51.085
1564.63546,1,1,1,0,1,45.0,0.0
1564.639424,5,3,4,0,6,49.0,27.49
1564.641156,1,1,1,0,1,45.0,0.0
1564.645647,1,1,2,0,5,45.0,10.223
1564.6499145,6,1,1,0,1,45.0,0.0
1564.6532435,3,1,1,0,1,48.0,0.0
1564.6609095,6,1,1,0,1,45.0,0.0
1564.666033,5,1,1,0,1,46.0,0.0
1564.6660485,6,1,2,0,21,45.0,22.54
1564.66837,1,1,5,0,14,49.0,51.738
1564.673555,5,1,1,0,1,45.0,0.0
1564.673564,1,1,2,0,47,46.0,46.988
1564.686935,1,1,2,0,1,47.0,0.0
1564.6889555,6,1,2,0,11,49.0,26.115
1564.688979,5,2,1,0,2,48.0,5.664
1564.6991955,6,1,2,0,4,49.0,15.682
1564.699793,5,2,4,0,7,48.0,31.722
1564.7029675,3,1,3,0,18,49.0,44.026
1564.703023,1,2,2,0,2,48.0,3.352
1564.7068775,6,1,1,0,1,45.0,0.0
1564.7080205,6,1,1,0,1,45.0,0.0
1564.709577,1,1,1,0,1,45.0,0.0
1564.720886,1,7,9,2,53,67.0,1439.0
1564.7232455,3,1,3,0,64,49.0,75.616
1564.7233025,6,2,1,0,3,49.0,11.332
1564.7274275,6,1,1,0,1,45.0,0.0
1564.7403335,6,2,1,0,2,49.0,5.81
1564.742214,1,1,1,0,1,46.0,0.0
1564.7428425,3,1,2,0,1,48.0,0.0
1564.743604,1,1,3,0,1,49.0,0.0
1564.7519505,6,1,2,0,4,48.0,12.582
1564.7564985,6,1,1,0,1,45.0,0.0
1564.7622035,6,1,3,0,15,48.0,26.774
1564.7685455,6,1,1,0,1,45.0,0.0
1564.77049,5,1,1,0,1,48.0,0.0
1564.774304,5,2,1,0,3,47.0,13.019
1564.7773465,3,1,1,0,4,47.0,8.802
1564.783128,5,2,3,0,13,48.0,28.832
1564.78793,1,2,1,0,2,47.0,6.222
1564.790703,1,1,2,0,1,49.0,0.0
1564.7907055,6,1,2,0,1,46.0,0.0
1564.79204,5,1,2,0,7,49.0,27.788
1564.792715,5,1,1,0,1,48.0,0.0
1564.7931155,6,1,1,0,1,45.0,0.0
1564.7949795,6,2,5,0,58,49.0,81.827
1564.7949875,3,1,2,0,8,48.0,27.121
1564.7997805,3,2,1,0,2,46.0,7.837
1564.8004295,6,1,3,0,1,48.0,0.0
1564.8026485,6,1,1,0,1,46.0,0.0
1564.8080035,3,1,2,0,18,48.0,47.671
1564.8080225,6,1,5,0,20,49.0,62.05
1564.8161385,6,1,1,0,1,47.0,0.0
1564.8173095,6,1,2,0,4,49.0,14.629
1564.8264825,3,1,1,0,1,45.0,0.0
1564.826599,1,2,1,0,2,45.0,5.377
1564.8306725,6,1,1,0,4,49.0,16.818
1564.8349975,6,1,1,0,1,45.0,0.0
1564.837377,5,2,1,0,3,49.0,7.398
1564.841764,1,3,53,46,307,81.0,98319.0
1564.8417745,3,14,29,13,285,68.0,5596.0
1564.841777,2,12,38,30,270,71.0,29952.0
1564.8428,5,2,3,0,2,46.0,5.064
1564.8463335,6,1,1,0,1,45.0,0.0
1564.8493405,3,1,1,0,1,45.0,0.0
1564.857032,5,1,2,0,1,47.0,0.0
1564.8570725,3,1,1,0,1,45.0,0.0
1564.859955,1,2,3,0,20,49.0,49.696
1564.8686805,6,3,13,4,64,69.0,2825.0
1564.868707,5,1,6,0,11,49.0,23.509
1564.868715,1,1,5,0,35,47.0,55.337
1564.87463,1,1,4,0,16,49.0,55.474
1564.885243,1,1,3,0,26,49.0,40.285
1564.885261,5,2,2,0,3,48.0,7.486
1564.8884015,6,1,1,0,1,45.0,0.0
1564.8913065,6,2,4,0,2,48.0,17.156
1564.894161,1,1,2,0,1,48.0,0.0
1564.898238,1,7,4,0,9,49.0,43.759
1564.8982545,6,1,2,0,1,46.0,0.0
1564.8982605,3,1,1,0,1,45.0,0.0
1564.898267,5,2,1,0,3,47.0,8.912
1564.9027445,6,1,1,0,1,45.0,0.0
1564.9047175,6,2,1,0,3,47.0,12.528
1564.9104025,6,1,1,0,1,45.0,0.0
1564.9141245,3,2,3,0,14,48.0,36.086
1564.9141535,6,1,1,0,15,46.0,22.784
1564.9157245,3,1,2,0,1,45.0,0.0
1564.9157465,6,1,4,0,17,49.0,43.403
1564.9163475,6,1,1,0,1,47.0,0.0
1564.919337,5,1,4,0,1,49.0,0.0
1564.921105,5,1,1,0,1,47.0,0.0
1564.921649,1,1,4,0,10,47.0,25.076
1564.9231845,6,1,2,0,8,49.0,25.296
1564.9310555,6,1,1,0,1,45.0,0.0
1564.937007,1,3,8,2,43,66.0,1591.0
1564.9370305,3,1,1,0,1,45.0,0.0
1564.941603,5,2,3,0,3,48.0,6.792
1564.9416075,6,1,1,0,1,46.0,0.0
1564.9416215,3,1,1,0,1,45.0,0.0
1564.945269,2,18,33,18,291,66.0,10060.0
1564.94527,5,12,38,15,234,70.0,9551.0
1564.9452705,6,22,35,14,264,67.0,6204.0
1564.9492685,6,1,2,0,1,49.0,0.0
1564.9507245,3,1,1,0,1,45.0,0.0
1564.953858,1,1,1,0,1,45.0,0.0
1564.9567525,3,2,1,0,5,45.0,11.601
1564.9616405,6,1,6,1,90,48.0,121.491
1564.9616565,3,1,1,0,8,47.0,13.85
1564.961658,1,1,5,0,59,48.0,74.643
1564.9637055,6,1,2,0,4,47.0,12.988
1564.9665465,6,1,1,0,5,46.0,8.543
1564.9697365,6,1,2,0,1,49.0,0.0
1564.9727985,6,1,1,0,1,45.0,0.0
1564.973643,5,3,3,0,4,47.0,16.292
1564.9862985,6,1,1,0,1,45.0,0.0
1564.9900735,3,1,7,1,96,49.0,122.667
1564.991087,1,1,2,0,15,46.0,23.695
1564.99677,5,1,3,0,1,49.0,0.0
1565.003766,5,2,1,0,2,49.0,11.835
1565.005016,1,1,2,0,1,47.0,0.0
1565.005021,5,1,3,0,1,47.0,0.0
1565.0050375,3,1,1,0,1,45.0,0.0
1565.0057575,3,1,1,0,1,45.0,0.0
1565.005777,5,1,2,0,1,49.0,0.0
1565.005804,1,1,2,0,1,47.0,0.0
1565.01214,1,1,1,0,1,45.0,0.0
1565.0129265,6,1,2,0,5,48.0,13.519
1565.0137305,6,1,1,0,1,46.0,0.0
1565.0154205,6,1,1,0,1,47.0,0.0
1565.0191255,6,2,9,3,55,66.0,1799.0
1565.019163,1,2,1,0,3,45.0,6.985
1565.0191835,3,1,2,0,20,45.0,15.18
1565.0207195,3,1,2,0,12,46.0,19.835
1565.0243635,6,2,2,0,13,47.0,32.049
1565.0280195,3,1,3,0,34,48.0,51.212
1565.028905,5,22,60,72,386,81.0,180697.0
1565.0289085,3,11,40,37,479,74.0,32891.0
1565.02891,1,27,63,53,398,74.0,74342.0
1565.028914,2,42,54,62,341,80.0,138142.0
1565.0289165,6,20,53,56,472,78.0,97045.0
1565.0303775,6,1,1,0,1,45.0,0.0
1565.0309355,3,1,1,0,4,48.0,12.029
1565.0334055,3,1,2,0,1,46.0,0.0
1565.033407,5,1,4,0,43,49.0,77.187
1565.0385665,6,1,2,0,6,49.0,19.099
1565.038598,1,1,2,0,1,49.0,0.0
1565.0397405,3,2,1,0,2,49.0,11.835
1565.039932,1,1,1,0,1,47.0,0.0
1565.0399385,6,1,2,0,16,46.0,23.119
1565.0416985,3,6,25,14,266,75.0,15809.0
1565.041711,1,24,31,11,218,66.0,5306.0
1565.041713,2,22,37,17,239,70.0,11597.0
1565.044572,1,1,3,0,1,48.0,0.0
1565.0445755,3,1,1,0,1,45.0,0.0
1565.0512595,6,1,1,0,1,45.0,0.0
1565.0589495,6,1,1,0,1,45.0,0.0
1565.0613445,6,1,3,0,4,47.0,10.406
1565.061596,5,10,32,11,221,67.0,5652.0
1565.0625405,6,1,3,0,4,47.0,14.022
1565.0739015,6,1,2,0,5,48.0,15.053
1565.080723,1,2,1,0,2,45.0,3.784
1565.08174,1,1,2,0,1,49.0,0.0
1565.08175,5,1,1,0,1,45.0,0.0
1565.0820555,6,1,1,0,1,48.0,0.0
1565.0946355,3,1,2,0,1,46.0,0.0
1565.1117105,6,1,1,0,1,45.0,0.0
1565.111755,1,2,1,0,3,49.0,11.467
1565.1135525,3,1,2,0,1,46.0,0.0
1565.113555,1,1,4,0,4,48.0,8.513
1565.113626,5,1,1,0,1,45.0,0.0
1565.114222,1,4,21,7,175,66.0,2885.0
1565.1174745,3,1,1,0,1,45.0,0.0
1565.124673,1,1,4,0,12,49.0,43.972
1565.125861,1,1,2,0,1,48.0,0.0
1565.1341105,6,1,2,1,202,48.0,82.787
1565.138329,5,1,2,0,5,48.0,10.645
1565.14176,1,1,3,0,1,49.0,0.0
1565.1417965,6,1,3,0,1,48.0,0.0
1565.1447055,6,1,1,0,1,45.0,0.0
1565.149326,5,1,1,0,1,45.0,0.0
1565.15323,1,2,1,0,2,45.0,3.665
1565.153773,1,1,1,0,9,46.0,14.666
1565.1547925,6,1,2,0,4,48.0,12.141
1565.1560255,6,1,2,0,1,45.0,0.0
1565.1656705,3,1,2,0,1,46.0,0.0
1565.165686,1,1,3,0,1,49.0,0.0
1565.1668585,6,1,1,0,1,45.0,0.0
1565.171359,1,1,2,0,1,48.0,0.0
1565.1754275,6,1,2,0,8,49.0,27.246
1565.1769105,6,1,1,0,1,47.0,0.0
1565.1781345,3,1,2,0,1,45.0,0.0
1565.1836225,6,2,1,0,3,49.0,18.279
1565.183925,1,2,4,0,52,47.0,74.516
1565.186219,5,4,1,0,5,48.0,24.099
1565.1884395,3,1,2,0,1,47.0,0.0
1565.1884775,6,1,2,0,1,47.0,0.0
1565.1890255,6,1,1,0,1,48.0,0.0
1565.2021955,3,1,3,0,48,49.0,59.124
1565.202211,1,1,2,0,1,46.0,0.0
1565.202212,5,2,2,0,2,46.0,5.773
1565.2109985,6,1,1,0,1,45.0,0.0
1565.2164755,6,1,2,0,1,47.0,0.0
1565.221321,5,2,1,0,2,49.0,6.569
1565.2260685,6,1,1,0,4,48.0,15.537
1565.2352945,6,1,1,0,1,47.0,0.0
1565.235652,5,1,3,0,1,47.0,0.0
1565.24172,1,1,2,0,1,47.0,0.0
1565.2417945,6,1,1,0,1,49.0,0.0
1565.2429985,3,1,1,0,1,45.0,0.0
1565.24301,1,1,2,0,59,48.0,42.881
1565.2443265,6,1,2,0,1,45.0,0.0
1565.245815,1,1,1,0,1,49.0,0.0
1565.264305,2,23,32,23,258,70.0,16549.0
1565.264311,1,10,47,25,239,73.0,25087.0
1565.2643125,3,6,27,14,300,66.0,5723.0
1565.264319,5,18,48,17,301,66.0,8028.0
1565.2683165,6,1,1,0,1,48.0,0.0
1565.269214,1,1,2,0,1,47.0,0.0
1565.2713525,6,1,1,0,1,47.0,0.0
1565.271794,1,1,5,0,1,48.0,0.0
1565.2718145,3,1,1,0,1,45.0,0.0
1565.2786475,6,1,1,0,1,45.0,0.0
1565.2793225,6,1,3,0,1,46.0,0.0
1565.279326,5,2,2,0,2,49.0,5.064
1565.2793275,3,1,1,0,1,47.0,0.0
1565.2885625,6,20,43,23,280,72.0,17773.0
1565.288563,1,8,51,26,354,74.0,21689.0
1565.288568,2,111,42,25,264,69.0,17478.0
1565.28857,5,28,52,19,319,68.0,10195.0
1565.290113,5,2,1,0,3,48.0,12.778
1565.2906625,6,1,1,0,1,45.0,0.0
1565.2955115,6,1,1,0,1,46.0,0.0
1565.2994455,6,1,2,0,5,46.0,9.201
1565.3019475,6,1,2,0,8,48.0,19.047
1565.304823,5,2,2,0,3,46.0,7.144
1565.3056905,6,1,2,0,1,48.0,0.0
1565.308139,1,1,1,0,1,45.0,0.0
1565.31229,1,1,2,0,1,46.0,0.0
1565.314046,5,1,1,0,1,45.0,0.0
1565.314876,1,4,38,18,280,76.0,21288.0
1565.3159565,3,1,1,0,1,45.0,0.0
1565.322126,1,1,2,0,7,48.0,15.069
1565.335777,5,13,24,11,182,69.0,8407.0
1565.338758,1,1,1,0,1,45.0,0.0
1565.343687,5,2,3,0,2,47.0,4.305
1565.3436935,6,1,4,0,1,48.0,0.0
1565.345359,1,1,3,0,17,48.0,20.405
1565.3453705,3,1,1,0,1,45.0,0.0
1565.9031875,3,1,1,0,4,45.0,7.337
1565.9075085,6,3,15,5,136,68.0,2417.0
1565.909557,5,1,1,0,1,45.0,0.0
1565.911386,1,1,2,0,1,45.0,0.0
1565.91279,1,1,2,0,1,47.0,0.0
1565.913841,1,1,1,0,1,45.0,0.0
1565.9169995,6,6,28,11,222,68.0,6957.0
1565.92093,5,1,3,0,1,48.0,0.0
1565.921459,5,1,1,0,1,47.0,0.0
1565.9236,1,2,1,0,2,49.0,15.915
1565.9236295,6,1,1,0,1,45.0,0.0
1565.924115,5,1,1,0,1,49.0,0.0
1565.9241355,6,1,2,0,4,48.0,12.923
1565.926216,1,1,3,0,1,46.0,0.0
1565.9273835,6,1,2,0,5,48.0,19.218
1565.92821,1,1,1,0,1,47.0,0.0
1565.930468,1,1,1,0,1,45.0,0.0
1565.9306035,6,1,1,0,1,45.0,0.0
1565.931557,1,1,5,0,1,47.0,0.0
1565.931565,5,2,6,0,54,49.0,85.247
1565.9315745,3,1,3,0,49,49.0,84.144
1565.935311,1,1,2,0,4,47.0,11.016
1565.9353655,6,1,1,0,1,46.0,0.0
1565.9379455,6,2,1,0,4,49.0,16.838
1565.9428465,6,1,3,0,1,47.0,0.0
1565.946052,1,1,1,0,1,45.0,0.0
1565.9461075,6,1,1,0,1,45.0,0.0
1565.9479365,6,1,1,0,1,45.0,0.0
1565.9493345,3,1,1,0,1,45.0,0.0
1565.951372,1,8,28,13,185,70.0,8960.0
1565.958465,1,2,2,0,3,48.0,11.698
1565.9591335,6,1,1,0,1,45.0,0.0
1565.9614325,6,1,2,0,9,48.0,25.957
1565.969962,5,1,1,0,1,45.0,0.0
1565.9740095,6,1,2,0,1,47.0,0.0
1565.9786645,6,1,1,0,1,45.0,0.0
1565.980531,1,1,1,0,1,45.0,0.0
1565.9828925,6,1,2,0,4,48.0,14.722
1565.983208,5,1,2,0,1,48.0,0.0
1565.984223,5,2,1,0,2,45.0,3.464
1565.9842455,6,1,1,0,5,48.0,11.491
1565.988384,1,1,1,0,1,45.0,0.0
1565.988977,1,1,1,0,4,49.0,14.496
1565.991309,1,6,15,6,160,66.0,2375.0
1565.9957825,3,1,1,0,1,47.0,0.0
1565.9957995,6,1,5,1,84,49.0,111.82
1566.0063215,3,1,1,0,1,45.0,0.0
1566.006359,1,1,2,0,1,46.0,0.0
1566.00777,5,2,1,0,4,49.0,21.644
1566.0083705,6,1,1,0,1,48.0,0.0
1566.0094885,6,1,2,0,1,49.0,0.0
1566.009496,5,1,2,0,1,46.0,0.0
1566.01519,5,15,2,0,17,47.0,26.479
1566.0154975,3,1,1,0,5,48.0,18.586
1566.0167245,6,1,1,0,1,45.0,0.0
1566.019352,5,2,2,0,3,49.0,12.506
1566.0204665,6,1,1,0,1,45.0,0.0
1566.020941,5,1,2,0,1,47.0,0.0
1566.021244,1,1,3,0,24,47.0,37.335
1566.0221495,3,1,5,1,83,48.0,109.625
1566.026534,5,1,1,0,1,45.0,0.0
1566.033774,5,8,13,7,86,69.0,6892.0
1566.0345815,6,1,6,1,99,49.0,139.603
1566.0356565,6,151,30,11,333,68.0,5401.0
1566.037112,1,1,1,0,1,45.0,0.0
1566.039438,1,1,1,0,1,45.0,0.0
1566.0417775,6,1,1,0,1,45.0,0.0
1566.045312,5,3,3,0,14,48.0,61.075
1566.0469705,6,4,2,0,8,47.0,24.903
1566.047676,1,1,1,0,1,45.0,0.0
1566.0501605,6,1,21,8,153,66.0,3922.0
1566.0586785,6,1,1,0,1,45.0,0.0
1566.0595145,6,1,1,0,1,45.0,0.0
1566.060327,5,2,1,0,2,45.0,4.179
1566.0615355,3,1,1,0,1,45.0,0.0
1566.063951,1,1,5,0,22,48.0,54.444
1566.0665405,3,1,3,1,130,49.0,98.582
1566.0673365,3,2,1,0,3,47.0,9.705
1566.067689,1,1,7,0,1,49.0,0.0
1566.0689245,6,1,1,0,1,46.0,0.0
1566.072714,5,3,2,0,4,48.0,20.092
1566.0750525,6,1,1,0,1,45.0,0.0
1566.077307,5,3,12,6,46,66.0,4940.0
1566.079328,1,1,1,0,1,45.0,0.0
1566.0805285,3,1,1,0,4,47.0,10.305
1566.0812415,6,1,2,0,4,48.0,12.855
1566.081726,1,1,1,0,1,48.0,0.0
1566.0884255,6,1,2,0,15,49.0,34.661
1566.0943885,6,1,1,0,1,45.0,0.0
1566.098932,5,2,2,0,3,47.0,11.005
1566.100437,1,1,4,0,4,48.0,9.171
1566.1025535,6,7,16,6,220,66.0,2484.0
1566.1044825,6,1,1,0,1,45.0,0.0
1566.1116885,3,1,4,0,29,49.0,65.017
1566.125977,1,2,2,0,2,46.0,6.53
1566.132286,1,1,1,0,1,45.0,0.0
1566.1370405,6,1,1,0,1,45.0,0.0
1566.1392335,6,1,2,0,33,49.0,47.494
1566.1392805,3,1,1,0,1,45.0,0.0
1566.14188,1,1,2,0,5,48.0,13.604
1566.145926,5,1,3,1,83,48.0,89.84
1566.1466755,3,2,1,0,2,47.0,7.499
1566.146689,5,1,3,0,8,48.0,27.937
1566.1473675,6,1,1,0,1,46.0,0.0
1566.151484,5,2,2,0,2,47.0,3.464
1566.1541585,3,1,1,0,1,45.0,0.0
1566.1549795,6,1,1,0,1,45.0,0.0
1566.1623005,6,1,2,0,9,48.0,23.251
1566.162412,5,2,1,0,3,45.0,7.993
1566.1645165,6,1,2,0,14,47.0,24.44
1566.1651915,6,2,2,0,3,47.0,9.246
1566.1694705,6,1,2,0,4,48.0,14.582
1566.1699695,3,1,3,0,41,47.0,46.478
1566.1771465,3,2,5,0,44,48.0,78.842
1566.177195,1,1,8,0,54,48.0,97.116
1566.178406,5,1,4,0,1,47.0,0.0
1566.178448,1,1,2,0,6,49.0,21.187
1566.1854905,6,1,1,0,1,46.0,0.0
1566.1865595,6,1,3,1,281,49.0,77.466
1566.187622,5,1,1,0,1,45.0,0.0
1566.189096,2,1,25,11,205,67.0,5194.0
1566.189098,5,19,28,10,218,67.0,4766.0
1566.190462,1,1,5,1,77,48.0,106.517
1566.190465,5,1,12,2,107,49.0,258.468
1566.1904695,3,1,4,0,36,49.0,81.74
1566.1915895,6,4,7,3,40,66.0,2113.0
1566.191606,5,1,3,0,27,48.0,48.103
1566.191642,1,1,1,0,1,46.0,0.0
1566.195686,5,1,1,0,1,49.0,0.0
1566.195703,1,1,3,0,1,47.0,0.0
1566.199146,5,1,1,0,1,45.0,0.0
1566.200157,1,1,2,0,1,45.0,0.0
1566.20412,1,1,3,0,1,45.0,0.0
1566.2084848,5,12,40,16,248,68.0,10465.0
1566.208488,2,5,30,15,212,67.0,8701.0
1566.2085058,1,32,32,12,249,66.0,5168.0
1566.2221515,6,1,1,0,1,45.0,0.0
1566.222522,1,1,7,1,59,48.0,110.904
1566.2237985,6,1,4,0,19,49.0,23.459
1566.2238085,3,1,4,0,49,49.0,105.417
1566.228521,1,2,1,0,2,47.0,3.903
1566.229506,1,1,1,0,1,46.0,0.0
1566.2295135,6,1,1,0,4,49.0,12.65
1566.2306195,3,4,5,1,60,48.0,107.667
1566.2306865,6,1,2,0,5,47.0,9.83
1566.2315675,6,1,1,0,1,45.0,0.0
1566.2320875,6,1,1,0,1,48.0,0.0
1566.2378445,6,1,2,0,5,49.0,18.57
1566.2423335,6,7,12,5,131,69.0,2546.0
1566.2423725,3,1,2,0,1,47.0,0.0
1566.243679,1,1,2,0,1,46.0,0.0
1566.244629,5,1,1,0,1,45.0,0.0
1566.2454295,6,2,1,0,2,45.0,3.324
1566.2520225,6,1,2,0,26,48.0,32.15
1566.2532415,6,2,1,0,2,45.0,3.933
1566.254324,5,13,17,5,86,66.0,3113.0
1566.2543755,6,2,4,0,2,49.0,6.726
1566.254425,1,2,1,0,2,45.0,4.793
1566.255173,1,1,3,0,1,49.0,0.0
1566.2552005,6,1,1,0,1,48.0,0.0
1566.256853,5,2,17,7,91,69.0,5337.0
1566.264402,5,1,1,0,1,45.0,0.0
1566.266314,5,1,1,0,1,47.0,0.0
1566.269703,1,1,1,0,1,45.0,0.0
1566.2707835,3,1,2,0,1,47.0,0.0
1566.272913,1,1,1,0,1,45.0,0.0
1566.272919,5,1,2,0,1,47.0,0.0
1566.2763345,3,1,2,0,29,46.0,36.999
1566.279694,1,1,1,0,1,45.0,0.0
1566.283812,1,1,1,0,1,46.0,0.0
1566.2846645,6,1,1,0,1,45.0,0.0
1566.287437,1,1,1,0,1,45.0,0.0
1566.2890095,3,1,1,0,1,45.0,0.0
1566.289012,1,1,4,0,54,47.0,50.193
1566.2905055,6,1,1,0,1,45.0,0.0
1566.294849,1,1,1,0,1,47.0,0.0
1566.2967455,6,1,2,0,8,49.0,28.017
1566.3030525,6,1,2,1,189,47.0,62.591
1566.3068,4,1,2,0,1,46.0,0.0
1566.313991,5,1,1,0,1,48.0,0.0
1566.3148135,3,1,1,0,1,45.0,0.0
1566.314826,5,2,2,0,3,48.0,18.755
1566.31587,1,1,2,0,1,48.0,0.0
1566.3196615,6,2,2,0,2,49.0,9.877
1566.320533,1,1,19,6,118,66.0,3049.0
1566.3205545,3,1,4,0,43,49.0,75.246
1566.3229165,3,1,2,0,1,47.0,0.0
1566.3229615,6,1,3,0,1,46.0,0.0
1566.323489,5,1,1,0,1,45.0,0.0
1566.3251215,6,1,1,0,1,45.0,0.0
1566.3281415,6,1,1,0,1,46.0,0.0
1566.3299095,6,1,2,0,1,47.0,0.0
1566.334808,5,2,1,0,3,46.0,12.008
1566.3363625,6,1,2,0,10,49.0,39.922
1566.3397155,6,14,15,5,115,66.0,2370.0
1566.3417775,6,1,1,0,1,45.0,0.0
1566.346672,5,2,1,0,2,48.0,3.579
1566.3482215,6,1,1,0,1,45.0,0.0
1566.3514105,6,1,1,0,1,46.0,0.0
1566.353901,5,1,1,0,1,47.0,0.0
1566.3539205,6,1,1,0,1,46.0,0.0
1566.3566185,3,6,11,4,82,67.0,2530.0
1566.3641475,3,1,2,1,98,48.0,72.406
1566.366605,1,1,1,0,1,46.0,0.0
1566.367988,5,1,1,0,1,46.0,0.0
1566.368202,1,1,4,0,1,48.0,0.0
1566.3691085,3,1,1,0,1,46.0,0.0
1566.369125,1,2,3,0,3,49.0,12.852
1566.371476,1,2,2,0,7,47.0,27.249
1566.3792175,6,1,2,0,11,47.0,12.624
1566.387487,1,1,1,0,1,45.0,0.0
1566.3890725,3,1,1,0,1,45.0,0.0
1566.391023,5,3,13,4,113,67.0,2729.0
1566.3926675,6,2,2,0,2,49.0,10.021
1566.398626,5,1,2,0,1,46.0,0.0
1566.4001675,6,1,1,0,4,47.0,9.686
1566.403055,1,1,1,0,1,45.0,0.0
1566.4063125,3,2,1,0,3,47.0,25.134
1566.406946,1,1,3,0,1,49.0,0.0
1566.4069945,3,1,1,0,1,45.0,0.0
1566.4098005,3,1,1,0,1,45.0,0.0
1566.4098285,6,1,4,0,11,49.0,18.337
1566.4119765,6,1,1,0,1,45.0,0.0
1566.4157515,6,1,1,0,1,45.0,0.0
1566.4165855,3,1,1,0,1,45.0,0.0
1566.416593,5,2,5,0,2,47.0,6.726
1566.4165935,6,1,4,0,8,47.0,18.897
1566.419143,5,1,1,0,1,45.0,0.0
1566.4202775,6,1,2,0,8,48.0,26.925
1566.4287395,3,1,1,0,1,45.0,0.0
1566.428831,5,1,1,0,1,45.0,0.0
1566.4347955,6,1,1,0,1,47.0,0.0
1566.435567,5,1,4,0,1,49.0,0.0
1566.4392825,3,1,2,0,1,48.0,0.0
1566.440257,1,1,2,0,1,48.0,0.0
1566.4402625,6,1,2,0,1,48.0,0.0
1566.4429885,6,1,2,0,1,46.0,0.0
1566.4487665,6,1,3,0,1,47.0,0.0
1566.4493385,6,2,3,0,13,48.0,38.906
1566.4561085,3,1,1,0,1,45.0,0.0
1566.4624405,6,1,1,0,1,45.0,0.0
1566.4633845,6,19,22,8,161,67.0,3964.0
1566.4662745,3,1,2,0,5,47.0,10.445
1566.4695655,6,1,1,0,1,46.0,0.0
1566.4708065,6,1,1,0,5,46.0,10.2
1566.471466,1,2,2,0,4,46.0,13.255
1566.4728735,6,1,1,0,4,49.0,14.951
1566.473491,1,1,1,0,1,49.0,0.0
1566.476067,5,1,1,0,1,49.0,0.0
1566.4785305,6,1,1,0,1,45.0,0.0
1566.479256,5,1,3,0,1,49.0,0.0
1566.479283,1,1,2,0,1,49.0,0.0
1566.4825465,3,1,4,0,22,48.0,46.486
1566.482615,1,1,1,0,1,46.0,0.0
1566.488163,1,1,1,0,1,45.0,0.0
1566.491442,5,2,1,0,6,48.0,21.08
1566.494392,1,1,1,0,1,45.0,0.0
1566.4951875,6,1,2,0,1,49.0,0.0
1566.4990245,6,3,3,0,24,48.0,72.197
1566.5026995,3,1,1,0,4,49.0,16.239
1566.50272,1,1,2,0,32,46.0,39.827
1566.502723,5,1,1,0,39,48.0,41.166
1566.5031665,6,1,2,0,1,47.0,0.0
1566.5047215,6,1,1,0,1,48.0,0.0
1566.505788,1,18,28,10,142,67.0,5447.0
1566.505848,4,1,3,0,14,49.0,34.809
1566.5101555,6,2,1,0,3,49.0,15.466
1566.5166055,3,1,1,0,1,45.0,0.0
1566.516607,5,1,7,0,38,49.0,81.344
1566.51662,1,1,3,0,7,47.0,11.134
1566.5166335,6,1,2,0,17,48.0,33.9
1566.5221605,3,1,1,0,1,45.0,0.0
1566.5240605,6,1,1,0,1,45.0,0.0
1566.5268015,6,1,1,0,1,45.0,0.0
1566.5270005,3,51,37,26,336,67.0,16223.0
1566.527005,5,63,51,25,311,71.0,19865.0
1566.527009,1,62,48,21,305,66.0,12134.0
1566.52702,2,17,44,32,255,72.0,33308.0
1566.5273245,6,1,5,0,68,47.0,83.1
1566.5321845,6,1,1,0,1,45.0,0.0
1566.534965,1,1,1,0,1,47.0,0.0
1566.535069,5,2,2,0,3,49.0,12.546
1566.5350775,6,1,4,0,17,49.0,51.604
1566.5395665,3,1,1,0,9,47.0,14.393
1566.542107,1,2,1,0,2,46.0,5.628
1566.54229,5,1,1,0,1,45.0,0.0
1566.5428765,6,55,20,8,143,72.0,7435.0
1566.5450335,6,1,1,0,1,45.0,0.0
1566.5521025,3,1,1,0,1,45.0,0.0
1566.5589445,6,1,1,0,1,46.0,0.0
1566.5590455,3,1,1,0,1,45.0,0.0
1566.5600325,6,1,1,0,4,49.0,15.957
1566.5606365,6,1,2,0,5,48.0,11.37
1566.5628215,6,1,2,0,1,46.0,0.0
1566.5778605,3,1,1,0,1,45.0,0.0
1566.579914,1,2,1,0,3,47.0,10.343
1566.582759,5,4,2,0,5,49.0,37.972
1566.5877895,6,1,2,0,7,48.0,20.201
1566.5940765,3,1,2,0,1,47.0,0.0
1566.597459,5,1,2,0,1,49.0,0.0
1566.6024515,6,1,1,0,1,45.0,0.0
1566.6040195,6,1,1,0,1,45.0,0.0
1566.604101,5,2,2,0,5,47.0,16.092
1566.6044035,3,1,1,0,1,45.0,0.0
1566.604914,1,1,5,0,63,49.0,83.58
1566.605689,1,1,6,0,26,48.0,89.079
1566.6057215,3,1,1,0,1,45.0,0.0
1566.6076505,3,1,3,0,13,48.0,24.648
1566.608216,1,2,2,0,2,45.0,3.324
1566.609037,1,1,1,0,1,45.0,0.0
1566.6122055,6,2,2,0,2,46.0,3.213
1566.616849,5,2,1,0,3,48.0,11.612
1566.6184875,3,1,1,0,1,45.0,0.0
1566.6260275,3,2,6,0,58,48.0,105.682
1566.6298415,6,1,1,0,1,46.0,0.0
1566.630193,1,1,1,0,1,45.0,0.0
1566.630979,5,14,4,0,15,48.0,35.316
1566.635166,5,35,2,0,36,49.0,55.997
1566.6352345,6,1,2,0,89,48.0,47.477
1566.6406935,6,1,1,0,1,45.0,0.0
1566.6424945,3,1,2,0,1,49.0,0.0
1566.6510845,6,7,28,19,261,74.0,19804.0
1566.659028,1,1,6,1,71,49.0,118.718
1566.659832,5,1,3,0,1,48.0,0.0
1566.6619295,3,1,4,0,28,48.0,35.795
1566.6628745,6,1,3,0,21,47.0,34.17
1566.6659525,6,1,1,0,1,46.0,0.0
1566.676281,5,1,1,0,1,45.0,0.0
1566.68506,1,1,1,0,1,46.0,0.0
1566.6863515,3,1,1,0,4,48.0,12.139
1566.686367,5,2,1,0,3,46.0,10.158
1566.6899205,6,1,1,0,1,45.0,0.0
1566.691356,5,36,5,0,42,49.0,104.247
1566.691377,1,1,3,0,1,47.0,0.0
1566.6934875,3,1,3,0,1,46.0,0.0
1566.6956175,3,1,1,0,1,45.0,0.0
1566.6962655,6,1,1,0,1,45.0,0.0
1566.701237,5,2,2,0,5,49.0,12.726
1566.7018345,6,1,1,0,1,45.0,0.0
1566.7035215,3,1,1,0,1,45.0,0.0
1566.7056105,3,2,1,0,2,45.0,4.529
1566.7056455,6,1,3,0,1,48.0,0.0
1566.7093045,3,1,2,0,36,46.0,34.463
1566.7130725,3,1,2,0,58,46.0,52.993
1566.713937,5,2,1,0,3,48.0,12.6
1566.717433,5,1,2,0,1,49.0,0.0
1566.71892,1,1,1,0,1,45.0,0.0
1566.721009,5,2,2,0,4,47.0,14.294
1566.7211245,3,1,1,0,1,45.0,0.0
1566.722627,1,1,1,0,1,46.0,0.0
1566.7257995,3,1,1,0,4,49.0,17.269
1566.72638,1,1,1,0,1,49.0,0.0
1566.7297975,3,1,1,0,1,46.0,0.0
1566.7309265,6,1,1,0,1,47.0,0.0
1566.731365,1,1,2,0,1,49.0,0.0
1566.7313855,3,1,1,0,4,47.0,9.506
1566.732247,1,1,1,0,1,46.0,0.0
1566.7326155,6,1,2,0,1,49.0,0.0
1566.732846,1,1,1,0,1,46.0,0.0
1566.7346795,6,1,1,0,1,46.0,0.0
1566.7358105,6,1,1,0,1,48.0,0.0
1566.737515,5,1,1,0,1,45.0,0.0
1566.737895,4,1,1,0,1,45.0,0.0
1566.738048,5,1,2,0,14,48.0,26.354
1566.7427735,3,1,1,0,1,45.0,0.0
1566.753601,1,3,14,5,129,68.0,3071.0
1566.753664,5,2,1,0,2,46.0,3.352
1566.7582635,6,3,11,5,97,70.0,4830.0
1566.760388,1,2,1,0,3,49.0,12.587
1566.761499,1,1,2,0,1,47.0,0.0
1566.7662925,6,1,4,0,65,49.0,87.977
1566.7677475,6,1,1,0,1,45.0,0.0
1566.768757,5,1,1,0,1,48.0,0.0
1566.7687715,3,1,1,0,1,45.0,0.0
1566.7717135,6,1,1,0,1,45.0,0.0
1566.773592,1,1,3,0,9,49.0,32.073
1566.7744915,6,1,2,1,143,49.0,105.978
1566.7745215,3,1,1,0,1,45.0,0.0
1566.7770605,6,1,1,0,1,45.0,0.0
1566.7779965,6,1,4,1,202,49.0,81.898
1566.7812285,3,1,1,0,1,46.0,0.0
1566.781269,5,1,1,0,1,45.0,0.0
1566.78197,1,1,4,0,1,48.0,0.0
1566.7820145,6,1,2,0,1,46.0,0.0
1566.789795,1,1,1,0,1,49.0,0.0
1566.7902735,3,1,1,0,1,47.0,0.0
1566.7902775,6,2,2,0,6,48.0,20.596
1566.7947225,3,1,2,1,194,49.0,71.621
1566.7997405,6,1,1,0,1,45.0,0.0
1566.805818,1,1,1,0,1,47.0,0.0
1566.808047,1,1,2,0,38,48.0,40.583
1566.8100225,6,1,2,0,8,48.0,27.423
1566.81564,1,1,1,0,1,46.0,0.0
1566.822211,1,1,6,0,45,49.0,107.091
1566.8272885,6,1,2,0,1,47.0,0.0
1566.8285025,3,9,11,5,137,66.0,2244.0
1566.830494,4,1,1,0,1,45.0,0.0
1566.832693,1,1,1,0,1,45.0,0.0
1566.8409925,6,2,1,0,3,49.0,17.808
1566.841562,1,2,1,0,2,45.0,3.695
1566.8427,5,2,2,0,2,48.0,13.8
1566.845786,5,1,2,0,1,45.0,0.0
1566.8459915,3,1,2,0,5,49.0,14.06
1566.8461825,6,1,2,0,4,48.0,11.672
1566.8478415,6,1,2,0,5,49.0,22.223
1566.8513755,6,1,1,0,1,49.0,0.0
1566.8519355,3,1,1,0,1,45.0,0.0
1566.8546645,6,4,14,4,162,66.0,1712.0
1566.8603265,6,1,3,0,1,49.0,0.0
1566.860339,5,1,1,0,1,45.0,0.0
1566.8640915,3,1,1,0,1,45.0,0.0
1566.864316,5,2,2,0,2,46.0,12.474
1566.8657225,3,1,2,0,1,48.0,0.0
1566.8657275,6,1,5,0,1,49.0,0.0
1566.8666985,3,1,2,0,1,46.0,0.0
1566.8695255,6,1,2,0,14,48.0,19.668
1566.871276,1,1,3,0,37,46.0,35.189
1566.873142,1,1,1,0,1,47.0,0.0
1566.8732105,3,1,1,0,1,45.0,0.0
1566.874054,5,1,1,0,1,48.0,0.0
1566.877349,4,1,1,0,1,47.0,0.0
1566.8778165,6,2,1,0,4,48.0,18.034
1566.882102,5,2,2,0,2,47.0,3.241
1566.884472,5,1,1,0,1,49.0,0.0
1566.8883645,6,1,2,0,4,49.0,14.884
1566.89107,1,2,2,0,3,47.0,8.525
1566.8910795,3,1,1,0,1,45.0,0.0
1566.8910955,6,1,2,0,1,48.0,0.0
1566.8931325,6,2,1,0,11,49.0,38.414
1566.895238,1,2,1,0,3,49.0,13.211
1566.8980345,6,1,3,0,1,48.0,0.0
1566.89804,1,1,1,0,1,47.0,0.0
1566.898058,5,1,3,0,1,46.0,0.0
1566.899285,5,2,1,0,2,46.0,4.148
1566.900842,1,1,1,0,1,45.0,0.0
1566.9026795,3,1,1,0,1,45.0,0.0
1566.905602,1,1,4,0,1,49.0,0.0
1566.9056165,6,1,2,0,1,49.0,0.0
1566.908889,1,4,2,0,7,46.0,21.414
1566.911727,1,1,2,0,1,47.0,0.0
1566.914932,5,2,2,0,9,49.0,42.794
1566.9196535,3,1,1,0,1,45.0,0.0
1566.92088,1,1,1,0,1,46.0,0.0
1566.924601,5,4,35,23,243,76.0,32121.0
1566.9246175,6,21,22,10,163,67.0,5314.0
1566.925523,5,1,2,0,1,49.0,0.0
1566.9304255,6,5,18,8,253,70.0,4586.0
1566.930459,5,1,5,0,1,49.0,0.0
1566.934368,1,1,2,0,1,46.0,0.0
1566.9356685,6,1,1,0,1,45.0,0.0
1566.9405375,6,1,2,0,9,48.0,21.392
1566.9436135,6,8,11,5,130,66.0,2579.0
1566.9475615,6,1,1,0,1,45.0,0.0
1566.947564,1,1,1,0,1,45.0,0.0
1566.9483355,6,1,1,0,1,45.0,0.0
1566.9567225,6,1,4,0,26,49.0,58.773
1566.9574765,6,1,1,0,1,46.0,0.0
1566.9599655,6,1,1,0,69,46.0,37.191
1566.9616325,3,1,1,0,1,45.0,0.0
1566.961916,1,1,3,0,1,46.0,0.0
1566.9647885,3,1,1,0,1,45.0,0.0
1566.9671715,6,3,12,3,81,68.0,2318.0
1566.9672125,3,15,2,0,16,49.0,38.519
1566.968965,1,1,1,0,1,46.0,0.0
1566.9689715,6,1,4,0,17,48.0,43.639
1566.969632,5,1,2,0,1,45.0,0.0
1566.978394,1,1,1,0,1,45.0,0.0
1566.9817845,3,2,2,0,9,49.0,39.288
1566.984997,1,2,1,0,3,48.0,10.614
1566.9863975,6,1,3,0,8,49.0,30.179
1566.9891675,6,1,1,0,1,45.0,0.0
1566.9908595,6,1,1,0,1,46.0,0.0
1566.992647,1,9,3,0,10,49.0,33.977
1566.9941715,3,1,1,0,4,49.0,16.947
1566.9949825,6,1,2,0,4,47.0,9.158
1567.0117035,3,1,1,0,1,45.0,0.0
1567.013174,5,2,1,0,2,48.0,7.047
1567.013942,5,4,4,0,6,48.0,22.859
1567.018203,1,1,1,0,1,45.0,0.0
1567.019621,1,1,1,0,1,46.0,0.0
1567.0201405,6,1,2,0,1,48.0,0.0
1567.0203565,3,1,1,0,1,45.0,0.0
1567.020848,5,1,3,1,120,48.0,65.151
1567.0209945,6,1,2,0,1,45.0,0.0
1567.032228,2,13,35,18,265,68.0,10735.0
1567.032229,5,10,35,16,253,69.0,11311.0
1567.032231,1,25,35,16,328,66.0,7738.0
1567.0361785,6,1,1,0,1,45.0,0.0
1567.0376725,3,1,2,0,1,45.0,0.0
1567.038421,1,1,3,0,1,47.0,0.0
1567.0410285,6,1,1,0,1,46.0,0.0
1567.041613,1,1,1,0,1,45.0,0.0
1567.04642,4,1,1,0,1,45.0,0.0
1567.04702,5,1,4,0,1,49.0,0.0
1567.0470455,6,1,4,0,18,47.0,25.198
1567.048274,5,1,1,0,1,46.0,0.0
1567.049531,5,2,1,0,2,48.0,3.464
1567.050368,5,1,6,0,1,48.0,0.0
1567.061594,4,1,1,0,1,48.0,0.0
1567.0630945,3,2,1,0,8,47.0,16.827
1567.0650875,3,1,1,0,1,45.0,0.0
1567.067328,1,1,2,0,8,47.0,22.263
1567.0681015,3,1,1,0,1,46.0,0.0
1567.068116,5,2,2,0,2,47.0,5.921
1567.0691295,6,1,3,1,180,47.0,65.912
1567.0732865,6,1,1,0,1,45.0,0.0
1567.07379,1,3,3,0,35,49.0,76.328
1567.077792,1,20,29,11,254,67.0,5372.0
1567.0818935,3,1,2,0,5,49.0,14.63
1567.082251,5,2,1,0,2,45.0,10.021
1567.0839875,6,1,2,0,1,46.0,0.0
1567.084468,1,7,33,10,180,67.0,4299.0
1567.084487,4,2,2,0,29,49.0,43.53
1567.085124,5,84,45,17,258,67.0,9178.0
1567.0851275,3,26,32,16,297,68.0,8543.0
1567.0851358,2,30,39,24,333,69.0,16327.0
1567.0851427,6,4,48,25,460,75.0,25808.0
1567.0851478,1,1,38,16,246,70.0,9610.0
1567.087758,5,1,1,0,1,47.0,0.0
1567.0883115,6,1,1,0,1,47.0,0.0
1567.098302,1,1,3,0,34,47.0,42.104
1567.0993475,3,1,4,0,23,49.0,61.457
1567.099369,1,1,1,0,1,45.0,0.0
1567.099604,5,2,4,0,2,47.0,15.194
1567.1044865,6,1,2,0,1,49.0,0.0
1567.108376,5,1,7,1,63,49.0,114.182
1567.1084005,3,2,4,1,93,48.0,103.723
1567.1111675,6,1,1,0,1,45.0,0.0
1567.11342,1,27,7,1,64,49.0,109.003
1567.1154615,6,1,1,0,1,45.0,0.0
1567.1186895,3,2,4,0,20,48.0,42.036
1567.119882,5,2,1,0,15,46.0,39.9
1567.12102,1,7,64,58,577,85.0,135643.0
1567.12103,2,20,55,48,530,77.0,62082.0
1567.1210325,6,17,51,35,541,77.0,42684.0
1567.121039,5,23,66,31,528,73.0,25213.0
1567.1238115,6,1,1,0,1,47.0,0.0
1567.125976,1,2,1,0,2,46.0,6.375
1567.128428,4,2,1,0,3,47.0,8.207
1567.1323835,6,1,1,0,1,46.0,0.0
1567.1335215,6,1,3,0,1,48.0,0.0
1567.1365075,6,1,26,9,221,67.0,3749.0
1567.137566,1,1,1,0,1,45.0,0.0
1567.138408,4,1,2,0,1,47.0,0.0
1567.1398075,6,1,1,0,1,45.0,0.0
1567.140353,1,4,12,3,79,66.0,1937.0
1567.145731,1,2,1,0,3,49.0,9.051
1567.1474775,6,1,4,0,20,46.0,39.35
1567.1474935,3,1,1,0,1,45.0,0.0
1567.150116,5,7,22,8,189,68.0,5011.0
1567.1553905,6,1,1,0,1,45.0,0.0
1567.156153,1,3,1,0,4,47.0,19.129
1567.160069,1,1,2,0,1,46.0,0.0
1567.1606415,3,1,3,0,33,47.0,50.007
1567.161669,1,1,1,0,1,45.0,0.0
1567.1638345,3,1,1,0,1,45.0,0.0
1567.1644675,3,1,2,0,10,47.0,15.642
1567.1646295,6,1,2,0,1,47.0,0.0
1567.164686,1,2,2,0,30,48.0,45.854
1567.1655875,3,1,3,0,52,48.0,59.303
1567.166386,1,1,3,0,1,49.0,0.0
1567.1667395,6,1,1,0,1,45.0,0.0
1567.1705215,3,1,2,0,5,48.0,16.948
1567.170528,5,1,7,0,15,49.0,30.447
1567.172025,5,2,1,0,2,47.0,5.664
1567.1751895,6,1,1,0,1,45.0,0.0
1567.1793145,6,1,1,0,1,45.0,0.0
1567.1897745,6,1,1,0,1,46.0,0.0
1567.190666,5,4,3,0,21,49.0,52.709
1567.1906895,6,1,1,0,1,45.0,0.0
1567.211972,5,1,1,0,1,45.0,0.0
1567.215654,1,1,2,0,164,48.0,35.223
1567.2216725,6,1,1,0,1,45.0,0.0
1567.2225685,6,1,1,0,1,47.0,0.0
1567.2235045,6,1,1,0,1,47.0,0.0
1567.2248265,3,1,1,0,1,45.0,0.0
1567.2253665,6,75,36,16,292,67.0,8242.0
1567.225413,5,25,46,20,276,68.0,12442.0
1567.225415,1,15,43,13,316,68.0,5326.0
1567.225421,2,9,23,15,193,69.0,10393.0
1567.2254225,3,3,22,10,261,66.0,4043.0
1567.2294425,3,1,2,0,1,47.0,0.0
1567.229468,5,1,2,0,8,47.0,19.036
1567.229484,1,1,1,0,1,48.0,0.0
1567.230754,1,2,1,0,3,47.0,11.405
1567.242958,4,1,2,0,37,49.0,82.708
1567.2455825,3,1,2,0,9,46.0,18.708
1567.2463335,6,1,3,0,19,49.0,43.716
1567.247986,1,1,1,0,4,49.0,13.037
1567.253244,1,4,37,23,235,76.0,34195.0
1567.258085,1,1,1,0,1,47.0,0.0
1567.262984,1,1,1,0,1,45.0,0.0
1567.2630155,6,1,1,0,1,45.0,0.0
1567.2658545,6,1,1,0,1,45.0,0.0
1567.2699435,3,1,1,0,1,45.0,0.0
1567.270934,1,1,1,0,1,45.0,0.0
1567.2724065,6,1,2,0,4,48.0,12.1
1567.274585,5,1,2,0,1,48.0,0.0
1567.2755405,6,1,1,0,4,49.0,18.851
1567.276593,2,11,28,24,227,75.0,29742.0
1567.2765935,3,9,28,13,312,66.0,5577.0
1567.276602,5,12,32,10,213,67.0,5250.0
1567.278588,2,1,30,20,230,69.0,13976.0
1567.278592,5,32,36,13,203,67.0,7009.0
1567.278596,1,38,40,17,244,67.0,9857.0
1567.2880905,3,1,1,0,4,48.0,12.239
1567.2886105,3,1,2,0,1,47.0,0.0
1567.29063,1,1,1,0,1,45.0,0.0
1567.2930245,6,1,1,0,1,45.0,0.0
1567.2939915,6,1,2,0,1,46.0,0.0
1567.2963295,6,1,1,0,5,49.0,17.04
1567.298091,1,1,1,0,1,46.0,0.0
1567.299369,5,2,2,0,2,46.0,7.047
1567.2993735,6,1,2,0,1,48.0,0.0
1567.3042445,6,5,18,10,290,70.0,9803.0
1567.306035,1,1,1,0,1,47.0,0.0
1567.3067955,6,1,1,0,1,47.0,0.0
1567.308719,5,1,1,0,1,45.0,0.0
1567.3089035,3,1,1,0,1,45.0,0.0
1567.3118205,6,1,1,0,1,45.0,0.0
1567.3139745,3,1,5,0,52,49.0,103.495
1567.3183835,3,1,2,0,10,49.0,27.599
1567.318411,5,1,2,0,1,46.0,0.0
1567.3184865,6,1,1,0,1,45.0,0.0
1567.32511,5,2,2,0,6,45.0,16.007
1567.3255975,6,1,2,0,5,48.0,13.598
1567.3275825,3,1,2,0,1,46.0,0.0
1567.3303775,6,2,1,0,3,48.0,16.499
1567.3393735,6,1,2,0,1,45.0,0.0
1567.3398975,3,2,1,0,2,49.0,3.352
1567.3419655,6,1,1,0,1,45.0,0.0
1567.3433845,6,2,2,0,12,48.0,25.571
1567.3445895,6,1,1,0,1,45.0,0.0
1567.346801,1,5,17,4,131,66.0,1709.0
1567.346894,5,1,2,0,15,47.0,23.23
1567.3524505,6,1,1,0,1,45.0,0.0
1567.352986,1,1,1,0,1,45.0,0.0
1567.3541235,6,1,1,0,1,45.0,0.0
1567.3553985,6,1,4,0,9,48.0,24.617
1567.356782,1,1,1,0,1,49.0,0.0
1567.3659595,6,2,1,0,3,45.0,8.051
1567.3755075,6,1,1,0,5,48.0,15.808
1567.375809,1,1,3,0,1,49.0,0.0
1567.3778385,3,2,2,0,2,47.0,4.66
1567.377879,1,2,4,0,37,49.0,78.38
1567.383184,1,1,2,0,1,47.0,0.0
1567.3865975,6,1,2,0,19,48.0,25.515
1567.3874905,3,1,1,0,1,45.0,0.0
1567.3895035,6,6,20,8,306,67.0,3248.0
1567.390972,5,2,1,0,3,47.0,9.587
1567.3927675,6,1,1,0,4,48.0,10.299
1567.395601,1,1,2,0,1,45.0,0.0
1567.3961845,6,3,1,0,12,49.0,44.189
1567.396541,1,1,1,0,1,45.0,0.0
1567.398476,1,1,3,0,6,47.0,13.885
1567.3984915,3,1,1,0,1,45.0,0.0
1567.3985105,6,1,2,0,1,45.0,0.0
1567.399172,5,1,1,0,5,46.0,9.706
1567.4031825,6,2,2,0,3,49.0,19.905
1567.4046575,6,1,1,0,1,45.0,0.0
1567.4073115,6,1,3,0,22,49.0,53.573
1567.4121065,6,2,1,0,2,46.0,6.07
1567.412795,1,1,2,0,1,48.0,0.0
1567.4173345,3,1,2,0,25,49.0,51.877
1567.419189,1,1,1,0,1,46.0,0.0
1567.4249555,6,1,1,0,1,45.0,0.0
1567.4271105,6,1,1,0,1,45.0,0.0
1567.427423,1,1,2,0,1,45.0,0.0
1567.428547,1,1,1,0,1,45.0,0.0
1567.4292305,3,1,1,0,1,46.0,0.0
1567.4292575,6,1,1,0,1,47.0,0.0
1567.432122,1,8,4,0,40,48.0,60.376
1567.4347195,3,2,1,0,2,45.0,3.435
1567.435017,1,8,27,13,172,70.0,10196.0
1567.4350285,6,12,20,7,152,66.0,4118.0
1567.438151,5,2,2,0,2,48.0,8.58
1567.4429565,6,1,1,0,1,46.0,0.0
1567.4504925,6,1,4,0,1,48.0,0.0
1567.45107,1,1,1,0,1,45.0,0.0
1567.4521245,6,1,2,0,5,49.0,17.345
1567.456808,5,2,2,0,12,47.0,24.806
1567.4579515,3,1,1,0,4,48.0,12.437
1567.4611665,6,2,4,0,9,49.0,43.723
1567.4713805,6,1,1,0,1,45.0,0.0
1567.471671,1,1,1,0,1,47.0,0.0
1567.47664,5,2,1,0,2,48.0,7.169
1567.4775145,6,1,1,0,1,46.0,0.0
1567.481678,1,2,2,0,3,47.0,10.321
1567.4841245,3,1,1,0,1,46.0,0.0
1567.486886,1,1,1,0,1,45.0,0.0
1567.487993,4,1,1,0,1,45.0,0.0
1567.4896985,6,2,2,0,10,48.0,40.621
1567.491389,1,1,1,0,1,46.0,0.0
1567.4919435,3,1,2,0,31,48.0,48.576
1567.4931945,6,1,1,0,1,46.0,0.0
1567.4955205,6,1,4,0,46,47.0,58.032
1567.4955275,3,1,1,0,1,45.0,0.0
1567.4969855,6,1,1,0,1,49.0,0.0
1567.4983925,6,1,1,0,1,45.0,0.0
1567.4989275,3,2,2,0,6,47.0,16.771
1567.498941,5,6,4,0,19,49.0,88.128
1567.499619,1,1,3,0,1,47.0,0.0
1567.5041125,3,1,2,0,71,45.0,70.131
1567.506603,5,11,29,11,170,68.0,6593.0
1567.5089655,6,1,1,0,1,45.0,0.0
1567.5093065,3,1,2,0,8,48.0,22.773
1567.510731,5,1,2,0,1,47.0,0.0
1567.511401,5,1,2,0,1,48.0,0.0
1567.5146005,6,1,2,0,1,47.0,0.0
1567.5165395,3,1,1,0,1,45.0,0.0
1567.517997,4,2,1,0,2,47.0,3.784
1567.5180115,3,1,5,0,41,49.0,78.233
1567.5211045,6,1,6,2,32,67.0,1225.0
1567.522864,1,1,1,0,1,49.0,0.0
1567.5258795,3,1,2,0,49,46.0,37.49
1567.525885,1,1,5,0,9,49.0,24.619
1567.525885,5,1,4,0,1,48.0,0.0
1567.5309335,6,1,1,0,1,45.0,0.0
1567.5350045,6,1,1,0,1,45.0,0.0
1567.535444,1,2,2,0,2,47.0,11.01
1567.5365435,6,2,1,0,2,45.0,4.025
1567.5382095,6,2,2,0,2,47.0,5.628
1567.5406565,6,1,1,0,1,45.0,0.0
1567.543673,1,1,2,0,48,48.0,62.328
1567.5436745,3,1,2,0,1,47.0,0.0
1567.5437045,6,1,2,0,20,48.0,25.612
1567.545902,1,2,1,0,2,46.0,8.402
1567.54598,5,2,3,0,2,49.0,17.41
1567.548629,1,2,1,0,2,48.0,14.027
1567.5495465,6,1,1,0,4,49.0,12.366
1567.550851,5,2,2,0,2,46.0,5.237
1567.5549285,3,1,2,0,22,48.0,39.761
1567.556591,1,1,1,0,1,45.0,0.0
1567.5575555,6,1,1,0,1,45.0,0.0
1567.5588435,6,1,2,0,1,48.0,0.0
1567.5611085,6,1,2,0,1,47.0,0.0
1567.561238,5,1,1,0,1,46.0,0.0
1567.5625175,6,1,2,0,1,47.0,0.0
1567.5638965,6,1,2,0,1,49.0,0.0
1567.563897,1,1,2,0,1,47.0,0.0
1567.5655865,6,2,2,0,3,48.0,11.07
1567.5660975,6,1,1,0,1,45.0,0.0
1567.5678555,6,2,2,0,3,47.0,10.391
1567.572209,1,1,2,0,35,49.0,62.339
1567.5722105,3,1,1,0,1,45.0,0.0
1567.57346,5,1,4,0,1,48.0,0.0
1567.5754735,3,1,2,0,157,45.0,43.793
1567.575646,1,2,5,0,9,49.0,36.85
1567.579209,1,1,3,0,1,47.0,0.0
1567.5794525,3,1,1,0,1,47.0,0.0
1567.5794595,6,1,2,0,1,45.0,0.0
1567.5838855,6,1,1,0,1,45.0,0.0
1567.584317,1,5,7,1,63,47.0,106.168
1567.5843175,3,1,2,0,17,47.0,36.542
1567.584345,5,1,4,0,36,48.0,46.72
1567.5849015,6,1,1,0,1,45.0,0.0
1567.5860565,6,1,1,0,1,46.0,0.0
1567.587314,1,1,3,0,17,49.0,37.571
1567.589186,1,1,1,0,1,45.0,0.0
1567.590146,4,1,1,0,1,46.0,0.0
1567.5919365,6,1,1,0,4,46.0,9.454
1567.5932775,6,2,3,0,30,49.0,103.321
1567.595948,1,1,2,0,1,47.0,0.0
1567.5966195,6,1,1,0,1,49.0,0.0
1567.6012275,6,1,2,0,1,47.0,0.0
1567.602516,1,1,3,0,1,48.0,0.0
1567.608314,5,1,1,0,1,45.0,0.0
1567.609603,1,2,1,0,2,45.0,3.324
1567.610692,1,1,2,0,1,49.0,0.0
1567.6111975,6,1,1,0,1,45.0,0.0
1567.6155245,3,1,2,0,18,49.0,55.741
1567.6160515,6,1,1,0,1,46.0,0.0
1567.618376,5,1,1,0,1,45.0,0.0
1567.6192195,3,1,1,0,1,45.0,0.0
1567.6231965,6,1,1,0,1,45.0,0.0
1567.6307725,6,1,2,0,1,48.0,0.0
1567.631917,1,6,13,4,72,68.0,2823.0
1567.6324455,3,1,2,0,1,47.0,0.0
1567.634265,1,1,1,0,1,45.0,0.0
1567.6348575,6,112,35,14,510,66.0,5902.0
1567.639027,5,1,3,0,23,47.0,28.298
1567.6446975,6,2,1,0,3,49.0,13.328
1567.6454485,3,1,1,0,1,45.0,0.0
1567.6456975,6,1,1,0,1,45.0,0.0
1567.6478015,3,1,2,0,1,46.0,0.0
1567.652471,1,1,6,1,83,49.0,123.729
1567.6525715,3,1,1,0,10,46.0,15.478
1567.6541565,6,1,4,0,27,49.0,69.933
1567.6549715,6,2,7,1,38,67.0,1382.0
1567.654999,1,1,5,0,26,49.0,63.658
1567.6570085,6,1,1,0,1,46.0,0.0
1567.6578265,6,1,5,0,28,49.0,81.531
1567.657843,5,2,1,0,2,49.0,11.835
1567.6680115,6,1,3,0,12,49.0,39.073
1567.668825,5,2,1,0,4,47.0,15.594
1567.671695,1,1,2,0,1,47.0,0.0
1567.675584,5,1,3,0,30,49.0,80.97
1567.676073,4,1,1,0,1,49.0,0.0
1567.6761185,6,1,2,0,1,45.0,0.0
1567.676134,5,1,1,0,1,46.0,0.0
1567.67768,1,1,20,8,222,71.0,5397.0
1567.6783435,6,1,3,0,5,49.0,17.527
1567.6783655,3,1,1,0,1,46.0,0.0
1567.678485,5,1,1,0,1,46.0,0.0
1567.680918,1,2,6,2,87,66.0,883.5
1567.6810755,6,1,1,0,1,45.0,0.0
1567.6818025,3,1,2,0,4,46.0,7.63
1567.681808,4,2,3,0,3,47.0,9.014
1567.6871895,3,1,1,0,1,45.0,0.0
1567.6881195,6,1,1,0,1,46.0,0.0
1567.692603,1,1,1,0,1,45.0,0.0
1567.6940995,6,1,1,0,1,45.0,0.0
1567.697182,1,1,1,0,1,45.0,0.0
1567.6977165,6,1,1,0,1,45.0,0.0
1567.698833,4,1,2,0,32,49.0,47.137
1567.7044065,6,1,1,0,1,45.0,0.0
1567.7074495,3,1,3,0,8,49.0,16.798
1567.7127505,3,1,1,0,1,46.0,0.0
1567.7180385,3,1,4,0,47,49.0,66.962
1567.7189995,6,1,1,0,1,46.0,0.0
1567.719557,1,1,1,0,1,45.0,0.0
1567.7197615,6,1,2,0,1,48.0,0.0
1567.72059,1,2,1,0,2,46.0,23.537
1567.722456,5,3,3,0,5,49.0,15.673
1567.7231355,3,1,3,0,51,49.0,92.413
1567.7260905,6,1,3,0,1,46.0,0.0
1567.7297555,3,1,3,1,73,48.0,104.049
1567.7328225,6,1,1,0,1,45.0,0.0
1567.7354485,6,2,2,0,7,48.0,26.574
1567.7362695,3,1,1,0,1,45.0,0.0
1567.739317,5,1,1,0,1,48.0,0.0
1567.7393985,6,1,1,0,1,47.0,0.0
1567.74229,5,1,2,0,1,49.0,0.0
1567.7428315,3,1,1,0,1,45.0,0.0
1567.743418,1,2,1,0,3,45.0,7.825
1567.745053,5,1,2,0,1,48.0,0.0
1567.745068,1,1,2,0,1,48.0,0.0
1567.7450815,3,2,1,0,2,45.0,3.665
1567.7503595,6,1,1,0,1,46.0,0.0
1567.751013,1,1,2,1,182,47.0,55.487
1567.751987,1,1,1,0,1,45.0,0.0
1567.754235,1,1,1,0,1,48.0,0.0
1567.7542555,6,1,2,0,4,47.0,9.36
1567.757123,1,2,2,0,16,46.0,42.455
1567.759152,1,1,1,0,1,45.0,0.0
1567.7638985,6,1,1,0,1,45.0,0.0
1567.7653275,6,1,1,0,1,45.0,0.0
1567.7659865,3,1,5,0,42,49.0,93.583
1567.7675115,6,1,2,0,1,48.0,0.0
1567.7702995,6,2,2,0,9,47.0,18.507
1567.7728275,3,1,1,0,1,45.0,0.0
1567.7739045,6,1,2,0,1,45.0,0.0
1567.782939,5,1,1,0,1,45.0,0.0
1567.78312,1,2,1,0,3,47.0,10.115
1567.783836,5,2,1,0,2,45.0,3.579
1567.7851715,6,9,17,7,117,70.0,5661.0
1567.785208,5,1,5,0,1,48.0,0.0
1567.7858825,6,2,2,0,5,48.0,23.614
1567.7866995,6,1,2,0,6,47.0,10.769
1567.787016,4,3,2,0,4,49.0,16.457
1567.7872085,6,1,3,0,1,47.0,0.0
1567.788224,1,1,3,0,51,48.0,61.807
1567.7882495,6,1,2,0,1,45.0,0.0
1567.792247,1,1,1,0,1,45.0,0.0
1567.7942235,3,1,1,0,1,45.0,0.0
1567.7967165,6,1,3,0,1,46.0,0.0
1567.7972265,6,1,1,0,1,45.0,0.0
1567.79966,5,2,3,0,2,48.0,6.886
1567.801181,5,2,3,0,8,48.0,38.745
1567.80166,1,2,1,0,2,45.0,7.047
1567.8080375,3,1,3,0,67,48.0,86.353
1567.8090085,6,1,3,0,14,48.0,31.374
1567.809705,1,1,4,0,1,49.0,0.0
1567.8097215,3,1,1,0,1,45.0,0.0
1567.810858,5,1,3,0,1,49.0,0.0
1567.810882,1,2,1,0,2,45.0,7.047
1567.8113615,6,2,2,0,10,49.0,32.265
1567.8126725,3,2,2,0,17,46.0,25.489
1567.812699,1,1,3,0,1,47.0,0.0
1567.814586,1,2,1,0,3,46.0,7.784
1567.816913,1,2,2,0,2,46.0,7.333
1567.8174845,6,2,4,1,25,66.0,867.018
1567.8183455,6,1,3,0,24,49.0,44.552
1567.8196935,3,1,1,0,1,45.0,0.0
1567.821378,5,2,1,0,2,45.0,4.66
1567.823609,1,1,3,0,13,49.0,37.699
1567.8236145,6,1,1,0,1,48.0,0.0
1567.824233,1,2,1,0,3,48.0,13.69
1567.826637,5,1,2,0,1,46.0,0.0
1567.8266485,3,1,1,0,1,45.0,0.0
1567.827193,1,1,2,0,1,46.0,0.0
1567.8290225,6,4,19,6,180,67.0,2668.0
1567.836933,5,1,1,0,1,45.0,0.0
1567.838492,1,1,1,0,1,45.0,0.0
1567.8403075,6,2,1,0,2,48.0,7.006
1567.8424155,3,1,3,0,1,47.0,0.0
1567.8432255,6,1,2,0,19,47.0,37.789
1567.847371,1,1,2,0,1,45.0,0.0
1567.8507605,6,1,3,0,10,49.0,27.622
1567.850824,5,2,1,0,2,45.0,3.579
1567.852862,1,1,1,0,1,45.0,0.0
1567.8530705,3,1,1,0,1,46.0,0.0
1567.8538295,6,1,2,0,1,46.0,0.0
1567.8545335,6,1,2,0,1,48.0,0.0
1567.8561075,6,1,1,0,1,45.0,0.0
1567.86138,5,1,4,0,1,47.0,0.0
1567.8613955,6,1,2,0,4,49.0,17.704
1567.862745,1,1,1,0,1,45.0,0.0
1567.8632335,6,1,2,0,1,46.0,0.0
1567.863864,1,1,4,0,1,47.0,0.0
1567.865911,1,2,1,0,3,46.0,9.632
1567.8669135,6,1,1,0,4,48.0,10.023
1567.8673545,3,1,1,0,1,47.0,0.0
1567.872373,5,2,2,0,43,49.0,59.537
1567.872487,1,1,2,0,1,47.0,0.0
1567.876189,5,1,2,0,1,48.0,0.0
1567.876913,5,1,2,0,4,48.0,11.947
1567.877688,5,2,3,0,3,48.0,9.323
1567.8808355,6,1,1,0,1,45.0,0.0
1567.882415,5,2,1,0,2,46.0,4.432
1567.885618,1,1,1,0,1,45.0,0.0
1567.8858745,6,1,1,0,1,45.0,0.0
1567.8881885,3,1,1,0,1,45.0,0.0
1567.889456,1,1,1,0,1,49.0,0.0
1567.8901235,6,1,2,0,8,47.0,19.899
1567.8929425,6,1,1,0,1,45.0,0.0
1567.901205,1,2,1,0,3,47.0,8.796
1567.9024165,6,16,17,9,84,70.0,9365.0
1567.9059175,6,2,1,0,2,47.0,4.148
1567.9077885,3,1,1,0,1,45.0,0.0
1567.9086755,3,1,1,0,1,45.0,0.0
1567.910571,1,1,1,0,1,45.0,0.0
1567.912026,5,1,1,0,1,46.0,0.0
1567.913685,5,2,1,0,5,45.0,21.735
1567.915402,1,1,2,0,74,46.0,43.741
1567.9177745,6,1,5,0,29,47.0,52.788
1567.917791,1,2,4,0,25,49.0,65.439
1567.9243955,6,1,2,0,167,46.0,42.714
1567.9248455,3,1,1,0,4,48.0,10.734
1567.926463,1,2,1,0,2,48.0,3.241
1567.927592,1,1,1,0,1,49.0,0.0
1567.9307945,6,1,2,0,1,47.0,0.0
1567.931127,1,2,5,0,57,48.0,81.278
1567.932243,5,2,2,0,2,49.0,4.66
1567.9322565,6,1,4,0,112,49.0,48.524
1567.932388,1,1,1,0,1,45.0,0.0
1567.934182,1,2,1,0,3,47.0,9.439
1567.936587,5,1,2,0,1,49.0,0.0
1567.9365905,6,1,2,0,4,48.0,12.122
1567.936602,1,1,1,0,1,45.0,0.0
1567.9374085,6,1,3,0,8,49.0,20.064
1567.9393,5,2,1,0,2,45.0,3.579
1567.9394495,6,1,1,0,1,45.0,0.0
1567.9411385,6,1,1,0,1,46.0,0.0
1567.941837,5,1,2,0,1,48.0,0.0
1567.945852,1,2,18,8,118,75.0,10009.0
1567.9462855,6,1,2,0,4,49.0,14.072
1567.946761,1,1,1,0,1,45.0,0.0
1567.9471765,3,1,1,0,1,47.0,0.0
1567.9505865,6,1,1,0,1,47.0,0.0
1567.95356,1,1,3,0,1,49.0,0.0
1567.953582,5,1,1,0,1,45.0,0.0
1567.9541885,6,1,1,0,1,45.0,0.0
1567.954927,1,1,1,0,1,45.0,0.0
1567.955432,1,4,14,4,69,67.0,2806.0
1567.9578075,6,1,6,1,77,48.0,92.312
1567.9582775,3,2,2,0,5,49.0,27.331
1567.961666,5,1,3,0,1,48.0,0.0
1567.9631565,6,1,1,0,1,45.0,0.0
1567.965561,5,2,2,0,2,47.0,9.639
1567.967243,1,1,7,0,39,48.0,53.154
1567.967257,5,2,1,0,2,45.0,5.342
1567.9683625,6,1,2,0,22,48.0,35.996
1567.968411,1,1,1,0,1,45.0,0.0
1567.9703705,6,2,2,0,3,48.0,11.204
1567.9706585,3,1,1,0,1,45.0,0.0
1567.970866,1,1,2,0,1,47.0,0.0
1567.9719135,6,4,14,5,138,67.0,2443.0
1567.9725355,3,1,1,0,1,45.0,0.0
1567.9741155,3,1,2,0,1,48.0,0.0
1567.9783075,6,1,1,0,1,45.0,0.0
1567.9800695,3,1,1,0,1,45.0,0.0
1567.980464,1,1,1,0,1,46.0,0.0
1567.9810845,6,1,2,0,5,46.0,9.722
1567.981559,1,1,2,0,1,49.0,0.0
1567.9847825,6,1,1,0,1,49.0,0.0
1567.987774,1,1,1,0,1,45.0,0.0
1567.989171,5,2,1,0,5,49.0,27.549
1567.9901065,6,2,1,0,2,45.0,5.52
1567.991187,1,1,1,0,1,45.0,0.0
1567.9931735,6,1,1,0,1,45.0,0.0
1567.9956905,6,1,2,0,1,47.0,0.0
1567.9963665,6,1,1,0,1,45.0,0.0
1567.998573,5,1,2,0,1,48.0,0.0
1567.998609,1,1,2,0,1,48.0,0.0
1567.9995525,6,1,2,0,1,47.0,0.0
1568.0002255,6,1,1,0,1,45.0,0.0
1568.0014285,6,14,20,9,143,69.0,6872.0
1568.001455,4,1,1,0,1,45.0,0.0
1568.0021265,6,1,3,0,1,48.0,0.0
1568.0021285,3,1,1,0,1,46.0,0.0
1568.0048415,6,1,2,0,4,48.0,13.989
1568.0062605,6,1,1,0,4,48.0,10.814
1568.0097155,6,2,3,0,37,49.0,59.434
1568.0115235,3,1,1,0,4,47.0,11.413
1568.014405,5,1,2,0,1,45.0,0.0
1568.0152535,6,1,1,0,1,45.0,0.0
1568.015782,1,1,1,0,1,48.0,0.0
1568.0158525,6,1,3,0,14,47.0,22.291
1568.0166545,6,1,1,0,1,45.0,0.0
1568.018881,1,1,1,0,1,48.0,0.0
1568.0196755,3,1,3,0,18,49.0,24.082
1568.020921,1,1,5,0,52,49.0,97.405
1568.0209425,3,2,2,0,8,47.0,13.74
1568.0253375,6,2,3,0,9,49.0,32.368
1568.0275645,3,1,1,0,1,46.0,0.0
1568.030593,5,1,2,0,1,49.0,0.0
1568.0306095,6,1,2,0,10,48.0,23.542
1568.032959,4,1,3,0,1,49.0,0.0
1568.035099,1,1,2,0,6,48.0,17.209
1568.0359335,3,1,4,0,44,47.0,68.765
1568.037629,1,2,4,0,33,48.0,61.034
1568.039682,5,2,1,0,2,45.0,3.464
1568.040427,5,2,2,0,9,46.0,22.745
1568.045208,1,1,1,0,1,47.0,0.0
1568.0531745,6,1,1,0,1,45.0,0.0
1568.0542275,6,1,2,0,1,45.0,0.0
1568.056795,5,1,3,0,1,48.0,0.0
1568.0571745,3,1,1,0,1,47.0,0.0
1568.0602145,6,2,1,0,2,47.0,5.628
1568.0602435,3,1,2,0,5,49.0,17.632
1568.0636975,6,1,2,0,1,49.0,0.0
1568.066905,1,1,1,0,1,45.0,0.0
1568.069105,5,2,3,0,2,48.0,5.377
1568.0703935,6,1,1,0,1,45.0,0.0
1568.0714435,3,1,4,0,17,47.0,33.965
1568.0733005,6,9,28,18,234,76.0,22440.0
1568.073322,4,1,4,0,41,49.0,77.92
1568.0743465,6,1,1,0,1,47.0,0.0
1568.0750645,6,1,2,0,1,47.0,0.0
1568.0754815,3,1,2,0,1,45.0,0.0
1568.0787435,6,1,1,0,1,45.0,0.0
1568.080446,1,1,1,0,1,45.0,0.0
1568.0851215,6,1,1,0,1,45.0,0.0
1568.085786,1,1,1,0,1,45.0,0.0
1568.0873485,6,1,1,0,1,45.0,0.0
1568.089452,1,1,1,0,1,45.0,0.0
1568.0952645,6,1,1,0,1,46.0,0.0
1568.095926,5,2,2,0,3,49.0,10.357
1568.0959375,3,1,1,0,1,45.0,0.0
1568.0967815,6,1,1,0,1,45.0,0.0
1568.1046785,6,1,1,0,1,45.0,0.0
1568.1065965,6,1,2,0,4,48.0,9.33
1568.1076545,3,1,1,0,1,45.0,0.0
1568.1081615,6,1,1,0,4,45.0,7.057
1568.1100985,3,1,2,0,1,45.0,0.0
1568.1134665,6,1,1,0,1,45.0,0.0
1568.11439,5,2,2,0,2,45.0,3.933
1568.1148345,6,1,1,0,4,46.0,7.44
1568.1167685,6,1,1,0,4,45.0,6.761
1568.1196735,3,1,2,0,5,49.0,20.333
1568.119714,1,1,1,0,1,45.0,0.0
1568.1215555,6,2,2,0,2,49.0,15.194
1568.121961,5,2,3,0,53,46.0,57.111
1568.1241715,3,1,4,1,81,48.0,97.134
1568.130136,5,1,2,0,12,47.0,18.626
1568.130735,1,1,1,0,1,47.0,0.0
1568.1324545,6,1,1,0,1,48.0,0.0
1568.1337895,3,1,1,0,4,48.0,11.119
1568.1359745,6,1,3,0,7,49.0,12.723
1568.137524,5,2,2,0,5,49.0,21.619
1568.1377035,6,161,29,9,328,66.0,3302.0
1568.138042,5,1,1,0,1,45.0,0.0
1568.1380485,3,1,1,0,1,45.0,0.0
1568.1401265,6,1,1,0,1,48.0,0.0
1568.1406325,3,1,1,0,1,45.0,0.0
1568.1406745,6,1,3,0,1,48.0,0.0
1568.141435,2,2,18,8,127,69.0,5044.0
1568.14363,1,2,2,0,2,47.0,6.375
1568.146062,5,1,1,0,1,45.0,0.0
1568.1475235,6,1,2,0,14,49.0,25.411
1568.1480385,6,1,1,0,4,46.0,8.349
1568.148533,1,1,1,0,1,45.0,0.0
1568.1485445,6,1,3,0,1,48.0,0.0
1568.1489675,3,1,3,0,37,49.0,94.479
1568.1518895,6,1,1,0,1,46.0,0.0
1568.154005,1,1,1,0,1,45.0,0.0
1568.155127,1,2,3,0,2,48.0,9.078
1568.1564765,3,1,5,1,57,49.0,103.218
1568.1564965,6,1,4,0,63,48.0,76.649
1568.1576095,3,1,1,0,1,46.0,0.0
1568.157617,1,1,2,0,1,47.0,0.0
1568.159157,5,2,1,0,2,47.0,8.052
1568.1605485,6,1,1,0,98,49.0,31.948
1568.1627815,6,1,1,0,1,48.0,0.0
1568.1636355,6,1,3,0,110,49.0,66.198
1568.165217,1,197,24,7,302,66.0,2124.0
1568.1699725,6,1,1,0,4,46.0,7.972
1568.170629,1,2,1,0,2,45.0,4.562
1568.1707085,6,1,1,0,1,45.0,0.0
1568.170936,5,2,1,0,3,46.0,7.268
1568.1713585,3,1,1,0,1,45.0,0.0
1568.1719175,3,1,1,0,1,45.0,0.0
1568.175446,5,1,2,0,1,47.0,0.0
1568.176237,1,1,3,0,4,49.0,14.786
1568.1762775,3,1,1,0,1,45.0,0.0
1568.1787665,6,3,14,5,194,67.0,2038.0
1568.178804,1,1,2,0,1,47.0,0.0
1568.178812,5,1,1,0,1,47.0,0.0
1568.1801795,6,1,1,0,1,45.0,0.0
1568.181225,1,1,1,0,1,47.0,0.0
1568.1835865,6,1,3,0,5,49.0,16.723
1568.1888035,6,5,2,0,6,48.0,17.17
1568.189867,1,1,4,0,54,48.0,76.596
1568.1912535,6,1,1,0,1,47.0,0.0
1568.191337,5,1,1,0,34,47.0,43.818
1568.192615,1,2,1,0,2,46.0,8.402
1568.1926895,6,1,2,0,1,49.0,0.0
1568.1951835,6,1,2,0,1,49.0,0.0
1568.196949,1,1,2,0,1,49.0,0.0
1568.1998615,3,2,1,0,2,45.0,3.132
1568.200647,1,2,1,0,2,46.0,3.579
1568.201195,1,7,5,0,11,49.0,41.436
1568.2012,5,2,1,0,3,46.0,8.638
1568.2012325,6,1,2,0,1,47.0,0.0
1568.203496,1,1,1,0,1,45.0,0.0
1568.203579,5,1,1,0,1,45.0,0.0
1568.204338,5,2,1,0,5,47.0,19.381
1568.2052715,6,364,42,25,642,71.0,16655.0
1568.2053165,3,1,2,0,1,46.0,0.0
1568.205345,1,1,4,0,1,48.0,0.0
1568.205617,2,26,33,17,178,68.0,12603.0
1568.2058215,3,2,5,1,94,49.0,130.4
1568.205869,1,1,2,0,1,47.0,0.0
1568.205883,5,2,6,1,72,49.0,147.659
1568.2080945,6,1,2,0,15,48.0,30.97
1568.2080965,3,1,1,0,1,45.0,0.0
1568.2086685,6,1,1,0,1,46.0,0.0
1568.2096825,3,1,4,0,19,48.0,27.605
1568.211339,1,3,27,25,275,83.0,71317.0
1568.2113945,6,1,1,0,1,45.0,0.0
1568.212885,5,1,3,0,1,48.0,0.0
1568.2139425,3,1,1,0,1,48.0,0.0
1568.2144345,6,2,1,0,2,45.0,8.008
1568.2175505,6,2,1,0,3,47.0,9.632
1568.218276,1,1,1,0,1,45.0,0.0
1568.2187885,3,1,2,0,1,47.0,0.0
1568.221841,1,9,3,0,10,49.0,27.276
1568.221851,5,1,1,0,1,45.0,0.0
1568.2218585,3,2,2,0,5,49.0,21.026
1568.223546,5,1,1,0,1,46.0,0.0
1568.224226,1,1,1,0,1,45.0,0.0
1568.225357,5,3,2,0,4,46.0,13.544
1568.227055,5,2,2,0,2,48.0,7.541
1568.2270865,6,2,2,0,18,47.0,35.897
1568.2305195,6,1,1,0,1,46.0,0.0
1568.230747,5,2,2,0,2,47.0,3.903
1568.2311915,6,1,1,0,1,45.0,0.0
1568.2317215,6,1,2,0,1,47.0,0.0
1568.2324555,6,2,2,0,142,46.0,33.269
1568.2354095,6,1,1,0,1,45.0,0.0
1568.2413075,6,5,17,5,97,66.0,2819.0
1568.2413545,3,1,3,0,18,47.0,33.363
1568.2422755,6,1,2,0,4,48.0,14.182
1568.2428215,6,1,1,0,1,47.0,0.0
1568.243427,1,1,3,0,1,47.0,0.0
1568.2451975,3,1,2,0,1,46.0,0.0
1568.245201,1,1,4,0,7,48.0,14.541
1568.2458275,6,29,34,13,352,66.0,6032.0
1568.2479465,6,1,1,0,1,46.0,0.0
1568.2508295,6,1,2,0,1,45.0,0.0
1568.251537,1,2,2,0,2,47.0,4.693
1568.258781,1,1,2,0,1,45.0,0.0
1568.2591225,6,1,1,0,1,46.0,0.0
1568.261303,1,1,1,0,1,45.0,0.0
1568.2622235,3,1,1,0,1,45.0,0.0
1568.2713835,6,2,4,0,24,49.0,57.513
1568.271644,1,1,2,0,1,46.0,0.0
1568.2716455,3,1,1,0,1,45.0,0.0
1568.2734175,6,1,1,0,1,45.0,0.0
1568.2740115,6,3,30,16,217,73.0,16946.0
1568.2768535,6,1,1,0,1,45.0,0.0
1568.2800325,6,2,1,0,2,45.0,3.324
1568.2809815,6,1,1,0,1,49.0,0.0
1568.284204,1,1,2,0,1,46.0,0.0
1568.2842085,3,2,2,0,2,46.0,3.903
1568.2848955,6,2,1,0,2,45.0,4.66
1568.2869745,3,1,3,0,18,49.0,61.844
1568.2869835,6,1,2,0,4,48.0,10.406
1568.286986,1,1,2,0,1,45.0,0.0
1568.2887615,6,1,2,0,4,49.0,17.191
1568.289473,1,1,3,0,31,47.0,39.742
1568.292632,5,1,1,0,1,45.0,0.0
1568.2963255,6,1,1,0,1,48.0,0.0
1568.296369,1,1,2,0,12,47.0,18.671
1568.297226,1,2,1,0,3,45.0,7.873
1568.2984365,6,1,1,0,1,45.0,0.0
1568.3014215,6,1,1,0,1,45.0,0.0
1568.3062385,6,1,2,0,4,46.0,8.068
1568.3073945,6,1,1,0,1,49.0,0.0
1568.309373,1,1,1,0,1,47.0,0.0
1568.3093895,6,1,2,0,4,47.0,13.001
1568.310767,5,1,1,0,7,47.0,10.383
1568.311638,1,1,1,0,1,46.0,0.0
1568.318601,5,2,1,0,5,48.0,28.617
1568.3196575,6,1,1,0,1,45.0,0.0
1568.319806,1,1,1,0,1,45.0,0.0
1568.324016,1,2,6,0,18,49.0,62.403
1568.3250425,6,1,3,0,5,47.0,9.804
1568.325629,5,3,4,0,4,48.0,12.409
1568.3256605,6,1,4,0,13,47.0,27.47
1568.3263225,6,1,1,0,1,46.0,0.0
1568.3285965,6,3,3,0,12,47.0,25.984
1568.329949,1,1,1,0,1,45.0,0.0
1568.332064,1,1,4,0,10,47.0,20.677
1568.3331175,6,1,3,0,27,49.0,42.734
1568.3331315,3,1,1,0,1,45.0,0.0
1568.3336465,6,1,1,0,1,47.0,0.0
1568.335585,1,1,2,0,4,49.0,16.778
1568.3357315,6,1,1,0,5,46.0,10.702
1568.3367885,6,1,1,0,1,48.0,0.0
1568.3379825,6,1,1,0,1,45.0,0.0
1568.338879,1,1,4,0,1,48.0,0.0
1568.3389075,6,1,3,0,1,49.0,0.0
1568.340634,1,1,2,0,4,48.0,13.028
1568.344604,5,5,13,3,48,66.0,2174.0
1568.344667,1,3,4,1,74,49.0,108.432
1568.3455815,6,1,2,0,1,48.0,0.0
1568.3477285,6,1,3,0,5,49.0,15.818
1568.3507535,6,23,24,11,195,68.0,6953.0
1568.350778,4,17,2,0,20,48.0,48.814
1568.354091,5,2,6,0,3,48.0,10.028
1568.3541215,3,1,3,0,1,47.0,0.0
1568.3582415,6,1,1,0,1,47.0,0.0
1568.3595885,3,1,1,0,1,49.0,0.0
1568.3615895,6,4,4,0,25,49.0,90.837
1568.362696,1,1,2,0,1,49.0,0.0
1568.3641705,6,2,9,3,70,70.0,3181.0
1568.3663865,6,1,1,0,1,45.0,0.0
1568.3670265,6,41,26,31,195,85.0,105152.0
1568.3681075,3,1,1,0,1,45.0,0.0
1568.370566,1,2,2,0,2,49.0,12.908
1568.3775095,6,1,1,0,1,46.0,0.0
1568.379347,1,1,1,0,1,48.0,0.0
1568.3799525,6,1,2,0,5,47.0,11.435
1568.3834025,6,1,1,0,1,45.0,0.0
1568.383683,1,1,5,0,57,48.0,73.992
1568.3836845,3,1,2,0,16,46.0,31.896
1568.3840075,6,1,3,0,1,49.0,0.0
1568.384103,5,1,1,0,1,45.0,0.0
1568.384982,1,1,2,0,1,49.0,0.0
1568.3849955,6,1,3,0,12,48.0,32.511
1568.3851845,3,1,1,0,1,45.0,0.0
1568.387756,1,1,2,0,1,48.0,0.0
1568.3894235,6,1,1,0,1,45.0,0.0
1568.3929825,6,2,11,2,72,66.0,1080.0
1568.393058,5,1,1,0,1,48.0,0.0
1568.3930605,3,1,1,0,1,45.0,0.0
1568.393755,1,1,1,0,1,45.0,0.0
1568.3944815,6,1,2,0,1,49.0,0.0
1568.3994395,6,1,1,0,1,45.0,0.0
1568.4017135,3,1,2,0,1,48.0,0.0
1568.4017395,6,1,2,0,1,48.0,0.0
1568.4023635,6,5,10,3,49,67.0,2507.0
1568.403271,1,1,2,0,1,47.0,0.0
1568.4039835,3,2,2,0,30,48.0,43.27
1568.404029,1,2,10,2,214,49.0,187.53
1568.4047185,3,1,2,0,4,46.0,6.996
1568.405131,5,2,4,0,2,46.0,4.305
1568.4078395,3,1,1,0,1,45.0,0.0
1568.408131,1,1,1,0,1,45.0,0.0
1568.4094975,6,1,1,0,1,45.0,0.0
1568.410426,1,1,1,0,1,46.0,0.0
1568.4110655,6,1,1,0,1,45.0,0.0
1568.412448,5,1,3,0,1,48.0,0.0
1568.4124495,6,1,1,0,1,46.0,0.0
1568.416039,5,1,2,0,1,46.0,0.0
1568.416737,1,175,52,29,423,74.0,38532.0
1568.4169195,6,31,34,13,273,68.0,6376.0
1568.41692,2,21,29,18,183,71.0,15674.0
1568.416922,5,29,40,12,235,67.0,5219.0
1568.416927,4,2,4,0,2,47.0,3.324
1568.4177625,6,1,1,0,1,47.0,0.0
1568.4243445,6,1,1,0,5,47.0,9.988
1568.4263915,6,1,1,0,1,45.0,0.0
1568.428453,1,1,1,0,1,46.0,0.0
1568.4306945,3,1,3,0,15,48.0,33.523
1568.430754,1,1,1,0,1,45.0,0.0
1568.4314155,6,1,2,0,20,48.0,14.108
1568.431865,5,2,1,0,2,45.0,4.148
1568.4331335,6,1,2,0,41,47.0,27.791
1568.437536,1,2,1,0,3,45.0,8.228
1568.4397735,6,1,2,0,13,46.0,24.57
1568.441463,1,1,1,0,1,45.0,0.0
1568.442608,1,1,1,0,1,45.0,0.0
1568.4450075,3,1,1,0,1,45.0,0.0
1568.4458995,3,1,6,1,116,48.0,136.378
1568.44591,1,2,5,1,94,49.0,129.297
1568.450061,1,1,2,0,1,47.0,0.0
1568.450095,5,1,2,0,1,46.0,0.0
1568.451461,1,1,2,0,1,46.0,0.0
1568.452329,1,1,9,2,66,67.0,1199.0
1568.4548215,6,1,1,0,1,45.0,0.0
1568.4550455,3,1,2,0,5,49.0,18.473
1568.456751,1,1,1,0,1,47.0,0.0
1568.457624,1,1,1,0,1,45.0,0.0
1568.4587355,6,1,1,0,1,45.0,0.0
1568.4594005,6,1,1,0,1,47.0,0.0
1568.461535,4,1,1,0,1,45.0,0.0
1568.462777,1,1,1,0,1,45.0,0.0
1568.4641815,6,1,2,0,4,48.0,11.267
1568.4699595,6,1,2,0,10,49.0,28.578
1568.471481,1,2,1,0,2,48.0,4.273
1568.4726955,3,2,2,0,3,46.0,8.387
1568.4740855,6,1,1,0,1,45.0,0.0
1568.4781435,6,2,1,0,5,46.0,14.862
1568.478906,1,1,2,0,4,47.0,11.441
1568.4789345,6,1,1,0,1,46.0,0.0
1569.0320205,6,2,2,0,5,49.0,22.95
1569.0326905,6,1,1,0,1,45.0,0.0
1569.0332945,3,1,8,1,50,49.0,110.922
1569.033738,4,13,5,0,40,49.0,92.948
1569.0338845,3,1,1,0,1,46.0,0.0
1569.0344815,3,1,1,0,1,45.0,0.0
1569.0346095,6,1,1,0,114,48.0,49.65
1569.0351175,3,1,1,0,1,45.0,0.0
1569.0354495,6,1,2,0,1,48.0,0.0
1569.0372125,6,52,17,6,206,66.0,3021.0
1569.039793,1,1,1,0,1,47.0,0.0
1569.0441765,3,1,2,0,8,49.0,29.574
1569.0448235,6,1,1,0,1,45.0,0.0
1569.0463765,3,1,4,0,12,48.0,34.869
1569.051624,1,2,1,0,3,49.0,23.153
1569.0521235,6,1,2,0,1,46.0,0.0
1569.053211,5,1,4,0,1,46.0,0.0
1569.0532555,3,1,2,0,1,47.0,0.0
1569.0547585,6,5,55,50,508,83.0,117875.0
1569.054773,2,51,32,19,223,68.0,12474.0
1569.054775,1,1,41,18,425,68.0,9087.0
1569.0547765,3,38,34,20,329,69.0,10424.0
1569.0560815,3,1,1,0,16,45.0,15.909
1569.057085,5,1,2,0,1,46.0,0.0
1569.059608,1,1,2,0,1,46.0,0.0
1569.0627235,3,1,1,0,1,45.0,0.0
1569.0639485,6,1,2,0,1,47.0,0.0
1569.0647235,6,557,38,13,613,66.0,4194.0
1569.0668915,6,1,1,0,1,46.0,0.0
1569.068312,1,1,2,0,1,48.0,0.0
1569.0692535,6,1,1,0,1,47.0,0.0
1569.0699295,6,1,2,0,1,47.0,0.0
1569.07043,1,1,2,0,8,46.0,16.238
1569.072455,1,1,3,0,1,48.0,0.0
1569.0724565,6,1,7,1,124,49.0,143.452
1569.0739005,6,1,1,0,1,45.0,0.0
1569.0754175,6,1,1,0,1,45.0,0.0
1569.0767055,6,36,8,3,60,67.0,1635.0
1569.0783285,3,1,1,0,1,45.0,0.0
1569.0820905,6,1,1,0,10,46.0,17.069
1569.0829525,6,1,1,0,1,46.0,0.0
1569.0840805,6,1,2,0,1,48.0,0.0
1569.0846695,6,1,1,0,1,45.0,0.0
1569.086621,5,1,1,0,4,46.0,8.305
1569.090705,5,1,2,0,63,47.0,62.084
1569.0907525,3,1,1,0,1,45.0,0.0
1569.0927225,6,2,2,0,5,48.0,16.307
1569.09322,5,1,2,0,8,48.0,33.266
1569.0932305,6,1,2,0,1,48.0,0.0
1569.094115,1,1,8,0,48,49.0,117.924
1569.0947605,6,1,1,0,1,47.0,0.0
1569.09533,5,2,1,0,2,45.0,5.484
1569.095737,1,2,2,0,3,49.0,12.636
1569.0971785,6,1,1,0,1,46.0,0.0
1569.0979285,6,3,38,16,281,70.0,11102.0
1569.098781,5,1,1,0,1,45.0,0.0
1569.0989505,6,2,4,0,59,49.0,108.468
1569.0996855,3,1,2,0,1,46.0,0.0
1569.101358,1,1,1,0,1,48.0,0.0
1569.1050485,3,1,2,0,1,46.0,0.0
1569.106572,1,1,1,0,1,46.0,0.0
1569.1112885,6,2,9,3,65,66.0,1346.0
1569.111325,1,1,2,0,1,49.0,0.0
1569.1133225,6,1,3,0,4,47.0,9.132
1569.1138535,3,1,1,0,1,46.0,0.0
1569.1147435,6,2,3,0,2,46.0,3.324
1569.1156725,6,1,1,0,1,47.0,0.0
1569.1163865,6,1,1,0,6,47.0,11.245
1569.1167245,3,1,2,0,52,48.0,32.298
1569.118441,1,1,34,13,317,67.0,5625.0
1569.119516,1,1,3,0,48,48.0,57.103
1569.119785,5,1,5,0,30,48.0,69.823
1569.1203845,6,1,1,0,8,47.0,13.735
1569.1217395,3,1,2,0,32,48.0,59.666
1569.121794,1,1,1,0,1,46.0,0.0
1569.1222775,3,1,5,1,96,48.0,124.919
1569.1250875,3,1,1,0,1,45.0,0.0
1569.125951,1,1,2,0,1,45.0,0.0
1569.1289835,6,1,2,0,1,45.0,0.0
1569.1294845,3,1,1,0,1,46.0,0.0
1569.12986,5,1,1,0,1,45.0,0.0
1569.1302295,6,1,2,0,1,48.0,0.0
1569.130693,5,1,3,0,1,48.0,0.0
1569.13246,5,1,3,0,26,49.0,55.845
1569.1331985,3,1,6,0,51,47.0,70.237
1569.133864,5,1,4,0,1,49.0,0.0
1569.1339055,3,2,1,0,67,45.0,44.36
1569.1339985,6,1,1,0,1,45.0,0.0
1569.135311,5,1,5,0,67,49.0,80.419
1569.1353525,3,2,1,0,2,45.0,4.025
1569.135948,5,1,1,0,1,45.0,0.0
1569.1368185,6,1,2,0,1,45.0,0.0
1569.138385,1,1,2,0,1,47.0,0.0
1569.138397,5,1,1,0,1,47.0,0.0
1569.1410915,6,10,12,4,75,67.0,2321.0
1569.141139,5,1,1,0,1,47.0,0.0
1569.1411425,3,1,1,0,1,45.0,0.0
1569.1434965,3,1,1,0,1,45.0,0.0
1569.146362,5,1,1,0,1,45.0,0.0
1569.147472,1,2,3,0,17,47.0,36.846
1569.147987,5,2,2,0,3,48.0,6.264
1569.1482525,3,1,5,0,63,48.0,90.488
1569.150982,1,34,7,0,35,49.0,74.176
1569.1516535,6,4,71,34,1000,72.0,15947.0
1569.151672,5,1,5,0,1,49.0,0.0
1569.1517265,3,1,1,0,5,46.0,9.686
1569.152257,5,26,42,21,241,73.0,22279.0
1569.152266,2,39,35,24,250,70.0,20002.0
1569.152269,1,82,47,23,341,68.0,15525.0
1569.1548395,6,1,3,0,1,48.0,0.0
1569.155051,1,1,1,0,1,48.0,0.0
1569.155821,1,1,3,0,1,48.0,0.0
1569.1558325,3,2,1,0,9,46.0,19.736
1569.1572925,3,2,1,0,6,47.0,15.843
1569.1598405,6,1,1,0,1,46.0,0.0
1569.1603845,6,6,14,6,92,67.0,3811.0
1569.160517,5,2,1,0,3,47.0,9.66
1569.1637355,6,1,1,0,1,45.0,0.0
1569.1650715,6,2,7,2,23,69.0,1761.0
1569.16519,5,2,1,0,2,45.0,25.346
1569.167369,1,1,1,0,1,45.0,0.0
1569.1676745,6,1,2,0,1,48.0,0.0
1569.1692175,6,1,2,0,4,48.0,13.001
1569.1698815,6,2,4,0,33,49.0,89.996
1569.169884,5,3,3,0,12,49.0,66.944
1569.170527,5,1,1,0,1,49.0,0.0
1569.1707565,6,1,1,0,5,45.0,9.733
1569.1722425,6,1,1,0,1,45.0,0.0
1569.172742,5,1,2,0,1,49.0,0.0
1569.1733245,6,1,2,0,1,46.0,0.0
1569.174494,1,2,1,0,3,49.0,15.254
1569.1750125,6,1,2,0,1,46.0,0.0
1569.175535,1,1,3,0,1,47.0,0.0
1569.179153,5,1,3,0,12,48.0,40.122
1569.179165,1,5,3,0,6,48.0,25.596
1569.180521,1,1,1,0,1,45.0,0.0
1569.1812795,6,41,41,27,317,76.0,37564.0
1569.1822245,3,1,2,0,4,48.0,11.001
1569.1833055,6,1,2,0,1,47.0,0.0
1569.1846525,6,1,1,0,1,45.0,0.0
1569.18676,5,2,1,0,3,49.0,13.152
1569.1867645,3,1,2,0,1,46.0,0.0
1569.1868025,6,1,1,0,1,45.0,0.0
1569.187919,5,1,1,0,5,46.0,9.613
1569.1886035,3,1,1,0,4,47.0,10.872
1569.1902865,3,1,1,0,1,45.0,0.0
1569.1909265,3,1,2,0,1,46.0,0.0
1569.192296,1,1,4,0,1,49.0,0.0
1569.19234,5,1,1,0,1,45.0,0.0
1569.1923465,3,1,1,0,1,45.0,0.0
1569.1929225,3,1,1,0,1,45.0,0.0
1569.1935665,3,1,2,0,1,45.0,0.0
1569.193571,1,1,2,0,1,46.0,0.0
1569.194374,5,3,1,0,4,47.0,28.571
1569.1959025,3,1,1,0,4,48.0,10.706
1569.1964495,3,1,2,0,8,48.0,21.15
1569.1987355,3,1,2,0,1,47.0,0.0
1569.1995225,6,1,1,0,63,47.0,48.138
1569.2007,4,1,2,0,17,48.0,42.027
1569.2026395,6,1,1,0,1,48.0,0.0
1569.202961,5,2,3,0,9,49.0,34.422
1569.2035725,6,1,1,0,1,46.0,0.0
1569.2051745,3,1,2,0,1,47.0,0.0
1569.205611,5,1,2,0,1,47.0,0.0
1569.2077055,6,1,2,0,1,49.0,0.0
1569.209066,5,2,1,0,4,48.0,16.032
1569.2090815,3,1,1,0,1,45.0,0.0
1569.2092095,6,1,1,0,1,46.0,0.0
1569.2109065,6,1,2,0,1,48.0,0.0
1569.2113935,3,2,1,0,6,47.0,17.216
1569.2140135,6,1,3,0,1,47.0,0.0
1569.214527,5,3,3,0,15,47.0,36.136
1569.2171495,6,2,2,0,16,48.0,34.719
1569.217644,1,1,2,0,1,46.0,0.0
1569.2177225,6,1,1,0,1,45.0,0.0
1569.2198775,6,1,3,0,4,48.0,8.642
1569.2225795,6,115,49,26,525,68.0,15271.0
1569.22266,5,9,48,35,317,76.0,42705.0
1569.2226635,3,21,32,18,283,71.0,12566.0
1569.222664,1,40,54,31,366,70.0,24257.0
1569.22267,2,11,41,33,283,73.0,33539.0
1569.2239885,6,1,1,0,1,45.0,0.0
1569.2245385,3,1,1,0,1,45.0,0.0
1569.2258205,3,2,10,3,264,49.0,246.886
1569.22698,5,1,1,0,1,46.0,0.0
1569.2275865,3,1,4,0,42,48.0,66.327
1569.227646,5,1,1,0,1,45.0,0.0
1569.2283405,3,1,1,0,1,45.0,0.0
1569.2300865,6,1,1,0,1,45.0,0.0
1569.2317775,6,107,20,7,259,66.0,3263.0
1569.2319275,3,15,3,0,20,49.0,51.224
1569.2337995,6,1,3,1,165,49.0,75.376
1569.2343055,3,1,1,0,1,45.0,0.0
1569.234314,1,1,2,0,1,46.0,0.0
1569.2346975,6,1,3,1,182,46.0,77.935
1569.235126,5,1,6,0,52,49.0,79.221
1569.23514,1,1,4,0,54,48.0,66.72
1569.2370375,3,1,1,0,1,45.0,0.0
1569.237249,5,1,3,0,1,47.0,0.0
1569.2381125,3,1,1,0,18,46.0,22.769
1569.239323,1,2,1,0,3,46.0,8.23
1569.240892,1,2,6,1,118,48.0,142.803
1569.2417145,3,1,5,1,58,49.0,123.072
1569.245586,1,1,1,0,1,45.0,0.0
1569.2462445,6,158,39,14,302,66.0,6057.0
1569.246398,4,1,2,0,8,48.0,15.291
1569.2472695,6,1,1,0,1,45.0,0.0
1569.2477775,6,1,2,0,4,47.0,12.704
1569.2483125,6,1,2,0,101,48.0,64.904
1569.248893,1,2,2,0,2,49.0,7.837
1569.249672,1,1,3,1,122,49.0,107.908
1569.249752,5,1,2,0,1,46.0,0.0
1569.2512635,6,3,1,0,4,48.0,15.044
1569.2518335,6,1,1,0,4,48.0,11.799
1569.254543,1,1,1,0,1,49.0,0.0
1569.25601,1,2,1,0,3,47.0,7.449
1569.2564705,6,2,2,0,2,48.0,3.665
1569.2571745,6,1,4,0,22,49.0,45.607
1569.261657,1,1,1,0,1,45.0,0.0
1569.261718,5,1,1,0,1,49.0,0.0
1569.26274,5,1,3,0,16,48.0,27.338
1569.2639815,6,93,39,21,425,68.0,11177.0
1569.264048,5,12,34,16,262,70.0,10714.0
1569.2640655,3,17,28,15,286,71.0,9994.0
1569.264066,2,5,28,16,227,68.0,9508.0
1569.2652585,3,1,1,0,1,45.0,0.0
1569.2666495,6,1,1,0,4,47.0,10.447
1569.2670425,3,1,2,0,1,45.0,0.0
1569.267643,1,24,4,0,25,49.0,75.003
1569.268659,5,1,1,0,1,49.0,0.0
1569.2691185,6,1,5,0,19,49.0,47.912
1569.2693795,3,1,1,0,5,46.0,9.617
1569.270134,5,1,2,0,1,46.0,0.0
1569.272527,1,1,1,0,1,47.0,0.0
1569.272741,5,1,1,0,1,45.0,0.0
1569.273178,1,1,3,0,45,49.0,57.56
1569.2743585,6,1,4,1,130,48.0,115.05
1569.2750325,6,1,1,0,1,45.0,0.0
1569.2793995,6,7,48,20,980,68.0,8196.0
1569.281302,1,1,1,0,1,45.0,0.0
1569.2813445,6,1,1,0,1,45.0,0.0
1569.2822695,6,1,1,0,1,47.0,0.0
1569.2836737,6,15,32,13,236,69.0,8117.0
1569.2843265,3,2,2,0,8,46.0,18.34
1569.2858335,6,1,1,0,1,46.0,0.0
1569.2863095,3,1,3,0,56,47.0,62.341
1569.2863785,6,1,4,0,71,48.0,63.506
1569.2885335,6,1,1,0,1,45.0,0.0
1569.289109,5,1,1,0,1,48.0,0.0
1569.2891785,6,1,1,0,1,47.0,0.0
1569.28954,1,1,3,0,1,49.0,0.0
1569.2895455,3,1,1,0,1,48.0,0.0
1569.2900375,6,129,37,20,436,72.0,15244.0
1569.2951435,6,1,5,0,44,47.0,43.497
1569.295186,5,2,1,0,3,46.0,9.871
1569.295678,4,2,1,0,2,45.0,4.693
1569.2996825,3,1,1,0,1,45.0,0.0
1569.3005985,6,1,3,0,12,47.0,27.159
1569.302253,1,3,1,0,4,48.0,27.294
1569.302821,1,2,3,0,2,49.0,23.462
1569.3028885,6,1,2,0,1,47.0,0.0
1569.3039915,6,3,38,19,846,71.0,10081.0
1569.3066545,6,1,1,0,1,46.0,0.0
1569.306983,1,3,24,12,472,73.0,6914.0
1569.3073645,6,3,14,7,298,68.0,3285.0
1569.307411,5,2,5,0,38,48.0,84.184
1569.3074185,3,1,1,0,1,46.0,0.0
1569.308909,1,1,1,0,1,45.0,0.0
1569.309503,1,1,1,0,1,45.0,0.0
1569.3099985,3,1,3,0,25,49.0,50.228
1569.310014,5,1,1,0,1,46.0,0.0
1569.3112025,6,1,3,0,1,49.0,0.0
1569.3119815,6,1,1,0,1,45.0,0.0
1569.3128535,3,1,4,0,23,49.0,52.764
1569.31287,5,3,5,0,4,49.0,22.787
1569.313717,1,1,1,0,1,46.0,0.0
1569.3140995,6,1,5,0,1,48.0,0.0
1569.314296,1,1,1,0,1,45.0,0.0
1569.316038,1,1,1,0,1,45.0,0.0
1569.319738,1,1,1,0,1,47.0,0.0
1569.3198975,6,1,1,0,1,46.0,0.0
1569.3211985,6,1,3,0,1,48.0,0.0
1569.3217625,6,4,3,0,99,48.0,60.096
1569.323336,1,1,1,0,1,45.0,0.0
1569.3237285,3,1,1,0,1,45.0,0.0
1569.3245955,6,1,1,0,1,46.0,0.0
1569.325808,5,1,1,0,1,45.0,0.0
1569.3258095,3,1,1,0,4,49.0,17.95
1569.325849,1,1,1,0,1,45.0,0.0
1569.327374,5,1,8,1,92,49.0,161.039
1569.3274145,3,1,1,0,1,47.0,0.0
1569.328149,5,1,2,0,1,48.0,0.0
1569.328334,1,1,3,0,1,47.0,0.0
1569.3294015,6,5,43,16,774,68.0,5357.0
1569.329434,1,1,5,0,16,49.0,39.108
1569.330693,1,1,3,0,1,48.0,0.0
1569.3314945,3,1,1,0,1,45.0,0.0
1569.332195,5,3,26,10,163,68.0,6807.0
1569.33341,5,367,34,13,478,66.0,5174.0
1569.3337985,3,2,2,0,2,46.0,9.877
1569.3348255,3,1,1,0,1,45.0,0.0
1569.335818,1,1,1,0,1,45.0,0.0
1569.336682,1,1,1,0,1,45.0,0.0
1569.3377135,6,1,4,0,69,48.0,76.373
1569.337864,1,1,1,0,1,46.0,0.0
1569.3384695,6,2,1,0,5,49.0,18.613
1569.3417345,6,13,17,9,97,71.0,8355.0
1569.3428665,3,1,1,0,1,45.0,0.0
1569.3433535,6,571,45,17,692,72.0,9728.0
1569.3434895,3,1,1,0,1,45.0,0.0
1569.344888,5,3,18,7,90,69.0,5804.0
1569.34688,1,1,1,0,1,45.0,0.0
1569.3474725,3,1,1,0,5,45.0,8.678
1569.347778,1,1,1,0,1,45.0,0.0
1569.3493195,3,1,2,0,39,47.0,36.604
1569.349897,1,2,2,0,3,49.0,12.935
1569.3500565,6,1,3,0,1,48.0,0.0
1569.3507295,3,1,1,0,1,46.0,0.0
1569.3516215,6,1,2,0,5,46.0,8.688
1569.3529415,6,10,28,10,280,68.0,4641.0
1569.3541075,6,2,3,0,45,48.0,67.143
1569.3543915,3,2,1,0,2,45.0,3.903
1569.3556955,6,1,1,0,1,47.0,0.0
1569.3565345,6,150,42,19,526,74.0,14793.0
1569.356751,4,2,3,0,27,48.0,65.66
1569.361821,5,1,2,0,1,48.0,0.0
1569.3627825,3,1,2,0,10,49.0,31.402
1569.363195,5,1,1,0,1,45.0,0.0
1569.3645005,6,1,3,0,1,48.0,0.0
1569.36629,5,2,1,0,2,47.0,4.025
1569.3666765,3,1,1,0,1,45.0,0.0
1569.3668745,6,1,1,0,1,45.0,0.0
1569.367703,1,22,29,9,180,67.0,4923.0
1569.3684435,6,1,1,0,1,49.0,0.0
1569.3692965,3,1,2,0,1,47.0,0.0
1569.3693045,6,1,5,0,32,49.0,41.713
1569.369308,5,1,5,0,1,49.0,0.0
1569.36931,1,1,1,0,1,46.0,0.0
1569.3704495,6,1,1,0,1,45.0,0.0
1569.373027,5,2,1,0,2,45.0,3.464
1569.376506,1,1,5,0,20,48.0,38.404
1569.3765165,3,1,2,0,12,48.0,27.671
1569.3786355,6,2,14,5,158,68.0,3559.0
1569.3814055,3,1,1,0,1,45.0,0.0
1569.382257,1,1,10,2,193,48.0,207.54
1569.3841605,3,1,2,0,1,46.0,0.0
1569.384733,4,2,2,0,5,47.0,25.464
1569.384829,1,1,1,0,1,47.0,0.0
1569.3896155,6,2,3,0,2,49.0,5.237
1569.3901145,3,1,1,0,4,45.0,7.542
1569.391148,5,1,2,0,1,48.0,0.0
1569.3911705,3,1,2,0,1,45.0,0.0
1569.3922875,6,1,2,0,5,49.0,15.032
1569.392292,1,1,2,0,1,49.0,0.0
1569.3925915,3,1,1,0,1,45.0,0.0
1569.3931175,6,1,16,5,172,66.0,3110.0
1569.3931935,3,1,1,0,34,46.0,27.037
1569.3942245,6,1,3,1,97,49.0,76.565
1569.3958505,6,1,4,0,40,49.0,85.381
1569.3959515,3,1,1,0,1,45.0,0.0
1569.3965355,6,1,7,1,59,49.0,144.054
1569.3972865,6,1,5,0,82,49.0,68.254
1569.397379,5,1,1,0,1,45.0,0.0
1569.3979365,6,1,2,0,7,48.0,21.567
1569.400721,5,2,4,0,6,49.0,31.915
1569.40078,1,1,3,0,1,47.0,0.0
1569.4018515,6,1,2,0,1,46.0,0.0
1569.4021295,3,2,4,0,19,47.0,40.104
1569.40276,5,1,2,0,1,47.0,0.0
1569.4032495,6,1,3,0,24,49.0,58.118
1569.405449,5,1,2,0,1,49.0,0.0
1569.406706,5,1,1,0,1,45.0,0.0
1569.4067475,6,2,7,3,136,66.0,1519.0
1569.408027,1,1,4,0,1,48.0,0.0
1569.4080465,3,2,2,0,19,49.0,32.274
1569.4086395,3,1,1,0,1,45.0,0.0
1569.409687,4,1,1,0,8,46.0,16.329
1569.4107985,6,1,5,1,176,48.0,97.876
1569.411285,1,1,1,0,1,47.0,0.0
1569.414853,1,1,1,0,1,45.0,0.0
1569.415215,5,4,2,0,5,49.0,32.397
1569.415549,1,1,2,0,5,49.0,14.219
1569.4167965,6,1,2,0,1,48.0,0.0
1569.4184545,3,1,1,0,1,46.0,0.0
1569.4204225,6,1,2,0,1,47.0,0.0
1569.4212315,3,1,1,0,1,45.0,0.0
1569.4224775,3,1,1,0,1,45.0,0.0
1569.422486,5,2,2,0,5,46.0,15.618
1569.4258595,3,1,7,2,167,48.0,189.583
1569.4266005,3,1,2,0,9,47.0,22.934
1569.426878,1,3,1,0,4,46.0,14.731
1569.4274045,6,15,24,9,136,69.0,6773.0
1569.42921,1,1,1,0,7,47.0,13.404
1569.4301035,3,1,1,0,1,45.0,0.0
1569.431036,5,1,2,0,1,45.0,0.0
1569.4314725,3,1,3,0,16,49.0,47.871
1569.431518,1,2,4,0,21,48.0,31.961
1569.432622,1,1,7,1,78,49.0,129.778
1569.432631,5,1,3,0,1,49.0,0.0
1569.4338205,3,1,1,0,1,45.0,0.0
1569.4367775,3,2,7,1,101,49.0,193.344
1569.437943,5,2,2,0,2,46.0,3.933
1569.439007,5,2,4,0,5,49.0,25.039
1569.441494,1,2,10,1,77,49.0,180.312
1569.4421725,6,1,24,9,366,67.0,3572.0
1569.4430635,3,2,7,2,136,49.0,200.896
1569.44318,1,1,2,0,13,48.0,25.509
1569.444229,5,1,1,0,1,45.0,0.0
1569.446896,1,1,1,0,1,45.0,0.0
1569.4474445,6,1,2,0,1,47.0,0.0
1569.4480925,6,1,4,0,22,46.0,33.916
1569.4496295,6,1,2,0,5,47.0,10.815
1569.4514895,6,1,1,0,1,45.0,0.0
1569.4529035,3,1,1,0,5,45.0,8.702
1569.452942,1,1,1,0,1,45.0,0.0
1569.4534855,6,1,2,0,13,48.0,31.175
1569.4540535,6,2,3,0,40,49.0,56.764
1569.456506,5,1,3,0,1,48.0,0.0
1569.4576155,3,1,2,0,4,48.0,12.466
1569.45909,1,1,4,0,27,48.0,45.151
1569.4591165,3,1,2,0,5,47.0,12.609
1569.461349,5,2,1,0,2,48.0,11.061
1569.461971,1,1,2,0,1,48.0,0.0
1569.4619965,3,1,1,0,1,45.0,0.0
1569.462254,5,2,2,0,3,48.0,13.738
1569.464537,1,1,5,0,45,47.0,71.296
1569.464541,5,1,3,0,1,47.0,0.0
1569.4660655,6,2,2,0,2,47.0,4.055
1569.4666165,3,2,1,0,2,45.0,4.273
1569.466621,5,1,2,1,99,47.0,121.055
1569.4671405,3,1,4,0,41,49.0,79.052
1569.4685215,3,2,4,0,10,49.0,44.915
1569.468554,5,1,2,0,1,46.0,0.0
1569.469357,5,1,1,0,1,47.0,0.0
1569.4705925,6,1,2,0,1,47.0,0.0
1569.474427,5,1,1,0,1,46.0,0.0
1569.4744525,3,1,2,0,42,48.0,47.126
1569.476137,1,1,1,0,1,45.0,0.0
1569.4775235,6,2,2,0,6,47.0,17.087
1569.4779375,3,1,1,0,1,46.0,0.0
1569.4785375,6,1,1,0,1,45.0,0.0
1569.479468,1,1,3,0,1,47.0,0.0
1569.4799245,6,6,20,10,284,72.0,9332.0
1569.4829795,3,1,3,0,1,46.0,0.0
1569.483305,1,1,4,0,26,48.0,59.053
1569.483662,5,2,1,0,3,48.0,12.234
1569.4840085,6,1,5,0,1,49.0,0.0
1569.485013,1,1,3,0,4,46.0,10.461
1569.4856785,6,1,1,0,1,45.0,0.0
1569.4867905,3,1,1,0,1,45.0,0.0
1569.4868615,6,210,38,21,449,70.0,15829.0
1569.487009,1,69,36,13,310,68.0,6671.0
1569.487112,4,2,3,0,3,49.0,12.13
1569.4873015,3,1,4,0,27,47.0,48.561
1569.4887265,6,1,1,0,1,45.0,0.0
1569.4894035,6,1,1,0,1,46.0,0.0
1569.4902355,6,15,23,9,379,66.0,3082.0
1569.494609,5,2,4,0,5,49.0,31.436
1569.494915,1,1,1,0,1,45.0,0.0
1569.4949315,3,1,1,0,1,45.0,0.0
1569.495703,5,2,4,0,2,47.0,5.064
1569.4957135,3,1,2,0,34,49.0,56.878
1569.4967115,3,1,1,0,1,45.0,0.0
1569.497826,1,2,2,0,5,48.0,14.423
1569.4996285,3,1,1,0,1,45.0,0.0
1569.499761,5,2,1,0,2,45.0,4.562
1569.5003065,6,1,3,0,11,46.0,15.074
1569.50033,1,1,1,0,1,45.0,0.0
1569.5009415,6,183,15,6,359,66.0,1873.0
1569.5032645,3,1,3,0,1,45.0,0.0
1569.507156,5,1,1,0,1,45.0,0.0
1569.5074795,6,2,3,0,6,49.0,15.541
1569.511943,1,2,2,0,2,49.0,6.726
1569.5119535,3,1,1,0,1,45.0,0.0
1569.5135445,6,1,3,0,24,49.0,47.923
1569.5148395,6,1,1,0,1,46.0,0.0
1569.5160915,6,25,12,4,169,66.0,1848.0
1569.5182745,3,1,1,0,1,45.0,0.0
1569.518521,5,2,1,0,2,45.0,3.352
1569.520053,5,1,6,0,18,48.0,36.996
1569.5200625,3,1,3,0,18,47.0,20.619
1569.520171,1,2,2,0,2,48.0,5.342
1569.5206205,3,1,1,0,1,45.0,0.0
1569.520625,5,1,2,0,19,47.0,30.39
1569.5214695,6,23,38,21,359,76.0,22448.0
1569.521509,4,1,2,0,16,49.0,31.269
1569.522404,1,1,2,0,1,47.0,0.0
1569.525333,1,1,1,0,1,45.0,0.0
1569.5281135,3,1,2,0,22,48.0,34.235
1569.528135,1,1,2,0,1,49.0,0.0
1569.528676,1,2,6,0,44,49.0,71.838
1569.5287095,3,1,1,0,18,48.0,17.795
1569.528739,5,1,1,0,1,45.0,0.0
1569.530756,5,7,3,0,8,48.0,34.549
1569.5312095,3,1,1,0,1,45.0,0.0
1569.531306,1,1,1,0,1,45.0,0.0
1569.5317415,6,1,2,0,57,48.0,42.294
1569.5340795,6,1,1,0,1,45.0,0.0
1569.5347975,6,1,3,0,1,49.0,0.0
1569.5361875,6,8,3,0,16,49.0,47.25
1569.536464,5,1,2,0,1,48.0,0.0
1569.5389795,6,1,1,0,1,48.0,0.0
1569.540266,1,1,1,0,1,45.0,0.0
1569.541031,1,1,3,0,55,49.0,72.929
1569.5410555,3,1,3,0,34,48.0,46.15
1569.541703,1,4,4,0,9,49.0,45.462
1569.5421055,3,1,1,0,1,45.0,0.0
1569.54256,5,1,3,0,1,47.0,0.0
1569.542571,1,1,3,0,53,47.0,47.83
1569.5436035,3,1,1,0,1,45.0,0.0
1569.543653,5,1,1,0,1,45.0,0.0
1569.5443405,3,1,2,0,14,47.0,28.066
1569.544397,1,2,1,0,3,47.0,9.051
1569.544706,5,1,1,0,1,46.0,0.0
1569.5453655,3,1,1,0,1,45.0,0.0
1569.545845,5,1,1,0,1,48.0,0.0
1569.546492,5,2,2,0,2,46.0,4.66
1569.5480515,6,1,2,0,1,46.0,0.0
1569.5486455,6,1,2,0,1,46.0,0.0
1569.5518195,3,1,2,0,63,48.0,62.494
1569.5518905,6,1,4,0,10,49.0,28.693
1569.552162,1,1,2,0,1,47.0,0.0
1569.5533125,3,2,1,0,6,47.0,17.914
1569.553323,1,1,1,0,1,46.0,0.0
1569.5568005,6,2,1,0,24,49.0,42.269
1569.5596525,6,1,3,0,7,49.0,28.684
1569.560078,1,2,1,0,3,46.0,8.141
1569.5605235,6,1,1,0,1,48.0,0.0
1569.5611415,3,1,1,0,1,45.0,0.0
1569.5633035,6,1,3,0,14,48.0,17.432
1569.5678355,6,1,1,0,1,45.0,0.0
1569.568967,1,12,3,0,13,49.0,31.558
1569.5689815,3,1,3,0,4,49.0,13.452
1569.568985,5,2,5,1,56,48.0,124.313
1569.5695855,3,1,1,0,1,45.0,0.0
1569.5710525,3,1,1,0,4,46.0,7.966
1569.5717115,6,1,1,0,1,45.0,0.0
1569.572872,1,1,1,0,1,45.0,0.0
1569.5730695,6,4,16,6,134,67.0,4032.0
1569.573861,1,1,4,0,71,48.0,69.16
1569.576511,1,1,6,1,124,48.0,123.993
1569.576511,5,1,3,0,1,49.0,0.0
1569.5765205,3,1,3,0,15,49.0,42.321
1569.5779875,6,2,2,0,2,47.0,3.55
1569.579778,5,1,9,1,72,49.0,152.724
1569.5811105,6,3,19,13,149,72.0,14322.0
1569.582949,1,1,3,0,1,46.0,0.0
1569.5842155,6,2,6,2,27,66.0,1138.0
1569.5844145,3,1,1,0,5,48.0,16.826
1569.5862135,3,1,3,0,1,47.0,0.0
1569.5898675,6,3,15,4,132,66.0,1772.0
1569.589936,5,2,2,0,3,47.0,9.777
1569.5902335,3,2,1,0,2,45.0,3.213
1569.5905705,6,10,16,9,144,69.0,6470.0
1569.591746,1,1,2,0,1,48.0,0.0
1569.593181,5,1,1,0,1,45.0,0.0
1569.593813,1,1,1,0,1,45.0,0.0
1569.5938265,3,1,3,0,1,48.0,0.0
1569.5959825,6,120,45,19,1207,69.0,7401.0
1569.59668,5,2,4,0,3,47.0,9.007
1569.5966985,3,1,1,0,1,45.0,0.0
1569.596714,1,1,3,0,60,46.0,46.915
1569.5979665,6,1,2,0,1,45.0,0.0
1569.599282,1,1,1,0,1,46.0,0.0
1569.5992905,6,1,7,0,28,48.0,47.106
1569.599854,5,2,2,0,3,48.0,8.081
1569.6000685,3,1,1,0,1,45.0,0.0
1569.6010965,3,1,2,0,1,45.0,0.0
1569.601772,1,1,1,0,1,45.0,0.0
1569.602466,5,1,1,0,1,48.0,0.0
1569.6041045,6,1,2,0,1,47.0,0.0
1569.6053095,6,1,3,0,72,48.0,44.396
1569.6059015,6,496,66,46,662,79.0,83131.0
1569.606461,4,1,1,0,1,45.0,0.0
1569.606624,1,1,2,0,1,48.0,0.0
1569.6070855,6,1,3,0,1,49.0,0.0
1569.607712,5,1,1,0,1,45.0,0.0
1569.6080245,3,1,1,0,1,45.0,0.0
1569.6100758,6,301,31,14,687,72.0,8463.0
1569.612475,1,1,1,0,1,45.0,0.0
1569.613242,1,1,2,0,1,45.0,0.0
1569.61534,1,1,2,0,1,45.0,0.0
1569.6154415,3,1,1,0,1,45.0,0.0
1569.615977,5,2,3,0,7,49.0,28.586
1569.6162235,3,1,2,0,17,45.0,22.971
1569.6169945,6,525,66,29,1174,68.0,13028.0
1569.618518,5,2,1,0,2,45.0,4.025
1569.6194785,3,1,3,0,4,49.0,14.601
1569.6201115,3,1,2,0,25,48.0,33.264
1569.620138,1,2,2,0,2,46.0,5.201
1569.621034,1,1,2,0,1,49.0,0.0
1569.6211785,6,3,1,0,4,47.0,12.758
1569.6217075,6,1,3,0,7,49.0,29.704
1569.622005,1,1,4,1,125,48.0,93.1
1569.6221275,3,1,1,0,1,45.0,0.0
1569.622367,5,8,29,11,146,71.0,9217.0
1569.622373,2,4,27,17,200,71.0,13910.0
1569.6223745,6,58,58,23,580,67.0,9751.0
1569.622389,4,1,3,0,42,47.0,52.55
1569.6228455,3,2,4,1,92,48.0,112.648
1569.6240685,6,10,32,11,399,68.0,4243.0
1569.625845,1,1,2,0,7,48.0,25.73
1569.6294885,6,3,24,10,219,68.0,5953.0
1569.6313005,6,7,58,46,869,83.0,96620.0
1569.63131,1,26,40,17,273,68.0,9392.0
1569.631315,2,42,33,18,283,66.0,9628.0
1569.6313205,3,2,30,16,531,68.0,6563.0
1569.6326695,3,1,1,0,1,46.0,0.0
1569.632704,5,1,1,0,1,47.0,0.0
1569.6328075,6,1,2,0,1,47.0,0.0
1569.6333545,6,555,50,24,845,77.0,22601.0
1569.633509,5,1,3,0,1,46.0,0.0
1569.633583,1,1,1,0,1,47.0,0.0
1569.63577,5,1,2,0,30,47.0,48.412
1569.6357705,3,1,2,0,1,45.0,0.0
1569.635777,1,1,3,0,1,48.0,0.0
1569.636515,1,1,4,0,1,49.0,0.0
1569.6365185,3,1,2,0,11,46.0,15.438
1569.6370825,6,7,71,31,1642,66.0,7579.0
1569.637088,4,1,2,0,1,47.0,0.0
1569.6390925,3,1,2,0,1,49.0,0.0
1569.639906,1,1,1,0,1,46.0,0.0
1569.641344,5,2,1,0,2,46.0,19.238
1569.6413615,6,1,5,0,24,48.0,38.535
1569.643045,5,1,1,0,1,49.0,0.0
1569.644406,1,1,5,0,23,48.0,29.628
1569.644419,5,1,2,0,1,46.0,0.0
1569.6463665,6,17,27,12,452,67.0,4621.0
1569.6473615,6,200,18,7,342,66.0,2522.0
1569.6483535,6,1,3,0,11,46.0,13.674
1569.6489055,3,2,3,0,31,49.0,58.508
1569.6501105,3,1,1,0,1,45.0,0.0
1569.650879,1,1,1,0,1,45.0,0.0
1569.6520045,3,1,2,0,1,46.0,0.0
1569.652613,1,1,2,0,42,47.0,29.11
1569.65416,5,2,31,10,417,68.0,3456.0
1569.6553935,6,219,25,10,516,69.0,4073.0
1569.6574105,3,1,2,0,6,46.0,12.863
1569.6583115,3,1,1,0,1,45.0,0.0
1569.6589345,6,1,4,0,24,48.0,29.104
1569.65932,4,1,2,0,1,48.0,0.0
1569.6594695,6,1,5,0,49,49.0,96.356
1569.660053,5,1,1,0,1,46.0,0.0
1569.6609165,6,64,17,11,182,73.0,13901.0
1569.661023,1,1,1,0,1,45.0,0.0
1569.6620385,3,1,1,0,1,47.0,0.0
1569.6642425,6,1,2,0,1,45.0,0.0
1569.6648445,6,5,79,31,1013,70.0,12225.0
1569.6668665,3,1,1,0,6,45.0,10.005
1569.666897,1,1,3,0,1,49.0,0.0
1569.668025,1,1,1,0,1,47.0,0.0
1569.6701735,6,1,1,0,4,49.0,14.142
1569.670649,4,1,1,0,1,45.0,0.0
1569.6715685,6,15,43,20,416,72.0,14006.0
1569.6723575,3,2,7,0,42,49.0,120.09
1569.6735435,3,1,1,0,1,45.0,0.0
1569.6740447,3,1,1,0,1,45.0,0.0
1569.6754615,3,1,1,0,1,45.0,0.0
1569.6770555,6,2,3,0,69,47.0,78.804
1569.6777745,3,2,3,0,24,48.0,41.255
1569.6787935,3,1,2,0,1,48.0,0.0
1569.678794,1,1,10,1,157,48.0,145.739
1569.6788955,6,8,44,20,1015,68.0,7492.0
1569.6816295,3,1,2,0,32,49.0,46.614
1569.681642,5,1,2,0,1,48.0,0.0
1569.6836525,6,1,2,0,1,45.0,0.0
1569.6841995,6,1,1,0,1,47.0,0.0
1569.6853975,6,1,2,0,1,45.0,0.0
1569.686291,1,2,1,0,2,46.0,3.903
1569.6872305,6,1,3,0,143,48.0,48.539
1569.6946245,6,2,3,0,5,49.0,33.212
1569.6951495,6,1,1,0,1,47.0,0.0
1569.6961205,6,331,22,10,552,70.0,5125.0
1569.6964995,3,1,2,0,6,47.0,12.684
1569.697797,5,1,3,0,11,48.0,21.376
1569.6978365,3,2,2,0,6,47.0,16.386
1569.701571,5,1,1,0,5,49.0,19.879
1569.7020725,6,4,33,12,436,67.0,4437.0
1569.702199,5,1,4,0,8,47.0,18.324
1569.7021995,3,1,2,0,11,48.0,29.643
1569.7033275,6,2,3,0,2,49.0,4.025
1569.7035695,3,1,3,0,37,47.0,52.213
1569.7039415,6,302,44,20,700,73.0,12595.0
1569.704257,4,1,1,0,1,45.0,0.0
1569.705795,1,1,2,0,12,49.0,33.77
1569.7085095,6,66,16,9,237,72.0,8582.0
1569.709339,1,1,3,1,98,48.0,78.749
1569.7093595,3,1,4,0,28,46.0,50.986
1569.7100255,6,123,10,4,177,70.0,3278.0
1569.7113905,6,1,2,0,1,49.0,0.0
1569.711508,5,1,1,0,1,45.0,0.0
1569.7119925,3,1,1,0,5,47.0,9.519
1569.711994,1,1,1,0,1,45.0,0.0
1569.712507,1,1,1,0,1,47.0,0.0
1569.713327,1,339,36,14,483,67.0,6711.0
1569.7143465,6,910,79,29,1209,70.0,10481.0
1569.7144445,3,2,2,0,6,47.0,18.368
1569.717763,5,1,4,1,104,49.0,111.627
1569.718395,5,1,1,0,1,49.0,0.0
1569.7185395,6,1,2,0,7,49.0,22.11
1569.7190925,6,6,17,6,151,66.0,3138.0
1569.719151,1,2,4,0,30,48.0,60.394
1569.7197445,6,1049,93,37,2146,66.0,8329.0
1569.721564,1,1,3,0,1,47.0,0.0
1569.72172,5,1,2,0,1,46.0,0.0
1569.7217475,3,1,1,0,1,45.0,0.0
1569.7225905,6,1,2,0,4,45.0,7.341
1569.723049,1,75,46,32,429,75.0,31091.0
1569.723118,2,78,38,29,240,71.0,28074.0
1569.7231205,3,10,37,25,363,72.0,23425.0
1569.7231215,6,29,66,35,685,71.0,23449.0
1569.725167,5,1,4,0,5,49.0,13.979
1569.725195,1,1,1,0,1,45.0,0.0
1569.725929,5,2,2,0,29,49.0,62.787
1569.7259325,3,1,1,0,1,45.0,0.0
1569.727306,1,1,8,1,167,48.0,137.282
1569.7274745,3,1,1,0,1,45.0,0.0
1569.7283665,6,2,38,12,571,66.0,3303.0
1569.7287555,3,1,4,0,54,49.0,81.794
1569.7295975,6,1,2,0,99,48.0,46.179
1569.730428,5,1,1,0,1,45.0,0.0
1569.7314865,6,1,4,0,17,49.0,36.805
1569.731493,1,1,3,0,7,48.0,21.027
1569.7319845,3,1,1,0,1,45.0,0.0
1569.7338765,3,1,2,0,15,47.0,36.278
1569.733912,1,1,7,0,36,49.0,73.212
1569.736756,1,1,6,0,4,48.0,8.912
1569.7381225,6,2,2,0,5,49.0,19.666
1569.739297,1,1,1,0,1,45.0,0.0
1569.7394375,6,272,46,19,534,70.0,11332.0
1569.740892,1,1,1,0,1,45.0,0.0
1569.7411265,3,1,2,0,1,47.0,0.0
1569.7421425,3,1,2,0,4,46.0,7.437
1569.742158,1,1,2,0,1,45.0,0.0
1569.7437105,6,5,13,5,72,68.0,4394.0
1569.7437555,3,1,3,0,24,48.0,64.996
1569.743787,1,1,1,0,1,46.0,0.0
1569.744237,5,1,1,0,1,45.0,0.0
1569.7450665,6,403,31,13,600,72.0,6395.0
1569.7452475,3,1,1,0,1,45.0,0.0
1569.746336,5,1,20,6,116,67.0,3128.0
1569.747214,1,2,4,0,11,49.0,43.78
1569.7499235,3,1,2,0,1,46.0,0.0
1569.7506405,3,1,2,0,5,47.0,11.98
1569.750718,1,1,1,0,1,47.0,0.0
1569.7515985,3,1,3,0,1,46.0,0.0
1569.7521125,3,1,1,0,11,47.0,13.784
1569.7533085,6,897,48,17,1102,67.0,4094.0
1569.7556935,6,1,1,0,1,46.0,0.0
1569.7570305,6,6,13,6,242,67.0,2636.0
1569.7570495,3,1,4,0,33,48.0,81.319
1569.7583105,6,19,15,3,105,66.0,1548.0
1569.7583675,3,1,2,0,55,48.0,39.214
1569.7612595,3,1,4,0,1,47.0,0.0
1569.7613285,6,1,3,1,211,48.0,107.518
1569.7622995,6,10,26,13,191,73.0,14478.0
1569.7640075,6,2,39,14,625,72.0,5868.0
1569.7654965,6,1,1,0,1,45.0,0.0
1569.765776,5,1,2,0,1,47.0,0.0
1569.7658295,3,1,2,0,1,45.0,0.0
1569.7660045,6,373,23,9,413,69.0,3934.0
1569.766296,5,1,3,1,94,48.0,77.133
1569.7670015,6,1,1,0,1,47.0,0.0
1569.7674355,3,1,1,0,1,45.0,0.0
1569.767441,1,1,4,0,1,48.0,0.0
1569.7680335,3,2,3,0,28,48.0,62.543
1569.7690615,6,1,1,0,1,47.0,0.0
1569.769656,5,1,1,0,1,48.0,0.0
1569.7698255,3,1,1,0,1,45.0,0.0
1569.770343,5,1,4,0,1,48.0,0.0
1569.771292,1,1,3,0,1,46.0,0.0
1569.7713055,3,1,1,0,1,45.0,0.0
1569.771315,5,1,2,0,1,46.0,0.0
1569.7726295,6,217,40,20,453,72.0,11006.0
1569.772961,4,1,1,0,14,47.0,18.006
1569.773779,1,1,1,0,1,45.0,0.0
1569.7738715,6,1,1,0,1,46.0,0.0
1569.7768025,6,1,2,0,1,48.0,0.0
1569.7772935,3,1,1,0,1,45.0,0.0
1569.777378,5,1,1,0,1,48.0,0.0
1569.779073,1,2,1,0,2,45.0,3.352
1569.7797435,6,549,34,18,659,75.0,14363.0
1569.7811805,6,1,4,1,165,46.0,87.358
1569.782052,1,1,2,0,1,47.0,0.0
1569.7827595,3,2,1,0,2,45.0,3.324
1569.7839195,6,128,165,415,2436,98.0,4739000.0
1569.784051,5,39,93,153,973,86.0,400535.0
1569.784052,1,30,123,215,964,86.0,898697.0
1569.784053,4,34,43,37,357,73.0,42232.0
1569.784054,2,39,107,235,938,88.0,1059000.0
1569.7840575,3,59,79,220,1647,84.0,745516.0
1569.785653,1,1,2,0,4,48.0,10.22
1569.7869215,6,1,81,36,1164,68.0,15508.0
1569.7871435,3,2,4,0,2,46.0,6.375
1569.789052,1,1,1,0,1,45.0,0.0
1569.789238,5,1,1,0,1,45.0,0.0
1569.7897255,6,1,2,0,1,46.0,0.0
1569.7913215,6,1,3,0,1,47.0,0.0
1569.7919395,6,250,28,9,426,68.0,3267.0
1569.7922615,3,29,5,0,33,49.0,79.336
1569.7928895,6,1,1,0,5,47.0,13.378
1569.7931805,3,1,3,1,146,49.0,114.0
1569.7934175,6,111,56,22,817,71.0,8919.0
1569.795235,5,2,3,0,2,45.0,3.933
1569.795544,1,1,1,0,1,45.0,0.0
1569.7968335,6,1,1,0,1,45.0,0.0
1569.79714,1,1,1,0,1,45.0,0.0
1569.7977525,6,2,2,0,2,48.0,3.241
1569.7983145,6,164,54,50,965,82.0,100394.0
1569.798476,5,16,45,23,376,71.0,15111.0
1569.7984815,3,30,31,19,310,66.0,9957.0
1569.798486,1,14,48,20,306,69.0,11906.0
1569.798491,2,33,32,21,243,70.0,15044.0
1569.799686,5,1,4,0,1,48.0,0.0
1569.80023,1,1,3,0,1,49.0,0.0
1569.802933,5,2,1,0,3,46.0,9.5
1569.804078,5,1,3,0,64,48.0,81.714
1569.8041135,3,2,3,0,16,48.0,41.929
1569.8041455,6,1,2,0,1,49.0,0.0
1569.8046705,6,2,6,0,8,48.0,26.558
1569.804777,1,1,5,0,22,48.0,42.428
1569.8051405,3,1,1,0,1,45.0,0.0
1569.8053145,6,1,3,0,4,49.0,12.428
1569.8060935,6,10,16,5,145,67.0,2726.0
1569.8074025,6,1,5,0,5,47.0,7.999
1569.8087235,3,1,2,0,1,48.0,0.0
1569.808942,4,1,1,0,1,45.0,0.0
1569.809918,1,1,3,0,18,47.0,36.082
1569.8110105,6,1,1,0,1,46.0,0.0
1569.811304,1,1,2,0,5,46.0,11.89
1569.811989,1,1,3,0,1,47.0,0.0
1569.8124905,6,217,55,32,838,74.0,29004.0
1569.8138715,6,1,6,1,151,48.0,97.171
1569.8148845,6,1,1,0,25,46.0,16.917
1569.8160135,3,2,2,1,143,47.0,86.177
1569.817572,5,1,1,0,1,48.0,0.0
1569.818181,1,1,1,0,1,45.0,0.0
1569.8185015,3,1,1,0,1,45.0,0.0
1569.818922,1,1,4,0,50,49.0,53.451
1569.819561,5,1,2,0,1,47.0,0.0
1569.8202785,6,8,26,10,216,66.0,5520.0
1569.8210025,6,1,2,0,4,48.0,11.271
1569.821452,5,2,4,0,28,48.0,50.746
1569.822386,5,1,1,0,1,49.0,0.0
1569.8230625,6,1,4,0,13,49.0,46.662
1569.824108,5,1,1,0,1,45.0,0.0
1569.826296,1,3,10,1,65,49.0,238.363
1569.827038,1,1,4,1,155,49.0,102.149
1569.8271725,3,1,1,0,1,45.0,0.0
1569.833967,1,1,3,0,23,48.0,40.343
1569.8339815,3,1,1,0,1,45.0,0.0
1569.8346215,6,444,75,29,1296,67.0,8828.0
1569.835717,5,1,2,0,1,45.0,0.0
1569.836811,5,1,2,0,1,46.0,0.0
1569.837573,1,1,3,0,4,47.0,8.372
1569.840257,5,1,2,0,1,46.0,0.0
1569.8419565,6,1,3,0,79,47.0,70.572
1569.8438605,6,218,33,12,536,66.0,4201.0
1569.844148,5,1,2,0,1,47.0,0.0
1569.844747,1,1,1,0,1,45.0,0.0
1569.8457455,3,2,2,0,2,46.0,7.006
1569.8470625,6,1,4,0,46,46.0,39.657
1569.848045,5,20,9,1,71,49.0,115.961
1569.8487925,3,1,1,0,5,48.0,12.838
1569.8490398,6,853,79,45,1188,76.0,40708.0
1569.849353,5,3,31,7,264,67.0,2431.0
1569.849921,4,2,1,0,3,45.0,9.9
1569.850136,5,1,1,0,14,45.0,12.513
1569.8514875,6,1,2,0,1,47.0,0.0
1569.8519887,6,1104,99,35,1378,68.0,12001.0
1569.8547155,3,1,2,0,15,47.0,22.809
1569.854741,1,1,2,0,1,45.0,0.0
1569.855256,5,157,38,15,378,71.0,10712.0
1569.855414,4,2,3,0,2,49.0,4.025
1569.858115,1,12,38,12,189,66.0,6264.0
1569.8590865,6,112,49,31,469,70.0,23438.0
1569.859169,5,9,50,26,317,75.0,28834.0
1569.859175,1,57,55,24,348,66.0,13165.0
1569.85918,2,26,37,26,288,72.0,20394.0
1569.8606525,6,1,1,0,1,46.0,0.0
1569.8617465,3,1,2,0,6,48.0,17.868
1569.8627368,6,697,67,33,993,74.0,24021.0
1569.86341,1,22,47,22,247,68.0,17358.0
1569.863418,5,25,35,12,226,67.0,5911.0
1569.863419,2,25,35,19,247,68.0,11825.0
1569.8653845,6,1,1,0,1,47.0,0.0
1569.8658785,3,1,4,0,16,49.0,50.463
1569.8672065,6,17,30,18,305,71.0,13771.0
1569.8691035,3,2,2,0,16,46.0,25.301
1569.869148,5,7,4,0,13,48.0,48.753
1569.870303,5,1,1,0,1,45.0,0.0
1569.870902,1,12,52,24,362,74.0,20173.0
1569.8709115,6,20,53,23,423,66.0,11219.0
1569.870919,2,19,31,15,283,66.0,6109.0
1569.871919,5,1,1,0,1,45.0,0.0
1569.8734415,6,19,22,10,246,68.0,6327.0
1569.8750105,3,1,8,1,98,49.0,181.746
1569.8752805,6,318,36,13,663,69.0,4847.0
1569.8764745,6,1,2,0,1,48.0,0.0
1569.8809405,6,2,2,0,2,47.0,7.047
1569.88129,1,1,4,0,16,48.0,35.471
1569.8814865,6,8,19,7,135,71.0,5748.0
1569.884703,1,1,2,0,1,46.0,0.0
1569.885462,1,1,1,0,1,45.0,0.0
1569.8860495,3,2,5,0,45,48.0,102.396
1569.8864595,6,50,35,27,252,78.0,47389.0
1569.8883635,6,326,47,16,450,66.0,6711.0
1569.8897845,6,1,1,0,1,45.0,0.0
1569.890455,5,5,27,13,194,73.0,13190.0
1569.8920965,3,1,4,1,191,47.0,118.694
1569.8931935,6,1,4,0,1,48.0,0.0
1569.8932205,3,1,1,0,1,45.0,0.0
1569.8936985,6,1,1,0,1,45.0,0.0
1569.894546,5,1,1,0,1,45.0,0.0
1569.8954785,6,529,72,27,1348,71.0,9445.0
1569.8963725,3,1,2,0,1,45.0,0.0
1569.896376,5,1,2,0,4,48.0,11.37
1569.8974015,3,1,3,0,1,48.0,0.0
1569.899859,5,1,1,0,1,47.0,0.0
1569.8998785,6,1,3,0,13,48.0,24.458
1569.9004565,6,658,48,17,885,68.0,5493.0
1569.900822,1,1,1,0,1,45.0,0.0
1569.901766,1,2,2,0,2,46.0,3.813
1569.9017765,3,1,2,0,22,48.0,50.802
1569.9019975,6,574,64,30,1061,71.0,15700.0
1569.902796,5,1,2,0,1,48.0,0.0
1569.9037685,3,1,1,0,1,45.0,0.0
1569.904997,1,1,6,0,18,48.0,36.817
1569.906212,5,1,2,0,1,47.0,0.0
1569.906971,5,1,2,0,1,47.0,0.0
1569.908032,1,2,1,0,2,45.0,6.569
1569.9084195,6,1,1,0,5,47.0,10.285
1569.9088945,3,1,5,0,59,49.0,88.16
1569.9102455,6,1,3,0,21,47.0,26.637
1569.9125275,6,1,2,0,12,46.0,17.467
1569.9132945,6,1,1,0,1,45.0,0.0
1569.913789,1,2,4,0,42,49.0,64.751
1569.9144605,6,3,15,5,117,67.0,2875.0
1569.91453,1,52,3,0,53,49.0,57.225
1569.9158565,3,1,2,0,7,47.0,14.637
1569.915987,5,2,4,0,48,48.0,74.364
1569.9166805,6,1,3,0,1,49.0,0.0
1569.9172485,6,1,3,0,1,46.0,0.0
1569.921442,1,1,2,0,4,49.0,17.856
1569.922067,1,1,1,0,1,45.0,0.0
1569.9224895,6,1,1,0,1,45.0,0.0
1569.9231715,6,612,46,22,769,76.0,17969.0
1569.9232925,3,1,2,0,12,47.0,24.968
1569.9269535,6,1,7,1,122,49.0,101.816
1569.927342,1,1,5,0,1,47.0,0.0
1569.9279895,3,1,1,0,1,45.0,0.0
1569.9287985,3,1,1,0,1,45.0,0.0
1569.931586,5,1,1,0,1,46.0,0.0
1569.9318445,6,2,32,12,337,71.0,7593.0
1569.9327185,6,2,6,1,109,48.0,117.494
1569.9347945,6,625,44,23,902,75.0,15829.0
1569.935053,1,1,2,0,32,47.0,42.198
1569.935064,5,1,2,0,1,46.0,0.0
1569.9350705,3,1,1,0,1,45.0,0.0
1569.9363085,6,1,1,0,1,46.0,0.0
1569.93945,1,1,2,0,1,45.0,0.0
1569.9409955,6,1,1,0,1,47.0,0.0
1569.941242,1,1,1,0,1,45.0,0.0
1569.9419405,6,1,1,0,1,45.0,0.0
1569.9423065,3,1,6,1,114,48.0,140.263
1569.943035,1,1,2,0,1,46.0,0.0
1569.943416,5,1,1,0,1,45.0,0.0
1569.944261,1,1,3,0,17,48.0,17.127
1569.9445185,3,1,3,0,55,49.0,82.975
1569.9450715,6,274,46,22,499,72.0,15477.0
1569.945341,4,1,2,0,1,49.0,0.0
1569.947186,1,1,4,0,8,48.0,11.637
1569.94722,5,2,1,0,2,45.0,3.784
1569.947725,5,1,3,0,1,48.0,0.0
1569.9477905,6,419,36,11,493,66.0,2997.0
1569.947793,1,1,3,0,9,49.0,24.34
1569.9480005,3,1,2,0,12,48.0,28.432
1569.9489345,3,1,4,0,23,49.0,50.908
1569.9495515,6,261,42,18,660,68.0,7480.0
1569.950546,1,12,37,15,258,69.0,7841.0
1569.950604,4,2,2,0,2,48.0,3.132
1569.9512715,3,1,9,5,502,49.0,385.569
1569.9543565,6,1,2,0,4,47.0,9.499
1569.95473,1,1,2,0,1,48.0,0.0
1569.956239,5,1,2,0,24,47.0,26.342
1569.9581885,6,1,2,0,1,46.0,0.0
1569.959797,5,1,5,1,94,48.0,91.148
1569.959876,1,1,2,0,1,46.0,0.0
1569.9606565,6,684,83,33,1298,73.0,14849.0
1569.962424,5,1,4,0,1,47.0,0.0
1569.9625555,6,1,2,0,1,46.0,0.0
1569.962886,1,1,1,0,1,45.0,0.0
1569.963597,1,1,4,0,4,47.0,8.363
1569.9654538,6,164,44,21,375,71.0,15163.0
1569.9663645,3,1,1,0,1,45.0,0.0
1569.9675595,6,2,2,0,4,49.0,20.3
1569.967998,5,1,7,1,65,49.0,130.992
1569.9688015,3,1,1,0,1,45.0,0.0
1569.9697915,3,1,2,0,4,46.0,8.284
1569.9709395,6,29,46,20,770,67.0,7709.0
1569.9713665,3,1,1,0,5,46.0,10.549
1569.971408,1,1,1,0,1,46.0,0.0
1569.971995,5,173,6,2,175,48.0,174.104
1569.9720255,3,1,5,1,111,49.0,118.3
1569.972293,1,1,1,0,1,45.0,0.0
1569.9729075,6,192,28,15,549,72.0,9295.0
1569.97513,1,1,1,0,1,46.0,0.0
1569.9761665,6,381,26,10,547,66.0,2709.0
1569.9765045,3,1,4,0,13,49.0,34.205
1569.9771815,3,1,8,1,93,49.0,163.868
1569.9780955,6,994,74,33,1228,71.0,15782.0
1569.9781365,3,1,1,0,1,45.0,0.0
1569.978854,1,1,2,0,1,45.0,0.0
1569.982698,1,2,4,0,15,49.0,42.638
1569.9834315,3,1,1,0,1,45.0,0.0
1569.9840035,3,1,1,0,1,45.0,0.0
1569.9862855,6,1,4,0,5,49.0,14.716
1569.986632,1,1,1,0,1,45.0,0.0
1569.9872055,6,10,23,11,460,67.0,4833.0
1569.9887715,6,1201,103,57,2275,75.0,32539.0
1569.989226,1,1,1,0,1,46.0,0.0
1569.989313,5,1,4,1,172,47.0,55.003
1569.9897268,1,1,2,0,1,48.0,0.0
1569.9897445,3,1,1,0,1,45.0,0.0
1569.989972,2,43,42,24,275,68.0,15323.0
1569.9905445,3,1,1,0,1,45.0,0.0
1569.991067,1,2,2,0,3,49.0,13.381
1569.9915635,6,7,24,13,207,71.0,11072.0
1569.992388,5,1,1,0,1,45.0,0.0
1569.9956185,6,149,75,30,875,72.0,14770.0
1569.995764,4,1,2,0,1,49.0,0.0
1569.997335,5,34,41,16,275,66.0,7908.0
1569.997347,2,16,34,19,230,69.0,13712.0
1569.997349,1,58,44,17,277,68.0,9580.0
1569.9981355,3,1,4,0,45,48.0,68.384
1569.998478,5,2,1,0,2,47.0,3.695
1569.999367,5,1,1,0,1,47.0,0.0
1570.0013105,6,1,5,0,1,48.0,0.0
1570.0019155,6,183,25,10,309,68.0,5514.0
1570.0028015,6,1,2,0,1,46.0,0.0
1570.0031565,3,1,2,0,1,46.0,0.0
1570.003167,1,1,2,0,1,48.0,0.0
1570.003868,5,2,12,5,164,67.0,2699.0
1570.004019,1,1,1,0,1,45.0,0.0
1570.004935,5,20,36,14,207,67.0,9817.0
1570.004944,2,31,23,11,160,67.0,6308.0
1570.0057805,3,1,3,0,6,47.0,12.379
1570.0090535,6,252,63,29,787,71.0,16802.0
1570.0107175,6,18,73,26,1250,68.0,6645.0
1570.0116225,3,1,5,1,81,49.0,133.47
1570.0133385,6,1323,79,38,1592,74.0,22117.0
1570.0138415,3,1,4,0,22,48.0,45.403
1570.013855,1,1,2,0,7,48.0,20.421
1570.0154385,6,1,1,0,43,47.0,46.916
1570.018363,1,1,1,0,1,46.0,0.0
1570.020344,1,1,1,0,1,45.0,0.0
1570.021853,5,1,3,0,1,48.0,0.0
1570.021902,1,197,22,10,312,73.0,8596.0
1570.0236,1,1,1,0,1,45.0,0.0
1570.024178,1,2,2,0,3,49.0,12.331
1570.02487,5,1,1,0,1,45.0,0.0
1570.025786,5,1,4,0,1,47.0,0.0
1570.025855,1,1,2,0,1,46.0,0.0
1570.026615,5,1,1,0,1,48.0,0.0
1570.028536,1,1,1,0,1,45.0,0.0
1570.029962,5,1,1,0,1,46.0,0.0
1570.0308205,6,6,31,15,379,71.0,10205.0
1570.030872,5,1,4,0,14,49.0,34.076
1570.03166,5,2,3,0,9,47.0,36.85
1570.0317165,6,2,3,0,14,48.0,31.826
1570.031728,1,1,2,0,1,47.0,0.0
1570.0342975,3,1,1,0,1,46.0,0.0
1570.034298,5,1,2,0,1,46.0,0.0
1570.0348255,6,1,4,0,1,49.0,0.0
1570.034917,5,2,2,0,4,47.0,14.722
1570.036711,5,5,31,22,323,75.0,27974.0
1570.036741,4,2,2,0,2,49.0,12.046
1570.037742,1,1,4,0,1,48.0,0.0
1570.0378255,6,288,115,61,1513,75.0,47960.0
1570.037972,2,160,64,36,821,66.0,14580.0
1570.0405035,6,41,13,4,141,66.0,2055.0
1570.0410708,5,146,27,10,273,71.0,5661.0
1570.0412265,6,680,69,30,1000,67.0,11158.0
1570.0427405,6,8,12,10,64,74.0,20311.0
1570.0431965,3,1,4,0,30,48.0,54.814
1570.043209,1,1,2,0,1,49.0,0.0
1570.043329,5,2,3,0,2,46.0,6.886
1570.0438825,6,1,1,0,1,45.0,0.0
1570.0444095,6,1,3,0,1,48.0,0.0
1570.044757,1,17,9,0,27,49.0,97.209
1570.044774,5,1,8,2,194,48.0,199.32
1570.0449365,6,291,37,16,568,67.0,6141.0
1570.0449805,3,2,1,0,2,45.0,3.435
1570.0480385,6,1,4,0,70,47.0,67.687
1570.0486165,6,193,51,23,367,74.0,18373.0
1570.04883,4,4,2,0,5,47.0,16.366
1570.050874,1,2,35,17,297,72.0,12434.0
1570.050887,2,2,26,15,210,68.0,10267.0
1570.0511465,6,1,3,0,39,48.0,51.101
1570.0516935,6,1,4,0,32,49.0,78.107
1570.052279,5,1,1,0,1,45.0,0.0
1570.0527055,3,1,1,0,1,46.0,0.0
1570.055481,1,1,1,0,1,45.0,0.0
1570.0570625,6,2,2,0,2,48.0,8.535
1570.057668,5,2,3,0,16,49.0,48.621
1570.0585915,3,1,2,0,4,48.0,12.407
1570.0588775,6,2,2,0,2,46.0,4.529
1570.059612,1,1,5,0,1,48.0,0.0
1570.0603365,6,1,5,0,62,49.0,97.7
1570.0613615,3,1,5,0,45,49.0,76.461
1570.0623995,6,258,73,35,1481,71.0,15520.0
1570.0670595,6,1,4,1,177,48.0,105.285
1570.068472,1,1,5,0,58,47.0,79.291
1570.0699475,6,7,33,18,380,74.0,17034.0
1570.0709495,6,233,55,24,567,69.0,12821.0
1570.0720175,6,36,18,5,204,66.0,2168.0
1570.0726585,3,1,2,0,9,46.0,19.036
1570.072948,1,1,8,1,84,49.0,152.817
1570.0741715,6,1,3,0,26,49.0,48.041
1570.074325,1,1,1,0,1,46.0,0.0
1570.07496,1,1,1,0,1,45.0,0.0
1570.0760405,6,391,98,49,1642,77.0,49036.0
1570.077178,5,2,3,0,18,48.0,48.934
1570.078906,1,1,5,0,81,48.0,70.212
1570.0790235,3,1,3,1,134,46.0,60.609
1570.08275,5,1,11,3,247,49.0,317.788
1570.0827845,3,1,4,1,175,48.0,125.4
1570.083246,2,16,34,17,236,67.0,8906.0
1570.0835345,3,1,1,0,1,45.0,0.0
1570.0850065,3,1,4,1,69,48.0,102.796
1570.0878955,6,102,119,54,1712,77.0,40483.0
1570.089414,1,1,2,0,1,46.0,0.0
1570.0901095,6,607,132,75,1462,75.0,61852.0
1570.090413,1,367,65,23,573,67.0,8185.0
1570.0904445,3,315,60,30,966,66.0,10631.0
1570.090555,2,183,49,30,369,70.0,19685.0
1570.0921815,6,547,142,141,1429,83.0,338813.0
1570.092257,1,535,149,71,1134,76.0,65299.0
1570.0922795,3,507,91,56,1128,73.0,39390.0
1570.092281,5,458,136,70,1123,71.0,54480.0
1570.09235,2,400,105,86,872,78.0,113047.0
1570.0946895,6,347,77,26,1368,66.0,5288.0
1570.096495,5,1,4,0,39,48.0,37.822
1570.0965235,3,1,1,0,1,45.0,0.0
1570.096829,1,1,3,0,1,48.0,0.0
1570.097303,5,2,6,0,24,48.0,76.246
1570.0973385,3,1,1,0,1,45.0,0.0
1570.0984495,6,4,19,7,118,69.0,5397.0
1570.098492,4,1,2,0,1,48.0,0.0
1570.0992485,6,245,29,11,374,66.0,3792.0
1570.099527,1,1,6,0,40,48.0,86.663
1570.0995465,3,1,1,0,1,45.0,0.0
1570.1001185,3,1,1,0,4,45.0,6.711
1570.100566,5,1,3,0,1,49.0,0.0
1570.1048785,6,608,69,32,1830,66.0,7854.0
1570.1055135,3,1,2,0,11,49.0,46.618
1570.106682,1,1,4,0,1,48.0,0.0
1570.1066855,3,1,2,0,12,48.0,28.246
1570.106708,5,1,1,0,1,45.0,0.0
1570.1077455,6,348,54,20,817,67.0,6467.0
1570.1086765,3,2,2,0,2,45.0,4.927
1570.1092925,6,603,54,29,747,70.0,17508.0
1570.109932,4,1,1,0,1,47.0,0.0
1570.1099695,3,1,4,1,131,49.0,153.565
1570.1105665,6,744,170,229,1948,96.0,2195000.0
1570.110638,1,1,2,0,1,47.0,0.0
1570.1108895,3,1,3,1,176,45.0,98.818
1570.111321,1,71,80,55,509,76.0,61256.0
1570.111323,4,12,22,8,198,68.0,3901.0
1570.1142115,6,1061,109,45,1472,72.0,24863.0
1570.114481,5,1,2,0,1,49.0,0.0
1570.1162255,6,1,5,1,144,49.0,112.631
1570.117279,1,1,3,0,11,49.0,36.92
1570.118071,1,1,1,0,1,45.0,0.0
1570.1180825,3,1,1,0,1,45.0,0.0
1570.1196825,3,1,5,0,1,49.0,0.0
1570.12041,5,1,1,0,1,49.0,0.0
1570.1205195,6,182,88,38,1488,73.0,21655.0
1570.1224165,3,2,9,4,318,49.0,360.181
1570.125188,1,1,1,0,1,45.0,0.0
1570.1255295,6,11,28,15,205,76.0,22420.0
1570.125541,4,1,1,0,1,45.0,0.0
1570.125707,1,1,3,0,35,48.0,49.315
1570.1262495,6,348,38,22,622,79.0,32583.0
1570.1285025,6,34,37,30,327,79.0,55447.0
1570.1293315,6,1135,97,34,1921,66.0,7128.0
1570.130497,1,1,6,0,60,47.0,77.568
1570.131755,5,1,1,0,1,45.0,0.0
1570.1327835,3,1,5,1,188,47.0,112.84
1570.1336385,3,1,1,0,6,49.0,20.358
1570.133827,1,1,2,0,1,48.0,0.0
1570.1346205,6,1561,281,230,4444,92.0,975751.0
1570.134901,1,1,4,0,36,48.0,41.868
1570.1349205,3,1,2,0,105,46.0,53.278
1570.135598,1,1,4,1,138,48.0,103.672
1570.1356455,3,1,1,0,1,45.0,0.0
1570.136177,5,70,64,56,768,73.0,45811.0
1570.136186,2,46,73,69,690,76.0,86171.0
1570.1361875,3,23,78,98,878,78.0,178176.0
1570.1362358,1,48,105,59,1274,74.0,50167.0
1570.1387855,3,2,5,0,18,49.0,35.891
1570.138808,1,1,1,0,1,46.0,0.0
1570.1396515,3,2,3,1,158,49.0,96.213
1570.139889,1,1,1,0,1,46.0,0.0
1570.1403535,3,1,3,0,1,46.0,0.0
1570.1404165,6,443,96,58,1260,81.0,77214.0
1570.140756,2,230,32,17,313,66.0,8742.0
1570.1409317,1,14,32,12,218,68.0,6042.0
1570.1430435,6,170,32,16,358,67.0,8032.0
1570.1441215,6,362,123,105,1682,85.0,319992.0
1570.144241,1,273,60,30,642,69.0,17559.0
1570.1442475,3,282,40,33,768,71.0,21117.0
1570.14427,2,287,45,28,521,71.0,17733.0
1570.1465465,3,1,2,0,1,46.0,0.0
1570.1488265,3,1,2,0,1,46.0,0.0
1570.1492985,6,119,142,72,2409,78.0,67046.0
1570.149409,2,42,29,12,178,66.0,5399.0
1570.15026,1,6,4,0,40,49.0,87.888
1570.150264,5,1,2,0,1,48.0,0.0
1570.150797,5,1,2,0,1,48.0,0.0
1570.1508015,3,2,1,0,2,45.0,4.025
1570.1516835,3,1,2,0,1,45.0,0.0
1570.151753,1,1,2,0,1,48.0,0.0
1570.153298,1,74,4,1,75,49.0,90.694
1570.15358,5,1,1,0,1,45.0,0.0
1570.1540065,3,1,1,0,1,45.0,0.0
1570.1541565,6,856,83,35,1346,69.0,12416.0
1570.155785,5,4,6,1,172,49.0,155.666
1570.1557885,3,1,4,1,161,48.0,132.05
1570.1562385,6,1207,77,29,1538,66.0,6783.0
1570.156707,5,1,3,1,125,47.0,79.393
1570.156829,1,1,4,0,22,49.0,75.452
1570.1568505,3,1,1,0,1,45.0,0.0
1570.1574665,3,2,4,0,26,48.0,38.484
1570.158192,4,1,4,0,36,49.0,80.478
1570.1599815,3,1,3,0,69,48.0,58.221
1570.1602015,6,676,50,16,760,66.0,4481.0
1570.160671,1,1,3,0,1,47.0,0.0
1570.1609115,3,1,5,0,9,48.0,14.069
1570.1615595,6,1,4,0,1,47.0,0.0
1570.1630765,6,2,4,0,5,49.0,33.037
1570.163094,1,2,1,0,3,47.0,8.842
1570.1635825,6,284,57,20,758,68.0,7807.0
1570.1635825,3,1,4,0,70,49.0,78.028
1570.16424,1,1,1,0,1,46.0,0.0
1570.1653095,3,1,4,0,99,47.0,74.544
1570.167173,5,1,4,0,42,49.0,70.823
1570.1680905,6,16,72,26,991,66.0,8265.0
1570.1695817,6,126,46,18,448,69.0,8353.0
1570.170608,5,1,2,0,1,46.0,0.0
1570.1711985,3,2,2,0,2,45.0,3.784
1570.171908,5,1,2,0,1,48.0,0.0
1570.172539,1,1,2,0,1,48.0,0.0
1570.172981,5,1,6,1,91,49.0,86.41
1570.173062,1,1,2,0,1,47.0,0.0
1570.177416,1,1,5,0,1,48.0,0.0
1570.1782035,6,966,177,85,2521,76.0,61257.0
1570.1791655,3,20,24,11,260,66.0,5289.0
1570.1812248,6,778,136,56,1543,71.0,27327.0
1570.1819945,3,50,4,1,89,49.0,106.833
1570.182153,5,1,5,0,1,48.0,0.0
1570.182678,1,1,6,1,101,49.0,124.492
1570.1832685,6,3224,287,146,4005,84.0,219051.0
1570.183815,1,1,4,0,1,47.0,0.0
1570.184042,5,1,2,0,1,47.0,0.0
1570.186431,1,102,46,22,501,69.0,12406.0
1570.186493,2,37,34,21,400,67.0,11039.0
1570.1877875,6,407,74,35,1375,79.0,32334.0
1570.187922,5,1,6,1,76,49.0,118.644
1570.1879585,3,1,5,0,17,48.0,29.064
1570.1902245,3,1,1,0,1,45.0,0.0
1570.19105,5,2,1,0,3,46.0,10.408
1570.191718,5,4,4,0,5,47.0,16.107
1570.191739,1,1,4,0,11,47.0,16.68
1570.1920255,6,165,142,51,2621,70.0,12895.0
1570.193747,1,653,39,14,737,68.0,4244.0
1570.1955175,3,1,2,0,12,49.0,25.473
1570.1961905,6,940,79,36,1235,74.0,28802.0
1570.196207,1,1,1,0,1,48.0,0.0
1570.1966775,3,1,2,0,5,46.0,11.48
1570.196781,5,1,1,0,1,45.0,0.0
1570.197307,5,1,3,0,1,48.0,0.0
1570.197937,1,1,1,0,1,45.0,0.0
1570.1982345,3,1,2,0,1,48.0,0.0
1570.1994175,3,1,1,0,4,48.0,11.78
1570.200471,5,140,22,11,227,71.0,8854.0
1570.201026,4,2,3,0,7,48.0,35.452
1570.201263,1,1,2,0,1,48.0,0.0
1570.2024335,6,1,2,0,1,45.0,0.0
1570.2026375,3,1,3,0,4,47.0,7.519
1570.20267,5,2,4,0,2,49.0,6.108
1570.2029375,6,364,46,20,1265,70.0,5255.0
1570.2033075,3,1,3,0,69,48.0,78.464
1570.203322,1,2,3,0,3,46.0,6.93
1570.203345,5,1,2,0,1,46.0,0.0
1570.203846,5,1,2,0,7,47.0,15.309
1570.203847,1,75,18,6,151,66.0,3285.0
1570.2047205,6,87,316,125,4619,69.0,42309.0
1570.204834,4,1,1,0,1,45.0,0.0
1570.2058105,3,1,1,0,1,45.0,0.0
1570.2071675,3,1,1,0,1,45.0,0.0
1570.2082645,3,1,5,1,68,48.0,100.973
1570.208539,5,345,58,27,628,71.0,18265.0
1570.208674,2,216,49,25,533,69.0,12263.0
1570.2088605,3,56,32,17,387,67.0,7448.0
1570.2098275,3,1,1,0,1,45.0,0.0
1570.2098545,6,1383,361,150,5587,73.0,57705.0
1570.211238,1,21,38,15,250,66.0,7842.0
1570.211262,4,1,1,0,1,45.0,0.0
1570.211948,5,1,2,0,1,47.0,0.0
1570.2120225,3,1,2,0,1,46.0,0.0
1570.21205,1,1,5,1,104,48.0,98.122
1570.2166915,6,3510,287,132,4045,81.0,113329.0
1570.2171155,3,1,6,1,72,49.0,110.881
1570.2189815,3,1,1,0,1,45.0,0.0
1570.219021,5,1,1,0,1,46.0,0.0
1570.219035,1,1,2,0,1,47.0,0.0
1570.21967,5,2,2,0,3,48.0,6.906
1570.219915,1,320,80,30,717,68.0,15105.0
1570.2199235,3,333,49,24,691,68.0,8749.0
1570.219979,2,346,45,31,665,67.0,15317.0
1570.220199,5,57,48,19,362,66.0,9824.0
1570.2212725,6,3545,417,197,4939,79.0,178630.0
1570.22133,4,2,1,0,3,48.0,7.369
1570.222205,5,1,3,0,1,49.0,0.0
1570.2237065,3,1,1,0,56,47.0,40.838
1570.2242995,3,1,6,2,200,49.0,202.897
1570.224818,2,27,60,33,910,68.0,12223.0
1570.22738,5,3,2,0,5,48.0,25.24
1570.2287135,3,1,1,0,88,46.0,53.088
1570.229787,1,2,2,0,3,48.0,11.262
1570.2308465,6,2,24,8,202,69.0,4923.0
1570.2331155,6,669,117,64,1750,81.0,67688.0
1570.2348765,3,1,1,0,1,45.0,0.0
1570.236104,1,1,3,1,125,47.0,71.288
1570.236638,5,76,50,29,389,77.0,41321.0
1570.2366705,6,66,214,77,3291,66.0,19024.0
1570.2376685,3,1,2,1,194,47.0,59.118
1570.2385065,3,1,3,1,159,47.0,68.593
1570.239459,5,1,4,0,1,49.0,0.0
1570.2406085,6,114,81,29,907,68.0,10077.0
1570.241588,5,1,2,0,17,47.0,38.28
1570.2419835,3,1,1,0,22,48.0,18.224
1570.241994,1,1,2,0,1,47.0,0.0
1570.2429075,6,45,59,22,663,70.0,9951.0
1570.2437825,3,1,1,0,1,45.0,0.0
1570.2441155,6,955,387,152,5680,70.0,48185.0
1570.244969,4,1,1,0,1,49.0,0.0
1570.2459,1,1,4,0,9,48.0,28.152
1570.2460675,3,1,1,0,1,45.0,0.0
1570.2465825,3,1,1,0,1,45.0,0.0
1570.248052,5,7,4,0,8,49.0,24.785
1570.2480795,3,1,1,0,5,47.0,12.519
1570.250046,1,1,5,0,53,47.0,58.009
1570.250407,5,1,1,0,1,45.0,0.0
1570.2509305,3,1,1,0,1,45.0,0.0
1570.2513617,6,90,73,34,1160,74.0,18113.0
1570.2530355,6,19,48,22,502,69.0,12543.0
1570.253043,2,88,37,16,206,66.0,8683.0
1570.2540165,3,1,2,0,26,49.0,27.161
1570.2547815,6,2,47,35,416,78.0,69656.0
1570.254832,4,1,3,0,1,47.0,0.0
1570.255431,1,157,41,17,350,68.0,9704.0
1570.256293,1,1,3,1,67,49.0,90.531
1570.2572265,6,156,159,66,2352,70.0,28944.0
1570.2589125,3,1,2,0,1,45.0,0.0
1570.2610685,6,94,186,65,3118,71.0,15795.0
1570.262094,1,3,5,0,78,48.0,90.143
1570.2621635,3,1,1,0,1,45.0,0.0
1570.262993,5,2,3,0,2,48.0,3.241
1570.2639985,3,1,5,0,42,48.0,67.691
1570.264024,5,1,3,0,1,48.0,0.0
1570.2646905,6,947,106,40,2300,69.0,8838.0
1570.265788,1,2,2,0,3,47.0,8.872
1570.266883,1,1,6,0,41,49.0,84.372
1570.267888,1,133,106,65,1004,78.0,82268.0
1570.2679085,3,126,72,53,1140,71.0,35393.0
1570.267926,2,102,87,62,901,72.0,51456.0
1570.268005,5,22,95,45,850,70.0,27688.0
1570.2681558,6,444,90,48,942,72.0,28345.0
1570.2696275,6,750,87,38,1318,68.0,13338.0
1570.2699545,3,1,3,1,134,47.0,85.114
1570.2715045,6,818,353,174,5202,85.0,198788.0
1570.272342,4,1,1,0,1,48.0,0.0
1570.2739905,3,1,5,1,95,49.0,111.6
1570.2764325,3,2,1,0,2,45.0,4.025
1570.2778305,6,1273,73,26,1418,67.0,6551.0
1570.2781565,3,1,2,0,1,46.0,0.0
1570.2796015,3,42,32,18,460,68.0,7586.0
1570.281595,1,1,9,0,45,49.0,104.898
1570.282562,5,474,56,27,774,71.0,15676.0
1570.2828165,3,238,45,28,590,70.0,20401.0
1570.282822,2,211,49,35,517,71.0,26669.0
1570.282946,1,126,58,31,485,70.0,20311.0
1570.2829645,6,59,107,80,1224,82.0,120223.0
1570.2851795,3,1,1,0,1,45.0,0.0
1570.285191,1,1,2,0,1,46.0,0.0
1570.2865995,6,1627,154,60,2033,71.0,23533.0
1570.2877515,3,1,1,0,1,45.0,0.0
1570.289036,5,1,2,0,21,48.0,23.071
1570.2891585,6,356,62,26,851,67.0,10290.0
1570.2891925,3,2,2,0,10,46.0,20.555
1570.289505,2,44,38,19,353,66.0,8764.0
1570.2905098,6,2,23,15,274,78.0,24409.0
1570.2905425,3,1,3,0,54,49.0,70.453
1570.290552,1,1,6,0,23,49.0,45.015
1570.2919115,6,2093,331,292,4297,88.0,1049000.0
1570.2931075,3,1,1,0,1,45.0,0.0
1570.293633,5,385,78,73,1000,78.0,112394.0
1570.2937315,3,276,69,93,1114,81.0,212988.0
1570.293808,2,201,61,105,700,80.0,256801.0
1570.293991,4,18,28,14,298,66.0,5191.0
1570.29514,5,2,2,0,3,48.0,12.391
1570.2965005,3,1,1,0,1,45.0,0.0
1570.296527,1,1,2,0,1,45.0,0.0
1570.2974665,3,1,2,0,1,45.0,0.0
1570.298573,5,1,3,0,6,48.0,21.832
1570.2987055,3,1,2,0,5,47.0,13.359
1570.298729,1,1,3,0,13,47.0,27.134
1570.2998065,3,1,4,0,31,48.0,51.066
1570.3004385,3,1,2,0,18,46.0,22.755
1570.3014945,3,2,1,0,6,48.0,19.302
1570.301575,1,1,1,0,1,45.0,0.0
1570.3024055,6,788,73,30,1038,77.0,17897.0
1570.3025665,3,1,2,0,1,45.0,0.0
1570.3031995,3,2,7,0,49,48.0,72.908
1570.303214,5,1,6,0,30,49.0,64.74
1570.303933,1,1,3,0,73,46.0,72.415
1570.3050315,6,664,263,115,3444,73.0,56372.0
1570.306602,5,623,71,22,985,68.0,5629.0
1570.308121,5,3,16,5,86,66.0,2663.0
1570.3081555,3,170,6,1,182,49.0,147.64
1570.3088975,3,1,2,0,97,47.0,60.637
1570.3090025,6,513,131,45,1603,66.0,12975.0
1570.30934,2,170,49,24,421,66.0,11856.0
1570.309464,5,18,42,16,326,70.0,9412.0
1570.309488,4,1,3,0,40,49.0,96.058
1570.3095018,1,7,85,30,926,67.0,12252.0
1570.3111465,6,1392,256,124,3848,75.0,77883.0
1570.314932,1,1,2,0,1,46.0,0.0
1570.3153275,3,2,1,0,2,45.0,4.66
1570.3158525,3,1,4,0,17,47.0,48.151
1570.316334,5,1,1,0,10,46.0,15.669
1570.3165695,6,1,4,0,1,49.0,0.0
1570.316926,1,1,7,2,188,48.0,213.171
1570.3170815,6,3110,435,219,5591,82.0,177185.0
1570.318536,2,12,50,25,361,67.0,13193.0
1570.3202537,3,1,27,14,261,70.0,8484.0
1570.3202557,2,12,28,13,208,66.0,6643.0
1570.321833,5,1,1,0,1,45.0,0.0
1570.3232475,6,100,61,28,636,70.0,14693.0
1570.323324,1,53,47,19,324,70.0,12023.0
1570.323337,5,35,35,11,291,66.0,3755.0
1570.323378,4,2,1,0,3,47.0,8.696
1570.3244565,6,212,165,84,2065,82.0,106336.0
1570.324687,4,1,2,0,1,48.0,0.0
1570.325536,5,1,1,0,1,48.0,0.0
1570.326046,4,1,1,0,1,46.0,0.0
1570.3271915,3,1,2,0,1,47.0,0.0
1570.3282225,6,542,70,25,915,66.0,7540.0
1570.329659,5,1,3,0,31,46.0,35.352
1570.3296905,3,1,1,0,1,46.0,0.0
1570.329707,1,1,1,0,1,47.0,0.0
1570.3304485,6,2390,214,81,3257,72.0,29371.0
1570.330885,1,173,60,22,424,70.0,12885.0
1570.330886,2,180,44,22,447,68.0,9036.0
1570.3321965,3,1,3,0,1,49.0,0.0
1570.3340745,3,1,2,0,36,49.0,69.005
1570.334097,1,1,6,0,33,49.0,71.236
1570.3349875,6,22,34,15,248,70.0,9998.0
1570.3357665,6,1458,566,253,8931,83.0,179404.0
1570.336165,4,1,4,1,79,49.0,115.339
1570.3385465,3,1,1,0,1,45.0,0.0
1570.340145,4,1,1,0,1,45.0,0.0
1570.3411875,3,1,1,0,1,45.0,0.0
1570.341531,5,1,2,0,1,47.0,0.0
1570.3433875,3,1,2,0,1,46.0,0.0
1570.343414,1,2,5,0,6,49.0,36.177
1570.3449785,3,1,1,0,1,45.0,0.0
1570.3465155,6,702,194,83,3165,71.0,30696.0
1570.3467135,3,2,3,0,39,49.0,70.841
1570.348761,5,3,4,0,4,49.0,16.545
1570.349353,1,1,10,1,138,49.0,172.681
1570.3494485,3,1,1,0,53,47.0,40.282
1570.3501807,6,1203,153,68,1988,77.0,38326.0
1570.3511085,3,2,3,0,34,48.0,53.896
1570.3516975,3,1,1,0,1,45.0,0.0
1570.352627,5,1,1,0,1,46.0,0.0
1570.3528075,6,1131,144,61,2434,77.0,37463.0
1570.3558155,3,1,5,3,329,49.0,197.365
1570.356083,5,1,2,0,1,49.0,0.0
1570.356091,1,1,1,0,1,45.0,0.0
1570.357634,5,1,4,2,194,49.0,161.398
1570.357863,1,1,1,0,1,45.0,0.0
1570.3579085,6,736,263,120,3397,82.0,105959.0
1570.359609,1,1,1,0,1,47.0,0.0
1570.360235,1,584,68,22,998,67.0,5104.0
1570.361667,5,1,1,0,1,45.0,0.0
1570.3618715,6,1661,142,58,2319,69.0,18744.0
1570.362955,1,2,4,0,3,49.0,9.546
1570.3639515,3,1,1,0,1,47.0,0.0
1570.3646915,6,2322,272,182,3254,85.0,317815.0
1570.36639,4,1,1,0,1,47.0,0.0
1570.366999,2,34,39,28,267,72.0,24765.0
1570.367265,5,1,4,0,27,49.0,52.165
1570.3684535,6,213,492,209,7815,75.0,93275.0
1570.371419,1,1,2,0,1,48.0,0.0
1570.371616,5,220,72,30,641,70.0,19286.0
1570.3728785,3,1,2,0,1,47.0,0.0
1570.3742155,3,1,1,0,1,45.0,0.0
1570.374283,5,163,2,1,165,49.0,71.325
1570.3749695,3,1,6,1,133,49.0,180.222
1570.3768175,6,569,81,35,962,71.0,18886.0
1570.3782865,6,197,119,54,1560,73.0,26819.0
1570.378453,1,38,78,25,739,69.0,10073.0
1570.378469,5,262,65,21,716,67.0,7523.0
1570.378473,2,19,39,20,357,67.0,9450.0
1570.379841,1,1,1,0,1,49.0,0.0
1570.3798655,3,1,1,0,1,45.0,0.0
1570.3804265,6,2731,253,142,3141,82.0,149320.0
1570.380462,5,2,2,0,2,48.0,3.813
1570.3809,1,228,107,40,1058,72.0,21847.0
1570.3811095,3,35,55,27,815,67.0,10888.0
1570.381137,4,1,3,0,23,49.0,44.213
1570.3825595,3,1,9,2,168,49.0,195.884
1570.3832425,3,1,2,0,4,47.0,9.275
1570.383286,1,1,6,2,164,47.0,149.173
1570.3841175,6,6826,847,519,10719,91.0,1026000.0
1570.3848997,1,18,48,20,330,66.0,10356.0
1570.385736,1,59,44,19,280,69.0,11595.0
1570.385748,2,29,32,18,228,67.0,10887.0
1570.3857498,5,12,47,24,660,70.0,14551.0
1570.3857578,3,22,24,14,367,66.0,6126.0
1570.38689,2,203,46,25,489,67.0,10958.0
1570.388325,5,1,1,0,1,45.0,0.0
1570.3892035,3,2,5,0,23,49.0,72.797
1570.3897785,3,1,2,0,1,45.0,0.0
1570.390813,1,1040,165,84,1865,76.0,75383.0
1570.3909725,3,885,99,55,1226,72.0,35891.0
1570.3919158,5,22,40,14,305,66.0,6851.0
1570.3919297,2,10,29,15,229,67.0,9220.0
1570.3927675,3,1,1,0,1,45.0,0.0
1570.394055,2,19,33,14,226,67.0,6127.0
1570.3953368,6,401,57,23,664,71.0,10633.0
1570.396149,1,1,1,0,1,45.0,0.0
1570.3963775,3,1,1,0,1,45.0,0.0
1570.396862,1,1,7,0,4,47.0,7.111
1570.39708,5,1,3,0,1,49.0,0.0
1570.397704,1,1,3,0,1,48.0,0.0
1570.397743,5,1,1,0,1,45.0,0.0
1570.3979975,3,1,2,0,4,49.0,14.813
1570.398826,1,1,3,0,1,48.0,0.0
1570.4000655,3,1,1,0,4,47.0,10.405
1570.4002675,6,724,214,95,2896,75.0,44169.0
1570.401987,1,1,10,1,141,49.0,156.467
1570.402762,4,1,2,0,8,48.0,22.613
1570.4036835,3,1,5,2,308,47.0,189.214
1570.403854,5,2,6,0,5,48.0,21.912
1570.4050568,6,1823,546,256,6837,78.0,169360.0
1570.40656,1,359,89,32,605,69.0,15533.0
1570.4065615,3,331,81,44,1510,70.0,18921.0
1570.406562,2,310,67,33,552,66.0,15830.0
1570.408563,1,1,4,0,91,48.0,62.561
1570.408646,5,2,3,1,108,49.0,107.902
1570.4089275,3,1,6,2,275,46.0,181.405
1570.4105105,3,1,5,2,221,49.0,170.75
1570.411485,1,1,9,1,65,48.0,97.53
1570.411542,5,1,1,0,1,45.0,0.0
1570.412192,5,335,77,32,825,68.0,17813.0
1570.412236,1,484,83,37,850,70.0,20287.0
1570.4123938,6,115,244,120,3217,76.0,83294.0
1570.4135905,3,1,5,0,39,48.0,60.12
1570.4141625,3,1,1,0,1,45.0,0.0
1570.4152125,3,1,1,0,1,45.0,0.0
1570.415353,1,1,1,0,1,45.0,0.0
1570.417313,5,1,5,0,4,49.0,11.179
1570.4173535,3,1,4,0,10,46.0,19.319
1570.4175025,6,992,104,36,1742,67.0,8744.0
1570.4183745,3,1,3,1,166,48.0,82.717
1570.418849,5,1,3,0,18,47.0,24.855
1570.4197515,6,1956,292,130,3839,73.0,65860.0
1570.42074,5,2,1,0,2,49.0,5.342
1570.4215395,3,172,50,24,728,69.0,9209.0
1570.421552,1,186,81,25,715,67.0,8598.0
1570.421568,2,123,41,20,287,67.0,10624.0
1570.423134,1,1,1,0,1,45.0,0.0
1570.4234005,3,1,1,0,1,46.0,0.0
1570.423818,5,1,4,0,1,48.0,0.0
1570.4242485,6,2082,182,76,2816,72.0,30450.0
1570.4253705,3,1,1,0,1,45.0,0.0
1570.425379,1,1,8,0,11,48.0,26.206
1570.427026,5,1,1,0,1,45.0,0.0
1570.4275648,6,7775,965,423,13599,84.0,318840.0
1570.4292658,5,2,7,0,2,49.0,7.88
1570.432206,1,1,1,0,1,45.0,0.0
1570.432552,4,1,3,0,50,48.0,76.737
1570.435339,5,30,54,28,372,72.0,26562.0
1570.435342,2,50,39,21,347,66.0,11783.0
1570.4353618,3,2,28,14,461,67.0,6349.0
1570.436456,5,2,1,0,2,45.0,4.961
1570.4369625,3,1,6,2,225,48.0,188.936
1570.4398235,3,1,3,0,1,47.0,0.0
1570.439887,1,1,2,0,1,46.0,0.0
1570.440444,1,1,5,0,1,49.0,0.0
1570.4419655,3,1,1,0,1,45.0,0.0
1570.4424675,3,1,11,2,208,49.0,272.105
1570.4426417,6,9873,1529,771,18470,89.0,1065000.0
1570.442953,4,1,1,0,1,45.0,0.0
1570.445921,4,1,2,0,1,46.0,0.0
1570.447351,1,1,12,3,307,49.0,333.817
1570.4507345,3,1,11,3,327,49.0,303.374
1570.451546,5,2,3,0,7,47.0,33.82
1570.452537,4,1,1,0,1,45.0,0.0
1570.4527505,3,1,3,0,39,48.0,40.055
1570.452772,1,1,6,0,10,48.0,22.138
1570.453417,1,1,2,0,49,48.0,41.688
1570.4534335,3,1,2,0,8,49.0,25.178
1570.455256,5,1,1,0,1,45.0,0.0
1570.455258,1,1,2,0,1,48.0,0.0
1570.457518,5,6,119,54,928,69.0,30985.0
1570.4575225,3,31,83,70,878,72.0,55372.0
1570.457531,2,381,104,65,800,71.0,41479.0
1570.4578007,1,130,78,33,589,70.0,17104.0
1570.459188,5,1,5,0,25,49.0,35.575
1570.4596555,3,1,2,0,1,48.0,0.0
1570.459761,1,1,4,1,133,49.0,138.5
1570.4616195,6,1779,383,156,4109,78.0,86893.0
1570.4616495,3,2,2,0,5,47.0,19.276
1570.462222,4,1,1,0,1,48.0,0.0
1570.466004,4,1,4,0,51,48.0,68.688
1570.4662335,6,33080,10880,51815,350000,99.0,219910000.0
1570.467229,5,1,3,0,1,47.0,0.0
1570.467731,5,1,3,0,10,48.0,16.89
1570.46825,5,1585,396,276,3607,88.0,791960.0
1570.468263,1,1597,435,332,4194,87.0,766374.0
1570.46827,2,1572,360,396,3411,89.0,1208000.0
1570.4682865,3,1587,307,390,4069,91.0,1360000.0
1570.469172,4,2,3,0,2,48.0,7.006
1570.4696738,4,154,64,86,1016,74.0,79112.0
1570.472436,5,1,2,0,1,49.0,0.0
1570.472741,4,1,2,0,12,48.0,43.004
1570.4728565,3,1,5,1,94,48.0,94.901
1570.473103,5,161,192,68,2213,70.0,24330.0
1570.473155,1,158,171,61,1520,67.0,23741.0
1570.473863,4,1,2,0,1,46.0,0.0
1570.4767005,3,1,2,0,6,46.0,8.46
1570.477806,5,1,6,0,1,49.0,0.0
1570.4789758,1,1039,116,52,1301,69.0,28049.0
1570.4790115,3,248,43,34,782,73.0,24979.0
1570.4803065,3,1,6,2,244,48.0,203.292
1570.48078,5,1055,186,69,2123,68.0,24516.0
1570.480783,2,1033,125,72,1442,71.0,36745.0
1570.480785,1,1079,174,61,1573,69.0,24500.0
1570.4812105,3,625,90,64,1214,76.0,62243.0
1570.4829355,3,1,3,0,8,46.0,10.815
1570.483435,1,193,631,253,6482,73.0,131918.0
1570.483502,5,79,385,170,3310,77.0,117911.0
1570.483551,2,26,274,185,2359,76.0,155410.0
1570.4835565,3,25,434,260,6218,76.0,159314.0
1570.48814,4,1,2,0,16,47.0,37.373
1570.4921325,3,244,123,96,1942,75.0,85035.0
1570.49214,1,261,180,107,1487,78.0,116244.0
1570.492171,2,201,131,104,1060,76.0,112735.0
1570.4923508,5,24,112,66,826,73.0,57461.0
1570.493887,5,1,7,0,17,49.0,56.092
1570.494343,1,39,225,143,2050,79.0,175884.0
1570.494347,2,61,131,127,1300,80.0,173013.0
1570.4944037,5,40,219,95,1953,71.0,52595.0
1570.4945748,3,62,152,87,2137,69.0,37858.0
1570.496893,1,1,3,0,1,47.0,0.0
1570.497199,2,123,95,55,906,67.0,29013.0
1570.497201,5,243,114,52,743,73.0,43692.0
1570.4972117,3,15,77,37,746,67.0,15473.0
1570.497395,1,84,91,34,642,67.0,16842.0
1570.4984655,3,1044,161,161,1877,84.0,398438.0
1570.498479,5,1042,228,176,1773,83.0,361499.0
1570.498542,1,985,220,152,1777,80.0,247288.0
1570.498623,2,69,61,43,512,71.0,41555.0
1570.499485,4,11,36,24,580,68.0,11350.0
1570.4996348,2,80,78,51,612,71.0,39878.0
1570.5017175,3,464,136,78,1704,69.0,32990.0
1570.501719,5,1507,197,68,1747,68.0,24718.0
1570.502058,1,1191,188,74,1430,66.0,30828.0
1570.502115,2,1140,152,86,1404,68.0,44058.0
1570.506416,5,3850,1846,865,16341,84.0,774371.0
1570.5064777,3,1148,1289,976,15465,82.0,1220000.0
1570.5064917,1,3802,1722,881,15442,81.0,879502.0
1570.5067,2,939,649,530,5986,82.0,743354.0
1570.5077337,4,31,42,45,738,69.0,22291.0
1570.513218,4,1,3,0,1,48.0,0.0
1570.515803,4,2,40,27,375,74.0,20559.0
1570.5159377,2,6,127,75,1166,76.0,58859.0
1570.517607,2,378,241,135,2566,74.0,75556.0
1570.517704,4,1,3,0,1,46.0,0.0
1570.51931,4,1,8,1,95,49.0,175.831
1570.52068,2,288,101,49,1015,68.0,19991.0
1570.5224328,1,1777,365,116,3672,67.0,34370.0
1570.5224428,3,10917,2406,1102,31566,77.0,450681.0
1570.526577,5,6771,1490,490,13099,74.0,181713.0
1570.526607,1,11919,1493,507,12935,71.0,183056.0
1570.528933,2,387,126,61,1539,67.0,18813.0
1570.530974,2,2377,410,222,4034,75.0,129585.0
1570.531566,4,1,1,0,1,46.0,0.0
1570.532255,4,1,1,0,1,45.0,0.0
1570.53585,4,1,2,0,1,47.0,0.0
1570.536588,2,1951,238,136,2341,73.0,77699.0
1570.536682,4,1,1,0,5,46.0,13.346
1570.539275,4,1,2,0,1,48.0,0.0
1570.540045,1,24844,16983,45665,350001,99.0,122728000.0
1570.540207,5,4205,624,245,5692,72.0,119244.0
1570.541998,4,2,2,0,2,47.0,3.695
1570.542653,2,1813,252,170,2499,72.0,112384.0
1570.546205,4,1,1,0,1,45.0,0.0
1570.546255,2,1425,223,101,2411,66.0,30929.0
1570.546405,5,8849,1057,319,10799,66.0,75821.0
1570.5491657,2,264,183,96,2628,66.0,27291.0
1570.549975,4,1,1,0,1,47.0,0.0
1570.550913,4,1,3,0,77,48.0,69.844
1570.554471,2,746,199,112,2665,69.0,42696.0
1570.5545185,3,10355,2640,53508,350001,99.0,232011000.0
1570.554981,4,2,1,0,2,45.0,7.006
1570.5576357,2,620,107,70,1027,73.0,55550.0
1570.557711,5,9232,5004,2929,40707,90.0,5849000.0
1570.559165,2,3692,602,396,6143,83.0,499846.0
1570.562795,4,26,30,17,267,71.0,10607.0
1570.564283,4,1,1,0,1,47.0,0.0
1570.56581,2,1095,2247,2622,20102,96.0,12288000.0
1570.5669587,4,31,199,241,2793,78.0,308106.0
1570.576749,4,1,2,0,1,48.0,0.0
1570.579636,4,2,5,0,2,49.0,4.148
1570.581963,4,1,1,0,8,47.0,22.973
1570.586421,2,5503,1143,707,11495,77.0,482769.0
1570.591846,4,12,24,10,173,71.0,6102.0
1570.594508,4,2,5,0,54,49.0,86.736
1570.597357,4,1,1,0,1,48.0,0.0
1570.598891,4,1,1,0,1,45.0,0.0
1570.599601,5,20048,19879,44517,350000,99.0,101250000.0
1570.600313,2,715,164,84,1472,69.0,36088.0
1570.602302,2,59,291,252,3285,84.0,485897.0
1570.603606,4,1,2,0,1,47.0,0.0
1570.605403,4,1,2,0,1,46.0,0.0
1570.606094,2,12294,3130,2154,28188,83.0,2384000.0
1570.606698,4,16,4,0,24,48.0,52.64
1570.609246,4,18,42,32,376,75.0,34526.0
1570.618332,4,49,61,39,771,70.0,22202.0
1570.620369,4,1,4,0,1,48.0,0.0
1570.6208698,4,1528,178,87,2697,71.0,37031.0
1570.625018,4,1,2,0,1,46.0,0.0
1570.634794,2,6264,1225,805,11070,85.0,1021000.0
1570.640856,4,197,61,31,720,68.0,13421.0
1570.643215,4,3,2,0,4,46.0,11.624
1570.646379,2,1518,181,82,1872,66.0,25705.0
1570.64686,4,1,1,0,1,47.0,0.0
1570.648755,2,47185,17553,65535,350001,99.0,302806000.0
1570.654141,4,1,4,0,1,47.0,0.0
1570.656878,4,1,2,0,1,48.0,0.0
1570.666546,4,2,3,0,2,48.0,3.784
1570.671931,4,1,6,0,7,48.0,21.798
1570.672735,4,1,4,0,6,49.0,23.823
1570.67663,4,1,1,0,1,45.0,0.0
1570.67773,4,1,7,0,45,49.0,70.172
1570.693462,4,1,2,0,1,48.0,0.0
1570.700164,4,206,43,31,652,67.0,15876.0
1570.70136,4,2,2,0,2,46.0,5.81
1570.704739,4,1,3,0,1,49.0,0.0
1570.707152,4,1,2,0,4,46.0,10.333
1570.713396,4,747,63,36,1052,66.0,11692.0
1570.726317,4,2,7,0,48,49.0,67.929
1570.727932,4,2,5,0,2,49.0,3.55
1570.7289558,4,1,3,0,1,49.0,0.0
1570.731233,4,1,3,0,1,48.0,0.0
1570.732941,4,1,5,1,78,49.0,104.624
1570.734043,4,1,7,2,163,49.0,208.943
1570.735447,4,1,1,0,1,46.0,0.0
1570.749768,4,990,90,32,1201,66.0,8785.0
1570.75677,4,1362,129,53,1744,67.0,16442.0
1570.759162,4,718,104,36,1037,68.0,12787.0
1570.760916,4,547,2415,1517,28485,87.0,2159000.0
1570.7982347,4,1090,380,154,4736,66.0,43164.0
1570.812663,4,769,136,79,1883,77.0,72138.0
1570.815051,4,1,5,0,1,49.0,0.0
1570.8165348,6,22097,28668,38443,349996,96.0,90454000.0
1570.822158,4,8820,19630,11778,189138,88.0,10168000.0
1570.8903458,1,29041,13821,65535,350001,98.0,216425000.0
1570.9048197,3,28034,5910,65535,350001,99.0,1659000000.0
1570.9499018,5,59867,13732,50175,334007,99.0,218615000.0
1570.9990558,2,14371,10855,65535,281285,99.0,2124000000.0
1571.011833,4,5562,786,318,9875,72.0,94912.0
1571.025734,4,24246,6269,2735,80198,75.0,894733.0
1571.106449,4,6841,1854,881,24711,78.0,447435.0
1571.131774,4,1,3,0,1,47.0,0.0
1571.135428,4,921,404,165,5780,68.0,43784.0
1571.14667,4,19511,1645,717,21475,78.0,252865.0
1571.1668365,6,39812,7708,15615,113523,99.0,114933000.0
1571.168676,4,6499,777,395,11045,83.0,276784.0
1571.18092,4,25179,9842,11598,99420,97.0,40609000.0
1571.2406458,1,31313,4345,27180,43196,99.0,411300000.0
1571.2551215,3,17302,1948,39570,28745,99.0,924974000.0
1571.2808398,2,70,92,877,3169,89.0,5264000.0
1571.284688,5,1,2,0,1,47.0,0.0
1571.285094,1,1,2,0,1,48.0,0.0
1571.285595,1,1,4,0,1,48.0,0.0
1571.285975,5,160,74,113,2217,70.0,57417.0
1571.2859795,6,68,32,28,715,66.0,11001.0
1571.2860835,3,1,4,1,122,46.0,134.563
1571.286234,1,1,2,0,1,48.0,0.0
1571.2873895,6,1,1,0,1,46.0,0.0
1571.288641,1,2,2,0,2,47.0,5.921
1571.289989,4,1,1,0,1,45.0,0.0
1571.290045,1,1,1,0,1,46.0,0.0
1571.2915815,3,1,3,1,106,47.0,78.942
1571.2923145,3,2,2,0,9,47.0,17.593
1571.293757,1,1,2,0,40,47.0,41.254
1571.2938635,3,4,3,1,198,47.0,135.334
1571.297048,5,1,3,0,62,47.0,73.164
1571.297089,4,2,1,0,2,45.0,3.324
1571.298851,5,1,6,0,8,49.0,22.703
1571.300009,1,1,2,0,6,48.0,18.081
1571.3000945,3,1,2,0,1,49.0,0.0
1571.301316,5,1,6,0,1,49.0,0.0
1571.3056155,6,1,3,0,44,48.0,75.353
1571.3063465,3,1,3,0,48,47.0,30.838
1571.306418,1,1,2,0,1,45.0,0.0
1571.3108905,3,72,60,329,2330,81.0,672786.0
1571.310921,2,315,25,348,1371,78.0,791926.0
1571.312088,5,1,2,0,1,45.0,0.0
1571.3123175,6,1,2,0,1,45.0,0.0
1571.312427,1,2,2,0,42,49.0,66.027
1571.313755,2,212,30,572,980,87.0,3777000.0
1571.313787,1,239,30,63,779,68.0,40387.0
1571.3137885,3,214,48,274,2180,79.0,549741.0
1571.315685,1,1,1,0,1,45.0,0.0
1571.316345,5,1,4,0,20,48.0,28.522
1571.319473,5,1,1,0,25,46.0,29.25
1571.323917,1,1,2,0,1,48.0,0.0
1571.3248745,6,16,1,0,18,48.0,49.373
1571.329581,4,2,1,0,3,45.0,6.879
1571.331735,1,2,3,1,80,48.0,131.856
1571.3329,5,1,1,0,1,45.0,0.0
1571.3372315,3,2,1,0,41,47.0,62.208
1571.337316,1,2,1,0,4,46.0,12.858
1571.342581,1,1,3,1,141,47.0,124.709
1571.3427645,3,1,2,1,176,49.0,83.178
1571.347136,5,2,5,0,3,49.0,9.141
1571.348539,5,37,55,176,1246,76.0,241797.0
1571.350918,5,1,2,0,1,47.0,0.0
1571.3509955,3,2,1,0,3,45.0,7.107
1571.352262,1,67,3,1,71,49.0,164.11
1571.3522715,3,104,6,2,114,47.0,222.081
1571.355741,5,1,2,0,1,48.0,0.0
1571.357476,5,2,2,0,3,45.0,6.483
1571.3589245,3,1,1,0,1,45.0,0.0
1571.3614795,6,1,1,0,1,45.0,0.0
1571.3632125,6,1,1,0,1,45.0,0.0
1571.370306,1,1,1,0,6,47.0,17.903
1571.370933,1,56,3,0,60,47.0,91.516
1571.3717375,6,2,1,0,2,45.0,3.132
1571.372318,1,1,1,0,1,45.0,0.0
1571.372948,1,1,1,0,1,45.0,0.0
1571.3750755,3,1,1,0,1,45.0,0.0
1571.3756175,3,2,2,0,9,49.0,35.702
1571.381351,5,1,1,0,1,45.0,0.0
1571.381968,5,1,1,0,1,46.0,0.0
1571.397383,1,1,1,0,1,45.0,0.0
1571.438927,1,1,4,0,50,48.0,84.02
1571.4539315,6,52,3,1,57,48.0,152.474
1571.464521,4,2,1,0,3,47.0,9.453
1571.516466,5,1,1,0,1,45.0,0.0
1571.532205,5,2,5,0,12,48.0,20.831
1571.534218,1,1,2,0,10,46.0,17.356
1571.5469495,3,58,2,0,60,47.0,89.247
1571.5515885,3,1,2,0,28,49.0,51.087
1571.5759555,3,1,1,0,12,45.0,24.335
1571.595543,5,1,2,0,1,45.0,0.0
1571.637991,1,2,2,0,16,49.0,52.719
1572.1931165,3,1,1,0,1,45.0,0.0
1572.311019,5,4,1,0,5,48.0,17.975
1572.4708565,6,1,1,0,1,45.0,0.0
1572.475458,1,33,5,2,146,49.0,287.355
1572.664202,1,1,3,0,45,47.0,46.502
1572.7154995,3,2,2,0,48,45.0,51.563
1572.808566,1,2,1,0,5,48.0,22.42
1573.263365,1,35,2,1,63,49.0,165.583
1573.5039385,3,2,2,0,2,46.0,13.351
1573.5077075,3,1,1,0,1,45.0,0.0
1573.660485,4,1,1,0,1,45.0,0.0
1573.666083,5,1,1,0,1,45.0,0.0
1573.683675,4,1,1,0,1,48.0,0.0
1574.281423,1,76,2,1,81,47.0,134.918
1574.5337395,3,2,1,0,3,48.0,15.741
