Time,CH,RISE,COUN,ENER,DURATION,AMP,ABS_E
2.285337,2,1,2,0,7,52.0,54.339
2.668871,2,1,3,0,4,52.0,26.333
2.764593,2,1,1,0,1,50.0,0.0
2.787216,1,2,1,0,2,45.0,3.784
5.258548,2,1,1,0,7,51.0,37.317
5.355405,2,1,1,0,1,50.0,0.0
5.547316,2,1,2,0,7,53.0,59.888
5.738809,2,1,1,0,1,50.0,0.0
5.83463,2,1,1,0,1,51.0,0.0
5.930458,2,1,1,0,1,51.0,0.0
8.409478,2,1,2,0,7,53.0,71.577
8.601149,2,1,1,0,1,50.0,0.0
8.697274,2,1,2,0,1,52.0,0.0
8.793012,2,1,2,0,7,52.0,64.912
8.984554,2,1,2,0,4,53.0,38.322
10.0605155,3,1,2,0,43,49.0,40.225
11.477766,2,1,3,0,7,52.0,64.267
11.573515,2,1,2,0,1,52.0,0.0
11.669253,2,1,2,0,1,53.0,0.0
11.95676,2,1,1,0,4,50.0,20.938
12.053593,2,1,1,0,1,52.0,0.0
14.580552,2,1,1,0,1,50.0,0.0
14.773209,2,1,2,0,7,53.0,67.492
15.060826,2,1,1,0,1,50.0,0.0
15.156593,2,1,2,0,7,53.0,81.469
17.565944,2,1,1,0,1,53.0,0.0
17.662782,2,1,2,0,7,53.0,79.781
17.75853,2,1,2,0,4,53.0,32.904
18.045941,2,1,1,0,4,52.0,30.718
18.142067,2,1,2,0,4,52.0,31.313
18.237808,2,1,2,0,1,53.0,0.0
20.624863,2,1,3,0,7,52.0,56.603
20.912423,2,1,2,0,1,53.0,0.0
21.104023,2,1,2,0,13,53.0,125.955
21.199887,2,1,2,0,1,52.0,0.0
21.295961,2,2,2,0,6,53.0,65.606
22.4301015,3,2,1,0,6,50.0,27.397
22.430123,1,1,1,0,1,45.0,0.0
23.691864,2,1,1,0,1,50.0,0.0
23.884554,2,1,2,0,4,51.0,31.138
23.980409,2,1,3,0,7,53.0,82.757
24.267945,2,1,2,0,7,53.0,64.593
26.774171,2,1,2,0,7,51.0,49.031
26.870738,2,1,1,0,1,50.0,0.0
27.062519,2,1,2,0,7,52.0,64.26
27.158278,2,1,1,0,1,50.0,0.0
27.254124,2,1,1,0,4,52.0,39.901
27.349985,2,1,2,0,4,53.0,31.06
27.3880125,3,1,1,0,1,45.0,0.0
29.853961,2,1,2,0,4,52.0,27.841
30.237358,2,1,2,0,9,53.0,97.565
30.42901,2,1,2,0,7,52.0,61.638
32.921823,2,1,1,0,1,50.0,0.0
33.497869,2,1,2,0,7,53.0,63.123
35.5691425,3,1,1,0,5,48.0,15.632
35.7725085,3,1,1,0,1,45.0,0.0
35.982069,2,1,2,0,7,53.0,81.056
36.175037,2,1,2,1,64,53.0,136.93
36.366577,2,1,1,0,1,52.0,0.0
36.558148,2,1,1,0,4,51.0,31.587
39.0108615,3,1,1,0,6,45.0,10.017
39.062723,1,1,10,3,100,62.0,939.21
39.126203,2,1,2,0,1,53.0,0.0
39.702326,2,1,2,0,7,52.0,68.852
42.709236,2,1,2,0,7,52.0,55.871
42.8716455,3,1,2,0,5,48.0,15.976
42.87167,1,1,1,0,1,45.0,0.0
42.901708,2,1,2,0,7,53.0,72.532
44.2093095,3,2,1,0,2,45.0,3.213
45.492777,2,2,2,0,3,53.0,35.582
45.87614,2,1,1,0,1,52.0,0.0
46.9344035,3,1,1,0,1,45.0,0.0
48.630495,2,1,2,0,10,53.0,94.856
49.014268,2,1,2,0,4,51.0,32.272
50.58255,1,1,1,0,1,47.0,0.0
53.7417465,3,1,1,0,1,45.0,0.0
53.741763,1,1,1,0,1,45.0,0.0
55.134455,2,1,3,0,10,53.0,105.437
55.2113345,3,1,1,0,5,45.0,7.626
58.596655,2,1,3,0,10,53.0,118.468
64.149715,2,1,3,0,4,53.0,45.724
64.5987245,3,1,1,0,1,45.0,0.0
71.7378785,3,1,1,0,1,45.0,0.0
93.5515185,3,1,1,0,4,48.0,10.434
93.551531,1,4,1,0,5,46.0,18.014
119.2327955,3,2,1,0,2,45.0,6.846
124.8955965,6,2,6,1,191,61.0,613.722
124.895597,5,2,6,1,194,58.0,480.997
125.1757445,3,1,1,0,1,45.0,0.0
133.1701145,3,1,1,0,1,45.0,0.0
133.170129,1,1,1,0,1,45.0,0.0
137.4006355,3,2,1,0,41,47.0,35.086
137.400644,1,1,2,0,1,46.0,0.0
163.873864,1,1,1,0,1,45.0,0.0
172.6552465,3,1,1,0,1,45.0,0.0
182.7460055,3,1,2,0,5,51.0,27.499
204.7030455,3,1,1,0,1,45.0,0.0
256.225481,5,1,10,1,76,51.0,190.256
260.074264,5,1,12,1,91,51.0,237.736
263.472977,5,1,10,0,45,51.0,111.732
266.454002,5,1,11,1,79,52.0,209.539
269.787626,5,1,12,2,94,51.0,248.956
272.765846,5,1,11,1,56,51.0,160.151
272.957772,5,1,8,1,61,51.0,148.829
275.962955,5,1,12,2,94,51.0,256.48
276.154441,5,1,12,1,59,52.0,177.606
279.090661,5,1,12,1,88,51.0,237.251
279.282434,5,1,13,2,94,51.0,257.219
282.172767,5,2,9,1,78,51.0,207.456
282.364401,5,1,12,1,71,51.0,209.104
285.303641,5,1,12,2,97,51.0,267.349
288.440602,5,1,10,1,79,51.0,208.197
288.63328,5,1,11,2,94,51.0,265.424
292.35533,5,1,13,2,93,51.0,261.644
292.546969,5,1,13,1,77,51.0,241.918
296.839085,5,1,11,1,79,51.0,222.768
297.031005,5,1,12,1,90,51.0,246.069
300.521137,5,1,11,2,90,52.0,259.529
300.713617,5,1,12,1,77,51.0,247.082
302.8152245,3,1,2,0,22,52.0,73.021
303.605187,5,1,11,2,93,52.0,275.984
303.796868,5,1,11,1,87,52.0,251.523
306.497741,5,1,10,1,74,51.0,254.695
306.689236,5,1,11,1,87,52.0,253.793
306.88089,5,1,12,1,74,51.0,257.436
309.629683,5,1,8,1,45,52.0,173.075
309.821155,5,1,11,1,71,52.0,261.509
310.013856,5,1,10,2,90,53.0,274.724
312.793379,5,1,11,1,57,52.0,226.892
312.985214,5,1,10,1,56,53.0,224.747
313.176763,5,1,11,2,93,52.0,287.11
315.889648,5,1,10,1,74,52.0,277.401
316.081082,5,1,11,2,93,52.0,299.157
316.177954,5,1,7,1,59,51.0,163.302
316.273777,5,14,10,1,56,52.0,234.211
318.952518,5,1,11,1,74,52.0,277.398
319.048561,5,29,8,1,59,51.0,164.932
319.1443,5,1,11,1,77,52.0,292.005
319.240069,5,1,8,1,59,51.0,167.512
319.336638,5,1,10,1,74,52.0,282.974
322.467847,5,14,10,1,56,53.0,247.549
322.659788,5,1,12,1,59,52.0,263.098
322.755515,5,1,8,0,31,51.0,118.391
322.852062,5,14,10,1,56,53.0,248.402
325.992198,5,1,10,1,59,52.0,267.222
326.087976,5,1,7,1,59,52.0,175.731
326.183852,5,14,10,1,56,53.0,249.798
326.279666,5,32,8,0,36,51.0,142.608
326.375733,5,1,11,1,62,52.0,274.25
329.076259,5,15,10,1,74,52.0,292.972
329.172065,5,1,8,1,56,51.0,166.997
329.267857,5,1,11,1,62,52.0,277.726
329.460579,5,29,11,1,62,53.0,283.827
332.210121,5,1,10,1,73,53.0,295.76
332.306191,5,1,7,1,56,51.0,169.883
332.401926,5,32,11,1,59,53.0,286.163
332.497678,5,29,8,1,56,52.0,172.021
332.593521,5,1,10,1,59,53.0,279.851
335.408991,5,1,10,1,77,53.0,308.332
335.504816,5,1,8,1,59,51.0,185.049
335.600891,5,14,10,1,56,53.0,268.972
335.696628,5,1,8,1,56,51.0,173.348
335.793186,5,17,10,1,59,52.0,284.987
338.417131,5,29,8,1,56,52.0,176.432
338.513167,5,14,10,1,56,53.0,279.159
338.608935,5,1,8,1,56,51.0,176.363
338.704697,5,2,9,1,57,53.0,280.873
338.800514,5,1,8,1,37,52.0,160.337
338.896351,5,14,10,1,56,53.0,276.654
341.45249,5,1,8,1,37,51.0,161.248
341.548268,5,17,10,1,59,53.0,297.307
341.643997,5,1,8,1,37,51.0,162.701
341.73977,5,32,10,1,59,53.0,299.577
341.835619,5,1,8,0,33,51.0,149.457
341.931467,5,1,10,1,37,53.0,242.103
344.489374,5,29,8,1,59,52.0,196.152
344.585199,5,14,9,1,56,53.0,289.862
344.681295,5,1,8,1,37,52.0,169.205
344.778156,5,14,10,1,56,53.0,285.081
344.873928,5,1,8,0,33,51.0,150.142
344.96964,5,1,11,1,59,53.0,307.627
347.546423,5,1,8,1,37,52.0,165.695
347.642273,5,1,9,1,56,53.0,303.117
347.738317,5,1,9,1,59,52.0,201.377
347.834079,5,17,9,1,59,53.0,318.656
347.929806,5,1,8,1,36,51.0,166.453
348.025655,5,1,10,1,62,53.0,322.451
350.66942,5,29,9,1,40,52.0,182.577
350.76549,5,2,9,1,37,53.0,275.512
350.86124,5,1,8,1,36,51.0,173.216
350.956977,5,1,10,2,106,53.0,355.064
351.052783,5,1,9,1,36,51.0,172.471
351.14864,5,2,9,1,37,53.0,262.647
353.762415,5,1,8,1,37,52.0,175.845
353.858316,5,17,10,1,59,53.0,328.221
353.954328,5,1,9,1,43,52.0,195.034
354.050046,5,17,9,1,59,53.0,328.291
354.145799,5,1,8,1,36,51.0,174.553
354.241645,5,32,11,1,59,53.0,333.872
356.801531,5,14,8,1,36,52.0,180.398
356.897619,5,17,10,1,59,53.0,336.948
356.993314,5,1,8,1,37,52.0,179.216
357.089076,5,2,9,1,43,53.0,294.494
357.184913,5,1,8,0,33,51.0,160.578
357.280748,5,29,11,1,59,53.0,336.785
359.872582,5,1,8,1,36,51.0,182.221
359.96867,5,29,10,1,59,53.0,341.643
360.064442,5,1,8,1,36,51.0,175.943
360.160165,5,17,10,1,59,53.0,340.095
360.257034,5,1,9,1,36,52.0,177.234
360.352799,5,1,11,1,59,54.0,340.889
363.030772,5,14,9,1,37,52.0,185.734
363.126513,5,1,10,1,59,54.0,331.483
363.222258,5,1,8,1,36,52.0,182.002
363.318027,5,32,10,1,62,54.0,356.793
363.413907,5,29,8,1,40,52.0,199.08
363.510721,5,29,10,1,59,54.0,341.817
366.101546,5,29,10,1,59,53.0,344.514
366.198397,5,14,8,1,36,52.0,184.107
366.294511,5,15,10,1,43,53.0,317.905
366.390238,5,14,8,1,42,52.0,206.292
366.485973,5,32,10,1,43,54.0,328.262
366.581779,5,14,8,1,36,51.0,183.007
366.678437,5,32,11,1,43,54.0,322.407
369.237747,5,17,9,1,59,54.0,350.966
369.333496,5,1,8,1,40,52.0,203.902
369.429255,5,1,9,1,59,54.0,355.24
369.525037,5,1,9,1,43,52.0,214.015
369.620889,5,17,9,1,59,53.0,349.755
369.717524,5,1,8,1,42,52.0,207.047
369.813596,5,14,10,1,42,54.0,326.936
372.336507,5,29,9,1,59,54.0,360.389
372.432355,5,1,8,1,40,53.0,209.223
372.528201,5,32,10,1,43,54.0,340.401
372.624271,5,1,8,1,39,52.0,204.413
372.720043,5,29,9,1,59,54.0,349.543
372.815742,5,29,8,1,40,53.0,204.158
372.912377,5,32,10,1,59,54.0,360.699
375.424563,5,1,9,1,42,54.0,334.381
375.520384,5,1,9,1,42,52.0,220.087
375.616507,5,1,8,1,42,54.0,331.99
375.712251,5,17,8,1,40,52.0,206.246
375.80799,5,17,9,1,59,53.0,371.52
375.90379,5,1,9,1,42,53.0,216.366
375.999619,5,14,10,1,42,54.0,335.02
378.920914,5,17,9,1,59,54.0,371.609
379.016757,5,20,8,1,59,52.0,248.581
379.112821,5,17,9,1,43,54.0,350.683
379.208593,5,14,9,1,42,52.0,227.177
379.304308,5,17,9,1,45,54.0,361.022
379.400144,5,29,8,1,40,52.0,212.023
379.495974,5,32,10,1,43,54.0,353.868
382.42127,5,17,10,1,59,54.0,378.13
382.517347,5,1,8,1,40,52.0,218.855
382.613104,5,17,10,1,43,54.0,356.41
382.708833,5,1,8,1,42,53.0,229.474
382.804656,5,1,10,1,46,54.0,367.853
382.901289,5,29,8,1,40,52.0,221.445
382.997361,5,29,9,1,43,54.0,361.43
385.57719,5,17,10,1,45,54.0,378.626
385.67406,5,14,8,1,42,52.0,231.599
385.76988,5,17,9,1,45,54.0,382.68
385.865783,5,1,7,1,43,53.0,237.781
385.961844,5,1,9,1,59,54.0,391.892
386.057619,5,1,8,1,40,52.0,218.02
386.153333,5,32,10,1,43,54.0,370.775
388.763202,5,32,10,1,43,54.0,374.413
388.858927,5,20,8,1,43,52.0,256.466
388.954754,5,32,10,2,59,54.0,398.469
389.050596,5,20,8,1,43,52.0,244.982
389.146719,5,29,9,1,43,54.0,376.211
389.243296,5,14,8,1,42,53.0,241.905
389.339332,5,29,9,1,43,54.0,374.991
391.859862,5,29,10,1,43,54.0,377.562
391.955945,5,2,8,1,40,52.0,229.01
392.051765,5,29,9,2,59,54.0,413.661
392.147632,5,20,8,1,45,52.0,257.726
392.243732,5,29,9,1,43,54.0,377.783
392.339478,5,29,8,1,43,52.0,253.492
392.435217,5,17,9,1,45,54.0,397.562
394.805333,5,29,8,1,40,53.0,239.862
394.901453,5,32,9,1,43,55.0,384.499
394.9972,5,1,8,1,40,52.0,234.536
395.09296,5,32,10,1,43,54.0,387.33
395.188716,5,29,8,1,40,53.0,239.626
395.28457,5,32,9,1,43,54.0,380.247
395.380412,5,1,8,1,45,53.0,268.792
395.477301,5,29,9,2,59,54.0,428.786
397.852607,5,14,8,1,42,52.0,251.18
397.949468,5,32,9,1,43,54.0,388.297
398.045216,5,1,8,1,42,53.0,250.83
398.14096,5,17,10,1,45,54.0,407.744
398.236813,5,1,8,1,43,52.0,252.167
398.332676,5,29,9,1,40,55.0,373.354
398.428753,5,1,8,1,42,53.0,250.263
398.524492,5,17,9,1,45,54.0,406.516
400.906498,5,14,7,1,42,53.0,253.123
401.002553,5,17,9,1,45,54.0,404.967
401.09833,5,14,7,1,42,53.0,247.612
401.195164,5,17,9,1,45,54.0,408.857
401.290915,5,29,8,1,43,53.0,259.733
401.386736,5,32,9,1,43,54.0,400.497
401.482605,5,1,8,1,43,52.0,261.975
401.579416,5,29,9,1,45,54.0,409.829
404.06071,5,29,8,1,40,53.0,246.621
404.157277,5,1,9,1,43,54.0,407.039
404.253345,5,14,8,1,42,52.0,254.194
404.349063,5,2,9,1,43,55.0,392.548
404.444813,5,29,7,1,40,53.0,244.943
404.54066,5,17,10,1,45,54.0,412.521
404.636508,5,29,8,1,43,53.0,255.477
404.733429,5,32,9,1,43,54.0,400.865
407.227235,5,1,8,1,45,52.0,272.991
407.323319,5,1,9,1,45,54.0,423.499
407.420173,5,29,8,1,40,53.0,253.899
407.515912,5,17,9,1,45,54.0,419.429
407.611717,5,29,8,1,40,53.0,251.284
407.707573,5,29,10,1,43,54.0,412.308
407.803411,5,1,8,1,45,52.0,274.558
407.899448,5,29,10,1,43,54.0,402.828
410.385405,5,28,8,1,42,53.0,262.432
410.482273,5,29,8,1,43,55.0,407.414
410.578034,5,14,8,1,42,53.0,260.633
410.673781,5,32,9,1,43,54.0,406.201
410.769641,5,1,8,1,43,52.0,269.678
410.865473,5,29,9,1,43,54.0,407.251
410.96155,5,14,8,1,42,53.0,261.872
411.057309,5,29,8,1,43,55.0,408.257
413.534232,5,1,8,1,40,53.0,251.503
413.63109,5,17,9,1,45,55.0,429.953
413.726871,5,14,8,1,42,53.0,266.794
413.822739,5,17,9,1,45,55.0,433.057
413.918618,5,29,8,1,40,53.0,257.448
414.014628,5,17,9,1,45,54.0,434.136
414.110376,5,14,7,1,42,53.0,262.764
414.206115,5,17,9,1,45,54.0,439.061
416.677126,5,29,9,1,40,53.0,259.145
416.773183,5,29,9,1,43,55.0,416.724
416.868915,5,29,8,1,40,52.0,259.289
416.964705,5,17,10,1,45,54.0,438.741
417.060505,5,20,8,1,45,52.0,287.19
417.156344,5,29,9,1,45,54.0,433.326
417.252473,5,14,8,1,42,53.0,272.965
417.349311,5,14,8,1,42,55.0,415.929
419.841825,5,29,7,1,40,52.0,260.123
419.937894,5,1,8,1,42,55.0,418.977
420.033716,5,29,8,1,40,53.0,260.574
420.129808,5,1,9,1,45,55.0,443.93
420.225556,5,1,8,1,42,53.0,271.184
420.321336,5,32,9,1,43,54.0,426.481
420.417121,5,29,8,1,40,53.0,261.618
420.512932,5,17,9,1,45,54.0,439.115
422.910313,5,14,8,1,42,53.0,276.662
423.007174,5,17,9,2,94,54.0,494.769
423.102948,5,1,8,1,40,53.0,267.339
423.19866,5,17,9,1,45,55.0,457.928
423.294469,5,14,8,1,42,53.0,281.231
423.391096,5,29,9,1,45,54.0,447.39
423.486163,5,1,8,1,40,53.0,270.191
423.582218,5,17,9,1,45,54.0,440.462
425.991827,5,20,8,1,45,53.0,300.949
426.087988,5,32,10,2,45,54.0,447.347
426.184815,5,29,8,1,40,53.0,274.941
426.280654,5,29,9,1,43,55.0,431.706
426.37678,5,14,8,1,42,53.0,279.467
426.472598,5,17,10,1,45,54.0,458.307
426.568266,5,14,8,1,42,53.0,284.691
426.664038,5,29,9,1,40,55.0,417.344
429.157279,5,1,8,1,40,53.0,276.025
429.25385,5,17,9,2,94,54.0,506.826
429.349887,5,1,8,2,94,53.0,328.35
429.445629,5,17,9,1,45,55.0,464.303
429.541403,5,20,8,1,45,53.0,307.946
429.637279,5,29,9,1,43,55.0,436.287
429.733105,5,29,8,1,40,53.0,273.215
429.829165,5,29,10,1,43,55.0,450.825
432.295785,5,28,8,1,42,53.0,288.829
432.391819,5,29,9,1,43,54.0,448.384
432.487683,5,20,8,1,45,53.0,306.961
432.583754,5,17,9,2,94,54.0,508.67
432.679506,5,1,8,1,42,54.0,293.872
432.775241,5,17,10,2,94,55.0,507.567
432.871049,5,1,8,1,40,53.0,267.852
432.966904,5,17,9,2,94,54.0,509.228
435.376885,5,20,9,1,45,53.0,310.151
435.47297,5,32,9,2,46,55.0,470.901
435.5687,5,1,8,1,40,53.0,282.599
435.66455,5,17,10,2,94,54.0,515.399
435.760395,5,14,8,1,42,53.0,290.244
435.856487,5,17,10,1,45,55.0,470.016
435.952255,5,29,8,1,40,53.0,279.628
436.047971,5,32,9,1,43,54.0,453.42
438.457328,5,14,8,1,42,53.0,293.61
438.553091,5,17,10,2,94,55.0,515.781
438.649941,5,29,8,1,43,54.0,308.765
438.74568,5,6,10,2,46,54.0,480.557
438.841428,5,20,8,1,45,53.0,314.253
438.937307,5,29,9,1,43,55.0,452.637
439.03313,5,17,9,1,45,53.0,319.632
439.130013,5,17,10,2,94,54.0,507.928
441.508183,5,17,9,1,45,53.0,316.747
441.605024,5,29,10,2,45,55.0,477.9
441.700832,5,29,8,1,40,53.0,281.483
441.796663,5,29,10,2,45,54.0,474.653
441.892545,5,17,9,1,45,53.0,318.503
441.988563,5,29,9,1,43,55.0,458.923
442.084312,5,28,8,1,42,53.0,297.422
442.180056,5,29,11,2,45,54.0,472.209
444.54225,5,20,9,1,45,53.0,316.967
444.639101,5,31,10,2,45,55.0,479.752
444.734946,5,17,9,1,45,53.0,314.298
444.83101,5,17,11,2,91,55.0,523.688
444.92676,5,1,9,1,45,53.0,321.256
445.022525,5,32,9,2,46,54.0,489.446
445.118331,5,3,9,1,40,53.0,290.869
445.214975,5,32,10,2,49,55.0,487.359
447.618333,5,1,9,1,45,53.0,324.08
447.715135,5,17,10,2,94,55.0,538.206
447.810996,5,17,9,1,45,53.0,323.954
447.906832,5,1,11,2,94,54.0,541.584
448.002959,5,29,8,1,43,53.0,305.616
448.098674,5,29,10,1,43,55.0,470.882
448.194419,5,20,9,1,45,54.0,328.295
448.290216,5,1,10,2,94,55.0,533.153
450.758265,5,26,9,2,91,53.0,334.089
450.854097,5,17,9,2,94,54.0,540.438
450.950139,5,28,8,1,42,54.0,305.974
451.045875,5,29,11,2,94,54.0,534.633
451.141625,5,20,9,2,94,53.0,355.715
451.237499,5,41,10,2,94,55.0,535.378
451.333321,5,29,8,1,42,53.0,311.992
451.429413,5,29,10,2,94,55.0,539.671
453.890203,5,29,9,1,40,53.0,287.891
453.986322,5,29,10,1,43,55.0,469.392
454.08207,5,29,9,1,43,53.0,313.586
454.177829,5,31,10,2,45,55.0,493.319
454.273625,5,17,8,1,45,53.0,331.484
454.369439,5,6,10,2,94,54.0,541.922
454.465281,5,28,9,1,42,53.0,303.853
454.561348,5,17,10,2,94,55.0,546.744
456.953294,5,28,8,1,42,54.0,311.243
457.04912,5,31,10,2,45,55.0,501.222
457.144965,5,1,9,1,45,53.0,331.954
457.241029,5,17,11,2,45,54.0,500.485
457.336779,5,20,9,2,94,53.0,367.705
457.432537,5,31,10,2,45,55.0,494.25
457.528347,5,20,9,2,94,53.0,365.915
457.624186,5,41,10,2,94,55.0,550.248
460.056451,5,29,9,1,40,53.0,305.498
460.153336,5,17,11,2,97,55.0,570.39
460.24906,5,17,9,1,45,53.0,326.873
460.344861,5,29,10,2,94,55.0,562.904
460.44066,5,20,9,1,45,53.0,336.549
460.536499,5,31,11,2,45,55.0,508.983
460.632622,5,1,9,1,45,53.0,327.739
460.728337,5,17,11,2,45,55.0,499.892
463.188407,5,1,8,2,91,53.0,357.238
463.285246,5,34,11,2,48,55.0,522.744
463.380996,5,2,8,2,91,53.0,355.869
463.476762,5,41,11,2,97,55.0,579.816
463.572701,5,28,9,1,42,53.0,315.516
463.668459,5,29,10,2,91,55.0,543.168
463.76453,5,20,10,2,94,53.0,374.552
463.860268,5,41,11,2,97,54.0,577.553
466.323211,5,17,10,1,45,53.0,334.34
466.419026,5,34,11,2,45,55.0,517.503
466.515885,5,29,9,2,91,54.0,362.684
466.611717,5,41,11,2,97,55.0,585.309
466.707853,5,17,9,1,45,53.0,340.281
466.80353,5,31,11,2,93,55.0,580.391
466.899281,5,2,9,2,91,53.0,361.634
466.995101,5,17,11,2,97,55.0,577.346
469.526028,5,29,10,1,43,54.0,328.123
469.621879,5,29,10,2,91,55.0,559.284
469.71774,5,20,9,2,94,53.0,382.798
469.813815,5,6,11,2,97,55.0,594.548
469.90956,5,17,10,1,45,53.0,338.468
470.005298,5,17,12,2,97,55.0,587.828
470.101929,5,28,9,2,90,54.0,363.488
470.197941,5,17,11,2,45,55.0,518.084
472.690058,5,17,10,2,91,53.0,370.878
472.7858,5,3,11,2,94,55.0,560.877
472.881627,5,20,10,1,45,53.0,345.115
472.977496,5,31,11,2,93,55.0,593.007
473.073592,5,20,10,1,45,53.0,347.979
473.169336,5,29,10,2,94,55.0,569.238
473.265078,5,31,11,2,93,54.0,383.088
473.36085,5,17,10,2,97,55.0,593.306
475.774127,5,17,10,1,45,54.0,350.152
475.870984,5,31,11,2,93,55.0,587.346
475.96673,5,3,9,2,91,53.0,371.462
476.062577,5,17,11,2,49,55.0,536.543
476.158358,5,2,9,2,91,53.0,371.116
476.254195,5,17,11,2,45,55.0,537.23
476.350266,5,29,9,2,91,53.0,380.328
476.446013,5,17,11,2,45,55.0,524.273
478.910798,5,17,11,1,45,53.0,350.807
479.006856,5,17,11,2,97,55.0,607.361
479.103729,5,17,11,1,45,53.0,347.252
479.199471,5,17,11,2,97,55.0,608.432
479.295301,5,31,10,2,93,54.0,389.259
479.39114,5,41,11,2,97,55.0,602.745
479.48729,5,28,9,2,90,54.0,370.513
479.583009,5,17,11,2,45,55.0,521.969
482.061864,5,17,10,1,42,53.0,332.602
482.157964,5,41,10,2,97,55.0,604.121
482.253683,5,20,10,1,45,53.0,350.455
482.349425,5,31,12,2,96,55.0,612.621
482.445227,5,17,10,1,45,53.0,352.75
482.541064,5,31,11,2,96,55.0,608.517
482.637742,5,20,9,1,45,53.0,354.288
482.73376,5,31,12,2,96,55.0,607.341
485.144814,5,3,10,2,91,53.0,384.215
485.240872,5,1,11,2,94,55.0,605.871
485.337771,5,28,11,2,90,54.0,378.199
485.433483,5,17,12,2,90,55.0,605.232
485.529261,5,17,11,1,45,53.0,352.116
485.625165,5,41,11,2,97,55.0,615.673
485.720958,5,2,10,2,94,53.0,388.202
485.817042,5,17,11,2,97,55.0,612.119
488.233955,5,28,10,2,90,54.0,387.308
488.329999,5,31,12,2,96,55.0,631.103
488.426874,5,17,11,2,93,53.0,400.159
488.522636,5,41,11,3,97,55.0,628.55
488.61836,5,29,10,2,91,53.0,386.509
488.714131,5,2,11,2,96,54.0,628.54
488.809988,5,2,10,2,91,53.0,389.917
488.905829,5,31,12,2,93,55.0,621.805
491.359998,5,2,10,2,91,53.0,391.663
491.456864,5,20,11,3,97,55.0,626.746
491.55264,5,29,11,2,91,53.0,388.649
491.64841,5,17,12,3,97,55.0,636.725
491.744265,5,20,10,1,52,53.0,374.868
491.840101,5,17,12,2,97,55.0,628.171
491.936967,5,17,11,2,93,53.0,409.421
492.033011,5,41,12,3,97,55.0,630.093
494.468679,5,2,11,2,94,53.0,403.881
494.564719,5,41,11,3,97,55.0,634.034
494.660565,5,38,11,1,42,53.0,341.333
494.756626,5,17,12,3,100,55.0,638.856
494.852438,5,31,12,2,93,53.0,409.453
494.948113,5,17,11,3,97,56.0,638.144
495.043946,5,20,11,1,45,54.0,364.8
495.140584,5,1,12,3,97,55.0,644.12
497.612831,5,28,11,2,90,53.0,389.718
497.708902,5,31,12,2,96,55.0,637.35
497.805776,5,2,11,2,91,53.0,393.496
497.901511,5,17,12,3,97,55.0,640.94
497.99728,5,17,12,2,93,53.0,420.176
498.09307,5,2,11,3,96,55.0,647.494
498.18889,5,20,11,2,93,54.0,421.867
498.284722,5,31,12,2,96,55.0,641.034
500.809539,5,31,11,2,93,53.0,422.918
500.905598,5,31,11,2,96,55.0,641.683
501.001348,5,31,12,2,93,53.0,421.409
501.097218,5,41,12,3,100,55.0,641.547
501.19304,5,20,12,2,93,53.0,417.421
501.289136,5,17,12,2,93,55.0,625.904
501.385685,5,20,11,2,94,53.0,430.7
501.481772,5,31,11,3,96,55.0,648.453
503.976708,5,17,12,2,93,53.0,420.293
504.072468,5,41,11,3,97,55.0,641.036
504.168254,5,29,11,2,94,54.0,411.887
504.264091,5,38,11,2,94,55.0,617.192
504.359946,5,31,12,2,93,53.0,420.239
504.455986,5,31,12,2,96,55.0,645.771
504.551755,5,17,11,2,91,54.0,390.59
504.647473,5,38,11,2,94,55.0,619.64
507.149455,5,17,12,2,93,53.0,420.896
507.245498,5,20,12,2,93,55.0,642.854
507.34239,5,17,11,1,49,53.0,356.923
507.438105,5,17,12,3,100,55.0,652.732
507.533854,5,20,10,2,94,53.0,419.008
507.629677,5,17,12,3,96,55.0,651.687
507.726347,5,17,12,2,93,53.0,419.086
507.822358,5,31,12,3,96,55.0,651.224
510.316609,5,17,11,2,97,53.0,419.632
510.413474,5,20,12,3,97,56.0,664.772
510.509273,5,38,11,1,46,54.0,352.299
510.60496,5,38,11,2,94,55.0,634.97
510.701557,5,38,11,2,91,53.0,402.398
510.797568,5,41,12,3,97,55.0,660.028
510.893429,5,20,11,2,93,54.0,415.904
510.989265,5,41,12,3,97,55.0,663.087
513.469084,5,31,12,2,93,53.0,424.495
513.565118,5,17,13,3,96,55.0,661.576
513.660973,5,20,11,2,93,54.0,425.654
513.756831,5,17,12,2,93,55.0,639.843
513.852909,5,17,12,2,93,53.0,419.898
513.948651,5,20,12,3,97,55.0,659.919
514.044395,5,20,11,2,93,54.0,420.664
514.141012,5,31,12,3,96,55.0,659.327
516.61227,5,31,12,2,96,53.0,441.546
516.709061,5,20,12,3,93,55.0,653.914
516.805901,5,20,11,2,93,54.0,428.7
516.901772,5,40,11,3,99,55.0,666.878
516.997796,5,2,11,2,91,53.0,420.962
517.093535,5,41,12,3,100,55.0,680.513
517.189285,5,20,12,2,93,53.0,432.204
517.285138,5,38,11,3,97,55.0,653.981
519.797915,5,17,12,2,93,53.0,423.444
519.893927,5,34,12,3,96,55.0,664.789
519.990776,5,3,11,2,94,54.0,416.071
520.086644,5,20,12,3,97,55.0,677.828
520.182672,5,2,11,2,94,53.0,427.714
520.278408,5,31,12,3,99,55.0,676.063
520.374157,5,20,12,2,93,53.0,430.644
520.470008,5,20,12,3,96,55.0,676.4
523.748827,5,28,11,2,93,53.0,416.798
523.844568,5,29,12,3,97,55.0,681.226
523.941435,5,1,12,2,93,54.0,435.73
524.037262,5,20,12,3,93,55.0,671.306
524.133104,5,17,12,2,93,53.0,443.016
524.229227,5,17,12,3,93,55.0,664.18
524.324996,5,17,12,2,96,54.0,440.067
524.421514,5,40,12,3,99,56.0,698.209
527.681294,5,17,12,2,93,53.0,441.083
527.777358,5,34,13,3,96,55.0,689.607
527.874253,5,31,12,2,96,53.0,453.484
527.969971,5,17,12,3,96,55.0,684.715
528.065779,5,17,11,2,90,53.0,411.077
528.161616,5,20,12,3,97,56.0,697.675
528.257472,5,31,12,2,96,54.0,455.259
528.353797,5,34,13,3,96,55.0,686.95
530.823336,5,38,11,2,91,53.0,431.697
530.920171,5,17,13,3,96,55.0,690.062
531.016305,5,2,11,2,94,53.0,439.335
531.112043,5,38,12,3,97,55.0,663.224
531.207791,5,2,11,2,84,53.0,396.923
531.304382,5,40,11,3,99,55.0,697.192
531.400402,5,20,11,2,93,53.0,444.875
531.496255,5,17,12,3,96,55.0,689.552
533.890404,5,2,11,2,94,54.0,432.931
533.98624,5,20,12,3,96,56.0,694.568
534.083092,5,31,12,2,96,53.0,458.033
534.179227,5,40,12,3,99,56.0,697.105
534.274955,5,17,12,2,99,53.0,466.511
534.370697,5,40,12,3,99,55.0,708.87
534.466467,5,17,12,2,96,53.0,455.358
534.56232,5,41,12,3,97,56.0,716.899
536.942488,5,17,12,2,93,54.0,453.319
537.03855,5,34,13,3,99,55.0,702.676
537.135426,5,28,11,2,93,54.0,434.433
537.231165,5,40,13,3,99,55.0,709.048
537.326909,5,17,12,2,96,54.0,456.039
537.422708,5,20,12,3,96,55.0,690.566
537.518575,5,2,11,2,94,53.0,446.718
537.614408,5,40,11,3,96,55.0,691.946
540.008526,5,38,11,2,90,53.0,434.691
540.10461,5,40,12,3,99,55.0,706.044
540.200336,5,2,11,2,90,54.0,434.739
540.29612,5,20,13,3,96,56.0,709.154
540.391991,5,17,11,2,90,54.0,425.411
540.487772,5,6,13,3,97,56.0,702.23
540.583898,5,38,11,2,84,53.0,402.712
540.679611,5,40,12,3,96,56.0,707.425
543.083602,5,2,12,2,99,53.0,476.816
543.180437,5,20,14,3,96,55.0,708.275
543.276511,5,20,12,2,96,54.0,478.612
543.372249,5,20,13,3,96,55.0,715.473
543.468008,5,38,11,2,97,54.0,449.701
543.56385,5,38,12,3,97,56.0,694.001
543.659668,5,20,12,2,93,54.0,460.798
543.756582,5,41,12,3,100,55.0,729.063
546.16967,5,38,11,2,90,54.0,441.799
546.265471,5,20,13,3,96,55.0,710.525
546.361319,5,17,11,2,90,54.0,432.733
546.457436,5,40,11,3,99,56.0,740.685
546.554005,5,20,11,2,93,53.0,460.921
546.650052,5,34,13,3,99,55.0,733.159
546.746926,5,3,11,2,90,54.0,436.999
546.842665,5,31,13,3,99,55.0,734.997
549.345515,5,31,12,2,99,53.0,483.51
549.442374,5,31,13,3,99,55.0,718.542
549.53821,5,17,11,2,90,54.0,436.103
549.634107,5,34,13,3,99,55.0,728.862
549.730225,5,31,12,2,99,53.0,473.653
549.825912,5,20,13,3,96,55.0,717.966
549.921656,5,20,12,2,96,54.0,476.738
550.017429,5,40,13,3,99,55.0,729.41
552.525398,5,20,12,2,93,54.0,469.711
552.621231,5,31,13,3,102,55.0,742.041
552.717365,5,2,11,2,90,53.0,443.609
552.8131,5,6,13,3,96,56.0,719.878
552.908873,5,37,12,2,96,53.0,476.458
553.004621,5,17,14,3,96,55.0,713.419
553.100482,5,2,11,2,90,53.0,431.584
553.196311,5,41,12,3,97,56.0,733.53
555.598354,5,1,12,2,92,54.0,468.499
555.694432,5,40,13,3,96,56.0,736.908
555.791286,5,3,11,2,90,54.0,447.639
555.887025,5,34,13,3,99,55.0,743.118
555.982834,5,17,11,2,90,54.0,450.367
556.078686,5,6,13,3,96,56.0,718.506
556.174527,5,2,11,2,97,53.0,470.586
556.271367,5,40,12,3,99,55.0,738.686
558.711233,5,17,12,2,96,53.0,476.072
558.807278,5,34,13,3,102,55.0,750.692
558.903126,5,17,11,2,90,54.0,446.734
558.999269,5,40,13,3,96,56.0,734.712
559.094992,5,3,11,2,90,54.0,451.461
559.191522,5,41,12,3,97,56.0,732.776
559.287608,5,3,12,2,90,54.0,461.913
559.383366,5,20,13,3,96,55.0,726.629
561.906143,5,17,12,2,90,54.0,448.9
562.002203,5,34,13,3,102,55.0,760.879
562.097981,5,31,12,2,99,54.0,496.956
562.193852,5,29,13,3,96,56.0,732.894
562.289718,5,3,12,2,90,54.0,444.591
562.385741,5,17,13,3,99,55.0,746.33
562.481486,5,37,12,2,96,53.0,490.98
562.577228,5,20,14,3,99,55.0,744.818
565.054247,5,31,12,2,99,53.0,495.06
565.151061,5,40,13,3,102,55.0,751.31
565.24692,5,31,11,2,93,54.0,476.879
565.342755,5,40,13,3,92,56.0,719.735
565.438849,5,20,12,2,96,53.0,479.941
565.534567,5,31,13,3,102,55.0,753.88
565.630321,5,37,12,2,92,54.0,482.607
565.726139,5,20,14,3,96,55.0,742.304
568.140484,5,28,11,2,93,53.0,468.42
568.237344,5,20,13,3,96,56.0,754.099
568.333093,5,17,12,2,90,54.0,456.812
568.428859,5,17,13,3,99,55.0,751.726
568.524634,5,20,12,2,96,54.0,495.714
568.620486,5,41,14,3,96,56.0,748.868
568.716329,5,20,12,2,96,54.0,495.64
568.812371,5,3,13,3,90,56.0,690.164
571.208318,5,37,13,2,99,53.0,503.637
571.304181,5,20,14,3,99,56.0,767.769
571.400254,5,20,12,2,96,54.0,497.131
571.495997,5,40,13,3,96,56.0,751.204
571.591741,5,1,12,2,92,53.0,478.519
571.68754,5,40,12,3,96,56.0,751.754
571.783404,5,17,13,2,96,53.0,489.023
571.879236,5,20,14,3,96,56.0,754.189
574.345263,5,37,12,2,96,53.0,506.698
574.4411,5,40,13,3,95,56.0,749.961
574.53696,5,17,12,2,93,54.0,472.654
574.632997,5,40,13,3,95,56.0,756.107
574.728763,5,17,12,2,99,53.0,505.17
574.824482,5,40,14,3,99,56.0,772.774
574.920346,5,37,11,2,89,54.0,455.823
575.016188,5,34,13,3,96,55.0,773.063
575.0555695,3,1,6,1,80,52.0,168.892
577.495013,5,20,12,2,99,54.0,510.749
577.591042,5,20,14,3,99,56.0,767.773
577.686888,5,17,12,2,93,53.0,478.148
577.782949,5,6,14,3,99,56.0,773.748
577.878718,5,20,12,2,96,54.0,513.031
577.974436,5,34,13,3,99,55.0,771.77
578.070272,5,17,12,2,90,54.0,465.044
578.167106,5,6,14,3,99,56.0,780.444
580.612451,5,38,12,2,90,54.0,469.163
580.709002,5,40,13,3,95,56.0,771.624
580.805068,5,20,12,2,99,54.0,516.251
580.901929,5,40,13,3,95,56.0,757.018
580.997677,5,31,12,2,99,54.0,510.116
581.093436,5,34,14,3,102,55.0,781.735
581.189246,5,40,12,2,92,54.0,487.294
581.285085,5,34,14,3,99,55.0,773.664
583.687171,5,31,12,2,92,54.0,478.813
583.783237,5,40,13,3,96,56.0,764.639
583.879008,5,2,12,2,90,54.0,469.067
583.974754,5,40,13,3,96,56.0,775.454
584.070618,5,2,12,2,90,54.0,473.851
584.166448,5,34,14,3,99,55.0,773.82
584.262524,5,17,12,2,96,54.0,487.433
584.358281,5,20,13,3,99,55.0,788.253
586.711355,5,38,12,2,90,54.0,473.806
586.808193,5,20,14,3,96,56.0,772.286
586.904073,5,3,12,2,90,54.0,470.732
586.999889,5,17,14,3,96,55.0,765.665
587.09596,5,2,12,2,92,54.0,500.892
587.191698,5,40,14,3,96,55.0,768.536
587.288255,5,17,12,2,99,54.0,519.336
587.384311,5,40,14,3,96,56.0,774.855
589.791423,5,38,12,2,90,53.0,480.865
589.888281,5,20,14,3,99,55.0,787.278
589.984105,5,17,13,2,99,53.0,529.894
590.079925,5,20,13,3,96,56.0,780.592
590.17578,5,20,13,2,99,53.0,518.169
590.271816,5,40,15,3,92,56.0,754.375
590.367564,5,34,14,2,96,53.0,514.303
590.463332,5,17,13,3,93,56.0,748.486
592.887417,5,31,13,2,92,54.0,507.9
592.984285,5,40,14,3,95,56.0,789.787
593.080098,5,2,13,2,90,54.0,481.198
593.176219,5,40,14,3,95,56.0,789.062
593.271963,5,40,12,2,92,54.0,505.123
593.367705,5,40,14,3,96,56.0,775.492
593.463504,5,2,13,2,90,54.0,496.175
593.55933,5,20,14,3,99,56.0,797.782
596.015201,5,17,12,2,96,54.0,494.841
596.11121,5,40,14,3,95,56.0,794.157
596.207344,5,3,12,2,90,54.0,489.942
596.303079,5,20,13,3,99,56.0,801.114
596.398851,5,2,12,2,90,54.0,485.594
596.494596,5,20,15,3,99,55.0,802.38
596.590458,5,34,12,2,92,53.0,500.508
596.68629,5,20,14,3,99,56.0,795.682
599.171442,5,31,12,2,92,54.0,506.837
599.268307,5,40,15,3,92,56.0,770.611
599.36518,5,3,12,2,90,54.0,491.217
599.460919,5,20,14,3,111,56.0,812.653
599.556669,5,17,13,2,96,54.0,515.579
599.65252,5,34,15,3,96,55.0,784.497
599.74839,5,17,12,2,96,54.0,494.7
599.845203,5,20,13,3,99,56.0,803.187
602.296261,5,17,13,2,96,54.0,537.328
602.393095,5,3,14,3,99,56.0,803.412
602.489247,5,40,12,2,92,54.0,514.486
602.584969,5,34,14,3,99,55.0,801.876
602.680716,5,17,12,2,93,55.0,498.33
602.776482,5,40,15,3,96,56.0,796.511
602.873168,5,17,12,2,93,54.0,507.62
602.969188,5,40,13,3,95,56.0,803.36
605.452985,5,31,13,2,92,54.0,524.323
605.549085,5,20,15,3,99,56.0,816.84
605.644869,5,40,13,2,92,54.0,514.233
605.740705,5,20,14,3,99,56.0,808.668
605.836566,5,17,11,2,87,54.0,483.27
605.932606,5,20,14,3,102,56.0,816.911
606.028372,5,17,12,2,96,54.0,502.475
606.124088,5,40,15,3,92,56.0,778.621
608.624398,5,17,14,2,92,53.0,516.021
608.719915,5,40,15,3,96,56.0,798.964
608.81576,5,20,13,2,96,54.0,532.592
608.911609,5,34,15,3,99,55.0,804.56
609.007654,5,34,14,2,92,53.0,511.685
609.103416,5,40,14,3,92,56.0,776.208
609.199145,5,17,13,2,93,54.0,506.913
609.294995,5,34,16,3,99,56.0,812.306
611.724112,5,17,13,2,96,54.0,502.425
611.819924,5,40,15,3,92,56.0,811.451
611.915998,5,40,13,2,92,54.0,523.081
612.01174,5,40,15,3,95,56.0,798.179
612.107485,5,37,13,2,96,54.0,529.722
612.203331,5,40,15,3,92,55.0,801.572
612.299152,5,34,13,2,92,54.0,509.206
612.395275,5,40,15,3,96,56.0,801.813
614.770276,5,31,13,2,92,54.0,517.809
614.867141,5,40,14,3,92,56.0,790.713
614.962886,5,31,13,2,92,54.0,520.282
615.058776,5,17,15,3,99,55.0,810.813
615.154555,5,40,13,2,92,54.0,520.253
615.250678,5,5,13,3,98,56.0,821.86
615.347224,5,3,12,2,90,54.0,487.836
615.443311,5,5,13,3,98,56.0,815.178
617.848223,5,20,13,2,96,54.0,534.841
617.944095,5,40,14,3,95,56.0,790.714
618.040188,5,2,12,2,92,54.0,519.505
618.135929,5,20,16,3,99,55.0,814.229
618.231673,5,34,12,2,92,54.0,521.214
618.327446,5,34,16,3,96,55.0,809.164
618.423323,5,17,13,2,92,54.0,523.119
618.519138,5,20,15,3,99,56.0,817.398
621.015931,5,17,12,2,93,54.0,508.219
621.111967,5,40,15,3,92,56.0,798.91
621.207815,5,2,12,2,90,54.0,500.894
621.303927,5,6,15,3,111,56.0,833.691
621.399656,5,17,12,2,96,54.0,534.505
621.495392,5,20,15,3,99,56.0,803.589
621.591197,5,17,12,2,96,54.0,518.029
621.687037,5,20,15,3,99,55.0,820.304
624.224103,5,20,13,2,99,54.0,536.559
624.322069,5,20,15,3,99,55.0,823.776
624.41782,5,17,12,2,93,54.0,500.03
624.513578,5,20,15,3,96,55.0,819.319
624.609388,5,34,13,2,92,54.0,522.762
624.705189,5,34,14,3,96,55.0,809.523
624.801027,5,17,13,2,92,54.0,523.47
624.897098,5,40,15,3,92,56.0,790.922
627.379932,5,40,13,2,92,54.0,523.86
627.475966,5,34,15,3,96,55.0,818.332
627.572844,5,3,12,2,93,54.0,498.046
627.668604,5,40,15,3,95,56.0,808.509
627.764325,5,37,13,2,92,54.0,522.227
627.860098,5,40,16,3,92,56.0,788.851
627.955953,5,31,13,2,92,54.0,518.992
628.051792,5,34,16,3,92,55.0,798.546
630.490877,5,17,13,2,93,54.0,510.149
630.587708,5,40,15,3,92,56.0,781.691
630.683575,5,40,12,2,92,54.0,528.747
630.779673,5,20,15,3,99,56.0,820.262
630.875423,5,17,13,2,93,54.0,503.296
630.97116,5,5,14,3,110,56.0,852.967
631.067752,5,34,13,2,92,54.0,520.319
631.163773,5,5,16,3,98,56.0,812.213
633.560923,5,17,12,1,49,54.0,426.665
633.65704,5,19,15,3,95,56.0,813.679
633.752788,5,40,13,2,92,54.0,522.662
633.848548,5,20,15,3,99,56.0,819.943
633.944305,5,2,12,2,90,54.0,506.622
634.040159,5,34,15,3,96,55.0,810.336
634.135997,5,20,13,2,92,54.0,521.651
634.232065,5,40,16,3,92,56.0,804.059
636.624015,5,40,12,2,92,54.0,526.085
636.720825,5,34,15,3,96,55.0,820.985
636.816686,5,40,13,2,92,54.0,522.439
636.912548,5,2,14,3,95,56.0,824.09
637.008702,5,37,14,2,92,54.0,529.802
637.104366,5,34,16,3,96,55.0,805.338
637.200112,5,17,13,2,96,54.0,527.171
637.295906,5,34,15,3,96,55.0,815.89
639.771886,5,43,13,2,92,54.0,528.691
639.867965,5,34,16,3,96,56.0,831.052
639.963734,5,17,12,2,93,54.0,518.224
640.05945,5,40,15,3,92,55.0,804.876
640.155314,5,17,13,2,92,54.0,524.524
640.251147,5,20,16,3,96,56.0,829.843
640.347248,5,20,13,2,92,54.0,526.302
640.443801,5,34,16,3,92,56.0,808.912
642.881069,5,20,13,2,92,54.0,528.555
642.977933,5,17,16,3,93,56.0,785.415
643.073699,5,37,14,2,92,54.0,532.707
643.169448,5,19,15,3,98,56.0,825.092
643.265309,5,17,12,2,92,54.0,522.074
643.361142,5,19,15,3,98,56.0,823.845
643.458032,5,2,12,2,89,54.0,522.467
643.55408,5,5,15,3,98,56.0,831.21
645.938899,5,17,13,2,92,54.0,530.573
646.034959,5,40,15,3,92,56.0,811.015
646.131833,5,3,13,1,49,54.0,434.039
646.227572,5,40,16,3,92,56.0,808.53
646.323396,5,40,13,3,110,54.0,560.869
646.419253,5,34,15,3,96,56.0,827.167
646.515071,5,34,13,3,110,54.0,570.463
646.611107,5,40,15,3,110,57.0,855.973
649.098196,5,43,12,2,92,54.0,541.121
649.194757,5,2,15,3,110,56.0,842.301
649.290795,5,43,13,3,110,54.0,557.07
649.386596,5,20,16,3,99,55.0,825.018
649.482326,5,40,13,2,92,54.0,539.735
649.578158,5,34,16,3,96,56.0,813.114
649.674145,5,2,12,2,89,54.0,529.16
649.770074,5,5,15,3,98,56.0,828.647
652.274861,5,34,13,2,92,54.0,530.746
652.370909,5,20,15,3,96,56.0,821.406
652.46666,5,17,12,2,93,54.0,520.323
652.562396,5,20,15,3,96,56.0,812.047
652.658195,5,20,13,2,92,54.0,533.32
652.754024,5,40,15,3,92,56.0,815.671
652.84987,5,2,11,2,51,54.0,458.009
652.945933,5,34,16,3,92,56.0,792.315
655.471868,5,37,13,2,92,54.0,529.265
655.56876,5,34,15,3,92,56.0,807.876
655.664485,5,3,12,2,86,54.0,501.572
655.760224,5,40,16,4,120,56.0,863.977
655.856029,5,17,12,2,93,54.0,511.825
655.951863,5,40,14,4,120,56.0,864.437
656.047743,5,40,13,3,110,54.0,561.907
656.144559,5,40,15,3,92,56.0,797.881
658.60959,5,40,13,2,92,54.0,526.784
658.705439,5,2,15,3,110,56.0,844.322
658.801486,5,3,12,2,86,54.0,500.696
658.897223,5,40,15,3,110,56.0,836.883
658.992994,5,34,13,2,92,54.0,535.066
659.088822,5,20,16,3,96,56.0,823.069
659.184668,5,34,13,2,92,53.0,534.411
659.280767,5,40,15,3,110,56.0,842.391
661.679675,5,34,13,2,92,54.0,532.337
661.775717,5,2,16,3,107,56.0,827.738
661.871465,5,1,13,2,51,54.0,467.171
661.967203,5,20,17,3,96,56.0,816.263
662.06306,5,17,14,2,89,54.0,501.176
662.15887,5,34,16,3,92,56.0,802.298
662.255004,5,2,12,2,86,54.0,504.035
662.350743,5,5,15,3,95,56.0,819.551
664.837489,5,17,13,2,89,55.0,508.866
664.933577,5,40,16,3,92,56.0,813.166
665.029302,5,2,12,2,51,54.0,458.748
665.125101,5,2,15,3,95,56.0,830.323
665.220943,5,17,13,3,110,54.0,554.632
665.316851,5,40,16,3,92,56.0,822.992
665.41286,5,20,13,2,92,54.0,529.666
665.508579,5,5,15,3,95,56.0,823.164
668.031702,5,40,13,2,86,54.0,519.598
668.12829,5,2,16,3,95,56.0,822.427
668.224311,5,40,12,2,89,54.0,526.029
668.320053,5,40,16,3,110,56.0,849.949
668.415805,5,17,13,2,86,54.0,496.94
668.511654,5,19,16,3,107,56.0,834.818
668.607517,5,40,12,2,89,54.0,526.922
668.703592,5,40,16,3,95,56.0,830.003
671.133451,5,17,13,2,92,53.0,519.045
671.230265,5,19,15,3,95,56.0,822.484
671.326398,5,40,13,3,110,54.0,557.072
671.422134,5,40,16,3,110,56.0,844.658
671.517906,5,17,12,2,86,54.0,499.023
671.613651,5,40,15,3,95,56.0,835.741
671.709513,5,40,13,3,110,54.0,555.161
671.805345,5,40,14,4,120,56.0,862.625
674.207706,5,2,11,2,85,54.0,520.946
674.303468,5,34,16,3,92,55.0,813.776
674.400317,5,40,12,2,89,54.0,534.841
674.496033,1,12,30,9,193,62.0,2764.0
674.496059,5,19,16,3,95,56.0,821.213
674.591863,5,3,12,2,86,55.0,503.803
674.68772,5,40,16,3,110,56.0,851.534
674.783561,5,17,13,2,86,54.0,496.586
674.880397,5,40,16,3,110,56.0,847.493
677.372189,5,17,12,2,89,54.0,506.957
677.468246,5,40,16,3,110,56.0,851.518
677.564351,5,40,13,3,110,54.0,562.534
677.660092,5,20,15,3,96,56.0,817.514
677.755837,5,40,13,3,110,54.0,554.812
677.851617,5,40,16,3,110,56.0,846.5
677.947487,5,43,13,2,51,54.0,459.879
678.043301,5,34,16,3,89,56.0,800.321
680.485653,5,17,13,2,92,54.0,549.737
680.582216,5,34,17,4,120,56.0,862.129
680.678282,5,20,13,2,89,54.0,532.364
680.774003,5,17,16,3,93,56.0,790.77
680.869753,5,17,12,2,89,54.0,502.112
680.9656,5,1,16,3,95,56.0,822.071
681.061448,5,3,12,2,86,54.0,500.358
681.157561,5,40,15,3,110,56.0,867.965
683.545491,5,1,12,2,89,54.0,535.315
683.642364,5,34,16,3,110,56.0,854.707
683.738155,5,17,13,2,92,54.0,542.063
683.833984,5,40,15,3,110,56.0,844.248
683.929832,5,17,12,2,86,54.0,509.316
684.025897,5,5,16,3,95,56.0,829.695
684.122791,5,43,13,2,51,54.0,471.661
684.218506,5,40,17,3,92,56.0,827.373
686.70132,5,40,14,2,89,54.0,527.302
686.797379,5,34,16,3,110,56.0,856.391
686.893148,5,40,13,2,86,54.0,523.434
686.988896,5,40,16,3,110,56.0,858.375
687.0848,5,17,13,3,110,54.0,556.655
687.18059,5,20,15,4,120,56.0,877.126
687.276664,5,40,13,2,51,54.0,469.401
687.372424,5,20,17,4,120,56.0,881.627
689.891229,5,17,13,2,89,54.0,539.458
689.98732,5,34,15,3,120,56.0,854.638
690.083089,5,2,12,2,51,54.0,463.67
690.178807,5,40,17,3,95,56.0,829.653
690.274671,5,43,13,2,51,54.0,476.737
690.370446,5,40,15,3,110,55.0,845.677
690.46631,5,17,13,2,89,54.0,505.406
690.562365,5,20,16,4,120,56.0,877.037
693.024989,5,40,13,2,51,54.0,467.884
693.121029,5,40,16,3,110,56.0,852.798
693.216871,5,43,13,2,51,54.0,475.456
693.313014,5,2,15,3,95,56.0,845.893
693.408738,5,40,13,2,86,54.0,529.332
693.50448,5,2,16,3,95,56.0,827.129
693.600257,5,34,13,3,110,54.0,567.013
693.696082,1,12,30,9,193,62.0,2787.0
693.696108,5,19,15,4,119,56.0,866.449
696.158281,5,2,12,2,51,54.0,473.142
696.254,5,40,16,3,110,56.0,854.106
696.349834,5,43,13,2,51,54.0,467.816
696.445667,5,5,16,3,95,56.0,825.337
696.541804,5,17,12,2,86,54.0,505.786
696.63837,5,40,15,3,110,56.0,855.979
696.734409,5,2,13,2,51,54.0,463.459
696.830151,5,5,16,3,95,56.0,823.548
699.325918,5,20,13,3,110,54.0,566.718
699.421978,5,5,15,3,95,56.0,832.955
699.518851,5,40,12,2,51,54.0,470.054
699.614597,5,40,16,3,110,56.0,863.813
699.710423,5,40,13,2,51,54.0,462.175
699.806228,1,15,31,9,199,62.0,2857.0
699.806256,5,34,15,4,120,55.0,871.79
699.902408,5,1,13,2,51,54.0,481.244
699.998126,5,5,16,3,95,56.0,823.964
702.480965,5,3,13,2,89,54.0,506.767
702.576979,1,12,31,9,193,62.0,2804.0
702.577005,5,19,15,4,119,56.0,864.867
702.673874,5,2,11,2,88,54.0,525.921
702.769612,5,5,15,3,95,56.0,814.78
702.865361,5,2,11,2,51,54.0,471.618
702.961159,1,12,31,9,193,62.0,2795.0
702.961184,5,20,15,4,120,56.0,866.984
703.057051,5,1,13,2,85,54.0,525.674
703.153149,5,40,16,3,95,56.0,826.754
705.654873,5,34,12,3,110,54.0,555.14
705.751734,5,40,16,3,95,56.0,829.891
705.84756,5,2,13,2,88,54.0,531.81
705.943373,5,40,15,3,110,56.0,837.286
706.039237,5,17,12,2,86,54.0,499.042
706.135245,1,12,31,9,196,62.0,2815.0
706.13527,5,34,15,4,120,56.0,862.005
706.231021,5,17,12,2,86,54.0,502.74
706.32678,5,34,16,3,110,56.0,845.221
708.778914,5,40,13,2,51,54.0,466.861
708.874659,5,1,16,3,95,56.0,821.933
708.970514,5,40,13,2,51,54.0,467.204
709.066353,5,1,16,3,95,56.0,821.533
709.162476,5,17,13,2,51,54.0,476.575
709.258163,1,15,30,9,199,62.0,2871.0
709.258191,5,34,16,3,110,56.0,852.005
709.354728,5,43,12,2,54,54.0,480.221
709.450804,5,2,16,3,95,56.0,824.782
711.83315,5,17,12,2,86,54.0,497.492
711.928865,5,40,15,3,95,56.0,820.062
712.024614,5,43,12,2,51,54.0,459.227
712.120438,5,19,16,4,119,56.0,872.501
712.216282,5,40,13,2,51,54.0,466.56
712.312398,1,12,31,9,196,62.0,2822.0
712.312424,5,19,16,3,119,56.0,869.221
712.408148,5,43,13,2,86,54.0,527.938
712.503894,5,2,15,3,95,56.0,816.177
714.948186,5,20,13,3,110,54.0,558.053
715.04473,5,34,16,3,110,56.0,841.575
715.140775,5,1,12,2,51,54.0,472.701
715.236489,1,12,30,9,196,62.0,2842.0
715.236514,5,34,15,4,120,56.0,855.868
715.332288,5,17,12,2,86,54.0,506.054
715.428114,5,2,15,3,95,56.0,835.605
715.523959,5,31,13,3,110,54.0,558.934
715.620322,5,40,16,3,95,56.0,829.432
718.09192,5,40,12,2,51,54.0,468.408
718.187692,5,40,16,3,110,56.0,859.96
718.28352,5,19,12,2,88,54.0,538.792
718.379333,1,12,31,9,196,62.0,2845.0
718.379359,5,19,16,3,119,56.0,860.519
718.475459,5,17,12,2,86,54.0,494.272
718.571199,5,40,15,3,95,56.0,820.988
718.666965,5,43,12,2,51,54.0,475.567
718.762741,5,40,15,3,110,56.0,844.184
721.250886,5,2,11,2,88,54.0,535.592
721.346605,1,12,30,9,196,62.0,2845.0
721.34663,5,20,15,4,120,56.0,866.721
721.4435,5,2,12,2,88,54.0,534.95
721.540365,5,1,16,3,88,56.0,809.018
721.636115,5,40,13,2,51,54.0,474.508
721.73196,1,12,31,9,196,62.0,2855.0
721.731985,5,20,17,4,120,56.0,885.325
721.827808,5,34,12,2,51,54.0,465.635
721.923903,5,40,15,3,110,56.0,842.571
724.422504,5,31,12,2,86,54.0,502.534
724.518521,1,12,29,9,196,62.0,2848.0
724.518546,5,20,15,3,110,56.0,860.958
724.615421,5,17,11,2,86,54.0,504.815
724.711157,5,40,16,3,110,56.0,853.075
724.807039,5,20,12,2,86,55.0,527.992
724.902829,1,12,30,9,196,62.0,2848.0
724.902855,5,19,15,3,119,56.0,865.693
724.998958,5,17,12,2,107,54.0,525.099
725.094694,5,40,16,3,107,56.0,835.939
727.521455,5,17,12,2,86,54.0,497.153
727.617508,5,40,16,3,110,56.0,846.715
727.71433,5,2,11,2,88,54.0,541.764
727.810399,1,12,30,9,196,62.0,2857.0
727.810424,5,20,16,4,120,56.0,870.249
727.906173,5,17,12,2,86,55.0,503.325
728.001907,1,12,30,9,196,62.0,2861.0
728.001932,5,34,16,3,120,56.0,860.996
728.097717,5,17,13,2,86,55.0,493.243
728.193541,1,12,29,9,196,62.0,2854.0
728.193567,5,19,16,3,119,56.0,868.942
730.65682,5,40,12,2,51,54.0,479.87
730.753686,5,5,16,3,119,56.0,845.112
730.849432,5,2,11,2,88,54.0,534.884
730.945173,5,40,15,3,86,56.0,797.105
731.040976,5,2,11,2,88,54.0,532.809
731.136835,5,5,15,3,119,56.0,867.298
731.232673,5,1,13,2,51,54.0,468.201
731.328684,1,12,29,9,196,62.0,2853.0
731.328709,5,34,15,3,117,56.0,856.934
733.814663,5,19,11,2,88,54.0,537.292
733.911524,5,19,15,3,119,56.0,856.266
734.007295,5,17,11,2,83,54.0,491.161
734.103015,1,12,29,9,196,62.0,2852.0
734.10304,5,20,16,3,120,56.0,864.269
734.198958,5,2,12,2,88,54.0,516.244
734.294735,5,19,16,3,119,56.0,869.043
734.390811,5,17,12,2,83,54.0,484.761
734.486568,5,40,15,3,72,56.0,772.277
736.987399,5,43,13,2,51,54.0,469.586
737.083419,1,12,29,9,196,62.0,2864.0
737.083444,5,40,15,3,110,56.0,852.932
737.179191,5,17,13,2,107,54.0,524.873
737.274936,5,2,16,3,119,56.0,867.354
737.370791,5,17,11,2,83,54.0,488.972
737.466627,1,12,29,9,196,62.0,2872.0
737.466653,5,19,15,3,119,56.0,870.95
737.562728,5,17,12,2,86,55.0,508.387
737.659273,5,40,15,3,95,56.0,828.726
740.208852,5,40,13,2,51,54.0,475.599
740.30504,1,12,29,9,196,62.0,2863.0
740.305065,5,40,16,3,110,56.0,845.043
740.400907,5,2,12,2,88,54.0,538.826
740.496969,1,9,29,9,196,62.0,2848.0
740.496994,5,20,15,4,120,56.0,865.873
740.592719,5,40,13,2,51,54.0,473.339
740.688461,5,40,15,3,88,56.0,810.812
740.784291,5,43,13,2,88,54.0,541.44
740.880105,1,12,29,9,196,62.0,2864.0
740.88013,5,40,16,3,89,56.0,813.548
743.360265,5,2,12,2,88,54.0,530.222
743.455978,1,12,29,9,196,62.0,2864.0
743.456003,5,34,15,3,110,56.0,841.735
743.55186,5,17,12,2,83,54.0,483.664
743.647673,5,40,16,3,89,56.0,825.714
743.743809,5,40,13,2,51,54.0,486.12
743.839514,1,12,29,9,196,62.0,2863.0
743.839539,5,34,17,3,89,56.0,825.725
743.935287,5,1,12,2,51,54.0,472.53
744.032127,1,12,29,9,196,62.0,2872.0
744.032152,5,34,15,3,89,56.0,817.552
746.419223,5,43,13,2,88,54.0,546.158
746.516056,5,40,16,3,88,56.0,814.965
746.612183,5,2,12,2,86,55.0,505.766
746.708027,5,19,15,3,119,56.0,854.001
746.803698,5,17,13,2,86,54.0,533.175
746.89944,5,40,16,3,88,56.0,816.385
746.995285,5,34,12,2,51,54.0,476.61
747.091635,5,19,16,3,119,56.0,861.766
749.460327,5,17,11,2,86,55.0,506.101
749.556983,5,5,14,3,119,56.0,867.66
749.652308,5,40,12,2,51,54.0,470.826
749.748856,5,40,16,3,88,56.0,799.494
749.8449,5,43,13,2,51,54.0,484.869
749.940643,5,40,16,3,88,56.0,808.326
750.036415,5,2,11,2,88,55.0,540.463
750.132247,5,43,16,3,119,56.0,852.242
752.511314,5,17,12,2,107,54.0,521.03
752.607393,5,1,15,3,119,56.0,851.6
752.704245,5,2,12,2,88,54.0,529.745
752.799958,1,15,30,9,196,62.0,2896.0
752.799986,5,40,15,3,72,56.0,780.967
752.895789,5,1,13,2,51,54.0,471.194
752.991648,5,43,15,3,119,56.0,863.508
753.087485,5,20,12,2,69,54.0,509.586
753.183497,1,12,29,9,196,62.0,2866.0
753.183522,5,34,16,3,110,56.0,835.302
755.241213,1,1,2,0,19,48.0,25.759
755.563591,5,43,13,2,51,54.0,472.959
755.66043,1,12,29,9,196,62.0,2869.0
755.660456,5,19,15,3,88,56.0,805.025
755.756207,5,17,12,2,86,55.0,508.754
755.852091,5,40,16,3,88,56.0,812.039
755.947874,5,17,13,2,66,54.0,475.668
756.043995,5,5,15,3,119,56.0,859.855
756.139739,5,2,12,2,88,55.0,536.426
756.235481,5,2,14,3,119,56.0,856.19
758.65781,5,3,13,2,107,54.0,523.859
758.753499,1,15,30,9,198,62.0,2927.0
758.753527,5,40,15,3,88,56.0,809.464
758.849275,5,43,13,2,51,54.0,478.438
758.945019,1,12,29,9,195,62.0,2888.0
758.945044,5,40,14,3,72,56.0,775.629
759.040903,5,40,13,2,51,54.0,471.324
759.136735,1,12,29,9,196,62.0,2886.0
759.13676,5,34,15,3,89,56.0,810.024
759.233113,5,2,12,2,88,54.0,532.863
759.329656,1,12,29,9,195,62.0,2879.0
759.329681,5,40,15,3,113,56.0,840.785
761.741532,5,5,10,2,88,54.0,522.535
761.837584,1,12,29,9,195,62.0,2889.0
761.837609,5,34,15,3,72,55.0,783.906
761.933335,5,17,12,2,49,54.0,443.077
762.029053,1,12,29,9,193,62.0,2867.0
762.029078,5,40,14,3,110,56.0,829.118
762.124937,5,34,13,2,48,54.0,461.515
762.220747,1,12,29,9,193,62.0,2870.0
762.220772,5,20,15,3,110,55.0,826.881
762.31732,5,19,12,2,54,54.0,477.826
762.413708,1,15,29,9,198,62.0,2924.0
762.413736,5,40,15,3,88,56.0,809.274
764.813608,5,34,12,2,51,54.0,479.261
764.910424,1,12,28,9,195,62.0,2876.0
764.910449,5,40,14,3,88,56.0,818.375
765.006287,5,43,12,2,88,54.0,534.667
765.102158,5,2,15,3,116,56.0,862.938
765.198182,5,17,12,2,49,54.0,444.663
765.293896,1,9,29,9,196,62.0,2890.0
765.293921,5,20,15,3,110,56.0,835.742
765.389671,5,31,13,2,48,53.0,467.432
765.485522,5,1,16,3,119,56.0,847.79
767.893638,5,5,12,2,109,54.0,552.132
767.990271,1,12,29,9,195,62.0,2884.0
767.990296,5,34,15,3,69,56.0,774.032
768.086336,5,17,13,2,49,54.0,444.174
768.182168,1,12,28,9,195,62.0,2893.0
768.182193,5,40,15,3,88,56.0,822.341
768.278298,5,43,12,2,51,54.0,472.72
768.37404,5,19,16,3,119,56.0,856.838
768.469786,5,17,12,2,107,54.0,514.398
768.565557,5,19,15,3,119,56.0,870.424
771.054535,5,2,12,2,51,55.0,482.534
771.150565,1,15,29,9,198,62.0,2933.0
771.150593,5,40,14,3,88,56.0,824.106
771.246344,5,14,13,2,49,54.0,445.963
771.342081,1,12,29,9,196,62.0,2896.0
771.342107,5,19,15,3,88,56.0,805.965
771.437939,5,20,13,2,69,54.0,514.781
771.533778,5,40,15,3,119,56.0,846.194
771.630687,5,17,12,2,66,54.0,475.87
771.726742,1,12,29,9,195,62.0,2893.0
771.726767,5,34,15,3,110,56.0,838.732
774.257423,5,17,12,2,66,54.0,478.389
774.354203,1,15,29,9,198,62.0,2934.0
774.354231,5,40,16,3,119,56.0,852.613
774.450363,5,2,12,2,54,54.0,492.545
774.546075,1,9,29,9,196,62.0,2897.0
774.5461,5,20,15,3,110,56.0,843.108
774.64187,5,43,11,2,54,54.0,493.904
774.737618,5,2,14,3,119,56.0,859.982
774.833479,5,40,12,2,48,54.0,466.124
774.929286,1,9,29,9,196,62.0,2901.0
774.929312,5,19,15,3,88,56.0,810.303
777.41631,5,17,12,2,66,55.0,482.155
777.514117,1,12,28,9,196,62.0,2899.0
777.514142,5,20,15,3,89,56.0,818.823
777.610003,5,17,13,2,51,54.0,482.433
777.705896,5,2,15,3,119,56.0,851.363
777.801967,5,17,13,2,66,54.0,471.956
777.897654,1,12,29,9,195,62.0,2893.0
777.897679,5,40,16,3,72,56.0,792.153
777.993427,5,19,12,2,85,55.0,530.441
778.090008,1,12,28,9,195,62.0,2884.0
778.090033,5,34,15,3,113,56.0,841.651
780.547543,5,17,12,2,48,54.0,469.3
780.644359,1,9,28,9,195,62.0,2905.0
780.644384,5,40,16,3,119,56.0,852.977
780.740135,5,17,12,2,49,54.0,443.621
780.835875,5,43,15,3,119,56.0,855.909
780.931726,5,17,13,2,51,54.0,481.499
781.027499,5,2,15,3,119,56.0,858.53
781.123347,5,17,12,2,66,54.0,475.329
781.220213,5,1,15,3,119,56.0,851.406
783.714368,5,1,12,2,51,54.0,479.836
783.810886,1,12,29,9,195,62.0,2894.0
783.810911,5,34,14,2,52,56.0,736.905
783.907002,5,1,12,2,57,54.0,495.578
784.002722,5,5,15,3,119,56.0,852.693
784.098555,5,43,13,3,116,54.0,566.283
784.194446,5,19,16,3,119,56.0,878.058
784.29052,5,43,12,2,54,54.0,497.099
784.386283,5,19,14,3,88,56.0,811.398
786.909047,5,43,12,2,51,54.0,485.612
787.005091,1,15,29,9,198,62.0,2948.0
787.005119,5,40,16,3,119,56.0,849.104
787.100865,5,43,13,2,51,54.0,468.977
787.196626,5,5,16,3,109,56.0,837.417
787.292409,5,19,11,2,68,55.0,518.079
787.388236,1,12,29,9,195,62.0,2907.0
787.388261,5,40,15,3,119,56.0,854.056
787.484104,5,2,11,2,88,54.0,534.751
787.580118,1,12,28,9,195,62.0,2891.0
787.580143,5,40,15,3,66,56.0,787.977
790.090904,5,43,13,2,51,54.0,481.19
790.188864,5,43,15,3,119,56.0,854.878
790.284613,5,2,12,2,54,55.0,492.646
790.38041,1,9,28,9,195,62.0,2885.0
790.380435,5,34,15,3,72,56.0,796.033
790.476302,5,40,12,2,51,54.0,479.895
790.5724,5,1,16,3,119,56.0,856.531
790.668159,5,2,13,2,54,54.0,499.866
790.763859,1,15,28,9,198,62.0,2953.0
790.763887,5,40,15,3,119,56.0,869.65
793.278002,5,5,13,2,54,54.0,500.072
793.374837,1,12,29,9,193,62.0,2894.0
793.374863,5,19,15,3,68,56.0,783.41
793.470611,5,1,12,2,51,54.0,484.963
793.566347,1,15,30,9,198,62.0,2961.0
793.566375,5,40,15,3,119,56.0,856.92
793.662164,5,17,12,2,66,55.0,483.888
793.757965,1,12,29,9,195,62.0,2900.0
793.75799,5,20,14,3,113,56.0,841.114
793.853848,5,43,12,2,51,54.0,478.593
793.950684,1,12,29,9,195,62.0,2909.0
793.950709,5,34,16,3,69,56.0,782.273
796.422888,5,17,12,2,49,54.0,461.48
796.51975,5,2,14,3,119,56.0,856.794
796.615494,5,40,13,2,51,54.0,476.714
796.711233,1,12,29,9,195,62.0,2909.0
796.711258,5,6,15,3,72,56.0,803.163
796.807149,5,40,13,2,48,54.0,462.669
796.902908,1,12,28,9,195,62.0,2900.0
796.902933,5,20,15,3,69,56.0,790.029
796.999034,5,43,12,2,51,54.0,494.45
797.094748,1,9,29,8,193,62.0,2899.0
797.094774,5,5,14,3,71,56.0,783.385
798.1739065,3,1,1,0,1,45.0,0.0
799.571731,5,40,13,2,51,54.0,486.453
799.66748,5,19,16,3,68,56.0,789.4
799.763344,5,17,12,2,49,55.0,463.498
799.859148,1,12,28,9,195,62.0,2901.0
799.859173,5,40,16,2,60,56.0,771.287
799.955251,5,20,13,2,69,55.0,524.76
800.050991,1,12,27,9,195,62.0,2908.0
800.051016,5,43,15,3,88,56.0,832.615
800.146735,5,17,13,2,52,54.0,491.821
800.243575,1,9,29,8,193,62.0,2899.0
800.2436,5,20,14,3,72,56.0,801.835
802.754516,5,43,12,2,51,54.0,481.037
802.85138,5,43,15,3,119,56.0,847.818
802.94721,5,19,12,2,68,55.0,523.065
803.043247,5,5,14,3,119,56.0,846.443
803.139033,5,17,12,2,52,54.0,487.185
803.234711,1,12,29,9,195,62.0,2910.0
803.234736,5,40,15,3,113,56.0,829.703
803.330613,5,17,13,2,52,54.0,484.688
803.426404,1,12,28,9,195,62.0,2908.0
803.426429,5,40,15,3,119,56.0,852.128
805.936208,5,43,12,2,51,54.0,479.522
806.032213,1,12,28,9,195,62.0,2906.0
806.032238,5,40,15,3,119,56.0,849.381
806.128084,5,2,12,2,51,54.0,487.218
806.224179,5,5,14,3,119,56.0,852.658
806.319924,5,43,10,2,54,54.0,493.611
806.416485,5,19,15,3,109,56.0,822.314
806.512536,5,17,12,2,66,55.0,484.52
806.608281,1,12,28,9,195,62.0,2900.0
806.608306,5,20,15,3,72,56.0,788.664
809.082159,5,17,11,2,52,55.0,460.554
809.178142,1,9,29,9,195,62.0,2913.0
809.178167,5,40,16,3,119,56.0,862.452
809.275016,5,17,12,2,66,55.0,481.804
809.37086,1,12,28,9,195,62.0,2900.0
809.370885,5,43,15,3,119,56.0,856.811
809.466707,5,2,11,2,54,55.0,503.616
809.562802,5,5,15,3,109,56.0,832.913
809.659348,5,17,13,2,52,54.0,488.111
809.755412,1,9,28,9,195,62.0,2908.0
809.755437,5,6,15,3,72,56.0,793.385
812.216257,5,43,12,2,51,54.0,481.001
812.312322,5,5,14,3,68,56.0,783.324
812.40807,5,19,10,2,54,54.0,494.66
812.503814,5,5,15,3,88,56.0,802.028
812.599672,5,17,12,2,66,55.0,483.067
812.695528,5,5,15,3,68,56.0,774.963
812.791607,5,17,12,2,49,54.0,444.602
812.887347,5,43,15,3,88,56.0,803.224
815.295259,5,17,12,2,66,55.0,484.629
815.391334,5,20,14,3,72,56.0,794.42
815.488186,5,2,12,2,54,54.0,492.7
815.583928,5,5,15,3,68,56.0,785.939
815.679758,5,1,12,2,51,54.0,484.221
815.775548,1,15,30,9,198,62.0,2970.0
815.775576,5,43,15,3,116,56.0,838.291
815.871397,5,43,11,2,51,54.0,485.075
815.967464,5,19,15,3,109,56.0,834.202
818.365562,5,17,12,2,49,54.0,454.641
818.462422,5,19,15,3,71,56.0,781.368
818.558166,5,2,11,2,54,54.0,494.807
818.653888,1,12,28,9,195,62.0,2921.0
818.653913,5,40,16,3,66,56.0,785.42
818.749766,5,43,12,2,51,54.0,477.603
818.845601,1,9,31,8,195,62.0,2914.0
818.845626,5,20,16,3,72,56.0,790.308
818.941731,5,43,12,2,51,54.0,477.311
819.03742,1,12,29,9,195,62.0,2901.0
819.037445,5,40,15,3,119,56.0,852.061
820.2005325,3,1,1,0,1,45.0,0.0
821.523102,5,43,12,2,54,54.0,489.468
821.619122,1,12,28,9,195,62.0,2903.0
821.619147,5,40,16,3,119,56.0,852.623
821.714992,5,2,11,2,54,55.0,490.752
821.810852,5,5,15,3,71,56.0,801.693
821.906929,5,43,11,2,51,54.0,480.943
822.002646,1,12,29,9,195,62.0,2910.0
822.002671,5,40,16,3,119,56.0,847.72
822.098415,5,43,11,2,51,54.0,488.731
822.194186,1,15,29,9,198,62.0,2959.0
822.194214,5,43,15,3,119,56.0,853.022
824.656145,5,20,13,2,52,54.0,492.984
824.752192,5,2,15,2,54,56.0,746.66
824.847942,5,17,12,2,49,54.0,450.192
824.943805,1,12,28,9,195,62.0,2925.0
824.94383,5,1,15,3,119,56.0,831.68
825.039697,5,2,11,2,51,54.0,476.071
825.135752,5,43,15,3,119,56.0,859.007
825.231474,5,19,12,2,54,55.0,490.185
825.32719,1,12,29,9,195,62.0,2917.0
825.327215,5,20,16,3,113,56.0,831.321
827.6494465,6,1,1,0,1,45.0,0.0
827.796289,5,2,13,2,54,54.0,503.575
827.894235,1,9,28,9,195,62.0,2918.0
827.89426,5,40,15,3,119,56.0,855.894
827.990011,5,19,11,2,68,55.0,521.314
828.08574,1,15,30,9,198,62.0,2966.0
828.085768,5,43,14,2,54,56.0,750.596
828.181583,5,19,12,2,68,55.0,519.334
828.277393,1,12,30,9,195,62.0,2921.0
828.277418,5,6,15,3,88,55.0,805.264
828.373543,5,1,12,2,52,54.0,488.085
828.469257,1,15,29,9,198,62.0,2961.0
828.469285,5,1,15,3,119,56.0,856.341
830.97009,5,17,11,2,52,55.0,464.91
831.066203,5,19,14,3,68,56.0,801.605
831.161928,5,17,11,2,49,54.0,452.958
831.257642,1,12,28,9,195,62.0,2914.0
831.257667,5,1,15,3,119,56.0,846.059
831.353472,5,17,12,2,66,54.0,488.641
831.449281,1,12,28,9,195,62.0,2918.0
831.449295,5,51,15,3,130,56.0,882.612
831.545186,5,43,11,2,51,54.0,494.007
831.64118,1,12,29,9,195,62.0,2928.0
831.641205,5,20,14,3,119,56.0,855.063
834.141983,5,2,12,2,54,54.0,498.334
834.238814,5,5,15,3,71,56.0,794.828
834.334675,5,43,11,2,51,54.0,480.608
834.430749,1,12,30,9,195,62.0,2967.0
834.430774,5,20,15,3,66,56.0,783.893
834.526457,5,43,13,2,51,54.0,488.54
834.622202,5,19,15,3,71,56.0,796.807
834.718057,5,2,12,2,54,54.0,502.151
834.813875,1,12,29,9,195,62.0,2958.0
834.8139,5,20,15,3,119,56.0,851.625
837.306956,5,20,11,2,52,55.0,489.08
837.403497,1,9,30,9,195,62.0,2960.0
837.403522,5,6,14,2,60,56.0,776.735
837.499571,5,20,12,2,69,54.0,522.717
837.596409,1,12,29,9,195,62.0,2961.0
837.596434,5,17,14,3,119,55.0,843.997
837.692268,5,5,12,2,54,55.0,502.554
837.78812,1,12,29,9,195,62.0,2961.0
837.788145,5,20,16,3,119,56.0,854.075
837.884233,5,2,12,2,54,55.0,503.501
837.97997,1,12,29,9,195,62.0,2955.0
837.979995,5,1,15,2,60,56.0,765.928
840.493583,5,1,11,2,51,54.0,490.605
840.589805,1,12,29,9,195,62.0,2949.0
840.58983,5,20,15,3,119,56.0,846.938
840.685587,5,43,12,2,51,54.0,481.04
840.781279,1,15,30,9,198,62.0,3008.0
840.781307,5,2,15,2,54,56.0,761.74
840.877143,5,17,12,2,49,54.0,450.056
840.972948,1,12,29,9,195,62.0,2964.0
840.972973,5,20,15,3,113,56.0,836.559
841.069105,5,2,10,2,51,55.0,494.714
841.164842,1,9,28,9,195,62.0,2966.0
841.164867,5,40,14,3,119,56.0,836.056
843.642909,5,17,11,2,52,54.0,489.772
843.739774,5,5,13,2,54,56.0,754.116
843.835542,5,1,11,2,48,54.0,477.381
843.931233,1,15,29,9,198,62.0,3017.0
843.931261,5,43,15,2,54,56.0,761.642
844.027066,5,2,11,2,54,55.0,496.63
844.1229,5,5,15,3,71,56.0,789.993
844.218761,5,1,12,2,48,54.0,478.455
844.315572,1,12,29,9,195,62.0,2965.0
844.315597,5,20,14,3,119,56.0,860.353
846.702555,5,43,11,2,51,54.0,482.247
846.79858,1,12,30,9,195,62.0,2956.0
846.798605,5,20,15,3,69,56.0,800.359
846.894446,5,1,11,2,52,54.0,489.494
846.99054,1,12,29,9,195,62.0,2962.0
846.990565,5,1,14,3,119,56.0,856.671
847.086287,5,43,10,2,51,54.0,476.537
847.182029,5,19,15,3,68,56.0,782.107
847.277837,5,17,12,2,52,55.0,459.422
847.374675,1,12,29,9,195,62.0,2965.0
847.3747,5,1,15,3,119,56.0,854.024
849.826799,5,17,12,2,66,55.0,477.859
849.922544,1,9,29,8,195,62.0,2978.0
849.922569,5,20,14,3,72,56.0,816.299
850.018424,5,20,11,2,52,55.0,493.962
850.114239,1,12,28,9,195,62.0,2951.0
850.114264,5,40,15,3,119,55.0,853.798
850.210356,5,1,11,2,51,54.0,490.152
850.306074,5,2,15,2,54,56.0,748.45
850.401825,5,17,12,2,52,55.0,474.061
850.497622,1,15,30,9,198,62.0,3013.0
850.49765,5,2,15,2,54,56.0,766.55
852.998722,5,2,11,2,54,54.0,498.027
853.095579,1,12,29,9,195,62.0,2964.0
853.095604,5,20,15,3,119,56.0,863.665
853.191332,5,17,11,2,52,55.0,465.852
853.287174,1,12,28,9,195,62.0,2962.0
853.287199,5,1,15,3,119,56.0,853.305
853.383002,5,20,11,2,52,54.0,497.1
853.479122,5,19,15,3,68,56.0,792.055
853.57489,5,1,12,2,52,54.0,496.835
853.670605,5,20,15,3,69,56.0,799.935
856.142561,5,19,11,2,51,55.0,489.808
856.238372,1,15,29,9,198,62.0,3008.0
856.2384,5,5,14,2,54,56.0,763.451
856.334525,5,43,11,2,51,54.0,492.529
856.430308,1,12,28,9,195,62.0,2974.0
856.430333,5,40,14,3,119,55.0,841.681
856.526011,5,19,12,2,68,55.0,532.335
856.621784,5,5,14,2,54,56.0,764.018
856.717641,5,17,10,2,52,55.0,477.541
856.8145,5,19,15,3,68,56.0,807.041
859.220589,5,2,10,2,54,54.0,492.572
859.31662,1,9,29,9,195,62.0,2965.0
859.316645,5,20,15,3,119,56.0,850.305
859.413515,5,20,12,2,52,55.0,503.621
859.509236,1,12,29,9,195,62.0,2974.0
859.509261,5,20,15,2,60,56.0,781.804
859.605024,5,20,11,2,55,55.0,502.422
859.700806,1,9,30,9,195,62.0,2971.0
859.700831,5,6,13,2,55,56.0,772.269
859.796673,5,17,12,2,57,54.0,510.289
859.892765,1,15,30,9,197,62.0,3011.0
859.892793,5,2,15,2,54,56.0,768.955
862.272528,5,5,11,2,54,55.0,507.237
862.368578,1,9,28,9,195,62.0,2969.0
862.368603,5,20,14,3,119,56.0,841.401
862.46438,5,17,12,2,49,54.0,448.531
862.560226,1,12,28,9,195,62.0,2947.0
862.560251,5,43,14,3,119,55.0,849.951
862.656075,5,17,11,2,52,55.0,466.368
862.752122,1,12,28,9,195,62.0,2967.0
862.752147,5,20,16,3,119,56.0,874.817
862.847887,5,17,11,2,66,55.0,489.067
862.944191,1,9,29,9,195,62.0,2982.0
862.944216,5,20,14,3,119,56.0,845.543
865.357726,5,43,11,2,62,54.0,526.832
865.454538,1,12,28,9,195,62.0,2957.0
865.454563,5,40,14,3,119,55.0,842.224
865.550696,5,17,11,2,49,55.0,448.909
865.646418,1,12,29,9,195,62.0,2955.0
865.646443,5,20,15,3,119,55.0,840.659
865.742149,5,43,11,2,51,54.0,499.633
865.837918,1,15,29,9,197,62.0,3020.0
865.837946,5,5,15,2,62,56.0,777.411
865.934607,5,2,11,2,54,55.0,503.386
866.030642,5,5,16,3,71,56.0,800.228
868.423789,5,43,11,2,51,54.0,482.582
868.519803,1,12,28,9,195,62.0,2968.0
868.519828,5,43,15,2,57,55.0,766.379
868.616698,5,43,11,2,52,54.0,496.724
868.712416,1,12,29,9,195,62.0,2963.0
868.712441,5,43,15,3,119,56.0,856.582
868.808186,5,20,12,2,52,55.0,494.87
868.903988,1,12,28,9,195,62.0,2979.0
868.904013,5,17,14,3,119,55.0,847.987
868.999877,5,43,11,2,51,54.0,489.218
869.09595,1,12,28,9,195,62.0,2965.0
869.095975,5,43,13,2,54,56.0,767.206
871.505633,5,43,11,2,51,54.0,493.203
871.601639,1,12,29,9,195,62.0,2959.0
871.601664,5,43,14,2,62,56.0,771.294
871.697526,5,5,11,2,54,55.0,501.512
871.793358,5,19,14,2,54,56.0,754.538
871.889434,5,17,12,2,66,55.0,488.224
871.985167,1,12,28,9,195,62.0,2965.0
871.985192,5,43,14,3,119,56.0,846.192
872.080917,5,1,11,2,51,54.0,494.787
872.176719,1,12,29,9,195,62.0,2963.0
872.176744,5,1,15,3,134,56.0,847.325
874.657778,5,2,11,2,54,54.0,502.993
874.753815,1,9,30,8,195,62.0,2982.0
874.75384,5,20,13,2,60,56.0,776.334
874.849589,5,17,12,2,52,55.0,497.966
874.94532,1,15,30,9,197,62.0,3018.0
874.945348,5,5,15,2,54,56.0,764.747
875.041134,5,17,11,2,52,55.0,459.823
875.136943,1,12,30,9,195,62.0,2978.0
875.136968,5,20,15,3,119,56.0,846.83
875.232828,5,17,11,2,49,55.0,454.069
875.328866,5,19,14,3,68,56.0,793.204
877.824624,5,2,12,2,51,55.0,494.306
877.920687,1,9,29,9,195,62.0,2972.0
877.920712,5,1,15,3,119,56.0,860.591
878.016437,5,19,12,2,68,55.0,518.296
878.11216,1,12,29,9,195,62.0,2968.0
878.112185,5,40,15,3,119,55.0,840.084
878.208037,5,2,10,2,51,54.0,488.622
878.303876,5,19,14,3,71,56.0,797.993
878.400801,5,1,11,2,51,54.0,490.413
878.496814,1,12,29,9,195,62.0,2968.0
878.496839,5,20,15,3,119,56.0,835.791
880.968383,5,17,11,2,66,55.0,486.612
881.064424,1,15,29,9,197,62.0,3016.0
881.064452,5,2,14,3,71,56.0,805.818
881.160304,5,5,11,2,54,55.0,496.507
881.256117,5,19,13,3,68,57.0,781.553
881.352248,5,1,11,2,51,54.0,491.284
881.447961,1,12,27,9,195,62.0,2972.0
881.447986,5,1,14,2,57,55.0,765.194
881.543737,5,17,11,2,49,54.0,452.876
881.6395,1,12,29,9,194,62.0,2968.0
881.639525,5,43,14,2,62,56.0,777.033
884.12553,5,5,11,2,54,55.0,509.604
884.221321,1,15,30,9,197,62.0,3015.0
884.221349,5,2,14,2,57,56.0,771.294
884.317484,5,17,12,2,66,55.0,487.336
884.414013,1,15,30,9,197,62.0,3012.0
884.414041,5,5,14,2,54,56.0,753.341
884.510107,5,43,11,2,51,54.0,492.714
884.605853,1,8,29,9,197,62.0,3014.0
884.605881,5,19,13,3,68,56.0,798.421
884.701575,5,43,11,2,51,54.0,487.809
884.797399,1,12,30,8,195,62.0,2977.0
884.797424,5,20,16,3,119,56.0,847.969
887.343525,5,17,11,2,66,55.0,498.828
887.439239,1,9,29,9,195,62.0,2977.0
887.439264,5,20,15,3,119,56.0,857.217
887.536138,5,19,10,2,54,55.0,502.734
887.631851,1,9,29,9,195,62.0,2963.0
887.631876,5,1,16,3,119,56.0,851.744
887.72771,5,19,10,2,68,55.0,521.465
887.823518,1,12,28,9,195,62.0,2953.0
887.823543,5,43,14,3,119,55.0,832.563
887.919695,5,2,11,2,54,54.0,499.658
888.015387,1,12,30,8,195,62.0,2973.0
888.015412,5,20,14,3,119,56.0,835.974
890.488409,5,5,11,2,54,55.0,500.452
890.586082,1,9,27,9,194,62.0,2975.0
890.586107,5,1,15,2,62,55.0,780.946
890.682151,5,17,10,2,52,55.0,459.893
890.684433,1,1,1,0,1,45.0,0.0
890.777863,1,12,28,9,195,62.0,2969.0
890.777888,5,1,15,2,52,56.0,758.607
890.873638,5,43,11,2,51,54.0,489.535
890.969514,5,5,13,2,54,56.0,760.105
891.065335,5,2,12,2,54,55.0,505.599
891.162147,1,12,28,9,194,62.0,2973.0
891.162172,5,1,13,2,54,56.0,757.719
893.60739,5,17,11,2,49,54.0,446.86
893.703112,1,12,28,9,194,62.0,2983.0
893.703137,5,2,14,2,62,56.0,782.413
893.798931,5,2,11,2,54,55.0,495.506
893.894762,1,15,29,9,197,62.0,3032.0
893.89479,5,5,14,2,54,56.0,767.906
893.990628,5,20,12,2,52,55.0,487.73
894.08664,1,12,28,9,194,62.0,2974.0
894.086665,5,43,13,2,54,56.0,766.898
894.182412,5,17,10,2,52,55.0,462.808
894.278129,1,12,28,9,194,62.0,2968.0
894.278154,5,2,13,2,54,56.0,751.327
896.791135,5,1,11,2,51,54.0,487.095
896.88693,1,15,30,9,197,62.0,3017.0
896.886958,5,2,14,2,54,56.0,759.865
896.982803,5,2,11,2,54,55.0,499.209
897.078894,1,15,29,9,197,62.0,3019.0
897.078922,5,2,13,2,54,56.0,763.501
897.174694,5,2,11,2,54,55.0,513.667
897.270412,5,20,14,3,113,56.0,825.376
897.366187,5,1,12,2,52,55.0,495.566
897.462009,1,15,29,9,197,62.0,3028.0
897.462037,5,5,14,2,54,56.0,753.249
899.932081,5,20,11,2,55,55.0,506.894
900.028917,1,12,29,9,195,62.0,2982.0
900.028942,5,1,14,3,119,56.0,849.281
900.125814,5,1,11,2,51,54.0,490.01
900.221562,1,12,28,9,195,62.0,2989.0
900.221587,5,43,13,2,51,55.0,748.215
900.317442,5,43,11,2,52,54.0,492.581
900.413256,1,9,28,9,195,62.0,2999.0
900.413281,5,43,13,2,57,56.0,781.381
900.509374,5,19,11,2,68,55.0,526.145
900.605066,1,12,29,9,195,62.0,2989.0
900.6050825,6,29,24,6,198,59.0,1486.0
900.605091,5,20,14,3,119,56.0,843.409
903.06009,5,20,11,2,52,55.0,489.713
903.158033,1,12,27,9,194,62.0,2977.0
903.158058,5,2,14,2,62,56.0,792.853
903.253848,5,43,11,2,51,54.0,490.046
903.349624,5,19,12,2,54,57.0,756.665
903.445404,5,1,11,2,51,54.0,498.461
903.541218,1,12,28,9,194,62.0,2986.0
903.541243,5,2,13,2,54,56.0,770.899
903.637341,5,1,10,2,48,54.0,481.987
903.733062,1,12,28,9,195,62.0,2986.0
903.733087,5,1,13,2,52,55.0,745.412
905.4731345,6,1,1,0,1,47.0,0.0
906.255884,5,17,10,2,52,54.0,452.507
906.35269,1,12,29,9,195,62.0,2981.0
906.352715,5,17,13,3,119,56.0,848.388
906.448816,5,1,11,2,51,54.0,491.993
906.544551,1,12,29,9,195,62.0,2999.0
906.544576,5,1,14,3,119,56.0,843.944
906.640301,5,43,11,2,51,54.0,491.913
906.736075,1,12,28,8,194,62.0,2989.0
906.7361,5,2,13,2,54,56.0,774.466
906.831945,5,17,10,2,49,55.0,452.359
906.92777,1,12,29,9,195,62.0,2979.0
906.927795,5,17,13,3,119,56.0,841.599
907.9279895,3,2,1,0,5,47.0,14.116
907.928014,2,1,1,0,1,51.0,0.0
909.392082,5,17,10,2,52,55.0,454.088
909.488919,1,12,29,9,195,62.0,2998.0
909.488944,5,20,15,3,119,56.0,849.78
909.584713,5,43,11,2,54,54.0,512.547
909.680457,1,15,29,9,197,62.0,3042.0
909.680485,5,5,13,4,192,56.0,875.794
909.776207,5,17,11,2,52,54.0,491.12
909.872029,1,8,30,9,197,62.0,3036.0
909.872057,5,5,14,4,192,57.0,892.941
909.967902,5,1,11,2,52,54.0,494.174
912.479755,5,20,11,2,52,54.0,492.29
912.575795,1,12,29,9,195,62.0,2987.0
912.57582,5,17,15,2,52,56.0,742.358
912.672699,5,43,10,2,51,54.0,491.379
912.768408,1,12,28,9,195,62.0,2999.0
912.768433,5,17,14,2,57,56.0,762.898
912.864257,5,1,11,2,52,54.0,480.457
912.96007,5,6,13,3,119,57.0,843.074
913.055932,5,1,10,2,51,54.0,489.487
913.15194,1,5,28,9,197,62.0,3055.0
913.151968,5,5,13,2,54,56.0,760.067
915.4135645,6,11,4,1,21,59.0,468.958
915.413622,1,2,1,0,2,46.0,5.921
915.639783,5,20,11,2,52,55.0,500.311
915.735588,1,15,30,9,197,62.0,3046.0
915.735616,5,5,14,2,54,56.0,761.451
915.831657,5,20,11,2,52,55.0,498.469
915.927372,1,12,28,9,194,62.0,3003.0
915.927397,5,1,14,3,112,56.0,820.141
916.02315,5,20,11,2,52,55.0,497.316
916.119418,1,15,30,9,197,62.0,3041.0
916.119446,5,5,13,4,192,56.0,866.554
916.214839,5,1,11,2,52,54.0,499.128
916.311653,1,15,28,9,197,62.0,3045.0
916.311681,5,5,13,4,192,57.0,866.849
918.798686,5,20,11,2,52,55.0,496.67
918.894523,1,12,29,9,195,62.0,2996.0
918.894548,5,20,13,2,55,56.0,762.023
918.990622,5,5,12,2,54,55.0,507.373
919.086339,1,9,29,9,195,62.0,3011.0
919.086364,5,17,16,2,52,56.0,777.075
919.182108,5,1,11,2,48,55.0,486.0
919.277938,1,12,27,9,195,62.0,3008.0
919.277963,5,1,14,2,52,55.0,756.303
919.373772,5,43,11,2,51,54.0,490.886
919.469578,1,9,28,9,195,62.0,3023.0
919.469603,5,20,15,3,119,57.0,857.909
921.951612,5,17,12,2,52,54.0,496.426
922.048424,1,9,30,9,195,62.0,3004.0
922.048449,5,17,16,2,52,56.0,745.797
922.14454,5,1,11,2,52,54.0,494.821
922.240233,1,12,28,9,195,62.0,3011.0
922.240258,5,1,14,2,51,55.0,746.159
922.33601,5,1,11,2,52,54.0,498.958
922.431806,1,12,28,8,194,62.0,3012.0
922.431831,5,5,15,4,198,56.0,889.08
922.527675,5,1,12,2,52,55.0,488.691
922.623789,1,15,29,9,197,62.0,3061.0
922.623817,5,5,13,2,54,56.0,769.39
925.134552,5,17,10,2,52,55.0,471.361
925.231366,1,12,28,9,195,62.0,3030.0
925.231391,5,20,14,3,113,57.0,837.761
925.327169,5,20,12,2,52,55.0,489.294
925.422991,1,15,29,9,197,62.0,3077.0
925.423019,5,5,13,2,54,56.0,778.845
925.518942,5,17,10,2,52,55.0,466.94
925.614903,1,12,29,9,195,62.0,3015.0
925.614928,5,17,15,2,52,56.0,742.916
925.710676,5,20,12,2,52,55.0,506.227
925.806389,1,9,29,8,195,62.0,3021.0
925.806414,5,6,15,2,60,56.0,769.644
928.312642,5,17,12,2,52,55.0,503.943
928.410184,1,12,28,9,195,62.0,3029.0
928.410209,5,20,14,3,119,56.0,851.12
928.506055,5,19,11,2,54,55.0,510.798
928.602093,1,9,28,8,195,62.0,3033.0
928.602118,5,20,14,3,116,57.0,838.238
928.697869,5,1,11,2,51,54.0,498.288
928.793601,1,9,28,8,195,62.0,3039.0
928.793626,5,20,14,2,60,57.0,789.294
928.88944,5,43,10,2,48,54.0,479.242
931.473297,5,2,10,2,54,55.0,510.565
931.570137,1,12,28,9,194,62.0,3033.0
931.570162,5,1,14,2,57,56.0,770.122
931.665964,5,20,12,2,52,55.0,500.209
931.761776,1,12,30,9,195,62.0,3036.0
931.761801,5,1,14,2,52,56.0,755.479
931.857658,5,20,12,2,52,55.0,500.89
931.953694,1,12,29,9,195,62.0,3039.0
931.953719,5,20,15,2,55,56.0,776.251
932.049443,5,2,11,2,51,55.0,500.21
934.629471,5,20,11,2,52,55.0,495.036
934.726284,1,12,27,9,194,62.0,3038.0
934.726309,5,2,13,4,192,56.0,895.266
934.822057,5,1,11,2,51,54.0,495.62
934.917771,1,12,28,9,195,63.0,3042.0
934.917796,5,1,13,2,54,56.0,776.012
935.013651,5,2,10,2,54,55.0,503.817
935.109396,1,8,28,9,197,62.0,3089.0
935.109424,5,19,13,3,112,57.0,836.878
935.205269,5,17,11,2,52,55.0,496.802
937.788112,5,1,11,2,52,55.0,500.162
937.88495,1,9,29,8,195,62.0,3041.0
937.884975,5,20,13,3,119,57.0,846.382
937.98102,5,1,12,2,52,55.0,506.232
938.076738,1,12,29,9,195,63.0,3046.0
938.076763,5,17,13,3,119,56.0,842.223
938.172508,5,20,10,2,55,55.0,506.558
938.268331,1,12,29,9,195,63.0,3041.0
938.268356,5,17,13,2,52,56.0,749.429
938.364177,5,1,11,2,52,54.0,502.561
940.953013,5,2,9,2,51,54.0,490.821
941.050973,1,15,28,9,197,62.0,3113.0
941.051,5,20,13,4,193,57.0,888.039
941.146745,5,2,11,2,54,55.0,504.908
941.242516,1,15,29,9,197,62.0,3102.0
941.242544,5,5,12,4,192,57.0,874.794
941.33845,5,1,10,2,48,54.0,492.951
941.434215,1,9,27,8,195,62.0,3074.0
941.43424,5,6,13,4,193,57.0,889.928
941.530282,5,17,11,2,52,54.0,498.211
943.3180095,6,1,1,0,1,45.0,0.0
944.135063,5,20,12,2,52,55.0,499.369
944.23078,1,12,29,9,195,63.0,3050.0
944.230805,5,17,14,2,52,56.0,757.798
944.327676,5,20,11,2,55,55.0,504.915
944.423424,1,9,28,9,194,63.0,3055.0
944.423449,5,2,14,2,57,56.0,776.204
944.519275,5,2,10,2,51,55.0,500.062
944.615092,1,12,29,9,194,63.0,3061.0
944.615117,5,2,14,2,51,56.0,751.539
947.254854,5,20,11,2,52,55.0,498.978
947.350879,1,15,28,9,197,62.0,3097.0
947.350907,5,5,13,2,54,57.0,766.727
947.446655,5,2,10,2,51,55.0,499.732
947.542368,1,12,29,9,195,63.0,3072.0
947.542393,5,1,14,2,52,56.0,756.205
947.638275,5,20,11,2,52,55.0,498.204
949.426836,5,3,20,6,144,65.0,2560.0
949.4268365,6,2,17,5,107,69.0,3602.0
950.285994,5,17,12,2,52,55.0,498.506
950.382802,1,12,28,9,195,63.0,3070.0
950.382827,5,17,14,2,52,56.0,760.27
950.478922,5,5,11,2,54,55.0,510.977
950.574614,1,12,29,9,195,62.0,3072.0
950.574639,5,20,14,2,55,56.0,776.884
950.670388,5,20,11,2,55,55.0,512.505
953.336884,5,20,11,2,52,55.0,503.907
953.432891,1,12,28,9,194,63.0,3071.0
953.432916,5,17,14,2,52,56.0,755.87
953.528782,5,2,11,2,51,55.0,501.004
953.624613,5,20,14,4,193,57.0,883.412
953.720655,5,20,11,2,55,55.0,518.749
953.81637,1,12,29,9,195,63.0,3075.0
953.816395,5,17,13,2,52,56.0,766.359
956.430193,5,1,10,2,51,54.0,497.423
956.527033,1,12,29,9,194,63.0,3082.0
956.527058,5,2,14,2,57,56.0,789.086
956.622803,5,2,10,2,51,54.0,492.673
956.718668,1,9,29,9,195,62.0,3095.0
956.718693,5,20,16,3,119,57.0,844.71
956.814527,5,2,9,2,51,55.0,496.733
956.910567,1,15,29,9,197,62.0,3133.0
956.910595,5,5,12,4,195,57.0,886.347
957.846592,1,2,1,0,2,45.0,6.375
959.596008,5,17,10,2,52,55.0,497.907
959.691806,1,11,27,9,197,62.0,3157.0
959.691833,5,20,14,4,196,57.0,906.136
959.787965,5,20,11,2,52,55.0,506.966
959.883703,1,12,29,9,195,63.0,3100.0
959.883728,5,1,14,2,52,56.0,759.002
959.979449,5,2,10,2,54,55.0,509.487
960.0752,1,12,28,9,195,62.0,3105.0
960.075225,5,20,14,2,55,57.0,778.535
962.757931,5,2,11,2,51,55.0,502.301
962.853994,1,8,27,9,197,62.0,3163.0
962.854021,5,20,13,4,193,57.0,905.096
962.949745,5,19,10,2,54,55.0,505.39
963.045461,1,12,28,9,195,63.0,3105.0
963.045486,5,20,13,2,60,57.0,798.818
963.141343,5,2,11,2,51,54.0,494.677
963.2371,1,12,29,9,195,63.0,3103.0
963.237125,5,17,13,2,52,56.0,755.865
965.876111,5,20,11,2,55,56.0,500.146
965.972623,1,12,28,9,195,63.0,3118.0
965.972648,5,17,13,2,52,56.0,776.609
966.068747,5,17,10,2,52,55.0,469.094
966.165564,1,12,29,9,195,62.0,3123.0
966.165589,5,20,14,3,119,57.0,854.915
966.261337,5,2,9,2,51,54.0,495.608
966.357078,1,15,28,9,197,62.0,3177.0
966.357105,5,20,15,4,196,57.0,913.625
969.040795,5,17,10,2,52,56.0,462.461
969.137393,1,9,30,9,198,62.0,3137.0
969.137418,5,20,13,3,119,57.0,841.83
969.232757,5,2,10,2,57,54.0,512.047
969.328494,1,15,28,9,197,62.0,3165.0
969.328522,5,19,13,4,192,57.0,894.266
969.424242,5,20,10,2,55,55.0,509.988
972.158791,5,20,12,2,52,55.0,512.874
972.255578,1,15,28,9,197,62.0,3178.0
972.255606,5,19,13,2,54,57.0,793.985
972.351737,5,20,11,2,55,55.0,511.293
972.44745,1,12,29,9,195,63.0,3128.0
972.447475,5,20,14,2,52,56.0,769.708
972.543247,5,1,10,2,48,54.0,491.676
975.242861,5,5,10,2,54,55.0,515.565
975.338919,1,12,29,9,195,63.0,3134.0
975.338944,5,20,15,2,60,56.0,791.879
975.434669,5,2,10,2,51,55.0,501.477
975.530389,1,12,29,9,194,63.0,3135.0
975.530414,5,2,13,2,54,56.0,780.946
975.626185,5,20,11,2,52,56.0,507.148
975.722011,1,15,29,9,197,62.0,3180.0
975.722039,5,5,12,4,192,57.0,883.18
976.881209,5,1,7,1,54,51.0,123.837
978.417601,5,20,11,2,55,56.0,515.719
978.513654,1,12,28,9,195,62.0,3143.0
978.513679,5,20,14,3,119,57.0,853.639
978.609404,5,1,11,2,52,54.0,509.101
978.70526,1,8,28,9,197,62.0,3203.0
978.705287,5,20,14,4,193,57.0,891.687
978.801073,5,2,10,2,51,55.0,495.05
981.568682,5,20,11,2,52,55.0,505.696
981.664715,1,12,28,9,195,63.0,3156.0
981.66474,5,20,13,2,52,57.0,782.082
981.760495,5,17,10,2,52,56.0,467.491
981.856201,1,12,28,9,195,62.0,3154.0
981.856226,5,20,14,2,55,57.0,777.825
981.952,5,17,11,2,52,55.0,505.702
982.047853,1,9,28,9,194,63.0,3154.0
982.047878,5,2,12,2,51,56.0,756.544
984.734722,5,20,11,2,52,56.0,509.887
984.830436,1,9,27,8,195,62.0,3165.0
984.830461,5,6,12,4,193,57.0,897.791
984.926215,5,17,10,2,52,55.0,514.69
985.022036,1,12,28,9,195,63.0,3162.0
985.022061,5,17,13,2,57,56.0,785.233
985.117928,5,19,10,2,51,56.0,507.291
985.21397,1,15,29,9,197,62.0,3213.0
985.213998,5,5,13,3,112,57.0,837.518
987.941561,5,17,11,2,51,55.0,493.551
988.038422,1,12,29,9,195,63.0,3154.0
988.038447,5,1,14,2,55,56.0,778.132
988.134171,5,20,11,2,52,55.0,504.66
988.229886,1,8,28,9,200,62.0,3239.0
988.229914,5,19,13,4,192,57.0,890.677
988.325743,5,1,11,2,52,56.0,515.282
991.08831,5,20,11,2,55,56.0,514.486
991.185118,1,12,28,9,194,63.0,3176.0
991.185143,5,2,12,2,51,56.0,746.029
991.280986,5,2,10,2,51,55.0,505.56
991.377025,1,12,28,9,194,63.0,3181.0
991.37705,5,2,12,2,51,56.0,755.784
991.472821,5,17,10,2,52,56.0,471.705
994.249355,5,5,10,2,54,55.0,522.412
994.347021,1,5,29,9,197,62.0,3235.0
994.347049,5,5,13,3,112,57.0,859.285
994.443115,5,17,11,2,52,56.0,462.331
994.538811,1,15,29,9,197,62.0,3237.0
994.538839,5,5,14,4,192,57.0,889.132
994.63464,5,17,10,2,52,55.0,476.801
997.39614,5,5,10,2,51,55.0,505.091
997.492973,1,12,28,9,194,63.0,3184.0
997.492998,5,2,13,2,51,57.0,770.896
997.589103,5,2,9,2,51,55.0,497.327
997.68482,1,12,29,9,194,63.0,3194.0
997.684845,5,2,12,2,51,57.0,762.846
1000.463233,5,5,9,2,51,56.0,506.7
1000.560017,1,9,27,9,198,62.0,3229.0
1000.560042,5,20,12,2,55,57.0,790.13
1000.655887,5,20,11,2,55,56.0,521.333
1000.751981,1,9,28,9,198,62.0,3219.0
1000.751995,5,31,14,3,66,57.0,827.666
1001.3519225,3,1,1,0,1,45.0,0.0
1003.533318,5,1,10,2,52,55.0,505.434
1003.629349,1,15,29,9,197,63.0,3250.0
1003.629377,5,5,12,2,54,57.0,781.994
1003.725129,5,17,11,2,52,55.0,499.144
1003.820838,1,12,29,9,195,63.0,3219.0
1003.820849,5,34,15,3,69,56.0,834.933
1006.62229,5,5,10,2,54,55.0,516.47
1006.719106,1,15,30,9,197,62.0,3274.0
1006.719134,5,5,12,2,57,57.0,796.83
1006.814968,5,2,9,2,51,55.0,511.11
1006.910796,1,12,28,9,194,63.0,3213.0
1006.910821,5,2,12,2,51,56.0,766.996
1009.688377,5,20,11,2,52,55.0,511.118
1009.785165,1,12,28,9,194,63.0,3224.0
1009.78519,5,5,12,3,112,57.0,838.379
1009.881035,5,2,9,2,51,55.0,506.664
1009.977182,1,15,29,9,197,63.0,3294.0
1009.97721,5,5,13,2,54,57.0,781.66
1011.5672605,6,1,1,0,1,45.0,0.0
1012.757655,5,20,10,2,55,56.0,516.243
1012.854496,1,12,29,9,195,63.0,3249.0
1012.854521,5,20,12,2,55,57.0,800.488
1012.950272,5,17,10,2,52,56.0,473.099
1014.8992105,3,1,1,0,1,45.0,0.0
1015.798607,5,20,11,2,55,55.0,512.854
1015.894335,1,12,29,9,198,62.0,3256.0
1015.894349,5,31,12,3,66,58.0,839.151
1015.9912,5,20,11,2,55,56.0,522.529
1018.855587,5,20,10,2,55,56.0,516.746
1018.952403,1,12,29,9,195,63.0,3248.0
1018.952428,5,17,12,2,55,57.0,793.788
1019.048576,5,17,9,2,49,56.0,465.656
1019.144323,1,12,29,9,195,63.0,3251.0
1019.144348,5,20,13,2,55,57.0,793.585
1022.000533,5,1,11,2,52,56.0,526.827
1022.097349,1,12,28,9,194,63.0,3269.0
1022.097374,5,5,12,2,51,57.0,773.707
1022.19346,5,20,11,2,55,56.0,522.546
1022.289208,1,12,28,9,194,63.0,3263.0
1022.289233,5,2,12,2,51,57.0,771.958
1022.384982,5,19,9,2,51,56.0,512.439
1025.221339,5,20,10,2,55,56.0,518.919
1025.318183,1,12,29,9,195,63.0,3271.0
1025.318208,5,2,12,2,52,56.0,780.057
1025.41403,5,5,11,2,54,56.0,520.426
1025.510071,1,9,29,9,198,62.0,3300.0
1025.510085,5,31,14,4,204,58.0,936.712
1028.394072,5,3,9,2,49,56.0,468.102
1028.490052,1,12,29,9,195,63.0,3282.0
1028.490077,5,20,12,2,52,57.0,784.198
1028.586924,5,1,11,2,52,56.0,513.352
1031.456325,5,20,11,2,55,56.0,525.376
1031.553179,1,8,29,9,200,62.0,3348.0
1031.553206,5,6,13,4,193,58.0,908.732
1031.64899,5,20,11,2,52,56.0,519.864
1032.710077,5,3,2,0,4,51.0,30.555
1034.507396,5,5,9,2,51,56.0,515.274
1034.603449,1,8,29,9,200,62.0,3354.0
1034.603476,5,20,14,2,55,57.0,796.571
1037.570262,5,2,9,2,48,55.0,511.755
1037.666266,1,15,29,9,197,62.0,3359.0
1037.666293,5,6,14,2,55,58.0,800.842
1040.611368,5,20,10,2,55,56.0,528.28
1040.707373,1,15,29,9,197,63.0,3367.0
1040.707401,5,5,11,2,52,57.0,787.051
1043.690623,5,2,9,2,48,55.0,512.467
1043.786422,1,15,29,9,197,63.0,3373.0
1043.786449,5,6,12,3,113,57.0,858.462
1043.882292,5,5,10,2,51,56.0,521.893
1046.825365,5,1,10,3,196,55.0,608.885
1046.921648,1,15,29,9,197,62.0,3384.0
1046.921676,5,5,12,3,112,58.0,863.588
1047.018285,5,17,9,2,52,56.0,491.197
1049.970493,5,20,10,2,55,56.0,519.245
1050.066535,1,12,29,9,198,63.0,3343.0
1050.06656,5,20,13,2,52,57.0,790.852
1053.081492,5,20,10,2,55,56.0,530.959
1053.177302,1,12,29,9,198,63.0,3365.0
1053.177327,5,20,12,4,193,57.0,897.407
1056.145702,5,2,10,2,51,55.0,515.31
1056.242551,1,12,29,9,198,63.0,3364.0
1056.242576,5,20,12,4,193,57.0,913.598
1056.818686,1,8,28,9,197,62.0,3410.0
1056.818713,5,6,12,2,55,57.0,809.777
1059.190583,5,20,10,2,52,56.0,529.337
1059.286612,1,15,29,9,197,63.0,3418.0
1059.286639,5,6,12,2,52,57.0,796.04
1062.307628,5,20,11,2,52,56.0,530.204
1062.403475,1,8,30,9,197,62.0,3413.0
1062.403502,5,20,13,3,113,57.0,863.36
1065.462649,5,20,11,2,52,56.0,524.421
1065.559487,1,8,29,9,197,62.0,3421.0
1065.559514,5,20,12,3,113,57.0,867.631
1068.605526,5,20,10,2,55,56.0,535.789
1068.7023,1,12,29,9,198,63.0,3402.0
1068.702325,5,20,12,4,193,57.0,921.211
1068.798479,5,3,9,2,49,56.0,472.029
1071.812331,5,20,10,2,52,56.0,522.095
1071.909139,1,15,30,9,197,62.0,3435.0
1071.909167,5,5,12,3,112,57.0,870.301
1074.987419,5,2,9,2,48,55.0,523.367
1075.084256,1,9,28,9,198,62.0,3396.0
1075.084281,5,20,14,2,55,58.0,808.241
1078.14271,5,17,10,2,49,56.0,476.591
1078.238952,1,12,29,9,198,63.0,3402.0
1078.238977,5,20,12,4,193,58.0,913.804
1081.324018,5,20,11,2,52,56.0,525.473
1081.995907,1,11,28,9,200,62.0,3449.0
1081.995923,5,31,14,3,66,58.0,853.883
1084.454975,5,2,10,2,51,55.0,514.958
1085.126885,1,8,29,9,200,62.0,3461.0
1085.126912,5,20,13,2,55,58.0,822.265
1087.601706,5,5,10,2,51,55.0,521.38
1088.272789,1,15,28,9,197,62.0,3451.0
1088.272817,5,5,11,3,112,57.0,862.668
1090.757721,5,20,10,2,52,56.0,529.589
1091.429887,1,12,30,9,198,63.0,3425.0
1091.429912,5,20,13,2,55,58.0,811.099
1093.918741,5,1,10,2,48,55.0,507.065
1094.591688,1,8,29,9,200,62.0,3463.0
1094.591715,5,6,12,2,55,58.0,826.912
1094.797792,2,1,2,0,1,52.0,0.0
1094.7978165,6,1,4,0,22,48.0,38.475
1097.089631,5,2,10,2,52,55.0,523.083
1097.762335,1,12,29,9,195,63.0,3420.0
1097.76236,5,5,12,2,51,57.0,799.333
1100.247575,5,17,10,2,49,56.0,474.295
1100.92024,1,9,28,9,198,62.0,3435.0
1100.920254,5,31,13,3,66,58.0,859.779
1103.423442,5,2,10,2,51,55.0,529.331
1104.0956,1,9,29,9,198,62.0,3452.0
1104.095625,5,20,13,3,113,58.0,877.839
1107.152652,5,1,11,2,52,56.0,533.696
1107.249494,1,8,29,9,197,62.0,3493.0
1107.249521,5,6,12,3,113,58.0,883.471
1110.254439,5,20,10,2,52,56.0,529.577
1110.351277,1,15,29,9,197,62.0,3487.0
1110.351304,5,6,12,2,52,58.0,807.205
1113.340488,5,5,9,2,48,55.0,516.278
1113.436308,1,12,28,9,198,63.0,3451.0
1113.436333,5,20,12,4,193,57.0,921.013
1115.890636,5,20,10,2,52,56.0,530.041
1116.465661,5,2,10,2,52,55.0,530.816
1116.562198,1,8,29,9,197,62.0,3485.0
1116.562225,5,20,11,2,55,58.0,823.291
1119.635329,5,2,9,2,48,55.0,520.408
1119.732167,1,12,29,9,195,63.0,3436.0
1119.732192,5,5,12,2,51,57.0,807.273
1122.67543,1,12,29,9,198,63.0,3457.0
1122.675444,5,31,13,3,66,58.0,880.017
1122.771307,5,20,11,2,52,57.0,531.522
1122.867092,1,15,29,9,197,63.0,3495.0
1122.86712,5,5,10,3,112,57.0,882.638
1125.736505,1,12,29,9,198,63.0,3459.0
1125.73653,5,20,13,4,193,58.0,922.2
1125.832351,5,20,9,2,48,56.0,515.559
1125.928454,1,15,29,9,197,62.0,3507.0
1125.928481,5,6,13,2,52,57.0,809.8
1128.810529,1,15,29,9,197,62.0,3504.0
1128.810556,5,6,12,3,113,58.0,886.568
1128.90668,5,17,11,2,52,55.0,534.076
1129.00237,1,12,28,9,195,63.0,3442.0
1129.002395,5,2,11,2,55,57.0,825.387
1131.886601,1,15,29,9,197,63.0,3508.0
1131.886628,5,6,12,3,113,57.0,887.317
1131.982453,5,5,9,2,51,56.0,526.758
1132.079263,1,12,28,9,195,63.0,3447.0
1132.079288,5,5,11,2,52,57.0,803.659
1134.847837,5,5,10,2,51,56.0,534.312
1134.943666,1,11,29,9,200,62.0,3522.0
1134.943682,5,31,14,3,124,58.0,927.869
1135.039532,5,2,10,2,51,55.0,538.232
1135.136368,1,12,29,9,198,63.0,3473.0
1135.136393,5,20,13,4,193,58.0,917.041
1137.876112,5,5,10,2,51,56.0,525.09
1137.971846,1,15,30,9,197,62.0,3518.0
1137.971873,5,6,12,2,52,57.0,810.273
1138.067656,5,5,10,2,51,56.0,528.713
1138.163875,1,12,28,9,198,63.0,3483.0
1138.163889,5,31,14,3,66,58.0,872.36
1138.3613825,3,1,1,0,1,45.0,0.0
1139.4905765,3,1,1,0,4,47.0,10.548
1140.915116,5,5,10,2,51,56.0,526.927
1141.01089,1,12,29,9,195,63.0,3468.0
1141.010915,5,2,11,2,52,57.0,809.977
1141.106787,5,2,9,2,48,55.0,523.639
1141.202586,1,12,28,9,198,62.0,3486.0
1141.2026,5,31,13,3,66,58.0,869.905
1143.962182,5,20,10,2,52,56.0,526.924
1144.057989,1,12,29,9,198,63.0,3493.0
1144.058014,5,20,13,4,193,58.0,916.201
1144.154056,5,2,9,2,48,55.0,513.856
1144.249771,1,15,29,10,198,63.0,3542.0
1144.249799,5,5,11,2,51,57.0,806.838
1146.99031,5,5,9,2,51,56.0,530.777
1147.086112,1,15,28,10,198,63.0,3534.0
1147.08614,5,5,12,2,51,57.0,818.049
1147.182001,5,5,9,2,51,55.0,539.847
1147.278874,1,12,29,9,195,63.0,3490.0
1147.278899,5,5,11,4,196,57.0,922.146
1150.031572,5,2,9,2,51,55.0,522.297
1150.127304,1,12,28,10,198,63.0,3497.0
1150.127329,5,2,11,2,55,57.0,823.929
1150.223879,5,20,11,2,52,56.0,526.309
1150.319901,1,9,28,9,198,62.0,3502.0
1150.319915,5,31,12,3,124,58.0,922.624
1153.105489,5,20,10,2,52,56.0,539.112
1153.201263,1,12,29,9,198,63.0,3482.0
1153.201288,5,20,13,2,55,57.0,811.744
1153.297153,5,2,10,2,48,55.0,520.824
1153.39296,1,12,28,9,195,63.0,3498.0
1153.392985,5,5,10,2,48,57.0,783.709
1156.168711,5,5,10,2,51,55.0,527.84
1156.264428,1,12,28,9,195,63.0,3494.0
1156.264453,5,5,11,2,51,58.0,805.039
1156.360202,5,20,10,2,52,56.0,528.743
1156.456028,1,12,28,9,198,63.0,3511.0
1156.456042,5,31,13,3,66,58.0,867.907
1159.254548,5,6,10,2,52,56.0,540.213
1159.350357,1,12,28,9,195,63.0,3513.0
1159.350382,5,5,11,2,51,57.0,803.261
1159.446513,5,20,11,2,48,57.0,519.343
1159.542254,1,12,28,9,198,63.0,3525.0
1159.542268,5,31,13,3,66,58.0,858.693
1162.369529,5,20,11,2,52,56.0,532.006
1162.465351,1,8,29,9,197,62.0,3569.0
1162.465378,5,6,12,3,83,58.0,858.8
1162.561224,5,2,10,2,51,55.0,524.646
1162.658086,1,12,28,9,195,63.0,3510.0
1162.658111,5,5,11,2,52,57.0,819.35
1165.452594,5,20,11,2,52,56.0,528.45
1165.548387,1,12,28,9,198,63.0,3520.0
1165.548401,5,31,13,4,204,58.0,973.82
1165.644483,5,5,10,2,51,56.0,533.028
1165.740196,1,12,28,9,198,63.0,3522.0
1165.740221,5,20,13,2,55,58.0,822.301
1168.436775,1,15,29,10,197,63.0,3560.0
1168.436803,5,5,11,3,112,58.0,872.229
1168.532628,5,6,10,2,52,56.0,532.028
1168.628471,1,8,29,9,197,62.0,3574.0
1168.628487,5,17,12,3,124,58.0,920.307
1168.724303,5,20,10,2,52,56.0,530.382
1168.820314,1,12,29,9,198,63.0,3543.0
1168.820339,5,20,14,4,193,58.0,940.864
1171.589691,5,2,10,2,51,55.0,532.964
1171.685505,1,12,28,10,195,63.0,3537.0
1171.68553,5,5,11,2,52,57.0,809.059
1171.781628,5,2,10,2,48,55.0,532.889
1171.877363,1,12,27,9,195,63.0,3507.0
1171.877388,5,5,11,3,112,57.0,866.0
1173.0318975,3,1,3,0,12,51.0,53.838
1174.709683,5,20,11,2,48,56.0,517.416
1174.805478,1,15,30,10,197,63.0,3585.0
1174.805506,5,5,11,2,51,58.0,797.722
1174.901351,5,2,10,2,48,55.0,528.794
1174.998256,1,8,28,9,197,62.0,3582.0
1174.998283,5,6,12,3,113,58.0,883.338
1177.744747,1,12,28,9,198,63.0,3555.0
1177.744772,5,20,13,2,55,58.0,812.601
1177.840627,5,2,10,2,48,56.0,513.824
1177.936439,1,11,29,9,197,62.0,3597.0
1177.936455,5,31,13,3,63,58.0,844.966
1178.032558,5,20,11,2,55,57.0,546.852
1178.128255,1,12,28,9,198,63.0,3563.0
1178.12828,5,20,12,2,55,58.0,808.271
1179.8788955,6,1,1,0,1,45.0,0.0
1179.8789045,3,1,1,0,1,46.0,0.0
1179.878918,2,1,1,0,1,50.0,0.0
1180.828775,1,12,28,9,198,63.0,3571.0
1180.8288,5,20,12,2,55,58.0,817.157
1180.924661,5,2,10,2,48,56.0,518.219
1181.02047,1,15,29,10,197,63.0,3584.0
1181.020497,5,6,11,3,113,58.0,891.151
1181.116599,5,5,9,2,48,56.0,525.03
1181.212331,1,11,28,9,200,62.0,3602.0
1181.212347,5,17,13,3,69,58.0,886.347
1184.047644,5,6,11,2,52,56.0,528.518
1184.143451,1,12,29,10,198,63.0,3549.0
1184.143476,5,20,11,2,55,57.0,815.109
1184.240323,5,20,10,2,52,57.0,530.594
1184.336359,1,12,28,10,198,63.0,3549.0
1184.336384,5,20,12,2,55,57.0,815.452
1187.226709,5,5,10,2,51,56.0,538.986
1187.322443,1,8,28,9,197,62.0,3602.0
1187.32247,5,6,13,2,52,58.0,813.903
1187.418197,5,20,11,2,55,57.0,542.992
1187.514022,1,8,29,9,197,62.0,3603.0
1187.514038,5,17,13,4,124,58.0,931.093
1190.324496,1,12,28,9,198,63.0,3560.0
1190.324521,5,20,13,2,55,58.0,813.522
1190.42059,5,20,11,2,52,57.0,540.378
1190.516309,1,8,29,9,197,62.0,3610.0
1190.516336,5,6,12,3,113,58.0,891.255
1190.612103,5,20,10,2,55,56.0,541.017
1190.708919,1,9,29,9,195,62.0,3576.0
1190.708933,5,31,12,3,63,58.0,856.707
1193.476517,1,8,29,9,197,62.0,3621.0
1193.476544,5,6,12,3,113,58.0,899.853
1193.572315,5,20,10,2,52,56.0,529.031
1193.668905,1,12,29,9,198,63.0,3587.0
1193.66893,5,20,14,2,55,58.0,814.703
1193.763989,5,20,11,2,48,56.0,525.995
1193.86,1,12,28,10,198,63.0,3583.0
1193.860025,5,20,12,2,55,57.0,814.524
1194.504717,1,1,2,0,1,47.0,0.0
1196.623602,1,12,28,10,195,63.0,3582.0
1196.623627,5,5,11,2,51,58.0,819.017
1196.719378,5,3,10,2,80,56.0,517.071
1196.815097,1,12,28,10,198,63.0,3575.0
1196.815122,5,20,12,2,55,57.0,822.688
1196.910919,5,20,11,2,55,56.0,554.959
1197.006755,1,12,29,9,198,63.0,3599.0
1197.006769,5,31,12,3,96,58.0,907.773
1199.640672,5,20,11,2,52,56.0,536.661
1199.736385,1,12,28,9,198,63.0,3598.0
1199.73641,5,20,12,2,55,58.0,813.172
1199.832236,5,20,10,2,55,56.0,540.85
1199.928024,1,9,29,9,198,62.0,3604.0
1199.928038,5,31,12,3,66,58.0,872.954
1200.023911,5,2,11,2,52,56.0,539.905
1200.119919,1,15,29,10,198,63.0,3647.0
1200.119947,5,5,11,2,48,58.0,791.882
1202.711778,5,5,10,2,48,56.0,519.24
1202.807519,1,11,29,9,197,62.0,3669.0
1202.807535,5,17,12,4,124,58.0,945.21
1202.903307,5,20,10,2,52,57.0,538.931
1202.999094,1,15,29,10,198,63.0,3650.0
1202.999122,5,5,11,2,51,57.0,798.485
1203.09496,5,20,10,2,48,56.0,519.12
1203.190818,1,11,29,9,197,62.0,3658.0
1203.190834,5,31,13,3,124,58.0,928.516
1205.878599,1,12,29,10,195,63.0,3595.0
1205.878624,5,20,12,2,55,58.0,809.831
1205.974374,5,3,10,2,80,56.0,510.727
1206.070199,1,12,28,10,198,63.0,3620.0
1206.070224,5,20,12,2,55,58.0,824.656
1206.166016,5,3,10,2,49,56.0,480.027
1206.261863,1,12,28,10,195,63.0,3592.0
1206.261888,5,5,11,2,52,57.0,800.333
1207.797955,1,1,1,0,1,45.0,0.0
1209.011657,1,12,28,10,198,63.0,3614.0
1209.011682,5,20,12,2,55,57.0,822.916
1209.107512,5,3,9,2,49,56.0,487.534
1209.203144,1,12,28,10,198,63.0,3622.0
1209.203169,5,20,12,2,55,58.0,816.581
1209.298975,5,20,11,2,48,56.0,522.184
1209.394794,1,15,28,10,197,63.0,3663.0
1209.394821,5,6,12,3,113,58.0,880.964
1212.161615,1,12,29,9,198,63.0,3636.0
1212.16164,5,20,12,2,55,58.0,812.335
1212.257408,5,2,10,2,48,56.0,533.243
1212.353098,1,12,28,9,198,63.0,3625.0
1212.353123,5,20,14,2,55,58.0,820.02
1212.378474,5,2,2,0,6,53.0,58.345
1212.4039325,3,1,1,0,1,45.0,0.0
1212.449693,5,20,11,2,52,56.0,536.624
1212.545711,1,12,28,10,198,63.0,3626.0
1212.545736,5,20,13,2,55,58.0,828.925
1215.214726,5,20,10,2,52,56.0,538.516
1215.310479,1,15,30,10,198,63.0,3688.0
1215.310507,5,5,11,2,51,58.0,813.748
1215.406267,5,5,10,2,48,56.0,521.361
1215.501978,1,12,28,10,198,63.0,3645.0
1215.502003,5,20,12,2,55,58.0,811.978
1215.597837,5,6,10,2,49,56.0,526.042
1215.694454,1,12,28,9,198,63.0,3642.0
1215.694479,5,20,11,2,55,58.0,826.208
1218.3030075,3,1,1,0,1,48.0,0.0
1218.303023,1,1,1,0,1,45.0,0.0
1218.345536,5,5,9,2,48,56.0,526.353
1218.441245,1,12,29,9,198,63.0,3671.0
1218.441259,5,31,12,3,66,58.0,875.141
1218.537124,5,20,10,2,52,57.0,532.197
1218.632912,1,12,28,10,198,63.0,3650.0
1218.632937,5,20,12,2,55,57.0,824.912
1218.729859,5,5,10,2,51,56.0,541.6
1218.82561,1,12,29,10,198,63.0,3665.0
1218.825635,5,20,12,2,55,57.0,830.129
1221.417487,5,20,10,2,55,56.0,532.795
1221.513478,1,12,28,10,198,63.0,3659.0
1221.513503,5,20,12,2,55,58.0,816.628
1221.60931,5,20,11,2,83,57.0,557.871
1221.70497,1,12,29,9,195,63.0,3656.0
1221.704995,5,20,12,2,52,58.0,802.092
1221.80085,5,20,9,2,48,56.0,525.733
1221.896684,1,12,28,10,198,63.0,3660.0
1221.896709,5,20,13,2,55,58.0,813.706
1224.570543,5,5,10,2,48,56.0,536.137
1224.666252,1,12,28,10,198,63.0,3676.0
1224.666263,5,34,13,3,69,58.0,882.596
1224.762099,5,1,10,2,49,56.0,523.695
1224.857887,1,12,30,9,195,63.0,3662.0
1224.857912,5,20,12,3,113,59.0,907.608
1224.954578,5,5,9,2,48,56.0,531.951
1225.050585,1,12,28,10,198,63.0,3674.0
1225.050596,5,34,13,3,69,58.0,875.674
1227.628657,1,11,30,10,197,62.0,3731.0
1227.628673,5,17,13,4,124,58.0,958.76
1227.72443,5,5,10,2,51,56.0,532.206
1227.820147,1,12,28,10,195,63.0,3694.0
1227.820172,5,20,12,2,55,57.0,822.911
1227.915977,1,12,27,8,195,62.0,2410.0
1227.916002,5,20,10,2,52,56.0,533.604
1228.011834,1,15,29,10,198,63.0,3723.0
1228.011862,5,5,12,2,52,58.0,809.173
1228.107969,5,3,10,2,46,56.0,486.797
1228.203685,1,12,29,9,198,63.0,3692.0
1228.203699,5,31,12,3,63,58.0,853.326
1229.5888435,6,1,1,0,1,45.0,0.0
1230.816377,5,3,11,2,80,56.0,524.2
1230.91217,1,12,28,10,198,63.0,3700.0
1230.912181,5,34,14,3,69,58.0,881.05
1231.008016,5,2,10,2,52,56.0,541.737
1231.103844,1,12,28,10,198,63.0,3689.0
1231.103869,5,20,12,3,85,58.0,849.43
1231.199914,5,20,10,2,52,57.0,539.816
1231.296442,1,12,28,10,198,63.0,3701.0
1231.296467,5,20,12,2,55,58.0,810.645
1233.976465,5,20,10,2,83,56.0,568.723
1234.072204,1,12,29,10,198,63.0,3725.0
1234.072229,5,20,13,3,85,58.0,876.297
1234.167954,5,5,10,2,82,56.0,565.259
1234.263753,1,8,30,10,197,62.0,3762.0
1234.263769,5,17,13,3,94,58.0,908.916
1234.360422,5,2,10,2,48,56.0,525.968
1234.456455,1,15,29,10,198,63.0,3770.0
1234.456483,5,5,12,3,82,58.0,861.352
1234.8905605,6,2,1,0,3,46.0,8.36
1234.8945885,6,2,7,2,116,59.0,417.985
1234.894644,5,2,4,1,59,54.0,135.815
1234.8946615,3,1,3,0,31,51.0,73.53
1235.1215755,3,1,1,0,1,45.0,0.0
1237.143316,5,20,10,2,46,57.0,517.601
1237.239031,1,15,30,10,198,63.0,3778.0
1237.239047,5,17,13,4,124,58.0,958.061
1237.334832,5,20,11,2,83,57.0,572.116
1237.430661,1,12,30,10,198,63.0,3740.0
1237.430686,5,20,13,3,85,58.0,860.798
1237.526549,5,5,10,2,48,56.0,528.109
1237.623339,1,15,30,10,198,63.0,3777.0
1237.623367,5,5,12,3,82,58.0,863.576
1240.181225,1,9,30,9,195,63.0,3743.0
1240.18125,5,20,13,3,83,58.0,867.554
1240.277115,5,5,9,2,48,56.0,527.806
1240.372922,1,12,29,10,198,63.0,3738.0
1240.372947,5,20,11,3,85,58.0,853.875
1240.468989,5,5,11,2,48,56.0,531.687
1240.564703,1,12,30,9,195,63.0,3747.0
1240.564728,5,20,11,3,113,58.0,898.473
1240.660453,1,12,27,8,195,62.0,2451.0
1240.660478,5,20,10,2,48,57.0,539.702
1240.756325,1,12,30,10,198,63.0,3735.0
1240.75635,5,20,12,2,55,58.0,833.391
1243.268255,1,12,30,9,195,63.0,3745.0
1243.26828,5,20,11,3,113,58.0,893.918
1243.364378,5,5,10,2,48,56.0,531.305
1243.460096,1,8,29,10,198,63.0,3809.0
1243.460112,5,17,14,3,124,58.0,949.114
1243.555839,1,12,28,8,195,62.0,2459.0
1243.555864,5,20,10,2,48,57.0,539.253
1243.65166,1,12,30,9,195,63.0,3764.0
1243.651685,5,20,13,3,85,59.0,875.956
1243.747481,1,12,27,8,195,62.0,2467.0
1243.747506,5,20,10,2,48,57.0,532.642
1243.843334,1,12,31,10,198,63.0,3770.0
1243.843359,5,20,12,3,85,58.0,859.503
1244.6956675,3,1,2,0,7,49.0,28.543
1246.331321,1,15,31,10,198,63.0,3825.0
1246.331349,5,5,12,2,48,58.0,810.562
1246.427188,1,12,27,8,195,62.0,2467.0
1246.427213,5,20,10,2,48,56.0,527.303
1246.523018,1,11,29,10,197,62.0,3803.0
1246.523045,5,6,13,3,83,58.0,855.402
1246.619062,1,12,27,8,195,62.0,2467.0
1246.619087,5,20,9,2,48,57.0,529.334
1246.714799,1,15,30,10,198,63.0,3830.0
1246.714815,5,17,15,3,94,58.0,928.709
1246.810576,5,6,10,2,83,56.0,575.271
1246.906422,1,12,30,10,198,63.0,3782.0
1246.906433,5,34,14,3,66,58.0,886.136
1249.585113,5,20,10,2,83,57.0,572.474
1249.681155,1,12,30,10,198,63.0,3798.0
1249.68118,5,20,13,3,115,58.0,930.682
1249.77695,5,6,10,2,83,56.0,571.456
1249.872641,1,12,30,10,195,63.0,3789.0
1249.872666,5,5,12,2,48,58.0,808.979
1249.96921,1,12,26,8,195,62.0,2487.0
1249.969235,5,20,9,2,48,56.0,533.351
1250.065311,1,12,30,10,198,63.0,3798.0
1250.065336,5,20,12,3,85,58.0,858.992
1252.710053,1,12,30,10,198,63.0,3816.0
1252.710078,5,20,12,3,85,58.0,872.206
1252.805933,5,5,10,2,48,56.0,538.667
1252.901766,1,8,30,10,195,63.0,3846.0
1252.901782,5,17,13,3,94,58.0,926.439
1252.997816,1,12,27,8,195,62.0,2493.0
1252.997841,5,20,10,2,48,56.0,540.837
1253.093557,1,11,30,10,197,63.0,3857.0
1253.093573,5,17,14,4,124,58.0,961.758
1253.189329,5,20,10,2,83,57.0,572.023
1253.285131,1,12,30,10,195,63.0,3816.0
1253.285156,5,20,13,3,113,58.0,919.388
1255.740118,5,20,10,2,83,56.0,570.288
1255.837047,1,12,31,10,198,63.0,3816.0
1255.837072,5,20,11,3,85,58.0,876.682
1255.932893,5,1,10,2,83,56.0,577.463
1255.9571835,3,1,1,0,1,45.0,0.0
1256.028935,1,9,31,10,198,63.0,3847.0
1256.028946,5,34,15,3,99,58.0,941.47
1256.124705,5,1,11,2,83,56.0,566.595
1256.22042,1,15,31,10,198,63.0,3882.0
1256.220447,5,6,13,2,49,58.0,823.879
1256.316282,1,12,28,8,195,62.0,2494.0
1256.316307,5,20,10,2,48,57.0,533.449
1256.412085,1,11,29,10,195,62.0,3856.0
1256.412101,5,17,13,3,94,58.0,913.685
1258.267697,1,1,1,0,1,47.0,0.0
1258.2677075,3,2,1,0,5,46.0,11.145
1258.902381,1,12,31,10,198,63.0,3838.0
1258.902406,5,20,12,3,85,58.0,872.512
1258.998105,1,12,27,8,195,62.0,2524.0
1258.99813,5,20,10,2,46,57.0,527.358
1259.093847,1,12,30,10,195,63.0,3838.0
1259.093872,5,20,13,3,85,58.0,876.617
1259.189646,5,20,10,2,83,57.0,578.689
1259.285516,1,12,30,10,195,63.0,3866.0
1259.285527,5,34,14,3,97,58.0,929.936
1259.381417,5,1,11,2,83,57.0,567.202
1259.477382,1,12,31,10,198,63.0,3857.0
1259.477407,5,20,12,3,85,58.0,872.426
1262.056255,1,12,30,10,195,63.0,3853.0
1262.05628,5,1,12,3,83,58.0,862.228
1262.152049,5,5,10,2,48,56.0,525.822
1262.247742,1,12,31,10,198,64.0,3872.0
1262.247767,5,20,12,3,85,58.0,869.875
1262.343572,5,20,11,2,83,57.0,578.251
1262.439381,1,12,30,10,195,63.0,3871.0
1262.439392,5,34,15,4,127,58.0,979.003
1262.535267,5,1,10,2,83,56.0,577.695
1262.6313,1,12,30,10,198,64.0,3877.0
1262.631325,5,20,13,3,85,59.0,883.007
1263.1939955,6,1,1,0,1,45.0,0.0
1264.233309,5,2,6,0,13,54.0,119.548
1264.2333505,3,1,7,0,38,50.0,69.247
1264.233386,2,2,3,0,2,53.0,20.948
1265.23493,1,8,31,10,198,63.0,3937.0
1265.234946,5,17,12,2,60,58.0,863.235
1265.330738,1,12,27,8,195,62.0,2543.0
1265.330763,5,20,10,2,48,56.0,533.027
1265.426593,1,8,30,10,195,63.0,3920.0
1265.426609,5,17,13,2,60,58.0,865.141
1265.522514,5,1,10,2,83,56.0,577.604
1265.618471,1,12,30,10,195,63.0,3855.0
1265.618482,5,34,14,3,97,58.0,929.808
1265.71424,5,20,11,2,83,57.0,567.902
1265.810779,1,12,30,10,195,63.0,3878.0
1265.810793,5,1,14,3,94,58.0,947.635
1268.307219,5,6,9,2,49,56.0,536.968
1268.404779,1,12,31,10,198,64.0,3896.0
1268.404804,5,20,13,3,85,58.0,881.116
1268.500918,1,12,27,8,195,62.0,2541.0
1268.500943,5,20,10,2,83,57.0,574.499
1268.596673,1,12,31,10,198,64.0,3906.0
1268.596698,5,20,13,3,85,58.0,877.57
1268.692394,1,12,27,8,192,62.0,2543.0
1268.692419,5,20,11,2,46,57.0,536.769
1268.788167,1,12,30,10,192,63.0,3872.0
1268.788181,5,1,13,4,124,58.0,977.15
1268.884022,1,12,28,8,192,62.0,2538.0
1268.884047,5,20,11,2,83,57.0,573.585
1268.979861,1,12,30,10,195,63.0,3883.0
1268.979886,5,20,14,3,83,58.0,866.477
1269.7045885,3,1,1,0,1,45.0,0.0
1271.456823,1,12,27,8,195,62.0,2558.0
1271.456848,5,20,10,1,42,57.0,506.782
1271.552866,1,12,29,10,195,63.0,3910.0
1271.552891,5,5,13,3,85,58.0,882.77
1271.649736,1,12,27,8,195,62.0,2563.0
1271.649761,5,20,10,2,83,57.0,580.281
1271.745478,1,12,30,10,195,64.0,3905.0
1271.745503,5,20,11,3,85,58.0,883.238
1271.8413,5,1,10,2,83,56.0,576.304
1271.937104,1,12,30,10,192,63.0,3912.0
1271.937115,5,1,15,3,97,58.0,939.589
1272.032949,1,12,28,8,195,62.0,2558.0
1272.032974,5,20,9,2,83,57.0,578.43
1272.129013,1,12,30,10,195,63.0,3925.0
1272.129024,5,34,16,4,127,58.0,977.132
1274.580849,1,12,27,8,192,62.0,2564.0
1274.580874,5,20,10,2,83,57.0,576.759
1274.614735,5,2,5,0,37,58.0,259.097
1274.677683,1,8,30,10,198,63.0,3955.0
1274.67771,5,6,14,3,74,58.0,841.195
1274.773808,5,1,10,2,49,57.0,545.88
1274.869565,1,15,30,10,198,63.0,3970.0
1274.869593,5,5,14,3,85,58.0,878.597
1274.96527,1,12,28,8,192,62.0,2561.0
1274.965295,5,20,11,2,83,57.0,577.615
1275.061092,1,15,30,10,198,63.0,3988.0
1275.061108,5,17,13,3,97,58.0,944.868
1275.15695,5,1,10,2,46,56.0,519.821
1275.252764,1,12,30,10,193,63.0,3930.0
1275.252778,5,1,15,3,94,58.0,926.83
1277.682877,5,1,11,2,83,57.0,578.125
1277.779699,1,12,30,10,193,63.0,3941.0
1277.779724,5,1,13,3,86,58.0,909.199
1277.875623,5,3,10,1,46,56.0,478.728
1277.971629,1,12,29,10,195,64.0,3954.0
1277.971654,5,20,13,3,83,58.0,873.644
1278.067353,1,12,27,8,195,62.0,2590.0
1278.067378,5,20,9,2,48,56.0,536.803
1278.163095,1,12,30,10,193,63.0,3930.0
1278.16312,5,1,13,3,83,58.0,868.367
1278.25895,5,5,10,2,48,56.0,536.472
1278.354764,1,12,29,10,198,64.0,3956.0
1278.354789,5,20,12,3,85,58.0,892.77
1280.722991,5,3,10,1,46,56.0,471.653
1280.819798,1,11,30,10,195,63.0,4003.0
1280.819814,5,17,13,3,85,59.0,925.626
1280.915646,1,12,28,8,192,62.0,2583.0
1280.915671,5,20,10,2,83,57.0,578.874
1281.011763,1,15,31,10,198,63.0,4009.0
1281.011779,5,17,14,3,97,58.0,941.663
1281.107484,1,12,27,8,192,62.0,2585.0
1281.107509,5,20,11,2,83,57.0,577.186
1281.204023,1,12,30,10,192,63.0,3953.0
1281.204048,5,20,13,3,83,58.0,890.097
1281.300096,1,12,27,8,195,62.0,2609.0
1281.300121,5,20,9,2,48,57.0,541.237
1281.396966,1,12,29,10,195,63.0,3962.0
1281.396991,5,20,12,3,83,58.0,871.757
1283.771077,5,3,10,1,46,56.0,485.49
1283.867888,1,12,30,10,198,63.0,3985.0
1283.867913,5,20,12,3,85,58.0,890.763
1283.964013,1,12,28,8,192,62.0,2604.0
1283.964038,5,20,11,2,83,57.0,583.909
1284.059755,1,15,31,10,198,63.0,4033.0
1284.059771,5,17,13,3,97,58.0,957.101
1284.155524,5,5,9,2,48,56.0,537.143
1284.251292,1,12,29,10,195,64.0,3972.0
1284.251317,5,20,12,3,83,58.0,877.568
1284.347941,5,1,10,2,49,56.0,537.275
1284.443965,1,15,30,10,198,63.0,4045.0
1284.443981,5,17,13,3,97,58.0,939.752
1284.8123395,6,1,2,0,1,46.0,0.0
1285.8031425,6,1,1,0,1,45.0,0.0
1285.90706,5,2,2,0,9,53.0,47.724
1286.846102,1,12,27,8,192,62.0,2610.0
1286.846127,5,20,10,2,83,57.0,589.298
1286.942937,1,12,30,10,192,64.0,3987.0
1286.942962,5,20,14,3,83,59.0,902.53
1287.039062,1,12,27,8,190,62.0,2601.0
1287.039087,5,1,10,2,83,56.0,583.688
1287.134804,1,12,29,10,195,64.0,3982.0
1287.134829,5,20,12,3,83,58.0,877.803
1287.230548,1,12,26,8,195,62.0,2616.0
1287.230573,5,20,10,2,45,56.0,533.226
1287.326341,1,12,31,10,192,64.0,3994.0
1287.326352,5,34,15,3,97,58.0,950.037
1287.422203,5,3,9,1,46,56.0,487.499
1287.518814,1,15,30,10,198,63.0,4055.0
1287.518842,5,20,12,3,83,58.0,892.279
1289.929094,5,6,10,2,49,56.0,546.604
1290.025123,1,12,31,10,190,63.0,3997.0
1290.025137,5,1,13,3,94,58.0,939.833
1290.120871,1,12,26,8,192,62.0,2618.0
1290.120896,5,20,10,2,83,57.0,580.773
1290.216687,1,15,29,10,198,63.0,4058.0
1290.216703,5,17,14,4,130,58.0,990.826
1290.312536,5,6,11,2,49,56.0,547.344
1290.408364,1,9,30,10,193,63.0,4009.0
1290.408378,5,17,13,3,85,59.0,923.697
1290.504431,5,5,9,2,48,56.0,544.857
1290.600145,1,15,30,10,198,63.0,4072.0
1290.600173,5,5,12,3,85,58.0,883.669
1290.6449395,6,1,17,4,139,61.0,1253.0
1290.644947,5,17,21,4,136,57.0,932.028
1293.005264,5,5,10,2,45,57.0,532.924
1293.101301,1,12,30,10,192,64.0,4011.0
1293.101326,5,20,13,3,83,58.0,886.453
1293.197094,5,6,10,2,49,56.0,552.1
1293.292785,1,12,29,10,190,63.0,4007.0
1293.292796,5,1,15,3,97,58.0,953.279
1293.388567,1,12,25,8,186,62.0,2611.0
1293.388592,5,20,10,2,83,56.0,586.231
1293.484413,1,12,28,10,195,64.0,4033.0
1293.484438,5,20,13,3,83,58.0,885.715
1293.524699,1,2,1,0,3,46.0,9.452
1293.580283,5,6,10,2,49,56.0,555.871
1293.677147,1,11,29,10,195,63.0,4087.0
1293.677163,5,17,13,3,97,59.0,954.631
1295.1302275,6,1,1,0,1,45.0,0.0
1295.8443475,6,2,1,0,2,45.0,6.26
1296.039498,1,12,25,8,186,62.0,2610.0
1296.039523,5,20,10,2,83,56.0,586.754
1296.136362,1,9,29,10,193,63.0,4045.0
1296.136387,5,6,12,3,86,59.0,901.522
1296.232153,5,1,11,2,49,56.0,546.128
1296.327845,1,15,29,10,198,64.0,4102.0
1296.327861,5,32,14,3,97,58.0,953.041
1296.423706,5,1,10,2,49,56.0,552.119
1296.519512,1,15,30,10,198,63.0,4098.0
1296.519528,5,17,14,4,130,58.0,1007.0
1296.615671,5,1,10,2,46,56.0,536.304
1296.711408,1,9,29,10,193,63.0,4049.0
1296.711422,5,17,14,3,85,59.0,925.039
1297.3147425,3,1,4,0,1,47.0,0.0
1299.07244,1,12,26,8,186,62.0,2637.0
1299.072465,5,20,10,2,46,56.0,539.433
1299.168252,1,15,29,10,198,63.0,4108.0
1299.168268,5,17,14,3,97,58.0,961.139
1299.265126,5,5,10,1,42,56.0,537.033
1299.361217,1,15,30,10,198,63.0,4116.0
1299.361244,5,6,15,3,86,58.0,915.357
1299.457017,5,5,10,1,42,56.0,533.233
1299.552707,1,12,30,10,195,64.0,4062.0
1299.552732,5,5,13,3,118,58.0,920.526
1299.648493,1,12,26,8,186,62.0,2631.0
1299.648518,5,20,10,2,83,57.0,582.196
1299.744332,1,15,29,10,198,63.0,4109.0
1299.744348,5,17,14,3,97,59.0,964.711
1302.115507,5,6,11,2,77,57.0,584.416
1302.211554,1,9,29,10,193,63.0,4053.0
1302.211565,5,20,14,3,100,59.0,968.078
1302.307323,1,12,26,8,186,62.0,2640.0
1302.307348,5,20,11,2,83,57.0,588.385
1302.403041,1,12,28,10,186,64.0,4038.0
1302.403066,5,20,14,4,193,58.0,987.53
1302.498927,5,20,10,2,45,56.0,535.145
1302.594738,1,12,28,10,190,63.0,4064.0
1302.594763,5,1,14,3,83,58.0,882.873
1302.690839,1,12,26,8,190,62.0,2661.0
1302.690864,5,1,11,2,49,56.0,551.598
1302.787392,1,11,28,10,195,63.0,4144.0
1302.787419,5,6,14,3,86,59.0,910.536
1305.182596,1,12,26,8,184,62.0,2635.0
1305.182621,5,20,11,2,83,57.0,586.328
1305.279425,1,12,28,10,187,64.0,4046.0
1305.27945,5,20,12,4,193,58.0,973.94
1305.375268,1,12,26,8,184,62.0,2646.0
1305.375293,5,20,11,2,83,57.0,591.858
1305.471332,1,12,30,10,187,64.0,4067.0
1305.471357,5,20,13,3,83,58.0,890.675
1305.567124,5,6,10,2,84,57.0,598.756
1305.63164,2,1,2,0,1,53.0,0.0
1305.6316485,3,1,3,1,93,48.0,92.788
1305.6317045,6,1,1,0,1,45.0,0.0
1305.662819,1,12,29,10,187,64.0,4041.0
1305.662844,5,20,14,4,193,58.0,981.302
1305.758677,5,1,11,2,46,57.0,546.107
1305.855278,1,12,29,10,193,63.0,4086.0
1305.855292,5,1,14,2,60,58.0,897.265
1308.337521,1,12,26,8,190,62.0,2687.0
1308.337546,5,1,10,2,46,56.0,549.415
1308.43434,1,15,29,10,195,64.0,4142.0
1308.434356,5,32,13,4,205,59.0,1065.0
1308.530222,5,3,9,1,43,57.0,481.658
1308.626027,1,15,29,10,198,63.0,4162.0
1308.626043,5,17,13,3,97,58.0,965.222
1308.722149,5,5,10,2,83,56.0,586.994
1308.817839,1,14,29,10,195,63.0,4146.0
1308.817866,5,6,12,3,86,59.0,900.836
1308.91359,1,12,26,8,190,62.0,2682.0
1308.913615,5,1,11,2,46,56.0,538.457
1309.009411,1,15,29,10,195,63.0,4153.0
1309.009427,5,17,15,4,130,59.0,1008.0
1311.523461,5,1,10,2,46,57.0,544.464
1311.619207,1,11,30,10,195,63.0,4179.0
1311.619234,5,6,14,3,119,59.0,952.22
1311.715064,1,12,25,8,187,62.0,2677.0
1311.715089,5,1,10,2,46,56.0,545.068
1311.810904,1,12,27,10,187,64.0,4098.0
1311.810929,5,20,13,3,83,58.0,889.065
1311.906996,1,12,26,8,184,62.0,2669.0
1311.907021,5,20,10,2,83,57.0,592.359
1312.002713,1,12,29,10,193,63.0,4107.0
1312.002738,5,1,13,3,86,59.0,913.398
1312.099589,1,12,25,8,181,62.0,2641.0
1312.099614,5,20,9,2,83,56.0,597.146
1312.195324,1,15,28,10,195,64.0,4150.0
1312.19534,5,17,13,4,205,58.0,1039.0
1314.646364,1,12,26,8,184,62.0,2672.0
1314.646389,5,20,10,2,46,56.0,546.855
1314.743226,1,12,28,10,193,63.0,4119.0
1314.743251,5,1,13,3,86,59.0,909.269
1314.839026,1,15,26,8,186,62.0,2719.0
1314.839054,5,8,9,2,83,56.0,593.223
1314.934865,1,12,29,10,190,63.0,4124.0
1314.93489,5,1,14,3,86,59.0,917.523
1315.030752,5,1,10,1,43,56.0,529.951
1315.1034915,6,3,23,6,216,61.0,1630.0
1315.103494,5,1,15,2,87,60.0,671.414
1315.103503,1,23,18,5,166,62.0,1342.0
1315.1035275,3,46,15,4,182,54.0,610.484
1315.126781,1,15,28,10,195,63.0,4186.0
1315.126797,5,17,13,4,205,59.0,1059.0
1315.222514,1,12,25,8,187,62.0,2697.0
1315.222539,5,1,10,2,46,57.0,540.988
1315.318252,1,12,28,10,190,64.0,4120.0
1315.318263,5,1,15,3,97,58.0,968.409
1317.707435,1,12,25,8,187,62.0,2700.0
1317.70746,5,1,10,2,46,57.0,549.545
1317.803248,1,12,27,10,187,64.0,4124.0
1317.803273,5,20,13,4,193,58.0,980.587
1317.89939,5,1,10,2,53,56.0,576.887
1317.995117,1,12,29,10,190,64.0,4142.0
1317.995128,5,1,15,3,88,58.0,937.688
1318.090865,1,12,25,8,187,62.0,2697.0
1318.09089,5,20,11,2,83,57.0,589.443
1318.186707,1,15,29,10,187,64.0,4168.0
1318.186723,5,32,13,4,205,58.0,1037.0
1318.282516,5,5,10,2,83,57.0,590.829
1318.378328,1,8,27,10,195,63.0,4198.0
1318.378344,5,17,13,3,97,59.0,983.305
1320.783316,5,1,10,2,77,57.0,584.287
1320.879301,1,12,28,10,187,64.0,4152.0
1320.879326,5,20,13,4,193,58.0,977.518
1320.975146,1,12,25,8,187,62.0,2745.0
1320.975171,5,1,11,2,46,57.0,551.831
1321.070995,1,12,27,10,187,63.0,4213.0
1321.07102,5,1,13,3,86,59.0,908.895
1321.167104,1,12,25,8,187,62.0,2764.0
1321.167129,5,20,9,2,74,56.0,577.011
1321.262777,1,15,28,10,187,64.0,4261.0
1321.262793,5,20,13,4,205,58.0,1058.0
1321.358555,5,5,9,2,83,57.0,589.622
1321.45453,1,11,27,10,189,63.0,4263.0
1321.454546,5,17,13,4,205,59.0,1048.0
1322.8601105,3,1,1,0,1,45.0,0.0
1323.850371,5,6,10,2,43,57.0,552.303
1323.946405,1,11,26,10,184,63.0,4291.0
1323.946432,5,6,12,4,194,59.0,990.03
1324.042258,5,1,9,1,43,57.0,552.954
1324.138044,1,15,29,10,187,64.0,4311.0
1324.138072,5,5,12,4,193,58.0,992.058
1324.233908,1,12,24,8,184,62.0,2796.0
1324.233933,5,1,10,2,46,57.0,550.323
1324.329944,1,12,27,10,187,64.0,4263.0
1324.329969,5,1,13,3,86,58.0,905.951
1324.426517,1,12,25,8,184,62.0,2797.0
1324.426542,5,1,11,2,46,56.0,546.899
1324.522554,1,11,26,10,184,63.0,4293.0
1324.52257,5,17,13,4,205,59.0,1053.0
1324.731942,5,3,11,2,97,58.0,623.695
1324.7319575,6,2,7,2,97,60.0,615.352
1324.7319945,3,1,6,1,73,51.0,117.504
1325.465301,1,1,1,0,1,47.0,0.0
1325.4653145,6,1,2,0,1,45.0,0.0
1326.6111415,6,2,5,1,69,59.0,284.937
1326.883637,1,12,24,8,184,62.0,2772.0
1326.883662,5,2,10,2,46,57.0,554.61
1326.980484,1,12,28,10,184,63.0,4222.0
1326.980498,5,1,14,3,97,59.0,971.047
1327.076327,1,15,25,8,187,62.0,2801.0
1327.076355,5,8,10,2,83,57.0,606.92
1327.172415,1,12,27,10,187,64.0,4190.0
1327.17244,5,1,14,2,74,58.0,875.404
1327.268196,1,12,26,8,184,62.0,2730.0
1327.268221,5,20,9,2,46,56.0,554.734
1327.363882,1,12,27,10,187,63.0,4161.0
1327.363893,5,1,15,4,133,59.0,1014.0
1327.459712,1,12,25,8,184,62.0,2711.0
1327.459737,5,8,9,2,46,57.0,558.128
1327.555548,1,15,29,10,187,63.0,4205.0
1327.555564,5,17,13,3,95,58.0,964.139
1328.223578,1,1,1,0,1,49.0,0.0
1328.525775,5,2,11,1,44,51.0,223.375
1328.5257935,3,2,4,0,16,50.0,51.565
1328.525892,1,1,1,0,1,46.0,0.0
1329.94074,1,12,24,8,184,62.0,2710.0
1329.940765,5,20,9,2,46,57.0,561.676
1330.036808,1,12,26,10,187,64.0,4133.0
1330.036833,5,20,13,2,74,58.0,865.045
1330.13368,1,12,25,7,150,62.0,2650.0
1330.133705,5,1,9,1,39,57.0,549.03
1330.229422,1,12,26,10,187,64.0,4145.0
1330.229447,5,8,12,3,83,58.0,900.475
1330.325221,1,12,25,7,150,62.0,2655.0
1330.325246,5,1,10,1,43,57.0,551.163
1330.420936,1,15,28,10,187,64.0,4199.0
1330.420952,5,32,14,3,95,58.0,987.248
1330.473159,1,1,1,0,1,45.0,0.0
1330.516816,1,12,25,7,150,62.0,2652.0
1330.516841,5,1,10,1,39,57.0,532.28
1330.612631,1,12,27,10,187,64.0,4143.0
1330.612656,5,1,13,3,119,59.0,951.718
1332.982909,1,12,25,7,150,62.0,2660.0
1332.982934,5,1,9,1,39,57.0,548.091
1333.078658,1,12,26,10,187,64.0,4158.0
1333.078683,5,20,12,2,74,58.0,875.845
1333.17452,1,12,23,8,184,62.0,2716.0
1333.174545,5,20,9,1,39,56.0,538.505
1333.270352,1,12,26,10,184,64.0,4150.0
1333.270363,5,1,14,3,100,59.0,1003.0
1333.366426,1,12,23,8,184,62.0,2722.0
1333.366451,5,20,10,1,39,56.0,557.253
1333.4181865,3,1,2,0,24,47.0,20.702
1333.418208,2,1,4,0,1,53.0,0.0
1333.4182175,6,1,2,0,1,47.0,0.0
1333.462186,1,15,27,10,190,64.0,4212.0
1333.462202,5,20,14,3,95,58.0,974.243
1333.560189,5,5,10,2,83,57.0,602.292
1333.655905,1,12,26,10,184,64.0,4154.0
1333.65593,5,1,13,3,77,59.0,893.23
1336.061905,5,8,10,2,83,57.0,612.483
1336.157725,1,11,26,10,187,63.0,4221.0
1336.157741,5,17,14,4,205,59.0,1062.0
1336.253551,1,12,24,7,150,62.0,2674.0
1336.253576,5,1,11,1,39,56.0,548.745
1336.349671,1,12,26,9,182,63.0,4141.0
1336.349693,5,1,13,4,197,59.0,1057.0
1336.445441,5,8,10,2,83,57.0,610.375
1336.541155,1,15,27,10,187,63.0,4207.0
1336.541171,5,20,14,3,95,58.0,974.555
1336.637772,5,6,10,1,39,57.0,552.772
1336.733766,1,11,27,10,187,63.0,4209.0
1336.733782,5,17,13,3,95,59.0,981.836
1338.186863,5,2,2,0,17,54.0,103.426
1339.143146,1,12,24,8,184,62.0,2716.0
1339.143171,5,8,9,2,74,57.0,589.577
1339.239673,1,12,26,10,184,64.0,4162.0
1339.239686,5,20,14,3,86,58.0,961.611
1339.335739,1,12,22,7,138,62.0,2647.0
1339.335764,5,8,9,2,74,57.0,592.503
1339.432625,1,15,27,10,187,64.0,4204.0
1339.432641,5,20,14,3,95,58.0,981.054
1339.528346,1,15,23,8,187,62.0,2761.0
1339.528374,5,8,10,2,83,57.0,615.178
1339.624119,1,15,29,10,187,64.0,4218.0
1339.624135,5,20,13,3,86,59.0,960.252
1339.720002,5,8,9,2,74,57.0,588.487
1339.815816,1,12,26,9,182,63.0,4147.0
1339.815827,5,1,14,4,208,59.0,1065.0
1340.0185495,6,1,1,0,1,45.0,0.0
1342.162099,1,12,23,7,147,62.0,2673.0
1342.162124,5,8,8,1,36,57.0,545.734
1342.258176,1,11,27,9,184,63.0,4205.0
1342.258192,5,17,13,3,95,59.0,991.205
1342.354732,1,12,23,7,147,62.0,2673.0
1342.354757,5,2,9,1,39,57.0,553.966
1342.450771,1,12,27,9,182,64.0,4130.0
1342.450782,5,1,14,4,208,59.0,1079.0
1342.54654,5,9,10,1,39,57.0,568.004
1342.642285,1,9,27,9,182,63.0,4141.0
1342.64231,5,6,12,3,84,59.0,913.417
1342.738113,1,8,22,7,141,62.0,2698.0
1342.738141,5,8,8,2,74,57.0,587.04
1342.834758,1,15,28,10,187,63.0,4218.0
1342.834774,5,17,14,3,95,59.0,989.442
1342.879575,2,3,10,5,126,65.0,3244.0
1342.879615,5,1,11,1,42,53.0,248.636
1345.1206325,3,1,1,0,4,45.0,7.39
1345.271259,1,12,22,7,138,62.0,2663.0
1345.271284,5,2,9,1,39,57.0,563.673
1345.367,1,12,27,9,182,63.0,4129.0
1345.367025,5,1,11,3,84,59.0,922.081
1345.462766,1,12,22,7,145,62.0,2683.0
1345.462791,5,1,9,1,39,57.0,561.971
1345.558567,1,15,28,9,150,64.0,4147.0
1345.558583,5,20,12,3,86,59.0,966.126
1345.654414,1,12,22,7,135,62.0,2643.0
1345.654439,5,1,9,1,39,56.0,557.453
1345.7122995,3,1,1,0,1,45.0,0.0
1345.751053,1,15,29,9,150,64.0,4156.0
1345.751069,5,20,13,3,86,59.0,965.079
1345.847131,1,12,23,7,135,62.0,2655.0
1345.847156,5,1,10,1,39,57.0,563.311
1345.943144,1,15,28,9,150,64.0,4157.0
1345.94316,5,20,12,3,86,59.0,968.569
1348.409081,1,12,22,7,135,62.0,2657.0
1348.409106,5,2,8,1,39,57.0,566.614
1348.504827,1,12,26,9,166,64.0,4135.0
1348.504852,5,1,10,2,39,58.0,851.444
1348.601674,1,12,22,7,138,62.0,2669.0
1348.601699,5,2,8,1,39,57.0,559.661
1348.697759,1,12,28,9,179,63.0,4142.0
1348.697773,5,17,15,3,95,59.0,984.259
1348.793526,1,12,22,7,135,62.0,2656.0
1348.793551,5,20,9,2,39,56.0,577.469
1348.889233,1,12,27,9,166,64.0,4132.0
1348.889258,5,1,12,4,194,58.0,994.461
1348.985056,1,12,22,7,136,62.0,2663.0
1348.985067,5,1,10,2,53,57.0,608.553
1349.080893,1,11,27,9,150,63.0,4164.0
1349.080909,5,17,12,3,95,59.0,987.63
1349.7575795,3,1,1,0,1,45.0,0.0
1351.561032,1,12,22,7,125,62.0,2624.0
1351.561043,5,1,10,2,53,57.0,607.497
1351.657914,1,8,27,9,150,63.0,4154.0
1351.65793,5,20,12,3,86,59.0,987.337
1351.753641,1,12,22,7,128,62.0,2647.0
1351.753666,5,1,9,1,39,56.0,568.997
1351.849496,1,12,26,9,179,64.0,4137.0
1351.849521,5,1,11,2,75,59.0,907.044
1351.945282,1,12,22,7,139,62.0,2686.0
1351.945307,5,1,9,2,84,57.0,613.833
1352.041133,1,15,26,9,150,63.0,4104.0
1352.041149,5,20,13,3,86,59.0,999.07
1352.137225,5,8,7,1,39,57.0,571.67
1352.232915,1,15,26,9,148,64.0,4167.0
1352.232943,5,2,11,4,194,59.0,1019.0
1352.674205,5,3,5,0,4,54.0,74.568
1354.783725,1,12,21,7,128,62.0,2644.0
1354.78375,5,1,8,1,39,56.0,560.57
1354.880559,1,12,27,9,145,64.0,4103.0
1354.880584,5,1,10,2,39,58.0,867.114
1354.97643,5,8,7,1,36,57.0,561.001
1355.0511095,3,1,1,0,1,46.0,0.0
1355.072275,1,12,27,9,179,64.0,4154.0
1355.0723,5,1,10,2,75,59.0,907.529
1355.168297,1,12,21,7,128,62.0,2645.0
1355.168322,5,1,8,1,39,57.0,568.01
1355.264039,1,12,27,9,166,64.0,4122.0
1355.264064,5,2,10,2,43,58.0,860.531
1355.359822,5,8,8,1,36,57.0,560.064
1355.455639,1,12,26,9,139,64.0,4089.0
1355.455664,5,1,11,3,81,58.0,916.232
1357.882532,5,2,4,0,42,51.0,125.812
1357.933468,1,15,22,7,138,62.0,2719.0
1357.933496,5,8,8,2,39,57.0,571.908
1358.029479,1,15,27,9,148,64.0,4175.0
1358.029495,5,20,11,2,51,59.0,931.169
1358.125343,1,12,21,7,139,62.0,2682.0
1358.125368,5,1,8,1,34,57.0,552.082
1358.221379,1,12,26,9,166,64.0,4149.0
1358.221392,5,14,11,4,206,59.0,1071.0
1358.317147,1,12,22,7,136,62.0,2670.0
1358.317172,5,1,8,1,39,57.0,581.481
1358.412907,1,15,27,9,148,64.0,4165.0
1358.412923,5,20,10,2,51,59.0,929.454
1358.508726,1,13,22,7,136,62.0,2685.0
1358.508752,5,8,8,1,36,58.0,569.557
1358.60456,1,15,27,9,148,64.0,4181.0
1358.604576,5,20,11,2,51,59.0,931.565
1359.2370525,6,2,25,8,226,65.0,2875.0
1359.237053,5,2,23,7,163,60.0,2185.0
1361.034684,5,9,7,1,37,57.0,569.433
1361.130493,1,15,26,9,148,64.0,4187.0
1361.130509,5,20,10,2,51,59.0,938.092
1361.226597,1,12,21,7,145,62.0,2696.0
1361.226622,5,8,8,2,39,57.0,579.23
1361.322354,1,15,26,9,148,64.0,4182.0
1361.32237,5,17,11,2,51,59.0,939.865
1361.418106,5,9,8,1,37,57.0,559.228
1361.51388,1,9,26,9,139,63.0,4105.0
1361.513894,5,17,11,3,86,59.0,978.694
1361.609723,1,12,22,7,139,62.0,2700.0
1361.609748,5,1,8,1,34,57.0,544.361
1361.706379,1,12,26,9,139,64.0,4115.0
1361.706404,5,1,10,2,75,59.0,920.295
1362.7024325,6,1,2,0,71,46.0,48.348
1363.784161,1,2,1,0,3,47.0,10.686
1364.115795,1,12,22,7,136,62.0,2690.0
1364.11582,5,1,8,1,39,57.0,568.751
1364.212675,1,11,26,9,148,63.0,4188.0
1364.212691,5,20,12,2,51,59.0,941.627
1364.308403,1,12,21,7,128,62.0,2659.0
1364.308428,5,8,8,2,39,57.0,569.046
1364.404283,1,15,26,9,148,63.0,4191.0
1364.404299,5,20,12,2,51,59.0,926.518
1364.500071,1,12,22,7,139,62.0,2706.0
1364.500096,5,9,8,1,37,57.0,566.819
1364.596195,1,12,26,9,139,64.0,4113.0
1364.59622,5,1,10,2,75,58.0,912.017
1364.691963,1,12,22,7,139,62.0,2706.0
1364.691988,5,1,8,1,34,57.0,552.225
1364.788805,1,12,26,9,139,64.0,4103.0
1364.788816,5,1,12,3,89,59.0,993.796
1364.980771,1,1,1,0,1,45.0,0.0
1365.8717965,3,1,1,0,1,45.0,0.0
1365.872378,5,27,13,1,39,55.0,424.567
1367.179012,1,12,23,7,139,62.0,2701.0
1367.179037,5,1,8,1,34,57.0,551.193
1367.274751,1,15,26,9,142,64.0,4176.0
1367.274767,5,14,11,3,87,58.0,991.805
1367.371624,1,12,23,7,136,62.0,2676.0
1367.371649,5,9,8,1,37,57.0,566.933
1367.467384,1,15,25,9,142,64.0,4184.0
1367.4674,5,14,10,2,51,59.0,951.515
1367.563141,1,12,22,7,139,62.0,2694.0
1367.563166,5,1,8,1,34,57.0,554.791
1367.658994,1,15,26,9,142,64.0,4174.0
1367.65901,5,14,10,2,51,58.0,943.037
1367.754857,5,12,8,2,43,58.0,615.082
1367.8509,1,15,26,9,142,64.0,4179.0
1367.850916,5,20,11,2,51,59.0,940.921
1370.31996,1,12,22,7,139,62.0,2693.0
1370.319985,5,1,8,1,34,57.0,561.309
1370.416818,1,11,26,9,142,63.0,4177.0
1370.4168325,6,33,32,7,216,59.0,1695.0
1370.416834,5,20,13,2,51,59.0,955.685
1370.512617,5,9,8,2,40,58.0,586.547
1370.608305,1,15,25,9,142,64.0,4155.0
1370.608321,5,14,10,3,87,59.0,996.18
1370.704131,1,12,23,7,136,62.0,2682.0
1370.704153,5,12,9,2,40,57.0,604.227
1370.799938,1,12,26,9,143,64.0,4117.0
1370.799963,5,1,11,2,75,59.0,932.785
1370.895781,1,12,23,7,139,62.0,2682.0
1370.895806,5,1,8,1,39,56.0,581.379
1370.991864,1,15,25,9,142,64.0,4187.0
1370.99188,5,14,10,3,87,59.0,1007.0
1371.6426795,3,2,7,2,126,55.0,247.224
1371.64268,2,20,20,10,176,66.0,5197.0
1371.64269,5,54,17,4,102,58.0,1223.0
1373.49741,1,12,23,7,139,62.0,2698.0
1373.497435,5,1,8,1,34,57.0,561.117
1373.553357,5,2,7,2,38,66.0,1482.0
1373.593426,1,15,26,9,146,64.0,4184.0
1373.593442,5,14,11,3,87,59.0,1002.0
1373.689568,5,23,9,2,54,58.0,641.808
1373.7149495,6,1,1,0,1,45.0,0.0
1373.785295,1,12,27,9,146,64.0,4120.0
1373.78532,5,6,12,2,37,59.0,887.504
1373.881041,1,8,22,7,139,62.0,2732.0
1373.881069,5,8,7,2,39,57.0,589.815
1373.976834,1,12,26,9,146,64.0,4124.0
1373.976845,5,1,13,2,51,59.0,954.08
1374.073465,1,15,23,7,142,62.0,2738.0
1374.073493,5,2,8,1,36,58.0,581.924
1374.16951,1,12,27,9,146,64.0,4130.0
1374.169532,5,1,12,2,40,59.0,937.908
1376.581417,1,12,24,7,129,62.0,2670.0
1376.581442,5,9,8,1,37,58.0,583.609
1376.677482,1,12,27,9,146,64.0,4118.0
1376.677507,5,1,10,2,37,59.0,879.357
1376.724035,1,1,1,0,1,45.0,0.0
1376.77332,1,12,24,6,126,62.0,2662.0
1376.773345,5,9,8,2,40,58.0,591.706
1376.869355,1,15,27,9,159,64.0,4213.0
1376.8693695,6,33,34,8,216,59.0,1769.0
1376.869371,5,14,11,3,87,59.0,1006.0
1376.965102,1,12,23,7,136,62.0,2681.0
1376.965127,5,1,8,1,34,57.0,562.692
1376.9786765,3,1,1,0,1,45.0,0.0
1377.060847,1,12,27,10,244,64.0,4229.0
1377.06086,5,1,11,2,49,58.0,959.238
1377.156724,1,12,23,6,116,62.0,2615.0
1377.156749,5,1,8,1,34,57.0,566.049
1377.253344,1,12,28,9,149,64.0,4120.0
1377.253369,5,1,11,2,37,59.0,881.954
1377.7047225,3,1,1,0,1,46.0,0.0
1379.641637,1,12,24,7,146,62.0,2681.0
1379.641662,5,1,9,1,37,57.0,575.875
1379.737734,1,15,27,10,247,64.0,4266.0
1379.73775,5,14,13,3,87,59.0,1014.0
1379.833455,1,15,23,7,139,62.0,2695.0
1379.833483,5,2,7,1,36,57.0,576.209
1379.929228,1,15,27,9,159,64.0,4205.0
1379.9292425,6,33,32,8,216,59.0,1811.0
1379.929244,5,14,13,4,152,59.0,1086.0
1380.0222085,6,1,1,0,1,45.0,0.0
1380.025083,1,15,24,7,139,62.0,2696.0
1380.025111,5,2,7,1,36,58.0,593.004
1380.090486,1,1,1,0,1,45.0,0.0
1380.120929,1,15,27,9,159,64.0,4172.0
1380.1209435,6,33,33,8,216,59.0,1796.0
1380.120945,5,14,14,3,124,59.0,1059.0
1380.217017,1,12,24,7,153,62.0,2682.0
1380.217042,5,9,8,1,37,58.0,588.43
1380.312735,1,12,27,9,153,64.0,4099.0
1380.31276,5,1,13,4,164,59.0,1026.0
1382.770671,1,12,25,7,153,62.0,2687.0
1382.770696,5,9,8,1,37,58.0,594.623
1382.867523,1,11,28,9,159,63.0,4182.0
1382.867536,5,23,14,3,54,59.0,986.852
1382.8675375,6,33,33,8,216,59.0,1829.0
1382.963347,1,12,24,7,153,62.0,2681.0
1382.963372,5,9,8,1,37,57.0,591.534
1383.059495,1,15,28,9,159,64.0,4169.0
1383.0595095,6,33,33,7,196,59.0,1766.0
1383.059511,5,17,13,3,124,59.0,1053.0
1383.155188,1,12,25,7,153,62.0,2685.0
1383.155213,5,1,8,1,34,57.0,566.838
1383.250927,1,11,29,9,159,63.0,4174.0
1383.2509415,6,33,31,8,216,59.0,1832.0
1383.250943,5,20,15,2,51,59.0,970.3
1383.346779,5,8,8,2,39,58.0,586.793
1383.442564,1,15,29,9,159,64.0,4188.0
1383.44258,5,14,14,2,49,58.0,948.52
1385.445735,1,2,1,0,3,46.0,9.266
1385.901558,1,12,26,7,150,62.0,2680.0
1385.901583,5,9,9,2,40,58.0,598.516
1385.997658,1,12,28,9,156,64.0,4090.0
1385.9976735,6,26,33,8,219,59.0,1851.0
1385.997683,5,1,15,2,40,59.0,898.098
1386.093379,1,12,24,7,153,62.0,2686.0
1386.093404,5,9,9,2,40,58.0,606.343
1386.0955885,6,2,1,0,2,45.0,3.324
1386.189152,1,12,28,9,153,64.0,4114.0
1386.1891675,6,27,33,8,219,59.0,1859.0
1386.189174,5,1,15,4,170,59.0,1117.0
1386.285007,1,12,26,7,153,62.0,2679.0
1386.285032,5,9,8,1,37,57.0,588.354
1386.3027105,3,1,1,0,1,47.0,0.0
1386.302735,1,2,3,0,5,50.0,28.241
1386.380844,1,15,27,9,162,64.0,4168.0
1386.3808585,6,33,32,8,220,59.0,1873.0
1386.38086,5,14,15,5,194,58.0,1157.0
1386.476942,1,12,24,7,156,62.0,2688.0
1386.476967,5,1,8,1,37,57.0,597.124
1386.57378,1,15,28,9,159,64.0,4173.0
1386.573796,5,1,14,4,194,58.0,1154.0
1386.6032905,3,1,5,0,43,48.0,66.216
1386.6033315,6,1,3,0,14,48.0,20.29
1386.603386,1,1,1,0,1,48.0,0.0
1388.955696,1,12,24,7,153,62.0,2583.0
1388.955721,5,1,9,3,167,57.0,714.288
1389.052568,1,15,25,9,159,64.0,4011.0
1389.0525825,6,33,31,8,217,59.0,1885.0
1389.052584,5,14,15,4,176,59.0,1129.0
1389.148392,1,12,24,7,153,62.0,2575.0
1389.148417,5,9,9,1,37,58.0,584.355
1389.244463,1,12,25,9,156,64.0,3954.0
1389.244488,5,1,15,4,167,59.0,1074.0
1389.340208,1,12,24,7,153,62.0,2578.0
1389.340233,5,1,9,1,37,57.0,590.778
1389.435946,1,9,25,9,160,63.0,3968.0
1389.435957,5,23,17,4,127,60.0,1079.0
1389.4359585,6,33,33,8,216,59.0,1890.0
1389.531798,1,10,22,7,157,62.0,2597.0
1389.531824,5,8,9,1,36,58.0,581.034
1389.627615,1,11,25,9,162,63.0,4040.0
1389.627628,5,23,16,5,184,60.0,1173.0
1389.6276295,6,33,31,8,216,59.0,1881.0
1390.8854095,6,1,2,0,8,48.0,19.33
1392.067787,1,12,25,7,157,62.0,2600.0
1392.067798,5,23,12,2,54,58.0,657.978
1392.164628,1,12,25,9,157,64.0,3962.0
1392.1646365,6,33,32,8,232,59.0,1944.0
1392.164653,5,1,17,4,167,59.0,1094.0
1392.260381,1,9,23,7,157,62.0,2604.0
1392.260407,5,8,9,2,39,58.0,593.378
1392.356227,1,9,25,9,160,63.0,3970.0
1392.356238,5,23,18,4,179,59.0,1164.0
1392.3562395,6,33,31,8,220,60.0,1927.0
1392.452094,1,12,25,7,153,62.0,2590.0
1392.452119,5,1,11,3,167,58.0,722.49
1392.548164,1,12,25,9,160,64.0,3981.0
1392.548175,5,23,18,5,184,60.0,1181.0
1392.5481765,6,33,31,7,185,59.0,1796.0
1392.643913,1,12,24,7,156,62.0,2592.0
1392.643938,5,1,11,3,167,57.0,725.108
1392.739648,1,15,26,9,159,64.0,4008.0
1392.7396625,6,30,32,8,229,59.0,1951.0
1392.739664,5,1,16,4,179,59.0,1148.0
1395.261648,1,12,24,7,160,62.0,2604.0
1395.261673,5,9,10,2,40,58.0,611.004
1395.358513,1,12,26,9,160,64.0,3986.0
1395.358524,5,23,17,5,184,60.0,1195.0
1395.3585255,6,33,32,8,220,59.0,1951.0
1395.454258,1,12,25,7,157,62.0,2607.0
1395.454283,5,9,12,2,40,58.0,608.935
1395.550085,1,12,26,9,174,63.0,3996.0
1395.550096,5,23,18,5,179,60.0,1194.0
1395.5500975,6,33,33,8,223,59.0,1958.0
1395.645984,1,9,24,7,157,62.0,2605.0
1395.64601,5,8,9,1,34,58.0,582.867
1395.742067,1,15,26,9,160,64.0,4055.0
1395.7420785,6,33,31,8,226,59.0,1973.0
1395.742083,5,1,19,4,182,59.0,1197.0
1395.838596,1,12,24,7,160,62.0,2616.0
1395.838607,5,23,12,2,54,58.0,650.36
1395.93466,1,11,25,9,176,63.0,4070.0
1395.9346745,6,33,32,8,223,60.0,1961.0
1395.934676,5,20,18,4,176,59.0,1176.0
1396.736087,1,2,1,0,3,50.0,16.279
1396.736094,2,1,1,0,1,50.0,0.0
1397.279101,1,1,1,0,1,45.0,0.0
1397.994619,1,1,1,0,1,45.0,0.0
1398.2446735,6,1,1,0,1,46.0,0.0
1398.446522,1,6,24,7,157,62.0,2615.0
1398.446536,5,20,13,2,68,58.0,675.515
1398.543383,1,15,26,9,176,64.0,4096.0
1398.5433975,6,33,31,8,226,59.0,1971.0
1398.543399,5,23,19,5,179,59.0,1212.0
1398.639128,1,12,24,7,176,62.0,2679.0
1398.639156,5,2,13,3,167,57.0,747.964
1398.734955,1,15,26,9,160,64.0,4050.0
1398.7349695,6,30,30,8,223,59.0,1967.0
1398.734971,5,1,18,4,182,59.0,1210.0
1398.830797,1,8,24,7,159,62.0,2648.0
1398.830825,5,2,11,3,167,57.0,743.467
1398.926942,1,9,26,9,174,63.0,4025.0
1398.926953,5,23,17,5,182,60.0,1204.0
1398.9269545,6,33,32,8,229,60.0,1987.0
1399.022664,1,8,24,7,159,62.0,2635.0
1399.022692,5,2,12,3,167,57.0,740.712
1399.119208,1,12,26,9,177,63.0,4038.0
1399.119219,5,23,21,5,179,60.0,1193.0
1399.1192205,6,33,31,8,226,60.0,1981.0
1401.615326,1,12,25,7,160,62.0,2623.0
1401.615351,5,1,14,2,54,57.0,619.264
1401.712184,1,12,26,9,174,64.0,4027.0
1401.7121995,6,30,31,8,226,60.0,1981.0
1401.712206,5,12,18,5,173,60.0,1196.0
1401.808232,1,12,25,7,160,62.0,2630.0
1401.808257,5,9,13,3,165,58.0,744.925
1401.903975,1,12,26,9,177,64.0,4024.0
1401.903986,5,23,20,5,184,60.0,1252.0
1401.9039905,6,10,29,8,220,60.0,1970.0
1401.99972,1,12,24,7,174,62.0,2652.0
1401.999731,5,23,15,4,182,58.0,802.357
1402.095547,1,12,26,9,177,64.0,4042.0
1402.095558,5,23,21,5,179,60.0,1219.0
1402.0955595,6,33,30,8,229,60.0,2001.0
1402.191437,5,8,13,3,115,58.0,721.69
1402.288319,1,12,26,9,177,64.0,4047.0
1402.2883315,6,33,30,8,229,60.0,1991.0
1402.288341,5,12,18,4,168,60.0,1189.0
1403.0412455,6,1,1,0,1,45.0,0.0
1403.0772295,6,1,1,0,1,45.0,0.0
1403.308733,1,2,2,0,2,49.0,24.132
1404.785292,1,12,25,7,160,62.0,2640.0
1404.785317,5,9,16,3,162,58.0,765.99
1404.882182,1,12,27,9,177,64.0,4066.0
1404.882193,5,23,22,5,191,60.0,1267.0
1404.8821945,6,33,30,8,226,60.0,1990.0
1404.977899,1,15,26,7,160,62.0,2666.0
1404.977927,5,2,15,3,170,57.0,782.223
1405.073757,1,12,28,9,177,63.0,4071.0
1405.073768,5,23,22,5,194,60.0,1272.0
1405.0737695,6,33,30,8,223,60.0,1986.0
1405.169662,5,23,16,4,182,58.0,810.893
1405.265691,1,12,27,9,177,64.0,4065.0
1405.265702,5,23,20,5,191,60.0,1267.0
1405.2657035,6,33,30,8,223,60.0,2002.0
1405.361457,1,10,25,7,158,62.0,2630.0
1405.361468,5,17,15,4,182,57.0,816.051
1405.457173,1,15,29,9,177,64.0,4128.0
1405.4571875,6,30,29,8,224,59.0,1997.0
1405.457189,5,1,19,5,185,59.0,1247.0
1405.502425,5,2,2,0,6,54.0,60.355
1406.1282095,6,1,1,0,1,45.0,0.0
1407.940954,1,12,25,7,174,62.0,2669.0
1407.940965,5,23,17,4,182,58.0,828.613
1408.037199,1,15,28,9,180,64.0,4151.0
1408.0372135,6,30,29,8,224,60.0,2005.0
1408.037215,5,14,19,5,185,59.0,1271.0
1408.134045,1,15,26,7,163,62.0,2677.0
1408.134073,5,1,14,2,54,57.0,626.515
1408.229788,1,15,28,9,177,64.0,4132.0
1408.2298025,6,33,28,8,224,60.0,1997.0
1408.229804,5,23,19,5,188,59.0,1261.0
1408.325533,1,8,26,7,163,62.0,2688.0
1408.325561,5,2,15,3,167,57.0,780.419
1408.421383,1,12,28,9,174,63.0,4081.0
1408.421394,5,23,22,5,191,60.0,1290.0
1408.4213955,6,33,28,8,223,60.0,2011.0
1408.517215,5,17,16,4,185,58.0,837.051
1408.613325,1,15,29,10,183,64.0,4153.0
1408.6133395,6,33,28,8,227,60.0,2004.0
1408.613341,5,23,20,5,185,59.0,1272.0
1409.752197,1,2,3,0,9,50.0,59.519
1409.7522105,3,2,1,0,5,50.0,27.195
1411.01029,1,12,26,7,177,62.0,2681.0
1411.010303,5,1,16,4,177,57.0,817.333
1411.106035,1,11,28,9,176,63.0,4140.0
1411.1060495,6,33,28,8,224,60.0,2013.0
1411.106051,5,23,21,5,188,59.0,1283.0
1411.202905,1,12,26,7,177,62.0,2680.0
1411.20293,5,9,16,4,168,58.0,802.342
1411.298726,1,15,30,10,183,64.0,4164.0
1411.2987405,6,30,29,8,230,60.0,2014.0
1411.298742,5,14,21,5,188,59.0,1304.0
1411.394577,1,12,25,7,174,62.0,2672.0
1411.394588,5,23,16,4,185,58.0,855.314
1411.3945925,6,30,23,6,217,59.0,1282.0
1411.490693,1,12,29,9,177,64.0,4090.0
1411.4907085,6,30,27,8,220,60.0,1979.0
1411.490715,5,12,20,5,183,60.0,1285.0
1411.586464,1,12,26,7,174,62.0,2674.0
1411.586475,5,23,17,4,188,58.0,852.29
1411.5864765,6,33,23,5,168,59.0,1213.0
1411.682179,1,12,29,9,174,63.0,4094.0
1411.68219,5,26,21,5,191,59.0,1312.0
1411.6821915,6,33,26,7,217,60.0,1963.0
1413.533579,5,3,4,0,14,53.0,155.079
1414.066068,1,12,27,7,158,62.0,2649.0
1414.0660805,6,33,22,5,168,59.0,1207.0
1414.066093,5,9,17,4,174,58.0,823.451
1414.162135,1,9,28,9,175,63.0,4106.0
1414.162146,5,26,22,5,191,59.0,1330.0
1414.1621475,6,33,27,8,227,60.0,2006.0
1414.25824,1,9,26,7,158,62.0,2649.0
1414.258251,5,23,18,4,185,58.0,863.203
1414.2582525,6,33,22,5,175,59.0,1233.0
1414.353982,1,12,29,9,177,64.0,4112.0
1414.353995,5,21,22,5,183,60.0,1302.0
1414.3539975,6,30,27,8,220,60.0,1976.0
1414.430247,1,4,3,0,25,50.0,58.849
1414.449726,1,12,27,8,177,62.0,2698.0
1414.449751,5,1,16,3,168,58.0,803.295
1414.5455,1,15,30,10,180,64.0,4172.0
1414.5455115,6,1,27,8,227,60.0,2022.0
1414.545528,5,9,19,5,171,60.0,1246.0
1414.6413885,6,33,22,5,175,59.0,1235.0
1414.641402,5,8,16,4,173,58.0,837.868
1414.737188,1,15,30,10,180,64.0,4183.0
1414.7372025,6,37,27,8,224,60.0,2006.0
1414.737204,5,1,22,5,180,59.0,1298.0
1415.304349,5,2,2,0,3,53.0,28.859
1415.77107,5,2,4,0,18,54.0,139.988
1417.005337,5,3,5,0,5,51.0,74.362
1417.124166,1,12,26,7,174,62.0,2691.0
1417.1241815,6,30,21,6,214,59.0,1280.0
1417.124191,5,9,16,4,174,58.0,832.725
1417.220194,1,15,31,10,183,64.0,4194.0
1417.2202085,6,37,27,7,224,60.0,1997.0
1417.22021,5,1,22,5,183,59.0,1321.0
1417.316042,1,9,28,7,158,62.0,2651.0
1417.316053,5,23,18,4,188,58.0,897.074
1417.3160545,6,33,22,6,227,59.0,1319.0
1417.412158,1,12,30,9,177,64.0,4111.0
1417.4121735,6,30,26,7,220,60.0,1988.0
1417.41218,5,12,22,5,180,60.0,1319.0
1417.507878,1,15,28,8,180,62.0,2731.0
1417.507894,5,1,18,4,180,57.0,854.433
1417.604428,1,12,29,9,178,64.0,4133.0
1417.604439,5,23,24,5,188,60.0,1350.0
1417.6044405,6,33,26,8,227,61.0,2009.0
1417.700492,1,12,26,7,174,62.0,2688.0
1417.7005045,6,33,23,6,217,59.0,1286.0
1417.700517,5,9,17,4,174,58.0,842.413
1417.796285,1,12,30,10,225,64.0,4184.0
1417.796296,5,23,23,5,191,60.0,1373.0
1417.7962975,6,33,26,8,227,61.0,2011.0
1418.7354,5,3,5,0,19,56.0,298.7
1418.7354175,6,1,2,0,1,46.0,0.0
1419.7320575,3,1,1,0,1,45.0,0.0
1420.15165,2,2,1,0,2,50.0,16.406
1420.168275,1,12,26,7,158,62.0,2645.0
1420.1682905,6,30,21,5,172,59.0,1223.0
1420.1683,5,9,18,4,174,58.0,850.314
1420.2643,1,12,30,10,225,64.0,4188.0
1420.264311,5,23,24,5,191,60.0,1381.0
1420.2643125,6,33,25,8,227,61.0,2017.0
1420.360143,1,12,27,7,175,62.0,2694.0
1420.3601555,6,33,22,6,224,59.0,1303.0
1420.360168,5,12,18,4,166,57.0,845.191
1420.456212,1,15,32,10,180,64.0,4173.0
1420.4562265,6,37,27,7,224,60.0,1998.0
1420.456228,5,1,22,5,183,59.0,1337.0
1420.484654,1,1,1,0,1,45.0,0.0
1420.551976,1,12,27,7,174,62.0,2696.0
1420.5519915,6,30,21,6,214,59.0,1273.0
1420.551998,5,12,19,4,177,58.0,885.671
1420.647694,1,12,31,10,225,64.0,4189.0
1420.647705,5,23,23,6,191,60.0,1387.0
1420.6477095,6,30,24,7,224,61.0,2000.0
1420.744312,1,15,28,8,180,62.0,2752.0
1420.744328,5,1,19,4,186,58.0,894.528
1420.840364,1,12,31,10,225,64.0,4193.0
1420.840375,5,26,24,5,191,60.0,1385.0
1420.8403765,6,33,25,8,224,61.0,2015.0
1423.2215455,6,33,22,6,224,59.0,1305.0
1423.221559,5,2,19,4,168,58.0,852.152
1423.317408,1,12,33,9,181,64.0,4160.0
1423.317419,5,23,25,5,180,60.0,1356.0
1423.3174205,6,33,25,7,224,61.0,2002.0
1423.414225,1,8,29,8,180,62.0,2748.0
1423.414253,5,1,19,4,174,58.0,881.867
1423.510064,1,8,32,10,183,63.0,4204.0
1423.5100785,6,33,27,7,224,60.0,2013.0
1423.51008,5,14,26,5,183,60.0,1368.0
1423.606164,1,12,28,7,178,62.0,2712.0
1423.6061765,6,33,23,6,224,59.0,1316.0
1423.606189,5,9,20,4,166,58.0,854.567
1423.70198,1,15,32,10,231,64.0,4270.0
1423.7019945,6,37,27,7,224,60.0,2018.0
1423.701996,5,1,24,5,186,59.0,1375.0
1423.797651,1,12,28,8,222,62.0,2741.0
1423.7976665,6,30,22,6,218,59.0,1293.0
1423.797676,5,9,20,3,116,58.0,811.957
1423.89345,1,12,34,10,225,64.0,4210.0
1423.8934625,6,33,25,7,224,61.0,2020.0
1423.893472,5,15,23,5,180,60.0,1380.0
1424.227633,1,2,1,0,2,46.0,7.333
1426.249484,1,12,27,7,178,62.0,2713.0
1426.2494965,6,33,22,6,224,59.0,1324.0
1426.249509,5,9,20,4,166,58.0,860.979
1426.345371,5,204,29,7,376,60.0,1577.0
1426.345545,1,8,33,10,231,64.0,4267.0
1426.3455595,6,30,26,7,228,60.0,1988.0
1426.44135,1,12,28,7,178,62.0,2723.0
1426.4413655,6,30,22,6,221,59.0,1301.0
1426.441375,5,9,21,4,166,58.0,868.342
1426.537209,1,9,33,10,229,63.0,4223.0
1426.53722,5,26,26,5,189,60.0,1413.0
1426.5372215,6,33,27,7,224,61.0,2021.0
1426.633051,1,9,30,8,229,62.0,2766.0
1426.6330635,6,30,22,6,221,59.0,1307.0
1426.633077,5,2,19,4,171,58.0,867.655
1426.729084,1,12,33,10,225,64.0,4215.0
1426.7290965,6,33,25,7,224,61.0,2029.0
1426.729109,5,9,24,5,177,60.0,1361.0
1426.824828,1,9,29,7,178,62.0,2713.0
1426.824839,5,26,23,4,183,58.0,914.249
1426.8248405,6,33,24,6,224,59.0,1323.0
1426.921388,1,12,33,10,228,64.0,4223.0
1426.921401,5,21,23,6,195,60.0,1432.0
1426.9214035,6,30,24,7,221,61.0,2016.0
1429.316646,1,9,29,8,226,62.0,2767.0
1429.316657,5,26,22,4,183,58.0,925.287
1429.3166585,6,33,23,6,221,59.0,1320.0
1429.412732,1,12,34,10,228,64.0,4228.0
1429.4127475,6,30,24,7,221,61.0,2028.0
1429.412754,5,12,25,5,175,60.0,1391.0
1429.5084685,6,30,23,6,228,59.0,1338.0
1429.508482,5,2,20,4,174,58.0,909.56
1429.604256,1,12,33,10,228,64.0,4236.0
1429.604269,5,21,25,6,189,60.0,1452.0
1429.6042715,6,30,25,7,221,61.0,2021.0
1429.700098,1,12,28,8,225,62.0,2756.0
1429.7001095,6,1,23,6,225,59.0,1349.0
1429.700123,5,9,21,4,163,58.0,885.147
1429.795951,1,12,33,10,229,64.0,4232.0
1429.7959635,6,33,25,7,224,61.0,2042.0
1429.795973,5,15,26,5,175,60.0,1409.0
1429.892015,1,12,29,7,178,62.0,2715.0
1429.8920305,6,30,22,6,218,60.0,1315.0
1429.89204,5,9,22,4,169,58.0,899.444
1429.98854,1,9,34,10,232,63.0,4252.0
1429.9885525,6,33,25,8,228,61.0,2049.0
1429.988554,5,14,27,6,189,60.0,1447.0
1430.4507865,6,2,1,0,5,47.0,16.215
1430.7710605,3,1,1,0,1,45.0,0.0
1430.771069,1,1,4,0,1,49.0,0.0
1430.771074,2,2,2,0,3,53.0,31.61
1430.83484,5,3,7,1,18,66.0,2001.0
1431.050024,5,2,11,2,107,54.0,412.068
1431.0500385,3,1,6,1,63,53.0,193.94
1431.0607015,6,1,1,0,1,45.0,0.0
1431.9028285,3,1,1,0,1,45.0,0.0
1432.42381,1,12,29,7,178,62.0,2690.0
1432.4238255,6,30,23,6,218,60.0,1321.0
1432.423835,5,9,22,4,169,58.0,908.725
1432.519564,1,12,33,10,232,64.0,4218.0
1432.519575,5,26,28,6,192,60.0,1506.0
1432.5195765,6,33,26,8,228,61.0,2058.0
1432.615652,1,12,29,8,229,62.0,2781.0
1432.615663,5,26,23,5,189,58.0,982.466
1432.6156645,6,33,23,6,221,60.0,1332.0
1432.711352,1,12,32,10,229,64.0,4228.0
1432.7113675,6,30,25,7,225,61.0,2053.0
1432.711374,5,15,27,6,178,60.0,1449.0
1432.80712,1,12,29,7,178,62.0,2697.0
1432.8071355,6,30,22,6,218,60.0,1324.0
1432.807145,5,9,21,4,169,58.0,907.805
1432.902945,1,15,34,11,231,64.0,4291.0
1432.9029595,6,1,26,7,225,61.0,2068.0
1432.902961,5,21,26,6,189,60.0,1480.0
1432.999599,1,12,28,7,158,62.0,2646.0
1432.9996145,6,30,24,6,221,60.0,1333.0
1432.999624,5,9,21,4,166,58.0,904.55
1433.095666,1,8,33,10,234,64.0,4289.0
1433.0956805,6,37,26,7,225,61.0,2073.0
1433.095682,5,1,27,6,195,59.0,1500.0
1435.459303,5,2,7,1,59,51.0,197.454
1435.4593375,3,1,1,0,1,48.0,0.0
1435.522844,1,15,29,7,161,62.0,2685.0
1435.5228585,6,1,24,6,222,60.0,1353.0
1435.52286,5,21,24,4,178,58.0,967.419
1435.618565,1,12,32,10,232,64.0,4232.0
1435.618576,5,26,27,6,189,60.0,1514.0
1435.6185805,6,30,26,7,225,62.0,2077.0
1435.714426,1,12,30,8,232,62.0,2785.0
1435.714437,5,26,24,5,189,58.0,995.122
1435.7144385,6,33,22,6,225,59.0,1362.0
1435.81026,1,15,33,11,232,64.0,4295.0
1435.8102745,6,34,27,8,229,61.0,2109.0
1435.810276,5,21,26,6,201,60.0,1525.0
1435.8776355,3,1,3,0,4,53.0,32.375
1435.877675,1,1,2,0,1,46.0,0.0
1435.906363,1,12,30,8,229,62.0,2769.0
1435.906374,5,26,24,4,134,58.0,943.926
1435.9063755,6,33,23,6,225,60.0,1370.0
1436.002123,1,12,32,10,232,64.0,4217.0
1436.002134,5,26,29,6,192,60.0,1523.0
1436.0021385,6,30,25,7,222,62.0,2077.0
1436.097845,1,15,29,7,161,62.0,2677.0
1436.0978595,6,34,24,6,222,60.0,1355.0
1436.097873,5,9,22,4,169,58.0,941.673
1436.1287605,3,1,5,0,1,48.0,0.0
1436.128777,5,1,7,1,48,53.0,165.077
1436.194447,1,11,33,10,231,63.0,4275.0
1436.19446,5,1,28,6,192,60.0,1533.0
1436.1944615,6,37,26,7,225,61.0,2094.0
1436.478862,5,3,2,0,16,61.0,522.178
1436.879277,1,1,1,0,1,45.0,0.0
1436.964163,5,2,2,0,4,51.0,42.743
1437.049623,5,3,2,0,4,53.0,83.219
1437.330047,1,2,1,0,3,49.0,17.396
1437.3300695,3,1,2,0,4,48.0,10.099
1437.4671845,3,1,1,0,1,45.0,0.0
1437.467192,1,1,1,0,1,45.0,0.0
1438.679655,1,12,30,8,229,62.0,2742.0
1438.679666,5,17,23,4,178,58.0,994.904
1438.6796675,6,30,23,6,225,59.0,1395.0
1438.776486,1,15,32,11,238,64.0,4237.0
1438.7765005,6,34,27,8,229,62.0,2148.0
1438.776502,5,21,27,6,178,60.0,1499.0
1438.872355,1,6,30,7,159,62.0,2641.0
1438.8723675,6,1,23,6,229,59.0,1412.0
1438.872381,5,1,22,4,163,58.0,939.219
1438.968453,1,12,33,10,232,64.0,4190.0
1438.968464,5,26,27,6,192,60.0,1551.0
1438.9684655,6,33,27,8,225,61.0,2144.0
1439.064201,1,12,30,8,229,62.0,2728.0
1439.064212,5,17,25,4,178,58.0,996.943
1439.0642135,6,30,23,6,222,60.0,1392.0
1439.084588,5,2,5,0,24,52.0,136.709
1439.159938,1,15,32,10,235,64.0,4254.0
1439.1599525,6,34,29,8,229,62.0,2161.0
1439.159954,5,21,27,6,204,60.0,1580.0
1439.255716,1,12,30,8,229,62.0,2766.0
1439.2557305,6,1,24,6,226,60.0,1407.0
1439.255744,5,1,22,5,192,58.0,1002.0
1439.351587,1,15,33,10,235,64.0,4241.0
1439.3516015,6,1,29,8,229,61.0,2164.0
1439.351603,5,21,27,6,201,60.0,1548.0
1439.3722035,3,1,1,0,1,45.0,0.0
1440.13117,1,1,1,0,1,45.0,0.0
1441.834564,1,12,29,7,161,62.0,2616.0
1441.834575,5,17,23,4,131,58.0,992.005
1441.8345765,6,33,23,6,229,60.0,1444.0
1441.930411,1,12,32,10,241,64.0,4210.0
1441.930424,5,24,26,6,207,60.0,1597.0
1441.9304255,6,1,29,8,226,62.0,2217.0
1442.026259,1,12,29,8,229,62.0,2705.0
1442.02627,5,26,22,4,131,58.0,981.503
1442.0262715,6,33,24,6,229,60.0,1458.0
1442.122372,1,15,32,10,235,64.0,4206.0
1442.1223835,6,37,30,8,233,62.0,2241.0
1442.122388,5,24,26,6,190,60.0,1573.0
1442.150547,2,1,1,0,1,50.0,0.0
1442.218105,1,12,26,8,232,62.0,2702.0
1442.2181165,6,34,24,6,226,60.0,1439.0
1442.218118,5,21,22,4,135,58.0,991.606
1442.223485,5,1,11,2,76,57.0,426.6
1442.31497,1,8,33,10,235,63.0,4192.0
1442.3149845,6,37,29,8,229,62.0,2225.0
1442.314986,5,1,25,6,201,60.0,1590.0
1442.411858,1,12,28,8,229,62.0,2684.0
1442.4118735,6,30,23,6,222,60.0,1421.0
1442.411883,5,12,22,4,123,58.0,974.167
1442.507576,1,9,32,10,233,63.0,4117.0
1442.507587,5,21,26,6,204,60.0,1610.0
1442.5075885,6,37,28,8,229,62.0,2226.0
1442.5316375,3,1,5,1,75,51.0,133.519
1442.531672,5,2,9,2,94,55.0,317.997
1442.687092,2,1,2,0,1,50.0,0.0
1442.68711,1,1,1,0,1,46.0,0.0
1442.796209,5,4,4,0,16,52.0,146.314
1443.0321875,6,1,1,0,1,47.0,0.0
1443.621936,5,2,2,0,6,52.0,67.314
1444.699311,1,2,7,1,42,66.0,939.261
1444.979509,1,6,27,8,233,62.0,2659.0
1444.9795215,6,1,26,6,226,60.0,1489.0
1444.979535,5,1,21,4,123,58.0,966.743
1445.077458,1,15,32,10,235,64.0,4138.0
1445.0774695,6,37,30,8,233,62.0,2313.0
1445.077474,5,24,23,6,202,61.0,1618.0
1445.173185,1,15,27,8,232,62.0,2682.0
1445.1731995,6,34,27,6,227,60.0,1489.0
1445.173201,5,21,22,4,129,58.0,997.672
1445.269041,1,12,32,10,239,64.0,4097.0
1445.269052,5,17,26,6,207,60.0,1622.0
1445.2690535,6,33,30,8,226,61.0,2299.0
1445.364883,1,12,27,7,158,62.0,2574.0
1445.3648845,3,13,25,7,241,62.0,1954.0
1445.364885,2,1,27,10,194,62.0,3858.0
1445.3648985,6,30,26,6,223,60.0,1475.0
1445.364908,5,12,21,5,193,58.0,1027.0
1445.460977,1,12,31,10,239,64.0,4080.0
1445.4609785,3,6,29,9,251,63.0,3000.0
1445.460979,2,9,32,13,197,63.0,5598.0
1445.460988,5,21,25,5,138,60.0,1575.0
1445.4609895,6,37,31,8,226,62.0,2299.0
1445.556741,1,15,28,8,232,62.0,2681.0
1445.556743,2,5,27,10,193,61.0,3665.0
1445.5567455,3,13,22,6,168,61.0,1855.0
1445.5567595,6,30,24,6,226,60.0,1502.0
1445.556766,5,12,21,4,120,58.0,983.593
1445.652459,1,15,31,10,235,64.0,4115.0
1445.652462,2,35,30,13,226,63.0,5690.0
1445.6524625,3,14,30,9,245,63.0,3011.0
1445.6524705,6,37,31,8,233,62.0,2338.0
1445.652475,5,24,23,5,133,60.0,1529.0
1445.6827195,3,1,1,0,1,45.0,0.0
1445.936295,1,1,1,0,1,48.0,0.0
1445.9483585,3,1,2,0,48,50.0,47.906
1445.94836,2,2,5,0,12,58.0,258.525
1445.948367,5,2,6,1,30,56.0,270.885
1445.9483715,6,1,3,0,29,52.0,107.406
1445.948378,1,1,6,1,63,58.0,286.46
1446.036266,5,3,1,0,4,55.0,104.306
1446.711449,1,2,3,0,2,49.0,5.064
1446.7630895,6,1,1,0,1,45.0,0.0
1448.115064,1,2,1,0,3,50.0,21.031
1448.1286775,6,1,1,0,1,45.0,0.0
1448.138417,1,9,26,7,230,62.0,2616.0
1448.1384295,6,1,27,7,230,60.0,1562.0
1448.138431,5,1,21,4,132,58.0,1009.0
1448.235277,1,15,29,10,236,64.0,4066.0
1448.2352955,6,30,31,8,223,62.0,2359.0
1448.235305,5,12,23,5,124,60.0,1511.0
1448.33111,1,12,24,7,158,62.0,2548.0
1448.331123,5,24,21,4,136,58.0,1019.0
1448.3311255,6,30,27,6,223,60.0,1548.0
1448.426967,1,15,30,10,230,64.0,4037.0
1448.4269785,6,37,31,8,230,62.0,2405.0
1448.426983,5,24,23,6,202,61.0,1612.0
1448.4651845,6,1,1,0,1,46.0,0.0
1448.523072,1,15,24,7,161,62.0,2586.0
1448.5230865,6,34,28,7,227,60.0,1563.0
1448.523088,5,24,22,4,136,58.0,1025.0
1448.618816,1,12,29,9,236,64.0,3996.0
1448.6188175,3,6,31,9,245,63.0,3064.0
1448.618818,2,9,31,13,194,63.0,5708.0
1448.618827,5,17,24,6,138,60.0,1588.0
1448.6188285,6,37,30,8,230,62.0,2413.0
1448.71456,1,12,24,7,158,63.0,2535.0
1448.7145615,3,13,24,7,241,62.0,2009.0
1448.714562,2,33,26,10,194,61.0,3696.0
1448.7145755,6,30,28,6,223,60.0,1536.0
1448.714585,5,12,21,4,124,58.0,994.036
1448.810342,1,11,29,10,235,63.0,4070.0
1448.8103455,3,10,30,9,245,63.0,3055.0
1448.810346,2,9,32,13,198,64.0,5805.0
1448.810355,5,24,25,6,179,59.0,1597.0
1448.8103565,6,34,31,8,230,62.0,2421.0
1448.8233065,3,1,2,0,1,49.0,0.0
1448.823308,1,3,4,0,29,52.0,110.856
1448.823342,5,2,1,0,2,45.0,3.464
1449.2440445,6,1,1,0,1,45.0,0.0
1449.502682,1,11,2,0,12,51.0,65.445
1449.5027045,3,1,1,0,1,45.0,0.0
1449.507886,1,1,1,0,1,47.0,0.0
1449.746615,5,2,2,0,3,45.0,9.02
1449.74839,1,1,2,0,1,54.0,0.0
1449.86586,5,2,2,0,3,50.0,16.333
1449.8987175,6,1,2,0,1,47.0,0.0
1449.929544,1,1,1,0,1,45.0,0.0
1451.318302,1,12,22,7,230,62.0,2584.0
1451.318313,5,17,22,4,135,58.0,1038.0
1451.3183145,6,37,29,7,227,60.0,1628.0
1451.414135,1,9,28,10,295,63.0,4000.0
1451.414146,5,24,24,5,136,60.0,1590.0
1451.4141475,6,37,32,9,227,62.0,2497.0
1451.510267,1,12,22,6,155,62.0,2466.0
1451.5102825,6,30,28,7,224,60.0,1608.0
1451.510292,5,12,20,4,124,59.0,1020.0
1451.606015,1,12,28,9,239,64.0,3986.0
1451.6060275,6,33,32,9,230,62.0,2521.0
1451.60604,5,12,22,5,124,60.0,1528.0
1451.701774,1,12,22,7,230,62.0,2580.0
1451.7017755,3,13,23,7,218,62.0,2046.0
1451.701776,2,33,25,10,194,61.0,3648.0
1451.7017895,6,27,28,7,224,60.0,1622.0
1451.701799,5,3,20,4,121,58.0,1010.0
1451.797519,1,15,29,10,236,64.0,4020.0
1451.797521,2,39,32,15,282,63.0,5958.0
1451.7975225,3,14,31,9,242,63.0,3174.0
1451.7975335,6,34,33,9,231,62.0,2535.0
1451.797535,5,24,24,6,136,61.0,1579.0
1451.820431,5,2,1,0,12,55.0,166.792
1451.8204565,6,1,1,0,4,46.0,7.609
1451.893383,1,9,23,6,159,62.0,2521.0
1451.8933845,3,10,24,7,242,62.0,2076.0
1451.893385,2,9,27,10,192,61.0,3657.0
1451.893394,5,24,22,4,136,58.0,1054.0
1451.8933955,6,34,27,7,227,60.0,1639.0
1451.989219,1,12,28,9,233,64.0,3952.0
1451.9892205,3,6,30,9,245,63.0,3165.0
1451.989221,2,33,31,15,280,63.0,5874.0
1451.98923,5,17,25,5,135,60.0,1586.0
1451.9892315,6,37,31,9,230,62.0,2533.0
1452.180301,5,1,1,0,1,45.0,0.0
1452.2185,5,2,2,0,3,54.0,31.002
1452.2185165,6,4,4,0,29,52.0,81.694
1452.948118,1,2,2,0,2,46.0,7.837
1452.9481235,3,1,2,0,7,53.0,47.234
1454.0383405,6,1,1,0,1,48.0,0.0
1454.145505,5,3,4,0,4,53.0,55.315
1454.3651515,6,1,1,0,1,45.0,0.0
1454.502218,1,12,21,6,127,62.0,2462.0
1454.502229,5,17,22,4,139,58.0,1053.0
1454.5022305,6,37,28,7,227,60.0,1694.0
1454.598273,1,12,27,9,233,64.0,3943.0
1454.598286,5,24,25,6,146,61.0,1636.0
1454.5982885,6,30,32,9,224,62.0,2592.0
1454.694011,1,12,22,7,230,62.0,2569.0
1454.6940265,6,34,28,7,224,60.0,1689.0
1454.694036,5,3,21,4,125,58.0,1034.0
1454.7353355,6,1,1,0,4,46.0,7.613
1454.756162,5,2,2,0,9,53.0,77.052
1454.7561755,6,1,1,0,1,47.0,0.0
1454.78975,1,15,28,9,236,64.0,4015.0
1454.7897615,6,37,33,9,231,62.0,2635.0
1454.789766,5,24,24,6,136,61.0,1609.0
1454.885555,1,12,21,6,123,62.0,2432.0
1454.8855565,3,13,24,7,218,62.0,2089.0
1454.885557,2,33,25,10,194,61.0,3558.0
1454.8855705,6,30,29,7,224,60.0,1700.0
1454.88558,5,3,20,4,121,58.0,997.56
1454.981414,1,12,29,9,230,64.0,3928.0
1454.9814155,3,6,27,9,245,63.0,3252.0
1454.981416,2,9,31,15,280,64.0,5990.0
1454.981425,5,21,24,6,139,60.0,1611.0
1454.9814265,6,37,31,9,231,62.0,2622.0
1455.077252,1,9,21,6,156,62.0,2492.0
1455.0772535,3,10,24,7,222,61.0,2098.0
1455.077254,2,6,27,10,195,61.0,3503.0
1455.0772645,6,34,29,7,228,61.0,1713.0
1455.077278,5,12,21,4,124,58.0,1033.0
1455.173289,1,12,27,9,230,64.0,3905.0
1455.1732905,3,13,28,9,222,63.0,3230.0
1455.173291,2,33,31,15,295,63.0,5888.0
1455.1733015,6,33,33,9,227,62.0,2601.0
1455.173302,5,18,24,6,137,60.0,1581.0
1455.393521,1,2,2,0,3,55.0,43.129
1455.466599,1,2,4,0,32,54.0,116.384
1455.575667,5,1,1,0,1,47.0,0.0
1455.5756825,6,1,1,0,1,45.0,0.0
1455.76822,2,2,3,1,18,63.0,612.996
1455.7682355,3,1,2,0,1,51.0,0.0
1455.9538555,6,1,1,0,1,47.0,0.0
1455.9791565,6,1,2,0,8,51.0,44.97
1456.178551,1,1,2,0,1,51.0,0.0
1456.4085005,3,1,1,0,1,45.0,0.0
1456.4094685,3,1,1,0,1,45.0,0.0
1457.085887,5,2,4,0,7,53.0,89.142
1457.113701,5,3,4,0,16,57.0,269.241
1457.644119,1,15,19,6,126,62.0,2489.0
1457.6441335,6,34,29,7,225,61.0,1760.0
1457.644135,5,24,21,4,133,59.0,1035.0
1457.740952,1,15,27,9,211,64.0,3979.0
1457.7409665,6,34,34,9,232,62.0,2713.0
1457.740968,5,24,24,6,158,60.0,1640.0
1457.836818,1,8,20,7,211,62.0,2606.0
1457.8368325,6,34,31,7,228,61.0,1782.0
1457.836846,5,12,21,4,121,58.0,1007.0
1457.932694,1,9,29,9,227,63.0,3943.0
1457.932705,5,27,24,6,146,60.0,1624.0
1457.9327065,6,34,33,9,228,62.0,2711.0
1458.028747,1,15,21,6,129,62.0,2514.0
1458.028749,2,8,26,10,197,61.0,3687.0
1458.0287505,3,10,25,7,219,61.0,2183.0
1458.0287615,6,34,31,7,225,61.0,1773.0
1458.028763,5,24,21,4,133,59.0,1037.0
1458.124431,1,15,26,9,211,64.0,3983.0
1458.124433,2,8,32,15,280,63.0,5858.0
1458.1244345,3,10,28,9,219,63.0,3332.0
1458.1244455,6,34,34,9,229,62.0,2739.0
1458.124447,5,24,24,6,161,60.0,1646.0
1458.220183,1,6,22,7,209,62.0,2566.0
1458.220183,2,8,26,10,197,61.0,3470.0
1458.2201845,3,10,25,7,219,61.0,2197.0
1458.2201955,6,34,30,7,225,61.0,1774.0
1458.220197,5,24,20,5,143,58.0,1061.0
1458.2288365,6,1,1,0,1,45.0,0.0
1458.316058,2,11,32,13,203,64.0,5653.0
1458.316058,1,9,28,9,212,63.0,3920.0
1458.3160595,3,10,27,9,222,63.0,3318.0
1458.316069,5,27,25,6,149,60.0,1639.0
1458.3160705,6,34,34,9,228,63.0,2749.0
1459.21919,5,3,4,0,16,52.0,120.635
1460.350496,2,2,1,0,2,50.0,30.416
1460.35052,1,1,1,0,1,45.0,0.0
1460.833975,1,9,23,7,209,62.0,2591.0
1460.8339875,6,34,30,7,229,61.0,1846.0
1460.834001,5,12,22,4,149,58.0,1053.0
1460.929831,1,9,27,9,227,64.0,3998.0
1460.929842,5,27,24,6,149,60.0,1626.0
1460.9298435,6,34,33,9,229,63.0,2839.0
1461.02669,1,15,23,7,191,62.0,2582.0
1461.0267045,6,34,32,7,229,61.0,1841.0
1461.026706,5,24,22,4,137,59.0,1050.0
1461.0602235,3,1,1,0,1,45.0,0.0
1461.122508,1,12,28,9,230,64.0,4027.0
1461.1225205,6,37,33,9,228,63.0,2833.0
1461.122521,5,19,24,6,144,60.0,1600.0
1461.218636,1,10,23,7,200,62.0,2582.0
1461.2186485,6,34,32,7,229,61.0,1860.0
1461.21865,5,24,22,4,137,59.0,1040.0
1461.314416,1,15,27,9,205,64.0,4014.0
1461.3144305,6,34,34,9,229,62.0,2847.0
1461.314432,5,24,24,6,158,60.0,1624.0
1461.41012,1,15,24,7,197,62.0,2603.0
1461.4101385,6,30,30,7,225,60.0,1852.0
1461.410148,5,12,22,4,125,58.0,1003.0
1461.433349,1,5,29,8,191,66.0,3304.0
1461.4333645,3,2,9,2,109,52.0,256.562
1461.433369,5,3,20,5,140,58.0,1507.0
1461.505913,1,9,28,9,230,63.0,4034.0
1461.505924,5,27,25,6,164,60.0,1666.0
1461.5059255,6,34,34,9,229,63.0,2872.0
1461.7113085,6,1,1,0,1,45.0,0.0
1462.104436,5,5,5,0,14,53.0,97.111
1462.1044775,3,1,1,0,48,46.0,40.901
1462.104492,2,1,1,0,1,53.0,0.0
1462.6372,5,2,4,1,38,62.0,398.832
1463.2912505,3,1,2,0,1,45.0,0.0
1463.29126,5,2,5,1,36,56.0,188.302
1463.291265,1,1,3,0,1,49.0,0.0
1463.62205,5,3,2,0,6,52.0,79.582
1463.787823,5,2,5,0,8,52.0,76.58
1463.9243425,3,1,1,0,4,47.0,11.822
1463.9243865,6,1,1,0,1,45.0,0.0
1463.97719,1,15,26,8,212,63.0,2705.0
1463.977206,5,1,23,4,137,58.0,1018.0
1463.9772085,6,30,30,7,222,61.0,1899.0
1464.072905,1,15,29,10,236,64.0,4198.0
1464.0729165,6,41,35,10,233,63.0,2975.0
1464.072921,5,15,24,6,165,60.0,1627.0
1464.1179965,6,1,1,0,1,45.0,0.0
1464.168655,1,9,25,7,203,62.0,2645.0
1464.168666,5,27,23,4,143,58.0,1058.0
1464.1686675,6,34,31,7,226,61.0,1921.0
1464.264493,1,9,29,9,221,64.0,4104.0
1464.264504,5,27,25,7,235,60.0,1672.0
1464.2645055,6,34,34,9,229,62.0,2988.0
1464.360295,1,15,25,7,197,62.0,2665.0
1464.3603095,6,34,31,7,226,60.0,1935.0
1464.360311,5,24,22,4,137,58.0,1015.0
1464.456165,1,15,30,10,233,64.0,4207.0
1464.456179,5,21,23,6,164,59.0,1641.0
1464.4561805,6,37,35,10,229,63.0,2957.0
1464.55219,1,12,24,7,209,62.0,2674.0
1464.552201,5,1,22,5,164,58.0,1078.0
1464.5522025,6,37,30,7,226,61.0,1931.0
1464.648737,1,9,29,9,224,64.0,4115.0
1464.648748,5,27,25,6,161,60.0,1617.0
1464.6487495,6,34,33,9,229,63.0,2974.0
1464.8594445,6,1,2,0,1,46.0,0.0
1464.9893765,6,2,2,0,2,48.0,10.411
1465.221826,1,1,1,0,1,45.0,0.0
1465.302421,5,3,2,0,4,48.0,25.871
1466.3560425,6,1,2,0,1,46.0,0.0
1466.5091755,3,1,1,0,4,46.0,9.892
1466.584755,5,3,23,7,176,62.0,2361.0
1466.5847555,6,4,20,6,158,64.0,2075.0
1466.584766,1,9,32,8,174,62.0,2829.0
1467.048784,1,15,27,8,212,62.0,2771.0
1467.0487985,6,38,30,8,227,61.0,1988.0
1467.0488,5,1,21,5,162,58.0,1036.0
1467.144827,1,8,32,10,236,64.0,4287.0
1467.14484,5,27,24,6,168,60.0,1612.0
1467.1448415,6,34,34,10,230,62.0,3075.0
1467.240886,1,9,27,8,207,62.0,2721.0
1467.240897,5,27,22,4,143,58.0,1005.0
1467.2408985,6,34,30,8,227,60.0,2001.0
1467.336647,1,15,31,10,236,64.0,4311.0
1467.336649,2,8,32,15,311,63.0,5465.0
1467.3366505,3,10,27,9,177,63.0,3474.0
1467.33666,5,27,25,6,168,60.0,1604.0
1467.3366615,6,34,35,10,230,63.0,3082.0
1467.432415,2,1,26,12,309,62.0,3616.0
1467.432416,1,12,26,7,203,62.0,2716.0
1467.4324175,3,13,25,7,176,61.0,2250.0
1467.4324315,6,34,30,7,220,61.0,1974.0
1467.432442,5,1,21,4,128,58.0,978.781
1467.528199,1,8,33,10,236,64.0,4332.0
1467.5282025,3,10,28,9,177,63.0,3463.0
1467.528203,2,9,31,13,258,63.0,5066.0
1467.528212,5,27,25,6,171,60.0,1616.0
1467.5282135,6,34,35,10,230,62.0,3084.0
1467.547348,1,2,1,0,2,47.0,17.22
1467.624043,1,9,28,8,207,62.0,2737.0
1467.6240445,3,6,25,7,173,61.0,2257.0
1467.624045,2,9,22,9,199,61.0,3186.0
1467.624054,5,27,24,4,140,58.0,995.072
1467.6240555,6,34,31,8,227,61.0,2009.0
1467.720166,1,9,32,10,234,64.0,4263.0
1467.7201675,3,10,28,9,176,63.0,3435.0
1467.720168,2,9,30,15,333,64.0,5606.0
1467.720177,5,27,26,6,168,60.0,1605.0
1467.7201785,6,34,35,10,230,62.0,3095.0
1467.724962,1,2,1,0,2,45.0,3.324
1467.8992945,3,1,1,0,1,45.0,0.0
1467.899318,1,2,1,0,3,46.0,8.051
1468.051376,1,2,2,0,2,49.0,31.863
1468.087785,1,1,1,0,1,45.0,0.0
1468.2546375,6,2,1,0,2,45.0,17.988
1468.3967925,6,2,1,0,3,51.0,20.536
1468.458326,1,2,1,0,2,46.0,3.435
1468.8169805,6,1,4,0,16,58.0,334.53
1468.8170315,3,1,1,0,1,45.0,0.0
1469.571358,1,2,1,0,2,47.0,5.628
1469.885272,1,2,2,0,2,50.0,17.474
1470.19391,1,12,28,8,195,62.0,2763.0
1470.1939255,6,34,29,8,224,61.0,2049.0
1470.193935,5,3,22,4,154,58.0,998.339
1470.201225,1,1,2,0,1,47.0,0.0
1470.2458675,3,1,1,0,1,45.0,0.0
1470.290742,1,9,33,10,234,64.0,4360.0
1470.290753,5,27,26,6,168,60.0,1549.0
1470.2907545,6,34,32,10,231,62.0,3182.0
1470.3232865,3,2,1,0,2,45.0,8.535
1470.386621,1,15,29,8,195,62.0,2821.0
1470.3866355,6,38,29,8,228,61.0,2117.0
1470.386637,5,1,22,4,141,57.0,966.523
1470.482639,1,9,32,10,237,63.0,4369.0
1470.48265,5,27,25,6,168,60.0,1548.0
1470.4826515,6,34,34,10,231,62.0,3199.0
1470.578389,1,15,28,7,186,62.0,2770.0
1470.578391,2,8,23,8,195,62.0,3048.0
1470.5783925,3,10,25,7,174,61.0,2250.0
1470.5784035,6,38,30,8,228,61.0,2090.0
1470.578405,5,1,22,5,162,58.0,997.956
1470.674129,1,15,33,11,234,64.0,4434.0
1470.674131,2,8,31,14,285,62.0,5095.0
1470.6741325,3,14,30,9,204,63.0,3510.0
1470.6741435,6,38,33,10,228,63.0,3198.0
1470.674145,5,15,24,6,166,59.0,1522.0
1470.770815,1,12,27,8,207,62.0,2833.0
1470.7708165,3,13,25,7,176,62.0,2279.0
1470.770817,2,5,23,9,199,61.0,3092.0
1470.770828,5,15,22,4,144,57.0,976.297
1470.7708305,6,34,29,8,224,61.0,2068.0
1470.866821,1,15,33,10,206,64.0,4372.0
1470.866823,2,8,32,14,309,63.0,5223.0
1470.8668245,3,10,29,10,287,63.0,3581.0
1470.8668325,6,41,34,10,234,63.0,3228.0
1470.866837,5,15,25,7,233,60.0,1586.0
1470.985855,1,1,1,0,1,46.0,0.0
1470.9876025,3,1,1,0,1,45.0,0.0
1470.9876255,6,1,1,0,1,46.0,0.0
1471.227118,1,3,8,1,38,61.0,812.772
1471.508565,1,2,3,0,35,51.0,57.108
1471.61643,5,2,2,0,2,50.0,14.781
1471.6164525,6,1,1,0,4,48.0,11.837
1471.8280325,3,1,1,0,1,45.0,0.0
1472.986697,1,2,19,10,145,74.0,10051.0
1473.189199,1,2,1,0,2,45.0,10.021
1473.42199,1,9,31,8,187,62.0,2830.0
1473.422001,5,27,22,5,190,58.0,994.914
1473.4220025,6,34,30,8,225,61.0,2143.0
1473.518827,1,9,33,11,232,63.0,4480.0
1473.518838,5,27,26,6,190,60.0,1510.0
1473.5188395,6,34,32,10,232,63.0,3316.0
1473.614573,1,15,31,9,237,62.0,2990.0
1473.6145875,6,38,29,8,225,61.0,2155.0
1473.614589,5,1,22,4,141,57.0,931.98
1473.710312,1,15,32,11,237,64.0,4555.0
1473.710314,2,11,30,13,292,63.0,4936.0
1473.7103155,3,10,32,9,177,63.0,3456.0
1473.7103265,6,38,33,10,232,63.0,3302.0
1473.710328,5,15,25,6,184,59.0,1472.0
1473.806111,1,15,30,9,237,62.0,2987.0
1473.806113,2,8,22,9,202,60.0,2941.0
1473.8061145,3,10,26,7,174,61.0,2263.0
1473.8061295,6,34,28,8,221,61.0,2150.0
1473.806139,5,3,21,4,129,57.0,904.495
1473.886897,1,2,2,0,3,53.0,28.549
1473.90194,1,15,33,11,240,64.0,4569.0
1473.901942,2,8,31,14,315,62.0,5052.0
1473.9019435,3,14,32,10,291,63.0,3573.0
1473.9019515,6,41,33,10,235,63.0,3326.0
1473.901956,5,25,26,6,184,59.0,1452.0
1473.9541755,3,1,1,0,1,45.0,0.0
1473.997788,1,12,29,8,201,62.0,2907.0
1473.9977895,3,13,27,7,173,62.0,2249.0
1473.99779,2,2,21,8,196,61.0,2804.0
1473.9978005,6,34,30,8,228,61.0,2157.0
1473.997814,5,9,21,4,122,58.0,867.503
1474.093849,1,8,33,11,237,64.0,4571.0
1474.0938525,3,10,32,9,177,63.0,3473.0
1474.093853,2,6,31,11,238,63.0,4443.0
1474.093862,5,1,25,6,187,60.0,1478.0
1474.0938635,6,38,33,10,232,63.0,3322.0
1474.238182,5,1,2,0,1,48.0,0.0
1474.2898925,6,1,1,0,1,48.0,0.0
1474.370357,1,2,3,0,8,56.0,93.559
1474.391524,1,3,1,0,4,48.0,27.412
1474.3915335,3,1,3,0,13,50.0,64.032
1474.411727,5,1,1,0,1,45.0,0.0
1474.5572535,6,1,1,0,1,45.0,0.0
1476.2908615,6,2,1,0,3,47.0,10.243
1476.588817,1,9,31,9,235,62.0,2987.0
1476.588828,5,1,21,4,184,58.0,915.674
1476.5888295,6,38,29,8,222,61.0,2210.0
1476.685678,1,6,33,11,238,63.0,4574.0
1476.685689,5,1,26,6,184,60.0,1404.0
1476.6856905,6,38,32,10,229,63.0,3404.0
1476.781446,1,12,29,9,235,62.0,2997.0
1476.7814475,3,13,27,7,173,61.0,2250.0
1476.781448,2,1,17,9,235,62.0,2848.0
1476.781457,5,27,21,4,144,58.0,885.856
1476.7814585,6,34,29,8,225,61.0,2213.0
1476.877217,1,15,33,11,240,64.0,4655.0
1476.8772205,3,10,32,11,328,63.0,3593.0
1476.877221,2,9,25,12,260,63.0,4515.0
1476.87723,5,18,25,6,187,59.0,1408.0
1476.8772315,6,38,33,10,229,63.0,3399.0
1476.97304,1,12,30,8,184,62.0,2913.0
1476.9730415,3,13,27,7,174,61.0,2240.0
1476.973042,2,2,18,6,117,61.0,2568.0
1476.9730555,6,31,28,8,222,61.0,2197.0
1476.973066,5,9,21,4,126,58.0,841.798
1477.068829,1,15,33,11,238,64.0,4660.0
1477.0688325,3,14,34,10,246,63.0,3542.0
1477.068834,2,43,28,12,269,62.0,4372.0
1477.068845,5,22,26,5,139,59.0,1303.0
1477.0688475,6,34,32,10,229,63.0,3394.0
1477.164968,1,15,30,8,187,62.0,2974.0
1477.1649725,3,13,27,7,173,61.0,2231.0
1477.164973,2,2,19,8,196,61.0,2788.0
1477.1649865,6,34,28,8,219,61.0,2179.0
1477.164997,5,9,22,4,122,58.0,834.565
1477.189644,5,3,1,0,4,47.0,25.856
1477.260726,1,12,32,11,265,64.0,4640.0
1477.2607275,3,6,35,10,291,63.0,3555.0
1477.260728,2,40,24,11,235,63.0,4306.0
1477.260737,5,27,27,6,193,60.0,1423.0
1477.2607385,6,34,32,10,232,62.0,3433.0
1477.32678,1,2,6,0,34,51.0,165.629
1477.41956,1,2,2,0,2,45.0,11.214
1477.427455,1,2,4,0,3,49.0,21.27
1477.754426,5,3,6,1,19,58.0,459.151
1477.761596,1,2,2,0,5,48.0,32.453
1477.811891,5,2,3,0,5,49.0,29.581
1478.161937,1,2,1,0,3,50.0,27.879
1478.1619465,3,1,1,0,1,45.0,0.0
1478.8256165,6,1,1,0,1,46.0,0.0
1479.131243,5,5,5,0,8,51.0,84.226
1479.5442345,6,2,2,0,2,47.0,24.132
1479.544254,5,4,6,1,46,52.0,186.73
1479.5442575,3,2,3,0,10,49.0,42.241
1479.544278,1,1,4,0,1,48.0,0.0
1479.6099785,6,1,1,0,1,45.0,0.0
1479.6140755,6,2,1,0,2,45.0,4.055
1479.672871,1,15,29,9,238,62.0,3084.0
1479.672887,5,22,22,4,188,57.0,871.686
1479.6728895,6,34,29,8,226,61.0,2271.0
1479.70273,5,1,19,4,117,61.0,1143.0
1479.7027495,3,2,6,1,76,52.0,210.685
1479.768609,1,15,32,11,241,64.0,4737.0
1479.7686205,6,41,33,10,233,63.0,3489.0
1479.768625,5,25,23,6,191,59.0,1352.0
1479.864358,1,15,29,8,190,62.0,3046.0
1479.86436,2,46,20,7,124,61.0,2630.0
1479.8643615,3,14,28,7,174,61.0,2233.0
1479.8643765,6,31,29,8,226,61.0,2259.0
1479.864386,5,13,22,4,130,57.0,820.354
1479.960189,1,15,31,11,241,64.0,4736.0
1479.960191,2,5,23,11,238,62.0,4390.0
1479.9601925,3,10,32,9,187,63.0,3424.0
1479.9602035,6,38,33,10,230,63.0,3490.0
1479.960205,5,22,24,6,191,59.0,1323.0
1480.056051,1,12,28,8,190,62.0,3003.0
1480.0560525,3,13,27,7,174,61.0,2205.0
1480.056053,2,9,18,6,105,61.0,2468.0
1480.056062,5,27,23,4,141,58.0,830.852
1480.0560635,6,34,29,8,219,60.0,2256.0
1480.152149,1,12,31,11,238,64.0,4671.0
1480.1521505,3,13,33,11,328,63.0,3545.0
1480.152151,2,2,24,11,260,63.0,4242.0
1480.15216,5,27,26,6,187,59.0,1327.0
1480.1521615,6,34,31,10,229,62.0,3480.0
1480.247896,1,12,29,8,187,62.0,2996.0
1480.2478975,3,13,26,7,174,61.0,2222.0
1480.247898,2,40,17,10,270,61.0,2883.0
1480.2479085,6,34,29,8,219,61.0,2259.0
1480.247922,5,12,20,4,126,57.0,796.453
1480.343632,1,15,32,11,241,64.0,4765.0
1480.343634,2,8,26,8,124,63.0,3923.0
1480.3436365,3,13,32,11,328,63.0,3535.0
1480.3436475,6,34,32,10,229,62.0,3488.0
1480.343648,5,25,25,5,185,60.0,1307.0
1480.575822,5,1,2,0,7,51.0,26.424
1480.5758475,6,1,2,0,1,48.0,0.0
1480.649186,2,1,5,1,57,54.0,211.862
1480.6491885,3,1,3,0,10,51.0,34.215
1480.6491915,6,2,6,0,34,53.0,152.901
1480.649194,1,14,7,1,40,58.0,490.605
1480.649194,5,2,9,1,40,57.0,563.437
1480.9017835,3,1,1,0,1,45.0,0.0
1480.901797,1,2,1,0,3,48.0,12.188
1481.013269,1,2,3,0,8,57.0,288.121
1481.9600665,3,1,1,0,1,45.0,0.0
1481.960075,1,2,3,0,3,48.0,13.413
1482.061499,1,2,18,8,118,72.0,6964.0
1482.062168,1,2,1,0,2,46.0,3.665
1482.1321905,3,1,2,0,4,49.0,14.869
1482.3182835,3,1,1,0,1,45.0,0.0
1482.347417,5,3,2,0,6,51.0,35.936
1482.5045835,6,3,6,1,25,66.0,1142.0
1482.504599,5,9,7,2,72,55.0,429.5
1482.5046255,3,2,1,0,6,49.0,22.328
1482.504647,2,1,1,0,1,52.0,0.0
1482.664071,1,1,1,0,1,45.0,0.0
1482.671161,1,2,2,0,2,47.0,15.493
1482.730729,1,15,28,8,190,62.0,3116.0
1482.7307475,6,31,29,7,186,60.0,2241.0
1482.730758,5,9,19,3,102,57.0,707.458
1482.827566,1,11,30,11,241,64.0,4861.0
1482.8275805,6,38,33,10,230,63.0,3542.0
1482.827582,5,15,24,5,185,59.0,1271.0
1482.8722675,6,2,6,1,92,55.0,183.783
1482.87227,1,1,5,1,75,51.0,194.726
1482.8722775,3,1,1,0,1,45.0,0.0
1482.87232,5,1,4,0,20,49.0,59.847
1482.923637,1,9,29,9,236,62.0,3119.0
1482.9236385,3,6,25,7,174,61.0,2167.0
1482.923639,2,9,16,8,236,61.0,2660.0
1482.923648,5,1,20,4,135,57.0,784.849
1482.9236495,6,38,29,8,223,61.0,2303.0
1483.019378,1,15,30,11,241,64.0,4865.0
1483.01938,2,8,23,12,276,63.0,4467.0
1483.0193815,3,10,31,9,188,63.0,3392.0
1483.0193925,6,38,32,10,230,63.0,3548.0
1483.019394,5,22,25,5,191,59.0,1288.0
1483.115125,1,13,28,8,185,62.0,3083.0
1483.1151265,3,10,24,7,171,61.0,2163.0
1483.115127,2,9,17,6,105,61.0,2402.0
1483.1151375,6,38,29,8,220,61.0,2311.0
1483.115139,5,1,20,3,132,57.0,767.665
1483.168516,1,1,5,1,51,55.0,204.406
1483.168541,2,1,3,0,1,54.0,0.0
1483.1685515,3,1,1,0,1,45.0,0.0
1483.168555,5,2,2,0,12,49.0,33.056
1483.21097,1,15,31,11,239,64.0,4834.0
1483.2109745,3,13,30,10,246,63.0,3417.0
1483.210975,2,9,22,11,236,63.0,4053.0
1483.210984,5,27,26,5,187,60.0,1271.0
1483.2109855,6,34,31,11,280,62.0,3570.0
1483.216902,1,1,2,0,1,50.0,0.0
1483.306794,1,9,28,9,239,62.0,3145.0
1483.3067955,3,6,24,7,174,61.0,2191.0
1483.306796,2,9,16,6,105,61.0,2439.0
1483.306805,5,1,21,4,138,58.0,793.941
1483.3068065,6,38,30,8,223,61.0,2304.0
1483.343716,5,2,3,0,2,48.0,5.81
1483.402917,1,12,31,11,236,64.0,4810.0
1483.4029185,3,6,30,9,187,63.0,3355.0
1483.402919,2,9,22,11,242,63.0,4013.0
1483.402924,5,31,25,5,166,59.0,1231.0
1483.4029295,6,34,32,10,226,63.0,3575.0
1483.653882,2,1,2,0,4,53.0,44.604
1483.707022,1,2,5,0,35,56.0,209.787
1483.84547,1,3,5,0,33,53.0,114.493
1483.969111,1,2,1,0,2,45.0,10.07
1484.006544,1,3,2,0,4,47.0,18.317
1484.1496065,6,1,2,0,8,53.0,57.748
1484.1820875,3,1,1,0,1,48.0,0.0
1484.182094,5,3,7,1,47,51.0,184.593
1484.182105,2,1,2,0,1,54.0,0.0
1484.314358,5,1,2,0,1,50.0,0.0
1485.2807395,6,2,2,0,3,48.0,12.272
1485.2858215,6,2,1,0,2,46.0,3.903
1485.451004,5,2,5,1,43,52.0,221.15
1485.4510405,3,1,2,0,24,46.0,24.582
1485.4852055,6,3,12,3,63,66.0,1804.0
1485.485208,5,2,9,2,102,56.0,432.047
1485.4852335,3,1,7,1,39,54.0,170.323
1485.496045,1,2,3,0,17,50.0,61.335
1485.547563,1,2,3,0,3,47.0,11.256
1485.726527,1,2,9,2,39,64.0,1070.0
1485.755952,1,9,28,8,185,62.0,3128.0
1485.755963,5,1,18,4,138,57.0,758.502
1485.7559645,6,38,27,8,220,61.0,2324.0
1485.7963925,3,1,2,0,7,54.0,56.878
1485.796397,1,28,6,1,62,50.0,138.655
1485.851751,1,15,32,12,242,64.0,4948.0
1485.8517655,6,38,33,10,227,62.0,3597.0
1485.851767,5,22,23,5,185,59.0,1203.0
1485.9263655,3,1,1,0,1,45.0,0.0
1485.94857,2,5,18,8,172,61.0,2677.0
1485.948571,1,12,28,9,239,62.0,3192.0
1485.9485725,3,13,24,7,171,61.0,2124.0
1485.9485865,6,31,28,8,214,60.0,2319.0
1485.948597,5,9,19,3,120,57.0,724.388
1486.044388,1,15,32,12,242,64.0,4960.0
1486.04439,2,8,23,11,242,62.0,4189.0
1486.0443915,3,10,29,9,188,63.0,3297.0
1486.0444025,6,35,32,10,227,62.0,3586.0
1486.044404,5,22,23,5,185,59.0,1229.0
1486.0485215,6,1,2,0,7,55.0,108.359
1486.14023,1,15,28,9,190,62.0,3199.0
1486.1402335,3,10,23,7,172,61.0,2149.0
1486.140234,2,6,17,8,240,61.0,2633.0
1486.140246,5,22,18,3,101,58.0,692.093
1486.1402485,6,34,27,8,220,61.0,2328.0
1486.236379,1,9,31,11,239,64.0,4874.0
1486.2363805,3,6,27,8,171,63.0,3260.0
1486.236381,2,1,23,11,239,63.0,4168.0
1486.23639,5,27,23,5,162,59.0,1204.0
1486.2363915,6,38,31,11,284,63.0,3638.0
1486.332097,1,15,28,9,190,62.0,3200.0
1486.3321005,3,10,25,7,172,61.0,2132.0
1486.332101,2,1,19,6,103,61.0,2309.0
1486.332113,5,15,18,3,101,57.0,689.676
1486.3321155,6,34,28,8,220,61.0,2325.0
1486.427839,1,15,32,12,242,64.0,4988.0
1486.427841,2,8,25,11,239,63.0,4304.0
1486.4278425,3,10,27,9,188,63.0,3319.0
1486.4278505,6,38,33,10,227,62.0,3608.0
1486.427855,5,25,23,5,160,59.0,1172.0
1487.029688,1,1,3,0,1,48.0,0.0
1487.261798,2,1,1,0,1,50.0,0.0
1487.31271,1,3,3,0,4,50.0,22.365
1487.980366,1,2,9,2,65,66.0,1077.0
1488.652938,1,2,7,1,43,62.0,825.102
1488.80083,1,12,28,8,185,62.0,3183.0
1488.800841,5,1,18,3,104,57.0,711.182
1488.8008425,6,38,27,8,224,61.0,2360.0
1488.89691,1,15,31,12,245,64.0,5058.0
1488.8969245,6,35,32,11,285,62.0,3657.0
1488.896926,5,25,23,4,136,59.0,1130.0
1488.907964,2,1,4,0,14,58.0,252.895
1488.9079675,3,1,2,0,5,50.0,20.066
1488.9079815,6,1,3,0,34,50.0,52.769
1488.907985,5,1,5,0,24,48.0,29.467
1488.907988,1,1,9,1,52,56.0,217.366
1488.933829,5,3,3,0,4,48.0,20.42
1488.993763,1,12,29,8,185,62.0,3192.0
1488.9937645,3,6,24,7,168,61.0,2098.0
1488.993765,2,1,19,8,217,61.0,2603.0
1488.9937755,6,38,26,8,224,61.0,2354.0
1488.993789,5,1,16,3,89,57.0,677.828
1489.089505,1,9,32,11,240,64.0,4969.0
1489.0895065,3,6,29,9,192,63.0,3276.0
1489.089507,2,1,21,11,237,63.0,4346.0
1489.089516,5,1,24,6,221,58.0,1263.0
1489.0895175,6,38,32,10,224,63.0,3605.0
1489.143496,5,2,6,0,28,53.0,163.276
1489.185242,1,98,29,10,272,62.0,3406.0
1489.1853355,3,10,24,7,172,62.0,2150.0
1489.185336,2,9,18,9,240,61.0,2782.0
1489.1853465,6,38,27,8,224,61.0,2383.0
1489.185348,5,22,18,3,101,58.0,709.866
1489.274664,5,1,7,1,94,51.0,134.627
1489.274768,1,1,4,0,23,47.0,48.608
1489.2747715,6,1,2,0,1,45.0,0.0
1489.281195,1,9,31,11,237,64.0,4972.0
1489.2811965,3,6,28,9,255,63.0,3320.0
1489.281197,2,9,23,10,220,63.0,3941.0
1489.281206,5,1,25,5,215,59.0,1244.0
1489.2812075,6,38,31,10,227,63.0,3624.0
1489.304004,1,1,1,0,1,45.0,0.0
1489.35677,1,2,1,0,2,50.0,15.734
1489.377297,1,15,28,9,225,63.0,3273.0
1489.377299,2,5,19,6,108,60.0,2290.0
1489.3773005,3,14,24,7,169,61.0,2115.0
1489.3773155,6,31,26,8,214,60.0,2345.0
1489.377326,5,12,18,3,88,57.0,666.677
1489.427736,1,1,1,0,1,45.0,0.0
1489.473039,1,11,31,12,242,64.0,5076.0
1489.4730425,3,10,30,9,188,63.0,3256.0
1489.473043,2,9,24,11,240,63.0,4267.0
1489.473052,5,25,26,5,159,59.0,1187.0
1489.4730535,6,38,31,11,285,63.0,3669.0
1489.523178,1,2,5,1,35,61.0,375.015
1489.72378,1,2,8,1,61,55.0,373.398
1490.023424,5,1,5,0,8,49.0,25.477
1490.272376,1,2,1,0,3,50.0,16.379
1490.414752,1,1,1,0,1,45.0,0.0
1491.009429,5,3,4,0,12,57.0,288.395
1491.009449,1,1,4,0,1,47.0,0.0
1491.069978,1,2,8,2,46,65.0,1253.0
1491.4367985,3,1,1,0,1,45.0,0.0
1491.562034,5,15,16,5,97,64.0,2417.0
1491.618379,2,2,6,0,2,52.0,18.248
1491.618387,5,37,14,2,98,52.0,377.836
1491.845223,1,6,29,9,223,62.0,3288.0
1491.845234,5,25,21,3,107,57.0,723.376
1491.8452355,6,1,27,8,221,60.0,2351.0
1491.940977,1,9,33,12,243,64.0,5086.0
1491.940988,5,1,26,5,162,58.0,1207.0
1491.9409895,6,38,31,10,221,63.0,3605.0
1491.995256,5,2,2,0,3,46.0,7.392
1491.999967,5,6,5,1,39,57.0,521.731
1492.037838,1,12,29,9,240,62.0,3329.0
1492.0378395,3,13,23,6,169,61.0,2096.0
1492.03784,2,9,21,8,217,61.0,2546.0
1492.037849,5,1,22,4,159,56.0,777.477
1492.0378505,6,38,27,7,159,61.0,2281.0
1492.09984,5,1,1,0,1,50.0,0.0
1492.133574,1,15,33,12,231,64.0,5120.0
1492.133576,2,11,26,11,220,63.0,4172.0
1492.1335775,3,10,27,9,196,63.0,3282.0
1492.1335885,6,35,31,10,228,62.0,3617.0
1492.13359,5,22,26,6,213,59.0,1268.0
1492.229493,1,9,27,9,223,62.0,3294.0
1492.2294945,3,10,22,6,169,61.0,2101.0
1492.229495,2,9,18,9,234,62.0,2989.0
1492.229504,5,1,19,4,159,57.0,796.04
1492.2295055,6,38,27,8,218,61.0,2345.0
1492.325271,1,15,33,12,231,64.0,5124.0
1492.325273,2,11,23,11,223,63.0,4253.0
1492.3252745,3,10,27,9,264,64.0,3336.0
1492.325284,5,25,26,6,216,59.0,1285.0
1492.3252855,6,38,31,10,228,62.0,3622.0
1492.421398,1,9,28,9,223,62.0,3295.0
1492.4213995,3,10,24,7,260,62.0,2171.0
1492.4214,2,6,21,6,106,61.0,2156.0
1492.4214105,6,38,27,7,156,60.0,2262.0
1492.421412,5,22,20,3,104,57.0,721.366
1492.518236,1,15,31,12,246,64.0,5158.0
1492.518238,2,8,24,11,240,62.0,4348.0
1492.5182395,3,14,27,8,173,63.0,3241.0
1492.5182475,6,38,31,10,228,62.0,3633.0
1492.518252,5,25,24,6,219,59.0,1288.0
1492.589094,1,2,6,1,36,62.0,694.66
1492.779046,1,3,16,8,118,72.0,9347.0
1492.784221,1,1,1,0,1,45.0,0.0
1493.0681735,6,1,1,0,1,45.0,0.0
1493.227282,2,1,1,0,1,51.0,0.0
1493.2553425,3,2,9,2,135,54.0,324.629
1493.255347,1,2,12,2,97,62.0,558.071
1493.255348,2,1,7,1,36,57.0,361.572
1493.255367,5,25,12,3,135,54.0,475.993
1493.2553675,6,23,12,2,89,58.0,418.64
1493.256005,1,2,6,0,16,59.0,143.175
1493.2560055,3,1,3,1,91,46.0,78.074
1493.256027,5,1,6,1,87,50.0,156.05
1493.2560415,6,7,5,1,69,54.0,139.41
1493.303537,5,1,1,0,1,45.0,0.0
1493.3547285,3,5,5,0,57,51.0,112.145
1493.3547335,6,1,3,0,32,48.0,57.275
1493.354735,1,2,4,0,24,57.0,152.202
1493.35474,5,8,5,0,17,55.0,290.622
1493.354753,2,1,2,0,1,53.0,0.0
1493.429012,1,2,1,0,3,50.0,18.888
1493.5206795,6,2,3,0,3,54.0,69.06
1493.5207085,3,1,3,0,17,52.0,115.531
1493.520734,5,1,2,0,1,46.0,0.0
1493.520737,1,1,1,0,13,46.0,14.438
1493.550902,5,2,2,0,6,48.0,30.119
1494.933234,1,12,27,9,223,63.0,3331.0
1494.933245,5,1,23,5,219,56.0,893.447
1494.9332465,6,38,28,7,175,60.0,2276.0
1495.030092,1,8,31,12,243,64.0,5204.0
1495.0301065,6,38,32,10,225,62.0,3579.0
1495.030108,5,22,25,6,219,59.0,1365.0
1495.127024,1,15,28,10,246,63.0,3427.0
1495.127026,2,5,21,9,223,60.0,2741.0
1495.1270275,3,14,22,6,170,61.0,2091.0
1495.1270425,6,31,26,7,172,60.0,2263.0
1495.127053,5,1,22,4,147,56.0,794.589
1495.222703,1,15,32,12,246,64.0,5243.0
1495.222705,2,8,28,12,223,63.0,4347.0
1495.2227065,3,14,26,9,261,63.0,3340.0
1495.222717,5,2,26,6,222,58.0,1382.0
1495.2227185,6,38,31,10,221,62.0,3550.0
1495.318456,1,12,28,9,243,63.0,3369.0
1495.3184575,3,13,21,6,169,61.0,2087.0
1495.318458,2,2,20,9,220,61.0,2752.0
1495.318467,5,1,22,4,162,56.0,834.659
1495.3184715,6,35,27,8,215,60.0,2292.0
1495.414305,1,9,31,11,229,64.0,5115.0
1495.4143065,3,6,27,9,264,63.0,3316.0
1495.414307,2,9,26,11,224,63.0,4210.0
1495.414316,5,25,26,6,222,58.0,1394.0
1495.4143175,6,38,32,10,225,62.0,3546.0
1495.510151,1,15,27,10,246,63.0,3435.0
1495.510153,2,8,23,10,237,62.0,3064.0
1495.5101545,3,10,23,6,170,61.0,2107.0
1495.510167,5,22,22,4,163,57.0,847.31
1495.5101695,6,31,26,7,175,60.0,2268.0
1495.606137,1,15,33,12,246,64.0,5242.0
1495.606139,2,5,27,11,224,63.0,4151.0
1495.6061415,3,10,25,9,264,63.0,3360.0
1495.606151,5,22,28,6,222,58.0,1396.0
1495.6061525,6,38,31,10,218,62.0,3548.0
1496.038903,5,4,4,0,11,49.0,59.662
1496.1234765,3,1,1,0,1,46.0,0.0
1496.123484,2,2,1,0,2,50.0,11.626
1496.123486,5,2,2,0,5,46.0,16.578
1496.123491,1,1,2,0,4,47.0,10.891
1496.1235115,6,1,1,0,1,47.0,0.0
1496.375041,2,2,2,0,3,59.0,151.593
1496.375067,5,1,5,0,1,49.0,0.0
1497.26452,1,2,1,0,2,46.0,6.414
1497.466355,1,1,1,0,1,47.0,0.0
1497.907037,5,3,6,0,6,52.0,73.853
1498.079241,1,9,28,9,241,62.0,3426.0
1498.079252,5,25,25,5,220,57.0,955.888
1498.0792535,6,38,28,7,179,60.0,2211.0
1498.176104,1,15,33,12,246,64.0,5330.0
1498.176117,5,25,29,7,223,59.0,1480.0
1498.1761185,6,35,31,9,199,62.0,3424.0
1498.2443235,6,2,1,0,3,48.0,16.357
1498.271872,1,6,27,10,244,62.0,3449.0
1498.2718735,3,10,21,6,153,61.0,2126.0
1498.271874,2,9,21,9,224,62.0,2800.0
1498.271883,5,25,24,5,220,57.0,948.076
1498.2718845,6,35,28,7,179,60.0,2207.0
1498.36759,2,12,25,12,241,63.0,4536.0
1498.367591,1,9,32,12,244,64.0,5260.0
1498.3675925,3,6,28,8,177,63.0,3243.0
1498.367602,5,25,27,7,222,58.0,1492.0
1498.3676035,6,38,31,10,222,62.0,3437.0
1498.4034565,3,1,3,0,7,57.0,122.775
1498.403465,2,2,4,1,21,60.0,502.472
1498.403478,1,1,5,0,26,53.0,103.464
1498.4034995,6,1,2,0,4,50.0,14.193
1498.463395,1,15,29,10,243,62.0,3495.0
1498.4633985,3,10,21,6,174,62.0,2132.0
1498.463399,2,9,21,9,222,61.0,2988.0
1498.4634095,6,35,27,7,179,60.0,2198.0
1498.463411,5,22,24,5,217,57.0,966.525
1498.5439075,6,1,2,0,4,52.0,24.713
1498.547073,1,1,1,0,1,45.0,0.0
1498.559228,1,15,34,12,247,64.0,5350.0
1498.5592315,3,11,28,8,181,63.0,3310.0
1498.559233,2,2,26,11,221,63.0,4172.0
1498.559242,5,1,27,7,234,58.0,1522.0
1498.5592435,6,38,30,10,219,62.0,3427.0
1498.632752,5,10,6,1,31,56.0,265.158
1498.6327735,6,1,2,0,1,51.0,0.0
1498.632798,1,2,5,0,2,50.0,5.237
1498.655092,1,12,28,9,229,63.0,3420.0
1498.6550935,3,10,22,6,177,61.0,2156.0
1498.655094,2,2,21,9,224,61.0,2761.0
1498.655103,5,1,24,5,219,56.0,966.19
1498.6551045,6,38,27,7,179,60.0,2198.0
1498.6947035,6,1,2,0,11,53.0,59.387
1498.751782,1,15,34,12,246,64.0,5336.0
1498.751784,2,8,25,12,224,63.0,4438.0
1498.7517855,3,10,26,8,197,63.0,3306.0
1498.7517935,6,38,31,10,202,62.0,3391.0
1498.751798,5,25,27,7,226,58.0,1495.0
1498.918487,5,2,3,0,6,50.0,22.297
1498.9184915,6,2,4,0,16,55.0,139.429
1498.9184945,3,2,3,0,40,49.0,51.739
1498.918514,2,1,2,0,1,52.0,0.0
1499.007866,1,2,3,0,37,53.0,113.41
1499.2055115,3,1,1,0,1,47.0,0.0
1499.2055255,6,1,3,0,1,49.0,0.0
1499.291265,5,3,4,0,11,56.0,222.818
1499.2973815,6,1,2,0,1,45.0,0.0
1499.297384,1,2,2,0,5,48.0,24.468
1499.349154,1,7,5,1,46,53.0,175.628
1499.426642,5,2,4,0,5,51.0,59.245
1499.438493,5,3,3,0,35,50.0,77.241
1499.4514235,6,1,2,0,4,50.0,20.205
1499.5303865,6,1,1,0,1,48.0,0.0
1499.64117,1,2,10,2,43,65.0,1823.0
1500.4507935,6,1,1,0,1,45.0,0.0
1500.5113285,3,1,1,0,1,45.0,0.0
1500.560325,1,1,1,0,1,47.0,0.0
1500.708528,1,1,1,0,1,45.0,0.0
1500.839243,5,2,4,0,2,56.0,47.027
1500.8392655,6,1,1,0,1,45.0,0.0
1500.8759135,6,2,1,0,2,45.0,4.562
1500.913253,1,6,13,5,74,66.0,2704.0
1500.920054,1,2,1,0,3,45.0,7.054
1501.0727475,6,2,20,5,175,60.0,1107.0
1501.072767,5,14,17,6,174,62.0,1930.0
1501.1145185,3,1,3,0,10,48.0,25.571
1501.236752,1,13,28,9,227,62.0,3471.0
1501.2367645,6,35,26,7,176,60.0,2084.0
1501.236766,5,22,24,5,220,57.0,1026.0
1501.256687,1,3,2,0,4,49.0,19.939
1501.332817,1,9,33,12,247,64.0,5395.0
1501.332828,5,25,29,7,235,58.0,1603.0
1501.3328295,6,38,29,9,199,62.0,3244.0
1501.428623,1,12,30,10,244,63.0,3530.0
1501.428634,5,1,25,5,220,56.0,1035.0
1501.4286355,6,38,26,7,179,60.0,2106.0
1501.437989,5,2,1,0,3,52.0,27.454
1501.5146075,6,1,1,0,1,48.0,0.0
1501.524468,1,9,32,12,244,64.0,5386.0
1501.524479,5,25,31,7,232,58.0,1605.0
1501.5244805,6,38,29,9,199,62.0,3236.0
1501.620318,1,12,30,10,244,62.0,3530.0
1501.620329,5,25,25,5,223,57.0,1041.0
1501.6203305,6,38,27,7,179,60.0,2076.0
1501.622714,5,2,7,1,48,52.0,137.484
1501.6227315,6,2,3,0,2,46.0,8.58
1501.7035355,6,2,1,0,3,47.0,9.423
1501.703536,1,1,1,0,1,45.0,0.0
1501.716373,1,15,35,13,247,65.0,5471.0
1501.716389,5,1,29,7,221,58.0,1570.0
1501.7163915,6,35,28,9,199,62.0,3213.0
1501.812097,1,15,29,10,244,63.0,3580.0
1501.812113,5,1,26,5,218,56.0,1031.0
1501.8121155,6,35,26,7,179,60.0,2060.0
1501.816754,1,2,2,0,10,49.0,61.412
1501.907842,1,15,34,12,247,65.0,5472.0
1501.907858,5,1,28,7,221,57.0,1582.0
1501.9078605,6,35,30,9,199,62.0,3195.0
1502.3154865,6,1,1,0,1,45.0,0.0
1502.404023,1,1,2,0,1,48.0,0.0
1502.4854175,6,1,2,0,1,48.0,0.0
1502.485466,1,1,2,0,1,47.0,0.0
1502.4942895,3,1,1,0,1,45.0,0.0
1502.494299,2,1,2,0,1,53.0,0.0
1502.494325,5,5,8,1,65,51.0,285.151
1502.758273,1,1,2,0,1,49.0,0.0
1502.790521,1,6,12,4,79,62.0,2113.0
1503.5626785,6,1,1,0,1,45.0,0.0
1503.6342405,3,1,1,0,45,47.0,32.005
1503.8255235,3,1,1,0,1,45.0,0.0
1503.82553,1,2,3,0,40,50.0,58.737
1503.832636,5,1,24,4,126,60.0,1127.0
1503.9509785,6,1,1,0,1,45.0,0.0
1504.0883425,6,1,1,0,1,45.0,0.0
1504.20872,1,2,2,0,5,50.0,29.776
1504.347642,5,3,3,0,9,53.0,87.767
1504.378823,1,15,30,10,247,63.0,3642.0
1504.378839,5,1,24,5,221,56.0,1063.0
1504.3788415,6,35,26,7,176,60.0,1954.0
1504.4562155,6,3,4,1,25,60.0,518.594
1504.474886,1,15,35,13,247,64.0,5536.0
1504.474899,5,23,28,7,224,58.0,1629.0
1504.4749005,6,35,27,9,203,61.0,3025.0
1504.4819745,6,3,4,1,29,63.0,823.695
1504.5336475,6,1,1,0,1,47.0,0.0
1504.571779,1,15,31,10,247,63.0,3639.0
1504.5717975,6,35,24,7,176,60.0,1923.0
1504.571811,5,4,23,5,199,56.0,978.213
1504.6528865,3,1,1,0,1,46.0,0.0
1504.6529245,6,1,1,0,1,45.0,0.0
1504.667497,1,15,35,13,247,65.0,5571.0
1504.667511,5,25,29,7,217,58.0,1637.0
1504.6675125,6,38,27,9,203,62.0,3029.0
1504.668287,1,2,1,0,3,47.0,11.694
1504.69527,2,1,5,0,1,53.0,0.0
1504.695319,1,1,2,0,1,47.0,0.0
1504.70452,5,2,6,1,39,55.0,274.424
1504.7045825,3,2,3,0,35,51.0,96.504
1504.7286765,6,1,1,0,1,45.0,0.0
1504.735401,5,3,3,0,6,54.0,100.289
1504.763247,1,15,32,10,244,63.0,3639.0
1504.763261,5,25,24,5,221,56.0,1052.0
1504.7632625,6,38,26,7,203,60.0,1966.0
1504.8306575,6,1,1,0,1,48.0,0.0
1504.859099,1,9,35,12,245,64.0,5503.0
1504.85911,5,25,29,7,224,59.0,1644.0
1504.8591115,6,35,28,9,203,61.0,3005.0
1504.8929315,6,1,1,0,1,45.0,0.0
1504.954942,1,15,32,10,247,63.0,3668.0
1504.954958,5,1,25,5,215,56.0,1035.0
1504.9549605,6,35,24,7,176,60.0,1922.0
1504.96893,1,2,2,0,2,49.0,3.695
1505.034539,1,2,2,0,9,52.0,96.011
1505.051058,1,15,36,13,247,64.0,5566.0
1505.0510615,3,10,29,11,303,63.0,3637.0
1505.051062,2,9,26,12,222,63.0,4162.0
1505.0510725,6,35,28,9,200,61.0,2979.0
1505.051074,5,20,27,7,221,58.0,1629.0
1505.189028,1,12,21,12,163,67.0,7640.0
1505.189046,2,1,3,0,12,52.0,72.34
1505.18906,5,2,5,1,44,54.0,250.543
1505.1890635,6,1,3,0,5,56.0,57.449
1505.3401665,6,1,1,0,1,45.0,0.0
1505.4836385,3,1,1,0,1,45.0,0.0
1505.592188,1,1,2,0,7,53.0,49.62
1505.644068,1,2,2,0,5,54.0,100.212
1505.6464535,6,2,2,0,5,49.0,19.374
1505.668522,1,1,3,0,6,47.0,16.053
1505.6755335,3,1,1,0,1,45.0,0.0
1505.770098,1,1,1,0,1,47.0,0.0
1505.8726245,6,1,1,0,4,51.0,18.672
1505.8837925,3,1,2,0,4,52.0,27.072
1505.883797,2,1,2,0,1,51.0,0.0
1505.883818,5,1,3,0,1,51.0,0.0
1505.883824,1,1,1,0,1,45.0,0.0
1505.8838455,6,1,2,0,1,45.0,0.0
1506.015023,1,2,1,0,3,56.0,54.185
1506.835003,1,1,1,0,1,45.0,0.0
1506.8404125,6,1,1,0,1,46.0,0.0
1506.840417,1,2,2,0,2,50.0,12.528
1506.8663665,6,1,1,0,1,45.0,0.0
1506.9215505,3,1,1,0,1,46.0,0.0
1507.187155,1,2,1,0,4,47.0,12.58
1507.3927465,6,1,1,0,1,46.0,0.0
1507.444152,1,2,2,0,7,49.0,43.545
1507.5144925,6,1,1,0,1,45.0,0.0
1507.518642,1,12,29,10,239,63.0,3601.0
1507.5186575,6,28,24,6,171,59.0,1773.0
1507.518671,5,7,23,4,129,56.0,914.798
1507.587429,1,1,1,0,1,45.0,0.0
1507.614701,1,15,37,13,244,64.0,5569.0
1507.6147155,6,35,28,9,204,61.0,2817.0
1507.614717,5,20,26,7,212,58.0,1592.0
1507.7082915,3,1,1,0,1,45.0,0.0
1507.710506,1,15,31,9,186,63.0,3569.0
1507.710508,2,2,22,9,222,60.0,2670.0
1507.7105095,3,10,25,8,237,61.0,2417.0
1507.710522,5,1,24,5,219,55.0,1056.0
1507.7105245,6,35,24,6,176,59.0,1778.0
1507.791855,1,2,1,0,2,46.0,4.529
1507.80637,1,9,38,12,245,64.0,5518.0
1507.8063715,3,6,29,10,240,63.0,3744.0
1507.806372,2,9,28,11,222,63.0,4063.0
1507.806381,5,25,27,7,215,58.0,1591.0
1507.8063825,6,35,28,8,204,61.0,2791.0
1507.880426,1,2,2,0,7,57.0,153.257
1507.882018,1,1,2,0,7,57.0,85.435
1507.902205,1,13,32,9,181,62.0,3507.0
1507.9022065,3,10,24,8,237,62.0,2428.0
1507.902207,2,9,22,9,220,61.0,2688.0
1507.9022175,6,35,24,6,180,59.0,1787.0
1507.902219,5,1,22,4,145,56.0,962.58
1507.995477,5,1,5,0,7,55.0,88.067
1507.9954845,6,1,5,0,37,57.0,181.105
1507.998239,1,15,37,13,282,65.0,5651.0
1507.998241,2,8,27,12,228,63.0,4271.0
1507.9982425,3,14,28,10,237,63.0,3753.0
1507.9982545,6,38,27,9,207,61.0,2795.0
1507.998255,5,23,26,7,216,58.0,1614.0
1508.042526,1,1,1,0,1,45.0,0.0
1508.084474,5,2,4,0,14,48.0,55.091
1508.0844935,3,1,1,0,4,47.0,9.193
1508.093986,1,12,30,10,242,63.0,3600.0
1508.0939875,3,13,26,8,240,61.0,2445.0
1508.093988,2,2,23,9,219,60.0,2668.0
1508.093997,5,25,23,5,215,57.0,1047.0
1508.0939985,6,31,25,7,183,59.0,1794.0
1508.190872,1,15,38,13,245,65.0,5610.0
1508.190874,2,8,28,12,225,63.0,4425.0
1508.1908755,3,14,29,10,241,63.0,3767.0
1508.190882,5,29,27,7,222,58.0,1641.0
1508.1908835,6,35,27,9,211,61.0,2811.0
1508.408329,1,2,1,0,3,55.0,73.535
1508.827603,5,13,7,0,19,51.0,162.176
1508.894601,5,3,5,1,51,58.0,338.438
1508.894608,1,2,5,0,20,52.0,80.989
1508.894621,2,2,2,0,33,54.0,158.307
1508.8946235,6,2,4,1,108,53.0,142.593
1508.8946455,3,1,1,0,1,45.0,0.0
1508.9231905,6,1,1,0,1,45.0,0.0
1508.984687,5,2,4,0,13,47.0,44.762
1509.12024,1,4,2,0,5,49.0,25.129
1509.224935,5,2,3,0,14,49.0,82.557
1509.2249455,3,1,1,0,1,45.0,0.0
1509.2516655,6,3,3,1,25,61.0,417.077
1509.2756125,6,1,2,0,9,57.0,83.361
1509.9134975,6,2,1,0,2,45.0,4.693
1509.988812,1,2,1,0,5,47.0,18.282
1510.015522,1,2,3,0,2,47.0,5.484
1510.082985,1,1,2,0,1,48.0,0.0
1510.09311,1,2,1,0,4,45.0,13.095
1510.5063755,6,1,1,0,1,47.0,0.0
1510.6055215,6,1,1,0,1,45.0,0.0
1510.605558,2,1,2,0,1,50.0,0.0
1510.6149375,6,20,3,0,46,47.0,57.329
1510.61494,5,8,6,1,31,53.0,268.106
1510.614959,1,1,2,0,1,49.0,0.0
1510.678732,1,9,31,9,184,62.0,3565.0
1510.6787445,6,35,26,6,180,59.0,1700.0
1510.678746,5,20,20,4,142,56.0,993.586
1510.6959595,3,1,1,0,1,45.0,0.0
1510.7137265,6,1,1,0,1,46.0,0.0
1510.775567,1,15,38,13,245,65.0,5635.0
1510.7755785,6,42,30,9,208,61.0,2653.0
1510.775583,5,23,22,5,145,58.0,1522.0
1510.835526,1,6,6,1,41,60.0,784.69
1510.871749,1,6,31,10,213,62.0,3601.0
1510.8717505,3,10,25,8,237,62.0,2512.0
1510.871751,2,9,21,9,223,62.0,2755.0
1510.87176,5,23,18,4,148,56.0,1022.0
1510.8717615,6,39,25,6,180,59.0,1701.0
1510.9194215,6,1,1,0,1,45.0,0.0
1510.967461,1,15,39,13,242,64.0,5635.0
1510.967462,2,12,29,12,226,63.0,4389.0
1510.9674645,3,10,28,10,237,63.0,3831.0
1510.9674755,6,39,29,8,184,61.0,2613.0
1510.967477,5,20,22,6,148,57.0,1522.0
1511.029664,5,2,4,0,5,50.0,45.937
1511.0296905,6,1,1,0,1,45.0,0.0
1511.063155,2,5,22,9,223,61.0,2751.0
1511.063156,1,12,31,9,184,63.0,3569.0
1511.0631575,3,6,26,8,237,61.0,2524.0
1511.063167,5,25,20,4,111,57.0,951.511
1511.0631685,6,35,27,6,180,59.0,1697.0
1511.15895,1,15,37,14,283,65.0,5699.0
1511.158952,2,8,27,12,225,62.0,4383.0
1511.1589535,3,10,29,10,241,63.0,3880.0
1511.1589655,6,31,31,9,244,61.0,2665.0
1511.158966,5,23,23,5,130,58.0,1488.0
1511.245193,1,4,5,1,15,60.0,696.611
1511.254798,1,13,30,10,216,63.0,3607.0
1511.2547995,3,10,25,8,237,61.0,2507.0
1511.2548,2,9,23,9,220,61.0,2753.0
1511.2548105,6,39,26,6,175,59.0,1660.0
1511.254812,5,1,18,4,145,55.0,992.99
1511.262481,1,3,2,0,5,49.0,30.218
1511.285527,1,3,5,1,14,57.0,409.287
1511.3455285,6,2,1,0,4,52.0,25.797
1511.350669,1,9,37,12,216,64.0,5510.0
1511.3506705,3,6,28,10,237,63.0,3849.0
1511.350671,2,9,26,12,226,63.0,4138.0
1511.35068,5,1,23,6,158,58.0,1545.0
1511.3506815,6,35,30,9,208,61.0,2632.0
1511.3888475,6,1,1,0,1,45.0,0.0
1511.4493845,6,1,1,0,1,45.0,0.0
1511.4986155,6,1,1,0,1,48.0,0.0
1511.612102,1,2,3,0,2,47.0,3.665
1511.6121165,3,1,1,0,1,45.0,0.0
1511.776403,1,1,3,0,4,56.0,62.022
1511.983912,1,1,1,0,1,45.0,0.0
1511.987496,5,1,2,0,1,47.0,0.0
1512.028218,1,1,2,0,1,49.0,0.0
1512.1036025,6,1,1,0,1,46.0,0.0
1512.175309,1,3,3,0,8,53.0,84.363
1512.203957,5,2,2,0,6,48.0,36.072
1512.227248,1,3,2,0,6,49.0,35.385
1512.25402,1,2,1,0,2,50.0,17.923
1512.280259,5,2,2,0,3,48.0,9.895
1512.300108,5,4,2,0,15,51.0,90.145
1512.368749,1,1,1,0,1,45.0,0.0
1513.182669,5,1,1,0,1,52.0,0.0
1513.4320145,6,1,1,0,1,45.0,0.0
1513.635465,1,2,1,0,3,49.0,23.48
1513.68246,1,2,5,0,47,50.0,94.37
1513.682461,5,7,6,1,48,54.0,238.65
1513.6824645,3,1,1,0,1,45.0,0.0
1513.699208,5,4,6,0,11,56.0,193.413
1513.699481,1,2,3,0,3,48.0,10.281
1513.7789895,6,1,1,0,1,45.0,0.0
1513.854616,1,15,27,9,187,63.0,3617.0
1513.8546305,6,32,28,7,184,59.0,1678.0
1513.854632,5,1,18,4,109,56.0,957.777
1513.9065125,6,1,1,0,1,45.0,0.0
1513.950658,1,9,35,13,321,64.0,5628.0
1513.9506595,3,6,27,10,241,63.0,3899.0
1513.95066,2,9,26,12,224,63.0,4242.0
1513.950669,5,23,22,6,148,57.0,1558.0
1513.9506705,6,35,32,10,272,60.0,2675.0
1514.033607,2,1,2,0,1,54.0,0.0
1514.046422,1,15,28,10,187,63.0,3675.0
1514.046424,2,8,23,9,226,60.0,2879.0
1514.0464255,3,10,26,8,238,62.0,2570.0
1514.046438,5,23,18,4,109,56.0,950.094
1514.0464405,6,28,28,7,180,59.0,1730.0
1514.142142,2,12,28,12,223,62.0,4378.0
1514.142143,1,9,33,13,321,64.0,5602.0
1514.1421445,3,6,28,10,241,63.0,3906.0
1514.142154,5,23,23,6,145,57.0,1552.0
1514.1421555,6,35,33,10,272,60.0,2664.0
1514.2010815,6,2,2,0,3,54.0,53.574
1514.2239435,6,2,1,0,3,48.0,12.234
1514.238007,1,6,28,9,182,62.0,3552.0
1514.2380085,3,10,26,8,238,62.0,2555.0
1514.238009,2,9,25,9,221,61.0,2818.0
1514.238018,5,1,20,4,148,55.0,1020.0
1514.2380195,6,35,28,7,184,58.0,1674.0
1514.2453785,6,1,2,0,1,46.0,0.0
1514.275664,1,1,1,0,1,51.0,0.0
1514.281893,1,6,3,0,7,54.0,121.47
1514.333879,1,15,34,13,222,65.0,5610.0
1514.3338825,3,10,28,10,238,63.0,3913.0
1514.333883,2,9,26,12,224,63.0,4226.0
1514.3338905,6,35,34,10,272,60.0,2681.0
1514.333895,5,23,22,5,109,58.0,1447.0
1514.429945,1,6,28,10,213,62.0,3602.0
1514.4299465,3,6,26,8,238,61.0,2541.0
1514.429947,2,9,23,9,221,62.0,2725.0
1514.4299575,6,39,26,7,184,58.0,1670.0
1514.429959,5,1,19,4,108,56.0,961.926
1514.444549,5,2,3,0,7,56.0,77.158
1514.4445765,6,1,1,0,1,49.0,0.0
1514.525701,1,6,34,13,281,64.0,5583.0
1514.5257025,3,10,28,10,241,63.0,3933.0
1514.525703,2,9,29,13,253,63.0,4668.0
1514.525712,5,28,23,5,133,57.0,1532.0
1514.5257135,6,35,33,10,269,60.0,2678.0
1514.610631,1,2,2,0,2,52.0,12.963
1514.6339315,6,1,2,0,8,48.0,24.55
1514.633944,5,1,1,0,1,45.0,0.0
1514.7621085,6,1,1,0,1,45.0,0.0
1514.8314555,6,2,4,0,24,60.0,283.273
1514.839108,1,1,2,0,6,52.0,33.472
1514.8391305,6,1,1,0,1,46.0,0.0
1514.839164,5,1,1,0,1,45.0,0.0
1514.8491395,6,3,5,1,28,65.0,895.187
1514.8581155,6,2,3,0,21,53.0,68.155
1514.888339,1,2,6,1,59,58.0,282.629
1514.888366,5,2,3,0,32,50.0,68.131
1515.0203355,3,1,2,0,1,46.0,0.0
1515.020343,1,4,8,0,17,53.0,153.89
1515.0203475,6,11,5,1,54,53.0,173.74
1515.02035,5,12,9,1,61,55.0,301.857
1515.059317,1,3,3,0,14,56.0,233.124
1515.1226585,3,1,1,0,4,49.0,18.325
1515.1226995,6,1,2,0,1,46.0,0.0
1515.218666,1,1,4,0,67,47.0,78.946
1515.218671,5,2,3,0,25,52.0,71.335
1515.236766,1,2,3,0,3,63.0,231.553
1515.2395145,6,2,4,1,28,61.0,422.519
1515.268,1,6,3,0,7,49.0,42.837
1515.2722985,6,1,1,0,1,45.0,0.0
1515.3517675,6,1,1,0,1,45.0,0.0
1515.361732,1,2,3,0,2,51.0,54.975
1515.3735405,6,1,2,0,4,55.0,42.819
1515.3767795,6,1,2,0,4,54.0,30.77
1515.4106935,6,2,1,0,3,49.0,32.445
1516.056979,5,12,3,0,13,52.0,115.675
1516.0944025,6,1,1,0,1,45.0,0.0
1516.1185135,6,1,1,0,1,45.0,0.0
1516.249349,1,1,2,0,1,47.0,0.0
1516.24936,5,1,4,0,4,52.0,13.316
1516.2493635,6,1,1,0,1,45.0,0.0
1516.293687,1,2,1,0,3,49.0,15.112
1516.337161,1,1,1,0,1,50.0,0.0
1516.396138,1,1,1,0,1,45.0,0.0
1516.4413585,6,1,1,0,5,48.0,14.081
1516.530177,1,1,1,0,1,45.0,0.0
1516.6313455,6,1,2,0,1,47.0,0.0
1516.9887285,6,2,5,0,25,61.0,322.12
1516.989664,1,12,26,9,185,62.0,3550.0
1516.9896645,3,7,25,8,239,61.0,2552.0
1516.989666,2,1,25,10,253,61.0,2938.0
1516.989675,5,42,18,4,111,56.0,970.178
1516.9896765,6,35,31,8,249,58.0,1753.0
1517.0387775,6,1,1,0,1,45.0,0.0
1517.065273,1,1,1,0,1,45.0,0.0
1517.069417,1,2,9,2,64,61.0,902.527
1517.0786275,6,1,1,0,1,46.0,0.0
1517.085406,1,15,30,12,226,65.0,5617.0
1517.0854095,3,10,29,10,239,63.0,3916.0
1517.08541,2,6,29,12,228,62.0,4354.0
1517.0854175,6,32,35,10,273,60.0,2753.0
1517.085422,5,23,19,5,131,58.0,1511.0
1517.181284,2,5,22,10,227,60.0,2898.0
1517.181285,1,12,27,9,213,63.0,3608.0
1517.1812865,3,13,24,8,238,61.0,2539.0
1517.181296,5,42,18,4,111,56.0,971.728
1517.1812975,6,35,31,8,246,59.0,1760.0
1517.187924,5,1,1,0,1,49.0,0.0
1517.277103,1,15,31,12,223,65.0,5601.0
1517.277105,2,8,30,13,259,62.0,4501.0
1517.2771065,3,10,29,10,242,63.0,3922.0
1517.2771175,6,36,35,10,250,60.0,2718.0
1517.277133,5,26,20,5,117,58.0,1504.0
1517.2838515,6,2,1,0,3,46.0,8.507
1517.293668,5,2,1,0,2,45.0,3.241
1517.3732,1,15,28,10,219,63.0,3663.0
1517.373202,2,8,23,8,170,60.0,2640.0
1517.3732035,3,10,25,8,239,61.0,2572.0
1517.3732185,6,25,30,7,180,59.0,1689.0
1517.373233,5,6,16,4,92,57.0,917.236
1517.3821975,3,5,11,2,109,61.0,636.311
1517.382202,1,33,18,5,159,61.0,1507.0
1517.382208,5,37,18,3,85,59.0,1025.0
1517.3822105,6,1,14,2,94,57.0,486.274
1517.382214,2,12,12,6,124,63.0,2413.0
1517.4126775,6,1,1,0,1,48.0,0.0
1517.468939,1,15,29,12,226,64.0,5630.0
1517.4689425,3,10,29,10,242,63.0,3913.0
1517.468943,2,9,30,13,250,63.0,4569.0
1517.468952,5,26,20,5,134,58.0,1540.0
1517.4689535,6,32,36,10,270,60.0,2759.0
1517.502966,1,1,1,0,1,45.0,0.0
1517.535334,1,1,2,0,1,50.0,0.0
1517.564686,1,15,27,10,219,63.0,3675.0
1517.5646895,3,10,27,8,235,62.0,2599.0
1517.56469,2,9,25,9,218,61.0,2739.0
1517.5647045,6,28,30,7,196,58.0,1682.0
1517.564718,5,7,17,4,93,56.0,911.66
1517.568834,1,2,1,0,2,45.0,4.179
1517.639057,1,2,9,3,59,65.0,2041.0
1517.659135,1,3,4,0,14,56.0,167.391
1517.660505,1,15,30,12,219,65.0,5606.0
1517.660507,2,11,28,13,259,62.0,4533.0
1517.6605085,3,10,30,10,239,63.0,3904.0
1517.6605165,6,35,37,10,253,60.0,2740.0
1517.660521,5,23,20,5,112,58.0,1481.0
1517.707722,1,1,1,0,1,45.0,0.0
1517.7100555,6,2,4,0,17,61.0,582.334
1517.710082,5,7,2,0,8,52.0,50.262
1517.744501,1,2,3,0,7,57.0,130.304
1517.75784,1,3,4,0,7,54.0,127.257
1517.777008,2,1,1,0,1,50.0,0.0
1517.788175,1,3,19,10,161,75.0,13337.0
1517.8039015,3,1,1,0,1,46.0,0.0
1517.813337,1,2,1,0,2,45.0,7.169
1517.816744,1,2,7,2,43,65.0,1336.0
1517.8374305,6,1,1,0,1,46.0,0.0
1517.861713,1,1,1,0,1,46.0,0.0
1517.874094,1,2,1,0,3,55.0,43.426
1517.876535,1,2,1,0,5,50.0,33.027
1517.936357,1,3,15,3,109,63.0,1189.0
1517.9363795,6,5,6,1,43,60.0,398.545
1517.9363815,3,1,3,0,87,48.0,81.643
1517.936385,5,1,10,1,71,50.0,205.36
1517.961833,1,2,1,0,2,45.0,8.402
1517.9632645,6,1,1,0,1,47.0,0.0
1518.027639,1,2,12,2,42,65.0,1325.0
1518.205189,1,2,3,0,2,53.0,34.589
1518.215034,5,14,30,9,181,63.0,3384.0
1518.2150345,6,2,21,4,168,58.0,1141.0
1518.215037,4,2,3,0,41,50.0,93.525
1518.21504,2,30,25,10,178,65.0,4500.0
1518.2150415,3,1,11,2,109,58.0,426.521
1518.215043,1,22,24,7,180,60.0,2186.0
1518.217949,1,1,1,0,1,45.0,0.0
1518.28318,1,2,2,0,3,46.0,7.46
1518.299251,1,2,2,0,3,53.0,28.157
1518.3355765,6,1,1,0,1,45.0,0.0
1518.3647965,6,1,2,0,4,49.0,16.941
1518.3891805,6,2,1,0,2,45.0,13.8
1518.434153,1,2,1,0,2,48.0,6.886
1518.44492,1,1,5,0,33,48.0,77.278
1518.4449395,6,1,2,0,5,48.0,13.795
1518.445585,1,2,1,0,3,45.0,7.629
1519.071784,2,2,2,0,2,53.0,31.093
1519.071798,5,43,8,1,52,53.0,320.741
1519.071827,1,1,4,0,4,49.0,10.418
1519.0850955,3,1,2,0,4,50.0,18.921
1519.2922445,6,1,1,0,1,45.0,0.0
1519.326539,1,2,1,0,3,45.0,8.067
1519.522861,1,1,1,0,1,47.0,0.0
1519.7415495,3,1,1,0,1,47.0,0.0
1519.7817425,6,1,1,0,1,48.0,0.0
1519.7988375,6,1,1,0,1,45.0,0.0
1519.8335585,3,1,1,0,1,45.0,0.0
1519.8335685,6,1,3,0,1,48.0,0.0
1519.836581,2,3,15,7,149,68.0,4521.0
1519.836589,5,1,14,2,86,54.0,457.226
1519.8604835,3,1,1,0,1,45.0,0.0
1519.9423645,6,1,2,0,4,47.0,9.357
1519.9641335,6,1,1,0,1,45.0,0.0
1519.965771,2,1,1,0,1,50.0,0.0
1520.0217325,3,1,2,0,8,51.0,29.403
1520.021735,1,19,8,1,51,55.0,275.553
1520.0217685,6,1,4,0,31,49.0,88.06
1520.032493,1,15,26,10,219,63.0,3628.0
1520.0324965,3,10,24,7,157,61.0,2402.0
1520.032497,2,9,25,9,222,61.0,2819.0
1520.0325075,6,32,31,8,247,58.0,1838.0
1520.032509,5,23,17,4,105,56.0,963.348
1520.057694,5,2,2,0,4,49.0,19.74
1520.128502,1,15,29,12,219,64.0,5552.0
1520.1285055,3,10,30,11,284,64.0,3917.0
1520.128506,2,9,28,13,254,63.0,4565.0
1520.128515,5,26,20,6,223,58.0,1615.0
1520.1285165,6,32,37,10,274,60.0,2859.0
1520.170491,1,2,7,0,20,58.0,221.894
1520.170512,5,12,3,0,13,48.0,43.776
1520.1705135,6,2,1,0,2,45.0,3.324
1520.224363,1,15,27,9,167,63.0,3570.0
1520.2243665,3,4,26,8,236,61.0,2527.0
1520.224367,2,6,24,10,258,60.0,3040.0
1520.2243815,6,32,31,7,184,58.0,1750.0
1520.224396,5,23,17,4,111,57.0,951.671
1520.255258,1,2,1,0,3,48.0,10.523
1520.278706,5,36,7,0,39,51.0,154.619
1520.2787275,6,1,3,0,17,49.0,38.937
1520.27873,1,3,3,0,4,49.0,21.967
1520.320401,1,13,29,12,217,64.0,5472.0
1520.3204025,3,10,31,10,239,63.0,3891.0
1520.320403,2,9,29,13,264,63.0,4600.0
1520.320412,5,26,21,6,223,57.0,1602.0
1520.3204135,6,32,37,10,271,60.0,2866.0
1520.416167,1,15,27,9,167,63.0,3571.0
1520.4161705,3,10,24,8,236,61.0,2522.0
1520.416171,2,6,25,10,261,60.0,3094.0
1520.4161855,6,32,31,7,184,58.0,1751.0
1520.4162,5,23,16,4,92,57.0,934.796
1520.4414225,6,2,3,0,16,54.0,96.483
1520.44614,1,2,29,24,254,81.0,58207.0
1520.446173,5,3,5,1,64,55.0,270.506
1520.4461795,6,2,3,0,6,53.0,56.037
1520.446211,2,1,3,0,1,50.0,0.0
1520.497331,5,2,1,0,2,45.0,4.305
1520.511888,1,6,30,12,217,64.0,5465.0
1520.5118895,3,6,30,10,239,64.0,3875.0
1520.51189,2,9,30,13,257,63.0,4558.0
1520.511895,5,30,21,6,227,57.0,1622.0
1520.5119005,6,32,38,10,271,60.0,2870.0
1520.5243375,6,2,3,1,24,65.0,676.508
1520.531976,1,2,1,0,5,52.0,52.456
1520.561251,1,2,3,0,5,52.0,53.438
1520.576633,1,2,10,3,64,65.0,2365.0
1520.607749,1,6,27,9,217,62.0,3574.0
1520.6077505,3,6,24,8,194,62.0,2481.0
1520.607751,2,1,24,9,222,61.0,2830.0
1520.6077615,6,32,31,7,184,58.0,1749.0
1520.607763,5,23,18,4,105,56.0,975.003
1520.611121,1,1,1,0,1,47.0,0.0
1520.680779,1,2,1,0,2,45.0,5.064
1520.703587,1,15,29,12,219,65.0,5539.0
1520.7035905,3,10,30,10,236,63.0,3874.0
1520.703591,2,9,29,13,264,63.0,4541.0
1520.7036015,6,32,36,10,247,60.0,2853.0
1520.703603,5,40,21,5,106,58.0,1466.0
1520.748544,5,1,3,0,1,50.0,0.0
1520.777416,1,1,1,0,1,50.0,0.0
1520.802535,5,2,13,2,91,58.0,675.494
1520.8025355,3,2,6,1,87,56.0,240.57
1520.802542,2,1,10,3,104,57.0,729.065
1520.802543,1,6,8,1,67,51.0,189.208
1520.8025505,6,2,10,2,68,55.0,441.037
1520.805738,2,1,3,0,6,55.0,74.548
1520.860412,1,1,2,0,1,49.0,0.0
1520.8671715,6,1,2,0,1,53.0,0.0
1520.9126265,6,1,1,0,1,45.0,0.0
1520.9336545,6,1,1,0,1,46.0,0.0
1520.940711,1,3,3,0,4,49.0,22.586
1520.9407375,6,1,1,0,1,45.0,0.0
1520.9549925,6,1,1,0,4,52.0,20.649
1520.99553,1,2,10,1,49,63.0,494.864
1520.9955475,3,1,1,0,1,46.0,0.0
1520.995558,5,2,3,0,2,50.0,9.877
1520.9955635,6,1,4,0,39,48.0,83.851
1521.0274395,6,6,16,3,141,59.0,778.468
1521.0274465,3,1,7,0,30,48.0,61.863
1521.027447,1,9,13,2,114,56.0,505.193
1521.027448,5,63,23,6,121,57.0,1837.0
1521.027461,2,8,11,5,101,63.0,2201.0
1521.027499,4,1,2,0,1,47.0,0.0
1521.163411,5,2,1,0,2,45.0,3.813
1521.259332,2,2,2,0,4,53.0,70.922
1521.2593435,6,1,6,0,26,52.0,78.825
1521.259353,5,1,9,1,64,51.0,199.417
1521.259358,1,2,3,0,3,53.0,31.319
1521.3297935,3,1,1,0,1,45.0,0.0
1521.329807,5,1,1,0,1,45.0,0.0
1521.329816,1,1,1,0,1,45.0,0.0
1521.3298375,6,1,1,0,1,45.0,0.0
1521.332206,1,2,4,0,24,55.0,179.394
1521.346076,1,2,4,0,39,54.0,163.203
1521.361231,1,2,1,0,4,47.0,25.15
1521.36234,1,2,1,0,2,45.0,3.435
1521.376694,1,6,6,1,41,60.0,609.309
1521.378595,1,4,2,0,5,51.0,41.764
1521.400763,1,1,1,0,1,46.0,0.0
1521.413749,1,1,2,0,7,56.0,88.032
1521.4437885,3,2,1,0,4,55.0,62.239
1522.191185,1,1,1,0,1,49.0,0.0
1522.3746955,6,1,1,0,1,45.0,0.0
1522.417969,1,2,1,0,2,47.0,5.064
1522.4786525,6,1,1,0,1,45.0,0.0
1522.506826,1,1,1,0,1,45.0,0.0
1522.611724,1,1,2,0,1,45.0,0.0
1522.793475,1,2,1,0,2,45.0,8.535
1522.8321345,6,2,2,0,2,48.0,16.717
1523.060221,5,2,6,0,12,55.0,223.263
1523.0602295,6,1,4,0,20,50.0,68.437
1523.060275,1,2,2,0,3,47.0,11.667
1523.065985,2,5,25,10,232,62.0,3167.0
1523.065986,1,6,26,9,217,62.0,3575.0
1523.0659875,3,6,23,8,194,61.0,2480.0
1523.065997,5,23,18,5,220,56.0,1085.0
1523.0659985,6,32,32,8,227,57.0,1922.0
1523.0736655,6,2,1,0,2,45.0,4.562
1523.162535,1,15,30,12,223,65.0,5592.0
1523.162537,2,8,30,13,254,62.0,4699.0
1523.1625385,3,10,27,10,198,63.0,3808.0
1523.1625465,6,39,35,10,234,60.0,2957.0
1523.162551,5,40,22,7,224,59.0,1645.0
1523.258597,1,9,26,9,217,62.0,3595.0
1523.2585985,3,6,24,8,218,61.0,2487.0
1523.258599,2,1,24,9,226,61.0,2894.0
1523.2586095,6,32,31,8,227,57.0,1916.0
1523.258627,5,4,20,4,140,56.0,973.738
1523.270049,5,3,5,0,16,56.0,282.753
1523.2772585,6,1,1,0,4,50.0,21.143
1523.2772955,3,1,1,0,1,47.0,0.0
1523.2853975,6,2,2,0,10,58.0,166.979
1523.342883,5,5,1,0,6,52.0,55.268
1523.355463,1,15,31,12,220,64.0,5586.0
1523.355465,2,8,29,13,267,62.0,4670.0
1523.3554665,3,7,28,10,219,63.0,3864.0
1523.355477,5,23,25,7,226,58.0,1673.0
1523.3554785,6,32,37,11,272,59.0,3014.0
1523.382588,1,2,1,0,3,54.0,34.191
1523.451229,1,15,28,10,220,63.0,3666.0
1523.451231,2,8,23,9,225,61.0,2943.0
1523.4512325,3,10,22,8,195,61.0,2479.0
1523.4512475,6,32,31,8,212,58.0,1892.0
1523.451262,5,23,19,4,146,57.0,1003.0
1523.5142665,6,1,1,0,1,45.0,0.0
1523.547009,1,15,31,12,220,64.0,5590.0
1523.547011,2,8,29,13,264,62.0,4765.0
1523.5470125,3,11,28,10,198,63.0,3805.0
1523.547019,5,27,26,7,227,58.0,1691.0
1523.5470245,6,35,36,10,227,59.0,2954.0
1523.642855,1,15,27,9,196,63.0,3629.0
1523.642857,2,11,25,11,264,61.0,3386.0
1523.6428585,3,10,24,8,191,62.0,2457.0
1523.642868,5,43,19,5,227,57.0,1104.0
1523.6428735,6,1,32,7,212,58.0,1889.0
1523.705176,5,6,41,14,269,67.0,5532.0
1523.705182,1,54,35,11,298,59.0,2964.0
1523.705184,4,4,5,1,62,56.0,260.25
1523.7051845,6,3,37,13,270,66.0,6050.0
1523.705187,2,16,32,15,206,66.0,8318.0
1523.7051895,3,12,19,7,204,59.0,1755.0
1523.738701,1,15,31,12,220,64.0,5621.0
1523.7387045,3,10,27,10,198,63.0,3797.0
1523.738705,2,9,27,13,258,63.0,4609.0
1523.7387155,6,32,35,11,276,59.0,3036.0
1523.738717,5,40,23,7,221,58.0,1641.0
1523.775385,5,1,1,0,1,48.0,0.0
1523.797606,1,2,1,0,3,47.0,8.871
1523.8628745,6,1,14,2,107,56.0,389.832
1523.862877,1,42,10,1,61,52.0,243.035
1523.862888,5,3,10,2,71,54.0,447.733
1523.8628885,3,5,3,0,14,53.0,116.414
1523.9034215,6,1,1,0,1,49.0,0.0
1523.909605,1,1,4,0,28,49.0,54.446
1523.928796,1,1,4,0,7,50.0,35.407
1523.9288065,3,1,1,0,1,48.0,0.0
1523.9288095,6,1,4,0,13,50.0,41.92
1523.931473,1,1,1,0,1,47.0,0.0
1523.981514,1,2,3,0,7,51.0,56.188
1523.985084,1,38,15,3,111,56.0,852.375
1523.9850885,3,2,5,0,21,54.0,166.758
1523.985094,2,2,8,2,84,54.0,445.06
1523.9850975,6,53,7,1,62,53.0,186.35
1523.985106,5,6,10,2,73,59.0,711.925
1524.092282,1,2,2,0,7,53.0,84.309
1524.148034,1,2,1,0,3,50.0,14.275
1524.1600625,3,2,1,0,2,45.0,8.535
1524.161757,1,2,5,0,35,58.0,226.647
1524.184783,1,2,1,0,3,48.0,9.134
1524.185355,1,2,8,3,64,67.0,2020.0
1524.185858,5,2,1,0,6,49.0,43.49
1524.2006985,6,1,1,0,1,45.0,0.0
1524.201136,5,2,1,0,2,48.0,3.213
1524.239232,1,2,3,0,8,58.0,164.377
1524.350163,1,195,10,1,198,56.0,213.19
1524.353571,1,4,5,1,37,56.0,252.085
1524.354526,1,1,1,0,1,45.0,0.0
1524.360043,1,4,40,86,420,91.0,671235.0
1524.360059,2,7,27,13,164,67.0,8449.0
1524.3600605,3,13,25,7,198,65.0,2774.0
1524.36007,5,36,29,8,210,62.0,2959.0
1524.3600795,6,2,25,6,152,63.0,2224.0
1524.376654,1,2,10,3,61,67.0,2310.0
1524.39211,1,3,4,0,32,54.0,185.381
1524.431449,5,2,1,0,2,51.0,16.967
1524.46167,1,2,4,1,41,60.0,499.111
1524.504026,1,2,2,0,9,58.0,130.112
1524.535146,1,3,3,0,38,55.0,164.745
1524.561959,5,2,7,1,105,58.0,278.763
1524.56198,1,1,1,0,1,45.0,0.0
1524.5619815,6,1,3,0,13,54.0,62.241
1524.5619905,3,1,1,0,1,45.0,0.0
1524.562005,2,2,1,0,3,51.0,24.937
1525.2256625,6,1,1,0,1,48.0,0.0
1525.248456,5,2,7,2,22,65.0,1506.0
1525.310704,5,4,4,0,15,54.0,186.257
1525.344879,1,3,2,0,6,50.0,38.686
1525.3522105,6,1,1,0,1,45.0,0.0
1525.4364875,6,1,2,0,1,48.0,0.0
1525.473981,5,2,4,0,8,54.0,133.479
1525.5028595,6,1,2,0,1,47.0,0.0
1525.523378,1,1,1,0,10,49.0,25.901
1525.6688965,6,1,4,0,10,48.0,29.552
1525.6689,5,22,5,0,23,53.0,79.943
1525.7662735,6,1,2,0,5,48.0,16.104
1525.7679065,6,1,1,0,1,45.0,0.0
1525.7679225,3,1,1,0,1,45.0,0.0
1525.7967045,6,1,2,0,1,47.0,0.0
1526.11987,1,15,30,10,220,63.0,3663.0
1526.119903,5,1,21,4,146,57.0,1036.0
1526.1402425,3,5,19,6,198,60.0,1686.0
1526.140246,1,23,33,16,299,69.0,10518.0
1526.140246,5,30,45,17,189,68.0,10402.0
1526.140248,2,8,30,16,198,71.0,10734.0
1526.140252,4,2,6,1,82,49.0,195.689
1526.1402565,6,15,27,9,179,61.0,3473.0
1526.1943825,6,1,2,0,4,50.0,18.606
1526.212549,5,4,2,0,5,50.0,26.533
1526.216737,1,13,32,12,214,64.0,5491.0
1526.2167385,3,6,25,10,198,63.0,3801.0
1526.216739,2,9,27,12,262,63.0,4438.0
1526.216748,5,43,22,7,224,59.0,1741.0
1526.2167495,6,32,34,10,219,59.0,2973.0
1526.241774,5,4,4,0,5,48.0,24.485
1526.268962,1,2,4,0,28,56.0,135.218
1526.2689665,3,1,2,0,4,50.0,20.149
1526.2689905,6,1,4,0,7,52.0,40.268
1526.2831065,6,3,2,0,4,48.0,15.694
1526.283108,5,1,1,0,1,46.0,0.0
1526.3040645,6,1,2,0,4,51.0,28.322
1526.309581,1,2,5,0,10,55.0,216.706
1526.312809,2,5,23,9,226,60.0,2956.0
1526.31281,1,9,29,10,214,62.0,3602.0
1526.3128115,3,6,24,8,198,61.0,2470.0
1526.312821,5,26,20,5,169,57.0,1093.0
1526.3128225,6,121,31,8,222,57.0,1956.0
1526.3638315,6,2,1,0,2,45.0,9.125
1526.3708775,6,2,2,0,7,56.0,112.169
1526.409671,1,15,35,13,251,64.0,5626.0
1526.409673,2,8,28,12,229,62.0,4334.0
1526.4096745,3,11,27,10,199,63.0,3813.0
1526.409685,5,57,25,7,224,58.0,1734.0
1526.4096865,6,121,34,10,228,59.0,3014.0
1526.423422,5,1,1,0,1,45.0,0.0
1526.4234255,6,2,2,0,13,53.0,45.11
1526.4415075,6,1,4,0,23,59.0,203.498
1526.443276,1,2,2,0,2,54.0,35.401
1526.486652,5,3,5,0,13,51.0,78.18
1526.4866585,6,2,2,0,11,52.0,70.141
1526.5010345,6,1,2,0,4,45.0,8.48
1526.50104,1,2,4,0,10,50.0,38.889
1526.505422,1,9,29,10,214,62.0,3583.0
1526.5054235,3,6,23,8,195,61.0,2479.0
1526.505424,2,12,22,9,223,61.0,2805.0
1526.505433,5,43,20,5,166,56.0,1076.0
1526.5054345,6,121,31,8,222,57.0,1961.0
1526.508337,5,2,6,0,17,55.0,134.336
1526.5083415,6,2,3,0,44,49.0,91.691
1526.508369,1,11,6,1,100,49.0,135.902
1526.5093685,6,1,3,0,52,50.0,78.076
1526.509377,5,2,4,0,34,50.0,75.476
1526.524127,1,2,1,0,2,45.0,4.4
1526.543954,2,2,8,2,54,60.0,1031.0
1526.543973,1,1,4,0,12,52.0,45.163
1526.544018,5,2,3,0,6,47.0,21.192
1526.5440285,6,1,2,0,6,47.0,11.749
1526.551373,5,5,2,0,6,53.0,77.131
1526.5603125,3,1,3,0,10,51.0,65.812
1526.5603175,6,5,7,1,50,55.0,243.216
1526.560346,1,2,4,0,36,48.0,58.335
1526.5733045,6,1,1,0,1,48.0,0.0
1526.596018,1,1,1,0,1,49.0,0.0
1526.601187,1,6,34,12,214,64.0,5477.0
1526.6011885,3,6,27,10,198,64.0,3783.0
1526.601189,2,1,26,12,262,62.0,4410.0
1526.601198,5,43,23,7,224,58.0,1752.0
1526.6011995,6,32,34,10,219,59.0,2973.0
1526.646601,1,1,1,0,1,45.0,0.0
1526.670839,1,1,10,1,40,55.0,251.755
1526.6708535,3,1,2,0,7,51.0,36.932
1526.696937,1,13,30,9,156,62.0,3501.0
1526.6969385,3,10,23,8,198,62.0,2469.0
1526.696939,2,9,21,9,227,61.0,2848.0
1526.6969495,6,29,30,8,211,57.0,1926.0
1526.696951,5,40,20,5,163,57.0,1078.0
1526.7144055,6,1,1,0,11,48.0,18.674
1526.714414,5,2,2,0,3,53.0,18.157
1526.7144175,3,1,1,0,1,45.0,0.0
1526.776071,1,2,1,0,3,47.0,9.387
1526.7883965,6,2,6,1,30,62.0,570.964
1526.78843,1,1,2,0,1,48.0,0.0
1526.793597,1,12,34,13,251,64.0,5630.0
1526.793599,2,5,24,11,229,62.0,4276.0
1526.7936015,3,10,26,10,198,63.0,3789.0
1526.793611,5,57,25,7,224,58.0,1746.0
1526.7936125,6,32,34,10,225,59.0,3003.0
1526.797756,5,2,1,0,2,51.0,10.264
1526.8193205,6,2,3,0,8,59.0,226.44
1526.8379295,6,2,4,1,25,62.0,568.509
1526.837952,5,1,2,0,26,46.0,30.689
1526.837966,1,1,2,0,6,50.0,22.174
1526.8379795,3,1,1,0,1,45.0,0.0
1526.888058,1,2,1,0,3,50.0,14.249
1526.8904565,6,1,3,0,1,55.0,0.0
1526.987721,1,3,3,0,30,51.0,70.711
1527.00362,1,1,1,0,1,45.0,0.0
1527.007606,1,1,1,0,1,45.0,0.0
1527.026332,1,1,1,0,6,48.0,13.809
1527.098214,1,2,7,1,44,59.0,440.161
1527.118765,5,2,4,0,6,57.0,126.452
1527.158257,1,2,1,0,3,45.0,8.051
1527.1791335,6,2,2,0,6,54.0,64.113
1527.185262,5,2,4,1,38,53.0,183.599
1527.1852785,6,11,2,0,14,51.0,89.057
1527.283188,1,2,3,0,8,59.0,145.302
1527.306833,1,2,3,0,2,51.0,15.493
1527.3185175,3,1,4,1,76,53.0,139.036
1527.318524,2,2,10,2,45,65.0,1210.0
1527.318528,1,11,18,4,130,63.0,1423.0
1527.3185295,6,1,12,2,105,54.0,430.695
1527.31853,5,2,12,2,99,58.0,497.375
1527.348489,1,2,2,0,2,48.0,10.659
1527.3556505,3,1,3,0,16,52.0,58.192
1527.355657,2,2,8,1,30,62.0,727.177
1527.355664,5,2,6,1,42,54.0,209.882
1527.3556655,6,2,11,2,90,52.0,294.4
1527.355668,1,3,13,3,120,63.0,940.678
1527.4022,1,1,1,0,1,47.0,0.0
1527.4318495,6,1,1,0,1,47.0,0.0
1527.460778,5,6,4,0,7,51.0,62.342
1527.4684435,6,1,1,0,1,45.0,0.0
1527.484794,1,6,11,4,63,67.0,3642.0
1527.542065,1,1,1,0,1,45.0,0.0
1527.602785,5,1,1,0,1,45.0,0.0
1527.664064,1,1,2,0,1,47.0,0.0
1527.666174,5,1,7,1,28,57.0,485.221
1528.247199,5,6,14,2,69,56.0,429.029
1528.2472095,6,1,4,1,85,47.0,88.414
1528.280728,5,6,11,2,87,56.0,478.107
1528.280736,1,1,6,0,1,48.0,0.0
1528.2807445,3,1,5,0,13,49.0,45.294
1528.2815185,6,1,3,0,7,46.0,13.821
1528.343232,1,2,13,4,114,64.0,1963.0
1528.3432575,6,2,4,0,6,59.0,135.25
1528.343259,5,27,12,1,79,53.0,189.62
1528.3510905,6,2,1,0,2,46.0,14.547
1528.367369,1,2,1,0,5,49.0,32.154
1528.461513,1,1,1,0,1,45.0,0.0
1528.4987375,6,18,13,4,192,60.0,762.707
1528.498738,5,26,21,4,139,54.0,676.163
1528.4987545,3,13,8,2,104,55.0,335.602
1528.515421,1,1,1,0,1,45.0,0.0
1528.541675,5,2,7,2,30,60.0,970.792
1528.549951,5,1,3,0,1,51.0,0.0
1528.644258,2,1,1,0,1,50.0,0.0
1528.659813,1,5,17,9,142,71.0,8891.0
1528.6803105,6,2,1,0,2,45.0,5.52
1528.7253415,3,2,1,0,2,45.0,6.222
1528.739865,5,1,6,1,43,54.0,159.993
1528.832449,1,1,2,0,1,47.0,0.0
1528.897788,1,6,9,2,41,63.0,1291.0
1528.9098725,6,1,1,0,1,45.0,0.0
1528.922401,5,2,16,3,94,55.0,583.716
1528.922435,2,1,1,0,1,53.0,0.0
1528.922447,1,2,1,0,3,48.0,11.308
1528.9322595,6,1,2,0,1,48.0,0.0
1528.9322865,3,1,1,0,1,45.0,0.0
1529.0137795,6,2,2,0,2,48.0,13.857
1529.0415725,3,1,1,0,1,45.0,0.0
1529.0917025,3,1,1,0,1,45.0,0.0
1529.124676,1,1,2,0,1,49.0,0.0
1529.130848,1,2,1,0,3,48.0,10.281
1529.161403,5,3,3,0,7,52.0,77.263
1529.182975,5,7,6,1,21,58.0,462.365
1529.188148,1,3,12,4,64,67.0,3459.0
1529.18909,1,3,35,27,171,83.0,83440.0
1529.189127,5,1,8,1,71,54.0,251.407
1529.195573,1,1,2,0,1,49.0,0.0
1529.203908,1,13,30,9,156,62.0,3395.0
1529.203922,5,40,22,5,160,57.0,1107.0
1529.250318,5,3,4,0,14,48.0,63.935
1529.2503345,6,1,3,0,52,52.0,76.31
1529.2503365,3,1,2,0,1,47.0,0.0
1529.300736,1,15,36,12,217,64.0,5498.0
1529.300738,2,8,21,10,165,62.0,4117.0
1529.3007395,3,7,28,10,199,63.0,3766.0
1529.30075,5,57,31,7,218,59.0,1843.0
1529.3007515,6,32,36,10,229,59.0,3019.0
1529.326724,1,48,5,1,51,49.0,115.942
1529.3267425,3,2,1,0,3,45.0,6.996
1529.3267445,6,1,3,0,26,47.0,42.69
1529.32675,5,1,6,1,56,49.0,138.491
1529.3268,2,1,2,0,1,51.0,0.0
1529.391477,1,1,10,2,100,54.0,277.432
1529.391477,5,14,13,2,101,55.0,513.339
1529.39149,2,6,4,0,11,56.0,189.813
1529.3915025,6,2,4,1,65,49.0,103.557
1529.39689,1,9,30,9,161,62.0,3430.0
1529.3968915,3,6,25,8,195,61.0,2445.0
1529.396892,2,1,19,7,152,61.0,2496.0
1529.396901,5,43,23,6,209,58.0,1193.0
1529.3969025,6,32,31,8,223,57.0,1860.0
1529.442228,2,1,2,0,1,54.0,0.0
1529.4422305,3,1,1,0,4,49.0,15.246
1529.4422365,6,1,3,1,71,49.0,91.63
1529.442239,1,11,8,1,38,55.0,221.358
1529.442241,5,2,2,0,10,46.0,30.351
1529.472427,2,1,2,0,1,52.0,0.0
1529.489499,1,4,3,0,9,57.0,265.286
1529.492606,1,15,34,13,251,64.0,5428.0
1529.4926095,3,10,27,10,199,64.0,3762.0
1529.49261,2,9,23,10,196,62.0,4127.0
1529.4926205,6,122,35,10,230,59.0,2880.0
1529.492622,5,40,28,7,222,59.0,1815.0
1529.5019035,6,1,1,0,1,46.0,0.0
1529.501929,5,2,2,0,2,50.0,4.826
1529.523331,1,1,1,0,1,45.0,0.0
1529.55998,5,16,6,0,19,53.0,188.028
1529.58841,1,15,30,9,194,62.0,3503.0
1529.5884135,3,10,24,8,195,62.0,2459.0
1529.588414,2,9,19,7,159,61.0,2530.0
1529.5884245,6,122,31,7,212,57.0,1807.0
1529.588426,5,1,22,5,206,57.0,1169.0
1529.6273395,6,1,2,0,7,49.0,18.439
1529.6471815,6,1,1,0,1,45.0,0.0
1529.656238,5,2,2,0,3,48.0,10.179
1529.658076,1,1,1,0,1,46.0,0.0
1529.684123,1,15,35,13,251,64.0,5436.0
1529.6841265,3,10,29,10,199,63.0,3755.0
1529.684127,2,9,23,9,159,63.0,3784.0
1529.6841375,6,122,34,10,230,59.0,2845.0
1529.684139,5,1,29,7,222,59.0,1828.0
1529.755769,1,1,1,0,1,47.0,0.0
1529.779982,1,15,31,9,194,62.0,3517.0
1529.7799855,3,10,24,8,195,61.0,2434.0
1529.779986,2,9,18,7,156,60.0,2447.0
1529.779995,5,58,23,5,197,57.0,1160.0
1529.7800005,6,118,30,8,223,57.0,1856.0
1529.7905365,6,2,1,0,3,48.0,16.151
1529.8367535,6,1,1,0,1,45.0,0.0
1529.875847,1,15,35,13,290,64.0,5469.0
1529.875849,2,8,21,9,165,63.0,4091.0
1529.8758505,3,10,28,10,199,63.0,3776.0
1529.875857,5,61,31,7,222,58.0,1837.0
1529.8758625,6,35,35,10,263,58.0,2887.0
1529.8810655,3,1,1,0,1,45.0,0.0
1529.8821155,3,1,1,0,1,45.0,0.0
1529.89925,5,2,1,0,2,47.0,11.01
1529.922999,1,5,23,17,129,79.0,44719.0
1529.92302,2,2,4,0,3,56.0,52.405
1529.9230235,3,2,3,0,11,56.0,146.164
1529.923034,5,2,7,0,32,56.0,186.893
1529.9230365,6,2,5,0,42,54.0,83.893
1529.953084,5,2,2,0,2,49.0,20.948
1529.981779,5,3,12,2,91,54.0,474.775
1529.9817865,3,1,2,0,4,49.0,7.725
1529.9817895,6,11,8,2,92,59.0,578.859
1529.981809,1,3,9,1,66,51.0,224.34
1529.981828,2,1,5,1,34,54.0,189.434
1530.000058,1,1,1,0,1,45.0,0.0
1530.072564,1,2,1,0,3,47.0,13.295
1530.1531955,6,2,1,0,3,48.0,9.017
1530.1588815,6,1,1,0,1,45.0,0.0
1530.191337,5,2,1,0,2,45.0,7.499
1530.193104,5,2,1,0,2,47.0,4.179
1530.194076,1,2,5,0,3,53.0,36.805
1530.194097,5,1,2,0,1,47.0,0.0
1530.232949,1,2,4,0,35,56.0,164.338
1530.234308,1,1,3,0,1,52.0,0.0
1530.2576855,6,2,1,0,3,46.0,7.46
1530.273656,1,4,1,0,5,48.0,40.646
1530.3104315,6,4,2,0,5,55.0,94.297
1530.364983,1,2,1,0,3,56.0,55.511
1530.393168,1,2,1,0,3,49.0,14.19
1530.427327,1,4,3,0,37,53.0,169.84
1530.537788,5,1,1,0,1,49.0,0.0
1530.5631145,3,1,1,0,1,45.0,0.0
1530.563132,1,1,1,0,1,48.0,0.0
1530.5971475,6,1,1,0,5,47.0,13.653
1530.612729,1,4,4,0,39,57.0,215.138
1530.62708,1,1,2,0,1,50.0,0.0
1530.680415,5,1,3,0,1,52.0,0.0
1530.6982185,6,2,1,0,2,45.0,7.374
1530.7112255,6,1,1,0,1,45.0,0.0
1530.7189365,6,1,2,0,1,47.0,0.0
1530.7738795,6,1,3,0,6,55.0,54.963
1530.799819,1,2,1,0,2,45.0,3.435
1530.8077365,6,1,1,0,1,46.0,0.0
1531.395479,5,5,6,1,40,55.0,182.028
1531.3955075,3,1,1,0,5,47.0,11.452
1531.4295525,6,1,1,0,1,45.0,0.0
1531.4405465,3,1,7,1,117,49.0,169.056
1531.440567,5,1,7,2,77,54.0,356.51
1531.449693,5,8,6,1,23,56.0,306.263
1531.4497075,3,1,2,0,9,50.0,38.424
1531.461289,1,2,14,3,95,62.0,1031.0
1531.461306,5,2,5,1,53,53.0,166.591
1531.519583,5,1,4,0,28,54.0,149.572
1531.542005,1,1,2,0,1,50.0,0.0
1531.549248,1,1,1,0,1,45.0,0.0
1531.579609,1,3,10,3,64,64.0,2186.0
1531.625361,1,1,1,0,1,47.0,0.0
1531.6394335,6,2,1,0,2,45.0,4.562
1531.6497335,3,1,2,0,1,45.0,0.0
1531.649745,5,2,9,1,42,52.0,203.374
1531.760001,5,2,3,0,6,55.0,83.084
1531.788523,1,1,2,0,1,47.0,0.0
1531.7955,1,6,6,0,7,50.0,36.108
1531.839256,1,1,1,0,1,45.0,0.0
1531.8527235,3,3,5,1,106,55.0,266.049
1531.852745,5,14,18,3,116,57.0,765.986
1531.8587565,6,1,2,0,1,47.0,0.0
1531.8625295,6,1,1,0,1,45.0,0.0
1531.8922875,3,1,1,0,1,45.0,0.0
1531.897278,5,5,3,0,8,52.0,67.796
1531.8978535,6,1,1,0,1,45.0,0.0
1531.9240695,6,1,1,0,1,45.0,0.0
1531.936936,5,2,5,0,18,55.0,161.782
1531.952879,5,2,7,1,17,57.0,353.128
1531.9528995,6,2,2,0,2,48.0,13.574
1532.018823,1,1,1,0,1,45.0,0.0
1532.0748655,6,1,1,0,1,46.0,0.0
1532.1260215,3,1,1,0,1,45.0,0.0
1532.132959,1,1,1,0,1,48.0,0.0
1532.244502,5,2,10,1,93,56.0,290.259
1532.244563,1,1,2,0,1,48.0,0.0
1532.260333,5,3,4,0,11,57.0,244.098
1532.319498,5,5,44,12,411,58.0,2738.0
1532.319506,1,195,47,13,397,62.0,3777.0
1532.363952,1,1,1,0,1,45.0,0.0
1532.415735,1,15,36,12,294,63.0,4934.0
1532.415737,2,8,21,9,162,62.0,3822.0
1532.4157385,3,3,28,10,200,63.0,3656.0
1532.415749,5,43,28,7,212,58.0,1832.0
1532.4157505,6,32,38,9,230,58.0,2509.0
1532.438743,5,2,3,0,19,55.0,74.228
1532.438746,1,21,4,0,25,52.0,125.034
1532.4387715,6,1,4,0,4,49.0,10.481
1532.455686,5,19,6,0,22,51.0,131.768
1532.4557075,6,1,1,0,1,45.0,0.0
1532.459449,5,2,3,1,66,49.0,132.076
1532.4594515,3,1,1,0,1,45.0,0.0
1532.459462,1,1,4,0,1,50.0,0.0
1532.4594735,6,1,3,0,1,49.0,0.0
1532.459476,2,2,3,0,3,55.0,48.39
1532.4761045,6,3,3,0,13,55.0,266.205
1532.4811705,6,1,1,0,1,45.0,0.0
1532.488955,1,1,5,0,23,54.0,80.127
1532.4889625,3,1,3,0,14,51.0,86.486
1532.4889745,6,1,4,0,41,51.0,85.92
1532.488991,5,2,4,0,18,49.0,44.658
1532.5116,1,13,30,9,212,62.0,3084.0
1532.5116015,3,10,25,8,196,62.0,2388.0
1532.511602,2,9,16,7,146,61.0,2304.0
1532.511614,5,1,25,6,207,57.0,1194.0
1532.5116165,6,32,33,7,220,56.0,1605.0
1532.5207415,6,9,9,2,40,65.0,2571.0
1532.520771,5,9,7,1,25,53.0,217.323
1532.5207835,3,1,1,0,1,46.0,0.0
1532.520811,1,1,2,0,1,47.0,0.0
1532.5749175,6,1,1,0,1,45.0,0.0
1532.5758,5,1,9,1,87,52.0,135.999
1532.5758015,3,1,5,0,11,54.0,117.271
1532.575806,1,51,10,1,91,52.0,216.202
1532.5758125,6,6,5,1,23,60.0,508.548
1532.575831,2,1,3,0,1,52.0,0.0
1532.586364,1,1,1,0,1,48.0,0.0
1532.593139,1,1,1,0,1,45.0,0.0
1532.594251,1,4,3,0,37,55.0,266.944
1532.607642,1,12,35,12,294,63.0,4899.0
1532.607644,2,8,20,9,158,62.0,3900.0
1532.6076455,3,7,27,10,200,63.0,3663.0
1532.607656,5,43,29,7,209,59.0,1816.0
1532.6076575,6,119,38,10,255,58.0,2537.0
1532.614112,1,2,4,0,5,57.0,93.43
1532.649508,1,2,3,0,3,48.0,13.351
1532.703432,1,15,30,8,167,62.0,3061.0
1532.7034355,3,10,25,8,196,62.0,2380.0
1532.703436,2,6,17,7,153,60.0,2312.0
1532.7034545,6,28,28,7,223,56.0,1578.0
1532.703465,5,1,24,5,190,56.0,1149.0
1532.705254,5,2,3,0,16,50.0,63.783
1532.721588,5,1,4,0,1,50.0,0.0
1532.7374025,3,2,2,0,3,51.0,18.593
1532.737413,5,5,6,2,88,57.0,492.028
1532.737415,1,1,8,0,22,56.0,245.503
1532.7374235,6,1,11,1,59,54.0,238.814
1532.760137,1,2,6,1,37,62.0,997.095
1532.763771,1,4,2,0,5,51.0,50.105
1532.7802225,3,1,2,0,5,48.0,19.451
1532.799129,1,12,36,12,294,63.0,4830.0
1532.799132,2,8,21,9,157,62.0,3833.0
1532.7991325,3,7,27,10,200,63.0,3651.0
1532.799143,5,43,29,7,209,59.0,1828.0
1532.7991445,6,32,38,10,252,58.0,2490.0
1532.804666,1,2,1,0,3,45.0,6.705
1532.8296185,6,1,1,0,1,45.0,0.0
1532.837936,1,1,2,0,1,50.0,0.0
1532.844959,5,1,1,0,1,45.0,0.0
1532.894965,1,13,30,8,162,62.0,2959.0
1532.8949665,3,10,25,8,196,62.0,2358.0
1532.894967,2,9,17,7,159,61.0,2490.0
1532.8949775,6,36,32,7,231,57.0,1579.0
1532.894979,5,55,25,5,207,56.0,1179.0
1532.9016995,6,1,3,0,14,55.0,92.052
1532.901721,1,1,2,0,1,49.0,0.0
1532.934079,5,4,4,0,16,52.0,157.542
1532.990822,1,6,34,12,252,63.0,4643.0
1532.9908235,3,6,28,10,199,63.0,3642.0
1532.990824,2,9,19,9,159,63.0,3801.0
1532.990833,5,43,30,7,219,59.0,1838.0
1532.9908345,6,119,38,9,231,58.0,2424.0
1533.0106025,6,1,1,0,1,45.0,0.0
1533.0158715,6,1,2,0,4,48.0,12.244
1533.0159055,3,1,1,0,1,45.0,0.0
1533.0365295,6,1,4,0,7,53.0,50.941
1533.0479395,6,2,2,1,21,58.0,383.633
1533.06145,5,8,9,1,24,53.0,283.478
1533.100641,5,2,2,0,4,47.0,15.972
1533.11681,5,2,1,0,2,46.0,5.664
1533.1335455,6,2,2,0,5,55.0,67.508
1533.141449,2,1,1,0,1,50.0,0.0
1533.144612,1,2,16,3,118,61.0,1167.0
1533.1446155,3,20,6,1,40,58.0,451.923
1533.1446155,6,58,16,2,101,55.0,515.973
1533.144628,5,2,13,3,119,55.0,591.905
1533.144636,2,2,7,1,45,58.0,514.646
1533.1779285,6,2,1,0,3,48.0,16.955
1533.211606,2,14,4,1,35,55.0,327.625
1533.211606,1,6,6,0,39,51.0,115.429
1533.2116455,6,1,3,0,35,48.0,47.065
1533.256918,1,2,9,4,76,69.0,2800.0
1533.26376,5,3,1,0,4,46.0,17.628
1533.272329,1,2,4,0,10,50.0,54.483
1533.2797865,6,1,1,0,1,46.0,0.0
1533.285668,1,2,2,0,3,50.0,18.569
1533.3061345,6,4,5,1,25,58.0,320.875
1533.306173,5,2,3,0,11,49.0,43.804
1533.35465,5,4,22,6,148,61.0,2078.0
1533.3546525,6,14,21,6,191,65.0,1847.0
1533.354659,2,1,16,7,166,62.0,2085.0
1533.354661,1,68,22,4,163,58.0,793.428
1533.3546655,3,1,9,2,151,53.0,378.225
1533.357598,1,1,9,1,50,58.0,539.095
1533.3576195,6,1,2,0,8,48.0,20.043
1533.3652085,6,1,1,0,5,50.0,17.79
1533.416066,1,2,1,0,17,59.0,208.548
1533.4451085,6,2,1,0,6,53.0,38.91
1533.472904,5,2,1,0,2,47.0,8.008
1533.557294,1,1,4,0,41,51.0,100.533
1533.5622025,6,3,2,0,12,59.0,204.008
1533.58117,1,2,2,0,3,52.0,24.777
1533.6340835,6,1,2,0,8,48.0,12.27
1533.634138,1,1,1,0,1,45.0,0.0
1533.703697,1,2,2,0,5,54.0,67.916
1533.7086435,6,2,3,0,16,51.0,60.679
1533.710085,1,1,2,0,1,50.0,0.0
1533.7269465,6,2,3,0,19,61.0,474.827
1533.730426,1,3,3,0,4,51.0,26.543
1533.799198,1,1,1,0,1,47.0,0.0
1533.812591,5,1,1,0,1,47.0,0.0
1533.8429435,6,1,3,0,1,48.0,0.0
1533.8429455,3,1,2,0,8,49.0,26.668
1533.885579,5,2,5,0,6,55.0,94.17
1533.924482,1,1,1,0,1,47.0,0.0
1533.9449665,6,1,1,0,1,48.0,0.0
1533.9737705,6,1,1,0,5,57.0,86.913
1534.018075,5,1,5,0,6,56.0,79.973
1534.0180985,6,2,4,0,7,48.0,23.077
1534.6149415,3,7,2,0,9,52.0,67.046
1534.6150205,6,1,1,0,1,45.0,0.0
1534.6528855,6,1,1,0,1,45.0,0.0
1534.65712,1,1,2,0,4,46.0,10.793
1534.7016975,3,1,1,0,1,45.0,0.0
1534.736467,1,2,13,4,118,67.0,2389.0
1534.7453535,3,4,2,0,10,52.0,46.443
1534.745371,1,1,1,0,1,48.0,0.0
1534.7453885,6,1,1,0,1,46.0,0.0
1534.810395,5,12,14,2,61,58.0,693.163
1534.816121,5,6,11,2,75,56.0,705.739
1534.8161525,6,2,2,0,2,47.0,4.305
1534.8195875,6,1,2,0,1,46.0,0.0
1534.835329,1,1,1,0,1,46.0,0.0
1534.839179,1,1,7,1,82,50.0,204.868
1534.8392025,3,3,5,0,26,53.0,144.64
1534.8653785,6,1,1,0,1,45.0,0.0
1534.866169,5,4,21,8,138,68.0,6652.0
1534.8661925,3,1,8,1,124,52.0,218.563
1534.868153,5,2,4,0,19,52.0,115.042
1534.9082095,6,1,2,0,1,46.0,0.0
1534.9199675,6,1,1,0,1,45.0,0.0
1534.9322405,6,1,1,0,1,46.0,0.0
1534.936694,1,1,1,0,1,47.0,0.0
1534.9464345,6,1,2,0,1,47.0,0.0
1534.96933,1,2,1,0,3,47.0,9.267
1534.984573,1,4,7,2,39,64.0,1246.0
1534.992127,1,1,6,1,17,62.0,745.728
1535.0788985,6,1,1,0,1,45.0,0.0
1535.0845865,3,2,4,0,37,50.0,75.327
1535.084597,5,1,7,0,34,51.0,80.063
1535.169601,1,1,2,0,1,45.0,0.0
1535.1749205,6,1,1,0,1,45.0,0.0
1535.202303,1,4,2,0,5,49.0,24.793
1535.218098,1,1,1,0,1,46.0,0.0
1535.218991,5,2,1,0,30,53.0,78.815
1535.227949,5,12,20,7,170,66.0,3741.0
1535.2279635,6,13,14,4,122,63.0,1305.0
1535.2279755,3,1,8,1,83,54.0,245.088
1535.2607435,6,1,1,0,1,45.0,0.0
1535.275923,1,1,3,0,36,49.0,64.9
1535.275936,2,1,3,0,1,51.0,0.0
1535.310539,1,1,2,0,1,48.0,0.0
1535.3521965,6,1,1,0,7,46.0,11.859
1535.374035,1,2,2,0,37,48.0,46.765
1535.4549165,6,1,1,0,1,45.0,0.0
1535.467661,5,2,5,0,6,54.0,78.064
1535.492914,5,55,24,4,146,57.0,1023.0
1535.498835,1,1,1,0,1,46.0,0.0
1535.5262265,6,1,2,0,1,48.0,0.0
1535.5598915,6,2,1,0,2,45.0,3.665
1535.574766,1,1,1,0,1,48.0,0.0
1535.587951,5,3,1,0,4,45.0,10.715
1535.589766,1,15,33,11,292,63.0,4132.0
1535.589768,2,8,26,10,182,62.0,4045.0
1535.5897695,3,10,27,10,215,63.0,3518.0
1535.5897775,6,36,36,9,254,58.0,2129.0
1535.5898,5,23,26,6,187,59.0,1652.0
1535.595014,1,2,1,0,3,46.0,8.067
1535.618233,5,2,2,0,4,45.0,11.989
1535.6602255,6,2,4,0,16,56.0,159.421
1535.680684,5,7,7,1,18,62.0,1516.0
1535.685513,1,9,28,8,247,61.0,2648.0
1535.6855135,3,7,25,7,197,61.0,2285.0
1535.685515,2,2,17,6,131,60.0,2386.0
1535.685524,5,43,23,5,161,57.0,1111.0
1535.6855255,6,32,28,7,231,56.0,1359.0
1535.687562,5,5,3,0,6,50.0,34.086
1535.761563,5,2,1,0,3,51.0,23.127
1535.781331,1,15,34,11,292,63.0,4070.0
1535.7813345,3,10,27,9,196,64.0,3459.0
1535.781335,2,9,22,9,159,62.0,3781.0
1535.7813455,6,36,36,9,303,58.0,2151.0
1535.781347,5,41,26,6,205,58.0,1665.0
1535.838076,1,2,2,0,3,51.0,25.926
1535.859161,2,2,3,2,64,58.0,549.97
1535.8591695,3,1,3,0,4,50.0,8.339
1535.8591905,6,1,4,0,1,47.0,0.0
1535.859191,1,1,4,0,4,52.0,23.886
1535.859195,5,1,3,0,29,52.0,65.908
1535.864682,1,1,1,0,1,45.0,0.0
1535.8768285,6,2,2,0,3,49.0,15.605
1535.877152,1,12,29,8,250,61.0,2586.0
1535.8771555,3,4,24,7,193,62.0,2246.0
1535.877156,2,1,19,6,132,61.0,2311.0
1535.877166,5,43,23,4,154,57.0,1023.0
1535.8773505,6,1,8,1,61,49.0,137.723
1535.9274,1,2,4,0,35,58.0,181.456
1535.928598,1,3,31,17,174,78.0,29633.0
1535.928623,2,1,6,1,36,56.0,343.203
1535.9286235,3,1,3,0,6,54.0,56.26
1535.928638,5,1,4,0,13,50.0,38.155
1535.9286395,6,7,2,0,8,51.0,40.807
1535.929315,1,2,4,0,10,56.0,145.603
1535.93454,1,2,3,0,3,52.0,21.067
1535.963182,1,3,3,0,5,47.0,32.043
1535.973004,1,15,35,11,292,63.0,4015.0
1535.9730075,3,10,27,10,215,64.0,3489.0
1535.973008,2,9,22,9,162,62.0,3774.0
1535.9730155,6,39,37,8,241,58.0,2063.0
1535.97302,5,41,26,6,205,59.0,1652.0
1535.980746,1,2,4,0,42,57.0,164.766
1535.986018,5,11,5,0,18,54.0,196.425
1535.9860215,3,1,2,0,4,52.0,28.608
1535.986027,1,1,3,0,1,48.0,0.0
1535.9860405,6,2,3,0,32,50.0,70.088
1536.006509,5,2,2,0,7,52.0,40.431
1536.006522,1,2,3,0,9,53.0,47.122
1536.0065265,6,2,4,0,5,51.0,26.065
1536.00989,5,3,3,0,7,55.0,128.488
1536.0099185,6,13,2,0,14,48.0,33.985
1536.009943,1,1,2,0,1,48.0,0.0
1536.016017,1,2,5,0,11,56.0,158.454
1536.0419825,6,1,1,0,1,50.0,0.0
1536.066284,2,4,25,13,206,65.0,5885.0
1536.066285,1,12,31,9,242,63.0,2884.0
1536.066299,5,29,36,11,172,65.0,5104.0
1536.0662995,3,1,15,4,164,59.0,1098.0
1536.0663065,6,2,27,7,192,60.0,1877.0
1536.066314,4,1,2,0,46,49.0,87.912
1536.069061,1,6,29,8,250,61.0,2505.0
1536.0690625,3,6,25,7,196,61.0,2247.0
1536.069063,2,2,20,9,236,61.0,2721.0
1536.069072,5,1,24,5,154,57.0,1024.0
1536.0690735,6,32,28,7,244,56.0,1346.0
1536.084423,1,1,1,0,1,48.0,0.0
1536.103412,1,2,3,0,30,47.0,44.762
1536.1435365,3,1,1,0,1,45.0,0.0
1536.1435375,6,1,2,0,7,49.0,28.741
1536.143543,1,1,3,0,22,49.0,60.591
1536.166344,1,3,81,138,679,95.0,1404000.0
1536.166359,2,23,29,15,153,69.0,10923.0
1536.1663605,3,9,56,19,576,64.0,6580.0
1536.166367,5,24,59,18,579,65.0,5181.0
1536.1663755,6,3,59,20,682,65.0,6054.0
1536.1695505,6,3,1,0,4,48.0,33.492
1536.1726905,6,2,1,0,4,49.0,32.647
1536.174937,1,2,1,0,3,46.0,10.263
1536.1966275,6,2,2,0,3,56.0,59.573
1536.2109375,6,1,2,0,1,48.0,0.0
1536.2128335,6,1,1,0,1,45.0,0.0
1536.249444,5,2,5,0,6,53.0,88.022
1536.2528305,6,1,1,0,1,45.0,0.0
1536.266638,5,1,1,0,1,47.0,0.0
1536.2666395,6,1,1,0,1,46.0,0.0
1536.27991,1,2,4,0,10,52.0,106.482
1536.2799165,3,1,2,0,5,50.0,22.378
1536.2799905,6,1,2,0,1,46.0,0.0
1536.293474,1,3,2,0,9,51.0,81.141
1536.301824,5,3,17,4,91,60.0,1474.0
1536.3018445,6,9,9,1,25,58.0,373.878
1536.3018595,3,1,2,0,1,47.0,0.0
1536.311116,5,2,2,0,7,56.0,67.004
1536.346791,1,1,2,0,35,47.0,34.613
1536.4209115,6,1,1,0,1,45.0,0.0
1536.443595,5,8,5,1,33,57.0,442.864
1536.4436105,6,6,5,1,37,57.0,594.925
1536.45617,5,8,4,1,87,50.0,150.616
1536.4561745,3,2,1,0,5,47.0,12.338
1536.459895,1,7,19,8,137,67.0,5734.0
1536.4666345,6,1,1,0,1,45.0,0.0
1536.4716165,6,1,1,0,1,45.0,0.0
1536.507897,5,1,1,0,1,47.0,0.0
1536.5210755,6,1,3,0,11,55.0,159.359
1536.552384,1,3,17,5,148,68.0,2758.0
1536.5523975,3,2,9,2,94,52.0,281.793
1536.552406,2,1,7,2,47,58.0,624.313
1536.55241,5,3,6,0,24,55.0,141.042
1536.5524135,6,1,14,3,100,56.0,627.257
1536.561975,1,2,1,0,3,50.0,20.044
1536.563465,1,4,3,0,5,53.0,86.256
1536.567223,1,2,1,0,3,50.0,20.921
1536.574746,1,2,1,0,3,50.0,20.162
1536.5762465,6,1,1,0,1,45.0,0.0
1536.5774685,6,1,1,0,1,47.0,0.0
1536.5898535,6,1,1,0,1,46.0,0.0
1536.5908005,3,1,1,0,1,45.0,0.0
1536.599037,5,13,8,1,22,55.0,308.568
1536.5990455,6,1,1,0,1,45.0,0.0
1536.610534,5,1,11,1,56,57.0,360.747
1536.610543,2,2,7,1,56,55.0,400.653
1536.610553,1,1,8,1,31,56.0,294.485
1536.6105635,6,1,3,1,77,52.0,112.999
1536.640523,1,4,3,1,34,60.0,432.76
1536.660505,1,4,6,2,61,60.0,708.235
1536.668605,1,2,4,0,30,51.0,63.057
1536.677418,1,1,4,0,35,59.0,231.871
1536.682082,1,1,6,0,33,54.0,118.792
1536.6989995,6,1,1,0,1,45.0,0.0
1536.724505,5,2,3,0,2,48.0,7.88
1536.743983,5,1,3,0,17,53.0,94.307
1536.7440035,6,2,1,0,3,46.0,13.15
1536.795647,1,1,2,0,1,53.0,0.0
1536.802473,1,1,2,0,1,52.0,0.0
1536.826715,2,1,1,0,1,50.0,0.0
1536.839677,5,3,4,0,4,49.0,17.169
1536.8545905,6,2,1,0,3,50.0,17.119
1536.856709,1,1,1,0,1,45.0,0.0
1536.8567115,6,1,1,0,1,45.0,0.0
1536.8660045,6,1,1,0,1,45.0,0.0
1536.869411,1,2,3,0,35,57.0,172.553
1536.871708,1,3,3,0,37,49.0,88.3
1536.87812,1,2,2,0,7,47.0,26.698
1536.895822,5,1,4,0,38,52.0,130.121
1536.8958475,6,1,1,0,1,45.0,0.0
1536.90759,1,1,1,0,1,45.0,0.0
1536.9130085,6,2,2,0,11,55.0,72.803
1536.9305305,6,2,1,0,2,45.0,10.07
1536.955844,5,3,25,8,205,64.0,3177.0
1536.9558445,3,1,11,3,150,59.0,601.145
1536.955845,1,32,33,8,191,60.0,2522.0
1536.9558535,6,11,23,7,176,66.0,3075.0
1536.955859,2,23,17,8,197,63.0,2589.0
1536.995498,1,2,2,0,4,47.0,12.139
1537.000165,1,4,5,1,44,58.0,304.8
1537.018476,5,3,2,0,6,48.0,30.126
1537.052052,1,2,28,11,164,70.0,7660.0
1537.05206,2,37,15,5,87,61.0,1851.0
1537.0520645,3,3,13,3,114,58.0,649.82
1537.0520725,6,7,16,4,135,60.0,1002.0
1537.052077,5,30,22,4,131,56.0,1086.0
1537.052863,5,2,3,0,2,50.0,6.108
1537.0617095,6,1,1,0,1,45.0,0.0
1537.1078755,6,2,5,0,34,53.0,105.133
1537.107881,1,1,3,0,1,48.0,0.0
1537.107883,5,1,10,1,82,51.0,188.504
1537.1078865,3,1,1,0,1,45.0,0.0
1537.120426,1,1,1,0,1,45.0,0.0
1537.1250645,6,1,1,0,1,45.0,0.0
1537.1339885,6,1,2,0,10,56.0,98.61
1537.134015,1,1,3,0,1,47.0,0.0
1537.780471,1,1,1,0,1,47.0,0.0
1537.824641,5,4,15,2,65,59.0,730.167
1537.8246435,3,1,4,0,12,50.0,57.137
1537.899503,1,1,1,0,1,45.0,0.0
1537.913815,5,2,5,0,6,54.0,85.181
1537.9396075,6,1,2,0,8,48.0,31.137
1537.939613,5,2,7,1,84,51.0,251.26
1538.0816515,6,1,1,0,1,46.0,0.0
1538.116915,5,8,6,1,42,57.0,425.576
1538.1169445,6,2,1,0,2,45.0,9.263
1538.116962,2,1,2,0,1,52.0,0.0
1538.1701465,6,1,1,0,1,45.0,0.0
1538.211969,1,1,1,0,1,45.0,0.0
1538.2256935,6,5,19,4,138,59.0,1006.0
1538.225698,5,88,28,5,169,57.0,1178.0
1538.2257005,3,2,11,2,123,55.0,540.133
1538.255799,1,4,18,5,133,70.0,3413.0
1538.255831,5,22,7,1,42,56.0,327.085
1538.2791575,3,1,1,0,4,47.0,9.377
1538.3805685,6,1,1,0,4,47.0,10.175
1538.39654,1,1,1,0,1,49.0,0.0
1538.3969555,3,1,1,0,1,45.0,0.0
1538.426096,5,2,10,1,50,52.0,236.89
1538.426156,1,2,2,0,3,48.0,12.502
1538.552378,5,2,4,0,34,52.0,108.538
1538.5523815,3,1,1,0,1,47.0,0.0
1538.5977805,6,2,1,0,3,48.0,13.612
1538.6070115,3,1,1,0,1,45.0,0.0
1538.60702,1,1,3,0,15,50.0,49.019
1538.6070505,6,1,1,0,1,45.0,0.0
1538.6279045,6,2,1,0,3,48.0,14.505
1538.679684,5,19,17,4,130,57.0,913.304
1538.733367,2,1,1,0,1,50.0,0.0
1538.776504,2,36,28,12,243,62.0,4234.0
1538.776505,1,6,37,10,254,63.0,3284.0
1538.7765065,3,6,30,9,212,63.0,3389.0
1538.776512,5,1,23,5,162,57.0,1442.0
1538.7765175,6,1,33,8,242,58.0,2000.0
1538.7793215,6,2,1,0,3,49.0,12.108
1538.8325635,6,1,1,0,1,46.0,0.0
1538.837896,2,1,2,0,5,54.0,67.184
1538.837907,5,2,1,0,2,45.0,5.664
1538.8379345,6,1,2,0,4,47.0,9.735
1538.845191,1,2,5,0,2,50.0,10.264
1538.872342,2,5,20,7,135,60.0,2419.0
1538.872343,1,3,30,8,251,61.0,2130.0
1538.8723435,3,7,24,7,194,62.0,2186.0
1538.872354,5,1,19,3,103,57.0,843.888
1538.8723555,6,32,28,6,239,56.0,1296.0
1538.888413,1,1,1,0,1,47.0,0.0
1538.931623,1,4,11,3,52,67.0,3042.0
1538.9531435,6,2,4,0,14,55.0,113.496
1538.968379,2,36,29,12,246,63.0,4329.0
1538.96838,1,6,38,10,254,63.0,3255.0
1538.9683815,3,6,30,9,215,63.0,3366.0
1538.968387,5,1,23,6,233,58.0,1491.0
1538.9683925,6,54,32,8,246,58.0,2015.0
1538.9705615,6,1,1,0,1,45.0,0.0
1538.975947,5,4,4,0,17,52.0,148.063
1538.996022,1,1,1,0,1,48.0,0.0
1538.996033,5,4,2,0,5,47.0,21.246
1538.9989605,6,1,2,0,8,49.0,33.501
1539.010909,1,1,4,0,8,58.0,266.519
1539.0109395,6,1,1,0,1,45.0,0.0
1539.0455515,6,2,3,0,16,52.0,97.596
1539.0589595,6,2,4,0,23,57.0,253.219
1539.064129,1,8,31,8,251,61.0,2176.0
1539.0641325,3,10,24,7,190,61.0,2177.0
1539.064133,2,6,21,8,221,61.0,2586.0
1539.0641475,6,29,28,6,242,57.0,1307.0
1539.064163,5,23,19,3,80,57.0,773.085
1539.159867,1,8,36,10,251,63.0,3268.0
1539.1598705,3,10,29,9,239,63.0,3395.0
1539.159871,2,9,24,11,237,62.0,4193.0
1539.1598785,6,36,33,9,332,58.0,2098.0
1539.159883,5,41,23,5,155,59.0,1384.0
1539.1725665,6,2,3,0,5,54.0,87.999
1539.1861065,6,1,3,0,11,56.0,113.318
1539.186164,5,1,1,0,1,45.0,0.0
1539.1974925,6,2,2,0,14,55.0,98.345
1539.2293315,6,1,2,0,1,47.0,0.0
1539.2361105,6,2,5,0,21,55.0,135.305
1539.236116,1,1,4,0,1,48.0,0.0
1539.23612,5,4,5,0,17,50.0,70.331
1539.2361365,3,1,1,0,1,45.0,0.0
1539.25087,5,2,25,25,231,82.0,71221.0
1539.2508825,6,16,13,4,96,60.0,1333.0
1539.250898,2,37,7,2,48,59.0,615.756
1539.2508995,3,37,10,2,81,53.0,284.424
1539.250905,1,1,11,1,47,54.0,194.707
1539.255744,1,8,30,8,248,61.0,2137.0
1539.2557475,3,10,24,7,190,62.0,2151.0
1539.255748,2,9,20,7,135,61.0,2308.0
1539.2557625,6,29,27,6,242,56.0,1306.0
1539.255781,5,20,18,4,134,57.0,857.436
1539.2611125,6,2,10,3,138,62.0,788.261
1539.261136,5,14,12,1,51,54.0,418.268
1539.2611435,3,1,3,0,14,48.0,36.838
1539.261145,1,1,8,0,42,51.0,84.939
1539.2733505,6,1,3,0,1,47.0,0.0
1539.27337,5,1,4,0,4,48.0,14.186
1539.2907175,6,1,1,0,4,48.0,15.434
1539.3188655,3,2,1,0,47,47.0,40.472
1539.318874,2,2,3,0,2,52.0,11.835
1539.318875,5,2,11,1,64,53.0,251.619
1539.318879,1,1,4,0,43,51.0,62.305
1539.3188875,6,1,1,0,1,48.0,0.0
1539.327804,1,1,1,0,1,45.0,0.0
1539.352348,1,8,36,10,254,63.0,3259.0
1539.3523515,3,10,30,9,239,63.0,3427.0
1539.352352,2,9,24,11,234,63.0,4064.0
1539.3523625,6,33,31,8,246,58.0,2020.0
1539.352364,5,41,23,6,227,59.0,1448.0
1539.360073,1,2,1,0,2,50.0,35.765
1539.391814,1,1,1,0,1,45.0,0.0
1539.3988405,6,2,1,0,3,52.0,25.612
1539.422948,1,2,1,0,5,49.0,23.904
1539.4265465,6,1,6,2,29,67.0,1481.0
1539.4531035,6,1,1,0,1,45.0,0.0
1539.459542,1,2,9,4,64,71.0,3884.0
1539.4969035,6,1,2,0,1,47.0,0.0
1539.502585,5,2,7,1,68,57.0,305.374
1539.5026075,6,5,3,0,19,52.0,65.592
1539.502634,1,3,2,0,4,50.0,26.119
1539.5326365,6,2,2,0,8,53.0,54.731
1539.5356315,6,1,1,0,4,46.0,7.803
1539.5425285,6,1,4,1,21,61.0,450.51
1539.542541,5,1,10,1,47,53.0,224.291
1539.542554,1,1,3,0,1,49.0,0.0
1539.5425615,3,1,1,0,1,46.0,0.0
1539.543218,5,1,1,0,1,45.0,0.0
1539.5484865,6,1,1,0,1,45.0,0.0
1539.554131,5,17,21,5,130,59.0,1560.0
1539.5541465,6,5,13,2,89,58.0,586.691
1539.554148,1,1,8,2,114,51.0,234.416
1539.554155,2,1,6,1,60,55.0,315.4
1539.5541585,3,1,9,1,92,51.0,223.351
1539.55417,4,1,1,0,1,45.0,0.0
1539.557235,5,3,2,0,10,49.0,46.605
1539.5625255,6,2,1,0,4,54.0,36.985
1539.587552,1,2,3,0,8,54.0,76.859
1539.6012885,6,1,1,0,1,45.0,0.0
1539.6159705,6,2,3,0,17,58.0,254.822
1539.749832,5,1,2,0,1,53.0,0.0
1539.7565525,6,1,2,0,1,54.0,0.0
1539.760941,5,1,3,0,1,49.0,0.0
1539.7609685,6,1,2,0,139,51.0,58.754
1539.765798,5,1,1,0,1,48.0,0.0
1539.7824595,3,1,1,0,1,45.0,0.0
1539.7876895,6,1,1,0,1,45.0,0.0
1539.7885155,6,1,3,0,4,50.0,16.741
1539.788563,5,2,5,0,17,49.0,53.187
1539.788577,2,1,1,0,1,51.0,0.0
1539.7934775,6,1,2,0,7,55.0,81.721
1539.7988175,6,1,2,0,1,46.0,0.0
1539.8166915,6,2,2,0,7,55.0,71.51
1539.817638,1,2,1,0,33,48.0,38.964
1539.849248,5,5,6,1,16,57.0,435.547
1539.849255,1,10,8,1,79,51.0,207.202
1539.8492675,6,2,1,0,2,48.0,7.71
1539.851038,1,6,4,1,44,53.0,189.73
1539.869487,5,1,1,0,1,48.0,0.0
1539.900409,5,5,4,0,8,50.0,54.75
1539.924078,1,13,4,0,23,53.0,205.204
1539.931505,1,1,7,1,66,55.0,209.423
1539.931508,5,2,4,1,78,51.0,197.58
1539.931528,2,1,3,0,1,55.0,0.0
1539.9315405,6,1,3,0,41,47.0,58.551
1539.938361,1,1,3,0,1,50.0,0.0
1539.976649,2,1,6,0,4,58.0,92.94
1539.9766555,6,1,10,2,96,51.0,304.814
1539.976661,5,46,5,1,49,52.0,158.698
1539.976662,1,1,10,1,39,53.0,190.223
1539.981719,1,1,2,0,1,51.0,0.0
1539.9840795,6,1,1,0,1,45.0,0.0
1539.984081,5,2,2,0,2,48.0,3.813
1539.990021,5,1,1,0,4,53.0,28.999
1539.9900395,6,1,2,0,9,48.0,11.244
1540.010628,5,2,2,0,2,50.0,15.673
1540.02321,1,2,4,0,9,55.0,120.643
1540.02545,1,1,1,0,1,45.0,0.0
1540.0304995,6,2,1,0,2,47.0,7.667
1540.0361615,6,1,1,0,1,45.0,0.0
1540.0939655,6,1,1,0,1,48.0,0.0
1540.105886,1,2,1,0,2,51.0,7.71
1540.1058965,3,1,2,0,4,48.0,11.178
1540.1059125,6,1,2,0,4,50.0,13.039
1540.1106885,6,18,5,1,21,63.0,692.528
1540.1450315,6,1,3,0,17,56.0,92.104
1540.145838,5,2,4,0,6,50.0,43.147
1540.1585855,6,2,4,1,24,62.0,452.12
1540.2333525,6,1,2,0,1,46.0,0.0
1540.242038,1,6,8,1,79,51.0,171.995
1540.2420395,3,1,5,0,21,53.0,176.361
1540.2420425,6,1,8,1,94,52.0,172.14
1540.242061,5,2,3,0,2,48.0,5.237
1540.244895,1,7,40,19,241,75.0,19300.0
1540.244896,2,38,27,13,230,63.0,5890.0
1540.244905,5,27,35,11,229,62.0,4574.0
1540.2449095,3,15,17,4,169,59.0,890.711
1540.2449185,6,2,26,8,195,65.0,3097.0
1540.244941,4,1,3,0,1,50.0,0.0
1540.2801565,3,1,1,0,4,46.0,9.936
1540.280158,5,2,1,0,3,48.0,12.451
1540.301234,5,3,3,0,20,50.0,68.3
1540.301284,1,1,1,0,1,45.0,0.0
1540.3101035,6,1,1,0,1,45.0,0.0
1540.900285,5,1,3,0,1,51.0,0.0
1540.9106865,3,2,4,0,14,54.0,120.752
1540.910701,1,1,1,0,1,45.0,0.0
1540.913568,5,2,15,2,69,54.0,435.202
1540.9438025,6,1,1,0,1,45.0,0.0
1540.9494015,6,1,1,0,4,47.0,9.584
1540.9510825,6,1,1,0,1,45.0,0.0
1540.962376,1,3,15,4,92,69.0,3122.0
1540.9671715,6,8,7,1,24,60.0,639.121
1540.972973,1,1,1,0,1,47.0,0.0
1541.0161235,6,1,1,0,1,46.0,0.0
1541.0265655,6,1,1,0,1,45.0,0.0
1541.0832955,3,1,1,0,1,45.0,0.0
1541.1191465,6,1,1,0,1,45.0,0.0
1541.1215305,6,1,4,1,24,63.0,526.436
1541.124415,1,2,1,0,3,49.0,16.499
1541.142252,5,17,18,5,111,63.0,2256.0
1541.1422615,6,8,10,3,54,65.0,1868.0
1541.1422805,3,2,3,0,5,53.0,36.248
1541.1469495,6,1,1,0,1,48.0,0.0
1541.1539965,6,1,1,0,1,45.0,0.0
1541.2131025,6,1,1,0,1,45.0,0.0
1541.2182155,6,1,2,0,1,48.0,0.0
1541.280617,1,2,1,0,2,45.0,3.352
1541.3571595,6,1,1,0,1,45.0,0.0
1541.3726465,6,1,1,0,1,45.0,0.0
1541.373724,2,1,2,0,1,51.0,0.0
1541.398401,1,1,1,0,1,45.0,0.0
1541.403381,5,5,7,0,15,55.0,211.802
1541.4732095,6,1,2,0,1,46.0,0.0
1541.473243,1,2,1,0,2,48.0,7.169
1541.473997,1,1,1,0,1,45.0,0.0
1541.4851375,6,1,2,0,1,45.0,0.0
1541.5159025,6,1,1,0,1,45.0,0.0
1541.5184435,6,1,2,0,1,45.0,0.0
1541.5219195,6,1,1,0,1,47.0,0.0
1541.5921225,6,1,1,0,1,48.0,0.0
1541.6171525,6,2,2,0,2,47.0,5.098
1541.6434135,3,1,1,0,1,45.0,0.0
1541.651014,1,4,7,2,61,63.0,1292.0
1541.661776,1,1,1,0,1,49.0,0.0
1541.6634725,6,1,1,0,1,45.0,0.0
1541.665691,5,21,21,8,134,64.0,4103.0
1541.6657025,6,10,14,4,116,60.0,1173.0
1541.6657205,3,2,4,0,8,54.0,80.046
1541.683426,5,6,7,1,38,58.0,337.631
1541.6834465,6,2,2,0,2,47.0,8.226
1541.687442,1,1,2,0,22,48.0,50.418
1541.714717,1,1,1,0,4,46.0,8.581
1541.7539705,3,1,1,0,1,45.0,0.0
1541.791469,2,2,3,0,2,51.0,20.878
1541.850842,5,3,6,0,6,53.0,72.435
1541.872796,5,1,19,4,173,56.0,843.857
1541.9119585,3,1,6,1,81,53.0,181.057
1541.911966,2,2,8,2,59,63.0,1146.0
1541.9119705,6,1,15,3,103,54.0,554.151
1541.911971,5,28,13,3,115,56.0,708.685
1541.911975,1,5,15,3,128,62.0,1018.0
1541.916637,1,5,19,12,142,75.0,18698.0
1541.921751,1,2,13,5,64,70.0,5145.0
1541.9422605,6,2,5,1,19,59.0,452.448
1541.96852,1,8,37,9,252,63.0,2827.0
1541.968522,2,2,28,11,237,62.0,4214.0
1541.9685235,3,10,28,9,243,64.0,3399.0
1541.9685345,6,33,30,8,241,58.0,2175.0
1541.968536,5,1,25,6,234,57.0,1395.0
1541.971384,5,2,1,0,3,54.0,44.51
1541.985279,1,4,4,1,37,61.0,411.114
1542.0095105,6,1,1,0,1,45.0,0.0
1542.044571,5,20,13,2,108,57.0,509.472
1542.044577,2,1,5,0,19,59.0,287.099
1542.0445825,6,2,8,2,126,53.0,256.386
1542.044588,1,2,5,2,95,56.0,380.736
1542.0538455,6,2,1,0,3,49.0,13.742
1542.065395,2,12,22,9,214,60.0,2658.0
1542.065396,1,6,30,6,215,62.0,1686.0
1542.0653975,3,6,24,7,190,62.0,2160.0
1542.065407,5,44,21,3,94,57.0,723.598
1542.0654085,6,54,26,6,165,56.0,1344.0
1542.079993,5,2,9,2,56,59.0,619.4
1542.079995,2,1,8,1,21,56.0,307.466
1542.0799985,6,6,10,1,62,53.0,220.953
1542.080003,1,10,7,0,23,55.0,258.083
1542.116238,1,1,1,0,1,45.0,0.0
1542.1281775,6,1,1,0,1,45.0,0.0
1542.159095,1,3,10,2,49,62.0,783.962
1542.1591015,3,3,2,0,11,53.0,85.129
1542.159127,2,1,2,0,16,53.0,54.113
1542.1591425,6,2,4,0,8,49.0,32.728
1542.161155,1,8,35,9,246,63.0,2790.0
1542.1611585,3,10,28,9,243,64.0,3418.0
1542.161159,2,9,28,11,235,63.0,4036.0
1542.1611665,6,36,31,8,244,58.0,2163.0
1542.161171,5,24,27,6,231,58.0,1385.0
1542.1859635,3,1,1,0,1,45.0,0.0
1542.1883975,3,1,1,0,1,45.0,0.0
1542.1917445,6,1,1,0,1,45.0,0.0
1542.1987505,6,2,3,0,9,60.0,242.746
1542.2180085,3,6,10,1,66,55.0,274.285
1542.218011,5,35,24,6,157,61.0,2012.0
1542.2180155,6,4,13,3,151,56.0,748.988
1542.21802,2,7,12,5,149,59.0,1244.0
1542.218026,1,1,17,4,159,55.0,679.293
1542.21804,4,1,1,0,1,45.0,0.0
1542.226932,5,2,5,0,16,54.0,234.389
1542.2416725,6,1,3,0,4,52.0,25.319
1542.2539435,6,1,1,0,1,45.0,0.0
1542.256892,1,6,31,6,215,62.0,1684.0
1542.2568935,3,6,23,7,190,62.0,2206.0
1542.256894,2,1,21,7,145,60.0,2411.0
1542.256903,5,44,22,3,94,56.0,717.966
1542.2569045,6,54,26,6,165,57.0,1350.0
1542.272613,5,2,3,0,2,50.0,9.45
1542.272638,2,1,1,0,1,50.0,0.0
1542.303498,1,5,12,4,66,67.0,2829.0
1542.303743,5,5,14,2,72,58.0,704.525
1542.3037615,6,3,4,1,17,60.0,529.807
1542.317731,5,2,2,0,6,48.0,30.646
1542.317749,1,2,2,0,3,49.0,14.19
1542.327398,1,4,6,1,37,59.0,410.508
1542.343845,1,1,2,0,1,47.0,0.0
1542.349567,1,2,6,0,5,58.0,141.632
1542.3495805,6,2,1,0,2,46.0,6.07
1542.35279,1,1,37,9,255,63.0,2778.0
1542.352792,2,5,29,12,241,62.0,4077.0
1542.3527935,3,7,27,9,247,63.0,3436.0
1542.352804,5,44,27,6,227,58.0,1376.0
1542.3528055,6,54,32,8,244,59.0,2178.0
1542.3729805,6,2,6,0,13,55.0,94.61
1542.372994,5,2,2,0,2,50.0,14.315
1542.3730035,3,1,1,0,1,45.0,0.0
1542.37301,1,1,1,0,1,46.0,0.0
1542.382487,1,1,1,0,1,45.0,0.0
1542.38283,5,2,1,0,2,45.0,7.667
1542.391011,5,1,1,0,1,51.0,0.0
1542.432623,1,1,1,0,1,45.0,0.0
1542.433896,5,4,8,1,19,56.0,423.328
1542.4339145,6,1,1,0,1,45.0,0.0
1542.4377725,6,1,2,0,4,48.0,12.441
1542.4446285,3,1,1,0,1,45.0,0.0
1542.444633,1,2,8,0,36,54.0,147.256
1542.4446345,6,1,4,0,4,49.0,14.433
1542.448618,1,8,28,6,226,61.0,1800.0
1542.4486215,3,10,24,7,191,62.0,2215.0
1542.448622,2,9,22,7,145,61.0,2508.0
1542.4486365,6,29,24,6,165,56.0,1345.0
1542.448652,5,1,19,4,153,56.0,788.707
1542.467916,1,2,6,1,46,57.0,217.412
1542.5137545,6,1,2,0,9,55.0,64.678
1542.533344,1,12,9,1,35,58.0,328.799
1542.537082,1,2,36,39,222,83.0,157937.0
1542.5370995,3,1,6,0,24,52.0,107.283
1542.537116,2,2,7,3,90,58.0,722.851
1542.537121,5,4,12,2,83,57.0,465.984
1542.5371295,6,2,5,0,35,53.0,147.637
1542.544671,1,6,37,9,255,63.0,2746.0
1542.5446745,3,7,28,9,247,63.0,3449.0
1542.544676,2,33,27,9,145,62.0,3595.0
1542.544681,5,48,28,6,234,57.0,1375.0
1542.5446865,6,54,31,8,244,59.0,2206.0
1542.5513215,6,1,2,0,13,50.0,25.703
1542.559864,1,2,12,3,53,67.0,2395.0
1542.5611995,6,1,3,0,20,49.0,45.646
1542.561202,5,5,2,0,6,50.0,33.804
1542.566393,5,2,11,2,66,60.0,772.846
1542.5664035,6,1,6,0,26,54.0,117.645
1542.566418,1,1,7,1,71,51.0,159.117
1542.5664455,3,1,2,0,11,48.0,31.396
1542.573827,1,2,9,2,47,58.0,791.281
1542.5738615,6,1,3,0,4,49.0,19.724
1542.5852335,6,1,1,0,1,45.0,0.0
1542.588912,5,2,2,0,6,49.0,34.408
1542.59575,5,12,6,0,15,55.0,260.983
1542.602308,1,1,2,0,1,51.0,0.0
1542.6120245,6,1,1,0,1,49.0,0.0
1542.644829,1,4,9,2,67,65.0,1391.0
1542.6587015,6,1,3,0,1,53.0,0.0
1542.662996,5,2,1,0,2,46.0,5.201
1542.673226,5,3,10,2,71,56.0,368.629
1542.6732285,6,1,4,0,34,48.0,47.517
1542.673236,1,2,7,1,61,49.0,128.59
1542.673252,2,1,3,0,35,55.0,173.224
1542.688649,1,2,2,0,3,53.0,30.904
1542.706433,5,1,1,0,1,46.0,0.0
1542.7321905,6,6,5,0,7,48.0,30.347
1542.732194,5,4,7,0,26,53.0,120.604
1542.732205,1,2,3,0,5,47.0,21.526
1542.7322155,3,2,1,0,2,45.0,4.025
1542.73223,2,1,1,0,1,50.0,0.0
1542.7646735,3,1,2,0,44,52.0,72.37
1542.764678,1,1,7,0,22,50.0,92.937
1542.764683,2,1,2,0,1,53.0,0.0
1542.764697,5,1,4,0,1,51.0,0.0
1542.7647165,6,1,3,0,9,51.0,40.263
1542.7921875,6,1,2,0,7,54.0,62.207
1542.79242,1,1,1,0,1,45.0,0.0
1542.813399,1,2,10,2,96,57.0,371.01
1542.819524,1,2,10,2,56,59.0,650.742
1542.8195485,3,1,1,0,1,45.0,0.0
1542.8195535,6,1,4,0,8,48.0,17.459
1542.8205755,6,1,2,0,1,52.0,0.0
1542.820584,5,2,1,0,2,45.0,6.26
1542.8383485,6,1,1,0,1,47.0,0.0
1542.851497,1,1,3,0,16,51.0,56.91
1542.8836635,6,1,1,0,1,45.0,0.0
1542.912729,1,1,11,1,47,57.0,292.898
1542.9127315,6,2,3,0,21,55.0,80.569
1542.912755,5,2,8,1,78,51.0,212.47
1542.9466925,6,1,2,0,7,48.0,17.98
1542.9779355,6,1,4,1,139,54.0,143.302
1542.982476,1,2,2,0,5,53.0,74.547
1543.019426,1,1,1,0,1,45.0,0.0
1543.0275635,6,2,3,0,17,57.0,346.601
1543.027603,5,2,1,0,3,49.0,13.351
1543.063565,5,3,3,0,4,48.0,15.921
1543.064584,1,1,3,0,1,50.0,0.0
1543.0656185,6,1,1,0,1,45.0,0.0
1543.1121505,6,1,2,0,1,49.0,0.0
1543.198793,1,1,13,2,91,53.0,385.411
1543.198801,2,1,8,2,65,56.0,404.486
1543.198802,5,1,11,2,125,57.0,391.765
1543.1988045,3,14,10,3,202,58.0,658.075
1543.1988065,6,2,18,4,141,58.0,981.39
1543.204957,5,2,8,1,44,62.0,776.952
1543.204968,1,2,5,0,35,50.0,94.861
1543.2049725,3,15,4,1,85,50.0,112.988
1543.2049775,6,2,10,2,111,55.0,315.01
1543.2109825,6,2,4,0,12,49.0,37.572
1543.210991,5,2,3,0,3,48.0,14.513
1543.2397045,6,2,1,0,3,50.0,30.515
1543.2589695,6,1,1,0,1,45.0,0.0
1543.2606015,3,2,1,0,3,49.0,22.615
1543.268987,1,2,1,0,3,49.0,15.12
1543.280162,5,2,3,0,23,52.0,104.505
1543.283427,5,3,9,0,17,54.0,187.295
1543.283453,1,3,1,0,4,48.0,15.24
1543.2853835,6,2,2,0,10,47.0,28.819
1543.2886565,6,1,7,0,21,57.0,155.163
1543.288657,1,2,5,0,25,50.0,53.775
1543.288665,5,2,4,1,76,52.0,190.466
1543.2915015,6,2,1,0,3,50.0,20.923
1543.3025915,6,1,1,0,1,45.0,0.0
1543.328396,1,1,4,0,38,53.0,155.914
1543.3284175,6,1,2,0,4,48.0,12.549
1543.328445,5,1,1,0,1,45.0,0.0
1543.3397505,3,1,1,0,1,45.0,0.0
1543.370198,1,3,3,0,9,58.0,193.941
1543.3718395,6,1,1,0,1,45.0,0.0
1543.371865,5,2,2,0,2,46.0,3.903
1543.3888065,6,2,1,0,2,47.0,5.377
1543.9629235,3,1,1,0,1,45.0,0.0
1543.963366,5,1,4,0,5,55.0,53.426
1544.0043745,6,2,2,0,3,47.0,16.257
1544.0125565,6,1,1,0,1,46.0,0.0
1544.0149105,3,1,1,0,5,49.0,18.304
1544.014931,1,1,2,0,1,47.0,0.0
1544.0229395,6,2,2,0,2,46.0,18.707
1544.025826,5,3,3,0,18,52.0,130.529
1544.0442645,6,1,2,0,4,47.0,11.01
1544.061637,1,2,2,0,12,49.0,42.45
1544.074823,5,4,6,1,28,61.0,565.343
1544.0748335,3,1,2,0,9,50.0,35.562
1544.074858,2,1,1,0,1,51.0,0.0
1544.1021495,6,1,1,0,1,46.0,0.0
1544.1174355,3,1,1,0,1,45.0,0.0
1544.1214905,3,1,1,0,4,46.0,11.945
1544.122694,5,11,39,12,186,65.0,6282.0
1544.1226945,6,5,31,11,217,64.0,4970.0
1544.122696,1,34,33,11,206,64.0,5082.0
1544.122701,2,25,28,15,191,68.0,9208.0
1544.124585,5,1,4,0,22,53.0,89.978
1544.1878905,3,1,1,0,1,45.0,0.0
1544.191105,1,1,1,0,1,45.0,0.0
1544.200094,5,3,8,1,30,59.0,561.845
1544.2000955,3,1,2,0,7,52.0,48.72
1544.20012,2,1,1,0,1,50.0,0.0
1544.200153,1,1,1,0,1,47.0,0.0
1544.207551,5,1,3,0,27,52.0,100.387
1544.227147,1,1,1,0,1,45.0,0.0
1544.259574,1,2,1,0,3,47.0,14.964
1544.2595955,6,1,3,0,5,48.0,13.481
1544.267463,5,2,6,1,30,59.0,487.172
1544.267475,1,11,7,1,48,50.0,139.03
1544.2689295,6,1,1,0,12,46.0,17.889
1544.2819665,6,2,3,0,10,60.0,221.635
1544.2856335,3,1,1,0,1,45.0,0.0
1544.324073,5,2,3,1,65,51.0,142.922
1544.324137,1,2,1,0,2,45.0,4.025
1544.330639,1,2,2,0,33,47.0,62.423
1544.3321035,6,2,1,0,5,47.0,13.944
1544.3684925,3,1,1,0,1,45.0,0.0
1544.370998,5,5,3,0,11,51.0,66.439
1544.390238,5,4,5,0,17,52.0,136.405
1544.434255,5,4,3,0,18,61.0,416.007
1544.4342845,6,1,2,0,4,46.0,8.467
1544.440841,5,3,10,1,68,53.0,301.103
1544.443879,1,1,3,0,1,49.0,0.0
1544.4527925,3,1,1,0,1,45.0,0.0
1544.468282,5,2,2,0,3,51.0,18.557
1544.468966,1,1,1,0,1,46.0,0.0
1544.479271,1,4,13,3,95,62.0,1200.0
1544.47929,5,5,7,1,51,52.0,150.895
1544.4792915,3,1,3,0,9,54.0,97.302
1544.479298,2,1,2,0,6,51.0,42.28
1544.4833915,6,3,14,7,112,70.0,9373.0
1544.483416,5,15,10,2,63,55.0,414.974
1544.4834215,3,24,6,1,60,55.0,248.164
1544.5437135,6,2,1,0,2,45.0,4.179
1544.55779,5,2,2,0,3,52.0,23.37
1544.580941,1,2,1,0,3,49.0,12.759
1544.602798,5,2,2,0,28,53.0,127.87
1544.6126595,6,3,28,18,210,80.0,49173.0
1544.612672,5,34,27,8,165,64.0,3417.0
1544.6126995,3,1,11,2,121,55.0,494.273
1544.635024,5,4,10,2,29,60.0,959.585
1544.6350445,6,1,2,0,1,48.0,0.0
1544.638057,2,1,2,0,1,53.0,0.0
1544.649758,5,5,6,1,22,57.0,496.351
1544.6497625,6,1,2,0,1,48.0,0.0
1544.6669185,6,1,2,0,1,48.0,0.0
1544.670334,5,2,8,1,56,54.0,189.662
1544.6781435,3,2,4,0,42,53.0,129.431
1544.706555,5,1,8,1,57,54.0,170.36
1544.711809,1,14,33,11,206,67.0,5559.0
1544.711818,2,2,22,11,150,65.0,5807.0
1544.711822,5,21,26,8,170,60.0,2573.0
1544.7118305,6,2,22,7,240,63.0,2273.0
1544.730245,5,2,5,0,12,52.0,73.939
1544.7313475,6,3,8,3,230,65.0,1297.0
1544.731368,1,1,1,0,1,45.0,0.0
1544.7992005,6,1,1,0,1,45.0,0.0
1544.822841,1,2,1,0,2,45.0,16.655
1544.8494655,6,1,1,0,1,45.0,0.0
1544.8543045,6,1,1,0,1,48.0,0.0
1544.871413,5,2,10,0,18,52.0,53.257
1544.871415,1,1,9,0,13,49.0,32.17
1544.8714235,3,1,3,0,1,48.0,0.0
1544.8762955,6,2,1,0,4,47.0,13.675
1544.8789945,6,1,2,0,4,48.0,15.425
1544.9028075,6,1,2,0,5,47.0,12.209
1544.9517485,3,1,2,0,1,45.0,0.0
1544.975869,5,5,34,11,170,68.0,5382.0
1544.9758745,6,30,24,7,162,65.0,2884.0
1544.9758795,3,1,17,4,148,58.0,841.843
1544.975882,1,25,25,7,200,60.0,2138.0
1544.975887,2,18,18,9,174,65.0,4159.0
1544.975923,4,1,1,0,1,47.0,0.0
1544.986888,1,1,7,1,40,63.0,943.191
1545.0002465,6,1,2,0,4,53.0,35.53
1545.0033295,6,2,6,2,35,69.0,2020.0
1545.00338,5,2,2,0,3,48.0,11.744
1545.0076275,6,1,3,0,1,55.0,0.0
1545.011498,1,6,26,7,289,62.0,1641.0
1545.0114985,3,7,23,7,188,62.0,2248.0
1545.0115,2,36,21,7,151,61.0,2540.0
1545.011509,5,44,26,5,216,56.0,833.952
1545.0115105,6,33,26,6,175,56.0,1542.0
1545.0217145,6,4,3,0,17,53.0,80.898
1545.033418,5,1,1,0,1,46.0,0.0
1545.0415115,3,1,2,0,8,48.0,23.546
1545.0415235,6,1,2,0,7,50.0,30.775
1545.049432,5,2,7,1,36,60.0,622.976
1545.0494465,6,2,4,0,14,57.0,229.662
1545.0844975,6,1,1,0,1,45.0,0.0
1545.108337,1,8,30,9,291,64.0,2653.0
1545.1083405,3,10,26,9,191,64.0,3461.0
1545.108341,2,9,26,9,154,62.0,3741.0
1545.10835,5,27,31,6,231,57.0,1315.0
1545.1083515,6,33,29,9,286,59.0,2533.0
1545.1163585,6,2,2,0,4,47.0,19.003
1545.1791305,3,3,6,0,5,56.0,98.633
1545.179136,1,2,7,1,78,53.0,243.282
1545.179144,5,31,8,0,32,50.0,83.3
1545.179152,2,1,6,2,57,58.0,522.793
1545.1791585,6,1,9,1,64,55.0,300.459
1545.193454,1,2,5,0,8,57.0,155.511
1545.204142,1,8,27,6,226,61.0,1640.0
1545.2041455,3,10,23,7,191,62.0,2264.0
1545.204146,2,9,22,7,146,61.0,2425.0
1545.2041565,6,1,25,6,173,57.0,1549.0
1545.204176,5,1,23,3,132,55.0,644.997
1545.2119785,6,1,2,0,1,52.0,0.0
1545.2400675,6,1,1,0,1,45.0,0.0
1545.247571,5,1,1,0,1,45.0,0.0
1545.2771675,6,1,1,0,1,45.0,0.0
1545.2807315,6,2,5,2,24,65.0,1472.0
1545.292966,1,2,6,1,44,60.0,570.172
1545.2986205,6,3,4,0,22,57.0,182.971
1545.299976,1,8,31,9,289,63.0,2637.0
1545.2999795,3,10,27,9,191,64.0,3430.0
1545.29998,2,1,26,10,179,62.0,3872.0
1545.2999875,6,58,29,9,296,58.0,2504.0
1545.299992,5,27,29,6,211,57.0,1242.0
1545.313509,5,12,15,3,46,62.0,2049.0
1545.3135165,3,1,2,0,1,46.0,0.0
1545.3135265,6,1,6,0,22,53.0,111.16
1545.313538,1,5,8,1,42,55.0,239.84
1545.324358,5,1,4,0,1,52.0,0.0
1545.324364,1,1,6,0,16,50.0,79.28
1545.3243775,6,1,2,0,1,48.0,0.0
1545.327953,5,1,1,0,1,45.0,0.0
1545.367802,1,4,5,1,37,58.0,457.991
1545.385267,5,2,4,0,2,49.0,5.52
1545.392524,5,1,2,0,10,46.0,27.813
1545.3932105,6,2,2,0,16,53.0,54.342
1545.395859,2,5,20,8,178,60.0,2547.0
1545.39586,1,1,25,7,289,62.0,1652.0
1545.3958615,3,6,23,7,184,62.0,2235.0
1545.395871,5,1,23,5,228,56.0,839.196
1545.3958725,6,1,26,6,172,56.0,1536.0
1545.4059955,6,1,2,0,1,50.0,0.0
1545.421029,5,17,15,4,74,61.0,1638.0
1545.4210455,6,2,3,0,21,54.0,121.395
1545.46354,5,3,4,0,6,51.0,43.801
1545.476719,5,1,6,0,6,53.0,42.466
1545.4767425,6,2,3,1,174,54.0,115.301
1545.491873,1,1,31,9,295,63.0,2655.0
1545.491875,2,8,23,9,157,62.0,3899.0
1545.4918765,3,11,27,9,245,63.0,3512.0
1545.491883,5,31,30,6,235,57.0,1298.0
1545.4918885,6,54,28,9,286,58.0,2504.0
1545.540487,1,1,1,0,1,46.0,0.0
1545.540492,5,1,5,0,4,47.0,12.924
1545.5416755,6,2,9,3,24,64.0,2400.0
1545.5438045,6,2,2,0,3,50.0,8.298
1545.5668995,6,2,1,0,2,45.0,7.374
1545.587623,2,5,23,8,178,61.0,2727.0
1545.587624,1,1,24,6,238,61.0,1594.0
1545.5876245,3,7,23,7,188,61.0,2269.0
1545.587635,5,1,25,5,228,56.0,847.828
1545.5876365,6,1,26,6,172,56.0,1561.0
1545.590789,1,10,8,1,47,58.0,521.626
1545.5908145,6,1,3,0,11,50.0,56.024
1545.5908165,3,1,2,0,1,47.0,0.0
1545.590818,5,1,6,0,21,50.0,69.049
1545.600028,1,1,2,0,1,47.0,0.0
1545.619322,5,1,3,0,31,55.0,145.488
1545.6193465,6,1,3,0,20,51.0,79.658
1545.6193545,3,1,2,0,8,47.0,18.356
1545.6316145,6,1,1,0,1,46.0,0.0
1545.646743,5,1,1,0,1,53.0,0.0
1545.6497105,6,1,1,0,1,45.0,0.0
1545.683365,1,9,30,9,292,64.0,2648.0
1545.6833685,3,7,28,9,189,64.0,3487.0
1545.68337,2,2,26,9,154,62.0,3687.0
1545.683375,5,31,32,6,232,57.0,1284.0
1545.6833805,6,33,29,9,286,58.0,2500.0
1545.696647,1,2,1,0,2,50.0,14.957
1545.7104115,6,2,2,0,2,49.0,4.4
1545.7127355,6,1,3,0,5,49.0,14.895
1545.712753,1,1,3,0,4,48.0,10.843
1545.712771,5,2,1,0,3,49.0,11.986
1545.7158725,6,1,1,0,1,47.0,0.0
1545.7351835,6,1,2,0,1,45.0,0.0
1545.7464565,6,3,4,1,25,63.0,545.959
1545.7567485,6,4,3,0,14,59.0,187.929
1545.7697005,6,1,3,0,11,50.0,50.586
1545.782698,5,2,3,0,6,51.0,31.284
1545.7827055,6,4,2,0,5,50.0,18.372
1545.798095,1,1,1,0,1,45.0,0.0
1545.8428545,6,2,2,0,3,50.0,23.896
1545.873645,1,2,8,2,47,63.0,961.242
1545.923741,5,1,9,0,16,52.0,74.615
1545.9237505,6,1,8,0,15,52.0,57.982
1545.927957,5,2,10,1,56,53.0,223.358
1545.9279685,3,1,5,0,47,53.0,131.493
1545.9279795,6,1,7,1,35,56.0,236.939
1545.927982,2,1,5,0,1,54.0,0.0
1545.927996,1,2,5,1,96,52.0,142.364
1545.971336,5,3,36,12,211,65.0,5782.0
1545.971344,1,2,35,10,280,63.0,3218.0
1545.9713465,6,14,29,12,261,64.0,5219.0
1545.971347,2,16,23,11,182,65.0,4957.0
1545.9713475,3,62,20,5,168,62.0,1293.0
1545.97135,4,44,5,1,45,52.0,236.288
1545.987747,5,1,1,0,1,50.0,0.0
1545.9907635,6,2,1,0,2,45.0,7.837
1546.0048945,6,1,1,0,1,45.0,0.0
1546.0207115,6,2,4,0,17,58.0,257.455
1546.020732,1,1,4,0,28,47.0,57.837
1546.0207555,3,1,1,0,1,45.0,0.0
1546.021423,1,3,5,1,36,62.0,586.287
1546.025131,1,1,1,0,1,45.0,0.0
1546.0291505,6,1,1,0,1,45.0,0.0
1546.035931,5,2,3,0,3,54.0,33.61
1546.0359555,6,1,2,0,7,48.0,15.83
1546.058019,5,2,1,0,2,45.0,3.213
1546.0950975,6,1,3,0,30,50.0,61.237
1546.095099,5,2,1,0,3,50.0,15.981
1546.095106,1,1,2,0,1,47.0,0.0
1546.095116,2,1,1,0,1,52.0,0.0
1546.0973065,6,1,1,0,1,45.0,0.0
1546.107828,1,8,20,4,131,59.0,989.047
1546.1078345,6,6,15,4,126,65.0,1956.0
1546.1078425,3,3,8,1,99,52.0,246.189
1546.107845,5,2,11,1,54,54.0,327.34
1546.107856,2,14,5,0,16,54.0,133.059
1546.1179455,6,1,3,0,53,48.0,59.737
1546.117972,5,1,1,0,1,46.0,0.0
1546.1189235,6,1,1,0,1,45.0,0.0
1546.1263765,6,1,1,0,1,45.0,0.0
1546.145484,1,2,5,1,48,60.0,327.331
1546.1566665,3,1,1,0,1,45.0,0.0
1546.1618425,3,1,2,0,1,45.0,0.0
1546.161855,1,2,3,0,3,49.0,12.669
1546.1618615,6,1,2,0,1,46.0,0.0
1546.1662465,6,1,1,0,4,48.0,12.193
1546.1807355,3,1,3,0,9,53.0,76.24
1546.180737,5,1,4,0,48,49.0,110.208
1546.1807525,6,1,4,0,39,49.0,71.182
1546.180765,1,1,5,0,49,53.0,99.172
1546.202006,5,4,7,1,40,54.0,310.466
1546.205799,5,2,2,0,3,54.0,37.71
1546.255612,1,1,1,0,1,45.0,0.0
1546.292163,5,2,4,0,25,50.0,38.339
1546.2921665,6,1,4,0,45,49.0,70.671
1546.29217,1,1,3,0,24,48.0,40.792
1546.2922135,3,1,1,0,1,45.0,0.0
1546.3008945,6,1,1,0,1,45.0,0.0
1546.310975,1,1,2,0,1,48.0,0.0
1546.315864,1,1,4,0,11,52.0,82.927
1546.326189,5,1,2,0,1,48.0,0.0
1546.3407085,6,6,7,1,38,59.0,403.777
1546.34072,1,1,1,0,1,46.0,0.0
1546.340727,5,2,6,0,5,51.0,15.355
1546.3407425,3,1,2,0,5,52.0,28.613
1546.344365,1,1,2,0,15,47.0,20.55
1546.35018,1,1,1,0,1,45.0,0.0
1546.3524605,6,1,1,0,1,45.0,0.0
1546.358767,1,2,2,0,3,56.0,82.915
1546.3919315,6,1,2,0,7,52.0,38.521
1546.40478,1,2,1,0,7,51.0,39.771
1546.428565,1,4,3,0,8,49.0,36.38
1546.4285905,6,7,2,0,14,56.0,100.803
1546.428615,5,7,4,0,12,51.0,92.862
1546.4392005,6,1,13,2,86,52.0,283.675
1546.439205,5,4,10,1,61,55.0,400.498
1546.439212,1,1,10,1,91,52.0,216.862
1546.4420005,6,1,1,0,1,45.0,0.0
1547.018221,2,6,13,6,114,65.0,3066.0
1547.018222,1,15,30,8,143,62.0,3018.0
1547.01823,5,51,26,5,140,58.0,1412.0
1547.0182505,6,1,15,2,71,59.0,677.73
1547.019412,2,1,1,0,1,50.0,0.0
1547.0281755,6,1,1,0,1,45.0,0.0
1547.077298,1,1,1,0,1,47.0,0.0
1547.091296,1,1,2,0,1,48.0,0.0
1547.103397,1,15,25,6,162,62.0,1901.0
1547.1034035,6,25,20,6,162,61.0,1835.0
1547.16787,1,1,1,0,1,45.0,0.0
1547.185568,1,1,1,0,1,49.0,0.0
1547.213011,5,1,13,1,44,52.0,225.941
1547.2130125,6,4,7,1,52,60.0,287.214
1547.2130235,3,1,1,0,18,50.0,24.523
1547.213033,2,2,5,0,3,53.0,39.986
1547.213078,1,1,1,0,1,45.0,0.0
1547.2142155,6,1,1,0,1,46.0,0.0
1547.225657,1,2,1,0,2,45.0,3.55
1547.303249,5,4,33,10,194,66.0,5026.0
1547.3032555,6,11,24,9,180,67.0,4974.0
1547.3049035,6,1,1,0,1,45.0,0.0
1547.305357,5,3,3,0,4,62.0,428.564
1547.3355145,6,2,4,0,8,59.0,170.988
1547.357406,5,11,17,5,154,61.0,1425.0
1547.3574215,3,1,4,0,62,50.0,77.953
1547.3631805,6,1,1,0,1,48.0,0.0
1547.49278,5,1,16,2,96,58.0,535.547
1547.4928055,3,1,2,0,4,49.0,14.876
1547.528179,5,1,5,0,9,52.0,67.693
1547.5286935,3,1,2,0,1,46.0,0.0
1547.528702,5,11,4,0,18,51.0,96.644
1547.5287155,6,1,3,0,15,48.0,29.088
1547.56134,5,3,7,1,56,58.0,515.851
1547.561362,1,1,1,0,1,46.0,0.0
1547.5683155,6,1,1,0,1,45.0,0.0
1547.571677,5,2,14,3,117,57.0,725.089
1547.5737865,3,2,2,0,3,49.0,12.849
1547.597076,1,1,1,0,1,45.0,0.0
1547.6007125,3,1,15,4,236,53.0,539.487
1547.6007135,6,138,21,6,178,63.0,1841.0
1547.600719,5,3,28,8,259,61.0,2055.0
1547.613738,2,1,6,2,38,65.0,1112.0
1547.6137475,3,2,2,0,5,51.0,31.929
1547.6397545,6,3,27,10,185,73.0,10107.0
1547.639765,5,28,24,6,139,58.0,1586.0
1547.6518305,6,1,1,0,1,46.0,0.0
1547.6621785,6,1,1,0,1,45.0,0.0
1547.6657305,3,1,10,2,107,53.0,363.713
1547.665759,5,3,13,2,115,53.0,401.791
1547.6726585,6,1,2,0,1,47.0,0.0
1547.679633,5,10,5,0,28,54.0,201.09
1547.679678,1,1,1,0,1,46.0,0.0
1547.683905,5,2,12,4,102,61.0,1686.0
1547.6839075,6,11,11,2,58,62.0,745.327
1547.6839365,3,8,4,0,21,51.0,95.273
1547.6876585,3,1,2,0,5,50.0,20.538
1547.687672,2,1,3,0,1,53.0,0.0
1547.687752,1,1,1,0,1,45.0,0.0
1547.6926205,6,2,1,0,2,47.0,4.055
1547.7075195,3,4,16,4,209,55.0,782.099
1547.707526,5,26,19,4,135,57.0,898.553
1547.7075265,6,1,18,4,196,59.0,830.25
1547.7114555,3,1,1,0,1,45.0,0.0
1547.711463,5,2,4,0,3,51.0,7.249
1547.7114875,6,1,2,0,1,46.0,0.0
1547.729022,1,2,1,0,2,50.0,7.499
1547.755233,1,1,1,0,1,49.0,0.0
1547.7618145,3,1,1,0,1,45.0,0.0
1547.7643865,6,1,1,0,1,45.0,0.0
1547.7652625,3,2,1,0,2,45.0,3.933
1547.768869,1,1,1,0,1,45.0,0.0
1547.774406,1,2,1,0,3,46.0,8.096
1547.80875,5,4,8,0,5,55.0,48.034
1547.8456905,6,1,1,0,1,47.0,0.0
1547.8551905,6,1,2,0,4,48.0,14.313
1547.875645,5,3,13,4,45,63.0,2628.0
1547.875676,1,1,4,0,1,50.0,0.0
1547.887556,5,9,7,1,57,53.0,231.005
1547.9286265,6,2,1,0,5,48.0,15.783
1547.928633,5,3,7,1,40,53.0,173.286
1547.9305605,6,4,4,1,17,60.0,441.718
1547.949857,1,1,2,0,1,47.0,0.0
1547.950948,1,1,1,0,1,45.0,0.0
1547.958906,5,4,12,3,40,66.0,2620.0
1547.9589775,3,1,1,0,1,45.0,0.0
1547.9717935,6,1,2,0,18,46.0,20.6
1547.979766,1,1,3,0,7,50.0,26.902
1547.9845925,6,1,1,0,1,45.0,0.0
1547.9935255,6,1,1,0,1,45.0,0.0
1548.0022445,6,2,1,0,2,47.0,15.977
1548.0119685,6,1,6,1,65,52.0,158.749
1548.011972,1,1,5,0,65,49.0,81.984
1548.0119845,3,1,4,0,23,50.0,77.979
1548.01199,5,1,2,0,26,48.0,41.894
1548.0215415,6,1,3,0,1,48.0,0.0
1548.05232,5,2,1,0,2,45.0,3.933
1548.0591795,6,1,3,0,6,57.0,96.374
1548.067266,5,1,2,0,1,47.0,0.0
1548.0672795,6,1,1,0,1,45.0,0.0
1548.0804285,6,1,2,0,7,51.0,37.315
1548.084506,2,5,25,8,158,61.0,2579.0
1548.084507,1,6,24,6,236,62.0,1658.0
1548.0845085,3,6,24,7,191,61.0,2311.0
1548.084518,5,27,21,4,157,56.0,672.19
1548.0845195,6,98,29,8,269,57.0,1800.0
1548.0973745,6,2,3,0,31,52.0,98.47
1548.097379,5,1,1,0,1,45.0,0.0
1548.097438,1,1,1,0,1,45.0,0.0
1548.1353775,3,1,1,0,1,45.0,0.0
1548.145578,5,17,6,0,22,51.0,126.3
1548.1456005,6,2,1,0,3,48.0,13.917
1548.178939,5,17,10,1,62,55.0,339.097
1548.1789405,6,1,11,3,98,57.0,641.225
1548.178949,1,28,7,1,47,51.0,159.316
1548.1789625,3,1,5,1,50,52.0,128.182
1548.180574,1,5,29,8,239,63.0,2649.0
1548.180576,2,8,28,11,223,62.0,4273.0
1548.1805775,3,4,26,9,192,63.0,3544.0
1548.180588,5,27,29,6,220,58.0,1144.0
1548.1805895,6,33,33,10,269,58.0,2765.0
1548.1842065,3,2,20,6,217,61.0,1617.0
1548.184211,1,20,29,8,181,64.0,2948.0
1548.184212,2,8,19,9,192,64.0,3746.0
1548.184213,5,28,26,6,146,61.0,1831.0
1548.1842155,6,43,21,5,131,61.0,1309.0
1548.184221,4,1,2,0,1,48.0,0.0
1548.1854785,6,3,2,0,5,48.0,27.711
1548.189669,5,2,15,2,89,56.0,474.833
1548.1896725,6,25,8,2,210,54.0,358.899
1548.189674,1,2,17,3,199,56.0,582.56
1548.1896975,3,1,4,1,163,48.0,86.54
1548.1906985,6,2,5,1,26,60.0,541.235
1548.190732,1,1,1,0,1,45.0,0.0
1548.216351,5,5,6,0,22,54.0,197.983
1548.2295995,6,2,2,0,4,47.0,21.54
1548.238005,1,1,1,0,1,49.0,0.0
1548.2380285,3,1,1,0,1,45.0,0.0
1548.239247,5,2,5,0,12,55.0,151.935
1548.257526,1,2,9,4,67,70.0,4481.0
1548.2722835,3,1,2,0,8,48.0,23.528
1548.2722955,6,1,3,0,18,51.0,61.464
1548.278192,1,6,23,6,236,62.0,1671.0
1548.2781935,3,6,23,7,188,62.0,2296.0
1548.278194,2,1,22,9,218,60.0,2690.0
1548.2782045,6,98,30,8,269,57.0,1813.0
1548.278206,5,24,21,3,106,56.0,592.329
1548.2924375,6,1,2,0,8,53.0,34.109
1548.2999985,6,1,3,0,19,54.0,79.795
1548.310425,5,2,11,1,66,56.0,315.62
1548.310458,1,1,2,0,21,46.0,18.912
1548.3352435,6,1,1,0,1,45.0,0.0
1548.336515,4,2,3,1,65,51.0,145.633
1548.336519,5,39,32,13,183,66.0,7955.0
1548.3365255,6,7,20,7,148,63.0,2953.0
1548.3365345,3,50,14,4,216,59.0,880.08
1548.336539,2,1,21,8,169,63.0,3268.0
1548.33654,1,11,29,10,313,65.0,4191.0
1548.3693945,6,2,1,0,2,45.0,28.757
1548.37431,2,12,30,12,224,62.0,4453.0
1548.374311,1,6,30,8,291,64.0,2627.0
1548.3743125,3,6,26,9,191,64.0,3561.0
1548.374318,5,31,31,6,230,57.0,1150.0
1548.3743235,6,98,32,10,269,59.0,2800.0
1548.3835365,6,1,1,0,1,49.0,0.0
1548.386215,5,2,1,0,2,46.0,5.52
1548.3896485,3,2,7,2,88,58.0,523.289
1548.389655,1,9,14,2,93,56.0,553.281
1548.3896575,6,43,13,2,123,56.0,453.258
1548.389662,2,5,11,4,120,59.0,1046.0
1548.389665,5,10,9,1,75,53.0,263.214
1548.395834,5,3,10,1,22,58.0,350.034
1548.3958505,6,1,3,0,6,48.0,16.64
1548.4063745,3,2,2,0,5,49.0,14.875
1548.406377,2,4,6,1,13,63.0,1080.0
1548.406386,1,21,10,2,92,54.0,436.929
1548.406389,5,2,7,0,5,49.0,15.481
1548.4064175,6,1,4,0,25,51.0,47.918
1548.408037,5,3,5,0,14,53.0,171.893
1548.4080605,6,1,2,0,4,51.0,18.099
1548.408062,1,1,2,0,1,46.0,0.0
1548.415237,1,1,1,0,1,45.0,0.0
1548.415256,5,1,1,0,1,47.0,0.0
1548.4268455,6,1,1,0,1,45.0,0.0
1548.4394325,6,2,2,0,2,47.0,7.169
1548.442629,1,1,1,0,1,45.0,0.0
1548.4426425,6,1,2,0,1,48.0,0.0
1548.4426515,3,1,1,0,1,45.0,0.0
1548.4587225,6,1,1,0,1,48.0,0.0
1548.470057,1,8,23,6,221,62.0,1722.0
1548.4700605,3,10,24,7,185,62.0,2293.0
1548.470061,2,9,22,9,221,61.0,2765.0
1548.4700715,6,1,30,7,244,56.0,1783.0
1548.470073,5,1,22,3,148,55.0,652.273
1548.4741775,6,1,1,0,1,46.0,0.0
1548.4777795,3,1,5,1,71,48.0,106.388
1548.477783,5,11,12,2,81,52.0,340.196
1548.477784,1,1,8,1,56,53.0,294.813
1548.4777875,6,1,10,1,46,55.0,279.334
1548.477797,2,2,7,1,61,54.0,349.323
1548.503856,1,2,4,0,14,56.0,211.92
1548.515552,2,1,1,0,1,50.0,0.0
1548.515555,5,2,4,0,5,51.0,22.41
1548.5253845,6,1,3,0,35,48.0,57.417
1548.525386,1,1,1,0,1,45.0,0.0
1548.5262895,6,2,4,0,3,50.0,15.082
1548.526294,1,1,3,0,1,51.0,0.0
1548.5262945,3,1,1,0,1,45.0,0.0
1548.526313,5,1,3,0,1,50.0,0.0
1548.532221,5,2,7,1,66,50.0,160.364
1548.5322305,6,1,2,0,7,54.0,45.276
1548.532262,2,1,2,0,1,52.0,0.0
1548.532277,1,1,3,0,1,48.0,0.0
1548.544962,5,4,9,2,58,59.0,611.746
1548.5449925,6,1,2,0,1,53.0,0.0
1548.5568415,6,2,2,0,2,47.0,4.562
1548.565818,1,5,30,8,291,63.0,2741.0
1548.56582,2,2,29,12,221,62.0,4313.0
1548.5658215,3,3,25,9,192,63.0,3569.0
1548.565832,5,27,28,6,232,58.0,1153.0
1548.5658325,6,99,34,10,273,58.0,2815.0
1548.57472,5,2,9,2,31,66.0,1963.0
1548.5808115,6,1,2,0,4,52.0,25.684
1548.588021,5,2,1,0,17,52.0,66.311
1548.5908665,6,1,5,0,41,52.0,111.415
1548.590869,1,1,3,0,26,50.0,54.581
1548.5908835,3,1,2,0,13,46.0,22.531
1548.59091,2,1,1,0,1,51.0,0.0
1548.592084,5,2,2,0,2,52.0,22.584
1548.5921055,6,1,2,0,1,50.0,0.0
1548.6123415,6,1,2,0,1,45.0,0.0
1548.616768,1,1,1,0,1,45.0,0.0
1548.6235185,6,1,1,0,1,47.0,0.0
1548.6384695,6,2,5,0,18,51.0,94.228
1548.638488,5,1,3,0,6,50.0,31.082
1548.638543,1,1,2,0,1,46.0,0.0
1548.6504175,6,2,4,0,4,59.0,117.339
1548.6569365,6,1,1,0,4,47.0,10.302
1548.660796,5,1,2,0,5,59.0,151.541
1548.661574,1,6,24,6,222,62.0,1657.0
1548.6615755,3,10,23,7,185,62.0,2265.0
1548.661576,2,9,24,9,221,60.0,2745.0
1548.661588,5,27,20,3,148,55.0,639.092
1548.6615905,6,94,29,7,240,57.0,1796.0
1548.6681735,3,3,4,0,5,52.0,40.974
1548.668187,1,4,8,2,90,57.0,346.076
1548.668188,5,42,15,2,78,53.0,368.985
1548.668204,2,6,3,0,7,56.0,162.769
1548.6682145,6,5,3,0,23,49.0,52.443
1548.672824,5,2,1,0,2,46.0,4.432
1548.6898725,6,1,1,0,1,48.0,0.0
1548.691861,5,3,2,0,6,53.0,67.763
1548.7086175,3,1,2,0,4,50.0,18.978
1548.708626,5,5,5,0,18,51.0,108.375
1548.708627,1,2,1,0,2,51.0,4.961
1548.7086425,6,1,1,0,1,45.0,0.0
1548.727444,5,2,2,0,19,52.0,95.333
1548.7286255,6,1,2,0,4,46.0,9.401
1548.729456,5,2,3,0,5,48.0,26.437
1548.73252,5,8,34,24,193,76.0,44718.0
1548.732535,1,30,27,7,154,60.0,2216.0
1548.732538,4,1,2,0,38,51.0,90.653
1548.7325395,6,10,28,9,186,69.0,5311.0
1548.7325435,3,5,20,5,202,59.0,1249.0
1548.732557,2,1,16,5,95,60.0,1882.0
1548.746553,5,2,4,0,5,57.0,113.185
1548.7465625,3,3,2,0,8,52.0,56.594
1548.748994,1,2,1,0,2,45.0,4.025
1548.750446,1,1,3,0,1,50.0,0.0
1548.7504525,6,1,3,0,1,51.0,0.0
1548.750461,5,2,1,0,3,49.0,10.762
1548.7504645,3,1,1,0,1,45.0,0.0
1548.756648,5,1,1,0,1,45.0,0.0
1548.757431,1,6,29,8,236,64.0,2602.0
1548.7574315,3,7,25,9,192,64.0,3607.0
1548.757433,2,2,28,12,224,62.0,4256.0
1548.757442,5,27,29,5,157,57.0,1034.0
1548.7574435,6,98,32,10,247,59.0,2741.0
1548.770156,5,6,10,3,59,62.0,1475.0
1548.7701755,6,1,8,1,33,56.0,401.765
1548.770185,1,1,5,0,6,51.0,30.406
1548.7701895,3,1,1,0,1,45.0,0.0
1548.803071,5,4,2,0,17,58.0,306.173
1548.809697,5,2,8,1,32,53.0,194.356
1548.8143685,3,1,1,0,4,49.0,16.148
1548.819024,1,2,4,0,15,51.0,91.624
1548.8300295,6,7,3,0,9,54.0,66.67
1548.8390015,6,1,2,0,1,50.0,0.0
1548.8404885,6,1,1,0,1,45.0,0.0
1548.841063,1,1,1,0,1,46.0,0.0
1548.8437715,6,3,2,0,11,52.0,80.214
1548.8749235,3,1,1,0,1,45.0,0.0
1548.8759435,6,2,3,0,14,56.0,124.176
1548.881364,5,16,17,3,92,59.0,908.626
1548.8813855,6,3,9,2,47,63.0,814.086
1548.8814155,3,1,2,0,4,48.0,9.924
1548.891299,5,4,17,7,179,66.0,3035.0
1548.8913045,6,25,16,4,152,60.0,1122.0
1548.8913065,3,3,8,2,83,59.0,528.675
1548.891307,1,1,18,4,147,56.0,834.316
1548.891322,4,1,2,0,10,51.0,52.762
1548.891348,2,1,10,2,48,59.0,723.31
1548.907877,5,1,2,0,5,47.0,18.647
1548.910912,5,1,2,0,1,46.0,0.0
1548.915542,5,2,2,0,3,47.0,13.052
1548.9197405,6,1,1,0,1,45.0,0.0
1548.9210845,6,1,1,0,1,45.0,0.0
1548.9232245,6,2,5,1,23,65.0,1257.0
1548.933473,2,2,4,0,17,57.0,232.583
1548.9334765,3,3,3,0,5,56.0,76.267
1548.933513,5,2,1,0,4,47.0,19.862
1548.9335195,6,1,3,0,4,47.0,10.473
1548.933563,1,1,1,0,1,45.0,0.0
1548.9504405,6,2,2,0,10,50.0,31.644
1548.954141,1,4,6,1,40,61.0,596.84
1548.9954195,6,2,6,2,24,65.0,1567.0
1549.05262,1,2,2,0,2,48.0,14.315
1549.0546915,6,2,1,0,3,48.0,13.944
1549.069035,5,2,2,0,3,53.0,33.506
1549.0757025,6,1,2,0,8,51.0,48.35
1549.079638,1,2,1,0,3,48.0,11.131
1549.0818525,6,1,2,0,5,53.0,44.026
1549.101778,5,52,21,5,157,58.0,1430.0
1549.101786,1,17,26,6,151,60.0,1509.0
1549.1017865,3,5,11,3,128,60.0,822.36
1549.1017975,6,3,16,6,161,62.0,1773.0
1549.101805,2,16,20,7,120,61.0,2642.0
1549.1085655,3,1,1,0,1,45.0,0.0
1549.108575,2,1,2,0,1,54.0,0.0
1549.108578,1,2,4,0,3,48.0,11.899
1549.1563265,6,1,1,0,1,45.0,0.0
1549.156858,5,3,4,0,4,51.0,38.23
1549.1571425,6,1,1,0,1,45.0,0.0
1549.1591185,6,1,2,0,4,51.0,21.075
1549.1616235,6,4,3,0,5,53.0,52.104
1549.1639175,6,2,1,0,2,45.0,3.241
1549.164682,1,1,1,0,1,45.0,0.0
1549.164685,5,1,2,0,1,49.0,0.0
1549.1646925,6,1,1,0,1,47.0,0.0
1549.168096,5,6,2,0,8,52.0,31.244
1549.1681145,6,6,5,0,26,54.0,108.337
1549.1720265,6,1,1,0,1,45.0,0.0
1549.2087735,6,2,2,0,4,56.0,69.7
1549.212822,5,2,2,0,3,53.0,40.354
1549.2128435,6,1,2,0,1,47.0,0.0
1549.214527,5,1,11,2,89,54.0,277.15
1549.2145445,6,4,6,1,20,59.0,405.566
1549.224397,5,1,3,0,6,54.0,42.386
1549.2244285,6,1,1,0,1,45.0,0.0
1549.2265365,3,1,3,1,161,55.0,132.219
1549.226546,2,1,2,0,6,55.0,90.017
1549.2265855,6,1,1,0,1,46.0,0.0
1549.2275345,6,1,1,0,1,45.0,0.0
1549.2285515,6,1,1,0,1,45.0,0.0
1549.251302,5,3,2,0,4,51.0,18.46
1549.2513215,6,1,4,0,24,53.0,115.718
1549.263373,5,19,8,1,46,55.0,392.916
1549.2633935,6,4,6,1,21,60.0,461.775
1549.26344,1,1,2,0,8,48.0,24.806
1549.284432,1,2,4,0,40,54.0,146.131
1549.298017,5,1,8,1,39,54.0,242.409
1549.2980255,6,3,5,1,44,54.0,209.964
1549.3155875,6,2,1,0,3,48.0,16.483
1549.32539,1,2,1,0,3,46.0,8.929
1549.3265865,6,1,2,0,1,48.0,0.0
1549.331319,1,3,2,0,8,53.0,101.054
1549.345506,5,7,4,0,18,52.0,100.473
1549.358708,5,1,1,0,1,46.0,0.0
1549.3587495,6,1,1,0,1,45.0,0.0
1549.370027,5,1,6,0,4,51.0,15.144
1549.381348,5,4,6,1,46,59.0,516.141
1549.3813575,3,2,2,0,8,53.0,62.789
1549.3813875,6,1,1,0,1,45.0,0.0
1549.381416,1,1,2,0,1,47.0,0.0
1549.394698,1,2,3,0,17,51.0,92.609
1549.402354,5,42,9,3,125,56.0,584.943
1549.4023585,3,7,5,2,83,61.0,578.006
1549.402364,2,31,7,1,32,58.0,477.727
1549.4023665,6,2,8,2,107,55.0,355.98
1549.402377,1,2,8,1,66,53.0,265.318
1549.411656,5,1,3,0,1,47.0,0.0
1549.4186185,6,1,1,0,1,46.0,0.0
1549.4273175,6,1,1,0,1,45.0,0.0
1549.4434285,6,1,2,0,4,50.0,15.966
1549.465309,5,2,5,0,16,48.0,77.302
1549.4653315,6,1,1,0,1,45.0,0.0
1549.4686445,6,1,3,0,1,46.0,0.0
1549.468649,5,2,6,0,32,50.0,136.015
1549.468653,1,2,1,0,5,48.0,16.683
1549.471124,5,1,4,0,21,52.0,122.316
1549.4711465,6,1,3,0,11,48.0,39.635
1549.4778505,6,1,4,1,67,53.0,143.878
1549.479556,1,2,1,0,2,47.0,6.222
1549.4802545,6,1,3,0,7,52.0,40.404
1549.491405,1,3,2,0,4,48.0,47.215
1549.492052,1,3,2,0,5,53.0,101.84
1549.4952055,6,3,6,1,33,65.0,947.027
1549.495234,5,1,3,0,66,48.0,91.045
1549.4952645,3,1,1,0,1,45.0,0.0
1549.497804,1,1,4,0,35,54.0,113.76
1549.503923,2,2,1,0,2,51.0,10.07
1549.503929,1,1,1,0,1,47.0,0.0
1549.508103,1,2,2,0,6,52.0,37.477
1549.522761,5,1,5,0,11,55.0,106.757
1549.5227675,6,3,3,0,16,56.0,102.187
1549.522804,1,1,2,0,1,48.0,0.0
1549.534994,1,4,9,2,44,63.0,1205.0
1549.56981,1,30,8,1,43,54.0,262.727
1549.5698365,6,1,2,0,4,50.0,17.732
1549.571488,5,3,7,0,23,54.0,241.925
1549.5715205,6,2,1,0,3,51.0,19.413
1549.572837,5,8,10,2,43,60.0,879.418
1549.5728575,6,14,4,0,17,53.0,176.972
1549.572863,1,1,3,0,41,48.0,48.216
1549.576975,1,7,9,2,62,61.0,818.572
1550.135079,1,1,3,0,28,48.0,27.568
1550.145909,1,1,2,0,4,45.0,9.261
1550.152573,1,2,22,6,112,67.0,3518.0
1550.1525905,6,3,18,4,121,62.0,1348.0
1550.152593,5,27,22,6,220,58.0,1481.0
1550.159481,1,2,2,0,2,49.0,14.957
1550.167949,5,16,15,2,93,56.0,525.858
1550.170064,5,15,12,0,18,54.0,231.12
1550.1700875,3,1,2,0,8,45.0,14.592
1550.172856,1,1,4,0,1,48.0,0.0
1550.21652,1,7,23,7,218,64.0,2623.0
1550.216536,5,21,14,3,111,56.0,671.103
1550.21763,1,2,1,0,2,45.0,11.888
1550.2209535,6,12,7,1,86,59.0,405.737
1550.220966,1,2,3,0,58,48.0,89.684
1550.220975,5,10,5,0,27,51.0,112.065
1550.2209835,3,1,1,0,1,45.0,0.0
1550.2290985,6,1,1,0,1,47.0,0.0
1550.230554,1,1,2,0,1,47.0,0.0
1550.2305725,6,1,1,0,1,45.0,0.0
1550.232102,5,308,30,10,455,62.0,2349.0
1550.2324465,3,1,2,0,5,49.0,19.267
1550.232464,2,1,3,0,1,53.0,0.0
1550.2346205,6,2,9,2,67,60.0,691.925
1550.2346525,3,1,2,0,5,48.0,11.841
1550.2475645,6,1,1,0,1,46.0,0.0
1550.2633315,3,1,2,0,11,52.0,83.993
1550.263341,5,4,11,0,17,55.0,220.054
1550.3030855,6,1,2,0,4,48.0,11.631
1550.3062455,6,1,1,0,1,45.0,0.0
1550.308766,5,98,27,8,226,64.0,2828.0
1550.3089045,3,1,2,0,11,46.0,14.905
1550.3125345,6,1,1,0,1,46.0,0.0
1550.3191375,6,1,3,0,1,46.0,0.0
1550.3227815,6,1,1,0,1,45.0,0.0
1550.323736,5,4,3,0,5,54.0,68.723
1550.35695,1,1,2,0,1,48.0,0.0
1550.376812,5,3,5,0,4,52.0,44.597
1550.386627,1,1,1,0,1,45.0,0.0
1550.3972265,6,1,1,0,1,45.0,0.0
1550.4038325,3,1,1,0,1,46.0,0.0
1550.4038435,6,1,1,0,1,45.0,0.0
1550.4095055,6,1,1,0,1,46.0,0.0
1550.4326375,6,1,1,0,1,45.0,0.0
1550.442265,1,2,37,24,253,81.0,61199.0
1550.4422985,6,8,12,2,87,60.0,727.921
1550.442303,5,2,10,1,27,56.0,301.256
1550.448026,5,6,6,1,42,58.0,516.096
1550.4480615,6,2,1,0,3,46.0,9.72
1550.449523,5,3,2,0,14,51.0,78.105
1550.463556,1,2,1,0,2,45.0,9.686
1550.477652,5,2,15,3,109,58.0,825.173
1550.4776575,3,1,2,0,1,50.0,0.0
1550.5065465,6,1,1,0,1,47.0,0.0
1550.508926,1,1,1,0,1,47.0,0.0
1550.5227795,3,7,2,0,12,54.0,106.292
1550.5265805,6,1,1,0,1,46.0,0.0
1550.5419335,3,1,1,0,4,47.0,10.287
1550.541943,2,1,1,0,1,50.0,0.0
1550.541943,5,3,3,0,6,57.0,148.589
1550.5454415,6,1,1,0,1,46.0,0.0
1550.554908,5,11,14,1,46,58.0,392.501
1550.5549265,6,4,6,1,20,63.0,719.305
1550.5549465,3,1,4,0,15,49.0,35.255
1550.554959,1,1,2,0,1,47.0,0.0
1550.5725785,3,1,1,0,1,45.0,0.0
1550.594218,5,2,3,0,3,51.0,15.558
1550.5942415,6,1,1,0,1,47.0,0.0
1550.606031,5,1,12,3,225,53.0,425.306
1550.6060575,6,1,2,0,1,47.0,0.0
1550.607529,5,2,4,0,2,55.0,27.223
1550.620431,5,3,9,0,23,54.0,235.662
1550.633225,1,1,1,0,1,48.0,0.0
1550.6334535,6,1,1,0,1,45.0,0.0
1550.641079,5,1,11,3,101,61.0,872.079
1550.6410965,6,6,8,1,25,62.0,779.99
1550.6411195,3,1,2,0,5,50.0,17.838
1550.671593,1,2,2,0,2,46.0,8.226
1550.6811915,3,1,1,0,1,45.0,0.0
1550.6821815,6,1,2,0,1,48.0,0.0
1550.6854655,6,1,1,0,8,46.0,16.872
1550.686831,5,2,5,0,30,53.0,176.937
1550.691483,5,3,11,2,55,59.0,762.455
1550.700135,1,1,1,0,1,45.0,0.0
1550.701311,1,1,1,0,1,50.0,0.0
1550.702107,5,12,52,45,480,78.0,77645.0
1550.7021185,3,26,26,11,254,66.0,4470.0
1550.7021185,6,24,42,25,323,73.0,30797.0
1550.702123,2,33,39,27,257,72.0,25775.0
1550.702126,1,5,42,17,287,68.0,11171.0
1550.703755,5,3,9,2,27,61.0,1248.0
1550.7037885,6,2,1,0,2,45.0,4.305
1550.711558,5,10,5,0,11,52.0,85.789
1550.73669,5,3,4,0,13,51.0,103.514
1550.738935,5,3,8,1,18,60.0,875.754
1550.7389615,6,2,2,0,3,47.0,9.977
1550.740531,1,41,3,0,42,49.0,59.267
1550.7448765,6,2,1,0,3,47.0,15.835
1550.753235,5,3,6,1,39,58.0,468.846
1550.759168,5,3,14,6,119,67.0,2727.0
1550.7591815,6,15,13,4,132,61.0,1214.0
1550.7592035,3,1,4,0,41,52.0,129.946
1550.76695,5,14,16,2,240,55.0,362.006
1550.76779,5,15,90,54,767,75.0,45142.0
1550.7678065,6,18,76,30,672,72.0,16476.0
1550.76782,1,19,75,21,632,65.0,6663.0
1550.769353,5,7,20,9,248,64.0,3615.0
1550.7693925,3,1,4,0,50,51.0,113.818
1550.771358,5,2,7,0,37,56.0,234.566
1550.772649,5,2,3,0,3,53.0,14.039
1550.773814,5,22,15,1,43,55.0,405.621
1550.7738335,6,2,3,0,4,47.0,30.889
1550.776122,5,17,9,1,27,54.0,238.335
1550.7778115,6,1,2,0,1,47.0,0.0
1550.785738,5,7,9,1,46,56.0,337.62
1550.7857725,6,1,1,0,1,48.0,0.0
1550.792351,5,4,20,4,72,63.0,2211.0
1550.7923635,6,11,11,3,83,62.0,1265.0
1550.7923965,3,1,3,0,24,47.0,30.425
1550.792416,2,2,2,0,2,53.0,17.73
1550.797036,5,2,7,2,42,63.0,1603.0
1550.7970495,6,20,7,1,44,60.0,608.971
1550.7970755,3,1,1,0,5,49.0,16.49
1550.797084,2,1,2,0,1,52.0,0.0
1550.806588,5,3,13,3,86,63.0,1068.0
1550.806625,1,1,6,0,1,48.0,0.0
1550.8066475,3,1,2,0,1,46.0,0.0
1550.808886,5,6,7,1,51,54.0,324.898
1550.823496,5,5,11,3,48,61.0,1271.0
1550.8235165,6,1,6,1,21,61.0,600.291
1550.82893,5,1,2,0,1,51.0,0.0
1550.8355285,6,2,10,4,113,67.0,2322.0
1550.835558,5,2,2,0,11,55.0,115.694
1550.8355755,3,2,3,0,2,46.0,3.435
1550.836594,5,16,19,3,116,56.0,739.837
1550.8366035,3,1,6,1,135,54.0,210.04
1550.8414775,6,1,1,0,1,48.0,0.0
1550.8434165,6,1,1,0,1,47.0,0.0
1550.847071,5,2,6,0,7,53.0,70.403
1550.8470825,3,1,3,0,12,47.0,20.672
1550.852562,5,1,1,0,4,52.0,27.328
1550.8525845,6,1,2,0,1,47.0,0.0
1550.8587245,6,1,2,0,9,47.0,23.295
1550.863593,1,1,5,0,16,48.0,20.19
1550.8636045,3,1,2,0,87,49.0,65.33
1550.864835,5,1,5,0,5,51.0,7.39
1550.865209,1,3,2,0,5,50.0,25.572
1550.867201,5,2,5,0,8,53.0,122.006
1550.878924,5,6,6,0,7,52.0,34.374
1550.896313,5,2,8,1,51,55.0,346.544
1550.900471,1,2,1,0,3,46.0,12.068
1550.912873,5,3,22,5,101,60.0,1872.0
1550.9128815,3,1,11,2,86,53.0,335.454
1550.9210415,6,2,2,0,12,46.0,25.58
1550.922206,1,1,1,0,1,45.0,0.0
1550.9222285,6,2,1,0,2,47.0,3.55
1550.932898,1,1,3,0,1,48.0,0.0
1550.9561995,6,1,1,0,1,45.0,0.0
1550.962638,1,2,3,0,3,50.0,10.93
1550.965157,5,12,12,4,54,63.0,2210.0
1550.9651985,3,1,4,0,31,47.0,43.494
1550.9707385,6,1,1,0,1,46.0,0.0
1550.9846675,6,1,1,0,1,45.0,0.0
1551.0074375,3,1,1,0,74,46.0,41.235
1551.007438,5,1,14,2,56,53.0,440.807
1551.011238,1,1,1,0,1,45.0,0.0
1551.033885,1,1,3,0,1,50.0,0.0
1551.044527,5,1,4,0,20,53.0,99.812
1551.058244,2,1,3,0,1,53.0,0.0
1551.0582845,6,1,2,0,30,47.0,26.415
1551.058286,1,1,3,0,36,47.0,62.643
1551.059596,1,2,1,0,2,46.0,9.263
1551.079488,5,2,1,0,3,55.0,42.579
1551.0807015,3,1,1,0,1,45.0,0.0
1551.098923,1,2,2,0,3,50.0,15.279
1551.0989835,6,1,2,0,1,46.0,0.0
1551.105563,5,4,7,1,20,57.0,334.923
1551.108085,5,2,20,4,85,65.0,2487.0
1551.1103015,6,1,1,0,1,45.0,0.0
1551.110815,5,2,5,0,20,54.0,225.348
1551.1129015,6,1,1,0,1,47.0,0.0
1551.1384525,6,92,5,1,94,53.0,139.298
1551.138562,1,1,1,0,4,50.0,16.479
1551.141689,5,2,1,0,2,48.0,3.665
1551.156583,1,8,23,6,168,62.0,1999.0
1551.1565865,3,10,24,7,186,62.0,2294.0
1551.156587,2,9,24,9,228,61.0,2818.0
1551.1565975,6,102,27,8,249,57.0,1770.0
1551.15661,5,1,17,2,99,56.0,526.839
1551.1588255,6,2,1,0,2,45.0,3.784
1551.159018,2,1,1,0,1,50.0,0.0
1551.161039,5,16,14,3,139,55.0,440.739
1551.161052,1,7,13,2,65,60.0,805.53
1551.1610675,6,1,9,1,87,54.0,302.609
1551.161068,2,2,6,0,18,58.0,194.094
1551.1677695,6,1,1,0,1,49.0,0.0
1551.1756985,6,1,1,0,1,46.0,0.0
1551.185587,1,4,2,0,5,51.0,49.422
1551.1857855,6,1,1,0,1,45.0,0.0
1551.1941945,6,1,2,0,7,56.0,112.59
1551.2022565,6,1,1,0,1,45.0,0.0
1551.2221,1,1,1,0,1,45.0,0.0
1551.225884,1,2,1,0,4,46.0,16.823
1551.226925,1,3,7,2,63,61.0,949.976
1551.2409645,6,3,7,1,63,55.0,227.299
1551.252802,5,1,2,0,5,46.0,9.779
1551.253396,1,9,30,9,254,64.0,3238.0
1551.253398,2,5,28,12,231,62.0,4131.0
1551.2533995,3,7,26,9,193,63.0,3488.0
1551.253406,5,31,24,4,145,57.0,912.602
1551.2534115,6,1,32,9,249,58.0,2710.0
1551.254985,5,4,6,0,37,52.0,142.255
1551.2550015,6,1,2,0,1,48.0,0.0
1551.2571875,6,7,7,1,25,60.0,357.017
1551.2572215,3,1,1,0,4,45.0,6.731
1551.2660505,6,2,3,0,17,49.0,52.961
1551.292879,5,16,8,0,20,52.0,159.621
1551.2929015,6,1,1,0,1,45.0,0.0
1551.295764,5,2,7,0,33,52.0,144.02
1551.2957865,6,1,1,0,1,45.0,0.0
1551.297583,5,4,4,0,5,48.0,20.276
1551.308039,1,31,5,1,37,53.0,177.778
1551.314706,5,1,1,0,1,45.0,0.0
1551.322173,5,3,3,0,7,49.0,35.817
1551.3344215,6,1,1,0,1,45.0,0.0
1551.3409365,6,1,2,0,1,45.0,0.0
1551.34441,1,1,1,0,1,45.0,0.0
1551.3444195,3,1,1,0,4,47.0,9.3
1551.3444245,6,1,1,0,1,45.0,0.0
1551.347989,5,1,3,0,15,51.0,66.038
1551.349258,1,6,23,6,169,62.0,1983.0
1551.3492595,3,6,24,7,189,62.0,2276.0
1551.34926,2,1,22,9,225,61.0,2693.0
1551.3492705,6,1,27,8,249,57.0,1796.0
1551.349272,5,1,18,3,142,55.0,590.038
1551.3643265,6,1,2,0,4,48.0,11.095
1551.367166,5,5,6,0,16,59.0,451.093
1551.3671865,6,1,2,0,11,54.0,60.306
1551.385384,1,1,2,0,1,48.0,0.0
1551.3903305,6,1,1,0,1,46.0,0.0
1551.390597,5,1,3,0,16,50.0,53.919
1551.398393,5,3,7,1,31,55.0,273.592
1551.398395,1,2,5,0,37,53.0,95.751
1551.3983965,6,3,7,1,79,53.0,250.159
1551.3984055,3,1,4,0,71,50.0,92.62
1551.398423,2,1,3,0,1,51.0,0.0
1551.402016,5,2,16,4,94,62.0,1711.0
1551.4020325,6,1,8,1,33,57.0,413.021
1551.4020485,3,1,4,0,24,51.0,79.155
1551.402051,1,1,4,1,79,48.0,87.247
1551.402066,2,1,4,0,4,55.0,47.751
1551.4261465,6,1,1,0,1,45.0,0.0
1551.4339025,3,1,2,0,4,53.0,28.372
1551.433953,5,1,1,0,1,45.0,0.0
1551.444295,5,1,4,1,20,55.0,267.412
1551.445102,2,12,26,12,231,62.0,4213.0
1551.445103,1,6,28,8,208,64.0,3126.0
1551.4451045,3,6,26,9,189,64.0,3467.0
1551.4451155,6,102,31,10,271,58.0,2719.0
1551.445117,5,27,22,4,151,57.0,938.04
1551.458825,1,2,1,0,2,45.0,3.352
1551.4588305,6,1,5,0,1,49.0,0.0
1551.458836,5,1,2,0,8,47.0,14.178
1551.469841,5,1,4,0,22,56.0,125.946
1551.4698695,6,1,2,0,1,48.0,0.0
1551.472253,5,3,3,0,6,58.0,215.442
1551.4727485,3,1,1,0,5,50.0,21.381
1551.475328,5,2,3,0,2,48.0,4.179
1551.479483,1,1,4,0,8,57.0,101.445
1551.480541,5,2,7,1,35,60.0,526.998
1551.4805765,3,1,1,0,1,45.0,0.0
1551.4890165,6,1,2,0,21,50.0,67.961
1551.4949445,6,1,1,0,1,45.0,0.0
1551.497471,5,7,13,3,59,60.0,1062.0
1551.4974965,6,2,4,0,7,56.0,101.506
1551.5014565,3,7,10,2,95,60.0,572.454
1551.501463,1,1,17,3,93,58.0,844.242
1551.501465,5,5,19,4,133,61.0,1428.0
1551.501472,2,20,12,5,90,61.0,1870.0
1551.501475,4,1,1,0,1,46.0,0.0
1551.5014805,6,6,10,2,134,57.0,418.075
1551.506532,5,1,2,0,5,53.0,37.629
1551.5065485,6,3,3,0,18,53.0,98.121
1551.511695,1,1,1,0,1,46.0,0.0
1551.5136395,6,1,1,0,1,45.0,0.0
1551.518492,2,2,6,0,25,57.0,216.149
1551.518503,1,1,4,0,1,47.0,0.0
1551.518521,5,2,4,0,2,48.0,12.099
1551.5185225,6,1,3,0,4,46.0,9.63
1551.520493,5,6,7,0,9,53.0,129.992
1551.5220835,6,1,2,0,86,50.0,61.113
1551.522141,5,2,10,2,56,58.0,620.293
1551.539205,5,2,1,0,2,45.0,4.961
1551.541185,1,8,25,6,175,62.0,2089.0
1551.5411885,3,10,24,7,189,62.0,2259.0
1551.541189,2,9,22,7,159,61.0,2423.0
1551.5411995,6,34,27,8,246,56.0,1739.0
1551.541217,5,2,17,3,126,56.0,545.971
1551.5441625,6,2,3,0,8,55.0,76.512
1551.545398,5,4,6,0,13,57.0,248.044
1551.5454005,3,1,1,0,4,46.0,7.491
1551.556723,1,2,17,3,126,59.0,654.444
1551.5567325,6,1,12,2,89,55.0,333.241
1551.5567345,3,1,6,1,90,51.0,146.845
1551.556736,5,1,10,1,74,53.0,306.98
1551.556745,2,2,8,1,48,59.0,434.123
1551.560342,1,2,7,1,39,56.0,258.91
1551.5603625,6,1,2,0,11,50.0,52.975
1551.5610995,6,10,14,2,116,54.0,483.438
1551.5611,1,3,12,2,102,56.0,559.599
1551.5611035,3,17,10,2,92,55.0,487.874
1551.561106,5,24,16,4,126,59.0,991.208
1551.561117,2,13,11,4,112,58.0,1014.0
1551.562753,1,4,5,0,11,52.0,112.742
1551.5627565,3,1,1,0,4,49.0,13.281
1551.5630785,6,1,1,0,1,49.0,0.0
1551.566617,5,2,1,0,3,46.0,9.699
1551.5666355,6,2,1,0,3,50.0,16.156
1551.570954,5,2,2,0,16,49.0,33.731
1551.571699,1,1,1,0,1,46.0,0.0
1551.577993,5,2,1,0,2,45.0,3.352
1551.588231,5,1,15,2,73,54.0,352.416
1551.5882465,6,2,11,2,92,54.0,335.077
1551.588247,1,2,5,1,61,52.0,153.287
1551.588266,2,3,4,0,27,54.0,191.192
1551.5901315,6,1,1,0,1,45.0,0.0
1551.607075,1,1,6,1,42,61.0,461.566
1551.6094925,3,2,1,0,2,45.0,9.639
1551.619612,1,1,3,0,6,53.0,50.856
1551.626636,5,2,4,0,3,49.0,11.568
1551.634758,5,2,4,0,19,53.0,107.53
1551.636903,1,8,29,9,213,64.0,3315.0
1551.6369065,3,10,26,9,192,64.0,3469.0
1551.636907,2,9,27,11,228,62.0,4041.0
1551.6369175,6,102,31,10,253,58.0,2679.0
1551.636919,5,13,23,4,145,57.0,918.556
1551.641446,5,12,7,0,32,54.0,172.142
1551.6414625,6,2,5,0,16,58.0,202.349
1551.641551,1,1,3,0,1,48.0,0.0
1551.6415555,3,1,2,0,9,51.0,50.089
1551.6580705,3,2,1,0,3,48.0,12.767
1551.658087,5,9,6,0,13,51.0,87.644
1551.658129,1,1,1,0,1,45.0,0.0
1551.6709675,6,1,1,0,1,49.0,0.0
1551.6771975,6,3,4,1,24,60.0,333.985
1551.677227,5,2,3,0,8,49.0,38.75
1551.682524,5,1,2,0,1,46.0,0.0
1551.6879235,6,1,1,0,5,47.0,11.03
1551.6912635,6,2,6,3,31,69.0,4121.0
1551.707552,5,1,5,1,28,57.0,294.85
1551.7075725,6,1,2,0,1,45.0,0.0
1551.709183,5,19,15,3,103,60.0,860.092
1551.7092045,6,4,8,2,60,62.0,996.498
1551.709213,1,26,5,0,27,51.0,62.663
1551.709216,2,2,5,0,3,54.0,43.619
1551.7092245,3,1,6,0,18,49.0,49.109
1551.732569,1,91,28,8,260,62.0,2276.0
1551.7325945,6,174,28,8,321,57.0,1856.0
1551.732653,2,5,22,9,228,61.0,2772.0
1551.7326555,3,6,24,7,189,62.0,2298.0
1551.732665,5,18,20,3,145,56.0,621.02
1551.736605,5,2,16,2,36,60.0,831.903
1551.7366275,6,8,8,1,47,55.0,262.42
1551.736633,1,1,6,0,63,49.0,90.877
1551.7366385,3,1,2,0,1,48.0,0.0
1551.74029,5,1,7,0,32,56.0,202.674
1551.7403125,6,8,3,0,14,55.0,107.973
1551.756031,5,1,4,0,21,53.0,97.077
1551.7560525,6,2,2,0,15,52.0,69.278
1551.7578695,6,1,1,0,1,48.0,0.0
1551.758076,5,2,6,0,32,50.0,113.632
1551.758124,1,1,1,0,1,45.0,0.0
1551.7713715,6,11,7,1,28,59.0,401.54
1551.771379,5,4,5,0,18,51.0,68.093
1551.771383,1,1,6,0,44,48.0,67.066
1551.772076,1,2,4,0,17,61.0,338.242
1551.782111,5,9,12,2,54,59.0,726.31
1551.7821265,6,5,5,1,23,58.0,458.203
1551.782136,1,1,4,0,16,50.0,47.315
1551.7821495,3,1,1,0,1,45.0,0.0
1551.782153,2,1,5,1,66,55.0,318.314
1551.790222,5,1,6,1,52,50.0,166.003
1551.7902275,6,1,5,0,33,54.0,135.508
1551.790233,1,1,7,0,36,53.0,152.211
1551.791239,5,3,2,0,6,56.0,137.096
1551.800665,5,2,11,2,77,60.0,568.551
1551.8006825,6,4,4,1,23,58.0,451.521
1551.802085,5,6,4,0,11,49.0,60.743
1551.8129485,6,1,1,0,5,46.0,9.08
1551.8279185,6,3,3,0,12,58.0,179.782
1551.829516,1,8,28,8,178,64.0,3342.0
1551.8295195,3,10,27,9,189,64.0,3438.0
1551.82952,2,9,26,11,219,62.0,3931.0
1551.8295305,6,59,30,10,250,58.0,2656.0
1551.829532,5,1,23,4,145,58.0,897.462
1551.8318365,6,2,6,1,37,62.0,789.872
1551.8338145,6,1,1,0,1,45.0,0.0
1551.8410035,6,3,5,1,34,57.0,254.493
1551.841019,5,1,3,0,13,51.0,33.289
1551.8410345,3,1,3,0,18,51.0,61.767
1551.84886,1,2,2,0,7,52.0,50.118
1551.856682,5,8,16,4,70,61.0,1901.0
1551.8567035,6,7,5,0,15,58.0,241.77
1551.860587,5,8,41,21,279,72.0,19389.0
1551.8605985,6,24,31,15,247,72.0,12312.0
1551.860599,1,29,32,11,218,65.0,4890.0
1551.8606035,3,24,20,8,221,64.0,2930.0
1551.860605,2,29,29,16,184,67.0,11427.0
1551.860607,4,2,7,1,67,54.0,343.962
1551.862907,5,8,16,3,178,54.0,557.901
1551.8629295,6,10,7,1,139,54.0,285.502
1551.863054,1,1,5,0,43,50.0,120.915
1551.8630675,3,1,1,0,4,48.0,11.368
1551.865114,5,1,6,1,31,58.0,332.161
1551.873933,5,2,5,0,5,55.0,107.2
1551.8739545,6,3,3,0,9,53.0,76.676
1551.8746445,6,1,3,0,14,52.0,50.068
1551.875835,5,2,2,0,3,46.0,12.537
1551.881082,5,2,6,0,23,57.0,167.288
1551.8811005,6,1,3,0,17,56.0,166.479
1551.890696,5,1,6,1,42,53.0,168.425
1551.8907205,6,1,2,0,9,51.0,47.434
1551.893698,5,2,2,0,3,52.0,24.137
1551.8937195,6,1,1,0,1,49.0,0.0
1551.902004,1,1,1,0,1,47.0,0.0
1551.903115,5,4,3,0,5,50.0,32.358
1551.9031285,6,1,2,0,90,45.0,54.036
1551.90422,5,1,3,0,1,50.0,0.0
1551.9154855,6,1,3,0,14,49.0,39.409
1551.916182,1,2,1,0,2,45.0,3.903
1551.922586,5,1,5,0,25,48.0,54.656
1551.922769,2,2,2,0,6,57.0,131.239
1551.9227795,3,1,1,0,1,45.0,0.0
1551.939182,5,2,1,0,2,48.0,8.58
1551.9494495,6,2,4,1,24,61.0,599.836
1551.95061,5,1,4,0,18,59.0,303.342
1551.9506415,6,1,3,0,1,48.0,0.0
1551.952837,5,1,4,0,1,48.0,0.0
1551.954178,1,1,1,0,1,46.0,0.0
1551.961942,5,5,12,3,111,61.0,1097.0
1551.9619685,3,1,1,0,5,47.0,11.781
1551.9619695,6,2,5,0,11,52.0,73.702
1551.970242,5,2,5,0,13,60.0,333.278
1551.9702445,3,1,3,0,15,56.0,122.209
1551.97025,1,1,3,0,1,45.0,0.0
1551.977705,5,3,1,0,4,48.0,16.745
1551.9806365,6,1,2,0,6,52.0,37.598
1551.988131,5,1,1,0,1,46.0,0.0
1551.989836,1,2,2,0,3,51.0,17.438
1551.9928275,6,1,1,0,1,45.0,0.0
1551.995946,5,4,9,2,51,57.0,594.618
1551.9959665,6,2,2,0,3,48.0,12.426
1551.99864,5,1,1,0,1,46.0,0.0
1552.013196,5,1,2,0,1,50.0,0.0
1552.0240725,6,2,4,1,27,60.0,316.255
1552.024083,5,1,5,0,1,49.0,0.0
1552.030252,5,5,6,0,6,56.0,83.818
1552.032948,5,14,25,10,175,67.0,5957.0
1552.0329595,6,8,22,9,174,70.0,6139.0
1552.032966,2,39,18,7,165,62.0,2817.0
1552.032967,1,1,20,5,165,59.0,1291.0
1552.0329765,3,2,12,3,144,54.0,471.504
1552.032987,4,1,1,0,1,45.0,0.0
1552.0359885,3,1,1,0,1,45.0,0.0
1552.036002,1,2,1,0,2,47.0,3.55
1552.040184,5,1,1,0,4,51.0,21.495
1552.0402165,6,1,1,0,1,48.0,0.0
1552.0441375,6,1,1,0,1,45.0,0.0
1552.049317,5,2,8,0,17,53.0,137.169
1552.0493365,6,1,1,0,1,45.0,0.0
1552.054027,5,11,5,0,14,49.0,72.673
1552.07289,5,3,4,0,4,53.0,44.475
1552.0729005,6,9,6,0,21,54.0,137.417
1552.0749485,6,1,1,0,1,45.0,0.0
1552.083029,5,1,1,0,1,49.0,0.0
1552.109359,5,1,2,0,4,46.0,6.816
1552.111759,5,3,3,0,15,51.0,105.763
1552.118501,5,1,4,0,6,50.0,29.606
1552.128731,5,5,20,5,94,62.0,2025.0
1552.1287525,6,11,4,0,31,51.0,96.96
1552.128761,1,1,3,0,12,49.0,23.19
1552.1287625,3,1,3,0,13,52.0,48.429
1552.128779,2,1,2,0,1,57.0,0.0
1552.1332745,6,1,2,0,1,47.0,0.0
1552.1340875,6,2,1,0,3,49.0,19.523
1552.137327,5,11,7,2,114,53.0,368.502
1552.1373565,6,1,2,0,7,53.0,56.455
1552.137364,1,1,1,0,1,45.0,0.0
1552.1373645,3,1,2,0,1,45.0,0.0
1552.139219,1,2,3,0,10,54.0,73.365
1552.1392425,6,1,2,0,1,50.0,0.0
1552.142136,5,1,1,0,1,51.0,0.0
1552.1472535,6,2,1,0,10,46.0,46.638
1552.1494385,6,1,3,0,18,51.0,60.323
1552.149451,5,2,2,0,4,49.0,14.885
1552.1494795,3,1,1,0,1,45.0,0.0
1552.150598,5,5,28,11,193,69.0,7445.0
1552.1506145,3,12,10,2,131,53.0,389.075
1552.1506155,6,2,19,5,186,59.0,1147.0
1552.15062,2,1,14,4,89,58.0,1345.0
1552.150623,1,2,18,3,133,58.0,753.132
1552.154996,5,6,3,0,7,51.0,46.594
1552.156696,5,2,3,0,4,52.0,48.621
1552.15875,5,16,7,1,52,55.0,313.116
1552.1587755,6,1,1,0,1,45.0,0.0
1552.1633175,6,1,1,0,1,45.0,0.0
1552.1639575,6,2,3,0,7,52.0,53.591
1552.164009,5,2,2,0,8,48.0,26.843
1552.171419,5,2,2,0,3,46.0,37.949
1552.1714375,6,1,1,0,1,47.0,0.0
1552.173131,5,2,2,0,3,50.0,24.516
1552.1731505,6,1,2,0,11,47.0,17.657
1552.174519,5,1,1,0,1,45.0,0.0
1552.177117,5,5,8,2,28,59.0,902.829
1552.1771365,6,1,3,0,5,49.0,17.048
1552.1821745,6,2,7,1,94,55.0,213.924
1552.18218,1,2,5,0,18,48.0,53.693
1552.1821895,3,1,3,0,9,48.0,28.179
1552.1841035,6,1,2,0,11,53.0,78.317
1552.1858775,6,1,1,0,4,47.0,11.706
1552.2050865,6,1,3,0,7,51.0,42.945
1552.206906,5,2,4,0,17,57.0,112.413
1552.207612,5,2,5,1,56,58.0,295.317
1552.2076435,6,1,2,0,13,48.0,30.263
1552.2076605,3,1,1,0,1,45.0,0.0
1552.207667,2,1,1,0,1,50.0,0.0
1552.208578,2,1,1,0,1,52.0,0.0
1552.208578,5,1,2,0,1,47.0,0.0
1552.209701,5,1,4,0,1,52.0,0.0
1552.218131,5,1,4,0,1,53.0,0.0
1552.220777,5,1,3,0,1,52.0,0.0
1552.2207955,6,1,2,0,1,49.0,0.0
1552.2259865,3,1,1,0,4,48.0,11.311
1552.225989,5,6,5,0,20,53.0,173.867
1552.23467,5,1,1,0,1,45.0,0.0
1552.238156,5,2,1,0,2,46.0,4.305
1552.256399,5,5,6,0,18,55.0,295.294
1552.2662355,6,1,1,0,1,50.0,0.0
1552.274193,1,34,9,0,35,55.0,137.308
1552.2741975,6,1,6,1,58,51.0,151.026
1552.274203,5,16,7,1,44,54.0,327.358
1552.2742045,3,1,2,0,11,52.0,39.28
1552.274219,2,1,2,0,1,51.0,0.0
1552.2797865,3,1,1,0,1,45.0,0.0
1552.279791,5,1,1,0,1,47.0,0.0
1552.282515,5,1,4,0,6,51.0,34.597
1552.294427,5,1,9,1,71,54.0,251.965
1552.29443,2,1,2,0,4,55.0,57.636
1552.29444,1,1,6,0,30,56.0,207.573
1552.2944455,6,1,5,0,41,48.0,57.487
1552.304632,5,1,2,0,1,49.0,0.0
1552.3053445,6,1,2,0,8,46.0,14.558
1552.307068,5,1,4,0,6,55.0,102.052
1552.3071035,6,1,1,0,1,45.0,0.0
1552.317329,5,2,1,0,2,45.0,7.837
1552.329648,1,2,5,0,37,56.0,223.23
1552.335451,5,1,1,0,1,47.0,0.0
1552.335788,1,1,6,0,38,56.0,179.864
1552.33785,1,2,5,1,40,56.0,194.807
1552.3979165,6,2,5,0,29,52.0,130.022
1552.397939,1,2,1,0,2,46.0,5.201
1552.405526,1,2,2,0,2,52.0,9.639
1552.405547,5,1,2,0,1,47.0,0.0
1552.4092015,6,2,2,0,8,50.0,28.289
1552.421612,5,17,15,3,90,60.0,1049.0
1552.4216295,6,2,10,2,105,54.0,367.37
1552.421642,2,1,2,0,1,52.0,0.0
1552.421658,1,2,6,0,8,51.0,46.428
1552.431107,1,1,1,0,1,45.0,0.0
1552.4406745,6,1,2,0,1,48.0,0.0
1552.450195,5,1,1,0,1,45.0,0.0
1552.456254,1,2,11,4,62,68.0,2498.0
1552.467561,5,1,1,0,1,45.0,0.0
1552.4694285,6,1,1,0,1,45.0,0.0
1552.477088,1,1,1,0,1,50.0,0.0
1552.478642,5,2,3,0,11,49.0,46.259
1552.491766,5,2,2,0,2,45.0,4.961
1552.5149025,6,1,1,0,1,45.0,0.0
1552.521557,5,1,4,0,18,54.0,101.156
1552.542915,5,2,2,0,25,51.0,90.237
1552.567878,1,3,6,0,10,57.0,160.675
1552.567889,2,1,4,0,30,56.0,193.127
1552.5678915,6,1,7,1,58,55.0,233.752
1552.5678985,3,1,3,0,19,50.0,64.475
1552.567899,5,4,14,1,53,57.0,348.802
1552.5735015,6,1,1,0,1,45.0,0.0
1552.579304,5,2,2,0,3,48.0,10.953
1552.596734,1,2,6,1,42,55.0,218.275
1552.5989635,6,2,1,0,2,45.0,3.352
1552.60585,5,1,1,0,1,45.0,0.0
1552.619285,5,3,5,1,18,57.0,417.45
1552.6199815,6,2,4,0,16,54.0,133.598
1552.6307585,6,1,1,0,1,46.0,0.0
1552.632132,5,26,19,3,135,55.0,697.796
1552.6321365,3,2,6,1,80,52.0,186.139
1552.6321365,6,1,11,1,75,54.0,307.215
1552.632138,4,1,1,0,1,45.0,0.0
1552.632153,1,59,11,2,91,53.0,297.249
1552.632153,2,1,5,0,23,55.0,200.528
1552.638657,5,13,6,1,32,55.0,310.791
1552.638657,2,1,2,0,1,51.0,0.0
1552.638664,1,2,6,0,30,51.0,86.49
1552.6386665,6,1,4,0,49,51.0,73.387
1552.6414875,6,4,7,1,20,62.0,604.424
1552.641505,1,1,8,1,63,51.0,160.799
1552.6415175,3,2,1,0,2,45.0,4.529
1552.64152,2,1,2,0,33,55.0,109.06
1552.641526,5,2,4,0,25,52.0,101.162
1552.660604,5,2,6,0,18,53.0,147.955
1552.6606175,3,1,1,0,4,46.0,7.549
1552.6606375,6,1,1,0,11,47.0,15.33
1552.6648435,6,1,1,0,1,45.0,0.0
1552.667389,1,2,1,0,5,47.0,21.096
1552.6794565,3,1,2,0,8,53.0,43.669
1552.6871255,6,1,3,0,20,56.0,183.09
1552.687612,1,2,2,0,3,52.0,31.23
1552.6915365,6,1,2,0,1,48.0,0.0
1552.695624,5,2,6,1,22,56.0,265.962
1552.695644,1,1,2,0,1,46.0,0.0
1552.697848,1,4,7,1,42,61.0,587.876
1552.699368,1,30,4,0,31,53.0,86.428
1552.701241,1,3,1,0,4,56.0,103.659
1552.7016215,6,2,1,0,3,53.0,26.097
1552.707179,5,7,6,0,16,57.0,388.668
1552.7071985,6,6,3,0,10,56.0,90.802
1552.7316725,6,2,2,0,15,48.0,42.333
1552.734131,1,1,1,0,1,47.0,0.0
1552.737642,5,1,1,0,1,45.0,0.0
1552.738428,5,1,1,0,1,47.0,0.0
1552.7414555,6,1,1,0,1,47.0,0.0
1552.743533,2,43,16,6,123,59.0,1922.0
1552.743538,5,9,28,7,166,62.0,2401.0
1552.743539,1,41,27,8,180,63.0,3381.0
1552.7435405,6,14,23,6,169,58.0,1472.0
1552.7435475,3,1,15,2,129,56.0,427.019
1553.317527,1,1,1,0,1,48.0,0.0
1553.33126,2,1,2,0,1,52.0,0.0
1553.347298,5,1,2,0,8,54.0,66.357
1553.3601965,6,1,1,0,1,45.0,0.0
1553.369761,5,1,2,0,1,51.0,0.0
1553.372975,5,4,4,0,10,53.0,67.358
1553.37633,2,1,1,0,1,53.0,0.0
1553.3777615,6,1,1,0,1,45.0,0.0
1553.406794,5,3,5,0,18,56.0,325.004
1553.4172035,6,1,2,0,9,47.0,23.517
1553.4355105,6,1,1,0,1,46.0,0.0
1553.44647,5,1,5,0,26,51.0,134.281
1553.4464945,6,1,1,0,1,46.0,0.0
1553.450776,5,6,19,5,120,61.0,2251.0
1553.4507955,3,1,4,0,34,51.0,75.219
1553.5081565,6,2,6,1,26,65.0,1030.0
1553.5167405,6,1,1,0,1,47.0,0.0
1553.5178545,6,1,1,0,1,45.0,0.0
1553.523989,1,1,3,0,9,48.0,24.55
1553.531596,5,2,5,1,17,62.0,786.698
1553.5316185,3,1,1,0,1,45.0,0.0
1553.542902,5,1,6,0,1,55.0,0.0
1553.5429255,6,1,1,0,1,46.0,0.0
1553.5437965,6,1,1,0,1,46.0,0.0
1553.5482545,6,1,1,0,1,45.0,0.0
1553.5566815,6,17,28,10,151,71.0,8486.0
1553.556689,5,32,34,11,216,62.0,4625.0
1553.5597435,6,10,40,23,315,74.0,19669.0
1553.559745,5,37,39,14,231,67.0,6804.0
1553.559749,1,10,39,16,276,66.0,7658.0
1553.5776055,6,4,4,0,18,61.0,326.647
1553.5826675,6,1,1,0,4,48.0,12.716
1553.582688,1,1,2,0,17,47.0,37.712
1553.5983305,6,1,1,0,5,47.0,10.125
1553.607982,5,1,3,0,4,51.0,18.36
1553.6183705,6,1,2,0,9,47.0,19.064
1553.6457135,6,1,2,0,1,48.0,0.0
1553.6509905,6,1,1,0,1,45.0,0.0
1553.654059,5,8,6,0,25,54.0,177.268
1553.656474,5,172,3,1,181,53.0,143.372
1553.65866,1,1,1,0,1,45.0,0.0
1553.676992,1,2,1,0,10,48.0,22.22
1553.680347,5,1,5,0,4,52.0,12.04
1553.6803595,3,1,2,0,12,47.0,16.994
1553.680364,1,2,4,1,68,50.0,115.733
1553.6921935,6,1,1,0,1,47.0,0.0
1553.6938955,6,1,1,0,1,48.0,0.0
1553.7025915,6,1,2,0,14,47.0,15.956
1553.712932,5,2,6,0,9,54.0,171.059
1553.720937,5,9,19,10,101,71.0,13406.0
1553.7209615,3,1,5,0,45,53.0,127.513
1553.7460095,6,2,1,0,2,47.0,3.352
1553.7495,2,1,2,0,1,52.0,0.0
1553.772553,1,2,1,0,2,47.0,23.241
1553.7764295,6,2,3,0,24,48.0,68.007
1553.784792,5,2,5,0,7,52.0,54.144
1553.796479,5,3,5,1,31,57.0,298.79
1553.800455,1,6,2,0,7,49.0,32.166
1553.810313,1,1,1,0,1,45.0,0.0
1553.810804,5,2,2,0,2,52.0,20.324
1553.819818,5,2,14,5,38,66.0,4033.0
1553.819837,1,1,3,0,12,49.0,34.778
1553.8198895,3,1,1,0,1,45.0,0.0
1553.824543,5,4,11,1,56,53.0,265.699
1553.82455,2,2,4,0,17,52.0,115.207
1553.8245755,3,1,2,0,4,50.0,7.818
1553.836487,1,1,1,0,1,45.0,0.0
1553.857957,5,3,4,0,31,55.0,160.75
1553.858728,1,1,1,0,1,45.0,0.0
1553.874715,5,2,17,5,164,60.0,1478.0
1553.8747335,6,6,13,3,70,60.0,988.72
1553.8747485,3,2,7,1,46,53.0,229.33
1553.874751,2,1,4,0,1,52.0,0.0
1553.879617,1,2,1,0,3,46.0,8.067
1553.8938595,6,1,1,0,1,45.0,0.0
1553.904436,1,1,2,0,10,49.0,15.349
1553.919969,2,1,1,0,1,52.0,0.0
1553.9261425,3,2,1,0,2,49.0,12.046
1553.9390945,6,1,1,0,1,45.0,0.0
1553.9442555,3,2,1,0,2,45.0,14.488
1553.9505935,3,1,1,0,1,45.0,0.0
1553.9536305,6,1,1,0,1,45.0,0.0
1553.9611915,6,1,1,0,1,48.0,0.0
1553.963485,1,2,2,0,2,48.0,10.215
1553.9635135,3,1,1,0,1,45.0,0.0
1553.97965,5,2,6,1,21,57.0,321.829
1553.985424,2,1,1,0,1,51.0,0.0
1553.985449,1,1,1,0,1,45.0,0.0
1553.988441,5,6,4,0,14,55.0,128.703
1553.9986645,6,1,1,0,1,45.0,0.0
1554.002732,5,7,5,0,15,54.0,209.101
1554.023432,5,16,6,1,39,57.0,587.231
1554.023438,1,1,2,0,1,48.0,0.0
1554.0236495,3,1,2,0,159,48.0,36.523
1554.031332,5,17,13,4,106,60.0,1184.0
1554.0313395,3,1,6,1,96,52.0,172.257
1554.0354735,6,1,1,0,1,45.0,0.0
1554.049049,5,3,2,0,7,51.0,39.208
1554.0490685,6,1,1,0,1,47.0,0.0
1554.0541105,6,1,1,0,1,47.0,0.0
1554.0656875,6,2,1,0,6,47.0,26.077
1554.081083,5,2,8,1,32,58.0,390.927
1554.084379,1,2,12,3,88,64.0,1067.0
1554.0843905,3,2,5,1,35,54.0,257.982
1554.087058,5,2,10,1,44,55.0,380.193
1554.1333575,6,2,1,0,2,46.0,4.179
1554.14339,5,1,6,1,24,59.0,469.625
1554.1559765,6,1,1,0,1,45.0,0.0
1554.157625,1,1,3,0,11,48.0,21.811
1554.1623395,6,1,1,0,4,47.0,9.345
1554.175151,1,2,1,0,3,46.0,7.965
1554.183462,1,3,2,0,5,50.0,54.56
1554.1852245,3,1,1,0,1,46.0,0.0
1554.191572,5,2,1,0,3,53.0,27.977
1554.1975005,3,1,2,0,1,48.0,0.0
1554.201509,1,13,58,46,357,79.0,80942.0
1554.201513,2,12,51,49,323,77.0,72936.0
1554.2015195,6,15,50,32,397,75.0,30943.0
1554.2015205,3,17,38,22,385,70.0,14217.0
1554.201521,5,22,55,30,351,70.0,25353.0
1554.20655,5,2,3,0,4,52.0,29.642
1554.21179,5,7,21,6,131,61.0,2677.0
1554.2118395,3,1,1,0,1,45.0,0.0
1554.2188365,6,2,6,2,101,61.0,789.748
1554.2188905,3,1,1,0,13,47.0,12.197
1554.2209705,6,1,2,0,4,48.0,12.656
1554.227749,5,3,15,3,91,60.0,1028.0
1554.2277645,6,15,7,1,19,59.0,350.038
1554.227809,1,5,4,0,17,48.0,51.573
1554.229788,5,2,2,0,2,51.0,12.258
1554.232805,5,11,8,0,17,56.0,316.745
1554.232851,1,1,2,0,1,46.0,0.0
1554.232864,2,1,2,0,1,50.0,0.0
1554.2526195,6,1,1,0,1,46.0,0.0
1554.2705055,6,2,4,1,23,67.0,1122.0
1554.2847635,3,1,4,0,22,52.0,80.029
1554.284782,5,2,11,1,56,54.0,341.885
1554.2854495,3,1,1,0,1,45.0,0.0
1554.2882295,6,1,1,0,1,45.0,0.0
1554.2936495,6,1,1,0,4,48.0,13.302
1554.296285,5,13,38,11,425,62.0,2599.0
1554.2962945,6,10,47,13,514,59.0,2698.0
1554.296303,1,234,43,13,457,62.0,3496.0
1554.3021435,6,1,2,0,52,48.0,34.642
1554.308782,5,1,4,0,9,55.0,113.034
1554.3088055,6,1,2,0,1,49.0,0.0
1554.309851,5,1,4,0,1,49.0,0.0
1554.312651,5,2,2,0,7,49.0,39.635
1554.322033,5,2,1,0,3,48.0,14.512
1554.352385,1,2,4,0,23,51.0,117.089
1554.3524035,3,1,2,0,9,47.0,20.833
1554.352406,5,1,4,0,30,50.0,63.166
1554.3524765,6,1,1,0,1,45.0,0.0
1554.360751,1,1,2,0,1,46.0,0.0
1554.3650195,6,3,4,0,22,57.0,176.26
1554.3681935,6,2,5,1,25,62.0,510.468
1554.371043,1,5,3,0,6,50.0,48.006
1554.3710575,6,1,1,0,1,45.0,0.0
1554.3795135,6,5,9,2,35,65.0,1027.0
1554.379528,5,2,7,0,39,54.0,172.131
1554.3795475,3,2,3,0,9,52.0,68.446
1554.379565,1,2,7,0,59,52.0,109.716
1554.3869885,6,2,4,0,17,56.0,132.391
1554.393336,1,8,29,11,235,64.0,4516.0
1554.3933395,3,10,28,9,278,64.0,3193.0
1554.39334,2,9,21,8,149,62.0,3262.0
1554.3933505,6,34,35,9,269,57.0,2173.0
1554.393363,5,14,23,5,158,58.0,1042.0
1554.394031,5,2,4,0,11,54.0,110.43
1554.3983795,6,1,1,0,1,45.0,0.0
1554.4029375,6,2,2,0,13,48.0,45.448
1554.4112945,6,1,2,0,1,49.0,0.0
1554.411298,1,1,2,0,1,45.0,0.0
1554.41508,2,1,9,3,102,57.0,815.085
1554.4150805,3,56,9,2,119,52.0,242.309
1554.4150915,6,3,13,3,117,56.0,540.152
1554.415096,1,9,16,2,78,57.0,511.557
1554.415097,5,2,16,2,85,57.0,408.404
1554.415828,5,1,1,0,1,45.0,0.0
1554.422566,2,1,2,0,1,52.0,0.0
1554.4225665,3,1,1,0,4,47.0,11.342
1554.4225805,6,1,3,0,1,46.0,0.0
1554.4231475,6,1,1,0,1,45.0,0.0
1554.4321955,6,1,2,0,1,47.0,0.0
1554.4425115,6,6,3,1,96,57.0,371.223
1554.4590225,6,1,5,0,25,58.0,238.601
1554.45903,1,2,6,1,62,51.0,164.095
1554.459063,5,2,4,0,35,50.0,94.808
1554.459759,5,2,1,0,2,46.0,4.793
1554.471735,5,6,8,1,38,53.0,376.138
1554.4717585,6,2,4,0,14,49.0,52.183
1554.477515,5,6,5,0,36,52.0,129.852
1554.4775185,6,2,4,0,18,58.0,228.189
1554.47757,1,1,1,0,1,45.0,0.0
1554.483738,2,1,5,1,45,54.0,218.724
1554.483741,1,28,12,3,183,53.0,347.114
1554.4837435,6,24,10,2,193,53.0,229.632
1554.483748,5,1,14,2,84,54.0,351.698
1554.4837555,3,1,2,0,4,45.0,7.326
1554.486049,5,1,8,2,207,56.0,321.658
1554.488703,1,2,1,0,6,53.0,35.808
1554.4892005,3,3,23,6,174,62.0,1999.0
1554.489201,2,1,17,7,149,60.0,2212.0
1554.4892088,1,4,25,7,221,61.0,2287.0
1554.4892155,6,63,31,7,265,56.0,1387.0
1554.489227,5,2,18,3,133,56.0,656.265
1554.494668,1,1,7,1,64,54.0,153.055
1554.4946705,3,2,3,0,26,49.0,57.799
1554.494672,2,1,5,1,48,53.0,273.651
1554.494672,5,3,10,1,42,55.0,424.972
1554.4946735,6,2,6,1,51,55.0,269.539
1554.496133,5,1,2,0,1,46.0,0.0
1554.516962,5,1,1,0,1,45.0,0.0
1554.529445,5,1,14,4,105,67.0,1546.0
1554.5294525,6,16,11,3,115,64.0,1260.0
1554.529463,2,1,8,1,38,56.0,542.296
1554.529471,1,1,15,3,153,56.0,463.937
1554.5294875,3,1,4,0,40,49.0,90.786
1554.5347095,6,1,1,0,1,47.0,0.0
1554.5351555,3,1,2,0,8,54.0,97.327
1554.535216,5,1,2,0,1,48.0,0.0
1554.559533,2,4,6,2,42,65.0,1133.0
1554.5595355,3,1,4,1,78,54.0,212.005
1554.559545,1,1,9,1,56,55.0,276.851
1554.5595525,6,1,10,2,96,54.0,332.714
1554.559558,5,2,5,1,35,55.0,342.482
1554.572153,5,1,5,0,40,49.0,86.585
1554.572166,1,1,2,0,1,48.0,0.0
1554.576492,1,1,1,0,1,48.0,0.0
1554.579529,2,1,1,0,1,50.0,0.0
1554.580822,5,2,6,0,10,56.0,109.351
1554.5808525,6,2,4,0,23,59.0,321.003
1554.585233,1,8,30,11,235,64.0,4595.0
1554.5852365,3,10,27,9,275,64.0,3148.0
1554.585237,2,9,21,8,149,62.0,3250.0
1554.5852475,6,67,34,9,269,58.0,2150.0
1554.58526,5,14,24,5,158,58.0,1046.0
1554.5913995,6,1,1,0,5,50.0,22.348
1554.596944,5,13,6,1,41,54.0,271.767
1554.5969745,6,2,2,0,14,48.0,33.705
1554.5986345,6,1,1,0,1,45.0,0.0
1554.6001235,6,1,1,0,1,45.0,0.0
1554.6103935,6,3,4,0,17,55.0,179.115
1554.6104085,3,1,2,0,5,47.0,11.583
1554.610411,1,1,3,0,35,49.0,58.742
1554.622641,1,1,3,0,6,52.0,30.13
1554.62509,1,1,3,0,14,51.0,33.807
1554.625129,5,41,6,0,46,49.0,116.829
1554.6251555,6,1,3,0,1,47.0,0.0
1554.625157,2,1,1,0,1,51.0,0.0
1554.6294065,6,1,4,0,25,56.0,137.595
1554.6330325,6,1,1,0,1,45.0,0.0
1554.638643,1,1,1,0,1,45.0,0.0
1554.640394,1,1,5,0,1,51.0,0.0
1554.646535,5,1,2,0,1,51.0,0.0
1554.6465485,6,1,1,0,1,45.0,0.0
1554.6625475,6,2,8,1,34,57.0,355.445
1554.662565,5,11,4,0,12,52.0,63.622
1554.6625795,3,1,1,0,5,48.0,14.148
1554.6657905,6,4,25,10,194,69.0,5894.0
1554.665796,5,13,31,6,123,64.0,2906.0
1554.6657975,3,2,18,5,219,60.0,1284.0
1554.665798,2,43,17,6,123,61.0,2257.0
1554.6658,1,47,23,5,144,58.0,1214.0
1554.6732805,6,1,14,4,109,63.0,1711.0
1554.673294,1,1,14,1,69,55.0,333.497
1554.673294,5,8,7,2,97,54.0,291.299
1554.6733145,3,1,6,1,78,54.0,233.489
1554.673324,2,1,5,1,51,54.0,288.166
1554.678589,1,2,4,0,33,57.0,124.553
1554.681005,1,8,26,9,232,62.0,3059.0
1554.6810085,3,10,23,6,174,62.0,2002.0
1554.681009,2,9,17,6,149,61.0,2199.0
1554.6810195,6,67,30,7,266,56.0,1372.0
1554.681037,5,9,18,3,127,56.0,607.347
1554.684809,1,1,1,0,1,46.0,0.0
1554.6869435,6,2,3,0,18,60.0,344.252
1554.68696,1,1,3,0,1,50.0,0.0
1554.6880175,6,11,3,0,12,51.0,88.207
1554.6905945,6,4,4,0,15,57.0,174.751
1554.690613,1,1,4,0,42,49.0,60.116
1554.6930035,6,1,3,0,29,51.0,76.093
1554.693538,5,2,2,0,2,53.0,3.784
1554.693538,1,1,3,0,19,48.0,32.71
1554.6935515,6,1,3,0,1,48.0,0.0
1554.695797,5,3,1,0,5,49.0,34.946
1554.7022515,6,1,2,0,6,50.0,20.712
1554.702704,5,14,6,1,19,57.0,560.04
1554.7246475,6,1,2,0,4,52.0,23.335
1554.7645865,6,1,1,0,1,45.0,0.0
1554.76775,1,1,1,0,1,45.0,0.0
1554.774514,1,7,17,4,116,63.0,2031.0
1554.7745405,3,1,2,0,6,51.0,28.831
1554.7745575,6,1,3,0,8,52.0,51.027
1554.77672,1,8,30,11,235,64.0,4701.0
1554.7767235,3,10,28,9,275,64.0,3175.0
1554.776724,2,9,22,8,149,62.0,3363.0
1554.7767345,6,34,35,9,269,58.0,2105.0
1554.776736,5,25,23,5,169,58.0,1081.0
1554.778014,5,2,3,0,20,52.0,143.397
1554.778186,2,2,5,2,43,62.0,1092.0
1554.778215,1,2,8,1,42,55.0,226.897
1554.7782305,6,1,4,0,23,51.0,67.745
1554.781001,5,1,6,0,19,52.0,100.329
1554.7810015,3,1,3,0,38,48.0,56.497
1554.7810015,6,1,4,0,29,51.0,50.239
1554.781021,1,1,4,0,50,50.0,86.308
1554.7998525,6,1,1,0,1,48.0,0.0
1554.8125875,6,1,2,0,6,57.0,94.843
1554.820699,1,10,27,9,387,62.0,2941.0
1554.8207145,3,2,11,3,115,58.0,640.603
1554.8207145,6,9,18,4,177,58.0,894.646
1554.820715,2,1,13,6,100,65.0,3176.0
1554.820723,5,26,20,5,160,57.0,1142.0
1554.8240795,6,1,1,0,1,45.0,0.0
1554.824939,5,1,12,5,93,65.0,2765.0
1554.8249605,6,1,5,0,31,53.0,92.398
1554.8249665,3,1,3,0,38,49.0,39.096
1554.824978,1,4,5,0,41,50.0,81.734
1554.8317435,6,2,1,0,2,45.0,15.493
1554.839308,1,3,13,2,72,58.0,497.868
1554.8393345,6,1,7,1,79,54.0,243.504
1554.8393375,3,1,1,0,1,48.0,0.0
1554.839346,2,1,1,0,1,50.0,0.0
1554.839353,5,1,3,0,1,48.0,0.0
1554.840019,1,6,2,0,7,50.0,20.354
1554.8515075,6,1,2,0,4,48.0,12.077
1554.8522525,6,1,4,0,22,53.0,109.275
1554.852254,5,2,2,0,8,50.0,39.978
1554.8522705,3,1,2,0,9,45.0,13.669
1554.86822,1,2,3,0,5,54.0,75.523
1554.8697065,6,1,1,0,8,45.0,11.477
1554.872581,1,8,26,8,172,62.0,3022.0
1554.8725845,3,10,24,7,275,62.0,2056.0
1554.872585,2,9,16,7,149,61.0,2217.0
1554.8725955,6,20,31,7,263,56.0,1352.0
1554.872613,5,9,17,4,153,56.0,656.299
1554.901701,5,1,14,2,97,56.0,427.877
1554.9017015,6,2,10,2,105,55.0,395.733
1554.901706,1,56,11,2,96,53.0,288.349
1554.901716,2,1,8,2,51,57.0,481.039
1554.9017495,3,1,2,0,1,45.0,0.0
1554.910918,5,1,23,4,236,55.0,789.915
1554.910928,1,142,16,5,284,58.0,862.097
1554.9110565,6,14,13,4,94,63.0,1607.0
1554.9110645,3,1,10,2,103,53.0,319.408
1554.911097,2,1,9,1,32,57.0,410.659
1554.920407,5,1,3,0,1,48.0,0.0
1554.924749,5,3,4,0,8,53.0,80.175
1554.9247625,6,1,2,0,1,47.0,0.0
1554.9269885,6,1,2,0,4,47.0,9.225
1554.927744,5,2,1,0,2,45.0,3.695
1554.954193,5,2,2,0,2,51.0,18.509
1554.9542165,6,1,2,0,4,48.0,10.142
1554.968417,1,8,31,11,235,64.0,4794.0
1554.9684205,3,10,28,9,275,64.0,3128.0
1554.968421,2,9,20,10,205,62.0,3513.0
1554.9684315,6,67,37,9,266,58.0,2065.0
1554.968444,5,14,23,5,161,58.0,1086.0
1554.969335,5,13,19,5,132,65.0,2303.0
1554.969345,1,1,15,2,72,53.0,337.58
1554.9693525,6,5,12,3,77,62.0,1487.0
1554.9693685,3,1,3,0,35,51.0,92.048
1554.969394,2,2,4,0,14,54.0,146.938
1554.9748915,6,2,5,0,24,58.0,279.091
1554.9798305,6,2,1,0,3,51.0,19.69
1554.98479,5,2,2,0,5,48.0,27.83
1554.984795,1,1,4,0,15,50.0,34.763
1554.9847955,6,1,4,0,26,48.0,52.42
1554.996031,1,1,1,0,1,47.0,0.0
1554.9960385,6,1,1,0,1,45.0,0.0
1555.0020345,6,1,1,0,1,45.0,0.0
1555.00744,1,2,2,0,2,48.0,5.098
1555.0121845,6,1,4,0,6,54.0,57.075
1555.0125585,3,1,1,0,1,45.0,0.0
1555.017932,1,2,18,5,135,66.0,2347.0
1555.0179445,3,9,8,2,130,54.0,275.074
1555.017947,2,1,9,2,65,62.0,926.448
1555.0179515,6,10,10,3,126,57.0,616.089
1555.017988,5,2,4,0,48,48.0,103.836
1555.019354,1,2,3,0,7,50.0,31.661
1555.0228075,6,1,1,0,1,45.0,0.0
1555.028061,1,4,12,2,57,61.0,753.416
1555.0280715,6,3,10,1,53,58.0,490.815
1555.0280735,3,4,3,0,11,52.0,57.579
1555.028074,2,1,5,1,72,55.0,334.968
1555.028083,5,59,10,1,72,52.0,233.097
1555.0340975,3,1,1,0,1,45.0,0.0
1555.0377015,6,1,3,0,13,58.0,129.973
1555.04611,5,2,1,0,2,46.0,4.4
1555.049878,1,2,1,0,2,45.0,3.132
1555.053016,1,4,5,0,37,55.0,159.588
1555.0530205,3,2,2,0,2,48.0,4.432
1555.053047,5,1,2,0,23,46.0,28.648
1555.0530525,6,1,2,0,1,49.0,0.0
1555.0659315,6,2,2,0,124,50.0,69.796
1555.068064,1,1,1,0,4,50.0,19.816
1555.0726855,6,1,1,0,1,45.0,0.0
1555.0784855,6,1,1,0,1,45.0,0.0
1555.0825605,6,2,1,0,3,48.0,32.327
1555.0913885,6,1,1,0,1,45.0,0.0
1555.095031,5,2,5,1,20,56.0,368.878
1555.098198,5,2,3,0,2,48.0,7.047
1555.0982035,6,1,3,0,4,49.0,12.979
1555.1014345,6,2,2,0,15,55.0,181.565
1555.1155095,6,3,1,0,5,53.0,66.018
1555.1164985,6,2,3,0,19,52.0,74.398
1555.123717,1,4,20,8,112,73.0,10475.0
1555.1237415,3,2,1,0,6,51.0,32.612
1555.1237605,6,1,2,0,13,49.0,27.103
1555.123776,2,1,2,0,1,52.0,0.0
1555.127372,5,1,2,0,1,50.0,0.0
1555.1273845,6,1,2,0,4,49.0,14.648
1555.127414,1,1,1,0,1,47.0,0.0
1555.1300075,6,2,2,0,3,51.0,17.898
1555.1320225,6,2,1,0,3,48.0,10.712
1555.1404855,6,1,14,3,162,60.0,724.881
1555.140492,5,57,18,3,75,61.0,1142.0
1555.140497,1,56,16,3,134,57.0,747.029
1555.1405015,3,1,7,1,66,53.0,201.658
1555.140516,2,1,5,1,49,56.0,288.511
1555.140535,4,1,1,0,1,46.0,0.0
1555.1481905,6,2,5,1,24,63.0,567.086
1555.14823,5,4,2,0,5,47.0,18.71
1555.150416,1,2,2,0,11,54.0,78.613
1555.1504255,3,1,1,0,1,45.0,0.0
1555.1518615,6,1,2,0,1,51.0,0.0
1555.157454,1,2,6,1,46,63.0,591.864
1555.1590475,3,1,1,0,1,45.0,0.0
1555.169898,5,2,3,0,2,50.0,12.908
1555.177984,2,1,1,0,1,50.0,0.0
1555.1959355,6,1,1,0,1,45.0,0.0
1555.21634,5,2,3,0,3,49.0,13.185
1555.2163465,6,1,3,0,9,51.0,47.6
1555.220161,1,2,2,0,3,49.0,16.013
1555.220848,5,3,5,0,10,50.0,73.419
1555.22399,1,1,3,0,1,49.0,0.0
1555.231279,1,2,2,0,3,50.0,14.645
1555.2392185,3,1,2,0,1,47.0,0.0
1555.239222,2,1,4,0,1,54.0,0.0
1555.239223,5,4,6,1,27,56.0,486.906
1555.239227,1,1,9,1,29,55.0,214.158
1555.2392345,6,1,6,0,13,50.0,33.481
1555.2399095,6,1,1,0,1,45.0,0.0
1555.253416,5,2,3,0,17,58.0,256.37
1555.2534535,6,1,1,0,11,46.0,14.775
1555.274168,1,10,3,0,45,51.0,110.158
1555.2744135,6,2,1,0,3,50.0,21.287
1555.27568,1,2,2,0,3,49.0,12.849
1555.2890795,6,1,2,0,17,53.0,62.898
1555.299681,1,2,1,0,3,50.0,18.116
1555.303626,1,1,2,0,1,47.0,0.0
1555.3048995,6,1,1,0,5,46.0,10.776
1555.3065695,6,10,8,2,151,53.0,378.718
1555.306573,5,9,16,1,58,53.0,348.114
1555.3065915,3,2,3,0,5,49.0,21.123
1555.306592,2,1,5,0,16,54.0,123.034
1555.306606,1,2,6,1,75,52.0,176.519
1555.314038,5,1,2,0,6,52.0,40.943
1555.3140665,6,1,1,0,1,45.0,0.0
1555.315659,1,21,19,4,136,58.0,934.906
1555.315662,5,31,23,6,170,60.0,1920.0
1555.3156685,6,50,15,4,211,57.0,890.177
1555.3156705,3,12,11,2,138,53.0,316.227
1555.315674,2,1,13,4,97,60.0,1426.0
1555.3210845,6,1,2,0,8,50.0,37.11
1555.3228655,6,1,1,0,1,45.0,0.0
1555.3379105,6,3,7,0,30,55.0,198.943
1555.337924,5,1,2,0,1,50.0,0.0
1555.3379615,3,1,1,0,1,45.0,0.0
1555.361557,1,2,3,0,3,54.0,39.3
1555.3615645,6,1,2,0,50,54.0,93.011
1555.3615745,3,1,2,0,4,48.0,10.288
1555.3702315,6,12,6,0,27,56.0,214.115
1555.3736555,6,1,1,0,1,45.0,0.0
1555.374899,5,2,9,2,51,61.0,740.971
1555.374923,1,9,6,0,35,53.0,100.084
1555.3749265,6,10,5,1,31,56.0,219.267
1555.3790725,6,1,1,0,1,45.0,0.0
1555.3837155,6,1,1,0,1,45.0,0.0
1555.386196,1,1,10,2,58,65.0,1320.0
1555.3862365,6,1,2,0,22,52.0,53.073
1555.3889245,6,1,3,0,6,53.0,37.472
1555.393596,2,2,4,1,32,56.0,248.702
1555.3935995,3,2,8,1,57,55.0,279.326
1555.393606,1,1,9,1,78,54.0,254.442
1555.393608,5,33,7,1,34,55.0,260.691
1555.3936155,6,1,4,0,24,49.0,48.427
1555.396969,1,2,7,1,39,64.0,761.382
1555.3976835,6,1,1,0,1,45.0,0.0
1555.405676,5,4,11,1,50,57.0,419.003
1555.405746,1,2,1,0,3,50.0,21.32
1555.4094315,6,1,4,0,14,56.0,114.722
1555.415202,2,1,12,4,86,63.0,1423.0
1555.4152105,3,1,7,1,93,50.0,192.754
1555.415213,5,2,14,3,98,61.0,1306.0
1555.415218,1,5,16,2,79,55.0,513.537
1555.4152255,6,1,12,2,74,56.0,430.273
1555.417058,5,1,4,0,34,52.0,95.709
1555.423479,1,2,5,1,39,60.0,496.555
1555.4316645,6,1,2,0,1,50.0,0.0
1555.432543,1,1,1,0,1,45.0,0.0
1555.4363535,6,1,1,0,1,45.0,0.0
1555.4543175,6,2,1,0,2,45.0,4.562
1555.458474,5,1,2,0,7,47.0,16.752
1555.4691205,6,1,2,0,4,50.0,19.317
1555.4700805,6,10,3,0,11,51.0,74.128
1555.510694,5,2,2,0,2,47.0,3.813
1555.511769,1,4,5,1,39,60.0,515.613
1555.512676,5,5,7,1,65,58.0,398.141
1555.5126835,3,2,1,0,2,49.0,9.45
1555.5195555,3,1,1,0,1,45.0,0.0
1555.528627,5,4,11,1,41,59.0,496.376
1555.5286515,6,1,3,0,5,55.0,31.894
1555.5286795,3,1,1,0,4,46.0,8.582
1555.5291855,6,1,1,0,1,45.0,0.0
1555.5297435,6,1,3,0,1,45.0,0.0
1555.5355515,6,1,1,0,1,47.0,0.0
1555.5366065,6,1,1,0,4,51.0,18.245
1555.553008,1,3,11,2,133,53.0,359.033
1555.5530145,3,1,2,0,27,49.0,46.56
1555.553025,2,1,5,0,32,55.0,192.006
1555.5530265,6,1,7,1,40,55.0,180.27
1555.553029,5,3,9,1,62,52.0,274.82
1555.554152,1,2,4,0,3,53.0,34.508
1555.5541665,6,1,3,0,8,50.0,33.782
1555.5541705,3,1,1,0,1,45.0,0.0
1555.5596775,6,1,1,0,1,51.0,0.0
1555.564577,5,2,1,0,3,45.0,8.339
1555.5645795,6,1,3,0,27,49.0,51.643
1555.570399,1,11,14,3,89,59.0,1072.0
1555.5704105,3,1,2,0,14,48.0,30.714
1555.57043,5,8,8,0,20,51.0,106.56
1555.5704395,6,1,7,1,71,50.0,125.238
1555.5771645,6,2,1,0,11,49.0,46.253
1555.585795,5,2,4,1,19,58.0,323.958
1555.5877055,6,1,2,0,1,46.0,0.0
1555.5919195,6,2,1,0,3,50.0,18.271
1555.594352,1,1,2,0,66,52.0,56.956
1555.5951735,6,1,9,1,93,54.0,197.34
1555.595207,5,2,9,1,67,52.0,213.621
1555.595222,1,1,8,1,46,52.0,154.387
1555.6081905,6,1,1,0,1,46.0,0.0
1555.614756,5,3,4,0,22,57.0,304.156
1555.6162965,6,1,1,0,1,46.0,0.0
1555.62559,5,2,1,0,2,49.0,3.55
1555.626156,1,1,2,0,5,52.0,30.757
1555.626418,5,1,1,0,1,45.0,0.0
1555.6301055,6,6,9,2,70,65.0,1328.0
1555.630122,1,1,9,1,59,51.0,213.573
1555.630133,5,48,7,1,51,51.0,161.397
1555.647325,5,7,4,0,11,54.0,177.024
1555.647344,1,1,5,0,16,51.0,33.497
1555.6473765,6,1,1,0,1,46.0,0.0
1555.6487215,6,2,2,0,4,51.0,22.908
1555.6502615,6,1,1,0,1,45.0,0.0
1555.6524775,3,1,1,0,1,45.0,0.0
1555.6721455,6,2,4,0,16,53.0,79.306
1555.674888,5,1,1,0,1,45.0,0.0
1555.6819065,6,2,1,0,3,48.0,7.884
1555.689556,5,1,1,0,1,47.0,0.0
1555.7102935,6,3,5,0,17,57.0,218.527
1555.710299,5,1,5,0,42,49.0,94.131
1555.710329,1,1,2,0,1,50.0,0.0
1555.711518,1,1,1,0,1,45.0,0.0
1555.7115285,6,1,3,0,5,48.0,14.085
1555.7115385,3,1,1,0,1,45.0,0.0
1555.7153125,6,2,1,0,6,51.0,32.012
1555.7204615,6,1,5,1,24,60.0,376.924
1555.722134,1,1,8,1,76,56.0,281.058
1555.7221445,6,3,5,0,19,54.0,152.184
1555.722158,5,1,6,0,1,50.0,0.0
1555.7231215,6,1,3,0,16,56.0,154.733
1555.723125,1,1,1,0,1,48.0,0.0
1555.728069,1,2,3,0,33,53.0,73.178
1555.7318745,3,1,8,1,61,52.0,156.031
1555.731875,1,18,15,4,155,57.0,759.963
1555.731878,4,1,2,0,1,46.0,0.0
1555.731883,5,7,12,3,80,60.0,1047.0
1555.731885,2,1,4,0,35,53.0,140.379
1555.7318925,6,1,10,2,89,57.0,461.563
1555.73486,1,1,1,0,1,45.0,0.0
1555.744062,5,8,7,1,24,57.0,455.126
1555.7440885,6,2,2,0,2,51.0,13.406
1555.7480955,6,1,1,0,1,45.0,0.0
1555.753218,5,3,7,0,4,56.0,16.441
1555.753223,1,10,3,0,11,52.0,71.842
1555.7599405,6,1,1,0,1,45.0,0.0
1555.762883,5,2,4,0,2,49.0,6.726
1555.7628835,3,1,1,0,1,45.0,0.0
1555.7689815,6,2,1,0,3,53.0,35.073
1555.7827135,6,1,14,3,132,57.0,576.205
1555.7827275,3,4,4,1,83,51.0,133.502
1555.782729,1,2,12,1,87,55.0,301.662
1555.782736,5,31,4,0,32,48.0,84.617
1555.7838335,6,1,1,0,1,45.0,0.0
1555.785489,1,2,1,0,3,49.0,13.453
1555.787212,5,2,5,0,20,51.0,145.418
1555.792194,5,3,16,4,106,62.0,1568.0
1555.7921975,3,1,4,0,70,48.0,83.965
1555.792199,1,1,13,2,128,54.0,379.252
1555.7922115,6,2,8,1,66,53.0,245.832
1555.792237,2,1,3,1,36,53.0,217.111
1555.8080105,6,1,1,0,1,49.0,0.0
1555.8136855,6,2,1,0,4,48.0,19.799
1555.8243635,6,1,1,0,4,49.0,13.818
1555.830361,2,2,3,0,3,56.0,99.19
1555.8303795,6,1,3,0,1,47.0,0.0
1555.8303845,3,1,2,0,7,48.0,23.355
1555.834553,5,3,10,0,23,57.0,247.487
1555.8345725,6,2,3,0,11,50.0,42.61
1555.837404,1,4,6,2,42,64.0,1724.0
1555.8385615,6,1,1,0,1,45.0,0.0
1555.8431405,3,1,1,0,5,50.0,23.987
1555.8431735,6,1,2,0,4,47.0,10.075
1555.8510995,6,1,2,0,11,52.0,65.706
1555.8633205,6,2,1,0,2,45.0,3.352
1555.8749995,3,1,1,0,1,45.0,0.0
1555.899115,5,2,2,0,3,50.0,21.522
1555.905856,1,1,3,0,4,47.0,10.971
1555.9117495,3,1,1,0,1,45.0,0.0
1555.912681,5,5,2,0,6,47.0,26.285
1555.9126985,3,1,1,0,1,45.0,0.0
1555.9127025,6,1,1,0,4,49.0,12.522
1555.9142205,6,1,2,0,4,47.0,10.901
1555.916322,1,2,2,0,16,53.0,50.568
1556.487362,1,2,10,1,42,65.0,822.027
1556.494753,5,2,2,0,5,51.0,44.785
1556.496854,1,2,1,0,3,49.0,12.476
1556.5009175,6,2,1,0,3,45.0,8.627
1556.501935,5,1,9,1,42,55.0,208.819
1556.501989,2,1,1,0,1,52.0,0.0
1556.502017,1,1,2,0,1,46.0,0.0
1556.5198345,6,1,2,0,1,46.0,0.0
1556.5231555,6,2,4,0,23,59.0,265.545
1556.530726,5,13,4,0,18,52.0,99.344
1556.5518215,3,1,1,0,4,50.0,21.084
1556.551843,1,1,2,0,1,47.0,0.0
1556.552617,5,2,2,0,17,54.0,154.084
1556.554588,1,1,2,0,1,50.0,0.0
1556.569392,1,1,1,0,1,46.0,0.0
1556.572393,2,2,4,0,16,53.0,142.674
1556.57348,1,6,25,8,144,68.0,5327.0
1556.5735005,6,9,20,6,154,64.0,2709.0
1556.573504,5,10,17,4,145,57.0,946.342
1556.575396,1,2,4,0,5,50.0,37.737
1556.5754425,6,1,2,0,7,48.0,28.028
1556.5805455,6,1,1,0,1,46.0,0.0
1556.580942,5,1,3,0,1,53.0,0.0
1556.5843905,3,1,1,0,1,46.0,0.0
1556.594873,1,1,1,0,1,46.0,0.0
1556.5960888,1,2,2,0,3,49.0,12.703
1556.602135,5,2,2,0,3,56.0,81.452
1556.604549,1,90,17,7,181,70.0,5090.0
1556.6162335,6,1,1,0,1,45.0,0.0
1556.6251925,3,10,4,0,20,52.0,91.228
1556.625212,5,2,6,0,10,53.0,107.854
1556.626768,5,2,6,1,22,58.0,320.389
1556.6546825,6,1,2,0,1,48.0,0.0
1556.6627185,6,1,1,0,1,46.0,0.0
1556.666853,5,2,3,0,25,56.0,224.277
1556.667803,1,1,4,0,38,50.0,78.643
1556.67445,5,2,1,0,7,51.0,37.192
1556.6838365,6,1,1,0,1,45.0,0.0
1556.684718,1,1,1,0,1,45.0,0.0
1556.694869,1,10,24,9,153,66.0,5229.0
1556.6948915,6,2,20,5,154,61.0,1506.0
1556.694903,5,21,13,3,137,55.0,670.273
1556.711895,1,1,1,0,1,46.0,0.0
1556.731318,5,5,9,1,41,59.0,527.992
1556.731405,1,39,4,0,40,50.0,69.981
1556.735535,5,4,17,4,98,65.0,2527.0
1556.7355525,3,1,2,0,4,51.0,27.734
1556.7459405,6,1,1,0,1,46.0,0.0
1556.749846,5,2,3,0,3,54.0,26.748
1556.751644,1,2,3,0,3,50.0,23.595
1556.753065,5,2,3,0,14,53.0,85.009
1556.7538155,6,2,4,1,24,63.0,976.989
1556.761946,5,2,6,0,13,56.0,182.112
1556.773058,5,2,11,1,27,61.0,675.943
1556.7730765,3,1,2,0,1,46.0,0.0
1556.773083,1,1,2,0,1,47.0,0.0
1556.778617,5,25,7,1,81,55.0,336.56
1556.7792815,3,1,2,0,10,49.0,32.632
1556.779293,1,1,2,0,1,49.0,0.0
1556.7870985,3,1,1,0,1,45.0,0.0
1556.787762,5,2,7,2,26,63.0,1309.0
1556.7945745,6,1,1,0,1,45.0,0.0
1556.8018635,3,1,2,0,19,53.0,71.556
1556.810245,5,2,4,0,8,51.0,70.25
1556.8127615,3,1,1,0,1,45.0,0.0
1556.812782,1,1,1,0,1,46.0,0.0
1556.816728,1,1,2,0,1,45.0,0.0
1556.820334,1,1,1,0,1,45.0,0.0
1556.821706,5,3,11,2,74,56.0,496.29
1556.821739,1,1,5,0,49,50.0,103.671
1556.8289605,3,1,2,0,4,50.0,18.733
1556.829895,5,2,7,2,74,54.0,370.362
1556.8380745,6,2,3,0,2,47.0,16.717
1556.8443985,3,1,2,0,7,52.0,38.421
1556.847992,1,1,5,0,24,50.0,75.639
1556.857913,5,2,4,0,15,51.0,108.743
1556.877809,5,3,6,1,20,57.0,417.758
1556.880413,5,6,15,4,93,58.0,1170.0
1556.880453,1,2,2,0,30,49.0,55.557
1556.8825915,6,1,1,0,1,45.0,0.0
1556.894635,5,2,4,0,6,51.0,38.218
1556.931331,1,1,2,0,5,50.0,21.513
1556.9313605,6,1,1,0,1,45.0,0.0
1556.937281,1,9,37,18,262,72.0,16826.0
1556.937289,2,19,32,15,185,67.0,8772.0
1556.937294,5,33,42,10,220,62.0,3124.0
1556.9373005,6,4,27,10,210,65.0,4546.0
1556.9422765,3,1,1,0,1,45.0,0.0
1556.9430765,6,1,1,0,1,46.0,0.0
1556.9613765,6,1,1,0,1,45.0,0.0
1556.969212,1,1,5,0,11,49.0,45.372
1556.975639,1,2,1,0,3,49.0,11.928
1556.989448,1,1,1,0,1,46.0,0.0
1556.9931725,6,1,1,0,1,45.0,0.0
1556.9971815,6,1,2,0,1,45.0,0.0
1557.000879,5,2,4,0,24,54.0,140.204
1557.005201,1,1,2,0,1,46.0,0.0
1557.0484215,6,1,1,0,1,46.0,0.0
1557.0763825,3,1,3,0,9,52.0,51.634
1557.076385,2,1,1,0,1,50.0,0.0
1557.076397,5,2,3,0,5,52.0,61.314
1557.082473,1,1,2,0,1,45.0,0.0
1557.0867975,6,1,1,0,1,45.0,0.0
1557.0913315,3,1,1,0,1,45.0,0.0
1557.091358,1,3,1,0,4,45.0,9.586
1557.0937375,3,2,4,0,11,53.0,89.248
1557.093748,5,2,4,0,27,52.0,88.193
1557.103764,1,1,1,0,4,49.0,12.446
1557.117753,5,11,7,0,35,52.0,135.265
1557.117781,1,2,4,0,3,50.0,18.308
1557.122654,5,4,22,5,112,64.0,2035.0
1557.1226635,6,14,14,4,88,65.0,2429.0
1557.1226675,3,1,8,1,55,52.0,163.53
1557.1238545,6,1,1,0,4,47.0,8.451
1557.125364,1,1,1,0,1,46.0,0.0
1557.1255435,3,1,1,0,1,45.0,0.0
1557.125556,5,2,4,0,2,52.0,8.052
1557.1704245,3,1,2,0,4,50.0,23.975
1557.183267,5,5,11,2,84,57.0,633.984
1557.183319,2,1,1,0,1,50.0,0.0
1557.1910515,6,1,1,0,1,47.0,0.0
1557.207269,5,1,9,0,25,52.0,118.611
1557.2072805,6,1,10,2,165,59.0,606.965
1557.20745,2,1,3,0,15,53.0,56.587
1557.2074545,3,1,1,0,1,46.0,0.0
1557.208147,5,9,18,3,101,63.0,1298.0
1557.2081705,3,1,5,1,143,49.0,145.435
1557.208183,2,1,6,0,4,53.0,47.962
1557.211902,1,1,1,0,1,47.0,0.0
1557.215261,1,27,24,7,203,63.0,2396.0
1557.215289,5,33,19,4,152,56.0,808.9
1557.2152935,3,1,9,1,38,52.0,205.389
1557.234678,5,2,3,0,3,51.0,24.109
1557.234683,1,1,4,0,54,47.0,96.142
1557.2457625,6,1,1,0,4,47.0,9.212
1557.2510095,6,1,1,0,1,45.0,0.0
1557.2514225,3,1,1,0,1,46.0,0.0
1557.251449,1,1,1,0,1,45.0,0.0
1557.255892,1,2,2,0,2,50.0,8.402
1557.2752185,3,2,1,0,2,46.0,3.55
1557.275221,5,2,3,0,3,53.0,27.041
1557.2752565,6,1,1,0,1,45.0,0.0
1557.279942,5,5,7,1,34,52.0,229.168
1557.302875,5,2,5,0,5,51.0,29.259
1557.3029005,6,1,1,0,1,45.0,0.0
1557.3034475,6,2,1,0,2,45.0,3.241
1557.3099635,6,3,4,1,24,64.0,678.636
1557.317544,5,2,4,0,17,54.0,148.208
1557.3355605,6,1,1,0,1,46.0,0.0
1557.3360605,3,1,1,0,1,45.0,0.0
1557.336093,1,1,3,0,1,48.0,0.0
1557.336093,5,5,7,0,6,52.0,33.124
1557.3394445,6,1,1,0,1,45.0,0.0
1557.350229,5,4,5,0,15,53.0,125.545
1557.365239,1,1,1,0,1,48.0,0.0
1557.3907375,6,1,1,0,1,45.0,0.0
1557.4098085,6,1,2,0,8,48.0,24.631
1557.4176205,6,3,6,1,27,64.0,890.976
1557.4196095,6,1,1,0,1,45.0,0.0
1557.433989,5,4,12,4,97,60.0,1525.0
1557.4340125,3,2,9,2,99,52.0,276.746
1557.4417015,3,1,4,0,50,52.0,104.483
1557.441721,5,2,6,1,38,54.0,243.35
1557.4477615,6,2,2,0,2,45.0,3.695
1557.4492495,6,1,1,0,1,47.0,0.0
1557.462634,1,2,2,0,3,48.0,16.834
1557.4626365,6,2,1,0,5,47.0,16.498
1557.4690235,6,1,1,0,1,46.0,0.0
1557.474629,1,1,1,0,1,48.0,0.0
1557.4789615,6,2,3,0,14,54.0,91.698
1557.4801125,6,1,1,0,1,47.0,0.0
1557.481429,1,30,33,10,212,62.0,4064.0
1557.481431,2,11,20,7,152,60.0,2344.0
1557.4814325,3,3,19,6,270,62.0,1885.0
1557.4814475,6,1,25,7,249,56.0,1291.0
1557.481459,5,2,19,4,154,56.0,741.914
1557.4847795,6,1,2,0,4,48.0,13.724
1557.493837,1,3,7,1,49,59.0,500.471
1557.4938565,6,1,6,0,26,53.0,179.449
1557.4938665,3,1,1,0,1,45.0,0.0
1557.506732,1,1,3,0,4,52.0,24.042
1557.5067585,6,1,1,0,4,47.0,9.604
1557.507713,1,2,2,0,3,54.0,38.336
1557.5079065,6,3,2,0,4,51.0,23.983
1557.514011,1,1,1,0,1,45.0,0.0
1557.5173675,6,2,3,0,15,58.0,139.846
1557.5188985,6,1,1,0,1,45.0,0.0
1557.5273825,6,1,1,0,1,45.0,0.0
1557.5311035,6,1,1,0,1,47.0,0.0
1557.557113,5,2,8,1,47,59.0,453.066
1557.5571415,6,1,3,0,8,50.0,35.601
1557.560933,1,1,2,0,1,47.0,0.0
1557.560945,5,1,1,0,1,45.0,0.0
1557.5609525,6,1,1,0,1,45.0,0.0
1557.563031,5,2,4,0,2,50.0,10.021
1557.5630385,6,1,1,0,4,49.0,12.955
1557.563073,2,1,1,0,1,50.0,0.0
1557.567946,5,1,2,0,1,45.0,0.0
1557.569794,1,1,2,0,1,50.0,0.0
1557.5700215,6,1,1,0,1,45.0,0.0
1557.571092,5,1,1,0,1,46.0,0.0
1557.5722585,6,2,1,0,2,45.0,5.377
1557.5738235,6,1,2,0,10,54.0,86.127
1557.577495,1,8,35,13,212,64.0,6273.0
1557.577496,2,12,23,9,155,61.0,3368.0
1557.5774985,3,10,21,7,170,64.0,2750.0
1557.5775095,6,64,31,8,256,58.0,2005.0
1557.577511,5,25,23,5,168,58.0,1200.0
1557.5889255,6,1,1,0,1,45.0,0.0
1557.589929,1,1,1,0,1,49.0,0.0
1557.5918745,6,1,1,0,1,45.0,0.0
1557.593744,5,2,14,4,105,63.0,1351.0
1557.593769,1,1,10,2,127,55.0,310.371
1557.59377,2,1,4,0,29,55.0,213.676
1557.5937725,6,17,12,2,82,57.0,492.608
1557.5937865,3,1,5,1,68,50.0,122.849
1557.597593,5,11,36,52,555,80.0,80853.0
1557.5976065,6,16,39,27,309,77.0,33893.0
1557.597608,1,8,42,18,294,67.0,9104.0
1557.5976095,3,23,36,21,394,67.0,10806.0
1557.597613,2,28,40,28,327,69.0,21599.0
1557.597615,4,1,7,1,70,54.0,294.85
1557.598843,5,1,2,0,12,48.0,30.32
1557.6010955,3,1,1,0,4,47.0,9.579
1557.6013295,6,1,1,0,1,46.0,0.0
1557.606285,5,1,1,0,1,52.0,0.0
1557.6081565,6,1,5,0,63,54.0,106.668
1557.61173,5,2,9,2,54,59.0,748.028
1557.6117545,6,13,2,0,14,52.0,40.544
1557.611763,1,9,4,0,10,51.0,44.852
1557.627107,5,31,40,11,170,65.0,5400.0
1557.6271085,3,1,15,3,178,53.0,510.818
1557.627114,1,36,33,10,204,63.0,3806.0
1557.627116,2,2,25,13,171,67.0,7357.0
1557.6271205,6,7,30,7,226,60.0,1925.0
1557.636955,5,1,3,0,14,50.0,37.925
1557.637581,5,3,1,0,4,47.0,13.321
1557.6380645,6,2,10,2,61,63.0,1178.0
1557.638085,5,1,1,0,1,47.0,0.0
1557.6380925,3,1,1,0,4,46.0,9.171
1557.638115,1,2,3,0,24,50.0,68.331
1557.642297,5,1,3,0,15,48.0,32.249
1557.6477565,6,1,1,0,1,45.0,0.0
1557.6547465,6,1,1,0,5,52.0,30.751
1557.6591225,6,1,1,0,1,45.0,0.0
1557.661341,1,1,1,0,1,45.0,0.0
1557.662807,1,1,3,0,4,49.0,15.734
1557.6711585,3,1,1,0,1,45.0,0.0
1557.671164,5,2,2,0,3,54.0,34.689
1557.6711965,6,1,1,0,1,48.0,0.0
1557.674068,1,8,33,10,212,63.0,4129.0
1557.674069,2,12,20,7,152,60.0,2228.0
1557.6740715,3,10,18,5,156,62.0,1806.0
1557.6740825,6,64,26,7,253,56.0,1307.0
1557.674095,5,14,20,4,157,57.0,762.468
1557.6752145,6,1,1,0,1,45.0,0.0
1557.6783585,6,1,1,1,185,47.0,65.646
1557.6841995,3,2,2,0,18,51.0,57.98
1557.684216,1,1,6,1,42,51.0,141.333
1557.684226,5,1,4,0,29,51.0,89.113
1557.684229,2,2,2,0,14,51.0,62.861
1557.6842315,6,1,4,0,19,49.0,60.301
1557.702416,5,1,3,0,1,46.0,0.0
1557.7056695,6,5,7,1,37,57.0,284.413
1557.705704,1,1,1,0,1,45.0,0.0
1557.706426,5,7,3,0,11,52.0,60.555
1557.70704,1,2,1,0,3,48.0,11.57
1557.711402,5,12,10,2,90,57.0,590.218
1557.7114215,6,9,9,1,46,55.0,305.697
1557.711455,1,2,2,0,13,50.0,37.011
1557.712605,5,2,2,0,3,49.0,12.919
1557.7170435,6,1,1,0,4,46.0,8.067
1557.7250725,6,1,3,0,8,54.0,69.553
1557.732419,2,2,3,1,43,56.0,297.718
1557.732425,5,14,9,1,54,54.0,267.72
1557.732443,1,2,3,0,46,51.0,76.199
1557.7335215,6,1,1,0,1,45.0,0.0
1557.7373335,6,2,1,0,3,50.0,19.419
1557.760338,2,2,2,0,2,54.0,14.781
1557.7657925,6,1,2,0,1,46.0,0.0
1557.770107,1,8,35,14,215,64.0,6381.0
1557.7701105,3,10,22,7,174,64.0,2841.0
1557.770111,2,9,23,9,177,62.0,3406.0
1557.7701185,6,71,31,9,260,58.0,2051.0
1557.770137,5,2,21,5,157,57.0,1146.0
1557.7750515,6,1,1,0,4,52.0,26.345
1557.7762725,6,2,3,0,15,62.0,347.404
1557.7800595,6,1,2,0,1,48.0,0.0
1557.786927,5,2,2,0,3,53.0,33.074
1557.802827,1,2,2,0,6,52.0,83.984
1557.816356,5,2,2,0,14,53.0,80.168
1557.818003,5,2,6,0,22,53.0,215.733
1557.818493,1,32,9,1,38,53.0,221.03
1557.8185245,6,2,5,0,41,48.0,94.265
1557.818528,5,2,2,0,7,53.0,67.053
1557.8185355,3,1,1,0,1,45.0,0.0
1557.818555,2,1,1,0,1,50.0,0.0
1557.820195,5,209,18,2,226,60.0,754.743
1557.8203885,3,3,8,1,75,55.0,252.313
1557.820389,1,17,15,3,96,55.0,699.16
1557.820394,2,4,9,2,72,55.0,701.675
1557.8203955,6,6,14,2,100,56.0,503.724
1557.823136,4,1,1,0,37,48.0,71.856
1557.8231395,3,1,2,0,1,46.0,0.0
1557.82314,1,2,10,1,74,54.0,305.829
1557.823145,2,1,5,0,25,54.0,148.766
1557.823146,5,2,9,2,50,64.0,1294.0
1557.8231565,6,2,9,1,81,55.0,314.674
1557.837873,1,2,1,0,3,49.0,13.636
1557.8417325,6,1,1,0,1,47.0,0.0
1557.8437345,6,1,1,0,1,48.0,0.0
1557.8446435,6,2,1,0,3,49.0,15.687
1557.8557635,6,1,1,0,1,45.0,0.0
1557.8572515,6,2,2,0,9,61.0,436.821
1557.8591395,6,3,1,0,13,49.0,45.746
1557.860448,1,5,11,3,60,65.0,1621.0
1557.86048,2,1,1,0,1,50.0,0.0
1557.8639655,6,1,1,0,1,47.0,0.0
1557.865876,1,9,33,11,207,63.0,4099.0
1557.8658765,3,7,18,5,157,62.0,1812.0
1557.865877,2,6,20,7,153,60.0,2132.0
1557.8658885,6,67,27,7,256,57.0,1363.0
1557.865903,5,12,19,4,152,57.0,746.174
1557.866936,5,1,4,1,24,58.0,321.394
1557.8725485,6,1,1,0,1,45.0,0.0
1557.8769665,3,1,1,0,1,46.0,0.0
1557.876973,5,2,5,0,53,50.0,134.294
1557.876981,2,1,2,0,1,55.0,0.0
1557.876985,1,2,2,0,2,49.0,11.678
1557.8769925,6,1,2,0,1,46.0,0.0
1557.8880445,3,2,1,0,3,45.0,7.724
1557.8880785,6,1,1,0,1,45.0,0.0
1557.891828,1,2,2,0,30,51.0,65.809
1557.8955435,6,2,8,3,51,69.0,3394.0
1557.9180595,3,5,9,2,105,56.0,461.072
1557.918061,2,4,15,5,106,61.0,1652.0
1557.918064,1,53,21,4,122,55.0,1006.0
1557.918065,5,24,18,4,131,59.0,1023.0
1557.9180735,6,4,12,2,99,56.0,565.572
1557.933708,1,2,6,1,50,64.0,705.49
1557.9337635,6,1,2,0,1,45.0,0.0
1557.942672,5,2,2,0,2,48.0,10.809
1557.946216,5,1,4,0,12,54.0,78.626
1557.9544805,6,2,3,0,13,58.0,257.875
1557.961592,1,12,35,14,210,64.0,6404.0
1557.961594,2,8,26,10,193,61.0,3669.0
1557.9615955,3,7,22,7,160,63.0,2745.0
1557.961602,5,20,24,5,172,58.0,1188.0
1557.9616035,6,71,32,9,260,58.0,2032.0
1557.9631205,6,1,1,0,4,47.0,11.629
1557.9706705,6,1,1,0,1,45.0,0.0
1557.978144,1,1,3,0,1,49.0,0.0
1557.978991,5,7,6,1,61,53.0,154.75
1557.983335,1,2,4,0,16,58.0,328.38
1557.98932,2,1,2,0,1,60.0,0.0
1557.991678,1,2,1,0,6,47.0,25.054
1557.9964135,6,2,4,0,14,52.0,83.165
1557.99775,1,2,2,0,32,51.0,73.784
1558.005479,1,1,2,0,1,47.0,0.0
1558.0088705,6,1,1,0,1,45.0,0.0
1558.015771,1,2,5,0,37,53.0,153.808
1558.0196765,6,2,3,0,14,55.0,90.435
1558.0220895,6,1,1,0,1,45.0,0.0
1558.033961,5,2,3,0,3,51.0,21.206
1558.034692,5,2,4,0,8,58.0,230.69
1558.0455625,6,2,2,0,12,59.0,164.659
1558.054823,5,2,5,0,18,51.0,106.566
1558.0560405,6,1,1,0,1,45.0,0.0
1558.057455,1,6,33,10,210,63.0,4178.0
1558.0574565,3,10,19,5,118,62.0,1736.0
1558.057457,2,9,20,7,152,61.0,2047.0
1558.0574675,6,64,27,7,253,56.0,1360.0
1558.05748,5,14,20,4,157,57.0,756.842
1558.0632625,6,1,1,0,1,46.0,0.0
1558.0658635,6,1,1,0,1,47.0,0.0
1558.074069,1,33,9,1,47,55.0,419.29
1558.074107,2,1,1,0,1,51.0,0.0
1558.0828795,6,1,1,0,1,45.0,0.0
1558.0910805,6,5,13,5,84,68.0,3658.0
1558.091089,5,1,10,0,27,52.0,131.715
1558.091094,1,26,11,2,77,54.0,354.319
1558.0911005,3,1,6,0,33,50.0,96.1
1558.091115,2,1,6,1,63,55.0,300.463
1558.096799,5,1,2,0,1,47.0,0.0
1558.097783,5,2,1,0,3,55.0,39.381
1558.1012885,6,21,30,11,176,64.0,5068.0
1558.1012975,3,11,18,4,164,56.0,900.039
1558.101298,2,30,17,6,121,62.0,2312.0
1558.1013,1,23,31,10,175,63.0,4909.0
1558.101302,5,41,34,14,237,66.0,7881.0
1558.101306,4,2,4,0,31,49.0,76.26
1558.107517,1,5,5,0,6,49.0,19.897
1558.114167,1,1,2,0,7,52.0,40.065
1558.1170395,6,1,1,0,1,45.0,0.0
1558.1326085,6,2,4,0,12,56.0,122.25
1558.146846,5,2,3,0,3,55.0,26.156
1558.153289,1,12,34,14,213,65.0,6572.0
1558.153291,2,5,24,12,277,62.0,3886.0
1558.1532925,3,7,21,7,157,64.0,2769.0
1558.153299,5,32,24,5,175,58.0,1209.0
1558.1533045,6,67,33,9,260,58.0,2156.0
1558.160061,5,2,1,0,3,48.0,15.964
1558.173635,5,1,1,0,1,45.0,0.0
1558.175974,1,2,8,2,117,57.0,522.098
1558.175996,5,11,3,0,12,51.0,46.448
1558.1760005,6,3,3,0,4,50.0,21.3
1558.1832055,6,4,7,1,61,60.0,432.031
1558.183225,1,2,7,1,67,52.0,205.538
1558.183251,5,2,3,0,2,47.0,3.352
1558.1862805,6,1,1,0,1,48.0,0.0
1558.18938,1,2,2,0,9,53.0,57.921
1558.1893965,6,1,2,0,7,51.0,38.936
1558.1928775,6,1,2,0,5,52.0,35.202
1558.2029935,6,1,3,0,4,52.0,26.287
1558.206142,2,1,1,0,1,53.0,0.0
1558.2235645,6,1,3,0,15,57.0,151.47
1558.2244575,6,4,6,1,29,61.0,423.836
1558.224467,1,1,1,0,1,46.0,0.0
1558.225125,5,1,5,0,19,51.0,83.224
1558.2251375,6,1,4,0,35,48.0,77.162
1558.228344,5,2,1,0,2,45.0,4.66
1558.2311995,6,2,7,2,101,53.0,320.134
1558.231218,5,9,10,2,81,55.0,396.869
1558.2312245,3,1,2,0,7,48.0,21.055
1558.23125,1,2,5,0,28,50.0,105.546
1558.2325735,6,1,3,0,4,53.0,41.199
1558.233127,1,1,8,1,89,52.0,183.63
1558.2331305,6,2,7,1,55,54.0,171.358
1558.2331365,3,1,2,0,12,47.0,20.098
1558.237056,5,2,1,0,3,47.0,13.569
1558.2405425,6,1,1,0,1,51.0,0.0
1558.24232,5,2,4,0,3,47.0,8.61
1558.263554,1,1,8,1,46,57.0,330.374
1558.264569,1,2,10,2,87,60.0,525.532
1558.2646005,6,1,3,0,38,48.0,56.794
1558.272963,5,3,5,0,9,54.0,184.208
1558.2729655,3,1,4,0,15,52.0,76.048
1558.2729825,6,1,4,0,29,49.0,63.483
1558.273001,1,1,4,0,25,48.0,48.199
1558.278284,5,2,1,0,3,49.0,13.328
1558.279228,2,1,3,0,1,53.0,0.0
1558.291677,1,1,1,0,1,45.0,0.0
1558.294118,1,1,1,0,1,46.0,0.0
1558.295982,5,2,1,0,2,45.0,5.484
1558.3018865,6,2,3,1,103,50.0,120.248
1558.301891,5,1,2,0,1,48.0,0.0
1558.306711,1,22,12,2,115,55.0,441.951
1558.3067115,6,2,14,3,115,56.0,762.015
1558.306715,2,1,10,1,20,57.0,414.738
1558.3067275,3,1,5,1,55,51.0,145.436
1558.306742,5,1,6,1,94,52.0,216.107
1558.3184825,6,1,1,0,1,45.0,0.0
1558.332559,1,1,4,0,1,50.0,0.0
1558.3325865,6,1,3,0,1,46.0,0.0
1558.334288,1,1,1,0,1,45.0,0.0
1558.3347115,6,1,1,0,4,47.0,10.094
1558.3386035,6,3,1,0,5,53.0,35.004
1558.340506,1,2,1,0,3,51.0,17.01
1558.3411445,6,2,4,0,21,56.0,211.566
1558.3451755,6,1,2,0,89,47.0,53.027
1558.354531,1,2,3,0,35,55.0,104.26
1558.359043,1,1,2,0,1,50.0,0.0
1558.3723795,6,2,3,0,15,52.0,92.871
1558.372383,5,2,1,0,3,46.0,8.54
1558.3741715,6,4,19,4,124,61.0,1124.0
1558.374174,1,1,15,3,141,56.0,552.238
1558.374181,2,27,6,2,88,57.0,543.719
1558.3741875,3,8,6,1,76,54.0,196.559
1558.3742,5,5,16,2,90,52.0,303.856
1558.3792825,6,2,2,0,14,58.0,138.761
1558.379286,1,4,5,0,42,52.0,97.615
1558.379286,5,2,2,0,10,51.0,55.513
1558.3795785,3,1,6,1,69,54.0,184.272
1558.379584,2,43,14,4,107,60.0,1202.0
1558.3818775,6,1,2,0,8,53.0,65.684
1558.3858985,6,4,1,0,5,49.0,27.448
1558.388049,1,1,1,0,1,45.0,0.0
1558.395056,1,2,4,0,3,53.0,29.905
1558.395081,5,1,3,0,6,51.0,26.385
1558.3950905,6,1,4,0,17,58.0,252.518
1558.398593,1,3,10,3,65,67.0,2146.0
1558.3986185,3,1,1,0,4,49.0,12.418
1558.398629,5,1,1,0,1,46.0,0.0
1558.3986325,6,1,2,0,1,47.0,0.0
1558.404095,1,2,3,0,3,53.0,30.847
1558.4054435,6,1,1,0,1,46.0,0.0
1558.406605,5,1,6,0,27,54.0,177.859
1558.4066075,6,8,7,1,103,53.0,282.869
1558.406632,1,18,4,0,19,50.0,59.078
1558.4091895,3,1,1,0,7,45.0,8.088
1558.410242,1,2,5,0,49,56.0,147.223
1558.4102645,6,1,4,0,32,54.0,125.551
1558.4111525,6,1,1,0,1,45.0,0.0
1558.4116585,3,1,2,0,1,45.0,0.0
1558.4116705,6,1,2,0,8,53.0,62.417
1558.4122015,6,1,1,0,1,45.0,0.0
1558.4138915,6,2,3,0,3,55.0,63.64
1558.420977,5,3,4,0,18,55.0,232.777
1558.4242015,6,1,1,0,1,48.0,0.0
1558.4272835,6,1,7,2,224,50.0,193.75
1558.427299,1,149,9,3,235,55.0,497.785
1558.427411,2,2,5,1,28,58.0,368.574
1558.4274195,3,1,5,1,84,50.0,106.869
1558.427438,5,19,12,1,53,52.0,226.094
1558.429284,1,2,1,0,3,49.0,16.066
1558.4295295,6,1,1,0,1,45.0,0.0
1558.4492625,6,7,33,14,212,69.0,8780.0
1558.449273,5,22,34,8,208,61.0,2448.0
1558.4492765,3,24,22,6,159,61.0,1905.0
1558.44928,1,2,36,15,269,68.0,8081.0
1558.449285,2,2,26,10,163,62.0,3978.0
1558.449309,4,2,2,0,5,46.0,17.956
1558.4505105,6,1,1,0,1,45.0,0.0
1558.4603675,6,7,8,1,42,61.0,609.634
1558.460371,1,6,10,1,48,54.0,198.843
1558.4603825,3,1,1,0,1,47.0,0.0
1558.460971,2,1,12,3,106,58.0,832.527
1558.4609745,3,10,10,2,119,54.0,343.454
1558.4609785,6,21,13,2,102,56.0,550.974
1558.460988,5,5,21,4,115,59.0,1110.0
1558.460989,1,5,14,3,85,58.0,779.462
1558.4658465,6,1,1,0,1,45.0,0.0
1558.4677535,3,23,38,20,316,67.0,10305.0
1558.467756,4,32,22,6,180,59.0,1755.0
1558.467759,2,9,45,40,276,78.0,58516.0
1558.46776,5,38,60,32,357,70.0,26899.0
1558.467762,1,20,56,35,356,75.0,39482.0
1558.4677635,6,21,44,28,309,73.0,24526.0
1558.4718595,6,2,1,0,20,55.0,116.583
1558.4731505,6,1,2,0,8,46.0,18.109
1558.475682,5,1,11,2,50,59.0,676.806
1558.4756915,6,1,10,2,84,60.0,719.83
1558.475731,1,1,6,0,47,51.0,116.429
1558.4757325,3,1,2,0,1,47.0,0.0
1558.475733,2,1,1,0,1,50.0,0.0
1558.478598,5,3,2,0,7,58.0,208.763
1558.481554,5,13,14,2,40,57.0,964.051
1558.481559,2,1,6,2,110,54.0,439.249
1558.4815615,6,1,6,1,66,52.0,198.206
1558.481563,1,1,9,1,96,54.0,234.984
1558.4829605,6,1,3,0,7,55.0,83.84
1558.4932525,6,1,1,0,4,47.0,11.405
1558.495224,5,2,8,2,43,61.0,935.452
1558.49523,1,1,8,1,116,52.0,223.567
1558.495235,2,1,6,1,55,55.0,385.259
1558.4952395,3,1,4,0,14,48.0,34.704
1558.4952435,6,2,7,2,222,54.0,291.339
1558.507251,5,2,5,0,24,52.0,98.967
1558.5072635,6,1,4,0,29,53.0,100.303
1558.508306,1,2,3,0,11,52.0,38.963
1558.5083245,3,1,1,0,1,45.0,0.0
1558.508928,1,2,1,0,2,45.0,15.254
1558.5090185,3,1,1,0,1,45.0,0.0
1558.513096,1,1,2,0,1,50.0,0.0
1558.5172975,6,3,2,0,17,55.0,124.521
1558.5228865,6,2,2,0,3,47.0,9.923
1558.52299,1,1,4,0,38,51.0,56.582
1558.52299,5,1,5,0,8,56.0,109.705
1558.5245335,6,2,1,0,3,54.0,52.62
1558.528505,5,1,1,0,1,50.0,0.0
1558.530051,5,11,22,9,104,70.0,8375.0
1558.5300545,3,1,8,1,88,51.0,165.611
1558.530057,4,1,4,0,1,48.0,0.0
1558.530062,1,17,17,4,144,59.0,1163.0
1558.530065,2,1,9,2,60,56.0,552.341
1558.5300695,6,21,17,4,123,58.0,869.169
1558.532054,2,4,16,6,144,65.0,2569.0
1558.5320575,3,2,11,3,182,56.0,539.956
1558.5320605,6,1,16,4,127,62.0,970.92
1558.532062,1,60,19,4,145,56.0,912.389
1558.532068,5,2,12,3,130,56.0,567.517
1558.533069,5,1,1,0,1,45.0,0.0
1558.53378,5,2,2,0,7,51.0,41.597
1558.5399,5,5,36,19,223,75.0,17917.0
1558.539913,1,16,33,10,250,64.0,3681.0
1558.5399145,6,17,28,10,202,66.0,4994.0
1558.539918,2,47,27,10,165,64.0,4653.0
1558.539919,4,1,5,1,58,51.0,136.543
1558.5399235,3,1,15,5,173,58.0,1243.0
1558.544476,5,8,12,2,74,59.0,831.471
1558.5444915,6,6,13,2,106,56.0,492.717
1558.544493,1,1,5,0,62,48.0,85.011
1558.544496,2,2,7,0,15,55.0,237.017
1558.5444965,3,2,7,1,71,51.0,168.428
1558.5467375,6,1,11,3,58,66.0,1972.0
1558.546768,5,1,3,0,18,52.0,53.287
1558.546769,1,2,3,0,40,51.0,92.723
1558.55243,1,1,2,0,1,47.0,0.0
1558.5544455,3,1,1,0,4,46.0,8.627
1558.557137,5,1,1,0,4,49.0,19.938
1558.558834,1,2,3,0,12,51.0,46.231
1558.5588445,3,1,2,0,4,49.0,12.607
1558.5588655,6,1,2,0,19,47.0,20.097
1558.5621545,6,1,1,0,1,46.0,0.0
1558.5705775,6,2,2,0,7,52.0,36.181
1558.581769,5,1,4,0,15,55.0,184.944
1558.58177,2,1,2,0,1,50.0,0.0
1558.5899245,6,2,7,1,38,56.0,294.879
1558.589952,5,1,4,0,1,48.0,0.0
1558.5899725,3,1,3,0,29,49.0,57.568
1558.5944615,6,1,1,0,1,45.0,0.0
1558.5961125,6,1,2,0,4,53.0,29.73
1558.596118,1,2,2,0,3,52.0,23.911
1558.597101,5,2,2,0,2,45.0,4.961
1558.6033535,6,2,1,0,3,55.0,40.363
1558.603504,1,1,1,0,1,45.0,0.0
1558.6045155,6,1,2,0,21,49.0,48.675
1558.604524,1,1,3,0,9,47.0,20.654
1558.605148,5,1,2,0,1,49.0,0.0
1558.610077,1,2,5,1,23,62.0,510.409
1558.6113115,6,2,2,0,21,56.0,173.956
1558.616669,1,1,1,0,1,45.0,0.0
1558.617312,5,1,3,0,18,58.0,259.943
1558.618564,5,8,4,1,93,51.0,152.097
1558.6185675,3,11,4,1,62,54.0,145.033
1558.618574,1,1,5,0,14,48.0,29.248
1558.6185785,6,2,7,1,56,52.0,224.247
1558.6214205,6,2,2,0,11,57.0,186.429
1558.6220755,6,6,33,18,255,77.0,29677.0
1558.62209,5,30,32,9,176,62.0,3406.0
1558.622091,1,35,26,7,186,60.0,1956.0
1558.6220965,3,1,16,6,190,59.0,1410.0
1558.622105,2,1,14,6,130,61.0,1965.0
1558.6257245,6,1,4,0,22,52.0,90.26
1558.625735,1,1,1,0,1,47.0,0.0
1558.6269275,6,14,4,0,16,56.0,154.679
1558.62697,5,1,2,0,1,46.0,0.0
1558.6269835,3,1,1,0,19,46.0,21.631
1558.6349245,6,2,3,0,12,59.0,397.265
1558.6384215,6,1,2,0,18,51.0,45.613
1558.638429,5,5,3,0,6,50.0,52.549
1558.638432,1,1,4,0,1,49.0,0.0
1558.658437,5,2,1,0,2,50.0,17.666
1558.677116,1,1,5,0,1,47.0,0.0
1558.681783,1,1,4,0,7,50.0,31.034
1558.6837905,6,1,1,0,1,49.0,0.0
1558.6867945,6,7,3,0,11,56.0,121.747
1558.6881985,6,1,1,0,1,48.0,0.0
1558.689421,1,10,4,0,11,53.0,64.294
1558.7069465,6,1,2,0,5,52.0,27.299
1558.7211255,6,2,2,0,2,46.0,6.26
1558.7248925,6,1,2,0,1,46.0,0.0
1558.7267745,3,1,1,0,5,51.0,32.245
1558.72678,1,1,2,0,21,51.0,44.33
1558.726781,2,2,1,0,9,51.0,56.066
1558.726784,5,2,2,0,2,48.0,8.896
1558.7267925,6,1,3,0,29,51.0,38.124
1558.7280745,6,2,1,0,6,54.0,51.975
1558.732394,5,1,6,0,25,57.0,221.527
1558.7324105,6,1,3,0,11,52.0,84.28
1558.732418,2,1,1,0,1,53.0,0.0
1558.735906,1,1,4,0,38,58.0,180.363
1558.740292,5,18,8,1,19,59.0,597.777
1558.741335,5,2,1,0,3,52.0,20.308
1558.7413465,6,2,3,0,17,59.0,207.851
1558.7467075,6,2,4,1,69,54.0,162.561
1558.7478215,6,14,4,0,18,55.0,115.969
1558.7484405,3,1,1,0,1,46.0,0.0
1558.751373,1,2,1,0,3,45.0,6.711
1558.752753,1,1,1,0,1,45.0,0.0
1558.7546465,3,1,1,0,4,48.0,11.754
1558.761124,5,10,10,4,226,59.0,746.44
1558.761139,1,1,14,2,174,51.0,270.513
1558.7611515,6,143,14,3,208,58.0,579.761
1558.7641495,6,1,1,0,1,45.0,0.0
1558.769837,1,1,1,0,1,47.0,0.0
1558.7864435,6,1,4,0,21,58.0,236.622
1558.7893255,6,1,2,0,1,49.0,0.0
1558.789326,1,1,2,0,1,49.0,0.0
1558.789521,5,2,2,0,3,50.0,22.33
1558.791955,1,1,2,0,1,48.0,0.0
1558.7929665,6,2,4,0,14,58.0,124.552
1558.794418,1,2,5,1,40,61.0,374.201
1558.799908,5,1,2,0,1,50.0,0.0
1558.803916,5,2,21,18,289,78.0,26652.0
1558.8039395,6,1,6,0,27,51.0,115.816
1558.83253,5,1,2,0,4,53.0,35.849
1558.8325565,6,1,1,0,1,45.0,0.0
1558.8341625,6,3,3,0,4,53.0,48.237
1558.8408425,6,1,1,0,1,48.0,0.0
1558.8447395,6,2,4,0,22,56.0,217.699
1558.844755,5,1,3,0,42,50.0,62.195
1558.844809,1,1,1,0,1,45.0,0.0
1558.853966,5,4,15,5,105,65.0,3433.0
1558.8539985,6,2,4,0,22,55.0,154.04
1558.8571025,6,2,8,4,58,71.0,4069.0
1558.860926,5,2,8,1,31,59.0,460.953
1558.8609495,6,2,4,1,28,55.0,235.233
1558.860964,1,1,1,0,1,47.0,0.0
1558.8632645,6,2,1,0,3,45.0,7.564
1558.8659985,6,1,12,2,93,58.0,682.172
1558.866007,5,16,12,2,53,55.0,514.394
1558.866009,1,2,13,3,92,62.0,876.455
1558.8660295,3,1,1,0,1,45.0,0.0
1558.875964,5,2,1,0,2,46.0,4.179
1558.880221,1,1,2,0,4,48.0,13.621
1558.880985,5,2,1,0,2,50.0,6.726
1558.8859715,6,1,1,0,1,45.0,0.0
1558.886189,5,2,2,0,2,52.0,17.41
1558.8891235,6,2,3,0,22,53.0,68.426
1558.8951525,6,1,1,0,1,47.0,0.0
1558.89642,2,2,7,1,35,58.0,405.841
1558.896429,1,43,13,2,131,55.0,421.68
1558.8964435,3,1,2,0,7,55.0,63.21
1558.89647,5,2,6,0,21,50.0,66.717
1558.8964915,6,2,3,0,12,52.0,54.067
1558.899548,5,11,4,0,12,50.0,71.253
1558.8995515,6,6,4,0,20,55.0,146.454
1558.899576,1,1,2,0,1,46.0,0.0
1558.9033505,6,1,2,0,1,48.0,0.0
1558.9146175,6,2,1,0,2,45.0,3.579
1558.9159465,6,1,1,0,1,45.0,0.0
1558.919255,1,2,4,0,49,50.0,83.351
1558.9192685,6,1,2,0,1,49.0,0.0
1558.9220515,6,4,4,0,25,55.0,146.806
1558.9224885,3,1,1,0,1,45.0,0.0
1558.9255875,6,2,1,0,3,49.0,10.904
1558.929519,1,1,5,1,51,54.0,184.308
1558.9295305,6,1,3,0,4,49.0,13.945
1558.930838,1,1,2,0,1,50.0,0.0
1558.9390825,6,2,2,0,2,47.0,6.26
1558.948222,1,1,3,0,9,47.0,19.747
1558.958957,5,2,1,0,3,50.0,14.302
1558.95966,1,1,2,0,1,47.0,0.0
1558.95967,5,1,1,0,1,47.0,0.0
1558.9659005,6,1,1,0,1,45.0,0.0
1558.967615,5,2,13,1,78,55.0,363.044
1558.9676795,3,1,4,0,20,52.0,127.285
1558.9676975,6,1,3,0,20,50.0,68.826
1558.967699,1,15,6,0,19,53.0,99.685
1558.9685685,6,1,2,0,4,46.0,7.78
1558.9728515,6,1,4,0,24,50.0,51.121
1558.9754395,6,1,2,0,1,46.0,0.0
1558.979797,1,2,14,4,67,67.0,2665.0
1558.983749,2,2,1,0,2,51.0,37.147
1558.98776,5,2,9,1,39,58.0,329.873
1558.9877975,6,1,2,0,4,49.0,14.02
1558.995951,1,1,1,0,1,45.0,0.0
1558.9983665,6,1,2,0,4,45.0,6.763
1559.00259,5,9,4,0,17,54.0,195.988
1559.007181,5,2,16,4,68,64.0,2180.0
1559.0071875,3,1,2,0,43,48.0,49.043
1559.0071975,6,10,10,1,53,57.0,269.458
1559.007214,2,1,1,0,1,56.0,0.0
1559.007253,1,1,1,0,1,47.0,0.0
1559.0101645,6,1,1,0,1,45.0,0.0
1559.021245,1,4,16,3,87,64.0,926.845
1559.0212545,3,1,5,1,98,51.0,160.457
1559.021258,2,1,8,1,19,57.0,406.84
1559.021264,5,37,8,2,95,53.0,283.176
1559.0212725,6,1,11,2,91,55.0,377.266
1559.033424,1,2,6,1,75,52.0,231.452
1559.0334395,6,1,4,0,24,51.0,71.81
1559.0334425,3,1,3,0,32,48.0,57.027
1559.033445,2,1,4,0,10,56.0,181.451
1559.033487,5,2,1,0,3,47.0,12.368
1559.0340495,6,1,2,0,70,48.0,56.623
1559.0340685,3,1,1,0,1,45.0,0.0
1559.047142,5,1,1,0,1,45.0,0.0
1559.0538415,6,1,2,0,5,57.0,64.529
1559.0603755,6,1,1,0,4,49.0,13.626
1559.0673475,6,2,2,0,3,53.0,28.719
1559.069879,1,2,5,0,18,60.0,322.231
1559.0712045,3,2,2,0,6,53.0,47.817
1559.072569,1,2,4,0,14,53.0,89.072
1559.072772,5,2,1,0,3,52.0,21.354
1559.083167,5,1,2,0,4,52.0,17.601
1559.0834355,6,1,1,0,1,45.0,0.0
1559.6405895,6,1,1,0,1,45.0,0.0
1559.6500705,3,1,1,0,1,45.0,0.0
1559.650075,2,1,1,0,1,50.0,0.0
1559.650106,1,1,2,1,197,50.0,106.322
1559.6658875,6,1,1,0,1,45.0,0.0
1559.706915,5,3,5,1,21,56.0,376.452
1559.708142,1,1,2,0,1,47.0,0.0
1559.711961,5,5,5,0,17,53.0,85.19
1559.7119675,6,1,2,0,1,48.0,0.0
1559.715131,1,12,18,5,90,64.0,2506.0
1559.7151475,3,1,9,1,96,49.0,160.035
1559.715162,5,1,9,1,61,52.0,176.308
1559.7160695,6,1,1,0,1,45.0,0.0
1559.7171775,6,1,3,0,18,61.0,322.284
1559.722467,2,1,2,0,4,53.0,40.828
1559.7421675,6,5,10,5,60,73.0,5501.0
1559.745501,5,2,1,0,3,51.0,23.269
1559.7461955,3,1,1,0,1,45.0,0.0
1559.748846,5,15,37,16,217,71.0,13998.0
1559.748846,2,1,31,18,253,71.0,11410.0
1559.7488595,6,34,29,9,228,64.0,3288.0
1559.748865,1,3,32,9,205,63.0,3654.0
1559.754183,1,1,2,0,21,47.0,29.598
1559.7541945,6,1,1,0,1,48.0,0.0
1559.7547115,6,3,3,0,25,59.0,269.534
1559.75588,1,1,1,0,1,49.0,0.0
1559.7561595,6,1,6,2,67,65.0,1207.0
1559.759722,5,8,18,4,140,64.0,1392.0
1559.7597335,3,1,6,1,115,48.0,151.11
1559.7597465,6,1,12,2,95,61.0,694.732
1559.76086,5,13,22,6,95,65.0,3787.0
1559.7608825,3,1,2,0,31,47.0,34.619
1559.773976,5,1,5,1,18,58.0,300.394
1559.775384,5,14,14,5,93,63.0,2892.0
1559.775405,1,1,3,0,1,49.0,0.0
1559.779204,5,162,14,4,230,57.0,749.613
1559.7793635,3,1,1,0,1,45.0,0.0
1559.779385,2,1,2,0,1,53.0,0.0
1559.7794055,6,1,1,0,1,45.0,0.0
1559.7840375,6,1,4,0,27,48.0,40.687
1559.7840445,3,2,2,0,2,47.0,4.927
1559.7876545,6,2,4,1,31,62.0,1151.0
1559.796523,1,1,1,0,1,45.0,0.0
1559.8037855,6,1,1,0,1,45.0,0.0
1559.804656,2,1,1,0,1,51.0,0.0
1559.810781,1,1,1,0,1,45.0,0.0
1559.8136375,6,1,1,0,1,47.0,0.0
1559.8186615,6,1,1,0,1,45.0,0.0
1559.823317,5,2,14,4,93,67.0,2830.0
1559.8233995,3,1,4,0,29,51.0,70.345
1559.827148,5,9,15,3,45,63.0,1956.0
1559.8271705,3,1,3,0,17,52.0,86.768
1559.82718,2,1,4,0,13,53.0,90.056
1559.8325875,6,2,1,0,4,46.0,13.678
1559.846288,5,2,3,0,10,52.0,91.624
1559.8598235,6,1,1,0,1,46.0,0.0
1559.8617265,3,1,1,0,1,47.0,0.0
1559.875539,1,1,2,0,8,49.0,24.273
1559.8804425,6,1,1,0,1,45.0,0.0
1559.8823365,6,1,1,0,1,45.0,0.0
1559.8843775,6,2,3,0,19,60.0,265.357
1559.885868,1,1,3,0,1,47.0,0.0
1559.8858755,6,1,3,1,105,48.0,66.0
1559.885945,5,2,1,0,3,55.0,59.353
1559.893346,5,14,23,10,132,67.0,7460.0
1559.8933795,3,1,4,0,1,49.0,0.0
1559.893391,2,1,4,0,33,53.0,137.502
1559.89932,1,6,2,0,7,49.0,28.46
1559.90691,5,2,5,1,17,56.0,309.17
1559.916299,1,16,23,7,139,65.0,3987.0
1559.9163155,3,1,6,1,74,54.0,216.453
1559.916325,5,1,13,3,112,53.0,514.328
1559.9190775,6,1,1,0,1,45.0,0.0
1559.9310045,3,1,2,0,8,49.0,25.309
1559.947548,5,5,10,0,10,58.0,229.512
1559.9475725,3,1,1,0,1,45.0,0.0
1559.949116,5,4,1,0,5,53.0,54.571
1559.9495205,3,1,1,0,4,48.0,14.525
1559.949536,2,1,1,0,1,50.0,0.0
1559.9541595,3,1,2,0,4,50.0,16.647
1559.9578645,6,11,10,3,54,68.0,2680.0
1559.957886,5,2,10,2,56,55.0,458.066
1559.9578945,3,1,2,0,4,48.0,13.23
1559.957929,1,1,4,0,20,50.0,68.83
1559.9586655,6,1,1,0,1,45.0,0.0
1559.9712575,6,2,4,0,17,63.0,413.132
1559.9784065,6,2,1,0,2,45.0,24.964
1559.9840375,6,1,1,0,1,45.0,0.0
1559.9847945,6,1,16,4,144,63.0,1605.0
1559.984797,1,93,24,6,141,62.0,2013.0
1559.984802,5,26,22,6,145,58.0,1808.0
1559.9848035,3,1,10,2,85,53.0,272.263
1559.984841,2,1,5,2,114,53.0,427.906
1559.9869285,6,2,1,0,2,45.0,10.461
1559.996105,5,7,11,1,27,55.0,282.255
1559.9961115,3,1,2,0,26,46.0,25.053
1559.9971475,6,1,1,0,1,47.0,0.0
1560.003164,5,7,9,1,44,59.0,552.039
1560.003176,2,1,6,1,35,53.0,212.666
1560.0031835,3,2,3,0,10,50.0,50.835
1560.0251075,6,1,1,0,1,45.0,0.0
1560.02885,5,2,12,1,40,57.0,557.162
1560.029387,1,2,2,0,5,50.0,40.645
1560.0347455,6,1,1,0,1,45.0,0.0
1560.03746,1,1,2,0,1,47.0,0.0
1560.0378265,6,1,1,0,1,45.0,0.0
1560.040165,1,1,4,0,1,48.0,0.0
1560.0401745,6,1,4,0,33,48.0,50.388
1560.0421395,6,1,1,0,1,45.0,0.0
1560.046563,1,1,1,0,1,47.0,0.0
1560.0487975,6,1,1,0,1,45.0,0.0
1560.0577915,6,1,1,0,1,45.0,0.0
1560.0604215,6,3,4,1,21,64.0,940.925
1560.071616,1,2,1,0,3,50.0,19.285
1560.0753455,6,1,2,1,199,48.0,61.933
1560.0850095,3,1,1,0,1,45.0,0.0
1560.0865075,3,1,1,0,1,46.0,0.0
1560.0929705,6,1,1,0,1,48.0,0.0
1560.1003645,6,1,1,0,8,47.0,16.054
1560.1013735,6,1,1,0,1,45.0,0.0
1560.107049,1,2,1,0,3,45.0,8.775
1560.109603,1,1,1,0,1,45.0,0.0
1560.1138225,3,1,2,0,4,49.0,11.766
1560.1218065,6,1,1,0,1,46.0,0.0
1560.1249285,3,1,1,0,1,45.0,0.0
1560.1249675,6,1,2,0,1,48.0,0.0
1560.1304005,6,1,1,0,1,45.0,0.0
1560.137846,5,2,6,1,19,61.0,577.064
1560.1445735,6,2,14,4,86,64.0,1692.0
1560.1445855,3,1,6,1,67,51.0,155.74
1560.144589,5,51,8,1,56,53.0,150.143
1560.1463045,6,2,1,0,2,46.0,11.626
1560.1606385,6,1,1,0,1,45.0,0.0
1560.16933,1,2,1,0,3,50.0,17.248
1560.171174,5,5,6,0,21,51.0,149.89
1560.174645,1,1,1,0,1,47.0,0.0
1560.186639,1,10,4,0,11,50.0,60.507
1560.1882735,6,1,1,0,1,48.0,0.0
1560.2093295,6,1,3,0,4,48.0,11.368
1560.22008,2,1,2,0,6,53.0,62.573
1560.2230865,6,1,1,0,4,45.0,9.233
1560.228724,1,1,1,0,1,45.0,0.0
1560.2377555,6,2,1,0,2,45.0,34.679
1560.2403205,6,1,1,0,1,46.0,0.0
1560.245604,1,49,31,9,185,62.0,3865.0
1560.2456065,6,3,23,7,195,59.0,1860.0
1560.245612,5,9,21,5,184,60.0,1449.0
1560.2474835,6,1,3,0,14,47.0,28.219
1560.247499,1,1,2,0,1,46.0,0.0
1560.248044,1,15,22,7,174,67.0,3345.0
1560.2480495,6,13,26,8,216,63.0,2457.0
1560.248062,5,3,24,4,141,57.0,1037.0
1560.257684,1,2,2,0,3,50.0,17.696
1560.2613755,3,1,17,4,262,53.0,545.043
1560.261385,5,130,35,12,251,67.0,5399.0
1560.261392,1,137,30,8,337,62.0,1893.0
1560.2613975,6,135,33,7,287,60.0,1566.0
1560.2631175,6,1,1,0,1,45.0,0.0
1560.2703615,6,1,1,0,1,45.0,0.0
1560.2728645,6,1,1,0,1,45.0,0.0
1560.2753875,6,1,1,0,1,45.0,0.0
1560.2817645,6,1,2,0,1,46.0,0.0
1560.281912,5,2,7,0,13,53.0,105.588
1560.2879575,6,1,1,0,1,45.0,0.0
1560.291893,1,2,8,1,63,50.0,153.076
1560.293253,1,1,1,0,1,48.0,0.0
1560.2932685,6,1,2,0,1,47.0,0.0
1560.293279,2,1,1,0,1,50.0,0.0
1560.3053675,6,1,2,0,4,47.0,10.197
1560.3124675,6,1,1,0,4,48.0,12.326
1560.3296665,6,1,1,0,1,45.0,0.0
1560.3309975,6,1,2,0,14,48.0,29.799
1560.3380025,6,4,8,3,59,72.0,4318.0
1560.3467815,6,2,2,0,7,48.0,14.694
1560.3572835,3,1,2,0,4,47.0,9.426
1560.371569,1,2,22,8,123,72.0,7535.0
1560.371594,2,1,1,0,1,50.0,0.0
1560.3716155,6,1,1,0,1,45.0,0.0
1560.378119,5,2,5,1,69,51.0,148.938
1560.378169,1,1,1,0,1,49.0,0.0
1560.390008,1,2,1,0,3,50.0,14.397
1560.3965545,6,3,5,0,14,59.0,321.93
1560.4025775,6,5,5,1,15,63.0,878.54
1560.4094615,6,1,1,0,1,46.0,0.0
1560.4168595,6,1,1,0,1,45.0,0.0
1560.4171945,3,1,1,0,4,50.0,18.553
1560.4307475,3,1,1,0,4,49.0,14.69
1560.433209,1,1,2,0,5,47.0,15.52
1560.4335325,3,1,1,0,4,45.0,6.753
1560.4359295,6,4,7,1,31,63.0,795.744
1560.436003,1,1,1,0,1,45.0,0.0
1560.4460185,6,4,13,3,116,62.0,986.611
1560.446043,5,36,6,1,51,51.0,160.153
1560.4460515,3,2,3,0,5,49.0,19.281
1560.4657205,6,1,1,0,1,45.0,0.0
1560.4676605,6,1,1,0,1,45.0,0.0
1560.4713515,6,3,8,2,43,66.0,1181.0
1560.480044,5,1,6,1,24,55.0,293.611
1560.486555,5,2,2,0,2,51.0,17.923
1560.4903545,6,1,1,0,1,45.0,0.0
1560.4921995,6,1,1,0,1,47.0,0.0
1560.4976535,6,1,1,0,1,45.0,0.0
1560.5047755,6,2,1,0,2,45.0,3.132
1560.507679,5,2,3,0,14,55.0,89.464
1560.5127585,6,4,15,5,133,66.0,2521.0
1560.51279,5,53,12,2,90,54.0,434.036
1560.5127975,3,1,3,0,45,49.0,77.077
1560.523142,5,2,8,1,57,54.0,209.642
1560.52551,1,1,2,0,1,48.0,0.0
1560.5259235,3,1,2,0,8,52.0,47.9
1560.5261025,6,1,1,0,1,45.0,0.0
1560.532796,2,2,1,0,2,51.0,10.07
1560.5328105,6,1,1,0,1,46.0,0.0
1560.533791,1,1,10,2,47,64.0,1067.0
1560.539286,5,1,14,1,35,53.0,254.091
1560.5498615,6,1,1,0,1,45.0,0.0
1560.553797,5,3,7,2,35,62.0,1469.0
1560.558752,5,15,8,2,29,59.0,804.645
1560.5587565,3,5,5,0,24,55.0,193.25
1560.55879,1,1,1,0,1,47.0,0.0
1560.5638645,6,1,1,0,1,45.0,0.0
1560.569958,1,3,16,5,103,70.0,4600.0
1560.5704565,3,1,1,0,4,49.0,13.613
1560.5712705,3,1,2,0,8,52.0,38.739
1560.5865925,6,1,1,0,1,45.0,0.0
1560.587082,5,4,2,0,5,53.0,52.786
1560.604103,1,1,1,0,1,45.0,0.0
1560.627904,1,1,1,0,1,48.0,0.0
1560.6291725,6,1,1,0,1,45.0,0.0
1560.632328,1,2,3,0,3,50.0,13.351
1560.632337,5,2,2,0,2,55.0,38.366
1560.6392965,6,1,6,1,23,59.0,336.971
1560.642715,5,1,1,0,1,45.0,0.0
1560.6430205,6,1,1,0,1,45.0,0.0
1560.646765,1,1,3,0,8,53.0,37.476
1560.6469085,6,2,3,0,7,52.0,69.345
1560.6475385,6,1,1,0,1,46.0,0.0
1560.649282,1,2,3,0,16,56.0,177.144
1560.652418,5,1,4,0,4,53.0,28.249
1560.661283,1,12,31,12,247,63.0,5069.0
1560.6612865,3,7,20,5,158,62.0,1789.0
1560.661287,2,6,17,6,147,60.0,2092.0
1560.6613015,6,45,37,9,259,58.0,2115.0
1560.661311,5,14,13,3,141,57.0,645.557
1560.664437,1,6,5,0,15,52.0,115.706
1560.673944,5,2,2,0,11,53.0,65.505
1560.6739485,3,1,1,0,1,45.0,0.0
1560.6769045,6,1,1,0,1,45.0,0.0
1560.6798655,6,2,2,0,10,47.0,27.566
1560.689153,5,1,11,1,53,52.0,219.329
1560.6891575,6,1,14,5,266,59.0,881.492
1560.6891705,3,1,9,3,162,54.0,417.76
1560.689175,1,1,6,1,42,52.0,162.685
1560.689224,2,1,3,0,4,55.0,39.071
1560.694055,1,1,1,0,1,45.0,0.0
1560.6960795,6,1,1,0,1,45.0,0.0
1560.6973865,6,1,1,0,1,46.0,0.0
1560.697695,1,1,1,0,1,45.0,0.0
1560.6995575,6,1,1,0,1,45.0,0.0
1560.7010675,6,1,1,0,1,45.0,0.0
1560.7016155,6,1,1,0,1,45.0,0.0
1560.7057785,6,1,1,0,1,45.0,0.0
1560.7070035,6,2,1,0,3,50.0,13.881
1560.7093105,6,1,2,0,4,51.0,27.34
1560.7137835,6,1,1,0,4,46.0,9.173
1560.7222445,3,1,1,0,1,45.0,0.0
1560.7222505,6,1,2,0,8,55.0,72.149
1560.728868,1,1,2,0,1,51.0,0.0
1560.730645,1,1,1,0,1,49.0,0.0
1560.7320655,6,1,4,0,10,50.0,38.913
1560.732081,1,1,3,0,1,47.0,0.0
1560.732098,5,1,1,0,1,46.0,0.0
1560.7381525,6,1,1,0,1,45.0,0.0
1560.740095,4,1,1,0,1,50.0,0.0
1560.7401035,3,3,11,3,161,57.0,489.643
1560.740113,2,1,13,4,157,58.0,1132.0
1560.7401145,6,4,16,3,177,53.0,528.18
1560.740123,5,2,16,2,127,51.0,412.446
1560.740131,1,4,22,4,164,55.0,768.773
1560.7421285,6,2,5,1,19,59.0,388.697
1560.742163,5,1,2,0,1,45.0,0.0
1560.7435855,6,1,1,0,1,45.0,0.0
1560.7471295,6,1,6,0,18,54.0,96.245
1560.7471465,3,1,1,0,1,45.0,0.0
1560.747149,1,2,3,0,3,49.0,13.18
1560.7506715,6,1,3,0,11,54.0,104.817
1560.7525255,6,1,2,0,14,51.0,40.195
1560.7580975,3,9,25,7,171,64.0,2843.0
1560.758099,1,9,35,15,245,65.0,7697.0
1560.758099,2,4,19,9,191,63.0,3564.0
1560.7581115,6,42,41,12,301,60.0,3332.0
1560.758113,5,25,20,4,146,58.0,982.911
1560.759569,1,2,4,0,56,52.0,103.827
1560.7595785,3,1,3,0,25,50.0,73.028
1560.759583,2,1,3,0,36,53.0,154.169
1560.759614,5,3,6,1,21,53.0,245.1
1560.7596195,6,1,5,0,35,52.0,124.424
1560.7613515,6,2,3,1,78,56.0,208.357
1560.7664055,6,1,3,0,17,52.0,72.807
1560.766446,1,1,1,0,1,45.0,0.0
1560.7729455,6,6,5,0,17,58.0,270.799
1560.772949,5,11,12,2,27,61.0,1080.0
1560.773009,1,2,4,0,4,49.0,15.92
1560.7745965,6,1,2,0,1,48.0,0.0
1560.7929185,6,1,1,0,4,48.0,13.165
1560.797857,5,2,3,0,2,47.0,3.903
1560.80378,5,15,4,0,17,53.0,165.439
1560.8037995,6,1,3,0,16,51.0,70.675
1560.805011,5,7,10,1,36,51.0,244.483
1560.8050435,6,1,3,0,1,46.0,0.0
1560.805055,1,1,5,0,1,49.0,0.0
1560.8155415,6,2,6,0,26,55.0,147.845
1560.8224235,6,1,1,0,1,45.0,0.0
1560.827046,5,5,9,1,29,56.0,338.107
1560.8270725,6,2,1,0,2,49.0,4.961
1560.829113,5,11,3,0,12,51.0,79.748
1560.8303745,6,1,5,0,35,50.0,73.276
1560.830386,5,1,2,0,1,47.0,0.0
1560.8323445,6,1,2,0,10,52.0,54.219
1560.832345,1,1,2,0,1,46.0,0.0
1560.8337175,6,1,1,0,1,46.0,0.0
1560.8399775,6,2,4,0,18,53.0,95.9
1560.8428125,6,2,1,0,5,53.0,45.853
1560.845627,5,2,2,0,3,49.0,17.996
1560.845669,1,2,4,0,32,51.0,82.895
1560.8456885,6,1,2,0,1,45.0,0.0
1560.854173,1,9,32,10,158,63.0,4884.0
1560.8541745,3,6,20,6,174,62.0,1833.0
1560.854175,2,2,14,5,92,59.0,1835.0
1560.8541855,6,42,36,9,259,58.0,2124.0
1560.854198,5,14,15,3,132,57.0,632.563
1560.860021,1,1,2,0,1,45.0,0.0
1560.8615445,6,1,2,0,1,46.0,0.0
1560.863839,1,1,1,0,1,45.0,0.0
1560.8647625,6,1,2,0,11,61.0,159.334
1560.869563,1,1,3,0,1,49.0,0.0
1560.873501,1,3,3,0,10,53.0,124.222
1560.875879,1,2,2,0,2,47.0,36.131
1560.8772285,6,1,4,1,24,62.0,525.602
1560.8790825,6,2,2,0,3,57.0,61.86
1560.888036,5,10,6,1,27,55.0,358.821
1560.8880525,6,3,3,0,17,56.0,162.124
1560.8880615,3,1,2,0,5,48.0,16.556
1560.8916215,6,1,1,0,1,45.0,0.0
1560.8933805,6,1,3,0,9,50.0,34.049
1560.8947415,6,2,1,0,2,45.0,4.4
1560.8971545,6,1,1,0,1,45.0,0.0
1560.9005615,6,1,1,0,10,46.0,12.861
1560.903893,5,18,4,0,24,50.0,83.313
1560.906622,2,2,1,0,3,55.0,70.017
1560.9066335,3,2,1,0,2,46.0,3.324
1560.9108735,6,2,2,0,13,55.0,71.17
1560.912724,1,1,9,1,60,58.0,270.013
1560.9144805,6,1,2,0,4,49.0,12.712
1560.922807,1,3,2,0,7,57.0,166.391
1560.925535,5,1,1,0,1,49.0,0.0
1560.9294205,6,1,2,0,5,50.0,22.212
1560.93935,1,1,5,0,1,52.0,0.0
1560.939358,5,1,1,0,1,50.0,0.0
1560.9393655,6,1,3,0,5,47.0,9.284
1560.9439875,6,1,1,0,1,46.0,0.0
1560.947355,1,1,14,4,302,53.0,526.563
1560.9473715,6,181,11,2,183,56.0,225.226
1560.94739,5,182,13,2,188,53.0,386.207
1560.9475675,3,1,3,0,19,47.0,36.379
1560.949912,1,30,35,16,250,65.0,7859.0
1560.9499155,3,10,24,8,201,63.0,2852.0
1560.949916,2,1,20,9,184,61.0,3338.0
1560.949922,5,32,18,4,162,58.0,983.828
1560.9499235,6,49,42,12,287,60.0,3420.0
1560.9507865,3,1,1,0,1,45.0,0.0
1560.9519725,6,2,2,0,16,52.0,86.469
1560.963717,1,2,4,0,35,55.0,99.641
1560.966284,1,7,27,17,173,76.0,23940.0
1560.966309,2,1,5,0,28,56.0,215.28
1560.9663235,3,1,3,0,18,50.0,44.262
1560.966345,5,1,3,0,1,48.0,0.0
1560.9663635,6,1,2,0,1,45.0,0.0
1560.9724405,6,2,2,0,11,49.0,38.578
1560.9732935,6,4,7,1,50,54.0,180.118
1560.973303,1,1,5,0,33,50.0,72.178
1560.973317,5,4,6,0,22,53.0,144.646
1560.9733385,3,1,1,0,5,47.0,11.043
1560.974227,1,1,1,0,1,45.0,0.0
1560.9813035,6,2,7,1,53,62.0,580.186
1560.981312,5,26,8,1,67,53.0,330.364
1560.981319,1,1,4,0,30,50.0,40.703
1560.9813415,3,1,2,0,14,47.0,26.377
1560.981354,2,1,2,0,1,52.0,0.0
1560.9880535,6,3,2,0,4,49.0,17.442
1560.988828,1,1,4,0,10,56.0,144.383
1560.9917285,6,1,2,0,5,52.0,14.185
1560.9956665,6,1,1,0,1,45.0,0.0
1560.9988555,6,1,2,0,4,50.0,16.373
1561.0028975,6,1,1,0,1,46.0,0.0
1561.0049705,6,1,3,0,7,54.0,67.663
1561.0063875,3,1,3,0,13,55.0,85.398
1561.00639,5,7,2,0,8,52.0,48.519
1561.006414,2,1,1,0,1,50.0,0.0
1561.010723,5,5,2,0,9,52.0,49.659
1561.0220425,6,78,3,0,80,53.0,62.718
1561.022243,1,1,2,0,4,51.0,25.747
1561.027739,5,1,1,0,1,46.0,0.0
1561.0289445,6,1,2,0,1,45.0,0.0
1561.030786,5,10,5,0,13,51.0,101.543
1561.033291,1,2,3,0,31,55.0,112.101
1561.0337845,3,1,1,0,1,45.0,0.0
1561.033792,2,1,1,0,1,50.0,0.0
1561.0338065,6,1,1,0,1,45.0,0.0
1561.0361335,6,1,1,0,1,45.0,0.0
1561.036771,5,10,5,0,24,50.0,107.24
1561.038235,1,1,1,0,4,48.0,11.23
1561.045684,1,28,32,12,248,63.0,5094.0
1561.0456855,3,10,21,6,201,62.0,1852.0
1561.045686,2,9,17,7,147,60.0,2233.0
1561.0456965,6,45,34,9,256,59.0,2222.0
1561.045712,5,2,12,2,106,56.0,559.917
1561.0465415,6,8,5,1,28,61.0,650.891
1561.0482865,3,1,2,0,1,46.0,0.0
1561.048288,1,2,4,1,146,53.0,188.247
1561.048305,5,43,5,0,46,49.0,110.051
1561.0486265,6,1,1,0,1,45.0,0.0
1561.0587865,6,1,1,0,1,45.0,0.0
1561.0602825,3,1,3,0,13,55.0,92.5
1561.060285,5,1,7,0,1,53.0,0.0
1561.0603095,6,1,3,0,1,46.0,0.0
1561.0640055,6,2,2,0,14,51.0,56.486
1561.0668845,6,2,3,0,21,53.0,101.14
1561.066892,5,2,6,0,2,48.0,4.305
1561.072613,1,1,6,1,40,54.0,176.82
1561.0726285,6,1,1,0,1,45.0,0.0
1561.0731765,6,2,4,0,3,55.0,46.138
1561.07514,5,2,5,0,5,49.0,29.043
1561.0810285,6,1,1,0,1,45.0,0.0
1561.087175,1,2,14,4,88,69.0,2910.0
1561.0893025,6,3,2,0,7,50.0,30.636
1561.089314,5,1,1,0,1,45.0,0.0
1561.098513,1,1,1,0,1,47.0,0.0
1561.1001,5,2,4,0,2,48.0,8.58
1561.116579,5,2,4,0,5,51.0,41.521
1561.118202,5,3,3,0,4,51.0,25.728
1561.1215155,6,1,4,1,108,61.0,394.216
1561.1277785,6,1,1,0,1,46.0,0.0
1561.133076,5,2,5,0,4,50.0,13.486
1561.1335325,3,1,1,0,1,45.0,0.0
1561.1346835,6,1,3,0,11,53.0,61.351
1561.139209,1,2,6,1,46,52.0,191.242
1561.1392255,6,1,3,0,1,50.0,0.0
1561.1392285,3,1,1,0,1,45.0,0.0
1561.141481,1,12,37,16,251,65.0,7950.0
1561.141483,2,8,20,8,129,61.0,3224.0
1561.1414845,3,7,25,8,202,63.0,2866.0
1561.141491,5,32,19,4,150,58.0,969.19
1561.1414925,6,46,42,12,305,61.0,3538.0
1561.1514055,6,1,1,0,4,46.0,8.697
1561.1522925,6,1,2,0,8,50.0,34.316
1561.1552755,6,3,4,0,24,58.0,246.658
1561.1674915,3,1,1,0,1,45.0,0.0
1561.179421,2,1,1,0,1,51.0,0.0
1561.188134,5,1,2,0,1,48.0,0.0
1561.199326,5,2,1,0,8,51.0,48.078
1561.2045945,6,2,2,0,4,52.0,29.905
1561.2127865,6,8,13,3,89,63.0,1148.0
1561.212796,1,2,13,2,103,59.0,445.895
1561.212802,5,1,10,1,67,52.0,253.4
1561.2128135,3,1,4,1,45,56.0,210.771
1561.212831,2,1,5,1,57,53.0,312.911
1561.2160565,6,1,3,0,21,51.0,61.344
1561.216057,5,2,1,0,2,45.0,7.333
1561.222505,1,1,3,0,35,51.0,76.6
1561.236349,5,2,3,0,5,56.0,75.461
1561.237328,1,9,31,12,248,63.0,5122.0
1561.2373295,3,6,21,6,171,62.0,1820.0
1561.23733,2,2,16,5,92,60.0,1900.0
1561.2373405,6,45,37,9,260,59.0,2255.0
1561.237353,5,5,12,2,106,57.0,567.084
1561.241497,2,1,1,0,1,53.0,0.0
1561.241508,1,24,2,0,25,46.0,32.551
1561.2417775,3,1,1,0,1,45.0,0.0
1561.242083,1,1,1,0,1,46.0,0.0
1561.2422335,6,1,2,0,8,48.0,14.886
1561.243887,2,1,2,0,1,51.0,0.0
1561.243891,5,1,2,0,15,48.0,36.327
1561.2439185,6,1,2,0,15,47.0,32.339
1561.2439205,3,1,1,0,1,45.0,0.0
1561.245005,1,1,1,0,1,47.0,0.0
1561.246206,5,1,10,2,141,55.0,334.21
1561.2462245,3,1,1,0,1,46.0,0.0
1561.2462385,6,1,3,0,1,48.0,0.0
1561.2523505,6,1,3,0,16,52.0,62.624
1561.252365,1,1,1,0,1,45.0,0.0
1561.255304,2,2,1,0,3,53.0,36.576
1561.263878,5,2,1,0,2,45.0,4.179
1561.2644165,6,1,1,0,1,45.0,0.0
1561.286257,5,2,4,0,6,53.0,56.977
1561.2961335,6,1,3,0,11,54.0,85.389
1561.3005815,6,1,2,0,1,47.0,0.0
1561.3011885,6,2,1,0,3,56.0,47.809
1561.303888,5,2,4,0,16,52.0,72.103
1561.3064735,6,2,3,0,9,61.0,251.902
1561.3206555,6,6,2,0,8,55.0,121.643
1561.320681,5,1,1,0,1,46.0,0.0
1561.3206905,3,1,2,0,10,49.0,35.675
1561.329373,5,2,36,22,351,71.0,16738.0
1561.3293885,6,38,25,9,267,61.0,2607.0
1561.3293905,3,15,17,2,102,55.0,518.57
1561.329392,2,17,21,10,283,59.0,2473.0
1561.329399,4,10,5,0,18,54.0,174.981
1561.329402,1,2,33,8,249,60.0,2233.0
1561.334253,1,30,35,16,253,64.0,8047.0
1561.3342565,3,10,24,8,201,64.0,2870.0
1561.334257,2,9,18,9,181,62.0,3283.0
1561.3342675,6,45,43,11,274,61.0,3554.0
1561.334269,5,16,18,4,144,57.0,942.136
1561.335272,5,6,23,5,84,62.0,2139.0
1561.3352805,6,3,15,4,105,64.0,1389.0
1561.3352895,3,1,7,1,61,53.0,204.012
1561.33529,1,1,19,3,133,53.0,444.901
1561.335315,2,1,5,1,51,57.0,319.396
1561.3394505,6,1,1,0,1,45.0,0.0
1561.3416335,6,1,1,0,1,45.0,0.0
1561.3448235,6,2,2,0,10,52.0,65.165
1561.3463395,6,2,3,0,14,52.0,67.926
1561.3505575,6,1,1,0,1,50.0,0.0
1561.3530735,6,2,7,1,36,59.0,393.691
1561.353116,1,1,1,0,4,46.0,8.948
1561.3536385,6,1,1,0,4,48.0,12.026
1561.3546655,6,1,1,0,1,45.0,0.0
1561.3553505,6,8,4,0,17,52.0,127.433
1561.359442,5,15,18,6,109,65.0,3082.0
1561.359462,2,1,8,2,70,57.0,526.954
1561.3594675,6,3,11,2,84,60.0,647.551
1561.359468,1,1,9,1,43,52.0,161.175
1561.3595085,3,1,3,0,36,47.0,48.486
1561.3618775,6,1,3,0,7,57.0,97.358
1561.367116,5,1,1,0,1,45.0,0.0
1561.371984,5,2,2,0,14,51.0,57.47
1561.3720015,6,1,3,0,6,52.0,30.695
1561.375331,5,22,29,8,142,63.0,3022.0
1561.3753345,6,2,26,7,198,61.0,1990.0
1561.375336,1,21,25,6,222,60.0,1571.0
1561.375336,2,53,19,7,142,61.0,2346.0
1561.3753445,3,18,13,3,139,58.0,700.781
1561.375368,4,1,1,0,1,49.0,0.0
1561.3844575,6,1,1,0,6,46.0,7.724
1561.3901095,6,155,4,1,160,56.0,188.389
1561.3911785,6,2,3,0,12,51.0,56.702
1561.397575,5,2,1,0,16,51.0,62.354
1561.397796,1,2,10,2,84,57.0,409.979
1561.397807,2,1,6,1,35,53.0,272.175
1561.3978115,3,1,1,0,5,48.0,14.754
1561.3978125,6,1,6,0,29,52.0,77.468
1561.401393,1,1,2,0,4,53.0,26.35
1561.404592,5,2,8,0,5,51.0,27.241
1561.404593,1,1,2,0,1,46.0,0.0
1561.4045965,6,1,4,0,22,50.0,53.317
1561.414128,1,2,1,0,2,50.0,12.099
1561.4178915,6,2,1,0,2,45.0,8.76
1561.420917,5,2,23,16,146,78.0,31148.0
1561.4209325,6,23,16,4,152,60.0,1129.0
1561.42094,4,1,1,0,1,45.0,0.0
1561.4209465,3,1,3,0,45,48.0,56.332
1561.42095,2,1,10,2,79,55.0,580.403
1561.420955,1,2,9,1,60,53.0,243.983
1561.4221355,6,1,1,0,1,45.0,0.0
1561.4265415,6,1,1,0,1,49.0,0.0
1561.427989,1,1,9,2,65,67.0,1176.0
1561.43246,5,1,1,0,1,45.0,0.0
1561.433938,5,1,2,0,1,46.0,0.0
1561.435309,1,2,2,0,8,49.0,66.957
1561.4384645,6,1,1,0,1,45.0,0.0
1561.439441,1,3,5,1,14,60.0,559.077
1561.4399545,6,1,1,0,1,45.0,0.0
1561.4489605,6,1,1,0,1,48.0,0.0
1561.450239,1,24,12,1,60,54.0,290.207
1561.4502415,6,1,9,2,101,59.0,599.928
1561.450259,5,2,4,0,2,50.0,10.461
1561.4502645,3,1,1,0,1,45.0,0.0
1561.4584375,6,1,6,1,68,55.0,238.427
1561.4596875,6,1,1,0,1,45.0,0.0
1561.463142,1,2,2,0,2,49.0,9.639
1561.464304,5,11,9,1,125,53.0,234.272
1561.4643295,6,100,10,2,122,61.0,636.956
1561.464353,2,1,1,0,1,50.0,0.0
1561.470843,1,6,18,3,111,61.0,922.283
1561.470846,2,1,8,3,94,57.0,634.801
1561.4708475,3,2,10,2,90,57.0,529.289
1561.4708545,6,1,12,2,73,56.0,551.136
1561.47087,5,50,15,3,109,55.0,653.72
1561.485898,1,1,1,0,1,45.0,0.0
1561.489846,1,1,2,0,4,52.0,22.539
1561.4932985,6,1,3,0,1,47.0,0.0
1561.494978,5,3,4,0,6,55.0,102.596
1561.49581,5,1,12,2,26,63.0,1365.0
1561.4958315,6,1,5,1,28,58.0,381.951
1561.4958515,3,1,2,0,35,46.0,28.795
1561.495865,1,2,3,0,43,50.0,79.862
1561.5029175,6,1,1,0,1,45.0,0.0
1561.5097925,6,4,11,4,60,68.0,2587.0
1561.509814,1,1,12,2,94,52.0,356.805
1561.509814,5,39,11,1,40,53.0,173.332
1561.5098465,3,1,2,0,21,48.0,39.082
1561.509858,2,1,1,0,1,53.0,0.0
1561.5123325,6,1,1,0,1,46.0,0.0
1561.5147035,6,1,7,0,34,51.0,130.361
1561.514712,5,1,10,2,111,53.0,261.613
1561.514721,1,2,7,1,43,54.0,284.885
1561.514727,2,1,2,0,1,52.0,0.0
1561.5147555,3,1,1,0,4,48.0,12.773
1561.5238415,3,1,4,1,40,55.0,177.025
1561.52386,1,10,11,1,37,53.0,209.925
1561.52386,2,1,5,0,12,57.0,232.998
1561.523867,5,4,6,1,39,52.0,180.048
1561.5238725,6,1,3,0,18,49.0,31.111
1561.5249795,6,1,3,0,1,46.0,0.0
1561.525004,1,2,5,0,19,50.0,51.762
1561.533465,5,2,1,0,3,51.0,27.998
1561.5344555,6,2,6,2,35,62.0,882.493
1561.5368095,6,1,1,0,1,45.0,0.0
1561.5406075,6,1,2,0,4,50.0,18.643
1561.5429235,3,3,2,0,13,52.0,42.749
1561.556322,5,3,5,0,20,54.0,159.821
1561.5563335,6,1,2,0,10,50.0,25.8
1561.563988,1,2,1,0,2,45.0,3.784
1561.569045,5,2,2,0,2,47.0,6.686
1561.57213,1,2,3,0,10,50.0,44.096
1561.575035,1,1,3,0,16,53.0,128.517
1561.575038,2,1,4,0,14,56.0,224.432
1561.5791675,6,10,4,0,17,57.0,194.183
1561.5798515,6,1,3,0,1,49.0,0.0
1561.581603,5,2,2,0,2,46.0,3.665
1561.5816275,6,1,2,0,1,46.0,0.0
1561.5905195,3,3,4,1,40,60.0,331.249
1561.590537,1,2,4,0,4,51.0,18.05
1561.594821,5,4,2,0,5,47.0,21.169
1561.594869,1,1,1,0,1,45.0,0.0
1561.5976405,6,1,2,0,1,47.0,0.0
1561.5997905,6,1,3,0,20,52.0,99.922
1561.60135,1,2,4,0,6,60.0,237.594
1561.6019715,6,1,1,0,1,45.0,0.0
1561.614897,1,2,7,1,34,59.0,232.773
1561.6152145,6,1,1,0,1,45.0,0.0
1561.61562,1,2,4,1,35,62.0,423.288
1561.6213185,6,1,2,0,4,47.0,12.044
1561.623719,5,2,9,1,93,55.0,282.244
1561.6237215,6,2,10,2,104,52.0,299.107
1561.6248265,6,1,1,0,4,47.0,11.698
1561.636835,5,1,3,0,1,49.0,0.0
1561.6368495,3,1,1,0,1,45.0,0.0
1561.6368615,6,1,2,0,4,48.0,10.712
1561.638184,1,2,9,1,41,55.0,196.499
1561.6382865,6,1,4,0,22,49.0,40.049
1561.638287,5,9,5,1,25,56.0,333.03
1561.6383225,3,1,1,0,1,45.0,0.0
1561.6428965,6,2,5,1,22,62.0,697.587
1561.642917,5,2,4,0,14,53.0,36.046
1561.6436915,6,1,3,0,1,47.0,0.0
1561.6457045,6,5,8,2,47,64.0,1396.0
1561.645744,5,2,3,0,3,49.0,11.119
1561.645764,1,1,2,0,26,49.0,35.637
1561.645805,2,1,1,0,1,50.0,0.0
1561.647342,1,2,5,0,51,54.0,144.429
1561.647351,2,1,3,1,68,57.0,341.8
1561.6473555,6,2,8,2,88,57.0,358.03
1561.6473585,3,1,4,0,21,54.0,117.329
1561.64737,5,1,3,0,34,50.0,65.278
1561.6483325,6,3,12,3,112,61.0,1485.0
1561.648339,5,10,14,2,88,56.0,435.741
1561.6483495,3,1,7,1,41,53.0,178.793
1561.64836,1,2,14,2,103,57.0,602.364
1561.648689,2,1,2,0,1,51.0,0.0
1561.655172,1,1,1,0,1,50.0,0.0
1561.657196,1,1,16,3,102,59.0,800.011
1561.6571965,6,6,12,3,69,62.0,1197.0
1561.657205,5,2,7,1,46,56.0,366.29
1561.6572165,3,3,5,0,29,54.0,162.564
1561.657217,2,2,7,0,15,56.0,177.45
1561.6586275,6,1,1,0,1,47.0,0.0
1561.661493,5,2,2,0,12,54.0,117.975
1561.6615275,6,1,1,0,4,48.0,12.178
1561.6639435,6,1,5,1,25,62.0,640.414
1561.6665485,6,1,7,0,25,55.0,175.512
1561.666555,1,2,1,0,3,47.0,9.736
1561.666889,5,2,5,0,33,50.0,93.511
1561.67119,5,2,2,0,3,47.0,10.882
1561.6712035,6,1,3,0,7,53.0,52.368
1561.6743945,6,1,1,0,4,49.0,13.149
1561.679098,5,4,5,0,16,57.0,285.344
1561.6791225,6,1,2,0,14,53.0,56.302
1561.6812225,6,1,5,0,20,59.0,218.333
1561.681242,1,1,1,0,1,45.0,0.0
1561.6832905,6,1,1,0,1,45.0,0.0
1561.684292,5,2,2,0,20,56.0,139.622
1561.6908535,3,1,3,0,12,56.0,170.535
1561.690865,1,1,6,0,19,51.0,75.06
1561.692962,5,1,9,1,47,54.0,275.112
1561.692977,1,9,9,1,37,51.0,155.816
1561.6929825,6,2,2,0,14,50.0,54.429
1561.7238745,6,4,7,4,52,74.0,4243.0
1561.723936,5,1,1,0,1,46.0,0.0
1561.7261275,6,2,2,0,8,54.0,67.335
1561.7357185,6,2,4,0,10,53.0,60.837
1561.737335,5,12,9,1,53,54.0,273.452
1561.7373355,6,2,8,1,72,51.0,171.07
1561.7373585,3,1,2,0,1,46.0,0.0
1561.737401,1,1,2,0,1,46.0,0.0
1561.7421125,6,1,2,0,8,52.0,40.419
1561.754881,1,2,1,0,2,45.0,4.826
1561.757143,1,2,6,1,47,54.0,142.858
1561.7571545,3,1,1,0,1,46.0,0.0
1561.761429,1,9,16,3,122,57.0,671.598
1561.7614295,3,2,4,0,40,50.0,77.007
1561.7614335,6,1,13,2,124,53.0,406.1
1561.761439,2,1,6,0,1,55.0,0.0
1561.761442,5,1,14,2,90,54.0,420.731
1561.7796905,6,1,1,0,1,45.0,0.0
1561.7804465,6,1,7,1,214,55.0,241.065
1561.780616,1,19,4,0,20,51.0,47.297
1561.780616,5,3,5,0,28,51.0,131.683
1561.7813745,6,1,2,0,4,47.0,10.983
1561.7828165,6,1,1,0,1,46.0,0.0
1561.7853375,6,1,1,0,1,45.0,0.0
1561.786712,5,3,1,0,4,48.0,34.589
1561.789825,1,1,3,0,1,50.0,0.0
1561.7977995,3,1,3,0,8,51.0,49.163
1561.797814,2,1,3,0,7,55.0,98.056
1561.797837,1,1,4,0,51,49.0,76.129
1561.7978455,6,1,3,0,27,50.0,55.17
1561.801692,5,1,1,0,1,46.0,0.0
1561.8164225,6,4,4,1,25,59.0,403.352
1561.8166185,3,1,2,0,4,49.0,16.917
1561.8203315,6,1,4,0,24,52.0,99.997
1561.8221615,6,1,1,0,1,45.0,0.0
1561.8239115,6,1,5,0,29,51.0,85.025
1561.826298,5,4,4,0,17,57.0,312.622
1561.826328,1,1,1,0,1,45.0,0.0
1561.8266655,6,1,2,0,1,47.0,0.0
1561.827799,5,1,9,3,95,69.0,1654.0
1561.8429395,6,2,12,4,115,66.0,1911.0
1561.842945,1,6,9,1,44,58.0,286.262
1561.8429455,3,1,6,0,42,53.0,112.319
1561.842951,5,17,8,0,23,51.0,94.655
1561.842978,2,1,3,1,60,52.0,229.586
1561.8478235,3,1,4,0,18,56.0,178.252
1561.847824,5,2,8,0,2,57.0,55.428
1561.84783,1,1,9,2,110,53.0,231.214
1561.84785,2,1,4,0,10,53.0,88.066
1561.8478675,6,1,4,1,106,50.0,98.32
1561.8506675,6,1,1,0,1,47.0,0.0
1561.85277,5,2,1,0,3,46.0,8.749
1561.854331,5,1,2,0,1,46.0,0.0
1561.862289,1,1,15,3,140,55.0,504.691
1561.8622915,6,1,16,4,119,59.0,1118.0
1561.862296,5,2,12,2,111,57.0,595.641
1561.8623045,3,1,11,2,113,55.0,358.397
1561.862307,2,3,13,5,116,62.0,1598.0
1561.8649835,6,3,3,0,25,59.0,317.888
1561.8669795,6,1,1,0,1,45.0,0.0
1561.8706045,6,3,4,1,17,60.0,499.711
1561.8724815,3,1,1,0,4,49.0,16.512
1561.8778995,6,1,1,0,4,51.0,18.924
1561.878677,1,1,1,0,4,51.0,19.435
1561.8790365,6,1,1,0,1,45.0,0.0
1561.8972875,6,1,3,0,22,50.0,40.663
1561.897298,1,1,4,0,1,50.0,0.0
1561.8998435,6,1,1,0,1,46.0,0.0
1561.905519,1,2,1,0,2,45.0,5.484
1561.906055,5,2,2,0,3,51.0,33.93
1561.9060865,6,1,1,0,1,45.0,0.0
1561.9079625,6,1,1,0,1,45.0,0.0
1561.910915,1,1,5,0,17,54.0,124.038
1561.923368,5,2,2,0,2,48.0,15.734
1561.926254,5,2,3,0,16,49.0,65.482
1561.927505,5,2,1,0,4,50.0,18.249
1561.9308065,3,1,3,0,7,56.0,83.474
1561.930815,5,3,2,0,4,48.0,22.033
1561.933043,5,3,19,5,118,66.0,2799.0
1561.933053,2,2,5,0,16,56.0,150.483
1561.933058,1,56,10,1,63,53.0,265.575
1561.9330585,3,1,8,2,123,53.0,227.703
1561.9330625,6,17,14,3,127,58.0,844.677
1561.93504,5,1,1,0,1,46.0,0.0
1561.9407005,6,12,14,3,122,57.0,682.324
1561.940704,5,1,11,0,9,55.0,86.909
1561.940704,1,22,13,3,102,57.0,758.913
1561.9407175,3,1,5,0,20,50.0,34.853
1561.940731,2,2,7,2,75,57.0,533.832
1561.944186,5,2,1,0,2,45.0,3.784
1561.947285,5,2,8,2,38,64.0,963.66
1561.9487395,6,3,6,1,30,60.0,369.776
1561.948745,1,7,6,1,65,56.0,231.528
1561.948763,5,1,2,0,1,46.0,0.0
1561.9487635,3,1,2,0,25,47.0,34.116
1561.965925,1,1,5,0,45,53.0,115.704
1561.9659415,6,1,2,0,4,49.0,13.358
1561.9659515,3,1,4,0,21,51.0,91.681
1561.9731295,6,1,1,0,1,45.0,0.0
1561.9745135,6,1,8,1,98,55.0,276.44
1561.974533,5,2,9,0,28,53.0,174.244
1561.9745385,3,1,3,0,1,50.0,0.0
1561.974558,1,1,5,0,1,51.0,0.0
1561.980861,1,1,1,0,1,45.0,0.0
1561.981627,1,1,1,0,1,47.0,0.0
1561.9854055,6,1,2,0,1,49.0,0.0
1561.98777,5,1,3,0,1,46.0,0.0
1561.9878585,6,1,4,0,21,52.0,100.726
1561.991277,1,3,2,0,11,57.0,175.336
1561.9934455,6,1,1,0,1,51.0,0.0
1562.0019055,3,2,1,0,2,45.0,3.784
1562.004385,5,1,1,0,4,48.0,12.546
1562.006886,5,1,2,0,1,46.0,0.0
1562.006888,1,1,4,0,1,52.0,0.0
1562.008615,1,2,7,1,38,59.0,437.422
1562.008742,5,2,3,0,6,53.0,60.817
1562.0087715,6,1,2,0,14,47.0,18.563
1562.013142,1,1,2,0,1,51.0,0.0
1562.0131485,6,1,1,0,1,45.0,0.0
1562.0141165,6,1,1,0,1,45.0,0.0
1562.016855,5,2,1,0,2,46.0,13.574
1562.0168705,6,1,1,0,1,45.0,0.0
1562.021027,5,2,5,0,20,55.0,103.958
1562.0210525,6,1,1,0,7,49.0,20.177
1562.021303,1,2,8,1,71,53.0,232.529
1562.0252275,6,1,1,0,1,45.0,0.0
1562.032698,1,3,7,1,43,61.0,402.066
1562.0331525,3,8,6,1,83,56.0,297.64
1562.033167,2,1,3,0,13,55.0,125.166
1562.033174,5,2,8,1,56,55.0,276.62
1562.0331805,6,2,8,2,115,53.0,312.391
1562.033246,1,2,2,0,3,47.0,10.614
1562.0357845,6,11,4,1,34,59.0,282.131
1562.035807,5,2,4,0,2,53.0,9.686
1562.03583,1,1,2,0,1,51.0,0.0
1562.040414,5,3,3,0,11,51.0,61.704
1562.041088,1,2,5,1,37,57.0,210.081
1562.041908,5,5,3,0,11,53.0,92.331
1562.0419185,6,1,2,0,1,47.0,0.0
1562.042936,1,10,6,0,27,51.0,130.043
1562.0429465,6,1,5,0,51,51.0,96.203
1562.0429475,3,1,2,0,5,49.0,18.824
1562.042964,5,2,4,0,7,48.0,17.122
1562.0440915,6,1,2,0,21,47.0,30.969
1562.0453875,6,2,1,0,2,47.0,5.098
1562.053387,5,1,1,0,1,47.0,0.0
1562.054769,1,2,1,0,4,47.0,14.646
1562.0582195,6,4,2,0,5,49.0,20.723
1562.05823,5,1,1,0,1,47.0,0.0
1562.05955,1,2,2,0,3,50.0,19.571
1562.0625485,6,1,2,0,5,46.0,8.925
1562.0660605,6,12,10,3,43,65.0,2385.0
1562.066089,5,1,3,0,26,48.0,47.063
1562.066098,1,1,5,0,38,52.0,116.207
1562.0735725,6,3,5,0,17,55.0,156.415
1562.073955,5,7,4,0,18,57.0,259.227
1562.0743935,6,1,2,0,5,47.0,13.751
1562.074398,1,1,1,0,1,45.0,0.0
1562.077364,5,2,4,0,2,51.0,13.128
1562.0773675,6,1,5,0,11,52.0,49.293
1562.0773855,3,1,2,0,1,45.0,0.0
1562.086091,1,11,24,8,228,63.0,2911.0
1562.086105,2,38,19,8,127,61.0,3015.0
1562.0861085,6,5,20,8,188,63.0,2748.0
1562.0861115,3,12,15,5,176,62.0,1471.0
1562.086118,5,2,22,5,175,59.0,1214.0
1562.0874815,6,2,3,0,19,50.0,71.41
1562.0955085,6,2,3,0,4,55.0,55.415
1562.0962565,6,1,2,0,4,51.0,19.964
1562.0997305,6,1,1,0,1,45.0,0.0
1562.103489,5,2,3,0,2,47.0,6.26
1562.105213,1,1,4,0,19,57.0,179.839
1562.105215,5,1,3,0,1,48.0,0.0
1562.1084035,6,1,1,0,1,45.0,0.0
1562.1140165,6,1,1,0,1,47.0,0.0
1562.118628,5,2,5,0,2,54.0,24.964
1562.1188005,6,22,14,4,74,68.0,3235.0
1562.1188325,3,41,4,0,53,50.0,99.917
1562.118837,1,1,13,1,73,51.0,204.109
1562.1268085,6,2,3,0,6,50.0,26.535
1562.132527,5,1,1,0,1,49.0,0.0
1562.136612,5,3,3,0,5,47.0,19.977
1562.137156,5,2,5,0,122,48.0,57.711
1562.137258,1,1,10,1,78,52.0,177.937
1562.1372665,3,1,1,0,1,45.0,0.0
1562.1372665,6,1,5,0,22,54.0,118.48
1562.137277,2,1,3,0,1,57.0,0.0
1562.1382325,6,2,2,0,2,49.0,6.569
1562.140394,1,1,7,1,51,52.0,167.641
1562.1404275,6,1,2,0,1,48.0,0.0
1562.1473475,3,1,1,0,4,46.0,10.14
1562.147361,1,1,2,0,1,48.0,0.0
1562.1478185,6,1,2,0,1,53.0,0.0
1562.14908,5,3,4,0,8,53.0,72.415
1562.150764,5,1,1,0,1,45.0,0.0
1562.151507,5,2,2,0,2,47.0,3.813
1562.152379,5,2,2,0,4,46.0,13.782
1562.1579145,3,1,2,0,8,51.0,36.733
1562.1579415,6,1,2,0,4,48.0,12.587
1562.1597905,3,1,1,0,1,45.0,0.0
1562.1598055,6,1,2,0,4,48.0,11.895
1562.17248,1,3,3,0,13,51.0,134.602
1562.1733495,6,1,3,0,10,47.0,21.242
1562.174784,2,1,9,2,62,58.0,631.766
1562.174785,5,77,12,2,78,55.0,344.231
1562.174786,1,1,15,2,93,55.0,502.908
1562.1747895,3,1,8,1,94,52.0,202.585
1562.1747895,6,2,16,3,136,55.0,609.596
1562.175533,1,1,2,0,1,50.0,0.0
1562.175756,5,3,2,0,4,49.0,24.525
1562.1774215,3,1,1,0,4,52.0,27.715
1562.177432,5,1,1,0,1,45.0,0.0
1562.1774635,6,1,1,0,1,45.0,0.0
1562.179251,1,4,3,0,8,53.0,91.236
1562.1797115,6,3,4,1,20,63.0,484.156
1562.1805235,6,2,1,0,2,48.0,8.402
1562.1813025,6,1,3,0,7,49.0,32.51
1562.189602,5,1,3,0,1,48.0,0.0
1562.1916575,6,2,12,3,123,61.0,734.883
1562.1916605,3,1,4,0,44,50.0,60.979
1562.191663,1,1,12,2,97,55.0,425.572
1562.191681,5,27,8,1,53,52.0,217.257
1562.194637,5,1,2,0,1,53.0,0.0
1562.1972255,6,1,2,0,7,52.0,50.032
1562.2025765,6,1,2,0,4,52.0,24.345
1562.206645,5,14,11,1,59,51.0,325.21
1562.20665,1,2,4,0,13,50.0,35.956
1562.2066545,6,1,2,0,1,47.0,0.0
1562.2096095,6,1,1,0,1,45.0,0.0
1562.215798,5,1,2,0,1,45.0,0.0
1562.771981,1,1,2,0,4,48.0,12.263
1562.7747665,6,3,3,1,20,59.0,340.78
1562.7803785,6,1,2,0,1,48.0,0.0
1562.7812875,6,2,7,2,223,60.0,508.611
1562.785606,1,1,3,0,42,48.0,56.623
1562.7878395,6,1,1,0,1,47.0,0.0
1562.7933755,3,1,7,1,77,53.0,179.055
1562.793391,5,6,15,4,131,56.0,831.598
1562.7947185,3,1,2,0,1,46.0,0.0
1562.794721,5,3,7,1,25,53.0,248.989
1562.7980555,6,12,9,3,89,63.0,1886.0
1562.798094,5,58,7,1,64,51.0,159.291
1562.798115,2,1,1,0,1,50.0,0.0
1562.8000765,6,1,1,0,11,45.0,11.499
1562.8023965,6,1,1,0,1,45.0,0.0
1562.804669,5,3,20,7,166,68.0,3711.0
1562.80472,1,1,5,0,70,48.0,91.71
1562.8047585,3,1,2,0,5,49.0,14.452
1562.806783,1,1,4,0,34,50.0,91.332
1562.8067995,6,1,1,0,1,45.0,0.0
1562.8106995,6,1,2,0,1,47.0,0.0
1562.8107075,3,1,4,0,14,50.0,58.223
1562.811864,1,1,2,0,1,46.0,0.0
1562.8126105,3,1,1,0,1,46.0,0.0
1562.815965,1,2,8,1,42,62.0,630.534
1562.818201,1,1,1,0,1,47.0,0.0
1562.823572,1,2,12,2,88,62.0,721.308
1562.8235865,3,1,3,0,9,50.0,40.431
1562.8278145,6,1,1,0,1,47.0,0.0
1562.828611,1,8,44,39,335,84.0,105702.0
1562.82862,2,10,36,21,259,71.0,15447.0
1562.8286215,3,18,31,14,289,69.0,7481.0
1562.82863,5,45,32,11,241,67.0,5411.0
1562.8286405,6,10,31,16,353,69.0,8900.0
1562.8345415,6,3,6,2,28,63.0,1074.0
1562.8345685,3,1,1,0,4,50.0,20.369
1562.83457,5,2,9,0,5,53.0,27.801
1562.8365015,6,1,2,0,1,46.0,0.0
1562.836753,5,1,12,1,58,52.0,197.87
1562.8367765,3,1,3,0,9,46.0,15.933
1562.8414595,6,1,2,0,1,46.0,0.0
1562.845717,5,5,11,4,161,56.0,710.337
1562.8457585,3,1,1,0,1,45.0,0.0
1562.8494775,6,1,5,1,24,60.0,388.548
1562.8575785,3,1,1,0,1,45.0,0.0
1562.857621,2,1,2,0,1,52.0,0.0
1562.859917,5,2,6,0,22,55.0,163.044
1562.8599555,6,1,2,0,1,47.0,0.0
1562.8633895,6,1,2,0,1,48.0,0.0
1562.870254,5,1,2,0,24,51.0,109.734
1562.8702785,3,1,1,0,1,45.0,0.0
1562.871239,5,18,8,0,19,54.0,159.853
1562.8712745,3,1,3,0,4,49.0,12.73
1562.8779565,3,1,1,0,1,45.0,0.0
1562.8845215,3,1,3,0,15,54.0,75.792
1562.8863635,6,1,1,0,4,45.0,8.65
1562.8966285,6,1,1,0,1,45.0,0.0
1562.9051585,6,1,1,0,1,46.0,0.0
1562.9060355,6,2,8,2,47,64.0,1776.0
1562.9060825,3,2,1,0,2,45.0,4.055
1562.90609,5,2,5,0,26,52.0,80.832
1562.9088685,3,1,1,0,1,45.0,0.0
1562.912366,5,2,1,0,2,51.0,14.957
1562.927401,1,1,1,0,1,45.0,0.0
1562.930939,1,2,5,0,40,49.0,101.332
1562.9309545,3,1,1,0,1,45.0,0.0
1562.9381395,6,1,2,0,1,46.0,0.0
1562.950357,5,1,2,0,13,51.0,38.09
1562.9572785,3,1,1,0,1,45.0,0.0
1562.969288,5,1,5,0,6,53.0,44.047
1562.969653,1,2,1,0,3,45.0,11.57
1562.971556,1,1,1,0,1,45.0,0.0
1562.9817865,3,2,4,0,9,51.0,47.559
1562.981788,1,19,5,1,101,49.0,168.643
1562.99437,5,1,10,0,11,55.0,41.783
1562.9943805,6,2,8,1,26,61.0,591.704
1562.994386,1,1,4,1,75,49.0,89.049
1562.9943965,3,2,6,0,45,48.0,114.257
1562.9999595,3,1,1,0,4,47.0,9.107
1563.0034005,6,1,1,0,1,45.0,0.0
1563.0359875,6,1,1,0,1,45.0,0.0
1563.037532,1,2,6,0,3,48.0,7.897
1563.037623,2,1,1,0,1,50.0,0.0
1563.0512615,6,1,1,0,1,45.0,0.0
1563.0542425,6,7,12,3,106,60.0,827.91
1563.054254,5,17,10,2,107,55.0,503.282
1563.0542725,3,1,4,0,32,53.0,161.477
1563.054327,2,2,1,0,2,51.0,29.415
1563.0573325,6,1,2,0,8,47.0,16.519
1563.063583,1,1,2,0,1,45.0,0.0
1563.0683685,6,1,1,0,1,48.0,0.0
1563.0706895,6,1,2,0,1,47.0,0.0
1563.0732805,6,1,1,0,5,48.0,13.999
1563.077705,1,1,1,0,1,45.0,0.0
1563.0812985,6,1,1,0,1,47.0,0.0
1563.082166,1,2,1,0,2,46.0,7.006
1563.0836655,6,1,1,0,5,48.0,15.598
1563.0938835,6,3,3,0,25,62.0,366.212
1563.095815,5,4,5,0,19,53.0,177.87
1563.0969965,6,7,18,5,171,59.0,1282.0
1563.100595,5,4,2,0,5,51.0,40.872
1563.102489,1,1,1,0,1,45.0,0.0
1563.1025375,6,1,1,0,1,45.0,0.0
1563.102943,5,4,13,3,100,58.0,756.228
1563.1029685,3,2,7,1,84,51.0,157.968
1563.106485,1,2,1,0,3,48.0,11.07
1563.116653,5,3,4,0,17,52.0,99.485
1563.1173575,3,2,5,0,30,52.0,137.652
1563.117368,5,28,7,0,29,51.0,69.533
1563.1231865,6,1,1,0,4,47.0,11.191
1563.143059,5,7,5,0,15,53.0,163.139
1563.1501835,6,1,1,0,1,45.0,0.0
1563.16011,5,9,23,7,159,68.0,4142.0
1563.1601245,3,1,6,1,39,55.0,190.367
1563.1601335,6,12,13,3,107,61.0,793.132
1563.1835025,6,2,11,6,162,70.0,5084.0
1563.183522,1,2,7,2,103,50.0,230.229
1563.1835505,3,1,3,0,10,46.0,13.693
1563.1844955,3,1,1,0,1,45.0,0.0
1563.1858915,3,1,2,0,8,48.0,23.687
1563.187096,1,3,10,2,76,62.0,984.814
1563.1881725,6,2,2,0,2,45.0,4.927
1563.188506,2,1,2,0,36,52.0,134.153
1563.1954705,6,1,1,0,1,45.0,0.0
1563.196087,1,1,1,0,1,45.0,0.0
1563.1997555,6,1,1,0,1,46.0,0.0
1563.209101,1,1,1,0,1,47.0,0.0
1563.209762,1,1,4,0,1,49.0,0.0
1563.209765,2,2,1,0,3,51.0,28.4
1563.2128105,3,1,3,0,178,47.0,50.402
1563.212974,1,3,9,1,48,63.0,678.02
1563.217209,1,1,1,0,1,45.0,0.0
1563.219486,5,24,9,1,46,55.0,464.859
1563.2262145,6,1,2,0,1,48.0,0.0
1563.2281815,3,1,1,0,1,45.0,0.0
1563.2284805,6,1,2,0,1,47.0,0.0
1563.247915,1,1,1,0,1,45.0,0.0
1563.2485035,3,1,4,1,153,51.0,168.826
1563.248527,2,1,1,0,1,53.0,0.0
1563.248532,1,1,10,2,183,50.0,250.249
1563.24911,5,2,9,0,32,53.0,130.021
1563.249136,2,3,3,0,5,52.0,56.345
1563.2515755,6,3,9,2,54,62.0,873.125
1563.2516015,3,1,3,0,34,50.0,66.075
1563.251616,2,1,1,0,1,51.0,0.0
1563.2609925,3,1,1,0,1,45.0,0.0
1563.260996,2,2,2,0,3,53.0,45.516
1563.264798,1,1,5,0,1,50.0,0.0
1563.2656415,6,3,5,0,9,64.0,626.806
1563.2656905,3,1,1,0,5,47.0,13.132
1563.265732,1,1,1,0,1,45.0,0.0
1563.273474,1,2,5,0,25,50.0,56.41
1563.275217,5,2,1,0,2,52.0,13.8
1563.280609,5,26,85,178,631,89.0,1170000.0
1563.2806125,3,17,61,99,706,83.0,246835.0
1563.280613,1,13,83,125,551,83.0,382019.0
1563.280618,2,27,72,155,528,83.0,576001.0
1563.2806205,6,27,73,134,625,86.0,523311.0
1563.280622,4,9,36,22,269,73.0,19802.0
1563.282684,5,17,19,3,72,61.0,1446.0
1563.2826915,3,9,5,1,76,54.0,191.82
1563.2849475,3,1,1,0,4,48.0,12.113
1563.284951,5,3,6,0,6,54.0,94.058
1563.287828,5,11,22,8,159,68.0,4879.0
1563.2878375,3,2,9,1,87,54.0,230.434
1563.2878405,6,39,22,7,166,61.0,2379.0
1563.292883,5,21,22,5,95,64.0,2713.0
1563.2928945,3,3,7,1,57,54.0,143.589
1563.2945235,6,1,1,0,1,45.0,0.0
1563.300846,5,4,11,0,20,53.0,112.038
1563.3008535,6,188,8,3,211,64.0,845.926
1563.3029585,3,1,2,0,5,52.0,36.609
1563.302961,5,7,3,0,8,54.0,111.465
1563.3089505,6,5,10,3,131,60.0,813.151
1563.3089685,3,2,5,0,24,50.0,73.34
1563.308979,5,2,10,1,38,57.0,334.735
1563.3098945,6,1,2,0,1,48.0,0.0
1563.310632,5,34,16,3,112,57.0,671.298
1563.310702,2,1,4,0,1,53.0,0.0
1563.3128725,3,1,1,0,1,45.0,0.0
1563.3167165,6,1,1,0,1,45.0,0.0
1563.31757,5,2,10,1,65,56.0,358.3
1563.3175745,3,1,2,0,1,47.0,0.0
1563.322833,5,2,1,0,3,53.0,27.548
1563.3236405,3,2,2,0,2,47.0,3.435
1563.323646,5,2,4,0,2,51.0,6.26
1563.325443,1,1,4,0,1,50.0,0.0
1563.327441,1,1,1,0,1,45.0,0.0
1563.3304655,6,1,1,0,4,46.0,9.099
1563.331369,5,26,9,2,121,55.0,394.488
1563.3313705,6,4,13,2,127,59.0,558.677
1563.331401,2,2,3,0,2,52.0,30.416
1563.3383915,3,1,3,1,204,48.0,70.718
1563.338399,5,1,11,2,207,53.0,339.579
1563.340113,1,1,2,0,1,48.0,0.0
1563.3523745,6,1,1,0,1,45.0,0.0
1563.354166,5,4,40,11,294,67.0,4550.0
1563.3541735,6,30,34,12,329,63.0,3797.0
1563.358794,1,1,1,0,1,45.0,0.0
1563.370095,5,1,4,0,1,57.0,0.0
1563.3712065,6,1,2,0,5,46.0,10.463
1563.3759415,6,1,1,0,1,45.0,0.0
1563.376892,5,3,3,0,10,53.0,91.856
1563.3800285,3,1,1,0,1,45.0,0.0
1563.380034,1,1,1,0,1,45.0,0.0
1563.38153,5,4,4,1,36,54.0,179.404
1563.3873625,6,1,1,0,1,45.0,0.0
1563.396449,1,3,3,0,8,48.0,58.195
1563.4188915,6,1,2,0,5,48.0,13.445
1563.4227935,6,1,1,0,1,45.0,0.0
1563.429459,1,104,81,39,563,70.0,26600.0
1563.429523,5,9,75,49,524,81.0,107094.0
1563.4295265,3,10,52,22,534,66.0,8777.0
1563.429533,2,18,60,35,462,70.0,23382.0
1563.4295345,6,20,63,34,693,72.0,26948.0
1563.4309545,3,1,3,0,4,51.0,21.918
1563.430964,5,3,12,2,51,58.0,604.775
1563.430968,2,1,3,0,1,52.0,0.0
1563.430971,1,1,1,0,1,48.0,0.0
1563.4314845,3,1,2,0,1,48.0,0.0
1563.433098,1,1,3,1,83,50.0,101.229
1563.4352545,3,2,2,0,5,50.0,23.424
1563.435261,5,2,5,0,13,55.0,166.151
1563.4352765,6,1,3,0,1,46.0,0.0
1563.4451425,6,1,1,0,1,45.0,0.0
1563.4550355,6,1,1,0,1,45.0,0.0
1563.458112,5,3,3,0,19,54.0,157.293
1563.4619345,6,1,3,0,14,48.0,18.234
1563.464656,1,1,1,0,1,45.0,0.0
1563.4666025,6,2,1,0,2,45.0,11.626
1563.468864,1,1,1,0,1,49.0,0.0
1563.4849605,6,1,1,0,1,46.0,0.0
1563.4858145,3,1,1,0,1,45.0,0.0
1563.489492,1,2,1,0,2,50.0,15.977
1563.494851,5,8,3,1,24,57.0,378.169
1563.5017165,6,1,1,0,1,46.0,0.0
1563.5039845,6,1,2,0,1,47.0,0.0
1563.507525,1,3,3,0,4,48.0,23.309
1563.513355,1,1,2,0,1,47.0,0.0
1563.5266495,6,7,26,15,246,74.0,19785.0
1563.526667,5,13,21,4,123,60.0,1240.0
1563.527326,1,1,6,2,183,49.0,162.301
1563.527403,5,9,10,0,18,57.0,219.853
1563.5274365,3,1,3,0,9,48.0,26.053
1563.528163,5,1,2,0,4,52.0,23.984
1563.5326425,6,4,5,1,36,59.0,436.497
1563.532688,1,1,2,0,1,47.0,0.0
1563.5328985,3,1,2,0,5,52.0,28.282
1563.5341115,3,1,1,0,1,45.0,0.0
1563.5341365,6,1,1,0,1,45.0,0.0
1563.536492,5,1,4,0,7,55.0,102.66
1563.538465,1,1,2,0,1,45.0,0.0
1563.5394015,6,1,1,0,1,45.0,0.0
1563.5410925,6,1,1,0,1,45.0,0.0
1563.541811,1,2,6,1,35,65.0,938.072
1563.544247,1,112,33,10,266,64.0,4311.0
1563.544308,5,39,30,8,238,60.0,2016.0
1563.5443095,6,4,32,11,231,65.0,4864.0
1563.545155,5,5,13,3,83,63.0,1468.0
1563.54522,1,1,8,2,170,49.0,183.175
1563.550007,1,1,1,0,1,45.0,0.0
1563.5538875,3,1,8,2,114,53.0,250.675
1563.553909,5,58,15,3,97,59.0,702.574
1563.566446,1,9,12,3,71,62.0,1153.0
1563.570536,2,2,13,5,96,65.0,2879.0
1563.570543,1,15,17,5,109,64.0,2198.0
1563.5705555,3,1,9,2,146,52.0,309.514
1563.570559,5,1,17,2,87,52.0,397.058
1563.5767555,6,1,2,0,1,48.0,0.0
1563.581792,5,1,9,1,45,52.0,303.695
1563.581824,1,2,1,0,3,45.0,13.005
1563.5871075,6,1,1,0,1,45.0,0.0
1563.58968,1,2,2,0,28,46.0,40.855
1563.5911005,6,1,2,0,97,46.0,43.399
1563.591817,5,8,33,13,192,70.0,9285.0
1563.59182,1,44,33,9,232,64.0,3391.0
1563.5918285,6,11,27,9,265,63.0,2841.0
1563.5971315,6,16,16,6,180,67.0,3097.0
1563.59714,5,4,20,4,158,60.0,1009.0
1563.5971785,3,1,6,1,64,49.0,126.678
1563.598264,1,2,6,1,47,50.0,136.883
1563.5983075,6,1,2,0,1,47.0,0.0
1563.5993995,3,1,2,0,4,52.0,25.992
1563.599419,2,1,2,0,1,52.0,0.0
1563.6003935,6,1,2,0,1,46.0,0.0
1563.6026105,6,2,2,0,9,47.0,26.98
1563.605344,5,1,7,1,68,52.0,190.494
1563.6053785,3,1,4,0,29,50.0,61.502
1563.6061105,6,1,1,0,1,45.0,0.0
1563.609317,1,2,10,3,91,63.0,1030.0
1563.6093405,3,2,3,0,2,49.0,4.4
1563.609355,5,2,1,0,5,51.0,35.897
1563.609366,2,1,3,0,11,53.0,55.151
1563.616899,1,19,46,24,315,71.0,23362.0
1563.616913,2,65,34,18,190,68.0,12622.0
1563.616913,5,34,47,22,308,70.0,14697.0
1563.6169135,6,15,41,15,300,67.0,6941.0
1563.6251225,6,1,1,0,1,45.0,0.0
1563.6269675,3,1,1,0,1,45.0,0.0
1563.6301095,6,2,3,0,24,48.0,51.636
1563.644577,2,25,33,24,233,72.0,21413.0
1563.6445775,6,6,38,19,306,71.0,13347.0
1563.644578,1,25,44,18,261,67.0,10047.0
1563.644582,5,16,34,12,254,66.0,5297.0
1563.6715875,6,10,12,3,132,61.0,922.128
1563.6715885,3,18,4,0,29,53.0,121.209
1563.671589,5,12,6,1,79,52.0,193.426
1563.681866,1,1,7,0,33,49.0,71.698
1563.681921,2,1,1,0,1,53.0,0.0
1563.6858955,3,24,34,18,329,67.0,9055.0
1563.685902,2,13,40,33,342,73.0,38633.0
1563.685903,5,14,50,29,335,74.0,35265.0
1563.685905,1,58,46,21,352,67.0,12524.0
1563.6859125,6,11,40,21,277,69.0,13406.0
1563.69193,1,1,4,0,34,49.0,64.288
1563.6928355,3,1,1,0,1,45.0,0.0
1563.692854,1,1,2,0,1,48.0,0.0
1563.697645,1,1,3,0,1,49.0,0.0
1563.698964,1,9,47,30,296,76.0,35851.0
1563.6989665,6,17,40,23,308,71.0,18349.0
1563.698971,5,51,39,21,250,68.0,16271.0
1563.6989765,3,21,33,15,272,68.0,7981.0
1563.698978,2,24,37,24,288,69.0,18164.0
1563.7160525,6,1,1,0,1,48.0,0.0
1563.7196315,3,22,8,2,118,54.0,306.591
1563.7196325,6,2,15,5,174,62.0,1402.0
1563.719637,5,2,9,2,102,54.0,351.878
1563.7214805,6,1,2,0,1,45.0,0.0
1563.7235865,6,1,1,0,1,45.0,0.0
1563.7330925,3,1,1,0,4,50.0,18.218
1563.73311,5,2,2,0,3,52.0,24.415
1563.7419215,6,1,1,0,1,45.0,0.0
1563.7469725,6,1,1,0,1,45.0,0.0
1563.749828,5,2,3,0,7,53.0,45.54
1563.7535985,3,1,1,0,1,46.0,0.0
1563.7630175,6,1,1,0,1,47.0,0.0
1563.7662725,6,2,8,1,31,61.0,668.967
1563.7689485,6,1,2,0,12,48.0,38.073
1563.7751845,6,1,1,0,1,45.0,0.0
1563.77711,1,1,2,0,1,46.0,0.0
1563.778728,1,6,15,3,129,60.0,815.459
1563.778735,2,1,11,2,48,59.0,628.095
1563.778735,5,28,14,3,158,56.0,712.229
1563.7787405,6,2,15,2,90,59.0,643.786
1563.7787415,3,1,7,0,25,53.0,160.662
1563.7799,5,3,5,0,13,48.0,61.132
1563.782588,5,1,1,0,1,53.0,0.0
1563.782903,1,3,5,0,14,56.0,271.594
1563.7866365,6,1,1,0,1,45.0,0.0
1563.787422,1,1,1,0,1,45.0,0.0
1563.7903045,6,1,2,0,8,46.0,15.753
1563.792923,5,1,1,0,1,48.0,0.0
1563.798039,1,5,7,0,6,55.0,98.587
1563.807074,5,2,12,2,39,58.0,590.377
1563.8070765,3,2,4,1,34,56.0,270.444
1563.807085,1,19,7,0,39,50.0,139.947
1563.807099,2,2,4,0,3,57.0,67.257
1563.8071425,6,2,2,0,6,51.0,26.827
1563.810552,1,1,4,0,19,51.0,83.219
1563.810556,2,1,3,0,1,54.0,0.0
1563.8169455,6,1,3,0,7,51.0,31.617
1563.82864,1,1,1,0,1,45.0,0.0
1563.830972,1,2,4,0,3,48.0,15.251
1563.8309865,6,1,4,0,54,48.0,66.364
1563.8309925,3,1,2,0,1,47.0,0.0
1563.8348525,6,1,1,0,1,45.0,0.0
1563.836312,1,1,1,0,1,45.0,0.0
1563.8387795,6,1,1,0,1,45.0,0.0
1563.8402135,6,1,4,0,10,49.0,34.744
1563.8402345,3,1,1,0,1,45.0,0.0
1563.841038,1,2,6,1,59,53.0,153.432
1563.8410555,6,1,3,0,5,46.0,9.753
1563.8410895,3,1,1,0,1,45.0,0.0
1563.8416765,6,2,3,0,17,50.0,95.603
1563.843138,2,2,14,5,108,60.0,1745.0
1563.843139,1,9,32,11,194,63.0,5095.0
1563.8431395,3,7,19,6,210,62.0,1916.0
1563.8431515,6,49,27,8,202,61.0,2501.0
1563.843164,5,5,11,2,110,56.0,567.602
1563.843961,5,5,6,1,22,55.0,434.121
1563.8520165,6,1,1,0,1,46.0,0.0
1563.853352,5,2,1,0,2,52.0,17.41
1563.853525,1,50,9,1,85,52.0,209.908
1563.8535515,6,1,2,0,31,48.0,31.994
1563.862719,1,1,1,0,1,45.0,0.0
1563.864416,5,1,2,0,1,47.0,0.0
1563.8645935,6,2,3,0,9,56.0,102.021
1563.8659025,6,1,1,0,1,45.0,0.0
1563.8673405,6,1,2,0,1,48.0,0.0
1563.8701245,6,1,1,0,1,47.0,0.0
1563.8762725,6,2,3,0,18,52.0,58.606
1563.8770305,6,1,2,0,1,51.0,0.0
1563.877322,1,4,9,2,97,59.0,599.272
1563.877337,2,2,3,0,8,56.0,143.579
1563.8773455,3,1,3,1,151,49.0,94.415
1563.883764,1,2,6,0,21,55.0,206.978
1563.8837715,3,1,1,0,1,49.0,0.0
1563.884734,2,1,5,0,10,54.0,144.849
1563.88475,1,2,1,0,3,47.0,14.104
1563.8861735,6,3,7,1,73,59.0,367.508
1563.8861965,3,1,3,0,13,49.0,45.646
1563.887739,1,1,1,0,1,45.0,0.0
1563.8965565,3,1,2,0,4,51.0,29.686
1563.896733,1,9,27,9,237,67.0,4040.0
1563.896746,5,33,23,4,131,56.0,778.043
1563.8967525,6,15,13,4,106,61.0,1388.0
1563.896756,2,5,11,1,33,59.0,664.996
1563.9016665,6,24,9,1,84,52.0,214.48
1563.901669,5,2,5,0,3,53.0,35.71
1563.9016875,3,1,3,0,40,48.0,50.321
1563.901701,1,1,6,0,20,52.0,83.611
1563.902669,1,2,10,3,64,68.0,2358.0
1563.9029195,6,20,13,4,115,61.0,1276.0
1563.902939,5,2,8,1,43,55.0,300.477
1563.9029465,3,1,3,0,55,47.0,66.197
1563.9100545,3,1,3,0,7,51.0,51.291
1563.9166415,6,2,3,0,18,53.0,84.148
1563.918057,1,13,15,3,88,61.0,1128.0
1563.9180655,6,7,13,3,174,58.0,803.043
1563.918072,5,2,12,2,113,53.0,367.866
1563.918074,2,2,9,3,93,57.0,758.259
1563.9180765,3,1,5,0,34,51.0,109.465
1563.922951,1,2,2,0,3,53.0,28.527
1563.9233845,3,1,1,0,1,45.0,0.0
1563.924674,1,4,3,0,5,57.0,146.181
1563.928461,1,2,7,1,60,63.0,523.365
1563.932601,1,2,2,0,3,53.0,35.698
1563.937705,5,1,1,0,1,48.0,0.0
1563.93827,1,1,1,0,1,48.0,0.0
1563.9396195,6,2,2,0,17,54.0,101.912
1563.939914,2,70,21,10,231,63.0,3358.0
1563.939971,1,14,36,15,202,65.0,8056.0
1563.9399775,3,6,26,8,209,64.0,2889.0
1563.940001,5,5,14,4,217,56.0,913.069
1563.9401425,6,2,9,2,144,54.0,348.957
1563.9434395,6,2,6,0,19,51.0,94.459
1563.9439835,6,1,1,0,1,45.0,0.0
1563.945674,1,2,5,0,32,56.0,122.022
1563.948529,1,4,27,8,174,65.0,3340.0
1563.9485425,3,1,11,2,111,54.0,303.257
1563.948543,2,13,12,3,58,60.0,1424.0
1563.9485515,6,1,16,4,163,57.0,822.992
1563.948562,5,8,10,2,119,54.0,358.811
1563.9509345,6,1,3,0,18,60.0,276.728
1563.953342,5,2,4,0,3,56.0,51.65
1563.9538685,6,1,1,0,1,47.0,0.0
1563.957905,1,1,3,0,1,53.0,0.0
1563.9591205,6,2,1,0,2,45.0,4.529
1563.964844,5,4,8,1,38,55.0,375.509
1563.969149,1,1,2,0,4,49.0,16.501
1563.975289,5,17,16,3,71,59.0,1298.0
1563.9752945,3,1,4,0,11,51.0,50.802
1563.975297,1,50,13,2,92,54.0,377.337
1563.975303,2,1,5,0,1,56.0,0.0
1563.9753105,6,4,8,1,73,53.0,236.359
1563.9817765,6,1,1,0,1,45.0,0.0
1563.983026,1,2,3,0,24,60.0,214.851
1563.985522,2,1,2,0,1,52.0,0.0
1563.986985,1,1,2,0,4,48.0,10.875
1563.988657,5,3,2,0,4,48.0,24.376
1563.9886835,6,1,1,0,1,48.0,0.0
1563.9900245,6,10,5,0,22,52.0,64.733
1563.990043,2,1,1,0,1,50.0,0.0
1563.9913795,6,1,3,0,1,52.0,0.0
1563.991393,1,1,4,0,22,50.0,61.271
1563.9930285,6,1,2,0,1,49.0,0.0
1563.994156,5,23,33,11,209,67.0,5853.0
1563.99416,1,12,27,6,159,59.0,1888.0
1563.994167,2,11,16,6,136,60.0,2059.0
1563.9941675,3,3,14,4,167,60.0,845.287
1563.9941765,6,22,21,4,108,62.0,1309.0
1563.99419,4,1,1,0,1,46.0,0.0
1563.9949685,6,1,5,1,107,57.0,184.547
1564.004239,5,1,2,0,1,46.0,0.0
1564.005172,1,2,4,0,15,60.0,232.465
1564.0064565,6,1,1,0,1,45.0,0.0
1564.008245,1,16,4,0,40,57.0,188.833
1564.012254,5,1,2,0,1,49.0,0.0
1564.0125855,6,1,3,0,5,49.0,14.775
1564.016351,5,2,2,0,4,49.0,13.562
1564.01806,1,7,5,1,43,63.0,619.769
1564.0245155,3,1,2,0,1,45.0,0.0
1564.024524,2,1,2,0,4,51.0,26.849
1564.024527,5,3,8,0,19,57.0,304.182
1564.0245355,6,1,5,0,31,48.0,66.067
1564.024538,1,1,2,0,21,46.0,23.921
1564.025267,5,9,6,0,19,53.0,153.042
1564.025286,1,1,3,0,1,46.0,0.0
1564.0322345,6,1,1,0,1,45.0,0.0
1564.035846,1,9,31,11,177,63.0,5030.0
1564.0358475,3,6,19,6,206,62.0,1888.0
1564.035848,2,2,16,4,83,60.0,1522.0
1564.0358585,6,46,27,10,396,61.0,2599.0
1564.035874,5,2,9,2,107,55.0,522.869
1564.041026,5,2,4,0,2,51.0,15.194
1564.041607,1,3,22,5,146,61.0,1177.0
1564.041617,2,2,8,3,122,59.0,889.945
1564.0416205,3,1,5,0,22,55.0,132.162
1564.0416345,6,7,13,4,180,60.0,984.444
1564.04164,5,1,9,1,51,54.0,193.531
1564.0424125,6,2,4,0,24,56.0,142.156
1564.042416,5,2,4,0,51,48.0,76.962
1564.0435705,6,2,13,1,74,56.0,296.458
1564.043575,5,2,10,1,36,52.0,191.015
1564.0435915,3,1,6,0,39,51.0,103.552
1564.043609,1,1,4,0,31,51.0,72.5
1564.04588,5,1,13,2,73,55.0,367.169
1564.0458805,6,2,5,1,27,59.0,444.409
1564.0459095,3,1,4,0,29,47.0,50.023
1564.0465535,3,4,4,0,18,53.0,111.01
1564.046554,2,2,3,1,22,56.0,342.447
1564.046571,1,1,6,0,30,49.0,77.545
1564.046577,5,1,4,0,13,50.0,47.855
1564.0465965,6,1,5,0,30,52.0,66.76
1564.0484745,6,1,1,0,1,45.0,0.0
1564.0492095,6,2,2,0,12,52.0,97.919
1564.051813,5,2,1,0,2,49.0,12.963
1564.0558065,6,325,19,7,371,63.0,1983.0
1564.055817,1,22,5,0,23,50.0,53.019
1564.055827,5,1,1,0,1,48.0,0.0
1564.0558465,3,1,2,0,9,53.0,74.748
1564.0569975,6,9,23,11,182,74.0,11828.0
1564.057012,1,2,27,8,203,63.0,2540.0
1564.057012,5,2,18,4,137,57.0,908.05
1564.057019,2,75,20,7,123,62.0,2465.0
1564.0570305,3,16,17,5,173,63.0,1532.0
1564.0612555,6,1,3,0,1,48.0,0.0
1564.066413,5,2,2,0,14,48.0,66.74
1564.0701735,6,1,1,0,1,48.0,0.0
1564.071065,1,13,13,3,88,57.0,759.031
1564.07108,5,1,11,2,131,51.0,322.878
1564.0710805,6,1,8,1,67,53.0,183.09
1564.071087,2,4,7,0,10,57.0,189.24
1564.0710885,3,17,5,0,30,50.0,69.921
1564.07227,1,2,2,0,35,53.0,96.08
1564.074253,1,1,1,0,1,48.0,0.0
1564.0767,1,1,2,0,15,45.0,18.172
1564.078034,5,1,2,0,1,48.0,0.0
1564.084767,5,1,1,0,1,47.0,0.0
1564.0878815,6,1,2,0,1,47.0,0.0
1564.0908995,6,3,3,0,10,53.0,59.793
1564.090958,1,1,1,0,1,45.0,0.0
1564.092899,5,1,1,0,1,48.0,0.0
1564.0933705,6,1,2,0,4,47.0,10.928
1564.0945315,3,1,1,0,1,45.0,0.0
1564.0955235,6,2,1,0,3,53.0,28.936
1564.0966385,6,5,30,13,236,68.0,6953.0
1564.096648,4,2,5,1,62,57.0,361.087
1564.096649,5,25,30,13,185,65.0,6831.0
1564.096653,1,15,33,8,194,60.0,2430.0
1564.0966605,3,1,17,4,209,57.0,836.427
1564.096677,2,23,21,9,200,62.0,3037.0
1564.098372,1,2,7,1,119,54.0,155.599
1564.0985015,3,1,1,0,1,45.0,0.0
1564.105681,1,1,1,0,1,45.0,0.0
1564.105805,5,2,4,0,2,50.0,11.061
1564.1059265,3,1,1,0,1,45.0,0.0
1564.1062505,6,2,2,0,3,52.0,26.111
1564.107541,4,2,1,0,2,50.0,14.781
1564.107548,5,2,12,2,88,60.0,498.73
1564.107556,1,31,7,1,55,55.0,324.829
1564.1075585,6,1,10,0,34,54.0,146.206
1564.1075865,3,1,2,0,1,46.0,0.0
1564.1116865,6,1,2,0,5,47.0,12.118
1564.111966,1,2,7,1,42,58.0,331.596
1564.1187075,6,1,1,0,1,45.0,0.0
1564.1198495,6,2,1,0,2,47.0,8.226
1564.120357,1,1,12,3,87,60.0,756.837
1564.1203745,3,1,4,0,16,51.0,61.417
1564.1203745,6,1,7,0,49,54.0,150.488
1564.120375,2,2,4,1,72,56.0,396.424
1564.120378,5,4,7,1,70,52.0,239.01
1564.1211315,6,1,1,0,1,45.0,0.0
1564.122649,5,3,9,3,46,65.0,2786.0
1564.1235625,6,1,1,0,1,45.0,0.0
1564.1241685,6,1,2,0,1,47.0,0.0
1564.1273165,6,2,3,0,21,55.0,143.881
1564.12763,1,1,1,0,1,45.0,0.0
1564.131671,1,12,37,16,352,65.0,7918.0
1564.1316745,3,7,25,8,210,64.0,2928.0
1564.131675,2,1,21,8,168,61.0,2768.0
1564.131681,5,32,14,3,131,57.0,874.499
1564.1316825,6,46,30,10,206,63.0,3900.0
1564.133167,1,1,5,0,60,54.0,120.495
1564.1357925,6,7,12,6,135,67.0,3692.0
1564.135803,5,9,9,1,36,57.0,310.649
1564.135822,1,2,7,1,88,50.0,174.004
1564.1358265,3,2,5,1,31,54.0,250.71
1564.141739,5,2,2,0,2,46.0,3.55
1564.146115,1,1,5,0,4,51.0,21.236
1564.1461165,6,1,3,0,15,53.0,94.615
1564.1481575,6,1,4,0,8,54.0,72.838
1564.148191,2,1,3,0,1,51.0,0.0
1564.1481985,3,1,1,0,1,45.0,0.0
1564.1500315,6,1,1,0,1,45.0,0.0
1564.1526375,6,1,3,0,10,51.0,60.208
1564.1536365,6,1,1,0,1,45.0,0.0
1564.159134,5,11,34,15,230,67.0,10893.0
1564.159141,1,13,31,8,211,60.0,2363.0
1564.1591455,3,13,18,5,193,59.0,1134.0
1564.1591485,6,45,28,9,205,62.0,3449.0
1564.159161,2,19,22,9,140,63.0,3873.0
1564.161817,5,3,9,2,34,63.0,1733.0
1564.1618355,6,1,8,2,68,56.0,374.09
1564.161855,1,12,8,1,49,53.0,201.927
1564.161856,2,1,2,0,13,52.0,63.403
1564.1634895,3,2,2,0,12,57.0,205.261
1564.163515,5,1,3,0,1,50.0,0.0
1564.1635225,6,1,2,0,1,46.0,0.0
1564.165004,5,3,1,0,13,52.0,92.695
1564.165578,1,1,1,0,1,45.0,0.0
1564.1657685,6,1,2,0,8,46.0,13.14
1564.1676265,6,2,4,0,25,58.0,235.196
1564.168654,5,1,4,0,1,47.0,0.0
1564.1759445,6,1,1,0,4,48.0,12.551
1564.179242,1,1,4,0,6,55.0,48.206
1564.1792455,6,1,2,0,4,49.0,15.575
1564.1792735,3,1,1,0,1,45.0,0.0
1564.180909,1,2,6,2,28,65.0,1187.0
1564.1885305,6,2,10,2,201,57.0,417.519
1564.1921785,6,1,2,0,1,47.0,0.0
1564.194713,1,2,1,0,3,45.0,6.936
1564.1990565,6,2,2,0,3,46.0,23.8
1564.201434,1,1,2,0,1,51.0,0.0
1564.2016675,6,1,1,0,1,49.0,0.0
1564.2057125,6,209,8,2,231,60.0,697.919
1564.207807,5,6,12,2,86,58.0,602.438
1564.2078175,6,6,6,1,46,52.0,174.933
1564.207855,1,1,1,0,1,47.0,0.0
1564.210374,1,1,1,0,1,45.0,0.0
1564.2143375,6,10,22,7,196,67.0,3770.0
1564.214353,1,2,16,3,110,55.0,585.54
1564.214353,5,16,13,2,99,57.0,439.42
1564.2143595,3,1,13,3,150,55.0,461.113
1564.214366,2,1,10,2,54,61.0,814.358
1564.2167215,6,1,3,0,17,53.0,69.299
1564.217907,1,1,6,0,12,50.0,34.432
1564.2179145,6,1,4,0,14,50.0,42.826
1564.218871,2,2,2,0,7,52.0,54.265
1564.2188725,3,1,1,0,6,51.0,24.356
1564.2189135,6,1,1,0,1,45.0,0.0
1564.223755,5,2,1,0,3,46.0,11.638
1564.228523,1,9,31,12,197,63.0,5104.0
1564.2285265,3,3,19,6,213,62.0,1912.0
1564.228527,2,1,16,5,109,59.0,1609.0
1564.2285375,6,1,27,8,203,60.0,2571.0
1564.228553,5,12,9,2,75,56.0,491.898
1564.231214,1,2,1,0,3,49.0,12.073
1564.2352575,6,1,1,0,1,45.0,0.0
1564.2378765,3,1,1,0,1,45.0,0.0
1564.2378965,6,1,1,0,1,47.0,0.0
1564.2397145,6,2,5,1,30,59.0,509.632
1564.239719,5,1,3,0,1,49.0,0.0
1564.2397395,3,1,3,0,36,49.0,74.499
1564.241857,1,1,2,0,1,51.0,0.0
1564.242373,5,5,21,5,116,65.0,2339.0
1564.2423925,3,1,4,0,11,49.0,32.233
1564.2423955,6,14,10,1,84,56.0,346.559
1564.242404,2,1,4,0,21,54.0,188.66
1564.242424,1,36,5,1,64,52.0,139.843
1564.244031,1,22,17,4,75,63.0,2034.0
1564.24404,2,20,18,6,101,63.0,2820.0
1564.2440485,6,8,11,2,122,55.0,362.346
1564.244051,5,8,15,3,113,57.0,703.603
1564.2440585,3,1,4,0,46,50.0,107.674
1564.2458305,6,3,5,1,23,60.0,310.424
1564.248883,1,2,6,0,36,53.0,109.417
1564.2489135,6,1,3,0,14,52.0,84.752
1564.249331,5,1,3,0,1,50.0,0.0
1564.2538185,6,1,1,0,1,46.0,0.0
1564.254044,5,2,4,0,12,49.0,57.345
1564.2559325,6,2,12,3,86,64.0,1335.0
1564.255934,1,5,11,2,117,57.0,486.974
1564.255938,5,7,6,0,40,55.0,153.859
1564.2559505,3,1,6,1,69,50.0,132.783
1564.257396,1,8,27,5,168,62.0,1739.0
1564.2573965,6,26,23,5,136,64.0,1898.0
1564.257397,5,25,20,4,116,58.0,1171.0
1564.2574,2,49,13,4,125,57.0,1147.0
1564.2574115,3,3,11,3,186,56.0,659.651
1564.2581925,6,4,6,2,60,69.0,1846.0
1564.2668335,6,1,1,0,1,46.0,0.0
1564.267879,1,1,1,0,1,48.0,0.0
1564.270862,1,1,3,0,8,50.0,33.077
1564.2708825,6,1,1,0,1,45.0,0.0
1564.2718225,6,1,4,0,38,49.0,48.617
1564.2733335,6,157,26,8,315,63.0,2604.0
1564.273439,5,10,35,13,250,68.0,7231.0
1564.273451,1,40,32,9,175,62.0,3471.0
1564.2734555,3,24,16,3,147,55.0,566.5
1564.273456,4,4,5,1,84,54.0,248.29
1564.273457,2,20,22,6,120,61.0,2307.0
1564.276285,1,1,1,0,1,45.0,0.0
1564.277728,5,3,13,3,137,61.0,868.486
1564.2777365,6,1,10,2,140,55.0,421.989
1564.277762,2,1,5,1,46,54.0,235.628
1564.277764,1,2,8,0,38,51.0,108.959
1564.2777735,3,1,3,0,1,46.0,0.0
1564.2805935,6,1,2,0,4,49.0,16.708
1564.280693,2,2,1,0,2,50.0,35.674
1564.281719,5,1,8,0,17,58.0,315.36
1564.2817415,6,1,1,0,1,45.0,0.0
1564.2841965,6,1,1,0,1,45.0,0.0
1564.2847255,6,2,1,0,2,45.0,4.4
1564.285318,1,1,3,0,6,53.0,47.882
1564.291036,5,2,10,2,56,58.0,496.916
1564.2910445,6,17,5,0,36,54.0,167.176
1564.2910765,3,1,1,0,1,45.0,0.0
1564.291442,2,1,1,0,1,51.0,0.0
1564.291485,1,1,1,0,1,45.0,0.0
1564.2919565,6,2,4,0,20,56.0,150.375
1564.29216,1,2,1,0,3,45.0,11.821
1564.2977325,6,1,1,0,4,46.0,7.635
1564.2987675,6,1,2,0,1,47.0,0.0
1564.298768,1,1,4,0,45,50.0,93.948
1564.298769,5,2,3,0,9,48.0,39.794
1564.3020505,6,1,5,1,25,57.0,292.576
1564.308662,5,2,2,0,2,55.0,74.563
1564.30867,2,1,1,0,1,50.0,0.0
1564.314173,1,1,1,0,1,45.0,0.0
1564.317603,5,1,2,0,1,46.0,0.0
1564.3176045,6,3,3,0,5,54.0,52.63
1564.317899,1,3,23,10,156,68.0,7364.0
1564.3179195,3,25,12,2,126,56.0,409.414
1564.31798,2,1,6,0,22,55.0,165.878
1564.3181485,6,1,1,0,1,45.0,0.0
1564.324579,1,36,34,15,212,65.0,7767.0
1564.3245795,3,13,25,8,213,64.0,2977.0
1564.32458,2,12,21,8,170,61.0,2895.0
1564.3245935,6,46,29,11,203,63.0,3920.0
1564.324595,5,16,15,3,124,57.0,868.921
1564.326911,5,1,1,0,1,48.0,0.0
1564.3294265,3,1,2,0,5,52.0,30.053
1564.3348735,3,5,9,2,108,55.0,311.819
1564.334885,1,16,10,2,100,55.0,425.916
1564.3349025,6,1,7,1,49,54.0,175.868
1564.334907,5,1,8,1,74,50.0,174.081
1564.334918,2,1,3,1,48,54.0,320.691
1564.33571,5,2,4,0,18,51.0,97.819
1564.335726,1,1,4,0,1,48.0,0.0
1564.339502,1,2,11,2,183,58.0,459.629
1564.3396715,3,1,2,0,4,54.0,33.113
1564.344355,2,1,1,0,1,50.0,0.0
1564.344866,1,2,2,0,3,51.0,14.298
1564.3450845,6,2,4,0,22,54.0,164.86
1564.3480915,6,3,2,0,8,52.0,59.358
1564.3498115,6,1,4,0,11,59.0,247.465
1564.356808,5,1,1,0,1,46.0,0.0
1564.3568225,6,1,1,0,1,45.0,0.0
1564.359183,1,1,5,0,27,50.0,92.262
1564.3592065,3,1,1,0,1,45.0,0.0
1564.3612915,6,1,3,0,14,47.0,14.656
1564.3619055,6,2,5,0,9,53.0,57.801
1564.36197,5,2,1,0,3,45.0,7.278
1564.36213,1,1,5,0,22,56.0,129.853
1564.3621515,3,1,3,0,4,51.0,23.966
1564.362791,1,2,2,0,35,57.0,184.823
1564.3708935,6,1,1,0,1,48.0,0.0
1564.3729875,6,1,2,0,4,52.0,32.75
1564.373234,2,1,2,0,1,50.0,0.0
1564.373242,5,187,4,1,188,51.0,110.657
1564.373282,1,1,1,0,1,45.0,0.0
1564.3753205,6,3,4,1,22,61.0,363.339
1564.379221,1,1,1,0,1,45.0,0.0
1564.385642,5,2,7,1,23,58.0,604.667
1564.3921535,6,1,2,0,8,51.0,32.146
1564.393773,5,3,2,0,4,50.0,40.754
1564.397444,1,1,2,0,1,46.0,0.0
1564.403001,5,2,2,0,2,48.0,6.414
1564.407138,2,1,3,0,6,57.0,110.274
1564.4071445,3,1,1,0,1,45.0,0.0
1564.4073265,6,3,3,0,8,56.0,114.155
1564.4101055,6,2,5,0,18,57.0,190.732
1564.4182705,6,1,1,0,1,45.0,0.0
1564.420358,1,9,32,11,195,63.0,4988.0
1564.4203585,3,7,18,5,164,62.0,1837.0
1564.420362,2,3,15,5,104,59.0,1504.0
1564.4203705,6,46,26,8,199,61.0,2604.0
1564.420386,5,2,9,2,75,55.0,474.645
1564.4215405,6,1,3,0,4,52.0,28.699
1564.426991,2,1,4,0,14,55.0,120.048
1564.427009,1,1,5,0,12,53.0,77.752
1564.4270335,6,1,1,0,1,45.0,0.0
1564.428781,1,1,1,0,1,49.0,0.0
1564.4326725,6,1,2,0,9,47.0,23.259
1564.4333875,6,2,4,0,29,51.0,93.136
1564.433388,1,1,1,0,1,48.0,0.0
1564.441018,1,2,11,2,118,57.0,473.932
1564.4410255,3,8,6,2,92,59.0,481.898
1564.4410455,6,1,8,1,51,51.0,188.669
1564.441066,2,1,6,0,7,52.0,50.76
1564.442211,1,1,2,0,1,49.0,0.0
1564.442223,5,2,1,0,3,45.0,9.992
1564.4422275,6,1,1,0,1,46.0,0.0
1564.448935,1,2,6,1,122,51.0,227.419
1564.4489795,6,24,6,1,41,53.0,174.535
1564.4489795,3,1,3,0,5,52.0,29.533
1564.448982,5,2,9,2,74,61.0,830.496
1564.448994,2,1,3,0,17,53.0,138.569
1564.4500675,6,1,2,0,1,49.0,0.0
1564.450508,1,2,2,0,5,51.0,24.155
1564.4524605,6,2,2,0,9,51.0,34.223
1564.4545975,6,1,2,0,1,47.0,0.0
1564.454644,5,3,5,0,8,50.0,46.197
1564.455736,1,1,2,0,1,48.0,0.0
1564.4557375,6,1,2,0,11,49.0,48.397
1564.455753,2,1,3,0,1,54.0,0.0
1564.4581705,6,2,4,0,26,52.0,106.274
1564.4587465,6,1,3,0,21,52.0,70.866
1564.4634115,6,1,1,0,8,50.0,21.026
1564.463862,5,2,3,0,6,48.0,34.143
1564.46862,5,1,13,2,42,57.0,586.744
1564.4686435,6,1,3,0,5,50.0,23.149
1564.468647,2,1,2,0,1,51.0,0.0
1564.46868,1,2,3,0,6,49.0,35.758
1564.4692685,6,1,1,0,1,45.0,0.0
1564.4768505,6,1,2,0,1,45.0,0.0
1564.4778085,6,1,1,0,4,46.0,8.749
1564.479691,1,1,2,0,1,49.0,0.0
1564.4816295,6,1,3,0,11,51.0,66.113
1564.4844,1,15,14,3,81,60.0,901.942
1564.4844175,3,1,4,0,19,50.0,52.918
1564.4844285,6,2,6,1,58,58.0,450.908
1564.484452,5,6,3,0,7,50.0,42.234
1564.485124,1,1,2,0,1,49.0,0.0
1564.4862355,6,1,1,0,1,45.0,0.0
1564.4875985,6,3,3,0,11,53.0,70.243
1564.4894995,6,4,1,0,5,49.0,18.114
1564.4920645,6,1,2,0,8,54.0,53.448
1564.4926945,3,1,1,0,1,45.0,0.0
1564.4969465,6,1,1,0,1,45.0,0.0
1564.499725,1,1,3,0,4,53.0,36.206
1564.500959,1,2,5,1,41,57.0,263.601
1564.501909,1,2,2,0,3,50.0,17.167
1564.504325,5,1,1,0,1,45.0,0.0
1564.504543,1,1,5,0,34,47.0,51.068
1564.5050065,6,3,3,0,6,51.0,43.222
1564.507626,1,1,1,0,1,49.0,0.0
1564.508232,1,1,2,0,6,56.0,94.936
1564.5128655,6,1,3,0,11,52.0,55.06
1564.516065,1,12,34,14,198,65.0,7685.0
1564.5160685,3,7,24,8,210,63.0,2889.0
1564.516069,2,1,20,8,168,61.0,2768.0
1564.516075,5,23,16,3,128,57.0,871.002
1564.5160765,6,50,29,10,207,63.0,3991.0
1564.5187555,6,1,1,0,1,45.0,0.0
1564.5193055,6,2,2,0,6,53.0,38.441
1564.519806,5,7,9,2,43,60.0,807.122
1564.520381,1,2,5,0,15,51.0,58.836
1564.5204035,6,1,1,0,1,45.0,0.0
1564.5210055,6,2,3,0,17,61.0,395.078
1564.521045,1,1,3,0,37,49.0,60.395
1564.5220665,6,1,13,3,210,57.0,629.179
1564.522177,5,2,10,2,90,60.0,627.38
1564.522229,1,1,2,0,1,49.0,0.0
1564.5267475,6,8,23,10,201,69.0,6317.0
1564.526753,5,41,26,6,135,59.0,1644.0
1564.5267575,3,2,12,3,154,54.0,523.552
1564.526758,1,2,20,7,144,65.0,3515.0
1564.526767,2,14,17,6,148,60.0,1894.0
1564.5285925,6,2,1,0,2,45.0,13.128
1564.53117,1,5,4,0,6,55.0,80.599
1564.5320015,6,3,3,0,15,59.0,252.223
1564.5326075,6,3,8,1,29,59.0,425.178
1564.532619,5,1,3,0,4,51.0,10.171
1564.5326255,3,1,3,0,20,47.0,18.182
1564.532628,1,1,6,0,45,50.0,87.524
1564.5343775,3,1,1,0,1,45.0,0.0
1564.534379,1,3,3,0,8,52.0,80.5
1564.537562,5,1,1,0,1,45.0,0.0
1564.5397615,6,1,10,3,215,63.0,959.36
1564.5478405,6,1,1,0,1,45.0,0.0
1564.5502585,6,52,11,1,67,53.0,217.591
1564.550278,5,3,10,0,28,54.0,124.005
1564.55029,1,2,6,0,50,50.0,113.919
1564.5503,2,2,3,0,2,53.0,11.471
1564.551389,1,1,1,0,1,47.0,0.0
1564.5570985,6,1,5,0,119,49.0,71.192
1564.5572225,3,1,2,0,9,49.0,30.465
1564.557978,1,1,2,0,7,46.0,16.265
1564.563505,1,1,7,1,43,56.0,233.472
1564.5635325,6,2,2,0,3,51.0,17.78
1564.5642055,3,1,1,0,1,45.0,0.0
1564.5667955,6,1,2,0,4,51.0,22.062
1564.567092,1,1,3,0,26,49.0,35.585
1564.5671065,3,1,1,0,1,45.0,0.0
1564.5737815,3,1,2,0,82,47.0,47.687
1564.573788,2,1,4,0,1,56.0,0.0
1564.573794,5,2,13,2,54,58.0,596.713
1564.5738015,6,1,6,1,77,50.0,140.642
1564.573819,1,1,8,1,66,50.0,148.976
1564.5787695,6,1,1,0,1,46.0,0.0
1564.578843,1,1,2,0,1,48.0,0.0
1564.5808165,6,1,10,1,57,53.0,262.378
1564.580829,2,1,2,0,1,53.0,0.0
1564.5851235,6,1,1,0,1,45.0,0.0
1564.588802,5,13,11,2,68,56.0,421.344
1564.5888085,6,1,13,2,126,52.0,386.394
1564.588818,1,33,14,3,121,59.0,763.926
1564.58882,2,1,6,0,7,53.0,53.091
1564.5888615,3,1,2,0,8,49.0,30.205
1564.595289,5,1,1,0,1,47.0,0.0
1564.6022935,6,1,1,0,4,46.0,8.833
1564.602588,1,2,4,0,33,55.0,149.603
1564.6037675,6,6,10,2,77,58.0,629.605
1564.60379,1,1,4,0,1,48.0,0.0
1564.6038095,3,1,1,0,1,45.0,0.0
1564.6062535,6,2,5,1,57,54.0,171.076
1564.60632,1,1,2,0,1,48.0,0.0
1564.607613,5,2,4,0,2,49.0,17.22
1564.608235,1,3,2,0,7,52.0,87.222
1564.6232995,6,1,1,0,1,47.0,0.0
1564.627336,1,2,2,0,3,47.0,9.854
1564.62866,5,1,1,0,1,45.0,0.0
1564.6295335,6,2,7,2,68,62.0,708.122
1564.629543,1,1,4,0,21,50.0,57.404
1564.629547,5,1,6,0,26,49.0,51.085
1564.6295635,3,1,1,0,4,50.0,18.346
1564.6315865,6,4,18,5,187,65.0,1916.0
1564.631591,1,3,12,2,67,62.0,710.473
1564.631602,5,1,9,1,101,54.0,188.875
1564.6316105,3,1,8,2,85,57.0,377.018
1564.631611,2,1,8,1,49,54.0,412.433
1564.6341005,6,7,3,0,11,53.0,126.541
1564.63546,1,1,1,0,1,45.0,0.0
1564.6369625,6,2,2,0,3,51.0,11.866
1564.638289,1,1,4,0,12,50.0,48.513
1564.639424,5,3,4,0,6,49.0,27.49
1564.640464,1,1,3,0,1,50.0,0.0
1564.641156,1,1,1,0,1,45.0,0.0
1564.6432355,6,1,3,0,13,54.0,121.551
1564.64511,1,28,4,0,29,53.0,109.982
1564.6454725,3,15,10,1,55,58.0,416.953
1564.645483,2,3,18,6,95,63.0,2941.0
1564.6454845,6,12,21,5,171,59.0,1345.0
1564.645488,5,66,14,3,115,55.0,608.081
1564.645647,1,1,2,0,5,45.0,10.223
1564.6499145,6,1,1,0,1,45.0,0.0
1564.6516215,6,13,2,0,14,51.0,46.002
1564.6532175,6,7,8,2,71,59.0,564.27
1564.6532435,3,1,1,0,1,48.0,0.0
1564.653244,1,1,4,0,36,50.0,111.935
1564.6609095,6,1,1,0,1,45.0,0.0
1564.666033,5,1,1,0,1,46.0,0.0
1564.6660485,6,1,2,0,21,45.0,22.54
1564.6683535,3,1,4,0,66,50.0,88.641
1564.668356,5,1,7,0,40,50.0,94.337
1564.6683635,6,1,6,1,73,51.0,143.88
1564.66837,1,1,5,0,14,49.0,51.738
1564.669296,5,2,5,0,32,52.0,129.19
1564.6735385,6,1,6,0,21,55.0,166.056
1564.673555,5,1,1,0,1,45.0,0.0
1564.673564,1,1,2,0,47,46.0,46.988
1564.6756545,6,1,2,0,4,51.0,16.567
1564.6793505,3,1,2,0,4,50.0,18.736
1564.679353,2,1,2,0,1,52.0,0.0
1564.6839245,6,9,4,0,10,53.0,68.43
1564.686935,1,1,2,0,1,47.0,0.0
1564.688931,1,2,9,1,40,55.0,265.212
1564.6889555,6,1,2,0,11,49.0,26.115
1564.688979,5,2,1,0,2,48.0,5.664
1564.6958075,6,2,2,0,12,58.0,210.146
1564.6991955,6,1,2,0,4,49.0,15.682
1564.6997435,6,3,8,2,103,59.0,719.326
1564.699753,1,37,8,1,83,53.0,163.441
1564.699793,5,2,4,0,7,48.0,31.722
1564.702961,5,19,9,1,48,56.0,332.252
1564.7029675,3,1,3,0,18,49.0,44.026
1564.7029805,6,2,5,0,39,51.0,122.396
1564.703023,1,2,2,0,2,48.0,3.352
1564.7068775,6,1,1,0,1,45.0,0.0
1564.707788,5,3,2,0,6,52.0,39.488
1564.7080205,6,1,1,0,1,45.0,0.0
1564.7095365,6,2,5,0,13,53.0,98.478
1564.709538,5,2,4,1,46,50.0,149.279
1564.709577,1,1,1,0,1,45.0,0.0
1564.719738,5,5,16,3,120,63.0,1247.0
1564.7197535,6,20,9,2,86,58.0,556.473
1564.719759,2,1,1,0,1,50.0,0.0
1564.719765,1,10,7,0,30,53.0,102.117
1564.7197805,3,3,3,0,24,53.0,73.781
1564.720886,1,7,9,2,53,67.0,1439.0
1564.7232455,3,1,3,0,64,49.0,75.616
1564.723259,5,2,6,0,13,53.0,79.251
1564.723278,2,1,2,0,1,54.0,0.0
1564.723286,1,2,3,0,39,50.0,74.003
1564.7233025,6,2,1,0,3,49.0,11.332
1564.72708,5,3,3,0,4,50.0,21.641
1564.7274275,6,1,1,0,1,45.0,0.0
1564.740154,2,1,2,0,4,51.0,35.038
1564.7401625,3,1,2,0,8,52.0,51.436
1564.7403335,6,2,1,0,2,49.0,5.81
1564.7422085,6,1,2,0,7,51.0,30.44
1564.742214,1,1,1,0,1,46.0,0.0
1564.7428205,6,10,8,2,52,59.0,610.171
1564.742822,1,1,7,1,62,50.0,129.507
1564.7428425,3,1,2,0,1,48.0,0.0
1564.7435555,6,1,3,0,9,51.0,53.404
1564.743604,1,1,3,0,1,49.0,0.0
1564.744764,5,1,3,0,6,50.0,29.051
1564.7489555,6,3,6,1,40,58.0,299.89
1564.7508975,6,1,5,0,5,54.0,34.292
1564.7519505,6,1,2,0,4,48.0,12.582
1564.7564985,6,1,1,0,1,45.0,0.0
1564.762181,5,1,1,0,1,50.0,0.0
1564.7622035,6,1,3,0,15,48.0,26.774
1564.767232,1,2,1,0,3,50.0,14.957
1564.7685455,6,1,1,0,1,45.0,0.0
1564.77049,5,1,1,0,1,48.0,0.0
1564.77268,5,1,2,0,4,51.0,19.783
1564.774304,5,2,1,0,3,47.0,13.019
1564.7762885,6,1,1,0,1,50.0,0.0
1564.777338,1,1,1,0,1,50.0,0.0
1564.7773465,3,1,1,0,4,47.0,8.802
1564.7773745,6,1,2,0,8,50.0,28.054
1564.7801105,6,1,3,0,8,54.0,78.681
1564.782098,5,8,3,0,14,51.0,74.677
1564.783128,5,2,3,0,13,48.0,28.832
1564.785731,5,2,8,2,49,60.0,743.81
1564.787547,5,3,7,1,40,55.0,374.386
1564.7875685,6,3,3,0,4,54.0,45.901
1564.78793,1,2,1,0,2,47.0,6.222
1564.790703,1,1,2,0,1,49.0,0.0
1564.7907055,6,1,2,0,1,46.0,0.0
1564.7918225,6,1,1,0,4,53.0,29.39
1564.79204,5,1,2,0,7,49.0,27.788
1564.792715,5,1,1,0,1,48.0,0.0
1564.793028,1,1,9,0,13,51.0,54.788
1564.7931155,6,1,1,0,1,45.0,0.0
1564.79494,2,1,6,2,84,56.0,470.793
1564.79495,5,1,6,0,37,52.0,109.602
1564.794951,1,2,7,1,53,57.0,281.409
1564.7949795,6,2,5,0,58,49.0,81.827
1564.7949875,3,1,2,0,8,48.0,27.121
1564.7997805,3,2,1,0,2,46.0,7.837
1564.8004295,6,1,3,0,1,48.0,0.0
1564.8026485,6,1,1,0,1,46.0,0.0
1564.803433,1,14,28,9,340,61.0,2402.0
1564.8034395,3,1,19,6,316,57.0,1094.0
1564.8034395,6,4,28,9,353,63.0,2811.0
1564.803444,5,40,25,8,337,59.0,2065.0
1564.803447,2,18,18,6,78,62.0,3131.0
1564.807999,5,4,8,1,28,57.0,437.106
1564.8080035,3,1,2,0,18,48.0,47.671
1564.8080225,6,1,5,0,20,49.0,62.05
1564.811919,1,1,3,0,4,53.0,25.764
1564.8144845,6,2,1,0,3,53.0,13.56
1564.8161385,6,1,1,0,1,47.0,0.0
1564.816262,5,67,12,3,125,61.0,1005.0
1564.8163505,3,1,4,0,48,51.0,91.094
1564.816354,1,1,4,0,24,50.0,50.258
1564.8173095,6,1,2,0,4,49.0,14.629
1564.8182365,3,1,2,0,9,50.0,44.411
1564.818736,5,1,2,0,1,54.0,0.0
1564.8222185,6,2,3,0,11,59.0,251.024
1564.8259435,6,2,2,0,3,50.0,10.848
1564.8264825,3,1,1,0,1,45.0,0.0
1564.826599,1,2,1,0,2,45.0,5.377
1564.8269725,6,2,6,1,55,60.0,262.182
1564.8278475,6,1,6,1,154,52.0,185.405
1564.8306725,6,1,1,0,4,49.0,16.818
1564.8349975,6,1,1,0,1,45.0,0.0
1564.8373745,6,2,3,0,8,52.0,26.992
1564.837377,5,2,1,0,3,49.0,7.398
1564.8413825,6,1,3,0,7,58.0,129.019
1564.841764,1,3,53,46,307,81.0,98319.0
1564.8417745,3,14,29,13,285,68.0,5596.0
1564.841777,2,12,38,30,270,71.0,29952.0
1564.841787,5,72,44,19,249,65.0,10078.0
1564.841817,4,1,5,1,68,51.0,168.893
1564.8418898,6,12,20,4,162,56.0,922.383
1564.8428,5,2,3,0,2,46.0,5.064
1564.8428225,6,8,4,0,23,52.0,161.515
1564.8463335,6,1,1,0,1,45.0,0.0
1564.846793,1,1,2,0,8,50.0,32.842
1564.849296,5,31,10,1,44,55.0,404.883
1564.8493025,6,1,4,0,6,52.0,31.564
1564.8493405,3,1,1,0,1,45.0,0.0
1564.850994,1,2,5,1,83,54.0,155.066
1564.8552325,6,2,3,0,7,56.0,83.453
1564.857007,1,3,8,2,60,61.0,762.838
1564.857032,5,1,2,0,1,47.0,0.0
1564.8570365,6,2,3,0,10,53.0,66.066
1564.8570725,3,1,1,0,1,45.0,0.0
1564.858722,1,3,4,0,10,56.0,133.601
1564.859477,5,2,1,0,3,50.0,17.444
1564.859955,1,2,3,0,20,49.0,49.696
1564.863481,5,1,6,0,19,52.0,88.241
1564.8634915,6,2,2,0,5,50.0,23.794
1564.8653465,6,1,4,0,8,58.0,168.526
1564.8686805,6,3,13,4,64,69.0,2825.0
1564.868707,5,1,6,0,11,49.0,23.509
1564.868715,1,1,5,0,35,47.0,55.337
1564.8687335,3,2,2,0,5,50.0,24.125
1564.8704255,6,1,8,1,50,51.0,185.384
1564.870446,1,1,7,0,48,51.0,89.397
1564.870449,5,1,3,0,17,50.0,38.092
1564.870474,2,1,1,0,1,51.0,0.0
1564.8737805,6,2,6,1,128,60.0,497.475
1564.87463,1,1,4,0,16,49.0,55.474
1564.874634,2,1,2,0,1,55.0,0.0
1564.8778165,6,2,6,0,29,52.0,155.177
1564.8852365,6,1,5,0,37,51.0,110.505
1564.885243,1,1,3,0,26,49.0,40.285
1564.885261,5,2,2,0,3,48.0,7.486
1564.885302,2,1,1,0,1,50.0,0.0
1564.8884015,6,1,1,0,1,45.0,0.0
1564.891285,5,2,6,0,46,52.0,162.985
1564.8913065,6,2,4,0,2,48.0,17.156
1564.8941455,6,1,2,0,4,50.0,20.041
1564.894161,1,1,2,0,1,48.0,0.0
1564.898238,1,7,4,0,9,49.0,43.759
1564.8982545,6,1,2,0,1,46.0,0.0
1564.8982605,3,1,1,0,1,45.0,0.0
1564.898267,5,2,1,0,3,47.0,8.912
1564.9027445,6,1,1,0,1,45.0,0.0
1564.9047175,6,2,1,0,3,47.0,12.528
1564.90581,1,2,2,0,3,55.0,41.895
1564.906709,5,3,2,0,5,50.0,33.054
1564.9104025,6,1,1,0,1,45.0,0.0
1564.914121,5,2,1,0,3,51.0,17.236
1564.9141245,3,2,3,0,14,48.0,36.086
1564.9141535,6,1,1,0,15,46.0,22.784
1564.915722,1,32,5,1,49,53.0,241.642
1564.9157245,3,1,2,0,1,45.0,0.0
1564.915727,5,12,8,2,78,54.0,413.967
1564.9157465,6,1,4,0,17,49.0,43.403
1564.9163475,6,1,1,0,1,47.0,0.0
1564.916616,5,2,3,0,2,52.0,11.678
1564.918217,1,9,27,8,257,59.0,1984.0
1564.918218,5,61,26,6,114,62.0,2442.0
1564.9182205,6,10,26,9,233,65.0,3424.0
1564.9182265,3,19,18,3,149,56.0,650.161
1564.918237,2,1,23,7,159,61.0,2091.0
1564.9193315,6,1,2,0,9,54.0,73.522
1564.919337,5,1,4,0,1,49.0,0.0
1564.9205075,6,2,3,0,9,55.0,62.782
1564.921105,5,1,1,0,1,47.0,0.0
1564.921649,1,1,4,0,10,47.0,25.076
1564.922904,5,1,2,0,1,51.0,0.0
1564.9231845,6,1,2,0,8,49.0,25.296
1564.9310555,6,1,1,0,1,45.0,0.0
1564.937007,1,3,8,2,43,66.0,1591.0
1564.9370305,3,1,1,0,1,45.0,0.0
1564.941603,5,2,3,0,3,48.0,6.792
1564.9416075,6,1,1,0,1,46.0,0.0
1564.9416215,3,1,1,0,1,45.0,0.0
1564.9452645,3,24,26,12,323,64.0,4405.0
1564.945269,2,18,33,18,291,66.0,10060.0
1564.94527,5,12,38,15,234,70.0,9551.0
1564.94527,1,20,41,13,283,65.0,4507.0
1564.9452705,6,22,35,14,264,67.0,6204.0
1564.945271,4,2,6,2,108,55.0,294.445
1564.9492685,6,1,2,0,1,49.0,0.0
1564.9499355,6,3,11,4,169,64.0,1272.0
1564.949946,1,30,12,2,153,54.0,372.414
1564.949956,5,1,7,2,118,53.0,236.376
1564.9499705,3,12,4,1,29,55.0,219.296
1564.950015,2,1,1,0,1,50.0,0.0
1564.950693,1,3,10,1,52,58.0,376.946
1564.950707,2,5,5,0,13,56.0,231.259
1564.9507195,6,1,4,0,50,51.0,91.859
1564.9507245,3,1,1,0,1,45.0,0.0
1564.953858,1,1,1,0,1,45.0,0.0
1564.956729,5,1,6,0,19,54.0,135.226
1564.9567525,3,2,1,0,5,45.0,11.601
1564.9567535,6,1,2,0,10,54.0,72.486
1564.95813,1,2,2,0,8,54.0,69.873
1564.96163,5,16,12,2,46,57.0,612.105
1564.9616405,6,1,6,1,90,48.0,121.491
1564.9616565,3,1,1,0,8,47.0,13.85
1564.961658,1,1,5,0,59,48.0,74.643
1564.9637055,6,1,2,0,4,47.0,12.988
1564.9665465,6,1,1,0,5,46.0,8.543
1564.967368,1,1,8,0,23,58.0,229.132
1564.9697365,6,1,2,0,1,49.0,0.0
1564.9727985,6,1,1,0,1,45.0,0.0
1564.973643,5,3,3,0,4,47.0,16.292
1564.9767055,6,2,1,0,3,50.0,17.905
1564.9803675,6,3,3,0,20,52.0,270.731
1564.984164,1,1,3,0,8,52.0,50.794
1564.9862985,6,1,1,0,1,45.0,0.0
1564.987327,5,4,5,0,31,51.0,97.698
1564.990054,1,2,18,5,248,59.0,1089.0
1564.9900735,3,1,7,1,96,49.0,122.667
1564.9900855,6,60,12,3,104,64.0,1090.0
1564.991087,1,1,2,0,15,46.0,23.695
1564.9910975,6,3,4,0,18,53.0,86.171
1564.9967685,6,4,5,0,26,55.0,179.833
1564.99677,5,1,3,0,1,49.0,0.0
1565.0004515,6,7,20,6,194,61.0,1607.0
1565.000453,1,2,21,5,157,57.0,1220.0
1565.000459,2,26,16,7,135,62.0,2688.0
1565.000459,5,40,11,2,57,56.0,527.986
1565.0004635,3,1,15,3,126,55.0,698.332
1565.003766,5,2,1,0,2,49.0,11.835
1565.005016,1,1,2,0,1,47.0,0.0
1565.005021,5,1,3,0,1,47.0,0.0
1565.0050265,6,3,2,0,7,54.0,70.883
1565.0050375,3,1,1,0,1,45.0,0.0
1565.0057325,6,1,7,1,49,51.0,127.642
1565.0057575,3,1,1,0,1,45.0,0.0
1565.005773,2,1,3,0,1,52.0,0.0
1565.005777,5,1,2,0,1,49.0,0.0
1565.005804,1,1,2,0,1,47.0,0.0
1565.01214,1,1,1,0,1,45.0,0.0
1565.0129265,6,1,2,0,5,48.0,13.519
1565.013698,5,1,3,0,18,55.0,205.159
1565.0137305,6,1,1,0,1,46.0,0.0
1565.0154205,6,1,1,0,1,47.0,0.0
1565.0191255,6,2,9,3,55,66.0,1799.0
1565.019163,1,2,1,0,3,45.0,6.985
1565.0191835,3,1,2,0,20,45.0,15.18
1565.019531,5,1,2,0,1,54.0,0.0
1565.020708,5,3,12,2,73,57.0,485.468
1565.020717,2,26,3,0,32,54.0,185.462
1565.0207195,3,1,2,0,12,46.0,19.835
1565.020723,1,32,6,0,35,50.0,99.281
1565.0207275,6,1,4,0,23,50.0,81.81
1565.0243635,6,2,2,0,13,47.0,32.049
1565.024788,5,9,10,1,36,54.0,345.799
1565.025217,1,2,10,2,50,63.0,1188.0
1565.0279975,6,1,7,1,36,56.0,259.217
1565.0280195,3,1,3,0,34,48.0,51.212
1565.028905,5,22,60,72,386,81.0,180697.0
1565.0289085,3,11,40,37,479,74.0,32891.0
1565.02891,1,27,63,53,398,74.0,74342.0
1565.028914,4,14,28,7,155,62.0,2529.0
1565.028914,2,42,54,62,341,80.0,138142.0
1565.0289165,6,20,53,56,472,78.0,97045.0
1565.0303775,6,1,1,0,1,45.0,0.0
1565.0309355,3,1,1,0,4,48.0,12.029
1565.0312805,6,12,4,0,18,56.0,231.314
1565.033404,2,1,5,0,1,52.0,0.0
1565.0334055,3,1,2,0,1,46.0,0.0
1565.033407,5,1,4,0,43,49.0,77.187
1565.033414,1,2,7,1,60,52.0,182.084
1565.0334165,6,1,6,0,54,50.0,115.691
1565.0375415,3,2,3,1,45,55.0,217.841
1565.037547,2,1,4,0,24,55.0,165.334
1565.037553,1,2,8,1,68,54.0,234.377
1565.037562,5,1,7,1,38,54.0,211.749
1565.0375635,6,1,6,0,41,51.0,110.411
1565.0385665,6,1,2,0,6,49.0,19.099
1565.03857,5,3,7,0,38,51.0,107.981
1565.038598,1,1,2,0,1,49.0,0.0
1565.0397405,3,2,1,0,2,49.0,11.835
1565.039932,1,1,1,0,1,47.0,0.0
1565.0399385,6,1,2,0,16,46.0,23.119
1565.0416985,3,6,25,14,266,75.0,15809.0
1565.041711,1,24,31,11,218,66.0,5306.0
1565.041713,2,22,37,17,239,70.0,11597.0
1565.041715,5,40,26,8,180,62.0,2902.0
1565.0417245,6,10,24,6,160,61.0,1887.0
1565.04457,5,2,6,0,26,50.0,106.685
1565.044572,1,1,3,0,1,48.0,0.0
1565.0445755,3,1,1,0,1,45.0,0.0
1565.0476185,3,1,1,0,4,52.0,35.935
1565.0481165,6,2,4,0,3,56.0,84.162
1565.0489815,6,7,5,1,34,59.0,371.545
1565.0495245,6,1,3,0,25,54.0,91.549
1565.050384,5,2,4,0,6,51.0,46.95
1565.0503925,6,2,2,0,6,51.0,32.172
1565.0512595,6,1,1,0,1,45.0,0.0
1565.057523,5,11,10,1,28,52.0,223.732
1565.0589495,6,1,1,0,1,45.0,0.0
1565.06132,1,2,3,0,7,53.0,57.406
1565.0613445,6,1,3,0,4,47.0,10.406
1565.061596,5,10,32,11,221,67.0,5652.0
1565.061608,2,5,15,6,104,61.0,2293.0
1565.0616085,3,1,12,2,90,55.0,490.145
1565.062453,5,3,12,2,110,52.0,415.222
1565.0625405,6,1,3,0,4,47.0,14.022
1565.065571,1,2,3,0,3,55.0,50.305
1565.0677765,6,1,2,0,7,53.0,44.092
1565.0686415,6,1,6,2,216,59.0,406.164
1565.073292,1,3,9,2,48,58.0,610.292
1565.0739015,6,1,2,0,5,48.0,15.053
1565.080723,1,2,1,0,2,45.0,3.784
1565.08174,1,1,2,0,1,49.0,0.0
1565.08175,5,1,1,0,1,45.0,0.0
1565.0820555,6,1,1,0,1,48.0,0.0
1565.087259,5,1,4,0,15,54.0,61.358
1565.0877435,6,2,1,0,3,53.0,41.757
1565.094628,5,3,5,1,58,58.0,338.632
1565.094633,1,17,8,0,35,51.0,114.225
1565.0946355,3,1,2,0,1,46.0,0.0
1565.0946495,6,2,3,0,15,56.0,100.191
1565.0953165,6,3,8,0,22,57.0,271.201
1565.0984285,3,4,15,5,197,62.0,1479.0
1565.098439,1,17,22,6,175,63.0,2353.0
1565.098444,5,46,20,4,126,58.0,1255.0
1565.098451,2,9,11,6,152,62.0,1894.0
1565.0984605,6,9,18,5,155,60.0,1322.0
1565.1117105,6,1,1,0,1,45.0,0.0
1565.111755,1,2,1,0,3,49.0,11.467
1565.1135405,6,3,10,1,52,58.0,406.813
1565.1135525,3,1,2,0,1,46.0,0.0
1565.113555,1,1,4,0,4,48.0,8.513
1565.113626,5,1,1,0,1,45.0,0.0
1565.114222,1,4,21,7,175,66.0,2885.0
1565.1142335,3,1,14,2,115,53.0,391.347
1565.114247,2,2,7,1,24,61.0,738.489
1565.1142485,6,5,14,3,106,57.0,857.469
1565.114252,5,26,16,2,107,56.0,505.749
1565.1174745,3,1,1,0,1,45.0,0.0
1565.1246295,6,1,7,0,20,51.0,38.356
1565.124656,2,1,1,0,1,51.0,0.0
1565.124673,1,1,4,0,12,49.0,43.972
1565.125861,1,1,2,0,1,48.0,0.0
1565.1289855,6,2,2,0,7,51.0,33.523
1565.1312355,6,2,2,0,19,53.0,94.407
1565.1341105,6,1,2,1,202,48.0,82.787
1565.138329,5,1,2,0,5,48.0,10.645
1565.14176,1,1,3,0,1,49.0,0.0
1565.1417625,3,1,3,0,25,50.0,60.144
1565.1417965,6,1,3,0,1,48.0,0.0
1565.1447055,6,1,1,0,1,45.0,0.0
1565.149326,5,1,1,0,1,45.0,0.0
1565.15323,1,2,1,0,2,45.0,3.665
1565.1537155,6,2,4,0,11,60.0,358.337
1565.153773,1,1,1,0,9,46.0,14.666
1565.1547925,6,1,2,0,4,48.0,12.141
1565.1560255,6,1,2,0,1,45.0,0.0
1565.1575455,6,1,6,1,164,54.0,125.139
1565.157692,5,3,8,1,35,58.0,426.147
1565.1656705,3,1,2,0,1,46.0,0.0
1565.165686,1,1,3,0,1,49.0,0.0
1565.1668585,6,1,1,0,1,45.0,0.0
1565.17127,5,7,12,3,44,65.0,2326.0
1565.1712855,6,9,10,2,117,56.0,491.629
1565.171291,2,1,2,0,1,51.0,0.0
1565.1712965,3,1,4,0,21,50.0,56.217
1565.171359,1,1,2,0,1,48.0,0.0
1565.1754275,6,1,2,0,8,49.0,27.246
1565.176779,1,3,5,0,13,55.0,141.526
1565.1769105,6,1,1,0,1,47.0,0.0
1565.1781345,3,1,2,0,1,45.0,0.0
1565.178142,2,1,2,0,1,52.0,0.0
1565.1820805,6,2,1,0,5,52.0,34.837
1565.1836225,6,2,1,0,3,49.0,18.279
1565.183881,5,2,9,1,49,58.0,341.272
1565.183925,1,2,4,0,52,47.0,74.516
1565.186219,5,4,1,0,5,48.0,24.099
1565.1884395,3,1,2,0,1,47.0,0.0
1565.1884775,6,1,2,0,1,47.0,0.0
1565.1890255,6,1,1,0,1,48.0,0.0
1565.191023,1,191,13,3,240,53.0,506.427
1565.191187,5,3,5,0,10,58.0,262.654
1565.1911885,3,2,4,0,37,52.0,117.901
1565.191207,2,2,2,0,3,52.0,38.844
1565.1912265,6,2,7,0,49,51.0,122.087
1565.192681,1,4,8,1,42,60.0,541.76
1565.200005,1,1,19,4,84,65.0,1627.0
1565.2000185,3,1,4,1,62,50.0,110.102
1565.2000265,6,1,12,3,161,56.0,666.197
1565.200031,2,4,7,1,32,58.0,669.341
1565.200045,5,3,6,0,23,51.0,103.067
1565.2021955,3,1,3,0,48,49.0,59.124
1565.202199,2,1,6,1,44,59.0,366.825
1565.202211,1,1,2,0,1,46.0,0.0
1565.202212,5,2,2,0,2,46.0,5.773
1565.2022355,6,191,4,1,201,51.0,132.116
1565.2109985,6,1,1,0,1,45.0,0.0
1565.216444,5,4,3,0,22,57.0,201.693
1565.2164755,6,1,2,0,1,47.0,0.0
1565.219388,1,8,12,3,122,60.0,559.676
1565.2193935,6,1,11,2,115,57.0,409.664
1565.219402,5,2,9,0,27,54.0,167.398
1565.2194045,3,1,5,0,32,51.0,79.774
1565.221321,5,2,1,0,2,49.0,6.569
1565.2260685,6,1,1,0,4,48.0,15.537
1565.2352945,6,1,1,0,1,47.0,0.0
1565.235652,5,1,3,0,1,47.0,0.0
1565.24172,1,1,2,0,1,47.0,0.0
1565.2417945,6,1,1,0,1,49.0,0.0
1565.242839,5,1,7,1,141,50.0,140.426
1565.2428555,6,82,12,3,118,65.0,1564.0
1565.2429985,3,1,1,0,1,45.0,0.0
1565.24301,1,1,2,0,59,48.0,42.881
1565.2437695,6,1,3,0,7,53.0,46.348
1565.2443265,6,1,2,0,1,45.0,0.0
1565.245815,1,1,1,0,1,49.0,0.0
1565.2468685,3,2,7,1,59,61.0,702.169
1565.246882,1,19,11,1,65,55.0,350.946
1565.246887,5,14,12,2,91,55.0,588.644
1565.246897,2,2,4,2,65,59.0,571.881
1565.2469025,6,1,4,1,88,51.0,130.185
1565.2485915,3,2,1,0,7,56.0,94.129
1565.248598,5,7,4,0,17,53.0,181.308
1565.248608,2,1,2,0,1,51.0,0.0
1565.253615,5,4,4,0,34,55.0,158.638
1565.254536,5,13,3,0,14,51.0,48.123
1565.2578195,6,1,1,0,1,50.0,0.0
1565.264305,2,23,32,23,258,70.0,16549.0
1565.264311,1,10,47,25,239,73.0,25087.0
1565.2643125,3,6,27,14,300,66.0,5723.0
1565.2643125,6,39,38,17,329,65.0,8068.0
1565.264319,5,18,48,17,301,66.0,8028.0
1565.264331,4,42,5,1,68,55.0,326.579
1565.2666645,6,2,3,0,19,58.0,234.718
1565.2683165,6,1,1,0,1,48.0,0.0
1565.269214,1,1,2,0,1,47.0,0.0
1565.2697115,6,1,2,0,4,50.0,19.771
1565.270339,5,14,21,4,102,63.0,1650.0
1565.270344,1,1,18,3,101,55.0,634.419
1565.2703515,3,1,7,1,79,52.0,186.68
1565.2703535,6,23,8,3,100,61.0,994.119
1565.270356,2,1,11,2,61,59.0,738.747
1565.271324,5,2,5,1,42,63.0,713.571
1565.2713525,6,1,1,0,1,47.0,0.0
1565.271794,1,1,5,0,1,48.0,0.0
1565.2718145,3,1,1,0,1,45.0,0.0
1565.272707,5,2,5,0,2,52.0,9.125
1565.2786475,6,1,1,0,1,45.0,0.0
1565.2793225,6,1,3,0,1,46.0,0.0
1565.279326,5,2,2,0,2,49.0,5.064
1565.2793275,3,1,1,0,1,47.0,0.0
1565.281835,1,2,1,0,3,51.0,28.178
1565.2885625,6,20,43,23,280,72.0,17773.0
1565.288563,1,8,51,26,354,74.0,21689.0
1565.288568,2,111,42,25,264,69.0,17478.0
1565.28857,5,28,52,19,319,68.0,10195.0
1565.2885745,3,12,27,12,249,65.0,5251.0
1565.288594,4,2,7,2,92,52.0,316.263
1565.290113,5,2,1,0,3,48.0,12.778
1565.2906625,6,1,1,0,1,45.0,0.0
1565.29548,5,4,4,0,5,53.0,54.053
1565.2955115,6,1,1,0,1,46.0,0.0
1565.2994455,6,1,2,0,5,46.0,9.201
1565.301934,1,1,3,0,6,53.0,43.423
1565.3019475,6,1,2,0,8,48.0,19.047
1565.3031805,6,1,7,1,24,59.0,302.613
1565.304823,5,2,2,0,3,46.0,7.144
1565.3056905,6,1,2,0,1,48.0,0.0
1565.3081095,6,1,6,0,21,56.0,228.763
1565.308139,1,1,1,0,1,45.0,0.0
1565.3122795,6,2,3,0,26,51.0,75.964
1565.31229,1,1,2,0,1,46.0,0.0
1565.314046,5,1,1,0,1,45.0,0.0
1565.314876,1,4,38,18,280,76.0,21288.0
1565.3148905,3,6,18,5,269,59.0,1015.0
1565.314899,2,1,16,7,235,61.0,2002.0
1565.314903,5,5,29,7,285,57.0,1394.0
1565.3149065,6,5,19,6,245,62.0,1777.0
1565.3159565,3,1,1,0,1,45.0,0.0
1565.322126,1,1,2,0,7,48.0,15.069
1565.331125,5,2,5,0,15,54.0,128.624
1565.3312655,6,2,6,1,33,59.0,320.654
1565.335777,5,13,24,11,182,69.0,8407.0
1565.3357885,3,14,15,4,201,58.0,828.412
1565.335792,2,2,16,5,115,60.0,1932.0
1565.3357935,6,10,20,6,146,61.0,1936.0
1565.335799,1,35,19,4,177,57.0,913.157
1565.337466,1,1,2,0,1,50.0,0.0
1565.338758,1,1,1,0,1,45.0,0.0
1565.339277,5,2,2,0,3,50.0,25.719
1565.343687,5,2,3,0,2,47.0,4.305
1565.3436935,6,1,4,0,1,48.0,0.0
1565.345359,1,1,3,0,17,48.0,20.405
1565.3453595,6,11,6,0,40,53.0,139.153
1565.3453705,3,1,1,0,1,45.0,0.0
1565.3459195,6,1,3,0,4,50.0,17.083
1565.900511,5,18,14,1,23,58.0,434.985
1565.9031875,3,1,1,0,4,45.0,7.337
1565.9075085,6,3,15,5,136,68.0,2417.0
1565.907524,5,1,7,1,90,52.0,255.182
1565.9075275,3,1,5,1,116,53.0,211.774
1565.911386,1,1,2,0,1,45.0,0.0
1565.911882,5,3,2,0,6,54.0,107.607
1565.91279,1,1,2,0,1,47.0,0.0
1565.913841,1,1,1,0,1,45.0,0.0
1565.9141415,6,5,11,3,92,60.0,900.243
1565.914174,5,15,6,0,18,52.0,103.162
1565.9141745,3,1,1,0,5,51.0,23.96
1565.9169995,6,6,28,11,222,68.0,6957.0
1565.91702,5,28,15,3,76,60.0,976.179
1565.9236,1,2,1,0,2,49.0,15.915
1565.9236295,6,1,1,0,1,45.0,0.0
1565.9241355,6,1,2,0,4,48.0,12.923
1565.9257395,6,4,6,1,14,63.0,790.661
1565.926216,1,1,3,0,1,46.0,0.0
1565.9273835,6,1,2,0,5,48.0,19.218
1565.92821,1,1,1,0,1,47.0,0.0
1565.930468,1,1,1,0,1,45.0,0.0
1565.9306035,6,1,1,0,1,45.0,0.0
1565.9315415,6,1,13,3,96,59.0,780.902
1565.931557,1,1,5,0,1,47.0,0.0
1565.9315745,3,1,3,0,49,49.0,84.144
1565.935311,1,1,2,0,4,47.0,11.016
1565.9353655,6,1,1,0,1,46.0,0.0
1565.94283,5,2,6,1,144,53.0,218.146
1565.9428465,6,1,3,0,1,47.0,0.0
1565.943501,1,5,18,5,169,64.0,1521.0
1565.9435145,3,5,11,3,161,55.0,627.426
1565.94354,5,1,8,1,62,56.0,167.257
1565.946052,1,1,1,0,1,45.0,0.0
1565.9461075,6,1,1,0,1,45.0,0.0
1565.9479365,6,1,1,0,1,45.0,0.0
1565.949178,5,5,5,1,138,52.0,180.427
1565.9493345,3,1,1,0,1,45.0,0.0
1565.951372,1,8,28,13,185,70.0,8960.0
1565.9513875,6,10,22,7,185,61.0,2058.0
1565.951407,5,1,16,3,149,55.0,605.484
1565.958465,1,2,2,0,3,48.0,11.698
1565.9591335,6,1,1,0,1,45.0,0.0
1565.9614325,6,1,2,0,9,48.0,25.957
1565.972245,5,20,17,3,93,58.0,964.679
1565.9722475,3,2,10,2,96,53.0,301.489
1565.9740095,6,1,2,0,1,47.0,0.0
1565.9786645,6,1,1,0,1,45.0,0.0
1565.980531,1,1,1,0,1,45.0,0.0
1565.9828925,6,1,2,0,4,48.0,14.722
1565.9842455,6,1,1,0,5,48.0,11.491
1565.9870075,3,1,3,1,86,52.0,97.496
1565.987082,5,2,6,0,42,52.0,109.72
1565.987089,2,1,2,0,7,52.0,50.391
1565.988384,1,1,1,0,1,45.0,0.0
1565.988977,1,1,1,0,4,49.0,14.496
1565.991309,1,6,15,6,160,66.0,2375.0
1565.9913255,3,1,5,0,39,51.0,100.923
1565.99134,5,2,8,0,2,53.0,8.052
1565.9924385,3,1,2,0,7,53.0,77.841
1565.995772,5,4,11,1,12,59.0,474.296
1565.9957825,3,1,1,0,1,47.0,0.0
1565.995786,2,1,1,0,1,52.0,0.0
1566.0030235,3,1,2,0,8,52.0,43.159
1566.005292,5,2,12,2,58,62.0,958.248
1566.0063215,3,1,1,0,1,45.0,0.0
1566.006347,5,7,5,0,14,52.0,94.605
1566.006359,1,1,2,0,1,46.0,0.0
1566.008289,5,2,5,1,20,58.0,360.433
1566.0083705,6,1,1,0,1,48.0,0.0
1566.0094625,3,1,2,0,8,52.0,51.661
1566.009493,2,1,2,0,1,52.0,0.0
1566.0151535,6,7,8,1,53,59.0,471.091
1566.0154975,3,1,1,0,5,48.0,18.586
1566.015516,2,1,1,0,1,53.0,0.0
1566.0167245,6,1,1,0,1,45.0,0.0
1566.0204665,6,1,1,0,1,45.0,0.0
1566.021236,2,1,4,1,38,52.0,189.227
1566.021244,1,1,3,0,24,47.0,37.335
1566.022142,5,1,10,1,42,54.0,292.773
1566.0221495,3,1,5,1,83,48.0,109.625
1566.023652,5,2,7,0,17,55.0,166.205
1566.033774,5,8,13,7,86,69.0,6892.0
1566.03462,5,2,8,1,31,55.0,366.89
1566.0356565,6,151,30,11,333,68.0,5401.0
1566.0358125,3,32,17,3,158,55.0,601.152
1566.035817,5,3,15,3,93,58.0,805.556
1566.037112,1,1,1,0,1,45.0,0.0
1566.039409,5,2,3,0,3,51.0,22.568
1566.039438,1,1,1,0,1,45.0,0.0
1566.040767,5,26,19,3,111,57.0,943.688
1566.0417775,6,1,1,0,1,45.0,0.0
1566.0469705,6,4,2,0,8,47.0,24.903
1566.047676,1,1,1,0,1,45.0,0.0
1566.0501605,6,1,21,8,153,66.0,3922.0
1566.0501735,3,1,13,3,161,53.0,452.105
1566.050184,5,2,13,2,106,54.0,503.88
1566.0586785,6,1,1,0,1,45.0,0.0
1566.059452,1,3,7,1,36,63.0,729.126
1566.0595145,6,1,1,0,1,45.0,0.0
1566.0615355,3,1,1,0,1,45.0,0.0
1566.063951,1,1,5,0,22,48.0,54.444
1566.063954,5,2,2,0,3,52.0,21.216
1566.0665405,3,1,3,1,130,49.0,98.582
1566.066548,5,2,4,0,32,51.0,48.234
1566.0673365,3,2,1,0,3,47.0,9.705
1566.067689,1,1,7,0,1,49.0,0.0
1566.06783,5,1,1,0,1,51.0,0.0
1566.0689245,6,1,1,0,1,46.0,0.0
1566.072297,1,1,3,0,8,50.0,35.505
1566.0750525,6,1,1,0,1,45.0,0.0
1566.077307,5,3,12,6,46,66.0,4940.0
1566.079328,1,1,1,0,1,45.0,0.0
1566.080526,5,5,10,1,70,55.0,340.119
1566.0805285,3,1,1,0,4,47.0,10.305
1566.080546,1,2,3,0,28,50.0,39.595
1566.080565,2,1,1,0,1,53.0,0.0
1566.08123,2,1,1,0,1,50.0,0.0
1566.0812415,6,1,2,0,4,48.0,12.855
1566.081726,1,1,1,0,1,48.0,0.0
1566.0943885,6,1,1,0,1,45.0,0.0
1566.09988,5,7,5,2,163,53.0,278.761
1566.100437,1,1,4,0,4,48.0,9.171
1566.1010305,6,16,18,5,200,61.0,1316.0
1566.101045,5,11,14,2,122,53.0,384.584
1566.101615,2,1,2,0,1,52.0,0.0
1566.1025535,6,7,16,6,220,66.0,2484.0
1566.1025875,3,1,4,0,38,50.0,81.681
1566.1044825,6,1,1,0,1,45.0,0.0
1566.105562,2,2,2,0,22,52.0,119.18
1566.1072605,3,2,4,0,25,51.0,81.444
1566.107272,5,1,4,0,24,52.0,122.132
1566.1116485,6,10,11,3,111,62.0,847.309
1566.111674,5,1,6,0,1,51.0,0.0
1566.1116885,3,1,4,0,29,49.0,65.017
1566.125977,1,2,2,0,2,46.0,6.53
1566.132204,5,1,7,1,52,54.0,226.866
1566.132286,1,1,1,0,1,45.0,0.0
1566.1370405,6,1,1,0,1,45.0,0.0
1566.139207,5,1,8,1,28,59.0,482.032
1566.139239,2,1,1,0,1,53.0,0.0
1566.1392805,3,1,1,0,1,45.0,0.0
1566.140956,1,2,2,0,8,50.0,42.293
1566.1418565,6,3,5,1,26,63.0,529.525
1566.14188,1,1,2,0,5,48.0,13.604
1566.1418995,3,2,1,0,5,50.0,26.574
1566.1448975,6,2,6,2,32,63.0,1012.0
1566.1458635,3,1,5,1,51,51.0,124.571
1566.145877,2,1,4,3,168,52.0,415.695
1566.1466755,3,2,1,0,2,47.0,7.499
1566.1473675,6,1,1,0,1,46.0,0.0
1566.154155,5,2,3,0,13,55.0,101.098
1566.1541585,3,1,1,0,1,45.0,0.0
1566.1549795,6,1,1,0,1,45.0,0.0
1566.155215,5,2,3,0,13,52.0,84.323
1566.1590645,6,2,5,1,65,62.0,457.837
1566.159779,5,2,3,0,8,52.0,51.481
1566.1623005,6,1,2,0,9,48.0,23.251
1566.164502,5,3,8,1,23,59.0,697.783
1566.1645165,6,1,2,0,14,47.0,24.44
1566.1651915,6,2,2,0,3,47.0,9.246
1566.165429,5,2,4,0,6,51.0,39.393
1566.169446,5,2,4,0,15,53.0,99.597
1566.1694505,3,1,2,0,13,53.0,59.775
1566.1694705,6,1,2,0,4,48.0,14.582
1566.169965,5,12,13,2,76,53.0,302.73
1566.1699695,3,1,3,0,41,47.0,46.478
1566.171663,5,3,25,6,121,60.0,2075.0
1566.1716735,6,2,15,4,147,64.0,1503.0
1566.1716895,3,1,7,1,90,52.0,177.691
1566.1723375,3,1,1,0,4,50.0,19.07
1566.173182,5,1,11,1,42,60.0,462.654
1566.177124,5,40,17,3,84,59.0,949.291
1566.1771465,3,2,5,0,44,48.0,78.842
1566.177149,2,1,4,1,66,53.0,180.876
1566.177195,1,1,8,0,54,48.0,97.116
1566.177793,5,2,4,1,43,51.0,143.527
1566.178448,1,1,2,0,6,49.0,21.187
1566.1854905,6,1,1,0,1,46.0,0.0
1566.189096,2,1,25,11,205,67.0,5194.0
1566.189098,5,19,28,10,218,67.0,4766.0
1566.189101,1,22,31,9,200,64.0,3693.0
1566.1891065,6,49,26,8,240,62.0,2240.0
1566.1904335,6,2,11,3,107,60.0,1184.0
1566.190462,1,1,5,1,77,48.0,106.517
1566.1904695,3,1,4,0,36,49.0,81.74
1566.1915895,6,4,7,3,40,66.0,2113.0
1566.191642,1,1,1,0,1,46.0,0.0
1566.195703,1,1,3,0,1,47.0,0.0
1566.197365,5,6,7,1,30,57.0,482.784
1566.200157,1,1,2,0,1,45.0,0.0
1566.20406,5,1,3,0,13,57.0,138.479
1566.20412,1,1,3,0,1,45.0,0.0
1566.207928,5,3,9,2,57,62.0,723.108
1566.2079645,3,1,7,0,56,50.0,98.317
1566.2084848,5,12,40,16,248,68.0,10465.0
1566.208488,2,5,30,15,212,67.0,8701.0
1566.2085058,1,32,32,12,249,66.0,5168.0
1566.211293,5,7,11,4,87,64.0,1848.0
1566.211312,2,1,4,0,1,52.0,0.0
1566.221109,5,2,13,3,94,62.0,752.306
1566.221956,5,140,4,2,188,54.0,300.541
1566.2221515,6,1,1,0,1,45.0,0.0
1566.222522,1,1,7,1,59,48.0,110.904
1566.2225275,3,1,3,0,12,50.0,48.668
1566.223788,5,3,5,0,11,55.0,118.776
1566.2238085,3,1,4,0,49,49.0,105.417
1566.224828,5,2,8,2,100,54.0,279.547
1566.228521,1,2,1,0,2,47.0,3.903
1566.229506,1,1,1,0,1,46.0,0.0
1566.2306195,3,4,5,1,60,48.0,107.667
1566.230628,5,4,11,1,44,60.0,541.288
1566.2306865,6,1,2,0,5,47.0,9.83
1566.2315675,6,1,1,0,1,45.0,0.0
1566.2320875,6,1,1,0,1,48.0,0.0
1566.2423335,6,7,12,5,131,69.0,2546.0
1566.242361,5,1,8,0,18,52.0,37.735
1566.2423725,3,1,2,0,1,47.0,0.0
1566.242387,2,1,1,0,1,50.0,0.0
1566.2436395,6,5,5,2,53,64.0,837.79
1566.243679,1,1,2,0,1,46.0,0.0
1566.2454295,6,2,1,0,2,45.0,3.324
1566.2520225,6,1,2,0,26,48.0,32.15
1566.2532415,6,2,1,0,2,45.0,3.933
1566.254324,5,13,17,5,86,66.0,3113.0
1566.254425,1,2,1,0,2,45.0,4.793
1566.255166,5,2,10,1,74,56.0,378.222
1566.255173,1,1,3,0,1,49.0,0.0
1566.2552005,6,1,1,0,1,48.0,0.0
1566.256853,5,2,17,7,91,69.0,5337.0
1566.2644335,6,1,19,6,507,59.0,1127.0
1566.2648125,3,1,6,2,79,53.0,308.52
1566.266032,1,1,3,0,13,50.0,60.899
1566.269703,1,1,1,0,1,45.0,0.0
1566.270292,5,1,4,1,47,55.0,191.939
1566.2707835,3,1,2,0,1,47.0,0.0
1566.270812,2,1,1,0,1,50.0,0.0
1566.272913,1,1,1,0,1,45.0,0.0
1566.275338,2,1,2,0,1,52.0,0.0
1566.276328,5,2,9,1,59,51.0,223.892
1566.2763345,3,1,2,0,29,46.0,36.999
1566.279694,1,1,1,0,1,45.0,0.0
1566.283812,1,1,1,0,1,46.0,0.0
1566.2846645,6,1,1,0,1,45.0,0.0
1566.286023,5,2,7,0,17,53.0,93.373
1566.287437,1,1,1,0,1,45.0,0.0
1566.288242,5,10,3,0,11,53.0,81.928
1566.289002,5,1,5,0,14,54.0,118.595
1566.2890095,3,1,1,0,1,45.0,0.0
1566.289012,1,1,4,0,54,47.0,50.193
1566.2905055,6,1,1,0,1,45.0,0.0
1566.29134,1,10,14,3,65,63.0,1558.0
1566.294849,1,1,1,0,1,47.0,0.0
1566.297589,5,2,3,0,17,55.0,141.146
1566.2991825,6,2,5,1,23,65.0,1248.0
1566.299492,1,2,2,0,3,50.0,19.145
1566.3030525,6,1,2,1,189,47.0,62.591
1566.3032105,3,1,2,0,7,50.0,31.779
1566.303212,5,2,9,0,12,58.0,281.18
1566.303232,1,2,2,0,20,50.0,39.59
1566.3068165,3,2,9,2,106,51.0,276.593
1566.306828,5,7,9,1,51,53.0,209.283
1566.307441,5,2,1,0,3,51.0,18.192
1566.310526,5,3,3,0,4,52.0,24.196
1566.312576,5,2,3,0,14,53.0,108.699
1566.3148135,3,1,1,0,1,45.0,0.0
1566.3158415,6,2,4,0,17,59.0,238.353
1566.31587,1,1,2,0,1,48.0,0.0
1566.320533,1,1,19,6,118,66.0,3049.0
1566.3205545,3,1,4,0,43,49.0,75.246
1566.320568,5,4,9,1,61,56.0,253.023
1566.3229,1,1,6,1,48,50.0,124.34
1566.322904,5,2,5,1,45,58.0,290.092
1566.3229165,3,1,2,0,1,47.0,0.0
1566.3229615,6,1,3,0,1,46.0,0.0
1566.3251215,6,1,1,0,1,45.0,0.0
1566.3281415,6,1,1,0,1,46.0,0.0
1566.329482,5,2,12,3,58,60.0,924.445
1566.3299095,6,1,2,0,1,47.0,0.0
1566.33971,5,14,18,5,135,62.0,1892.0
1566.3397155,6,14,15,5,115,66.0,2370.0
1566.3417775,6,1,1,0,1,45.0,0.0
1566.3421325,3,9,6,1,43,53.0,163.235
1566.342153,5,1,6,0,20,54.0,143.795
1566.342752,5,1,2,0,1,51.0,0.0
1566.3482215,6,1,1,0,1,45.0,0.0
1566.348608,5,2,2,0,3,52.0,16.483
1566.3514105,6,1,1,0,1,46.0,0.0
1566.352351,5,2,5,0,6,52.0,66.722
1566.3539205,6,1,1,0,1,46.0,0.0
1566.3566185,3,6,11,4,82,67.0,2530.0
1566.356636,5,3,12,2,84,54.0,390.864
1566.36053,5,3,3,0,16,53.0,93.064
1566.3633285,6,51,10,3,84,61.0,1016.0
1566.364125,5,3,14,2,88,63.0,1168.0
1566.3641475,3,1,2,1,98,48.0,72.406
1566.365891,5,20,18,4,150,59.0,1203.0
1566.366605,1,1,1,0,1,46.0,0.0
1566.368202,1,1,4,0,1,48.0,0.0
1566.369094,5,1,4,1,55,53.0,188.742
1566.3691085,3,1,1,0,1,46.0,0.0
1566.369125,1,2,3,0,3,49.0,12.852
1566.371476,1,2,2,0,7,47.0,27.249
1566.37439,1,4,10,2,45,62.0,865.562
1566.379193,5,1,6,0,21,54.0,166.005
1566.3792175,6,1,2,0,11,47.0,12.624
1566.3831,5,2,6,1,20,59.0,607.287
1566.384666,5,3,2,0,4,55.0,25.612
1566.387487,1,1,1,0,1,45.0,0.0
1566.389065,2,2,2,0,3,51.0,29.035
1566.3890725,3,1,1,0,1,45.0,0.0
1566.391023,5,3,13,4,113,67.0,2729.0
1566.3910395,6,16,16,5,141,62.0,1649.0
1566.4001675,6,1,1,0,4,47.0,9.686
1566.403055,1,1,1,0,1,45.0,0.0
1566.4063125,3,2,1,0,3,47.0,25.134
1566.406946,1,1,3,0,1,49.0,0.0
1566.4069945,3,1,1,0,1,45.0,0.0
1566.409796,5,3,10,1,24,55.0,267.943
1566.4098005,3,1,1,0,1,45.0,0.0
1566.4119765,6,1,1,0,1,45.0,0.0
1566.4136045,6,2,12,2,61,62.0,1155.0
1566.413634,5,50,11,1,81,52.0,236.766
1566.4136385,3,1,7,1,42,52.0,172.527
1566.415722,1,2,2,0,9,50.0,68.177
1566.4157515,6,1,1,0,1,45.0,0.0
1566.4165855,3,1,1,0,1,45.0,0.0
1566.4165935,6,1,4,0,8,47.0,18.897
1566.417121,5,2,5,0,18,51.0,91.178
1566.420239,1,2,2,0,3,50.0,18.918
1566.4202775,6,1,2,0,8,48.0,26.925
1566.42242,1,1,1,0,1,50.0,0.0
1566.428738,1,1,8,2,162,50.0,235.017
1566.4287395,3,1,1,0,1,45.0,0.0
1566.4287875,6,26,9,3,83,62.0,1020.0
1566.431311,5,13,18,7,133,63.0,3354.0
1566.4313365,3,1,4,0,24,50.0,72.261
1566.4347955,6,1,1,0,1,47.0,0.0
1566.436839,5,2,5,0,17,51.0,86.374
1566.439278,5,1,10,1,58,52.0,315.372
1566.4392825,3,1,2,0,1,48.0,0.0
1566.440228,5,2,4,1,153,51.0,147.384
1566.440257,1,1,2,0,1,48.0,0.0
1566.4402625,6,1,2,0,1,48.0,0.0
1566.440265,2,1,1,0,1,50.0,0.0
1566.4429885,6,1,2,0,1,46.0,0.0
1566.4487665,6,1,3,0,1,47.0,0.0
1566.4493385,6,2,3,0,13,48.0,38.906
1566.453667,5,7,15,3,80,61.0,1346.0
1566.4561085,3,1,1,0,1,45.0,0.0
1566.4596495,3,4,1,0,5,51.0,33.015
1566.4624405,6,1,1,0,1,45.0,0.0
1566.4633845,6,19,22,8,161,67.0,3964.0
1566.463399,5,1,23,8,264,61.0,2668.0
1566.4634045,3,12,10,2,92,54.0,416.854
1566.466267,5,2,6,0,17,52.0,124.143
1566.4662745,3,1,2,0,5,47.0,10.445
1566.4695655,6,1,1,0,1,46.0,0.0
1566.4708065,6,1,1,0,5,46.0,10.2
1566.471466,1,2,2,0,4,46.0,13.255
1566.473491,1,1,1,0,1,49.0,0.0
1566.4785305,6,1,1,0,1,45.0,0.0
1566.4792495,3,1,3,0,4,52.0,30.604
1566.479283,1,1,2,0,1,49.0,0.0
1566.482526,5,2,6,0,23,54.0,197.148
1566.4825465,3,1,4,0,22,48.0,46.486
1566.482615,1,1,1,0,1,46.0,0.0
1566.488163,1,1,1,0,1,45.0,0.0
1566.494392,1,1,1,0,1,45.0,0.0
1566.497711,1,2,1,0,3,50.0,14.516
1566.4990245,6,3,3,0,24,48.0,72.197
1566.5026995,3,1,1,0,4,49.0,16.239
1566.50272,1,1,2,0,32,46.0,39.827
1566.5031665,6,1,2,0,1,47.0,0.0
1566.5047215,6,1,1,0,1,48.0,0.0
1566.505788,1,18,28,10,142,67.0,5447.0
1566.5058025,6,52,26,7,171,64.0,2702.0
1566.505806,5,71,26,7,166,60.0,2154.0
1566.5166055,3,1,1,0,1,45.0,0.0
1566.51662,1,1,3,0,7,47.0,11.134
1566.5166335,6,1,2,0,17,48.0,33.9
1566.5221605,3,1,1,0,1,45.0,0.0
1566.5240605,6,1,1,0,1,45.0,0.0
1566.525731,5,15,22,4,143,61.0,1205.0
1566.5268015,6,1,1,0,1,45.0,0.0
1566.5270005,3,51,37,26,336,67.0,16223.0
1566.527005,5,63,51,25,311,71.0,19865.0
1566.527009,1,62,48,21,305,66.0,12134.0
1566.52702,2,17,44,32,255,72.0,33308.0
1566.5273245,6,1,5,0,68,47.0,83.1
1566.530001,5,2,5,0,25,53.0,140.457
1566.5321845,6,1,1,0,1,45.0,0.0
1566.5339755,3,2,8,1,83,53.0,286.115
1566.533983,5,3,16,3,81,63.0,1102.0
1566.534965,1,1,1,0,1,47.0,0.0
1566.5395665,3,1,1,0,9,47.0,14.393
1566.542107,1,2,1,0,2,46.0,5.628
1566.5428765,6,55,20,8,143,72.0,7435.0
1566.5428955,3,1,12,3,177,50.0,359.301
1566.542943,5,49,19,4,137,55.0,1033.0
1566.5441405,3,1,5,1,74,50.0,158.169
1566.544146,5,3,9,1,49,53.0,184.767
1566.544166,1,1,4,0,23,50.0,60.892
1566.5450335,6,1,1,0,1,45.0,0.0
1566.5503985,6,9,3,0,16,60.0,448.978
1566.5521025,3,1,1,0,1,45.0,0.0
1566.5528895,3,4,4,1,92,51.0,161.822
1566.5529,2,1,3,0,1,53.0,0.0
1566.552904,5,2,8,1,60,53.0,358.525
1566.5542265,6,3,3,0,12,60.0,246.803
1566.5589445,6,1,1,0,1,46.0,0.0
1566.5590455,3,1,1,0,1,45.0,0.0
1566.5606365,6,1,2,0,5,48.0,11.37
1566.5628215,6,1,2,0,1,46.0,0.0
1566.5713415,3,1,2,0,10,51.0,45.591
1566.571343,5,1,9,1,41,59.0,569.104
1566.571392,1,4,4,0,19,50.0,119.422
1566.5778605,3,1,1,0,1,45.0,0.0
1566.579914,1,2,1,0,3,47.0,10.343
1566.5877895,6,1,2,0,7,48.0,20.201
1566.594075,5,3,6,1,33,56.0,370.715
1566.5940765,3,1,2,0,1,47.0,0.0
1566.6024515,6,1,1,0,1,45.0,0.0
1566.6040195,6,1,1,0,1,45.0,0.0
1566.6044035,3,1,1,0,1,45.0,0.0
1566.604879,5,1,6,0,40,51.0,94.058
1566.6049115,3,2,4,0,8,50.0,49.534
1566.604914,1,1,5,0,63,49.0,83.58
1566.604941,2,1,1,0,1,50.0,0.0
1566.605689,1,1,6,0,26,48.0,89.079
1566.6057215,3,1,1,0,1,45.0,0.0
1566.607646,5,3,6,1,60,57.0,235.863
1566.6076505,3,1,3,0,13,48.0,24.648
1566.608216,1,2,2,0,2,45.0,3.324
1566.609037,1,1,1,0,1,45.0,0.0
1566.610134,5,6,8,1,42,52.0,165.199
1566.610165,2,1,1,0,1,50.0,0.0
1566.6122055,6,2,2,0,2,46.0,3.213
1566.618419,5,7,11,2,55,59.0,915.881
1566.6184875,3,1,1,0,1,45.0,0.0
1566.621329,1,4,7,1,37,63.0,772.723
1566.626009,1,9,18,5,135,62.0,1747.0
1566.626024,5,26,10,2,106,54.0,336.105
1566.6260275,3,2,6,0,58,48.0,105.682
1566.62979,5,1,5,0,34,52.0,142.706
1566.6298415,6,1,1,0,1,46.0,0.0
1566.630193,1,1,1,0,1,45.0,0.0
1566.633436,5,2,7,0,29,53.0,158.327
1566.6352345,6,1,2,0,89,48.0,47.477
1566.6406935,6,1,1,0,1,45.0,0.0
1566.6415925,3,1,1,0,5,50.0,22.917
1566.6424945,3,1,2,0,1,49.0,0.0
1566.642531,5,30,3,0,31,51.0,74.79
1566.6510845,6,7,28,19,261,74.0,19804.0
1566.6511,5,6,23,5,116,60.0,1457.0
1566.6590235,3,3,2,0,5,55.0,62.332
1566.659028,1,1,6,1,71,49.0,118.718
1566.65903,5,2,6,0,20,52.0,87.418
1566.659171,2,1,1,0,1,50.0,0.0
1566.6597665,6,4,6,1,39,59.0,432.708
1566.661924,5,1,16,6,375,56.0,778.344
1566.6619295,3,1,4,0,28,48.0,35.795
1566.6628745,6,1,3,0,21,47.0,34.17
1566.6659525,6,1,1,0,1,46.0,0.0
1566.668789,5,4,16,3,92,62.0,1217.0
1566.673404,1,1,1,0,1,50.0,0.0
1566.6843355,3,1,2,0,1,50.0,0.0
1566.684337,5,2,2,0,3,54.0,39.159
1566.68506,1,1,1,0,1,46.0,0.0
1566.685588,1,3,4,0,32,50.0,94.539
1566.686329,1,3,8,2,65,62.0,615.044
1566.6863515,3,1,1,0,4,48.0,12.139
1566.6899205,6,1,1,0,1,45.0,0.0
1566.691377,1,1,3,0,1,47.0,0.0
1566.6934875,3,1,3,0,1,46.0,0.0
1566.693509,5,2,9,0,20,51.0,58.447
1566.6956175,3,1,1,0,1,45.0,0.0
1566.6962655,6,1,1,0,1,45.0,0.0
1566.7018345,6,1,1,0,1,45.0,0.0
1566.7035215,3,1,1,0,1,45.0,0.0
1566.7056105,3,2,1,0,2,45.0,4.529
1566.7056455,6,1,3,0,1,48.0,0.0
1566.709277,5,3,7,0,18,53.0,185.408
1566.7093045,3,1,2,0,36,46.0,34.463
1566.709305,2,1,3,0,31,53.0,129.2
1566.7130345,6,2,9,2,115,63.0,885.007
1566.7130725,3,1,2,0,58,46.0,52.993
1566.713079,1,1,3,0,4,50.0,19.064
1566.71892,1,1,1,0,1,45.0,0.0
1566.7211245,3,1,1,0,1,45.0,0.0
1566.722627,1,1,1,0,1,46.0,0.0
1566.725794,5,3,3,0,16,55.0,199.22
1566.7257995,3,1,1,0,4,49.0,17.269
1566.72638,1,1,1,0,1,49.0,0.0
1566.7297975,3,1,1,0,1,46.0,0.0
1566.7309265,6,1,1,0,1,47.0,0.0
1566.731365,1,1,2,0,1,49.0,0.0
1566.7313855,3,1,1,0,4,47.0,9.506
1566.732247,1,1,1,0,1,46.0,0.0
1566.732846,1,1,1,0,1,46.0,0.0
1566.7346795,6,1,1,0,1,46.0,0.0
1566.7358105,6,1,1,0,1,48.0,0.0
1566.7379125,6,2,16,4,125,59.0,884.025
1566.7427735,3,1,1,0,1,45.0,0.0
1566.74361,5,2,2,0,13,53.0,114.952
1566.753601,1,3,14,5,129,68.0,3071.0
1566.7549805,6,1,19,5,223,64.0,1309.0
1566.7550145,3,1,6,1,165,51.0,131.503
1566.7582635,6,3,11,5,97,70.0,4830.0
1566.759333,5,3,3,0,8,54.0,151.221
1566.760388,1,2,1,0,3,49.0,12.587
1566.761499,1,1,2,0,1,47.0,0.0
1566.762418,1,3,4,0,4,50.0,40.834
1566.7677475,6,1,1,0,1,45.0,0.0
1566.7687715,3,1,1,0,1,45.0,0.0
1566.771678,5,2,7,0,35,54.0,200.488
1566.7717135,6,1,1,0,1,45.0,0.0
1566.773592,1,1,3,0,9,49.0,32.073
1566.7745215,3,1,1,0,1,45.0,0.0
1566.7770605,6,1,1,0,1,45.0,0.0
1566.777954,2,2,2,0,3,53.0,45.128
1566.7812285,3,1,1,0,1,46.0,0.0
1566.781962,5,2,8,2,85,56.0,390.45
1566.7819655,3,1,3,0,7,53.0,61.775
1566.78197,1,1,4,0,1,48.0,0.0
1566.781994,2,1,1,0,1,52.0,0.0
1566.7820145,6,1,2,0,1,46.0,0.0
1566.784959,1,5,10,2,67,62.0,931.065
1566.789795,1,1,1,0,1,49.0,0.0
1566.7902735,3,1,1,0,1,47.0,0.0
1566.7902775,6,2,2,0,6,48.0,20.596
1566.792748,1,7,4,0,46,50.0,76.148
1566.7947225,3,1,2,1,194,49.0,71.621
1566.794916,5,2,2,0,3,53.0,27.961
1566.794921,1,1,4,0,1,50.0,0.0
1566.7997405,6,1,1,0,1,45.0,0.0
1566.805818,1,1,1,0,1,47.0,0.0
1566.808047,1,1,2,0,38,48.0,40.583
1566.8100225,6,1,2,0,8,48.0,27.423
1566.8111635,3,1,4,1,66,53.0,146.603
1566.811187,5,4,5,0,19,51.0,99.468
1566.81564,1,1,1,0,1,46.0,0.0
1566.820904,5,2,6,0,37,53.0,132.854
1566.8209065,3,1,3,0,12,50.0,54.834
1566.822211,1,1,6,0,45,49.0,107.091
1566.822817,5,16,11,3,86,58.0,861.47
1566.823408,5,2,5,1,36,58.0,401.327
1566.8234105,3,5,3,0,7,53.0,74.561
1566.8250385,6,4,8,1,31,62.0,763.508
1566.8250695,3,1,1,0,5,50.0,23.038
1566.8272885,6,1,2,0,1,47.0,0.0
1566.8285025,3,9,11,5,137,66.0,2244.0
1566.828503,5,13,26,7,183,62.0,2204.0
1566.8285185,6,12,22,6,200,63.0,1580.0
1566.830504,5,5,13,2,83,58.0,571.22
1566.8305135,3,1,5,0,49,51.0,103.012
1566.832693,1,1,1,0,1,45.0,0.0
1566.841562,1,2,1,0,2,45.0,3.695
1566.8417765,3,1,3,0,5,51.0,31.26
1566.841789,5,7,8,1,36,58.0,505.553
1566.8459915,3,1,2,0,5,49.0,14.06
1566.846143,1,2,5,0,14,50.0,77.541
1566.8461825,6,1,2,0,4,48.0,11.672
1566.8519355,3,1,1,0,1,45.0,0.0
1566.852777,1,1,4,0,24,50.0,77.631
1566.8546645,6,4,14,4,162,66.0,1712.0
1566.8546745,3,1,6,1,108,50.0,139.561
1566.854683,5,4,13,1,50,56.0,394.217
1566.85472,2,1,2,0,1,52.0,0.0
1566.860454,1,1,1,0,1,50.0,0.0
1566.86252,1,2,3,0,3,50.0,10.005
1566.8640915,3,1,1,0,1,45.0,0.0
1566.865713,1,1,3,1,66,50.0,99.62
1566.8657225,3,1,2,0,1,48.0,0.0
1566.865737,5,2,2,0,7,54.0,38.719
1566.8666985,3,1,2,0,1,46.0,0.0
1566.8695255,6,1,2,0,14,48.0,19.668
1566.871215,5,2,14,5,88,65.0,2620.0
1566.8712515,3,4,4,0,35,51.0,107.656
1566.871276,1,1,3,0,37,46.0,35.189
1566.871951,5,1,15,2,45,62.0,859.823
1566.873142,1,1,1,0,1,47.0,0.0
1566.8732105,3,1,1,0,1,45.0,0.0
1566.87669,5,1,4,0,1,51.0,0.0
1566.8778165,6,2,1,0,4,48.0,18.034
1566.88128,5,3,4,1,27,56.0,280.732
1566.8820335,6,5,11,2,144,59.0,559.325
1566.89107,1,2,2,0,3,47.0,8.525
1566.8910795,3,1,1,0,1,45.0,0.0
1566.8910955,6,1,2,0,1,48.0,0.0
1566.8951875,3,2,3,0,51,51.0,90.86
1566.89519,2,1,4,0,1,52.0,0.0
1566.895217,5,3,7,0,4,52.0,26.493
1566.895238,1,2,1,0,3,49.0,13.211
1566.8980345,6,1,3,0,1,48.0,0.0
1566.89804,1,1,1,0,1,47.0,0.0
1566.900842,1,1,1,0,1,45.0,0.0
1566.902658,5,1,12,0,29,53.0,141.992
1566.9026625,6,2,5,1,48,53.0,138.64
1566.902674,1,1,5,0,28,50.0,60.432
1566.9026795,3,1,1,0,1,45.0,0.0
1566.902689,2,1,2,0,1,53.0,0.0
1566.9046145,6,2,2,0,3,51.0,8.499
1566.90559,2,2,2,0,12,55.0,118.313
1566.905602,1,1,4,0,1,49.0,0.0
1566.9056165,6,1,2,0,1,49.0,0.0
1566.908889,1,4,2,0,7,46.0,21.414
1566.911727,1,1,2,0,1,47.0,0.0
1566.914932,5,2,2,0,9,49.0,42.794
1566.9162055,6,1,5,1,27,57.0,289.204
1566.917915,5,2,2,0,3,50.0,17.444
1566.9189995,6,3,1,0,4,52.0,30.644
1566.9196535,3,1,1,0,1,45.0,0.0
1566.92088,1,1,1,0,1,46.0,0.0
1566.922348,1,2,3,0,3,51.0,24.944
1566.922763,5,6,3,0,19,54.0,142.231
1566.924601,5,4,35,23,243,76.0,32121.0
1566.9246175,6,21,22,10,163,67.0,5314.0
1566.9246195,3,20,20,7,198,61.0,2313.0
1566.92462,2,2,22,7,111,63.0,3209.0
1566.924622,1,20,23,6,172,57.0,1317.0
1566.924634,4,2,2,0,2,53.0,8.896
1566.925523,5,1,2,0,1,49.0,0.0
1566.9260155,6,1,2,0,8,52.0,50.941
1566.926876,1,2,4,0,23,53.0,145.805
1566.9280825,6,2,5,0,21,58.0,193.514
1566.928111,1,18,8,1,61,53.0,169.251
1566.928122,5,3,5,0,4,53.0,26.923
1566.9304255,6,5,18,8,253,70.0,4586.0
1566.930454,1,1,10,1,62,56.0,400.971
1566.930459,5,1,5,0,1,49.0,0.0
1566.9304685,3,1,7,1,59,53.0,250.968
1566.934368,1,1,2,0,1,46.0,0.0
1566.9344045,6,2,5,0,27,50.0,62.929
1566.9351035,6,2,2,0,19,55.0,177.464
1566.9356685,6,1,1,0,1,45.0,0.0
1566.936633,4,2,5,0,34,51.0,119.623
1566.936636,2,1,13,4,103,60.0,1248.0
1566.936637,5,25,18,3,87,61.0,1398.0
1566.9366375,3,62,11,4,215,56.0,640.85
1566.936639,1,1,24,5,209,58.0,1203.0
1566.9366535,6,22,20,6,162,61.0,1868.0
1566.9374215,6,3,11,2,81,65.0,920.763
1566.9374305,3,1,3,0,33,52.0,59.734
1566.937447,1,49,7,1,50,51.0,144.361
1566.937449,2,2,2,0,2,51.0,17.923
1566.93746,5,3,9,1,49,52.0,211.249
1566.9405375,6,1,2,0,9,48.0,21.392
1566.9427855,6,13,2,0,14,52.0,73.85
1566.943598,5,2,8,2,109,51.0,246.544
1566.9436135,6,8,11,5,130,66.0,2579.0
1566.9436265,3,1,5,0,40,51.0,85.023
1566.943631,1,1,9,1,56,55.0,250.185
1566.943674,2,1,2,0,4,52.0,35.867
1566.9445825,6,5,16,4,145,64.0,1486.0
1566.944586,1,17,16,4,135,59.0,1149.0
1566.944591,5,1,4,0,21,52.0,52.805
1566.9445965,3,2,8,2,105,55.0,388.806
1566.944634,2,1,2,0,1,51.0,0.0
1566.945845,1,2,4,0,10,55.0,129.672
1566.9475615,6,1,1,0,1,45.0,0.0
1566.947564,1,1,1,0,1,45.0,0.0
1566.9483355,6,1,1,0,1,45.0,0.0
1566.95099,1,4,4,0,32,61.0,446.033
1566.951899,5,2,6,0,12,52.0,63.257
1566.9519065,3,1,3,0,12,53.0,107.073
1566.9519305,6,1,4,0,5,53.0,46.931
1566.951933,2,1,3,0,11,54.0,122.741
1566.95194,1,1,6,0,47,51.0,115.863
1566.953317,5,7,4,0,8,50.0,59.348
1566.954063,1,6,2,0,7,51.0,32.416
1566.9541455,6,13,3,0,14,52.0,56.678
1566.9567225,6,1,4,0,26,49.0,58.773
1566.9574765,6,1,1,0,1,46.0,0.0
1566.9580725,6,1,5,1,198,52.0,148.885
1566.9599655,6,1,1,0,69,46.0,37.191
1566.9616325,3,1,1,0,1,45.0,0.0
1566.961861,5,454,36,9,491,55.0,1355.0
1566.9618725,6,4,9,1,39,58.0,483.786
1566.961908,2,1,2,0,1,53.0,0.0
1566.961916,1,1,3,0,1,46.0,0.0
1566.962692,1,2,3,0,2,53.0,19.845
1566.9647885,3,1,1,0,1,45.0,0.0
1566.9653295,6,1,5,1,168,51.0,92.88
1566.9671715,6,3,12,3,81,68.0,2318.0
1566.967205,5,2,6,1,74,53.0,214.568
1566.967209,1,1,5,0,20,50.0,45.108
1566.9672125,3,15,2,0,16,49.0,38.519
1566.967231,2,1,1,0,1,53.0,0.0
1566.9682165,6,1,2,0,4,53.0,28.435
1566.968239,1,4,3,0,5,51.0,41.015
1566.968965,1,1,1,0,1,46.0,0.0
1566.9689715,6,1,4,0,17,48.0,43.639
1566.969632,5,1,2,0,1,45.0,0.0
1566.974126,5,2,3,0,17,53.0,104.385
1566.978394,1,1,1,0,1,45.0,0.0
1566.9813505,6,1,2,0,4,54.0,45.877
1566.9817845,3,2,2,0,9,49.0,39.288
1566.981792,1,1,7,1,69,51.0,146.057
1566.981798,5,4,3,0,7,51.0,36.138
1566.984078,1,8,25,9,203,62.0,4280.0
1566.984079,2,1,21,7,161,59.0,1903.0
1566.9840815,3,10,18,7,287,62.0,1860.0
1566.9840865,6,241,34,11,280,61.0,3378.0
1566.984103,5,17,23,6,291,57.0,1055.0
1566.984997,1,2,1,0,3,48.0,10.614
1566.9863975,6,1,3,0,8,49.0,30.179
1566.9882805,3,1,1,0,4,50.0,17.496
1566.9883125,6,173,5,2,198,54.0,271.564
1566.9891675,6,1,1,0,1,45.0,0.0
1566.9902095,6,1,2,0,4,50.0,15.848
1566.9908595,6,1,1,0,1,46.0,0.0
1566.992647,1,9,3,0,10,49.0,33.977
1566.994021,1,2,3,0,11,58.0,179.288
1566.9941715,3,1,1,0,4,49.0,16.947
1566.9949825,6,1,2,0,4,47.0,9.158
1566.9963695,6,1,5,1,32,60.0,456.708
1566.997671,1,13,7,0,14,55.0,141.033
1566.9994435,6,4,3,0,22,50.0,46.829
1567.0003505,6,137,3,0,139,57.0,146.086
1567.0020775,6,1,2,0,11,56.0,169.655
1567.0034295,6,2,3,0,5,55.0,61.307
1567.0100735,6,1,4,0,19,52.0,101.995
1567.0117035,3,1,1,0,1,45.0,0.0
1567.013174,5,2,1,0,2,48.0,7.047
1567.013942,5,4,4,0,6,48.0,22.859
1567.0148975,6,1,6,0,29,52.0,147.841
1567.018203,1,1,1,0,1,45.0,0.0
1567.019621,1,1,1,0,1,46.0,0.0
1567.0201405,6,1,2,0,1,48.0,0.0
1567.0203565,3,1,1,0,1,45.0,0.0
1567.020848,5,1,3,1,120,48.0,65.151
1567.0209945,6,1,2,0,1,45.0,0.0
1567.023751,1,2,2,0,3,54.0,33.698
1567.0241565,6,1,5,0,12,53.0,100.263
1567.0258995,3,1,8,1,77,57.0,369.743
1567.025901,5,31,14,3,95,58.0,660.228
1567.025913,1,2,17,4,171,58.0,684.572
1567.0259275,6,1,12,2,70,53.0,349.304
1567.025946,2,1,6,0,15,58.0,230.751
1567.0322245,3,3,29,12,267,65.0,4813.0
1567.032226,4,2,6,1,66,54.0,206.788
1567.032228,2,13,35,18,265,68.0,10735.0
1567.032229,5,10,35,16,253,69.0,11311.0
1567.032231,1,25,35,16,328,66.0,7738.0
1567.0322395,6,11,30,14,209,65.0,6838.0
1567.0361785,6,1,1,0,1,45.0,0.0
1567.0376525,6,6,13,3,90,63.0,1114.0
1567.037664,1,1,10,2,97,56.0,377.453
1567.0376725,3,1,2,0,1,45.0,0.0
1567.037708,2,1,2,0,1,51.0,0.0
1567.038421,1,1,3,0,1,47.0,0.0
1567.039756,5,4,7,0,20,52.0,129.643
1567.039759,2,1,1,0,6,51.0,41.275
1567.039763,1,2,4,0,2,51.0,4.826
1567.0397755,6,5,4,0,26,53.0,150.354
1567.040882,1,2,4,0,35,55.0,117.559
1567.0410285,6,1,1,0,1,46.0,0.0
1567.041568,2,1,2,0,1,52.0,0.0
1567.041575,5,3,2,0,4,51.0,28.626
1567.041613,1,1,1,0,1,45.0,0.0
1567.0455475,6,2,3,0,11,55.0,89.044
1567.0462665,6,2,23,6,223,62.0,1296.0
1567.046293,1,77,26,5,199,59.0,1142.0
1567.046321,2,57,14,6,155,62.0,2293.0
1567.046345,5,23,17,4,76,60.0,1528.0
1567.0463485,3,11,13,3,231,57.0,649.132
1567.04642,4,1,1,0,1,45.0,0.0
1567.047011,2,1,7,1,88,54.0,234.736
1567.04702,5,1,4,0,1,49.0,0.0
1567.047026,1,58,15,3,134,61.0,791.203
1567.0470455,6,1,4,0,18,47.0,25.198
1567.048097,1,1,4,0,6,55.0,88.523
1567.048274,5,1,1,0,1,46.0,0.0
1567.049462,1,1,11,3,278,53.0,411.344
1567.0494635,3,1,5,0,24,50.0,93.383
1567.049473,2,1,2,0,1,51.0,0.0
1567.0494865,6,193,11,3,224,57.0,474.799
1567.049531,5,2,1,0,2,48.0,3.464
1567.050368,5,1,6,0,1,48.0,0.0
1567.050447,1,1,2,0,4,50.0,15.546
1567.059808,1,2,3,0,3,51.0,20.917
1567.0615925,3,17,17,5,223,57.0,925.957
1567.061594,4,1,1,0,1,48.0,0.0
1567.061596,2,2,18,7,148,62.0,2414.0
1567.061599,5,29,24,8,219,63.0,3443.0
1567.061602,1,2,30,6,211,59.0,1618.0
1567.0616165,6,2,20,5,177,58.0,1099.0
1567.0630945,3,2,1,0,8,47.0,16.827
1567.0650875,3,1,1,0,1,45.0,0.0
1567.065089,5,2,4,0,6,51.0,29.761
1567.065091,2,2,6,0,8,56.0,155.022
1567.0651,1,242,30,8,349,62.0,1846.0
1567.0651105,6,1,6,0,21,50.0,65.66
1567.0672685,6,5,10,2,115,60.0,711.288
1567.067279,5,1,5,0,1,51.0,0.0
1567.067328,1,1,2,0,8,47.0,22.263
1567.0681015,3,1,1,0,1,46.0,0.0
1567.068103,2,1,6,2,68,58.0,496.447
1567.068112,1,1,6,0,30,51.0,70.613
1567.068116,5,2,2,0,2,47.0,5.921
1567.0681235,6,1,3,0,5,50.0,15.223
1567.0691295,6,1,3,1,180,47.0,65.912
1567.069255,5,2,2,0,3,51.0,18.852
1567.0712905,6,8,2,0,9,52.0,60.137
1567.0732865,6,1,1,0,1,45.0,0.0
1567.07379,1,3,3,0,35,49.0,76.328
1567.077784,4,1,5,0,28,51.0,69.971
1567.0777855,3,13,26,13,280,65.0,5692.0
1567.077792,1,20,29,11,254,67.0,5372.0
1567.077793,2,62,26,13,204,64.0,6602.0
1567.077796,5,9,24,7,144,64.0,3030.0
1567.0777985,6,42,32,10,258,59.0,3100.0
1567.080939,1,12,28,12,207,65.0,6564.0
1567.0809425,3,7,20,6,196,64.0,2590.0
1567.080943,2,1,22,8,139,61.0,2964.0
1567.080949,5,23,15,3,93,57.0,741.016
1567.0809505,6,51,30,11,240,63.0,4444.0
1567.0818935,3,1,2,0,5,49.0,14.63
1567.081905,1,2,2,0,3,51.0,16.344
1567.082251,5,2,1,0,2,45.0,10.021
1567.0829155,3,2,9,2,100,53.0,311.775
1567.082916,1,17,9,1,92,55.0,309.181
1567.082922,2,1,6,1,62,54.0,359.912
1567.0829225,6,42,9,1,62,52.0,161.528
1567.082925,5,2,11,1,46,57.0,330.616
1567.08397,5,2,2,0,2,50.0,10.264
1567.0839875,6,1,2,0,1,46.0,0.0
1567.084468,1,7,33,10,180,67.0,4299.0
1567.08447,2,42,24,11,166,64.0,5078.0
1567.0844795,3,5,18,5,143,61.0,1771.0
1567.084482,5,20,27,7,140,61.0,2336.0
1567.084487,4,2,2,0,29,49.0,43.53
1567.0844888,6,8,22,5,154,60.0,1551.0
1567.085124,5,84,45,17,258,67.0,9178.0
1567.0851275,3,26,32,16,297,68.0,8543.0
1567.0851358,2,30,39,24,333,69.0,16327.0
1567.0851427,6,4,48,25,460,75.0,25808.0
1567.0851478,1,1,38,16,246,70.0,9610.0
1567.085151,4,5,9,1,48,55.0,315.159
1567.087755,2,1,1,0,1,50.0,0.0
1567.087758,5,1,1,0,1,47.0,0.0
1567.0883115,6,1,1,0,1,47.0,0.0
1567.090025,1,1,4,0,10,55.0,134.855
1567.0975645,3,2,1,0,5,51.0,38.825
1567.097571,2,1,2,0,6,51.0,43.583
1567.0982975,6,19,4,0,20,53.0,142.604
1567.098302,1,1,3,0,34,47.0,42.104
1567.0993475,3,1,4,0,23,49.0,61.457
1567.099369,1,1,1,0,1,45.0,0.0
1567.099604,5,2,4,0,2,47.0,15.194
1567.10067,1,2,6,1,45,54.0,205.007
1567.1006745,6,14,13,4,251,60.0,914.45
1567.1006795,3,28,5,1,70,51.0,136.307
1567.1044865,6,1,2,0,1,49.0,0.0
1567.1054555,6,2,4,0,19,52.0,128.255
1567.1083595,6,1,13,3,149,60.0,847.974
1567.108376,1,85,12,2,95,53.0,335.271
1567.108376,5,1,7,1,63,49.0,114.182
1567.1084005,3,2,4,1,93,48.0,103.723
1567.108436,2,1,2,0,1,53.0,0.0
1567.1111675,6,1,1,0,1,45.0,0.0
1567.1123765,3,13,10,2,129,55.0,468.212
1567.112377,5,10,18,3,109,57.0,927.105
1567.1123815,6,19,15,3,138,58.0,819.74
1567.112384,1,1,14,2,95,53.0,370.157
1567.112389,2,17,12,4,121,60.0,1231.0
1567.1133425,6,9,13,2,166,54.0,375.445
1567.1134105,3,5,6,1,85,55.0,248.7
1567.11342,1,27,7,1,64,49.0,109.003
1567.113428,5,3,9,1,35,55.0,334.841
1567.113451,2,2,2,0,3,55.0,45.963
1567.1154615,6,1,1,0,1,45.0,0.0
1567.1185605,6,85,8,3,190,62.0,924.725
1567.118656,1,2,7,1,60,53.0,187.368
1567.1186895,3,2,4,0,20,48.0,42.036
1567.119882,5,2,1,0,15,46.0,39.9
1567.12102,1,7,64,58,577,85.0,135643.0
1567.12103,2,20,55,48,530,77.0,62082.0
1567.1210305,3,30,45,22,529,65.0,10216.0
1567.1210325,6,17,51,35,541,77.0,42684.0
1567.121036,4,23,13,3,137,55.0,579.318
1567.121039,5,23,66,31,528,73.0,25213.0
1567.1224685,6,3,6,0,25,57.0,219.172
1567.122471,1,1,4,0,7,55.0,103.568
1567.1224935,3,1,1,0,4,50.0,17.263
1567.1238115,6,1,1,0,1,47.0,0.0
1567.125976,1,2,1,0,2,46.0,6.375
1567.128428,4,2,1,0,3,47.0,8.207
1567.128435,1,44,13,2,96,54.0,443.573
1567.1284355,3,1,9,1,80,54.0,293.95
1567.1284395,6,11,10,2,95,54.0,302.979
1567.128442,5,6,8,1,47,53.0,207.6
1567.128454,2,1,5,2,101,55.0,376.442
1567.1296815,6,2,4,0,25,55.0,160.251
1567.131013,5,1,4,0,4,55.0,44.278
1567.131354,1,4,7,1,45,55.0,201.757
1567.131369,2,2,3,0,2,51.0,10.215
1567.1323835,6,1,1,0,1,46.0,0.0
1567.1335215,6,1,3,0,1,48.0,0.0
1567.1344075,6,1,2,0,5,50.0,23.718
1567.1354255,6,1,3,0,12,53.0,81.924
1567.136506,5,62,22,7,99,64.0,3146.0
1567.1365075,6,1,26,9,221,67.0,3749.0
1567.1365165,3,29,17,6,251,61.0,1451.0
1567.136518,1,2,24,5,154,57.0,1106.0
1567.136532,4,1,5,0,19,52.0,74.989
1567.136536,2,7,15,5,81,61.0,1922.0
1567.1373905,6,3,4,1,189,54.0,191.606
1567.137566,1,1,1,0,1,45.0,0.0
1567.1383215,6,113,11,3,199,58.0,670.919
1567.138408,4,1,2,0,1,47.0,0.0
1567.138415,2,31,9,2,81,58.0,605.132
1567.138419,1,40,11,2,63,55.0,450.189
1567.1384205,3,1,12,2,114,53.0,450.132
1567.138436,5,1,10,1,85,51.0,228.857
1567.1398075,6,1,1,0,1,45.0,0.0
1567.140353,1,4,12,3,79,66.0,1937.0
1567.1403695,3,2,3,0,19,50.0,53.98
1567.1403835,6,1,6,0,34,51.0,115.842
1567.140387,5,16,5,0,17,51.0,58.441
1567.1412595,6,2,10,1,44,56.0,333.034
1567.143549,1,1,11,1,65,58.0,376.793
1567.143567,5,1,7,1,49,53.0,166.196
1567.143571,2,2,3,0,29,59.0,295.162
1567.1435735,6,23,7,1,35,54.0,194.789
1567.145731,1,2,1,0,3,49.0,9.051
1567.1462355,3,3,5,1,51,59.0,459.617
1567.146237,5,5,6,1,29,58.0,326.553
1567.146243,1,43,5,0,44,51.0,95.613
1567.1462595,6,1,4,0,31,51.0,123.911
1567.147446,5,4,10,2,38,62.0,1530.0
1567.1474775,6,1,4,0,20,46.0,39.35
1567.1474935,3,1,1,0,1,45.0,0.0
1567.147813,1,1,5,0,38,53.0,127.847
1567.150116,5,7,22,8,189,68.0,5011.0
1567.1501265,6,16,20,8,345,65.0,2406.0
1567.150133,2,23,14,4,105,58.0,1275.0
1567.150138,1,1,14,3,115,54.0,515.975
1567.1501405,3,17,11,2,68,55.0,508.034
1567.1553905,6,1,1,0,1,45.0,0.0
1567.156153,1,3,1,0,4,47.0,19.129
1567.1581385,6,1,2,0,7,53.0,56.789
1567.158594,5,5,5,1,22,59.0,386.61
1567.1600655,6,1,2,0,8,51.0,38.423
1567.160069,1,1,2,0,1,46.0,0.0
1567.1606415,3,1,3,0,33,47.0,50.007
1567.160646,2,1,3,0,4,53.0,25.108
1567.160651,1,5,7,1,62,51.0,143.44
1567.160879,5,2,2,0,36,54.0,103.852
1567.1612375,6,1,10,1,89,54.0,275.214
1567.161669,1,1,1,0,1,45.0,0.0
1567.1638345,3,1,1,0,1,45.0,0.0
1567.1644675,3,1,2,0,10,47.0,15.642
1567.164611,5,7,11,3,72,59.0,811.47
1567.1646295,6,1,2,0,1,47.0,0.0
1567.164686,1,2,2,0,30,48.0,45.854
1567.1655765,6,2,9,1,49,56.0,286.324
1567.165581,5,1,9,1,78,54.0,315.731
1567.165582,1,42,7,1,56,50.0,119.711
1567.1655875,3,1,3,0,52,48.0,59.303
1567.166386,1,1,3,0,1,49.0,0.0
1567.1667395,6,1,1,0,1,45.0,0.0
1567.170519,1,1,3,0,51,51.0,76.686
1567.1705215,3,1,2,0,5,48.0,16.948
1567.170528,5,1,7,0,15,49.0,30.447
1567.172025,5,2,1,0,2,47.0,5.664
1567.1751895,6,1,1,0,1,45.0,0.0
1567.17676,1,12,25,9,204,63.0,4272.0
1567.1767635,3,3,16,4,99,62.0,1603.0
1567.176764,2,1,17,6,158,58.0,1919.0
1567.1767715,6,51,26,9,237,61.0,2940.0
1567.176788,5,1,13,3,111,54.0,517.438
1567.178188,1,7,6,2,186,51.0,220.612
1567.1782045,6,1,7,1,136,55.0,175.979
1567.178292,5,1,8,1,46,51.0,141.005
1567.179193,5,5,12,4,191,57.0,850.179
1567.1793145,6,1,1,0,1,45.0,0.0
1567.1821515,3,1,10,2,210,53.0,308.046
1567.182156,5,138,12,3,191,56.0,459.868
1567.182166,1,136,12,3,203,55.0,397.71
1567.182286,2,2,8,2,47,60.0,739.549
1567.1822965,6,1,14,2,93,52.0,313.754
1567.1841655,3,2,13,4,346,57.0,541.465
1567.184171,5,5,28,7,362,57.0,1186.0
1567.184173,2,20,7,1,29,61.0,700.956
1567.1841735,6,40,29,7,386,55.0,1078.0
1567.184185,1,263,34,9,354,61.0,1999.0
1567.1866955,6,1,3,0,1,50.0,0.0
1567.1881835,6,2,4,0,18,56.0,101.232
1567.1897745,6,1,1,0,1,46.0,0.0
1567.190666,5,4,3,0,21,49.0,52.709
1567.1906895,6,1,1,0,1,45.0,0.0
1567.1925225,6,2,4,0,4,50.0,18.007
1567.193106,5,1,5,0,15,56.0,163.002
1567.194005,1,9,20,5,142,62.0,1575.0
1567.1940225,3,1,8,1,103,52.0,203.815
1567.1940225,6,8,17,4,135,59.0,814.034
1567.194041,5,1,11,2,82,54.0,320.49
1567.194076,2,2,5,1,59,56.0,388.868
1567.197569,1,1,19,4,140,59.0,1217.0
1567.1975785,6,2,14,4,329,58.0,630.418
1567.1975855,3,2,7,1,90,54.0,273.626
1567.197592,5,1,9,1,61,53.0,195.262
1567.1999055,6,1,4,0,14,52.0,77.069
1567.2032065,6,1,2,0,10,50.0,32.048
1567.206568,1,1,2,0,1,54.0,0.0
1567.208265,1,2,3,0,14,58.0,179.395
1567.2086925,6,1,2,0,4,53.0,28.118
1567.209386,1,2,13,2,101,54.0,453.904
1567.2093885,6,3,11,2,86,58.0,428.319
1567.209402,5,1,7,1,101,50.0,138.33
1567.2094025,3,1,7,1,75,56.0,334.527
1567.209453,2,1,1,0,1,50.0,0.0
1567.2119195,6,1,2,0,20,51.0,37.516
1567.211972,5,1,1,0,1,45.0,0.0
1567.2137385,6,1,3,0,8,53.0,55.208
1567.215654,1,1,2,0,164,48.0,35.223
1567.2177975,6,1,1,0,1,50.0,0.0
1567.2216725,6,1,1,0,1,45.0,0.0
1567.222546,5,1,2,0,1,50.0,0.0
1567.2225685,6,1,1,0,1,47.0,0.0
1567.22347,1,1,5,1,47,54.0,194.069
1567.2235045,6,1,1,0,1,47.0,0.0
1567.224375,5,1,4,0,1,50.0,0.0
1567.2246945,6,1,10,2,145,53.0,290.051
1567.224766,1,17,11,2,116,53.0,309.519
1567.22477,2,2,5,0,15,57.0,290.659
1567.2248265,3,1,1,0,1,45.0,0.0
1567.2253665,6,75,36,16,292,67.0,8242.0
1567.225413,5,25,46,20,276,68.0,12442.0
1567.225415,1,15,43,13,316,68.0,5326.0
1567.225421,2,9,23,15,193,69.0,10393.0
1567.2254225,3,3,22,10,261,66.0,4043.0
1567.225434,4,23,6,1,62,53.0,222.977
1567.2264715,6,1,5,0,28,50.0,70.402
1567.227456,1,1,5,0,6,51.0,27.813
1567.2274595,3,1,2,0,14,50.0,50.577
1567.2274615,6,1,3,0,31,52.0,58.138
1567.2288385,6,6,4,0,13,52.0,71.007
1567.2294425,3,1,2,0,1,47.0,0.0
1567.229468,5,1,2,0,8,47.0,19.036
1567.229484,1,1,1,0,1,48.0,0.0
1567.230754,1,2,1,0,3,47.0,11.405
1567.232631,5,2,3,1,113,50.0,123.933
1567.2326505,6,1,2,0,4,51.0,22.169
1567.23474,1,125,13,4,191,64.0,1490.0
1567.236796,1,2,3,0,38,58.0,198.763
1567.2389625,6,195,8,2,246,53.0,261.923
1567.239141,1,8,7,1,82,54.0,292.166
1567.239141,5,9,12,3,83,57.0,898.391
1567.23924,2,1,1,0,1,52.0,0.0
1567.2411155,6,2,3,0,22,53.0,84.743
1567.2419085,3,1,2,0,5,57.0,131.172
1567.242958,4,1,2,0,37,49.0,82.708
1567.242965,2,24,14,4,119,60.0,1302.0
1567.2429655,3,16,10,2,103,53.0,334.127
1567.242972,5,4,14,1,33,60.0,448.493
1567.2429735,6,5,12,2,75,57.0,626.178
1567.242984,1,1,15,3,107,53.0,519.477
1567.245349,5,3,4,0,8,55.0,122.283
1567.245544,1,12,4,1,62,51.0,120.372
1567.2455475,6,2,9,1,62,54.0,319.934
1567.2455825,3,1,2,0,9,46.0,18.708
1567.2463335,6,1,3,0,19,49.0,43.716
1567.2474315,6,2,2,0,16,54.0,65.463
1567.247986,1,1,1,0,4,49.0,13.037
1567.250411,1,12,17,4,141,62.0,1550.0
1567.2504115,6,31,12,4,145,62.0,1290.0
1567.2504235,3,2,6,1,100,53.0,233.066
1567.250428,5,11,11,1,61,54.0,270.649
1567.250436,2,2,4,0,29,56.0,176.073
1567.251092,5,3,5,0,9,50.0,55.609
1567.253244,1,4,37,23,235,76.0,34195.0
1567.2532545,6,2,33,15,399,64.0,5889.0
1567.253257,2,88,22,10,151,61.0,4141.0
1567.253259,5,59,33,11,374,61.0,3143.0
1567.2532615,3,6,22,8,170,60.0,2528.0
1567.253263,4,1,3,0,1,50.0,0.0
1567.256618,1,1,2,0,4,51.0,20.683
1567.2568545,6,2,4,0,34,55.0,186.253
1567.257187,5,2,2,0,13,52.0,106.006
1567.257424,1,9,22,5,145,63.0,1710.0
1567.2574355,6,14,17,4,117,60.0,969.438
1567.2574415,3,1,9,1,85,52.0,222.51
1567.257443,2,2,9,3,94,56.0,674.13
1567.258085,1,1,1,0,1,47.0,0.0
1567.259334,5,1,2,0,1,50.0,0.0
1567.262336,1,4,2,0,5,56.0,95.432
1567.262984,1,1,1,0,1,45.0,0.0
1567.2630155,6,1,1,0,1,45.0,0.0
1567.2658545,6,1,1,0,1,45.0,0.0
1567.2699435,3,1,1,0,1,45.0,0.0
1567.270934,1,1,1,0,1,45.0,0.0
1567.272379,1,2,3,0,33,50.0,67.344
1567.2724065,6,1,2,0,4,48.0,12.1
1567.2726165,3,3,20,6,190,64.0,2626.0
1567.272617,2,70,21,8,158,61.0,3006.0
1567.272623,5,23,14,3,93,57.0,762.839
1567.274563,1,1,3,0,1,50.0,0.0
1567.2745735,6,1,6,0,42,51.0,113.608
1567.274585,5,1,2,0,1,48.0,0.0
1567.2755405,6,1,1,0,4,49.0,18.851
1567.276432,1,196,38,15,436,64.0,6351.0
1567.2764495,6,165,33,16,431,64.0,6582.0
1567.276593,2,11,28,24,227,75.0,29742.0
1567.2765935,3,9,28,13,312,66.0,5577.0
1567.276602,5,12,32,10,213,67.0,5250.0
1567.276606,4,2,5,0,42,51.0,59.005
1567.2784895,6,122,34,12,339,63.0,4127.0
1567.278586,4,3,8,1,44,53.0,250.484
1567.278588,2,1,30,20,230,69.0,13976.0
1567.2785905,3,30,29,12,314,64.0,4564.0
1567.278592,5,32,36,13,203,67.0,7009.0
1567.278596,1,38,40,17,244,67.0,9857.0
1567.280899,5,19,25,7,164,65.0,3206.0
1567.28091,2,5,13,4,66,62.0,1983.0
1567.280911,1,9,20,4,118,59.0,1058.0
1567.2809125,6,17,18,5,159,63.0,1555.0
1567.2809135,3,1,10,2,91,54.0,383.098
1567.284478,1,2,4,1,122,54.0,222.964
1567.288071,1,2,6,1,48,59.0,329.476
1567.2880835,6,1,4,1,74,50.0,113.859
1567.2880905,3,1,1,0,4,48.0,12.239
1567.288092,5,1,3,0,6,50.0,30.205
1567.288111,2,1,2,0,4,52.0,28.959
1567.2886105,3,1,2,0,1,47.0,0.0
1567.288627,5,3,10,1,41,57.0,440.141
1567.288628,1,4,5,1,64,52.0,158.452
1567.2886578,6,1,3,0,8,50.0,41.129
1567.289365,2,1,1,0,1,53.0,0.0
1567.290406,5,5,9,1,25,57.0,373.688
1567.2904405,6,1,5,0,47,50.0,90.401
1567.29063,1,1,1,0,1,45.0,0.0
1567.2930245,6,1,1,0,1,45.0,0.0
1567.2939915,6,1,2,0,1,46.0,0.0
1567.295153,5,1,5,0,1,52.0,0.0
1567.2963295,6,1,1,0,5,49.0,17.04
1567.2968525,6,2,9,2,64,62.0,1020.0
1567.297133,5,3,3,0,4,50.0,25.067
1567.298091,1,1,1,0,1,46.0,0.0
1567.2982925,6,2,6,1,177,55.0,178.159
1567.2984385,3,1,2,0,12,55.0,118.095
1567.299369,5,2,2,0,2,46.0,7.047
1567.2993735,6,1,2,0,1,48.0,0.0
1567.3042445,6,5,18,10,290,70.0,9803.0
1567.304269,1,16,9,1,47,56.0,269.943
1567.304336,5,2,3,0,3,51.0,15.767
1567.306035,1,1,1,0,1,47.0,0.0
1567.3067955,6,1,1,0,1,47.0,0.0
1567.308719,5,1,1,0,1,45.0,0.0
1567.3089035,3,1,1,0,1,45.0,0.0
1567.311801,1,2,4,1,67,54.0,173.861
1567.3118205,6,1,1,0,1,45.0,0.0
1567.3118255,3,2,3,0,6,56.0,98.527
1567.311853,2,1,2,0,1,51.0,0.0
1567.3124355,6,1,2,0,12,52.0,65.151
1567.312616,1,2,3,0,10,53.0,73.714
1567.3139675,6,4,10,2,83,62.0,887.857
1567.3139745,3,1,5,0,52,49.0,103.495
1567.313979,1,4,6,1,68,55.0,232.166
1567.313984,5,1,6,1,48,51.0,136.395
1567.3170015,3,7,5,2,56,59.0,597.759
1567.317004,5,1,9,1,72,56.0,271.39
1567.317011,1,7,11,2,120,53.0,320.634
1567.317015,2,1,5,0,17,56.0,288.905
1567.3170245,6,1,8,1,79,54.0,254.44
1567.3176825,6,1,3,0,13,51.0,45.049
1567.318366,1,1,7,1,81,54.0,291.544
1567.3183835,3,1,2,0,10,49.0,27.599
1567.318411,5,1,2,0,1,46.0,0.0
1567.3184865,6,1,1,0,1,45.0,0.0
1567.3196125,6,2,3,0,14,54.0,94.488
1567.3207205,6,1,5,0,21,55.0,150.876
1567.32138,1,1,5,0,1,51.0,0.0
1567.323207,1,7,26,7,146,63.0,3462.0
1567.323216,2,20,19,7,138,65.0,3201.0
1567.3232195,3,6,17,3,111,57.0,774.95
1567.3232295,6,3,21,6,205,61.0,1438.0
1567.323231,5,16,20,5,212,61.0,1345.0
1567.324074,5,2,10,2,77,57.0,651.342
1567.324105,1,1,5,0,21,52.0,82.751
1567.3241065,6,1,6,1,51,51.0,136.942
1567.324125,2,1,2,0,1,51.0,0.0
1567.32511,5,2,2,0,6,45.0,16.007
1567.3255975,6,1,2,0,5,48.0,13.598
1567.3275485,6,8,9,2,56,61.0,1006.0
1567.327574,1,1,7,0,44,51.0,97.194
1567.3275825,3,1,2,0,1,46.0,0.0
1567.32853,5,1,5,0,33,52.0,106.965
1567.3303775,6,2,1,0,3,48.0,16.499
1567.3324065,6,2,3,0,3,56.0,55.311
1567.3340585,6,1,1,0,5,52.0,31.578
1567.334564,5,2,1,0,8,50.0,45.812
1567.334914,1,6,7,2,46,59.0,730.934
1567.33493,2,1,1,0,1,51.0,0.0
1567.3349345,6,1,7,1,152,54.0,222.26
1567.3393735,6,1,2,0,1,45.0,0.0
1567.3398975,3,2,1,0,2,49.0,3.352
1567.3419655,6,1,1,0,1,45.0,0.0
1567.3433845,6,2,2,0,12,48.0,25.571
1567.3445895,6,1,1,0,1,45.0,0.0
1567.346801,1,5,17,4,131,66.0,1709.0
1567.346817,2,33,8,2,71,58.0,659.249
1567.3468185,3,2,6,1,119,54.0,214.032
1567.3468325,6,5,7,0,21,52.0,115.744
1567.346894,5,1,2,0,15,47.0,23.23
1567.3477465,6,1,4,0,17,59.0,234.307
1567.349693,5,2,8,1,49,60.0,528.038
1567.350486,1,12,14,2,59,55.0,406.357
1567.3504865,3,8,8,1,102,53.0,279.413
1567.350496,5,2,8,2,135,55.0,453.439
1567.3505025,6,1,17,4,235,56.0,673.626
1567.350507,2,1,5,1,43,54.0,253.658
1567.3524505,6,1,1,0,1,45.0,0.0
1567.352986,1,1,1,0,1,45.0,0.0
1567.3541235,6,1,1,0,1,45.0,0.0
1567.355376,1,2,2,0,8,54.0,89.233
1567.3553985,6,1,4,0,9,48.0,24.617
1567.356782,1,1,1,0,1,49.0,0.0
1567.3605985,6,1,4,0,86,51.0,99.361
1567.36061,1,1,7,1,121,50.0,155.363
1567.3659595,6,2,1,0,3,45.0,8.051
1567.368659,1,9,32,12,402,63.0,4461.0
1567.3686625,3,10,23,8,421,62.0,2189.0
1567.368663,2,1,23,11,393,59.0,2708.0
1567.3686735,6,48,29,10,393,61.0,2880.0
1567.368687,5,5,11,2,67,55.0,453.124
1567.3740285,6,2,3,0,12,60.0,174.131
1567.374216,5,1,5,0,27,50.0,83.138
1567.3755075,6,1,1,0,5,48.0,15.808
1567.375809,1,1,3,0,1,49.0,0.0
1567.3778385,3,2,2,0,2,47.0,4.66
1567.377862,5,1,3,0,13,50.0,41.153
1567.377879,1,2,4,0,37,49.0,78.38
1567.383184,1,1,2,0,1,47.0,0.0
1567.3832085,6,86,5,1,96,55.0,225.21
1567.384693,5,1,4,0,43,50.0,115.784
1567.386579,1,2,3,0,6,53.0,40.117
1567.3865975,6,1,2,0,19,48.0,25.515
1567.3874905,3,1,1,0,1,45.0,0.0
1567.387494,2,1,1,0,1,52.0,0.0
1567.388322,1,2,2,0,8,52.0,52.167
1567.3883355,6,1,2,0,8,51.0,43.852
1567.3895035,6,6,20,8,306,67.0,3248.0
1567.389506,1,4,16,3,102,59.0,726.709
1567.3895065,3,1,10,2,108,54.0,273.108
1567.389517,5,2,16,3,98,57.0,762.717
1567.389532,2,1,9,3,123,56.0,642.614
1567.3903675,6,2,2,0,20,53.0,102.067
1567.390972,5,2,1,0,3,47.0,9.587
1567.3927675,6,1,1,0,4,48.0,10.299
1567.395581,5,1,4,0,1,52.0,0.0
1567.395601,1,1,2,0,1,45.0,0.0
1567.3961845,6,3,1,0,12,49.0,44.189
1567.396541,1,1,1,0,1,45.0,0.0
1567.398476,1,1,3,0,6,47.0,13.885
1567.3984915,3,1,1,0,1,45.0,0.0
1567.3985105,6,1,2,0,1,45.0,0.0
1567.399172,5,1,1,0,5,46.0,9.706
1567.4013715,6,1,3,0,18,56.0,101.864
1567.4031825,6,2,2,0,3,49.0,19.905
1567.4046575,6,1,1,0,1,45.0,0.0
1567.406538,1,1,12,2,89,54.0,293.245
1567.4065385,6,7,14,5,171,63.0,1798.0
1567.4065405,3,1,9,3,209,53.0,355.307
1567.406548,5,4,12,2,105,53.0,324.431
1567.406598,2,1,3,0,1,54.0,0.0
1567.4073115,6,1,3,0,22,49.0,53.573
1567.409917,1,1,9,1,109,51.0,231.731
1567.4099275,3,2,6,1,88,51.0,157.967
1567.4099315,6,2,9,2,105,55.0,378.059
1567.409934,5,1,8,1,126,50.0,178.511
1567.409941,2,1,7,2,96,56.0,407.037
1567.4115035,6,1,3,0,4,53.0,34.298
1567.411704,1,2,3,0,7,57.0,97.635
1567.411918,5,1,2,0,1,50.0,0.0
1567.4121065,6,2,1,0,2,46.0,6.07
1567.412795,1,1,2,0,1,48.0,0.0
1567.4138085,6,6,16,4,151,64.0,1217.0
1567.413809,5,2,15,4,160,58.0,685.422
1567.413821,1,15,17,3,135,57.0,561.839
1567.4138255,3,31,13,4,146,57.0,1028.0
1567.413849,2,1,8,2,70,56.0,478.663
1567.4172735,6,5,13,3,159,58.0,743.703
1567.417295,1,2,9,2,68,56.0,442.062
1567.417296,5,1,7,1,74,54.0,253.441
1567.4173345,3,1,2,0,25,49.0,51.877
1567.419189,1,1,1,0,1,46.0,0.0
1567.4217065,6,2,1,0,3,51.0,19.251
1567.4249555,6,1,1,0,1,45.0,0.0
1567.4256835,6,1,2,0,5,53.0,32.897
1567.4271105,6,1,1,0,1,45.0,0.0
1567.427423,1,1,2,0,1,45.0,0.0
1567.4278035,6,6,7,2,102,56.0,314.721
1567.4278345,3,2,3,0,18,50.0,69.204
1567.427835,2,1,2,0,1,52.0,0.0
1567.428547,1,1,1,0,1,45.0,0.0
1567.429225,5,2,1,0,8,52.0,26.358
1567.4292305,3,1,1,0,1,46.0,0.0
1567.4292575,6,1,1,0,1,47.0,0.0
1567.4305185,3,1,5,0,45,56.0,171.438
1567.430529,1,22,12,1,69,54.0,350.293
1567.430542,5,8,9,0,17,54.0,167.671
1567.430545,2,2,6,1,40,54.0,248.908
1567.4305545,6,1,6,0,40,50.0,76.237
1567.431565,1,2,5,0,23,56.0,272.14
1567.432122,1,8,4,0,40,48.0,60.376
1567.4347195,3,2,1,0,2,45.0,3.435
1567.435017,1,8,27,13,172,70.0,10196.0
1567.435023,5,28,24,7,125,62.0,2546.0
1567.4350285,6,12,20,7,152,66.0,4118.0
1567.43504,2,12,17,6,118,60.0,2340.0
1567.438151,5,2,2,0,2,48.0,8.58
1567.4391455,6,5,5,1,29,60.0,515.215
1567.4418025,6,117,13,4,153,59.0,1083.0
1567.441808,1,1,5,0,4,53.0,34.302
1567.4429565,6,1,1,0,1,46.0,0.0
1567.449336,1,2,3,0,3,52.0,23.197
1567.4499375,6,2,2,0,10,51.0,67.017
1567.4504925,6,1,4,0,1,48.0,0.0
1567.45107,1,1,1,0,1,45.0,0.0
1567.4510815,6,1,6,2,112,56.0,329.814
1567.4521245,6,1,2,0,5,49.0,17.345
1567.454456,5,3,2,0,6,50.0,39.816
1567.4555805,3,3,8,3,115,62.0,1064.0
1567.455582,5,6,10,2,41,60.0,817.062
1567.455585,1,26,16,2,90,56.0,398.134
1567.4555935,6,39,8,2,74,55.0,368.233
1567.455597,2,1,7,2,76,58.0,596.448
1567.456779,1,1,9,1,70,53.0,195.094
1567.4567825,3,1,3,0,16,51.0,56.554
1567.4567895,6,1,5,1,61,53.0,158.135
1567.456808,5,2,2,0,12,47.0,24.806
1567.4579515,3,1,1,0,4,48.0,12.437
1567.460128,1,2,6,1,40,61.0,544.416
1567.4611665,6,2,4,0,9,49.0,43.723
1567.464397,1,15,31,12,204,64.0,6329.0
1567.4643975,3,13,20,7,196,64.0,2676.0
1567.464398,2,5,20,8,151,62.0,3022.0
1567.4644115,6,44,28,11,237,63.0,4265.0
1567.464425,5,2,12,3,87,57.0,716.03
1567.4680025,6,1,2,0,12,53.0,44.658
1567.4705095,6,1,2,0,1,51.0,0.0
1567.4713805,6,1,1,0,1,45.0,0.0
1567.471671,1,1,1,0,1,47.0,0.0
1567.4730475,6,1,2,0,8,50.0,36.685
1567.475048,1,1,12,0,24,55.0,188.207
1567.4750645,3,1,4,0,32,57.0,200.917
1567.4750645,6,17,7,1,39,55.0,215.626
1567.475065,5,6,13,3,266,53.0,461.927
1567.475097,2,1,2,0,1,55.0,0.0
1567.4765875,6,1,6,1,26,55.0,276.79
1567.47664,5,2,1,0,2,48.0,7.169
1567.4775145,6,1,1,0,1,46.0,0.0
1567.47826,5,17,9,1,46,51.0,179.658
1567.478289,1,1,2,0,1,50.0,0.0
1567.4783015,6,132,3,1,133,54.0,110.136
1567.48162,5,3,5,1,44,58.0,243.567
1567.4816325,6,1,4,0,27,50.0,88.863
1567.481678,1,2,2,0,3,47.0,10.321
1567.4821785,6,304,32,12,461,63.0,3564.0
1567.482352,2,97,31,15,278,65.0,6321.0
1567.482356,1,90,51,14,310,62.0,4658.0
1567.4823595,3,86,23,10,343,61.0,2719.0
1567.482369,5,82,41,12,264,64.0,4908.0
1567.48244,4,2,6,1,57,56.0,286.126
1567.483467,1,3,5,0,4,53.0,51.839
1567.4840325,6,5,17,6,138,65.0,2259.0
1567.484048,1,37,20,4,126,57.0,951.114
1567.48406,5,17,19,5,120,60.0,1467.0
1567.484075,2,46,8,2,49,55.0,568.74
1567.4841245,3,1,1,0,1,46.0,0.0
1567.4868735,6,1,5,0,18,55.0,175.782
1567.486886,1,1,1,0,1,45.0,0.0
1567.487945,1,38,27,6,198,60.0,1505.0
1567.4879515,6,41,22,6,174,62.0,1677.0
1567.487952,5,3,27,6,202,58.0,1770.0
1567.4879615,3,2,13,4,222,56.0,772.582
1567.487965,2,21,17,6,133,60.0,1807.0
1567.487993,4,1,1,0,1,45.0,0.0
1567.4896985,6,2,2,0,10,48.0,40.621
1567.491389,1,1,1,0,1,46.0,0.0
1567.491938,1,18,11,2,62,55.0,403.09
1567.4919415,6,2,8,2,99,58.0,408.954
1567.4919435,3,1,2,0,31,48.0,48.576
1567.491952,5,1,8,1,65,52.0,258.252
1567.4931945,6,1,1,0,1,46.0,0.0
1567.4955205,6,1,4,0,46,47.0,58.032
1567.4955275,3,1,1,0,1,45.0,0.0
1567.4969855,6,1,1,0,1,49.0,0.0
1567.4983925,6,1,1,0,1,45.0,0.0
1567.4989275,3,2,2,0,6,47.0,16.771
1567.498941,5,6,4,0,19,49.0,88.128
1567.4994335,6,2,2,0,9,53.0,45.143
1567.499619,1,1,3,0,1,47.0,0.0
1567.49979,5,2,6,0,18,53.0,118.849
1567.5006105,6,1,3,0,11,57.0,166.626
1567.5022105,6,2,1,0,8,53.0,52.882
1567.504083,5,2,8,3,233,56.0,427.247
1567.5041025,6,11,7,1,76,51.0,178.683
1567.504109,1,1,5,0,1,51.0,0.0
1567.5041125,3,1,2,0,71,45.0,70.131
1567.506603,5,11,29,11,170,68.0,6593.0
1567.5066055,3,1,21,5,182,57.0,1050.0
1567.506611,1,6,21,5,153,58.0,1445.0
1567.5066135,6,38,23,7,161,62.0,2768.0
1567.506614,2,65,21,6,111,61.0,2528.0
1567.5089655,6,1,1,0,1,45.0,0.0
1567.5093065,3,1,2,0,8,48.0,22.773
1567.509412,1,3,6,1,19,64.0,905.528
1567.510471,1,3,5,1,19,64.0,914.107
1567.510731,5,1,2,0,1,47.0,0.0
1567.511401,5,1,2,0,1,48.0,0.0
1567.5114125,6,2,2,0,3,51.0,31.431
1567.512315,1,1,4,0,1,50.0,0.0
1567.5127735,6,1,2,0,1,53.0,0.0
1567.513268,5,1,8,2,69,54.0,348.124
1567.5132765,6,1,6,1,54,57.0,310.758
1567.513286,1,1,6,0,33,50.0,53.856
1567.513341,2,1,1,0,1,50.0,0.0
1567.513975,1,2,8,1,39,57.0,784.278
1567.5146005,6,1,2,0,1,47.0,0.0
1567.516316,5,1,2,0,1,50.0,0.0
1567.5165395,3,1,1,0,1,45.0,0.0
1567.5176485,6,2,3,0,3,52.0,20.181
1567.517989,5,1,9,1,47,59.0,408.383
1567.517997,4,2,1,0,2,47.0,3.784
1567.5180115,3,1,5,0,41,49.0,78.233
1567.518026,2,1,4,0,22,56.0,192.506
1567.518032,1,2,8,0,47,51.0,123.546
1567.5199655,6,1,3,0,21,51.0,72.333
1567.5211045,6,1,6,2,32,67.0,1225.0
1567.5228135,6,1,9,3,131,58.0,663.914
1567.522864,1,1,1,0,1,49.0,0.0
1567.5236725,6,1,1,0,1,50.0,0.0
1567.5258715,6,1,8,1,87,57.0,331.718
1567.5258795,3,1,2,0,49,46.0,37.49
1567.525885,1,1,5,0,9,49.0,24.619
1567.525885,5,1,4,0,1,48.0,0.0
1567.5294485,6,1,3,0,21,52.0,121.884
1567.530911,1,1,2,0,9,50.0,26.936
1567.5309335,6,1,1,0,1,45.0,0.0
1567.533392,5,2,5,0,8,52.0,54.901
1567.5341375,6,10,3,0,11,54.0,70.343
1567.5350045,6,1,1,0,1,45.0,0.0
1567.535444,1,2,2,0,2,47.0,11.01
1567.5358905,6,3,3,0,9,56.0,100.475
1567.5365435,6,2,1,0,2,45.0,4.025
1567.5382095,6,2,2,0,2,47.0,5.628
1567.538565,5,2,6,0,12,55.0,193.583
1567.5397735,6,1,3,0,16,50.0,36.408
1567.5406565,6,1,1,0,1,45.0,0.0
1567.54367,5,4,4,0,22,55.0,194.185
1567.543673,1,1,2,0,48,48.0,62.328
1567.5436745,3,1,2,0,1,47.0,0.0
1567.5437045,6,1,2,0,20,48.0,25.612
1567.545902,1,2,1,0,2,46.0,8.402
1567.54598,5,2,3,0,2,49.0,17.41
1567.545985,2,1,1,0,1,50.0,0.0
1567.5479685,3,12,8,2,109,56.0,524.039
1567.547969,1,2,27,7,160,64.0,3221.0
1567.547994,2,1,15,4,97,57.0,941.424
1567.547994,5,47,12,2,76,56.0,574.005
1567.5479995,6,49,15,2,104,54.0,449.557
1567.548629,1,2,1,0,2,48.0,14.027
1567.548872,5,2,2,0,3,50.0,13.375
1567.5495465,6,1,1,0,4,49.0,12.366
1567.5501385,6,1,2,0,4,55.0,36.14
1567.550851,5,2,2,0,2,46.0,5.237
1567.5519625,6,2,2,0,4,51.0,54.114
1567.5549,5,1,14,2,93,58.0,598.185
1567.5549105,6,12,8,1,31,57.0,251.79
1567.5549285,3,1,2,0,22,48.0,39.761
1567.554952,1,1,5,0,20,52.0,104.043
1567.55498,2,1,1,0,1,50.0,0.0
1567.5558305,6,1,2,0,1,50.0,0.0
1567.556499,5,1,3,1,107,52.0,113.592
1567.556591,1,1,1,0,1,45.0,0.0
1567.5566,2,1,1,0,1,52.0,0.0
1567.5575555,6,1,1,0,1,45.0,0.0
1567.5588435,6,1,2,0,1,48.0,0.0
1567.5597655,6,1,2,0,4,50.0,10.46
1567.560169,1,9,27,9,198,63.0,4037.0
1567.5601695,3,7,15,4,144,62.0,1663.0
1567.56017,2,1,16,6,152,60.0,2002.0
1567.560197,5,1,10,2,65,56.0,443.13
1567.5602705,6,1,14,3,148,55.0,750.85
1567.5611085,6,1,2,0,1,47.0,0.0
1567.561238,5,1,1,0,1,46.0,0.0
1567.5619245,6,1,3,0,19,51.0,80.04
1567.5625175,6,1,2,0,1,47.0,0.0
1567.5630935,6,1,1,0,8,50.0,25.511
1567.563402,5,2,5,0,19,56.0,213.729
1567.5638965,6,1,2,0,1,49.0,0.0
1567.563897,1,1,2,0,1,47.0,0.0
1567.565511,5,2,9,2,137,54.0,286.249
1567.5655865,6,2,2,0,3,48.0,11.07
1567.5659295,3,1,6,1,57,52.0,148.242
1567.565939,1,1,15,3,118,56.0,753.729
1567.565942,2,6,8,1,16,60.0,788.468
1567.5660975,6,1,1,0,1,45.0,0.0
1567.566432,5,4,7,0,22,58.0,325.759
1567.5678555,6,2,2,0,3,47.0,10.391
1567.571574,1,2,7,1,51,56.0,288.998
1567.5720775,6,2,7,2,170,55.0,219.614
1567.572178,5,14,3,1,50,52.0,167.319
1567.572209,1,1,2,0,35,49.0,62.339
1567.5722105,3,1,1,0,1,45.0,0.0
1567.5731385,6,1,3,0,1,50.0,0.0
1567.57346,5,1,4,0,1,48.0,0.0
1567.573779,1,3,7,1,48,57.0,567.393
1567.5754065,6,1,18,6,326,63.0,1340.0
1567.5754735,3,1,2,0,157,45.0,43.793
1567.575625,5,1,6,0,61,51.0,100.429
1567.575636,2,1,2,0,1,52.0,0.0
1567.575646,1,2,5,0,9,49.0,36.85
1567.579209,1,1,3,0,1,47.0,0.0
1567.579231,2,1,2,0,1,51.0,0.0
1567.5794525,3,1,1,0,1,47.0,0.0
1567.5794595,6,1,2,0,1,45.0,0.0
1567.5800045,6,1,4,1,59,59.0,270.119
1567.582834,5,7,11,2,73,55.0,361.771
1567.5828555,6,1,5,0,15,50.0,54.834
1567.582872,2,1,2,0,1,51.0,0.0
1567.582888,1,2,5,0,2,50.0,8.052
1567.5838855,6,1,1,0,1,45.0,0.0
1567.584317,1,5,7,1,63,47.0,106.168
1567.5843175,3,1,2,0,17,47.0,36.542
1567.584345,5,1,4,0,36,48.0,46.72
1567.5849015,6,1,1,0,1,45.0,0.0
1567.5860565,6,1,1,0,1,46.0,0.0
1567.587304,5,13,5,0,33,53.0,166.382
1567.5873045,6,1,1,0,1,50.0,0.0
1567.587314,1,1,3,0,17,49.0,37.571
1567.5882835,6,3,5,0,15,58.0,309.671
1567.5891165,6,21,7,1,53,55.0,267.345
1567.589186,1,1,1,0,1,45.0,0.0
1567.590143,5,1,13,2,128,55.0,415.996
1567.590146,4,1,1,0,1,46.0,0.0
1567.590159,2,1,6,3,115,58.0,743.048
1567.5901605,6,1,7,1,48,57.0,351.163
1567.590163,1,21,16,3,88,57.0,673.339
1567.5902085,3,1,2,0,4,50.0,19.122
1567.59175,2,2,2,0,5,58.0,145.158
1567.5919365,6,1,1,0,4,46.0,9.454
1567.5932775,6,2,3,0,30,49.0,103.321
1567.5940055,6,2,4,0,24,53.0,118.035
1567.595948,1,1,2,0,1,47.0,0.0
1567.5959495,6,1,2,0,5,50.0,20.777
1567.5966195,6,1,1,0,1,49.0,0.0
1567.59937,5,1,1,0,1,54.0,0.0
1567.6012275,6,1,2,0,1,47.0,0.0
1567.602516,1,1,3,0,1,48.0,0.0
1567.6030155,6,2,2,0,6,58.0,98.968
1567.6049345,6,2,2,0,2,51.0,13.857
1567.6063935,6,1,7,1,207,50.0,104.223
1567.606578,5,2,2,0,5,50.0,32.11
1567.608314,5,1,1,0,1,45.0,0.0
1567.609308,2,1,1,0,1,51.0,0.0
1567.609603,1,2,1,0,2,45.0,3.324
1567.610692,1,1,2,0,1,49.0,0.0
1567.6111975,6,1,1,0,1,45.0,0.0
1567.6147805,6,1,3,0,20,50.0,55.312
1567.615519,5,2,4,0,18,54.0,129.478
1567.6155245,3,1,2,0,18,49.0,55.741
1567.6160515,6,1,1,0,1,46.0,0.0
1567.618376,5,1,1,0,1,45.0,0.0
1567.619092,5,1,9,1,53,55.0,231.475
1567.6191465,6,41,7,1,64,61.0,625.254
1567.619197,1,2,6,0,22,54.0,114.538
1567.6192195,3,1,1,0,1,45.0,0.0
1567.6213225,6,1,4,1,151,51.0,115.426
1567.62244,5,5,4,0,15,51.0,106.52
1567.622897,1,2,1,0,3,50.0,19.463
1567.6231965,6,1,1,0,1,45.0,0.0
1567.6294465,6,1,5,1,56,53.0,163.026
1567.6307725,6,1,2,0,1,48.0,0.0
1567.631917,1,6,13,4,72,68.0,2823.0
1567.6324195,6,11,3,0,15,53.0,96.415
1567.6324455,3,1,2,0,1,47.0,0.0
1567.6330195,6,1,2,0,4,50.0,20.691
1567.634265,1,1,1,0,1,45.0,0.0
1567.6348575,6,112,35,14,510,66.0,5902.0
1567.634866,5,112,25,10,248,64.0,4077.0
1567.634952,1,23,32,9,233,65.0,3529.0
1567.6349545,3,20,13,3,125,58.0,787.631
1567.634972,2,21,13,4,88,58.0,1131.0
1567.634991,4,13,5,1,78,50.0,134.511
1567.6389655,6,2,9,1,52,53.0,199.218
1567.6389845,3,1,2,0,5,50.0,16.94
1567.638985,2,2,4,0,6,57.0,117.745
1567.638988,1,2,7,1,21,56.0,326.841
1567.639027,5,1,3,0,23,47.0,28.298
1567.6428225,6,3,5,0,23,57.0,183.441
1567.6446975,6,2,1,0,3,49.0,13.328
1567.6454485,3,1,1,0,1,45.0,0.0
1567.6456975,6,1,1,0,1,45.0,0.0
1567.6468685,6,1,13,2,213,53.0,386.074
1567.646984,2,2,5,1,31,57.0,450.833
1567.646985,1,7,14,3,101,60.0,777.974
1567.6469995,3,2,4,1,81,53.0,137.675
1567.647012,5,2,6,1,101,54.0,176.018
1567.6477725,6,1,9,2,97,60.0,581.536
1567.647777,1,1,16,1,72,57.0,385.479
1567.647786,5,1,7,1,57,51.0,174.436
1567.6478015,3,1,2,0,1,46.0,0.0
1567.647816,2,1,4,0,22,53.0,161.687
1567.6492945,6,1,3,0,4,52.0,29.644
1567.6524575,6,3,9,1,50,62.0,686.14
1567.652471,1,1,6,1,83,49.0,123.729
1567.652476,5,1,4,0,1,50.0,0.0
1567.6525715,3,1,1,0,10,46.0,15.478
1567.6531425,6,1,2,0,1,51.0,0.0
1567.654143,5,1,3,0,1,52.0,0.0
1567.6541565,6,1,4,0,27,49.0,69.933
1567.6549715,6,2,7,1,38,67.0,1382.0
1567.654999,1,1,5,0,26,49.0,63.658
1567.655888,1,119,34,13,354,65.0,6397.0
1567.6559985,3,10,21,7,244,64.0,2693.0
1567.655999,2,9,20,8,158,61.0,2895.0
1567.656005,5,23,15,3,85,57.0,692.495
1567.6560095,6,48,36,13,279,63.0,4776.0
1567.6570085,6,1,1,0,1,46.0,0.0
1567.657526,1,1,4,1,47,55.0,226.854
1567.6578265,6,1,5,0,28,49.0,81.531
1567.657843,5,2,1,0,2,49.0,11.835
1567.6587515,6,1,3,0,6,51.0,14.984
1567.6598395,6,1,3,0,1,50.0,0.0
1567.6603855,6,1,2,0,1,51.0,0.0
1567.661952,1,1,3,0,10,53.0,46.651
1567.6621975,6,1,8,1,102,50.0,179.678
1567.665688,5,12,27,8,167,61.0,3033.0
1567.6656965,3,1,11,2,133,52.0,329.179
1567.665698,1,28,22,4,132,60.0,923.434
1567.6657005,6,28,24,6,276,58.0,1295.0
1567.665716,2,2,12,5,138,61.0,1547.0
1567.667191,5,46,20,5,142,58.0,1275.0
1567.6671985,3,27,16,3,159,60.0,720.692
1567.667206,1,27,17,3,137,57.0,610.012
1567.6672155,6,7,14,3,147,56.0,645.874
1567.667221,2,20,11,4,72,61.0,1319.0
1567.6680115,6,1,3,0,12,49.0,39.073
1567.668825,5,2,1,0,4,47.0,15.594
1567.671695,1,1,2,0,1,47.0,0.0
1567.6717015,6,1,5,1,102,52.0,123.232
1567.67554,1,3,14,3,90,60.0,1132.0
1567.675553,2,9,6,2,65,62.0,895.684
1567.6755715,6,1,6,0,45,53.0,134.714
1567.675584,5,1,3,0,30,49.0,80.97
1567.676073,4,1,1,0,1,49.0,0.0
1567.6761185,6,1,2,0,1,45.0,0.0
1567.676134,5,1,1,0,1,46.0,0.0
1567.67768,1,1,20,8,222,71.0,5397.0
1567.6783435,6,1,3,0,5,49.0,17.527
1567.6783655,3,1,1,0,1,46.0,0.0
1567.678485,5,1,1,0,1,46.0,0.0
1567.680918,1,2,6,2,87,66.0,883.5
1567.6810755,6,1,1,0,1,45.0,0.0
1567.681774,5,21,17,4,119,59.0,1147.0
1567.6817855,6,6,21,6,228,62.0,1986.0
1567.6818025,3,1,2,0,4,46.0,7.63
1567.681808,4,2,3,0,3,47.0,9.014
1567.681824,1,1,6,1,73,52.0,224.819
1567.681842,2,1,2,0,52,53.0,137.769
1567.6838515,6,1,6,2,242,55.0,315.43
1567.687183,2,1,1,0,1,51.0,0.0
1567.687183,1,1,4,0,4,53.0,32.157
1567.6871895,3,1,1,0,1,45.0,0.0
1567.6875085,6,10,4,0,18,55.0,155.507
1567.688072,1,2,4,1,48,55.0,167.178
1567.6881195,6,1,1,0,1,46.0,0.0
1567.689088,5,2,7,1,37,60.0,751.394
1567.692603,1,1,1,0,1,45.0,0.0
1567.6930365,6,1,14,4,309,54.0,621.31
1567.6931045,3,1,5,0,17,54.0,79.513
1567.693105,1,15,19,5,236,61.0,1077.0
1567.693107,2,2,4,0,12,55.0,184.699
1567.693119,5,65,11,2,66,53.0,340.431
1567.6940995,6,1,1,0,1,45.0,0.0
1567.695098,5,23,14,2,79,57.0,460.228
1567.695099,1,65,21,4,151,58.0,792.139
1567.695099,2,1,15,2,60,58.0,800.721
1567.6951005,3,2,10,1,72,51.0,211.3
1567.6951015,6,14,18,5,178,62.0,1618.0
1567.697182,1,1,1,0,1,45.0,0.0
1567.6977165,6,1,1,0,1,45.0,0.0
1567.698315,5,4,4,0,20,54.0,234.117
1567.6988325,3,20,16,5,175,59.0,1074.0
1567.698833,4,1,2,0,32,49.0,47.137
1567.698835,2,11,22,8,149,63.0,3367.0
1567.698839,1,314,41,12,430,62.0,3426.0
1567.698841,5,14,28,6,125,62.0,2438.0
1567.6988535,6,2,26,8,385,60.0,1797.0
1567.7044065,6,1,1,0,1,45.0,0.0
1567.707441,5,1,16,3,92,63.0,1153.0
1567.7074495,3,1,3,0,8,49.0,16.798
1567.707454,2,1,8,1,38,57.0,421.204
1567.70747,1,1,11,2,86,54.0,364.583
1567.7074725,6,12,9,1,104,52.0,240.548
1567.7086135,6,2,4,0,25,56.0,191.82
1567.7092795,6,1,3,0,11,52.0,59.743
1567.712718,5,2,4,0,35,54.0,109.291
1567.7127505,3,1,1,0,1,46.0,0.0
1567.7137475,6,3,8,2,48,64.0,1309.0
1567.7176695,6,1,5,0,26,51.0,110.377
1567.718014,1,4,15,2,99,58.0,522.908
1567.718022,5,1,14,2,91,52.0,299.47
1567.71803,2,1,6,2,111,55.0,412.625
1567.7180385,3,1,4,0,47,49.0,66.962
1567.718979,1,1,3,0,15,50.0,26.317
1567.7189995,6,1,1,0,1,46.0,0.0
1567.719557,1,1,1,0,1,45.0,0.0
1567.7197615,6,1,2,0,1,48.0,0.0
1567.72059,1,2,1,0,2,46.0,23.537
1567.722456,5,3,3,0,5,49.0,15.673
1567.723126,5,1,10,1,69,52.0,284.572
1567.7231285,6,3,11,3,71,62.0,1030.0
1567.7231355,3,1,3,0,51,49.0,92.413
1567.723147,2,32,3,0,33,54.0,135.425
1567.723156,1,1,8,0,43,52.0,132.964
1567.7240945,6,2,5,1,222,54.0,199.373
1567.726069,1,1,7,1,44,53.0,153.446
1567.7260905,6,1,3,0,1,46.0,0.0
1567.727532,5,1,1,0,1,53.0,0.0
1567.7279805,6,1,2,0,4,51.0,21.438
1567.7297315,6,3,10,2,106,57.0,572.68
1567.7297555,3,1,3,1,73,48.0,104.049
1567.729756,1,1,6,1,120,50.0,133.962
1567.729761,5,45,12,1,71,51.0,190.318
1567.730391,1,1,1,0,4,52.0,25.635
1567.7306845,6,1,4,0,25,51.0,106.393
1567.7316595,3,3,12,3,165,59.0,633.068
1567.73166,5,5,21,5,134,64.0,1796.0
1567.731661,1,31,18,3,121,57.0,789.824
1567.731672,2,1,12,3,85,60.0,1133.0
1567.7316745,6,7,17,4,149,58.0,1102.0
1567.7328225,6,1,1,0,1,45.0,0.0
1567.7337225,6,1,3,0,4,53.0,42.526
1567.734172,1,4,3,0,5,52.0,58.322
1567.7354485,6,2,2,0,7,48.0,26.574
1567.7362695,3,1,1,0,1,45.0,0.0
1567.7380865,6,1,3,0,20,58.0,165.587
1567.7390785,3,1,1,0,27,50.0,34.626
1567.739317,5,1,1,0,1,48.0,0.0
1567.7393985,6,1,1,0,1,47.0,0.0
1567.7415625,6,7,6,2,30,63.0,1282.0
1567.74229,5,1,2,0,1,49.0,0.0
1567.7427035,6,2,8,2,124,62.0,727.235
1567.742786,1,1,4,0,4,51.0,14.105
1567.7428,5,2,1,0,3,50.0,17.978
1567.7428315,3,1,1,0,1,45.0,0.0
1567.743418,1,2,1,0,3,45.0,7.825
1567.7439075,3,2,1,0,5,51.0,25.98
1567.7450205,6,6,10,4,202,61.0,1290.0
1567.745053,5,1,2,0,1,48.0,0.0
1567.745068,1,1,2,0,1,48.0,0.0
1567.7450815,3,2,1,0,2,45.0,3.665
1567.7470715,6,6,6,0,23,56.0,169.928
1567.7503595,6,1,1,0,1,46.0,0.0
1567.751013,1,1,2,1,182,47.0,55.487
1567.7511515,6,2,3,0,3,50.0,27.725
1567.751987,1,1,1,0,1,45.0,0.0
1567.75422,5,3,4,0,21,50.0,94.44
1567.754235,1,1,1,0,1,48.0,0.0
1567.7542555,6,1,2,0,4,47.0,9.36
1567.7560385,6,2,5,1,33,56.0,225.38
1567.756538,5,6,6,1,32,60.0,385.352
1567.757123,1,2,2,0,16,46.0,42.455
1567.7580665,6,1,1,0,1,51.0,0.0
1567.759152,1,1,1,0,1,45.0,0.0
1567.7619385,6,1,2,0,4,50.0,16.889
1567.7626405,6,1,1,0,4,50.0,16.295
1567.7638115,3,1,2,0,1,50.0,0.0
1567.763823,1,8,3,0,33,53.0,147.583
1567.763847,2,1,1,0,1,50.0,0.0
1567.7638985,6,1,1,0,1,45.0,0.0
1567.7653275,6,1,1,0,1,45.0,0.0
1567.7659705,6,1,12,2,84,61.0,791.013
1567.765985,5,2,12,3,141,53.0,460.062
1567.7659865,3,1,5,0,42,49.0,93.583
1567.765997,1,1,12,1,64,52.0,274.173
1567.766005,2,1,3,0,18,54.0,80.388
1567.7666865,6,2,2,0,8,51.0,48.315
1567.7675115,6,1,2,0,1,48.0,0.0
1567.7682085,6,1,6,1,129,54.0,173.994
1567.7702995,6,2,2,0,9,47.0,18.507
1567.770562,5,2,3,0,3,51.0,18.148
1567.771032,1,2,5,0,9,55.0,55.538
1567.772726,1,1,6,0,39,51.0,72.382
1567.7727545,6,1,7,1,71,53.0,134.352
1567.7728275,3,1,1,0,1,45.0,0.0
1567.773705,1,1,3,0,6,52.0,38.115
1567.7739045,6,1,2,0,1,45.0,0.0
1567.777028,1,2,1,0,3,50.0,30.087
1567.7790685,6,10,23,6,136,64.0,1941.0
1567.779069,2,2,17,6,110,61.0,2380.0
1567.779071,1,53,18,5,158,61.0,1697.0
1567.7790915,3,1,9,2,129,52.0,269.042
1567.779093,5,2,16,3,103,57.0,611.505
1567.7821255,6,1,2,0,10,54.0,60.977
1567.782939,5,1,1,0,1,45.0,0.0
1567.78312,1,2,1,0,3,47.0,10.115
1567.783836,5,2,1,0,2,45.0,3.579
1567.7851715,6,9,17,7,117,70.0,5661.0
1567.785191,1,1,11,2,123,55.0,463.475
1567.7852075,3,1,7,1,50,53.0,203.954
1567.785208,5,1,5,0,1,48.0,0.0
1567.78524,2,1,2,0,1,52.0,0.0
1567.7858825,6,2,2,0,5,48.0,23.614
1567.786681,1,4,4,0,15,52.0,104.257
1567.7866995,6,1,2,0,6,47.0,10.769
1567.786724,5,1,5,0,1,50.0,0.0
1567.786998,2,31,22,11,184,64.0,4868.0
1567.7869995,3,34,20,7,219,61.0,1896.0
1567.787016,4,3,2,0,4,49.0,16.457
1567.7872085,6,1,3,0,1,47.0,0.0
1567.7882095,3,1,3,0,15,54.0,170.279
1567.78821,5,5,7,1,41,56.0,340.645
1567.788224,1,1,3,0,51,48.0,61.807
1567.788226,2,1,4,1,31,54.0,206.537
1567.7882495,6,1,2,0,1,45.0,0.0
1567.790638,5,1,2,0,1,50.0,0.0
1567.7906405,3,3,2,0,10,52.0,58.156
1567.7916475,6,1,6,0,27,51.0,112.851
1567.792247,1,1,1,0,1,45.0,0.0
1567.7934455,6,3,1,0,4,52.0,38.355
1567.794175,5,5,10,2,40,61.0,924.037
1567.7942025,6,1,6,1,53,54.0,163.71
1567.794208,2,1,1,0,1,50.0,0.0
1567.7942235,3,1,1,0,1,45.0,0.0
1567.795117,1,1,5,0,25,53.0,106.232
1567.796688,1,1,2,0,7,52.0,53.354
1567.7967165,6,1,3,0,1,46.0,0.0
1567.7972265,6,1,1,0,1,45.0,0.0
1567.7982635,6,46,28,11,238,64.0,4535.0
1567.798264,5,8,23,6,176,59.0,1770.0
1567.798265,1,13,32,8,233,62.0,2221.0
1567.7982705,3,13,18,5,198,57.0,1022.0
1567.798284,2,1,14,4,77,61.0,1301.0
1567.7990735,6,1,2,0,7,56.0,158.028
1567.79966,5,2,3,0,2,48.0,6.886
1567.7998375,6,1,3,0,8,52.0,31.148
1567.801181,5,2,3,0,8,48.0,38.745
1567.8016325,3,3,4,1,62,60.0,383.803
1567.80166,1,2,1,0,2,45.0,7.047
1567.802902,5,2,5,0,20,54.0,166.399
1567.8032895,6,1,2,0,24,50.0,35.215
1567.808008,5,8,16,3,110,55.0,526.98
1567.8080165,6,2,10,3,116,62.0,792.372
1567.808023,1,13,14,1,73,54.0,319.785
1567.808023,2,1,6,2,89,56.0,486.174
1567.8080375,3,1,3,0,67,48.0,86.353
1567.8090085,6,1,3,0,14,48.0,31.374
1567.8096725,6,1,4,0,7,53.0,57.94
1567.809705,1,1,4,0,1,49.0,0.0
1567.8097215,3,1,1,0,1,45.0,0.0
1567.81034,1,1,5,0,5,53.0,48.081
1567.810813,2,1,3,0,16,55.0,140.509
1567.8108565,6,1,2,0,1,51.0,0.0
1567.810858,5,1,3,0,1,49.0,0.0
1567.810882,1,2,1,0,2,45.0,7.047
1567.8113615,6,2,2,0,10,49.0,32.265
1567.811724,1,2,2,0,3,53.0,26.736
1567.812249,5,1,5,1,37,58.0,246.685
1567.8122825,6,1,2,0,1,50.0,0.0
1567.8126725,3,2,2,0,17,46.0,25.489
1567.812699,1,1,3,0,1,47.0,0.0
1567.812702,2,1,1,0,1,50.0,0.0
1567.814586,1,2,1,0,3,46.0,7.784
1567.816913,1,2,2,0,2,46.0,7.333
1567.8174845,6,2,4,1,25,66.0,867.018
1567.8183455,6,1,3,0,24,49.0,44.552
1567.8191645,6,11,6,1,45,59.0,499.548
1567.819657,5,2,3,0,13,55.0,128.174
1567.8196935,3,1,1,0,1,45.0,0.0
1567.821378,5,2,1,0,2,45.0,4.66
1567.823609,1,1,3,0,13,49.0,37.699
1567.8236145,6,1,1,0,1,48.0,0.0
1567.824233,1,2,1,0,3,48.0,13.69
1567.8253185,6,2,2,0,15,52.0,50.356
1567.82583,5,2,5,0,23,57.0,270.757
1567.8258675,6,2,5,0,29,51.0,79.103
1567.8266075,6,2,6,1,26,62.0,584.732
1567.826637,5,1,2,0,1,46.0,0.0
1567.8266485,3,1,1,0,1,45.0,0.0
1567.827164,5,19,7,1,44,54.0,175.089
1567.8271675,6,6,6,2,69,59.0,464.149
1567.827193,1,1,2,0,1,46.0,0.0
1567.829017,1,2,21,5,168,59.0,1027.0
1567.8290215,3,1,13,2,94,56.0,431.991
1567.8290225,6,4,19,6,180,67.0,2668.0
1567.829033,5,6,19,4,102,57.0,1054.0
1567.829041,2,2,11,3,110,56.0,803.032
1567.8344455,6,1,3,0,14,50.0,60.099
1567.8366715,6,1,6,2,259,50.0,205.367
1567.836874,2,1,3,0,1,54.0,0.0
1567.836883,1,8,4,0,23,50.0,81.669
1567.836933,5,1,1,0,1,45.0,0.0
1567.838492,1,1,1,0,1,45.0,0.0
1567.8403075,6,2,1,0,2,48.0,7.006
1567.8411715,6,1,1,0,9,51.0,29.925
1567.8423245,6,2,16,3,149,56.0,683.509
1567.842348,1,53,16,2,79,57.0,630.832
1567.842373,5,4,14,3,47,64.0,1588.0
1567.842374,2,1,14,4,103,55.0,861.935
1567.8424155,3,1,3,0,1,47.0,0.0
1567.843013,5,2,1,0,2,53.0,35.765
1567.8432255,6,1,2,0,19,47.0,37.789
1567.845504,1,2,1,0,6,53.0,54.439
1567.847371,1,1,2,0,1,45.0,0.0
1567.850757,1,1,4,0,58,51.0,94.284
1567.8507605,6,1,3,0,10,49.0,27.622
1567.850824,5,2,1,0,2,45.0,3.579
1567.852862,1,1,1,0,1,45.0,0.0
1567.8530705,3,1,1,0,1,46.0,0.0
1567.8538295,6,1,2,0,1,46.0,0.0
1567.8545335,6,1,2,0,1,48.0,0.0
1567.8561075,6,1,1,0,1,45.0,0.0
1567.8613625,3,1,2,0,5,52.0,32.901
1567.86138,5,1,4,0,1,47.0,0.0
1567.8613955,6,1,2,0,4,49.0,17.704
1567.862745,1,1,1,0,1,45.0,0.0
1567.8632335,6,1,2,0,1,46.0,0.0
1567.863864,1,1,4,0,1,47.0,0.0
1567.8646985,6,1,5,0,24,53.0,134.83
1567.865049,1,2,7,1,47,57.0,280.826
1567.86508,5,1,4,0,30,53.0,167.28
1567.865911,1,2,1,0,3,46.0,9.632
1567.8669135,6,1,1,0,4,48.0,10.023
1567.867347,5,3,8,1,72,56.0,367.178
1567.8673545,3,1,1,0,1,47.0,0.0
1567.867373,1,1,7,1,50,52.0,166.799
1567.867375,2,1,1,0,1,53.0,0.0
1567.8693225,6,1,4,0,36,56.0,156.237
1567.869473,1,72,7,1,80,52.0,228.925
1567.8717605,6,1,2,0,1,52.0,0.0
1567.872373,5,2,2,0,43,49.0,59.537
1567.872487,1,1,2,0,1,47.0,0.0
1567.873539,5,2,4,0,2,56.0,66.743
1567.8747675,6,2,4,0,23,51.0,96.378
1567.875255,1,5,7,1,43,55.0,176.096
1567.8760125,3,2,2,0,10,55.0,94.662
1567.8761725,6,3,6,1,47,58.0,435.168
1567.876189,5,1,2,0,1,48.0,0.0
1567.876913,5,1,2,0,4,48.0,11.947
1567.877688,5,2,3,0,3,48.0,9.323
1567.8781285,6,1,4,0,47,52.0,68.829
1567.8789655,6,1,1,0,1,50.0,0.0
1567.8797255,6,1,3,0,1,50.0,0.0
1567.8808355,6,1,1,0,1,45.0,0.0
1567.8822365,6,2,5,1,129,52.0,149.464
1567.88235,1,1,10,1,61,53.0,265.315
1567.882415,5,2,1,0,2,46.0,4.432
1567.885618,1,1,1,0,1,45.0,0.0
1567.8858745,6,1,1,0,1,45.0,0.0
1567.888122,5,2,14,2,59,57.0,843.877
1567.8881465,6,1,3,0,14,54.0,82.255
1567.8881885,3,1,1,0,1,45.0,0.0
1567.889456,1,1,1,0,1,49.0,0.0
1567.8901235,6,1,2,0,8,47.0,19.899
1567.8910305,6,1,6,0,32,55.0,184.247
1567.892385,1,1,3,0,11,50.0,40.777
1567.8923895,6,1,3,0,14,51.0,47.087
1567.8929425,6,1,1,0,1,45.0,0.0
1567.901205,1,2,1,0,3,47.0,8.796
1567.9012355,6,1,4,0,33,54.0,125.093
1567.9024165,6,16,17,9,84,70.0,9365.0
1567.902452,1,48,13,2,128,53.0,386.802
1567.9024575,3,1,8,1,65,52.0,221.201
1567.90249,5,1,6,0,31,50.0,85.07
1567.9059175,6,2,1,0,2,47.0,4.148
1567.9077885,3,1,1,0,1,45.0,0.0
1567.908018,1,1,4,0,36,56.0,154.893
1567.908595,5,1,8,1,79,54.0,244.519
1567.9086065,6,3,11,3,129,60.0,737.863
1567.908629,1,1,12,1,56,53.0,231.373
1567.90865,2,1,2,0,24,51.0,45.081
1567.9086755,3,1,1,0,1,45.0,0.0
1567.9102235,6,9,5,0,23,55.0,219.43
1567.910571,1,1,1,0,1,45.0,0.0
1567.912026,5,1,1,0,1,46.0,0.0
1567.9127715,6,1,5,1,28,58.0,269.77
1567.913685,5,2,1,0,5,45.0,21.735
1567.915402,1,1,2,0,74,46.0,43.741
1567.9154735,6,86,7,1,99,57.0,293.529
1567.917753,5,1,6,0,20,50.0,79.577
1567.917766,2,1,1,0,1,55.0,0.0
1567.9177745,6,1,5,0,29,47.0,52.788
1567.917791,1,2,4,0,25,49.0,65.439
1567.922151,1,2,10,3,221,56.0,411.995
1567.9223145,6,2,6,0,19,57.0,254.103
1567.9243955,6,1,2,0,167,46.0,42.714
1567.9248455,3,1,1,0,4,48.0,10.734
1567.924848,5,2,3,0,2,56.0,29.83
1567.9250805,6,4,11,3,62,65.0,2118.0
1567.925118,1,1,6,0,1,55.0,0.0
1567.926463,1,2,1,0,2,48.0,3.241
1567.927592,1,1,1,0,1,49.0,0.0
1567.9307945,6,1,2,0,1,47.0,0.0
1567.9307965,3,2,1,0,6,50.0,21.292
1567.93112,5,2,6,0,62,52.0,112.961
1567.931127,1,2,5,0,57,48.0,81.278
1567.932243,5,2,2,0,2,49.0,4.66
1567.9322565,6,1,4,0,112,49.0,48.524
1567.932388,1,1,1,0,1,45.0,0.0
1567.934182,1,2,1,0,3,47.0,9.439
1567.9354375,6,4,2,0,8,55.0,100.249
1567.9365715,3,1,2,0,17,50.0,43.98
1567.936573,2,2,2,0,3,57.0,87.618
1567.936587,5,1,2,0,1,49.0,0.0
1567.9365905,6,1,2,0,4,48.0,12.122
1567.936602,1,1,1,0,1,45.0,0.0
1567.9374085,6,1,3,0,8,49.0,20.064
1567.9393,5,2,1,0,2,45.0,3.579
1567.9394495,6,1,1,0,1,45.0,0.0
1567.9402405,3,3,4,0,45,52.0,96.158
1567.940245,5,2,12,1,50,53.0,361.642
1567.940253,1,2,6,1,88,52.0,198.543
1567.940256,2,1,4,1,30,55.0,279.805
1567.9402825,6,11,4,0,17,53.0,97.827
1567.941094,5,2,4,1,28,54.0,283.997
1567.9411385,6,1,1,0,1,46.0,0.0
1567.9417555,6,1,4,1,184,52.0,107.706
1567.941837,5,1,2,0,1,48.0,0.0
1567.9439865,6,2,4,0,22,57.0,132.263
1567.945852,1,2,18,8,118,75.0,10009.0
1567.9462855,6,1,2,0,4,49.0,14.072
1567.946761,1,1,1,0,1,45.0,0.0
1567.9471455,6,3,5,1,33,61.0,453.479
1567.9471765,3,1,1,0,1,47.0,0.0
1567.948459,1,2,11,1,42,58.0,456.411
1567.949928,5,1,6,1,59,54.0,217.899
1567.949934,1,11,12,1,31,55.0,402.257
1567.9499355,6,1,10,1,56,55.0,256.423
1567.949958,2,2,4,1,36,55.0,213.889
1567.9505865,6,1,1,0,1,47.0,0.0
1567.9515535,6,1,5,0,26,56.0,202.731
1567.9535425,6,2,6,1,22,61.0,494.916
1567.95356,1,1,3,0,1,49.0,0.0
1567.953582,5,1,1,0,1,45.0,0.0
1567.954092,1,1,6,0,6,55.0,81.397
1567.954141,5,4,11,1,22,62.0,509.916
1567.9541885,6,1,1,0,1,45.0,0.0
1567.954849,5,4,7,1,22,60.0,495.127
1567.954927,1,1,1,0,1,45.0,0.0
1567.955432,1,4,14,4,69,67.0,2806.0
1567.956148,1,10,6,1,44,55.0,196.894
1567.956163,5,1,3,0,19,52.0,62.761
1567.9561835,6,1,7,2,208,54.0,226.678
1567.957155,1,2,10,2,64,63.0,1078.0
1567.95778,1,2,6,0,32,57.0,245.266
1567.9578075,6,1,6,1,77,48.0,92.312
1567.958252,5,1,5,0,32,53.0,116.073
1567.9582775,3,2,2,0,5,49.0,27.331
1567.958292,2,1,1,0,1,52.0,0.0
1567.958337,1,1,5,0,40,50.0,118.578
1567.959166,5,2,1,0,2,51.0,10.659
1567.961099,5,9,2,0,10,51.0,48.699
1567.9613185,6,2,4,1,27,59.0,421.039
1567.961666,5,1,3,0,1,48.0,0.0
1567.9631565,6,1,1,0,1,45.0,0.0
1567.9639315,6,1,3,0,4,51.0,26.602
1567.964847,1,2,4,0,18,57.0,229.575
1567.965543,1,1,7,1,42,56.0,249.558
1567.9655485,3,1,2,0,8,51.0,46.969
1567.965561,5,2,2,0,2,47.0,9.639
1567.9655885,6,23,7,2,68,60.0,821.16
1567.9672095,6,3,16,4,238,64.0,1354.0
1567.967243,1,1,7,0,39,48.0,53.154
1567.967257,5,2,1,0,2,45.0,5.342
1567.9683625,6,1,2,0,22,48.0,35.996
1567.968411,1,1,1,0,1,45.0,0.0
1567.9689235,6,105,13,4,198,57.0,744.517
1567.969017,1,2,11,2,58,58.0,562.533
1567.969018,5,2,8,1,63,52.0,302.771
1567.9690325,3,3,7,1,95,55.0,229.564
1567.969035,2,6,6,1,40,53.0,237.864
1567.9703705,6,2,2,0,3,48.0,11.204
1567.9706585,3,1,1,0,1,45.0,0.0
1567.970866,1,1,2,0,1,47.0,0.0
1567.9711175,6,7,17,4,166,62.0,1124.0
1567.971126,5,2,10,2,98,56.0,326.14
1567.971141,2,1,8,2,62,58.0,559.944
1567.9711605,3,2,6,1,95,50.0,183.056
1567.9719135,6,4,14,5,138,67.0,2443.0
1567.971918,5,1,10,2,96,54.0,275.854
1567.9719345,3,1,5,1,87,54.0,148.516
1567.971941,2,1,5,0,31,52.0,182.573
1567.971942,1,35,5,0,36,50.0,71.062
1567.972516,1,1,2,0,1,52.0,0.0
1567.9725355,3,1,1,0,1,45.0,0.0
1567.973435,1,2,2,0,3,54.0,31.552
1567.9741155,3,1,2,0,1,48.0,0.0
1567.977871,2,1,1,0,1,51.0,0.0
1567.9783075,6,1,1,0,1,45.0,0.0
1567.978745,1,12,17,3,104,56.0,615.91
1567.978756,2,1,13,3,82,59.0,988.491
1567.9787625,3,1,11,3,131,57.0,522.921
1567.978768,5,19,13,2,97,57.0,551.647
1567.9788105,6,12,10,1,83,53.0,238.173
1567.9800225,6,2,4,1,26,62.0,427.753
1567.9800695,3,1,1,0,1,45.0,0.0
1567.980464,1,1,1,0,1,46.0,0.0
1567.9810845,6,1,2,0,5,46.0,9.722
1567.981559,1,1,2,0,1,49.0,0.0
1567.9847825,6,1,1,0,1,49.0,0.0
1567.986048,2,1,1,0,1,50.0,0.0
1567.9864115,3,10,17,5,183,59.0,1083.0
1567.986418,5,23,15,4,102,62.0,1512.0
1567.9864285,6,44,20,3,103,56.0,766.346
1567.986434,1,23,21,4,144,55.0,807.585
1567.986549,2,1,3,0,1,51.0,0.0
1567.987774,1,1,1,0,1,45.0,0.0
1567.9879635,6,1,1,0,4,50.0,19.455
1567.9886815,6,2,3,0,23,59.0,285.891
1567.989171,5,2,1,0,5,49.0,27.549
1567.9901065,6,2,1,0,2,45.0,5.52
1567.991187,1,1,1,0,1,45.0,0.0
1567.9931735,6,1,1,0,1,45.0,0.0
1567.9956905,6,1,2,0,1,47.0,0.0
1567.9963665,6,1,1,0,1,45.0,0.0
1567.9985305,6,3,9,3,72,63.0,1639.0
1567.998573,5,1,2,0,1,48.0,0.0
1567.998609,1,1,2,0,1,48.0,0.0
1567.9995525,6,1,2,0,1,47.0,0.0
1568.0002255,6,1,1,0,1,45.0,0.0
1568.0014285,6,14,20,9,143,69.0,6872.0
1568.001437,5,42,20,5,151,58.0,1250.0
1568.001439,2,18,13,5,116,61.0,1748.0
1568.0014425,3,1,14,4,127,59.0,930.853
1568.001455,4,1,1,0,1,45.0,0.0
1568.001456,1,39,19,4,145,58.0,1116.0
1568.002104,1,1,9,1,51,54.0,210.095
1568.0021265,6,1,3,0,1,48.0,0.0
1568.0021285,3,1,1,0,1,46.0,0.0
1568.0029505,3,21,22,7,245,60.0,1781.0
1568.002952,4,1,3,0,30,52.0,73.806
1568.002954,2,2,25,10,151,65.0,5421.0
1568.00296,1,2,33,10,204,63.0,3979.0
1568.002962,5,11,29,9,215,64.0,3766.0
1568.0029695,6,7,23,7,184,62.0,2051.0
1568.0048415,6,1,2,0,4,48.0,13.989
1568.0062605,6,1,1,0,4,48.0,10.814
1568.006725,1,4,5,0,35,57.0,234.077
1568.0086625,6,1,2,0,8,55.0,106.442
1568.0096825,3,1,4,0,7,55.0,66.49
1568.00969,5,3,6,0,42,50.0,138.688
1568.00969,1,2,4,0,8,52.0,59.096
1568.0097155,6,2,3,0,37,49.0,59.434
1568.0115235,3,1,1,0,4,47.0,11.413
1568.014405,5,1,2,0,1,45.0,0.0
1568.0152535,6,1,1,0,1,45.0,0.0
1568.015782,1,1,1,0,1,48.0,0.0
1568.0158525,6,1,3,0,14,47.0,22.291
1568.0166545,6,1,1,0,1,45.0,0.0
1568.018881,1,1,1,0,1,48.0,0.0
1568.0190295,6,1,3,0,19,52.0,66.056
1568.0196665,6,1,12,3,82,65.0,1381.0
1568.01967,1,11,13,2,72,58.0,599.518
1568.0196755,3,1,3,0,18,49.0,24.082
1568.019685,5,16,6,1,69,51.0,237.737
1568.0208825,6,4,9,3,119,60.0,818.375
1568.020921,1,1,5,0,52,49.0,97.405
1568.0209425,3,2,2,0,8,47.0,13.74
1568.024418,5,1,3,0,7,50.0,26.171
1568.0253375,6,2,3,0,9,49.0,32.368
1568.0275365,6,2,4,1,56,52.0,218.066
1568.027545,1,2,9,1,70,53.0,271.643
1568.0275645,3,1,1,0,1,46.0,0.0
1568.0288775,6,1,4,0,1,52.0,0.0
1568.029374,5,2,4,0,12,57.0,238.644
1568.0294075,6,1,5,1,108,53.0,144.514
1568.030593,5,1,2,0,1,49.0,0.0
1568.0306095,6,1,2,0,10,48.0,23.542
1568.0313615,6,1,7,1,34,57.0,332.187
1568.03227,5,5,7,0,25,54.0,258.666
1568.0329425,3,1,20,6,198,59.0,1448.0
1568.032943,1,34,29,8,189,62.0,2942.0
1568.032955,2,78,20,7,138,60.0,2820.0
1568.032957,5,16,24,5,152,61.0,1529.0
1568.032959,4,1,3,0,1,49.0,0.0
1568.0329635,6,2,21,6,194,59.0,1501.0
1568.034287,5,2,7,1,37,56.0,449.945
1568.035099,1,1,2,0,6,48.0,17.209
1568.0351175,6,1,9,2,55,65.0,1223.0
1568.0359195,6,21,10,1,56,57.0,424.828
1568.035933,1,1,8,1,51,52.0,121.188
1568.0359335,3,1,4,0,44,47.0,68.765
1568.035936,5,1,8,0,31,50.0,70.433
1568.0366295,6,1,3,0,107,51.0,80.338
1568.036691,1,10,4,1,52,55.0,208.92
1568.037629,1,2,4,0,33,48.0,61.034
1568.038498,1,7,7,1,44,58.0,473.759
1568.039682,5,2,1,0,2,45.0,3.464
1568.040427,5,2,2,0,9,46.0,22.745
1568.041807,1,2,4,0,10,50.0,38.862
1568.045208,1,1,1,0,1,47.0,0.0
1568.0466785,6,1,5,1,25,63.0,529.39
1568.0474385,6,1,2,0,4,51.0,14.063
1568.049239,5,1,7,1,38,54.0,217.445
1568.05036,5,9,18,5,142,65.0,1547.0
1568.0503605,3,5,13,4,144,58.0,1058.0
1568.0503755,6,75,16,3,104,57.0,634.317
1568.050379,2,2,11,4,112,59.0,1050.0
1568.050382,1,2,16,3,124,55.0,568.818
1568.051496,2,1,2,0,5,58.0,119.582
1568.0515035,3,1,3,0,20,53.0,78.898
1568.051523,5,1,3,0,13,52.0,52.982
1568.051546,1,1,2,0,1,51.0,0.0
1568.0515485,6,1,3,0,9,50.0,35.224
1568.0531745,6,1,1,0,1,45.0,0.0
1568.0534895,3,1,8,1,79,53.0,259.408
1568.05349,2,1,8,3,105,57.0,789.274
1568.053493,5,1,7,1,62,52.0,161.421
1568.053494,1,2,11,2,78,54.0,321.644
1568.0542275,6,1,2,0,1,45.0,0.0
1568.0567545,6,6,8,1,26,62.0,523.19
1568.056795,5,1,3,0,1,48.0,0.0
1568.0571745,3,1,1,0,1,47.0,0.0
1568.0587205,6,3,3,0,12,56.0,126.614
1568.059213,1,3,6,0,38,60.0,337.095
1568.0595805,6,1,7,1,40,56.0,256.169
1568.0602145,6,2,1,0,2,47.0,5.628
1568.0602435,3,1,2,0,5,49.0,17.632
1568.0636975,6,1,2,0,1,49.0,0.0
1568.0648205,6,1,4,0,17,55.0,138.949
1568.066905,1,1,1,0,1,45.0,0.0
1568.0675745,6,1,4,0,6,56.0,101.715
1568.0690705,6,2,5,0,16,61.0,264.838
1568.069105,5,2,3,0,2,48.0,5.377
1568.0697175,6,1,2,0,4,53.0,26.758
1568.0703935,6,1,1,0,1,45.0,0.0
1568.071424,1,34,13,2,50,58.0,766.642
1568.071431,2,13,6,1,49,53.0,256.99
1568.0714325,6,1,10,2,81,53.0,307.756
1568.0714435,3,1,4,0,17,47.0,33.965
1568.07145,5,2,5,0,20,54.0,186.612
1568.0733005,6,9,28,18,234,76.0,22440.0
1568.0733105,3,49,21,9,210,65.0,3675.0
1568.073311,5,39,37,10,184,63.0,3748.0
1568.073313,2,48,23,10,152,64.0,4845.0
1568.073315,1,29,28,9,197,62.0,3409.0
1568.073322,4,1,4,0,41,49.0,77.92
1568.0743465,6,1,1,0,1,47.0,0.0
1568.0750645,6,1,2,0,1,47.0,0.0
1568.075478,5,2,5,0,27,54.0,202.953
1568.0754815,3,1,2,0,1,45.0,0.0
1568.07551,1,3,4,0,23,52.0,84.24
1568.0758685,6,2,3,0,18,51.0,89.42
1568.076789,1,14,31,10,177,64.0,4092.0
1568.0767915,3,6,18,5,134,59.0,1553.0
1568.0767965,6,42,24,7,204,61.0,2036.0
1568.076806,2,35,19,8,161,63.0,3093.0
1568.076807,5,34,30,8,161,62.0,2728.0
1568.078724,1,2,8,2,211,57.0,303.462
1568.0787435,6,1,1,0,1,45.0,0.0
1568.079206,5,1,4,0,17,55.0,150.356
1568.0804425,6,1,4,0,8,54.0,77.496
1568.080446,1,1,1,0,1,45.0,0.0
1568.0843855,6,3,5,0,23,56.0,146.933
1568.084743,5,11,4,0,12,53.0,119.195
1568.0847495,3,1,2,0,5,50.0,27.148
1568.0851215,6,1,1,0,1,45.0,0.0
1568.085786,1,1,1,0,1,45.0,0.0
1568.0873485,6,1,1,0,1,45.0,0.0
1568.089452,1,1,1,0,1,45.0,0.0
1568.093587,5,2,5,0,25,53.0,176.814
1568.0944745,6,1,1,0,1,51.0,0.0
1568.0952645,6,1,1,0,1,46.0,0.0
1568.095926,5,2,2,0,3,49.0,10.357
1568.0959375,3,1,1,0,1,45.0,0.0
1568.0967815,6,1,1,0,1,45.0,0.0
1568.1001255,6,1,4,0,14,55.0,115.436
1568.102711,1,2,4,0,7,54.0,36.996
1568.1046785,6,1,1,0,1,45.0,0.0
1568.1060625,6,9,4,0,13,53.0,134.518
1568.106437,1,2,2,0,3,52.0,22.391
1568.1065965,6,1,2,0,4,48.0,9.33
1568.1076545,3,1,1,0,1,45.0,0.0
1568.1081615,6,1,1,0,4,45.0,7.057
1568.110067,5,2,8,0,10,58.0,143.544
1568.1100985,3,1,2,0,1,45.0,0.0
1568.1100995,6,1,4,0,4,50.0,18.758
1568.1134665,6,1,1,0,1,45.0,0.0
1568.1143245,3,2,5,1,15,62.0,625.059
1568.114342,1,9,5,1,36,55.0,270.224
1568.114358,2,1,1,0,1,51.0,0.0
1568.11439,5,2,2,0,2,45.0,3.933
1568.1148345,6,1,1,0,4,46.0,7.44
1568.115978,1,2,6,1,43,64.0,588.679
1568.1167685,6,1,1,0,4,45.0,6.761
1568.1179885,6,5,12,3,106,60.0,994.324
1568.117999,5,1,15,2,94,53.0,432.207
1568.118003,1,1,9,2,130,55.0,340.956
1568.1180125,3,1,4,0,45,50.0,74.292
1568.1196735,3,1,2,0,5,49.0,20.333
1568.119714,1,1,1,0,1,45.0,0.0
1568.1215555,6,2,2,0,2,49.0,15.194
1568.121961,5,2,3,0,53,46.0,57.111
1568.123259,1,1,5,0,21,54.0,154.547
1568.1241715,3,1,4,1,81,48.0,97.134
1568.12418,2,1,6,1,40,55.0,270.806
1568.124187,1,1,8,1,86,52.0,220.712
1568.1242065,6,1,4,0,19,51.0,65.42
1568.124232,5,2,5,0,16,50.0,75.242
1568.12612,1,4,7,1,35,58.0,367.699
1568.1281885,6,2,2,0,5,53.0,80.701
1568.1301035,6,1,4,1,29,56.0,234.789
1568.130136,5,1,2,0,12,47.0,18.626
1568.130735,1,1,1,0,1,47.0,0.0
1568.1324545,6,1,1,0,1,48.0,0.0
1568.13319,5,2,9,1,62,58.0,413.927
1568.133222,2,2,3,0,2,52.0,11.678
1568.133225,1,20,8,0,30,52.0,141.335
1568.1332315,6,1,5,0,27,55.0,203.746
1568.1337895,3,1,1,0,4,48.0,11.119
1568.1359745,6,1,3,0,7,49.0,12.723
1568.137357,1,2,3,0,10,51.0,89.128
1568.1375175,3,1,2,0,7,53.0,59.899
1568.137524,5,2,2,0,5,49.0,21.619
1568.1377035,6,161,29,9,328,66.0,3302.0
1568.137858,2,2,18,7,176,62.0,2383.0
1568.1378668,1,2,24,6,202,56.0,1209.0
1568.138042,5,1,1,0,1,45.0,0.0
1568.1380485,3,1,1,0,1,45.0,0.0
1568.139312,1,6,8,1,42,59.0,398.261
1568.1401265,6,1,1,0,1,48.0,0.0
1568.140627,5,13,8,0,14,51.0,77.543
1568.1406325,3,1,1,0,1,45.0,0.0
1568.1406745,6,1,3,0,1,48.0,0.0
1568.140677,1,1,3,0,6,50.0,23.749
1568.1414345,3,2,17,6,227,58.0,1355.0
1568.141435,2,2,18,8,127,69.0,5044.0
1568.141438,5,36,28,9,170,62.0,3475.0
1568.14144,1,31,33,9,269,63.0,2495.0
1568.1414505,6,18,25,6,191,61.0,1816.0
1568.14363,1,2,2,0,2,47.0,6.375
1568.1439405,6,2,5,0,18,51.0,92.084
1568.1448595,6,2,4,0,14,55.0,86.143
1568.1460095,6,2,4,0,24,53.0,102.702
1568.146062,5,1,1,0,1,45.0,0.0
1568.1475235,6,1,2,0,14,49.0,25.411
1568.1480385,6,1,1,0,4,46.0,8.349
1568.148533,1,1,1,0,1,45.0,0.0
1568.1485445,6,1,3,0,1,48.0,0.0
1568.148943,5,2,9,0,12,56.0,136.982
1568.1489675,3,1,3,0,37,49.0,94.479
1568.1518895,6,1,1,0,1,46.0,0.0
1568.154005,1,1,1,0,1,45.0,0.0
1568.154856,5,2,3,1,29,61.0,466.608
1568.1548885,6,1,2,0,8,50.0,29.18
1568.155127,1,2,3,0,2,48.0,9.078
1568.1564765,3,1,5,1,57,49.0,103.218
1568.156482,2,1,2,0,1,52.0,0.0
1568.156496,5,2,6,0,15,54.0,155.646
1568.1564965,6,1,4,0,63,48.0,76.649
1568.156502,1,1,7,1,61,50.0,105.903
1568.1575805,6,1,13,2,77,54.0,465.092
1568.1576095,3,1,1,0,1,46.0,0.0
1568.157617,1,1,2,0,1,47.0,0.0
1568.15765,2,1,1,0,1,50.0,0.0
1568.1589385,6,1,2,0,7,53.0,47.535
1568.159157,5,2,1,0,2,47.0,8.052
1568.15985,1,2,2,0,7,54.0,96.74
1568.1605485,6,1,1,0,98,49.0,31.948
1568.162721,5,2,5,1,29,56.0,386.75
1568.1627815,6,1,1,0,1,48.0,0.0
1568.1636355,6,1,3,0,110,49.0,66.198
1568.165217,1,197,24,7,302,66.0,2124.0
1568.1652525,6,207,12,3,262,56.0,599.353
1568.1654245,3,1,6,1,89,50.0,148.572
1568.165435,2,4,15,4,82,63.0,1695.0
1568.165454,5,2,5,1,47,53.0,182.03
1568.1664885,6,2,3,0,12,55.0,130.514
1568.1679135,6,24,4,1,39,55.0,206.621
1568.168264,5,18,12,2,40,58.0,844.572
1568.1686325,6,1,2,0,12,56.0,148.72
1568.1699725,6,1,1,0,4,46.0,7.972
1568.170629,1,2,1,0,2,45.0,4.562
1568.1707085,6,1,1,0,1,45.0,0.0
1568.170936,5,2,1,0,3,46.0,7.268
1568.171352,1,2,4,0,45,51.0,104.296
1568.1713585,3,1,1,0,1,45.0,0.0
1568.1719175,3,1,1,0,1,45.0,0.0
1568.175446,5,1,2,0,1,47.0,0.0
1568.1762355,6,2,6,0,34,55.0,224.023
1568.176237,1,1,3,0,4,49.0,14.786
1568.1762775,3,1,1,0,1,45.0,0.0
1568.177443,1,1,2,0,4,52.0,20.073
1568.1787665,6,3,14,5,194,67.0,2038.0
1568.1788005,3,1,2,0,15,50.0,26.939
1568.178804,1,1,2,0,1,47.0,0.0
1568.178812,5,1,1,0,1,47.0,0.0
1568.180138,1,2,5,0,20,52.0,80.207
1568.1801795,6,1,1,0,1,45.0,0.0
1568.1811915,6,3,6,1,35,56.0,362.244
1568.181225,1,1,1,0,1,47.0,0.0
1568.1817535,6,3,5,0,38,52.0,178.7
1568.1835865,6,1,3,0,5,49.0,16.723
1568.1853025,6,1,4,1,172,54.0,151.323
1568.1860265,6,2,16,4,171,61.0,1074.0
1568.186039,5,1,10,1,42,54.0,261.759
1568.186041,1,2,19,3,97,57.0,716.076
1568.1860835,3,1,6,0,33,50.0,111.56
1568.1880765,6,11,8,0,25,55.0,212.088
1568.188154,5,2,4,0,2,50.0,10.461
1568.1888035,6,5,2,0,6,48.0,17.17
1568.188925,1,2,2,0,5,58.0,97.538
1568.189787,5,7,18,3,106,62.0,1062.0
1568.1898095,3,34,7,1,60,51.0,183.438
1568.1898145,6,13,13,2,98,58.0,643.149
1568.189867,2,39,4,1,40,53.0,182.229
1568.189867,1,1,4,0,54,48.0,76.596
1568.1912535,6,1,1,0,1,47.0,0.0
1568.191337,5,1,1,0,34,47.0,43.818
1568.192615,1,2,1,0,2,46.0,8.402
1568.1926895,6,1,2,0,1,49.0,0.0
1568.1945695,6,2,4,1,20,59.0,413.383
1568.19516,5,1,5,0,23,50.0,83.876
1568.1951835,6,1,2,0,1,49.0,0.0
1568.1968715,6,1,7,1,32,55.0,237.436
1568.196949,1,1,2,0,1,49.0,0.0
1568.1988885,6,7,3,0,29,52.0,114.96
1568.19932,1,3,2,0,6,51.0,92.192
1568.1998275,6,6,6,0,23,57.0,210.817
1568.199856,1,2,3,0,3,50.0,8.932
1568.1998615,3,2,1,0,2,45.0,3.132
1568.200647,1,2,1,0,2,46.0,3.579
1568.2006565,6,2,3,0,16,53.0,90.111
1568.201195,1,7,5,0,11,49.0,41.436
1568.2012,5,2,1,0,3,46.0,8.638
1568.201203,2,2,2,0,13,55.0,82.253
1568.2012325,6,1,2,0,1,47.0,0.0
1568.203496,1,1,1,0,1,45.0,0.0
1568.203579,5,1,1,0,1,45.0,0.0
1568.2043045,6,2,6,2,224,50.0,212.652
1568.204338,5,2,1,0,5,47.0,19.381
1568.2052715,6,364,42,25,642,71.0,16655.0
1568.2053165,3,1,2,0,1,46.0,0.0
1568.205322,5,3,5,1,61,53.0,173.003
1568.205345,1,1,4,0,1,48.0,0.0
1568.205617,2,26,33,17,178,68.0,12603.0
1568.205629,4,2,5,1,43,52.0,154.642
1568.2058215,3,2,5,1,94,49.0,130.4
1568.205869,1,1,2,0,1,47.0,0.0
1568.205883,5,2,6,1,72,49.0,147.659
1568.208062,5,1,8,1,55,60.0,296.072
1568.2080945,6,1,2,0,15,48.0,30.97
1568.2080965,3,1,1,0,1,45.0,0.0
1568.208628,1,1,2,0,4,54.0,49.348
1568.2086425,3,1,2,0,4,50.0,21.19
1568.2086685,6,1,1,0,1,46.0,0.0
1568.2096525,6,2,11,1,43,60.0,504.696
1568.209673,1,2,13,2,79,54.0,336.649
1568.209681,2,1,4,0,31,54.0,116.05
1568.2096825,3,1,4,0,19,48.0,27.605
1568.209684,5,51,13,1,57,52.0,274.085
1568.210302,5,3,21,6,357,56.0,1021.0
1568.2103295,6,1,13,4,345,51.0,410.753
1568.210423,1,1,5,0,22,55.0,127.426
1568.211339,1,3,27,25,275,83.0,71317.0
1568.2113945,6,1,1,0,1,45.0,0.0
1568.212885,5,1,3,0,1,48.0,0.0
1568.2139425,3,1,1,0,1,48.0,0.0
1568.2144345,6,2,1,0,2,45.0,8.008
1568.215877,5,4,6,1,19,63.0,1198.0
1568.216826,5,3,9,1,49,54.0,266.011
1568.2168455,6,1,6,1,41,53.0,152.67
1568.2175505,6,2,1,0,3,47.0,9.632
1568.218276,1,1,1,0,1,45.0,0.0
1568.218729,4,1,1,0,7,51.0,36.122
1568.218739,2,30,7,2,46,57.0,647.591
1568.2187395,6,15,13,2,141,56.0,396.783
1568.218741,5,2,13,3,159,55.0,499.739
1568.218784,1,3,13,1,73,55.0,275.428
1568.2187885,3,1,2,0,1,47.0,0.0
1568.2218385,6,1,7,0,16,54.0,101.184
1568.221841,1,9,3,0,10,49.0,27.276
1568.221851,5,1,1,0,1,45.0,0.0
1568.2218585,3,2,2,0,5,49.0,21.026
1568.223546,5,1,1,0,1,46.0,0.0
1568.2241675,6,1,2,0,4,50.0,15.711
1568.224226,1,1,1,0,1,45.0,0.0
1568.225357,5,3,2,0,4,46.0,13.544
1568.227055,5,2,2,0,2,48.0,7.541
1568.2270865,6,2,2,0,18,47.0,35.897
1568.2274285,3,2,10,2,119,56.0,355.462
1568.227429,1,9,15,3,140,56.0,597.534
1568.22745,2,8,8,2,84,56.0,532.094
1568.2305195,6,1,1,0,1,46.0,0.0
1568.230747,5,2,2,0,2,47.0,3.903
1568.2311915,6,1,1,0,1,45.0,0.0
1568.2317215,6,1,2,0,1,47.0,0.0
1568.2324555,6,2,2,0,142,46.0,33.269
1568.2338805,6,2,3,0,23,57.0,189.606
1568.2354095,6,1,1,0,1,45.0,0.0
1568.2372795,6,2,3,0,3,53.0,27.828
1568.2379195,6,14,10,2,121,58.0,566.887
1568.2379275,3,1,5,0,42,54.0,136.068
1568.237933,1,1,12,1,57,57.0,300.077
1568.237943,2,1,4,0,4,54.0,25.776
1568.238001,5,1,4,0,1,52.0,0.0
1568.2394965,6,1,4,0,16,54.0,73.63
1568.2403,5,1,3,0,15,55.0,94.704
1568.2413075,6,5,17,5,97,66.0,2819.0
1568.241334,5,1,4,0,8,50.0,15.171
1568.241344,1,1,4,0,39,50.0,83.877
1568.2413545,3,1,3,0,18,47.0,33.363
1568.2422755,6,1,2,0,4,48.0,14.182
1568.2425815,3,7,14,4,117,64.0,1512.0
1568.242598,5,2,13,3,130,59.0,771.432
1568.242599,2,1,11,5,123,64.0,2297.0
1568.242602,1,74,19,5,286,56.0,983.073
1568.2428215,6,1,1,0,1,47.0,0.0
1568.243427,1,1,3,0,1,47.0,0.0
1568.2435115,6,3,10,2,108,62.0,762.701
1568.2446275,6,1,4,1,196,50.0,107.054
1568.2451975,3,1,2,0,1,46.0,0.0
1568.245201,1,1,4,0,7,48.0,14.541
1568.245267,5,2,6,2,43,61.0,1007.0
1568.2458275,6,29,34,13,352,66.0,6032.0
1568.245873,5,30,14,2,81,55.0,459.504
1568.245886,1,1,18,4,291,54.0,580.828
1568.2458925,3,1,7,0,34,50.0,142.526
1568.245917,2,2,5,1,53,54.0,245.498
1568.2467445,6,1,3,0,123,50.0,71.299
1568.2479465,6,1,1,0,1,46.0,0.0
1568.248732,1,1,3,0,6,52.0,35.639
1568.249068,5,9,13,2,49,60.0,804.84
1568.2491135,6,73,7,1,88,57.0,247.855
1568.249864,1,1,3,0,1,52.0,0.0
1568.250791,5,3,9,2,76,61.0,769.889
1568.2508295,6,1,2,0,1,45.0,0.0
1568.250858,1,1,2,0,6,54.0,47.798
1568.251537,1,2,2,0,2,47.0,4.693
1568.251961,2,1,1,0,1,52.0,0.0
1568.251968,5,1,4,0,1,50.0,0.0
1568.254922,1,4,12,2,85,56.0,554.302
1568.2549315,6,8,11,2,125,55.0,516.759
1568.254944,5,22,11,2,98,52.0,304.2
1568.254982,2,1,4,0,1,58.0,0.0
1568.257088,5,3,6,1,54,51.0,187.057
1568.257778,1,2,4,0,35,57.0,229.538
1568.258781,1,1,2,0,1,45.0,0.0
1568.2591225,6,1,1,0,1,46.0,0.0
1568.2612895,6,7,11,2,91,63.0,1074.0
1568.261303,1,1,1,0,1,45.0,0.0
1568.261865,1,1,3,0,1,52.0,0.0
1568.2621785,6,4,6,1,48,55.0,354.809
1568.2622235,3,1,1,0,1,45.0,0.0
1568.2642745,6,4,23,7,219,63.0,2489.0
1568.2642885,3,1,7,1,85,51.0,200.046
1568.264289,1,8,20,3,111,58.0,805.662
1568.264299,5,2,18,3,96,56.0,692.405
1568.264317,2,1,12,3,67,56.0,759.363
1568.2677665,6,2,2,0,3,55.0,42.243
1568.2713835,6,2,4,0,24,49.0,57.513
1568.271638,5,2,9,1,44,55.0,372.346
1568.271644,1,1,2,0,1,46.0,0.0
1568.2716455,3,1,1,0,1,45.0,0.0
1568.271671,2,1,1,0,1,50.0,0.0
1568.2734175,6,1,1,0,1,45.0,0.0
1568.2740115,6,3,30,16,217,73.0,16946.0
1568.274026,2,77,18,6,135,58.0,1568.0
1568.274026,5,126,21,4,163,56.0,800.64
1568.2740335,3,1,17,5,210,60.0,1198.0
1568.274036,1,40,24,6,201,59.0,1460.0
1568.27673,5,10,8,1,51,57.0,416.94
1568.2768535,6,1,1,0,1,45.0,0.0
1568.2781815,6,1,4,0,48,50.0,88.952
1568.278218,5,2,1,0,3,50.0,16.879
1568.2789645,6,6,9,2,63,63.0,948.779
1568.2800325,6,2,1,0,2,45.0,3.324
1568.2809815,6,1,1,0,1,49.0,0.0
1568.2831105,6,1,2,0,1,50.0,0.0
1568.2841765,6,11,10,3,64,64.0,1161.0
1568.284198,5,16,6,0,19,50.0,117.205
1568.284204,1,1,2,0,1,46.0,0.0
1568.2842085,3,2,2,0,2,46.0,3.903
1568.2848955,6,2,1,0,2,45.0,4.66
1568.285222,1,1,5,0,4,51.0,24.249
1568.2869745,3,1,3,0,18,49.0,61.844
1568.2869835,6,1,2,0,4,48.0,10.406
1568.286986,1,1,2,0,1,45.0,0.0
1568.2887615,6,1,2,0,4,49.0,17.191
1568.2894235,6,22,13,1,45,57.0,516.849
1568.289438,5,29,12,1,68,50.0,240.972
1568.2894515,3,1,3,0,48,52.0,101.487
1568.289473,1,1,3,0,31,47.0,39.742
1568.2919445,6,2,6,2,124,62.0,583.027
1568.29203,5,7,7,0,14,54.0,154.24
1568.292632,5,1,1,0,1,45.0,0.0
1568.2928655,6,1,4,0,25,56.0,186.469
1568.295725,1,2,2,0,80,50.0,74.901
1568.2957905,6,2,1,0,3,50.0,16.071
1568.2963255,6,1,1,0,1,48.0,0.0
1568.296369,1,1,2,0,12,47.0,18.671
1568.297226,1,2,1,0,3,45.0,7.873
1568.2984365,6,1,1,0,1,45.0,0.0
1568.3014215,6,1,1,0,1,45.0,0.0
1568.301914,1,142,5,1,173,55.0,237.124
1568.304754,1,2,13,3,199,58.0,576.894
1568.3049565,6,1,3,0,9,50.0,34.442
1568.3062385,6,1,2,0,4,46.0,8.068
1568.306824,5,2,3,0,15,51.0,69.019
1568.306846,1,1,3,0,6,50.0,24.174
1568.3073945,6,1,1,0,1,49.0,0.0
1568.309373,1,1,1,0,1,47.0,0.0
1568.3093895,6,1,2,0,4,47.0,13.001
1568.310175,5,2,15,3,89,60.0,890.049
1568.310179,1,47,14,2,96,55.0,467.283
1568.31018,2,2,9,4,140,57.0,857.326
1568.3101805,3,2,5,0,20,50.0,81.182
1568.3101925,6,7,11,2,70,59.0,623.748
1568.3107628,6,1,6,0,34,58.0,175.432
1568.310767,5,1,1,0,7,47.0,10.383
1568.311638,1,1,1,0,1,46.0,0.0
1568.3116415,6,2,5,0,35,50.0,79.38
1568.3122425,6,1,2,0,11,51.0,66.257
1568.313599,1,11,5,0,18,53.0,188.912
1568.3137425,6,1,3,0,4,50.0,22.528
1568.318601,5,2,1,0,5,48.0,28.617
1568.3196575,6,1,1,0,1,45.0,0.0
1568.319806,1,1,1,0,1,45.0,0.0
1568.3234845,6,2,7,1,27,60.0,406.445
1568.324016,1,2,6,0,18,49.0,62.403
1568.3250425,6,1,3,0,5,47.0,9.804
1568.3256275,3,4,3,0,12,52.0,74.854
1568.325629,5,3,4,0,4,48.0,12.409
1568.3256605,6,1,4,0,13,47.0,27.47
1568.3263225,6,1,1,0,1,46.0,0.0
1568.3285965,6,3,3,0,12,47.0,25.984
1568.329949,1,1,1,0,1,45.0,0.0
1568.3304405,3,1,3,0,18,52.0,57.478
1568.330458,1,2,9,0,40,50.0,118.275
1568.3304665,6,111,10,2,133,58.0,408.49
1568.33048,2,1,3,0,1,51.0,0.0
1568.332033,5,3,5,0,25,51.0,92.225
1568.332064,1,1,4,0,10,47.0,20.677
1568.333109,5,3,5,0,44,52.0,118.916
1568.3331175,6,1,3,0,27,49.0,42.734
1568.3331315,3,1,1,0,1,45.0,0.0
1568.3336465,6,1,1,0,1,47.0,0.0
1568.335585,1,1,2,0,4,49.0,16.778
1568.3357315,6,1,1,0,5,46.0,10.702
1568.3362505,6,2,2,0,3,52.0,27.261
1568.3367885,6,1,1,0,1,48.0,0.0
1568.337497,1,5,12,3,70,63.0,1355.0
1568.3379825,6,1,1,0,1,45.0,0.0
1568.338869,5,6,9,1,44,56.0,391.03
1568.338879,1,1,4,0,1,48.0,0.0
1568.3389075,6,1,3,0,1,49.0,0.0
1568.340634,1,1,2,0,4,48.0,13.028
1568.34172,5,2,3,0,11,51.0,65.466
1568.342129,1,2,4,0,39,51.0,98.336
1568.3443525,6,2,1,0,3,54.0,66.023
1568.344604,5,5,13,3,48,66.0,2174.0
1568.3446315,3,1,1,0,7,50.0,25.025
1568.344667,1,3,4,1,74,49.0,108.432
1568.3455815,6,1,2,0,1,48.0,0.0
1568.3469005,6,1,3,0,12,51.0,33.854
1568.347664,1,9,6,0,21,52.0,153.134
1568.3477285,6,1,3,0,5,49.0,15.818
1568.3507535,6,23,24,11,195,68.0,6953.0
1568.350764,5,29,29,7,121,61.0,2499.0
1568.3507685,3,1,15,4,158,60.0,1071.0
1568.350775,1,24,19,5,135,60.0,1537.0
1568.350778,4,17,2,0,20,48.0,48.814
1568.350781,2,1,18,7,159,63.0,2588.0
1568.351419,1,5,19,4,160,62.0,1240.0
1568.351431,5,2,16,3,152,53.0,568.675
1568.3514375,3,2,5,1,84,54.0,215.551
1568.3514495,6,14,13,2,78,53.0,385.32
1568.35146,2,2,4,0,15,57.0,126.411
1568.3540415,6,1,11,2,87,56.0,446.324
1568.354078,1,9,14,3,105,57.0,696.584
1568.354091,5,2,6,0,3,48.0,10.028
1568.354113,2,1,4,0,1,53.0,0.0
1568.3541215,3,1,3,0,1,47.0,0.0
1568.3582415,6,1,1,0,1,47.0,0.0
1568.3595885,3,1,1,0,1,49.0,0.0
1568.3599235,6,182,16,4,231,65.0,1693.0
1568.360098,5,1,8,1,95,54.0,262.181
1568.360107,1,12,15,2,144,54.0,404.104
1568.3601205,3,1,6,1,57,56.0,317.174
1568.360154,2,1,2,0,1,51.0,0.0
1568.361293,5,4,3,0,11,54.0,114.142
1568.361587,1,12,9,1,88,50.0,141.462
1568.3615895,6,4,4,0,25,49.0,90.837
1568.3618995,3,1,7,1,101,52.0,191.886
1568.361908,2,2,8,2,76,61.0,762.661
1568.361924,5,15,13,3,228,54.0,523.544
1568.362696,1,1,2,0,1,49.0,0.0
1568.362755,5,8,6,0,13,55.0,164.118
1568.3627995,6,1,4,0,25,52.0,88.291
1568.3641705,6,2,9,3,70,70.0,3181.0
1568.3649155,6,1,4,0,13,56.0,81.441
1568.3663865,6,1,1,0,1,45.0,0.0
1568.3670265,6,41,26,31,195,85.0,105152.0
1568.36707,5,67,16,3,148,55.0,670.669
1568.367072,1,31,15,3,166,54.0,557.311
1568.3670985,3,1,5,1,81,52.0,211.222
1568.367128,2,1,2,0,1,57.0,0.0
1568.3680295,6,4,2,0,8,55.0,61.176
1568.3681075,3,1,1,0,1,45.0,0.0
1568.368286,1,1,2,0,1,51.0,0.0
1568.368495,5,3,3,0,11,52.0,69.238
1568.370566,1,2,2,0,2,49.0,12.908
1568.3706155,6,1,8,2,229,51.0,164.716
1568.370772,5,3,15,3,67,57.0,1186.0
1568.371078,1,1,5,1,45,55.0,174.376
1568.372336,1,9,2,0,10,50.0,34.021
1568.373595,5,5,5,0,12,58.0,272.137
1568.374431,1,2,5,1,38,61.0,588.177
1568.3747015,6,7,4,0,10,51.0,50.888
1568.375047,1,2,3,0,3,50.0,18.472
1568.3769425,6,1,3,0,7,51.0,29.361
1568.3775095,6,1,1,0,1,46.0,0.0
1568.3783915,6,1,12,3,130,60.0,760.301
1568.37845,5,1,5,0,52,50.0,115.331
1568.3784755,3,2,3,0,21,50.0,48.761
1568.379347,1,1,1,0,1,48.0,0.0
1568.3799525,6,1,2,0,5,47.0,11.435
1568.380307,5,34,8,1,80,54.0,286.902
1568.380355,1,1,4,0,1,50.0,0.0
1568.381333,1,15,37,9,325,58.0,1954.0
1568.381454,2,1,11,4,152,55.0,945.432
1568.3814575,6,63,24,7,186,65.0,2551.0
1568.3814755,3,1,13,3,168,54.0,456.871
1568.38148,5,3,18,3,115,55.0,620.093
1568.3834025,6,1,1,0,1,45.0,0.0
1568.383683,1,1,5,0,57,48.0,73.992
1568.3836845,3,1,2,0,16,46.0,31.896
1568.3840075,6,1,3,0,1,49.0,0.0
1568.384103,5,1,1,0,1,45.0,0.0
1568.384982,1,1,2,0,1,49.0,0.0
1568.3849955,6,1,3,0,12,48.0,32.511
1568.3851845,3,1,1,0,1,45.0,0.0
1568.387644,5,1,4,0,8,50.0,30.74
1568.387756,1,1,2,0,1,48.0,0.0
1568.3894235,6,1,1,0,1,45.0,0.0
1568.3908715,6,6,2,0,7,50.0,36.264
1568.391745,1,1,2,0,1,50.0,0.0
1568.3929825,6,2,11,2,72,66.0,1080.0
1568.393058,5,1,1,0,1,48.0,0.0
1568.3930605,3,1,1,0,1,45.0,0.0
1568.393755,1,1,1,0,1,45.0,0.0
1568.3944295,3,2,3,0,13,55.0,147.041
1568.3944815,6,1,2,0,1,49.0,0.0
1568.395936,5,1,4,0,27,51.0,54.116
1568.3959475,6,1,4,0,17,54.0,93.28
1568.39803,1,2,7,1,41,63.0,1102.0
1568.3994395,6,1,1,0,1,45.0,0.0
1568.401702,5,2,7,1,75,53.0,198.371
1568.4017135,3,1,2,0,1,48.0,0.0
1568.4017395,6,1,2,0,1,48.0,0.0
1568.4023635,6,5,10,3,49,67.0,2507.0
1568.4032285,6,6,7,1,27,61.0,521.409
1568.403271,1,1,2,0,1,47.0,0.0
1568.403981,5,6,10,2,89,58.0,756.68
1568.4039835,3,2,2,0,30,48.0,43.27
1568.4039955,6,1,7,0,32,51.0,104.583
1568.404029,1,2,10,2,214,49.0,187.53
1568.404032,2,1,3,0,1,54.0,0.0
1568.4047185,3,1,2,0,4,46.0,6.996
1568.4050825,6,1,4,0,20,52.0,88.713
1568.405131,5,2,4,0,2,46.0,4.305
1568.407804,5,2,3,0,10,57.0,197.271
1568.4078245,6,1,5,0,26,51.0,70.478
1568.4078395,3,1,1,0,1,45.0,0.0
1568.408131,1,1,1,0,1,45.0,0.0
1568.4094975,6,1,1,0,1,45.0,0.0
1568.4103915,6,9,8,1,36,56.0,306.584
1568.410426,1,1,1,0,1,46.0,0.0
1568.4110655,6,1,1,0,1,45.0,0.0
1568.412433,1,1,3,0,1,50.0,0.0
1568.412448,5,1,3,0,1,48.0,0.0
1568.4124495,6,1,1,0,1,46.0,0.0
1568.4145735,6,1,1,0,1,50.0,0.0
1568.4160075,6,1,6,1,35,55.0,217.78
1568.416024,1,1,5,0,40,51.0,109.688
1568.416039,5,1,2,0,1,46.0,0.0
1568.416049,2,1,1,0,1,51.0,0.0
1568.416737,1,175,52,29,423,74.0,38532.0
1568.4169195,6,31,34,13,273,68.0,6376.0
1568.41692,2,21,29,18,183,71.0,15674.0
1568.416922,5,29,40,12,235,67.0,5219.0
1568.4169255,3,10,24,9,199,62.0,3251.0
1568.416927,4,2,4,0,2,47.0,3.324
1568.4177625,6,1,1,0,1,47.0,0.0
1568.4187075,6,2,3,0,13,53.0,130.67
1568.420801,1,4,1,0,5,50.0,42.066
1568.4211955,6,2,3,0,22,50.0,72.49
1568.422068,1,2,2,0,3,52.0,40.852
1568.4243445,6,1,1,0,5,47.0,9.988
1568.425217,1,1,2,0,5,53.0,38.082
1568.4255705,6,3,3,0,4,50.0,16.351
1568.42613,1,2,3,0,8,58.0,126.059
1568.4263915,6,1,1,0,1,45.0,0.0
1568.4284285,6,1,3,0,14,54.0,85.316
1568.428453,1,1,1,0,1,46.0,0.0
1568.4306695,6,22,7,2,119,55.0,439.158
1568.430677,5,1,6,0,5,53.0,40.028
1568.4306945,3,1,3,0,15,48.0,33.523
1568.430754,1,1,1,0,1,45.0,0.0
1568.431186,5,3,5,0,22,51.0,94.359
1568.4312115,3,2,4,0,61,51.0,123.769
1568.4314155,6,1,2,0,20,48.0,14.108
1568.431428,2,1,1,0,1,50.0,0.0
1568.43144,1,1,3,0,23,51.0,62.124
1568.431865,5,2,1,0,2,45.0,4.148
1568.4331335,6,1,2,0,41,47.0,27.791
1568.4342065,6,2,3,0,4,56.0,51.075
1568.437493,5,2,3,0,19,54.0,157.058
1568.437536,1,2,1,0,3,45.0,8.228
1568.4397735,6,1,2,0,13,46.0,24.57
1568.441463,1,1,1,0,1,45.0,0.0
1568.4425475,6,1,6,2,31,63.0,1268.0
1568.442608,1,1,1,0,1,45.0,0.0
1568.4435885,6,2,7,1,33,57.0,451.829
1568.4443005,6,7,9,1,58,55.0,321.091
1568.444301,5,2,10,1,28,53.0,297.657
1568.444326,1,1,4,0,35,52.0,84.678
1568.4448945,6,1,4,0,88,50.0,87.853
1568.4450075,3,1,1,0,1,45.0,0.0
1568.4458675,6,2,12,1,103,53.0,254.943
1568.445876,5,43,11,2,77,52.0,306.303
1568.4458995,3,1,6,1,116,48.0,136.378
1568.44591,1,2,5,1,94,49.0,129.297
1568.445913,2,2,2,0,3,54.0,56.703
1568.4471525,3,1,1,0,4,52.0,29.674
1568.448367,5,2,5,0,39,52.0,83.095
1568.4483685,6,2,3,0,26,60.0,237.587
1568.4500115,6,6,8,2,61,64.0,1018.0
1568.450061,1,1,2,0,1,47.0,0.0
1568.450095,5,1,2,0,1,46.0,0.0
1568.451461,1,1,2,0,1,46.0,0.0
1568.4515415,6,2,1,0,2,51.0,9.497
1568.452329,1,1,9,2,66,67.0,1199.0
1568.4525235,6,2,4,0,20,53.0,131.213
1568.454134,5,3,5,0,6,61.0,306.872
1568.4548215,6,1,1,0,1,45.0,0.0
1568.4550455,3,1,2,0,5,49.0,18.473
1568.455049,5,2,5,0,24,53.0,120.26
1568.455359,1,2,2,0,3,53.0,25.43
1568.455969,5,2,7,1,25,60.0,821.55
1568.456751,1,1,1,0,1,47.0,0.0
1568.4574505,6,214,11,3,222,58.0,512.634
1568.457624,1,1,1,0,1,45.0,0.0
1568.4587355,6,1,1,0,1,45.0,0.0
1568.4594005,6,1,1,0,1,47.0,0.0
1568.4601025,3,1,2,0,4,54.0,40.836
1568.460868,1,2,10,1,66,52.0,177.026
1568.4608695,3,1,5,1,29,53.0,212.875
1568.460891,5,1,3,0,1,50.0,0.0
1568.4608935,6,1,4,0,53,50.0,87.056
1568.460904,2,1,1,0,1,53.0,0.0
1568.4615155,6,1,19,4,158,58.0,1004.0
1568.461521,5,21,12,4,209,58.0,904.868
1568.461535,4,1,1,0,1,45.0,0.0
1568.4615385,3,1,8,2,139,54.0,428.972
1568.461544,1,19,16,3,160,55.0,524.432
1568.46156,2,10,5,0,22,56.0,258.289
1568.462777,1,1,1,0,1,45.0,0.0
1568.4641815,6,1,2,0,4,48.0,11.267
1568.465306,1,2,1,0,14,53.0,123.55
1568.46616,5,2,4,0,8,50.0,46.516
1568.467501,5,3,3,0,7,51.0,41.78
1568.4675165,6,1,4,0,48,52.0,74.646
1568.4699595,6,1,2,0,10,49.0,28.578
1568.471481,1,2,1,0,2,48.0,4.273
1568.4726435,6,1,15,4,148,62.0,1454.0
1568.472661,5,1,6,0,37,52.0,110.137
1568.472686,1,313,21,6,428,62.0,1241.0
1568.4726955,3,2,2,0,3,46.0,8.387
1568.473199,5,3,5,0,6,58.0,158.023
1568.4740855,6,1,1,0,1,45.0,0.0
1568.4781435,6,2,1,0,5,46.0,14.862
1568.478906,1,1,2,0,4,47.0,11.441
1568.4789345,6,1,1,0,1,46.0,0.0
1568.4797575,6,514,13,6,533,59.0,980.567
1568.479767,5,1,2,0,33,50.0,53.584
1569.0326905,6,1,1,0,1,45.0,0.0
1569.0332815,6,16,16,3,118,59.0,1023.0
1569.03329,5,2,5,1,56,51.0,133.576
1569.0332945,3,1,8,1,50,49.0,110.922
1569.033322,2,2,2,0,3,53.0,32.828
1569.0338458,5,2,9,0,10,54.0,98.847
1569.0338845,3,1,1,0,1,46.0,0.0
1569.0344815,3,1,1,0,1,45.0,0.0
1569.0346095,6,1,1,0,114,48.0,49.65
1569.034962,5,3,4,0,24,57.0,171.565
1569.0351175,3,1,1,0,1,45.0,0.0
1569.0354495,6,1,2,0,1,48.0,0.0
1569.037149,5,7,12,3,189,58.0,747.029
1569.0372125,6,52,17,6,206,66.0,3021.0
1569.037409,2,1,1,0,1,50.0,0.0
1569.039793,1,1,1,0,1,47.0,0.0
1569.0410905,6,2,5,0,23,60.0,275.176
1569.044154,1,1,6,1,106,50.0,148.687
1569.0441765,3,1,2,0,8,49.0,29.574
1569.0448235,6,1,1,0,1,45.0,0.0
1569.0463765,3,1,4,0,12,48.0,34.869
1569.047509,5,2,3,0,39,51.0,146.714
1569.0489165,6,271,36,12,417,64.0,4035.0
1569.048934,5,2,22,5,301,55.0,758.072
1569.050455,1,1,3,0,1,50.0,0.0
1569.051624,1,2,1,0,3,49.0,23.153
1569.0521235,6,1,2,0,1,46.0,0.0
1569.0532555,3,1,2,0,1,47.0,0.0
1569.0547585,6,5,55,50,508,83.0,117875.0
1569.054763,5,46,36,17,282,65.0,9041.0
1569.054773,2,51,32,19,223,68.0,12474.0
1569.054775,1,1,41,18,425,68.0,9087.0
1569.0547765,3,38,34,20,329,69.0,10424.0
1569.0559975,6,42,10,2,76,61.0,887.719
1569.0560815,3,1,1,0,16,45.0,15.909
1569.0575925,6,3,7,2,125,61.0,686.547
1569.0595935,3,1,2,0,7,53.0,68.874
1569.059608,1,1,2,0,1,46.0,0.0
1569.0598315,6,67,20,7,221,65.0,3178.0
1569.059927,5,13,6,0,22,54.0,215.775
1569.059942,2,1,2,0,1,51.0,0.0
1569.0612525,6,13,35,14,962,63.0,2721.0
1569.061293,5,44,22,7,493,56.0,881.464
1569.0615395,3,1,6,2,248,51.0,196.33
1569.0627235,3,1,1,0,1,45.0,0.0
1569.0639485,6,1,2,0,1,47.0,0.0
1569.0647235,6,557,38,13,613,66.0,4194.0
1569.0649935,3,1,6,1,34,53.0,200.404
1569.065009,2,1,5,0,38,52.0,151.531
1569.0665,5,2,8,2,89,60.0,697.879
1569.0668915,6,1,1,0,1,46.0,0.0
1569.067476,5,2,2,0,2,51.0,19.845
1569.068312,1,1,2,0,1,48.0,0.0
1569.0692535,6,1,1,0,1,47.0,0.0
1569.0699295,6,1,2,0,1,47.0,0.0
1569.07043,1,1,2,0,8,46.0,16.238
1569.072419,5,5,11,2,41,64.0,1394.0
1569.072455,1,1,3,0,1,48.0,0.0
1569.0731655,6,20,16,4,163,59.0,1011.0
1569.0731995,3,1,3,1,107,52.0,128.896
1569.0739005,6,1,1,0,1,45.0,0.0
1569.0754175,6,1,1,0,1,45.0,0.0
1569.0761035,6,70,11,2,85,59.0,723.982
1569.0767055,6,36,8,3,60,67.0,1635.0
1569.076983,5,24,24,8,139,64.0,4471.0
1569.0783285,3,1,1,0,1,45.0,0.0
1569.079896,5,1,4,0,8,51.0,22.59
1569.0806685,6,1,10,2,273,59.0,409.543
1569.0820905,6,1,1,0,10,46.0,17.069
1569.0829525,6,1,1,0,1,46.0,0.0
1569.0840805,6,1,2,0,1,48.0,0.0
1569.0846695,6,1,1,0,1,45.0,0.0
1569.0858975,6,1,18,5,202,59.0,1018.0
1569.085962,5,1,3,0,31,51.0,82.659
1569.0859675,3,3,5,1,40,55.0,239.533
1569.0906285,6,65,12,4,135,61.0,1184.0
1569.090729,1,1,4,0,4,50.0,8.548
1569.0907525,3,1,1,0,1,45.0,0.0
1569.0912855,6,5,7,2,114,60.0,623.486
1569.0927225,6,2,2,0,5,48.0,16.307
1569.0932305,6,1,2,0,1,48.0,0.0
1569.094095,5,1,12,3,156,56.0,511.045
1569.094115,1,1,8,0,48,49.0,117.924
1569.0941235,3,1,2,0,32,51.0,64.543
1569.0947605,6,1,1,0,1,47.0,0.0
1569.095737,1,2,2,0,3,49.0,12.636
1569.0959185,3,3,10,2,125,55.0,405.329
1569.0971785,6,1,1,0,1,46.0,0.0
1569.0979285,6,3,38,16,281,70.0,11102.0
1569.097937,5,43,30,9,252,64.0,2943.0
1569.0996855,3,1,2,0,1,46.0,0.0
1569.099726,2,1,2,0,1,52.0,0.0
1569.101358,1,1,1,0,1,48.0,0.0
1569.1050485,3,1,2,0,1,46.0,0.0
1569.1050535,6,170,11,3,185,62.0,818.453
1569.106572,1,1,1,0,1,46.0,0.0
1569.1071465,6,4,13,3,83,64.0,1406.0
1569.1071825,3,1,3,0,40,50.0,72.788
1569.1083715,6,446,25,9,537,65.0,2201.0
1569.1084815,3,5,9,1,43,53.0,228.467
1569.108499,5,16,14,2,67,54.0,344.017
1569.1112885,6,2,9,3,65,66.0,1346.0
1569.111325,1,1,2,0,1,49.0,0.0
1569.1133225,6,1,3,0,4,47.0,9.132
1569.1138535,3,1,1,0,1,46.0,0.0
1569.1147435,6,2,3,0,2,46.0,3.324
1569.1156725,6,1,1,0,1,47.0,0.0
1569.1163865,6,1,1,0,6,47.0,11.245
1569.1167245,3,1,2,0,52,48.0,32.298
1569.116981,1,1,4,0,12,50.0,37.151
1569.118419,5,172,29,7,311,61.0,1608.0
1569.118441,1,1,34,13,317,67.0,5625.0
1569.1193605,6,123,23,8,522,61.0,1397.0
1569.119516,1,1,3,0,48,48.0,57.103
1569.1197855,3,1,3,0,19,50.0,73.459
1569.1203845,6,1,1,0,8,47.0,13.735
1569.12073,5,52,13,1,57,54.0,201.961
1569.121699,5,2,7,2,103,58.0,398.93
1569.1217395,3,1,2,0,32,48.0,59.666
1569.121794,1,1,1,0,1,46.0,0.0
1569.1222295,6,193,30,10,667,59.0,1696.0
1569.1222775,3,1,5,1,96,48.0,124.919
1569.122306,1,1,4,0,51,50.0,97.994
1569.1236655,3,2,2,0,5,55.0,49.658
1569.1244955,6,3,7,2,52,63.0,775.317
1569.1250875,3,1,1,0,1,45.0,0.0
1569.1255385,6,97,9,2,106,60.0,830.322
1569.125951,1,1,2,0,1,45.0,0.0
1569.12658,5,3,10,2,118,51.0,350.248
1569.127603,5,118,12,3,209,53.0,402.288
1569.128458,1,1,1,0,1,50.0,0.0
1569.1289835,6,1,2,0,1,45.0,0.0
1569.1294845,3,1,1,0,1,46.0,0.0
1569.1302295,6,1,2,0,1,48.0,0.0
1569.1324235,6,14,12,3,104,61.0,912.929
1569.132456,1,1,6,1,53,50.0,128.662
1569.1331875,6,1,19,4,291,59.0,899.659
1569.133198,5,1,6,1,61,51.0,177.828
1569.1331985,3,1,6,0,51,47.0,70.237
1569.1339055,3,2,1,0,67,45.0,44.36
1569.1339985,6,1,1,0,1,45.0,0.0
1569.1353525,3,2,1,0,2,45.0,4.025
1569.1368185,6,1,2,0,1,45.0,0.0
1569.1376375,6,21,13,3,108,62.0,1221.0
1569.1376535,3,1,9,2,114,54.0,247.828
1569.137664,5,1,9,0,14,52.0,47.58
1569.138385,1,1,2,0,1,47.0,0.0
1569.1392265,6,8,19,7,555,62.0,1043.0
1569.1402818,6,8,11,3,68,64.0,1481.0
1569.1402935,3,1,4,1,69,50.0,116.054
1569.140308,2,1,2,0,1,53.0,0.0
1569.1410915,6,10,12,4,75,67.0,2321.0
1569.1411425,3,1,1,0,1,45.0,0.0
1569.1434965,3,1,1,0,1,45.0,0.0
1569.143799,5,2,8,2,101,59.0,441.485
1569.143801,1,1,6,1,72,50.0,114.669
1569.1457095,3,1,5,0,38,53.0,115.12
1569.145765,1,1,5,2,216,50.0,180.85
1569.1463385,3,1,3,0,22,50.0,63.129
1569.147437,5,7,7,0,17,52.0,171.403
1569.147472,1,2,3,0,17,47.0,36.846
1569.148222,1,4,18,7,132,65.0,3187.0
1569.1482525,3,1,5,0,63,48.0,90.488
1569.148266,2,2,1,0,2,50.0,12.046
1569.15097,5,1,6,0,35,52.0,106.37
1569.150982,1,34,7,0,35,49.0,74.176
1569.1509855,3,1,2,0,22,52.0,75.268
1569.1516535,6,4,71,34,1000,72.0,15947.0
1569.151686,1,1,10,1,83,50.0,188.333
1569.1517265,3,1,1,0,5,46.0,9.686
1569.152257,5,26,42,21,241,73.0,22279.0
1569.152266,2,39,35,24,250,70.0,20002.0
1569.152269,1,82,47,23,341,68.0,15525.0
1569.1533805,6,3,10,2,176,64.0,834.596
1569.1548395,6,1,3,0,1,48.0,0.0
1569.155051,1,1,1,0,1,48.0,0.0
1569.155821,1,1,3,0,1,48.0,0.0
1569.1558325,3,2,1,0,9,46.0,19.736
1569.1571925,6,64,11,3,94,62.0,1651.0
1569.1572925,3,2,1,0,6,47.0,15.843
1569.1580365,3,1,3,0,13,50.0,56.838
1569.158085,5,2,2,0,3,51.0,15.93
1569.1589495,3,2,9,1,85,52.0,266.835
1569.158951,5,2,10,3,132,58.0,674.66
1569.1598405,6,1,1,0,1,46.0,0.0
1569.159965,5,7,3,0,21,57.0,255.821
1569.1603845,6,6,14,6,92,67.0,3811.0
1569.1604055,3,34,10,1,63,54.0,345.166
1569.1616605,6,246,19,7,369,60.0,1501.0
1569.1637355,6,1,1,0,1,45.0,0.0
1569.1650715,6,2,7,2,23,69.0,1761.0
1569.1656285,6,202,18,5,327,60.0,886.226
1569.165826,5,2,5,1,60,52.0,157.464
1569.1658605,3,1,3,0,24,50.0,68.364
1569.167369,1,1,1,0,1,45.0,0.0
1569.1676745,6,1,2,0,1,48.0,0.0
1569.1692175,6,1,2,0,4,48.0,13.001
1569.1707565,6,1,1,0,5,45.0,9.733
1569.1715975,6,3,8,1,42,62.0,707.004
1569.1722425,6,1,1,0,1,45.0,0.0
1569.1733245,6,1,2,0,1,46.0,0.0
1569.174494,1,2,1,0,3,49.0,15.254
1569.1750125,6,1,2,0,1,46.0,0.0
1569.175535,1,1,3,0,1,47.0,0.0
1569.179165,1,5,3,0,6,48.0,25.596
1569.1799675,6,2,18,5,258,60.0,897.71
1569.180521,1,1,1,0,1,45.0,0.0
1569.1812795,6,41,41,27,317,76.0,37564.0
1569.181325,1,70,34,10,204,64.0,4417.0
1569.181332,5,25,33,10,248,63.0,3828.0
1569.1821865,6,6,7,2,35,62.0,938.362
1569.1822245,3,1,2,0,4,48.0,11.001
1569.1833055,6,1,2,0,1,47.0,0.0
1569.1846525,6,1,1,0,1,45.0,0.0
1569.1855835,6,7,7,1,47,59.0,401.025
1569.1867645,3,1,2,0,1,46.0,0.0
1569.1868025,6,1,1,0,1,45.0,0.0
1569.1886035,3,1,1,0,4,47.0,10.872
1569.190169,1,4,14,3,95,63.0,1308.0
1569.1902865,3,1,1,0,1,45.0,0.0
1569.1909265,3,1,2,0,1,46.0,0.0
1569.192296,1,1,4,0,1,49.0,0.0
1569.1923465,3,1,1,0,1,45.0,0.0
1569.1929225,3,1,1,0,1,45.0,0.0
1569.1935328,6,1,15,4,182,59.0,1187.0
1569.1935665,3,1,2,0,1,45.0,0.0
1569.193571,1,1,2,0,1,46.0,0.0
1569.1959025,3,1,1,0,4,48.0,10.706
1569.19642,5,1,6,0,8,55.0,89.555
1569.1964495,3,1,2,0,8,48.0,21.15
1569.19852,5,2,6,0,17,54.0,126.308
1569.1987355,3,1,2,0,1,47.0,0.0
1569.1995225,6,1,1,0,63,47.0,48.138
1569.200523,5,2,28,6,256,55.0,992.916
1569.2005345,3,1,20,5,252,55.0,897.621
1569.2026395,6,1,1,0,1,48.0,0.0
1569.2029445,3,1,3,0,13,50.0,56.57
1569.202947,1,1,6,0,36,50.0,77.936
1569.203007,2,1,1,0,1,50.0,0.0
1569.2035725,6,1,1,0,1,46.0,0.0
1569.20515,1,4,9,3,209,63.0,902.811
1569.2051745,3,1,2,0,1,47.0,0.0
1569.2090815,3,1,1,0,1,45.0,0.0
1569.2092095,6,1,1,0,1,46.0,0.0
1569.2109065,6,1,2,0,1,48.0,0.0
1569.211373,5,2,4,0,14,56.0,175.858
1569.2113935,3,2,1,0,6,47.0,17.216
1569.212775,5,202,14,2,203,56.0,287.288
1569.2127925,3,1,5,2,193,51.0,175.443
1569.21283,2,1,3,0,1,51.0,0.0
1569.2140135,6,1,3,0,1,47.0,0.0
1569.2147765,6,2,8,2,98,62.0,605.149
1569.2171495,6,2,2,0,16,48.0,34.719
1569.217644,1,1,2,0,1,46.0,0.0
1569.2177225,6,1,1,0,1,45.0,0.0
1569.2198775,6,1,3,0,4,48.0,8.642
1569.2225795,6,115,49,26,525,68.0,15271.0
1569.22266,5,9,48,35,317,76.0,42705.0
1569.2226635,3,21,32,18,283,71.0,12566.0
1569.222664,1,40,54,31,366,70.0,24257.0
1569.22267,2,11,41,33,283,73.0,33539.0
1569.2239885,6,1,1,0,1,45.0,0.0
1569.224528,5,2,7,1,34,55.0,216.421
1569.2245385,3,1,1,0,1,45.0,0.0
1569.225788,1,12,34,10,301,65.0,4489.0
1569.2258205,3,2,10,3,264,49.0,246.886
1569.225829,5,1,11,2,107,51.0,245.647
1569.2275865,3,1,4,0,42,48.0,66.327
1569.228301,5,2,4,0,3,53.0,24.217
1569.2283405,3,1,1,0,1,45.0,0.0
1569.228703,1,4,14,3,96,64.0,1181.0
1569.229626,5,26,8,2,110,52.0,292.53
1569.2296285,3,2,5,1,63,51.0,116.302
1569.2300865,6,1,1,0,1,45.0,0.0
1569.230479,5,9,29,10,416,61.0,2640.0
1569.2305878,6,137,25,7,342,63.0,1609.0
1569.2317775,6,107,20,7,259,66.0,3263.0
1569.2319275,3,15,3,0,20,49.0,51.224
1569.232086,5,8,5,0,22,53.0,117.56
1569.2343055,3,1,1,0,1,45.0,0.0
1569.234314,1,1,2,0,1,46.0,0.0
1569.2346975,6,1,3,1,182,46.0,77.935
1569.23514,1,1,4,0,54,48.0,66.72
1569.2351465,3,2,4,0,54,50.0,113.157
1569.2355435,6,351,19,8,891,59.0,1009.0
1569.2370375,3,1,1,0,1,45.0,0.0
1569.237038,2,1,1,0,1,50.0,0.0
1569.2381125,3,1,1,0,18,46.0,22.769
1569.239323,1,2,1,0,3,46.0,8.23
1569.240892,1,2,6,1,118,48.0,142.803
1569.241695,5,24,12,2,90,55.0,630.895
1569.2417145,3,1,5,1,58,49.0,123.072
1569.2433015,6,223,26,11,888,60.0,1319.0
1569.243487,5,1,4,0,4,52.0,21.412
1569.2435385,3,1,3,0,5,50.0,19.719
1569.245586,1,1,1,0,1,45.0,0.0
1569.246226,5,4,43,13,353,62.0,3741.0
1569.2462445,6,158,39,14,302,66.0,6057.0
1569.24627,1,1,41,13,320,65.0,4977.0
1569.2472695,6,1,1,0,1,45.0,0.0
1569.2477775,6,1,2,0,4,47.0,12.704
1569.2483125,6,1,2,0,101,48.0,64.904
1569.248893,1,2,2,0,2,49.0,7.837
1569.2496515,6,8,20,5,162,61.0,1561.0
1569.249672,1,1,3,1,122,49.0,107.908
1569.2512635,6,3,1,0,4,48.0,15.044
1569.2518335,6,1,1,0,4,48.0,11.799
1569.252057,5,1,3,0,1,51.0,0.0
1569.2524475,6,3,5,1,15,60.0,446.414
1569.254081,5,2,4,0,18,51.0,71.784
1569.254543,1,1,1,0,1,49.0,0.0
1569.25601,1,2,1,0,3,47.0,7.449
1569.2564705,6,2,2,0,2,48.0,3.665
1569.257406,5,2,5,0,18,56.0,242.29
1569.259784,5,2,9,2,123,55.0,395.085
1569.2598075,3,5,6,1,43,51.0,163.407
1569.259856,2,1,1,0,1,52.0,0.0
1569.260777,5,10,14,3,66,64.0,1758.0
1569.2607945,6,7,19,4,110,63.0,1432.0
1569.261657,1,1,1,0,1,45.0,0.0
1569.2630065,3,2,5,1,63,51.0,170.505
1569.2639815,6,93,39,21,425,68.0,11177.0
1569.264048,5,12,34,16,262,70.0,10714.0
1569.264057,1,2,38,14,269,64.0,5725.0
1569.2640655,3,17,28,15,286,71.0,9994.0
1569.264066,2,5,28,16,227,68.0,9508.0
1569.26504,5,2,2,0,36,54.0,132.773
1569.2652585,3,1,1,0,1,45.0,0.0
1569.2666495,6,1,1,0,4,47.0,10.447
1569.267024,5,15,10,1,30,55.0,291.528
1569.2670425,3,1,2,0,1,45.0,0.0
1569.267049,1,59,5,1,60,50.0,138.671
1569.267643,1,24,4,0,25,49.0,75.003
1569.2676475,3,1,2,0,8,55.0,103.631
1569.269371,5,4,8,1,30,59.0,637.306
1569.2693795,3,1,1,0,5,46.0,9.617
1569.2701325,3,2,1,0,5,51.0,32.023
1569.272527,1,1,1,0,1,47.0,0.0
1569.2726965,6,2,10,4,112,63.0,1686.0
1569.273178,1,1,3,0,45,49.0,57.56
1569.2742,5,1,13,2,143,53.0,323.476
1569.2743585,6,1,4,1,130,48.0,115.05
1569.2750325,6,1,1,0,1,45.0,0.0
1569.276096,5,1,20,5,222,58.0,1027.0
1569.2761768,6,2,20,5,154,60.0,1318.0
1569.277471,5,1,2,0,22,52.0,80.1
1569.2787335,3,1,6,2,171,50.0,181.848
1569.27877,5,1,8,1,90,54.0,154.007
1569.2793995,6,7,48,20,980,68.0,8196.0
1569.2794195,3,2,8,1,75,51.0,267.477
1569.279421,5,1,10,1,66,51.0,157.084
1569.281302,1,1,1,0,1,45.0,0.0
1569.2813445,6,1,1,0,1,45.0,0.0
1569.2822695,6,1,1,0,1,47.0,0.0
1569.2836737,6,15,32,13,236,69.0,8117.0
1569.283676,5,37,38,10,242,63.0,3398.0
1569.2843265,3,2,2,0,8,46.0,18.34
1569.284418,5,2,18,4,165,57.0,915.436
1569.284584,2,2,1,0,2,50.0,15.977
1569.2858335,6,1,1,0,1,46.0,0.0
1569.286292,5,33,7,1,60,51.0,159.995
1569.2863095,3,1,3,0,56,47.0,62.341
1569.2863785,6,1,4,0,71,48.0,63.506
1569.2885335,6,1,1,0,1,45.0,0.0
1569.2891785,6,1,1,0,1,47.0,0.0
1569.28954,1,1,3,0,1,49.0,0.0
1569.2895455,3,1,1,0,1,48.0,0.0
1569.2900375,6,129,37,20,436,72.0,15244.0
1569.290172,1,52,35,14,244,65.0,7214.0
1569.29018,5,31,30,11,187,63.0,4863.0
1569.2921095,6,2,35,11,454,64.0,3918.0
1569.2921285,3,2,8,1,64,53.0,278.206
1569.292147,5,1,7,0,41,52.0,140.936
1569.2930645,6,25,38,12,516,62.0,3083.0
1569.2930675,3,1,12,3,186,51.0,344.134
1569.293087,5,8,13,2,93,54.0,328.061
1569.293928,5,20,12,1,50,57.0,397.155
1569.2951435,6,1,5,0,44,47.0,43.497
1569.295694,5,3,20,3,131,54.0,639.971
1569.299662,1,2,6,0,3,50.0,11.598
1569.2996825,3,1,1,0,1,45.0,0.0
1569.300481,5,2,10,2,102,56.0,412.45
1569.3005985,6,1,3,0,12,47.0,27.159
1569.3010295,3,1,5,1,182,50.0,135.269
1569.301592,5,9,17,2,106,53.0,443.432
1569.3017315,6,340,8,4,532,59.0,616.107
1569.302253,1,3,1,0,4,48.0,27.294
1569.302821,1,2,3,0,2,49.0,23.462
1569.3028885,6,1,2,0,1,47.0,0.0
1569.3039915,6,3,38,19,846,71.0,10081.0
1569.304,5,16,16,2,95,56.0,488.879
1569.3055495,6,289,25,8,437,61.0,2039.0
1569.305833,5,20,18,4,148,55.0,727.117
1569.3058395,3,1,10,2,129,54.0,381.895
1569.3066545,6,1,1,0,1,46.0,0.0
1569.306983,1,3,24,12,472,73.0,6914.0
1569.3073645,6,3,14,7,298,68.0,3285.0
1569.3074185,3,1,1,0,1,46.0,0.0
1569.308909,1,1,1,0,1,45.0,0.0
1569.309503,1,1,1,0,1,45.0,0.0
1569.3099635,6,10,8,2,42,59.0,650.252
1569.3099985,3,1,3,0,25,49.0,50.228
1569.3119815,6,1,1,0,1,45.0,0.0
1569.3128535,3,1,4,0,23,49.0,52.764
1569.313717,1,1,1,0,1,46.0,0.0
1569.3140995,6,1,5,0,1,48.0,0.0
1569.314296,1,1,1,0,1,45.0,0.0
1569.3147775,3,1,8,2,266,50.0,244.779
1569.3147885,6,195,28,9,391,63.0,2742.0
1569.315025,2,1,3,1,45,53.0,190.509
1569.3157025,3,1,2,0,6,53.0,41.878
1569.316038,1,1,1,0,1,45.0,0.0
1569.318237,5,2,8,1,38,54.0,306.751
1569.319738,1,1,1,0,1,47.0,0.0
1569.3198975,6,1,1,0,1,46.0,0.0
1569.3201375,3,2,2,0,12,54.0,100.46
1569.3211985,6,1,3,0,1,48.0,0.0
1569.3217625,6,4,3,0,99,48.0,60.096
1569.322168,5,12,6,1,62,53.0,198.342
1569.323336,1,1,1,0,1,45.0,0.0
1569.3237285,3,1,1,0,1,45.0,0.0
1569.3239695,6,1,6,1,55,60.0,422.496
1569.3245955,6,1,1,0,1,46.0,0.0
1569.3258095,3,1,1,0,4,49.0,17.95
1569.325849,1,1,1,0,1,45.0,0.0
1569.3274145,3,1,1,0,1,47.0,0.0
1569.328334,1,1,3,0,1,47.0,0.0
1569.3294015,6,5,43,16,774,68.0,5357.0
1569.329434,1,1,5,0,16,49.0,39.108
1569.3296555,3,1,7,1,97,50.0,153.163
1569.329684,5,1,4,0,1,52.0,0.0
1569.330693,1,1,3,0,1,48.0,0.0
1569.3314945,3,1,1,0,1,45.0,0.0
1569.332195,5,3,26,10,163,68.0,6807.0
1569.3322135,6,20,13,3,140,59.0,735.495
1569.3322255,3,1,7,1,110,53.0,213.432
1569.33341,5,367,34,13,478,66.0,5174.0
1569.3337985,3,2,2,0,2,46.0,9.877
1569.3347445,6,2,10,3,216,62.0,1038.0
1569.3348255,3,1,1,0,1,45.0,0.0
1569.335818,1,1,1,0,1,45.0,0.0
1569.336682,1,1,1,0,1,45.0,0.0
1569.337188,5,3,4,0,4,53.0,50.734
1569.3377135,6,1,4,0,69,48.0,76.373
1569.337864,1,1,1,0,1,46.0,0.0
1569.3391465,6,195,11,3,229,59.0,720.645
1569.3401585,6,2,12,4,230,63.0,873.981
1569.340354,5,2,7,0,3,54.0,17.541
1569.341408,5,13,13,2,126,52.0,376.95
1569.3414435,3,4,6,1,104,52.0,214.938
1569.3417345,6,13,17,9,97,71.0,8355.0
1569.341815,2,1,1,0,17,52.0,37.888
1569.3428665,3,1,1,0,1,45.0,0.0
1569.3433535,6,571,45,17,692,72.0,9728.0
1569.3434895,3,1,1,0,1,45.0,0.0
1569.343762,5,2,21,4,191,59.0,772.673
1569.3440005,3,2,5,1,46,53.0,159.83
1569.344888,5,3,18,7,90,69.0,5804.0
1569.3449215,3,3,3,0,37,53.0,108.535
1569.344939,1,1,9,0,23,50.0,57.229
1569.34494,2,1,2,0,1,53.0,0.0
1569.3456295,6,2,6,1,38,61.0,520.496
1569.346715,5,1,7,2,117,53.0,273.309
1569.3467315,3,2,6,2,118,51.0,257.064
1569.34688,1,1,1,0,1,45.0,0.0
1569.3474725,3,1,1,0,5,45.0,8.678
1569.3475395,6,2,15,5,375,60.0,1128.0
1569.347778,1,1,1,0,1,45.0,0.0
1569.3485715,6,1,11,2,57,60.0,557.268
1569.3493005,6,7,10,2,97,61.0,688.126
1569.3493195,3,1,2,0,39,47.0,36.604
1569.349897,1,2,2,0,3,49.0,12.935
1569.3500565,6,1,3,0,1,48.0,0.0
1569.3507295,3,1,1,0,1,46.0,0.0
1569.3516215,6,1,2,0,5,46.0,8.688
1569.3520445,3,1,4,0,13,52.0,57.162
1569.352053,5,5,6,1,24,59.0,402.086
1569.3529415,6,10,28,10,280,68.0,4641.0
1569.352958,5,59,22,4,158,56.0,936.831
1569.3541075,6,2,3,0,45,48.0,67.143
1569.3543915,3,2,1,0,2,45.0,3.903
1569.3556955,6,1,1,0,1,47.0,0.0
1569.3565345,6,150,42,19,526,74.0,14793.0
1569.356728,5,19,26,8,122,65.0,3724.0
1569.3577365,6,112,12,4,241,59.0,668.866
1569.358335,5,113,24,6,168,63.0,1865.0
1569.3583635,3,1,7,1,61,52.0,152.526
1569.3584815,6,170,16,6,305,62.0,1196.0
1569.359929,5,1,6,1,52,51.0,128.445
1569.359958,1,1,5,1,56,50.0,124.459
1569.3599675,3,2,3,0,19,54.0,84.849
1569.361097,5,1,4,0,27,53.0,85.13
1569.3615255,6,146,15,4,191,64.0,1629.0
1569.3627825,3,1,2,0,10,49.0,31.402
1569.362896,2,2,1,0,3,51.0,29.701
1569.3645005,6,1,3,0,1,48.0,0.0
1569.3666765,3,1,1,0,1,45.0,0.0
1569.3668745,6,1,1,0,1,45.0,0.0
1569.367703,1,22,29,9,180,67.0,4923.0
1569.3677115,6,9,26,8,181,64.0,2743.0
1569.367717,5,30,21,5,172,59.0,1142.0
1569.3692965,3,1,2,0,1,47.0,0.0
1569.36931,1,1,1,0,1,46.0,0.0
1569.3704495,6,1,1,0,1,45.0,0.0
1569.3739785,6,325,49,15,711,60.0,2823.0
1569.374018,5,2,21,7,475,54.0,879.343
1569.3740235,3,36,9,1,78,55.0,262.7
1569.376454,5,1,10,2,104,55.0,391.111
1569.376506,1,1,5,0,20,48.0,38.404
1569.3765165,3,1,2,0,12,48.0,27.671
1569.377691,5,1,4,0,1,51.0,0.0
1569.378419,5,1,2,0,4,52.0,24.769
1569.3784245,3,5,3,0,10,53.0,65.719
1569.3786355,6,2,14,5,158,68.0,3559.0
1569.379464,5,3,4,0,18,57.0,224.343
1569.380121,2,1,2,0,1,52.0,0.0
1569.3801935,6,8,10,3,73,65.0,1896.0
1569.3814055,3,1,1,0,1,45.0,0.0
1569.382233,5,15,8,1,39,58.0,382.555
1569.3822385,3,1,7,1,95,54.0,255.866
1569.382257,1,1,10,2,193,48.0,207.54
1569.3840975,6,21,13,3,137,61.0,965.123
1569.3841605,3,1,2,0,1,46.0,0.0
1569.384745,5,2,7,0,15,53.0,82.63
1569.384829,1,1,1,0,1,47.0,0.0
1569.385748,5,1,8,0,19,51.0,73.631
1569.385761,1,1,6,0,1,50.0,0.0
1569.3887005,6,11,6,3,46,62.0,1370.0
1569.3901145,3,1,1,0,4,45.0,7.542
1569.390143,2,1,1,0,1,50.0,0.0
1569.3909525,6,706,30,11,809,59.0,1571.0
1569.391159,2,1,2,0,1,51.0,0.0
1569.3911705,3,1,2,0,1,45.0,0.0
1569.391685,5,4,4,0,11,52.0,87.642
1569.392292,1,1,2,0,1,49.0,0.0
1569.3925915,3,1,1,0,1,45.0,0.0
1569.392618,2,1,1,0,1,50.0,0.0
1569.393043,5,11,14,3,177,56.0,531.823
1569.3931175,6,1,16,5,172,66.0,3110.0
1569.3931935,3,1,1,0,34,46.0,27.037
1569.393201,2,1,3,0,6,53.0,52.853
1569.394443,5,3,4,0,18,54.0,141.353
1569.3959515,3,1,1,0,1,45.0,0.0
1569.396197,2,1,1,0,1,50.0,0.0
1569.396512,5,2,7,1,79,56.0,387.096
1569.3979365,6,1,2,0,7,48.0,21.567
1569.398332,5,2,10,1,44,53.0,171.756
1569.398341,2,1,4,1,40,52.0,197.789
1569.3983475,3,1,6,0,28,52.0,121.473
1569.3986215,6,2,5,1,31,59.0,434.797
1569.40078,1,1,3,0,1,47.0,0.0
1569.4007855,3,1,2,0,5,51.0,27.979
1569.4018515,6,1,2,0,1,46.0,0.0
1569.402103,5,1,4,0,5,52.0,24.118
1569.4021295,3,2,4,0,19,47.0,40.104
1569.40216,2,1,2,0,1,53.0,0.0
1569.4067475,6,2,7,3,136,66.0,1519.0
1569.408027,1,1,4,0,1,48.0,0.0
1569.4080465,3,2,2,0,19,49.0,32.274
1569.4086395,3,1,1,0,1,45.0,0.0
1569.409637,5,68,17,3,117,55.0,647.852
1569.4107985,6,1,5,1,176,48.0,97.876
1569.411285,1,1,1,0,1,47.0,0.0
1569.41135,5,13,5,0,26,53.0,190.491
1569.413882,1,4,3,0,5,50.0,23.548
1569.414853,1,1,1,0,1,45.0,0.0
1569.4150525,6,76,14,4,156,61.0,1116.0
1569.4151585,3,2,3,0,17,51.0,68.353
1569.415549,1,1,2,0,5,49.0,14.219
1569.4161785,3,1,2,0,5,51.0,32.27
1569.4167965,6,1,2,0,1,48.0,0.0
1569.41797,5,10,2,0,13,53.0,90.242
1569.4184545,3,1,1,0,1,46.0,0.0
1569.420172,5,2,2,0,17,54.0,82.753
1569.4204225,6,1,2,0,1,47.0,0.0
1569.4212315,3,1,1,0,1,45.0,0.0
1569.4224775,3,1,1,0,1,45.0,0.0
1569.4253715,6,504,47,16,963,59.0,2494.0
1569.4258595,3,1,7,2,167,48.0,189.583
1569.42587,5,2,19,2,133,53.0,318.889
1569.4266005,3,1,2,0,9,47.0,22.934
1569.426878,1,3,1,0,4,46.0,14.731
1569.4274045,6,15,24,9,136,69.0,6773.0
1569.427409,5,7,16,3,133,57.0,743.383
1569.4274335,3,2,6,2,106,55.0,376.144
1569.42921,1,1,1,0,7,47.0,13.404
1569.4301035,3,1,1,0,1,45.0,0.0
1569.4309155,3,2,5,0,34,52.0,160.164
1569.430974,2,1,1,0,1,52.0,0.0
1569.4314525,6,19,12,4,162,61.0,1352.0
1569.4314725,3,1,3,0,16,49.0,47.871
1569.431518,1,2,4,0,21,48.0,31.961
1569.4322835,6,1,23,6,439,61.0,1433.0
1569.432622,1,1,7,1,78,49.0,129.778
1569.4326515,3,1,2,0,5,51.0,25.265
1569.4337995,6,167,16,6,475,60.0,974.8
1569.4338205,3,1,1,0,1,45.0,0.0
1569.4359075,6,178,14,4,227,65.0,1577.0
1569.436662,1,2,26,6,236,63.0,1537.0
1569.4366835,6,182,36,13,350,63.0,4155.0
1569.436698,5,1,13,2,163,51.0,299.546
1569.4367775,3,2,7,1,101,49.0,193.344
1569.4377185,6,215,18,7,561,62.0,1457.0
1569.4388815,6,1,13,5,191,63.0,2017.0
1569.4389945,3,34,6,1,58,53.0,202.135
1569.439023,2,1,4,0,27,53.0,147.76
1569.441494,1,2,10,1,77,49.0,180.312
1569.4414975,3,2,2,0,6,52.0,39.426
1569.441499,5,4,5,1,22,55.0,353.373
1569.4421725,6,1,24,9,366,67.0,3572.0
1569.4422005,3,2,10,3,218,52.0,346.381
1569.442217,5,31,13,1,99,51.0,223.986
1569.443034,5,2,13,4,225,53.0,481.585
1569.4430485,6,73,15,4,136,63.0,1713.0
1569.4430635,3,2,7,2,136,49.0,200.896
1569.44315,2,1,1,0,1,51.0,0.0
1569.44318,1,1,2,0,13,48.0,25.509
1569.4439575,6,66,17,5,236,61.0,1209.0
1569.443979,1,1,4,0,63,50.0,51.629
1569.4447135,3,1,3,0,17,51.0,51.393
1569.44472,2,1,1,0,1,51.0,0.0
1569.445808,5,1,4,0,6,51.0,31.318
1569.446896,1,1,1,0,1,45.0,0.0
1569.4474445,6,1,2,0,1,47.0,0.0
1569.4480925,6,1,4,0,22,46.0,33.916
1569.449583,5,2,13,3,125,55.0,561.247
1569.4496295,6,1,2,0,5,47.0,10.815
1569.4514895,6,1,1,0,1,45.0,0.0
1569.4529035,3,1,1,0,5,45.0,8.702
1569.452942,1,1,1,0,1,45.0,0.0
1569.453205,2,1,2,0,1,52.0,0.0
1569.4534855,6,1,2,0,13,48.0,31.175
1569.4564685,6,2,11,3,95,63.0,1378.0
1569.4576155,3,1,2,0,4,48.0,12.466
1569.45908,5,1,3,0,7,52.0,34.939
1569.45909,1,1,4,0,27,48.0,45.151
1569.4591165,3,1,2,0,5,47.0,12.609
1569.461971,1,1,2,0,1,48.0,0.0
1569.4619965,3,1,1,0,1,45.0,0.0
1569.463948,5,8,6,1,52,54.0,187.225
1569.4639785,3,1,5,0,26,50.0,66.675
1569.464537,1,1,5,0,45,47.0,71.296
1569.4645405,3,1,3,0,48,53.0,110.17
1569.4660655,6,2,2,0,2,47.0,4.055
1569.4666165,3,2,1,0,2,45.0,4.273
1569.4671405,3,1,4,0,41,49.0,79.052
1569.467197,2,1,1,0,1,50.0,0.0
1569.4685215,3,2,4,0,10,49.0,44.915
1569.469897,5,1,11,4,82,61.0,1677.0
1569.4699125,6,26,18,4,144,60.0,1036.0
1569.4705925,6,1,2,0,1,47.0,0.0
1569.4744525,3,1,2,0,42,48.0,47.126
1569.476137,1,1,1,0,1,45.0,0.0
1569.4767765,6,2,7,2,156,60.0,779.989
1569.477406,5,1,6,1,56,53.0,209.994
1569.4775235,6,2,2,0,6,47.0,17.087
1569.4779375,3,1,1,0,1,46.0,0.0
1569.477938,1,1,5,0,32,50.0,66.791
1569.4785375,6,1,1,0,1,45.0,0.0
1569.479468,1,1,3,0,1,47.0,0.0
1569.4799245,6,6,20,10,284,72.0,9332.0
1569.4799495,3,1,8,1,56,53.0,195.669
1569.479955,5,2,8,1,99,51.0,244.9
1569.482076,5,3,7,2,32,63.0,1371.0
1569.4823305,3,1,7,1,122,50.0,176.322
1569.4829005,6,147,24,8,607,62.0,1305.0
1569.4829795,3,1,3,0,1,46.0,0.0
1569.483305,1,1,4,0,26,48.0,59.053
1569.4843095,3,1,2,0,7,52.0,39.061
1569.485013,1,1,3,0,4,46.0,10.461
1569.4850215,3,1,1,0,5,52.0,32.032
1569.4856785,6,1,1,0,1,45.0,0.0
1569.4867905,3,1,1,0,1,45.0,0.0
1569.4868615,6,210,38,21,449,70.0,15829.0
1569.487009,1,69,36,13,310,68.0,6671.0
1569.487067,5,36,30,9,229,62.0,2808.0
1569.4873015,3,1,4,0,27,47.0,48.561
1569.487895,5,101,15,3,118,58.0,801.666
1569.487925,2,1,6,2,119,53.0,449.946
1569.4887265,6,1,1,0,1,45.0,0.0
1569.4894035,6,1,1,0,1,46.0,0.0
1569.4902355,6,15,23,9,379,66.0,3082.0
1569.490242,5,1,9,2,136,55.0,316.107
1569.4920595,6,320,35,12,481,60.0,2884.0
1569.492334,1,17,21,7,156,63.0,2881.0
1569.492336,2,16,18,6,109,65.0,2981.0
1569.492342,5,14,15,3,158,55.0,593.174
1569.493031,5,3,9,1,53,55.0,414.856
1569.4930455,3,1,5,1,73,50.0,129.531
1569.494915,1,1,1,0,1,45.0,0.0
1569.4949315,3,1,1,0,1,45.0,0.0
1569.4957135,3,1,2,0,34,49.0,56.878
1569.4967115,3,1,1,0,1,45.0,0.0
1569.4972565,3,1,3,1,93,50.0,94.0
1569.497826,1,2,2,0,5,48.0,14.423
1569.4994845,6,103,13,3,131,63.0,1521.0
1569.4996285,3,1,1,0,1,45.0,0.0
1569.5003065,6,1,3,0,11,46.0,15.074
1569.50033,1,1,1,0,1,45.0,0.0
1569.5009415,6,183,15,6,359,66.0,1873.0
1569.500942,5,2,3,0,3,52.0,31.109
1569.50096,1,1,5,0,9,50.0,20.709
1569.5009815,3,1,4,0,31,51.0,108.417
1569.503227,5,347,39,11,624,58.0,1861.0
1569.5032645,3,1,3,0,1,45.0,0.0
1569.503302,2,1,3,0,1,51.0,0.0
1569.5035705,6,1,27,7,208,59.0,1798.0
1569.509026,2,1,1,0,1,50.0,0.0
1569.5107,1,1,2,0,1,50.0,0.0
1569.5111735,3,1,11,2,111,52.0,327.33
1569.511191,5,2,10,2,100,53.0,291.243
1569.511943,1,2,2,0,2,49.0,6.726
1569.5119535,3,1,1,0,1,45.0,0.0
1569.51353,5,5,8,1,34,57.0,372.525
1569.5140735,6,2,8,2,264,59.0,337.619
1569.5147065,3,1,4,0,25,50.0,41.822
1569.5148395,6,1,1,0,1,46.0,0.0
1569.5160915,6,25,12,4,169,66.0,1848.0
1569.5168085,6,6,30,12,800,60.0,2395.0
1569.516825,5,2,7,1,64,52.0,181.363
1569.5168415,3,2,5,0,46,53.0,128.809
1569.517594,5,2,3,0,23,51.0,65.996
1569.5182745,3,1,1,0,1,45.0,0.0
1569.5200625,3,1,3,0,18,47.0,20.619
1569.520171,1,2,2,0,2,48.0,5.342
1569.520515,2,1,4,0,1,53.0,0.0
1569.5206205,3,1,1,0,1,45.0,0.0
1569.5208705,6,3,6,1,26,61.0,641.399
1569.5214695,6,23,38,21,359,76.0,22448.0
1569.521498,5,11,31,7,330,58.0,1244.0
1569.5223635,6,2,13,4,310,64.0,947.034
1569.522404,1,1,2,0,1,47.0,0.0
1569.5235415,6,94,18,6,221,65.0,1956.0
1569.52363,5,2,13,3,125,57.0,761.975
1569.5236385,3,15,8,2,126,55.0,407.558
1569.524965,5,3,7,1,27,53.0,243.252
1569.5252575,6,14,9,2,57,63.0,1075.0
1569.525333,1,1,1,0,1,45.0,0.0
1569.527102,1,1,20,6,125,65.0,2747.0
1569.5271415,3,1,7,2,139,53.0,328.779
1569.527146,5,1,5,1,51,51.0,142.31
1569.527183,2,1,3,0,1,53.0,0.0
1569.528086,5,2,7,2,93,56.0,340.745
1569.5281135,3,1,2,0,22,48.0,34.235
1569.528135,1,1,2,0,1,49.0,0.0
1569.528676,1,2,6,0,44,49.0,71.838
1569.5287095,3,1,1,0,18,48.0,17.795
1569.529105,2,1,4,0,1,53.0,0.0
1569.5312095,3,1,1,0,1,45.0,0.0
1569.531306,1,1,1,0,1,45.0,0.0
1569.5317415,6,1,2,0,57,48.0,42.294
1569.5330095,6,2,7,2,35,65.0,1277.0
1569.533846,5,27,22,3,116,59.0,716.085
1569.5340795,6,1,1,0,1,45.0,0.0
1569.535228,5,2,16,4,95,64.0,1863.0
1569.5352325,3,5,10,2,104,54.0,442.544
1569.5372715,6,1,11,3,332,59.0,542.655
1569.5389795,6,1,1,0,1,48.0,0.0
1569.539574,5,1,3,1,195,52.0,99.789
1569.540266,1,1,1,0,1,45.0,0.0
1569.5409795,6,59,16,4,128,59.0,934.406
1569.541009,5,5,9,2,88,61.0,653.024
1569.541031,1,1,3,0,55,49.0,72.929
1569.5410555,3,1,3,0,34,48.0,46.15
1569.541703,1,4,4,0,9,49.0,45.462
1569.5421055,3,1,1,0,1,45.0,0.0
1569.5424105,6,132,9,2,157,61.0,675.617
1569.542571,1,1,3,0,53,47.0,47.83
1569.543594,2,1,1,0,1,51.0,0.0
1569.5436035,3,1,1,0,1,45.0,0.0
1569.543628,1,1,5,0,37,50.0,82.366
1569.5441205,6,38,11,4,280,63.0,968.103
1569.5443405,3,1,2,0,14,47.0,28.066
1569.544397,1,2,1,0,3,47.0,9.051
1569.5451475,6,93,11,3,246,62.0,748.073
1569.5453655,3,1,1,0,1,45.0,0.0
1569.5465075,6,747,53,20,1040,65.0,5344.0
1569.547248,5,11,12,3,91,58.0,832.233
1569.5472535,3,29,10,3,136,55.0,469.4
1569.5480515,6,1,2,0,1,46.0,0.0
1569.5486455,6,1,2,0,1,46.0,0.0
1569.549127,5,9,19,4,148,58.0,912.494
1569.5491395,3,24,8,1,71,52.0,275.245
1569.5491468,6,7,14,8,333,65.0,2547.0
1569.5498725,3,1,9,2,110,51.0,263.246
1569.549952,5,1,4,0,56,52.0,85.281
1569.550733,5,2,9,1,50,58.0,518.215
1569.551361,1,6,2,0,7,50.0,35.013
1569.551605,5,240,11,3,243,54.0,386.901
1569.5518195,3,1,2,0,63,48.0,62.494
1569.552162,1,1,2,0,1,47.0,0.0
1569.5525635,3,1,2,0,62,50.0,39.468
1569.5533125,3,2,1,0,6,47.0,17.914
1569.553323,1,1,1,0,1,46.0,0.0
1569.5547565,3,1,3,1,226,51.0,108.568
1569.5573695,6,128,18,6,290,62.0,1389.0
1569.55753,5,5,16,1,59,53.0,278.723
1569.560078,1,2,1,0,3,46.0,8.141
1569.5605235,6,1,1,0,1,48.0,0.0
1569.5611415,3,1,1,0,1,45.0,0.0
1569.563263,5,2,2,0,2,54.0,3.695
1569.5633035,6,1,3,0,14,48.0,17.432
1569.5650435,6,408,23,8,495,60.0,1316.0
1569.565159,5,1,4,0,8,52.0,41.582
1569.565177,2,1,2,0,1,52.0,0.0
1569.56574,5,16,24,4,106,59.0,1467.0
1569.5678355,6,1,1,0,1,45.0,0.0
1569.568967,1,12,3,0,13,49.0,31.558
1569.5689815,3,1,3,0,4,49.0,13.452
1569.5695855,3,1,1,0,1,45.0,0.0
1569.5710525,3,1,1,0,4,46.0,7.966
1569.571538,5,2,4,0,3,54.0,39.679
1569.5717115,6,1,1,0,1,45.0,0.0
1569.572872,1,1,1,0,1,45.0,0.0
1569.5730695,6,4,16,6,134,67.0,4032.0
1569.5738305,6,2,8,3,219,60.0,783.593
1569.573861,1,1,4,0,71,48.0,69.16
1569.5750045,6,8,7,2,60,62.0,989.663
1569.576511,1,1,6,1,124,48.0,123.993
1569.5765205,3,1,3,0,15,49.0,42.321
1569.5779875,6,2,2,0,2,47.0,3.55
1569.5791685,3,1,8,0,31,50.0,82.615
1569.579179,5,2,11,0,48,53.0,100.113
1569.5811105,6,3,19,13,149,72.0,14322.0
1569.581138,5,25,19,3,138,57.0,710.472
1569.5811395,3,1,8,1,37,53.0,250.104
1569.582949,1,1,3,0,1,46.0,0.0
1569.5842155,6,2,6,2,27,66.0,1138.0
1569.5844145,3,1,1,0,5,48.0,16.826
1569.5848645,6,320,22,9,475,65.0,2498.0
1569.58507,2,2,3,0,31,53.0,256.862
1569.5850885,3,1,3,0,13,51.0,54.289
1569.5856575,3,1,3,0,19,50.0,47.142
1569.58566,5,2,6,0,25,52.0,101.443
1569.586185,5,10,7,2,149,54.0,370.941
1569.586203,2,1,1,0,1,51.0,0.0
1569.5862135,3,1,3,0,1,47.0,0.0
1569.586222,1,1,6,1,73,50.0,115.048
1569.586847,5,1,29,10,685,56.0,1319.0
1569.5887665,6,1,11,3,130,59.0,689.251
1569.5898675,6,3,15,4,132,66.0,1772.0
1569.590225,1,1,7,0,6,50.0,27.186
1569.5902335,3,2,1,0,2,45.0,3.213
1569.5905705,6,10,16,9,144,69.0,6470.0
1569.590627,5,1,3,0,1,51.0,0.0
1569.591746,1,1,2,0,1,48.0,0.0
1569.5933205,6,461,23,9,622,60.0,1349.0
1569.593807,2,1,2,0,1,52.0,0.0
1569.593813,1,1,1,0,1,45.0,0.0
1569.5938265,3,1,3,0,1,48.0,0.0
1569.5944785,6,156,18,7,379,63.0,2353.0
1569.595575,5,2,4,0,41,51.0,87.589
1569.5959825,6,120,45,19,1207,69.0,7401.0
1569.5961225,3,1,4,1,74,52.0,123.929
1569.596144,5,15,3,0,33,51.0,113.406
1569.596152,2,1,2,0,1,53.0,0.0
1569.5966985,3,1,1,0,1,45.0,0.0
1569.596714,1,1,3,0,60,46.0,46.915
1569.5979665,6,1,2,0,1,45.0,0.0
1569.599051,5,1,8,3,238,57.0,518.047
1569.599282,1,1,1,0,1,46.0,0.0
1569.5992905,6,1,7,0,28,48.0,47.106
1569.5999035,6,120,8,3,158,61.0,944.3
1569.6000685,3,1,1,0,1,45.0,0.0
1569.6010965,3,1,2,0,1,45.0,0.0
1569.601131,5,2,5,0,2,51.0,11.214
1569.6014925,6,5,10,3,106,65.0,1362.0
1569.601772,1,1,1,0,1,45.0,0.0
1569.6022175,6,1,14,4,166,64.0,1602.0
1569.6041045,6,1,2,0,1,47.0,0.0
1569.6053095,6,1,3,0,72,48.0,44.396
1569.6059015,6,496,66,46,662,79.0,83131.0
1569.605908,5,14,24,7,146,64.0,3050.0
1569.6059255,3,2,16,4,204,55.0,611.333
1569.606585,2,1,1,0,1,50.0,0.0
1569.606624,1,1,2,0,1,48.0,0.0
1569.607182,5,2,2,0,3,56.0,48.834
1569.6080215,6,1,16,5,244,61.0,1209.0
1569.6080245,3,1,1,0,1,45.0,0.0
1569.6087835,3,1,4,0,12,52.0,76.183
1569.609189,5,2,1,0,6,52.0,60.445
1569.610026,5,85,21,4,171,54.0,627.285
1569.6100758,6,301,31,14,687,72.0,8463.0
1569.6112975,6,13,7,1,41,60.0,616.803
1569.611586,5,9,13,2,113,53.0,368.219
1569.6115915,3,2,11,2,96,54.0,551.433
1569.612475,1,1,1,0,1,45.0,0.0
1569.612919,5,2,8,2,43,60.0,864.962
1569.6132385,3,1,2,0,13,51.0,41.064
1569.613242,1,1,2,0,1,45.0,0.0
1569.6143785,6,399,28,8,484,61.0,1926.0
1569.6147715,3,1,4,0,64,50.0,75.828
1569.614795,2,1,2,0,1,52.0,0.0
1569.61534,1,1,2,0,1,45.0,0.0
1569.6154415,3,1,1,0,1,45.0,0.0
1569.6159585,6,261,24,7,370,62.0,1620.0
1569.6162235,3,1,2,0,17,45.0,22.971
1569.616992,1,139,31,8,323,62.0,1842.0
1569.6169945,6,525,66,29,1174,68.0,13028.0
1569.617098,5,41,23,5,167,58.0,1232.0
1569.6171105,3,12,15,4,223,54.0,670.437
1569.6187485,6,2,6,2,42,59.0,719.23
1569.618783,1,1,2,0,1,50.0,0.0
1569.6194335,6,16,15,4,83,63.0,1615.0
1569.619459,5,37,10,1,71,53.0,322.255
1569.6194785,3,1,3,0,4,49.0,14.601
1569.61952,2,1,2,0,1,51.0,0.0
1569.6201115,3,1,2,0,25,48.0,33.264
1569.620138,1,2,2,0,2,46.0,5.201
1569.620425,5,2,3,0,40,53.0,135.922
1569.621034,1,1,2,0,1,49.0,0.0
1569.6211785,6,3,1,0,4,47.0,12.758
1569.622005,1,1,4,1,125,48.0,93.1
1569.6221275,3,1,1,0,1,45.0,0.0
1569.622367,5,8,29,11,146,71.0,9217.0
1569.622373,2,4,27,17,200,71.0,13910.0
1569.6223745,6,58,58,23,580,67.0,9751.0
1569.6228455,3,2,4,1,92,48.0,112.648
1569.6240685,6,10,32,11,399,68.0,4243.0
1569.62408,5,40,27,6,222,58.0,1498.0
1569.6250595,6,249,12,4,426,63.0,1278.0
1569.625845,1,1,2,0,7,48.0,25.73
1569.626916,1,2,6,1,59,50.0,111.64
1569.628759,5,2,12,3,79,64.0,1512.0
1569.6294885,6,3,24,10,219,68.0,5953.0
1569.629492,5,10,14,2,99,56.0,519.503
1569.6295015,3,31,11,3,151,55.0,551.795
1569.6313005,6,7,58,46,869,83.0,96620.0
1569.631303,5,21,37,14,271,65.0,6431.0
1569.63131,1,26,40,17,273,68.0,9392.0
1569.631315,2,42,33,18,283,66.0,9628.0
1569.6313205,3,2,30,16,531,68.0,6563.0
1569.6326695,3,1,1,0,1,46.0,0.0
1569.6328075,6,1,2,0,1,47.0,0.0
1569.6333545,6,555,50,24,845,77.0,22601.0
1569.633583,1,1,1,0,1,47.0,0.0
1569.634122,1,13,18,6,155,62.0,1874.0
1569.634153,5,46,8,1,47,52.0,164.294
1569.6355975,6,241,20,6,314,60.0,1276.0
1569.6357705,3,1,2,0,1,45.0,0.0
1569.635777,1,1,3,0,1,48.0,0.0
1569.6364455,6,38,16,5,131,63.0,1678.0
1569.636515,1,1,4,0,1,49.0,0.0
1569.6365185,3,1,2,0,11,46.0,15.438
1569.637066,5,43,23,6,153,61.0,2007.0
1569.6370825,6,7,71,31,1642,66.0,7579.0
1569.637747,5,2,6,0,3,51.0,16.973
1569.6379355,3,1,13,3,222,51.0,328.567
1569.6390925,3,1,2,0,1,49.0,0.0
1569.639906,1,1,1,0,1,46.0,0.0
1569.6413615,6,1,5,0,24,48.0,38.535
1569.6442315,6,143,21,9,486,65.0,2512.0
1569.644406,1,1,5,0,23,48.0,29.628
1569.644926,5,3,2,0,6,51.0,49.673
1569.6456775,6,1,15,4,151,63.0,1408.0
1569.645679,5,1,7,1,85,54.0,218.383
1569.6456855,3,2,5,1,46,55.0,194.243
1569.645712,1,1,5,0,12,50.0,45.271
1569.646365,5,30,16,3,120,57.0,664.063
1569.6463665,6,17,27,12,452,67.0,4621.0
1569.6463795,3,2,9,2,113,52.0,347.427
1569.647043,5,4,18,5,222,59.0,1171.0
1569.6473615,6,200,18,7,342,66.0,2522.0
1569.6483535,6,1,3,0,11,46.0,13.674
1569.64887,5,3,13,2,78,55.0,513.983
1569.648894,1,1,5,0,1,50.0,0.0
1569.648896,2,1,1,0,1,50.0,0.0
1569.6489055,3,2,3,0,31,49.0,58.508
1569.6501105,3,1,1,0,1,45.0,0.0
1569.650879,1,1,1,0,1,45.0,0.0
1569.6520045,3,1,2,0,1,46.0,0.0
1569.652027,5,1,2,0,13,51.0,54.749
1569.652613,1,1,2,0,42,47.0,29.11
1569.65416,5,2,31,10,417,68.0,3456.0
1569.654386,1,18,33,8,153,62.0,2971.0
1569.6543965,3,74,14,2,122,53.0,402.412
1569.6553935,6,219,25,10,516,69.0,4073.0
1569.6573595,6,10,42,15,969,63.0,2856.0
1569.6574105,3,1,2,0,6,46.0,12.863
1569.6583115,3,1,1,0,1,45.0,0.0
1569.6589345,6,1,4,0,24,48.0,29.104
1569.659232,5,62,25,7,205,60.0,1612.0
1569.660049,2,1,2,0,1,50.0,0.0
1569.6609165,6,64,17,11,182,73.0,13901.0
1569.661023,1,1,1,0,1,45.0,0.0
1569.6620385,3,1,1,0,1,47.0,0.0
1569.6627015,6,3,5,1,100,59.0,390.701
1569.6629605,3,1,3,0,13,55.0,155.536
1569.662983,1,6,4,0,13,50.0,47.526
1569.6642425,6,1,2,0,1,45.0,0.0
1569.6648445,6,5,79,31,1013,70.0,12225.0
1569.664848,5,1,12,3,214,52.0,302.366
1569.6648565,3,200,21,4,254,54.0,566.267
1569.66495,2,1,6,0,21,53.0,98.086
1569.665596,5,17,19,4,137,59.0,1212.0
1569.6656125,3,2,7,1,82,53.0,257.503
1569.6663835,6,378,29,10,479,64.0,2867.0
1569.666841,5,2,5,0,5,53.0,33.149
1569.6668665,3,1,1,0,6,45.0,10.005
1569.666897,1,1,3,0,1,49.0,0.0
1569.668025,1,1,1,0,1,47.0,0.0
1569.6688785,6,217,35,11,482,61.0,2899.0
1569.66911,5,2,20,4,225,58.0,595.986
1569.6691355,3,1,4,1,153,50.0,175.225
1569.669205,2,1,3,0,1,51.0,0.0
1569.670615,5,7,10,2,82,57.0,633.044
1569.6706555,3,1,5,0,21,52.0,97.315
1569.6715685,6,15,43,20,416,72.0,14006.0
1569.671574,1,35,31,9,208,64.0,3826.0
1569.671588,5,68,29,9,334,61.0,2217.0
1569.6723575,3,2,7,0,42,49.0,120.09
1569.6724915,6,6,8,1,55,60.0,453.226
1569.6729435,3,1,1,0,4,50.0,16.508
1569.672967,2,1,2,0,1,52.0,0.0
1569.6731085,6,896,37,15,1086,62.0,2290.0
1569.6735435,3,1,1,0,1,45.0,0.0
1569.6740447,3,1,1,0,1,45.0,0.0
1569.674067,2,1,2,0,47,52.0,107.631
1569.674686,5,6,8,1,62,53.0,301.426
1569.6746948,6,1,15,5,322,60.0,1015.0
1569.6747005,3,1,6,1,82,51.0,227.13
1569.67477,2,1,1,0,1,50.0,0.0
1569.675306,1,2,11,2,170,62.0,622.917
1569.6754615,3,1,1,0,1,45.0,0.0
1569.6755415,6,117,12,4,151,63.0,1972.0
1569.6760115,3,1,9,3,204,52.0,333.721
1569.6770555,6,2,3,0,69,47.0,78.804
1569.6777745,3,2,3,0,24,48.0,41.255
1569.677784,5,1,5,0,1,51.0,0.0
1569.6777865,6,264,26,9,479,64.0,2467.0
1569.678723,5,1,7,1,58,53.0,171.362
1569.6787935,3,1,2,0,1,48.0,0.0
1569.678794,1,1,10,1,157,48.0,145.739
1569.6788955,6,8,44,20,1015,68.0,7492.0
1569.67962,5,4,9,1,41,53.0,155.903
1569.6816295,3,1,2,0,32,49.0,46.614
1569.68164,1,2,4,0,16,50.0,66.316
1569.6824765,6,282,16,6,612,60.0,965.12
1569.6836525,6,1,2,0,1,45.0,0.0
1569.6841995,6,1,1,0,1,47.0,0.0
1569.685287,1,2,3,0,7,50.0,36.49
1569.6853975,6,1,2,0,1,45.0,0.0
1569.686291,1,2,1,0,2,46.0,3.903
1569.6872305,6,1,3,0,143,48.0,48.539
1569.6890235,6,3,12,4,181,59.0,705.698
1569.689068,5,25,12,2,52,57.0,546.572
1569.6900385,6,1,16,4,185,61.0,1045.0
1569.6900505,3,1,9,1,108,52.0,201.255
1569.691289,5,77,22,4,141,57.0,894.151
1569.6914075,6,625,28,11,807,59.0,1832.0
1569.6951495,6,1,1,0,1,47.0,0.0
1569.695387,5,1,5,1,41,56.0,284.609
1569.6961205,6,331,22,10,552,70.0,5125.0
1569.6964995,3,1,2,0,6,47.0,12.684
1569.6977855,6,13,25,9,434,62.0,2500.0
1569.6978365,3,2,2,0,6,47.0,16.386
1569.697839,1,1,4,0,33,50.0,83.247
1569.7009235,3,1,9,2,134,52.0,350.879
1569.700948,2,1,2,0,19,52.0,53.82
1569.700962,5,6,7,1,46,54.0,170.078
1569.7020725,6,4,33,12,436,67.0,4437.0
1569.7021995,3,1,2,0,11,48.0,29.643
1569.7035695,3,1,3,0,37,47.0,52.213
1569.7039415,6,302,44,20,700,73.0,12595.0
1569.704145,5,118,33,7,255,62.0,1770.0
1569.705795,1,1,2,0,12,49.0,33.77
1569.7065145,3,1,4,0,21,50.0,51.95
1569.706532,5,2,8,0,28,53.0,137.307
1569.7071155,6,664,19,8,700,61.0,1458.0
1569.7085095,6,66,16,9,237,72.0,8582.0
1569.709339,1,1,3,1,98,48.0,78.749
1569.7093595,3,1,4,0,28,46.0,50.986
1569.7100255,6,123,10,4,177,70.0,3278.0
1569.7119555,6,7,6,2,38,64.0,967.098
1569.7119925,3,1,1,0,5,47.0,9.519
1569.711994,1,1,1,0,1,45.0,0.0
1569.712507,1,1,1,0,1,47.0,0.0
1569.713327,1,339,36,14,483,67.0,6711.0
1569.7133595,6,335,34,9,467,61.0,1868.0
1569.7136745,3,1,7,1,65,52.0,194.6
1569.713691,5,39,13,2,89,59.0,555.315
1569.7143465,6,910,79,29,1209,70.0,10481.0
1569.714423,5,1,2,0,6,51.0,21.352
1569.7144445,3,2,2,0,6,47.0,18.368
1569.7149735,3,1,9,2,101,53.0,284.528
1569.714979,5,19,16,3,82,61.0,1138.0
1569.715955,5,1,9,2,164,54.0,247.336
1569.7160825,6,12,15,4,113,63.0,1180.0
1569.7161005,3,1,8,1,75,55.0,350.527
1569.7169635,6,44,22,9,215,63.0,3679.0
1569.717018,1,3,9,1,59,50.0,190.721
1569.717058,5,9,9,1,46,52.0,247.953
1569.7170585,3,1,3,0,25,51.0,60.599
1569.71827,2,2,16,6,91,65.0,3428.0
1569.7190925,6,6,17,6,151,66.0,3138.0
1569.719106,5,1,3,0,21,52.0,43.15
1569.7191285,3,1,3,0,48,50.0,87.362
1569.719151,1,2,4,0,30,48.0,60.394
1569.71917,2,1,1,0,1,51.0,0.0
1569.719663,5,1,24,5,272,53.0,767.668
1569.7196785,3,1,17,4,311,53.0,502.585
1569.71969,1,2,33,8,323,64.0,2013.0
1569.7197445,6,1049,93,37,2146,66.0,8329.0
1569.720743,5,2,16,3,150,55.0,581.838
1569.7207485,3,1,10,1,83,51.0,206.388
1569.721564,1,1,3,0,1,47.0,0.0
1569.7217475,3,1,1,0,1,45.0,0.0
1569.7225905,6,1,2,0,4,45.0,7.341
1569.723049,1,75,46,32,429,75.0,31091.0
1569.723118,2,78,38,29,240,71.0,28074.0
1569.7231205,3,10,37,25,363,72.0,23425.0
1569.723121,5,84,45,18,279,65.0,8644.0
1569.7231215,6,29,66,35,685,71.0,23449.0
1569.7249985,6,77,21,8,539,60.0,1388.0
1569.7251785,3,2,2,0,8,55.0,89.628
1569.725195,1,1,1,0,1,45.0,0.0
1569.725212,2,1,2,0,1,51.0,0.0
1569.7259325,3,1,1,0,1,45.0,0.0
1569.7261165,6,292,34,14,638,64.0,4809.0
1569.7264365,3,5,6,0,26,51.0,103.144
1569.726469,5,2,8,4,342,54.0,386.164
1569.727306,1,1,8,1,167,48.0,137.282
1569.7273135,6,468,22,9,517,61.0,1956.0
1569.7274745,3,1,1,0,1,45.0,0.0
1569.7283665,6,2,38,12,571,66.0,3303.0
1569.728402,5,1,9,0,30,53.0,116.292
1569.7287555,3,1,4,0,54,49.0,81.794
1569.728774,2,1,5,0,1,53.0,0.0
1569.7295975,6,1,2,0,99,48.0,46.179
1569.7302505,6,155,16,4,208,63.0,1232.0
1569.731493,1,1,3,0,7,48.0,21.027
1569.7319845,3,1,1,0,1,45.0,0.0
1569.732002,1,2,2,0,8,50.0,36.297
1569.7327035,6,1,35,11,531,62.0,2557.0
1569.732711,5,31,12,2,76,53.0,477.299
1569.7327275,3,1,7,1,48,51.0,134.117
1569.733858,5,9,19,4,231,53.0,567.527
1569.7338765,3,1,2,0,15,47.0,36.278
1569.733912,1,1,7,0,36,49.0,73.212
1569.7346608,6,321,26,9,404,65.0,3308.0
1569.736756,1,1,6,0,4,48.0,8.912
1569.739297,1,1,1,0,1,45.0,0.0
1569.7394375,6,272,46,19,534,70.0,11332.0
1569.739647,5,81,22,5,236,56.0,1041.0
1569.740892,1,1,1,0,1,45.0,0.0
1569.74101,5,127,8,2,156,51.0,231.842
1569.7411265,3,1,2,0,1,47.0,0.0
1569.741146,2,1,2,0,1,53.0,0.0
1569.742121,5,2,4,1,33,59.0,460.184
1569.7421425,3,1,2,0,4,46.0,7.437
1569.742158,1,1,2,0,1,45.0,0.0
1569.7427305,6,153,13,5,393,59.0,870.503
1569.7437105,6,5,13,5,72,68.0,4394.0
1569.7437555,3,1,3,0,24,48.0,64.996
1569.743787,1,1,1,0,1,46.0,0.0
1569.7450665,6,403,31,13,600,72.0,6395.0
1569.7452475,3,1,1,0,1,45.0,0.0
1569.74548,5,1,9,1,61,52.0,192.692
1569.746336,5,1,20,6,116,67.0,3128.0
1569.7463565,3,1,8,2,97,55.0,322.787
1569.747214,1,2,4,0,11,49.0,43.78
1569.748592,5,2,3,0,3,51.0,21.757
1569.7487345,6,4,8,2,77,60.0,716.364
1569.7499235,3,1,2,0,1,46.0,0.0
1569.750486,5,153,6,1,156,54.0,194.421
1569.7506405,3,1,2,0,5,47.0,11.98
1569.750718,1,1,1,0,1,47.0,0.0
1569.7515985,3,1,3,0,1,46.0,0.0
1569.751619,2,1,1,0,1,52.0,0.0
1569.75191,1,475,43,13,607,62.0,3071.0
1569.7519225,6,146,35,13,581,65.0,3672.0
1569.752078,5,21,18,5,398,53.0,664.297
1569.7521125,3,1,1,0,11,47.0,13.784
1569.7532995,3,1,4,0,27,52.0,97.036
1569.7533085,6,897,48,17,1102,67.0,4094.0
1569.754167,2,1,4,0,1,53.0,0.0
1569.754168,5,129,12,3,212,56.0,448.584
1569.7541745,3,17,7,1,111,54.0,239.08
1569.7556935,6,1,1,0,1,46.0,0.0
1569.7562885,6,1,4,1,51,59.0,272.622
1569.7570305,6,6,13,6,242,67.0,2636.0
1569.757045,5,1,11,0,1,51.0,0.0
1569.7570495,3,1,4,0,33,48.0,81.319
1569.7583105,6,19,15,3,105,66.0,1548.0
1569.758352,1,1,3,0,21,50.0,31.649
1569.7583675,3,1,2,0,55,48.0,39.214
1569.758383,2,1,2,0,1,51.0,0.0
1569.7590735,6,5,6,2,38,63.0,961.095
1569.7596815,6,396,16,6,415,62.0,1238.0
1569.759946,5,2,4,0,57,53.0,83.92
1569.7607575,6,2,8,1,51,63.0,877.24
1569.7612595,3,1,4,0,1,47.0,0.0
1569.7613285,6,1,3,1,211,48.0,107.518
1569.7622995,6,10,26,13,191,73.0,14478.0
1569.762307,5,76,23,5,153,57.0,1245.0
1569.7640075,6,2,39,14,625,72.0,5868.0
1569.764144,5,4,4,1,46,55.0,180.162
1569.7654965,6,1,1,0,1,45.0,0.0
1569.7658295,3,1,2,0,1,45.0,0.0
1569.7660045,6,373,23,9,413,69.0,3934.0
1569.766804,1,1,8,0,39,50.0,121.331
1569.766982,5,2,3,0,15,53.0,108.427
1569.7670015,6,1,1,0,1,47.0,0.0
1569.7674355,3,1,1,0,1,45.0,0.0
1569.767441,1,1,4,0,1,48.0,0.0
1569.7675305,6,886,43,20,960,65.0,6990.0
1569.7680335,3,2,3,0,28,48.0,62.543
1569.7690615,6,1,1,0,1,47.0,0.0
1569.769817,1,1,4,0,4,50.0,16.486
1569.7698255,3,1,1,0,1,45.0,0.0
1569.7706995,6,121,12,4,228,59.0,744.191
1569.771292,1,1,3,0,1,46.0,0.0
1569.7713055,3,1,1,0,1,45.0,0.0
1569.772142,5,11,13,2,96,54.0,335.98
1569.7726295,6,217,40,20,453,72.0,11006.0
1569.77286,5,28,25,6,213,58.0,1301.0
1569.773779,1,1,1,0,1,45.0,0.0
1569.7738715,6,1,1,0,1,46.0,0.0
1569.774128,5,3,3,0,4,51.0,18.376
1569.7744425,6,68,19,4,211,59.0,834.24
1569.7744655,3,1,2,1,93,51.0,107.571
1569.774506,1,2,4,0,17,50.0,59.496
1569.776053,1,2,11,3,67,65.0,1868.0
1569.7768025,6,1,2,0,1,48.0,0.0
1569.7772935,3,1,1,0,1,45.0,0.0
1569.777692,2,1,2,0,1,52.0,0.0
1569.7783365,6,2,13,3,160,61.0,882.559
1569.778814,5,5,4,0,32,52.0,124.519
1569.779073,1,2,1,0,2,45.0,3.352
1569.7797435,6,549,34,18,659,75.0,14363.0
1569.7803155,3,1,9,2,100,52.0,241.464
1569.780327,5,1,15,2,116,52.0,352.424
1569.781144,5,1,8,1,69,56.0,229.866
1569.7811805,6,1,4,1,165,46.0,87.358
1569.7820195,3,2,1,0,6,54.0,65.506
1569.782052,1,1,2,0,1,47.0,0.0
1569.782718,5,2,6,0,2,52.0,9.45
1569.7827595,3,2,1,0,2,45.0,3.324
1569.7839195,6,128,165,415,2436,98.0,4739000.0
1569.784051,5,39,93,153,973,86.0,400535.0
1569.784052,1,30,123,215,964,86.0,898697.0
1569.784053,4,34,43,37,357,73.0,42232.0
1569.784054,2,39,107,235,938,88.0,1059000.0
1569.7840575,3,59,79,220,1647,84.0,745516.0
1569.785653,1,1,2,0,4,48.0,10.22
1569.786586,5,2,9,2,60,62.0,859.002
1569.7865915,3,2,5,0,33,52.0,180.204
1569.7869215,6,1,81,36,1164,68.0,15508.0
1569.7871435,3,2,4,0,2,46.0,6.375
1569.787539,5,41,27,6,238,59.0,1414.0
1569.7886175,6,388,22,8,433,63.0,1666.0
1569.789052,1,1,1,0,1,45.0,0.0
1569.7897255,6,1,2,0,1,46.0,0.0
1569.790232,5,3,14,3,137,58.0,789.397
1569.7902455,6,451,29,11,480,63.0,3109.0
1569.7902575,3,1,11,2,132,53.0,349.295
1569.7913215,6,1,3,0,1,47.0,0.0
1569.791346,1,1,6,1,95,50.0,109.876
1569.7919395,6,250,28,9,426,68.0,3267.0
1569.79225,5,3,9,2,119,55.0,427.898
1569.792256,2,1,3,0,15,52.0,72.75
1569.7922615,3,29,5,0,33,49.0,79.336
1569.7928895,6,1,1,0,5,47.0,13.378
1569.793168,5,2,17,2,96,56.0,454.944
1569.7931805,3,1,3,1,146,49.0,114.0
1569.793194,2,1,5,0,11,53.0,53.758
1569.7934175,6,111,56,22,817,71.0,8919.0
1569.793783,5,2,17,3,264,51.0,447.528
1569.7939615,3,1,7,2,174,52.0,280.845
1569.7947405,6,2,8,3,155,59.0,583.167
1569.794765,2,2,3,0,3,53.0,21.823
1569.795544,1,1,1,0,1,45.0,0.0
1569.7961735,3,1,6,1,93,53.0,179.853
1569.7968335,6,1,1,0,1,45.0,0.0
1569.79714,1,1,1,0,1,45.0,0.0
1569.7977525,6,2,2,0,2,48.0,3.241
1569.797768,5,3,6,0,4,58.0,168.138
1569.7983145,6,164,54,50,965,82.0,100394.0
1569.798476,5,16,45,23,376,71.0,15111.0
1569.7984815,3,30,31,19,310,66.0,9957.0
1569.798486,1,14,48,20,306,69.0,11906.0
1569.798491,2,33,32,21,243,70.0,15044.0
1569.7996775,3,1,7,1,92,53.0,223.275
1569.7997798,6,766,39,17,1373,59.0,1955.0
1569.80023,1,1,3,0,1,49.0,0.0
1569.801032,2,1,2,0,38,53.0,108.946
1569.8012635,3,1,1,0,4,53.0,37.793
1569.802464,2,1,2,0,1,51.0,0.0
1569.804094,1,1,6,0,39,50.0,89.793
1569.8041135,3,2,3,0,16,48.0,41.929
1569.8046705,6,2,6,0,8,48.0,26.558
1569.804758,5,1,9,1,60,56.0,358.824
1569.804777,1,1,5,0,22,48.0,42.428
1569.80479,2,1,2,0,1,52.0,0.0
1569.8051405,3,1,1,0,1,45.0,0.0
1569.8060935,6,10,16,5,145,67.0,2726.0
1569.8061,5,3,14,3,93,60.0,876.589
1569.8074025,6,1,5,0,5,47.0,7.999
1569.808482,1,4,3,0,5,50.0,45.027
1569.8087125,6,221,58,22,936,65.0,6470.0
1569.8087235,3,1,2,0,1,48.0,0.0
1569.809254,5,43,14,2,100,54.0,520.439
1569.8092905,3,4,3,0,15,52.0,70.03
1569.80988,5,1,5,1,45,51.0,140.398
1569.8099135,3,1,2,0,6,50.0,30.45
1569.809918,1,1,3,0,18,47.0,36.082
1569.8101845,6,92,12,3,115,64.0,872.628
1569.810216,2,1,2,0,20,52.0,73.426
1569.8110105,6,1,1,0,1,46.0,0.0
1569.811304,1,1,2,0,5,46.0,11.89
1569.811989,1,1,3,0,1,47.0,0.0
1569.8124905,6,217,55,32,838,74.0,29004.0
1569.812718,1,26,51,13,527,63.0,2978.0
1569.812721,5,1,23,5,230,56.0,901.038
1569.8138715,6,1,6,1,151,48.0,97.171
1569.813979,5,2,7,1,40,59.0,466.818
1569.8148405,3,9,3,0,15,54.0,91.699
1569.814877,1,1,3,0,10,50.0,44.911
1569.8148845,6,1,1,0,25,46.0,16.917
1569.8160135,3,2,2,1,143,47.0,86.177
1569.816117,5,2,6,0,40,52.0,93.638
1569.818181,1,1,1,0,1,45.0,0.0
1569.81846,5,1,5,0,8,54.0,65.583
1569.8184735,6,412,32,11,564,64.0,2389.0
1569.8185015,3,1,1,0,1,45.0,0.0
1569.818922,1,1,4,0,50,49.0,53.451
1569.8194875,3,1,5,1,55,50.0,146.964
1569.819533,2,2,3,0,12,53.0,105.442
1569.820269,5,2,19,5,208,57.0,989.49
1569.8202785,6,8,26,10,216,66.0,5520.0
1569.8202885,3,1,14,3,221,55.0,493.639
1569.8210025,6,1,2,0,4,48.0,11.271
1569.8214655,3,1,5,1,93,54.0,246.52
1569.821493,2,1,1,0,1,50.0,0.0
1569.825726,1,1,6,1,67,50.0,128.487
1569.826204,5,36,27,8,152,63.0,3195.0
1569.826296,1,3,10,1,65,49.0,238.363
1569.827038,1,1,4,1,155,49.0,102.149
1569.8271725,3,1,1,0,1,45.0,0.0
1569.827542,5,2,4,0,2,51.0,19.038
1569.8280935,6,120,24,7,287,62.0,2350.0
1569.8282285,3,5,9,2,93,53.0,314.079
1569.82823,5,16,15,3,130,56.0,766.046
1569.8299425,3,1,13,3,153,54.0,520.122
1569.8299545,6,807,54,18,987,64.0,3796.0
1569.829964,5,2,18,3,124,54.0,510.103
1569.830686,5,75,15,3,200,56.0,508.611
1569.8307655,3,1,5,0,41,51.0,122.815
1569.830856,2,1,1,0,1,50.0,0.0
1569.8318945,3,1,4,1,72,50.0,90.015
1569.831911,5,1,9,0,30,52.0,135.381
1569.8324795,6,1,30,8,471,61.0,1469.0
1569.8325315,3,1,9,3,333,52.0,338.963
1569.832536,5,1,3,0,1,51.0,0.0
1569.832613,2,1,3,0,5,53.0,30.449
1569.8338035,6,143,20,7,298,64.0,2241.0
1569.833967,1,1,3,0,23,48.0,40.343
1569.8339815,3,1,1,0,1,45.0,0.0
1569.834316,5,2,5,0,30,54.0,142.178
1569.8346215,6,444,75,29,1296,67.0,8828.0
1569.8348458,5,1,19,7,369,53.0,1035.0
1569.835731,1,1,4,1,166,50.0,110.233
1569.8357415,3,1,2,0,6,50.0,29.171
1569.8364545,6,355,33,14,723,64.0,3257.0
1569.837324,5,3,5,0,8,56.0,184.25
1569.837573,1,1,3,0,4,47.0,8.372
1569.8402595,6,381,41,13,905,64.0,2137.0
1569.8406565,3,2,4,0,85,52.0,101.879
1569.8407578,5,3,3,0,6,53.0,72.06
1569.8413385,3,1,2,0,4,55.0,42.42
1569.841365,2,1,1,0,6,50.0,37.38
1569.841568,5,3,19,5,210,57.0,950.508
1569.8419565,6,1,3,0,79,47.0,70.572
1569.842486,5,2,3,0,8,51.0,48.267
1569.8425725,6,497,42,15,620,64.0,4041.0
1569.8427955,3,1,10,2,231,51.0,255.366
1569.843068,2,1,2,0,1,51.0,0.0
1569.8438605,6,218,33,12,536,66.0,4201.0
1569.8441335,3,1,2,0,5,52.0,33.224
1569.844747,1,1,1,0,1,45.0,0.0
1569.8448975,6,177,26,9,343,63.0,2977.0
1569.845052,5,52,25,5,157,57.0,973.23
1569.8450885,3,1,7,1,68,51.0,165.557
1569.845689,1,1,3,0,71,50.0,75.209
1569.8457455,3,2,2,0,2,46.0,7.006
1569.846399,5,2,17,3,86,63.0,1429.0
1569.8464295,3,1,3,0,26,50.0,52.327
1569.8470625,6,1,4,0,46,46.0,39.657
1569.8479645,6,396,17,7,575,63.0,1378.0
1569.8487925,3,1,1,0,5,48.0,12.838
1569.8490398,6,853,79,45,1188,76.0,40708.0
1569.849353,5,3,31,7,264,67.0,2431.0
1569.849399,1,521,65,19,751,63.0,4586.0
1569.8507255,3,1,3,0,9,51.0,41.486
1569.8514875,6,1,2,0,1,47.0,0.0
1569.851914,1,2,19,6,152,65.0,2325.0
1569.851916,5,11,28,7,201,64.0,2485.0
1569.8519195,3,2,15,3,122,55.0,579.554
1569.8519887,6,1104,99,35,1378,68.0,12001.0
1569.852775,5,2,11,1,85,52.0,234.462
1569.8527915,3,2,5,0,33,54.0,131.854
1569.853542,5,1,5,0,22,57.0,221.767
1569.8546695,6,4,62,22,952,61.0,4859.0
1569.8547155,3,1,2,0,15,47.0,22.809
1569.854741,1,1,2,0,1,45.0,0.0
1569.855243,1,198,44,12,370,63.0,3959.0
1569.8552435,3,231,22,5,309,53.0,760.247
1569.855256,5,157,38,15,378,71.0,10712.0
1569.8564645,6,1670,114,42,2029,65.0,9742.0
1569.8567655,3,247,18,5,371,55.0,876.199
1569.856769,2,1,1,0,1,50.0,0.0
1569.856981,5,11,22,6,159,60.0,1764.0
1569.858115,1,12,38,12,189,66.0,6264.0
1569.858125,5,86,25,7,226,60.0,2096.0
1569.8590865,6,112,49,31,469,70.0,23438.0
1569.859169,5,9,50,26,317,75.0,28834.0
1569.859175,1,57,55,24,348,66.0,13165.0
1569.859177,4,33,16,6,88,64.0,2957.0
1569.85918,2,26,37,26,288,72.0,20394.0
1569.860298,1,2,6,1,37,62.0,565.569
1569.8606525,6,1,1,0,1,46.0,0.0
1569.8613875,6,478,49,18,849,65.0,4511.0
1569.861543,5,1,30,7,308,60.0,1269.0
1569.8617465,3,1,2,0,6,48.0,17.868
1569.861764,2,1,2,0,1,52.0,0.0
1569.8627368,6,697,67,33,993,74.0,24021.0
1569.86341,1,22,47,22,247,68.0,17358.0
1569.863418,5,25,35,12,226,67.0,5911.0
1569.863419,2,25,35,19,247,68.0,11825.0
1569.8643565,6,294,37,11,355,63.0,3127.0
1569.8643935,3,1,7,1,72,51.0,158.983
1569.8653845,6,1,1,0,1,47.0,0.0
1569.865796,5,2,12,2,144,55.0,483.479
1569.8658785,3,1,4,0,16,49.0,50.463
1569.8672065,6,17,30,18,305,71.0,13771.0
1569.867212,1,14,38,11,221,65.0,4271.0
1569.867216,5,76,22,7,223,61.0,1648.0
1569.868482,5,4,14,2,67,60.0,951.209
1569.8684845,3,1,9,2,114,52.0,243.11
1569.86853,2,2,3,0,4,53.0,43.099
1569.8691035,3,2,2,0,16,46.0,25.301
1569.8696305,6,28,43,14,739,60.0,2691.0
1569.869675,5,23,21,3,109,56.0,783.983
1569.8696785,3,2,9,1,81,53.0,256.143
1569.870902,1,12,52,24,362,74.0,20173.0
1569.8709115,6,20,53,23,423,66.0,11219.0
1569.870916,5,28,52,14,398,63.0,4122.0
1569.870919,2,19,31,15,283,66.0,6109.0
1569.872829,5,1,6,0,11,53.0,55.267
1569.8730665,3,1,2,1,183,50.0,68.968
1569.8734415,6,19,22,10,246,68.0,6327.0
1569.873455,5,5,11,1,73,53.0,343.965
1569.8750105,3,1,8,1,98,49.0,181.746
1569.875022,5,1,22,4,191,54.0,629.876
1569.8752805,6,318,36,13,663,69.0,4847.0
1569.875996,5,1,4,0,1,51.0,0.0
1569.8764745,6,1,2,0,1,48.0,0.0
1569.8774105,3,1,8,1,110,52.0,197.565
1569.877415,5,2,6,0,2,53.0,10.07
1569.8781175,6,236,22,7,320,65.0,3074.0
1569.8783575,3,1,7,1,44,50.0,150.906
1569.879092,5,86,17,5,425,53.0,578.376
1569.8791475,6,31,20,7,202,64.0,2657.0
1569.8791675,3,39,10,2,101,52.0,267.393
1569.8809405,6,2,2,0,2,47.0,7.047
1569.88129,1,1,4,0,16,48.0,35.471
1569.8814865,6,8,19,7,135,71.0,5748.0
1569.881496,5,59,15,4,96,63.0,1328.0
1569.8815055,3,1,4,0,34,51.0,102.769
1569.8846985,6,475,45,17,946,65.0,3886.0
1569.884703,1,1,2,0,1,46.0,0.0
1569.885462,1,1,1,0,1,45.0,0.0
1569.886011,5,2,7,1,57,53.0,175.401
1569.8860495,3,2,5,0,45,48.0,102.396
1569.8864595,6,50,35,27,252,78.0,47389.0
1569.88657,5,40,18,3,79,56.0,771.63
1569.8865965,3,14,11,3,167,55.0,563.349
1569.887171,5,13,12,1,68,55.0,293.179
1569.8872308,1,1,6,0,9,50.0,43.213
1569.8873965,3,2,3,0,3,51.0,17.835
1569.887778,5,40,7,1,53,51.0,155.553
1569.8877885,6,2,7,1,42,62.0,515.993
1569.8883635,6,326,47,16,450,66.0,6711.0
1569.888374,5,212,22,6,389,53.0,844.961
1569.888375,1,161,42,10,433,63.0,2397.0
1569.8883855,3,1,15,5,389,55.0,656.601
1569.8897845,6,1,1,0,1,45.0,0.0
1569.890455,5,5,27,13,194,73.0,13190.0
1569.8904735,6,1,25,7,205,60.0,2172.0
1569.8912675,6,3,9,1,25,61.0,570.152
1569.891437,5,2,12,4,269,52.0,433.141
1569.8920685,6,440,43,16,619,64.0,4274.0
1569.8920965,3,1,4,1,191,47.0,118.694
1569.892299,2,1,3,0,1,50.0,0.0
1569.892501,5,24,9,1,57,52.0,232.463
1569.8931935,6,1,4,0,1,48.0,0.0
1569.8932205,3,1,1,0,1,45.0,0.0
1569.893562,5,1,11,1,78,53.0,261.354
1569.8936985,6,1,1,0,1,45.0,0.0
1569.8942525,3,1,1,0,4,55.0,54.642
1569.8954785,6,529,72,27,1348,71.0,9445.0
1569.8955145,3,1,3,0,21,51.0,55.436
1569.895545,2,1,2,0,1,50.0,0.0
1569.8963725,3,1,2,0,1,45.0,0.0
1569.897377,5,3,17,3,115,60.0,1053.0
1569.8974015,3,1,3,0,1,48.0,0.0
1569.897502,2,1,1,0,1,50.0,0.0
1569.8998215,3,1,2,0,4,50.0,17.583
1569.899851,2,1,1,0,1,50.0,0.0
1569.8998785,6,1,3,0,13,48.0,24.458
1569.9004565,6,658,48,17,885,68.0,5493.0
1569.900796,5,3,7,1,48,57.0,514.426
1569.9008145,3,1,3,0,21,51.0,91.867
1569.900822,1,1,1,0,1,45.0,0.0
1569.901766,1,2,2,0,2,46.0,3.813
1569.9017765,3,1,2,0,22,48.0,50.802
1569.9019975,6,574,64,30,1061,71.0,15700.0
1569.902024,5,1,12,3,208,54.0,344.773
1569.902107,2,1,1,0,1,50.0,0.0
1569.902565,1,19,36,11,246,62.0,3860.0
1569.9037035,6,14,14,5,196,64.0,1978.0
1569.9037685,3,1,1,0,1,45.0,0.0
1569.904968,5,6,7,1,23,57.0,332.764
1569.904997,1,1,6,0,18,48.0,36.817
1569.9052495,6,3,11,2,63,59.0,621.598
1569.9060595,6,2,13,3,115,59.0,630.726
1569.907611,5,5,4,0,9,53.0,96.281
1569.908032,1,2,1,0,2,45.0,6.569
1569.9084195,6,1,1,0,5,47.0,10.285
1569.9088945,3,1,5,0,59,49.0,88.16
1569.9102455,6,1,3,0,21,47.0,26.637
1569.9108025,6,2,9,2,128,59.0,513.662
1569.9114555,6,26,27,8,420,63.0,1962.0
1569.911728,5,2,17,3,109,55.0,627.04
1569.911803,2,1,3,0,1,52.0,0.0
1569.9125275,6,1,2,0,12,46.0,17.467
1569.9132945,6,1,1,0,1,45.0,0.0
1569.913789,1,2,4,0,42,49.0,64.751
1569.9144605,6,3,15,5,117,67.0,2875.0
1569.914495,5,11,7,1,26,55.0,301.808
1569.91453,1,52,3,0,53,49.0,57.225
1569.9151805,6,2,8,2,97,61.0,760.121
1569.9158355,6,4,16,4,215,59.0,857.476
1569.9158565,3,1,2,0,7,47.0,14.637
1569.9172485,6,1,3,0,1,46.0,0.0
1569.917587,5,2,10,1,54,53.0,218.328
1569.9175955,3,1,13,3,151,53.0,510.665
1569.9188625,6,97,18,5,195,62.0,1510.0
1569.9189735,3,2,6,1,62,52.0,180.244
1569.920301,5,3,7,1,35,59.0,554.424
1569.921442,1,1,2,0,4,49.0,17.856
1569.921574,5,1,5,0,14,54.0,85.03
1569.922067,1,1,1,0,1,45.0,0.0
1569.9224895,6,1,1,0,1,45.0,0.0
1569.9231715,6,612,46,22,769,76.0,17969.0
1569.9232925,3,1,2,0,12,47.0,24.968
1569.9238048,3,1,6,1,49,53.0,178.554
1569.923814,5,1,7,0,9,53.0,37.501
1569.924913,1,1,8,1,91,50.0,178.858
1569.92544,5,14,10,1,50,53.0,163.136
1569.925488,2,2,1,0,3,52.0,28.419
1569.927292,5,2,17,5,350,53.0,549.604
1569.9273085,3,1,8,1,52,51.0,128.842
1569.927342,1,1,5,0,1,47.0,0.0
1569.9275805,6,45,34,10,489,62.0,2229.0
1569.927985,2,1,2,0,1,52.0,0.0
1569.9279895,3,1,1,0,1,45.0,0.0
1569.9287985,3,1,1,0,1,45.0,0.0
1569.9293395,6,21,42,15,784,63.0,3692.0
1569.9293535,3,2,13,4,231,53.0,513.847
1569.929354,5,4,13,1,89,55.0,339.641
1569.9318445,6,2,32,12,337,71.0,7593.0
1569.9318795,3,1,8,2,219,51.0,258.084
1569.9327185,6,2,6,1,109,48.0,117.494
1569.9332185,3,1,6,1,80,50.0,141.226
1569.93323,2,1,3,0,1,52.0,0.0
1569.9347945,6,625,44,23,902,75.0,15829.0
1569.935053,1,1,2,0,32,47.0,42.198
1569.9350705,3,1,1,0,1,45.0,0.0
1569.935939,5,1,15,2,81,56.0,506.373
1569.9363085,6,1,1,0,1,46.0,0.0
1569.9385435,3,2,8,1,115,52.0,229.168
1569.93855,2,1,7,0,25,53.0,103.602
1569.9387295,6,203,10,6,450,61.0,1088.0
1569.939439,5,2,5,0,2,57.0,26.59
1569.9394455,3,1,2,0,12,51.0,34.985
1569.93945,1,1,2,0,1,45.0,0.0
1569.9397575,6,68,26,10,495,63.0,2548.0
1569.9409955,6,1,1,0,1,47.0,0.0
1569.941242,1,1,1,0,1,45.0,0.0
1569.9419405,6,1,1,0,1,45.0,0.0
1569.9423065,3,1,6,1,114,48.0,140.263
1569.942349,5,13,9,2,40,58.0,700.414
1569.942449,2,2,1,0,2,50.0,11.214
1569.943035,1,1,2,0,1,46.0,0.0
1569.9439475,6,29,21,7,305,63.0,2377.0
1569.944261,1,1,3,0,17,48.0,17.127
1569.9445185,3,1,3,0,55,49.0,82.975
1569.944577,2,1,5,1,51,53.0,222.877
1569.9450715,6,274,46,22,499,72.0,15477.0
1569.945087,5,255,32,9,393,57.0,1468.0
1569.945956,2,29,30,12,194,65.0,5593.0
1569.9459798,5,53,24,6,164,59.0,1665.0
1569.947186,1,1,4,0,8,48.0,11.637
1569.9477905,6,419,36,11,493,66.0,2997.0
1569.947793,1,1,3,0,9,49.0,24.34
1569.9480005,3,1,2,0,12,48.0,28.432
1569.948504,5,11,11,5,443,53.0,501.169
1569.9488465,6,171,21,5,181,61.0,1704.0
1569.9489345,3,1,4,0,23,49.0,50.908
1569.9495515,6,261,42,18,660,68.0,7480.0
1569.949787,1,22,33,14,214,65.0,8412.0
1569.949791,5,30,26,7,192,63.0,2310.0
1569.950546,1,12,37,15,258,69.0,7841.0
1569.95055,5,42,33,8,242,61.0,2199.0
1569.9507118,6,503,76,29,1467,63.0,6710.0
1569.9512715,3,1,9,5,502,49.0,385.569
1569.951294,5,1,17,3,229,53.0,350.48
1569.953997,1,92,23,4,159,63.0,1080.0
1569.954096,5,6,11,2,73,53.0,413.438
1569.9543565,6,1,2,0,4,47.0,9.499
1569.95473,1,1,2,0,1,48.0,0.0
1569.9561325,6,2,8,3,136,61.0,940.528
1569.9562705,3,1,4,0,23,50.0,81.397
1569.9572175,6,1,5,2,92,61.0,611.709
1569.9581885,6,1,2,0,1,46.0,0.0
1569.9587425,6,249,21,5,353,60.0,795.104
1569.959042,1,1,5,0,14,50.0,25.066
1569.9598265,6,1,15,4,172,60.0,918.347
1569.959876,1,1,2,0,1,46.0,0.0
1569.9606565,6,684,83,33,1298,73.0,14849.0
1569.960792,5,2,5,3,237,53.0,344.775
1569.961342,1,184,52,16,387,64.0,4976.0
1569.961358,2,181,26,12,247,65.0,4487.0
1569.961541,5,11,19,3,167,54.0,536.222
1569.9625555,6,1,2,0,1,46.0,0.0
1569.962886,1,1,1,0,1,45.0,0.0
1569.963552,5,3,6,0,8,53.0,90.351
1569.963597,1,1,4,0,4,47.0,8.363
1569.964235,5,1,34,10,672,55.0,1220.0
1569.9642435,3,4,16,4,254,53.0,575.322
1569.9643985,6,86,35,12,555,62.0,2649.0
1569.9652185,3,1,2,0,4,51.0,19.0
1569.965446,5,196,27,6,284,57.0,975.019
1569.9654538,6,164,44,21,375,71.0,15163.0
1569.965724,2,1,5,0,1,52.0,0.0
1569.9657265,3,2,6,1,72,52.0,166.225
1569.96635,2,1,2,0,1,51.0,0.0
1569.9663645,3,1,1,0,1,45.0,0.0
1569.9680045,3,1,4,0,17,51.0,96.59
1569.9682085,6,178,20,7,340,62.0,1812.0
1569.9688015,3,1,1,0,1,45.0,0.0
1569.9697915,3,1,2,0,4,46.0,8.284
1569.970065,5,1,8,1,85,54.0,280.816
1569.970436,1,12,28,9,316,64.0,2626.0
1569.9704445,3,1,9,2,114,53.0,334.505
1569.970821,5,2,10,2,232,54.0,328.855
1569.9709395,6,29,46,20,770,67.0,7709.0
1569.971052,2,1,2,0,6,53.0,62.861
1569.9713665,3,1,1,0,5,46.0,10.549
1569.971408,1,1,1,0,1,46.0,0.0
1569.9720255,3,1,5,1,111,49.0,118.3
1569.972293,1,1,1,0,1,45.0,0.0
1569.9729075,6,192,28,15,549,72.0,9295.0
1569.973117,5,1,15,3,105,54.0,539.992
1569.9731355,3,1,9,1,87,53.0,272.218
1569.973147,2,1,4,0,1,53.0,0.0
1569.9739895,6,167,25,8,294,63.0,2377.0
1569.974024,5,159,15,4,254,52.0,481.517
1569.9741485,3,1,7,1,76,52.0,194.418
1569.97513,1,1,1,0,1,46.0,0.0
1569.975439,5,2,4,0,3,51.0,28.288
1569.9761665,6,381,26,10,547,66.0,2709.0
1569.976496,5,2,6,1,74,51.0,152.171
1569.9765045,3,1,4,0,13,49.0,34.205
1569.976577,2,1,2,0,1,52.0,0.0
1569.9771815,3,1,8,1,93,49.0,163.868
1569.9772185,6,2,13,3,120,61.0,895.653
1569.9780955,6,994,74,33,1228,71.0,15782.0
1569.9781365,3,1,1,0,1,45.0,0.0
1569.97884,5,267,27,11,400,65.0,4227.0
1569.978854,1,1,2,0,1,45.0,0.0
1569.9799425,6,122,61,22,958,63.0,4945.0
1569.9804645,3,1,13,3,197,54.0,333.404
1569.980467,2,1,8,1,59,53.0,264.176
1569.980476,5,39,10,2,126,51.0,238.232
1569.9815875,6,550,44,13,680,62.0,2686.0
1569.9816955,3,2,7,2,164,52.0,236.649
1569.981797,2,1,2,0,1,50.0,0.0
1569.982698,1,2,4,0,15,49.0,42.638
1569.9827055,3,1,3,1,197,51.0,122.344
1569.9834315,3,1,1,0,1,45.0,0.0
1569.983443,2,1,2,0,1,53.0,0.0
1569.983657,5,1,5,0,1,51.0,0.0
1569.9840035,3,1,1,0,1,45.0,0.0
1569.9846515,6,187,9,3,202,65.0,1401.0
1569.9851355,3,2,3,0,16,50.0,64.035
1569.986632,1,1,1,0,1,45.0,0.0
1569.9872055,6,10,23,11,460,67.0,4833.0
1569.987219,5,2,12,3,118,57.0,739.477
1569.9872345,3,1,6,1,46,51.0,172.984
1569.9887715,6,1201,103,57,2275,75.0,32539.0
1569.9889455,3,1,3,0,1,50.0,0.0
1569.989226,1,1,1,0,1,46.0,0.0
1569.9897268,1,1,2,0,1,48.0,0.0
1569.9897445,3,1,1,0,1,45.0,0.0
1569.989972,2,43,42,24,275,68.0,15323.0
1569.9899848,5,50,40,14,283,64.0,6454.0
1569.9902267,1,1,10,4,341,62.0,856.225
1569.9905445,3,1,1,0,1,45.0,0.0
1569.990926,5,65,12,2,102,56.0,666.469
1569.991067,1,2,2,0,3,49.0,13.381
1569.991539,5,69,22,6,275,58.0,1010.0
1569.9915635,6,7,24,13,207,71.0,11072.0
1569.9915805,3,2,16,4,215,54.0,586.098
1569.9923755,6,225,28,9,351,65.0,3120.0
1569.9926045,3,1,7,1,60,53.0,183.782
1569.993713,5,2,8,0,9,54.0,91.002
1569.9956185,6,149,75,30,875,72.0,14770.0
1569.995763,5,27,29,6,301,56.0,1060.0
1569.9957705,3,41,29,9,603,55.0,1123.0
1569.997335,5,34,41,16,275,66.0,7908.0
1569.997347,2,16,34,19,230,69.0,13712.0
1569.997349,1,58,44,17,277,68.0,9580.0
1569.998131,2,1,3,0,1,52.0,0.0
1569.9981355,3,1,4,0,45,48.0,68.384
1570.0000515,6,528,34,12,752,65.0,2129.0
1570.0005235,3,1,5,0,72,50.0,93.797
1570.000575,5,27,12,2,102,53.0,342.479
1570.000587,2,1,3,0,14,53.0,95.524
1570.00118,5,33,17,4,144,58.0,844.718
1570.0013105,6,1,5,0,1,48.0,0.0
1570.0019155,6,183,25,10,309,68.0,5514.0
1570.0021155,3,1,9,2,132,52.0,315.35
1570.002129,5,140,13,3,153,56.0,674.744
1570.0028015,6,1,2,0,1,46.0,0.0
1570.0031565,3,1,2,0,1,46.0,0.0
1570.003167,1,1,2,0,1,48.0,0.0
1570.003175,2,1,1,0,1,51.0,0.0
1570.003868,5,2,12,5,164,67.0,2699.0
1570.004019,1,1,1,0,1,45.0,0.0
1570.004935,5,20,36,14,207,67.0,9817.0
1570.004944,2,31,23,11,160,67.0,6308.0
1570.0049445,3,9,13,3,183,53.0,427.25
1570.004946,1,59,33,12,193,65.0,7460.0
1570.0049575,6,73,37,11,387,59.0,2484.0
1570.0057805,3,1,3,0,6,47.0,12.379
1570.0068335,3,1,2,0,16,50.0,38.107
1570.007477,1,2,21,6,276,63.0,1422.0
1570.0075115,6,37,16,7,164,64.0,3079.0
1570.007551,5,18,5,1,35,53.0,183.307
1570.0090535,6,252,63,29,787,71.0,16802.0
1570.009282,5,10,37,12,355,63.0,3326.0
1570.009291,1,34,36,11,293,63.0,3586.0
1570.0107175,6,18,73,26,1250,68.0,6645.0
1570.010731,5,24,17,4,172,56.0,817.987
1570.0107375,3,1,9,2,175,52.0,273.55
1570.011615,5,34,5,0,37,51.0,107.614
1570.0116225,3,1,5,1,81,49.0,133.47
1570.0133385,6,1323,79,38,1592,74.0,22117.0
1570.0138415,3,1,4,0,22,48.0,45.403
1570.013855,1,1,2,0,7,48.0,20.421
1570.014564,5,90,55,16,480,62.0,5020.0
1570.01465,1,43,36,10,188,63.0,4295.0
1570.0154385,6,1,1,0,43,47.0,46.916
1570.0163635,6,279,20,8,500,65.0,2594.0
1570.018363,1,1,1,0,1,46.0,0.0
1570.0191835,6,1,12,3,217,60.0,726.584
1570.020344,1,1,1,0,1,45.0,0.0
1570.0207885,6,216,25,7,311,62.0,2106.0
1570.0209275,3,1,4,1,112,52.0,138.152
1570.020942,2,1,3,0,1,51.0,0.0
1570.0216565,6,164,16,5,303,61.0,1274.0
1570.021902,1,197,22,10,312,73.0,8596.0
1570.0225195,6,1,26,6,360,59.0,934.471
1570.022556,5,13,14,2,81,53.0,344.226
1570.022561,2,1,6,1,80,53.0,292.797
1570.0225975,3,1,5,0,27,50.0,54.096
1570.023246,5,385,7,3,386,51.0,266.501
1570.0236,1,1,1,0,1,45.0,0.0
1570.024178,1,2,2,0,3,49.0,12.331
1570.0256655,6,177,12,3,234,61.0,655.446
1570.025855,1,1,2,0,1,46.0,0.0
1570.0266085,6,1,47,16,901,59.0,2635.0
1570.027114,1,1,3,0,30,50.0,44.178
1570.0274005,3,37,7,1,52,52.0,182.6
1570.027403,5,1,7,1,94,51.0,206.608
1570.028536,1,1,1,0,1,45.0,0.0
1570.0299,1,1,3,0,21,50.0,70.533
1570.0300405,6,1,11,3,273,54.0,341.02
1570.0308205,6,6,31,15,379,71.0,10205.0
1570.0308545,3,1,7,1,134,50.0,194.926
1570.030872,5,1,4,0,14,49.0,34.076
1570.03166,5,2,3,0,9,47.0,36.85
1570.0317165,6,2,3,0,14,48.0,31.826
1570.031728,1,1,2,0,1,47.0,0.0
1570.0322375,6,1390,74,26,1635,62.0,4397.0
1570.032416,1,225,29,7,334,59.0,1559.0
1570.032442,2,1,2,0,1,53.0,0.0
1570.032486,5,187,10,3,240,51.0,297.078
1570.033336,5,265,40,11,452,62.0,3517.0
1570.033499,1,66,41,13,314,62.0,4294.0
1570.033528,2,105,24,10,198,63.0,4335.0
1570.0336065,3,19,15,4,141,56.0,764.184
1570.0342975,3,1,1,0,1,46.0,0.0
1570.034298,5,1,2,0,1,46.0,0.0
1570.0348255,6,1,4,0,1,49.0,0.0
1570.034917,5,2,2,0,4,47.0,14.722
1570.0357145,6,117,24,8,492,59.0,1367.0
1570.035715,5,2,9,2,32,64.0,847.491
1570.035876,1,1,3,0,6,50.0,13.713
1570.036592,1,161,37,9,299,60.0,2501.0
1570.036711,5,5,31,22,323,75.0,27974.0
1570.0367265,3,83,20,6,173,59.0,1392.0
1570.0367295,6,58,37,14,567,64.0,4817.0
1570.036731,2,2,24,8,141,65.0,3645.0
1570.036741,4,2,2,0,2,49.0,12.046
1570.037742,1,1,4,0,1,48.0,0.0
1570.0378255,6,288,115,61,1513,75.0,47960.0
1570.037939,5,720,110,37,1362,64.0,10193.0
1570.0379615,3,181,62,25,868,64.0,7459.0
1570.037972,2,160,64,36,821,66.0,14580.0
1570.038128,4,1,5,1,45,54.0,199.536
1570.038246,1,437,63,18,610,62.0,4604.0
1570.0399955,6,1,3,0,1,50.0,0.0
1570.040291,5,2,26,7,280,61.0,2014.0
1570.0403115,3,1,10,3,282,53.0,347.74
1570.040323,1,2,23,5,293,57.0,822.89
1570.040323,2,2,10,6,260,58.0,1108.0
1570.0405035,6,41,13,4,141,66.0,2055.0
1570.0410708,5,146,27,10,273,71.0,5661.0
1570.0412265,6,680,69,30,1000,67.0,11158.0
1570.0412305,3,4,12,4,194,58.0,750.703
1570.041231,2,34,9,3,95,58.0,805.69
1570.041239,1,15,19,3,124,55.0,669.391
1570.041912,1,62,16,3,123,56.0,622.482
1570.04193,5,1,11,1,77,52.0,250.713
1570.041932,2,2,7,1,35,56.0,381.824
1570.0419325,3,1,10,2,140,54.0,383.901
1570.0427405,6,8,12,10,64,74.0,20311.0
1570.0431965,3,1,4,0,30,48.0,54.814
1570.043209,1,1,2,0,1,49.0,0.0
1570.0433235,6,18,6,1,45,54.0,258.63
1570.043329,5,2,3,0,2,46.0,6.886
1570.0438825,6,1,1,0,1,45.0,0.0
1570.0444095,6,1,3,0,1,48.0,0.0
1570.044757,1,17,9,0,27,49.0,97.209
1570.044774,5,1,8,2,194,48.0,199.32
1570.0449365,6,291,37,16,568,67.0,6141.0
1570.0449805,3,2,1,0,2,45.0,3.435
1570.04526,2,28,6,1,34,57.0,416.283
1570.045289,1,39,10,2,87,53.0,340.99
1570.0460365,6,2,7,1,75,54.0,209.387
1570.0466695,6,11,9,1,85,56.0,220.059
1570.047242,5,2,4,0,17,51.0,90.748
1570.0472785,6,29,18,4,199,62.0,997.059
1570.0480385,6,1,4,0,70,47.0,67.687
1570.048087,5,2,7,0,27,53.0,119.637
1570.0486165,6,193,51,23,367,74.0,18373.0
1570.0486275,3,1,28,8,346,56.0,1284.0
1570.048634,1,244,48,12,433,61.0,2669.0
1570.048652,5,163,39,13,349,65.0,4484.0
1570.048657,2,211,28,10,273,59.0,2690.0
1570.04883,4,4,2,0,5,47.0,16.366
1570.0497355,6,159,15,5,362,58.0,734.166
1570.0506385,6,1,1,0,5,50.0,20.489
1570.050874,1,2,35,17,297,72.0,12434.0
1570.050883,5,36,26,8,226,61.0,2437.0
1570.0508835,3,7,29,12,333,64.0,4013.0
1570.050887,2,2,26,15,210,68.0,10267.0
1570.0511465,6,1,3,0,39,48.0,51.101
1570.0516935,6,1,4,0,32,49.0,78.107
1570.052279,5,1,1,0,1,45.0,0.0
1570.0525245,6,154,14,4,248,59.0,820.371
1570.052703,2,1,3,0,29,53.0,91.795
1570.0527055,3,1,1,0,1,46.0,0.0
1570.052709,1,1,5,0,39,51.0,97.141
1570.052975,5,2,7,1,60,54.0,207.026
1570.0535645,6,2,7,2,182,52.0,230.276
1570.053849,5,2,4,0,28,54.0,99.954
1570.0542505,6,2,11,4,364,51.0,372.781
1570.0553205,6,1,14,5,518,53.0,526.207
1570.055481,1,1,1,0,1,45.0,0.0
1570.0570625,6,2,2,0,2,48.0,8.535
1570.0576535,6,2,7,1,101,51.0,267.871
1570.057668,5,2,3,0,16,49.0,48.621
1570.0582685,6,1,2,0,1,59.0,0.0
1570.058488,1,1,6,0,6,51.0,33.413
1570.058587,5,3,9,0,4,51.0,17.542
1570.0585915,3,1,2,0,4,48.0,12.407
1570.0588775,6,2,2,0,2,46.0,4.529
1570.0595465,6,5,18,5,286,60.0,1274.0
1570.0595595,3,1,5,0,30,50.0,74.595
1570.059612,1,1,5,0,1,48.0,0.0
1570.059618,5,1,5,1,106,51.0,181.843
1570.0600945,3,1,5,1,160,50.0,104.34
1570.060123,1,1,3,0,1,51.0,0.0
1570.0603365,6,1,5,0,62,49.0,97.7
1570.0609645,6,612,70,20,908,63.0,4453.0
1570.060991,2,1,5,0,1,53.0,0.0
1570.060991,1,2,6,0,42,52.0,121.54
1570.061355,5,2,5,0,25,51.0,86.698
1570.0613615,3,1,5,0,45,49.0,76.461
1570.061625,1,115,23,4,234,55.0,665.489
1570.061678,2,1,6,2,87,56.0,507.918
1570.0623995,6,258,73,35,1481,71.0,15520.0
1570.062667,2,1,5,0,1,53.0,0.0
1570.062674,5,34,10,1,66,52.0,225.531
1570.0626785,3,38,9,2,129,54.0,324.699
1570.06269,1,8,22,6,370,58.0,928.672
1570.063543,5,2,11,1,60,56.0,297.076
1570.063561,1,17,10,2,143,57.0,484.383
1570.0635645,3,1,8,2,130,52.0,294.972
1570.063575,2,2,4,0,29,57.0,198.607
1570.0644635,6,2,16,6,556,56.0,894.158
1570.0655205,6,566,51,20,957,65.0,5244.0
1570.0657305,3,1,2,0,6,50.0,27.261
1570.065759,5,2,5,0,15,59.0,221.383
1570.066102,1,10,18,4,190,58.0,694.276
1570.066138,2,1,5,1,53,56.0,339.701
1570.0670595,6,1,4,1,177,48.0,105.285
1570.067495,1,3,13,2,110,62.0,608.625
1570.0675045,3,7,6,2,97,60.0,540.91
1570.0677475,6,1,10,3,244,55.0,428.01
1570.068294,5,2,15,3,185,58.0,737.399
1570.068472,1,1,5,0,58,47.0,79.291
1570.0684725,3,5,2,0,13,51.0,74.758
1570.0684918,6,1,35,12,870,56.0,1413.0
1570.0699475,6,7,33,18,380,74.0,17034.0
1570.069957,5,10,22,5,247,56.0,959.031
1570.069961,2,2,18,6,167,60.0,1661.0
1570.0699645,3,18,18,5,213,58.0,1226.0
1570.069965,4,1,2,0,6,50.0,19.002
1570.069977,1,11,20,6,269,59.0,1112.0
1570.070845,1,1,5,0,51,50.0,88.36
1570.0709495,6,233,55,24,567,69.0,12821.0
1570.071171,5,7,26,7,130,61.0,2557.0
1570.071176,2,13,24,8,154,62.0,3293.0
1570.0711785,3,34,17,5,174,58.0,1206.0
1570.071917,5,9,20,5,277,55.0,693.103
1570.071931,2,1,10,5,205,54.0,795.481
1570.0719325,3,5,13,3,170,55.0,479.59
1570.071939,1,10,23,6,271,59.0,1027.0
1570.0720175,6,36,18,5,204,66.0,2168.0
1570.0726585,3,1,2,0,9,46.0,19.036
1570.0727685,6,2,31,12,694,61.0,2180.0
1570.07294,2,1,3,0,1,54.0,0.0
1570.072948,1,1,8,1,84,49.0,152.817
1570.072948,5,1,6,1,47,52.0,159.811
1570.073875,5,10,2,0,11,52.0,66.749
1570.0741715,6,1,3,0,26,49.0,48.041
1570.074325,1,1,1,0,1,46.0,0.0
1570.074687,2,1,3,0,32,52.0,110.234
1570.0746925,3,1,7,2,213,50.0,242.796
1570.0746978,6,2,34,12,813,58.0,1923.0
1570.074879,5,2,9,2,42,65.0,1091.0
1570.07496,1,1,1,0,1,45.0,0.0
1570.075816,5,2,1,0,3,50.0,20.14
1570.0760405,6,391,98,49,1642,77.0,49036.0
1570.0764605,3,94,16,5,254,59.0,1154.0
1570.076467,1,2,25,6,216,57.0,1169.0
1570.0765,2,1,12,4,117,61.0,1246.0
1570.076511,5,86,16,3,130,53.0,436.101
1570.077178,5,2,3,0,18,48.0,48.934
1570.077491,1,2,16,2,71,55.0,546.511
1570.0774995,3,1,9,1,114,50.0,207.316
1570.077519,2,1,8,2,65,56.0,496.854
1570.078072,1,2,30,6,194,61.0,1648.0
1570.078075,5,21,24,5,205,59.0,1319.0
1570.078081,4,1,2,0,50,50.0,80.685
1570.0780837,2,30,21,6,135,59.0,1985.0
1570.0781138,3,10,15,3,117,57.0,606.526
1570.0781835,6,794,66,21,980,60.0,3933.0
1570.078906,1,1,5,0,81,48.0,70.212
1570.078946,5,2,15,2,93,56.0,546.978
1570.0790235,3,1,3,1,134,46.0,60.609
1570.0796945,6,49,16,5,180,61.0,1223.0
1570.07976,5,1,7,0,14,50.0,32.889
1570.079764,1,2,9,1,127,51.0,191.304
1570.0797705,3,1,4,0,56,50.0,89.605
1570.079789,2,2,1,0,3,51.0,28.178
1570.0803345,3,2,5,0,49,50.0,112.636
1570.080349,2,1,2,0,1,56.0,0.0
1570.080361,5,2,7,1,56,52.0,179.262
1570.0803825,6,1,14,3,243,55.0,385.182
1570.080395,1,1,2,0,1,55.0,0.0
1570.0813355,6,2,17,6,508,57.0,742.836
1570.082595,1,2,4,0,3,57.0,94.222
1570.0826175,6,300,33,9,416,58.0,1681.0
1570.08275,5,1,11,3,247,49.0,317.788
1570.0827845,3,1,4,1,175,48.0,125.4
1570.083246,1,49,35,13,327,64.0,5170.0
1570.083246,2,16,34,17,236,67.0,8906.0
1570.083256,4,1,6,1,57,51.0,198.488
1570.0835345,3,1,1,0,1,45.0,0.0
1570.0835945,6,536,110,43,1927,64.0,10432.0
1570.083976,5,2,6,0,20,57.0,167.842
1570.0841775,3,2,1,0,6,51.0,37.837
1570.08499,5,68,8,1,81,51.0,169.273
1570.085003,2,1,3,0,6,56.0,73.518
1570.0850065,3,1,4,1,69,48.0,102.796
1570.085045,1,1,6,0,32,52.0,64.856
1570.085532,2,1,1,0,1,50.0,0.0
1570.0862555,6,684,72,25,1134,63.0,6640.0
1570.08633,5,6,15,3,65,58.0,830.799
1570.0863575,3,1,6,0,49,50.0,120.901
1570.086358,2,1,5,0,1,52.0,0.0
1570.086376,1,1,14,4,261,54.0,500.833
1570.086926,5,1,7,1,60,52.0,213.171
1570.0869365,3,1,5,1,103,50.0,134.65
1570.087,2,2,1,0,3,55.0,56.442
1570.0878955,6,102,119,54,1712,77.0,40483.0
1570.08798,1,72,23,6,206,62.0,1858.0
1570.087998,5,15,23,6,171,59.0,1545.0
1570.088004,2,73,20,6,109,61.0,2498.0
1570.0880075,3,15,28,10,440,61.0,2318.0
1570.088008,4,2,3,0,8,52.0,47.653
1570.088812,5,2,5,0,38,52.0,100.284
1570.08882,1,48,9,1,66,51.0,224.793
1570.088825,2,1,3,0,1,51.0,0.0
1570.0892165,3,1,12,4,231,55.0,538.466
1570.089332,2,1,2,0,1,53.0,0.0
1570.089388,5,1,4,0,1,51.0,0.0
1570.089414,1,1,2,0,1,46.0,0.0
1570.0901095,6,607,132,75,1462,75.0,61852.0
1570.090177,5,3,4,0,4,51.0,42.284
1570.090413,1,367,65,23,573,67.0,8185.0
1570.0904445,3,315,60,30,966,66.0,10631.0
1570.090555,2,183,49,30,369,70.0,19685.0
1570.090661,4,63,11,3,170,52.0,408.28
1570.0906808,5,130,42,17,266,65.0,9194.0
1570.0921815,6,547,142,141,1429,83.0,338813.0
1570.092257,1,535,149,71,1134,76.0,65299.0
1570.0922795,3,507,91,56,1128,73.0,39390.0
1570.092281,5,458,136,70,1123,71.0,54480.0
1570.09235,2,400,105,86,872,78.0,113047.0
1570.092592,4,141,35,13,391,61.0,3349.0
1570.0941285,6,9,9,0,31,57.0,233.997
1570.0946895,6,347,77,26,1368,66.0,5288.0
1570.095041,5,1,9,1,112,52.0,213.961
1570.095042,2,33,7,3,128,58.0,766.89
1570.095043,1,2,17,3,143,56.0,548.812
1570.0950615,3,1,6,1,57,56.0,251.39
1570.095772,5,2,10,2,75,61.0,604.499
1570.096495,5,1,4,0,39,48.0,37.822
1570.0965235,3,1,1,0,1,45.0,0.0
1570.0965578,6,1323,56,20,1356,60.0,2958.0
1570.096829,1,1,3,0,1,48.0,0.0
1570.097303,5,2,6,0,24,48.0,76.246
1570.0973385,3,1,1,0,1,45.0,0.0
1570.098303,1,229,31,7,275,62.0,2093.0
1570.0984495,6,4,19,7,118,69.0,5397.0
1570.09846,5,22,18,4,127,58.0,1070.0
1570.0984785,3,1,10,1,87,53.0,276.164
1570.098492,4,1,2,0,1,48.0,0.0
1570.098506,2,2,7,1,30,57.0,277.596
1570.0992485,6,245,29,11,374,66.0,3792.0
1570.099527,1,1,6,0,40,48.0,86.663
1570.0995465,3,1,1,0,1,45.0,0.0
1570.1001185,3,1,1,0,4,45.0,6.711
1570.1003005,6,568,42,12,754,59.0,1814.0
1570.100566,5,1,3,0,1,49.0,0.0
1570.100873,1,11,5,0,15,52.0,75.114
1570.1009105,3,1,2,0,12,51.0,63.49
1570.101438,1,2,1,0,3,53.0,27.336
1570.1018185,6,151,27,9,565,61.0,2147.0
1570.101978,5,2,6,1,77,55.0,246.739
1570.1019835,3,1,3,0,29,50.0,61.611
1570.101999,1,61,9,1,62,50.0,111.449
1570.102045,2,1,2,0,1,50.0,0.0
1570.102882,1,335,39,14,558,65.0,4596.0
1570.1028845,6,8,50,18,631,64.0,5140.0
1570.1029055,3,315,20,7,447,57.0,1071.0
1570.102964,2,1,3,0,1,51.0,0.0
1570.103225,5,2,18,4,153,59.0,1078.0
1570.1043135,6,4,5,0,25,57.0,232.646
1570.1048785,6,608,69,32,1830,66.0,7854.0
1570.105499,5,19,12,2,150,52.0,206.408
1570.105504,1,1,7,0,4,51.0,22.106
1570.1055135,3,1,2,0,11,49.0,46.618
1570.106682,1,1,4,0,1,48.0,0.0
1570.1066855,3,1,2,0,12,48.0,28.246
1570.106708,5,1,1,0,1,45.0,0.0
1570.1072285,6,1,4,0,13,54.0,78.683
1570.107286,1,1,2,0,1,52.0,0.0
1570.1077455,6,348,54,20,817,67.0,6467.0
1570.107825,5,2,12,2,158,52.0,242.593
1570.107878,1,1,17,3,169,51.0,347.132
1570.1079075,3,1,9,3,232,53.0,332.179
1570.107962,2,1,3,0,1,51.0,0.0
1570.1086765,3,2,2,0,2,45.0,4.927
1570.1092925,6,603,54,29,747,70.0,17508.0
1570.109296,1,42,33,9,256,61.0,2651.0
1570.109297,2,1,20,7,102,64.0,4084.0
1570.1093015,3,12,18,7,166,59.0,2000.0
1570.109302,5,39,22,5,172,57.0,1074.0
1570.109906,2,37,8,2,86,58.0,638.837
1570.109932,4,1,1,0,1,47.0,0.0
1570.1099695,3,1,4,1,131,49.0,153.565
1570.110014,5,1,3,0,28,50.0,55.384
1570.1105665,6,744,170,229,1948,96.0,2195000.0
1570.110638,1,1,2,0,1,47.0,0.0
1570.11087,2,1,6,2,139,54.0,358.178
1570.1108895,3,1,3,1,176,45.0,98.818
1570.110923,5,1,7,2,191,50.0,213.217
1570.111321,1,71,80,55,509,76.0,61256.0
1570.111323,4,12,22,8,198,68.0,3901.0
1570.1115088,2,37,39,18,326,65.0,7268.0
1570.1115658,3,2,60,25,798,63.0,7643.0
1570.111615,5,525,59,17,731,58.0,3447.0
1570.11235,1,1,3,0,1,51.0,0.0
1570.112991,1,192,22,5,249,56.0,831.763
1570.1130225,6,117,40,12,598,59.0,2235.0
1570.113117,5,39,24,6,184,59.0,1704.0
1570.1131315,3,2,9,2,165,51.0,333.734
1570.113145,2,1,7,1,57,55.0,386.052
1570.1142115,6,1061,109,45,1472,72.0,24863.0
1570.114471,1,1,10,2,113,51.0,245.21
1570.114473,2,1,3,0,1,53.0,0.0
1570.1144745,3,1,2,0,21,50.0,64.255
1570.114481,5,1,2,0,1,49.0,0.0
1570.115066,5,235,32,8,387,58.0,1244.0
1570.1150695,3,229,15,6,388,56.0,907.509
1570.115084,1,200,31,7,313,59.0,1336.0
1570.115286,2,1,11,3,121,59.0,951.25
1570.1162255,6,1,5,1,144,49.0,112.631
1570.116322,1,12,11,2,51,59.0,644.98
1570.116606,5,9,17,3,88,55.0,585.882
1570.116612,2,14,10,2,48,60.0,958.324
1570.1166125,3,1,8,2,90,55.0,345.536
1570.1168725,6,8,12,4,420,51.0,361.957
1570.117279,1,1,3,0,11,49.0,36.92
1570.1179865,6,1,17,3,225,54.0,486.055
1570.118071,1,1,1,0,1,45.0,0.0
1570.1180825,3,1,1,0,1,45.0,0.0
1570.1187415,6,72,77,24,1037,64.0,5201.0
1570.118749,1,237,52,15,449,63.0,4577.0
1570.118754,5,253,25,6,333,56.0,842.683
1570.1188375,3,147,25,8,335,62.0,2277.0
1570.118975,2,33,22,6,163,58.0,1742.0
1570.119642,2,1,8,2,71,57.0,694.647
1570.119646,5,13,10,1,48,56.0,271.007
1570.1196825,3,1,5,0,1,49.0,0.0
1570.1196977,1,1,9,2,162,53.0,293.546
1570.12041,5,1,1,0,1,49.0,0.0
1570.1205195,6,182,88,38,1488,73.0,21655.0
1570.1206875,3,22,20,7,226,63.0,2297.0
1570.120691,2,46,27,10,135,65.0,4939.0
1570.120694,1,25,34,9,241,61.0,2756.0
1570.120707,4,17,8,1,36,55.0,386.979
1570.121377,5,97,11,2,136,55.0,361.476
1570.1214155,3,1,5,1,111,52.0,148.27
1570.121453,1,1,6,0,11,51.0,38.963
1570.122312,1,255,22,6,366,59.0,994.17
1570.1224165,3,2,9,4,318,49.0,360.181
1570.122419,5,1,7,0,42,50.0,67.39
1570.12243,2,1,4,0,1,53.0,0.0
1570.1225115,6,351,119,44,2104,65.0,11634.0
1570.123077,5,211,19,4,295,55.0,486.804
1570.123252,1,2,14,2,94,54.0,396.382
1570.1232725,3,1,7,1,47,51.0,155.308
1570.123273,2,1,6,1,30,53.0,191.694
1570.124102,1,284,21,6,379,59.0,926.75
1570.124402,2,1,3,0,1,54.0,0.0
1570.124427,5,1,5,0,25,51.0,76.212
1570.125188,1,1,1,0,1,45.0,0.0
1570.1255295,6,11,28,15,205,76.0,22420.0
1570.125541,4,1,1,0,1,45.0,0.0
1570.125541,5,15,19,5,188,59.0,1027.0
1570.1255485,3,1,11,2,101,52.0,292.017
1570.12557,2,1,11,4,155,58.0,835.033
1570.125707,1,1,3,0,35,48.0,49.315
1570.1262495,6,348,38,22,622,79.0,32583.0
1570.126533,1,3,21,5,146,58.0,1088.0
1570.1265405,3,1,10,2,109,52.0,239.914
1570.126543,2,17,14,4,91,58.0,1141.0
1570.126573,5,2,14,3,118,56.0,639.128
1570.127178,2,1,24,8,244,58.0,1874.0
1570.127182,1,42,36,9,414,58.0,1832.0
1570.1271845,3,1,22,5,305,54.0,674.25
1570.1271908,5,158,27,7,223,59.0,1659.0
1570.1273718,6,297,29,9,567,61.0,1590.0
1570.128489,5,56,34,10,218,62.0,3118.0
1570.1285025,6,34,37,30,327,79.0,55447.0
1570.1285435,3,17,23,6,204,56.0,1450.0
1570.128548,2,65,20,10,176,64.0,3838.0
1570.128556,1,8,23,8,177,63.0,2693.0
1570.1293315,6,1135,97,34,1921,66.0,7128.0
1570.129432,5,171,28,7,243,64.0,2242.0
1570.129484,1,2,15,5,396,52.0,495.443
1570.129586,2,1,7,2,64,56.0,475.626
1570.1296055,3,1,7,1,89,52.0,222.793
1570.130481,5,10,3,0,13,54.0,105.455
1570.130497,1,1,6,0,60,47.0,77.568
1570.1305155,3,1,3,0,9,53.0,48.327
1570.1311055,3,11,3,0,12,52.0,57.818
1570.131755,5,1,1,0,1,45.0,0.0
1570.1317755,6,34,26,11,738,63.0,2014.0
1570.132764,5,4,8,1,72,52.0,269.848
1570.1327835,3,1,5,1,188,47.0,112.84
1570.132785,2,1,2,0,1,52.0,0.0
1570.132793,1,1,6,2,214,50.0,231.798
1570.1330565,6,409,44,13,888,55.0,1604.0
1570.1336385,3,1,1,0,6,49.0,20.358
1570.133806,5,2,4,1,77,54.0,176.533
1570.133827,1,1,2,0,1,48.0,0.0
1570.1346205,6,1561,281,230,4444,92.0,975751.0
1570.134901,1,1,4,0,36,48.0,41.868
1570.1349205,3,1,2,0,105,46.0,53.278
1570.135598,1,1,4,1,138,48.0,103.672
1570.135602,5,5,3,0,24,53.0,90.613
1570.1356455,3,1,1,0,1,45.0,0.0
1570.136177,5,70,64,56,768,73.0,45811.0
1570.136183,4,26,24,11,245,65.0,4841.0
1570.136186,2,46,73,69,690,76.0,86171.0
1570.1361875,3,23,78,98,878,78.0,178176.0
1570.1362358,1,48,105,59,1274,74.0,50167.0
1570.1377715,3,1,10,3,275,51.0,285.611
1570.137824,2,1,5,3,251,53.0,460.465
1570.138013,1,1,9,3,252,50.0,268.001
1570.138766,5,1,3,0,1,51.0,0.0
1570.1387855,3,2,5,0,18,49.0,35.891
1570.138804,2,1,1,0,1,53.0,0.0
1570.138808,1,1,1,0,1,46.0,0.0
1570.139311,1,2,3,0,5,52.0,35.006
1570.1396025,6,2,19,5,277,57.0,1017.0
1570.1396515,3,2,3,1,158,49.0,96.213
1570.139889,1,1,1,0,1,46.0,0.0
1570.1403535,3,1,3,0,1,46.0,0.0
1570.140396,1,1,5,0,36,50.0,67.009
1570.1404165,6,443,96,58,1260,81.0,77214.0
1570.140693,5,210,41,15,492,64.0,5145.0
1570.140756,2,230,32,17,313,66.0,8742.0
1570.1408665,3,46,29,13,330,63.0,4880.0
1570.140874,4,2,8,1,50,56.0,435.055
1570.1409317,1,14,32,12,218,68.0,6042.0
1570.1422265,6,1,4,1,93,53.0,139.41
1570.1425645,3,2,5,2,258,52.0,230.228
1570.142568,2,1,3,0,28,52.0,139.383
1570.142572,1,31,8,2,250,51.0,243.102
1570.142572,5,6,9,3,241,57.0,454.591
1570.1430435,6,170,32,16,358,67.0,8032.0
1570.143103,2,1,5,2,149,54.0,310.699
1570.1441215,6,362,123,105,1682,85.0,319992.0
1570.144221,5,336,60,24,656,65.0,9851.0
1570.144241,1,273,60,30,642,69.0,17559.0
1570.1442475,3,282,40,33,768,71.0,21117.0
1570.14427,2,287,45,28,521,71.0,17733.0
1570.144494,4,1,16,3,132,56.0,679.622
1570.145684,1,21,23,4,155,59.0,1181.0
1570.1456955,3,2,8,2,107,58.0,724.864
1570.145709,5,3,13,2,86,54.0,356.432
1570.145712,2,1,10,3,115,56.0,702.671
1570.1465075,6,3,13,3,88,63.0,1229.0
1570.1465465,3,1,2,0,1,46.0,0.0
1570.1471475,6,2,37,13,883,58.0,2031.0
1570.147155,1,21,17,3,133,56.0,496.172
1570.147156,5,2,16,2,78,53.0,405.144
1570.1471615,3,1,7,1,61,51.0,148.597
1570.147178,2,1,9,2,64,57.0,658.696
1570.1485375,6,1,2,0,1,50.0,0.0
1570.148562,1,1,3,0,6,50.0,26.835
1570.148819,5,24,5,1,62,53.0,208.846
1570.1488265,3,1,2,0,1,46.0,0.0
1570.149276,1,205,42,11,340,63.0,3457.0
1570.1492985,6,119,142,72,2409,78.0,67046.0
1570.149405,5,18,36,11,237,63.0,4188.0
1570.149409,2,42,29,12,178,66.0,5399.0
1570.1494105,3,19,26,11,274,65.0,4526.0
1570.1502345,3,2,1,0,4,53.0,32.084
1570.15026,1,6,4,0,40,49.0,87.888
1570.150264,5,1,2,0,1,48.0,0.0
1570.150797,5,1,2,0,1,48.0,0.0
1570.1508015,3,2,1,0,2,45.0,4.025
1570.151102,1,80,19,4,136,57.0,899.849
1570.151117,2,1,11,1,28,58.0,545.158
1570.151661,5,2,8,1,64,54.0,293.513
1570.1516835,3,1,2,0,1,45.0,0.0
1570.151753,1,1,2,0,1,48.0,0.0
1570.152435,1,165,26,5,226,55.0,768.525
1570.1524395,6,53,78,26,1170,63.0,6169.0
1570.1524635,3,1,12,3,235,53.0,436.846
1570.152539,5,46,11,3,137,53.0,433.285
1570.152571,2,2,7,2,43,60.0,651.412
1570.153298,1,74,4,1,75,49.0,90.694
1570.15358,5,1,1,0,1,45.0,0.0
1570.153979,1,1,6,0,50,52.0,84.138
1570.1540065,3,1,1,0,1,45.0,0.0
1570.1541565,6,856,83,35,1346,69.0,12416.0
1570.154343,5,2,16,4,281,53.0,492.642
1570.154389,2,2,7,0,6,58.0,195.353
1570.1545185,3,149,7,2,175,53.0,226.165
1570.154647,1,1,7,1,75,50.0,153.52
1570.155006,2,34,16,5,121,58.0,1231.0
1570.155785,5,4,6,1,172,49.0,155.666
1570.1557885,3,1,4,1,161,48.0,132.05
1570.155794,1,41,7,2,151,53.0,210.418
1570.155983,2,1,1,0,1,50.0,0.0
1570.1562385,6,1207,77,29,1538,66.0,6783.0
1570.156707,5,1,3,1,125,47.0,79.393
1570.156829,1,1,4,0,22,49.0,75.452
1570.1568505,3,1,1,0,1,45.0,0.0
1570.157447,1,50,11,3,214,52.0,354.741
1570.157448,5,2,7,2,190,51.0,243.497
1570.1574665,3,2,4,0,26,48.0,38.484
1570.15757,2,1,2,0,1,51.0,0.0
1570.158183,1,11,37,11,483,60.0,2139.0
1570.158185,5,25,43,12,437,61.0,3099.0
1570.1581855,3,20,23,8,427,57.0,1479.0
1570.158192,4,1,4,0,36,49.0,80.478
1570.1582,2,2,12,6,159,60.0,1644.0
1570.1582775,6,92,44,12,580,60.0,2309.0
1570.159241,1,37,24,6,229,58.0,1379.0
1570.1592525,3,4,14,3,112,54.0,461.377
1570.159269,2,1,8,3,82,57.0,683.969
1570.159269,5,1,9,1,56,51.0,152.681
1570.1593595,6,222,25,7,304,61.0,1945.0
1570.1599815,3,1,3,0,69,48.0,58.221
1570.159991,5,6,8,1,68,51.0,206.855
1570.159998,1,2,4,0,31,50.0,90.584
1570.1602015,6,676,50,16,760,66.0,4481.0
1570.160671,1,1,3,0,1,47.0,0.0
1570.1609115,3,1,5,0,9,48.0,14.069
1570.160915,2,1,2,0,1,51.0,0.0
1570.16092,5,102,5,1,115,53.0,178.203
1570.161541,5,3,5,0,5,51.0,37.945
1570.1615595,6,1,4,0,1,47.0,0.0
1570.161627,1,1,5,1,163,50.0,128.324
1570.1623325,6,1,16,3,126,57.0,529.535
1570.1630765,6,2,4,0,5,49.0,33.037
1570.163094,1,2,1,0,3,47.0,8.842
1570.163571,5,1,9,1,84,51.0,201.872
1570.1635825,6,284,57,20,758,68.0,7807.0
1570.1635825,3,1,4,0,70,49.0,78.028
1570.163601,1,1,6,0,48,51.0,121.364
1570.163873,2,1,4,1,29,57.0,256.51
1570.16424,1,1,1,0,1,46.0,0.0
1570.1648755,6,1,9,1,83,56.0,311.869
1570.165279,2,15,7,0,16,54.0,97.434
1570.165283,1,29,10,1,88,53.0,199.807
1570.1653095,3,1,4,0,99,47.0,74.544
1570.165311,5,2,11,3,125,56.0,575.559
1570.1654595,6,351,69,23,1043,59.0,4620.0
1570.166026,1,1,37,11,480,63.0,2761.0
1570.16605,5,17,30,8,374,59.0,1733.0
1570.166054,2,36,19,6,104,61.0,2026.0
1570.1660545,3,10,15,4,239,54.0,541.675
1570.1671505,6,1,19,6,153,64.0,2699.0
1570.167173,5,1,4,0,42,49.0,70.823
1570.167178,1,1,7,1,78,52.0,151.108
1570.1671865,3,1,3,0,43,52.0,102.46
1570.1680905,6,16,72,26,991,66.0,8265.0
1570.1681,5,1,17,4,199,55.0,666.819
1570.168106,2,14,18,5,155,58.0,1471.0
1570.1681095,3,15,15,4,143,57.0,867.807
1570.168125,1,8,21,4,156,60.0,1009.0
1570.169502,5,2,28,7,428,55.0,934.8
1570.1695817,6,126,46,18,448,69.0,8353.0
1570.1697245,3,35,15,4,240,53.0,512.713
1570.169739,1,1,21,4,220,54.0,659.814
1570.169742,2,2,8,3,139,56.0,579.469
1570.1705655,6,1,14,2,88,52.0,360.523
1570.170575,1,1,11,1,80,54.0,307.665
1570.1705785,3,1,4,0,36,51.0,87.73
1570.170608,5,1,2,0,1,46.0,0.0
1570.170633,2,1,4,0,36,55.0,166.184
1570.17113,5,1,6,2,241,50.0,193.237
1570.171157,1,2,9,0,50,52.0,98.196
1570.1711595,6,2,48,18,1122,62.0,2581.0
1570.1711985,3,2,2,0,2,45.0,3.784
1570.171894,1,18,6,1,42,54.0,183.015
1570.171908,5,1,2,0,1,48.0,0.0
1570.172539,1,1,2,0,1,48.0,0.0
1570.1729125,6,460,33,11,645,58.0,1546.0
1570.1729755,3,1,4,1,81,55.0,191.95
1570.172981,5,1,6,1,91,49.0,86.41
1570.173062,1,1,2,0,1,47.0,0.0
1570.1741525,6,314,73,23,1254,62.0,4125.0
1570.174311,5,1,7,2,171,50.0,173.377
1570.1743195,3,2,7,2,192,51.0,212.461
1570.174336,2,1,2,0,6,54.0,52.673
1570.174356,1,1,7,0,16,50.0,22.89
1570.175003,5,26,6,0,30,52.0,105.074
1570.1760005,6,44,62,20,968,60.0,3442.0
1570.17648,1,2,13,1,71,53.0,238.424
1570.1764825,3,1,14,4,344,52.0,467.931
1570.176497,5,60,19,6,344,54.0,725.649
1570.176561,2,1,1,0,1,50.0,0.0
1570.17739,5,1,6,0,28,50.0,86.394
1570.177416,1,1,5,0,1,48.0,0.0
1570.1776065,6,1,6,1,56,50.0,135.093
1570.1782035,6,966,177,85,2521,76.0,61257.0
1570.178502,5,1,12,2,110,54.0,509.005
1570.1785145,3,1,6,1,47,52.0,154.187
1570.178518,1,2,21,5,320,52.0,608.951
1570.178546,2,1,3,0,1,53.0,0.0
1570.179124,5,63,42,12,302,64.0,4860.0
1570.17916,4,1,5,1,87,52.0,202.164
1570.1791655,3,20,24,11,260,66.0,5289.0
1570.179166,2,46,27,13,232,65.0,6203.0
1570.179342,1,2,10,1,60,52.0,132.705
1570.179978,1,22,44,13,310,63.0,4455.0
1570.1800155,3,115,19,5,271,55.0,701.444
1570.180023,2,124,21,8,234,60.0,2032.0
1570.180069,5,75,20,5,252,56.0,750.028
1570.18098,1,47,57,16,401,64.0,5313.0
1570.18098,5,29,51,18,666,65.0,5663.0
1570.180984,2,37,36,17,346,64.0,6424.0
1570.1809855,3,20,35,15,381,65.0,5792.0
1570.180986,4,1,5,1,49,55.0,322.543
1570.1812248,6,778,136,56,1543,71.0,27327.0
1570.1819945,3,50,4,1,89,49.0,106.833
1570.182035,2,1,8,3,112,55.0,659.091
1570.182048,1,2,11,2,124,53.0,317.517
1570.182153,5,1,5,0,1,48.0,0.0
1570.1825838,3,2,6,1,110,51.0,178.055
1570.182667,2,1,1,0,1,52.0,0.0
1570.182678,1,1,6,1,101,49.0,124.492
1570.183216,5,18,18,3,130,56.0,753.924
1570.18322,2,1,9,2,88,57.0,594.302
1570.1832205,3,1,10,2,181,54.0,290.023
1570.1832685,6,3224,287,146,4005,84.0,219051.0
1570.183292,1,10,6,0,11,52.0,48.949
1570.183815,1,1,4,0,1,47.0,0.0
1570.184042,5,1,2,0,1,47.0,0.0
1570.1842345,3,2,36,11,653,54.0,1437.0
1570.184259,2,23,8,1,39,55.0,311.709
1570.184323,1,367,44,11,567,59.0,1797.0
1570.1845428,5,97,24,7,351,57.0,1087.0
1570.185136,2,3,13,5,110,57.0,1433.0
1570.185145,4,2,6,1,86,50.0,153.66
1570.185826,1,2,6,0,28,52.0,179.423
1570.186265,5,1,3,0,1,52.0,0.0
1570.1862785,3,234,34,13,617,62.0,3316.0
1570.186431,1,102,46,22,501,69.0,12406.0
1570.186489,4,3,10,2,72,58.0,624.338
1570.186493,2,37,34,21,400,67.0,11039.0
1570.186768,5,34,10,1,107,51.0,208.01
1570.1877875,6,407,74,35,1375,79.0,32334.0
1570.187875,1,19,13,2,78,58.0,464.606
1570.187922,5,1,6,1,76,49.0,118.644
1570.187954,2,1,1,0,1,52.0,0.0
1570.1879585,3,1,5,0,17,48.0,29.064
1570.189432,5,2,6,0,6,54.0,80.814
1570.1897585,6,1572,59,23,1646,57.0,2948.0
1570.190175,5,2,10,1,123,50.0,189.981
1570.1902245,3,1,1,0,1,45.0,0.0
1570.190952,1,2,1,0,3,51.0,26.88
1570.19105,5,2,1,0,3,46.0,10.408
1570.191718,5,4,4,0,5,47.0,16.107
1570.191739,1,1,4,0,11,47.0,16.68
1570.1920235,3,169,27,8,447,57.0,1556.0
1570.1920255,6,165,142,51,2621,70.0,12895.0
1570.192184,2,34,22,8,147,62.0,2975.0
1570.19223,5,1,14,2,114,54.0,399.633
1570.1922498,1,3,17,4,209,59.0,1153.0
1570.1937,5,2,25,7,491,58.0,1201.0
1570.193732,2,1,7,1,36,57.0,280.627
1570.193747,1,653,39,14,737,68.0,4244.0
1570.1938925,3,2,15,6,531,55.0,606.915
1570.1952555,6,247,18,5,328,56.0,857.574
1570.195481,5,2,9,1,27,55.0,218.468
1570.1955175,3,1,2,0,12,49.0,25.473
1570.195526,1,1,6,0,37,53.0,127.682
1570.1961905,6,940,79,36,1235,74.0,28802.0
1570.196207,1,1,1,0,1,48.0,0.0
1570.1966775,3,1,2,0,5,46.0,11.48
1570.196713,1,2,4,0,3,50.0,17.384
1570.196781,5,1,1,0,1,45.0,0.0
1570.197132,4,2,3,0,10,50.0,40.622
1570.197156,2,2,12,7,171,63.0,2205.0
1570.1971827,3,6,14,3,131,57.0,816.866
1570.197217,1,2,11,2,106,54.0,344.29
1570.197307,5,1,3,0,1,48.0,0.0
1570.197937,1,1,1,0,1,45.0,0.0
1570.1979385,6,778,114,37,1788,62.0,7299.0
1570.1982345,3,1,2,0,1,48.0,0.0
1570.198443,5,144,12,2,181,51.0,261.514
1570.198445,1,1,17,3,293,52.0,298.791
1570.1987515,3,1,4,0,12,51.0,63.601
1570.198772,2,1,2,0,1,50.0,0.0
1570.199317,1,176,25,7,360,62.0,1455.0
1570.199388,5,2,15,3,232,52.0,352.235
1570.199417,2,1,4,2,106,57.0,318.144
1570.1994175,3,1,1,0,4,48.0,11.78
1570.2002268,6,5,31,11,480,63.0,2619.0
1570.2004215,3,1,10,2,223,50.0,249.032
1570.200465,1,2,8,3,288,52.0,265.166
1570.200471,5,140,22,11,227,71.0,8854.0
1570.200628,2,1,7,1,46,54.0,339.822
1570.201026,4,2,3,0,7,48.0,35.452
1570.2011545,3,2,6,1,53,53.0,155.054
1570.2012105,6,160,17,4,194,57.0,630.536
1570.201263,1,1,2,0,1,48.0,0.0
1570.201424,5,2,4,0,8,53.0,93.507
1570.2019075,6,6,5,1,24,60.0,492.69
1570.2024335,6,1,2,0,1,45.0,0.0
1570.2026375,3,1,3,0,4,47.0,7.519
1570.202653,2,2,2,0,3,52.0,26.59
1570.202657,1,9,5,0,12,55.0,95.464
1570.20267,5,2,4,0,2,49.0,6.108
1570.2029375,6,364,46,20,1265,70.0,5255.0
1570.2033075,3,1,3,0,69,48.0,78.464
1570.203322,1,2,3,0,3,46.0,6.93
1570.203345,5,1,2,0,1,46.0,0.0
1570.203846,5,1,2,0,7,47.0,15.309
1570.203847,1,75,18,6,151,66.0,3285.0
1570.204478,5,2,3,0,18,50.0,86.682
1570.2047205,6,87,316,125,4619,69.0,42309.0
1570.20478,1,44,43,12,353,63.0,3588.0
1570.204789,2,34,26,11,276,60.0,3227.0
1570.2047935,3,22,24,7,361,57.0,1186.0
1570.204834,4,1,1,0,1,45.0,0.0
1570.2049958,5,3,8,2,150,53.0,285.458
1570.2058105,3,1,1,0,1,45.0,0.0
1570.206353,5,9,23,4,241,53.0,581.3
1570.206392,1,606,42,12,749,60.0,1735.0
1570.2065685,3,1,5,1,76,52.0,217.582
1570.206989,2,1,13,2,47,60.0,778.489
1570.207134,5,22,4,0,39,53.0,155.663
1570.2071675,3,1,1,0,1,45.0,0.0
1570.207756,1,15,9,1,66,53.0,263.075
1570.2082645,3,1,5,1,68,48.0,100.973
1570.208342,1,1,4,0,4,51.0,20.151
1570.208539,5,345,58,27,628,71.0,18265.0
1570.208674,2,216,49,25,533,69.0,12263.0
1570.2088605,3,56,32,17,387,67.0,7448.0
1570.208878,1,14,54,20,396,65.0,8508.0
1570.208888,4,2,4,0,40,51.0,93.495
1570.2098275,3,1,1,0,1,45.0,0.0
1570.2098545,6,1383,361,150,5587,73.0,57705.0
1570.210199,1,83,24,6,196,58.0,1468.0
1570.21026,2,1,9,1,50,55.0,301.259
1570.210261,5,1,21,3,181,52.0,401.343
1570.2103345,3,1,8,3,337,50.0,246.019
1570.211238,1,21,38,15,250,66.0,7842.0
1570.211239,2,12,25,13,287,63.0,5172.0
1570.2112445,3,34,24,11,226,65.0,4272.0
1570.211245,5,13,27,7,202,61.0,2333.0
1570.211262,4,1,1,0,1,45.0,0.0
1570.211948,5,1,2,0,1,47.0,0.0
1570.2120225,3,1,2,0,1,46.0,0.0
1570.21205,1,1,5,1,104,48.0,98.122
1570.213039,1,9,28,8,330,61.0,2101.0
1570.213039,5,1,19,4,183,55.0,713.467
1570.2130435,3,7,24,8,291,60.0,1991.0
1570.213044,2,28,16,7,135,63.0,2610.0
1570.2138825,3,2,6,1,89,50.0,146.706
1570.213884,1,1,8,1,87,51.0,189.841
1570.213895,2,34,4,1,48,57.0,345.098
1570.213917,5,2,5,1,59,57.0,238.43
1570.214478,1,1,26,6,371,52.0,664.458
1570.2144845,3,165,19,5,338,52.0,600.818
1570.214491,5,2,17,5,310,52.0,569.039
1570.21467,2,1,5,2,125,52.0,303.604
1570.2160445,6,1,5,1,145,53.0,112.928
1570.2166915,6,3510,287,132,4045,81.0,113329.0
1570.216745,5,1,8,1,38,59.0,260.452
1570.217063,1,430,49,14,617,63.0,3115.0
1570.2171155,3,1,6,1,72,49.0,110.881
1570.21714,2,1,3,0,1,54.0,0.0
1570.217468,5,35,19,5,154,56.0,1064.0
1570.2179285,3,1,5,1,175,51.0,159.338
1570.218031,2,1,1,0,1,50.0,0.0
1570.2189815,3,1,1,0,1,45.0,0.0
1570.218997,2,1,2,0,17,51.0,51.822
1570.219021,5,1,1,0,1,46.0,0.0
1570.219035,1,1,2,0,1,47.0,0.0
1570.21967,5,2,2,0,3,48.0,6.906
1570.219915,1,320,80,30,717,68.0,15105.0
1570.2199235,3,333,49,24,691,68.0,8749.0
1570.219979,2,346,45,31,665,67.0,15317.0
1570.220199,5,57,48,19,362,66.0,9824.0
1570.22021,4,2,9,2,103,55.0,424.936
1570.221206,1,245,72,24,1224,60.0,4093.0
1570.221222,5,92,45,11,439,59.0,2398.0
1570.2212725,6,3545,417,197,4939,79.0,178630.0
1570.221311,2,1,26,10,339,58.0,2260.0
1570.2213285,3,5,28,8,359,59.0,1710.0
1570.22133,4,2,1,0,3,48.0,7.369
1570.222205,5,1,3,0,1,49.0,0.0
1570.222242,2,1,2,0,1,51.0,0.0
1570.222882,5,25,32,7,261,61.0,1736.0
1570.2228915,3,18,25,9,310,61.0,2348.0
1570.222896,2,4,26,11,275,62.0,3843.0
1570.2229298,1,15,30,7,313,60.0,1495.0
1570.2237065,3,1,1,0,56,47.0,40.838
1570.224203,1,1,21,5,282,52.0,570.208
1570.2242995,3,1,6,2,200,49.0,202.897
1570.224814,5,43,76,24,850,63.0,6243.0
1570.224818,2,27,60,33,910,68.0,12223.0
1570.224827,4,15,4,1,41,53.0,179.705
1570.224992,1,23,50,14,816,55.0,1773.0
1570.2250005,3,1,44,13,697,54.0,1734.0
1570.2267525,6,1158,224,81,3512,65.0,19720.0
1570.22738,5,3,2,0,5,48.0,25.24
1570.22766,1,1,10,2,101,55.0,445.007
1570.2276705,3,2,7,3,362,50.0,261.622
1570.227711,2,2,2,0,2,52.0,17.22
1570.228292,5,3,6,0,19,51.0,96.298
1570.228308,1,173,18,4,237,56.0,520.22
1570.228504,2,1,1,0,1,50.0,0.0
1570.2287135,3,1,1,0,88,46.0,53.088
1570.22912,5,8,9,1,50,54.0,253.171
1570.229133,1,37,11,2,128,54.0,298.254
1570.229166,2,1,3,0,15,53.0,64.843
1570.2295025,3,1,10,3,282,50.0,345.287
1570.229787,1,2,2,0,3,48.0,11.262
1570.230234,5,2,5,0,16,53.0,40.802
1570.230476,1,1,11,3,140,54.0,459.405
1570.2304885,3,1,8,1,111,50.0,195.201
1570.2308465,6,2,24,8,202,69.0,4923.0
1570.2315515,6,565,46,19,864,65.0,5404.0
1570.231582,1,7,5,0,40,50.0,74.579
1570.2318955,3,1,17,5,371,55.0,609.444
1570.231907,5,279,29,10,581,57.0,1570.0
1570.232129,2,1,10,3,80,59.0,933.673
1570.232134,1,43,24,6,296,56.0,1088.0
1570.2331155,6,669,117,64,1750,81.0,67688.0
1570.2334415,3,369,42,16,526,60.0,4032.0
1570.233442,5,364,54,15,554,60.0,3641.0
1570.233447,1,401,62,20,579,65.0,5857.0
1570.233462,2,1,16,5,115,60.0,1641.0
1570.234288,2,1,2,0,1,50.0,0.0
1570.2348765,3,1,1,0,1,45.0,0.0
1570.2353755,6,15,4,0,17,53.0,72.484
1570.2359105,6,50,15,4,251,59.0,762.109
1570.236104,1,1,3,1,125,47.0,71.288
1570.2366165,3,242,39,13,388,63.0,3873.0
1570.236617,2,147,35,18,349,65.0,7501.0
1570.236638,5,76,50,29,389,77.0,41321.0
1570.2366705,6,66,214,77,3291,66.0,19024.0
1570.236727,4,1,4,1,73,52.0,186.958
1570.236733,1,17,44,13,317,63.0,4022.0
1570.237613,5,1,9,1,101,58.0,295.276
1570.2376685,3,1,2,1,194,47.0,59.118
1570.237735,1,2,8,1,44,53.0,190.069
1570.238486,1,1,8,2,208,52.0,240.132
1570.2385065,3,1,3,1,159,47.0,68.593
1570.238737,5,1,3,0,1,50.0,0.0
1570.239203,1,1,13,5,488,52.0,435.886
1570.239209,2,1,1,0,1,53.0,0.0
1570.2394025,3,2,5,2,257,50.0,266.127
1570.239459,5,1,4,0,1,49.0,0.0
1570.2406085,6,114,81,29,907,68.0,10077.0
1570.240642,5,1,14,4,344,52.0,435.762
1570.240743,1,1,15,3,231,50.0,278.467
1570.2407895,3,1,13,6,492,53.0,493.792
1570.241588,5,1,2,0,17,47.0,38.28
1570.2419835,3,1,1,0,22,48.0,18.224
1570.241994,1,1,2,0,1,47.0,0.0
1570.2421625,6,2,12,3,181,56.0,466.253
1570.242743,5,1,5,0,1,51.0,0.0
1570.2429005,3,1,16,4,247,57.0,610.663
1570.242902,2,3,9,3,115,57.0,725.6
1570.2429075,6,45,59,22,663,70.0,9951.0
1570.24292,1,2,27,8,517,52.0,850.108
1570.24331,5,1,6,1,109,52.0,127.028
1570.2437825,3,1,1,0,1,45.0,0.0
1570.2441155,6,955,387,152,5680,70.0,48185.0
1570.244377,5,3,27,7,305,59.0,1492.0
1570.2444045,3,16,19,5,242,57.0,1015.0
1570.244418,1,2,25,6,232,59.0,1093.0
1570.244457,2,178,13,5,195,55.0,851.536
1570.244969,4,1,1,0,1,49.0,0.0
1570.245198,5,1,12,2,173,54.0,358.801
1570.2452775,3,1,6,0,22,53.0,108.988
1570.245286,1,1,5,1,69,52.0,146.212
1570.245323,2,1,3,0,1,53.0,0.0
1570.2459,1,1,4,0,9,48.0,28.152
1570.2460675,3,1,1,0,1,45.0,0.0
1570.246071,2,1,2,0,1,50.0,0.0
1570.2465825,3,1,1,0,1,45.0,0.0
1570.246583,1,1,10,2,249,51.0,273.667
1570.246811,5,1,21,3,237,53.0,285.835
1570.2470885,3,2,9,3,240,50.0,322.307
1570.247089,2,1,5,0,11,55.0,81.471
1570.248051,1,1,3,0,1,50.0,0.0
1570.248052,5,7,4,0,8,49.0,24.785
1570.2480795,3,1,1,0,5,47.0,12.519
1570.248433,2,113,27,12,388,59.0,2816.0
1570.248557,1,221,39,10,575,55.0,1431.0
1570.2485597,5,4,31,5,243,54.0,876.735
1570.2485855,3,1,21,5,259,53.0,696.651
1570.249664,5,3,6,0,27,53.0,174.208
1570.250046,1,1,5,0,53,47.0,58.009
1570.2503085,6,384,38,13,553,63.0,3911.0
1570.250407,5,1,1,0,1,45.0,0.0
1570.250878,1,2,5,0,52,54.0,184.426
1570.2509305,3,1,1,0,1,45.0,0.0
1570.2513617,6,90,73,34,1160,74.0,18113.0
1570.251366,5,86,25,5,211,57.0,1154.0
1570.251453,1,1,23,5,282,56.0,883.798
1570.251454,2,1,17,4,106,58.0,1269.0
1570.2514635,3,30,19,4,301,55.0,584.882
1570.25237,5,2,12,2,92,55.0,494.922
1570.2523815,3,32,7,2,105,54.0,285.711
1570.252387,1,2,9,1,75,53.0,205.994
1570.252409,2,1,3,0,1,53.0,0.0
1570.252969,5,114,37,10,312,62.0,3023.0
1570.2529885,3,59,29,10,277,63.0,3129.0
1570.2530355,6,19,48,22,502,69.0,12543.0
1570.253043,2,88,37,16,206,66.0,8683.0
1570.25305,1,6,37,13,240,63.0,5612.0
1570.253086,4,4,5,0,42,52.0,149.291
1570.254011,5,1,5,0,28,51.0,67.579
1570.2540165,3,1,2,0,26,49.0,27.161
1570.2540405,6,1,9,2,204,51.0,236.997
1570.25446,1,10,14,1,44,56.0,290.489
1570.254483,2,2,6,2,67,59.0,778.132
1570.25466,5,132,38,11,539,61.0,2739.0
1570.2546985,3,141,25,9,313,60.0,2163.0
1570.2547815,6,2,47,35,416,78.0,69656.0
1570.254832,4,1,3,0,1,47.0,0.0
1570.255431,1,157,41,17,350,68.0,9704.0
1570.2555305,3,63,27,10,313,63.0,2982.0
1570.255585,2,25,29,9,161,65.0,4195.0
1570.2557005,6,230,53,17,1001,59.0,2695.0
1570.25571,5,9,10,2,109,56.0,522.322
1570.256293,1,1,3,1,67,49.0,90.531
1570.2572265,6,156,159,66,2352,70.0,28944.0
1570.2572415,3,328,45,16,589,60.0,3239.0
1570.257248,1,68,63,16,458,62.0,3889.0
1570.257265,5,293,60,18,505,65.0,5260.0
1570.257276,2,106,40,16,429,62.0,4110.0
1570.2589125,3,1,2,0,1,45.0,0.0
1570.25893,1,6,5,0,21,52.0,68.946
1570.258951,2,1,1,0,1,50.0,0.0
1570.259401,5,47,9,1,88,52.0,223.001
1570.2594225,3,17,7,2,99,52.0,277.402
1570.259457,1,3,7,1,97,58.0,326.072
1570.259883,2,2,5,0,3,54.0,35.033
1570.2600245,3,1,3,0,12,50.0,50.495
1570.2600845,6,1,17,5,365,55.0,499.117
1570.2608415,3,37,8,2,56,59.0,495.22
1570.260845,2,1,4,1,60,54.0,297.345
1570.26085,1,6,12,2,92,54.0,319.783
1570.260863,5,6,8,1,89,53.0,219.834
1570.2610685,6,94,186,65,3118,71.0,15795.0
1570.2614125,3,1,11,3,162,52.0,373.5
1570.261413,2,1,13,4,130,55.0,962.174
1570.261442,1,1,18,3,148,57.0,585.353
1570.261457,5,1,5,0,14,50.0,16.1
1570.262041,5,1,9,1,58,54.0,229.126
1570.262047,2,2,3,0,11,57.0,131.314
1570.262094,1,3,5,0,78,48.0,90.143
1570.2621635,3,1,1,0,1,45.0,0.0
1570.262599,2,1,5,1,70,55.0,328.979
1570.262993,5,2,3,0,2,48.0,3.241
1570.263917,1,1,14,2,131,52.0,331.812
1570.2639985,3,1,5,0,42,48.0,67.691
1570.264024,5,1,3,0,1,48.0,0.0
1570.264041,2,1,5,1,42,55.0,273.565
1570.2646905,6,947,106,40,2300,69.0,8838.0
1570.265115,5,2,4,0,3,54.0,34.113
1570.2651965,3,2,1,0,3,52.0,21.965
1570.265212,1,1,7,0,29,50.0,76.823
1570.265626,5,1,5,0,42,52.0,128.188
1570.26576,2,1,3,0,6,55.0,94.752
1570.265788,1,2,2,0,3,47.0,8.872
1570.266883,1,1,6,0,41,49.0,84.372
1570.266886,5,1,5,0,9,51.0,44.679
1570.2669025,3,1,3,0,46,53.0,83.763
1570.2675745,6,1,9,1,81,53.0,311.772
1570.267888,1,133,106,65,1004,78.0,82268.0
1570.2679085,3,126,72,53,1140,71.0,35393.0
1570.267926,2,102,87,62,901,72.0,51456.0
1570.268005,5,22,95,45,850,70.0,27688.0
1570.268025,4,3,12,4,179,59.0,968.036
1570.2681558,6,444,90,48,942,72.0,28345.0
1570.2696275,6,750,87,38,1318,68.0,13338.0
1570.2699545,3,1,3,1,134,47.0,85.114
1570.270058,1,354,30,8,561,56.0,1078.0
1570.270281,5,2,11,3,199,52.0,356.463
1570.2715045,6,818,353,174,5202,85.0,198788.0
1570.2715905,3,1,13,5,541,51.0,481.992
1570.271752,5,616,79,18,846,59.0,3210.0
1570.271844,1,572,63,16,758,58.0,2793.0
1570.271861,2,1,8,3,122,56.0,527.183
1570.272342,4,1,1,0,1,48.0,0.0
1570.272485,2,127,23,9,406,55.0,1460.0
1570.2726635,3,195,10,3,263,53.0,315.869
1570.273198,5,46,12,4,182,59.0,733.051
1570.273228,1,2,12,3,251,52.0,346.898
1570.273975,5,414,23,7,465,55.0,917.152
1570.2739905,3,1,5,1,95,49.0,111.6
1570.273992,1,1,11,1,93,51.0,189.186
1570.274451,2,1,3,0,1,53.0,0.0
1570.2746,1,1,11,4,194,56.0,625.234
1570.2746665,3,48,4,0,49,51.0,115.74
1570.275215,5,45,28,7,171,61.0,2073.0
1570.275221,2,123,20,8,177,61.0,2397.0
1570.2752235,3,3,23,8,332,61.0,2044.0
1570.27525,4,1,5,1,35,52.0,168.89
1570.2752937,1,9,22,5,167,62.0,1490.0
1570.276369,1,1,9,1,87,52.0,216.082
1570.276374,5,1,3,0,45,50.0,116.087
1570.2764325,3,2,1,0,2,45.0,4.025
1570.2772195,6,1,3,0,22,53.0,52.866
1570.2778305,6,1273,73,26,1418,67.0,6551.0
1570.2781565,3,1,2,0,1,46.0,0.0
1570.278425,5,1,6,0,1,50.0,0.0
1570.2788095,3,2,8,3,213,54.0,461.5
1570.278815,2,1,3,0,9,54.0,99.036
1570.278827,1,30,13,1,104,53.0,208.473
1570.279588,5,36,33,8,185,63.0,3026.0
1570.279601,1,1,43,16,521,64.0,5067.0
1570.2796015,3,42,32,18,460,68.0,7586.0
1570.279614,2,7,17,9,139,63.0,3924.0
1570.2797515,6,230,148,52,2701,64.0,9937.0
1570.281162,5,1,4,0,9,53.0,35.399
1570.281595,1,1,9,0,45,49.0,104.898
1570.281869,5,16,7,1,43,58.0,223.28
1570.2818795,3,1,7,2,150,52.0,269.668
1570.281902,2,1,5,1,25,60.0,444.717
1570.28228,1,1,10,2,110,52.0,269.123
1570.282562,5,474,56,27,774,71.0,15676.0
1570.2828165,3,238,45,28,590,70.0,20401.0
1570.282822,2,211,49,35,517,71.0,26669.0
1570.282946,1,126,58,31,485,70.0,20311.0
1570.2829645,6,59,107,80,1224,82.0,120223.0
1570.283012,4,4,25,6,173,63.0,2252.0
1570.283847,2,1,6,1,27,56.0,329.097
1570.283851,5,1,7,1,59,50.0,120.206
1570.2839067,3,2,9,3,277,52.0,337.633
1570.283944,1,2,4,0,8,51.0,38.059
1570.285028,5,2,14,2,138,56.0,449.23
1570.2850435,6,1,22,6,302,62.0,1147.0
1570.2851795,3,1,1,0,1,45.0,0.0
1570.285191,1,1,2,0,1,46.0,0.0
1570.285814,1,256,18,4,283,55.0,627.974
1570.285826,5,178,18,4,245,56.0,722.693
1570.2858265,3,200,17,7,671,53.0,687.872
1570.2858665,6,125,19,4,194,59.0,1169.0
1570.286009,2,1,5,1,67,54.0,237.735
1570.2865995,6,1627,154,60,2033,71.0,23533.0
1570.2870205,3,1,6,2,186,50.0,202.419
1570.287032,5,1,16,3,198,53.0,460.318
1570.287126,1,18,9,2,79,54.0,311.261
1570.287739,1,1,3,0,6,51.0,28.997
1570.2877515,3,1,1,0,1,45.0,0.0
1570.287761,5,3,5,0,4,50.0,24.058
1570.288125,2,1,28,10,277,57.0,2228.0
1570.2882528,3,31,13,3,173,57.0,697.613
1570.288261,1,23,14,3,126,57.0,559.019
1570.2882648,5,25,17,2,68,57.0,700.641
1570.289036,5,1,2,0,21,48.0,23.071
1570.2891585,6,356,62,26,851,67.0,10290.0
1570.2891925,3,2,2,0,10,46.0,20.555
1570.289505,2,44,38,19,353,66.0,8764.0
1570.289505,4,18,9,2,91,54.0,374.701
1570.289511,1,4,48,16,511,64.0,5548.0
1570.2895568,5,13,30,10,402,61.0,2773.0
1570.2897085,3,1,9,2,204,51.0,273.404
1570.290369,2,1,9,4,188,56.0,754.271
1570.29046,5,1,7,0,30,50.0,29.071
1570.2905098,6,2,23,15,274,78.0,24409.0
1570.2905425,3,1,3,0,54,49.0,70.453
1570.290552,1,1,6,0,23,49.0,45.015
1570.291186,1,9,21,6,196,63.0,1884.0
1570.291212,2,2,8,3,107,59.0,579.109
1570.2912445,3,1,6,0,63,51.0,85.462
1570.291248,5,20,16,4,262,58.0,765.941
1570.2912838,6,1,10,2,104,54.0,331.969
1570.2918565,3,1,12,3,229,51.0,303.755
1570.2919115,6,2093,331,292,4297,88.0,1049000.0
1570.291919,1,10,51,13,547,60.0,2856.0
1570.291951,2,1,10,3,114,54.0,594.631
1570.292337,5,1,21,3,117,54.0,556.905
1570.292995,1,1,11,2,100,53.0,264.883
1570.293026,2,1,1,0,1,52.0,0.0
1570.2931075,3,1,1,0,1,45.0,0.0
1570.293633,5,385,78,73,1000,78.0,112394.0
1570.2937315,3,276,69,93,1114,81.0,212988.0
1570.293756,1,31,9,0,32,52.0,131.097
1570.293808,2,201,61,105,700,80.0,256801.0
1570.293991,4,18,28,14,298,66.0,5191.0
1570.2942878,1,16,37,10,552,61.0,1999.0
1570.29514,5,2,2,0,3,48.0,12.391
1570.295747,5,1,9,1,68,54.0,335.419
1570.295752,1,53,15,3,208,54.0,498.141
1570.2957545,3,1,8,1,90,51.0,211.027
1570.295786,2,1,3,0,1,52.0,0.0
1570.2965005,3,1,1,0,1,45.0,0.0
1570.296527,1,1,2,0,1,45.0,0.0
1570.2967095,6,1805,142,47,2193,60.0,8618.0
1570.296785,5,7,15,5,289,61.0,931.902
1570.297093,1,149,11,2,174,52.0,208.652
1570.2974665,3,1,2,0,1,45.0,0.0
1570.297778,1,2,8,0,42,52.0,80.238
1570.297831,2,1,2,0,1,51.0,0.0
1570.298573,5,1,3,0,6,48.0,21.832
1570.2987055,3,1,2,0,5,47.0,13.359
1570.298729,1,1,3,0,13,47.0,27.134
1570.299182,5,17,17,3,110,57.0,656.646
1570.2992107,3,2,11,2,80,55.0,429.742
1570.299215,2,1,8,2,82,55.0,429.639
1570.2992418,1,1,11,1,51,54.0,229.217
1570.2994845,6,407,63,20,1126,61.0,3325.0
1570.299802,1,1,8,1,76,50.0,143.919
1570.299805,2,1,4,0,1,53.0,0.0
1570.2998065,3,1,4,0,31,48.0,51.066
1570.300036,5,3,5,1,37,63.0,1275.0
1570.30042,1,1,5,0,8,51.0,34.237
1570.3004385,3,1,2,0,18,46.0,22.755
1570.30045,2,1,1,0,1,50.0,0.0
1570.300586,5,262,27,9,727,53.0,996.843
1570.3009278,1,1,17,2,110,55.0,511.473
1570.3009568,3,9,4,0,20,52.0,121.047
1570.3011205,6,197,44,13,589,58.0,2347.0
1570.3014945,3,2,1,0,6,48.0,19.302
1570.301575,1,1,1,0,1,45.0,0.0
1570.3024055,6,788,73,30,1038,77.0,17897.0
1570.302485,5,1,5,1,58,50.0,146.272
1570.302516,1,1,7,1,131,50.0,172.708
1570.3025665,3,1,2,0,1,45.0,0.0
1570.3031995,3,2,7,0,49,48.0,72.908
1570.303214,5,1,6,0,30,49.0,64.74
1570.303229,1,1,21,3,188,52.0,472.778
1570.303773,5,118,7,2,156,52.0,209.425
1570.3039185,3,1,3,1,80,50.0,88.545
1570.303933,1,1,3,0,73,46.0,72.415
1570.3039445,6,1,47,10,571,56.0,1441.0
1570.304729,1,28,46,17,504,65.0,6652.0
1570.304736,2,1,34,13,336,61.0,3835.0
1570.304741,5,2,47,12,651,59.0,1871.0
1570.3047415,3,3,72,29,1374,62.0,6021.0
1570.3050315,6,664,263,115,3444,73.0,56372.0
1570.305693,2,42,33,13,328,58.0,3551.0
1570.305696,4,1,4,0,1,50.0,0.0
1570.3057328,1,1,46,11,352,58.0,2362.0
1570.305926,5,17,22,5,134,60.0,1276.0
1570.306602,5,623,71,22,985,68.0,5629.0
1570.306605,1,45,85,24,999,63.0,5129.0
1570.306608,2,9,35,13,296,61.0,4207.0
1570.3066235,3,796,51,20,956,60.0,3881.0
1570.307421,2,2,8,1,55,58.0,482.521
1570.308121,5,3,16,5,86,66.0,2663.0
1570.3081555,3,170,6,1,182,49.0,147.64
1570.308165,2,144,8,4,168,62.0,843.824
1570.308196,1,1,9,2,144,53.0,240.772
1570.308858,5,4,17,2,45,59.0,542.628
1570.3088975,3,1,2,0,97,47.0,60.637
1570.308906,1,1,9,1,96,50.0,152.174
1570.3090025,6,513,131,45,1603,66.0,12975.0
1570.30934,2,170,49,24,421,66.0,11856.0
1570.309464,5,18,42,16,326,70.0,9412.0
1570.309488,4,1,3,0,40,49.0,96.058
1570.3094975,3,6,27,8,313,59.0,1760.0
1570.3095018,1,7,85,30,926,67.0,12252.0
1570.310293,5,2,14,3,159,52.0,348.021
1570.310339,2,1,4,0,19,52.0,79.868
1570.3103515,3,1,6,2,121,54.0,290.532
1570.310858,2,1,17,5,151,56.0,1255.0
1570.3109267,1,7,18,4,130,58.0,841.556
1570.3109735,3,1,7,1,44,54.0,171.204
1570.310986,5,237,11,3,301,53.0,358.642
1570.3111465,6,1392,256,124,3848,75.0,77883.0
1570.3119175,3,2,9,2,240,51.0,285.58
1570.311933,5,1,12,3,238,52.0,338.9
1570.311939,1,1,13,3,258,51.0,312.26
1570.311955,2,1,6,0,1,52.0,0.0
1570.312568,2,80,25,9,195,61.0,2966.0
1570.312606,4,1,2,0,1,54.0,0.0
1570.3126615,3,547,31,10,668,58.0,1391.0
1570.312671,5,77,8,1,78,56.0,328.859
1570.312699,1,513,59,17,730,58.0,3430.0
1570.313171,4,2,2,0,21,50.0,65.312
1570.3132488,5,2,15,2,130,52.0,341.974
1570.313264,2,1,9,0,23,55.0,165.208
1570.314309,5,1,1,0,1,50.0,0.0
1570.314932,1,1,2,0,1,46.0,0.0
1570.3153275,3,2,1,0,2,45.0,4.66
1570.315339,5,98,7,2,169,60.0,421.165
1570.3154948,6,328,27,7,476,55.0,938.08
1570.3158525,3,1,4,0,17,47.0,48.151
1570.316334,5,1,1,0,10,46.0,15.669
1570.3165695,6,1,4,0,1,49.0,0.0
1570.3168905,3,1,8,2,184,54.0,279.802
1570.316892,5,172,11,2,173,51.0,293.444
1570.316926,1,1,7,2,188,48.0,213.171
1570.3170815,6,3110,435,219,5591,82.0,177185.0
1570.317811,1,854,89,30,1096,63.0,8666.0
1570.317857,5,2,16,4,216,57.0,719.757
1570.317991,2,1,5,0,13,55.0,86.779
1570.3179955,3,1,9,1,76,54.0,236.359
1570.318532,4,2,10,1,48,58.0,426.663
1570.318536,2,12,50,25,361,67.0,13193.0
1570.318574,5,22,39,11,287,61.0,3206.0
1570.3185755,3,3,34,12,361,62.0,3108.0
1570.319431,1,186,40,9,422,54.0,1286.0
1570.3194905,3,79,21,5,263,56.0,810.844
1570.319504,5,1,30,6,262,55.0,1028.0
1570.319553,2,1,15,6,203,55.0,1126.0
1570.320205,4,2,8,2,117,53.0,281.002
1570.3202537,3,1,27,14,261,70.0,8484.0
1570.3202557,2,12,28,13,208,66.0,6643.0
1570.320267,5,9,28,9,277,61.0,2944.0
1570.320358,1,29,17,4,148,60.0,1140.0
1570.321833,5,1,1,0,1,45.0,0.0
1570.32207,1,24,43,12,490,61.0,2832.0
1570.322074,2,35,25,10,201,63.0,3565.0
1570.3220745,3,41,24,6,160,62.0,1706.0
1570.322366,5,172,16,5,236,61.0,1393.0
1570.3232475,6,100,61,28,636,70.0,14693.0
1570.323324,1,53,47,19,324,70.0,12023.0
1570.323331,2,2,29,16,229,64.0,7578.0
1570.323337,5,35,35,11,291,66.0,3755.0
1570.3233385,3,26,31,12,479,64.0,3301.0
1570.323378,4,2,1,0,3,47.0,8.696
1570.3244565,6,212,165,84,2065,82.0,106336.0
1570.32449,1,227,49,15,708,58.0,2666.0
1570.324508,2,221,19,9,292,59.0,2323.0
1570.324535,5,156,38,10,491,60.0,1917.0
1570.3245545,3,134,23,8,269,60.0,1977.0
1570.324687,4,1,2,0,1,48.0,0.0
1570.325536,5,1,1,0,1,48.0,0.0
1570.325886,1,1,54,14,669,57.0,2226.0
1570.3259065,3,136,27,9,569,53.0,1042.0
1570.326035,2,1,12,2,83,58.0,666.524
1570.326039,5,1,38,7,373,55.0,1001.0
1570.326046,4,1,1,0,1,46.0,0.0
1570.3270335,6,1,39,10,667,55.0,1283.0
1570.32707,5,1,5,0,1,50.0,0.0
1570.32717,1,2,10,1,72,50.0,183.328
1570.3271915,3,1,2,0,1,47.0,0.0
1570.32803,1,2,28,6,361,54.0,878.171
1570.328036,5,1,15,4,260,54.0,460.106
1570.3280415,3,1,10,3,256,52.0,343.636
1570.328042,2,1,9,5,287,54.0,681.083
1570.3282225,6,542,70,25,915,66.0,7540.0
1570.3288465,3,1,20,6,295,56.0,897.251
1570.328874,2,120,20,9,248,63.0,3008.0
1570.328941,1,1,23,7,190,64.0,2265.0
1570.328993,5,33,18,3,123,56.0,713.626
1570.3296575,6,5,15,4,286,56.0,531.99
1570.329659,5,1,3,0,31,46.0,35.352
1570.3296905,3,1,1,0,1,46.0,0.0
1570.329707,1,1,1,0,1,47.0,0.0
1570.330214,5,38,7,1,57,53.0,220.67
1570.3302235,3,1,9,2,91,54.0,443.166
1570.330236,1,2,8,1,56,54.0,266.839
1570.330244,2,1,10,2,59,55.0,499.262
1570.3304485,6,2390,214,81,3257,72.0,29371.0
1570.330857,5,243,54,16,573,61.0,4020.0
1570.3308695,3,224,35,10,420,60.0,1956.0
1570.330885,1,173,60,22,424,70.0,12885.0
1570.330886,2,180,44,22,447,68.0,9036.0
1570.3321965,3,1,3,0,1,49.0,0.0
1570.332229,1,1,3,0,1,52.0,0.0
1570.332475,5,384,37,10,485,57.0,1786.0
1570.332732,1,138,22,4,241,56.0,735.878
1570.3327335,3,135,16,6,457,55.0,795.23
1570.332851,2,1,9,3,95,57.0,741.325
1570.333508,5,1,2,0,7,51.0,25.521
1570.3340745,3,1,2,0,36,49.0,69.005
1570.334097,1,1,6,0,33,49.0,71.236
1570.3342715,6,1,7,2,207,50.0,158.122
1570.3349875,6,22,34,15,248,70.0,9998.0
1570.33507,1,1,13,2,168,52.0,333.998
1570.33509,5,106,17,4,166,58.0,695.499
1570.3350915,3,1,4,0,37,53.0,120.661
1570.335098,2,1,2,0,1,53.0,0.0
1570.3357665,6,1458,566,253,8931,83.0,179404.0
1570.336165,4,1,4,1,79,49.0,115.339
1570.33619,5,4,25,8,490,58.0,1284.0
1570.336191,2,92,24,7,135,60.0,2398.0
1570.336194,1,64,26,7,230,61.0,2002.0
1570.3361985,3,8,13,4,124,61.0,1305.0
1570.3368905,3,1,5,0,30,52.0,163.503
1570.3369238,1,2,6,1,66,52.0,263.652
1570.336926,2,1,2,0,6,56.0,66.812
1570.337243,5,22,53,16,779,59.0,3042.0
1570.337247,4,11,4,0,30,51.0,117.135
1570.3374215,3,2,23,7,592,55.0,776.84
1570.337513,1,402,39,10,564,57.0,1349.0
1570.337955,2,1,8,1,34,56.0,322.45
1570.3385465,3,1,1,0,1,45.0,0.0
1570.339044,5,1,17,4,242,53.0,553.076
1570.3390555,3,27,9,2,65,54.0,355.568
1570.339071,1,1,20,4,231,55.0,520.571
1570.340006,1,1,61,17,1046,62.0,2619.0
1570.340145,4,1,1,0,1,45.0,0.0
1570.3401465,3,1,24,7,457,57.0,1021.0
1570.340153,2,1,20,6,116,60.0,1966.0
1570.340156,5,2,19,4,254,53.0,591.34
1570.340951,2,1,4,0,15,56.0,201.683
1570.340959,5,4,5,0,8,51.0,55.49
1570.3411875,3,1,1,0,1,45.0,0.0
1570.341531,5,1,2,0,1,47.0,0.0
1570.3418635,3,2,29,10,681,57.0,1255.0
1570.341894,2,1,15,6,245,55.0,1039.0
1570.3420317,5,11,36,12,578,60.0,2543.0
1570.342072,1,1,39,10,515,59.0,1708.0
1570.342491,4,1,1,0,1,50.0,0.0
1570.3433875,3,1,2,0,1,46.0,0.0
1570.343414,1,2,5,0,6,49.0,36.177
1570.343554,5,13,7,1,43,55.0,285.615
1570.344268,1,1,27,5,198,54.0,832.454
1570.344272,5,71,18,4,146,59.0,1190.0
1570.344279,2,1,11,3,118,57.0,763.472
1570.3442995,3,2,10,3,175,52.0,373.022
1570.3449785,3,1,1,0,1,45.0,0.0
1570.3452755,6,1,54,16,693,60.0,3313.0
1570.345431,5,204,25,7,334,63.0,2140.0
1570.345553,1,2,27,6,241,57.0,1424.0
1570.345632,2,12,14,6,162,60.0,1713.0
1570.3456355,3,1,7,2,126,53.0,252.516
1570.3465155,6,702,194,83,3165,71.0,30696.0
1570.346575,5,1,10,2,201,50.0,233.352
1570.3467135,3,2,3,0,39,49.0,70.841
1570.34673,1,1,9,1,71,52.0,235.913
1570.347165,2,1,8,2,119,53.0,405.408
1570.3472545,3,2,7,2,116,52.0,281.263
1570.347317,5,1,4,0,1,51.0,0.0
1570.347594,1,2,9,1,53,52.0,177.504
1570.348155,5,1,6,0,1,50.0,0.0
1570.348228,1,1,3,0,21,51.0,42.877
1570.348707,2,1,7,0,13,57.0,258.345
1570.3487245,3,1,6,1,58,52.0,159.189
1570.34876,1,1,7,1,49,50.0,131.963
1570.348761,5,3,4,0,4,49.0,16.545
1570.34927,2,1,1,0,1,55.0,0.0
1570.349353,1,1,10,1,138,49.0,172.681
1570.3494485,3,1,1,0,53,47.0,40.282
1570.349934,2,159,31,12,225,63.0,4591.0
1570.349938,5,11,40,12,297,62.0,3811.0
1570.3499908,1,14,33,7,217,60.0,1904.0
1570.3500175,3,41,27,10,544,62.0,2084.0
1570.3501807,6,1203,153,68,1988,77.0,38326.0
1570.350739,5,2,7,0,29,52.0,153.208
1570.350801,1,680,44,14,793,57.0,2155.0
1570.3511085,3,2,3,0,34,48.0,53.896
1570.351399,2,1,22,8,179,59.0,2614.0
1570.351407,5,2,19,5,224,59.0,1007.0
1570.3516975,3,1,1,0,1,45.0,0.0
1570.352627,5,1,1,0,1,46.0,0.0
1570.3528075,6,1131,144,61,2434,77.0,37463.0
1570.3531025,3,1,2,0,17,51.0,40.904
1570.353107,1,2,7,1,45,52.0,182.213
1570.353406,5,1,4,0,1,50.0,0.0
1570.3537505,3,2,20,5,291,54.0,826.997
1570.353776,1,1,43,10,507,56.0,1538.0
1570.353781,2,211,20,12,541,61.0,2165.0
1570.353987,5,1,7,0,34,52.0,160.915
1570.354985,5,2,4,0,34,53.0,70.652
1570.355021,1,2,5,0,3,60.0,171.994
1570.3557945,6,680,108,36,1571,63.0,8033.0
1570.3558155,3,1,5,3,329,49.0,197.365
1570.356083,5,1,2,0,1,49.0,0.0
1570.356091,1,1,1,0,1,45.0,0.0
1570.3568715,3,1,9,3,211,52.0,312.504
1570.356875,1,61,18,4,246,53.0,542.919
1570.356939,5,2,9,1,80,53.0,148.805
1570.357634,5,1,4,2,194,49.0,161.398
1570.357863,1,1,1,0,1,45.0,0.0
1570.3579085,6,736,263,120,3397,82.0,105959.0
1570.358065,2,1,9,2,88,58.0,734.129
1570.3580685,3,2,10,3,115,55.0,534.461
1570.358659,2,33,31,13,277,62.0,4339.0
1570.358665,1,65,46,11,246,64.0,3786.0
1570.35867,5,46,47,13,551,60.0,2661.0
1570.3586845,3,497,41,15,705,60.0,2901.0
1570.359609,1,1,1,0,1,47.0,0.0
1570.360235,1,584,68,22,998,67.0,5104.0
1570.3603045,3,1,32,10,643,54.0,1301.0
1570.360368,5,355,35,9,524,54.0,1213.0
1570.360522,2,317,23,11,396,60.0,2368.0
1570.361667,5,1,1,0,1,45.0,0.0
1570.3618715,6,1661,142,58,2319,69.0,18744.0
1570.3620885,3,14,9,2,119,54.0,381.914
1570.362089,1,2,22,5,299,55.0,724.516
1570.36216,2,1,2,0,1,51.0,0.0
1570.36218,5,1,9,4,368,51.0,336.727
1570.362955,1,2,4,0,3,49.0,9.546
1570.3632655,3,1,4,0,24,52.0,75.397
1570.36362,5,53,30,6,335,54.0,1047.0
1570.363633,1,1,17,2,105,53.0,351.002
1570.3639515,3,1,1,0,1,47.0,0.0
1570.364471,1,14,174,59,2275,63.0,14874.0
1570.364473,5,42,50,14,403,62.0,4170.0
1570.3644805,3,1,41,16,425,60.0,4453.0
1570.364484,2,47,48,20,429,65.0,6755.0
1570.364485,4,11,8,1,43,55.0,314.724
1570.3646915,6,2322,272,182,3254,85.0,317815.0
1570.365435,5,61,37,9,282,59.0,2180.0
1570.3654385,3,41,26,13,285,62.0,4786.0
1570.365455,2,62,29,11,203,62.0,4334.0
1570.3663655,3,69,26,10,375,58.0,2204.0
1570.366375,5,14,30,8,390,58.0,1452.0
1570.366383,2,2,13,5,114,61.0,1621.0
1570.36639,4,1,1,0,1,47.0,0.0
1570.366999,2,34,39,28,267,72.0,24765.0
1570.367007,4,21,14,3,115,55.0,651.637
1570.3672408,3,3,13,6,485,58.0,832.58
1570.36725,1,1,8,1,82,50.0,149.956
1570.367265,5,1,4,0,27,49.0,52.165
1570.3677917,5,2,14,6,366,60.0,1098.0
1570.367795,2,1,2,0,17,52.0,65.243
1570.3684535,6,213,492,209,7815,75.0,93275.0
1570.368589,1,63,20,5,229,56.0,907.273
1570.3686195,3,53,15,5,245,55.0,738.783
1570.368667,2,1,8,4,169,56.0,912.898
1570.36867,5,2,18,4,150,56.0,747.663
1570.369375,5,1,8,2,135,50.0,199.639
1570.369527,1,423,35,10,608,59.0,1572.0
1570.3697195,3,1,7,0,36,51.0,108.582
1570.369733,2,1,1,0,1,51.0,0.0
1570.370021,5,2,8,3,246,52.0,319.805
1570.3707295,3,1,7,1,104,55.0,296.953
1570.37074,1,11,12,2,107,51.0,260.683
1570.37078,2,1,5,0,28,54.0,206.05
1570.370783,5,1,4,0,4,50.0,14.515
1570.371419,1,1,2,0,1,48.0,0.0
1570.371616,5,220,72,30,641,70.0,19286.0
1570.3716535,3,208,47,21,705,64.0,6757.0
1570.371682,2,260,52,27,440,64.0,12779.0
1570.371848,4,1,13,2,122,52.0,420.731
1570.3719198,1,4,47,13,353,63.0,4319.0
1570.372785,1,12,5,0,21,51.0,75.327
1570.3728785,3,1,2,0,1,47.0,0.0
1570.37336,1,1,31,8,426,54.0,1004.0
1570.373396,5,1,23,6,366,57.0,847.589
1570.373446,2,1,10,7,322,58.0,1225.0
1570.3734645,3,1,12,3,236,52.0,311.787
1570.3742155,3,1,1,0,1,45.0,0.0
1570.374283,5,163,2,1,165,49.0,71.325
1570.374961,5,62,12,2,120,52.0,384.72
1570.3749695,3,1,6,1,133,49.0,180.222
1570.375004,1,1,12,1,88,52.0,225.152
1570.375961,5,2,12,2,114,54.0,256.845
1570.3759785,3,1,11,4,289,56.0,551.771
1570.375986,1,1,13,3,205,50.0,306.9
1570.376612,2,1,4,0,1,54.0,0.0
1570.376663,5,2,7,1,52,53.0,227.908
1570.3767,1,869,53,16,1068,55.0,1966.0
1570.3767715,3,1,8,2,238,51.0,245.765
1570.3768175,6,569,81,35,962,71.0,18886.0
1570.377383,5,338,35,9,412,62.0,1809.0
1570.37742,2,2,15,8,337,59.0,1462.0
1570.3775105,3,1,13,4,237,55.0,649.861
1570.3782865,6,197,119,54,1560,73.0,26819.0
1570.378453,1,38,78,25,739,69.0,10073.0
1570.378469,5,262,65,21,716,67.0,7523.0
1570.3784725,3,19,45,17,769,63.0,4052.0
1570.378473,2,19,39,20,357,67.0,9450.0
1570.378495,4,1,3,0,28,50.0,93.78
1570.379841,1,1,1,0,1,49.0,0.0
1570.3798655,3,1,1,0,1,45.0,0.0
1570.3804265,6,2731,253,142,3141,82.0,149320.0
1570.380462,5,2,2,0,2,48.0,3.813
1570.3809,1,228,107,40,1058,72.0,21847.0
1570.381101,2,5,68,36,869,64.0,11938.0
1570.381104,5,57,57,19,455,65.0,7871.0
1570.3811095,3,35,55,27,815,67.0,10888.0
1570.381137,4,1,3,0,23,49.0,44.213
1570.382074,5,10,6,0,11,50.0,37.216
1570.382546,1,19,16,4,207,55.0,579.516
1570.3825595,3,1,9,2,168,49.0,195.884
1570.382572,2,1,8,0,23,57.0,224.08
1570.3825848,5,2,7,1,70,50.0,164.167
1570.3832425,3,1,2,0,4,47.0,9.275
1570.383286,1,1,6,2,164,47.0,149.173
1570.383684,5,2,3,0,5,50.0,31.003
1570.3841175,6,6826,847,519,10719,91.0,1026000.0
1570.384225,1,1,24,4,175,56.0,675.046
1570.384282,5,7,16,3,117,53.0,622.532
1570.3842855,3,25,11,3,128,54.0,556.522
1570.384293,2,1,8,1,45,57.0,436.487
1570.3848997,1,18,48,20,330,66.0,10356.0
1570.384902,5,14,44,14,348,64.0,4925.0
1570.384907,2,1,37,16,246,65.0,6662.0
1570.3849145,3,1,28,10,343,60.0,2406.0
1570.384924,4,1,4,0,13,54.0,100.564
1570.385736,1,59,44,19,280,69.0,11595.0
1570.385743,4,7,10,2,67,57.0,421.721
1570.385748,2,29,32,18,228,67.0,10887.0
1570.3857498,5,12,47,24,660,70.0,14551.0
1570.3857578,3,22,24,14,367,66.0,6126.0
1570.386875,1,196,76,24,776,63.0,8052.0
1570.3868775,3,177,59,27,852,65.0,9895.0
1570.38689,2,203,46,25,489,67.0,10958.0
1570.386916,5,134,53,18,727,64.0,4890.0
1570.387032,4,2,13,2,96,56.0,602.731
1570.388325,5,1,1,0,1,45.0,0.0
1570.389174,5,1,7,1,88,54.0,264.365
1570.389203,1,69,10,1,109,51.0,206.78
1570.3892035,3,2,5,0,23,49.0,72.797
1570.3897785,3,1,2,0,1,45.0,0.0
1570.390079,1,47,10,1,48,53.0,197.137
1570.390111,5,2,8,1,72,50.0,139.743
1570.390122,2,1,2,0,1,51.0,0.0
1570.390785,5,1,45,13,631,58.0,2371.0
1570.390813,1,1040,165,84,1865,76.0,75383.0
1570.390958,2,68,33,15,472,62.0,3789.0
1570.3909725,3,885,99,55,1226,72.0,35891.0
1570.391632,4,1,6,0,8,50.0,21.487
1570.3919158,5,22,40,14,305,66.0,6851.0
1570.3919297,2,10,29,15,229,67.0,9220.0
1570.3927675,3,1,1,0,1,45.0,0.0
1570.39328,5,106,28,9,411,58.0,2071.0
1570.3933605,3,1,19,6,337,56.0,919.454
1570.393369,1,1,26,6,215,57.0,1296.0
1570.393382,2,32,20,7,171,59.0,2216.0
1570.394034,4,2,8,0,29,51.0,152.011
1570.394055,2,19,33,14,226,67.0,6127.0
1570.3940837,1,40,53,14,579,59.0,2726.0
1570.3941978,3,1,22,7,484,53.0,810.131
1570.394201,5,1,24,7,481,52.0,821.044
1570.3953368,6,401,57,23,664,71.0,10633.0
1570.395475,1,44,24,5,151,57.0,1382.0
1570.39548,2,1,19,6,143,57.0,1668.0
1570.3954845,3,1,18,4,149,59.0,1211.0
1570.395503,5,2,14,2,94,54.0,435.491
1570.396121,5,3,8,2,142,53.0,325.256
1570.396149,1,1,1,0,1,45.0,0.0
1570.3963775,3,1,1,0,1,45.0,0.0
1570.3966425,6,2176,214,72,3093,65.0,15006.0
1570.396862,1,1,7,0,4,47.0,7.111
1570.3968845,3,1,10,3,281,50.0,269.077
1570.39708,5,1,3,0,1,49.0,0.0
1570.397704,1,1,3,0,1,48.0,0.0
1570.397743,5,1,1,0,1,45.0,0.0
1570.3979975,3,1,2,0,4,49.0,14.813
1570.3987305,3,1,6,1,136,52.0,192.281
1570.398778,5,3,11,2,94,58.0,531.215
1570.398826,1,1,3,0,1,48.0,0.0
1570.399073,2,1,12,2,58,58.0,599.59
1570.399358,1,165,17,4,205,59.0,639.3
1570.3994275,3,2,6,0,11,56.0,133.716
1570.399451,5,5,3,0,6,50.0,27.697
1570.400045,5,2,3,1,93,50.0,114.964
1570.4000655,3,1,1,0,4,47.0,10.405
1570.4002675,6,724,214,95,2896,75.0,44169.0
1570.400427,1,1,2,0,1,50.0,0.0
1570.4007355,3,4,29,10,386,62.0,2374.0
1570.400738,5,2,30,7,313,57.0,1300.0
1570.400756,2,1,25,11,384,59.0,2244.0
1570.40093,1,1,20,5,307,52.0,613.792
1570.401611,5,72,12,3,201,53.0,366.659
1570.4016218,3,1,11,3,155,54.0,438.031
1570.40164,2,1,7,1,19,58.0,354.799
1570.401987,1,1,10,1,141,49.0,156.467
1570.402413,5,12,9,1,59,51.0,135.34
1570.402458,2,1,3,1,60,53.0,209.836
1570.4024695,3,1,4,0,34,51.0,130.374
1570.402749,1,2,24,6,212,58.0,1549.0
1570.402762,4,1,2,0,8,48.0,22.613
1570.4036835,3,1,5,2,308,47.0,189.214
1570.4037435,6,611,66,20,813,64.0,5573.0
1570.403843,1,1,18,6,423,57.0,796.405
1570.403854,5,2,6,0,5,48.0,21.912
1570.404016,2,1,2,0,1,51.0,0.0
1570.404887,1,1,13,3,136,55.0,499.457
1570.404943,5,317,65,21,930,61.0,4469.0
1570.4049595,3,291,49,18,855,60.0,3631.0
1570.4050568,6,1823,546,256,6837,78.0,169360.0
1570.405269,2,2,4,1,46,56.0,252.536
1570.405569,1,41,36,11,273,63.0,3638.0
1570.406473,5,412,60,20,697,65.0,5889.0
1570.40656,1,359,89,32,605,69.0,15533.0
1570.4065615,3,331,81,44,1510,70.0,18921.0
1570.406562,2,310,67,33,552,66.0,15830.0
1570.406865,4,7,12,3,103,59.0,1002.0
1570.407685,5,163,25,6,284,58.0,1191.0
1570.40779,2,33,19,7,166,61.0,2464.0
1570.407795,1,44,29,7,229,61.0,2093.0
1570.408563,1,1,4,0,91,48.0,62.561
1570.408646,5,2,3,1,108,49.0,107.902
1570.4089275,3,1,6,2,275,46.0,181.405
1570.409186,1,2,5,0,42,50.0,67.534
1570.409877,1,9,17,3,196,55.0,598.08
1570.4098835,3,1,8,2,120,53.0,303.996
1570.409897,2,1,6,1,54,53.0,180.077
1570.409923,5,5,12,1,57,52.0,299.982
1570.410484,5,1,13,2,166,52.0,216.438
1570.4105105,3,1,5,2,221,49.0,170.75
1570.410601,1,2,11,1,46,56.0,373.54
1570.4114775,3,1,5,1,74,50.0,125.88
1570.411485,1,1,9,1,65,48.0,97.53
1570.411542,5,1,1,0,1,45.0,0.0
1570.412192,5,335,77,32,825,68.0,17813.0
1570.412236,1,484,83,37,850,70.0,20287.0
1570.4122375,3,2,12,1,64,53.0,260.702
1570.412256,2,314,60,28,603,65.0,11287.0
1570.4123938,6,115,244,120,3217,76.0,83294.0
1570.412508,4,12,14,3,74,58.0,928.816
1570.4128035,3,15,14,4,277,54.0,561.172
1570.4135905,3,1,5,0,39,48.0,60.12
1570.413611,1,1,15,4,245,56.0,556.547
1570.4141625,3,1,1,0,1,45.0,0.0
1570.414164,2,1,2,0,1,50.0,0.0
1570.414441,1,219,29,7,371,57.0,1160.0
1570.414442,5,1,18,2,104,53.0,433.405
1570.4146655,3,2,6,0,31,51.0,89.696
1570.414693,2,1,2,0,1,54.0,0.0
1570.415095,5,2,12,3,178,52.0,349.227
1570.4152125,3,1,1,0,1,45.0,0.0
1570.415353,1,1,1,0,1,45.0,0.0
1570.4161185,6,679,40,15,879,59.0,2528.0
1570.416688,5,2,7,1,77,51.0,176.473
1570.416735,2,1,3,0,1,51.0,0.0
1570.4167945,3,2,4,0,20,51.0,103.911
1570.416804,1,1,6,1,64,50.0,142.467
1570.417313,5,1,5,0,4,49.0,11.179
1570.4173535,3,1,4,0,10,46.0,19.319
1570.4175025,6,992,104,36,1742,67.0,8744.0
1570.417559,1,75,8,3,317,51.0,297.709
1570.417647,2,1,1,0,1,50.0,0.0
1570.417835,5,2,5,0,15,56.0,182.07
1570.4183745,3,1,3,1,166,48.0,82.717
1570.418821,1,1,4,0,1,51.0,0.0
1570.418849,5,1,3,0,18,47.0,24.855
1570.419544,1,246,42,10,539,57.0,1515.0
1570.4196525,3,1,23,8,473,57.0,1057.0
1570.4197515,6,1956,292,130,3839,73.0,65860.0
1570.419781,2,1,7,2,82,55.0,437.729
1570.419807,5,36,21,5,264,53.0,758.35
1570.4206258,3,1,6,1,121,52.0,178.555
1570.420627,2,1,7,1,32,54.0,225.015
1570.420662,1,71,16,3,148,54.0,488.536
1570.42074,5,2,1,0,2,49.0,5.342
1570.421517,5,187,65,20,664,64.0,5287.0
1570.4215395,3,172,50,24,728,69.0,9209.0
1570.421552,1,186,81,25,715,67.0,8598.0
1570.421568,2,123,41,20,287,67.0,10624.0
1570.421684,4,7,10,3,103,58.0,769.573
1570.423134,1,1,1,0,1,45.0,0.0
1570.4234005,3,1,1,0,1,46.0,0.0
1570.423818,5,1,4,0,1,48.0,0.0
1570.423836,1,2,8,1,73,51.0,131.31
1570.4242485,6,2082,182,76,2816,72.0,30450.0
1570.424517,5,3,22,6,307,56.0,1119.0
1570.4245245,3,30,10,3,233,58.0,434.571
1570.424527,2,1,8,1,59,58.0,396.442
1570.42453,1,2,17,5,263,55.0,675.502
1570.4253705,3,1,1,0,1,45.0,0.0
1570.425379,1,1,8,0,11,48.0,26.206
1570.426051,1,310,39,11,557,59.0,1953.0
1570.42624,5,53,26,5,209,56.0,919.433
1570.426258,2,2,14,6,199,57.0,1360.0
1570.4262665,3,112,26,9,406,58.0,1669.0
1570.427026,5,1,1,0,1,45.0,0.0
1570.4275648,6,7775,965,423,13599,84.0,318840.0
1570.428348,5,5,32,9,418,61.0,1908.0
1570.428362,1,2,41,10,611,54.0,1189.0
1570.4283665,3,2,17,5,373,53.0,625.604
1570.428369,2,1,8,2,67,58.0,597.997
1570.429206,2,1,8,1,56,57.0,394.91
1570.4292535,3,2,9,2,140,53.0,297.64
1570.4292658,5,2,7,0,2,49.0,7.88
1570.42986,5,59,48,14,440,63.0,4426.0
1570.429872,1,42,53,15,482,63.0,4310.0
1570.4298985,3,53,29,12,525,61.0,3238.0
1570.429901,4,1,5,0,20,50.0,80.299
1570.429909,2,1,28,11,274,62.0,3767.0
1570.430976,1,289,56,17,667,61.0,3823.0
1570.4309835,3,243,34,12,689,57.0,1766.0
1570.430995,5,1,4,0,6,50.0,22.259
1570.431221,2,36,23,8,239,61.0,2252.0
1570.432206,1,1,1,0,1,45.0,0.0
1570.432526,5,44,25,6,215,61.0,1796.0
1570.432552,4,1,3,0,50,48.0,76.737
1570.432556,2,41,15,6,121,62.0,2196.0
1570.4325635,3,25,14,5,191,59.0,1182.0
1570.432989,1,19,16,2,97,56.0,430.007
1570.434285,5,1,11,1,114,50.0,173.381
1570.4342955,3,358,26,8,566,56.0,999.926
1570.434395,1,422,45,12,699,57.0,1761.0
1570.434636,2,32,11,3,73,60.0,865.642
1570.435339,5,30,54,28,372,72.0,26562.0
1570.435342,2,50,39,21,347,66.0,11783.0
1570.435351,4,24,16,5,173,61.0,1840.0
1570.4353618,3,2,28,14,461,67.0,6349.0
1570.435605,1,1,14,4,282,52.0,433.971
1570.436456,5,2,1,0,2,45.0,4.961
1570.4369625,3,1,6,2,225,48.0,188.936
1570.436967,1,1,16,3,156,59.0,648.923
1570.437768,1,1,26,8,183,63.0,2732.0
1570.437772,5,24,21,3,99,59.0,889.848
1570.4377755,3,1,9,1,92,52.0,251.391
1570.437779,2,7,15,6,128,61.0,2103.0
1570.438565,1,8,19,5,279,56.0,809.279
1570.438637,5,79,13,3,181,51.0,342.685
1570.4386375,3,8,11,3,196,50.0,345.593
1570.438663,2,1,4,2,122,54.0,378.38
1570.4398235,3,1,3,0,1,47.0,0.0
1570.439887,1,1,2,0,1,46.0,0.0
1570.440355,5,3,15,2,75,58.0,473.339
1570.4403865,3,1,8,4,398,50.0,338.077
1570.440444,1,1,5,0,1,49.0,0.0
1570.440707,2,1,4,0,11,55.0,142.409
1570.4416765,6,231,31,9,465,62.0,1768.0
1570.441844,1,3,6,2,148,51.0,197.988
1570.4419655,3,1,1,0,1,45.0,0.0
1570.442393,2,27,24,9,301,60.0,2319.0
1570.442395,5,12,27,6,306,56.0,919.69
1570.4424675,3,1,11,2,208,49.0,272.105
1570.442499,1,2,15,3,171,52.0,437.376
1570.4426417,6,9873,1529,771,18470,89.0,1065000.0
1570.442953,4,1,1,0,1,45.0,0.0
1570.44317,1,1,14,3,243,54.0,453.364
1570.443203,2,1,4,1,39,53.0,206.586
1570.443215,5,3,6,0,4,50.0,22.79
1570.4436945,3,22,29,8,305,59.0,1872.0
1570.443721,5,109,32,9,300,62.0,2977.0
1570.4437418,2,130,19,7,190,60.0,1712.0
1570.443915,1,1,27,7,354,56.0,1068.0
1570.4446005,3,155,35,15,927,62.0,2449.0
1570.444716,5,67,36,10,226,62.0,3218.0
1570.444741,2,11,27,9,116,62.0,4094.0
1570.4447688,1,7,49,16,594,65.0,4393.0
1570.445848,5,89,41,11,555,57.0,1613.0
1570.445899,1,62,55,18,940,58.0,2790.0
1570.445902,2,1,24,12,376,61.0,2951.0
1570.445921,4,1,2,0,1,46.0,0.0
1570.4460335,3,1,17,5,368,53.0,662.847
1570.447247,5,2,13,2,149,52.0,246.925
1570.4473005,3,1,9,1,102,51.0,190.935
1570.447351,1,1,12,3,307,49.0,333.817
1570.448232,1,1013,77,21,1159,60.0,3354.0
1570.4482475,3,337,41,15,1071,55.0,1514.0
1570.448446,5,2,22,5,246,52.0,680.904
1570.448452,2,1,16,6,201,57.0,1192.0
1570.449217,2,77,14,4,123,57.0,895.575
1570.449221,5,2,9,2,131,50.0,273.284
1570.449901,2,1,7,1,60,53.0,298.729
1570.4499285,3,1,10,3,212,50.0,310.713
1570.450013,1,58,6,0,59,50.0,80.201
1570.450346,5,56,18,4,256,56.0,643.351
1570.450733,1,1,29,6,370,54.0,871.956
1570.4507345,3,1,11,3,327,49.0,303.374
1570.450837,2,1,2,0,1,54.0,0.0
1570.451546,5,2,3,0,7,47.0,33.82
1570.451607,1,2,4,0,35,52.0,94.726
1570.4516815,3,392,34,13,561,62.0,2905.0
1570.452029,2,1,21,9,242,60.0,2525.0
1570.4520527,5,25,25,5,177,56.0,1006.0
1570.4521418,1,23,15,2,115,55.0,466.898
1570.452537,4,1,1,0,1,45.0,0.0
1570.4527505,3,1,3,0,39,48.0,40.055
1570.452772,1,1,6,0,10,48.0,22.138
1570.452993,5,49,17,3,167,52.0,423.378
1570.453026,2,1,8,2,116,55.0,386.703
1570.453417,1,1,2,0,49,48.0,41.688
1570.4534335,3,1,2,0,8,49.0,25.178
1570.454023,5,1,46,12,723,54.0,1406.0
1570.454054,1,89,46,11,623,54.0,1395.0
1570.4540915,3,1,15,8,707,51.0,645.252
1570.454751,2,1,1,0,1,50.0,0.0
1570.455256,5,1,1,0,1,45.0,0.0
1570.455258,1,1,2,0,1,48.0,0.0
1570.4555065,3,2,33,11,451,63.0,2477.0
1570.455515,2,259,36,16,429,61.0,4559.0
1570.455727,4,1,3,1,46,55.0,187.759
1570.4557568,5,1,22,6,174,61.0,1564.0
1570.455763,1,43,37,10,447,61.0,2523.0
1570.4564855,3,1,19,7,491,60.0,1215.0
1570.456654,2,12,15,5,166,58.0,1008.0
1570.456657,5,14,22,4,167,55.0,766.182
1570.4567098,1,65,30,9,592,58.0,1341.0
1570.457518,5,6,119,54,928,69.0,30985.0
1570.457519,4,1,36,13,576,57.0,2063.0
1570.4575225,3,31,83,70,878,72.0,55372.0
1570.457531,2,381,104,65,800,71.0,41479.0
1570.4578007,1,130,78,33,589,70.0,17104.0
1570.45908,1,1,8,2,152,51.0,191.299
1570.459188,5,1,5,0,25,49.0,35.575
1570.4596555,3,1,2,0,1,48.0,0.0
1570.459761,1,1,4,1,133,49.0,138.5
1570.4601715,3,1,4,0,25,51.0,45.562
1570.460174,5,12,10,2,73,57.0,538.375
1570.460213,2,2,3,0,22,54.0,169.879
1570.460676,1,71,41,9,361,59.0,1691.0
1570.4607085,3,60,25,6,292,55.0,1069.0
1570.4607348,2,16,21,9,281,60.0,2477.0
1570.460753,5,184,26,6,252,57.0,1084.0
1570.4616195,6,1779,383,156,4109,78.0,86893.0
1570.4616495,3,2,2,0,5,47.0,19.276
1570.46165,5,1,14,3,225,52.0,431.526
1570.461772,1,875,65,21,1017,60.0,4145.0
1570.462198,2,1,8,2,70,57.0,696.651
1570.4622135,3,3,26,8,538,60.0,1273.0
1570.462222,4,1,1,0,1,48.0,0.0
1570.462486,5,141,16,3,198,52.0,356.339
1570.463155,2,1,3,0,1,51.0,0.0
1570.46321,5,233,32,7,356,58.0,1166.0
1570.463319,1,119,34,9,333,60.0,2037.0
1570.4634145,3,1,18,7,186,61.0,2247.0
1570.464151,5,1,13,3,200,51.0,339.97
1570.4641545,3,33,13,3,185,56.0,579.742
1570.464164,1,2,21,4,200,53.0,564.74
1570.464204,2,70,9,2,85,57.0,467.901
1570.464804,2,1,5,0,1,55.0,0.0
1570.4648575,3,1,23,8,634,54.0,829.291
1570.464884,5,153,23,7,411,55.0,997.971
1570.465027,1,8,15,3,99,57.0,618.542
1570.465987,1,100,41,13,367,62.0,4110.0
1570.465988,2,19,22,11,224,62.0,3851.0
1570.4659918,3,34,22,7,223,60.0,2015.0
1570.465994,5,2,29,8,313,58.0,1811.0
1570.466004,4,1,4,0,51,48.0,68.688
1570.4662335,6,33080,10880,51815,350000,99.0,219910000.0
1570.467015,1,2,9,0,47,51.0,107.644
1570.467229,5,1,3,0,1,47.0,0.0
1570.467642,1,1,17,3,120,55.0,692.317
1570.467661,2,1,8,2,59,55.0,469.448
1570.4676645,3,24,10,4,118,59.0,934.482
1570.467731,5,1,3,0,10,48.0,16.89
1570.46825,5,1585,396,276,3607,88.0,791960.0
1570.468263,1,1597,435,332,4194,87.0,766374.0
1570.46827,2,1572,360,396,3411,89.0,1208000.0
1570.4682865,3,1587,307,390,4069,91.0,1360000.0
1570.46841,4,19,8,0,20,53.0,91.721
1570.469172,4,2,3,0,2,48.0,7.006
1570.4696738,4,154,64,86,1016,74.0,79112.0
1570.471411,4,2,10,2,87,54.0,277.813
1570.472378,2,1,1,0,1,50.0,0.0
1570.472436,5,1,2,0,1,49.0,0.0
1570.472741,4,1,2,0,12,48.0,43.004
1570.4728565,3,1,5,1,94,48.0,94.901
1570.47289,2,1,3,0,1,52.0,0.0
1570.473103,5,161,192,68,2213,70.0,24330.0
1570.473155,1,158,171,61,1520,67.0,23741.0
1570.473267,4,2,16,2,88,59.0,612.369
1570.473393,2,87,35,14,234,63.0,6169.0
1570.4734545,3,923,91,31,1143,60.0,6435.0
1570.473863,4,1,2,0,1,46.0,0.0
1570.474151,2,2,27,10,261,60.0,3127.0
1570.475005,2,47,11,3,107,56.0,852.732
1570.4750978,3,2,7,2,134,51.0,215.047
1570.475203,1,61,15,3,254,51.0,321.071
1570.4757665,3,240,43,18,423,62.0,5859.0
1570.47578,2,62,48,20,381,63.0,7166.0
1570.475817,5,178,52,13,355,62.0,3862.0
1570.475838,4,1,4,0,1,50.0,0.0
1570.475965,1,1,35,10,288,65.0,3210.0
1570.4767005,3,1,2,0,6,46.0,8.46
1570.47675,5,206,25,6,423,57.0,715.92
1570.477071,1,96,45,14,799,54.0,1634.0
1570.47717,2,1,5,1,47,56.0,151.391
1570.4772125,3,1,25,9,628,54.0,1042.0
1570.477806,5,1,6,0,1,49.0,0.0
1570.477833,2,1,2,0,1,51.0,0.0
1570.478311,5,23,21,4,197,52.0,545.358
1570.478336,2,1,14,3,93,58.0,860.159
1570.4783445,3,1,10,2,143,52.0,344.036
1570.478371,1,1,11,2,105,51.0,237.628
1570.478957,2,1,6,1,50,56.0,427.3
1570.4789758,1,1039,116,52,1301,69.0,28049.0
1570.4790115,3,248,43,34,782,73.0,24979.0
1570.47907,5,229,93,32,1155,63.0,8948.0
1570.479232,4,4,12,2,93,57.0,570.56
1570.479676,2,1,1,0,1,50.0,0.0
1570.480055,4,18,2,0,19,50.0,39.235
1570.480182,2,1,6,1,59,58.0,298.133
1570.4803065,3,1,6,2,244,48.0,203.292
1570.48078,5,1055,186,69,2123,68.0,24516.0
1570.480783,2,1033,125,72,1442,71.0,36745.0
1570.480785,1,1079,174,61,1573,69.0,24500.0
1570.480792,4,3,9,1,92,53.0,264.112
1570.4812105,3,625,90,64,1214,76.0,62243.0
1570.481823,4,1,16,4,231,55.0,570.902
1570.482729,2,2,13,3,67,62.0,1570.0
1570.4828578,1,1,13,1,76,53.0,207.154
1570.4829355,3,1,3,0,8,46.0,10.815
1570.483435,1,193,631,253,6482,73.0,131918.0
1570.483502,5,79,385,170,3310,77.0,117911.0
1570.483551,2,26,274,185,2359,76.0,155410.0
1570.483553,4,58,28,9,218,62.0,3613.0
1570.4835565,3,25,434,260,6218,76.0,159314.0
1570.484582,4,161,19,4,223,55.0,776.08
1570.485394,4,2,22,9,392,54.0,1483.0
1570.486355,4,1,6,1,86,50.0,166.447
1570.4864097,2,13,37,14,360,62.0,3747.0
1570.487343,5,247,198,60,2168,64.0,14564.0
1570.487422,2,37,70,32,835,61.0,8949.0
1570.48762,4,2,3,0,3,52.0,21.534
1570.48814,4,1,2,0,16,47.0,37.373
1570.488932,2,74,27,12,356,61.0,3102.0
1570.488957,4,1,4,0,34,53.0,70.897
1570.490411,2,41,23,9,177,62.0,3747.0
1570.4904165,3,26,56,18,1043,56.0,2712.0
1570.49042,1,26,33,8,176,61.0,2867.0
1570.490427,5,47,29,10,352,62.0,2746.0
1570.490429,4,2,6,0,20,53.0,102.239
1570.491104,1,123,40,11,402,58.0,2159.0
1570.491225,2,72,22,6,142,62.0,2333.0
1570.4912788,5,26,26,9,573,55.0,1223.0
1570.4921325,3,244,123,96,1942,75.0,85035.0
1570.49214,1,261,180,107,1487,78.0,116244.0
1570.492171,2,201,131,104,1060,76.0,112735.0
1570.492336,4,9,39,14,420,65.0,5031.0
1570.4923508,5,24,112,66,826,73.0,57461.0
1570.493887,5,1,7,0,17,49.0,56.092
1570.494342,4,66,32,30,576,63.0,11475.0
1570.494343,1,39,225,143,2050,79.0,175884.0
1570.494347,2,61,131,127,1300,80.0,173013.0
1570.4944037,5,40,219,95,1953,71.0,52595.0
1570.4945748,3,62,152,87,2137,69.0,37858.0
1570.496006,4,3,5,1,66,54.0,232.595
1570.4961468,2,1,13,3,126,55.0,722.904
1570.496893,1,1,3,0,1,47.0,0.0
1570.497199,2,123,95,55,906,67.0,29013.0
1570.497201,5,243,114,52,743,73.0,43692.0
1570.4972117,3,15,77,37,746,67.0,15473.0
1570.497234,4,195,26,8,330,58.0,1956.0
1570.497395,1,84,91,34,642,67.0,16842.0
1570.4984655,3,1044,161,161,1877,84.0,398438.0
1570.498479,5,1042,228,176,1773,83.0,361499.0
1570.498542,1,985,220,152,1777,80.0,247288.0
1570.498623,2,69,61,43,512,71.0,41555.0
1570.498635,4,22,23,9,196,63.0,3252.0
1570.499485,4,11,36,24,580,68.0,11350.0
1570.4996348,2,80,78,51,612,71.0,39878.0
1570.500834,5,41,15,3,233,52.0,407.731
1570.500842,1,2,7,0,3,53.0,30.053
1570.5008427,3,1,9,2,221,51.0,275.78
1570.501354,1,2,17,3,147,53.0,489.461
1570.501368,2,1,9,3,122,54.0,642.57
1570.5017175,3,464,136,78,1704,69.0,32990.0
1570.501719,5,1507,197,68,1747,68.0,24718.0
1570.502058,1,1191,188,74,1430,66.0,30828.0
1570.502115,2,1140,152,86,1404,68.0,44058.0
1570.502126,4,7,10,3,127,54.0,543.238
1570.50297,4,5,4,0,9,52.0,69.392
1570.503842,4,2,10,2,69,55.0,457.48
1570.5039218,3,37,135,43,2056,57.0,6591.0
1570.5039657,5,4,170,46,1881,60.0,8501.0
1570.503988,1,27,170,44,2004,60.0,7068.0
1570.504028,2,314,66,28,825,61.0,6691.0
1570.505359,2,2,24,10,337,59.0,2229.0
1570.506199,2,1,4,0,1,54.0,0.0
1570.506416,5,3850,1846,865,16341,84.0,774371.0
1570.506426,4,110,49,25,808,61.0,6395.0
1570.5064777,3,1148,1289,976,15465,82.0,1220000.0
1570.5064917,1,3802,1722,881,15442,81.0,879502.0
1570.5067,2,939,649,530,5986,82.0,743354.0
1570.5077337,4,31,42,45,738,69.0,22291.0
1570.508972,4,1,4,0,55,50.0,88.951
1570.509826,4,10,16,6,167,62.0,1795.0
1570.510496,4,326,30,10,422,57.0,1789.0
1570.511424,4,2,13,3,242,53.0,442.358
1570.513195,2,544,72,36,952,63.0,10494.0
1570.513218,4,1,3,0,1,48.0,0.0
1570.514595,4,1,20,7,418,55.0,964.142
1570.514649,2,294,84,38,789,64.0,13567.0
1570.515803,4,2,40,27,375,74.0,20559.0
1570.5159377,2,6,127,75,1166,76.0,58859.0
1570.517607,2,378,241,135,2566,74.0,75556.0
1570.517704,4,1,3,0,1,46.0,0.0
1570.51821,4,1,4,1,117,50.0,125.345
1570.51931,4,1,8,1,95,49.0,175.831
1570.52068,2,288,101,49,1015,68.0,19991.0
1570.520895,4,2,13,6,488,52.0,614.025
1570.522271,2,165,45,17,375,65.0,5866.0
1570.522412,4,2,7,0,42,52.0,136.137
1570.5224328,1,1777,365,116,3672,67.0,34370.0
1570.5224428,3,10917,2406,1102,31566,77.0,450681.0
1570.5231457,2,1,18,6,271,56.0,1029.0
1570.523257,5,938,267,82,2819,64.0,20974.0
1570.523922,2,289,92,41,867,65.0,14885.0
1570.524156,4,5,9,3,108,56.0,591.57
1570.525302,2,1,10,0,13,54.0,61.897
1570.525583,4,1,5,0,24,53.0,125.981
1570.525847,2,183,14,8,295,58.0,1533.0
1570.526577,5,6771,1490,490,13099,74.0,181713.0
1570.526607,1,11919,1493,507,12935,71.0,183056.0
1570.526683,2,84,32,14,215,65.0,6403.0
1570.52673,4,2,4,1,63,52.0,162.934
1570.527452,2,1,8,0,28,56.0,196.946
1570.528102,2,1,36,15,321,61.0,5081.0
1570.528933,2,387,126,61,1539,67.0,18813.0
1570.5293,4,1,4,0,41,51.0,78.378
1570.530661,4,2,6,1,73,51.0,163.59
1570.530974,2,2377,410,222,4034,75.0,129585.0
1570.531566,4,1,1,0,1,46.0,0.0
1570.532255,4,1,1,0,1,45.0,0.0
1570.532761,4,155,9,3,215,54.0,399.079
1570.533476,4,13,26,12,539,56.0,1907.0
1570.535577,2,371,48,21,483,63.0,6314.0
1570.53585,4,1,2,0,1,47.0,0.0
1570.536588,2,1951,238,136,2341,73.0,77699.0
1570.536682,4,1,1,0,5,46.0,13.346
1570.53721,4,1,12,3,244,52.0,378.075
1570.538424,4,84,26,9,342,58.0,1957.0
1570.539275,4,1,2,0,1,48.0,0.0
1570.539452,2,1,13,5,201,56.0,960.266
1570.540045,1,24844,16983,45665,350001,99.0,122728000.0
1570.540183,2,1,6,0,17,53.0,123.981
1570.540207,5,4205,624,245,5692,72.0,119244.0
1570.540715,2,211,144,63,1357,65.0,20393.0
1570.540808,4,323,22,7,381,56.0,871.341
1570.541998,4,2,2,0,2,47.0,3.695
1570.542653,2,1813,252,170,2499,72.0,112384.0
1570.542708,4,251,36,11,386,59.0,2446.0
1570.544392,4,7,29,9,328,60.0,2174.0
1570.5456517,2,1,16,3,95,56.0,728.211
1570.546205,4,1,1,0,1,45.0,0.0
1570.546255,2,1425,223,101,2411,66.0,30929.0
1570.546405,5,8849,1057,319,10799,66.0,75821.0
1570.547648,4,15,6,2,138,51.0,207.904
1570.548292,4,1,6,0,30,52.0,108.216
1570.5491657,2,264,183,96,2628,66.0,27291.0
1570.549387,4,2,6,1,66,51.0,168.583
1570.549975,4,1,1,0,1,47.0,0.0
1570.550913,4,1,3,0,77,48.0,69.844
1570.552338,2,105,121,55,1589,62.0,14047.0
1570.554471,2,746,199,112,2665,69.0,42696.0
1570.5545185,3,10355,2640,53508,350001,99.0,232011000.0
1570.554981,4,2,1,0,2,45.0,7.006
1570.556927,4,1,3,1,76,50.0,103.363
1570.557533,4,16,4,0,18,52.0,93.564
1570.5576357,2,620,107,70,1027,73.0,55550.0
1570.557711,5,9232,5004,2929,40707,90.0,5849000.0
1570.558203,4,2,19,11,311,61.0,2847.0
1570.559165,2,3692,602,396,6143,83.0,499846.0
1570.559565,4,1,18,1,80,53.0,142.835
1570.5601448,4,1,15,2,95,55.0,562.186
1570.560868,4,1,4,0,24,51.0,66.478
1570.561501,4,1,4,0,31,50.0,63.583
1570.562046,4,11,4,1,61,54.0,193.397
1570.562795,4,26,30,17,267,71.0,10607.0
1570.564283,4,1,1,0,1,47.0,0.0
1570.565728,4,634,46,17,731,62.0,3617.0
1570.56581,2,1095,2247,2622,20102,96.0,12288000.0
1570.5669587,4,31,199,241,2793,78.0,308106.0
1570.570299,4,986,52,18,1105,57.0,2069.0
1570.571904,4,1236,120,40,1488,63.0,7898.0
1570.574288,4,91,49,14,698,57.0,2163.0
1570.575489,4,33,26,7,305,56.0,1296.0
1570.576749,4,1,2,0,1,48.0,0.0
1570.577535,4,14,21,6,294,55.0,938.096
1570.578329,4,285,51,17,632,61.0,4160.0
1570.579636,4,2,5,0,2,49.0,4.148
1570.581158,4,1,8,3,227,52.0,346.16
1570.581963,4,1,1,0,8,47.0,22.973
1570.582794,4,1,20,8,525,54.0,899.125
1570.583917,4,1,10,0,52,51.0,113.609
1570.584484,4,1,8,1,103,51.0,198.574
1570.585375,4,1,4,1,114,52.0,106.13
1570.586149,4,1,17,3,97,58.0,940.939
1570.586421,2,5503,1143,707,11495,77.0,482769.0
1570.587015,4,2,14,2,88,55.0,455.189
1570.58761,4,1,6,3,304,52.0,311.565
1570.588715,4,30,14,2,77,55.0,417.649
1570.589858,4,311,24,8,378,58.0,1512.0
1570.590964,4,126,29,11,329,65.0,4357.0
1570.591846,4,12,24,10,173,71.0,6102.0
1570.593601,4,26,20,5,157,57.0,1201.0
1570.594508,4,2,5,0,54,49.0,86.736
1570.595773,4,229,15,5,294,57.0,885.515
1570.596843,4,1,3,0,8,55.0,54.894
1570.597357,4,1,1,0,1,48.0,0.0
1570.598417,2,2,7,2,94,55.0,347.678
1570.598891,4,1,1,0,1,45.0,0.0
1570.598925,5,30,18,3,165,56.0,625.244
1570.599254,2,386,45,18,541,63.0,4555.0
1570.599601,5,20048,19879,44517,350000,99.0,101250000.0
1570.599614,4,5,3,0,12,53.0,61.181
1570.600313,2,715,164,84,1472,69.0,36088.0
1570.600443,4,12,9,2,88,58.0,570.185
1570.601044,4,1,11,2,172,52.0,295.436
1570.602023,4,1,7,0,20,53.0,82.993
1570.602302,2,59,291,252,3285,84.0,485897.0
1570.602544,4,24,25,11,379,56.0,1988.0
1570.603606,4,1,2,0,1,47.0,0.0
1570.605403,4,1,2,0,1,46.0,0.0
1570.606094,2,12294,3130,2154,28188,83.0,2384000.0
1570.606698,4,16,4,0,24,48.0,52.64
1570.607373,4,2,11,2,95,52.0,349.322
1570.6079677,4,3,13,4,241,54.0,628.659
1570.609246,4,18,42,32,376,75.0,34526.0
1570.610883,4,7,8,1,62,54.0,276.72
1570.611619,4,166,25,8,316,57.0,1478.0
1570.612437,4,7,5,0,20,52.0,140.324
1570.613143,4,2,13,3,127,57.0,650.907
1570.614275,4,1,3,0,14,50.0,53.829
1570.615377,4,82,5,1,83,51.0,117.572
1570.616072,4,1,3,0,1,52.0,0.0
1570.616612,4,1,17,6,382,55.0,827.074
1570.618332,4,49,61,39,771,70.0,22202.0
1570.61961,4,1,5,0,7,52.0,53.125
1570.620369,4,1,4,0,1,48.0,0.0
1570.6208698,4,1528,178,87,2697,71.0,37031.0
1570.624427,4,13,11,1,56,54.0,299.086
1570.625018,4,1,2,0,1,46.0,0.0
1570.625523,4,1,14,4,294,51.0,464.467
1570.626398,4,657,45,14,903,54.0,1688.0
1570.628022,4,17,76,25,736,63.0,6721.0
1570.629803,4,162,22,5,252,58.0,988.149
1570.63134,4,8,11,2,78,53.0,322.6
1570.6319178,4,43,14,3,129,51.0,435.435
1570.632871,4,130,43,12,267,60.0,3473.0
1570.633665,4,1,5,0,19,53.0,49.673
1570.634794,2,6264,1225,805,11070,85.0,1021000.0
1570.634939,4,21,8,3,267,53.0,462.94
1570.636099,4,1,8,1,88,52.0,137.275
1570.636908,4,1,8,3,96,58.0,667.254
1570.638599,4,2,4,0,10,51.0,35.378
1570.639113,4,15,10,2,86,53.0,321.17
1570.639757,4,15,9,0,29,53.0,168.931
1570.640856,4,197,61,31,720,68.0,13421.0
1570.642096,4,35,18,8,553,54.0,818.005
1570.643215,4,3,2,0,4,46.0,11.624
1570.644006,4,2,16,4,301,52.0,506.946
1570.645392,4,1,6,1,130,51.0,160.844
1570.646096,4,2,8,1,87,54.0,312.242
1570.646379,2,1518,181,82,1872,66.0,25705.0
1570.64686,4,1,1,0,1,47.0,0.0
1570.647829,4,1,15,3,161,55.0,582.938
1570.648755,2,47185,17553,65535,350001,99.0,302806000.0
1570.648832,4,1,5,0,39,51.0,98.426
1570.64938,4,2,9,1,76,51.0,180.213
1570.650317,4,27,20,4,139,59.0,1070.0
1570.651957,4,2,12,2,112,55.0,423.115
1570.65272,4,14,15,4,239,56.0,723.003
1570.654141,4,1,4,0,1,47.0,0.0
1570.654964,4,12,15,3,131,56.0,676.938
1570.655618,4,118,49,17,755,61.0,3700.0
1570.656878,4,1,2,0,1,48.0,0.0
1570.657391,4,170,31,11,453,65.0,2988.0
1570.659357,4,2,3,0,3,50.0,7.266
1570.6598597,4,3,25,7,226,59.0,1574.0
1570.660604,4,2,6,1,94,50.0,148.493
1570.661303,4,6,12,3,155,57.0,535.501
1570.66218,4,868,78,26,1181,64.0,4721.0
1570.663928,4,75,43,15,535,59.0,3434.0
1570.665253,4,235,38,11,487,59.0,2289.0
1570.666546,4,2,3,0,2,48.0,3.784
1570.667062,4,1,5,0,41,54.0,117.239
1570.667603,4,3,12,2,94,56.0,577.054
1570.668238,4,86,9,2,131,54.0,302.759
1570.669258,4,379,40,16,719,62.0,3506.0
1570.670478,4,646,82,28,948,60.0,6240.0
1570.671931,4,1,6,0,7,48.0,21.798
1570.672735,4,1,4,0,6,49.0,23.823
1570.673275,4,21,14,2,122,55.0,418.235
1570.674069,4,2,16,4,202,56.0,604.693
1570.675205,4,2,68,24,706,63.0,6016.0
1570.67663,4,1,1,0,1,45.0,0.0
1570.677172,4,2,6,0,57,52.0,112.995
1570.67773,4,1,7,0,45,49.0,70.172
1570.679281,4,80,28,7,450,53.0,892.369
1570.680503,4,4,20,7,145,62.0,2463.0
1570.681378,4,13,19,6,322,58.0,1156.0
1570.682212,4,165,10,3,196,53.0,489.629
1570.682923,4,10,33,11,566,59.0,1676.0
1570.68413,4,2,18,4,226,57.0,798.687
1570.685173,4,42,32,12,675,56.0,1683.0
1570.686584,4,2,14,3,171,52.0,445.632
1570.687417,4,8,15,4,204,54.0,655.513
1570.689398,4,38,46,17,694,59.0,3010.0
1570.690723,4,1,18,6,299,58.0,1052.0
1570.692024,4,71,51,18,540,62.0,4792.0
1570.693462,4,1,2,0,1,48.0,0.0
1570.694008,4,60,16,4,181,56.0,716.647
1570.6947,4,1,16,3,165,52.0,384.398
1570.695768,4,39,57,18,940,55.0,2564.0
1570.697445,4,2,35,15,381,63.0,4500.0
1570.698491,4,2,6,0,43,53.0,135.277
1570.699391,4,3,13,3,143,53.0,442.168
1570.700164,4,206,43,31,652,67.0,15876.0
1570.70136,4,2,2,0,2,46.0,5.81
1570.702779,4,2,11,2,103,58.0,417.035
1570.703477,4,1,23,8,476,56.0,1126.0
1570.704739,4,1,3,0,1,49.0,0.0
1570.705504,4,144,23,8,442,57.0,1131.0
1570.707152,4,1,2,0,4,46.0,10.333
1570.707658,4,1,5,0,33,50.0,70.97
1570.708194,4,137,43,15,447,61.0,3573.0
1570.709214,4,41,25,9,464,56.0,1368.0
1570.710343,4,16,23,5,161,58.0,1183.0
1570.711222,4,7,28,6,257,57.0,1386.0
1570.711995,4,3,22,4,194,55.0,742.717
1570.712794,4,1,8,0,20,50.0,53.485
1570.713396,4,747,63,36,1052,66.0,11692.0
1570.715,4,246,50,17,697,62.0,3642.0
1570.716197,4,1,11,2,176,52.0,312.766
1570.716951,4,2,23,5,222,53.0,732.732
1570.7176728,4,9,21,7,330,54.0,941.949
1570.7185018,4,252,42,16,458,64.0,5003.0
1570.71976,4,148,60,23,864,62.0,5586.0
1570.721192,4,2,7,1,63,53.0,128.252
1570.722538,4,4,7,1,70,56.0,337.832
1570.723208,4,23,49,15,668,59.0,2895.0
1570.7243758,4,17,24,8,365,58.0,1544.0
1570.725376,4,29,21,8,435,56.0,1168.0
1570.726317,4,2,7,0,48,49.0,67.929
1570.726956,4,1,9,0,34,52.0,153.492
1570.727932,4,2,5,0,2,49.0,3.55
1570.72844,4,2,3,0,16,50.0,53.54
1570.7289558,4,1,3,0,1,49.0,0.0
1570.729651,4,28,28,10,257,62.0,3305.0
1570.730412,4,1,17,1,76,54.0,306.444
1570.731233,4,1,3,0,1,48.0,0.0
1570.731813,4,18,25,8,257,60.0,2266.0
1570.732941,4,1,5,1,78,49.0,104.624
1570.734043,4,1,7,2,163,49.0,208.943
1570.734748,4,29,10,3,160,52.0,421.278
1570.735447,4,1,1,0,1,46.0,0.0
1570.7359477,4,760,49,17,1056,58.0,2518.0
1570.737876,4,2,25,9,647,53.0,967.582
1570.739173,4,2,130,40,1478,62.0,8039.0
1570.741173,4,341,27,9,618,56.0,1152.0
1570.742417,4,836,92,43,1133,65.0,16174.0
1570.744051,4,106,31,11,474,63.0,3070.0
1570.74506,4,240,38,11,390,61.0,2671.0
1570.746072,4,2,8,0,23,55.0,157.022
1570.746737,4,998,62,20,1075,57.0,2870.0
1570.7483118,4,143,48,18,586,61.0,4066.0
1570.749768,4,990,90,32,1201,66.0,8785.0
1570.751549,4,616,49,19,841,58.0,3397.0
1570.752903,4,2,88,31,1637,55.0,4082.0
1570.75512,4,279,78,27,1148,62.0,5308.0
1570.75677,4,1362,129,53,1744,67.0,16442.0
1570.759162,4,718,104,36,1037,68.0,12787.0
1570.760916,4,547,2415,1517,28485,87.0,2159000.0
1570.789938,4,124,145,45,1983,57.0,6981.0
1570.7924208,4,6,99,35,1594,59.0,5994.0
1570.7945138,4,2925,251,79,3222,61.0,14079.0
1570.7982347,4,1090,380,154,4736,66.0,43164.0
1570.803471,4,2293,422,152,6235,65.0,28806.0
1570.810209,4,11,51,15,591,57.0,2730.0
1570.8113,4,312,75,27,842,62.0,6080.0
1570.812663,4,769,136,79,1883,77.0,72138.0
1570.815051,4,1,5,0,1,49.0,0.0
1570.815672,4,67,435,154,5961,64.0,30930.0
1570.8165348,6,22097,28668,38443,349996,96.0,90454000.0
1570.822158,4,8820,19630,11778,189138,88.0,10168000.0
1570.8903458,1,29041,13821,65535,350001,98.0,216425000.0
1570.9048197,3,28034,5910,65535,350001,99.0,1659000000.0
1570.9499018,5,59867,13732,50175,334007,99.0,218615000.0
1570.9990558,2,14371,10855,65535,281285,99.0,2124000000.0
1571.011833,4,5562,786,318,9875,72.0,94912.0
1571.02221,4,787,121,48,1512,63.0,12053.0
1571.024306,4,742,90,29,923,62.0,6653.0
1571.025734,4,24246,6269,2735,80198,75.0,894733.0
1571.106449,4,6841,1854,881,24711,78.0,447435.0
1571.131774,4,1,3,0,1,47.0,0.0
1571.132291,4,2103,186,65,2579,65.0,13400.0
1571.135428,4,921,404,165,5780,68.0,43784.0
1571.141708,4,709,43,14,714,58.0,2255.0
1571.142983,4,1,5,0,50,50.0,106.757
1571.143534,4,2247,192,70,2636,64.0,13448.0
1571.14667,4,19511,1645,717,21475,78.0,252865.0
1571.1668365,6,39812,7708,15615,113523,99.0,114933000.0
1571.168676,4,6499,777,395,11045,83.0,276784.0
1571.180221,4,1,6,0,1,50.0,0.0
1571.18092,4,25179,9842,11598,99420,97.0,40609000.0
1571.2406458,1,31313,4345,27180,43196,99.0,411300000.0
1571.2551215,3,17302,1948,39570,28745,99.0,924974000.0
1571.2808398,2,70,92,877,3169,89.0,5264000.0
1571.28084,4,46,8,4,365,52.0,443.846
1571.2808835,6,2,7,6,460,51.0,635.716
1571.28174,4,1,25,9,573,54.0,1003.0
1571.2819075,6,541,53,32,2070,58.0,3668.0
1571.282815,4,138,23,14,1093,53.0,1438.0
1571.284395,1,1,6,2,158,50.0,291.11
1571.284688,5,1,2,0,1,47.0,0.0
1571.284711,2,1,1,0,1,50.0,0.0
1571.2847505,6,4,5,1,35,62.0,789.071
1571.2850925,3,1,3,0,27,54.0,113.979
1571.285094,1,1,2,0,1,48.0,0.0
1571.285221,5,22,18,4,215,55.0,585.322
1571.285595,1,1,4,0,1,48.0,0.0
1571.285952,4,162,30,11,454,57.0,2196.0
1571.285975,5,160,74,113,2217,70.0,57417.0
1571.2859795,6,68,32,28,715,66.0,11001.0
1571.2860835,3,1,4,1,122,46.0,134.563
1571.286234,1,1,2,0,1,48.0,0.0
1571.286903,2,1,2,0,1,54.0,0.0
1571.2873895,6,1,1,0,1,46.0,0.0
1571.2879745,3,1,3,0,1,50.0,0.0
1571.288422,4,23,35,14,740,59.0,2492.0
1571.2884675,6,522,51,43,1496,63.0,10192.0
1571.288641,1,2,2,0,2,47.0,5.921
1571.2886918,5,38,62,89,1824,63.0,28875.0
1571.289334,1,1,16,4,128,57.0,915.76
1571.289989,4,1,1,0,1,45.0,0.0
1571.290045,1,1,1,0,1,46.0,0.0
1571.2907,1,54,14,7,370,52.0,872.808
1571.291489,4,14,4,1,73,50.0,153.944
1571.291518,5,158,24,36,646,64.0,14255.0
1571.2915265,6,33,11,12,486,58.0,2362.0
1571.2915815,3,1,3,1,106,47.0,78.942
1571.291638,1,284,8,6,427,50.0,667.318
1571.29202,2,7,7,2,45,62.0,999.267
1571.2923145,3,2,2,0,9,47.0,17.593
1571.292613,1,1,35,12,631,55.0,1750.0
1571.292747,2,28,29,23,564,62.0,6983.0
1571.292768,5,35,36,11,609,53.0,1294.0
1571.292769,4,34,36,13,842,53.0,1493.0
1571.2927955,6,1,20,8,581,52.0,898.824
1571.2928245,3,38,21,18,474,64.0,5367.0
1571.293757,1,1,2,0,40,47.0,41.254
1571.2938635,3,4,3,1,198,47.0,135.334
1571.294235,2,1,4,2,104,52.0,234.059
1571.29425,5,1,8,2,142,50.0,195.454
1571.295511,5,57,3,2,174,51.0,321.014
1571.295522,1,68,6,14,512,55.0,2519.0
1571.2961575,3,2,13,5,416,55.0,614.081
1571.297048,5,1,3,0,62,47.0,73.164
1571.297062,1,47,2,3,130,52.0,527.948
1571.297089,4,2,1,0,2,45.0,3.324
1571.2976905,3,229,20,16,581,59.0,3398.0
1571.298637,1,178,13,37,787,62.0,14661.0
1571.298851,5,1,6,0,8,49.0,22.703
1571.300009,1,1,2,0,6,48.0,18.081
1571.3000945,3,1,2,0,1,49.0,0.0
1571.30078,1,198,13,26,934,58.0,5465.0
1571.301316,5,1,6,0,1,49.0,0.0
1571.30225,5,1,31,10,574,53.0,1214.0
1571.302315,1,1,25,7,509,52.0,794.78
1571.3023535,3,1,30,9,526,54.0,1198.0
1571.30238,2,1,33,19,524,60.0,4534.0
1571.30239,4,158,34,10,514,54.0,1380.0
1571.3024435,6,1,16,5,411,50.0,551.752
1571.30372,2,14,6,4,99,56.0,1132.0
1571.3039765,3,30,9,5,179,54.0,871.147
1571.3056155,6,1,3,0,44,48.0,75.353
1571.3063465,3,1,3,0,48,47.0,30.838
1571.306418,1,1,2,0,1,45.0,0.0
1571.306566,2,1,2,0,1,51.0,0.0
1571.307618,5,2,7,1,70,51.0,141.954
1571.3101875,3,7,3,1,56,50.0,131.143
1571.3108905,3,72,60,329,2330,81.0,672786.0
1571.310921,2,315,25,348,1371,78.0,791926.0
1571.310936,1,173,36,41,981,64.0,12274.0
1571.3112745,6,208,5,14,518,55.0,2467.0
1571.312088,5,1,2,0,1,45.0,0.0
1571.3123175,6,1,2,0,1,45.0,0.0
1571.312427,1,2,2,0,42,49.0,66.027
1571.312836,2,2,4,1,75,52.0,260.228
1571.313755,2,212,30,572,980,87.0,3777000.0
1571.313787,1,239,30,63,779,68.0,40387.0
1571.3137885,3,214,48,274,2180,79.0,549741.0
1571.3140505,6,182,7,18,857,54.0,2140.0
1571.315388,2,1,12,9,339,56.0,1549.0
1571.315685,1,1,1,0,1,45.0,0.0
1571.316345,5,1,4,0,20,48.0,28.522
1571.319473,5,1,1,0,25,46.0,29.25
1571.320471,2,1,4,0,1,52.0,0.0
1571.321604,2,183,3,4,185,52.0,720.857
1571.323917,1,1,2,0,1,48.0,0.0
1571.3248745,6,16,1,0,18,48.0,49.373
1571.329581,4,2,1,0,3,45.0,6.879
1571.330185,5,1,9,0,25,52.0,129.996
1571.331735,1,2,3,1,80,48.0,131.856
1571.3329,5,1,1,0,1,45.0,0.0
1571.335276,1,1,5,0,45,50.0,124.146
1571.337144,4,1,3,0,19,50.0,56.552
1571.337152,5,2,6,1,48,52.0,132.57
1571.3372315,3,2,1,0,41,47.0,62.208
1571.337316,1,2,1,0,4,46.0,12.858
1571.3384325,6,1,2,0,27,51.0,54.998
1571.342581,1,1,3,1,141,47.0,124.709
1571.3427645,3,1,2,1,176,49.0,83.178
1571.344772,1,9,5,3,178,53.0,430.817
1571.347136,5,2,5,0,3,49.0,9.141
1571.348539,5,37,55,176,1246,76.0,241797.0
1571.34859,1,46,7,14,331,60.0,4241.0
1571.350918,5,1,2,0,1,47.0,0.0
1571.3509955,3,2,1,0,3,45.0,7.107
1571.351093,1,1,6,3,248,51.0,373.039
1571.3521965,6,43,4,4,147,55.0,784.893
1571.352198,5,61,21,12,657,54.0,1491.0
1571.352209,4,9,6,2,129,52.0,313.379
1571.352248,2,3,7,5,154,54.0,959.653
1571.352262,1,67,3,1,71,49.0,164.11
1571.3522715,3,104,6,2,114,47.0,222.081
1571.355741,5,1,2,0,1,48.0,0.0
1571.357174,2,2,4,1,35,54.0,193.138
1571.357476,5,2,2,0,3,45.0,6.483
1571.358158,1,1,5,1,58,54.0,175.405
1571.358828,5,2,3,0,36,50.0,78.923
1571.3589245,3,1,1,0,1,45.0,0.0
1571.3614795,6,1,1,0,1,45.0,0.0
1571.36256,2,7,5,3,112,57.0,663.205
1571.3632125,6,1,1,0,1,45.0,0.0
1571.368208,1,2,3,0,14,53.0,46.96
1571.3687085,3,100,11,5,229,52.0,786.904
1571.3694525,3,30,16,36,726,63.0,14117.0
1571.369477,2,93,14,35,678,62.0,11727.0
1571.36951,1,82,7,4,288,50.0,406.67
1571.3700005,6,306,8,18,928,50.0,2047.0
1571.370306,1,1,1,0,6,47.0,17.903
1571.370933,1,56,3,0,60,47.0,91.516
1571.3717375,6,2,1,0,2,45.0,3.132
1571.371828,2,2,2,6,184,54.0,1019.0
1571.372318,1,1,1,0,1,45.0,0.0
1571.372948,1,1,1,0,1,45.0,0.0
1571.3750755,3,1,1,0,1,45.0,0.0
1571.3756175,3,2,2,0,9,49.0,35.702
1571.380822,2,1,3,0,10,57.0,203.634
1571.381351,5,1,1,0,1,45.0,0.0
1571.381968,5,1,1,0,1,46.0,0.0
1571.397383,1,1,1,0,1,45.0,0.0
1571.399534,2,20,5,2,56,58.0,560.82
1571.403958,1,70,11,8,352,54.0,1133.0
1571.407295,5,3,3,0,43,50.0,109.935
1571.417265,1,92,22,14,383,55.0,3095.0
1571.428281,1,2,5,0,45,52.0,116.776
1571.438927,1,1,4,0,50,48.0,84.02
1571.45389,1,35,16,23,687,61.0,5052.0
1571.4539315,6,52,3,1,57,48.0,152.474
1571.4539415,3,67,6,3,151,51.0,451.958
1571.454009,2,87,5,3,89,55.0,859.755
1571.464521,4,2,1,0,3,47.0,9.453
1571.468482,1,2,7,2,70,55.0,584.94
1571.477641,2,1,6,3,72,59.0,1125.0
1571.505014,1,1,2,0,21,50.0,38.185
1571.50989,5,10,9,4,214,56.0,612.353
1571.511152,2,1,2,0,1,50.0,0.0
1571.516466,5,1,1,0,1,45.0,0.0
1571.5195135,6,35,7,5,203,57.0,1050.0
1571.5211765,3,47,4,1,58,50.0,161.187
1571.524086,5,13,11,2,45,58.0,863.475
1571.532205,5,2,5,0,12,48.0,20.831
1571.534218,1,1,2,0,10,46.0,17.356
1571.546793,5,48,18,7,226,60.0,2030.0
1571.5469495,3,58,2,0,60,47.0,89.247
1571.548186,1,1,4,1,50,52.0,140.054
1571.5515885,3,1,2,0,28,49.0,51.087
1571.5759555,3,1,1,0,12,45.0,24.335
1571.595537,4,1,3,0,17,50.0,46.624
1571.595543,5,1,2,0,1,45.0,0.0
1571.610286,2,26,5,2,72,53.0,443.185
1571.626475,1,53,15,5,168,59.0,1360.0
1571.637991,1,2,2,0,16,49.0,52.719
1572.1931165,3,1,1,0,1,45.0,0.0
1572.381411,5,7,22,6,113,63.0,2960.0
1572.386988,5,16,9,1,85,54.0,238.666
1572.4708565,6,1,1,0,1,45.0,0.0
1572.475458,1,33,5,2,146,49.0,287.355
1572.614772,1,2,6,2,149,50.0,273.442
1572.664202,1,1,3,0,45,47.0,46.502
1572.6963995,3,1,2,0,31,50.0,57.882
1572.7154995,3,2,2,0,48,45.0,51.563
1572.733393,5,7,7,3,183,53.0,455.976
1572.808566,1,2,1,0,5,48.0,22.42
1572.924115,5,8,3,1,63,53.0,187.58
1573.177074,5,1,6,1,45,51.0,127.54
1573.1967735,3,1,3,0,18,52.0,64.645
1573.1990685,3,1,8,2,90,55.0,476.515
1573.2320265,3,1,4,0,29,50.0,58.236
1573.263365,1,35,2,1,63,49.0,165.583
1573.421147,2,1,5,5,109,55.0,1222.0
1573.485247,2,11,3,1,58,53.0,313.47
1573.5039385,3,2,2,0,2,46.0,13.351
1573.5077075,3,1,1,0,1,45.0,0.0
1573.660485,4,1,1,0,1,45.0,0.0
1573.66596,2,1,2,0,14,52.0,84.787
1573.666083,5,1,1,0,1,45.0,0.0
1573.683675,4,1,1,0,1,48.0,0.0
1574.087375,5,1,3,0,1,50.0,0.0
1574.281423,1,76,2,1,81,47.0,134.918
1574.5337395,3,2,1,0,3,48.0,15.741
1574.566428,1,1,8,2,71,59.0,783.529
1574.8172355,3,9,5,2,102,50.0,270.218
1574.826857,1,41,5,2,85,51.0,350.181
1575.479522,2,1,1,0,16,51.0,81.131
