Time,CH,RISE,COUN,ENER,DURATION,AMP,ABS_E
2.285337,2,1,2,0,7,52.0,54.339
2.668871,2,1,3,0,4,52.0,26.333
2.764593,2,1,1,0,1,50.0,0.0
2.787216,1,2,1,0,2,45.0,3.784
5.258548,2,1,1,0,7,51.0,37.317
5.355405,2,1,1,0,1,50.0,0.0
5.738809,2,1,1,0,1,50.0,0.0
5.83463,2,1,1,0,1,51.0,0.0
5.930458,2,1,1,0,1,51.0,0.0
8.601149,2,1,1,0,1,50.0,0.0
8.697274,2,1,2,0,1,52.0,0.0
8.793012,2,1,2,0,7,52.0,64.912
10.0605155,3,1,2,0,43,49.0,40.225
11.477766,2,1,3,0,7,52.0,64.267
11.573515,2,1,2,0,1,52.0,0.0
11.95676,2,1,1,0,4,50.0,20.938
12.053593,2,1,1,0,1,52.0,0.0
14.580552,2,1,1,0,1,50.0,0.0
15.060826,2,1,1,0,1,50.0,0.0
18.045941,2,1,1,0,4,52.0,30.718
18.142067,2,1,2,0,4,52.0,31.313
20.624863,2,1,3,0,7,52.0,56.603
21.199887,2,1,2,0,1,52.0,0.0
22.4301015,3,2,1,0,6,50.0,27.397
22.430123,1,1,1,0,1,45.0,0.0
23.691864,2,1,1,0,1,50.0,0.0
23.884554,2,1,2,0,4,51.0,31.138
26.774171,2,1,2,0,7,51.0,49.031
26.870738,2,1,1,0,1,50.0,0.0
27.062519,2,1,2,0,7,52.0,64.26
27.158278,2,1,1,0,1,50.0,0.0
27.254124,2,1,1,0,4,52.0,39.901
27.3880125,3,1,1,0,1,45.0,0.0
29.853961,2,1,2,0,4,52.0,27.841
30.42901,2,1,2,0,7,52.0,61.638
32.921823,2,1,1,0,1,50.0,0.0
35.5691425,3,1,1,0,5,48.0,15.632
35.7725085,3,1,1,0,1,45.0,0.0
36.366577,2,1,1,0,1,52.0,0.0
36.558148,2,1,1,0,4,51.0,31.587
39.0108615,3,1,1,0,6,45.0,10.017
39.702326,2,1,2,0,7,52.0,68.852
42.709236,2,1,2,0,7,52.0,55.871
42.8716455,3,1,2,0,5,48.0,15.976
42.87167,1,1,1,0,1,45.0,0.0
44.2093095,3,2,1,0,2,45.0,3.213
45.87614,2,1,1,0,1,52.0,0.0
46.9344035,3,1,1,0,1,45.0,0.0
49.014268,2,1,2,0,4,51.0,32.272
50.58255,1,1,1,0,1,47.0,0.0
53.7417465,3,1,1,0,1,45.0,0.0
53.741763,1,1,1,0,1,45.0,0.0
55.2113345,3,1,1,0,5,45.0,7.626
64.5987245,3,1,1,0,1,45.0,0.0
71.7378785,3,1,1,0,1,45.0,0.0
93.5515185,3,1,1,0,4,48.0,10.434
93.551531,1,4,1,0,5,46.0,18.014
119.2327955,3,2,1,0,2,45.0,6.846
124.8955965,6,2,6,1,191,61.0,613.722
125.1757445,3,1,1,0,1,45.0,0.0
133.1701145,3,1,1,0,1,45.0,0.0
133.170129,1,1,1,0,1,45.0,0.0
137.4006355,3,2,1,0,41,47.0,35.086
137.400644,1,1,2,0,1,46.0,0.0
163.873864,1,1,1,0,1,45.0,0.0
172.6552465,3,1,1,0,1,45.0,0.0
182.7460055,3,1,2,0,5,51.0,27.499
204.7030455,3,1,1,0,1,45.0,0.0
302.8152245,3,1,2,0,22,52.0,73.021
575.0555695,3,1,6,1,80,52.0,168.892
755.241213,1,1,2,0,19,48.0,25.759
798.1739065,3,1,1,0,1,45.0,0.0
820.2005325,3,1,1,0,1,45.0,0.0
827.6494465,6,1,1,0,1,45.0,0.0
890.684433,1,1,1,0,1,45.0,0.0
905.4731345,6,1,1,0,1,47.0,0.0
907.9279895,3,2,1,0,5,47.0,14.116
907.928014,2,1,1,0,1,51.0,0.0
915.413622,1,2,1,0,2,46.0,5.921
934.917771,1,12,28,9,195,63.0,3042.0
938.076738,1,12,29,9,195,63.0,3046.0
938.268331,1,12,29,9,195,63.0,3041.0
943.3180095,6,1,1,0,1,45.0,0.0
944.23078,1,12,29,9,195,63.0,3050.0
944.423424,1,9,28,9,194,63.0,3055.0
944.615092,1,12,29,9,194,63.0,3061.0
947.542368,1,12,29,9,195,63.0,3072.0
949.4268365,6,2,17,5,107,69.0,3602.0
950.382802,1,12,28,9,195,63.0,3070.0
953.432891,1,12,28,9,194,63.0,3071.0
953.81637,1,12,29,9,195,63.0,3075.0
956.527033,1,12,29,9,194,63.0,3082.0
957.846592,1,2,1,0,2,45.0,6.375
959.883703,1,12,29,9,195,63.0,3100.0
963.045461,1,12,28,9,195,63.0,3105.0
963.2371,1,12,29,9,195,63.0,3103.0
965.972623,1,12,28,9,195,63.0,3118.0
972.44745,1,12,29,9,195,63.0,3128.0
975.338919,1,12,29,9,195,63.0,3134.0
975.530389,1,12,29,9,194,63.0,3135.0
981.664715,1,12,28,9,195,63.0,3156.0
982.047853,1,9,28,9,194,63.0,3154.0
985.022036,1,12,28,9,195,63.0,3162.0
988.038422,1,12,29,9,195,63.0,3154.0
991.185118,1,12,28,9,194,63.0,3176.0
991.377025,1,12,28,9,194,63.0,3181.0
997.492973,1,12,28,9,194,63.0,3184.0
997.68482,1,12,29,9,194,63.0,3194.0
1001.3519225,3,1,1,0,1,45.0,0.0
1003.629349,1,15,29,9,197,63.0,3250.0
1003.820838,1,12,29,9,195,63.0,3219.0
1006.910796,1,12,28,9,194,63.0,3213.0
1009.785165,1,12,28,9,194,63.0,3224.0
1009.977182,1,15,29,9,197,63.0,3294.0
1011.5672605,6,1,1,0,1,45.0,0.0
1012.854496,1,12,29,9,195,63.0,3249.0
1014.8992105,3,1,1,0,1,45.0,0.0
1018.952403,1,12,29,9,195,63.0,3248.0
1019.144323,1,12,29,9,195,63.0,3251.0
1022.097349,1,12,28,9,194,63.0,3269.0
1022.289208,1,12,28,9,194,63.0,3263.0
1025.318183,1,12,29,9,195,63.0,3271.0
1028.490052,1,12,29,9,195,63.0,3282.0
1040.707373,1,15,29,9,197,63.0,3367.0
1043.786422,1,15,29,9,197,63.0,3373.0
1050.066535,1,12,29,9,198,63.0,3343.0
1053.177302,1,12,29,9,198,63.0,3365.0
1056.242551,1,12,29,9,198,63.0,3364.0
1059.286612,1,15,29,9,197,63.0,3418.0
1068.7023,1,12,29,9,198,63.0,3402.0
1078.238952,1,12,29,9,198,63.0,3402.0
1091.429887,1,12,30,9,198,63.0,3425.0
1094.797792,2,1,2,0,1,52.0,0.0
1097.762335,1,12,29,9,195,63.0,3420.0
1113.436308,1,12,28,9,198,63.0,3451.0
1119.732167,1,12,29,9,195,63.0,3436.0
1122.67543,1,12,29,9,198,63.0,3457.0
1122.867092,1,15,29,9,197,63.0,3495.0
1125.736505,1,12,29,9,198,63.0,3459.0
1129.00237,1,12,28,9,195,63.0,3442.0
1131.886601,1,15,29,9,197,63.0,3508.0
1132.079263,1,12,28,9,195,63.0,3447.0
1135.136368,1,12,29,9,198,63.0,3473.0
1138.163875,1,12,28,9,198,63.0,3483.0
1138.3613825,3,1,1,0,1,45.0,0.0
1139.4905765,3,1,1,0,4,47.0,10.548
1141.01089,1,12,29,9,195,63.0,3468.0
1144.057989,1,12,29,9,198,63.0,3493.0
1144.249771,1,15,29,10,198,63.0,3542.0
1147.086112,1,15,28,10,198,63.0,3534.0
1147.278874,1,12,29,9,195,63.0,3490.0
1150.127304,1,12,28,10,198,63.0,3497.0
1153.201263,1,12,29,9,198,63.0,3482.0
1153.39296,1,12,28,9,195,63.0,3498.0
1156.264428,1,12,28,9,195,63.0,3494.0
1156.456028,1,12,28,9,198,63.0,3511.0
1159.350357,1,12,28,9,195,63.0,3513.0
1159.542254,1,12,28,9,198,63.0,3525.0
1162.658086,1,12,28,9,195,63.0,3510.0
1165.548387,1,12,28,9,198,63.0,3520.0
1165.740196,1,12,28,9,198,63.0,3522.0
1168.436775,1,15,29,10,197,63.0,3560.0
1168.820314,1,12,29,9,198,63.0,3543.0
1171.685505,1,12,28,10,195,63.0,3537.0
1171.877363,1,12,27,9,195,63.0,3507.0
1173.0318975,3,1,3,0,12,51.0,53.838
1174.805478,1,15,30,10,197,63.0,3585.0
1177.744747,1,12,28,9,198,63.0,3555.0
1178.128255,1,12,28,9,198,63.0,3563.0
1179.8788955,6,1,1,0,1,45.0,0.0
1179.8789045,3,1,1,0,1,46.0,0.0
1179.878918,2,1,1,0,1,50.0,0.0
1180.828775,1,12,28,9,198,63.0,3571.0
1181.02047,1,15,29,10,197,63.0,3584.0
1184.143451,1,12,29,10,198,63.0,3549.0
1184.336359,1,12,28,10,198,63.0,3549.0
1190.324496,1,12,28,9,198,63.0,3560.0
1193.668905,1,12,29,9,198,63.0,3587.0
1193.86,1,12,28,10,198,63.0,3583.0
1194.504717,1,1,2,0,1,47.0,0.0
1196.623602,1,12,28,10,195,63.0,3582.0
1196.815097,1,12,28,10,198,63.0,3575.0
1197.006755,1,12,29,9,198,63.0,3599.0
1199.736385,1,12,28,9,198,63.0,3598.0
1200.119919,1,15,29,10,198,63.0,3647.0
1202.999094,1,15,29,10,198,63.0,3650.0
1205.878599,1,12,29,10,195,63.0,3595.0
1206.070199,1,12,28,10,198,63.0,3620.0
1206.261863,1,12,28,10,195,63.0,3592.0
1207.797955,1,1,1,0,1,45.0,0.0
1209.011657,1,12,28,10,198,63.0,3614.0
1209.203144,1,12,28,10,198,63.0,3622.0
1209.394794,1,15,28,10,197,63.0,3663.0
1212.161615,1,12,29,9,198,63.0,3636.0
1212.353098,1,12,28,9,198,63.0,3625.0
1212.4039325,3,1,1,0,1,45.0,0.0
1212.545711,1,12,28,10,198,63.0,3626.0
1215.310479,1,15,30,10,198,63.0,3688.0
1215.501978,1,12,28,10,198,63.0,3645.0
1215.694454,1,12,28,9,198,63.0,3642.0
1218.3030075,3,1,1,0,1,48.0,0.0
1218.303023,1,1,1,0,1,45.0,0.0
1218.441245,1,12,29,9,198,63.0,3671.0
1218.632912,1,12,28,10,198,63.0,3650.0
1218.82561,1,12,29,10,198,63.0,3665.0
1221.513478,1,12,28,10,198,63.0,3659.0
1221.70497,1,12,29,9,195,63.0,3656.0
1221.896684,1,12,28,10,198,63.0,3660.0
1224.666252,1,12,28,10,198,63.0,3676.0
1224.857887,1,12,30,9,195,63.0,3662.0
1225.050585,1,12,28,10,198,63.0,3674.0
1227.820147,1,12,28,10,195,63.0,3694.0
1228.011834,1,15,29,10,198,63.0,3723.0
1228.203685,1,12,29,9,198,63.0,3692.0
1229.5888435,6,1,1,0,1,45.0,0.0
1230.91217,1,12,28,10,198,63.0,3700.0
1231.103844,1,12,28,10,198,63.0,3689.0
1231.296442,1,12,28,10,198,63.0,3701.0
1234.072204,1,12,29,10,198,63.0,3725.0
1234.456455,1,15,29,10,198,63.0,3770.0
1234.8905605,6,2,1,0,3,46.0,8.36
1234.8946615,3,1,3,0,31,51.0,73.53
1235.1215755,3,1,1,0,1,45.0,0.0
1237.239031,1,15,30,10,198,63.0,3778.0
1237.430661,1,12,30,10,198,63.0,3740.0
1237.623339,1,15,30,10,198,63.0,3777.0
1240.181225,1,9,30,9,195,63.0,3743.0
1240.372922,1,12,29,10,198,63.0,3738.0
1240.564703,1,12,30,9,195,63.0,3747.0
1240.756325,1,12,30,10,198,63.0,3735.0
1243.268255,1,12,30,9,195,63.0,3745.0
1243.460096,1,8,29,10,198,63.0,3809.0
1243.65166,1,12,30,9,195,63.0,3764.0
1243.843334,1,12,31,10,198,63.0,3770.0
1244.6956675,3,1,2,0,7,49.0,28.543
1246.331321,1,15,31,10,198,63.0,3825.0
1246.714799,1,15,30,10,198,63.0,3830.0
1246.906422,1,12,30,10,198,63.0,3782.0
1249.681155,1,12,30,10,198,63.0,3798.0
1249.872641,1,12,30,10,195,63.0,3789.0
1250.065311,1,12,30,10,198,63.0,3798.0
1252.710053,1,12,30,10,198,63.0,3816.0
1252.901766,1,8,30,10,195,63.0,3846.0
1253.093557,1,11,30,10,197,63.0,3857.0
1253.285131,1,12,30,10,195,63.0,3816.0
1255.837047,1,12,31,10,198,63.0,3816.0
1255.9571835,3,1,1,0,1,45.0,0.0
1256.028935,1,9,31,10,198,63.0,3847.0
1256.22042,1,15,31,10,198,63.0,3882.0
1258.267697,1,1,1,0,1,47.0,0.0
1258.2677075,3,2,1,0,5,46.0,11.145
1258.902381,1,12,31,10,198,63.0,3838.0
1259.093847,1,12,30,10,195,63.0,3838.0
1259.285516,1,12,30,10,195,63.0,3866.0
1259.477382,1,12,31,10,198,63.0,3857.0
1262.056255,1,12,30,10,195,63.0,3853.0
1262.247742,1,12,31,10,198,64.0,3872.0
1262.439381,1,12,30,10,195,63.0,3871.0
1262.6313,1,12,30,10,198,64.0,3877.0
1263.1939955,6,1,1,0,1,45.0,0.0
1264.2333505,3,1,7,0,38,50.0,69.247
1265.23493,1,8,31,10,198,63.0,3937.0
1265.426593,1,8,30,10,195,63.0,3920.0
1265.618471,1,12,30,10,195,63.0,3855.0
1265.810779,1,12,30,10,195,63.0,3878.0
1268.404779,1,12,31,10,198,64.0,3896.0
1268.596673,1,12,31,10,198,64.0,3906.0
1268.788167,1,12,30,10,192,63.0,3872.0
1268.979861,1,12,30,10,195,63.0,3883.0
1269.7045885,3,1,1,0,1,45.0,0.0
1271.552866,1,12,29,10,195,63.0,3910.0
1271.745478,1,12,30,10,195,64.0,3905.0
1271.937104,1,12,30,10,192,63.0,3912.0
1272.129013,1,12,30,10,195,63.0,3925.0
1274.677683,1,8,30,10,198,63.0,3955.0
1274.869565,1,15,30,10,198,63.0,3970.0
1275.061092,1,15,30,10,198,63.0,3988.0
1275.252764,1,12,30,10,193,63.0,3930.0
1277.779699,1,12,30,10,193,63.0,3941.0
1277.971629,1,12,29,10,195,64.0,3954.0
1278.163095,1,12,30,10,193,63.0,3930.0
1278.354764,1,12,29,10,198,64.0,3956.0
1280.819798,1,11,30,10,195,63.0,4003.0
1281.011763,1,15,31,10,198,63.0,4009.0
1281.204023,1,12,30,10,192,63.0,3953.0
1281.396966,1,12,29,10,195,63.0,3962.0
1283.867888,1,12,30,10,198,63.0,3985.0
1284.059755,1,15,31,10,198,63.0,4033.0
1284.251292,1,12,29,10,195,64.0,3972.0
1284.443965,1,15,30,10,198,63.0,4045.0
1284.8123395,6,1,2,0,1,46.0,0.0
1285.8031425,6,1,1,0,1,45.0,0.0
1286.942937,1,12,30,10,192,64.0,3987.0
1287.134804,1,12,29,10,195,64.0,3982.0
1287.326341,1,12,31,10,192,64.0,3994.0
1287.518814,1,15,30,10,198,63.0,4055.0
1290.025123,1,12,31,10,190,63.0,3997.0
1290.216687,1,15,29,10,198,63.0,4058.0
1290.408364,1,9,30,10,193,63.0,4009.0
1290.600145,1,15,30,10,198,63.0,4072.0
1290.6449395,6,1,17,4,139,61.0,1253.0
1293.101301,1,12,30,10,192,64.0,4011.0
1293.292785,1,12,29,10,190,63.0,4007.0
1293.484413,1,12,28,10,195,64.0,4033.0
1293.524699,1,2,1,0,3,46.0,9.452
1293.677147,1,11,29,10,195,63.0,4087.0
1295.1302275,6,1,1,0,1,45.0,0.0
1295.8443475,6,2,1,0,2,45.0,6.26
1296.136362,1,9,29,10,193,63.0,4045.0
1296.327845,1,15,29,10,198,64.0,4102.0
1296.519512,1,15,30,10,198,63.0,4098.0
1296.711408,1,9,29,10,193,63.0,4049.0
1297.3147425,3,1,4,0,1,47.0,0.0
1299.168252,1,15,29,10,198,63.0,4108.0
1299.361217,1,15,30,10,198,63.0,4116.0
1299.552707,1,12,30,10,195,64.0,4062.0
1299.744332,1,15,29,10,198,63.0,4109.0
1302.211554,1,9,29,10,193,63.0,4053.0
1302.403041,1,12,28,10,186,64.0,4038.0
1302.594738,1,12,28,10,190,63.0,4064.0
1302.787392,1,11,28,10,195,63.0,4144.0
1305.279425,1,12,28,10,187,64.0,4046.0
1305.471332,1,12,30,10,187,64.0,4067.0
1305.6316485,3,1,3,1,93,48.0,92.788
1305.6317045,6,1,1,0,1,45.0,0.0
1305.662819,1,12,29,10,187,64.0,4041.0
1305.855278,1,12,29,10,193,63.0,4086.0
1308.43434,1,15,29,10,195,64.0,4142.0
1308.626027,1,15,29,10,198,63.0,4162.0
1308.817839,1,14,29,10,195,63.0,4146.0
1309.009411,1,15,29,10,195,63.0,4153.0
1311.619207,1,11,30,10,195,63.0,4179.0
1311.810904,1,12,27,10,187,64.0,4098.0
1312.002713,1,12,29,10,193,63.0,4107.0
1312.195324,1,15,28,10,195,64.0,4150.0
1314.743226,1,12,28,10,193,63.0,4119.0
1314.934865,1,12,29,10,190,63.0,4124.0
1315.1034915,6,3,23,6,216,61.0,1630.0
1315.1035275,3,46,15,4,182,54.0,610.484
1315.126781,1,15,28,10,195,63.0,4186.0
1315.318252,1,12,28,10,190,64.0,4120.0
1317.803248,1,12,27,10,187,64.0,4124.0
1317.995117,1,12,29,10,190,64.0,4142.0
1318.186707,1,15,29,10,187,64.0,4168.0
1318.378328,1,8,27,10,195,63.0,4198.0
1320.879301,1,12,28,10,187,64.0,4152.0
1321.070995,1,12,27,10,187,63.0,4213.0
1321.262777,1,15,28,10,187,64.0,4261.0
1321.45453,1,11,27,10,189,63.0,4263.0
1322.8601105,3,1,1,0,1,45.0,0.0
1323.946405,1,11,26,10,184,63.0,4291.0
1324.138044,1,15,29,10,187,64.0,4311.0
1324.329944,1,12,27,10,187,64.0,4263.0
1324.522554,1,11,26,10,184,63.0,4293.0
1324.7319945,3,1,6,1,73,51.0,117.504
1325.465301,1,1,1,0,1,47.0,0.0
1325.4653145,6,1,2,0,1,45.0,0.0
1326.980484,1,12,28,10,184,63.0,4222.0
1327.172415,1,12,27,10,187,64.0,4190.0
1327.363882,1,12,27,10,187,63.0,4161.0
1327.555548,1,15,29,10,187,63.0,4205.0
1328.223578,1,1,1,0,1,49.0,0.0
1328.5257935,3,2,4,0,16,50.0,51.565
1328.525892,1,1,1,0,1,46.0,0.0
1330.036808,1,12,26,10,187,64.0,4133.0
1330.229422,1,12,26,10,187,64.0,4145.0
1330.420936,1,15,28,10,187,64.0,4199.0
1330.473159,1,1,1,0,1,45.0,0.0
1330.612631,1,12,27,10,187,64.0,4143.0
1333.078658,1,12,26,10,187,64.0,4158.0
1333.270352,1,12,26,10,184,64.0,4150.0
1333.4181865,3,1,2,0,24,47.0,20.702
1333.4182175,6,1,2,0,1,47.0,0.0
1333.462186,1,15,27,10,190,64.0,4212.0
1333.655905,1,12,26,10,184,64.0,4154.0
1336.157725,1,11,26,10,187,63.0,4221.0
1336.349671,1,12,26,9,182,63.0,4141.0
1336.541155,1,15,27,10,187,63.0,4207.0
1336.733766,1,11,27,10,187,63.0,4209.0
1339.239673,1,12,26,10,184,64.0,4162.0
1339.432625,1,15,27,10,187,64.0,4204.0
1339.624119,1,15,29,10,187,64.0,4218.0
1339.815816,1,12,26,9,182,63.0,4147.0
1340.0185495,6,1,1,0,1,45.0,0.0
1342.258176,1,11,27,9,184,63.0,4205.0
1342.450771,1,12,27,9,182,64.0,4130.0
1342.642285,1,9,27,9,182,63.0,4141.0
1342.834758,1,15,28,10,187,63.0,4218.0
1345.1206325,3,1,1,0,4,45.0,7.39
1345.367,1,12,27,9,182,63.0,4129.0
1345.558567,1,15,28,9,150,64.0,4147.0
1345.7122995,3,1,1,0,1,45.0,0.0
1345.751053,1,15,29,9,150,64.0,4156.0
1345.943144,1,15,28,9,150,64.0,4157.0
1348.504827,1,12,26,9,166,64.0,4135.0
1348.697759,1,12,28,9,179,63.0,4142.0
1348.889233,1,12,27,9,166,64.0,4132.0
1349.080893,1,11,27,9,150,63.0,4164.0
1349.7575795,3,1,1,0,1,45.0,0.0
1351.657914,1,8,27,9,150,63.0,4154.0
1351.849496,1,12,26,9,179,64.0,4137.0
1352.041133,1,15,26,9,150,63.0,4104.0
1352.232915,1,15,26,9,148,64.0,4167.0
1354.880559,1,12,27,9,145,64.0,4103.0
1355.0511095,3,1,1,0,1,46.0,0.0
1355.072275,1,12,27,9,179,64.0,4154.0
1355.264039,1,12,27,9,166,64.0,4122.0
1355.455639,1,12,26,9,139,64.0,4089.0
1358.029479,1,15,27,9,148,64.0,4175.0
1358.221379,1,12,26,9,166,64.0,4149.0
1358.412907,1,15,27,9,148,64.0,4165.0
1358.60456,1,15,27,9,148,64.0,4181.0
1359.2370525,6,2,25,8,226,65.0,2875.0
1361.130493,1,15,26,9,148,64.0,4187.0
1361.322354,1,15,26,9,148,64.0,4182.0
1361.51388,1,9,26,9,139,63.0,4105.0
1361.706379,1,12,26,9,139,64.0,4115.0
1362.7024325,6,1,2,0,71,46.0,48.348
1363.784161,1,2,1,0,3,47.0,10.686
1364.212675,1,11,26,9,148,63.0,4188.0
1364.404283,1,15,26,9,148,63.0,4191.0
1364.596195,1,12,26,9,139,64.0,4113.0
1364.788805,1,12,26,9,139,64.0,4103.0
1364.980771,1,1,1,0,1,45.0,0.0
1365.8717965,3,1,1,0,1,45.0,0.0
1367.274751,1,15,26,9,142,64.0,4176.0
1367.467384,1,15,25,9,142,64.0,4184.0
1367.658994,1,15,26,9,142,64.0,4174.0
1367.8509,1,15,26,9,142,64.0,4179.0
1370.416818,1,11,26,9,142,63.0,4177.0
1370.608305,1,15,25,9,142,64.0,4155.0
1370.799938,1,12,26,9,143,64.0,4117.0
1370.991864,1,15,25,9,142,64.0,4187.0
1373.553357,5,2,7,2,38,66.0,1482.0
1373.593426,1,15,26,9,146,64.0,4184.0
1373.7149495,6,1,1,0,1,45.0,0.0
1373.785295,1,12,27,9,146,64.0,4120.0
1373.976834,1,12,26,9,146,64.0,4124.0
1374.16951,1,12,27,9,146,64.0,4130.0
1376.677482,1,12,27,9,146,64.0,4118.0
1376.724035,1,1,1,0,1,45.0,0.0
1376.869355,1,15,27,9,159,64.0,4213.0
1376.9786765,3,1,1,0,1,45.0,0.0
1377.060847,1,12,27,10,244,64.0,4229.0
1377.253344,1,12,28,9,149,64.0,4120.0
1377.7047225,3,1,1,0,1,46.0,0.0
1379.737734,1,15,27,10,247,64.0,4266.0
1379.929228,1,15,27,9,159,64.0,4205.0
1380.0222085,6,1,1,0,1,45.0,0.0
1380.090486,1,1,1,0,1,45.0,0.0
1380.120929,1,15,27,9,159,64.0,4172.0
1380.312735,1,12,27,9,153,64.0,4099.0
1382.867523,1,11,28,9,159,63.0,4182.0
1383.059495,1,15,28,9,159,64.0,4169.0
1383.250927,1,11,29,9,159,63.0,4174.0
1383.442564,1,15,29,9,159,64.0,4188.0
1385.445735,1,2,1,0,3,46.0,9.266
1385.997658,1,12,28,9,156,64.0,4090.0
1386.0955885,6,2,1,0,2,45.0,3.324
1386.189152,1,12,28,9,153,64.0,4114.0
1386.3027105,3,1,1,0,1,47.0,0.0
1386.380844,1,15,27,9,162,64.0,4168.0
1386.57378,1,15,28,9,159,64.0,4173.0
1386.6032905,3,1,5,0,43,48.0,66.216
1386.603386,1,1,1,0,1,48.0,0.0
1389.052568,1,15,25,9,159,64.0,4011.0
1389.244463,1,12,25,9,156,64.0,3954.0
1389.435946,1,9,25,9,160,63.0,3968.0
1389.627615,1,11,25,9,162,63.0,4040.0
1392.164628,1,12,25,9,157,64.0,3962.0
1392.356227,1,9,25,9,160,63.0,3970.0
1392.548164,1,12,25,9,160,64.0,3981.0
1392.739648,1,15,26,9,159,64.0,4008.0
1395.358513,1,12,26,9,160,64.0,3986.0
1395.550085,1,12,26,9,174,63.0,3996.0
1395.742067,1,15,26,9,160,64.0,4055.0
1395.93466,1,11,25,9,176,63.0,4070.0
1396.736094,2,1,1,0,1,50.0,0.0
1397.279101,1,1,1,0,1,45.0,0.0
1397.994619,1,1,1,0,1,45.0,0.0
1398.2446735,6,1,1,0,1,46.0,0.0
1398.543383,1,15,26,9,176,64.0,4096.0
1398.734955,1,15,26,9,160,64.0,4050.0
1398.926942,1,9,26,9,174,63.0,4025.0
1399.119208,1,12,26,9,177,63.0,4038.0
1401.712184,1,12,26,9,174,64.0,4027.0
1401.903975,1,12,26,9,177,64.0,4024.0
1402.095547,1,12,26,9,177,64.0,4042.0
1402.288319,1,12,26,9,177,64.0,4047.0
1403.0412455,6,1,1,0,1,45.0,0.0
1403.0772295,6,1,1,0,1,45.0,0.0
1403.308733,1,2,2,0,2,49.0,24.132
1404.882182,1,12,27,9,177,64.0,4066.0
1405.073757,1,12,28,9,177,63.0,4071.0
1405.265691,1,12,27,9,177,64.0,4065.0
1405.457173,1,15,29,9,177,64.0,4128.0
1406.1282095,6,1,1,0,1,45.0,0.0
1408.037199,1,15,28,9,180,64.0,4151.0
1408.229788,1,15,28,9,177,64.0,4132.0
1408.421383,1,12,28,9,174,63.0,4081.0
1408.613325,1,15,29,10,183,64.0,4153.0
1409.7522105,3,2,1,0,5,50.0,27.195
1411.106035,1,11,28,9,176,63.0,4140.0
1411.298726,1,15,30,10,183,64.0,4164.0
1411.490693,1,12,29,9,177,64.0,4090.0
1411.682179,1,12,29,9,174,63.0,4094.0
1414.162135,1,9,28,9,175,63.0,4106.0
1414.353982,1,12,29,9,177,64.0,4112.0
1414.5455,1,15,30,10,180,64.0,4172.0
1414.737188,1,15,30,10,180,64.0,4183.0
1417.220194,1,15,31,10,183,64.0,4194.0
1417.412158,1,12,30,9,177,64.0,4111.0
1417.604428,1,12,29,9,178,64.0,4133.0
1417.6044405,6,33,26,8,227,61.0,2009.0
1417.796285,1,12,30,10,225,64.0,4184.0
1417.7962975,6,33,26,8,227,61.0,2011.0
1418.7354175,6,1,2,0,1,46.0,0.0
1419.7320575,3,1,1,0,1,45.0,0.0
1420.15165,2,2,1,0,2,50.0,16.406
1420.2643,1,12,30,10,225,64.0,4188.0
1420.2643125,6,33,25,8,227,61.0,2017.0
1420.456212,1,15,32,10,180,64.0,4173.0
1420.484654,1,1,1,0,1,45.0,0.0
1420.647694,1,12,31,10,225,64.0,4189.0
1420.6477095,6,30,24,7,224,61.0,2000.0
1420.840364,1,12,31,10,225,64.0,4193.0
1420.8403765,6,33,25,8,224,61.0,2015.0
1423.317408,1,12,33,9,181,64.0,4160.0
1423.3174205,6,33,25,7,224,61.0,2002.0
1423.510064,1,8,32,10,183,63.0,4204.0
1423.70198,1,15,32,10,231,64.0,4270.0
1423.89345,1,12,34,10,225,64.0,4210.0
1423.8934625,6,33,25,7,224,61.0,2020.0
1424.227633,1,2,1,0,2,46.0,7.333
1426.345545,1,8,33,10,231,64.0,4267.0
1426.537209,1,9,33,10,229,63.0,4223.0
1426.5372215,6,33,27,7,224,61.0,2021.0
1426.729084,1,12,33,10,225,64.0,4215.0
1426.7290965,6,33,25,7,224,61.0,2029.0
1426.921388,1,12,33,10,228,64.0,4223.0
1426.9214035,6,30,24,7,221,61.0,2016.0
1429.412732,1,12,34,10,228,64.0,4228.0
1429.4127475,6,30,24,7,221,61.0,2028.0
1429.604256,1,12,33,10,228,64.0,4236.0
1429.6042715,6,30,25,7,221,61.0,2021.0
1429.795951,1,12,33,10,229,64.0,4232.0
1429.7959635,6,33,25,7,224,61.0,2042.0
1429.98854,1,9,34,10,232,63.0,4252.0
1429.9885525,6,33,25,8,228,61.0,2049.0
1430.4507865,6,2,1,0,5,47.0,16.215
1430.7710605,3,1,1,0,1,45.0,0.0
1430.771069,1,1,4,0,1,49.0,0.0
1430.83484,5,3,7,1,18,66.0,2001.0
1431.0500385,3,1,6,1,63,53.0,193.94
1431.0607015,6,1,1,0,1,45.0,0.0
1431.9028285,3,1,1,0,1,45.0,0.0
1432.519564,1,12,33,10,232,64.0,4218.0
1432.5195765,6,33,26,8,228,61.0,2058.0
1432.711352,1,12,32,10,229,64.0,4228.0
1432.7113675,6,30,25,7,225,61.0,2053.0
1432.902945,1,15,34,11,231,64.0,4291.0
1432.9029595,6,1,26,7,225,61.0,2068.0
1433.095666,1,8,33,10,234,64.0,4289.0
1433.0956805,6,37,26,7,225,61.0,2073.0
1435.4593375,3,1,1,0,1,48.0,0.0
1435.618565,1,12,32,10,232,64.0,4232.0
1435.6185805,6,30,26,7,225,62.0,2077.0
1435.81026,1,15,33,11,232,64.0,4295.0
1435.8102745,6,34,27,8,229,61.0,2109.0
1435.8776355,3,1,3,0,4,53.0,32.375
1435.877675,1,1,2,0,1,46.0,0.0
1436.002123,1,12,32,10,232,64.0,4217.0
1436.0021385,6,30,25,7,222,62.0,2077.0
1436.1287605,3,1,5,0,1,48.0,0.0
1436.194447,1,11,33,10,231,63.0,4275.0
1436.1944615,6,37,26,7,225,61.0,2094.0
1436.879277,1,1,1,0,1,45.0,0.0
1437.330047,1,2,1,0,3,49.0,17.396
1437.3300695,3,1,2,0,4,48.0,10.099
1437.4671845,3,1,1,0,1,45.0,0.0
1437.467192,1,1,1,0,1,45.0,0.0
1438.776486,1,15,32,11,238,64.0,4237.0
1438.7765005,6,34,27,8,229,62.0,2148.0
1438.968453,1,12,33,10,232,64.0,4190.0
1438.9684655,6,33,27,8,225,61.0,2144.0
1439.159938,1,15,32,10,235,64.0,4254.0
1439.1599525,6,34,29,8,229,62.0,2161.0
1439.351587,1,15,33,10,235,64.0,4241.0
1439.3516015,6,1,29,8,229,61.0,2164.0
1439.3722035,3,1,1,0,1,45.0,0.0
1440.13117,1,1,1,0,1,45.0,0.0
1441.930411,1,12,32,10,241,64.0,4210.0
1441.9304255,6,1,29,8,226,62.0,2217.0
1442.122372,1,15,32,10,235,64.0,4206.0
1442.1223835,6,37,30,8,233,62.0,2241.0
1442.150547,2,1,1,0,1,50.0,0.0
1442.31497,1,8,33,10,235,63.0,4192.0
1442.3149845,6,37,29,8,229,62.0,2225.0
1442.507576,1,9,32,10,233,63.0,4117.0
1442.5075885,6,37,28,8,229,62.0,2226.0
1442.5316375,3,1,5,1,75,51.0,133.519
1442.687092,2,1,2,0,1,50.0,0.0
1442.68711,1,1,1,0,1,46.0,0.0
1443.0321875,6,1,1,0,1,47.0,0.0
1444.699311,1,2,7,1,42,66.0,939.261
1445.077458,1,15,32,10,235,64.0,4138.0
1445.0774695,6,37,30,8,233,62.0,2313.0
1445.269041,1,12,32,10,239,64.0,4097.0
1445.2690535,6,33,30,8,226,61.0,2299.0
1445.460977,1,12,31,10,239,64.0,4080.0
1445.4609895,6,37,31,8,226,62.0,2299.0
1445.652459,1,15,31,10,235,64.0,4115.0
1445.6524705,6,37,31,8,233,62.0,2338.0
1445.6827195,3,1,1,0,1,45.0,0.0
1445.936295,1,1,1,0,1,48.0,0.0
1445.9483585,3,1,2,0,48,50.0,47.906
1446.711449,1,2,3,0,2,49.0,5.064
1446.7630895,6,1,1,0,1,45.0,0.0
1448.1286775,6,1,1,0,1,45.0,0.0
1448.235277,1,15,29,10,236,64.0,4066.0
1448.2352955,6,30,31,8,223,62.0,2359.0
1448.426967,1,15,30,10,230,64.0,4037.0
1448.4269785,6,37,31,8,230,62.0,2405.0
1448.4651845,6,1,1,0,1,46.0,0.0
1448.618816,1,12,29,9,236,64.0,3996.0
1448.6188285,6,37,30,8,230,62.0,2413.0
1448.71456,1,12,24,7,158,63.0,2535.0
1448.810342,1,11,29,10,235,63.0,4070.0
1448.8103565,6,34,31,8,230,62.0,2421.0
1448.8233065,3,1,2,0,1,49.0,0.0
1449.2440445,6,1,1,0,1,45.0,0.0
1449.5027045,3,1,1,0,1,45.0,0.0
1449.507886,1,1,1,0,1,47.0,0.0
1449.8987175,6,1,2,0,1,47.0,0.0
1449.929544,1,1,1,0,1,45.0,0.0
1451.414135,1,9,28,10,295,63.0,4000.0
1451.4141475,6,37,32,9,227,62.0,2497.0
1451.606015,1,12,28,9,239,64.0,3986.0
1451.6060275,6,33,32,9,230,62.0,2521.0
1451.797519,1,15,29,10,236,64.0,4020.0
1451.7975335,6,34,33,9,231,62.0,2535.0
1451.8204565,6,1,1,0,4,46.0,7.609
1451.989219,1,12,28,9,233,64.0,3952.0
1451.9892315,6,37,31,9,230,62.0,2533.0
1452.948118,1,2,2,0,2,46.0,7.837
1452.9481235,3,1,2,0,7,53.0,47.234
1454.3651515,6,1,1,0,1,45.0,0.0
1454.598273,1,12,27,9,233,64.0,3943.0
1454.5982885,6,30,32,9,224,62.0,2592.0
1454.7353355,6,1,1,0,4,46.0,7.613
1454.7561755,6,1,1,0,1,47.0,0.0
1454.78975,1,15,28,9,236,64.0,4015.0
1454.7897615,6,37,33,9,231,62.0,2635.0
1454.981414,1,12,29,9,230,64.0,3928.0
1454.9814265,6,37,31,9,231,62.0,2622.0
1455.0772645,6,34,29,7,228,61.0,1713.0
1455.173289,1,12,27,9,230,64.0,3905.0
1455.1733015,6,33,33,9,227,62.0,2601.0
1455.5756825,6,1,1,0,1,45.0,0.0
1455.7682355,3,1,2,0,1,51.0,0.0
1455.9538555,6,1,1,0,1,47.0,0.0
1456.4085005,3,1,1,0,1,45.0,0.0
1456.4094685,3,1,1,0,1,45.0,0.0
1457.6441335,6,34,29,7,225,61.0,1760.0
1457.740952,1,15,27,9,211,64.0,3979.0
1457.7409665,6,34,34,9,232,62.0,2713.0
1457.8368325,6,34,31,7,228,61.0,1782.0
1457.932694,1,9,29,9,227,63.0,3943.0
1457.9327065,6,34,33,9,228,62.0,2711.0
1458.0287615,6,34,31,7,225,61.0,1773.0
1458.124431,1,15,26,9,211,64.0,3983.0
1458.1244455,6,34,34,9,229,62.0,2739.0
1458.2201955,6,34,30,7,225,61.0,1774.0
1458.2288365,6,1,1,0,1,45.0,0.0
1458.316058,1,9,28,9,212,63.0,3920.0
1458.3160705,6,34,34,9,228,63.0,2749.0
1460.350496,2,2,1,0,2,50.0,30.416
1460.35052,1,1,1,0,1,45.0,0.0
1460.8339875,6,34,30,7,229,61.0,1846.0
1460.929831,1,9,27,9,227,64.0,3998.0
1460.9298435,6,34,33,9,229,63.0,2839.0
1461.0267045,6,34,32,7,229,61.0,1841.0
1461.0602235,3,1,1,0,1,45.0,0.0
1461.122508,1,12,28,9,230,64.0,4027.0
1461.1225205,6,37,33,9,228,63.0,2833.0
1461.2186485,6,34,32,7,229,61.0,1860.0
1461.314416,1,15,27,9,205,64.0,4014.0
1461.3144305,6,34,34,9,229,62.0,2847.0
1461.433349,1,5,29,8,191,66.0,3304.0
1461.4333645,3,2,9,2,109,52.0,256.562
1461.505913,1,9,28,9,230,63.0,4034.0
1461.5059255,6,34,34,9,229,63.0,2872.0
1461.7113085,6,1,1,0,1,45.0,0.0
1462.1044775,3,1,1,0,48,46.0,40.901
1463.2912505,3,1,2,0,1,45.0,0.0
1463.291265,1,1,3,0,1,49.0,0.0
1463.9243425,3,1,1,0,4,47.0,11.822
1463.9243865,6,1,1,0,1,45.0,0.0
1463.97719,1,15,26,8,212,63.0,2705.0
1463.9772085,6,30,30,7,222,61.0,1899.0
1464.072905,1,15,29,10,236,64.0,4198.0
1464.0729165,6,41,35,10,233,63.0,2975.0
1464.1179965,6,1,1,0,1,45.0,0.0
1464.1686675,6,34,31,7,226,61.0,1921.0
1464.264493,1,9,29,9,221,64.0,4104.0
1464.2645055,6,34,34,9,229,62.0,2988.0
1464.456165,1,15,30,10,233,64.0,4207.0
1464.4561805,6,37,35,10,229,63.0,2957.0
1464.5522025,6,37,30,7,226,61.0,1931.0
1464.648737,1,9,29,9,224,64.0,4115.0
1464.6487495,6,34,33,9,229,63.0,2974.0
1464.8594445,6,1,2,0,1,46.0,0.0
1465.221826,1,1,1,0,1,45.0,0.0
1466.3560425,6,1,2,0,1,46.0,0.0
1466.5091755,3,1,1,0,4,46.0,9.892
1466.5847555,6,4,20,6,158,64.0,2075.0
1467.0487985,6,38,30,8,227,61.0,1988.0
1467.144827,1,8,32,10,236,64.0,4287.0
1467.1448415,6,34,34,10,230,62.0,3075.0
1467.336647,1,15,31,10,236,64.0,4311.0
1467.3366615,6,34,35,10,230,63.0,3082.0
1467.4324315,6,34,30,7,220,61.0,1974.0
1467.528199,1,8,33,10,236,64.0,4332.0
1467.5282135,6,34,35,10,230,62.0,3084.0
1467.547348,1,2,1,0,2,47.0,17.22
1467.6240555,6,34,31,8,227,61.0,2009.0
1467.720166,1,9,32,10,234,64.0,4263.0
1467.7201785,6,34,35,10,230,62.0,3095.0
1467.724962,1,2,1,0,2,45.0,3.324
1467.8992945,3,1,1,0,1,45.0,0.0
1467.899318,1,2,1,0,3,46.0,8.051
1468.051376,1,2,2,0,2,49.0,31.863
1468.087785,1,1,1,0,1,45.0,0.0
1468.2546375,6,2,1,0,2,45.0,17.988
1468.458326,1,2,1,0,2,46.0,3.435
1468.8169805,6,1,4,0,16,58.0,334.53
1468.8170315,3,1,1,0,1,45.0,0.0
1469.571358,1,2,1,0,2,47.0,5.628
1470.1939255,6,34,29,8,224,61.0,2049.0
1470.201225,1,1,2,0,1,47.0,0.0
1470.2458675,3,1,1,0,1,45.0,0.0
1470.290742,1,9,33,10,234,64.0,4360.0
1470.2907545,6,34,32,10,231,62.0,3182.0
1470.3232865,3,2,1,0,2,45.0,8.535
1470.3866355,6,38,29,8,228,61.0,2117.0
1470.482639,1,9,32,10,237,63.0,4369.0
1470.4826515,6,34,34,10,231,62.0,3199.0
1470.5784035,6,38,30,8,228,61.0,2090.0
1470.674129,1,15,33,11,234,64.0,4434.0
1470.6741435,6,38,33,10,228,63.0,3198.0
1470.7708305,6,34,29,8,224,61.0,2068.0
1470.866821,1,15,33,10,206,64.0,4372.0
1470.8668325,6,41,34,10,234,63.0,3228.0
1470.985855,1,1,1,0,1,46.0,0.0
1470.9876025,3,1,1,0,1,45.0,0.0
1470.9876255,6,1,1,0,1,46.0,0.0
1471.8280325,3,1,1,0,1,45.0,0.0
1472.986697,1,2,19,10,145,74.0,10051.0
1473.189199,1,2,1,0,2,45.0,10.021
1473.4220025,6,34,30,8,225,61.0,2143.0
1473.518827,1,9,33,11,232,63.0,4480.0
1473.5188395,6,34,32,10,232,63.0,3316.0
1473.6145875,6,38,29,8,225,61.0,2155.0
1473.710312,1,15,32,11,237,64.0,4555.0
1473.7103265,6,38,33,10,232,63.0,3302.0
1473.8061295,6,34,28,8,221,61.0,2150.0
1473.90194,1,15,33,11,240,64.0,4569.0
1473.9019515,6,41,33,10,235,63.0,3326.0
1473.9541755,3,1,1,0,1,45.0,0.0
1473.9978005,6,34,30,8,228,61.0,2157.0
1474.093849,1,8,33,11,237,64.0,4571.0
1474.0938635,6,38,33,10,232,63.0,3322.0
1474.391524,1,3,1,0,4,48.0,27.412
1474.3915335,3,1,3,0,13,50.0,64.032
1474.5572535,6,1,1,0,1,45.0,0.0
1476.2908615,6,2,1,0,3,47.0,10.243
1476.5888295,6,38,29,8,222,61.0,2210.0
1476.685678,1,6,33,11,238,63.0,4574.0
1476.6856905,6,38,32,10,229,63.0,3404.0
1476.7814585,6,34,29,8,225,61.0,2213.0
1476.877217,1,15,33,11,240,64.0,4655.0
1476.8772315,6,38,33,10,229,63.0,3399.0
1476.9730555,6,31,28,8,222,61.0,2197.0
1477.068829,1,15,33,11,238,64.0,4660.0
1477.0688475,6,34,32,10,229,63.0,3394.0
1477.1649865,6,34,28,8,219,61.0,2179.0
1477.260726,1,12,32,11,265,64.0,4640.0
1477.2607385,6,34,32,10,232,62.0,3433.0
1477.41956,1,2,2,0,2,45.0,11.214
1477.427455,1,2,4,0,3,49.0,21.27
1477.761596,1,2,2,0,5,48.0,32.453
1478.161937,1,2,1,0,3,50.0,27.879
1478.1619465,3,1,1,0,1,45.0,0.0
1478.8256165,6,1,1,0,1,46.0,0.0
1479.5442345,6,2,2,0,2,47.0,24.132
1479.5442575,3,2,3,0,10,49.0,42.241
1479.544278,1,1,4,0,1,48.0,0.0
1479.6099785,6,1,1,0,1,45.0,0.0
1479.6140755,6,2,1,0,2,45.0,4.055
1479.6728895,6,34,29,8,226,61.0,2271.0
1479.7027495,3,2,6,1,76,52.0,210.685
1479.768609,1,15,32,11,241,64.0,4737.0
1479.7686205,6,41,33,10,233,63.0,3489.0
1479.8643765,6,31,29,8,226,61.0,2259.0
1479.960189,1,15,31,11,241,64.0,4736.0
1479.9602035,6,38,33,10,230,63.0,3490.0
1480.152149,1,12,31,11,238,64.0,4671.0
1480.1521615,6,34,31,10,229,62.0,3480.0
1480.2479085,6,34,29,8,219,61.0,2259.0
1480.343632,1,15,32,11,241,64.0,4765.0
1480.3436475,6,34,32,10,229,62.0,3488.0
1480.6491885,3,1,3,0,10,51.0,34.215
1480.9017835,3,1,1,0,1,45.0,0.0
1480.901797,1,2,1,0,3,48.0,12.188
1481.9600665,3,1,1,0,1,45.0,0.0
1481.960075,1,2,3,0,3,48.0,13.413
1482.061499,1,2,18,8,118,72.0,6964.0
1482.062168,1,2,1,0,2,46.0,3.665
1482.1321905,3,1,2,0,4,49.0,14.869
1482.3182835,3,1,1,0,1,45.0,0.0
1482.5045835,6,3,6,1,25,66.0,1142.0
1482.5046255,3,2,1,0,6,49.0,22.328
1482.504647,2,1,1,0,1,52.0,0.0
1482.664071,1,1,1,0,1,45.0,0.0
1482.671161,1,2,2,0,2,47.0,15.493
1482.827566,1,11,30,11,241,64.0,4861.0
1482.8275805,6,38,33,10,230,63.0,3542.0
1482.8722775,3,1,1,0,1,45.0,0.0
1482.9236495,6,38,29,8,223,61.0,2303.0
1483.019378,1,15,30,11,241,64.0,4865.0
1483.0193925,6,38,32,10,230,63.0,3548.0
1483.1151375,6,38,29,8,220,61.0,2311.0
1483.1685515,3,1,1,0,1,45.0,0.0
1483.21097,1,15,31,11,239,64.0,4834.0
1483.2109855,6,34,31,11,280,62.0,3570.0
1483.3068065,6,38,30,8,223,61.0,2304.0
1483.402917,1,12,31,11,236,64.0,4810.0
1483.4029295,6,34,32,10,226,63.0,3575.0
1483.969111,1,2,1,0,2,45.0,10.07
1484.006544,1,3,2,0,4,47.0,18.317
1484.1496065,6,1,2,0,8,53.0,57.748
1484.1820875,3,1,1,0,1,48.0,0.0
1484.182094,5,3,7,1,47,51.0,184.593
1484.182105,2,1,2,0,1,54.0,0.0
1484.314358,5,1,2,0,1,50.0,0.0
1485.2858215,6,2,1,0,2,46.0,3.903
1485.4510405,3,1,2,0,24,46.0,24.582
1485.4852055,6,3,12,3,63,66.0,1804.0
1485.4852335,3,1,7,1,39,54.0,170.323
1485.547563,1,2,3,0,3,47.0,11.256
1485.726527,1,2,9,2,39,64.0,1070.0
1485.7559645,6,38,27,8,220,61.0,2324.0
1485.7963925,3,1,2,0,7,54.0,56.878
1485.851751,1,15,32,12,242,64.0,4948.0
1485.8517655,6,38,33,10,227,62.0,3597.0
1485.9263655,3,1,1,0,1,45.0,0.0
1486.044388,1,15,32,12,242,64.0,4960.0
1486.0444025,6,35,32,10,227,62.0,3586.0
1486.1402485,6,34,27,8,220,61.0,2328.0
1486.236379,1,9,31,11,239,64.0,4874.0
1486.2363915,6,38,31,11,284,63.0,3638.0
1486.3321155,6,34,28,8,220,61.0,2325.0
1486.427839,1,15,32,12,242,64.0,4988.0
1486.4278505,6,38,33,10,227,62.0,3608.0
1487.029688,1,1,3,0,1,48.0,0.0
1487.261798,2,1,1,0,1,50.0,0.0
1487.31271,1,3,3,0,4,50.0,22.365
1487.980366,1,2,9,2,65,66.0,1077.0
1488.8008425,6,38,27,8,224,61.0,2360.0
1488.89691,1,15,31,12,245,64.0,5058.0
1488.8969245,6,35,32,11,285,62.0,3657.0
1488.9079675,3,1,2,0,5,50.0,20.066
1488.9937755,6,38,26,8,224,61.0,2354.0
1489.089505,1,9,32,11,240,64.0,4969.0
1489.0895175,6,38,32,10,224,63.0,3605.0
1489.1853465,6,38,27,8,224,61.0,2383.0
1489.274768,1,1,4,0,23,47.0,48.608
1489.2747715,6,1,2,0,1,45.0,0.0
1489.281195,1,9,31,11,237,64.0,4972.0
1489.2812075,6,38,31,10,227,63.0,3624.0
1489.304004,1,1,1,0,1,45.0,0.0
1489.377297,1,15,28,9,225,63.0,3273.0
1489.427736,1,1,1,0,1,45.0,0.0
1489.473039,1,11,31,12,242,64.0,5076.0
1489.4730535,6,38,31,11,285,63.0,3669.0
1490.272376,1,2,1,0,3,50.0,16.379
1490.414752,1,1,1,0,1,45.0,0.0
1491.009449,1,1,4,0,1,47.0,0.0
1491.069978,1,2,8,2,46,65.0,1253.0
1491.4367985,3,1,1,0,1,45.0,0.0
1491.618379,2,2,6,0,2,52.0,18.248
1491.940977,1,9,33,12,243,64.0,5086.0
1491.9409895,6,38,31,10,221,63.0,3605.0
1492.0378505,6,38,27,7,159,61.0,2281.0
1492.133574,1,15,33,12,231,64.0,5120.0
1492.1335885,6,35,31,10,228,62.0,3617.0
1492.2295055,6,38,27,8,218,61.0,2345.0
1492.325271,1,15,33,12,231,64.0,5124.0
1492.3252855,6,38,31,10,228,62.0,3622.0
1492.518236,1,15,31,12,246,64.0,5158.0
1492.5182475,6,38,31,10,228,62.0,3633.0
1492.779046,1,3,16,8,118,72.0,9347.0
1492.784221,1,1,1,0,1,45.0,0.0
1493.0681735,6,1,1,0,1,45.0,0.0
1493.227282,2,1,1,0,1,51.0,0.0
1493.2553425,3,2,9,2,135,54.0,324.629
1493.2560055,3,1,3,1,91,46.0,78.074
1493.303537,5,1,1,0,1,45.0,0.0
1493.3547285,3,5,5,0,57,51.0,112.145
1493.3547335,6,1,3,0,32,48.0,57.275
1493.354735,1,2,4,0,24,57.0,152.202
1493.35474,5,8,5,0,17,55.0,290.622
1493.354753,2,1,2,0,1,53.0,0.0
1493.429012,1,2,1,0,3,50.0,18.888
1493.5206795,6,2,3,0,3,54.0,69.06
1493.5207085,3,1,3,0,17,52.0,115.531
1493.520734,5,1,2,0,1,46.0,0.0
1493.520737,1,1,1,0,13,46.0,14.438
1493.550902,5,2,2,0,6,48.0,30.119
1494.933234,1,12,27,9,223,63.0,3331.0
1495.030092,1,8,31,12,243,64.0,5204.0
1495.0301065,6,38,32,10,225,62.0,3579.0
1495.127024,1,15,28,10,246,63.0,3427.0
1495.222703,1,15,32,12,246,64.0,5243.0
1495.2227185,6,38,31,10,221,62.0,3550.0
1495.318456,1,12,28,9,243,63.0,3369.0
1495.414305,1,9,31,11,229,64.0,5115.0
1495.4143175,6,38,32,10,225,62.0,3546.0
1495.510151,1,15,27,10,246,63.0,3435.0
1495.606137,1,15,33,12,246,64.0,5242.0
1495.6061525,6,38,31,10,218,62.0,3548.0
1496.1234765,3,1,1,0,1,46.0,0.0
1496.123484,2,2,1,0,2,50.0,11.626
1496.123491,1,1,2,0,4,47.0,10.891
1496.1235115,6,1,1,0,1,47.0,0.0
1497.26452,1,2,1,0,2,46.0,6.414
1497.466355,1,1,1,0,1,47.0,0.0
1498.176104,1,15,33,12,246,64.0,5330.0
1498.1761185,6,35,31,9,199,62.0,3424.0
1498.367591,1,9,32,12,244,64.0,5260.0
1498.3676035,6,38,31,10,222,62.0,3437.0
1498.547073,1,1,1,0,1,45.0,0.0
1498.559228,1,15,34,12,247,64.0,5350.0
1498.5592435,6,38,30,10,219,62.0,3427.0
1498.655092,1,12,28,9,229,63.0,3420.0
1498.751782,1,15,34,12,246,64.0,5336.0
1498.7517935,6,38,31,10,202,62.0,3391.0
1498.9184945,3,2,3,0,40,49.0,51.739
1498.918514,2,1,2,0,1,52.0,0.0
1499.2055115,3,1,1,0,1,47.0,0.0
1499.2973815,6,1,2,0,1,45.0,0.0
1499.297384,1,2,2,0,5,48.0,24.468
1499.64117,1,2,10,2,43,65.0,1823.0
1500.4507935,6,1,1,0,1,45.0,0.0
1500.5113285,3,1,1,0,1,45.0,0.0
1500.560325,1,1,1,0,1,47.0,0.0
1500.708528,1,1,1,0,1,45.0,0.0
1500.8392655,6,1,1,0,1,45.0,0.0
1500.8759135,6,2,1,0,2,45.0,4.562
1500.913253,1,6,13,5,74,66.0,2704.0
1500.920054,1,2,1,0,3,45.0,7.054
1501.1145185,3,1,3,0,10,48.0,25.571
1501.256687,1,3,2,0,4,49.0,19.939
1501.332817,1,9,33,12,247,64.0,5395.0
1501.3328295,6,38,29,9,199,62.0,3244.0
1501.428623,1,12,30,10,244,63.0,3530.0
1501.524468,1,9,32,12,244,64.0,5386.0
1501.5244805,6,38,29,9,199,62.0,3236.0
1501.6227315,6,2,3,0,2,46.0,8.58
1501.7035355,6,2,1,0,3,47.0,9.423
1501.703536,1,1,1,0,1,45.0,0.0
1501.716373,1,15,35,13,247,65.0,5471.0
1501.7163915,6,35,28,9,199,62.0,3213.0
1501.812097,1,15,29,10,244,63.0,3580.0
1501.816754,1,2,2,0,10,49.0,61.412
1501.907842,1,15,34,12,247,65.0,5472.0
1501.9078605,6,35,30,9,199,62.0,3195.0
1502.3154865,6,1,1,0,1,45.0,0.0
1502.404023,1,1,2,0,1,48.0,0.0
1502.485466,1,1,2,0,1,47.0,0.0
1502.4942895,3,1,1,0,1,45.0,0.0
1502.758273,1,1,2,0,1,49.0,0.0
1503.5626785,6,1,1,0,1,45.0,0.0
1503.6342405,3,1,1,0,45,47.0,32.005
1503.8255235,3,1,1,0,1,45.0,0.0
1503.9509785,6,1,1,0,1,45.0,0.0
1504.0883425,6,1,1,0,1,45.0,0.0
1504.378823,1,15,30,10,247,63.0,3642.0
1504.474886,1,15,35,13,247,64.0,5536.0
1504.4749005,6,35,27,9,203,61.0,3025.0
1504.4819745,6,3,4,1,29,63.0,823.695
1504.5336475,6,1,1,0,1,47.0,0.0
1504.571779,1,15,31,10,247,63.0,3639.0
1504.6528865,3,1,1,0,1,46.0,0.0
1504.6529245,6,1,1,0,1,45.0,0.0
1504.667497,1,15,35,13,247,65.0,5571.0
1504.6675125,6,38,27,9,203,62.0,3029.0
1504.668287,1,2,1,0,3,47.0,11.694
1504.695319,1,1,2,0,1,47.0,0.0
1504.7045825,3,2,3,0,35,51.0,96.504
1504.7286765,6,1,1,0,1,45.0,0.0
1504.763247,1,15,32,10,244,63.0,3639.0
1504.859099,1,9,35,12,245,64.0,5503.0
1504.8591115,6,35,28,9,203,61.0,3005.0
1504.8929315,6,1,1,0,1,45.0,0.0
1504.954942,1,15,32,10,247,63.0,3668.0
1504.96893,1,2,2,0,2,49.0,3.695
1505.051058,1,15,36,13,247,64.0,5566.0
1505.0510725,6,35,28,9,200,61.0,2979.0
1505.189028,1,12,21,12,163,67.0,7640.0
1505.189046,2,1,3,0,12,52.0,72.34
1505.3401665,6,1,1,0,1,45.0,0.0
1505.4836385,3,1,1,0,1,45.0,0.0
1505.668522,1,1,3,0,6,47.0,16.053
1505.6755335,3,1,1,0,1,45.0,0.0
1505.770098,1,1,1,0,1,47.0,0.0
1505.8726245,6,1,1,0,4,51.0,18.672
1505.8837925,3,1,2,0,4,52.0,27.072
1505.883797,2,1,2,0,1,51.0,0.0
1505.883818,5,1,3,0,1,51.0,0.0
1505.883824,1,1,1,0,1,45.0,0.0
1505.8838455,6,1,2,0,1,45.0,0.0
1506.015023,1,2,1,0,3,56.0,54.185
1506.835003,1,1,1,0,1,45.0,0.0
1506.8404125,6,1,1,0,1,46.0,0.0
1506.8663665,6,1,1,0,1,45.0,0.0
1506.9215505,3,1,1,0,1,46.0,0.0
1507.187155,1,2,1,0,4,47.0,12.58
1507.3927465,6,1,1,0,1,46.0,0.0
1507.444152,1,2,2,0,7,49.0,43.545
1507.5144925,6,1,1,0,1,45.0,0.0
1507.518642,1,12,29,10,239,63.0,3601.0
1507.587429,1,1,1,0,1,45.0,0.0
1507.614701,1,15,37,13,244,64.0,5569.0
1507.6147155,6,35,28,9,204,61.0,2817.0
1507.7082915,3,1,1,0,1,45.0,0.0
1507.710506,1,15,31,9,186,63.0,3569.0
1507.791855,1,2,1,0,2,46.0,4.529
1507.80637,1,9,38,12,245,64.0,5518.0
1507.8063825,6,35,28,8,204,61.0,2791.0
1507.998239,1,15,37,13,282,65.0,5651.0
1507.9982545,6,38,27,9,207,61.0,2795.0
1508.042526,1,1,1,0,1,45.0,0.0
1508.0844935,3,1,1,0,4,47.0,9.193
1508.093986,1,12,30,10,242,63.0,3600.0
1508.190872,1,15,38,13,245,65.0,5610.0
1508.1908835,6,35,27,9,211,61.0,2811.0
1508.8946455,3,1,1,0,1,45.0,0.0
1508.9231905,6,1,1,0,1,45.0,0.0
1508.984687,5,2,4,0,13,47.0,44.762
1509.12024,1,4,2,0,5,49.0,25.129
1509.224935,5,2,3,0,14,49.0,82.557
1509.2249455,3,1,1,0,1,45.0,0.0
1509.2516655,6,3,3,1,25,61.0,417.077
1509.2756125,6,1,2,0,9,57.0,83.361
1509.9134975,6,2,1,0,2,45.0,4.693
1509.988812,1,2,1,0,5,47.0,18.282
1510.015522,1,2,3,0,2,47.0,5.484
1510.082985,1,1,2,0,1,48.0,0.0
1510.09311,1,2,1,0,4,45.0,13.095
1510.5063755,6,1,1,0,1,47.0,0.0
1510.6055215,6,1,1,0,1,45.0,0.0
1510.605558,2,1,2,0,1,50.0,0.0
1510.6149375,6,20,3,0,46,47.0,57.329
1510.614959,1,1,2,0,1,49.0,0.0
1510.6959595,3,1,1,0,1,45.0,0.0
1510.7137265,6,1,1,0,1,46.0,0.0
1510.775567,1,15,38,13,245,65.0,5635.0
1510.7755785,6,42,30,9,208,61.0,2653.0
1510.9194215,6,1,1,0,1,45.0,0.0
1510.967461,1,15,39,13,242,64.0,5635.0
1510.9674755,6,39,29,8,184,61.0,2613.0
1511.0296905,6,1,1,0,1,45.0,0.0
1511.063156,1,12,31,9,184,63.0,3569.0
1511.15895,1,15,37,14,283,65.0,5699.0
1511.1589655,6,31,31,9,244,61.0,2665.0
1511.254798,1,13,30,10,216,63.0,3607.0
1511.262481,1,3,2,0,5,49.0,30.218
1511.350669,1,9,37,12,216,64.0,5510.0
1511.3506815,6,35,30,9,208,61.0,2632.0
1511.3888475,6,1,1,0,1,45.0,0.0
1511.4493845,6,1,1,0,1,45.0,0.0
1511.612102,1,2,3,0,2,47.0,3.665
1511.6121165,3,1,1,0,1,45.0,0.0
1511.983912,1,1,1,0,1,45.0,0.0
1512.028218,1,1,2,0,1,49.0,0.0
1512.1036025,6,1,1,0,1,46.0,0.0
1512.175309,1,3,3,0,8,53.0,84.363
1512.203957,5,2,2,0,6,48.0,36.072
1512.227248,1,3,2,0,6,49.0,35.385
1512.25402,1,2,1,0,2,50.0,17.923
1512.280259,5,2,2,0,3,48.0,9.895
1512.300108,5,4,2,0,15,51.0,90.145
1512.368749,1,1,1,0,1,45.0,0.0
1513.4320145,6,1,1,0,1,45.0,0.0
1513.635465,1,2,1,0,3,49.0,23.48
1513.6824645,3,1,1,0,1,45.0,0.0
1513.699481,1,2,3,0,3,48.0,10.281
1513.7789895,6,1,1,0,1,45.0,0.0
1513.854616,1,15,27,9,187,63.0,3617.0
1513.9065125,6,1,1,0,1,45.0,0.0
1513.950658,1,9,35,13,321,64.0,5628.0
1514.046422,1,15,28,10,187,63.0,3675.0
1514.142143,1,9,33,13,321,64.0,5602.0
1514.2453785,6,1,2,0,1,46.0,0.0
1514.333879,1,15,34,13,222,65.0,5610.0
1514.525701,1,6,34,13,281,64.0,5583.0
1514.7621085,6,1,1,0,1,45.0,0.0
1514.8391305,6,1,1,0,1,46.0,0.0
1514.8491395,6,3,5,1,28,65.0,895.187
1515.0203355,3,1,2,0,1,46.0,0.0
1515.1226585,3,1,1,0,4,49.0,18.325
1515.1226995,6,1,2,0,1,46.0,0.0
1515.218666,1,1,4,0,67,47.0,78.946
1515.236766,1,2,3,0,3,63.0,231.553
1515.2395145,6,2,4,1,28,61.0,422.519
1515.268,1,6,3,0,7,49.0,42.837
1515.2722985,6,1,1,0,1,45.0,0.0
1515.3517675,6,1,1,0,1,45.0,0.0
1515.361732,1,2,3,0,2,51.0,54.975
1515.3735405,6,1,2,0,4,55.0,42.819
1515.3767795,6,1,2,0,4,54.0,30.77
1515.4106935,6,2,1,0,3,49.0,32.445
1516.0944025,6,1,1,0,1,45.0,0.0
1516.1185135,6,1,1,0,1,45.0,0.0
1516.249349,1,1,2,0,1,47.0,0.0
1516.2493635,6,1,1,0,1,45.0,0.0
1516.293687,1,2,1,0,3,49.0,15.112
1516.396138,1,1,1,0,1,45.0,0.0
1516.530177,1,1,1,0,1,45.0,0.0
1516.6313455,6,1,2,0,1,47.0,0.0
1516.9887285,6,2,5,0,25,61.0,322.12
1517.0387775,6,1,1,0,1,45.0,0.0
1517.065273,1,1,1,0,1,45.0,0.0
1517.0786275,6,1,1,0,1,46.0,0.0
1517.085406,1,15,30,12,226,65.0,5617.0
1517.181285,1,12,27,9,213,63.0,3608.0
1517.277103,1,15,31,12,223,65.0,5601.0
1517.2838515,6,2,1,0,3,46.0,8.507
1517.3732,1,15,28,10,219,63.0,3663.0
1517.468939,1,15,29,12,226,64.0,5630.0
1517.502966,1,1,1,0,1,45.0,0.0
1517.564686,1,15,27,10,219,63.0,3675.0
1517.568834,1,2,1,0,2,45.0,4.179
1517.639057,1,2,9,3,59,65.0,2041.0
1517.660505,1,15,30,12,219,65.0,5606.0
1517.707722,1,1,1,0,1,45.0,0.0
1517.7100555,6,2,4,0,17,61.0,582.334
1517.777008,2,1,1,0,1,50.0,0.0
1517.788175,1,3,19,10,161,75.0,13337.0
1517.8039015,3,1,1,0,1,46.0,0.0
1517.813337,1,2,1,0,2,45.0,7.169
1517.816744,1,2,7,2,43,65.0,1336.0
1517.8374305,6,1,1,0,1,46.0,0.0
1517.861713,1,1,1,0,1,46.0,0.0
1517.936357,1,3,15,3,109,63.0,1189.0
1517.9363815,3,1,3,0,87,48.0,81.643
1517.961833,1,2,1,0,2,45.0,8.402
1517.9632645,6,1,1,0,1,47.0,0.0
1518.027639,1,2,12,2,42,65.0,1325.0
1518.217949,1,1,1,0,1,45.0,0.0
1518.28318,1,2,2,0,3,46.0,7.46
1518.299251,1,2,2,0,3,53.0,28.157
1518.3355765,6,1,1,0,1,45.0,0.0
1518.3647965,6,1,2,0,4,49.0,16.941
1518.3891805,6,2,1,0,2,45.0,13.8
1518.434153,1,2,1,0,2,48.0,6.886
1518.44492,1,1,5,0,33,48.0,77.278
1518.4449395,6,1,2,0,5,48.0,13.795
1518.445585,1,2,1,0,3,45.0,7.629
1519.071827,1,1,4,0,4,49.0,10.418
1519.0850955,3,1,2,0,4,50.0,18.921
1519.2922445,6,1,1,0,1,45.0,0.0
1519.326539,1,2,1,0,3,45.0,8.067
1519.522861,1,1,1,0,1,47.0,0.0
1519.7415495,3,1,1,0,1,47.0,0.0
1519.7988375,6,1,1,0,1,45.0,0.0
1519.8335585,3,1,1,0,1,45.0,0.0
1519.836581,2,3,15,7,149,68.0,4521.0
1519.8604835,3,1,1,0,1,45.0,0.0
1519.9423645,6,1,2,0,4,47.0,9.357
1519.9641335,6,1,1,0,1,45.0,0.0
1519.965771,2,1,1,0,1,50.0,0.0
1520.0217325,3,1,2,0,8,51.0,29.403
1520.032493,1,15,26,10,219,63.0,3628.0
1520.128502,1,15,29,12,219,64.0,5552.0
1520.1705135,6,2,1,0,2,45.0,3.324
1520.224363,1,15,27,9,167,63.0,3570.0
1520.255258,1,2,1,0,3,48.0,10.523
1520.27873,1,3,3,0,4,49.0,21.967
1520.320401,1,13,29,12,217,64.0,5472.0
1520.416167,1,15,27,9,167,63.0,3571.0
1520.44614,1,2,29,24,254,81.0,58207.0
1520.446211,2,1,3,0,1,50.0,0.0
1520.511888,1,6,30,12,217,64.0,5465.0
1520.5243375,6,2,3,1,24,65.0,676.508
1520.576633,1,2,10,3,64,65.0,2365.0
1520.611121,1,1,1,0,1,47.0,0.0
1520.680779,1,2,1,0,2,45.0,5.064
1520.703587,1,15,29,12,219,65.0,5539.0
1520.860412,1,1,2,0,1,49.0,0.0
1520.9126265,6,1,1,0,1,45.0,0.0
1520.9336545,6,1,1,0,1,46.0,0.0
1520.940711,1,3,3,0,4,49.0,22.586
1520.9407375,6,1,1,0,1,45.0,0.0
1520.99553,1,2,10,1,49,63.0,494.864
1520.9955475,3,1,1,0,1,46.0,0.0
1521.0274465,3,1,7,0,30,48.0,61.863
1521.3297935,3,1,1,0,1,45.0,0.0
1521.329807,5,1,1,0,1,45.0,0.0
1521.329816,1,1,1,0,1,45.0,0.0
1521.3298375,6,1,1,0,1,45.0,0.0
1521.332206,1,2,4,0,24,55.0,179.394
1521.346076,1,2,4,0,39,54.0,163.203
1521.361231,1,2,1,0,4,47.0,25.15
1521.36234,1,2,1,0,2,45.0,3.435
1521.376694,1,6,6,1,41,60.0,609.309
1521.378595,1,4,2,0,5,51.0,41.764
1521.400763,1,1,1,0,1,46.0,0.0
1521.413749,1,1,2,0,7,56.0,88.032
1521.4437885,3,2,1,0,4,55.0,62.239
1522.191185,1,1,1,0,1,49.0,0.0
1522.3746955,6,1,1,0,1,45.0,0.0
1522.417969,1,2,1,0,2,47.0,5.064
1522.4786525,6,1,1,0,1,45.0,0.0
1522.506826,1,1,1,0,1,45.0,0.0
1522.611724,1,1,2,0,1,45.0,0.0
1522.793475,1,2,1,0,2,45.0,8.535
1523.060275,1,2,2,0,3,47.0,11.667
1523.0736655,6,2,1,0,2,45.0,4.562
1523.162535,1,15,30,12,223,65.0,5592.0
1523.2772955,3,1,1,0,1,47.0,0.0
1523.355463,1,15,31,12,220,64.0,5586.0
1523.451229,1,15,28,10,220,63.0,3666.0
1523.5142665,6,1,1,0,1,45.0,0.0
1523.547009,1,15,31,12,220,64.0,5590.0
1523.642855,1,15,27,9,196,63.0,3629.0
1523.705176,5,6,41,14,269,67.0,5532.0
1523.7051845,6,3,37,13,270,66.0,6050.0
1523.738701,1,15,31,12,220,64.0,5621.0
1523.797606,1,2,1,0,3,47.0,8.871
1523.8628885,3,5,3,0,14,53.0,116.414
1523.909605,1,1,4,0,28,49.0,54.446
1523.9288065,3,1,1,0,1,48.0,0.0
1523.931473,1,1,1,0,1,47.0,0.0
1523.9850885,3,2,5,0,21,54.0,166.758
1524.1600625,3,2,1,0,2,45.0,8.535
1524.184783,1,2,1,0,3,48.0,9.134
1524.185355,1,2,8,3,64,67.0,2020.0
1524.2006985,6,1,1,0,1,45.0,0.0
1524.354526,1,1,1,0,1,45.0,0.0
1524.360043,1,4,40,86,420,91.0,671235.0
1524.360059,2,7,27,13,164,67.0,8449.0
1524.3600605,3,13,25,7,198,65.0,2774.0
1524.36007,5,36,29,8,210,62.0,2959.0
1524.3600795,6,2,25,6,152,63.0,2224.0
1524.376654,1,2,10,3,61,67.0,2310.0
1524.39211,1,3,4,0,32,54.0,185.381
1524.431449,5,2,1,0,2,51.0,16.967
1524.46167,1,2,4,1,41,60.0,499.111
1524.504026,1,2,2,0,9,58.0,130.112
1524.535146,1,3,3,0,38,55.0,164.745
1524.561959,5,2,7,1,105,58.0,278.763
1524.56198,1,1,1,0,1,45.0,0.0
1524.5619815,6,1,3,0,13,54.0,62.241
1524.5619905,3,1,1,0,1,45.0,0.0
1524.562005,2,2,1,0,3,51.0,24.937
1525.3522105,6,1,1,0,1,45.0,0.0
1525.5028595,6,1,2,0,1,47.0,0.0
1525.523378,1,1,1,0,10,49.0,25.901
1525.7679065,6,1,1,0,1,45.0,0.0
1525.7679225,3,1,1,0,1,45.0,0.0
1525.7967045,6,1,2,0,1,47.0,0.0
1526.11987,1,15,30,10,220,63.0,3663.0
1526.140246,1,23,33,16,299,69.0,10518.0
1526.140246,5,30,45,17,189,68.0,10402.0
1526.140248,2,8,30,16,198,71.0,10734.0
1526.1402565,6,15,27,9,179,61.0,3473.0
1526.216737,1,13,32,12,214,64.0,5491.0
1526.2689665,3,1,2,0,4,50.0,20.149
1526.3638315,6,2,1,0,2,45.0,9.125
1526.409671,1,15,35,13,251,64.0,5626.0
1526.5010345,6,1,2,0,4,45.0,8.48
1526.508369,1,11,6,1,100,49.0,135.902
1526.524127,1,2,1,0,2,45.0,4.4
1526.5440285,6,1,2,0,6,47.0,11.749
1526.5603125,3,1,3,0,10,51.0,65.812
1526.560346,1,2,4,0,36,48.0,58.335
1526.596018,1,1,1,0,1,49.0,0.0
1526.601187,1,6,34,12,214,64.0,5477.0
1526.646601,1,1,1,0,1,45.0,0.0
1526.6708535,3,1,2,0,7,51.0,36.932
1526.7144175,3,1,1,0,1,45.0,0.0
1526.776071,1,2,1,0,3,47.0,9.387
1526.7883965,6,2,6,1,30,62.0,570.964
1526.78843,1,1,2,0,1,48.0,0.0
1526.793597,1,12,34,13,251,64.0,5630.0
1526.8379295,6,2,4,1,25,62.0,568.509
1526.8379795,3,1,1,0,1,45.0,0.0
1527.00362,1,1,1,0,1,45.0,0.0
1527.007606,1,1,1,0,1,45.0,0.0
1527.026332,1,1,1,0,6,48.0,13.809
1527.158257,1,2,1,0,3,45.0,8.051
1527.3185175,3,1,4,1,76,53.0,139.036
1527.318528,1,11,18,4,130,63.0,1423.0
1527.348489,1,2,2,0,2,48.0,10.659
1527.3556505,3,1,3,0,16,52.0,58.192
1527.355668,1,3,13,3,120,63.0,940.678
1527.4022,1,1,1,0,1,47.0,0.0
1527.4318495,6,1,1,0,1,47.0,0.0
1527.460778,5,6,4,0,7,51.0,62.342
1527.4684435,6,1,1,0,1,45.0,0.0
1527.484794,1,6,11,4,63,67.0,3642.0
1527.542065,1,1,1,0,1,45.0,0.0
1527.602785,5,1,1,0,1,45.0,0.0
1527.664064,1,1,2,0,1,47.0,0.0
1527.666174,5,1,7,1,28,57.0,485.221
1528.2472095,6,1,4,1,85,47.0,88.414
1528.280736,1,1,6,0,1,48.0,0.0
1528.2807445,3,1,5,0,13,49.0,45.294
1528.2815185,6,1,3,0,7,46.0,13.821
1528.343232,1,2,13,4,114,64.0,1963.0
1528.3510905,6,2,1,0,2,46.0,14.547
1528.367369,1,2,1,0,5,49.0,32.154
1528.461513,1,1,1,0,1,45.0,0.0
1528.515421,1,1,1,0,1,45.0,0.0
1528.644258,2,1,1,0,1,50.0,0.0
1528.659813,1,5,17,9,142,71.0,8891.0
1528.6803105,6,2,1,0,2,45.0,5.52
1528.7253415,3,2,1,0,2,45.0,6.222
1528.832449,1,1,2,0,1,47.0,0.0
1528.897788,1,6,9,2,41,63.0,1291.0
1528.9098725,6,1,1,0,1,45.0,0.0
1528.922447,1,2,1,0,3,48.0,11.308
1528.9322865,3,1,1,0,1,45.0,0.0
1529.0415725,3,1,1,0,1,45.0,0.0
1529.0917025,3,1,1,0,1,45.0,0.0
1529.124676,1,1,2,0,1,49.0,0.0
1529.130848,1,2,1,0,3,48.0,10.281
1529.188148,1,3,12,4,64,67.0,3459.0
1529.18909,1,3,35,27,171,83.0,83440.0
1529.195573,1,1,2,0,1,49.0,0.0
1529.2503365,3,1,2,0,1,47.0,0.0
1529.300736,1,15,36,12,217,64.0,5498.0
1529.326724,1,48,5,1,51,49.0,115.942
1529.3267425,3,2,1,0,3,45.0,6.996
1529.3267445,6,1,3,0,26,47.0,42.69
1529.3268,2,1,2,0,1,51.0,0.0
1529.4422305,3,1,1,0,4,49.0,15.246
1529.472427,2,1,2,0,1,52.0,0.0
1529.492606,1,15,34,13,251,64.0,5428.0
1529.5019035,6,1,1,0,1,46.0,0.0
1529.523331,1,1,1,0,1,45.0,0.0
1529.6471815,6,1,1,0,1,45.0,0.0
1529.658076,1,1,1,0,1,46.0,0.0
1529.684123,1,15,35,13,251,64.0,5436.0
1529.755769,1,1,1,0,1,47.0,0.0
1529.8367535,6,1,1,0,1,45.0,0.0
1529.875847,1,15,35,13,290,64.0,5469.0
1529.8810655,3,1,1,0,1,45.0,0.0
1529.8821155,3,1,1,0,1,45.0,0.0
1529.922999,1,5,23,17,129,79.0,44719.0
1529.9817865,3,1,2,0,4,49.0,7.725
1530.000058,1,1,1,0,1,45.0,0.0
1530.072564,1,2,1,0,3,47.0,13.295
1530.1588815,6,1,1,0,1,45.0,0.0
1530.2576855,6,2,1,0,3,46.0,7.46
1530.273656,1,4,1,0,5,48.0,40.646
1530.393168,1,2,1,0,3,49.0,14.19
1530.5631145,3,1,1,0,1,45.0,0.0
1530.563132,1,1,1,0,1,48.0,0.0
1530.5971475,6,1,1,0,5,47.0,13.653
1530.612729,1,4,4,0,39,57.0,215.138
1530.62708,1,1,2,0,1,50.0,0.0
1530.680415,5,1,3,0,1,52.0,0.0
1530.6982185,6,2,1,0,2,45.0,7.374
1530.7112255,6,1,1,0,1,45.0,0.0
1530.7189365,6,1,2,0,1,47.0,0.0
1530.7738795,6,1,3,0,6,55.0,54.963
1530.799819,1,2,1,0,2,45.0,3.435
1530.8077365,6,1,1,0,1,46.0,0.0
1531.3955075,3,1,1,0,5,47.0,11.452
1531.4295525,6,1,1,0,1,45.0,0.0
1531.4405465,3,1,7,1,117,49.0,169.056
1531.4497075,3,1,2,0,9,50.0,38.424
1531.549248,1,1,1,0,1,45.0,0.0
1531.579609,1,3,10,3,64,64.0,2186.0
1531.625361,1,1,1,0,1,47.0,0.0
1531.6394335,6,2,1,0,2,45.0,4.562
1531.6497335,3,1,2,0,1,45.0,0.0
1531.788523,1,1,2,0,1,47.0,0.0
1531.839256,1,1,1,0,1,45.0,0.0
1531.8587565,6,1,2,0,1,47.0,0.0
1531.8625295,6,1,1,0,1,45.0,0.0
1531.8922875,3,1,1,0,1,45.0,0.0
1531.8978535,6,1,1,0,1,45.0,0.0
1531.9240695,6,1,1,0,1,45.0,0.0
1532.018823,1,1,1,0,1,45.0,0.0
1532.0748655,6,1,1,0,1,46.0,0.0
1532.1260215,3,1,1,0,1,45.0,0.0
1532.132959,1,1,1,0,1,48.0,0.0
1532.244563,1,1,2,0,1,48.0,0.0
1532.363952,1,1,1,0,1,45.0,0.0
1532.415735,1,15,36,12,294,63.0,4934.0
1532.4557075,6,1,1,0,1,45.0,0.0
1532.4594515,3,1,1,0,1,45.0,0.0
1532.4811705,6,1,1,0,1,45.0,0.0
1532.4889625,3,1,3,0,14,51.0,86.486
1532.5207415,6,9,9,2,40,65.0,2571.0
1532.5207835,3,1,1,0,1,46.0,0.0
1532.520811,1,1,2,0,1,47.0,0.0
1532.5749175,6,1,1,0,1,45.0,0.0
1532.5758015,3,1,5,0,11,54.0,117.271
1532.575831,2,1,3,0,1,52.0,0.0
1532.586364,1,1,1,0,1,48.0,0.0
1532.593139,1,1,1,0,1,45.0,0.0
1532.607642,1,12,35,12,294,63.0,4899.0
1532.649508,1,2,3,0,3,48.0,13.351
1532.7374025,3,2,2,0,3,51.0,18.593
1532.7802225,3,1,2,0,5,48.0,19.451
1532.799129,1,12,36,12,294,63.0,4830.0
1532.804666,1,2,1,0,3,45.0,6.705
1532.8296185,6,1,1,0,1,45.0,0.0
1532.901721,1,1,2,0,1,49.0,0.0
1532.990822,1,6,34,12,252,63.0,4643.0
1533.0106025,6,1,1,0,1,45.0,0.0
1533.0159055,3,1,1,0,1,45.0,0.0
1533.141449,2,1,1,0,1,50.0,0.0
1533.256918,1,2,9,4,76,69.0,2800.0
1533.2797865,6,1,1,0,1,46.0,0.0
1533.3546525,6,14,21,6,191,65.0,1847.0
1533.3546655,3,1,9,2,151,53.0,378.225
1533.634138,1,1,1,0,1,45.0,0.0
1533.703697,1,2,2,0,5,54.0,67.916
1533.7086435,6,2,3,0,16,51.0,60.679
1533.710085,1,1,2,0,1,50.0,0.0
1533.7269465,6,2,3,0,19,61.0,474.827
1533.730426,1,3,3,0,4,51.0,26.543
1533.799198,1,1,1,0,1,47.0,0.0
1533.812591,5,1,1,0,1,47.0,0.0
1533.8429435,6,1,3,0,1,48.0,0.0
1533.8429455,3,1,2,0,8,49.0,26.668
1533.885579,5,2,5,0,6,55.0,94.17
1533.924482,1,1,1,0,1,47.0,0.0
1533.9449665,6,1,1,0,1,48.0,0.0
1533.9737705,6,1,1,0,5,57.0,86.913
1534.018075,5,1,5,0,6,56.0,79.973
1534.0180985,6,2,4,0,7,48.0,23.077
1534.6149415,3,7,2,0,9,52.0,67.046
1534.6150205,6,1,1,0,1,45.0,0.0
1534.6528855,6,1,1,0,1,45.0,0.0
1534.65712,1,1,2,0,4,46.0,10.793
1534.7016975,3,1,1,0,1,45.0,0.0
1534.736467,1,2,13,4,118,67.0,2389.0
1534.7453535,3,4,2,0,10,52.0,46.443
1534.745371,1,1,1,0,1,48.0,0.0
1534.7453885,6,1,1,0,1,46.0,0.0
1534.8161525,6,2,2,0,2,47.0,4.305
1534.8195875,6,1,2,0,1,46.0,0.0
1534.835329,1,1,1,0,1,46.0,0.0
1534.8392025,3,3,5,0,26,53.0,144.64
1534.8653785,6,1,1,0,1,45.0,0.0
1534.866169,5,4,21,8,138,68.0,6652.0
1534.8661925,3,1,8,1,124,52.0,218.563
1534.9082095,6,1,2,0,1,46.0,0.0
1534.9199675,6,1,1,0,1,45.0,0.0
1534.9322405,6,1,1,0,1,46.0,0.0
1534.936694,1,1,1,0,1,47.0,0.0
1534.9464345,6,1,2,0,1,47.0,0.0
1534.96933,1,2,1,0,3,47.0,9.267
1534.984573,1,4,7,2,39,64.0,1246.0
1535.0788985,6,1,1,0,1,45.0,0.0
1535.0845865,3,2,4,0,37,50.0,75.327
1535.169601,1,1,2,0,1,45.0,0.0
1535.1749205,6,1,1,0,1,45.0,0.0
1535.202303,1,4,2,0,5,49.0,24.793
1535.218098,1,1,1,0,1,46.0,0.0
1535.227949,5,12,20,7,170,66.0,3741.0
1535.2279635,6,13,14,4,122,63.0,1305.0
1535.2279755,3,1,8,1,83,54.0,245.088
1535.2607435,6,1,1,0,1,45.0,0.0
1535.275923,1,1,3,0,36,49.0,64.9
1535.275936,2,1,3,0,1,51.0,0.0
1535.310539,1,1,2,0,1,48.0,0.0
1535.3521965,6,1,1,0,7,46.0,11.859
1535.374035,1,2,2,0,37,48.0,46.765
1535.4549165,6,1,1,0,1,45.0,0.0
1535.498835,1,1,1,0,1,46.0,0.0
1535.5598915,6,2,1,0,2,45.0,3.665
1535.574766,1,1,1,0,1,48.0,0.0
1535.589766,1,15,33,11,292,63.0,4132.0
1535.595014,1,2,1,0,3,46.0,8.067
1535.781331,1,15,34,11,292,63.0,4070.0
1535.8591695,3,1,3,0,4,50.0,8.339
1535.8591905,6,1,4,0,1,47.0,0.0
1535.864682,1,1,1,0,1,45.0,0.0
1535.928598,1,3,31,17,174,78.0,29633.0
1535.9286235,3,1,3,0,6,54.0,56.26
1535.963182,1,3,3,0,5,47.0,32.043
1535.973004,1,15,35,11,292,63.0,4015.0
1535.9860215,3,1,2,0,4,52.0,28.608
1535.986027,1,1,3,0,1,48.0,0.0
1536.009943,1,1,2,0,1,48.0,0.0
1536.066285,1,12,31,9,242,63.0,2884.0
1536.084423,1,1,1,0,1,48.0,0.0
1536.103412,1,2,3,0,30,47.0,44.762
1536.1435365,3,1,1,0,1,45.0,0.0
1536.143543,1,1,3,0,22,49.0,60.591
1536.166344,1,3,81,138,679,95.0,1404000.0
1536.166359,2,23,29,15,153,69.0,10923.0
1536.1663755,6,3,59,20,682,65.0,6054.0
1536.174937,1,2,1,0,3,46.0,10.263
1536.2128335,6,1,1,0,1,45.0,0.0
1536.2528305,6,1,1,0,1,45.0,0.0
1536.2666395,6,1,1,0,1,46.0,0.0
1536.2799165,3,1,2,0,5,50.0,22.378
1536.2799905,6,1,2,0,1,46.0,0.0
1536.3018595,3,1,2,0,1,47.0,0.0
1536.346791,1,1,2,0,35,47.0,34.613
1536.4209115,6,1,1,0,1,45.0,0.0
1536.4561745,3,2,1,0,5,47.0,12.338
1536.459895,1,7,19,8,137,67.0,5734.0
1536.4666345,6,1,1,0,1,45.0,0.0
1536.4716165,6,1,1,0,1,45.0,0.0
1536.552384,1,3,17,5,148,68.0,2758.0
1536.5523975,3,2,9,2,94,52.0,281.793
1536.5762465,6,1,1,0,1,45.0,0.0
1536.5774685,6,1,1,0,1,47.0,0.0
1536.5898535,6,1,1,0,1,46.0,0.0
1536.5908005,3,1,1,0,1,45.0,0.0
1536.5990455,6,1,1,0,1,45.0,0.0
1536.6989995,6,1,1,0,1,45.0,0.0
1536.7440035,6,2,1,0,3,46.0,13.15
1536.826715,2,1,1,0,1,50.0,0.0
1536.856709,1,1,1,0,1,45.0,0.0
1536.8567115,6,1,1,0,1,45.0,0.0
1536.8660045,6,1,1,0,1,45.0,0.0
1536.871708,1,3,3,0,37,49.0,88.3
1536.87812,1,2,2,0,7,47.0,26.698
1536.895822,5,1,4,0,38,52.0,130.121
1536.8958475,6,1,1,0,1,45.0,0.0
1536.90759,1,1,1,0,1,45.0,0.0
1536.9130085,6,2,2,0,11,55.0,72.803
1536.9305305,6,2,1,0,2,45.0,10.07
1536.955844,5,3,25,8,205,64.0,3177.0
1536.9558445,3,1,11,3,150,59.0,601.145
1536.955845,1,32,33,8,191,60.0,2522.0
1536.9558535,6,11,23,7,176,66.0,3075.0
1536.955859,2,23,17,8,197,63.0,2589.0
1536.995498,1,2,2,0,4,47.0,12.139
1537.000165,1,4,5,1,44,58.0,304.8
1537.018476,5,3,2,0,6,48.0,30.126
1537.052052,1,2,28,11,164,70.0,7660.0
1537.05206,2,37,15,5,87,61.0,1851.0
1537.0520645,3,3,13,3,114,58.0,649.82
1537.0520725,6,7,16,4,135,60.0,1002.0
1537.052077,5,30,22,4,131,56.0,1086.0
1537.052863,5,2,3,0,2,50.0,6.108
1537.0617095,6,1,1,0,1,45.0,0.0
1537.1078755,6,2,5,0,34,53.0,105.133
1537.107881,1,1,3,0,1,48.0,0.0
1537.107883,5,1,10,1,82,51.0,188.504
1537.1078865,3,1,1,0,1,45.0,0.0
1537.120426,1,1,1,0,1,45.0,0.0
1537.1250645,6,1,1,0,1,45.0,0.0
1537.1339885,6,1,2,0,10,56.0,98.61
1537.134015,1,1,3,0,1,47.0,0.0
1537.780471,1,1,1,0,1,47.0,0.0
1537.8246435,3,1,4,0,12,50.0,57.137
1537.899503,1,1,1,0,1,45.0,0.0
1538.0816515,6,1,1,0,1,46.0,0.0
1538.1169445,6,2,1,0,2,45.0,9.263
1538.116962,2,1,2,0,1,52.0,0.0
1538.1701465,6,1,1,0,1,45.0,0.0
1538.211969,1,1,1,0,1,45.0,0.0
1538.255799,1,4,18,5,133,70.0,3413.0
1538.2791575,3,1,1,0,4,47.0,9.377
1538.3805685,6,1,1,0,4,47.0,10.175
1538.39654,1,1,1,0,1,49.0,0.0
1538.3969555,3,1,1,0,1,45.0,0.0
1538.426156,1,2,2,0,3,48.0,12.502
1538.5523815,3,1,1,0,1,47.0,0.0
1538.6070115,3,1,1,0,1,45.0,0.0
1538.6070505,6,1,1,0,1,45.0,0.0
1538.733367,2,1,1,0,1,50.0,0.0
1538.776505,1,6,37,10,254,63.0,3284.0
1538.8325635,6,1,1,0,1,46.0,0.0
1538.8379345,6,1,2,0,4,47.0,9.735
1538.888413,1,1,1,0,1,47.0,0.0
1538.931623,1,4,11,3,52,67.0,3042.0
1538.96838,1,6,38,10,254,63.0,3255.0
1538.9705615,6,1,1,0,1,45.0,0.0
1538.996022,1,1,1,0,1,48.0,0.0
1539.0109395,6,1,1,0,1,45.0,0.0
1539.159867,1,8,36,10,251,63.0,3268.0
1539.2293315,6,1,2,0,1,47.0,0.0
1539.236116,1,1,4,0,1,48.0,0.0
1539.2361365,3,1,1,0,1,45.0,0.0
1539.25087,5,2,25,25,231,82.0,71221.0
1539.2508995,3,37,10,2,81,53.0,284.424
1539.2611125,6,2,10,3,138,62.0,788.261
1539.2611435,3,1,3,0,14,48.0,36.838
1539.2733505,6,1,3,0,1,47.0,0.0
1539.3188655,3,2,1,0,47,47.0,40.472
1539.318874,2,2,3,0,2,52.0,11.835
1539.327804,1,1,1,0,1,45.0,0.0
1539.352348,1,8,36,10,254,63.0,3259.0
1539.391814,1,1,1,0,1,45.0,0.0
1539.422948,1,2,1,0,5,49.0,23.904
1539.4265465,6,1,6,2,29,67.0,1481.0
1539.4531035,6,1,1,0,1,45.0,0.0
1539.459542,1,2,9,4,64,71.0,3884.0
1539.4969035,6,1,2,0,1,47.0,0.0
1539.5356315,6,1,1,0,4,46.0,7.803
1539.5425285,6,1,4,1,21,61.0,450.51
1539.542554,1,1,3,0,1,49.0,0.0
1539.5425615,3,1,1,0,1,46.0,0.0
1539.5484865,6,1,1,0,1,45.0,0.0
1539.5541585,3,1,9,1,92,51.0,223.351
1539.6012885,6,1,1,0,1,45.0,0.0
1539.7824595,3,1,1,0,1,45.0,0.0
1539.7876895,6,1,1,0,1,45.0,0.0
1539.788577,2,1,1,0,1,51.0,0.0
1539.7988175,6,1,2,0,1,46.0,0.0
1539.817638,1,2,1,0,33,48.0,38.964
1539.9315405,6,1,3,0,41,47.0,58.551
1539.9840795,6,1,1,0,1,45.0,0.0
1540.02545,1,1,1,0,1,45.0,0.0
1540.0304995,6,2,1,0,2,47.0,7.667
1540.0361615,6,1,1,0,1,45.0,0.0
1540.0939655,6,1,1,0,1,48.0,0.0
1540.105886,1,2,1,0,2,51.0,7.71
1540.1058965,3,1,2,0,4,48.0,11.178
1540.1059125,6,1,2,0,4,50.0,13.039
1540.1106885,6,18,5,1,21,63.0,692.528
1540.1450315,6,1,3,0,17,56.0,92.104
1540.145838,5,2,4,0,6,50.0,43.147
1540.1585855,6,2,4,1,24,62.0,452.12
1540.2333525,6,1,2,0,1,46.0,0.0
1540.242038,1,6,8,1,79,51.0,171.995
1540.2420395,3,1,5,0,21,53.0,176.361
1540.2420425,6,1,8,1,94,52.0,172.14
1540.242061,5,2,3,0,2,48.0,5.237
1540.244895,1,7,40,19,241,75.0,19300.0
1540.244896,2,38,27,13,230,63.0,5890.0
1540.244905,5,27,35,11,229,62.0,4574.0
1540.2449095,3,15,17,4,169,59.0,890.711
1540.2449185,6,2,26,8,195,65.0,3097.0
1540.244941,4,1,3,0,1,50.0,0.0
1540.2801565,3,1,1,0,4,46.0,9.936
1540.280158,5,2,1,0,3,48.0,12.451
1540.301234,5,3,3,0,20,50.0,68.3
1540.301284,1,1,1,0,1,45.0,0.0
1540.3101035,6,1,1,0,1,45.0,0.0
1540.9106865,3,2,4,0,14,54.0,120.752
1540.910701,1,1,1,0,1,45.0,0.0
1540.9438025,6,1,1,0,1,45.0,0.0
1540.9494015,6,1,1,0,4,47.0,9.584
1540.9510825,6,1,1,0,1,45.0,0.0
1540.962376,1,3,15,4,92,69.0,3122.0
1540.972973,1,1,1,0,1,47.0,0.0
1541.0161235,6,1,1,0,1,46.0,0.0
1541.0265655,6,1,1,0,1,45.0,0.0
1541.0832955,3,1,1,0,1,45.0,0.0
1541.1191465,6,1,1,0,1,45.0,0.0
1541.1215305,6,1,4,1,24,63.0,526.436
1541.124415,1,2,1,0,3,49.0,16.499
1541.1422615,6,8,10,3,54,65.0,1868.0
1541.1422805,3,2,3,0,5,53.0,36.248
1541.1539965,6,1,1,0,1,45.0,0.0
1541.2131025,6,1,1,0,1,45.0,0.0
1541.280617,1,2,1,0,2,45.0,3.352
1541.3571595,6,1,1,0,1,45.0,0.0
1541.3726465,6,1,1,0,1,45.0,0.0
1541.373724,2,1,2,0,1,51.0,0.0
1541.398401,1,1,1,0,1,45.0,0.0
1541.4732095,6,1,2,0,1,46.0,0.0
1541.473243,1,2,1,0,2,48.0,7.169
1541.473997,1,1,1,0,1,45.0,0.0
1541.4851375,6,1,2,0,1,45.0,0.0
1541.5159025,6,1,1,0,1,45.0,0.0
1541.5184435,6,1,2,0,1,45.0,0.0
1541.5219195,6,1,1,0,1,47.0,0.0
1541.6171525,6,2,2,0,2,47.0,5.098
1541.6434135,3,1,1,0,1,45.0,0.0
1541.651014,1,4,7,2,61,63.0,1292.0
1541.661776,1,1,1,0,1,49.0,0.0
1541.6634725,6,1,1,0,1,45.0,0.0
1541.6657205,3,2,4,0,8,54.0,80.046
1541.6834465,6,2,2,0,2,47.0,8.226
1541.687442,1,1,2,0,22,48.0,50.418
1541.714717,1,1,1,0,4,46.0,8.581
1541.7539705,3,1,1,0,1,45.0,0.0
1541.791469,2,2,3,0,2,51.0,20.878
1541.9119585,3,1,6,1,81,53.0,181.057
1541.916637,1,5,19,12,142,75.0,18698.0
1541.921751,1,2,13,5,64,70.0,5145.0
1541.96852,1,8,37,9,252,63.0,2827.0
1542.0095105,6,1,1,0,1,45.0,0.0
1542.116238,1,1,1,0,1,45.0,0.0
1542.1281775,6,1,1,0,1,45.0,0.0
1542.1591015,3,3,2,0,11,53.0,85.129
1542.161155,1,8,35,9,246,63.0,2790.0
1542.1859635,3,1,1,0,1,45.0,0.0
1542.1883975,3,1,1,0,1,45.0,0.0
1542.1917445,6,1,1,0,1,45.0,0.0
1542.2539435,6,1,1,0,1,45.0,0.0
1542.272638,2,1,1,0,1,50.0,0.0
1542.303498,1,5,12,4,66,67.0,2829.0
1542.317749,1,2,2,0,3,49.0,14.19
1542.343845,1,1,2,0,1,47.0,0.0
1542.3495805,6,2,1,0,2,46.0,6.07
1542.35279,1,1,37,9,255,63.0,2778.0
1542.3730035,3,1,1,0,1,45.0,0.0
1542.37301,1,1,1,0,1,46.0,0.0
1542.382487,1,1,1,0,1,45.0,0.0
1542.432623,1,1,1,0,1,45.0,0.0
1542.4339145,6,1,1,0,1,45.0,0.0
1542.4446285,3,1,1,0,1,45.0,0.0
1542.537082,1,2,36,39,222,83.0,157937.0
1542.5370995,3,1,6,0,24,52.0,107.283
1542.544671,1,6,37,9,255,63.0,2746.0
1542.559864,1,2,12,3,53,67.0,2395.0
1542.5664455,3,1,2,0,11,48.0,31.396
1542.5852335,6,1,1,0,1,45.0,0.0
1542.644829,1,4,9,2,67,65.0,1391.0
1542.673236,1,2,7,1,61,49.0,128.59
1542.732205,1,2,3,0,5,47.0,21.526
1542.7322155,3,2,1,0,2,45.0,4.025
1542.73223,2,1,1,0,1,50.0,0.0
1542.7646735,3,1,2,0,44,52.0,72.37
1542.79242,1,1,1,0,1,45.0,0.0
1542.8195485,3,1,1,0,1,45.0,0.0
1542.8383485,6,1,1,0,1,47.0,0.0
1542.8836635,6,1,1,0,1,45.0,0.0
1543.019426,1,1,1,0,1,45.0,0.0
1543.0656185,6,1,1,0,1,45.0,0.0
1543.198793,1,1,13,2,91,53.0,385.411
1543.198801,2,1,8,2,65,56.0,404.486
1543.198802,5,1,11,2,125,57.0,391.765
1543.1988045,3,14,10,3,202,58.0,658.075
1543.1988065,6,2,18,4,141,58.0,981.39
1543.204957,5,2,8,1,44,62.0,776.952
1543.204968,1,2,5,0,35,50.0,94.861
1543.2049725,3,15,4,1,85,50.0,112.988
1543.2049775,6,2,10,2,111,55.0,315.01
1543.2109825,6,2,4,0,12,49.0,37.572
1543.210991,5,2,3,0,3,48.0,14.513
1543.2397045,6,2,1,0,3,50.0,30.515
1543.2589695,6,1,1,0,1,45.0,0.0
1543.2606015,3,2,1,0,3,49.0,22.615
1543.268987,1,2,1,0,3,49.0,15.12
1543.280162,5,2,3,0,23,52.0,104.505
1543.283427,5,3,9,0,17,54.0,187.295
1543.283453,1,3,1,0,4,48.0,15.24
1543.2853835,6,2,2,0,10,47.0,28.819
1543.2886565,6,1,7,0,21,57.0,155.163
1543.288657,1,2,5,0,25,50.0,53.775
1543.288665,5,2,4,1,76,52.0,190.466
1543.2915015,6,2,1,0,3,50.0,20.923
1543.3025915,6,1,1,0,1,45.0,0.0
1543.328396,1,1,4,0,38,53.0,155.914
1543.3284175,6,1,2,0,4,48.0,12.549
1543.328445,5,1,1,0,1,45.0,0.0
1543.3397505,3,1,1,0,1,45.0,0.0
1543.370198,1,3,3,0,9,58.0,193.941
1543.3718395,6,1,1,0,1,45.0,0.0
1543.371865,5,2,2,0,2,46.0,3.903
1543.3888065,6,2,1,0,2,47.0,5.377
1543.9629235,3,1,1,0,1,45.0,0.0
1544.0043745,6,2,2,0,3,47.0,16.257
1544.0125565,6,1,1,0,1,46.0,0.0
1544.0149105,3,1,1,0,5,49.0,18.304
1544.014931,1,1,2,0,1,47.0,0.0
1544.0229395,6,2,2,0,2,46.0,18.707
1544.0442645,6,1,2,0,4,47.0,11.01
1544.061637,1,2,2,0,12,49.0,42.45
1544.0748335,3,1,2,0,9,50.0,35.562
1544.074858,2,1,1,0,1,51.0,0.0
1544.1021495,6,1,1,0,1,46.0,0.0
1544.1174355,3,1,1,0,1,45.0,0.0
1544.1214905,3,1,1,0,4,46.0,11.945
1544.1226945,6,5,31,11,217,64.0,4970.0
1544.122696,1,34,33,11,206,64.0,5082.0
1544.122701,2,25,28,15,191,68.0,9208.0
1544.1878905,3,1,1,0,1,45.0,0.0
1544.191105,1,1,1,0,1,45.0,0.0
1544.2000955,3,1,2,0,7,52.0,48.72
1544.20012,2,1,1,0,1,50.0,0.0
1544.200153,1,1,1,0,1,47.0,0.0
1544.227147,1,1,1,0,1,45.0,0.0
1544.259574,1,2,1,0,3,47.0,14.964
1544.2689295,6,1,1,0,12,46.0,17.889
1544.2856335,3,1,1,0,1,45.0,0.0
1544.324137,1,2,1,0,2,45.0,4.025
1544.330639,1,2,2,0,33,47.0,62.423
1544.3321035,6,2,1,0,5,47.0,13.944
1544.3684925,3,1,1,0,1,45.0,0.0
1544.4342845,6,1,2,0,4,46.0,8.467
1544.443879,1,1,3,0,1,49.0,0.0
1544.4527925,3,1,1,0,1,45.0,0.0
1544.468966,1,1,1,0,1,46.0,0.0
1544.4792915,3,1,3,0,9,54.0,97.302
1544.479298,2,1,2,0,6,51.0,42.28
1544.4833915,6,3,14,7,112,70.0,9373.0
1544.5437135,6,2,1,0,2,45.0,4.179
1544.580941,1,2,1,0,3,49.0,12.759
1544.6126595,6,3,28,18,210,80.0,49173.0
1544.6781435,3,2,4,0,42,53.0,129.431
1544.711809,1,14,33,11,206,67.0,5559.0
1544.7118305,6,2,22,7,240,63.0,2273.0
1544.7313475,6,3,8,3,230,65.0,1297.0
1544.731368,1,1,1,0,1,45.0,0.0
1544.7992005,6,1,1,0,1,45.0,0.0
1544.822841,1,2,1,0,2,45.0,16.655
1544.8494655,6,1,1,0,1,45.0,0.0
1544.871415,1,1,9,0,13,49.0,32.17
1544.8714235,3,1,3,0,1,48.0,0.0
1544.8762955,6,2,1,0,4,47.0,13.675
1544.9028075,6,1,2,0,5,47.0,12.209
1544.9517485,3,1,2,0,1,45.0,0.0
1544.975869,5,5,34,11,170,68.0,5382.0
1544.9758745,6,30,24,7,162,65.0,2884.0
1544.986888,1,1,7,1,40,63.0,943.191
1545.0033295,6,2,6,2,35,69.0,2020.0
1545.0415115,3,1,2,0,8,48.0,23.546
1545.0844975,6,1,1,0,1,45.0,0.0
1545.108337,1,8,30,9,291,64.0,2653.0
1545.1163585,6,2,2,0,4,47.0,19.003
1545.2400675,6,1,1,0,1,45.0,0.0
1545.2771675,6,1,1,0,1,45.0,0.0
1545.2807315,6,2,5,2,24,65.0,1472.0
1545.299976,1,8,31,9,289,63.0,2637.0
1545.3135165,3,1,2,0,1,46.0,0.0
1545.491873,1,1,31,9,295,63.0,2655.0
1545.540487,1,1,1,0,1,46.0,0.0
1545.5416755,6,2,9,3,24,64.0,2400.0
1545.5668995,6,2,1,0,2,45.0,7.374
1545.5908165,3,1,2,0,1,47.0,0.0
1545.600028,1,1,2,0,1,47.0,0.0
1545.6193545,3,1,2,0,8,47.0,18.356
1545.6316145,6,1,1,0,1,46.0,0.0
1545.6497105,6,1,1,0,1,45.0,0.0
1545.683365,1,9,30,9,292,64.0,2648.0
1545.712753,1,1,3,0,4,48.0,10.843
1545.7158725,6,1,1,0,1,47.0,0.0
1545.7351835,6,1,2,0,1,45.0,0.0
1545.7464565,6,3,4,1,25,63.0,545.959
1545.798095,1,1,1,0,1,45.0,0.0
1545.873645,1,2,8,2,47,63.0,961.242
1545.9279685,3,1,5,0,47,53.0,131.493
1545.971344,1,2,35,10,280,63.0,3218.0
1545.9713465,6,14,29,12,261,64.0,5219.0
1545.9907635,6,2,1,0,2,45.0,7.837
1546.0048945,6,1,1,0,1,45.0,0.0
1546.020732,1,1,4,0,28,47.0,57.837
1546.0207555,3,1,1,0,1,45.0,0.0
1546.025131,1,1,1,0,1,45.0,0.0
1546.0291505,6,1,1,0,1,45.0,0.0
1546.095106,1,1,2,0,1,47.0,0.0
1546.095116,2,1,1,0,1,52.0,0.0
1546.0973065,6,1,1,0,1,45.0,0.0
1546.1078345,6,6,15,4,126,65.0,1956.0
1546.1078425,3,3,8,1,99,52.0,246.189
1546.1189235,6,1,1,0,1,45.0,0.0
1546.1263765,6,1,1,0,1,45.0,0.0
1546.1566665,3,1,1,0,1,45.0,0.0
1546.1618425,3,1,2,0,1,45.0,0.0
1546.161855,1,2,3,0,3,49.0,12.669
1546.1618615,6,1,2,0,1,46.0,0.0
1546.1807355,3,1,3,0,9,53.0,76.24
1546.255612,1,1,1,0,1,45.0,0.0
1546.292163,5,2,4,0,25,50.0,38.339
1546.2921665,6,1,4,0,45,49.0,70.671
1546.29217,1,1,3,0,24,48.0,40.792
1546.2922135,3,1,1,0,1,45.0,0.0
1546.3008945,6,1,1,0,1,45.0,0.0
1546.310975,1,1,2,0,1,48.0,0.0
1546.315864,1,1,4,0,11,52.0,82.927
1546.326189,5,1,2,0,1,48.0,0.0
1546.3407085,6,6,7,1,38,59.0,403.777
1546.34072,1,1,1,0,1,46.0,0.0
1546.340727,5,2,6,0,5,51.0,15.355
1546.3407425,3,1,2,0,5,52.0,28.613
1546.344365,1,1,2,0,15,47.0,20.55
1546.35018,1,1,1,0,1,45.0,0.0
1546.3524605,6,1,1,0,1,45.0,0.0
1546.358767,1,2,2,0,3,56.0,82.915
1546.3919315,6,1,2,0,7,52.0,38.521
1546.40478,1,2,1,0,7,51.0,39.771
1546.428565,1,4,3,0,8,49.0,36.38
1546.4285905,6,7,2,0,14,56.0,100.803
1546.428615,5,7,4,0,12,51.0,92.862
1546.4392005,6,1,13,2,86,52.0,283.675
1546.439205,5,4,10,1,61,55.0,400.498
1546.439212,1,1,10,1,91,52.0,216.862
1546.4420005,6,1,1,0,1,45.0,0.0
1547.019412,2,1,1,0,1,50.0,0.0
1547.0281755,6,1,1,0,1,45.0,0.0
1547.077298,1,1,1,0,1,47.0,0.0
1547.091296,1,1,2,0,1,48.0,0.0
1547.1034035,6,25,20,6,162,61.0,1835.0
1547.16787,1,1,1,0,1,45.0,0.0
1547.185568,1,1,1,0,1,49.0,0.0
1547.2130235,3,1,1,0,18,50.0,24.523
1547.213078,1,1,1,0,1,45.0,0.0
1547.2142155,6,1,1,0,1,46.0,0.0
1547.225657,1,2,1,0,2,45.0,3.55
1547.303249,5,4,33,10,194,66.0,5026.0
1547.3032555,6,11,24,9,180,67.0,4974.0
1547.3049035,6,1,1,0,1,45.0,0.0
1547.3574215,3,1,4,0,62,50.0,77.953
1547.4928055,3,1,2,0,4,49.0,14.876
1547.5286935,3,1,2,0,1,46.0,0.0
1547.561362,1,1,1,0,1,46.0,0.0
1547.5683155,6,1,1,0,1,45.0,0.0
1547.5737865,3,2,2,0,3,49.0,12.849
1547.597076,1,1,1,0,1,45.0,0.0
1547.6007125,3,1,15,4,236,53.0,539.487
1547.6007135,6,138,21,6,178,63.0,1841.0
1547.6137475,3,2,2,0,5,51.0,31.929
1547.6397545,6,3,27,10,185,73.0,10107.0
1547.6518305,6,1,1,0,1,46.0,0.0
1547.6621785,6,1,1,0,1,45.0,0.0
1547.6657305,3,1,10,2,107,53.0,363.713
1547.6726585,6,1,2,0,1,47.0,0.0
1547.679678,1,1,1,0,1,46.0,0.0
1547.6839075,6,11,11,2,58,62.0,745.327
1547.6839365,3,8,4,0,21,51.0,95.273
1547.6876585,3,1,2,0,5,50.0,20.538
1547.687752,1,1,1,0,1,45.0,0.0
1547.6926205,6,2,1,0,2,47.0,4.055
1547.7114555,3,1,1,0,1,45.0,0.0
1547.7114875,6,1,2,0,1,46.0,0.0
1547.755233,1,1,1,0,1,49.0,0.0
1547.7618145,3,1,1,0,1,45.0,0.0
1547.7643865,6,1,1,0,1,45.0,0.0
1547.7652625,3,2,1,0,2,45.0,3.933
1547.768869,1,1,1,0,1,45.0,0.0
1547.774406,1,2,1,0,3,46.0,8.096
1547.8456905,6,1,1,0,1,47.0,0.0
1547.949857,1,1,2,0,1,47.0,0.0
1547.950948,1,1,1,0,1,45.0,0.0
1547.958906,5,4,12,3,40,66.0,2620.0
1547.9589775,3,1,1,0,1,45.0,0.0
1547.9717935,6,1,2,0,18,46.0,20.6
1547.9845925,6,1,1,0,1,45.0,0.0
1547.9935255,6,1,1,0,1,45.0,0.0
1548.0022445,6,2,1,0,2,47.0,15.977
1548.011972,1,1,5,0,65,49.0,81.984
1548.0119845,3,1,4,0,23,50.0,77.979
1548.0672795,6,1,1,0,1,45.0,0.0
1548.097438,1,1,1,0,1,45.0,0.0
1548.1353775,3,1,1,0,1,45.0,0.0
1548.1789625,3,1,5,1,50,52.0,128.182
1548.180574,1,5,29,8,239,63.0,2649.0
1548.184211,1,20,29,8,181,64.0,2948.0
1548.1842155,6,43,21,5,131,61.0,1309.0
1548.1896975,3,1,4,1,163,48.0,86.54
1548.190732,1,1,1,0,1,45.0,0.0
1548.2295995,6,2,2,0,4,47.0,21.54
1548.238005,1,1,1,0,1,49.0,0.0
1548.2380285,3,1,1,0,1,45.0,0.0
1548.257526,1,2,9,4,67,70.0,4481.0
1548.2722835,3,1,2,0,8,48.0,23.528
1548.310458,1,1,2,0,21,46.0,18.912
1548.3352435,6,1,1,0,1,45.0,0.0
1548.336519,5,39,32,13,183,66.0,7955.0
1548.3365255,6,7,20,7,148,63.0,2953.0
1548.33654,1,11,29,10,313,65.0,4191.0
1548.3693945,6,2,1,0,2,45.0,28.757
1548.374311,1,6,30,8,291,64.0,2627.0
1548.4063745,3,2,2,0,5,49.0,14.875
1548.408062,1,1,2,0,1,46.0,0.0
1548.415237,1,1,1,0,1,45.0,0.0
1548.4268455,6,1,1,0,1,45.0,0.0
1548.4394325,6,2,2,0,2,47.0,7.169
1548.442629,1,1,1,0,1,45.0,0.0
1548.4426515,3,1,1,0,1,45.0,0.0
1548.4741775,6,1,1,0,1,46.0,0.0
1548.4777795,3,1,5,1,71,48.0,106.388
1548.515552,2,1,1,0,1,50.0,0.0
1548.525386,1,1,1,0,1,45.0,0.0
1548.5262945,3,1,1,0,1,45.0,0.0
1548.532262,2,1,2,0,1,52.0,0.0
1548.532277,1,1,3,0,1,48.0,0.0
1548.5568415,6,2,2,0,2,47.0,4.562
1548.565818,1,5,30,8,291,63.0,2741.0
1548.57472,5,2,9,2,31,66.0,1963.0
1548.5908835,3,1,2,0,13,46.0,22.531
1548.59091,2,1,1,0,1,51.0,0.0
1548.6123415,6,1,2,0,1,45.0,0.0
1548.616768,1,1,1,0,1,45.0,0.0
1548.6235185,6,1,1,0,1,47.0,0.0
1548.638543,1,1,2,0,1,46.0,0.0
1548.6569365,6,1,1,0,4,47.0,10.302
1548.6681735,3,3,4,0,5,52.0,40.974
1548.7086175,3,1,2,0,4,50.0,18.978
1548.7086425,6,1,1,0,1,45.0,0.0
1548.7286255,6,1,2,0,4,46.0,9.401
1548.73252,5,8,34,24,193,76.0,44718.0
1548.7325395,6,10,28,9,186,69.0,5311.0
1548.7465625,3,3,2,0,8,52.0,56.594
1548.748994,1,2,1,0,2,45.0,4.025
1548.7504645,3,1,1,0,1,45.0,0.0
1548.757431,1,6,29,8,236,64.0,2602.0
1548.7701895,3,1,1,0,1,45.0,0.0
1548.8143685,3,1,1,0,4,49.0,16.148
1548.8404885,6,1,1,0,1,45.0,0.0
1548.841063,1,1,1,0,1,46.0,0.0
1548.8749235,3,1,1,0,1,45.0,0.0
1548.8813855,6,3,9,2,47,63.0,814.086
1548.8814155,3,1,2,0,4,48.0,9.924
1548.891299,5,4,17,7,179,66.0,3035.0
1548.9197405,6,1,1,0,1,45.0,0.0
1548.9210845,6,1,1,0,1,45.0,0.0
1548.9232245,6,2,5,1,23,65.0,1257.0
1548.9335195,6,1,3,0,4,47.0,10.473
1548.933563,1,1,1,0,1,45.0,0.0
1548.9954195,6,2,6,2,24,65.0,1567.0
1549.05262,1,2,2,0,2,48.0,14.315
1549.079638,1,2,1,0,3,48.0,11.131
1549.1017975,6,3,16,6,161,62.0,1773.0
1549.1085655,3,1,1,0,1,45.0,0.0
1549.108578,1,2,4,0,3,48.0,11.899
1549.1563265,6,1,1,0,1,45.0,0.0
1549.1571425,6,1,1,0,1,45.0,0.0
1549.1639175,6,2,1,0,2,45.0,3.241
1549.164682,1,1,1,0,1,45.0,0.0
1549.1646925,6,1,1,0,1,47.0,0.0
1549.1720265,6,1,1,0,1,45.0,0.0
1549.2128435,6,1,2,0,1,47.0,0.0
1549.2244285,6,1,1,0,1,45.0,0.0
1549.2265855,6,1,1,0,1,46.0,0.0
1549.2275345,6,1,1,0,1,45.0,0.0
1549.2285515,6,1,1,0,1,45.0,0.0
1549.26344,1,1,2,0,8,48.0,24.806
1549.3155875,6,2,1,0,3,48.0,16.483
1549.32539,1,2,1,0,3,46.0,8.929
1549.3265865,6,1,2,0,1,48.0,0.0
1549.331319,1,3,2,0,8,53.0,101.054
1549.345506,5,7,4,0,18,52.0,100.473
1549.358708,5,1,1,0,1,46.0,0.0
1549.3587495,6,1,1,0,1,45.0,0.0
1549.370027,5,1,6,0,4,51.0,15.144
1549.381348,5,4,6,1,46,59.0,516.141
1549.3813575,3,2,2,0,8,53.0,62.789
1549.3813875,6,1,1,0,1,45.0,0.0
1549.381416,1,1,2,0,1,47.0,0.0
1549.394698,1,2,3,0,17,51.0,92.609
1549.402354,5,42,9,3,125,56.0,584.943
1549.4023585,3,7,5,2,83,61.0,578.006
1549.402364,2,31,7,1,32,58.0,477.727
1549.4023665,6,2,8,2,107,55.0,355.98
1549.402377,1,2,8,1,66,53.0,265.318
1549.411656,5,1,3,0,1,47.0,0.0
1549.4186185,6,1,1,0,1,46.0,0.0
1549.4273175,6,1,1,0,1,45.0,0.0
1549.4434285,6,1,2,0,4,50.0,15.966
1549.465309,5,2,5,0,16,48.0,77.302
1549.4653315,6,1,1,0,1,45.0,0.0
1549.4686445,6,1,3,0,1,46.0,0.0
1549.468649,5,2,6,0,32,50.0,136.015
1549.468653,1,2,1,0,5,48.0,16.683
1549.471124,5,1,4,0,21,52.0,122.316
1549.4711465,6,1,3,0,11,48.0,39.635
1549.4778505,6,1,4,1,67,53.0,143.878
1549.479556,1,2,1,0,2,47.0,6.222
1549.4802545,6,1,3,0,7,52.0,40.404
1549.491405,1,3,2,0,4,48.0,47.215
1549.492052,1,3,2,0,5,53.0,101.84
1549.4952055,6,3,6,1,33,65.0,947.027
1549.495234,5,1,3,0,66,48.0,91.045
1549.4952645,3,1,1,0,1,45.0,0.0
1549.497804,1,1,4,0,35,54.0,113.76
1549.503923,2,2,1,0,2,51.0,10.07
1549.503929,1,1,1,0,1,47.0,0.0
1549.508103,1,2,2,0,6,52.0,37.477
1549.522761,5,1,5,0,11,55.0,106.757
1549.5227675,6,3,3,0,16,56.0,102.187
1549.522804,1,1,2,0,1,48.0,0.0
1549.534994,1,4,9,2,44,63.0,1205.0
1549.56981,1,30,8,1,43,54.0,262.727
1549.5698365,6,1,2,0,4,50.0,17.732
1549.571488,5,3,7,0,23,54.0,241.925
1549.5715205,6,2,1,0,3,51.0,19.413
1549.572837,5,8,10,2,43,60.0,879.418
1549.5728575,6,14,4,0,17,53.0,176.972
1549.572863,1,1,3,0,41,48.0,48.216
1549.576975,1,7,9,2,62,61.0,818.572
1550.135079,1,1,3,0,28,48.0,27.568
1550.145909,1,1,2,0,4,45.0,9.261
1550.152573,1,2,22,6,112,67.0,3518.0
1550.1525905,6,3,18,4,121,62.0,1348.0
1550.159481,1,2,2,0,2,49.0,14.957
1550.1700875,3,1,2,0,8,45.0,14.592
1550.172856,1,1,4,0,1,48.0,0.0
1550.21652,1,7,23,7,218,64.0,2623.0
1550.21763,1,2,1,0,2,45.0,11.888
1550.220966,1,2,3,0,58,48.0,89.684
1550.2209835,3,1,1,0,1,45.0,0.0
1550.2290985,6,1,1,0,1,47.0,0.0
1550.230554,1,1,2,0,1,47.0,0.0
1550.2305725,6,1,1,0,1,45.0,0.0
1550.2324465,3,1,2,0,5,49.0,19.267
1550.2346525,3,1,2,0,5,48.0,11.841
1550.2475645,6,1,1,0,1,46.0,0.0
1550.2633315,3,1,2,0,11,52.0,83.993
1550.3062455,6,1,1,0,1,45.0,0.0
1550.3089045,3,1,2,0,11,46.0,14.905
1550.3125345,6,1,1,0,1,46.0,0.0
1550.3191375,6,1,3,0,1,46.0,0.0
1550.3227815,6,1,1,0,1,45.0,0.0
1550.35695,1,1,2,0,1,48.0,0.0
1550.386627,1,1,1,0,1,45.0,0.0
1550.3972265,6,1,1,0,1,45.0,0.0
1550.4038325,3,1,1,0,1,46.0,0.0
1550.4038435,6,1,1,0,1,45.0,0.0
1550.4095055,6,1,1,0,1,46.0,0.0
1550.4326375,6,1,1,0,1,45.0,0.0
1550.442265,1,2,37,24,253,81.0,61199.0
1550.4480615,6,2,1,0,3,46.0,9.72
1550.463556,1,2,1,0,2,45.0,9.686
1550.4776575,3,1,2,0,1,50.0,0.0
1550.5065465,6,1,1,0,1,47.0,0.0
1550.508926,1,1,1,0,1,47.0,0.0
1550.5227795,3,7,2,0,12,54.0,106.292
1550.5265805,6,1,1,0,1,46.0,0.0
1550.5419335,3,1,1,0,4,47.0,10.287
1550.541943,2,1,1,0,1,50.0,0.0
1550.5454415,6,1,1,0,1,46.0,0.0
1550.5549265,6,4,6,1,20,63.0,719.305
1550.5549465,3,1,4,0,15,49.0,35.255
1550.554959,1,1,2,0,1,47.0,0.0
1550.5725785,3,1,1,0,1,45.0,0.0
1550.5942415,6,1,1,0,1,47.0,0.0
1550.6060575,6,1,2,0,1,47.0,0.0
1550.633225,1,1,1,0,1,48.0,0.0
1550.6334535,6,1,1,0,1,45.0,0.0
1550.6410965,6,6,8,1,25,62.0,779.99
1550.6411195,3,1,2,0,5,50.0,17.838
1550.671593,1,2,2,0,2,46.0,8.226
1550.6811915,3,1,1,0,1,45.0,0.0
1550.6854655,6,1,1,0,8,46.0,16.872
1550.700135,1,1,1,0,1,45.0,0.0
1550.702107,5,12,52,45,480,78.0,77645.0
1550.7021185,6,24,42,25,323,73.0,30797.0
1550.702123,2,33,39,27,257,72.0,25775.0
1550.702126,1,5,42,17,287,68.0,11171.0
1550.7037885,6,2,1,0,2,45.0,4.305
1550.7389615,6,2,2,0,3,47.0,9.977
1550.740531,1,41,3,0,42,49.0,59.267
1550.7448765,6,2,1,0,3,47.0,15.835
1550.759168,5,3,14,6,119,67.0,2727.0
1550.7591815,6,15,13,4,132,61.0,1214.0
1550.7592035,3,1,4,0,41,52.0,129.946
1550.76779,5,15,90,54,767,75.0,45142.0
1550.7678065,6,18,76,30,672,72.0,16476.0
1550.76782,1,19,75,21,632,65.0,6663.0
1550.7693925,3,1,4,0,50,51.0,113.818
1550.7738335,6,2,3,0,4,47.0,30.889
1550.7778115,6,1,2,0,1,47.0,0.0
1550.7923635,6,11,11,3,83,62.0,1265.0
1550.7923965,3,1,3,0,24,47.0,30.425
1550.7970755,3,1,1,0,5,49.0,16.49
1550.797084,2,1,2,0,1,52.0,0.0
1550.806625,1,1,6,0,1,48.0,0.0
1550.8066475,3,1,2,0,1,46.0,0.0
1550.8235165,6,1,6,1,21,61.0,600.291
1550.8355285,6,2,10,4,113,67.0,2322.0
1550.8355755,3,2,3,0,2,46.0,3.435
1550.8366035,3,1,6,1,135,54.0,210.04
1550.8434165,6,1,1,0,1,47.0,0.0
1550.8470825,3,1,3,0,12,47.0,20.672
1550.8525845,6,1,2,0,1,47.0,0.0
1550.8587245,6,1,2,0,9,47.0,23.295
1550.863593,1,1,5,0,16,48.0,20.19
1550.8636045,3,1,2,0,87,49.0,65.33
1550.900471,1,2,1,0,3,46.0,12.068
1550.9128815,3,1,11,2,86,53.0,335.454
1550.9210415,6,2,2,0,12,46.0,25.58
1550.922206,1,1,1,0,1,45.0,0.0
1550.9222285,6,2,1,0,2,47.0,3.55
1550.932898,1,1,3,0,1,48.0,0.0
1550.9561995,6,1,1,0,1,45.0,0.0
1550.9651985,3,1,4,0,31,47.0,43.494
1550.9707385,6,1,1,0,1,46.0,0.0
1550.9846675,6,1,1,0,1,45.0,0.0
1551.0074375,3,1,1,0,74,46.0,41.235
1551.011238,1,1,1,0,1,45.0,0.0
1551.0582845,6,1,2,0,30,47.0,26.415
1551.058286,1,1,3,0,36,47.0,62.643
1551.059596,1,2,1,0,2,46.0,9.263
1551.0807015,3,1,1,0,1,45.0,0.0
1551.0989835,6,1,2,0,1,46.0,0.0
1551.1103015,6,1,1,0,1,45.0,0.0
1551.1129015,6,1,1,0,1,47.0,0.0
1551.1588255,6,2,1,0,2,45.0,3.784
1551.159018,2,1,1,0,1,50.0,0.0
1551.1756985,6,1,1,0,1,46.0,0.0
1551.1857855,6,1,1,0,1,45.0,0.0
1551.2022565,6,1,1,0,1,45.0,0.0
1551.2221,1,1,1,0,1,45.0,0.0
1551.225884,1,2,1,0,4,46.0,16.823
1551.253396,1,9,30,9,254,64.0,3238.0
1551.2572215,3,1,1,0,4,45.0,6.731
1551.2929015,6,1,1,0,1,45.0,0.0
1551.2957865,6,1,1,0,1,45.0,0.0
1551.3344215,6,1,1,0,1,45.0,0.0
1551.3409365,6,1,2,0,1,45.0,0.0
1551.34441,1,1,1,0,1,45.0,0.0
1551.3444195,3,1,1,0,4,47.0,9.3
1551.3444245,6,1,1,0,1,45.0,0.0
1551.385384,1,1,2,0,1,48.0,0.0
1551.3903305,6,1,1,0,1,46.0,0.0
1551.3984055,3,1,4,0,71,50.0,92.62
1551.398423,2,1,3,0,1,51.0,0.0
1551.4020485,3,1,4,0,24,51.0,79.155
1551.402051,1,1,4,1,79,48.0,87.247
1551.4261465,6,1,1,0,1,45.0,0.0
1551.4339025,3,1,2,0,4,53.0,28.372
1551.445103,1,6,28,8,208,64.0,3126.0
1551.458825,1,2,1,0,2,45.0,3.352
1551.4727485,3,1,1,0,5,50.0,21.381
1551.4805765,3,1,1,0,1,45.0,0.0
1551.4949445,6,1,1,0,1,45.0,0.0
1551.511695,1,1,1,0,1,46.0,0.0
1551.5136395,6,1,1,0,1,45.0,0.0
1551.518503,1,1,4,0,1,47.0,0.0
1551.5185225,6,1,3,0,4,46.0,9.63
1551.5454005,3,1,1,0,4,46.0,7.491
1551.5567345,3,1,6,1,90,51.0,146.845
1551.5627565,3,1,1,0,4,49.0,13.281
1551.571699,1,1,1,0,1,46.0,0.0
1551.5901315,6,1,1,0,1,45.0,0.0
1551.6094925,3,2,1,0,2,45.0,9.639
1551.636903,1,8,29,9,213,64.0,3315.0
1551.641551,1,1,3,0,1,48.0,0.0
1551.6415555,3,1,2,0,9,51.0,50.089
1551.6580705,3,2,1,0,3,48.0,12.767
1551.658129,1,1,1,0,1,45.0,0.0
1551.6879235,6,1,1,0,5,47.0,11.03
1551.6912635,6,2,6,3,31,69.0,4121.0
1551.7075725,6,1,2,0,1,45.0,0.0
1551.7092045,6,4,8,2,60,62.0,996.498
1551.7092245,3,1,6,0,18,49.0,49.109
1551.736633,1,1,6,0,63,49.0,90.877
1551.7366385,3,1,2,0,1,48.0,0.0
1551.758124,1,1,1,0,1,45.0,0.0
1551.771383,1,1,6,0,44,48.0,67.066
1551.7821495,3,1,1,0,1,45.0,0.0
1551.8129485,6,1,1,0,5,46.0,9.08
1551.829516,1,8,28,8,178,64.0,3342.0
1551.8318365,6,2,6,1,37,62.0,789.872
1551.8338145,6,1,1,0,1,45.0,0.0
1551.8410345,3,1,3,0,18,51.0,61.767
1551.860587,5,8,41,21,279,72.0,19389.0
1551.8605985,6,24,31,15,247,72.0,12312.0
1551.860599,1,29,32,11,218,65.0,4890.0
1551.860605,2,29,29,16,184,67.0,11427.0
1551.8630675,3,1,1,0,4,48.0,11.368
1551.902004,1,1,1,0,1,47.0,0.0
1551.9031285,6,1,2,0,90,45.0,54.036
1551.916182,1,2,1,0,2,45.0,3.903
1551.9227795,3,1,1,0,1,45.0,0.0
1551.9494495,6,2,4,1,24,61.0,599.836
1551.954178,1,1,1,0,1,46.0,0.0
1551.9619685,3,1,1,0,5,47.0,11.781
1551.97025,1,1,3,0,1,45.0,0.0
1551.9928275,6,1,1,0,1,45.0,0.0
1552.032948,5,14,25,10,175,67.0,5957.0
1552.0329595,6,8,22,9,174,70.0,6139.0
1552.0329765,3,2,12,3,144,54.0,471.504
1552.0359885,3,1,1,0,1,45.0,0.0
1552.036002,1,2,1,0,2,47.0,3.55
1552.0441375,6,1,1,0,1,45.0,0.0
1552.0493365,6,1,1,0,1,45.0,0.0
1552.0749485,6,1,1,0,1,45.0,0.0
1552.128761,1,1,3,0,12,49.0,23.19
1552.1287625,3,1,3,0,13,52.0,48.429
1552.1332745,6,1,2,0,1,47.0,0.0
1552.137364,1,1,1,0,1,45.0,0.0
1552.1373645,3,1,2,0,1,45.0,0.0
1552.1472535,6,2,1,0,10,46.0,46.638
1552.1494795,3,1,1,0,1,45.0,0.0
1552.150598,5,5,28,11,193,69.0,7445.0
1552.1506145,3,12,10,2,131,53.0,389.075
1552.1587755,6,1,1,0,1,45.0,0.0
1552.1633175,6,1,1,0,1,45.0,0.0
1552.1714375,6,1,1,0,1,47.0,0.0
1552.1731505,6,1,2,0,11,47.0,17.657
1552.18218,1,2,5,0,18,48.0,53.693
1552.1821895,3,1,3,0,9,48.0,28.179
1552.1858775,6,1,1,0,4,47.0,11.706
1552.2076605,3,1,1,0,1,45.0,0.0
1552.207667,2,1,1,0,1,50.0,0.0
1552.208578,2,1,1,0,1,52.0,0.0
1552.2259865,3,1,1,0,4,48.0,11.311
1552.2742045,3,1,2,0,11,52.0,39.28
1552.274219,2,1,2,0,1,51.0,0.0
1552.2797865,3,1,1,0,1,45.0,0.0
1552.3053445,6,1,2,0,8,46.0,14.558
1552.3071035,6,1,1,0,1,45.0,0.0
1552.397939,1,2,1,0,2,46.0,5.201
1552.421642,2,1,2,0,1,52.0,0.0
1552.431107,1,1,1,0,1,45.0,0.0
1552.4406745,6,1,2,0,1,48.0,0.0
1552.450195,5,1,1,0,1,45.0,0.0
1552.456254,1,2,11,4,62,68.0,2498.0
1552.467561,5,1,1,0,1,45.0,0.0
1552.4694285,6,1,1,0,1,45.0,0.0
1552.477088,1,1,1,0,1,50.0,0.0
1552.478642,5,2,3,0,11,49.0,46.259
1552.491766,5,2,2,0,2,45.0,4.961
1552.5149025,6,1,1,0,1,45.0,0.0
1552.521557,5,1,4,0,18,54.0,101.156
1552.542915,5,2,2,0,25,51.0,90.237
1552.567878,1,3,6,0,10,57.0,160.675
1552.567889,2,1,4,0,30,56.0,193.127
1552.5678915,6,1,7,1,58,55.0,233.752
1552.5678985,3,1,3,0,19,50.0,64.475
1552.567899,5,4,14,1,53,57.0,348.802
1552.5735015,6,1,1,0,1,45.0,0.0
1552.579304,5,2,2,0,3,48.0,10.953
1552.596734,1,2,6,1,42,55.0,218.275
1552.5989635,6,2,1,0,2,45.0,3.352
1552.60585,5,1,1,0,1,45.0,0.0
1552.619285,5,3,5,1,18,57.0,417.45
1552.6199815,6,2,4,0,16,54.0,133.598
1552.6307585,6,1,1,0,1,46.0,0.0
1552.632132,5,26,19,3,135,55.0,697.796
1552.6321365,3,2,6,1,80,52.0,186.139
1552.6321365,6,1,11,1,75,54.0,307.215
1552.632138,4,1,1,0,1,45.0,0.0
1552.632153,1,59,11,2,91,53.0,297.249
1552.632153,2,1,5,0,23,55.0,200.528
1552.638657,5,13,6,1,32,55.0,310.791
1552.638657,2,1,2,0,1,51.0,0.0
1552.638664,1,2,6,0,30,51.0,86.49
1552.6386665,6,1,4,0,49,51.0,73.387
1552.6414875,6,4,7,1,20,62.0,604.424
1552.641505,1,1,8,1,63,51.0,160.799
1552.6415175,3,2,1,0,2,45.0,4.529
1552.64152,2,1,2,0,33,55.0,109.06
1552.641526,5,2,4,0,25,52.0,101.162
1552.660604,5,2,6,0,18,53.0,147.955
1552.6606175,3,1,1,0,4,46.0,7.549
1552.6606375,6,1,1,0,11,47.0,15.33
1552.6648435,6,1,1,0,1,45.0,0.0
1552.667389,1,2,1,0,5,47.0,21.096
1552.6794565,3,1,2,0,8,53.0,43.669
1552.6871255,6,1,3,0,20,56.0,183.09
1552.687612,1,2,2,0,3,52.0,31.23
1552.6915365,6,1,2,0,1,48.0,0.0
1552.695624,5,2,6,1,22,56.0,265.962
1552.695644,1,1,2,0,1,46.0,0.0
1552.697848,1,4,7,1,42,61.0,587.876
1552.699368,1,30,4,0,31,53.0,86.428
1552.701241,1,3,1,0,4,56.0,103.659
1552.7016215,6,2,1,0,3,53.0,26.097
1552.707179,5,7,6,0,16,57.0,388.668
1552.7071985,6,6,3,0,10,56.0,90.802
1552.7316725,6,2,2,0,15,48.0,42.333
1552.734131,1,1,1,0,1,47.0,0.0
1552.737642,5,1,1,0,1,45.0,0.0
1552.738428,5,1,1,0,1,47.0,0.0
1552.7414555,6,1,1,0,1,47.0,0.0
1552.743533,2,43,16,6,123,59.0,1922.0
1552.743538,5,9,28,7,166,62.0,2401.0
1552.743539,1,41,27,8,180,63.0,3381.0
1552.7435405,6,14,23,6,169,58.0,1472.0
1552.7435475,3,1,15,2,129,56.0,427.019
1553.317527,1,1,1,0,1,48.0,0.0
1553.33126,2,1,2,0,1,52.0,0.0
1553.3601965,6,1,1,0,1,45.0,0.0
1553.3777615,6,1,1,0,1,45.0,0.0
1553.4172035,6,1,2,0,9,47.0,23.517
1553.4355105,6,1,1,0,1,46.0,0.0
1553.4464945,6,1,1,0,1,46.0,0.0
1553.4507955,3,1,4,0,34,51.0,75.219
1553.5081565,6,2,6,1,26,65.0,1030.0
1553.5167405,6,1,1,0,1,47.0,0.0
1553.5178545,6,1,1,0,1,45.0,0.0
1553.523989,1,1,3,0,9,48.0,24.55
1553.5316185,3,1,1,0,1,45.0,0.0
1553.5429255,6,1,1,0,1,46.0,0.0
1553.5437965,6,1,1,0,1,46.0,0.0
1553.5482545,6,1,1,0,1,45.0,0.0
1553.5566815,6,17,28,10,151,71.0,8486.0
1553.5597435,6,10,40,23,315,74.0,19669.0
1553.559745,5,37,39,14,231,67.0,6804.0
1553.559749,1,10,39,16,276,66.0,7658.0
1553.5776055,6,4,4,0,18,61.0,326.647
1553.582688,1,1,2,0,17,47.0,37.712
1553.5983305,6,1,1,0,5,47.0,10.125
1553.6183705,6,1,2,0,9,47.0,19.064
1553.6509905,6,1,1,0,1,45.0,0.0
1553.65866,1,1,1,0,1,45.0,0.0
1553.676992,1,2,1,0,10,48.0,22.22
1553.6803595,3,1,2,0,12,47.0,16.994
1553.6921935,6,1,1,0,1,47.0,0.0
1553.7025915,6,1,2,0,14,47.0,15.956
1553.720937,5,9,19,10,101,71.0,13406.0
1553.7209615,3,1,5,0,45,53.0,127.513
1553.7460095,6,2,1,0,2,47.0,3.352
1553.7495,2,1,2,0,1,52.0,0.0
1553.772553,1,2,1,0,2,47.0,23.241
1553.800455,1,6,2,0,7,49.0,32.166
1553.810313,1,1,1,0,1,45.0,0.0
1553.819818,5,2,14,5,38,66.0,4033.0
1553.819837,1,1,3,0,12,49.0,34.778
1553.8198895,3,1,1,0,1,45.0,0.0
1553.82455,2,2,4,0,17,52.0,115.207
1553.8245755,3,1,2,0,4,50.0,7.818
1553.836487,1,1,1,0,1,45.0,0.0
1553.858728,1,1,1,0,1,45.0,0.0
1553.8747485,3,2,7,1,46,53.0,229.33
1553.874751,2,1,4,0,1,52.0,0.0
1553.879617,1,2,1,0,3,46.0,8.067
1553.8938595,6,1,1,0,1,45.0,0.0
1553.904436,1,1,2,0,10,49.0,15.349
1553.919969,2,1,1,0,1,52.0,0.0
1553.9261425,3,2,1,0,2,49.0,12.046
1553.9390945,6,1,1,0,1,45.0,0.0
1553.9442555,3,2,1,0,2,45.0,14.488
1553.9505935,3,1,1,0,1,45.0,0.0
1553.9536305,6,1,1,0,1,45.0,0.0
1553.963485,1,2,2,0,2,48.0,10.215
1553.9635135,3,1,1,0,1,45.0,0.0
1553.985424,2,1,1,0,1,51.0,0.0
1553.985449,1,1,1,0,1,45.0,0.0
1553.9986645,6,1,1,0,1,45.0,0.0
1554.023438,1,1,2,0,1,48.0,0.0
1554.0236495,3,1,2,0,159,48.0,36.523
1554.0313395,3,1,6,1,96,52.0,172.257
1554.0354735,6,1,1,0,1,45.0,0.0
1554.0490685,6,1,1,0,1,47.0,0.0
1554.0541105,6,1,1,0,1,47.0,0.0
1554.0656875,6,2,1,0,6,47.0,26.077
1554.084379,1,2,12,3,88,64.0,1067.0
1554.0843905,3,2,5,1,35,54.0,257.982
1554.1333575,6,2,1,0,2,46.0,4.179
1554.1559765,6,1,1,0,1,45.0,0.0
1554.157625,1,1,3,0,11,48.0,21.811
1554.1623395,6,1,1,0,4,47.0,9.345
1554.175151,1,2,1,0,3,46.0,7.965
1554.1852245,3,1,1,0,1,46.0,0.0
1554.1975005,3,1,2,0,1,48.0,0.0
1554.201509,1,13,58,46,357,79.0,80942.0
1554.201513,2,12,51,49,323,77.0,72936.0
1554.2015195,6,15,50,32,397,75.0,30943.0
1554.2015205,3,17,38,22,385,70.0,14217.0
1554.201521,5,22,55,30,351,70.0,25353.0
1554.2118395,3,1,1,0,1,45.0,0.0
1554.2188365,6,2,6,2,101,61.0,789.748
1554.2188905,3,1,1,0,13,47.0,12.197
1554.227809,1,5,4,0,17,48.0,51.573
1554.232851,1,1,2,0,1,46.0,0.0
1554.232864,2,1,2,0,1,50.0,0.0
1554.2526195,6,1,1,0,1,46.0,0.0
1554.2705055,6,2,4,1,23,67.0,1122.0
1554.2847635,3,1,4,0,22,52.0,80.029
1554.2854495,3,1,1,0,1,45.0,0.0
1554.2882295,6,1,1,0,1,45.0,0.0
1554.3524035,3,1,2,0,9,47.0,20.833
1554.3524765,6,1,1,0,1,45.0,0.0
1554.360751,1,1,2,0,1,46.0,0.0
1554.3681935,6,2,5,1,25,62.0,510.468
1554.3710575,6,1,1,0,1,45.0,0.0
1554.3795135,6,5,9,2,35,65.0,1027.0
1554.3795475,3,2,3,0,9,52.0,68.446
1554.393336,1,8,29,11,235,64.0,4516.0
1554.3983795,6,1,1,0,1,45.0,0.0
1554.411298,1,1,2,0,1,45.0,0.0
1554.4150805,3,56,9,2,119,52.0,242.309
1554.422566,2,1,2,0,1,52.0,0.0
1554.4225665,3,1,1,0,4,47.0,11.342
1554.4225805,6,1,3,0,1,46.0,0.0
1554.4231475,6,1,1,0,1,45.0,0.0
1554.4321955,6,1,2,0,1,47.0,0.0
1554.47757,1,1,1,0,1,45.0,0.0
1554.4837555,3,1,2,0,4,45.0,7.326
1554.4946705,3,2,3,0,26,49.0,57.799
1554.529445,5,1,14,4,105,67.0,1546.0
1554.5294525,6,16,11,3,115,64.0,1260.0
1554.5294875,3,1,4,0,40,49.0,90.786
1554.5347095,6,1,1,0,1,47.0,0.0
1554.5351555,3,1,2,0,8,54.0,97.327
1554.5595355,3,1,4,1,78,54.0,212.005
1554.572166,1,1,2,0,1,48.0,0.0
1554.576492,1,1,1,0,1,48.0,0.0
1554.579529,2,1,1,0,1,50.0,0.0
1554.585233,1,8,30,11,235,64.0,4595.0
1554.5986345,6,1,1,0,1,45.0,0.0
1554.6001235,6,1,1,0,1,45.0,0.0
1554.6104085,3,1,2,0,5,47.0,11.583
1554.610411,1,1,3,0,35,49.0,58.742
1554.6251555,6,1,3,0,1,47.0,0.0
1554.625157,2,1,1,0,1,51.0,0.0
1554.6330325,6,1,1,0,1,45.0,0.0
1554.638643,1,1,1,0,1,45.0,0.0
1554.6465485,6,1,1,0,1,45.0,0.0
1554.6625795,3,1,1,0,5,48.0,14.148
1554.6657905,6,4,25,10,194,69.0,5894.0
1554.6732805,6,1,14,4,109,63.0,1711.0
1554.6733145,3,1,6,1,78,54.0,233.489
1554.684809,1,1,1,0,1,46.0,0.0
1554.690613,1,1,4,0,42,49.0,60.116
1554.693538,1,1,3,0,19,48.0,32.71
1554.7645865,6,1,1,0,1,45.0,0.0
1554.76775,1,1,1,0,1,45.0,0.0
1554.774514,1,7,17,4,116,63.0,2031.0
1554.7745405,3,1,2,0,6,51.0,28.831
1554.77672,1,8,30,11,235,64.0,4701.0
1554.7810015,3,1,3,0,38,48.0,56.497
1554.8240795,6,1,1,0,1,45.0,0.0
1554.8249665,3,1,3,0,38,49.0,39.096
1554.8317435,6,2,1,0,2,45.0,15.493
1554.8393375,3,1,1,0,1,48.0,0.0
1554.839346,2,1,1,0,1,50.0,0.0
1554.8522705,3,1,2,0,9,45.0,13.669
1554.8697065,6,1,1,0,8,45.0,11.477
1554.9017495,3,1,2,0,1,45.0,0.0
1554.9110565,6,14,13,4,94,63.0,1607.0
1554.9110645,3,1,10,2,103,53.0,319.408
1554.9247625,6,1,2,0,1,47.0,0.0
1554.9269885,6,1,2,0,4,47.0,9.225
1554.968417,1,8,31,11,235,64.0,4794.0
1554.9693525,6,5,12,3,77,62.0,1487.0
1554.9693685,3,1,3,0,35,51.0,92.048
1554.996031,1,1,1,0,1,47.0,0.0
1554.9960385,6,1,1,0,1,45.0,0.0
1555.0020345,6,1,1,0,1,45.0,0.0
1555.00744,1,2,2,0,2,48.0,5.098
1555.0125585,3,1,1,0,1,45.0,0.0
1555.017932,1,2,18,5,135,66.0,2347.0
1555.0179445,3,9,8,2,130,54.0,275.074
1555.0228075,6,1,1,0,1,45.0,0.0
1555.0280735,3,4,3,0,11,52.0,57.579
1555.0340975,3,1,1,0,1,45.0,0.0
1555.049878,1,2,1,0,2,45.0,3.132
1555.0530205,3,2,2,0,2,48.0,4.432
1555.0726855,6,1,1,0,1,45.0,0.0
1555.0784855,6,1,1,0,1,45.0,0.0
1555.0913885,6,1,1,0,1,45.0,0.0
1555.123717,1,4,20,8,112,73.0,10475.0
1555.1237415,3,2,1,0,6,51.0,32.612
1555.123776,2,1,2,0,1,52.0,0.0
1555.127414,1,1,1,0,1,47.0,0.0
1555.1405015,3,1,7,1,66,53.0,201.658
1555.1481905,6,2,5,1,24,63.0,567.086
1555.1504255,3,1,1,0,1,45.0,0.0
1555.157454,1,2,6,1,46,63.0,591.864
1555.1590475,3,1,1,0,1,45.0,0.0
1555.177984,2,1,1,0,1,50.0,0.0
1555.1959355,6,1,1,0,1,45.0,0.0
1555.220161,1,2,2,0,3,49.0,16.013
1555.22399,1,1,3,0,1,49.0,0.0
1555.2392185,3,1,2,0,1,47.0,0.0
1555.2399095,6,1,1,0,1,45.0,0.0
1555.2534535,6,1,1,0,11,46.0,14.775
1555.27568,1,2,2,0,3,49.0,12.849
1555.303626,1,1,2,0,1,47.0,0.0
1555.3048995,6,1,1,0,5,46.0,10.776
1555.3065915,3,2,3,0,5,49.0,21.123
1555.3140665,6,1,1,0,1,45.0,0.0
1555.3156705,3,12,11,2,138,53.0,316.227
1555.3228655,6,1,1,0,1,45.0,0.0
1555.3379615,3,1,1,0,1,45.0,0.0
1555.3615745,3,1,2,0,4,48.0,10.288
1555.3736555,6,1,1,0,1,45.0,0.0
1555.3790725,6,1,1,0,1,45.0,0.0
1555.3837155,6,1,1,0,1,45.0,0.0
1555.386196,1,1,10,2,58,65.0,1320.0
1555.396969,1,2,7,1,39,64.0,761.382
1555.3976835,6,1,1,0,1,45.0,0.0
1555.4152105,3,1,7,1,93,50.0,192.754
1555.432543,1,1,1,0,1,45.0,0.0
1555.4363535,6,1,1,0,1,45.0,0.0
1555.4543175,6,2,1,0,2,45.0,4.562
1555.5126835,3,2,1,0,2,49.0,9.45
1555.5195555,3,1,1,0,1,45.0,0.0
1555.5286795,3,1,1,0,4,46.0,8.582
1555.5291855,6,1,1,0,1,45.0,0.0
1555.5297435,6,1,3,0,1,45.0,0.0
1555.5355515,6,1,1,0,1,47.0,0.0
1555.5530145,3,1,2,0,27,49.0,46.56
1555.5541705,3,1,1,0,1,45.0,0.0
1555.5704105,3,1,2,0,14,48.0,30.714
1555.5877055,6,1,2,0,1,46.0,0.0
1555.6081905,6,1,1,0,1,46.0,0.0
1555.614756,5,3,4,0,22,57.0,304.156
1555.6162965,6,1,1,0,1,46.0,0.0
1555.62559,5,2,1,0,2,49.0,3.55
1555.626156,1,1,2,0,5,52.0,30.757
1555.626418,5,1,1,0,1,45.0,0.0
1555.6301055,6,6,9,2,70,65.0,1328.0
1555.630122,1,1,9,1,59,51.0,213.573
1555.630133,5,48,7,1,51,51.0,161.397
1555.647325,5,7,4,0,11,54.0,177.024
1555.647344,1,1,5,0,16,51.0,33.497
1555.6473765,6,1,1,0,1,46.0,0.0
1555.6487215,6,2,2,0,4,51.0,22.908
1555.6502615,6,1,1,0,1,45.0,0.0
1555.6524775,3,1,1,0,1,45.0,0.0
1555.6721455,6,2,4,0,16,53.0,79.306
1555.674888,5,1,1,0,1,45.0,0.0
1555.6819065,6,2,1,0,3,48.0,7.884
1555.689556,5,1,1,0,1,47.0,0.0
1555.7102935,6,3,5,0,17,57.0,218.527
1555.710299,5,1,5,0,42,49.0,94.131
1555.710329,1,1,2,0,1,50.0,0.0
1555.711518,1,1,1,0,1,45.0,0.0
1555.7115285,6,1,3,0,5,48.0,14.085
1555.7115385,3,1,1,0,1,45.0,0.0
1555.7153125,6,2,1,0,6,51.0,32.012
1555.7204615,6,1,5,1,24,60.0,376.924
1555.722134,1,1,8,1,76,56.0,281.058
1555.7221445,6,3,5,0,19,54.0,152.184
1555.722158,5,1,6,0,1,50.0,0.0
1555.7231215,6,1,3,0,16,56.0,154.733
1555.723125,1,1,1,0,1,48.0,0.0
1555.728069,1,2,3,0,33,53.0,73.178
1555.7318745,3,1,8,1,61,52.0,156.031
1555.731875,1,18,15,4,155,57.0,759.963
1555.731878,4,1,2,0,1,46.0,0.0
1555.731883,5,7,12,3,80,60.0,1047.0
1555.731885,2,1,4,0,35,53.0,140.379
1555.7318925,6,1,10,2,89,57.0,461.563
1555.73486,1,1,1,0,1,45.0,0.0
1555.744062,5,8,7,1,24,57.0,455.126
1555.7440885,6,2,2,0,2,51.0,13.406
1555.7480955,6,1,1,0,1,45.0,0.0
1555.753218,5,3,7,0,4,56.0,16.441
1555.753223,1,10,3,0,11,52.0,71.842
1555.7599405,6,1,1,0,1,45.0,0.0
1555.762883,5,2,4,0,2,49.0,6.726
1555.7628835,3,1,1,0,1,45.0,0.0
1555.7689815,6,2,1,0,3,53.0,35.073
1555.7827135,6,1,14,3,132,57.0,576.205
1555.7827275,3,4,4,1,83,51.0,133.502
1555.782729,1,2,12,1,87,55.0,301.662
1555.782736,5,31,4,0,32,48.0,84.617
1555.7838335,6,1,1,0,1,45.0,0.0
1555.785489,1,2,1,0,3,49.0,13.453
1555.787212,5,2,5,0,20,51.0,145.418
1555.792194,5,3,16,4,106,62.0,1568.0
1555.7921975,3,1,4,0,70,48.0,83.965
1555.792199,1,1,13,2,128,54.0,379.252
1555.7922115,6,2,8,1,66,53.0,245.832
1555.792237,2,1,3,1,36,53.0,217.111
1555.8080105,6,1,1,0,1,49.0,0.0
1555.8136855,6,2,1,0,4,48.0,19.799
1555.8243635,6,1,1,0,4,49.0,13.818
1555.830361,2,2,3,0,3,56.0,99.19
1555.8303795,6,1,3,0,1,47.0,0.0
1555.8303845,3,1,2,0,7,48.0,23.355
1555.834553,5,3,10,0,23,57.0,247.487
1555.8345725,6,2,3,0,11,50.0,42.61
1555.837404,1,4,6,2,42,64.0,1724.0
1555.8385615,6,1,1,0,1,45.0,0.0
1555.8431405,3,1,1,0,5,50.0,23.987
1555.8431735,6,1,2,0,4,47.0,10.075
1555.8510995,6,1,2,0,11,52.0,65.706
1555.8633205,6,2,1,0,2,45.0,3.352
1555.8749995,3,1,1,0,1,45.0,0.0
1555.899115,5,2,2,0,3,50.0,21.522
1555.905856,1,1,3,0,4,47.0,10.971
1555.9117495,3,1,1,0,1,45.0,0.0
1555.912681,5,5,2,0,6,47.0,26.285
1555.9126985,3,1,1,0,1,45.0,0.0
1555.9127025,6,1,1,0,4,49.0,12.522
1555.9142205,6,1,2,0,4,47.0,10.901
1555.916322,1,2,2,0,16,53.0,50.568
1556.487362,1,2,10,1,42,65.0,822.027
1556.496854,1,2,1,0,3,49.0,12.476
1556.5009175,6,2,1,0,3,45.0,8.627
1556.501989,2,1,1,0,1,52.0,0.0
1556.502017,1,1,2,0,1,46.0,0.0
1556.5198345,6,1,2,0,1,46.0,0.0
1556.5518215,3,1,1,0,4,50.0,21.084
1556.551843,1,1,2,0,1,47.0,0.0
1556.569392,1,1,1,0,1,46.0,0.0
1556.57348,1,6,25,8,144,68.0,5327.0
1556.5735005,6,9,20,6,154,64.0,2709.0
1556.5805455,6,1,1,0,1,46.0,0.0
1556.5843905,3,1,1,0,1,46.0,0.0
1556.594873,1,1,1,0,1,46.0,0.0
1556.5960888,1,2,2,0,3,49.0,12.703
1556.604549,1,90,17,7,181,70.0,5090.0
1556.6162335,6,1,1,0,1,45.0,0.0
1556.6251925,3,10,4,0,20,52.0,91.228
1556.6627185,6,1,1,0,1,46.0,0.0
1556.6838365,6,1,1,0,1,45.0,0.0
1556.684718,1,1,1,0,1,45.0,0.0
1556.694869,1,10,24,9,153,66.0,5229.0
1556.6948915,6,2,20,5,154,61.0,1506.0
1556.711895,1,1,1,0,1,46.0,0.0
1556.7355525,3,1,2,0,4,51.0,27.734
1556.7459405,6,1,1,0,1,46.0,0.0
1556.7538155,6,2,4,1,24,63.0,976.989
1556.7730765,3,1,2,0,1,46.0,0.0
1556.773083,1,1,2,0,1,47.0,0.0
1556.7792815,3,1,2,0,10,49.0,32.632
1556.779293,1,1,2,0,1,49.0,0.0
1556.7870985,3,1,1,0,1,45.0,0.0
1556.7945745,6,1,1,0,1,45.0,0.0
1556.8018635,3,1,2,0,19,53.0,71.556
1556.8127615,3,1,1,0,1,45.0,0.0
1556.812782,1,1,1,0,1,46.0,0.0
1556.816728,1,1,2,0,1,45.0,0.0
1556.820334,1,1,1,0,1,45.0,0.0
1556.8289605,3,1,2,0,4,50.0,18.733
1556.8380745,6,2,3,0,2,47.0,16.717
1556.8443985,3,1,2,0,7,52.0,38.421
1556.880453,1,2,2,0,30,49.0,55.557
1556.8825915,6,1,1,0,1,45.0,0.0
1556.9313605,6,1,1,0,1,45.0,0.0
1556.937281,1,9,37,18,262,72.0,16826.0
1556.937289,2,19,32,15,185,67.0,8772.0
1556.9373005,6,4,27,10,210,65.0,4546.0
1556.9422765,3,1,1,0,1,45.0,0.0
1556.9430765,6,1,1,0,1,46.0,0.0
1556.9613765,6,1,1,0,1,45.0,0.0
1556.969212,1,1,5,0,11,49.0,45.372
1556.975639,1,2,1,0,3,49.0,11.928
1556.989448,1,1,1,0,1,46.0,0.0
1556.9931725,6,1,1,0,1,45.0,0.0
1556.9971815,6,1,2,0,1,45.0,0.0
1557.005201,1,1,2,0,1,46.0,0.0
1557.0484215,6,1,1,0,1,46.0,0.0
1557.0763825,3,1,3,0,9,52.0,51.634
1557.076385,2,1,1,0,1,50.0,0.0
1557.082473,1,1,2,0,1,45.0,0.0
1557.0867975,6,1,1,0,1,45.0,0.0
1557.0913315,3,1,1,0,1,45.0,0.0
1557.091358,1,3,1,0,4,45.0,9.586
1557.0937375,3,2,4,0,11,53.0,89.248
1557.103764,1,1,1,0,4,49.0,12.446
1557.1226635,6,14,14,4,88,65.0,2429.0
1557.1226675,3,1,8,1,55,52.0,163.53
1557.1238545,6,1,1,0,4,47.0,8.451
1557.125364,1,1,1,0,1,46.0,0.0
1557.1255435,3,1,1,0,1,45.0,0.0
1557.1704245,3,1,2,0,4,50.0,23.975
1557.183319,2,1,1,0,1,50.0,0.0
1557.1910515,6,1,1,0,1,47.0,0.0
1557.2074545,3,1,1,0,1,46.0,0.0
1557.2081705,3,1,5,1,143,49.0,145.435
1557.211902,1,1,1,0,1,47.0,0.0
1557.215261,1,27,24,7,203,63.0,2396.0
1557.2152935,3,1,9,1,38,52.0,205.389
1557.234683,1,1,4,0,54,47.0,96.142
1557.2457625,6,1,1,0,4,47.0,9.212
1557.2510095,6,1,1,0,1,45.0,0.0
1557.2514225,3,1,1,0,1,46.0,0.0
1557.251449,1,1,1,0,1,45.0,0.0
1557.2752185,3,2,1,0,2,46.0,3.55
1557.2752565,6,1,1,0,1,45.0,0.0
1557.3029005,6,1,1,0,1,45.0,0.0
1557.3034475,6,2,1,0,2,45.0,3.241
1557.3099635,6,3,4,1,24,64.0,678.636
1557.3355605,6,1,1,0,1,46.0,0.0
1557.3360605,3,1,1,0,1,45.0,0.0
1557.336093,1,1,3,0,1,48.0,0.0
1557.3394445,6,1,1,0,1,45.0,0.0
1557.365239,1,1,1,0,1,48.0,0.0
1557.3907375,6,1,1,0,1,45.0,0.0
1557.4176205,6,3,6,1,27,64.0,890.976
1557.4196095,6,1,1,0,1,45.0,0.0
1557.4340125,3,2,9,2,99,52.0,276.746
1557.4417015,3,1,4,0,50,52.0,104.483
1557.4477615,6,2,2,0,2,45.0,3.695
1557.4492495,6,1,1,0,1,47.0,0.0
1557.462634,1,2,2,0,3,48.0,16.834
1557.4626365,6,2,1,0,5,47.0,16.498
1557.4690235,6,1,1,0,1,46.0,0.0
1557.474629,1,1,1,0,1,48.0,0.0
1557.4801125,6,1,1,0,1,47.0,0.0
1557.4938665,3,1,1,0,1,45.0,0.0
1557.5067585,6,1,1,0,4,47.0,9.604
1557.514011,1,1,1,0,1,45.0,0.0
1557.5188985,6,1,1,0,1,45.0,0.0
1557.5273825,6,1,1,0,1,45.0,0.0
1557.5311035,6,1,1,0,1,47.0,0.0
1557.560933,1,1,2,0,1,47.0,0.0
1557.5609525,6,1,1,0,1,45.0,0.0
1557.563073,2,1,1,0,1,50.0,0.0
1557.5700215,6,1,1,0,1,45.0,0.0
1557.5722585,6,2,1,0,2,45.0,5.377
1557.577495,1,8,35,13,212,64.0,6273.0
1557.5889255,6,1,1,0,1,45.0,0.0
1557.589929,1,1,1,0,1,49.0,0.0
1557.5918745,6,1,1,0,1,45.0,0.0
1557.5937865,3,1,5,1,68,50.0,122.849
1557.597593,5,11,36,52,555,80.0,80853.0
1557.5976065,6,16,39,27,309,77.0,33893.0
1557.597608,1,8,42,18,294,67.0,9104.0
1557.5976095,3,23,36,21,394,67.0,10806.0
1557.597613,2,28,40,28,327,69.0,21599.0
1557.6010955,3,1,1,0,4,47.0,9.579
1557.6013295,6,1,1,0,1,46.0,0.0
1557.6271085,3,1,15,3,178,53.0,510.818
1557.627114,1,36,33,10,204,63.0,3806.0
1557.627116,2,2,25,13,171,67.0,7357.0
1557.6380645,6,2,10,2,61,63.0,1178.0
1557.6380925,3,1,1,0,4,46.0,9.171
1557.6477565,6,1,1,0,1,45.0,0.0
1557.6591225,6,1,1,0,1,45.0,0.0
1557.661341,1,1,1,0,1,45.0,0.0
1557.662807,1,1,3,0,4,49.0,15.734
1557.6711585,3,1,1,0,1,45.0,0.0
1557.674068,1,8,33,10,212,63.0,4129.0
1557.6752145,6,1,1,0,1,45.0,0.0
1557.6783585,6,1,1,1,185,47.0,65.646
1557.6841995,3,2,2,0,18,51.0,57.98
1557.684229,2,2,2,0,14,51.0,62.861
1557.705704,1,1,1,0,1,45.0,0.0
1557.70704,1,2,1,0,3,48.0,11.57
1557.7170435,6,1,1,0,4,46.0,8.067
1557.7335215,6,1,1,0,1,45.0,0.0
1557.7657925,6,1,2,0,1,46.0,0.0
1557.770107,1,8,35,14,215,64.0,6381.0
1557.7762725,6,2,3,0,15,62.0,347.404
1557.8185355,3,1,1,0,1,45.0,0.0
1557.818555,2,1,1,0,1,50.0,0.0
1557.8231395,3,1,2,0,1,46.0,0.0
1557.837873,1,2,1,0,3,49.0,13.636
1557.8417325,6,1,1,0,1,47.0,0.0
1557.8557635,6,1,1,0,1,45.0,0.0
1557.8572515,6,2,2,0,9,61.0,436.821
1557.860448,1,5,11,3,60,65.0,1621.0
1557.86048,2,1,1,0,1,50.0,0.0
1557.8639655,6,1,1,0,1,47.0,0.0
1557.865876,1,9,33,11,207,63.0,4099.0
1557.8725485,6,1,1,0,1,45.0,0.0
1557.8769665,3,1,1,0,1,46.0,0.0
1557.876985,1,2,2,0,2,49.0,11.678
1557.8769925,6,1,2,0,1,46.0,0.0
1557.8880445,3,2,1,0,3,45.0,7.724
1557.8880785,6,1,1,0,1,45.0,0.0
1557.8955435,6,2,8,3,51,69.0,3394.0
1557.933708,1,2,6,1,50,64.0,705.49
1557.9337635,6,1,2,0,1,45.0,0.0
1557.961592,1,12,35,14,210,64.0,6404.0
1557.9631205,6,1,1,0,4,47.0,11.629
1557.9706705,6,1,1,0,1,45.0,0.0
1557.978144,1,1,3,0,1,49.0,0.0
1557.991678,1,2,1,0,6,47.0,25.054
1558.005479,1,1,2,0,1,47.0,0.0
1558.0088705,6,1,1,0,1,45.0,0.0
1558.0220895,6,1,1,0,1,45.0,0.0
1558.0560405,6,1,1,0,1,45.0,0.0
1558.057455,1,6,33,10,210,63.0,4178.0
1558.0632625,6,1,1,0,1,46.0,0.0
1558.0658635,6,1,1,0,1,47.0,0.0
1558.074107,2,1,1,0,1,51.0,0.0
1558.0828795,6,1,1,0,1,45.0,0.0
1558.0910805,6,5,13,5,84,68.0,3658.0
1558.0911005,3,1,6,0,33,50.0,96.1
1558.1012885,6,21,30,11,176,64.0,5068.0
1558.1013,1,23,31,10,175,63.0,4909.0
1558.101302,5,41,34,14,237,66.0,7881.0
1558.107517,1,5,5,0,6,49.0,19.897
1558.1170395,6,1,1,0,1,45.0,0.0
1558.153289,1,12,34,14,213,65.0,6572.0
1558.2244575,6,4,6,1,29,61.0,423.836
1558.224467,1,1,1,0,1,46.0,0.0
1558.2312245,3,1,2,0,7,48.0,21.055
1558.2331365,3,1,2,0,12,47.0,20.098
1558.2729655,3,1,4,0,15,52.0,76.048
1558.273001,1,1,4,0,25,48.0,48.199
1558.291677,1,1,1,0,1,45.0,0.0
1558.294118,1,1,1,0,1,46.0,0.0
1558.3067275,3,1,5,1,55,51.0,145.436
1558.3184825,6,1,1,0,1,45.0,0.0
1558.3325865,6,1,3,0,1,46.0,0.0
1558.334288,1,1,1,0,1,45.0,0.0
1558.3347115,6,1,1,0,4,47.0,10.094
1558.3451755,6,1,2,0,89,47.0,53.027
1558.3741715,6,4,19,4,124,61.0,1124.0
1558.3741875,3,8,6,1,76,54.0,196.559
1558.3795785,3,1,6,1,69,54.0,184.272
1558.388049,1,1,1,0,1,45.0,0.0
1558.398593,1,3,10,3,65,67.0,2146.0
1558.3986185,3,1,1,0,4,49.0,12.418
1558.3986325,6,1,2,0,1,47.0,0.0
1558.4054435,6,1,1,0,1,46.0,0.0
1558.4091895,3,1,1,0,7,45.0,8.088
1558.4111525,6,1,1,0,1,45.0,0.0
1558.4116585,3,1,2,0,1,45.0,0.0
1558.4122015,6,1,1,0,1,45.0,0.0
1558.4274195,3,1,5,1,84,50.0,106.869
1558.429284,1,2,1,0,3,49.0,16.066
1558.4295295,6,1,1,0,1,45.0,0.0
1558.4492625,6,7,33,14,212,69.0,8780.0
1558.44928,1,2,36,15,269,68.0,8081.0
1558.4505105,6,1,1,0,1,45.0,0.0
1558.4603675,6,7,8,1,42,61.0,609.634
1558.4603825,3,1,1,0,1,47.0,0.0
1558.4609745,3,10,10,2,119,54.0,343.454
1558.4658465,6,1,1,0,1,45.0,0.0
1558.4677535,3,23,38,20,316,67.0,10305.0
1558.467759,2,9,45,40,276,78.0,58516.0
1558.46776,5,38,60,32,357,70.0,26899.0
1558.467762,1,20,56,35,356,75.0,39482.0
1558.4677635,6,21,44,28,309,73.0,24526.0
1558.4731505,6,1,2,0,8,46.0,18.109
1558.4757325,3,1,2,0,1,47.0,0.0
1558.475733,2,1,1,0,1,50.0,0.0
1558.4932525,6,1,1,0,4,47.0,11.405
1558.4952395,3,1,4,0,14,48.0,34.704
1558.5083245,3,1,1,0,1,45.0,0.0
1558.508928,1,2,1,0,2,45.0,15.254
1558.5090185,3,1,1,0,1,45.0,0.0
1558.5228865,6,2,2,0,3,47.0,9.923
1558.530051,5,11,22,9,104,70.0,8375.0
1558.5300545,3,1,8,1,88,51.0,165.611
1558.5320605,6,1,16,4,127,62.0,970.92
1558.5399,5,5,36,19,223,75.0,17917.0
1558.539913,1,16,33,10,250,64.0,3681.0
1558.5399145,6,17,28,10,202,66.0,4994.0
1558.544493,1,1,5,0,62,48.0,85.011
1558.5444965,3,2,7,1,71,51.0,168.428
1558.5467375,6,1,11,3,58,66.0,1972.0
1558.55243,1,1,2,0,1,47.0,0.0
1558.5544455,3,1,1,0,4,46.0,8.627
1558.5588445,3,1,2,0,4,49.0,12.607
1558.5588655,6,1,2,0,19,47.0,20.097
1558.5621545,6,1,1,0,1,46.0,0.0
1558.58177,2,1,2,0,1,50.0,0.0
1558.5899725,3,1,3,0,29,49.0,57.568
1558.5944615,6,1,1,0,1,45.0,0.0
1558.603504,1,1,1,0,1,45.0,0.0
1558.604524,1,1,3,0,9,47.0,20.654
1558.616669,1,1,1,0,1,45.0,0.0
1558.6185675,3,11,4,1,62,54.0,145.033
1558.618574,1,1,5,0,14,48.0,29.248
1558.6220755,6,6,33,18,255,77.0,29677.0
1558.625735,1,1,1,0,1,47.0,0.0
1558.6269835,3,1,1,0,19,46.0,21.631
1558.638432,1,1,4,0,1,49.0,0.0
1558.677116,1,1,5,0,1,47.0,0.0
1558.7211255,6,2,2,0,2,46.0,6.26
1558.7248925,6,1,2,0,1,46.0,0.0
1558.7267745,3,1,1,0,5,51.0,32.245
1558.726781,2,2,1,0,9,51.0,56.066
1558.7484405,3,1,1,0,1,46.0,0.0
1558.751373,1,2,1,0,3,45.0,6.711
1558.752753,1,1,1,0,1,45.0,0.0
1558.7546465,3,1,1,0,4,48.0,11.754
1558.7641495,6,1,1,0,1,45.0,0.0
1558.769837,1,1,1,0,1,47.0,0.0
1558.7864435,6,1,4,0,21,58.0,236.622
1558.7893255,6,1,2,0,1,49.0,0.0
1558.789326,1,1,2,0,1,49.0,0.0
1558.789521,5,2,2,0,3,50.0,22.33
1558.791955,1,1,2,0,1,48.0,0.0
1558.7929665,6,2,4,0,14,58.0,124.552
1558.794418,1,2,5,1,40,61.0,374.201
1558.799908,5,1,2,0,1,50.0,0.0
1558.803916,5,2,21,18,289,78.0,26652.0
1558.8039395,6,1,6,0,27,51.0,115.816
1558.83253,5,1,2,0,4,53.0,35.849
1558.8325565,6,1,1,0,1,45.0,0.0
1558.8341625,6,3,3,0,4,53.0,48.237
1558.8408425,6,1,1,0,1,48.0,0.0
1558.8447395,6,2,4,0,22,56.0,217.699
1558.844755,5,1,3,0,42,50.0,62.195
1558.844809,1,1,1,0,1,45.0,0.0
1558.853966,5,4,15,5,105,65.0,3433.0
1558.8539985,6,2,4,0,22,55.0,154.04
1558.8571025,6,2,8,4,58,71.0,4069.0
1558.860926,5,2,8,1,31,59.0,460.953
1558.8609495,6,2,4,1,28,55.0,235.233
1558.860964,1,1,1,0,1,47.0,0.0
1558.8632645,6,2,1,0,3,45.0,7.564
1558.8659985,6,1,12,2,93,58.0,682.172
1558.866007,5,16,12,2,53,55.0,514.394
1558.866009,1,2,13,3,92,62.0,876.455
1558.8660295,3,1,1,0,1,45.0,0.0
1558.875964,5,2,1,0,2,46.0,4.179
1558.880221,1,1,2,0,4,48.0,13.621
1558.880985,5,2,1,0,2,50.0,6.726
1558.8859715,6,1,1,0,1,45.0,0.0
1558.886189,5,2,2,0,2,52.0,17.41
1558.8891235,6,2,3,0,22,53.0,68.426
1558.8951525,6,1,1,0,1,47.0,0.0
1558.89642,2,2,7,1,35,58.0,405.841
1558.896429,1,43,13,2,131,55.0,421.68
1558.8964435,3,1,2,0,7,55.0,63.21
1558.89647,5,2,6,0,21,50.0,66.717
1558.8964915,6,2,3,0,12,52.0,54.067
1558.899548,5,11,4,0,12,50.0,71.253
1558.8995515,6,6,4,0,20,55.0,146.454
1558.899576,1,1,2,0,1,46.0,0.0
1558.9033505,6,1,2,0,1,48.0,0.0
1558.9146175,6,2,1,0,2,45.0,3.579
1558.9159465,6,1,1,0,1,45.0,0.0
1558.919255,1,2,4,0,49,50.0,83.351
1558.9192685,6,1,2,0,1,49.0,0.0
1558.9220515,6,4,4,0,25,55.0,146.806
1558.9224885,3,1,1,0,1,45.0,0.0
1558.9255875,6,2,1,0,3,49.0,10.904
1558.929519,1,1,5,1,51,54.0,184.308
1558.9295305,6,1,3,0,4,49.0,13.945
1558.930838,1,1,2,0,1,50.0,0.0
1558.9390825,6,2,2,0,2,47.0,6.26
1558.948222,1,1,3,0,9,47.0,19.747
1558.958957,5,2,1,0,3,50.0,14.302
1558.95966,1,1,2,0,1,47.0,0.0
1558.95967,5,1,1,0,1,47.0,0.0
1558.9659005,6,1,1,0,1,45.0,0.0
1558.967615,5,2,13,1,78,55.0,363.044
1558.9676795,3,1,4,0,20,52.0,127.285
1558.9676975,6,1,3,0,20,50.0,68.826
1558.967699,1,15,6,0,19,53.0,99.685
1558.9685685,6,1,2,0,4,46.0,7.78
1558.9728515,6,1,4,0,24,50.0,51.121
1558.9754395,6,1,2,0,1,46.0,0.0
1558.979797,1,2,14,4,67,67.0,2665.0
1558.983749,2,2,1,0,2,51.0,37.147
1558.98776,5,2,9,1,39,58.0,329.873
1558.9877975,6,1,2,0,4,49.0,14.02
1558.995951,1,1,1,0,1,45.0,0.0
1558.9983665,6,1,2,0,4,45.0,6.763
1559.00259,5,9,4,0,17,54.0,195.988
1559.007181,5,2,16,4,68,64.0,2180.0
1559.0071875,3,1,2,0,43,48.0,49.043
1559.0071975,6,10,10,1,53,57.0,269.458
1559.007214,2,1,1,0,1,56.0,0.0
1559.007253,1,1,1,0,1,47.0,0.0
1559.0101645,6,1,1,0,1,45.0,0.0
1559.021245,1,4,16,3,87,64.0,926.845
1559.0212545,3,1,5,1,98,51.0,160.457
1559.021258,2,1,8,1,19,57.0,406.84
1559.021264,5,37,8,2,95,53.0,283.176
1559.0212725,6,1,11,2,91,55.0,377.266
1559.033424,1,2,6,1,75,52.0,231.452
1559.0334395,6,1,4,0,24,51.0,71.81
1559.0334425,3,1,3,0,32,48.0,57.027
1559.033445,2,1,4,0,10,56.0,181.451
1559.033487,5,2,1,0,3,47.0,12.368
1559.0340495,6,1,2,0,70,48.0,56.623
1559.0340685,3,1,1,0,1,45.0,0.0
1559.047142,5,1,1,0,1,45.0,0.0
1559.0538415,6,1,2,0,5,57.0,64.529
1559.0603755,6,1,1,0,4,49.0,13.626
1559.0673475,6,2,2,0,3,53.0,28.719
1559.069879,1,2,5,0,18,60.0,322.231
1559.0712045,3,2,2,0,6,53.0,47.817
1559.072569,1,2,4,0,14,53.0,89.072
1559.072772,5,2,1,0,3,52.0,21.354
1559.083167,5,1,2,0,4,52.0,17.601
1559.0834355,6,1,1,0,1,45.0,0.0
1559.6405895,6,1,1,0,1,45.0,0.0
1559.6500705,3,1,1,0,1,45.0,0.0
1559.650075,2,1,1,0,1,50.0,0.0
1559.6658875,6,1,1,0,1,45.0,0.0
1559.708142,1,1,2,0,1,47.0,0.0
1559.715131,1,12,18,5,90,64.0,2506.0
1559.7151475,3,1,9,1,96,49.0,160.035
1559.7160695,6,1,1,0,1,45.0,0.0
1559.7171775,6,1,3,0,18,61.0,322.284
1559.7421675,6,5,10,5,60,73.0,5501.0
1559.7461955,3,1,1,0,1,45.0,0.0
1559.748846,5,15,37,16,217,71.0,13998.0
1559.748846,2,1,31,18,253,71.0,11410.0
1559.7488595,6,34,29,9,228,64.0,3288.0
1559.748865,1,3,32,9,205,63.0,3654.0
1559.754183,1,1,2,0,21,47.0,29.598
1559.75588,1,1,1,0,1,49.0,0.0
1559.7561595,6,1,6,2,67,65.0,1207.0
1559.7597335,3,1,6,1,115,48.0,151.11
1559.7597465,6,1,12,2,95,61.0,694.732
1559.7608825,3,1,2,0,31,47.0,34.619
1559.775405,1,1,3,0,1,49.0,0.0
1559.7793635,3,1,1,0,1,45.0,0.0
1559.7794055,6,1,1,0,1,45.0,0.0
1559.7840445,3,2,2,0,2,47.0,4.927
1559.7876545,6,2,4,1,31,62.0,1151.0
1559.796523,1,1,1,0,1,45.0,0.0
1559.8037855,6,1,1,0,1,45.0,0.0
1559.804656,2,1,1,0,1,51.0,0.0
1559.810781,1,1,1,0,1,45.0,0.0
1559.8136375,6,1,1,0,1,47.0,0.0
1559.8186615,6,1,1,0,1,45.0,0.0
1559.823317,5,2,14,4,93,67.0,2830.0
1559.8233995,3,1,4,0,29,51.0,70.345
1559.8271705,3,1,3,0,17,52.0,86.768
1559.8325875,6,2,1,0,4,46.0,13.678
1559.8598235,6,1,1,0,1,46.0,0.0
1559.8617265,3,1,1,0,1,47.0,0.0
1559.875539,1,1,2,0,8,49.0,24.273
1559.8804425,6,1,1,0,1,45.0,0.0
1559.8823365,6,1,1,0,1,45.0,0.0
1559.885868,1,1,3,0,1,47.0,0.0
1559.893346,5,14,23,10,132,67.0,7460.0
1559.8933795,3,1,4,0,1,49.0,0.0
1559.89932,1,6,2,0,7,49.0,28.46
1559.916299,1,16,23,7,139,65.0,3987.0
1559.9163155,3,1,6,1,74,54.0,216.453
1559.9190775,6,1,1,0,1,45.0,0.0
1559.9310045,3,1,2,0,8,49.0,25.309
1559.9475725,3,1,1,0,1,45.0,0.0
1559.9495205,3,1,1,0,4,48.0,14.525
1559.949536,2,1,1,0,1,50.0,0.0
1559.9541595,3,1,2,0,4,50.0,16.647
1559.9578645,6,11,10,3,54,68.0,2680.0
1559.9578945,3,1,2,0,4,48.0,13.23
1559.9586655,6,1,1,0,1,45.0,0.0
1559.9712575,6,2,4,0,17,63.0,413.132
1559.9784065,6,2,1,0,2,45.0,24.964
1559.9840375,6,1,1,0,1,45.0,0.0
1559.9847945,6,1,16,4,144,63.0,1605.0
1559.9848035,3,1,10,2,85,53.0,272.263
1559.9869285,6,2,1,0,2,45.0,10.461
1559.9961115,3,1,2,0,26,46.0,25.053
1559.9971475,6,1,1,0,1,47.0,0.0
1560.0031835,3,2,3,0,10,50.0,50.835
1560.0251075,6,1,1,0,1,45.0,0.0
1560.0347455,6,1,1,0,1,45.0,0.0
1560.03746,1,1,2,0,1,47.0,0.0
1560.0378265,6,1,1,0,1,45.0,0.0
1560.040165,1,1,4,0,1,48.0,0.0
1560.0421395,6,1,1,0,1,45.0,0.0
1560.046563,1,1,1,0,1,47.0,0.0
1560.0487975,6,1,1,0,1,45.0,0.0
1560.0577915,6,1,1,0,1,45.0,0.0
1560.0604215,6,3,4,1,21,64.0,940.925
1560.0850095,3,1,1,0,1,45.0,0.0
1560.0865075,3,1,1,0,1,46.0,0.0
1560.1003645,6,1,1,0,8,47.0,16.054
1560.1013735,6,1,1,0,1,45.0,0.0
1560.107049,1,2,1,0,3,45.0,8.775
1560.109603,1,1,1,0,1,45.0,0.0
1560.1138225,3,1,2,0,4,49.0,11.766
1560.1218065,6,1,1,0,1,46.0,0.0
1560.1249285,3,1,1,0,1,45.0,0.0
1560.1304005,6,1,1,0,1,45.0,0.0
1560.1445735,6,2,14,4,86,64.0,1692.0
1560.1445855,3,1,6,1,67,51.0,155.74
1560.1463045,6,2,1,0,2,46.0,11.626
1560.1606385,6,1,1,0,1,45.0,0.0
1560.174645,1,1,1,0,1,47.0,0.0
1560.2230865,6,1,1,0,4,45.0,9.233
1560.228724,1,1,1,0,1,45.0,0.0
1560.2377555,6,2,1,0,2,45.0,34.679
1560.2403205,6,1,1,0,1,46.0,0.0
1560.2474835,6,1,3,0,14,47.0,28.219
1560.247499,1,1,2,0,1,46.0,0.0
1560.248044,1,15,22,7,174,67.0,3345.0
1560.2480495,6,13,26,8,216,63.0,2457.0
1560.2613755,3,1,17,4,262,53.0,545.043
1560.261385,5,130,35,12,251,67.0,5399.0
1560.2631175,6,1,1,0,1,45.0,0.0
1560.2703615,6,1,1,0,1,45.0,0.0
1560.2728645,6,1,1,0,1,45.0,0.0
1560.2753875,6,1,1,0,1,45.0,0.0
1560.2817645,6,1,2,0,1,46.0,0.0
1560.2879575,6,1,1,0,1,45.0,0.0
1560.293253,1,1,1,0,1,48.0,0.0
1560.2932685,6,1,2,0,1,47.0,0.0
1560.293279,2,1,1,0,1,50.0,0.0
1560.3053675,6,1,2,0,4,47.0,10.197
1560.3296665,6,1,1,0,1,45.0,0.0
1560.3380025,6,4,8,3,59,72.0,4318.0
1560.3572835,3,1,2,0,4,47.0,9.426
1560.371569,1,2,22,8,123,72.0,7535.0
1560.371594,2,1,1,0,1,50.0,0.0
1560.3716155,6,1,1,0,1,45.0,0.0
1560.378169,1,1,1,0,1,49.0,0.0
1560.4025775,6,5,5,1,15,63.0,878.54
1560.4094615,6,1,1,0,1,46.0,0.0
1560.4168595,6,1,1,0,1,45.0,0.0
1560.4171945,3,1,1,0,4,50.0,18.553
1560.4307475,3,1,1,0,4,49.0,14.69
1560.433209,1,1,2,0,5,47.0,15.52
1560.4335325,3,1,1,0,4,45.0,6.753
1560.4359295,6,4,7,1,31,63.0,795.744
1560.436003,1,1,1,0,1,45.0,0.0
1560.4460185,6,4,13,3,116,62.0,986.611
1560.4460515,3,2,3,0,5,49.0,19.281
1560.4657205,6,1,1,0,1,45.0,0.0
1560.4676605,6,1,1,0,1,45.0,0.0
1560.4713515,6,3,8,2,43,66.0,1181.0
1560.4903545,6,1,1,0,1,45.0,0.0
1560.4921995,6,1,1,0,1,47.0,0.0
1560.4976535,6,1,1,0,1,45.0,0.0
1560.5047755,6,2,1,0,2,45.0,3.132
1560.5127585,6,4,15,5,133,66.0,2521.0
1560.5127975,3,1,3,0,45,49.0,77.077
1560.52551,1,1,2,0,1,48.0,0.0
1560.5259235,3,1,2,0,8,52.0,47.9
1560.5261025,6,1,1,0,1,45.0,0.0
1560.532796,2,2,1,0,2,51.0,10.07
1560.5328105,6,1,1,0,1,46.0,0.0
1560.533791,1,1,10,2,47,64.0,1067.0
1560.5498615,6,1,1,0,1,45.0,0.0
1560.55879,1,1,1,0,1,47.0,0.0
1560.5638645,6,1,1,0,1,45.0,0.0
1560.569958,1,3,16,5,103,70.0,4600.0
1560.5704565,3,1,1,0,4,49.0,13.613
1560.5712705,3,1,2,0,8,52.0,38.739
1560.5865925,6,1,1,0,1,45.0,0.0
1560.604103,1,1,1,0,1,45.0,0.0
1560.627904,1,1,1,0,1,48.0,0.0
1560.6291725,6,1,1,0,1,45.0,0.0
1560.6430205,6,1,1,0,1,45.0,0.0
1560.6475385,6,1,1,0,1,46.0,0.0
1560.661283,1,12,31,12,247,63.0,5069.0
1560.6739485,3,1,1,0,1,45.0,0.0
1560.6769045,6,1,1,0,1,45.0,0.0
1560.6798655,6,2,2,0,10,47.0,27.566
1560.6891705,3,1,9,3,162,54.0,417.76
1560.694055,1,1,1,0,1,45.0,0.0
1560.6960795,6,1,1,0,1,45.0,0.0
1560.6973865,6,1,1,0,1,46.0,0.0
1560.697695,1,1,1,0,1,45.0,0.0
1560.6995575,6,1,1,0,1,45.0,0.0
1560.7010675,6,1,1,0,1,45.0,0.0
1560.7016155,6,1,1,0,1,45.0,0.0
1560.7057785,6,1,1,0,1,45.0,0.0
1560.7137835,6,1,1,0,4,46.0,9.173
1560.7222445,3,1,1,0,1,45.0,0.0
1560.730645,1,1,1,0,1,49.0,0.0
1560.732081,1,1,3,0,1,47.0,0.0
1560.7381525,6,1,1,0,1,45.0,0.0
1560.7435855,6,1,1,0,1,45.0,0.0
1560.7471465,3,1,1,0,1,45.0,0.0
1560.747149,1,2,3,0,3,49.0,13.18
1560.758099,1,9,35,15,245,65.0,7697.0
1560.7595785,3,1,3,0,25,50.0,73.028
1560.766446,1,1,1,0,1,45.0,0.0
1560.773009,1,2,4,0,4,49.0,15.92
1560.8050435,6,1,3,0,1,46.0,0.0
1560.805055,1,1,5,0,1,49.0,0.0
1560.8224235,6,1,1,0,1,45.0,0.0
1560.832345,1,1,2,0,1,46.0,0.0
1560.8337175,6,1,1,0,1,46.0,0.0
1560.8456885,6,1,2,0,1,45.0,0.0
1560.854173,1,9,32,10,158,63.0,4884.0
1560.860021,1,1,2,0,1,45.0,0.0
1560.8615445,6,1,2,0,1,46.0,0.0
1560.863839,1,1,1,0,1,45.0,0.0
1560.8647625,6,1,2,0,11,61.0,159.334
1560.869563,1,1,3,0,1,49.0,0.0
1560.875879,1,2,2,0,2,47.0,36.131
1560.8772285,6,1,4,1,24,62.0,525.602
1560.8880615,3,1,2,0,5,48.0,16.556
1560.8916215,6,1,1,0,1,45.0,0.0
1560.8947415,6,2,1,0,2,45.0,4.4
1560.8971545,6,1,1,0,1,45.0,0.0
1560.9005615,6,1,1,0,10,46.0,12.861
1560.9066335,3,2,1,0,2,46.0,3.324
1560.9393655,6,1,3,0,5,47.0,9.284
1560.9439875,6,1,1,0,1,46.0,0.0
1560.9475675,3,1,3,0,19,47.0,36.379
1560.949912,1,30,35,16,250,65.0,7859.0
1560.9507865,3,1,1,0,1,45.0,0.0
1560.966284,1,7,27,17,173,76.0,23940.0
1560.9663235,3,1,3,0,18,50.0,44.262
1560.9663635,6,1,2,0,1,45.0,0.0
1560.9733385,3,1,1,0,5,47.0,11.043
1560.974227,1,1,1,0,1,45.0,0.0
1560.9813035,6,2,7,1,53,62.0,580.186
1560.9813415,3,1,2,0,14,47.0,26.377
1560.981354,2,1,2,0,1,52.0,0.0
1560.9956665,6,1,1,0,1,45.0,0.0
1561.0028975,6,1,1,0,1,46.0,0.0
1561.006414,2,1,1,0,1,50.0,0.0
1561.0289445,6,1,2,0,1,45.0,0.0
1561.0337845,3,1,1,0,1,45.0,0.0
1561.033792,2,1,1,0,1,50.0,0.0
1561.0338065,6,1,1,0,1,45.0,0.0
1561.0361335,6,1,1,0,1,45.0,0.0
1561.038235,1,1,1,0,4,48.0,11.23
1561.045684,1,28,32,12,248,63.0,5094.0
1561.0465415,6,8,5,1,28,61.0,650.891
1561.0482865,3,1,2,0,1,46.0,0.0
1561.0486265,6,1,1,0,1,45.0,0.0
1561.0587865,6,1,1,0,1,45.0,0.0
1561.0603095,6,1,3,0,1,46.0,0.0
1561.0726285,6,1,1,0,1,45.0,0.0
1561.0810285,6,1,1,0,1,45.0,0.0
1561.087175,1,2,14,4,88,69.0,2910.0
1561.098513,1,1,1,0,1,47.0,0.0
1561.1215155,6,1,4,1,108,61.0,394.216
1561.1277785,6,1,1,0,1,46.0,0.0
1561.1335325,3,1,1,0,1,45.0,0.0
1561.1392285,3,1,1,0,1,45.0,0.0
1561.141481,1,12,37,16,251,65.0,7950.0
1561.1414925,6,46,42,12,305,61.0,3538.0
1561.1514055,6,1,1,0,4,46.0,8.697
1561.1674915,3,1,1,0,1,45.0,0.0
1561.179421,2,1,1,0,1,51.0,0.0
1561.2127865,6,8,13,3,89,63.0,1148.0
1561.237328,1,9,31,12,248,63.0,5122.0
1561.241508,1,24,2,0,25,46.0,32.551
1561.2417775,3,1,1,0,1,45.0,0.0
1561.242083,1,1,1,0,1,46.0,0.0
1561.243887,2,1,2,0,1,51.0,0.0
1561.2439185,6,1,2,0,15,47.0,32.339
1561.2439205,3,1,1,0,1,45.0,0.0
1561.245005,1,1,1,0,1,47.0,0.0
1561.2462245,3,1,1,0,1,46.0,0.0
1561.252365,1,1,1,0,1,45.0,0.0
1561.2644165,6,1,1,0,1,45.0,0.0
1561.3005815,6,1,2,0,1,47.0,0.0
1561.3064735,6,2,3,0,9,61.0,251.902
1561.3206905,3,1,2,0,10,49.0,35.675
1561.329373,5,2,36,22,351,71.0,16738.0
1561.3293885,6,38,25,9,267,61.0,2607.0
1561.334253,1,30,35,16,253,64.0,8047.0
1561.3342675,6,45,43,11,274,61.0,3554.0
1561.3352805,6,3,15,4,105,64.0,1389.0
1561.3352895,3,1,7,1,61,53.0,204.012
1561.3394505,6,1,1,0,1,45.0,0.0
1561.3416335,6,1,1,0,1,45.0,0.0
1561.353116,1,1,1,0,4,46.0,8.948
1561.3546655,6,1,1,0,1,45.0,0.0
1561.3595085,3,1,3,0,36,47.0,48.486
1561.3753345,6,2,26,7,198,61.0,1990.0
1561.3844575,6,1,1,0,6,46.0,7.724
1561.3978115,3,1,1,0,5,48.0,14.754
1561.404593,1,1,2,0,1,46.0,0.0
1561.4178915,6,2,1,0,2,45.0,8.76
1561.420917,5,2,23,16,146,78.0,31148.0
1561.4209465,3,1,3,0,45,48.0,56.332
1561.4221355,6,1,1,0,1,45.0,0.0
1561.427989,1,1,9,2,65,67.0,1176.0
1561.435309,1,2,2,0,8,49.0,66.957
1561.4384645,6,1,1,0,1,45.0,0.0
1561.4399545,6,1,1,0,1,45.0,0.0
1561.4502645,3,1,1,0,1,45.0,0.0
1561.4596875,6,1,1,0,1,45.0,0.0
1561.463142,1,2,2,0,2,49.0,9.639
1561.4643295,6,100,10,2,122,61.0,636.956
1561.464353,2,1,1,0,1,50.0,0.0
1561.485898,1,1,1,0,1,45.0,0.0
1561.4932985,6,1,3,0,1,47.0,0.0
1561.4958515,3,1,2,0,35,46.0,28.795
1561.5029175,6,1,1,0,1,45.0,0.0
1561.5097925,6,4,11,4,60,68.0,2587.0
1561.5098465,3,1,2,0,21,48.0,39.082
1561.5123325,6,1,1,0,1,46.0,0.0
1561.514727,2,1,2,0,1,52.0,0.0
1561.5147555,3,1,1,0,4,48.0,12.773
1561.5249795,6,1,3,0,1,46.0,0.0
1561.5344555,6,2,6,2,35,62.0,882.493
1561.5368095,6,1,1,0,1,45.0,0.0
1561.5429235,3,3,2,0,13,52.0,42.749
1561.563988,1,2,1,0,2,45.0,3.784
1561.5816275,6,1,2,0,1,46.0,0.0
1561.594869,1,1,1,0,1,45.0,0.0
1561.5976405,6,1,2,0,1,47.0,0.0
1561.6019715,6,1,1,0,1,45.0,0.0
1561.6152145,6,1,1,0,1,45.0,0.0
1561.6213185,6,1,2,0,4,47.0,12.044
1561.6248265,6,1,1,0,4,47.0,11.698
1561.6368495,3,1,1,0,1,45.0,0.0
1561.6383225,3,1,1,0,1,45.0,0.0
1561.6428965,6,2,5,1,22,62.0,697.587
1561.6436915,6,1,3,0,1,47.0,0.0
1561.6457045,6,5,8,2,47,64.0,1396.0
1561.645764,1,1,2,0,26,49.0,35.637
1561.645805,2,1,1,0,1,50.0,0.0
1561.6473585,3,1,4,0,21,54.0,117.329
1561.6483325,6,3,12,3,112,61.0,1485.0
1561.6483495,3,1,7,1,41,53.0,178.793
1561.648689,2,1,2,0,1,51.0,0.0
1561.6571965,6,6,12,3,69,62.0,1197.0
1561.6572165,3,3,5,0,29,54.0,162.564
1561.6586275,6,1,1,0,1,47.0,0.0
1561.6639435,6,1,5,1,25,62.0,640.414
1561.666555,1,2,1,0,3,47.0,9.736
1561.681242,1,1,1,0,1,45.0,0.0
1561.6832905,6,1,1,0,1,45.0,0.0
1561.7238745,6,4,7,4,52,74.0,4243.0
1561.7373585,3,1,2,0,1,46.0,0.0
1561.737401,1,1,2,0,1,46.0,0.0
1561.754881,1,2,1,0,2,45.0,4.826
1561.7571545,3,1,1,0,1,46.0,0.0
1561.7614295,3,2,4,0,40,50.0,77.007
1561.7796905,6,1,1,0,1,45.0,0.0
1561.7813745,6,1,2,0,4,47.0,10.983
1561.7828165,6,1,1,0,1,46.0,0.0
1561.7853375,6,1,1,0,1,45.0,0.0
1561.7977995,3,1,3,0,8,51.0,49.163
1561.797837,1,1,4,0,51,49.0,76.129
1561.8166185,3,1,2,0,4,49.0,16.917
1561.8221615,6,1,1,0,1,45.0,0.0
1561.826328,1,1,1,0,1,45.0,0.0
1561.8266655,6,1,2,0,1,47.0,0.0
1561.827799,5,1,9,3,95,69.0,1654.0
1561.8429395,6,2,12,4,115,66.0,1911.0
1561.8429455,3,1,6,0,42,53.0,112.319
1561.842978,2,1,3,1,60,52.0,229.586
1561.8506675,6,1,1,0,1,47.0,0.0
1561.8669795,6,1,1,0,1,45.0,0.0
1561.8724815,3,1,1,0,4,49.0,16.512
1561.8790365,6,1,1,0,1,45.0,0.0
1561.8998435,6,1,1,0,1,46.0,0.0
1561.905519,1,2,1,0,2,45.0,5.484
1561.9060865,6,1,1,0,1,45.0,0.0
1561.9079625,6,1,1,0,1,45.0,0.0
1561.933043,5,3,19,5,118,66.0,2799.0
1561.9330585,3,1,8,2,123,53.0,227.703
1561.9407175,3,1,5,0,20,50.0,34.853
1561.9487395,6,3,6,1,30,60.0,369.776
1561.948745,1,7,6,1,65,56.0,231.528
1561.948763,5,1,2,0,1,46.0,0.0
1561.9487635,3,1,2,0,25,47.0,34.116
1561.965925,1,1,5,0,45,53.0,115.704
1561.9659415,6,1,2,0,4,49.0,13.358
1561.9659515,3,1,4,0,21,51.0,91.681
1561.9731295,6,1,1,0,1,45.0,0.0
1561.9745135,6,1,8,1,98,55.0,276.44
1561.974533,5,2,9,0,28,53.0,174.244
1561.9745385,3,1,3,0,1,50.0,0.0
1561.974558,1,1,5,0,1,51.0,0.0
1561.980861,1,1,1,0,1,45.0,0.0
1561.981627,1,1,1,0,1,47.0,0.0
1561.9854055,6,1,2,0,1,49.0,0.0
1561.98777,5,1,3,0,1,46.0,0.0
1561.9878585,6,1,4,0,21,52.0,100.726
1561.991277,1,3,2,0,11,57.0,175.336
1561.9934455,6,1,1,0,1,51.0,0.0
1562.0019055,3,2,1,0,2,45.0,3.784
1562.004385,5,1,1,0,4,48.0,12.546
1562.006886,5,1,2,0,1,46.0,0.0
1562.006888,1,1,4,0,1,52.0,0.0
1562.008615,1,2,7,1,38,59.0,437.422
1562.008742,5,2,3,0,6,53.0,60.817
1562.0087715,6,1,2,0,14,47.0,18.563
1562.013142,1,1,2,0,1,51.0,0.0
1562.0131485,6,1,1,0,1,45.0,0.0
1562.0141165,6,1,1,0,1,45.0,0.0
1562.016855,5,2,1,0,2,46.0,13.574
1562.0168705,6,1,1,0,1,45.0,0.0
1562.021027,5,2,5,0,20,55.0,103.958
1562.0210525,6,1,1,0,7,49.0,20.177
1562.021303,1,2,8,1,71,53.0,232.529
1562.0252275,6,1,1,0,1,45.0,0.0
1562.032698,1,3,7,1,43,61.0,402.066
1562.0331525,3,8,6,1,83,56.0,297.64
1562.033167,2,1,3,0,13,55.0,125.166
1562.033174,5,2,8,1,56,55.0,276.62
1562.0331805,6,2,8,2,115,53.0,312.391
1562.033246,1,2,2,0,3,47.0,10.614
1562.0357845,6,11,4,1,34,59.0,282.131
1562.035807,5,2,4,0,2,53.0,9.686
1562.03583,1,1,2,0,1,51.0,0.0
1562.040414,5,3,3,0,11,51.0,61.704
1562.041088,1,2,5,1,37,57.0,210.081
1562.041908,5,5,3,0,11,53.0,92.331
1562.0419185,6,1,2,0,1,47.0,0.0
1562.042936,1,10,6,0,27,51.0,130.043
1562.0429465,6,1,5,0,51,51.0,96.203
1562.0429475,3,1,2,0,5,49.0,18.824
1562.042964,5,2,4,0,7,48.0,17.122
1562.0440915,6,1,2,0,21,47.0,30.969
1562.0453875,6,2,1,0,2,47.0,5.098
1562.053387,5,1,1,0,1,47.0,0.0
1562.054769,1,2,1,0,4,47.0,14.646
1562.0582195,6,4,2,0,5,49.0,20.723
1562.05823,5,1,1,0,1,47.0,0.0
1562.05955,1,2,2,0,3,50.0,19.571
1562.0625485,6,1,2,0,5,46.0,8.925
1562.0660605,6,12,10,3,43,65.0,2385.0
1562.066089,5,1,3,0,26,48.0,47.063
1562.066098,1,1,5,0,38,52.0,116.207
1562.0735725,6,3,5,0,17,55.0,156.415
1562.073955,5,7,4,0,18,57.0,259.227
1562.0743935,6,1,2,0,5,47.0,13.751
1562.074398,1,1,1,0,1,45.0,0.0
1562.077364,5,2,4,0,2,51.0,13.128
1562.0773675,6,1,5,0,11,52.0,49.293
1562.0773855,3,1,2,0,1,45.0,0.0
1562.086091,1,11,24,8,228,63.0,2911.0
1562.086105,2,38,19,8,127,61.0,3015.0
1562.0861085,6,5,20,8,188,63.0,2748.0
1562.0861115,3,12,15,5,176,62.0,1471.0
1562.086118,5,2,22,5,175,59.0,1214.0
1562.0874815,6,2,3,0,19,50.0,71.41
1562.0955085,6,2,3,0,4,55.0,55.415
1562.0962565,6,1,2,0,4,51.0,19.964
1562.0997305,6,1,1,0,1,45.0,0.0
1562.103489,5,2,3,0,2,47.0,6.26
1562.105213,1,1,4,0,19,57.0,179.839
1562.105215,5,1,3,0,1,48.0,0.0
1562.1084035,6,1,1,0,1,45.0,0.0
1562.1140165,6,1,1,0,1,47.0,0.0
1562.118628,5,2,5,0,2,54.0,24.964
1562.1188005,6,22,14,4,74,68.0,3235.0
1562.1188325,3,41,4,0,53,50.0,99.917
1562.118837,1,1,13,1,73,51.0,204.109
1562.1268085,6,2,3,0,6,50.0,26.535
1562.132527,5,1,1,0,1,49.0,0.0
1562.136612,5,3,3,0,5,47.0,19.977
1562.137156,5,2,5,0,122,48.0,57.711
1562.137258,1,1,10,1,78,52.0,177.937
1562.1372665,3,1,1,0,1,45.0,0.0
1562.1372665,6,1,5,0,22,54.0,118.48
1562.137277,2,1,3,0,1,57.0,0.0
1562.1382325,6,2,2,0,2,49.0,6.569
1562.140394,1,1,7,1,51,52.0,167.641
1562.1404275,6,1,2,0,1,48.0,0.0
1562.1473475,3,1,1,0,4,46.0,10.14
1562.147361,1,1,2,0,1,48.0,0.0
1562.1478185,6,1,2,0,1,53.0,0.0
1562.14908,5,3,4,0,8,53.0,72.415
1562.150764,5,1,1,0,1,45.0,0.0
1562.151507,5,2,2,0,2,47.0,3.813
1562.152379,5,2,2,0,4,46.0,13.782
1562.1579145,3,1,2,0,8,51.0,36.733
1562.1579415,6,1,2,0,4,48.0,12.587
1562.1597905,3,1,1,0,1,45.0,0.0
1562.1598055,6,1,2,0,4,48.0,11.895
1562.17248,1,3,3,0,13,51.0,134.602
1562.1733495,6,1,3,0,10,47.0,21.242
1562.174784,2,1,9,2,62,58.0,631.766
1562.174785,5,77,12,2,78,55.0,344.231
1562.174786,1,1,15,2,93,55.0,502.908
1562.1747895,3,1,8,1,94,52.0,202.585
1562.1747895,6,2,16,3,136,55.0,609.596
1562.175533,1,1,2,0,1,50.0,0.0
1562.175756,5,3,2,0,4,49.0,24.525
1562.1774215,3,1,1,0,4,52.0,27.715
1562.177432,5,1,1,0,1,45.0,0.0
1562.1774635,6,1,1,0,1,45.0,0.0
1562.179251,1,4,3,0,8,53.0,91.236
1562.1797115,6,3,4,1,20,63.0,484.156
1562.1805235,6,2,1,0,2,48.0,8.402
1562.1813025,6,1,3,0,7,49.0,32.51
1562.189602,5,1,3,0,1,48.0,0.0
1562.1916575,6,2,12,3,123,61.0,734.883
1562.1916605,3,1,4,0,44,50.0,60.979
1562.191663,1,1,12,2,97,55.0,425.572
1562.191681,5,27,8,1,53,52.0,217.257
1562.194637,5,1,2,0,1,53.0,0.0
1562.1972255,6,1,2,0,7,52.0,50.032
1562.2025765,6,1,2,0,4,52.0,24.345
1562.206645,5,14,11,1,59,51.0,325.21
1562.20665,1,2,4,0,13,50.0,35.956
1562.2066545,6,1,2,0,1,47.0,0.0
1562.2096095,6,1,1,0,1,45.0,0.0
1562.215798,5,1,2,0,1,45.0,0.0
1562.771981,1,1,2,0,4,48.0,12.263
1562.785606,1,1,3,0,42,48.0,56.623
1562.7878395,6,1,1,0,1,47.0,0.0
1562.7933755,3,1,7,1,77,53.0,179.055
1562.7947185,3,1,2,0,1,46.0,0.0
1562.7980555,6,12,9,3,89,63.0,1886.0
1562.798115,2,1,1,0,1,50.0,0.0
1562.8000765,6,1,1,0,11,45.0,11.499
1562.8023965,6,1,1,0,1,45.0,0.0
1562.804669,5,3,20,7,166,68.0,3711.0
1562.80472,1,1,5,0,70,48.0,91.71
1562.8047585,3,1,2,0,5,49.0,14.452
1562.8067995,6,1,1,0,1,45.0,0.0
1562.8106995,6,1,2,0,1,47.0,0.0
1562.8107075,3,1,4,0,14,50.0,58.223
1562.811864,1,1,2,0,1,46.0,0.0
1562.8126105,3,1,1,0,1,46.0,0.0
1562.818201,1,1,1,0,1,47.0,0.0
1562.8235865,3,1,3,0,9,50.0,40.431
1562.8278145,6,1,1,0,1,47.0,0.0
1562.828611,1,8,44,39,335,84.0,105702.0
1562.82862,2,10,36,21,259,71.0,15447.0
1562.8286215,3,18,31,14,289,69.0,7481.0
1562.82863,5,45,32,11,241,67.0,5411.0
1562.8286405,6,10,31,16,353,69.0,8900.0
1562.8345415,6,3,6,2,28,63.0,1074.0
1562.8345685,3,1,1,0,4,50.0,20.369
1562.8365015,6,1,2,0,1,46.0,0.0
1562.8367765,3,1,3,0,9,46.0,15.933
1562.8414595,6,1,2,0,1,46.0,0.0
1562.8457585,3,1,1,0,1,45.0,0.0
1562.8575785,3,1,1,0,1,45.0,0.0
1562.857621,2,1,2,0,1,52.0,0.0
1562.8599555,6,1,2,0,1,47.0,0.0
1562.8702785,3,1,1,0,1,45.0,0.0
1562.8712745,3,1,3,0,4,49.0,12.73
1562.8779565,3,1,1,0,1,45.0,0.0
1562.8845215,3,1,3,0,15,54.0,75.792
1562.8863635,6,1,1,0,4,45.0,8.65
1562.8966285,6,1,1,0,1,45.0,0.0
1562.9051585,6,1,1,0,1,46.0,0.0
1562.9060355,6,2,8,2,47,64.0,1776.0
1562.9060825,3,2,1,0,2,45.0,4.055
1562.9088685,3,1,1,0,1,45.0,0.0
1562.927401,1,1,1,0,1,45.0,0.0
1562.930939,1,2,5,0,40,49.0,101.332
1562.9309545,3,1,1,0,1,45.0,0.0
1562.9381395,6,1,2,0,1,46.0,0.0
1562.9572785,3,1,1,0,1,45.0,0.0
1562.969653,1,2,1,0,3,45.0,11.57
1562.971556,1,1,1,0,1,45.0,0.0
1562.9817865,3,2,4,0,9,51.0,47.559
1562.981788,1,19,5,1,101,49.0,168.643
1562.9943805,6,2,8,1,26,61.0,591.704
1562.994386,1,1,4,1,75,49.0,89.049
1562.9943965,3,2,6,0,45,48.0,114.257
1562.9999595,3,1,1,0,4,47.0,9.107
1563.0034005,6,1,1,0,1,45.0,0.0
1563.0359875,6,1,1,0,1,45.0,0.0
1563.037532,1,2,6,0,3,48.0,7.897
1563.037623,2,1,1,0,1,50.0,0.0
1563.0512615,6,1,1,0,1,45.0,0.0
1563.0542725,3,1,4,0,32,53.0,161.477
1563.054327,2,2,1,0,2,51.0,29.415
1563.0573325,6,1,2,0,8,47.0,16.519
1563.063583,1,1,2,0,1,45.0,0.0
1563.0706895,6,1,2,0,1,47.0,0.0
1563.077705,1,1,1,0,1,45.0,0.0
1563.0812985,6,1,1,0,1,47.0,0.0
1563.082166,1,2,1,0,2,46.0,7.006
1563.0938835,6,3,3,0,25,62.0,366.212
1563.102489,1,1,1,0,1,45.0,0.0
1563.1025375,6,1,1,0,1,45.0,0.0
1563.1029685,3,2,7,1,84,51.0,157.968
1563.106485,1,2,1,0,3,48.0,11.07
1563.1173575,3,2,5,0,30,52.0,137.652
1563.1231865,6,1,1,0,4,47.0,11.191
1563.1501835,6,1,1,0,1,45.0,0.0
1563.16011,5,9,23,7,159,68.0,4142.0
1563.1601335,6,12,13,3,107,61.0,793.132
1563.1835025,6,2,11,6,162,70.0,5084.0
1563.1835505,3,1,3,0,10,46.0,13.693
1563.1844955,3,1,1,0,1,45.0,0.0
1563.1858915,3,1,2,0,8,48.0,23.687
1563.1881725,6,2,2,0,2,45.0,4.927
1563.188506,2,1,2,0,36,52.0,134.153
1563.1954705,6,1,1,0,1,45.0,0.0
1563.196087,1,1,1,0,1,45.0,0.0
1563.1997555,6,1,1,0,1,46.0,0.0
1563.209101,1,1,1,0,1,47.0,0.0
1563.209762,1,1,4,0,1,49.0,0.0
1563.209765,2,2,1,0,3,51.0,28.4
1563.2128105,3,1,3,0,178,47.0,50.402
1563.212974,1,3,9,1,48,63.0,678.02
1563.217209,1,1,1,0,1,45.0,0.0
1563.2281815,3,1,1,0,1,45.0,0.0
1563.2284805,6,1,2,0,1,47.0,0.0
1563.247915,1,1,1,0,1,45.0,0.0
1563.2485035,3,1,4,1,153,51.0,168.826
1563.249136,2,3,3,0,5,52.0,56.345
1563.2515755,6,3,9,2,54,62.0,873.125
1563.2516015,3,1,3,0,34,50.0,66.075
1563.251616,2,1,1,0,1,51.0,0.0
1563.2609925,3,1,1,0,1,45.0,0.0
1563.2656415,6,3,5,0,9,64.0,626.806
1563.2656905,3,1,1,0,5,47.0,13.132
1563.265732,1,1,1,0,1,45.0,0.0
1563.280609,5,26,85,178,631,89.0,1170000.0
1563.2806125,3,17,61,99,706,83.0,246835.0
1563.280613,1,13,83,125,551,83.0,382019.0
1563.280618,2,27,72,155,528,83.0,576001.0
1563.2806205,6,27,73,134,625,86.0,523311.0
1563.280622,4,9,36,22,269,73.0,19802.0
1563.2826915,3,9,5,1,76,54.0,191.82
1563.2849475,3,1,1,0,4,48.0,12.113
1563.287828,5,11,22,8,159,68.0,4879.0
1563.2878375,3,2,9,1,87,54.0,230.434
1563.2878405,6,39,22,7,166,61.0,2379.0
1563.2928945,3,3,7,1,57,54.0,143.589
1563.2945235,6,1,1,0,1,45.0,0.0
1563.3008535,6,188,8,3,211,64.0,845.926
1563.3029585,3,1,2,0,5,52.0,36.609
1563.3089685,3,2,5,0,24,50.0,73.34
1563.3128725,3,1,1,0,1,45.0,0.0
1563.3167165,6,1,1,0,1,45.0,0.0
1563.3175745,3,1,2,0,1,47.0,0.0
1563.3236405,3,2,2,0,2,47.0,3.435
1563.327441,1,1,1,0,1,45.0,0.0
1563.3304655,6,1,1,0,4,46.0,9.099
1563.331401,2,2,3,0,2,52.0,30.416
1563.3383915,3,1,3,1,204,48.0,70.718
1563.340113,1,1,2,0,1,48.0,0.0
1563.3523745,6,1,1,0,1,45.0,0.0
1563.354166,5,4,40,11,294,67.0,4550.0
1563.3541735,6,30,34,12,329,63.0,3797.0
1563.358794,1,1,1,0,1,45.0,0.0
1563.3712065,6,1,2,0,5,46.0,10.463
1563.3759415,6,1,1,0,1,45.0,0.0
1563.3800285,3,1,1,0,1,45.0,0.0
1563.380034,1,1,1,0,1,45.0,0.0
1563.3873625,6,1,1,0,1,45.0,0.0
1563.396449,1,3,3,0,8,48.0,58.195
1563.4227935,6,1,1,0,1,45.0,0.0
1563.429459,1,104,81,39,563,70.0,26600.0
1563.429523,5,9,75,49,524,81.0,107094.0
1563.429533,2,18,60,35,462,70.0,23382.0
1563.4295345,6,20,63,34,693,72.0,26948.0
1563.4309545,3,1,3,0,4,51.0,21.918
1563.430968,2,1,3,0,1,52.0,0.0
1563.430971,1,1,1,0,1,48.0,0.0
1563.4314845,3,1,2,0,1,48.0,0.0
1563.4352545,3,2,2,0,5,50.0,23.424
1563.4352765,6,1,3,0,1,46.0,0.0
1563.4451425,6,1,1,0,1,45.0,0.0
1563.4550355,6,1,1,0,1,45.0,0.0
1563.464656,1,1,1,0,1,45.0,0.0
1563.4666025,6,2,1,0,2,45.0,11.626
1563.468864,1,1,1,0,1,49.0,0.0
1563.4849605,6,1,1,0,1,46.0,0.0
1563.4858145,3,1,1,0,1,45.0,0.0
1563.5017165,6,1,1,0,1,46.0,0.0
1563.5039845,6,1,2,0,1,47.0,0.0
1563.507525,1,3,3,0,4,48.0,23.309
1563.513355,1,1,2,0,1,47.0,0.0
1563.5266495,6,7,26,15,246,74.0,19785.0
1563.527326,1,1,6,2,183,49.0,162.301
1563.5274365,3,1,3,0,9,48.0,26.053
1563.532688,1,1,2,0,1,47.0,0.0
1563.5328985,3,1,2,0,5,52.0,28.282
1563.5341115,3,1,1,0,1,45.0,0.0
1563.5341365,6,1,1,0,1,45.0,0.0
1563.538465,1,1,2,0,1,45.0,0.0
1563.5394015,6,1,1,0,1,45.0,0.0
1563.5410925,6,1,1,0,1,45.0,0.0
1563.541811,1,2,6,1,35,65.0,938.072
1563.544247,1,112,33,10,266,64.0,4311.0
1563.5443095,6,4,32,11,231,65.0,4864.0
1563.54522,1,1,8,2,170,49.0,183.175
1563.550007,1,1,1,0,1,45.0,0.0
1563.5538875,3,1,8,2,114,53.0,250.675
1563.570543,1,15,17,5,109,64.0,2198.0
1563.5705555,3,1,9,2,146,52.0,309.514
1563.581824,1,2,1,0,3,45.0,13.005
1563.5871075,6,1,1,0,1,45.0,0.0
1563.58968,1,2,2,0,28,46.0,40.855
1563.5911005,6,1,2,0,97,46.0,43.399
1563.591817,5,8,33,13,192,70.0,9285.0
1563.59182,1,44,33,9,232,64.0,3391.0
1563.5918285,6,11,27,9,265,63.0,2841.0
1563.5971315,6,16,16,6,180,67.0,3097.0
1563.5971785,3,1,6,1,64,49.0,126.678
1563.5983075,6,1,2,0,1,47.0,0.0
1563.5993995,3,1,2,0,4,52.0,25.992
1563.599419,2,1,2,0,1,52.0,0.0
1563.6003935,6,1,2,0,1,46.0,0.0
1563.6026105,6,2,2,0,9,47.0,26.98
1563.6053785,3,1,4,0,29,50.0,61.502
1563.6061105,6,1,1,0,1,45.0,0.0
1563.609317,1,2,10,3,91,63.0,1030.0
1563.6093405,3,2,3,0,2,49.0,4.4
1563.616899,1,19,46,24,315,71.0,23362.0
1563.616913,2,65,34,18,190,68.0,12622.0
1563.616913,5,34,47,22,308,70.0,14697.0
1563.6169135,6,15,41,15,300,67.0,6941.0
1563.6251225,6,1,1,0,1,45.0,0.0
1563.6269675,3,1,1,0,1,45.0,0.0
1563.644577,2,25,33,24,233,72.0,21413.0
1563.6445775,6,6,38,19,306,71.0,13347.0
1563.644578,1,25,44,18,261,67.0,10047.0
1563.644582,5,16,34,12,254,66.0,5297.0
1563.6715875,6,10,12,3,132,61.0,922.128
1563.6715885,3,18,4,0,29,53.0,121.209
1563.681866,1,1,7,0,33,49.0,71.698
1563.6858955,3,24,34,18,329,67.0,9055.0
1563.685902,2,13,40,33,342,73.0,38633.0
1563.685903,5,14,50,29,335,74.0,35265.0
1563.685905,1,58,46,21,352,67.0,12524.0
1563.6859125,6,11,40,21,277,69.0,13406.0
1563.69193,1,1,4,0,34,49.0,64.288
1563.6928355,3,1,1,0,1,45.0,0.0
1563.692854,1,1,2,0,1,48.0,0.0
1563.697645,1,1,3,0,1,49.0,0.0
1563.698964,1,9,47,30,296,76.0,35851.0
1563.6989665,6,17,40,23,308,71.0,18349.0
1563.698971,5,51,39,21,250,68.0,16271.0
1563.6989765,3,21,33,15,272,68.0,7981.0
1563.698978,2,24,37,24,288,69.0,18164.0
1563.7196315,3,22,8,2,118,54.0,306.591
1563.7196325,6,2,15,5,174,62.0,1402.0
1563.7214805,6,1,2,0,1,45.0,0.0
1563.7235865,6,1,1,0,1,45.0,0.0
1563.7330925,3,1,1,0,4,50.0,18.218
1563.7419215,6,1,1,0,1,45.0,0.0
1563.7469725,6,1,1,0,1,45.0,0.0
1563.7535985,3,1,1,0,1,46.0,0.0
1563.7630175,6,1,1,0,1,47.0,0.0
1563.7662725,6,2,8,1,31,61.0,668.967
1563.7751845,6,1,1,0,1,45.0,0.0
1563.77711,1,1,2,0,1,46.0,0.0
1563.7787415,3,1,7,0,25,53.0,160.662
1563.7866365,6,1,1,0,1,45.0,0.0
1563.787422,1,1,1,0,1,45.0,0.0
1563.7903045,6,1,2,0,8,46.0,15.753
1563.82864,1,1,1,0,1,45.0,0.0
1563.830972,1,2,4,0,3,48.0,15.251
1563.8309925,3,1,2,0,1,47.0,0.0
1563.8348525,6,1,1,0,1,45.0,0.0
1563.836312,1,1,1,0,1,45.0,0.0
1563.8387795,6,1,1,0,1,45.0,0.0
1563.8402345,3,1,1,0,1,45.0,0.0
1563.8410555,6,1,3,0,5,46.0,9.753
1563.8410895,3,1,1,0,1,45.0,0.0
1563.843139,1,9,32,11,194,63.0,5095.0
1563.8431515,6,49,27,8,202,61.0,2501.0
1563.8520165,6,1,1,0,1,46.0,0.0
1563.862719,1,1,1,0,1,45.0,0.0
1563.8659025,6,1,1,0,1,45.0,0.0
1563.8701245,6,1,1,0,1,47.0,0.0
1563.8773455,3,1,3,1,151,49.0,94.415
1563.8837715,3,1,1,0,1,49.0,0.0
1563.88475,1,2,1,0,3,47.0,14.104
1563.8861965,3,1,3,0,13,49.0,45.646
1563.887739,1,1,1,0,1,45.0,0.0
1563.8965565,3,1,2,0,4,51.0,29.686
1563.896733,1,9,27,9,237,67.0,4040.0
1563.8967525,6,15,13,4,106,61.0,1388.0
1563.9016875,3,1,3,0,40,48.0,50.321
1563.902669,1,2,10,3,64,68.0,2358.0
1563.9029195,6,20,13,4,115,61.0,1276.0
1563.9029465,3,1,3,0,55,47.0,66.197
1563.9100545,3,1,3,0,7,51.0,51.291
1563.9180765,3,1,5,0,34,51.0,109.465
1563.9233845,3,1,1,0,1,45.0,0.0
1563.928461,1,2,7,1,60,63.0,523.365
1563.93827,1,1,1,0,1,48.0,0.0
1563.939971,1,14,36,15,202,65.0,8056.0
1563.9439835,6,1,1,0,1,45.0,0.0
1563.948529,1,4,27,8,174,65.0,3340.0
1563.9485425,3,1,11,2,111,54.0,303.257
1563.9538685,6,1,1,0,1,47.0,0.0
1563.9591205,6,2,1,0,2,45.0,4.529
1563.969149,1,1,2,0,4,49.0,16.501
1563.9752945,3,1,4,0,11,51.0,50.802
1563.9817765,6,1,1,0,1,45.0,0.0
1563.985522,2,1,2,0,1,52.0,0.0
1563.986985,1,1,2,0,4,48.0,10.875
1563.990043,2,1,1,0,1,50.0,0.0
1563.994156,5,23,33,11,209,67.0,5853.0
1563.9941765,6,22,21,4,108,62.0,1309.0
1564.0064565,6,1,1,0,1,45.0,0.0
1564.01806,1,7,5,1,43,63.0,619.769
1564.0245155,3,1,2,0,1,45.0,0.0
1564.024524,2,1,2,0,4,51.0,26.849
1564.024538,1,1,2,0,21,46.0,23.921
1564.025286,1,1,3,0,1,46.0,0.0
1564.0322345,6,1,1,0,1,45.0,0.0
1564.035846,1,9,31,11,177,63.0,5030.0
1564.0358585,6,46,27,10,396,61.0,2599.0
1564.0435915,3,1,6,0,39,51.0,103.552
1564.0459095,3,1,4,0,29,47.0,50.023
1564.0465535,3,4,4,0,18,53.0,111.01
1564.046571,1,1,6,0,30,49.0,77.545
1564.0484745,6,1,1,0,1,45.0,0.0
1564.0558065,6,325,19,7,371,63.0,1983.0
1564.0558465,3,1,2,0,9,53.0,74.748
1564.0569975,6,9,23,11,182,74.0,11828.0
1564.057012,1,2,27,8,203,63.0,2540.0
1564.0710885,3,17,5,0,30,50.0,69.921
1564.074253,1,1,1,0,1,48.0,0.0
1564.0767,1,1,2,0,15,45.0,18.172
1564.0878815,6,1,2,0,1,47.0,0.0
1564.090958,1,1,1,0,1,45.0,0.0
1564.0933705,6,1,2,0,4,47.0,10.928
1564.0945315,3,1,1,0,1,45.0,0.0
1564.0966385,6,5,30,13,236,68.0,6953.0
1564.0985015,3,1,1,0,1,45.0,0.0
1564.105681,1,1,1,0,1,45.0,0.0
1564.1059265,3,1,1,0,1,45.0,0.0
1564.1075865,3,1,2,0,1,46.0,0.0
1564.1116865,6,1,2,0,5,47.0,12.118
1564.1187075,6,1,1,0,1,45.0,0.0
1564.1198495,6,2,1,0,2,47.0,8.226
1564.1203745,3,1,4,0,16,51.0,61.417
1564.1211315,6,1,1,0,1,45.0,0.0
1564.1235625,6,1,1,0,1,45.0,0.0
1564.1241685,6,1,2,0,1,47.0,0.0
1564.12763,1,1,1,0,1,45.0,0.0
1564.131671,1,12,37,16,352,65.0,7918.0
1564.1316825,6,46,30,10,206,63.0,3900.0
1564.1357925,6,7,12,6,135,67.0,3692.0
1564.1358265,3,2,5,1,31,54.0,250.71
1564.148191,2,1,3,0,1,51.0,0.0
1564.1481985,3,1,1,0,1,45.0,0.0
1564.1500315,6,1,1,0,1,45.0,0.0
1564.1536365,6,1,1,0,1,45.0,0.0
1564.159134,5,11,34,15,230,67.0,10893.0
1564.1591485,6,45,28,9,205,62.0,3449.0
1564.161856,2,1,2,0,13,52.0,63.403
1564.1635225,6,1,2,0,1,46.0,0.0
1564.165578,1,1,1,0,1,45.0,0.0
1564.1657685,6,1,2,0,8,46.0,13.14
1564.1792735,3,1,1,0,1,45.0,0.0
1564.180909,1,2,6,2,28,65.0,1187.0
1564.1921785,6,1,2,0,1,47.0,0.0
1564.194713,1,2,1,0,3,45.0,6.936
1564.1990565,6,2,2,0,3,46.0,23.8
1564.207855,1,1,1,0,1,47.0,0.0
1564.210374,1,1,1,0,1,45.0,0.0
1564.2143375,6,10,22,7,196,67.0,3770.0
1564.218871,2,2,2,0,7,52.0,54.265
1564.2188725,3,1,1,0,6,51.0,24.356
1564.2189135,6,1,1,0,1,45.0,0.0
1564.228523,1,9,31,12,197,63.0,5104.0
1564.231214,1,2,1,0,3,49.0,12.073
1564.2352575,6,1,1,0,1,45.0,0.0
1564.2378765,3,1,1,0,1,45.0,0.0
1564.2378965,6,1,1,0,1,47.0,0.0
1564.2397395,3,1,3,0,36,49.0,74.499
1564.2423925,3,1,4,0,11,49.0,32.233
1564.244031,1,22,17,4,75,63.0,2034.0
1564.2440585,3,1,4,0,46,50.0,107.674
1564.2538185,6,1,1,0,1,46.0,0.0
1564.2559325,6,2,12,3,86,64.0,1335.0
1564.2559505,3,1,6,1,69,50.0,132.783
1564.2573965,6,26,23,5,136,64.0,1898.0
1564.2581925,6,4,6,2,60,69.0,1846.0
1564.2668335,6,1,1,0,1,46.0,0.0
1564.267879,1,1,1,0,1,48.0,0.0
1564.2708825,6,1,1,0,1,45.0,0.0
1564.2733335,6,157,26,8,315,63.0,2604.0
1564.273439,5,10,35,13,250,68.0,7231.0
1564.276285,1,1,1,0,1,45.0,0.0
1564.2777735,3,1,3,0,1,46.0,0.0
1564.280693,2,2,1,0,2,50.0,35.674
1564.2817415,6,1,1,0,1,45.0,0.0
1564.2841965,6,1,1,0,1,45.0,0.0
1564.2847255,6,2,1,0,2,45.0,4.4
1564.2910765,3,1,1,0,1,45.0,0.0
1564.291442,2,1,1,0,1,51.0,0.0
1564.291485,1,1,1,0,1,45.0,0.0
1564.29216,1,2,1,0,3,45.0,11.821
1564.2977325,6,1,1,0,4,46.0,7.635
1564.2987675,6,1,2,0,1,47.0,0.0
1564.30867,2,1,1,0,1,50.0,0.0
1564.314173,1,1,1,0,1,45.0,0.0
1564.317899,1,3,23,10,156,68.0,7364.0
1564.3181485,6,1,1,0,1,45.0,0.0
1564.324579,1,36,34,15,212,65.0,7767.0
1564.3245935,6,46,29,11,203,63.0,3920.0
1564.3294265,3,1,2,0,5,52.0,30.053
1564.335726,1,1,4,0,1,48.0,0.0
1564.3396715,3,1,2,0,4,54.0,33.113
1564.344355,2,1,1,0,1,50.0,0.0
1564.3568225,6,1,1,0,1,45.0,0.0
1564.3592065,3,1,1,0,1,45.0,0.0
1564.3612915,6,1,3,0,14,47.0,14.656
1564.3621515,3,1,3,0,4,51.0,23.966
1564.373234,2,1,2,0,1,50.0,0.0
1564.373282,1,1,1,0,1,45.0,0.0
1564.3753205,6,3,4,1,22,61.0,363.339
1564.379221,1,1,1,0,1,45.0,0.0
1564.397444,1,1,2,0,1,46.0,0.0
1564.4071445,3,1,1,0,1,45.0,0.0
1564.4182705,6,1,1,0,1,45.0,0.0
1564.420358,1,9,32,11,195,63.0,4988.0
1564.4203705,6,46,26,8,199,61.0,2604.0
1564.4270335,6,1,1,0,1,45.0,0.0
1564.428781,1,1,1,0,1,49.0,0.0
1564.4326725,6,1,2,0,9,47.0,23.259
1564.433388,1,1,1,0,1,48.0,0.0
1564.441066,2,1,6,0,7,52.0,50.76
1564.442211,1,1,2,0,1,49.0,0.0
1564.4422275,6,1,1,0,1,46.0,0.0
1564.4489795,3,1,3,0,5,52.0,29.533
1564.4545975,6,1,2,0,1,47.0,0.0
1564.455736,1,1,2,0,1,48.0,0.0
1564.468647,2,1,2,0,1,51.0,0.0
1564.46868,1,2,3,0,6,49.0,35.758
1564.4692685,6,1,1,0,1,45.0,0.0
1564.4768505,6,1,2,0,1,45.0,0.0
1564.4778085,6,1,1,0,4,46.0,8.749
1564.479691,1,1,2,0,1,49.0,0.0
1564.4844175,3,1,4,0,19,50.0,52.918
1564.485124,1,1,2,0,1,49.0,0.0
1564.4862355,6,1,1,0,1,45.0,0.0
1564.4926945,3,1,1,0,1,45.0,0.0
1564.4969465,6,1,1,0,1,45.0,0.0
1564.504543,1,1,5,0,34,47.0,51.068
1564.507626,1,1,1,0,1,49.0,0.0
1564.516065,1,12,34,14,198,65.0,7685.0
1564.5160765,6,50,29,10,207,63.0,3991.0
1564.5187555,6,1,1,0,1,45.0,0.0
1564.5204035,6,1,1,0,1,45.0,0.0
1564.5210055,6,2,3,0,17,61.0,395.078
1564.521045,1,1,3,0,37,49.0,60.395
1564.522229,1,1,2,0,1,49.0,0.0
1564.5267475,6,8,23,10,201,69.0,6317.0
1564.5267575,3,2,12,3,154,54.0,523.552
1564.526758,1,2,20,7,144,65.0,3515.0
1564.5285925,6,2,1,0,2,45.0,13.128
1564.5326255,3,1,3,0,20,47.0,18.182
1564.5343775,3,1,1,0,1,45.0,0.0
1564.5397615,6,1,10,3,215,63.0,959.36
1564.5478405,6,1,1,0,1,45.0,0.0
1564.551389,1,1,1,0,1,47.0,0.0
1564.5572225,3,1,2,0,9,49.0,30.465
1564.557978,1,1,2,0,7,46.0,16.265
1564.5642055,3,1,1,0,1,45.0,0.0
1564.567092,1,1,3,0,26,49.0,35.585
1564.5671065,3,1,1,0,1,45.0,0.0
1564.5737815,3,1,2,0,82,47.0,47.687
1564.5787695,6,1,1,0,1,46.0,0.0
1564.578843,1,1,2,0,1,48.0,0.0
1564.5851235,6,1,1,0,1,45.0,0.0
1564.5888615,3,1,2,0,8,49.0,30.205
1564.6022935,6,1,1,0,4,46.0,8.833
1564.60379,1,1,4,0,1,48.0,0.0
1564.6038095,3,1,1,0,1,45.0,0.0
1564.60632,1,1,2,0,1,48.0,0.0
1564.6232995,6,1,1,0,1,47.0,0.0
1564.627336,1,2,2,0,3,47.0,9.854
1564.6295335,6,2,7,2,68,62.0,708.122
1564.6295635,3,1,1,0,4,50.0,18.346
1564.6315865,6,4,18,5,187,65.0,1916.0
1564.63546,1,1,1,0,1,45.0,0.0
1564.641156,1,1,1,0,1,45.0,0.0
1564.645647,1,1,2,0,5,45.0,10.223
1564.6499145,6,1,1,0,1,45.0,0.0
1564.6532435,3,1,1,0,1,48.0,0.0
1564.6609095,6,1,1,0,1,45.0,0.0
1564.6660485,6,1,2,0,21,45.0,22.54
1564.6683535,3,1,4,0,66,50.0,88.641
1564.66837,1,1,5,0,14,49.0,51.738
1564.673564,1,1,2,0,47,46.0,46.988
1564.6793505,3,1,2,0,4,50.0,18.736
1564.679353,2,1,2,0,1,52.0,0.0
1564.686935,1,1,2,0,1,47.0,0.0
1564.7029675,3,1,3,0,18,49.0,44.026
1564.703023,1,2,2,0,2,48.0,3.352
1564.7068775,6,1,1,0,1,45.0,0.0
1564.7080205,6,1,1,0,1,45.0,0.0
1564.709577,1,1,1,0,1,45.0,0.0
1564.719759,2,1,1,0,1,50.0,0.0
1564.7197805,3,3,3,0,24,53.0,73.781
1564.720886,1,7,9,2,53,67.0,1439.0
1564.7232455,3,1,3,0,64,49.0,75.616
1564.7274275,6,1,1,0,1,45.0,0.0
1564.740154,2,1,2,0,4,51.0,35.038
1564.7401625,3,1,2,0,8,52.0,51.436
1564.742214,1,1,1,0,1,46.0,0.0
1564.7428425,3,1,2,0,1,48.0,0.0
1564.743604,1,1,3,0,1,49.0,0.0
1564.7564985,6,1,1,0,1,45.0,0.0
1564.7685455,6,1,1,0,1,45.0,0.0
1564.7773465,3,1,1,0,4,47.0,8.802
1564.78793,1,2,1,0,2,47.0,6.222
1564.790703,1,1,2,0,1,49.0,0.0
1564.7907055,6,1,2,0,1,46.0,0.0
1564.7931155,6,1,1,0,1,45.0,0.0
1564.7949875,3,1,2,0,8,48.0,27.121
1564.7997805,3,2,1,0,2,46.0,7.837
1564.8026485,6,1,1,0,1,46.0,0.0
1564.8034395,6,4,28,9,353,63.0,2811.0
1564.8080035,3,1,2,0,18,48.0,47.671
1564.8161385,6,1,1,0,1,47.0,0.0
1564.8163505,3,1,4,0,48,51.0,91.094
1564.8182365,3,1,2,0,9,50.0,44.411
1564.8264825,3,1,1,0,1,45.0,0.0
1564.826599,1,2,1,0,2,45.0,5.377
1564.8349975,6,1,1,0,1,45.0,0.0
1564.841764,1,3,53,46,307,81.0,98319.0
1564.8417745,3,14,29,13,285,68.0,5596.0
1564.841777,2,12,38,30,270,71.0,29952.0
1564.8463335,6,1,1,0,1,45.0,0.0
1564.8493405,3,1,1,0,1,45.0,0.0
1564.8570725,3,1,1,0,1,45.0,0.0
1564.859955,1,2,3,0,20,49.0,49.696
1564.8686805,6,3,13,4,64,69.0,2825.0
1564.868715,1,1,5,0,35,47.0,55.337
1564.8687335,3,2,2,0,5,50.0,24.125
1564.870474,2,1,1,0,1,51.0,0.0
1564.87463,1,1,4,0,16,49.0,55.474
1564.885243,1,1,3,0,26,49.0,40.285
1564.885302,2,1,1,0,1,50.0,0.0
1564.8884015,6,1,1,0,1,45.0,0.0
1564.894161,1,1,2,0,1,48.0,0.0
1564.898238,1,7,4,0,9,49.0,43.759
1564.8982545,6,1,2,0,1,46.0,0.0
1564.8982605,3,1,1,0,1,45.0,0.0
1564.9027445,6,1,1,0,1,45.0,0.0
1564.9047175,6,2,1,0,3,47.0,12.528
1564.9104025,6,1,1,0,1,45.0,0.0
1564.9141245,3,2,3,0,14,48.0,36.086
1564.9141535,6,1,1,0,15,46.0,22.784
1564.9157245,3,1,2,0,1,45.0,0.0
1564.9163475,6,1,1,0,1,47.0,0.0
1564.9182205,6,10,26,9,233,65.0,3424.0
1564.921649,1,1,4,0,10,47.0,25.076
1564.9310555,6,1,1,0,1,45.0,0.0
1564.937007,1,3,8,2,43,66.0,1591.0
1564.9370305,3,1,1,0,1,45.0,0.0
1564.9416075,6,1,1,0,1,46.0,0.0
1564.9416215,3,1,1,0,1,45.0,0.0
1564.94527,5,12,38,15,234,70.0,9551.0
1564.94527,1,20,41,13,283,65.0,4507.0
1564.9452705,6,22,35,14,264,67.0,6204.0
1564.9499355,6,3,11,4,169,64.0,1272.0
1564.950015,2,1,1,0,1,50.0,0.0
1564.9507245,3,1,1,0,1,45.0,0.0
1564.953858,1,1,1,0,1,45.0,0.0
1564.9567525,3,2,1,0,5,45.0,11.601
1564.9616565,3,1,1,0,8,47.0,13.85
1564.961658,1,1,5,0,59,48.0,74.643
1564.9637055,6,1,2,0,4,47.0,12.988
1564.9665465,6,1,1,0,5,46.0,8.543
1564.9727985,6,1,1,0,1,45.0,0.0
1564.9862985,6,1,1,0,1,45.0,0.0
1564.9900735,3,1,7,1,96,49.0,122.667
1564.9900855,6,60,12,3,104,64.0,1090.0
1564.991087,1,1,2,0,15,46.0,23.695
1565.0004515,6,7,20,6,194,61.0,1607.0
1565.005016,1,1,2,0,1,47.0,0.0
1565.0050375,3,1,1,0,1,45.0,0.0
1565.0057575,3,1,1,0,1,45.0,0.0
1565.005773,2,1,3,0,1,52.0,0.0
1565.005804,1,1,2,0,1,47.0,0.0
1565.01214,1,1,1,0,1,45.0,0.0
1565.0137305,6,1,1,0,1,46.0,0.0
1565.0154205,6,1,1,0,1,47.0,0.0
1565.0191255,6,2,9,3,55,66.0,1799.0
1565.019163,1,2,1,0,3,45.0,6.985
1565.0191835,3,1,2,0,20,45.0,15.18
1565.0207195,3,1,2,0,12,46.0,19.835
1565.0243635,6,2,2,0,13,47.0,32.049
1565.025217,1,2,10,2,50,63.0,1188.0
1565.0280195,3,1,3,0,34,48.0,51.212
1565.028905,5,22,60,72,386,81.0,180697.0
1565.0289085,3,11,40,37,479,74.0,32891.0
1565.02891,1,27,63,53,398,74.0,74342.0
1565.028914,4,14,28,7,155,62.0,2529.0
1565.028914,2,42,54,62,341,80.0,138142.0
1565.0289165,6,20,53,56,472,78.0,97045.0
1565.0303775,6,1,1,0,1,45.0,0.0
1565.0309355,3,1,1,0,4,48.0,12.029
1565.033404,2,1,5,0,1,52.0,0.0
1565.0334055,3,1,2,0,1,46.0,0.0
1565.038598,1,1,2,0,1,49.0,0.0
1565.0397405,3,2,1,0,2,49.0,11.835
1565.039932,1,1,1,0,1,47.0,0.0
1565.0399385,6,1,2,0,16,46.0,23.119
1565.0416985,3,6,25,14,266,75.0,15809.0
1565.041711,1,24,31,11,218,66.0,5306.0
1565.041713,2,22,37,17,239,70.0,11597.0
1565.0417245,6,10,24,6,160,61.0,1887.0
1565.044572,1,1,3,0,1,48.0,0.0
1565.0445755,3,1,1,0,1,45.0,0.0
1565.0476185,3,1,1,0,4,52.0,35.935
1565.0512595,6,1,1,0,1,45.0,0.0
1565.0589495,6,1,1,0,1,45.0,0.0
1565.0613445,6,1,3,0,4,47.0,10.406
1565.061596,5,10,32,11,221,67.0,5652.0
1565.0625405,6,1,3,0,4,47.0,14.022
1565.080723,1,2,1,0,2,45.0,3.784
1565.08174,1,1,2,0,1,49.0,0.0
1565.08175,5,1,1,0,1,45.0,0.0
1565.0820555,6,1,1,0,1,48.0,0.0
1565.087259,5,1,4,0,15,54.0,61.358
1565.0877435,6,2,1,0,3,53.0,41.757
1565.094628,5,3,5,1,58,58.0,338.632
1565.094633,1,17,8,0,35,51.0,114.225
1565.0946355,3,1,2,0,1,46.0,0.0
1565.0946495,6,2,3,0,15,56.0,100.191
1565.0953165,6,3,8,0,22,57.0,271.201
1565.0984285,3,4,15,5,197,62.0,1479.0
1565.098439,1,17,22,6,175,63.0,2353.0
1565.098444,5,46,20,4,126,58.0,1255.0
1565.098451,2,9,11,6,152,62.0,1894.0
1565.0984605,6,9,18,5,155,60.0,1322.0
1565.1117105,6,1,1,0,1,45.0,0.0
1565.111755,1,2,1,0,3,49.0,11.467
1565.1135405,6,3,10,1,52,58.0,406.813
1565.1135525,3,1,2,0,1,46.0,0.0
1565.113555,1,1,4,0,4,48.0,8.513
1565.113626,5,1,1,0,1,45.0,0.0
1565.114222,1,4,21,7,175,66.0,2885.0
1565.1142335,3,1,14,2,115,53.0,391.347
1565.114247,2,2,7,1,24,61.0,738.489
1565.1142485,6,5,14,3,106,57.0,857.469
1565.114252,5,26,16,2,107,56.0,505.749
1565.1174745,3,1,1,0,1,45.0,0.0
1565.1246295,6,1,7,0,20,51.0,38.356
1565.124656,2,1,1,0,1,51.0,0.0
1565.124673,1,1,4,0,12,49.0,43.972
1565.125861,1,1,2,0,1,48.0,0.0
1565.1289855,6,2,2,0,7,51.0,33.523
1565.1312355,6,2,2,0,19,53.0,94.407
1565.1341105,6,1,2,1,202,48.0,82.787
1565.138329,5,1,2,0,5,48.0,10.645
1565.14176,1,1,3,0,1,49.0,0.0
1565.1417625,3,1,3,0,25,50.0,60.144
1565.1417965,6,1,3,0,1,48.0,0.0
1565.1447055,6,1,1,0,1,45.0,0.0
1565.149326,5,1,1,0,1,45.0,0.0
1565.15323,1,2,1,0,2,45.0,3.665
1565.1537155,6,2,4,0,11,60.0,358.337
1565.153773,1,1,1,0,9,46.0,14.666
1565.1547925,6,1,2,0,4,48.0,12.141
1565.1560255,6,1,2,0,1,45.0,0.0
1565.1575455,6,1,6,1,164,54.0,125.139
1565.157692,5,3,8,1,35,58.0,426.147
1565.1656705,3,1,2,0,1,46.0,0.0
1565.165686,1,1,3,0,1,49.0,0.0
1565.1668585,6,1,1,0,1,45.0,0.0
1565.17127,5,7,12,3,44,65.0,2326.0
1565.1712855,6,9,10,2,117,56.0,491.629
1565.171291,2,1,2,0,1,51.0,0.0
1565.1712965,3,1,4,0,21,50.0,56.217
1565.171359,1,1,2,0,1,48.0,0.0
1565.1754275,6,1,2,0,8,49.0,27.246
1565.176779,1,3,5,0,13,55.0,141.526
1565.1769105,6,1,1,0,1,47.0,0.0
1565.1781345,3,1,2,0,1,45.0,0.0
1565.178142,2,1,2,0,1,52.0,0.0
1565.1820805,6,2,1,0,5,52.0,34.837
1565.1836225,6,2,1,0,3,49.0,18.279
1565.183881,5,2,9,1,49,58.0,341.272
1565.183925,1,2,4,0,52,47.0,74.516
1565.186219,5,4,1,0,5,48.0,24.099
1565.1884395,3,1,2,0,1,47.0,0.0
1565.1884775,6,1,2,0,1,47.0,0.0
1565.1890255,6,1,1,0,1,48.0,0.0
1565.191023,1,191,13,3,240,53.0,506.427
1565.191187,5,3,5,0,10,58.0,262.654
1565.1911885,3,2,4,0,37,52.0,117.901
1565.191207,2,2,2,0,3,52.0,38.844
1565.1912265,6,2,7,0,49,51.0,122.087
1565.192681,1,4,8,1,42,60.0,541.76
1565.200005,1,1,19,4,84,65.0,1627.0
1565.2000185,3,1,4,1,62,50.0,110.102
1565.2000265,6,1,12,3,161,56.0,666.197
1565.200031,2,4,7,1,32,58.0,669.341
1565.200045,5,3,6,0,23,51.0,103.067
1565.2021955,3,1,3,0,48,49.0,59.124
1565.202199,2,1,6,1,44,59.0,366.825
1565.202211,1,1,2,0,1,46.0,0.0
1565.202212,5,2,2,0,2,46.0,5.773
1565.2022355,6,191,4,1,201,51.0,132.116
1565.2109985,6,1,1,0,1,45.0,0.0
1565.216444,5,4,3,0,22,57.0,201.693
1565.2164755,6,1,2,0,1,47.0,0.0
1565.219388,1,8,12,3,122,60.0,559.676
1565.2193935,6,1,11,2,115,57.0,409.664
1565.219402,5,2,9,0,27,54.0,167.398
1565.2194045,3,1,5,0,32,51.0,79.774
1565.221321,5,2,1,0,2,49.0,6.569
1565.2260685,6,1,1,0,4,48.0,15.537
1565.2352945,6,1,1,0,1,47.0,0.0
1565.235652,5,1,3,0,1,47.0,0.0
1565.24172,1,1,2,0,1,47.0,0.0
1565.2417945,6,1,1,0,1,49.0,0.0
1565.242839,5,1,7,1,141,50.0,140.426
1565.2428555,6,82,12,3,118,65.0,1564.0
1565.2429985,3,1,1,0,1,45.0,0.0
1565.24301,1,1,2,0,59,48.0,42.881
1565.2437695,6,1,3,0,7,53.0,46.348
1565.2443265,6,1,2,0,1,45.0,0.0
1565.245815,1,1,1,0,1,49.0,0.0
1565.2468685,3,2,7,1,59,61.0,702.169
1565.246882,1,19,11,1,65,55.0,350.946
1565.246887,5,14,12,2,91,55.0,588.644
1565.246897,2,2,4,2,65,59.0,571.881
1565.2469025,6,1,4,1,88,51.0,130.185
1565.2485915,3,2,1,0,7,56.0,94.129
1565.248598,5,7,4,0,17,53.0,181.308
1565.248608,2,1,2,0,1,51.0,0.0
1565.253615,5,4,4,0,34,55.0,158.638
1565.254536,5,13,3,0,14,51.0,48.123
1565.2578195,6,1,1,0,1,50.0,0.0
1565.264305,2,23,32,23,258,70.0,16549.0
1565.264311,1,10,47,25,239,73.0,25087.0
1565.2643125,3,6,27,14,300,66.0,5723.0
1565.2643125,6,39,38,17,329,65.0,8068.0
1565.264319,5,18,48,17,301,66.0,8028.0
1565.264331,4,42,5,1,68,55.0,326.579
1565.2666645,6,2,3,0,19,58.0,234.718
1565.2683165,6,1,1,0,1,48.0,0.0
1565.269214,1,1,2,0,1,47.0,0.0
1565.2697115,6,1,2,0,4,50.0,19.771
1565.270339,5,14,21,4,102,63.0,1650.0
1565.270344,1,1,18,3,101,55.0,634.419
1565.2703515,3,1,7,1,79,52.0,186.68
1565.2703535,6,23,8,3,100,61.0,994.119
1565.270356,2,1,11,2,61,59.0,738.747
1565.271324,5,2,5,1,42,63.0,713.571
1565.2713525,6,1,1,0,1,47.0,0.0
1565.271794,1,1,5,0,1,48.0,0.0
1565.2718145,3,1,1,0,1,45.0,0.0
1565.272707,5,2,5,0,2,52.0,9.125
1565.2786475,6,1,1,0,1,45.0,0.0
1565.2793225,6,1,3,0,1,46.0,0.0
1565.279326,5,2,2,0,2,49.0,5.064
1565.2793275,3,1,1,0,1,47.0,0.0
1565.281835,1,2,1,0,3,51.0,28.178
1565.2885625,6,20,43,23,280,72.0,17773.0
1565.288563,1,8,51,26,354,74.0,21689.0
1565.288568,2,111,42,25,264,69.0,17478.0
1565.28857,5,28,52,19,319,68.0,10195.0
1565.2885745,3,12,27,12,249,65.0,5251.0
1565.288594,4,2,7,2,92,52.0,316.263
1565.290113,5,2,1,0,3,48.0,12.778
1565.2906625,6,1,1,0,1,45.0,0.0
1565.29548,5,4,4,0,5,53.0,54.053
1565.2955115,6,1,1,0,1,46.0,0.0
1565.2994455,6,1,2,0,5,46.0,9.201
1565.301934,1,1,3,0,6,53.0,43.423
1565.3019475,6,1,2,0,8,48.0,19.047
1565.3031805,6,1,7,1,24,59.0,302.613
1565.304823,5,2,2,0,3,46.0,7.144
1565.3056905,6,1,2,0,1,48.0,0.0
1565.3081095,6,1,6,0,21,56.0,228.763
1565.308139,1,1,1,0,1,45.0,0.0
1565.3122795,6,2,3,0,26,51.0,75.964
1565.31229,1,1,2,0,1,46.0,0.0
1565.314046,5,1,1,0,1,45.0,0.0
1565.314876,1,4,38,18,280,76.0,21288.0
1565.3148905,3,6,18,5,269,59.0,1015.0
1565.314899,2,1,16,7,235,61.0,2002.0
1565.314903,5,5,29,7,285,57.0,1394.0
1565.3149065,6,5,19,6,245,62.0,1777.0
1565.3159565,3,1,1,0,1,45.0,0.0
1565.322126,1,1,2,0,7,48.0,15.069
1565.331125,5,2,5,0,15,54.0,128.624
1565.3312655,6,2,6,1,33,59.0,320.654
1565.335777,5,13,24,11,182,69.0,8407.0
1565.3357885,3,14,15,4,201,58.0,828.412
1565.335792,2,2,16,5,115,60.0,1932.0
1565.3357935,6,10,20,6,146,61.0,1936.0
1565.335799,1,35,19,4,177,57.0,913.157
1565.337466,1,1,2,0,1,50.0,0.0
1565.338758,1,1,1,0,1,45.0,0.0
1565.339277,5,2,2,0,3,50.0,25.719
1565.343687,5,2,3,0,2,47.0,4.305
1565.3436935,6,1,4,0,1,48.0,0.0
1565.345359,1,1,3,0,17,48.0,20.405
1565.3453595,6,11,6,0,40,53.0,139.153
1565.3453705,3,1,1,0,1,45.0,0.0
1565.3459195,6,1,3,0,4,50.0,17.083
1565.9031875,3,1,1,0,4,45.0,7.337
1565.9075085,6,3,15,5,136,68.0,2417.0
1565.9075275,3,1,5,1,116,53.0,211.774
1565.911386,1,1,2,0,1,45.0,0.0
1565.91279,1,1,2,0,1,47.0,0.0
1565.913841,1,1,1,0,1,45.0,0.0
1565.9141745,3,1,1,0,5,51.0,23.96
1565.9169995,6,6,28,11,222,68.0,6957.0
1565.9236,1,2,1,0,2,49.0,15.915
1565.9236295,6,1,1,0,1,45.0,0.0
1565.9257395,6,4,6,1,14,63.0,790.661
1565.926216,1,1,3,0,1,46.0,0.0
1565.92821,1,1,1,0,1,47.0,0.0
1565.930468,1,1,1,0,1,45.0,0.0
1565.9306035,6,1,1,0,1,45.0,0.0
1565.931557,1,1,5,0,1,47.0,0.0
1565.9315745,3,1,3,0,49,49.0,84.144
1565.935311,1,1,2,0,4,47.0,11.016
1565.9353655,6,1,1,0,1,46.0,0.0
1565.9428465,6,1,3,0,1,47.0,0.0
1565.943501,1,5,18,5,169,64.0,1521.0
1565.946052,1,1,1,0,1,45.0,0.0
1565.9461075,6,1,1,0,1,45.0,0.0
1565.9479365,6,1,1,0,1,45.0,0.0
1565.9493345,3,1,1,0,1,45.0,0.0
1565.951372,1,8,28,13,185,70.0,8960.0
1565.9513875,6,10,22,7,185,61.0,2058.0
1565.958465,1,2,2,0,3,48.0,11.698
1565.9591335,6,1,1,0,1,45.0,0.0
1565.9722475,3,2,10,2,96,53.0,301.489
1565.9740095,6,1,2,0,1,47.0,0.0
1565.9786645,6,1,1,0,1,45.0,0.0
1565.980531,1,1,1,0,1,45.0,0.0
1565.9870075,3,1,3,1,86,52.0,97.496
1565.987089,2,1,2,0,7,52.0,50.391
1565.988384,1,1,1,0,1,45.0,0.0
1565.988977,1,1,1,0,4,49.0,14.496
1565.991309,1,6,15,6,160,66.0,2375.0
1565.9913255,3,1,5,0,39,51.0,100.923
1565.9924385,3,1,2,0,7,53.0,77.841
1565.9957825,3,1,1,0,1,47.0,0.0
1565.995786,2,1,1,0,1,52.0,0.0
1566.0030235,3,1,2,0,8,52.0,43.159
1566.0063215,3,1,1,0,1,45.0,0.0
1566.006359,1,1,2,0,1,46.0,0.0
1566.0094625,3,1,2,0,8,52.0,51.661
1566.009493,2,1,2,0,1,52.0,0.0
1566.0154975,3,1,1,0,5,48.0,18.586
1566.0167245,6,1,1,0,1,45.0,0.0
1566.0204665,6,1,1,0,1,45.0,0.0
1566.021236,2,1,4,1,38,52.0,189.227
1566.021244,1,1,3,0,24,47.0,37.335
1566.0221495,3,1,5,1,83,48.0,109.625
1566.033774,5,8,13,7,86,69.0,6892.0
1566.0356565,6,151,30,11,333,68.0,5401.0
1566.037112,1,1,1,0,1,45.0,0.0
1566.039438,1,1,1,0,1,45.0,0.0
1566.0417775,6,1,1,0,1,45.0,0.0
1566.0469705,6,4,2,0,8,47.0,24.903
1566.047676,1,1,1,0,1,45.0,0.0
1566.0501605,6,1,21,8,153,66.0,3922.0
1566.0501735,3,1,13,3,161,53.0,452.105
1566.0586785,6,1,1,0,1,45.0,0.0
1566.059452,1,3,7,1,36,63.0,729.126
1566.0595145,6,1,1,0,1,45.0,0.0
1566.0615355,3,1,1,0,1,45.0,0.0
1566.063951,1,1,5,0,22,48.0,54.444
1566.0665405,3,1,3,1,130,49.0,98.582
1566.0673365,3,2,1,0,3,47.0,9.705
1566.067689,1,1,7,0,1,49.0,0.0
1566.0689245,6,1,1,0,1,46.0,0.0
1566.0750525,6,1,1,0,1,45.0,0.0
1566.077307,5,3,12,6,46,66.0,4940.0
1566.079328,1,1,1,0,1,45.0,0.0
1566.0805285,3,1,1,0,4,47.0,10.305
1566.08123,2,1,1,0,1,50.0,0.0
1566.081726,1,1,1,0,1,48.0,0.0
1566.0943885,6,1,1,0,1,45.0,0.0
1566.100437,1,1,4,0,4,48.0,9.171
1566.1010305,6,16,18,5,200,61.0,1316.0
1566.101615,2,1,2,0,1,52.0,0.0
1566.1025535,6,7,16,6,220,66.0,2484.0
1566.1025875,3,1,4,0,38,50.0,81.681
1566.1044825,6,1,1,0,1,45.0,0.0
1566.105562,2,2,2,0,22,52.0,119.18
1566.1072605,3,2,4,0,25,51.0,81.444
1566.1116485,6,10,11,3,111,62.0,847.309
1566.1116885,3,1,4,0,29,49.0,65.017
1566.125977,1,2,2,0,2,46.0,6.53
1566.132286,1,1,1,0,1,45.0,0.0
1566.1370405,6,1,1,0,1,45.0,0.0
1566.1392805,3,1,1,0,1,45.0,0.0
1566.1418565,6,3,5,1,26,63.0,529.525
1566.14188,1,1,2,0,5,48.0,13.604
1566.1418995,3,2,1,0,5,50.0,26.574
1566.1448975,6,2,6,2,32,63.0,1012.0
1566.1458635,3,1,5,1,51,51.0,124.571
1566.145877,2,1,4,3,168,52.0,415.695
1566.1466755,3,2,1,0,2,47.0,7.499
1566.1473675,6,1,1,0,1,46.0,0.0
1566.1541585,3,1,1,0,1,45.0,0.0
1566.1549795,6,1,1,0,1,45.0,0.0
1566.1590645,6,2,5,1,65,62.0,457.837
1566.1645165,6,1,2,0,14,47.0,24.44
1566.1651915,6,2,2,0,3,47.0,9.246
1566.1694505,3,1,2,0,13,53.0,59.775
1566.1699695,3,1,3,0,41,47.0,46.478
1566.1716735,6,2,15,4,147,64.0,1503.0
1566.1716895,3,1,7,1,90,52.0,177.691
1566.1723375,3,1,1,0,4,50.0,19.07
1566.1771465,3,2,5,0,44,48.0,78.842
1566.177195,1,1,8,0,54,48.0,97.116
1566.178448,1,1,2,0,6,49.0,21.187
1566.1854905,6,1,1,0,1,46.0,0.0
1566.189096,2,1,25,11,205,67.0,5194.0
1566.189098,5,19,28,10,218,67.0,4766.0
1566.189101,1,22,31,9,200,64.0,3693.0
1566.1891065,6,49,26,8,240,62.0,2240.0
1566.190462,1,1,5,1,77,48.0,106.517
1566.1904695,3,1,4,0,36,49.0,81.74
1566.1915895,6,4,7,3,40,66.0,2113.0
1566.191642,1,1,1,0,1,46.0,0.0
1566.195703,1,1,3,0,1,47.0,0.0
1566.200157,1,1,2,0,1,45.0,0.0
1566.20412,1,1,3,0,1,45.0,0.0
1566.2079645,3,1,7,0,56,50.0,98.317
1566.2084848,5,12,40,16,248,68.0,10465.0
1566.208488,2,5,30,15,212,67.0,8701.0
1566.2085058,1,32,32,12,249,66.0,5168.0
1566.211312,2,1,4,0,1,52.0,0.0
1566.2221515,6,1,1,0,1,45.0,0.0
1566.222522,1,1,7,1,59,48.0,110.904
1566.2225275,3,1,3,0,12,50.0,48.668
1566.2238085,3,1,4,0,49,49.0,105.417
1566.228521,1,2,1,0,2,47.0,3.903
1566.229506,1,1,1,0,1,46.0,0.0
1566.2306195,3,4,5,1,60,48.0,107.667
1566.2306865,6,1,2,0,5,47.0,9.83
1566.2315675,6,1,1,0,1,45.0,0.0
1566.2423335,6,7,12,5,131,69.0,2546.0
1566.2423725,3,1,2,0,1,47.0,0.0
1566.242387,2,1,1,0,1,50.0,0.0
1566.2436395,6,5,5,2,53,64.0,837.79
1566.243679,1,1,2,0,1,46.0,0.0
1566.2454295,6,2,1,0,2,45.0,3.324
1566.2532415,6,2,1,0,2,45.0,3.933
1566.254324,5,13,17,5,86,66.0,3113.0
1566.254425,1,2,1,0,2,45.0,4.793
1566.255173,1,1,3,0,1,49.0,0.0
1566.256853,5,2,17,7,91,69.0,5337.0
1566.2648125,3,1,6,2,79,53.0,308.52
1566.269703,1,1,1,0,1,45.0,0.0
1566.2707835,3,1,2,0,1,47.0,0.0
1566.270812,2,1,1,0,1,50.0,0.0
1566.272913,1,1,1,0,1,45.0,0.0
1566.275338,2,1,2,0,1,52.0,0.0
1566.2763345,3,1,2,0,29,46.0,36.999
1566.279694,1,1,1,0,1,45.0,0.0
1566.283812,1,1,1,0,1,46.0,0.0
1566.2846645,6,1,1,0,1,45.0,0.0
1566.287437,1,1,1,0,1,45.0,0.0
1566.2890095,3,1,1,0,1,45.0,0.0
1566.289012,1,1,4,0,54,47.0,50.193
1566.2905055,6,1,1,0,1,45.0,0.0
1566.29134,1,10,14,3,65,63.0,1558.0
1566.294849,1,1,1,0,1,47.0,0.0
1566.2991825,6,2,5,1,23,65.0,1248.0
1566.3030525,6,1,2,1,189,47.0,62.591
1566.3032105,3,1,2,0,7,50.0,31.779
1566.3068165,3,2,9,2,106,51.0,276.593
1566.3148135,3,1,1,0,1,45.0,0.0
1566.31587,1,1,2,0,1,48.0,0.0
1566.320533,1,1,19,6,118,66.0,3049.0
1566.3205545,3,1,4,0,43,49.0,75.246
1566.3229165,3,1,2,0,1,47.0,0.0
1566.3229615,6,1,3,0,1,46.0,0.0
1566.3251215,6,1,1,0,1,45.0,0.0
1566.3281415,6,1,1,0,1,46.0,0.0
1566.3299095,6,1,2,0,1,47.0,0.0
1566.3397155,6,14,15,5,115,66.0,2370.0
1566.3417775,6,1,1,0,1,45.0,0.0
1566.3421325,3,9,6,1,43,53.0,163.235
1566.3482215,6,1,1,0,1,45.0,0.0
1566.3514105,6,1,1,0,1,46.0,0.0
1566.3539205,6,1,1,0,1,46.0,0.0
1566.3566185,3,6,11,4,82,67.0,2530.0
1566.3633285,6,51,10,3,84,61.0,1016.0
1566.3641475,3,1,2,1,98,48.0,72.406
1566.366605,1,1,1,0,1,46.0,0.0
1566.368202,1,1,4,0,1,48.0,0.0
1566.3691085,3,1,1,0,1,46.0,0.0
1566.369125,1,2,3,0,3,49.0,12.852
1566.371476,1,2,2,0,7,47.0,27.249
1566.3792175,6,1,2,0,11,47.0,12.624
1566.387487,1,1,1,0,1,45.0,0.0
1566.389065,2,2,2,0,3,51.0,29.035
1566.3890725,3,1,1,0,1,45.0,0.0
1566.391023,5,3,13,4,113,67.0,2729.0
1566.3910395,6,16,16,5,141,62.0,1649.0
1566.4001675,6,1,1,0,4,47.0,9.686
1566.403055,1,1,1,0,1,45.0,0.0
1566.4063125,3,2,1,0,3,47.0,25.134
1566.406946,1,1,3,0,1,49.0,0.0
1566.4069945,3,1,1,0,1,45.0,0.0
1566.4098005,3,1,1,0,1,45.0,0.0
1566.4119765,6,1,1,0,1,45.0,0.0
1566.4136045,6,2,12,2,61,62.0,1155.0
1566.4136385,3,1,7,1,42,52.0,172.527
1566.4157515,6,1,1,0,1,45.0,0.0
1566.4165855,3,1,1,0,1,45.0,0.0
1566.4165935,6,1,4,0,8,47.0,18.897
1566.4287395,3,1,1,0,1,45.0,0.0
1566.4287875,6,26,9,3,83,62.0,1020.0
1566.4313365,3,1,4,0,24,50.0,72.261
1566.4347955,6,1,1,0,1,47.0,0.0
1566.4392825,3,1,2,0,1,48.0,0.0
1566.440257,1,1,2,0,1,48.0,0.0
1566.440265,2,1,1,0,1,50.0,0.0
1566.4429885,6,1,2,0,1,46.0,0.0
1566.4487665,6,1,3,0,1,47.0,0.0
1566.4561085,3,1,1,0,1,45.0,0.0
1566.4596495,3,4,1,0,5,51.0,33.015
1566.4624405,6,1,1,0,1,45.0,0.0
1566.4633845,6,19,22,8,161,67.0,3964.0
1566.4634045,3,12,10,2,92,54.0,416.854
1566.4662745,3,1,2,0,5,47.0,10.445
1566.4695655,6,1,1,0,1,46.0,0.0
1566.4708065,6,1,1,0,5,46.0,10.2
1566.471466,1,2,2,0,4,46.0,13.255
1566.473491,1,1,1,0,1,49.0,0.0
1566.4785305,6,1,1,0,1,45.0,0.0
1566.4792495,3,1,3,0,4,52.0,30.604
1566.479283,1,1,2,0,1,49.0,0.0
1566.4825465,3,1,4,0,22,48.0,46.486
1566.482615,1,1,1,0,1,46.0,0.0
1566.488163,1,1,1,0,1,45.0,0.0
1566.494392,1,1,1,0,1,45.0,0.0
1566.5026995,3,1,1,0,4,49.0,16.239
1566.50272,1,1,2,0,32,46.0,39.827
1566.5031665,6,1,2,0,1,47.0,0.0
1566.505788,1,18,28,10,142,67.0,5447.0
1566.5058025,6,52,26,7,171,64.0,2702.0
1566.5166055,3,1,1,0,1,45.0,0.0
1566.51662,1,1,3,0,7,47.0,11.134
1566.5221605,3,1,1,0,1,45.0,0.0
1566.5240605,6,1,1,0,1,45.0,0.0
1566.5268015,6,1,1,0,1,45.0,0.0
1566.5270005,3,51,37,26,336,67.0,16223.0
1566.527005,5,63,51,25,311,71.0,19865.0
1566.527009,1,62,48,21,305,66.0,12134.0
1566.52702,2,17,44,32,255,72.0,33308.0
1566.5273245,6,1,5,0,68,47.0,83.1
1566.5321845,6,1,1,0,1,45.0,0.0
1566.5339755,3,2,8,1,83,53.0,286.115
1566.534965,1,1,1,0,1,47.0,0.0
1566.5395665,3,1,1,0,9,47.0,14.393
1566.542107,1,2,1,0,2,46.0,5.628
1566.5428765,6,55,20,8,143,72.0,7435.0
1566.5428955,3,1,12,3,177,50.0,359.301
1566.5441405,3,1,5,1,74,50.0,158.169
1566.5450335,6,1,1,0,1,45.0,0.0
1566.5521025,3,1,1,0,1,45.0,0.0
1566.5528895,3,4,4,1,92,51.0,161.822
1566.5589445,6,1,1,0,1,46.0,0.0
1566.5590455,3,1,1,0,1,45.0,0.0
1566.5628215,6,1,2,0,1,46.0,0.0
1566.5713415,3,1,2,0,10,51.0,45.591
1566.5778605,3,1,1,0,1,45.0,0.0
1566.579914,1,2,1,0,3,47.0,10.343
1566.5940765,3,1,2,0,1,47.0,0.0
1566.6024515,6,1,1,0,1,45.0,0.0
1566.6040195,6,1,1,0,1,45.0,0.0
1566.6044035,3,1,1,0,1,45.0,0.0
1566.6049115,3,2,4,0,8,50.0,49.534
1566.604914,1,1,5,0,63,49.0,83.58
1566.604941,2,1,1,0,1,50.0,0.0
1566.605689,1,1,6,0,26,48.0,89.079
1566.6057215,3,1,1,0,1,45.0,0.0
1566.6076505,3,1,3,0,13,48.0,24.648
1566.608216,1,2,2,0,2,45.0,3.324
1566.609037,1,1,1,0,1,45.0,0.0
1566.610165,2,1,1,0,1,50.0,0.0
1566.6122055,6,2,2,0,2,46.0,3.213
1566.6184875,3,1,1,0,1,45.0,0.0
1566.621329,1,4,7,1,37,63.0,772.723
1566.6260275,3,2,6,0,58,48.0,105.682
1566.6298415,6,1,1,0,1,46.0,0.0
1566.630193,1,1,1,0,1,45.0,0.0
1566.6406935,6,1,1,0,1,45.0,0.0
1566.6415925,3,1,1,0,5,50.0,22.917
1566.6424945,3,1,2,0,1,49.0,0.0
1566.6510845,6,7,28,19,261,74.0,19804.0
1566.659028,1,1,6,1,71,49.0,118.718
1566.659171,2,1,1,0,1,50.0,0.0
1566.6619295,3,1,4,0,28,48.0,35.795
1566.6628745,6,1,3,0,21,47.0,34.17
1566.6659525,6,1,1,0,1,46.0,0.0
1566.6843355,3,1,2,0,1,50.0,0.0
1566.68506,1,1,1,0,1,46.0,0.0
1566.6863515,3,1,1,0,4,48.0,12.139
1566.6899205,6,1,1,0,1,45.0,0.0
1566.691377,1,1,3,0,1,47.0,0.0
1566.6934875,3,1,3,0,1,46.0,0.0
1566.6956175,3,1,1,0,1,45.0,0.0
1566.6962655,6,1,1,0,1,45.0,0.0
1566.7018345,6,1,1,0,1,45.0,0.0
1566.7035215,3,1,1,0,1,45.0,0.0
1566.7056105,3,2,1,0,2,45.0,4.529
1566.7093045,3,1,2,0,36,46.0,34.463
1566.7130345,6,2,9,2,115,63.0,885.007
1566.7130725,3,1,2,0,58,46.0,52.993
1566.71892,1,1,1,0,1,45.0,0.0
1566.7211245,3,1,1,0,1,45.0,0.0
1566.722627,1,1,1,0,1,46.0,0.0
1566.7257995,3,1,1,0,4,49.0,17.269
1566.72638,1,1,1,0,1,49.0,0.0
1566.7297975,3,1,1,0,1,46.0,0.0
1566.7309265,6,1,1,0,1,47.0,0.0
1566.731365,1,1,2,0,1,49.0,0.0
1566.7313855,3,1,1,0,4,47.0,9.506
1566.732247,1,1,1,0,1,46.0,0.0
1566.732846,1,1,1,0,1,46.0,0.0
1566.7346795,6,1,1,0,1,46.0,0.0
1566.7427735,3,1,1,0,1,45.0,0.0
1566.753601,1,3,14,5,129,68.0,3071.0
1566.7549805,6,1,19,5,223,64.0,1309.0
1566.7550145,3,1,6,1,165,51.0,131.503
1566.7582635,6,3,11,5,97,70.0,4830.0
1566.760388,1,2,1,0,3,49.0,12.587
1566.761499,1,1,2,0,1,47.0,0.0
1566.7677475,6,1,1,0,1,45.0,0.0
1566.7687715,3,1,1,0,1,45.0,0.0
1566.7717135,6,1,1,0,1,45.0,0.0
1566.773592,1,1,3,0,9,49.0,32.073
1566.7745215,3,1,1,0,1,45.0,0.0
1566.7770605,6,1,1,0,1,45.0,0.0
1566.7812285,3,1,1,0,1,46.0,0.0
1566.7819655,3,1,3,0,7,53.0,61.775
1566.78197,1,1,4,0,1,48.0,0.0
1566.781994,2,1,1,0,1,52.0,0.0
1566.7820145,6,1,2,0,1,46.0,0.0
1566.789795,1,1,1,0,1,49.0,0.0
1566.7902735,3,1,1,0,1,47.0,0.0
1566.7947225,3,1,2,1,194,49.0,71.621
1566.7997405,6,1,1,0,1,45.0,0.0
1566.805818,1,1,1,0,1,47.0,0.0
1566.808047,1,1,2,0,38,48.0,40.583
1566.8111635,3,1,4,1,66,53.0,146.603
1566.81564,1,1,1,0,1,46.0,0.0
1566.8209065,3,1,3,0,12,50.0,54.834
1566.822211,1,1,6,0,45,49.0,107.091
1566.8234105,3,5,3,0,7,53.0,74.561
1566.8250385,6,4,8,1,31,62.0,763.508
1566.8250695,3,1,1,0,5,50.0,23.038
1566.8272885,6,1,2,0,1,47.0,0.0
1566.8285185,6,12,22,6,200,63.0,1580.0
1566.8305135,3,1,5,0,49,51.0,103.012
1566.832693,1,1,1,0,1,45.0,0.0
1566.841562,1,2,1,0,2,45.0,3.695
1566.8417765,3,1,3,0,5,51.0,31.26
1566.8459915,3,1,2,0,5,49.0,14.06
1566.8519355,3,1,1,0,1,45.0,0.0
1566.8546645,6,4,14,4,162,66.0,1712.0
1566.8546745,3,1,6,1,108,50.0,139.561
1566.85472,2,1,2,0,1,52.0,0.0
1566.8640915,3,1,1,0,1,45.0,0.0
1566.8657225,3,1,2,0,1,48.0,0.0
1566.8666985,3,1,2,0,1,46.0,0.0
1566.8712515,3,4,4,0,35,51.0,107.656
1566.871276,1,1,3,0,37,46.0,35.189
1566.873142,1,1,1,0,1,47.0,0.0
1566.8732105,3,1,1,0,1,45.0,0.0
1566.89107,1,2,2,0,3,47.0,8.525
1566.8910795,3,1,1,0,1,45.0,0.0
1566.8951875,3,2,3,0,51,51.0,90.86
1566.89519,2,1,4,0,1,52.0,0.0
1566.895238,1,2,1,0,3,49.0,13.211
1566.89804,1,1,1,0,1,47.0,0.0
1566.900842,1,1,1,0,1,45.0,0.0
1566.9026795,3,1,1,0,1,45.0,0.0
1566.905602,1,1,4,0,1,49.0,0.0
1566.908889,1,4,2,0,7,46.0,21.414
1566.911727,1,1,2,0,1,47.0,0.0
1566.9196535,3,1,1,0,1,45.0,0.0
1566.92088,1,1,1,0,1,46.0,0.0
1566.924601,5,4,35,23,243,76.0,32121.0
1566.9246175,6,21,22,10,163,67.0,5314.0
1566.9304255,6,5,18,8,253,70.0,4586.0
1566.9304685,3,1,7,1,59,53.0,250.968
1566.934368,1,1,2,0,1,46.0,0.0
1566.9356685,6,1,1,0,1,45.0,0.0
1566.9366535,6,22,20,6,162,61.0,1868.0
1566.9374215,6,3,11,2,81,65.0,920.763
1566.9374305,3,1,3,0,33,52.0,59.734
1566.937449,2,2,2,0,2,51.0,17.923
1566.9436135,6,8,11,5,130,66.0,2579.0
1566.9436265,3,1,5,0,40,51.0,85.023
1566.943674,2,1,2,0,4,52.0,35.867
1566.9445825,6,5,16,4,145,64.0,1486.0
1566.944634,2,1,2,0,1,51.0,0.0
1566.9475615,6,1,1,0,1,45.0,0.0
1566.947564,1,1,1,0,1,45.0,0.0
1566.9483355,6,1,1,0,1,45.0,0.0
1566.9519065,3,1,3,0,12,53.0,107.073
1566.9574765,6,1,1,0,1,46.0,0.0
1566.9599655,6,1,1,0,69,46.0,37.191
1566.9616325,3,1,1,0,1,45.0,0.0
1566.961916,1,1,3,0,1,46.0,0.0
1566.9647885,3,1,1,0,1,45.0,0.0
1566.9671715,6,3,12,3,81,68.0,2318.0
1566.9672125,3,15,2,0,16,49.0,38.519
1566.968965,1,1,1,0,1,46.0,0.0
1566.978394,1,1,1,0,1,45.0,0.0
1566.9817845,3,2,2,0,9,49.0,39.288
1566.9840865,6,241,34,11,280,61.0,3378.0
1566.984997,1,2,1,0,3,48.0,10.614
1566.9882805,3,1,1,0,4,50.0,17.496
1566.9891675,6,1,1,0,1,45.0,0.0
1566.9908595,6,1,1,0,1,46.0,0.0
1566.992647,1,9,3,0,10,49.0,33.977
1566.9941715,3,1,1,0,4,49.0,16.947
1566.9949825,6,1,2,0,4,47.0,9.158
1567.0117035,3,1,1,0,1,45.0,0.0
1567.018203,1,1,1,0,1,45.0,0.0
1567.019621,1,1,1,0,1,46.0,0.0
1567.0203565,3,1,1,0,1,45.0,0.0
1567.0209945,6,1,2,0,1,45.0,0.0
1567.032228,2,13,35,18,265,68.0,10735.0
1567.032229,5,10,35,16,253,69.0,11311.0
1567.032231,1,25,35,16,328,66.0,7738.0
1567.0322395,6,11,30,14,209,65.0,6838.0
1567.0361785,6,1,1,0,1,45.0,0.0
1567.0376525,6,6,13,3,90,63.0,1114.0
1567.0376725,3,1,2,0,1,45.0,0.0
1567.037708,2,1,2,0,1,51.0,0.0
1567.038421,1,1,3,0,1,47.0,0.0
1567.039759,2,1,1,0,6,51.0,41.275
1567.0410285,6,1,1,0,1,46.0,0.0
1567.041568,2,1,2,0,1,52.0,0.0
1567.041613,1,1,1,0,1,45.0,0.0
1567.0462665,6,2,23,6,223,62.0,1296.0
1567.0470455,6,1,4,0,18,47.0,25.198
1567.0494635,3,1,5,0,24,50.0,93.383
1567.049473,2,1,2,0,1,51.0,0.0
1567.0630945,3,2,1,0,8,47.0,16.827
1567.0650875,3,1,1,0,1,45.0,0.0
1567.067328,1,1,2,0,8,47.0,22.263
1567.0681015,3,1,1,0,1,46.0,0.0
1567.0691295,6,1,3,1,180,47.0,65.912
1567.0732865,6,1,1,0,1,45.0,0.0
1567.07379,1,3,3,0,35,49.0,76.328
1567.077792,1,20,29,11,254,67.0,5372.0
1567.080939,1,12,28,12,207,65.0,6564.0
1567.0809505,6,51,30,11,240,63.0,4444.0
1567.0818935,3,1,2,0,5,49.0,14.63
1567.0829155,3,2,9,2,100,53.0,311.775
1567.0839875,6,1,2,0,1,46.0,0.0
1567.084468,1,7,33,10,180,67.0,4299.0
1567.085124,5,84,45,17,258,67.0,9178.0
1567.0851275,3,26,32,16,297,68.0,8543.0
1567.0851358,2,30,39,24,333,69.0,16327.0
1567.0851427,6,4,48,25,460,75.0,25808.0
1567.0851478,1,1,38,16,246,70.0,9610.0
1567.087755,2,1,1,0,1,50.0,0.0
1567.0883115,6,1,1,0,1,47.0,0.0
1567.0975645,3,2,1,0,5,51.0,38.825
1567.097571,2,1,2,0,6,51.0,43.583
1567.098302,1,1,3,0,34,47.0,42.104
1567.0993475,3,1,4,0,23,49.0,61.457
1567.099369,1,1,1,0,1,45.0,0.0
1567.1006795,3,28,5,1,70,51.0,136.307
1567.1084005,3,2,4,1,93,48.0,103.723
1567.1111675,6,1,1,0,1,45.0,0.0
1567.11342,1,27,7,1,64,49.0,109.003
1567.1154615,6,1,1,0,1,45.0,0.0
1567.1185605,6,85,8,3,190,62.0,924.725
1567.1186895,3,2,4,0,20,48.0,42.036
1567.12102,1,7,64,58,577,85.0,135643.0
1567.12103,2,20,55,48,530,77.0,62082.0
1567.1210325,6,17,51,35,541,77.0,42684.0
1567.121039,5,23,66,31,528,73.0,25213.0
1567.1224935,3,1,1,0,4,50.0,17.263
1567.1238115,6,1,1,0,1,47.0,0.0
1567.125976,1,2,1,0,2,46.0,6.375
1567.1284355,3,1,9,1,80,54.0,293.95
1567.131369,2,2,3,0,2,51.0,10.215
1567.1323835,6,1,1,0,1,46.0,0.0
1567.1365075,6,1,26,9,221,67.0,3749.0
1567.137566,1,1,1,0,1,45.0,0.0
1567.1384205,3,1,12,2,114,53.0,450.132
1567.1398075,6,1,1,0,1,45.0,0.0
1567.140353,1,4,12,3,79,66.0,1937.0
1567.1403695,3,2,3,0,19,50.0,53.98
1567.145731,1,2,1,0,3,49.0,9.051
1567.1474775,6,1,4,0,20,46.0,39.35
1567.1474935,3,1,1,0,1,45.0,0.0
1567.150116,5,7,22,8,189,68.0,5011.0
1567.1501265,6,16,20,8,345,65.0,2406.0
1567.1553905,6,1,1,0,1,45.0,0.0
1567.156153,1,3,1,0,4,47.0,19.129
1567.160069,1,1,2,0,1,46.0,0.0
1567.1606415,3,1,3,0,33,47.0,50.007
1567.161669,1,1,1,0,1,45.0,0.0
1567.1638345,3,1,1,0,1,45.0,0.0
1567.1644675,3,1,2,0,10,47.0,15.642
1567.1646295,6,1,2,0,1,47.0,0.0
1567.164686,1,2,2,0,30,48.0,45.854
1567.1655875,3,1,3,0,52,48.0,59.303
1567.166386,1,1,3,0,1,49.0,0.0
1567.1667395,6,1,1,0,1,45.0,0.0
1567.1705215,3,1,2,0,5,48.0,16.948
1567.1751895,6,1,1,0,1,45.0,0.0
1567.17676,1,12,25,9,204,63.0,4272.0
1567.1767715,6,51,26,9,237,61.0,2940.0
1567.1793145,6,1,1,0,1,45.0,0.0
1567.1821515,3,1,10,2,210,53.0,308.046
1567.1897745,6,1,1,0,1,46.0,0.0
1567.1906895,6,1,1,0,1,45.0,0.0
1567.1940225,3,1,8,1,103,52.0,203.815
1567.1975855,3,2,7,1,90,54.0,273.626
1567.209453,2,1,1,0,1,50.0,0.0
1567.215654,1,1,2,0,164,48.0,35.223
1567.2216725,6,1,1,0,1,45.0,0.0
1567.2225685,6,1,1,0,1,47.0,0.0
1567.2235045,6,1,1,0,1,47.0,0.0
1567.2248265,3,1,1,0,1,45.0,0.0
1567.2253665,6,75,36,16,292,67.0,8242.0
1567.225413,5,25,46,20,276,68.0,12442.0
1567.225415,1,15,43,13,316,68.0,5326.0
1567.225421,2,9,23,15,193,69.0,10393.0
1567.2274595,3,1,2,0,14,50.0,50.577
1567.2294425,3,1,2,0,1,47.0,0.0
1567.229484,1,1,1,0,1,48.0,0.0
1567.230754,1,2,1,0,3,47.0,11.405
1567.23474,1,125,13,4,191,64.0,1490.0
1567.23924,2,1,1,0,1,52.0,0.0
1567.2429655,3,16,10,2,103,53.0,334.127
1567.2455825,3,1,2,0,9,46.0,18.708
1567.247986,1,1,1,0,4,49.0,13.037
1567.2504115,6,31,12,4,145,62.0,1290.0
1567.2504235,3,2,6,1,100,53.0,233.066
1567.253244,1,4,37,23,235,76.0,34195.0
1567.2532545,6,2,33,15,399,64.0,5889.0
1567.257424,1,9,22,5,145,63.0,1710.0
1567.2574415,3,1,9,1,85,52.0,222.51
1567.258085,1,1,1,0,1,47.0,0.0
1567.262984,1,1,1,0,1,45.0,0.0
1567.2630155,6,1,1,0,1,45.0,0.0
1567.2658545,6,1,1,0,1,45.0,0.0
1567.2699435,3,1,1,0,1,45.0,0.0
1567.270934,1,1,1,0,1,45.0,0.0
1567.276432,1,196,38,15,436,64.0,6351.0
1567.2764495,6,165,33,16,431,64.0,6582.0
1567.276593,2,11,28,24,227,75.0,29742.0
1567.276602,5,12,32,10,213,67.0,5250.0
1567.2784895,6,122,34,12,339,63.0,4127.0
1567.278588,2,1,30,20,230,69.0,13976.0
1567.278592,5,32,36,13,203,67.0,7009.0
1567.278596,1,38,40,17,244,67.0,9857.0
1567.2809125,6,17,18,5,159,63.0,1555.0
1567.2809135,3,1,10,2,91,54.0,383.098
1567.2880905,3,1,1,0,4,48.0,12.239
1567.288111,2,1,2,0,4,52.0,28.959
1567.2886105,3,1,2,0,1,47.0,0.0
1567.29063,1,1,1,0,1,45.0,0.0
1567.2930245,6,1,1,0,1,45.0,0.0
1567.2939915,6,1,2,0,1,46.0,0.0
1567.2968525,6,2,9,2,64,62.0,1020.0
1567.298091,1,1,1,0,1,46.0,0.0
1567.3042445,6,5,18,10,290,70.0,9803.0
1567.306035,1,1,1,0,1,47.0,0.0
1567.3067955,6,1,1,0,1,47.0,0.0
1567.3089035,3,1,1,0,1,45.0,0.0
1567.3118205,6,1,1,0,1,45.0,0.0
1567.311853,2,1,2,0,1,51.0,0.0
1567.3139675,6,4,10,2,83,62.0,887.857
1567.3139745,3,1,5,0,52,49.0,103.495
1567.3183835,3,1,2,0,10,49.0,27.599
1567.3184865,6,1,1,0,1,45.0,0.0
1567.323207,1,7,26,7,146,63.0,3462.0
1567.3232295,6,3,21,6,205,61.0,1438.0
1567.324125,2,1,2,0,1,51.0,0.0
1567.3275485,6,8,9,2,56,61.0,1006.0
1567.3275825,3,1,2,0,1,46.0,0.0
1567.33493,2,1,1,0,1,51.0,0.0
1567.3393735,6,1,2,0,1,45.0,0.0
1567.3398975,3,2,1,0,2,49.0,3.352
1567.3419655,6,1,1,0,1,45.0,0.0
1567.3445895,6,1,1,0,1,45.0,0.0
1567.346801,1,5,17,4,131,66.0,1709.0
1567.3468185,3,2,6,1,119,54.0,214.032
1567.3504865,3,8,8,1,102,53.0,279.413
1567.3524505,6,1,1,0,1,45.0,0.0
1567.352986,1,1,1,0,1,45.0,0.0
1567.3541235,6,1,1,0,1,45.0,0.0
1567.356782,1,1,1,0,1,49.0,0.0
1567.3659595,6,2,1,0,3,45.0,8.051
1567.368659,1,9,32,12,402,63.0,4461.0
1567.3686735,6,48,29,10,393,61.0,2880.0
1567.375809,1,1,3,0,1,49.0,0.0
1567.3778385,3,2,2,0,2,47.0,4.66
1567.377879,1,2,4,0,37,49.0,78.38
1567.383184,1,1,2,0,1,47.0,0.0
1567.3874905,3,1,1,0,1,45.0,0.0
1567.387494,2,1,1,0,1,52.0,0.0
1567.3895035,6,6,20,8,306,67.0,3248.0
1567.3895065,3,1,10,2,108,54.0,273.108
1567.395601,1,1,2,0,1,45.0,0.0
1567.396541,1,1,1,0,1,45.0,0.0
1567.398476,1,1,3,0,6,47.0,13.885
1567.3984915,3,1,1,0,1,45.0,0.0
1567.3985105,6,1,2,0,1,45.0,0.0
1567.4046575,6,1,1,0,1,45.0,0.0
1567.4065385,6,7,14,5,171,63.0,1798.0
1567.4065405,3,1,9,3,209,53.0,355.307
1567.4099275,3,2,6,1,88,51.0,157.967
1567.4121065,6,2,1,0,2,46.0,6.07
1567.412795,1,1,2,0,1,48.0,0.0
1567.4138085,6,6,16,4,151,64.0,1217.0
1567.4173345,3,1,2,0,25,49.0,51.877
1567.419189,1,1,1,0,1,46.0,0.0
1567.4249555,6,1,1,0,1,45.0,0.0
1567.4271105,6,1,1,0,1,45.0,0.0
1567.427423,1,1,2,0,1,45.0,0.0
1567.4278345,3,2,3,0,18,50.0,69.204
1567.427835,2,1,2,0,1,52.0,0.0
1567.428547,1,1,1,0,1,45.0,0.0
1567.4292305,3,1,1,0,1,46.0,0.0
1567.4292575,6,1,1,0,1,47.0,0.0
1567.432122,1,8,4,0,40,48.0,60.376
1567.4347195,3,2,1,0,2,45.0,3.435
1567.435017,1,8,27,13,172,70.0,10196.0
1567.4350285,6,12,20,7,152,66.0,4118.0
1567.4429565,6,1,1,0,1,46.0,0.0
1567.45107,1,1,1,0,1,45.0,0.0
1567.4567825,3,1,3,0,16,51.0,56.554
1567.4579515,3,1,1,0,4,48.0,12.437
1567.464397,1,15,31,12,204,64.0,6329.0
1567.4644115,6,44,28,11,237,63.0,4265.0
1567.4713805,6,1,1,0,1,45.0,0.0
1567.471671,1,1,1,0,1,47.0,0.0
1567.4775145,6,1,1,0,1,46.0,0.0
1567.481678,1,2,2,0,3,47.0,10.321
1567.4821785,6,304,32,12,461,63.0,3564.0
1567.4840325,6,5,17,6,138,65.0,2259.0
1567.4841245,3,1,1,0,1,46.0,0.0
1567.486886,1,1,1,0,1,45.0,0.0
1567.4879515,6,41,22,6,174,62.0,1677.0
1567.491389,1,1,1,0,1,46.0,0.0
1567.4919435,3,1,2,0,31,48.0,48.576
1567.4931945,6,1,1,0,1,46.0,0.0
1567.4955205,6,1,4,0,46,47.0,58.032
1567.4955275,3,1,1,0,1,45.0,0.0
1567.4983925,6,1,1,0,1,45.0,0.0
1567.4989275,3,2,2,0,6,47.0,16.771
1567.499619,1,1,3,0,1,47.0,0.0
1567.5041125,3,1,2,0,71,45.0,70.131
1567.506603,5,11,29,11,170,68.0,6593.0
1567.5066135,6,38,23,7,161,62.0,2768.0
1567.5089655,6,1,1,0,1,45.0,0.0
1567.5093065,3,1,2,0,8,48.0,22.773
1567.509412,1,3,6,1,19,64.0,905.528
1567.510471,1,3,5,1,19,64.0,914.107
1567.513341,2,1,1,0,1,50.0,0.0
1567.5146005,6,1,2,0,1,47.0,0.0
1567.5165395,3,1,1,0,1,45.0,0.0
1567.5180115,3,1,5,0,41,49.0,78.233
1567.5211045,6,1,6,2,32,67.0,1225.0
1567.522864,1,1,1,0,1,49.0,0.0
1567.5258795,3,1,2,0,49,46.0,37.49
1567.525885,1,1,5,0,9,49.0,24.619
1567.5309335,6,1,1,0,1,45.0,0.0
1567.5350045,6,1,1,0,1,45.0,0.0
1567.535444,1,2,2,0,2,47.0,11.01
1567.5365435,6,2,1,0,2,45.0,4.025
1567.5382095,6,2,2,0,2,47.0,5.628
1567.5406565,6,1,1,0,1,45.0,0.0
1567.543673,1,1,2,0,48,48.0,62.328
1567.5436745,3,1,2,0,1,47.0,0.0
1567.545902,1,2,1,0,2,46.0,8.402
1567.545985,2,1,1,0,1,50.0,0.0
1567.547969,1,2,27,7,160,64.0,3221.0
1567.548629,1,2,1,0,2,48.0,14.027
1567.5549285,3,1,2,0,22,48.0,39.761
1567.55498,2,1,1,0,1,50.0,0.0
1567.556591,1,1,1,0,1,45.0,0.0
1567.5566,2,1,1,0,1,52.0,0.0
1567.5575555,6,1,1,0,1,45.0,0.0
1567.560169,1,9,27,9,198,63.0,4037.0
1567.5611085,6,1,2,0,1,47.0,0.0
1567.5625175,6,1,2,0,1,47.0,0.0
1567.563897,1,1,2,0,1,47.0,0.0
1567.5659295,3,1,6,1,57,52.0,148.242
1567.5660975,6,1,1,0,1,45.0,0.0
1567.5678555,6,2,2,0,3,47.0,10.391
1567.572209,1,1,2,0,35,49.0,62.339
1567.5722105,3,1,1,0,1,45.0,0.0
1567.5754065,6,1,18,6,326,63.0,1340.0
1567.5754735,3,1,2,0,157,45.0,43.793
1567.575636,2,1,2,0,1,52.0,0.0
1567.575646,1,2,5,0,9,49.0,36.85
1567.579209,1,1,3,0,1,47.0,0.0
1567.579231,2,1,2,0,1,51.0,0.0
1567.5794525,3,1,1,0,1,47.0,0.0
1567.5794595,6,1,2,0,1,45.0,0.0
1567.582872,2,1,2,0,1,51.0,0.0
1567.5838855,6,1,1,0,1,45.0,0.0
1567.584317,1,5,7,1,63,47.0,106.168
1567.5843175,3,1,2,0,17,47.0,36.542
1567.5849015,6,1,1,0,1,45.0,0.0
1567.5860565,6,1,1,0,1,46.0,0.0
1567.587314,1,1,3,0,17,49.0,37.571
1567.589186,1,1,1,0,1,45.0,0.0
1567.5902085,3,1,2,0,4,50.0,19.122
1567.5919365,6,1,1,0,4,46.0,9.454
1567.595948,1,1,2,0,1,47.0,0.0
1567.6012275,6,1,2,0,1,47.0,0.0
1567.602516,1,1,3,0,1,48.0,0.0
1567.609308,2,1,1,0,1,51.0,0.0
1567.609603,1,2,1,0,2,45.0,3.324
1567.610692,1,1,2,0,1,49.0,0.0
1567.6111975,6,1,1,0,1,45.0,0.0
1567.6155245,3,1,2,0,18,49.0,55.741
1567.6160515,6,1,1,0,1,46.0,0.0
1567.6191465,6,41,7,1,64,61.0,625.254
1567.6192195,3,1,1,0,1,45.0,0.0
1567.6231965,6,1,1,0,1,45.0,0.0
1567.631917,1,6,13,4,72,68.0,2823.0
1567.6324455,3,1,2,0,1,47.0,0.0
1567.634265,1,1,1,0,1,45.0,0.0
1567.6348575,6,112,35,14,510,66.0,5902.0
1567.634952,1,23,32,9,233,65.0,3529.0
1567.6389845,3,1,2,0,5,50.0,16.94
1567.6454485,3,1,1,0,1,45.0,0.0
1567.6456975,6,1,1,0,1,45.0,0.0
1567.6469995,3,2,4,1,81,53.0,137.675
1567.6478015,3,1,2,0,1,46.0,0.0
1567.6524575,6,3,9,1,50,62.0,686.14
1567.652471,1,1,6,1,83,49.0,123.729
1567.6525715,3,1,1,0,10,46.0,15.478
1567.6549715,6,2,7,1,38,67.0,1382.0
1567.654999,1,1,5,0,26,49.0,63.658
1567.655888,1,119,34,13,354,65.0,6397.0
1567.6560095,6,48,36,13,279,63.0,4776.0
1567.6570085,6,1,1,0,1,46.0,0.0
1567.6656965,3,1,11,2,133,52.0,329.179
1567.671695,1,1,2,0,1,47.0,0.0
1567.6761185,6,1,2,0,1,45.0,0.0
1567.67768,1,1,20,8,222,71.0,5397.0
1567.6783655,3,1,1,0,1,46.0,0.0
1567.680918,1,2,6,2,87,66.0,883.5
1567.6810755,6,1,1,0,1,45.0,0.0
1567.6817855,6,6,21,6,228,62.0,1986.0
1567.6818025,3,1,2,0,4,46.0,7.63
1567.687183,2,1,1,0,1,51.0,0.0
1567.6871895,3,1,1,0,1,45.0,0.0
1567.6881195,6,1,1,0,1,46.0,0.0
1567.692603,1,1,1,0,1,45.0,0.0
1567.6931045,3,1,5,0,17,54.0,79.513
1567.6940995,6,1,1,0,1,45.0,0.0
1567.6951005,3,2,10,1,72,51.0,211.3
1567.6951015,6,14,18,5,178,62.0,1618.0
1567.697182,1,1,1,0,1,45.0,0.0
1567.6977165,6,1,1,0,1,45.0,0.0
1567.7044065,6,1,1,0,1,45.0,0.0
1567.7074495,3,1,3,0,8,49.0,16.798
1567.7127505,3,1,1,0,1,46.0,0.0
1567.7137475,6,3,8,2,48,64.0,1309.0
1567.7180385,3,1,4,0,47,49.0,66.962
1567.7189995,6,1,1,0,1,46.0,0.0
1567.719557,1,1,1,0,1,45.0,0.0
1567.72059,1,2,1,0,2,46.0,23.537
1567.7231285,6,3,11,3,71,62.0,1030.0
1567.7231355,3,1,3,0,51,49.0,92.413
1567.7260905,6,1,3,0,1,46.0,0.0
1567.7297555,3,1,3,1,73,48.0,104.049
1567.7328225,6,1,1,0,1,45.0,0.0
1567.7362695,3,1,1,0,1,45.0,0.0
1567.7390785,3,1,1,0,27,50.0,34.626
1567.7393985,6,1,1,0,1,47.0,0.0
1567.7415625,6,7,6,2,30,63.0,1282.0
1567.7427035,6,2,8,2,124,62.0,727.235
1567.7428315,3,1,1,0,1,45.0,0.0
1567.743418,1,2,1,0,3,45.0,7.825
1567.7439075,3,2,1,0,5,51.0,25.98
1567.7450205,6,6,10,4,202,61.0,1290.0
1567.745068,1,1,2,0,1,48.0,0.0
1567.7450815,3,2,1,0,2,45.0,3.665
1567.7503595,6,1,1,0,1,46.0,0.0
1567.751013,1,1,2,1,182,47.0,55.487
1567.751987,1,1,1,0,1,45.0,0.0
1567.754235,1,1,1,0,1,48.0,0.0
1567.7542555,6,1,2,0,4,47.0,9.36
1567.757123,1,2,2,0,16,46.0,42.455
1567.759152,1,1,1,0,1,45.0,0.0
1567.7638115,3,1,2,0,1,50.0,0.0
1567.763847,2,1,1,0,1,50.0,0.0
1567.7638985,6,1,1,0,1,45.0,0.0
1567.7653275,6,1,1,0,1,45.0,0.0
1567.7659705,6,1,12,2,84,61.0,791.013
1567.7659865,3,1,5,0,42,49.0,93.583
1567.7702995,6,2,2,0,9,47.0,18.507
1567.7728275,3,1,1,0,1,45.0,0.0
1567.7739045,6,1,2,0,1,45.0,0.0
1567.7790685,6,10,23,6,136,64.0,1941.0
1567.7790915,3,1,9,2,129,52.0,269.042
1567.78312,1,2,1,0,3,47.0,10.115
1567.7851715,6,9,17,7,117,70.0,5661.0
1567.7852075,3,1,7,1,50,53.0,203.954
1567.78524,2,1,2,0,1,52.0,0.0
1567.7866995,6,1,2,0,6,47.0,10.769
1567.7872085,6,1,3,0,1,47.0,0.0
1567.7882095,3,1,3,0,15,54.0,170.279
1567.788224,1,1,3,0,51,48.0,61.807
1567.7882495,6,1,2,0,1,45.0,0.0
1567.7906405,3,3,2,0,10,52.0,58.156
1567.792247,1,1,1,0,1,45.0,0.0
1567.794208,2,1,1,0,1,50.0,0.0
1567.7942235,3,1,1,0,1,45.0,0.0
1567.7967165,6,1,3,0,1,46.0,0.0
1567.7972265,6,1,1,0,1,45.0,0.0
1567.7982635,6,46,28,11,238,64.0,4535.0
1567.80166,1,2,1,0,2,45.0,7.047
1567.8080165,6,2,10,3,116,62.0,792.372
1567.8080375,3,1,3,0,67,48.0,86.353
1567.809705,1,1,4,0,1,49.0,0.0
1567.8097215,3,1,1,0,1,45.0,0.0
1567.810882,1,2,1,0,2,45.0,7.047
1567.8126725,3,2,2,0,17,46.0,25.489
1567.812699,1,1,3,0,1,47.0,0.0
1567.812702,2,1,1,0,1,50.0,0.0
1567.814586,1,2,1,0,3,46.0,7.784
1567.816913,1,2,2,0,2,46.0,7.333
1567.8174845,6,2,4,1,25,66.0,867.018
1567.8196935,3,1,1,0,1,45.0,0.0
1567.823609,1,1,3,0,13,49.0,37.699
1567.824233,1,2,1,0,3,48.0,13.69
1567.8266075,6,2,6,1,26,62.0,584.732
1567.8266485,3,1,1,0,1,45.0,0.0
1567.827193,1,1,2,0,1,46.0,0.0
1567.8290225,6,4,19,6,180,67.0,2668.0
1567.838492,1,1,1,0,1,45.0,0.0
1567.8424155,3,1,3,0,1,47.0,0.0
1567.8432255,6,1,2,0,19,47.0,37.789
1567.847371,1,1,2,0,1,45.0,0.0
1567.852862,1,1,1,0,1,45.0,0.0
1567.8530705,3,1,1,0,1,46.0,0.0
1567.8538295,6,1,2,0,1,46.0,0.0
1567.8561075,6,1,1,0,1,45.0,0.0
1567.8613625,3,1,2,0,5,52.0,32.901
1567.862745,1,1,1,0,1,45.0,0.0
1567.8632335,6,1,2,0,1,46.0,0.0
1567.863864,1,1,4,0,1,47.0,0.0
1567.865911,1,2,1,0,3,46.0,9.632
1567.8673545,3,1,1,0,1,47.0,0.0
1567.872487,1,1,2,0,1,47.0,0.0
1567.8808355,6,1,1,0,1,45.0,0.0
1567.885618,1,1,1,0,1,45.0,0.0
1567.8858745,6,1,1,0,1,45.0,0.0
1567.8881885,3,1,1,0,1,45.0,0.0
1567.889456,1,1,1,0,1,49.0,0.0
1567.8901235,6,1,2,0,8,47.0,19.899
1567.8929425,6,1,1,0,1,45.0,0.0
1567.901205,1,2,1,0,3,47.0,8.796
1567.9024165,6,16,17,9,84,70.0,9365.0
1567.9024575,3,1,8,1,65,52.0,221.201
1567.9059175,6,2,1,0,2,47.0,4.148
1567.9077885,3,1,1,0,1,45.0,0.0
1567.90865,2,1,2,0,24,51.0,45.081
1567.9086755,3,1,1,0,1,45.0,0.0
1567.910571,1,1,1,0,1,45.0,0.0
1567.915402,1,1,2,0,74,46.0,43.741
1567.9177745,6,1,5,0,29,47.0,52.788
1567.917791,1,2,4,0,25,49.0,65.439
1567.9243955,6,1,2,0,167,46.0,42.714
1567.9248455,3,1,1,0,4,48.0,10.734
1567.9250805,6,4,11,3,62,65.0,2118.0
1567.926463,1,2,1,0,2,48.0,3.241
1567.927592,1,1,1,0,1,49.0,0.0
1567.9307945,6,1,2,0,1,47.0,0.0
1567.9307965,3,2,1,0,6,50.0,21.292
1567.931127,1,2,5,0,57,48.0,81.278
1567.932388,1,1,1,0,1,45.0,0.0
1567.934182,1,2,1,0,3,47.0,9.439
1567.9365715,3,1,2,0,17,50.0,43.98
1567.936602,1,1,1,0,1,45.0,0.0
1567.9394495,6,1,1,0,1,45.0,0.0
1567.9402405,3,3,4,0,45,52.0,96.158
1567.9411385,6,1,1,0,1,46.0,0.0
1567.945852,1,2,18,8,118,75.0,10009.0
1567.946761,1,1,1,0,1,45.0,0.0
1567.9471455,6,3,5,1,33,61.0,453.479
1567.9471765,3,1,1,0,1,47.0,0.0
1567.9505865,6,1,1,0,1,47.0,0.0
1567.9535425,6,2,6,1,22,61.0,494.916
1567.95356,1,1,3,0,1,49.0,0.0
1567.9541885,6,1,1,0,1,45.0,0.0
1567.954927,1,1,1,0,1,45.0,0.0
1567.955432,1,4,14,4,69,67.0,2806.0
1567.957155,1,2,10,2,64,63.0,1078.0
1567.9582775,3,2,2,0,5,49.0,27.331
1567.958292,2,1,1,0,1,52.0,0.0
1567.9631565,6,1,1,0,1,45.0,0.0
1567.9655485,3,1,2,0,8,51.0,46.969
1567.9672095,6,3,16,4,238,64.0,1354.0
1567.967243,1,1,7,0,39,48.0,53.154
1567.968411,1,1,1,0,1,45.0,0.0
1567.9706585,3,1,1,0,1,45.0,0.0
1567.970866,1,1,2,0,1,47.0,0.0
1567.9711175,6,7,17,4,166,62.0,1124.0
1567.9711605,3,2,6,1,95,50.0,183.056
1567.9719135,6,4,14,5,138,67.0,2443.0
1567.9719345,3,1,5,1,87,54.0,148.516
1567.971941,2,1,5,0,31,52.0,182.573
1567.9725355,3,1,1,0,1,45.0,0.0
1567.9741155,3,1,2,0,1,48.0,0.0
1567.977871,2,1,1,0,1,51.0,0.0
1567.9783075,6,1,1,0,1,45.0,0.0
1567.9800225,6,2,4,1,26,62.0,427.753
1567.9800695,3,1,1,0,1,45.0,0.0
1567.980464,1,1,1,0,1,46.0,0.0
1567.9810845,6,1,2,0,5,46.0,9.722
1567.981559,1,1,2,0,1,49.0,0.0
1567.986048,2,1,1,0,1,50.0,0.0
1567.986549,2,1,3,0,1,51.0,0.0
1567.987774,1,1,1,0,1,45.0,0.0
1567.9901065,6,2,1,0,2,45.0,5.52
1567.991187,1,1,1,0,1,45.0,0.0
1567.9931735,6,1,1,0,1,45.0,0.0
1567.9956905,6,1,2,0,1,47.0,0.0
1567.9963665,6,1,1,0,1,45.0,0.0
1567.9985305,6,3,9,3,72,63.0,1639.0
1567.998609,1,1,2,0,1,48.0,0.0
1567.9995525,6,1,2,0,1,47.0,0.0
1568.0002255,6,1,1,0,1,45.0,0.0
1568.0014285,6,14,20,9,143,69.0,6872.0
1568.0021285,3,1,1,0,1,46.0,0.0
1568.00296,1,2,33,10,204,63.0,3979.0
1568.0029695,6,7,23,7,184,62.0,2051.0
1568.0115235,3,1,1,0,4,47.0,11.413
1568.0152535,6,1,1,0,1,45.0,0.0
1568.015782,1,1,1,0,1,48.0,0.0
1568.0158525,6,1,3,0,14,47.0,22.291
1568.0166545,6,1,1,0,1,45.0,0.0
1568.018881,1,1,1,0,1,48.0,0.0
1568.0196665,6,1,12,3,82,65.0,1381.0
1568.0196755,3,1,3,0,18,49.0,24.082
1568.020921,1,1,5,0,52,49.0,97.405
1568.0209425,3,2,2,0,8,47.0,13.74
1568.0275645,3,1,1,0,1,46.0,0.0
1568.035099,1,1,2,0,6,48.0,17.209
1568.0351175,6,1,9,2,55,65.0,1223.0
1568.0359335,3,1,4,0,44,47.0,68.765
1568.037629,1,2,4,0,33,48.0,61.034
1568.045208,1,1,1,0,1,47.0,0.0
1568.0466785,6,1,5,1,25,63.0,529.39
1568.0515035,3,1,3,0,20,53.0,78.898
1568.0531745,6,1,1,0,1,45.0,0.0
1568.0534895,3,1,8,1,79,53.0,259.408
1568.0542275,6,1,2,0,1,45.0,0.0
1568.0567545,6,6,8,1,26,62.0,523.19
1568.0571745,3,1,1,0,1,47.0,0.0
1568.0602145,6,2,1,0,2,47.0,5.628
1568.0602435,3,1,2,0,5,49.0,17.632
1568.066905,1,1,1,0,1,45.0,0.0
1568.0690705,6,2,5,0,16,61.0,264.838
1568.0703935,6,1,1,0,1,45.0,0.0
1568.0714435,3,1,4,0,17,47.0,33.965
1568.0733005,6,9,28,18,234,76.0,22440.0
1568.0743465,6,1,1,0,1,47.0,0.0
1568.0750645,6,1,2,0,1,47.0,0.0
1568.0754815,3,1,2,0,1,45.0,0.0
1568.076789,1,14,31,10,177,64.0,4092.0
1568.0767965,6,42,24,7,204,61.0,2036.0
1568.0787435,6,1,1,0,1,45.0,0.0
1568.080446,1,1,1,0,1,45.0,0.0
1568.0847495,3,1,2,0,5,50.0,27.148
1568.0851215,6,1,1,0,1,45.0,0.0
1568.085786,1,1,1,0,1,45.0,0.0
1568.0873485,6,1,1,0,1,45.0,0.0
1568.089452,1,1,1,0,1,45.0,0.0
1568.0952645,6,1,1,0,1,46.0,0.0
1568.0959375,3,1,1,0,1,45.0,0.0
1568.0967815,6,1,1,0,1,45.0,0.0
1568.1046785,6,1,1,0,1,45.0,0.0
1568.1076545,3,1,1,0,1,45.0,0.0
1568.1081615,6,1,1,0,4,45.0,7.057
1568.1100985,3,1,2,0,1,45.0,0.0
1568.1134665,6,1,1,0,1,45.0,0.0
1568.114358,2,1,1,0,1,51.0,0.0
1568.1148345,6,1,1,0,4,46.0,7.44
1568.115978,1,2,6,1,43,64.0,588.679
1568.1167685,6,1,1,0,4,45.0,6.761
1568.1180125,3,1,4,0,45,50.0,74.292
1568.1196735,3,1,2,0,5,49.0,20.333
1568.119714,1,1,1,0,1,45.0,0.0
1568.1241715,3,1,4,1,81,48.0,97.134
1568.130735,1,1,1,0,1,47.0,0.0
1568.133222,2,2,3,0,2,52.0,11.678
1568.1337895,3,1,1,0,4,48.0,11.119
1568.1375175,3,1,2,0,7,53.0,59.899
1568.1377035,6,161,29,9,328,66.0,3302.0
1568.1380485,3,1,1,0,1,45.0,0.0
1568.1406325,3,1,1,0,1,45.0,0.0
1568.141435,2,2,18,8,127,69.0,5044.0
1568.14144,1,31,33,9,269,63.0,2495.0
1568.1414505,6,18,25,6,191,61.0,1816.0
1568.14363,1,2,2,0,2,47.0,6.375
1568.1480385,6,1,1,0,4,46.0,8.349
1568.148533,1,1,1,0,1,45.0,0.0
1568.1489675,3,1,3,0,37,49.0,94.479
1568.1518895,6,1,1,0,1,46.0,0.0
1568.154005,1,1,1,0,1,45.0,0.0
1568.155127,1,2,3,0,2,48.0,9.078
1568.1564765,3,1,5,1,57,49.0,103.218
1568.156482,2,1,2,0,1,52.0,0.0
1568.1576095,3,1,1,0,1,46.0,0.0
1568.157617,1,1,2,0,1,47.0,0.0
1568.15765,2,1,1,0,1,50.0,0.0
1568.165217,1,197,24,7,302,66.0,2124.0
1568.1654245,3,1,6,1,89,50.0,148.572
1568.1699725,6,1,1,0,4,46.0,7.972
1568.170629,1,2,1,0,2,45.0,4.562
1568.1707085,6,1,1,0,1,45.0,0.0
1568.1713585,3,1,1,0,1,45.0,0.0
1568.1719175,3,1,1,0,1,45.0,0.0
1568.176237,1,1,3,0,4,49.0,14.786
1568.1762775,3,1,1,0,1,45.0,0.0
1568.1787665,6,3,14,5,194,67.0,2038.0
1568.1788005,3,1,2,0,15,50.0,26.939
1568.178804,1,1,2,0,1,47.0,0.0
1568.1801795,6,1,1,0,1,45.0,0.0
1568.181225,1,1,1,0,1,47.0,0.0
1568.1860265,6,2,16,4,171,61.0,1074.0
1568.1860835,3,1,6,0,33,50.0,111.56
1568.1898095,3,34,7,1,60,51.0,183.438
1568.189867,1,1,4,0,54,48.0,76.596
1568.1912535,6,1,1,0,1,47.0,0.0
1568.192615,1,2,1,0,2,46.0,8.402
1568.196949,1,1,2,0,1,49.0,0.0
1568.1998615,3,2,1,0,2,45.0,3.132
1568.200647,1,2,1,0,2,46.0,3.579
1568.201195,1,7,5,0,11,49.0,41.436
1568.2012325,6,1,2,0,1,47.0,0.0
1568.203496,1,1,1,0,1,45.0,0.0
1568.2052715,6,364,42,25,642,71.0,16655.0
1568.2053165,3,1,2,0,1,46.0,0.0
1568.205345,1,1,4,0,1,48.0,0.0
1568.205617,2,26,33,17,178,68.0,12603.0
1568.2058215,3,2,5,1,94,49.0,130.4
1568.205869,1,1,2,0,1,47.0,0.0
1568.208062,5,1,8,1,55,60.0,296.072
1568.2080945,6,1,2,0,15,48.0,30.97
1568.2080965,3,1,1,0,1,45.0,0.0
1568.208628,1,1,2,0,4,54.0,49.348
1568.2086425,3,1,2,0,4,50.0,21.19
1568.2086685,6,1,1,0,1,46.0,0.0
1568.2096525,6,2,11,1,43,60.0,504.696
1568.209673,1,2,13,2,79,54.0,336.649
1568.209681,2,1,4,0,31,54.0,116.05
1568.2096825,3,1,4,0,19,48.0,27.605
1568.209684,5,51,13,1,57,52.0,274.085
1568.210302,5,3,21,6,357,56.0,1021.0
1568.2103295,6,1,13,4,345,51.0,410.753
1568.210423,1,1,5,0,22,55.0,127.426
1568.211339,1,3,27,25,275,83.0,71317.0
1568.2113945,6,1,1,0,1,45.0,0.0
1568.212885,5,1,3,0,1,48.0,0.0
1568.2139425,3,1,1,0,1,48.0,0.0
1568.2144345,6,2,1,0,2,45.0,8.008
1568.215877,5,4,6,1,19,63.0,1198.0
1568.216826,5,3,9,1,49,54.0,266.011
1568.2168455,6,1,6,1,41,53.0,152.67
1568.2175505,6,2,1,0,3,47.0,9.632
1568.218276,1,1,1,0,1,45.0,0.0
1568.218729,4,1,1,0,7,51.0,36.122
1568.218739,2,30,7,2,46,57.0,647.591
1568.2187395,6,15,13,2,141,56.0,396.783
1568.218741,5,2,13,3,159,55.0,499.739
1568.218784,1,3,13,1,73,55.0,275.428
1568.2187885,3,1,2,0,1,47.0,0.0
1568.2218385,6,1,7,0,16,54.0,101.184
1568.221841,1,9,3,0,10,49.0,27.276
1568.221851,5,1,1,0,1,45.0,0.0
1568.2218585,3,2,2,0,5,49.0,21.026
1568.223546,5,1,1,0,1,46.0,0.0
1568.2241675,6,1,2,0,4,50.0,15.711
1568.224226,1,1,1,0,1,45.0,0.0
1568.225357,5,3,2,0,4,46.0,13.544
1568.227055,5,2,2,0,2,48.0,7.541
1568.2270865,6,2,2,0,18,47.0,35.897
1568.2274285,3,2,10,2,119,56.0,355.462
1568.227429,1,9,15,3,140,56.0,597.534
1568.22745,2,8,8,2,84,56.0,532.094
1568.2305195,6,1,1,0,1,46.0,0.0
1568.230747,5,2,2,0,2,47.0,3.903
1568.2311915,6,1,1,0,1,45.0,0.0
1568.2317215,6,1,2,0,1,47.0,0.0
1568.2324555,6,2,2,0,142,46.0,33.269
1568.2338805,6,2,3,0,23,57.0,189.606
1568.2354095,6,1,1,0,1,45.0,0.0
1568.2372795,6,2,3,0,3,53.0,27.828
1568.2379195,6,14,10,2,121,58.0,566.887
1568.2379275,3,1,5,0,42,54.0,136.068
1568.237933,1,1,12,1,57,57.0,300.077
1568.237943,2,1,4,0,4,54.0,25.776
1568.238001,5,1,4,0,1,52.0,0.0
1568.2394965,6,1,4,0,16,54.0,73.63
1568.2403,5,1,3,0,15,55.0,94.704
1568.2413075,6,5,17,5,97,66.0,2819.0
1568.241334,5,1,4,0,8,50.0,15.171
1568.241344,1,1,4,0,39,50.0,83.877
1568.2413545,3,1,3,0,18,47.0,33.363
1568.2422755,6,1,2,0,4,48.0,14.182
1568.2425815,3,7,14,4,117,64.0,1512.0
1568.242598,5,2,13,3,130,59.0,771.432
1568.242599,2,1,11,5,123,64.0,2297.0
1568.242602,1,74,19,5,286,56.0,983.073
1568.2428215,6,1,1,0,1,47.0,0.0
1568.243427,1,1,3,0,1,47.0,0.0
1568.2435115,6,3,10,2,108,62.0,762.701
1568.2446275,6,1,4,1,196,50.0,107.054
1568.2451975,3,1,2,0,1,46.0,0.0
1568.245201,1,1,4,0,7,48.0,14.541
1568.245267,5,2,6,2,43,61.0,1007.0
1568.2458275,6,29,34,13,352,66.0,6032.0
1568.245873,5,30,14,2,81,55.0,459.504
1568.245886,1,1,18,4,291,54.0,580.828
1568.2458925,3,1,7,0,34,50.0,142.526
1568.245917,2,2,5,1,53,54.0,245.498
1568.2467445,6,1,3,0,123,50.0,71.299
1568.2479465,6,1,1,0,1,46.0,0.0
1568.248732,1,1,3,0,6,52.0,35.639
1568.249068,5,9,13,2,49,60.0,804.84
1568.2491135,6,73,7,1,88,57.0,247.855
1568.249864,1,1,3,0,1,52.0,0.0
1568.250791,5,3,9,2,76,61.0,769.889
1568.2508295,6,1,2,0,1,45.0,0.0
1568.250858,1,1,2,0,6,54.0,47.798
1568.251537,1,2,2,0,2,47.0,4.693
1568.251961,2,1,1,0,1,52.0,0.0
1568.251968,5,1,4,0,1,50.0,0.0
1568.254922,1,4,12,2,85,56.0,554.302
1568.2549315,6,8,11,2,125,55.0,516.759
1568.254944,5,22,11,2,98,52.0,304.2
1568.254982,2,1,4,0,1,58.0,0.0
1568.257088,5,3,6,1,54,51.0,187.057
1568.257778,1,2,4,0,35,57.0,229.538
1568.258781,1,1,2,0,1,45.0,0.0
1568.2591225,6,1,1,0,1,46.0,0.0
1568.2612895,6,7,11,2,91,63.0,1074.0
1568.261303,1,1,1,0,1,45.0,0.0
1568.261865,1,1,3,0,1,52.0,0.0
1568.2621785,6,4,6,1,48,55.0,354.809
1568.2622235,3,1,1,0,1,45.0,0.0
1568.2642745,6,4,23,7,219,63.0,2489.0
1568.2642885,3,1,7,1,85,51.0,200.046
1568.264289,1,8,20,3,111,58.0,805.662
1568.264299,5,2,18,3,96,56.0,692.405
1568.264317,2,1,12,3,67,56.0,759.363
1568.2677665,6,2,2,0,3,55.0,42.243
1568.2713835,6,2,4,0,24,49.0,57.513
1568.271638,5,2,9,1,44,55.0,372.346
1568.271644,1,1,2,0,1,46.0,0.0
1568.2716455,3,1,1,0,1,45.0,0.0
1568.271671,2,1,1,0,1,50.0,0.0
1568.2734175,6,1,1,0,1,45.0,0.0
1568.2740115,6,3,30,16,217,73.0,16946.0
1568.274026,2,77,18,6,135,58.0,1568.0
1568.274026,5,126,21,4,163,56.0,800.64
1568.2740335,3,1,17,5,210,60.0,1198.0
1568.274036,1,40,24,6,201,59.0,1460.0
1568.27673,5,10,8,1,51,57.0,416.94
1568.2768535,6,1,1,0,1,45.0,0.0
1568.2781815,6,1,4,0,48,50.0,88.952
1568.278218,5,2,1,0,3,50.0,16.879
1568.2789645,6,6,9,2,63,63.0,948.779
1568.2800325,6,2,1,0,2,45.0,3.324
1568.2809815,6,1,1,0,1,49.0,0.0
1568.2831105,6,1,2,0,1,50.0,0.0
1568.2841765,6,11,10,3,64,64.0,1161.0
1568.284198,5,16,6,0,19,50.0,117.205
1568.284204,1,1,2,0,1,46.0,0.0
1568.2842085,3,2,2,0,2,46.0,3.903
1568.2848955,6,2,1,0,2,45.0,4.66
1568.285222,1,1,5,0,4,51.0,24.249
1568.2869745,3,1,3,0,18,49.0,61.844
1568.2869835,6,1,2,0,4,48.0,10.406
1568.286986,1,1,2,0,1,45.0,0.0
1568.2887615,6,1,2,0,4,49.0,17.191
1568.2894235,6,22,13,1,45,57.0,516.849
1568.289438,5,29,12,1,68,50.0,240.972
1568.2894515,3,1,3,0,48,52.0,101.487
1568.289473,1,1,3,0,31,47.0,39.742
1568.2919445,6,2,6,2,124,62.0,583.027
1568.29203,5,7,7,0,14,54.0,154.24
1568.292632,5,1,1,0,1,45.0,0.0
1568.2928655,6,1,4,0,25,56.0,186.469
1568.295725,1,2,2,0,80,50.0,74.901
1568.2957905,6,2,1,0,3,50.0,16.071
1568.2963255,6,1,1,0,1,48.0,0.0
1568.296369,1,1,2,0,12,47.0,18.671
1568.297226,1,2,1,0,3,45.0,7.873
1568.2984365,6,1,1,0,1,45.0,0.0
1568.3014215,6,1,1,0,1,45.0,0.0
1568.301914,1,142,5,1,173,55.0,237.124
1568.304754,1,2,13,3,199,58.0,576.894
1568.3049565,6,1,3,0,9,50.0,34.442
1568.3062385,6,1,2,0,4,46.0,8.068
1568.306824,5,2,3,0,15,51.0,69.019
1568.306846,1,1,3,0,6,50.0,24.174
1568.3073945,6,1,1,0,1,49.0,0.0
1568.309373,1,1,1,0,1,47.0,0.0
1568.3093895,6,1,2,0,4,47.0,13.001
1568.310175,5,2,15,3,89,60.0,890.049
1568.310179,1,47,14,2,96,55.0,467.283
1568.31018,2,2,9,4,140,57.0,857.326
1568.3101805,3,2,5,0,20,50.0,81.182
1568.3101925,6,7,11,2,70,59.0,623.748
1568.3107628,6,1,6,0,34,58.0,175.432
1568.310767,5,1,1,0,7,47.0,10.383
1568.311638,1,1,1,0,1,46.0,0.0
1568.3116415,6,2,5,0,35,50.0,79.38
1568.3122425,6,1,2,0,11,51.0,66.257
1568.313599,1,11,5,0,18,53.0,188.912
1568.3137425,6,1,3,0,4,50.0,22.528
1568.318601,5,2,1,0,5,48.0,28.617
1568.3196575,6,1,1,0,1,45.0,0.0
1568.319806,1,1,1,0,1,45.0,0.0
1568.3234845,6,2,7,1,27,60.0,406.445
1568.324016,1,2,6,0,18,49.0,62.403
1568.3250425,6,1,3,0,5,47.0,9.804
1568.3256275,3,4,3,0,12,52.0,74.854
1568.325629,5,3,4,0,4,48.0,12.409
1568.3256605,6,1,4,0,13,47.0,27.47
1568.3263225,6,1,1,0,1,46.0,0.0
1568.3285965,6,3,3,0,12,47.0,25.984
1568.329949,1,1,1,0,1,45.0,0.0
1568.3304405,3,1,3,0,18,52.0,57.478
1568.330458,1,2,9,0,40,50.0,118.275
1568.3304665,6,111,10,2,133,58.0,408.49
1568.33048,2,1,3,0,1,51.0,0.0
1568.332033,5,3,5,0,25,51.0,92.225
1568.332064,1,1,4,0,10,47.0,20.677
1568.333109,5,3,5,0,44,52.0,118.916
1568.3331175,6,1,3,0,27,49.0,42.734
1568.3331315,3,1,1,0,1,45.0,0.0
1568.3336465,6,1,1,0,1,47.0,0.0
1568.335585,1,1,2,0,4,49.0,16.778
1568.3357315,6,1,1,0,5,46.0,10.702
1568.3362505,6,2,2,0,3,52.0,27.261
1568.3367885,6,1,1,0,1,48.0,0.0
1568.337497,1,5,12,3,70,63.0,1355.0
1568.3379825,6,1,1,0,1,45.0,0.0
1568.338869,5,6,9,1,44,56.0,391.03
1568.338879,1,1,4,0,1,48.0,0.0
1568.3389075,6,1,3,0,1,49.0,0.0
1568.340634,1,1,2,0,4,48.0,13.028
1568.34172,5,2,3,0,11,51.0,65.466
1568.342129,1,2,4,0,39,51.0,98.336
1568.3443525,6,2,1,0,3,54.0,66.023
1568.344604,5,5,13,3,48,66.0,2174.0
1568.3446315,3,1,1,0,7,50.0,25.025
1568.344667,1,3,4,1,74,49.0,108.432
1568.3455815,6,1,2,0,1,48.0,0.0
1568.3469005,6,1,3,0,12,51.0,33.854
1568.347664,1,9,6,0,21,52.0,153.134
1568.3477285,6,1,3,0,5,49.0,15.818
1568.3507535,6,23,24,11,195,68.0,6953.0
1568.350764,5,29,29,7,121,61.0,2499.0
1568.3507685,3,1,15,4,158,60.0,1071.0
1568.350775,1,24,19,5,135,60.0,1537.0
1568.350778,4,17,2,0,20,48.0,48.814
1568.350781,2,1,18,7,159,63.0,2588.0
1568.351419,1,5,19,4,160,62.0,1240.0
1568.351431,5,2,16,3,152,53.0,568.675
1568.3514375,3,2,5,1,84,54.0,215.551
1568.3514495,6,14,13,2,78,53.0,385.32
1568.35146,2,2,4,0,15,57.0,126.411
1568.3540415,6,1,11,2,87,56.0,446.324
1568.354078,1,9,14,3,105,57.0,696.584
1568.354091,5,2,6,0,3,48.0,10.028
1568.354113,2,1,4,0,1,53.0,0.0
1568.3541215,3,1,3,0,1,47.0,0.0
1568.3582415,6,1,1,0,1,47.0,0.0
1568.3595885,3,1,1,0,1,49.0,0.0
1568.3599235,6,182,16,4,231,65.0,1693.0
1568.360098,5,1,8,1,95,54.0,262.181
1568.360107,1,12,15,2,144,54.0,404.104
1568.3601205,3,1,6,1,57,56.0,317.174
1568.360154,2,1,2,0,1,51.0,0.0
1568.361293,5,4,3,0,11,54.0,114.142
1568.361587,1,12,9,1,88,50.0,141.462
1568.3615895,6,4,4,0,25,49.0,90.837
1568.3618995,3,1,7,1,101,52.0,191.886
1568.361908,2,2,8,2,76,61.0,762.661
1568.361924,5,15,13,3,228,54.0,523.544
1568.362696,1,1,2,0,1,49.0,0.0
1568.362755,5,8,6,0,13,55.0,164.118
1568.3627995,6,1,4,0,25,52.0,88.291
1568.3641705,6,2,9,3,70,70.0,3181.0
1568.3649155,6,1,4,0,13,56.0,81.441
1568.3663865,6,1,1,0,1,45.0,0.0
1568.3670265,6,41,26,31,195,85.0,105152.0
1568.36707,5,67,16,3,148,55.0,670.669
1568.367072,1,31,15,3,166,54.0,557.311
1568.3670985,3,1,5,1,81,52.0,211.222
1568.367128,2,1,2,0,1,57.0,0.0
1568.3680295,6,4,2,0,8,55.0,61.176
1568.3681075,3,1,1,0,1,45.0,0.0
1568.368286,1,1,2,0,1,51.0,0.0
1568.368495,5,3,3,0,11,52.0,69.238
1568.370566,1,2,2,0,2,49.0,12.908
1568.3706155,6,1,8,2,229,51.0,164.716
1568.370772,5,3,15,3,67,57.0,1186.0
1568.371078,1,1,5,1,45,55.0,174.376
1568.372336,1,9,2,0,10,50.0,34.021
1568.373595,5,5,5,0,12,58.0,272.137
1568.374431,1,2,5,1,38,61.0,588.177
1568.3747015,6,7,4,0,10,51.0,50.888
1568.375047,1,2,3,0,3,50.0,18.472
1568.3769425,6,1,3,0,7,51.0,29.361
1568.3775095,6,1,1,0,1,46.0,0.0
1568.3783915,6,1,12,3,130,60.0,760.301
1568.37845,5,1,5,0,52,50.0,115.331
1568.3784755,3,2,3,0,21,50.0,48.761
1568.379347,1,1,1,0,1,48.0,0.0
1568.3799525,6,1,2,0,5,47.0,11.435
1568.380307,5,34,8,1,80,54.0,286.902
1568.380355,1,1,4,0,1,50.0,0.0
1568.381333,1,15,37,9,325,58.0,1954.0
1568.381454,2,1,11,4,152,55.0,945.432
1568.3814575,6,63,24,7,186,65.0,2551.0
1568.3814755,3,1,13,3,168,54.0,456.871
1568.38148,5,3,18,3,115,55.0,620.093
1568.3834025,6,1,1,0,1,45.0,0.0
1568.383683,1,1,5,0,57,48.0,73.992
1568.3836845,3,1,2,0,16,46.0,31.896
1568.3840075,6,1,3,0,1,49.0,0.0
1568.384103,5,1,1,0,1,45.0,0.0
1568.384982,1,1,2,0,1,49.0,0.0
1568.3849955,6,1,3,0,12,48.0,32.511
1568.3851845,3,1,1,0,1,45.0,0.0
1568.387644,5,1,4,0,8,50.0,30.74
1568.387756,1,1,2,0,1,48.0,0.0
1568.3894235,6,1,1,0,1,45.0,0.0
1568.3908715,6,6,2,0,7,50.0,36.264
1568.391745,1,1,2,0,1,50.0,0.0
1568.3929825,6,2,11,2,72,66.0,1080.0
1568.393058,5,1,1,0,1,48.0,0.0
1568.3930605,3,1,1,0,1,45.0,0.0
1568.393755,1,1,1,0,1,45.0,0.0
1568.3944295,3,2,3,0,13,55.0,147.041
1568.3944815,6,1,2,0,1,49.0,0.0
1568.395936,5,1,4,0,27,51.0,54.116
1568.3959475,6,1,4,0,17,54.0,93.28
1568.39803,1,2,7,1,41,63.0,1102.0
1568.3994395,6,1,1,0,1,45.0,0.0
1568.401702,5,2,7,1,75,53.0,198.371
1568.4017135,3,1,2,0,1,48.0,0.0
1568.4017395,6,1,2,0,1,48.0,0.0
1568.4023635,6,5,10,3,49,67.0,2507.0
1568.4032285,6,6,7,1,27,61.0,521.409
1568.403271,1,1,2,0,1,47.0,0.0
1568.403981,5,6,10,2,89,58.0,756.68
1568.4039835,3,2,2,0,30,48.0,43.27
1568.4039955,6,1,7,0,32,51.0,104.583
1568.404029,1,2,10,2,214,49.0,187.53
1568.404032,2,1,3,0,1,54.0,0.0
1568.4047185,3,1,2,0,4,46.0,6.996
1568.4050825,6,1,4,0,20,52.0,88.713
1568.405131,5,2,4,0,2,46.0,4.305
1568.407804,5,2,3,0,10,57.0,197.271
1568.4078245,6,1,5,0,26,51.0,70.478
1568.4078395,3,1,1,0,1,45.0,0.0
1568.408131,1,1,1,0,1,45.0,0.0
1568.4094975,6,1,1,0,1,45.0,0.0
1568.4103915,6,9,8,1,36,56.0,306.584
1568.410426,1,1,1,0,1,46.0,0.0
1568.4110655,6,1,1,0,1,45.0,0.0
1568.412433,1,1,3,0,1,50.0,0.0
1568.412448,5,1,3,0,1,48.0,0.0
1568.4124495,6,1,1,0,1,46.0,0.0
1568.4145735,6,1,1,0,1,50.0,0.0
1568.4160075,6,1,6,1,35,55.0,217.78
1568.416024,1,1,5,0,40,51.0,109.688
1568.416039,5,1,2,0,1,46.0,0.0
1568.416049,2,1,1,0,1,51.0,0.0
1568.416737,1,175,52,29,423,74.0,38532.0
1568.4169195,6,31,34,13,273,68.0,6376.0
1568.41692,2,21,29,18,183,71.0,15674.0
1568.416922,5,29,40,12,235,67.0,5219.0
1568.4169255,3,10,24,9,199,62.0,3251.0
1568.416927,4,2,4,0,2,47.0,3.324
1568.4177625,6,1,1,0,1,47.0,0.0
1568.4187075,6,2,3,0,13,53.0,130.67
1568.420801,1,4,1,0,5,50.0,42.066
1568.4211955,6,2,3,0,22,50.0,72.49
1568.422068,1,2,2,0,3,52.0,40.852
1568.4243445,6,1,1,0,5,47.0,9.988
1568.425217,1,1,2,0,5,53.0,38.082
1568.4255705,6,3,3,0,4,50.0,16.351
1568.42613,1,2,3,0,8,58.0,126.059
1568.4263915,6,1,1,0,1,45.0,0.0
1568.4284285,6,1,3,0,14,54.0,85.316
1568.428453,1,1,1,0,1,46.0,0.0
1568.4306695,6,22,7,2,119,55.0,439.158
1568.430677,5,1,6,0,5,53.0,40.028
1568.4306945,3,1,3,0,15,48.0,33.523
1568.430754,1,1,1,0,1,45.0,0.0
1568.431186,5,3,5,0,22,51.0,94.359
1568.4312115,3,2,4,0,61,51.0,123.769
1568.4314155,6,1,2,0,20,48.0,14.108
1568.431428,2,1,1,0,1,50.0,0.0
1568.43144,1,1,3,0,23,51.0,62.124
1568.431865,5,2,1,0,2,45.0,4.148
1568.4331335,6,1,2,0,41,47.0,27.791
1568.4342065,6,2,3,0,4,56.0,51.075
1568.437493,5,2,3,0,19,54.0,157.058
1568.437536,1,2,1,0,3,45.0,8.228
1568.4397735,6,1,2,0,13,46.0,24.57
1568.441463,1,1,1,0,1,45.0,0.0
1568.4425475,6,1,6,2,31,63.0,1268.0
1568.442608,1,1,1,0,1,45.0,0.0
1568.4435885,6,2,7,1,33,57.0,451.829
1568.4443005,6,7,9,1,58,55.0,321.091
1568.444301,5,2,10,1,28,53.0,297.657
1568.444326,1,1,4,0,35,52.0,84.678
1568.4448945,6,1,4,0,88,50.0,87.853
1568.4450075,3,1,1,0,1,45.0,0.0
1568.4458675,6,2,12,1,103,53.0,254.943
1568.445876,5,43,11,2,77,52.0,306.303
1568.4458995,3,1,6,1,116,48.0,136.378
1568.44591,1,2,5,1,94,49.0,129.297
1568.445913,2,2,2,0,3,54.0,56.703
1568.4471525,3,1,1,0,4,52.0,29.674
1568.448367,5,2,5,0,39,52.0,83.095
1568.4483685,6,2,3,0,26,60.0,237.587
1568.4500115,6,6,8,2,61,64.0,1018.0
1568.450061,1,1,2,0,1,47.0,0.0
1568.450095,5,1,2,0,1,46.0,0.0
1568.451461,1,1,2,0,1,46.0,0.0
1568.4515415,6,2,1,0,2,51.0,9.497
1568.452329,1,1,9,2,66,67.0,1199.0
1568.4525235,6,2,4,0,20,53.0,131.213
1568.454134,5,3,5,0,6,61.0,306.872
1568.4548215,6,1,1,0,1,45.0,0.0
1568.4550455,3,1,2,0,5,49.0,18.473
1568.455049,5,2,5,0,24,53.0,120.26
1568.455359,1,2,2,0,3,53.0,25.43
1568.455969,5,2,7,1,25,60.0,821.55
1568.456751,1,1,1,0,1,47.0,0.0
1568.4574505,6,214,11,3,222,58.0,512.634
1568.457624,1,1,1,0,1,45.0,0.0
1568.4587355,6,1,1,0,1,45.0,0.0
1568.4594005,6,1,1,0,1,47.0,0.0
1568.4601025,3,1,2,0,4,54.0,40.836
1568.460868,1,2,10,1,66,52.0,177.026
1568.4608695,3,1,5,1,29,53.0,212.875
1568.460891,5,1,3,0,1,50.0,0.0
1568.4608935,6,1,4,0,53,50.0,87.056
1568.460904,2,1,1,0,1,53.0,0.0
1568.4615155,6,1,19,4,158,58.0,1004.0
1568.461521,5,21,12,4,209,58.0,904.868
1568.461535,4,1,1,0,1,45.0,0.0
1568.4615385,3,1,8,2,139,54.0,428.972
1568.461544,1,19,16,3,160,55.0,524.432
1568.46156,2,10,5,0,22,56.0,258.289
1568.462777,1,1,1,0,1,45.0,0.0
1568.4641815,6,1,2,0,4,48.0,11.267
1568.465306,1,2,1,0,14,53.0,123.55
1568.46616,5,2,4,0,8,50.0,46.516
1568.467501,5,3,3,0,7,51.0,41.78
1568.4675165,6,1,4,0,48,52.0,74.646
1568.4699595,6,1,2,0,10,49.0,28.578
1568.471481,1,2,1,0,2,48.0,4.273
1568.4726435,6,1,15,4,148,62.0,1454.0
1568.472661,5,1,6,0,37,52.0,110.137
1568.472686,1,313,21,6,428,62.0,1241.0
1568.4726955,3,2,2,0,3,46.0,8.387
1568.473199,5,3,5,0,6,58.0,158.023
1568.4740855,6,1,1,0,1,45.0,0.0
1568.4781435,6,2,1,0,5,46.0,14.862
1568.478906,1,1,2,0,4,47.0,11.441
1568.4789345,6,1,1,0,1,46.0,0.0
1568.4797575,6,514,13,6,533,59.0,980.567
1568.479767,5,1,2,0,33,50.0,53.584
1569.0326905,6,1,1,0,1,45.0,0.0
1569.0332945,3,1,8,1,50,49.0,110.922
1569.0338845,3,1,1,0,1,46.0,0.0
1569.0344815,3,1,1,0,1,45.0,0.0
1569.0351175,3,1,1,0,1,45.0,0.0
1569.0372125,6,52,17,6,206,66.0,3021.0
1569.037409,2,1,1,0,1,50.0,0.0
1569.039793,1,1,1,0,1,47.0,0.0
1569.0441765,3,1,2,0,8,49.0,29.574
1569.0448235,6,1,1,0,1,45.0,0.0
1569.0463765,3,1,4,0,12,48.0,34.869
1569.0489165,6,271,36,12,417,64.0,4035.0
1569.051624,1,2,1,0,3,49.0,23.153
1569.0521235,6,1,2,0,1,46.0,0.0
1569.0532555,3,1,2,0,1,47.0,0.0
1569.0547585,6,5,55,50,508,83.0,117875.0
1569.054773,2,51,32,19,223,68.0,12474.0
1569.054775,1,1,41,18,425,68.0,9087.0
1569.0547765,3,38,34,20,329,69.0,10424.0
1569.0559975,6,42,10,2,76,61.0,887.719
1569.0560815,3,1,1,0,16,45.0,15.909
1569.0575925,6,3,7,2,125,61.0,686.547
1569.0595935,3,1,2,0,7,53.0,68.874
1569.059608,1,1,2,0,1,46.0,0.0
1569.0598315,6,67,20,7,221,65.0,3178.0
1569.059942,2,1,2,0,1,51.0,0.0
1569.0612525,6,13,35,14,962,63.0,2721.0
1569.0615395,3,1,6,2,248,51.0,196.33
1569.0627235,3,1,1,0,1,45.0,0.0
1569.0639485,6,1,2,0,1,47.0,0.0
1569.0647235,6,557,38,13,613,66.0,4194.0
1569.0649935,3,1,6,1,34,53.0,200.404
1569.065009,2,1,5,0,38,52.0,151.531
1569.0668915,6,1,1,0,1,46.0,0.0
1569.068312,1,1,2,0,1,48.0,0.0
1569.0692535,6,1,1,0,1,47.0,0.0
1569.0699295,6,1,2,0,1,47.0,0.0
1569.07043,1,1,2,0,8,46.0,16.238
1569.072455,1,1,3,0,1,48.0,0.0
1569.0731995,3,1,3,1,107,52.0,128.896
1569.0739005,6,1,1,0,1,45.0,0.0
1569.0754175,6,1,1,0,1,45.0,0.0
1569.0767055,6,36,8,3,60,67.0,1635.0
1569.0783285,3,1,1,0,1,45.0,0.0
1569.0820905,6,1,1,0,10,46.0,17.069
1569.0829525,6,1,1,0,1,46.0,0.0
1569.0846695,6,1,1,0,1,45.0,0.0
1569.0906285,6,65,12,4,135,61.0,1184.0
1569.0907525,3,1,1,0,1,45.0,0.0
1569.094115,1,1,8,0,48,49.0,117.924
1569.0941235,3,1,2,0,32,51.0,64.543
1569.0947605,6,1,1,0,1,47.0,0.0
1569.095737,1,2,2,0,3,49.0,12.636
1569.0971785,6,1,1,0,1,46.0,0.0
1569.0979285,6,3,38,16,281,70.0,11102.0
1569.0996855,3,1,2,0,1,46.0,0.0
1569.099726,2,1,2,0,1,52.0,0.0
1569.101358,1,1,1,0,1,48.0,0.0
1569.1050485,3,1,2,0,1,46.0,0.0
1569.1050535,6,170,11,3,185,62.0,818.453
1569.106572,1,1,1,0,1,46.0,0.0
1569.1071465,6,4,13,3,83,64.0,1406.0
1569.1071825,3,1,3,0,40,50.0,72.788
1569.1083715,6,446,25,9,537,65.0,2201.0
1569.1084815,3,5,9,1,43,53.0,228.467
1569.1112885,6,2,9,3,65,66.0,1346.0
1569.111325,1,1,2,0,1,49.0,0.0
1569.1133225,6,1,3,0,4,47.0,9.132
1569.1138535,3,1,1,0,1,46.0,0.0
1569.1147435,6,2,3,0,2,46.0,3.324
1569.1156725,6,1,1,0,1,47.0,0.0
1569.1163865,6,1,1,0,6,47.0,11.245
1569.1167245,3,1,2,0,52,48.0,32.298
1569.118441,1,1,34,13,317,67.0,5625.0
1569.1193605,6,123,23,8,522,61.0,1397.0
1569.119516,1,1,3,0,48,48.0,57.103
1569.1197855,3,1,3,0,19,50.0,73.459
1569.1203845,6,1,1,0,8,47.0,13.735
1569.1217395,3,1,2,0,32,48.0,59.666
1569.121794,1,1,1,0,1,46.0,0.0
1569.1222775,3,1,5,1,96,48.0,124.919
1569.1244955,6,3,7,2,52,63.0,775.317
1569.1250875,3,1,1,0,1,45.0,0.0
1569.125951,1,1,2,0,1,45.0,0.0
1569.1289835,6,1,2,0,1,45.0,0.0
1569.1294845,3,1,1,0,1,46.0,0.0
1569.1324235,6,14,12,3,104,61.0,912.929
1569.1331985,3,1,6,0,51,47.0,70.237
1569.1339055,3,2,1,0,67,45.0,44.36
1569.1339985,6,1,1,0,1,45.0,0.0
1569.1353525,3,2,1,0,2,45.0,4.025
1569.1368185,6,1,2,0,1,45.0,0.0
1569.1376375,6,21,13,3,108,62.0,1221.0
1569.1376535,3,1,9,2,114,54.0,247.828
1569.138385,1,1,2,0,1,47.0,0.0
1569.1392265,6,8,19,7,555,62.0,1043.0
1569.1402818,6,8,11,3,68,64.0,1481.0
1569.1402935,3,1,4,1,69,50.0,116.054
1569.1410915,6,10,12,4,75,67.0,2321.0
1569.1411425,3,1,1,0,1,45.0,0.0
1569.1434965,3,1,1,0,1,45.0,0.0
1569.1457095,3,1,5,0,38,53.0,115.12
1569.1463385,3,1,3,0,22,50.0,63.129
1569.147472,1,2,3,0,17,47.0,36.846
1569.148222,1,4,18,7,132,65.0,3187.0
1569.1482525,3,1,5,0,63,48.0,90.488
1569.148266,2,2,1,0,2,50.0,12.046
1569.150982,1,34,7,0,35,49.0,74.176
1569.1509855,3,1,2,0,22,52.0,75.268
1569.1516535,6,4,71,34,1000,72.0,15947.0
1569.1517265,3,1,1,0,5,46.0,9.686
1569.152257,5,26,42,21,241,73.0,22279.0
1569.152266,2,39,35,24,250,70.0,20002.0
1569.152269,1,82,47,23,341,68.0,15525.0
1569.1533805,6,3,10,2,176,64.0,834.596
1569.155051,1,1,1,0,1,48.0,0.0
1569.155821,1,1,3,0,1,48.0,0.0
1569.1558325,3,2,1,0,9,46.0,19.736
1569.1571925,6,64,11,3,94,62.0,1651.0
1569.1572925,3,2,1,0,6,47.0,15.843
1569.1580365,3,1,3,0,13,50.0,56.838
1569.1589495,3,2,9,1,85,52.0,266.835
1569.1598405,6,1,1,0,1,46.0,0.0
1569.1603845,6,6,14,6,92,67.0,3811.0
1569.1604055,3,34,10,1,63,54.0,345.166
1569.1637355,6,1,1,0,1,45.0,0.0
1569.1650715,6,2,7,2,23,69.0,1761.0
1569.1658605,3,1,3,0,24,50.0,68.364
1569.167369,1,1,1,0,1,45.0,0.0
1569.1707565,6,1,1,0,5,45.0,9.733
1569.1715975,6,3,8,1,42,62.0,707.004
1569.1722425,6,1,1,0,1,45.0,0.0
1569.1733245,6,1,2,0,1,46.0,0.0
1569.174494,1,2,1,0,3,49.0,15.254
1569.1750125,6,1,2,0,1,46.0,0.0
1569.175535,1,1,3,0,1,47.0,0.0
1569.179165,1,5,3,0,6,48.0,25.596
1569.180521,1,1,1,0,1,45.0,0.0
1569.1812795,6,41,41,27,317,76.0,37564.0
1569.181325,1,70,34,10,204,64.0,4417.0
1569.1821865,6,6,7,2,35,62.0,938.362
1569.1822245,3,1,2,0,4,48.0,11.001
1569.1833055,6,1,2,0,1,47.0,0.0
1569.1846525,6,1,1,0,1,45.0,0.0
1569.1867645,3,1,2,0,1,46.0,0.0
1569.1868025,6,1,1,0,1,45.0,0.0
1569.1886035,3,1,1,0,4,47.0,10.872
1569.190169,1,4,14,3,95,63.0,1308.0
1569.1902865,3,1,1,0,1,45.0,0.0
1569.1909265,3,1,2,0,1,46.0,0.0
1569.192296,1,1,4,0,1,49.0,0.0
1569.1923465,3,1,1,0,1,45.0,0.0
1569.1929225,3,1,1,0,1,45.0,0.0
1569.1935665,3,1,2,0,1,45.0,0.0
1569.193571,1,1,2,0,1,46.0,0.0
1569.1959025,3,1,1,0,4,48.0,10.706
1569.1964495,3,1,2,0,8,48.0,21.15
1569.1987355,3,1,2,0,1,47.0,0.0
1569.1995225,6,1,1,0,63,47.0,48.138
1569.2029445,3,1,3,0,13,50.0,56.57
1569.203007,2,1,1,0,1,50.0,0.0
1569.2035725,6,1,1,0,1,46.0,0.0
1569.20515,1,4,9,3,209,63.0,902.811
1569.2051745,3,1,2,0,1,47.0,0.0
1569.2090815,3,1,1,0,1,45.0,0.0
1569.2092095,6,1,1,0,1,46.0,0.0
1569.2113935,3,2,1,0,6,47.0,17.216
1569.2127925,3,1,5,2,193,51.0,175.443
1569.21283,2,1,3,0,1,51.0,0.0
1569.2140135,6,1,3,0,1,47.0,0.0
1569.2147765,6,2,8,2,98,62.0,605.149
1569.217644,1,1,2,0,1,46.0,0.0
1569.2177225,6,1,1,0,1,45.0,0.0
1569.2225795,6,115,49,26,525,68.0,15271.0
1569.22266,5,9,48,35,317,76.0,42705.0
1569.2226635,3,21,32,18,283,71.0,12566.0
1569.222664,1,40,54,31,366,70.0,24257.0
1569.22267,2,11,41,33,283,73.0,33539.0
1569.2239885,6,1,1,0,1,45.0,0.0
1569.2245385,3,1,1,0,1,45.0,0.0
1569.225788,1,12,34,10,301,65.0,4489.0
1569.2258205,3,2,10,3,264,49.0,246.886
1569.2275865,3,1,4,0,42,48.0,66.327
1569.2283405,3,1,1,0,1,45.0,0.0
1569.228703,1,4,14,3,96,64.0,1181.0
1569.2296285,3,2,5,1,63,51.0,116.302
1569.2300865,6,1,1,0,1,45.0,0.0
1569.2305878,6,137,25,7,342,63.0,1609.0
1569.2317775,6,107,20,7,259,66.0,3263.0
1569.2319275,3,15,3,0,20,49.0,51.224
1569.2343055,3,1,1,0,1,45.0,0.0
1569.234314,1,1,2,0,1,46.0,0.0
1569.2346975,6,1,3,1,182,46.0,77.935
1569.23514,1,1,4,0,54,48.0,66.72
1569.2351465,3,2,4,0,54,50.0,113.157
1569.2370375,3,1,1,0,1,45.0,0.0
1569.237038,2,1,1,0,1,50.0,0.0
1569.2381125,3,1,1,0,18,46.0,22.769
1569.239323,1,2,1,0,3,46.0,8.23
1569.240892,1,2,6,1,118,48.0,142.803
1569.2417145,3,1,5,1,58,49.0,123.072
1569.2435385,3,1,3,0,5,50.0,19.719
1569.245586,1,1,1,0,1,45.0,0.0
1569.2462445,6,158,39,14,302,66.0,6057.0
1569.24627,1,1,41,13,320,65.0,4977.0
1569.2472695,6,1,1,0,1,45.0,0.0
1569.2477775,6,1,2,0,4,47.0,12.704
1569.248893,1,2,2,0,2,49.0,7.837
1569.2496515,6,8,20,5,162,61.0,1561.0
1569.249672,1,1,3,1,122,49.0,107.908
1569.254543,1,1,1,0,1,49.0,0.0
1569.25601,1,2,1,0,3,47.0,7.449
1569.2598075,3,5,6,1,43,51.0,163.407
1569.259856,2,1,1,0,1,52.0,0.0
1569.2607945,6,7,19,4,110,63.0,1432.0
1569.261657,1,1,1,0,1,45.0,0.0
1569.2630065,3,2,5,1,63,51.0,170.505
1569.2639815,6,93,39,21,425,68.0,11177.0
1569.264048,5,12,34,16,262,70.0,10714.0
1569.264057,1,2,38,14,269,64.0,5725.0
1569.2640655,3,17,28,15,286,71.0,9994.0
1569.264066,2,5,28,16,227,68.0,9508.0
1569.2652585,3,1,1,0,1,45.0,0.0
1569.2666495,6,1,1,0,4,47.0,10.447
1569.2670425,3,1,2,0,1,45.0,0.0
1569.267643,1,24,4,0,25,49.0,75.003
1569.2693795,3,1,1,0,5,46.0,9.617
1569.2701325,3,2,1,0,5,51.0,32.023
1569.272527,1,1,1,0,1,47.0,0.0
1569.2726965,6,2,10,4,112,63.0,1686.0
1569.273178,1,1,3,0,45,49.0,57.56
1569.2750325,6,1,1,0,1,45.0,0.0
1569.2787335,3,1,6,2,171,50.0,181.848
1569.2793995,6,7,48,20,980,68.0,8196.0
1569.2794195,3,2,8,1,75,51.0,267.477
1569.281302,1,1,1,0,1,45.0,0.0
1569.2813445,6,1,1,0,1,45.0,0.0
1569.2822695,6,1,1,0,1,47.0,0.0
1569.2836737,6,15,32,13,236,69.0,8117.0
1569.2843265,3,2,2,0,8,46.0,18.34
1569.284584,2,2,1,0,2,50.0,15.977
1569.2858335,6,1,1,0,1,46.0,0.0
1569.2863095,3,1,3,0,56,47.0,62.341
1569.2885335,6,1,1,0,1,45.0,0.0
1569.2891785,6,1,1,0,1,47.0,0.0
1569.28954,1,1,3,0,1,49.0,0.0
1569.2895455,3,1,1,0,1,48.0,0.0
1569.2900375,6,129,37,20,436,72.0,15244.0
1569.290172,1,52,35,14,244,65.0,7214.0
1569.2921095,6,2,35,11,454,64.0,3918.0
1569.2921285,3,2,8,1,64,53.0,278.206
1569.2930645,6,25,38,12,516,62.0,3083.0
1569.2930675,3,1,12,3,186,51.0,344.134
1569.2951435,6,1,5,0,44,47.0,43.497
1569.2996825,3,1,1,0,1,45.0,0.0
1569.3005985,6,1,3,0,12,47.0,27.159
1569.3010295,3,1,5,1,182,50.0,135.269
1569.302253,1,3,1,0,4,48.0,27.294
1569.302821,1,2,3,0,2,49.0,23.462
1569.3028885,6,1,2,0,1,47.0,0.0
1569.3039915,6,3,38,19,846,71.0,10081.0
1569.3055495,6,289,25,8,437,61.0,2039.0
1569.3058395,3,1,10,2,129,54.0,381.895
1569.3066545,6,1,1,0,1,46.0,0.0
1569.306983,1,3,24,12,472,73.0,6914.0
1569.3073645,6,3,14,7,298,68.0,3285.0
1569.3074185,3,1,1,0,1,46.0,0.0
1569.308909,1,1,1,0,1,45.0,0.0
1569.309503,1,1,1,0,1,45.0,0.0
1569.3099985,3,1,3,0,25,49.0,50.228
1569.3119815,6,1,1,0,1,45.0,0.0
1569.3128535,3,1,4,0,23,49.0,52.764
1569.313717,1,1,1,0,1,46.0,0.0
1569.314296,1,1,1,0,1,45.0,0.0
1569.3147775,3,1,8,2,266,50.0,244.779
1569.3147885,6,195,28,9,391,63.0,2742.0
1569.3157025,3,1,2,0,6,53.0,41.878
1569.316038,1,1,1,0,1,45.0,0.0
1569.319738,1,1,1,0,1,47.0,0.0
1569.3198975,6,1,1,0,1,46.0,0.0
1569.3201375,3,2,2,0,12,54.0,100.46
1569.323336,1,1,1,0,1,45.0,0.0
1569.3237285,3,1,1,0,1,45.0,0.0
1569.3245955,6,1,1,0,1,46.0,0.0
1569.3258095,3,1,1,0,4,49.0,17.95
1569.325849,1,1,1,0,1,45.0,0.0
1569.3274145,3,1,1,0,1,47.0,0.0
1569.328334,1,1,3,0,1,47.0,0.0
1569.3294015,6,5,43,16,774,68.0,5357.0
1569.329434,1,1,5,0,16,49.0,39.108
1569.3296555,3,1,7,1,97,50.0,153.163
1569.330693,1,1,3,0,1,48.0,0.0
1569.3314945,3,1,1,0,1,45.0,0.0
1569.332195,5,3,26,10,163,68.0,6807.0
1569.3322255,3,1,7,1,110,53.0,213.432
1569.33341,5,367,34,13,478,66.0,5174.0
1569.3337985,3,2,2,0,2,46.0,9.877
1569.3347445,6,2,10,3,216,62.0,1038.0
1569.3348255,3,1,1,0,1,45.0,0.0
1569.335818,1,1,1,0,1,45.0,0.0
1569.336682,1,1,1,0,1,45.0,0.0
1569.337864,1,1,1,0,1,46.0,0.0
1569.3401585,6,2,12,4,230,63.0,873.981
1569.3414435,3,4,6,1,104,52.0,214.938
1569.3417345,6,13,17,9,97,71.0,8355.0
1569.341815,2,1,1,0,17,52.0,37.888
1569.3428665,3,1,1,0,1,45.0,0.0
1569.3433535,6,571,45,17,692,72.0,9728.0
1569.3434895,3,1,1,0,1,45.0,0.0
1569.3440005,3,2,5,1,46,53.0,159.83
1569.344888,5,3,18,7,90,69.0,5804.0
1569.3449215,3,3,3,0,37,53.0,108.535
1569.3456295,6,2,6,1,38,61.0,520.496
1569.3467315,3,2,6,2,118,51.0,257.064
1569.34688,1,1,1,0,1,45.0,0.0
1569.3474725,3,1,1,0,5,45.0,8.678
1569.347778,1,1,1,0,1,45.0,0.0
1569.3493005,6,7,10,2,97,61.0,688.126
1569.3493195,3,1,2,0,39,47.0,36.604
1569.349897,1,2,2,0,3,49.0,12.935
1569.3507295,3,1,1,0,1,46.0,0.0
1569.3516215,6,1,2,0,5,46.0,8.688
1569.3520445,3,1,4,0,13,52.0,57.162
1569.3529415,6,10,28,10,280,68.0,4641.0
1569.3543915,3,2,1,0,2,45.0,3.903
1569.3556955,6,1,1,0,1,47.0,0.0
1569.3565345,6,150,42,19,526,74.0,14793.0
1569.3583635,3,1,7,1,61,52.0,152.526
1569.3584815,6,170,16,6,305,62.0,1196.0
1569.3599675,3,2,3,0,19,54.0,84.849
1569.3615255,6,146,15,4,191,64.0,1629.0
1569.3627825,3,1,2,0,10,49.0,31.402
1569.362896,2,2,1,0,3,51.0,29.701
1569.3666765,3,1,1,0,1,45.0,0.0
1569.3668745,6,1,1,0,1,45.0,0.0
1569.367703,1,22,29,9,180,67.0,4923.0
1569.3677115,6,9,26,8,181,64.0,2743.0
1569.3692965,3,1,2,0,1,47.0,0.0
1569.36931,1,1,1,0,1,46.0,0.0
1569.3704495,6,1,1,0,1,45.0,0.0
1569.376506,1,1,5,0,20,48.0,38.404
1569.3765165,3,1,2,0,12,48.0,27.671
1569.3784245,3,5,3,0,10,53.0,65.719
1569.3786355,6,2,14,5,158,68.0,3559.0
1569.380121,2,1,2,0,1,52.0,0.0
1569.3801935,6,8,10,3,73,65.0,1896.0
1569.3814055,3,1,1,0,1,45.0,0.0
1569.3822385,3,1,7,1,95,54.0,255.866
1569.382257,1,1,10,2,193,48.0,207.54
1569.3840975,6,21,13,3,137,61.0,965.123
1569.3841605,3,1,2,0,1,46.0,0.0
1569.384829,1,1,1,0,1,47.0,0.0
1569.3887005,6,11,6,3,46,62.0,1370.0
1569.3901145,3,1,1,0,4,45.0,7.542
1569.390143,2,1,1,0,1,50.0,0.0
1569.391159,2,1,2,0,1,51.0,0.0
1569.3911705,3,1,2,0,1,45.0,0.0
1569.392292,1,1,2,0,1,49.0,0.0
1569.3925915,3,1,1,0,1,45.0,0.0
1569.392618,2,1,1,0,1,50.0,0.0
1569.3931175,6,1,16,5,172,66.0,3110.0
1569.3931935,3,1,1,0,34,46.0,27.037
1569.3959515,3,1,1,0,1,45.0,0.0
1569.396197,2,1,1,0,1,50.0,0.0
1569.398341,2,1,4,1,40,52.0,197.789
1569.3983475,3,1,6,0,28,52.0,121.473
1569.40078,1,1,3,0,1,47.0,0.0
1569.4007855,3,1,2,0,5,51.0,27.979
1569.4018515,6,1,2,0,1,46.0,0.0
1569.4021295,3,2,4,0,19,47.0,40.104
1569.4067475,6,2,7,3,136,66.0,1519.0
1569.408027,1,1,4,0,1,48.0,0.0
1569.4080465,3,2,2,0,19,49.0,32.274
1569.4086395,3,1,1,0,1,45.0,0.0
1569.411285,1,1,1,0,1,47.0,0.0
1569.414853,1,1,1,0,1,45.0,0.0
1569.4150525,6,76,14,4,156,61.0,1116.0
1569.4151585,3,2,3,0,17,51.0,68.353
1569.415549,1,1,2,0,5,49.0,14.219
1569.4161785,3,1,2,0,5,51.0,32.27
1569.4184545,3,1,1,0,1,46.0,0.0
1569.4204225,6,1,2,0,1,47.0,0.0
1569.4212315,3,1,1,0,1,45.0,0.0
1569.4224775,3,1,1,0,1,45.0,0.0
1569.4258595,3,1,7,2,167,48.0,189.583
1569.4266005,3,1,2,0,9,47.0,22.934
1569.426878,1,3,1,0,4,46.0,14.731
1569.4274045,6,15,24,9,136,69.0,6773.0
1569.42921,1,1,1,0,7,47.0,13.404
1569.4301035,3,1,1,0,1,45.0,0.0
1569.4309155,3,2,5,0,34,52.0,160.164
1569.430974,2,1,1,0,1,52.0,0.0
1569.4314525,6,19,12,4,162,61.0,1352.0
1569.4314725,3,1,3,0,16,49.0,47.871
1569.431518,1,2,4,0,21,48.0,31.961
1569.4322835,6,1,23,6,439,61.0,1433.0
1569.432622,1,1,7,1,78,49.0,129.778
1569.4326515,3,1,2,0,5,51.0,25.265
1569.4338205,3,1,1,0,1,45.0,0.0
1569.4359075,6,178,14,4,227,65.0,1577.0
1569.436662,1,2,26,6,236,63.0,1537.0
1569.4366835,6,182,36,13,350,63.0,4155.0
1569.4367775,3,2,7,1,101,49.0,193.344
1569.4377185,6,215,18,7,561,62.0,1457.0
1569.4388815,6,1,13,5,191,63.0,2017.0
1569.4389945,3,34,6,1,58,53.0,202.135
1569.441494,1,2,10,1,77,49.0,180.312
1569.4414975,3,2,2,0,6,52.0,39.426
1569.4421725,6,1,24,9,366,67.0,3572.0
1569.4422005,3,2,10,3,218,52.0,346.381
1569.4430485,6,73,15,4,136,63.0,1713.0
1569.4430635,3,2,7,2,136,49.0,200.896
1569.44315,2,1,1,0,1,51.0,0.0
1569.44318,1,1,2,0,13,48.0,25.509
1569.4439575,6,66,17,5,236,61.0,1209.0
1569.4447135,3,1,3,0,17,51.0,51.393
1569.44472,2,1,1,0,1,51.0,0.0
1569.446896,1,1,1,0,1,45.0,0.0
1569.4474445,6,1,2,0,1,47.0,0.0
1569.4480925,6,1,4,0,22,46.0,33.916
1569.4496295,6,1,2,0,5,47.0,10.815
1569.4514895,6,1,1,0,1,45.0,0.0
1569.4529035,3,1,1,0,5,45.0,8.702
1569.452942,1,1,1,0,1,45.0,0.0
1569.453205,2,1,2,0,1,52.0,0.0
1569.4564685,6,2,11,3,95,63.0,1378.0
1569.4576155,3,1,2,0,4,48.0,12.466
1569.45909,1,1,4,0,27,48.0,45.151
1569.4591165,3,1,2,0,5,47.0,12.609
1569.461971,1,1,2,0,1,48.0,0.0
1569.4619965,3,1,1,0,1,45.0,0.0
1569.4639785,3,1,5,0,26,50.0,66.675
1569.464537,1,1,5,0,45,47.0,71.296
1569.4645405,3,1,3,0,48,53.0,110.17
1569.4660655,6,2,2,0,2,47.0,4.055
1569.4666165,3,2,1,0,2,45.0,4.273
1569.4671405,3,1,4,0,41,49.0,79.052
1569.467197,2,1,1,0,1,50.0,0.0
1569.4685215,3,2,4,0,10,49.0,44.915
1569.4705925,6,1,2,0,1,47.0,0.0
1569.4744525,3,1,2,0,42,48.0,47.126
1569.476137,1,1,1,0,1,45.0,0.0
1569.4775235,6,2,2,0,6,47.0,17.087
1569.4779375,3,1,1,0,1,46.0,0.0
1569.4785375,6,1,1,0,1,45.0,0.0
1569.479468,1,1,3,0,1,47.0,0.0
1569.4799245,6,6,20,10,284,72.0,9332.0
1569.4799495,3,1,8,1,56,53.0,195.669
1569.4823305,3,1,7,1,122,50.0,176.322
1569.4829005,6,147,24,8,607,62.0,1305.0
1569.4829795,3,1,3,0,1,46.0,0.0
1569.483305,1,1,4,0,26,48.0,59.053
1569.4843095,3,1,2,0,7,52.0,39.061
1569.485013,1,1,3,0,4,46.0,10.461
1569.4850215,3,1,1,0,5,52.0,32.032
1569.4856785,6,1,1,0,1,45.0,0.0
1569.4867905,3,1,1,0,1,45.0,0.0
1569.4868615,6,210,38,21,449,70.0,15829.0
1569.487009,1,69,36,13,310,68.0,6671.0
1569.4873015,3,1,4,0,27,47.0,48.561
1569.4887265,6,1,1,0,1,45.0,0.0
1569.4894035,6,1,1,0,1,46.0,0.0
1569.4902355,6,15,23,9,379,66.0,3082.0
1569.492334,1,17,21,7,156,63.0,2881.0
1569.4930455,3,1,5,1,73,50.0,129.531
1569.494915,1,1,1,0,1,45.0,0.0
1569.4949315,3,1,1,0,1,45.0,0.0
1569.4957135,3,1,2,0,34,49.0,56.878
1569.4967115,3,1,1,0,1,45.0,0.0
1569.4972565,3,1,3,1,93,50.0,94.0
1569.497826,1,2,2,0,5,48.0,14.423
1569.4994845,6,103,13,3,131,63.0,1521.0
1569.4996285,3,1,1,0,1,45.0,0.0
1569.5003065,6,1,3,0,11,46.0,15.074
1569.50033,1,1,1,0,1,45.0,0.0
1569.5009415,6,183,15,6,359,66.0,1873.0
1569.5009815,3,1,4,0,31,51.0,108.417
1569.5032645,3,1,3,0,1,45.0,0.0
1569.503302,2,1,3,0,1,51.0,0.0
1569.509026,2,1,1,0,1,50.0,0.0
1569.5111735,3,1,11,2,111,52.0,327.33
1569.511943,1,2,2,0,2,49.0,6.726
1569.5119535,3,1,1,0,1,45.0,0.0
1569.5147065,3,1,4,0,25,50.0,41.822
1569.5148395,6,1,1,0,1,46.0,0.0
1569.5160915,6,25,12,4,169,66.0,1848.0
1569.5168415,3,2,5,0,46,53.0,128.809
1569.5182745,3,1,1,0,1,45.0,0.0
1569.5200625,3,1,3,0,18,47.0,20.619
1569.520171,1,2,2,0,2,48.0,5.342
1569.5206205,3,1,1,0,1,45.0,0.0
1569.5208705,6,3,6,1,26,61.0,641.399
1569.5214695,6,23,38,21,359,76.0,22448.0
1569.5223635,6,2,13,4,310,64.0,947.034
1569.522404,1,1,2,0,1,47.0,0.0
1569.5235415,6,94,18,6,221,65.0,1956.0
1569.5252575,6,14,9,2,57,63.0,1075.0
1569.525333,1,1,1,0,1,45.0,0.0
1569.527102,1,1,20,6,125,65.0,2747.0
1569.5271415,3,1,7,2,139,53.0,328.779
1569.5281135,3,1,2,0,22,48.0,34.235
1569.528135,1,1,2,0,1,49.0,0.0
1569.528676,1,2,6,0,44,49.0,71.838
1569.5287095,3,1,1,0,18,48.0,17.795
1569.5312095,3,1,1,0,1,45.0,0.0
1569.531306,1,1,1,0,1,45.0,0.0
1569.5330095,6,2,7,2,35,65.0,1277.0
1569.5340795,6,1,1,0,1,45.0,0.0
1569.5352325,3,5,10,2,104,54.0,442.544
1569.540266,1,1,1,0,1,45.0,0.0
1569.541031,1,1,3,0,55,49.0,72.929
1569.5410555,3,1,3,0,34,48.0,46.15
1569.541703,1,4,4,0,9,49.0,45.462
1569.5421055,3,1,1,0,1,45.0,0.0
1569.5424105,6,132,9,2,157,61.0,675.617
1569.542571,1,1,3,0,53,47.0,47.83
1569.543594,2,1,1,0,1,51.0,0.0
1569.5436035,3,1,1,0,1,45.0,0.0
1569.5441205,6,38,11,4,280,63.0,968.103
1569.5443405,3,1,2,0,14,47.0,28.066
1569.544397,1,2,1,0,3,47.0,9.051
1569.5451475,6,93,11,3,246,62.0,748.073
1569.5453655,3,1,1,0,1,45.0,0.0
1569.5465075,6,747,53,20,1040,65.0,5344.0
1569.5480515,6,1,2,0,1,46.0,0.0
1569.5486455,6,1,2,0,1,46.0,0.0
1569.5491395,3,24,8,1,71,52.0,275.245
1569.5491468,6,7,14,8,333,65.0,2547.0
1569.5498725,3,1,9,2,110,51.0,263.246
1569.5518195,3,1,2,0,63,48.0,62.494
1569.552162,1,1,2,0,1,47.0,0.0
1569.5525635,3,1,2,0,62,50.0,39.468
1569.5533125,3,2,1,0,6,47.0,17.914
1569.553323,1,1,1,0,1,46.0,0.0
1569.5547565,3,1,3,1,226,51.0,108.568
1569.5573695,6,128,18,6,290,62.0,1389.0
1569.560078,1,2,1,0,3,46.0,8.141
1569.5611415,3,1,1,0,1,45.0,0.0
1569.565177,2,1,2,0,1,52.0,0.0
1569.5678355,6,1,1,0,1,45.0,0.0
1569.568967,1,12,3,0,13,49.0,31.558
1569.5689815,3,1,3,0,4,49.0,13.452
1569.5695855,3,1,1,0,1,45.0,0.0
1569.5710525,3,1,1,0,4,46.0,7.966
1569.5717115,6,1,1,0,1,45.0,0.0
1569.572872,1,1,1,0,1,45.0,0.0
1569.5730695,6,4,16,6,134,67.0,4032.0
1569.573861,1,1,4,0,71,48.0,69.16
1569.5750045,6,8,7,2,60,62.0,989.663
1569.576511,1,1,6,1,124,48.0,123.993
1569.5765205,3,1,3,0,15,49.0,42.321
1569.5779875,6,2,2,0,2,47.0,3.55
1569.5791685,3,1,8,0,31,50.0,82.615
1569.5811105,6,3,19,13,149,72.0,14322.0
1569.5811395,3,1,8,1,37,53.0,250.104
1569.582949,1,1,3,0,1,46.0,0.0
1569.5842155,6,2,6,2,27,66.0,1138.0
1569.5844145,3,1,1,0,5,48.0,16.826
1569.5848645,6,320,22,9,475,65.0,2498.0
1569.5850885,3,1,3,0,13,51.0,54.289
1569.5856575,3,1,3,0,19,50.0,47.142
1569.586203,2,1,1,0,1,51.0,0.0
1569.5862135,3,1,3,0,1,47.0,0.0
1569.5898675,6,3,15,4,132,66.0,1772.0
1569.5902335,3,2,1,0,2,45.0,3.213
1569.5905705,6,10,16,9,144,69.0,6470.0
1569.591746,1,1,2,0,1,48.0,0.0
1569.593807,2,1,2,0,1,52.0,0.0
1569.593813,1,1,1,0,1,45.0,0.0
1569.5938265,3,1,3,0,1,48.0,0.0
1569.5944785,6,156,18,7,379,63.0,2353.0
1569.5959825,6,120,45,19,1207,69.0,7401.0
1569.5961225,3,1,4,1,74,52.0,123.929
1569.5966985,3,1,1,0,1,45.0,0.0
1569.596714,1,1,3,0,60,46.0,46.915
1569.5979665,6,1,2,0,1,45.0,0.0
1569.599282,1,1,1,0,1,46.0,0.0
1569.5999035,6,120,8,3,158,61.0,944.3
1569.6000685,3,1,1,0,1,45.0,0.0
1569.6010965,3,1,2,0,1,45.0,0.0
1569.6014925,6,5,10,3,106,65.0,1362.0
1569.601772,1,1,1,0,1,45.0,0.0
1569.6022175,6,1,14,4,166,64.0,1602.0
1569.6041045,6,1,2,0,1,47.0,0.0
1569.6059015,6,496,66,46,662,79.0,83131.0
1569.606585,2,1,1,0,1,50.0,0.0
1569.606624,1,1,2,0,1,48.0,0.0
1569.6080215,6,1,16,5,244,61.0,1209.0
1569.6080245,3,1,1,0,1,45.0,0.0
1569.6087835,3,1,4,0,12,52.0,76.183
1569.6100758,6,301,31,14,687,72.0,8463.0
1569.6115915,3,2,11,2,96,54.0,551.433
1569.612475,1,1,1,0,1,45.0,0.0
1569.6132385,3,1,2,0,13,51.0,41.064
1569.613242,1,1,2,0,1,45.0,0.0
1569.6143785,6,399,28,8,484,61.0,1926.0
1569.6147715,3,1,4,0,64,50.0,75.828
1569.614795,2,1,2,0,1,52.0,0.0
1569.61534,1,1,2,0,1,45.0,0.0
1569.6154415,3,1,1,0,1,45.0,0.0
1569.6159585,6,261,24,7,370,62.0,1620.0
1569.6162235,3,1,2,0,17,45.0,22.971
1569.6169945,6,525,66,29,1174,68.0,13028.0
1569.6171105,3,12,15,4,223,54.0,670.437
1569.6194335,6,16,15,4,83,63.0,1615.0
1569.6194785,3,1,3,0,4,49.0,14.601
1569.61952,2,1,2,0,1,51.0,0.0
1569.6201115,3,1,2,0,25,48.0,33.264
1569.620138,1,2,2,0,2,46.0,5.201
1569.621034,1,1,2,0,1,49.0,0.0
1569.6211785,6,3,1,0,4,47.0,12.758
1569.622005,1,1,4,1,125,48.0,93.1
1569.6221275,3,1,1,0,1,45.0,0.0
1569.622367,5,8,29,11,146,71.0,9217.0
1569.622373,2,4,27,17,200,71.0,13910.0
1569.6223745,6,58,58,23,580,67.0,9751.0
1569.6228455,3,2,4,1,92,48.0,112.648
1569.6240685,6,10,32,11,399,68.0,4243.0
1569.6250595,6,249,12,4,426,63.0,1278.0
1569.625845,1,1,2,0,7,48.0,25.73
1569.6294885,6,3,24,10,219,68.0,5953.0
1569.6313005,6,7,58,46,869,83.0,96620.0
1569.63131,1,26,40,17,273,68.0,9392.0
1569.6313205,3,2,30,16,531,68.0,6563.0
1569.6326695,3,1,1,0,1,46.0,0.0
1569.6328075,6,1,2,0,1,47.0,0.0
1569.6333545,6,555,50,24,845,77.0,22601.0
1569.633583,1,1,1,0,1,47.0,0.0
1569.6357705,3,1,2,0,1,45.0,0.0
1569.635777,1,1,3,0,1,48.0,0.0
1569.6364455,6,38,16,5,131,63.0,1678.0
1569.636515,1,1,4,0,1,49.0,0.0
1569.6365185,3,1,2,0,11,46.0,15.438
1569.6370825,6,7,71,31,1642,66.0,7579.0
1569.6379355,3,1,13,3,222,51.0,328.567
1569.6390925,3,1,2,0,1,49.0,0.0
1569.639906,1,1,1,0,1,46.0,0.0
1569.6442315,6,143,21,9,486,65.0,2512.0
1569.644406,1,1,5,0,23,48.0,29.628
1569.6456775,6,1,15,4,151,63.0,1408.0
1569.6463665,6,17,27,12,452,67.0,4621.0
1569.6463795,3,2,9,2,113,52.0,347.427
1569.6473615,6,200,18,7,342,66.0,2522.0
1569.6483535,6,1,3,0,11,46.0,13.674
1569.648896,2,1,1,0,1,50.0,0.0
1569.6489055,3,2,3,0,31,49.0,58.508
1569.6501105,3,1,1,0,1,45.0,0.0
1569.650879,1,1,1,0,1,45.0,0.0
1569.6520045,3,1,2,0,1,46.0,0.0
1569.652613,1,1,2,0,42,47.0,29.11
1569.65416,5,2,31,10,417,68.0,3456.0
1569.6543965,3,74,14,2,122,53.0,402.412
1569.6553935,6,219,25,10,516,69.0,4073.0
1569.6573595,6,10,42,15,969,63.0,2856.0
1569.6574105,3,1,2,0,6,46.0,12.863
1569.6583115,3,1,1,0,1,45.0,0.0
1569.660049,2,1,2,0,1,50.0,0.0
1569.6609165,6,64,17,11,182,73.0,13901.0
1569.661023,1,1,1,0,1,45.0,0.0
1569.6620385,3,1,1,0,1,47.0,0.0
1569.6642425,6,1,2,0,1,45.0,0.0
1569.6648445,6,5,79,31,1013,70.0,12225.0
1569.6648565,3,200,21,4,254,54.0,566.267
1569.6656125,3,2,7,1,82,53.0,257.503
1569.6663835,6,378,29,10,479,64.0,2867.0
1569.6668665,3,1,1,0,6,45.0,10.005
1569.666897,1,1,3,0,1,49.0,0.0
1569.668025,1,1,1,0,1,47.0,0.0
1569.6688785,6,217,35,11,482,61.0,2899.0
1569.6691355,3,1,4,1,153,50.0,175.225
1569.669205,2,1,3,0,1,51.0,0.0
1569.6706555,3,1,5,0,21,52.0,97.315
1569.6715685,6,15,43,20,416,72.0,14006.0
1569.671574,1,35,31,9,208,64.0,3826.0
1569.6723575,3,2,7,0,42,49.0,120.09
1569.6729435,3,1,1,0,4,50.0,16.508
1569.672967,2,1,2,0,1,52.0,0.0
1569.6731085,6,896,37,15,1086,62.0,2290.0
1569.6735435,3,1,1,0,1,45.0,0.0
1569.6740447,3,1,1,0,1,45.0,0.0
1569.674067,2,1,2,0,47,52.0,107.631
1569.6747005,3,1,6,1,82,51.0,227.13
1569.67477,2,1,1,0,1,50.0,0.0
1569.6754615,3,1,1,0,1,45.0,0.0
1569.6755415,6,117,12,4,151,63.0,1972.0
1569.6760115,3,1,9,3,204,52.0,333.721
1569.6770555,6,2,3,0,69,47.0,78.804
1569.6777745,3,2,3,0,24,48.0,41.255
1569.6777865,6,264,26,9,479,64.0,2467.0
1569.6787935,3,1,2,0,1,48.0,0.0
1569.678794,1,1,10,1,157,48.0,145.739
1569.6788955,6,8,44,20,1015,68.0,7492.0
1569.6816295,3,1,2,0,32,49.0,46.614
1569.6836525,6,1,2,0,1,45.0,0.0
1569.6841995,6,1,1,0,1,47.0,0.0
1569.6853975,6,1,2,0,1,45.0,0.0
1569.686291,1,2,1,0,2,46.0,3.903
1569.6900385,6,1,16,4,185,61.0,1045.0
1569.6900505,3,1,9,1,108,52.0,201.255
1569.6951495,6,1,1,0,1,47.0,0.0
1569.6961205,6,331,22,10,552,70.0,5125.0
1569.6964995,3,1,2,0,6,47.0,12.684
1569.6977855,6,13,25,9,434,62.0,2500.0
1569.6978365,3,2,2,0,6,47.0,16.386
1569.7009235,3,1,9,2,134,52.0,350.879
1569.700948,2,1,2,0,19,52.0,53.82
1569.7020725,6,4,33,12,436,67.0,4437.0
1569.7021995,3,1,2,0,11,48.0,29.643
1569.7035695,3,1,3,0,37,47.0,52.213
1569.7039415,6,302,44,20,700,73.0,12595.0
1569.705795,1,1,2,0,12,49.0,33.77
1569.7065145,3,1,4,0,21,50.0,51.95
1569.7071155,6,664,19,8,700,61.0,1458.0
1569.7085095,6,66,16,9,237,72.0,8582.0
1569.709339,1,1,3,1,98,48.0,78.749
1569.7093595,3,1,4,0,28,46.0,50.986
1569.7100255,6,123,10,4,177,70.0,3278.0
1569.7119555,6,7,6,2,38,64.0,967.098
1569.7119925,3,1,1,0,5,47.0,9.519
1569.711994,1,1,1,0,1,45.0,0.0
1569.712507,1,1,1,0,1,47.0,0.0
1569.713327,1,339,36,14,483,67.0,6711.0
1569.7133595,6,335,34,9,467,61.0,1868.0
1569.7136745,3,1,7,1,65,52.0,194.6
1569.7143465,6,910,79,29,1209,70.0,10481.0
1569.7144445,3,2,2,0,6,47.0,18.368
1569.7149735,3,1,9,2,101,53.0,284.528
1569.7160825,6,12,15,4,113,63.0,1180.0
1569.7169635,6,44,22,9,215,63.0,3679.0
1569.7170585,3,1,3,0,25,51.0,60.599
1569.7190925,6,6,17,6,151,66.0,3138.0
1569.7191285,3,1,3,0,48,50.0,87.362
1569.719151,1,2,4,0,30,48.0,60.394
1569.71917,2,1,1,0,1,51.0,0.0
1569.7196785,3,1,17,4,311,53.0,502.585
1569.71969,1,2,33,8,323,64.0,2013.0
1569.7197445,6,1049,93,37,2146,66.0,8329.0
1569.7207485,3,1,10,1,83,51.0,206.388
1569.721564,1,1,3,0,1,47.0,0.0
1569.7217475,3,1,1,0,1,45.0,0.0
1569.7225905,6,1,2,0,4,45.0,7.341
1569.723049,1,75,46,32,429,75.0,31091.0
1569.723118,2,78,38,29,240,71.0,28074.0
1569.7231205,3,10,37,25,363,72.0,23425.0
1569.7231215,6,29,66,35,685,71.0,23449.0
1569.725195,1,1,1,0,1,45.0,0.0
1569.725212,2,1,2,0,1,51.0,0.0
1569.7259325,3,1,1,0,1,45.0,0.0
1569.7261165,6,292,34,14,638,64.0,4809.0
1569.7264365,3,5,6,0,26,51.0,103.144
1569.727306,1,1,8,1,167,48.0,137.282
1569.7273135,6,468,22,9,517,61.0,1956.0
1569.7274745,3,1,1,0,1,45.0,0.0
1569.7283665,6,2,38,12,571,66.0,3303.0
1569.7287555,3,1,4,0,54,49.0,81.794
1569.7302505,6,155,16,4,208,63.0,1232.0
1569.731493,1,1,3,0,7,48.0,21.027
1569.7319845,3,1,1,0,1,45.0,0.0
1569.7327035,6,1,35,11,531,62.0,2557.0
1569.7327275,3,1,7,1,48,51.0,134.117
1569.7338765,3,1,2,0,15,47.0,36.278
1569.733912,1,1,7,0,36,49.0,73.212
1569.7346608,6,321,26,9,404,65.0,3308.0
1569.736756,1,1,6,0,4,48.0,8.912
1569.739297,1,1,1,0,1,45.0,0.0
1569.7394375,6,272,46,19,534,70.0,11332.0
1569.740892,1,1,1,0,1,45.0,0.0
1569.7411265,3,1,2,0,1,47.0,0.0
1569.7421425,3,1,2,0,4,46.0,7.437
1569.742158,1,1,2,0,1,45.0,0.0
1569.7437105,6,5,13,5,72,68.0,4394.0
1569.7437555,3,1,3,0,24,48.0,64.996
1569.743787,1,1,1,0,1,46.0,0.0
1569.7450665,6,403,31,13,600,72.0,6395.0
1569.7452475,3,1,1,0,1,45.0,0.0
1569.746336,5,1,20,6,116,67.0,3128.0
1569.747214,1,2,4,0,11,49.0,43.78
1569.7499235,3,1,2,0,1,46.0,0.0
1569.7506405,3,1,2,0,5,47.0,11.98
1569.750718,1,1,1,0,1,47.0,0.0
1569.7515985,3,1,3,0,1,46.0,0.0
1569.751619,2,1,1,0,1,52.0,0.0
1569.7519225,6,146,35,13,581,65.0,3672.0
1569.7521125,3,1,1,0,11,47.0,13.784
1569.7532995,3,1,4,0,27,52.0,97.036
1569.7533085,6,897,48,17,1102,67.0,4094.0
1569.7541745,3,17,7,1,111,54.0,239.08
1569.7556935,6,1,1,0,1,46.0,0.0
1569.7570305,6,6,13,6,242,67.0,2636.0
1569.7570495,3,1,4,0,33,48.0,81.319
1569.7583105,6,19,15,3,105,66.0,1548.0
1569.7583675,3,1,2,0,55,48.0,39.214
1569.758383,2,1,2,0,1,51.0,0.0
1569.7590735,6,5,6,2,38,63.0,961.095
1569.7596815,6,396,16,6,415,62.0,1238.0
1569.7607575,6,2,8,1,51,63.0,877.24
1569.7612595,3,1,4,0,1,47.0,0.0
1569.7622995,6,10,26,13,191,73.0,14478.0
1569.7640075,6,2,39,14,625,72.0,5868.0
1569.7654965,6,1,1,0,1,45.0,0.0
1569.7658295,3,1,2,0,1,45.0,0.0
1569.7660045,6,373,23,9,413,69.0,3934.0
1569.7670015,6,1,1,0,1,47.0,0.0
1569.7674355,3,1,1,0,1,45.0,0.0
1569.767441,1,1,4,0,1,48.0,0.0
1569.7675305,6,886,43,20,960,65.0,6990.0
1569.7680335,3,2,3,0,28,48.0,62.543
1569.7690615,6,1,1,0,1,47.0,0.0
1569.7698255,3,1,1,0,1,45.0,0.0
1569.771292,1,1,3,0,1,46.0,0.0
1569.7713055,3,1,1,0,1,45.0,0.0
1569.7726295,6,217,40,20,453,72.0,11006.0
1569.773779,1,1,1,0,1,45.0,0.0
1569.7738715,6,1,1,0,1,46.0,0.0
1569.7744655,3,1,2,1,93,51.0,107.571
1569.776053,1,2,11,3,67,65.0,1868.0
1569.7772935,3,1,1,0,1,45.0,0.0
1569.777692,2,1,2,0,1,52.0,0.0
1569.7783365,6,2,13,3,160,61.0,882.559
1569.779073,1,2,1,0,2,45.0,3.352
1569.7797435,6,549,34,18,659,75.0,14363.0
1569.7803155,3,1,9,2,100,52.0,241.464
1569.7811805,6,1,4,1,165,46.0,87.358
1569.7820195,3,2,1,0,6,54.0,65.506
1569.782052,1,1,2,0,1,47.0,0.0
1569.7827595,3,2,1,0,2,45.0,3.324
1569.7839195,6,128,165,415,2436,98.0,4739000.0
1569.784051,5,39,93,153,973,86.0,400535.0
1569.784052,1,30,123,215,964,86.0,898697.0
1569.784053,4,34,43,37,357,73.0,42232.0
1569.784054,2,39,107,235,938,88.0,1059000.0
1569.7840575,3,59,79,220,1647,84.0,745516.0
1569.785653,1,1,2,0,4,48.0,10.22
1569.7865915,3,2,5,0,33,52.0,180.204
1569.7869215,6,1,81,36,1164,68.0,15508.0
1569.7871435,3,2,4,0,2,46.0,6.375
1569.7886175,6,388,22,8,433,63.0,1666.0
1569.789052,1,1,1,0,1,45.0,0.0
1569.7897255,6,1,2,0,1,46.0,0.0
1569.7902455,6,451,29,11,480,63.0,3109.0
1569.7902575,3,1,11,2,132,53.0,349.295
1569.7913215,6,1,3,0,1,47.0,0.0
1569.7919395,6,250,28,9,426,68.0,3267.0
1569.792256,2,1,3,0,15,52.0,72.75
1569.7922615,3,29,5,0,33,49.0,79.336
1569.7928895,6,1,1,0,5,47.0,13.378
1569.7931805,3,1,3,1,146,49.0,114.0
1569.7934175,6,111,56,22,817,71.0,8919.0
1569.7939615,3,1,7,2,174,52.0,280.845
1569.795544,1,1,1,0,1,45.0,0.0
1569.7961735,3,1,6,1,93,53.0,179.853
1569.7968335,6,1,1,0,1,45.0,0.0
1569.79714,1,1,1,0,1,45.0,0.0
1569.7983145,6,164,54,50,965,82.0,100394.0
1569.798476,5,16,45,23,376,71.0,15111.0
1569.798486,1,14,48,20,306,69.0,11906.0
1569.798491,2,33,32,21,243,70.0,15044.0
1569.7996775,3,1,7,1,92,53.0,223.275
1569.80023,1,1,3,0,1,49.0,0.0
1569.8012635,3,1,1,0,4,53.0,37.793
1569.802464,2,1,2,0,1,51.0,0.0
1569.8041135,3,2,3,0,16,48.0,41.929
1569.804777,1,1,5,0,22,48.0,42.428
1569.80479,2,1,2,0,1,52.0,0.0
1569.8051405,3,1,1,0,1,45.0,0.0
1569.8060935,6,10,16,5,145,67.0,2726.0
1569.8074025,6,1,5,0,5,47.0,7.999
1569.8087125,6,221,58,22,936,65.0,6470.0
1569.8087235,3,1,2,0,1,48.0,0.0
1569.8092905,3,4,3,0,15,52.0,70.03
1569.8099135,3,1,2,0,6,50.0,30.45
1569.809918,1,1,3,0,18,47.0,36.082
1569.8101845,6,92,12,3,115,64.0,872.628
1569.810216,2,1,2,0,20,52.0,73.426
1569.8110105,6,1,1,0,1,46.0,0.0
1569.811304,1,1,2,0,5,46.0,11.89
1569.811989,1,1,3,0,1,47.0,0.0
1569.8124905,6,217,55,32,838,74.0,29004.0
1569.812718,1,26,51,13,527,63.0,2978.0
1569.8148405,3,9,3,0,15,54.0,91.699
1569.8148845,6,1,1,0,25,46.0,16.917
1569.8160135,3,2,2,1,143,47.0,86.177
1569.818181,1,1,1,0,1,45.0,0.0
1569.8184735,6,412,32,11,564,64.0,2389.0
1569.8185015,3,1,1,0,1,45.0,0.0
1569.818922,1,1,4,0,50,49.0,53.451
1569.8194875,3,1,5,1,55,50.0,146.964
1569.8202785,6,8,26,10,216,66.0,5520.0
1569.8214655,3,1,5,1,93,54.0,246.52
1569.821493,2,1,1,0,1,50.0,0.0
1569.826296,1,3,10,1,65,49.0,238.363
1569.827038,1,1,4,1,155,49.0,102.149
1569.8271725,3,1,1,0,1,45.0,0.0
1569.8280935,6,120,24,7,287,62.0,2350.0
1569.8282285,3,5,9,2,93,53.0,314.079
1569.8299425,3,1,13,3,153,54.0,520.122
1569.8299545,6,807,54,18,987,64.0,3796.0
1569.8307655,3,1,5,0,41,51.0,122.815
1569.830856,2,1,1,0,1,50.0,0.0
1569.8318945,3,1,4,1,72,50.0,90.015
1569.8324795,6,1,30,8,471,61.0,1469.0
1569.8325315,3,1,9,3,333,52.0,338.963
1569.8338035,6,143,20,7,298,64.0,2241.0
1569.833967,1,1,3,0,23,48.0,40.343
1569.8339815,3,1,1,0,1,45.0,0.0
1569.8346215,6,444,75,29,1296,67.0,8828.0
1569.8357415,3,1,2,0,6,50.0,29.171
1569.8364545,6,355,33,14,723,64.0,3257.0
1569.837573,1,1,3,0,4,47.0,8.372
1569.8402595,6,381,41,13,905,64.0,2137.0
1569.8406565,3,2,4,0,85,52.0,101.879
1569.841365,2,1,1,0,6,50.0,37.38
1569.8419565,6,1,3,0,79,47.0,70.572
1569.8425725,6,497,42,15,620,64.0,4041.0
1569.8427955,3,1,10,2,231,51.0,255.366
1569.843068,2,1,2,0,1,51.0,0.0
1569.8438605,6,218,33,12,536,66.0,4201.0
1569.8441335,3,1,2,0,5,52.0,33.224
1569.844747,1,1,1,0,1,45.0,0.0
1569.8448975,6,177,26,9,343,63.0,2977.0
1569.8450885,3,1,7,1,68,51.0,165.557
1569.8457455,3,2,2,0,2,46.0,7.006
1569.8464295,3,1,3,0,26,50.0,52.327
1569.8470625,6,1,4,0,46,46.0,39.657
1569.8479645,6,396,17,7,575,63.0,1378.0
1569.8487925,3,1,1,0,5,48.0,12.838
1569.8490398,6,853,79,45,1188,76.0,40708.0
1569.849353,5,3,31,7,264,67.0,2431.0
1569.849399,1,521,65,19,751,63.0,4586.0
1569.8507255,3,1,3,0,9,51.0,41.486
1569.8514875,6,1,2,0,1,47.0,0.0
1569.851914,1,2,19,6,152,65.0,2325.0
1569.8519887,6,1104,99,35,1378,68.0,12001.0
1569.8527915,3,2,5,0,33,54.0,131.854
1569.8546695,6,4,62,22,952,61.0,4859.0
1569.8547155,3,1,2,0,15,47.0,22.809
1569.854741,1,1,2,0,1,45.0,0.0
1569.855243,1,198,44,12,370,63.0,3959.0
1569.8552435,3,231,22,5,309,53.0,760.247
1569.855256,5,157,38,15,378,71.0,10712.0
1569.8564645,6,1670,114,42,2029,65.0,9742.0
1569.856769,2,1,1,0,1,50.0,0.0
1569.858115,1,12,38,12,189,66.0,6264.0
1569.8590865,6,112,49,31,469,70.0,23438.0
1569.859169,5,9,50,26,317,75.0,28834.0
1569.859175,1,57,55,24,348,66.0,13165.0
1569.859177,4,33,16,6,88,64.0,2957.0
1569.85918,2,26,37,26,288,72.0,20394.0
1569.8606525,6,1,1,0,1,46.0,0.0
1569.8613875,6,478,49,18,849,65.0,4511.0
1569.8617465,3,1,2,0,6,48.0,17.868
1569.861764,2,1,2,0,1,52.0,0.0
1569.8627368,6,697,67,33,993,74.0,24021.0
1569.86341,1,22,47,22,247,68.0,17358.0
1569.863418,5,25,35,12,226,67.0,5911.0
1569.863419,2,25,35,19,247,68.0,11825.0
1569.8643565,6,294,37,11,355,63.0,3127.0
1569.8643935,3,1,7,1,72,51.0,158.983
1569.8653845,6,1,1,0,1,47.0,0.0
1569.8658785,3,1,4,0,16,49.0,50.463
1569.8672065,6,17,30,18,305,71.0,13771.0
1569.867212,1,14,38,11,221,65.0,4271.0
1569.8684845,3,1,9,2,114,52.0,243.11
1569.8691035,3,2,2,0,16,46.0,25.301
1569.8696785,3,2,9,1,81,53.0,256.143
1569.870902,1,12,52,24,362,74.0,20173.0
1569.8709115,6,20,53,23,423,66.0,11219.0
1569.8730665,3,1,2,1,183,50.0,68.968
1569.8734415,6,19,22,10,246,68.0,6327.0
1569.8750105,3,1,8,1,98,49.0,181.746
1569.8752805,6,318,36,13,663,69.0,4847.0
1569.8774105,3,1,8,1,110,52.0,197.565
1569.8781175,6,236,22,7,320,65.0,3074.0
1569.8783575,3,1,7,1,44,50.0,150.906
1569.8791475,6,31,20,7,202,64.0,2657.0
1569.8791675,3,39,10,2,101,52.0,267.393
1569.8809405,6,2,2,0,2,47.0,7.047
1569.88129,1,1,4,0,16,48.0,35.471
1569.8814865,6,8,19,7,135,71.0,5748.0
1569.8815055,3,1,4,0,34,51.0,102.769
1569.8846985,6,475,45,17,946,65.0,3886.0
1569.884703,1,1,2,0,1,46.0,0.0
1569.885462,1,1,1,0,1,45.0,0.0
1569.8860495,3,2,5,0,45,48.0,102.396
1569.8864595,6,50,35,27,252,78.0,47389.0
1569.8873965,3,2,3,0,3,51.0,17.835
1569.8877885,6,2,7,1,42,62.0,515.993
1569.8883635,6,326,47,16,450,66.0,6711.0
1569.888375,1,161,42,10,433,63.0,2397.0
1569.8897845,6,1,1,0,1,45.0,0.0
1569.890455,5,5,27,13,194,73.0,13190.0
1569.8912675,6,3,9,1,25,61.0,570.152
1569.8920685,6,440,43,16,619,64.0,4274.0
1569.8920965,3,1,4,1,191,47.0,118.694
1569.892299,2,1,3,0,1,50.0,0.0
1569.8932205,3,1,1,0,1,45.0,0.0
1569.8936985,6,1,1,0,1,45.0,0.0
1569.8954785,6,529,72,27,1348,71.0,9445.0
1569.8955145,3,1,3,0,21,51.0,55.436
1569.895545,2,1,2,0,1,50.0,0.0
1569.8963725,3,1,2,0,1,45.0,0.0
1569.8974015,3,1,3,0,1,48.0,0.0
1569.897502,2,1,1,0,1,50.0,0.0
1569.8998215,3,1,2,0,4,50.0,17.583
1569.899851,2,1,1,0,1,50.0,0.0
1569.9004565,6,658,48,17,885,68.0,5493.0
1569.9008145,3,1,3,0,21,51.0,91.867
1569.900822,1,1,1,0,1,45.0,0.0
1569.901766,1,2,2,0,2,46.0,3.813
1569.9017765,3,1,2,0,22,48.0,50.802
1569.9019975,6,574,64,30,1061,71.0,15700.0
1569.902107,2,1,1,0,1,50.0,0.0
1569.9037035,6,14,14,5,196,64.0,1978.0
1569.9037685,3,1,1,0,1,45.0,0.0
1569.904997,1,1,6,0,18,48.0,36.817
1569.908032,1,2,1,0,2,45.0,6.569
1569.9084195,6,1,1,0,5,47.0,10.285
1569.9088945,3,1,5,0,59,49.0,88.16
1569.9102455,6,1,3,0,21,47.0,26.637
1569.9114555,6,26,27,8,420,63.0,1962.0
1569.911803,2,1,3,0,1,52.0,0.0
1569.9125275,6,1,2,0,12,46.0,17.467
1569.9132945,6,1,1,0,1,45.0,0.0
1569.913789,1,2,4,0,42,49.0,64.751
1569.9144605,6,3,15,5,117,67.0,2875.0
1569.91453,1,52,3,0,53,49.0,57.225
1569.9151805,6,2,8,2,97,61.0,760.121
1569.9158565,3,1,2,0,7,47.0,14.637
1569.9172485,6,1,3,0,1,46.0,0.0
1569.9175955,3,1,13,3,151,53.0,510.665
1569.9188625,6,97,18,5,195,62.0,1510.0
1569.9189735,3,2,6,1,62,52.0,180.244
1569.921442,1,1,2,0,4,49.0,17.856
1569.922067,1,1,1,0,1,45.0,0.0
1569.9224895,6,1,1,0,1,45.0,0.0
1569.9231715,6,612,46,22,769,76.0,17969.0
1569.9232925,3,1,2,0,12,47.0,24.968
1569.9238048,3,1,6,1,49,53.0,178.554
1569.925488,2,2,1,0,3,52.0,28.419
1569.9273085,3,1,8,1,52,51.0,128.842
1569.927342,1,1,5,0,1,47.0,0.0
1569.9275805,6,45,34,10,489,62.0,2229.0
1569.927985,2,1,2,0,1,52.0,0.0
1569.9279895,3,1,1,0,1,45.0,0.0
1569.9287985,3,1,1,0,1,45.0,0.0
1569.9293395,6,21,42,15,784,63.0,3692.0
1569.9293535,3,2,13,4,231,53.0,513.847
1569.9318445,6,2,32,12,337,71.0,7593.0
1569.9318795,3,1,8,2,219,51.0,258.084
1569.9332185,3,1,6,1,80,50.0,141.226
1569.93323,2,1,3,0,1,52.0,0.0
1569.9347945,6,625,44,23,902,75.0,15829.0
1569.935053,1,1,2,0,32,47.0,42.198
1569.9350705,3,1,1,0,1,45.0,0.0
1569.9363085,6,1,1,0,1,46.0,0.0
1569.9385435,3,2,8,1,115,52.0,229.168
1569.9387295,6,203,10,6,450,61.0,1088.0
1569.9394455,3,1,2,0,12,51.0,34.985
1569.93945,1,1,2,0,1,45.0,0.0
1569.9397575,6,68,26,10,495,63.0,2548.0
1569.9409955,6,1,1,0,1,47.0,0.0
1569.941242,1,1,1,0,1,45.0,0.0
1569.9419405,6,1,1,0,1,45.0,0.0
1569.9423065,3,1,6,1,114,48.0,140.263
1569.942449,2,2,1,0,2,50.0,11.214
1569.943035,1,1,2,0,1,46.0,0.0
1569.9439475,6,29,21,7,305,63.0,2377.0
1569.944261,1,1,3,0,17,48.0,17.127
1569.9445185,3,1,3,0,55,49.0,82.975
1569.9450715,6,274,46,22,499,72.0,15477.0
1569.947186,1,1,4,0,8,48.0,11.637
1569.9477905,6,419,36,11,493,66.0,2997.0
1569.947793,1,1,3,0,9,49.0,24.34
1569.9480005,3,1,2,0,12,48.0,28.432
1569.9488465,6,171,21,5,181,61.0,1704.0
1569.9489345,3,1,4,0,23,49.0,50.908
1569.9495515,6,261,42,18,660,68.0,7480.0
1569.949787,1,22,33,14,214,65.0,8412.0
1569.950546,1,12,37,15,258,69.0,7841.0
1569.9507118,6,503,76,29,1467,63.0,6710.0
1569.9512715,3,1,9,5,502,49.0,385.569
1569.953997,1,92,23,4,159,63.0,1080.0
1569.9543565,6,1,2,0,4,47.0,9.499
1569.95473,1,1,2,0,1,48.0,0.0
1569.9561325,6,2,8,3,136,61.0,940.528
1569.9562705,3,1,4,0,23,50.0,81.397
1569.9572175,6,1,5,2,92,61.0,611.709
1569.9581885,6,1,2,0,1,46.0,0.0
1569.959876,1,1,2,0,1,46.0,0.0
1569.9606565,6,684,83,33,1298,73.0,14849.0
1569.961342,1,184,52,16,387,64.0,4976.0
1569.9625555,6,1,2,0,1,46.0,0.0
1569.962886,1,1,1,0,1,45.0,0.0
1569.963597,1,1,4,0,4,47.0,8.363
1569.9642435,3,4,16,4,254,53.0,575.322
1569.9643985,6,86,35,12,555,62.0,2649.0
1569.9652185,3,1,2,0,4,51.0,19.0
1569.9654538,6,164,44,21,375,71.0,15163.0
1569.965724,2,1,5,0,1,52.0,0.0
1569.9657265,3,2,6,1,72,52.0,166.225
1569.96635,2,1,2,0,1,51.0,0.0
1569.9663645,3,1,1,0,1,45.0,0.0
1569.9680045,3,1,4,0,17,51.0,96.59
1569.9682085,6,178,20,7,340,62.0,1812.0
1569.9688015,3,1,1,0,1,45.0,0.0
1569.9697915,3,1,2,0,4,46.0,8.284
1569.970436,1,12,28,9,316,64.0,2626.0
1569.9704445,3,1,9,2,114,53.0,334.505
1569.9709395,6,29,46,20,770,67.0,7709.0
1569.9713665,3,1,1,0,5,46.0,10.549
1569.971408,1,1,1,0,1,46.0,0.0
1569.9720255,3,1,5,1,111,49.0,118.3
1569.972293,1,1,1,0,1,45.0,0.0
1569.9729075,6,192,28,15,549,72.0,9295.0
1569.9731355,3,1,9,1,87,53.0,272.218
1569.9739895,6,167,25,8,294,63.0,2377.0
1569.9741485,3,1,7,1,76,52.0,194.418
1569.97513,1,1,1,0,1,46.0,0.0
1569.9761665,6,381,26,10,547,66.0,2709.0
1569.9765045,3,1,4,0,13,49.0,34.205
1569.976577,2,1,2,0,1,52.0,0.0
1569.9771815,3,1,8,1,93,49.0,163.868
1569.9772185,6,2,13,3,120,61.0,895.653
1569.9780955,6,994,74,33,1228,71.0,15782.0
1569.9781365,3,1,1,0,1,45.0,0.0
1569.978854,1,1,2,0,1,45.0,0.0
1569.9799425,6,122,61,22,958,63.0,4945.0
1569.9804645,3,1,13,3,197,54.0,333.404
1569.9815875,6,550,44,13,680,62.0,2686.0
1569.9816955,3,2,7,2,164,52.0,236.649
1569.981797,2,1,2,0,1,50.0,0.0
1569.982698,1,2,4,0,15,49.0,42.638
1569.9827055,3,1,3,1,197,51.0,122.344
1569.9834315,3,1,1,0,1,45.0,0.0
1569.9840035,3,1,1,0,1,45.0,0.0
1569.9846515,6,187,9,3,202,65.0,1401.0
1569.9851355,3,2,3,0,16,50.0,64.035
1569.986632,1,1,1,0,1,45.0,0.0
1569.9872055,6,10,23,11,460,67.0,4833.0
1569.9872345,3,1,6,1,46,51.0,172.984
1569.9887715,6,1201,103,57,2275,75.0,32539.0
1569.9889455,3,1,3,0,1,50.0,0.0
1569.989226,1,1,1,0,1,46.0,0.0
1569.9897268,1,1,2,0,1,48.0,0.0
1569.9897445,3,1,1,0,1,45.0,0.0
1569.989972,2,43,42,24,275,68.0,15323.0
1569.9905445,3,1,1,0,1,45.0,0.0
1569.991067,1,2,2,0,3,49.0,13.381
1569.9915635,6,7,24,13,207,71.0,11072.0
1569.9915805,3,2,16,4,215,54.0,586.098
1569.9923755,6,225,28,9,351,65.0,3120.0
1569.9926045,3,1,7,1,60,53.0,183.782
1569.9956185,6,149,75,30,875,72.0,14770.0
1569.997335,5,34,41,16,275,66.0,7908.0
1569.997347,2,16,34,19,230,69.0,13712.0
1569.997349,1,58,44,17,277,68.0,9580.0
1569.998131,2,1,3,0,1,52.0,0.0
1569.9981355,3,1,4,0,45,48.0,68.384
1570.0000515,6,528,34,12,752,65.0,2129.0
1570.0005235,3,1,5,0,72,50.0,93.797
1570.0019155,6,183,25,10,309,68.0,5514.0
1570.0021155,3,1,9,2,132,52.0,315.35
1570.0028015,6,1,2,0,1,46.0,0.0
1570.0031565,3,1,2,0,1,46.0,0.0
1570.003167,1,1,2,0,1,48.0,0.0
1570.003175,2,1,1,0,1,51.0,0.0
1570.003868,5,2,12,5,164,67.0,2699.0
1570.004019,1,1,1,0,1,45.0,0.0
1570.004935,5,20,36,14,207,67.0,9817.0
1570.004944,2,31,23,11,160,67.0,6308.0
1570.0049445,3,9,13,3,183,53.0,427.25
1570.004946,1,59,33,12,193,65.0,7460.0
1570.0057805,3,1,3,0,6,47.0,12.379
1570.0068335,3,1,2,0,16,50.0,38.107
1570.007477,1,2,21,6,276,63.0,1422.0
1570.0075115,6,37,16,7,164,64.0,3079.0
1570.0090535,6,252,63,29,787,71.0,16802.0
1570.009291,1,34,36,11,293,63.0,3586.0
1570.0107175,6,18,73,26,1250,68.0,6645.0
1570.0107375,3,1,9,2,175,52.0,273.55
1570.0116225,3,1,5,1,81,49.0,133.47
1570.0133385,6,1323,79,38,1592,74.0,22117.0
1570.0138415,3,1,4,0,22,48.0,45.403
1570.013855,1,1,2,0,7,48.0,20.421
1570.01465,1,43,36,10,188,63.0,4295.0
1570.0154385,6,1,1,0,43,47.0,46.916
1570.0163635,6,279,20,8,500,65.0,2594.0
1570.018363,1,1,1,0,1,46.0,0.0
1570.020344,1,1,1,0,1,45.0,0.0
1570.0207885,6,216,25,7,311,62.0,2106.0
1570.0209275,3,1,4,1,112,52.0,138.152
1570.020942,2,1,3,0,1,51.0,0.0
1570.0216565,6,164,16,5,303,61.0,1274.0
1570.021902,1,197,22,10,312,73.0,8596.0
1570.0225975,3,1,5,0,27,50.0,54.096
1570.0236,1,1,1,0,1,45.0,0.0
1570.024178,1,2,2,0,3,49.0,12.331
1570.0256655,6,177,12,3,234,61.0,655.446
1570.025855,1,1,2,0,1,46.0,0.0
1570.0274005,3,37,7,1,52,52.0,182.6
1570.028536,1,1,1,0,1,45.0,0.0
1570.0308205,6,6,31,15,379,71.0,10205.0
1570.0308545,3,1,7,1,134,50.0,194.926
1570.031728,1,1,2,0,1,47.0,0.0
1570.0322375,6,1390,74,26,1635,62.0,4397.0
1570.0342975,3,1,1,0,1,46.0,0.0
1570.036711,5,5,31,22,323,75.0,27974.0
1570.0367295,6,58,37,14,567,64.0,4817.0
1570.037742,1,1,4,0,1,48.0,0.0
1570.0378255,6,288,115,61,1513,75.0,47960.0
1570.0403115,3,1,10,3,282,53.0,347.74
1570.0405035,6,41,13,4,141,66.0,2055.0
1570.0410708,5,146,27,10,273,71.0,5661.0
1570.0412265,6,680,69,30,1000,67.0,11158.0
1570.0419325,3,1,10,2,140,54.0,383.901
1570.0427405,6,8,12,10,64,74.0,20311.0
1570.0431965,3,1,4,0,30,48.0,54.814
1570.043209,1,1,2,0,1,49.0,0.0
1570.0438825,6,1,1,0,1,45.0,0.0
1570.044757,1,17,9,0,27,49.0,97.209
1570.0449365,6,291,37,16,568,67.0,6141.0
1570.0449805,3,2,1,0,2,45.0,3.435
1570.0472785,6,29,18,4,199,62.0,997.059
1570.0480385,6,1,4,0,70,47.0,67.687
1570.0486165,6,193,51,23,367,74.0,18373.0
1570.050874,1,2,35,17,297,72.0,12434.0
1570.050887,2,2,26,15,210,68.0,10267.0
1570.0527055,3,1,1,0,1,46.0,0.0
1570.055481,1,1,1,0,1,45.0,0.0
1570.0585915,3,1,2,0,4,48.0,12.407
1570.0588775,6,2,2,0,2,46.0,4.529
1570.0595595,3,1,5,0,30,50.0,74.595
1570.059612,1,1,5,0,1,48.0,0.0
1570.0600945,3,1,5,1,160,50.0,104.34
1570.0609645,6,612,70,20,908,63.0,4453.0
1570.0613615,3,1,5,0,45,49.0,76.461
1570.0623995,6,258,73,35,1481,71.0,15520.0
1570.0626785,3,38,9,2,129,54.0,324.699
1570.0635645,3,1,8,2,130,52.0,294.972
1570.0655205,6,566,51,20,957,65.0,5244.0
1570.0657305,3,1,2,0,6,50.0,27.261
1570.068472,1,1,5,0,58,47.0,79.291
1570.0684725,3,5,2,0,13,51.0,74.758
1570.0699475,6,7,33,18,380,74.0,17034.0
1570.0709495,6,233,55,24,567,69.0,12821.0
1570.0720175,6,36,18,5,204,66.0,2168.0
1570.0726585,3,1,2,0,9,46.0,19.036
1570.0727685,6,2,31,12,694,61.0,2180.0
1570.072948,1,1,8,1,84,49.0,152.817
1570.074325,1,1,1,0,1,46.0,0.0
1570.074687,2,1,3,0,32,52.0,110.234
1570.0746925,3,1,7,2,213,50.0,242.796
1570.07496,1,1,1,0,1,45.0,0.0
1570.0760405,6,391,98,49,1642,77.0,49036.0
1570.0774995,3,1,9,1,114,50.0,207.316
1570.078906,1,1,5,0,81,48.0,70.212
1570.0790235,3,1,3,1,134,46.0,60.609
1570.0796945,6,49,16,5,180,61.0,1223.0
1570.0797705,3,1,4,0,56,50.0,89.605
1570.079789,2,2,1,0,3,51.0,28.178
1570.0803345,3,2,5,0,49,50.0,112.636
1570.0827845,3,1,4,1,175,48.0,125.4
1570.083246,1,49,35,13,327,64.0,5170.0
1570.083246,2,16,34,17,236,67.0,8906.0
1570.0835345,3,1,1,0,1,45.0,0.0
1570.0835945,6,536,110,43,1927,64.0,10432.0
1570.0841775,3,2,1,0,6,51.0,37.837
1570.0850065,3,1,4,1,69,48.0,102.796
1570.085532,2,1,1,0,1,50.0,0.0
1570.0862555,6,684,72,25,1134,63.0,6640.0
1570.0863575,3,1,6,0,49,50.0,120.901
1570.086358,2,1,5,0,1,52.0,0.0
1570.0869365,3,1,5,1,103,50.0,134.65
1570.0878955,6,102,119,54,1712,77.0,40483.0
1570.088825,2,1,3,0,1,51.0,0.0
1570.089414,1,1,2,0,1,46.0,0.0
1570.0901095,6,607,132,75,1462,75.0,61852.0
1570.090413,1,367,65,23,573,67.0,8185.0
1570.090555,2,183,49,30,369,70.0,19685.0
1570.0921815,6,547,142,141,1429,83.0,338813.0
1570.092257,1,535,149,71,1134,76.0,65299.0
1570.0922795,3,507,91,56,1128,73.0,39390.0
1570.092281,5,458,136,70,1123,71.0,54480.0
1570.09235,2,400,105,86,872,78.0,113047.0
1570.0946895,6,347,77,26,1368,66.0,5288.0
1570.0965235,3,1,1,0,1,45.0,0.0
1570.096829,1,1,3,0,1,48.0,0.0
1570.0973385,3,1,1,0,1,45.0,0.0
1570.0984495,6,4,19,7,118,69.0,5397.0
1570.0984785,3,1,10,1,87,53.0,276.164
1570.0992485,6,245,29,11,374,66.0,3792.0
1570.099527,1,1,6,0,40,48.0,86.663
1570.0995465,3,1,1,0,1,45.0,0.0
1570.1001185,3,1,1,0,4,45.0,6.711
1570.1009105,3,1,2,0,12,51.0,63.49
1570.1018185,6,151,27,9,565,61.0,2147.0
1570.1019835,3,1,3,0,29,50.0,61.611
1570.102045,2,1,2,0,1,50.0,0.0
1570.102882,1,335,39,14,558,65.0,4596.0
1570.1028845,6,8,50,18,631,64.0,5140.0
1570.102964,2,1,3,0,1,51.0,0.0
1570.1048785,6,608,69,32,1830,66.0,7854.0
1570.1055135,3,1,2,0,11,49.0,46.618
1570.106682,1,1,4,0,1,48.0,0.0
1570.1066855,3,1,2,0,12,48.0,28.246
1570.1077455,6,348,54,20,817,67.0,6467.0
1570.1079075,3,1,9,3,232,53.0,332.179
1570.107962,2,1,3,0,1,51.0,0.0
1570.1086765,3,2,2,0,2,45.0,4.927
1570.1092925,6,603,54,29,747,70.0,17508.0
1570.1099695,3,1,4,1,131,49.0,153.565
1570.1105665,6,744,170,229,1948,96.0,2195000.0
1570.110638,1,1,2,0,1,47.0,0.0
1570.1108895,3,1,3,1,176,45.0,98.818
1570.111321,1,71,80,55,509,76.0,61256.0
1570.111323,4,12,22,8,198,68.0,3901.0
1570.1131315,3,2,9,2,165,51.0,333.734
1570.1142115,6,1061,109,45,1472,72.0,24863.0
1570.1144745,3,1,2,0,21,50.0,64.255
1570.117279,1,1,3,0,11,49.0,36.92
1570.118071,1,1,1,0,1,45.0,0.0
1570.1180825,3,1,1,0,1,45.0,0.0
1570.1187415,6,72,77,24,1037,64.0,5201.0
1570.118749,1,237,52,15,449,63.0,4577.0
1570.1196825,3,1,5,0,1,49.0,0.0
1570.1205195,6,182,88,38,1488,73.0,21655.0
1570.1214155,3,1,5,1,111,52.0,148.27
1570.1224165,3,2,9,4,318,49.0,360.181
1570.1225115,6,351,119,44,2104,65.0,11634.0
1570.1232725,3,1,7,1,47,51.0,155.308
1570.125188,1,1,1,0,1,45.0,0.0
1570.1255295,6,11,28,15,205,76.0,22420.0
1570.1255485,3,1,11,2,101,52.0,292.017
1570.125707,1,1,3,0,35,48.0,49.315
1570.1262495,6,348,38,22,622,79.0,32583.0
1570.1265405,3,1,10,2,109,52.0,239.914
1570.1271845,3,1,22,5,305,54.0,674.25
1570.1273718,6,297,29,9,567,61.0,1590.0
1570.1285025,6,34,37,30,327,79.0,55447.0
1570.128556,1,8,23,8,177,63.0,2693.0
1570.1293315,6,1135,97,34,1921,66.0,7128.0
1570.1296055,3,1,7,1,89,52.0,222.793
1570.130497,1,1,6,0,60,47.0,77.568
1570.1305155,3,1,3,0,9,53.0,48.327
1570.1311055,3,11,3,0,12,52.0,57.818
1570.1317755,6,34,26,11,738,63.0,2014.0
1570.1327835,3,1,5,1,188,47.0,112.84
1570.132785,2,1,2,0,1,52.0,0.0
1570.1336385,3,1,1,0,6,49.0,20.358
1570.133827,1,1,2,0,1,48.0,0.0
1570.1346205,6,1561,281,230,4444,92.0,975751.0
1570.134901,1,1,4,0,36,48.0,41.868
1570.1349205,3,1,2,0,105,46.0,53.278
1570.135598,1,1,4,1,138,48.0,103.672
1570.1356455,3,1,1,0,1,45.0,0.0
1570.136177,5,70,64,56,768,73.0,45811.0
1570.136183,4,26,24,11,245,65.0,4841.0
1570.136186,2,46,73,69,690,76.0,86171.0
1570.1361875,3,23,78,98,878,78.0,178176.0
1570.1362358,1,48,105,59,1274,74.0,50167.0
1570.1377715,3,1,10,3,275,51.0,285.611
1570.1387855,3,2,5,0,18,49.0,35.891
1570.138808,1,1,1,0,1,46.0,0.0
1570.1396515,3,2,3,1,158,49.0,96.213
1570.139889,1,1,1,0,1,46.0,0.0
1570.1403535,3,1,3,0,1,46.0,0.0
1570.1404165,6,443,96,58,1260,81.0,77214.0
1570.1409317,1,14,32,12,218,68.0,6042.0
1570.1425645,3,2,5,2,258,52.0,230.228
1570.142568,2,1,3,0,28,52.0,139.383
1570.1430435,6,170,32,16,358,67.0,8032.0
1570.1441215,6,362,123,105,1682,85.0,319992.0
1570.144241,1,273,60,30,642,69.0,17559.0
1570.1442475,3,282,40,33,768,71.0,21117.0
1570.14427,2,287,45,28,521,71.0,17733.0
1570.1465075,6,3,13,3,88,63.0,1229.0
1570.1465465,3,1,2,0,1,46.0,0.0
1570.1471615,3,1,7,1,61,51.0,148.597
1570.1488265,3,1,2,0,1,46.0,0.0
1570.149276,1,205,42,11,340,63.0,3457.0
1570.1492985,6,119,142,72,2409,78.0,67046.0
1570.1502345,3,2,1,0,4,53.0,32.084
1570.15026,1,6,4,0,40,49.0,87.888
1570.1508015,3,2,1,0,2,45.0,4.025
1570.1516835,3,1,2,0,1,45.0,0.0
1570.151753,1,1,2,0,1,48.0,0.0
1570.1524395,6,53,78,26,1170,63.0,6169.0
1570.1524635,3,1,12,3,235,53.0,436.846
1570.153298,1,74,4,1,75,49.0,90.694
1570.1540065,3,1,1,0,1,45.0,0.0
1570.1541565,6,856,83,35,1346,69.0,12416.0
1570.1545185,3,149,7,2,175,53.0,226.165
1570.1557885,3,1,4,1,161,48.0,132.05
1570.155983,2,1,1,0,1,50.0,0.0
1570.1562385,6,1207,77,29,1538,66.0,6783.0
1570.156829,1,1,4,0,22,49.0,75.452
1570.1568505,3,1,1,0,1,45.0,0.0
1570.1574665,3,2,4,0,26,48.0,38.484
1570.15757,2,1,2,0,1,51.0,0.0
1570.1592525,3,4,14,3,112,54.0,461.377
1570.1593595,6,222,25,7,304,61.0,1945.0
1570.1599815,3,1,3,0,69,48.0,58.221
1570.1602015,6,676,50,16,760,66.0,4481.0
1570.160671,1,1,3,0,1,47.0,0.0
1570.1609115,3,1,5,0,9,48.0,14.069
1570.160915,2,1,2,0,1,51.0,0.0
1570.1615595,6,1,4,0,1,47.0,0.0
1570.163094,1,2,1,0,3,47.0,8.842
1570.1635825,6,284,57,20,758,68.0,7807.0
1570.1635825,3,1,4,0,70,49.0,78.028
1570.16424,1,1,1,0,1,46.0,0.0
1570.1653095,3,1,4,0,99,47.0,74.544
1570.166026,1,1,37,11,480,63.0,2761.0
1570.1660545,3,10,15,4,239,54.0,541.675
1570.1671505,6,1,19,6,153,64.0,2699.0
1570.1671865,3,1,3,0,43,52.0,102.46
1570.1680905,6,16,72,26,991,66.0,8265.0
1570.1695817,6,126,46,18,448,69.0,8353.0
1570.1697245,3,35,15,4,240,53.0,512.713
1570.1705785,3,1,4,0,36,51.0,87.73
1570.1711595,6,2,48,18,1122,62.0,2581.0
1570.1711985,3,2,2,0,2,45.0,3.784
1570.172539,1,1,2,0,1,48.0,0.0
1570.173062,1,1,2,0,1,47.0,0.0
1570.1741525,6,314,73,23,1254,62.0,4125.0
1570.1743195,3,2,7,2,192,51.0,212.461
1570.1764825,3,1,14,4,344,52.0,467.931
1570.176561,2,1,1,0,1,50.0,0.0
1570.177416,1,1,5,0,1,48.0,0.0
1570.1782035,6,966,177,85,2521,76.0,61257.0
1570.1785145,3,1,6,1,47,52.0,154.187
1570.179978,1,22,44,13,310,63.0,4455.0
1570.18098,1,47,57,16,401,64.0,5313.0
1570.1812248,6,778,136,56,1543,71.0,27327.0
1570.1819945,3,50,4,1,89,49.0,106.833
1570.1825838,3,2,6,1,110,51.0,178.055
1570.182667,2,1,1,0,1,52.0,0.0
1570.182678,1,1,6,1,101,49.0,124.492
1570.1832205,3,1,10,2,181,54.0,290.023
1570.1832685,6,3224,287,146,4005,84.0,219051.0
1570.183815,1,1,4,0,1,47.0,0.0
1570.1842345,3,2,36,11,653,54.0,1437.0
1570.186431,1,102,46,22,501,69.0,12406.0
1570.186493,2,37,34,21,400,67.0,11039.0
1570.1877875,6,407,74,35,1375,79.0,32334.0
1570.187954,2,1,1,0,1,52.0,0.0
1570.1879585,3,1,5,0,17,48.0,29.064
1570.1902245,3,1,1,0,1,45.0,0.0
1570.191739,1,1,4,0,11,47.0,16.68
1570.1920255,6,165,142,51,2621,70.0,12895.0
1570.193747,1,653,39,14,737,68.0,4244.0
1570.1955175,3,1,2,0,12,49.0,25.473
1570.1961905,6,940,79,36,1235,74.0,28802.0
1570.196207,1,1,1,0,1,48.0,0.0
1570.1966775,3,1,2,0,5,46.0,11.48
1570.197937,1,1,1,0,1,45.0,0.0
1570.1979385,6,778,114,37,1788,62.0,7299.0
1570.1982345,3,1,2,0,1,48.0,0.0
1570.1987515,3,1,4,0,12,51.0,63.601
1570.198772,2,1,2,0,1,50.0,0.0
1570.1994175,3,1,1,0,4,48.0,11.78
1570.2002268,6,5,31,11,480,63.0,2619.0
1570.2004215,3,1,10,2,223,50.0,249.032
1570.200471,5,140,22,11,227,71.0,8854.0
1570.2011545,3,2,6,1,53,53.0,155.054
1570.201263,1,1,2,0,1,48.0,0.0
1570.2024335,6,1,2,0,1,45.0,0.0
1570.2026375,3,1,3,0,4,47.0,7.519
1570.202653,2,2,2,0,3,52.0,26.59
1570.2029375,6,364,46,20,1265,70.0,5255.0
1570.2033075,3,1,3,0,69,48.0,78.464
1570.203322,1,2,3,0,3,46.0,6.93
1570.203847,1,75,18,6,151,66.0,3285.0
1570.2047205,6,87,316,125,4619,69.0,42309.0
1570.20478,1,44,43,12,353,63.0,3588.0
1570.2058105,3,1,1,0,1,45.0,0.0
1570.2065685,3,1,5,1,76,52.0,217.582
1570.2071675,3,1,1,0,1,45.0,0.0
1570.2082645,3,1,5,1,68,48.0,100.973
1570.208539,5,345,58,27,628,71.0,18265.0
1570.208674,2,216,49,25,533,69.0,12263.0
1570.2088605,3,56,32,17,387,67.0,7448.0
1570.208878,1,14,54,20,396,65.0,8508.0
1570.2098275,3,1,1,0,1,45.0,0.0
1570.2098545,6,1383,361,150,5587,73.0,57705.0
1570.2103345,3,1,8,3,337,50.0,246.019
1570.211238,1,21,38,15,250,66.0,7842.0
1570.2120225,3,1,2,0,1,46.0,0.0
1570.21205,1,1,5,1,104,48.0,98.122
1570.2138825,3,2,6,1,89,50.0,146.706
1570.2144845,3,165,19,5,338,52.0,600.818
1570.21467,2,1,5,2,125,52.0,303.604
1570.2166915,6,3510,287,132,4045,81.0,113329.0
1570.217063,1,430,49,14,617,63.0,3115.0
1570.2171155,3,1,6,1,72,49.0,110.881
1570.2179285,3,1,5,1,175,51.0,159.338
1570.218031,2,1,1,0,1,50.0,0.0
1570.2189815,3,1,1,0,1,45.0,0.0
1570.218997,2,1,2,0,17,51.0,51.822
1570.219035,1,1,2,0,1,47.0,0.0
1570.219915,1,320,80,30,717,68.0,15105.0
1570.2199235,3,333,49,24,691,68.0,8749.0
1570.219979,2,346,45,31,665,67.0,15317.0
1570.220199,5,57,48,19,362,66.0,9824.0
1570.2212725,6,3545,417,197,4939,79.0,178630.0
1570.222242,2,1,2,0,1,51.0,0.0
1570.2237065,3,1,1,0,56,47.0,40.838
1570.2242995,3,1,6,2,200,49.0,202.897
1570.224818,2,27,60,33,910,68.0,12223.0
1570.2250005,3,1,44,13,697,54.0,1734.0
1570.2267525,6,1158,224,81,3512,65.0,19720.0
1570.2276705,3,2,7,3,362,50.0,261.622
1570.227711,2,2,2,0,2,52.0,17.22
1570.228504,2,1,1,0,1,50.0,0.0
1570.2287135,3,1,1,0,88,46.0,53.088
1570.2295025,3,1,10,3,282,50.0,345.287
1570.229787,1,2,2,0,3,48.0,11.262
1570.2304885,3,1,8,1,111,50.0,195.201
1570.2308465,6,2,24,8,202,69.0,4923.0
1570.2315515,6,565,46,19,864,65.0,5404.0
1570.2331155,6,669,117,64,1750,81.0,67688.0
1570.233447,1,401,62,20,579,65.0,5857.0
1570.234288,2,1,2,0,1,50.0,0.0
1570.2348765,3,1,1,0,1,45.0,0.0
1570.236104,1,1,3,1,125,47.0,71.288
1570.236638,5,76,50,29,389,77.0,41321.0
1570.2366705,6,66,214,77,3291,66.0,19024.0
1570.236733,1,17,44,13,317,63.0,4022.0
1570.2376685,3,1,2,1,194,47.0,59.118
1570.2385065,3,1,3,1,159,47.0,68.593
1570.2394025,3,2,5,2,257,50.0,266.127
1570.2406085,6,114,81,29,907,68.0,10077.0
1570.2407895,3,1,13,6,492,53.0,493.792
1570.2419835,3,1,1,0,22,48.0,18.224
1570.241994,1,1,2,0,1,47.0,0.0
1570.2429075,6,45,59,22,663,70.0,9951.0
1570.2437825,3,1,1,0,1,45.0,0.0
1570.2441155,6,955,387,152,5680,70.0,48185.0
1570.2452775,3,1,6,0,22,53.0,108.988
1570.2459,1,1,4,0,9,48.0,28.152
1570.2460675,3,1,1,0,1,45.0,0.0
1570.246071,2,1,2,0,1,50.0,0.0
1570.2465825,3,1,1,0,1,45.0,0.0
1570.2470885,3,2,9,3,240,50.0,322.307
1570.2480795,3,1,1,0,5,47.0,12.519
1570.2485855,3,1,21,5,259,53.0,696.651
1570.250046,1,1,5,0,53,47.0,58.009
1570.2503085,6,384,38,13,553,63.0,3911.0
1570.2509305,3,1,1,0,1,45.0,0.0
1570.2513617,6,90,73,34,1160,74.0,18113.0
1570.2523815,3,32,7,2,105,54.0,285.711
1570.2530355,6,19,48,22,502,69.0,12543.0
1570.25305,1,6,37,13,240,63.0,5612.0
1570.2540165,3,1,2,0,26,49.0,27.161
1570.2547815,6,2,47,35,416,78.0,69656.0
1570.255431,1,157,41,17,350,68.0,9704.0
1570.256293,1,1,3,1,67,49.0,90.531
1570.2572265,6,156,159,66,2352,70.0,28944.0
1570.2589125,3,1,2,0,1,45.0,0.0
1570.258951,2,1,1,0,1,50.0,0.0
1570.2594225,3,17,7,2,99,52.0,277.402
1570.2600245,3,1,3,0,12,50.0,50.495
1570.2610685,6,94,186,65,3118,71.0,15795.0
1570.2614125,3,1,11,3,162,52.0,373.5
1570.262094,1,3,5,0,78,48.0,90.143
1570.2621635,3,1,1,0,1,45.0,0.0
1570.2639985,3,1,5,0,42,48.0,67.691
1570.2646905,6,947,106,40,2300,69.0,8838.0
1570.2651965,3,2,1,0,3,52.0,21.965
1570.265788,1,2,2,0,3,47.0,8.872
1570.266883,1,1,6,0,41,49.0,84.372
1570.2669025,3,1,3,0,46,53.0,83.763
1570.267888,1,133,106,65,1004,78.0,82268.0
1570.2679085,3,126,72,53,1140,71.0,35393.0
1570.267926,2,102,87,62,901,72.0,51456.0
1570.268005,5,22,95,45,850,70.0,27688.0
1570.2681558,6,444,90,48,942,72.0,28345.0
1570.2696275,6,750,87,38,1318,68.0,13338.0
1570.2699545,3,1,3,1,134,47.0,85.114
1570.2715045,6,818,353,174,5202,85.0,198788.0
1570.2715905,3,1,13,5,541,51.0,481.992
1570.2726635,3,195,10,3,263,53.0,315.869
1570.2739905,3,1,5,1,95,49.0,111.6
1570.2746665,3,48,4,0,49,51.0,115.74
1570.2764325,3,2,1,0,2,45.0,4.025
1570.2778305,6,1273,73,26,1418,67.0,6551.0
1570.2781565,3,1,2,0,1,46.0,0.0
1570.2788095,3,2,8,3,213,54.0,461.5
1570.279601,1,1,43,16,521,64.0,5067.0
1570.2796015,3,42,32,18,460,68.0,7586.0
1570.2797515,6,230,148,52,2701,64.0,9937.0
1570.281595,1,1,9,0,45,49.0,104.898
1570.2818795,3,1,7,2,150,52.0,269.668
1570.282562,5,474,56,27,774,71.0,15676.0
1570.2828165,3,238,45,28,590,70.0,20401.0
1570.282822,2,211,49,35,517,71.0,26669.0
1570.282946,1,126,58,31,485,70.0,20311.0
1570.2829645,6,59,107,80,1224,82.0,120223.0
1570.283012,4,4,25,6,173,63.0,2252.0
1570.2839067,3,2,9,3,277,52.0,337.633
1570.2850435,6,1,22,6,302,62.0,1147.0
1570.2851795,3,1,1,0,1,45.0,0.0
1570.285191,1,1,2,0,1,46.0,0.0
1570.2858265,3,200,17,7,671,53.0,687.872
1570.2865995,6,1627,154,60,2033,71.0,23533.0
1570.2870205,3,1,6,2,186,50.0,202.419
1570.2877515,3,1,1,0,1,45.0,0.0
1570.2891585,6,356,62,26,851,67.0,10290.0
1570.2891925,3,2,2,0,10,46.0,20.555
1570.289511,1,4,48,16,511,64.0,5548.0
1570.2897085,3,1,9,2,204,51.0,273.404
1570.2905098,6,2,23,15,274,78.0,24409.0
1570.2905425,3,1,3,0,54,49.0,70.453
1570.290552,1,1,6,0,23,49.0,45.015
1570.291186,1,9,21,6,196,63.0,1884.0
1570.2912445,3,1,6,0,63,51.0,85.462
1570.2918565,3,1,12,3,229,51.0,303.755
1570.2919115,6,2093,331,292,4297,88.0,1049000.0
1570.293026,2,1,1,0,1,52.0,0.0
1570.2931075,3,1,1,0,1,45.0,0.0
1570.293633,5,385,78,73,1000,78.0,112394.0
1570.2937315,3,276,69,93,1114,81.0,212988.0
1570.293808,2,201,61,105,700,80.0,256801.0
1570.293991,4,18,28,14,298,66.0,5191.0
1570.2957545,3,1,8,1,90,51.0,211.027
1570.295786,2,1,3,0,1,52.0,0.0
1570.2965005,3,1,1,0,1,45.0,0.0
1570.296527,1,1,2,0,1,45.0,0.0
1570.2974665,3,1,2,0,1,45.0,0.0
1570.297831,2,1,2,0,1,51.0,0.0
1570.2987055,3,1,2,0,5,47.0,13.359
1570.298729,1,1,3,0,13,47.0,27.134
1570.2994845,6,407,63,20,1126,61.0,3325.0
1570.2998065,3,1,4,0,31,48.0,51.066
1570.3004385,3,1,2,0,18,46.0,22.755
1570.30045,2,1,1,0,1,50.0,0.0
1570.3009568,3,9,4,0,20,52.0,121.047
1570.3014945,3,2,1,0,6,48.0,19.302
1570.301575,1,1,1,0,1,45.0,0.0
1570.3024055,6,788,73,30,1038,77.0,17897.0
1570.3025665,3,1,2,0,1,45.0,0.0
1570.3031995,3,2,7,0,49,48.0,72.908
1570.3039185,3,1,3,1,80,50.0,88.545
1570.303933,1,1,3,0,73,46.0,72.415
1570.304729,1,28,46,17,504,65.0,6652.0
1570.3050315,6,664,263,115,3444,73.0,56372.0
1570.306602,5,623,71,22,985,68.0,5629.0
1570.306605,1,45,85,24,999,63.0,5129.0
1570.308121,5,3,16,5,86,66.0,2663.0
1570.3081555,3,170,6,1,182,49.0,147.64
1570.3088975,3,1,2,0,97,47.0,60.637
1570.3090025,6,513,131,45,1603,66.0,12975.0
1570.309464,5,18,42,16,326,70.0,9412.0
1570.3095018,1,7,85,30,926,67.0,12252.0
1570.310339,2,1,4,0,19,52.0,79.868
1570.3103515,3,1,6,2,121,54.0,290.532
1570.3109735,3,1,7,1,44,54.0,171.204
1570.3111465,6,1392,256,124,3848,75.0,77883.0
1570.3119175,3,2,9,2,240,51.0,285.58
1570.311955,2,1,6,0,1,52.0,0.0
1570.314932,1,1,2,0,1,46.0,0.0
1570.3153275,3,2,1,0,2,45.0,4.66
1570.3158525,3,1,4,0,17,47.0,48.151
1570.3168905,3,1,8,2,184,54.0,279.802
1570.316926,1,1,7,2,188,48.0,213.171
1570.3170815,6,3110,435,219,5591,82.0,177185.0
1570.317811,1,854,89,30,1096,63.0,8666.0
1570.3179955,3,1,9,1,76,54.0,236.359
1570.318536,2,12,50,25,361,67.0,13193.0
1570.3202537,3,1,27,14,261,70.0,8484.0
1570.3232475,6,100,61,28,636,70.0,14693.0
1570.323324,1,53,47,19,324,70.0,12023.0
1570.323337,5,35,35,11,291,66.0,3755.0
1570.3244565,6,212,165,84,2065,82.0,106336.0
1570.3259065,3,136,27,9,569,53.0,1042.0
1570.3271915,3,1,2,0,1,47.0,0.0
1570.3280415,3,1,10,3,256,52.0,343.636
1570.3282225,6,542,70,25,915,66.0,7540.0
1570.328941,1,1,23,7,190,64.0,2265.0
1570.3296905,3,1,1,0,1,46.0,0.0
1570.329707,1,1,1,0,1,47.0,0.0
1570.3302235,3,1,9,2,91,54.0,443.166
1570.3304485,6,2390,214,81,3257,72.0,29371.0
1570.330885,1,173,60,22,424,70.0,12885.0
1570.330886,2,180,44,22,447,68.0,9036.0
1570.3321965,3,1,3,0,1,49.0,0.0
1570.3340745,3,1,2,0,36,49.0,69.005
1570.334097,1,1,6,0,33,49.0,71.236
1570.3349875,6,22,34,15,248,70.0,9998.0
1570.3350915,3,1,4,0,37,53.0,120.661
1570.3357665,6,1458,566,253,8931,83.0,179404.0
1570.3368905,3,1,5,0,30,52.0,163.503
1570.3385465,3,1,1,0,1,45.0,0.0
1570.3390555,3,27,9,2,65,54.0,355.568
1570.3411875,3,1,1,0,1,45.0,0.0
1570.3433875,3,1,2,0,1,46.0,0.0
1570.343414,1,2,5,0,6,49.0,36.177
1570.3442995,3,2,10,3,175,52.0,373.022
1570.3449785,3,1,1,0,1,45.0,0.0
1570.3456355,3,1,7,2,126,53.0,252.516
1570.3465155,6,702,194,83,3165,71.0,30696.0
1570.3467135,3,2,3,0,39,49.0,70.841
1570.3472545,3,2,7,2,116,52.0,281.263
1570.3487245,3,1,6,1,58,52.0,159.189
1570.349353,1,1,10,1,138,49.0,172.681
1570.3494485,3,1,1,0,53,47.0,40.282
1570.3501807,6,1203,153,68,1988,77.0,38326.0
1570.3511085,3,2,3,0,34,48.0,53.896
1570.3516975,3,1,1,0,1,45.0,0.0
1570.3528075,6,1131,144,61,2434,77.0,37463.0
1570.3531025,3,1,2,0,17,51.0,40.904
1570.3537505,3,2,20,5,291,54.0,826.997
1570.3557945,6,680,108,36,1571,63.0,8033.0
1570.3558155,3,1,5,3,329,49.0,197.365
1570.356091,1,1,1,0,1,45.0,0.0
1570.3568715,3,1,9,3,211,52.0,312.504
1570.357863,1,1,1,0,1,45.0,0.0
1570.3579085,6,736,263,120,3397,82.0,105959.0
1570.358665,1,65,46,11,246,64.0,3786.0
1570.359609,1,1,1,0,1,47.0,0.0
1570.360235,1,584,68,22,998,67.0,5104.0
1570.3603045,3,1,32,10,643,54.0,1301.0
1570.3618715,6,1661,142,58,2319,69.0,18744.0
1570.3620885,3,14,9,2,119,54.0,381.914
1570.36216,2,1,2,0,1,51.0,0.0
1570.362955,1,2,4,0,3,49.0,9.546
1570.3632655,3,1,4,0,24,52.0,75.397
1570.3639515,3,1,1,0,1,47.0,0.0
1570.364471,1,14,174,59,2275,63.0,14874.0
1570.3646915,6,2322,272,182,3254,85.0,317815.0
1570.366999,2,34,39,28,267,72.0,24765.0
1570.367795,2,1,2,0,17,52.0,65.243
1570.3684535,6,213,492,209,7815,75.0,93275.0
1570.3697195,3,1,7,0,36,51.0,108.582
1570.369733,2,1,1,0,1,51.0,0.0
1570.371419,1,1,2,0,1,48.0,0.0
1570.371616,5,220,72,30,641,70.0,19286.0
1570.3719198,1,4,47,13,353,63.0,4319.0
1570.3728785,3,1,2,0,1,47.0,0.0
1570.3734645,3,1,12,3,236,52.0,311.787
1570.3742155,3,1,1,0,1,45.0,0.0
1570.3749695,3,1,6,1,133,49.0,180.222
1570.3767715,3,1,8,2,238,51.0,245.765
1570.3768175,6,569,81,35,962,71.0,18886.0
1570.3782865,6,197,119,54,1560,73.0,26819.0
1570.378453,1,38,78,25,739,69.0,10073.0
1570.378469,5,262,65,21,716,67.0,7523.0
1570.378473,2,19,39,20,357,67.0,9450.0
1570.379841,1,1,1,0,1,49.0,0.0
1570.3798655,3,1,1,0,1,45.0,0.0
1570.3804265,6,2731,253,142,3141,82.0,149320.0
1570.3809,1,228,107,40,1058,72.0,21847.0
1570.3811095,3,35,55,27,815,67.0,10888.0
1570.3825595,3,1,9,2,168,49.0,195.884
1570.3832425,3,1,2,0,4,47.0,9.275
1570.383286,1,1,6,2,164,47.0,149.173
1570.3841175,6,6826,847,519,10719,91.0,1026000.0
1570.3842855,3,25,11,3,128,54.0,556.522
1570.3848997,1,18,48,20,330,66.0,10356.0
1570.385736,1,59,44,19,280,69.0,11595.0
1570.385748,2,29,32,18,228,67.0,10887.0
1570.3857498,5,12,47,24,660,70.0,14551.0
1570.386875,1,196,76,24,776,63.0,8052.0
1570.38689,2,203,46,25,489,67.0,10958.0
1570.3892035,3,2,5,0,23,49.0,72.797
1570.3897785,3,1,2,0,1,45.0,0.0
1570.390122,2,1,2,0,1,51.0,0.0
1570.390813,1,1040,165,84,1865,76.0,75383.0
1570.3909725,3,885,99,55,1226,72.0,35891.0
1570.3919158,5,22,40,14,305,66.0,6851.0
1570.3919297,2,10,29,15,229,67.0,9220.0
1570.3927675,3,1,1,0,1,45.0,0.0
1570.394055,2,19,33,14,226,67.0,6127.0
1570.3941978,3,1,22,7,484,53.0,810.131
1570.3953368,6,401,57,23,664,71.0,10633.0
1570.396149,1,1,1,0,1,45.0,0.0
1570.3963775,3,1,1,0,1,45.0,0.0
1570.3966425,6,2176,214,72,3093,65.0,15006.0
1570.396862,1,1,7,0,4,47.0,7.111
1570.3968845,3,1,10,3,281,50.0,269.077
1570.397704,1,1,3,0,1,48.0,0.0
1570.3979975,3,1,2,0,4,49.0,14.813
1570.3987305,3,1,6,1,136,52.0,192.281
1570.398826,1,1,3,0,1,48.0,0.0
1570.4000655,3,1,1,0,4,47.0,10.405
1570.4002675,6,724,214,95,2896,75.0,44169.0
1570.4016218,3,1,11,3,155,54.0,438.031
1570.401987,1,1,10,1,141,49.0,156.467
1570.4024695,3,1,4,0,34,51.0,130.374
1570.4036835,3,1,5,2,308,47.0,189.214
1570.4037435,6,611,66,20,813,64.0,5573.0
1570.404016,2,1,2,0,1,51.0,0.0
1570.4050568,6,1823,546,256,6837,78.0,169360.0
1570.405569,1,41,36,11,273,63.0,3638.0
1570.40656,1,359,89,32,605,69.0,15533.0
1570.4065615,3,331,81,44,1510,70.0,18921.0
1570.408563,1,1,4,0,91,48.0,62.561
1570.4089275,3,1,6,2,275,46.0,181.405
1570.4098835,3,1,8,2,120,53.0,303.996
1570.4105105,3,1,5,2,221,49.0,170.75
1570.4114775,3,1,5,1,74,50.0,125.88
1570.411485,1,1,9,1,65,48.0,97.53
1570.412192,5,335,77,32,825,68.0,17813.0
1570.412236,1,484,83,37,850,70.0,20287.0
1570.4122375,3,2,12,1,64,53.0,260.702
1570.4123938,6,115,244,120,3217,76.0,83294.0
1570.4128035,3,15,14,4,277,54.0,561.172
1570.4135905,3,1,5,0,39,48.0,60.12
1570.4141625,3,1,1,0,1,45.0,0.0
1570.414164,2,1,2,0,1,50.0,0.0
1570.4146655,3,2,6,0,31,51.0,89.696
1570.4152125,3,1,1,0,1,45.0,0.0
1570.415353,1,1,1,0,1,45.0,0.0
1570.416735,2,1,3,0,1,51.0,0.0
1570.4167945,3,2,4,0,20,51.0,103.911
1570.4173535,3,1,4,0,10,46.0,19.319
1570.4175025,6,992,104,36,1742,67.0,8744.0
1570.417647,2,1,1,0,1,50.0,0.0
1570.4183745,3,1,3,1,166,48.0,82.717
1570.4197515,6,1956,292,130,3839,73.0,65860.0
1570.4206258,3,1,6,1,121,52.0,178.555
1570.4215395,3,172,50,24,728,69.0,9209.0
1570.421552,1,186,81,25,715,67.0,8598.0
1570.421568,2,123,41,20,287,67.0,10624.0
1570.423134,1,1,1,0,1,45.0,0.0
1570.4234005,3,1,1,0,1,46.0,0.0
1570.4242485,6,2082,182,76,2816,72.0,30450.0
1570.4253705,3,1,1,0,1,45.0,0.0
1570.425379,1,1,8,0,11,48.0,26.206
1570.4275648,6,7775,965,423,13599,84.0,318840.0
1570.4283665,3,2,17,5,373,53.0,625.604
1570.4292535,3,2,9,2,140,53.0,297.64
1570.429872,1,42,53,15,482,63.0,4310.0
1570.432206,1,1,1,0,1,45.0,0.0
1570.435339,5,30,54,28,372,72.0,26562.0
1570.4353618,3,2,28,14,461,67.0,6349.0
1570.4369625,3,1,6,2,225,48.0,188.936
1570.437768,1,1,26,8,183,63.0,2732.0
1570.4377755,3,1,9,1,92,52.0,251.391
1570.4386375,3,8,11,3,196,50.0,345.593
1570.4398235,3,1,3,0,1,47.0,0.0
1570.439887,1,1,2,0,1,46.0,0.0
1570.4403865,3,1,8,4,398,50.0,338.077
1570.440444,1,1,5,0,1,49.0,0.0
1570.4416765,6,231,31,9,465,62.0,1768.0
1570.4419655,3,1,1,0,1,45.0,0.0
1570.4424675,3,1,11,2,208,49.0,272.105
1570.4426417,6,9873,1529,771,18470,89.0,1065000.0
1570.4447688,1,7,49,16,594,65.0,4393.0
1570.4460335,3,1,17,5,368,53.0,662.847
1570.4473005,3,1,9,1,102,51.0,190.935
1570.447351,1,1,12,3,307,49.0,333.817
1570.4499285,3,1,10,3,212,50.0,310.713
1570.4507345,3,1,11,3,327,49.0,303.374
1570.4527505,3,1,3,0,39,48.0,40.055
1570.452772,1,1,6,0,10,48.0,22.138
1570.453417,1,1,2,0,49,48.0,41.688
1570.4534335,3,1,2,0,8,49.0,25.178
1570.4540915,3,1,15,8,707,51.0,645.252
1570.454751,2,1,1,0,1,50.0,0.0
1570.455258,1,1,2,0,1,48.0,0.0
1570.457518,5,6,119,54,928,69.0,30985.0
1570.4575225,3,31,83,70,878,72.0,55372.0
1570.457531,2,381,104,65,800,71.0,41479.0
1570.4578007,1,130,78,33,589,70.0,17104.0
1570.4596555,3,1,2,0,1,48.0,0.0
1570.459761,1,1,4,1,133,49.0,138.5
1570.4601715,3,1,4,0,25,51.0,45.562
1570.4616195,6,1779,383,156,4109,78.0,86893.0
1570.4616495,3,2,2,0,5,47.0,19.276
1570.463155,2,1,3,0,1,51.0,0.0
1570.4648575,3,1,23,8,634,54.0,829.291
1570.4662335,6,33080,10880,51815,350000,99.0,219910000.0
1570.46825,5,1585,396,276,3607,88.0,791960.0
1570.468263,1,1597,435,332,4194,87.0,766374.0
1570.46827,2,1572,360,396,3411,89.0,1208000.0
1570.4682865,3,1587,307,390,4069,91.0,1360000.0
1570.4696738,4,154,64,86,1016,74.0,79112.0
1570.472378,2,1,1,0,1,50.0,0.0
1570.4728565,3,1,5,1,94,48.0,94.901
1570.47289,2,1,3,0,1,52.0,0.0
1570.473103,5,161,192,68,2213,70.0,24330.0
1570.473155,1,158,171,61,1520,67.0,23741.0
1570.4750978,3,2,7,2,134,51.0,215.047
1570.475965,1,1,35,10,288,65.0,3210.0
1570.4767005,3,1,2,0,6,46.0,8.46
1570.4772125,3,1,25,9,628,54.0,1042.0
1570.477833,2,1,2,0,1,51.0,0.0
1570.4783445,3,1,10,2,143,52.0,344.036
1570.4789758,1,1039,116,52,1301,69.0,28049.0
1570.4790115,3,248,43,34,782,73.0,24979.0
1570.479676,2,1,1,0,1,50.0,0.0
1570.4803065,3,1,6,2,244,48.0,203.292
1570.48078,5,1055,186,69,2123,68.0,24516.0
1570.480783,2,1033,125,72,1442,71.0,36745.0
1570.480785,1,1079,174,61,1573,69.0,24500.0
1570.4812105,3,625,90,64,1214,76.0,62243.0
1570.4829355,3,1,3,0,8,46.0,10.815
1570.483435,1,193,631,253,6482,73.0,131918.0
1570.483502,5,79,385,170,3310,77.0,117911.0
1570.483551,2,26,274,185,2359,76.0,155410.0
1570.483553,4,58,28,9,218,62.0,3613.0
1570.4835565,3,25,434,260,6218,76.0,159314.0
1570.4921325,3,244,123,96,1942,75.0,85035.0
1570.49214,1,261,180,107,1487,78.0,116244.0
1570.492171,2,201,131,104,1060,76.0,112735.0
1570.492336,4,9,39,14,420,65.0,5031.0
1570.4923508,5,24,112,66,826,73.0,57461.0
1570.494342,4,66,32,30,576,63.0,11475.0
1570.494343,1,39,225,143,2050,79.0,175884.0
1570.494347,2,61,131,127,1300,80.0,173013.0
1570.4944037,5,40,219,95,1953,71.0,52595.0
1570.4945748,3,62,152,87,2137,69.0,37858.0
1570.496893,1,1,3,0,1,47.0,0.0
1570.497199,2,123,95,55,906,67.0,29013.0
1570.497201,5,243,114,52,743,73.0,43692.0
1570.4972117,3,15,77,37,746,67.0,15473.0
1570.497395,1,84,91,34,642,67.0,16842.0
1570.4984655,3,1044,161,161,1877,84.0,398438.0
1570.498479,5,1042,228,176,1773,83.0,361499.0
1570.498542,1,985,220,152,1777,80.0,247288.0
1570.498623,2,69,61,43,512,71.0,41555.0
1570.498635,4,22,23,9,196,63.0,3252.0
1570.499485,4,11,36,24,580,68.0,11350.0
1570.4996348,2,80,78,51,612,71.0,39878.0
1570.5008427,3,1,9,2,221,51.0,275.78
1570.5017175,3,464,136,78,1704,69.0,32990.0
1570.501719,5,1507,197,68,1747,68.0,24718.0
1570.502058,1,1191,188,74,1430,66.0,30828.0
1570.502115,2,1140,152,86,1404,68.0,44058.0
1570.506416,5,3850,1846,865,16341,84.0,774371.0
1570.5064777,3,1148,1289,976,15465,82.0,1220000.0
1570.5064917,1,3802,1722,881,15442,81.0,879502.0
1570.5067,2,939,649,530,5986,82.0,743354.0
1570.5077337,4,31,42,45,738,69.0,22291.0
1570.509826,4,10,16,6,167,62.0,1795.0
1570.515803,4,2,40,27,375,74.0,20559.0
1570.5159377,2,6,127,75,1166,76.0,58859.0
1570.517607,2,378,241,135,2566,74.0,75556.0
1570.52068,2,288,101,49,1015,68.0,19991.0
1570.5224328,1,1777,365,116,3672,67.0,34370.0
1570.5224428,3,10917,2406,1102,31566,77.0,450681.0
1570.526577,5,6771,1490,490,13099,74.0,181713.0
1570.526607,1,11919,1493,507,12935,71.0,183056.0
1570.528933,2,387,126,61,1539,67.0,18813.0
1570.530974,2,2377,410,222,4034,75.0,129585.0
1570.536588,2,1951,238,136,2341,73.0,77699.0
1570.540045,1,24844,16983,45665,350001,99.0,122728000.0
1570.540207,5,4205,624,245,5692,72.0,119244.0
1570.542653,2,1813,252,170,2499,72.0,112384.0
1570.546405,5,8849,1057,319,10799,66.0,75821.0
1570.554471,2,746,199,112,2665,69.0,42696.0
1570.5545185,3,10355,2640,53508,350001,99.0,232011000.0
1570.5576357,2,620,107,70,1027,73.0,55550.0
1570.557711,5,9232,5004,2929,40707,90.0,5849000.0
1570.559165,2,3692,602,396,6143,83.0,499846.0
1570.562795,4,26,30,17,267,71.0,10607.0
1570.565728,4,634,46,17,731,62.0,3617.0
1570.56581,2,1095,2247,2622,20102,96.0,12288000.0
1570.5669587,4,31,199,241,2793,78.0,308106.0
1570.571904,4,1236,120,40,1488,63.0,7898.0
1570.586421,2,5503,1143,707,11495,77.0,482769.0
1570.590964,4,126,29,11,329,65.0,4357.0
1570.591846,4,12,24,10,173,71.0,6102.0
1570.599601,5,20048,19879,44517,350000,99.0,101250000.0
1570.600313,2,715,164,84,1472,69.0,36088.0
1570.602302,2,59,291,252,3285,84.0,485897.0
1570.606094,2,12294,3130,2154,28188,83.0,2384000.0
1570.609246,4,18,42,32,376,75.0,34526.0
1570.618332,4,49,61,39,771,70.0,22202.0
1570.6208698,4,1528,178,87,2697,71.0,37031.0
1570.628022,4,17,76,25,736,63.0,6721.0
1570.634794,2,6264,1225,805,11070,85.0,1021000.0
1570.640856,4,197,61,31,720,68.0,13421.0
1570.648755,2,47185,17553,65535,350001,99.0,302806000.0
1570.657391,4,170,31,11,453,65.0,2988.0
1570.66218,4,868,78,26,1181,64.0,4721.0
1570.669258,4,379,40,16,719,62.0,3506.0
1570.675205,4,2,68,24,706,63.0,6016.0
1570.680503,4,4,20,7,145,62.0,2463.0
1570.692024,4,71,51,18,540,62.0,4792.0
1570.697445,4,2,35,15,381,63.0,4500.0
1570.700164,4,206,43,31,652,67.0,15876.0
1570.713396,4,747,63,36,1052,66.0,11692.0
1570.715,4,246,50,17,697,62.0,3642.0
1570.7185018,4,252,42,16,458,64.0,5003.0
1570.71976,4,148,60,23,864,62.0,5586.0
1570.729651,4,28,28,10,257,62.0,3305.0
1570.739173,4,2,130,40,1478,62.0,8039.0
1570.742417,4,836,92,43,1133,65.0,16174.0
1570.744051,4,106,31,11,474,63.0,3070.0
1570.749768,4,990,90,32,1201,66.0,8785.0
1570.75512,4,279,78,27,1148,62.0,5308.0
1570.75677,4,1362,129,53,1744,67.0,16442.0
1570.759162,4,718,104,36,1037,68.0,12787.0
1570.760916,4,547,2415,1517,28485,87.0,2159000.0
1570.7982347,4,1090,380,154,4736,66.0,43164.0
1570.803471,4,2293,422,152,6235,65.0,28806.0
1570.8113,4,312,75,27,842,62.0,6080.0
1570.812663,4,769,136,79,1883,77.0,72138.0
1570.815672,4,67,435,154,5961,64.0,30930.0
1570.8165348,6,22097,28668,38443,349996,96.0,90454000.0
1570.822158,4,8820,19630,11778,189138,88.0,10168000.0
1570.8903458,1,29041,13821,65535,350001,98.0,216425000.0
1570.9048197,3,28034,5910,65535,350001,99.0,1659000000.0
1570.9499018,5,59867,13732,50175,334007,99.0,218615000.0
1570.9990558,2,14371,10855,65535,281285,99.0,2124000000.0
1571.011833,4,5562,786,318,9875,72.0,94912.0
1571.02221,4,787,121,48,1512,63.0,12053.0
1571.024306,4,742,90,29,923,62.0,6653.0
1571.025734,4,24246,6269,2735,80198,75.0,894733.0
1571.106449,4,6841,1854,881,24711,78.0,447435.0
1571.132291,4,2103,186,65,2579,65.0,13400.0
1571.135428,4,921,404,165,5780,68.0,43784.0
1571.143534,4,2247,192,70,2636,64.0,13448.0
1571.14667,4,19511,1645,717,21475,78.0,252865.0
1571.1668365,6,39812,7708,15615,113523,99.0,114933000.0
1571.168676,4,6499,777,395,11045,83.0,276784.0
1571.18092,4,25179,9842,11598,99420,97.0,40609000.0
1571.2406458,1,31313,4345,27180,43196,99.0,411300000.0
1571.2551215,3,17302,1948,39570,28745,99.0,924974000.0
1571.2808398,2,70,92,877,3169,89.0,5264000.0
1571.284711,2,1,1,0,1,50.0,0.0
1571.2847505,6,4,5,1,35,62.0,789.071
1571.2850925,3,1,3,0,27,54.0,113.979
1571.285094,1,1,2,0,1,48.0,0.0
1571.285595,1,1,4,0,1,48.0,0.0
1571.285975,5,160,74,113,2217,70.0,57417.0
1571.2859795,6,68,32,28,715,66.0,11001.0
1571.2860835,3,1,4,1,122,46.0,134.563
1571.286234,1,1,2,0,1,48.0,0.0
1571.2873895,6,1,1,0,1,46.0,0.0
1571.2879745,3,1,3,0,1,50.0,0.0
1571.2884675,6,522,51,43,1496,63.0,10192.0
1571.288641,1,2,2,0,2,47.0,5.921
1571.290045,1,1,1,0,1,46.0,0.0
1571.2915815,3,1,3,1,106,47.0,78.942
1571.2923145,3,2,2,0,9,47.0,17.593
1571.293757,1,1,2,0,40,47.0,41.254
1571.2938635,3,4,3,1,198,47.0,135.334
1571.294235,2,1,4,2,104,52.0,234.059
1571.300009,1,1,2,0,6,48.0,18.081
1571.3000945,3,1,2,0,1,49.0,0.0
1571.3023535,3,1,30,9,526,54.0,1198.0
1571.3039765,3,30,9,5,179,54.0,871.147
1571.3063465,3,1,3,0,48,47.0,30.838
1571.306418,1,1,2,0,1,45.0,0.0
1571.306566,2,1,2,0,1,51.0,0.0
1571.3101875,3,7,3,1,56,50.0,131.143
1571.3108905,3,72,60,329,2330,81.0,672786.0
1571.310921,2,315,25,348,1371,78.0,791926.0
1571.310936,1,173,36,41,981,64.0,12274.0
1571.3123175,6,1,2,0,1,45.0,0.0
1571.312427,1,2,2,0,42,49.0,66.027
1571.312836,2,2,4,1,75,52.0,260.228
1571.313755,2,212,30,572,980,87.0,3777000.0
1571.313787,1,239,30,63,779,68.0,40387.0
1571.3137885,3,214,48,274,2180,79.0,549741.0
1571.315685,1,1,1,0,1,45.0,0.0
1571.320471,2,1,4,0,1,52.0,0.0
1571.321604,2,183,3,4,185,52.0,720.857
1571.323917,1,1,2,0,1,48.0,0.0
1571.331735,1,2,3,1,80,48.0,131.856
1571.3372315,3,2,1,0,41,47.0,62.208
1571.337316,1,2,1,0,4,46.0,12.858
1571.3384325,6,1,2,0,27,51.0,54.998
1571.342581,1,1,3,1,141,47.0,124.709
1571.3427645,3,1,2,1,176,49.0,83.178
1571.344772,1,9,5,3,178,53.0,430.817
1571.347136,5,2,5,0,3,49.0,9.141
1571.348539,5,37,55,176,1246,76.0,241797.0
1571.34859,1,46,7,14,331,60.0,4241.0
1571.350918,5,1,2,0,1,47.0,0.0
1571.3509955,3,2,1,0,3,45.0,7.107
1571.351093,1,1,6,3,248,51.0,373.039
1571.3521965,6,43,4,4,147,55.0,784.893
1571.352198,5,61,21,12,657,54.0,1491.0
1571.352209,4,9,6,2,129,52.0,313.379
1571.352248,2,3,7,5,154,54.0,959.653
1571.352262,1,67,3,1,71,49.0,164.11
1571.3522715,3,104,6,2,114,47.0,222.081
1571.355741,5,1,2,0,1,48.0,0.0
1571.357174,2,2,4,1,35,54.0,193.138
1571.357476,5,2,2,0,3,45.0,6.483
1571.358158,1,1,5,1,58,54.0,175.405
1571.358828,5,2,3,0,36,50.0,78.923
1571.3589245,3,1,1,0,1,45.0,0.0
1571.3614795,6,1,1,0,1,45.0,0.0
1571.36256,2,7,5,3,112,57.0,663.205
1571.3632125,6,1,1,0,1,45.0,0.0
1571.368208,1,2,3,0,14,53.0,46.96
1571.3687085,3,100,11,5,229,52.0,786.904
1571.3694525,3,30,16,36,726,63.0,14117.0
1571.369477,2,93,14,35,678,62.0,11727.0
1571.36951,1,82,7,4,288,50.0,406.67
1571.3700005,6,306,8,18,928,50.0,2047.0
1571.370306,1,1,1,0,6,47.0,17.903
1571.370933,1,56,3,0,60,47.0,91.516
1571.3717375,6,2,1,0,2,45.0,3.132
1571.371828,2,2,2,6,184,54.0,1019.0
1571.372318,1,1,1,0,1,45.0,0.0
1571.372948,1,1,1,0,1,45.0,0.0
1571.3750755,3,1,1,0,1,45.0,0.0
1571.3756175,3,2,2,0,9,49.0,35.702
1571.380822,2,1,3,0,10,57.0,203.634
1571.381351,5,1,1,0,1,45.0,0.0
1571.381968,5,1,1,0,1,46.0,0.0
1571.397383,1,1,1,0,1,45.0,0.0
1571.399534,2,20,5,2,56,58.0,560.82
1571.403958,1,70,11,8,352,54.0,1133.0
1571.407295,5,3,3,0,43,50.0,109.935
1571.417265,1,92,22,14,383,55.0,3095.0
1571.428281,1,2,5,0,45,52.0,116.776
1571.438927,1,1,4,0,50,48.0,84.02
1571.45389,1,35,16,23,687,61.0,5052.0
1571.4539315,6,52,3,1,57,48.0,152.474
1571.4539415,3,67,6,3,151,51.0,451.958
1571.454009,2,87,5,3,89,55.0,859.755
1571.464521,4,2,1,0,3,47.0,9.453
1571.468482,1,2,7,2,70,55.0,584.94
1571.477641,2,1,6,3,72,59.0,1125.0
1571.505014,1,1,2,0,21,50.0,38.185
1571.50989,5,10,9,4,214,56.0,612.353
1571.511152,2,1,2,0,1,50.0,0.0
1571.516466,5,1,1,0,1,45.0,0.0
1571.5195135,6,35,7,5,203,57.0,1050.0
1571.5211765,3,47,4,1,58,50.0,161.187
1571.524086,5,13,11,2,45,58.0,863.475
1571.532205,5,2,5,0,12,48.0,20.831
1571.534218,1,1,2,0,10,46.0,17.356
1571.546793,5,48,18,7,226,60.0,2030.0
1571.5469495,3,58,2,0,60,47.0,89.247
1571.548186,1,1,4,1,50,52.0,140.054
1571.5515885,3,1,2,0,28,49.0,51.087
1571.5759555,3,1,1,0,12,45.0,24.335
1571.595537,4,1,3,0,17,50.0,46.624
1571.595543,5,1,2,0,1,45.0,0.0
1571.610286,2,26,5,2,72,53.0,443.185
1571.626475,1,53,15,5,168,59.0,1360.0
1571.637991,1,2,2,0,16,49.0,52.719
1572.1931165,3,1,1,0,1,45.0,0.0
1572.4708565,6,1,1,0,1,45.0,0.0
1572.475458,1,33,5,2,146,49.0,287.355
1572.664202,1,1,3,0,45,47.0,46.502
1572.6963995,3,1,2,0,31,50.0,57.882
1572.7154995,3,2,2,0,48,45.0,51.563
1572.808566,1,2,1,0,5,48.0,22.42
1573.1967735,3,1,3,0,18,52.0,64.645
1573.2320265,3,1,4,0,29,50.0,58.236
1573.263365,1,35,2,1,63,49.0,165.583
1573.5039385,3,2,2,0,2,46.0,13.351
1573.5077075,3,1,1,0,1,45.0,0.0
1573.66596,2,1,2,0,14,52.0,84.787
1574.281423,1,76,2,1,81,47.0,134.918
1574.5337395,3,2,1,0,3,48.0,15.741
1574.566428,1,1,8,2,71,59.0,783.529
1574.8172355,3,9,5,2,102,50.0,270.218
1574.826857,1,41,5,2,85,51.0,350.181
1575.479522,2,1,1,0,16,51.0,81.131
